Timestamp,Elapsed,ch0_setV,ch0_monV,ch0_setI,ch0_monI,ch0_status,ch1_setV,ch1_monV,ch1_setI,ch1_monI,ch1_status,ch2_setV,ch2_monV,ch2_setI,ch2_monI,ch2_status,ch3_setV,ch3_monV,ch3_setI,ch3_monI,ch3_status,ch4_setV,ch4_monV,ch4_setI,ch4_monI,ch4_status,ch5_setV,ch5_monV,ch5_setI,ch5_monI,ch5_status
2026-03-23 15:12:15,9.99,50.0,1.0,20.0,0.0,0,50.0,0.0,20.0,0.0,0,50.0,0.0,10.0,0.0,0,50.0,0.0,10.0,0.0,0,50.0,0.0,10.0,0.0,0,50.0,1.0,10.0,0.0,0
2026-03-23 15:12:16,11.44,50.0,1.0,20.0,0.0,0,50.0,0.0,20.0,0.0,0,50.0,0.0,10.0,0.0,0,50.0,0.0,10.0,0.0,0,50.0,0.0,10.0,0.0,0,50.0,1.0,10.0,0.0,0
2026-03-23 15:12:18,13.02,50.0,1.0,20.0,0.0,0,50.0,0.0,20.0,0.0,0,50.0,0.0,10.0,0.0,0,50.0,0.0,10.0,0.0,0,50.0,0.0,10.0,0.0,0,50.0,1.0,10.0,0.0,0
2026-03-23 15:12:20,14.59,50.0,1.0,20.0,0.0,0,50.0,0.0,20.0,0.0,0,50.0,0.0,10.0,0.0,0,50.0,0.0,10.0,0.0,0,50.0,0.0,10.0,0.0,0,50.0,1.0,10.0,0.0,0
2026-03-23 15:12:21,16.19,50.0,1.0,20.0,0.0,0,50.0,0.0,20.0,0.0,0,50.0,0.0,10.0,0.0,0,50.0,0.0,10.0,0.0,0,50.0,0.0,10.0,0.0,0,50.0,1.0,10.0,0.0,0
2026-03-23 15:12:23,17.75,50.0,1.0,20.0,0.0,0,50.0,0.0,20.0,0.0,0,50.0,0.0,10.0,0.0,0,50.0,0.0,10.0,0.0,0,50.0,0.0,10.0,0.0,0,50.0,1.0,10.0,0.0,0
2026-03-23 15:12:24,18.98,50.0,1.0,20.0,0.0,0,50.0,0.0,20.0,0.0,0,50.0,0.0,10.0,0.0,0,50.0,0.0,10.0,0.0,0,50.0,0.0,10.0,0.0,0,50.0,1.0,10.0,0.0,0
2026-03-23 15:12:25,20.11,50.0,1.0,20.0,0.0,0,50.0,0.0,20.0,0.0,0,50.0,0.0,10.0,0.0,0,50.0,0.0,10.0,0.0,0,50.0,0.0,10.0,0.0,0,50.0,1.0,10.0,0.0,0
2026-03-23 15:12:26,21.23,50.0,1.0,20.0,0.0,0,50.0,0.0,20.0,0.0,0,50.0,0.0,10.0,0.0,0,50.0,0.0,10.0,0.0,0,50.0,0.0,10.0,0.0,0,50.0,1.0,10.0,0.0,0
2026-03-23 15:12:28,22.57,50.0,1.0,20.0,0.0,0,50.0,0.0,20.0,0.0,0,50.0,0.0,10.0,0.0,0,50.0,0.0,10.0,0.0,0,50.0,0.0,10.0,0.0,0,50.0,1.0,10.0,0.0,0
2026-03-23 15:12:29,23.83,50.0,1.0,20.0,0.0,0,50.0,0.0,20.0,0.0,0,50.0,0.0,10.0,0.0,0,50.0,0.0,10.0,0.0,0,50.0,0.0,10.0,0.0,0,50.0,1.0,10.0,0.0,0
2026-03-23 15:12:30,25.14,50.0,1.0,20.0,0.0,0,50.0,0.0,20.0,0.0,0,50.0,0.0,10.0,0.0,0,50.0,0.0,10.0,0.0,0,50.0,0.0,10.0,0.0,0,50.0,1.0,10.0,0.0,0
2026-03-23 15:12:31,26.53,50.0,1.0,20.0,0.0,0,50.0,0.0,20.0,0.0,0,50.0,0.0,10.0,0.0,0,50.0,0.0,10.0,0.0,0,50.0,0.0,10.0,0.0,0,50.0,1.0,10.0,0.0,0
2026-03-23 15:12:33,27.66,50.0,1.0,20.0,0.0,0,50.0,0.0,20.0,0.0,0,50.0,0.0,10.0,0.0,0,50.0,0.0,10.0,0.0,0,50.0,0.0,10.0,0.0,0,50.0,1.0,10.0,0.0,0
2026-03-23 15:12:34,29.35,50.0,1.0,20.0,0.0,0,50.0,0.0,20.0,0.0,0,50.0,0.0,10.0,0.0,0,50.0,0.0,10.0,0.0,0,50.0,0.0,10.0,0.0,0,50.0,1.0,10.0,0.0,0
2026-03-23 15:12:36,31.05,50.0,1.0,20.0,0.0,0,50.0,0.0,20.0,0.0,0,50.0,0.0,10.0,0.0,0,50.0,0.0,10.0,0.0,0,50.0,0.0,10.0,0.0,0,50.0,1.0,10.0,0.0,0
2026-03-23 15:12:37,32.41,50.0,1.0,20.0,0.0,0,50.0,0.0,20.0,0.0,0,50.0,0.0,10.0,0.0,0,50.0,0.0,10.0,0.0,0,50.0,0.0,10.0,0.0,0,50.0,1.0,10.0,0.0,0
2026-03-23 15:12:39,33.75,50.0,1.0,20.0,0.0,0,50.0,0.0,20.0,0.0,0,50.0,0.0,10.0,0.0,0,50.0,0.0,10.0,0.0,0,50.0,0.0,10.0,0.0,0,50.0,1.0,10.0,0.0,0
2026-03-23 15:12:40,34.97,50.0,1.0,20.0,0.0,0,50.0,0.0,20.0,0.0,0,50.0,0.0,10.0,0.0,0,50.0,0.0,10.0,0.0,0,50.0,0.0,10.0,0.0,0,50.0,1.0,10.0,0.0,0
2026-03-23 15:12:41,36.22,50.0,1.0,20.0,0.0,0,50.0,0.0,20.0,0.0,0,50.0,0.0,10.0,0.0,0,50.0,0.0,10.0,0.0,0,50.0,0.0,10.0,0.0,0,50.0,1.0,10.0,0.0,0
2026-03-23 15:12:43,37.66,50.0,1.0,20.0,0.0,0,50.0,0.0,20.0,0.0,0,50.0,0.0,10.0,0.0,0,50.0,0.0,10.0,0.0,0,50.0,0.0,10.0,0.0,0,50.0,1.0,10.0,0.0,0
2026-03-23 15:12:44,38.87,50.0,1.0,20.0,0.0,0,50.0,0.0,20.0,0.0,0,50.0,0.0,10.0,0.0,0,50.0,0.0,10.0,0.0,0,50.0,0.0,10.0,0.0,0,50.0,1.0,10.0,0.0,0
2026-03-23 15:12:45,40.23,50.0,1.0,20.0,0.0,0,50.0,0.0,20.0,0.0,0,50.0,0.0,10.0,0.0,0,50.0,0.0,10.0,0.0,0,50.0,0.0,10.0,0.0,0,50.0,1.0,10.0,0.0,0
2026-03-23 15:12:46,41.4,50.0,1.0,20.0,0.0,0,50.0,0.0,20.0,0.0,0,50.0,0.0,10.0,0.0,0,50.0,0.0,10.0,0.0,0,50.0,0.0,10.0,0.0,0,50.0,1.0,10.0,0.0,0
2026-03-23 15:12:48,42.72,50.0,1.0,20.0,0.0,0,50.0,0.0,20.0,0.0,0,50.0,0.0,10.0,0.0,0,50.0,0.0,10.0,0.0,0,50.0,0.0,10.0,0.0,0,50.0,1.0,10.0,0.0,0
2026-03-23 15:12:48,43.16,50.0,1.0,20.0,0.0,0,50.0,0.0,20.0,0.0,0,50.0,0.0,10.0,0.0,0,50.0,0.0,10.0,0.0,0,50.0,0.0,10.0,0.0,0,50.0,1.0,10.0,0.0,0
2026-03-23 15:12:49,43.98,0.0,1.0,20.0,0.0,1,0.0,0.0,20.0,0.0,1,0.0,0.0,10.0,0.0,1,0.0,0.0,10.0,0.0,1,0.0,0.0,10.0,0.0,1,0.0,1.0,10.0,0.0,1
2026-03-23 15:12:50,45.33,0.0,1.0,20.0,0.0,1,0.0,0.0,20.0,0.0,1,0.0,0.0,10.0,0.0,1,0.0,0.0,10.0,0.0,1,0.0,0.0,10.0,0.0,1,0.0,1.0,10.0,0.0,1
2026-03-23 15:12:52,46.7,0.0,1.0,20.0,0.0,1,0.0,0.0,20.0,0.0,1,0.0,0.0,10.0,0.0,1,0.0,0.0,10.0,0.0,1,0.0,0.0,10.0,0.0,1,0.0,1.0,10.0,0.0,1
2026-03-23 15:12:53,47.94,0.0,1.0,20.0,0.0,1,0.0,0.0,20.0,0.0,1,0.0,0.0,10.0,0.0,1,0.0,0.0,10.0,0.0,1,0.0,0.0,10.0,0.0,1,0.0,1.0,10.0,0.0,1
2026-03-23 15:12:54,49.34,0.0,1.0,20.0,0.0,1,0.0,0.0,20.0,0.0,1,0.0,0.0,10.0,0.0,1,0.0,0.0,10.0,0.0,1,0.0,0.0,10.0,0.0,1,0.0,1.0,10.0,0.0,1
2026-03-23 15:12:55,50.45,0.0,4.0,20.0,0.0,1,0.0,0.0,20.0,0.0,1,0.0,0.0,10.0,0.0,1,0.0,0.0,10.0,0.0,1,0.0,0.0,10.0,0.0,1,0.0,1.0,10.0,0.0,1
2026-03-23 15:12:57,51.87,0.0,4.0,20.0,0.0,1,0.0,0.0,20.0,0.0,1,0.0,2.0,10.0,0.0,1,0.0,1.0,10.0,0.0,1,0.0,0.0,10.0,0.0,1,0.0,2.0,10.0,0.0,1
2026-03-23 15:12:58,52.96,0.0,4.0,20.0,0.0,1,0.0,0.0,20.0,0.0,1,0.0,2.0,10.0,0.0,1,0.0,1.0,10.0,0.0,1,0.0,0.0,10.0,0.0,1,0.0,2.0,10.0,0.0,1
2026-03-23 15:12:59,54.09,0.0,4.0,20.0,0.0,1,0.0,0.0,20.0,0.0,1,0.0,2.0,10.0,0.0,1,0.0,1.0,10.0,0.0,1,0.0,0.0,10.0,0.0,1,0.0,2.0,10.0,0.0,1
2026-03-23 15:13:00,55.37,0.0,4.0,20.0,0.0,1,0.0,0.0,20.0,0.0,1,0.0,2.0,10.0,0.0,1,0.0,1.0,10.0,0.0,1,0.0,0.0,10.0,0.0,1,0.0,2.0,10.0,0.0,1
2026-03-23 15:13:01,56.49,0.0,4.0,20.0,0.0,1,0.0,0.0,20.0,0.0,1,0.0,2.0,10.0,0.0,1,0.0,1.0,10.0,0.0,1,0.0,0.0,10.0,0.0,1,0.0,2.0,10.0,0.0,1
2026-03-23 15:13:03,57.9,0.0,4.0,20.0,0.0,1,0.0,0.0,20.0,0.0,1,0.0,2.0,10.0,0.0,1,0.0,1.0,10.0,0.0,1,0.0,0.0,10.0,0.0,1,0.0,2.0,10.0,0.0,1
2026-03-23 15:13:04,59.04,0.0,4.0,20.0,0.0,1,0.0,0.0,20.0,0.0,1,0.0,2.0,10.0,0.0,1,0.0,1.0,10.0,0.0,1,0.0,0.0,10.0,0.0,1,0.0,2.0,10.0,0.0,1
2026-03-23 15:13:05,59.59,0.0,4.0,20.0,0.0,1,0.0,0.0,20.0,0.0,1,0.0,2.0,10.0,0.0,1,0.0,1.0,10.0,0.0,1,0.0,0.0,10.0,0.0,1,0.0,2.0,10.0,0.0,1
2026-03-23 15:13:05,0.7,100.0,4.0,20.0,0.0,1,100.0,0.0,20.0,0.0,1,100.0,2.0,10.0,0.0,1,100.0,1.0,10.0,0.0,1,100.0,1.0,10.0,0.0,1,100.0,2.0,10.0,0.0,1
2026-03-23 15:13:07,2.02,100.0,11.0,20.0,0.0,1,100.0,7.0,20.0,0.0,1,100.0,9.0,10.0,0.0,1,100.0,8.0,10.0,0.0,1,100.0,7.0,10.0,0.0,1,100.0,8.0,10.0,0.0,1
2026-03-23 15:13:08,3.14,100.0,23.0,20.0,0.0,1,100.0,19.0,20.0,0.0,1,100.0,21.0,10.0,0.0,1,100.0,20.0,10.0,0.0,1,100.0,19.0,10.0,0.0,1,100.0,21.0,10.0,0.0,1
2026-03-23 15:13:09,4.65,100.0,35.0,20.0,0.0,1,100.0,32.0,20.0,0.0,1,100.0,34.0,10.0,0.0,1,100.0,32.0,10.0,0.0,1,100.0,31.0,10.0,0.0,1,100.0,33.0,10.0,0.0,1
2026-03-23 15:13:11,5.92,100.0,47.0,20.0,0.0,1,100.0,44.0,20.0,0.0,1,100.0,45.0,10.0,0.0,1,100.0,44.0,10.0,0.0,1,100.0,43.0,10.0,0.0,1,100.0,46.0,10.0,0.0,1
2026-03-23 15:13:12,7.02,100.0,60.0,20.0,0.0,1,100.0,56.0,20.0,0.0,1,100.0,59.0,10.0,0.0,1,100.0,56.0,10.0,0.0,1,100.0,57.0,10.0,0.0,1,100.0,58.0,10.0,0.0,1
2026-03-23 15:13:13,8.25,100.0,66.0,20.0,0.0,1,100.0,63.0,20.0,0.0,1,100.0,64.0,10.0,0.0,1,100.0,63.0,10.0,0.0,1,100.0,63.0,10.0,0.0,1,100.0,64.0,10.0,0.0,1
2026-03-23 15:13:14,9.34,100.0,85.0,20.0,0.0,1,100.0,81.0,20.0,0.0,1,100.0,83.0,10.0,0.0,1,100.0,82.0,10.0,0.0,1,100.0,82.0,10.0,0.0,1,100.0,83.0,10.0,0.0,1
2026-03-23 15:13:15,10.45,100.0,91.0,20.0,0.0,1,100.0,87.0,20.0,0.0,1,100.0,89.0,10.0,0.0,1,100.0,87.0,10.0,0.0,1,100.0,87.0,10.0,0.0,1,100.0,89.0,10.0,0.0,1
2026-03-23 15:13:16,11.55,100.0,102.0,20.0,0.0,1,100.0,99.0,20.0,0.0,1,100.0,100.0,10.0,0.0,1,100.0,98.0,10.0,0.0,1,100.0,99.0,10.0,0.0,1,100.0,101.0,10.0,0.0,1
2026-03-23 15:13:18,12.91,100.0,103.0,20.0,0.0,1,100.0,100.0,20.0,0.0,1,100.0,102.0,10.0,0.0,1,100.0,101.0,10.0,0.0,1,100.0,101.0,10.0,0.0,1,100.0,103.0,10.0,0.0,1
2026-03-23 15:13:19,14.03,100.0,103.0,20.0,0.0,1,100.0,100.0,20.0,0.0,1,100.0,102.0,10.0,0.0,1,100.0,102.0,10.0,0.0,1,100.0,101.0,10.0,0.0,1,100.0,103.0,10.0,0.0,1
2026-03-23 15:13:20,15.16,100.0,103.0,20.0,0.0,1,100.0,100.0,20.0,0.0,1,100.0,102.0,10.0,0.0,1,100.0,102.0,10.0,0.0,1,100.0,101.0,10.0,0.0,1,100.0,103.0,10.0,0.0,1
2026-03-23 15:13:21,16.26,100.0,103.0,20.0,0.0,1,100.0,100.0,20.0,0.0,1,100.0,102.0,10.0,0.0,1,100.0,102.0,10.0,0.0,1,100.0,101.0,10.0,0.0,1,100.0,103.0,10.0,0.0,1
2026-03-23 15:13:22,17.73,100.0,103.0,20.0,0.0,1,100.0,100.0,20.0,0.0,1,100.0,102.0,10.0,0.0,1,100.0,101.0,10.0,0.0,1,100.0,101.0,10.0,0.0,1,100.0,103.0,10.0,0.0,1
2026-03-23 15:13:24,19.03,100.0,103.0,20.0,0.0,1,100.0,101.0,20.0,0.0,1,100.0,102.0,10.0,0.0,1,100.0,101.0,10.0,0.0,1,100.0,101.0,10.0,0.0,1,100.0,103.0,10.0,0.0,1
2026-03-23 15:13:25,20.19,100.0,103.0,20.0,0.0,1,100.0,101.0,20.0,0.0,1,100.0,102.0,10.0,0.0,1,100.0,102.0,10.0,0.0,1,100.0,101.0,10.0,0.0,1,100.0,103.0,10.0,0.0,1
2026-03-23 15:13:26,21.29,100.0,103.0,20.0,0.0,1,100.0,101.0,20.0,0.0,1,100.0,102.0,10.0,0.0,1,100.0,102.0,10.0,0.0,1,100.0,101.0,10.0,0.0,1,100.0,103.0,10.0,0.0,1
2026-03-23 15:13:27,22.44,100.0,103.0,20.0,0.0,1,100.0,101.0,20.0,0.0,1,100.0,102.0,10.0,0.0,1,100.0,102.0,10.0,0.0,1,100.0,101.0,10.0,0.0,1,100.0,103.0,10.0,0.0,1
2026-03-23 15:13:28,23.73,100.0,103.0,20.0,0.0,1,100.0,101.0,20.0,0.0,1,100.0,102.0,10.0,0.0,1,100.0,101.0,10.0,0.0,1,100.0,101.0,10.0,0.0,1,100.0,103.0,10.0,0.0,1
2026-03-23 15:13:29,24.82,100.0,103.0,20.0,0.0,1,100.0,101.0,20.0,0.0,1,100.0,102.0,10.0,0.0,1,100.0,101.0,10.0,0.0,1,100.0,101.0,10.0,0.0,1,100.0,103.0,10.0,0.0,1
2026-03-23 15:13:31,26.21,100.0,104.0,20.0,0.0,1,100.0,101.0,20.0,0.0,1,100.0,102.0,10.0,0.0,1,100.0,101.0,10.0,0.0,1,100.0,101.0,10.0,0.0,1,100.0,103.0,10.0,0.0,1
2026-03-23 15:13:32,27.59,100.0,104.0,20.0,0.0,1,100.0,101.0,20.0,0.0,1,100.0,102.0,10.0,0.0,1,100.0,101.0,10.0,0.0,1,100.0,101.0,10.0,0.0,1,100.0,103.0,10.0,0.0,1
2026-03-23 15:13:33,28.86,100.0,104.0,20.0,0.0,1,100.0,101.0,20.0,0.0,1,100.0,102.0,10.0,0.0,1,100.0,101.0,10.0,0.0,1,100.0,101.0,10.0,0.0,1,100.0,103.0,10.0,0.0,1
2026-03-23 15:13:35,30.7,100.0,104.0,20.0,0.0,1,100.0,101.0,20.0,0.0,1,100.0,102.0,10.0,0.0,1,100.0,101.0,10.0,0.0,1,100.0,101.0,10.0,0.0,1,100.0,103.0,10.0,0.0,1
2026-03-23 15:13:37,32.35,100.0,104.0,20.0,0.0,1,100.0,101.0,20.0,0.0,1,100.0,102.0,10.0,0.0,1,100.0,101.0,10.0,0.0,1,100.0,101.0,10.0,0.0,1,100.0,103.0,10.0,0.0,1
2026-03-23 15:13:39,34.13,100.0,104.0,20.0,0.0,1,100.0,101.0,20.0,0.0,1,100.0,102.0,10.0,0.0,1,100.0,101.0,10.0,0.0,1,100.0,101.0,10.0,0.0,1,100.0,103.0,10.0,0.0,1
2026-03-23 15:13:40,35.81,100.0,104.0,20.0,0.0,1,100.0,100.0,20.0,0.0,1,100.0,102.0,10.0,0.0,1,100.0,101.0,10.0,0.0,1,100.0,101.0,10.0,0.0,1,100.0,103.0,10.0,0.0,1
2026-03-23 15:13:42,37.32,100.0,104.0,20.0,0.0,1,100.0,101.0,20.0,0.0,1,100.0,102.0,10.0,0.0,1,100.0,101.0,10.0,0.0,1,100.0,101.0,10.0,0.0,1,100.0,103.0,10.0,0.0,1
2026-03-23 15:13:43,38.66,100.0,104.0,20.0,0.0,1,100.0,101.0,20.0,0.0,1,100.0,102.0,10.0,0.0,1,100.0,101.0,10.0,0.0,1,100.0,101.0,10.0,0.0,1,100.0,103.0,10.0,0.0,1
2026-03-23 15:13:44,39.79,100.0,104.0,20.0,0.0,1,100.0,101.0,20.0,0.0,1,100.0,102.0,10.0,0.0,1,100.0,101.0,10.0,0.0,1,100.0,101.0,10.0,0.0,1,100.0,104.0,10.0,0.0,1
2026-03-23 15:13:46,41.16,100.0,104.0,20.0,0.0,1,100.0,101.0,20.0,0.0,1,100.0,102.0,10.0,0.0,1,100.0,101.0,10.0,0.0,1,100.0,101.0,10.0,0.0,1,100.0,103.0,10.0,0.0,1
2026-03-23 15:13:47,42.6,100.0,104.0,20.0,0.0,1,100.0,101.0,20.0,0.0,1,100.0,102.0,10.0,0.0,1,100.0,101.0,10.0,0.0,1,100.0,101.0,10.0,0.0,1,100.0,103.0,10.0,0.0,1
2026-03-23 15:13:48,43.8,100.0,104.0,20.0,0.0,1,100.0,101.0,20.0,0.0,1,100.0,102.0,10.0,0.0,1,100.0,101.0,10.0,0.0,1,100.0,101.0,10.0,0.0,1,100.0,103.0,10.0,0.0,1
2026-03-23 15:13:50,45.32,100.0,104.0,20.0,0.0,1,100.0,101.0,20.0,0.0,1,100.0,102.0,10.0,0.0,1,100.0,101.0,10.0,0.0,1,100.0,101.0,10.0,0.0,1,100.0,103.0,10.0,0.0,1
2026-03-23 15:13:51,46.76,100.0,104.0,20.0,0.0,1,100.0,101.0,20.0,0.0,1,100.0,102.0,10.0,0.0,1,100.0,101.0,10.0,0.0,1,100.0,101.0,10.0,0.0,1,100.0,103.0,10.0,0.0,1
2026-03-23 15:13:53,48.14,100.0,104.0,20.0,0.0,1,100.0,101.0,20.0,0.0,1,100.0,102.0,10.0,0.0,1,100.0,101.0,10.0,0.0,1,100.0,101.0,10.0,0.0,1,100.0,103.0,10.0,0.0,1
2026-03-23 15:13:54,49.42,100.0,104.0,20.0,0.0,1,100.0,101.0,20.0,0.0,1,100.0,102.0,10.0,0.0,1,100.0,101.0,10.0,0.0,1,100.0,101.0,10.0,0.0,1,100.0,103.0,10.0,0.0,1
2026-03-23 15:13:55,50.86,100.0,104.0,20.0,0.0,1,100.0,101.0,20.0,0.0,1,100.0,102.0,10.0,0.0,1,100.0,101.0,10.0,0.0,1,100.0,101.0,10.0,0.0,1,100.0,103.0,10.0,0.0,1
2026-03-23 15:13:57,52.52,100.0,104.0,20.0,0.0,1,100.0,101.0,20.0,0.0,1,100.0,102.0,10.0,0.0,1,100.0,101.0,10.0,0.0,1,100.0,101.0,10.0,0.0,1,100.0,103.0,10.0,0.0,1
2026-03-23 15:13:58,53.81,100.0,104.0,20.0,0.0,1,100.0,101.0,20.0,0.0,1,100.0,102.0,10.0,0.0,1,100.0,101.0,10.0,0.0,1,100.0,101.0,10.0,0.0,1,100.0,103.0,10.0,0.0,1
2026-03-23 15:14:00,54.97,100.0,104.0,20.0,0.0,1,100.0,101.0,20.0,0.0,1,100.0,102.0,10.0,0.0,1,100.0,101.0,10.0,0.0,1,100.0,101.0,10.0,0.0,1,100.0,103.0,10.0,0.0,1
2026-03-23 15:14:01,56.58,100.0,104.0,20.0,0.0,1,100.0,101.0,20.0,0.0,1,100.0,102.0,10.0,0.0,1,100.0,101.0,10.0,0.0,1,100.0,101.0,10.0,0.0,1,100.0,103.0,10.0,0.0,1
2026-03-23 15:14:02,57.89,100.0,104.0,20.0,0.0,1,100.0,101.0,20.0,0.0,1,100.0,102.0,10.0,0.0,1,100.0,102.0,10.0,0.0,1,100.0,101.0,10.0,0.0,1,100.0,103.0,10.0,0.0,1
2026-03-23 15:14:04,59.26,100.0,104.0,20.0,0.0,1,100.0,101.0,20.0,0.0,1,100.0,102.0,10.0,0.0,1,100.0,102.0,10.0,0.0,1,100.0,101.0,10.0,0.0,1,100.0,103.0,10.0,0.0,1
2026-03-23 15:14:05,60.75,100.0,104.0,20.0,0.0,1,100.0,101.0,20.0,0.0,1,100.0,102.0,10.0,0.0,1,100.0,102.0,10.0,0.0,1,100.0,101.0,10.0,0.0,1,100.0,103.0,10.0,0.0,1
2026-03-23 15:14:07,62.01,100.0,104.0,20.0,0.0,1,100.0,101.0,20.0,0.0,1,100.0,102.0,10.0,0.0,1,100.0,101.0,10.0,0.0,1,100.0,101.0,10.0,0.0,1,100.0,103.0,10.0,0.0,1
2026-03-23 15:14:08,63.39,100.0,104.0,20.0,0.0,1,100.0,101.0,20.0,0.0,1,100.0,102.0,10.0,0.0,1,100.0,102.0,10.0,0.0,1,100.0,101.0,10.0,0.0,1,100.0,103.0,10.0,0.0,1
2026-03-23 15:14:10,65.12,100.0,104.0,20.0,0.0,1,100.0,101.0,20.0,0.0,1,100.0,102.0,10.0,0.0,1,100.0,102.0,10.0,0.0,1,100.0,101.0,10.0,0.0,1,100.0,103.0,10.0,0.0,1
2026-03-23 15:14:11,66.33,100.0,104.0,20.0,0.0,1,100.0,100.0,20.0,0.0,1,100.0,102.0,10.0,0.0,1,100.0,102.0,10.0,0.0,1,100.0,101.0,10.0,0.0,1,100.0,103.0,10.0,0.0,1
2026-03-23 15:14:12,67.48,100.0,104.0,20.0,0.0,1,100.0,100.0,20.0,0.0,1,100.0,102.0,10.0,0.0,1,100.0,102.0,10.0,0.0,1,100.0,101.0,10.0,0.0,1,100.0,103.0,10.0,0.0,1
2026-03-23 15:14:13,68.63,100.0,104.0,20.0,0.0,1,100.0,100.0,20.0,0.0,1,100.0,102.0,10.0,0.0,1,100.0,101.0,10.0,0.0,1,100.0,101.0,10.0,0.0,1,100.0,103.0,10.0,0.0,1
2026-03-23 15:14:15,70.01,100.0,104.0,20.0,0.0,1,100.0,101.0,20.0,0.0,1,100.0,102.0,10.0,0.0,1,100.0,101.0,10.0,0.0,1,100.0,101.0,10.0,0.0,1,100.0,103.0,10.0,0.0,1
2026-03-23 15:14:16,71.4,100.0,104.0,20.0,0.0,1,100.0,101.0,20.0,0.0,1,100.0,102.0,10.0,0.0,1,100.0,101.0,10.0,0.0,1,100.0,101.0,10.0,0.0,1,100.0,103.0,10.0,0.0,1
2026-03-23 15:14:18,72.96,100.0,104.0,20.0,0.0,1,100.0,101.0,20.0,0.0,1,100.0,102.0,10.0,0.0,1,100.0,101.0,10.0,0.0,1,100.0,101.0,10.0,0.0,1,100.0,103.0,10.0,0.0,1
2026-03-23 15:14:19,74.63,100.0,104.0,20.0,0.0,1,100.0,100.0,20.0,0.0,1,100.0,102.0,10.0,0.0,1,100.0,101.0,10.0,0.0,1,100.0,101.0,10.0,0.0,1,100.0,103.0,10.0,0.0,1
2026-03-23 15:14:21,75.89,100.0,104.0,20.0,0.0,1,100.0,100.0,20.0,0.0,1,100.0,102.0,10.0,0.0,1,100.0,102.0,10.0,0.0,1,100.0,101.0,10.0,0.0,1,100.0,103.0,10.0,0.0,1
2026-03-23 15:14:22,77.13,100.0,104.0,20.0,0.0,1,100.0,101.0,20.0,0.0,1,100.0,102.0,10.0,0.0,1,100.0,102.0,10.0,0.0,1,100.0,101.0,10.0,0.0,1,100.0,103.0,10.0,0.0,1
2026-03-23 15:14:22,77.8,100.0,104.0,20.0,0.0,1,100.0,101.0,20.0,0.0,1,100.0,102.0,10.0,0.0,1,100.0,102.0,10.0,0.0,1,100.0,101.0,10.0,0.0,1,100.0,103.0,10.0,0.0,1
2026-03-23 15:14:23,0.78,200.0,104.0,20.0,0.0,1,200.0,101.0,20.0,0.0,1,200.0,102.0,10.0,0.0,1,200.0,102.0,10.0,0.0,1,200.0,101.0,10.0,0.0,1,200.0,103.0,10.0,0.0,1
2026-03-23 15:14:25,2.11,200.0,112.0,20.0,0.0,1,200.0,109.0,20.0,0.0,1,200.0,109.0,10.0,0.0,1,200.0,108.0,10.0,0.0,1,200.0,109.0,10.0,0.0,1,200.0,110.0,10.0,0.0,1
2026-03-23 15:14:26,3.38,200.0,118.0,20.0,0.0,1,200.0,115.0,20.0,0.0,1,200.0,116.0,10.0,0.0,1,200.0,115.0,10.0,0.0,1,200.0,115.0,10.0,0.0,1,200.0,116.0,10.0,0.0,1
2026-03-23 15:14:27,4.64,200.0,137.0,20.0,0.0,1,200.0,134.0,20.0,0.0,1,200.0,135.0,10.0,0.0,1,200.0,133.0,10.0,0.0,1,200.0,133.0,10.0,0.0,1,200.0,135.0,10.0,0.0,1
2026-03-23 15:14:28,5.97,200.0,149.0,20.0,0.0,1,200.0,146.0,20.0,0.0,1,200.0,147.0,10.0,0.0,1,200.0,146.0,10.0,0.0,1,200.0,145.0,10.0,0.0,1,200.0,147.0,10.0,0.0,1
2026-03-23 15:14:30,7.08,200.0,162.0,20.0,0.0,1,200.0,158.0,20.0,0.0,1,200.0,159.0,10.0,0.0,1,200.0,158.0,10.0,0.0,1,200.0,158.0,10.0,0.0,1,200.0,160.0,10.0,0.0,1
2026-03-23 15:14:31,8.2,200.0,167.0,20.0,0.0,1,200.0,165.0,20.0,0.0,1,200.0,165.0,10.0,0.0,1,200.0,163.0,10.0,0.0,1,200.0,163.0,10.0,0.0,1,200.0,166.0,10.0,0.0,1
2026-03-23 15:14:32,9.37,200.0,179.0,20.0,0.0,1,200.0,176.0,20.0,0.0,1,200.0,177.0,10.0,0.0,1,200.0,176.0,10.0,0.0,1,200.0,176.0,10.0,0.0,1,200.0,179.0,10.0,0.0,1
2026-03-23 15:14:33,10.76,200.0,192.0,20.0,0.0,1,200.0,189.0,20.0,0.0,1,200.0,189.0,10.0,0.0,1,200.0,188.0,10.0,0.0,1,200.0,188.0,10.0,0.0,1,200.0,189.0,10.0,0.0,1
2026-03-23 15:14:34,12.04,200.0,203.0,20.0,0.0,1,200.0,200.0,20.0,0.0,1,200.0,201.0,10.0,0.0,1,200.0,199.0,10.0,0.0,1,200.0,199.0,10.0,0.0,1,200.0,203.0,10.0,0.0,1
2026-03-23 15:14:36,13.28,200.0,203.0,20.0,0.0,1,200.0,201.0,20.0,0.0,1,200.0,203.0,10.0,0.0,1,200.0,201.0,10.0,0.0,1,200.0,201.0,10.0,0.0,1,200.0,203.0,10.0,0.0,1
2026-03-23 15:14:37,14.43,200.0,204.0,20.0,0.0,1,200.0,200.0,20.0,0.0,1,200.0,202.0,10.0,0.0,1,200.0,201.0,10.0,0.0,1,200.0,201.0,10.0,0.0,1,200.0,204.0,10.0,0.0,1
2026-03-23 15:14:38,15.66,200.0,204.0,20.0,0.0,1,200.0,200.0,20.0,0.0,1,200.0,202.0,10.0,0.0,1,200.0,201.0,10.0,0.0,1,200.0,201.0,10.0,0.0,1,200.0,204.0,10.0,0.0,1
2026-03-23 15:14:39,16.85,200.0,204.0,20.0,0.0,1,200.0,200.0,20.0,0.0,1,200.0,203.0,10.0,0.0,1,200.0,201.0,10.0,0.0,1,200.0,201.0,10.0,0.0,1,200.0,203.0,10.0,0.0,1
2026-03-23 15:14:41,18.09,200.0,204.0,20.0,0.0,1,200.0,201.0,20.0,0.0,1,200.0,202.0,10.0,0.0,1,200.0,201.0,10.0,0.0,1,200.0,201.0,10.0,0.0,1,200.0,204.0,10.0,0.0,1
2026-03-23 15:14:42,19.25,200.0,204.0,20.0,0.0,1,200.0,201.0,20.0,0.0,1,200.0,203.0,10.0,0.0,1,200.0,201.0,10.0,0.0,1,200.0,201.0,10.0,0.0,1,200.0,203.0,10.0,0.0,1
2026-03-23 15:14:43,20.37,200.0,204.0,20.0,0.0,1,200.0,201.0,20.0,0.0,1,200.0,203.0,10.0,0.0,1,200.0,201.0,10.0,0.0,1,200.0,201.0,10.0,0.0,1,200.0,203.0,10.0,0.0,1
2026-03-23 15:14:44,21.54,200.0,204.0,20.0,0.0,1,200.0,202.0,20.0,0.0,1,200.0,203.0,10.0,0.0,1,200.0,201.0,10.0,0.0,1,200.0,201.0,10.0,0.0,1,200.0,204.0,10.0,0.0,1
2026-03-23 15:14:45,22.75,200.0,204.0,20.0,0.0,1,200.0,201.0,20.0,0.0,1,200.0,203.0,10.0,0.0,1,200.0,201.0,10.0,0.0,1,200.0,201.0,10.0,0.0,1,200.0,204.0,10.0,0.0,1
2026-03-23 15:14:46,23.95,200.0,204.0,20.0,0.0,1,200.0,201.0,20.0,0.0,1,200.0,203.0,10.0,0.0,1,200.0,201.0,10.0,0.0,1,200.0,201.0,10.0,0.0,1,200.0,204.0,10.0,0.0,1
2026-03-23 15:14:48,25.06,200.0,204.0,20.0,0.0,1,200.0,201.0,20.0,0.0,1,200.0,203.0,10.0,0.0,1,200.0,201.0,10.0,0.0,1,200.0,201.0,10.0,0.0,1,200.0,204.0,10.0,0.0,1
2026-03-23 15:14:49,26.38,200.0,204.0,20.0,0.0,1,200.0,201.0,20.0,0.0,1,200.0,203.0,10.0,0.0,1,200.0,201.0,10.0,0.0,1,200.0,201.0,10.0,0.0,1,200.0,204.0,10.0,0.0,1
2026-03-23 15:14:50,27.73,200.0,204.0,20.0,0.0,1,200.0,201.0,20.0,0.0,1,200.0,203.0,10.0,0.0,1,200.0,201.0,10.0,0.0,1,200.0,201.0,10.0,0.0,1,200.0,204.0,10.0,0.0,1
2026-03-23 15:14:51,28.99,200.0,204.0,20.0,0.0,1,200.0,201.0,20.0,0.0,1,200.0,203.0,10.0,0.0,1,200.0,202.0,10.0,0.0,1,200.0,201.0,10.0,0.0,1,200.0,204.0,10.0,0.0,1
2026-03-23 15:14:53,30.15,200.0,204.0,20.0,0.0,1,200.0,201.0,20.0,0.0,1,200.0,202.0,10.0,0.0,1,200.0,202.0,10.0,0.0,1,200.0,202.0,10.0,0.0,1,200.0,204.0,10.0,0.0,1
2026-03-23 15:14:54,31.44,200.0,204.0,20.0,0.0,1,200.0,201.0,20.0,0.0,1,200.0,202.0,10.0,0.0,1,200.0,202.0,10.0,0.0,1,200.0,201.0,10.0,0.0,1,200.0,203.0,10.0,0.0,1
2026-03-23 15:14:55,32.83,200.0,204.0,20.0,0.0,1,200.0,201.0,20.0,0.0,1,200.0,202.0,10.0,0.0,1,200.0,202.0,10.0,0.0,1,200.0,201.0,10.0,0.0,1,200.0,203.0,10.0,0.0,1
2026-03-23 15:14:57,34.09,200.0,204.0,20.0,0.0,1,200.0,201.0,20.0,0.0,1,200.0,202.0,10.0,0.0,1,200.0,201.0,10.0,0.0,1,200.0,201.0,10.0,0.0,1,200.0,204.0,10.0,0.0,1
2026-03-23 15:14:58,35.36,200.0,204.0,20.0,0.0,1,200.0,201.0,20.0,0.0,1,200.0,203.0,10.0,0.0,1,200.0,201.0,10.0,0.0,1,200.0,201.0,10.0,0.0,1,200.0,204.0,10.0,0.0,1
2026-03-23 15:14:59,36.43,200.0,204.0,20.0,0.0,1,200.0,201.0,20.0,0.0,1,200.0,203.0,10.0,0.0,1,200.0,201.0,10.0,0.0,1,200.0,201.0,10.0,0.0,1,200.0,204.0,10.0,0.0,1
2026-03-23 15:15:00,37.65,200.0,204.0,20.0,0.0,1,200.0,201.0,20.0,0.0,1,200.0,203.0,10.0,0.0,1,200.0,201.0,10.0,0.0,1,200.0,201.0,10.0,0.0,1,200.0,204.0,10.0,0.0,1
2026-03-23 15:15:01,38.83,200.0,204.0,20.0,0.0,1,200.0,201.0,20.0,0.0,1,200.0,203.0,10.0,0.0,1,200.0,201.0,10.0,0.0,1,200.0,201.0,10.0,0.0,1,200.0,203.0,10.0,0.0,1
2026-03-23 15:15:03,40.38,200.0,204.0,20.0,0.0,1,200.0,201.0,20.0,0.0,1,200.0,203.0,10.0,0.0,1,200.0,201.0,10.0,0.0,1,200.0,201.0,10.0,0.0,1,200.0,204.0,10.0,0.0,1
2026-03-23 15:15:04,41.51,200.0,204.0,20.0,0.0,1,200.0,201.0,20.0,0.0,1,200.0,203.0,10.0,0.0,1,200.0,201.0,10.0,0.0,1,200.0,201.0,10.0,0.0,1,200.0,204.0,10.0,0.0,1
2026-03-23 15:15:05,42.92,200.0,204.0,20.0,0.0,1,200.0,201.0,20.0,0.0,1,200.0,202.0,10.0,0.0,1,200.0,201.0,10.0,0.0,1,200.0,201.0,10.0,0.0,1,200.0,204.0,10.0,0.0,1
2026-03-23 15:15:06,44.05,200.0,204.0,20.0,0.0,1,200.0,201.0,20.0,0.0,1,200.0,202.0,10.0,0.0,1,200.0,201.0,10.0,0.0,1,200.0,201.0,10.0,0.0,1,200.0,203.0,10.0,0.0,1
2026-03-23 15:15:08,45.41,200.0,204.0,20.0,0.0,1,200.0,201.0,20.0,0.0,1,200.0,202.0,10.0,0.0,1,200.0,201.0,10.0,0.0,1,200.0,201.0,10.0,0.0,1,200.0,203.0,10.0,0.0,1
2026-03-23 15:15:09,46.63,200.0,204.0,20.0,0.0,1,200.0,201.0,20.0,0.0,1,200.0,202.0,10.0,0.0,1,200.0,201.0,10.0,0.0,1,200.0,201.0,10.0,0.0,1,200.0,203.0,10.0,0.0,1
2026-03-23 15:15:10,47.8,200.0,204.0,20.0,0.0,1,200.0,201.0,20.0,0.0,1,200.0,202.0,10.0,0.0,1,200.0,201.0,10.0,0.0,1,200.0,201.0,10.0,0.0,1,200.0,204.0,10.0,0.0,1
2026-03-23 15:15:12,49.19,200.0,204.0,20.0,0.0,1,200.0,201.0,20.0,0.0,1,200.0,203.0,10.0,0.0,1,200.0,201.0,10.0,0.0,1,200.0,201.0,10.0,0.0,1,200.0,204.0,10.0,0.0,1
2026-03-23 15:15:12,50.03,200.0,204.0,20.0,0.0,1,200.0,201.0,20.0,0.0,1,200.0,203.0,10.0,0.0,1,200.0,201.0,10.0,0.0,1,200.0,201.0,10.0,0.0,1,200.0,204.0,10.0,0.0,1
2026-03-23 15:15:13,0.77,300.0,204.0,20.0,0.0,1,300.0,201.0,20.0,0.0,1,300.0,203.0,10.0,0.0,1,300.0,201.0,10.0,0.0,1,300.0,201.0,10.0,0.0,1,300.0,204.0,10.0,0.0,1
2026-03-23 15:15:15,2.1,300.0,211.0,20.0,0.0,1,300.0,208.0,20.0,0.0,1,300.0,210.0,10.0,0.0,1,300.0,208.0,10.0,0.0,1,300.0,207.0,10.0,0.0,1,300.0,209.0,10.0,0.0,1
2026-03-23 15:15:16,3.35,300.0,223.0,20.0,0.0,1,300.0,221.0,20.0,0.0,1,300.0,221.0,10.0,0.0,1,300.0,221.0,10.0,0.0,1,300.0,219.0,10.0,0.0,1,300.0,222.0,10.0,0.0,1
2026-03-23 15:15:17,4.73,300.0,235.0,20.0,0.0,1,300.0,232.0,20.0,0.0,1,300.0,234.0,10.0,0.0,1,300.0,233.0,10.0,0.0,1,300.0,232.0,10.0,0.0,1,300.0,235.0,10.0,0.0,1
2026-03-23 15:15:18,5.91,300.0,247.0,20.0,0.0,1,300.0,245.0,20.0,0.0,1,300.0,246.0,10.0,0.0,1,300.0,244.0,10.0,0.0,1,300.0,244.0,10.0,0.0,1,300.0,247.0,10.0,0.0,1
2026-03-23 15:15:19,7.0,300.0,259.0,20.0,0.0,1,300.0,258.0,20.0,0.0,1,300.0,258.0,10.0,0.0,1,300.0,256.0,10.0,0.0,1,300.0,258.0,10.0,0.0,1,300.0,258.0,10.0,0.0,1
2026-03-23 15:15:21,8.22,300.0,266.0,20.0,0.0,1,300.0,264.0,20.0,0.0,1,300.0,265.0,10.0,0.0,1,300.0,263.0,10.0,0.0,1,300.0,264.0,10.0,0.0,1,300.0,265.0,10.0,0.0,1
2026-03-23 15:15:22,9.6,300.0,284.0,20.0,0.0,1,300.0,284.0,20.0,0.0,1,300.0,283.0,10.0,0.0,1,300.0,282.0,10.0,0.0,1,300.0,282.0,10.0,0.0,1,300.0,283.0,10.0,0.0,1
2026-03-23 15:15:23,10.81,300.0,296.0,20.0,0.0,1,300.0,295.0,20.0,0.0,1,300.0,295.0,10.0,0.0,1,300.0,294.0,10.0,0.0,1,300.0,295.0,10.0,0.0,1,300.0,296.0,10.0,0.0,1
2026-03-23 15:15:25,12.14,300.0,303.0,20.0,0.0,1,300.0,301.0,20.0,0.0,1,300.0,302.0,10.0,0.0,1,300.0,301.0,10.0,0.0,1,300.0,300.0,10.0,0.0,1,300.0,303.0,10.0,0.0,1
2026-03-23 15:15:26,13.5,300.0,303.0,20.0,0.0,1,300.0,301.0,20.0,0.0,1,300.0,302.0,10.0,0.0,1,300.0,301.0,10.0,0.0,1,300.0,301.0,10.0,0.0,1,300.0,303.0,10.0,0.0,1
2026-03-23 15:15:27,14.62,300.0,303.0,20.0,0.0,1,300.0,301.0,20.0,0.0,1,300.0,302.0,10.0,0.0,1,300.0,302.0,10.0,0.0,1,300.0,301.0,10.0,0.0,1,300.0,304.0,10.0,0.0,1
2026-03-23 15:15:29,16.08,300.0,303.0,20.0,0.0,1,300.0,301.0,20.0,0.0,1,300.0,303.0,10.0,0.0,1,300.0,302.0,10.0,0.0,1,300.0,302.0,10.0,0.0,1,300.0,304.0,10.0,0.0,1
2026-03-23 15:15:30,17.41,300.0,303.0,20.0,0.0,1,300.0,301.0,20.0,0.0,1,300.0,302.0,10.0,0.0,1,300.0,302.0,10.0,0.0,1,300.0,302.0,10.0,0.0,1,300.0,304.0,10.0,0.0,1
2026-03-23 15:15:31,18.5,300.0,303.0,20.0,0.0,1,300.0,301.0,20.0,0.0,1,300.0,302.0,10.0,0.0,1,300.0,301.0,10.0,0.0,1,300.0,302.0,10.0,0.0,1,300.0,304.0,10.0,0.0,1
2026-03-23 15:15:32,19.78,300.0,303.0,20.0,0.0,1,300.0,301.0,20.0,0.0,1,300.0,303.0,10.0,0.0,1,300.0,301.0,10.0,0.0,1,300.0,302.0,10.0,0.0,1,300.0,304.0,10.0,0.0,1
2026-03-23 15:15:33,20.87,300.0,303.0,20.0,0.0,1,300.0,301.0,20.0,0.0,1,300.0,303.0,10.0,0.0,1,300.0,302.0,10.0,0.0,1,300.0,301.0,10.0,0.0,1,300.0,304.0,10.0,0.0,1
2026-03-23 15:15:35,22.07,300.0,303.0,20.0,0.0,1,300.0,301.0,20.0,0.0,1,300.0,303.0,10.0,0.0,1,300.0,302.0,10.0,0.0,1,300.0,301.0,10.0,0.0,1,300.0,304.0,10.0,0.0,1
2026-03-23 15:15:36,23.19,300.0,303.0,20.0,0.0,1,300.0,301.0,20.0,0.0,1,300.0,302.0,10.0,0.0,1,300.0,302.0,10.0,0.0,1,300.0,301.0,10.0,0.0,1,300.0,304.0,10.0,0.0,1
2026-03-23 15:15:37,24.5,300.0,303.0,20.0,0.0,1,300.0,300.0,20.0,0.0,1,300.0,302.0,10.0,0.0,1,300.0,302.0,10.0,0.0,1,300.0,301.0,10.0,0.0,1,300.0,304.0,10.0,0.0,1
2026-03-23 15:15:38,25.61,300.0,303.0,20.0,0.0,1,300.0,301.0,20.0,0.0,1,300.0,302.0,10.0,0.0,1,300.0,302.0,10.0,0.0,1,300.0,301.0,10.0,0.0,1,300.0,303.0,10.0,0.0,1
2026-03-23 15:15:39,26.95,300.0,303.0,20.0,0.0,1,300.0,301.0,20.0,0.0,1,300.0,303.0,10.0,0.0,1,300.0,301.0,10.0,0.0,1,300.0,301.0,10.0,0.0,1,300.0,303.0,10.0,0.0,1
2026-03-23 15:15:41,28.19,300.0,304.0,20.0,0.0,1,300.0,301.0,20.0,0.0,1,300.0,302.0,10.0,0.0,1,300.0,302.0,10.0,0.0,1,300.0,302.0,10.0,0.0,1,300.0,303.0,10.0,0.0,1
2026-03-23 15:15:42,29.35,300.0,303.0,20.0,0.0,1,300.0,301.0,20.0,0.0,1,300.0,302.0,10.0,0.0,1,300.0,302.0,10.0,0.0,1,300.0,301.0,10.0,0.0,1,300.0,303.0,10.0,0.0,1
2026-03-23 15:15:43,30.59,300.0,303.0,20.0,0.0,1,300.0,301.0,20.0,0.0,1,300.0,302.0,10.0,0.0,1,300.0,302.0,10.0,0.0,1,300.0,301.0,10.0,0.0,1,300.0,303.0,10.0,0.0,1
2026-03-23 15:15:44,31.69,300.0,303.0,20.0,0.0,1,300.0,301.0,20.0,0.0,1,300.0,302.0,10.0,0.0,1,300.0,302.0,10.0,0.0,1,300.0,301.0,10.0,0.0,1,300.0,303.0,10.0,0.0,1
2026-03-23 15:15:46,33.02,300.0,303.0,20.0,0.0,1,300.0,301.0,20.0,0.0,1,300.0,302.0,10.0,0.0,1,300.0,302.0,10.0,0.0,1,300.0,302.0,10.0,0.0,1,300.0,304.0,10.0,0.0,1
2026-03-23 15:15:47,34.33,300.0,303.0,20.0,0.0,1,300.0,301.0,20.0,0.0,1,300.0,302.0,10.0,0.0,1,300.0,302.0,10.0,0.0,1,300.0,302.0,10.0,0.0,1,300.0,304.0,10.0,0.0,1
2026-03-23 15:15:48,35.47,300.0,304.0,20.0,0.0,1,300.0,301.0,20.0,0.0,1,300.0,302.0,10.0,0.0,1,300.0,302.0,10.0,0.0,1,300.0,301.0,10.0,0.0,1,300.0,303.0,10.0,0.0,1
2026-03-23 15:15:49,36.59,300.0,304.0,20.0,0.0,1,300.0,300.0,20.0,0.0,1,300.0,302.0,10.0,0.0,1,300.0,302.0,10.0,0.0,1,300.0,301.0,10.0,0.0,1,300.0,303.0,10.0,0.0,1
2026-03-23 15:15:50,37.92,300.0,303.0,20.0,0.0,1,300.0,301.0,20.0,0.0,1,300.0,302.0,10.0,0.0,1,300.0,302.0,10.0,0.0,1,300.0,301.0,10.0,0.0,1,300.0,303.0,10.0,0.0,1
2026-03-23 15:15:52,39.35,300.0,303.0,20.0,0.0,1,300.0,301.0,20.0,0.0,1,300.0,302.0,10.0,0.0,1,300.0,301.0,10.0,0.0,1,300.0,301.0,10.0,0.0,1,300.0,303.0,10.0,0.0,1
2026-03-23 15:15:53,40.71,300.0,303.0,20.0,0.0,1,300.0,301.0,20.0,0.0,1,300.0,303.0,10.0,0.0,1,300.0,302.0,10.0,0.0,1,300.0,301.0,10.0,0.0,1,300.0,303.0,10.0,0.0,1
2026-03-23 15:15:55,42.16,300.0,305.0,20.0,0.0,1,300.0,302.0,20.0,0.0,1,300.0,303.0,10.0,0.0,1,300.0,302.0,10.0,0.0,1,300.0,302.0,10.0,0.0,1,300.0,303.0,10.0,0.0,1
2026-03-23 15:15:56,43.61,300.0,304.0,20.0,0.0,1,300.0,302.0,20.0,0.0,1,300.0,303.0,10.0,0.0,1,300.0,300.0,10.0,0.0,1,300.0,301.0,10.0,0.0,1,300.0,303.0,10.0,0.0,1
2026-03-23 15:15:57,44.97,300.0,304.0,20.0,0.0,1,300.0,300.0,20.0,0.0,1,300.0,302.0,10.0,0.0,1,300.0,301.0,10.0,0.0,1,300.0,301.0,10.0,0.0,1,300.0,303.0,10.0,0.0,1
2026-03-23 15:15:59,46.05,300.0,303.0,20.0,0.0,1,300.0,301.0,20.0,0.0,1,300.0,303.0,10.0,0.0,1,300.0,301.0,10.0,0.0,1,300.0,302.0,10.0,0.0,1,300.0,304.0,10.0,0.0,1
2026-03-23 15:16:00,47.43,300.0,303.0,20.0,0.0,1,300.0,301.0,20.0,0.0,1,300.0,302.0,10.0,0.0,1,300.0,301.0,10.0,0.0,1,300.0,302.0,10.0,0.0,1,300.0,303.0,10.0,0.0,1
2026-03-23 15:16:01,48.83,300.0,303.0,20.0,0.0,1,300.0,301.0,20.0,0.0,1,300.0,302.0,10.0,0.0,1,300.0,301.0,10.0,0.0,1,300.0,300.0,10.0,0.0,1,300.0,304.0,10.0,0.0,1
2026-03-23 15:16:03,50.25,300.0,303.0,20.0,0.0,1,300.0,301.0,20.0,0.0,1,300.0,302.0,10.0,0.0,1,300.0,301.0,10.0,0.0,1,300.0,301.0,10.0,0.0,1,300.0,304.0,10.0,0.0,1
2026-03-23 15:16:04,51.34,300.0,303.0,20.0,0.0,1,300.0,301.0,20.0,0.0,1,300.0,303.0,10.0,0.0,1,300.0,301.0,10.0,0.0,1,300.0,301.0,10.0,0.0,1,300.0,304.0,10.0,0.0,1
2026-03-23 15:16:05,52.88,300.0,303.0,20.0,0.0,1,300.0,301.0,20.0,0.0,1,300.0,303.0,10.0,0.0,1,300.0,301.0,10.0,0.0,1,300.0,301.0,10.0,0.0,1,300.0,303.0,10.0,0.0,1
2026-03-23 15:16:07,54.47,300.0,304.0,20.0,0.0,1,300.0,301.0,20.0,0.0,1,300.0,302.0,10.0,0.0,1,300.0,301.0,10.0,0.0,1,300.0,301.0,10.0,0.0,1,300.0,303.0,10.0,0.0,1
2026-03-23 15:16:09,56.02,300.0,303.0,20.0,0.0,1,300.0,301.0,20.0,0.0,1,300.0,302.0,10.0,0.0,1,300.0,301.0,10.0,0.0,1,300.0,301.0,10.0,0.0,1,300.0,303.0,10.0,0.0,1
2026-03-23 15:16:10,57.32,300.0,303.0,20.0,0.0,1,300.0,301.0,20.0,0.0,1,300.0,302.0,10.0,0.0,1,300.0,301.0,10.0,0.0,1,300.0,301.0,10.0,0.0,1,300.0,303.0,10.0,0.0,1
2026-03-23 15:16:11,58.67,300.0,303.0,20.0,0.0,1,300.0,301.0,20.0,0.0,1,300.0,302.0,10.0,0.0,1,300.0,301.0,10.0,0.0,1,300.0,302.0,10.0,0.0,1,300.0,304.0,10.0,0.0,1
2026-03-23 15:16:13,60.16,300.0,303.0,20.0,0.0,1,300.0,300.0,20.0,0.0,1,300.0,302.0,10.0,0.0,1,300.0,301.0,10.0,0.0,1,300.0,301.0,10.0,0.0,1,300.0,304.0,10.0,0.0,1
2026-03-23 15:16:14,61.67,300.0,303.0,20.0,0.0,1,300.0,301.0,20.0,0.0,1,300.0,302.0,10.0,0.0,1,300.0,301.0,10.0,0.0,1,300.0,301.0,10.0,0.0,1,300.0,304.0,10.0,0.0,1
2026-03-23 15:16:15,62.75,300.0,303.0,20.0,0.0,1,300.0,301.0,20.0,0.0,1,300.0,303.0,10.0,0.0,1,300.0,301.0,10.0,0.0,1,300.0,301.0,10.0,0.0,1,300.0,304.0,10.0,0.0,1
2026-03-23 15:16:16,63.86,300.0,303.0,20.0,0.0,1,300.0,301.0,20.0,0.0,1,300.0,303.0,10.0,0.0,1,300.0,301.0,10.0,0.0,1,300.0,302.0,10.0,0.0,1,300.0,304.0,10.0,0.0,1
2026-03-23 15:16:18,65.12,300.0,304.0,20.0,0.0,1,300.0,301.0,20.0,0.0,1,300.0,302.0,10.0,0.0,1,300.0,302.0,10.0,0.0,1,300.0,302.0,10.0,0.0,1,300.0,303.0,10.0,0.0,1
2026-03-23 15:16:19,66.36,300.0,304.0,20.0,0.0,1,300.0,301.0,20.0,0.0,1,300.0,302.0,10.0,0.0,1,300.0,302.0,10.0,0.0,1,300.0,302.0,10.0,0.0,1,300.0,304.0,10.0,0.0,1
2026-03-23 15:16:20,67.63,300.0,304.0,20.0,0.0,1,300.0,301.0,20.0,0.0,1,300.0,302.0,10.0,0.0,1,300.0,302.0,10.0,0.0,1,300.0,302.0,10.0,0.0,1,300.0,304.0,10.0,0.0,1
2026-03-23 15:16:22,69.04,300.0,304.0,20.0,0.0,1,300.0,301.0,20.0,0.0,1,300.0,302.0,10.0,0.0,1,300.0,302.0,10.0,0.0,1,300.0,301.0,10.0,0.0,1,300.0,303.0,10.0,0.0,1
2026-03-23 15:16:23,70.24,300.0,304.0,20.0,0.0,1,300.0,301.0,20.0,0.0,1,300.0,302.0,10.0,0.0,1,300.0,302.0,10.0,0.0,1,300.0,301.0,10.0,0.0,1,300.0,304.0,10.0,0.0,1
2026-03-23 15:16:24,71.6,300.0,303.0,20.0,0.0,1,300.0,301.0,20.0,0.0,1,300.0,303.0,10.0,0.0,1,300.0,302.0,10.0,0.0,1,300.0,301.0,10.0,0.0,1,300.0,304.0,10.0,0.0,1
2026-03-23 15:16:25,72.94,300.0,303.0,20.0,0.0,1,300.0,301.0,20.0,0.0,1,300.0,303.0,10.0,0.0,1,300.0,302.0,10.0,0.0,1,300.0,301.0,10.0,0.0,1,300.0,304.0,10.0,0.0,1
2026-03-23 15:16:27,74.27,300.0,303.0,20.0,0.0,1,300.0,301.0,20.0,0.0,1,300.0,302.0,10.0,0.0,1,300.0,302.0,10.0,0.0,1,300.0,301.0,10.0,0.0,1,300.0,304.0,10.0,0.0,1
2026-03-23 15:16:28,75.75,300.0,303.0,20.0,0.0,1,300.0,301.0,20.0,0.0,1,300.0,302.0,10.0,0.0,1,300.0,302.0,10.0,0.0,1,300.0,301.0,10.0,0.0,1,300.0,304.0,10.0,0.0,1
2026-03-23 15:16:30,77.1,300.0,303.0,20.0,0.0,1,300.0,301.0,20.0,0.0,1,300.0,302.0,10.0,0.0,1,300.0,301.0,10.0,0.0,1,300.0,301.0,10.0,0.0,1,300.0,304.0,10.0,0.0,1
2026-03-23 15:16:31,78.49,300.0,303.0,20.0,0.0,1,300.0,301.0,20.0,0.0,1,300.0,302.0,10.0,0.0,1,300.0,301.0,10.0,0.0,1,300.0,301.0,10.0,0.0,1,300.0,303.0,10.0,0.0,1
2026-03-23 15:16:32,79.78,300.0,304.0,20.0,0.0,1,300.0,301.0,20.0,0.0,1,300.0,302.0,10.0,0.0,1,300.0,301.0,10.0,0.0,1,300.0,301.0,10.0,0.0,1,300.0,302.0,10.0,0.0,1
2026-03-23 15:16:34,81.14,300.0,304.0,20.0,0.0,1,300.0,301.0,20.0,0.0,1,300.0,302.0,10.0,0.0,1,300.0,302.0,10.0,0.0,1,300.0,301.0,10.0,0.0,1,300.0,303.0,10.0,0.0,1
2026-03-23 15:16:35,82.52,300.0,304.0,20.0,0.0,1,300.0,301.0,20.0,0.0,1,300.0,302.0,10.0,0.0,1,300.0,301.0,10.0,0.0,1,300.0,301.0,10.0,0.0,1,300.0,304.0,10.0,0.0,1
2026-03-23 15:16:36,83.73,300.0,304.0,20.0,0.0,1,300.0,301.0,20.0,0.0,1,300.0,302.0,10.0,0.0,1,300.0,301.0,10.0,0.0,1,300.0,301.0,10.0,0.0,1,300.0,304.0,10.0,0.0,1
2026-03-23 15:16:37,84.83,300.0,304.0,20.0,0.0,1,300.0,301.0,20.0,0.0,1,300.0,302.0,10.0,0.0,1,300.0,301.0,10.0,0.0,1,300.0,301.0,10.0,0.0,1,300.0,304.0,10.0,0.0,1
2026-03-23 15:16:38,85.92,300.0,304.0,20.0,0.0,1,300.0,301.0,20.0,0.0,1,300.0,302.0,10.0,0.0,1,300.0,302.0,10.0,0.0,1,300.0,301.0,10.0,0.0,1,300.0,304.0,10.0,0.0,1
2026-03-23 15:16:40,87.05,300.0,304.0,20.0,0.0,1,300.0,301.0,20.0,0.0,1,300.0,302.0,10.0,0.0,1,300.0,302.0,10.0,0.0,1,300.0,301.0,10.0,0.0,1,300.0,303.0,10.0,0.0,1
2026-03-23 15:16:41,88.36,300.0,304.0,20.0,0.0,1,300.0,301.0,20.0,0.0,1,300.0,303.0,10.0,0.0,1,300.0,300.0,10.0,0.0,1,300.0,302.0,10.0,0.0,1,300.0,303.0,10.0,0.0,1
2026-03-23 15:16:42,89.84,300.0,303.0,20.0,0.0,1,300.0,301.0,20.0,0.0,1,300.0,303.0,10.0,0.0,1,300.0,301.0,10.0,0.0,1,300.0,302.0,10.0,0.0,1,300.0,303.0,10.0,0.0,1
2026-03-23 15:16:44,91.16,300.0,303.0,20.0,0.0,1,300.0,301.0,20.0,0.0,1,300.0,303.0,10.0,0.0,1,300.0,301.0,10.0,0.0,1,300.0,301.0,10.0,0.0,1,300.0,303.0,10.0,0.0,1
2026-03-23 15:16:45,92.39,300.0,303.0,20.0,0.0,1,300.0,301.0,20.0,0.0,1,300.0,302.0,10.0,0.0,1,300.0,301.0,10.0,0.0,1,300.0,301.0,10.0,0.0,1,300.0,304.0,10.0,0.0,1
2026-03-23 15:16:46,93.77,300.0,303.0,20.0,0.0,1,300.0,301.0,20.0,0.0,1,300.0,302.0,10.0,0.0,1,300.0,302.0,10.0,0.0,1,300.0,302.0,10.0,0.0,1,300.0,303.0,10.0,0.0,1
2026-03-23 15:16:48,95.15,300.0,303.0,20.0,0.0,1,300.0,301.0,20.0,0.0,1,300.0,303.0,10.0,0.0,1,300.0,302.0,10.0,0.0,1,300.0,301.0,10.0,0.0,1,300.0,304.0,10.0,0.0,1
2026-03-23 15:16:49,96.47,300.0,303.0,20.0,0.0,1,300.0,301.0,20.0,0.0,1,300.0,303.0,10.0,0.0,1,300.0,301.0,10.0,0.0,1,300.0,301.0,10.0,0.0,1,300.0,304.0,10.0,0.0,1
2026-03-23 15:16:50,97.89,300.0,303.0,20.0,0.0,1,300.0,301.0,20.0,0.0,1,300.0,303.0,10.0,0.0,1,300.0,301.0,10.0,0.0,1,300.0,302.0,10.0,0.0,1,300.0,304.0,10.0,0.0,1
2026-03-23 15:16:52,99.17,300.0,303.0,20.0,0.0,1,300.0,301.0,20.0,0.0,1,300.0,303.0,10.0,0.0,1,300.0,302.0,10.0,0.0,1,300.0,302.0,10.0,0.0,1,300.0,303.0,10.0,0.0,1
2026-03-23 15:16:53,100.54,300.0,304.0,20.0,0.0,1,300.0,301.0,20.0,0.0,1,300.0,302.0,10.0,0.0,1,300.0,302.0,10.0,0.0,1,300.0,301.0,10.0,0.0,1,300.0,303.0,10.0,0.0,1
2026-03-23 15:16:54,101.85,300.0,303.0,20.0,0.0,1,300.0,300.0,20.0,0.0,1,300.0,302.0,10.0,0.0,1,300.0,302.0,10.0,0.0,1,300.0,301.0,10.0,0.0,1,300.0,304.0,10.0,0.0,1
2026-03-23 15:16:56,103.23,300.0,304.0,20.0,0.0,1,300.0,300.0,20.0,0.0,1,300.0,302.0,10.0,0.0,1,300.0,302.0,10.0,0.0,1,300.0,302.0,10.0,0.0,1,300.0,301.0,10.0,0.0,1
2026-03-23 15:16:57,104.61,300.0,304.0,20.0,0.0,1,300.0,301.0,20.0,0.0,1,300.0,302.0,10.0,0.0,1,300.0,302.0,10.0,0.0,1,300.0,302.0,10.0,0.0,1,300.0,303.0,10.0,0.0,1
2026-03-23 15:16:58,105.94,300.0,304.0,20.0,0.0,1,300.0,301.0,20.0,0.0,1,300.0,303.0,10.0,0.0,1,300.0,302.0,10.0,0.0,1,300.0,301.0,10.0,0.0,1,300.0,304.0,10.0,0.0,1
2026-03-23 15:17:00,107.08,300.0,304.0,20.0,0.0,1,300.0,301.0,20.0,0.0,1,300.0,303.0,10.0,0.0,1,300.0,302.0,10.0,0.0,1,300.0,301.0,10.0,0.0,1,300.0,303.0,10.0,0.0,1
2026-03-23 15:17:01,108.12,300.0,304.0,20.0,0.0,1,300.0,301.0,20.0,0.0,1,300.0,303.0,10.0,0.0,1,300.0,301.0,10.0,0.0,1,300.0,301.0,10.0,0.0,1,300.0,303.0,10.0,0.0,1
2026-03-23 15:17:02,109.36,300.0,304.0,20.0,0.0,1,300.0,301.0,20.0,0.0,1,300.0,303.0,10.0,0.0,1,300.0,301.0,10.0,0.0,1,300.0,301.0,10.0,0.0,1,300.0,303.0,10.0,0.0,1
2026-03-23 15:17:03,110.82,300.0,304.0,20.0,0.0,1,300.0,301.0,20.0,0.0,1,300.0,302.0,10.0,0.0,1,300.0,301.0,10.0,0.0,1,300.0,301.0,10.0,0.0,1,300.0,303.0,10.0,0.0,1
2026-03-23 15:17:05,112.0,300.0,304.0,20.0,0.0,1,300.0,301.0,20.0,0.0,1,300.0,302.0,10.0,0.0,1,300.0,302.0,10.0,0.0,1,300.0,301.0,10.0,0.0,1,300.0,303.0,10.0,0.0,1
2026-03-23 15:17:06,113.12,300.0,304.0,20.0,0.0,1,300.0,301.0,20.0,0.0,1,300.0,302.0,10.0,0.0,1,300.0,301.0,10.0,0.0,1,300.0,301.0,10.0,0.0,1,300.0,303.0,10.0,0.0,1
2026-03-23 15:17:07,114.32,300.0,303.0,20.0,0.0,1,300.0,301.0,20.0,0.0,1,300.0,302.0,10.0,0.0,1,300.0,301.0,10.0,0.0,1,300.0,301.0,10.0,0.0,1,300.0,303.0,10.0,0.0,1
2026-03-23 15:17:08,115.57,300.0,303.0,20.0,0.0,1,300.0,301.0,20.0,0.0,1,300.0,302.0,10.0,0.0,1,300.0,301.0,10.0,0.0,1,300.0,301.0,10.0,0.0,1,300.0,303.0,10.0,0.0,1
2026-03-23 15:17:09,116.73,300.0,304.0,20.0,0.0,1,300.0,301.0,20.0,0.0,1,300.0,302.0,10.0,0.0,1,300.0,301.0,10.0,0.0,1,300.0,301.0,10.0,0.0,1,300.0,304.0,10.0,0.0,1
2026-03-23 15:17:10,117.56,300.0,304.0,20.0,0.0,1,300.0,301.0,20.0,0.0,1,300.0,302.0,10.0,0.0,1,300.0,301.0,10.0,0.0,1,300.0,301.0,10.0,0.0,1,300.0,304.0,10.0,0.0,1
2026-03-23 15:17:11,0.47,400.0,304.0,20.0,0.0,1,400.0,301.0,20.0,0.0,1,400.0,302.0,10.0,0.0,1,400.0,302.0,10.0,0.0,1,400.0,301.0,10.0,0.0,1,400.0,304.0,10.0,0.0,1
2026-03-23 15:17:12,1.55,400.0,310.0,20.0,0.0,1,400.0,308.0,20.0,0.0,1,400.0,310.0,10.0,0.0,1,400.0,307.0,10.0,0.0,1,400.0,307.0,10.0,0.0,1,400.0,307.0,10.0,0.0,1
2026-03-23 15:17:13,2.7,400.0,317.0,20.0,0.0,1,400.0,315.0,20.0,0.0,1,400.0,316.0,10.0,0.0,1,400.0,314.0,10.0,0.0,1,400.0,315.0,10.0,0.0,1,400.0,317.0,10.0,0.0,1
2026-03-23 15:17:14,3.86,400.0,330.0,20.0,0.0,1,400.0,326.0,20.0,0.0,1,400.0,328.0,10.0,0.0,1,400.0,325.0,10.0,0.0,1,400.0,325.0,10.0,0.0,1,400.0,326.0,10.0,0.0,1
2026-03-23 15:17:15,4.99,400.0,342.0,20.0,0.0,1,400.0,340.0,20.0,0.0,1,400.0,339.0,10.0,0.0,1,400.0,339.0,10.0,0.0,1,400.0,338.0,10.0,0.0,1,400.0,339.0,10.0,0.0,1
2026-03-23 15:17:16,6.17,400.0,347.0,20.0,0.0,1,400.0,345.0,20.0,0.0,1,400.0,345.0,10.0,0.0,1,400.0,343.0,10.0,0.0,1,400.0,345.0,10.0,0.0,1,400.0,344.0,10.0,0.0,1
2026-03-23 15:17:18,7.36,400.0,360.0,20.0,0.0,1,400.0,357.0,20.0,0.0,1,400.0,358.0,10.0,0.0,1,400.0,357.0,10.0,0.0,1,400.0,357.0,10.0,0.0,1,400.0,357.0,10.0,0.0,1
2026-03-23 15:17:19,8.58,400.0,371.0,20.0,0.0,1,400.0,369.0,20.0,0.0,1,400.0,371.0,10.0,0.0,1,400.0,370.0,10.0,0.0,1,400.0,369.0,10.0,0.0,1,400.0,368.0,10.0,0.0,1
2026-03-23 15:17:20,9.68,400.0,386.0,20.0,0.0,1,400.0,381.0,20.0,0.0,1,400.0,383.0,10.0,0.0,1,400.0,381.0,10.0,0.0,1,400.0,380.0,10.0,0.0,1,400.0,381.0,10.0,0.0,1
2026-03-23 15:17:21,11.0,400.0,396.0,20.0,0.0,1,400.0,395.0,20.0,0.0,1,400.0,396.0,10.0,0.0,1,400.0,395.0,10.0,0.0,1,400.0,392.0,10.0,0.0,1,400.0,395.0,10.0,0.0,1
2026-03-23 15:17:22,12.28,400.0,404.0,20.0,0.0,1,400.0,399.0,20.0,0.0,1,400.0,401.0,10.0,0.0,1,400.0,400.0,10.0,0.0,1,400.0,399.0,10.0,0.0,1,400.0,401.0,10.0,0.0,1
2026-03-23 15:17:24,13.45,400.0,405.0,20.0,0.0,1,400.0,401.0,20.0,0.0,1,400.0,402.0,10.0,0.0,1,400.0,400.0,10.0,0.0,1,400.0,401.0,10.0,0.0,1,400.0,403.0,10.0,0.0,1
2026-03-23 15:17:25,14.59,400.0,402.0,20.0,0.0,1,400.0,401.0,20.0,0.0,1,400.0,402.0,10.0,0.0,1,400.0,401.0,10.0,0.0,1,400.0,399.0,10.0,0.0,1,400.0,404.0,10.0,0.0,1
2026-03-23 15:17:26,15.76,400.0,405.0,20.0,0.0,1,400.0,401.0,20.0,0.0,1,400.0,402.0,10.0,0.0,1,400.0,401.0,10.0,0.0,1,400.0,400.0,10.0,0.0,1,400.0,404.0,10.0,0.0,1
2026-03-23 15:17:27,17.18,400.0,403.0,20.0,0.0,1,400.0,401.0,20.0,0.0,1,400.0,402.0,10.0,0.0,1,400.0,401.0,10.0,0.0,1,400.0,400.0,10.0,0.0,1,400.0,403.0,10.0,0.0,1
2026-03-23 15:17:29,18.58,400.0,403.0,20.0,0.0,1,400.0,401.0,20.0,0.0,1,400.0,402.0,10.0,0.0,1,400.0,401.0,10.0,0.0,1,400.0,402.0,10.0,0.0,1,400.0,403.0,10.0,0.0,1
2026-03-23 15:17:30,19.71,400.0,404.0,20.0,0.0,1,400.0,401.0,20.0,0.0,1,400.0,402.0,10.0,0.0,1,400.0,401.0,10.0,0.0,1,400.0,401.0,10.0,0.0,1,400.0,403.0,10.0,0.0,1
2026-03-23 15:17:31,20.88,400.0,404.0,20.0,0.0,1,400.0,401.0,20.0,0.0,1,400.0,402.0,10.0,0.0,1,400.0,401.0,10.0,0.0,1,400.0,401.0,10.0,0.0,1,400.0,403.0,10.0,0.0,1
2026-03-23 15:17:32,22.02,400.0,403.0,20.0,0.0,1,400.0,401.0,20.0,0.0,1,400.0,402.0,10.0,0.0,1,400.0,401.0,10.0,0.0,1,400.0,401.0,10.0,0.0,1,400.0,402.0,10.0,0.0,1
2026-03-23 15:17:34,23.39,400.0,404.0,20.0,0.0,1,400.0,401.0,20.0,0.0,1,400.0,403.0,10.0,0.0,1,400.0,401.0,10.0,0.0,1,400.0,401.0,10.0,0.0,1,400.0,403.0,10.0,0.0,1
2026-03-23 15:17:35,24.61,400.0,403.0,20.0,0.0,1,400.0,401.0,20.0,0.0,1,400.0,402.0,10.0,0.0,1,400.0,401.0,10.0,0.0,1,400.0,399.0,10.0,0.0,1,400.0,404.0,10.0,0.0,1
2026-03-23 15:17:36,25.82,400.0,403.0,20.0,0.0,1,400.0,401.0,20.0,0.0,1,400.0,401.0,10.0,0.0,1,400.0,401.0,10.0,0.0,1,400.0,399.0,10.0,0.0,1,400.0,402.0,10.0,0.0,1
2026-03-23 15:17:37,27.03,400.0,403.0,20.0,0.0,1,400.0,401.0,20.0,0.0,1,400.0,403.0,10.0,0.0,1,400.0,402.0,10.0,0.0,1,400.0,401.0,10.0,0.0,1,400.0,404.0,10.0,0.0,1
2026-03-23 15:17:39,28.55,400.0,402.0,20.0,0.0,1,400.0,401.0,20.0,0.0,1,400.0,401.0,10.0,0.0,1,400.0,402.0,10.0,0.0,1,400.0,401.0,10.0,0.0,1,400.0,403.0,10.0,0.0,1
2026-03-23 15:17:40,29.82,400.0,403.0,20.0,0.0,1,400.0,401.0,20.0,0.0,1,400.0,403.0,10.0,0.0,1,400.0,401.0,10.0,0.0,1,400.0,401.0,10.0,0.0,1,400.0,403.0,10.0,0.0,1
2026-03-23 15:17:41,31.24,400.0,403.0,20.0,0.0,1,400.0,401.0,20.0,0.0,1,400.0,401.0,10.0,0.0,1,400.0,402.0,10.0,0.0,1,400.0,402.0,10.0,0.0,1,400.0,403.0,10.0,0.0,1
2026-03-23 15:17:43,32.6,400.0,402.0,20.0,0.0,1,400.0,401.0,20.0,0.0,1,400.0,402.0,10.0,0.0,1,400.0,401.0,10.0,0.0,1,400.0,401.0,10.0,0.0,1,400.0,403.0,10.0,0.0,1
2026-03-23 15:17:44,33.99,400.0,403.0,20.0,0.0,1,400.0,400.0,20.0,0.0,1,400.0,402.0,10.0,0.0,1,400.0,401.0,10.0,0.0,1,400.0,402.0,10.0,0.0,1,400.0,403.0,10.0,0.0,1
2026-03-23 15:17:45,35.06,400.0,403.0,20.0,0.0,1,400.0,400.0,20.0,0.0,1,400.0,402.0,10.0,0.0,1,400.0,401.0,10.0,0.0,1,400.0,402.0,10.0,0.0,1,400.0,403.0,10.0,0.0,1
2026-03-23 15:17:46,36.22,400.0,403.0,20.0,0.0,1,400.0,400.0,20.0,0.0,1,400.0,402.0,10.0,0.0,1,400.0,400.0,10.0,0.0,1,400.0,399.0,10.0,0.0,1,400.0,403.0,10.0,0.0,1
2026-03-23 15:17:48,37.59,400.0,403.0,20.0,0.0,1,400.0,400.0,20.0,0.0,1,400.0,402.0,10.0,0.0,1,400.0,401.0,10.0,0.0,1,400.0,401.0,10.0,0.0,1,400.0,403.0,10.0,0.0,1
2026-03-23 15:17:49,38.88,400.0,403.0,20.0,0.0,1,400.0,401.0,20.0,0.0,1,400.0,402.0,10.0,0.0,1,400.0,401.0,10.0,0.0,1,400.0,400.0,10.0,0.0,1,400.0,403.0,10.0,0.0,1
2026-03-23 15:17:50,40.02,400.0,402.0,20.0,0.0,1,400.0,401.0,20.0,0.0,1,400.0,402.0,10.0,0.0,1,400.0,401.0,10.0,0.0,1,400.0,402.0,10.0,0.0,1,400.0,403.0,10.0,0.0,1
2026-03-23 15:17:52,41.5,400.0,403.0,20.0,0.0,1,400.0,401.0,20.0,0.0,1,400.0,402.0,10.0,0.0,1,400.0,402.0,10.0,0.0,1,400.0,400.0,10.0,0.0,1,400.0,402.0,10.0,0.0,1
2026-03-23 15:17:53,42.58,400.0,402.0,20.0,0.0,1,400.0,401.0,20.0,0.0,1,400.0,402.0,10.0,0.0,1,400.0,401.0,10.0,0.0,1,400.0,400.0,10.0,0.0,1,400.0,403.0,10.0,0.0,1
2026-03-23 15:17:54,43.85,400.0,403.0,20.0,0.0,1,400.0,401.0,20.0,0.0,1,400.0,402.0,10.0,0.0,1,400.0,401.0,10.0,0.0,1,400.0,400.0,10.0,0.0,1,400.0,402.0,10.0,0.0,1
2026-03-23 15:17:55,45.0,400.0,404.0,20.0,0.0,1,400.0,401.0,20.0,0.0,1,400.0,403.0,10.0,0.0,1,400.0,402.0,10.0,0.0,1,400.0,400.0,10.0,0.0,1,400.0,403.0,10.0,0.0,1
2026-03-23 15:17:56,46.31,400.0,403.0,20.0,0.0,1,400.0,401.0,20.0,0.0,1,400.0,402.0,10.0,0.0,1,400.0,402.0,10.0,0.0,1,400.0,400.0,10.0,0.0,1,400.0,403.0,10.0,0.0,1
2026-03-23 15:17:58,47.54,400.0,403.0,20.0,0.0,1,400.0,401.0,20.0,0.0,1,400.0,401.0,10.0,0.0,1,400.0,401.0,10.0,0.0,1,400.0,401.0,10.0,0.0,1,400.0,403.0,10.0,0.0,1
2026-03-23 15:17:59,48.95,400.0,404.0,20.0,0.0,1,400.0,401.0,20.0,0.0,1,400.0,402.0,10.0,0.0,1,400.0,401.0,10.0,0.0,1,400.0,401.0,10.0,0.0,1,400.0,403.0,10.0,0.0,1
2026-03-23 15:18:00,50.31,400.0,403.0,20.0,0.0,1,400.0,401.0,20.0,0.0,1,400.0,402.0,10.0,0.0,1,400.0,401.0,10.0,0.0,1,400.0,400.0,10.0,0.0,1,400.0,403.0,10.0,0.0,1
2026-03-23 15:18:02,51.76,400.0,403.0,20.0,0.0,1,400.0,401.0,20.0,0.0,1,400.0,402.0,10.0,0.0,1,400.0,401.0,10.0,0.0,1,400.0,402.0,10.0,0.0,1,400.0,403.0,10.0,0.0,1
2026-03-23 15:18:03,52.92,400.0,403.0,20.0,0.0,1,400.0,400.0,20.0,0.0,1,400.0,402.0,10.0,0.0,1,400.0,400.0,10.0,0.0,1,400.0,400.0,10.0,0.0,1,400.0,403.0,10.0,0.0,1
2026-03-23 15:18:05,54.38,400.0,403.0,20.0,0.0,1,400.0,400.0,20.0,0.0,1,400.0,402.0,10.0,0.0,1,400.0,401.0,10.0,0.0,1,400.0,401.0,10.0,0.0,1,400.0,403.0,10.0,0.0,1
2026-03-23 15:18:06,56.05,400.0,403.0,20.0,0.0,1,400.0,400.0,20.0,0.0,1,400.0,402.0,10.0,0.0,1,400.0,401.0,10.0,0.0,1,400.0,400.0,10.0,0.0,1,400.0,403.0,10.0,0.0,1
2026-03-23 15:18:08,57.41,400.0,402.0,20.0,0.0,1,400.0,401.0,20.0,0.0,1,400.0,402.0,10.0,0.0,1,400.0,401.0,10.0,0.0,1,400.0,402.0,10.0,0.0,1,400.0,404.0,10.0,0.0,1
2026-03-23 15:18:09,58.89,400.0,403.0,20.0,0.0,1,400.0,399.0,20.0,0.0,1,400.0,401.0,10.0,0.0,1,400.0,401.0,10.0,0.0,1,400.0,401.0,10.0,0.0,1,400.0,403.0,10.0,0.0,1
2026-03-23 15:18:10,60.26,400.0,402.0,20.0,0.0,1,400.0,400.0,20.0,0.0,1,400.0,403.0,10.0,0.0,1,400.0,401.0,10.0,0.0,1,400.0,400.0,10.0,0.0,1,400.0,403.0,10.0,0.0,1
2026-03-23 15:18:12,61.56,400.0,402.0,20.0,0.0,1,400.0,400.0,20.0,0.0,1,400.0,402.0,10.0,0.0,1,400.0,401.0,10.0,0.0,1,400.0,402.0,10.0,0.0,1,400.0,403.0,10.0,0.0,1
2026-03-23 15:18:13,63.01,400.0,402.0,20.0,0.0,1,400.0,400.0,20.0,0.0,1,400.0,402.0,10.0,0.0,1,400.0,401.0,10.0,0.0,1,400.0,401.0,10.0,0.0,1,400.0,404.0,10.0,0.0,1
2026-03-23 15:18:15,64.55,400.0,403.0,20.0,0.0,1,400.0,400.0,20.0,0.0,1,400.0,401.0,10.0,0.0,1,400.0,402.0,10.0,0.0,1,400.0,401.0,10.0,0.0,1,400.0,404.0,10.0,0.0,1
2026-03-23 15:18:16,66.05,400.0,403.0,20.0,0.0,1,400.0,401.0,20.0,0.0,1,400.0,402.0,10.0,0.0,1,400.0,401.0,10.0,0.0,1,400.0,399.0,10.0,0.0,1,400.0,403.0,10.0,0.0,1
2026-03-23 15:18:17,67.24,400.0,404.0,20.0,0.0,1,400.0,400.0,20.0,0.0,1,400.0,402.0,10.0,0.0,1,400.0,401.0,10.0,0.0,1,400.0,402.0,10.0,0.0,1,400.0,404.0,10.0,0.0,1
2026-03-23 15:18:19,68.55,400.0,404.0,20.0,0.0,1,400.0,401.0,20.0,0.0,1,400.0,402.0,10.0,0.0,1,400.0,401.0,10.0,0.0,1,400.0,401.0,10.0,0.0,1,400.0,403.0,10.0,0.0,1
2026-03-23 15:18:20,69.82,400.0,402.0,20.0,0.0,1,400.0,400.0,20.0,0.0,1,400.0,402.0,10.0,0.0,1,400.0,402.0,10.0,0.0,1,400.0,400.0,10.0,0.0,1,400.0,402.0,10.0,0.0,1
2026-03-23 15:18:21,70.91,400.0,403.0,20.0,0.0,1,400.0,401.0,20.0,0.0,1,400.0,403.0,10.0,0.0,1,400.0,401.0,10.0,0.0,1,400.0,402.0,10.0,0.0,1,400.0,403.0,10.0,0.0,1
2026-03-23 15:18:22,72.21,400.0,403.0,20.0,0.0,1,400.0,401.0,20.0,0.0,1,400.0,402.0,10.0,0.0,1,400.0,401.0,10.0,0.0,1,400.0,400.0,10.0,0.0,1,400.0,404.0,10.0,0.0,1
2026-03-23 15:18:24,73.55,400.0,401.0,20.0,0.0,1,400.0,401.0,20.0,0.0,1,400.0,402.0,10.0,0.0,1,400.0,401.0,10.0,0.0,1,400.0,401.0,10.0,0.0,1,400.0,402.0,10.0,0.0,1
2026-03-23 15:18:25,75.1,400.0,400.0,20.0,0.0,1,400.0,400.0,20.0,0.0,1,400.0,402.0,10.0,0.0,1,400.0,402.0,10.0,0.0,1,400.0,400.0,10.0,0.0,1,400.0,403.0,10.0,0.0,1
2026-03-23 15:18:27,76.52,400.0,404.0,20.0,0.0,1,400.0,401.0,20.0,0.0,1,400.0,403.0,10.0,0.0,1,400.0,400.0,10.0,0.0,1,400.0,401.0,10.0,0.0,1,400.0,403.0,10.0,0.0,1
2026-03-23 15:18:28,77.92,400.0,403.0,20.0,0.0,1,400.0,401.0,20.0,0.0,1,400.0,401.0,10.0,0.0,1,400.0,400.0,10.0,0.0,1,400.0,401.0,10.0,0.0,1,400.0,403.0,10.0,0.0,1
2026-03-23 15:18:30,79.41,400.0,402.0,20.0,0.0,1,400.0,401.0,20.0,0.0,1,400.0,402.0,10.0,0.0,1,400.0,401.0,10.0,0.0,1,400.0,401.0,10.0,0.0,1,400.0,403.0,10.0,0.0,1
2026-03-23 15:18:31,80.94,400.0,402.0,20.0,0.0,1,400.0,400.0,20.0,0.0,1,400.0,402.0,10.0,0.0,1,400.0,401.0,10.0,0.0,1,400.0,401.0,10.0,0.0,1,400.0,403.0,10.0,0.0,1
2026-03-23 15:18:33,82.37,400.0,404.0,20.0,0.0,1,400.0,400.0,20.0,0.0,1,400.0,402.0,10.0,0.0,1,400.0,401.0,10.0,0.0,1,400.0,402.0,10.0,0.0,1,400.0,403.0,10.0,0.0,1
2026-03-23 15:18:34,83.85,400.0,403.0,20.0,0.0,1,400.0,400.0,20.0,0.0,1,400.0,402.0,10.0,0.0,1,400.0,400.0,10.0,0.0,1,400.0,400.0,10.0,0.0,1,400.0,402.0,10.0,0.0,1
2026-03-23 15:18:35,85.32,400.0,403.0,20.0,0.0,1,400.0,400.0,20.0,0.0,1,400.0,402.0,10.0,0.0,1,400.0,401.0,10.0,0.0,1,400.0,400.0,10.0,0.0,1,400.0,402.0,10.0,0.0,1
2026-03-23 15:18:37,86.57,400.0,401.0,20.0,0.0,1,400.0,400.0,20.0,0.0,1,400.0,402.0,10.0,0.0,1,400.0,400.0,10.0,0.0,1,400.0,401.0,10.0,0.0,1,400.0,403.0,10.0,0.0,1
2026-03-23 15:18:38,87.94,400.0,403.0,20.0,0.0,1,400.0,401.0,20.0,0.0,1,400.0,402.0,10.0,0.0,1,400.0,401.0,10.0,0.0,1,400.0,400.0,10.0,0.0,1,400.0,402.0,10.0,0.0,1
2026-03-23 15:18:39,89.13,400.0,403.0,20.0,0.0,1,400.0,401.0,20.0,0.0,1,400.0,402.0,10.0,0.0,1,400.0,401.0,10.0,0.0,1,400.0,400.0,10.0,0.0,1,400.0,404.0,10.0,0.0,1
2026-03-23 15:18:41,90.56,400.0,403.0,20.0,0.0,1,400.0,401.0,20.0,0.0,1,400.0,402.0,10.0,0.0,1,400.0,400.0,10.0,0.0,1,400.0,401.0,10.0,0.0,1,400.0,404.0,10.0,0.0,1
2026-03-23 15:18:42,91.91,400.0,404.0,20.0,0.0,1,400.0,401.0,20.0,0.0,1,400.0,402.0,10.0,0.0,1,400.0,401.0,10.0,0.0,1,400.0,401.0,10.0,0.0,1,400.0,402.0,10.0,0.0,1
2026-03-23 15:18:44,93.51,400.0,402.0,20.0,0.0,1,400.0,401.0,20.0,0.0,1,400.0,402.0,10.0,0.0,1,400.0,401.0,10.0,0.0,1,400.0,400.0,10.0,0.0,1,400.0,403.0,10.0,0.0,1
2026-03-23 15:18:45,94.84,400.0,403.0,20.0,0.0,1,400.0,400.0,20.0,0.0,1,400.0,402.0,10.0,0.0,1,400.0,402.0,10.0,0.0,1,400.0,399.0,10.0,0.0,1,400.0,403.0,10.0,0.0,1
2026-03-23 15:18:46,96.03,400.0,403.0,20.0,0.0,1,400.0,401.0,20.0,0.0,1,400.0,402.0,10.0,0.0,1,400.0,401.0,10.0,0.0,1,400.0,401.0,10.0,0.0,1,400.0,403.0,10.0,0.0,1
2026-03-23 15:18:47,97.12,400.0,403.0,20.0,0.0,1,400.0,401.0,20.0,0.0,1,400.0,402.0,10.0,0.0,1,400.0,401.0,10.0,0.0,1,400.0,402.0,10.0,0.0,1,400.0,402.0,10.0,0.0,1
2026-03-23 15:18:49,98.51,400.0,403.0,20.0,0.0,1,400.0,401.0,20.0,0.0,1,400.0,402.0,10.0,0.0,1,400.0,403.0,10.0,0.0,1,400.0,401.0,10.0,0.0,1,400.0,403.0,10.0,0.0,1
2026-03-23 15:18:50,99.68,400.0,403.0,20.0,0.0,1,400.0,401.0,20.0,0.0,1,400.0,402.0,10.0,0.0,1,400.0,401.0,10.0,0.0,1,400.0,399.0,10.0,0.0,1,400.0,403.0,10.0,0.0,1
2026-03-23 15:18:51,100.79,400.0,403.0,20.0,0.0,1,400.0,401.0,20.0,0.0,1,400.0,402.0,10.0,0.0,1,400.0,400.0,10.0,0.0,1,400.0,400.0,10.0,0.0,1,400.0,403.0,10.0,0.0,1
2026-03-23 15:18:52,101.87,400.0,402.0,20.0,0.0,1,400.0,401.0,20.0,0.0,1,400.0,402.0,10.0,0.0,1,400.0,400.0,10.0,0.0,1,400.0,400.0,10.0,0.0,1,400.0,403.0,10.0,0.0,1
2026-03-23 15:18:53,102.99,400.0,403.0,20.0,0.0,1,400.0,401.0,20.0,0.0,1,400.0,402.0,10.0,0.0,1,400.0,402.0,10.0,0.0,1,400.0,399.0,10.0,0.0,1,400.0,403.0,10.0,0.0,1
2026-03-23 15:18:54,104.09,400.0,403.0,20.0,0.0,1,400.0,400.0,20.0,0.0,1,400.0,402.0,10.0,0.0,1,400.0,400.0,10.0,0.0,1,400.0,400.0,10.0,0.0,1,400.0,402.0,10.0,0.0,1
2026-03-23 15:18:56,105.39,400.0,404.0,20.0,0.0,1,400.0,400.0,20.0,0.0,1,400.0,403.0,10.0,0.0,1,400.0,400.0,10.0,0.0,1,400.0,401.0,10.0,0.0,1,400.0,403.0,10.0,0.0,1
2026-03-23 15:18:57,106.46,400.0,404.0,20.0,0.0,1,400.0,400.0,20.0,0.0,1,400.0,402.0,10.0,0.0,1,400.0,401.0,10.0,0.0,1,400.0,399.0,10.0,0.0,1,400.0,403.0,10.0,0.0,1
2026-03-23 15:18:58,107.57,400.0,404.0,20.0,0.0,1,400.0,401.0,20.0,0.0,1,400.0,402.0,10.0,0.0,1,400.0,401.0,10.0,0.0,1,400.0,402.0,10.0,0.0,1,400.0,402.0,10.0,0.0,1
2026-03-23 15:18:59,109.0,400.0,405.0,20.0,0.0,1,400.0,401.0,20.0,0.0,1,400.0,402.0,10.0,0.0,1,400.0,400.0,10.0,0.0,1,400.0,400.0,10.0,0.0,1,400.0,403.0,10.0,0.0,1
2026-03-23 15:19:00,110.2,400.0,405.0,20.0,0.0,1,400.0,400.0,20.0,0.0,1,400.0,402.0,10.0,0.0,1,400.0,401.0,10.0,0.0,1,400.0,401.0,10.0,0.0,1,400.0,402.0,10.0,0.0,1
2026-03-23 15:19:01,111.29,400.0,402.0,20.0,0.0,1,400.0,401.0,20.0,0.0,1,400.0,402.0,10.0,0.0,1,400.0,401.0,10.0,0.0,1,400.0,400.0,10.0,0.0,1,400.0,402.0,10.0,0.0,1
2026-03-23 15:19:03,112.63,400.0,403.0,20.0,0.0,1,400.0,400.0,20.0,0.0,1,400.0,401.0,10.0,0.0,1,400.0,402.0,10.0,0.0,1,400.0,400.0,10.0,0.0,1,400.0,402.0,10.0,0.0,1
2026-03-23 15:19:04,113.87,400.0,403.0,20.0,0.0,1,400.0,400.0,20.0,0.0,1,400.0,402.0,10.0,0.0,1,400.0,402.0,10.0,0.0,1,400.0,401.0,10.0,0.0,1,400.0,403.0,10.0,0.0,1
2026-03-23 15:19:05,114.98,400.0,405.0,20.0,0.0,1,400.0,400.0,20.0,0.0,1,400.0,402.0,10.0,0.0,1,400.0,402.0,10.0,0.0,1,400.0,401.0,10.0,0.0,1,400.0,403.0,10.0,0.0,1
2026-03-23 15:19:07,116.36,400.0,404.0,20.0,0.0,1,400.0,400.0,20.0,0.0,1,400.0,403.0,10.0,0.0,1,400.0,402.0,10.0,0.0,1,400.0,400.0,10.0,0.0,1,400.0,402.0,10.0,0.0,1
2026-03-23 15:19:08,117.5,400.0,404.0,20.0,0.0,1,400.0,400.0,20.0,0.0,1,400.0,401.0,10.0,0.0,1,400.0,400.0,10.0,0.0,1,400.0,400.0,10.0,0.0,1,400.0,404.0,10.0,0.0,1
2026-03-23 15:19:09,118.61,400.0,404.0,20.0,0.0,1,400.0,400.0,20.0,0.0,1,400.0,401.0,10.0,0.0,1,400.0,402.0,10.0,0.0,1,400.0,400.0,10.0,0.0,1,400.0,402.0,10.0,0.0,1
2026-03-23 15:19:10,119.69,400.0,403.0,20.0,0.0,1,400.0,400.0,20.0,0.0,1,400.0,402.0,10.0,0.0,1,400.0,401.0,10.0,0.0,1,400.0,400.0,10.0,0.0,1,400.0,403.0,10.0,0.0,1
2026-03-23 15:19:11,120.78,400.0,403.0,20.0,0.0,1,400.0,400.0,20.0,0.0,1,400.0,401.0,10.0,0.0,1,400.0,402.0,10.0,0.0,1,400.0,400.0,10.0,0.0,1,400.0,403.0,10.0,0.0,1
2026-03-23 15:19:12,121.85,400.0,403.0,20.0,0.0,1,400.0,400.0,20.0,0.0,1,400.0,402.0,10.0,0.0,1,400.0,402.0,10.0,0.0,1,400.0,400.0,10.0,0.0,1,400.0,403.0,10.0,0.0,1
2026-03-23 15:19:13,122.99,400.0,403.0,20.0,0.0,1,400.0,400.0,20.0,0.0,1,400.0,402.0,10.0,0.0,1,400.0,401.0,10.0,0.0,1,400.0,401.0,10.0,0.0,1,400.0,404.0,10.0,0.0,1
2026-03-23 15:19:14,124.24,400.0,403.0,20.0,0.0,1,400.0,400.0,20.0,0.0,1,400.0,402.0,10.0,0.0,1,400.0,401.0,10.0,0.0,1,400.0,401.0,10.0,0.0,1,400.0,402.0,10.0,0.0,1
2026-03-23 15:19:15,125.35,400.0,404.0,20.0,0.0,1,400.0,401.0,20.0,0.0,1,400.0,402.0,10.0,0.0,1,400.0,401.0,10.0,0.0,1,400.0,400.0,10.0,0.0,1,400.0,402.0,10.0,0.0,1
2026-03-23 15:19:17,126.48,400.0,402.0,20.0,0.0,1,400.0,401.0,20.0,0.0,1,400.0,402.0,10.0,0.0,1,400.0,402.0,10.0,0.0,1,400.0,400.0,10.0,0.0,1,400.0,402.0,10.0,0.0,1
2026-03-23 15:19:18,127.57,400.0,403.0,20.0,0.0,1,400.0,400.0,20.0,0.0,1,400.0,402.0,10.0,0.0,1,400.0,402.0,10.0,0.0,1,400.0,400.0,10.0,0.0,1,400.0,403.0,10.0,0.0,1
2026-03-23 15:19:19,128.7,400.0,403.0,20.0,0.0,1,400.0,400.0,20.0,0.0,1,400.0,403.0,10.0,0.0,1,400.0,401.0,10.0,0.0,1,400.0,401.0,10.0,0.0,1,400.0,403.0,10.0,0.0,1
2026-03-23 15:19:20,129.87,400.0,403.0,20.0,0.0,1,400.0,401.0,20.0,0.0,1,400.0,402.0,10.0,0.0,1,400.0,401.0,10.0,0.0,1,400.0,402.0,10.0,0.0,1,400.0,403.0,10.0,0.0,1
2026-03-23 15:19:21,130.94,400.0,404.0,20.0,0.0,1,400.0,400.0,20.0,0.0,1,400.0,403.0,10.0,0.0,1,400.0,401.0,10.0,0.0,1,400.0,401.0,10.0,0.0,1,400.0,403.0,10.0,0.0,1
2026-03-23 15:19:22,132.08,400.0,402.0,20.0,0.0,1,400.0,401.0,20.0,0.0,1,400.0,402.0,10.0,0.0,1,400.0,401.0,10.0,0.0,1,400.0,401.0,10.0,0.0,1,400.0,403.0,10.0,0.0,1
2026-03-23 15:19:23,133.22,400.0,403.0,20.0,0.0,1,400.0,400.0,20.0,0.0,1,400.0,402.0,10.0,0.0,1,400.0,401.0,10.0,0.0,1,400.0,401.0,10.0,0.0,1,400.0,403.0,10.0,0.0,1
2026-03-23 15:19:24,134.3,400.0,404.0,20.0,0.0,1,400.0,400.0,20.0,0.0,1,400.0,402.0,10.0,0.0,1,400.0,401.0,10.0,0.0,1,400.0,400.0,10.0,0.0,1,400.0,402.0,10.0,0.0,1
2026-03-23 15:19:26,135.42,400.0,404.0,20.0,0.0,1,400.0,400.0,20.0,0.0,1,400.0,401.0,10.0,0.0,1,400.0,401.0,10.0,0.0,1,400.0,401.0,10.0,0.0,1,400.0,402.0,10.0,0.0,1
2026-03-23 15:19:27,136.54,400.0,402.0,20.0,0.0,1,400.0,400.0,20.0,0.0,1,400.0,402.0,10.0,0.0,1,400.0,401.0,10.0,0.0,1,400.0,400.0,10.0,0.0,1,400.0,402.0,10.0,0.0,1
2026-03-23 15:19:28,137.61,400.0,402.0,20.0,0.0,1,400.0,401.0,20.0,0.0,1,400.0,402.0,10.0,0.0,1,400.0,401.0,10.0,0.0,1,400.0,401.0,10.0,0.0,1,400.0,403.0,10.0,0.0,1
2026-03-23 15:19:29,138.77,400.0,403.0,20.0,0.0,1,400.0,401.0,20.0,0.0,1,400.0,402.0,10.0,0.0,1,400.0,400.0,10.0,0.0,1,400.0,400.0,10.0,0.0,1,400.0,403.0,10.0,0.0,1
2026-03-23 15:19:30,139.84,400.0,402.0,20.0,0.0,1,400.0,401.0,20.0,0.0,1,400.0,402.0,10.0,0.0,1,400.0,400.0,10.0,0.0,1,400.0,402.0,10.0,0.0,1,400.0,403.0,10.0,0.0,1
2026-03-23 15:19:31,140.98,400.0,403.0,20.0,0.0,1,400.0,401.0,20.0,0.0,1,400.0,402.0,10.0,0.0,1,400.0,401.0,10.0,0.0,1,400.0,401.0,10.0,0.0,1,400.0,403.0,10.0,0.0,1
2026-03-23 15:19:32,142.11,400.0,402.0,20.0,0.0,1,400.0,401.0,20.0,0.0,1,400.0,402.0,10.0,0.0,1,400.0,401.0,10.0,0.0,1,400.0,400.0,10.0,0.0,1,400.0,403.0,10.0,0.0,1
2026-03-23 15:19:33,143.21,400.0,404.0,20.0,0.0,1,400.0,401.0,20.0,0.0,1,400.0,402.0,10.0,0.0,1,400.0,401.0,10.0,0.0,1,400.0,401.0,10.0,0.0,1,400.0,402.0,10.0,0.0,1
2026-03-23 15:19:34,144.35,400.0,404.0,20.0,0.0,1,400.0,401.0,20.0,0.0,1,400.0,402.0,10.0,0.0,1,400.0,400.0,10.0,0.0,1,400.0,401.0,10.0,0.0,1,400.0,403.0,10.0,0.0,1
2026-03-23 15:19:36,145.5,400.0,403.0,20.0,0.0,1,400.0,401.0,20.0,0.0,1,400.0,402.0,10.0,0.0,1,400.0,401.0,10.0,0.0,1,400.0,401.0,10.0,0.0,1,400.0,403.0,10.0,0.0,1
2026-03-23 15:19:37,146.6,400.0,402.0,20.0,0.0,1,400.0,401.0,20.0,0.0,1,400.0,403.0,10.0,0.0,1,400.0,402.0,10.0,0.0,1,400.0,399.0,10.0,0.0,1,400.0,402.0,10.0,0.0,1
2026-03-23 15:19:38,148.07,400.0,403.0,20.0,0.0,1,400.0,400.0,20.0,0.0,1,400.0,402.0,10.0,0.0,1,400.0,401.0,10.0,0.0,1,400.0,400.0,10.0,0.0,1,400.0,403.0,10.0,0.0,1
2026-03-23 15:19:39,149.24,400.0,403.0,20.0,0.0,1,400.0,401.0,20.0,0.0,1,400.0,403.0,10.0,0.0,1,400.0,401.0,10.0,0.0,1,400.0,400.0,10.0,0.0,1,400.0,403.0,10.0,0.0,1
2026-03-23 15:19:41,150.36,400.0,403.0,20.0,0.0,1,400.0,401.0,20.0,0.0,1,400.0,402.0,10.0,0.0,1,400.0,401.0,10.0,0.0,1,400.0,401.0,10.0,0.0,1,400.0,403.0,10.0,0.0,1
2026-03-23 15:19:42,151.45,400.0,403.0,20.0,0.0,1,400.0,401.0,20.0,0.0,1,400.0,402.0,10.0,0.0,1,400.0,401.0,10.0,0.0,1,400.0,400.0,10.0,0.0,1,400.0,404.0,10.0,0.0,1
2026-03-23 15:19:43,152.59,400.0,403.0,20.0,0.0,1,400.0,401.0,20.0,0.0,1,400.0,402.0,10.0,0.0,1,400.0,402.0,10.0,0.0,1,400.0,401.0,10.0,0.0,1,400.0,403.0,10.0,0.0,1
2026-03-23 15:19:44,153.69,400.0,403.0,20.0,0.0,1,400.0,401.0,20.0,0.0,1,400.0,402.0,10.0,0.0,1,400.0,401.0,10.0,0.0,1,400.0,402.0,10.0,0.0,1,400.0,402.0,10.0,0.0,1
2026-03-23 15:19:45,154.78,400.0,402.0,20.0,0.0,1,400.0,401.0,20.0,0.0,1,400.0,401.0,10.0,0.0,1,400.0,401.0,10.0,0.0,1,400.0,402.0,10.0,0.0,1,400.0,402.0,10.0,0.0,1
2026-03-23 15:19:46,155.95,400.0,402.0,20.0,0.0,1,400.0,400.0,20.0,0.0,1,400.0,402.0,10.0,0.0,1,400.0,401.0,10.0,0.0,1,400.0,401.0,10.0,0.0,1,400.0,404.0,10.0,0.0,1
2026-03-23 15:19:47,157.1,400.0,404.0,20.0,0.0,1,400.0,400.0,20.0,0.0,1,400.0,402.0,10.0,0.0,1,400.0,402.0,10.0,0.0,1,400.0,400.0,10.0,0.0,1,400.0,403.0,10.0,0.0,1
2026-03-23 15:19:48,158.21,400.0,403.0,20.0,0.0,1,400.0,401.0,20.0,0.0,1,400.0,402.0,10.0,0.0,1,400.0,402.0,10.0,0.0,1,400.0,401.0,10.0,0.0,1,400.0,403.0,10.0,0.0,1
2026-03-23 15:19:49,159.35,400.0,403.0,20.0,0.0,1,400.0,401.0,20.0,0.0,1,400.0,402.0,10.0,0.0,1,400.0,401.0,10.0,0.0,1,400.0,402.0,10.0,0.0,1,400.0,403.0,10.0,0.0,1
2026-03-23 15:19:51,160.74,400.0,404.0,20.0,0.0,1,400.0,401.0,20.0,0.0,1,400.0,402.0,10.0,0.0,1,400.0,401.0,10.0,0.0,1,400.0,400.0,10.0,0.0,1,400.0,402.0,10.0,0.0,1
2026-03-23 15:19:52,161.87,400.0,402.0,20.0,0.0,1,400.0,402.0,20.0,0.0,1,400.0,402.0,10.0,0.0,1,400.0,402.0,10.0,0.0,1,400.0,401.0,10.0,0.0,1,400.0,402.0,10.0,0.0,1
2026-03-23 15:19:53,162.95,400.0,404.0,20.0,0.0,1,400.0,401.0,20.0,0.0,1,400.0,402.0,10.0,0.0,1,400.0,400.0,10.0,0.0,1,400.0,401.0,10.0,0.0,1,400.0,402.0,10.0,0.0,1
2026-03-23 15:19:54,164.07,400.0,403.0,20.0,0.0,1,400.0,400.0,20.0,0.0,1,400.0,402.0,10.0,0.0,1,400.0,400.0,10.0,0.0,1,400.0,400.0,10.0,0.0,1,400.0,403.0,10.0,0.0,1
2026-03-23 15:19:55,165.13,400.0,401.0,20.0,0.0,1,400.0,400.0,20.0,0.0,1,400.0,401.0,10.0,0.0,1,400.0,401.0,10.0,0.0,1,400.0,401.0,10.0,0.0,1,400.0,403.0,10.0,0.0,1
2026-03-23 15:19:56,166.23,400.0,403.0,20.0,0.0,1,400.0,401.0,20.0,0.0,1,400.0,402.0,10.0,0.0,1,400.0,401.0,10.0,0.0,1,400.0,401.0,10.0,0.0,1,400.0,404.0,10.0,0.0,1
2026-03-23 15:19:57,167.3,400.0,404.0,20.0,0.0,1,400.0,400.0,20.0,0.0,1,400.0,402.0,10.0,0.0,1,400.0,402.0,10.0,0.0,1,400.0,401.0,10.0,0.0,1,400.0,403.0,10.0,0.0,1
2026-03-23 15:19:59,168.68,400.0,402.0,20.0,0.0,1,400.0,400.0,20.0,0.0,1,400.0,402.0,10.0,0.0,1,400.0,402.0,10.0,0.0,1,400.0,401.0,10.0,0.0,1,400.0,402.0,10.0,0.0,1
2026-03-23 15:20:00,169.78,400.0,402.0,20.0,0.0,1,400.0,400.0,20.0,0.0,1,400.0,402.0,10.0,0.0,1,400.0,402.0,10.0,0.0,1,400.0,402.0,10.0,0.0,1,400.0,403.0,10.0,0.0,1
2026-03-23 15:20:01,170.88,400.0,403.0,20.0,0.0,1,400.0,401.0,20.0,0.0,1,400.0,401.0,10.0,0.0,1,400.0,401.0,10.0,0.0,1,400.0,402.0,10.0,0.0,1,400.0,403.0,10.0,0.0,1
2026-03-23 15:20:02,172.0,400.0,403.0,20.0,0.0,1,400.0,400.0,20.0,0.0,1,400.0,402.0,10.0,0.0,1,400.0,401.0,10.0,0.0,1,400.0,401.0,10.0,0.0,1,400.0,403.0,10.0,0.0,1
2026-03-23 15:20:03,173.1,400.0,403.0,20.0,0.0,1,400.0,400.0,20.0,0.0,1,400.0,402.0,10.0,0.0,1,400.0,401.0,10.0,0.0,1,400.0,401.0,10.0,0.0,1,400.0,403.0,10.0,0.0,1
2026-03-23 15:20:04,174.25,400.0,403.0,20.0,0.0,1,400.0,401.0,20.0,0.0,1,400.0,402.0,10.0,0.0,1,400.0,403.0,10.0,0.0,1,400.0,400.0,10.0,0.0,1,400.0,402.0,10.0,0.0,1
2026-03-23 15:20:06,175.37,400.0,403.0,20.0,0.0,1,400.0,401.0,20.0,0.0,1,400.0,402.0,10.0,0.0,1,400.0,400.0,10.0,0.0,1,400.0,401.0,10.0,0.0,1,400.0,402.0,10.0,0.0,1
2026-03-23 15:20:07,176.49,400.0,403.0,20.0,0.0,1,400.0,400.0,20.0,0.0,1,400.0,402.0,10.0,0.0,1,400.0,401.0,10.0,0.0,1,400.0,400.0,10.0,0.0,1,400.0,403.0,10.0,0.0,1
2026-03-23 15:20:08,177.56,400.0,402.0,20.0,0.0,1,400.0,400.0,20.0,0.0,1,400.0,402.0,10.0,0.0,1,400.0,400.0,10.0,0.0,1,400.0,400.0,10.0,0.0,1,400.0,403.0,10.0,0.0,1
2026-03-23 15:20:09,178.7,400.0,402.0,20.0,0.0,1,400.0,400.0,20.0,0.0,1,400.0,402.0,10.0,0.0,1,400.0,400.0,10.0,0.0,1,400.0,400.0,10.0,0.0,1,400.0,403.0,10.0,0.0,1
2026-03-23 15:20:10,179.81,400.0,402.0,20.0,0.0,1,400.0,400.0,20.0,0.0,1,400.0,402.0,10.0,0.0,1,400.0,402.0,10.0,0.0,1,400.0,400.0,10.0,0.0,1,400.0,403.0,10.0,0.0,1
2026-03-23 15:20:11,180.88,400.0,402.0,20.0,0.0,1,400.0,401.0,20.0,0.0,1,400.0,403.0,10.0,0.0,1,400.0,402.0,10.0,0.0,1,400.0,401.0,10.0,0.0,1,400.0,403.0,10.0,0.0,1
2026-03-23 15:20:12,182.16,400.0,404.0,20.0,0.0,1,400.0,401.0,20.0,0.0,1,400.0,403.0,10.0,0.0,1,400.0,401.0,10.0,0.0,1,400.0,401.0,10.0,0.0,1,400.0,402.0,10.0,0.0,1
2026-03-23 15:20:14,183.65,400.0,402.0,20.0,0.0,1,400.0,401.0,20.0,0.0,1,400.0,401.0,10.0,0.0,1,400.0,401.0,10.0,0.0,1,400.0,401.0,10.0,0.0,1,400.0,403.0,10.0,0.0,1
2026-03-23 15:20:15,184.83,400.0,401.0,20.0,0.0,1,400.0,401.0,20.0,0.0,1,400.0,402.0,10.0,0.0,1,400.0,401.0,10.0,0.0,1,400.0,400.0,10.0,0.0,1,400.0,404.0,10.0,0.0,1
2026-03-23 15:20:16,185.88,400.0,402.0,20.0,0.0,1,400.0,401.0,20.0,0.0,1,400.0,402.0,10.0,0.0,1,400.0,401.0,10.0,0.0,1,400.0,400.0,10.0,0.0,1,400.0,404.0,10.0,0.0,1
2026-03-23 15:20:17,187.01,400.0,402.0,20.0,0.0,1,400.0,401.0,20.0,0.0,1,400.0,401.0,10.0,0.0,1,400.0,401.0,10.0,0.0,1,400.0,401.0,10.0,0.0,1,400.0,404.0,10.0,0.0,1
2026-03-23 15:20:18,188.07,400.0,402.0,20.0,0.0,1,400.0,401.0,20.0,0.0,1,400.0,402.0,10.0,0.0,1,400.0,400.0,10.0,0.0,1,400.0,401.0,10.0,0.0,1,400.0,403.0,10.0,0.0,1
2026-03-23 15:20:19,189.24,400.0,403.0,20.0,0.0,1,400.0,401.0,20.0,0.0,1,400.0,402.0,10.0,0.0,1,400.0,400.0,10.0,0.0,1,400.0,401.0,10.0,0.0,1,400.0,403.0,10.0,0.0,1
2026-03-23 15:20:21,190.39,400.0,403.0,20.0,0.0,1,400.0,401.0,20.0,0.0,1,400.0,402.0,10.0,0.0,1,400.0,402.0,10.0,0.0,1,400.0,401.0,10.0,0.0,1,400.0,403.0,10.0,0.0,1
2026-03-23 15:20:22,191.45,400.0,404.0,20.0,0.0,1,400.0,401.0,20.0,0.0,1,400.0,401.0,10.0,0.0,1,400.0,401.0,10.0,0.0,1,400.0,400.0,10.0,0.0,1,400.0,404.0,10.0,0.0,1
2026-03-23 15:20:23,192.53,400.0,404.0,20.0,0.0,1,400.0,401.0,20.0,0.0,1,400.0,402.0,10.0,0.0,1,400.0,403.0,10.0,0.0,1,400.0,400.0,10.0,0.0,1,400.0,402.0,10.0,0.0,1
2026-03-23 15:20:24,193.64,400.0,403.0,20.0,0.0,1,400.0,401.0,20.0,0.0,1,400.0,403.0,10.0,0.0,1,400.0,401.0,10.0,0.0,1,400.0,400.0,10.0,0.0,1,400.0,403.0,10.0,0.0,1
2026-03-23 15:20:25,194.75,400.0,404.0,20.0,0.0,1,400.0,401.0,20.0,0.0,1,400.0,402.0,10.0,0.0,1,400.0,402.0,10.0,0.0,1,400.0,402.0,10.0,0.0,1,400.0,402.0,10.0,0.0,1
2026-03-23 15:20:26,196.06,400.0,403.0,20.0,0.0,1,400.0,401.0,20.0,0.0,1,400.0,403.0,10.0,0.0,1,400.0,402.0,10.0,0.0,1,400.0,400.0,10.0,0.0,1,400.0,402.0,10.0,0.0,1
2026-03-23 15:20:27,197.18,400.0,402.0,20.0,0.0,1,400.0,401.0,20.0,0.0,1,400.0,402.0,10.0,0.0,1,400.0,402.0,10.0,0.0,1,400.0,402.0,10.0,0.0,1,400.0,403.0,10.0,0.0,1
2026-03-23 15:20:28,198.27,400.0,403.0,20.0,0.0,1,400.0,401.0,20.0,0.0,1,400.0,402.0,10.0,0.0,1,400.0,401.0,10.0,0.0,1,400.0,401.0,10.0,0.0,1,400.0,403.0,10.0,0.0,1
2026-03-23 15:20:30,199.38,400.0,403.0,20.0,0.0,1,400.0,401.0,20.0,0.0,1,400.0,402.0,10.0,0.0,1,400.0,401.0,10.0,0.0,1,400.0,401.0,10.0,0.0,1,400.0,403.0,10.0,0.0,1
2026-03-23 15:20:31,200.5,400.0,403.0,20.0,0.0,1,400.0,401.0,20.0,0.0,1,400.0,402.0,10.0,0.0,1,400.0,401.0,10.0,0.0,1,400.0,401.0,10.0,0.0,1,400.0,404.0,10.0,0.0,1
2026-03-23 15:20:32,201.55,400.0,403.0,20.0,0.0,1,400.0,401.0,20.0,0.0,1,400.0,401.0,10.0,0.0,1,400.0,401.0,10.0,0.0,1,400.0,400.0,10.0,0.0,1,400.0,402.0,10.0,0.0,1
2026-03-23 15:20:33,203.09,400.0,403.0,20.0,0.0,1,400.0,400.0,20.0,0.0,1,400.0,402.0,10.0,0.0,1,400.0,402.0,10.0,0.0,1,400.0,400.0,10.0,0.0,1,400.0,402.0,10.0,0.0,1
2026-03-23 15:20:34,204.34,400.0,403.0,20.0,0.0,1,400.0,400.0,20.0,0.0,1,400.0,402.0,10.0,0.0,1,400.0,401.0,10.0,0.0,1,400.0,402.0,10.0,0.0,1,400.0,403.0,10.0,0.0,1
2026-03-23 15:20:36,205.56,400.0,403.0,20.0,0.0,1,400.0,399.0,20.0,0.0,1,400.0,403.0,10.0,0.0,1,400.0,403.0,10.0,0.0,1,400.0,402.0,10.0,0.0,1,400.0,403.0,10.0,0.0,1
2026-03-23 15:20:37,206.69,400.0,403.0,20.0,0.0,1,400.0,401.0,20.0,0.0,1,400.0,402.0,10.0,0.0,1,400.0,401.0,10.0,0.0,1,400.0,400.0,10.0,0.0,1,400.0,403.0,10.0,0.0,1
2026-03-23 15:20:38,207.75,400.0,403.0,20.0,0.0,1,400.0,401.0,20.0,0.0,1,400.0,402.0,10.0,0.0,1,400.0,403.0,10.0,0.0,1,400.0,400.0,10.0,0.0,1,400.0,403.0,10.0,0.0,1
2026-03-23 15:20:39,208.87,400.0,403.0,20.0,0.0,1,400.0,401.0,20.0,0.0,1,400.0,402.0,10.0,0.0,1,400.0,401.0,10.0,0.0,1,400.0,400.0,10.0,0.0,1,400.0,403.0,10.0,0.0,1
2026-03-23 15:20:40,210.35,400.0,403.0,20.0,0.0,1,400.0,401.0,20.0,0.0,1,400.0,402.0,10.0,0.0,1,400.0,402.0,10.0,0.0,1,400.0,401.0,10.0,0.0,1,400.0,404.0,10.0,0.0,1
2026-03-23 15:20:42,211.42,400.0,404.0,20.0,0.0,1,400.0,401.0,20.0,0.0,1,400.0,402.0,10.0,0.0,1,400.0,403.0,10.0,0.0,1,400.0,401.0,10.0,0.0,1,400.0,403.0,10.0,0.0,1
2026-03-23 15:20:43,212.54,400.0,403.0,20.0,0.0,1,400.0,401.0,20.0,0.0,1,400.0,401.0,10.0,0.0,1,400.0,400.0,10.0,0.0,1,400.0,401.0,10.0,0.0,1,400.0,403.0,10.0,0.0,1
2026-03-23 15:20:44,213.69,400.0,404.0,20.0,0.0,1,400.0,401.0,20.0,0.0,1,400.0,401.0,10.0,0.0,1,400.0,402.0,10.0,0.0,1,400.0,401.0,10.0,0.0,1,400.0,403.0,10.0,0.0,1
2026-03-23 15:20:45,214.77,400.0,404.0,20.0,0.0,1,400.0,401.0,20.0,0.0,1,400.0,402.0,10.0,0.0,1,400.0,402.0,10.0,0.0,1,400.0,400.0,10.0,0.0,1,400.0,403.0,10.0,0.0,1
2026-03-23 15:20:46,215.88,400.0,404.0,20.0,0.0,1,400.0,401.0,20.0,0.0,1,400.0,402.0,10.0,0.0,1,400.0,401.0,10.0,0.0,1,400.0,400.0,10.0,0.0,1,400.0,403.0,10.0,0.0,1
2026-03-23 15:20:47,216.99,400.0,404.0,20.0,0.0,1,400.0,401.0,20.0,0.0,1,400.0,402.0,10.0,0.0,1,400.0,402.0,10.0,0.0,1,400.0,401.0,10.0,0.0,1,400.0,403.0,10.0,0.0,1
2026-03-23 15:20:48,218.04,400.0,402.0,20.0,0.0,1,400.0,401.0,20.0,0.0,1,400.0,402.0,10.0,0.0,1,400.0,401.0,10.0,0.0,1,400.0,401.0,10.0,0.0,1,400.0,403.0,10.0,0.0,1
2026-03-23 15:20:49,219.2,400.0,402.0,20.0,0.0,1,400.0,401.0,20.0,0.0,1,400.0,402.0,10.0,0.0,1,400.0,402.0,10.0,0.0,1,400.0,401.0,10.0,0.0,1,400.0,403.0,10.0,0.0,1
2026-03-23 15:20:50,220.3,400.0,403.0,20.0,0.0,1,400.0,401.0,20.0,0.0,1,400.0,401.0,10.0,0.0,1,400.0,401.0,10.0,0.0,1,400.0,401.0,10.0,0.0,1,400.0,404.0,10.0,0.0,1
2026-03-23 15:20:52,221.66,400.0,402.0,20.0,0.0,1,400.0,401.0,20.0,0.0,1,400.0,403.0,10.0,0.0,1,400.0,401.0,10.0,0.0,1,400.0,401.0,10.0,0.0,1,400.0,403.0,10.0,0.0,1
2026-03-23 15:20:53,222.76,400.0,402.0,20.0,0.0,1,400.0,401.0,20.0,0.0,1,400.0,402.0,10.0,0.0,1,400.0,401.0,10.0,0.0,1,400.0,401.0,10.0,0.0,1,400.0,403.0,10.0,0.0,1
2026-03-23 15:20:54,223.89,400.0,403.0,20.0,0.0,1,400.0,401.0,20.0,0.0,1,400.0,402.0,10.0,0.0,1,400.0,400.0,10.0,0.0,1,400.0,401.0,10.0,0.0,1,400.0,403.0,10.0,0.0,1
2026-03-23 15:20:55,224.99,400.0,403.0,20.0,0.0,1,400.0,401.0,20.0,0.0,1,400.0,403.0,10.0,0.0,1,400.0,401.0,10.0,0.0,1,400.0,400.0,10.0,0.0,1,400.0,403.0,10.0,0.0,1
2026-03-23 15:20:56,226.15,400.0,403.0,20.0,0.0,1,400.0,400.0,20.0,0.0,1,400.0,403.0,10.0,0.0,1,400.0,401.0,10.0,0.0,1,400.0,400.0,10.0,0.0,1,400.0,403.0,10.0,0.0,1
2026-03-23 15:20:57,227.25,400.0,405.0,20.0,0.0,1,400.0,400.0,20.0,0.0,1,400.0,402.0,10.0,0.0,1,400.0,400.0,10.0,0.0,1,400.0,400.0,10.0,0.0,1,400.0,403.0,10.0,0.0,1
2026-03-23 15:20:59,228.38,400.0,404.0,20.0,0.0,1,400.0,400.0,20.0,0.0,1,400.0,401.0,10.0,0.0,1,400.0,402.0,10.0,0.0,1,400.0,400.0,10.0,0.0,1,400.0,403.0,10.0,0.0,1
2026-03-23 15:21:00,229.58,400.0,404.0,20.0,0.0,1,400.0,400.0,20.0,0.0,1,400.0,402.0,10.0,0.0,1,400.0,402.0,10.0,0.0,1,400.0,400.0,10.0,0.0,1,400.0,403.0,10.0,0.0,1
2026-03-23 15:21:01,230.72,400.0,404.0,20.0,0.0,1,400.0,400.0,20.0,0.0,1,400.0,402.0,10.0,0.0,1,400.0,401.0,10.0,0.0,1,400.0,401.0,10.0,0.0,1,400.0,404.0,10.0,0.0,1
2026-03-23 15:21:02,232.08,400.0,404.0,20.0,0.0,1,400.0,400.0,20.0,0.0,1,400.0,402.0,10.0,0.0,1,400.0,401.0,10.0,0.0,1,400.0,401.0,10.0,0.0,1,400.0,403.0,10.0,0.0,1
2026-03-23 15:21:03,233.33,400.0,403.0,20.0,0.0,1,400.0,401.0,20.0,0.0,1,400.0,403.0,10.0,0.0,1,400.0,401.0,10.0,0.0,1,400.0,401.0,10.0,0.0,1,400.0,403.0,10.0,0.0,1
2026-03-23 15:21:05,234.42,400.0,405.0,20.0,0.0,1,400.0,401.0,20.0,0.0,1,400.0,402.0,10.0,0.0,1,400.0,401.0,10.0,0.0,1,400.0,401.0,10.0,0.0,1,400.0,403.0,10.0,0.0,1
2026-03-23 15:21:06,235.89,400.0,402.0,20.0,0.0,1,400.0,401.0,20.0,0.0,1,400.0,403.0,10.0,0.0,1,400.0,402.0,10.0,0.0,1,400.0,400.0,10.0,0.0,1,400.0,402.0,10.0,0.0,1
2026-03-23 15:21:07,237.17,400.0,402.0,20.0,0.0,1,400.0,400.0,20.0,0.0,1,400.0,403.0,10.0,0.0,1,400.0,402.0,10.0,0.0,1,400.0,400.0,10.0,0.0,1,400.0,403.0,10.0,0.0,1
2026-03-23 15:21:08,238.25,400.0,402.0,20.0,0.0,1,400.0,400.0,20.0,0.0,1,400.0,403.0,10.0,0.0,1,400.0,402.0,10.0,0.0,1,400.0,401.0,10.0,0.0,1,400.0,403.0,10.0,0.0,1
2026-03-23 15:21:09,239.34,400.0,404.0,20.0,0.0,1,400.0,400.0,20.0,0.0,1,400.0,402.0,10.0,0.0,1,400.0,402.0,10.0,0.0,1,400.0,400.0,10.0,0.0,1,400.0,403.0,10.0,0.0,1
2026-03-23 15:21:11,240.48,400.0,402.0,20.0,0.0,1,400.0,401.0,20.0,0.0,1,400.0,403.0,10.0,0.0,1,400.0,401.0,10.0,0.0,1,400.0,400.0,10.0,0.0,1,400.0,403.0,10.0,0.0,1
2026-03-23 15:21:12,241.63,400.0,403.0,20.0,0.0,1,400.0,401.0,20.0,0.0,1,400.0,403.0,10.0,0.0,1,400.0,401.0,10.0,0.0,1,400.0,401.0,10.0,0.0,1,400.0,403.0,10.0,0.0,1
2026-03-23 15:21:13,242.86,400.0,401.0,20.0,0.0,1,400.0,401.0,20.0,0.0,1,400.0,402.0,10.0,0.0,1,400.0,401.0,10.0,0.0,1,400.0,401.0,10.0,0.0,1,400.0,403.0,10.0,0.0,1
2026-03-23 15:21:14,244.02,400.0,402.0,20.0,0.0,1,400.0,402.0,20.0,0.0,1,400.0,402.0,10.0,0.0,1,400.0,401.0,10.0,0.0,1,400.0,402.0,10.0,0.0,1,400.0,403.0,10.0,0.0,1
2026-03-23 15:21:15,245.15,400.0,403.0,20.0,0.0,1,400.0,401.0,20.0,0.0,1,400.0,402.0,10.0,0.0,1,400.0,401.0,10.0,0.0,1,400.0,401.0,10.0,0.0,1,400.0,403.0,10.0,0.0,1
2026-03-23 15:21:16,246.29,400.0,403.0,20.0,0.0,1,400.0,401.0,20.0,0.0,1,400.0,403.0,10.0,0.0,1,400.0,400.0,10.0,0.0,1,400.0,401.0,10.0,0.0,1,400.0,403.0,10.0,0.0,1
2026-03-23 15:21:18,247.41,400.0,405.0,20.0,0.0,1,400.0,401.0,20.0,0.0,1,400.0,402.0,10.0,0.0,1,400.0,401.0,10.0,0.0,1,400.0,401.0,10.0,0.0,1,400.0,403.0,10.0,0.0,1
2026-03-23 15:21:19,248.55,400.0,404.0,20.0,0.0,1,400.0,401.0,20.0,0.0,1,400.0,402.0,10.0,0.0,1,400.0,402.0,10.0,0.0,1,400.0,400.0,10.0,0.0,1,400.0,403.0,10.0,0.0,1
2026-03-23 15:21:20,249.69,400.0,402.0,20.0,0.0,1,400.0,401.0,20.0,0.0,1,400.0,402.0,10.0,0.0,1,400.0,402.0,10.0,0.0,1,400.0,400.0,10.0,0.0,1,400.0,404.0,10.0,0.0,1
2026-03-23 15:21:21,250.88,400.0,403.0,20.0,0.0,1,400.0,401.0,20.0,0.0,1,400.0,401.0,10.0,0.0,1,400.0,402.0,10.0,0.0,1,400.0,400.0,10.0,0.0,1,400.0,404.0,10.0,0.0,1
2026-03-23 15:21:22,251.98,400.0,403.0,20.0,0.0,1,400.0,400.0,20.0,0.0,1,400.0,402.0,10.0,0.0,1,400.0,402.0,10.0,0.0,1,400.0,401.0,10.0,0.0,1,400.0,403.0,10.0,0.0,1
2026-03-23 15:21:23,253.09,400.0,403.0,20.0,0.0,1,400.0,400.0,20.0,0.0,1,400.0,402.0,10.0,0.0,1,400.0,402.0,10.0,0.0,1,400.0,400.0,10.0,0.0,1,400.0,402.0,10.0,0.0,1
2026-03-23 15:21:24,254.21,400.0,403.0,20.0,0.0,1,400.0,400.0,20.0,0.0,1,400.0,402.0,10.0,0.0,1,400.0,401.0,10.0,0.0,1,400.0,401.0,10.0,0.0,1,400.0,403.0,10.0,0.0,1
2026-03-23 15:21:26,255.41,400.0,403.0,20.0,0.0,1,400.0,401.0,20.0,0.0,1,400.0,402.0,10.0,0.0,1,400.0,401.0,10.0,0.0,1,400.0,401.0,10.0,0.0,1,400.0,403.0,10.0,0.0,1
2026-03-23 15:21:27,256.52,400.0,403.0,20.0,0.0,1,400.0,401.0,20.0,0.0,1,400.0,403.0,10.0,0.0,1,400.0,401.0,10.0,0.0,1,400.0,401.0,10.0,0.0,1,400.0,404.0,10.0,0.0,1
2026-03-23 15:21:28,257.68,400.0,403.0,20.0,0.0,1,400.0,401.0,20.0,0.0,1,400.0,403.0,10.0,0.0,1,400.0,401.0,10.0,0.0,1,400.0,401.0,10.0,0.0,1,400.0,403.0,10.0,0.0,1
2026-03-23 15:21:29,258.75,400.0,403.0,20.0,0.0,1,400.0,401.0,20.0,0.0,1,400.0,402.0,10.0,0.0,1,400.0,401.0,10.0,0.0,1,400.0,401.0,10.0,0.0,1,400.0,403.0,10.0,0.0,1
2026-03-23 15:21:30,259.95,400.0,403.0,20.0,0.0,1,400.0,401.0,20.0,0.0,1,400.0,402.0,10.0,0.0,1,400.0,401.0,10.0,0.0,1,400.0,400.0,10.0,0.0,1,400.0,403.0,10.0,0.0,1
2026-03-23 15:21:31,261.08,400.0,403.0,20.0,0.0,1,400.0,401.0,20.0,0.0,1,400.0,401.0,10.0,0.0,1,400.0,401.0,10.0,0.0,1,400.0,401.0,10.0,0.0,1,400.0,403.0,10.0,0.0,1
2026-03-23 15:21:32,262.15,400.0,404.0,20.0,0.0,1,400.0,400.0,20.0,0.0,1,400.0,401.0,10.0,0.0,1,400.0,400.0,10.0,0.0,1,400.0,401.0,10.0,0.0,1,400.0,403.0,10.0,0.0,1
2026-03-23 15:21:33,263.32,400.0,404.0,20.0,0.0,1,400.0,400.0,20.0,0.0,1,400.0,403.0,10.0,0.0,1,400.0,400.0,10.0,0.0,1,400.0,402.0,10.0,0.0,1,400.0,404.0,10.0,0.0,1
2026-03-23 15:21:35,264.42,400.0,404.0,20.0,0.0,1,400.0,400.0,20.0,0.0,1,400.0,402.0,10.0,0.0,1,400.0,402.0,10.0,0.0,1,400.0,399.0,10.0,0.0,1,400.0,402.0,10.0,0.0,1
2026-03-23 15:21:36,265.51,400.0,404.0,20.0,0.0,1,400.0,401.0,20.0,0.0,1,400.0,402.0,10.0,0.0,1,400.0,400.0,10.0,0.0,1,400.0,400.0,10.0,0.0,1,400.0,403.0,10.0,0.0,1
2026-03-23 15:21:37,266.64,400.0,403.0,20.0,0.0,1,400.0,400.0,20.0,0.0,1,400.0,402.0,10.0,0.0,1,400.0,401.0,10.0,0.0,1,400.0,401.0,10.0,0.0,1,400.0,404.0,10.0,0.0,1
2026-03-23 15:21:38,267.77,400.0,402.0,20.0,0.0,1,400.0,401.0,20.0,0.0,1,400.0,403.0,10.0,0.0,1,400.0,399.0,10.0,0.0,1,400.0,401.0,10.0,0.0,1,400.0,403.0,10.0,0.0,1
2026-03-23 15:21:39,268.89,400.0,402.0,20.0,0.0,1,400.0,401.0,20.0,0.0,1,400.0,402.0,10.0,0.0,1,400.0,400.0,10.0,0.0,1,400.0,401.0,10.0,0.0,1,400.0,403.0,10.0,0.0,1
2026-03-23 15:21:40,269.98,400.0,402.0,20.0,0.0,1,400.0,401.0,20.0,0.0,1,400.0,402.0,10.0,0.0,1,400.0,400.0,10.0,0.0,1,400.0,400.0,10.0,0.0,1,400.0,403.0,10.0,0.0,1
2026-03-23 15:21:41,271.04,400.0,402.0,20.0,0.0,1,400.0,401.0,20.0,0.0,1,400.0,403.0,10.0,0.0,1,400.0,400.0,10.0,0.0,1,400.0,400.0,10.0,0.0,1,400.0,404.0,10.0,0.0,1
2026-03-23 15:21:42,272.14,400.0,403.0,20.0,0.0,1,400.0,401.0,20.0,0.0,1,400.0,403.0,10.0,0.0,1,400.0,401.0,10.0,0.0,1,400.0,401.0,10.0,0.0,1,400.0,402.0,10.0,0.0,1
2026-03-23 15:21:43,273.32,400.0,403.0,20.0,0.0,1,400.0,401.0,20.0,0.0,1,400.0,401.0,10.0,0.0,1,400.0,400.0,10.0,0.0,1,400.0,401.0,10.0,0.0,1,400.0,403.0,10.0,0.0,1
2026-03-23 15:21:45,274.42,400.0,403.0,20.0,0.0,1,400.0,400.0,20.0,0.0,1,400.0,401.0,10.0,0.0,1,400.0,402.0,10.0,0.0,1,400.0,401.0,10.0,0.0,1,400.0,404.0,10.0,0.0,1
2026-03-23 15:21:46,275.63,400.0,403.0,20.0,0.0,1,400.0,401.0,20.0,0.0,1,400.0,401.0,10.0,0.0,1,400.0,401.0,10.0,0.0,1,400.0,401.0,10.0,0.0,1,400.0,403.0,10.0,0.0,1
2026-03-23 15:21:47,276.71,400.0,403.0,20.0,0.0,1,400.0,400.0,20.0,0.0,1,400.0,401.0,10.0,0.0,1,400.0,401.0,10.0,0.0,1,400.0,400.0,10.0,0.0,1,400.0,404.0,10.0,0.0,1
2026-03-23 15:21:48,277.79,400.0,403.0,20.0,0.0,1,400.0,401.0,20.0,0.0,1,400.0,402.0,10.0,0.0,1,400.0,402.0,10.0,0.0,1,400.0,400.0,10.0,0.0,1,400.0,404.0,10.0,0.0,1
2026-03-23 15:21:49,278.95,400.0,403.0,20.0,0.0,1,400.0,401.0,20.0,0.0,1,400.0,402.0,10.0,0.0,1,400.0,400.0,10.0,0.0,1,400.0,401.0,10.0,0.0,1,400.0,404.0,10.0,0.0,1
2026-03-23 15:21:50,280.04,400.0,404.0,20.0,0.0,1,400.0,401.0,20.0,0.0,1,400.0,402.0,10.0,0.0,1,400.0,401.0,10.0,0.0,1,400.0,400.0,10.0,0.0,1,400.0,403.0,10.0,0.0,1
2026-03-23 15:21:51,281.24,400.0,403.0,20.0,0.0,1,400.0,401.0,20.0,0.0,1,400.0,402.0,10.0,0.0,1,400.0,401.0,10.0,0.0,1,400.0,401.0,10.0,0.0,1,400.0,403.0,10.0,0.0,1
2026-03-23 15:21:52,282.34,400.0,403.0,20.0,0.0,1,400.0,401.0,20.0,0.0,1,400.0,402.0,10.0,0.0,1,400.0,401.0,10.0,0.0,1,400.0,401.0,10.0,0.0,1,400.0,403.0,10.0,0.0,1
2026-03-23 15:21:54,283.43,400.0,404.0,20.0,0.0,1,400.0,401.0,20.0,0.0,1,400.0,403.0,10.0,0.0,1,400.0,401.0,10.0,0.0,1,400.0,401.0,10.0,0.0,1,400.0,403.0,10.0,0.0,1
2026-03-23 15:21:55,284.55,400.0,404.0,20.0,0.0,1,400.0,401.0,20.0,0.0,1,400.0,402.0,10.0,0.0,1,400.0,402.0,10.0,0.0,1,400.0,401.0,10.0,0.0,1,400.0,403.0,10.0,0.0,1
2026-03-23 15:21:56,285.6,400.0,401.0,20.0,0.0,1,400.0,400.0,20.0,0.0,1,400.0,402.0,10.0,0.0,1,400.0,401.0,10.0,0.0,1,400.0,399.0,10.0,0.0,1,400.0,404.0,10.0,0.0,1
2026-03-23 15:21:57,286.74,400.0,402.0,20.0,0.0,1,400.0,400.0,20.0,0.0,1,400.0,402.0,10.0,0.0,1,400.0,402.0,10.0,0.0,1,400.0,400.0,10.0,0.0,1,400.0,403.0,10.0,0.0,1
2026-03-23 15:21:58,287.93,400.0,402.0,20.0,0.0,1,400.0,401.0,20.0,0.0,1,400.0,402.0,10.0,0.0,1,400.0,402.0,10.0,0.0,1,400.0,400.0,10.0,0.0,1,400.0,404.0,10.0,0.0,1
2026-03-23 15:21:59,289.03,400.0,403.0,20.0,0.0,1,400.0,401.0,20.0,0.0,1,400.0,402.0,10.0,0.0,1,400.0,401.0,10.0,0.0,1,400.0,400.0,10.0,0.0,1,400.0,402.0,10.0,0.0,1
2026-03-23 15:22:00,290.15,400.0,403.0,20.0,0.0,1,400.0,401.0,20.0,0.0,1,400.0,402.0,10.0,0.0,1,400.0,401.0,10.0,0.0,1,400.0,400.0,10.0,0.0,1,400.0,402.0,10.0,0.0,1
2026-03-23 15:22:01,291.29,400.0,402.0,20.0,0.0,1,400.0,401.0,20.0,0.0,1,400.0,402.0,10.0,0.0,1,400.0,401.0,10.0,0.0,1,400.0,401.0,10.0,0.0,1,400.0,403.0,10.0,0.0,1
2026-03-23 15:22:03,292.41,400.0,403.0,20.0,0.0,1,400.0,401.0,20.0,0.0,1,400.0,402.0,10.0,0.0,1,400.0,401.0,10.0,0.0,1,400.0,400.0,10.0,0.0,1,400.0,404.0,10.0,0.0,1
2026-03-23 15:22:04,293.57,400.0,403.0,20.0,0.0,1,400.0,400.0,20.0,0.0,1,400.0,402.0,10.0,0.0,1,400.0,401.0,10.0,0.0,1,400.0,400.0,10.0,0.0,1,400.0,402.0,10.0,0.0,1
2026-03-23 15:22:05,294.66,400.0,402.0,20.0,0.0,1,400.0,401.0,20.0,0.0,1,400.0,402.0,10.0,0.0,1,400.0,401.0,10.0,0.0,1,400.0,400.0,10.0,0.0,1,400.0,403.0,10.0,0.0,1
2026-03-23 15:22:06,295.81,400.0,402.0,20.0,0.0,1,400.0,401.0,20.0,0.0,1,400.0,402.0,10.0,0.0,1,400.0,401.0,10.0,0.0,1,400.0,401.0,10.0,0.0,1,400.0,403.0,10.0,0.0,1
2026-03-23 15:22:07,296.96,400.0,403.0,20.0,0.0,1,400.0,400.0,20.0,0.0,1,400.0,403.0,10.0,0.0,1,400.0,401.0,10.0,0.0,1,400.0,401.0,10.0,0.0,1,400.0,404.0,10.0,0.0,1
2026-03-23 15:22:08,298.07,400.0,403.0,20.0,0.0,1,400.0,401.0,20.0,0.0,1,400.0,403.0,10.0,0.0,1,400.0,401.0,10.0,0.0,1,400.0,401.0,10.0,0.0,1,400.0,402.0,10.0,0.0,1
2026-03-23 15:22:09,299.21,400.0,402.0,20.0,0.0,1,400.0,400.0,20.0,0.0,1,400.0,403.0,10.0,0.0,1,400.0,401.0,10.0,0.0,1,400.0,401.0,10.0,0.0,1,400.0,403.0,10.0,0.0,1
2026-03-23 15:22:11,300.42,400.0,404.0,20.0,0.0,1,400.0,400.0,20.0,0.0,1,400.0,402.0,10.0,0.0,1,400.0,401.0,10.0,0.0,1,400.0,400.0,10.0,0.0,1,400.0,403.0,10.0,0.0,1
2026-03-23 15:22:12,301.51,400.0,402.0,20.0,0.0,1,400.0,400.0,20.0,0.0,1,400.0,402.0,10.0,0.0,1,400.0,401.0,10.0,0.0,1,400.0,400.0,10.0,0.0,1,400.0,403.0,10.0,0.0,1
2026-03-23 15:22:13,302.63,400.0,403.0,20.0,0.0,1,400.0,400.0,20.0,0.0,1,400.0,402.0,10.0,0.0,1,400.0,401.0,10.0,0.0,1,400.0,401.0,10.0,0.0,1,400.0,403.0,10.0,0.0,1
2026-03-23 15:22:14,303.8,400.0,402.0,20.0,0.0,1,400.0,401.0,20.0,0.0,1,400.0,402.0,10.0,0.0,1,400.0,401.0,10.0,0.0,1,400.0,400.0,10.0,0.0,1,400.0,404.0,10.0,0.0,1
2026-03-23 15:22:15,304.89,400.0,403.0,20.0,0.0,1,400.0,401.0,20.0,0.0,1,400.0,402.0,10.0,0.0,1,400.0,400.0,10.0,0.0,1,400.0,401.0,10.0,0.0,1,400.0,403.0,10.0,0.0,1
2026-03-23 15:22:16,306.05,400.0,402.0,20.0,0.0,1,400.0,401.0,20.0,0.0,1,400.0,402.0,10.0,0.0,1,400.0,400.0,10.0,0.0,1,400.0,401.0,10.0,0.0,1,400.0,403.0,10.0,0.0,1
2026-03-23 15:22:17,307.16,400.0,404.0,20.0,0.0,1,400.0,401.0,20.0,0.0,1,400.0,402.0,10.0,0.0,1,400.0,402.0,10.0,0.0,1,400.0,399.0,10.0,0.0,1,400.0,403.0,10.0,0.0,1
2026-03-23 15:22:18,308.26,400.0,402.0,20.0,0.0,1,400.0,400.0,20.0,0.0,1,400.0,402.0,10.0,0.0,1,400.0,401.0,10.0,0.0,1,400.0,401.0,10.0,0.0,1,400.0,404.0,10.0,0.0,1
2026-03-23 15:22:19,309.35,400.0,402.0,20.0,0.0,1,400.0,400.0,20.0,0.0,1,400.0,403.0,10.0,0.0,1,400.0,401.0,10.0,0.0,1,400.0,401.0,10.0,0.0,1,400.0,403.0,10.0,0.0,1
2026-03-23 15:22:21,310.43,400.0,403.0,20.0,0.0,1,400.0,401.0,20.0,0.0,1,400.0,403.0,10.0,0.0,1,400.0,401.0,10.0,0.0,1,400.0,401.0,10.0,0.0,1,400.0,403.0,10.0,0.0,1
2026-03-23 15:22:22,311.53,400.0,403.0,20.0,0.0,1,400.0,401.0,20.0,0.0,1,400.0,403.0,10.0,0.0,1,400.0,402.0,10.0,0.0,1,400.0,400.0,10.0,0.0,1,400.0,402.0,10.0,0.0,1
2026-03-23 15:22:23,312.63,400.0,403.0,20.0,0.0,1,400.0,401.0,20.0,0.0,1,400.0,401.0,10.0,0.0,1,400.0,401.0,10.0,0.0,1,400.0,401.0,10.0,0.0,1,400.0,402.0,10.0,0.0,1
2026-03-23 15:22:24,313.7,400.0,403.0,20.0,0.0,1,400.0,401.0,20.0,0.0,1,400.0,402.0,10.0,0.0,1,400.0,400.0,10.0,0.0,1,400.0,400.0,10.0,0.0,1,400.0,403.0,10.0,0.0,1
2026-03-23 15:22:25,314.83,400.0,403.0,20.0,0.0,1,400.0,401.0,20.0,0.0,1,400.0,402.0,10.0,0.0,1,400.0,401.0,10.0,0.0,1,400.0,400.0,10.0,0.0,1,400.0,403.0,10.0,0.0,1
2026-03-23 15:22:26,315.98,400.0,403.0,20.0,0.0,1,400.0,401.0,20.0,0.0,1,400.0,402.0,10.0,0.0,1,400.0,401.0,10.0,0.0,1,400.0,400.0,10.0,0.0,1,400.0,403.0,10.0,0.0,1
2026-03-23 15:22:27,317.04,400.0,403.0,20.0,0.0,1,400.0,401.0,20.0,0.0,1,400.0,402.0,10.0,0.0,1,400.0,402.0,10.0,0.0,1,400.0,402.0,10.0,0.0,1,400.0,403.0,10.0,0.0,1
2026-03-23 15:22:28,318.17,400.0,403.0,20.0,0.0,1,400.0,401.0,20.0,0.0,1,400.0,402.0,10.0,0.0,1,400.0,401.0,10.0,0.0,1,400.0,401.0,10.0,0.0,1,400.0,402.0,10.0,0.0,1
2026-03-23 15:22:29,319.27,400.0,402.0,20.0,0.0,1,400.0,401.0,20.0,0.0,1,400.0,403.0,10.0,0.0,1,400.0,401.0,10.0,0.0,1,400.0,402.0,10.0,0.0,1,400.0,403.0,10.0,0.0,1
2026-03-23 15:22:31,320.4,400.0,402.0,20.0,0.0,1,400.0,401.0,20.0,0.0,1,400.0,402.0,10.0,0.0,1,400.0,401.0,10.0,0.0,1,400.0,401.0,10.0,0.0,1,400.0,403.0,10.0,0.0,1
2026-03-23 15:22:32,321.49,400.0,403.0,20.0,0.0,1,400.0,400.0,20.0,0.0,1,400.0,403.0,10.0,0.0,1,400.0,401.0,10.0,0.0,1,400.0,401.0,10.0,0.0,1,400.0,403.0,10.0,0.0,1
2026-03-23 15:22:33,322.62,400.0,403.0,20.0,0.0,1,400.0,400.0,20.0,0.0,1,400.0,403.0,10.0,0.0,1,400.0,401.0,10.0,0.0,1,400.0,401.0,10.0,0.0,1,400.0,404.0,10.0,0.0,1
2026-03-23 15:22:34,323.77,400.0,403.0,20.0,0.0,1,400.0,401.0,20.0,0.0,1,400.0,402.0,10.0,0.0,1,400.0,400.0,10.0,0.0,1,400.0,400.0,10.0,0.0,1,400.0,403.0,10.0,0.0,1
2026-03-23 15:22:35,324.87,400.0,403.0,20.0,0.0,1,400.0,401.0,20.0,0.0,1,400.0,402.0,10.0,0.0,1,400.0,401.0,10.0,0.0,1,400.0,401.0,10.0,0.0,1,400.0,403.0,10.0,0.0,1
2026-03-23 15:22:36,325.98,400.0,404.0,20.0,0.0,1,400.0,401.0,20.0,0.0,1,400.0,402.0,10.0,0.0,1,400.0,401.0,10.0,0.0,1,400.0,400.0,10.0,0.0,1,400.0,404.0,10.0,0.0,1
2026-03-23 15:22:37,327.12,400.0,403.0,20.0,0.0,1,400.0,401.0,20.0,0.0,1,400.0,403.0,10.0,0.0,1,400.0,401.0,10.0,0.0,1,400.0,400.0,10.0,0.0,1,400.0,403.0,10.0,0.0,1
2026-03-23 15:22:38,328.21,400.0,403.0,20.0,0.0,1,400.0,401.0,20.0,0.0,1,400.0,402.0,10.0,0.0,1,400.0,401.0,10.0,0.0,1,400.0,400.0,10.0,0.0,1,400.0,403.0,10.0,0.0,1
2026-03-23 15:22:40,329.38,400.0,403.0,20.0,0.0,1,400.0,401.0,20.0,0.0,1,400.0,402.0,10.0,0.0,1,400.0,401.0,10.0,0.0,1,400.0,400.0,10.0,0.0,1,400.0,403.0,10.0,0.0,1
2026-03-23 15:22:41,330.57,400.0,403.0,20.0,0.0,1,400.0,401.0,20.0,0.0,1,400.0,401.0,10.0,0.0,1,400.0,401.0,10.0,0.0,1,400.0,400.0,10.0,0.0,1,400.0,404.0,10.0,0.0,1
2026-03-23 15:22:42,331.69,400.0,403.0,20.0,0.0,1,400.0,400.0,20.0,0.0,1,400.0,403.0,10.0,0.0,1,400.0,401.0,10.0,0.0,1,400.0,401.0,10.0,0.0,1,400.0,404.0,10.0,0.0,1
2026-03-23 15:22:43,332.87,400.0,403.0,20.0,0.0,1,400.0,400.0,20.0,0.0,1,400.0,402.0,10.0,0.0,1,400.0,402.0,10.0,0.0,1,400.0,399.0,10.0,0.0,1,400.0,404.0,10.0,0.0,1
2026-03-23 15:22:44,334.03,400.0,402.0,20.0,0.0,1,400.0,400.0,20.0,0.0,1,400.0,402.0,10.0,0.0,1,400.0,400.0,10.0,0.0,1,400.0,399.0,10.0,0.0,1,400.0,403.0,10.0,0.0,1
2026-03-23 15:22:45,335.15,400.0,404.0,20.0,0.0,1,400.0,400.0,20.0,0.0,1,400.0,402.0,10.0,0.0,1,400.0,401.0,10.0,0.0,1,400.0,401.0,10.0,0.0,1,400.0,402.0,10.0,0.0,1
2026-03-23 15:22:46,336.26,400.0,403.0,20.0,0.0,1,400.0,401.0,20.0,0.0,1,400.0,402.0,10.0,0.0,1,400.0,401.0,10.0,0.0,1,400.0,401.0,10.0,0.0,1,400.0,402.0,10.0,0.0,1
2026-03-23 15:22:48,337.45,400.0,403.0,20.0,0.0,1,400.0,400.0,20.0,0.0,1,400.0,402.0,10.0,0.0,1,400.0,401.0,10.0,0.0,1,400.0,400.0,10.0,0.0,1,400.0,402.0,10.0,0.0,1
2026-03-23 15:22:49,338.55,400.0,404.0,20.0,0.0,1,400.0,401.0,20.0,0.0,1,400.0,402.0,10.0,0.0,1,400.0,401.0,10.0,0.0,1,400.0,399.0,10.0,0.0,1,400.0,403.0,10.0,0.0,1
2026-03-23 15:22:50,339.7,400.0,404.0,20.0,0.0,1,400.0,401.0,20.0,0.0,1,400.0,402.0,10.0,0.0,1,400.0,401.0,10.0,0.0,1,400.0,400.0,10.0,0.0,1,400.0,403.0,10.0,0.0,1
2026-03-23 15:22:51,340.82,400.0,404.0,20.0,0.0,1,400.0,402.0,20.0,0.0,1,400.0,402.0,10.0,0.0,1,400.0,401.0,10.0,0.0,1,400.0,401.0,10.0,0.0,1,400.0,403.0,10.0,0.0,1
2026-03-23 15:22:52,341.89,400.0,403.0,20.0,0.0,1,400.0,401.0,20.0,0.0,1,400.0,402.0,10.0,0.0,1,400.0,402.0,10.0,0.0,1,400.0,400.0,10.0,0.0,1,400.0,403.0,10.0,0.0,1
2026-03-23 15:22:53,343.01,400.0,404.0,20.0,0.0,1,400.0,401.0,20.0,0.0,1,400.0,402.0,10.0,0.0,1,400.0,400.0,10.0,0.0,1,400.0,400.0,10.0,0.0,1,400.0,404.0,10.0,0.0,1
2026-03-23 15:22:54,344.05,400.0,403.0,20.0,0.0,1,400.0,401.0,20.0,0.0,1,400.0,402.0,10.0,0.0,1,400.0,401.0,10.0,0.0,1,400.0,402.0,10.0,0.0,1,400.0,403.0,10.0,0.0,1
2026-03-23 15:22:55,345.16,400.0,403.0,20.0,0.0,1,400.0,401.0,20.0,0.0,1,400.0,402.0,10.0,0.0,1,400.0,401.0,10.0,0.0,1,400.0,402.0,10.0,0.0,1,400.0,403.0,10.0,0.0,1
2026-03-23 15:22:56,346.29,400.0,403.0,20.0,0.0,1,400.0,400.0,20.0,0.0,1,400.0,402.0,10.0,0.0,1,400.0,401.0,10.0,0.0,1,400.0,402.0,10.0,0.0,1,400.0,404.0,10.0,0.0,1
2026-03-23 15:22:57,347.35,400.0,403.0,20.0,0.0,1,400.0,400.0,20.0,0.0,1,400.0,402.0,10.0,0.0,1,400.0,401.0,10.0,0.0,1,400.0,401.0,10.0,0.0,1,400.0,404.0,10.0,0.0,1
2026-03-23 15:22:59,348.52,400.0,403.0,20.0,0.0,1,400.0,400.0,20.0,0.0,1,400.0,402.0,10.0,0.0,1,400.0,401.0,10.0,0.0,1,400.0,400.0,10.0,0.0,1,400.0,403.0,10.0,0.0,1
2026-03-23 15:23:00,349.6,400.0,402.0,20.0,0.0,1,400.0,400.0,20.0,0.0,1,400.0,401.0,10.0,0.0,1,400.0,401.0,10.0,0.0,1,400.0,400.0,10.0,0.0,1,400.0,403.0,10.0,0.0,1
2026-03-23 15:23:01,350.76,400.0,402.0,20.0,0.0,1,400.0,401.0,20.0,0.0,1,400.0,403.0,10.0,0.0,1,400.0,402.0,10.0,0.0,1,400.0,400.0,10.0,0.0,1,400.0,403.0,10.0,0.0,1
2026-03-23 15:23:02,351.87,400.0,403.0,20.0,0.0,1,400.0,401.0,20.0,0.0,1,400.0,402.0,10.0,0.0,1,400.0,401.0,10.0,0.0,1,400.0,400.0,10.0,0.0,1,400.0,403.0,10.0,0.0,1
2026-03-23 15:23:03,352.94,400.0,403.0,20.0,0.0,1,400.0,400.0,20.0,0.0,1,400.0,402.0,10.0,0.0,1,400.0,401.0,10.0,0.0,1,400.0,401.0,10.0,0.0,1,400.0,403.0,10.0,0.0,1
2026-03-23 15:23:04,354.04,400.0,403.0,20.0,0.0,1,400.0,401.0,20.0,0.0,1,400.0,402.0,10.0,0.0,1,400.0,401.0,10.0,0.0,1,400.0,401.0,10.0,0.0,1,400.0,403.0,10.0,0.0,1
2026-03-23 15:23:05,355.23,400.0,404.0,20.0,0.0,1,400.0,401.0,20.0,0.0,1,400.0,402.0,10.0,0.0,1,400.0,399.0,10.0,0.0,1,400.0,400.0,10.0,0.0,1,400.0,403.0,10.0,0.0,1
2026-03-23 15:23:06,356.31,400.0,404.0,20.0,0.0,1,400.0,401.0,20.0,0.0,1,400.0,402.0,10.0,0.0,1,400.0,400.0,10.0,0.0,1,400.0,401.0,10.0,0.0,1,400.0,402.0,10.0,0.0,1
2026-03-23 15:23:08,357.5,400.0,403.0,20.0,0.0,1,400.0,401.0,20.0,0.0,1,400.0,402.0,10.0,0.0,1,400.0,402.0,10.0,0.0,1,400.0,401.0,10.0,0.0,1,400.0,403.0,10.0,0.0,1
2026-03-23 15:23:09,358.6,400.0,402.0,20.0,0.0,1,400.0,400.0,20.0,0.0,1,400.0,403.0,10.0,0.0,1,400.0,402.0,10.0,0.0,1,400.0,400.0,10.0,0.0,1,400.0,403.0,10.0,0.0,1
2026-03-23 15:23:10,359.77,400.0,402.0,20.0,0.0,1,400.0,400.0,20.0,0.0,1,400.0,403.0,10.0,0.0,1,400.0,401.0,10.0,0.0,1,400.0,402.0,10.0,0.0,1,400.0,404.0,10.0,0.0,1
2026-03-23 15:23:11,360.88,400.0,403.0,20.0,0.0,1,400.0,400.0,20.0,0.0,1,400.0,403.0,10.0,0.0,1,400.0,401.0,10.0,0.0,1,400.0,400.0,10.0,0.0,1,400.0,403.0,10.0,0.0,1
2026-03-23 15:23:12,362.05,400.0,403.0,20.0,0.0,1,400.0,400.0,20.0,0.0,1,400.0,402.0,10.0,0.0,1,400.0,401.0,10.0,0.0,1,400.0,401.0,10.0,0.0,1,400.0,403.0,10.0,0.0,1
2026-03-23 15:23:13,363.18,400.0,403.0,20.0,0.0,1,400.0,400.0,20.0,0.0,1,400.0,402.0,10.0,0.0,1,400.0,401.0,10.0,0.0,1,400.0,401.0,10.0,0.0,1,400.0,403.0,10.0,0.0,1
2026-03-23 15:23:14,364.3,400.0,403.0,20.0,0.0,1,400.0,400.0,20.0,0.0,1,400.0,403.0,10.0,0.0,1,400.0,401.0,10.0,0.0,1,400.0,399.0,10.0,0.0,1,400.0,403.0,10.0,0.0,1
2026-03-23 15:23:16,365.42,400.0,404.0,20.0,0.0,1,400.0,401.0,20.0,0.0,1,400.0,402.0,10.0,0.0,1,400.0,401.0,10.0,0.0,1,400.0,400.0,10.0,0.0,1,400.0,403.0,10.0,0.0,1
2026-03-23 15:23:17,366.56,400.0,403.0,20.0,0.0,1,400.0,401.0,20.0,0.0,1,400.0,402.0,10.0,0.0,1,400.0,401.0,10.0,0.0,1,400.0,401.0,10.0,0.0,1,400.0,403.0,10.0,0.0,1
2026-03-23 15:23:18,367.75,400.0,404.0,20.0,0.0,1,400.0,401.0,20.0,0.0,1,400.0,402.0,10.0,0.0,1,400.0,402.0,10.0,0.0,1,400.0,401.0,10.0,0.0,1,400.0,403.0,10.0,0.0,1
2026-03-23 15:23:19,368.79,400.0,403.0,20.0,0.0,1,400.0,400.0,20.0,0.0,1,400.0,402.0,10.0,0.0,1,400.0,401.0,10.0,0.0,1,400.0,399.0,10.0,0.0,1,400.0,402.0,10.0,0.0,1
2026-03-23 15:23:20,369.98,400.0,403.0,20.0,0.0,1,400.0,400.0,20.0,0.0,1,400.0,402.0,10.0,0.0,1,400.0,400.0,10.0,0.0,1,400.0,400.0,10.0,0.0,1,400.0,404.0,10.0,0.0,1
2026-03-23 15:23:21,371.06,400.0,403.0,20.0,0.0,1,400.0,401.0,20.0,0.0,1,400.0,402.0,10.0,0.0,1,400.0,401.0,10.0,0.0,1,400.0,400.0,10.0,0.0,1,400.0,404.0,10.0,0.0,1
2026-03-23 15:23:22,372.16,400.0,403.0,20.0,0.0,1,400.0,401.0,20.0,0.0,1,400.0,402.0,10.0,0.0,1,400.0,401.0,10.0,0.0,1,400.0,401.0,10.0,0.0,1,400.0,404.0,10.0,0.0,1
2026-03-23 15:23:23,373.28,400.0,403.0,20.0,0.0,1,400.0,400.0,20.0,0.0,1,400.0,402.0,10.0,0.0,1,400.0,401.0,10.0,0.0,1,400.0,401.0,10.0,0.0,1,400.0,403.0,10.0,0.0,1
2026-03-23 15:23:25,374.39,400.0,403.0,20.0,0.0,1,400.0,400.0,20.0,0.0,1,400.0,401.0,10.0,0.0,1,400.0,402.0,10.0,0.0,1,400.0,400.0,10.0,0.0,1,400.0,403.0,10.0,0.0,1
2026-03-23 15:23:26,375.49,400.0,403.0,20.0,0.0,1,400.0,401.0,20.0,0.0,1,400.0,401.0,10.0,0.0,1,400.0,401.0,10.0,0.0,1,400.0,402.0,10.0,0.0,1,400.0,403.0,10.0,0.0,1
2026-03-23 15:23:27,376.64,400.0,403.0,20.0,0.0,1,400.0,401.0,20.0,0.0,1,400.0,402.0,10.0,0.0,1,400.0,403.0,10.0,0.0,1,400.0,402.0,10.0,0.0,1,400.0,402.0,10.0,0.0,1
2026-03-23 15:23:28,377.77,400.0,403.0,20.0,0.0,1,400.0,401.0,20.0,0.0,1,400.0,402.0,10.0,0.0,1,400.0,402.0,10.0,0.0,1,400.0,401.0,10.0,0.0,1,400.0,403.0,10.0,0.0,1
2026-03-23 15:23:29,378.87,400.0,403.0,20.0,0.0,1,400.0,400.0,20.0,0.0,1,400.0,402.0,10.0,0.0,1,400.0,402.0,10.0,0.0,1,400.0,401.0,10.0,0.0,1,400.0,403.0,10.0,0.0,1
2026-03-23 15:23:30,379.96,400.0,403.0,20.0,0.0,1,400.0,400.0,20.0,0.0,1,400.0,402.0,10.0,0.0,1,400.0,402.0,10.0,0.0,1,400.0,400.0,10.0,0.0,1,400.0,402.0,10.0,0.0,1
2026-03-23 15:23:31,381.08,400.0,403.0,20.0,0.0,1,400.0,400.0,20.0,0.0,1,400.0,402.0,10.0,0.0,1,400.0,401.0,10.0,0.0,1,400.0,400.0,10.0,0.0,1,400.0,402.0,10.0,0.0,1
2026-03-23 15:23:32,382.23,400.0,403.0,20.0,0.0,1,400.0,400.0,20.0,0.0,1,400.0,403.0,10.0,0.0,1,400.0,400.0,10.0,0.0,1,400.0,400.0,10.0,0.0,1,400.0,403.0,10.0,0.0,1
2026-03-23 15:23:33,383.32,400.0,403.0,20.0,0.0,1,400.0,400.0,20.0,0.0,1,400.0,403.0,10.0,0.0,1,400.0,400.0,10.0,0.0,1,400.0,401.0,10.0,0.0,1,400.0,403.0,10.0,0.0,1
2026-03-23 15:23:35,384.46,400.0,403.0,20.0,0.0,1,400.0,400.0,20.0,0.0,1,400.0,401.0,10.0,0.0,1,400.0,400.0,10.0,0.0,1,400.0,401.0,10.0,0.0,1,400.0,403.0,10.0,0.0,1
2026-03-23 15:23:36,385.57,400.0,403.0,20.0,0.0,1,400.0,400.0,20.0,0.0,1,400.0,402.0,10.0,0.0,1,400.0,401.0,10.0,0.0,1,400.0,400.0,10.0,0.0,1,400.0,404.0,10.0,0.0,1
2026-03-23 15:23:37,386.63,400.0,403.0,20.0,0.0,1,400.0,401.0,20.0,0.0,1,400.0,402.0,10.0,0.0,1,400.0,401.0,10.0,0.0,1,400.0,400.0,10.0,0.0,1,400.0,402.0,10.0,0.0,1
2026-03-23 15:23:38,387.8,400.0,403.0,20.0,0.0,1,400.0,400.0,20.0,0.0,1,400.0,402.0,10.0,0.0,1,400.0,401.0,10.0,0.0,1,400.0,400.0,10.0,0.0,1,400.0,403.0,10.0,0.0,1
2026-03-23 15:23:39,388.89,400.0,402.0,20.0,0.0,1,400.0,400.0,20.0,0.0,1,400.0,402.0,10.0,0.0,1,400.0,401.0,10.0,0.0,1,400.0,400.0,10.0,0.0,1,400.0,403.0,10.0,0.0,1
2026-03-23 15:23:40,390.02,400.0,402.0,20.0,0.0,1,400.0,400.0,20.0,0.0,1,400.0,402.0,10.0,0.0,1,400.0,400.0,10.0,0.0,1,400.0,401.0,10.0,0.0,1,400.0,404.0,10.0,0.0,1
2026-03-23 15:23:41,391.15,400.0,404.0,20.0,0.0,1,400.0,401.0,20.0,0.0,1,400.0,402.0,10.0,0.0,1,400.0,401.0,10.0,0.0,1,400.0,401.0,10.0,0.0,1,400.0,404.0,10.0,0.0,1
2026-03-23 15:23:42,392.34,400.0,404.0,20.0,0.0,1,400.0,401.0,20.0,0.0,1,400.0,403.0,10.0,0.0,1,400.0,401.0,10.0,0.0,1,400.0,401.0,10.0,0.0,1,400.0,404.0,10.0,0.0,1
2026-03-23 15:23:44,393.43,400.0,402.0,20.0,0.0,1,400.0,401.0,20.0,0.0,1,400.0,402.0,10.0,0.0,1,400.0,401.0,10.0,0.0,1,400.0,401.0,10.0,0.0,1,400.0,404.0,10.0,0.0,1
2026-03-23 15:23:45,394.56,400.0,403.0,20.0,0.0,1,400.0,401.0,20.0,0.0,1,400.0,403.0,10.0,0.0,1,400.0,401.0,10.0,0.0,1,400.0,400.0,10.0,0.0,1,400.0,403.0,10.0,0.0,1
2026-03-23 15:23:46,395.64,400.0,404.0,20.0,0.0,1,400.0,400.0,20.0,0.0,1,400.0,401.0,10.0,0.0,1,400.0,401.0,10.0,0.0,1,400.0,402.0,10.0,0.0,1,400.0,403.0,10.0,0.0,1
2026-03-23 15:23:47,396.78,400.0,404.0,20.0,0.0,1,400.0,401.0,20.0,0.0,1,400.0,402.0,10.0,0.0,1,400.0,401.0,10.0,0.0,1,400.0,400.0,10.0,0.0,1,400.0,403.0,10.0,0.0,1
2026-03-23 15:23:48,397.86,400.0,402.0,20.0,0.0,1,400.0,401.0,20.0,0.0,1,400.0,402.0,10.0,0.0,1,400.0,399.0,10.0,0.0,1,400.0,400.0,10.0,0.0,1,400.0,403.0,10.0,0.0,1
2026-03-23 15:23:49,398.96,400.0,402.0,20.0,0.0,1,400.0,401.0,20.0,0.0,1,400.0,402.0,10.0,0.0,1,400.0,400.0,10.0,0.0,1,400.0,400.0,10.0,0.0,1,400.0,403.0,10.0,0.0,1
2026-03-23 15:23:50,400.07,400.0,403.0,20.0,0.0,1,400.0,401.0,20.0,0.0,1,400.0,403.0,10.0,0.0,1,400.0,401.0,10.0,0.0,1,400.0,401.0,10.0,0.0,1,400.0,403.0,10.0,0.0,1
2026-03-23 15:23:51,401.17,400.0,402.0,20.0,0.0,1,400.0,401.0,20.0,0.0,1,400.0,402.0,10.0,0.0,1,400.0,401.0,10.0,0.0,1,400.0,403.0,10.0,0.0,1,400.0,403.0,10.0,0.0,1
2026-03-23 15:23:52,402.28,400.0,402.0,20.0,0.0,1,400.0,400.0,20.0,0.0,1,400.0,402.0,10.0,0.0,1,400.0,401.0,10.0,0.0,1,400.0,400.0,10.0,0.0,1,400.0,402.0,10.0,0.0,1
2026-03-23 15:23:54,403.42,400.0,404.0,20.0,0.0,1,400.0,400.0,20.0,0.0,1,400.0,402.0,10.0,0.0,1,400.0,401.0,10.0,0.0,1,400.0,401.0,10.0,0.0,1,400.0,404.0,10.0,0.0,1
2026-03-23 15:23:55,404.54,400.0,403.0,20.0,0.0,1,400.0,401.0,20.0,0.0,1,400.0,402.0,10.0,0.0,1,400.0,401.0,10.0,0.0,1,400.0,401.0,10.0,0.0,1,400.0,403.0,10.0,0.0,1
2026-03-23 15:23:56,405.65,400.0,403.0,20.0,0.0,1,400.0,401.0,20.0,0.0,1,400.0,402.0,10.0,0.0,1,400.0,401.0,10.0,0.0,1,400.0,401.0,10.0,0.0,1,400.0,402.0,10.0,0.0,1
2026-03-23 15:23:57,406.7,400.0,403.0,20.0,0.0,1,400.0,401.0,20.0,0.0,1,400.0,402.0,10.0,0.0,1,400.0,401.0,10.0,0.0,1,400.0,400.0,10.0,0.0,1,400.0,403.0,10.0,0.0,1
2026-03-23 15:23:58,407.82,400.0,403.0,20.0,0.0,1,400.0,401.0,20.0,0.0,1,400.0,401.0,10.0,0.0,1,400.0,401.0,10.0,0.0,1,400.0,400.0,10.0,0.0,1,400.0,402.0,10.0,0.0,1
2026-03-23 15:23:59,408.93,400.0,403.0,20.0,0.0,1,400.0,401.0,20.0,0.0,1,400.0,402.0,10.0,0.0,1,400.0,402.0,10.0,0.0,1,400.0,400.0,10.0,0.0,1,400.0,403.0,10.0,0.0,1
2026-03-23 15:24:00,409.98,400.0,403.0,20.0,0.0,1,400.0,401.0,20.0,0.0,1,400.0,403.0,10.0,0.0,1,400.0,402.0,10.0,0.0,1,400.0,401.0,10.0,0.0,1,400.0,403.0,10.0,0.0,1
2026-03-23 15:24:01,411.15,400.0,404.0,20.0,0.0,1,400.0,401.0,20.0,0.0,1,400.0,403.0,10.0,0.0,1,400.0,401.0,10.0,0.0,1,400.0,400.0,10.0,0.0,1,400.0,403.0,10.0,0.0,1
2026-03-23 15:24:02,412.23,400.0,403.0,20.0,0.0,1,400.0,401.0,20.0,0.0,1,400.0,402.0,10.0,0.0,1,400.0,401.0,10.0,0.0,1,400.0,400.0,10.0,0.0,1,400.0,403.0,10.0,0.0,1
2026-03-23 15:24:04,413.37,400.0,403.0,20.0,0.0,1,400.0,401.0,20.0,0.0,1,400.0,402.0,10.0,0.0,1,400.0,401.0,10.0,0.0,1,400.0,400.0,10.0,0.0,1,400.0,403.0,10.0,0.0,1
2026-03-23 15:24:05,414.55,400.0,404.0,20.0,0.0,1,400.0,401.0,20.0,0.0,1,400.0,403.0,10.0,0.0,1,400.0,401.0,10.0,0.0,1,400.0,400.0,10.0,0.0,1,400.0,403.0,10.0,0.0,1
2026-03-23 15:24:06,415.63,400.0,401.0,20.0,0.0,1,400.0,401.0,20.0,0.0,1,400.0,401.0,10.0,0.0,1,400.0,401.0,10.0,0.0,1,400.0,400.0,10.0,0.0,1,400.0,402.0,10.0,0.0,1
2026-03-23 15:24:07,416.76,400.0,403.0,20.0,0.0,1,400.0,401.0,20.0,0.0,1,400.0,401.0,10.0,0.0,1,400.0,401.0,10.0,0.0,1,400.0,400.0,10.0,0.0,1,400.0,403.0,10.0,0.0,1
2026-03-23 15:24:08,417.87,400.0,403.0,20.0,0.0,1,400.0,402.0,20.0,0.0,1,400.0,402.0,10.0,0.0,1,400.0,400.0,10.0,0.0,1,400.0,402.0,10.0,0.0,1,400.0,402.0,10.0,0.0,1
2026-03-23 15:24:09,418.97,400.0,404.0,20.0,0.0,1,400.0,401.0,20.0,0.0,1,400.0,403.0,10.0,0.0,1,400.0,402.0,10.0,0.0,1,400.0,401.0,10.0,0.0,1,400.0,403.0,10.0,0.0,1
2026-03-23 15:24:10,420.1,400.0,403.0,20.0,0.0,1,400.0,399.0,20.0,0.0,1,400.0,403.0,10.0,0.0,1,400.0,401.0,10.0,0.0,1,400.0,400.0,10.0,0.0,1,400.0,403.0,10.0,0.0,1
2026-03-23 15:24:11,421.17,400.0,403.0,20.0,0.0,1,400.0,400.0,20.0,0.0,1,400.0,403.0,10.0,0.0,1,400.0,401.0,10.0,0.0,1,400.0,402.0,10.0,0.0,1,400.0,403.0,10.0,0.0,1
2026-03-23 15:24:12,422.24,400.0,403.0,20.0,0.0,1,400.0,401.0,20.0,0.0,1,400.0,403.0,10.0,0.0,1,400.0,401.0,10.0,0.0,1,400.0,401.0,10.0,0.0,1,400.0,403.0,10.0,0.0,1
2026-03-23 15:24:14,423.41,400.0,404.0,20.0,0.0,1,400.0,401.0,20.0,0.0,1,400.0,402.0,10.0,0.0,1,400.0,402.0,10.0,0.0,1,400.0,400.0,10.0,0.0,1,400.0,403.0,10.0,0.0,1
2026-03-23 15:24:15,424.49,400.0,402.0,20.0,0.0,1,400.0,400.0,20.0,0.0,1,400.0,402.0,10.0,0.0,1,400.0,403.0,10.0,0.0,1,400.0,400.0,10.0,0.0,1,400.0,403.0,10.0,0.0,1
2026-03-23 15:24:16,425.67,400.0,402.0,20.0,0.0,1,400.0,400.0,20.0,0.0,1,400.0,402.0,10.0,0.0,1,400.0,401.0,10.0,0.0,1,400.0,400.0,10.0,0.0,1,400.0,403.0,10.0,0.0,1
2026-03-23 15:24:17,426.7,400.0,403.0,20.0,0.0,1,400.0,401.0,20.0,0.0,1,400.0,402.0,10.0,0.0,1,400.0,401.0,10.0,0.0,1,400.0,400.0,10.0,0.0,1,400.0,402.0,10.0,0.0,1
2026-03-23 15:24:18,427.86,400.0,404.0,20.0,0.0,1,400.0,400.0,20.0,0.0,1,400.0,402.0,10.0,0.0,1,400.0,401.0,10.0,0.0,1,400.0,401.0,10.0,0.0,1,400.0,404.0,10.0,0.0,1
2026-03-23 15:24:19,429.06,400.0,404.0,20.0,0.0,1,400.0,400.0,20.0,0.0,1,400.0,402.0,10.0,0.0,1,400.0,401.0,10.0,0.0,1,400.0,401.0,10.0,0.0,1,400.0,403.0,10.0,0.0,1
2026-03-23 15:24:20,430.19,400.0,404.0,20.0,0.0,1,400.0,400.0,20.0,0.0,1,400.0,402.0,10.0,0.0,1,400.0,401.0,10.0,0.0,1,400.0,401.0,10.0,0.0,1,400.0,402.0,10.0,0.0,1
2026-03-23 15:24:21,431.27,400.0,404.0,20.0,0.0,1,400.0,400.0,20.0,0.0,1,400.0,403.0,10.0,0.0,1,400.0,401.0,10.0,0.0,1,400.0,400.0,10.0,0.0,1,400.0,402.0,10.0,0.0,1
2026-03-23 15:24:23,432.44,400.0,404.0,20.0,0.0,1,400.0,400.0,20.0,0.0,1,400.0,402.0,10.0,0.0,1,400.0,401.0,10.0,0.0,1,400.0,400.0,10.0,0.0,1,400.0,403.0,10.0,0.0,1
2026-03-23 15:24:24,433.53,400.0,403.0,20.0,0.0,1,400.0,401.0,20.0,0.0,1,400.0,402.0,10.0,0.0,1,400.0,402.0,10.0,0.0,1,400.0,401.0,10.0,0.0,1,400.0,403.0,10.0,0.0,1
2026-03-23 15:24:25,434.8,400.0,405.0,20.0,0.0,1,400.0,400.0,20.0,0.0,1,400.0,403.0,10.0,0.0,1,400.0,401.0,10.0,0.0,1,400.0,400.0,10.0,0.0,1,400.0,403.0,10.0,0.0,1
2026-03-23 15:24:26,435.95,400.0,403.0,20.0,0.0,1,400.0,400.0,20.0,0.0,1,400.0,403.0,10.0,0.0,1,400.0,400.0,10.0,0.0,1,400.0,401.0,10.0,0.0,1,400.0,402.0,10.0,0.0,1
2026-03-23 15:24:27,437.11,400.0,403.0,20.0,0.0,1,400.0,401.0,20.0,0.0,1,400.0,402.0,10.0,0.0,1,400.0,402.0,10.0,0.0,1,400.0,401.0,10.0,0.0,1,400.0,402.0,10.0,0.0,1
2026-03-23 15:24:28,438.24,400.0,400.0,20.0,0.0,1,400.0,401.0,20.0,0.0,1,400.0,402.0,10.0,0.0,1,400.0,401.0,10.0,0.0,1,400.0,401.0,10.0,0.0,1,400.0,402.0,10.0,0.0,1
2026-03-23 15:24:30,439.4,400.0,402.0,20.0,0.0,1,400.0,401.0,20.0,0.0,1,400.0,403.0,10.0,0.0,1,400.0,401.0,10.0,0.0,1,400.0,401.0,10.0,0.0,1,400.0,402.0,10.0,0.0,1
2026-03-23 15:24:31,440.56,400.0,402.0,20.0,0.0,1,400.0,400.0,20.0,0.0,1,400.0,403.0,10.0,0.0,1,400.0,402.0,10.0,0.0,1,400.0,400.0,10.0,0.0,1,400.0,403.0,10.0,0.0,1
2026-03-23 15:24:32,441.64,400.0,403.0,20.0,0.0,1,400.0,401.0,20.0,0.0,1,400.0,402.0,10.0,0.0,1,400.0,402.0,10.0,0.0,1,400.0,400.0,10.0,0.0,1,400.0,403.0,10.0,0.0,1
2026-03-23 15:24:33,442.73,400.0,403.0,20.0,0.0,1,400.0,401.0,20.0,0.0,1,400.0,402.0,10.0,0.0,1,400.0,402.0,10.0,0.0,1,400.0,400.0,10.0,0.0,1,400.0,403.0,10.0,0.0,1
2026-03-23 15:24:34,443.8,400.0,402.0,20.0,0.0,1,400.0,401.0,20.0,0.0,1,400.0,402.0,10.0,0.0,1,400.0,403.0,10.0,0.0,1,400.0,401.0,10.0,0.0,1,400.0,403.0,10.0,0.0,1
2026-03-23 15:24:35,444.92,400.0,403.0,20.0,0.0,1,400.0,401.0,20.0,0.0,1,400.0,402.0,10.0,0.0,1,400.0,401.0,10.0,0.0,1,400.0,400.0,10.0,0.0,1,400.0,404.0,10.0,0.0,1
2026-03-23 15:24:36,446.02,400.0,402.0,20.0,0.0,1,400.0,401.0,20.0,0.0,1,400.0,402.0,10.0,0.0,1,400.0,401.0,10.0,0.0,1,400.0,401.0,10.0,0.0,1,400.0,403.0,10.0,0.0,1
2026-03-23 15:24:37,447.05,400.0,403.0,20.0,0.0,1,400.0,401.0,20.0,0.0,1,400.0,402.0,10.0,0.0,1,400.0,401.0,10.0,0.0,1,400.0,401.0,10.0,0.0,1,400.0,404.0,10.0,0.0,1
2026-03-23 15:24:38,448.19,400.0,403.0,20.0,0.0,1,400.0,402.0,20.0,0.0,1,400.0,402.0,10.0,0.0,1,400.0,401.0,10.0,0.0,1,400.0,400.0,10.0,0.0,1,400.0,402.0,10.0,0.0,1
2026-03-23 15:24:39,449.31,400.0,402.0,20.0,0.0,1,400.0,400.0,20.0,0.0,1,400.0,402.0,10.0,0.0,1,400.0,401.0,10.0,0.0,1,400.0,401.0,10.0,0.0,1,400.0,404.0,10.0,0.0,1
2026-03-23 15:24:41,450.45,400.0,402.0,20.0,0.0,1,400.0,401.0,20.0,0.0,1,400.0,402.0,10.0,0.0,1,400.0,401.0,10.0,0.0,1,400.0,401.0,10.0,0.0,1,400.0,404.0,10.0,0.0,1
2026-03-23 15:24:42,451.53,400.0,403.0,20.0,0.0,1,400.0,401.0,20.0,0.0,1,400.0,402.0,10.0,0.0,1,400.0,401.0,10.0,0.0,1,400.0,402.0,10.0,0.0,1,400.0,403.0,10.0,0.0,1
2026-03-23 15:24:43,452.62,400.0,403.0,20.0,0.0,1,400.0,400.0,20.0,0.0,1,400.0,402.0,10.0,0.0,1,400.0,401.0,10.0,0.0,1,400.0,402.0,10.0,0.0,1,400.0,403.0,10.0,0.0,1
2026-03-23 15:24:44,453.75,400.0,403.0,20.0,0.0,1,400.0,400.0,20.0,0.0,1,400.0,402.0,10.0,0.0,1,400.0,401.0,10.0,0.0,1,400.0,401.0,10.0,0.0,1,400.0,403.0,10.0,0.0,1
2026-03-23 15:24:45,454.89,400.0,403.0,20.0,0.0,1,400.0,400.0,20.0,0.0,1,400.0,402.0,10.0,0.0,1,400.0,401.0,10.0,0.0,1,400.0,402.0,10.0,0.0,1,400.0,404.0,10.0,0.0,1
2026-03-23 15:24:46,455.98,400.0,403.0,20.0,0.0,1,400.0,400.0,20.0,0.0,1,400.0,403.0,10.0,0.0,1,400.0,401.0,10.0,0.0,1,400.0,400.0,10.0,0.0,1,400.0,403.0,10.0,0.0,1
2026-03-23 15:24:47,457.11,400.0,404.0,20.0,0.0,1,400.0,401.0,20.0,0.0,1,400.0,402.0,10.0,0.0,1,400.0,401.0,10.0,0.0,1,400.0,400.0,10.0,0.0,1,400.0,403.0,10.0,0.0,1
2026-03-23 15:24:48,458.17,400.0,402.0,20.0,0.0,1,400.0,401.0,20.0,0.0,1,400.0,402.0,10.0,0.0,1,400.0,400.0,10.0,0.0,1,400.0,401.0,10.0,0.0,1,400.0,403.0,10.0,0.0,1
2026-03-23 15:24:49,459.3,400.0,402.0,20.0,0.0,1,400.0,400.0,20.0,0.0,1,400.0,402.0,10.0,0.0,1,400.0,401.0,10.0,0.0,1,400.0,400.0,10.0,0.0,1,400.0,403.0,10.0,0.0,1
2026-03-23 15:24:51,460.38,400.0,404.0,20.0,0.0,1,400.0,401.0,20.0,0.0,1,400.0,402.0,10.0,0.0,1,400.0,402.0,10.0,0.0,1,400.0,400.0,10.0,0.0,1,400.0,403.0,10.0,0.0,1
2026-03-23 15:24:52,461.49,400.0,403.0,20.0,0.0,1,400.0,401.0,20.0,0.0,1,400.0,402.0,10.0,0.0,1,400.0,402.0,10.0,0.0,1,400.0,400.0,10.0,0.0,1,400.0,403.0,10.0,0.0,1
2026-03-23 15:24:53,462.66,400.0,403.0,20.0,0.0,1,400.0,402.0,20.0,0.0,1,400.0,402.0,10.0,0.0,1,400.0,402.0,10.0,0.0,1,400.0,400.0,10.0,0.0,1,400.0,403.0,10.0,0.0,1
2026-03-23 15:24:54,463.76,400.0,404.0,20.0,0.0,1,400.0,401.0,20.0,0.0,1,400.0,402.0,10.0,0.0,1,400.0,400.0,10.0,0.0,1,400.0,400.0,10.0,0.0,1,400.0,403.0,10.0,0.0,1
2026-03-23 15:24:55,464.94,400.0,404.0,20.0,0.0,1,400.0,401.0,20.0,0.0,1,400.0,402.0,10.0,0.0,1,400.0,401.0,10.0,0.0,1,400.0,401.0,10.0,0.0,1,400.0,403.0,10.0,0.0,1
2026-03-23 15:24:56,466.07,400.0,402.0,20.0,0.0,1,400.0,401.0,20.0,0.0,1,400.0,403.0,10.0,0.0,1,400.0,401.0,10.0,0.0,1,400.0,401.0,10.0,0.0,1,400.0,403.0,10.0,0.0,1
2026-03-23 15:24:57,467.17,400.0,403.0,20.0,0.0,1,400.0,401.0,20.0,0.0,1,400.0,402.0,10.0,0.0,1,400.0,401.0,10.0,0.0,1,400.0,401.0,10.0,0.0,1,400.0,403.0,10.0,0.0,1
2026-03-23 15:24:58,468.32,400.0,403.0,20.0,0.0,1,400.0,401.0,20.0,0.0,1,400.0,402.0,10.0,0.0,1,400.0,401.0,10.0,0.0,1,400.0,401.0,10.0,0.0,1,400.0,405.0,10.0,0.0,1
2026-03-23 15:25:00,469.38,400.0,402.0,20.0,0.0,1,400.0,401.0,20.0,0.0,1,400.0,402.0,10.0,0.0,1,400.0,402.0,10.0,0.0,1,400.0,401.0,10.0,0.0,1,400.0,403.0,10.0,0.0,1
2026-03-23 15:25:01,470.48,400.0,403.0,20.0,0.0,1,400.0,401.0,20.0,0.0,1,400.0,402.0,10.0,0.0,1,400.0,402.0,10.0,0.0,1,400.0,401.0,10.0,0.0,1,400.0,403.0,10.0,0.0,1
2026-03-23 15:25:02,471.57,400.0,404.0,20.0,0.0,1,400.0,400.0,20.0,0.0,1,400.0,402.0,10.0,0.0,1,400.0,400.0,10.0,0.0,1,400.0,400.0,10.0,0.0,1,400.0,403.0,10.0,0.0,1
2026-03-23 15:25:03,472.67,400.0,403.0,20.0,0.0,1,400.0,401.0,20.0,0.0,1,400.0,401.0,10.0,0.0,1,400.0,402.0,10.0,0.0,1,400.0,400.0,10.0,0.0,1,400.0,403.0,10.0,0.0,1
2026-03-23 15:25:04,473.78,400.0,404.0,20.0,0.0,1,400.0,401.0,20.0,0.0,1,400.0,402.0,10.0,0.0,1,400.0,399.0,10.0,0.0,1,400.0,400.0,10.0,0.0,1,400.0,403.0,10.0,0.0,1
2026-03-23 15:25:05,474.88,400.0,403.0,20.0,0.0,1,400.0,401.0,20.0,0.0,1,400.0,402.0,10.0,0.0,1,400.0,401.0,10.0,0.0,1,400.0,400.0,10.0,0.0,1,400.0,403.0,10.0,0.0,1
2026-03-23 15:25:06,475.98,400.0,403.0,20.0,0.0,1,400.0,401.0,20.0,0.0,1,400.0,402.0,10.0,0.0,1,400.0,401.0,10.0,0.0,1,400.0,400.0,10.0,0.0,1,400.0,403.0,10.0,0.0,1
2026-03-23 15:25:07,477.13,400.0,403.0,20.0,0.0,1,400.0,400.0,20.0,0.0,1,400.0,402.0,10.0,0.0,1,400.0,401.0,10.0,0.0,1,400.0,401.0,10.0,0.0,1,400.0,403.0,10.0,0.0,1
2026-03-23 15:25:08,478.22,400.0,402.0,20.0,0.0,1,400.0,400.0,20.0,0.0,1,400.0,402.0,10.0,0.0,1,400.0,401.0,10.0,0.0,1,400.0,401.0,10.0,0.0,1,400.0,403.0,10.0,0.0,1
2026-03-23 15:25:10,479.37,400.0,402.0,20.0,0.0,1,400.0,400.0,20.0,0.0,1,400.0,402.0,10.0,0.0,1,400.0,401.0,10.0,0.0,1,400.0,401.0,10.0,0.0,1,400.0,404.0,10.0,0.0,1
2026-03-23 15:25:11,480.52,400.0,403.0,20.0,0.0,1,400.0,400.0,20.0,0.0,1,400.0,402.0,10.0,0.0,1,400.0,402.0,10.0,0.0,1,400.0,402.0,10.0,0.0,1,400.0,403.0,10.0,0.0,1
2026-03-23 15:25:12,481.6,400.0,402.0,20.0,0.0,1,400.0,400.0,20.0,0.0,1,400.0,402.0,10.0,0.0,1,400.0,402.0,10.0,0.0,1,400.0,401.0,10.0,0.0,1,400.0,403.0,10.0,0.0,1
2026-03-23 15:25:13,482.75,400.0,402.0,20.0,0.0,1,400.0,400.0,20.0,0.0,1,400.0,402.0,10.0,0.0,1,400.0,402.0,10.0,0.0,1,400.0,400.0,10.0,0.0,1,400.0,403.0,10.0,0.0,1
2026-03-23 15:25:14,483.91,400.0,404.0,20.0,0.0,1,400.0,400.0,20.0,0.0,1,400.0,402.0,10.0,0.0,1,400.0,400.0,10.0,0.0,1,400.0,399.0,10.0,0.0,1,400.0,402.0,10.0,0.0,1
2026-03-23 15:25:15,484.95,400.0,403.0,20.0,0.0,1,400.0,400.0,20.0,0.0,1,400.0,402.0,10.0,0.0,1,400.0,400.0,10.0,0.0,1,400.0,399.0,10.0,0.0,1,400.0,402.0,10.0,0.0,1
2026-03-23 15:25:16,486.07,400.0,402.0,20.0,0.0,1,400.0,401.0,20.0,0.0,1,400.0,402.0,10.0,0.0,1,400.0,401.0,10.0,0.0,1,400.0,401.0,10.0,0.0,1,400.0,403.0,10.0,0.0,1
2026-03-23 15:25:17,487.17,400.0,403.0,20.0,0.0,1,400.0,401.0,20.0,0.0,1,400.0,403.0,10.0,0.0,1,400.0,400.0,10.0,0.0,1,400.0,401.0,10.0,0.0,1,400.0,403.0,10.0,0.0,1
2026-03-23 15:25:18,488.31,400.0,403.0,20.0,0.0,1,400.0,401.0,20.0,0.0,1,400.0,402.0,10.0,0.0,1,400.0,400.0,10.0,0.0,1,400.0,400.0,10.0,0.0,1,400.0,403.0,10.0,0.0,1
2026-03-23 15:25:20,489.42,400.0,404.0,20.0,0.0,1,400.0,401.0,20.0,0.0,1,400.0,402.0,10.0,0.0,1,400.0,401.0,10.0,0.0,1,400.0,400.0,10.0,0.0,1,400.0,403.0,10.0,0.0,1
2026-03-23 15:25:21,490.48,400.0,403.0,20.0,0.0,1,400.0,400.0,20.0,0.0,1,400.0,402.0,10.0,0.0,1,400.0,402.0,10.0,0.0,1,400.0,400.0,10.0,0.0,1,400.0,403.0,10.0,0.0,1
2026-03-23 15:25:22,491.62,400.0,401.0,20.0,0.0,1,400.0,400.0,20.0,0.0,1,400.0,402.0,10.0,0.0,1,400.0,402.0,10.0,0.0,1,400.0,401.0,10.0,0.0,1,400.0,403.0,10.0,0.0,1
2026-03-23 15:25:23,492.68,400.0,403.0,20.0,0.0,1,400.0,401.0,20.0,0.0,1,400.0,401.0,10.0,0.0,1,400.0,401.0,10.0,0.0,1,400.0,399.0,10.0,0.0,1,400.0,403.0,10.0,0.0,1
2026-03-23 15:25:24,493.81,400.0,403.0,20.0,0.0,1,400.0,401.0,20.0,0.0,1,400.0,401.0,10.0,0.0,1,400.0,401.0,10.0,0.0,1,400.0,401.0,10.0,0.0,1,400.0,402.0,10.0,0.0,1
2026-03-23 15:25:25,494.93,400.0,403.0,20.0,0.0,1,400.0,401.0,20.0,0.0,1,400.0,402.0,10.0,0.0,1,400.0,402.0,10.0,0.0,1,400.0,401.0,10.0,0.0,1,400.0,402.0,10.0,0.0,1
2026-03-23 15:25:26,495.98,400.0,403.0,20.0,0.0,1,400.0,401.0,20.0,0.0,1,400.0,402.0,10.0,0.0,1,400.0,401.0,10.0,0.0,1,400.0,401.0,10.0,0.0,1,400.0,402.0,10.0,0.0,1
2026-03-23 15:25:27,497.16,400.0,403.0,20.0,0.0,1,400.0,401.0,20.0,0.0,1,400.0,402.0,10.0,0.0,1,400.0,401.0,10.0,0.0,1,400.0,403.0,10.0,0.0,1,400.0,404.0,10.0,0.0,1
2026-03-23 15:25:28,498.23,400.0,403.0,20.0,0.0,1,400.0,401.0,20.0,0.0,1,400.0,402.0,10.0,0.0,1,400.0,402.0,10.0,0.0,1,400.0,401.0,10.0,0.0,1,400.0,403.0,10.0,0.0,1
2026-03-23 15:25:30,499.37,400.0,402.0,20.0,0.0,1,400.0,401.0,20.0,0.0,1,400.0,402.0,10.0,0.0,1,400.0,401.0,10.0,0.0,1,400.0,400.0,10.0,0.0,1,400.0,403.0,10.0,0.0,1
2026-03-23 15:25:31,500.57,400.0,403.0,20.0,0.0,1,400.0,402.0,20.0,0.0,1,400.0,402.0,10.0,0.0,1,400.0,401.0,10.0,0.0,1,400.0,401.0,10.0,0.0,1,400.0,403.0,10.0,0.0,1
2026-03-23 15:25:32,501.68,400.0,403.0,20.0,0.0,1,400.0,401.0,20.0,0.0,1,400.0,403.0,10.0,0.0,1,400.0,401.0,10.0,0.0,1,400.0,400.0,10.0,0.0,1,400.0,403.0,10.0,0.0,1
2026-03-23 15:25:33,502.77,400.0,403.0,20.0,0.0,1,400.0,401.0,20.0,0.0,1,400.0,403.0,10.0,0.0,1,400.0,401.0,10.0,0.0,1,400.0,401.0,10.0,0.0,1,400.0,403.0,10.0,0.0,1
2026-03-23 15:25:34,503.95,400.0,403.0,20.0,0.0,1,400.0,400.0,20.0,0.0,1,400.0,402.0,10.0,0.0,1,400.0,401.0,10.0,0.0,1,400.0,401.0,10.0,0.0,1,400.0,403.0,10.0,0.0,1
2026-03-23 15:25:35,505.03,400.0,403.0,20.0,0.0,1,400.0,400.0,20.0,0.0,1,400.0,402.0,10.0,0.0,1,400.0,401.0,10.0,0.0,1,400.0,401.0,10.0,0.0,1,400.0,402.0,10.0,0.0,1
2026-03-23 15:25:36,506.2,400.0,403.0,20.0,0.0,1,400.0,400.0,20.0,0.0,1,400.0,402.0,10.0,0.0,1,400.0,401.0,10.0,0.0,1,400.0,401.0,10.0,0.0,1,400.0,403.0,10.0,0.0,1
2026-03-23 15:25:37,507.33,400.0,402.0,20.0,0.0,1,400.0,401.0,20.0,0.0,1,400.0,402.0,10.0,0.0,1,400.0,401.0,10.0,0.0,1,400.0,400.0,10.0,0.0,1,400.0,403.0,10.0,0.0,1
2026-03-23 15:25:39,508.4,400.0,402.0,20.0,0.0,1,400.0,400.0,20.0,0.0,1,400.0,402.0,10.0,0.0,1,400.0,401.0,10.0,0.0,1,400.0,401.0,10.0,0.0,1,400.0,403.0,10.0,0.0,1
2026-03-23 15:25:40,509.53,400.0,403.0,20.0,0.0,1,400.0,400.0,20.0,0.0,1,400.0,401.0,10.0,0.0,1,400.0,401.0,10.0,0.0,1,400.0,401.0,10.0,0.0,1,400.0,403.0,10.0,0.0,1
2026-03-23 15:25:41,510.63,400.0,403.0,20.0,0.0,1,400.0,399.0,20.0,0.0,1,400.0,404.0,10.0,0.0,1,400.0,400.0,10.0,0.0,1,400.0,401.0,10.0,0.0,1,400.0,403.0,10.0,0.0,1
2026-03-23 15:25:42,511.73,400.0,403.0,20.0,0.0,1,400.0,400.0,20.0,0.0,1,400.0,403.0,10.0,0.0,1,400.0,402.0,10.0,0.0,1,400.0,401.0,10.0,0.0,1,400.0,403.0,10.0,0.0,1
2026-03-23 15:25:43,512.84,400.0,403.0,20.0,0.0,1,400.0,400.0,20.0,0.0,1,400.0,403.0,10.0,0.0,1,400.0,401.0,10.0,0.0,1,400.0,401.0,10.0,0.0,1,400.0,403.0,10.0,0.0,1
2026-03-23 15:25:44,513.89,400.0,403.0,20.0,0.0,1,400.0,400.0,20.0,0.0,1,400.0,403.0,10.0,0.0,1,400.0,401.0,10.0,0.0,1,400.0,401.0,10.0,0.0,1,400.0,403.0,10.0,0.0,1
2026-03-23 15:25:45,515.04,400.0,403.0,20.0,0.0,1,400.0,401.0,20.0,0.0,1,400.0,403.0,10.0,0.0,1,400.0,402.0,10.0,0.0,1,400.0,399.0,10.0,0.0,1,400.0,403.0,10.0,0.0,1
2026-03-23 15:25:46,516.18,400.0,403.0,20.0,0.0,1,400.0,401.0,20.0,0.0,1,400.0,403.0,10.0,0.0,1,400.0,400.0,10.0,0.0,1,400.0,401.0,10.0,0.0,1,400.0,404.0,10.0,0.0,1
2026-03-23 15:25:47,517.33,400.0,403.0,20.0,0.0,1,400.0,401.0,20.0,0.0,1,400.0,402.0,10.0,0.0,1,400.0,400.0,10.0,0.0,1,400.0,401.0,10.0,0.0,1,400.0,403.0,10.0,0.0,1
2026-03-23 15:25:49,518.47,400.0,403.0,20.0,0.0,1,400.0,401.0,20.0,0.0,1,400.0,402.0,10.0,0.0,1,400.0,401.0,10.0,0.0,1,400.0,401.0,10.0,0.0,1,400.0,403.0,10.0,0.0,1
2026-03-23 15:25:50,519.58,400.0,404.0,20.0,0.0,1,400.0,400.0,20.0,0.0,1,400.0,402.0,10.0,0.0,1,400.0,401.0,10.0,0.0,1,400.0,400.0,10.0,0.0,1,400.0,403.0,10.0,0.0,1
2026-03-23 15:25:51,520.7,400.0,400.0,20.0,0.0,1,400.0,400.0,20.0,0.0,1,400.0,401.0,10.0,0.0,1,400.0,401.0,10.0,0.0,1,400.0,400.0,10.0,0.0,1,400.0,403.0,10.0,0.0,1
2026-03-23 15:25:52,521.82,400.0,402.0,20.0,0.0,1,400.0,400.0,20.0,0.0,1,400.0,402.0,10.0,0.0,1,400.0,401.0,10.0,0.0,1,400.0,399.0,10.0,0.0,1,400.0,403.0,10.0,0.0,1
2026-03-23 15:25:53,522.9,400.0,402.0,20.0,0.0,1,400.0,400.0,20.0,0.0,1,400.0,401.0,10.0,0.0,1,400.0,401.0,10.0,0.0,1,400.0,400.0,10.0,0.0,1,400.0,404.0,10.0,0.0,1
2026-03-23 15:25:54,524.01,400.0,402.0,20.0,0.0,1,400.0,401.0,20.0,0.0,1,400.0,402.0,10.0,0.0,1,400.0,401.0,10.0,0.0,1,400.0,400.0,10.0,0.0,1,400.0,403.0,10.0,0.0,1
2026-03-23 15:25:55,525.15,400.0,404.0,20.0,0.0,1,400.0,401.0,20.0,0.0,1,400.0,402.0,10.0,0.0,1,400.0,402.0,10.0,0.0,1,400.0,399.0,10.0,0.0,1,400.0,403.0,10.0,0.0,1
2026-03-23 15:25:56,526.24,400.0,403.0,20.0,0.0,1,400.0,401.0,20.0,0.0,1,400.0,402.0,10.0,0.0,1,400.0,402.0,10.0,0.0,1,400.0,401.0,10.0,0.0,1,400.0,403.0,10.0,0.0,1
2026-03-23 15:25:58,527.36,400.0,402.0,20.0,0.0,1,400.0,401.0,20.0,0.0,1,400.0,402.0,10.0,0.0,1,400.0,402.0,10.0,0.0,1,400.0,400.0,10.0,0.0,1,400.0,403.0,10.0,0.0,1
2026-03-23 15:25:59,528.52,400.0,402.0,20.0,0.0,1,400.0,401.0,20.0,0.0,1,400.0,402.0,10.0,0.0,1,400.0,402.0,10.0,0.0,1,400.0,401.0,10.0,0.0,1,400.0,403.0,10.0,0.0,1
2026-03-23 15:26:00,529.7,400.0,402.0,20.0,0.0,1,400.0,401.0,20.0,0.0,1,400.0,402.0,10.0,0.0,1,400.0,401.0,10.0,0.0,1,400.0,401.0,10.0,0.0,1,400.0,403.0,10.0,0.0,1
2026-03-23 15:26:01,530.91,400.0,404.0,20.0,0.0,1,400.0,401.0,20.0,0.0,1,400.0,401.0,10.0,0.0,1,400.0,401.0,10.0,0.0,1,400.0,401.0,10.0,0.0,1,400.0,402.0,10.0,0.0,1
2026-03-23 15:26:02,532.07,400.0,404.0,20.0,0.0,1,400.0,401.0,20.0,0.0,1,400.0,402.0,10.0,0.0,1,400.0,402.0,10.0,0.0,1,400.0,401.0,10.0,0.0,1,400.0,402.0,10.0,0.0,1
2026-03-23 15:26:03,533.13,400.0,403.0,20.0,0.0,1,400.0,401.0,20.0,0.0,1,400.0,402.0,10.0,0.0,1,400.0,401.0,10.0,0.0,1,400.0,400.0,10.0,0.0,1,400.0,404.0,10.0,0.0,1
2026-03-23 15:26:04,534.31,400.0,404.0,20.0,0.0,1,400.0,401.0,20.0,0.0,1,400.0,402.0,10.0,0.0,1,400.0,400.0,10.0,0.0,1,400.0,400.0,10.0,0.0,1,400.0,403.0,10.0,0.0,1
2026-03-23 15:26:06,535.46,400.0,402.0,20.0,0.0,1,400.0,401.0,20.0,0.0,1,400.0,403.0,10.0,0.0,1,400.0,400.0,10.0,0.0,1,400.0,401.0,10.0,0.0,1,400.0,404.0,10.0,0.0,1
2026-03-23 15:26:07,536.53,400.0,403.0,20.0,0.0,1,400.0,401.0,20.0,0.0,1,400.0,402.0,10.0,0.0,1,400.0,401.0,10.0,0.0,1,400.0,401.0,10.0,0.0,1,400.0,404.0,10.0,0.0,1
2026-03-23 15:26:08,537.68,400.0,403.0,20.0,0.0,1,400.0,401.0,20.0,0.0,1,400.0,402.0,10.0,0.0,1,400.0,400.0,10.0,0.0,1,400.0,401.0,10.0,0.0,1,400.0,403.0,10.0,0.0,1
2026-03-23 15:26:09,538.76,400.0,404.0,20.0,0.0,1,400.0,400.0,20.0,0.0,1,400.0,402.0,10.0,0.0,1,400.0,400.0,10.0,0.0,1,400.0,401.0,10.0,0.0,1,400.0,402.0,10.0,0.0,1
2026-03-23 15:26:10,539.86,400.0,403.0,20.0,0.0,1,400.0,400.0,20.0,0.0,1,400.0,402.0,10.0,0.0,1,400.0,400.0,10.0,0.0,1,400.0,401.0,10.0,0.0,1,400.0,402.0,10.0,0.0,1
2026-03-23 15:26:11,540.96,400.0,404.0,20.0,0.0,1,400.0,401.0,20.0,0.0,1,400.0,402.0,10.0,0.0,1,400.0,400.0,10.0,0.0,1,400.0,402.0,10.0,0.0,1,400.0,402.0,10.0,0.0,1
2026-03-23 15:26:12,542.06,400.0,402.0,20.0,0.0,1,400.0,401.0,20.0,0.0,1,400.0,403.0,10.0,0.0,1,400.0,402.0,10.0,0.0,1,400.0,402.0,10.0,0.0,1,400.0,403.0,10.0,0.0,1
2026-03-23 15:26:13,543.26,400.0,404.0,20.0,0.0,1,400.0,401.0,20.0,0.0,1,400.0,402.0,10.0,0.0,1,400.0,401.0,10.0,0.0,1,400.0,403.0,10.0,0.0,1,400.0,403.0,10.0,0.0,1
2026-03-23 15:26:14,544.33,400.0,403.0,20.0,0.0,1,400.0,401.0,20.0,0.0,1,400.0,402.0,10.0,0.0,1,400.0,401.0,10.0,0.0,1,400.0,400.0,10.0,0.0,1,400.0,403.0,10.0,0.0,1
2026-03-23 15:26:16,545.43,400.0,403.0,20.0,0.0,1,400.0,401.0,20.0,0.0,1,400.0,402.0,10.0,0.0,1,400.0,401.0,10.0,0.0,1,400.0,402.0,10.0,0.0,1,400.0,403.0,10.0,0.0,1
2026-03-23 15:26:17,546.54,400.0,403.0,20.0,0.0,1,400.0,401.0,20.0,0.0,1,400.0,401.0,10.0,0.0,1,400.0,401.0,10.0,0.0,1,400.0,401.0,10.0,0.0,1,400.0,403.0,10.0,0.0,1
2026-03-23 15:26:18,547.63,400.0,403.0,20.0,0.0,1,400.0,400.0,20.0,0.0,1,400.0,402.0,10.0,0.0,1,400.0,400.0,10.0,0.0,1,400.0,401.0,10.0,0.0,1,400.0,403.0,10.0,0.0,1
2026-03-23 15:26:19,548.72,400.0,403.0,20.0,0.0,1,400.0,400.0,20.0,0.0,1,400.0,402.0,10.0,0.0,1,400.0,401.0,10.0,0.0,1,400.0,401.0,10.0,0.0,1,400.0,402.0,10.0,0.0,1
2026-03-23 15:26:20,549.82,400.0,403.0,20.0,0.0,1,400.0,402.0,20.0,0.0,1,400.0,402.0,10.0,0.0,1,400.0,401.0,10.0,0.0,1,400.0,400.0,10.0,0.0,1,400.0,401.0,10.0,0.0,1
2026-03-23 15:26:21,550.96,400.0,403.0,20.0,0.0,1,400.0,400.0,20.0,0.0,1,400.0,402.0,10.0,0.0,1,400.0,401.0,10.0,0.0,1,400.0,400.0,10.0,0.0,1,400.0,403.0,10.0,0.0,1
2026-03-23 15:26:22,552.12,400.0,403.0,20.0,0.0,1,400.0,400.0,20.0,0.0,1,400.0,402.0,10.0,0.0,1,400.0,401.0,10.0,0.0,1,400.0,401.0,10.0,0.0,1,400.0,403.0,10.0,0.0,1
2026-03-23 15:26:23,553.25,400.0,403.0,20.0,0.0,1,400.0,401.0,20.0,0.0,1,400.0,402.0,10.0,0.0,1,400.0,401.0,10.0,0.0,1,400.0,400.0,10.0,0.0,1,400.0,403.0,10.0,0.0,1
2026-03-23 15:26:25,554.36,400.0,401.0,20.0,0.0,1,400.0,401.0,20.0,0.0,1,400.0,402.0,10.0,0.0,1,400.0,401.0,10.0,0.0,1,400.0,400.0,10.0,0.0,1,400.0,403.0,10.0,0.0,1
2026-03-23 15:26:26,555.51,400.0,403.0,20.0,0.0,1,400.0,401.0,20.0,0.0,1,400.0,401.0,10.0,0.0,1,400.0,401.0,10.0,0.0,1,400.0,401.0,10.0,0.0,1,400.0,403.0,10.0,0.0,1
2026-03-23 15:26:27,556.6,400.0,404.0,20.0,0.0,1,400.0,400.0,20.0,0.0,1,400.0,402.0,10.0,0.0,1,400.0,401.0,10.0,0.0,1,400.0,400.0,10.0,0.0,1,400.0,403.0,10.0,0.0,1
2026-03-23 15:26:28,557.74,400.0,403.0,20.0,0.0,1,400.0,401.0,20.0,0.0,1,400.0,403.0,10.0,0.0,1,400.0,401.0,10.0,0.0,1,400.0,402.0,10.0,0.0,1,400.0,403.0,10.0,0.0,1
2026-03-23 15:26:29,558.8,400.0,403.0,20.0,0.0,1,400.0,400.0,20.0,0.0,1,400.0,402.0,10.0,0.0,1,400.0,401.0,10.0,0.0,1,400.0,398.0,10.0,0.0,1,400.0,403.0,10.0,0.0,1
2026-03-23 15:26:30,560.03,400.0,404.0,20.0,0.0,1,400.0,400.0,20.0,0.0,1,400.0,402.0,10.0,0.0,1,400.0,402.0,10.0,0.0,1,400.0,401.0,10.0,0.0,1,400.0,402.0,10.0,0.0,1
2026-03-23 15:26:31,561.13,400.0,403.0,20.0,0.0,1,400.0,400.0,20.0,0.0,1,400.0,402.0,10.0,0.0,1,400.0,402.0,10.0,0.0,1,400.0,401.0,10.0,0.0,1,400.0,403.0,10.0,0.0,1
2026-03-23 15:26:32,562.24,400.0,403.0,20.0,0.0,1,400.0,400.0,20.0,0.0,1,400.0,402.0,10.0,0.0,1,400.0,402.0,10.0,0.0,1,400.0,401.0,10.0,0.0,1,400.0,403.0,10.0,0.0,1
2026-03-23 15:26:33,563.31,400.0,402.0,20.0,0.0,1,400.0,400.0,20.0,0.0,1,400.0,403.0,10.0,0.0,1,400.0,402.0,10.0,0.0,1,400.0,401.0,10.0,0.0,1,400.0,404.0,10.0,0.0,1
2026-03-23 15:26:35,564.5,400.0,402.0,20.0,0.0,1,400.0,400.0,20.0,0.0,1,400.0,403.0,10.0,0.0,1,400.0,400.0,10.0,0.0,1,400.0,402.0,10.0,0.0,1,400.0,403.0,10.0,0.0,1
2026-03-23 15:26:36,565.61,400.0,403.0,20.0,0.0,1,400.0,400.0,20.0,0.0,1,400.0,402.0,10.0,0.0,1,400.0,400.0,10.0,0.0,1,400.0,401.0,10.0,0.0,1,400.0,403.0,10.0,0.0,1
2026-03-23 15:26:37,566.8,400.0,402.0,20.0,0.0,1,400.0,400.0,20.0,0.0,1,400.0,402.0,10.0,0.0,1,400.0,401.0,10.0,0.0,1,400.0,401.0,10.0,0.0,1,400.0,403.0,10.0,0.0,1
2026-03-23 15:26:38,567.92,400.0,403.0,20.0,0.0,1,400.0,402.0,20.0,0.0,1,400.0,402.0,10.0,0.0,1,400.0,400.0,10.0,0.0,1,400.0,400.0,10.0,0.0,1,400.0,403.0,10.0,0.0,1
2026-03-23 15:26:39,569.01,400.0,403.0,20.0,0.0,1,400.0,400.0,20.0,0.0,1,400.0,402.0,10.0,0.0,1,400.0,400.0,10.0,0.0,1,400.0,402.0,10.0,0.0,1,400.0,404.0,10.0,0.0,1
2026-03-23 15:26:40,570.15,400.0,403.0,20.0,0.0,1,400.0,401.0,20.0,0.0,1,400.0,402.0,10.0,0.0,1,400.0,400.0,10.0,0.0,1,400.0,403.0,10.0,0.0,1,400.0,402.0,10.0,0.0,1
2026-03-23 15:26:41,571.25,400.0,403.0,20.0,0.0,1,400.0,401.0,20.0,0.0,1,400.0,402.0,10.0,0.0,1,400.0,401.0,10.0,0.0,1,400.0,403.0,10.0,0.0,1,400.0,403.0,10.0,0.0,1
2026-03-23 15:26:43,572.38,400.0,403.0,20.0,0.0,1,400.0,401.0,20.0,0.0,1,400.0,402.0,10.0,0.0,1,400.0,401.0,10.0,0.0,1,400.0,402.0,10.0,0.0,1,400.0,405.0,10.0,0.0,1
2026-03-23 15:26:44,573.56,400.0,405.0,20.0,0.0,1,400.0,401.0,20.0,0.0,1,400.0,402.0,10.0,0.0,1,400.0,400.0,10.0,0.0,1,400.0,402.0,10.0,0.0,1,400.0,402.0,10.0,0.0,1
2026-03-23 15:26:45,574.75,400.0,404.0,20.0,0.0,1,400.0,400.0,20.0,0.0,1,400.0,402.0,10.0,0.0,1,400.0,400.0,10.0,0.0,1,400.0,400.0,10.0,0.0,1,400.0,403.0,10.0,0.0,1
2026-03-23 15:26:46,575.81,400.0,405.0,20.0,0.0,1,400.0,401.0,20.0,0.0,1,400.0,403.0,10.0,0.0,1,400.0,401.0,10.0,0.0,1,400.0,400.0,10.0,0.0,1,400.0,402.0,10.0,0.0,1
2026-03-23 15:26:47,576.93,400.0,404.0,20.0,0.0,1,400.0,401.0,20.0,0.0,1,400.0,403.0,10.0,0.0,1,400.0,401.0,10.0,0.0,1,400.0,400.0,10.0,0.0,1,400.0,403.0,10.0,0.0,1
2026-03-23 15:26:48,578.0,400.0,402.0,20.0,0.0,1,400.0,401.0,20.0,0.0,1,400.0,402.0,10.0,0.0,1,400.0,401.0,10.0,0.0,1,400.0,400.0,10.0,0.0,1,400.0,403.0,10.0,0.0,1
2026-03-23 15:26:49,579.08,400.0,402.0,20.0,0.0,1,400.0,401.0,20.0,0.0,1,400.0,402.0,10.0,0.0,1,400.0,402.0,10.0,0.0,1,400.0,400.0,10.0,0.0,1,400.0,404.0,10.0,0.0,1
2026-03-23 15:26:50,580.19,400.0,403.0,20.0,0.0,1,400.0,400.0,20.0,0.0,1,400.0,402.0,10.0,0.0,1,400.0,402.0,10.0,0.0,1,400.0,400.0,10.0,0.0,1,400.0,403.0,10.0,0.0,1
2026-03-23 15:26:51,581.26,400.0,404.0,20.0,0.0,1,400.0,400.0,20.0,0.0,1,400.0,402.0,10.0,0.0,1,400.0,401.0,10.0,0.0,1,400.0,400.0,10.0,0.0,1,400.0,402.0,10.0,0.0,1
2026-03-23 15:26:53,582.4,400.0,404.0,20.0,0.0,1,400.0,400.0,20.0,0.0,1,400.0,402.0,10.0,0.0,1,400.0,401.0,10.0,0.0,1,400.0,400.0,10.0,0.0,1,400.0,403.0,10.0,0.0,1
2026-03-23 15:26:54,583.47,400.0,404.0,20.0,0.0,1,400.0,401.0,20.0,0.0,1,400.0,402.0,10.0,0.0,1,400.0,401.0,10.0,0.0,1,400.0,400.0,10.0,0.0,1,400.0,403.0,10.0,0.0,1
2026-03-23 15:26:55,584.61,400.0,403.0,20.0,0.0,1,400.0,401.0,20.0,0.0,1,400.0,403.0,10.0,0.0,1,400.0,401.0,10.0,0.0,1,400.0,400.0,10.0,0.0,1,400.0,403.0,10.0,0.0,1
2026-03-23 15:26:56,585.71,400.0,404.0,20.0,0.0,1,400.0,401.0,20.0,0.0,1,400.0,402.0,10.0,0.0,1,400.0,401.0,10.0,0.0,1,400.0,401.0,10.0,0.0,1,400.0,403.0,10.0,0.0,1
2026-03-23 15:26:57,586.76,400.0,404.0,20.0,0.0,1,400.0,401.0,20.0,0.0,1,400.0,402.0,10.0,0.0,1,400.0,401.0,10.0,0.0,1,400.0,401.0,10.0,0.0,1,400.0,403.0,10.0,0.0,1
2026-03-23 15:26:58,587.85,400.0,403.0,20.0,0.0,1,400.0,400.0,20.0,0.0,1,400.0,402.0,10.0,0.0,1,400.0,401.0,10.0,0.0,1,400.0,401.0,10.0,0.0,1,400.0,403.0,10.0,0.0,1
2026-03-23 15:26:59,588.91,400.0,403.0,20.0,0.0,1,400.0,401.0,20.0,0.0,1,400.0,402.0,10.0,0.0,1,400.0,401.0,10.0,0.0,1,400.0,400.0,10.0,0.0,1,400.0,404.0,10.0,0.0,1
2026-03-23 15:27:00,590.0,400.0,403.0,20.0,0.0,1,400.0,400.0,20.0,0.0,1,400.0,402.0,10.0,0.0,1,400.0,400.0,10.0,0.0,1,400.0,400.0,10.0,0.0,1,400.0,404.0,10.0,0.0,1
2026-03-23 15:27:01,591.15,400.0,402.0,20.0,0.0,1,400.0,401.0,20.0,0.0,1,400.0,401.0,10.0,0.0,1,400.0,401.0,10.0,0.0,1,400.0,400.0,10.0,0.0,1,400.0,404.0,10.0,0.0,1
2026-03-23 15:27:02,592.24,400.0,402.0,20.0,0.0,1,400.0,401.0,20.0,0.0,1,400.0,402.0,10.0,0.0,1,400.0,402.0,10.0,0.0,1,400.0,399.0,10.0,0.0,1,400.0,404.0,10.0,0.0,1
2026-03-23 15:27:04,593.39,400.0,402.0,20.0,0.0,1,400.0,401.0,20.0,0.0,1,400.0,402.0,10.0,0.0,1,400.0,403.0,10.0,0.0,1,400.0,399.0,10.0,0.0,1,400.0,403.0,10.0,0.0,1
2026-03-23 15:27:05,594.5,400.0,402.0,20.0,0.0,1,400.0,401.0,20.0,0.0,1,400.0,402.0,10.0,0.0,1,400.0,402.0,10.0,0.0,1,400.0,401.0,10.0,0.0,1,400.0,403.0,10.0,0.0,1
2026-03-23 15:27:06,595.61,400.0,402.0,20.0,0.0,1,400.0,401.0,20.0,0.0,1,400.0,402.0,10.0,0.0,1,400.0,401.0,10.0,0.0,1,400.0,401.0,10.0,0.0,1,400.0,403.0,10.0,0.0,1
2026-03-23 15:27:07,596.79,400.0,402.0,20.0,0.0,1,400.0,401.0,20.0,0.0,1,400.0,402.0,10.0,0.0,1,400.0,400.0,10.0,0.0,1,400.0,400.0,10.0,0.0,1,400.0,403.0,10.0,0.0,1
2026-03-23 15:27:08,597.86,400.0,403.0,20.0,0.0,1,400.0,400.0,20.0,0.0,1,400.0,401.0,10.0,0.0,1,400.0,400.0,10.0,0.0,1,400.0,401.0,10.0,0.0,1,400.0,402.0,10.0,0.0,1
2026-03-23 15:27:09,598.95,400.0,403.0,20.0,0.0,1,400.0,400.0,20.0,0.0,1,400.0,401.0,10.0,0.0,1,400.0,401.0,10.0,0.0,1,400.0,401.0,10.0,0.0,1,400.0,402.0,10.0,0.0,1
2026-03-23 15:27:10,600.11,400.0,403.0,20.0,0.0,1,400.0,401.0,20.0,0.0,1,400.0,403.0,10.0,0.0,1,400.0,400.0,10.0,0.0,1,400.0,401.0,10.0,0.0,1,400.0,403.0,10.0,0.0,1
2026-03-23 15:27:11,601.2,400.0,404.0,20.0,0.0,1,400.0,401.0,20.0,0.0,1,400.0,403.0,10.0,0.0,1,400.0,401.0,10.0,0.0,1,400.0,402.0,10.0,0.0,1,400.0,403.0,10.0,0.0,1
2026-03-23 15:27:13,602.38,400.0,403.0,20.0,0.0,1,400.0,401.0,20.0,0.0,1,400.0,403.0,10.0,0.0,1,400.0,401.0,10.0,0.0,1,400.0,401.0,10.0,0.0,1,400.0,402.0,10.0,0.0,1
2026-03-23 15:27:14,603.54,400.0,403.0,20.0,0.0,1,400.0,401.0,20.0,0.0,1,400.0,402.0,10.0,0.0,1,400.0,402.0,10.0,0.0,1,400.0,401.0,10.0,0.0,1,400.0,404.0,10.0,0.0,1
2026-03-23 15:27:15,604.67,400.0,404.0,20.0,0.0,1,400.0,401.0,20.0,0.0,1,400.0,402.0,10.0,0.0,1,400.0,401.0,10.0,0.0,1,400.0,402.0,10.0,0.0,1,400.0,403.0,10.0,0.0,1
2026-03-23 15:27:16,605.83,400.0,403.0,20.0,0.0,1,400.0,401.0,20.0,0.0,1,400.0,402.0,10.0,0.0,1,400.0,401.0,10.0,0.0,1,400.0,401.0,10.0,0.0,1,400.0,403.0,10.0,0.0,1
2026-03-23 15:27:17,607.01,400.0,403.0,20.0,0.0,1,400.0,400.0,20.0,0.0,1,400.0,402.0,10.0,0.0,1,400.0,400.0,10.0,0.0,1,400.0,401.0,10.0,0.0,1,400.0,402.0,10.0,0.0,1
2026-03-23 15:27:18,608.12,400.0,402.0,20.0,0.0,1,400.0,400.0,20.0,0.0,1,400.0,402.0,10.0,0.0,1,400.0,400.0,10.0,0.0,1,400.0,401.0,10.0,0.0,1,400.0,402.0,10.0,0.0,1
2026-03-23 15:27:19,609.33,400.0,403.0,20.0,0.0,1,400.0,401.0,20.0,0.0,1,400.0,402.0,10.0,0.0,1,400.0,401.0,10.0,0.0,1,400.0,401.0,10.0,0.0,1,400.0,403.0,10.0,0.0,1
2026-03-23 15:27:21,610.44,400.0,403.0,20.0,0.0,1,400.0,401.0,20.0,0.0,1,400.0,402.0,10.0,0.0,1,400.0,401.0,10.0,0.0,1,400.0,401.0,10.0,0.0,1,400.0,403.0,10.0,0.0,1
2026-03-23 15:27:22,611.56,400.0,402.0,20.0,0.0,1,400.0,401.0,20.0,0.0,1,400.0,402.0,10.0,0.0,1,400.0,400.0,10.0,0.0,1,400.0,399.0,10.0,0.0,1,400.0,403.0,10.0,0.0,1
2026-03-23 15:27:23,612.72,400.0,404.0,20.0,0.0,1,400.0,401.0,20.0,0.0,1,400.0,402.0,10.0,0.0,1,400.0,400.0,10.0,0.0,1,400.0,400.0,10.0,0.0,1,400.0,404.0,10.0,0.0,1
2026-03-23 15:27:24,613.84,400.0,402.0,20.0,0.0,1,400.0,401.0,20.0,0.0,1,400.0,402.0,10.0,0.0,1,400.0,400.0,10.0,0.0,1,400.0,399.0,10.0,0.0,1,400.0,404.0,10.0,0.0,1
2026-03-23 15:27:25,614.98,400.0,402.0,20.0,0.0,1,400.0,400.0,20.0,0.0,1,400.0,402.0,10.0,0.0,1,400.0,401.0,10.0,0.0,1,400.0,400.0,10.0,0.0,1,400.0,403.0,10.0,0.0,1
2026-03-23 15:27:26,616.12,400.0,401.0,20.0,0.0,1,400.0,400.0,20.0,0.0,1,400.0,402.0,10.0,0.0,1,400.0,401.0,10.0,0.0,1,400.0,400.0,10.0,0.0,1,400.0,403.0,10.0,0.0,1
2026-03-23 15:27:27,617.22,400.0,404.0,20.0,0.0,1,400.0,400.0,20.0,0.0,1,400.0,402.0,10.0,0.0,1,400.0,402.0,10.0,0.0,1,400.0,399.0,10.0,0.0,1,400.0,403.0,10.0,0.0,1
2026-03-23 15:27:28,618.34,400.0,403.0,20.0,0.0,1,400.0,401.0,20.0,0.0,1,400.0,401.0,10.0,0.0,1,400.0,400.0,10.0,0.0,1,400.0,401.0,10.0,0.0,1,400.0,402.0,10.0,0.0,1
2026-03-23 15:27:30,619.48,400.0,403.0,20.0,0.0,1,400.0,401.0,20.0,0.0,1,400.0,403.0,10.0,0.0,1,400.0,401.0,10.0,0.0,1,400.0,400.0,10.0,0.0,1,400.0,403.0,10.0,0.0,1
2026-03-23 15:27:31,620.6,400.0,403.0,20.0,0.0,1,400.0,400.0,20.0,0.0,1,400.0,402.0,10.0,0.0,1,400.0,402.0,10.0,0.0,1,400.0,401.0,10.0,0.0,1,400.0,404.0,10.0,0.0,1
2026-03-23 15:27:32,621.73,400.0,403.0,20.0,0.0,1,400.0,400.0,20.0,0.0,1,400.0,402.0,10.0,0.0,1,400.0,402.0,10.0,0.0,1,400.0,401.0,10.0,0.0,1,400.0,404.0,10.0,0.0,1
2026-03-23 15:27:33,622.87,400.0,403.0,20.0,0.0,1,400.0,401.0,20.0,0.0,1,400.0,402.0,10.0,0.0,1,400.0,402.0,10.0,0.0,1,400.0,400.0,10.0,0.0,1,400.0,403.0,10.0,0.0,1
2026-03-23 15:27:34,623.92,400.0,404.0,20.0,0.0,1,400.0,401.0,20.0,0.0,1,400.0,402.0,10.0,0.0,1,400.0,400.0,10.0,0.0,1,400.0,401.0,10.0,0.0,1,400.0,403.0,10.0,0.0,1
2026-03-23 15:27:35,625.08,400.0,404.0,20.0,0.0,1,400.0,401.0,20.0,0.0,1,400.0,402.0,10.0,0.0,1,400.0,400.0,10.0,0.0,1,400.0,401.0,10.0,0.0,1,400.0,403.0,10.0,0.0,1
2026-03-23 15:27:36,626.16,400.0,402.0,20.0,0.0,1,400.0,401.0,20.0,0.0,1,400.0,402.0,10.0,0.0,1,400.0,401.0,10.0,0.0,1,400.0,401.0,10.0,0.0,1,400.0,403.0,10.0,0.0,1
2026-03-23 15:27:37,627.27,400.0,402.0,20.0,0.0,1,400.0,401.0,20.0,0.0,1,400.0,402.0,10.0,0.0,1,400.0,400.0,10.0,0.0,1,400.0,402.0,10.0,0.0,1,400.0,403.0,10.0,0.0,1
2026-03-23 15:27:39,628.4,400.0,403.0,20.0,0.0,1,400.0,401.0,20.0,0.0,1,400.0,401.0,10.0,0.0,1,400.0,401.0,10.0,0.0,1,400.0,400.0,10.0,0.0,1,400.0,403.0,10.0,0.0,1
2026-03-23 15:27:40,629.46,400.0,403.0,20.0,0.0,1,400.0,401.0,20.0,0.0,1,400.0,402.0,10.0,0.0,1,400.0,401.0,10.0,0.0,1,400.0,399.0,10.0,0.0,1,400.0,403.0,10.0,0.0,1
2026-03-23 15:27:41,630.61,400.0,401.0,20.0,0.0,1,400.0,401.0,20.0,0.0,1,400.0,402.0,10.0,0.0,1,400.0,400.0,10.0,0.0,1,400.0,399.0,10.0,0.0,1,400.0,403.0,10.0,0.0,1
2026-03-23 15:27:42,631.69,400.0,403.0,20.0,0.0,1,400.0,401.0,20.0,0.0,1,400.0,401.0,10.0,0.0,1,400.0,400.0,10.0,0.0,1,400.0,402.0,10.0,0.0,1,400.0,403.0,10.0,0.0,1
2026-03-23 15:27:43,632.89,400.0,404.0,20.0,0.0,1,400.0,401.0,20.0,0.0,1,400.0,402.0,10.0,0.0,1,400.0,402.0,10.0,0.0,1,400.0,400.0,10.0,0.0,1,400.0,403.0,10.0,0.0,1
2026-03-23 15:27:44,634.06,400.0,402.0,20.0,0.0,1,400.0,401.0,20.0,0.0,1,400.0,402.0,10.0,0.0,1,400.0,400.0,10.0,0.0,1,400.0,401.0,10.0,0.0,1,400.0,403.0,10.0,0.0,1
2026-03-23 15:27:45,635.21,400.0,403.0,20.0,0.0,1,400.0,401.0,20.0,0.0,1,400.0,402.0,10.0,0.0,1,400.0,402.0,10.0,0.0,1,400.0,401.0,10.0,0.0,1,400.0,403.0,10.0,0.0,1
2026-03-23 15:27:46,636.35,400.0,403.0,20.0,0.0,1,400.0,400.0,20.0,0.0,1,400.0,403.0,10.0,0.0,1,400.0,402.0,10.0,0.0,1,400.0,401.0,10.0,0.0,1,400.0,402.0,10.0,0.0,1
2026-03-23 15:27:48,637.5,400.0,402.0,20.0,0.0,1,400.0,400.0,20.0,0.0,1,400.0,402.0,10.0,0.0,1,400.0,402.0,10.0,0.0,1,400.0,401.0,10.0,0.0,1,400.0,402.0,10.0,0.0,1
2026-03-23 15:27:49,638.63,400.0,403.0,20.0,0.0,1,400.0,401.0,20.0,0.0,1,400.0,402.0,10.0,0.0,1,400.0,400.0,10.0,0.0,1,400.0,401.0,10.0,0.0,1,400.0,403.0,10.0,0.0,1
2026-03-23 15:27:50,639.72,400.0,404.0,20.0,0.0,1,400.0,401.0,20.0,0.0,1,400.0,402.0,10.0,0.0,1,400.0,400.0,10.0,0.0,1,400.0,401.0,10.0,0.0,1,400.0,403.0,10.0,0.0,1
2026-03-23 15:27:51,640.88,400.0,403.0,20.0,0.0,1,400.0,401.0,20.0,0.0,1,400.0,402.0,10.0,0.0,1,400.0,402.0,10.0,0.0,1,400.0,401.0,10.0,0.0,1,400.0,403.0,10.0,0.0,1
2026-03-23 15:27:52,641.96,400.0,402.0,20.0,0.0,1,400.0,401.0,20.0,0.0,1,400.0,402.0,10.0,0.0,1,400.0,400.0,10.0,0.0,1,400.0,401.0,10.0,0.0,1,400.0,403.0,10.0,0.0,1
2026-03-23 15:27:53,643.08,400.0,403.0,20.0,0.0,1,400.0,400.0,20.0,0.0,1,400.0,402.0,10.0,0.0,1,400.0,401.0,10.0,0.0,1,400.0,401.0,10.0,0.0,1,400.0,403.0,10.0,0.0,1
2026-03-23 15:27:54,644.2,400.0,404.0,20.0,0.0,1,400.0,401.0,20.0,0.0,1,400.0,402.0,10.0,0.0,1,400.0,402.0,10.0,0.0,1,400.0,400.0,10.0,0.0,1,400.0,402.0,10.0,0.0,1
2026-03-23 15:27:56,645.37,400.0,402.0,20.0,0.0,1,400.0,400.0,20.0,0.0,1,400.0,402.0,10.0,0.0,1,400.0,401.0,10.0,0.0,1,400.0,400.0,10.0,0.0,1,400.0,403.0,10.0,0.0,1
2026-03-23 15:27:57,646.46,400.0,403.0,20.0,0.0,1,400.0,400.0,20.0,0.0,1,400.0,402.0,10.0,0.0,1,400.0,400.0,10.0,0.0,1,400.0,401.0,10.0,0.0,1,400.0,402.0,10.0,0.0,1
2026-03-23 15:27:58,647.59,400.0,403.0,20.0,0.0,1,400.0,400.0,20.0,0.0,1,400.0,401.0,10.0,0.0,1,400.0,402.0,10.0,0.0,1,400.0,401.0,10.0,0.0,1,400.0,402.0,10.0,0.0,1
2026-03-23 15:27:59,648.71,400.0,402.0,20.0,0.0,1,400.0,400.0,20.0,0.0,1,400.0,402.0,10.0,0.0,1,400.0,401.0,10.0,0.0,1,400.0,400.0,10.0,0.0,1,400.0,403.0,10.0,0.0,1
2026-03-23 15:28:00,649.84,400.0,402.0,20.0,0.0,1,400.0,402.0,20.0,0.0,1,400.0,402.0,10.0,0.0,1,400.0,402.0,10.0,0.0,1,400.0,402.0,10.0,0.0,1,400.0,403.0,10.0,0.0,1
2026-03-23 15:28:01,650.95,400.0,403.0,20.0,0.0,1,400.0,400.0,20.0,0.0,1,400.0,402.0,10.0,0.0,1,400.0,401.0,10.0,0.0,1,400.0,400.0,10.0,0.0,1,400.0,403.0,10.0,0.0,1
2026-03-23 15:28:02,652.06,400.0,403.0,20.0,0.0,1,400.0,401.0,20.0,0.0,1,400.0,402.0,10.0,0.0,1,400.0,401.0,10.0,0.0,1,400.0,400.0,10.0,0.0,1,400.0,403.0,10.0,0.0,1
2026-03-23 15:28:03,653.23,400.0,402.0,20.0,0.0,1,400.0,401.0,20.0,0.0,1,400.0,402.0,10.0,0.0,1,400.0,401.0,10.0,0.0,1,400.0,401.0,10.0,0.0,1,400.0,404.0,10.0,0.0,1
2026-03-23 15:28:04,654.29,400.0,403.0,20.0,0.0,1,400.0,401.0,20.0,0.0,1,400.0,402.0,10.0,0.0,1,400.0,401.0,10.0,0.0,1,400.0,401.0,10.0,0.0,1,400.0,404.0,10.0,0.0,1
2026-03-23 15:28:06,655.42,400.0,403.0,20.0,0.0,1,400.0,401.0,20.0,0.0,1,400.0,402.0,10.0,0.0,1,400.0,401.0,10.0,0.0,1,400.0,400.0,10.0,0.0,1,400.0,404.0,10.0,0.0,1
2026-03-23 15:28:07,656.56,400.0,403.0,20.0,0.0,1,400.0,401.0,20.0,0.0,1,400.0,402.0,10.0,0.0,1,400.0,401.0,10.0,0.0,1,400.0,401.0,10.0,0.0,1,400.0,403.0,10.0,0.0,1
2026-03-23 15:28:08,657.65,400.0,403.0,20.0,0.0,1,400.0,401.0,20.0,0.0,1,400.0,402.0,10.0,0.0,1,400.0,400.0,10.0,0.0,1,400.0,401.0,10.0,0.0,1,400.0,403.0,10.0,0.0,1
2026-03-23 15:28:09,658.79,400.0,402.0,20.0,0.0,1,400.0,401.0,20.0,0.0,1,400.0,402.0,10.0,0.0,1,400.0,402.0,10.0,0.0,1,400.0,401.0,10.0,0.0,1,400.0,403.0,10.0,0.0,1
2026-03-23 15:28:10,659.86,400.0,404.0,20.0,0.0,1,400.0,401.0,20.0,0.0,1,400.0,402.0,10.0,0.0,1,400.0,402.0,10.0,0.0,1,400.0,401.0,10.0,0.0,1,400.0,403.0,10.0,0.0,1
2026-03-23 15:28:11,660.97,400.0,404.0,20.0,0.0,1,400.0,401.0,20.0,0.0,1,400.0,402.0,10.0,0.0,1,400.0,402.0,10.0,0.0,1,400.0,400.0,10.0,0.0,1,400.0,403.0,10.0,0.0,1
2026-03-23 15:28:12,662.13,400.0,403.0,20.0,0.0,1,400.0,401.0,20.0,0.0,1,400.0,403.0,10.0,0.0,1,400.0,400.0,10.0,0.0,1,400.0,401.0,10.0,0.0,1,400.0,402.0,10.0,0.0,1
2026-03-23 15:28:14,663.4,400.0,404.0,20.0,0.0,1,400.0,401.0,20.0,0.0,1,400.0,403.0,10.0,0.0,1,400.0,401.0,10.0,0.0,1,400.0,400.0,10.0,0.0,1,400.0,404.0,10.0,0.0,1
2026-03-23 15:28:15,664.53,400.0,404.0,20.0,0.0,1,400.0,401.0,20.0,0.0,1,400.0,401.0,10.0,0.0,1,400.0,402.0,10.0,0.0,1,400.0,400.0,10.0,0.0,1,400.0,403.0,10.0,0.0,1
2026-03-23 15:28:16,665.62,400.0,401.0,20.0,0.0,1,400.0,401.0,20.0,0.0,1,400.0,402.0,10.0,0.0,1,400.0,400.0,10.0,0.0,1,400.0,401.0,10.0,0.0,1,400.0,403.0,10.0,0.0,1
2026-03-23 15:28:17,666.75,400.0,402.0,20.0,0.0,1,400.0,400.0,20.0,0.0,1,400.0,402.0,10.0,0.0,1,400.0,401.0,10.0,0.0,1,400.0,401.0,10.0,0.0,1,400.0,403.0,10.0,0.0,1
2026-03-23 15:28:18,667.91,400.0,403.0,20.0,0.0,1,400.0,401.0,20.0,0.0,1,400.0,402.0,10.0,0.0,1,400.0,402.0,10.0,0.0,1,400.0,400.0,10.0,0.0,1,400.0,403.0,10.0,0.0,1
2026-03-23 15:28:19,669.09,400.0,403.0,20.0,0.0,1,400.0,401.0,20.0,0.0,1,400.0,402.0,10.0,0.0,1,400.0,401.0,10.0,0.0,1,400.0,399.0,10.0,0.0,1,400.0,402.0,10.0,0.0,1
2026-03-23 15:28:20,670.23,400.0,404.0,20.0,0.0,1,400.0,401.0,20.0,0.0,1,400.0,403.0,10.0,0.0,1,400.0,401.0,10.0,0.0,1,400.0,402.0,10.0,0.0,1,400.0,403.0,10.0,0.0,1
2026-03-23 15:28:21,671.35,400.0,404.0,20.0,0.0,1,400.0,401.0,20.0,0.0,1,400.0,402.0,10.0,0.0,1,400.0,401.0,10.0,0.0,1,400.0,401.0,10.0,0.0,1,400.0,403.0,10.0,0.0,1
2026-03-23 15:28:23,672.47,400.0,404.0,20.0,0.0,1,400.0,401.0,20.0,0.0,1,400.0,402.0,10.0,0.0,1,400.0,402.0,10.0,0.0,1,400.0,400.0,10.0,0.0,1,400.0,403.0,10.0,0.0,1
2026-03-23 15:28:24,673.59,400.0,401.0,20.0,0.0,1,400.0,401.0,20.0,0.0,1,400.0,402.0,10.0,0.0,1,400.0,402.0,10.0,0.0,1,400.0,401.0,10.0,0.0,1,400.0,404.0,10.0,0.0,1
2026-03-23 15:28:25,674.69,400.0,404.0,20.0,0.0,1,400.0,401.0,20.0,0.0,1,400.0,402.0,10.0,0.0,1,400.0,402.0,10.0,0.0,1,400.0,401.0,10.0,0.0,1,400.0,404.0,10.0,0.0,1
2026-03-23 15:28:26,675.88,400.0,402.0,20.0,0.0,1,400.0,401.0,20.0,0.0,1,400.0,401.0,10.0,0.0,1,400.0,401.0,10.0,0.0,1,400.0,400.0,10.0,0.0,1,400.0,402.0,10.0,0.0,1
2026-03-23 15:28:27,676.98,400.0,402.0,20.0,0.0,1,400.0,401.0,20.0,0.0,1,400.0,403.0,10.0,0.0,1,400.0,401.0,10.0,0.0,1,400.0,401.0,10.0,0.0,1,400.0,402.0,10.0,0.0,1
2026-03-23 15:28:28,678.1,400.0,403.0,20.0,0.0,1,400.0,400.0,20.0,0.0,1,400.0,403.0,10.0,0.0,1,400.0,401.0,10.0,0.0,1,400.0,401.0,10.0,0.0,1,400.0,403.0,10.0,0.0,1
2026-03-23 15:28:29,679.2,400.0,403.0,20.0,0.0,1,400.0,401.0,20.0,0.0,1,400.0,402.0,10.0,0.0,1,400.0,402.0,10.0,0.0,1,400.0,401.0,10.0,0.0,1,400.0,403.0,10.0,0.0,1
2026-03-23 15:28:30,680.32,400.0,404.0,20.0,0.0,1,400.0,401.0,20.0,0.0,1,400.0,402.0,10.0,0.0,1,400.0,401.0,10.0,0.0,1,400.0,401.0,10.0,0.0,1,400.0,403.0,10.0,0.0,1
2026-03-23 15:28:32,681.51,400.0,404.0,20.0,0.0,1,400.0,401.0,20.0,0.0,1,400.0,402.0,10.0,0.0,1,400.0,401.0,10.0,0.0,1,400.0,400.0,10.0,0.0,1,400.0,403.0,10.0,0.0,1
2026-03-23 15:28:33,682.59,400.0,404.0,20.0,0.0,1,400.0,400.0,20.0,0.0,1,400.0,403.0,10.0,0.0,1,400.0,401.0,10.0,0.0,1,400.0,401.0,10.0,0.0,1,400.0,403.0,10.0,0.0,1
2026-03-23 15:28:34,683.76,400.0,403.0,20.0,0.0,1,400.0,400.0,20.0,0.0,1,400.0,402.0,10.0,0.0,1,400.0,401.0,10.0,0.0,1,400.0,401.0,10.0,0.0,1,400.0,403.0,10.0,0.0,1
2026-03-23 15:28:35,684.88,400.0,403.0,20.0,0.0,1,400.0,401.0,20.0,0.0,1,400.0,402.0,10.0,0.0,1,400.0,401.0,10.0,0.0,1,400.0,401.0,10.0,0.0,1,400.0,404.0,10.0,0.0,1
2026-03-23 15:28:36,686.09,400.0,404.0,20.0,0.0,1,400.0,401.0,20.0,0.0,1,400.0,401.0,10.0,0.0,1,400.0,401.0,10.0,0.0,1,400.0,399.0,10.0,0.0,1,400.0,403.0,10.0,0.0,1
2026-03-23 15:28:37,687.18,400.0,403.0,20.0,0.0,1,400.0,401.0,20.0,0.0,1,400.0,402.0,10.0,0.0,1,400.0,403.0,10.0,0.0,1,400.0,401.0,10.0,0.0,1,400.0,403.0,10.0,0.0,1
2026-03-23 15:28:38,688.32,400.0,403.0,20.0,0.0,1,400.0,401.0,20.0,0.0,1,400.0,402.0,10.0,0.0,1,400.0,402.0,10.0,0.0,1,400.0,401.0,10.0,0.0,1,400.0,403.0,10.0,0.0,1
2026-03-23 15:28:40,689.43,400.0,402.0,20.0,0.0,1,400.0,400.0,20.0,0.0,1,400.0,402.0,10.0,0.0,1,400.0,401.0,10.0,0.0,1,400.0,401.0,10.0,0.0,1,400.0,403.0,10.0,0.0,1
2026-03-23 15:28:41,690.58,400.0,402.0,20.0,0.0,1,400.0,400.0,20.0,0.0,1,400.0,402.0,10.0,0.0,1,400.0,401.0,10.0,0.0,1,400.0,401.0,10.0,0.0,1,400.0,403.0,10.0,0.0,1
2026-03-23 15:28:42,691.7,400.0,402.0,20.0,0.0,1,400.0,400.0,20.0,0.0,1,400.0,402.0,10.0,0.0,1,400.0,400.0,10.0,0.0,1,400.0,402.0,10.0,0.0,1,400.0,402.0,10.0,0.0,1
2026-03-23 15:28:43,692.76,400.0,403.0,20.0,0.0,1,400.0,400.0,20.0,0.0,1,400.0,402.0,10.0,0.0,1,400.0,400.0,10.0,0.0,1,400.0,402.0,10.0,0.0,1,400.0,404.0,10.0,0.0,1
2026-03-23 15:28:44,693.88,400.0,402.0,20.0,0.0,1,400.0,400.0,20.0,0.0,1,400.0,402.0,10.0,0.0,1,400.0,400.0,10.0,0.0,1,400.0,401.0,10.0,0.0,1,400.0,404.0,10.0,0.0,1
2026-03-23 15:28:45,695.01,400.0,403.0,20.0,0.0,1,400.0,400.0,20.0,0.0,1,400.0,402.0,10.0,0.0,1,400.0,400.0,10.0,0.0,1,400.0,401.0,10.0,0.0,1,400.0,403.0,10.0,0.0,1
2026-03-23 15:28:46,696.14,400.0,404.0,20.0,0.0,1,400.0,400.0,20.0,0.0,1,400.0,402.0,10.0,0.0,1,400.0,401.0,10.0,0.0,1,400.0,401.0,10.0,0.0,1,400.0,405.0,10.0,0.0,1
2026-03-23 15:28:47,697.34,400.0,404.0,20.0,0.0,1,400.0,401.0,20.0,0.0,1,400.0,403.0,10.0,0.0,1,400.0,401.0,10.0,0.0,1,400.0,399.0,10.0,0.0,1,400.0,403.0,10.0,0.0,1
2026-03-23 15:28:49,698.41,400.0,403.0,20.0,0.0,1,400.0,400.0,20.0,0.0,1,400.0,402.0,10.0,0.0,1,400.0,401.0,10.0,0.0,1,400.0,402.0,10.0,0.0,1,400.0,401.0,10.0,0.0,1
2026-03-23 15:28:50,699.51,400.0,403.0,20.0,0.0,1,400.0,400.0,20.0,0.0,1,400.0,402.0,10.0,0.0,1,400.0,401.0,10.0,0.0,1,400.0,401.0,10.0,0.0,1,400.0,403.0,10.0,0.0,1
2026-03-23 15:28:51,700.63,400.0,404.0,20.0,0.0,1,400.0,401.0,20.0,0.0,1,400.0,401.0,10.0,0.0,1,400.0,401.0,10.0,0.0,1,400.0,401.0,10.0,0.0,1,400.0,402.0,10.0,0.0,1
2026-03-23 15:28:52,701.69,400.0,403.0,20.0,0.0,1,400.0,401.0,20.0,0.0,1,400.0,402.0,10.0,0.0,1,400.0,402.0,10.0,0.0,1,400.0,401.0,10.0,0.0,1,400.0,403.0,10.0,0.0,1
2026-03-23 15:28:53,702.77,400.0,403.0,20.0,0.0,1,400.0,401.0,20.0,0.0,1,400.0,400.0,10.0,0.0,1,400.0,402.0,10.0,0.0,1,400.0,400.0,10.0,0.0,1,400.0,402.0,10.0,0.0,1
2026-03-23 15:28:54,703.92,400.0,401.0,20.0,0.0,1,400.0,401.0,20.0,0.0,1,400.0,402.0,10.0,0.0,1,400.0,402.0,10.0,0.0,1,400.0,400.0,10.0,0.0,1,400.0,404.0,10.0,0.0,1
2026-03-23 15:28:55,705.04,400.0,404.0,20.0,0.0,1,400.0,402.0,20.0,0.0,1,400.0,402.0,10.0,0.0,1,400.0,401.0,10.0,0.0,1,400.0,400.0,10.0,0.0,1,400.0,404.0,10.0,0.0,1
2026-03-23 15:28:56,706.22,400.0,403.0,20.0,0.0,1,400.0,400.0,20.0,0.0,1,400.0,402.0,10.0,0.0,1,400.0,400.0,10.0,0.0,1,400.0,400.0,10.0,0.0,1,400.0,403.0,10.0,0.0,1
2026-03-23 15:28:57,707.27,400.0,403.0,20.0,0.0,1,400.0,401.0,20.0,0.0,1,400.0,402.0,10.0,0.0,1,400.0,401.0,10.0,0.0,1,400.0,400.0,10.0,0.0,1,400.0,404.0,10.0,0.0,1
2026-03-23 15:28:59,708.39,400.0,402.0,20.0,0.0,1,400.0,401.0,20.0,0.0,1,400.0,402.0,10.0,0.0,1,400.0,401.0,10.0,0.0,1,400.0,400.0,10.0,0.0,1,400.0,404.0,10.0,0.0,1
2026-03-23 15:29:00,709.54,400.0,402.0,20.0,0.0,1,400.0,399.0,20.0,0.0,1,400.0,402.0,10.0,0.0,1,400.0,401.0,10.0,0.0,1,400.0,401.0,10.0,0.0,1,400.0,403.0,10.0,0.0,1
2026-03-23 15:29:01,710.65,400.0,404.0,20.0,0.0,1,400.0,401.0,20.0,0.0,1,400.0,402.0,10.0,0.0,1,400.0,401.0,10.0,0.0,1,400.0,400.0,10.0,0.0,1,400.0,403.0,10.0,0.0,1
2026-03-23 15:29:02,711.82,400.0,404.0,20.0,0.0,1,400.0,400.0,20.0,0.0,1,400.0,402.0,10.0,0.0,1,400.0,401.0,10.0,0.0,1,400.0,400.0,10.0,0.0,1,400.0,403.0,10.0,0.0,1
2026-03-23 15:29:03,712.92,400.0,401.0,20.0,0.0,1,400.0,401.0,20.0,0.0,1,400.0,402.0,10.0,0.0,1,400.0,401.0,10.0,0.0,1,400.0,400.0,10.0,0.0,1,400.0,403.0,10.0,0.0,1
2026-03-23 15:29:04,713.99,400.0,402.0,20.0,0.0,1,400.0,401.0,20.0,0.0,1,400.0,403.0,10.0,0.0,1,400.0,401.0,10.0,0.0,1,400.0,400.0,10.0,0.0,1,400.0,404.0,10.0,0.0,1
2026-03-23 15:29:05,715.15,400.0,403.0,20.0,0.0,1,400.0,400.0,20.0,0.0,1,400.0,403.0,10.0,0.0,1,400.0,402.0,10.0,0.0,1,400.0,401.0,10.0,0.0,1,400.0,403.0,10.0,0.0,1
2026-03-23 15:29:06,716.27,400.0,403.0,20.0,0.0,1,400.0,402.0,20.0,0.0,1,400.0,402.0,10.0,0.0,1,400.0,401.0,10.0,0.0,1,400.0,401.0,10.0,0.0,1,400.0,403.0,10.0,0.0,1
2026-03-23 15:29:07,717.34,400.0,403.0,20.0,0.0,1,400.0,402.0,20.0,0.0,1,400.0,402.0,10.0,0.0,1,400.0,402.0,10.0,0.0,1,400.0,401.0,10.0,0.0,1,400.0,403.0,10.0,0.0,1
2026-03-23 15:29:09,718.5,400.0,404.0,20.0,0.0,1,400.0,400.0,20.0,0.0,1,400.0,402.0,10.0,0.0,1,400.0,401.0,10.0,0.0,1,400.0,400.0,10.0,0.0,1,400.0,403.0,10.0,0.0,1
2026-03-23 15:29:10,719.62,400.0,403.0,20.0,0.0,1,400.0,401.0,20.0,0.0,1,400.0,402.0,10.0,0.0,1,400.0,402.0,10.0,0.0,1,400.0,402.0,10.0,0.0,1,400.0,403.0,10.0,0.0,1
2026-03-23 15:29:11,720.79,400.0,403.0,20.0,0.0,1,400.0,400.0,20.0,0.0,1,400.0,402.0,10.0,0.0,1,400.0,402.0,10.0,0.0,1,400.0,402.0,10.0,0.0,1,400.0,403.0,10.0,0.0,1
2026-03-23 15:29:12,721.93,400.0,402.0,20.0,0.0,1,400.0,401.0,20.0,0.0,1,400.0,401.0,10.0,0.0,1,400.0,402.0,10.0,0.0,1,400.0,401.0,10.0,0.0,1,400.0,404.0,10.0,0.0,1
2026-03-23 15:29:13,723.01,400.0,403.0,20.0,0.0,1,400.0,401.0,20.0,0.0,1,400.0,401.0,10.0,0.0,1,400.0,402.0,10.0,0.0,1,400.0,401.0,10.0,0.0,1,400.0,402.0,10.0,0.0,1
2026-03-23 15:29:14,724.17,400.0,403.0,20.0,0.0,1,400.0,401.0,20.0,0.0,1,400.0,402.0,10.0,0.0,1,400.0,399.0,10.0,0.0,1,400.0,401.0,10.0,0.0,1,400.0,404.0,10.0,0.0,1
2026-03-23 15:29:15,725.33,400.0,403.0,20.0,0.0,1,400.0,401.0,20.0,0.0,1,400.0,402.0,10.0,0.0,1,400.0,401.0,10.0,0.0,1,400.0,401.0,10.0,0.0,1,400.0,403.0,10.0,0.0,1
2026-03-23 15:29:17,726.41,400.0,403.0,20.0,0.0,1,400.0,400.0,20.0,0.0,1,400.0,402.0,10.0,0.0,1,400.0,401.0,10.0,0.0,1,400.0,399.0,10.0,0.0,1,400.0,403.0,10.0,0.0,1
2026-03-23 15:29:18,727.55,400.0,403.0,20.0,0.0,1,400.0,400.0,20.0,0.0,1,400.0,402.0,10.0,0.0,1,400.0,401.0,10.0,0.0,1,400.0,401.0,10.0,0.0,1,400.0,403.0,10.0,0.0,1
2026-03-23 15:29:19,728.61,400.0,402.0,20.0,0.0,1,400.0,400.0,20.0,0.0,1,400.0,402.0,10.0,0.0,1,400.0,401.0,10.0,0.0,1,400.0,400.0,10.0,0.0,1,400.0,403.0,10.0,0.0,1
2026-03-23 15:29:20,729.7,400.0,402.0,20.0,0.0,1,400.0,401.0,20.0,0.0,1,400.0,402.0,10.0,0.0,1,400.0,402.0,10.0,0.0,1,400.0,400.0,10.0,0.0,1,400.0,403.0,10.0,0.0,1
2026-03-23 15:29:21,730.87,400.0,404.0,20.0,0.0,1,400.0,401.0,20.0,0.0,1,400.0,402.0,10.0,0.0,1,400.0,402.0,10.0,0.0,1,400.0,400.0,10.0,0.0,1,400.0,403.0,10.0,0.0,1
2026-03-23 15:29:22,731.98,400.0,403.0,20.0,0.0,1,400.0,400.0,20.0,0.0,1,400.0,402.0,10.0,0.0,1,400.0,401.0,10.0,0.0,1,400.0,401.0,10.0,0.0,1,400.0,403.0,10.0,0.0,1
2026-03-23 15:29:23,733.19,400.0,403.0,20.0,0.0,1,400.0,401.0,20.0,0.0,1,400.0,402.0,10.0,0.0,1,400.0,401.0,10.0,0.0,1,400.0,401.0,10.0,0.0,1,400.0,403.0,10.0,0.0,1
2026-03-23 15:29:24,734.34,400.0,403.0,20.0,0.0,1,400.0,401.0,20.0,0.0,1,400.0,402.0,10.0,0.0,1,400.0,401.0,10.0,0.0,1,400.0,401.0,10.0,0.0,1,400.0,404.0,10.0,0.0,1
2026-03-23 15:29:26,735.46,400.0,405.0,20.0,0.0,1,400.0,401.0,20.0,0.0,1,400.0,402.0,10.0,0.0,1,400.0,401.0,10.0,0.0,1,400.0,401.0,10.0,0.0,1,400.0,404.0,10.0,0.0,1
2026-03-23 15:29:27,736.54,400.0,404.0,20.0,0.0,1,400.0,401.0,20.0,0.0,1,400.0,402.0,10.0,0.0,1,400.0,403.0,10.0,0.0,1,400.0,401.0,10.0,0.0,1,400.0,404.0,10.0,0.0,1
2026-03-23 15:29:28,737.61,400.0,404.0,20.0,0.0,1,400.0,401.0,20.0,0.0,1,400.0,401.0,10.0,0.0,1,400.0,399.0,10.0,0.0,1,400.0,401.0,10.0,0.0,1,400.0,402.0,10.0,0.0,1
2026-03-23 15:29:29,738.72,400.0,402.0,20.0,0.0,1,400.0,401.0,20.0,0.0,1,400.0,401.0,10.0,0.0,1,400.0,400.0,10.0,0.0,1,400.0,400.0,10.0,0.0,1,400.0,404.0,10.0,0.0,1
2026-03-23 15:29:30,739.83,400.0,402.0,20.0,0.0,1,400.0,401.0,20.0,0.0,1,400.0,402.0,10.0,0.0,1,400.0,400.0,10.0,0.0,1,400.0,399.0,10.0,0.0,1,400.0,404.0,10.0,0.0,1
2026-03-23 15:29:31,740.97,400.0,402.0,20.0,0.0,1,400.0,401.0,20.0,0.0,1,400.0,402.0,10.0,0.0,1,400.0,400.0,10.0,0.0,1,400.0,400.0,10.0,0.0,1,400.0,402.0,10.0,0.0,1
2026-03-23 15:29:32,742.1,400.0,403.0,20.0,0.0,1,400.0,401.0,20.0,0.0,1,400.0,403.0,10.0,0.0,1,400.0,400.0,10.0,0.0,1,400.0,402.0,10.0,0.0,1,400.0,403.0,10.0,0.0,1
2026-03-23 15:29:33,743.21,400.0,404.0,20.0,0.0,1,400.0,401.0,20.0,0.0,1,400.0,402.0,10.0,0.0,1,400.0,401.0,10.0,0.0,1,400.0,401.0,10.0,0.0,1,400.0,403.0,10.0,0.0,1
2026-03-23 15:29:34,744.33,400.0,402.0,20.0,0.0,1,400.0,401.0,20.0,0.0,1,400.0,401.0,10.0,0.0,1,400.0,399.0,10.0,0.0,1,400.0,401.0,10.0,0.0,1,400.0,404.0,10.0,0.0,1
2026-03-23 15:29:36,745.44,400.0,403.0,20.0,0.0,1,400.0,401.0,20.0,0.0,1,400.0,402.0,10.0,0.0,1,400.0,401.0,10.0,0.0,1,400.0,400.0,10.0,0.0,1,400.0,404.0,10.0,0.0,1
2026-03-23 15:29:37,746.55,400.0,403.0,20.0,0.0,1,400.0,400.0,20.0,0.0,1,400.0,401.0,10.0,0.0,1,400.0,402.0,10.0,0.0,1,400.0,400.0,10.0,0.0,1,400.0,403.0,10.0,0.0,1
2026-03-23 15:29:38,747.65,400.0,404.0,20.0,0.0,1,400.0,400.0,20.0,0.0,1,400.0,402.0,10.0,0.0,1,400.0,402.0,10.0,0.0,1,400.0,401.0,10.0,0.0,1,400.0,404.0,10.0,0.0,1
2026-03-23 15:29:39,748.8,400.0,402.0,20.0,0.0,1,400.0,400.0,20.0,0.0,1,400.0,402.0,10.0,0.0,1,400.0,401.0,10.0,0.0,1,400.0,401.0,10.0,0.0,1,400.0,403.0,10.0,0.0,1
2026-03-23 15:29:40,749.87,400.0,403.0,20.0,0.0,1,400.0,401.0,20.0,0.0,1,400.0,402.0,10.0,0.0,1,400.0,402.0,10.0,0.0,1,400.0,399.0,10.0,0.0,1,400.0,404.0,10.0,0.0,1
2026-03-23 15:29:41,751.04,400.0,404.0,20.0,0.0,1,400.0,401.0,20.0,0.0,1,400.0,402.0,10.0,0.0,1,400.0,401.0,10.0,0.0,1,400.0,400.0,10.0,0.0,1,400.0,403.0,10.0,0.0,1
2026-03-23 15:29:42,752.19,400.0,403.0,20.0,0.0,1,400.0,400.0,20.0,0.0,1,400.0,402.0,10.0,0.0,1,400.0,401.0,10.0,0.0,1,400.0,401.0,10.0,0.0,1,400.0,403.0,10.0,0.0,1
2026-03-23 15:29:43,753.26,400.0,403.0,20.0,0.0,1,400.0,401.0,20.0,0.0,1,400.0,402.0,10.0,0.0,1,400.0,402.0,10.0,0.0,1,400.0,400.0,10.0,0.0,1,400.0,403.0,10.0,0.0,1
2026-03-23 15:29:45,754.42,400.0,403.0,20.0,0.0,1,400.0,401.0,20.0,0.0,1,400.0,402.0,10.0,0.0,1,400.0,401.0,10.0,0.0,1,400.0,401.0,10.0,0.0,1,400.0,403.0,10.0,0.0,1
2026-03-23 15:29:46,755.64,400.0,404.0,20.0,0.0,1,400.0,401.0,20.0,0.0,1,400.0,402.0,10.0,0.0,1,400.0,401.0,10.0,0.0,1,400.0,402.0,10.0,0.0,1,400.0,403.0,10.0,0.0,1
2026-03-23 15:29:47,756.69,400.0,403.0,20.0,0.0,1,400.0,401.0,20.0,0.0,1,400.0,402.0,10.0,0.0,1,400.0,401.0,10.0,0.0,1,400.0,399.0,10.0,0.0,1,400.0,403.0,10.0,0.0,1
2026-03-23 15:29:48,757.86,400.0,403.0,20.0,0.0,1,400.0,401.0,20.0,0.0,1,400.0,402.0,10.0,0.0,1,400.0,401.0,10.0,0.0,1,400.0,399.0,10.0,0.0,1,400.0,403.0,10.0,0.0,1
2026-03-23 15:29:49,758.96,400.0,403.0,20.0,0.0,1,400.0,401.0,20.0,0.0,1,400.0,402.0,10.0,0.0,1,400.0,401.0,10.0,0.0,1,400.0,400.0,10.0,0.0,1,400.0,403.0,10.0,0.0,1
2026-03-23 15:29:50,760.02,400.0,402.0,20.0,0.0,1,400.0,400.0,20.0,0.0,1,400.0,402.0,10.0,0.0,1,400.0,400.0,10.0,0.0,1,400.0,402.0,10.0,0.0,1,400.0,403.0,10.0,0.0,1
2026-03-23 15:29:51,761.16,400.0,402.0,20.0,0.0,1,400.0,401.0,20.0,0.0,1,400.0,401.0,10.0,0.0,1,400.0,402.0,10.0,0.0,1,400.0,401.0,10.0,0.0,1,400.0,402.0,10.0,0.0,1
2026-03-23 15:29:52,762.22,400.0,403.0,20.0,0.0,1,400.0,401.0,20.0,0.0,1,400.0,402.0,10.0,0.0,1,400.0,401.0,10.0,0.0,1,400.0,401.0,10.0,0.0,1,400.0,403.0,10.0,0.0,1
2026-03-23 15:29:53,763.34,400.0,402.0,20.0,0.0,1,400.0,401.0,20.0,0.0,1,400.0,401.0,10.0,0.0,1,400.0,401.0,10.0,0.0,1,400.0,401.0,10.0,0.0,1,400.0,403.0,10.0,0.0,1
2026-03-23 15:29:55,764.42,400.0,403.0,20.0,0.0,1,400.0,400.0,20.0,0.0,1,400.0,402.0,10.0,0.0,1,400.0,401.0,10.0,0.0,1,400.0,401.0,10.0,0.0,1,400.0,403.0,10.0,0.0,1
2026-03-23 15:29:56,765.48,400.0,403.0,20.0,0.0,1,400.0,400.0,20.0,0.0,1,400.0,402.0,10.0,0.0,1,400.0,401.0,10.0,0.0,1,400.0,400.0,10.0,0.0,1,400.0,403.0,10.0,0.0,1
2026-03-23 15:29:57,766.64,400.0,403.0,20.0,0.0,1,400.0,401.0,20.0,0.0,1,400.0,402.0,10.0,0.0,1,400.0,401.0,10.0,0.0,1,400.0,401.0,10.0,0.0,1,400.0,402.0,10.0,0.0,1
2026-03-23 15:29:58,767.69,400.0,401.0,20.0,0.0,1,400.0,401.0,20.0,0.0,1,400.0,402.0,10.0,0.0,1,400.0,402.0,10.0,0.0,1,400.0,401.0,10.0,0.0,1,400.0,404.0,10.0,0.0,1
2026-03-23 15:29:59,768.87,400.0,402.0,20.0,0.0,1,400.0,401.0,20.0,0.0,1,400.0,402.0,10.0,0.0,1,400.0,401.0,10.0,0.0,1,400.0,401.0,10.0,0.0,1,400.0,403.0,10.0,0.0,1
2026-03-23 15:30:00,769.95,400.0,403.0,20.0,0.0,1,400.0,400.0,20.0,0.0,1,400.0,402.0,10.0,0.0,1,400.0,400.0,10.0,0.0,1,400.0,401.0,10.0,0.0,1,400.0,402.0,10.0,0.0,1
2026-03-23 15:30:01,771.07,400.0,404.0,20.0,0.0,1,400.0,400.0,20.0,0.0,1,400.0,402.0,10.0,0.0,1,400.0,400.0,10.0,0.0,1,400.0,401.0,10.0,0.0,1,400.0,402.0,10.0,0.0,1
2026-03-23 15:30:02,772.23,400.0,404.0,20.0,0.0,1,400.0,400.0,20.0,0.0,1,400.0,403.0,10.0,0.0,1,400.0,401.0,10.0,0.0,1,400.0,400.0,10.0,0.0,1,400.0,403.0,10.0,0.0,1
2026-03-23 15:30:04,773.37,400.0,404.0,20.0,0.0,1,400.0,400.0,20.0,0.0,1,400.0,402.0,10.0,0.0,1,400.0,400.0,10.0,0.0,1,400.0,400.0,10.0,0.0,1,400.0,403.0,10.0,0.0,1
2026-03-23 15:30:05,774.49,400.0,402.0,20.0,0.0,1,400.0,401.0,20.0,0.0,1,400.0,402.0,10.0,0.0,1,400.0,399.0,10.0,0.0,1,400.0,400.0,10.0,0.0,1,400.0,403.0,10.0,0.0,1
2026-03-23 15:30:06,775.62,400.0,403.0,20.0,0.0,1,400.0,401.0,20.0,0.0,1,400.0,402.0,10.0,0.0,1,400.0,401.0,10.0,0.0,1,400.0,401.0,10.0,0.0,1,400.0,404.0,10.0,0.0,1
2026-03-23 15:30:07,776.77,400.0,403.0,20.0,0.0,1,400.0,400.0,20.0,0.0,1,400.0,402.0,10.0,0.0,1,400.0,402.0,10.0,0.0,1,400.0,401.0,10.0,0.0,1,400.0,403.0,10.0,0.0,1
2026-03-23 15:30:08,777.88,400.0,403.0,20.0,0.0,1,400.0,400.0,20.0,0.0,1,400.0,402.0,10.0,0.0,1,400.0,400.0,10.0,0.0,1,400.0,401.0,10.0,0.0,1,400.0,403.0,10.0,0.0,1
2026-03-23 15:30:09,779.01,400.0,402.0,20.0,0.0,1,400.0,401.0,20.0,0.0,1,400.0,402.0,10.0,0.0,1,400.0,401.0,10.0,0.0,1,400.0,401.0,10.0,0.0,1,400.0,404.0,10.0,0.0,1
2026-03-23 15:30:10,780.08,400.0,402.0,20.0,0.0,1,400.0,401.0,20.0,0.0,1,400.0,402.0,10.0,0.0,1,400.0,401.0,10.0,0.0,1,400.0,400.0,10.0,0.0,1,400.0,404.0,10.0,0.0,1
2026-03-23 15:30:11,781.24,400.0,402.0,20.0,0.0,1,400.0,401.0,20.0,0.0,1,400.0,402.0,10.0,0.0,1,400.0,401.0,10.0,0.0,1,400.0,401.0,10.0,0.0,1,400.0,404.0,10.0,0.0,1
2026-03-23 15:30:13,782.39,400.0,402.0,20.0,0.0,1,400.0,401.0,20.0,0.0,1,400.0,402.0,10.0,0.0,1,400.0,401.0,10.0,0.0,1,400.0,402.0,10.0,0.0,1,400.0,402.0,10.0,0.0,1
2026-03-23 15:30:14,783.51,400.0,403.0,20.0,0.0,1,400.0,401.0,20.0,0.0,1,400.0,402.0,10.0,0.0,1,400.0,401.0,10.0,0.0,1,400.0,401.0,10.0,0.0,1,400.0,402.0,10.0,0.0,1
2026-03-23 15:30:15,784.72,400.0,405.0,20.0,0.0,1,400.0,401.0,20.0,0.0,1,400.0,402.0,10.0,0.0,1,400.0,401.0,10.0,0.0,1,400.0,400.0,10.0,0.0,1,400.0,405.0,10.0,0.0,1
2026-03-23 15:30:16,785.8,400.0,404.0,20.0,0.0,1,400.0,401.0,20.0,0.0,1,400.0,402.0,10.0,0.0,1,400.0,401.0,10.0,0.0,1,400.0,401.0,10.0,0.0,1,400.0,403.0,10.0,0.0,1
2026-03-23 15:30:17,786.94,400.0,403.0,20.0,0.0,1,400.0,401.0,20.0,0.0,1,400.0,402.0,10.0,0.0,1,400.0,401.0,10.0,0.0,1,400.0,400.0,10.0,0.0,1,400.0,403.0,10.0,0.0,1
2026-03-23 15:30:18,788.09,400.0,403.0,20.0,0.0,1,400.0,400.0,20.0,0.0,1,400.0,402.0,10.0,0.0,1,400.0,401.0,10.0,0.0,1,400.0,400.0,10.0,0.0,1,400.0,403.0,10.0,0.0,1
2026-03-23 15:30:19,789.27,400.0,404.0,20.0,0.0,1,400.0,400.0,20.0,0.0,1,400.0,402.0,10.0,0.0,1,400.0,401.0,10.0,0.0,1,400.0,402.0,10.0,0.0,1,400.0,403.0,10.0,0.0,1
2026-03-23 15:30:21,790.42,400.0,404.0,20.0,0.0,1,400.0,401.0,20.0,0.0,1,400.0,402.0,10.0,0.0,1,400.0,401.0,10.0,0.0,1,400.0,401.0,10.0,0.0,1,400.0,403.0,10.0,0.0,1
2026-03-23 15:30:22,791.63,400.0,405.0,20.0,0.0,1,400.0,401.0,20.0,0.0,1,400.0,402.0,10.0,0.0,1,400.0,401.0,10.0,0.0,1,400.0,401.0,10.0,0.0,1,400.0,403.0,10.0,0.0,1
2026-03-23 15:30:23,792.76,400.0,402.0,20.0,0.0,1,400.0,401.0,20.0,0.0,1,400.0,402.0,10.0,0.0,1,400.0,401.0,10.0,0.0,1,400.0,401.0,10.0,0.0,1,400.0,403.0,10.0,0.0,1
2026-03-23 15:30:24,793.88,400.0,403.0,20.0,0.0,1,400.0,401.0,20.0,0.0,1,400.0,402.0,10.0,0.0,1,400.0,401.0,10.0,0.0,1,400.0,401.0,10.0,0.0,1,400.0,404.0,10.0,0.0,1
2026-03-23 15:30:25,795.01,400.0,403.0,20.0,0.0,1,400.0,401.0,20.0,0.0,1,400.0,403.0,10.0,0.0,1,400.0,401.0,10.0,0.0,1,400.0,400.0,10.0,0.0,1,400.0,404.0,10.0,0.0,1
2026-03-23 15:30:26,796.15,400.0,403.0,20.0,0.0,1,400.0,401.0,20.0,0.0,1,400.0,402.0,10.0,0.0,1,400.0,401.0,10.0,0.0,1,400.0,401.0,10.0,0.0,1,400.0,402.0,10.0,0.0,1
2026-03-23 15:30:27,797.31,400.0,403.0,20.0,0.0,1,400.0,400.0,20.0,0.0,1,400.0,402.0,10.0,0.0,1,400.0,401.0,10.0,0.0,1,400.0,401.0,10.0,0.0,1,400.0,402.0,10.0,0.0,1
2026-03-23 15:30:29,798.44,400.0,401.0,20.0,0.0,1,400.0,401.0,20.0,0.0,1,400.0,402.0,10.0,0.0,1,400.0,400.0,10.0,0.0,1,400.0,401.0,10.0,0.0,1,400.0,402.0,10.0,0.0,1
2026-03-23 15:30:30,799.54,400.0,404.0,20.0,0.0,1,400.0,401.0,20.0,0.0,1,400.0,402.0,10.0,0.0,1,400.0,401.0,10.0,0.0,1,400.0,400.0,10.0,0.0,1,400.0,404.0,10.0,0.0,1
2026-03-23 15:30:31,800.7,400.0,403.0,20.0,0.0,1,400.0,401.0,20.0,0.0,1,400.0,402.0,10.0,0.0,1,400.0,401.0,10.0,0.0,1,400.0,400.0,10.0,0.0,1,400.0,403.0,10.0,0.0,1
2026-03-23 15:30:32,801.96,400.0,403.0,20.0,0.0,1,400.0,401.0,20.0,0.0,1,400.0,403.0,10.0,0.0,1,400.0,401.0,10.0,0.0,1,400.0,401.0,10.0,0.0,1,400.0,403.0,10.0,0.0,1
2026-03-23 15:30:33,803.06,400.0,402.0,20.0,0.0,1,400.0,400.0,20.0,0.0,1,400.0,402.0,10.0,0.0,1,400.0,403.0,10.0,0.0,1,400.0,401.0,10.0,0.0,1,400.0,403.0,10.0,0.0,1
2026-03-23 15:30:34,804.26,400.0,403.0,20.0,0.0,1,400.0,400.0,20.0,0.0,1,400.0,401.0,10.0,0.0,1,400.0,399.0,10.0,0.0,1,400.0,400.0,10.0,0.0,1,400.0,403.0,10.0,0.0,1
2026-03-23 15:30:36,805.4,400.0,404.0,20.0,0.0,1,400.0,400.0,20.0,0.0,1,400.0,402.0,10.0,0.0,1,400.0,401.0,10.0,0.0,1,400.0,400.0,10.0,0.0,1,400.0,403.0,10.0,0.0,1
2026-03-23 15:30:37,806.58,400.0,402.0,20.0,0.0,1,400.0,400.0,20.0,0.0,1,400.0,401.0,10.0,0.0,1,400.0,401.0,10.0,0.0,1,400.0,400.0,10.0,0.0,1,400.0,403.0,10.0,0.0,1
2026-03-23 15:30:38,807.67,400.0,404.0,20.0,0.0,1,400.0,400.0,20.0,0.0,1,400.0,402.0,10.0,0.0,1,400.0,401.0,10.0,0.0,1,400.0,401.0,10.0,0.0,1,400.0,403.0,10.0,0.0,1
2026-03-23 15:30:39,808.79,400.0,404.0,20.0,0.0,1,400.0,400.0,20.0,0.0,1,400.0,402.0,10.0,0.0,1,400.0,400.0,10.0,0.0,1,400.0,400.0,10.0,0.0,1,400.0,403.0,10.0,0.0,1
2026-03-23 15:30:40,809.93,400.0,404.0,20.0,0.0,1,400.0,401.0,20.0,0.0,1,400.0,402.0,10.0,0.0,1,400.0,400.0,10.0,0.0,1,400.0,401.0,10.0,0.0,1,400.0,403.0,10.0,0.0,1
2026-03-23 15:30:41,810.98,400.0,404.0,20.0,0.0,1,400.0,401.0,20.0,0.0,1,400.0,403.0,10.0,0.0,1,400.0,400.0,10.0,0.0,1,400.0,400.0,10.0,0.0,1,400.0,403.0,10.0,0.0,1
2026-03-23 15:30:42,812.15,400.0,403.0,20.0,0.0,1,400.0,401.0,20.0,0.0,1,400.0,403.0,10.0,0.0,1,400.0,401.0,10.0,0.0,1,400.0,401.0,10.0,0.0,1,400.0,403.0,10.0,0.0,1
2026-03-23 15:30:43,813.24,400.0,404.0,20.0,0.0,1,400.0,401.0,20.0,0.0,1,400.0,402.0,10.0,0.0,1,400.0,400.0,10.0,0.0,1,400.0,399.0,10.0,0.0,1,400.0,403.0,10.0,0.0,1
2026-03-23 15:30:45,814.37,400.0,404.0,20.0,0.0,1,400.0,401.0,20.0,0.0,1,400.0,402.0,10.0,0.0,1,400.0,400.0,10.0,0.0,1,400.0,400.0,10.0,0.0,1,400.0,403.0,10.0,0.0,1
2026-03-23 15:30:46,815.51,400.0,405.0,20.0,0.0,1,400.0,400.0,20.0,0.0,1,400.0,402.0,10.0,0.0,1,400.0,401.0,10.0,0.0,1,400.0,401.0,10.0,0.0,1,400.0,403.0,10.0,0.0,1
2026-03-23 15:30:47,816.56,400.0,403.0,20.0,0.0,1,400.0,401.0,20.0,0.0,1,400.0,403.0,10.0,0.0,1,400.0,401.0,10.0,0.0,1,400.0,401.0,10.0,0.0,1,400.0,403.0,10.0,0.0,1
2026-03-23 15:30:48,817.75,400.0,403.0,20.0,0.0,1,400.0,401.0,20.0,0.0,1,400.0,401.0,10.0,0.0,1,400.0,401.0,10.0,0.0,1,400.0,401.0,10.0,0.0,1,400.0,403.0,10.0,0.0,1
2026-03-23 15:30:49,818.87,400.0,404.0,20.0,0.0,1,400.0,401.0,20.0,0.0,1,400.0,401.0,10.0,0.0,1,400.0,401.0,10.0,0.0,1,400.0,400.0,10.0,0.0,1,400.0,404.0,10.0,0.0,1
2026-03-23 15:30:50,819.94,400.0,404.0,20.0,0.0,1,400.0,400.0,20.0,0.0,1,400.0,403.0,10.0,0.0,1,400.0,402.0,10.0,0.0,1,400.0,401.0,10.0,0.0,1,400.0,404.0,10.0,0.0,1
2026-03-23 15:30:51,821.06,400.0,404.0,20.0,0.0,1,400.0,400.0,20.0,0.0,1,400.0,403.0,10.0,0.0,1,400.0,402.0,10.0,0.0,1,400.0,401.0,10.0,0.0,1,400.0,404.0,10.0,0.0,1
2026-03-23 15:30:52,822.13,400.0,403.0,20.0,0.0,1,400.0,400.0,20.0,0.0,1,400.0,403.0,10.0,0.0,1,400.0,401.0,10.0,0.0,1,400.0,401.0,10.0,0.0,1,400.0,404.0,10.0,0.0,1
2026-03-23 15:30:53,823.28,400.0,401.0,20.0,0.0,1,400.0,400.0,20.0,0.0,1,400.0,403.0,10.0,0.0,1,400.0,401.0,10.0,0.0,1,400.0,401.0,10.0,0.0,1,400.0,404.0,10.0,0.0,1
2026-03-23 15:30:55,824.44,400.0,403.0,20.0,0.0,1,400.0,400.0,20.0,0.0,1,400.0,403.0,10.0,0.0,1,400.0,401.0,10.0,0.0,1,400.0,401.0,10.0,0.0,1,400.0,403.0,10.0,0.0,1
2026-03-23 15:30:56,825.6,400.0,403.0,20.0,0.0,1,400.0,400.0,20.0,0.0,1,400.0,403.0,10.0,0.0,1,400.0,402.0,10.0,0.0,1,400.0,400.0,10.0,0.0,1,400.0,402.0,10.0,0.0,1
2026-03-23 15:30:57,826.77,400.0,403.0,20.0,0.0,1,400.0,400.0,20.0,0.0,1,400.0,402.0,10.0,0.0,1,400.0,402.0,10.0,0.0,1,400.0,400.0,10.0,0.0,1,400.0,402.0,10.0,0.0,1
2026-03-23 15:30:58,828.0,400.0,404.0,20.0,0.0,1,400.0,400.0,20.0,0.0,1,400.0,402.0,10.0,0.0,1,400.0,401.0,10.0,0.0,1,400.0,401.0,10.0,0.0,1,400.0,403.0,10.0,0.0,1
2026-03-23 15:30:59,829.19,400.0,403.0,20.0,0.0,1,400.0,401.0,20.0,0.0,1,400.0,402.0,10.0,0.0,1,400.0,402.0,10.0,0.0,1,400.0,401.0,10.0,0.0,1,400.0,403.0,10.0,0.0,1
2026-03-23 15:31:00,830.26,400.0,404.0,20.0,0.0,1,400.0,401.0,20.0,0.0,1,400.0,402.0,10.0,0.0,1,400.0,401.0,10.0,0.0,1,400.0,401.0,10.0,0.0,1,400.0,403.0,10.0,0.0,1
2026-03-23 15:31:02,831.37,400.0,403.0,20.0,0.0,1,400.0,401.0,20.0,0.0,1,400.0,402.0,10.0,0.0,1,400.0,401.0,10.0,0.0,1,400.0,401.0,10.0,0.0,1,400.0,404.0,10.0,0.0,1
2026-03-23 15:31:03,832.45,400.0,403.0,20.0,0.0,1,400.0,401.0,20.0,0.0,1,400.0,402.0,10.0,0.0,1,400.0,402.0,10.0,0.0,1,400.0,401.0,10.0,0.0,1,400.0,404.0,10.0,0.0,1
2026-03-23 15:31:04,833.55,400.0,403.0,20.0,0.0,1,400.0,400.0,20.0,0.0,1,400.0,401.0,10.0,0.0,1,400.0,402.0,10.0,0.0,1,400.0,401.0,10.0,0.0,1,400.0,403.0,10.0,0.0,1
2026-03-23 15:31:05,834.71,400.0,403.0,20.0,0.0,1,400.0,401.0,20.0,0.0,1,400.0,402.0,10.0,0.0,1,400.0,401.0,10.0,0.0,1,400.0,401.0,10.0,0.0,1,400.0,403.0,10.0,0.0,1
2026-03-23 15:31:06,835.77,400.0,403.0,20.0,0.0,1,400.0,401.0,20.0,0.0,1,400.0,402.0,10.0,0.0,1,400.0,400.0,10.0,0.0,1,400.0,402.0,10.0,0.0,1,400.0,403.0,10.0,0.0,1
2026-03-23 15:31:07,836.91,400.0,403.0,20.0,0.0,1,400.0,401.0,20.0,0.0,1,400.0,402.0,10.0,0.0,1,400.0,400.0,10.0,0.0,1,400.0,400.0,10.0,0.0,1,400.0,403.0,10.0,0.0,1
2026-03-23 15:31:08,838.02,400.0,402.0,20.0,0.0,1,400.0,401.0,20.0,0.0,1,400.0,402.0,10.0,0.0,1,400.0,403.0,10.0,0.0,1,400.0,401.0,10.0,0.0,1,400.0,404.0,10.0,0.0,1
2026-03-23 15:31:09,839.15,400.0,402.0,20.0,0.0,1,400.0,400.0,20.0,0.0,1,400.0,402.0,10.0,0.0,1,400.0,400.0,10.0,0.0,1,400.0,401.0,10.0,0.0,1,400.0,405.0,10.0,0.0,1
2026-03-23 15:31:10,840.31,400.0,402.0,20.0,0.0,1,400.0,400.0,20.0,0.0,1,400.0,402.0,10.0,0.0,1,400.0,400.0,10.0,0.0,1,400.0,401.0,10.0,0.0,1,400.0,403.0,10.0,0.0,1
2026-03-23 15:31:12,841.37,400.0,404.0,20.0,0.0,1,400.0,401.0,20.0,0.0,1,400.0,402.0,10.0,0.0,1,400.0,401.0,10.0,0.0,1,400.0,399.0,10.0,0.0,1,400.0,403.0,10.0,0.0,1
2026-03-23 15:31:13,842.49,400.0,403.0,20.0,0.0,1,400.0,401.0,20.0,0.0,1,400.0,402.0,10.0,0.0,1,400.0,400.0,10.0,0.0,1,400.0,401.0,10.0,0.0,1,400.0,403.0,10.0,0.0,1
2026-03-23 15:31:14,843.63,400.0,403.0,20.0,0.0,1,400.0,401.0,20.0,0.0,1,400.0,402.0,10.0,0.0,1,400.0,401.0,10.0,0.0,1,400.0,400.0,10.0,0.0,1,400.0,403.0,10.0,0.0,1
2026-03-23 15:31:15,844.77,400.0,403.0,20.0,0.0,1,400.0,401.0,20.0,0.0,1,400.0,402.0,10.0,0.0,1,400.0,401.0,10.0,0.0,1,400.0,400.0,10.0,0.0,1,400.0,403.0,10.0,0.0,1
2026-03-23 15:31:16,845.89,400.0,403.0,20.0,0.0,1,400.0,401.0,20.0,0.0,1,400.0,403.0,10.0,0.0,1,400.0,401.0,10.0,0.0,1,400.0,401.0,10.0,0.0,1,400.0,403.0,10.0,0.0,1
2026-03-23 15:31:17,846.97,400.0,403.0,20.0,0.0,1,400.0,401.0,20.0,0.0,1,400.0,402.0,10.0,0.0,1,400.0,401.0,10.0,0.0,1,400.0,401.0,10.0,0.0,1,400.0,403.0,10.0,0.0,1
2026-03-23 15:31:18,848.08,400.0,403.0,20.0,0.0,1,400.0,401.0,20.0,0.0,1,400.0,402.0,10.0,0.0,1,400.0,401.0,10.0,0.0,1,400.0,401.0,10.0,0.0,1,400.0,403.0,10.0,0.0,1
2026-03-23 15:31:19,849.25,400.0,402.0,20.0,0.0,1,400.0,401.0,20.0,0.0,1,400.0,402.0,10.0,0.0,1,400.0,402.0,10.0,0.0,1,400.0,400.0,10.0,0.0,1,400.0,403.0,10.0,0.0,1
2026-03-23 15:31:21,850.36,400.0,403.0,20.0,0.0,1,400.0,401.0,20.0,0.0,1,400.0,402.0,10.0,0.0,1,400.0,402.0,10.0,0.0,1,400.0,400.0,10.0,0.0,1,400.0,402.0,10.0,0.0,1
2026-03-23 15:31:22,851.55,400.0,404.0,20.0,0.0,1,400.0,401.0,20.0,0.0,1,400.0,403.0,10.0,0.0,1,400.0,402.0,10.0,0.0,1,400.0,400.0,10.0,0.0,1,400.0,402.0,10.0,0.0,1
2026-03-23 15:31:23,852.76,400.0,404.0,20.0,0.0,1,400.0,401.0,20.0,0.0,1,400.0,403.0,10.0,0.0,1,400.0,402.0,10.0,0.0,1,400.0,401.0,10.0,0.0,1,400.0,402.0,10.0,0.0,1
2026-03-23 15:31:24,853.9,400.0,403.0,20.0,0.0,1,400.0,402.0,20.0,0.0,1,400.0,403.0,10.0,0.0,1,400.0,400.0,10.0,0.0,1,400.0,400.0,10.0,0.0,1,400.0,402.0,10.0,0.0,1
2026-03-23 15:31:25,855.21,400.0,403.0,20.0,0.0,1,400.0,401.0,20.0,0.0,1,400.0,403.0,10.0,0.0,1,400.0,400.0,10.0,0.0,1,400.0,401.0,10.0,0.0,1,400.0,401.0,10.0,0.0,1
2026-03-23 15:31:27,856.45,400.0,404.0,20.0,0.0,1,400.0,401.0,20.0,0.0,1,400.0,403.0,10.0,0.0,1,400.0,401.0,10.0,0.0,1,400.0,401.0,10.0,0.0,1,400.0,404.0,10.0,0.0,1
2026-03-23 15:31:28,858.07,400.0,403.0,20.0,0.0,1,400.0,401.0,20.0,0.0,1,400.0,402.0,10.0,0.0,1,400.0,401.0,10.0,0.0,1,400.0,400.0,10.0,0.0,1,400.0,404.0,10.0,0.0,1
2026-03-23 15:31:30,859.61,400.0,401.0,20.0,0.0,1,400.0,401.0,20.0,0.0,1,400.0,401.0,10.0,0.0,1,400.0,401.0,10.0,0.0,1,400.0,401.0,10.0,0.0,1,400.0,403.0,10.0,0.0,1
2026-03-23 15:31:31,861.04,400.0,403.0,20.0,0.0,1,400.0,401.0,20.0,0.0,1,400.0,401.0,10.0,0.0,1,400.0,401.0,10.0,0.0,1,400.0,401.0,10.0,0.0,1,400.0,401.0,10.0,0.0,1
2026-03-23 15:31:33,862.39,400.0,402.0,20.0,0.0,1,400.0,401.0,20.0,0.0,1,400.0,401.0,10.0,0.0,1,400.0,401.0,10.0,0.0,1,400.0,400.0,10.0,0.0,1,400.0,403.0,10.0,0.0,1
2026-03-23 15:31:34,863.77,400.0,403.0,20.0,0.0,1,400.0,401.0,20.0,0.0,1,400.0,401.0,10.0,0.0,1,400.0,400.0,10.0,0.0,1,400.0,400.0,10.0,0.0,1,400.0,403.0,10.0,0.0,1
2026-03-23 15:31:35,865.16,400.0,403.0,20.0,0.0,1,400.0,401.0,20.0,0.0,1,400.0,401.0,10.0,0.0,1,400.0,401.0,10.0,0.0,1,400.0,401.0,10.0,0.0,1,400.0,403.0,10.0,0.0,1
2026-03-23 15:31:36,866.34,400.0,401.0,20.0,0.0,1,400.0,400.0,20.0,0.0,1,400.0,402.0,10.0,0.0,1,400.0,401.0,10.0,0.0,1,400.0,402.0,10.0,0.0,1,400.0,403.0,10.0,0.0,1
2026-03-23 15:31:38,867.5,400.0,404.0,20.0,0.0,1,400.0,401.0,20.0,0.0,1,400.0,402.0,10.0,0.0,1,400.0,400.0,10.0,0.0,1,400.0,402.0,10.0,0.0,1,400.0,403.0,10.0,0.0,1
2026-03-23 15:31:39,868.75,400.0,403.0,20.0,0.0,1,400.0,401.0,20.0,0.0,1,400.0,403.0,10.0,0.0,1,400.0,401.0,10.0,0.0,1,400.0,401.0,10.0,0.0,1,400.0,403.0,10.0,0.0,1
2026-03-23 15:31:40,869.91,400.0,403.0,20.0,0.0,1,400.0,401.0,20.0,0.0,1,400.0,402.0,10.0,0.0,1,400.0,401.0,10.0,0.0,1,400.0,399.0,10.0,0.0,1,400.0,403.0,10.0,0.0,1
2026-03-23 15:31:41,871.12,400.0,403.0,20.0,0.0,1,400.0,401.0,20.0,0.0,1,400.0,403.0,10.0,0.0,1,400.0,401.0,10.0,0.0,1,400.0,401.0,10.0,0.0,1,400.0,404.0,10.0,0.0,1
2026-03-23 15:31:43,872.4,400.0,403.0,20.0,0.0,1,400.0,401.0,20.0,0.0,1,400.0,402.0,10.0,0.0,1,400.0,402.0,10.0,0.0,1,400.0,401.0,10.0,0.0,1,400.0,404.0,10.0,0.0,1
2026-03-23 15:31:44,873.85,400.0,403.0,20.0,0.0,1,400.0,401.0,20.0,0.0,1,400.0,402.0,10.0,0.0,1,400.0,402.0,10.0,0.0,1,400.0,400.0,10.0,0.0,1,400.0,401.0,10.0,0.0,1
2026-03-23 15:31:45,875.28,400.0,405.0,20.0,0.0,1,400.0,401.0,20.0,0.0,1,400.0,402.0,10.0,0.0,1,400.0,402.0,10.0,0.0,1,400.0,400.0,10.0,0.0,1,400.0,403.0,10.0,0.0,1
2026-03-23 15:31:47,876.53,400.0,404.0,20.0,0.0,1,400.0,400.0,20.0,0.0,1,400.0,403.0,10.0,0.0,1,400.0,401.0,10.0,0.0,1,400.0,400.0,10.0,0.0,1,400.0,404.0,10.0,0.0,1
2026-03-23 15:31:48,877.85,400.0,403.0,20.0,0.0,1,400.0,401.0,20.0,0.0,1,400.0,403.0,10.0,0.0,1,400.0,401.0,10.0,0.0,1,400.0,399.0,10.0,0.0,1,400.0,403.0,10.0,0.0,1
2026-03-23 15:31:49,879.13,400.0,403.0,20.0,0.0,1,400.0,401.0,20.0,0.0,1,400.0,403.0,10.0,0.0,1,400.0,401.0,10.0,0.0,1,400.0,400.0,10.0,0.0,1,400.0,404.0,10.0,0.0,1
2026-03-23 15:31:50,880.29,400.0,402.0,20.0,0.0,1,400.0,401.0,20.0,0.0,1,400.0,403.0,10.0,0.0,1,400.0,401.0,10.0,0.0,1,400.0,400.0,10.0,0.0,1,400.0,404.0,10.0,0.0,1
2026-03-23 15:31:52,881.42,400.0,403.0,20.0,0.0,1,400.0,402.0,20.0,0.0,1,400.0,402.0,10.0,0.0,1,400.0,401.0,10.0,0.0,1,400.0,401.0,10.0,0.0,1,400.0,403.0,10.0,0.0,1
2026-03-23 15:31:53,882.49,400.0,405.0,20.0,0.0,1,400.0,401.0,20.0,0.0,1,400.0,402.0,10.0,0.0,1,400.0,401.0,10.0,0.0,1,400.0,400.0,10.0,0.0,1,400.0,403.0,10.0,0.0,1
2026-03-23 15:31:54,883.71,400.0,403.0,20.0,0.0,1,400.0,400.0,20.0,0.0,1,400.0,402.0,10.0,0.0,1,400.0,401.0,10.0,0.0,1,400.0,400.0,10.0,0.0,1,400.0,403.0,10.0,0.0,1
2026-03-23 15:31:55,884.88,400.0,403.0,20.0,0.0,1,400.0,400.0,20.0,0.0,1,400.0,402.0,10.0,0.0,1,400.0,401.0,10.0,0.0,1,400.0,401.0,10.0,0.0,1,400.0,403.0,10.0,0.0,1
2026-03-23 15:31:56,886.1,400.0,403.0,20.0,0.0,1,400.0,401.0,20.0,0.0,1,400.0,402.0,10.0,0.0,1,400.0,401.0,10.0,0.0,1,400.0,400.0,10.0,0.0,1,400.0,403.0,10.0,0.0,1
2026-03-23 15:31:57,887.23,400.0,404.0,20.0,0.0,1,400.0,401.0,20.0,0.0,1,400.0,402.0,10.0,0.0,1,400.0,400.0,10.0,0.0,1,400.0,400.0,10.0,0.0,1,400.0,402.0,10.0,0.0,1
2026-03-23 15:31:59,888.4,400.0,404.0,20.0,0.0,1,400.0,400.0,20.0,0.0,1,400.0,402.0,10.0,0.0,1,400.0,401.0,10.0,0.0,1,400.0,401.0,10.0,0.0,1,400.0,404.0,10.0,0.0,1
2026-03-23 15:32:00,889.58,400.0,403.0,20.0,0.0,1,400.0,400.0,20.0,0.0,1,400.0,401.0,10.0,0.0,1,400.0,402.0,10.0,0.0,1,400.0,400.0,10.0,0.0,1,400.0,404.0,10.0,0.0,1
2026-03-23 15:32:01,890.7,400.0,404.0,20.0,0.0,1,400.0,400.0,20.0,0.0,1,400.0,401.0,10.0,0.0,1,400.0,401.0,10.0,0.0,1,400.0,400.0,10.0,0.0,1,400.0,403.0,10.0,0.0,1
2026-03-23 15:32:02,891.95,400.0,403.0,20.0,0.0,1,400.0,400.0,20.0,0.0,1,400.0,401.0,10.0,0.0,1,400.0,402.0,10.0,0.0,1,400.0,400.0,10.0,0.0,1,400.0,403.0,10.0,0.0,1
2026-03-23 15:32:03,893.02,400.0,404.0,20.0,0.0,1,400.0,401.0,20.0,0.0,1,400.0,402.0,10.0,0.0,1,400.0,400.0,10.0,0.0,1,400.0,402.0,10.0,0.0,1,400.0,404.0,10.0,0.0,1
2026-03-23 15:32:04,894.21,400.0,402.0,20.0,0.0,1,400.0,401.0,20.0,0.0,1,400.0,402.0,10.0,0.0,1,400.0,401.0,10.0,0.0,1,400.0,400.0,10.0,0.0,1,400.0,402.0,10.0,0.0,1
2026-03-23 15:32:05,895.35,400.0,403.0,20.0,0.0,1,400.0,401.0,20.0,0.0,1,400.0,403.0,10.0,0.0,1,400.0,401.0,10.0,0.0,1,400.0,400.0,10.0,0.0,1,400.0,404.0,10.0,0.0,1
2026-03-23 15:32:07,896.46,400.0,401.0,20.0,0.0,1,400.0,401.0,20.0,0.0,1,400.0,402.0,10.0,0.0,1,400.0,401.0,10.0,0.0,1,400.0,400.0,10.0,0.0,1,400.0,404.0,10.0,0.0,1
2026-03-23 15:32:08,897.63,400.0,403.0,20.0,0.0,1,400.0,401.0,20.0,0.0,1,400.0,402.0,10.0,0.0,1,400.0,402.0,10.0,0.0,1,400.0,401.0,10.0,0.0,1,400.0,402.0,10.0,0.0,1
2026-03-23 15:32:09,898.8,400.0,401.0,20.0,0.0,1,400.0,401.0,20.0,0.0,1,400.0,402.0,10.0,0.0,1,400.0,402.0,10.0,0.0,1,400.0,401.0,10.0,0.0,1,400.0,404.0,10.0,0.0,1
2026-03-23 15:32:10,900.01,400.0,403.0,20.0,0.0,1,400.0,401.0,20.0,0.0,1,400.0,402.0,10.0,0.0,1,400.0,401.0,10.0,0.0,1,400.0,400.0,10.0,0.0,1,400.0,402.0,10.0,0.0,1
2026-03-23 15:32:11,901.24,400.0,403.0,20.0,0.0,1,400.0,401.0,20.0,0.0,1,400.0,402.0,10.0,0.0,1,400.0,400.0,10.0,0.0,1,400.0,402.0,10.0,0.0,1,400.0,403.0,10.0,0.0,1
2026-03-23 15:32:13,902.55,400.0,403.0,20.0,0.0,1,400.0,401.0,20.0,0.0,1,400.0,402.0,10.0,0.0,1,400.0,400.0,10.0,0.0,1,400.0,401.0,10.0,0.0,1,400.0,403.0,10.0,0.0,1
2026-03-23 15:32:14,903.65,400.0,403.0,20.0,0.0,1,400.0,401.0,20.0,0.0,1,400.0,402.0,10.0,0.0,1,400.0,401.0,10.0,0.0,1,400.0,401.0,10.0,0.0,1,400.0,403.0,10.0,0.0,1
2026-03-23 15:32:15,904.87,400.0,403.0,20.0,0.0,1,400.0,401.0,20.0,0.0,1,400.0,402.0,10.0,0.0,1,400.0,401.0,10.0,0.0,1,400.0,400.0,10.0,0.0,1,400.0,402.0,10.0,0.0,1
2026-03-23 15:32:16,905.93,400.0,403.0,20.0,0.0,1,400.0,401.0,20.0,0.0,1,400.0,401.0,10.0,0.0,1,400.0,401.0,10.0,0.0,1,400.0,401.0,10.0,0.0,1,400.0,402.0,10.0,0.0,1
2026-03-23 15:32:17,907.08,400.0,403.0,20.0,0.0,1,400.0,401.0,20.0,0.0,1,400.0,403.0,10.0,0.0,1,400.0,401.0,10.0,0.0,1,400.0,401.0,10.0,0.0,1,400.0,404.0,10.0,0.0,1
2026-03-23 15:32:18,908.22,400.0,403.0,20.0,0.0,1,400.0,401.0,20.0,0.0,1,400.0,402.0,10.0,0.0,1,400.0,402.0,10.0,0.0,1,400.0,401.0,10.0,0.0,1,400.0,403.0,10.0,0.0,1
2026-03-23 15:32:20,909.41,400.0,403.0,20.0,0.0,1,400.0,400.0,20.0,0.0,1,400.0,402.0,10.0,0.0,1,400.0,401.0,10.0,0.0,1,400.0,401.0,10.0,0.0,1,400.0,403.0,10.0,0.0,1
2026-03-23 15:32:21,910.69,400.0,403.0,20.0,0.0,1,400.0,400.0,20.0,0.0,1,400.0,402.0,10.0,0.0,1,400.0,402.0,10.0,0.0,1,400.0,400.0,10.0,0.0,1,400.0,403.0,10.0,0.0,1
2026-03-23 15:32:22,911.79,400.0,404.0,20.0,0.0,1,400.0,400.0,20.0,0.0,1,400.0,402.0,10.0,0.0,1,400.0,402.0,10.0,0.0,1,400.0,400.0,10.0,0.0,1,400.0,402.0,10.0,0.0,1
2026-03-23 15:32:23,912.95,400.0,404.0,20.0,0.0,1,400.0,400.0,20.0,0.0,1,400.0,402.0,10.0,0.0,1,400.0,402.0,10.0,0.0,1,400.0,400.0,10.0,0.0,1,400.0,402.0,10.0,0.0,1
2026-03-23 15:32:24,914.07,400.0,403.0,20.0,0.0,1,400.0,401.0,20.0,0.0,1,400.0,402.0,10.0,0.0,1,400.0,402.0,10.0,0.0,1,400.0,400.0,10.0,0.0,1,400.0,404.0,10.0,0.0,1
2026-03-23 15:32:25,915.21,400.0,403.0,20.0,0.0,1,400.0,400.0,20.0,0.0,1,400.0,402.0,10.0,0.0,1,400.0,400.0,10.0,0.0,1,400.0,401.0,10.0,0.0,1,400.0,404.0,10.0,0.0,1
2026-03-23 15:32:27,916.4,400.0,404.0,20.0,0.0,1,400.0,400.0,20.0,0.0,1,400.0,403.0,10.0,0.0,1,400.0,401.0,10.0,0.0,1,400.0,398.0,10.0,0.0,1,400.0,403.0,10.0,0.0,1
2026-03-23 15:32:28,917.7,400.0,403.0,20.0,0.0,1,400.0,400.0,20.0,0.0,1,400.0,402.0,10.0,0.0,1,400.0,402.0,10.0,0.0,1,400.0,401.0,10.0,0.0,1,400.0,403.0,10.0,0.0,1
2026-03-23 15:32:29,918.83,400.0,403.0,20.0,0.0,1,400.0,401.0,20.0,0.0,1,400.0,402.0,10.0,0.0,1,400.0,402.0,10.0,0.0,1,400.0,401.0,10.0,0.0,1,400.0,402.0,10.0,0.0,1
2026-03-23 15:32:30,919.99,400.0,403.0,20.0,0.0,1,400.0,400.0,20.0,0.0,1,400.0,403.0,10.0,0.0,1,400.0,402.0,10.0,0.0,1,400.0,401.0,10.0,0.0,1,400.0,403.0,10.0,0.0,1
2026-03-23 15:32:31,921.13,400.0,403.0,20.0,0.0,1,400.0,401.0,20.0,0.0,1,400.0,402.0,10.0,0.0,1,400.0,401.0,10.0,0.0,1,400.0,401.0,10.0,0.0,1,400.0,403.0,10.0,0.0,1
2026-03-23 15:32:32,922.25,400.0,403.0,20.0,0.0,1,400.0,400.0,20.0,0.0,1,400.0,402.0,10.0,0.0,1,400.0,401.0,10.0,0.0,1,400.0,400.0,10.0,0.0,1,400.0,403.0,10.0,0.0,1
2026-03-23 15:32:34,923.44,400.0,404.0,20.0,0.0,1,400.0,400.0,20.0,0.0,1,400.0,402.0,10.0,0.0,1,400.0,402.0,10.0,0.0,1,400.0,400.0,10.0,0.0,1,400.0,403.0,10.0,0.0,1
2026-03-23 15:32:35,924.56,400.0,403.0,20.0,0.0,1,400.0,401.0,20.0,0.0,1,400.0,402.0,10.0,0.0,1,400.0,402.0,10.0,0.0,1,400.0,400.0,10.0,0.0,1,400.0,403.0,10.0,0.0,1
2026-03-23 15:32:36,926.01,400.0,403.0,20.0,0.0,1,400.0,401.0,20.0,0.0,1,400.0,402.0,10.0,0.0,1,400.0,401.0,10.0,0.0,1,400.0,399.0,10.0,0.0,1,400.0,402.0,10.0,0.0,1
2026-03-23 15:32:37,927.21,400.0,402.0,20.0,0.0,1,400.0,401.0,20.0,0.0,1,400.0,402.0,10.0,0.0,1,400.0,401.0,10.0,0.0,1,400.0,399.0,10.0,0.0,1,400.0,403.0,10.0,0.0,1
2026-03-23 15:32:39,928.65,400.0,402.0,20.0,0.0,1,400.0,401.0,20.0,0.0,1,400.0,402.0,10.0,0.0,1,400.0,401.0,10.0,0.0,1,400.0,400.0,10.0,0.0,1,400.0,403.0,10.0,0.0,1
2026-03-23 15:32:40,930.07,400.0,403.0,20.0,0.0,1,400.0,401.0,20.0,0.0,1,400.0,402.0,10.0,0.0,1,400.0,402.0,10.0,0.0,1,400.0,399.0,10.0,0.0,1,400.0,404.0,10.0,0.0,1
2026-03-23 15:32:42,931.48,400.0,402.0,20.0,0.0,1,400.0,400.0,20.0,0.0,1,400.0,402.0,10.0,0.0,1,400.0,402.0,10.0,0.0,1,400.0,401.0,10.0,0.0,1,400.0,403.0,10.0,0.0,1
2026-03-23 15:32:43,932.87,400.0,403.0,20.0,0.0,1,400.0,401.0,20.0,0.0,1,400.0,402.0,10.0,0.0,1,400.0,401.0,10.0,0.0,1,400.0,401.0,10.0,0.0,1,400.0,403.0,10.0,0.0,1
2026-03-23 15:32:44,934.2,400.0,403.0,20.0,0.0,1,400.0,401.0,20.0,0.0,1,400.0,402.0,10.0,0.0,1,400.0,399.0,10.0,0.0,1,400.0,401.0,10.0,0.0,1,400.0,403.0,10.0,0.0,1
2026-03-23 15:32:46,935.53,400.0,404.0,20.0,0.0,1,400.0,401.0,20.0,0.0,1,400.0,402.0,10.0,0.0,1,400.0,401.0,10.0,0.0,1,400.0,402.0,10.0,0.0,1,400.0,403.0,10.0,0.0,1
2026-03-23 15:32:47,936.79,400.0,403.0,20.0,0.0,1,400.0,401.0,20.0,0.0,1,400.0,402.0,10.0,0.0,1,400.0,401.0,10.0,0.0,1,400.0,401.0,10.0,0.0,1,400.0,403.0,10.0,0.0,1
2026-03-23 15:32:48,938.3,400.0,404.0,20.0,0.0,1,400.0,400.0,20.0,0.0,1,400.0,402.0,10.0,0.0,1,400.0,400.0,10.0,0.0,1,400.0,400.0,10.0,0.0,1,400.0,403.0,10.0,0.0,1
2026-03-23 15:32:50,939.61,400.0,404.0,20.0,0.0,1,400.0,401.0,20.0,0.0,1,400.0,402.0,10.0,0.0,1,400.0,402.0,10.0,0.0,1,400.0,401.0,10.0,0.0,1,400.0,403.0,10.0,0.0,1
2026-03-23 15:32:51,940.94,400.0,404.0,20.0,0.0,1,400.0,401.0,20.0,0.0,1,400.0,402.0,10.0,0.0,1,400.0,401.0,10.0,0.0,1,400.0,401.0,10.0,0.0,1,400.0,404.0,10.0,0.0,1
2026-03-23 15:32:52,942.27,400.0,403.0,20.0,0.0,1,400.0,401.0,20.0,0.0,1,400.0,403.0,10.0,0.0,1,400.0,400.0,10.0,0.0,1,400.0,401.0,10.0,0.0,1,400.0,404.0,10.0,0.0,1
2026-03-23 15:32:54,943.39,400.0,403.0,20.0,0.0,1,400.0,401.0,20.0,0.0,1,400.0,402.0,10.0,0.0,1,400.0,401.0,10.0,0.0,1,400.0,401.0,10.0,0.0,1,400.0,404.0,10.0,0.0,1
2026-03-23 15:32:55,944.52,400.0,402.0,20.0,0.0,1,400.0,401.0,20.0,0.0,1,400.0,402.0,10.0,0.0,1,400.0,401.0,10.0,0.0,1,400.0,401.0,10.0,0.0,1,400.0,404.0,10.0,0.0,1
2026-03-23 15:32:56,945.74,400.0,403.0,20.0,0.0,1,400.0,401.0,20.0,0.0,1,400.0,402.0,10.0,0.0,1,400.0,401.0,10.0,0.0,1,400.0,400.0,10.0,0.0,1,400.0,404.0,10.0,0.0,1
2026-03-23 15:32:57,946.92,400.0,404.0,20.0,0.0,1,400.0,401.0,20.0,0.0,1,400.0,403.0,10.0,0.0,1,400.0,401.0,10.0,0.0,1,400.0,400.0,10.0,0.0,1,400.0,404.0,10.0,0.0,1
2026-03-23 15:32:58,948.07,400.0,403.0,20.0,0.0,1,400.0,401.0,20.0,0.0,1,400.0,402.0,10.0,0.0,1,400.0,402.0,10.0,0.0,1,400.0,401.0,10.0,0.0,1,400.0,404.0,10.0,0.0,1
2026-03-23 15:32:59,949.17,400.0,402.0,20.0,0.0,1,400.0,401.0,20.0,0.0,1,400.0,402.0,10.0,0.0,1,400.0,402.0,10.0,0.0,1,400.0,400.0,10.0,0.0,1,400.0,403.0,10.0,0.0,1
2026-03-23 15:33:01,950.45,400.0,402.0,20.0,0.0,1,400.0,400.0,20.0,0.0,1,400.0,402.0,10.0,0.0,1,400.0,401.0,10.0,0.0,1,400.0,401.0,10.0,0.0,1,400.0,403.0,10.0,0.0,1
2026-03-23 15:33:02,951.66,400.0,403.0,20.0,0.0,1,400.0,401.0,20.0,0.0,1,400.0,402.0,10.0,0.0,1,400.0,401.0,10.0,0.0,1,400.0,400.0,10.0,0.0,1,400.0,402.0,10.0,0.0,1
2026-03-23 15:33:03,952.96,400.0,408.0,20.0,0.0,1,400.0,401.0,20.0,0.0,1,400.0,402.0,10.0,0.0,1,400.0,402.0,10.0,0.0,1,400.0,399.0,10.0,0.0,1,400.0,403.0,10.0,0.0,1
2026-03-23 15:33:04,954.05,400.0,404.0,20.0,0.0,1,400.0,400.0,20.0,0.0,1,400.0,402.0,10.0,0.0,1,400.0,401.0,10.0,0.0,1,400.0,401.0,10.0,0.0,1,400.0,403.0,10.0,0.0,1
2026-03-23 15:33:05,955.19,400.0,402.0,20.0,0.0,1,400.0,400.0,20.0,0.0,1,400.0,402.0,10.0,0.0,1,400.0,401.0,10.0,0.0,1,400.0,401.0,10.0,0.0,1,400.0,403.0,10.0,0.0,1
2026-03-23 15:33:07,956.42,400.0,404.0,20.0,0.0,1,400.0,401.0,20.0,0.0,1,400.0,403.0,10.0,0.0,1,400.0,401.0,10.0,0.0,1,400.0,400.0,10.0,0.0,1,400.0,401.0,10.0,0.0,1
2026-03-23 15:33:08,957.85,400.0,403.0,20.0,0.0,1,400.0,401.0,20.0,0.0,1,400.0,403.0,10.0,0.0,1,400.0,401.0,10.0,0.0,1,400.0,401.0,10.0,0.0,1,400.0,403.0,10.0,0.0,1
2026-03-23 15:33:09,959.09,400.0,402.0,20.0,0.0,1,400.0,400.0,20.0,0.0,1,400.0,401.0,10.0,0.0,1,400.0,401.0,10.0,0.0,1,400.0,400.0,10.0,0.0,1,400.0,402.0,10.0,0.0,1
2026-03-23 15:33:11,960.47,400.0,403.0,20.0,0.0,1,400.0,401.0,20.0,0.0,1,400.0,403.0,10.0,0.0,1,400.0,401.0,10.0,0.0,1,400.0,399.0,10.0,0.0,1,400.0,403.0,10.0,0.0,1
2026-03-23 15:33:12,961.7,400.0,402.0,20.0,0.0,1,400.0,401.0,20.0,0.0,1,400.0,402.0,10.0,0.0,1,400.0,402.0,10.0,0.0,1,400.0,399.0,10.0,0.0,1,400.0,403.0,10.0,0.0,1
2026-03-23 15:33:13,962.93,400.0,402.0,20.0,0.0,1,400.0,400.0,20.0,0.0,1,400.0,402.0,10.0,0.0,1,400.0,400.0,10.0,0.0,1,400.0,399.0,10.0,0.0,1,400.0,403.0,10.0,0.0,1
2026-03-23 15:33:15,964.37,400.0,403.0,20.0,0.0,1,400.0,400.0,20.0,0.0,1,400.0,402.0,10.0,0.0,1,400.0,401.0,10.0,0.0,1,400.0,401.0,10.0,0.0,1,400.0,403.0,10.0,0.0,1
2026-03-23 15:33:16,965.56,400.0,403.0,20.0,0.0,1,400.0,401.0,20.0,0.0,1,400.0,403.0,10.0,0.0,1,400.0,401.0,10.0,0.0,1,400.0,401.0,10.0,0.0,1,400.0,403.0,10.0,0.0,1
2026-03-23 15:33:17,966.99,400.0,401.0,20.0,0.0,1,400.0,401.0,20.0,0.0,1,400.0,404.0,10.0,0.0,1,400.0,402.0,10.0,0.0,1,400.0,401.0,10.0,0.0,1,400.0,403.0,10.0,0.0,1
2026-03-23 15:33:18,968.29,400.0,402.0,20.0,0.0,1,400.0,400.0,20.0,0.0,1,400.0,403.0,10.0,0.0,1,400.0,402.0,10.0,0.0,1,400.0,401.0,10.0,0.0,1,400.0,403.0,10.0,0.0,1
2026-03-23 15:33:20,969.61,400.0,403.0,20.0,0.0,1,400.0,401.0,20.0,0.0,1,400.0,403.0,10.0,0.0,1,400.0,401.0,10.0,0.0,1,400.0,400.0,10.0,0.0,1,400.0,403.0,10.0,0.0,1
2026-03-23 15:33:21,970.77,400.0,404.0,20.0,0.0,1,400.0,401.0,20.0,0.0,1,400.0,401.0,10.0,0.0,1,400.0,401.0,10.0,0.0,1,400.0,401.0,10.0,0.0,1,400.0,403.0,10.0,0.0,1
2026-03-23 15:33:22,972.11,400.0,404.0,20.0,0.0,1,400.0,400.0,20.0,0.0,1,400.0,402.0,10.0,0.0,1,400.0,401.0,10.0,0.0,1,400.0,400.0,10.0,0.0,1,400.0,403.0,10.0,0.0,1
2026-03-23 15:33:23,973.28,400.0,404.0,20.0,0.0,1,400.0,401.0,20.0,0.0,1,400.0,402.0,10.0,0.0,1,400.0,401.0,10.0,0.0,1,400.0,401.0,10.0,0.0,1,400.0,403.0,10.0,0.0,1
2026-03-23 15:33:25,974.68,400.0,403.0,20.0,0.0,1,400.0,401.0,20.0,0.0,1,400.0,403.0,10.0,0.0,1,400.0,402.0,10.0,0.0,1,400.0,401.0,10.0,0.0,1,400.0,403.0,10.0,0.0,1
2026-03-23 15:33:26,976.01,400.0,403.0,20.0,0.0,1,400.0,401.0,20.0,0.0,1,400.0,402.0,10.0,0.0,1,400.0,402.0,10.0,0.0,1,400.0,401.0,10.0,0.0,1,400.0,403.0,10.0,0.0,1
2026-03-23 15:33:28,977.37,400.0,403.0,20.0,0.0,1,400.0,401.0,20.0,0.0,1,400.0,402.0,10.0,0.0,1,400.0,402.0,10.0,0.0,1,400.0,401.0,10.0,0.0,1,400.0,403.0,10.0,0.0,1
2026-03-23 15:33:29,978.58,400.0,404.0,20.0,0.0,1,400.0,400.0,20.0,0.0,1,400.0,402.0,10.0,0.0,1,400.0,402.0,10.0,0.0,1,400.0,400.0,10.0,0.0,1,400.0,403.0,10.0,0.0,1
2026-03-23 15:33:30,979.68,400.0,404.0,20.0,0.0,1,400.0,401.0,20.0,0.0,1,400.0,402.0,10.0,0.0,1,400.0,402.0,10.0,0.0,1,400.0,401.0,10.0,0.0,1,400.0,403.0,10.0,0.0,1
2026-03-23 15:33:31,981.03,400.0,404.0,20.0,0.0,1,400.0,401.0,20.0,0.0,1,400.0,402.0,10.0,0.0,1,400.0,401.0,10.0,0.0,1,400.0,401.0,10.0,0.0,1,400.0,403.0,10.0,0.0,1
2026-03-23 15:33:33,982.37,400.0,403.0,20.0,0.0,1,400.0,401.0,20.0,0.0,1,400.0,402.0,10.0,0.0,1,400.0,402.0,10.0,0.0,1,400.0,401.0,10.0,0.0,1,400.0,403.0,10.0,0.0,1
2026-03-23 15:33:34,983.68,400.0,404.0,20.0,0.0,1,400.0,401.0,20.0,0.0,1,400.0,402.0,10.0,0.0,1,400.0,401.0,10.0,0.0,1,400.0,401.0,10.0,0.0,1,400.0,402.0,10.0,0.0,1
2026-03-23 15:33:35,984.87,400.0,404.0,20.0,0.0,1,400.0,400.0,20.0,0.0,1,400.0,402.0,10.0,0.0,1,400.0,401.0,10.0,0.0,1,400.0,401.0,10.0,0.0,1,400.0,402.0,10.0,0.0,1
2026-03-23 15:33:36,986.0,400.0,403.0,20.0,0.0,1,400.0,400.0,20.0,0.0,1,400.0,402.0,10.0,0.0,1,400.0,402.0,10.0,0.0,1,400.0,401.0,10.0,0.0,1,400.0,403.0,10.0,0.0,1
2026-03-23 15:33:37,987.11,400.0,404.0,20.0,0.0,1,400.0,401.0,20.0,0.0,1,400.0,401.0,10.0,0.0,1,400.0,401.0,10.0,0.0,1,400.0,400.0,10.0,0.0,1,400.0,403.0,10.0,0.0,1
2026-03-23 15:33:38,988.23,400.0,403.0,20.0,0.0,1,400.0,401.0,20.0,0.0,1,400.0,403.0,10.0,0.0,1,400.0,400.0,10.0,0.0,1,400.0,401.0,10.0,0.0,1,400.0,403.0,10.0,0.0,1
2026-03-23 15:33:39,989.35,400.0,403.0,20.0,0.0,1,400.0,401.0,20.0,0.0,1,400.0,402.0,10.0,0.0,1,400.0,402.0,10.0,0.0,1,400.0,400.0,10.0,0.0,1,400.0,403.0,10.0,0.0,1
2026-03-23 15:33:41,990.53,400.0,404.0,20.0,0.0,1,400.0,401.0,20.0,0.0,1,400.0,402.0,10.0,0.0,1,400.0,401.0,10.0,0.0,1,400.0,401.0,10.0,0.0,1,400.0,403.0,10.0,0.0,1
2026-03-23 15:33:42,991.78,400.0,404.0,20.0,0.0,1,400.0,401.0,20.0,0.0,1,400.0,402.0,10.0,0.0,1,400.0,401.0,10.0,0.0,1,400.0,401.0,10.0,0.0,1,400.0,403.0,10.0,0.0,1
2026-03-23 15:33:43,993.06,400.0,403.0,20.0,0.0,1,400.0,401.0,20.0,0.0,1,400.0,402.0,10.0,0.0,1,400.0,401.0,10.0,0.0,1,400.0,401.0,10.0,0.0,1,400.0,403.0,10.0,0.0,1
2026-03-23 15:33:45,994.51,400.0,403.0,20.0,0.0,1,400.0,401.0,20.0,0.0,1,400.0,402.0,10.0,0.0,1,400.0,401.0,10.0,0.0,1,400.0,400.0,10.0,0.0,1,400.0,403.0,10.0,0.0,1
2026-03-23 15:33:46,995.83,400.0,403.0,20.0,0.0,1,400.0,401.0,20.0,0.0,1,400.0,403.0,10.0,0.0,1,400.0,402.0,10.0,0.0,1,400.0,399.0,10.0,0.0,1,400.0,404.0,10.0,0.0,1
2026-03-23 15:33:47,997.05,400.0,404.0,20.0,0.0,1,400.0,401.0,20.0,0.0,1,400.0,401.0,10.0,0.0,1,400.0,401.0,10.0,0.0,1,400.0,401.0,10.0,0.0,1,400.0,403.0,10.0,0.0,1
2026-03-23 15:33:48,998.15,400.0,403.0,20.0,0.0,1,400.0,401.0,20.0,0.0,1,400.0,403.0,10.0,0.0,1,400.0,401.0,10.0,0.0,1,400.0,401.0,10.0,0.0,1,400.0,404.0,10.0,0.0,1
2026-03-23 15:33:50,999.58,400.0,401.0,20.0,0.0,1,400.0,400.0,20.0,0.0,1,400.0,403.0,10.0,0.0,1,400.0,401.0,10.0,0.0,1,400.0,403.0,10.0,0.0,1,400.0,403.0,10.0,0.0,1
2026-03-23 15:33:51,1001.04,400.0,404.0,20.0,0.0,1,400.0,401.0,20.0,0.0,1,400.0,402.0,10.0,0.0,1,400.0,403.0,10.0,0.0,1,400.0,401.0,10.0,0.0,1,400.0,402.0,10.0,0.0,1
2026-03-23 15:33:52,1002.26,400.0,402.0,20.0,0.0,1,400.0,400.0,20.0,0.0,1,400.0,402.0,10.0,0.0,1,400.0,402.0,10.0,0.0,1,400.0,400.0,10.0,0.0,1,400.0,403.0,10.0,0.0,1
2026-03-23 15:33:54,1003.56,400.0,403.0,20.0,0.0,1,400.0,400.0,20.0,0.0,1,400.0,403.0,10.0,0.0,1,400.0,400.0,10.0,0.0,1,400.0,400.0,10.0,0.0,1,400.0,403.0,10.0,0.0,1
2026-03-23 15:33:55,1004.77,400.0,402.0,20.0,0.0,1,400.0,401.0,20.0,0.0,1,400.0,403.0,10.0,0.0,1,400.0,400.0,10.0,0.0,1,400.0,400.0,10.0,0.0,1,400.0,403.0,10.0,0.0,1
2026-03-23 15:33:56,1005.9,400.0,404.0,20.0,0.0,1,400.0,401.0,20.0,0.0,1,400.0,403.0,10.0,0.0,1,400.0,402.0,10.0,0.0,1,400.0,402.0,10.0,0.0,1,400.0,403.0,10.0,0.0,1
2026-03-23 15:33:58,1007.55,400.0,404.0,20.0,0.0,1,400.0,401.0,20.0,0.0,1,400.0,402.0,10.0,0.0,1,400.0,401.0,10.0,0.0,1,400.0,401.0,10.0,0.0,1,400.0,403.0,10.0,0.0,1
2026-03-23 15:33:59,1008.85,400.0,404.0,20.0,0.0,1,400.0,401.0,20.0,0.0,1,400.0,402.0,10.0,0.0,1,400.0,403.0,10.0,0.0,1,400.0,401.0,10.0,0.0,1,400.0,404.0,10.0,0.0,1
2026-03-23 15:34:00,1009.97,400.0,404.0,20.0,0.0,1,400.0,401.0,20.0,0.0,1,400.0,402.0,10.0,0.0,1,400.0,401.0,10.0,0.0,1,400.0,399.0,10.0,0.0,1,400.0,404.0,10.0,0.0,1
2026-03-23 15:34:01,1011.16,400.0,403.0,20.0,0.0,1,400.0,400.0,20.0,0.0,1,400.0,402.0,10.0,0.0,1,400.0,400.0,10.0,0.0,1,400.0,400.0,10.0,0.0,1,400.0,404.0,10.0,0.0,1
2026-03-23 15:34:02,1012.35,400.0,403.0,20.0,0.0,1,400.0,400.0,20.0,0.0,1,400.0,402.0,10.0,0.0,1,400.0,401.0,10.0,0.0,1,400.0,401.0,10.0,0.0,1,400.0,403.0,10.0,0.0,1
2026-03-23 15:34:04,1013.94,400.0,403.0,20.0,0.0,1,400.0,401.0,20.0,0.0,1,400.0,402.0,10.0,0.0,1,400.0,401.0,10.0,0.0,1,400.0,401.0,10.0,0.0,1,400.0,403.0,10.0,0.0,1
2026-03-23 15:34:05,1015.24,400.0,403.0,20.0,0.0,1,400.0,401.0,20.0,0.0,1,400.0,402.0,10.0,0.0,1,400.0,402.0,10.0,0.0,1,400.0,400.0,10.0,0.0,1,400.0,403.0,10.0,0.0,1
2026-03-23 15:34:07,1016.4,400.0,403.0,20.0,0.0,1,400.0,401.0,20.0,0.0,1,400.0,401.0,10.0,0.0,1,400.0,402.0,10.0,0.0,1,400.0,400.0,10.0,0.0,1,400.0,402.0,10.0,0.0,1
2026-03-23 15:34:08,1017.59,400.0,403.0,20.0,0.0,1,400.0,401.0,20.0,0.0,1,400.0,402.0,10.0,0.0,1,400.0,401.0,10.0,0.0,1,400.0,400.0,10.0,0.0,1,400.0,402.0,10.0,0.0,1
2026-03-23 15:34:09,1018.81,400.0,402.0,20.0,0.0,1,400.0,401.0,20.0,0.0,1,400.0,402.0,10.0,0.0,1,400.0,400.0,10.0,0.0,1,400.0,399.0,10.0,0.0,1,400.0,403.0,10.0,0.0,1
2026-03-23 15:34:10,1020.11,400.0,402.0,20.0,0.0,1,400.0,401.0,20.0,0.0,1,400.0,402.0,10.0,0.0,1,400.0,401.0,10.0,0.0,1,400.0,402.0,10.0,0.0,1,400.0,401.0,10.0,0.0,1
2026-03-23 15:34:12,1021.7,400.0,403.0,20.0,0.0,1,400.0,402.0,20.0,0.0,1,400.0,402.0,10.0,0.0,1,400.0,401.0,10.0,0.0,1,400.0,401.0,10.0,0.0,1,400.0,403.0,10.0,0.0,1
2026-03-23 15:34:13,1022.98,400.0,403.0,20.0,0.0,1,400.0,401.0,20.0,0.0,1,400.0,403.0,10.0,0.0,1,400.0,401.0,10.0,0.0,1,400.0,401.0,10.0,0.0,1,400.0,402.0,10.0,0.0,1
2026-03-23 15:34:14,1024.31,400.0,402.0,20.0,0.0,1,400.0,401.0,20.0,0.0,1,400.0,402.0,10.0,0.0,1,400.0,401.0,10.0,0.0,1,400.0,400.0,10.0,0.0,1,400.0,403.0,10.0,0.0,1
2026-03-23 15:34:16,1025.46,400.0,403.0,20.0,0.0,1,400.0,401.0,20.0,0.0,1,400.0,402.0,10.0,0.0,1,400.0,401.0,10.0,0.0,1,400.0,400.0,10.0,0.0,1,400.0,403.0,10.0,0.0,1
2026-03-23 15:34:17,1026.73,400.0,403.0,20.0,0.0,1,400.0,401.0,20.0,0.0,1,400.0,403.0,10.0,0.0,1,400.0,401.0,10.0,0.0,1,400.0,401.0,10.0,0.0,1,400.0,403.0,10.0,0.0,1
2026-03-23 15:34:18,1027.81,400.0,403.0,20.0,0.0,1,400.0,401.0,20.0,0.0,1,400.0,403.0,10.0,0.0,1,400.0,401.0,10.0,0.0,1,400.0,400.0,10.0,0.0,1,400.0,402.0,10.0,0.0,1
2026-03-23 15:34:19,1029.32,400.0,403.0,20.0,0.0,1,400.0,401.0,20.0,0.0,1,400.0,403.0,10.0,0.0,1,400.0,401.0,10.0,0.0,1,400.0,402.0,10.0,0.0,1,400.0,402.0,10.0,0.0,1
2026-03-23 15:34:21,1030.66,400.0,403.0,20.0,0.0,1,400.0,401.0,20.0,0.0,1,400.0,403.0,10.0,0.0,1,400.0,401.0,10.0,0.0,1,400.0,403.0,10.0,0.0,1,400.0,403.0,10.0,0.0,1
2026-03-23 15:34:22,1031.78,400.0,402.0,20.0,0.0,1,400.0,401.0,20.0,0.0,1,400.0,401.0,10.0,0.0,1,400.0,401.0,10.0,0.0,1,400.0,401.0,10.0,0.0,1,400.0,403.0,10.0,0.0,1
2026-03-23 15:34:23,1032.92,400.0,405.0,20.0,0.0,1,400.0,401.0,20.0,0.0,1,400.0,402.0,10.0,0.0,1,400.0,401.0,10.0,0.0,1,400.0,401.0,10.0,0.0,1,400.0,404.0,10.0,0.0,1
2026-03-23 15:34:24,1034.03,400.0,403.0,20.0,0.0,1,400.0,401.0,20.0,0.0,1,400.0,402.0,10.0,0.0,1,400.0,401.0,10.0,0.0,1,400.0,399.0,10.0,0.0,1,400.0,402.0,10.0,0.0,1
2026-03-23 15:34:25,1035.12,400.0,401.0,20.0,0.0,1,400.0,401.0,20.0,0.0,1,400.0,402.0,10.0,0.0,1,400.0,401.0,10.0,0.0,1,400.0,400.0,10.0,0.0,1,400.0,404.0,10.0,0.0,1
2026-03-23 15:34:26,1036.26,400.0,403.0,20.0,0.0,1,400.0,401.0,20.0,0.0,1,400.0,403.0,10.0,0.0,1,400.0,400.0,10.0,0.0,1,400.0,400.0,10.0,0.0,1,400.0,403.0,10.0,0.0,1
2026-03-23 15:34:27,1037.33,400.0,403.0,20.0,0.0,1,400.0,401.0,20.0,0.0,1,400.0,403.0,10.0,0.0,1,400.0,401.0,10.0,0.0,1,400.0,401.0,10.0,0.0,1,400.0,403.0,10.0,0.0,1
2026-03-23 15:34:29,1038.44,400.0,401.0,20.0,0.0,1,400.0,400.0,20.0,0.0,1,400.0,403.0,10.0,0.0,1,400.0,400.0,10.0,0.0,1,400.0,401.0,10.0,0.0,1,400.0,403.0,10.0,0.0,1
2026-03-23 15:34:30,1039.59,400.0,404.0,20.0,0.0,1,400.0,401.0,20.0,0.0,1,400.0,402.0,10.0,0.0,1,400.0,401.0,10.0,0.0,1,400.0,401.0,10.0,0.0,1,400.0,403.0,10.0,0.0,1
2026-03-23 15:34:31,1040.71,400.0,402.0,20.0,0.0,1,400.0,401.0,20.0,0.0,1,400.0,402.0,10.0,0.0,1,400.0,401.0,10.0,0.0,1,400.0,402.0,10.0,0.0,1,400.0,403.0,10.0,0.0,1
2026-03-23 15:34:32,1041.89,400.0,402.0,20.0,0.0,1,400.0,401.0,20.0,0.0,1,400.0,402.0,10.0,0.0,1,400.0,402.0,10.0,0.0,1,400.0,402.0,10.0,0.0,1,400.0,403.0,10.0,0.0,1
2026-03-23 15:34:33,1043.09,400.0,401.0,20.0,0.0,1,400.0,401.0,20.0,0.0,1,400.0,402.0,10.0,0.0,1,400.0,401.0,10.0,0.0,1,400.0,401.0,10.0,0.0,1,400.0,403.0,10.0,0.0,1
2026-03-23 15:34:34,1044.21,400.0,403.0,20.0,0.0,1,400.0,401.0,20.0,0.0,1,400.0,402.0,10.0,0.0,1,400.0,401.0,10.0,0.0,1,400.0,401.0,10.0,0.0,1,400.0,403.0,10.0,0.0,1
2026-03-23 15:34:36,1045.41,400.0,405.0,20.0,0.0,1,400.0,400.0,20.0,0.0,1,400.0,402.0,10.0,0.0,1,400.0,401.0,10.0,0.0,1,400.0,401.0,10.0,0.0,1,400.0,403.0,10.0,0.0,1
2026-03-23 15:34:37,1046.63,400.0,404.0,20.0,0.0,1,400.0,400.0,20.0,0.0,1,400.0,402.0,10.0,0.0,1,400.0,400.0,10.0,0.0,1,400.0,400.0,10.0,0.0,1,400.0,403.0,10.0,0.0,1
2026-03-23 15:34:38,1047.78,400.0,404.0,20.0,0.0,1,400.0,400.0,20.0,0.0,1,400.0,402.0,10.0,0.0,1,400.0,400.0,10.0,0.0,1,400.0,400.0,10.0,0.0,1,400.0,402.0,10.0,0.0,1
2026-03-23 15:34:39,1049.01,400.0,404.0,20.0,0.0,1,400.0,400.0,20.0,0.0,1,400.0,401.0,10.0,0.0,1,400.0,401.0,10.0,0.0,1,400.0,401.0,10.0,0.0,1,400.0,403.0,10.0,0.0,1
2026-03-23 15:34:40,1050.18,400.0,404.0,20.0,0.0,1,400.0,400.0,20.0,0.0,1,400.0,402.0,10.0,0.0,1,400.0,401.0,10.0,0.0,1,400.0,401.0,10.0,0.0,1,400.0,403.0,10.0,0.0,1
2026-03-23 15:34:42,1051.5,400.0,403.0,20.0,0.0,1,400.0,400.0,20.0,0.0,1,400.0,403.0,10.0,0.0,1,400.0,401.0,10.0,0.0,1,400.0,400.0,10.0,0.0,1,400.0,403.0,10.0,0.0,1
2026-03-23 15:34:43,1052.6,400.0,403.0,20.0,0.0,1,400.0,401.0,20.0,0.0,1,400.0,403.0,10.0,0.0,1,400.0,401.0,10.0,0.0,1,400.0,400.0,10.0,0.0,1,400.0,402.0,10.0,0.0,1
2026-03-23 15:34:44,1053.95,400.0,403.0,20.0,0.0,1,400.0,402.0,20.0,0.0,1,400.0,402.0,10.0,0.0,1,400.0,400.0,10.0,0.0,1,400.0,401.0,10.0,0.0,1,400.0,402.0,10.0,0.0,1
2026-03-23 15:34:46,1055.36,400.0,403.0,20.0,0.0,1,400.0,401.0,20.0,0.0,1,400.0,402.0,10.0,0.0,1,400.0,400.0,10.0,0.0,1,400.0,401.0,10.0,0.0,1,400.0,403.0,10.0,0.0,1
2026-03-23 15:34:47,1056.69,400.0,403.0,20.0,0.0,1,400.0,400.0,20.0,0.0,1,400.0,402.0,10.0,0.0,1,400.0,403.0,10.0,0.0,1,400.0,401.0,10.0,0.0,1,400.0,404.0,10.0,0.0,1
2026-03-23 15:34:48,1058.04,400.0,404.0,20.0,0.0,1,400.0,400.0,20.0,0.0,1,400.0,402.0,10.0,0.0,1,400.0,402.0,10.0,0.0,1,400.0,400.0,10.0,0.0,1,400.0,403.0,10.0,0.0,1
2026-03-23 15:34:49,1059.31,400.0,404.0,20.0,0.0,1,400.0,400.0,20.0,0.0,1,400.0,402.0,10.0,0.0,1,400.0,402.0,10.0,0.0,1,400.0,400.0,10.0,0.0,1,400.0,402.0,10.0,0.0,1
2026-03-23 15:34:51,1060.62,400.0,405.0,20.0,0.0,1,400.0,400.0,20.0,0.0,1,400.0,402.0,10.0,0.0,1,400.0,401.0,10.0,0.0,1,400.0,400.0,10.0,0.0,1,400.0,402.0,10.0,0.0,1
2026-03-23 15:34:52,1061.8,400.0,405.0,20.0,0.0,1,400.0,401.0,20.0,0.0,1,400.0,402.0,10.0,0.0,1,400.0,401.0,10.0,0.0,1,400.0,399.0,10.0,0.0,1,400.0,402.0,10.0,0.0,1
2026-03-23 15:34:53,1062.94,400.0,403.0,20.0,0.0,1,400.0,401.0,20.0,0.0,1,400.0,402.0,10.0,0.0,1,400.0,401.0,10.0,0.0,1,400.0,400.0,10.0,0.0,1,400.0,403.0,10.0,0.0,1
2026-03-23 15:34:54,1064.14,400.0,403.0,20.0,0.0,1,400.0,402.0,20.0,0.0,1,400.0,402.0,10.0,0.0,1,400.0,401.0,10.0,0.0,1,400.0,400.0,10.0,0.0,1,400.0,403.0,10.0,0.0,1
2026-03-23 15:34:56,1065.38,400.0,403.0,20.0,0.0,1,400.0,400.0,20.0,0.0,1,400.0,402.0,10.0,0.0,1,400.0,401.0,10.0,0.0,1,400.0,401.0,10.0,0.0,1,400.0,403.0,10.0,0.0,1
2026-03-23 15:34:57,1066.79,400.0,403.0,20.0,0.0,1,400.0,400.0,20.0,0.0,1,400.0,401.0,10.0,0.0,1,400.0,401.0,10.0,0.0,1,400.0,401.0,10.0,0.0,1,400.0,403.0,10.0,0.0,1
2026-03-23 15:34:58,1068.22,400.0,403.0,20.0,0.0,1,400.0,400.0,20.0,0.0,1,400.0,403.0,10.0,0.0,1,400.0,401.0,10.0,0.0,1,400.0,401.0,10.0,0.0,1,400.0,404.0,10.0,0.0,1
2026-03-23 15:35:00,1069.43,400.0,404.0,20.0,0.0,1,400.0,401.0,20.0,0.0,1,400.0,403.0,10.0,0.0,1,400.0,401.0,10.0,0.0,1,400.0,401.0,10.0,0.0,1,400.0,404.0,10.0,0.0,1
2026-03-23 15:35:01,1070.67,400.0,403.0,20.0,0.0,1,400.0,401.0,20.0,0.0,1,400.0,402.0,10.0,0.0,1,400.0,401.0,10.0,0.0,1,400.0,402.0,10.0,0.0,1,400.0,401.0,10.0,0.0,1
2026-03-23 15:35:02,1071.99,400.0,402.0,20.0,0.0,1,400.0,401.0,20.0,0.0,1,400.0,402.0,10.0,0.0,1,400.0,401.0,10.0,0.0,1,400.0,401.0,10.0,0.0,1,400.0,402.0,10.0,0.0,1
2026-03-23 15:35:03,1073.11,400.0,403.0,20.0,0.0,1,400.0,400.0,20.0,0.0,1,400.0,402.0,10.0,0.0,1,400.0,401.0,10.0,0.0,1,400.0,401.0,10.0,0.0,1,400.0,403.0,10.0,0.0,1
2026-03-23 15:35:04,1074.31,400.0,403.0,20.0,0.0,1,400.0,401.0,20.0,0.0,1,400.0,402.0,10.0,0.0,1,400.0,401.0,10.0,0.0,1,400.0,401.0,10.0,0.0,1,400.0,403.0,10.0,0.0,1
2026-03-23 15:35:06,1075.56,400.0,402.0,20.0,0.0,1,400.0,401.0,20.0,0.0,1,400.0,402.0,10.0,0.0,1,400.0,401.0,10.0,0.0,1,400.0,400.0,10.0,0.0,1,400.0,403.0,10.0,0.0,1
2026-03-23 15:35:07,1077.0,400.0,403.0,20.0,0.0,1,400.0,401.0,20.0,0.0,1,400.0,401.0,10.0,0.0,1,400.0,400.0,10.0,0.0,1,400.0,401.0,10.0,0.0,1,400.0,403.0,10.0,0.0,1
2026-03-23 15:35:08,1078.2,400.0,403.0,20.0,0.0,1,400.0,400.0,20.0,0.0,1,400.0,401.0,10.0,0.0,1,400.0,400.0,10.0,0.0,1,400.0,400.0,10.0,0.0,1,400.0,403.0,10.0,0.0,1
2026-03-23 15:35:09,1079.35,400.0,402.0,20.0,0.0,1,400.0,401.0,20.0,0.0,1,400.0,403.0,10.0,0.0,1,400.0,401.0,10.0,0.0,1,400.0,401.0,10.0,0.0,1,400.0,403.0,10.0,0.0,1
2026-03-23 15:35:11,1080.6,400.0,403.0,20.0,0.0,1,400.0,399.0,20.0,0.0,1,400.0,403.0,10.0,0.0,1,400.0,400.0,10.0,0.0,1,400.0,401.0,10.0,0.0,1,400.0,402.0,10.0,0.0,1
2026-03-23 15:35:12,1081.89,400.0,403.0,20.0,0.0,1,400.0,401.0,20.0,0.0,1,400.0,403.0,10.0,0.0,1,400.0,401.0,10.0,0.0,1,400.0,400.0,10.0,0.0,1,400.0,403.0,10.0,0.0,1
2026-03-23 15:35:13,1083.23,400.0,403.0,20.0,0.0,1,400.0,401.0,20.0,0.0,1,400.0,402.0,10.0,0.0,1,400.0,402.0,10.0,0.0,1,400.0,401.0,10.0,0.0,1,400.0,403.0,10.0,0.0,1
2026-03-23 15:35:15,1084.5,400.0,403.0,20.0,0.0,1,400.0,400.0,20.0,0.0,1,400.0,402.0,10.0,0.0,1,400.0,401.0,10.0,0.0,1,400.0,400.0,10.0,0.0,1,400.0,402.0,10.0,0.0,1
2026-03-23 15:35:16,1085.73,400.0,403.0,20.0,0.0,1,400.0,400.0,20.0,0.0,1,400.0,402.0,10.0,0.0,1,400.0,401.0,10.0,0.0,1,400.0,401.0,10.0,0.0,1,400.0,403.0,10.0,0.0,1
2026-03-23 15:35:17,1087.22,400.0,402.0,20.0,0.0,1,400.0,400.0,20.0,0.0,1,400.0,402.0,10.0,0.0,1,400.0,400.0,10.0,0.0,1,400.0,402.0,10.0,0.0,1,400.0,402.0,10.0,0.0,1
2026-03-23 15:35:19,1088.5,400.0,402.0,20.0,0.0,1,400.0,401.0,20.0,0.0,1,400.0,403.0,10.0,0.0,1,400.0,400.0,10.0,0.0,1,400.0,400.0,10.0,0.0,1,400.0,402.0,10.0,0.0,1
2026-03-23 15:35:20,1089.85,400.0,404.0,20.0,0.0,1,400.0,401.0,20.0,0.0,1,400.0,403.0,10.0,0.0,1,400.0,400.0,10.0,0.0,1,400.0,401.0,10.0,0.0,1,400.0,404.0,10.0,0.0,1
2026-03-23 15:35:21,1091.1,400.0,404.0,20.0,0.0,1,400.0,401.0,20.0,0.0,1,400.0,402.0,10.0,0.0,1,400.0,400.0,10.0,0.0,1,400.0,400.0,10.0,0.0,1,400.0,403.0,10.0,0.0,1
2026-03-23 15:35:23,1092.51,400.0,404.0,20.0,0.0,1,400.0,401.0,20.0,0.0,1,400.0,402.0,10.0,0.0,1,400.0,400.0,10.0,0.0,1,400.0,400.0,10.0,0.0,1,400.0,402.0,10.0,0.0,1
2026-03-23 15:35:24,1093.83,400.0,402.0,20.0,0.0,1,400.0,401.0,20.0,0.0,1,400.0,402.0,10.0,0.0,1,400.0,401.0,10.0,0.0,1,400.0,401.0,10.0,0.0,1,400.0,403.0,10.0,0.0,1
2026-03-23 15:35:25,1095.14,400.0,402.0,20.0,0.0,1,400.0,401.0,20.0,0.0,1,400.0,402.0,10.0,0.0,1,400.0,401.0,10.0,0.0,1,400.0,399.0,10.0,0.0,1,400.0,403.0,10.0,0.0,1
2026-03-23 15:35:27,1096.51,400.0,401.0,20.0,0.0,1,400.0,400.0,20.0,0.0,1,400.0,402.0,10.0,0.0,1,400.0,402.0,10.0,0.0,1,400.0,400.0,10.0,0.0,1,400.0,403.0,10.0,0.0,1
2026-03-23 15:35:28,1098.07,400.0,402.0,20.0,0.0,1,400.0,400.0,20.0,0.0,1,400.0,402.0,10.0,0.0,1,400.0,399.0,10.0,0.0,1,400.0,402.0,10.0,0.0,1,400.0,402.0,10.0,0.0,1
2026-03-23 15:35:30,1099.41,400.0,402.0,20.0,0.0,1,400.0,400.0,20.0,0.0,1,400.0,402.0,10.0,0.0,1,400.0,401.0,10.0,0.0,1,400.0,401.0,10.0,0.0,1,400.0,402.0,10.0,0.0,1
2026-03-23 15:35:31,1100.75,400.0,403.0,20.0,0.0,1,400.0,400.0,20.0,0.0,1,400.0,402.0,10.0,0.0,1,400.0,400.0,10.0,0.0,1,400.0,401.0,10.0,0.0,1,400.0,404.0,10.0,0.0,1
2026-03-23 15:35:32,1102.0,400.0,402.0,20.0,0.0,1,400.0,400.0,20.0,0.0,1,400.0,402.0,10.0,0.0,1,400.0,401.0,10.0,0.0,1,400.0,400.0,10.0,0.0,1,400.0,402.0,10.0,0.0,1
2026-03-23 15:35:33,1103.34,400.0,403.0,20.0,0.0,1,400.0,400.0,20.0,0.0,1,400.0,402.0,10.0,0.0,1,400.0,401.0,10.0,0.0,1,400.0,400.0,10.0,0.0,1,400.0,404.0,10.0,0.0,1
2026-03-23 15:35:35,1104.64,400.0,403.0,20.0,0.0,1,400.0,400.0,20.0,0.0,1,400.0,402.0,10.0,0.0,1,400.0,401.0,10.0,0.0,1,400.0,402.0,10.0,0.0,1,400.0,404.0,10.0,0.0,1
2026-03-23 15:35:36,1105.86,400.0,403.0,20.0,0.0,1,400.0,400.0,20.0,0.0,1,400.0,402.0,10.0,0.0,1,400.0,402.0,10.0,0.0,1,400.0,400.0,10.0,0.0,1,400.0,403.0,10.0,0.0,1
2026-03-23 15:35:37,1107.11,400.0,402.0,20.0,0.0,1,400.0,402.0,20.0,0.0,1,400.0,402.0,10.0,0.0,1,400.0,401.0,10.0,0.0,1,400.0,400.0,10.0,0.0,1,400.0,403.0,10.0,0.0,1
2026-03-23 15:35:38,1108.26,400.0,403.0,20.0,0.0,1,400.0,401.0,20.0,0.0,1,400.0,402.0,10.0,0.0,1,400.0,401.0,10.0,0.0,1,400.0,401.0,10.0,0.0,1,400.0,403.0,10.0,0.0,1
2026-03-23 15:35:40,1109.4,400.0,403.0,20.0,0.0,1,400.0,401.0,20.0,0.0,1,400.0,402.0,10.0,0.0,1,400.0,401.0,10.0,0.0,1,400.0,400.0,10.0,0.0,1,400.0,403.0,10.0,0.0,1
2026-03-23 15:35:41,1110.61,400.0,403.0,20.0,0.0,1,400.0,401.0,20.0,0.0,1,400.0,402.0,10.0,0.0,1,400.0,400.0,10.0,0.0,1,400.0,401.0,10.0,0.0,1,400.0,402.0,10.0,0.0,1
2026-03-23 15:35:42,1111.73,400.0,403.0,20.0,0.0,1,400.0,401.0,20.0,0.0,1,400.0,402.0,10.0,0.0,1,400.0,401.0,10.0,0.0,1,400.0,401.0,10.0,0.0,1,400.0,403.0,10.0,0.0,1
2026-03-23 15:35:43,1112.96,400.0,404.0,20.0,0.0,1,400.0,401.0,20.0,0.0,1,400.0,402.0,10.0,0.0,1,400.0,402.0,10.0,0.0,1,400.0,400.0,10.0,0.0,1,400.0,403.0,10.0,0.0,1
2026-03-23 15:35:45,1114.45,400.0,403.0,20.0,0.0,1,400.0,401.0,20.0,0.0,1,400.0,402.0,10.0,0.0,1,400.0,400.0,10.0,0.0,1,400.0,401.0,10.0,0.0,1,400.0,402.0,10.0,0.0,1
2026-03-23 15:35:46,1116.17,400.0,404.0,20.0,0.0,1,400.0,400.0,20.0,0.0,1,400.0,402.0,10.0,0.0,1,400.0,401.0,10.0,0.0,1,400.0,400.0,10.0,0.0,1,400.0,404.0,10.0,0.0,1
2026-03-23 15:35:48,1117.76,400.0,404.0,20.0,0.0,1,400.0,401.0,20.0,0.0,1,400.0,402.0,10.0,0.0,1,400.0,401.0,10.0,0.0,1,400.0,400.0,10.0,0.0,1,400.0,403.0,10.0,0.0,1
2026-03-23 15:35:50,1119.36,400.0,403.0,20.0,0.0,1,400.0,401.0,20.0,0.0,1,400.0,402.0,10.0,0.0,1,400.0,401.0,10.0,0.0,1,400.0,401.0,10.0,0.0,1,400.0,403.0,10.0,0.0,1
2026-03-23 15:35:51,1120.79,400.0,403.0,20.0,0.0,1,400.0,401.0,20.0,0.0,1,400.0,402.0,10.0,0.0,1,400.0,401.0,10.0,0.0,1,400.0,399.0,10.0,0.0,1,400.0,403.0,10.0,0.0,1
2026-03-23 15:35:52,1122.18,400.0,403.0,20.0,0.0,1,400.0,400.0,20.0,0.0,1,400.0,402.0,10.0,0.0,1,400.0,401.0,10.0,0.0,1,400.0,400.0,10.0,0.0,1,400.0,402.0,10.0,0.0,1
2026-03-23 15:35:54,1123.69,400.0,402.0,20.0,0.0,1,400.0,400.0,20.0,0.0,1,400.0,402.0,10.0,0.0,1,400.0,402.0,10.0,0.0,1,400.0,400.0,10.0,0.0,1,400.0,402.0,10.0,0.0,1
2026-03-23 15:35:55,1125.13,400.0,403.0,20.0,0.0,1,400.0,400.0,20.0,0.0,1,400.0,402.0,10.0,0.0,1,400.0,399.0,10.0,0.0,1,400.0,402.0,10.0,0.0,1,400.0,403.0,10.0,0.0,1
2026-03-23 15:35:57,1126.86,400.0,406.0,20.0,0.0,1,400.0,401.0,20.0,0.0,1,400.0,402.0,10.0,0.0,1,400.0,401.0,10.0,0.0,1,400.0,401.0,10.0,0.0,1,400.0,403.0,10.0,0.0,1
2026-03-23 15:35:59,1128.4,400.0,402.0,20.0,0.0,1,400.0,400.0,20.0,0.0,1,400.0,402.0,10.0,0.0,1,400.0,401.0,10.0,0.0,1,400.0,401.0,10.0,0.0,1,400.0,404.0,10.0,0.0,1
2026-03-23 15:36:00,1129.9,400.0,403.0,20.0,0.0,1,400.0,400.0,20.0,0.0,1,400.0,402.0,10.0,0.0,1,400.0,401.0,10.0,0.0,1,400.0,400.0,10.0,0.0,1,400.0,403.0,10.0,0.0,1
2026-03-23 15:36:02,1131.7,400.0,403.0,20.0,0.0,1,400.0,401.0,20.0,0.0,1,400.0,403.0,10.0,0.0,1,400.0,400.0,10.0,0.0,1,400.0,401.0,10.0,0.0,1,400.0,403.0,10.0,0.0,1
2026-03-23 15:36:04,1133.95,400.0,403.0,20.0,0.0,1,400.0,401.0,20.0,0.0,1,400.0,402.0,10.0,0.0,1,400.0,400.0,10.0,0.0,1,400.0,401.0,10.0,0.0,1,400.0,403.0,10.0,0.0,1
2026-03-23 15:36:06,1136.0,400.0,403.0,20.0,0.0,1,400.0,400.0,20.0,0.0,1,400.0,403.0,10.0,0.0,1,400.0,400.0,10.0,0.0,1,400.0,400.0,10.0,0.0,1,400.0,403.0,10.0,0.0,1
2026-03-23 15:36:08,1138.28,400.0,402.0,20.0,0.0,1,400.0,401.0,20.0,0.0,1,400.0,402.0,10.0,0.0,1,400.0,401.0,10.0,0.0,1,400.0,401.0,10.0,0.0,1,400.0,402.0,10.0,0.0,1
2026-03-23 15:36:10,1140.03,400.0,403.0,20.0,0.0,1,400.0,401.0,20.0,0.0,1,400.0,402.0,10.0,0.0,1,400.0,401.0,10.0,0.0,1,400.0,401.0,10.0,0.0,1,400.0,403.0,10.0,0.0,1
2026-03-23 15:36:12,1141.91,400.0,403.0,20.0,0.0,1,400.0,400.0,20.0,0.0,1,400.0,402.0,10.0,0.0,1,400.0,401.0,10.0,0.0,1,400.0,400.0,10.0,0.0,1,400.0,402.0,10.0,0.0,1
2026-03-23 15:36:14,1143.7,400.0,403.0,20.0,0.0,1,400.0,400.0,20.0,0.0,1,400.0,401.0,10.0,0.0,1,400.0,401.0,10.0,0.0,1,400.0,400.0,10.0,0.0,1,400.0,404.0,10.0,0.0,1
2026-03-23 15:36:15,1145.23,400.0,403.0,20.0,0.0,1,400.0,401.0,20.0,0.0,1,400.0,402.0,10.0,0.0,1,400.0,403.0,10.0,0.0,1,400.0,399.0,10.0,0.0,1,400.0,403.0,10.0,0.0,1
2026-03-23 15:36:17,1146.71,400.0,403.0,20.0,0.0,1,400.0,400.0,20.0,0.0,1,400.0,402.0,10.0,0.0,1,400.0,401.0,10.0,0.0,1,400.0,400.0,10.0,0.0,1,400.0,403.0,10.0,0.0,1
2026-03-23 15:36:18,1148.13,400.0,404.0,20.0,0.0,1,400.0,400.0,20.0,0.0,1,400.0,402.0,10.0,0.0,1,400.0,400.0,10.0,0.0,1,400.0,401.0,10.0,0.0,1,400.0,403.0,10.0,0.0,1
2026-03-23 15:36:20,1149.71,400.0,401.0,20.0,0.0,1,400.0,400.0,20.0,0.0,1,400.0,402.0,10.0,0.0,1,400.0,401.0,10.0,0.0,1,400.0,401.0,10.0,0.0,1,400.0,403.0,10.0,0.0,1
2026-03-23 15:36:21,1151.34,400.0,404.0,20.0,0.0,1,400.0,400.0,20.0,0.0,1,400.0,403.0,10.0,0.0,1,400.0,401.0,10.0,0.0,1,400.0,400.0,10.0,0.0,1,400.0,403.0,10.0,0.0,1
2026-03-23 15:36:23,1152.78,400.0,402.0,20.0,0.0,1,400.0,400.0,20.0,0.0,1,400.0,402.0,10.0,0.0,1,400.0,401.0,10.0,0.0,1,400.0,401.0,10.0,0.0,1,400.0,403.0,10.0,0.0,1
2026-03-23 15:36:24,1154.03,400.0,401.0,20.0,0.0,1,400.0,401.0,20.0,0.0,1,400.0,402.0,10.0,0.0,1,400.0,401.0,10.0,0.0,1,400.0,398.0,10.0,0.0,1,400.0,403.0,10.0,0.0,1
2026-03-23 15:36:26,1155.44,400.0,403.0,20.0,0.0,1,400.0,401.0,20.0,0.0,1,400.0,402.0,10.0,0.0,1,400.0,400.0,10.0,0.0,1,400.0,400.0,10.0,0.0,1,400.0,403.0,10.0,0.0,1
2026-03-23 15:36:27,1156.79,400.0,404.0,20.0,0.0,1,400.0,400.0,20.0,0.0,1,400.0,403.0,10.0,0.0,1,400.0,402.0,10.0,0.0,1,400.0,400.0,10.0,0.0,1,400.0,403.0,10.0,0.0,1
2026-03-23 15:36:29,1158.54,400.0,403.0,20.0,0.0,1,400.0,401.0,20.0,0.0,1,400.0,403.0,10.0,0.0,1,400.0,402.0,10.0,0.0,1,400.0,401.0,10.0,0.0,1,400.0,403.0,10.0,0.0,1
2026-03-23 15:36:30,1160.0,400.0,403.0,20.0,0.0,1,400.0,401.0,20.0,0.0,1,400.0,402.0,10.0,0.0,1,400.0,401.0,10.0,0.0,1,400.0,399.0,10.0,0.0,1,400.0,403.0,10.0,0.0,1
2026-03-23 15:36:32,1161.69,400.0,403.0,20.0,0.0,1,400.0,401.0,20.0,0.0,1,400.0,403.0,10.0,0.0,1,400.0,404.0,10.0,0.0,1,400.0,402.0,10.0,0.0,1,400.0,402.0,10.0,0.0,1
2026-03-23 15:36:33,1163.03,400.0,404.0,20.0,0.0,1,400.0,401.0,20.0,0.0,1,400.0,402.0,10.0,0.0,1,400.0,401.0,10.0,0.0,1,400.0,402.0,10.0,0.0,1,400.0,403.0,10.0,0.0,1
2026-03-23 15:36:34,1164.3,400.0,404.0,20.0,0.0,1,400.0,400.0,20.0,0.0,1,400.0,402.0,10.0,0.0,1,400.0,402.0,10.0,0.0,1,400.0,401.0,10.0,0.0,1,400.0,403.0,10.0,0.0,1
2026-03-23 15:36:36,1165.44,400.0,403.0,20.0,0.0,1,400.0,401.0,20.0,0.0,1,400.0,402.0,10.0,0.0,1,400.0,402.0,10.0,0.0,1,400.0,401.0,10.0,0.0,1,400.0,403.0,10.0,0.0,1
2026-03-23 15:36:37,1166.54,400.0,403.0,20.0,0.0,1,400.0,401.0,20.0,0.0,1,400.0,402.0,10.0,0.0,1,400.0,402.0,10.0,0.0,1,400.0,401.0,10.0,0.0,1,400.0,404.0,10.0,0.0,1
2026-03-23 15:36:38,1167.65,400.0,403.0,20.0,0.0,1,400.0,402.0,20.0,0.0,1,400.0,402.0,10.0,0.0,1,400.0,402.0,10.0,0.0,1,400.0,401.0,10.0,0.0,1,400.0,404.0,10.0,0.0,1
2026-03-23 15:36:39,1168.71,400.0,403.0,20.0,0.0,1,400.0,401.0,20.0,0.0,1,400.0,402.0,10.0,0.0,1,400.0,402.0,10.0,0.0,1,400.0,401.0,10.0,0.0,1,400.0,404.0,10.0,0.0,1
2026-03-23 15:36:40,1169.93,400.0,402.0,20.0,0.0,1,400.0,400.0,20.0,0.0,1,400.0,402.0,10.0,0.0,1,400.0,402.0,10.0,0.0,1,400.0,399.0,10.0,0.0,1,400.0,404.0,10.0,0.0,1
2026-03-23 15:36:41,1171.13,400.0,403.0,20.0,0.0,1,400.0,400.0,20.0,0.0,1,400.0,402.0,10.0,0.0,1,400.0,401.0,10.0,0.0,1,400.0,402.0,10.0,0.0,1,400.0,403.0,10.0,0.0,1
2026-03-23 15:36:43,1172.4,400.0,403.0,20.0,0.0,1,400.0,400.0,20.0,0.0,1,400.0,403.0,10.0,0.0,1,400.0,401.0,10.0,0.0,1,400.0,401.0,10.0,0.0,1,400.0,402.0,10.0,0.0,1
2026-03-23 15:36:44,1173.52,400.0,403.0,20.0,0.0,1,400.0,401.0,20.0,0.0,1,400.0,402.0,10.0,0.0,1,400.0,401.0,10.0,0.0,1,400.0,401.0,10.0,0.0,1,400.0,404.0,10.0,0.0,1
2026-03-23 15:36:45,1174.65,400.0,403.0,20.0,0.0,1,400.0,401.0,20.0,0.0,1,400.0,402.0,10.0,0.0,1,400.0,401.0,10.0,0.0,1,400.0,400.0,10.0,0.0,1,400.0,404.0,10.0,0.0,1
2026-03-23 15:36:46,1175.75,400.0,403.0,20.0,0.0,1,400.0,401.0,20.0,0.0,1,400.0,401.0,10.0,0.0,1,400.0,401.0,10.0,0.0,1,400.0,401.0,10.0,0.0,1,400.0,404.0,10.0,0.0,1
2026-03-23 15:36:47,1176.85,400.0,405.0,20.0,0.0,1,400.0,401.0,20.0,0.0,1,400.0,402.0,10.0,0.0,1,400.0,402.0,10.0,0.0,1,400.0,401.0,10.0,0.0,1,400.0,403.0,10.0,0.0,1
2026-03-23 15:36:48,1177.94,400.0,404.0,20.0,0.0,1,400.0,401.0,20.0,0.0,1,400.0,403.0,10.0,0.0,1,400.0,401.0,10.0,0.0,1,400.0,401.0,10.0,0.0,1,400.0,403.0,10.0,0.0,1
2026-03-23 15:36:49,1179.02,400.0,403.0,20.0,0.0,1,400.0,401.0,20.0,0.0,1,400.0,402.0,10.0,0.0,1,400.0,401.0,10.0,0.0,1,400.0,401.0,10.0,0.0,1,400.0,403.0,10.0,0.0,1
2026-03-23 15:36:50,1180.21,400.0,402.0,20.0,0.0,1,400.0,401.0,20.0,0.0,1,400.0,402.0,10.0,0.0,1,400.0,401.0,10.0,0.0,1,400.0,401.0,10.0,0.0,1,400.0,402.0,10.0,0.0,1
2026-03-23 15:36:52,1181.56,400.0,403.0,20.0,0.0,1,400.0,401.0,20.0,0.0,1,400.0,403.0,10.0,0.0,1,400.0,401.0,10.0,0.0,1,400.0,402.0,10.0,0.0,1,400.0,402.0,10.0,0.0,1
2026-03-23 15:36:53,1182.99,400.0,402.0,20.0,0.0,1,400.0,401.0,20.0,0.0,1,400.0,403.0,10.0,0.0,1,400.0,401.0,10.0,0.0,1,400.0,400.0,10.0,0.0,1,400.0,403.0,10.0,0.0,1
2026-03-23 15:36:54,1184.25,400.0,403.0,20.0,0.0,1,400.0,401.0,20.0,0.0,1,400.0,403.0,10.0,0.0,1,400.0,402.0,10.0,0.0,1,400.0,401.0,10.0,0.0,1,400.0,401.0,10.0,0.0,1
2026-03-23 15:36:56,1186.04,400.0,403.0,20.0,0.0,1,400.0,401.0,20.0,0.0,1,400.0,402.0,10.0,0.0,1,400.0,400.0,10.0,0.0,1,400.0,400.0,10.0,0.0,1,400.0,403.0,10.0,0.0,1
2026-03-23 15:36:58,1187.67,400.0,403.0,20.0,0.0,1,400.0,401.0,20.0,0.0,1,400.0,402.0,10.0,0.0,1,400.0,402.0,10.0,0.0,1,400.0,400.0,10.0,0.0,1,400.0,403.0,10.0,0.0,1
2026-03-23 15:36:59,1188.87,400.0,402.0,20.0,0.0,1,400.0,401.0,20.0,0.0,1,400.0,402.0,10.0,0.0,1,400.0,401.0,10.0,0.0,1,400.0,399.0,10.0,0.0,1,400.0,403.0,10.0,0.0,1
2026-03-23 15:37:00,1190.06,400.0,401.0,20.0,0.0,1,400.0,400.0,20.0,0.0,1,400.0,402.0,10.0,0.0,1,400.0,402.0,10.0,0.0,1,400.0,401.0,10.0,0.0,1,400.0,403.0,10.0,0.0,1
2026-03-23 15:37:01,1191.34,400.0,403.0,20.0,0.0,1,400.0,400.0,20.0,0.0,1,400.0,402.0,10.0,0.0,1,400.0,400.0,10.0,0.0,1,400.0,399.0,10.0,0.0,1,400.0,404.0,10.0,0.0,1
2026-03-23 15:37:03,1192.69,400.0,403.0,20.0,0.0,1,400.0,400.0,20.0,0.0,1,400.0,402.0,10.0,0.0,1,400.0,401.0,10.0,0.0,1,400.0,400.0,10.0,0.0,1,400.0,403.0,10.0,0.0,1
2026-03-23 15:37:04,1194.26,400.0,404.0,20.0,0.0,1,400.0,400.0,20.0,0.0,1,400.0,403.0,10.0,0.0,1,400.0,401.0,10.0,0.0,1,400.0,402.0,10.0,0.0,1,400.0,402.0,10.0,0.0,1
2026-03-23 15:37:06,1195.67,400.0,403.0,20.0,0.0,1,400.0,400.0,20.0,0.0,1,400.0,403.0,10.0,0.0,1,400.0,403.0,10.0,0.0,1,400.0,401.0,10.0,0.0,1,400.0,403.0,10.0,0.0,1
2026-03-23 15:37:07,1196.79,400.0,403.0,20.0,0.0,1,400.0,400.0,20.0,0.0,1,400.0,403.0,10.0,0.0,1,400.0,402.0,10.0,0.0,1,400.0,401.0,10.0,0.0,1,400.0,403.0,10.0,0.0,1
2026-03-23 15:37:08,1197.93,400.0,402.0,20.0,0.0,1,400.0,400.0,20.0,0.0,1,400.0,402.0,10.0,0.0,1,400.0,400.0,10.0,0.0,1,400.0,401.0,10.0,0.0,1,400.0,401.0,10.0,0.0,1
2026-03-23 15:37:09,1199.28,400.0,403.0,20.0,0.0,1,400.0,400.0,20.0,0.0,1,400.0,402.0,10.0,0.0,1,400.0,401.0,10.0,0.0,1,400.0,401.0,10.0,0.0,1,400.0,402.0,10.0,0.0,1
2026-03-23 15:37:11,1200.94,400.0,403.0,20.0,0.0,1,400.0,400.0,20.0,0.0,1,400.0,402.0,10.0,0.0,1,400.0,401.0,10.0,0.0,1,400.0,400.0,10.0,0.0,1,400.0,404.0,10.0,0.0,1
2026-03-23 15:37:12,1202.15,400.0,403.0,20.0,0.0,1,400.0,400.0,20.0,0.0,1,400.0,402.0,10.0,0.0,1,400.0,401.0,10.0,0.0,1,400.0,400.0,10.0,0.0,1,400.0,404.0,10.0,0.0,1
2026-03-23 15:37:13,1203.32,400.0,403.0,20.0,0.0,1,400.0,400.0,20.0,0.0,1,400.0,402.0,10.0,0.0,1,400.0,401.0,10.0,0.0,1,400.0,400.0,10.0,0.0,1,400.0,404.0,10.0,0.0,1
2026-03-23 15:37:15,1204.49,400.0,400.0,20.0,0.0,1,400.0,400.0,20.0,0.0,1,400.0,402.0,10.0,0.0,1,400.0,401.0,10.0,0.0,1,400.0,400.0,10.0,0.0,1,400.0,403.0,10.0,0.0,1
2026-03-23 15:37:16,1205.75,400.0,402.0,20.0,0.0,1,400.0,401.0,20.0,0.0,1,400.0,402.0,10.0,0.0,1,400.0,401.0,10.0,0.0,1,400.0,400.0,10.0,0.0,1,400.0,403.0,10.0,0.0,1
2026-03-23 15:37:17,1207.29,400.0,403.0,20.0,0.0,1,400.0,401.0,20.0,0.0,1,400.0,402.0,10.0,0.0,1,400.0,401.0,10.0,0.0,1,400.0,402.0,10.0,0.0,1,400.0,403.0,10.0,0.0,1
2026-03-23 15:37:19,1208.56,400.0,403.0,20.0,0.0,1,400.0,400.0,20.0,0.0,1,400.0,402.0,10.0,0.0,1,400.0,401.0,10.0,0.0,1,400.0,401.0,10.0,0.0,1,400.0,403.0,10.0,0.0,1
2026-03-23 15:37:20,1209.89,400.0,401.0,20.0,0.0,1,400.0,401.0,20.0,0.0,1,400.0,402.0,10.0,0.0,1,400.0,401.0,10.0,0.0,1,400.0,401.0,10.0,0.0,1,400.0,404.0,10.0,0.0,1
2026-03-23 15:37:22,1211.36,400.0,402.0,20.0,0.0,1,400.0,401.0,20.0,0.0,1,400.0,403.0,10.0,0.0,1,400.0,401.0,10.0,0.0,1,400.0,401.0,10.0,0.0,1,400.0,402.0,10.0,0.0,1
2026-03-23 15:37:23,1212.87,400.0,404.0,20.0,0.0,1,400.0,401.0,20.0,0.0,1,400.0,402.0,10.0,0.0,1,400.0,403.0,10.0,0.0,1,400.0,401.0,10.0,0.0,1,400.0,403.0,10.0,0.0,1
2026-03-23 15:37:24,1214.16,400.0,404.0,20.0,0.0,1,400.0,401.0,20.0,0.0,1,400.0,401.0,10.0,0.0,1,400.0,401.0,10.0,0.0,1,400.0,402.0,10.0,0.0,1,400.0,403.0,10.0,0.0,1
2026-03-23 15:37:26,1215.43,400.0,404.0,20.0,0.0,1,400.0,401.0,20.0,0.0,1,400.0,402.0,10.0,0.0,1,400.0,401.0,10.0,0.0,1,400.0,401.0,10.0,0.0,1,400.0,404.0,10.0,0.0,1
2026-03-23 15:37:27,1217.04,400.0,403.0,20.0,0.0,1,400.0,399.0,20.0,0.0,1,400.0,402.0,10.0,0.0,1,400.0,402.0,10.0,0.0,1,400.0,401.0,10.0,0.0,1,400.0,403.0,10.0,0.0,1
2026-03-23 15:37:29,1218.4,400.0,402.0,20.0,0.0,1,400.0,401.0,20.0,0.0,1,400.0,402.0,10.0,0.0,1,400.0,400.0,10.0,0.0,1,400.0,399.0,10.0,0.0,1,400.0,403.0,10.0,0.0,1
2026-03-23 15:37:30,1220.15,400.0,403.0,20.0,0.0,1,400.0,400.0,20.0,0.0,1,400.0,402.0,10.0,0.0,1,400.0,402.0,10.0,0.0,1,400.0,402.0,10.0,0.0,1,400.0,403.0,10.0,0.0,1
2026-03-23 15:37:32,1221.47,400.0,403.0,20.0,0.0,1,400.0,400.0,20.0,0.0,1,400.0,402.0,10.0,0.0,1,400.0,401.0,10.0,0.0,1,400.0,401.0,10.0,0.0,1,400.0,403.0,10.0,0.0,1
2026-03-23 15:37:33,1222.63,400.0,403.0,20.0,0.0,1,400.0,400.0,20.0,0.0,1,400.0,402.0,10.0,0.0,1,400.0,401.0,10.0,0.0,1,400.0,400.0,10.0,0.0,1,400.0,404.0,10.0,0.0,1
2026-03-23 15:37:34,1223.78,400.0,402.0,20.0,0.0,1,400.0,401.0,20.0,0.0,1,400.0,403.0,10.0,0.0,1,400.0,401.0,10.0,0.0,1,400.0,400.0,10.0,0.0,1,400.0,403.0,10.0,0.0,1
2026-03-23 15:37:35,1224.98,400.0,403.0,20.0,0.0,1,400.0,400.0,20.0,0.0,1,400.0,403.0,10.0,0.0,1,400.0,403.0,10.0,0.0,1,400.0,400.0,10.0,0.0,1,400.0,403.0,10.0,0.0,1
2026-03-23 15:37:36,1226.17,400.0,403.0,20.0,0.0,1,400.0,401.0,20.0,0.0,1,400.0,403.0,10.0,0.0,1,400.0,402.0,10.0,0.0,1,400.0,400.0,10.0,0.0,1,400.0,402.0,10.0,0.0,1
2026-03-23 15:37:37,1227.31,400.0,402.0,20.0,0.0,1,400.0,401.0,20.0,0.0,1,400.0,402.0,10.0,0.0,1,400.0,400.0,10.0,0.0,1,400.0,400.0,10.0,0.0,1,400.0,404.0,10.0,0.0,1
2026-03-23 15:37:39,1228.52,400.0,402.0,20.0,0.0,1,400.0,400.0,20.0,0.0,1,400.0,402.0,10.0,0.0,1,400.0,400.0,10.0,0.0,1,400.0,400.0,10.0,0.0,1,400.0,403.0,10.0,0.0,1
2026-03-23 15:37:40,1229.68,400.0,403.0,20.0,0.0,1,400.0,400.0,20.0,0.0,1,400.0,402.0,10.0,0.0,1,400.0,400.0,10.0,0.0,1,400.0,402.0,10.0,0.0,1,400.0,402.0,10.0,0.0,1
2026-03-23 15:37:41,1230.85,400.0,403.0,20.0,0.0,1,400.0,401.0,20.0,0.0,1,400.0,402.0,10.0,0.0,1,400.0,401.0,10.0,0.0,1,400.0,401.0,10.0,0.0,1,400.0,402.0,10.0,0.0,1
2026-03-23 15:37:43,1232.37,400.0,402.0,20.0,0.0,1,400.0,401.0,20.0,0.0,1,400.0,402.0,10.0,0.0,1,400.0,401.0,10.0,0.0,1,400.0,400.0,10.0,0.0,1,400.0,403.0,10.0,0.0,1
2026-03-23 15:37:44,1233.68,400.0,404.0,20.0,0.0,1,400.0,401.0,20.0,0.0,1,400.0,403.0,10.0,0.0,1,400.0,400.0,10.0,0.0,1,400.0,401.0,10.0,0.0,1,400.0,402.0,10.0,0.0,1
2026-03-23 15:37:45,1235.1,400.0,403.0,20.0,0.0,1,400.0,401.0,20.0,0.0,1,400.0,403.0,10.0,0.0,1,400.0,401.0,10.0,0.0,1,400.0,402.0,10.0,0.0,1,400.0,402.0,10.0,0.0,1
2026-03-23 15:37:47,1236.42,400.0,404.0,20.0,0.0,1,400.0,401.0,20.0,0.0,1,400.0,402.0,10.0,0.0,1,400.0,402.0,10.0,0.0,1,400.0,401.0,10.0,0.0,1,400.0,404.0,10.0,0.0,1
2026-03-23 15:37:48,1237.58,400.0,403.0,20.0,0.0,1,400.0,400.0,20.0,0.0,1,400.0,402.0,10.0,0.0,1,400.0,401.0,10.0,0.0,1,400.0,400.0,10.0,0.0,1,400.0,403.0,10.0,0.0,1
2026-03-23 15:37:49,1238.77,400.0,403.0,20.0,0.0,1,400.0,401.0,20.0,0.0,1,400.0,402.0,10.0,0.0,1,400.0,401.0,10.0,0.0,1,400.0,401.0,10.0,0.0,1,400.0,403.0,10.0,0.0,1
2026-03-23 15:37:50,1239.92,400.0,402.0,20.0,0.0,1,400.0,401.0,20.0,0.0,1,400.0,402.0,10.0,0.0,1,400.0,401.0,10.0,0.0,1,400.0,401.0,10.0,0.0,1,400.0,402.0,10.0,0.0,1
2026-03-23 15:37:51,1241.18,400.0,403.0,20.0,0.0,1,400.0,400.0,20.0,0.0,1,400.0,402.0,10.0,0.0,1,400.0,400.0,10.0,0.0,1,400.0,401.0,10.0,0.0,1,400.0,403.0,10.0,0.0,1
2026-03-23 15:37:52,1242.28,400.0,402.0,20.0,0.0,1,400.0,400.0,20.0,0.0,1,400.0,402.0,10.0,0.0,1,400.0,400.0,10.0,0.0,1,400.0,401.0,10.0,0.0,1,400.0,403.0,10.0,0.0,1
2026-03-23 15:37:54,1243.39,400.0,403.0,20.0,0.0,1,400.0,401.0,20.0,0.0,1,400.0,402.0,10.0,0.0,1,400.0,401.0,10.0,0.0,1,400.0,401.0,10.0,0.0,1,400.0,403.0,10.0,0.0,1
2026-03-23 15:37:55,1244.53,400.0,403.0,20.0,0.0,1,400.0,402.0,20.0,0.0,1,400.0,402.0,10.0,0.0,1,400.0,401.0,10.0,0.0,1,400.0,401.0,10.0,0.0,1,400.0,404.0,10.0,0.0,1
2026-03-23 15:37:56,1245.6,400.0,403.0,20.0,0.0,1,400.0,401.0,20.0,0.0,1,400.0,402.0,10.0,0.0,1,400.0,400.0,10.0,0.0,1,400.0,401.0,10.0,0.0,1,400.0,404.0,10.0,0.0,1
2026-03-23 15:37:56,1246.24,400.0,404.0,20.0,0.0,1,400.0,401.0,20.0,0.0,1,400.0,402.0,10.0,0.0,1,400.0,400.0,10.0,0.0,1,400.0,401.0,10.0,0.0,1,400.0,404.0,10.0,0.0,1
2026-03-23 15:37:57,0.45,300.0,404.0,20.0,0.0,1,300.0,401.0,20.0,0.0,1,300.0,402.0,10.0,0.0,1,300.0,400.0,10.0,0.0,1,300.0,401.0,10.0,0.0,1,300.0,404.0,10.0,0.0,1
2026-03-23 15:37:58,1.54,300.0,397.0,20.0,0.0,1,300.0,394.0,20.0,0.0,1,300.0,396.0,10.0,0.0,1,300.0,396.0,10.0,0.0,1,300.0,396.0,10.0,0.0,1,300.0,397.0,10.0,0.0,1
2026-03-23 15:37:59,2.66,300.0,390.0,20.0,0.0,1,300.0,387.0,20.0,0.0,1,300.0,389.0,10.0,0.0,1,300.0,389.0,10.0,0.0,1,300.0,390.0,10.0,0.0,1,300.0,391.0,10.0,0.0,1
2026-03-23 15:38:00,3.8,300.0,378.0,20.0,0.0,1,300.0,375.0,20.0,0.0,1,300.0,377.0,10.0,0.0,1,300.0,378.0,10.0,0.0,1,300.0,377.0,10.0,0.0,1,300.0,380.0,10.0,0.0,1
2026-03-23 15:38:01,4.89,300.0,365.0,20.0,0.0,1,300.0,363.0,20.0,0.0,1,300.0,365.0,10.0,0.0,1,300.0,365.0,10.0,0.0,1,300.0,364.0,10.0,0.0,1,300.0,368.0,10.0,0.0,1
2026-03-23 15:38:03,6.2,300.0,359.0,20.0,0.0,1,300.0,358.0,20.0,0.0,1,300.0,358.0,10.0,0.0,1,300.0,359.0,10.0,0.0,1,300.0,358.0,10.0,0.0,1,300.0,363.0,10.0,0.0,1
2026-03-23 15:38:04,7.32,300.0,347.0,20.0,0.0,1,300.0,345.0,20.0,0.0,1,300.0,347.0,10.0,0.0,1,300.0,346.0,10.0,0.0,1,300.0,346.0,10.0,0.0,1,300.0,349.0,10.0,0.0,1
2026-03-23 15:38:05,8.4,300.0,337.0,20.0,0.0,1,300.0,333.0,20.0,0.0,1,300.0,335.0,10.0,0.0,1,300.0,334.0,10.0,0.0,1,300.0,334.0,10.0,0.0,1,300.0,337.0,10.0,0.0,1
2026-03-23 15:38:06,9.48,300.0,323.0,20.0,0.0,1,300.0,320.0,20.0,0.0,1,300.0,323.0,10.0,0.0,1,300.0,321.0,10.0,0.0,1,300.0,322.0,10.0,0.0,1,300.0,327.0,10.0,0.0,1
2026-03-23 15:38:07,10.59,300.0,311.0,20.0,0.0,1,300.0,308.0,20.0,0.0,1,300.0,310.0,10.0,0.0,1,300.0,309.0,10.0,0.0,1,300.0,310.0,10.0,0.0,1,300.0,312.0,10.0,0.0,1
2026-03-23 15:38:08,11.69,300.0,306.0,20.0,0.0,1,300.0,303.0,20.0,0.0,1,300.0,306.0,10.0,0.0,1,300.0,305.0,10.0,0.0,1,300.0,304.0,10.0,0.0,1,300.0,307.0,10.0,0.0,1
2026-03-23 15:38:09,12.88,300.0,304.0,20.0,0.0,1,300.0,301.0,20.0,0.0,1,300.0,303.0,10.0,0.0,1,300.0,303.0,10.0,0.0,1,300.0,301.0,10.0,0.0,1,300.0,304.0,10.0,0.0,1
2026-03-23 15:38:10,13.99,300.0,304.0,20.0,0.0,1,300.0,301.0,20.0,0.0,1,300.0,302.0,10.0,0.0,1,300.0,302.0,10.0,0.0,1,300.0,302.0,10.0,0.0,1,300.0,303.0,10.0,0.0,1
2026-03-23 15:38:12,15.26,300.0,304.0,20.0,0.0,1,300.0,301.0,20.0,0.0,1,300.0,303.0,10.0,0.0,1,300.0,302.0,10.0,0.0,1,300.0,302.0,10.0,0.0,1,300.0,303.0,10.0,0.0,1
2026-03-23 15:38:13,16.36,300.0,304.0,20.0,0.0,1,300.0,301.0,20.0,0.0,1,300.0,303.0,10.0,0.0,1,300.0,302.0,10.0,0.0,1,300.0,301.0,10.0,0.0,1,300.0,304.0,10.0,0.0,1
2026-03-23 15:38:14,17.49,300.0,304.0,20.0,0.0,1,300.0,301.0,20.0,0.0,1,300.0,302.0,10.0,0.0,1,300.0,301.0,10.0,0.0,1,300.0,302.0,10.0,0.0,1,300.0,304.0,10.0,0.0,1
2026-03-23 15:38:15,18.57,300.0,304.0,20.0,0.0,1,300.0,301.0,20.0,0.0,1,300.0,302.0,10.0,0.0,1,300.0,302.0,10.0,0.0,1,300.0,302.0,10.0,0.0,1,300.0,304.0,10.0,0.0,1
2026-03-23 15:38:16,19.94,300.0,304.0,20.0,0.0,1,300.0,301.0,20.0,0.0,1,300.0,302.0,10.0,0.0,1,300.0,302.0,10.0,0.0,1,300.0,301.0,10.0,0.0,1,300.0,303.0,10.0,0.0,1
2026-03-23 15:38:18,21.09,300.0,304.0,20.0,0.0,1,300.0,301.0,20.0,0.0,1,300.0,302.0,10.0,0.0,1,300.0,302.0,10.0,0.0,1,300.0,301.0,10.0,0.0,1,300.0,303.0,10.0,0.0,1
2026-03-23 15:38:19,22.25,300.0,303.0,20.0,0.0,1,300.0,301.0,20.0,0.0,1,300.0,303.0,10.0,0.0,1,300.0,302.0,10.0,0.0,1,300.0,301.0,10.0,0.0,1,300.0,303.0,10.0,0.0,1
2026-03-23 15:38:20,23.65,300.0,304.0,20.0,0.0,1,300.0,301.0,20.0,0.0,1,300.0,303.0,10.0,0.0,1,300.0,302.0,10.0,0.0,1,300.0,301.0,10.0,0.0,1,300.0,304.0,10.0,0.0,1
2026-03-23 15:38:21,24.86,300.0,304.0,20.0,0.0,1,300.0,301.0,20.0,0.0,1,300.0,302.0,10.0,0.0,1,300.0,302.0,10.0,0.0,1,300.0,302.0,10.0,0.0,1,300.0,304.0,10.0,0.0,1
2026-03-23 15:38:23,26.3,300.0,304.0,20.0,0.0,1,300.0,301.0,20.0,0.0,1,300.0,302.0,10.0,0.0,1,300.0,302.0,10.0,0.0,1,300.0,301.0,10.0,0.0,1,300.0,304.0,10.0,0.0,1
2026-03-23 15:38:23,26.88,300.0,303.0,20.0,0.0,1,300.0,301.0,20.0,0.0,1,300.0,302.0,10.0,0.0,1,300.0,301.0,10.0,0.0,1,300.0,301.0,10.0,0.0,1,300.0,304.0,10.0,0.0,1
2026-03-23 15:38:24,0.62,200.0,303.0,20.0,0.0,1,200.0,301.0,20.0,0.0,1,200.0,302.0,10.0,0.0,1,200.0,301.0,10.0,0.0,1,200.0,301.0,10.0,0.0,1,200.0,304.0,10.0,0.0,1
2026-03-23 15:38:25,2.03,200.0,291.0,20.0,0.0,1,200.0,289.0,20.0,0.0,1,200.0,292.0,10.0,0.0,1,200.0,291.0,10.0,0.0,1,200.0,290.0,10.0,0.0,1,200.0,293.0,10.0,0.0,1
2026-03-23 15:38:27,3.2,200.0,285.0,20.0,0.0,1,200.0,283.0,20.0,0.0,1,200.0,286.0,10.0,0.0,1,200.0,285.0,10.0,0.0,1,200.0,285.0,10.0,0.0,1,200.0,287.0,10.0,0.0,1
2026-03-23 15:38:28,4.39,200.0,273.0,20.0,0.0,1,200.0,271.0,20.0,0.0,1,200.0,273.0,10.0,0.0,1,200.0,272.0,10.0,0.0,1,200.0,272.0,10.0,0.0,1,200.0,273.0,10.0,0.0,1
2026-03-23 15:38:29,5.48,200.0,261.0,20.0,0.0,1,200.0,257.0,20.0,0.0,1,200.0,260.0,10.0,0.0,1,200.0,259.0,10.0,0.0,1,200.0,260.0,10.0,0.0,1,200.0,261.0,10.0,0.0,1
2026-03-23 15:38:30,6.65,200.0,255.0,20.0,0.0,1,200.0,251.0,20.0,0.0,1,200.0,254.0,10.0,0.0,1,200.0,254.0,10.0,0.0,1,200.0,254.0,10.0,0.0,1,200.0,255.0,10.0,0.0,1
2026-03-23 15:38:31,7.78,200.0,243.0,20.0,0.0,1,200.0,239.0,20.0,0.0,1,200.0,242.0,10.0,0.0,1,200.0,242.0,10.0,0.0,1,200.0,241.0,10.0,0.0,1,200.0,243.0,10.0,0.0,1
2026-03-23 15:38:32,8.91,200.0,230.0,20.0,0.0,1,200.0,227.0,20.0,0.0,1,200.0,230.0,10.0,0.0,1,200.0,229.0,10.0,0.0,1,200.0,228.0,10.0,0.0,1,200.0,230.0,10.0,0.0,1
2026-03-23 15:38:34,10.18,200.0,224.0,20.0,0.0,1,200.0,221.0,20.0,0.0,1,200.0,223.0,10.0,0.0,1,200.0,223.0,10.0,0.0,1,200.0,223.0,10.0,0.0,1,200.0,225.0,10.0,0.0,1
2026-03-23 15:38:35,11.51,200.0,206.0,20.0,0.0,1,200.0,202.0,20.0,0.0,1,200.0,206.0,10.0,0.0,1,200.0,205.0,10.0,0.0,1,200.0,205.0,10.0,0.0,1,200.0,206.0,10.0,0.0,1
2026-03-23 15:38:36,12.67,200.0,204.0,20.0,0.0,1,200.0,201.0,20.0,0.0,1,200.0,203.0,10.0,0.0,1,200.0,202.0,10.0,0.0,1,200.0,201.0,10.0,0.0,1,200.0,204.0,10.0,0.0,1
2026-03-23 15:38:37,13.81,200.0,204.0,20.0,0.0,1,200.0,201.0,20.0,0.0,1,200.0,203.0,10.0,0.0,1,200.0,202.0,10.0,0.0,1,200.0,201.0,10.0,0.0,1,200.0,203.0,10.0,0.0,1
2026-03-23 15:38:38,14.88,200.0,204.0,20.0,0.0,1,200.0,201.0,20.0,0.0,1,200.0,202.0,10.0,0.0,1,200.0,202.0,10.0,0.0,1,200.0,201.0,10.0,0.0,1,200.0,203.0,10.0,0.0,1
2026-03-23 15:38:39,16.11,200.0,204.0,20.0,0.0,1,200.0,201.0,20.0,0.0,1,200.0,203.0,10.0,0.0,1,200.0,202.0,10.0,0.0,1,200.0,201.0,10.0,0.0,1,200.0,203.0,10.0,0.0,1
2026-03-23 15:38:41,17.29,200.0,204.0,20.0,0.0,1,200.0,201.0,20.0,0.0,1,200.0,203.0,10.0,0.0,1,200.0,202.0,10.0,0.0,1,200.0,201.0,10.0,0.0,1,200.0,203.0,10.0,0.0,1
2026-03-23 15:38:42,18.38,200.0,204.0,20.0,0.0,1,200.0,201.0,20.0,0.0,1,200.0,203.0,10.0,0.0,1,200.0,202.0,10.0,0.0,1,200.0,201.0,10.0,0.0,1,200.0,203.0,10.0,0.0,1
2026-03-23 15:38:43,19.57,200.0,204.0,20.0,0.0,1,200.0,201.0,20.0,0.0,1,200.0,203.0,10.0,0.0,1,200.0,202.0,10.0,0.0,1,200.0,201.0,10.0,0.0,1,200.0,203.0,10.0,0.0,1
2026-03-23 15:38:44,20.24,200.0,204.0,20.0,0.0,1,200.0,201.0,20.0,0.0,1,200.0,203.0,10.0,0.0,1,200.0,202.0,10.0,0.0,1,200.0,201.0,10.0,0.0,1,200.0,203.0,10.0,0.0,1
2026-03-23 15:38:44,0.88,100.0,204.0,20.0,0.0,1,100.0,201.0,20.0,0.0,1,100.0,203.0,10.0,0.0,1,100.0,202.0,10.0,0.0,1,100.0,201.0,10.0,0.0,1,100.0,203.0,10.0,0.0,1
2026-03-23 15:38:46,2.26,100.0,195.0,20.0,0.0,1,100.0,193.0,20.0,0.0,1,100.0,195.0,10.0,0.0,1,100.0,193.0,10.0,0.0,1,100.0,194.0,10.0,0.0,1,100.0,195.0,10.0,0.0,1
2026-03-23 15:38:47,3.39,100.0,183.0,20.0,0.0,1,100.0,180.0,20.0,0.0,1,100.0,182.0,10.0,0.0,1,100.0,181.0,10.0,0.0,1,100.0,181.0,10.0,0.0,1,100.0,183.0,10.0,0.0,1
2026-03-23 15:38:48,4.47,100.0,170.0,20.0,0.0,1,100.0,168.0,20.0,0.0,1,100.0,170.0,10.0,0.0,1,100.0,169.0,10.0,0.0,1,100.0,168.0,10.0,0.0,1,100.0,171.0,10.0,0.0,1
2026-03-23 15:38:49,5.62,100.0,165.0,20.0,0.0,1,100.0,161.0,20.0,0.0,1,100.0,165.0,10.0,0.0,1,100.0,162.0,10.0,0.0,1,100.0,163.0,10.0,0.0,1,100.0,165.0,10.0,0.0,1
2026-03-23 15:38:50,6.71,100.0,152.0,20.0,0.0,1,100.0,149.0,20.0,0.0,1,100.0,151.0,10.0,0.0,1,100.0,151.0,10.0,0.0,1,100.0,150.0,10.0,0.0,1,100.0,152.0,10.0,0.0,1
2026-03-23 15:38:51,7.89,100.0,140.0,20.0,0.0,1,100.0,137.0,20.0,0.0,1,100.0,140.0,10.0,0.0,1,100.0,138.0,10.0,0.0,1,100.0,138.0,10.0,0.0,1,100.0,140.0,10.0,0.0,1
2026-03-23 15:38:53,9.27,100.0,122.0,20.0,0.0,1,100.0,118.0,20.0,0.0,1,100.0,121.0,10.0,0.0,1,100.0,119.0,10.0,0.0,1,100.0,119.0,10.0,0.0,1,100.0,121.0,10.0,0.0,1
2026-03-23 15:38:54,10.51,100.0,115.0,20.0,0.0,1,100.0,112.0,20.0,0.0,1,100.0,115.0,10.0,0.0,1,100.0,113.0,10.0,0.0,1,100.0,113.0,10.0,0.0,1,100.0,116.0,10.0,0.0,1
2026-03-23 15:38:55,11.64,100.0,105.0,20.0,0.0,1,100.0,101.0,20.0,0.0,1,100.0,104.0,10.0,0.0,1,100.0,103.0,10.0,0.0,1,100.0,102.0,10.0,0.0,1,100.0,105.0,10.0,0.0,1
2026-03-23 15:38:56,12.87,100.0,104.0,20.0,0.0,1,100.0,101.0,20.0,0.0,1,100.0,103.0,10.0,0.0,1,100.0,102.0,10.0,0.0,1,100.0,101.0,10.0,0.0,1,100.0,104.0,10.0,0.0,1
2026-03-23 15:38:58,14.05,100.0,104.0,20.0,0.0,1,100.0,101.0,20.0,0.0,1,100.0,103.0,10.0,0.0,1,100.0,102.0,10.0,0.0,1,100.0,101.0,10.0,0.0,1,100.0,104.0,10.0,0.0,1
2026-03-23 15:38:59,15.15,100.0,104.0,20.0,0.0,1,100.0,101.0,20.0,0.0,1,100.0,103.0,10.0,0.0,1,100.0,102.0,10.0,0.0,1,100.0,101.0,10.0,0.0,1,100.0,104.0,10.0,0.0,1
2026-03-23 15:39:00,16.37,100.0,104.0,20.0,0.0,1,100.0,101.0,20.0,0.0,1,100.0,103.0,10.0,0.0,1,100.0,102.0,10.0,0.0,1,100.0,101.0,10.0,0.0,1,100.0,103.0,10.0,0.0,1
2026-03-23 15:39:01,17.47,100.0,104.0,20.0,0.0,1,100.0,101.0,20.0,0.0,1,100.0,103.0,10.0,0.0,1,100.0,102.0,10.0,0.0,1,100.0,101.0,10.0,0.0,1,100.0,103.0,10.0,0.0,1
2026-03-23 15:39:02,18.84,100.0,104.0,20.0,0.0,1,100.0,101.0,20.0,0.0,1,100.0,103.0,10.0,0.0,1,100.0,101.0,10.0,0.0,1,100.0,101.0,10.0,0.0,1,100.0,103.0,10.0,0.0,1
2026-03-23 15:39:04,19.97,100.0,104.0,20.0,0.0,1,100.0,101.0,20.0,0.0,1,100.0,103.0,10.0,0.0,1,100.0,101.0,10.0,0.0,1,100.0,101.0,10.0,0.0,1,100.0,103.0,10.0,0.0,1
2026-03-23 15:39:05,21.28,100.0,104.0,20.0,0.0,1,100.0,101.0,20.0,0.0,1,100.0,103.0,10.0,0.0,1,100.0,102.0,10.0,0.0,1,100.0,101.0,10.0,0.0,1,100.0,103.0,10.0,0.0,1
2026-03-23 15:39:06,22.43,100.0,104.0,20.0,0.0,1,100.0,101.0,20.0,0.0,1,100.0,103.0,10.0,0.0,1,100.0,102.0,10.0,0.0,1,100.0,101.0,10.0,0.0,1,100.0,103.0,10.0,0.0,1
2026-03-23 15:39:07,23.55,100.0,104.0,20.0,0.0,1,100.0,101.0,20.0,0.0,1,100.0,103.0,10.0,0.0,1,100.0,102.0,10.0,0.0,1,100.0,101.0,10.0,0.0,1,100.0,103.0,10.0,0.0,1
2026-03-23 15:39:09,24.96,100.0,104.0,20.0,0.0,1,100.0,101.0,20.0,0.0,1,100.0,103.0,10.0,0.0,1,100.0,101.0,10.0,0.0,1,100.0,101.0,10.0,0.0,1,100.0,103.0,10.0,0.0,1
2026-03-23 15:39:10,26.07,100.0,103.0,20.0,0.0,1,100.0,101.0,20.0,0.0,1,100.0,102.0,10.0,0.0,1,100.0,101.0,10.0,0.0,1,100.0,101.0,10.0,0.0,1,100.0,103.0,10.0,0.0,1
2026-03-23 15:39:11,27.22,100.0,103.0,20.0,0.0,1,100.0,101.0,20.0,0.0,1,100.0,102.0,10.0,0.0,1,100.0,101.0,10.0,0.0,1,100.0,101.0,10.0,0.0,1,100.0,103.0,10.0,0.0,1
2026-03-23 15:39:11,27.67,100.0,103.0,20.0,0.0,1,100.0,101.0,20.0,0.0,1,100.0,102.0,10.0,0.0,1,100.0,101.0,10.0,0.0,1,100.0,101.0,10.0,0.0,1,100.0,103.0,10.0,0.0,1
2026-03-23 15:39:12,0.55,0.0,103.0,20.0,0.0,1,0.0,101.0,20.0,0.0,1,0.0,102.0,10.0,0.0,1,0.0,101.0,10.0,0.0,1,0.0,101.0,10.0,0.0,1,0.0,103.0,10.0,0.0,1
2026-03-23 15:39:13,1.95,0.0,97.0,20.0,0.0,1,0.0,94.0,20.0,0.0,1,0.0,96.0,10.0,0.0,1,0.0,95.0,10.0,0.0,1,0.0,95.0,10.0,0.0,1,0.0,97.0,10.0,0.0,1
2026-03-23 15:39:15,3.55,0.0,85.0,20.0,0.0,1,0.0,81.0,20.0,0.0,1,0.0,84.0,10.0,0.0,1,0.0,82.0,10.0,0.0,1,0.0,83.0,10.0,0.0,1,0.0,85.0,10.0,0.0,1
2026-03-23 15:39:17,5.35,0.0,66.0,20.0,0.0,1,0.0,63.0,20.0,0.0,1,0.0,65.0,10.0,0.0,1,0.0,64.0,10.0,0.0,1,0.0,64.0,10.0,0.0,1,0.0,66.0,10.0,0.0,1
2026-03-23 15:39:18,7.11,0.0,48.0,20.0,0.0,1,0.0,44.0,20.0,0.0,1,0.0,47.0,10.0,0.0,1,0.0,46.0,10.0,0.0,1,0.0,46.0,10.0,0.0,1,0.0,48.0,10.0,0.0,1
2026-03-23 15:39:20,8.42,0.0,29.0,20.0,0.0,1,0.0,25.0,20.0,0.0,1,0.0,28.0,10.0,0.0,1,0.0,27.0,10.0,0.0,1,0.0,27.0,10.0,0.0,1,0.0,29.0,10.0,0.0,1
2026-03-23 15:39:21,9.87,0.0,20.0,20.0,0.0,1,0.0,16.0,20.0,0.0,1,0.0,19.0,10.0,0.0,1,0.0,18.0,10.0,0.0,1,0.0,19.0,10.0,0.0,1,0.0,21.0,10.0,0.0,1
2026-03-23 15:39:23,11.25,0.0,14.0,20.0,0.0,1,0.0,10.0,20.0,0.0,1,0.0,13.0,10.0,0.0,1,0.0,12.0,10.0,0.0,1,0.0,13.0,10.0,0.0,1,0.0,15.0,10.0,0.0,1
2026-03-23 15:39:24,12.49,0.0,12.0,20.0,0.0,1,0.0,8.0,20.0,0.0,1,0.0,11.0,10.0,0.0,1,0.0,10.0,10.0,0.0,1,0.0,11.0,10.0,0.0,1,0.0,12.0,10.0,0.0,1
2026-03-23 15:39:25,13.76,0.0,9.0,20.0,0.0,1,0.0,4.0,20.0,0.0,1,0.0,7.0,10.0,0.0,1,0.0,6.0,10.0,0.0,1,0.0,7.0,10.0,0.0,1,0.0,9.0,10.0,0.0,1
2026-03-23 15:39:27,15.34,0.0,6.0,20.0,0.0,1,0.0,1.0,20.0,0.0,1,0.0,4.0,10.0,0.0,1,0.0,3.0,10.0,0.0,1,0.0,4.0,10.0,0.0,1,0.0,5.0,10.0,0.0,1
2026-03-23 15:39:28,16.54,0.0,5.0,20.0,0.0,1,0.0,1.0,20.0,0.0,1,0.0,3.0,10.0,0.0,1,0.0,3.0,10.0,0.0,1,0.0,4.0,10.0,0.0,1,0.0,5.0,10.0,0.0,1
2026-03-23 15:39:29,17.83,0.0,3.0,20.0,0.0,1,0.0,0.0,20.0,0.0,1,0.0,2.0,10.0,0.0,1,0.0,1.0,10.0,0.0,1,0.0,2.0,10.0,0.0,1,0.0,3.0,10.0,0.0,1
2026-03-23 15:39:30,18.97,0.0,3.0,20.0,0.0,1,0.0,0.0,20.0,0.0,1,0.0,1.0,10.0,0.0,1,0.0,0.0,10.0,0.0,1,0.0,1.0,10.0,0.0,1,0.0,2.0,10.0,0.0,1
2026-03-23 15:39:31,20.06,0.0,2.0,20.0,0.0,1,0.0,0.0,20.0,0.0,1,0.0,1.0,10.0,0.0,1,0.0,0.0,10.0,0.0,1,0.0,1.0,10.0,0.0,1,0.0,2.0,10.0,0.0,1
2026-03-23 15:39:33,21.27,0.0,2.0,20.0,0.0,1,0.0,0.0,20.0,0.0,1,0.0,1.0,10.0,0.0,1,0.0,0.0,10.0,0.0,1,0.0,1.0,10.0,0.0,1,0.0,2.0,10.0,0.0,1
2026-03-23 15:39:34,22.49,0.0,3.0,20.0,0.0,1,0.0,0.0,20.0,0.0,1,0.0,1.0,10.0,0.0,1,0.0,0.0,10.0,0.0,1,0.0,0.0,10.0,0.0,1,0.0,2.0,10.0,0.0,1
2026-03-23 15:39:35,24.05,0.0,4.0,20.0,0.0,1,0.0,0.0,20.0,0.0,1,0.0,2.0,10.0,0.0,1,0.0,0.0,10.0,0.0,1,0.0,0.0,10.0,0.0,1,0.0,1.0,10.0,0.0,1
2026-03-23 15:39:37,25.64,0.0,4.0,20.0,0.0,1,0.0,0.0,20.0,0.0,1,0.0,2.0,10.0,0.0,1,0.0,1.0,10.0,0.0,1,0.0,0.0,10.0,0.0,1,0.0,2.0,10.0,0.0,1
2026-03-23 15:39:38,26.93,0.0,4.0,20.0,0.0,1,0.0,0.0,20.0,0.0,1,0.0,2.0,10.0,0.0,1,0.0,1.0,10.0,0.0,1,0.0,0.0,10.0,0.0,1,0.0,2.0,10.0,0.0,1
2026-03-23 15:39:40,28.55,0.0,4.0,20.0,0.0,1,0.0,0.0,20.0,0.0,1,0.0,2.0,10.0,0.0,1,0.0,1.0,10.0,0.0,1,0.0,1.0,10.0,0.0,1,0.0,2.0,10.0,0.0,1
2026-03-23 15:39:41,29.99,0.0,4.0,20.0,0.0,1,0.0,0.0,20.0,0.0,1,0.0,2.0,10.0,0.0,1,0.0,1.0,10.0,0.0,1,0.0,1.0,10.0,0.0,1,0.0,2.0,10.0,0.0,1
2026-03-23 15:39:43,31.31,0.0,4.0,20.0,0.0,1,0.0,0.0,20.0,0.0,1,0.0,2.0,10.0,0.0,1,0.0,1.0,10.0,0.0,1,0.0,1.0,10.0,0.0,1,0.0,2.0,10.0,0.0,1
2026-03-23 15:39:43,31.86,0.0,4.0,20.0,0.0,0,0.0,0.0,20.0,0.0,0,0.0,2.0,10.0,0.0,0,0.0,1.0,10.0,0.0,0,0.0,1.0,10.0,0.0,0,0.0,2.0,10.0,0.0,0
2026-03-23 15:39:45,33.31,0.0,4.0,20.0,0.0,0,0.0,0.0,20.0,0.0,0,0.0,2.0,10.0,0.0,0,0.0,1.0,10.0,0.0,0,0.0,1.0,10.0,0.0,0,0.0,2.0,10.0,0.0,0
2026-03-23 15:39:46,34.41,0.0,4.0,20.0,0.0,0,0.0,0.0,20.0,0.0,0,0.0,2.0,10.0,0.0,0,0.0,1.0,10.0,0.0,0,0.0,1.0,10.0,0.0,0,0.0,2.0,10.0,0.0,0
2026-03-23 15:39:47,35.6,0.0,33.0,20.0,0.0,0,0.0,27.0,20.0,0.0,0,0.0,62.0,10.0,0.0,0,0.0,60.0,10.0,0.0,0,0.0,32.0,10.0,0.0,0,0.0,61.0,10.0,0.0,0
2026-03-23 15:39:48,37.16,0.0,25.0,20.0,0.0,0,0.0,19.0,20.0,0.0,0,0.0,49.0,10.0,0.0,0,0.0,47.0,10.0,0.0,0,0.0,25.0,10.0,0.0,0,0.0,48.0,10.0,0.0,0
2026-03-23 15:39:50,38.52,0.0,22.0,20.0,0.0,0,0.0,16.0,20.0,0.0,0,0.0,42.0,10.0,0.0,0,0.0,40.0,10.0,0.0,0,0.0,21.0,10.0,0.0,0,0.0,41.0,10.0,0.0,0
2026-03-23 15:39:51,39.69,0.0,19.0,20.0,0.0,0,0.0,13.0,20.0,0.0,0,0.0,35.0,10.0,0.0,0,0.0,34.0,10.0,0.0,0,0.0,17.0,10.0,0.0,0,0.0,35.0,10.0,0.0,0
2026-03-23 15:39:52,41.11,0.0,16.0,20.0,0.0,0,0.0,11.0,20.0,0.0,0,0.0,30.0,10.0,0.0,0,0.0,29.0,10.0,0.0,0,0.0,15.0,10.0,0.0,0,0.0,30.0,10.0,0.0,0
2026-03-23 15:39:54,42.56,0.0,14.0,20.0,0.0,0,0.0,9.0,20.0,0.0,0,0.0,26.0,10.0,0.0,0,0.0,24.0,10.0,0.0,0,0.0,13.0,10.0,0.0,0,0.0,26.0,10.0,0.0,0
2026-03-23 15:39:55,43.96,0.0,12.0,20.0,0.0,0,0.0,7.0,20.0,0.0,0,0.0,22.0,10.0,0.0,0,0.0,20.0,10.0,0.0,0,0.0,11.0,10.0,0.0,0,0.0,23.0,10.0,0.0,0
2026-03-23 15:39:57,45.23,0.0,10.0,20.0,0.0,0,0.0,5.0,20.0,0.0,0,0.0,19.0,10.0,0.0,0,0.0,17.0,10.0,0.0,0,0.0,9.0,10.0,0.0,0,0.0,20.0,10.0,0.0,0
2026-03-23 15:39:58,46.64,0.0,9.0,20.0,0.0,0,0.0,4.0,20.0,0.0,0,0.0,15.0,10.0,0.0,0,0.0,14.0,10.0,0.0,0,0.0,7.0,10.0,0.0,0,0.0,16.0,10.0,0.0,0
2026-03-23 15:40:00,48.29,0.0,7.0,20.0,0.0,0,0.0,3.0,20.0,0.0,0,0.0,12.0,10.0,0.0,0,0.0,11.0,10.0,0.0,0,0.0,6.0,10.0,0.0,0,0.0,13.0,10.0,0.0,0
2026-03-23 15:40:01,49.64,0.0,6.0,20.0,0.0,0,0.0,2.0,20.0,0.0,0,0.0,10.0,10.0,0.0,0,0.0,9.0,10.0,0.0,0,0.0,5.0,10.0,0.0,0,0.0,11.0,10.0,0.0,0
2026-03-23 15:40:02,50.81,0.0,6.0,20.0,0.0,0,0.0,2.0,20.0,0.0,0,0.0,9.0,10.0,0.0,0,0.0,8.0,10.0,0.0,0,0.0,5.0,10.0,0.0,0,0.0,10.0,10.0,0.0,0
2026-03-23 15:40:04,52.2,0.0,6.0,20.0,0.0,0,0.0,1.0,20.0,0.0,0,0.0,8.0,10.0,0.0,0,0.0,7.0,10.0,0.0,0,0.0,4.0,10.0,0.0,0,0.0,9.0,10.0,0.0,0
2026-03-23 15:40:05,53.39,0.0,5.0,20.0,0.0,0,0.0,1.0,20.0,0.0,0,0.0,7.0,10.0,0.0,0,0.0,6.0,10.0,0.0,0,0.0,4.0,10.0,0.0,0,0.0,8.0,10.0,0.0,0
2026-03-23 15:40:06,54.45,0.0,5.0,20.0,0.0,0,0.0,1.0,20.0,0.0,0,0.0,7.0,10.0,0.0,0,0.0,5.0,10.0,0.0,0,0.0,4.0,10.0,0.0,0,0.0,8.0,10.0,0.0,0
2026-03-23 15:40:07,55.9,0.0,4.0,20.0,0.0,0,0.0,0.0,20.0,0.0,0,0.0,5.0,10.0,0.0,0,0.0,4.0,10.0,0.0,0,0.0,3.0,10.0,0.0,0,0.0,6.0,10.0,0.0,0
2026-03-23 15:40:09,57.37,0.0,4.0,20.0,0.0,0,0.0,0.0,20.0,0.0,0,0.0,4.0,10.0,0.0,0,0.0,3.0,10.0,0.0,0,0.0,2.0,10.0,0.0,0,0.0,5.0,10.0,0.0,0
2026-03-23 15:40:10,58.53,0.0,3.0,20.0,0.0,0,0.0,0.0,20.0,0.0,0,0.0,4.0,10.0,0.0,0,0.0,3.0,10.0,0.0,0,0.0,2.0,10.0,0.0,0,0.0,5.0,10.0,0.0,0
2026-03-23 15:40:11,59.68,0.0,3.0,20.0,0.0,0,0.0,0.0,20.0,0.0,0,0.0,3.0,10.0,0.0,0,0.0,3.0,10.0,0.0,0,0.0,2.0,10.0,0.0,0,0.0,5.0,10.0,0.0,0
2026-03-23 15:40:12,60.86,0.0,3.0,20.0,0.0,0,0.0,0.0,20.0,0.0,0,0.0,3.0,10.0,0.0,0,0.0,2.0,10.0,0.0,0,0.0,2.0,10.0,0.0,0,0.0,4.0,10.0,0.0,0
2026-03-23 15:40:13,62.18,0.0,3.0,20.0,0.0,0,0.0,0.0,20.0,0.0,0,0.0,2.0,10.0,0.0,0,0.0,1.0,10.0,0.0,0,0.0,2.0,10.0,0.0,0,0.0,4.0,10.0,0.0,0
2026-03-23 15:40:15,63.58,0.0,3.0,20.0,0.0,0,0.0,0.0,20.0,0.0,0,0.0,2.0,10.0,0.0,0,0.0,1.0,10.0,0.0,0,0.0,1.0,10.0,0.0,0,0.0,4.0,10.0,0.0,0
2026-03-23 15:40:16,65.01,0.0,3.0,20.0,0.0,0,0.0,0.0,20.0,0.0,0,0.0,2.0,10.0,0.0,0,0.0,1.0,10.0,0.0,0,0.0,1.0,10.0,0.0,0,0.0,3.0,10.0,0.0,0
2026-03-23 15:40:18,66.27,0.0,2.0,20.0,0.0,0,0.0,0.0,20.0,0.0,0,0.0,2.0,10.0,0.0,0,0.0,0.0,10.0,0.0,0,0.0,1.0,10.0,0.0,0,0.0,3.0,10.0,0.0,0
2026-03-23 15:40:19,67.62,0.0,2.0,20.0,0.0,0,0.0,0.0,20.0,0.0,0,0.0,1.0,10.0,0.0,0,0.0,0.0,10.0,0.0,0,0.0,1.0,10.0,0.0,0,0.0,3.0,10.0,0.0,0
