Timestamp,Elapsed,Cathode_Ch1_V,Cathode_Ch1_I,Cathode_Ch1_Status,Anode_Ch2_V,Anode_Ch2_I,Anode_Ch2_Status,Grid_Ch3_V,Grid_Ch3_I,Grid_Ch3_Status
10:42:01,464.18,0.0,0.0,0,0.0,0.0,0,0.0,0.0,0
10:42:02,465.2,0.0,0.0,0,0.0,0.0,0,0.0,0.0,0
10:42:03,466.02,0.0,0.0,0,0.0,0.0,0,0.0,0.0,0
10:42:04,466.88,0.0,0.0,0,0.0,0.0,0,0.0,0.0,0
10:42:05,467.67,0.0,0.0,0,0.0,0.0,0,0.0,0.0,0
10:42:06,468.51,0.0,0.0,0,0.0,0.0,0,0.0,0.0,0
10:42:06,469.28,0.0,0.0,0,0.0,0.0,0,0.0,0.0,0
10:42:07,470.07,0.0,0.0,0,0.0,0.0,0,0.0,0.0,0
10:42:08,470.86,0.0,0.0,0,0.0,0.0,0,0.0,0.0,0
10:42:09,471.64,0.0,0.0,0,0.0,0.0,0,0.0,0.0,0
10:42:09,472.41,0.0,0.0,0,0.0,0.0,0,0.0,0.0,0
10:42:10,473.19,0.0,0.0,0,0.0,0.0,0,0.0,0.0,0
10:42:11,473.97,0.0,0.0,0,0.0,0.0,0,0.0,0.0,0
10:42:12,474.78,0.0,0.0,0,0.0,0.0,0,0.0,0.0,0
10:42:13,475.56,0.0,0.0,0,0.0,0.0,0,0.0,0.0,0
10:42:13,476.35,0.0,0.0,0,0.0,0.0,0,0.0,0.0,0
10:42:14,477.12,0.0,0.0,0,0.0,0.0,0,0.0,0.0,0
10:42:15,477.92,0.0,0.0,0,0.0,0.0,0,0.0,0.0,0
10:42:16,478.69,0.0,0.0,0,0.0,0.0,0,0.0,0.0,0
10:42:17,479.53,0.0,0.0,0,0.0,0.0,0,0.0,0.0,0
10:42:17,480.31,0.0,0.0,0,0.0,0.0,0,0.0,0.0,0
10:42:18,481.13,0.0,0.0,0,0.0,0.0,0,0.0,0.0,0
10:42:19,481.96,0.0,0.0,0,0.0,0.0,0,0.0,0.0,0
10:42:20,482.79,0.0,0.0,0,0.0,0.0,0,0.0,0.0,0
10:42:21,483.58,0.0,0.0,0,0.0,0.0,0,0.0,0.0,0
10:42:21,484.39,0.0,0.0,0,0.0,0.0,0,0.0,0.0,0
10:42:22,485.22,0.0,0.0,0,0.0,0.0,0,0.0,0.0,0
10:42:23,486.0,0.0,0.0,0,0.0,0.0,0,0.0,0.0,0
10:42:24,486.8,0.0,0.0,0,0.0,0.0,0,0.0,0.0,0
10:42:25,487.63,0.0,0.0,0,0.0,0.0,0,0.0,0.0,0
10:42:26,488.45,0.0,0.0,0,0.0,0.0,0,0.0,0.0,0
10:42:26,489.3,0.0,0.0,0,0.0,0.0,0,0.0,0.0,0
10:42:27,490.1,0.0,0.0,0,0.0,0.0,0,0.0,0.0,0
10:42:28,490.89,0.0,0.0,0,0.0,0.0,0,0.0,0.0,0
10:42:29,491.73,0.0,0.0,0,0.0,0.0,0,0.0,0.0,0
10:42:30,492.53,0.0,0.0,1,0.0,0.0,0,0.0,0.0,0
10:42:30,493.31,0.0,0.0,1,0.0,0.0,0,0.0,0.0,0
10:42:31,494.08,0.0,0.0,1,0.0,0.0,0,0.0,0.0,0
10:42:32,494.89,0.0,0.0,1,0.0,0.0,0,0.0,0.0,0
10:42:33,495.69,0.0,0.0,1,0.0,0.0,0,0.0,0.0,0
10:42:34,496.48,0.0,0.0,1,0.0,0.0,0,0.0,0.0,0
10:42:34,497.28,0.0,0.0,1,0.0,0.0,0,0.0,0.0,0
10:42:35,498.2,0.0,0.0,1,0.0,0.0,0,0.0,0.0,0
10:42:36,498.99,0.0,0.0,1,0.0,0.0,0,0.0,0.0,0
10:42:37,499.79,0.0,0.0,1,0.0,0.0,0,0.0,0.0,0
10:42:38,500.58,0.0,0.0,1,0.0,0.0,0,0.0,0.0,0
10:42:38,501.37,0.0,0.0,1,0.0,0.0,0,0.0,0.0,0
10:42:39,502.15,0.0,0.0,1,0.0,0.0,0,0.0,0.0,0
10:42:40,502.93,0.0,0.0,1,0.0,0.0,0,0.0,0.0,0
10:42:41,503.72,0.0,0.0,1,0.0,0.0,0,0.0,0.0,0
10:42:42,504.53,0.0,0.0,1,0.0,0.0,0,0.0,0.0,0
10:42:42,505.35,0.0,0.0,1,0.0,0.0,0,0.0,0.0,0
10:42:43,506.13,0.0,0.0,1,0.0,0.0,0,0.0,0.0,0
10:42:44,506.89,0.0,0.0,1,0.0,0.0,0,0.0,0.0,0
10:42:45,507.72,0.0,0.0,1,0.0,0.0,0,0.0,0.0,0
10:42:46,508.52,0.0,0.0,1,0.0,0.0,0,0.0,0.0,0
10:42:46,509.34,0.0,0.0,1,0.0,0.0,0,0.0,0.0,0
10:42:47,510.19,0.0,0.0,1,0.0,0.0,0,0.0,0.0,0
10:42:48,510.99,0.0,0.0,1,0.0,0.0,0,0.0,0.0,0
10:42:49,511.76,0.0,0.0,1,0.0,0.0,0,0.0,0.0,0
10:42:50,512.53,0.0,0.0,1,0.0,0.0,0,0.0,0.0,0
10:42:50,513.31,1.0,0.0,1,0.0,0.0,0,0.0,0.0,0
10:42:51,514.1,5.0,0.0,1,0.0,0.0,0,0.0,0.0,0
10:42:52,514.91,11.0,0.0,1,0.0,0.0,0,0.0,0.0,0
10:42:53,515.73,17.0,0.0,1,0.0,0.0,0,0.0,0.0,0
10:42:54,516.55,30.0,0.0,1,0.0,0.0,0,0.0,0.0,0
10:42:54,517.33,42.0,0.0,1,0.0,0.0,0,0.0,0.0,0
10:42:55,518.2,48.0,0.0,1,0.0,0.0,0,0.0,0.0,0
10:42:56,519.02,50.0,0.0,1,0.0,0.0,0,0.0,0.0,0
10:42:57,519.8,50.0,0.0,1,0.0,0.0,0,0.0,0.0,0
10:42:58,520.62,50.0,0.0,1,0.0,0.0,0,0.0,0.0,0
10:42:58,521.39,50.0,0.0,1,0.0,0.0,0,0.0,0.0,0
10:42:59,522.15,50.0,0.0,1,0.0,0.0,0,0.0,0.0,0
10:43:00,522.93,50.0,0.0,1,0.0,0.0,0,0.0,0.0,0
10:43:01,523.74,50.0,0.0,1,0.0,0.0,0,0.0,0.0,0
10:43:02,524.56,50.0,0.0,1,0.0,0.0,0,0.0,0.0,0
10:43:02,525.41,50.0,0.0,1,0.0,0.0,0,0.0,0.0,0
10:43:03,526.18,51.0,0.0,1,0.0,0.0,0,0.0,0.0,0
10:43:04,526.97,51.0,0.0,1,0.0,0.0,0,0.0,0.0,0
10:43:05,527.77,51.0,0.0,1,0.0,0.0,0,0.0,0.0,0
10:43:06,528.57,51.0,0.0,1,0.0,0.0,0,0.0,0.0,0
10:43:06,529.38,51.0,0.0,1,0.0,0.0,0,0.0,0.0,0
10:43:07,530.17,51.0,0.0,1,0.0,0.0,0,0.0,0.0,0
10:43:08,530.97,51.0,0.0,1,0.0,0.0,0,0.0,0.0,0
10:43:09,531.78,51.0,0.0,1,0.0,0.0,0,0.0,0.0,0
10:43:10,532.56,51.0,0.0,1,0.0,0.0,0,0.0,0.0,0
10:43:10,533.35,51.0,0.0,1,0.0,0.0,0,0.0,0.0,0
10:43:11,534.14,51.0,0.0,1,0.0,0.0,0,0.0,0.0,0
10:43:12,534.94,51.0,0.0,1,0.0,0.0,0,0.0,0.0,0
10:43:13,535.74,51.0,0.0,1,0.0,0.0,0,0.0,0.0,0
10:43:14,536.55,50.0,0.0,1,0.0,0.0,0,0.0,0.0,0
10:43:14,537.36,50.0,0.0,1,0.0,0.0,0,0.0,0.0,0
10:43:15,538.2,50.0,0.0,1,0.0,0.0,0,0.0,0.0,0
10:43:16,539.02,50.0,0.0,1,0.0,0.0,0,0.0,0.0,0
10:43:17,539.8,49.0,0.0,1,0.0,0.0,0,0.0,0.0,0
10:43:18,540.59,42.0,0.0,1,0.0,0.0,0,0.0,0.0,0
10:43:18,541.38,36.0,0.0,1,0.0,0.0,0,0.0,0.0,0
10:43:19,542.18,23.0,0.0,1,0.0,0.0,0,0.0,0.0,0
10:43:20,542.97,17.0,0.0,1,0.0,0.0,0,0.0,0.0,0
10:43:21,543.77,6.0,0.0,1,0.0,0.0,0,0.0,0.0,0
10:43:22,544.56,3.0,0.0,1,0.0,0.0,0,0.0,0.0,0
10:43:22,545.38,1.0,0.0,1,0.0,0.0,0,0.0,0.0,0
10:43:23,546.17,0.0,0.0,1,0.0,0.0,0,0.0,0.0,0
10:43:24,546.97,0.0,0.0,1,0.0,0.0,0,0.0,0.0,0
10:43:25,547.77,0.0,0.0,1,0.0,0.0,0,0.0,0.0,0
10:43:26,548.56,0.0,0.0,1,0.0,0.0,0,0.0,0.0,0
10:43:26,549.35,0.0,0.0,1,0.0,0.0,0,0.0,0.0,0
10:43:27,550.16,0.0,0.0,1,0.0,0.0,0,0.0,0.0,0
10:43:28,550.98,0.0,0.0,1,0.0,0.0,0,0.0,0.0,0
10:43:29,551.8,0.0,0.0,1,0.0,0.0,0,0.0,0.0,0
10:43:30,552.61,0.0,0.0,1,0.0,0.0,0,0.0,0.0,0
10:43:31,553.45,0.0,0.0,1,0.0,0.0,0,0.0,0.0,0
10:43:31,554.26,0.0,0.0,1,0.0,0.0,0,0.0,0.0,0
10:43:32,555.06,0.0,0.0,1,0.0,0.0,0,0.0,0.0,0
10:43:33,555.85,0.0,0.0,1,0.0,0.0,0,0.0,0.0,0
10:43:34,556.67,0.0,0.0,1,0.0,0.0,0,0.0,0.0,0
10:43:35,557.48,0.0,0.0,1,0.0,0.0,0,0.0,0.0,0
10:43:35,558.31,0.0,0.0,1,0.0,0.0,0,0.0,0.0,0
10:43:36,559.21,0.0,0.0,1,0.0,0.0,0,0.0,0.0,0
10:43:37,559.99,0.0,0.0,1,0.0,0.0,0,0.0,0.0,0
10:43:38,560.78,0.0,0.0,1,0.0,0.0,0,0.0,0.0,0
10:43:39,561.62,0.0,0.0,1,0.0,0.0,0,0.0,0.0,0
10:43:40,562.45,0.0,0.0,1,0.0,0.0,0,0.0,0.0,0
10:43:40,563.26,0.0,0.0,1,0.0,0.0,0,0.0,0.0,0
10:43:41,564.08,0.0,0.0,1,0.0,0.0,0,0.0,0.0,0
10:43:42,564.87,0.0,0.0,1,0.0,0.0,0,0.0,0.0,0
10:43:43,565.69,0.0,0.0,1,0.0,0.0,0,0.0,0.0,0
10:43:44,566.49,0.0,0.0,1,0.0,0.0,0,0.0,0.0,0
10:43:44,567.3,0.0,0.0,1,0.0,0.0,0,0.0,0.0,0
10:43:45,568.1,0.0,0.0,1,0.0,0.0,0,0.0,0.0,0
10:43:46,568.91,0.0,0.0,1,0.0,0.0,0,0.0,0.0,0
10:43:47,569.72,0.0,0.0,1,0.0,0.0,0,0.0,0.0,0
10:43:48,570.6,0.0,0.0,1,0.0,0.0,0,0.0,0.0,0
10:43:48,571.41,0.0,0.0,1,0.0,0.0,0,0.0,0.0,0
10:43:49,572.23,0.0,0.0,1,0.0,0.0,0,0.0,0.0,0
10:43:50,573.07,0.0,0.0,1,0.0,0.0,0,0.0,0.0,0
10:43:51,573.9,0.0,0.0,1,0.0,0.0,0,0.0,0.0,0
10:43:52,574.76,0.0,0.0,0,0.0,0.0,0,0.0,0.0,0
10:43:53,575.57,0.0,0.0,0,0.0,0.0,0,0.0,0.0,0
10:43:53,576.37,0.0,0.0,0,0.0,0.0,0,0.0,0.0,0
10:43:54,577.17,0.0,0.0,0,0.0,0.0,0,0.0,0.0,0
10:43:55,577.97,45.0,0.0,0,0.0,0.0,0,0.0,0.0,0
10:43:56,578.76,38.0,0.0,0,0.0,0.0,0,0.0,0.0,0
10:43:57,579.6,32.0,0.0,0,0.0,0.0,0,0.0,0.0,0
10:43:57,580.39,23.0,0.0,0,0.0,0.0,0,0.0,0.0,0
10:43:58,581.21,19.0,0.0,0,0.0,0.0,0,0.0,0.0,0
10:43:59,582.08,14.0,0.0,0,0.0,0.0,0,0.0,0.0,0
10:44:00,582.9,11.0,0.0,0,0.0,0.0,0,0.0,0.0,0
10:44:01,583.73,9.0,0.0,0,0.0,0.0,0,0.0,0.0,0
10:44:02,584.52,7.0,0.0,0,0.0,0.0,0,0.0,0.0,0
10:44:02,585.28,6.0,0.0,0,0.0,0.0,0,0.0,0.0,0
10:44:03,586.05,5.0,0.0,0,0.0,0.0,0,0.0,0.0,0
10:44:04,586.85,3.0,0.0,0,0.0,0.0,0,0.0,0.0,0
10:44:05,587.62,2.0,0.0,0,0.0,0.0,0,0.0,0.0,0
10:44:05,588.4,2.0,0.0,0,0.0,0.0,0,0.0,0.0,0
10:44:06,589.2,1.0,0.0,0,0.0,0.0,0,0.0,0.0,0
10:44:07,590.03,0.0,0.0,0,0.0,0.0,0,0.0,0.0,0
10:44:08,590.83,0.0,0.0,0,0.0,0.0,0,0.0,0.0,0
10:44:09,591.61,0.0,0.0,0,0.0,0.0,0,0.0,0.0,0
10:44:09,592.42,0.0,0.0,0,0.0,0.0,0,0.0,0.0,0
10:44:10,593.22,0.0,0.0,0,0.0,0.0,0,0.0,0.0,0
10:44:11,594.03,0.0,0.0,0,0.0,0.0,0,0.0,0.0,0
10:44:12,594.81,0.0,0.0,0,0.0,0.0,0,0.0,0.0,0
10:44:13,595.61,0.0,0.0,0,0.0,0.0,0,0.0,0.0,0
10:44:13,596.39,0.0,0.0,0,0.0,0.0,0,0.0,0.0,0
10:44:14,597.18,0.0,0.0,0,0.0,0.0,0,0.0,0.0,0
10:44:15,597.96,0.0,0.0,0,0.0,0.0,0,0.0,0.0,0
10:44:16,598.78,0.0,0.0,0,0.0,0.0,0,0.0,0.0,0
10:44:17,599.59,0.0,0.0,0,0.0,0.0,0,0.0,0.0,0
10:44:17,600.36,0.0,0.0,0,0.0,0.0,0,0.0,0.0,0
10:44:18,601.17,0.0,0.0,0,0.0,0.0,0,0.0,0.0,0
10:44:19,602.02,0.0,0.0,0,0.0,0.0,0,0.0,0.0,0
10:44:20,602.82,0.0,0.0,0,0.0,0.0,0,0.0,0.0,0
10:44:21,603.65,0.0,0.0,0,0.0,0.0,0,0.0,0.0,0
10:44:22,604.47,0.0,0.0,0,0.0,0.0,0,0.0,0.0,0
10:44:22,605.23,0.0,0.0,0,0.0,0.0,0,0.0,0.0,0
10:44:23,606.01,0.0,0.0,0,0.0,0.0,0,0.0,0.0,0
10:44:24,606.81,0.0,0.0,0,0.0,0.0,0,0.0,0.0,0
10:44:25,607.6,0.0,0.0,0,0.0,0.0,0,0.0,0.0,0
10:44:25,608.43,0.0,0.0,0,0.0,0.0,0,0.0,0.0,0
10:44:26,609.22,0.0,0.0,0,0.0,0.0,0,0.0,0.0,0
10:44:27,610.01,0.0,0.0,0,0.0,0.0,0,0.0,0.0,0
10:44:28,610.82,0.0,0.0,0,0.0,0.0,0,0.0,0.0,0
10:44:29,611.62,0.0,0.0,0,0.0,0.0,0,0.0,0.0,0
10:44:29,612.42,0.0,0.0,0,0.0,0.0,0,0.0,0.0,0
10:44:30,613.25,0.0,0.0,0,0.0,0.0,0,0.0,0.0,0
10:44:31,614.07,0.0,0.0,0,0.0,0.0,0,0.0,0.0,0
10:44:32,614.87,0.0,0.0,0,0.0,0.0,0,0.0,0.0,0
10:44:33,615.66,0.0,0.0,0,0.0,0.0,0,0.0,0.0,0
10:44:34,616.44,0.0,0.0,0,0.0,0.0,0,0.0,0.0,0
10:44:34,617.22,0.0,0.0,0,0.0,0.0,0,0.0,0.0,0
10:44:35,618.04,0.0,0.0,0,0.0,0.0,0,0.0,0.0,0
10:44:36,618.85,0.0,0.0,0,0.0,0.0,0,0.0,0.0,0
10:44:37,619.65,0.0,0.0,0,0.0,0.0,0,0.0,0.0,0
10:44:38,620.45,0.0,0.0,0,0.0,0.0,0,0.0,0.0,0
10:44:38,621.24,0.0,0.0,0,0.0,0.0,0,0.0,0.0,0
10:44:39,622.09,0.0,0.0,0,0.0,0.0,0,0.0,0.0,0
10:44:40,622.95,0.0,0.0,0,0.0,0.0,0,0.0,0.0,0
10:44:41,623.74,0.0,0.0,0,0.0,0.0,0,0.0,0.0,0
10:44:42,624.57,0.0,0.0,0,0.0,0.0,0,0.0,0.0,0
10:44:42,625.36,0.0,0.0,0,0.0,0.0,0,0.0,0.0,0
10:44:43,626.21,0.0,0.0,0,0.0,0.0,0,0.0,0.0,0
10:44:44,627.06,0.0,0.0,0,0.0,0.0,0,0.0,0.0,0
10:44:45,627.85,0.0,0.0,0,0.0,0.0,0,0.0,0.0,0
10:44:46,628.63,0.0,0.0,0,0.0,0.0,0,0.0,0.0,0
10:44:47,629.46,0.0,0.0,0,0.0,0.0,0,0.0,0.0,0
10:44:47,630.32,0.0,0.0,0,0.0,0.0,0,0.0,0.0,0
10:44:48,631.11,0.0,0.0,0,0.0,0.0,0,0.0,0.0,0
10:44:49,631.9,0.0,0.0,0,0.0,0.0,0,0.0,0.0,0
10:44:50,632.75,0.0,0.0,0,0.0,0.0,0,0.0,0.0,0
10:44:51,633.54,0.0,0.0,0,0.0,0.0,0,0.0,0.0,0
10:44:51,634.32,0.0,0.0,0,0.0,0.0,0,0.0,0.0,0
10:44:52,635.15,0.0,0.0,0,0.0,0.0,0,0.0,0.0,0
10:44:53,636.01,0.0,0.0,0,0.0,0.0,0,0.0,0.0,0
10:44:54,636.79,0.0,0.0,0,0.0,0.0,0,0.0,0.0,0
10:44:55,637.58,0.0,0.0,0,0.0,0.0,0,0.0,0.0,0
10:44:55,638.37,0.0,0.0,0,0.0,0.0,0,0.0,0.0,0
10:44:56,639.18,0.0,0.0,0,0.0,0.0,0,0.0,0.0,0
10:44:57,640.03,0.0,0.0,0,0.0,0.0,0,0.0,0.0,0
10:44:58,640.86,0.0,0.0,0,0.0,0.0,0,0.0,0.0,0
10:44:59,641.68,0.0,0.0,0,0.0,0.0,0,0.0,0.0,0
10:45:00,642.47,0.0,0.0,0,0.0,0.0,0,0.0,0.0,0
10:45:00,643.26,0.0,0.0,0,0.0,0.0,0,0.0,0.0,0
10:45:01,644.04,0.0,0.0,0,0.0,0.0,0,0.0,0.0,0
10:45:02,644.86,0.0,0.0,0,0.0,0.0,0,0.0,0.0,0
10:45:03,645.68,0.0,0.0,0,0.0,0.0,0,0.0,0.0,0
10:45:04,646.48,0.0,0.0,0,0.0,0.0,0,0.0,0.0,0
10:45:04,647.3,0.0,0.0,0,0.0,0.0,0,0.0,0.0,0
10:45:05,648.16,0.0,0.0,0,0.0,0.0,0,0.0,0.0,0
10:45:06,648.99,0.0,0.0,0,0.0,0.0,0,0.0,0.0,0
10:45:07,649.77,0.0,0.0,0,0.0,0.0,0,0.0,0.0,0
10:45:08,650.56,0.0,0.0,0,0.0,0.0,0,0.0,0.0,0
10:45:08,651.39,0.0,0.0,0,0.0,0.0,0,0.0,0.0,0
10:45:09,652.2,0.0,0.0,0,0.0,0.0,0,0.0,0.0,0
10:45:10,653.03,0.0,0.0,0,0.0,0.0,0,0.0,0.0,0
10:45:11,653.84,0.0,0.0,0,0.0,0.0,0,0.0,0.0,0
10:45:12,654.64,0.0,0.0,0,0.0,0.0,0,0.0,0.0,0
10:45:12,655.44,0.0,0.0,0,0.0,0.0,0,0.0,0.0,0
10:45:13,656.26,0.0,0.0,0,0.0,0.0,0,0.0,0.0,0
10:45:14,657.08,0.0,0.0,0,0.0,0.0,0,0.0,0.0,0
10:45:15,657.88,0.0,0.0,0,0.0,0.0,0,0.0,0.0,0
10:45:16,658.67,0.0,0.0,0,0.0,0.0,0,0.0,0.0,0
10:45:17,659.46,0.0,0.0,0,0.0,0.0,0,0.0,0.0,0
10:45:17,660.25,0.0,0.0,0,0.0,0.0,0,0.0,0.0,0
10:45:18,661.05,0.0,0.0,0,0.0,0.0,0,0.0,0.0,0
10:45:19,661.9,0.0,0.0,0,0.0,0.0,0,0.0,0.0,0
10:45:20,662.72,0.0,0.0,0,0.0,0.0,0,0.0,0.0,0
10:45:21,663.5,0.0,0.0,0,0.0,0.0,0,0.0,0.0,0
10:45:21,664.29,0.0,0.0,0,0.0,0.0,0,0.0,0.0,0
10:45:22,665.1,0.0,0.0,0,0.0,0.0,0,0.0,0.0,0
10:45:23,665.91,0.0,0.0,0,0.0,0.0,0,0.0,0.0,0
10:45:24,666.75,0.0,0.0,0,0.0,0.0,0,0.0,0.0,0
10:45:25,667.56,0.0,0.0,0,0.0,0.0,0,0.0,0.0,0
10:45:25,668.37,0.0,0.0,0,0.0,0.0,0,0.0,0.0,0
10:45:26,669.2,0.0,0.0,0,0.0,0.0,0,0.0,0.0,0
10:45:27,670.01,0.0,0.0,0,0.0,0.0,0,0.0,0.0,0
10:45:28,670.82,0.0,0.0,0,0.0,0.0,0,0.0,0.0,0
10:45:29,671.66,0.0,0.0,0,0.0,0.0,0,0.0,0.0,0
10:45:30,672.48,0.0,0.0,0,0.0,0.0,0,0.0,0.0,0
10:45:30,673.25,0.0,0.0,0,0.0,0.0,0,0.0,0.0,0
10:45:31,674.03,0.0,0.0,0,0.0,0.0,0,0.0,0.0,0
10:45:32,674.84,0.0,0.0,0,0.0,0.0,0,0.0,0.0,0
10:45:33,675.74,0.0,0.0,0,0.0,0.0,0,0.0,0.0,0
10:45:34,676.54,0.0,0.0,0,0.0,0.0,0,0.0,0.0,0
10:45:34,677.36,0.0,0.0,0,0.0,0.0,0,0.0,0.0,0
10:45:35,678.18,0.0,0.0,0,0.0,0.0,0,0.0,0.0,0
10:45:36,678.97,0.0,0.0,0,0.0,0.0,0,0.0,0.0,0
10:45:37,679.83,0.0,0.0,0,0.0,0.0,0,0.0,0.0,0
10:45:38,680.64,0.0,0.0,0,0.0,0.0,0,0.0,0.0,0
10:45:38,681.42,0.0,0.0,0,0.0,0.0,0,0.0,0.0,0
10:45:39,682.24,0.0,0.0,0,0.0,0.0,0,0.0,0.0,0
10:45:40,683.04,0.0,0.0,0,0.0,0.0,0,0.0,0.0,0
10:45:41,683.87,0.0,0.0,0,0.0,0.0,0,0.0,0.0,0
10:45:42,684.65,0.0,0.0,0,0.0,0.0,0,0.0,0.0,0
10:45:43,685.47,0.0,0.0,0,0.0,0.0,0,0.0,0.0,0
10:45:43,686.33,0.0,0.0,0,0.0,0.0,0,0.0,0.0,0
10:45:44,687.1,0.0,0.0,0,0.0,0.0,0,0.0,0.0,0
10:45:45,687.9,0.0,0.0,0,0.0,0.0,0,0.0,0.0,0
10:45:46,688.75,0.0,0.0,0,0.0,0.0,0,0.0,0.0,0
10:45:47,689.55,0.0,0.0,0,0.0,0.0,0,0.0,0.0,0
10:45:47,690.39,0.0,0.0,0,0.0,0.0,0,0.0,0.0,0
10:45:48,691.2,0.0,0.0,0,0.0,0.0,0,0.0,0.0,0
10:45:49,692.04,0.0,0.0,0,0.0,0.0,0,0.0,0.0,0
10:45:50,692.88,0.0,0.0,0,0.0,0.0,0,0.0,0.0,0
10:45:51,693.66,0.0,0.0,0,0.0,0.0,0,0.0,0.0,0
10:45:52,694.45,0.0,0.0,0,0.0,0.0,0,0.0,0.0,0
10:45:52,695.25,0.0,0.0,0,0.0,0.0,0,0.0,0.0,0
10:45:53,696.04,0.0,0.0,0,0.0,0.0,0,0.0,0.0,0
10:45:54,696.82,0.0,0.0,0,0.0,0.0,0,0.0,0.0,0
10:45:55,697.65,0.0,0.0,0,0.0,0.0,0,0.0,0.0,0
10:45:56,698.5,0.0,0.0,0,0.0,0.0,0,0.0,0.0,0
10:45:56,699.29,0.0,0.0,0,0.0,0.0,0,0.0,0.0,0
10:45:57,700.09,0.0,0.0,0,0.0,0.0,0,0.0,0.0,0
10:45:58,700.89,0.0,0.0,0,0.0,0.0,0,0.0,0.0,0
10:45:59,701.7,0.0,0.0,0,0.0,0.0,0,0.0,0.0,0
10:46:00,702.53,0.0,0.0,0,0.0,0.0,0,0.0,0.0,0
10:46:00,703.39,0.0,0.0,0,0.0,0.0,0,0.0,0.0,0
10:46:01,704.21,0.0,0.0,0,0.0,0.0,0,0.0,0.0,0
10:46:02,705.01,0.0,0.0,0,0.0,0.0,0,0.0,0.0,0
10:46:03,705.83,0.0,0.0,0,0.0,0.0,0,0.0,0.0,0
10:46:04,706.72,0.0,0.0,0,0.0,0.0,0,0.0,0.0,0
10:46:05,707.52,0.0,0.0,0,0.0,0.0,0,0.0,0.0,0
10:46:05,708.35,0.0,0.0,0,0.0,0.0,0,0.0,0.0,0
10:46:06,709.15,0.0,0.0,0,0.0,0.0,0,0.0,0.0,0
10:46:07,709.96,0.0,0.0,0,0.0,0.0,0,0.0,0.0,0
10:46:08,710.78,0.0,0.0,0,0.0,0.0,0,0.0,0.0,0
10:46:09,711.56,0.0,0.0,0,0.0,0.0,0,0.0,0.0,0
10:46:09,712.34,0.0,0.0,0,0.0,0.0,0,0.0,0.0,0
10:46:10,713.13,0.0,0.0,0,0.0,0.0,0,0.0,0.0,0
10:46:11,713.92,0.0,0.0,0,0.0,0.0,0,0.0,0.0,0
10:46:12,714.71,0.0,0.0,0,0.0,0.0,0,0.0,0.0,0
10:46:13,715.55,0.0,0.0,0,0.0,0.0,0,0.0,0.0,0
10:46:13,716.36,0.0,0.0,0,0.0,0.0,0,0.0,0.0,0
10:46:14,717.18,0.0,0.0,0,0.0,0.0,0,0.0,0.0,0
10:46:15,717.96,0.0,0.0,0,0.0,0.0,0,0.0,0.0,0
10:46:16,718.79,0.0,0.0,0,0.0,0.0,0,0.0,0.0,0
10:46:17,719.6,0.0,0.0,0,0.0,0.0,0,0.0,0.0,0
10:46:17,720.43,0.0,0.0,0,0.0,0.0,0,0.0,0.0,0
10:46:18,721.24,0.0,0.0,0,0.0,0.0,0,0.0,0.0,0
10:46:19,722.01,0.0,0.0,0,0.0,0.0,0,0.0,0.0,0
10:46:20,722.8,0.0,0.0,0,0.0,0.0,0,0.0,0.0,0
10:46:21,723.57,0.0,0.0,0,0.0,0.0,0,0.0,0.0,0
10:46:21,724.38,0.0,0.0,0,0.0,0.0,0,0.0,0.0,0
10:46:22,725.21,0.0,0.0,0,0.0,0.0,0,0.0,0.0,0
10:46:23,725.98,0.0,0.0,0,0.0,0.0,0,0.0,0.0,0
10:46:24,726.77,0.0,0.0,0,0.0,0.0,0,0.0,0.0,0
10:46:25,727.55,0.0,0.0,0,0.0,0.0,0,0.0,0.0,0
10:46:25,728.39,0.0,0.0,0,0.0,0.0,0,0.0,0.0,0
10:46:26,729.22,0.0,0.0,0,0.0,0.0,0,0.0,0.0,0
10:46:27,730.06,0.0,0.0,0,0.0,0.0,0,0.0,0.0,0
10:46:28,730.86,0.0,0.0,0,0.0,0.0,0,0.0,0.0,0
10:46:29,731.68,0.0,0.0,0,0.0,0.0,0,0.0,0.0,0
10:46:30,732.48,0.0,0.0,0,0.0,0.0,0,0.0,0.0,0
10:46:30,733.28,0.0,0.0,0,0.0,0.0,0,0.0,0.0,0
10:46:31,734.08,0.0,0.0,0,0.0,0.0,0,0.0,0.0,0
10:46:32,734.85,0.0,0.0,0,0.0,0.0,0,0.0,0.0,0
10:46:33,735.64,0.0,0.0,0,0.0,0.0,0,0.0,0.0,0
10:46:33,736.44,0.0,0.0,0,0.0,0.0,0,0.0,0.0,0
10:46:34,737.25,0.0,0.0,0,0.0,0.0,0,0.0,0.0,0
10:46:35,738.02,0.0,0.0,0,0.0,0.0,0,0.0,0.0,0
10:46:36,738.79,0.0,0.0,0,0.0,0.0,0,0.0,0.0,0
10:46:37,739.64,0.0,0.0,0,0.0,0.0,0,0.0,0.0,0
10:46:38,740.49,0.0,0.0,0,0.0,0.0,0,0.0,0.0,0
10:46:38,741.29,0.0,0.0,0,0.0,0.0,0,0.0,0.0,0
10:46:39,742.09,0.0,0.0,0,0.0,0.0,0,0.0,0.0,0
10:46:40,742.94,0.0,0.0,0,0.0,0.0,0,0.0,0.0,0
10:46:41,743.8,0.0,0.0,0,0.0,0.0,0,0.0,0.0,0
10:46:42,744.59,0.0,0.0,0,0.0,0.0,0,0.0,0.0,0
10:46:42,745.43,0.0,0.0,0,0.0,0.0,0,0.0,0.0,0
10:46:43,746.21,0.0,0.0,0,0.0,0.0,0,0.0,0.0,0
10:46:44,747.0,0.0,0.0,0,0.0,0.0,0,0.0,0.0,0
10:46:45,747.82,0.0,0.0,0,0.0,0.0,0,0.0,0.0,0
10:46:46,748.6,0.0,0.0,0,0.0,0.0,0,0.0,0.0,0
10:46:46,749.39,0.0,0.0,0,0.0,0.0,0,0.0,0.0,0
10:46:47,750.18,0.0,0.0,0,0.0,0.0,0,0.0,0.0,0
10:46:48,750.98,0.0,0.0,0,0.0,0.0,0,0.0,0.0,0
10:46:49,751.77,0.0,0.0,0,0.0,0.0,0,0.0,0.0,0
10:46:50,752.6,0.0,0.0,0,0.0,0.0,0,0.0,0.0,0
10:46:50,753.39,0.0,0.0,0,0.0,0.0,0,0.0,0.0,0
10:46:51,754.2,0.0,0.0,0,0.0,0.0,0,0.0,0.0,0
10:46:52,755.03,0.0,0.0,0,0.0,0.0,0,0.0,0.0,0
10:46:53,755.89,0.0,0.0,0,0.0,0.0,0,0.0,0.0,0
10:46:54,756.72,0.0,0.0,0,0.0,0.0,0,0.0,0.0,0
10:46:55,757.5,0.0,0.0,0,0.0,0.0,0,0.0,0.0,0
10:46:55,758.31,0.0,0.0,0,0.0,0.0,0,0.0,0.0,0
10:46:56,759.16,0.0,0.0,0,0.0,0.0,0,0.0,0.0,0
10:46:57,759.95,0.0,0.0,0,0.0,0.0,0,0.0,0.0,0
10:46:58,760.75,0.0,0.0,0,0.0,0.0,0,0.0,0.0,0
10:46:59,761.53,0.0,0.0,0,0.0,0.0,0,0.0,0.0,0
10:46:59,762.33,0.0,0.0,0,0.0,0.0,0,0.0,0.0,0
10:47:00,763.15,0.0,0.0,0,0.0,0.0,0,0.0,0.0,0
10:47:01,763.93,0.0,0.0,0,0.0,0.0,0,0.0,0.0,0
10:47:02,764.71,0.0,0.0,0,0.0,0.0,0,0.0,0.0,0
10:47:03,765.54,0.0,0.0,0,0.0,0.0,0,0.0,0.0,0
10:47:03,766.4,0.0,0.0,0,0.0,0.0,0,0.0,0.0,0
10:47:04,767.22,0.0,0.0,0,0.0,0.0,0,0.0,0.0,0
10:47:05,768.07,0.0,0.0,0,0.0,0.0,0,0.0,0.0,0
10:47:06,768.89,0.0,0.0,0,0.0,0.0,0,0.0,0.0,0
10:47:07,769.67,0.0,0.0,0,0.0,0.0,0,0.0,0.0,0
10:47:08,770.51,0.0,0.0,0,0.0,0.0,0,0.0,0.0,0
10:47:08,771.28,0.0,0.0,0,0.0,0.0,0,0.0,0.0,0
10:47:09,772.07,0.0,0.0,0,0.0,0.0,0,0.0,0.0,0
10:47:10,772.85,0.0,0.0,0,0.0,0.0,0,0.0,0.0,0
10:47:11,773.64,0.0,0.0,0,0.0,0.0,0,0.0,0.0,0
10:47:12,774.44,0.0,0.0,0,0.0,0.0,0,0.0,0.0,0
10:47:12,775.27,0.0,0.0,0,0.0,0.0,0,0.0,0.0,0
10:47:13,776.14,0.0,0.0,0,0.0,0.0,0,0.0,0.0,0
10:47:14,776.98,0.0,0.0,0,0.0,0.0,0,0.0,0.0,0
10:47:15,777.89,0.0,0.0,0,0.0,0.0,0,0.0,0.0,0
10:47:16,778.75,0.0,0.0,0,0.0,0.0,0,0.0,0.0,0
10:47:17,779.57,0.0,0.0,0,0.0,0.0,0,0.0,0.0,0
10:47:18,780.45,0.0,0.0,0,0.0,0.0,0,0.0,0.0,0
10:47:18,781.26,0.0,0.0,0,0.0,0.0,0,0.0,0.0,0
10:47:19,782.09,0.0,0.0,0,0.0,0.0,0,0.0,0.0,0
10:47:20,782.91,0.0,0.0,0,0.0,0.0,0,0.0,0.0,0
10:47:21,783.71,0.0,0.0,0,0.0,0.0,0,0.0,0.0,0
10:47:22,784.57,0.0,0.0,0,0.0,0.0,0,0.0,0.0,0
10:47:23,785.47,0.0,0.0,0,0.0,0.0,0,0.0,0.0,0
10:47:23,786.32,0.0,0.0,0,0.0,0.0,0,0.0,0.0,0
10:47:24,787.13,0.0,0.0,0,0.0,0.0,0,0.0,0.0,0
10:47:25,788.0,0.0,0.0,0,0.0,0.0,0,0.0,0.0,0
10:47:26,788.8,0.0,0.0,0,0.0,0.0,0,0.0,0.0,0
10:47:27,789.67,0.0,0.0,0,0.0,0.0,0,0.0,0.0,0
10:47:28,790.46,0.0,0.0,0,0.0,0.0,0,0.0,0.0,0
10:47:28,791.29,0.0,0.0,0,0.0,0.0,0,0.0,0.0,0
10:47:29,792.11,0.0,0.0,0,0.0,0.0,0,0.0,0.0,0
10:47:30,792.99,0.0,0.0,0,0.0,0.0,0,0.0,0.0,0
10:47:31,793.88,0.0,0.0,0,0.0,0.0,0,0.0,0.0,0
10:47:32,794.7,0.0,0.0,0,0.0,0.0,0,0.0,0.0,0
10:47:33,795.63,0.0,0.0,0,0.0,0.0,0,0.0,0.0,0
10:47:34,796.55,0.0,0.0,0,0.0,0.0,0,0.0,0.0,0
10:47:34,797.38,0.0,0.0,0,0.0,0.0,0,0.0,0.0,0
10:47:35,798.18,0.0,0.0,0,0.0,0.0,0,0.0,0.0,0
10:47:36,799.08,0.0,0.0,0,0.0,0.0,0,0.0,0.0,0
10:47:37,799.93,0.0,0.0,0,0.0,0.0,0,0.0,0.0,0
10:47:38,800.72,0.0,0.0,0,0.0,0.0,0,0.0,0.0,0
10:47:39,801.54,0.0,0.0,0,0.0,0.0,0,0.0,0.0,0
10:47:40,802.49,0.0,0.0,0,0.0,0.0,0,0.0,0.0,0
10:47:41,803.46,0.0,0.0,0,0.0,0.0,0,0.0,0.0,0
10:47:41,804.3,0.0,0.0,0,0.0,0.0,0,0.0,0.0,0
10:47:42,805.12,0.0,0.0,0,0.0,0.0,0,0.0,0.0,0
10:47:43,806.03,0.0,0.0,0,0.0,0.0,0,0.0,0.0,0
10:47:44,806.85,0.0,0.0,0,0.0,0.0,0,0.0,0.0,0
10:47:45,807.68,0.0,0.0,0,0.0,0.0,0,0.0,0.0,0
10:47:46,808.5,0.0,0.0,0,0.0,0.0,0,0.0,0.0,0
10:47:46,809.28,0.0,0.0,0,0.0,0.0,0,0.0,0.0,0
10:47:47,810.09,0.0,0.0,0,0.0,0.0,0,0.0,0.0,0
10:47:48,810.91,0.0,0.0,0,0.0,0.0,0,0.0,0.0,0
10:47:49,811.78,0.0,0.0,0,0.0,0.0,0,0.0,0.0,0
10:47:50,812.85,0.0,0.0,0,0.0,0.0,0,0.0,0.0,0
10:47:51,813.77,0.0,0.0,0,0.0,0.0,0,0.0,0.0,0
10:47:52,814.79,0.0,0.0,0,0.0,0.0,0,0.0,0.0,0
10:47:53,815.7,0.0,0.0,0,0.0,0.0,0,0.0,0.0,0
10:47:54,816.48,0.0,0.0,0,0.0,0.0,0,0.0,0.0,0
10:47:54,817.28,0.0,0.0,0,0.0,0.0,0,0.0,0.0,0
10:47:55,818.21,0.0,0.0,0,0.0,0.0,0,0.0,0.0,0
10:47:56,818.99,0.0,0.0,0,0.0,0.0,0,0.0,0.0,0
10:47:57,819.78,0.0,0.0,0,0.0,0.0,0,0.0,0.0,0
10:47:58,820.59,0.0,0.0,0,0.0,0.0,0,0.0,0.0,0
10:47:58,821.39,0.0,0.0,0,0.0,0.0,0,0.0,0.0,0
10:47:59,822.22,0.0,0.0,0,0.0,0.0,0,0.0,0.0,0
10:48:00,823.01,0.0,0.0,0,0.0,0.0,0,0.0,0.0,0
10:48:01,823.83,0.0,0.0,0,0.0,0.0,0,0.0,0.0,0
10:48:02,824.62,0.0,0.0,0,0.0,0.0,0,0.0,0.0,0
10:48:03,825.47,0.0,0.0,0,0.0,0.0,0,0.0,0.0,0
10:48:03,826.29,0.0,0.0,0,0.0,0.0,0,0.0,0.0,0
10:48:04,827.07,0.0,0.0,0,0.0,0.0,0,0.0,0.0,0
10:48:05,827.91,0.0,0.0,0,0.0,0.0,0,0.0,0.0,0
10:48:06,828.78,0.0,0.0,0,0.0,0.0,0,0.0,0.0,0
10:48:07,829.59,0.0,0.0,0,0.0,0.0,0,0.0,0.0,0
10:48:07,830.39,0.0,0.0,0,0.0,0.0,0,0.0,0.0,0
10:48:08,831.2,0.0,0.0,0,0.0,0.0,0,0.0,0.0,0
10:48:09,832.03,0.0,0.0,0,0.0,0.0,0,0.0,0.0,0
10:48:10,832.87,0.0,0.0,0,0.0,0.0,0,0.0,0.0,0
10:48:11,833.73,0.0,0.0,0,0.0,0.0,0,0.0,0.0,0
10:48:12,834.58,0.0,0.0,0,0.0,0.0,0,0.0,0.0,0
10:48:12,835.42,0.0,0.0,0,0.0,0.0,0,0.0,0.0,0
10:48:13,836.29,0.0,0.0,0,0.0,0.0,0,0.0,0.0,0
10:48:14,837.11,0.0,0.0,0,0.0,0.0,0,0.0,0.0,0
10:48:15,837.95,0.0,0.0,0,0.0,0.0,0,0.0,0.0,0
10:48:16,838.74,0.0,0.0,0,0.0,0.0,0,0.0,0.0,0
10:48:17,839.57,0.0,0.0,0,0.0,0.0,0,0.0,0.0,0
10:48:17,840.4,0.0,0.0,0,0.0,0.0,0,0.0,0.0,0
10:48:18,841.22,0.0,0.0,0,0.0,0.0,0,0.0,0.0,0
10:48:19,841.99,0.0,0.0,0,0.0,0.0,0,0.0,0.0,0
10:48:20,842.79,0.0,0.0,0,0.0,0.0,0,0.0,0.0,0
10:48:21,843.57,0.0,0.0,0,0.0,0.0,0,0.0,0.0,0
10:48:21,844.37,0.0,0.0,0,0.0,0.0,0,0.0,0.0,0
10:48:22,845.16,0.0,0.0,0,0.0,0.0,0,0.0,0.0,0
10:48:23,845.97,0.0,0.0,0,0.0,0.0,0,0.0,0.0,0
10:48:24,846.74,0.0,0.0,0,0.0,0.0,0,0.0,0.0,0
10:48:25,847.52,0.0,0.0,0,0.0,0.0,0,0.0,0.0,0
10:48:25,848.29,0.0,0.0,0,0.0,0.0,0,0.0,0.0,0
10:48:26,849.23,0.0,0.0,0,0.0,0.0,0,0.0,0.0,0
10:48:27,850.06,0.0,0.0,0,0.0,0.0,0,0.0,0.0,0
10:48:28,850.94,0.0,0.0,0,0.0,0.0,0,0.0,0.0,0
10:48:29,851.76,0.0,0.0,0,0.0,0.0,0,0.0,0.0,0
10:48:30,852.58,0.0,0.0,0,0.0,0.0,0,0.0,0.0,0
10:48:31,853.5,0.0,0.0,0,0.0,0.0,0,0.0,0.0,0
10:48:31,854.43,0.0,0.0,0,0.0,0.0,0,0.0,0.0,0
10:48:32,855.33,0.0,0.0,0,0.0,0.0,0,0.0,0.0,0
10:48:33,856.35,0.0,0.0,0,0.0,0.0,0,0.0,0.0,0
10:48:34,857.22,0.0,0.0,0,0.0,0.0,0,0.0,0.0,0
10:48:35,858.0,0.0,0.0,0,0.0,0.0,0,0.0,0.0,0
10:48:36,858.8,0.0,0.0,0,0.0,0.0,0,0.0,0.0,0
10:48:37,859.61,0.0,0.0,0,0.0,0.0,0,0.0,0.0,0
10:48:38,860.48,0.0,0.0,0,0.0,0.0,0,0.0,0.0,0
10:48:38,861.29,0.0,0.0,0,0.0,0.0,0,0.0,0.0,0
10:48:39,862.08,0.0,0.0,0,0.0,0.0,0,0.0,0.0,0
10:48:40,862.93,0.0,0.0,0,0.0,0.0,0,0.0,0.0,0
10:48:41,863.76,0.0,0.0,0,0.0,0.0,0,0.0,0.0,0
10:48:42,864.64,0.0,0.0,0,0.0,0.0,0,0.0,0.0,0
10:48:43,865.45,0.0,0.0,0,0.0,0.0,0,0.0,0.0,0
10:48:43,866.23,0.0,0.0,0,0.0,0.0,0,0.0,0.0,0
10:48:44,867.02,0.0,0.0,0,0.0,0.0,0,0.0,0.0,0
10:48:45,867.84,0.0,0.0,0,0.0,0.0,0,0.0,0.0,0
10:48:46,868.63,0.0,0.0,0,0.0,0.0,0,0.0,0.0,0
10:48:46,869.42,0.0,0.0,0,0.0,0.0,0,0.0,0.0,0
10:48:47,870.2,0.0,0.0,0,0.0,0.0,0,0.0,0.0,0
10:48:48,871.0,0.0,0.0,0,0.0,0.0,0,0.0,0.0,0
10:48:49,871.81,0.0,0.0,0,0.0,0.0,0,0.0,0.0,0
10:48:50,872.66,0.0,0.0,0,0.0,0.0,0,0.0,0.0,0
10:48:51,873.47,0.0,0.0,0,0.0,0.0,0,0.0,0.0,0
10:48:51,874.27,0.0,0.0,0,0.0,0.0,0,0.0,0.0,0
10:48:52,875.08,0.0,0.0,0,0.0,0.0,0,0.0,0.0,0
10:48:53,875.93,0.0,0.0,0,0.0,0.0,0,0.0,0.0,0
10:48:54,876.76,0.0,0.0,0,0.0,0.0,0,0.0,0.0,0
10:48:55,877.71,0.0,0.0,0,0.0,0.0,0,0.0,0.0,0
10:48:56,878.67,0.0,0.0,0,0.0,0.0,0,0.0,0.0,0
10:48:57,879.59,0.0,0.0,0,0.0,0.0,0,0.0,0.0,0
10:48:58,880.48,0.0,0.0,0,0.0,0.0,0,0.0,0.0,0
10:48:58,881.32,0.0,0.0,0,0.0,0.0,0,0.0,0.0,0
10:48:59,882.13,0.0,0.0,0,0.0,0.0,0,0.0,0.0,0
10:49:00,882.97,0.0,0.0,0,0.0,0.0,0,0.0,0.0,0
10:49:01,883.82,0.0,0.0,0,0.0,0.0,0,0.0,0.0,0
10:49:02,884.58,0.0,0.0,0,0.0,0.0,0,0.0,0.0,0
10:49:02,885.43,0.0,0.0,0,0.0,0.0,0,0.0,0.0,0
10:49:03,886.35,0.0,0.0,0,0.0,0.0,0,0.0,0.0,0
10:49:04,887.21,0.0,0.0,0,0.0,0.0,0,0.0,0.0,0
10:49:05,888.08,0.0,0.0,0,0.0,0.0,0,0.0,0.0,0
10:49:06,888.95,0.0,0.0,0,0.0,0.0,0,0.0,0.0,0
10:49:07,889.94,0.0,0.0,0,0.0,0.0,0,0.0,0.0,0
10:49:08,890.76,0.0,0.0,0,0.0,0.0,0,0.0,0.0,0
10:49:09,891.54,0.0,0.0,0,0.0,0.0,0,0.0,0.0,0
10:49:09,892.43,0.0,0.0,0,0.0,0.0,0,0.0,0.0,0
10:49:10,893.27,0.0,0.0,0,0.0,0.0,0,0.0,0.0,0
10:49:11,894.11,0.0,0.0,0,0.0,0.0,0,0.0,0.0,0
10:49:12,894.94,0.0,0.0,0,0.0,0.0,0,0.0,0.0,0
10:49:13,895.79,0.0,0.0,0,0.0,0.0,0,0.0,0.0,0
10:49:14,896.6,0.0,0.0,0,0.0,0.0,0,0.0,0.0,0
10:49:15,897.47,0.0,0.0,0,0.0,0.0,0,0.0,0.0,0
10:49:15,898.32,0.0,0.0,0,0.0,0.0,0,0.0,0.0,0
10:49:16,899.17,0.0,0.0,0,0.0,0.0,0,0.0,0.0,0
10:49:17,900.06,0.0,0.0,0,0.0,0.0,0,0.0,0.0,0
10:49:18,900.95,0.0,0.0,0,0.0,0.0,0,0.0,0.0,0
10:49:19,901.74,0.0,0.0,0,0.0,0.0,0,0.0,0.0,0
10:49:20,902.57,0.0,0.0,0,0.0,0.0,0,0.0,0.0,0
10:49:20,903.41,0.0,0.0,0,0.0,0.0,0,0.0,0.0,0
10:49:21,904.32,0.0,0.0,0,0.0,0.0,0,0.0,0.0,0
10:49:22,905.17,0.0,0.0,0,0.0,0.0,0,0.0,0.0,0
10:49:23,905.96,0.0,0.0,0,0.0,0.0,0,0.0,0.0,0
10:49:24,906.87,0.0,0.0,0,0.0,0.0,0,0.0,0.0,0
10:49:25,907.72,0.0,0.0,0,0.0,0.0,0,0.0,0.0,0
10:49:26,908.55,0.0,0.0,0,0.0,0.0,0,0.0,0.0,0
10:49:27,909.51,0.0,0.0,0,0.0,0.0,0,0.0,0.0,0
10:49:27,910.32,0.0,0.0,0,0.0,0.0,0,0.0,0.0,0
10:49:28,911.18,0.0,0.0,0,0.0,0.0,0,0.0,0.0,0
10:49:29,912.0,0.0,0.0,0,0.0,0.0,0,0.0,0.0,0
10:49:30,912.83,0.0,0.0,0,0.0,0.0,0,0.0,0.0,0
10:49:31,913.68,0.0,0.0,0,0.0,0.0,0,0.0,0.0,0
10:49:32,914.54,0.0,0.0,0,0.0,0.0,0,0.0,0.0,0
10:49:32,915.34,0.0,0.0,0,0.0,0.0,0,0.0,0.0,0
10:49:33,916.15,0.0,0.0,0,0.0,0.0,0,0.0,0.0,0
10:49:34,917.07,0.0,0.0,0,0.0,0.0,0,0.0,0.0,0
10:49:35,918.01,0.0,0.0,0,0.0,0.0,0,0.0,0.0,0
10:49:36,918.91,0.0,0.0,0,0.0,0.0,0,0.0,0.0,0
10:49:37,919.74,0.0,0.0,0,0.0,0.0,0,0.0,0.0,0
10:49:38,920.65,0.0,0.0,0,0.0,0.0,0,0.0,0.0,0
10:49:39,921.51,0.0,0.0,0,0.0,0.0,0,0.0,0.0,0
10:49:39,922.34,0.0,0.0,0,0.0,0.0,0,0.0,0.0,0
10:49:40,923.11,0.0,0.0,0,0.0,0.0,0,0.0,0.0,0
10:49:41,923.93,0.0,0.0,0,0.0,0.0,0,0.0,0.0,0
10:49:42,924.71,0.0,0.0,0,0.0,0.0,0,0.0,0.0,0
10:49:43,925.51,0.0,0.0,0,0.0,0.0,0,0.0,0.0,0
10:49:43,926.33,0.0,0.0,0,0.0,0.0,0,0.0,0.0,0
10:49:44,927.1,0.0,0.0,0,0.0,0.0,0,0.0,0.0,0
10:49:45,927.93,0.0,0.0,0,0.0,0.0,0,0.0,0.0,0
10:49:46,928.71,0.0,0.0,0,0.0,0.0,0,0.0,0.0,0
10:49:47,929.5,0.0,0.0,0,0.0,0.0,0,0.0,0.0,0
10:49:47,930.28,0.0,0.0,0,0.0,0.0,0,0.0,0.0,0
10:49:48,931.11,0.0,0.0,0,0.0,0.0,0,0.0,0.0,0
10:49:49,931.89,0.0,0.0,0,0.0,0.0,0,0.0,0.0,0
10:49:50,932.69,0.0,0.0,0,0.0,0.0,0,0.0,0.0,0
10:49:51,933.48,0.0,0.0,0,0.0,0.0,0,0.0,0.0,0
10:49:51,934.26,0.0,0.0,0,0.0,0.0,0,0.0,0.0,0
10:49:52,935.05,0.0,0.0,0,0.0,0.0,0,0.0,0.0,0
10:49:53,935.85,0.0,0.0,0,0.0,0.0,0,0.0,0.0,0
10:49:54,936.67,0.0,0.0,0,0.0,0.0,0,0.0,0.0,0
10:49:55,937.47,0.0,0.0,0,0.0,0.0,0,0.0,0.0,0
10:49:55,938.24,0.0,0.0,0,0.0,0.0,0,0.0,0.0,0
10:49:56,939.03,0.0,0.0,0,0.0,0.0,0,0.0,0.0,0
10:49:57,939.8,0.0,0.0,0,0.0,0.0,0,0.0,0.0,0
10:49:58,940.58,0.0,0.0,0,0.0,0.0,0,0.0,0.0,0
10:49:58,941.42,0.0,0.0,0,0.0,0.0,0,0.0,0.0,0
10:49:59,942.21,0.0,0.0,0,0.0,0.0,0,0.0,0.0,0
10:50:00,943.0,0.0,0.0,0,0.0,0.0,0,0.0,0.0,0
10:50:01,943.8,0.0,0.0,0,0.0,0.0,0,0.0,0.0,0
10:50:02,944.6,0.0,0.0,0,0.0,0.0,0,0.0,0.0,0
10:50:02,945.43,0.0,0.0,0,0.0,0.0,0,0.0,0.0,0
10:50:03,946.23,0.0,0.0,0,0.0,0.0,0,0.0,0.0,0
10:50:04,947.03,0.0,0.0,0,0.0,0.0,0,0.0,0.0,0
10:50:05,947.82,0.0,0.0,0,0.0,0.0,0,0.0,0.0,0
10:50:06,948.6,0.0,0.0,0,0.0,0.0,0,0.0,0.0,0
10:50:06,949.37,0.0,0.0,0,0.0,0.0,0,0.0,0.0,0
10:50:07,950.18,0.0,0.0,0,0.0,0.0,0,0.0,0.0,0
10:50:08,950.98,0.0,0.0,0,0.0,0.0,0,0.0,0.0,0
10:50:09,951.79,0.0,0.0,0,0.0,0.0,0,0.0,0.0,0
10:50:10,952.56,0.0,0.0,0,0.0,0.0,0,0.0,0.0,0
10:50:10,953.35,0.0,0.0,0,1.0,0.0,0,0.0,0.0,0
10:50:11,954.13,0.0,0.0,0,1.0,0.0,0,0.0,0.0,0
10:50:12,954.92,0.0,0.0,0,0.0,0.0,0,0.0,0.0,0
10:50:13,955.75,0.0,0.0,0,0.0,0.0,0,0.0,0.0,0
10:50:14,956.53,0.0,0.0,0,0.0,0.0,0,0.0,0.0,0
10:50:14,957.32,0.0,0.0,0,0.0,0.0,0,0.0,0.0,0
10:50:15,958.14,0.0,0.0,0,0.0,0.0,0,0.0,0.0,0
10:50:16,958.91,0.0,0.0,0,0.0,0.0,0,0.0,0.0,0
10:50:17,959.71,0.0,0.0,0,0.0,0.0,0,0.0,0.0,0
10:50:18,960.52,0.0,0.0,0,0.0,0.0,0,0.0,0.0,0
10:50:18,961.31,0.0,0.0,0,0.0,0.0,0,0.0,0.0,0
10:50:19,962.11,0.0,0.0,0,0.0,0.0,0,0.0,0.0,0
10:50:20,962.9,0.0,0.0,0,0.0,0.0,0,0.0,0.0,0
10:50:21,963.69,0.0,0.0,0,0.0,0.0,0,0.0,0.0,0
10:50:22,964.51,0.0,0.0,0,0.0,0.0,0,0.0,0.0,0
10:50:22,965.28,0.0,0.0,0,0.0,0.0,0,0.0,0.0,0
10:50:23,966.12,0.0,0.0,0,0.0,0.0,0,0.0,0.0,0
10:50:24,966.91,0.0,0.0,0,0.0,0.0,0,0.0,0.0,0
10:50:25,967.7,0.0,0.0,0,0.0,0.0,0,0.0,0.0,0
10:50:26,968.49,0.0,0.0,0,0.0,0.0,0,0.0,0.0,0
10:50:26,969.3,0.0,0.0,0,0.0,0.0,0,0.0,0.0,0
10:50:27,970.22,0.0,0.0,0,0.0,0.0,0,0.0,0.0,0
10:50:28,971.05,0.0,0.0,0,0.0,0.0,0,0.0,0.0,0
10:50:29,971.88,0.0,0.0,0,0.0,0.0,0,0.0,0.0,0
10:50:30,972.7,0.0,0.0,0,0.0,0.0,0,0.0,0.0,0
10:50:31,973.6,0.0,0.0,0,0.0,0.0,0,0.0,0.0,0
10:50:31,974.43,0.0,0.0,0,0.0,0.0,0,0.0,0.0,0
10:50:32,975.25,0.0,0.0,0,0.0,0.0,0,0.0,0.0,0
10:50:33,976.04,0.0,0.0,0,0.0,0.0,0,0.0,0.0,0
10:50:34,976.92,0.0,0.0,0,0.0,0.0,0,0.0,0.0,0
10:50:35,977.85,0.0,0.0,0,0.0,0.0,0,0.0,0.0,0
10:50:36,978.69,0.0,0.0,0,0.0,0.0,0,0.0,0.0,0
10:50:37,979.56,0.0,0.0,0,0.0,0.0,0,0.0,0.0,0
10:50:38,980.46,0.0,0.0,0,0.0,0.0,0,0.0,0.0,0
10:50:38,981.31,0.0,0.0,0,0.0,0.0,0,0.0,0.0,0
10:50:39,982.11,0.0,0.0,0,0.0,0.0,0,0.0,0.0,0
10:50:40,982.98,0.0,0.0,0,0.0,0.0,0,0.0,0.0,0
10:50:41,983.82,0.0,0.0,0,0.0,0.0,0,0.0,0.0,0
10:50:42,984.73,0.0,0.0,0,0.0,0.0,0,0.0,0.0,0
10:50:43,985.56,0.0,0.0,0,0.0,0.0,0,0.0,0.0,0
10:50:43,986.37,0.0,0.0,0,0.0,0.0,0,0.0,0.0,0
10:50:44,987.19,0.0,0.0,0,0.0,0.0,0,0.0,0.0,0
10:50:45,987.98,0.0,0.0,0,0.0,0.0,0,0.0,0.0,0
10:50:46,988.82,0.0,0.0,0,0.0,0.0,0,0.0,0.0,0
10:50:47,989.61,0.0,0.0,0,0.0,0.0,0,0.0,0.0,0
10:50:47,990.4,0.0,0.0,0,0.0,0.0,0,0.0,0.0,0
10:50:48,991.2,0.0,0.0,0,0.0,0.0,0,0.0,0.0,0
10:50:49,991.98,0.0,0.0,0,0.0,0.0,0,0.0,0.0,0
10:50:50,992.76,0.0,0.0,0,0.0,0.0,0,0.0,0.0,0
10:50:51,993.55,0.0,0.0,0,0.0,0.0,0,0.0,0.0,0
10:50:51,994.41,0.0,0.0,0,0.0,0.0,0,0.0,0.0,0
10:50:52,995.2,0.0,0.0,0,0.0,0.0,0,0.0,0.0,0
10:50:53,996.01,0.0,0.0,0,0.0,0.0,0,0.0,0.0,0
10:50:54,996.85,0.0,0.0,0,0.0,0.0,0,0.0,0.0,0
10:50:55,997.65,0.0,0.0,0,0.0,0.0,0,0.0,0.0,0
10:50:56,998.58,0.0,0.0,0,0.0,0.0,0,0.0,0.0,0
10:50:56,999.41,0.0,0.0,0,0.0,0.0,0,0.0,0.0,0
10:50:57,1000.25,0.0,0.0,0,0.0,0.0,0,0.0,0.0,0
10:50:58,1001.1,0.0,0.0,0,0.0,0.0,0,0.0,0.0,0
10:50:59,1001.93,0.0,0.0,0,0.0,0.0,0,0.0,0.0,0
10:51:00,1002.75,0.0,0.0,0,0.0,0.0,0,0.0,0.0,0
10:51:01,1003.57,0.0,0.0,0,0.0,0.0,0,0.0,0.0,0
10:51:01,1004.43,0.0,0.0,0,0.0,0.0,0,0.0,0.0,0
10:51:02,1005.32,0.0,0.0,0,0.0,0.0,0,0.0,0.0,0
10:51:03,1006.14,0.0,0.0,0,0.0,0.0,0,0.0,0.0,0
10:51:04,1006.97,0.0,0.0,0,0.0,0.0,0,0.0,0.0,0
10:51:05,1007.89,0.0,0.0,0,0.0,0.0,0,0.0,0.0,0
10:51:06,1008.76,0.0,0.0,0,0.0,0.0,0,0.0,0.0,0
10:51:07,1009.59,0.0,0.0,0,0.0,0.0,0,0.0,0.0,0
10:51:07,1010.39,0.0,0.0,0,0.0,0.0,0,0.0,0.0,0
10:51:08,1011.21,0.0,0.0,0,0.0,0.0,0,0.0,0.0,0
10:51:09,1012.03,0.0,0.0,0,0.0,0.0,0,0.0,0.0,0
10:51:10,1012.8,0.0,0.0,0,0.0,0.0,0,0.0,0.0,0
10:51:11,1013.59,0.0,0.0,0,0.0,0.0,0,0.0,0.0,0
10:51:11,1014.39,0.0,0.0,0,0.0,0.0,0,0.0,0.0,0
10:51:12,1015.17,0.0,0.0,0,0.0,0.0,0,0.0,0.0,0
10:51:13,1015.97,0.0,0.0,0,0.0,0.0,0,0.0,0.0,0
10:51:14,1016.79,0.0,0.0,0,0.0,0.0,0,0.0,0.0,0
10:51:15,1017.63,0.0,0.0,0,0.0,0.0,0,0.0,0.0,0
10:51:16,1018.49,0.0,0.0,0,0.0,0.0,0,0.0,0.0,0
10:51:16,1019.26,0.0,0.0,0,0.0,0.0,0,0.0,0.0,0
10:51:17,1020.1,0.0,0.0,0,0.0,0.0,0,0.0,0.0,0
10:51:18,1020.89,0.0,0.0,0,0.0,0.0,0,0.0,0.0,0
10:51:19,1021.68,0.0,0.0,0,0.0,0.0,0,0.0,0.0,0
10:51:20,1022.48,0.0,0.0,0,0.0,0.0,0,0.0,0.0,0
10:51:20,1023.26,0.0,0.0,0,0.0,0.0,0,0.0,0.0,0
10:51:21,1024.05,0.0,0.0,0,0.0,0.0,0,0.0,0.0,0
10:51:22,1024.92,0.0,0.0,0,0.0,0.0,0,0.0,0.0,0
10:51:23,1025.76,0.0,0.0,0,0.0,0.0,0,0.0,0.0,0
10:51:24,1026.52,0.0,0.0,0,0.0,0.0,0,0.0,0.0,0
10:51:24,1027.33,0.0,0.0,0,0.0,0.0,0,0.0,0.0,0
10:51:25,1028.14,0.0,0.0,0,0.0,0.0,0,0.0,0.0,0
10:51:26,1028.96,0.0,0.0,0,0.0,0.0,0,0.0,0.0,0
10:51:27,1029.76,0.0,0.0,0,0.0,0.0,0,0.0,0.0,0
10:51:28,1030.57,0.0,0.0,0,0.0,0.0,0,0.0,0.0,0
10:51:28,1031.37,0.0,0.0,0,0.0,0.0,0,0.0,0.0,0
10:51:29,1032.19,0.0,0.0,0,0.0,0.0,0,0.0,0.0,0
10:51:30,1033.09,0.0,0.0,0,0.0,0.0,0,0.0,0.0,0
10:51:31,1033.91,0.0,0.0,0,0.0,0.0,0,0.0,0.0,0
10:51:32,1034.72,0.0,0.0,0,0.0,0.0,0,0.0,0.0,0
10:51:33,1035.56,0.0,0.0,0,0.0,0.0,0,0.0,0.0,0
10:51:34,1036.45,0.0,0.0,0,0.0,0.0,0,0.0,0.0,0
10:51:34,1037.24,0.0,0.0,0,0.0,0.0,0,0.0,0.0,0
10:51:35,1038.03,0.0,0.0,0,0.0,0.0,0,0.0,0.0,0
10:51:36,1038.86,0.0,0.0,0,0.0,0.0,0,0.0,0.0,0
10:51:37,1039.71,0.0,0.0,0,0.0,0.0,0,0.0,0.0,0
10:51:38,1040.57,0.0,0.0,0,0.0,0.0,0,0.0,0.0,0
10:51:39,1041.44,0.0,0.0,0,0.0,0.0,0,0.0,0.0,0
10:51:39,1042.25,0.0,0.0,0,0.0,0.0,0,0.0,0.0,0
10:51:40,1043.01,0.0,0.0,0,0.0,0.0,0,0.0,0.0,0
10:51:41,1043.82,0.0,0.0,0,0.0,0.0,0,0.0,0.0,0
10:51:42,1044.61,0.0,0.0,0,0.0,0.0,0,0.0,0.0,0
10:51:42,1045.39,0.0,0.0,0,0.0,0.0,0,0.0,0.0,0
10:51:43,1046.19,0.0,0.0,0,0.0,0.0,0,0.0,0.0,0
10:51:44,1047.0,0.0,0.0,0,0.0,0.0,0,0.0,0.0,0
10:51:45,1047.78,0.0,0.0,0,0.0,0.0,0,0.0,0.0,0
10:51:46,1048.57,0.0,0.0,0,0.0,0.0,0,0.0,0.0,0
10:51:46,1049.39,0.0,0.0,0,0.0,0.0,0,0.0,0.0,0
10:51:47,1050.17,0.0,0.0,0,0.0,0.0,0,0.0,0.0,0
10:51:48,1050.94,0.0,0.0,0,0.0,0.0,0,0.0,0.0,0
10:51:49,1051.73,0.0,0.0,0,0.0,0.0,0,0.0,0.0,0
10:51:50,1052.56,0.0,0.0,0,0.0,0.0,0,0.0,0.0,0
10:51:50,1053.33,0.0,0.0,0,0.0,0.0,0,0.0,0.0,0
10:51:51,1054.12,0.0,0.0,0,0.0,0.0,0,0.0,0.0,0
10:51:52,1054.89,0.0,0.0,0,0.0,0.0,0,0.0,0.0,0
10:51:53,1055.66,0.0,0.0,0,0.0,0.0,0,0.0,0.0,0
10:51:54,1056.47,0.0,0.0,0,0.0,0.0,0,0.0,0.0,0
10:51:54,1057.28,0.0,0.0,0,0.0,0.0,0,0.0,0.0,0
10:51:55,1058.05,0.0,0.0,0,0.0,0.0,0,0.0,0.0,0
10:51:56,1058.85,0.0,0.0,0,0.0,0.0,0,0.0,0.0,0
10:51:57,1059.64,0.0,0.0,0,0.0,0.0,0,0.0,0.0,0
10:51:57,1060.43,0.0,0.0,0,0.0,0.0,0,0.0,0.0,0
10:51:58,1061.2,0.0,0.0,0,0.0,0.0,0,0.0,0.0,0
10:51:59,1062.0,0.0,0.0,0,0.0,0.0,0,0.0,0.0,0
10:52:00,1062.79,0.0,0.0,0,0.0,0.0,0,0.0,0.0,0
10:52:01,1063.59,0.0,0.0,0,0.0,0.0,0,0.0,0.0,0
10:52:01,1064.43,0.0,0.0,0,0.0,0.0,0,0.0,0.0,0
10:52:02,1065.21,0.0,0.0,0,0.0,0.0,0,0.0,0.0,0
10:52:03,1066.03,0.0,0.0,0,0.0,0.0,0,0.0,0.0,0
10:52:04,1066.84,0.0,0.0,0,0.0,0.0,0,0.0,0.0,0
10:52:05,1067.61,0.0,0.0,0,0.0,0.0,0,0.0,0.0,0
10:52:05,1068.39,0.0,0.0,0,0.0,0.0,0,0.0,0.0,0
10:52:06,1069.16,0.0,0.0,0,0.0,0.0,0,0.0,0.0,0
10:52:07,1069.93,0.0,0.0,0,0.0,0.0,0,0.0,0.0,0
10:52:08,1070.78,0.0,0.0,0,0.0,0.0,0,0.0,0.0,0
10:52:09,1071.59,0.0,0.0,0,0.0,0.0,0,0.0,0.0,0
10:52:09,1072.36,0.0,0.0,0,0.0,0.0,0,0.0,0.0,0
10:52:10,1073.17,0.0,0.0,0,0.0,0.0,0,0.0,0.0,0
10:52:11,1073.95,0.0,0.0,0,0.0,0.0,0,0.0,0.0,0
10:52:12,1074.74,0.0,0.0,0,0.0,0.0,0,0.0,0.0,0
10:52:13,1075.52,0.0,0.0,0,0.0,0.0,0,0.0,0.0,0
10:52:13,1076.34,0.0,0.0,0,0.0,0.0,0,0.0,0.0,0
10:52:14,1077.13,0.0,0.0,0,0.0,0.0,0,0.0,0.0,0
10:52:15,1077.92,0.0,0.0,0,0.0,0.0,0,0.0,0.0,0
10:52:16,1078.69,0.0,0.0,0,0.0,0.0,0,0.0,0.0,0
10:52:17,1079.47,0.0,0.0,0,0.0,0.0,0,0.0,0.0,0
10:52:17,1080.23,0.0,0.0,0,0.0,0.0,0,0.0,0.0,0
10:52:18,1081.02,0.0,0.0,0,0.0,0.0,0,0.0,0.0,0
10:52:19,1081.8,0.0,0.0,0,0.0,0.0,0,0.0,0.0,0
10:52:20,1082.59,0.0,0.0,0,0.0,0.0,0,0.0,0.0,0
10:52:20,1083.41,0.0,0.0,0,0.0,0.0,0,0.0,0.0,0
10:52:21,1084.2,0.0,0.0,0,0.0,0.0,0,0.0,0.0,0
10:52:22,1084.99,0.0,0.0,0,0.0,0.0,0,0.0,0.0,0
10:52:23,1085.77,0.0,0.0,0,0.0,0.0,0,0.0,0.0,0
10:52:24,1086.55,0.0,0.0,0,0.0,0.0,0,0.0,0.0,0
10:52:24,1087.36,0.0,0.0,0,0.0,0.0,0,0.0,0.0,0
10:52:25,1088.17,0.0,0.0,0,0.0,0.0,0,0.0,0.0,0
10:52:26,1088.98,0.0,0.0,0,0.0,0.0,0,0.0,0.0,0
10:52:27,1089.76,0.0,0.0,0,0.0,0.0,0,0.0,0.0,0
10:52:28,1090.55,0.0,0.0,0,0.0,0.0,0,0.0,0.0,0
10:52:28,1091.35,0.0,0.0,0,0.0,0.0,0,0.0,0.0,0
10:52:29,1092.15,0.0,0.0,0,0.0,0.0,0,0.0,0.0,0
10:52:30,1092.95,0.0,0.0,0,0.0,0.0,0,0.0,0.0,0
10:52:31,1093.76,0.0,0.0,0,0.0,0.0,0,0.0,0.0,0
10:52:32,1094.53,0.0,0.0,0,0.0,0.0,0,0.0,0.0,0
10:52:32,1095.32,0.0,0.0,0,0.0,0.0,0,0.0,0.0,0
10:52:33,1096.08,0.0,0.0,0,0.0,0.0,0,0.0,0.0,0
10:52:34,1096.87,0.0,0.0,0,0.0,0.0,0,0.0,0.0,0
10:52:35,1097.67,0.0,0.0,0,0.0,0.0,0,0.0,0.0,0
10:52:36,1098.48,0.0,0.0,0,0.0,0.0,0,0.0,0.0,0
10:52:36,1099.25,0.0,0.0,0,0.0,0.0,0,0.0,0.0,0
10:52:37,1100.09,0.0,0.0,0,0.0,0.0,0,0.0,0.0,0
10:52:38,1100.85,0.0,0.0,0,0.0,0.0,0,0.0,0.0,0
10:52:39,1101.65,0.0,0.0,0,0.0,0.0,0,0.0,0.0,0
10:52:39,1102.43,0.0,0.0,0,0.0,0.0,0,0.0,0.0,0
10:52:40,1103.21,0.0,0.0,0,0.0,0.0,0,0.0,0.0,0
10:52:41,1104.02,0.0,0.0,0,0.0,0.0,0,0.0,0.0,0
10:52:42,1104.8,0.0,0.0,0,0.0,0.0,0,0.0,0.0,0
10:52:43,1105.59,0.0,0.0,0,0.0,0.0,0,0.0,0.0,0
10:52:43,1106.38,0.0,0.0,0,0.0,0.0,0,0.0,0.0,0
10:52:44,1107.17,0.0,0.0,0,0.0,0.0,0,0.0,0.0,0
10:52:45,1107.97,0.0,0.0,0,0.0,0.0,0,0.0,0.0,0
10:52:46,1108.76,0.0,0.0,0,0.0,0.0,0,0.0,0.0,0
10:52:47,1109.6,0.0,0.0,0,0.0,0.0,0,0.0,0.0,0
10:52:47,1110.42,0.0,0.0,0,0.0,0.0,0,0.0,0.0,0
10:52:48,1111.2,0.0,0.0,0,0.0,0.0,0,0.0,0.0,0
10:52:49,1112.02,0.0,0.0,0,0.0,0.0,0,0.0,0.0,0
10:52:50,1112.84,0.0,0.0,0,0.0,0.0,0,0.0,0.0,0
10:52:51,1113.65,0.0,0.0,0,0.0,0.0,0,0.0,0.0,0
10:52:51,1114.43,0.0,0.0,0,0.0,0.0,0,0.0,0.0,0
10:52:52,1115.2,0.0,0.0,0,0.0,0.0,0,0.0,0.0,0
10:52:53,1115.98,0.0,0.0,0,0.0,0.0,0,0.0,0.0,0
10:52:54,1116.77,0.0,0.0,0,0.0,0.0,0,0.0,0.0,0
10:52:55,1117.54,0.0,0.0,0,0.0,0.0,0,0.0,0.0,0
10:52:55,1118.34,0.0,0.0,0,0.0,0.0,0,0.0,0.0,0
10:52:56,1119.12,0.0,0.0,0,0.0,0.0,0,0.0,0.0,0
10:52:57,1119.91,0.0,0.0,0,0.0,0.0,0,0.0,0.0,0
10:52:58,1120.67,0.0,0.0,0,0.0,0.0,0,0.0,0.0,0
10:52:59,1121.47,0.0,0.0,0,0.0,0.0,0,0.0,0.0,0
10:52:59,1122.29,0.0,0.0,0,0.0,0.0,0,0.0,0.0,0
10:53:00,1123.06,0.0,0.0,0,0.0,0.0,0,0.0,0.0,0
10:53:01,1123.83,0.0,0.0,0,0.0,0.0,0,0.0,0.0,0
10:53:02,1124.62,0.0,0.0,0,0.0,0.0,0,0.0,0.0,0
10:53:02,1125.39,0.0,0.0,0,0.0,0.0,0,0.0,0.0,0
10:53:03,1126.16,0.0,0.0,0,0.0,0.0,0,0.0,0.0,0
10:53:04,1126.94,0.0,0.0,0,0.0,0.0,0,0.0,0.0,0
10:53:05,1127.73,0.0,0.0,0,0.0,0.0,0,0.0,0.0,0
10:53:06,1128.5,0.0,0.0,0,0.0,0.0,0,0.0,0.0,0
10:53:06,1129.33,0.0,0.0,0,0.0,0.0,0,0.0,0.0,0
10:53:07,1130.11,0.0,0.0,0,0.0,0.0,0,0.0,0.0,0
10:53:08,1130.91,0.0,0.0,0,0.0,0.0,0,0.0,0.0,0
10:53:09,1131.72,0.0,0.0,0,0.0,0.0,0,0.0,0.0,0
10:53:10,1132.52,0.0,0.0,0,0.0,0.0,0,0.0,0.0,0
10:53:10,1133.35,0.0,0.0,0,0.0,0.0,0,0.0,0.0,0
10:53:11,1134.15,0.0,0.0,0,0.0,0.0,0,0.0,0.0,0
10:53:12,1134.95,0.0,0.0,0,0.0,0.0,0,0.0,0.0,0
10:53:13,1135.74,0.0,0.0,0,0.0,0.0,0,0.0,0.0,0
10:53:14,1136.53,0.0,0.0,0,0.0,0.0,0,0.0,0.0,0
10:53:14,1137.3,0.0,0.0,0,0.0,0.0,0,0.0,0.0,0
10:53:15,1138.16,0.0,0.0,0,0.0,0.0,0,0.0,0.0,0
10:53:16,1138.97,0.0,0.0,0,0.0,0.0,0,0.0,0.0,0
10:53:17,1139.76,0.0,0.0,0,0.0,0.0,0,0.0,0.0,0
10:53:18,1140.54,0.0,0.0,0,0.0,0.0,0,0.0,0.0,0
10:53:18,1141.34,0.0,0.0,0,0.0,0.0,0,0.0,0.0,0
10:53:19,1142.14,0.0,0.0,0,0.0,0.0,0,0.0,0.0,0
10:53:20,1142.9,0.0,0.0,0,0.0,0.0,0,0.0,0.0,0
10:53:21,1143.71,0.0,0.0,0,0.0,0.0,0,0.0,0.0,0
10:53:22,1144.5,0.0,0.0,0,0.0,0.0,0,0.0,0.0,0
10:53:22,1145.28,0.0,0.0,0,0.0,0.0,0,0.0,0.0,0
10:53:23,1146.06,0.0,0.0,0,0.0,0.0,0,0.0,0.0,0
10:53:24,1146.84,0.0,0.0,0,0.0,0.0,0,0.0,0.0,0
10:53:25,1147.62,0.0,0.0,0,0.0,0.0,0,0.0,0.0,0
10:53:25,1148.4,0.0,0.0,0,0.0,0.0,0,0.0,0.0,0
10:53:26,1149.18,0.0,0.0,0,0.0,0.0,0,0.0,0.0,0
10:53:27,1150.02,0.0,0.0,0,0.0,0.0,0,0.0,0.0,0
10:53:28,1150.79,0.0,0.0,0,0.0,0.0,0,0.0,0.0,0
10:53:29,1151.59,0.0,0.0,0,0.0,0.0,0,0.0,0.0,0
10:53:29,1152.37,0.0,0.0,0,0.0,0.0,0,0.0,0.0,0
10:53:30,1153.16,0.0,0.0,0,0.0,0.0,0,0.0,0.0,0
10:53:31,1153.97,0.0,0.0,0,0.0,0.0,0,0.0,0.0,0
10:53:32,1154.75,0.0,0.0,0,0.0,0.0,0,0.0,0.0,0
10:53:33,1155.56,0.0,0.0,0,0.0,0.0,0,0.0,0.0,0
10:53:33,1156.35,0.0,0.0,0,0.0,0.0,0,0.0,0.0,0
10:53:34,1157.12,0.0,0.0,0,0.0,0.0,0,0.0,0.0,0
10:53:35,1157.9,0.0,0.0,0,0.0,0.0,0,0.0,0.0,0
10:53:36,1158.71,0.0,0.0,0,0.0,0.0,0,0.0,0.0,0
10:53:37,1159.49,0.0,0.0,0,0.0,0.0,0,0.0,0.0,0
10:53:37,1160.27,0.0,0.0,0,0.0,0.0,0,0.0,0.0,0
10:53:38,1161.04,0.0,0.0,0,0.0,0.0,0,0.0,0.0,0
10:53:39,1161.83,0.0,0.0,0,0.0,0.0,0,0.0,0.0,0
10:53:40,1162.63,0.0,0.0,0,0.0,0.0,0,0.0,0.0,0
10:53:40,1163.43,0.0,0.0,0,0.0,0.0,0,0.0,0.0,0
10:53:41,1164.22,0.0,0.0,0,0.0,0.0,0,0.0,0.0,0
10:53:42,1165.0,0.0,0.0,0,0.0,0.0,0,0.0,0.0,0
10:53:43,1165.81,0.0,0.0,0,0.0,0.0,0,0.0,0.0,0
10:53:44,1166.6,0.0,0.0,0,0.0,0.0,0,0.0,0.0,0
10:53:44,1167.37,0.0,0.0,0,0.0,0.0,0,0.0,0.0,0
10:53:45,1168.17,0.0,0.0,0,0.0,0.0,0,0.0,0.0,0
10:53:46,1169.0,0.0,0.0,0,0.0,0.0,0,0.0,0.0,0
10:53:47,1169.82,0.0,0.0,0,0.0,0.0,0,0.0,0.0,0
10:53:48,1170.58,0.0,0.0,0,0.0,0.0,0,0.0,0.0,0
10:53:48,1171.35,0.0,0.0,0,0.0,0.0,0,0.0,0.0,0
10:53:49,1172.15,0.0,0.0,0,0.0,0.0,0,0.0,0.0,0
10:53:50,1172.92,0.0,0.0,0,0.0,0.0,0,0.0,0.0,0
10:53:51,1173.7,0.0,0.0,0,0.0,0.0,0,0.0,0.0,0
10:53:52,1174.47,0.0,0.0,0,0.0,0.0,0,0.0,0.0,0
10:53:52,1175.26,0.0,0.0,0,0.0,0.0,0,0.0,0.0,0
10:53:53,1176.06,0.0,0.0,0,0.0,0.0,0,0.0,0.0,0
10:53:54,1176.86,0.0,0.0,0,0.0,0.0,0,0.0,0.0,0
10:53:55,1177.63,0.0,0.0,0,0.0,0.0,0,0.0,0.0,0
10:53:55,1178.41,0.0,0.0,0,0.0,0.0,0,0.0,0.0,0
10:53:56,1179.17,0.0,0.0,0,0.0,0.0,0,0.0,0.0,0
10:53:57,1179.96,0.0,0.0,0,0.0,0.0,0,0.0,0.0,0
10:53:58,1180.77,0.0,0.0,0,0.0,0.0,0,0.0,0.0,0
10:53:59,1181.58,0.0,0.0,0,0.0,0.0,0,0.0,0.0,0
10:53:59,1182.34,0.0,0.0,0,0.0,0.0,0,0.0,0.0,0
10:54:00,1183.11,0.0,0.0,0,0.0,0.0,0,0.0,0.0,0
10:54:01,1183.89,0.0,0.0,0,0.0,0.0,0,0.0,0.0,0
10:54:02,1184.68,0.0,0.0,0,0.0,0.0,0,0.0,0.0,0
10:54:03,1185.47,0.0,0.0,0,0.0,0.0,0,0.0,0.0,0
10:54:03,1186.29,0.0,0.0,0,0.0,0.0,0,0.0,0.0,0
10:54:04,1187.07,0.0,0.0,0,0.0,0.0,0,0.0,0.0,0
10:54:05,1187.88,0.0,0.0,0,0.0,0.0,0,0.0,0.0,0
10:54:06,1188.68,0.0,0.0,0,0.0,0.0,0,0.0,0.0,0
10:54:07,1189.48,0.0,0.0,0,0.0,0.0,0,0.0,0.0,0
10:54:07,1190.26,0.0,0.0,0,0.0,0.0,0,0.0,0.0,0
10:54:08,1191.08,0.0,0.0,0,0.0,0.0,0,0.0,0.0,0
10:54:09,1191.86,0.0,0.0,0,0.0,0.0,0,0.0,0.0,0
10:54:10,1192.65,0.0,0.0,0,0.0,0.0,0,0.0,0.0,0
10:54:11,1193.44,0.0,0.0,0,0.0,0.0,0,0.0,0.0,0
10:54:11,1194.24,0.0,0.0,0,0.0,0.0,0,0.0,0.0,0
10:54:12,1195.06,0.0,0.0,0,0.0,0.0,0,0.0,0.0,0
10:54:13,1195.87,0.0,0.0,0,0.0,0.0,0,0.0,0.0,0
10:54:14,1196.72,0.0,0.0,0,0.0,0.0,0,0.0,0.0,0
10:54:15,1197.53,0.0,0.0,0,0.0,0.0,0,0.0,0.0,0
10:54:15,1198.31,0.0,0.0,0,0.0,0.0,0,0.0,0.0,0
10:54:16,1199.08,0.0,0.0,0,0.0,0.0,0,0.0,0.0,0
10:54:17,1199.89,0.0,0.0,0,0.0,0.0,0,0.0,0.0,0
10:54:18,1200.69,0.0,0.0,0,0.0,0.0,0,0.0,0.0,0
10:54:19,1201.52,0.0,0.0,0,0.0,0.0,0,0.0,0.0,0
10:54:19,1202.3,0.0,0.0,0,0.0,0.0,0,0.0,0.0,0
10:54:20,1203.11,0.0,0.0,0,0.0,0.0,0,0.0,0.0,0
10:54:21,1203.94,0.0,0.0,0,0.0,0.0,0,0.0,0.0,0
10:54:22,1204.71,0.0,0.0,0,0.0,0.0,0,0.0,0.0,0
10:54:23,1205.51,0.0,0.0,0,0.0,0.0,0,0.0,0.0,0
10:54:23,1206.29,0.0,0.0,0,0.0,0.0,0,0.0,0.0,0
10:54:24,1207.1,0.0,0.0,0,0.0,0.0,0,0.0,0.0,0
10:54:25,1207.88,0.0,0.0,0,0.0,0.0,0,0.0,0.0,0
10:54:26,1208.69,0.0,0.0,0,0.0,0.0,0,0.0,0.0,0
10:54:27,1209.51,0.0,0.0,0,0.0,0.0,0,0.0,0.0,0
10:54:27,1210.29,0.0,0.0,0,0.0,0.0,0,0.0,0.0,0
10:54:28,1211.12,0.0,0.0,0,0.0,0.0,0,0.0,0.0,0
10:54:29,1211.91,0.0,0.0,0,0.0,0.0,0,0.0,0.0,0
10:54:30,1212.67,0.0,0.0,0,0.0,0.0,0,0.0,0.0,0
10:54:31,1213.45,0.0,0.0,0,0.0,0.0,0,0.0,0.0,0
10:54:31,1214.23,0.0,0.0,0,0.0,0.0,0,0.0,0.0,0
10:54:32,1215.02,0.0,0.0,0,0.0,0.0,0,0.0,0.0,0
10:54:33,1215.81,0.0,0.0,0,0.0,0.0,0,0.0,0.0,0
10:54:34,1216.62,0.0,0.0,0,0.0,0.0,0,0.0,0.0,0
10:54:34,1217.43,0.0,0.0,0,0.0,0.0,0,0.0,0.0,0
10:54:35,1218.2,0.0,0.0,0,0.0,0.0,0,0.0,0.0,0
10:54:36,1218.98,0.0,0.0,0,0.0,0.0,0,0.0,0.0,0
10:54:37,1219.77,0.0,0.0,0,0.0,0.0,0,0.0,0.0,0
10:54:38,1220.57,0.0,0.0,0,0.0,0.0,0,0.0,0.0,0
10:54:38,1221.41,0.0,0.0,0,0.0,0.0,0,0.0,0.0,0
10:54:39,1222.21,0.0,0.0,0,0.0,0.0,0,0.0,0.0,0
10:54:40,1223.0,0.0,0.0,0,0.0,0.0,0,0.0,0.0,0
10:54:41,1223.78,0.0,0.0,0,0.0,0.0,0,0.0,0.0,0
10:54:42,1224.56,0.0,0.0,0,0.0,0.0,0,0.0,0.0,0
10:54:42,1225.34,0.0,0.0,0,0.0,0.0,0,0.0,0.0,0
10:54:43,1226.14,0.0,0.0,0,0.0,0.0,0,0.0,0.0,0
10:54:44,1226.93,0.0,0.0,0,0.0,0.0,0,0.0,0.0,0
10:54:45,1227.74,0.0,0.0,0,0.0,0.0,0,0.0,0.0,0
10:54:46,1228.54,0.0,0.0,0,0.0,0.0,0,0.0,0.0,0
10:54:46,1229.33,0.0,0.0,0,0.0,0.0,0,0.0,0.0,0
10:54:47,1230.1,0.0,0.0,0,0.0,0.0,0,0.0,0.0,0
10:54:48,1230.9,0.0,0.0,0,0.0,0.0,0,0.0,0.0,0
10:54:49,1231.69,0.0,0.0,0,0.0,0.0,0,0.0,0.0,0
10:54:50,1232.48,0.0,0.0,0,0.0,0.0,0,0.0,0.0,0
10:54:50,1233.25,0.0,0.0,0,0.0,0.0,0,0.0,0.0,0
10:54:51,1234.05,0.0,0.0,0,0.0,0.0,0,0.0,0.0,0
10:54:52,1234.82,0.0,0.0,0,0.0,0.0,0,0.0,0.0,0
10:54:53,1235.62,0.0,0.0,0,0.0,0.0,0,0.0,0.0,0
10:54:53,1236.42,0.0,0.0,0,0.0,0.0,0,0.0,0.0,0
10:54:54,1237.19,0.0,0.0,0,0.0,0.0,0,0.0,0.0,0
10:54:55,1238.0,0.0,0.0,0,0.0,0.0,0,0.0,0.0,0
10:54:56,1238.8,0.0,0.0,0,0.0,0.0,0,0.0,0.0,0
10:54:57,1239.57,0.0,0.0,0,0.0,0.0,0,0.0,0.0,0
10:54:57,1240.36,0.0,0.0,0,0.0,0.0,0,0.0,0.0,0
10:54:58,1241.16,0.0,0.0,0,0.0,0.0,0,0.0,0.0,0
10:54:59,1242.01,0.0,0.0,0,0.0,0.0,0,0.0,0.0,0
10:55:00,1242.79,0.0,0.0,0,0.0,0.0,0,0.0,0.0,0
10:55:01,1243.57,0.0,0.0,0,0.0,0.0,0,0.0,0.0,0
10:55:01,1244.35,0.0,0.0,0,0.0,0.0,0,0.0,0.0,0
10:55:02,1245.13,0.0,0.0,0,0.0,0.0,0,0.0,0.0,0
10:55:03,1245.95,0.0,0.0,0,0.0,0.0,0,0.0,0.0,0
10:55:04,1246.76,0.0,0.0,0,0.0,0.0,0,0.0,0.0,0
10:55:05,1247.59,0.0,0.0,0,0.0,0.0,0,0.0,0.0,0
10:55:05,1248.38,0.0,0.0,0,0.0,0.0,0,0.0,0.0,0
10:55:06,1249.16,0.0,0.0,0,0.0,0.0,0,0.0,0.0,0
10:55:07,1249.96,0.0,0.0,0,0.0,0.0,0,0.0,0.0,0
10:55:08,1250.76,0.0,0.0,0,0.0,0.0,0,0.0,0.0,0
10:55:09,1251.53,0.0,0.0,0,0.0,0.0,0,0.0,0.0,0
10:55:09,1252.33,0.0,0.0,0,0.0,0.0,0,0.0,0.0,0
10:55:10,1253.12,0.0,0.0,0,0.0,0.0,0,0.0,0.0,0
10:55:11,1253.91,0.0,0.0,0,0.0,0.0,0,0.0,0.0,0
10:55:12,1254.68,0.0,0.0,0,0.0,0.0,0,0.0,0.0,0
10:55:13,1255.46,0.0,0.0,0,0.0,0.0,0,0.0,0.0,0
10:55:13,1256.23,0.0,0.0,0,0.0,0.0,0,0.0,0.0,0
10:55:14,1257.05,0.0,0.0,0,0.0,0.0,0,0.0,0.0,0
10:55:15,1257.85,0.0,0.0,0,0.0,0.0,0,0.0,0.0,0
10:55:16,1258.71,0.0,0.0,0,0.0,0.0,0,0.0,0.0,0
10:55:17,1259.49,0.0,0.0,0,0.0,0.0,0,0.0,0.0,0
10:55:17,1260.25,0.0,0.0,0,0.0,0.0,0,0.0,0.0,0
10:55:18,1261.05,0.0,0.0,0,0.0,0.0,0,0.0,0.0,0
10:55:19,1261.83,0.0,0.0,0,0.0,0.0,0,0.0,0.0,0
10:55:20,1262.63,0.0,0.0,0,0.0,0.0,0,0.0,0.0,0
10:55:20,1263.41,0.0,0.0,0,0.0,0.0,0,0.0,0.0,0
10:55:21,1264.18,0.0,0.0,0,0.0,0.0,0,0.0,0.0,0
10:55:22,1264.96,0.0,0.0,0,0.0,0.0,0,0.0,0.0,0
10:55:23,1265.75,0.0,0.0,0,0.0,0.0,0,0.0,0.0,0
10:55:24,1266.61,0.0,0.0,0,0.0,0.0,0,0.0,0.0,0
10:55:24,1267.41,0.0,0.0,0,0.0,0.0,0,0.0,0.0,0
10:55:25,1268.2,0.0,0.0,0,0.0,0.0,0,0.0,0.0,0
10:55:26,1269.02,0.0,0.0,0,0.0,0.0,0,0.0,0.0,0
10:55:27,1269.8,0.0,0.0,0,0.0,0.0,0,0.0,0.0,0
10:55:28,1270.62,0.0,0.0,0,0.0,0.0,0,0.0,0.0,0
10:55:28,1271.42,0.0,0.0,0,0.0,0.0,0,0.0,0.0,0
10:55:29,1272.18,0.0,0.0,0,0.0,0.0,0,0.0,0.0,0
10:55:30,1272.98,0.0,0.0,0,0.0,0.0,0,0.0,0.0,0
10:55:31,1273.77,0.0,0.0,0,0.0,0.0,0,0.0,0.0,0
10:55:32,1274.55,0.0,0.0,0,0.0,0.0,0,0.0,0.0,0
10:55:32,1275.32,0.0,0.0,0,0.0,0.0,0,0.0,0.0,0
10:55:33,1276.11,0.0,0.0,0,0.0,0.0,0,0.0,0.0,0
10:55:34,1276.92,0.0,0.0,0,0.0,0.0,0,0.0,0.0,0
10:55:35,1277.69,0.0,0.0,0,0.0,0.0,0,0.0,0.0,0
10:55:36,1278.47,0.0,0.0,0,0.0,0.0,0,0.0,0.0,0
10:55:36,1279.26,0.0,0.0,0,0.0,0.0,0,0.0,0.0,0
10:55:37,1280.05,0.0,0.0,0,0.0,0.0,0,0.0,0.0,0
10:55:38,1280.83,0.0,0.0,0,0.0,0.0,0,0.0,0.0,0
10:55:39,1281.66,0.0,0.0,0,0.0,0.0,0,0.0,0.0,0
10:55:40,1282.46,0.0,0.0,0,0.0,0.0,0,0.0,0.0,0
10:55:40,1283.25,0.0,0.0,0,0.0,0.0,0,0.0,0.0,0
10:55:41,1284.02,0.0,0.0,0,0.0,0.0,0,0.0,0.0,0
10:55:42,1284.79,0.0,0.0,0,0.0,0.0,0,0.0,0.0,0
10:55:43,1285.56,0.0,0.0,0,0.0,0.0,0,0.0,0.0,0
10:55:43,1286.38,0.0,0.0,0,0.0,0.0,0,0.0,0.0,0
10:55:44,1287.17,0.0,0.0,0,0.0,0.0,0,0.0,0.0,0
10:55:45,1287.94,0.0,0.0,0,0.0,0.0,0,0.0,0.0,0
10:55:46,1288.75,0.0,0.0,0,0.0,0.0,0,0.0,0.0,0
10:55:47,1289.55,0.0,0.0,0,0.0,0.0,0,0.0,0.0,0
10:55:47,1290.36,0.0,0.0,0,0.0,0.0,0,0.0,0.0,0
10:55:48,1291.12,0.0,0.0,0,0.0,0.0,0,0.0,0.0,0
10:55:49,1291.93,0.0,0.0,0,0.0,0.0,0,0.0,0.0,0
10:55:50,1292.72,0.0,0.0,0,0.0,0.0,0,0.0,0.0,0
10:55:51,1293.5,0.0,0.0,0,0.0,0.0,0,0.0,0.0,0
10:55:51,1294.27,0.0,0.0,0,0.0,0.0,0,0.0,0.0,0
10:55:52,1295.08,0.0,0.0,0,0.0,0.0,0,0.0,0.0,0
10:55:53,1295.86,0.0,0.0,0,0.0,0.0,0,0.0,0.0,0
10:55:54,1296.66,0.0,0.0,0,0.0,0.0,0,0.0,0.0,0
10:55:55,1297.49,0.0,0.0,0,0.0,0.0,0,0.0,0.0,0
10:55:55,1298.26,0.0,0.0,0,0.0,0.0,0,0.0,0.0,0
10:55:56,1299.04,0.0,0.0,0,0.0,0.0,0,0.0,0.0,0
10:55:57,1299.85,0.0,0.0,0,0.0,0.0,0,0.0,0.0,0
10:55:58,1300.62,0.0,0.0,0,0.0,0.0,0,0.0,0.0,0
10:55:58,1301.42,0.0,0.0,0,0.0,0.0,0,0.0,0.0,0
10:55:59,1302.19,0.0,0.0,0,0.0,0.0,0,0.0,0.0,0
10:56:00,1302.97,0.0,0.0,0,0.0,0.0,0,0.0,0.0,0
10:56:01,1303.78,0.0,0.0,0,0.0,0.0,0,0.0,0.0,0
10:56:02,1304.56,0.0,0.0,0,0.0,0.0,0,0.0,0.0,0
10:56:02,1305.33,0.0,0.0,0,0.0,0.0,0,0.0,0.0,0
10:56:03,1306.11,0.0,0.0,0,0.0,0.0,0,0.0,0.0,0
10:56:04,1306.89,0.0,0.0,0,0.0,0.0,0,0.0,0.0,0
10:56:05,1307.69,0.0,0.0,0,0.0,0.0,0,0.0,0.0,0
10:56:06,1308.49,0.0,0.0,0,0.0,0.0,0,0.0,0.0,0
10:56:06,1309.28,0.0,0.0,0,0.0,0.0,0,0.0,0.0,0
10:56:07,1310.09,0.0,0.0,0,0.0,0.0,0,0.0,0.0,0
10:56:08,1310.89,0.0,0.0,0,0.0,0.0,0,0.0,0.0,0
10:56:09,1311.67,0.0,0.0,0,0.0,0.0,0,0.0,0.0,0
10:56:10,1312.46,0.0,0.0,0,0.0,0.0,0,0.0,0.0,0
10:56:10,1313.24,0.0,0.0,0,0.0,0.0,0,0.0,0.0,0
10:56:11,1314.05,0.0,0.0,0,0.0,0.0,0,0.0,0.0,0
10:56:12,1314.83,0.0,0.0,0,0.0,0.0,0,0.0,0.0,0
10:56:13,1315.64,0.0,0.0,0,0.0,0.0,0,0.0,0.0,0
10:56:13,1316.42,0.0,0.0,0,0.0,0.0,0,0.0,0.0,0
10:56:14,1317.2,0.0,0.0,0,0.0,0.0,0,0.0,0.0,0
10:56:15,1317.98,0.0,0.0,0,0.0,0.0,0,0.0,0.0,0
10:56:16,1318.78,0.0,0.0,0,0.0,0.0,0,0.0,0.0,0
10:56:17,1319.57,0.0,0.0,0,0.0,0.0,0,0.0,0.0,0
10:56:17,1320.43,0.0,0.0,0,0.0,0.0,0,0.0,0.0,0
10:56:18,1321.21,0.0,0.0,0,0.0,0.0,0,0.0,0.0,0
10:56:19,1322.02,0.0,0.0,0,0.0,0.0,0,0.0,0.0,0
10:56:20,1322.84,0.0,0.0,0,0.0,0.0,0,0.0,0.0,0
10:56:21,1323.62,0.0,0.0,0,0.0,0.0,0,0.0,0.0,0
10:56:21,1324.4,0.0,0.0,0,0.0,0.0,0,0.0,0.0,0
10:56:22,1325.17,0.0,0.0,0,0.0,0.0,0,0.0,0.0,0
10:56:23,1325.97,0.0,0.0,0,0.0,0.0,0,0.0,0.0,0
10:56:24,1326.78,0.0,0.0,0,0.0,0.0,0,0.0,0.0,0
10:56:25,1327.54,0.0,0.0,0,0.0,0.0,0,0.0,0.0,0
10:56:25,1328.36,0.0,0.0,0,0.0,0.0,0,0.0,0.0,0
10:56:26,1329.14,0.0,0.0,0,0.0,0.0,0,0.0,0.0,0
10:56:27,1329.92,0.0,0.0,0,0.0,0.0,0,0.0,0.0,0
10:56:28,1330.76,0.0,0.0,0,0.0,0.0,0,0.0,0.0,0
10:56:29,1331.55,0.0,0.0,0,0.0,0.0,0,0.0,0.0,0
10:56:29,1332.31,0.0,0.0,0,0.0,0.0,0,0.0,0.0,0
10:56:30,1333.12,0.0,0.0,0,0.0,0.0,0,0.0,0.0,0
10:56:31,1333.93,0.0,0.0,0,0.0,0.0,0,0.0,0.0,0
10:56:32,1334.75,0.0,0.0,0,0.0,0.0,0,0.0,0.0,0
10:56:33,1335.52,0.0,0.0,0,0.0,0.0,0,0.0,0.0,0
10:56:33,1336.3,0.0,0.0,0,0.0,0.0,0,0.0,0.0,0
10:56:34,1337.08,0.0,0.0,0,0.0,0.0,0,0.0,0.0,0
10:56:35,1337.86,0.0,0.0,0,0.0,0.0,0,0.0,0.0,0
10:56:36,1338.7,0.0,0.0,0,0.0,0.0,0,0.0,0.0,0
10:56:37,1339.49,0.0,0.0,0,0.0,0.0,0,0.0,0.0,0
10:56:37,1340.32,0.0,0.0,0,0.0,0.0,0,0.0,0.0,0
10:56:38,1341.11,0.0,0.0,0,0.0,0.0,0,0.0,0.0,0
10:56:39,1341.92,0.0,0.0,0,0.0,0.0,0,0.0,0.0,0
10:56:40,1342.76,0.0,0.0,0,0.0,0.0,0,0.0,0.0,0
10:56:41,1343.57,0.0,0.0,0,0.0,0.0,0,0.0,0.0,0
10:56:41,1344.36,0.0,0.0,0,0.0,0.0,0,0.0,0.0,0
10:56:42,1345.15,0.0,0.0,0,0.0,0.0,0,0.0,0.0,0
10:56:43,1345.94,0.0,0.0,0,0.0,0.0,0,0.0,0.0,0
10:56:44,1346.76,0.0,0.0,0,0.0,0.0,0,0.0,0.0,0
10:56:45,1347.56,0.0,0.0,0,0.0,0.0,0,0.0,0.0,0
10:56:45,1348.35,0.0,0.0,0,0.0,0.0,0,0.0,0.0,0
10:56:46,1349.12,0.0,0.0,0,0.0,0.0,0,0.0,0.0,0
10:56:47,1349.91,0.0,0.0,0,0.0,0.0,0,0.0,0.0,0
10:56:48,1350.7,0.0,0.0,0,0.0,0.0,0,0.0,0.0,0
10:56:49,1351.48,0.0,0.0,0,0.0,0.0,0,0.0,0.0,0
10:56:49,1352.26,0.0,0.0,0,0.0,0.0,0,0.0,0.0,0
10:56:50,1353.11,0.0,0.0,0,0.0,0.0,0,0.0,0.0,0
10:56:51,1353.88,0.0,0.0,0,0.0,0.0,0,0.0,0.0,0
10:56:52,1354.66,0.0,0.0,0,0.0,0.0,0,0.0,0.0,0
10:56:53,1355.46,0.0,0.0,0,0.0,0.0,0,0.0,0.0,0
10:56:53,1356.24,0.0,0.0,0,0.0,0.0,0,0.0,0.0,0
10:56:54,1357.03,0.0,0.0,0,0.0,0.0,0,0.0,0.0,0
10:56:55,1357.82,0.0,0.0,0,0.0,0.0,0,0.0,0.0,0
10:56:56,1358.6,0.0,0.0,0,0.0,0.0,0,0.0,0.0,0
10:56:56,1359.39,0.0,0.0,0,0.0,0.0,0,0.0,0.0,0
10:56:57,1360.17,0.0,0.0,0,0.0,0.0,0,0.0,0.0,0
10:56:58,1360.95,0.0,0.0,0,0.0,0.0,0,0.0,0.0,0
10:56:59,1361.74,0.0,0.0,0,0.0,0.0,0,0.0,0.0,0
10:57:00,1362.53,0.0,0.0,0,0.0,0.0,0,0.0,0.0,0
10:57:00,1363.29,0.0,0.0,0,0.0,0.0,0,0.0,0.0,0
10:57:01,1364.09,0.0,0.0,0,0.0,0.0,0,0.0,0.0,0
10:57:02,1364.86,0.0,0.0,0,0.0,0.0,0,0.0,0.0,0
10:57:03,1365.63,0.0,0.0,0,0.0,0.0,0,0.0,0.0,0
10:57:03,1366.41,0.0,0.0,0,0.0,0.0,0,0.0,0.0,0
10:57:04,1367.21,0.0,0.0,0,0.0,0.0,0,0.0,0.0,0
10:57:05,1368.0,0.0,0.0,0,0.0,0.0,0,0.0,0.0,0
10:57:06,1368.79,0.0,0.0,0,0.0,0.0,0,0.0,0.0,0
10:57:07,1369.61,0.0,0.0,0,0.0,0.0,0,0.0,0.0,0
10:57:07,1370.4,0.0,0.0,0,0.0,0.0,0,0.0,0.0,0
10:57:08,1371.17,0.0,0.0,0,0.0,0.0,0,0.0,0.0,0
10:57:09,1371.97,0.0,0.0,0,0.0,0.0,0,0.0,0.0,0
10:57:10,1372.76,0.0,0.0,0,0.0,0.0,0,0.0,0.0,0
10:57:11,1373.55,0.0,0.0,0,0.0,0.0,0,0.0,0.0,0
10:57:11,1374.35,0.0,0.0,0,0.0,0.0,0,0.0,0.0,0
10:57:12,1375.12,0.0,0.0,0,0.0,0.0,0,0.0,0.0,0
10:57:13,1375.91,0.0,0.0,0,0.0,0.0,0,0.0,0.0,0
10:57:14,1376.69,0.0,0.0,0,0.0,0.0,0,0.0,0.0,0
10:57:15,1377.46,0.0,0.0,0,0.0,0.0,0,0.0,0.0,0
10:57:15,1378.26,0.0,0.0,0,0.0,0.0,0,0.0,0.0,0
10:57:16,1379.06,0.0,0.0,0,0.0,0.0,0,0.0,0.0,0
10:57:17,1379.85,0.0,0.0,0,0.0,0.0,0,0.0,0.0,0
10:57:18,1380.63,0.0,0.0,0,0.0,0.0,0,0.0,0.0,0
10:57:18,1381.41,0.0,0.0,0,0.0,0.0,0,0.0,0.0,0
10:57:19,1382.17,0.0,0.0,0,0.0,0.0,0,0.0,0.0,0
10:57:20,1382.95,0.0,0.0,0,0.0,0.0,0,0.0,0.0,0
10:57:21,1383.72,0.0,0.0,0,0.0,0.0,0,0.0,0.0,0
10:57:22,1384.54,0.0,0.0,0,0.0,0.0,0,0.0,0.0,0
10:57:22,1385.34,0.0,0.0,0,0.0,0.0,0,0.0,0.0,0
10:57:23,1386.12,0.0,0.0,0,0.0,0.0,0,0.0,0.0,0
10:57:24,1386.9,0.0,0.0,0,0.0,0.0,0,0.0,0.0,0
10:57:25,1387.69,0.0,0.0,0,0.0,0.0,0,0.0,0.0,0
10:57:26,1388.48,0.0,0.0,0,0.0,0.0,0,0.0,0.0,0
10:57:26,1389.26,0.0,0.0,0,0.0,0.0,0,0.0,0.0,0
10:57:27,1390.04,0.0,0.0,0,0.0,0.0,0,0.0,0.0,0
10:57:28,1390.84,0.0,0.0,0,0.0,0.0,0,0.0,0.0,0
10:57:29,1391.63,0.0,0.0,0,0.0,0.0,0,0.0,0.0,0
10:57:29,1392.44,0.0,0.0,0,0.0,0.0,0,0.0,0.0,0
10:57:30,1393.23,0.0,0.0,0,0.0,0.0,0,0.0,0.0,0
10:57:31,1394.02,0.0,0.0,0,0.0,0.0,0,0.0,0.0,0
10:57:32,1394.84,0.0,0.0,0,0.0,0.0,0,0.0,0.0,0
10:57:33,1395.64,0.0,0.0,0,0.0,0.0,0,0.0,0.0,0
10:57:33,1396.43,0.0,0.0,0,0.0,0.0,0,0.0,0.0,0
10:57:34,1397.2,0.0,0.0,0,0.0,0.0,0,0.0,0.0,0
10:57:35,1397.99,0.0,0.0,0,0.0,0.0,0,0.0,0.0,0
10:57:36,1398.79,0.0,0.0,0,0.0,0.0,0,0.0,0.0,0
10:57:37,1399.6,0.0,0.0,0,0.0,0.0,0,0.0,0.0,0
10:57:37,1400.42,0.0,0.0,0,0.0,0.0,0,0.0,0.0,0
10:57:38,1401.19,0.0,0.0,0,0.0,0.0,0,0.0,0.0,0
10:57:39,1401.96,0.0,0.0,0,0.0,0.0,0,0.0,0.0,0
10:57:40,1402.73,0.0,0.0,0,0.0,0.0,0,0.0,0.0,0
10:57:41,1403.5,0.0,0.0,0,0.0,0.0,0,0.0,0.0,0
10:57:41,1404.27,0.0,0.0,0,0.0,0.0,0,0.0,0.0,0
10:57:42,1405.07,0.0,0.0,0,0.0,0.0,0,0.0,0.0,0
10:57:43,1405.85,0.0,0.0,0,0.0,0.0,0,0.0,0.0,0
10:57:44,1406.63,0.0,0.0,0,0.0,0.0,0,0.0,0.0,0
10:57:45,1407.45,0.0,0.0,0,0.0,0.0,0,0.0,0.0,0
10:57:45,1408.22,0.0,0.0,0,0.0,0.0,0,0.0,0.0,0
10:57:46,1409.02,0.0,0.0,0,0.0,0.0,0,0.0,0.0,0
10:57:47,1409.82,0.0,0.0,0,0.0,0.0,0,0.0,0.0,0
10:57:48,1410.63,0.0,0.0,0,0.0,0.0,0,0.0,0.0,0
10:57:48,1411.43,0.0,0.0,0,0.0,0.0,0,0.0,0.0,0
10:57:49,1412.2,0.0,0.0,0,0.0,0.0,0,0.0,0.0,0
10:57:50,1412.98,0.0,0.0,0,0.0,0.0,0,0.0,0.0,0
10:57:51,1413.78,0.0,0.0,0,0.0,0.0,0,0.0,0.0,0
10:57:52,1414.54,0.0,0.0,0,0.0,0.0,0,0.0,0.0,0
10:57:52,1415.33,0.0,0.0,0,0.0,0.0,0,0.0,0.0,0
10:57:53,1416.13,0.0,0.0,0,0.0,0.0,0,0.0,0.0,0
10:57:54,1416.95,0.0,0.0,0,0.0,0.0,0,0.0,0.0,0
10:57:55,1417.71,0.0,0.0,0,0.0,0.0,0,0.0,0.0,0
10:57:56,1418.51,0.0,0.0,0,0.0,0.0,0,0.0,0.0,0
10:57:56,1419.29,0.0,0.0,0,0.0,0.0,0,0.0,0.0,0
10:57:57,1420.06,0.0,0.0,0,0.0,0.0,0,0.0,0.0,0
10:57:58,1420.85,0.0,0.0,0,0.0,0.0,0,0.0,0.0,0
10:57:59,1421.67,0.0,0.0,0,0.0,0.0,0,0.0,0.0,0
10:58:00,1422.45,0.0,0.0,0,0.0,0.0,0,0.0,0.0,0
10:58:00,1423.28,0.0,0.0,0,0.0,0.0,0,0.0,0.0,0
10:58:01,1424.07,0.0,0.0,0,0.0,0.0,0,0.0,0.0,0
10:58:02,1424.85,0.0,0.0,0,0.0,0.0,0,0.0,0.0,0
10:58:03,1425.63,0.0,0.0,0,0.0,0.0,0,0.0,0.0,0
10:58:03,1426.42,0.0,0.0,0,0.0,0.0,0,0.0,0.0,0
10:58:04,1427.29,0.0,0.0,0,0.0,0.0,0,0.0,0.0,0
10:58:05,1428.12,0.0,0.0,0,0.0,0.0,0,0.0,0.0,0
10:58:06,1428.94,0.0,0.0,0,0.0,0.0,0,0.0,0.0,0
10:58:07,1429.72,0.0,0.0,0,0.0,0.0,0,0.0,0.0,0
10:58:08,1430.57,0.0,0.0,0,0.0,0.0,0,0.0,0.0,0
10:58:08,1431.42,0.0,0.0,0,0.0,0.0,0,0.0,0.0,0
10:58:09,1432.18,0.0,0.0,0,0.0,0.0,0,0.0,0.0,0
10:58:10,1432.99,0.0,0.0,0,0.0,0.0,0,0.0,0.0,0
10:58:11,1433.78,0.0,0.0,0,0.0,0.0,0,0.0,0.0,0
10:58:12,1434.58,0.0,0.0,0,0.0,0.0,0,0.0,0.0,0
10:58:13,1435.46,0.0,0.0,0,0.0,0.0,0,0.0,0.0,0
10:58:13,1436.27,0.0,0.0,0,0.0,0.0,0,0.0,0.0,0
10:58:14,1437.05,0.0,0.0,0,0.0,0.0,0,0.0,0.0,0
10:58:15,1437.85,0.0,0.0,0,0.0,0.0,0,0.0,0.0,0
10:58:16,1438.66,0.0,0.0,0,0.0,0.0,0,0.0,0.0,0
10:58:17,1439.47,0.0,0.0,0,0.0,0.0,0,0.0,0.0,0
10:58:17,1440.27,0.0,0.0,0,0.0,0.0,0,0.0,0.0,0
10:58:18,1441.06,0.0,0.0,0,0.0,0.0,0,0.0,0.0,0
10:58:19,1441.87,0.0,0.0,0,0.0,0.0,0,0.0,0.0,0
10:58:20,1442.71,0.0,0.0,0,0.0,0.0,0,0.0,0.0,0
10:58:21,1443.51,0.0,0.0,0,0.0,0.0,0,0.0,0.0,0
10:58:21,1444.3,0.0,0.0,0,0.0,0.0,0,0.0,0.0,0
10:58:22,1445.12,0.0,0.0,0,0.0,0.0,0,0.0,0.0,0
10:58:23,1445.9,0.0,0.0,0,0.0,0.0,0,0.0,0.0,0
10:58:24,1446.68,0.0,0.0,0,0.0,0.0,0,0.0,0.0,0
10:58:25,1447.47,0.0,0.0,0,0.0,0.0,0,0.0,0.0,0
10:58:25,1448.24,0.0,0.0,0,0.0,0.0,0,0.0,0.0,0
10:58:26,1449.05,0.0,0.0,0,0.0,0.0,0,0.0,0.0,0
10:58:27,1449.89,0.0,0.0,0,0.0,0.0,0,0.0,0.0,0
10:58:28,1450.68,0.0,0.0,0,0.0,0.0,0,0.0,0.0,0
10:58:29,1451.47,0.0,0.0,0,0.0,0.0,0,0.0,0.0,0
10:58:29,1452.23,0.0,0.0,0,0.0,0.0,0,0.0,0.0,0
10:58:30,1453.04,0.0,0.0,0,0.0,0.0,0,0.0,0.0,0
10:58:31,1453.83,0.0,0.0,0,0.0,0.0,0,0.0,0.0,0
10:58:32,1454.62,0.0,0.0,0,0.0,0.0,0,0.0,0.0,0
10:58:32,1455.43,0.0,0.0,0,0.0,0.0,0,0.0,0.0,0
10:58:33,1456.21,0.0,0.0,0,0.0,0.0,0,0.0,0.0,0
10:58:34,1457.01,0.0,0.0,0,0.0,0.0,0,0.0,0.0,0
10:58:35,1457.79,0.0,0.0,0,0.0,0.0,0,0.0,0.0,0
10:58:36,1458.57,0.0,0.0,0,0.0,0.0,0,0.0,0.0,0
10:58:36,1459.36,0.0,0.0,0,0.0,0.0,0,0.0,0.0,0
10:58:37,1460.16,0.0,0.0,0,0.0,0.0,0,0.0,0.0,0
10:58:38,1460.95,0.0,0.0,0,0.0,0.0,0,0.0,0.0,0
10:58:39,1461.74,0.0,0.0,0,0.0,0.0,0,0.0,0.0,0
10:58:40,1462.54,0.0,0.0,0,0.0,0.0,0,0.0,0.0,0
10:58:40,1463.32,0.0,0.0,0,0.0,0.0,0,0.0,0.0,0
10:58:41,1464.11,0.0,0.0,0,0.0,0.0,0,0.0,0.0,0
10:58:42,1464.91,0.0,0.0,0,0.0,0.0,0,0.0,0.0,0
10:58:43,1465.7,0.0,0.0,0,0.0,0.0,0,0.0,0.0,0
10:58:44,1466.49,0.0,0.0,0,0.0,0.0,0,0.0,0.0,0
10:58:44,1467.27,0.0,0.0,0,0.0,0.0,0,0.0,0.0,0
10:58:45,1468.05,0.0,0.0,0,0.0,0.0,0,0.0,0.0,0
10:58:46,1468.85,0.0,0.0,0,0.0,0.0,0,0.0,0.0,0
10:58:47,1469.63,0.0,0.0,0,0.0,0.0,0,0.0,0.0,0
10:58:48,1470.5,0.0,0.0,0,0.0,0.0,0,0.0,0.0,0
10:58:48,1471.28,0.0,0.0,0,0.0,0.0,0,0.0,0.0,0
10:58:49,1472.05,0.0,0.0,0,0.0,0.0,0,0.0,0.0,0
10:58:50,1472.82,0.0,0.0,0,0.0,0.0,0,0.0,0.0,0
10:58:51,1473.6,0.0,0.0,0,0.0,0.0,0,0.0,0.0,0
10:58:51,1474.4,0.0,0.0,0,0.0,0.0,0,0.0,0.0,0
10:58:52,1475.24,0.0,0.0,0,0.0,0.0,0,0.0,0.0,0
10:58:53,1476.04,0.0,0.0,0,0.0,0.0,0,0.0,0.0,0
10:58:54,1476.83,0.0,0.0,0,0.0,0.0,0,0.0,0.0,0
10:58:55,1477.63,0.0,0.0,0,0.0,0.0,0,0.0,0.0,0
10:58:55,1478.42,0.0,0.0,0,0.0,0.0,0,0.0,0.0,0
10:58:56,1479.22,0.0,0.0,0,0.0,0.0,0,0.0,0.0,0
10:58:57,1480.0,0.0,0.0,0,0.0,0.0,0,0.0,0.0,0
10:58:58,1480.8,0.0,0.0,0,0.0,0.0,0,0.0,0.0,0
10:58:59,1481.61,0.0,0.0,0,0.0,0.0,0,0.0,0.0,0
10:58:59,1482.4,0.0,0.0,0,0.0,0.0,0,0.0,0.0,0
10:59:00,1483.19,0.0,0.0,0,0.0,0.0,0,0.0,0.0,0
10:59:01,1483.97,0.0,0.0,0,0.0,0.0,0,0.0,0.0,0
10:59:02,1484.78,0.0,0.0,0,0.0,0.0,0,0.0,0.0,0
10:59:03,1485.6,0.0,0.0,0,0.0,0.0,0,0.0,0.0,0
10:59:03,1486.37,0.0,0.0,0,0.0,0.0,0,0.0,0.0,0
10:59:04,1487.16,0.0,0.0,0,0.0,0.0,0,0.0,0.0,0
10:59:05,1487.92,0.0,0.0,0,0.0,0.0,0,0.0,0.0,0
10:59:06,1488.7,0.0,0.0,0,0.0,0.0,0,0.0,0.0,0
10:59:07,1489.46,0.0,0.0,0,0.0,0.0,0,0.0,0.0,0
10:59:07,1490.25,0.0,0.0,0,0.0,0.0,0,0.0,0.0,0
10:59:08,1491.04,0.0,0.0,0,0.0,0.0,0,0.0,0.0,0
10:59:09,1491.86,0.0,0.0,0,0.0,0.0,0,0.0,0.0,0
10:59:10,1492.65,0.0,0.0,0,0.0,0.0,0,0.0,0.0,0
10:59:11,1493.44,0.0,0.0,0,0.0,0.0,0,0.0,0.0,0
10:59:11,1494.23,0.0,0.0,0,0.0,0.0,0,0.0,0.0,0
10:59:12,1495.03,0.0,0.0,0,0.0,0.0,0,0.0,0.0,0
10:59:13,1495.86,0.0,0.0,0,0.0,0.0,0,0.0,0.0,0
10:59:14,1496.64,0.0,0.0,0,0.0,0.0,0,0.0,0.0,0
10:59:14,1497.43,0.0,0.0,0,0.0,0.0,0,0.0,0.0,0
10:59:15,1498.2,0.0,0.0,0,0.0,0.0,0,0.0,0.0,0
10:59:16,1498.97,0.0,0.0,0,0.0,0.0,0,0.0,0.0,0
10:59:17,1499.74,0.0,0.0,0,0.0,0.0,0,0.0,0.0,0
10:59:18,1500.51,0.0,0.0,0,0.0,0.0,0,0.0,0.0,0
10:59:18,1501.29,0.0,0.0,0,0.0,0.0,0,0.0,0.0,0
10:59:19,1502.08,0.0,0.0,0,0.0,0.0,0,0.0,0.0,0
10:59:20,1502.87,0.0,0.0,0,0.0,0.0,0,0.0,0.0,0
10:59:21,1503.65,0.0,0.0,0,0.0,0.0,0,0.0,0.0,0
10:59:21,1504.43,0.0,0.0,0,0.0,0.0,0,0.0,0.0,0
10:59:22,1505.22,0.0,0.0,0,0.0,0.0,0,0.0,0.0,0
10:59:23,1506.01,0.0,0.0,0,0.0,0.0,0,0.0,0.0,0
10:59:24,1506.79,0.0,0.0,0,0.0,0.0,0,0.0,0.0,0
10:59:25,1507.61,0.0,0.0,0,0.0,0.0,0,0.0,0.0,0
10:59:25,1508.41,0.0,0.0,0,0.0,0.0,0,0.0,0.0,0
10:59:26,1509.19,0.0,0.0,0,0.0,0.0,0,0.0,0.0,0
10:59:27,1509.97,0.0,0.0,0,0.0,0.0,0,0.0,0.0,0
10:59:28,1510.78,0.0,0.0,0,0.0,0.0,0,0.0,0.0,0
10:59:29,1511.55,0.0,0.0,0,0.0,0.0,0,0.0,0.0,0
10:59:29,1512.4,0.0,0.0,0,0.0,0.0,0,0.0,0.0,0
10:59:30,1513.17,0.0,0.0,0,0.0,0.0,0,0.0,0.0,0
10:59:31,1513.96,0.0,0.0,0,0.0,0.0,0,0.0,0.0,0
10:59:32,1514.73,0.0,0.0,0,0.0,0.0,0,0.0,0.0,0
10:59:33,1515.54,0.0,0.0,0,0.0,0.0,0,0.0,0.0,0
10:59:33,1516.31,0.0,0.0,0,0.0,0.0,0,0.0,0.0,0
10:59:34,1517.07,0.0,0.0,0,0.0,0.0,0,0.0,0.0,0
10:59:35,1517.86,0.0,0.0,0,0.0,0.0,0,0.0,0.0,0
10:59:36,1518.64,0.0,0.0,0,0.0,0.0,0,0.0,0.0,0
10:59:36,1519.42,0.0,0.0,0,0.0,0.0,0,0.0,0.0,0
10:59:37,1520.19,0.0,0.0,0,0.0,0.0,0,0.0,0.0,0
10:59:38,1520.95,0.0,0.0,0,0.0,0.0,0,0.0,0.0,0
10:59:39,1521.74,0.0,0.0,0,0.0,0.0,0,0.0,0.0,0
10:59:40,1522.55,0.0,0.0,0,0.0,0.0,0,0.0,0.0,0
10:59:40,1523.34,0.0,0.0,0,0.0,0.0,0,0.0,0.0,0
10:59:41,1524.14,0.0,0.0,0,0.0,0.0,0,0.0,0.0,0
10:59:42,1524.93,0.0,0.0,0,0.0,0.0,0,0.0,0.0,0
10:59:43,1525.72,0.0,0.0,0,0.0,0.0,0,0.0,0.0,0
10:59:44,1526.51,0.0,0.0,0,0.0,0.0,0,0.0,0.0,0
10:59:44,1527.29,0.0,0.0,0,0.0,0.0,0,0.0,0.0,0
10:59:45,1528.06,0.0,0.0,0,0.0,0.0,0,0.0,0.0,0
10:59:46,1528.9,0.0,0.0,0,0.0,0.0,0,0.0,0.0,0
10:59:47,1529.71,0.0,0.0,0,0.0,0.0,0,0.0,0.0,0
10:59:48,1530.51,0.0,0.0,0,0.0,0.0,0,0.0,0.0,0
10:59:48,1531.28,0.0,0.0,0,0.0,0.0,0,0.0,0.0,0
10:59:49,1532.06,0.0,0.0,0,0.0,0.0,0,0.0,0.0,0
10:59:50,1532.88,0.0,0.0,0,0.0,0.0,0,0.0,0.0,0
10:59:51,1533.69,0.0,0.0,0,0.0,0.0,0,0.0,0.0,0
10:59:52,1534.48,0.0,0.0,0,0.0,0.0,0,0.0,0.0,0
10:59:52,1535.27,0.0,0.0,0,0.0,0.0,0,0.0,0.0,0
10:59:53,1536.05,0.0,0.0,0,0.0,0.0,0,0.0,0.0,0
10:59:54,1536.82,0.0,0.0,0,0.0,0.0,0,0.0,0.0,0
10:59:55,1537.6,0.0,0.0,0,0.0,0.0,0,0.0,0.0,0
10:59:55,1538.39,0.0,0.0,0,0.0,0.0,0,0.0,0.0,0
10:59:56,1539.17,0.0,0.0,0,0.0,0.0,0,0.0,0.0,0
10:59:57,1539.95,0.0,0.0,0,0.0,0.0,0,0.0,0.0,0
10:59:58,1540.77,0.0,0.0,0,0.0,0.0,0,0.0,0.0,0
10:59:59,1541.55,0.0,0.0,0,0.0,0.0,0,0.0,0.0,0
10:59:59,1542.35,0.0,0.0,0,0.0,0.0,0,0.0,0.0,0
11:00:00,1543.12,0.0,0.0,0,0.0,0.0,0,0.0,0.0,0
11:00:01,1543.91,0.0,0.0,0,0.0,0.0,0,0.0,0.0,0
11:00:02,1544.73,0.0,0.0,0,0.0,0.0,0,0.0,0.0,0
11:00:03,1545.52,0.0,0.0,0,0.0,0.0,0,0.0,0.0,0
11:00:03,1546.31,0.0,0.0,0,0.0,0.0,0,0.0,0.0,0
11:00:04,1547.09,0.0,0.0,0,0.0,0.0,0,0.0,0.0,0
11:00:05,1547.87,0.0,0.0,0,0.0,0.0,0,0.0,0.0,0
11:00:06,1548.67,0.0,0.0,0,0.0,0.0,0,0.0,0.0,0
11:00:07,1549.47,0.0,0.0,0,0.0,0.0,0,0.0,0.0,0
11:00:07,1550.24,0.0,0.0,0,0.0,0.0,0,0.0,0.0,0
11:00:08,1551.02,0.0,0.0,0,0.0,0.0,0,0.0,0.0,0
11:00:09,1551.81,0.0,0.0,0,0.0,0.0,0,0.0,0.0,0
11:00:10,1552.59,0.0,0.0,0,0.0,0.0,0,0.0,0.0,0
11:00:10,1553.36,0.0,0.0,0,0.0,0.0,0,0.0,0.0,0
11:00:11,1554.14,0.0,0.0,0,0.0,0.0,0,0.0,0.0,0
11:00:12,1554.95,0.0,0.0,0,0.0,0.0,0,0.0,0.0,0
11:00:13,1555.72,0.0,0.0,0,0.0,0.0,0,0.0,0.0,0
11:00:14,1556.53,0.0,0.0,0,0.0,0.0,0,0.0,0.0,0
11:00:14,1557.3,0.0,0.0,0,0.0,0.0,0,0.0,0.0,0
11:00:15,1558.11,0.0,0.0,0,0.0,0.0,0,0.0,0.0,0
11:00:16,1559.04,0.0,0.0,0,0.0,0.0,0,0.0,0.0,0
11:00:17,1559.81,0.0,0.0,0,0.0,0.0,0,0.0,0.0,0
11:00:18,1560.59,0.0,0.0,0,0.0,0.0,0,0.0,0.0,0
11:00:18,1561.37,0.0,0.0,0,0.0,0.0,0,0.0,0.0,0
11:00:19,1562.15,0.0,0.0,0,0.0,0.0,0,0.0,0.0,0
11:00:20,1562.94,0.0,0.0,0,0.0,0.0,0,0.0,0.0,0
11:00:21,1563.73,0.0,0.0,0,0.0,0.0,0,0.0,0.0,0
11:00:22,1564.51,0.0,0.0,0,0.0,0.0,0,0.0,0.0,0
11:00:22,1565.29,0.0,0.0,0,0.0,0.0,0,0.0,0.0,0
11:00:23,1566.08,0.0,0.0,0,0.0,0.0,0,0.0,0.0,0
11:00:24,1566.85,0.0,0.0,0,0.0,0.0,0,0.0,0.0,0
11:00:25,1567.63,0.0,0.0,0,0.0,0.0,0,0.0,0.0,0
11:00:25,1568.42,0.0,0.0,0,0.0,0.0,0,0.0,0.0,0
11:00:26,1569.22,0.0,0.0,0,0.0,0.0,0,0.0,0.0,0
11:00:27,1570.04,0.0,0.0,0,0.0,0.0,0,0.0,0.0,0
11:00:28,1570.85,0.0,0.0,0,0.0,0.0,0,0.0,0.0,0
11:00:29,1571.64,0.0,0.0,0,0.0,0.0,0,0.0,0.0,0
11:00:30,1572.44,0.0,0.0,0,0.0,0.0,0,0.0,0.0,0
11:00:30,1573.22,0.0,0.0,0,0.0,0.0,0,0.0,0.0,0
11:00:31,1574.03,0.0,0.0,0,0.0,0.0,0,0.0,0.0,0
11:00:32,1574.8,0.0,0.0,0,0.0,0.0,0,0.0,0.0,0
11:00:33,1575.61,0.0,0.0,0,0.0,0.0,0,0.0,0.0,0
11:00:33,1576.4,0.0,0.0,0,0.0,0.0,0,0.0,0.0,0
11:00:34,1577.19,0.0,0.0,0,0.0,0.0,0,0.0,0.0,0
11:00:35,1577.98,0.0,0.0,0,0.0,0.0,0,0.0,0.0,0
11:00:36,1578.75,0.0,0.0,0,0.0,0.0,0,0.0,0.0,0
11:00:37,1579.55,0.0,0.0,0,0.0,0.0,0,0.0,0.0,0
11:00:37,1580.36,0.0,0.0,0,0.0,0.0,0,0.0,0.0,0
11:00:38,1581.15,0.0,0.0,0,0.0,0.0,0,0.0,0.0,0
11:00:39,1581.93,0.0,0.0,0,0.0,0.0,0,0.0,0.0,0
11:00:40,1582.71,0.0,0.0,0,0.0,0.0,0,0.0,0.0,0
11:00:41,1583.5,0.0,0.0,0,0.0,0.0,0,0.0,0.0,0
11:00:41,1584.32,0.0,0.0,0,0.0,0.0,0,0.0,0.0,0
11:00:42,1585.09,0.0,0.0,0,0.0,0.0,0,0.0,0.0,0
11:00:43,1585.89,0.0,0.0,0,0.0,0.0,0,0.0,0.0,0
11:00:44,1586.72,0.0,0.0,0,0.0,0.0,0,0.0,0.0,0
11:00:45,1587.51,0.0,0.0,0,0.0,0.0,0,0.0,0.0,0
11:00:45,1588.32,0.0,0.0,0,0.0,0.0,0,0.0,0.0,0
11:00:46,1589.09,0.0,0.0,0,0.0,0.0,0,0.0,0.0,0
11:00:47,1589.91,0.0,0.0,0,0.0,0.0,0,0.0,0.0,0
11:00:48,1590.71,0.0,0.0,0,0.0,0.0,0,0.0,0.0,0
11:00:49,1591.49,0.0,0.0,0,0.0,0.0,0,0.0,0.0,0
11:00:49,1592.29,0.0,0.0,0,0.0,0.0,0,0.0,0.0,0
11:00:50,1593.06,0.0,0.0,0,0.0,0.0,0,0.0,0.0,0
11:00:51,1593.84,0.0,0.0,0,0.0,0.0,0,0.0,0.0,0
11:00:52,1594.63,0.0,0.0,0,0.0,0.0,0,0.0,0.0,0
11:00:52,1595.41,0.0,0.0,0,0.0,0.0,0,0.0,0.0,0
11:00:53,1596.19,0.0,0.0,0,0.0,0.0,0,0.0,0.0,0
11:00:54,1597.0,0.0,0.0,0,0.0,0.0,0,0.0,0.0,0
11:00:55,1597.78,0.0,0.0,0,0.0,0.0,0,0.0,0.0,0
11:00:56,1598.55,0.0,0.0,0,0.0,0.0,0,0.0,0.0,0
11:00:56,1599.32,0.0,0.0,0,0.0,0.0,0,0.0,0.0,0
11:00:57,1600.09,0.0,0.0,0,0.0,0.0,0,0.0,0.0,0
11:00:58,1600.88,0.0,0.0,0,0.0,0.0,0,0.0,0.0,0
11:00:59,1601.69,0.0,0.0,0,0.0,0.0,0,0.0,0.0,0
11:01:00,1602.48,0.0,0.0,0,0.0,0.0,0,0.0,0.0,0
11:01:00,1603.26,0.0,0.0,0,0.0,0.0,0,0.0,0.0,0
11:01:01,1604.05,0.0,0.0,0,0.0,0.0,0,0.0,0.0,0
11:01:02,1604.85,0.0,0.0,0,0.0,0.0,0,0.0,0.0,0
11:01:03,1605.64,0.0,0.0,0,0.0,0.0,0,0.0,0.0,0
11:01:04,1606.46,0.0,0.0,0,0.0,0.0,0,0.0,0.0,0
11:01:04,1607.23,0.0,0.0,0,0.0,0.0,0,0.0,0.0,0
11:01:05,1608.02,0.0,0.0,0,0.0,0.0,0,0.0,0.0,0
11:01:06,1608.81,0.0,0.0,0,0.0,0.0,0,0.0,0.0,0
11:01:07,1609.59,0.0,0.0,0,0.0,0.0,0,0.0,0.0,0
11:01:07,1610.38,0.0,0.0,0,0.0,0.0,0,0.0,0.0,0
11:01:08,1611.18,0.0,0.0,0,0.0,0.0,0,0.0,0.0,0
11:01:09,1611.95,0.0,0.0,0,0.0,0.0,0,0.0,0.0,0
11:01:10,1612.74,0.0,0.0,0,0.0,0.0,0,0.0,0.0,0
11:01:11,1613.54,0.0,0.0,0,0.0,0.0,0,0.0,0.0,0
11:01:11,1614.32,0.0,0.0,0,0.0,0.0,0,0.0,0.0,0
11:01:12,1615.08,0.0,0.0,0,0.0,0.0,0,0.0,0.0,0
11:01:13,1615.87,0.0,0.0,0,0.0,0.0,0,0.0,0.0,0
11:01:14,1616.67,0.0,0.0,0,0.0,0.0,0,0.0,0.0,0
11:01:15,1617.46,0.0,0.0,0,0.0,0.0,0,0.0,0.0,0
11:01:15,1618.25,0.0,0.0,0,0.0,0.0,0,0.0,0.0,0
11:01:16,1619.12,0.0,0.0,0,0.0,0.0,0,0.0,0.0,0
11:01:17,1619.89,0.0,0.0,0,0.0,0.0,0,0.0,0.0,0
11:01:18,1620.67,0.0,0.0,0,0.0,0.0,0,0.0,0.0,0
11:01:19,1621.45,0.0,0.0,0,0.0,0.0,0,0.0,0.0,0
11:01:19,1622.23,0.0,0.0,0,0.0,0.0,0,0.0,0.0,0
11:01:20,1623.03,0.0,0.0,0,0.0,0.0,0,0.0,0.0,0
11:01:21,1623.82,0.0,0.0,0,0.0,0.0,0,0.0,0.0,0
11:01:22,1624.63,0.0,0.0,0,0.0,0.0,0,0.0,0.0,0
11:01:23,1625.46,0.0,0.0,0,0.0,0.0,0,0.0,0.0,0
11:01:23,1626.23,0.0,0.0,0,0.0,0.0,0,0.0,0.0,0
11:01:24,1627.05,0.0,0.0,0,0.0,0.0,0,0.0,0.0,0
11:01:25,1627.84,0.0,0.0,0,0.0,0.0,0,0.0,0.0,0
11:01:26,1628.66,0.0,0.0,0,0.0,0.0,0,0.0,0.0,0
11:01:26,1629.43,0.0,0.0,0,0.0,0.0,0,0.0,0.0,0
11:01:27,1630.2,0.0,0.0,0,0.0,0.0,0,0.0,0.0,0
11:01:28,1631.01,0.0,0.0,0,0.0,0.0,0,0.0,0.0,0
11:01:29,1631.8,0.0,0.0,0,0.0,0.0,0,0.0,0.0,0
11:01:30,1632.59,0.0,0.0,0,0.0,0.0,0,0.0,0.0,0
11:01:30,1633.37,0.0,0.0,0,0.0,0.0,0,0.0,0.0,0
11:01:31,1634.15,0.0,0.0,0,0.0,0.0,0,0.0,0.0,0
11:01:32,1634.95,0.0,0.0,0,0.0,0.0,0,0.0,0.0,0
11:01:33,1635.74,0.0,0.0,0,0.0,0.0,0,0.0,0.0,0
11:01:34,1636.52,0.0,0.0,0,0.0,0.0,0,0.0,0.0,0
11:01:34,1637.37,0.0,0.0,0,0.0,0.0,0,0.0,0.0,0
11:01:35,1638.16,0.0,0.0,0,0.0,0.0,0,0.0,0.0,0
11:01:36,1638.94,0.0,0.0,0,0.0,0.0,0,0.0,0.0,0
11:01:37,1639.74,0.0,0.0,0,0.0,0.0,0,0.0,0.0,0
11:01:38,1640.52,0.0,0.0,0,0.0,0.0,0,0.0,0.0,0
11:01:38,1641.3,0.0,0.0,0,0.0,0.0,0,0.0,0.0,0
11:01:39,1642.09,0.0,0.0,0,0.0,0.0,0,0.0,0.0,0
11:01:40,1642.86,0.0,0.0,0,0.0,0.0,0,0.0,0.0,0
11:01:41,1643.64,0.0,0.0,0,0.0,0.0,0,0.0,0.0,0
11:01:41,1644.42,0.0,0.0,0,0.0,0.0,0,0.0,0.0,0
11:01:42,1645.2,0.0,0.0,0,0.0,0.0,0,0.0,0.0,0
11:01:43,1645.99,0.0,0.0,0,0.0,0.0,0,0.0,0.0,0
11:01:44,1646.76,0.0,0.0,0,0.0,0.0,0,0.0,0.0,0
11:01:45,1647.59,0.0,0.0,0,0.0,0.0,0,0.0,0.0,0
11:01:45,1648.36,0.0,0.0,0,0.0,0.0,0,0.0,0.0,0
11:01:46,1649.13,0.0,0.0,0,0.0,0.0,0,0.0,0.0,0
11:01:47,1649.93,0.0,0.0,0,0.0,0.0,0,0.0,0.0,0
11:01:48,1650.73,0.0,0.0,0,0.0,0.0,0,0.0,0.0,0
11:01:49,1651.51,0.0,0.0,0,0.0,0.0,0,0.0,0.0,0
11:01:49,1652.31,0.0,0.0,0,0.0,0.0,0,0.0,0.0,0
11:01:50,1653.1,0.0,0.0,0,0.0,0.0,0,0.0,0.0,0
11:01:51,1653.88,0.0,0.0,0,0.0,0.0,0,0.0,0.0,0
11:01:52,1654.65,0.0,0.0,0,0.0,0.0,0,0.0,0.0,0
11:01:52,1655.42,0.0,0.0,0,0.0,0.0,0,0.0,0.0,0
11:01:53,1656.2,0.0,0.0,0,0.0,0.0,0,0.0,0.0,0
11:01:54,1656.98,0.0,0.0,0,0.0,0.0,0,0.0,0.0,0
11:01:55,1657.79,0.0,0.0,0,0.0,0.0,0,0.0,0.0,0
11:01:56,1658.58,0.0,0.0,0,0.0,0.0,0,0.0,0.0,0
11:01:56,1659.35,0.0,0.0,0,0.0,0.0,0,0.0,0.0,0
11:01:57,1660.16,0.0,0.0,0,0.0,0.0,0,0.0,0.0,0
11:01:58,1660.98,0.0,0.0,0,0.0,0.0,0,0.0,0.0,0
11:01:59,1661.77,0.0,0.0,0,0.0,0.0,0,0.0,0.0,0
11:02:00,1662.54,0.0,0.0,0,0.0,0.0,0,0.0,0.0,0
11:02:00,1663.32,0.0,0.0,0,0.0,0.0,0,0.0,0.0,0
11:02:01,1664.13,0.0,0.0,0,0.0,0.0,0,0.0,0.0,0
11:02:02,1664.91,0.0,0.0,0,0.0,0.0,0,0.0,0.0,0
11:02:03,1665.68,0.0,0.0,0,0.0,0.0,0,0.0,0.0,0
11:02:04,1666.45,0.0,0.0,0,0.0,0.0,0,0.0,0.0,0
11:02:04,1667.25,0.0,0.0,0,0.0,0.0,0,0.0,0.0,0
11:02:05,1668.04,0.0,0.0,0,0.0,0.0,0,0.0,0.0,0
11:02:06,1668.85,0.0,0.0,0,0.0,0.0,0,0.0,0.0,0
11:02:07,1669.61,0.0,0.0,0,0.0,0.0,0,0.0,0.0,0
11:02:07,1670.38,0.0,0.0,0,0.0,0.0,0,0.0,0.0,0
11:02:08,1671.18,0.0,0.0,0,0.0,0.0,0,0.0,0.0,0
11:02:09,1671.98,0.0,0.0,0,0.0,0.0,0,0.0,0.0,0
11:02:10,1672.76,0.0,0.0,0,0.0,0.0,0,0.0,0.0,0
11:02:11,1673.56,0.0,0.0,0,0.0,0.0,0,0.0,0.0,0
11:02:11,1674.39,0.0,0.0,0,0.0,0.0,0,0.0,0.0,0
11:02:12,1675.19,0.0,0.0,0,0.0,0.0,0,0.0,0.0,0
11:02:13,1675.99,0.0,0.0,0,0.0,0.0,0,0.0,0.0,0
11:02:14,1676.77,0.0,0.0,0,0.0,0.0,0,0.0,0.0,0
11:02:15,1677.55,0.0,0.0,0,0.0,0.0,0,0.0,0.0,0
11:02:15,1678.34,0.0,0.0,0,0.0,0.0,0,0.0,0.0,0
11:02:16,1679.13,0.0,0.0,0,0.0,0.0,0,0.0,0.0,0
11:02:17,1679.91,0.0,0.0,0,0.0,0.0,0,0.0,0.0,0
11:02:18,1680.69,0.0,0.0,0,0.0,0.0,0,0.0,0.0,0
11:02:19,1681.46,0.0,0.0,0,0.0,0.0,0,0.0,0.0,0
11:02:19,1682.24,0.0,0.0,0,0.0,0.0,0,0.0,0.0,0
11:02:20,1683.03,0.0,0.0,0,0.0,0.0,0,0.0,0.0,0
11:02:21,1683.81,0.0,0.0,0,0.0,0.0,0,0.0,0.0,0
11:02:22,1684.62,0.0,0.0,0,0.0,0.0,0,0.0,0.0,0
11:02:22,1685.41,0.0,0.0,0,0.0,0.0,0,0.0,0.0,0
11:02:23,1686.19,0.0,0.0,0,0.0,0.0,0,0.0,0.0,0
11:02:24,1686.98,0.0,0.0,0,0.0,0.0,0,0.0,0.0,0
11:02:25,1687.81,0.0,0.0,0,0.0,0.0,0,0.0,0.0,0
11:02:26,1688.6,0.0,0.0,0,0.0,0.0,0,0.0,0.0,0
11:02:26,1689.41,0.0,0.0,0,0.0,0.0,0,0.0,0.0,0
11:02:27,1690.19,0.0,0.0,0,0.0,0.0,0,0.0,0.0,0
11:02:28,1690.99,0.0,0.0,0,0.0,0.0,0,0.0,0.0,0
11:02:29,1691.76,0.0,0.0,0,0.0,0.0,0,0.0,0.0,0
11:02:30,1692.57,0.0,0.0,0,0.0,0.0,0,0.0,0.0,0
11:02:30,1693.37,0.0,0.0,0,0.0,0.0,0,0.0,0.0,0
11:02:31,1694.15,0.0,0.0,0,0.0,0.0,0,0.0,0.0,0
11:02:32,1694.98,0.0,0.0,0,0.0,0.0,0,0.0,0.0,0
11:02:33,1695.74,0.0,0.0,0,0.0,0.0,0,0.0,0.0,0
11:02:34,1696.51,0.0,0.0,0,0.0,0.0,0,0.0,0.0,0
11:02:34,1697.29,0.0,0.0,0,0.0,0.0,0,0.0,0.0,0
11:02:35,1698.06,0.0,0.0,0,0.0,0.0,0,0.0,0.0,0
11:02:36,1698.88,0.0,0.0,0,0.0,0.0,0,0.0,0.0,0
11:02:37,1699.69,0.0,0.0,0,0.0,0.0,0,0.0,0.0,0
11:02:38,1700.48,0.0,0.0,0,0.0,0.0,0,0.0,0.0,0
11:02:38,1701.27,0.0,0.0,0,0.0,0.0,0,0.0,0.0,0
11:02:39,1702.04,0.0,0.0,0,0.0,0.0,0,0.0,0.0,0
11:02:40,1702.82,0.0,0.0,0,0.0,0.0,0,0.0,0.0,0
11:02:41,1703.61,0.0,0.0,0,0.0,0.0,0,0.0,0.0,0
11:02:41,1704.41,0.0,0.0,0,0.0,0.0,0,0.0,0.0,0
11:02:42,1705.24,0.0,0.0,0,0.0,0.0,0,0.0,0.0,0
11:02:43,1706.02,0.0,0.0,0,0.0,0.0,0,0.0,0.0,0
11:02:44,1706.81,0.0,0.0,0,0.0,0.0,0,0.0,0.0,0
11:02:45,1707.6,0.0,0.0,0,0.0,0.0,0,0.0,0.0,0
11:02:45,1708.38,0.0,0.0,0,0.0,0.0,0,0.0,0.0,0
11:02:46,1709.17,0.0,0.0,0,0.0,0.0,0,0.0,0.0,0
11:02:47,1709.99,0.0,0.0,0,0.0,0.0,0,0.0,0.0,0
11:02:48,1710.76,0.0,0.0,0,0.0,0.0,0,0.0,0.0,0
11:02:49,1711.56,0.0,0.0,0,0.0,0.0,0,0.0,0.0,0
11:02:49,1712.34,0.0,0.0,0,0.0,0.0,0,0.0,0.0,0
11:02:50,1713.15,0.0,0.0,0,0.0,0.0,0,0.0,0.0,0
11:02:51,1713.92,0.0,0.0,0,0.0,0.0,0,0.0,0.0,0
11:02:52,1714.71,0.0,0.0,0,0.0,0.0,0,0.0,0.0,0
11:02:53,1715.48,0.0,0.0,0,0.0,0.0,0,0.0,0.0,0
11:02:53,1716.26,0.0,0.0,0,0.0,0.0,0,0.0,0.0,0
11:02:54,1717.11,0.0,0.0,0,0.0,0.0,0,0.0,0.0,0
11:02:55,1717.89,0.0,0.0,0,0.0,0.0,0,0.0,0.0,0
11:02:56,1718.68,0.0,0.0,0,0.0,0.0,0,0.0,0.0,0
11:02:57,1719.46,0.0,0.0,0,0.0,0.0,0,0.0,0.0,0
11:02:57,1720.26,0.0,0.0,0,0.0,0.0,0,0.0,0.0,0
11:02:58,1721.05,0.0,0.0,0,0.0,0.0,0,0.0,0.0,0
11:02:59,1721.85,0.0,0.0,0,0.0,0.0,0,0.0,0.0,0
11:03:00,1722.63,0.0,0.0,0,0.0,0.0,0,0.0,0.0,0
11:03:00,1723.41,0.0,0.0,0,0.0,0.0,0,0.0,0.0,0
11:03:01,1724.2,0.0,0.0,0,0.0,0.0,0,0.0,0.0,0
11:03:02,1725.0,0.0,0.0,0,0.0,0.0,0,0.0,0.0,0
11:03:03,1725.84,0.0,0.0,0,0.0,0.0,0,0.0,0.0,0
11:03:04,1726.61,0.0,0.0,0,0.0,0.0,0,0.0,0.0,0
11:03:04,1727.43,0.0,0.0,0,0.0,0.0,0,0.0,0.0,0
11:03:05,1728.2,0.0,0.0,0,0.0,0.0,0,0.0,0.0,0
11:03:06,1728.97,0.0,0.0,0,0.0,0.0,0,0.0,0.0,0
11:03:07,1729.77,0.0,0.0,0,0.0,0.0,0,0.0,0.0,0
11:03:08,1730.58,0.0,0.0,0,0.0,0.0,0,0.0,0.0,0
11:03:08,1731.36,0.0,0.0,0,0.0,0.0,0,0.0,0.0,0
11:03:09,1732.13,0.0,0.0,0,0.0,0.0,0,0.0,0.0,0
11:03:10,1732.92,0.0,0.0,0,0.0,0.0,0,0.0,0.0,0
11:03:11,1733.71,0.0,0.0,0,0.0,0.0,0,0.0,0.0,0
11:03:12,1734.48,0.0,0.0,0,0.0,0.0,0,0.0,0.0,0
11:03:12,1735.26,0.0,0.0,0,0.0,0.0,0,0.0,0.0,0
11:03:13,1736.12,0.0,0.0,0,0.0,0.0,0,0.0,0.0,0
11:03:14,1736.91,0.0,0.0,0,0.0,0.0,0,0.0,0.0,0
11:03:15,1737.71,0.0,0.0,0,0.0,0.0,0,0.0,0.0,0
11:03:16,1738.52,0.0,0.0,0,0.0,0.0,0,0.0,0.0,0
11:03:16,1739.28,0.0,0.0,0,0.0,0.0,0,0.0,0.0,0
11:03:17,1740.07,0.0,0.0,0,0.0,0.0,0,0.0,0.0,0
11:03:18,1740.88,0.0,0.0,0,0.0,0.0,0,0.0,0.0,0
11:03:19,1741.65,0.0,0.0,0,0.0,0.0,0,0.0,0.0,0
11:03:19,1742.43,0.0,0.0,0,0.0,0.0,0,0.0,0.0,0
11:03:20,1743.22,0.0,0.0,0,0.0,0.0,0,0.0,0.0,0
11:03:21,1744.03,0.0,0.0,0,0.0,0.0,0,0.0,0.0,0
11:03:22,1744.82,0.0,0.0,0,0.0,0.0,0,0.0,0.0,0
11:03:23,1745.6,0.0,0.0,0,0.0,0.0,0,0.0,0.0,0
11:03:23,1746.38,0.0,0.0,0,0.0,0.0,0,0.0,0.0,0
11:03:24,1747.14,0.0,0.0,0,0.0,0.0,0,0.0,0.0,0
11:03:25,1747.94,0.0,0.0,0,0.0,0.0,0,0.0,0.0,0
11:03:26,1748.71,0.0,0.0,0,0.0,0.0,0,0.0,0.0,0
11:03:27,1749.5,0.0,0.0,0,0.0,0.0,0,0.0,0.0,0
11:03:27,1750.27,0.0,0.0,0,0.0,0.0,0,0.0,0.0,0
11:03:28,1751.05,0.0,0.0,0,0.0,0.0,0,0.0,0.0,0
11:03:29,1751.85,0.0,0.0,0,0.0,0.0,0,0.0,0.0,0
11:03:30,1752.65,0.0,0.0,0,0.0,0.0,0,0.0,0.0,0
11:03:30,1753.43,0.0,0.0,0,0.0,0.0,0,0.0,0.0,0
11:03:31,1754.22,0.0,0.0,0,0.0,0.0,0,0.0,0.0,0
11:03:32,1755.01,0.0,0.0,0,0.0,0.0,0,0.0,0.0,0
11:03:33,1755.79,0.0,0.0,0,0.0,0.0,0,0.0,0.0,0
11:03:34,1756.62,0.0,0.0,0,0.0,0.0,0,0.0,0.0,0
11:03:34,1757.43,0.0,0.0,0,0.0,0.0,0,0.0,0.0,0
11:03:35,1758.2,0.0,0.0,0,0.0,0.0,0,0.0,0.0,0
11:03:36,1758.99,0.0,0.0,0,0.0,0.0,0,0.0,0.0,0
11:03:37,1759.76,0.0,0.0,0,0.0,0.0,0,0.0,0.0,0
11:03:38,1760.55,0.0,0.0,0,0.0,0.0,0,0.0,0.0,0
11:03:38,1761.32,0.0,0.0,0,0.0,0.0,0,0.0,0.0,0
11:03:39,1762.12,0.0,0.0,0,0.0,0.0,0,0.0,0.0,0
11:03:40,1762.94,0.0,0.0,0,0.0,0.0,0,0.0,0.0,0
11:03:41,1763.71,0.0,0.0,0,0.0,0.0,0,0.0,0.0,0
11:03:42,1764.48,0.0,0.0,0,0.0,0.0,0,0.0,0.0,0
11:03:42,1765.25,0.0,0.0,0,0.0,0.0,0,0.0,0.0,0
11:03:43,1766.04,0.0,0.0,0,0.0,0.0,0,0.0,0.0,0
11:03:44,1766.83,0.0,0.0,0,0.0,0.0,0,0.0,0.0,0
11:03:45,1767.65,0.0,0.0,0,0.0,0.0,0,0.0,0.0,0
11:03:46,1768.45,0.0,0.0,0,0.0,0.0,0,0.0,0.0,0
11:03:46,1769.22,0.0,0.0,0,0.0,0.0,0,0.0,0.0,0
11:03:47,1770.01,0.0,0.0,0,0.0,0.0,0,0.0,0.0,0
11:03:48,1770.8,0.0,0.0,0,0.0,0.0,0,0.0,0.0,0
11:03:49,1771.58,0.0,0.0,0,0.0,0.0,0,0.0,0.0,0
11:03:49,1772.36,0.0,0.0,0,0.0,0.0,0,0.0,0.0,0
11:03:50,1773.15,0.0,0.0,0,0.0,0.0,0,0.0,0.0,0
11:03:51,1773.93,0.0,0.0,0,0.0,0.0,0,0.0,0.0,0
11:03:52,1774.7,0.0,0.0,0,0.0,0.0,0,0.0,0.0,0
11:03:53,1775.51,0.0,0.0,0,0.0,0.0,0,0.0,0.0,0
11:03:53,1776.28,0.0,0.0,0,0.0,0.0,0,0.0,0.0,0
11:03:54,1777.08,0.0,0.0,0,0.0,0.0,0,0.0,0.0,0
11:03:55,1777.88,0.0,0.0,0,0.0,0.0,0,0.0,0.0,0
11:03:56,1778.68,0.0,0.0,0,0.0,0.0,0,0.0,0.0,0
11:03:57,1779.5,0.0,0.0,0,0.0,0.0,0,0.0,0.0,0
11:03:57,1780.27,0.0,0.0,0,0.0,0.0,0,0.0,0.0,0
11:03:58,1781.04,0.0,0.0,0,0.0,0.0,0,0.0,0.0,0
11:03:59,1781.81,0.0,0.0,0,0.0,0.0,0,0.0,0.0,0
11:04:00,1782.61,0.0,0.0,0,0.0,0.0,0,0.0,0.0,0
11:04:01,1783.45,0.0,0.0,0,0.0,0.0,0,0.0,0.0,0
11:04:01,1784.23,0.0,0.0,0,0.0,0.0,0,0.0,0.0,0
11:04:02,1785.01,0.0,0.0,0,0.0,0.0,0,0.0,0.0,0
11:04:03,1785.82,0.0,0.0,0,0.0,0.0,0,0.0,0.0,0
11:04:04,1786.6,0.0,0.0,0,0.0,0.0,0,0.0,0.0,0
11:04:04,1787.38,0.0,0.0,0,0.0,0.0,0,0.0,0.0,0
11:04:05,1788.15,0.0,0.0,0,0.0,0.0,0,0.0,0.0,0
11:04:06,1788.94,0.0,0.0,0,0.0,0.0,0,0.0,0.0,0
11:04:07,1789.78,0.0,0.0,0,0.0,0.0,0,0.0,0.0,0
11:04:08,1790.56,0.0,0.0,0,0.0,0.0,0,0.0,0.0,0
11:04:08,1791.35,0.0,0.0,0,0.0,0.0,0,0.0,0.0,0
11:04:09,1792.12,0.0,0.0,0,0.0,0.0,0,0.0,0.0,0
11:04:10,1792.9,0.0,0.0,0,0.0,0.0,0,0.0,0.0,0
11:04:11,1793.76,0.0,0.0,0,0.0,0.0,0,0.0,0.0,0
11:04:12,1794.53,0.0,0.0,0,0.0,0.0,0,0.0,0.0,0
11:04:12,1795.31,0.0,0.0,0,0.0,0.0,0,0.0,0.0,0
11:04:13,1796.09,0.0,0.0,0,0.0,0.0,0,0.0,0.0,0
11:04:14,1796.85,0.0,0.0,0,0.0,0.0,0,0.0,0.0,0
11:04:15,1797.62,0.0,0.0,0,0.0,0.0,0,0.0,0.0,0
11:04:15,1798.42,0.0,0.0,0,0.0,0.0,0,0.0,0.0,0
11:04:16,1799.27,0.0,0.0,0,0.0,0.0,0,0.0,0.0,0
11:04:17,1800.11,0.0,0.0,0,0.0,0.0,0,0.0,0.0,0
11:04:18,1800.9,0.0,0.0,0,0.0,0.0,0,0.0,0.0,0
11:04:19,1801.69,0.0,0.0,0,0.0,0.0,0,0.0,0.0,0
11:04:20,1802.49,0.0,0.0,0,0.0,0.0,0,0.0,0.0,0
11:04:20,1803.28,0.0,0.0,0,0.0,0.0,0,0.0,0.0,0
11:04:21,1804.08,0.0,0.0,0,0.0,0.0,0,0.0,0.0,0
11:04:22,1804.86,0.0,0.0,0,0.0,0.0,0,0.0,0.0,0
11:04:23,1805.64,0.0,0.0,0,0.0,0.0,0,0.0,0.0,0
11:04:24,1806.45,0.0,0.0,0,0.0,0.0,0,0.0,0.0,0
11:04:24,1807.23,0.0,0.0,0,0.0,0.0,0,0.0,0.0,0
11:04:25,1808.02,0.0,0.0,0,0.0,0.0,0,0.0,0.0,0
11:04:26,1808.83,0.0,0.0,0,0.0,0.0,0,0.0,0.0,0
11:04:27,1809.62,0.0,0.0,0,0.0,0.0,0,0.0,0.0,0
11:04:27,1810.43,0.0,0.0,0,0.0,0.0,0,0.0,0.0,0
11:04:28,1811.23,0.0,0.0,0,0.0,0.0,0,0.0,0.0,0
11:04:29,1811.99,0.0,0.0,0,0.0,0.0,0,0.0,0.0,0
11:04:30,1812.77,0.0,0.0,0,0.0,0.0,0,0.0,0.0,0
11:04:31,1813.55,0.0,0.0,0,0.0,0.0,0,0.0,0.0,0
11:04:31,1814.37,0.0,0.0,0,0.0,0.0,0,0.0,0.0,0
11:04:32,1815.14,0.0,0.0,0,0.0,0.0,0,0.0,0.0,0
11:04:33,1815.91,0.0,0.0,0,0.0,0.0,0,0.0,0.0,0
11:04:34,1816.7,0.0,0.0,0,0.0,0.0,0,0.0,0.0,0
11:04:35,1817.47,0.0,0.0,0,0.0,0.0,0,0.0,0.0,0
11:04:35,1818.24,0.0,0.0,0,0.0,0.0,0,0.0,0.0,0
11:04:36,1819.03,0.0,0.0,0,0.0,0.0,0,0.0,0.0,0
11:04:37,1819.81,0.0,0.0,0,0.0,0.0,0,0.0,0.0,0
11:04:38,1820.65,0.0,0.0,0,0.0,0.0,0,0.0,0.0,0
11:04:39,1821.45,0.0,0.0,0,0.0,0.0,0,0.0,0.0,0
11:04:39,1822.26,0.0,0.0,0,0.0,0.0,0,0.0,0.0,0
11:04:40,1823.05,0.0,0.0,0,0.0,0.0,0,0.0,0.0,0
11:04:41,1823.84,0.0,0.0,0,0.0,0.0,0,0.0,0.0,0
11:04:42,1824.63,0.0,0.0,0,0.0,0.0,0,0.0,0.0,0
11:04:43,1825.47,0.0,0.0,0,0.0,0.0,0,0.0,0.0,0
11:04:43,1826.25,0.0,0.0,0,0.0,0.0,0,0.0,0.0,0
11:04:44,1827.04,0.0,0.0,0,0.0,0.0,0,0.0,0.0,0
11:04:45,1827.81,0.0,0.0,0,0.0,0.0,0,0.0,0.0,0
11:04:46,1828.61,0.0,0.0,0,0.0,0.0,0,0.0,0.0,0
11:04:46,1829.43,0.0,0.0,0,0.0,0.0,0,0.0,0.0,0
11:04:47,1830.22,0.0,0.0,0,0.0,0.0,0,0.0,0.0,0
11:04:48,1831.04,0.0,0.0,0,0.0,0.0,0,0.0,0.0,0
11:04:49,1831.82,0.0,0.0,0,0.0,0.0,0,0.0,0.0,0
11:04:50,1832.61,0.0,0.0,0,0.0,0.0,0,0.0,0.0,0
11:04:50,1833.4,0.0,0.0,0,0.0,0.0,0,0.0,0.0,0
11:04:51,1834.18,0.0,0.0,0,0.0,0.0,0,0.0,0.0,0
11:04:52,1835.01,0.0,0.0,0,0.0,0.0,0,0.0,0.0,0
11:04:53,1835.8,0.0,0.0,0,0.0,0.0,0,0.0,0.0,0
11:04:54,1836.57,0.0,0.0,0,0.0,0.0,0,0.0,0.0,0
11:04:54,1837.35,0.0,0.0,0,0.0,0.0,0,0.0,0.0,0
11:04:55,1838.12,0.0,0.0,0,0.0,0.0,0,0.0,0.0,0
11:04:56,1838.89,0.0,0.0,0,0.0,0.0,0,0.0,0.0,0
11:04:57,1839.66,0.0,0.0,0,0.0,0.0,0,0.0,0.0,0
11:04:58,1840.44,0.0,0.0,0,0.0,0.0,0,0.0,0.0,0
11:04:58,1841.26,0.0,0.0,0,0.0,0.0,0,0.0,0.0,0
11:04:59,1842.06,0.0,0.0,0,0.0,0.0,0,0.0,0.0,0
11:05:00,1842.83,0.0,0.0,0,0.0,0.0,0,0.0,0.0,0
11:05:01,1843.64,0.0,0.0,0,0.0,0.0,0,0.0,0.0,0
11:05:01,1844.43,0.0,0.0,0,0.0,0.0,0,0.0,0.0,0
11:05:02,1845.24,0.0,0.0,0,0.0,0.0,0,0.0,0.0,0
11:05:03,1846.03,0.0,0.0,0,0.0,0.0,0,0.0,0.0,0
11:05:04,1846.83,0.0,0.0,0,0.0,0.0,0,0.0,0.0,0
11:05:05,1847.61,0.0,0.0,0,0.0,0.0,0,0.0,0.0,0
11:05:05,1848.41,0.0,0.0,0,0.0,0.0,0,0.0,0.0,0
11:05:06,1849.2,0.0,0.0,0,0.0,0.0,0,0.0,0.0,0
11:05:07,1850.01,0.0,0.0,0,0.0,0.0,0,0.0,0.0,0
11:05:08,1850.81,0.0,0.0,0,0.0,0.0,0,0.0,0.0,0
11:05:09,1851.63,0.0,0.0,0,0.0,0.0,0,0.0,0.0,0
11:05:09,1852.4,0.0,0.0,0,0.0,0.0,0,0.0,0.0,0
11:05:10,1853.18,0.0,0.0,0,0.0,0.0,0,0.0,0.0,0
11:05:11,1853.96,0.0,0.0,0,0.0,0.0,0,0.0,0.0,0
11:05:12,1854.76,0.0,0.0,0,0.0,0.0,0,0.0,0.0,0
11:05:13,1855.63,0.0,0.0,0,0.0,0.0,0,0.0,0.0,0
11:05:13,1856.42,0.0,0.0,0,0.0,0.0,0,0.0,0.0,0
11:05:14,1857.21,0.0,0.0,0,0.0,0.0,0,0.0,0.0,0
11:05:15,1858.02,0.0,0.0,0,0.0,0.0,0,0.0,0.0,0
11:05:16,1858.83,0.0,0.0,0,0.0,0.0,0,0.0,0.0,0
11:05:17,1859.61,0.0,0.0,0,0.0,0.0,0,0.0,0.0,0
11:05:17,1860.43,0.0,0.0,0,0.0,0.0,0,0.0,0.0,0
11:05:18,1861.2,0.0,0.0,0,0.0,0.0,0,0.0,0.0,0
11:05:19,1862.0,0.0,0.0,0,0.0,0.0,0,0.0,0.0,0
11:05:20,1862.8,0.0,0.0,0,0.0,0.0,0,0.0,0.0,0
11:05:21,1863.61,0.0,0.0,0,0.0,0.0,0,0.0,0.0,0
11:05:21,1864.4,0.0,0.0,0,0.0,0.0,0,0.0,0.0,0
11:05:22,1865.19,0.0,0.0,0,0.0,0.0,0,0.0,0.0,0
11:05:23,1865.97,0.0,0.0,0,0.0,0.0,0,0.0,0.0,0
11:05:24,1866.79,0.0,0.0,0,0.0,0.0,0,0.0,0.0,0
11:05:25,1867.56,0.0,0.0,0,0.0,0.0,0,0.0,0.0,0
11:05:25,1868.33,0.0,0.0,0,0.0,0.0,0,0.0,0.0,0
11:05:26,1869.11,0.0,0.0,0,0.0,0.0,0,0.0,0.0,0
11:05:27,1869.93,0.0,0.0,0,0.0,0.0,0,0.0,0.0,0
11:05:28,1870.72,0.0,0.0,0,0.0,0.0,0,0.0,0.0,0
11:05:29,1871.5,0.0,0.0,0,0.0,0.0,0,0.0,0.0,0
11:05:29,1872.31,0.0,0.0,0,0.0,0.0,0,0.0,0.0,0
11:05:30,1873.1,0.0,0.0,0,0.0,0.0,0,0.0,0.0,0
11:05:31,1873.88,0.0,0.0,0,0.0,0.0,0,0.0,0.0,0
11:05:32,1874.69,0.0,0.0,0,0.0,0.0,0,0.0,0.0,0
11:05:33,1875.47,0.0,0.0,0,0.0,0.0,0,0.0,0.0,0
11:05:33,1876.29,0.0,0.0,0,0.0,0.0,0,0.0,0.0,0
11:05:34,1877.07,0.0,0.0,0,0.0,0.0,0,0.0,0.0,0
11:05:35,1877.85,0.0,0.0,0,0.0,0.0,0,0.0,0.0,0
11:05:36,1878.65,0.0,0.0,0,0.0,0.0,0,0.0,0.0,0
11:05:37,1879.47,0.0,0.0,0,0.0,0.0,0,0.0,0.0,0
11:05:37,1880.31,0.0,0.0,0,0.0,0.0,0,0.0,0.0,0
11:05:38,1881.12,0.0,0.0,0,0.0,0.0,0,0.0,0.0,0
11:05:39,1881.92,0.0,0.0,0,0.0,0.0,0,0.0,0.0,0
11:05:40,1882.75,0.0,0.0,0,0.0,0.0,0,0.0,0.0,0
11:05:41,1883.53,0.0,0.0,0,0.0,0.0,0,0.0,0.0,0
11:05:41,1884.3,0.0,0.0,0,0.0,0.0,0,0.0,0.0,0
11:05:42,1885.09,0.0,0.0,0,0.0,0.0,0,0.0,0.0,0
11:05:43,1885.88,0.0,0.0,0,0.0,0.0,0,0.0,0.0,0
11:05:44,1886.66,0.0,0.0,0,0.0,0.0,0,0.0,0.0,0
11:05:45,1887.45,0.0,0.0,0,0.0,0.0,0,0.0,0.0,0
11:05:45,1888.23,0.0,0.0,0,0.0,0.0,0,0.0,0.0,0
11:05:46,1889.01,0.0,0.0,0,0.0,0.0,0,0.0,0.0,0
11:05:47,1889.82,0.0,0.0,0,0.0,0.0,0,0.0,0.0,0
11:05:48,1890.67,0.0,0.0,0,0.0,0.0,0,0.0,0.0,0
11:05:49,1891.49,0.0,0.0,0,0.0,0.0,0,0.0,0.0,0
11:05:49,1892.28,0.0,0.0,0,0.0,0.0,0,0.0,0.0,0
11:05:50,1893.06,0.0,0.0,0,0.0,0.0,0,0.0,0.0,0
11:05:51,1893.88,0.0,0.0,0,0.0,0.0,0,0.0,0.0,0
11:05:52,1894.71,0.0,0.0,0,0.0,0.0,0,0.0,0.0,0
11:05:53,1895.52,0.0,0.0,0,0.0,0.0,0,0.0,0.0,0
11:05:53,1896.3,0.0,0.0,0,0.0,0.0,0,0.0,0.0,0
11:05:54,1897.08,0.0,0.0,0,0.0,0.0,0,0.0,0.0,0
11:05:55,1897.87,0.0,0.0,0,0.0,0.0,0,0.0,0.0,0
11:05:56,1898.65,0.0,0.0,0,0.0,0.0,0,0.0,0.0,0
11:05:57,1899.46,0.0,0.0,0,0.0,0.0,0,0.0,0.0,0
11:05:57,1900.26,0.0,0.0,0,0.0,0.0,0,0.0,0.0,0
11:05:58,1901.06,0.0,0.0,0,0.0,0.0,0,0.0,0.0,0
11:05:59,1901.88,0.0,0.0,0,0.0,0.0,0,0.0,0.0,0
11:06:00,1902.67,0.0,0.0,0,0.0,0.0,0,0.0,0.0,0
11:06:01,1903.46,0.0,0.0,0,0.0,0.0,0,0.0,0.0,0
11:06:01,1904.24,0.0,0.0,0,0.0,0.0,0,0.0,0.0,0
11:06:02,1905.04,0.0,0.0,0,0.0,0.0,0,0.0,0.0,0
11:06:03,1905.86,0.0,0.0,0,0.0,0.0,0,0.0,0.0,0
11:06:04,1906.64,0.0,0.0,0,0.0,0.0,0,0.0,0.0,0
11:06:04,1907.42,0.0,0.0,0,0.0,0.0,0,0.0,0.0,0
11:06:05,1908.21,0.0,0.0,0,0.0,0.0,0,0.0,0.0,0
11:06:06,1909.0,0.0,0.0,0,0.0,0.0,0,0.0,0.0,0
11:06:07,1909.77,0.0,0.0,0,0.0,0.0,0,0.0,0.0,0
11:06:08,1910.56,0.0,0.0,0,0.0,0.0,0,0.0,0.0,0
11:06:08,1911.35,0.0,0.0,0,0.0,0.0,0,0.0,0.0,0
11:06:09,1912.14,0.0,0.0,0,0.0,0.0,0,0.0,0.0,0
11:06:10,1912.95,0.0,0.0,0,0.0,0.0,0,0.0,0.0,0
11:06:11,1913.72,0.0,0.0,0,0.0,0.0,0,0.0,0.0,0
11:06:12,1914.5,0.0,0.0,0,0.0,0.0,0,0.0,0.0,0
11:06:12,1915.27,0.0,0.0,0,0.0,0.0,0,0.0,0.0,0
11:06:13,1916.04,0.0,0.0,0,0.0,0.0,0,0.0,0.0,0
11:06:14,1916.83,0.0,0.0,0,0.0,0.0,0,0.0,0.0,0
11:06:15,1917.63,0.0,0.0,0,0.0,0.0,0,0.0,0.0,0
11:06:15,1918.43,0.0,0.0,0,0.0,0.0,0,0.0,0.0,0
11:06:16,1919.21,0.0,0.0,0,0.0,0.0,0,0.0,0.0,0
11:06:17,1920.04,0.0,0.0,0,0.0,0.0,0,0.0,0.0,0
11:06:18,1920.82,0.0,0.0,0,0.0,0.0,0,0.0,0.0,0
11:06:19,1921.61,0.0,0.0,0,0.0,0.0,0,0.0,0.0,0
11:06:19,1922.4,0.0,0.0,0,0.0,0.0,0,0.0,0.0,0
11:06:20,1923.2,0.0,0.0,0,0.0,0.0,0,0.0,0.0,0
11:06:21,1923.97,0.0,0.0,0,0.0,0.0,0,0.0,0.0,0
11:06:22,1924.78,0.0,0.0,0,0.0,0.0,0,0.0,0.0,0
11:06:23,1925.55,0.0,0.0,0,0.0,0.0,0,0.0,0.0,0
11:06:23,1926.34,0.0,0.0,0,0.0,0.0,0,0.0,0.0,0
11:06:24,1927.16,0.0,0.0,0,0.0,0.0,0,0.0,0.0,0
11:06:25,1927.97,0.0,0.0,0,0.0,0.0,0,0.0,0.0,0
11:06:26,1928.76,0.0,0.0,0,0.0,0.0,0,0.0,0.0,0
11:06:27,1929.56,0.0,0.0,0,0.0,0.0,0,0.0,0.0,0
11:06:27,1930.37,0.0,0.0,0,0.0,0.0,0,0.0,0.0,0
11:06:28,1931.16,0.0,0.0,0,0.0,0.0,0,0.0,0.0,0
11:06:29,1931.94,0.0,0.0,0,0.0,0.0,0,0.0,0.0,0
11:06:30,1932.72,0.0,0.0,0,0.0,0.0,0,0.0,0.0,0
11:06:31,1933.52,0.0,0.0,0,0.0,0.0,0,0.0,0.0,0
11:06:31,1934.29,0.0,0.0,0,0.0,0.0,0,0.0,0.0,0
11:06:32,1935.07,0.0,0.0,0,0.0,0.0,0,0.0,0.0,0
11:06:33,1935.88,0.0,0.0,0,0.0,0.0,0,0.0,0.0,0
11:06:34,1936.64,0.0,0.0,0,0.0,0.0,0,0.0,0.0,0
11:06:35,1937.46,0.0,0.0,0,0.0,0.0,0,0.0,0.0,0
11:06:35,1938.25,0.0,0.0,0,0.0,0.0,0,0.0,0.0,0
11:06:36,1939.02,0.0,0.0,0,0.0,0.0,0,0.0,0.0,0
11:06:37,1939.82,0.0,0.0,0,0.0,0.0,0,0.0,0.0,0
11:06:38,1940.66,0.0,0.0,0,0.0,0.0,0,0.0,0.0,0
11:06:38,1941.43,0.0,0.0,0,0.0,0.0,0,0.0,0.0,0
11:06:39,1942.2,0.0,0.0,0,0.0,0.0,0,0.0,0.0,0
11:06:40,1942.97,0.0,0.0,0,0.0,0.0,0,0.0,0.0,0
11:06:41,1943.79,0.0,0.0,0,0.0,0.0,0,0.0,0.0,0
11:06:42,1944.6,0.0,0.0,0,0.0,0.0,0,0.0,0.0,0
11:06:42,1945.38,0.0,0.0,0,0.0,0.0,0,0.0,0.0,0
11:06:43,1946.16,0.0,0.0,0,0.0,0.0,0,0.0,0.0,0
11:06:44,1946.96,0.0,0.0,0,0.0,0.0,0,0.0,0.0,0
11:06:45,1947.74,0.0,0.0,0,0.0,0.0,0,0.0,0.0,0
11:06:46,1948.52,0.0,0.0,0,0.0,0.0,0,0.0,0.0,0
11:06:46,1949.3,0.0,0.0,0,0.0,0.0,0,0.0,0.0,0
11:06:47,1950.08,0.0,0.0,0,0.0,0.0,0,0.0,0.0,0
11:06:48,1950.87,0.0,0.0,0,0.0,0.0,0,0.0,0.0,0
11:06:49,1951.65,0.0,0.0,0,0.0,0.0,0,0.0,0.0,0
11:06:50,1952.47,0.0,0.0,0,0.0,0.0,0,0.0,0.0,0
11:06:50,1953.24,0.0,0.0,0,0.0,0.0,0,0.0,0.0,0
11:06:51,1954.04,0.0,0.0,0,0.0,0.0,0,0.0,0.0,0
11:06:52,1954.83,0.0,0.0,0,0.0,0.0,0,0.0,0.0,0
11:06:53,1955.61,0.0,0.0,0,0.0,0.0,0,0.0,0.0,0
11:06:53,1956.41,0.0,0.0,0,0.0,0.0,0,0.0,0.0,0
11:06:54,1957.2,0.0,0.0,0,0.0,0.0,0,0.0,0.0,0
11:06:55,1957.97,0.0,0.0,0,0.0,0.0,0,0.0,0.0,0
11:06:56,1958.78,0.0,0.0,0,0.0,0.0,0,0.0,0.0,0
11:06:57,1959.58,0.0,0.0,0,0.0,0.0,0,0.0,0.0,0
11:06:57,1960.36,0.0,0.0,0,0.0,0.0,0,0.0,0.0,0
11:06:58,1961.14,0.0,0.0,0,0.0,0.0,0,0.0,0.0,0
11:06:59,1961.91,0.0,0.0,0,0.0,0.0,0,0.0,0.0,0
11:07:00,1962.76,0.0,0.0,0,0.0,0.0,0,0.0,0.0,0
11:07:01,1963.54,0.0,0.0,0,0.0,0.0,0,0.0,0.0,0
11:07:01,1964.33,0.0,0.0,0,0.0,0.0,0,0.0,0.0,0
11:07:02,1965.1,0.0,0.0,0,0.0,0.0,0,0.0,0.0,0
11:07:03,1965.9,0.0,0.0,0,0.0,0.0,0,0.0,0.0,0
11:07:04,1966.72,0.0,0.0,0,0.0,0.0,0,0.0,0.0,0
11:07:05,1967.52,0.0,0.0,0,0.0,0.0,0,0.0,0.0,0
11:07:05,1968.29,0.0,0.0,0,0.0,0.0,0,0.0,0.0,0
11:07:06,1969.06,0.0,0.0,0,0.0,0.0,0,0.0,0.0,0
11:07:07,1969.89,0.0,0.0,0,0.0,0.0,0,0.0,0.0,0
11:07:08,1970.68,0.0,0.0,0,0.0,0.0,0,0.0,0.0,0
11:07:09,1971.48,0.0,0.0,0,0.0,0.0,0,0.0,0.0,0
11:07:09,1972.28,0.0,0.0,0,0.0,0.0,0,0.0,0.0,0
11:07:10,1973.07,0.0,0.0,0,0.0,0.0,0,0.0,0.0,0
11:07:11,1973.84,0.0,0.0,0,0.0,0.0,0,0.0,0.0,0
11:07:12,1974.61,0.0,0.0,0,0.0,0.0,0,0.0,0.0,0
11:07:12,1975.4,0.0,0.0,0,0.0,0.0,0,0.0,0.0,0
11:07:13,1976.17,0.0,0.0,0,0.0,0.0,0,0.0,0.0,0
11:07:14,1976.95,0.0,0.0,0,0.0,0.0,0,0.0,0.0,0
11:07:15,1977.78,0.0,0.0,0,0.0,0.0,0,0.0,0.0,0
11:07:16,1978.59,0.0,0.0,0,0.0,0.0,0,0.0,0.0,0
11:07:16,1979.37,0.0,0.0,0,0.0,0.0,0,0.0,0.0,0
11:07:17,1980.2,0.0,0.0,0,0.0,0.0,0,0.0,0.0,0
11:07:18,1980.99,0.0,0.0,0,0.0,0.0,0,0.0,0.0,0
11:07:19,1981.81,0.0,0.0,0,0.0,0.0,0,0.0,0.0,0
11:07:20,1982.59,0.0,0.0,0,0.0,0.0,0,0.0,0.0,0
11:07:20,1983.39,0.0,0.0,0,0.0,0.0,0,0.0,0.0,0
11:07:21,1984.18,0.0,0.0,0,0.0,0.0,0,0.0,0.0,0
11:07:22,1984.98,0.0,0.0,0,0.0,0.0,0,0.0,0.0,0
11:07:23,1985.82,0.0,0.0,0,0.0,0.0,0,0.0,0.0,0
11:07:24,1986.6,0.0,0.0,0,0.0,0.0,0,0.0,0.0,0
11:07:24,1987.4,0.0,0.0,0,0.0,0.0,0,0.0,0.0,0
11:07:25,1988.17,0.0,0.0,0,0.0,0.0,0,0.0,0.0,0
11:07:26,1988.95,0.0,0.0,0,0.0,0.0,0,0.0,0.0,0
11:07:27,1989.74,0.0,0.0,0,0.0,0.0,0,0.0,0.0,0
11:07:28,1990.53,0.0,0.0,0,0.0,0.0,0,0.0,0.0,0
11:07:28,1991.33,0.0,0.0,0,0.0,0.0,0,0.0,0.0,0
11:07:29,1992.14,0.0,0.0,0,0.0,0.0,0,0.0,0.0,0
11:07:30,1992.93,0.0,0.0,0,0.0,0.0,0,0.0,0.0,0
11:07:31,1993.71,0.0,0.0,0,0.0,0.0,0,0.0,0.0,0
11:07:32,1994.5,0.0,0.0,0,0.0,0.0,0,0.0,0.0,0
11:07:32,1995.29,0.0,0.0,0,0.0,0.0,0,0.0,0.0,0
11:07:33,1996.09,0.0,0.0,0,0.0,0.0,0,0.0,0.0,0
11:07:34,1996.88,0.0,0.0,0,0.0,0.0,0,0.0,0.0,0
11:07:35,1997.66,0.0,0.0,0,0.0,0.0,0,0.0,0.0,0
11:07:36,1998.44,0.0,0.0,0,0.0,0.0,0,0.0,0.0,0
11:07:36,1999.21,0.0,0.0,0,0.0,0.0,0,0.0,0.0,0
11:07:37,1999.99,0.0,0.0,0,0.0,0.0,0,0.0,0.0,0
11:07:38,2000.79,0.0,0.0,0,0.0,0.0,0,0.0,0.0,0
11:07:39,2001.57,0.0,0.0,0,0.0,0.0,0,0.0,0.0,0
11:07:39,2002.37,0.0,0.0,0,0.0,0.0,0,0.0,0.0,0
11:07:40,2003.15,0.0,0.0,0,0.0,0.0,0,0.0,0.0,0
11:07:41,2003.94,0.0,0.0,0,0.0,0.0,0,0.0,0.0,0
11:07:42,2004.71,0.0,0.0,0,0.0,0.0,0,0.0,0.0,0
11:07:43,2005.5,0.0,0.0,0,0.0,0.0,0,0.0,0.0,0
11:07:43,2006.31,0.0,0.0,0,0.0,0.0,0,0.0,0.0,0
11:07:44,2007.12,0.0,0.0,0,0.0,0.0,0,0.0,0.0,0
11:07:45,2007.9,0.0,0.0,0,0.0,0.0,0,0.0,0.0,0
11:07:46,2008.68,0.0,0.0,0,0.0,0.0,0,0.0,0.0,0
11:07:47,2009.48,0.0,0.0,0,0.0,0.0,0,0.0,0.0,0
11:07:47,2010.25,0.0,0.0,0,0.0,0.0,0,0.0,0.0,0
11:07:48,2011.06,0.0,0.0,0,0.0,0.0,0,0.0,0.0,0
11:07:49,2011.84,0.0,0.0,0,0.0,0.0,0,0.0,0.0,0
11:07:50,2012.63,0.0,0.0,0,0.0,0.0,0,0.0,0.0,0
11:07:50,2013.41,0.0,0.0,0,0.0,0.0,0,0.0,0.0,0
11:07:51,2014.22,0.0,0.0,0,0.0,0.0,0,0.0,0.0,0
11:07:52,2015.02,0.0,0.0,0,0.0,0.0,0,0.0,0.0,0
11:07:53,2015.81,0.0,0.0,0,0.0,0.0,0,0.0,0.0,0
11:07:54,2016.61,0.0,0.0,0,0.0,0.0,0,0.0,0.0,0
11:07:54,2017.39,0.0,0.0,0,0.0,0.0,0,0.0,0.0,0
11:07:55,2018.18,0.0,0.0,0,0.0,0.0,0,0.0,0.0,0
11:07:56,2018.96,0.0,0.0,0,0.0,0.0,0,0.0,0.0,0
11:07:57,2019.75,0.0,0.0,0,0.0,0.0,0,0.0,0.0,0
11:07:58,2020.54,0.0,0.0,0,0.0,0.0,0,0.0,0.0,0
11:07:58,2021.33,0.0,0.0,0,0.0,0.0,0,0.0,0.0,0
11:07:59,2022.13,0.0,0.0,0,0.0,0.0,0,0.0,0.0,0
11:08:00,2022.92,0.0,0.0,0,0.0,0.0,0,0.0,0.0,0
11:08:01,2023.72,0.0,0.0,0,0.0,0.0,0,0.0,0.0,0
11:08:02,2024.53,0.0,0.0,0,0.0,0.0,0,0.0,0.0,0
11:08:02,2025.32,0.0,0.0,0,0.0,0.0,0,0.0,0.0,0
11:08:03,2026.11,0.0,0.0,0,0.0,0.0,0,0.0,0.0,0
11:08:04,2026.89,0.0,0.0,0,0.0,0.0,0,0.0,0.0,0
11:08:05,2027.68,0.0,0.0,0,0.0,0.0,0,0.0,0.0,0
11:08:06,2028.5,0.0,0.0,0,0.0,0.0,0,0.0,0.0,0
11:08:06,2029.27,0.0,0.0,0,0.0,0.0,0,0.0,0.0,0
11:08:07,2030.06,0.0,0.0,0,0.0,0.0,0,0.0,0.0,0
11:08:08,2030.84,0.0,0.0,0,0.0,0.0,0,0.0,0.0,0
11:08:09,2031.61,0.0,0.0,0,0.0,0.0,0,0.0,0.0,0
11:08:09,2032.41,0.0,0.0,0,0.0,0.0,0,0.0,0.0,0
11:08:10,2033.19,0.0,0.0,0,0.0,0.0,0,0.0,0.0,0
11:08:11,2033.97,0.0,0.0,0,0.0,0.0,0,0.0,0.0,0
11:08:12,2034.78,0.0,0.0,0,0.0,0.0,0,0.0,0.0,0
11:08:13,2035.56,0.0,0.0,0,0.0,0.0,0,0.0,0.0,0
11:08:13,2036.35,0.0,0.0,0,0.0,0.0,0,0.0,0.0,0
11:08:14,2037.12,0.0,0.0,0,0.0,0.0,0,0.0,0.0,0
11:08:15,2037.91,0.0,0.0,0,0.0,0.0,0,0.0,0.0,0
11:08:16,2038.7,0.0,0.0,0,0.0,0.0,0,0.0,0.0,0
11:08:17,2039.5,0.0,0.0,0,0.0,0.0,0,0.0,0.0,0
11:08:17,2040.28,0.0,0.0,0,0.0,0.0,0,0.0,0.0,0
11:08:18,2041.06,0.0,0.0,0,0.0,0.0,0,0.0,0.0,0
11:08:19,2041.83,0.0,0.0,0,0.0,0.0,0,0.0,0.0,0
11:08:20,2042.66,0.0,0.0,0,0.0,0.0,0,0.0,0.0,0
11:08:20,2043.43,0.0,0.0,0,0.0,0.0,0,0.0,0.0,0
11:08:21,2044.21,0.0,0.0,0,0.0,0.0,0,0.0,0.0,0
11:08:22,2045.02,0.0,0.0,0,0.0,0.0,0,0.0,0.0,0
11:08:23,2045.85,0.0,0.0,0,0.0,0.0,0,0.0,0.0,0
11:08:24,2046.65,0.0,0.0,0,0.0,0.0,0,0.0,0.0,0
11:08:25,2047.45,0.0,0.0,0,0.0,0.0,0,0.0,0.0,0
11:08:25,2048.21,0.0,0.0,0,0.0,0.0,0,0.0,0.0,0
11:08:26,2049.0,0.0,0.0,0,0.0,0.0,0,0.0,0.0,0
11:08:27,2049.81,0.0,0.0,0,0.0,0.0,0,0.0,0.0,0
11:08:28,2050.58,0.0,0.0,0,0.0,0.0,0,0.0,0.0,0
11:08:28,2051.4,0.0,0.0,0,0.0,0.0,0,0.0,0.0,0
11:08:29,2052.17,0.0,0.0,0,0.0,0.0,0,0.0,0.0,0
11:08:30,2052.94,0.0,0.0,0,0.0,0.0,0,0.0,0.0,0
11:08:31,2053.72,0.0,0.0,0,0.0,0.0,0,0.0,0.0,0
11:08:32,2054.52,0.0,0.0,0,0.0,0.0,0,0.0,0.0,0
11:08:32,2055.34,0.0,0.0,0,0.0,0.0,0,0.0,0.0,0
11:08:33,2056.11,0.0,0.0,0,0.0,0.0,0,0.0,0.0,0
11:08:34,2056.9,0.0,0.0,0,0.0,0.0,0,0.0,0.0,0
11:08:35,2057.68,0.0,0.0,0,0.0,0.0,0,0.0,0.0,0
11:08:36,2058.46,0.0,0.0,0,0.0,0.0,0,0.0,0.0,0
11:08:36,2059.24,0.0,0.0,0,0.0,0.0,0,0.0,0.0,0
11:08:37,2060.06,0.0,0.0,0,0.0,0.0,0,0.0,0.0,0
11:08:38,2060.84,0.0,0.0,0,0.0,0.0,0,0.0,0.0,0
11:08:39,2061.62,0.0,0.0,0,0.0,0.0,0,0.0,0.0,0
11:08:39,2062.4,0.0,0.0,0,0.0,0.0,0,0.0,0.0,0
11:08:40,2063.17,0.0,0.0,0,0.0,0.0,0,0.0,0.0,0
11:08:41,2063.95,0.0,0.0,0,0.0,0.0,0,0.0,0.0,0
11:08:42,2064.75,0.0,0.0,0,0.0,0.0,0,0.0,0.0,0
11:08:43,2065.61,0.0,0.0,0,0.0,0.0,0,0.0,0.0,0
11:08:43,2066.39,0.0,0.0,0,0.0,0.0,0,0.0,0.0,0
11:08:44,2067.22,0.0,0.0,0,0.0,0.0,0,0.0,0.0,0
11:08:45,2067.99,0.0,0.0,0,0.0,0.0,0,0.0,0.0,0
11:08:46,2068.8,0.0,0.0,0,0.0,0.0,0,0.0,0.0,0
11:08:47,2069.58,0.0,0.0,0,0.0,0.0,0,0.0,0.0,0
11:08:47,2070.4,0.0,0.0,0,0.0,0.0,0,0.0,0.0,0
11:08:48,2071.18,0.0,0.0,0,0.0,0.0,0,0.0,0.0,0
11:08:49,2071.97,0.0,0.0,0,0.0,0.0,0,0.0,0.0,0
11:08:50,2072.79,0.0,0.0,0,0.0,0.0,0,0.0,0.0,0
11:08:51,2073.58,0.0,0.0,0,0.0,0.0,0,0.0,0.0,0
11:08:51,2074.35,0.0,0.0,0,0.0,0.0,0,0.0,0.0,0
11:08:52,2075.13,0.0,0.0,0,0.0,0.0,0,0.0,0.0,0
11:08:53,2075.92,0.0,0.0,0,0.0,0.0,0,0.0,0.0,0
11:08:54,2076.7,0.0,0.0,0,0.0,0.0,0,0.0,0.0,0
11:08:55,2077.48,0.0,0.0,0,0.0,0.0,0,0.0,0.0,0
11:08:55,2078.27,0.0,0.0,0,0.0,0.0,0,0.0,0.0,0
11:08:56,2079.07,0.0,0.0,0,0.0,0.0,0,0.0,0.0,0
11:08:57,2079.87,0.0,0.0,0,0.0,0.0,0,0.0,0.0,0
11:08:58,2080.69,0.0,0.0,0,0.0,0.0,0,0.0,0.0,0
11:08:59,2081.49,0.0,0.0,0,0.0,0.0,0,0.0,0.0,0
11:08:59,2082.27,0.0,0.0,0,0.0,0.0,0,0.0,0.0,0
11:09:00,2083.06,0.0,0.0,0,0.0,0.0,0,0.0,0.0,0
11:09:01,2083.84,0.0,0.0,0,0.0,0.0,0,0.0,0.0,0
11:09:02,2084.65,0.0,0.0,0,0.0,0.0,0,0.0,0.0,0
11:09:03,2085.44,0.0,0.0,0,0.0,0.0,0,0.0,0.0,0
11:09:03,2086.28,0.0,0.0,0,0.0,0.0,0,0.0,0.0,0
11:09:04,2087.05,0.0,0.0,0,0.0,0.0,0,0.0,0.0,0
11:09:05,2087.83,0.0,0.0,0,0.0,0.0,0,0.0,0.0,0
11:09:06,2088.62,0.0,0.0,0,0.0,0.0,0,0.0,0.0,0
11:09:06,2089.39,0.0,0.0,0,0.0,0.0,0,0.0,0.0,0
11:09:07,2090.16,0.0,0.0,0,0.0,0.0,0,0.0,0.0,0
11:09:08,2090.98,0.0,0.0,0,0.0,0.0,0,0.0,0.0,0
11:09:09,2091.77,0.0,0.0,0,0.0,0.0,0,0.0,0.0,0
11:09:10,2092.54,0.0,0.0,0,0.0,0.0,0,0.0,0.0,0
11:09:10,2093.31,0.0,0.0,0,0.0,0.0,0,0.0,0.0,0
11:09:11,2094.09,0.0,0.0,0,0.0,0.0,0,0.0,0.0,0
11:09:12,2094.88,0.0,0.0,0,0.0,0.0,0,0.0,0.0,0
11:09:13,2095.7,0.0,0.0,0,0.0,0.0,0,0.0,0.0,0
11:09:14,2096.53,0.0,0.0,0,0.0,0.0,0,0.0,0.0,0
11:09:14,2097.31,0.0,0.0,0,0.0,0.0,0,0.0,0.0,0
11:09:15,2098.09,0.0,0.0,0,0.0,0.0,0,0.0,0.0,0
11:09:16,2098.87,0.0,0.0,0,0.0,0.0,0,0.0,0.0,0
11:09:17,2099.68,0.0,0.0,0,0.0,0.0,0,0.0,0.0,0
11:09:18,2100.62,0.0,0.0,0,0.0,0.0,0,0.0,0.0,0
11:09:18,2101.41,0.0,0.0,0,0.0,0.0,0,0.0,0.0,0
11:09:19,2102.21,0.0,0.0,0,0.0,0.0,0,0.0,0.0,0
11:09:20,2102.99,0.0,0.0,0,0.0,0.0,0,0.0,0.0,0
11:09:21,2103.8,0.0,0.0,0,0.0,0.0,0,0.0,0.0,0
11:09:22,2104.58,0.0,0.0,0,0.0,0.0,0,0.0,0.0,0
11:09:22,2105.39,0.0,0.0,0,0.0,0.0,0,0.0,0.0,0
11:09:23,2106.17,0.0,0.0,0,0.0,0.0,0,0.0,0.0,0
11:09:24,2106.95,0.0,0.0,0,0.0,0.0,0,0.0,0.0,0
11:09:25,2107.77,0.0,0.0,0,0.0,0.0,0,0.0,0.0,0
11:09:26,2108.55,0.0,0.0,0,0.0,0.0,0,0.0,0.0,0
11:09:26,2109.34,0.0,0.0,0,0.0,0.0,0,0.0,0.0,0
11:09:27,2110.11,0.0,0.0,0,0.0,0.0,0,0.0,0.0,0
11:09:28,2110.96,0.0,0.0,0,0.0,0.0,0,0.0,0.0,0
11:09:29,2111.74,0.0,0.0,0,0.0,0.0,0,0.0,0.0,0
11:09:30,2112.53,0.0,0.0,0,0.0,0.0,0,0.0,0.0,0
11:09:30,2113.31,0.0,0.0,0,0.0,0.0,0,0.0,0.0,0
11:09:31,2114.1,0.0,0.0,0,0.0,0.0,0,0.0,0.0,0
11:09:32,2114.88,0.0,0.0,0,0.0,0.0,0,0.0,0.0,0
11:09:33,2115.7,0.0,0.0,0,0.0,0.0,0,0.0,0.0,0
11:09:34,2116.5,0.0,0.0,0,0.0,0.0,0,0.0,0.0,0
11:09:34,2117.27,0.0,0.0,0,0.0,0.0,0,0.0,0.0,0
11:09:35,2118.04,0.0,0.0,0,0.0,0.0,0,0.0,0.0,0
11:09:36,2118.82,0.0,0.0,0,0.0,0.0,0,0.0,0.0,0
11:09:37,2119.6,0.0,0.0,0,0.0,0.0,0,0.0,0.0,0
11:09:37,2120.39,0.0,0.0,0,0.0,0.0,0,0.0,0.0,0
11:09:38,2121.21,0.0,0.0,0,0.0,0.0,0,0.0,0.0,0
11:09:39,2121.98,0.0,0.0,0,0.0,0.0,0,0.0,0.0,0
11:09:40,2122.76,0.0,0.0,0,0.0,0.0,0,0.0,0.0,0
11:09:41,2123.54,0.0,0.0,0,0.0,0.0,0,0.0,0.0,0
11:09:41,2124.34,0.0,0.0,0,0.0,0.0,0,0.0,0.0,0
11:09:42,2125.12,0.0,0.0,0,0.0,0.0,0,0.0,0.0,0
11:09:43,2125.89,0.0,0.0,0,0.0,0.0,0,0.0,0.0,0
11:09:44,2126.71,0.0,0.0,0,0.0,0.0,0,0.0,0.0,0
11:09:45,2127.51,0.0,0.0,0,0.0,0.0,0,0.0,0.0,0
11:09:45,2128.3,0.0,0.0,0,0.0,0.0,0,0.0,0.0,0
11:09:46,2129.07,0.0,0.0,0,0.0,0.0,0,0.0,0.0,0
11:09:47,2129.84,0.0,0.0,0,0.0,0.0,0,0.0,0.0,0
11:09:48,2130.64,0.0,0.0,0,0.0,0.0,0,0.0,0.0,0
11:09:49,2131.44,0.0,0.0,0,0.0,0.0,0,0.0,0.0,0
11:09:49,2132.23,0.0,0.0,0,0.0,0.0,0,0.0,0.0,0
11:09:50,2133.04,0.0,0.0,0,0.0,0.0,0,0.0,0.0,0
11:09:51,2133.82,0.0,0.0,0,0.0,0.0,0,0.0,0.0,0
11:09:52,2134.59,0.0,0.0,0,0.0,0.0,0,0.0,0.0,0
11:09:52,2135.38,0.0,0.0,0,0.0,0.0,0,0.0,0.0,0
11:09:53,2136.15,0.0,0.0,0,0.0,0.0,0,0.0,0.0,0
11:09:54,2136.92,0.0,0.0,0,0.0,0.0,0,0.0,0.0,0
11:09:55,2137.77,0.0,0.0,0,0.0,0.0,0,0.0,0.0,0
11:09:56,2138.54,0.0,0.0,0,0.0,0.0,0,0.0,0.0,0
11:09:56,2139.32,0.0,0.0,0,0.0,0.0,0,0.0,0.0,0
11:09:57,2140.1,0.0,0.0,0,0.0,0.0,0,0.0,0.0,0
11:09:58,2140.89,0.0,0.0,0,0.0,0.0,0,0.0,0.0,0
11:09:59,2141.67,0.0,0.0,0,0.0,0.0,0,0.0,0.0,0
11:10:00,2142.48,0.0,0.0,0,0.0,0.0,0,0.0,0.0,0
11:10:00,2143.27,0.0,0.0,0,0.0,0.0,0,0.0,0.0,0
11:10:01,2144.06,0.0,0.0,0,0.0,0.0,0,0.0,0.0,0
11:10:02,2144.84,0.0,0.0,0,0.0,0.0,0,0.0,0.0,0
11:10:03,2145.62,0.0,0.0,0,0.0,0.0,0,0.0,0.0,0
11:10:03,2146.43,0.0,0.0,0,0.0,0.0,0,0.0,0.0,0
11:10:04,2147.19,0.0,0.0,0,0.0,0.0,0,0.0,0.0,0
11:10:05,2148.01,0.0,0.0,0,0.0,0.0,0,0.0,0.0,0
11:10:06,2148.78,0.0,0.0,0,0.0,0.0,0,0.0,0.0,0
11:10:07,2149.56,0.0,0.0,0,0.0,0.0,0,0.0,0.0,0
11:10:07,2150.36,0.0,0.0,0,0.0,0.0,0,0.0,0.0,0
11:10:08,2151.14,0.0,0.0,0,0.0,0.0,0,0.0,0.0,0
11:10:09,2151.91,0.0,0.0,0,0.0,0.0,0,0.0,0.0,0
11:10:10,2152.74,0.0,0.0,0,0.0,0.0,0,0.0,0.0,0
11:10:11,2153.52,0.0,0.0,0,0.0,0.0,0,0.0,0.0,0
11:10:11,2154.31,0.0,0.0,0,0.0,0.0,0,0.0,0.0,0
11:10:12,2155.08,0.0,0.0,0,0.0,0.0,0,0.0,0.0,0
11:10:13,2155.85,0.0,0.0,0,0.0,0.0,0,0.0,0.0,0
11:10:14,2156.67,0.0,0.0,0,0.0,0.0,0,0.0,0.0,0
11:10:15,2157.46,0.0,0.0,0,0.0,0.0,0,0.0,0.0,0
11:10:15,2158.28,0.0,0.0,0,0.0,0.0,0,0.0,0.0,0
11:10:16,2159.06,0.0,0.0,0,0.0,0.0,0,0.0,0.0,0
11:10:17,2159.84,0.0,0.0,0,0.0,0.0,0,0.0,0.0,0
11:10:18,2160.62,0.0,0.0,0,0.0,0.0,0,0.0,0.0,0
11:10:18,2161.4,0.0,0.0,0,0.0,0.0,0,0.0,0.0,0
11:10:19,2162.19,0.0,0.0,0,0.0,0.0,0,0.0,0.0,0
11:10:20,2163.01,0.0,0.0,0,0.0,0.0,0,0.0,0.0,0
11:10:21,2163.8,0.0,0.0,0,0.0,0.0,0,0.0,0.0,0
11:10:22,2164.62,0.0,0.0,0,0.0,0.0,0,0.0,0.0,0
11:10:22,2165.42,0.0,0.0,0,0.0,0.0,0,0.0,0.0,0
11:10:23,2166.22,0.0,0.0,0,0.0,0.0,0,0.0,0.0,0
11:10:24,2167.01,0.0,0.0,0,0.0,0.0,0,0.0,0.0,0
11:10:25,2167.79,0.0,0.0,0,0.0,0.0,0,0.0,0.0,0
11:10:26,2168.59,0.0,0.0,0,0.0,0.0,0,0.0,0.0,0
11:10:26,2169.38,0.0,0.0,0,0.0,0.0,0,0.0,0.0,0
11:10:27,2170.17,0.0,0.0,0,0.0,0.0,0,0.0,0.0,0
11:10:28,2170.96,0.0,0.0,0,0.0,0.0,0,0.0,0.0,0
11:10:29,2171.75,0.0,0.0,0,0.0,0.0,0,0.0,0.0,0
11:10:30,2172.54,0.0,0.0,0,0.0,0.0,0,0.0,0.0,0
11:10:30,2173.35,0.0,0.0,0,0.0,0.0,0,0.0,0.0,0
11:10:31,2174.15,0.0,0.0,0,0.0,0.0,0,0.0,0.0,0
11:10:32,2174.94,0.0,0.0,0,0.0,0.0,0,0.0,0.0,0
11:10:33,2175.73,0.0,0.0,0,0.0,0.0,0,0.0,0.0,0
11:10:34,2176.51,0.0,0.0,0,0.0,0.0,0,0.0,0.0,0
11:10:34,2177.28,0.0,0.0,0,0.0,0.0,0,0.0,0.0,0
11:10:35,2178.08,0.0,0.0,0,0.0,0.0,0,0.0,0.0,0
11:10:36,2178.88,0.0,0.0,0,0.0,0.0,0,0.0,0.0,0
11:10:37,2179.65,0.0,0.0,0,0.0,0.0,0,0.0,0.0,0
11:10:38,2180.45,0.0,0.0,0,0.0,0.0,0,0.0,0.0,0
11:10:38,2181.24,0.0,0.0,0,0.0,0.0,0,0.0,0.0,0
11:10:39,2182.03,0.0,0.0,0,0.0,0.0,0,0.0,0.0,0
11:10:40,2182.84,0.0,0.0,0,0.0,0.0,0,0.0,0.0,0
11:10:41,2183.64,0.0,0.0,0,0.0,0.0,0,0.0,0.0,0
11:10:41,2184.43,0.0,0.0,0,0.0,0.0,0,0.0,0.0,0
11:10:42,2185.21,0.0,0.0,0,0.0,0.0,0,0.0,0.0,0
11:10:43,2185.99,0.0,0.0,0,0.0,0.0,0,0.0,0.0,0
11:10:44,2186.75,0.0,0.0,0,0.0,0.0,0,0.0,0.0,0
11:10:45,2187.53,0.0,0.0,0,0.0,0.0,0,0.0,0.0,0
11:10:45,2188.32,0.0,0.0,0,0.0,0.0,0,0.0,0.0,0
11:10:46,2189.12,0.0,0.0,0,0.0,0.0,0,0.0,0.0,0
11:10:47,2189.91,0.0,0.0,0,0.0,0.0,0,0.0,0.0,0
11:10:48,2190.72,0.0,0.0,0,0.0,0.0,0,0.0,0.0,0
11:10:49,2191.5,0.0,0.0,0,0.0,0.0,0,0.0,0.0,0
11:10:49,2192.32,0.0,0.0,0,0.0,0.0,0,0.0,0.0,0
11:10:50,2193.09,0.0,0.0,0,0.0,0.0,0,0.0,0.0,0
11:10:51,2193.9,0.0,0.0,0,0.0,0.0,0,0.0,0.0,0
11:10:52,2194.68,0.0,0.0,0,0.0,0.0,0,0.0,0.0,0
11:10:53,2195.45,0.0,0.0,0,0.0,0.0,0,0.0,0.0,0
11:10:53,2196.25,0.0,0.0,0,0.0,0.0,0,0.0,0.0,0
11:10:54,2197.03,0.0,0.0,0,0.0,0.0,0,0.0,0.0,0
11:10:55,2197.82,0.0,0.0,0,0.0,0.0,0,0.0,0.0,0
11:10:56,2198.59,0.0,0.0,0,0.0,0.0,0,0.0,0.0,0
11:10:56,2199.39,0.0,0.0,0,0.0,0.0,0,0.0,0.0,0
11:10:57,2200.15,0.0,0.0,0,0.0,0.0,0,0.0,0.0,0
11:10:58,2200.93,0.0,0.0,0,0.0,0.0,0,0.0,0.0,0
11:10:59,2201.74,0.0,0.0,0,0.0,0.0,0,0.0,0.0,0
11:11:00,2202.51,0.0,0.0,0,0.0,0.0,0,0.0,0.0,0
11:11:00,2203.27,0.0,0.0,0,0.0,0.0,0,0.0,0.0,0
11:11:01,2204.09,0.0,0.0,0,0.0,0.0,0,0.0,0.0,0
11:11:02,2204.87,0.0,0.0,0,0.0,0.0,0,0.0,0.0,0
11:11:03,2205.68,0.0,0.0,0,0.0,0.0,0,0.0,0.0,0
11:11:04,2206.46,0.0,0.0,0,0.0,0.0,0,0.0,0.0,0
11:11:04,2207.23,0.0,0.0,0,0.0,0.0,0,0.0,0.0,0
11:11:05,2208.0,0.0,0.0,0,0.0,0.0,0,0.0,0.0,0
11:11:06,2208.79,0.0,0.0,0,0.0,0.0,0,0.0,0.0,0
11:11:07,2209.58,0.0,0.0,0,0.0,0.0,0,0.0,0.0,0
11:11:07,2210.39,0.0,0.0,0,0.0,0.0,0,0.0,0.0,0
11:11:08,2211.17,0.0,0.0,0,0.0,0.0,0,0.0,0.0,0
11:11:09,2211.95,0.0,0.0,0,0.0,0.0,0,0.0,0.0,0
11:11:10,2212.74,0.0,0.0,0,0.0,0.0,0,0.0,0.0,0
11:11:11,2213.51,0.0,0.0,0,0.0,0.0,0,0.0,0.0,0
11:11:11,2214.3,0.0,0.0,0,0.0,0.0,0,0.0,0.0,0
11:11:12,2215.06,0.0,0.0,0,0.0,0.0,0,0.0,0.0,0
11:11:13,2215.86,0.0,0.0,0,0.0,0.0,0,0.0,0.0,0
11:11:14,2216.67,0.0,0.0,0,0.0,0.0,0,0.0,0.0,0
11:11:15,2217.46,0.0,0.0,0,0.0,0.0,0,0.0,0.0,0
11:11:15,2218.24,0.0,0.0,0,0.0,0.0,0,0.0,0.0,0
11:11:16,2219.02,0.0,0.0,0,0.0,0.0,0,0.0,0.0,0
11:11:17,2219.8,0.0,0.0,0,0.0,0.0,0,0.0,0.0,0
11:11:18,2220.59,0.0,0.0,0,0.0,0.0,0,0.0,0.0,0
11:11:18,2221.37,0.0,0.0,0,0.0,0.0,0,0.0,0.0,0
11:11:19,2222.14,0.0,0.0,0,0.0,0.0,0,0.0,0.0,0
11:11:20,2222.92,0.0,0.0,0,0.0,0.0,0,0.0,0.0,0
11:11:21,2223.73,0.0,0.0,0,0.0,0.0,0,0.0,0.0,0
11:11:22,2224.54,0.0,0.0,0,0.0,0.0,0,0.0,0.0,0
11:11:22,2225.34,0.0,0.0,0,0.0,0.0,0,0.0,0.0,0
11:11:23,2226.11,0.0,0.0,0,0.0,0.0,0,0.0,0.0,0
11:11:24,2226.9,0.0,0.0,0,0.0,0.0,0,0.0,0.0,0
11:11:25,2227.7,0.0,0.0,0,0.0,0.0,0,0.0,0.0,0
11:11:26,2228.51,0.0,0.0,0,0.0,0.0,0,0.0,0.0,0
11:11:26,2229.27,0.0,0.0,0,0.0,0.0,0,0.0,0.0,0
11:11:27,2230.06,0.0,0.0,0,0.0,0.0,0,0.0,0.0,0
11:11:28,2230.84,0.0,0.0,0,0.0,0.0,0,0.0,0.0,0
11:11:29,2231.63,0.0,0.0,0,0.0,0.0,0,0.0,0.0,0
11:11:30,2232.45,0.0,0.0,0,0.0,0.0,0,0.0,0.0,0
11:11:30,2233.25,0.0,0.0,0,0.0,0.0,0,0.0,0.0,0
11:11:31,2234.02,0.0,0.0,0,0.0,0.0,0,0.0,0.0,0
11:11:32,2234.8,0.0,0.0,0,0.0,0.0,0,0.0,0.0,0
11:11:33,2235.58,0.0,0.0,0,0.0,0.0,0,0.0,0.0,0
11:11:33,2236.35,0.0,0.0,0,0.0,0.0,0,0.0,0.0,0
11:11:34,2237.15,0.0,0.0,0,0.0,0.0,0,0.0,0.0,0
11:11:35,2237.93,0.0,0.0,0,0.0,0.0,0,0.0,0.0,0
11:11:36,2238.72,0.0,0.0,0,0.0,0.0,0,0.0,0.0,0
11:11:37,2239.49,0.0,0.0,0,0.0,0.0,0,0.0,0.0,0
11:11:37,2240.3,0.0,0.0,0,0.0,0.0,0,0.0,0.0,0
11:11:38,2241.08,0.0,0.0,0,0.0,0.0,0,0.0,0.0,0
11:11:39,2241.88,0.0,0.0,0,0.0,0.0,0,0.0,0.0,0
11:11:40,2242.69,0.0,0.0,0,0.0,0.0,0,0.0,0.0,0
11:11:41,2243.47,0.0,0.0,0,0.0,0.0,0,0.0,0.0,0
11:11:41,2244.27,0.0,0.0,0,0.0,0.0,0,0.0,0.0,0
11:11:42,2245.08,0.0,0.0,0,0.0,0.0,0,0.0,0.0,0
11:11:43,2245.88,0.0,0.0,0,0.0,0.0,0,0.0,0.0,0
11:11:44,2246.65,0.0,0.0,0,0.0,0.0,0,0.0,0.0,0
11:11:45,2247.45,0.0,0.0,0,0.0,0.0,0,0.0,0.0,0
11:11:45,2248.23,0.0,0.0,0,0.0,0.0,0,0.0,0.0,0
11:11:46,2249.03,0.0,0.0,0,0.0,0.0,0,0.0,0.0,0
11:11:47,2249.81,0.0,0.0,0,0.0,0.0,0,0.0,0.0,0
11:11:48,2250.62,0.0,0.0,0,0.0,0.0,0,0.0,0.0,0
11:11:48,2251.42,0.0,0.0,0,0.0,0.0,0,0.0,0.0,0
11:11:49,2252.19,0.0,0.0,0,0.0,0.0,0,0.0,0.0,0
11:11:50,2253.01,0.0,0.0,0,0.0,0.0,0,0.0,0.0,0
11:11:51,2253.8,0.0,0.0,0,0.0,0.0,0,0.0,0.0,0
11:11:52,2254.58,0.0,0.0,0,0.0,0.0,0,0.0,0.0,0
11:11:52,2255.39,0.0,0.0,0,0.0,0.0,0,0.0,0.0,0
11:11:53,2256.2,0.0,0.0,0,0.0,0.0,0,0.0,0.0,0
11:11:54,2257.01,0.0,0.0,0,0.0,0.0,0,0.0,0.0,0
11:11:55,2257.8,0.0,0.0,0,0.0,0.0,0,0.0,0.0,0
11:11:56,2258.57,0.0,0.0,0,0.0,0.0,0,0.0,0.0,0
11:11:56,2259.37,0.0,0.0,0,0.0,0.0,0,0.0,0.0,0
11:11:57,2260.15,0.0,0.0,0,0.0,0.0,0,0.0,0.0,0
11:11:58,2260.93,0.0,0.0,0,0.0,0.0,0,0.0,0.0,0
11:11:59,2261.71,0.0,0.0,0,0.0,0.0,0,0.0,0.0,0
11:12:00,2262.51,0.0,0.0,0,0.0,0.0,0,0.0,0.0,0
11:12:00,2263.32,0.0,0.0,0,0.0,0.0,0,0.0,0.0,0
11:12:01,2264.1,0.0,0.0,0,0.0,0.0,0,0.0,0.0,0
11:12:02,2264.91,0.0,0.0,0,0.0,0.0,0,0.0,0.0,0
11:12:03,2265.7,0.0,0.0,0,0.0,0.0,0,0.0,0.0,0
11:12:04,2266.51,0.0,0.0,0,0.0,0.0,0,0.0,0.0,0
11:12:04,2267.29,0.0,0.0,0,0.0,0.0,0,0.0,0.0,0
11:12:05,2268.09,0.0,0.0,0,0.0,0.0,0,0.0,0.0,0
11:12:06,2268.9,0.0,0.0,0,0.0,0.0,0,0.0,0.0,0
11:12:07,2269.68,0.0,0.0,0,0.0,0.0,0,0.0,0.0,0
11:12:08,2270.46,0.0,0.0,0,0.0,0.0,0,0.0,0.0,0
11:12:08,2271.24,0.0,0.0,0,0.0,0.0,0,0.0,0.0,0
11:12:09,2272.06,0.0,0.0,0,0.0,0.0,0,0.0,0.0,0
11:12:10,2272.88,0.0,0.0,0,0.0,0.0,0,0.0,0.0,0
11:12:11,2273.68,0.0,0.0,0,0.0,0.0,0,0.0,0.0,0
11:12:12,2274.45,0.0,0.0,0,0.0,0.0,0,0.0,0.0,0
11:12:12,2275.23,0.0,0.0,0,0.0,0.0,0,0.0,0.0,0
11:12:13,2276.0,0.0,0.0,0,0.0,0.0,0,0.0,0.0,0
11:12:14,2276.82,0.0,0.0,0,0.0,0.0,0,0.0,0.0,0
11:12:15,2277.63,0.0,0.0,0,0.0,0.0,0,0.0,0.0,0
11:12:15,2278.42,0.0,0.0,0,0.0,0.0,0,0.0,0.0,0
11:12:16,2279.19,0.0,0.0,0,0.0,0.0,0,0.0,0.0,0
11:12:17,2279.99,0.0,0.0,0,0.0,0.0,0,0.0,0.0,0
11:12:18,2280.8,0.0,0.0,0,0.0,0.0,0,0.0,0.0,0
11:12:19,2281.58,0.0,0.0,0,0.0,0.0,0,0.0,0.0,0
11:12:19,2282.36,0.0,0.0,0,0.0,0.0,0,0.0,0.0,0
11:12:20,2283.15,0.0,0.0,0,0.0,0.0,0,0.0,0.0,0
11:12:21,2283.97,0.0,0.0,0,0.0,0.0,0,0.0,0.0,0
11:12:22,2284.74,0.0,0.0,0,0.0,0.0,0,0.0,0.0,0
11:12:23,2285.52,0.0,0.0,0,0.0,0.0,0,0.0,0.0,0
11:12:23,2286.3,0.0,0.0,0,0.0,0.0,0,0.0,0.0,0
11:12:24,2287.08,0.0,0.0,0,0.0,0.0,0,0.0,0.0,0
11:12:25,2287.86,0.0,0.0,0,0.0,0.0,0,0.0,0.0,0
11:12:26,2288.69,0.0,0.0,0,0.0,0.0,0,0.0,0.0,0
11:12:27,2289.51,0.0,0.0,0,0.0,0.0,0,0.0,0.0,0
11:12:27,2290.27,0.0,0.0,0,0.0,0.0,0,0.0,0.0,0
11:12:28,2291.05,0.0,0.0,0,0.0,0.0,0,0.0,0.0,0
11:12:29,2291.83,0.0,0.0,0,0.0,0.0,0,0.0,0.0,0
11:12:30,2292.61,0.0,0.0,0,0.0,0.0,0,0.0,0.0,0
11:12:30,2293.38,0.0,0.0,0,0.0,0.0,0,0.0,0.0,0
11:12:31,2294.19,0.0,0.0,0,0.0,0.0,0,0.0,0.0,0
11:12:32,2294.99,0.0,0.0,0,0.0,0.0,0,0.0,0.0,0
11:12:33,2295.79,0.0,0.0,0,0.0,0.0,0,0.0,0.0,0
11:12:34,2296.59,0.0,0.0,0,0.0,0.0,0,0.0,0.0,0
11:12:34,2297.38,0.0,0.0,0,0.0,0.0,0,0.0,0.0,0
11:12:35,2298.16,0.0,0.0,0,0.0,0.0,0,0.0,0.0,0
11:12:36,2298.97,0.0,0.0,0,0.0,0.0,0,0.0,0.0,0
11:12:37,2299.75,0.0,0.0,0,0.0,0.0,0,0.0,0.0,0
11:12:38,2300.54,0.0,0.0,0,0.0,0.0,0,0.0,0.0,0
11:12:38,2301.33,0.0,0.0,0,0.0,0.0,0,0.0,0.0,0
11:12:39,2302.12,0.0,0.0,0,0.0,0.0,0,0.0,0.0,0
11:12:40,2302.89,0.0,0.0,0,0.0,0.0,0,0.0,0.0,0
11:12:41,2303.69,0.0,0.0,0,0.0,0.0,0,0.0,0.0,0
11:12:42,2304.51,0.0,0.0,0,0.0,0.0,0,0.0,0.0,0
11:12:42,2305.3,0.0,0.0,0,0.0,0.0,0,0.0,0.0,0
11:12:43,2306.08,0.0,0.0,0,0.0,0.0,0,0.0,0.0,0
11:12:44,2306.87,0.0,0.0,0,0.0,0.0,0,0.0,0.0,0
11:12:45,2307.68,0.0,0.0,0,0.0,0.0,0,0.0,0.0,0
11:12:46,2308.47,0.0,0.0,0,0.0,0.0,0,0.0,0.0,0
11:12:46,2309.25,0.0,0.0,0,0.0,0.0,0,0.0,0.0,0
11:12:47,2310.03,0.0,0.0,0,0.0,0.0,0,0.0,0.0,0
11:12:48,2310.82,0.0,0.0,0,0.0,0.0,0,0.0,0.0,0
11:12:49,2311.62,0.0,0.0,0,0.0,0.0,0,0.0,0.0,0
11:12:50,2312.45,0.0,0.0,0,0.0,0.0,0,0.0,0.0,0
11:12:50,2313.22,0.0,0.0,0,0.0,0.0,0,0.0,0.0,0
11:12:51,2314.0,0.0,0.0,0,0.0,0.0,0,0.0,0.0,0
11:12:52,2314.77,0.0,0.0,0,0.0,0.0,0,0.0,0.0,0
11:12:53,2315.57,0.0,0.0,0,0.0,0.0,0,0.0,0.0,0
11:12:53,2316.36,0.0,0.0,0,0.0,0.0,0,0.0,0.0,0
11:12:54,2317.13,0.0,0.0,0,0.0,0.0,0,0.0,0.0,0
11:12:55,2317.93,0.0,0.0,0,0.0,0.0,0,0.0,0.0,0
11:12:56,2318.74,0.0,0.0,0,0.0,0.0,0,0.0,0.0,0
11:12:57,2319.54,0.0,0.0,0,0.0,0.0,0,0.0,0.0,0
11:12:57,2320.32,0.0,0.0,0,0.0,0.0,0,0.0,0.0,0
11:12:58,2321.12,0.0,0.0,0,0.0,0.0,0,0.0,0.0,0
11:12:59,2321.89,0.0,0.0,0,0.0,0.0,0,0.0,0.0,0
11:13:00,2322.68,0.0,0.0,0,0.0,0.0,0,0.0,0.0,0
11:13:01,2323.47,0.0,0.0,0,0.0,0.0,0,0.0,0.0,0
11:13:01,2324.27,0.0,0.0,0,0.0,0.0,0,0.0,0.0,0
11:13:02,2325.1,0.0,0.0,0,0.0,0.0,0,0.0,0.0,0
11:13:03,2325.89,0.0,0.0,0,0.0,0.0,0,0.0,0.0,0
11:13:04,2326.68,0.0,0.0,0,0.0,0.0,0,0.0,0.0,0
11:13:05,2327.47,0.0,0.0,0,0.0,0.0,0,0.0,0.0,0
11:13:05,2328.26,0.0,0.0,0,0.0,0.0,0,0.0,0.0,0
11:13:06,2329.04,0.0,0.0,0,0.0,0.0,0,0.0,0.0,0
11:13:07,2329.86,0.0,0.0,0,0.0,0.0,0,0.0,0.0,0
11:13:08,2330.65,0.0,0.0,0,0.0,0.0,0,0.0,0.0,0
11:13:09,2331.45,0.0,0.0,0,0.0,0.0,0,0.0,0.0,0
11:13:09,2332.24,0.0,0.0,0,0.0,0.0,0,0.0,0.0,0
11:13:10,2333.01,0.0,0.0,0,0.0,0.0,0,0.0,0.0,0
11:13:11,2333.79,0.0,0.0,0,0.0,0.0,0,0.0,0.0,0
11:13:12,2334.58,0.0,0.0,0,0.0,0.0,0,0.0,0.0,0
11:13:12,2335.39,0.0,0.0,0,0.0,0.0,0,0.0,0.0,0
11:13:13,2336.17,0.0,0.0,0,0.0,0.0,0,0.0,0.0,0
11:13:14,2336.95,0.0,0.0,0,0.0,0.0,0,0.0,0.0,0
11:13:15,2337.72,0.0,0.0,0,0.0,0.0,0,0.0,0.0,0
11:13:16,2338.51,0.0,0.0,0,0.0,0.0,0,0.0,0.0,0
11:13:16,2339.29,0.0,0.0,0,0.0,0.0,0,0.0,0.0,0
11:13:17,2340.11,0.0,0.0,0,0.0,0.0,0,0.0,0.0,0
11:13:18,2340.97,0.0,0.0,0,0.0,0.0,0,0.0,0.0,0
11:13:19,2341.75,0.0,0.0,0,0.0,0.0,0,0.0,0.0,0
11:13:20,2342.52,0.0,0.0,0,0.0,0.0,0,0.0,0.0,0
11:13:20,2343.31,0.0,0.0,0,0.0,0.0,0,0.0,0.0,0
11:13:21,2344.11,0.0,0.0,0,0.0,0.0,0,0.0,0.0,0
11:13:22,2344.88,0.0,0.0,0,0.0,0.0,0,0.0,0.0,0
11:13:23,2345.7,0.0,0.0,0,0.0,0.0,0,0.0,0.0,0
11:13:24,2346.49,0.0,0.0,0,0.0,0.0,0,0.0,0.0,0
11:13:24,2347.26,0.0,0.0,0,0.0,0.0,0,0.0,0.0,0
11:13:25,2348.06,0.0,0.0,0,0.0,0.0,0,0.0,0.0,0
11:13:26,2348.85,0.0,0.0,0,0.0,0.0,0,0.0,0.0,0
11:13:27,2349.64,0.0,0.0,0,0.0,0.0,0,0.0,0.0,0
11:13:28,2350.46,0.0,0.0,0,0.0,0.0,0,0.0,0.0,0
11:13:28,2351.23,0.0,0.0,0,0.0,0.0,0,0.0,0.0,0
11:13:29,2352.03,0.0,0.0,0,0.0,0.0,0,0.0,0.0,0
11:13:30,2352.82,0.0,0.0,0,0.0,0.0,0,0.0,0.0,0
11:13:31,2353.65,0.0,0.0,0,0.0,0.0,0,0.0,0.0,0
11:13:31,2354.42,0.0,0.0,0,0.0,0.0,0,0.0,0.0,0
11:13:32,2355.19,0.0,0.0,0,0.0,0.0,0,0.0,0.0,0
11:13:33,2356.04,0.0,0.0,0,0.0,0.0,0,0.0,0.0,0
11:13:34,2356.82,0.0,0.0,0,0.0,0.0,0,0.0,0.0,0
11:13:35,2357.61,0.0,0.0,0,0.0,0.0,0,0.0,0.0,0
11:13:35,2358.39,0.0,0.0,0,0.0,0.0,0,0.0,0.0,0
11:13:36,2359.16,0.0,0.0,0,0.0,0.0,0,0.0,0.0,0
11:13:37,2359.97,0.0,0.0,0,0.0,0.0,0,0.0,0.0,0
11:13:38,2360.76,0.0,0.0,0,0.0,0.0,0,0.0,0.0,0
11:13:39,2361.65,0.0,0.0,0,0.0,0.0,0,0.0,0.0,0
11:13:40,2362.45,0.0,0.0,0,0.0,0.0,0,0.0,0.0,0
11:13:40,2363.22,0.0,0.0,0,0.0,0.0,0,0.0,0.0,0
11:13:41,2364.03,0.0,0.0,0,0.0,0.0,0,0.0,0.0,0
11:13:42,2364.83,0.0,0.0,0,0.0,0.0,0,0.0,0.0,0
11:13:43,2365.6,0.0,0.0,0,0.0,0.0,0,0.0,0.0,0
11:13:43,2366.4,0.0,0.0,0,0.0,0.0,0,0.0,0.0,0
11:13:44,2367.17,0.0,0.0,0,0.0,0.0,0,0.0,0.0,0
11:13:45,2367.94,0.0,0.0,0,0.0,0.0,0,0.0,0.0,0
11:13:46,2368.75,0.0,0.0,0,0.0,0.0,0,0.0,0.0,0
11:13:47,2369.53,0.0,0.0,0,0.0,0.0,0,0.0,0.0,0
11:13:47,2370.38,0.0,0.0,0,0.0,0.0,0,0.0,0.0,0
11:13:48,2371.16,0.0,0.0,0,0.0,0.0,0,0.0,0.0,0
11:13:49,2371.94,0.0,0.0,0,0.0,0.0,0,0.0,0.0,0
11:13:50,2372.73,0.0,0.0,0,0.0,0.0,0,0.0,0.0,0
11:13:51,2373.52,0.0,0.0,0,0.0,0.0,0,0.0,0.0,0
11:13:51,2374.32,0.0,0.0,0,0.0,0.0,0,0.0,0.0,0
11:13:52,2375.09,0.0,0.0,0,0.0,0.0,0,0.0,0.0,0
11:13:53,2375.86,0.0,0.0,0,0.0,0.0,0,0.0,0.0,0
11:13:54,2376.67,0.0,0.0,0,0.0,0.0,0,0.0,0.0,0
11:13:55,2377.48,0.0,0.0,0,0.0,0.0,0,0.0,0.0,0
11:13:55,2378.27,0.0,0.0,0,0.0,0.0,0,0.0,0.0,0
11:13:56,2379.05,0.0,0.0,0,0.0,0.0,0,0.0,0.0,0
11:13:57,2379.85,0.0,0.0,0,0.0,0.0,0,0.0,0.0,0
11:13:58,2380.66,0.0,0.0,0,0.0,0.0,0,0.0,0.0,0
11:13:59,2381.47,0.0,0.0,0,0.0,0.0,0,0.0,0.0,0
11:13:59,2382.25,0.0,0.0,0,0.0,0.0,0,0.0,0.0,0
11:14:00,2383.03,0.0,0.0,0,0.0,0.0,0,0.0,0.0,0
11:14:01,2383.81,0.0,0.0,0,0.0,0.0,0,0.0,0.0,0
11:14:02,2384.6,0.0,0.0,0,0.0,0.0,0,0.0,0.0,0
11:14:02,2385.41,0.0,0.0,0,0.0,0.0,0,0.0,0.0,0
11:14:03,2386.19,0.0,0.0,0,0.0,0.0,0,0.0,0.0,0
11:14:04,2386.98,0.0,0.0,0,0.0,0.0,0,0.0,0.0,0
11:14:05,2387.76,0.0,0.0,0,0.0,0.0,0,0.0,0.0,0
11:14:06,2388.54,0.0,0.0,0,0.0,0.0,0,0.0,0.0,0
11:14:06,2389.33,0.0,0.0,0,0.0,0.0,0,0.0,0.0,0
11:14:07,2390.1,0.0,0.0,0,0.0,0.0,0,0.0,0.0,0
11:14:08,2390.91,0.0,0.0,0,0.0,0.0,0,0.0,0.0,0
11:14:09,2391.69,0.0,0.0,0,0.0,0.0,0,0.0,0.0,0
11:14:10,2392.49,0.0,0.0,0,0.0,0.0,0,0.0,0.0,0
11:14:10,2393.29,0.0,0.0,0,0.0,0.0,0,0.0,0.0,0
11:14:11,2394.07,0.0,0.0,0,0.0,0.0,0,0.0,0.0,0
11:14:12,2394.85,0.0,0.0,0,0.0,0.0,0,0.0,0.0,0
11:14:13,2395.66,0.0,0.0,0,0.0,0.0,0,0.0,0.0,0
11:14:13,2396.43,0.0,0.0,0,0.0,0.0,0,0.0,0.0,0
11:14:14,2397.24,0.0,0.0,0,0.0,0.0,0,0.0,0.0,0
11:14:15,2398.02,0.0,0.0,0,0.0,0.0,0,0.0,0.0,0
11:14:16,2398.8,0.0,0.0,0,0.0,0.0,0,0.0,0.0,0
11:14:17,2399.63,0.0,0.0,0,0.0,0.0,0,0.0,0.0,0
11:14:17,2400.41,0.0,0.0,0,0.0,0.0,0,0.0,0.0,0
11:14:18,2401.18,0.0,0.0,0,0.0,0.0,0,0.0,0.0,0
11:14:19,2401.98,0.0,0.0,0,0.0,0.0,0,0.0,0.0,0
11:14:20,2402.78,0.0,0.0,0,0.0,0.0,0,0.0,0.0,0
11:14:21,2403.6,0.0,0.0,0,0.0,0.0,0,0.0,0.0,0
11:14:21,2404.4,0.0,0.0,0,0.0,0.0,0,0.0,0.0,0
11:14:22,2405.18,0.0,0.0,0,0.0,0.0,0,0.0,0.0,0
11:14:23,2405.98,0.0,0.0,0,0.0,0.0,0,0.0,0.0,0
11:14:24,2406.76,0.0,0.0,0,0.0,0.0,0,0.0,0.0,0
11:14:25,2407.56,0.0,0.0,0,0.0,0.0,0,0.0,0.0,0
11:14:25,2408.37,0.0,0.0,0,0.0,0.0,0,0.0,0.0,0
11:14:26,2409.15,0.0,0.0,0,0.0,0.0,0,0.0,0.0,0
11:14:27,2409.94,0.0,0.0,0,0.0,0.0,0,0.0,0.0,0
11:14:28,2410.72,0.0,0.0,0,0.0,0.0,0,0.0,0.0,0
11:14:29,2411.52,0.0,0.0,0,0.0,0.0,0,0.0,0.0,0
11:14:29,2412.32,0.0,0.0,0,0.0,0.0,0,0.0,0.0,0
11:14:30,2413.11,0.0,0.0,0,0.0,0.0,0,0.0,0.0,0
11:14:31,2413.89,0.0,0.0,0,0.0,0.0,0,0.0,0.0,0
11:14:32,2414.67,0.0,0.0,0,0.0,0.0,0,0.0,0.0,0
11:14:32,2415.44,0.0,0.0,0,0.0,0.0,0,0.0,0.0,0
11:14:33,2416.21,0.0,0.0,0,0.0,0.0,0,0.0,0.0,0
11:14:34,2417.01,0.0,0.0,0,0.0,0.0,0,0.0,0.0,0
11:14:35,2417.82,0.0,0.0,0,0.0,0.0,0,0.0,0.0,0
11:14:36,2418.62,0.0,0.0,0,0.0,0.0,0,0.0,0.0,0
11:14:36,2419.41,0.0,0.0,0,0.0,0.0,0,0.0,0.0,0
11:14:37,2420.18,0.0,0.0,0,0.0,0.0,0,0.0,0.0,0
11:14:38,2420.98,0.0,0.0,0,0.0,0.0,0,0.0,0.0,0
11:14:39,2421.81,0.0,0.0,0,0.0,0.0,0,0.0,0.0,0
11:14:40,2422.6,0.0,0.0,0,0.0,0.0,0,0.0,0.0,0
11:14:40,2423.4,0.0,0.0,0,0.0,0.0,0,0.0,0.0,0
11:14:41,2424.16,0.0,0.0,0,0.0,0.0,0,0.0,0.0,0
11:14:42,2424.94,0.0,0.0,0,0.0,0.0,0,0.0,0.0,0
11:14:43,2425.72,0.0,0.0,0,0.0,0.0,0,0.0,0.0,0
11:14:44,2426.5,0.0,0.0,0,0.0,0.0,0,0.0,0.0,0
11:14:44,2427.27,0.0,0.0,0,0.0,0.0,0,0.0,0.0,0
11:14:45,2428.06,0.0,0.0,0,0.0,0.0,0,0.0,0.0,0
11:14:46,2428.84,0.0,0.0,0,0.0,0.0,0,0.0,0.0,0
11:14:47,2429.62,0.0,0.0,0,0.0,0.0,0,0.0,0.0,0
11:14:47,2430.4,0.0,0.0,0,0.0,0.0,0,0.0,0.0,0
11:14:48,2431.17,0.0,0.0,0,0.0,0.0,0,0.0,0.0,0
11:14:49,2431.97,0.0,0.0,0,0.0,0.0,0,0.0,0.0,0
11:14:50,2432.74,0.0,0.0,0,0.0,0.0,0,0.0,0.0,0
11:14:51,2433.52,0.0,0.0,0,0.0,0.0,0,0.0,0.0,0
11:14:51,2434.34,0.0,0.0,0,0.0,0.0,0,0.0,0.0,0
11:14:52,2435.11,0.0,0.0,0,0.0,0.0,0,0.0,0.0,0
11:14:53,2435.89,0.0,0.0,0,0.0,0.0,0,0.0,0.0,0
11:14:54,2436.69,0.0,0.0,0,0.0,0.0,0,0.0,0.0,0
11:14:55,2437.48,0.0,0.0,0,0.0,0.0,0,0.0,0.0,0
11:14:55,2438.31,0.0,0.0,0,0.0,0.0,0,0.0,0.0,0
11:14:56,2439.09,0.0,0.0,0,0.0,0.0,0,0.0,0.0,0
11:14:57,2439.86,0.0,0.0,0,0.0,0.0,0,0.0,0.0,0
11:14:58,2440.64,0.0,0.0,0,0.0,0.0,0,0.0,0.0,0
11:14:58,2441.41,0.0,0.0,0,0.0,0.0,0,0.0,0.0,0
11:14:59,2442.18,0.0,0.0,0,0.0,0.0,0,0.0,0.0,0
11:15:00,2442.96,0.0,0.0,0,0.0,0.0,0,0.0,0.0,0
11:15:01,2443.75,0.0,0.0,0,0.0,0.0,0,0.0,0.0,0
11:15:02,2444.57,0.0,0.0,0,0.0,0.0,0,0.0,0.0,0
11:15:02,2445.38,0.0,0.0,0,0.0,0.0,0,0.0,0.0,0
11:15:03,2446.15,0.0,0.0,0,0.0,0.0,0,0.0,0.0,0
11:15:04,2446.97,0.0,0.0,0,0.0,0.0,0,0.0,0.0,0
11:15:05,2447.75,0.0,0.0,0,0.0,0.0,0,0.0,0.0,0
11:15:06,2448.54,0.0,0.0,0,0.0,0.0,0,0.0,0.0,0
11:15:06,2449.36,0.0,0.0,0,0.0,0.0,0,0.0,0.0,0
11:15:07,2450.13,0.0,0.0,0,0.0,0.0,0,0.0,0.0,0
11:15:08,2450.92,0.0,0.0,0,0.0,0.0,0,0.0,0.0,0
11:15:09,2451.71,0.0,0.0,0,0.0,0.0,0,0.0,0.0,0
11:15:10,2452.5,0.0,0.0,0,0.0,0.0,0,0.0,0.0,0
11:15:10,2453.33,0.0,0.0,0,0.0,0.0,0,0.0,0.0,0
11:15:11,2454.12,0.0,0.0,0,0.0,0.0,0,0.0,0.0,0
11:15:12,2454.93,0.0,0.0,0,0.0,0.0,0,0.0,0.0,0
11:15:13,2455.72,0.0,0.0,0,0.0,0.0,0,0.0,0.0,0
11:15:14,2456.51,0.0,0.0,0,0.0,0.0,0,0.0,0.0,0
11:15:14,2457.28,0.0,0.0,0,0.0,0.0,0,0.0,0.0,0
11:15:15,2458.07,0.0,0.0,0,0.0,0.0,0,0.0,0.0,0
11:15:16,2458.83,0.0,0.0,0,0.0,0.0,0,0.0,0.0,0
11:15:17,2459.63,0.0,0.0,0,0.0,0.0,0,0.0,0.0,0
11:15:17,2460.42,0.0,0.0,0,0.0,0.0,0,0.0,0.0,0
11:15:18,2461.19,0.0,0.0,0,0.0,0.0,0,0.0,0.0,0
11:15:19,2462.0,0.0,0.0,0,0.0,0.0,0,0.0,0.0,0
11:15:20,2462.79,0.0,0.0,0,0.0,0.0,0,0.0,0.0,0
11:15:21,2463.59,0.0,0.0,0,0.0,0.0,0,0.0,0.0,0
11:15:21,2464.35,0.0,0.0,0,0.0,0.0,0,0.0,0.0,0
11:15:22,2465.2,0.0,0.0,0,0.0,0.0,0,0.0,0.0,0
11:15:23,2466.06,0.0,0.0,0,0.0,0.0,0,0.0,0.0,0
11:15:24,2466.83,0.0,0.0,0,0.0,0.0,0,0.0,0.0,0
11:15:25,2467.63,0.0,0.0,0,0.0,0.0,0,0.0,0.0,0
11:15:25,2468.41,0.0,0.0,0,0.0,0.0,0,0.0,0.0,0
11:15:26,2469.21,0.0,0.0,0,0.0,0.0,0,0.0,0.0,0
11:15:27,2470.03,0.0,0.0,0,0.0,0.0,0,0.0,0.0,0
11:15:28,2470.83,0.0,0.0,0,0.0,0.0,0,0.0,0.0,0
11:15:29,2471.61,0.0,0.0,0,0.0,0.0,0,0.0,0.0,0
11:15:29,2472.39,0.0,0.0,0,0.0,0.0,0,0.0,0.0,0
11:15:30,2473.17,0.0,0.0,0,0.0,0.0,0,0.0,0.0,0
11:15:31,2473.96,0.0,0.0,0,0.0,0.0,0,0.0,0.0,0
11:15:32,2474.75,0.0,0.0,0,0.0,0.0,0,0.0,0.0,0
11:15:33,2475.58,0.0,0.0,0,0.0,0.0,0,0.0,0.0,0
11:15:33,2476.37,0.0,0.0,0,0.0,0.0,0,0.0,0.0,0
11:15:34,2477.16,0.0,0.0,0,0.0,0.0,0,0.0,0.0,0
11:15:35,2477.96,0.0,0.0,0,0.0,0.0,0,0.0,0.0,0
11:15:36,2478.77,0.0,0.0,0,0.0,0.0,0,0.0,0.0,0
11:15:37,2479.62,0.0,0.0,0,0.0,0.0,0,0.0,0.0,0
11:15:37,2480.42,0.0,0.0,0,0.0,0.0,0,0.0,0.0,0
11:15:38,2481.19,0.0,0.0,0,0.0,0.0,0,0.0,0.0,0
11:15:39,2481.97,0.0,0.0,0,0.0,0.0,0,0.0,0.0,0
11:15:40,2482.77,0.0,0.0,0,0.0,0.0,0,0.0,0.0,0
11:15:41,2483.54,0.0,0.0,0,0.0,0.0,0,0.0,0.0,0
11:15:41,2484.35,0.0,0.0,0,0.0,0.0,0,0.0,0.0,0
11:15:42,2485.13,0.0,0.0,0,0.0,0.0,0,0.0,0.0,0
11:15:43,2485.92,0.0,0.0,0,0.0,0.0,0,0.0,0.0,0
11:15:44,2486.73,0.0,0.0,0,0.0,0.0,0,0.0,0.0,0
11:15:45,2487.52,0.0,0.0,0,0.0,0.0,0,0.0,0.0,0
11:15:45,2488.3,0.0,0.0,0,0.0,0.0,0,0.0,0.0,0
11:15:46,2489.07,0.0,0.0,0,0.0,0.0,0,0.0,0.0,0
11:15:47,2489.88,0.0,0.0,0,0.0,0.0,0,0.0,0.0,0
11:15:48,2490.66,0.0,0.0,0,0.0,0.0,0,0.0,0.0,0
11:15:49,2491.46,0.0,0.0,0,0.0,0.0,0,0.0,0.0,0
11:15:49,2492.24,0.0,0.0,0,0.0,0.0,0,0.0,0.0,0
11:15:50,2493.03,0.0,0.0,0,0.0,0.0,0,0.0,0.0,0
11:15:51,2493.83,0.0,0.0,0,0.0,0.0,0,0.0,0.0,0
11:15:52,2494.63,0.0,0.0,0,0.0,0.0,0,0.0,0.0,0
11:15:52,2495.42,0.0,0.0,0,0.0,0.0,0,0.0,0.0,0
11:15:53,2496.2,0.0,0.0,0,0.0,0.0,0,0.0,0.0,0
11:15:54,2496.97,0.0,0.0,0,0.0,0.0,0,0.0,0.0,0
11:15:55,2497.75,0.0,0.0,0,0.0,0.0,0,0.0,0.0,0
11:15:56,2498.52,0.0,0.0,0,0.0,0.0,0,0.0,0.0,0
11:15:56,2499.31,0.0,0.0,0,0.0,0.0,0,0.0,0.0,0
11:15:57,2500.11,0.0,0.0,0,0.0,0.0,0,0.0,0.0,0
11:15:58,2500.89,0.0,0.0,0,0.0,0.0,0,0.0,0.0,0
11:15:59,2501.68,0.0,0.0,0,0.0,0.0,0,0.0,0.0,0
11:16:00,2502.47,0.0,0.0,0,0.0,0.0,0,0.0,0.0,0
11:16:00,2503.24,0.0,0.0,0,0.0,0.0,0,0.0,0.0,0
11:16:01,2504.03,0.0,0.0,0,0.0,0.0,0,0.0,0.0,0
11:16:02,2504.83,0.0,0.0,0,0.0,0.0,0,0.0,0.0,0
11:16:03,2505.63,0.0,0.0,0,0.0,0.0,0,0.0,0.0,0
11:16:04,2506.46,0.0,0.0,0,0.0,0.0,0,0.0,0.0,0
11:16:04,2507.24,0.0,0.0,0,0.0,0.0,0,0.0,0.0,0
11:16:05,2508.02,0.0,0.0,0,0.0,0.0,0,0.0,0.0,0
11:16:06,2508.84,0.0,0.0,0,0.0,0.0,0,0.0,0.0,0
11:16:07,2509.63,0.0,0.0,0,0.0,0.0,0,0.0,0.0,0
11:16:07,2510.42,0.0,0.0,0,0.0,0.0,0,0.0,0.0,0
11:16:08,2511.21,0.0,0.0,0,0.0,0.0,0,0.0,0.0,0
11:16:09,2512.0,0.0,0.0,0,0.0,0.0,0,0.0,0.0,0
11:16:10,2512.78,0.0,0.0,0,0.0,0.0,0,0.0,0.0,0
11:16:11,2513.58,0.0,0.0,0,0.0,0.0,0,0.0,0.0,0
11:16:11,2514.37,0.0,0.0,0,0.0,0.0,0,0.0,0.0,0
11:16:12,2515.15,0.0,0.0,0,0.0,0.0,0,0.0,0.0,0
11:16:13,2515.93,0.0,0.0,0,0.0,0.0,0,0.0,0.0,0
11:16:14,2516.73,0.0,0.0,0,0.0,0.0,0,0.0,0.0,0
11:16:15,2517.51,0.0,0.0,0,0.0,0.0,0,0.0,0.0,0
11:16:15,2518.29,0.0,0.0,0,0.0,0.0,0,0.0,0.0,0
11:16:16,2519.08,0.0,0.0,0,0.0,0.0,0,0.0,0.0,0
11:16:17,2519.88,0.0,0.0,0,0.0,0.0,0,0.0,0.0,0
11:16:18,2520.76,0.0,0.0,0,0.0,0.0,0,0.0,0.0,0
11:16:19,2521.53,0.0,0.0,0,0.0,0.0,0,0.0,0.0,0
11:16:19,2522.32,0.0,0.0,0,0.0,0.0,0,0.0,0.0,0
11:16:20,2523.1,0.0,0.0,0,0.0,0.0,0,0.0,0.0,0
11:16:21,2523.9,0.0,0.0,0,0.0,0.0,0,0.0,0.0,0
11:16:22,2524.7,0.0,0.0,0,0.0,0.0,0,0.0,0.0,0
11:16:23,2525.53,0.0,0.0,0,0.0,0.0,0,0.0,0.0,0
11:16:23,2526.3,0.0,0.0,0,0.0,0.0,0,0.0,0.0,0
11:16:24,2527.1,0.0,0.0,0,0.0,0.0,0,0.0,0.0,0
11:16:25,2527.88,0.0,0.0,0,0.0,0.0,0,0.0,0.0,0
11:16:26,2528.66,0.0,0.0,0,0.0,0.0,0,0.0,0.0,0
11:16:27,2529.45,0.0,0.0,0,0.0,0.0,0,0.0,0.0,0
11:16:27,2530.22,0.0,0.0,0,0.0,0.0,0,0.0,0.0,0
11:16:28,2531.02,0.0,0.0,0,0.0,0.0,0,0.0,0.0,0
11:16:29,2531.79,0.0,0.0,0,0.0,0.0,0,0.0,0.0,0
11:16:30,2532.57,0.0,0.0,0,0.0,0.0,0,0.0,0.0,0
11:16:30,2533.37,0.0,0.0,0,0.0,0.0,0,0.0,0.0,0
11:16:31,2534.15,0.0,0.0,0,0.0,0.0,0,0.0,0.0,0
11:16:32,2534.95,0.0,0.0,0,0.0,0.0,0,0.0,0.0,0
11:16:33,2535.74,0.0,0.0,0,0.0,0.0,0,0.0,0.0,0
11:16:34,2536.51,0.0,0.0,0,0.0,0.0,0,0.0,0.0,0
11:16:34,2537.28,0.0,0.0,0,0.0,0.0,0,0.0,0.0,0
11:16:35,2538.06,0.0,0.0,0,0.0,0.0,0,0.0,0.0,0
11:16:36,2538.86,0.0,0.0,0,0.0,0.0,0,0.0,0.0,0
11:16:37,2539.65,0.0,0.0,0,0.0,0.0,0,0.0,0.0,0
11:16:37,2540.42,0.0,0.0,0,0.0,0.0,0,0.0,0.0,0
11:16:38,2541.19,0.0,0.0,0,0.0,0.0,0,0.0,0.0,0
11:16:39,2541.99,0.0,0.0,0,0.0,0.0,0,0.0,0.0,0
11:16:40,2542.78,0.0,0.0,0,0.0,0.0,0,0.0,0.0,0
11:16:41,2543.59,0.0,0.0,0,0.0,0.0,0,0.0,0.0,0
11:16:41,2544.39,0.0,0.0,0,0.0,0.0,0,0.0,0.0,0
11:16:42,2545.16,0.0,0.0,0,0.0,0.0,0,0.0,0.0,0
11:16:43,2545.92,0.0,0.0,0,0.0,0.0,0,0.0,0.0,0
11:16:44,2546.7,0.0,0.0,0,0.0,0.0,0,0.0,0.0,0
11:16:45,2547.52,0.0,0.0,0,0.0,0.0,0,0.0,0.0,0
11:16:45,2548.3,0.0,0.0,0,0.0,0.0,0,0.0,0.0,0
11:16:46,2549.07,0.0,0.0,0,0.0,0.0,0,0.0,0.0,0
11:16:47,2549.87,0.0,0.0,0,0.0,0.0,0,0.0,0.0,0
11:16:48,2550.67,0.0,0.0,0,0.0,0.0,0,0.0,0.0,0
11:16:49,2551.47,0.0,0.0,0,0.0,0.0,0,0.0,0.0,0
11:16:49,2552.27,0.0,0.0,0,0.0,0.0,0,0.0,0.0,0
11:16:50,2553.13,0.0,0.0,0,0.0,0.0,0,0.0,0.0,0
11:16:51,2553.95,0.0,0.0,0,0.0,0.0,0,0.0,0.0,0
11:16:52,2554.75,0.0,0.0,0,0.0,0.0,0,0.0,0.0,0
11:16:53,2555.52,0.0,0.0,0,0.0,0.0,0,0.0,0.0,0
11:16:53,2556.3,0.0,0.0,0,0.0,0.0,0,0.0,0.0,0
11:16:54,2557.07,0.0,0.0,0,0.0,0.0,0,0.0,0.0,0
11:16:55,2557.88,0.0,0.0,0,0.0,0.0,0,0.0,0.0,0
11:16:56,2558.67,0.0,0.0,0,0.0,0.0,0,0.0,0.0,0
11:16:57,2559.48,0.0,0.0,0,0.0,0.0,0,0.0,0.0,0
11:16:57,2560.29,0.0,0.0,0,0.0,0.0,0,0.0,0.0,0
11:16:58,2561.07,0.0,0.0,0,0.0,0.0,0,0.0,0.0,0
11:16:59,2561.91,0.0,0.0,0,0.0,0.0,0,0.0,0.0,0
11:17:00,2562.69,0.0,0.0,0,0.0,0.0,0,0.0,0.0,0
11:17:01,2563.5,0.0,0.0,0,0.0,0.0,0,0.0,0.0,0
11:17:01,2564.28,0.0,0.0,0,0.0,0.0,0,0.0,0.0,0
11:17:02,2565.07,0.0,0.0,0,0.0,0.0,0,0.0,0.0,0
11:17:03,2565.86,0.0,0.0,0,0.0,0.0,0,0.0,0.0,0
11:17:04,2566.7,0.0,0.0,0,0.0,0.0,0,0.0,0.0,0
11:17:05,2567.51,0.0,0.0,0,0.0,0.0,0,0.0,0.0,0
11:17:05,2568.31,0.0,0.0,0,0.0,0.0,0,0.0,0.0,0
11:17:06,2569.09,0.0,0.0,0,0.0,0.0,0,0.0,0.0,0
11:17:07,2569.88,0.0,0.0,0,0.0,0.0,0,0.0,0.0,0
11:17:08,2570.65,0.0,0.0,0,0.0,0.0,0,0.0,0.0,0
11:17:08,2571.44,0.0,0.0,0,0.0,0.0,0,0.0,0.0,0
11:17:09,2572.21,0.0,0.0,0,0.0,0.0,0,0.0,0.0,0
11:17:10,2573.0,0.0,0.0,0,0.0,0.0,0,0.0,0.0,0
11:17:11,2573.78,0.0,0.0,0,0.0,0.0,0,0.0,0.0,0
11:17:12,2574.56,0.0,0.0,0,0.0,0.0,0,0.0,0.0,0
11:17:12,2575.37,0.0,0.0,0,0.0,0.0,0,0.0,0.0,0
11:17:13,2576.17,0.0,0.0,0,0.0,0.0,0,0.0,0.0,0
11:17:14,2576.98,0.0,0.0,0,0.0,0.0,0,0.0,0.0,0
11:17:15,2577.75,0.0,0.0,0,0.0,0.0,0,0.0,0.0,0
11:17:16,2578.53,0.0,0.0,0,0.0,0.0,0,0.0,0.0,0
11:17:16,2579.29,0.0,0.0,0,0.0,0.0,0,0.0,0.0,0
11:17:17,2580.07,0.0,0.0,0,0.0,0.0,0,0.0,0.0,0
11:17:18,2580.87,0.0,0.0,0,0.0,0.0,0,0.0,0.0,0
11:17:19,2581.66,0.0,0.0,0,0.0,0.0,0,0.0,0.0,0
11:17:20,2582.47,0.0,0.0,0,0.0,0.0,0,0.0,0.0,0
11:17:20,2583.24,0.0,0.0,0,0.0,0.0,0,0.0,0.0,0
11:17:21,2584.02,0.0,0.0,0,0.0,0.0,0,0.0,0.0,0
11:17:22,2584.79,0.0,0.0,0,0.0,0.0,0,0.0,0.0,0
11:17:23,2585.56,0.0,0.0,0,0.0,0.0,0,0.0,0.0,0
11:17:23,2586.36,0.0,0.0,0,0.0,0.0,0,0.0,0.0,0
11:17:24,2587.14,0.0,0.0,0,0.0,0.0,0,0.0,0.0,0
11:17:25,2587.92,0.0,0.0,0,0.0,0.0,0,0.0,0.0,0
11:17:26,2588.73,0.0,0.0,0,0.0,0.0,0,0.0,0.0,0
11:17:27,2589.51,0.0,0.0,0,0.0,0.0,0,0.0,0.0,0
11:17:27,2590.28,0.0,0.0,0,0.0,0.0,0,0.0,0.0,0
11:17:28,2591.07,0.0,0.0,0,0.0,0.0,0,0.0,0.0,0
11:17:29,2591.86,0.0,0.0,0,0.0,0.0,0,0.0,0.0,0
11:17:30,2592.63,0.0,0.0,0,0.0,0.0,0,0.0,0.0,0
11:17:30,2593.44,0.0,0.0,0,0.0,0.0,0,0.0,0.0,0
11:17:31,2594.22,0.0,0.0,0,0.0,0.0,0,0.0,0.0,0
11:17:32,2595.02,0.0,0.0,0,0.0,0.0,0,0.0,0.0,0
11:17:33,2595.8,0.0,0.0,0,0.0,0.0,0,0.0,0.0,0
11:17:34,2596.61,0.0,0.0,0,0.0,0.0,0,0.0,0.0,0
11:17:34,2597.4,0.0,0.0,0,0.0,0.0,0,0.0,0.0,0
11:17:35,2598.19,0.0,0.0,0,0.0,0.0,0,0.0,0.0,0
11:17:36,2599.01,0.0,0.0,0,0.0,0.0,0,0.0,0.0,0
11:17:37,2599.78,0.0,0.0,0,0.0,0.0,0,0.0,0.0,0
11:17:38,2600.54,0.0,0.0,0,0.0,0.0,0,0.0,0.0,0
11:17:38,2601.33,0.0,0.0,0,0.0,0.0,0,0.0,0.0,0
11:17:39,2602.13,0.0,0.0,0,0.0,0.0,0,0.0,0.0,0
11:17:40,2602.9,0.0,0.0,0,0.0,0.0,0,0.0,0.0,0
11:17:41,2603.73,0.0,0.0,0,0.0,0.0,0,0.0,0.0,0
11:17:42,2604.53,0.0,0.0,0,0.0,0.0,0,0.0,0.0,0
11:17:42,2605.32,0.0,0.0,0,0.0,0.0,0,0.0,0.0,0
11:17:43,2606.11,0.0,0.0,0,0.0,0.0,0,0.0,0.0,0
11:17:44,2606.89,0.0,0.0,0,0.0,0.0,0,0.0,0.0,0
11:17:45,2607.69,0.0,0.0,0,0.0,0.0,0,0.0,0.0,0
11:17:46,2608.49,0.0,0.0,0,0.0,0.0,0,0.0,0.0,0
11:17:46,2609.3,0.0,0.0,0,0.0,0.0,0,0.0,0.0,0
11:17:47,2610.08,0.0,0.0,0,0.0,0.0,0,0.0,0.0,0
11:17:48,2610.86,0.0,0.0,0,0.0,0.0,0,0.0,0.0,0
11:17:49,2611.66,0.0,0.0,0,0.0,0.0,0,0.0,0.0,0
11:17:50,2612.46,0.0,0.0,0,0.0,0.0,0,0.0,0.0,0
11:17:50,2613.24,0.0,0.0,0,0.0,0.0,0,0.0,0.0,0
11:17:51,2614.04,0.0,0.0,0,0.0,0.0,0,0.0,0.0,0
11:17:52,2614.81,0.0,0.0,0,0.0,0.0,0,0.0,0.0,0
11:17:53,2615.59,0.0,0.0,0,0.0,0.0,0,0.0,0.0,0
11:17:53,2616.38,0.0,0.0,0,0.0,0.0,0,0.0,0.0,0
11:17:54,2617.16,0.0,0.0,0,0.0,0.0,0,0.0,0.0,0
11:17:55,2617.96,0.0,0.0,0,0.0,0.0,0,0.0,0.0,0
11:17:56,2618.76,0.0,0.0,0,0.0,0.0,0,0.0,0.0,0
11:17:57,2619.57,0.0,0.0,0,0.0,0.0,0,0.0,0.0,0
11:17:57,2620.34,0.0,0.0,0,0.0,0.0,0,0.0,0.0,0
11:17:58,2621.11,0.0,0.0,0,0.0,0.0,0,0.0,0.0,0
11:17:59,2621.89,0.0,0.0,0,0.0,0.0,0,0.0,0.0,0
11:18:00,2622.69,0.0,0.0,0,0.0,0.0,0,0.0,0.0,0
11:18:01,2623.48,0.0,0.0,0,0.0,0.0,0,0.0,0.0,0
11:18:01,2624.27,0.0,0.0,0,0.0,0.0,0,0.0,0.0,0
11:18:02,2625.04,0.0,0.0,0,0.0,0.0,0,0.0,0.0,0
11:18:03,2625.85,0.0,0.0,0,0.0,0.0,0,0.0,0.0,0
11:18:04,2626.67,0.0,0.0,0,0.0,0.0,0,0.0,0.0,0
11:18:05,2627.45,0.0,0.0,0,0.0,0.0,0,0.0,0.0,0
11:18:05,2628.26,0.0,0.0,0,0.0,0.0,0,0.0,0.0,0
11:18:06,2629.05,0.0,0.0,0,0.0,0.0,0,0.0,0.0,0
11:18:07,2629.88,0.0,0.0,0,0.0,0.0,0,0.0,0.0,0
11:18:08,2630.71,0.0,0.0,0,0.0,0.0,0,0.0,0.0,0
11:18:09,2631.5,0.0,0.0,0,0.0,0.0,0,0.0,0.0,0
11:18:09,2632.28,0.0,0.0,0,0.0,0.0,0,0.0,0.0,0
11:18:10,2633.09,0.0,0.0,0,0.0,0.0,0,0.0,0.0,0
11:18:11,2633.87,0.0,0.0,0,0.0,0.0,0,0.0,0.0,0
11:18:12,2634.68,0.0,0.0,0,0.0,0.0,0,0.0,0.0,0
11:18:13,2635.5,0.0,0.0,0,0.0,0.0,0,0.0,0.0,0
11:18:13,2636.28,0.0,0.0,0,0.0,0.0,0,0.0,0.0,0
11:18:14,2637.06,0.0,0.0,0,0.0,0.0,0,0.0,0.0,0
11:18:15,2637.87,0.0,0.0,0,0.0,0.0,0,0.0,0.0,0
11:18:16,2638.64,0.0,0.0,0,0.0,0.0,0,0.0,0.0,0
11:18:17,2639.44,0.0,0.0,0,0.0,0.0,0,0.0,0.0,0
11:18:17,2640.25,0.0,0.0,0,0.0,0.0,0,0.0,0.0,0
11:18:18,2641.06,0.0,0.0,0,0.0,0.0,0,0.0,0.0,0
11:18:19,2641.82,0.0,0.0,0,0.0,0.0,0,0.0,0.0,0
11:18:20,2642.62,0.0,0.0,0,0.0,0.0,0,0.0,0.0,0
11:18:20,2643.42,0.0,0.0,0,0.0,0.0,0,0.0,0.0,0
11:18:21,2644.24,0.0,0.0,0,0.0,0.0,0,0.0,0.0,0
11:18:22,2645.02,0.0,0.0,0,0.0,0.0,0,0.0,0.0,0
11:18:23,2645.79,0.0,0.0,0,0.0,0.0,0,0.0,0.0,0
11:18:24,2646.58,0.0,0.0,0,0.0,0.0,0,0.0,0.0,0
11:18:24,2647.35,0.0,0.0,0,0.0,0.0,0,0.0,0.0,0
11:18:25,2648.13,0.0,0.0,0,0.0,0.0,0,0.0,0.0,0
11:18:26,2648.94,0.0,0.0,0,0.0,0.0,0,0.0,0.0,0
11:18:27,2649.72,0.0,0.0,0,0.0,0.0,0,0.0,0.0,0
11:18:28,2650.56,0.0,0.0,0,0.0,0.0,0,0.0,0.0,0
11:18:28,2651.36,0.0,0.0,0,0.0,0.0,0,0.0,0.0,0
11:18:29,2652.12,0.0,0.0,0,0.0,0.0,0,0.0,0.0,0
11:18:30,2652.91,0.0,0.0,0,0.0,0.0,0,0.0,0.0,0
11:18:31,2653.69,0.0,0.0,0,0.0,0.0,0,0.0,0.0,0
11:18:32,2654.48,0.0,0.0,0,0.0,0.0,0,0.0,0.0,0
11:18:32,2655.26,0.0,0.0,0,0.0,0.0,0,0.0,0.0,0
11:18:33,2656.03,0.0,0.0,0,0.0,0.0,0,0.0,0.0,0
11:18:34,2656.81,0.0,0.0,0,0.0,0.0,0,0.0,0.0,0
11:18:35,2657.59,0.0,0.0,0,0.0,0.0,0,0.0,0.0,0
11:18:35,2658.37,0.0,0.0,0,0.0,0.0,0,0.0,0.0,0
11:18:36,2659.19,0.0,0.0,0,0.0,0.0,0,0.0,0.0,0
11:18:37,2659.97,0.0,0.0,0,0.0,0.0,0,0.0,0.0,0
11:18:38,2660.77,0.0,0.0,0,0.0,0.0,0,0.0,0.0,0
11:18:39,2661.56,0.0,0.0,0,0.0,0.0,0,0.0,0.0,0
11:18:39,2662.35,0.0,0.0,0,0.0,0.0,0,0.0,0.0,0
11:18:40,2663.13,0.0,0.0,0,0.0,0.0,0,0.0,0.0,0
11:18:41,2663.92,0.0,0.0,0,0.0,0.0,0,0.0,0.0,0
11:18:42,2664.72,0.0,0.0,0,0.0,0.0,0,0.0,0.0,0
11:18:43,2665.53,0.0,0.0,0,0.0,0.0,0,0.0,0.0,0
11:18:43,2666.32,0.0,0.0,0,0.0,0.0,0,0.0,0.0,0
11:18:44,2667.09,0.0,0.0,0,0.0,0.0,0,0.0,0.0,0
11:18:45,2667.87,0.0,0.0,0,0.0,0.0,0,0.0,0.0,0
11:18:46,2668.64,0.0,0.0,0,0.0,0.0,0,0.0,0.0,0
11:18:47,2669.45,0.0,0.0,0,0.0,0.0,0,0.0,0.0,0
11:18:47,2670.22,0.0,0.0,0,0.0,0.0,0,0.0,0.0,0
11:18:48,2671.01,0.0,0.0,0,0.0,0.0,0,0.0,0.0,0
11:18:49,2671.79,0.0,0.0,0,0.0,0.0,0,0.0,0.0,0
11:18:50,2672.57,0.0,0.0,0,0.0,0.0,0,0.0,0.0,0
11:18:50,2673.37,0.0,0.0,0,0.0,0.0,0,0.0,0.0,0
11:18:51,2674.15,0.0,0.0,0,0.0,0.0,0,0.0,0.0,0
11:18:52,2674.92,0.0,0.0,0,0.0,0.0,0,0.0,0.0,0
11:18:53,2675.72,0.0,0.0,0,0.0,0.0,0,0.0,0.0,0
11:18:54,2676.5,0.0,0.0,0,0.0,0.0,0,0.0,0.0,0
11:18:54,2677.29,0.0,0.0,0,0.0,0.0,0,0.0,0.0,0
11:18:55,2678.06,0.0,0.0,0,0.0,0.0,0,0.0,0.0,0
11:18:56,2678.84,0.0,0.0,0,0.0,0.0,0,0.0,0.0,0
11:18:57,2679.64,0.0,0.0,0,0.0,0.0,0,0.0,0.0,0
11:18:57,2680.42,0.0,0.0,0,0.0,0.0,0,0.0,0.0,0
11:18:58,2681.21,0.0,0.0,0,0.0,0.0,0,0.0,0.0,0
11:18:59,2682.02,0.0,0.0,0,0.0,0.0,0,0.0,0.0,0
11:19:00,2682.8,0.0,0.0,0,0.0,0.0,0,0.0,0.0,0
11:19:01,2683.59,0.0,0.0,0,0.0,0.0,0,0.0,0.0,0
11:19:01,2684.39,0.0,0.0,0,0.0,0.0,0,0.0,0.0,0
11:19:02,2685.16,0.0,0.0,0,0.0,0.0,0,0.0,0.0,0
11:19:03,2685.94,0.0,0.0,0,0.0,0.0,0,0.0,0.0,0
11:19:04,2686.73,0.0,0.0,0,0.0,0.0,0,0.0,0.0,0
11:19:05,2687.58,0.0,0.0,0,0.0,0.0,0,0.0,0.0,0
11:19:05,2688.34,0.0,0.0,0,0.0,0.0,0,0.0,0.0,0
11:19:06,2689.14,0.0,0.0,0,0.0,0.0,0,0.0,0.0,0
11:19:07,2689.95,0.0,0.0,0,0.0,0.0,0,0.0,0.0,0
11:19:08,2690.74,0.0,0.0,0,0.0,0.0,0,0.0,0.0,0
11:19:09,2691.55,0.0,0.0,0,0.0,0.0,0,0.0,0.0,0
11:19:09,2692.34,0.0,0.0,0,0.0,0.0,0,0.0,0.0,0
11:19:10,2693.1,0.0,0.0,0,0.0,0.0,0,0.0,0.0,0
11:19:11,2693.91,0.0,0.0,0,0.0,0.0,0,0.0,0.0,0
11:19:12,2694.68,0.0,0.0,0,0.0,0.0,0,0.0,0.0,0
11:19:13,2695.47,0.0,0.0,0,0.0,0.0,0,0.0,0.0,0
11:19:13,2696.3,0.0,0.0,0,0.0,0.0,0,0.0,0.0,0
11:19:14,2697.07,0.0,0.0,0,0.0,0.0,0,0.0,0.0,0
11:19:15,2697.89,0.0,0.0,0,0.0,0.0,0,0.0,0.0,0
11:19:16,2698.69,0.0,0.0,0,0.0,0.0,0,0.0,0.0,0
11:19:17,2699.55,0.0,0.0,0,0.0,0.0,0,0.0,0.0,0
11:19:17,2700.32,0.0,0.0,0,0.0,0.0,0,0.0,0.0,0
11:19:18,2701.11,0.0,0.0,0,0.0,0.0,0,0.0,0.0,0
11:19:19,2701.92,0.0,0.0,0,0.0,0.0,0,0.0,0.0,0
11:19:20,2702.69,0.0,0.0,0,0.0,0.0,0,0.0,0.0,0
11:19:21,2703.46,0.0,0.0,0,0.0,0.0,0,0.0,0.0,0
11:19:21,2704.25,0.0,0.0,0,0.0,0.0,0,0.0,0.0,0
11:19:22,2705.02,0.0,0.0,0,0.0,0.0,0,0.0,0.0,0
11:19:23,2705.81,0.0,0.0,0,0.0,0.0,0,0.0,0.0,0
11:19:24,2706.61,0.0,0.0,0,0.0,0.0,0,0.0,0.0,0
11:19:24,2707.42,0.0,0.0,0,0.0,0.0,0,0.0,0.0,0
11:19:25,2708.21,0.0,0.0,0,0.0,0.0,0,0.0,0.0,0
11:19:26,2709.01,0.0,0.0,0,0.0,0.0,0,0.0,0.0,0
11:19:27,2709.81,0.0,0.0,0,0.0,0.0,0,0.0,0.0,0
11:19:28,2710.59,0.0,0.0,0,0.0,0.0,0,0.0,0.0,0
11:19:28,2711.37,0.0,0.0,0,0.0,0.0,0,0.0,0.0,0
11:19:29,2712.21,0.0,0.0,0,0.0,0.0,0,0.0,0.0,0
11:19:30,2712.98,0.0,0.0,0,0.0,0.0,0,0.0,0.0,0
11:19:31,2713.76,0.0,0.0,0,0.0,0.0,0,0.0,0.0,0
11:19:32,2714.53,0.0,0.0,0,0.0,0.0,0,0.0,0.0,0
11:19:32,2715.33,0.0,0.0,0,0.0,0.0,0,0.0,0.0,0
11:19:33,2716.1,0.0,0.0,0,0.0,0.0,0,0.0,0.0,0
11:19:34,2716.89,0.0,0.0,0,0.0,0.0,0,0.0,0.0,0
11:19:35,2717.69,0.0,0.0,0,0.0,0.0,0,0.0,0.0,0
11:19:36,2718.51,0.0,0.0,0,0.0,0.0,0,0.0,0.0,0
11:19:36,2719.29,0.0,0.0,0,0.0,0.0,0,0.0,0.0,0
11:19:37,2720.06,0.0,0.0,0,0.0,0.0,0,0.0,0.0,0
11:19:38,2720.89,0.0,0.0,0,0.0,0.0,0,0.0,0.0,0
11:19:39,2721.69,0.0,0.0,0,0.0,0.0,0,0.0,0.0,0
11:19:40,2722.5,0.0,0.0,0,0.0,0.0,0,0.0,0.0,0
11:19:40,2723.29,0.0,0.0,0,0.0,0.0,0,0.0,0.0,0
11:19:41,2724.08,0.0,0.0,0,0.0,0.0,0,0.0,0.0,0
11:19:42,2724.85,0.0,0.0,0,0.0,0.0,0,0.0,0.0,0
11:19:43,2725.63,0.0,0.0,0,0.0,0.0,0,0.0,0.0,0
11:19:43,2726.42,0.0,0.0,0,0.0,0.0,0,0.0,0.0,0
11:19:44,2727.22,0.0,0.0,0,0.0,0.0,0,0.0,0.0,0
11:19:45,2728.04,0.0,0.0,0,0.0,0.0,0,0.0,0.0,0
11:19:46,2728.85,0.0,0.0,0,0.0,0.0,0,0.0,0.0,0
11:19:47,2729.65,0.0,0.0,0,0.0,0.0,0,0.0,0.0,0
11:19:47,2730.43,0.0,0.0,0,0.0,0.0,0,0.0,0.0,0
11:19:48,2731.2,0.0,0.0,0,0.0,0.0,0,0.0,0.0,0
11:19:49,2732.02,0.0,0.0,0,0.0,0.0,0,0.0,0.0,0
11:19:50,2732.86,0.0,0.0,0,0.0,0.0,0,0.0,0.0,0
11:19:51,2733.66,0.0,0.0,0,0.0,0.0,0,0.0,0.0,0
11:19:51,2734.44,0.0,0.0,0,0.0,0.0,0,0.0,0.0,0
11:19:52,2735.24,0.0,0.0,0,0.0,0.0,0,0.0,0.0,0
11:19:53,2736.02,0.0,0.0,0,0.0,0.0,0,0.0,0.0,0
11:19:54,2736.79,0.0,0.0,0,0.0,0.0,0,0.0,0.0,0
11:19:55,2737.61,0.0,0.0,0,0.0,0.0,0,0.0,0.0,0
11:19:55,2738.41,0.0,0.0,0,0.0,0.0,0,0.0,0.0,0
11:19:56,2739.2,0.0,0.0,0,0.0,0.0,0,0.0,0.0,0
11:19:57,2739.97,0.0,0.0,0,0.0,0.0,0,0.0,0.0,0
11:19:58,2740.74,0.0,0.0,0,0.0,0.0,0,0.0,0.0,0
11:19:59,2741.52,0.0,0.0,0,0.0,0.0,0,0.0,0.0,0
11:19:59,2742.32,0.0,0.0,0,0.0,0.0,0,0.0,0.0,0
11:20:00,2743.13,0.0,0.0,0,0.0,0.0,0,0.0,0.0,0
11:20:01,2743.97,0.0,0.0,0,0.0,0.0,0,0.0,0.0,0
11:20:02,2744.75,0.0,0.0,0,0.0,0.0,0,0.0,0.0,0
11:20:03,2745.53,0.0,0.0,0,0.0,0.0,0,0.0,0.0,0
11:20:03,2746.29,0.0,0.0,0,0.0,0.0,0,0.0,0.0,0
11:20:04,2747.06,0.0,0.0,0,0.0,0.0,0,0.0,0.0,0
11:20:05,2747.86,0.0,0.0,0,0.0,0.0,0,0.0,0.0,0
11:20:06,2748.67,0.0,0.0,0,0.0,0.0,0,0.0,0.0,0
11:20:07,2749.45,0.0,0.0,0,0.0,0.0,0,0.0,0.0,0
11:20:07,2750.23,0.0,0.0,0,0.0,0.0,0,0.0,0.0,0
11:20:08,2751.02,0.0,0.0,0,0.0,0.0,0,0.0,0.0,0
11:20:09,2751.8,0.0,0.0,0,0.0,0.0,0,0.0,0.0,0
11:20:10,2752.61,0.0,0.0,0,0.0,0.0,0,0.0,0.0,0
11:20:11,2753.45,0.0,0.0,0,0.0,0.0,0,0.0,0.0,0
11:20:11,2754.23,0.0,0.0,0,0.0,0.0,0,0.0,0.0,0
11:20:12,2755.05,0.0,0.0,0,0.0,0.0,0,0.0,0.0,0
11:20:13,2755.83,0.0,0.0,0,0.0,0.0,0,0.0,0.0,0
11:20:14,2756.69,0.0,0.0,0,0.0,0.0,0,0.0,0.0,0
11:20:15,2757.52,0.0,0.0,0,0.0,0.0,0,0.0,0.0,0
11:20:15,2758.3,0.0,0.0,0,0.0,0.0,0,0.0,0.0,0
11:20:16,2759.09,0.0,0.0,0,0.0,0.0,0,0.0,0.0,0
11:20:17,2759.86,0.0,0.0,0,0.0,0.0,0,0.0,0.0,0
11:20:18,2760.68,0.0,0.0,0,0.0,0.0,0,0.0,0.0,0
11:20:19,2761.46,0.0,0.0,0,0.0,0.0,0,0.0,0.0,0
11:20:19,2762.28,0.0,0.0,0,0.0,0.0,0,0.0,0.0,0
11:20:20,2763.07,0.0,0.0,0,0.0,0.0,0,0.0,0.0,0
11:20:21,2763.87,0.0,0.0,0,0.0,0.0,0,0.0,0.0,0
11:20:22,2764.67,0.0,0.0,0,0.0,0.0,0,0.0,0.0,0
11:20:23,2765.46,0.0,0.0,0,0.0,0.0,0,0.0,0.0,0
11:20:23,2766.23,0.0,0.0,0,0.0,0.0,0,0.0,0.0,0
11:20:24,2767.03,0.0,0.0,0,0.0,0.0,0,0.0,0.0,0
11:20:25,2767.85,0.0,0.0,0,0.0,0.0,0,0.0,0.0,0
11:20:26,2768.63,0.0,0.0,0,0.0,0.0,0,0.0,0.0,0
11:20:26,2769.43,0.0,0.0,0,0.0,0.0,0,0.0,0.0,0
11:20:27,2770.22,0.0,0.0,0,0.0,0.0,0,0.0,0.0,0
11:20:28,2771.0,0.0,0.0,0,0.0,0.0,0,0.0,0.0,0
11:20:29,2771.78,0.0,0.0,0,0.0,0.0,0,0.0,0.0,0
11:20:30,2772.58,0.0,0.0,0,0.0,0.0,0,0.0,0.0,0
11:20:30,2773.38,0.0,0.0,0,0.0,0.0,0,0.0,0.0,0
11:20:31,2774.19,0.0,0.0,0,0.0,0.0,0,0.0,0.0,0
11:20:32,2774.96,0.0,0.0,0,0.0,0.0,0,0.0,0.0,0
11:20:33,2775.76,0.0,0.0,0,0.0,0.0,0,0.0,0.0,0
11:20:34,2776.55,0.0,0.0,0,0.0,0.0,0,0.0,0.0,0
11:20:34,2777.33,0.0,0.0,0,0.0,0.0,0,0.0,0.0,0
11:20:35,2778.13,0.0,0.0,0,0.0,0.0,0,0.0,0.0,0
11:20:36,2778.92,0.0,0.0,0,0.0,0.0,0,0.0,0.0,0
11:20:37,2779.73,0.0,0.0,0,0.0,0.0,0,0.0,0.0,0
11:20:38,2780.51,0.0,0.0,0,0.0,0.0,0,0.0,0.0,0
11:20:38,2781.3,0.0,0.0,0,0.0,0.0,0,0.0,0.0,0
11:20:39,2782.09,0.0,0.0,0,0.0,0.0,0,0.0,0.0,0
11:20:40,2782.86,0.0,0.0,0,0.0,0.0,0,0.0,0.0,0
11:20:41,2783.68,0.0,0.0,0,0.0,0.0,0,0.0,0.0,0
11:20:42,2784.48,0.0,0.0,0,0.0,0.0,0,0.0,0.0,0
11:20:42,2785.27,0.0,0.0,0,0.0,0.0,0,0.0,0.0,0
11:20:43,2786.05,0.0,0.0,0,0.0,0.0,0,0.0,0.0,0
11:20:44,2786.82,0.0,0.0,0,0.0,0.0,0,0.0,0.0,0
11:20:45,2787.62,0.0,0.0,0,0.0,0.0,0,0.0,0.0,0
11:20:46,2788.45,0.0,0.0,0,0.0,0.0,0,0.0,0.0,0
11:20:46,2789.25,0.0,0.0,0,0.0,0.0,0,0.0,0.0,0
11:20:47,2790.06,0.0,0.0,0,0.0,0.0,0,0.0,0.0,0
11:20:48,2790.83,0.0,0.0,0,0.0,0.0,0,0.0,0.0,0
11:20:49,2791.61,0.0,0.0,0,0.0,0.0,0,0.0,0.0,0
11:20:49,2792.41,0.0,0.0,0,0.0,0.0,0,0.0,0.0,0
11:20:50,2793.22,0.0,0.0,0,0.0,0.0,0,0.0,0.0,0
11:20:51,2794.01,0.0,0.0,0,0.0,0.0,0,0.0,0.0,0
11:20:52,2794.8,0.0,0.0,0,0.0,0.0,0,0.0,0.0,0
11:20:53,2795.58,0.0,0.0,0,0.0,0.0,0,0.0,0.0,0
11:20:53,2796.35,0.0,0.0,0,0.0,0.0,0,0.0,0.0,0
11:20:54,2797.13,0.0,0.0,0,0.0,0.0,0,0.0,0.0,0
11:20:55,2797.9,0.0,0.0,0,0.0,0.0,0,0.0,0.0,0
11:20:56,2798.68,0.0,0.0,0,0.0,0.0,0,0.0,0.0,0
11:20:57,2799.49,0.0,0.0,0,0.0,0.0,0,0.0,0.0,0
11:20:57,2800.29,0.0,0.0,0,0.0,0.0,0,0.0,0.0,0
11:20:58,2801.07,0.0,0.0,0,0.0,0.0,0,0.0,0.0,0
11:20:59,2801.86,0.0,0.0,0,0.0,0.0,0,0.0,0.0,0
11:21:00,2802.62,0.0,0.0,0,0.0,0.0,0,0.0,0.0,0
11:21:01,2803.45,0.0,0.0,0,0.0,0.0,0,0.0,0.0,0
11:21:01,2804.24,0.0,0.0,0,0.0,0.0,0,0.0,0.0,0
11:21:02,2805.02,0.0,0.0,0,0.0,0.0,0,0.0,0.0,0
11:21:03,2805.79,0.0,0.0,0,0.0,0.0,0,0.0,0.0,0
11:21:04,2806.61,0.0,0.0,0,0.0,0.0,0,0.0,0.0,0
11:21:04,2807.41,0.0,0.0,0,0.0,0.0,0,0.0,0.0,0
11:21:05,2808.22,0.0,0.0,0,0.0,0.0,0,0.0,0.0,0
11:21:06,2809.02,0.0,0.0,0,0.0,0.0,0,0.0,0.0,0
11:21:07,2809.82,0.0,0.0,0,0.0,0.0,0,0.0,0.0,0
11:21:08,2810.61,0.0,0.0,0,0.0,0.0,0,0.0,0.0,0
11:21:08,2811.4,0.0,0.0,0,0.0,0.0,0,0.0,0.0,0
11:21:09,2812.19,0.0,0.0,0,0.0,0.0,0,0.0,0.0,0
11:21:10,2812.98,0.0,0.0,0,0.0,0.0,0,0.0,0.0,0
11:21:11,2813.81,0.0,0.0,0,0.0,0.0,0,0.0,0.0,0
11:21:12,2814.58,0.0,0.0,0,0.0,0.0,0,0.0,0.0,0
11:21:12,2815.39,0.0,0.0,0,0.0,0.0,0,0.0,0.0,0
11:21:13,2816.17,0.0,0.0,0,0.0,0.0,0,0.0,0.0,0
11:21:14,2816.98,0.0,0.0,0,0.0,0.0,0,0.0,0.0,0
11:21:15,2817.77,0.0,0.0,0,0.0,0.0,0,0.0,0.0,0
11:21:16,2818.57,0.0,0.0,0,0.0,0.0,0,0.0,0.0,0
11:21:16,2819.36,0.0,0.0,0,0.0,0.0,0,0.0,0.0,0
11:21:17,2820.16,0.0,0.0,0,0.0,0.0,0,0.0,0.0,0
11:21:18,2820.95,0.0,0.0,0,0.0,0.0,0,0.0,0.0,0
11:21:19,2821.76,0.0,0.0,0,0.0,0.0,0,0.0,0.0,0
11:21:20,2822.55,0.0,0.0,0,0.0,0.0,0,0.0,0.0,0
11:21:20,2823.37,0.0,0.0,0,0.0,0.0,0,0.0,0.0,0
11:21:21,2824.14,0.0,0.0,0,0.0,0.0,0,0.0,0.0,0
11:21:22,2824.93,0.0,0.0,0,0.0,0.0,0,0.0,0.0,0
11:21:23,2825.71,0.0,0.0,0,0.0,0.0,0,0.0,0.0,0
11:21:24,2826.54,0.0,0.0,0,0.0,0.0,0,0.0,0.0,0
11:21:24,2827.34,0.0,0.0,0,0.0,0.0,0,0.0,0.0,0
11:21:25,2828.12,0.0,0.0,0,0.0,0.0,0,0.0,0.0,0
11:21:26,2828.9,0.0,0.0,0,0.0,0.0,0,0.0,0.0,0
11:21:27,2829.7,0.0,0.0,0,0.0,0.0,0,0.0,0.0,0
11:21:28,2830.47,0.0,0.0,0,0.0,0.0,0,0.0,0.0,0
11:21:28,2831.27,0.0,0.0,0,0.0,0.0,0,0.0,0.0,0
11:21:29,2832.06,0.0,0.0,0,0.0,0.0,0,0.0,0.0,0
11:21:30,2832.85,0.0,0.0,0,0.0,0.0,0,0.0,0.0,0
11:21:31,2833.7,0.0,0.0,0,0.0,0.0,0,0.0,0.0,0
11:21:32,2834.48,0.0,0.0,0,0.0,0.0,0,0.0,0.0,0
11:21:32,2835.27,0.0,0.0,0,0.0,0.0,0,0.0,0.0,0
11:21:33,2836.06,0.0,0.0,0,0.0,0.0,0,0.0,0.0,0
11:21:34,2836.84,0.0,0.0,0,0.0,0.0,0,0.0,0.0,0
11:21:35,2837.63,0.0,0.0,0,0.0,0.0,0,0.0,0.0,0
11:21:36,2838.44,0.0,0.0,0,0.0,0.0,0,0.0,0.0,0
11:21:36,2839.23,0.0,0.0,0,0.0,0.0,0,0.0,0.0,0
11:21:37,2840.02,0.0,0.0,0,0.0,0.0,0,0.0,0.0,0
11:21:38,2840.81,0.0,0.0,0,0.0,0.0,0,0.0,0.0,0
11:21:39,2841.61,0.0,0.0,0,0.0,0.0,0,0.0,0.0,0
11:21:39,2842.43,0.0,0.0,0,0.0,0.0,0,0.0,0.0,0
11:21:40,2843.21,0.0,0.0,0,0.0,0.0,0,0.0,0.0,0
11:21:41,2844.01,0.0,0.0,0,0.0,0.0,0,0.0,0.0,0
11:21:42,2844.8,0.0,0.0,0,0.0,0.0,0,0.0,0.0,0
11:21:43,2845.6,0.0,0.0,0,0.0,0.0,0,0.0,0.0,0
11:21:43,2846.38,0.0,0.0,0,0.0,0.0,0,0.0,0.0,0
11:21:44,2847.16,0.0,0.0,0,0.0,0.0,0,0.0,0.0,0
11:21:45,2847.95,0.0,0.0,0,0.0,0.0,0,0.0,0.0,0
11:21:46,2848.74,0.0,0.0,0,0.0,0.0,0,0.0,0.0,0
11:21:47,2849.54,0.0,0.0,0,0.0,0.0,0,0.0,0.0,0
11:21:47,2850.3,0.0,0.0,0,0.0,0.0,0,0.0,0.0,0
11:21:48,2851.07,0.0,0.0,0,0.0,0.0,0,0.0,0.0,0
11:21:49,2851.88,0.0,0.0,0,0.0,0.0,0,0.0,0.0,0
11:21:50,2852.68,0.0,0.0,0,0.0,0.0,0,0.0,0.0,0
11:21:51,2853.47,0.0,0.0,0,0.0,0.0,0,0.0,0.0,0
11:21:51,2854.29,0.0,0.0,0,0.0,0.0,0,0.0,0.0,0
11:21:52,2855.08,0.0,0.0,0,0.0,0.0,0,0.0,0.0,0
11:21:53,2855.88,0.0,0.0,0,0.0,0.0,0,0.0,0.0,0
11:21:54,2856.68,0.0,0.0,0,0.0,0.0,0,0.0,0.0,0
11:21:55,2857.45,0.0,0.0,0,0.0,0.0,0,0.0,0.0,0
11:21:55,2858.23,0.0,0.0,0,0.0,0.0,0,0.0,0.0,0
11:21:56,2859.01,0.0,0.0,0,0.0,0.0,0,0.0,0.0,0
11:21:57,2859.81,0.0,0.0,0,0.0,0.0,0,0.0,0.0,0
11:21:58,2860.61,0.0,0.0,0,0.0,0.0,0,0.0,0.0,0
11:21:58,2861.37,0.0,0.0,0,0.0,0.0,0,0.0,0.0,0
11:21:59,2862.17,0.0,0.0,0,0.0,0.0,0,0.0,0.0,0
11:22:00,2862.95,0.0,0.0,0,0.0,0.0,0,0.0,0.0,0
11:22:01,2863.76,0.0,0.0,0,0.0,0.0,0,0.0,0.0,0
11:22:02,2864.6,0.0,0.0,0,0.0,0.0,0,0.0,0.0,0
11:22:02,2865.37,0.0,0.0,0,0.0,0.0,0,0.0,0.0,0
11:22:03,2866.19,0.0,0.0,0,0.0,0.0,0,0.0,0.0,0
11:22:04,2866.99,0.0,0.0,0,0.0,0.0,0,0.0,0.0,0
11:22:05,2867.82,0.0,0.0,0,0.0,0.0,0,0.0,0.0,0
11:22:06,2868.62,0.0,0.0,0,0.0,0.0,0,0.0,0.0,0
11:22:06,2869.4,0.0,0.0,0,0.0,0.0,0,0.0,0.0,0
11:22:07,2870.19,0.0,0.0,0,0.0,0.0,0,0.0,0.0,0
11:22:08,2870.97,0.0,0.0,0,0.0,0.0,0,0.0,0.0,0
11:22:09,2871.78,0.0,0.0,0,0.0,0.0,0,0.0,0.0,0
11:22:10,2872.59,0.0,0.0,0,0.0,0.0,0,0.0,0.0,0
11:22:10,2873.37,0.0,0.0,0,0.0,0.0,0,0.0,0.0,0
11:22:11,2874.13,0.0,0.0,0,0.0,0.0,0,0.0,0.0,0
11:22:12,2874.94,0.0,0.0,0,0.0,0.0,0,0.0,0.0,0
11:22:13,2875.73,0.0,0.0,0,0.0,0.0,0,0.0,0.0,0
11:22:14,2876.5,0.0,0.0,0,0.0,0.0,0,0.0,0.0,0
11:22:14,2877.34,0.0,0.0,0,0.0,0.0,0,0.0,0.0,0
11:22:15,2878.11,0.0,0.0,0,0.0,0.0,0,0.0,0.0,0
11:22:16,2878.9,0.0,0.0,0,0.0,0.0,0,0.0,0.0,0
11:22:17,2879.69,0.0,0.0,0,0.0,0.0,0,0.0,0.0,0
11:22:18,2880.48,0.0,0.0,0,0.0,0.0,0,0.0,0.0,0
11:22:18,2881.27,0.0,0.0,0,0.0,0.0,0,0.0,0.0,0
11:22:19,2882.09,0.0,0.0,0,0.0,0.0,0,0.0,0.0,0
11:22:20,2882.88,0.0,0.0,0,0.0,0.0,0,0.0,0.0,0
11:22:21,2883.66,0.0,0.0,0,0.0,0.0,0,0.0,0.0,0
11:22:22,2884.45,0.0,0.0,0,0.0,0.0,0,0.0,0.0,0
11:22:22,2885.22,0.0,0.0,0,0.0,0.0,0,0.0,0.0,0
11:22:23,2885.99,0.0,0.0,0,0.0,0.0,0,0.0,0.0,0
11:22:24,2886.78,0.0,0.0,0,0.0,0.0,0,0.0,0.0,0
11:22:25,2887.59,0.0,0.0,0,0.0,0.0,0,0.0,0.0,0
11:22:25,2888.4,0.0,0.0,0,0.0,0.0,0,0.0,0.0,0
11:22:26,2889.18,0.0,0.0,0,0.0,0.0,0,0.0,0.0,0
11:22:27,2889.97,0.0,0.0,0,0.0,0.0,0,0.0,0.0,0
11:22:28,2890.76,0.0,0.0,0,0.0,0.0,0,0.0,0.0,0
11:22:29,2891.56,0.0,0.0,0,0.0,0.0,0,0.0,0.0,0
11:22:29,2892.36,0.0,0.0,0,0.0,0.0,0,0.0,0.0,0
11:22:30,2893.15,0.0,0.0,0,0.0,0.0,0,0.0,0.0,0
11:22:31,2893.93,0.0,0.0,0,0.0,0.0,0,0.0,0.0,0
11:22:32,2894.71,0.0,0.0,0,0.0,0.0,0,0.0,0.0,0
11:22:33,2895.5,0.0,0.0,0,0.0,0.0,0,0.0,0.0,0
11:22:33,2896.28,0.0,0.0,0,0.0,0.0,0,0.0,0.0,0
11:22:34,2897.04,0.0,0.0,0,0.0,0.0,0,0.0,0.0,0
11:22:35,2897.82,0.0,0.0,0,0.0,0.0,0,0.0,0.0,0
11:22:36,2898.62,0.0,0.0,0,0.0,0.0,0,0.0,0.0,0
11:22:36,2899.43,0.0,0.0,0,0.0,0.0,0,0.0,0.0,0
11:22:37,2900.23,0.0,0.0,0,0.0,0.0,0,0.0,0.0,0
11:22:38,2901.01,0.0,0.0,0,0.0,0.0,0,0.0,0.0,0
11:22:39,2901.79,0.0,0.0,0,0.0,0.0,0,0.0,0.0,0
11:22:40,2902.55,0.0,0.0,0,0.0,0.0,0,0.0,0.0,0
11:22:40,2903.33,0.0,0.0,0,0.0,0.0,0,0.0,0.0,0
11:22:41,2904.1,0.0,0.0,0,0.0,0.0,0,0.0,0.0,0
11:22:42,2904.94,0.0,0.0,0,0.0,0.0,0,0.0,0.0,0
11:22:43,2905.72,0.0,0.0,0,0.0,0.0,0,0.0,0.0,0
11:22:44,2906.51,0.0,0.0,0,0.0,0.0,0,0.0,0.0,0
11:22:44,2907.29,0.0,0.0,0,0.0,0.0,0,0.0,0.0,0
11:22:45,2908.11,0.0,0.0,0,0.0,0.0,0,0.0,0.0,0
11:22:46,2908.92,0.0,0.0,0,0.0,0.0,0,0.0,0.0,0
11:22:47,2909.72,0.0,0.0,0,0.0,0.0,0,0.0,0.0,0
11:22:48,2910.5,0.0,0.0,0,0.0,0.0,0,0.0,0.0,0
11:22:48,2911.28,0.0,0.0,0,0.0,0.0,0,0.0,0.0,0
11:22:49,2912.05,0.0,0.0,0,0.0,0.0,0,0.0,0.0,0
11:22:50,2912.85,0.0,0.0,0,0.0,0.0,0,0.0,0.0,0
11:22:51,2913.66,0.0,0.0,0,0.0,0.0,0,0.0,0.0,0
11:22:52,2914.46,0.0,0.0,0,0.0,0.0,0,0.0,0.0,0
11:22:52,2915.24,0.0,0.0,0,0.0,0.0,0,0.0,0.0,0
11:22:53,2916.06,0.0,0.0,0,0.0,0.0,0,0.0,0.0,0
11:22:54,2916.83,0.0,0.0,0,0.0,0.0,0,0.0,0.0,0
11:22:55,2917.63,0.0,0.0,0,0.0,0.0,0,0.0,0.0,0
11:22:55,2918.42,0.0,0.0,0,0.0,0.0,0,0.0,0.0,0
11:22:56,2919.2,0.0,0.0,0,0.0,0.0,0,0.0,0.0,0
11:22:57,2919.98,0.0,0.0,0,0.0,0.0,0,0.0,0.0,0
11:22:58,2920.79,0.0,0.0,0,0.0,0.0,0,0.0,0.0,0
11:22:59,2921.56,0.0,0.0,0,0.0,0.0,0,0.0,0.0,0
11:22:59,2922.35,0.0,0.0,0,0.0,0.0,0,0.0,0.0,0
11:23:00,2923.13,0.0,0.0,0,0.0,0.0,0,0.0,0.0,0
11:23:01,2923.92,0.0,0.0,0,0.0,0.0,0,0.0,0.0,0
11:23:02,2924.72,0.0,0.0,0,0.0,0.0,0,0.0,0.0,0
11:23:03,2925.52,0.0,0.0,0,0.0,0.0,0,0.0,0.0,0
11:23:03,2926.35,0.0,0.0,0,0.0,0.0,0,0.0,0.0,0
11:23:04,2927.11,0.0,0.0,0,0.0,0.0,0,0.0,0.0,0
11:23:05,2927.9,0.0,0.0,0,0.0,0.0,0,0.0,0.0,0
11:23:06,2928.67,0.0,0.0,0,0.0,0.0,0,0.0,0.0,0
11:23:07,2929.45,0.0,0.0,0,0.0,0.0,0,0.0,0.0,0
11:23:07,2930.23,0.0,0.0,0,0.0,0.0,0,0.0,0.0,0
11:23:08,2931.03,0.0,0.0,0,0.0,0.0,0,0.0,0.0,0
11:23:09,2931.82,0.0,0.0,0,0.0,0.0,0,0.0,0.0,0
11:23:10,2932.62,0.0,0.0,0,0.0,0.0,0,0.0,0.0,0
11:23:11,2933.44,0.0,0.0,0,0.0,0.0,0,0.0,0.0,0
11:23:11,2934.21,0.0,0.0,0,0.0,0.0,0,0.0,0.0,0
11:23:12,2935.0,0.0,0.0,0,0.0,0.0,0,0.0,0.0,0
11:23:13,2935.83,0.0,0.0,0,0.0,0.0,0,0.0,0.0,0
11:23:14,2936.65,0.0,0.0,0,0.0,0.0,0,0.0,0.0,0
11:23:14,2937.43,0.0,0.0,0,0.0,0.0,0,0.0,0.0,0
11:23:15,2938.21,0.0,0.0,0,0.0,0.0,0,0.0,0.0,0
11:23:16,2939.0,0.0,0.0,0,0.0,0.0,0,0.0,0.0,0
11:23:17,2939.77,0.0,0.0,0,0.0,0.0,0,0.0,0.0,0
11:23:18,2940.57,0.0,0.0,0,0.0,0.0,0,0.0,0.0,0
11:23:18,2941.36,0.0,0.0,0,0.0,0.0,0,0.0,0.0,0
11:23:19,2942.16,0.0,0.0,0,0.0,0.0,0,0.0,0.0,0
11:23:20,2942.96,0.0,0.0,0,0.0,0.0,0,0.0,0.0,0
11:23:21,2943.74,0.0,0.0,0,0.0,0.0,0,0.0,0.0,0
11:23:22,2944.51,0.0,0.0,0,0.0,0.0,0,0.0,0.0,0
11:23:22,2945.28,0.0,0.0,0,0.0,0.0,0,0.0,0.0,0
11:23:23,2946.08,0.0,0.0,0,0.0,0.0,0,0.0,0.0,0
11:23:24,2946.88,0.0,0.0,0,0.0,0.0,0,0.0,0.0,0
11:23:25,2947.68,0.0,0.0,0,0.0,0.0,0,0.0,0.0,0
11:23:26,2948.46,0.0,0.0,0,0.0,0.0,0,0.0,0.0,0
11:23:26,2949.24,0.0,0.0,0,0.0,0.0,0,0.0,0.0,0
11:23:27,2950.02,0.0,0.0,0,0.0,0.0,0,0.0,0.0,0
11:23:28,2950.8,0.0,0.0,0,0.0,0.0,0,0.0,0.0,0
11:23:29,2951.6,0.0,0.0,0,0.0,0.0,0,0.0,0.0,0
11:23:29,2952.38,0.0,0.0,0,0.0,0.0,0,0.0,0.0,0
11:23:30,2953.21,0.0,0.0,0,0.0,0.0,0,0.0,0.0,0
11:23:31,2953.99,0.0,0.0,0,0.0,0.0,0,0.0,0.0,0
11:23:32,2954.78,0.0,0.0,0,0.0,0.0,0,0.0,0.0,0
11:23:33,2955.57,0.0,0.0,0,0.0,0.0,0,0.0,0.0,0
11:23:33,2956.36,0.0,0.0,0,0.0,0.0,0,0.0,0.0,0
11:23:34,2957.2,0.0,0.0,0,0.0,0.0,0,0.0,0.0,0
11:23:35,2957.99,0.0,0.0,0,0.0,0.0,0,0.0,0.0,0
11:23:36,2958.76,0.0,0.0,0,0.0,0.0,0,0.0,0.0,0
11:23:37,2959.55,0.0,0.0,0,0.0,0.0,0,0.0,0.0,0
11:23:37,2960.33,0.0,0.0,0,0.0,0.0,0,0.0,0.0,0
11:23:38,2961.13,0.0,0.0,0,0.0,0.0,0,0.0,0.0,0
11:23:39,2961.95,0.0,0.0,0,0.0,0.0,0,0.0,0.0,0
11:23:40,2962.75,0.0,0.0,0,0.0,0.0,0,0.0,0.0,0
11:23:41,2963.54,0.0,0.0,0,0.0,0.0,0,0.0,0.0,0
11:23:41,2964.31,0.0,0.0,0,0.0,0.0,0,0.0,0.0,0
11:23:42,2965.08,0.0,0.0,0,0.0,0.0,0,0.0,0.0,0
11:23:43,2965.85,0.0,0.0,0,0.0,0.0,0,0.0,0.0,0
11:23:44,2966.65,0.0,0.0,0,0.0,0.0,0,0.0,0.0,0
11:23:45,2967.48,0.0,0.0,0,0.0,0.0,0,0.0,0.0,0
11:23:45,2968.25,0.0,0.0,0,0.0,0.0,0,0.0,0.0,0
11:23:46,2969.04,0.0,0.0,0,0.0,0.0,0,0.0,0.0,0
11:23:47,2969.85,0.0,0.0,0,0.0,0.0,0,0.0,0.0,0
11:23:48,2970.64,0.0,0.0,0,0.0,0.0,0,0.0,0.0,0
11:23:49,2971.46,0.0,0.0,0,0.0,0.0,0,0.0,0.0,0
11:23:49,2972.26,0.0,0.0,0,0.0,0.0,0,0.0,0.0,0
11:23:50,2973.04,0.0,0.0,0,0.0,0.0,0,0.0,0.0,0
11:23:51,2973.83,0.0,0.0,0,0.0,0.0,0,0.0,0.0,0
11:23:52,2974.63,0.0,0.0,0,0.0,0.0,0,0.0,0.0,0
11:23:52,2975.41,0.0,0.0,0,0.0,0.0,0,0.0,0.0,0
11:23:53,2976.17,0.0,0.0,0,0.0,0.0,0,0.0,0.0,0
11:23:54,2976.98,0.0,0.0,0,0.0,0.0,0,0.0,0.0,0
11:23:55,2977.79,0.0,0.0,0,0.0,0.0,0,0.0,0.0,0
11:23:56,2978.58,0.0,0.0,0,0.0,0.0,0,0.0,0.0,0
11:23:56,2979.37,0.0,0.0,0,0.0,0.0,0,0.0,0.0,0
11:23:57,2980.14,0.0,0.0,0,0.0,0.0,0,0.0,0.0,0
11:23:58,2980.95,0.0,0.0,0,0.0,0.0,0,0.0,0.0,0
11:23:59,2981.75,0.0,0.0,0,0.0,0.0,0,0.0,0.0,0
11:24:00,2982.54,0.0,0.0,0,0.0,0.0,0,0.0,0.0,0
11:24:00,2983.31,0.0,0.0,0,0.0,0.0,0,0.0,0.0,0
11:24:01,2984.1,0.0,0.0,0,0.0,0.0,0,0.0,0.0,0
11:24:02,2984.89,0.0,0.0,0,0.0,0.0,0,0.0,0.0,0
11:24:03,2985.67,0.0,0.0,0,0.0,0.0,0,0.0,0.0,0
11:24:04,2986.46,0.0,0.0,0,0.0,0.0,0,0.0,0.0,0
11:24:04,2987.24,0.0,0.0,0,0.0,0.0,0,0.0,0.0,0
11:24:05,2988.07,0.0,0.0,0,0.0,0.0,0,0.0,0.0,0
11:24:06,2988.85,0.0,0.0,0,0.0,0.0,0,0.0,0.0,0
11:24:07,2989.61,0.0,0.0,0,0.0,0.0,0,0.0,0.0,0
11:24:07,2990.43,0.0,0.0,0,0.0,0.0,0,0.0,0.0,0
11:24:08,2991.22,0.0,0.0,0,0.0,0.0,0,0.0,0.0,0
11:24:09,2991.99,0.0,0.0,0,0.0,0.0,0,0.0,0.0,0
11:24:10,2992.78,0.0,0.0,0,0.0,0.0,0,0.0,0.0,0
11:24:11,2993.57,0.0,0.0,0,0.0,0.0,0,0.0,0.0,0
11:24:11,2994.39,0.0,0.0,0,0.0,0.0,0,0.0,0.0,0
11:24:12,2995.17,0.0,0.0,0,0.0,0.0,0,0.0,0.0,0
11:24:13,2995.94,0.0,0.0,0,0.0,0.0,0,0.0,0.0,0
11:24:14,2996.72,0.0,0.0,0,0.0,0.0,0,0.0,0.0,0
11:24:15,2997.53,0.0,0.0,0,0.0,0.0,0,0.0,0.0,0
11:24:15,2998.37,0.0,0.0,0,0.0,0.0,0,0.0,0.0,0
11:24:16,2999.15,0.0,0.0,0,0.0,0.0,0,0.0,0.0,0
11:24:17,2999.92,0.0,0.0,0,0.0,0.0,0,0.0,0.0,0
11:24:18,3000.73,0.0,0.0,0,0.0,0.0,0,0.0,0.0,0
11:24:19,3001.65,0.0,0.0,0,0.0,0.0,0,0.0,0.0,0
11:24:20,3002.47,0.0,0.0,0,0.0,0.0,0,0.0,0.0,0
11:24:20,3003.25,0.0,0.0,0,0.0,0.0,0,0.0,0.0,0
11:24:21,3004.04,0.0,0.0,0,0.0,0.0,0,0.0,0.0,0
11:24:22,3004.82,0.0,0.0,0,0.0,0.0,0,0.0,0.0,0
11:24:23,3005.62,0.0,0.0,0,0.0,0.0,0,0.0,0.0,0
11:24:23,3006.4,0.0,0.0,0,0.0,0.0,0,0.0,0.0,0
11:24:24,3007.19,0.0,0.0,0,0.0,0.0,0,0.0,0.0,0
11:24:25,3007.98,0.0,0.0,0,0.0,0.0,0,0.0,0.0,0
11:24:26,3008.79,0.0,0.0,0,0.0,0.0,0,0.0,0.0,0
11:24:27,3009.58,0.0,0.0,0,0.0,0.0,0,0.0,0.0,0
11:24:27,3010.36,0.0,0.0,0,0.0,0.0,0,0.0,0.0,0
11:24:28,3011.14,0.0,0.0,0,0.0,0.0,0,0.0,0.0,0
11:24:29,3011.92,0.0,0.0,0,0.0,0.0,0,0.0,0.0,0
11:24:30,3012.73,0.0,0.0,0,0.0,0.0,0,0.0,0.0,0
11:24:31,3013.55,0.0,0.0,0,0.0,0.0,0,0.0,0.0,0
11:24:31,3014.35,0.0,0.0,0,0.0,0.0,0,0.0,0.0,0
11:24:32,3015.12,0.0,0.0,0,0.0,0.0,0,0.0,0.0,0
11:24:33,3015.9,0.0,0.0,0,0.0,0.0,0,0.0,0.0,0
11:24:34,3016.68,0.0,0.0,0,0.0,0.0,0,0.0,0.0,0
11:24:35,3017.48,0.0,0.0,0,0.0,0.0,0,0.0,0.0,0
11:24:35,3018.28,0.0,0.0,0,0.0,0.0,0,0.0,0.0,0
11:24:36,3019.11,0.0,0.0,0,0.0,0.0,0,0.0,0.0,0
11:24:37,3019.88,0.0,0.0,0,0.0,0.0,0,0.0,0.0,0
11:24:38,3020.67,0.0,0.0,0,0.0,0.0,0,0.0,0.0,0
11:24:39,3021.44,0.0,0.0,0,0.0,0.0,0,0.0,0.0,0
11:24:39,3022.21,0.0,0.0,0,0.0,0.0,0,0.0,0.0,0
11:24:40,3023.0,0.0,0.0,0,0.0,0.0,0,0.0,0.0,0
11:24:41,3023.82,0.0,0.0,0,0.0,0.0,0,0.0,0.0,0
11:24:42,3024.59,0.0,0.0,0,0.0,0.0,0,0.0,0.0,0
11:24:42,3025.37,0.0,0.0,0,0.0,0.0,0,0.0,0.0,0
11:24:43,3026.14,0.0,0.0,0,0.0,0.0,0,0.0,0.0,0
11:24:44,3026.94,0.0,0.0,0,0.0,0.0,0,0.0,0.0,0
11:24:45,3027.71,0.0,0.0,0,0.0,0.0,0,0.0,0.0,0
11:24:46,3028.52,0.0,0.0,0,0.0,0.0,0,0.0,0.0,0
11:24:46,3029.35,0.0,0.0,0,0.0,0.0,0,0.0,0.0,0
11:24:47,3030.14,0.0,0.0,0,0.0,0.0,0,0.0,0.0,0
11:24:48,3030.93,0.0,0.0,0,0.0,0.0,0,0.0,0.0,0
11:24:49,3031.72,0.0,0.0,0,0.0,0.0,0,0.0,0.0,0
11:24:50,3032.49,0.0,0.0,0,0.0,0.0,0,0.0,0.0,0
11:24:50,3033.26,0.0,0.0,0,0.0,0.0,0,0.0,0.0,0
11:24:51,3034.08,0.0,0.0,0,0.0,0.0,0,0.0,0.0,0
11:24:52,3034.86,0.0,0.0,0,0.0,0.0,0,0.0,0.0,0
11:24:53,3035.64,0.0,0.0,0,0.0,0.0,0,0.0,0.0,0
11:24:53,3036.42,0.0,0.0,0,0.0,0.0,0,0.0,0.0,0
11:24:54,3037.2,0.0,0.0,0,0.0,0.0,0,0.0,0.0,0
11:24:55,3038.0,0.0,0.0,0,0.0,0.0,0,0.0,0.0,0
11:24:56,3038.78,0.0,0.0,0,0.0,0.0,0,0.0,0.0,0
11:24:57,3039.61,0.0,0.0,0,0.0,0.0,0,0.0,0.0,0
11:24:57,3040.38,0.0,0.0,0,0.0,0.0,0,0.0,0.0,0
11:24:58,3041.16,0.0,0.0,0,0.0,0.0,0,0.0,0.0,0
11:24:59,3041.95,0.0,0.0,0,0.0,0.0,0,0.0,0.0,0
11:25:00,3042.73,0.0,0.0,0,0.0,0.0,0,0.0,0.0,0
11:25:01,3043.5,0.0,0.0,0,0.0,0.0,0,0.0,0.0,0
11:25:01,3044.27,0.0,0.0,0,0.0,0.0,0,0.0,0.0,0
11:25:02,3045.05,0.0,0.0,0,0.0,0.0,0,0.0,0.0,0
11:25:03,3045.88,0.0,0.0,0,0.0,0.0,0,0.0,0.0,0
11:25:04,3046.66,0.0,0.0,0,0.0,0.0,0,0.0,0.0,0
11:25:05,3047.45,0.0,0.0,0,0.0,0.0,0,0.0,0.0,0
11:25:05,3048.24,0.0,0.0,0,0.0,0.0,0,0.0,0.0,0
11:25:06,3049.02,0.0,0.0,0,0.0,0.0,0,0.0,0.0,0
11:25:07,3049.82,0.0,0.0,0,0.0,0.0,0,0.0,0.0,0
11:25:08,3050.62,0.0,0.0,0,0.0,0.0,0,0.0,0.0,0
11:25:08,3051.43,0.0,0.0,0,0.0,0.0,0,0.0,0.0,0
11:25:09,3052.22,0.0,0.0,0,0.0,0.0,0,0.0,0.0,0
11:25:10,3053.0,0.0,0.0,0,0.0,0.0,0,0.0,0.0,0
11:25:11,3053.81,0.0,0.0,0,0.0,0.0,0,0.0,0.0,0
11:25:12,3054.62,0.0,0.0,0,0.0,0.0,0,0.0,0.0,0
11:25:12,3055.41,0.0,0.0,0,0.0,0.0,0,0.0,0.0,0
11:25:13,3056.2,0.0,0.0,0,0.0,0.0,0,0.0,0.0,0
11:25:14,3057.01,0.0,0.0,0,0.0,0.0,0,0.0,0.0,0
11:25:15,3057.78,0.0,0.0,0,0.0,0.0,0,0.0,0.0,0
11:25:16,3058.57,0.0,0.0,0,0.0,0.0,0,0.0,0.0,0
11:25:16,3059.36,0.0,0.0,0,0.0,0.0,0,0.0,0.0,0
11:25:17,3060.16,0.0,0.0,0,0.0,0.0,0,0.0,0.0,0
11:25:18,3060.94,0.0,0.0,0,0.0,0.0,0,0.0,0.0,0
11:25:19,3061.72,0.0,0.0,0,0.0,0.0,0,0.0,0.0,0
11:25:20,3062.49,0.0,0.0,0,0.0,0.0,0,0.0,0.0,0
11:25:20,3063.26,0.0,0.0,0,0.0,0.0,0,0.0,0.0,0
11:25:21,3064.05,0.0,0.0,0,0.0,0.0,0,0.0,0.0,0
11:25:22,3064.84,0.0,0.0,0,0.0,0.0,0,0.0,0.0,0
11:25:23,3065.64,0.0,0.0,0,0.0,0.0,0,0.0,0.0,0
11:25:24,3066.45,0.0,0.0,0,0.0,0.0,0,0.0,0.0,0
11:25:24,3067.22,0.0,0.0,0,0.0,0.0,0,0.0,0.0,0
11:25:25,3068.02,0.0,0.0,0,0.0,0.0,0,0.0,0.0,0
11:25:26,3068.81,0.0,0.0,0,0.0,0.0,0,0.0,0.0,0
11:25:27,3069.58,0.0,0.0,0,0.0,0.0,0,0.0,0.0,0
11:25:27,3070.36,0.0,0.0,0,0.0,0.0,0,0.0,0.0,0
11:25:28,3071.16,0.0,0.0,0,0.0,0.0,0,0.0,0.0,0
11:25:29,3071.95,0.0,0.0,0,0.0,0.0,0,0.0,0.0,0
11:25:30,3072.74,0.0,0.0,0,0.0,0.0,0,0.0,0.0,0
11:25:31,3073.51,0.0,0.0,0,0.0,0.0,0,0.0,0.0,0
11:25:31,3074.3,0.0,0.0,0,0.0,0.0,0,0.0,0.0,0
11:25:32,3075.08,0.0,0.0,0,0.0,0.0,0,0.0,0.0,0
11:25:33,3075.92,0.0,0.0,0,0.0,0.0,0,0.0,0.0,0
11:25:34,3076.72,0.0,0.0,0,0.0,0.0,0,0.0,0.0,0
11:25:35,3077.52,0.0,0.0,0,0.0,0.0,0,0.0,0.0,0
11:25:35,3078.3,0.0,0.0,0,0.0,0.0,0,0.0,0.0,0
11:25:36,3079.09,0.0,0.0,0,0.0,0.0,0,0.0,0.0,0
11:25:37,3079.89,0.0,0.0,0,0.0,0.0,0,0.0,0.0,0
11:25:38,3080.67,0.0,0.0,0,0.0,0.0,0,0.0,0.0,0
11:25:39,3081.46,0.0,0.0,0,0.0,0.0,0,0.0,0.0,0
11:25:39,3082.25,0.0,0.0,0,0.0,0.0,0,0.0,0.0,0
11:25:40,3083.04,0.0,0.0,0,0.0,0.0,0,0.0,0.0,0
11:25:41,3083.81,0.0,0.0,0,0.0,0.0,0,0.0,0.0,0
11:25:42,3084.59,0.0,0.0,0,0.0,0.0,0,0.0,0.0,0
11:25:42,3085.36,0.0,0.0,0,0.0,0.0,0,0.0,0.0,0
11:25:43,3086.15,0.0,0.0,0,0.0,0.0,0,0.0,0.0,0
11:25:44,3086.96,0.0,0.0,0,0.0,0.0,0,0.0,0.0,0
11:25:45,3087.75,0.0,0.0,0,0.0,0.0,0,0.0,0.0,0
11:25:46,3088.56,0.0,0.0,0,0.0,0.0,0,0.0,0.0,0
11:25:46,3089.33,0.0,0.0,0,0.0,0.0,0,0.0,0.0,0
11:25:47,3090.12,0.0,0.0,0,0.0,0.0,0,0.0,0.0,0
11:25:48,3090.89,0.0,0.0,0,0.0,0.0,0,0.0,0.0,0
11:25:49,3091.72,0.0,0.0,0,0.0,0.0,0,0.0,0.0,0
11:25:50,3092.52,0.0,0.0,0,0.0,0.0,0,0.0,0.0,0
11:25:50,3093.32,0.0,0.0,0,0.0,0.0,0,0.0,0.0,0
11:25:51,3094.13,0.0,0.0,0,0.0,0.0,0,0.0,0.0,0
11:25:52,3094.94,0.0,0.0,0,0.0,0.0,0,0.0,0.0,0
11:25:53,3095.7,0.0,0.0,0,0.0,0.0,0,0.0,0.0,0
11:25:54,3096.49,0.0,0.0,0,0.0,0.0,0,0.0,0.0,0
11:25:54,3097.27,0.0,0.0,0,0.0,0.0,0,0.0,0.0,0
11:25:55,3098.1,0.0,0.0,0,0.0,0.0,0,0.0,0.0,0
11:25:56,3098.9,0.0,0.0,0,0.0,0.0,0,0.0,0.0,0
11:25:57,3099.69,0.0,0.0,0,0.0,0.0,0,0.0,0.0,0
11:25:58,3100.47,0.0,0.0,0,0.0,0.0,0,0.0,0.0,0
11:25:58,3101.24,0.0,0.0,0,0.0,0.0,0,0.0,0.0,0
11:25:59,3102.05,0.0,0.0,0,0.0,0.0,0,0.0,0.0,0
11:26:00,3102.84,0.0,0.0,0,0.0,0.0,0,0.0,0.0,0
11:26:01,3103.63,0.0,0.0,0,0.0,0.0,0,0.0,0.0,0
11:26:01,3104.43,0.0,0.0,0,0.0,0.0,0,0.0,0.0,0
11:26:02,3105.21,0.0,0.0,0,0.0,0.0,0,0.0,0.0,0
11:26:03,3106.02,0.0,0.0,0,0.0,0.0,0,0.0,0.0,0
11:26:04,3106.82,0.0,0.0,0,0.0,0.0,0,0.0,0.0,0
11:26:05,3107.61,0.0,0.0,0,0.0,0.0,0,0.0,0.0,0
11:26:05,3108.39,0.0,0.0,0,0.0,0.0,0,0.0,0.0,0
11:26:06,3109.19,0.0,0.0,0,0.0,0.0,0,0.0,0.0,0
11:26:07,3109.99,0.0,0.0,0,0.0,0.0,0,0.0,0.0,0
11:26:08,3110.76,0.0,0.0,0,0.0,0.0,0,0.0,0.0,0
11:26:09,3111.55,0.0,0.0,0,0.0,0.0,0,0.0,0.0,0
11:26:09,3112.35,0.0,0.0,0,0.0,0.0,0,0.0,0.0,0
11:26:10,3113.13,0.0,0.0,0,0.0,0.0,0,0.0,0.0,0
11:26:11,3113.93,0.0,0.0,0,0.0,0.0,0,0.0,0.0,0
11:26:12,3114.72,0.0,0.0,0,0.0,0.0,0,0.0,0.0,0
11:26:13,3115.51,0.0,0.0,0,0.0,0.0,0,0.0,0.0,0
11:26:13,3116.29,0.0,0.0,0,0.0,0.0,0,0.0,0.0,0
11:26:14,3117.07,0.0,0.0,0,0.0,0.0,0,0.0,0.0,0
11:26:15,3117.87,0.0,0.0,0,0.0,0.0,0,0.0,0.0,0
11:26:16,3118.66,0.0,0.0,0,0.0,0.0,0,0.0,0.0,0
11:26:17,3119.47,0.0,0.0,0,0.0,0.0,0,0.0,0.0,0
11:26:17,3120.25,0.0,0.0,0,0.0,0.0,0,0.0,0.0,0
11:26:18,3121.05,0.0,0.0,0,0.0,0.0,0,0.0,0.0,0
11:26:19,3121.84,0.0,0.0,0,0.0,0.0,0,0.0,0.0,0
11:26:20,3122.66,0.0,0.0,0,0.0,0.0,0,0.0,0.0,0
11:26:21,3123.45,0.0,0.0,0,0.0,0.0,0,0.0,0.0,0
11:26:21,3124.24,0.0,0.0,0,0.0,0.0,0,0.0,0.0,0
11:26:22,3125.02,0.0,0.0,0,0.0,0.0,0,0.0,0.0,0
11:26:23,3125.84,0.0,0.0,0,0.0,0.0,0,0.0,0.0,0
11:26:24,3126.62,0.0,0.0,0,0.0,0.0,0,0.0,0.0,0
11:26:24,3127.39,0.0,0.0,0,0.0,0.0,0,0.0,0.0,0
11:26:25,3128.22,0.0,0.0,0,0.0,0.0,0,0.0,0.0,0
11:26:26,3129.01,0.0,0.0,0,0.0,0.0,0,0.0,0.0,0
11:26:27,3129.81,0.0,0.0,0,0.0,0.0,0,0.0,0.0,0
11:26:28,3130.64,0.0,0.0,0,0.0,0.0,0,0.0,0.0,0
11:26:28,3131.43,0.0,0.0,0,0.0,0.0,0,0.0,0.0,0
11:26:29,3132.24,0.0,0.0,0,0.0,0.0,0,0.0,0.0,0
11:26:30,3133.06,0.0,0.0,0,0.0,0.0,0,0.0,0.0,0
11:26:31,3133.85,0.0,0.0,0,0.0,0.0,0,0.0,0.0,0
11:26:32,3134.63,0.0,0.0,0,0.0,0.0,0,0.0,0.0,0
11:26:32,3135.42,0.0,0.0,0,0.0,0.0,0,0.0,0.0,0
11:26:33,3136.19,0.0,0.0,0,0.0,0.0,0,0.0,0.0,0
11:26:34,3136.98,0.0,0.0,0,0.0,0.0,0,0.0,0.0,0
11:26:35,3137.76,0.0,0.0,0,0.0,0.0,0,0.0,0.0,0
11:26:36,3138.55,0.0,0.0,0,0.0,0.0,0,0.0,0.0,0
11:26:36,3139.36,0.0,0.0,0,0.0,0.0,0,0.0,0.0,0
11:26:37,3140.14,0.0,0.0,0,0.0,0.0,0,0.0,0.0,0
11:26:38,3140.94,0.0,0.0,0,0.0,0.0,0,0.0,0.0,0
11:26:39,3141.73,0.0,0.0,0,0.0,0.0,0,0.0,0.0,0
11:26:40,3142.58,0.0,0.0,0,0.0,0.0,0,0.0,0.0,0
11:26:40,3143.35,0.0,0.0,0,0.0,0.0,0,0.0,0.0,0
11:26:41,3144.13,0.0,0.0,0,0.0,0.0,0,0.0,0.0,0
11:26:42,3144.94,0.0,0.0,0,0.0,0.0,0,0.0,0.0,0
11:26:43,3145.74,0.0,0.0,0,0.0,0.0,0,0.0,0.0,0
11:26:44,3146.57,0.0,0.0,0,0.0,0.0,0,0.0,0.0,0
11:26:44,3147.36,0.0,0.0,0,0.0,0.0,0,0.0,0.0,0
11:26:45,3148.15,0.0,0.0,0,0.0,0.0,0,0.0,0.0,0
11:26:46,3148.92,0.0,0.0,0,0.0,0.0,0,0.0,0.0,0
11:26:47,3149.75,0.0,0.0,0,0.0,0.0,0,0.0,0.0,0
11:26:48,3150.54,0.0,0.0,0,0.0,0.0,0,0.0,0.0,0
11:26:48,3151.33,0.0,0.0,0,0.0,0.0,0,0.0,0.0,0
11:26:49,3152.1,0.0,0.0,0,0.0,0.0,0,0.0,0.0,0
11:26:50,3152.92,0.0,0.0,0,0.0,0.0,0,0.0,0.0,0
11:26:51,3153.69,0.0,0.0,0,0.0,0.0,0,0.0,0.0,0
11:26:52,3154.55,0.0,0.0,0,0.0,0.0,0,0.0,0.0,0
11:26:52,3155.33,0.0,0.0,0,0.0,0.0,0,0.0,0.0,0
11:26:53,3156.1,0.0,0.0,0,0.0,0.0,0,0.0,0.0,0
11:26:54,3156.87,0.0,0.0,0,0.0,0.0,0,0.0,0.0,0
11:26:55,3157.68,0.0,0.0,0,0.0,0.0,0,0.0,0.0,0
11:26:56,3158.47,0.0,0.0,0,0.0,0.0,0,0.0,0.0,0
11:26:56,3159.27,0.0,0.0,0,0.0,0.0,0,0.0,0.0,0
11:26:57,3160.05,0.0,0.0,0,0.0,0.0,0,0.0,0.0,0
11:26:58,3160.83,0.0,0.0,0,0.0,0.0,0,0.0,0.0,0
11:26:59,3161.62,0.0,0.0,0,0.0,0.0,0,0.0,0.0,0
11:26:59,3162.41,0.0,0.0,0,0.0,0.0,0,0.0,0.0,0
11:27:00,3163.25,0.0,0.0,0,0.0,0.0,0,0.0,0.0,0
11:27:01,3164.05,0.0,0.0,0,0.0,0.0,0,0.0,0.0,0
11:27:02,3164.84,0.0,0.0,0,0.0,0.0,0,0.0,0.0,0
11:27:03,3165.62,0.0,0.0,0,0.0,0.0,0,0.0,0.0,0
11:27:03,3166.41,0.0,0.0,0,0.0,0.0,0,0.0,0.0,0
11:27:04,3167.23,0.0,0.0,0,0.0,0.0,0,0.0,0.0,0
11:27:05,3168.02,0.0,0.0,0,0.0,0.0,0,0.0,0.0,0
11:27:06,3168.77,0.0,0.0,0,0.0,0.0,0,0.0,0.0,0
11:27:07,3169.56,0.0,0.0,0,0.0,0.0,0,0.0,0.0,0
11:27:07,3170.35,0.0,0.0,0,0.0,0.0,0,0.0,0.0,0
11:27:08,3171.12,0.0,0.0,0,0.0,0.0,0,0.0,0.0,0
11:27:09,3171.9,0.0,0.0,0,0.0,0.0,0,0.0,0.0,0
11:27:10,3172.69,0.0,0.0,0,0.0,0.0,0,0.0,0.0,0
11:27:11,3173.48,0.0,0.0,0,0.0,0.0,0,0.0,0.0,0
11:27:11,3174.25,0.0,0.0,0,0.0,0.0,0,0.0,0.0,0
11:27:12,3175.05,0.0,0.0,0,0.0,0.0,0,0.0,0.0,0
11:27:13,3175.85,0.0,0.0,0,0.0,0.0,0,0.0,0.0,0
11:27:14,3176.63,0.0,0.0,0,0.0,0.0,0,0.0,0.0,0
11:27:14,3177.43,0.0,0.0,0,0.0,0.0,0,0.0,0.0,0
11:27:15,3178.22,0.0,0.0,0,0.0,0.0,0,0.0,0.0,0
11:27:16,3179.04,0.0,0.0,0,0.0,0.0,0,0.0,0.0,0
11:27:17,3179.82,0.0,0.0,0,0.0,0.0,0,0.0,0.0,0
11:27:18,3180.6,0.0,0.0,0,0.0,0.0,0,0.0,0.0,0
11:27:18,3181.37,0.0,0.0,0,0.0,0.0,0,0.0,0.0,0
11:27:19,3182.23,0.0,0.0,0,0.0,0.0,0,0.0,0.0,0
11:27:20,3183.02,0.0,0.0,0,0.0,0.0,0,0.0,0.0,0
11:27:21,3183.8,0.0,0.0,0,0.0,0.0,0,0.0,0.0,0
11:27:22,3184.6,0.0,0.0,0,0.0,0.0,0,0.0,0.0,0
11:27:22,3185.37,0.0,0.0,0,0.0,0.0,0,0.0,0.0,0
11:27:23,3186.16,0.0,0.0,0,0.0,0.0,0,0.0,0.0,0
11:27:24,3187.0,0.0,0.0,0,0.0,0.0,0,0.0,0.0,0
11:27:25,3187.8,0.0,0.0,0,0.0,0.0,0,0.0,0.0,0
11:27:26,3188.63,0.0,0.0,0,0.0,0.0,0,0.0,0.0,0
11:27:26,3189.42,0.0,0.0,0,0.0,0.0,0,0.0,0.0,0
11:27:27,3190.21,0.0,0.0,0,0.0,0.0,0,0.0,0.0,0
11:27:28,3191.0,0.0,0.0,0,0.0,0.0,0,0.0,0.0,0
11:27:29,3191.77,0.0,0.0,0,0.0,0.0,0,0.0,0.0,0
11:27:30,3192.56,0.0,0.0,0,0.0,0.0,0,0.0,0.0,0
11:27:30,3193.34,0.0,0.0,0,0.0,0.0,0,0.0,0.0,0
11:27:31,3194.15,0.0,0.0,0,0.0,0.0,0,0.0,0.0,0
11:27:32,3194.92,0.0,0.0,0,0.0,0.0,0,0.0,0.0,0
11:27:33,3195.69,0.0,0.0,0,0.0,0.0,0,0.0,0.0,0
11:27:34,3196.49,0.0,0.0,0,0.0,0.0,0,0.0,0.0,0
11:27:34,3197.27,0.0,0.0,0,0.0,0.0,0,0.0,0.0,0
11:27:35,3198.04,0.0,0.0,0,0.0,0.0,0,0.0,0.0,0
11:27:36,3198.86,0.0,0.0,0,0.0,0.0,0,0.0,0.0,0
11:27:37,3199.65,0.0,0.0,0,0.0,0.0,0,0.0,0.0,0
11:27:37,3200.42,0.0,0.0,0,0.0,0.0,0,0.0,0.0,0
11:27:38,3201.19,0.0,0.0,0,0.0,0.0,0,0.0,0.0,0
11:27:39,3201.98,0.0,0.0,0,0.0,0.0,0,0.0,0.0,0
11:27:40,3202.79,0.0,0.0,0,0.0,0.0,0,0.0,0.0,0
11:27:41,3203.56,0.0,0.0,0,0.0,0.0,0,0.0,0.0,0
11:27:41,3204.38,0.0,0.0,0,0.0,0.0,0,0.0,0.0,0
11:27:42,3205.17,0.0,0.0,0,0.0,0.0,0,0.0,0.0,0
11:27:43,3205.95,0.0,0.0,0,0.0,0.0,0,0.0,0.0,0
11:27:44,3206.71,0.0,0.0,0,0.0,0.0,0,0.0,0.0,0
11:27:45,3207.53,0.0,0.0,0,0.0,0.0,0,0.0,0.0,0
11:27:45,3208.3,0.0,0.0,0,0.0,0.0,0,0.0,0.0,0
11:27:46,3209.1,0.0,0.0,0,0.0,0.0,0,0.0,0.0,0
11:27:47,3209.93,0.0,0.0,0,0.0,0.0,0,0.0,0.0,0
11:27:48,3210.73,0.0,0.0,0,0.0,0.0,0,0.0,0.0,0
11:27:49,3211.55,0.0,0.0,0,0.0,0.0,0,0.0,0.0,0
11:27:49,3212.35,0.0,0.0,0,0.0,0.0,0,0.0,0.0,0
11:27:50,3213.13,0.0,0.0,0,0.0,0.0,0,0.0,0.0,0
11:27:51,3213.91,0.0,0.0,0,0.0,0.0,0,0.0,0.0,0
11:27:52,3214.72,0.0,0.0,0,0.0,0.0,0,0.0,0.0,0
11:27:53,3215.5,0.0,0.0,0,0.0,0.0,0,0.0,0.0,0
11:27:53,3216.28,0.0,0.0,0,0.0,0.0,0,0.0,0.0,0
11:27:54,3217.07,0.0,0.0,0,0.0,0.0,0,0.0,0.0,0
11:27:55,3217.87,0.0,0.0,0,0.0,0.0,0,0.0,0.0,0
11:27:56,3218.64,0.0,0.0,0,0.0,0.0,0,0.0,0.0,0
11:27:57,3219.48,0.0,0.0,0,0.0,0.0,0,0.0,0.0,0
11:27:57,3220.25,0.0,0.0,0,0.0,0.0,0,0.0,0.0,0
11:27:58,3221.02,0.0,0.0,0,0.0,0.0,0,0.0,0.0,0
11:27:59,3221.81,0.0,0.0,0,0.0,0.0,0,0.0,0.0,0
11:28:00,3222.61,0.0,0.0,0,0.0,0.0,0,0.0,0.0,0
11:28:00,3223.42,0.0,0.0,0,0.0,0.0,0,0.0,0.0,0
11:28:01,3224.19,0.0,0.0,0,0.0,0.0,0,0.0,0.0,0
11:28:02,3225.01,0.0,0.0,0,0.0,0.0,0,0.0,0.0,0
11:28:03,3225.81,0.0,0.0,0,0.0,0.0,0,0.0,0.0,0
11:28:04,3226.58,0.0,0.0,0,0.0,0.0,0,0.0,0.0,0
11:28:04,3227.34,0.0,0.0,0,0.0,0.0,0,0.0,0.0,0
11:28:05,3228.12,0.0,0.0,0,0.0,0.0,0,0.0,0.0,0
11:28:06,3228.9,0.0,0.0,0,0.0,0.0,0,0.0,0.0,0
11:28:07,3229.72,0.0,0.0,0,0.0,0.0,0,0.0,0.0,0
11:28:08,3230.52,0.0,0.0,0,0.0,0.0,0,0.0,0.0,0
11:28:08,3231.32,0.0,0.0,0,0.0,0.0,0,0.0,0.0,0
11:28:09,3232.1,0.0,0.0,0,0.0,0.0,0,0.0,0.0,0
11:28:10,3232.9,0.0,0.0,0,0.0,0.0,0,0.0,0.0,0
11:28:11,3233.7,0.0,0.0,0,0.0,0.0,0,0.0,0.0,0
11:28:12,3234.5,0.0,0.0,0,0.0,0.0,0,0.0,0.0,0
11:28:12,3235.32,0.0,0.0,0,0.0,0.0,0,0.0,0.0,0
11:28:13,3236.11,0.0,0.0,0,0.0,0.0,0,0.0,0.0,0
11:28:14,3236.91,0.0,0.0,0,0.0,0.0,0,0.0,0.0,0
11:28:15,3237.72,0.0,0.0,0,0.0,0.0,0,0.0,0.0,0
11:28:16,3238.54,0.0,0.0,0,0.0,0.0,0,0.0,0.0,0
11:28:16,3239.39,0.0,0.0,0,0.0,0.0,0,0.0,0.0,0
11:28:17,3240.17,0.0,0.0,0,0.0,0.0,0,0.0,0.0,0
11:28:18,3240.98,0.0,0.0,0,0.0,0.0,0,0.0,0.0,0
11:28:19,3241.77,0.0,0.0,0,0.0,0.0,0,0.0,0.0,0
11:28:20,3242.61,0.0,0.0,0,0.0,0.0,0,0.0,0.0,0
11:28:20,3243.39,0.0,0.0,0,0.0,0.0,0,0.0,0.0,0
11:28:21,3244.18,0.0,0.0,0,0.0,0.0,0,0.0,0.0,0
11:28:22,3244.98,0.0,0.0,0,0.0,0.0,0,0.0,0.0,0
11:28:23,3245.79,0.0,0.0,0,0.0,0.0,0,0.0,0.0,0
11:28:24,3246.57,0.0,0.0,0,0.0,0.0,0,0.0,0.0,0
11:28:25,3247.44,0.0,0.0,0,0.0,0.0,0,0.0,0.0,0
11:28:25,3248.23,0.0,0.0,0,0.0,0.0,0,0.0,0.0,0
11:28:26,3249.01,0.0,0.0,0,0.0,0.0,0,0.0,0.0,0
11:28:27,3249.79,0.0,0.0,0,0.0,0.0,0,0.0,0.0,0
11:28:28,3250.59,0.0,0.0,0,0.0,0.0,0,0.0,0.0,0
11:28:28,3251.37,0.0,0.0,0,0.0,0.0,0,0.0,0.0,0
11:28:29,3252.17,0.0,0.0,0,0.0,0.0,0,0.0,0.0,0
11:28:30,3252.96,0.0,0.0,0,0.0,0.0,0,0.0,0.0,0
11:28:31,3253.75,0.0,0.0,0,0.0,0.0,0,0.0,0.0,0
11:28:32,3254.57,0.0,0.0,0,0.0,0.0,0,0.0,0.0,0
11:28:32,3255.34,0.0,0.0,0,0.0,0.0,0,0.0,0.0,0
11:28:33,3256.13,0.0,0.0,0,0.0,0.0,0,0.0,0.0,0
11:28:34,3256.92,0.0,0.0,0,0.0,0.0,0,0.0,0.0,0
11:28:35,3257.72,0.0,0.0,0,0.0,0.0,0,0.0,0.0,0
11:28:36,3258.55,0.0,0.0,0,0.0,0.0,0,0.0,0.0,0
11:28:36,3259.33,0.0,0.0,0,0.0,0.0,0,0.0,0.0,0
11:28:37,3260.12,0.0,0.0,0,0.0,0.0,0,0.0,0.0,0
11:28:38,3260.95,0.0,0.0,0,0.0,0.0,0,0.0,0.0,0
11:28:39,3261.73,0.0,0.0,0,0.0,0.0,0,0.0,0.0,0
11:28:40,3262.53,0.0,0.0,0,0.0,0.0,0,0.0,0.0,0
11:28:40,3263.31,0.0,0.0,0,0.0,0.0,0,0.0,0.0,0
11:28:41,3264.11,0.0,0.0,0,0.0,0.0,0,0.0,0.0,0
11:28:42,3264.89,0.0,0.0,0,0.0,0.0,0,0.0,0.0,0
11:28:43,3265.67,0.0,0.0,0,0.0,0.0,0,0.0,0.0,0
11:28:44,3266.47,0.0,0.0,0,0.0,0.0,0,0.0,0.0,0
11:28:44,3267.26,0.0,0.0,0,0.0,0.0,0,0.0,0.0,0
11:28:45,3268.06,0.0,0.0,0,0.0,0.0,0,0.0,0.0,0
11:28:46,3268.86,0.0,0.0,0,0.0,0.0,0,0.0,0.0,0
11:28:47,3269.65,0.0,0.0,0,0.0,0.0,0,0.0,0.0,0
11:28:47,3270.43,0.0,0.0,0,0.0,0.0,0,0.0,0.0,0
11:28:48,3271.2,0.0,0.0,0,0.0,0.0,0,0.0,0.0,0
11:28:49,3271.99,0.0,0.0,0,0.0,0.0,0,0.0,0.0,0
11:28:50,3272.85,0.0,0.0,0,0.0,0.0,0,0.0,0.0,0
11:28:51,3273.67,0.0,0.0,0,0.0,0.0,0,0.0,0.0,0
11:28:52,3274.46,0.0,0.0,0,0.0,0.0,0,0.0,0.0,0
11:28:52,3275.26,0.0,0.0,0,0.0,0.0,0,0.0,0.0,0
11:28:53,3276.03,0.0,0.0,0,0.0,0.0,0,0.0,0.0,0
11:28:54,3276.81,0.0,0.0,0,0.0,0.0,0,0.0,0.0,0
11:28:55,3277.59,0.0,0.0,0,0.0,0.0,0,0.0,0.0,0
11:28:55,3278.39,0.0,0.0,0,0.0,0.0,0,0.0,0.0,0
11:28:56,3279.17,0.0,0.0,0,0.0,0.0,0,0.0,0.0,0
11:28:57,3279.97,0.0,0.0,0,0.0,0.0,0,0.0,0.0,0
11:28:58,3280.79,0.0,0.0,0,0.0,0.0,0,0.0,0.0,0
11:28:59,3281.57,0.0,0.0,0,0.0,0.0,0,0.0,0.0,0
11:28:59,3282.34,0.0,0.0,0,0.0,0.0,0,0.0,0.0,0
11:29:00,3283.15,0.0,0.0,0,0.0,0.0,0,0.0,0.0,0
11:29:01,3283.94,0.0,0.0,0,0.0,0.0,0,0.0,0.0,0
11:29:02,3284.74,0.0,0.0,0,0.0,0.0,0,0.0,0.0,0
11:29:03,3285.52,0.0,0.0,0,0.0,0.0,0,0.0,0.0,0
11:29:03,3286.3,0.0,0.0,0,0.0,0.0,0,0.0,0.0,0
11:29:04,3287.09,0.0,0.0,0,0.0,0.0,0,0.0,0.0,0
11:29:05,3287.88,0.0,0.0,0,0.0,0.0,0,0.0,0.0,0
11:29:06,3288.71,0.0,0.0,0,0.0,0.0,0,0.0,0.0,0
11:29:07,3289.53,0.0,0.0,0,0.0,0.0,0,0.0,0.0,0
11:29:07,3290.3,0.0,0.0,0,0.0,0.0,0,0.0,0.0,0
11:29:08,3291.07,0.0,0.0,0,0.0,0.0,0,0.0,0.0,0
11:29:09,3291.87,0.0,0.0,0,0.0,0.0,0,0.0,0.0,0
11:29:10,3292.66,0.0,0.0,0,0.0,0.0,0,0.0,0.0,0
11:29:11,3293.48,0.0,0.0,0,0.0,0.0,0,0.0,0.0,0
11:29:11,3294.25,0.0,0.0,0,0.0,0.0,0,0.0,0.0,0
11:29:12,3295.05,0.0,0.0,0,0.0,0.0,0,0.0,0.0,0
11:29:13,3295.82,0.0,0.0,0,0.0,0.0,0,0.0,0.0,0
11:29:14,3296.63,0.0,0.0,0,0.0,0.0,0,0.0,0.0,0
11:29:14,3297.41,0.0,0.0,0,0.0,0.0,0,0.0,0.0,0
11:29:15,3298.2,0.0,0.0,0,0.0,0.0,0,0.0,0.0,0
11:29:16,3299.0,0.0,0.0,0,0.0,0.0,0,0.0,0.0,0
11:29:17,3299.8,0.0,0.0,0,0.0,0.0,0,0.0,0.0,0
11:29:18,3300.6,0.0,0.0,0,0.0,0.0,0,0.0,0.0,0
11:29:18,3301.38,0.0,0.0,0,0.0,0.0,0,0.0,0.0,0
11:29:19,3302.19,0.0,0.0,0,0.0,0.0,0,0.0,0.0,0
11:29:20,3302.97,0.0,0.0,0,0.0,0.0,0,0.0,0.0,0
11:29:21,3303.81,0.0,0.0,0,0.0,0.0,0,0.0,0.0,0
11:29:22,3304.62,0.0,0.0,0,0.0,0.0,0,0.0,0.0,0
11:29:22,3305.4,0.0,0.0,0,0.0,0.0,0,0.0,0.0,0
11:29:23,3306.18,0.0,0.0,0,0.0,0.0,0,0.0,0.0,0
11:29:24,3306.97,0.0,0.0,0,0.0,0.0,0,0.0,0.0,0
11:29:25,3307.78,0.0,0.0,0,0.0,0.0,0,0.0,0.0,0
11:29:26,3308.58,0.0,0.0,0,0.0,0.0,0,0.0,0.0,0
11:29:26,3309.4,0.0,0.0,0,0.0,0.0,0,0.0,0.0,0
11:29:27,3310.18,0.0,0.0,0,0.0,0.0,0,0.0,0.0,0
11:29:28,3310.97,0.0,0.0,0,0.0,0.0,0,0.0,0.0,0
11:29:29,3311.74,0.0,0.0,0,0.0,0.0,0,0.0,0.0,0
11:29:30,3312.51,0.0,0.0,0,0.0,0.0,0,0.0,0.0,0
11:29:30,3313.29,0.0,0.0,0,0.0,0.0,0,0.0,0.0,0
11:29:31,3314.12,0.0,0.0,0,0.0,0.0,0,0.0,0.0,0
11:29:32,3314.91,0.0,0.0,0,0.0,0.0,0,0.0,0.0,0
11:29:33,3315.7,0.0,0.0,0,0.0,0.0,0,0.0,0.0,0
11:29:34,3316.47,0.0,0.0,0,0.0,0.0,0,0.0,0.0,0
11:29:34,3317.24,0.0,0.0,0,0.0,0.0,0,0.0,0.0,0
11:29:35,3318.02,0.0,0.0,0,0.0,0.0,0,0.0,0.0,0
11:29:36,3318.83,0.0,0.0,0,0.0,0.0,0,0.0,0.0,0
11:29:37,3319.7,0.0,0.0,0,0.0,0.0,0,0.0,0.0,0
11:29:38,3320.51,0.0,0.0,0,0.0,0.0,0,0.0,0.0,0
11:29:38,3321.3,0.0,0.0,0,0.0,0.0,0,0.0,0.0,0
11:29:39,3322.06,0.0,0.0,0,0.0,0.0,0,0.0,0.0,0
11:29:40,3322.84,0.0,0.0,0,0.0,0.0,0,0.0,0.0,0
11:29:41,3323.65,0.0,0.0,0,0.0,0.0,0,0.0,0.0,0
11:29:42,3324.44,0.0,0.0,0,0.0,0.0,0,0.0,0.0,0
11:29:42,3325.22,0.0,0.0,0,0.0,0.0,0,0.0,0.0,0
11:29:43,3325.99,0.0,0.0,0,0.0,0.0,0,0.0,0.0,0
11:29:44,3326.78,0.0,0.0,0,0.0,0.0,0,0.0,0.0,0
11:29:45,3327.57,0.0,0.0,0,0.0,0.0,0,0.0,0.0,0
11:29:45,3328.34,0.0,0.0,0,0.0,0.0,0,0.0,0.0,0
11:29:46,3329.11,0.0,0.0,0,0.0,0.0,0,0.0,0.0,0
11:29:47,3329.95,0.0,0.0,0,0.0,0.0,0,0.0,0.0,0
11:29:48,3330.75,0.0,0.0,0,0.0,0.0,0,0.0,0.0,0
11:29:49,3331.51,0.0,0.0,0,0.0,0.0,0,0.0,0.0,0
11:29:49,3332.31,0.0,0.0,0,0.0,0.0,0,0.0,0.0,0
11:29:50,3333.1,0.0,0.0,0,0.0,0.0,0,0.0,0.0,0
11:29:51,3333.9,0.0,0.0,0,0.0,0.0,0,0.0,0.0,0
11:29:52,3334.71,0.0,0.0,0,0.0,0.0,0,0.0,0.0,0
11:29:53,3335.5,0.0,0.0,0,0.0,0.0,0,0.0,0.0,0
11:29:53,3336.29,0.0,0.0,0,0.0,0.0,0,0.0,0.0,0
11:29:54,3337.06,0.0,0.0,0,0.0,0.0,0,0.0,0.0,0
11:29:55,3337.84,0.0,0.0,0,0.0,0.0,0,0.0,0.0,0
11:29:56,3338.63,0.0,0.0,0,0.0,0.0,0,0.0,0.0,0
11:29:56,3339.4,0.0,0.0,0,0.0,0.0,0,0.0,0.0,0
11:29:57,3340.24,0.0,0.0,0,0.0,0.0,0,0.0,0.0,0
11:29:58,3341.03,0.0,0.0,0,0.0,0.0,0,0.0,0.0,0
11:29:59,3341.8,0.0,0.0,0,0.0,0.0,0,0.0,0.0,0
11:30:00,3342.6,0.0,0.0,0,0.0,0.0,0,0.0,0.0,0
11:30:00,3343.38,0.0,0.0,0,0.0,0.0,0,0.0,0.0,0
11:30:01,3344.16,0.0,0.0,0,0.0,0.0,0,0.0,0.0,0
11:30:02,3344.93,0.0,0.0,0,0.0,0.0,0,0.0,0.0,0
11:30:03,3345.71,0.0,0.0,0,0.0,0.0,0,0.0,0.0,0
11:30:04,3346.51,0.0,0.0,0,0.0,0.0,0,0.0,0.0,0
11:30:04,3347.28,0.0,0.0,0,0.0,0.0,0,0.0,0.0,0
11:30:05,3348.05,0.0,0.0,0,0.0,0.0,0,0.0,0.0,0
11:30:06,3348.84,0.0,0.0,0,0.0,0.0,0,0.0,0.0,0
11:30:07,3349.61,0.0,0.0,0,0.0,0.0,0,0.0,0.0,0
11:30:07,3350.38,0.0,0.0,0,0.0,0.0,0,0.0,0.0,0
11:30:08,3351.19,0.0,0.0,0,0.0,0.0,0,0.0,0.0,0
11:30:09,3351.97,0.0,0.0,0,0.0,0.0,0,0.0,0.0,0
11:30:10,3352.77,0.0,0.0,0,0.0,0.0,0,0.0,0.0,0
11:30:11,3353.55,0.0,0.0,0,0.0,0.0,0,0.0,0.0,0
11:30:11,3354.38,0.0,0.0,0,0.0,0.0,0,0.0,0.0,0
11:30:12,3355.15,0.0,0.0,0,0.0,0.0,0,0.0,0.0,0
11:30:13,3355.93,0.0,0.0,0,0.0,0.0,0,0.0,0.0,0
11:30:14,3356.75,0.0,0.0,0,0.0,0.0,0,0.0,0.0,0
11:30:15,3357.52,0.0,0.0,0,0.0,0.0,0,0.0,0.0,0
11:30:15,3358.3,0.0,0.0,0,0.0,0.0,0,0.0,0.0,0
11:30:16,3359.1,0.0,0.0,0,0.0,0.0,0,0.0,0.0,0
11:30:17,3359.89,0.0,0.0,0,0.0,0.0,0,0.0,0.0,0
11:30:18,3360.68,0.0,0.0,0,0.0,0.0,0,0.0,0.0,0
11:30:19,3361.5,0.0,0.0,0,0.0,0.0,0,0.0,0.0,0
11:30:19,3362.29,0.0,0.0,0,0.0,0.0,0,0.0,0.0,0
11:30:20,3363.11,0.0,0.0,0,0.0,0.0,0,0.0,0.0,0
11:30:21,3363.9,0.0,0.0,0,0.0,0.0,0,0.0,0.0,0
11:30:22,3364.69,0.0,0.0,0,0.0,0.0,0,0.0,0.0,0
11:30:23,3365.49,0.0,0.0,0,0.0,0.0,0,0.0,0.0,0
11:30:23,3366.27,0.0,0.0,0,0.0,0.0,0,0.0,0.0,0
11:30:24,3367.08,0.0,0.0,0,0.0,0.0,0,0.0,0.0,0
11:30:25,3367.87,0.0,0.0,0,0.0,0.0,0,0.0,0.0,0
11:30:26,3368.66,0.0,0.0,0,0.0,0.0,0,0.0,0.0,0
11:30:27,3369.44,0.0,0.0,0,0.0,0.0,0,0.0,0.0,0
11:30:27,3370.21,0.0,0.0,0,0.0,0.0,0,0.0,0.0,0
11:30:28,3371.0,0.0,0.0,0,0.0,0.0,0,0.0,0.0,0
11:30:29,3371.8,0.0,0.0,0,0.0,0.0,0,0.0,0.0,0
11:30:30,3372.6,0.0,0.0,0,0.0,0.0,0,0.0,0.0,0
11:30:30,3373.38,0.0,0.0,0,0.0,0.0,0,0.0,0.0,0
11:30:31,3374.14,0.0,0.0,0,0.0,0.0,0,0.0,0.0,0
11:30:32,3374.95,0.0,0.0,0,0.0,0.0,0,0.0,0.0,0
11:30:33,3375.73,0.0,0.0,0,0.0,0.0,0,0.0,0.0,0
11:30:34,3376.53,0.0,0.0,0,0.0,0.0,0,0.0,0.0,0
11:30:34,3377.38,0.0,0.0,0,0.0,0.0,0,0.0,0.0,0
11:30:35,3378.15,0.0,0.0,0,0.0,0.0,0,0.0,0.0,0
11:30:36,3378.93,0.0,0.0,0,0.0,0.0,0,0.0,0.0,0
11:30:37,3379.72,0.0,0.0,0,0.0,0.0,0,0.0,0.0,0
11:30:38,3380.5,0.0,0.0,0,0.0,0.0,0,0.0,0.0,0
11:30:38,3381.27,0.0,0.0,0,0.0,0.0,0,0.0,0.0,0
11:30:39,3382.07,0.0,0.0,0,0.0,0.0,0,0.0,0.0,0
11:30:40,3382.86,0.0,0.0,0,0.0,0.0,0,0.0,0.0,0
11:30:41,3383.64,0.0,0.0,0,0.0,0.0,0,0.0,0.0,0
11:30:41,3384.43,0.0,0.0,0,0.0,0.0,0,0.0,0.0,0
11:30:42,3385.2,0.0,0.0,0,0.0,0.0,0,0.0,0.0,0
11:30:43,3385.98,0.0,0.0,0,0.0,0.0,0,0.0,0.0,0
11:30:44,3386.8,0.0,0.0,0,0.0,0.0,0,0.0,0.0,0
11:30:45,3387.6,0.0,0.0,0,0.0,0.0,0,0.0,0.0,0
11:30:45,3388.4,0.0,0.0,0,0.0,0.0,0,0.0,0.0,0
11:30:46,3389.18,0.0,0.0,0,0.0,0.0,0,0.0,0.0,0
11:30:47,3389.97,0.0,0.0,0,0.0,0.0,0,0.0,0.0,0
11:30:48,3390.73,0.0,0.0,0,0.0,0.0,0,0.0,0.0,0
11:30:49,3391.53,0.0,0.0,0,0.0,0.0,0,0.0,0.0,0
11:30:49,3392.3,0.0,0.0,0,0.0,0.0,0,0.0,0.0,0
11:30:50,3393.07,0.0,0.0,0,0.0,0.0,0,0.0,0.0,0
11:30:51,3393.89,0.0,0.0,0,0.0,0.0,0,0.0,0.0,0
11:30:52,3394.68,0.0,0.0,0,0.0,0.0,0,0.0,0.0,0
11:30:53,3395.45,0.0,0.0,0,0.0,0.0,0,0.0,0.0,0
11:30:53,3396.25,0.0,0.0,0,0.0,0.0,0,0.0,0.0,0
11:30:54,3397.03,0.0,0.0,0,0.0,0.0,0,0.0,0.0,0
11:30:55,3397.85,0.0,0.0,0,0.0,0.0,0,0.0,0.0,0
11:30:56,3398.64,0.0,0.0,0,0.0,0.0,0,0.0,0.0,0
11:30:57,3399.44,0.0,0.0,0,0.0,0.0,0,0.0,0.0,0
11:30:57,3400.22,0.0,0.0,0,0.0,0.0,0,0.0,0.0,0
11:30:58,3401.0,0.0,0.0,0,0.0,0.0,0,0.0,0.0,0
11:30:59,3401.79,0.0,0.0,0,0.0,0.0,0,0.0,0.0,0
11:31:00,3402.58,0.0,0.0,0,0.0,0.0,0,0.0,0.0,0
11:31:00,3403.35,0.0,0.0,0,0.0,0.0,0,0.0,0.0,0
11:31:01,3404.17,0.0,0.0,0,0.0,0.0,0,0.0,0.0,0
11:31:02,3404.96,0.0,0.0,0,0.0,0.0,0,0.0,0.0,0
11:31:03,3405.76,0.0,0.0,0,0.0,0.0,0,0.0,0.0,0
11:31:04,3406.53,0.0,0.0,0,0.0,0.0,0,0.0,0.0,0
11:31:04,3407.3,0.0,0.0,0,0.0,0.0,0,0.0,0.0,0
11:31:05,3408.07,0.0,0.0,0,0.0,0.0,0,0.0,0.0,0
11:31:06,3408.86,0.0,0.0,0,0.0,0.0,0,0.0,0.0,0
11:31:07,3409.65,0.0,0.0,0,0.0,0.0,0,0.0,0.0,0
11:31:08,3410.47,0.0,0.0,0,0.0,0.0,0,0.0,0.0,0
11:31:08,3411.25,0.0,0.0,0,0.0,0.0,0,0.0,0.0,0
11:31:09,3412.04,0.0,0.0,0,0.0,0.0,0,0.0,0.0,0
11:31:10,3412.91,0.0,0.0,0,0.0,0.0,0,0.0,0.0,0
11:31:11,3413.72,0.0,0.0,0,0.0,0.0,0,0.0,0.0,0
11:31:12,3414.54,0.0,0.0,0,0.0,0.0,0,0.0,0.0,0
11:31:12,3415.35,0.0,0.0,0,0.0,0.0,0,0.0,0.0,0
11:31:13,3416.12,0.0,0.0,0,0.0,0.0,0,0.0,0.0,0
11:31:14,3416.9,0.0,0.0,0,0.0,0.0,0,0.0,0.0,0
11:31:15,3417.73,0.0,0.0,0,0.0,0.0,0,0.0,0.0,0
11:31:16,3418.52,0.0,0.0,0,0.0,0.0,0,0.0,0.0,0
11:31:16,3419.31,0.0,0.0,0,0.0,0.0,0,0.0,0.0,0
11:31:17,3420.11,0.0,0.0,0,0.0,0.0,0,0.0,0.0,0
11:31:18,3420.95,0.0,0.0,0,0.0,0.0,0,0.0,0.0,0
11:31:19,3421.76,0.0,0.0,0,0.0,0.0,0,0.0,0.0,0
11:31:20,3422.62,0.0,0.0,0,0.0,0.0,0,0.0,0.0,0
11:31:21,3423.48,0.0,0.0,0,0.0,0.0,0,0.0,0.0,0
11:31:21,3424.31,0.0,0.0,0,0.0,0.0,0,0.0,0.0,0
11:31:22,3425.13,0.0,0.0,0,0.0,0.0,0,0.0,0.0,0
11:31:23,3426.01,0.0,0.0,0,0.0,0.0,0,0.0,0.0,0
11:31:24,3426.85,0.0,0.0,0,0.0,0.0,0,0.0,0.0,0
11:31:25,3427.67,0.0,0.0,0,0.0,0.0,0,0.0,0.0,0
11:31:26,3428.5,0.0,0.0,0,0.0,0.0,0,0.0,0.0,0
11:31:26,3429.39,0.0,0.0,0,0.0,0.0,0,0.0,0.0,0
11:31:27,3430.23,0.0,0.0,0,0.0,0.0,0,0.0,0.0,0
11:31:28,3431.07,0.0,0.0,0,0.0,0.0,0,0.0,0.0,0
11:31:29,3431.89,0.0,0.0,0,0.0,0.0,0,0.0,0.0,0
11:31:30,3432.7,0.0,0.0,0,0.0,0.0,0,0.0,0.0,0
11:31:31,3433.55,0.0,0.0,0,0.0,0.0,0,0.0,0.0,0
11:31:31,3434.4,0.0,0.0,0,0.0,0.0,0,0.0,0.0,0
11:31:32,3435.22,0.0,0.0,0,0.0,0.0,0,0.0,0.0,0
11:31:33,3436.08,0.0,0.0,0,0.0,0.0,0,0.0,0.0,0
11:31:34,3436.9,0.0,0.0,0,0.0,0.0,0,0.0,0.0,0
11:31:35,3437.73,0.0,0.0,0,0.0,0.0,0,0.0,0.0,0
11:31:36,3438.54,0.0,0.0,0,0.0,0.0,0,0.0,0.0,0
11:31:36,3439.36,0.0,0.0,0,0.0,0.0,0,0.0,0.0,0
11:31:37,3440.17,0.0,0.0,0,0.0,0.0,0,0.0,0.0,0
11:31:38,3440.99,0.0,0.0,0,0.0,0.0,0,0.0,0.0,0
11:31:39,3441.84,0.0,0.0,0,0.0,0.0,0,0.0,0.0,0
11:31:40,3442.65,0.0,0.0,0,0.0,0.0,0,0.0,0.0,0
11:31:41,3443.52,0.0,0.0,0,0.0,0.0,0,0.0,0.0,0
11:31:41,3444.33,0.0,0.0,0,0.0,0.0,0,0.0,0.0,0
11:31:42,3445.14,0.0,0.0,0,0.0,0.0,0,0.0,0.0,0
11:31:43,3445.98,0.0,0.0,0,0.0,0.0,0,0.0,0.0,0
11:31:44,3446.79,0.0,0.0,0,0.0,0.0,0,0.0,0.0,0
11:31:45,3447.62,0.0,0.0,0,0.0,0.0,0,0.0,0.0,0
11:31:45,3448.41,0.0,0.0,0,0.0,0.0,0,0.0,0.0,0
11:31:46,3449.19,0.0,0.0,0,0.0,0.0,0,0.0,0.0,0
11:31:47,3450.04,0.0,0.0,0,0.0,0.0,0,0.0,0.0,0
11:31:48,3450.84,0.0,0.0,0,0.0,0.0,0,0.0,0.0,0
11:31:49,3451.67,0.0,0.0,0,0.0,0.0,0,0.0,0.0,0
11:31:50,3452.53,0.0,0.0,0,0.0,0.0,0,0.0,0.0,0
11:31:50,3453.34,0.0,0.0,0,0.0,0.0,0,0.0,0.0,0
11:31:51,3454.15,0.0,0.0,0,0.0,0.0,0,0.0,0.0,0
11:31:52,3454.95,0.0,0.0,0,0.0,0.0,0,0.0,0.0,0
11:31:53,3455.77,0.0,0.0,0,0.0,0.0,0,0.0,0.0,0
11:31:54,3456.6,0.0,0.0,0,0.0,0.0,0,0.0,0.0,0
11:31:55,3457.49,0.0,0.0,0,0.0,0.0,0,0.0,0.0,0
11:31:55,3458.31,0.0,0.0,0,0.0,0.0,0,0.0,0.0,0
11:31:56,3459.14,0.0,0.0,0,0.0,0.0,0,0.0,0.0,0
11:31:57,3459.96,0.0,0.0,0,0.0,0.0,0,0.0,0.0,0
11:31:58,3460.76,0.0,0.0,0,0.0,0.0,0,0.0,0.0,0
11:31:59,3461.54,0.0,0.0,0,0.0,0.0,0,0.0,0.0,0
11:31:59,3462.32,0.0,0.0,0,0.0,0.0,0,0.0,0.0,0
11:32:00,3463.12,0.0,0.0,0,0.0,0.0,0,0.0,0.0,0
11:32:01,3463.94,0.0,0.0,0,0.0,0.0,0,0.0,0.0,0
11:32:02,3464.76,0.0,0.0,0,0.0,0.0,0,0.0,0.0,0
11:32:03,3465.58,0.0,0.0,0,0.0,0.0,0,0.0,0.0,0
11:32:03,3466.37,0.0,0.0,0,0.0,0.0,0,0.0,0.0,0
11:32:04,3467.16,0.0,0.0,0,0.0,0.0,0,0.0,0.0,0
11:32:05,3468.0,0.0,0.0,0,0.0,0.0,0,0.0,0.0,0
11:32:06,3468.81,0.0,0.0,0,0.0,0.0,0,0.0,0.0,0
11:32:07,3469.63,0.0,0.0,0,0.0,0.0,0,0.0,0.0,0
11:32:08,3470.45,0.0,0.0,1,0.0,0.0,0,0.0,0.0,0
11:32:08,3471.26,0.0,0.0,1,0.0,0.0,0,0.0,0.0,0
11:32:09,3472.09,0.0,0.0,1,0.0,0.0,0,0.0,0.0,0
11:32:10,3472.86,0.0,0.0,1,0.0,0.0,0,0.0,0.0,0
11:32:11,3473.65,1.0,0.0,1,0.0,0.0,0,0.0,0.0,0
11:32:12,3474.45,5.0,0.0,1,0.0,0.0,0,0.0,0.0,0
11:32:12,3475.23,5.0,0.0,1,0.0,0.0,0,0.0,0.0,0
11:32:13,3476.01,5.0,0.0,1,0.0,0.0,0,0.0,0.0,0
11:32:14,3476.82,5.0,0.0,1,0.0,0.0,0,0.0,0.0,0
11:32:15,3477.62,10.0,0.0,1,0.0,0.0,0,0.0,0.0,0
11:32:15,3478.4,16.0,0.0,1,0.0,0.0,0,0.0,0.0,0
11:32:16,3479.19,22.0,0.0,1,0.0,0.0,0,0.0,0.0,0
11:32:17,3479.98,35.0,0.0,1,0.0,0.0,0,0.0,0.0,0
11:32:18,3480.8,40.0,0.0,1,0.0,0.0,0,0.0,0.0,0
11:32:19,3481.6,47.0,0.0,1,0.0,0.0,0,0.0,0.0,0
11:32:20,3482.48,59.0,0.0,1,0.0,0.0,0,0.0,0.0,0
11:32:20,3483.31,66.0,0.0,1,0.0,0.0,0,0.0,0.0,0
11:32:21,3484.15,72.0,0.0,1,0.0,0.0,0,0.0,0.0,0
11:32:22,3484.97,78.0,0.10000000149011612,1,0.0,0.0,0,0.0,0.0,0
11:32:23,3485.76,84.0,0.10000000149011612,1,0.0,0.0,0,0.0,0.0,0
11:32:24,3486.58,97.0,0.10000000149011612,1,0.0,0.0,0,0.0,0.0,0
11:32:24,3487.43,102.0,0.10000000149011612,1,0.0,0.0,0,0.0,0.0,0
11:32:25,3488.23,109.0,0.10000000149011612,1,0.0,0.0,0,0.0,0.0,0
11:32:26,3489.0,121.0,0.10000000149011612,1,0.0,0.0,0,0.0,0.0,0
11:32:27,3489.78,128.0,0.20000000298023224,1,0.0,0.0,0,0.0,0.0,0
11:32:28,3490.59,134.0,0.20000000298023224,1,0.0,0.0,0,0.0,0.0,0
11:32:28,3491.37,147.0,0.20000000298023224,1,0.0,0.0,0,0.0,0.0,0
11:32:29,3492.18,153.0,0.20000000298023224,1,0.0,0.0,0,0.0,0.0,0
11:32:30,3492.96,159.0,0.20000000298023224,1,0.0,0.0,0,0.0,0.0,0
11:32:31,3493.78,165.0,0.20000000298023224,1,0.0,0.0,0,0.0,0.0,0
11:32:32,3494.63,171.0,0.20000000298023224,1,0.0,0.0,0,0.0,0.0,0
11:32:33,3495.45,183.0,0.30000001192092896,1,0.0,0.0,0,0.0,0.0,0
11:32:33,3496.27,190.0,0.30000001192092896,1,0.0,0.0,0,0.0,0.0,0
11:32:34,3497.07,196.0,0.30000001192092896,1,0.0,0.0,0,0.0,0.0,0
11:32:35,3497.89,208.0,0.30000001192092896,1,0.0,0.0,0,0.0,0.0,0
11:32:36,3498.69,215.0,0.30000001192092896,1,0.0,0.0,0,0.0,0.0,0
11:32:37,3499.5,221.0,0.30000001192092896,1,0.0,0.0,0,0.0,0.0,0
11:32:37,3500.28,232.0,0.30000001192092896,1,0.0,0.0,0,0.0,0.0,0
11:32:38,3501.08,240.0,0.4000000059604645,1,0.0,0.0,0,0.0,0.0,0
11:32:39,3501.89,245.0,0.4000000059604645,1,0.0,0.0,0,0.0,0.0,0
11:32:40,3502.68,251.0,0.4000000059604645,1,0.0,0.0,0,0.0,0.0,0
11:32:41,3503.47,258.0,0.4000000059604645,1,0.0,0.0,0,0.0,0.0,0
11:32:41,3504.25,263.0,0.4000000059604645,1,0.0,0.0,0,0.0,0.0,0
11:32:42,3505.07,277.0,0.4000000059604645,1,0.0,0.0,0,0.0,0.0,0
11:32:43,3505.88,281.0,0.4000000059604645,1,0.0,0.0,0,0.0,0.0,0
11:32:44,3506.71,289.0,0.5,1,0.0,0.0,0,0.0,0.0,0
11:32:45,3507.51,293.0,0.4000000059604645,1,0.0,0.0,0,0.0,0.0,0
11:32:45,3508.3,309.0,0.5,1,0.0,0.0,0,0.0,0.0,0
11:32:46,3509.13,314.0,0.6000000238418579,1,0.0,0.0,0,0.0,0.0,0
11:32:47,3509.91,323.0,0.699999988079071,1,0.0,0.0,0,0.0,0.0,0
11:32:48,3510.71,324.0,0.5,1,0.0,0.0,0,0.0,0.0,0
11:32:49,3511.51,354.0,0.5,1,0.0,0.0,0,0.0,0.0,0
11:32:49,3512.3,330.0,0.4000000059604645,1,0.0,0.0,0,0.0,0.0,0
11:32:50,3513.11,360.0,0.699999988079071,1,0.0,0.0,0,0.0,0.0,0
11:32:51,3513.92,354.0,0.6000000238418579,1,0.0,0.0,0,0.0,0.0,0
11:32:52,3514.7,360.0,0.5,1,0.0,0.0,0,0.0,0.0,0
11:32:53,3515.51,378.0,0.6000000238418579,1,0.0,0.0,0,0.0,0.0,0
11:32:53,3516.33,396.0,0.800000011920929,1,0.0,0.0,0,0.0,0.0,0
11:32:54,3517.13,403.0,0.800000011920929,1,0.0,0.0,0,0.0,0.0,0
11:32:55,3518.0,419.0,1.100000023841858,1,0.0,0.0,0,0.0,0.0,0
11:32:56,3518.8,397.0,0.8999999761581421,1,0.0,0.0,0,0.0,0.0,0
11:32:57,3519.64,416.0,0.800000011920929,1,0.0,0.0,0,0.0,0.0,0
11:32:57,3520.43,416.0,0.8999999761581421,1,0.0,0.0,0,0.0,0.0,0
11:32:58,3521.22,448.0,0.699999988079071,1,0.0,0.0,0,0.0,0.0,0
11:32:59,3521.98,436.0,0.6000000238418579,1,0.0,0.0,0,0.0,0.0,0
11:33:00,3522.78,455.0,0.800000011920929,1,0.0,0.0,0,0.0,0.0,0
11:33:01,3523.62,460.0,0.800000011920929,1,0.0,0.0,0,0.0,0.0,0
11:33:01,3524.44,472.0,0.800000011920929,1,0.0,0.0,0,0.0,0.0,0
11:33:02,3525.21,478.0,1.0,1,0.0,0.0,0,0.0,0.0,0
11:33:03,3525.98,502.0,1.0,1,0.0,0.0,0,0.0,0.0,0
11:33:04,3526.81,498.0,1.100000023841858,1,0.0,0.0,0,0.0,0.0,0
11:33:05,3527.63,491.0,0.8999999761581421,1,0.0,0.0,0,0.0,0.0,0
11:33:05,3528.41,494.0,0.800000011920929,1,0.0,0.0,0,0.0,0.0,0
11:33:06,3529.24,499.0,0.8999999761581421,1,0.0,0.0,0,0.0,0.0,0
11:33:07,3530.09,503.0,1.0,1,0.0,0.0,0,0.0,0.0,0
11:33:08,3530.87,496.0,1.0,1,0.0,0.0,0,0.0,0.0,0
11:33:09,3531.73,513.0,0.800000011920929,1,0.0,0.0,0,0.0,0.0,0
11:33:10,3532.51,478.0,0.8999999761581421,1,0.0,0.0,0,0.0,0.0,0
11:33:10,3533.31,515.0,0.800000011920929,1,0.0,0.0,0,0.0,0.0,0
11:33:11,3534.14,495.0,0.699999988079071,1,0.0,0.0,0,0.0,0.0,0
11:33:12,3534.94,503.0,1.100000023841858,1,0.0,0.0,0,0.0,0.0,0
11:33:13,3535.75,501.0,1.0,1,0.0,0.0,0,0.0,0.0,0
11:33:14,3536.56,513.0,1.0,1,0.0,0.0,0,0.0,0.0,0
11:33:14,3537.36,490.0,0.800000011920929,1,0.0,0.0,0,0.0,0.0,0
11:33:15,3538.14,515.0,1.0,1,0.0,0.0,0,0.0,0.0,0
11:33:16,3538.97,491.0,0.800000011920929,1,0.0,0.0,0,0.0,0.0,0
11:33:17,3539.82,502.0,0.800000011920929,1,0.0,0.0,0,0.0,0.0,0
11:33:18,3540.63,493.0,0.699999988079071,1,0.0,0.0,0,0.0,0.0,0
11:33:18,3541.4,512.0,0.800000011920929,1,0.0,0.0,0,0.0,0.0,0
11:33:19,3542.17,492.0,0.800000011920929,1,0.0,0.0,0,0.0,0.0,0
11:33:20,3543.0,508.0,1.100000023841858,1,0.0,0.0,0,0.0,0.0,0
11:33:21,3543.83,488.0,0.699999988079071,1,0.0,0.0,0,0.0,0.0,0
11:33:22,3544.67,495.0,0.800000011920929,1,0.0,0.0,0,0.0,0.0,0
11:33:23,3545.46,504.0,1.0,1,0.0,0.0,0,0.0,0.0,0
11:33:23,3546.28,501.0,0.800000011920929,1,0.0,0.0,0,0.0,0.0,0
11:33:24,3547.12,504.0,1.0,1,0.0,0.0,0,0.0,0.0,0
11:33:25,3547.97,499.0,0.800000011920929,1,0.0,0.0,0,0.0,0.0,0
11:33:26,3548.81,494.0,0.699999988079071,1,0.0,0.0,0,0.0,0.0,0
11:33:27,3549.65,502.0,0.8999999761581421,1,0.0,0.0,0,0.0,0.0,0
11:33:28,3550.45,501.0,0.800000011920929,1,0.0,0.0,0,0.0,0.0,0
11:33:28,3551.33,501.0,0.800000011920929,1,0.0,0.0,0,0.0,0.0,0
11:33:29,3552.15,500.0,0.8999999761581421,1,0.0,0.0,0,0.0,0.0,0
11:33:30,3552.98,503.0,0.8999999761581421,1,0.0,0.0,0,0.0,0.0,0
11:33:31,3553.79,498.0,1.0,1,0.0,0.0,0,0.0,0.0,0
11:33:32,3554.58,490.0,1.100000023841858,1,0.0,0.0,0,0.0,0.0,0
11:33:32,3555.38,504.0,1.0,1,0.0,0.0,0,0.0,0.0,0
11:33:33,3556.15,498.0,1.0,1,0.0,0.0,0,0.0,0.0,0
11:33:34,3556.96,512.0,1.0,1,0.0,0.0,0,0.0,0.0,0
11:33:35,3557.76,495.0,1.0,1,0.0,0.0,0,0.0,0.0,0
11:33:36,3558.58,511.0,1.0,1,0.0,0.0,0,0.0,0.0,0
11:33:36,3559.39,505.0,1.0,1,0.0,0.0,0,0.0,0.0,0
11:33:37,3560.17,506.0,0.800000011920929,1,0.0,0.0,0,0.0,0.0,0
11:33:38,3560.94,489.0,0.699999988079071,1,0.0,0.0,0,0.0,0.0,0
11:33:39,3561.75,506.0,1.100000023841858,1,0.0,0.0,0,0.0,0.0,0
11:33:40,3562.58,525.0,1.0,1,0.0,0.0,0,0.0,0.0,0
11:33:40,3563.39,501.0,1.0,1,0.0,0.0,0,0.0,0.0,0
11:33:41,3564.18,510.0,0.800000011920929,1,0.0,0.0,0,0.0,0.0,0
11:33:42,3564.97,489.0,0.699999988079071,1,0.0,0.0,0,0.0,0.0,0
11:33:43,3565.76,489.0,1.0,1,0.0,0.0,0,0.0,0.0,0
11:33:44,3566.56,493.0,0.8999999761581421,1,0.0,0.0,0,0.0,0.0,0
11:33:44,3567.36,502.0,0.8999999761581421,1,0.0,0.0,0,0.0,0.0,0
11:33:45,3568.15,498.0,0.8999999761581421,1,0.0,0.0,0,0.0,0.0,0
11:33:46,3568.93,514.0,1.100000023841858,1,0.0,0.0,0,0.0,0.0,0
11:33:47,3569.7,484.0,0.6000000238418579,1,0.0,0.0,0,0.0,0.0,0
11:33:48,3570.48,515.0,0.800000011920929,1,0.0,0.0,0,0.0,0.0,0
11:33:48,3571.28,509.0,1.0,1,0.0,0.0,0,0.0,0.0,0
11:33:49,3572.1,488.0,0.8999999761581421,1,0.0,0.0,0,0.0,0.0,0
11:33:50,3572.97,510.0,0.8999999761581421,1,0.0,0.0,0,0.0,0.0,0
11:33:51,3573.75,491.0,1.2999999523162842,1,0.0,0.0,0,0.0,0.0,0
11:33:52,3574.55,491.0,1.100000023841858,1,0.0,0.0,0,0.0,0.0,0
11:33:52,3575.36,488.0,0.699999988079071,1,0.0,0.0,0,0.0,0.0,0
11:33:53,3576.15,490.0,0.6000000238418579,1,0.0,0.0,0,0.0,0.0,0
11:33:54,3576.93,497.0,0.6000000238418579,1,0.0,0.0,0,0.0,0.0,0
11:33:55,3577.77,503.0,0.8999999761581421,1,0.0,0.0,0,0.0,0.0,0
11:33:56,3578.55,507.0,0.8999999761581421,1,0.0,0.0,0,0.0,0.0,0
11:33:56,3579.37,522.0,1.100000023841858,1,0.0,0.0,0,0.0,0.0,0
11:33:57,3580.14,488.0,0.699999988079071,1,0.0,0.0,0,0.0,0.0,0
11:33:58,3580.95,482.0,0.800000011920929,1,0.0,0.0,0,0.0,0.0,0
11:33:59,3581.75,494.0,0.800000011920929,1,0.0,0.0,0,0.0,0.0,0
11:34:00,3582.53,509.0,0.800000011920929,1,0.0,0.0,0,0.0,0.0,0
11:34:00,3583.3,506.0,0.699999988079071,1,0.0,0.0,0,0.0,0.0,0
11:34:01,3584.07,498.0,0.8999999761581421,1,0.0,0.0,0,0.0,0.0,0
11:34:02,3584.91,485.0,0.800000011920929,1,0.0,0.0,0,0.0,0.0,0
11:34:03,3585.71,492.0,0.800000011920929,1,0.0,0.0,0,0.0,0.0,0
11:34:04,3586.53,510.0,0.8999999761581421,1,0.0,0.0,0,0.0,0.0,0
11:34:04,3587.38,493.0,0.8999999761581421,1,0.0,0.0,0,0.0,0.0,0
11:34:05,3588.18,502.0,1.0,1,0.0,0.0,0,0.0,0.0,0
11:34:06,3588.97,514.0,0.8999999761581421,1,0.0,0.0,0,0.0,0.0,0
11:34:07,3589.83,509.0,1.0,1,0.0,0.0,0,0.0,0.0,0
11:34:08,3590.64,485.0,0.6000000238418579,1,0.0,0.0,0,0.0,0.0,0
11:34:09,3591.48,485.0,0.6000000238418579,1,0.0,0.0,0,0.0,0.0,0
11:34:09,3592.29,503.0,0.800000011920929,1,0.0,0.0,0,0.0,0.0,0
11:34:10,3593.09,502.0,0.800000011920929,1,0.0,0.0,0,0.0,0.0,0
11:34:11,3593.9,505.0,0.6000000238418579,1,0.0,0.0,0,0.0,0.0,0
11:34:12,3594.69,482.0,0.6000000238418579,1,0.0,0.0,0,0.0,0.0,0
11:34:13,3595.47,495.0,0.6000000238418579,1,0.0,0.0,0,0.0,0.0,0
11:34:13,3596.28,497.0,0.8999999761581421,1,0.0,0.0,0,0.0,0.0,0
11:34:14,3597.06,493.0,0.800000011920929,1,0.0,0.0,0,0.0,0.0,0
11:34:15,3597.86,500.0,0.800000011920929,1,0.0,0.0,0,0.0,0.0,0
11:34:16,3598.64,500.0,1.0,1,0.0,0.0,0,0.0,0.0,0
11:34:16,3599.43,501.0,1.0,1,0.0,0.0,0,0.0,0.0,0
11:34:17,3600.23,489.0,0.6000000238418579,1,0.0,0.0,0,0.0,0.0,0
11:34:18,3601.04,491.0,0.699999988079071,1,0.0,0.0,0,0.0,0.0,0
11:34:19,3601.86,521.0,1.100000023841858,1,0.0,0.0,0,0.0,0.0,0
11:34:20,3602.65,495.0,0.800000011920929,1,0.0,0.0,0,0.0,0.0,0
11:34:20,3603.43,494.0,0.800000011920929,1,0.0,0.0,0,0.0,0.0,0
11:34:21,3604.22,494.0,0.800000011920929,1,0.0,0.0,0,0.0,0.0,0
11:34:22,3605.0,513.0,1.0,1,0.0,0.0,0,0.0,0.0,0
11:34:23,3605.84,491.0,0.6000000238418579,1,0.0,0.0,0,0.0,0.0,0
11:34:24,3606.66,510.0,1.2999999523162842,1,0.0,0.0,0,0.0,0.0,0
11:34:25,3607.45,506.0,0.800000011920929,1,0.0,0.0,0,0.0,0.0,0
11:34:25,3608.24,505.0,0.8999999761581421,1,0.0,0.0,0,0.0,0.0,0
11:34:26,3609.05,491.0,0.800000011920929,1,0.0,0.0,0,0.0,0.0,0
11:34:27,3609.87,492.0,0.6000000238418579,1,0.0,0.0,0,0.0,0.0,0
11:34:28,3610.68,495.0,0.6000000238418579,1,0.0,0.0,0,0.0,0.0,0
11:34:29,3611.48,494.0,0.699999988079071,1,0.0,0.0,0,0.0,0.0,0
11:34:29,3612.25,496.0,0.800000011920929,1,0.0,0.0,0,0.0,0.0,0
11:34:30,3613.05,505.0,1.100000023841858,1,0.0,0.0,0,0.0,0.0,0
11:34:31,3613.85,493.0,0.699999988079071,1,0.0,0.0,0,0.0,0.0,0
11:34:32,3614.67,502.0,0.699999988079071,1,0.0,0.0,0,0.0,0.0,0
11:34:33,3615.46,501.0,1.0,1,0.0,0.0,0,0.0,0.0,0
11:34:33,3616.27,502.0,1.0,1,0.0,0.0,0,0.0,0.0,0
11:34:34,3617.11,514.0,1.0,1,0.0,0.0,0,0.0,0.0,0
11:34:35,3617.93,507.0,0.8999999761581421,1,0.0,0.0,0,0.0,0.0,0
11:34:36,3618.77,514.0,1.0,1,0.0,0.0,0,0.0,0.0,0
11:34:37,3619.58,491.0,0.800000011920929,1,0.0,0.0,0,0.0,0.0,0
11:34:37,3620.39,499.0,0.800000011920929,1,0.0,0.0,0,0.0,0.0,0
11:34:38,3621.18,510.0,1.0,1,0.0,0.0,0,0.0,0.0,0
11:34:39,3621.98,510.0,1.2999999523162842,1,0.0,0.0,0,0.0,0.0,0
11:34:40,3622.77,506.0,0.8999999761581421,1,0.0,0.0,0,0.0,0.0,0
11:34:41,3623.56,499.0,1.100000023841858,1,0.0,0.0,0,0.0,0.0,0
11:34:41,3624.39,503.0,0.8999999761581421,1,0.0,0.0,0,0.0,0.0,0
11:34:42,3625.17,510.0,1.100000023841858,1,0.0,0.0,0,0.0,0.0,0
11:34:43,3625.95,511.0,1.0,1,0.0,0.0,0,0.0,0.0,0
11:34:44,3626.74,503.0,1.100000023841858,1,0.0,0.0,0,0.0,0.0,0
11:34:45,3627.51,510.0,1.399999976158142,1,0.0,0.0,0,0.0,0.0,0
11:34:45,3628.32,504.0,1.0,1,0.0,0.0,0,0.0,0.0,0
11:34:46,3629.19,506.0,0.8999999761581421,1,0.0,0.0,0,0.0,0.0,0
11:34:47,3630.03,493.0,0.8999999761581421,1,0.0,0.0,0,0.0,0.0,0
11:34:48,3630.84,507.0,1.0,1,0.0,0.0,0,0.0,0.0,0
11:34:49,3631.66,486.0,1.0,1,0.0,0.0,0,0.0,0.0,0
11:34:50,3632.45,502.0,0.8999999761581421,1,0.0,0.0,0,0.0,0.0,0
11:34:50,3633.27,517.0,0.8999999761581421,1,0.0,0.0,0,0.0,0.0,0
11:34:51,3634.09,490.0,0.699999988079071,1,0.0,0.0,0,0.0,0.0,0
11:34:52,3634.89,494.0,0.699999988079071,1,0.0,0.0,0,0.0,0.0,0
11:34:53,3635.69,497.0,0.699999988079071,1,0.0,0.0,0,0.0,0.0,0
11:34:54,3636.49,495.0,0.800000011920929,1,0.0,0.0,0,0.0,0.0,0
11:34:54,3637.33,496.0,0.699999988079071,1,0.0,0.0,0,0.0,0.0,0
11:34:55,3638.1,495.0,0.699999988079071,1,0.0,0.0,0,0.0,0.0,0
11:34:56,3638.89,497.0,0.800000011920929,1,0.0,0.0,0,0.0,0.0,0
11:34:57,3639.7,515.0,0.800000011920929,1,0.0,0.0,0,0.0,0.0,0
11:34:58,3640.49,505.0,0.8999999761581421,1,0.0,0.0,0,0.0,0.0,0
11:34:58,3641.29,500.0,1.0,1,0.0,0.0,0,0.0,0.0,0
11:34:59,3642.12,503.0,1.0,1,0.0,0.0,0,0.0,0.0,0
11:35:00,3642.97,486.0,0.5,1,0.0,0.0,0,0.0,0.0,0
11:35:01,3643.8,507.0,1.100000023841858,1,0.0,0.0,0,0.0,0.0,0
11:35:02,3644.6,484.0,0.8999999761581421,1,0.0,0.0,0,0.0,0.0,0
11:35:02,3645.39,518.0,0.8999999761581421,1,0.0,0.0,0,0.0,0.0,0
11:35:03,3646.2,492.0,0.699999988079071,1,0.0,0.0,0,0.0,0.0,0
11:35:04,3647.03,513.0,0.800000011920929,1,0.0,0.0,0,0.0,0.0,0
11:35:05,3647.87,507.0,1.0,1,0.0,0.0,0,0.0,0.0,0
11:35:06,3648.75,508.0,1.100000023841858,1,0.0,0.0,0,0.0,0.0,0
11:35:07,3649.58,492.0,0.8999999761581421,1,0.0,0.0,0,0.0,0.0,0
11:35:07,3650.36,500.0,0.8999999761581421,1,0.0,0.0,0,0.0,0.0,0
11:35:08,3651.2,505.0,0.8999999761581421,1,0.0,0.0,0,0.0,0.0,0
11:35:09,3651.98,493.0,0.800000011920929,1,0.0,0.0,0,0.0,0.0,0
11:35:10,3652.79,517.0,1.0,1,0.0,0.0,0,0.0,0.0,0
11:35:11,3653.58,492.0,0.800000011920929,1,0.0,0.0,0,0.0,0.0,0
11:35:11,3654.37,504.0,0.800000011920929,1,0.0,0.0,0,0.0,0.0,0
11:35:12,3655.15,493.0,0.699999988079071,1,0.0,0.0,0,0.0,0.0,0
11:35:13,3655.97,508.0,1.2000000476837158,1,0.0,0.0,0,0.0,0.0,0
11:35:14,3656.79,507.0,1.100000023841858,1,0.0,0.0,0,0.0,0.0,0
11:35:15,3657.67,501.0,0.699999988079071,1,0.0,0.0,0,0.0,0.0,0
11:35:16,3658.48,508.0,0.800000011920929,1,0.0,0.0,0,0.0,0.0,0
11:35:16,3659.26,501.0,1.0,1,0.0,0.0,0,0.0,0.0,0
11:35:17,3660.06,503.0,1.0,1,0.0,0.0,0,0.0,0.0,0
11:35:18,3660.9,506.0,0.8999999761581421,1,0.0,0.0,0,0.0,0.0,0
11:35:19,3661.72,518.0,0.8999999761581421,1,0.0,0.0,0,0.0,0.0,0
11:35:20,3662.54,489.0,0.6000000238418579,1,0.0,0.0,0,0.0,0.0,0
11:35:20,3663.32,498.0,1.0,1,0.0,0.0,0,0.0,0.0,0
11:35:21,3664.14,498.0,0.800000011920929,1,0.0,0.0,0,0.0,0.0,0
11:35:22,3664.94,483.0,0.5,1,0.0,0.0,0,0.0,0.0,0
11:35:23,3665.74,506.0,0.800000011920929,1,0.0,0.0,0,0.0,0.0,0
11:35:24,3666.52,513.0,1.0,1,0.0,0.0,0,0.0,0.0,0
11:35:24,3667.3,521.0,1.0,1,0.0,0.0,0,0.0,0.0,0
11:35:25,3668.09,500.0,1.0,1,0.0,0.0,0,0.0,0.0,0
11:35:26,3668.91,498.0,0.699999988079071,1,0.0,0.0,0,0.0,0.0,0
11:35:27,3669.72,502.0,0.699999988079071,1,0.0,0.0,0,0.0,0.0,0
11:35:28,3670.51,491.0,0.699999988079071,1,0.0,0.0,0,0.0,0.0,0
11:35:28,3671.28,501.0,0.8999999761581421,1,0.0,0.0,0,0.0,0.0,0
11:35:29,3672.07,501.0,0.699999988079071,1,0.0,0.0,0,0.0,0.0,0
11:35:30,3672.91,494.0,1.2999999523162842,1,0.0,0.0,0,0.0,0.0,0
11:35:31,3673.73,507.0,1.0,1,0.0,0.0,0,0.0,0.0,0
11:35:32,3674.59,502.0,0.800000011920929,1,0.0,0.0,0,0.0,0.0,0
11:35:32,3675.42,501.0,0.800000011920929,1,0.0,0.0,0,0.0,0.0,0
11:35:33,3676.22,497.0,1.0,1,0.0,0.0,0,0.0,0.0,0
11:35:34,3677.06,508.0,1.0,1,0.0,0.0,0,0.0,0.0,0
11:35:35,3677.89,526.0,1.0,1,0.0,0.0,0,0.0,0.0,0
11:35:36,3678.71,510.0,1.100000023841858,1,0.0,0.0,0,0.0,0.0,0
11:35:37,3679.51,499.0,0.8999999761581421,1,0.0,0.0,0,0.0,0.0,0
11:35:37,3680.32,499.0,1.0,1,0.0,0.0,0,0.0,0.0,0
11:35:38,3681.1,498.0,0.800000011920929,1,0.0,0.0,0,0.0,0.0,0
11:35:39,3681.89,505.0,1.2000000476837158,1,0.0,0.0,0,0.0,0.0,0
11:35:40,3682.73,498.0,0.699999988079071,1,0.0,0.0,0,0.0,0.0,0
11:35:41,3683.54,504.0,0.800000011920929,1,0.0,0.0,0,0.0,0.0,0
11:35:41,3684.31,493.0,0.800000011920929,1,0.0,0.0,0,0.0,0.0,0
11:35:42,3685.09,509.0,0.8999999761581421,1,0.0,0.0,0,0.0,0.0,0
11:35:43,3685.89,626.0,1.100000023841858,1,0.0,0.0,0,0.0,0.0,0
11:35:44,3686.73,504.0,1.0,1,0.0,0.0,0,0.0,0.0,0
11:35:45,3687.6,496.0,0.800000011920929,1,0.0,0.0,0,0.0,0.0,0
11:35:46,3688.44,496.0,1.100000023841858,1,0.0,0.0,0,0.0,0.0,0
11:35:46,3689.25,487.0,1.0,1,0.0,0.0,0,0.0,0.0,0
11:35:47,3690.04,505.0,0.699999988079071,1,0.0,0.0,0,0.0,0.0,0
11:35:48,3690.81,489.0,0.800000011920929,1,0.0,0.0,0,0.0,0.0,0
11:35:49,3691.6,492.0,0.6000000238418579,1,0.0,0.0,0,0.0,0.0,0
11:35:50,3692.44,500.0,0.6000000238418579,1,0.0,0.0,0,0.0,0.0,0
11:35:50,3693.21,494.0,0.699999988079071,1,0.0,0.0,0,0.0,0.0,0
11:35:51,3694.03,486.0,0.6000000238418579,1,0.0,0.0,0,0.0,0.0,0
11:35:52,3694.84,504.0,0.699999988079071,1,0.0,0.0,0,0.0,0.0,0
11:35:53,3695.64,504.0,1.0,1,0.0,0.0,0,0.0,0.0,0
11:35:54,3696.47,499.0,0.699999988079071,1,0.0,0.0,0,0.0,0.0,0
11:35:54,3697.26,492.0,0.699999988079071,1,0.0,0.0,0,0.0,0.0,0
11:35:55,3698.07,492.0,0.699999988079071,1,0.0,0.0,0,0.0,0.0,0
11:35:56,3698.86,508.0,0.8999999761581421,1,0.0,0.0,0,0.0,0.0,0
11:35:57,3699.65,498.0,0.8999999761581421,1,0.0,0.0,0,0.0,0.0,0
11:35:57,3700.44,493.0,0.8999999761581421,1,0.0,0.0,0,0.0,0.0,0
11:35:58,3701.25,488.0,0.800000011920929,1,0.0,0.0,0,0.0,0.0,0
11:35:59,3702.05,502.0,0.800000011920929,1,0.0,0.0,0,0.0,0.0,0
11:36:00,3702.84,504.0,1.0,1,0.0,0.0,0,0.0,0.0,0
11:36:01,3703.63,493.0,0.699999988079071,1,0.0,0.0,0,0.0,0.0,0
11:36:01,3704.41,482.0,0.5,1,0.0,0.0,0,0.0,0.0,0
11:36:02,3705.18,497.0,0.8999999761581421,1,0.0,0.0,0,0.0,0.0,0
11:36:03,3705.97,501.0,0.8999999761581421,1,0.0,0.0,0,0.0,0.0,0
11:36:04,3706.82,490.0,0.8999999761581421,1,0.0,0.0,0,0.0,0.0,0
11:36:05,3707.67,490.0,1.0,1,0.0,0.0,0,0.0,0.0,0
11:36:06,3708.52,488.0,0.5,1,0.0,0.0,0,0.0,0.0,0
11:36:06,3709.33,502.0,0.800000011920929,1,0.0,0.0,0,0.0,0.0,0
11:36:07,3710.15,495.0,0.699999988079071,1,0.0,0.0,0,0.0,0.0,0
11:36:08,3711.03,501.0,0.8999999761581421,1,0.0,0.0,0,0.0,0.0,0
11:36:09,3711.84,477.0,0.6000000238418579,1,0.0,0.0,0,0.0,0.0,0
11:36:10,3712.66,498.0,1.399999976158142,1,0.0,0.0,0,0.0,0.0,0
11:36:11,3713.46,505.0,0.8999999761581421,1,0.0,0.0,0,0.0,0.0,0
11:36:11,3714.23,514.0,1.100000023841858,1,0.0,0.0,0,0.0,0.0,0
11:36:12,3715.08,493.0,1.100000023841858,1,0.0,0.0,0,0.0,0.0,0
11:36:13,3715.93,501.0,1.100000023841858,1,0.0,0.0,0,0.0,0.0,0
11:36:14,3716.75,501.0,1.100000023841858,1,0.0,0.0,0,0.0,0.0,0
11:36:15,3717.55,495.0,0.699999988079071,1,0.0,0.0,0,0.0,0.0,0
11:36:15,3718.32,491.0,0.8999999761581421,1,0.0,0.0,0,0.0,0.0,0
11:36:16,3719.15,510.0,1.100000023841858,1,0.0,0.0,0,0.0,0.0,0
11:36:17,3719.93,520.0,1.0,1,0.0,0.0,0,0.0,0.0,0
11:36:18,3720.73,544.0,1.5,1,0.0,0.0,0,0.0,0.0,0
11:36:19,3721.52,539.0,1.100000023841858,1,0.0,0.0,0,0.0,0.0,0
11:36:19,3722.29,538.0,1.100000023841858,1,0.0,0.0,0,0.0,0.0,0
11:36:20,3723.1,548.0,1.100000023841858,1,0.0,0.0,0,0.0,0.0,0
11:36:21,3723.95,551.0,1.2000000476837158,1,0.0,0.0,0,0.0,0.0,0
11:36:22,3724.73,555.0,1.0,1,0.0,0.0,0,0.0,0.0,0
11:36:23,3725.59,581.0,1.2000000476837158,1,0.0,0.0,0,0.0,0.0,0
11:36:23,3726.44,575.0,1.100000023841858,1,0.0,0.0,0,0.0,0.0,0
11:36:24,3727.22,582.0,1.100000023841858,1,0.0,0.0,0,0.0,0.0,0
11:36:25,3728.09,580.0,0.699999988079071,1,0.0,0.0,0,0.0,0.0,0
11:36:26,3728.88,604.0,1.0,1,0.0,0.0,0,0.0,0.0,0
11:36:27,3729.68,618.0,1.2999999523162842,1,0.0,0.0,0,0.0,0.0,0
11:36:28,3730.49,612.0,1.100000023841858,1,0.0,0.0,0,0.0,0.0,0
11:36:28,3731.26,615.0,1.399999976158142,1,0.0,0.0,0,0.0,0.0,0
11:36:29,3732.05,625.0,1.2000000476837158,1,0.0,0.0,0,0.0,0.0,0
11:36:30,3732.86,642.0,1.5,1,0.0,0.0,0,0.0,0.0,0
11:36:31,3733.67,651.0,1.5,1,0.0,0.0,0,0.0,0.0,0
11:36:32,3734.5,658.0,1.600000023841858,1,0.0,0.0,0,0.0,0.0,0
11:36:32,3735.3,654.0,1.5,1,0.0,0.0,0,0.0,0.0,0
11:36:33,3736.07,663.0,1.5,1,0.0,0.0,0,0.0,0.0,0
11:36:34,3736.86,682.0,1.5,1,0.0,0.0,0,0.0,0.0,0
11:36:35,3737.72,696.0,1.5,1,0.0,0.0,0,0.0,0.0,0
11:36:36,3738.5,706.0,1.7000000476837158,1,0.0,0.0,0,0.0,0.0,0
11:36:36,3739.33,706.0,1.600000023841858,1,0.0,0.0,0,0.0,0.0,0
11:36:37,3740.13,717.0,1.7000000476837158,1,0.0,0.0,0,0.0,0.0,0
11:36:38,3740.93,717.0,1.600000023841858,1,0.0,0.0,0,0.0,0.0,0
11:36:39,3741.81,740.0,1.7000000476837158,1,0.0,0.0,0,0.0,0.0,0
11:36:40,3742.65,750.0,1.899999976158142,1,0.0,0.0,0,0.0,0.0,0
11:36:41,3743.45,750.0,1.600000023841858,1,0.0,0.0,0,0.0,0.0,0
11:36:41,3744.25,755.0,1.600000023841858,1,0.0,0.0,0,0.0,0.0,0
11:36:42,3745.06,755.0,1.7999999523162842,1,0.0,0.0,0,0.0,0.0,0
11:36:43,3745.95,759.0,1.5,1,0.0,0.0,0,0.0,0.0,0
11:36:44,3746.76,757.0,1.7999999523162842,1,0.0,0.0,0,0.0,0.0,0
11:36:45,3747.56,757.0,1.600000023841858,1,0.0,0.0,0,0.0,0.0,0
11:36:45,3748.35,758.0,1.600000023841858,1,0.0,0.0,0,0.0,0.0,0
11:36:46,3749.12,756.0,1.600000023841858,1,0.0,0.0,0,0.0,0.0,0
11:36:47,3749.92,757.0,1.600000023841858,1,0.0,0.0,0,0.0,0.0,0
11:36:48,3750.73,756.0,1.5,1,0.0,0.0,0,0.0,0.0,0
11:36:49,3751.56,758.0,1.5,1,0.0,0.0,0,0.0,0.0,0
11:36:49,3752.34,759.0,1.5,1,0.0,0.0,0,0.0,0.0,0
11:36:50,3753.11,748.0,1.5,1,0.0,0.0,0,0.0,0.0,0
11:36:51,3753.89,763.0,1.7000000476837158,1,0.0,0.0,0,0.0,0.0,0
11:36:52,3754.73,755.0,1.600000023841858,1,0.0,0.0,0,0.0,0.0,0
11:36:53,3755.52,754.0,1.600000023841858,1,0.0,0.0,0,0.0,0.0,0
11:36:53,3756.32,755.0,1.600000023841858,1,0.0,0.0,0,0.0,0.0,0
11:36:54,3757.14,755.0,1.600000023841858,1,0.0,0.0,0,0.0,0.0,0
11:36:55,3757.95,755.0,1.399999976158142,1,0.0,0.0,0,0.0,0.0,0
11:36:56,3758.73,754.0,1.399999976158142,1,0.0,0.0,0,0.0,0.0,0
11:36:57,3759.51,754.0,1.5,1,0.0,0.0,0,0.0,0.0,0
11:36:57,3760.28,758.0,1.7000000476837158,1,0.0,0.0,0,0.0,0.0,0
11:36:58,3761.07,758.0,1.7000000476837158,1,0.0,0.0,0,0.0,0.0,0
11:36:59,3761.88,757.0,1.5,1,0.0,0.0,0,0.0,0.0,0
11:37:00,3762.69,763.0,1.7000000476837158,1,0.0,0.0,0,0.0,0.0,0
11:37:01,3763.49,751.0,1.600000023841858,1,0.0,0.0,0,0.0,0.0,0
11:37:01,3764.3,759.0,1.7000000476837158,1,0.0,0.0,0,0.0,0.0,0
11:37:02,3765.08,758.0,1.5,1,0.0,0.0,0,0.0,0.0,0
11:37:03,3765.88,753.0,1.5,1,0.0,0.0,0,0.0,0.0,0
11:37:04,3766.67,752.0,1.399999976158142,1,0.0,0.0,0,0.0,0.0,0
11:37:05,3767.45,749.0,1.399999976158142,1,0.0,0.0,0,0.0,0.0,0
11:37:05,3768.24,750.0,1.399999976158142,1,0.0,0.0,0,0.0,0.0,0
11:37:06,3769.03,755.0,1.399999976158142,1,0.0,0.0,0,0.0,0.0,0
11:37:07,3769.85,754.0,1.600000023841858,1,0.0,0.0,0,0.0,0.0,0
11:37:08,3770.7,753.0,1.600000023841858,1,0.0,0.0,0,0.0,0.0,0
11:37:09,3771.53,748.0,1.2999999523162842,1,0.0,0.0,0,0.0,0.0,0
11:37:09,3772.35,743.0,1.2999999523162842,1,0.0,0.0,0,0.0,0.0,0
11:37:10,3773.17,753.0,1.399999976158142,1,0.0,0.0,0,0.0,0.0,0
11:37:11,3774.0,760.0,1.2999999523162842,1,0.0,0.0,0,0.0,0.0,0
11:37:12,3774.81,753.0,1.399999976158142,1,0.0,0.0,0,0.0,0.0,0
11:37:13,3775.59,753.0,1.399999976158142,1,0.0,0.0,0,0.0,0.0,0
11:37:13,3776.39,745.0,1.2000000476837158,1,0.0,0.0,0,0.0,0.0,0
11:37:14,3777.23,750.0,1.399999976158142,1,0.0,0.0,0,0.0,0.0,0
11:37:15,3778.06,748.0,1.399999976158142,1,0.0,0.0,0,0.0,0.0,0
11:37:16,3778.87,741.0,1.399999976158142,1,0.0,0.0,0,0.0,0.0,0
11:37:17,3779.73,722.0,1.399999976158142,1,0.0,0.0,0,0.0,0.0,0
11:37:18,3780.54,723.0,1.2999999523162842,1,0.0,0.0,0,0.0,0.0,0
11:37:18,3781.35,718.0,1.2999999523162842,1,0.0,0.0,0,0.0,0.0,0
11:37:19,3782.15,698.0,1.2999999523162842,1,0.0,0.0,0,0.0,0.0,0
11:37:20,3783.0,700.0,1.2999999523162842,1,0.0,0.0,0,0.0,0.0,0
11:37:21,3783.82,689.0,1.2999999523162842,1,0.0,0.0,0,0.0,0.0,0
11:37:22,3784.65,664.0,1.0,1,0.0,0.0,0,0.0,0.0,0
11:37:23,3785.47,665.0,1.2000000476837158,1,0.0,0.0,0,0.0,0.0,0
11:37:23,3786.24,662.0,1.2000000476837158,1,0.0,0.0,0,0.0,0.0,0
11:37:24,3787.06,662.0,1.399999976158142,1,0.0,0.0,0,0.0,0.0,0
11:37:25,3787.83,637.0,0.8999999761581421,1,0.0,0.0,0,0.0,0.0,0
11:37:26,3788.67,630.0,0.8999999761581421,1,0.0,0.0,0,0.0,0.0,0
11:37:27,3789.46,633.0,1.100000023841858,1,0.0,0.0,0,0.0,0.0,0
11:37:27,3790.31,617.0,1.100000023841858,1,0.0,0.0,0,0.0,0.0,0
11:37:28,3791.11,617.0,1.100000023841858,1,0.0,0.0,0,0.0,0.0,0
11:37:29,3791.95,612.0,1.399999976158142,1,0.0,0.0,0,0.0,0.0,0
11:37:30,3792.76,595.0,1.100000023841858,1,0.0,0.0,0,0.0,0.0,0
11:37:31,3793.54,583.0,1.100000023841858,1,0.0,0.0,0,0.0,0.0,0
11:37:31,3794.35,585.0,1.100000023841858,1,0.0,0.0,0,0.0,0.0,0
11:37:32,3795.15,579.0,1.100000023841858,1,0.0,0.0,0,0.0,0.0,0
11:37:33,3795.96,571.0,1.0,1,0.0,0.0,0,0.0,0.0,0
11:37:34,3796.79,563.0,0.8999999761581421,1,0.0,0.0,0,0.0,0.0,0
11:37:35,3797.59,545.0,0.699999988079071,1,0.0,0.0,0,0.0,0.0,0
11:37:36,3798.47,537.0,0.8999999761581421,1,0.0,0.0,0,0.0,0.0,0
11:37:36,3799.35,533.0,0.8999999761581421,1,0.0,0.0,0,0.0,0.0,0
11:37:37,3800.22,516.0,0.8999999761581421,1,0.0,0.0,0,0.0,0.0,0
11:37:38,3801.1,511.0,0.699999988079071,1,0.0,0.0,0,0.0,0.0,0
11:37:39,3801.94,496.0,0.6000000238418579,1,0.0,0.0,0,0.0,0.0,0
11:37:40,3802.81,512.0,0.699999988079071,1,0.0,0.0,0,0.0,0.0,0
11:37:41,3803.67,492.0,0.800000011920929,1,0.0,0.0,0,0.0,0.0,0
11:37:42,3804.52,500.0,0.800000011920929,1,0.0,0.0,0,0.0,0.0,0
11:37:42,3805.35,477.0,0.800000011920929,1,0.0,0.0,0,0.0,0.0,0
11:37:43,3806.16,478.0,0.8999999761581421,1,0.0,0.0,0,0.0,0.0,0
11:37:44,3806.95,484.0,1.0,1,0.0,0.0,0,0.0,0.0,0
11:37:45,3807.8,446.0,0.699999988079071,1,0.0,0.0,0,0.0,0.0,0
11:37:46,3808.6,452.0,0.800000011920929,1,0.0,0.0,0,0.0,0.0,0
11:37:46,3809.39,436.0,0.6000000238418579,1,0.0,0.0,0,0.0,0.0,0
11:37:47,3810.19,435.0,1.100000023841858,1,0.0,0.0,0,0.0,0.0,0
11:37:48,3810.98,427.0,0.800000011920929,1,0.0,0.0,0,0.0,0.0,0
11:37:49,3811.8,417.0,0.800000011920929,1,0.0,0.0,0,0.0,0.0,0
11:37:50,3812.56,423.0,0.800000011920929,1,0.0,0.0,0,0.0,0.0,0
11:37:50,3813.36,392.0,0.6000000238418579,1,0.0,0.0,0,0.0,0.0,0
11:37:51,3814.15,391.0,0.699999988079071,1,0.0,0.0,0,0.0,0.0,0
11:37:52,3814.94,402.0,0.8999999761581421,1,0.0,0.0,0,0.0,0.0,0
11:37:53,3815.72,361.0,0.5,1,0.0,0.0,0,0.0,0.0,0
11:37:54,3816.58,375.0,0.5,1,0.0,0.0,0,0.0,0.0,0
11:37:54,3817.36,372.0,0.4000000059604645,1,0.0,0.0,0,0.0,0.0,0
11:37:55,3818.15,352.0,0.6000000238418579,1,0.0,0.0,0,0.0,0.0,0
11:37:56,3818.93,333.0,0.5,1,0.0,0.0,0,0.0,0.0,0
11:37:57,3819.73,335.0,0.5,1,0.0,0.0,0,0.0,0.0,0
11:37:58,3820.51,329.0,0.5,1,0.0,0.0,0,0.0,0.0,0
11:37:58,3821.27,324.0,0.5,1,0.0,0.0,0,0.0,0.0,0
11:37:59,3822.1,315.0,0.5,1,0.0,0.0,0,0.0,0.0,0
11:38:00,3822.89,311.0,0.5,1,0.0,0.0,0,0.0,0.0,0
11:38:01,3823.67,298.0,0.5,1,0.0,0.0,0,0.0,0.0,0
11:38:02,3824.54,292.0,0.5,1,0.0,0.0,0,0.0,0.0,0
11:38:02,3825.33,286.0,0.5,1,0.0,0.0,0,0.0,0.0,0
11:38:03,3826.11,279.0,0.5,1,0.0,0.0,0,0.0,0.0,0
11:38:04,3826.93,274.0,0.5,1,0.0,0.0,0,0.0,0.0,0
11:38:05,3827.7,267.0,0.5,1,0.0,0.0,0,0.0,0.0,0
11:38:06,3828.48,249.0,0.5,1,0.0,0.0,0,0.0,0.0,0
11:38:06,3829.25,242.0,0.4000000059604645,1,0.0,0.0,0,0.0,0.0,0
11:38:07,3830.06,236.0,0.4000000059604645,1,0.0,0.0,0,0.0,0.0,0
11:38:08,3830.85,229.0,0.4000000059604645,1,0.0,0.0,0,0.0,0.0,0
11:38:09,3831.67,222.0,0.4000000059604645,1,0.0,0.0,0,0.0,0.0,0
11:38:10,3832.46,217.0,0.4000000059604645,1,0.0,0.0,0,0.0,0.0,0
11:38:10,3833.27,205.0,0.30000001192092896,1,0.0,0.0,0,0.0,0.0,0
11:38:11,3834.08,199.0,0.30000001192092896,1,0.0,0.0,0,0.0,0.0,0
11:38:12,3834.87,192.0,0.30000001192092896,1,0.0,0.0,0,0.0,0.0,0
11:38:13,3835.66,186.0,0.30000001192092896,1,0.0,0.0,0,0.0,0.0,0
11:38:14,3836.49,181.0,0.30000001192092896,1,0.0,0.0,0,0.0,0.0,0
11:38:14,3837.32,168.0,0.30000001192092896,1,0.0,0.0,0,0.0,0.0,0
11:38:15,3838.16,156.0,0.20000000298023224,1,0.0,0.0,0,0.0,0.0,0
11:38:16,3839.0,149.0,0.20000000298023224,1,0.0,0.0,0,0.0,0.0,0
11:38:17,3839.83,143.0,0.20000000298023224,1,0.0,0.0,0,0.0,0.0,0
11:38:18,3840.68,136.0,0.20000000298023224,1,0.0,0.0,0,0.0,0.0,0
11:38:19,3841.56,124.0,0.20000000298023224,1,0.0,0.0,0,0.0,0.0,0
11:38:20,3842.44,118.0,0.20000000298023224,1,0.0,0.0,0,0.0,0.0,0
11:38:20,3843.27,112.0,0.20000000298023224,1,0.0,0.0,0,0.0,0.0,0
11:38:21,3844.17,105.0,0.10000000149011612,1,0.0,0.0,0,0.0,0.0,0
11:38:22,3844.95,93.0,0.10000000149011612,1,0.0,0.0,0,0.0,0.0,0
11:38:23,3845.75,87.0,0.10000000149011612,1,0.0,0.0,0,0.0,0.0,0
11:38:24,3846.55,74.0,0.10000000149011612,1,0.0,0.0,0,0.0,0.0,0
11:38:24,3847.35,68.0,0.10000000149011612,1,0.0,0.0,0,0.0,0.0,0
11:38:25,3848.12,62.0,0.10000000149011612,1,0.0,0.0,0,0.0,0.0,0
11:38:26,3848.93,56.0,0.0,1,0.0,0.0,0,0.0,0.0,0
11:38:27,3849.74,50.0,0.0,1,0.0,0.0,0,0.0,0.0,0
11:38:28,3850.59,38.0,0.0,1,0.0,0.0,0,0.0,0.0,0
11:38:28,3851.4,31.0,0.0,1,0.0,0.0,0,0.0,0.0,0
11:38:29,3852.18,25.0,0.0,1,0.0,0.0,0,0.0,0.0,0
11:38:30,3852.99,18.0,0.0,1,0.0,0.0,0,0.0,0.0,0
11:38:31,3853.78,13.0,0.0,1,0.0,0.0,0,0.0,0.0,0
11:38:32,3854.62,4.0,0.0,1,0.0,0.0,0,0.0,0.0,0
11:38:33,3855.48,1.0,0.0,1,0.0,0.0,0,0.0,0.0,0
11:38:33,3856.35,0.0,0.0,1,0.0,0.0,0,0.0,0.0,0
11:38:34,3857.2,0.0,0.0,1,0.0,0.0,0,0.0,0.0,0
11:38:35,3858.0,0.0,0.0,1,0.0,0.0,0,0.0,0.0,0
11:38:36,3858.8,0.0,0.0,1,0.0,0.0,0,0.0,0.0,0
11:38:37,3859.62,0.0,0.0,1,0.0,0.0,0,0.0,0.0,0
11:38:37,3860.42,0.0,0.0,1,0.0,0.0,0,0.0,0.0,0
11:38:38,3861.19,0.0,0.0,1,0.0,0.0,0,0.0,0.0,0
11:38:39,3862.0,0.0,0.0,1,0.0,0.0,0,0.0,0.0,0
11:38:40,3862.8,0.0,0.0,1,0.0,0.0,0,0.0,0.0,0
11:38:41,3863.57,0.0,0.0,1,0.0,0.0,0,0.0,0.0,0
11:38:41,3864.35,0.0,0.0,1,0.0,0.0,0,0.0,0.0,0
11:38:42,3865.13,0.0,0.0,1,0.0,0.0,0,0.0,0.0,0
11:38:43,3865.93,0.0,0.0,1,0.0,0.0,0,0.0,0.0,0
11:38:44,3866.73,0.0,0.0,1,0.0,0.0,0,0.0,0.0,0
11:38:45,3867.51,0.0,0.0,1,0.0,0.0,0,0.0,0.0,0
11:38:45,3868.28,0.0,0.0,1,0.0,0.0,0,0.0,0.0,0
11:38:46,3869.09,0.0,0.0,1,0.0,0.0,0,0.0,0.0,0
11:38:47,3869.9,0.0,0.0,1,0.0,0.0,0,0.0,0.0,0
11:38:48,3870.69,0.0,0.0,1,0.0,0.0,0,0.0,0.0,0
11:38:49,3871.5,0.0,0.0,1,0.0,0.0,0,0.0,0.0,0
11:38:49,3872.33,0.0,0.0,1,0.0,0.0,0,0.0,0.0,0
11:38:50,3873.15,0.0,0.0,1,0.0,0.0,0,0.0,0.0,0
11:38:51,3873.97,0.0,0.0,1,0.0,0.0,0,0.0,0.0,0
11:38:52,3874.77,0.0,0.0,1,0.0,0.0,0,0.0,0.0,0
11:38:53,3875.61,0.0,0.0,1,0.0,0.0,0,0.0,0.0,0
11:38:53,3876.41,0.0,0.0,1,0.0,0.0,0,0.0,0.0,0
11:38:54,3877.23,0.0,0.0,1,0.0,0.0,0,0.0,0.0,0
11:38:55,3878.1,0.0,0.0,1,0.0,0.0,0,0.0,0.0,0
11:38:56,3878.94,0.0,0.0,1,0.0,0.0,0,0.0,0.0,0
11:38:57,3879.84,0.0,0.0,1,0.0,0.0,0,0.0,0.0,0
11:38:58,3880.7,0.0,0.0,1,0.0,0.0,0,0.0,0.0,0
11:38:59,3881.51,0.0,0.0,1,0.0,0.0,0,0.0,0.0,0
11:38:59,3882.41,0.0,0.0,1,0.0,0.0,0,0.0,0.0,0
11:39:00,3883.2,0.0,0.0,1,0.0,0.0,0,0.0,0.0,0
11:39:01,3883.99,0.0,0.0,1,0.0,0.0,0,0.0,0.0,0
11:39:02,3884.77,0.0,0.0,1,0.0,0.0,0,0.0,0.0,0
11:39:03,3885.54,0.0,0.0,1,0.0,0.0,0,0.0,0.0,0
11:39:03,3886.34,0.0,0.0,1,0.0,0.0,0,0.0,0.0,0
11:39:04,3887.16,0.0,0.0,1,0.0,0.0,0,0.0,0.0,0
11:39:05,3887.97,0.0,0.0,0,0.0,0.0,0,0.0,0.0,0
11:39:06,3888.75,0.0,0.0,0,0.0,0.0,0,0.0,0.0,0
11:39:07,3889.54,0.0,0.0,0,0.0,0.0,0,0.0,0.0,0
11:39:07,3890.34,0.0,0.0,0,0.0,0.0,0,0.0,0.0,0
11:39:08,3891.15,70.0,0.0,0,0.0,0.0,0,0.0,0.0,0
11:39:09,3891.97,39.0,0.0,0,0.0,0.0,0,0.0,0.0,0
11:39:10,3892.81,33.0,0.0,0,0.0,0.0,0,0.0,0.0,0
11:39:11,3893.65,28.0,0.0,0,0.0,0.0,0,0.0,0.0,0
11:39:12,3894.5,20.0,0.0,0,0.0,0.0,0,0.0,0.0,0
11:39:12,3895.37,16.0,0.0,0,0.0,0.0,0,0.0,0.0,0
11:39:13,3896.22,14.0,0.0,0,0.0,0.0,0,0.0,0.0,0
11:39:14,3897.02,12.0,0.0,0,0.0,0.0,0,0.0,0.0,0
11:39:15,3897.82,10.0,0.0,0,0.0,0.0,0,0.0,0.0,0
11:39:16,3898.66,6.0,0.0,0,0.0,0.0,0,0.0,0.0,0
11:39:17,3899.51,5.0,0.0,0,0.0,0.0,0,0.0,0.0,0
11:39:17,3900.32,4.0,0.0,0,0.0,0.0,0,0.0,0.0,0
11:39:18,3901.1,2.0,0.0,0,0.0,0.0,0,0.0,0.0,0
11:39:19,3901.97,2.0,0.0,0,0.0,0.0,0,0.0,0.0,0
11:39:20,3902.76,1.0,0.0,0,0.0,0.0,0,0.0,0.0,0
11:39:21,3903.55,1.0,0.0,0,0.0,0.0,0,0.0,0.0,0
11:39:21,3904.33,0.0,0.0,0,0.0,0.0,0,0.0,0.0,0
11:39:22,3905.18,0.0,0.0,0,0.0,0.0,0,0.0,0.0,0
11:39:23,3906.02,0.0,0.0,0,0.0,0.0,0,0.0,0.0,0
11:39:24,3906.81,0.0,0.0,0,0.0,0.0,0,0.0,0.0,0
11:39:25,3907.58,0.0,0.0,0,0.0,0.0,0,0.0,0.0,0
11:39:25,3908.35,0.0,0.0,0,0.0,0.0,0,0.0,0.0,0
11:39:26,3909.13,0.0,0.0,0,0.0,0.0,0,0.0,0.0,0
11:39:27,3909.94,0.0,0.0,0,0.0,0.0,0,0.0,0.0,0
11:39:28,3910.77,0.0,0.0,0,0.0,0.0,0,0.0,0.0,0
11:39:29,3911.59,0.0,0.0,0,0.0,0.0,0,0.0,0.0,0
11:39:29,3912.4,0.0,0.0,0,0.0,0.0,0,0.0,0.0,0
11:39:30,3913.2,0.0,0.0,0,0.0,0.0,0,0.0,0.0,0
11:39:31,3913.98,0.0,0.0,0,0.0,0.0,0,0.0,0.0,0
11:39:32,3914.84,0.0,0.0,0,0.0,0.0,0,0.0,0.0,0
11:39:33,3915.67,0.0,0.0,0,0.0,0.0,0,0.0,0.0,0
11:39:34,3916.49,0.0,0.0,0,0.0,0.0,0,0.0,0.0,0
11:39:34,3917.27,0.0,0.0,0,0.0,0.0,0,0.0,0.0,0
11:39:35,3918.05,0.0,0.0,0,0.0,0.0,0,0.0,0.0,0
11:39:36,3918.84,0.0,0.0,0,0.0,0.0,0,0.0,0.0,0
11:39:37,3919.67,0.0,0.0,0,0.0,0.0,0,0.0,0.0,0
11:39:38,3920.46,0.0,0.0,0,0.0,0.0,0,0.0,0.0,0
11:39:38,3921.28,0.0,0.0,0,0.0,0.0,0,0.0,0.0,0
11:39:39,3922.14,0.0,0.0,0,0.0,0.0,0,0.0,0.0,0
11:39:40,3922.99,0.0,0.0,0,0.0,0.0,0,0.0,0.0,0
11:39:41,3923.78,0.0,0.0,0,0.0,0.0,0,0.0,0.0,0
11:39:42,3924.59,0.0,0.0,0,0.0,0.0,0,0.0,0.0,0
11:39:42,3925.36,0.0,0.0,0,0.0,0.0,0,0.0,0.0,0
11:39:43,3926.15,0.0,0.0,0,0.0,0.0,0,0.0,0.0,0
11:39:44,3926.94,0.0,0.0,0,0.0,0.0,0,0.0,0.0,0
11:39:45,3927.72,0.0,0.0,0,0.0,0.0,0,0.0,0.0,0
11:39:46,3928.52,0.0,0.0,0,0.0,0.0,0,0.0,0.0,0
11:39:46,3929.38,0.0,0.0,0,0.0,0.0,0,0.0,0.0,0
11:39:47,3930.24,0.0,0.0,0,0.0,0.0,0,0.0,0.0,0
11:39:48,3931.08,0.0,0.0,0,0.0,0.0,0,0.0,0.0,0
11:39:49,3931.98,0.0,0.0,0,0.0,0.0,0,0.0,0.0,0
11:39:50,3932.83,0.0,0.0,0,0.0,0.0,0,0.0,0.0,0
11:39:51,3933.63,0.0,0.0,0,0.0,0.0,0,0.0,0.0,0
11:39:51,3934.41,0.0,0.0,0,0.0,0.0,0,0.0,0.0,0
11:39:52,3935.27,0.0,0.0,0,0.0,0.0,0,0.0,0.0,0
11:39:53,3936.14,0.0,0.0,0,0.0,0.0,0,0.0,0.0,0
11:39:54,3936.98,0.0,0.0,0,0.0,0.0,0,0.0,0.0,0
11:39:55,3937.82,0.0,0.0,0,0.0,0.0,0,0.0,0.0,0
11:39:56,3938.66,0.0,0.0,0,0.0,0.0,0,0.0,0.0,0
11:39:57,3939.54,0.0,0.0,0,0.0,0.0,0,0.0,0.0,0
11:39:57,3940.4,0.0,0.0,0,0.0,0.0,0,0.0,0.0,0
11:39:58,3941.24,0.0,0.0,0,0.0,0.0,0,0.0,0.0,0
11:39:59,3942.08,0.0,0.0,0,0.0,0.0,0,0.0,0.0,0
11:40:00,3942.93,0.0,0.0,0,0.0,0.0,0,0.0,0.0,0
11:40:01,3943.78,0.0,0.0,0,0.0,0.0,0,0.0,0.0,0
11:40:02,3944.55,0.0,0.0,0,0.0,0.0,0,0.0,0.0,0
11:40:02,3945.32,0.0,0.0,0,0.0,0.0,0,0.0,0.0,0
11:40:03,3946.1,0.0,0.0,0,0.0,0.0,0,0.0,0.0,0
11:40:04,3946.88,0.0,0.0,0,0.0,0.0,0,0.0,0.0,0
11:40:05,3947.66,0.0,0.0,0,0.0,0.0,0,0.0,0.0,0
11:40:06,3948.48,0.0,0.0,0,0.0,0.0,0,0.0,0.0,0
11:40:06,3949.25,0.0,0.0,0,0.0,0.0,0,0.0,0.0,0
11:40:07,3950.05,0.0,0.0,0,0.0,0.0,0,0.0,0.0,0
11:40:08,3950.85,0.0,0.0,0,0.0,0.0,0,0.0,0.0,0
11:40:09,3951.63,0.0,0.0,0,0.0,0.0,0,0.0,0.0,0
11:40:10,3952.47,0.0,0.0,0,0.0,0.0,0,0.0,0.0,0
11:40:10,3953.26,0.0,0.0,0,0.0,0.0,0,0.0,0.0,0
11:40:11,3954.06,0.0,0.0,0,0.0,0.0,0,0.0,0.0,0
11:40:12,3954.85,0.0,0.0,0,0.0,0.0,0,0.0,0.0,0
11:40:13,3955.62,0.0,0.0,0,0.0,0.0,0,0.0,0.0,0
11:40:13,3956.42,0.0,0.0,0,0.0,0.0,0,0.0,0.0,0
11:40:14,3957.28,0.0,0.0,0,0.0,0.0,0,0.0,0.0,0
11:40:15,3958.19,0.0,0.0,0,0.0,0.0,0,0.0,0.0,0
11:40:16,3959.01,0.0,0.0,0,0.0,0.0,0,0.0,0.0,0
11:40:17,3959.82,0.0,0.0,0,0.0,0.0,0,0.0,0.0,0
11:40:18,3960.62,0.0,0.0,0,0.0,0.0,0,0.0,0.0,0
11:40:18,3961.43,0.0,0.0,0,0.0,0.0,0,0.0,0.0,0
11:40:19,3962.27,0.0,0.0,0,0.0,0.0,0,0.0,0.0,0
11:40:20,3963.09,0.0,0.0,0,0.0,0.0,0,0.0,0.0,0
11:40:21,3963.96,0.0,0.0,0,0.0,0.0,0,0.0,0.0,0
11:40:22,3964.75,0.0,0.0,0,0.0,0.0,0,0.0,0.0,0
11:40:23,3965.54,0.0,0.0,0,0.0,0.0,0,0.0,0.0,0
11:40:23,3966.39,0.0,0.0,0,0.0,0.0,0,0.0,0.0,0
11:40:24,3967.24,0.0,0.0,0,0.0,0.0,0,0.0,0.0,0
11:40:25,3968.04,0.0,0.0,0,0.0,0.0,0,0.0,0.0,0
11:40:26,3968.82,0.0,0.0,0,0.0,0.0,0,0.0,0.0,0
11:40:27,3969.58,0.0,0.0,0,0.0,0.0,0,0.0,0.0,0
11:40:27,3970.4,0.0,0.0,0,0.0,0.0,0,0.0,0.0,0
11:40:28,3971.21,0.0,0.0,0,0.0,0.0,0,0.0,0.0,0
11:40:29,3972.02,0.0,0.0,0,0.0,0.0,0,0.0,0.0,0
11:40:30,3972.8,0.0,0.0,0,0.0,0.0,0,0.0,0.0,0
11:40:31,3973.6,0.0,0.0,0,0.0,0.0,0,0.0,0.0,0
11:40:32,3974.44,0.0,0.0,0,0.0,0.0,0,0.0,0.0,0
11:40:32,3975.27,0.0,0.0,0,0.0,0.0,0,0.0,0.0,0
11:40:33,3976.05,0.0,0.0,0,0.0,0.0,0,0.0,0.0,0
11:40:34,3976.86,0.0,0.0,0,0.0,0.0,0,0.0,0.0,0
11:40:35,3977.66,0.0,0.0,0,0.0,0.0,0,0.0,0.0,0
11:40:36,3978.44,0.0,0.0,0,0.0,0.0,0,0.0,0.0,0
11:40:36,3979.23,0.0,0.0,0,0.0,0.0,0,0.0,0.0,0
11:40:37,3980.03,0.0,0.0,0,0.0,0.0,0,0.0,0.0,0
11:40:38,3980.84,0.0,0.0,0,0.0,0.0,0,0.0,0.0,0
11:40:39,3981.63,0.0,0.0,0,0.0,0.0,0,0.0,0.0,0
11:40:39,3982.44,0.0,0.0,0,0.0,0.0,0,0.0,0.0,0
11:40:40,3983.26,0.0,0.0,0,0.0,0.0,0,0.0,0.0,0
11:40:41,3984.08,0.0,0.0,0,0.0,0.0,0,0.0,0.0,0
11:40:42,3984.91,0.0,0.0,0,0.0,0.0,0,0.0,0.0,0
11:40:43,3985.76,0.0,0.0,0,0.0,0.0,0,0.0,0.0,0
11:40:44,3986.59,0.0,0.0,0,0.0,0.0,0,0.0,0.0,0
11:40:44,3987.4,0.0,0.0,0,0.0,0.0,0,0.0,0.0,0
11:40:45,3988.22,0.0,0.0,0,0.0,0.0,0,0.0,0.0,0
11:40:46,3989.06,0.0,0.0,0,0.0,0.0,0,0.0,0.0,0
11:40:47,3989.82,0.0,0.0,0,0.0,0.0,0,0.0,0.0,0
11:40:48,3990.62,0.0,0.0,0,0.0,0.0,0,0.0,0.0,0
11:40:49,3991.45,0.0,0.0,0,0.0,0.0,0,0.0,0.0,0
11:40:49,3992.28,0.0,0.0,0,0.0,0.0,0,0.0,0.0,0
11:40:50,3993.23,0.0,0.0,0,0.0,0.0,0,0.0,0.0,0
11:40:51,3994.07,0.0,0.0,0,0.0,0.0,0,0.0,0.0,0
11:40:52,3994.93,0.0,0.0,0,0.0,0.0,0,0.0,0.0,0
11:40:53,3995.72,0.0,0.0,0,0.0,0.0,0,0.0,0.0,0
11:40:54,3996.56,0.0,0.0,0,0.0,0.0,0,0.0,0.0,0
11:40:55,3997.44,0.0,0.0,0,0.0,0.0,0,0.0,0.0,0
11:40:55,3998.22,0.0,0.0,0,0.0,0.0,0,0.0,0.0,0
11:40:56,3999.0,0.0,0.0,0,0.0,0.0,0,0.0,0.0,0
11:40:57,3999.78,0.0,0.0,0,0.0,0.0,0,0.0,0.0,0
11:40:58,4000.55,0.0,0.0,0,0.0,0.0,0,0.0,0.0,0
11:40:58,4001.39,0.0,0.0,0,0.0,0.0,0,0.0,0.0,0
11:40:59,4002.17,0.0,0.0,0,0.0,0.0,0,0.0,0.0,0
11:41:00,4002.95,0.0,0.0,0,0.0,0.0,0,0.0,0.0,0
11:41:01,4003.77,0.0,0.0,0,0.0,0.0,0,0.0,0.0,0
11:41:02,4004.58,0.0,0.0,0,0.0,0.0,0,0.0,0.0,0
11:41:02,4005.38,0.0,0.0,0,0.0,0.0,0,0.0,0.0,0
11:41:03,4006.19,0.0,0.0,0,0.0,0.0,0,0.0,0.0,0
11:41:04,4006.99,0.0,0.0,0,0.0,0.0,0,0.0,0.0,0
11:41:05,4007.78,0.0,0.0,0,0.0,0.0,0,0.0,0.0,0
11:41:06,4008.57,0.0,0.0,0,0.0,0.0,0,0.0,0.0,0
11:41:06,4009.36,0.0,0.0,0,0.0,0.0,0,0.0,0.0,0
11:41:07,4010.17,0.0,0.0,0,0.0,0.0,0,0.0,0.0,0
11:41:08,4010.98,0.0,0.0,0,0.0,0.0,0,0.0,0.0,0
11:41:09,4011.79,0.0,0.0,0,0.0,0.0,0,0.0,0.0,0
11:41:10,4012.58,0.0,0.0,0,0.0,0.0,0,0.0,0.0,0
11:41:10,4013.36,0.0,0.0,0,0.0,0.0,0,0.0,0.0,0
11:41:11,4014.14,0.0,0.0,0,0.0,0.0,0,0.0,0.0,0
11:41:12,4014.94,0.0,0.0,0,0.0,0.0,0,0.0,0.0,0
11:41:13,4015.79,0.0,0.0,0,0.0,0.0,0,0.0,0.0,0
11:41:14,4016.58,0.0,0.0,0,0.0,0.0,0,0.0,0.0,0
11:41:14,4017.39,0.0,0.0,0,0.0,0.0,0,0.0,0.0,0
11:41:15,4018.16,0.0,0.0,0,0.0,0.0,0,0.0,0.0,0
11:41:16,4018.95,0.0,0.0,0,0.0,0.0,0,0.0,0.0,0
11:41:17,4019.75,0.0,0.0,0,0.0,0.0,0,0.0,0.0,0
11:41:18,4020.57,0.0,0.0,0,0.0,0.0,0,0.0,0.0,0
11:41:18,4021.35,0.0,0.0,0,0.0,0.0,0,0.0,0.0,0
11:41:19,4022.14,0.0,0.0,0,0.0,0.0,0,0.0,0.0,0
11:41:20,4022.93,0.0,0.0,0,0.0,0.0,0,0.0,0.0,0
11:41:21,4023.71,0.0,0.0,0,0.0,0.0,0,0.0,0.0,0
11:41:22,4024.51,0.0,0.0,0,0.0,0.0,0,0.0,0.0,0
11:41:22,4025.28,0.0,0.0,0,0.0,0.0,0,0.0,0.0,0
11:41:23,4026.09,0.0,0.0,0,0.0,0.0,0,0.0,0.0,0
11:41:24,4026.89,0.0,0.0,0,0.0,0.0,0,0.0,0.0,0
11:41:25,4027.66,0.0,0.0,0,0.0,0.0,0,0.0,0.0,0
11:41:26,4028.46,0.0,0.0,0,0.0,0.0,0,0.0,0.0,0
11:41:26,4029.24,0.0,0.0,0,0.0,0.0,0,0.0,0.0,0
11:41:27,4030.08,0.0,0.0,0,0.0,0.0,0,0.0,0.0,0
11:41:28,4030.88,0.0,0.0,0,0.0,0.0,0,0.0,0.0,0
11:41:29,4031.74,0.0,0.0,0,0.0,0.0,0,0.0,0.0,0
11:41:30,4032.55,0.0,0.0,0,0.0,0.0,0,0.0,0.0,0
11:41:30,4033.34,0.0,0.0,0,0.0,0.0,0,0.0,0.0,0
11:41:31,4034.14,0.0,0.0,0,0.0,0.0,0,0.0,0.0,0
11:41:32,4034.99,0.0,0.0,0,0.0,0.0,0,0.0,0.0,0
11:41:33,4035.79,0.0,0.0,0,0.0,0.0,0,0.0,0.0,0
11:41:34,4036.59,0.0,0.0,0,0.0,0.0,0,0.0,0.0,0
11:41:34,4037.38,0.0,0.0,0,0.0,0.0,0,0.0,0.0,0
11:41:35,4038.15,0.0,0.0,0,0.0,0.0,0,0.0,0.0,0
11:41:36,4038.97,0.0,0.0,0,0.0,0.0,0,0.0,0.0,0
11:41:37,4039.8,0.0,0.0,0,0.0,0.0,0,0.0,0.0,0
11:41:38,4040.65,0.0,0.0,0,0.0,0.0,0,0.0,0.0,0
11:41:39,4041.51,0.0,0.0,0,0.0,0.0,0,0.0,0.0,0
11:41:39,4042.32,0.0,0.0,0,0.0,0.0,0,0.0,0.0,0
11:41:40,4043.11,0.0,0.0,0,0.0,0.0,0,0.0,0.0,0
11:41:41,4043.9,0.0,0.0,0,0.0,0.0,0,0.0,0.0,0
11:41:42,4044.76,0.0,0.0,0,0.0,0.0,0,0.0,0.0,0
11:41:43,4045.55,0.0,0.0,0,0.0,0.0,0,0.0,0.0,0
