Timestamp,Elapsed,Cathode_Ch1_V,Cathode_Ch1_I,Cathode_Ch1_Status,Anode_Ch2_V,Anode_Ch2_I,Anode_Ch2_Status,Grid_Ch3_V,Grid_Ch3_I,Grid_Ch3_Status
15:08:50,72.03,0.0,0.0,0,0.0,0.0,0,0.0,0.0,0
15:08:51,72.93,0.0,0.0,0,0.0,0.0,0,0.0,0.0,0
15:08:52,73.64,0.0,0.0,0,0.0,0.0,0,0.0,0.0,0
15:08:52,74.34,0.0,0.0,0,0.0,0.0,0,0.0,0.0,0
15:08:53,75.05,0.0,0.0,0,0.0,0.0,0,0.0,0.0,0
15:08:54,75.77,0.0,0.0,0,0.0,0.0,0,0.0,0.0,0
15:08:54,76.47,0.0,0.0,0,0.0,0.0,0,0.0,0.0,0
15:08:55,77.18,0.0,0.0,0,0.0,0.0,0,0.0,0.0,0
15:08:56,77.89,0.0,0.0,0,0.0,0.0,0,0.0,0.0,0
15:08:56,78.59,0.0,0.0,0,0.0,0.0,0,0.0,0.0,0
15:08:57,79.31,0.0,0.0,0,0.0,0.0,0,0.0,0.0,0
15:08:58,80.02,0.0,0.0,0,0.0,0.0,0,0.0,0.0,0
15:08:59,80.75,0.0,0.0,0,0.0,0.0,0,0.0,0.0,0
15:08:59,81.47,0.0,0.0,0,0.0,0.0,0,0.0,0.0,0
15:09:00,82.18,0.0,0.0,0,0.0,0.0,0,0.0,0.0,0
15:09:01,82.89,0.0,0.0,0,0.0,0.0,0,0.0,0.0,0
15:09:01,83.6,0.0,0.0,0,0.0,0.0,0,0.0,0.0,0
15:09:02,84.32,0.0,0.0,0,0.0,0.0,0,0.0,0.0,0
15:09:03,85.03,0.0,0.0,0,0.0,0.0,0,0.0,0.0,0
15:09:04,85.74,0.0,0.0,0,0.0,0.0,0,0.0,0.0,0
15:09:04,86.47,0.0,0.0,0,0.0,0.0,0,0.0,0.0,0
15:09:05,87.19,0.0,0.0,0,0.0,0.0,0,0.0,0.0,0
15:09:06,87.9,0.0,0.0,0,0.0,0.0,0,0.0,0.0,0
15:09:06,88.62,0.0,0.0,0,0.0,0.0,0,0.0,0.0,0
15:09:07,89.33,0.0,0.0,0,0.0,0.0,0,0.0,0.0,0
15:09:08,90.04,0.0,0.0,0,0.0,0.0,0,0.0,0.0,0
15:09:09,90.75,0.0,0.0,0,0.0,0.0,0,0.0,0.0,0
15:09:09,91.47,0.0,0.0,0,0.0,0.0,0,0.0,0.0,0
15:09:10,92.18,0.0,0.0,0,0.0,0.0,0,0.0,0.0,0
15:09:11,92.89,0.0,0.0,0,0.0,0.0,0,0.0,0.0,0
15:09:11,93.6,0.0,0.0,0,0.0,0.0,0,0.0,0.0,0
15:09:12,94.31,0.0,0.0,0,0.0,0.0,0,0.0,0.0,0
15:09:13,95.02,0.0,0.0,0,0.0,0.0,0,0.0,0.0,0
15:09:14,95.73,0.0,0.0,0,0.0,0.0,0,0.0,0.0,0
15:09:14,96.44,0.0,0.0,0,0.0,0.0,0,0.0,0.0,0
15:09:15,97.18,0.0,0.0,0,0.0,0.0,0,0.0,0.0,0
15:09:16,97.9,0.0,0.0,0,0.0,0.0,0,0.0,0.0,0
15:09:16,98.61,0.0,0.0,0,0.0,0.0,0,0.0,0.0,0
15:09:17,99.34,0.0,0.0,0,0.0,0.0,0,0.0,0.0,0
15:09:18,100.05,0.0,0.0,0,0.0,0.0,0,0.0,0.0,0
15:09:19,100.76,0.0,0.0,0,0.0,0.0,0,0.0,0.0,0
15:09:19,101.49,0.0,0.0,0,0.0,0.0,0,0.0,0.0,0
15:09:20,102.24,0.0,0.0,0,0.0,0.0,0,0.0,0.0,0
15:09:21,102.95,0.0,0.0,0,0.0,0.0,0,0.0,0.0,0
15:09:22,103.65,0.0,0.0,0,0.0,0.0,0,0.0,0.0,0
15:09:22,104.37,0.0,0.0,0,0.0,0.0,0,0.0,0.0,0
15:09:23,105.07,0.0,0.0,0,0.0,0.0,0,0.0,0.0,0
15:09:24,105.81,0.0,0.0,0,0.0,0.0,0,0.0,0.0,0
15:09:24,106.52,0.0,0.0,0,0.0,0.0,0,0.0,0.0,0
15:09:25,107.24,0.0,0.0,0,0.0,0.0,0,0.0,0.0,0
15:09:26,107.95,0.0,0.0,0,0.0,0.0,0,0.0,0.0,0
15:09:27,108.68,0.0,0.0,0,0.0,0.0,0,0.0,0.0,0
15:09:27,109.4,0.0,0.0,0,0.0,0.0,0,0.0,0.0,0
15:09:28,110.13,0.0,0.0,0,0.0,0.0,0,0.0,0.0,0
15:09:29,110.85,0.0,0.0,0,0.0,0.0,0,0.0,0.0,0
15:09:29,111.59,0.0,0.0,0,0.0,0.0,0,0.0,0.0,0
15:09:30,112.34,0.0,0.0,0,0.0,0.0,0,0.0,0.0,0
15:09:31,113.05,0.0,0.0,0,0.0,0.0,0,0.0,0.0,0
15:09:32,113.78,0.0,0.0,0,0.0,0.0,0,0.0,0.0,0
15:09:32,114.49,0.0,0.0,0,0.0,0.0,0,0.0,0.0,0
15:09:33,115.22,0.0,0.0,0,0.0,0.0,0,0.0,0.0,0
15:09:34,115.93,0.0,0.0,0,0.0,0.0,0,0.0,0.0,0
15:09:35,116.65,0.0,0.0,0,0.0,0.0,0,0.0,0.0,0
15:09:35,117.35,0.0,0.0,0,0.0,0.0,0,0.0,0.0,0
15:09:36,118.07,0.0,0.0,0,0.0,0.0,0,0.0,0.0,0
15:09:37,118.77,0.0,0.0,0,0.0,0.0,0,0.0,0.0,0
15:09:37,119.5,0.0,0.0,0,0.0,0.0,0,0.0,0.0,0
15:09:38,120.22,0.0,0.0,0,0.0,0.0,0,0.0,0.0,0
15:09:39,120.92,0.0,0.0,0,0.0,0.0,0,0.0,0.0,0
15:09:40,121.66,0.0,0.0,0,0.0,0.0,0,0.0,0.0,0
15:09:40,122.37,0.0,0.0,0,0.0,0.0,0,0.0,0.0,0
15:09:41,123.08,0.0,0.0,0,0.0,0.0,0,0.0,0.0,0
15:09:42,123.79,0.0,0.0,0,0.0,0.0,0,0.0,0.0,0
15:09:42,124.51,0.0,0.0,0,0.0,0.0,0,0.0,0.0,0
15:09:43,125.24,0.0,0.0,0,0.0,0.0,0,0.0,0.0,0
15:09:44,125.96,0.0,0.0,0,0.0,0.0,0,0.0,0.0,0
15:09:45,126.68,0.0,0.0,0,0.0,0.0,0,0.0,0.0,0
15:09:45,127.4,0.0,0.0,0,0.0,0.0,0,0.0,0.0,0
15:09:46,128.12,0.0,0.0,0,0.0,0.0,0,0.0,0.0,0
15:09:47,128.83,0.0,0.0,0,0.0,0.0,0,0.0,0.0,0
15:09:47,129.56,0.0,0.0,0,0.0,0.0,0,0.0,0.0,0
15:09:48,130.3,0.0,0.0,0,0.0,0.0,0,0.0,0.0,0
15:09:49,131.02,0.0,0.0,0,0.0,0.0,0,0.0,0.0,0
15:09:50,131.75,0.0,0.0,0,0.0,0.0,0,0.0,0.0,0
15:09:50,132.47,0.0,0.0,0,0.0,0.0,0,0.0,0.0,0
15:09:51,133.18,0.0,0.0,0,0.0,0.0,0,0.0,0.0,0
15:09:52,133.9,0.0,0.0,0,0.0,0.0,0,0.0,0.0,0
15:09:52,134.61,0.0,0.0,0,0.0,0.0,0,0.0,0.0,0
15:09:53,135.34,0.0,0.0,0,0.0,0.0,0,0.0,0.0,0
15:09:54,136.05,0.0,0.0,0,0.0,0.0,0,0.0,0.0,0
15:09:55,136.78,0.0,0.0,0,0.0,0.0,0,0.0,0.0,0
15:09:55,137.49,0.0,0.0,0,0.0,0.0,0,0.0,0.0,0
15:09:56,138.21,0.0,0.0,0,0.0,0.0,0,0.0,0.0,0
15:09:57,138.92,0.0,0.0,0,0.0,0.0,0,0.0,0.0,0
15:09:58,139.65,0.0,0.0,0,0.0,0.0,0,0.0,0.0,0
15:09:58,140.37,0.0,0.0,0,0.0,0.0,0,0.0,0.0,0
15:09:59,141.08,0.0,0.0,0,0.0,0.0,0,0.0,0.0,0
15:10:00,141.81,0.0,0.0,0,0.0,0.0,0,0.0,0.0,0
15:10:00,142.55,0.0,0.0,0,0.0,0.0,0,0.0,0.0,0
15:10:01,143.25,0.0,0.0,0,0.0,0.0,0,0.0,0.0,0
15:10:02,143.98,0.0,0.0,0,0.0,0.0,0,0.0,0.0,0
15:10:03,144.71,0.0,0.0,0,0.0,0.0,0,0.0,0.0,0
15:10:03,145.44,0.0,0.0,0,0.0,0.0,0,0.0,0.0,0
15:10:04,146.16,0.0,0.0,0,0.0,0.0,0,0.0,0.0,0
15:10:05,146.88,0.0,0.0,0,0.0,0.0,0,0.0,0.0,0
15:10:05,147.61,0.0,0.0,0,0.0,0.0,0,0.0,0.0,0
15:10:06,148.35,0.0,0.0,0,0.0,0.0,0,0.0,0.0,0
15:10:07,149.07,0.0,0.0,0,0.0,0.0,0,0.0,0.0,0
15:10:08,149.8,0.0,0.0,0,0.0,0.0,0,0.0,0.0,0
15:10:08,150.53,0.0,0.0,0,0.0,0.0,0,0.0,0.0,0
15:10:09,151.24,0.0,0.0,0,0.0,0.0,0,0.0,0.0,0
15:10:10,151.97,0.0,0.0,0,0.0,0.0,0,0.0,0.0,0
15:10:11,152.68,0.0,0.0,0,0.0,0.0,0,0.0,0.0,0
15:10:11,153.39,0.0,0.0,0,0.0,0.0,0,0.0,0.0,0
15:10:12,154.1,0.0,0.0,0,0.0,0.0,0,0.0,0.0,0
15:10:13,154.82,0.0,0.0,0,0.0,0.0,0,0.0,0.0,0
15:10:13,155.54,0.0,0.0,0,0.0,0.0,0,0.0,0.0,0
15:10:14,156.28,0.0,0.0,0,0.0,0.0,0,0.0,0.0,0
15:10:15,157.01,0.0,0.0,0,0.0,0.0,0,0.0,0.0,0
15:10:16,157.76,0.0,0.0,0,0.0,0.0,0,0.0,0.0,0
15:10:16,158.48,0.0,0.0,0,0.0,0.0,0,0.0,0.0,0
15:10:17,159.22,0.0,0.0,0,0.0,0.0,0,0.0,0.0,0
15:10:18,159.95,0.0,0.0,0,0.0,0.0,0,0.0,0.0,0
15:10:19,160.68,0.0,0.0,0,0.0,0.0,0,0.0,0.0,0
15:10:19,161.41,0.0,0.0,0,0.0,0.0,0,0.0,0.0,0
15:10:20,162.12,0.0,0.0,0,0.0,0.0,0,0.0,0.0,0
15:10:21,162.83,0.0,0.0,0,0.0,0.0,0,0.0,0.0,0
15:10:21,163.55,0.0,0.0,0,0.0,0.0,0,0.0,0.0,0
15:10:22,164.26,0.0,0.0,0,0.0,0.0,0,0.0,0.0,0
15:10:23,164.97,0.0,0.0,0,0.0,0.0,0,0.0,0.0,0
15:10:24,165.7,0.0,0.0,0,0.0,0.0,0,0.0,0.0,0
15:10:24,166.43,0.0,0.0,0,0.0,0.0,0,0.0,0.0,0
15:10:25,167.14,0.0,0.0,0,0.0,0.0,0,0.0,0.0,0
15:10:26,167.87,0.0,0.0,0,0.0,0.0,0,0.0,0.0,0
15:10:26,168.61,0.0,0.0,0,0.0,0.0,0,0.0,0.0,0
15:10:27,169.33,0.0,0.0,0,0.0,0.0,0,0.0,0.0,0
15:10:28,170.07,0.0,0.0,0,0.0,0.0,0,0.0,0.0,0
15:10:29,170.81,0.0,0.0,0,0.0,0.0,0,0.0,0.0,0
15:10:29,171.53,0.0,0.0,0,0.0,0.0,0,0.0,0.0,0
15:10:30,172.27,0.0,0.0,0,0.0,0.0,0,0.0,0.0,0
15:10:31,172.99,0.0,0.0,0,0.0,0.0,0,0.0,0.0,0
15:10:32,173.73,0.0,0.0,0,0.0,0.0,0,0.0,0.0,0
15:10:32,174.45,0.0,0.0,0,0.0,0.0,0,0.0,0.0,0
15:10:33,175.17,0.0,0.0,0,0.0,0.0,0,0.0,0.0,0
15:10:34,175.89,0.0,0.0,0,0.0,0.0,0,0.0,0.0,0
15:10:34,176.61,0.0,0.0,0,0.0,0.0,0,0.0,0.0,0
15:10:35,177.35,0.0,0.0,0,0.0,0.0,0,0.0,0.0,0
15:10:36,178.06,0.0,0.0,0,0.0,0.0,0,0.0,0.0,0
15:10:37,178.79,0.0,0.0,0,0.0,0.0,0,0.0,0.0,0
15:10:37,179.53,0.0,0.0,0,0.0,0.0,0,0.0,0.0,0
15:10:38,180.25,0.0,0.0,0,0.0,0.0,0,0.0,0.0,0
15:10:39,180.97,0.0,0.0,0,0.0,0.0,0,0.0,0.0,0
15:10:40,181.7,0.0,0.0,0,0.0,0.0,0,0.0,0.0,0
15:10:40,182.43,0.0,0.0,0,0.0,0.0,0,0.0,0.0,0
15:10:41,183.18,0.0,0.0,0,0.0,0.0,0,0.0,0.0,0
15:10:42,183.9,0.0,0.0,0,0.0,0.0,0,0.0,0.0,0
15:10:43,184.64,0.0,0.0,0,0.0,0.0,0,0.0,0.0,0
15:10:43,185.37,0.0,0.0,0,0.0,0.0,0,0.0,0.0,0
15:10:44,186.09,0.0,0.0,0,0.0,0.0,0,0.0,0.0,0
15:10:45,186.82,0.0,0.0,0,0.0,0.0,0,0.0,0.0,0
15:10:45,187.54,0.0,0.0,0,0.0,0.0,0,0.0,0.0,0
15:10:46,188.27,0.0,0.0,0,0.0,0.0,0,0.0,0.0,0
15:10:47,188.98,0.0,0.0,0,0.0,0.0,0,0.0,0.0,0
15:10:48,189.7,0.0,0.0,0,0.0,0.0,0,0.0,0.0,0
15:10:48,190.42,0.0,0.0,0,0.0,0.0,0,0.0,0.0,0
15:10:49,191.15,0.0,0.0,0,0.0,0.0,0,0.0,0.0,0
15:10:50,191.88,0.0,0.0,0,0.0,0.0,0,0.0,0.0,0
15:10:50,192.6,0.0,0.0,0,0.0,0.0,0,0.0,0.0,0
15:10:51,193.33,0.0,0.0,0,0.0,0.0,0,0.0,0.0,0
15:10:52,194.05,0.0,0.0,0,0.0,0.0,0,0.0,0.0,0
15:10:53,194.79,0.0,0.0,0,0.0,0.0,0,0.0,0.0,0
15:10:53,195.52,0.0,0.0,0,0.0,0.0,0,0.0,0.0,0
15:10:54,196.26,0.0,0.0,0,0.0,0.0,0,0.0,0.0,0
15:10:55,196.99,0.0,0.0,0,0.0,0.0,0,0.0,0.0,0
15:10:56,197.74,0.0,0.0,0,0.0,0.0,0,0.0,0.0,0
15:10:56,198.47,0.0,0.0,0,0.0,0.0,0,0.0,0.0,0
15:10:57,199.22,0.0,0.0,0,0.0,0.0,0,0.0,0.0,0
15:10:58,199.94,0.0,0.0,0,0.0,0.0,0,0.0,0.0,0
15:10:59,200.66,0.0,0.0,0,0.0,0.0,0,0.0,0.0,0
15:10:59,201.38,0.0,0.0,0,0.0,0.0,0,0.0,0.0,0
15:11:00,202.1,0.0,0.0,0,0.0,0.0,0,0.0,0.0,0
15:11:01,202.83,0.0,0.0,0,0.0,0.0,0,0.0,0.0,0
15:11:01,203.56,0.0,0.0,0,0.0,0.0,0,0.0,0.0,0
15:11:02,204.29,0.0,0.0,0,0.0,0.0,0,0.0,0.0,0
15:11:03,205.01,0.0,0.0,0,0.0,0.0,0,0.0,0.0,0
15:11:04,205.74,0.0,0.0,0,0.0,0.0,0,0.0,0.0,0
15:11:04,206.5,0.0,0.0,0,0.0,0.0,0,0.0,0.0,0
15:11:05,207.23,0.0,0.0,0,0.0,0.0,0,0.0,0.0,0
15:11:06,207.95,0.0,0.0,0,0.0,0.0,0,0.0,0.0,0
15:11:07,208.68,0.0,0.0,0,0.0,0.0,0,0.0,0.0,0
15:11:07,209.4,0.0,0.0,0,0.0,0.0,0,0.0,0.0,0
15:11:08,210.12,0.0,0.0,0,0.0,0.0,0,0.0,0.0,0
15:11:09,210.85,0.0,0.0,0,0.0,0.0,0,0.0,0.0,0
15:11:09,211.59,0.0,0.0,0,0.0,0.0,0,0.0,0.0,0
15:11:10,212.32,0.0,0.0,0,0.0,0.0,0,0.0,0.0,0
15:11:11,213.03,0.0,0.0,0,0.0,0.0,0,0.0,0.0,0
15:11:12,213.77,0.0,0.0,0,0.0,0.0,0,0.0,0.0,0
15:11:12,214.54,0.0,0.0,0,0.0,0.0,0,0.0,0.0,0
15:11:13,215.26,0.0,0.0,0,0.0,0.0,0,0.0,0.0,0
15:11:14,215.98,0.0,0.0,0,0.0,0.0,0,0.0,0.0,0
15:11:15,216.72,0.0,0.0,0,0.0,0.0,0,0.0,0.0,0
15:11:15,217.47,0.0,0.0,0,0.0,0.0,0,0.0,0.0,0
15:11:16,218.2,0.0,0.0,0,0.0,0.0,0,0.0,0.0,0
15:11:17,218.93,0.0,0.0,0,0.0,0.0,0,0.0,0.0,0
15:11:18,219.66,0.0,0.0,0,0.0,0.0,0,0.0,0.0,0
15:11:18,220.4,0.0,0.0,0,0.0,0.0,0,0.0,0.0,0
15:11:19,221.12,0.0,0.0,0,0.0,0.0,0,0.0,0.0,0
15:11:20,221.83,0.0,0.0,0,0.0,0.0,0,0.0,0.0,0
15:11:20,222.56,0.0,0.0,0,0.0,0.0,0,0.0,0.0,0
15:11:21,223.3,0.0,0.0,0,0.0,0.0,0,0.0,0.0,0
15:11:22,224.01,0.0,0.0,0,0.0,0.0,0,0.0,0.0,0
15:11:23,224.75,0.0,0.0,0,0.0,0.0,0,0.0,0.0,0
15:11:23,225.46,0.0,0.0,0,0.0,0.0,0,0.0,0.0,0
15:11:24,226.18,0.0,0.0,0,0.0,0.0,0,0.0,0.0,0
15:11:25,226.91,0.0,0.0,0,0.0,0.0,0,0.0,0.0,0
15:11:26,227.64,0.0,0.0,0,0.0,0.0,0,0.0,0.0,0
15:11:26,228.37,0.0,0.0,0,0.0,0.0,0,0.0,0.0,0
15:11:27,229.1,0.0,0.0,0,0.0,0.0,0,0.0,0.0,0
15:11:28,229.83,0.0,0.0,0,0.0,0.0,0,0.0,0.0,0
15:11:28,230.57,0.0,0.0,0,0.0,0.0,0,0.0,0.0,0
15:11:29,231.31,0.0,0.0,0,0.0,0.0,0,0.0,0.0,0
15:11:30,232.06,0.0,0.0,0,0.0,0.0,0,0.0,0.0,0
15:11:31,232.78,0.0,0.0,0,0.0,0.0,0,0.0,0.0,0
15:11:31,233.53,0.0,0.0,0,0.0,0.0,0,0.0,0.0,0
15:11:32,234.27,0.0,0.0,0,0.0,0.0,0,0.0,0.0,0
15:11:33,234.99,0.0,0.0,0,0.0,0.0,0,0.0,0.0,0
15:11:34,235.72,0.0,0.0,0,0.0,0.0,0,0.0,0.0,0
15:11:34,236.46,0.0,0.0,0,0.0,0.0,0,0.0,0.0,0
15:11:35,237.19,0.0,0.0,0,0.0,0.0,0,0.0,0.0,0
15:11:36,237.92,0.0,0.0,0,0.0,0.0,0,0.0,0.0,0
15:11:37,238.65,0.0,0.0,0,0.0,0.0,0,0.0,0.0,0
15:11:37,239.37,0.0,0.0,0,0.0,0.0,0,0.0,0.0,0
15:11:38,240.09,0.0,0.0,0,0.0,0.0,0,0.0,0.0,0
15:11:39,240.82,0.0,0.0,0,0.0,0.0,0,0.0,0.0,0
15:11:39,241.56,0.0,0.0,0,0.0,0.0,0,0.0,0.0,0
15:11:40,242.28,0.0,0.0,0,0.0,0.0,0,0.0,0.0,0
15:11:41,243.01,0.0,0.0,0,0.0,0.0,0,0.0,0.0,0
15:11:42,243.72,0.0,0.0,0,0.0,0.0,0,0.0,0.0,0
15:11:42,244.45,0.0,0.0,0,0.0,0.0,0,0.0,0.0,0
15:11:43,245.2,0.0,0.0,0,0.0,0.0,0,0.0,0.0,0
15:11:44,245.93,0.0,0.0,0,0.0,0.0,0,0.0,0.0,0
15:11:45,246.65,0.0,0.0,0,0.0,0.0,0,0.0,0.0,0
15:11:45,247.38,0.0,0.0,0,0.0,0.0,0,0.0,0.0,0
15:11:46,248.1,0.0,0.0,0,0.0,0.0,0,0.0,0.0,0
15:11:47,248.83,0.0,0.0,0,0.0,0.0,0,0.0,0.0,0
15:11:47,249.57,0.0,0.0,0,0.0,0.0,0,0.0,0.0,0
15:11:48,250.32,0.0,0.0,0,0.0,0.0,0,0.0,0.0,0
15:11:49,251.05,0.0,0.0,0,0.0,0.0,0,0.0,0.0,0
15:11:50,251.78,0.0,0.0,0,0.0,0.0,0,0.0,0.0,0
15:11:50,252.51,0.0,0.0,0,0.0,0.0,0,0.0,0.0,0
15:11:51,253.26,0.0,0.0,0,0.0,0.0,0,0.0,0.0,0
15:11:52,254.01,0.0,0.0,0,0.0,0.0,0,0.0,0.0,0
15:11:53,254.74,0.0,0.0,0,0.0,0.0,0,0.0,0.0,0
15:11:53,255.48,0.0,0.0,0,0.0,0.0,0,0.0,0.0,0
15:11:54,256.22,0.0,0.0,0,0.0,0.0,0,0.0,0.0,0
15:11:55,256.94,0.0,0.0,0,0.0,0.0,0,0.0,0.0,0
15:11:56,257.67,0.0,0.0,0,0.0,0.0,0,0.0,0.0,0
15:11:56,258.4,0.0,0.0,0,0.0,0.0,0,0.0,0.0,0
15:11:57,259.13,0.0,0.0,0,0.0,0.0,0,0.0,0.0,0
15:11:58,259.87,0.0,0.0,0,0.0,0.0,0,0.0,0.0,0
15:11:58,260.59,0.0,0.0,0,0.0,0.0,0,0.0,0.0,0
15:11:59,261.34,0.0,0.0,0,0.0,0.0,0,0.0,0.0,0
15:12:00,262.07,0.0,0.0,0,0.0,0.0,0,0.0,0.0,0
15:12:01,262.82,0.0,0.0,0,0.0,0.0,0,0.0,0.0,0
15:12:01,263.55,0.0,0.0,0,0.0,0.0,0,0.0,0.0,0
15:12:02,264.28,0.0,0.0,0,0.0,0.0,0,0.0,0.0,0
15:12:03,265.0,0.0,0.0,0,0.0,0.0,0,0.0,0.0,0
15:12:04,265.75,0.0,0.0,0,0.0,0.0,0,0.0,0.0,0
15:12:04,266.48,0.0,0.0,0,0.0,0.0,0,0.0,0.0,0
15:12:05,267.22,0.0,0.0,0,0.0,0.0,0,0.0,0.0,0
15:12:06,267.95,0.0,0.0,0,0.0,0.0,0,0.0,0.0,0
15:12:07,268.7,0.0,0.0,0,0.0,0.0,0,0.0,0.0,0
15:12:07,269.43,0.0,0.0,0,0.0,0.0,0,0.0,0.0,0
15:12:08,270.14,0.0,0.0,0,0.0,0.0,0,0.0,0.0,0
15:12:09,270.88,0.0,0.0,0,0.0,0.0,0,0.0,0.0,0
15:12:09,271.6,0.0,0.0,0,0.0,0.0,0,0.0,0.0,0
15:12:10,272.34,0.0,0.0,0,0.0,0.0,0,0.0,0.0,0
15:12:11,273.08,0.0,0.0,0,0.0,0.0,0,0.0,0.0,0
15:12:12,273.81,0.0,0.0,0,0.0,0.0,0,0.0,0.0,0
15:12:12,274.54,0.0,0.0,0,0.0,0.0,0,0.0,0.0,0
15:12:13,275.29,0.0,0.0,0,0.0,0.0,0,0.0,0.0,0
15:12:14,276.01,0.0,0.0,0,0.0,0.0,0,0.0,0.0,0
15:12:15,276.75,0.0,0.0,0,0.0,0.0,0,0.0,0.0,0
15:12:15,277.48,0.0,0.0,0,0.0,0.0,0,0.0,0.0,0
15:12:16,278.22,0.0,0.0,0,0.0,0.0,0,0.0,0.0,0
15:12:17,278.96,0.0,0.0,0,0.0,0.0,0,0.0,0.0,0
15:12:18,279.7,0.0,0.0,0,0.0,0.0,0,0.0,0.0,0
15:12:18,280.46,0.0,0.0,0,0.0,0.0,0,0.0,0.0,0
15:12:19,281.2,0.0,0.0,0,0.0,0.0,0,0.0,0.0,0
15:12:20,281.94,0.0,0.0,0,0.0,0.0,0,0.0,0.0,0
15:12:21,282.7,0.0,0.0,0,0.0,0.0,0,0.0,0.0,0
15:12:21,283.43,0.0,0.0,0,0.0,0.0,0,0.0,0.0,0
15:12:22,284.17,0.0,0.0,0,0.0,0.0,0,0.0,0.0,0
15:12:23,284.9,0.0,0.0,0,0.0,0.0,0,0.0,0.0,0
15:12:24,285.65,0.0,0.0,0,0.0,0.0,0,0.0,0.0,0
15:12:24,286.42,0.0,0.0,0,0.0,0.0,0,0.0,0.0,0
15:12:25,287.16,0.0,0.0,0,0.0,0.0,0,0.0,0.0,0
15:12:26,287.88,0.0,0.0,0,0.0,0.0,0,0.0,0.0,0
15:12:26,288.61,0.0,0.0,0,0.0,0.0,0,0.0,0.0,0
15:12:27,289.34,0.0,0.0,0,0.0,0.0,0,0.0,0.0,0
15:12:28,290.06,0.0,0.0,0,0.0,0.0,0,0.0,0.0,0
15:12:29,290.79,0.0,0.0,0,0.0,0.0,0,0.0,0.0,0
15:12:29,291.54,0.0,0.0,0,0.0,0.0,0,0.0,0.0,0
15:12:30,292.27,0.0,0.0,0,0.0,0.0,0,0.0,0.0,0
15:12:31,293.0,0.0,0.0,0,0.0,0.0,0,0.0,0.0,0
15:12:32,293.73,0.0,0.0,0,0.0,0.0,0,0.0,0.0,0
15:12:32,294.47,0.0,0.0,0,0.0,0.0,0,0.0,0.0,0
15:12:33,295.23,0.0,0.0,0,0.0,0.0,0,0.0,0.0,0
15:12:34,296.01,0.0,0.0,0,0.0,0.0,0,0.0,0.0,0
15:12:35,296.74,0.0,0.0,0,0.0,0.0,0,0.0,0.0,0
15:12:35,297.49,0.0,0.0,0,0.0,0.0,0,0.0,0.0,0
15:12:36,298.22,0.0,0.0,0,0.0,0.0,0,0.0,0.0,0
15:12:37,298.94,0.0,0.0,0,0.0,0.0,0,0.0,0.0,0
15:12:38,299.68,0.0,0.0,0,0.0,0.0,0,0.0,0.0,0
15:12:38,300.41,0.0,0.0,0,0.0,0.0,0,0.0,0.0,0
15:12:39,301.13,0.0,0.0,0,0.0,0.0,0,0.0,0.0,0
15:12:40,301.85,0.0,0.0,0,0.0,0.0,0,0.0,0.0,0
15:12:40,302.59,0.0,0.0,0,0.0,0.0,0,0.0,0.0,0
15:12:41,303.33,0.0,0.0,0,0.0,0.0,0,0.0,0.0,0
15:12:42,304.05,0.0,0.0,0,0.0,0.0,0,0.0,0.0,0
15:12:43,304.81,0.0,0.0,0,0.0,0.0,0,0.0,0.0,0
15:12:43,305.53,0.0,0.0,0,0.0,0.0,0,0.0,0.0,0
15:12:44,306.28,0.0,0.0,0,0.0,0.0,0,0.0,0.0,0
15:12:45,307.02,0.0,0.0,0,0.0,0.0,0,0.0,0.0,0
15:12:46,307.74,0.0,0.0,0,0.0,0.0,0,0.0,0.0,0
15:12:46,308.47,0.0,0.0,0,0.0,0.0,0,0.0,0.0,0
15:12:47,309.2,0.0,0.0,0,0.0,0.0,0,0.0,0.0,0
15:12:48,309.96,0.0,0.0,0,0.0,0.0,0,0.0,0.0,0
15:12:49,310.71,0.0,0.0,0,0.0,0.0,0,0.0,0.0,0
15:12:49,311.45,0.0,0.0,0,0.0,0.0,0,0.0,0.0,0
15:12:50,312.18,0.0,0.0,0,0.0,0.0,0,0.0,0.0,0
15:12:51,312.9,0.0,0.0,0,0.0,0.0,0,0.0,0.0,0
15:12:52,313.64,0.0,0.0,0,0.0,0.0,0,0.0,0.0,0
15:12:52,314.37,0.0,0.0,0,0.0,0.0,0,0.0,0.0,0
15:12:53,315.1,0.0,0.0,0,0.0,0.0,0,0.0,0.0,0
15:12:54,315.84,0.0,0.0,0,0.0,0.0,0,0.0,0.0,0
15:12:54,316.57,0.0,0.0,0,0.0,0.0,0,0.0,0.0,0
15:12:55,317.31,0.0,0.0,0,0.0,0.0,0,0.0,0.0,0
15:12:56,318.04,0.0,0.0,0,0.0,0.0,0,0.0,0.0,0
15:12:57,318.76,0.0,0.0,0,0.0,0.0,0,0.0,0.0,0
15:12:57,319.51,0.0,0.0,0,0.0,0.0,0,0.0,0.0,0
15:12:58,320.25,0.0,0.0,0,0.0,0.0,0,0.0,0.0,0
15:12:59,320.98,0.0,0.0,0,0.0,0.0,0,0.0,0.0,0
15:13:00,321.71,0.0,0.0,0,0.0,0.0,0,0.0,0.0,0
15:13:00,322.44,0.0,0.0,0,0.0,0.0,0,0.0,0.0,0
15:13:01,323.17,0.0,0.0,0,0.0,0.0,0,0.0,0.0,0
15:13:02,323.9,0.0,0.0,0,0.0,0.0,0,0.0,0.0,0
15:13:02,324.62,0.0,0.0,0,0.0,0.0,0,0.0,0.0,0
15:13:03,325.37,0.0,0.0,0,0.0,0.0,0,0.0,0.0,0
15:13:04,326.1,0.0,0.0,0,0.0,0.0,0,0.0,0.0,0
15:13:05,326.84,0.0,0.0,0,0.0,0.0,0,0.0,0.0,0
15:13:05,327.56,0.0,0.0,0,0.0,0.0,0,0.0,0.0,0
15:13:06,328.3,0.0,0.0,0,0.0,0.0,0,0.0,0.0,0
15:13:07,329.05,0.0,0.0,0,0.0,0.0,0,0.0,0.0,0
15:13:08,329.78,0.0,0.0,0,0.0,0.0,0,0.0,0.0,0
15:13:08,330.52,0.0,0.0,0,0.0,0.0,0,0.0,0.0,0
15:13:09,331.26,0.0,0.0,0,0.0,0.0,0,0.0,0.0,0
15:13:10,331.99,0.0,0.0,0,0.0,0.0,0,0.0,0.0,0
15:13:11,332.73,0.0,0.0,0,0.0,0.0,0,0.0,0.0,0
15:13:11,333.46,0.0,0.0,0,0.0,0.0,0,0.0,0.0,0
15:13:12,334.22,0.0,0.0,0,0.0,0.0,0,0.0,0.0,0
15:13:13,334.94,0.0,0.0,0,0.0,0.0,0,0.0,0.0,0
15:13:14,335.67,0.0,0.0,0,0.0,0.0,0,0.0,0.0,0
15:13:14,336.41,0.0,0.0,0,0.0,0.0,0,0.0,0.0,0
15:13:15,337.14,0.0,0.0,0,0.0,0.0,0,0.0,0.0,0
15:13:16,337.86,0.0,0.0,0,0.0,0.0,0,0.0,0.0,0
15:13:16,338.59,0.0,0.0,0,0.0,0.0,0,0.0,0.0,0
15:13:17,339.32,0.0,0.0,0,0.0,0.0,0,0.0,0.0,0
15:13:18,340.04,0.0,0.0,0,0.0,0.0,0,0.0,0.0,0
15:13:19,340.77,0.0,0.0,0,0.0,0.0,0,0.0,0.0,0
15:13:19,341.5,0.0,0.0,0,0.0,0.0,0,0.0,0.0,0
15:13:20,342.22,0.0,0.0,0,0.0,0.0,0,0.0,0.0,0
15:13:21,342.97,0.0,0.0,0,0.0,0.0,0,0.0,0.0,0
15:13:22,343.72,0.0,0.0,0,0.0,0.0,0,0.0,0.0,0
15:13:22,344.44,0.0,0.0,0,0.0,0.0,0,0.0,0.0,0
15:13:23,345.17,0.0,0.0,0,0.0,0.0,0,0.0,0.0,0
15:13:24,345.89,0.0,0.0,0,0.0,0.0,0,0.0,0.0,0
15:13:24,346.63,0.0,0.0,0,0.0,0.0,0,0.0,0.0,0
15:13:25,347.39,0.0,0.0,0,0.0,0.0,0,0.0,0.0,0
15:13:26,348.19,0.0,0.0,0,0.0,0.0,0,0.0,0.0,0
15:13:27,349.02,0.0,0.0,0,0.0,0.0,0,0.0,0.0,0
15:13:28,349.8,0.0,0.0,0,0.0,0.0,0,0.0,0.0,0
15:13:28,350.58,0.0,0.0,0,0.0,0.0,0,0.0,0.0,0
15:13:29,351.33,0.0,0.0,0,0.0,0.0,0,0.0,0.0,0
15:13:30,352.07,0.0,0.0,0,0.0,0.0,0,0.0,0.0,0
15:13:31,352.81,0.0,0.0,0,0.0,0.0,0,0.0,0.0,0
15:13:32,353.67,0.0,0.0,0,0.0,0.0,0,0.0,0.0,0
15:13:32,354.46,0.0,0.0,0,0.0,0.0,0,0.0,0.0,0
15:13:33,355.23,0.0,0.0,0,0.0,0.0,0,0.0,0.0,0
15:13:34,355.97,0.0,0.0,0,0.0,0.0,0,0.0,0.0,0
15:13:35,356.7,0.0,0.0,0,0.0,0.0,0,0.0,0.0,0
15:13:35,357.47,0.0,0.0,0,0.0,0.0,0,0.0,0.0,0
15:13:36,358.37,0.0,0.0,0,0.0,0.0,0,0.0,0.0,0
15:13:37,359.13,0.0,0.0,0,0.0,0.0,0,0.0,0.0,0
15:13:38,359.96,0.0,0.0,0,0.0,0.0,0,0.0,0.0,0
15:13:39,360.71,0.0,0.0,0,0.0,0.0,0,0.0,0.0,0
15:13:39,361.45,0.0,0.0,0,0.0,0.0,0,0.0,0.0,0
15:13:40,362.19,0.0,0.0,0,0.0,0.0,0,0.0,0.0,0
15:13:41,362.93,0.0,0.0,0,0.0,0.0,0,0.0,0.0,0
15:13:42,363.66,0.0,0.0,0,0.0,0.0,0,0.0,0.0,0
15:13:42,364.38,0.0,0.0,0,0.0,0.0,0,0.0,0.0,0
15:13:43,365.14,0.0,0.0,0,0.0,0.0,0,0.0,0.0,0
15:13:44,365.89,0.0,0.0,0,0.0,0.0,0,0.0,0.0,0
15:13:44,366.62,0.0,0.0,0,0.0,0.0,0,0.0,0.0,0
15:13:45,367.35,0.0,0.0,0,0.0,0.0,0,0.0,0.0,0
15:13:46,368.13,0.0,0.0,0,0.0,0.0,0,0.0,0.0,0
15:13:47,368.96,0.0,0.0,0,0.0,0.0,0,0.0,0.0,0
15:13:48,369.68,0.0,0.0,0,0.0,0.0,0,0.0,0.0,0
15:13:48,370.41,0.0,0.0,0,0.0,0.0,0,0.0,0.0,0
15:13:49,371.13,0.0,0.0,0,0.0,0.0,0,0.0,0.0,0
15:13:50,371.86,0.0,0.0,0,0.0,0.0,0,0.0,0.0,0
15:13:50,372.59,0.0,0.0,0,0.0,0.0,0,0.0,0.0,0
15:13:51,373.34,0.0,0.0,0,0.0,0.0,0,0.0,0.0,0
15:13:52,374.06,0.0,0.0,0,0.0,0.0,0,0.0,0.0,0
15:13:53,374.81,0.0,0.0,0,0.0,0.0,0,0.0,0.0,0
15:13:53,375.54,0.0,0.0,0,0.0,0.0,0,0.0,0.0,0
15:13:54,376.27,0.0,0.0,0,0.0,0.0,0,0.0,0.0,0
15:13:55,377.0,0.0,0.0,0,0.0,0.0,0,0.0,0.0,0
15:13:56,377.73,0.0,0.0,0,0.0,0.0,0,0.0,0.0,0
15:13:56,378.47,0.0,0.0,0,0.0,0.0,0,0.0,0.0,0
15:13:57,379.21,0.0,0.0,0,0.0,0.0,0,0.0,0.0,0
15:13:58,379.94,0.0,0.0,0,0.0,0.0,0,0.0,0.0,0
15:13:59,380.67,0.0,0.0,0,0.0,0.0,0,0.0,0.0,0
15:13:59,381.4,0.0,0.0,0,0.0,0.0,0,0.0,0.0,0
15:14:00,382.13,0.0,0.0,0,0.0,0.0,0,0.0,0.0,0
15:14:01,382.86,0.0,0.0,0,0.0,0.0,0,0.0,0.0,0
15:14:01,383.59,0.0,0.0,0,0.0,0.0,0,0.0,0.0,0
15:14:02,384.32,0.0,0.0,0,0.0,0.0,0,0.0,0.0,0
15:14:03,385.04,0.0,0.0,0,0.0,0.0,0,0.0,0.0,0
15:14:04,385.78,0.0,0.0,0,0.0,0.0,0,0.0,0.0,0
15:14:04,386.52,0.0,0.0,0,0.0,0.0,0,0.0,0.0,0
15:14:05,387.27,0.0,0.0,0,0.0,0.0,0,0.0,0.0,0
15:14:06,388.03,0.0,0.0,0,0.0,0.0,0,0.0,0.0,0
15:14:07,388.79,0.0,0.0,0,0.0,0.0,0,0.0,0.0,0
15:14:07,389.52,0.0,0.0,0,0.0,0.0,0,0.0,0.0,0
15:14:08,390.25,0.0,0.0,0,0.0,0.0,0,0.0,0.0,0
15:14:09,390.97,0.0,0.0,0,0.0,0.0,0,0.0,0.0,0
15:14:10,391.71,0.0,0.0,0,0.0,0.0,0,0.0,0.0,0
15:14:10,392.44,0.0,0.0,0,0.0,0.0,0,0.0,0.0,0
15:14:11,393.17,0.0,0.0,0,0.0,0.0,0,0.0,0.0,0
15:14:12,393.89,0.0,0.0,0,0.0,0.0,0,0.0,0.0,0
15:14:12,394.61,0.0,0.0,0,0.0,0.0,0,0.0,0.0,0
15:14:13,395.34,0.0,0.0,0,0.0,0.0,0,0.0,0.0,0
15:14:14,396.06,0.0,0.0,0,0.0,0.0,0,0.0,0.0,0
15:14:15,396.81,0.0,0.0,0,0.0,0.0,0,0.0,0.0,0
15:14:15,397.55,0.0,0.0,0,0.0,0.0,0,0.0,0.0,0
15:14:16,398.29,0.0,0.0,0,0.0,0.0,0,0.0,0.0,0
15:14:17,399.03,0.0,0.0,0,0.0,0.0,0,0.0,0.0,0
15:14:18,399.75,0.0,0.0,0,0.0,0.0,0,0.0,0.0,0
15:14:18,400.47,0.0,0.0,0,0.0,0.0,0,0.0,0.0,0
15:14:19,401.2,0.0,0.0,0,0.0,0.0,0,0.0,0.0,0
15:14:20,401.92,0.0,0.0,0,0.0,0.0,0,0.0,0.0,0
15:14:21,402.64,0.0,0.0,0,0.0,0.0,0,0.0,0.0,0
15:14:21,403.39,0.0,0.0,0,0.0,0.0,0,0.0,0.0,0
15:14:22,404.11,0.0,0.0,0,0.0,0.0,0,0.0,0.0,0
15:14:23,404.84,0.0,0.0,0,0.0,0.0,0,0.0,0.0,0
15:14:23,405.58,0.0,0.0,0,0.0,0.0,0,0.0,0.0,0
15:14:24,406.31,0.0,0.0,0,0.0,0.0,0,0.0,0.0,0
15:14:25,407.04,0.0,0.0,0,0.0,0.0,0,0.0,0.0,0
15:14:26,407.76,0.0,0.0,0,0.0,0.0,0,0.0,0.0,0
15:14:26,408.5,0.0,0.0,0,0.0,0.0,0,0.0,0.0,0
15:14:27,409.23,0.0,0.0,0,0.0,0.0,0,0.0,0.0,0
15:14:28,409.95,0.0,0.0,0,0.0,0.0,0,0.0,0.0,0
15:14:29,410.69,0.0,0.0,0,0.0,0.0,0,0.0,0.0,0
15:14:29,411.41,0.0,0.0,0,0.0,0.0,0,0.0,0.0,0
15:14:30,412.13,0.0,0.0,0,0.0,0.0,0,0.0,0.0,0
15:14:31,412.84,0.0,0.0,0,0.0,0.0,0,0.0,0.0,0
15:14:31,413.58,0.0,0.0,0,0.0,0.0,0,0.0,0.0,0
15:14:32,414.32,0.0,0.0,0,0.0,0.0,0,0.0,0.0,0
15:14:33,415.04,0.0,0.0,0,0.0,0.0,0,0.0,0.0,0
15:14:34,415.78,0.0,0.0,0,0.0,0.0,0,0.0,0.0,0
15:14:34,416.51,0.0,0.0,0,0.0,0.0,0,0.0,0.0,0
15:14:35,417.23,0.0,0.0,0,0.0,0.0,0,0.0,0.0,0
15:14:36,417.96,0.0,0.0,0,0.0,0.0,0,0.0,0.0,0
15:14:37,418.69,0.0,0.0,0,0.0,0.0,0,0.0,0.0,0
15:14:37,419.41,0.0,0.0,0,0.0,0.0,0,0.0,0.0,0
15:14:38,420.15,0.0,0.0,0,0.0,0.0,0,0.0,0.0,0
15:14:39,420.87,0.0,0.0,0,0.0,0.0,0,0.0,0.0,0
15:14:39,421.6,0.0,0.0,0,0.0,0.0,0,0.0,0.0,0
15:14:40,422.32,0.0,0.0,0,0.0,0.0,0,0.0,0.0,0
15:14:41,423.07,0.0,0.0,0,0.0,0.0,0,0.0,0.0,0
15:14:42,423.82,0.0,0.0,0,0.0,0.0,0,0.0,0.0,0
15:14:42,424.55,0.0,0.0,0,0.0,0.0,0,0.0,0.0,0
15:14:43,425.29,0.0,0.0,0,0.0,0.0,0,0.0,0.0,0
15:14:44,426.02,0.0,0.0,0,0.0,0.0,0,0.0,0.0,0
15:14:45,426.75,0.0,0.0,0,0.0,0.0,0,0.0,0.0,0
15:14:45,427.49,0.0,0.0,0,0.0,0.0,0,0.0,0.0,0
15:14:46,428.24,0.0,0.0,0,0.0,0.0,0,0.0,0.0,0
15:14:47,428.96,0.0,0.0,0,0.0,0.0,0,0.0,0.0,0
15:14:48,429.7,0.0,0.0,0,0.0,0.0,0,0.0,0.0,0
15:14:48,430.42,0.0,0.0,0,0.0,0.0,0,0.0,0.0,0
15:14:49,431.14,0.0,0.0,0,0.0,0.0,0,0.0,0.0,0
15:14:50,431.87,0.0,0.0,0,0.0,0.0,0,0.0,0.0,0
15:14:50,432.61,0.0,0.0,0,0.0,0.0,0,0.0,0.0,0
15:14:51,433.34,0.0,0.0,0,0.0,0.0,0,0.0,0.0,0
15:14:52,434.06,0.0,0.0,0,0.0,0.0,0,0.0,0.0,0
15:14:53,434.79,0.0,0.0,0,0.0,0.0,0,0.0,0.0,0
15:14:53,435.52,0.0,0.0,0,0.0,0.0,0,0.0,0.0,0
15:14:54,436.25,0.0,0.0,0,0.0,0.0,0,0.0,0.0,0
15:14:55,436.97,0.0,0.0,0,0.0,0.0,0,0.0,0.0,0
15:14:56,437.7,0.0,0.0,0,0.0,0.0,0,0.0,0.0,0
15:14:56,438.44,0.0,0.0,0,0.0,0.0,0,0.0,0.0,0
15:14:57,439.17,0.0,0.0,0,0.0,0.0,0,0.0,0.0,0
15:14:58,439.94,0.0,0.0,0,0.0,0.0,0,0.0,0.0,0
15:14:59,440.65,0.0,0.0,0,0.0,0.0,0,0.0,0.0,0
15:14:59,441.38,0.0,0.0,0,0.0,0.0,0,0.0,0.0,0
15:15:00,442.11,0.0,0.0,0,0.0,0.0,0,0.0,0.0,0
15:15:01,442.84,0.0,0.0,0,0.0,0.0,0,0.0,0.0,0
15:15:01,443.56,0.0,0.0,0,0.0,0.0,0,0.0,0.0,0
15:15:02,444.31,0.0,0.0,0,0.0,0.0,0,0.0,0.0,0
15:15:03,445.04,0.0,0.0,0,0.0,0.0,0,0.0,0.0,0
15:15:04,445.77,0.0,0.0,0,0.0,0.0,0,0.0,0.0,0
15:15:04,446.5,0.0,0.0,0,0.0,0.0,0,0.0,0.0,0
15:15:05,447.23,0.0,0.0,0,0.0,0.0,0,0.0,0.0,0
15:15:06,447.95,0.0,0.0,0,0.0,0.0,0,0.0,0.0,0
15:15:07,448.69,0.0,0.0,0,0.0,0.0,0,0.0,0.0,0
15:15:07,449.42,0.0,0.0,0,0.0,0.0,0,0.0,0.0,0
15:15:08,450.14,0.0,0.0,0,0.0,0.0,0,0.0,0.0,0
15:15:09,450.86,0.0,0.0,0,0.0,0.0,0,0.0,0.0,0
15:15:09,451.62,0.0,0.0,0,0.0,0.0,0,0.0,0.0,0
15:15:10,452.35,0.0,0.0,0,0.0,0.0,0,0.0,0.0,0
15:15:11,453.07,0.0,0.0,0,0.0,0.0,0,0.0,0.0,0
15:15:12,453.8,0.0,0.0,0,0.0,0.0,0,0.0,0.0,0
15:15:12,454.53,0.0,0.0,0,0.0,0.0,0,0.0,0.0,0
15:15:13,455.26,0.0,0.0,0,0.0,0.0,0,0.0,0.0,0
15:15:14,455.98,0.0,0.0,0,0.0,0.0,0,0.0,0.0,0
15:15:15,456.7,0.0,0.0,0,0.0,0.0,0,0.0,0.0,0
15:15:15,457.44,0.0,0.0,0,0.0,0.0,0,0.0,0.0,0
15:15:16,458.16,0.0,0.0,0,0.0,0.0,0,0.0,0.0,0
15:15:17,458.89,0.0,0.0,0,0.0,0.0,0,0.0,0.0,0
15:15:17,459.61,0.0,0.0,0,0.0,0.0,0,0.0,0.0,0
15:15:18,460.34,0.0,0.0,0,0.0,0.0,0,0.0,0.0,0
15:15:19,461.07,0.0,0.0,0,0.0,0.0,0,0.0,0.0,0
15:15:20,461.81,0.0,0.0,0,0.0,0.0,0,0.0,0.0,0
15:15:20,462.54,0.0,0.0,0,0.0,0.0,0,0.0,0.0,0
15:15:21,463.27,0.0,0.0,0,0.0,0.0,0,0.0,0.0,0
15:15:22,464.0,0.0,0.0,0,0.0,0.0,0,0.0,0.0,0
15:15:23,464.72,0.0,0.0,0,0.0,0.0,0,0.0,0.0,0
15:15:23,465.44,0.0,0.0,0,0.0,0.0,0,0.0,0.0,0
15:15:24,466.19,0.0,0.0,0,0.0,0.0,0,0.0,0.0,0
15:15:25,466.93,0.0,0.0,0,0.0,0.0,0,0.0,0.0,0
15:15:26,467.67,0.0,0.0,0,0.0,0.0,0,0.0,0.0,0
15:15:26,468.42,0.0,0.0,0,0.0,0.0,0,0.0,0.0,0
15:15:27,469.14,0.0,0.0,0,0.0,0.0,0,0.0,0.0,0
15:15:28,469.92,0.0,0.0,0,0.0,0.0,0,0.0,0.0,0
15:15:29,470.69,0.0,0.0,0,0.0,0.0,0,0.0,0.0,0
15:15:29,471.46,0.0,0.0,0,0.0,0.0,0,0.0,0.0,0
15:15:30,472.19,0.0,0.0,0,0.0,0.0,0,0.0,0.0,0
15:15:31,472.91,0.0,0.0,0,0.0,0.0,0,0.0,0.0,0
15:15:32,473.66,0.0,0.0,0,0.0,0.0,0,0.0,0.0,0
15:15:32,474.39,0.0,0.0,0,0.0,0.0,0,0.0,0.0,0
15:15:33,475.11,0.0,0.0,0,0.0,0.0,0,0.0,0.0,0
15:15:34,475.85,0.0,0.0,0,0.0,0.0,0,0.0,0.0,0
15:15:34,476.59,0.0,0.0,0,0.0,0.0,0,0.0,0.0,0
15:15:35,477.31,0.0,0.0,0,0.0,0.0,0,0.0,0.0,0
15:15:36,478.05,0.0,0.0,0,0.0,0.0,0,0.0,0.0,0
15:15:37,478.78,0.0,0.0,0,0.0,0.0,0,0.0,0.0,0
15:15:37,479.5,0.0,0.0,0,0.0,0.0,0,0.0,0.0,0
15:15:38,480.23,0.0,0.0,0,0.0,0.0,0,0.0,0.0,0
15:15:39,480.95,0.0,0.0,0,0.0,0.0,0,0.0,0.0,0
15:15:40,481.68,0.0,0.0,0,0.0,0.0,0,0.0,0.0,0
15:15:40,482.41,0.0,0.0,0,0.0,0.0,0,0.0,0.0,0
15:15:41,483.13,0.0,0.0,0,0.0,0.0,0,0.0,0.0,0
15:15:42,483.86,0.0,0.0,0,0.0,0.0,0,0.0,0.0,0
15:15:42,484.62,0.0,0.0,0,0.0,0.0,0,0.0,0.0,0
15:15:43,485.34,0.0,0.0,0,0.0,0.0,0,0.0,0.0,0
15:15:44,486.06,0.0,0.0,0,0.0,0.0,0,0.0,0.0,0
15:15:45,486.79,0.0,0.0,0,0.0,0.0,0,0.0,0.0,0
15:15:45,487.53,0.0,0.0,0,0.0,0.0,0,0.0,0.0,0
15:15:46,488.26,0.0,0.0,0,0.0,0.0,0,0.0,0.0,0
15:15:47,488.98,0.0,0.0,0,0.0,0.0,0,0.0,0.0,0
15:15:48,489.71,0.0,0.0,0,0.0,0.0,0,0.0,0.0,0
15:15:48,490.45,0.0,0.0,0,0.0,0.0,0,0.0,0.0,0
15:15:49,491.21,0.0,0.0,0,0.0,0.0,0,0.0,0.0,0
15:15:50,491.94,0.0,0.0,0,0.0,0.0,0,0.0,0.0,0
15:15:51,492.67,0.0,0.0,0,0.0,0.0,0,0.0,0.0,0
15:15:51,493.42,0.0,0.0,0,0.0,0.0,0,0.0,0.0,0
15:15:52,494.14,0.0,0.0,0,0.0,0.0,0,0.0,0.0,0
15:15:53,494.87,0.0,0.0,0,0.0,0.0,0,0.0,0.0,0
15:15:53,495.59,0.0,0.0,0,0.0,0.0,0,0.0,0.0,0
15:15:54,496.32,0.0,0.0,0,0.0,0.0,0,0.0,0.0,0
15:15:55,497.05,0.0,0.0,0,0.0,0.0,0,0.0,0.0,0
15:15:56,497.78,0.0,0.0,0,0.0,0.0,0,0.0,0.0,0
15:15:56,498.51,0.0,0.0,0,0.0,0.0,0,0.0,0.0,0
15:15:57,499.24,0.0,0.0,0,0.0,0.0,0,0.0,0.0,0
15:15:58,499.97,0.0,0.0,0,0.0,0.0,0,0.0,0.0,0
15:15:59,500.71,0.0,0.0,0,0.0,0.0,0,0.0,0.0,0
15:15:59,501.44,0.0,0.0,0,0.0,0.0,0,0.0,0.0,0
15:16:00,502.18,0.0,0.0,0,0.0,0.0,0,0.0,0.0,0
15:16:01,502.9,0.0,0.0,0,0.0,0.0,0,0.0,0.0,0
15:16:01,503.63,0.0,0.0,0,0.0,0.0,0,0.0,0.0,0
15:16:02,504.36,0.0,0.0,0,0.0,0.0,0,0.0,0.0,0
15:16:03,505.08,0.0,0.0,0,0.0,0.0,0,0.0,0.0,0
15:16:04,505.81,0.0,0.0,0,0.0,0.0,0,0.0,0.0,0
15:16:04,506.55,0.0,0.0,0,0.0,0.0,0,0.0,0.0,0
15:16:05,507.28,0.0,0.0,0,0.0,0.0,0,0.0,0.0,0
15:16:06,508.01,0.0,0.0,0,0.0,0.0,0,0.0,0.0,0
15:16:07,508.74,0.0,0.0,0,0.0,0.0,0,0.0,0.0,0
15:16:07,509.46,0.0,0.0,0,0.0,0.0,0,0.0,0.0,0
15:16:08,510.2,0.0,0.0,0,0.0,0.0,0,0.0,0.0,0
15:16:09,510.92,0.0,0.0,0,0.0,0.0,0,0.0,0.0,0
15:16:10,511.67,0.0,0.0,0,0.0,0.0,0,0.0,0.0,0
15:16:10,512.4,0.0,0.0,0,0.0,0.0,0,0.0,0.0,0
15:16:11,513.12,0.0,0.0,0,0.0,0.0,0,0.0,0.0,0
15:16:12,513.84,0.0,0.0,0,0.0,0.0,0,0.0,0.0,0
15:16:12,514.59,0.0,0.0,0,0.0,0.0,0,0.0,0.0,0
15:16:13,515.32,0.0,0.0,0,0.0,0.0,0,0.0,0.0,0
15:16:14,516.03,0.0,0.0,0,0.0,0.0,0,0.0,0.0,0
15:16:15,516.78,0.0,0.0,0,0.0,0.0,0,0.0,0.0,0
15:16:15,517.52,0.0,0.0,0,0.0,0.0,0,0.0,0.0,0
15:16:16,518.24,0.0,0.0,0,0.0,0.0,0,0.0,0.0,0
15:16:17,518.99,0.0,0.0,0,0.0,0.0,0,0.0,0.0,0
15:16:18,519.72,0.0,0.0,0,0.0,0.0,0,0.0,0.0,0
15:16:18,520.45,0.0,0.0,0,0.0,0.0,0,0.0,0.0,0
15:16:19,521.19,0.0,0.0,0,0.0,0.0,0,0.0,0.0,0
15:16:20,521.92,0.0,0.0,0,0.0,0.0,0,0.0,0.0,0
15:16:21,522.71,0.0,0.0,0,0.0,0.0,0,0.0,0.0,0
15:16:21,523.46,0.0,0.0,0,0.0,0.0,0,0.0,0.0,0
15:16:22,524.18,0.0,0.0,0,0.0,0.0,0,0.0,0.0,0
15:16:23,524.9,0.0,0.0,0,0.0,0.0,0,0.0,0.0,0
15:16:24,525.63,0.0,0.0,0,0.0,0.0,0,0.0,0.0,0
15:16:24,526.36,0.0,0.0,0,0.0,0.0,0,0.0,0.0,0
15:16:25,527.1,0.0,0.0,0,0.0,0.0,0,0.0,0.0,0
15:16:26,527.85,0.0,0.0,0,0.0,0.0,0,0.0,0.0,0
15:16:26,528.58,0.0,0.0,0,0.0,0.0,0,0.0,0.0,0
15:16:27,529.33,0.0,0.0,0,0.0,0.0,0,0.0,0.0,0
15:16:28,530.08,0.0,0.0,0,0.0,0.0,0,0.0,0.0,0
15:16:29,530.87,0.0,0.0,0,0.0,0.0,0,0.0,0.0,0
15:16:29,531.6,0.0,0.0,0,0.0,0.0,0,0.0,0.0,0
15:16:30,532.34,0.0,0.0,0,0.0,0.0,0,0.0,0.0,0
15:16:31,533.07,0.0,0.0,0,0.0,0.0,0,0.0,0.0,0
15:16:32,533.79,0.0,0.0,0,0.0,0.0,0,0.0,0.0,0
15:16:32,534.53,0.0,0.0,0,0.0,0.0,0,0.0,0.0,0
15:16:33,535.27,0.0,0.0,0,0.0,0.0,0,0.0,0.0,0
15:16:34,536.0,0.0,0.0,0,0.0,0.0,0,0.0,0.0,0
15:16:35,536.72,0.0,0.0,0,0.0,0.0,0,0.0,0.0,0
15:16:35,537.46,0.0,0.0,0,0.0,0.0,0,0.0,0.0,0
15:16:36,538.21,0.0,0.0,0,0.0,0.0,0,0.0,0.0,0
15:16:37,538.93,0.0,0.0,0,0.0,0.0,0,0.0,0.0,0
15:16:38,539.68,0.0,0.0,0,0.0,0.0,0,0.0,0.0,0
15:16:38,540.41,0.0,0.0,0,0.0,0.0,0,0.0,0.0,0
15:16:39,541.15,0.0,0.0,0,0.0,0.0,0,0.0,0.0,0
15:16:40,541.87,0.0,0.0,0,0.0,0.0,0,0.0,0.0,0
15:16:40,542.6,0.0,0.0,0,0.0,0.0,0,0.0,0.0,0
15:16:41,543.33,0.0,0.0,0,0.0,0.0,0,0.0,0.0,0
15:16:42,544.08,0.0,0.0,0,0.0,0.0,0,0.0,0.0,0
15:16:43,544.79,0.0,0.0,0,0.0,0.0,0,0.0,0.0,0
15:16:43,545.53,0.0,0.0,0,0.0,0.0,0,0.0,0.0,0
15:16:44,546.27,0.0,0.0,0,0.0,0.0,0,0.0,0.0,0
15:16:45,546.99,0.0,0.0,0,0.0,0.0,0,0.0,0.0,0
15:16:46,547.72,0.0,0.0,0,0.0,0.0,0,0.0,0.0,0
15:16:46,548.48,0.0,0.0,0,0.0,0.0,0,0.0,0.0,0
15:16:47,549.23,0.0,0.0,0,0.0,0.0,0,0.0,0.0,0
15:16:48,550.0,0.0,0.0,0,0.0,0.0,0,0.0,0.0,0
15:16:49,550.77,0.0,0.0,0,0.0,0.0,0,0.0,0.0,0
15:16:49,551.52,0.0,0.0,0,0.0,0.0,0,0.0,0.0,0
15:16:50,552.27,0.0,0.0,0,0.0,0.0,0,0.0,0.0,0
15:16:51,553.03,0.0,0.0,0,0.0,0.0,0,0.0,0.0,0
15:16:52,553.79,0.0,0.0,0,0.0,0.0,0,0.0,0.0,0
15:16:52,554.54,0.0,0.0,0,0.0,0.0,0,0.0,0.0,0
15:16:53,555.28,0.0,0.0,0,0.0,0.0,0,0.0,0.0,0
15:16:54,556.03,0.0,0.0,0,0.0,0.0,0,0.0,0.0,0
15:16:54,556.38,0.0,0.0,0,0.0,0.0,0,1.0,0.0,0
15:16:55,557.11,0.0,0.0,0,0.0,0.0,0,1.0,0.0,0
15:16:56,557.87,0.0,0.0,0,0.0,0.0,0,1.0,0.0,0
15:16:56,558.63,0.0,0.0,0,0.0,0.0,0,1.0,0.0,0
15:16:57,559.38,0.0,0.0,0,0.0,0.0,0,1.0,0.0,0
15:16:58,560.13,0.0,0.0,0,0.0,0.0,0,1.0,0.0,0
15:16:59,560.89,0.0,0.0,0,0.0,0.0,0,1.0,0.0,0
15:16:59,561.61,0.0,0.0,0,0.0,0.0,0,1.0,0.0,1
15:17:00,562.37,0.0,0.0,0,0.0,0.0,0,1.0,0.0,1
15:17:01,563.14,0.0,0.0,0,0.0,0.0,0,66.0,0.20000000298023224,1
15:17:02,563.9,0.0,0.0,0,0.0,0.0,0,99.0,0.20000000298023224,1
15:17:03,564.65,0.0,0.0,0,0.0,0.0,0,101.0,0.20000000298023224,1
15:17:03,565.38,0.0,0.0,0,0.0,0.0,0,101.0,0.20000000298023224,1
15:17:04,566.12,0.0,0.0,0,0.0,0.0,0,101.0,0.20000000298023224,1
15:17:05,566.88,0.0,0.0,0,0.0,0.0,0,102.0,0.20000000298023224,1
15:17:05,567.61,0.0,0.0,0,0.0,0.0,0,102.0,0.20000000298023224,1
15:17:06,568.35,0.0,0.0,0,0.0,0.0,0,102.0,0.20000000298023224,1
15:17:07,569.08,0.0,0.0,0,0.0,0.0,0,104.0,0.20000000298023224,1
15:17:08,569.83,0.0,0.0,0,0.0,0.0,0,103.0,0.20000000298023224,1
15:17:08,570.56,0.0,0.0,0,0.0,0.0,0,103.0,0.20000000298023224,1
15:17:09,571.29,0.0,0.0,0,0.0,0.0,0,103.0,0.20000000298023224,1
15:17:10,572.02,0.0,0.0,0,0.0,0.0,0,102.0,0.20000000298023224,1
15:17:11,572.78,0.0,0.0,0,0.0,0.0,0,102.0,0.20000000298023224,1
15:17:11,573.51,0.0,0.0,0,0.0,0.0,0,102.0,0.20000000298023224,1
15:17:12,574.24,0.0,0.0,0,0.0,0.0,0,102.0,0.20000000298023224,1
15:17:13,574.97,0.0,0.0,0,0.0,0.0,0,103.0,0.20000000298023224,1
15:17:14,575.71,0.0,0.0,0,0.0,0.0,0,103.0,0.20000000298023224,1
15:17:14,576.44,0.0,0.0,0,0.0,0.0,0,103.0,0.20000000298023224,1
15:17:15,577.17,0.0,0.0,0,0.0,0.0,0,102.0,0.20000000298023224,1
15:17:16,577.89,0.0,0.0,0,0.0,0.0,0,101.0,0.20000000298023224,1
15:17:16,578.63,0.0,0.0,0,0.0,0.0,0,101.0,0.20000000298023224,1
15:17:17,579.37,0.0,0.0,0,0.0,0.0,0,101.0,0.20000000298023224,1
15:17:18,580.09,0.0,0.0,0,0.0,0.0,0,103.0,0.20000000298023224,1
15:17:19,580.84,0.0,0.0,0,0.0,0.0,0,102.0,0.20000000298023224,1
15:17:19,581.58,0.0,0.0,0,0.0,0.0,0,103.0,0.30000001192092896,1
15:17:20,582.3,0.0,0.0,0,0.0,0.0,0,102.0,0.30000001192092896,1
15:17:21,583.03,0.0,0.0,0,0.0,0.0,0,103.0,0.30000001192092896,1
15:17:22,583.75,0.0,0.0,0,0.0,0.0,0,103.0,0.30000001192092896,1
15:17:22,584.49,0.0,0.0,0,0.0,0.0,0,103.0,0.30000001192092896,1
15:17:23,585.22,0.0,0.0,0,0.0,0.0,0,103.0,0.30000001192092896,1
15:17:24,585.94,0.0,0.0,0,0.0,0.0,0,103.0,0.30000001192092896,1
15:17:25,586.66,0.0,0.0,0,0.0,0.0,0,103.0,0.30000001192092896,1
15:17:25,587.4,0.0,0.0,0,0.0,0.0,0,103.0,0.30000001192092896,1
15:17:26,588.12,0.0,0.0,0,0.0,0.0,0,103.0,0.30000001192092896,1
15:17:27,588.84,0.0,0.0,0,0.0,0.0,0,103.0,0.30000001192092896,1
15:17:27,589.58,0.0,0.0,0,0.0,0.0,0,102.0,0.30000001192092896,1
15:17:28,590.31,0.0,0.0,0,0.0,0.0,0,102.0,0.30000001192092896,1
15:17:29,591.03,0.0,0.0,0,0.0,0.0,0,102.0,0.30000001192092896,1
15:17:30,591.76,0.0,0.0,0,0.0,0.0,0,102.0,0.30000001192092896,1
15:17:30,592.48,0.0,0.0,0,0.0,0.0,0,103.0,0.30000001192092896,1
15:17:31,593.21,0.0,0.0,0,0.0,0.0,0,103.0,0.30000001192092896,1
15:17:32,593.95,0.0,0.0,0,0.0,0.0,0,102.0,0.30000001192092896,1
15:17:33,594.68,0.0,0.0,0,0.0,0.0,0,102.0,0.30000001192092896,1
15:17:33,595.42,0.0,0.0,0,0.0,0.0,0,102.0,0.30000001192092896,1
15:17:34,596.15,0.0,0.0,0,0.0,0.0,0,102.0,0.30000001192092896,1
15:17:35,596.88,0.0,0.0,0,0.0,0.0,0,102.0,0.30000001192092896,1
15:17:36,597.68,0.0,0.0,0,0.0,0.0,0,102.0,0.30000001192092896,1
15:17:36,598.4,0.0,0.0,0,0.0,0.0,0,102.0,0.30000001192092896,1
15:17:37,599.12,0.0,0.0,0,0.0,0.0,0,102.0,0.30000001192092896,1
15:17:38,599.85,0.0,0.0,0,0.0,0.0,0,102.0,0.20000000298023224,1
15:17:38,600.59,0.0,0.0,0,0.0,0.0,0,103.0,0.20000000298023224,1
15:17:39,601.32,0.0,0.0,0,0.0,0.0,0,103.0,0.20000000298023224,1
15:17:40,602.03,0.0,0.0,0,0.0,0.0,0,103.0,0.20000000298023224,1
15:17:41,602.75,0.0,0.0,0,0.0,0.0,0,103.0,0.20000000298023224,1
15:17:41,603.5,0.0,0.0,0,0.0,0.0,0,102.0,0.20000000298023224,1
15:17:42,604.24,0.0,0.0,0,0.0,0.0,0,102.0,0.20000000298023224,1
15:17:43,604.96,0.0,0.0,0,0.0,0.0,0,102.0,0.20000000298023224,1
15:17:44,605.7,0.0,0.0,0,0.0,0.0,0,103.0,0.20000000298023224,1
15:17:44,606.42,0.0,0.0,0,0.0,0.0,0,103.0,0.20000000298023224,1
15:17:45,607.14,0.0,0.0,0,0.0,0.0,0,103.0,0.20000000298023224,1
15:17:46,607.87,0.0,0.0,0,0.0,0.0,0,102.0,0.20000000298023224,1
15:17:46,608.61,0.0,0.0,0,0.0,0.0,0,102.0,0.20000000298023224,1
15:17:47,609.34,0.0,0.0,0,0.0,0.0,0,102.0,0.20000000298023224,1
15:17:48,610.06,0.0,0.0,0,0.0,0.0,0,102.0,0.20000000298023224,1
15:17:49,610.79,0.0,0.0,0,0.0,0.0,0,102.0,0.20000000298023224,1
15:17:49,611.52,0.0,0.0,0,0.0,0.0,0,102.0,0.20000000298023224,1
15:17:50,612.26,0.0,0.0,0,0.0,0.0,0,102.0,0.20000000298023224,1
15:17:51,612.98,0.0,0.0,0,0.0,0.0,0,102.0,0.20000000298023224,1
15:17:52,613.71,0.0,0.0,0,0.0,0.0,0,102.0,0.20000000298023224,1
15:17:52,614.43,0.0,0.0,0,0.0,0.0,0,102.0,0.20000000298023224,1
15:17:53,615.17,0.0,0.0,0,0.0,0.0,0,102.0,0.20000000298023224,1
15:17:54,615.89,0.0,0.0,0,0.0,0.0,0,102.0,0.20000000298023224,1
15:17:54,616.63,0.0,0.0,0,0.0,0.0,0,102.0,0.20000000298023224,1
15:17:55,617.38,0.0,0.0,0,0.0,0.0,0,102.0,0.20000000298023224,1
15:17:56,618.1,0.0,0.0,0,0.0,0.0,0,102.0,0.20000000298023224,1
15:17:57,618.83,0.0,0.0,0,0.0,0.0,0,103.0,0.20000000298023224,1
15:17:57,619.58,0.0,0.0,0,0.0,0.0,0,103.0,0.20000000298023224,1
15:17:58,620.31,0.0,0.0,0,0.0,0.0,0,103.0,0.20000000298023224,1
15:17:59,621.03,0.0,0.0,0,0.0,0.0,0,102.0,0.20000000298023224,1
15:18:00,621.76,0.0,0.0,0,0.0,0.0,0,102.0,0.20000000298023224,1
15:18:00,622.48,0.0,0.0,0,0.0,0.0,0,102.0,0.20000000298023224,1
15:18:01,623.23,0.0,0.0,0,0.0,0.0,0,102.0,0.20000000298023224,1
15:18:02,623.95,0.0,0.0,0,0.0,0.0,0,102.0,0.20000000298023224,1
15:18:03,624.66,0.0,0.0,0,0.0,0.0,0,102.0,0.20000000298023224,1
15:18:03,625.39,0.0,0.0,0,0.0,0.0,0,102.0,0.20000000298023224,1
15:18:04,626.11,0.0,0.0,0,0.0,0.0,0,102.0,0.20000000298023224,1
15:18:05,626.83,0.0,0.0,0,0.0,0.0,0,102.0,0.20000000298023224,1
15:18:05,627.56,0.0,0.0,0,0.0,0.0,0,103.0,0.20000000298023224,1
15:18:06,628.29,0.0,0.0,0,0.0,0.0,0,102.0,0.20000000298023224,1
15:18:07,629.01,0.0,0.0,0,0.0,0.0,0,102.0,0.20000000298023224,1
15:18:08,629.76,0.0,0.0,0,0.0,0.0,0,102.0,0.20000000298023224,1
15:18:08,630.5,0.0,0.0,0,0.0,0.0,0,102.0,0.20000000298023224,1
15:18:09,631.23,0.0,0.0,0,0.0,0.0,0,102.0,0.20000000298023224,1
15:18:10,631.97,0.0,0.0,0,0.0,0.0,0,102.0,0.20000000298023224,1
15:18:11,632.7,0.0,0.0,0,0.0,0.0,0,102.0,0.20000000298023224,1
15:18:11,633.44,0.0,0.0,0,0.0,0.0,0,102.0,0.20000000298023224,1
15:18:12,634.17,0.0,0.0,0,0.0,0.0,0,103.0,0.20000000298023224,1
15:18:13,634.89,0.0,0.0,0,0.0,0.0,0,103.0,0.20000000298023224,1
15:18:14,635.63,0.0,0.0,0,0.0,0.0,0,103.0,0.20000000298023224,1
15:18:14,636.35,0.0,0.0,0,0.0,0.0,0,103.0,0.20000000298023224,1
15:18:15,637.06,0.0,0.0,0,0.0,0.0,0,103.0,0.20000000298023224,1
15:18:16,637.79,0.0,0.0,0,0.0,0.0,0,102.0,0.20000000298023224,1
15:18:16,638.54,0.0,0.0,0,0.0,0.0,0,102.0,0.20000000298023224,1
15:18:17,639.27,0.0,0.0,0,0.0,0.0,0,102.0,0.20000000298023224,1
15:18:18,639.99,0.0,0.0,0,0.0,0.0,0,102.0,0.20000000298023224,1
15:18:19,640.72,0.0,0.0,0,0.0,0.0,0,102.0,0.20000000298023224,1
15:18:19,641.44,0.0,0.0,0,0.0,0.0,0,102.0,0.20000000298023224,1
15:18:20,642.17,0.0,0.0,0,0.0,0.0,0,102.0,0.20000000298023224,1
15:18:21,642.88,0.0,0.0,0,0.0,0.0,0,102.0,0.20000000298023224,1
15:18:21,643.62,0.0,0.0,0,0.0,0.0,0,102.0,0.20000000298023224,1
15:18:22,644.35,0.0,0.0,0,0.0,0.0,0,102.0,0.20000000298023224,1
15:18:23,645.07,0.0,0.0,0,0.0,0.0,0,102.0,0.20000000298023224,1
15:18:24,645.8,0.0,0.0,0,0.0,0.0,0,103.0,0.20000000298023224,1
15:18:24,646.55,0.0,0.0,0,0.0,0.0,0,103.0,0.20000000298023224,1
15:18:25,647.28,0.0,0.0,0,0.0,0.0,0,103.0,0.20000000298023224,1
15:18:26,648.03,0.0,0.0,0,0.0,0.0,0,103.0,0.20000000298023224,1
15:18:27,648.79,0.0,0.0,0,0.0,0.0,0,103.0,0.20000000298023224,1
15:18:27,649.52,0.0,0.0,0,0.0,0.0,0,102.0,0.20000000298023224,1
15:18:28,650.25,0.0,0.0,0,0.0,0.0,0,102.0,0.20000000298023224,1
15:18:29,650.97,0.0,0.0,0,0.0,0.0,0,102.0,0.20000000298023224,1
15:18:30,651.7,0.0,0.0,0,0.0,0.0,0,102.0,0.20000000298023224,1
15:18:30,652.42,0.0,0.0,0,0.0,0.0,0,102.0,0.20000000298023224,1
15:18:31,653.14,0.0,0.0,0,0.0,0.0,0,102.0,0.20000000298023224,1
15:18:32,653.87,0.0,0.0,0,0.0,0.0,0,102.0,0.20000000298023224,1
15:18:32,654.61,0.0,0.0,0,0.0,0.0,0,103.0,0.20000000298023224,1
15:18:33,655.34,0.0,0.0,0,0.0,0.0,0,103.0,0.20000000298023224,1
15:18:34,656.11,0.0,0.0,0,0.0,0.0,0,102.0,0.20000000298023224,1
15:18:35,656.83,0.0,0.0,0,0.0,0.0,0,103.0,0.20000000298023224,1
15:18:35,657.55,0.0,0.0,0,0.0,0.0,0,102.0,0.20000000298023224,1
15:18:36,658.28,0.0,0.0,0,0.0,0.0,0,102.0,0.20000000298023224,1
15:18:37,659.01,0.0,0.0,0,0.0,0.0,0,102.0,0.20000000298023224,1
15:18:38,659.76,0.0,0.0,0,0.0,0.0,0,102.0,0.20000000298023224,1
15:18:38,660.49,0.0,0.0,0,0.0,0.0,0,102.0,0.20000000298023224,1
15:18:39,661.23,0.0,0.0,0,0.0,0.0,0,102.0,0.20000000298023224,1
15:18:40,661.96,0.0,0.0,0,0.0,0.0,0,102.0,0.20000000298023224,1
15:18:41,662.75,0.0,0.0,0,0.0,0.0,0,102.0,0.20000000298023224,1
15:18:41,663.48,0.0,0.0,0,0.0,0.0,0,102.0,0.20000000298023224,1
15:18:42,664.21,0.0,0.0,0,0.0,0.0,0,103.0,0.20000000298023224,1
15:18:43,664.93,0.0,0.0,0,0.0,0.0,0,103.0,0.20000000298023224,1
15:18:44,665.69,0.0,0.0,0,0.0,0.0,0,103.0,0.20000000298023224,1
15:18:44,666.41,0.0,0.0,0,0.0,0.0,0,102.0,0.20000000298023224,1
15:18:45,667.15,0.0,0.0,0,0.0,0.0,0,102.0,0.20000000298023224,1
15:18:46,667.87,0.0,0.0,0,0.0,0.0,0,102.0,0.20000000298023224,1
15:18:46,668.6,0.0,0.0,0,0.0,0.0,0,102.0,0.20000000298023224,1
15:18:47,669.33,0.0,0.0,0,0.0,0.0,0,102.0,0.20000000298023224,1
15:18:48,670.06,0.0,0.0,0,0.0,0.0,0,103.0,0.20000000298023224,1
15:18:49,670.79,0.0,0.0,0,0.0,0.0,0,102.0,0.20000000298023224,1
15:18:49,671.52,0.0,0.0,0,0.0,0.0,0,102.0,0.20000000298023224,1
15:18:50,672.25,0.0,0.0,0,0.0,0.0,0,102.0,0.20000000298023224,1
15:18:51,672.98,0.0,0.0,0,0.0,0.0,0,102.0,0.20000000298023224,1
15:18:52,673.71,0.0,0.0,0,0.0,0.0,0,102.0,0.20000000298023224,1
15:18:52,674.44,0.0,0.0,0,0.0,0.0,0,102.0,0.20000000298023224,1
15:18:53,675.18,0.0,0.0,0,0.0,0.0,0,102.0,0.20000000298023224,1
15:18:54,675.9,0.0,0.0,0,0.0,0.0,0,102.0,0.20000000298023224,1
15:18:55,676.65,0.0,0.0,0,0.0,0.0,0,102.0,0.20000000298023224,1
15:18:55,677.39,0.0,0.0,0,0.0,0.0,0,102.0,0.20000000298023224,1
15:18:56,678.12,0.0,0.0,0,0.0,0.0,0,102.0,0.20000000298023224,1
15:18:57,678.85,0.0,0.0,0,0.0,0.0,0,102.0,0.20000000298023224,1
15:18:57,679.57,0.0,0.0,0,0.0,0.0,0,102.0,0.20000000298023224,1
15:18:58,680.3,0.0,0.0,0,0.0,0.0,0,102.0,0.20000000298023224,1
15:18:59,681.04,0.0,0.0,0,0.0,0.0,0,102.0,0.20000000298023224,1
15:19:00,681.78,0.0,0.0,0,0.0,0.0,0,103.0,0.20000000298023224,1
15:19:00,682.52,0.0,0.0,0,0.0,0.0,0,102.0,0.20000000298023224,1
15:19:01,683.26,0.0,0.0,0,0.0,0.0,0,102.0,0.20000000298023224,1
15:19:02,683.99,0.0,0.0,0,0.0,0.0,0,103.0,0.20000000298023224,1
15:19:03,684.72,0.0,0.0,0,0.0,0.0,0,102.0,0.20000000298023224,1
15:19:03,685.45,0.0,0.0,0,0.0,0.0,0,102.0,0.20000000298023224,1
15:19:04,686.17,0.0,0.0,0,0.0,0.0,0,103.0,0.20000000298023224,1
15:19:05,686.89,0.0,0.0,0,0.0,0.0,0,103.0,0.20000000298023224,1
15:19:06,687.64,0.0,0.0,0,0.0,0.0,0,102.0,0.20000000298023224,1
15:19:06,688.37,0.0,0.0,0,0.0,0.0,0,103.0,0.30000001192092896,1
15:19:07,689.09,0.0,0.0,0,0.0,0.0,0,103.0,0.30000001192092896,1
15:19:08,689.83,0.0,0.0,0,0.0,0.0,0,103.0,0.30000001192092896,1
15:19:08,690.55,0.0,0.0,0,0.0,0.0,0,103.0,0.30000001192092896,1
15:19:09,691.29,0.0,0.0,0,0.0,0.0,0,102.0,0.30000001192092896,1
15:19:10,692.05,0.0,0.0,0,0.0,0.0,0,102.0,0.30000001192092896,1
15:19:11,692.77,0.0,0.0,0,0.0,0.0,0,102.0,0.30000001192092896,1
15:19:11,693.54,0.0,0.0,0,0.0,0.0,0,103.0,0.30000001192092896,1
15:19:12,694.29,0.0,0.0,0,0.0,0.0,0,103.0,0.30000001192092896,1
15:19:13,695.04,0.0,0.0,0,0.0,0.0,0,103.0,0.30000001192092896,1
15:19:14,695.77,0.0,0.0,0,0.0,0.0,0,103.0,0.30000001192092896,1
15:19:14,696.5,0.0,0.0,0,0.0,0.0,0,103.0,0.30000001192092896,1
15:19:15,697.23,0.0,0.0,0,0.0,0.0,0,103.0,0.30000001192092896,1
15:19:16,697.95,0.0,0.0,0,0.0,0.0,0,103.0,0.30000001192092896,1
15:19:17,698.68,0.0,0.0,0,0.0,0.0,0,102.0,0.30000001192092896,1
15:19:17,699.4,0.0,0.0,0,0.0,0.0,0,103.0,0.30000001192092896,1
15:19:18,700.14,0.0,0.0,0,0.0,0.0,0,101.0,0.30000001192092896,1
15:19:19,700.87,0.0,0.0,0,0.0,0.0,0,102.0,0.30000001192092896,1
15:19:19,701.59,0.0,0.0,0,0.0,0.0,0,103.0,0.30000001192092896,1
15:19:20,702.31,0.0,0.0,0,0.0,0.0,0,102.0,0.30000001192092896,1
15:19:21,703.03,0.0,0.0,0,0.0,0.0,0,102.0,0.30000001192092896,1
15:19:22,703.77,0.0,0.0,0,0.0,0.0,0,102.0,0.30000001192092896,1
15:19:22,704.51,0.0,0.0,0,0.0,0.0,0,102.0,0.30000001192092896,1
15:19:23,705.24,0.0,0.0,0,0.0,0.0,0,102.0,0.30000001192092896,1
15:19:24,705.97,0.0,0.0,0,0.0,0.0,0,103.0,0.30000001192092896,1
15:19:25,706.69,0.0,0.0,0,0.0,0.0,0,103.0,0.30000001192092896,1
15:19:25,707.42,0.0,0.0,0,0.0,0.0,0,103.0,0.30000001192092896,1
15:19:26,708.14,0.0,0.0,0,0.0,0.0,0,103.0,0.30000001192092896,1
15:19:27,708.86,0.0,0.0,0,0.0,0.0,0,103.0,0.30000001192092896,1
15:19:27,709.6,0.0,0.0,0,0.0,0.0,0,103.0,0.30000001192092896,1
15:19:28,710.33,0.0,0.0,0,0.0,0.0,0,102.0,0.30000001192092896,1
15:19:29,711.05,0.0,0.0,0,0.0,0.0,0,102.0,0.30000001192092896,1
15:19:30,711.78,0.0,0.0,0,0.0,0.0,0,102.0,0.30000001192092896,1
15:19:30,712.51,0.0,0.0,0,0.0,0.0,0,102.0,0.30000001192092896,1
15:19:31,713.24,0.0,0.0,0,0.0,0.0,0,103.0,0.30000001192092896,1
15:19:32,713.97,0.0,0.0,0,0.0,0.0,0,102.0,0.30000001192092896,1
15:19:33,714.71,0.0,0.0,0,0.0,0.0,0,102.0,0.30000001192092896,1
15:19:33,715.43,0.0,0.0,0,0.0,0.0,0,102.0,0.30000001192092896,1
15:19:34,716.17,0.0,0.0,0,0.0,0.0,0,102.0,0.30000001192092896,1
15:19:35,716.89,0.0,0.0,0,0.0,0.0,0,102.0,0.30000001192092896,1
15:19:36,717.65,0.0,0.0,0,0.0,0.0,0,102.0,0.30000001192092896,1
15:19:36,718.4,0.0,0.0,0,0.0,0.0,0,102.0,0.30000001192092896,1
15:19:37,719.14,0.0,0.0,0,0.0,0.0,0,102.0,0.30000001192092896,1
15:19:38,719.87,0.0,0.0,0,0.0,0.0,0,102.0,0.30000001192092896,1
15:19:38,720.61,0.0,0.0,0,0.0,0.0,0,102.0,0.30000001192092896,1
15:19:39,721.35,0.0,0.0,0,0.0,0.0,0,102.0,0.30000001192092896,1
15:19:40,722.08,0.0,0.0,0,0.0,0.0,0,102.0,0.30000001192092896,1
15:19:41,722.84,0.0,0.0,0,0.0,0.0,0,102.0,0.30000001192092896,1
15:19:41,723.61,0.0,0.0,0,0.0,0.0,0,103.0,0.30000001192092896,1
15:19:42,724.34,0.0,0.0,0,0.0,0.0,0,103.0,0.30000001192092896,1
15:19:43,725.11,0.0,0.0,0,0.0,0.0,0,103.0,0.30000001192092896,1
15:19:44,725.86,0.0,0.0,0,0.0,0.0,0,103.0,0.30000001192092896,1
15:19:44,726.59,0.0,0.0,0,0.0,0.0,0,103.0,0.30000001192092896,1
15:19:45,727.31,0.0,0.0,0,0.0,0.0,0,103.0,0.30000001192092896,1
15:19:46,728.05,0.0,0.0,0,0.0,0.0,0,103.0,0.30000001192092896,1
15:19:47,728.78,0.0,0.0,0,0.0,0.0,0,103.0,0.30000001192092896,1
15:19:47,729.51,0.0,0.0,0,0.0,0.0,0,103.0,0.30000001192092896,1
15:19:48,730.25,0.0,0.0,0,0.0,0.0,0,103.0,0.30000001192092896,1
15:19:49,730.98,0.0,0.0,0,0.0,0.0,0,102.0,0.30000001192092896,1
15:19:50,731.7,0.0,0.0,0,0.0,0.0,0,103.0,0.30000001192092896,1
15:19:50,732.43,0.0,0.0,0,0.0,0.0,0,103.0,0.30000001192092896,1
15:19:51,733.15,0.0,0.0,0,0.0,0.0,0,103.0,0.30000001192092896,1
15:19:52,733.88,0.0,0.0,0,0.0,0.0,0,103.0,0.30000001192092896,1
15:19:52,734.61,0.0,0.0,0,0.0,0.0,0,103.0,0.30000001192092896,1
15:19:53,735.34,0.0,0.0,0,0.0,0.0,0,103.0,0.30000001192092896,1
15:19:54,736.06,0.0,0.0,0,0.0,0.0,0,103.0,0.30000001192092896,1
15:19:55,736.8,0.0,0.0,0,0.0,0.0,0,102.0,0.30000001192092896,1
15:19:55,737.55,0.0,0.0,0,0.0,0.0,0,103.0,0.30000001192092896,1
15:19:56,738.28,0.0,0.0,0,0.0,0.0,0,103.0,0.30000001192092896,1
15:19:57,739.0,0.0,0.0,0,0.0,0.0,0,102.0,0.30000001192092896,1
15:19:58,739.74,0.0,0.0,0,0.0,0.0,0,103.0,0.30000001192092896,1
15:19:58,740.5,0.0,0.0,0,0.0,0.0,0,102.0,0.30000001192092896,1
15:19:59,741.24,0.0,0.0,0,0.0,0.0,0,102.0,0.30000001192092896,1
15:20:00,741.97,0.0,0.0,0,0.0,0.0,0,103.0,0.30000001192092896,1
15:20:01,742.7,0.0,0.0,0,0.0,0.0,0,103.0,0.30000001192092896,1
15:20:01,743.43,0.0,0.0,0,0.0,0.0,0,103.0,0.30000001192092896,1
15:20:02,744.14,0.0,0.0,0,0.0,0.0,0,102.0,0.30000001192092896,1
15:20:03,744.87,0.0,0.0,0,0.0,0.0,0,103.0,0.30000001192092896,1
15:20:03,745.62,0.0,0.0,0,0.0,0.0,0,103.0,0.30000001192092896,1
15:20:04,746.36,0.0,0.0,0,0.0,0.0,0,103.0,0.30000001192092896,1
15:20:05,747.1,0.0,0.0,0,0.0,0.0,0,102.0,0.30000001192092896,1
15:20:06,747.83,0.0,0.0,0,0.0,0.0,0,102.0,0.30000001192092896,1
15:20:06,748.57,0.0,0.0,0,0.0,0.0,0,102.0,0.30000001192092896,1
15:20:07,749.31,0.0,0.0,0,0.0,0.0,0,102.0,0.30000001192092896,1
15:20:08,750.04,0.0,0.0,0,0.0,0.0,0,102.0,0.30000001192092896,1
15:20:09,750.79,0.0,0.0,0,0.0,0.0,0,103.0,0.30000001192092896,1
15:20:09,751.51,0.0,0.0,0,0.0,0.0,0,103.0,0.30000001192092896,1
15:20:10,752.24,0.0,0.0,0,0.0,0.0,0,102.0,0.30000001192092896,1
15:20:11,752.97,0.0,0.0,0,0.0,0.0,0,102.0,0.30000001192092896,1
15:20:12,753.7,0.0,0.0,0,0.0,0.0,0,102.0,0.30000001192092896,1
15:20:12,754.42,0.0,0.0,0,0.0,0.0,0,102.0,0.30000001192092896,1
15:20:13,755.16,0.0,0.0,0,0.0,0.0,0,103.0,0.30000001192092896,1
15:20:14,755.89,0.0,0.0,0,0.0,0.0,0,103.0,0.30000001192092896,1
15:20:14,756.61,0.0,0.0,0,0.0,0.0,0,102.0,0.30000001192092896,1
15:20:15,757.34,0.0,0.0,0,0.0,0.0,0,102.0,0.30000001192092896,1
15:20:16,758.06,0.0,0.0,0,0.0,0.0,0,102.0,0.30000001192092896,1
15:20:17,758.78,0.0,0.0,0,0.0,0.0,0,102.0,0.30000001192092896,1
15:20:17,759.51,0.0,0.0,0,0.0,0.0,0,102.0,0.30000001192092896,1
15:20:18,760.24,0.0,0.0,0,0.0,0.0,0,102.0,0.30000001192092896,1
15:20:19,760.97,0.0,0.0,0,0.0,0.0,0,102.0,0.30000001192092896,1
15:20:20,761.69,0.0,0.0,0,0.0,0.0,0,102.0,0.30000001192092896,1
15:20:20,762.43,0.0,0.0,0,0.0,0.0,0,102.0,0.30000001192092896,1
15:20:21,763.15,0.0,0.0,0,0.0,0.0,0,102.0,0.30000001192092896,1
15:20:22,763.88,0.0,0.0,0,0.0,0.0,0,102.0,0.30000001192092896,1
15:20:22,764.61,0.0,0.0,0,0.0,0.0,0,102.0,0.30000001192092896,1
15:20:23,765.34,0.0,0.0,0,0.0,0.0,0,102.0,0.30000001192092896,1
15:20:24,766.07,0.0,0.0,0,0.0,0.0,0,101.0,0.30000001192092896,1
15:20:25,766.8,0.0,0.0,0,0.0,0.0,0,101.0,0.30000001192092896,1
15:20:25,767.53,0.0,0.0,0,0.0,0.0,0,101.0,0.30000001192092896,1
15:20:26,768.26,0.0,0.0,0,0.0,0.0,0,102.0,0.30000001192092896,1
15:20:27,768.98,0.0,0.0,0,0.0,0.0,0,102.0,0.30000001192092896,1
15:20:28,769.71,0.0,0.0,0,0.0,0.0,0,102.0,0.30000001192092896,1
15:20:28,770.44,0.0,0.0,0,0.0,0.0,0,102.0,0.30000001192092896,1
15:20:29,771.16,0.0,0.0,0,0.0,0.0,0,102.0,0.30000001192092896,1
15:20:30,771.9,0.0,0.0,0,0.0,0.0,0,102.0,0.30000001192092896,1
15:20:30,772.63,0.0,0.0,0,0.0,0.0,0,118.0,0.30000001192092896,1
15:20:31,773.36,0.0,0.0,0,0.0,0.0,0,171.0,0.5,1
15:20:32,774.09,0.0,0.0,0,0.0,0.0,0,234.0,0.4000000059604645,1
15:20:33,774.82,0.0,0.0,0,0.0,0.0,0,248.0,0.6000000238418579,1
15:20:33,775.55,0.0,0.0,0,0.0,0.0,0,252.0,0.6000000238418579,1
15:20:34,776.28,0.0,0.0,0,0.0,0.0,0,252.0,0.6000000238418579,1
15:20:35,777.01,0.0,0.0,0,0.0,0.0,0,253.0,0.6000000238418579,1
15:20:36,777.75,0.0,0.0,0,0.0,0.0,0,250.0,0.6000000238418579,1
15:20:36,778.47,0.0,0.0,0,0.0,0.0,0,251.0,0.6000000238418579,1
15:20:37,779.2,0.0,0.0,0,0.0,0.0,0,250.0,0.6000000238418579,1
15:20:38,779.92,0.0,0.0,0,0.0,0.0,0,251.0,0.6000000238418579,1
15:20:39,780.66,0.0,0.0,0,0.0,0.0,0,251.0,0.6000000238418579,1
15:20:39,781.43,0.0,0.0,0,0.0,0.0,0,252.0,0.6000000238418579,1
15:20:40,782.19,0.0,0.0,0,0.0,0.0,0,251.0,0.6000000238418579,1
15:20:41,782.93,0.0,0.0,0,0.0,0.0,0,250.0,0.6000000238418579,1
15:20:42,783.67,0.0,0.0,0,0.0,0.0,0,252.0,0.6000000238418579,1
15:20:42,784.39,0.0,0.0,0,0.0,0.0,0,252.0,0.6000000238418579,1
15:20:43,785.12,0.0,0.0,0,0.0,0.0,0,251.0,0.6000000238418579,1
15:20:44,785.84,0.0,0.0,0,0.0,0.0,0,251.0,0.6000000238418579,1
15:20:44,786.57,0.0,0.0,0,0.0,0.0,0,251.0,0.6000000238418579,1
15:20:45,787.31,0.0,0.0,0,0.0,0.0,0,251.0,0.6000000238418579,1
15:20:46,788.07,0.0,0.0,0,0.0,0.0,0,251.0,0.5,1
15:20:47,788.81,0.0,0.0,0,0.0,0.0,0,252.0,0.5,1
15:20:47,789.53,0.0,0.0,0,0.0,0.0,0,252.0,0.6000000238418579,1
15:20:48,790.26,0.0,0.0,0,0.0,0.0,0,252.0,0.6000000238418579,1
15:20:49,791.02,0.0,0.0,0,0.0,0.0,0,251.0,0.6000000238418579,1
15:20:50,791.79,0.0,0.0,0,0.0,0.0,0,251.0,0.6000000238418579,1
15:20:50,792.51,0.0,0.0,0,0.0,0.0,0,252.0,0.6000000238418579,1
15:20:51,793.24,0.0,0.0,0,0.0,0.0,0,252.0,0.6000000238418579,1
15:20:52,793.98,0.0,0.0,0,0.0,0.0,0,252.0,0.6000000238418579,1
15:20:53,794.72,0.0,0.0,0,0.0,0.0,0,252.0,0.6000000238418579,1
15:20:53,795.47,0.0,0.0,0,0.0,0.0,0,252.0,0.6000000238418579,1
15:20:54,796.2,0.0,0.0,0,0.0,0.0,0,251.0,0.6000000238418579,1
15:20:55,796.92,0.0,0.0,0,0.0,0.0,0,253.0,0.6000000238418579,1
15:20:56,797.66,0.0,0.0,0,0.0,0.0,0,252.0,0.6000000238418579,1
15:20:56,798.38,0.0,0.0,0,0.0,0.0,0,252.0,0.6000000238418579,1
15:20:57,799.13,0.0,0.0,0,0.0,0.0,0,252.0,0.6000000238418579,1
15:20:58,799.85,0.0,0.0,0,0.0,0.0,0,252.0,0.6000000238418579,1
15:20:58,800.59,0.0,0.0,0,0.0,0.0,0,252.0,0.6000000238418579,1
15:20:59,801.32,0.0,0.0,0,0.0,0.0,0,252.0,0.6000000238418579,1
15:21:00,802.07,0.0,0.0,0,0.0,0.0,0,253.0,0.6000000238418579,1
15:21:01,802.79,0.0,0.0,0,0.0,0.0,0,252.0,0.6000000238418579,1
15:21:01,803.52,0.0,0.0,0,0.0,0.0,0,252.0,0.6000000238418579,1
15:21:02,804.26,0.0,0.0,0,0.0,0.0,0,252.0,0.6000000238418579,1
15:21:03,805.0,0.0,0.0,0,0.0,0.0,0,253.0,0.6000000238418579,1
15:21:04,805.76,0.0,0.0,0,0.0,0.0,0,252.0,0.6000000238418579,1
15:21:04,806.49,0.0,0.0,0,0.0,0.0,0,252.0,0.6000000238418579,1
15:21:05,807.21,0.0,0.0,0,0.0,0.0,0,253.0,0.6000000238418579,1
15:21:06,807.94,0.0,0.0,0,0.0,0.0,0,252.0,0.6000000238418579,1
15:21:07,808.66,0.0,0.0,0,0.0,0.0,0,252.0,0.6000000238418579,1
15:21:07,809.39,0.0,0.0,0,0.0,0.0,0,252.0,0.6000000238418579,1
15:21:08,810.11,0.0,0.0,0,0.0,0.0,0,252.0,0.6000000238418579,1
15:21:09,810.84,0.0,0.0,0,0.0,0.0,0,252.0,0.6000000238418579,1
15:21:09,811.57,0.0,0.0,0,0.0,0.0,0,253.0,0.6000000238418579,1
15:21:10,812.31,0.0,0.0,0,0.0,0.0,0,251.0,0.6000000238418579,1
15:21:11,813.04,0.0,0.0,0,0.0,0.0,0,253.0,0.6000000238418579,1
15:21:12,813.8,0.0,0.0,0,0.0,0.0,0,252.0,0.6000000238418579,1
15:21:12,814.53,0.0,0.0,0,0.0,0.0,0,251.0,0.6000000238418579,1
15:21:13,815.27,0.0,0.0,0,0.0,0.0,0,251.0,0.6000000238418579,1
15:21:14,816.01,0.0,0.0,0,0.0,0.0,0,252.0,0.6000000238418579,1
15:21:15,816.73,0.0,0.0,0,0.0,0.0,0,252.0,0.6000000238418579,1
15:21:15,817.47,0.0,0.0,0,0.0,0.0,0,252.0,0.6000000238418579,1
15:21:16,818.2,0.0,0.0,0,0.0,0.0,0,251.0,0.6000000238418579,1
15:21:17,818.93,0.0,0.0,0,0.0,0.0,0,251.0,0.6000000238418579,1
15:21:18,819.64,0.0,0.0,0,0.0,0.0,0,252.0,0.6000000238418579,1
15:21:18,820.37,0.0,0.0,0,0.0,0.0,0,252.0,0.6000000238418579,1
15:21:19,821.11,0.0,0.0,0,0.0,0.0,0,252.0,0.6000000238418579,1
15:21:20,821.83,0.0,0.0,0,0.0,0.0,0,252.0,0.6000000238418579,1
15:21:20,822.55,0.0,0.0,0,0.0,0.0,0,250.0,0.6000000238418579,1
15:21:21,823.28,0.0,0.0,0,0.0,0.0,0,250.0,0.6000000238418579,1
15:21:22,824.0,0.0,0.0,0,0.0,0.0,0,251.0,0.6000000238418579,1
15:21:23,824.74,0.0,0.0,0,0.0,0.0,0,253.0,0.6000000238418579,1
15:21:23,825.47,0.0,0.0,0,0.0,0.0,0,252.0,0.6000000238418579,1
15:21:24,826.2,0.0,0.0,0,0.0,0.0,0,253.0,0.6000000238418579,1
15:21:25,826.93,0.0,0.0,0,0.0,0.0,0,250.0,0.6000000238418579,1
15:21:26,827.67,0.0,0.0,0,0.0,0.0,0,251.0,0.6000000238418579,1
15:21:26,828.42,0.0,0.0,0,0.0,0.0,0,251.0,0.6000000238418579,1
15:21:27,829.16,0.0,0.0,0,0.0,0.0,0,251.0,0.6000000238418579,1
15:21:28,829.89,0.0,0.0,0,0.0,0.0,0,252.0,0.6000000238418579,1
15:21:28,830.62,0.0,0.0,0,0.0,0.0,0,252.0,0.6000000238418579,1
15:21:29,831.38,0.0,0.0,0,0.0,0.0,0,253.0,0.6000000238418579,1
15:21:30,832.13,0.0,0.0,0,0.0,0.0,0,252.0,0.6000000238418579,1
15:21:31,832.87,0.0,0.0,0,0.0,0.0,0,252.0,0.6000000238418579,1
15:21:31,833.59,0.0,0.0,0,0.0,0.0,0,253.0,0.6000000238418579,1
15:21:32,834.34,0.0,0.0,0,0.0,0.0,0,253.0,0.6000000238418579,1
15:21:33,835.05,0.0,0.0,0,0.0,0.0,0,251.0,0.6000000238418579,1
15:21:34,835.78,0.0,0.0,0,0.0,0.0,0,251.0,0.6000000238418579,1
15:21:34,836.53,0.0,0.0,0,0.0,0.0,0,250.0,0.6000000238418579,1
15:21:35,837.27,0.0,0.0,0,0.0,0.0,0,251.0,0.6000000238418579,1
15:21:36,838.01,0.0,0.0,0,0.0,0.0,0,252.0,0.6000000238418579,1
15:21:37,838.74,0.0,0.0,0,0.0,0.0,0,252.0,0.6000000238418579,1
15:21:37,839.48,0.0,0.0,0,0.0,0.0,0,253.0,0.6000000238418579,1
15:21:38,840.23,0.0,0.0,0,0.0,0.0,0,251.0,0.6000000238418579,1
15:21:39,840.96,0.0,0.0,0,0.0,0.0,0,251.0,0.6000000238418579,1
15:21:40,841.7,0.0,0.0,0,0.0,0.0,0,252.0,0.6000000238418579,1
15:21:40,842.45,0.0,0.0,0,0.0,0.0,0,252.0,0.6000000238418579,1
15:21:41,843.2,0.0,0.0,0,0.0,0.0,0,251.0,0.6000000238418579,1
15:21:42,843.92,0.0,0.0,0,0.0,0.0,0,251.0,0.6000000238418579,1
15:21:43,844.66,0.0,0.0,0,0.0,0.0,0,251.0,0.6000000238418579,1
15:21:43,845.39,0.0,0.0,0,0.0,0.0,0,251.0,0.6000000238418579,1
15:21:44,846.12,0.0,0.0,0,0.0,0.0,0,251.0,0.6000000238418579,1
15:21:45,846.84,0.0,0.0,0,0.0,0.0,0,250.0,0.6000000238418579,1
15:21:45,847.57,0.0,0.0,0,0.0,0.0,0,250.0,0.6000000238418579,1
15:21:46,848.31,0.0,0.0,0,0.0,0.0,0,252.0,0.6000000238418579,1
15:21:47,849.04,0.0,0.0,0,0.0,0.0,0,252.0,0.6000000238418579,1
15:21:48,849.8,0.0,0.0,0,0.0,0.0,0,252.0,0.6000000238418579,1
15:21:48,850.58,0.0,0.0,0,0.0,0.0,0,252.0,0.6000000238418579,1
15:21:49,851.38,0.0,0.0,0,0.0,0.0,0,251.0,0.6000000238418579,1
15:21:50,852.15,0.0,0.0,0,0.0,0.0,0,251.0,0.6000000238418579,1
15:21:51,852.91,0.0,0.0,0,0.0,0.0,0,253.0,0.6000000238418579,1
15:21:52,853.67,0.0,0.0,0,0.0,0.0,0,252.0,0.6000000238418579,1
15:21:52,854.39,0.0,0.0,0,0.0,0.0,0,252.0,0.6000000238418579,1
15:21:53,855.11,0.0,0.0,0,0.0,0.0,0,252.0,0.6000000238418579,1
15:21:54,855.83,0.0,0.0,0,0.0,0.0,0,252.0,0.6000000238418579,1
15:21:54,856.55,0.0,0.0,0,0.0,0.0,0,252.0,0.6000000238418579,1
15:21:55,857.29,0.0,0.0,0,0.0,0.0,0,252.0,0.6000000238418579,1
15:21:56,858.02,0.0,0.0,0,0.0,0.0,0,252.0,0.6000000238418579,1
15:21:57,858.74,0.0,0.0,0,0.0,0.0,0,253.0,0.6000000238418579,1
15:21:57,859.47,0.0,0.0,0,0.0,0.0,0,252.0,0.6000000238418579,1
15:21:58,860.2,0.0,0.0,0,0.0,0.0,0,251.0,0.6000000238418579,1
15:21:59,860.92,0.0,0.0,0,0.0,0.0,0,251.0,0.6000000238418579,1
15:22:00,861.66,0.0,0.0,0,0.0,0.0,0,251.0,0.6000000238418579,1
15:22:00,862.38,0.0,0.0,0,0.0,0.0,0,251.0,0.6000000238418579,1
15:22:01,863.11,0.0,0.0,0,0.0,0.0,0,251.0,0.6000000238418579,1
15:22:02,863.84,0.0,0.0,0,0.0,0.0,0,252.0,0.6000000238418579,1
15:22:02,864.56,0.0,0.0,0,0.0,0.0,0,251.0,0.6000000238418579,1
15:22:03,865.29,0.0,0.0,0,0.0,0.0,0,253.0,0.6000000238418579,1
15:22:04,866.05,0.0,0.0,0,0.0,0.0,0,252.0,0.6000000238418579,1
15:22:05,866.8,0.0,0.0,0,0.0,0.0,0,251.0,0.5,1
15:22:05,867.51,0.0,0.0,0,0.0,0.0,0,251.0,0.6000000238418579,1
15:22:06,868.25,0.0,0.0,0,0.0,0.0,0,252.0,0.6000000238418579,1
15:22:07,868.98,0.0,0.0,0,0.0,0.0,0,251.0,0.6000000238418579,1
15:22:08,869.72,0.0,0.0,0,0.0,0.0,0,251.0,0.6000000238418579,1
15:22:08,870.45,0.0,0.0,0,0.0,0.0,0,252.0,0.6000000238418579,1
15:22:09,871.19,0.0,0.0,0,0.0,0.0,0,253.0,0.6000000238418579,1
15:22:10,871.91,0.0,0.0,0,0.0,0.0,0,253.0,0.6000000238418579,1
15:22:10,872.63,0.0,0.0,0,0.0,0.0,0,251.0,0.6000000238418579,1
15:22:11,873.37,0.0,0.0,0,0.0,0.0,0,251.0,0.6000000238418579,1
15:22:12,874.1,0.0,0.0,0,0.0,0.0,0,252.0,0.6000000238418579,1
15:22:13,874.83,0.0,0.0,0,0.0,0.0,0,252.0,0.6000000238418579,1
15:22:13,875.56,0.0,0.0,0,0.0,0.0,0,252.0,0.6000000238418579,1
15:22:14,876.29,0.0,0.0,0,0.0,0.0,0,252.0,0.6000000238418579,1
15:22:15,877.01,0.0,0.0,0,0.0,0.0,0,252.0,0.6000000238418579,1
15:22:16,877.74,0.0,0.0,0,0.0,0.0,0,251.0,0.6000000238418579,1
15:22:16,878.47,0.0,0.0,0,0.0,0.0,0,251.0,0.6000000238418579,1
15:22:17,879.19,0.0,0.0,0,0.0,0.0,0,251.0,0.6000000238418579,1
15:22:18,879.94,0.0,0.0,0,0.0,0.0,0,252.0,0.6000000238418579,1
15:22:19,880.69,0.0,0.0,0,0.0,0.0,0,252.0,0.6000000238418579,1
15:22:19,881.44,0.0,0.0,0,0.0,0.0,0,252.0,0.6000000238418579,1
15:22:20,882.21,0.0,0.0,0,0.0,0.0,0,252.0,0.6000000238418579,1
15:22:21,882.97,0.0,0.0,0,0.0,0.0,0,252.0,0.6000000238418579,1
15:22:22,883.7,0.0,0.0,0,0.0,0.0,0,252.0,0.6000000238418579,1
15:22:22,884.44,0.0,0.0,0,0.0,0.0,0,252.0,0.6000000238418579,1
15:22:23,885.16,0.0,0.0,0,0.0,0.0,0,252.0,0.6000000238418579,1
15:22:24,885.88,0.0,0.0,0,0.0,0.0,0,251.0,0.6000000238418579,1
15:22:24,886.61,0.0,0.0,0,0.0,0.0,0,253.0,0.6000000238418579,1
15:22:25,887.35,0.0,0.0,0,0.0,0.0,0,258.0,0.6000000238418579,1
15:22:26,888.11,0.0,0.0,0,0.0,0.0,0,265.0,0.6000000238418579,1
15:22:27,888.87,0.0,0.0,0,0.0,0.0,0,270.0,0.6000000238418579,1
15:22:27,889.6,0.0,0.0,0,0.0,0.0,0,301.0,0.699999988079071,1
15:22:28,890.34,0.0,0.0,0,0.0,0.0,0,274.0,0.5,1
15:22:29,891.07,0.0,0.0,0,0.0,0.0,0,297.0,0.5,1
15:22:30,891.83,0.0,0.0,0,0.0,0.0,0,300.0,0.5,1
15:22:30,892.56,0.0,0.0,0,0.0,0.0,0,314.0,0.8999999761581421,1
15:22:31,893.29,0.0,0.0,0,0.0,0.0,0,332.0,0.8999999761581421,1
15:22:32,894.02,0.0,0.0,0,0.0,0.0,0,316.0,0.5,1
15:22:33,894.79,0.0,0.0,0,0.0,0.0,0,331.0,0.6000000238418579,1
15:22:33,895.52,0.0,0.0,0,0.0,0.0,0,341.0,0.6000000238418579,1
15:22:34,896.26,0.0,0.0,0,0.0,0.0,0,330.0,0.5,1
15:22:35,896.99,0.0,0.0,0,0.0,0.0,0,354.0,0.6000000238418579,1
15:22:36,897.71,0.0,0.0,0,0.0,0.0,0,357.0,0.800000011920929,1
15:22:36,898.45,0.0,0.0,0,0.0,0.0,0,388.0,0.699999988079071,1
15:22:37,899.21,0.0,0.0,0,0.0,0.0,0,386.0,1.2999999523162842,1
15:22:38,899.94,0.0,0.0,0,0.0,0.0,0,409.0,1.2000000476837158,1
15:22:39,900.67,0.0,0.0,0,0.0,0.0,0,409.0,1.100000023841858,1
15:22:39,901.46,0.0,0.0,0,0.0,0.0,0,392.0,0.8999999761581421,1
15:22:40,902.23,0.0,0.0,0,0.0,0.0,0,431.0,1.2999999523162842,1
15:22:41,902.94,0.0,0.0,0,0.0,0.0,0,409.0,1.100000023841858,1
15:22:42,903.69,0.0,0.0,0,0.0,0.0,0,420.0,1.5,1
15:22:42,904.43,0.0,0.0,0,0.0,0.0,0,432.0,1.399999976158142,1
15:22:43,905.16,0.0,0.0,0,0.0,0.0,0,444.0,1.2999999523162842,1
15:22:44,905.9,0.0,0.0,0,0.0,0.0,0,455.0,1.2000000476837158,1
15:22:45,906.65,0.0,0.0,0,0.0,0.0,0,450.0,0.699999988079071,1
15:22:45,907.37,0.0,0.0,0,0.0,0.0,0,471.0,0.699999988079071,1
15:22:46,908.1,0.0,0.0,0,0.0,0.0,0,476.0,1.100000023841858,1
15:22:47,908.84,0.0,0.0,0,0.0,0.0,0,492.0,1.2000000476837158,1
15:22:47,909.58,0.0,0.0,0,0.0,0.0,0,475.0,1.100000023841858,1
15:22:48,910.31,0.0,0.0,0,0.0,0.0,0,504.0,1.100000023841858,1
15:22:49,911.03,0.0,0.0,0,0.0,0.0,0,494.0,1.100000023841858,1
15:22:50,911.77,0.0,0.0,0,0.0,0.0,0,507.0,0.8999999761581421,1
15:22:50,912.51,0.0,0.0,0,0.0,0.0,0,496.0,0.6000000238418579,1
15:22:51,913.25,0.0,0.0,0,0.0,0.0,0,503.0,0.5,1
15:22:52,914.0,0.0,0.0,0,0.0,0.0,0,490.0,0.5,1
15:22:53,914.77,0.0,0.0,0,0.0,0.0,0,496.0,0.5,1
15:22:53,915.5,0.0,0.0,0,0.0,0.0,0,477.0,0.4000000059604645,1
15:22:54,916.23,0.0,0.0,0,0.0,0.0,0,478.0,0.4000000059604645,1
15:22:55,916.96,0.0,0.0,0,0.0,0.0,0,480.0,0.5,1
15:22:56,917.68,0.0,0.0,0,0.0,0.0,0,491.0,0.5,1
15:22:56,918.41,0.0,0.0,0,0.0,0.0,0,507.0,0.5,1
15:22:57,919.15,0.0,0.0,0,0.0,0.0,0,487.0,0.699999988079071,1
15:22:58,919.88,0.0,0.0,0,0.0,0.0,0,480.0,0.4000000059604645,1
15:22:58,920.61,0.0,0.0,0,0.0,0.0,0,499.0,0.4000000059604645,1
15:22:59,921.35,0.0,0.0,0,0.0,0.0,0,494.0,0.4000000059604645,1
15:23:00,922.08,0.0,0.0,0,0.0,0.0,0,482.0,0.4000000059604645,1
15:23:01,922.83,0.0,0.0,0,0.0,0.0,0,506.0,0.4000000059604645,1
15:23:01,923.57,0.0,0.0,0,0.0,0.0,0,484.0,0.4000000059604645,1
15:23:02,924.31,0.0,0.0,0,0.0,0.0,0,486.0,0.4000000059604645,1
15:23:03,925.03,0.0,0.0,0,0.0,0.0,0,495.0,0.6000000238418579,1
15:23:04,925.77,0.0,0.0,0,0.0,0.0,0,488.0,0.5,1
15:23:04,926.5,0.0,0.0,0,0.0,0.0,0,482.0,0.4000000059604645,1
15:23:05,927.22,0.0,0.0,0,0.0,0.0,0,482.0,0.4000000059604645,1
15:23:06,927.95,0.0,0.0,0,0.0,0.0,0,516.0,1.100000023841858,1
15:23:07,928.74,0.0,0.0,0,0.0,0.0,0,484.0,0.4000000059604645,1
15:23:07,929.49,0.0,0.0,0,0.0,0.0,0,478.0,0.4000000059604645,1
15:23:08,930.25,0.0,0.0,0,0.0,0.0,0,509.0,0.4000000059604645,1
15:23:09,930.98,0.0,0.0,0,0.0,0.0,0,489.0,0.4000000059604645,1
15:23:10,931.71,0.0,0.0,0,0.0,0.0,0,482.0,0.4000000059604645,1
15:23:10,932.44,0.0,0.0,0,0.0,0.0,0,502.0,0.4000000059604645,1
15:23:11,933.18,0.0,0.0,0,0.0,0.0,0,490.0,0.4000000059604645,1
15:23:12,933.91,0.0,0.0,0,0.0,0.0,0,494.0,0.5,1
15:23:13,934.68,0.0,0.0,0,0.0,0.0,0,503.0,0.5,1
15:23:13,935.4,0.0,0.0,0,0.0,0.0,0,485.0,0.4000000059604645,1
15:23:14,936.12,0.0,0.0,0,0.0,0.0,0,487.0,0.5,1
15:23:15,936.86,0.0,0.0,0,0.0,0.0,0,495.0,0.5,1
15:23:15,937.59,0.0,0.0,0,0.0,0.0,0,496.0,0.4000000059604645,1
15:23:16,938.34,0.0,0.0,0,0.0,0.0,0,484.0,0.4000000059604645,1
15:23:17,939.08,0.0,0.0,0,0.0,0.0,0,495.0,0.5,1
15:23:18,939.82,0.0,0.0,0,0.0,0.0,0,516.0,0.5,1
15:23:18,940.55,0.0,0.0,0,0.0,0.0,0,481.0,1.0,1
15:23:19,941.27,0.0,0.0,0,0.0,0.0,0,485.0,0.5,1
15:23:20,942.01,0.0,0.0,0,0.0,0.0,0,523.0,0.6000000238418579,1
15:23:21,942.75,0.0,0.0,0,0.0,0.0,0,482.0,0.6000000238418579,1
15:23:21,943.5,0.0,0.0,0,0.0,0.0,0,486.0,0.5,1
15:23:22,944.25,0.0,0.0,0,0.0,0.0,0,512.0,0.5,1
15:23:23,944.98,0.0,0.0,0,0.0,0.0,0,485.0,0.4000000059604645,1
15:23:24,945.71,0.0,0.0,0,0.0,0.0,0,506.0,0.4000000059604645,1
15:23:24,946.43,0.0,0.0,0,0.0,0.0,0,477.0,0.4000000059604645,1
15:23:25,947.16,0.0,0.0,0,0.0,0.0,0,495.0,0.4000000059604645,1
15:23:26,947.88,0.0,0.0,0,0.0,0.0,0,478.0,0.4000000059604645,1
15:23:26,948.62,0.0,0.0,0,0.0,0.0,0,487.0,0.4000000059604645,1
15:23:27,949.36,0.0,0.0,0,0.0,0.0,0,496.0,0.4000000059604645,1
15:23:28,950.09,0.0,0.0,0,0.0,0.0,0,499.0,0.5,1
15:23:29,950.83,0.0,0.0,0,0.0,0.0,0,484.0,0.5,1
15:23:29,951.58,0.0,0.0,0,0.0,0.0,0,514.0,0.5,1
15:23:30,952.32,0.0,0.0,0,0.0,0.0,0,482.0,0.4000000059604645,1
15:23:31,953.04,0.0,0.0,0,0.0,0.0,0,490.0,0.4000000059604645,1
15:23:32,953.76,0.0,0.0,0,0.0,0.0,0,522.0,0.6000000238418579,1
15:23:32,954.49,0.0,0.0,0,0.0,0.0,0,486.0,0.5,1
15:23:33,955.23,0.0,0.0,0,0.0,0.0,0,494.0,0.4000000059604645,1
15:23:34,955.95,0.0,0.0,0,0.0,0.0,0,493.0,0.4000000059604645,1
15:23:35,956.69,0.0,0.0,0,0.0,0.0,0,476.0,0.4000000059604645,1
15:23:35,957.47,0.0,0.0,0,0.0,0.0,0,481.0,0.4000000059604645,1
15:23:36,958.21,0.0,0.0,0,0.0,0.0,0,483.0,0.4000000059604645,1
15:23:37,958.94,0.0,0.0,0,0.0,0.0,0,509.0,0.4000000059604645,1
15:23:38,959.67,0.0,0.0,0,0.0,0.0,0,480.0,0.4000000059604645,1
15:23:38,960.4,0.0,0.0,0,0.0,0.0,0,480.0,0.4000000059604645,1
15:23:39,961.15,0.0,0.0,0,0.0,0.0,0,501.0,0.4000000059604645,1
15:23:40,961.87,0.0,0.0,0,0.0,0.0,0,486.0,0.699999988079071,1
15:23:40,962.61,0.0,0.0,0,0.0,0.0,0,492.0,0.5,1
15:23:41,963.34,0.0,0.0,0,0.0,0.0,0,502.0,0.5,1
15:23:42,964.07,0.0,0.0,0,0.0,0.0,0,493.0,0.6000000238418579,1
15:23:43,964.81,0.0,0.0,0,0.0,0.0,0,507.0,0.5,1
15:23:43,965.56,0.0,0.0,0,0.0,0.0,0,483.0,0.4000000059604645,1
15:23:44,966.3,0.0,0.0,0,0.0,0.0,0,495.0,0.5,1
15:23:45,967.02,0.0,0.0,0,0.0,0.0,0,495.0,0.5,1
15:23:46,967.75,0.0,0.0,0,0.0,0.0,0,481.0,0.6000000238418579,1
15:23:46,968.48,0.0,0.0,0,0.0,0.0,0,506.0,0.4000000059604645,1
15:23:47,969.2,0.0,0.0,0,0.0,0.0,0,488.0,0.4000000059604645,1
15:23:48,969.93,0.0,0.0,0,0.0,0.0,0,501.0,0.5,1
15:23:49,970.68,0.0,0.0,0,0.0,0.0,0,502.0,0.5,1
15:23:49,971.44,0.0,0.0,0,0.0,0.0,0,486.0,0.4000000059604645,1
15:23:50,972.17,0.0,0.0,0,0.0,0.0,0,495.0,0.5,1
15:23:51,972.91,0.0,0.0,0,0.0,0.0,0,484.0,0.4000000059604645,1
15:23:52,973.66,0.0,0.0,0,0.0,0.0,0,488.0,0.4000000059604645,1
15:23:52,974.39,0.0,0.0,0,0.0,0.0,0,511.0,0.5,1
15:23:53,975.13,0.0,0.0,0,0.0,0.0,0,490.0,0.5,1
15:23:54,975.86,0.0,0.0,0,0.0,0.0,0,490.0,0.5,1
15:23:54,976.6,0.0,0.0,0,0.0,0.0,0,511.0,0.5,1
15:23:55,977.37,0.0,0.0,0,0.0,0.0,0,492.0,0.5,1
15:23:56,978.1,0.0,0.0,0,0.0,0.0,0,492.0,0.4000000059604645,1
15:23:57,978.85,0.0,0.0,0,0.0,0.0,0,487.0,0.4000000059604645,1
15:23:57,979.6,0.0,0.0,0,0.0,0.0,0,493.0,0.4000000059604645,1
15:23:58,980.34,0.0,0.0,0,0.0,0.0,0,513.0,0.5,1
15:23:59,981.06,0.0,0.0,0,0.0,0.0,0,479.0,0.4000000059604645,1
15:24:00,981.79,0.0,0.0,0,0.0,0.0,0,479.0,0.4000000059604645,1
15:24:00,982.53,0.0,0.0,0,0.0,0.0,0,479.0,0.4000000059604645,1
15:24:01,983.26,0.0,0.0,0,0.0,0.0,0,486.0,0.4000000059604645,1
15:24:02,983.99,0.0,0.0,0,0.0,0.0,0,496.0,0.6000000238418579,1
15:24:03,984.73,0.0,0.0,0,0.0,0.0,0,481.0,0.699999988079071,1
15:24:03,985.46,0.0,0.0,0,0.0,0.0,0,477.0,0.4000000059604645,1
15:24:04,986.19,0.0,0.0,0,0.0,0.0,0,494.0,0.4000000059604645,1
15:24:05,986.92,0.0,0.0,0,0.0,0.0,0,477.0,0.4000000059604645,1
15:24:06,987.65,0.0,0.0,0,0.0,0.0,0,478.0,0.699999988079071,1
15:24:06,988.39,0.0,0.0,0,0.0,0.0,0,498.0,0.4000000059604645,1
15:24:07,989.12,0.0,0.0,0,0.0,0.0,0,500.0,0.6000000238418579,1
15:24:08,989.84,0.0,0.0,0,0.0,0.0,0,513.0,0.6000000238418579,1
15:24:08,990.57,0.0,0.0,0,0.0,0.0,0,489.0,0.699999988079071,1
15:24:09,991.31,0.0,0.0,0,0.0,0.0,0,511.0,0.5,1
15:24:10,992.05,0.0,0.0,0,0.0,0.0,0,489.0,0.5,1
15:24:11,992.78,0.0,0.0,0,0.0,0.0,0,476.0,0.4000000059604645,1
15:24:11,993.51,0.0,0.0,0,0.0,0.0,0,506.0,0.4000000059604645,1
15:24:12,994.25,0.0,0.0,0,0.0,0.0,0,486.0,0.4000000059604645,1
15:24:13,994.97,0.0,0.0,0,0.0,0.0,0,491.0,0.4000000059604645,1
15:24:14,995.71,0.0,0.0,0,0.0,0.0,0,501.0,0.4000000059604645,1
15:24:14,996.46,0.0,0.0,0,0.0,0.0,0,477.0,0.4000000059604645,1
15:24:15,997.21,0.0,0.0,0,0.0,0.0,0,479.0,0.4000000059604645,1
15:24:16,997.93,0.0,0.0,0,0.0,0.0,0,501.0,0.5,1
15:24:17,998.66,0.0,0.0,0,0.0,0.0,0,479.0,0.4000000059604645,1
15:24:17,999.39,0.0,0.0,0,0.0,0.0,0,509.0,0.6000000238418579,1
15:24:18,1000.12,0.0,0.0,0,0.0,0.0,0,483.0,0.4000000059604645,1
15:24:19,1000.87,0.0,0.0,0,0.0,0.0,0,502.0,0.5,1
15:24:19,1001.62,0.0,0.0,0,0.0,0.0,0,494.0,0.5,1
15:24:20,1002.37,0.0,0.0,0,0.0,0.0,0,501.0,0.5,1
15:24:21,1003.11,0.0,0.0,0,0.0,0.0,0,482.0,0.4000000059604645,1
15:24:22,1003.84,0.0,0.0,0,0.0,0.0,0,482.0,0.4000000059604645,1
15:24:22,1004.58,0.0,0.0,0,0.0,0.0,0,501.0,0.4000000059604645,1
15:24:23,1005.31,0.0,0.0,0,0.0,0.0,0,485.0,0.4000000059604645,1
15:24:24,1006.04,0.0,0.0,0,0.0,0.0,0,484.0,0.4000000059604645,1
15:24:25,1006.76,0.0,0.0,0,0.0,0.0,0,509.0,0.5,1
15:24:25,1007.5,0.0,0.0,0,0.0,0.0,0,482.0,0.4000000059604645,1
15:24:26,1008.27,0.0,0.0,0,0.0,0.0,0,489.0,0.4000000059604645,1
15:24:27,1009.02,0.0,0.0,0,0.0,0.0,0,493.0,0.699999988079071,1
15:24:28,1009.76,0.0,0.0,0,0.0,0.0,0,501.0,0.4000000059604645,1
15:24:28,1010.5,0.0,0.0,0,0.0,0.0,0,488.0,0.4000000059604645,1
15:24:29,1011.24,0.0,0.0,0,0.0,0.0,0,481.0,0.4000000059604645,1
15:24:30,1011.99,0.0,0.0,0,0.0,0.0,0,488.0,0.4000000059604645,1
15:24:31,1012.77,0.0,0.0,0,0.0,0.0,0,496.0,0.4000000059604645,1
15:24:31,1013.52,0.0,0.0,0,0.0,0.0,0,473.0,0.4000000059604645,1
15:24:32,1014.26,0.0,0.0,0,0.0,0.0,0,497.0,0.4000000059604645,1
15:24:33,1014.98,0.0,0.0,0,0.0,0.0,0,488.0,0.699999988079071,1
15:24:34,1015.72,0.0,0.0,0,0.0,0.0,0,478.0,0.4000000059604645,1
15:24:34,1016.47,0.0,0.0,0,0.0,0.0,0,505.0,0.5,1
15:24:35,1017.2,0.0,0.0,0,0.0,0.0,0,494.0,0.5,1
15:24:36,1017.92,0.0,0.0,0,0.0,0.0,0,488.0,0.5,1
15:24:37,1018.68,0.0,0.0,0,0.0,0.0,0,488.0,0.4000000059604645,1
15:24:37,1019.41,0.0,0.0,0,0.0,0.0,0,494.0,0.4000000059604645,1
15:24:38,1020.17,0.0,0.0,0,0.0,0.0,0,496.0,0.4000000059604645,1
15:24:39,1020.96,0.0,0.0,0,0.0,0.0,0,480.0,0.4000000059604645,1
15:24:40,1021.69,0.0,0.0,0,0.0,0.0,0,500.0,0.4000000059604645,1
15:24:40,1022.43,0.0,0.0,0,0.0,0.0,0,491.0,0.4000000059604645,1
15:24:41,1023.2,0.0,0.0,0,0.0,0.0,0,482.0,0.4000000059604645,1
15:24:42,1023.95,0.0,0.0,0,0.0,0.0,0,506.0,0.5,1
15:24:43,1024.7,0.0,0.0,0,0.0,0.0,0,497.0,0.699999988079071,1
15:24:43,1025.44,0.0,0.0,0,0.0,0.0,0,479.0,0.4000000059604645,1
15:24:44,1026.16,0.0,0.0,0,0.0,0.0,0,504.0,0.4000000059604645,1
15:24:45,1026.88,0.0,0.0,0,0.0,0.0,0,489.0,0.4000000059604645,1
15:24:45,1027.61,0.0,0.0,0,0.0,0.0,0,490.0,0.4000000059604645,1
15:24:46,1028.35,0.0,0.0,0,0.0,0.0,0,480.0,0.4000000059604645,1
15:24:47,1029.08,0.0,0.0,0,0.0,0.0,0,503.0,0.4000000059604645,1
15:24:48,1029.83,0.0,0.0,0,0.0,0.0,0,481.0,0.4000000059604645,1
15:24:48,1030.58,0.0,0.0,0,0.0,0.0,0,479.0,0.4000000059604645,1
15:24:49,1031.31,0.0,0.0,0,0.0,0.0,0,497.0,0.4000000059604645,1
15:24:50,1032.04,0.0,0.0,0,0.0,0.0,0,487.0,0.699999988079071,1
15:24:51,1032.8,0.0,0.0,0,0.0,0.0,0,491.0,0.5,1
15:24:51,1033.55,0.0,0.0,0,0.0,0.0,0,503.0,0.5,1
15:24:52,1034.28,0.0,0.0,0,0.0,0.0,0,481.0,0.4000000059604645,1
15:24:53,1035.0,0.0,0.0,0,0.0,0.0,0,482.0,0.4000000059604645,1
15:24:54,1035.73,0.0,0.0,0,0.0,0.0,0,506.0,0.5,1
15:24:54,1036.47,0.0,0.0,0,0.0,0.0,0,483.0,0.5,1
15:24:55,1037.22,0.0,0.0,0,0.0,0.0,0,479.0,0.4000000059604645,1
15:24:56,1037.94,0.0,0.0,0,0.0,0.0,0,475.0,0.4000000059604645,1
15:24:57,1038.67,0.0,0.0,0,0.0,0.0,0,502.0,0.4000000059604645,1
15:24:57,1039.39,0.0,0.0,0,0.0,0.0,0,489.0,0.4000000059604645,1
15:24:58,1040.14,0.0,0.0,0,0.0,0.0,0,475.0,0.4000000059604645,1
15:24:59,1040.87,0.0,0.0,0,0.0,0.0,0,493.0,0.4000000059604645,1
15:24:59,1041.62,0.0,0.0,0,0.0,0.0,0,483.0,0.4000000059604645,1
15:25:00,1042.35,0.0,0.0,0,0.0,0.0,0,481.0,0.4000000059604645,1
15:25:01,1043.08,0.0,0.0,0,0.0,0.0,0,503.0,0.4000000059604645,1
15:25:02,1043.79,0.0,0.0,0,0.0,0.0,0,484.0,0.4000000059604645,1
15:25:02,1044.54,0.0,0.0,0,0.0,0.0,0,474.0,0.5,1
15:25:03,1045.27,0.0,0.0,0,0.0,0.0,0,495.0,0.5,1
15:25:04,1046.01,0.0,0.0,0,0.0,0.0,0,487.0,0.4000000059604645,1
15:25:05,1046.75,0.0,0.0,0,0.0,0.0,0,480.0,0.4000000059604645,1
15:25:05,1047.48,0.0,0.0,0,0.0,0.0,0,480.0,0.4000000059604645,1
15:25:06,1048.22,0.0,0.0,0,0.0,0.0,0,479.0,0.4000000059604645,1
15:25:07,1048.96,0.0,0.0,0,0.0,0.0,0,480.0,0.4000000059604645,1
15:25:08,1049.69,0.0,0.0,0,0.0,0.0,0,473.0,0.4000000059604645,1
15:25:08,1050.43,0.0,0.0,0,0.0,0.0,0,498.0,0.4000000059604645,1
15:25:09,1051.16,0.0,0.0,0,0.0,0.0,0,488.0,0.4000000059604645,1
15:25:10,1051.9,0.0,0.0,0,0.0,0.0,0,483.0,0.4000000059604645,1
15:25:11,1052.65,0.0,0.0,0,0.0,0.0,0,504.0,0.4000000059604645,1
15:25:11,1053.42,0.0,0.0,0,0.0,0.0,0,488.0,0.4000000059604645,1
15:25:12,1054.15,0.0,0.0,0,0.0,0.0,0,487.0,0.4000000059604645,1
15:25:13,1054.91,0.0,0.0,0,0.0,0.0,0,500.0,0.4000000059604645,1
15:25:14,1055.67,0.0,0.0,0,0.0,0.0,0,486.0,0.4000000059604645,1
15:25:14,1056.42,0.0,0.0,0,0.0,0.0,0,504.0,0.5,1
15:25:15,1057.16,0.0,0.0,0,0.0,0.0,0,493.0,0.5,1
15:25:16,1057.92,0.0,0.0,0,0.0,0.0,0,487.0,0.5,1
15:25:17,1058.66,0.0,0.0,0,0.0,0.0,0,506.0,0.6000000238418579,1
15:25:17,1059.4,0.0,0.0,0,0.0,0.0,0,501.0,0.6000000238418579,1
15:25:18,1060.17,0.0,0.0,0,0.0,0.0,0,497.0,0.699999988079071,1
15:25:19,1060.9,0.0,0.0,0,0.0,0.0,0,496.0,0.800000011920929,1
15:25:20,1061.66,0.0,0.0,0,0.0,0.0,0,493.0,1.5,1
15:25:20,1062.38,0.0,0.0,0,0.0,0.0,0,491.0,1.0,1
15:25:21,1063.15,0.0,0.0,0,0.0,0.0,0,472.0,1.5,1
15:25:22,1063.9,0.0,0.0,0,0.0,0.0,0,443.0,0.4000000059604645,1
15:25:23,1064.64,0.0,0.0,0,0.0,0.0,0,455.0,0.4000000059604645,1
15:25:23,1065.37,0.0,0.0,0,0.0,0.0,0,461.0,1.2000000476837158,1
15:25:24,1066.1,0.0,0.0,0,0.0,0.0,0,449.0,1.2000000476837158,1
15:25:25,1066.83,0.0,0.0,0,0.0,0.0,0,429.0,1.399999976158142,1
15:25:25,1067.58,0.0,0.0,0,0.0,0.0,0,455.0,1.5,1
15:25:26,1068.32,0.0,0.0,0,0.0,0.0,0,422.0,1.2000000476837158,1
15:25:27,1069.07,0.0,0.0,0,0.0,0.0,0,428.0,0.699999988079071,1
15:25:28,1069.81,0.0,0.0,0,0.0,0.0,0,379.0,0.4000000059604645,1
15:25:28,1070.55,0.0,0.0,0,0.0,0.0,0,368.0,0.4000000059604645,1
15:25:29,1071.28,0.0,0.0,0,0.0,0.0,0,389.0,0.4000000059604645,1
15:25:30,1072.02,0.0,0.0,0,0.0,0.0,0,375.0,1.0,1
15:25:31,1072.75,0.0,0.0,0,0.0,0.0,0,394.0,1.0,1
15:25:31,1073.48,0.0,0.0,0,0.0,0.0,0,368.0,1.0,1
15:25:32,1074.22,0.0,0.0,0,0.0,0.0,0,371.0,1.0,1
15:25:33,1074.95,0.0,0.0,0,0.0,0.0,0,353.0,1.0,1
15:25:34,1075.68,0.0,0.0,0,0.0,0.0,0,341.0,0.6000000238418579,1
15:25:34,1076.42,0.0,0.0,0,0.0,0.0,0,337.0,0.699999988079071,1
15:25:35,1077.14,0.0,0.0,0,0.0,0.0,0,344.0,1.0,1
15:25:36,1077.87,0.0,0.0,0,0.0,0.0,0,317.0,0.699999988079071,1
15:25:36,1078.62,0.0,0.0,0,0.0,0.0,0,312.0,0.699999988079071,1
15:25:37,1079.39,0.0,0.0,0,0.0,0.0,0,303.0,0.6000000238418579,1
15:25:38,1080.13,0.0,0.0,0,0.0,0.0,0,299.0,0.6000000238418579,1
15:25:39,1080.85,0.0,0.0,0,0.0,0.0,0,292.0,0.6000000238418579,1
15:25:39,1081.58,0.0,0.0,0,0.0,0.0,0,285.0,0.6000000238418579,1
15:25:40,1082.33,0.0,0.0,0,0.0,0.0,0,281.0,0.6000000238418579,1
15:25:41,1083.06,0.0,0.0,0,0.0,0.0,0,273.0,0.6000000238418579,1
15:25:42,1083.8,0.0,0.0,0,0.0,0.0,0,261.0,0.6000000238418579,1
15:25:42,1084.54,0.0,0.0,0,0.0,0.0,0,257.0,0.6000000238418579,1
15:25:43,1085.28,0.0,0.0,0,0.0,0.0,0,254.0,0.6000000238418579,1
15:25:44,1086.0,0.0,0.0,0,0.0,0.0,0,252.0,0.6000000238418579,1
15:25:45,1086.75,0.0,0.0,0,0.0,0.0,0,252.0,0.6000000238418579,1
15:25:45,1087.5,0.0,0.0,0,0.0,0.0,0,253.0,0.6000000238418579,1
15:25:46,1088.23,0.0,0.0,0,0.0,0.0,0,253.0,0.6000000238418579,1
15:25:47,1088.96,0.0,0.0,0,0.0,0.0,0,252.0,0.6000000238418579,1
15:25:48,1089.68,0.0,0.0,0,0.0,0.0,0,252.0,0.6000000238418579,1
15:25:48,1090.41,0.0,0.0,0,0.0,0.0,0,252.0,0.6000000238418579,1
15:25:49,1091.16,0.0,0.0,0,0.0,0.0,0,252.0,0.6000000238418579,1
15:25:50,1091.92,0.0,0.0,0,0.0,0.0,0,250.0,0.6000000238418579,1
15:25:51,1092.67,0.0,0.0,0,0.0,0.0,0,251.0,0.6000000238418579,1
15:25:51,1093.41,0.0,0.0,0,0.0,0.0,0,251.0,0.6000000238418579,1
15:25:52,1094.2,0.0,0.0,0,0.0,0.0,0,251.0,0.6000000238418579,1
15:25:53,1094.97,0.0,0.0,0,0.0,0.0,0,252.0,0.6000000238418579,1
15:25:54,1095.76,0.0,0.0,0,0.0,0.0,0,252.0,0.6000000238418579,1
15:25:54,1096.52,0.0,0.0,0,0.0,0.0,0,252.0,0.6000000238418579,1
15:25:55,1097.25,0.0,0.0,0,0.0,0.0,0,252.0,0.6000000238418579,1
15:25:56,1098.01,0.0,0.0,0,0.0,0.0,0,252.0,0.6000000238418579,1
15:25:57,1098.77,0.0,0.0,0,0.0,0.0,0,252.0,0.6000000238418579,1
15:25:57,1099.52,0.0,0.0,0,0.0,0.0,0,253.0,0.6000000238418579,1
15:25:58,1100.27,0.0,0.0,0,0.0,0.0,0,251.0,0.6000000238418579,1
15:25:59,1101.04,0.0,0.0,0,0.0,0.0,0,251.0,0.6000000238418579,1
15:26:00,1101.8,0.0,0.0,0,0.0,0.0,0,251.0,0.6000000238418579,1
15:26:00,1102.56,0.0,0.0,0,0.0,0.0,0,253.0,0.6000000238418579,1
15:26:01,1103.32,0.0,0.0,0,0.0,0.0,0,252.0,0.6000000238418579,1
15:26:02,1104.06,0.0,0.0,0,0.0,0.0,0,252.0,0.6000000238418579,1
15:26:03,1104.82,0.0,0.0,0,0.0,0.0,0,251.0,0.6000000238418579,1
15:26:03,1105.59,0.0,0.0,0,0.0,0.0,0,251.0,0.6000000238418579,1
15:26:04,1106.35,0.0,0.0,0,0.0,0.0,0,251.0,0.6000000238418579,1
15:26:05,1107.07,0.0,0.0,0,0.0,0.0,0,251.0,0.6000000238418579,1
15:26:06,1107.8,0.0,0.0,0,0.0,0.0,0,251.0,0.6000000238418579,1
15:26:06,1108.54,0.0,0.0,0,0.0,0.0,0,252.0,0.6000000238418579,1
15:26:07,1109.3,0.0,0.0,0,0.0,0.0,0,252.0,0.6000000238418579,1
15:26:08,1110.06,0.0,0.0,0,0.0,0.0,0,252.0,0.6000000238418579,1
15:26:09,1110.79,0.0,0.0,0,0.0,0.0,0,252.0,0.6000000238418579,1
15:26:09,1111.51,0.0,0.0,0,0.0,0.0,0,252.0,0.6000000238418579,1
15:26:10,1112.27,0.0,0.0,0,0.0,0.0,0,250.0,0.6000000238418579,1
15:26:11,1113.04,0.0,0.0,0,0.0,0.0,0,250.0,0.6000000238418579,1
15:26:12,1113.77,0.0,0.0,0,0.0,0.0,0,250.0,0.6000000238418579,1
15:26:12,1114.5,0.0,0.0,0,0.0,0.0,0,251.0,0.6000000238418579,1
15:26:13,1115.24,0.0,0.0,0,0.0,0.0,0,251.0,0.6000000238418579,1
15:26:14,1115.98,0.0,0.0,0,0.0,0.0,0,251.0,0.6000000238418579,1
15:26:15,1116.71,0.0,0.0,0,0.0,0.0,0,251.0,0.6000000238418579,1
15:26:15,1117.45,0.0,0.0,0,0.0,0.0,0,252.0,0.6000000238418579,1
15:26:16,1118.21,0.0,0.0,0,0.0,0.0,0,252.0,0.6000000238418579,1
15:26:17,1118.95,0.0,0.0,0,0.0,0.0,0,251.0,0.6000000238418579,1
15:26:18,1119.71,0.0,0.0,0,0.0,0.0,0,252.0,0.6000000238418579,1
15:26:18,1120.45,0.0,0.0,0,0.0,0.0,0,252.0,0.6000000238418579,1
15:26:19,1121.22,0.0,0.0,0,0.0,0.0,0,253.0,0.6000000238418579,1
15:26:20,1121.95,0.0,0.0,0,0.0,0.0,0,252.0,0.6000000238418579,1
15:26:21,1122.71,0.0,0.0,0,0.0,0.0,0,251.0,0.6000000238418579,1
15:26:21,1123.43,0.0,0.0,0,0.0,0.0,0,253.0,0.6000000238418579,1
15:26:22,1124.17,0.0,0.0,0,0.0,0.0,0,253.0,0.6000000238418579,1
15:26:23,1124.91,0.0,0.0,0,0.0,0.0,0,252.0,0.6000000238418579,1
15:26:24,1125.65,0.0,0.0,0,0.0,0.0,0,251.0,0.6000000238418579,1
15:26:24,1126.39,0.0,0.0,0,0.0,0.0,0,251.0,0.6000000238418579,1
15:26:25,1127.12,0.0,0.0,0,0.0,0.0,0,252.0,0.6000000238418579,1
15:26:26,1127.85,0.0,0.0,0,0.0,0.0,0,251.0,0.6000000238418579,1
15:26:26,1128.6,0.0,0.0,0,0.0,0.0,0,251.0,0.6000000238418579,1
15:26:27,1129.34,0.0,0.0,0,0.0,0.0,0,251.0,0.6000000238418579,1
15:26:28,1130.08,0.0,0.0,0,0.0,0.0,0,251.0,0.6000000238418579,1
15:26:29,1130.82,0.0,0.0,0,0.0,0.0,0,251.0,0.6000000238418579,1
15:26:29,1131.56,0.0,0.0,0,0.0,0.0,0,251.0,0.6000000238418579,1
15:26:30,1132.3,0.0,0.0,0,0.0,0.0,0,251.0,0.6000000238418579,1
15:26:31,1133.04,0.0,0.0,0,0.0,0.0,0,290.0,1.100000023841858,1
15:26:32,1133.78,0.0,0.0,0,0.0,0.0,0,300.0,0.6000000238418579,1
15:26:32,1134.52,0.0,0.0,0,0.0,0.0,0,404.0,0.6000000238418579,1
15:26:33,1135.26,0.0,0.0,0,0.0,0.0,0,469.0,1.7999999523162842,1
15:26:34,1135.98,0.0,0.0,0,0.0,0.0,0,494.0,0.800000011920929,1
15:26:35,1136.7,0.0,0.0,0,0.0,0.0,0,472.0,0.699999988079071,1
15:26:35,1137.44,0.0,0.0,0,0.0,0.0,0,472.0,0.4000000059604645,1
15:26:36,1138.19,0.0,0.0,0,0.0,0.0,0,502.0,0.4000000059604645,1
15:26:37,1138.91,0.0,0.0,0,0.0,0.0,0,483.0,0.4000000059604645,1
15:26:38,1139.66,0.0,0.0,0,0.0,0.0,0,482.0,0.699999988079071,1
15:26:38,1140.39,0.0,0.0,0,0.0,0.0,0,477.0,0.4000000059604645,1
15:26:39,1141.12,0.0,0.0,0,0.0,0.0,0,500.0,0.4000000059604645,1
15:26:40,1141.87,0.0,0.0,0,0.0,0.0,0,485.0,0.4000000059604645,1
15:26:40,1142.63,0.0,0.0,0,0.0,0.0,0,488.0,0.699999988079071,1
15:26:41,1143.41,0.0,0.0,0,0.0,0.0,0,514.0,0.6000000238418579,1
15:26:42,1144.15,0.0,0.0,0,0.0,0.0,0,505.0,0.6000000238418579,1
15:26:43,1144.9,0.0,0.0,0,0.0,0.0,0,479.0,0.4000000059604645,1
15:26:44,1145.65,0.0,0.0,0,0.0,0.0,0,506.0,0.4000000059604645,1
15:26:44,1146.39,0.0,0.0,0,0.0,0.0,0,490.0,0.4000000059604645,1
15:26:45,1147.13,0.0,0.0,0,0.0,0.0,0,496.0,0.5,1
15:26:46,1147.86,0.0,0.0,0,0.0,0.0,0,501.0,0.5,1
15:26:46,1148.58,0.0,0.0,0,0.0,0.0,0,490.0,0.5,1
15:26:47,1149.31,0.0,0.0,0,0.0,0.0,0,509.0,0.5,1
15:26:48,1150.05,0.0,0.0,0,0.0,0.0,0,479.0,0.4000000059604645,1
15:26:49,1150.79,0.0,0.0,0,0.0,0.0,0,506.0,0.4000000059604645,1
15:26:49,1151.52,0.0,0.0,0,0.0,0.0,0,490.0,0.4000000059604645,1
15:26:50,1152.27,0.0,0.0,0,0.0,0.0,0,484.0,0.4000000059604645,1
15:26:51,1153.03,0.0,0.0,0,0.0,0.0,0,504.0,0.4000000059604645,1
15:26:52,1153.8,0.0,0.0,0,0.0,0.0,0,490.0,0.4000000059604645,1
15:26:52,1154.61,0.0,0.0,0,0.0,0.0,0,476.0,0.4000000059604645,1
15:26:53,1155.42,0.0,0.0,0,0.0,0.0,0,511.0,0.5,1
15:26:54,1156.17,0.0,0.0,0,0.0,0.0,0,482.0,0.4000000059604645,1
15:26:55,1156.92,0.0,0.0,0,0.0,0.0,0,503.0,0.4000000059604645,1
15:26:56,1157.64,0.0,0.0,0,0.0,0.0,0,484.0,0.4000000059604645,1
15:26:56,1158.38,0.0,0.0,0,0.0,0.0,0,507.0,0.4000000059604645,1
15:26:57,1159.1,0.0,0.0,0,0.0,0.0,0,481.0,0.4000000059604645,1
15:26:58,1159.84,0.0,0.0,0,0.0,0.0,0,488.0,0.4000000059604645,1
15:26:58,1160.58,0.0,0.0,0,0.0,0.0,0,500.0,0.4000000059604645,1
15:26:59,1161.33,0.0,0.0,0,0.0,0.0,0,491.0,0.4000000059604645,1
15:27:00,1162.05,0.0,0.0,0,0.0,0.0,0,484.0,0.4000000059604645,1
15:27:01,1162.78,0.0,0.0,0,0.0,0.0,0,512.0,0.5,1
15:27:01,1163.52,0.0,0.0,0,0.0,0.0,0,479.0,0.4000000059604645,1
15:27:02,1164.26,0.0,0.0,0,0.0,0.0,0,485.0,0.4000000059604645,1
15:27:03,1165.0,0.0,0.0,0,0.0,0.0,0,517.0,0.5,1
15:27:04,1165.73,0.0,0.0,0,0.0,0.0,0,476.0,0.4000000059604645,1
15:27:04,1166.45,0.0,0.0,0,0.0,0.0,0,484.0,0.699999988079071,1
15:27:05,1167.18,0.0,0.0,0,0.0,0.0,0,501.0,0.5,1
15:27:06,1167.92,0.0,0.0,0,0.0,0.0,0,517.0,0.5,1
15:27:07,1168.66,0.0,0.0,0,0.0,0.0,0,485.0,0.5,1
15:27:07,1169.38,0.0,0.0,0,0.0,0.0,0,481.0,0.4000000059604645,1
15:27:08,1170.11,0.0,0.0,0,0.0,0.0,0,499.0,0.4000000059604645,1
15:27:09,1170.84,0.0,0.0,0,0.0,0.0,0,486.0,0.4000000059604645,1
15:27:09,1171.57,0.0,0.0,0,0.0,0.0,0,481.0,0.4000000059604645,1
15:27:10,1172.33,0.0,0.0,0,0.0,0.0,0,499.0,0.4000000059604645,1
15:27:11,1173.06,0.0,0.0,0,0.0,0.0,0,480.0,0.4000000059604645,1
15:27:12,1173.79,0.0,0.0,0,0.0,0.0,0,487.0,0.699999988079071,1
15:27:12,1174.51,0.0,0.0,0,0.0,0.0,0,495.0,0.4000000059604645,1
15:27:13,1175.26,0.0,0.0,0,0.0,0.0,0,483.0,0.6000000238418579,1
15:27:14,1175.98,0.0,0.0,0,0.0,0.0,0,463.0,0.4000000059604645,1
15:27:15,1176.72,0.0,0.0,0,0.0,0.0,0,487.0,0.5,1
15:27:15,1177.45,0.0,0.0,0,0.0,0.0,0,475.0,0.6000000238418579,1
15:27:16,1178.19,0.0,0.0,0,0.0,0.0,0,498.0,0.4000000059604645,1
15:27:17,1178.92,0.0,0.0,0,0.0,0.0,0,480.0,0.4000000059604645,1
15:27:18,1179.64,0.0,0.0,0,0.0,0.0,0,504.0,0.5,1
15:27:18,1180.37,0.0,0.0,0,0.0,0.0,0,480.0,0.4000000059604645,1
15:27:19,1181.1,0.0,0.0,0,0.0,0.0,0,474.0,0.4000000059604645,1
15:27:20,1181.83,0.0,0.0,0,0.0,0.0,0,500.0,0.4000000059604645,1
15:27:20,1182.57,0.0,0.0,0,0.0,0.0,0,495.0,0.4000000059604645,1
15:27:21,1183.3,0.0,0.0,0,0.0,0.0,0,490.0,0.4000000059604645,1
15:27:22,1184.03,0.0,0.0,0,0.0,0.0,0,498.0,0.4000000059604645,1
15:27:23,1184.75,0.0,0.0,0,0.0,0.0,0,495.0,0.4000000059604645,1
15:27:23,1185.5,0.0,0.0,0,0.0,0.0,0,485.0,0.4000000059604645,1
15:27:24,1186.22,0.0,0.0,0,0.0,0.0,0,493.0,0.4000000059604645,1
15:27:25,1186.94,0.0,0.0,0,0.0,0.0,0,480.0,0.4000000059604645,1
15:27:26,1187.68,0.0,0.0,0,0.0,0.0,0,518.0,0.5,1
15:27:26,1188.41,0.0,0.0,0,0.0,0.0,0,503.0,0.5,1
15:27:27,1189.13,0.0,0.0,0,0.0,0.0,0,469.0,0.4000000059604645,1
15:27:28,1189.87,0.0,0.0,0,0.0,0.0,0,507.0,0.4000000059604645,1
15:27:28,1190.6,0.0,0.0,0,0.0,0.0,0,488.0,0.4000000059604645,1
15:27:29,1191.34,0.0,0.0,0,0.0,0.0,0,501.0,0.4000000059604645,1
15:27:30,1192.06,0.0,0.0,0,0.0,0.0,0,489.0,0.4000000059604645,1
15:27:31,1192.79,0.0,0.0,0,0.0,0.0,0,470.0,0.4000000059604645,1
15:27:31,1193.52,0.0,0.0,0,0.0,0.0,0,500.0,0.699999988079071,1
15:27:32,1194.24,0.0,0.0,0,0.0,0.0,0,492.0,0.5,1
15:27:33,1194.97,0.0,0.0,0,0.0,0.0,0,502.0,0.5,1
15:27:34,1195.71,0.0,0.0,0,0.0,0.0,0,481.0,0.4000000059604645,1
15:27:34,1196.48,0.0,0.0,0,0.0,0.0,0,497.0,0.5,1
15:27:35,1197.2,0.0,0.0,0,0.0,0.0,0,495.0,0.8999999761581421,1
15:27:36,1197.93,0.0,0.0,0,0.0,0.0,0,484.0,0.4000000059604645,1
15:27:37,1198.65,0.0,0.0,0,0.0,0.0,0,481.0,0.4000000059604645,1
15:27:37,1199.38,0.0,0.0,0,0.0,0.0,0,510.0,0.5,1
15:27:38,1200.09,0.0,0.0,0,0.0,0.0,0,496.0,0.5,1
15:27:39,1200.82,0.0,0.0,0,0.0,0.0,0,476.0,0.4000000059604645,1
15:27:39,1201.55,0.0,0.0,0,0.0,0.0,0,494.0,0.4000000059604645,1
15:27:40,1202.28,0.0,0.0,0,0.0,0.0,0,494.0,0.4000000059604645,1
15:27:41,1203.03,0.0,0.0,0,0.0,0.0,0,505.0,0.4000000059604645,1
15:27:42,1203.77,0.0,0.0,0,0.0,0.0,0,479.0,0.6000000238418579,1
15:27:42,1204.5,0.0,0.0,0,0.0,0.0,0,504.0,0.5,1
15:27:43,1205.22,0.0,0.0,0,0.0,0.0,0,475.0,0.4000000059604645,1
15:27:44,1205.95,0.0,0.0,0,0.0,0.0,0,485.0,0.4000000059604645,1
15:27:45,1206.67,0.0,0.0,0,0.0,0.0,0,515.0,0.8999999761581421,1
15:27:45,1207.39,0.0,0.0,0,0.0,0.0,0,486.0,0.4000000059604645,1
15:27:46,1208.14,0.0,0.0,0,0.0,0.0,0,485.0,0.4000000059604645,1
15:27:47,1208.88,0.0,0.0,0,0.0,0.0,0,508.0,0.4000000059604645,1
15:27:47,1209.61,0.0,0.0,0,0.0,0.0,0,490.0,0.4000000059604645,1
15:27:48,1210.34,0.0,0.0,0,0.0,0.0,0,474.0,0.4000000059604645,1
15:27:49,1211.07,0.0,0.0,0,0.0,0.0,0,499.0,0.4000000059604645,1
15:27:50,1211.83,0.0,0.0,0,0.0,0.0,0,493.0,0.4000000059604645,1
15:27:50,1212.6,0.0,0.0,0,0.0,0.0,0,483.0,0.6000000238418579,1
15:27:51,1213.36,0.0,0.0,0,0.0,0.0,0,505.0,0.6000000238418579,1
15:27:52,1214.1,0.0,0.0,0,0.0,0.0,0,511.0,0.6000000238418579,1
15:27:53,1214.84,0.0,0.0,0,0.0,0.0,0,474.0,0.4000000059604645,1
15:27:53,1215.62,0.0,0.0,0,0.0,0.0,0,477.0,0.4000000059604645,1
15:27:54,1216.34,0.0,0.0,0,0.0,0.0,0,498.0,0.699999988079071,1
15:27:55,1217.07,0.0,0.0,0,0.0,0.0,0,474.0,0.4000000059604645,1
15:27:56,1217.82,0.0,0.0,0,0.0,0.0,0,485.0,0.4000000059604645,1
15:27:56,1218.55,0.0,0.0,0,0.0,0.0,0,509.0,0.5,1
15:27:57,1219.29,0.0,0.0,0,0.0,0.0,0,492.0,0.5,1
15:27:58,1220.04,0.0,0.0,0,0.0,0.0,0,480.0,0.4000000059604645,1
15:27:59,1220.8,0.0,0.0,0,0.0,0.0,0,502.0,0.4000000059604645,1
15:27:59,1221.56,0.0,0.0,0,0.0,0.0,0,486.0,0.4000000059604645,1
15:28:00,1222.32,0.0,0.0,0,0.0,0.0,0,476.0,0.5,1
15:28:01,1223.07,0.0,0.0,0,0.0,0.0,0,482.0,0.4000000059604645,1
15:28:02,1223.8,0.0,0.0,0,0.0,0.0,0,513.0,0.5,1
15:28:02,1224.53,0.0,0.0,0,0.0,0.0,0,482.0,0.4000000059604645,1
15:28:03,1225.29,0.0,0.0,0,0.0,0.0,0,491.0,0.4000000059604645,1
15:28:04,1226.01,0.0,0.0,0,0.0,0.0,0,509.0,0.4000000059604645,1
15:28:05,1226.74,0.0,0.0,0,0.0,0.0,0,489.0,0.4000000059604645,1
15:28:05,1227.5,0.0,0.0,0,0.0,0.0,0,487.0,0.4000000059604645,1
15:28:06,1228.26,0.0,0.0,0,0.0,0.0,0,515.0,0.5,1
15:28:07,1229.04,0.0,0.0,0,0.0,0.0,0,485.0,0.699999988079071,1
15:28:08,1229.82,0.0,0.0,0,0.0,0.0,0,481.0,0.6000000238418579,1
15:28:08,1230.54,0.0,0.0,0,0.0,0.0,0,483.0,0.699999988079071,1
15:28:09,1231.27,0.0,0.0,0,0.0,0.0,0,502.0,0.5,1
15:28:10,1232.0,0.0,0.0,0,0.0,0.0,0,494.0,0.5,1
15:28:11,1232.74,0.0,0.0,0,0.0,0.0,0,487.0,0.5,1
15:28:11,1233.47,0.0,0.0,0,0.0,0.0,0,508.0,0.5,1
15:28:12,1234.19,0.0,0.0,0,0.0,0.0,0,507.0,0.6000000238418579,1
15:28:13,1234.92,0.0,0.0,0,0.0,0.0,0,500.0,0.6000000238418579,1
15:28:14,1235.65,0.0,0.0,0,0.0,0.0,0,508.0,0.5,1
15:28:14,1236.41,0.0,0.0,0,0.0,0.0,0,496.0,0.5,1
15:28:15,1237.16,0.0,0.0,0,0.0,0.0,0,486.0,0.5,1
15:28:16,1237.89,0.0,0.0,0,0.0,0.0,0,491.0,0.5,1
15:28:16,1238.62,0.0,0.0,0,0.0,0.0,0,478.0,0.4000000059604645,1
15:28:17,1239.41,0.0,0.0,0,0.0,0.0,0,478.0,0.4000000059604645,1
15:28:18,1240.17,0.0,0.0,0,0.0,0.0,0,478.0,0.4000000059604645,1
15:28:19,1240.94,0.0,0.0,0,0.0,0.0,0,519.0,0.5,1
15:28:20,1241.7,0.0,0.0,0,0.0,0.0,0,479.0,0.4000000059604645,1
15:28:20,1242.46,0.0,0.0,0,0.0,0.0,0,475.0,0.4000000059604645,1
15:28:21,1243.21,0.0,0.0,0,0.0,0.0,0,507.0,0.4000000059604645,1
15:28:22,1243.94,0.0,0.0,0,0.0,0.0,0,516.0,0.800000011920929,1
15:28:23,1244.72,0.0,0.0,0,0.0,0.0,0,489.0,0.5,1
15:28:23,1245.47,0.0,0.0,0,0.0,0.0,0,498.0,0.4000000059604645,1
15:28:24,1246.26,0.0,0.0,0,0.0,0.0,0,480.0,0.4000000059604645,1
15:28:25,1247.0,0.0,0.0,0,0.0,0.0,0,470.0,0.5,1
15:28:26,1247.73,0.0,0.0,0,0.0,0.0,0,491.0,0.5,1
15:28:26,1248.5,0.0,0.0,0,0.0,0.0,0,491.0,0.5,1
15:28:27,1249.27,0.0,0.0,0,0.0,0.0,0,499.0,0.6000000238418579,1
15:28:28,1250.01,0.0,0.0,0,0.0,0.0,0,477.0,0.4000000059604645,1
15:28:29,1250.74,0.0,0.0,0,0.0,0.0,0,508.0,0.4000000059604645,1
15:28:29,1251.47,0.0,0.0,0,0.0,0.0,0,499.0,0.5,1
15:28:30,1252.24,0.0,0.0,0,0.0,0.0,0,484.0,0.4000000059604645,1
15:28:31,1252.96,0.0,0.0,0,0.0,0.0,0,509.0,0.4000000059604645,1
15:28:32,1253.72,0.0,0.0,0,0.0,0.0,0,486.0,0.4000000059604645,1
15:28:32,1254.45,0.0,0.0,0,0.0,0.0,0,488.0,0.4000000059604645,1
15:28:33,1255.18,0.0,0.0,0,0.0,0.0,0,520.0,0.8999999761581421,1
15:28:34,1255.92,0.0,0.0,0,0.0,0.0,0,473.0,0.4000000059604645,1
15:28:35,1256.66,0.0,0.0,0,0.0,0.0,0,478.0,0.4000000059604645,1
15:28:35,1257.42,0.0,0.0,0,0.0,0.0,0,491.0,0.699999988079071,1
15:28:36,1258.15,0.0,0.0,0,0.0,0.0,0,480.0,0.4000000059604645,1
15:28:37,1258.88,0.0,0.0,0,0.0,0.0,0,496.0,0.4000000059604645,1
15:28:37,1259.62,0.0,0.0,0,0.0,0.0,0,480.0,0.5,1
15:28:38,1260.35,0.0,0.0,0,0.0,0.0,0,508.0,0.5,1
15:28:39,1261.09,0.0,0.0,0,0.0,0.0,0,483.0,0.4000000059604645,1
15:28:40,1261.82,0.0,0.0,0,0.0,0.0,0,483.0,0.4000000059604645,1
15:28:40,1262.55,0.0,0.0,0,0.0,0.0,0,520.0,0.6000000238418579,1
15:28:41,1263.28,0.0,0.0,0,0.0,0.0,0,488.0,0.699999988079071,1
15:28:42,1264.0,0.0,0.0,0,0.0,0.0,0,481.0,0.4000000059604645,1
15:28:43,1264.74,0.0,0.0,0,0.0,0.0,0,496.0,0.4000000059604645,1
15:28:43,1265.51,0.0,0.0,0,0.0,0.0,0,488.0,0.4000000059604645,1
15:28:44,1266.28,0.0,0.0,0,0.0,0.0,0,488.0,0.4000000059604645,1
15:28:45,1267.04,0.0,0.0,0,0.0,0.0,0,492.0,0.4000000059604645,1
15:28:46,1267.8,0.0,0.0,0,0.0,0.0,0,489.0,0.800000011920929,1
15:28:46,1268.57,0.0,0.0,0,0.0,0.0,0,492.0,0.5,1
15:28:47,1269.34,0.0,0.0,0,0.0,0.0,0,482.0,0.4000000059604645,1
15:28:48,1270.09,0.0,0.0,0,0.0,0.0,0,509.0,0.5,1
15:28:49,1270.82,0.0,0.0,0,0.0,0.0,0,484.0,0.4000000059604645,1
15:28:49,1271.56,0.0,0.0,0,0.0,0.0,0,485.0,0.4000000059604645,1
15:28:50,1272.3,0.0,0.0,0,0.0,0.0,0,497.0,0.4000000059604645,1
15:28:51,1273.03,0.0,0.0,0,0.0,0.0,0,498.0,0.5,1
15:28:52,1273.76,0.0,0.0,0,0.0,0.0,0,493.0,0.5,1
15:28:52,1274.49,0.0,0.0,0,0.0,0.0,0,515.0,0.5,1
15:28:53,1275.25,0.0,0.0,0,0.0,0.0,0,498.0,0.5,1
15:28:54,1275.97,0.0,0.0,0,0.0,0.0,0,510.0,0.5,1
15:28:55,1276.71,0.0,0.0,0,0.0,0.0,0,491.0,0.5,1
15:28:55,1277.47,0.0,0.0,0,0.0,0.0,0,491.0,0.5,1
15:28:56,1278.24,0.0,0.0,0,0.0,0.0,0,514.0,0.800000011920929,1
15:28:57,1278.96,0.0,0.0,0,0.0,0.0,0,486.0,0.5,1
15:28:58,1279.71,0.0,0.0,0,0.0,0.0,0,521.0,0.6000000238418579,1
15:28:58,1280.49,0.0,0.0,0,0.0,0.0,0,479.0,0.4000000059604645,1
15:28:59,1281.21,0.0,0.0,0,0.0,0.0,0,492.0,0.4000000059604645,1
15:29:00,1281.94,0.0,0.0,0,0.0,0.0,0,502.0,0.4000000059604645,1
15:29:01,1282.66,0.0,0.0,0,0.0,0.0,0,491.0,0.4000000059604645,1
15:29:01,1283.4,0.0,0.0,0,0.0,0.0,0,479.0,0.699999988079071,1
15:29:02,1284.12,0.0,0.0,0,0.0,0.0,0,514.0,0.6000000238418579,1
15:29:03,1284.84,0.0,0.0,0,0.0,0.0,0,476.0,0.4000000059604645,1
15:29:03,1285.6,0.0,0.0,0,0.0,0.0,0,517.0,0.5,1
15:29:04,1286.36,0.0,0.0,0,0.0,0.0,0,482.0,0.4000000059604645,1
15:29:05,1287.1,0.0,0.0,0,0.0,0.0,0,507.0,0.4000000059604645,1
15:29:06,1287.83,0.0,0.0,0,0.0,0.0,0,487.0,0.4000000059604645,1
15:29:06,1288.57,0.0,0.0,0,0.0,0.0,0,512.0,0.800000011920929,1
15:29:07,1289.31,0.0,0.0,0,0.0,0.0,0,496.0,0.5,1
15:29:08,1290.04,0.0,0.0,0,0.0,0.0,0,477.0,0.4000000059604645,1
15:29:09,1290.78,0.0,0.0,0,0.0,0.0,0,506.0,0.5,1
15:29:09,1291.54,0.0,0.0,0,0.0,0.0,0,490.0,0.4000000059604645,1
15:29:10,1292.27,0.0,0.0,0,0.0,0.0,0,485.0,0.4000000059604645,1
15:29:11,1293.02,0.0,0.0,0,0.0,0.0,0,498.0,0.4000000059604645,1
15:29:12,1293.78,0.0,0.0,0,0.0,0.0,0,486.0,0.4000000059604645,1
15:29:12,1294.54,0.0,0.0,0,0.0,0.0,0,503.0,0.4000000059604645,1
15:29:13,1295.3,0.0,0.0,0,0.0,0.0,0,485.0,0.6000000238418579,1
15:29:14,1296.03,0.0,0.0,0,0.0,0.0,0,510.0,0.5,1
15:29:15,1296.78,0.0,0.0,0,0.0,0.0,0,495.0,0.5,1
15:29:15,1297.51,0.0,0.0,0,0.0,0.0,0,492.0,0.5,1
15:29:16,1298.25,0.0,0.0,0,0.0,0.0,0,509.0,0.5,1
15:29:17,1298.99,0.0,0.0,0,0.0,0.0,0,490.0,0.4000000059604645,1
15:29:18,1299.72,0.0,0.0,0,0.0,0.0,0,486.0,0.4000000059604645,1
15:29:18,1300.46,0.0,0.0,0,0.0,0.0,0,499.0,0.4000000059604645,1
15:29:19,1301.2,0.0,0.0,0,0.0,0.0,0,490.0,0.4000000059604645,1
15:29:20,1301.92,0.0,0.0,0,0.0,0.0,0,504.0,0.6000000238418579,1
15:29:21,1302.64,0.0,0.0,0,0.0,0.0,0,503.0,0.5,1
15:29:21,1303.37,0.0,0.0,0,0.0,0.0,0,485.0,0.5,1
15:29:22,1304.1,0.0,0.0,0,0.0,0.0,0,485.0,0.5,1
15:29:23,1304.87,0.0,0.0,0,0.0,0.0,0,490.0,0.4000000059604645,1
15:29:23,1305.59,0.0,0.0,0,0.0,0.0,0,502.0,0.4000000059604645,1
15:29:24,1306.32,0.0,0.0,0,0.0,0.0,0,490.0,0.4000000059604645,1
15:29:25,1307.05,0.0,0.0,0,0.0,0.0,0,477.0,0.4000000059604645,1
15:29:26,1307.79,0.0,0.0,0,0.0,0.0,0,505.0,0.5,1
15:29:26,1308.52,0.0,0.0,0,0.0,0.0,0,492.0,0.5,1
15:29:27,1309.26,0.0,0.0,0,0.0,0.0,0,489.0,0.5,1
15:29:28,1310.0,0.0,0.0,0,0.0,0.0,0,504.0,0.5,1
15:29:29,1310.73,0.0,0.0,0,0.0,0.0,0,492.0,0.5,1
15:29:29,1311.47,0.0,0.0,0,0.0,0.0,0,479.0,0.4000000059604645,1
15:29:30,1312.2,0.0,0.0,0,0.0,0.0,0,507.0,0.5,1
15:29:31,1312.93,0.0,0.0,0,0.0,0.0,0,504.0,0.5,1
15:29:32,1313.67,0.0,0.0,0,0.0,0.0,0,491.0,0.5,1
15:29:32,1314.4,0.0,0.0,0,0.0,0.0,0,495.0,0.699999988079071,1
15:29:33,1315.12,0.0,0.0,0,0.0,0.0,0,496.0,0.5,1
15:29:34,1315.85,0.0,0.0,0,0.0,0.0,0,478.0,0.4000000059604645,1
15:29:34,1316.61,0.0,0.0,0,0.0,0.0,0,482.0,0.4000000059604645,1
15:29:35,1317.35,0.0,0.0,0,0.0,0.0,0,498.0,0.4000000059604645,1
15:29:36,1318.09,0.0,0.0,0,0.0,0.0,0,493.0,0.4000000059604645,1
15:29:37,1318.82,0.0,0.0,0,0.0,0.0,0,487.0,0.4000000059604645,1
15:29:37,1319.55,0.0,0.0,0,0.0,0.0,0,503.0,0.4000000059604645,1
15:29:38,1320.29,0.0,0.0,0,0.0,0.0,0,485.0,0.4000000059604645,1
15:29:39,1321.02,0.0,0.0,0,0.0,0.0,0,490.0,0.4000000059604645,1
15:29:40,1321.77,0.0,0.0,0,0.0,0.0,0,503.0,0.4000000059604645,1
15:29:40,1322.51,0.0,0.0,0,0.0,0.0,0,491.0,0.4000000059604645,1
15:29:41,1323.25,0.0,0.0,0,0.0,0.0,0,490.0,0.4000000059604645,1
15:29:42,1323.98,0.0,0.0,0,0.0,0.0,0,498.0,0.4000000059604645,1
15:29:43,1324.7,0.0,0.0,0,0.0,0.0,0,489.0,0.5,1
15:29:43,1325.43,0.0,0.0,0,0.0,0.0,0,505.0,0.699999988079071,1
15:29:44,1326.17,0.0,0.0,0,0.0,0.0,0,480.0,0.4000000059604645,1
15:29:45,1326.89,0.0,0.0,0,0.0,0.0,0,522.0,0.6000000238418579,1
15:29:45,1327.62,0.0,0.0,0,0.0,0.0,0,499.0,0.5,1
15:29:46,1328.38,0.0,0.0,0,0.0,0.0,0,479.0,0.5,1
15:29:47,1329.09,0.0,0.0,0,0.0,0.0,0,502.0,0.5,1
15:29:48,1329.82,0.0,0.0,0,0.0,0.0,0,492.0,0.5,1
15:29:48,1330.55,0.0,0.0,0,0.0,0.0,0,489.0,0.5,1
15:29:49,1331.28,0.0,0.0,0,0.0,0.0,0,488.0,0.4000000059604645,1
15:29:50,1332.0,0.0,0.0,0,0.0,0.0,0,478.0,0.4000000059604645,1
15:29:51,1332.73,0.0,0.0,0,0.0,0.0,0,487.0,0.4000000059604645,1
15:29:51,1333.46,0.0,0.0,0,0.0,0.0,0,488.0,0.4000000059604645,1
15:29:52,1334.18,0.0,0.0,0,0.0,0.0,0,488.0,0.4000000059604645,1
15:29:53,1334.9,0.0,0.0,0,0.0,0.0,0,499.0,0.4000000059604645,1
15:29:54,1335.63,0.0,0.0,0,0.0,0.0,0,492.0,0.4000000059604645,1
15:29:54,1336.36,0.0,0.0,0,0.0,0.0,0,482.0,0.699999988079071,1
15:29:55,1337.08,0.0,0.0,0,0.0,0.0,0,490.0,0.4000000059604645,1
15:29:56,1337.86,0.0,0.0,0,0.0,0.0,0,493.0,0.4000000059604645,1
15:29:56,1338.58,0.0,0.0,0,0.0,0.0,0,507.0,0.5,1
15:29:57,1339.35,0.0,0.0,0,0.0,0.0,0,500.0,0.5,1
15:29:58,1340.07,0.0,0.0,0,0.0,0.0,0,496.0,0.5,1
15:29:59,1340.8,0.0,0.0,0,0.0,0.0,0,494.0,0.5,1
15:29:59,1341.54,0.0,0.0,0,0.0,0.0,0,496.0,0.5,1
15:30:00,1342.29,0.0,0.0,0,0.0,0.0,0,508.0,0.6000000238418579,1
15:30:01,1343.03,0.0,0.0,0,0.0,0.0,0,497.0,0.5,1
15:30:02,1343.79,0.0,0.0,0,0.0,0.0,0,483.0,0.4000000059604645,1
15:30:02,1344.52,0.0,0.0,0,0.0,0.0,0,496.0,0.4000000059604645,1
15:30:03,1345.26,0.0,0.0,0,0.0,0.0,0,488.0,0.4000000059604645,1
15:30:04,1345.99,0.0,0.0,0,0.0,0.0,0,486.0,0.4000000059604645,1
15:30:05,1346.71,0.0,0.0,0,0.0,0.0,0,501.0,0.4000000059604645,1
15:30:05,1347.45,0.0,0.0,0,0.0,0.0,0,482.0,0.4000000059604645,1
15:30:06,1348.16,0.0,0.0,0,0.0,0.0,0,478.0,0.4000000059604645,1
15:30:07,1348.87,0.0,0.0,0,0.0,0.0,0,496.0,0.5,1
15:30:07,1349.6,0.0,0.0,0,0.0,0.0,0,478.0,0.4000000059604645,1
15:30:08,1350.33,0.0,0.0,0,0.0,0.0,0,505.0,0.4000000059604645,1
15:30:09,1351.07,0.0,0.0,0,0.0,0.0,0,496.0,0.4000000059604645,1
15:30:10,1351.81,0.0,0.0,0,0.0,0.0,0,505.0,0.6000000238418579,1
15:30:10,1352.55,0.0,0.0,0,0.0,0.0,0,492.0,0.699999988079071,1
15:30:11,1353.3,0.0,0.0,0,0.0,0.0,0,500.0,0.6000000238418579,1
15:30:12,1354.02,0.0,0.0,0,0.0,0.0,0,504.0,0.5,1
15:30:13,1354.75,0.0,0.0,0,0.0,0.0,0,508.0,0.5,1
15:30:13,1355.5,0.0,0.0,0,0.0,0.0,0,492.0,0.5,1
15:30:14,1356.23,0.0,0.0,0,0.0,0.0,0,527.0,0.699999988079071,1
15:30:15,1356.95,0.0,0.0,0,0.0,0.0,0,513.0,0.699999988079071,1
15:30:16,1357.67,0.0,0.0,0,0.0,0.0,0,489.0,0.5,1
15:30:16,1358.4,0.0,0.0,0,0.0,0.0,0,502.0,0.5,1
15:30:17,1359.12,0.0,0.0,0,0.0,0.0,0,482.0,0.4000000059604645,1
15:30:18,1359.86,0.0,0.0,0,0.0,0.0,0,481.0,0.4000000059604645,1
15:30:18,1360.58,0.0,0.0,0,0.0,0.0,0,480.0,0.4000000059604645,1
15:30:19,1361.29,0.0,0.0,0,0.0,0.0,0,499.0,0.4000000059604645,1
15:30:20,1362.01,0.0,0.0,0,0.0,0.0,0,484.0,0.4000000059604645,1
15:30:21,1362.74,0.0,0.0,0,0.0,0.0,0,473.0,0.4000000059604645,1
15:30:21,1363.46,0.0,0.0,0,0.0,0.0,0,503.0,0.4000000059604645,1
15:30:22,1364.19,0.0,0.0,0,0.0,0.0,0,498.0,0.4000000059604645,1
15:30:23,1364.91,0.0,0.0,0,0.0,0.0,0,488.0,0.4000000059604645,1
15:30:24,1365.65,0.0,0.0,0,0.0,0.0,0,501.0,0.4000000059604645,1
15:30:24,1366.38,0.0,0.0,0,0.0,0.0,0,488.0,0.4000000059604645,1
15:30:25,1367.1,0.0,0.0,0,0.0,0.0,0,494.0,0.4000000059604645,1
15:30:26,1367.82,0.0,0.0,0,0.0,0.0,0,512.0,0.5,1
15:30:26,1368.56,0.0,0.0,0,0.0,0.0,0,500.0,0.5,1
15:30:27,1369.29,0.0,0.0,0,0.0,0.0,0,488.0,0.5,1
15:30:28,1370.01,0.0,0.0,0,0.0,0.0,0,483.0,0.4000000059604645,1
15:30:29,1370.74,0.0,0.0,0,0.0,0.0,0,489.0,0.4000000059604645,1
15:30:29,1371.47,0.0,0.0,0,0.0,0.0,0,514.0,0.5,1
15:30:30,1372.2,0.0,0.0,0,0.0,0.0,0,498.0,0.5,1
15:30:31,1372.93,0.0,0.0,0,0.0,0.0,0,509.0,0.5,1
15:30:32,1373.68,0.0,0.0,0,0.0,0.0,0,493.0,0.5,1
15:30:32,1374.41,0.0,0.0,0,0.0,0.0,0,481.0,0.4000000059604645,1
15:30:33,1375.15,0.0,0.0,0,0.0,0.0,0,503.0,0.4000000059604645,1
15:30:34,1375.9,0.0,0.0,0,0.0,0.0,0,495.0,0.4000000059604645,1
15:30:34,1376.63,0.0,0.0,0,0.0,0.0,0,480.0,0.4000000059604645,1
15:30:35,1377.35,0.0,0.0,0,0.0,0.0,0,502.0,0.4000000059604645,1
15:30:36,1378.07,0.0,0.0,0,0.0,0.0,0,494.0,0.6000000238418579,1
15:30:37,1378.81,0.0,0.0,0,0.0,0.0,0,484.0,0.4000000059604645,1
15:30:37,1379.55,0.0,0.0,0,0.0,0.0,0,508.0,0.6000000238418579,1
15:30:38,1380.3,0.0,0.0,0,0.0,0.0,0,489.0,0.6000000238418579,1
15:30:39,1381.03,0.0,0.0,0,0.0,0.0,0,504.0,0.5,1
15:30:40,1381.75,0.0,0.0,0,0.0,0.0,0,511.0,0.6000000238418579,1
15:30:40,1382.5,0.0,0.0,0,0.0,0.0,0,511.0,0.699999988079071,1
15:30:41,1383.23,0.0,0.0,0,0.0,0.0,0,510.0,0.6000000238418579,1
15:30:42,1383.95,0.0,0.0,0,0.0,0.0,0,480.0,0.4000000059604645,1
15:30:43,1384.7,0.0,0.0,0,0.0,0.0,0,514.0,0.5,1
15:30:43,1385.42,0.0,0.0,0,0.0,0.0,0,505.0,0.5,1
15:30:44,1386.15,0.0,0.0,0,0.0,0.0,0,491.0,0.5,1
15:30:45,1386.89,0.0,0.0,0,0.0,0.0,0,512.0,0.5,1
15:30:45,1387.6,0.0,0.0,0,0.0,0.0,0,499.0,0.5,1
15:30:46,1388.32,0.0,0.0,0,0.0,0.0,0,498.0,0.5,1
15:30:47,1389.06,0.0,0.0,0,0.0,0.0,0,505.0,0.5,1
15:30:48,1389.79,0.0,0.0,0,0.0,0.0,0,492.0,0.5,1
15:30:48,1390.52,0.0,0.0,0,0.0,0.0,0,494.0,0.5,1
15:30:49,1391.24,0.0,0.0,0,0.0,0.0,0,503.0,0.5,1
15:30:50,1391.95,0.0,0.0,0,0.0,0.0,0,486.0,0.5,1
15:30:51,1392.72,0.0,0.0,0,0.0,0.0,0,508.0,0.5,1
15:30:51,1393.48,0.0,0.0,0,0.0,0.0,0,511.0,0.6000000238418579,1
15:30:52,1394.21,0.0,0.0,0,0.0,0.0,0,495.0,0.5,1
15:30:53,1394.95,0.0,0.0,0,0.0,0.0,0,504.0,0.5,1
15:30:54,1395.67,0.0,0.0,0,0.0,0.0,0,486.0,0.5,1
15:30:54,1396.41,0.0,0.0,0,0.0,0.0,0,491.0,0.4000000059604645,1
15:30:55,1397.16,0.0,0.0,0,0.0,0.0,0,482.0,0.4000000059604645,1
15:30:56,1397.88,0.0,0.0,0,0.0,0.0,0,498.0,0.4000000059604645,1
15:30:56,1398.63,0.0,0.0,0,0.0,0.0,0,491.0,0.4000000059604645,1
15:30:57,1399.37,0.0,0.0,0,0.0,0.0,0,492.0,0.4000000059604645,1
15:30:58,1400.09,0.0,0.0,0,0.0,0.0,0,516.0,0.6000000238418579,1
15:30:59,1400.85,0.0,0.0,0,0.0,0.0,0,510.0,0.6000000238418579,1
15:30:59,1401.57,0.0,0.0,0,0.0,0.0,0,478.0,0.4000000059604645,1
15:31:00,1402.3,0.0,0.0,0,0.0,0.0,0,493.0,0.4000000059604645,1
15:31:01,1403.03,0.0,0.0,0,0.0,0.0,0,492.0,0.4000000059604645,1
15:31:02,1403.76,0.0,0.0,0,0.0,0.0,0,493.0,0.4000000059604645,1
15:31:02,1404.49,0.0,0.0,0,0.0,0.0,0,498.0,0.4000000059604645,1
15:31:03,1405.22,0.0,0.0,0,0.0,0.0,0,492.0,0.4000000059604645,1
15:31:04,1405.95,0.0,0.0,0,0.0,0.0,0,491.0,0.4000000059604645,1
15:31:05,1406.67,0.0,0.0,0,0.0,0.0,0,485.0,0.699999988079071,1
15:31:05,1407.41,0.0,0.0,0,0.0,0.0,0,499.0,0.5,1
15:31:06,1408.14,0.0,0.0,0,0.0,0.0,0,492.0,0.5,1
15:31:07,1408.85,0.0,0.0,0,0.0,0.0,0,497.0,0.5,1
15:31:07,1409.58,0.0,0.0,0,0.0,0.0,0,497.0,0.5,1
15:31:08,1410.3,0.0,0.0,0,0.0,0.0,0,488.0,0.4000000059604645,1
15:31:09,1411.02,0.0,0.0,0,0.0,0.0,0,483.0,0.4000000059604645,1
15:31:10,1411.76,0.0,0.0,0,0.0,0.0,0,501.0,0.4000000059604645,1
15:31:10,1412.48,0.0,0.0,0,0.0,0.0,0,490.0,0.4000000059604645,1
15:31:11,1413.21,0.0,0.0,0,0.0,0.0,0,478.0,0.4000000059604645,1
15:31:12,1413.93,0.0,0.0,0,0.0,0.0,0,489.0,0.4000000059604645,1
15:31:13,1414.66,0.0,0.0,0,0.0,0.0,0,490.0,0.4000000059604645,1
15:31:13,1415.39,0.0,0.0,0,0.0,0.0,0,481.0,0.4000000059604645,1
15:31:14,1416.1,0.0,0.0,0,0.0,0.0,0,484.0,0.4000000059604645,1
15:31:15,1416.83,0.0,0.0,0,0.0,0.0,0,478.0,0.4000000059604645,1
15:31:15,1417.58,0.0,0.0,0,0.0,0.0,0,508.0,0.800000011920929,1
15:31:16,1418.31,0.0,0.0,0,0.0,0.0,0,500.0,0.5,1
15:31:17,1419.03,0.0,0.0,0,0.0,0.0,0,491.0,0.800000011920929,1
15:31:18,1419.75,0.0,0.0,0,0.0,0.0,0,486.0,0.4000000059604645,1
15:31:18,1420.48,0.0,0.0,0,0.0,0.0,0,490.0,0.4000000059604645,1
15:31:19,1421.21,0.0,0.0,0,0.0,0.0,0,508.0,0.5,1
15:31:20,1421.96,0.0,0.0,0,0.0,0.0,0,491.0,0.5,1
15:31:21,1422.69,0.0,0.0,0,0.0,0.0,0,496.0,0.5,1
15:31:21,1423.43,0.0,0.0,0,0.0,0.0,0,495.0,0.4000000059604645,1
15:31:22,1424.16,0.0,0.0,0,0.0,0.0,0,480.0,0.5,1
15:31:23,1424.91,0.0,0.0,0,0.0,0.0,0,490.0,0.4000000059604645,1
15:31:23,1425.62,0.0,0.0,0,0.0,0.0,0,490.0,0.4000000059604645,1
15:31:24,1426.34,0.0,0.0,0,0.0,0.0,0,485.0,0.699999988079071,1
15:31:25,1427.06,0.0,0.0,0,0.0,0.0,0,491.0,0.6000000238418579,1
15:31:26,1427.78,0.0,0.0,0,0.0,0.0,0,491.0,0.4000000059604645,1
15:31:26,1428.5,0.0,0.0,0,0.0,0.0,0,482.0,0.4000000059604645,1
15:31:27,1429.22,0.0,0.0,0,0.0,0.0,0,499.0,0.4000000059604645,1
15:31:28,1429.95,0.0,0.0,0,0.0,0.0,0,492.0,0.699999988079071,1
15:31:29,1430.68,0.0,0.0,0,0.0,0.0,0,486.0,0.5,1
15:31:29,1431.44,0.0,0.0,0,0.0,0.0,0,494.0,0.5,1
15:31:30,1432.19,0.0,0.0,0,0.0,0.0,0,483.0,0.4000000059604645,1
15:31:31,1432.91,0.0,0.0,0,0.0,0.0,0,491.0,0.699999988079071,1
15:31:32,1433.66,0.0,0.0,0,0.0,0.0,0,500.0,0.5,1
15:31:32,1434.39,0.0,0.0,0,0.0,0.0,0,507.0,0.5,1
15:31:33,1435.11,0.0,0.0,0,0.0,0.0,0,498.0,0.5,1
15:31:34,1435.84,0.0,0.0,0,0.0,0.0,0,482.0,0.4000000059604645,1
15:31:34,1436.59,0.0,0.0,0,0.0,0.0,0,501.0,0.4000000059604645,1
15:31:35,1437.37,0.0,0.0,0,0.0,0.0,0,484.0,0.4000000059604645,1
15:31:36,1438.1,0.0,0.0,0,0.0,0.0,0,487.0,0.4000000059604645,1
15:31:37,1438.83,0.0,0.0,0,0.0,0.0,0,509.0,0.5,1
15:31:37,1439.57,0.0,0.0,0,0.0,0.0,0,494.0,0.5,1
15:31:38,1440.31,0.0,0.0,0,0.0,0.0,0,473.0,0.4000000059604645,1
15:31:39,1441.04,0.0,0.0,0,0.0,0.0,0,507.0,0.5,1
15:31:40,1441.78,0.0,0.0,0,0.0,0.0,0,475.0,0.4000000059604645,1
15:31:40,1442.51,0.0,0.0,0,0.0,0.0,0,490.0,0.4000000059604645,1
15:31:41,1443.25,0.0,0.0,0,0.0,0.0,0,484.0,0.4000000059604645,1
15:31:42,1444.0,0.0,0.0,0,0.0,0.0,0,498.0,0.4000000059604645,1
15:31:43,1444.73,0.0,0.0,0,0.0,0.0,0,479.0,0.4000000059604645,1
15:31:43,1445.47,0.0,0.0,0,0.0,0.0,0,484.0,0.4000000059604645,1
15:31:44,1446.22,0.0,0.0,0,0.0,0.0,0,507.0,0.5,1
15:31:45,1446.98,0.0,0.0,0,0.0,0.0,0,496.0,0.5,1
15:31:46,1447.75,0.0,0.0,0,0.0,0.0,0,490.0,0.5,1
15:31:46,1448.49,0.0,0.0,0,0.0,0.0,0,494.0,0.5,1
15:31:47,1449.24,0.0,0.0,0,0.0,0.0,0,491.0,0.4000000059604645,1
15:31:48,1450.0,0.0,0.0,0,0.0,0.0,0,506.0,0.5,1
15:31:49,1450.72,0.0,0.0,0,0.0,0.0,0,482.0,0.4000000059604645,1
15:31:49,1451.48,0.0,0.0,0,0.0,0.0,0,481.0,0.4000000059604645,1
15:31:50,1452.29,0.0,0.0,0,0.0,0.0,0,480.0,0.4000000059604645,1
15:31:51,1453.05,0.0,0.0,0,0.0,0.0,0,482.0,0.4000000059604645,1
15:31:52,1453.81,0.0,0.0,0,0.0,0.0,0,497.0,0.4000000059604645,1
15:31:52,1454.56,0.0,0.0,0,0.0,0.0,0,487.0,0.4000000059604645,1
15:31:53,1455.3,0.0,0.0,0,0.0,0.0,0,483.0,0.4000000059604645,1
15:31:54,1456.02,0.0,0.0,0,0.0,0.0,0,490.0,0.6000000238418579,1
15:31:55,1456.75,0.0,0.0,0,0.0,0.0,0,480.0,0.6000000238418579,1
15:31:55,1457.51,0.0,0.0,0,0.0,0.0,0,482.0,1.0,1
15:31:56,1458.27,0.0,0.0,0,0.0,0.0,0,492.0,0.699999988079071,1
15:31:57,1459.03,0.0,0.0,0,0.0,0.0,0,492.0,0.5,1
15:31:58,1459.75,0.0,0.0,0,0.0,0.0,0,505.0,0.5,1
15:31:58,1460.49,0.0,0.0,0,0.0,0.0,0,497.0,0.5,1
15:31:59,1461.23,0.0,0.0,0,0.0,0.0,0,509.0,0.5,1
15:32:00,1461.96,0.0,0.0,0,0.0,0.0,0,490.0,0.5,1
15:32:01,1462.69,0.0,0.0,0,0.0,0.0,0,467.0,0.30000001192092896,1
15:32:01,1463.45,0.0,0.0,0,0.0,0.0,0,504.0,0.5,1
15:32:02,1464.18,0.0,0.0,0,0.0,0.0,0,489.0,0.4000000059604645,1
15:32:03,1464.92,0.0,0.0,0,0.0,0.0,0,483.0,0.800000011920929,1
15:32:04,1465.65,0.0,0.0,0,0.0,0.0,0,500.0,0.5,1
15:32:04,1466.39,0.0,0.0,0,0.0,0.0,0,479.0,0.4000000059604645,1
15:32:05,1467.12,0.0,0.0,0,0.0,0.0,0,479.0,0.4000000059604645,1
15:32:06,1467.85,0.0,0.0,0,0.0,0.0,0,510.0,0.5,1
15:32:06,1468.6,0.0,0.0,0,0.0,0.0,0,495.0,0.5,1
15:32:07,1469.38,0.0,0.0,0,0.0,0.0,0,505.0,0.5,1
15:32:08,1470.11,0.0,0.0,0,0.0,0.0,0,498.0,0.800000011920929,1
15:32:09,1470.84,0.0,0.0,0,0.0,0.0,0,510.0,0.6000000238418579,1
15:32:09,1471.57,0.0,0.0,0,0.0,0.0,0,489.0,0.4000000059604645,1
15:32:10,1472.32,0.0,0.0,0,0.0,0.0,0,492.0,0.4000000059604645,1
15:32:11,1473.05,0.0,0.0,0,0.0,0.0,0,502.0,0.4000000059604645,1
15:32:12,1473.79,0.0,0.0,0,0.0,0.0,0,485.0,0.699999988079071,1
15:32:12,1474.51,0.0,0.0,0,0.0,0.0,0,496.0,0.6000000238418579,1
15:32:13,1475.23,0.0,0.0,0,0.0,0.0,0,510.0,0.6000000238418579,1
15:32:14,1475.95,0.0,0.0,0,0.0,0.0,0,491.0,0.4000000059604645,1
15:32:15,1476.68,0.0,0.0,0,0.0,0.0,0,490.0,0.4000000059604645,1
15:32:15,1477.41,0.0,0.0,0,0.0,0.0,0,513.0,0.5,1
15:32:16,1478.12,0.0,0.0,0,0.0,0.0,0,484.0,0.4000000059604645,1
15:32:17,1478.84,0.0,0.0,0,0.0,0.0,0,473.0,0.4000000059604645,1
15:32:17,1479.56,0.0,0.0,0,0.0,0.0,0,498.0,0.4000000059604645,1
15:32:18,1480.3,0.0,0.0,0,0.0,0.0,0,496.0,0.4000000059604645,1
15:32:19,1481.02,0.0,0.0,0,0.0,0.0,0,491.0,0.4000000059604645,1
15:32:20,1481.77,0.0,0.0,0,0.0,0.0,0,474.0,0.4000000059604645,1
15:32:20,1482.5,0.0,0.0,0,0.0,0.0,0,503.0,0.4000000059604645,1
15:32:21,1483.23,0.0,0.0,0,0.0,0.0,0,490.0,0.4000000059604645,1
15:32:22,1483.96,0.0,0.0,0,0.0,0.0,0,493.0,0.4000000059604645,1
15:32:23,1484.7,0.0,0.0,0,0.0,0.0,0,511.0,0.5,1
15:32:23,1485.45,0.0,0.0,0,0.0,0.0,0,494.0,0.5,1
15:32:24,1486.18,0.0,0.0,0,0.0,0.0,0,497.0,0.5,1
15:32:25,1486.9,0.0,0.0,0,0.0,0.0,0,497.0,0.5,1
15:32:25,1487.63,0.0,0.0,0,0.0,0.0,0,489.0,0.4000000059604645,1
15:32:26,1488.35,0.0,0.0,0,0.0,0.0,0,500.0,0.5,1
15:32:27,1489.08,0.0,0.0,0,0.0,0.0,0,498.0,0.5,1
15:32:28,1489.82,0.0,0.0,0,0.0,0.0,0,491.0,0.5,1
15:32:28,1490.56,0.0,0.0,0,0.0,0.0,0,505.0,0.5,1
15:32:29,1491.3,0.0,0.0,0,0.0,0.0,0,481.0,0.4000000059604645,1
15:32:30,1492.03,0.0,0.0,0,0.0,0.0,0,503.0,0.4000000059604645,1
15:32:31,1492.75,0.0,0.0,0,0.0,0.0,0,494.0,0.4000000059604645,1
15:32:31,1493.48,0.0,0.0,0,0.0,0.0,0,486.0,0.4000000059604645,1
15:32:32,1494.21,0.0,0.0,0,0.0,0.0,0,507.0,0.5,1
15:32:33,1494.95,0.0,0.0,0,0.0,0.0,0,496.0,0.5,1
15:32:34,1495.68,0.0,0.0,0,0.0,0.0,0,492.0,0.5,1
15:32:34,1496.43,0.0,0.0,0,0.0,0.0,0,507.0,0.5,1
15:32:35,1497.15,0.0,0.0,0,0.0,0.0,0,482.0,0.4000000059604645,1
15:32:36,1497.88,0.0,0.0,0,0.0,0.0,0,483.0,0.4000000059604645,1
15:32:36,1498.62,0.0,0.0,0,0.0,0.0,0,485.0,0.699999988079071,1
15:32:37,1499.34,0.0,0.0,0,0.0,0.0,0,489.0,0.5,1
15:32:38,1500.05,0.0,0.0,0,0.0,0.0,0,506.0,0.5,1
15:32:39,1500.77,0.0,0.0,0,0.0,0.0,0,485.0,0.4000000059604645,1
15:32:39,1501.5,0.0,0.0,0,0.0,0.0,0,494.0,0.5,1
15:32:40,1502.24,0.0,0.0,0,0.0,0.0,0,505.0,0.5,1
15:32:41,1502.97,0.0,0.0,0,0.0,0.0,0,483.0,0.4000000059604645,1
15:32:42,1503.69,0.0,0.0,0,0.0,0.0,0,498.0,0.4000000059604645,1
15:32:42,1504.42,0.0,0.0,0,0.0,0.0,0,486.0,0.4000000059604645,1
15:32:43,1505.15,0.0,0.0,0,0.0,0.0,0,497.0,0.5,1
15:32:44,1505.89,0.0,0.0,0,0.0,0.0,0,494.0,0.4000000059604645,1
15:32:44,1506.61,0.0,0.0,0,0.0,0.0,0,517.0,0.699999988079071,1
15:32:45,1507.35,0.0,0.0,0,0.0,0.0,0,498.0,0.5,1
15:32:46,1508.08,0.0,0.0,0,0.0,0.0,0,486.0,0.4000000059604645,1
15:32:47,1508.8,0.0,0.0,0,0.0,0.0,0,486.0,0.4000000059604645,1
15:32:47,1509.52,0.0,0.0,0,0.0,0.0,0,497.0,0.4000000059604645,1
15:32:48,1510.26,0.0,0.0,0,0.0,0.0,0,495.0,0.4000000059604645,1
15:32:49,1510.97,0.0,0.0,0,0.0,0.0,0,491.0,0.4000000059604645,1
15:32:50,1511.76,0.0,0.0,0,0.0,0.0,0,512.0,0.5,1
15:32:50,1512.48,0.0,0.0,0,0.0,0.0,0,477.0,0.5,1
15:32:51,1513.21,0.0,0.0,0,0.0,0.0,0,490.0,0.5,1
15:32:52,1513.93,0.0,0.0,0,0.0,0.0,0,506.0,0.5,1
15:32:53,1514.66,0.0,0.0,0,0.0,0.0,0,478.0,0.4000000059604645,1
15:32:53,1515.39,0.0,0.0,0,0.0,0.0,0,505.0,0.5,1
15:32:54,1516.12,0.0,0.0,0,0.0,0.0,0,482.0,0.4000000059604645,1
15:32:55,1516.85,0.0,0.0,0,0.0,0.0,0,499.0,0.5,1
15:32:55,1517.58,0.0,0.0,0,0.0,0.0,0,495.0,0.5,1
15:32:56,1518.31,0.0,0.0,0,0.0,0.0,0,497.0,0.5,1
15:32:57,1519.04,0.0,0.0,0,0.0,0.0,0,509.0,0.5,1
15:32:58,1519.81,0.0,0.0,0,0.0,0.0,0,499.0,0.5,1
15:32:58,1520.53,0.0,0.0,0,0.0,0.0,0,481.0,0.4000000059604645,1
15:32:59,1521.25,0.0,0.0,0,0.0,0.0,0,496.0,0.4000000059604645,1
15:33:00,1521.98,0.0,0.0,0,0.0,0.0,0,490.0,0.4000000059604645,1
15:33:01,1522.7,0.0,0.0,0,0.0,0.0,0,483.0,0.4000000059604645,1
15:33:01,1523.43,0.0,0.0,0,0.0,0.0,0,503.0,0.4000000059604645,1
15:33:02,1524.17,0.0,0.0,0,0.0,0.0,0,489.0,0.4000000059604645,1
15:33:03,1524.9,0.0,0.0,0,0.0,0.0,0,499.0,0.5,1
15:33:04,1525.63,0.0,0.0,0,0.0,0.0,0,513.0,0.5,1
15:33:04,1526.35,0.0,0.0,0,0.0,0.0,0,489.0,0.4000000059604645,1
15:33:05,1527.07,0.0,0.0,0,0.0,0.0,0,482.0,0.4000000059604645,1
15:33:06,1527.8,0.0,0.0,0,0.0,0.0,0,488.0,0.4000000059604645,1
15:33:06,1528.53,0.0,0.0,0,0.0,0.0,0,506.0,0.5,1
15:33:07,1529.27,0.0,0.0,0,0.0,0.0,0,493.0,0.5,1
15:33:08,1530.01,0.0,0.0,0,0.0,0.0,0,498.0,0.5,1
15:33:09,1530.74,0.0,0.0,0,0.0,0.0,0,504.0,0.5,1
15:33:09,1531.48,0.0,0.0,0,0.0,0.0,0,496.0,0.5,1
15:33:10,1532.23,0.0,0.0,0,0.0,0.0,0,494.0,0.5,1
15:33:11,1532.95,0.0,0.0,0,0.0,0.0,0,519.0,0.6000000238418579,1
15:33:12,1533.69,0.0,0.0,0,0.0,0.0,0,511.0,0.6000000238418579,1
15:33:12,1534.42,0.0,0.0,0,0.0,0.0,0,489.0,0.5,1
15:33:13,1535.14,0.0,0.0,0,0.0,0.0,0,501.0,0.6000000238418579,1
15:33:14,1535.87,0.0,0.0,0,0.0,0.0,0,479.0,0.4000000059604645,1
15:33:14,1536.62,0.0,0.0,0,0.0,0.0,0,501.0,0.4000000059604645,1
15:33:15,1537.36,0.0,0.0,0,0.0,0.0,0,483.0,0.4000000059604645,1
15:33:16,1538.08,0.0,0.0,0,0.0,0.0,0,507.0,0.6000000238418579,1
15:33:17,1538.8,0.0,0.0,0,0.0,0.0,0,490.0,0.4000000059604645,1
15:33:17,1539.53,0.0,0.0,0,0.0,0.0,0,480.0,0.4000000059604645,1
15:33:18,1540.26,0.0,0.0,0,0.0,0.0,0,503.0,0.5,1
15:33:19,1540.98,0.0,0.0,0,0.0,0.0,0,500.0,1.0,1
15:33:20,1541.74,0.0,0.0,0,0.0,0.0,0,492.0,0.5,1
15:33:20,1542.48,0.0,0.0,0,0.0,0.0,0,509.0,0.5,1
15:33:21,1543.2,0.0,0.0,0,0.0,0.0,0,491.0,0.5,1
15:33:22,1543.92,0.0,0.0,0,0.0,0.0,0,491.0,0.5,1
15:33:23,1544.66,0.0,0.0,0,0.0,0.0,0,503.0,0.5,1
15:33:23,1545.41,0.0,0.0,0,0.0,0.0,0,495.0,0.5,1
15:33:24,1546.13,0.0,0.0,0,0.0,0.0,0,505.0,0.5,1
15:33:25,1546.86,0.0,0.0,0,0.0,0.0,0,489.0,0.699999988079071,1
15:33:25,1547.58,0.0,0.0,0,0.0,0.0,0,476.0,0.4000000059604645,1
15:33:26,1548.32,0.0,0.0,0,0.0,0.0,0,499.0,0.4000000059604645,1
15:33:27,1549.04,0.0,0.0,0,0.0,0.0,0,496.0,0.699999988079071,1
15:33:28,1549.8,0.0,0.0,0,0.0,0.0,0,504.0,0.5,1
15:33:28,1550.56,0.0,0.0,0,0.0,0.0,0,490.0,0.4000000059604645,1
15:33:29,1551.3,0.0,0.0,0,0.0,0.0,0,484.0,0.4000000059604645,1
15:33:30,1552.02,0.0,0.0,0,0.0,0.0,0,504.0,0.4000000059604645,1
15:33:31,1552.75,0.0,0.0,0,0.0,0.0,0,498.0,0.4000000059604645,1
15:33:31,1553.49,0.0,0.0,0,0.0,0.0,0,503.0,0.699999988079071,1
15:33:32,1554.21,0.0,0.0,0,0.0,0.0,0,489.0,0.4000000059604645,1
15:33:33,1554.93,0.0,0.0,0,0.0,0.0,0,479.0,0.800000011920929,1
15:33:34,1555.66,0.0,0.0,0,0.0,0.0,0,509.0,0.6000000238418579,1
15:33:34,1556.4,0.0,0.0,0,0.0,0.0,0,485.0,0.6000000238418579,1
15:33:35,1557.12,0.0,0.0,0,0.0,0.0,0,481.0,0.6000000238418579,1
15:33:36,1557.84,0.0,0.0,0,0.0,0.0,0,518.0,0.8999999761581421,1
15:33:36,1558.57,0.0,0.0,0,0.0,0.0,0,485.0,0.4000000059604645,1
15:33:37,1559.3,0.0,0.0,0,0.0,0.0,0,474.0,0.4000000059604645,1
15:33:38,1560.04,0.0,0.0,0,0.0,0.0,0,508.0,0.5,1
15:33:39,1560.77,0.0,0.0,0,0.0,0.0,0,485.0,0.6000000238418579,1
15:33:39,1561.51,0.0,0.0,0,0.0,0.0,0,500.0,0.5,1
15:33:40,1562.24,0.0,0.0,0,0.0,0.0,0,492.0,0.5,1
15:33:41,1562.98,0.0,0.0,0,0.0,0.0,0,508.0,0.5,1
15:33:42,1563.74,0.0,0.0,0,0.0,0.0,0,488.0,0.4000000059604645,1
15:33:42,1564.47,0.0,0.0,0,0.0,0.0,0,491.0,0.4000000059604645,1
15:33:43,1565.2,0.0,0.0,0,0.0,0.0,0,514.0,0.6000000238418579,1
15:33:44,1565.92,0.0,0.0,0,0.0,0.0,0,492.0,0.4000000059604645,1
15:33:45,1566.66,0.0,0.0,0,0.0,0.0,0,489.0,0.4000000059604645,1
15:33:45,1567.39,0.0,0.0,0,0.0,0.0,0,502.0,0.4000000059604645,1
15:33:46,1568.14,0.0,0.0,0,0.0,0.0,0,502.0,0.5,1
15:33:47,1568.89,0.0,0.0,0,0.0,0.0,0,475.0,0.5,1
15:33:47,1569.61,0.0,0.0,0,0.0,0.0,0,506.0,0.5,1
15:33:48,1570.33,0.0,0.0,0,0.0,0.0,0,487.0,0.4000000059604645,1
15:33:49,1571.06,0.0,0.0,0,0.0,0.0,0,505.0,0.4000000059604645,1
15:33:50,1571.81,0.0,0.0,0,0.0,0.0,0,482.0,0.4000000059604645,1
15:33:50,1572.54,0.0,0.0,0,0.0,0.0,0,495.0,0.4000000059604645,1
15:33:51,1573.28,0.0,0.0,0,0.0,0.0,0,493.0,0.699999988079071,1
15:33:52,1574.02,0.0,0.0,0,0.0,0.0,0,493.0,0.5,1
15:33:53,1574.74,0.0,0.0,0,0.0,0.0,0,498.0,0.5,1
15:33:53,1575.48,0.0,0.0,0,0.0,0.0,0,491.0,0.5,1
15:33:54,1576.23,0.0,0.0,0,0.0,0.0,0,490.0,0.5,1
15:33:55,1576.98,0.0,0.0,0,0.0,0.0,0,494.0,0.4000000059604645,1
15:33:56,1577.72,0.0,0.0,0,0.0,0.0,0,489.0,0.4000000059604645,1
15:33:56,1578.46,0.0,0.0,0,0.0,0.0,0,494.0,0.4000000059604645,1
15:33:57,1579.22,0.0,0.0,0,0.0,0.0,0,509.0,0.5,1
15:33:58,1579.98,0.0,0.0,0,0.0,0.0,0,491.0,0.5,1
15:33:59,1580.75,0.0,0.0,0,0.0,0.0,0,515.0,0.699999988079071,1
15:33:59,1581.52,0.0,0.0,0,0.0,0.0,0,489.0,0.699999988079071,1
15:34:00,1582.28,0.0,0.0,0,0.0,0.0,0,494.0,0.5,1
15:34:01,1583.02,0.0,0.0,0,0.0,0.0,0,480.0,0.4000000059604645,1
15:34:02,1583.75,0.0,0.0,0,0.0,0.0,0,482.0,0.4000000059604645,1
15:34:02,1584.52,0.0,0.0,0,0.0,0.0,0,490.0,0.4000000059604645,1
15:34:03,1585.29,0.0,0.0,0,0.0,0.0,0,477.0,0.8999999761581421,1
15:34:04,1586.03,0.0,0.0,0,0.0,0.0,0,499.0,0.6000000238418579,1
15:34:05,1586.81,0.0,0.0,0,0.0,0.0,0,507.0,1.2000000476837158,1
15:34:05,1587.55,0.0,0.0,0,0.0,0.0,0,478.0,0.4000000059604645,1
15:34:06,1588.29,0.0,0.0,0,0.0,0.0,0,491.0,0.4000000059604645,1
15:34:07,1589.02,0.0,0.0,0,0.0,0.0,0,489.0,0.4000000059604645,1
15:34:08,1589.74,0.0,0.0,0,0.0,0.0,0,507.0,0.6000000238418579,1
15:34:08,1590.47,0.0,0.0,0,0.0,0.0,0,490.0,0.4000000059604645,1
15:34:09,1591.21,0.0,0.0,0,0.0,0.0,0,484.0,0.4000000059604645,1
15:34:10,1591.94,0.0,0.0,0,0.0,0.0,0,492.0,0.4000000059604645,1
15:34:11,1592.67,0.0,0.0,0,0.0,0.0,0,482.0,0.4000000059604645,1
15:34:11,1593.41,0.0,0.0,0,0.0,0.0,0,486.0,0.4000000059604645,1
15:34:12,1594.14,0.0,0.0,0,0.0,0.0,0,498.0,0.4000000059604645,1
15:34:13,1594.89,0.0,0.0,0,0.0,0.0,0,507.0,0.5,1
15:34:13,1595.61,0.0,0.0,0,0.0,0.0,0,480.0,0.4000000059604645,1
15:34:14,1596.34,0.0,0.0,0,0.0,0.0,0,500.0,0.4000000059604645,1
15:34:15,1597.06,0.0,0.0,0,0.0,0.0,0,492.0,0.4000000059604645,1
15:34:16,1597.79,0.0,0.0,0,0.0,0.0,0,484.0,0.4000000059604645,1
15:34:16,1598.52,0.0,0.0,0,0.0,0.0,0,494.0,0.4000000059604645,1
15:34:17,1599.26,0.0,0.0,0,0.0,0.0,0,504.0,0.5,1
15:34:18,1599.98,0.0,0.0,0,0.0,0.0,0,492.0,0.5,1
15:34:19,1600.74,0.0,0.0,0,0.0,0.0,0,472.0,0.4000000059604645,1
15:34:19,1601.47,0.0,0.0,0,0.0,0.0,0,498.0,0.699999988079071,1
15:34:20,1602.2,0.0,0.0,0,0.0,0.0,0,499.0,0.6000000238418579,1
15:34:21,1602.93,0.0,0.0,0,0.0,0.0,0,488.0,0.6000000238418579,1
15:34:22,1603.66,0.0,0.0,0,0.0,0.0,0,493.0,0.5,1
15:34:22,1604.41,0.0,0.0,0,0.0,0.0,0,496.0,0.5,1
15:34:23,1605.14,0.0,0.0,0,0.0,0.0,0,495.0,0.5,1
15:34:24,1605.88,0.0,0.0,0,0.0,0.0,0,493.0,0.4000000059604645,1
15:34:24,1606.61,0.0,0.0,0,0.0,0.0,0,491.0,0.4000000059604645,1
15:34:25,1607.35,0.0,0.0,0,0.0,0.0,0,479.0,0.4000000059604645,1
15:34:26,1608.11,0.0,0.0,0,0.0,0.0,0,490.0,0.4000000059604645,1
15:34:27,1608.86,0.0,0.0,0,0.0,0.0,0,496.0,0.4000000059604645,1
15:34:27,1609.63,0.0,0.0,0,0.0,0.0,0,507.0,0.6000000238418579,1
15:34:28,1610.39,0.0,0.0,0,0.0,0.0,0,486.0,0.5,1
15:34:29,1611.14,0.0,0.0,0,0.0,0.0,0,532.0,0.8999999761581421,1
15:34:30,1611.89,0.0,0.0,0,0.0,0.0,0,516.0,1.2999999523162842,1
15:34:31,1612.64,0.0,0.0,0,0.0,0.0,0,479.0,0.4000000059604645,1
15:34:31,1613.39,0.0,0.0,0,0.0,0.0,0,471.0,0.4000000059604645,1
15:34:32,1614.11,0.0,0.0,0,0.0,0.0,0,502.0,0.4000000059604645,1
15:34:33,1614.84,0.0,0.0,0,0.0,0.0,0,490.0,0.4000000059604645,1
15:34:33,1615.56,0.0,0.0,0,0.0,0.0,0,474.0,0.4000000059604645,1
15:34:34,1616.3,0.0,0.0,0,0.0,0.0,0,506.0,0.4000000059604645,1
15:34:35,1617.06,0.0,0.0,0,0.0,0.0,0,488.0,0.4000000059604645,1
15:34:36,1617.78,0.0,0.0,0,0.0,0.0,0,493.0,0.4000000059604645,1
15:34:36,1618.51,0.0,0.0,0,0.0,0.0,0,474.0,0.4000000059604645,1
15:34:37,1619.25,0.0,0.0,0,0.0,0.0,0,510.0,0.5,1
15:34:38,1620.0,0.0,0.0,0,0.0,0.0,0,511.0,0.699999988079071,1
15:34:39,1620.74,0.0,0.0,0,0.0,0.0,0,488.0,0.699999988079071,1
15:34:39,1621.48,0.0,0.0,0,0.0,0.0,0,513.0,0.6000000238418579,1
15:34:40,1622.21,0.0,0.0,0,0.0,0.0,0,471.0,0.4000000059604645,1
15:34:41,1622.96,0.0,0.0,0,0.0,0.0,0,481.0,0.4000000059604645,1
15:34:42,1623.71,0.0,0.0,0,0.0,0.0,0,502.0,0.4000000059604645,1
15:34:42,1624.44,0.0,0.0,0,0.0,0.0,0,469.0,0.4000000059604645,1
15:34:43,1625.18,0.0,0.0,0,0.0,0.0,0,485.0,0.4000000059604645,1
15:34:44,1625.9,0.0,0.0,0,0.0,0.0,0,501.0,0.699999988079071,1
15:34:45,1626.64,0.0,0.0,0,0.0,0.0,0,487.0,0.5,1
15:34:45,1627.37,0.0,0.0,0,0.0,0.0,0,487.0,0.5,1
15:34:46,1628.09,0.0,0.0,0,0.0,0.0,0,480.0,0.6000000238418579,1
15:34:47,1628.85,0.0,0.0,0,0.0,0.0,0,512.0,0.6000000238418579,1
15:34:47,1629.57,0.0,0.0,0,0.0,0.0,0,492.0,0.5,1
15:34:48,1630.31,0.0,0.0,0,0.0,0.0,0,481.0,0.4000000059604645,1
15:34:49,1631.03,0.0,0.0,0,0.0,0.0,0,514.0,0.5,1
15:34:50,1631.79,0.0,0.0,0,0.0,0.0,0,493.0,0.5,1
15:34:50,1632.51,0.0,0.0,0,0.0,0.0,0,482.0,0.4000000059604645,1
15:34:51,1633.25,0.0,0.0,0,0.0,0.0,0,504.0,0.4000000059604645,1
15:34:52,1634.01,0.0,0.0,0,0.0,0.0,0,480.0,0.4000000059604645,1
15:34:53,1634.74,0.0,0.0,0,0.0,0.0,0,475.0,0.4000000059604645,1
15:34:53,1635.46,0.0,0.0,0,0.0,0.0,0,502.0,0.4000000059604645,1
15:34:54,1636.19,0.0,0.0,0,0.0,0.0,0,483.0,0.4000000059604645,1
15:34:55,1636.91,0.0,0.0,0,0.0,0.0,0,513.0,0.5,1
15:34:55,1637.63,0.0,0.0,0,0.0,0.0,0,483.0,0.4000000059604645,1
15:34:56,1638.36,0.0,0.0,0,0.0,0.0,0,472.0,0.699999988079071,1
15:34:57,1639.1,0.0,0.0,0,0.0,0.0,0,504.0,0.5,1
15:34:58,1639.86,0.0,0.0,0,0.0,0.0,0,474.0,0.4000000059604645,1
15:34:58,1640.59,0.0,0.0,0,0.0,0.0,0,510.0,0.4000000059604645,1
15:34:59,1641.38,0.0,0.0,0,0.0,0.0,0,489.0,0.4000000059604645,1
15:35:00,1642.11,0.0,0.0,0,0.0,0.0,0,480.0,0.4000000059604645,1
15:35:01,1642.85,0.0,0.0,0,0.0,0.0,0,504.0,0.4000000059604645,1
15:35:01,1643.61,0.0,0.0,0,0.0,0.0,0,474.0,0.4000000059604645,1
15:35:02,1644.35,0.0,0.0,0,0.0,0.0,0,490.0,0.4000000059604645,1
15:35:03,1645.09,0.0,0.0,0,0.0,0.0,0,508.0,0.4000000059604645,1
15:35:04,1645.84,0.0,0.0,0,0.0,0.0,0,482.0,0.4000000059604645,1
15:35:04,1646.58,0.0,0.0,0,0.0,0.0,0,509.0,0.6000000238418579,1
15:35:05,1647.32,0.0,0.0,0,0.0,0.0,0,488.0,0.5,1
15:35:06,1648.07,0.0,0.0,0,0.0,0.0,0,496.0,0.5,1
15:35:07,1648.79,0.0,0.0,0,0.0,0.0,0,509.0,0.5,1
15:35:07,1649.52,0.0,0.0,0,0.0,0.0,0,487.0,0.5,1
15:35:08,1650.25,0.0,0.0,0,0.0,0.0,0,504.0,0.5,1
15:35:09,1650.98,0.0,0.0,0,0.0,0.0,0,496.0,0.5,1
15:35:10,1651.72,0.0,0.0,0,0.0,0.0,0,477.0,0.6000000238418579,1
15:35:10,1652.45,0.0,0.0,0,0.0,0.0,0,492.0,1.0,1
15:35:11,1653.19,0.0,0.0,0,0.0,0.0,0,474.0,0.6000000238418579,1
15:35:12,1653.94,0.0,0.0,0,0.0,0.0,0,480.0,0.699999988079071,1
15:35:13,1654.67,0.0,0.0,0,0.0,0.0,0,507.0,0.800000011920929,1
15:35:13,1655.41,0.0,0.0,0,0.0,0.0,0,482.0,0.4000000059604645,1
15:35:14,1656.13,0.0,0.0,0,0.0,0.0,0,501.0,0.4000000059604645,1
15:35:15,1656.85,0.0,0.0,0,0.0,0.0,0,479.0,0.4000000059604645,1
15:35:15,1657.61,0.0,0.0,0,0.0,0.0,0,471.0,0.4000000059604645,1
15:35:16,1658.34,0.0,0.0,0,0.0,0.0,0,498.0,0.4000000059604645,1
15:35:17,1659.07,0.0,0.0,0,0.0,0.0,0,492.0,0.4000000059604645,1
15:35:18,1659.81,0.0,0.0,0,0.0,0.0,0,503.0,0.4000000059604645,1
15:35:18,1660.54,0.0,0.0,0,0.0,0.0,0,479.0,0.4000000059604645,1
15:35:19,1661.27,0.0,0.0,0,0.0,0.0,0,493.0,0.4000000059604645,1
15:35:20,1662.02,0.0,0.0,0,0.0,0.0,0,509.0,0.5,1
15:35:21,1662.75,0.0,0.0,0,0.0,0.0,0,486.0,0.4000000059604645,1
15:35:21,1663.5,0.0,0.0,0,0.0,0.0,0,489.0,0.4000000059604645,1
15:35:22,1664.23,0.0,0.0,0,0.0,0.0,0,508.0,0.4000000059604645,1
15:35:23,1664.96,0.0,0.0,0,0.0,0.0,0,478.0,0.4000000059604645,1
15:35:24,1665.7,0.0,0.0,0,0.0,0.0,0,500.0,0.4000000059604645,1
15:35:24,1666.43,0.0,0.0,0,0.0,0.0,0,472.0,0.4000000059604645,1
15:35:25,1667.15,0.0,0.0,0,0.0,0.0,0,491.0,0.4000000059604645,1
15:35:26,1667.88,0.0,0.0,0,0.0,0.0,0,499.0,0.4000000059604645,1
15:35:26,1668.63,0.0,0.0,0,0.0,0.0,0,481.0,0.4000000059604645,1
15:35:27,1669.36,0.0,0.0,0,0.0,0.0,0,484.0,0.699999988079071,1
15:35:28,1670.1,0.0,0.0,0,0.0,0.0,0,520.0,0.699999988079071,1
15:35:29,1670.84,0.0,0.0,0,0.0,0.0,0,486.0,0.4000000059604645,1
15:35:29,1671.58,0.0,0.0,0,0.0,0.0,0,534.0,0.800000011920929,1
15:35:30,1672.32,0.0,0.0,0,0.0,0.0,0,493.0,0.6000000238418579,1
15:35:31,1673.05,0.0,0.0,0,0.0,0.0,0,473.0,0.4000000059604645,1
15:35:32,1673.8,0.0,0.0,0,0.0,0.0,0,480.0,0.6000000238418579,1
15:35:32,1674.54,0.0,0.0,0,0.0,0.0,0,478.0,0.6000000238418579,1
15:35:33,1675.31,0.0,0.0,0,0.0,0.0,0,499.0,0.4000000059604645,1
15:35:34,1676.06,0.0,0.0,0,0.0,0.0,0,488.0,0.4000000059604645,1
15:35:35,1676.78,0.0,0.0,0,0.0,0.0,0,480.0,0.4000000059604645,1
15:35:35,1677.55,0.0,0.0,0,0.0,0.0,0,502.0,0.4000000059604645,1
15:35:36,1678.29,0.0,0.0,0,0.0,0.0,0,483.0,0.4000000059604645,1
15:35:37,1679.01,0.0,0.0,0,0.0,0.0,0,474.0,0.6000000238418579,1
15:35:38,1679.75,0.0,0.0,0,0.0,0.0,0,496.0,0.4000000059604645,1
15:35:38,1680.48,0.0,0.0,0,0.0,0.0,0,478.0,0.4000000059604645,1
15:35:39,1681.21,0.0,0.0,0,0.0,0.0,0,496.0,1.0,1
15:35:40,1681.95,0.0,0.0,0,0.0,0.0,0,485.0,0.4000000059604645,1
15:35:41,1682.72,0.0,0.0,0,0.0,0.0,0,508.0,0.4000000059604645,1
15:35:41,1683.46,0.0,0.0,0,0.0,0.0,0,477.0,0.4000000059604645,1
15:35:42,1684.22,0.0,0.0,0,0.0,0.0,0,493.0,0.4000000059604645,1
15:35:43,1684.95,0.0,0.0,0,0.0,0.0,0,515.0,1.2000000476837158,1
15:35:44,1685.72,0.0,0.0,0,0.0,0.0,0,485.0,0.4000000059604645,1
15:35:44,1686.44,0.0,0.0,0,0.0,0.0,0,483.0,0.4000000059604645,1
15:35:45,1687.17,0.0,0.0,0,0.0,0.0,0,501.0,0.5,1
15:35:46,1687.9,0.0,0.0,0,0.0,0.0,0,498.0,0.5,1
15:35:46,1688.61,0.0,0.0,0,0.0,0.0,0,478.0,0.4000000059604645,1
15:35:47,1689.35,0.0,0.0,0,0.0,0.0,0,496.0,0.4000000059604645,1
15:35:48,1690.08,0.0,0.0,0,0.0,0.0,0,478.0,0.4000000059604645,1
15:35:49,1690.81,0.0,0.0,0,0.0,0.0,0,499.0,0.4000000059604645,1
15:35:49,1691.55,0.0,0.0,0,0.0,0.0,0,493.0,0.4000000059604645,1
15:35:50,1692.29,0.0,0.0,0,0.0,0.0,0,511.0,0.5,1
15:35:51,1693.02,0.0,0.0,0,0.0,0.0,0,486.0,0.6000000238418579,1
15:35:52,1693.75,0.0,0.0,0,0.0,0.0,0,476.0,0.4000000059604645,1
15:35:52,1694.49,0.0,0.0,0,0.0,0.0,0,526.0,0.6000000238418579,1
15:35:53,1695.24,0.0,0.0,0,0.0,0.0,0,480.0,0.4000000059604645,1
15:35:54,1695.98,0.0,0.0,0,0.0,0.0,0,482.0,0.4000000059604645,1
15:35:55,1696.71,0.0,0.0,0,0.0,0.0,0,520.0,0.6000000238418579,1
15:35:55,1697.46,0.0,0.0,0,0.0,0.0,0,481.0,0.4000000059604645,1
15:35:56,1698.2,0.0,0.0,0,0.0,0.0,0,474.0,0.4000000059604645,1
15:35:57,1698.93,0.0,0.0,0,0.0,0.0,0,494.0,0.4000000059604645,1
15:35:58,1699.7,0.0,0.0,0,0.0,0.0,0,482.0,0.4000000059604645,1
15:35:58,1700.43,0.0,0.0,0,0.0,0.0,0,512.0,0.5,1
15:35:59,1701.18,0.0,0.0,0,0.0,0.0,0,476.0,0.5,1
15:36:00,1701.94,0.0,0.0,0,0.0,0.0,0,510.0,0.5,1
15:36:01,1702.7,0.0,0.0,0,0.0,0.0,0,484.0,0.4000000059604645,1
15:36:01,1703.45,0.0,0.0,0,0.0,0.0,0,488.0,0.800000011920929,1
15:36:02,1704.19,0.0,0.0,0,0.0,0.0,0,497.0,0.5,1
15:36:03,1704.97,0.0,0.0,0,0.0,0.0,0,480.0,0.699999988079071,1
15:36:04,1705.74,0.0,0.0,0,0.0,0.0,0,483.0,0.4000000059604645,1
15:36:04,1706.46,0.0,0.0,0,0.0,0.0,0,506.0,0.4000000059604645,1
15:36:05,1707.19,0.0,0.0,0,0.0,0.0,0,490.0,0.4000000059604645,1
15:36:06,1707.93,0.0,0.0,0,0.0,0.0,0,485.0,0.4000000059604645,1
15:36:07,1708.71,0.0,0.0,0,0.0,0.0,0,476.0,0.4000000059604645,1
15:36:07,1709.45,0.0,0.0,0,0.0,0.0,0,479.0,0.4000000059604645,1
15:36:08,1710.21,0.0,0.0,0,0.0,0.0,0,508.0,0.4000000059604645,1
15:36:09,1710.97,0.0,0.0,0,0.0,0.0,0,489.0,0.5,1
15:36:10,1711.72,0.0,0.0,0,0.0,0.0,0,502.0,0.5,1
15:36:10,1712.47,0.0,0.0,0,0.0,0.0,0,483.0,0.4000000059604645,1
15:36:11,1713.23,0.0,0.0,0,0.0,0.0,0,495.0,0.6000000238418579,1
15:36:12,1713.95,0.0,0.0,0,0.0,0.0,0,515.0,1.399999976158142,1
15:36:13,1714.68,0.0,0.0,0,0.0,0.0,0,498.0,1.2999999523162842,1
15:36:13,1715.42,0.0,0.0,0,0.0,0.0,0,470.0,1.0,1
15:36:14,1716.15,0.0,0.0,0,0.0,0.0,0,486.0,1.5,1
15:36:15,1716.88,0.0,0.0,0,0.0,0.0,0,471.0,0.6000000238418579,1
15:36:15,1717.61,0.0,0.0,0,0.0,0.0,0,468.0,1.0,1
15:36:16,1718.35,0.0,0.0,0,0.0,0.0,0,429.0,0.4000000059604645,1
15:36:17,1719.11,0.0,0.0,0,0.0,0.0,0,451.0,0.699999988079071,1
15:36:18,1719.83,0.0,0.0,0,0.0,0.0,0,440.0,0.699999988079071,1
15:36:18,1720.57,0.0,0.0,0,0.0,0.0,0,420.0,0.6000000238418579,1
15:36:19,1721.32,0.0,0.0,0,0.0,0.0,0,395.0,0.5,1
15:36:20,1722.05,0.0,0.0,0,0.0,0.0,0,429.0,1.5,1
15:36:21,1722.78,0.0,0.0,0,0.0,0.0,0,388.0,0.8999999761581421,1
15:36:21,1723.51,0.0,0.0,0,0.0,0.0,0,381.0,0.699999988079071,1
15:36:22,1724.24,0.0,0.0,0,0.0,0.0,0,388.0,0.699999988079071,1
15:36:23,1724.97,0.0,0.0,0,0.0,0.0,0,380.0,1.0,1
15:36:24,1725.74,0.0,0.0,0,0.0,0.0,0,391.0,1.0,1
15:36:24,1726.48,0.0,0.0,0,0.0,0.0,0,356.0,0.699999988079071,1
15:36:25,1727.21,0.0,0.0,0,0.0,0.0,0,366.0,0.8999999761581421,1
15:36:26,1727.95,0.0,0.0,0,0.0,0.0,0,346.0,0.6000000238418579,1
15:36:27,1728.7,0.0,0.0,0,0.0,0.0,0,350.0,0.8999999761581421,1
15:36:27,1729.45,0.0,0.0,0,0.0,0.0,0,321.0,0.699999988079071,1
15:36:28,1730.18,0.0,0.0,0,0.0,0.0,0,324.0,0.5,1
15:36:29,1730.91,0.0,0.0,0,0.0,0.0,0,319.0,0.6000000238418579,1
15:36:30,1731.66,0.0,0.0,0,0.0,0.0,0,314.0,0.699999988079071,1
15:36:30,1732.39,0.0,0.0,0,0.0,0.0,0,306.0,0.699999988079071,1
15:36:31,1733.11,0.0,0.0,0,0.0,0.0,0,300.0,0.699999988079071,1
15:36:32,1733.86,0.0,0.0,0,0.0,0.0,0,295.0,0.699999988079071,1
15:36:32,1734.61,0.0,0.0,0,0.0,0.0,0,288.0,0.699999988079071,1
15:36:33,1735.36,0.0,0.0,0,0.0,0.0,0,281.0,0.699999988079071,1
15:36:34,1736.08,0.0,0.0,0,0.0,0.0,0,276.0,0.699999988079071,1
15:36:35,1736.82,0.0,0.0,0,0.0,0.0,0,270.0,0.6000000238418579,1
15:36:35,1737.55,0.0,0.0,0,0.0,0.0,0,257.0,0.6000000238418579,1
15:36:36,1738.31,0.0,0.0,0,0.0,0.0,0,245.0,0.6000000238418579,1
15:36:37,1739.04,0.0,0.0,0,0.0,0.0,0,240.0,0.5,1
15:36:38,1739.81,0.0,0.0,0,0.0,0.0,0,234.0,0.5,1
15:36:38,1740.54,0.0,0.0,0,0.0,0.0,0,228.0,0.5,1
15:36:39,1741.28,0.0,0.0,0,0.0,0.0,0,222.0,0.5,1
15:36:40,1742.01,0.0,0.0,0,0.0,0.0,0,215.0,0.5,1
15:36:41,1742.74,0.0,0.0,0,0.0,0.0,0,209.0,0.5,1
15:36:41,1743.51,0.0,0.0,0,0.0,0.0,0,204.0,0.5,1
15:36:42,1744.26,0.0,0.0,0,0.0,0.0,0,198.0,0.5,1
15:36:43,1745.02,0.0,0.0,0,0.0,0.0,0,189.0,0.5,1
15:36:44,1745.75,0.0,0.0,0,0.0,0.0,0,185.0,0.5,1
15:36:44,1746.51,0.0,0.0,0,0.0,0.0,0,173.0,0.4000000059604645,1
15:36:45,1747.28,0.0,0.0,0,0.0,0.0,0,167.0,0.4000000059604645,1
15:36:46,1748.03,0.0,0.0,0,0.0,0.0,0,155.0,0.4000000059604645,1
15:36:47,1748.77,0.0,0.0,0,0.0,0.0,0,149.0,0.4000000059604645,1
15:36:47,1749.56,0.0,0.0,0,0.0,0.0,0,142.0,0.4000000059604645,1
15:36:48,1750.28,0.0,0.0,0,0.0,0.0,0,136.0,0.4000000059604645,1
15:36:49,1751.01,0.0,0.0,0,0.0,0.0,0,131.0,0.4000000059604645,1
15:36:50,1751.74,0.0,0.0,0,0.0,0.0,0,123.0,0.30000001192092896,1
15:36:50,1752.5,0.0,0.0,0,0.0,0.0,0,117.0,0.30000001192092896,1
15:36:51,1753.25,0.0,0.0,0,0.0,0.0,0,111.0,0.30000001192092896,1
15:36:52,1754.02,0.0,0.0,0,0.0,0.0,0,104.0,0.30000001192092896,1
15:36:53,1754.76,0.0,0.0,0,0.0,0.0,0,91.0,0.20000000298023224,1
15:36:53,1755.5,0.0,0.0,0,0.0,0.0,0,85.0,0.20000000298023224,1
15:36:54,1756.25,0.0,0.0,0,0.0,0.0,0,80.0,0.20000000298023224,1
15:36:55,1756.98,0.0,0.0,0,0.0,0.0,0,67.0,0.10000000149011612,1
15:36:56,1757.72,0.0,0.0,0,0.0,0.0,0,61.0,0.10000000149011612,1
15:36:56,1758.45,0.0,0.0,0,0.0,0.0,0,55.0,0.10000000149011612,1
15:36:57,1759.18,0.0,0.0,0,0.0,0.0,0,49.0,0.10000000149011612,1
15:36:58,1759.94,0.0,0.0,0,0.0,0.0,0,42.0,0.10000000149011612,1
15:36:59,1760.72,0.0,0.0,0,0.0,0.0,0,36.0,0.10000000149011612,1
15:36:59,1761.49,0.0,0.0,0,0.0,0.0,0,30.0,0.10000000149011612,1
15:37:00,1762.27,0.0,0.0,0,0.0,0.0,0,24.0,0.0,1
15:37:01,1763.07,0.0,0.0,0,0.0,0.0,0,13.0,0.0,1
15:37:02,1763.84,0.0,0.0,0,0.0,0.0,0,9.0,0.0,1
15:37:02,1764.6,0.0,0.0,0,0.0,0.0,0,7.0,0.0,1
15:37:03,1765.37,0.0,0.0,0,0.0,0.0,0,5.0,0.0,1
15:37:04,1766.15,0.0,0.0,0,0.0,0.0,0,4.0,0.0,1
15:37:05,1766.88,0.0,0.0,0,0.0,0.0,0,2.0,0.0,1
15:37:05,1767.63,0.0,0.0,0,0.0,0.0,0,2.0,0.0,1
15:37:06,1768.35,0.0,0.0,0,0.0,0.0,0,2.0,0.0,1
15:37:07,1769.08,0.0,0.0,0,0.0,0.0,0,2.0,0.0,1
15:37:08,1769.88,0.0,0.0,0,0.0,0.0,0,2.0,0.0,1
15:37:08,1770.6,0.0,0.0,0,0.0,0.0,0,2.0,0.0,1
15:37:09,1771.33,0.0,0.0,0,0.0,0.0,0,2.0,0.0,1
15:37:10,1772.05,0.0,0.0,0,0.0,0.0,0,2.0,0.0,1
15:37:11,1772.8,0.0,0.0,0,0.0,0.0,0,2.0,0.0,1
15:37:11,1773.53,0.0,0.0,0,0.0,0.0,0,2.0,0.0,1
15:37:12,1774.27,0.0,0.0,0,0.0,0.0,0,2.0,0.0,1
15:37:13,1775.01,0.0,0.0,0,0.0,0.0,0,2.0,0.0,1
15:37:14,1775.74,0.0,0.0,0,0.0,0.0,0,2.0,0.0,1
15:37:14,1776.49,0.0,0.0,0,0.0,0.0,0,2.0,0.0,1
15:37:15,1777.25,0.0,0.0,0,0.0,0.0,0,2.0,0.0,1
15:37:16,1777.97,0.0,0.0,0,0.0,0.0,0,2.0,0.0,1
15:37:17,1778.71,0.0,0.0,0,0.0,0.0,0,2.0,0.0,1
15:37:17,1779.45,0.0,0.0,0,0.0,0.0,0,2.0,0.0,1
15:37:18,1780.17,0.0,0.0,0,0.0,0.0,0,2.0,0.0,1
15:37:19,1780.9,0.0,0.0,0,0.0,0.0,0,2.0,0.0,1
15:37:19,1781.63,0.0,0.0,0,0.0,0.0,0,2.0,0.0,1
15:37:20,1782.41,0.0,0.0,0,0.0,0.0,0,2.0,0.0,1
15:37:21,1783.15,0.0,0.0,0,0.0,0.0,0,2.0,0.0,1
15:37:22,1783.91,0.0,0.0,0,0.0,0.0,0,2.0,0.0,1
15:37:23,1784.68,0.0,0.0,0,0.0,0.0,0,2.0,0.0,1
15:37:23,1785.42,0.0,0.0,0,0.0,0.0,0,2.0,0.0,1
15:37:24,1786.15,0.0,0.0,0,0.0,0.0,0,2.0,0.0,1
15:37:25,1786.87,0.0,0.0,0,0.0,0.0,0,2.0,0.0,1
15:37:26,1787.64,0.0,0.0,0,0.0,0.0,0,2.0,0.0,1
15:37:26,1788.4,0.0,0.0,0,0.0,0.0,0,2.0,0.0,1
15:37:27,1789.16,0.0,0.0,0,0.0,0.0,0,2.0,0.0,1
15:37:28,1789.92,0.0,0.0,0,0.0,0.0,0,2.0,0.0,1
15:37:29,1790.69,0.0,0.0,0,0.0,0.0,0,2.0,0.0,1
15:37:29,1791.48,0.0,0.0,0,0.0,0.0,0,2.0,0.0,1
15:37:30,1792.23,0.0,0.0,0,0.0,0.0,0,2.0,0.0,1
15:37:31,1792.96,0.0,0.0,0,0.0,0.0,0,2.0,0.0,0
15:37:32,1793.7,0.0,0.0,0,0.0,0.0,0,2.0,0.0,0
15:37:32,1794.45,0.0,0.0,0,0.0,0.0,0,2.0,0.0,0
15:37:33,1795.18,0.0,0.0,0,0.0,0.0,0,2.0,0.0,0
15:37:34,1795.91,0.0,0.0,0,0.0,0.0,0,40.0,0.0,0
15:37:35,1796.67,0.0,0.0,0,0.0,0.0,0,26.0,0.0,0
15:37:35,1797.4,0.0,0.0,0,0.0,0.0,0,19.0,0.0,0
15:37:36,1798.14,0.0,0.0,0,0.0,0.0,0,17.0,0.0,0
15:37:37,1798.87,0.0,0.0,0,0.0,0.0,0,14.0,0.0,0
15:37:37,1799.6,0.0,0.0,0,0.0,0.0,0,13.0,0.0,0
15:37:38,1800.37,0.0,0.0,0,0.0,0.0,0,11.0,0.0,0
15:37:39,1801.11,0.0,0.0,0,0.0,0.0,0,10.0,0.0,0
15:37:40,1801.85,0.0,0.0,0,0.0,0.0,0,9.0,0.0,0
15:37:40,1802.58,0.0,0.0,0,0.0,0.0,0,8.0,0.0,0
15:37:41,1803.33,0.0,0.0,0,0.0,0.0,0,7.0,0.0,0
15:37:42,1804.07,0.0,0.0,0,0.0,0.0,0,5.0,0.0,0
15:37:43,1804.82,0.0,0.0,0,0.0,0.0,0,5.0,0.0,0
15:37:43,1805.54,0.0,0.0,0,0.0,0.0,0,4.0,0.0,0
15:37:44,1806.31,0.0,0.0,0,0.0,0.0,0,4.0,0.0,0
15:37:45,1807.05,0.0,0.0,0,0.0,0.0,0,3.0,0.0,0
15:37:46,1807.85,0.0,0.0,0,0.0,0.0,0,3.0,0.0,0
15:37:46,1808.56,0.0,0.0,0,0.0,0.0,0,3.0,0.0,0
15:37:47,1809.3,0.0,0.0,0,0.0,0.0,0,3.0,0.0,0
15:37:48,1810.04,0.0,0.0,0,0.0,0.0,0,3.0,0.0,0
15:37:49,1810.77,0.0,0.0,0,0.0,0.0,0,3.0,0.0,0
15:37:49,1811.5,0.0,0.0,0,0.0,0.0,0,2.0,0.0,0
15:37:50,1812.23,0.0,0.0,0,0.0,0.0,0,2.0,0.0,0
15:37:51,1812.96,0.0,0.0,0,0.0,0.0,0,2.0,0.0,0
15:37:52,1813.69,0.0,0.0,0,0.0,0.0,0,2.0,0.0,0
15:37:52,1814.5,0.0,0.0,0,0.0,0.0,0,2.0,0.0,0
15:37:53,1815.27,0.0,0.0,0,0.0,0.0,0,2.0,0.0,0
15:37:54,1816.0,0.0,0.0,0,0.0,0.0,0,2.0,0.0,0
15:37:55,1816.78,0.0,0.0,0,0.0,0.0,0,2.0,0.0,0
15:37:55,1817.53,0.0,0.0,0,0.0,0.0,0,2.0,0.0,0
15:37:56,1818.29,0.0,0.0,0,0.0,0.0,0,2.0,0.0,0
15:37:57,1819.05,0.0,0.0,0,0.0,0.0,0,2.0,0.0,0
15:37:58,1819.79,0.0,0.0,0,0.0,0.0,0,2.0,0.0,0
15:37:58,1820.52,0.0,0.0,0,0.0,0.0,0,2.0,0.0,0
15:37:59,1821.26,0.0,0.0,0,0.0,0.0,0,2.0,0.0,0
15:38:00,1821.98,0.0,0.0,0,0.0,0.0,0,2.0,0.0,0
15:38:01,1822.72,0.0,0.0,0,0.0,0.0,0,1.0,0.0,0
15:38:01,1823.46,0.0,0.0,0,0.0,0.0,0,1.0,0.0,0
15:38:02,1824.22,0.0,0.0,0,0.0,0.0,0,1.0,0.0,0
15:38:03,1824.94,0.0,0.0,0,0.0,0.0,0,1.0,0.0,0
15:38:04,1825.67,0.0,0.0,0,0.0,0.0,0,1.0,0.0,0
15:38:04,1826.41,0.0,0.0,0,0.0,0.0,0,1.0,0.0,0
15:38:05,1827.13,0.0,0.0,0,0.0,0.0,0,1.0,0.0,0
15:38:06,1827.88,0.0,0.0,0,0.0,0.0,0,1.0,0.0,0
15:38:06,1828.61,0.0,0.0,0,0.0,0.0,0,1.0,0.0,0
15:38:07,1829.35,0.0,0.0,0,0.0,0.0,0,1.0,0.0,0
15:38:08,1830.08,0.0,0.0,0,0.0,0.0,0,1.0,0.0,0
15:38:09,1830.85,0.0,0.0,0,0.0,0.0,0,1.0,0.0,0
15:38:09,1831.57,0.0,0.0,0,0.0,0.0,0,1.0,0.0,0
15:38:10,1832.34,0.0,0.0,0,0.0,0.0,0,1.0,0.0,0
15:38:11,1833.07,0.0,0.0,0,0.0,0.0,0,1.0,0.0,0
15:38:12,1833.8,0.0,0.0,0,0.0,0.0,0,1.0,0.0,0
15:38:12,1834.55,0.0,0.0,0,0.0,0.0,0,1.0,0.0,0
15:38:13,1835.3,0.0,0.0,0,0.0,0.0,0,1.0,0.0,0
15:38:14,1836.04,0.0,0.0,0,0.0,0.0,0,1.0,0.0,0
15:38:15,1836.8,0.0,0.0,0,0.0,0.0,0,1.0,0.0,0
15:38:15,1837.53,0.0,0.0,0,0.0,0.0,0,1.0,0.0,0
15:38:16,1838.27,0.0,0.0,0,0.0,0.0,0,1.0,0.0,0
15:38:17,1838.99,0.0,0.0,0,0.0,0.0,0,1.0,0.0,0
15:38:18,1839.73,0.0,0.0,0,0.0,0.0,0,1.0,0.0,0
15:38:18,1840.45,0.0,0.0,0,0.0,0.0,0,1.0,0.0,0
15:38:19,1841.2,0.0,0.0,0,0.0,0.0,0,1.0,0.0,0
15:38:20,1841.93,0.0,0.0,0,0.0,0.0,0,1.0,0.0,0
15:38:21,1842.67,0.0,0.0,0,0.0,0.0,0,1.0,0.0,0
15:38:21,1843.4,0.0,0.0,0,0.0,0.0,0,1.0,0.0,0
15:38:22,1844.13,0.0,0.0,0,0.0,0.0,0,1.0,0.0,0
15:38:23,1844.87,0.0,0.0,0,0.0,0.0,0,1.0,0.0,0
15:38:23,1845.62,0.0,0.0,0,0.0,0.0,0,1.0,0.0,0
15:38:24,1846.35,0.0,0.0,0,0.0,0.0,0,1.0,0.0,0
15:38:25,1847.09,0.0,0.0,0,0.0,0.0,0,1.0,0.0,0
15:38:26,1847.83,0.0,0.0,0,0.0,0.0,0,1.0,0.0,0
15:38:26,1848.58,0.0,0.0,0,0.0,0.0,0,1.0,0.0,0
15:38:27,1849.32,0.0,0.0,0,0.0,0.0,0,1.0,0.0,0
15:38:28,1850.04,0.0,0.0,0,0.0,0.0,0,1.0,0.0,0
15:38:29,1850.77,0.0,0.0,0,0.0,0.0,0,1.0,0.0,0
15:38:29,1851.5,0.0,0.0,0,0.0,0.0,0,1.0,0.0,0
15:38:30,1852.23,0.0,0.0,0,0.0,0.0,0,1.0,0.0,0
15:38:31,1852.97,0.0,0.0,0,0.0,0.0,0,1.0,0.0,0
15:38:32,1853.7,0.0,0.0,0,0.0,0.0,0,1.0,0.0,0
15:38:32,1854.45,0.0,0.0,0,0.0,0.0,0,1.0,0.0,0
15:38:33,1855.18,0.0,0.0,0,0.0,0.0,0,1.0,0.0,0
15:38:34,1855.91,0.0,0.0,0,0.0,0.0,0,1.0,0.0,0
15:38:35,1856.65,0.0,0.0,0,0.0,0.0,0,1.0,0.0,0
15:38:35,1857.39,0.0,0.0,0,0.0,0.0,0,1.0,0.0,0
15:38:36,1858.16,0.0,0.0,0,0.0,0.0,0,1.0,0.0,0
15:38:37,1858.92,0.0,0.0,0,0.0,0.0,0,1.0,0.0,0
15:38:38,1859.65,0.0,0.0,0,0.0,0.0,0,1.0,0.0,0
15:38:38,1860.37,0.0,0.0,0,0.0,0.0,0,1.0,0.0,0
15:38:39,1861.14,0.0,0.0,0,0.0,0.0,0,1.0,0.0,0
15:38:40,1861.86,0.0,0.0,0,0.0,0.0,0,1.0,0.0,0
15:38:40,1862.6,0.0,0.0,0,0.0,0.0,0,1.0,0.0,0
15:38:41,1863.32,0.0,0.0,0,0.0,0.0,0,1.0,0.0,0
15:38:42,1864.04,0.0,0.0,0,0.0,0.0,0,1.0,0.0,0
15:38:43,1864.78,0.0,0.0,0,0.0,0.0,0,1.0,0.0,0
15:38:43,1865.52,0.0,0.0,0,0.0,0.0,0,1.0,0.0,0
15:38:44,1866.26,0.0,0.0,0,0.0,0.0,0,1.0,0.0,0
15:38:45,1866.98,0.0,0.0,0,0.0,0.0,0,1.0,0.0,0
15:38:46,1867.76,0.0,0.0,0,0.0,0.0,0,1.0,0.0,0
15:38:46,1868.5,0.0,0.0,0,0.0,0.0,0,1.0,0.0,0
15:38:47,1869.27,0.0,0.0,0,0.0,0.0,0,1.0,0.0,0
15:38:48,1870.0,0.0,0.0,0,0.0,0.0,0,1.0,0.0,0
15:38:49,1870.74,0.0,0.0,0,0.0,0.0,0,1.0,0.0,0
15:38:49,1871.47,0.0,0.0,0,0.0,0.0,0,1.0,0.0,0
15:38:50,1872.21,0.0,0.0,0,0.0,0.0,0,1.0,0.0,0
15:38:51,1872.93,0.0,0.0,0,0.0,0.0,0,1.0,0.0,0
15:38:52,1873.68,0.0,0.0,0,0.0,0.0,0,1.0,0.0,0
15:38:52,1874.4,0.0,0.0,0,0.0,0.0,0,1.0,0.0,0
15:38:53,1875.14,0.0,0.0,0,0.0,0.0,0,1.0,0.0,0
15:38:54,1875.87,0.0,0.0,0,0.0,0.0,0,1.0,0.0,0
15:38:54,1876.6,0.0,0.0,0,0.0,0.0,0,1.0,0.0,0
15:38:55,1877.34,0.0,0.0,0,0.0,0.0,0,1.0,0.0,0
15:38:56,1878.06,0.0,0.0,0,0.0,0.0,0,1.0,0.0,0
15:38:57,1878.81,0.0,0.0,0,0.0,0.0,0,1.0,0.0,0
15:38:57,1879.53,0.0,0.0,0,0.0,0.0,0,1.0,0.0,0
15:38:58,1880.29,0.0,0.0,0,0.0,0.0,0,1.0,0.0,0
15:38:59,1881.06,0.0,0.0,0,0.0,0.0,0,1.0,0.0,0
15:39:00,1881.82,0.0,0.0,0,0.0,0.0,0,1.0,0.0,0
15:39:00,1882.55,0.0,0.0,0,0.0,0.0,0,1.0,0.0,0
15:39:01,1883.31,0.0,0.0,0,0.0,0.0,0,1.0,0.0,0
15:39:02,1884.06,0.0,0.0,0,0.0,0.0,0,1.0,0.0,0
15:39:03,1884.8,0.0,0.0,0,0.0,0.0,0,1.0,0.0,0
15:39:03,1885.54,0.0,0.0,0,0.0,0.0,0,1.0,0.0,0
15:39:04,1886.29,0.0,0.0,0,0.0,0.0,0,1.0,0.0,0
15:39:05,1887.01,0.0,0.0,0,0.0,0.0,0,1.0,0.0,0
15:39:06,1887.76,0.0,0.0,0,0.0,0.0,0,1.0,0.0,0
15:39:06,1888.49,0.0,0.0,0,0.0,0.0,0,1.0,0.0,0
15:39:07,1889.23,0.0,0.0,0,0.0,0.0,0,1.0,0.0,0
15:39:08,1889.97,0.0,0.0,0,0.0,0.0,0,1.0,0.0,0
15:39:09,1890.7,0.0,0.0,0,0.0,0.0,0,1.0,0.0,0
15:39:09,1891.45,0.0,0.0,0,0.0,0.0,0,1.0,0.0,0
15:39:10,1892.17,0.0,0.0,0,0.0,0.0,0,1.0,0.0,0
15:39:11,1892.9,0.0,0.0,0,0.0,0.0,0,1.0,0.0,0
15:39:12,1893.64,0.0,0.0,0,0.0,0.0,0,1.0,0.0,0
15:39:12,1894.36,0.0,0.0,0,0.0,0.0,0,1.0,0.0,0
15:39:13,1895.09,0.0,0.0,0,0.0,0.0,0,1.0,0.0,0
15:39:14,1895.81,0.0,0.0,0,0.0,0.0,0,1.0,0.0,0
15:39:14,1896.55,0.0,0.0,0,0.0,0.0,0,1.0,0.0,0
15:39:15,1897.28,0.0,0.0,0,0.0,0.0,0,1.0,0.0,0
15:39:16,1898.0,0.0,0.0,0,0.0,0.0,0,1.0,0.0,0
15:39:17,1898.75,0.0,0.0,0,0.0,0.0,0,1.0,0.0,0
15:39:17,1899.49,0.0,0.0,0,0.0,0.0,0,1.0,0.0,0
15:39:18,1900.24,0.0,0.0,0,0.0,0.0,0,1.0,0.0,0
15:39:19,1901.0,0.0,0.0,0,0.0,0.0,0,1.0,0.0,0
15:39:20,1901.76,0.0,0.0,0,0.0,0.0,0,1.0,0.0,0
15:39:20,1902.52,0.0,0.0,0,0.0,0.0,0,1.0,0.0,0
15:39:21,1903.29,0.0,0.0,0,0.0,0.0,0,1.0,0.0,0
15:39:22,1904.05,0.0,0.0,0,0.0,0.0,0,1.0,0.0,0
15:39:23,1904.82,0.0,0.0,0,0.0,0.0,0,1.0,0.0,0
15:39:23,1905.59,0.0,0.0,0,0.0,0.0,0,1.0,0.0,0
15:39:24,1906.34,0.0,0.0,0,0.0,0.0,0,1.0,0.0,0
15:39:25,1907.07,0.0,0.0,0,0.0,0.0,0,1.0,0.0,0
15:39:26,1907.8,0.0,0.0,0,0.0,0.0,0,1.0,0.0,0
15:39:26,1908.52,0.0,0.0,0,0.0,0.0,0,1.0,0.0,0
15:39:27,1909.25,0.0,0.0,0,0.0,0.0,0,1.0,0.0,0
15:39:28,1909.97,0.0,0.0,0,0.0,0.0,0,1.0,0.0,0
15:39:29,1910.71,0.0,0.0,0,0.0,0.0,0,1.0,0.0,0
15:39:29,1911.45,0.0,0.0,0,0.0,0.0,0,1.0,0.0,0
15:39:30,1912.18,0.0,0.0,0,0.0,0.0,0,1.0,0.0,0
15:39:31,1912.92,0.0,0.0,0,0.0,0.0,0,1.0,0.0,0
15:39:32,1913.66,0.0,0.0,0,0.0,0.0,0,1.0,0.0,0
15:39:32,1914.39,0.0,0.0,0,0.0,0.0,0,1.0,0.0,0
15:39:33,1915.12,0.0,0.0,0,0.0,0.0,0,1.0,0.0,0
15:39:34,1915.84,0.0,0.0,0,0.0,0.0,0,1.0,0.0,0
15:39:34,1916.6,0.0,0.0,0,0.0,0.0,0,1.0,0.0,0
15:39:35,1917.32,0.0,0.0,0,0.0,0.0,0,1.0,0.0,0
15:39:36,1918.05,0.0,0.0,0,0.0,0.0,0,1.0,0.0,0
15:39:37,1918.81,0.0,0.0,0,0.0,0.0,0,1.0,0.0,0
15:39:37,1919.55,0.0,0.0,0,0.0,0.0,0,1.0,0.0,0
15:39:38,1920.28,0.0,0.0,0,0.0,0.0,0,1.0,0.0,0
15:39:39,1921.02,0.0,0.0,0,0.0,0.0,0,1.0,0.0,0
15:39:40,1921.76,0.0,0.0,0,0.0,0.0,0,1.0,0.0,0
15:39:40,1922.5,0.0,0.0,0,0.0,0.0,0,1.0,0.0,0
15:39:41,1923.22,0.0,0.0,0,0.0,0.0,0,1.0,0.0,0
15:39:42,1923.95,0.0,0.0,0,0.0,0.0,0,1.0,0.0,0
15:39:43,1924.72,0.0,0.0,0,0.0,0.0,0,1.0,0.0,0
15:39:43,1925.46,0.0,0.0,0,0.0,0.0,0,1.0,0.0,0
15:39:44,1926.2,0.0,0.0,0,0.0,0.0,0,1.0,0.0,0
15:39:45,1926.93,0.0,0.0,0,0.0,0.0,0,1.0,0.0,0
15:39:46,1927.68,0.0,0.0,0,0.0,0.0,0,1.0,0.0,0
15:39:46,1928.45,0.0,0.0,0,0.0,0.0,0,1.0,0.0,0
15:39:47,1929.2,0.0,0.0,0,0.0,0.0,0,1.0,0.0,0
15:39:48,1929.97,0.0,0.0,0,0.0,0.0,0,1.0,0.0,0
15:39:49,1930.74,0.0,0.0,0,0.0,0.0,0,1.0,0.0,0
15:39:49,1931.53,0.0,0.0,0,0.0,0.0,0,1.0,0.0,0
15:39:50,1932.29,0.0,0.0,0,0.0,0.0,0,1.0,0.0,0
15:39:51,1933.05,0.0,0.0,0,0.0,0.0,0,1.0,0.0,0
15:39:52,1933.8,0.0,0.0,0,0.0,0.0,0,1.0,0.0,0
15:39:52,1934.54,0.0,0.0,0,0.0,0.0,0,1.0,0.0,0
15:39:53,1935.29,0.0,0.0,0,0.0,0.0,0,1.0,0.0,0
15:39:54,1936.03,0.0,0.0,0,0.0,0.0,0,1.0,0.0,0
15:39:55,1936.75,0.0,0.0,0,0.0,0.0,0,1.0,0.0,0
15:39:55,1937.5,0.0,0.0,0,0.0,0.0,0,1.0,0.0,0
15:39:56,1938.26,0.0,0.0,0,0.0,0.0,0,1.0,0.0,0
15:39:57,1939.0,0.0,0.0,0,0.0,0.0,0,1.0,0.0,0
15:39:58,1939.75,0.0,0.0,0,0.0,0.0,0,1.0,0.0,0
15:39:58,1940.49,0.0,0.0,0,0.0,0.0,0,1.0,0.0,0
15:39:59,1941.24,0.0,0.0,0,0.0,0.0,0,1.0,0.0,0
15:40:00,1941.98,0.0,0.0,0,0.0,0.0,0,1.0,0.0,0
15:40:01,1942.72,0.0,0.0,0,0.0,0.0,0,1.0,0.0,0
15:40:01,1943.47,0.0,0.0,0,0.0,0.0,0,1.0,0.0,0
15:40:02,1944.21,0.0,0.0,0,0.0,0.0,0,1.0,0.0,0
15:40:03,1944.95,0.0,0.0,0,0.0,0.0,0,1.0,0.0,0
15:40:04,1945.69,0.0,0.0,0,0.0,0.0,0,1.0,0.0,0
15:40:04,1946.44,0.0,0.0,0,0.0,0.0,0,1.0,0.0,0
15:40:05,1947.2,0.0,0.0,0,0.0,0.0,0,1.0,0.0,0
15:40:06,1947.96,0.0,0.0,0,0.0,0.0,0,1.0,0.0,0
15:40:07,1948.71,0.0,0.0,0,0.0,0.0,0,1.0,0.0,0
15:40:07,1949.47,0.0,0.0,0,0.0,0.0,0,1.0,0.0,0
15:40:08,1950.22,0.0,0.0,0,0.0,0.0,0,1.0,0.0,0
15:40:09,1950.95,0.0,0.0,0,0.0,0.0,0,1.0,0.0,0
15:40:10,1951.68,0.0,0.0,0,0.0,0.0,0,1.0,0.0,0
15:40:10,1952.44,0.0,0.0,0,0.0,0.0,0,1.0,0.0,0
15:40:11,1953.18,0.0,0.0,0,0.0,0.0,0,1.0,0.0,0
15:40:12,1953.91,0.0,0.0,0,0.0,0.0,0,1.0,0.0,0
15:40:13,1954.64,0.0,0.0,0,0.0,0.0,0,1.0,0.0,0
15:40:13,1955.38,0.0,0.0,0,0.0,0.0,0,1.0,0.0,0
15:40:14,1956.13,0.0,0.0,0,0.0,0.0,0,1.0,0.0,0
15:40:15,1956.89,0.0,0.0,0,0.0,0.0,0,1.0,0.0,0
15:40:15,1957.63,0.0,0.0,0,0.0,0.0,0,1.0,0.0,0
15:40:16,1958.4,0.0,0.0,0,0.0,0.0,0,1.0,0.0,0
15:40:17,1959.13,0.0,0.0,0,0.0,0.0,0,1.0,0.0,0
15:40:18,1959.86,0.0,0.0,0,0.0,0.0,0,1.0,0.0,0
15:40:18,1960.63,0.0,0.0,0,0.0,0.0,0,1.0,0.0,0
15:45:19,2260.66,0.0,0.0,0,0.0,0.0,0,1.0,0.0,0
15:45:19,2261.39,0.0,0.0,0,0.0,0.0,0,1.0,0.0,0
15:45:20,2262.15,0.0,0.0,0,0.0,0.0,0,1.0,0.0,0
15:45:21,2262.9,0.0,0.0,0,0.0,0.0,0,1.0,0.0,0
15:45:21,2263.62,0.0,0.0,0,0.0,0.0,0,1.0,0.0,0
15:45:22,2264.35,0.0,0.0,0,0.0,0.0,0,1.0,0.0,0
15:45:23,2265.07,0.0,0.0,0,0.0,0.0,0,1.0,0.0,0
15:45:24,2265.82,0.0,0.0,0,0.0,0.0,0,1.0,0.0,0
15:45:24,2266.57,0.0,0.0,0,0.0,0.0,0,1.0,0.0,0
15:45:25,2267.31,0.0,0.0,0,0.0,0.0,0,1.0,0.0,0
15:45:26,2268.06,0.0,0.0,0,0.0,0.0,0,1.0,0.0,0
15:45:27,2268.84,0.0,0.0,0,0.0,0.0,0,1.0,0.0,0
15:45:27,2269.62,0.0,0.0,0,0.0,0.0,0,1.0,0.0,0
15:45:28,2270.39,0.0,0.0,0,0.0,0.0,0,1.0,0.0,0
15:45:29,2271.15,0.0,0.0,0,0.0,0.0,0,1.0,0.0,0
15:45:30,2271.91,0.0,0.0,0,0.0,0.0,0,1.0,0.0,0
15:45:31,2272.7,0.0,0.0,0,0.0,0.0,0,1.0,0.0,0
15:45:31,2273.48,0.0,0.0,0,0.0,0.0,0,1.0,0.0,0
15:45:32,2274.25,0.0,0.0,0,0.0,0.0,0,1.0,0.0,0
15:45:33,2275.0,0.0,0.0,0,0.0,0.0,0,1.0,0.0,0
15:45:34,2275.72,0.0,0.0,0,0.0,0.0,0,1.0,0.0,0
15:45:34,2276.49,0.0,0.0,0,0.0,0.0,0,1.0,0.0,0
15:45:35,2277.23,0.0,0.0,0,0.0,0.0,0,1.0,0.0,0
15:45:36,2277.97,0.0,0.0,0,0.0,0.0,0,1.0,0.0,0
15:45:37,2278.72,0.0,0.0,0,0.0,0.0,0,1.0,0.0,0
15:45:37,2279.45,0.0,0.0,0,0.0,0.0,0,1.0,0.0,0
15:45:38,2280.19,0.0,0.0,0,0.0,0.0,0,1.0,0.0,0
15:45:39,2280.93,0.0,0.0,0,0.0,0.0,0,1.0,0.0,0
15:45:40,2281.66,0.0,0.0,0,0.0,0.0,0,1.0,0.0,0
15:45:40,2282.4,0.0,0.0,0,0.0,0.0,0,1.0,0.0,0
15:45:41,2283.13,0.0,0.0,0,0.0,0.0,0,1.0,0.0,0
15:45:42,2283.86,0.0,0.0,0,0.0,0.0,0,1.0,0.0,0
15:45:42,2284.63,0.0,0.0,0,0.0,0.0,0,1.0,0.0,0
15:45:43,2285.41,0.0,0.0,0,0.0,0.0,0,1.0,0.0,0
15:45:44,2286.14,0.0,0.0,0,0.0,0.0,0,1.0,0.0,0
15:45:45,2286.9,0.0,0.0,0,0.0,0.0,0,1.0,0.0,0
15:45:46,2287.67,0.0,0.0,0,0.0,0.0,0,1.0,0.0,0
15:45:46,2288.45,0.0,0.0,0,0.0,0.0,0,1.0,0.0,0
15:45:47,2289.2,0.0,0.0,0,0.0,0.0,0,1.0,0.0,0
15:45:48,2289.95,0.0,0.0,0,0.0,0.0,0,1.0,0.0,0
15:45:49,2290.78,0.0,0.0,0,0.0,0.0,0,1.0,0.0,0
15:45:49,2291.51,0.0,0.0,0,0.0,0.0,0,1.0,0.0,0
15:45:50,2292.26,0.0,0.0,0,0.0,0.0,0,1.0,0.0,0
15:45:51,2293.03,0.0,0.0,0,0.0,0.0,0,1.0,0.0,0
15:45:52,2293.78,0.0,0.0,0,0.0,0.0,0,1.0,0.0,0
15:45:52,2294.59,0.0,0.0,0,0.0,0.0,0,1.0,0.0,0
15:45:53,2295.35,0.0,0.0,0,0.0,0.0,0,1.0,0.0,0
15:45:54,2296.13,0.0,0.0,0,0.0,0.0,0,1.0,0.0,0
15:45:55,2296.86,0.0,0.0,0,0.0,0.0,0,1.0,0.0,0
15:45:56,2297.7,0.0,0.0,0,0.0,0.0,0,1.0,0.0,0
15:45:56,2298.47,0.0,0.0,0,0.0,0.0,0,1.0,0.0,0
15:45:57,2299.22,0.0,0.0,0,0.0,0.0,0,1.0,0.0,0
15:45:58,2299.98,0.0,0.0,0,0.0,0.0,0,1.0,0.0,0
15:45:59,2300.74,0.0,0.0,0,0.0,0.0,0,1.0,0.0,0
15:45:59,2301.47,0.0,0.0,0,0.0,0.0,0,1.0,0.0,0
15:46:00,2302.24,0.0,0.0,0,0.0,0.0,0,1.0,0.0,0
15:46:01,2303.0,0.0,0.0,0,0.0,0.0,0,1.0,0.0,0
15:46:02,2303.77,0.0,0.0,0,0.0,0.0,0,1.0,0.0,0
15:46:02,2304.53,0.0,0.0,0,0.0,0.0,0,1.0,0.0,0
15:46:03,2305.26,0.0,0.0,0,0.0,0.0,0,1.0,0.0,0
15:46:04,2305.98,0.0,0.0,0,0.0,0.0,0,1.0,0.0,0
15:46:05,2306.74,0.0,0.0,0,0.0,0.0,0,1.0,0.0,0
15:46:05,2307.49,0.0,0.0,0,0.0,0.0,0,1.0,0.0,0
15:46:06,2308.22,0.0,0.0,0,0.0,0.0,0,1.0,0.0,0
15:46:07,2309.0,0.0,0.0,0,0.0,0.0,0,1.0,0.0,0
15:46:08,2309.73,0.0,0.0,0,0.0,0.0,0,1.0,0.0,0
15:46:08,2310.49,0.0,0.0,0,0.0,0.0,0,1.0,0.0,0
15:46:09,2311.24,0.0,0.0,0,0.0,0.0,0,1.0,0.0,0
15:46:10,2311.97,0.0,0.0,0,0.0,0.0,0,1.0,0.0,0
15:46:11,2312.71,0.0,0.0,0,0.0,0.0,0,1.0,0.0,0
15:46:11,2313.45,0.0,0.0,0,0.0,0.0,0,1.0,0.0,0
15:46:12,2314.18,0.0,0.0,0,0.0,0.0,0,1.0,0.0,0
15:46:13,2314.93,0.0,0.0,0,0.0,0.0,0,1.0,0.0,0
15:46:14,2315.66,0.0,0.0,0,0.0,0.0,0,1.0,0.0,0
15:46:14,2316.45,0.0,0.0,0,0.0,0.0,0,1.0,0.0,0
15:46:15,2317.18,0.0,0.0,0,0.0,0.0,0,1.0,0.0,0
15:46:16,2317.92,0.0,0.0,0,0.0,0.0,0,1.0,0.0,0
15:46:17,2318.65,0.0,0.0,0,0.0,0.0,0,1.0,0.0,0
15:46:17,2319.39,0.0,0.0,0,0.0,0.0,0,1.0,0.0,0
15:46:18,2320.12,0.0,0.0,0,0.0,0.0,0,1.0,0.0,0
15:46:19,2320.85,0.0,0.0,0,0.0,0.0,0,1.0,0.0,0
15:46:20,2321.64,0.0,0.0,0,0.0,0.0,0,1.0,0.0,0
15:46:20,2322.39,0.0,0.0,0,0.0,0.0,0,1.0,0.0,0
15:46:21,2323.11,0.0,0.0,0,0.0,0.0,0,1.0,0.0,0
15:46:22,2323.86,0.0,0.0,0,0.0,0.0,0,1.0,0.0,0
15:46:22,2324.59,0.0,0.0,0,0.0,0.0,0,1.0,0.0,0
15:46:23,2325.33,0.0,0.0,0,0.0,0.0,0,1.0,0.0,0
15:46:24,2326.07,0.0,0.0,0,0.0,0.0,0,1.0,0.0,1
15:46:25,2326.84,0.0,0.0,0,0.0,0.0,0,1.0,0.0,1
15:46:25,2327.6,0.0,0.0,0,0.0,0.0,0,1.0,0.0,1
15:46:26,2328.33,0.0,0.0,0,0.0,0.0,0,1.0,0.0,1
15:46:27,2329.05,0.0,0.0,0,0.0,0.0,0,1.0,0.0,1
15:46:28,2329.83,0.0,0.0,0,0.0,0.0,0,1.0,0.0,1
15:46:28,2330.59,0.0,0.0,0,0.0,0.0,0,1.0,0.0,1
15:46:29,2331.34,0.0,0.0,0,0.0,0.0,0,1.0,0.0,1
15:46:30,2332.09,0.0,0.0,0,0.0,0.0,0,1.0,0.0,1
15:46:31,2332.85,0.0,0.0,0,0.0,0.0,0,2.0,0.0,1
15:46:31,2333.61,0.0,0.0,0,0.0,0.0,0,2.0,0.0,1
15:46:32,2334.39,0.0,0.0,0,0.0,0.0,0,2.0,0.0,1
15:46:33,2335.14,0.0,0.0,0,0.0,0.0,0,2.0,0.0,1
15:46:34,2335.87,0.0,0.0,0,0.0,0.0,0,2.0,0.0,1
15:46:35,2336.65,0.0,0.0,0,0.0,0.0,0,2.0,0.0,1
15:46:35,2337.39,0.0,0.0,0,0.0,0.0,0,2.0,0.0,1
15:46:36,2338.12,0.0,0.0,0,0.0,0.0,0,2.0,0.0,1
15:46:37,2338.84,0.0,0.0,0,0.0,0.0,0,2.0,0.0,1
15:46:37,2339.58,0.0,0.0,0,0.0,0.0,0,2.0,0.0,1
15:46:38,2340.32,0.0,0.0,0,0.0,0.0,0,2.0,0.0,1
15:46:39,2341.05,0.0,0.0,0,0.0,0.0,0,2.0,0.0,1
15:46:40,2341.78,0.0,0.0,0,0.0,0.0,0,2.0,0.0,1
15:46:40,2342.51,0.0,0.0,0,0.0,0.0,0,7.0,0.0,1
15:46:41,2343.26,0.0,0.0,0,0.0,0.0,0,12.0,0.0,1
15:46:42,2344.0,0.0,0.0,0,0.0,0.0,0,19.0,0.0,1
15:46:43,2344.74,0.0,0.0,0,0.0,0.0,0,26.0,0.0,1
15:46:43,2345.47,0.0,0.0,0,0.0,0.0,0,32.0,0.0,1
15:46:44,2346.21,0.0,0.0,0,0.0,0.0,0,38.0,0.0,1
15:46:45,2346.94,0.0,0.0,0,0.0,0.0,0,43.0,0.0,1
15:46:46,2347.67,0.0,0.0,0,0.0,0.0,0,50.0,0.0,1
15:46:46,2348.44,0.0,0.0,0,0.0,0.0,0,62.0,0.0,1
15:46:47,2349.16,0.0,0.0,0,0.0,0.0,0,68.0,0.0,1
15:46:48,2349.92,0.0,0.0,0,0.0,0.0,0,74.0,0.0,1
15:46:49,2350.67,0.0,0.0,0,0.0,0.0,0,81.0,0.0,1
15:46:49,2351.41,0.0,0.0,0,0.0,0.0,0,93.0,0.0,1
15:46:50,2352.14,0.0,0.0,0,0.0,0.0,0,99.0,0.0,1
15:46:51,2352.88,0.0,0.0,0,0.0,0.0,0,105.0,0.0,1
15:46:51,2353.62,0.0,0.0,0,0.0,0.0,0,112.0,0.0,1
15:46:52,2354.36,0.0,0.0,0,0.0,0.0,0,118.0,0.0,1
15:46:53,2355.14,0.0,0.0,0,0.0,0.0,0,123.0,0.0,1
15:46:54,2355.9,0.0,0.0,0,0.0,0.0,0,130.0,0.0,1
15:46:55,2356.67,0.0,0.0,0,0.0,0.0,0,136.0,0.0,1
15:46:55,2357.42,0.0,0.0,0,0.0,0.0,0,149.0,0.0,1
15:46:56,2358.19,0.0,0.0,0,0.0,0.0,0,155.0,0.10000000149011612,1
15:46:57,2358.95,0.0,0.0,0,0.0,0.0,0,162.0,0.10000000149011612,1
15:46:58,2359.69,0.0,0.0,0,0.0,0.0,0,169.0,0.10000000149011612,1
15:46:58,2360.45,0.0,0.0,0,0.0,0.0,0,180.0,0.10000000149011612,1
15:46:59,2361.23,0.0,0.0,0,0.0,0.0,0,291.0,0.30000001192092896,1
15:47:00,2362.0,0.0,0.0,0,0.0,0.0,0,212.0,0.0,1
15:47:01,2362.8,0.0,0.0,0,0.0,0.0,0,181.0,0.0,1
15:47:01,2363.56,0.0,0.0,0,0.0,0.0,0,211.0,0.10000000149011612,1
15:47:02,2364.33,0.0,0.0,0,0.0,0.0,0,218.0,0.10000000149011612,1
15:47:03,2365.08,0.0,0.0,0,0.0,0.0,0,223.0,0.10000000149011612,1
15:47:04,2365.85,0.0,0.0,0,0.0,0.0,0,230.0,0.10000000149011612,1
15:47:04,2366.61,0.0,0.0,0,0.0,0.0,0,237.0,0.10000000149011612,1
15:47:05,2367.38,0.0,0.0,0,0.0,0.0,0,243.0,0.10000000149011612,1
15:47:06,2368.13,0.0,0.0,0,0.0,0.0,0,250.0,0.20000000298023224,1
15:47:07,2368.88,0.0,0.0,0,0.0,0.0,0,256.0,0.20000000298023224,1
15:47:08,2369.63,0.0,0.0,0,0.0,0.0,0,261.0,0.20000000298023224,1
15:47:08,2370.38,0.0,0.0,0,0.0,0.0,0,274.0,0.20000000298023224,1
15:47:09,2371.14,0.0,0.0,0,0.0,0.0,0,286.0,0.20000000298023224,1
15:47:10,2371.91,0.0,0.0,0,0.0,0.0,0,293.0,0.20000000298023224,1
15:47:11,2372.67,0.0,0.0,0,0.0,0.0,0,299.0,0.20000000298023224,1
15:47:11,2373.44,0.0,0.0,0,0.0,0.0,0,305.0,0.20000000298023224,1
15:47:12,2374.19,0.0,0.0,0,0.0,0.0,0,310.0,0.20000000298023224,1
15:47:13,2374.97,0.0,0.0,0,0.0,0.0,0,316.0,0.20000000298023224,1
15:47:14,2375.69,0.0,0.0,0,0.0,0.0,0,320.0,0.20000000298023224,1
15:47:14,2376.43,0.0,0.0,0,0.0,0.0,0,329.0,0.20000000298023224,1
15:47:15,2377.16,0.0,0.0,0,0.0,0.0,0,333.0,0.20000000298023224,1
15:47:16,2377.9,0.0,0.0,0,0.0,0.0,0,341.0,0.20000000298023224,1
15:47:17,2378.64,0.0,0.0,0,0.0,0.0,0,346.0,0.20000000298023224,1
15:47:17,2379.38,0.0,0.0,0,0.0,0.0,0,366.0,0.20000000298023224,1
15:47:18,2380.11,0.0,0.0,0,0.0,0.0,0,370.0,0.20000000298023224,1
15:47:19,2380.85,0.0,0.0,0,0.0,0.0,0,376.0,0.20000000298023224,1
15:47:19,2381.58,0.0,0.0,0,0.0,0.0,0,383.0,0.20000000298023224,1
15:47:20,2382.33,0.0,0.0,0,0.0,0.0,0,390.0,0.20000000298023224,1
15:47:21,2383.05,0.0,0.0,0,0.0,0.0,0,395.0,0.20000000298023224,1
15:47:22,2383.78,0.0,0.0,0,0.0,0.0,0,400.0,0.20000000298023224,1
15:47:22,2384.53,0.0,0.0,0,0.0,0.0,0,407.0,0.20000000298023224,1
15:47:23,2385.26,0.0,0.0,0,0.0,0.0,0,415.0,0.30000001192092896,1
15:47:24,2386.01,0.0,0.0,0,0.0,0.0,0,421.0,0.30000001192092896,1
15:47:25,2386.74,0.0,0.0,0,0.0,0.0,0,426.0,0.30000001192092896,1
15:47:25,2387.47,0.0,0.0,0,0.0,0.0,0,431.0,0.30000001192092896,1
15:47:26,2388.21,0.0,0.0,0,0.0,0.0,0,446.0,0.30000001192092896,1
15:47:27,2388.94,0.0,0.0,0,0.0,0.0,0,448.0,0.30000001192092896,1
15:47:28,2389.69,0.0,0.0,0,0.0,0.0,0,459.0,0.20000000298023224,1
15:47:28,2390.43,0.0,0.0,0,0.0,0.0,0,468.0,0.20000000298023224,1
15:47:29,2391.15,0.0,0.0,0,0.0,0.0,0,469.0,0.0,1
15:47:30,2391.92,0.0,0.0,0,0.0,0.0,0,491.0,0.30000001192092896,1
15:47:31,2392.65,0.0,0.0,0,0.0,0.0,0,488.0,0.30000001192092896,1
15:47:31,2393.39,0.0,0.0,0,0.0,0.0,0,493.0,0.30000001192092896,1
15:47:32,2394.13,0.0,0.0,0,0.0,0.0,0,503.0,0.4000000059604645,1
15:47:33,2394.89,0.0,0.0,0,0.0,0.0,0,507.0,0.4000000059604645,1
15:47:34,2395.64,0.0,0.0,0,0.0,0.0,0,488.0,0.10000000149011612,1
15:47:34,2396.39,0.0,0.0,0,0.0,0.0,0,499.0,0.10000000149011612,1
15:47:35,2397.13,0.0,0.0,0,0.0,0.0,0,501.0,0.20000000298023224,1
15:47:36,2397.9,0.0,0.0,0,0.0,0.0,0,499.0,0.20000000298023224,1
15:47:36,2398.63,0.0,0.0,0,0.0,0.0,0,501.0,0.30000001192092896,1
15:47:37,2399.35,0.0,0.0,0,0.0,0.0,0,502.0,0.30000001192092896,1
15:47:38,2400.08,0.0,0.0,0,0.0,0.0,0,501.0,0.20000000298023224,1
15:47:39,2400.82,0.0,0.0,0,0.0,0.0,0,500.0,0.10000000149011612,1
15:47:39,2401.56,0.0,0.0,0,0.0,0.0,0,499.0,0.20000000298023224,1
15:47:40,2402.29,0.0,0.0,0,0.0,0.0,0,501.0,0.30000001192092896,1
15:47:41,2403.03,0.0,0.0,0,0.0,0.0,0,513.0,0.4000000059604645,1
15:47:42,2403.77,0.0,0.0,0,0.0,0.0,0,501.0,0.4000000059604645,1
15:47:42,2404.5,0.0,0.0,0,0.0,0.0,0,503.0,0.4000000059604645,1
15:47:43,2405.24,0.0,0.0,0,0.0,0.0,0,503.0,0.30000001192092896,1
15:47:44,2405.98,0.0,0.0,0,0.0,0.0,0,506.0,0.30000001192092896,1
15:47:45,2406.72,0.0,0.0,0,0.0,0.0,0,501.0,0.30000001192092896,1
15:47:45,2407.46,0.0,0.0,0,0.0,0.0,0,502.0,0.20000000298023224,1
15:47:46,2408.18,0.0,0.0,0,0.0,0.0,0,502.0,0.0,1
15:47:47,2408.91,0.0,0.0,0,0.0,0.0,0,498.0,0.20000000298023224,1
15:47:48,2409.65,0.0,0.0,0,0.0,0.0,0,496.0,0.0,1
15:47:48,2410.4,0.0,0.0,0,0.0,0.0,0,498.0,0.30000001192092896,1
15:47:49,2411.13,0.0,0.0,0,0.0,0.0,0,518.0,0.5,1
15:47:50,2411.88,0.0,0.0,0,0.0,0.0,0,489.0,0.10000000149011612,1
15:47:50,2412.61,0.0,0.0,0,0.0,0.0,0,503.0,0.20000000298023224,1
15:47:51,2413.35,0.0,0.0,0,0.0,0.0,0,502.0,0.20000000298023224,1
15:47:52,2414.07,0.0,0.0,0,0.0,0.0,0,504.0,0.30000001192092896,1
15:47:53,2414.85,0.0,0.0,0,0.0,0.0,0,502.0,0.30000001192092896,1
15:47:53,2415.58,0.0,0.0,0,0.0,0.0,0,510.0,0.4000000059604645,1
15:47:54,2416.33,0.0,0.0,0,0.0,0.0,0,500.0,0.4000000059604645,1
15:47:55,2417.08,0.0,0.0,0,0.0,0.0,0,501.0,0.30000001192092896,1
15:47:56,2417.82,0.0,0.0,0,0.0,0.0,0,499.0,0.20000000298023224,1
15:47:56,2418.56,0.0,0.0,0,0.0,0.0,0,500.0,0.20000000298023224,1
15:47:57,2419.3,0.0,0.0,0,0.0,0.0,0,495.0,0.0,1
15:47:58,2420.03,0.0,0.0,0,0.0,0.0,0,496.0,0.0,1
15:47:59,2420.79,0.0,0.0,0,0.0,0.0,0,502.0,0.30000001192092896,1
15:47:59,2421.53,0.0,0.0,0,0.0,0.0,0,500.0,0.30000001192092896,1
15:48:00,2422.28,0.0,0.0,0,0.0,0.0,0,502.0,0.20000000298023224,1
15:48:01,2423.02,0.0,0.0,0,0.0,0.0,0,502.0,0.20000000298023224,1
15:48:02,2423.77,0.0,0.0,0,0.0,0.0,0,510.0,0.30000001192092896,1
15:48:02,2424.54,0.0,0.0,0,0.0,0.0,0,499.0,0.30000001192092896,1
15:48:03,2425.28,0.0,0.0,0,0.0,0.0,0,499.0,0.30000001192092896,1
15:48:04,2426.01,0.0,0.0,0,0.0,0.0,0,500.0,0.30000001192092896,1
15:48:05,2426.75,0.0,0.0,0,0.0,0.0,0,500.0,0.30000001192092896,1
15:48:05,2427.49,0.0,0.0,0,0.0,0.0,0,502.0,0.4000000059604645,1
15:48:06,2428.24,0.0,0.0,0,0.0,0.0,0,509.0,0.30000001192092896,1
15:48:07,2428.97,0.0,0.0,0,0.0,0.0,0,501.0,0.20000000298023224,1
15:48:08,2429.72,0.0,0.0,0,0.0,0.0,0,496.0,0.10000000149011612,1
15:48:08,2430.46,0.0,0.0,0,0.0,0.0,0,499.0,0.20000000298023224,1
15:48:09,2431.2,0.0,0.0,0,0.0,0.0,0,506.0,0.4000000059604645,1
15:48:10,2431.94,0.0,0.0,0,0.0,0.0,0,492.0,0.0,1
15:48:11,2432.68,0.0,0.0,0,0.0,0.0,0,502.0,0.20000000298023224,1
15:48:11,2433.41,0.0,0.0,0,0.0,0.0,0,508.0,0.30000001192092896,1
15:48:12,2434.15,0.0,0.0,0,0.0,0.0,0,499.0,0.20000000298023224,1
15:48:13,2434.88,0.0,0.0,0,0.0,0.0,0,689.0,0.4000000059604645,1
15:48:13,2435.61,0.0,0.0,0,0.0,0.0,0,477.0,0.0,1
15:48:14,2436.34,0.0,0.0,0,0.0,0.0,0,522.0,0.5,1
15:48:15,2437.08,0.0,0.0,0,0.0,0.0,0,482.0,0.0,1
15:48:16,2437.8,0.0,0.0,0,0.0,0.0,0,498.0,0.10000000149011612,1
15:48:16,2438.54,0.0,0.0,0,0.0,0.0,0,499.0,0.20000000298023224,1
15:48:17,2439.26,0.0,0.0,0,0.0,0.0,0,502.0,0.30000001192092896,1
15:48:18,2439.99,0.0,0.0,0,0.0,0.0,0,502.0,0.30000001192092896,1
15:48:19,2440.73,0.0,0.0,0,0.0,0.0,0,528.0,0.6000000238418579,1
15:48:19,2441.47,0.0,0.0,0,0.0,0.0,0,481.0,0.0,1
15:48:20,2442.21,0.0,0.0,0,0.0,0.0,0,499.0,0.10000000149011612,1
15:48:21,2442.93,0.0,0.0,0,0.0,0.0,0,499.0,0.4000000059604645,1
15:48:22,2443.68,0.0,0.0,0,0.0,0.0,0,497.0,0.10000000149011612,1
15:48:22,2444.44,0.0,0.0,0,0.0,0.0,0,502.0,0.20000000298023224,1
15:48:23,2445.18,0.0,0.0,0,0.0,0.0,0,501.0,0.20000000298023224,1
15:48:24,2445.91,0.0,0.0,0,0.0,0.0,0,514.0,0.6000000238418579,1
15:48:25,2446.67,0.0,0.0,0,0.0,0.0,0,510.0,0.30000001192092896,1
15:48:25,2447.43,0.0,0.0,0,0.0,0.0,0,486.0,0.10000000149011612,1
15:48:26,2448.16,0.0,0.0,0,0.0,0.0,0,498.0,0.20000000298023224,1
15:48:27,2448.94,0.0,0.0,0,0.0,0.0,0,497.0,0.10000000149011612,1
15:48:28,2449.69,0.0,0.0,0,0.0,0.0,0,498.0,0.10000000149011612,1
15:48:28,2450.45,0.0,0.0,0,0.0,0.0,0,500.0,0.10000000149011612,1
15:48:29,2451.21,0.0,0.0,0,0.0,0.0,0,499.0,0.10000000149011612,1
15:48:30,2451.94,0.0,0.0,0,0.0,0.0,0,509.0,0.30000001192092896,1
15:48:31,2452.68,0.0,0.0,0,0.0,0.0,0,503.0,0.4000000059604645,1
15:48:31,2453.4,0.0,0.0,0,0.0,0.0,0,504.0,0.4000000059604645,1
15:48:32,2454.15,0.0,0.0,0,0.0,0.0,0,500.0,0.20000000298023224,1
15:48:33,2454.89,0.0,0.0,0,0.0,0.0,0,499.0,0.20000000298023224,1
15:48:33,2455.61,0.0,0.0,0,0.0,0.0,0,524.0,0.5,1
15:48:34,2456.35,0.0,0.0,0,0.0,0.0,0,485.0,0.0,1
15:48:35,2457.1,0.0,0.0,0,0.0,0.0,0,502.0,0.30000001192092896,1
15:48:36,2457.85,0.0,0.0,0,0.0,0.0,0,506.0,0.6000000238418579,1
15:48:36,2458.58,0.0,0.0,0,0.0,0.0,0,497.0,0.10000000149011612,1
15:48:37,2459.33,0.0,0.0,0,0.0,0.0,0,501.0,0.10000000149011612,1
15:48:38,2460.07,0.0,0.0,0,0.0,0.0,0,522.0,0.30000001192092896,1
15:48:39,2460.81,0.0,0.0,0,0.0,0.0,0,482.0,0.0,1
15:48:39,2461.55,0.0,0.0,0,0.0,0.0,0,521.0,0.5,1
15:48:40,2462.27,0.0,0.0,0,0.0,0.0,0,484.0,0.20000000298023224,1
15:48:41,2463.0,0.0,0.0,0,0.0,0.0,0,514.0,0.4000000059604645,1
15:48:42,2463.75,0.0,0.0,0,0.0,0.0,0,487.0,0.30000001192092896,1
15:48:42,2464.5,0.0,0.0,0,0.0,0.0,0,500.0,0.20000000298023224,1
15:48:43,2465.24,0.0,0.0,0,0.0,0.0,0,519.0,0.5,1
15:48:44,2466.01,0.0,0.0,0,0.0,0.0,0,488.0,0.10000000149011612,1
15:48:45,2466.75,0.0,0.0,0,0.0,0.0,0,483.0,0.0,1
15:48:45,2467.48,0.0,0.0,0,0.0,0.0,0,501.0,0.20000000298023224,1
15:48:46,2468.21,0.0,0.0,0,0.0,0.0,0,501.0,0.20000000298023224,1
15:48:47,2468.96,0.0,0.0,0,0.0,0.0,0,497.0,0.20000000298023224,1
15:48:48,2469.7,0.0,0.0,0,0.0,0.0,0,502.0,0.20000000298023224,1
15:48:48,2470.44,0.0,0.0,0,0.0,0.0,0,501.0,0.10000000149011612,1
15:48:49,2471.19,0.0,0.0,0,0.0,0.0,0,501.0,0.10000000149011612,1
15:48:50,2471.93,0.0,0.0,0,0.0,0.0,0,505.0,0.4000000059604645,1
15:48:51,2472.67,0.0,0.0,0,0.0,0.0,0,517.0,0.4000000059604645,1
15:48:51,2473.39,0.0,0.0,0,0.0,0.0,0,491.0,0.20000000298023224,1
15:48:52,2474.15,0.0,0.0,0,0.0,0.0,0,502.0,0.20000000298023224,1
15:48:53,2474.9,0.0,0.0,0,0.0,0.0,0,507.0,0.30000001192092896,1
15:48:54,2475.63,0.0,0.0,0,0.0,0.0,0,502.0,0.30000001192092896,1
15:48:54,2476.37,0.0,0.0,0,0.0,0.0,0,491.0,0.10000000149011612,1
15:48:55,2477.1,0.0,0.0,0,0.0,0.0,0,516.0,0.4000000059604645,1
15:48:56,2477.86,0.0,0.0,0,0.0,0.0,0,503.0,0.10000000149011612,1
15:48:57,2478.66,0.0,0.0,0,0.0,0.0,0,503.0,0.4000000059604645,1
15:48:57,2479.39,0.0,0.0,0,0.0,0.0,0,503.0,0.10000000149011612,1
15:48:58,2480.13,0.0,0.0,0,0.0,0.0,0,510.0,0.4000000059604645,1
15:48:59,2480.87,0.0,0.0,0,0.0,0.0,0,514.0,0.4000000059604645,1
15:48:59,2481.6,0.0,0.0,0,0.0,0.0,0,504.0,0.4000000059604645,1
15:49:00,2482.33,0.0,0.0,0,0.0,0.0,0,491.0,0.10000000149011612,1
15:49:01,2483.06,0.0,0.0,0,0.0,0.0,0,503.0,0.4000000059604645,1
15:49:02,2483.79,0.0,0.0,0,0.0,0.0,0,503.0,0.4000000059604645,1
15:49:02,2484.54,0.0,0.0,0,0.0,0.0,0,496.0,0.10000000149011612,1
15:49:03,2485.28,0.0,0.0,0,0.0,0.0,0,504.0,0.4000000059604645,1
15:49:04,2486.01,0.0,0.0,0,0.0,0.0,0,501.0,0.4000000059604645,1
15:49:05,2486.77,0.0,0.0,0,0.0,0.0,0,511.0,0.4000000059604645,1
15:49:05,2487.52,0.0,0.0,0,0.0,0.0,0,480.0,0.10000000149011612,1
15:49:06,2488.26,0.0,0.0,0,0.0,0.0,0,500.0,0.20000000298023224,1
15:49:07,2489.01,0.0,0.0,0,0.0,0.0,0,482.0,0.10000000149011612,1
15:49:08,2489.76,0.0,0.0,0,0.0,0.0,0,510.0,0.10000000149011612,1
15:49:08,2490.5,0.0,0.0,0,0.0,0.0,0,488.0,0.10000000149011612,1
15:49:09,2491.25,0.0,0.0,0,0.0,0.0,0,498.0,0.10000000149011612,1
15:49:10,2491.99,0.0,0.0,0,0.0,0.0,0,514.0,0.10000000149011612,1
15:49:11,2492.72,0.0,0.0,0,0.0,0.0,0,486.0,0.10000000149011612,1
15:49:11,2493.46,0.0,0.0,0,0.0,0.0,0,499.0,0.20000000298023224,1
15:49:12,2494.23,0.0,0.0,0,0.0,0.0,0,501.0,0.20000000298023224,1
15:49:13,2494.97,0.0,0.0,0,0.0,0.0,0,502.0,0.20000000298023224,1
15:49:14,2495.69,0.0,0.0,0,0.0,0.0,0,498.0,0.20000000298023224,1
15:49:14,2496.44,0.0,0.0,0,0.0,0.0,0,503.0,0.20000000298023224,1
15:49:15,2497.19,0.0,0.0,0,0.0,0.0,0,507.0,0.30000001192092896,1
15:49:16,2497.92,0.0,0.0,0,0.0,0.0,0,501.0,0.20000000298023224,1
15:49:17,2498.68,0.0,0.0,0,0.0,0.0,0,506.0,0.30000001192092896,1
15:49:17,2499.42,0.0,0.0,0,0.0,0.0,0,502.0,0.4000000059604645,1
15:49:18,2500.16,0.0,0.0,0,0.0,0.0,0,500.0,0.20000000298023224,1
15:49:19,2500.9,0.0,0.0,0,0.0,0.0,0,504.0,0.30000001192092896,1
15:49:20,2501.66,0.0,0.0,0,0.0,0.0,0,498.0,0.20000000298023224,1
15:49:20,2502.44,0.0,0.0,0,0.0,0.0,0,504.0,0.30000001192092896,1
15:49:21,2503.17,0.0,0.0,0,0.0,0.0,0,523.0,0.6000000238418579,1
15:49:22,2503.9,0.0,0.0,0,0.0,0.0,0,498.0,0.30000001192092896,1
15:49:23,2504.67,0.0,0.0,0,0.0,0.0,0,495.0,0.10000000149011612,1
15:49:23,2505.45,0.0,0.0,0,0.0,0.0,0,514.0,0.6000000238418579,1
15:49:24,2506.24,0.0,0.0,0,0.0,0.0,0,511.0,0.5,1
15:49:25,2507.0,0.0,0.0,0,0.0,0.0,0,482.0,0.10000000149011612,1
15:49:26,2507.79,0.0,0.0,0,0.0,0.0,0,504.0,0.4000000059604645,1
15:49:26,2508.52,0.0,0.0,0,0.0,0.0,0,500.0,0.30000001192092896,1
15:49:27,2509.31,0.0,0.0,0,0.0,0.0,0,505.0,0.30000001192092896,1
15:49:28,2510.05,0.0,0.0,0,0.0,0.0,0,498.0,0.30000001192092896,1
15:49:29,2510.82,0.0,0.0,0,0.0,0.0,0,507.0,0.30000001192092896,1
15:49:29,2511.59,0.0,0.0,0,0.0,0.0,0,522.0,0.5,1
15:49:30,2512.35,0.0,0.0,0,0.0,0.0,0,489.0,0.30000001192092896,1
15:49:31,2513.12,0.0,0.0,0,0.0,0.0,0,506.0,0.4000000059604645,1
15:49:32,2513.88,0.0,0.0,0,0.0,0.0,0,517.0,0.5,1
15:49:33,2514.7,0.0,0.0,0,0.0,0.0,0,511.0,0.5,1
15:49:33,2515.45,0.0,0.0,0,0.0,0.0,0,486.0,0.10000000149011612,1
15:49:34,2516.21,0.0,0.0,0,0.0,0.0,0,502.0,0.4000000059604645,1
15:49:35,2516.94,0.0,0.0,0,0.0,0.0,0,503.0,0.4000000059604645,1
15:49:36,2517.72,0.0,0.0,0,0.0,0.0,0,500.0,0.20000000298023224,1
15:49:36,2518.47,0.0,0.0,0,0.0,0.0,0,500.0,0.20000000298023224,1
15:49:37,2519.19,0.0,0.0,0,0.0,0.0,0,502.0,0.30000001192092896,1
15:49:38,2519.92,0.0,0.0,0,0.0,0.0,0,507.0,0.4000000059604645,1
15:49:39,2520.69,0.0,0.0,0,0.0,0.0,0,502.0,0.30000001192092896,1
15:49:39,2521.42,0.0,0.0,0,0.0,0.0,0,496.0,0.20000000298023224,1
15:49:40,2522.16,0.0,0.0,0,0.0,0.0,0,507.0,0.30000001192092896,1
15:49:41,2522.89,0.0,0.0,0,0.0,0.0,0,506.0,0.4000000059604645,1
15:49:41,2523.62,0.0,0.0,0,0.0,0.0,0,498.0,0.30000001192092896,1
15:49:42,2524.36,0.0,0.0,0,0.0,0.0,0,500.0,0.30000001192092896,1
15:49:43,2525.09,0.0,0.0,0,0.0,0.0,0,507.0,0.4000000059604645,1
15:49:44,2525.82,0.0,0.0,0,0.0,0.0,0,518.0,0.6000000238418579,1
15:49:44,2526.56,0.0,0.0,0,0.0,0.0,0,482.0,0.0,1
15:49:45,2527.29,0.0,0.0,0,0.0,0.0,0,495.0,0.20000000298023224,1
15:49:46,2528.02,0.0,0.0,0,0.0,0.0,0,501.0,0.30000001192092896,1
15:49:47,2528.75,0.0,0.0,0,0.0,0.0,0,517.0,0.30000001192092896,1
15:49:47,2529.48,0.0,0.0,0,0.0,0.0,0,480.0,0.0,1
15:49:48,2530.2,0.0,0.0,0,0.0,0.0,0,497.0,0.10000000149011612,1
15:49:49,2530.94,0.0,0.0,0,0.0,0.0,0,515.0,0.6000000238418579,1
15:49:50,2531.67,0.0,0.0,0,0.0,0.0,0,505.0,0.4000000059604645,1
15:49:50,2532.42,0.0,0.0,0,0.0,0.0,0,512.0,0.4000000059604645,1
15:49:51,2533.18,0.0,0.0,0,0.0,0.0,0,489.0,0.20000000298023224,1
15:49:52,2533.93,0.0,0.0,0,0.0,0.0,0,506.0,0.4000000059604645,1
15:49:53,2534.65,0.0,0.0,0,0.0,0.0,0,501.0,0.30000001192092896,1
15:49:53,2535.38,0.0,0.0,0,0.0,0.0,0,519.0,0.4000000059604645,1
15:49:54,2536.1,0.0,0.0,0,0.0,0.0,0,487.0,0.10000000149011612,1
15:49:55,2536.84,0.0,0.0,0,0.0,0.0,0,496.0,0.20000000298023224,1
15:49:55,2537.58,0.0,0.0,0,0.0,0.0,0,502.0,0.20000000298023224,1
15:49:56,2538.31,0.0,0.0,0,0.0,0.0,0,500.0,0.20000000298023224,1
15:49:57,2539.04,0.0,0.0,0,0.0,0.0,0,502.0,0.20000000298023224,1
15:49:58,2539.77,0.0,0.0,0,0.0,0.0,0,499.0,0.20000000298023224,1
15:49:58,2540.5,0.0,0.0,0,0.0,0.0,0,499.0,0.20000000298023224,1
15:49:59,2541.25,0.0,0.0,0,0.0,0.0,0,501.0,0.20000000298023224,1
15:50:00,2541.97,0.0,0.0,0,0.0,0.0,0,505.0,0.30000001192092896,1
15:50:01,2542.7,0.0,0.0,0,0.0,0.0,0,500.0,0.30000001192092896,1
15:50:01,2543.46,0.0,0.0,0,0.0,0.0,0,507.0,0.30000001192092896,1
15:50:02,2544.18,0.0,0.0,0,0.0,0.0,0,511.0,0.30000001192092896,1
15:50:03,2544.9,0.0,0.0,0,0.0,0.0,0,497.0,0.20000000298023224,1
15:50:03,2545.63,0.0,0.0,0,0.0,0.0,0,502.0,0.20000000298023224,1
15:50:04,2546.37,0.0,0.0,0,0.0,0.0,0,502.0,0.20000000298023224,1
15:50:05,2547.11,0.0,0.0,0,0.0,0.0,0,506.0,0.30000001192092896,1
15:50:06,2547.84,0.0,0.0,0,0.0,0.0,0,503.0,0.30000001192092896,1
15:50:06,2548.56,0.0,0.0,0,0.0,0.0,0,522.0,0.4000000059604645,1
15:50:07,2549.28,0.0,0.0,0,0.0,0.0,0,527.0,0.4000000059604645,1
15:50:08,2550.0,0.0,0.0,0,0.0,0.0,0,507.0,0.4000000059604645,1
15:50:09,2550.77,0.0,0.0,0,0.0,0.0,0,480.0,0.0,1
15:50:09,2551.53,0.0,0.0,0,0.0,0.0,0,506.0,0.4000000059604645,1
15:50:10,2552.27,0.0,0.0,0,0.0,0.0,0,510.0,0.4000000059604645,1
15:50:11,2552.99,0.0,0.0,0,0.0,0.0,0,497.0,0.30000001192092896,1
15:50:12,2553.72,0.0,0.0,0,0.0,0.0,0,507.0,0.5,1
15:50:12,2554.45,0.0,0.0,0,0.0,0.0,0,497.0,0.0,1
15:50:13,2555.17,0.0,0.0,0,0.0,0.0,0,483.0,0.0,1
15:50:14,2555.89,0.0,0.0,0,0.0,0.0,0,500.0,0.30000001192092896,1
15:50:14,2556.62,0.0,0.0,0,0.0,0.0,0,506.0,0.4000000059604645,1
15:50:15,2557.35,0.0,0.0,0,0.0,0.0,0,501.0,0.20000000298023224,1
15:50:16,2558.07,0.0,0.0,0,0.0,0.0,0,501.0,0.20000000298023224,1
15:50:17,2558.8,0.0,0.0,0,0.0,0.0,0,501.0,0.20000000298023224,1
15:50:17,2559.54,0.0,0.0,0,0.0,0.0,0,501.0,0.20000000298023224,1
15:50:18,2560.27,0.0,0.0,0,0.0,0.0,0,498.0,0.20000000298023224,1
15:50:19,2560.99,0.0,0.0,0,0.0,0.0,0,497.0,0.10000000149011612,1
15:50:20,2561.73,0.0,0.0,0,0.0,0.0,0,518.0,0.4000000059604645,1
15:50:20,2562.5,0.0,0.0,0,0.0,0.0,0,490.0,0.20000000298023224,1
15:50:21,2563.27,0.0,0.0,0,0.0,0.0,0,502.0,0.20000000298023224,1
15:50:22,2564.01,0.0,0.0,0,0.0,0.0,0,494.0,0.10000000149011612,1
15:50:23,2564.74,0.0,0.0,0,0.0,0.0,0,515.0,0.20000000298023224,1
15:50:23,2565.5,0.0,0.0,0,0.0,0.0,0,489.0,0.20000000298023224,1
15:50:24,2566.25,0.0,0.0,0,0.0,0.0,0,501.0,0.20000000298023224,1
15:50:25,2566.97,0.0,0.0,0,0.0,0.0,0,501.0,0.20000000298023224,1
15:50:26,2567.71,0.0,0.0,0,0.0,0.0,0,503.0,0.20000000298023224,1
15:50:26,2568.43,0.0,0.0,0,0.0,0.0,0,521.0,0.5,1
15:50:27,2569.15,0.0,0.0,0,0.0,0.0,0,486.0,0.30000001192092896,1
15:50:28,2569.9,0.0,0.0,0,0.0,0.0,0,495.0,0.10000000149011612,1
15:50:28,2570.62,0.0,0.0,0,0.0,0.0,0,504.0,0.4000000059604645,1
15:50:29,2571.37,0.0,0.0,0,0.0,0.0,0,500.0,0.20000000298023224,1
15:50:30,2572.15,0.0,0.0,0,0.0,0.0,0,503.0,0.30000001192092896,1
15:50:31,2572.88,0.0,0.0,0,0.0,0.0,0,507.0,0.30000001192092896,1
15:50:31,2573.6,0.0,0.0,0,0.0,0.0,0,501.0,0.30000001192092896,1
15:50:32,2574.33,0.0,0.0,0,0.0,0.0,0,501.0,0.30000001192092896,1
15:50:33,2575.05,0.0,0.0,0,0.0,0.0,0,516.0,0.4000000059604645,1
15:50:34,2575.78,0.0,0.0,0,0.0,0.0,0,503.0,0.4000000059604645,1
15:50:34,2576.52,0.0,0.0,0,0.0,0.0,0,487.0,0.10000000149011612,1
15:50:35,2577.25,0.0,0.0,0,0.0,0.0,0,502.0,0.20000000298023224,1
15:50:36,2578.0,0.0,0.0,0,0.0,0.0,0,501.0,0.20000000298023224,1
15:50:37,2578.76,0.0,0.0,0,0.0,0.0,0,500.0,0.20000000298023224,1
15:50:37,2579.49,0.0,0.0,0,0.0,0.0,0,500.0,0.20000000298023224,1
15:50:38,2580.21,0.0,0.0,0,0.0,0.0,0,501.0,0.10000000149011612,1
15:50:39,2580.94,0.0,0.0,0,0.0,0.0,0,500.0,0.20000000298023224,1
15:50:40,2581.67,0.0,0.0,0,0.0,0.0,0,502.0,0.20000000298023224,1
15:50:40,2582.41,0.0,0.0,0,0.0,0.0,0,493.0,0.0,1
15:50:41,2583.14,0.0,0.0,0,0.0,0.0,0,496.0,0.20000000298023224,1
15:50:42,2583.87,0.0,0.0,0,0.0,0.0,0,502.0,0.30000001192092896,1
15:50:42,2584.62,0.0,0.0,0,0.0,0.0,0,504.0,0.30000001192092896,1
15:50:43,2585.38,0.0,0.0,0,0.0,0.0,0,519.0,0.5,1
15:50:44,2586.14,0.0,0.0,0,0.0,0.0,0,489.0,0.0,1
15:50:45,2586.87,0.0,0.0,0,0.0,0.0,0,691.0,0.0,1
15:50:46,2587.64,0.0,0.0,0,0.0,0.0,0,486.0,0.0,1
15:50:46,2588.37,0.0,0.0,0,0.0,0.0,0,494.0,0.0,1
15:50:47,2589.1,0.0,0.0,0,0.0,0.0,0,516.0,0.10000000149011612,1
15:50:48,2589.84,0.0,0.0,0,0.0,0.0,0,479.0,0.0,1
15:50:48,2590.58,0.0,0.0,0,0.0,0.0,0,480.0,0.0,1
15:50:49,2591.31,0.0,0.0,0,0.0,0.0,0,497.0,0.0,1
15:50:50,2592.04,0.0,0.0,0,0.0,0.0,0,522.0,0.699999988079071,1
15:50:51,2592.78,0.0,0.0,0,0.0,0.0,0,489.0,0.20000000298023224,1
15:50:51,2593.51,0.0,0.0,0,0.0,0.0,0,500.0,0.20000000298023224,1
15:50:52,2594.27,0.0,0.0,0,0.0,0.0,0,498.0,0.20000000298023224,1
15:50:53,2594.99,0.0,0.0,0,0.0,0.0,0,503.0,0.30000001192092896,1
15:50:54,2595.74,0.0,0.0,0,0.0,0.0,0,502.0,0.30000001192092896,1
15:50:54,2596.47,0.0,0.0,0,0.0,0.0,0,500.0,0.20000000298023224,1
15:50:55,2597.2,0.0,0.0,0,0.0,0.0,0,509.0,0.6000000238418579,1
15:50:56,2597.93,0.0,0.0,0,0.0,0.0,0,516.0,0.20000000298023224,1
15:50:57,2598.67,0.0,0.0,0,0.0,0.0,0,496.0,0.0,1
15:50:57,2599.43,0.0,0.0,0,0.0,0.0,0,528.0,0.4000000059604645,1
15:50:58,2600.17,0.0,0.0,0,0.0,0.0,0,542.0,0.4000000059604645,1
15:50:59,2600.9,0.0,0.0,0,0.0,0.0,0,561.0,0.5,1
15:50:59,2601.63,0.0,0.0,0,0.0,0.0,0,551.0,0.0,1
15:51:00,2602.38,0.0,0.0,0,0.0,0.0,0,553.0,0.10000000149011612,1
15:51:01,2603.16,0.0,0.0,0,0.0,0.0,0,567.0,0.5,1
15:51:02,2603.9,0.0,0.0,0,0.0,0.0,0,574.0,0.5,1
15:51:03,2604.65,0.0,0.0,0,0.0,0.0,0,587.0,0.5,1
15:51:03,2605.38,0.0,0.0,0,0.0,0.0,0,559.0,0.20000000298023224,1
15:51:04,2606.11,0.0,0.0,0,0.0,0.0,0,587.0,0.20000000298023224,1
15:51:05,2606.86,0.0,0.0,0,0.0,0.0,0,618.0,0.5,1
15:51:05,2607.62,0.0,0.0,0,0.0,0.0,0,605.0,0.6000000238418579,1
15:51:06,2608.37,0.0,0.0,0,0.0,0.0,0,605.0,0.10000000149011612,1
15:51:07,2609.11,0.0,0.0,0,0.0,0.0,0,633.0,0.20000000298023224,1
15:51:08,2609.87,0.0,0.0,0,0.0,0.0,0,635.0,0.4000000059604645,1
15:51:08,2610.62,0.0,0.0,0,0.0,0.0,0,635.0,0.20000000298023224,1
15:51:09,2611.36,0.0,0.0,0,0.0,0.0,0,651.0,0.30000001192092896,1
15:51:10,2612.09,0.0,0.0,0,0.0,0.0,0,661.0,0.5,1
15:51:11,2612.83,0.0,0.0,0,0.0,0.0,0,674.0,0.30000001192092896,1
15:51:11,2613.57,0.0,0.0,0,0.0,0.0,0,652.0,0.20000000298023224,1
15:51:12,2614.29,0.0,0.0,0,0.0,0.0,0,678.0,0.20000000298023224,1
15:51:13,2615.02,0.0,0.0,0,0.0,0.0,0,688.0,0.20000000298023224,1
15:51:14,2615.74,0.0,0.0,0,0.0,0.0,0,693.0,0.30000001192092896,1
15:51:14,2616.48,0.0,0.0,0,0.0,0.0,0,693.0,0.30000001192092896,1
15:51:15,2617.22,0.0,0.0,0,0.0,0.0,0,692.0,0.20000000298023224,1
15:51:16,2617.98,0.0,0.0,0,0.0,0.0,0,706.0,0.20000000298023224,1
15:51:17,2618.74,0.0,0.0,0,0.0,0.0,0,724.0,0.0,1
15:51:17,2619.51,0.0,0.0,0,0.0,0.0,0,725.0,0.20000000298023224,1
15:51:18,2620.26,0.0,0.0,0,0.0,0.0,0,735.0,0.30000001192092896,1
15:51:19,2621.0,0.0,0.0,0,0.0,0.0,0,745.0,0.30000001192092896,1
15:51:20,2621.73,0.0,0.0,0,0.0,0.0,0,756.0,0.6000000238418579,1
15:51:20,2622.46,0.0,0.0,0,0.0,0.0,0,752.0,0.4000000059604645,1
15:51:21,2623.21,0.0,0.0,0,0.0,0.0,0,762.0,0.4000000059604645,1
15:51:22,2623.95,0.0,0.0,0,0.0,0.0,0,764.0,0.4000000059604645,1
15:51:23,2624.7,0.0,0.0,0,0.0,0.0,0,776.0,0.699999988079071,1
15:51:23,2625.45,0.0,0.0,0,0.0,0.0,0,764.0,0.5,1
15:51:24,2626.2,0.0,0.0,0,0.0,0.0,0,789.0,0.4000000059604645,1
15:51:25,2626.94,0.0,0.0,0,0.0,0.0,0,788.0,0.4000000059604645,1
15:51:26,2627.7,0.0,0.0,0,0.0,0.0,0,796.0,0.10000000149011612,1
15:51:26,2628.43,0.0,0.0,0,0.0,0.0,0,801.0,0.30000001192092896,1
15:51:27,2629.16,0.0,0.0,0,0.0,0.0,0,827.0,0.30000001192092896,1
15:51:28,2629.89,0.0,0.0,0,0.0,0.0,0,843.0,0.6000000238418579,1
15:51:29,2630.65,0.0,0.0,0,0.0,0.0,0,822.0,0.10000000149011612,1
15:51:29,2631.38,0.0,0.0,0,0.0,0.0,0,844.0,0.20000000298023224,1
15:51:30,2632.11,0.0,0.0,0,0.0,0.0,0,865.0,0.6000000238418579,1
15:51:31,2632.84,0.0,0.0,0,0.0,0.0,0,838.0,0.0,1
15:51:31,2633.59,0.0,0.0,0,0.0,0.0,0,859.0,0.30000001192092896,1
15:51:32,2634.32,0.0,0.0,0,0.0,0.0,0,866.0,0.30000001192092896,1
15:51:33,2635.07,0.0,0.0,0,0.0,0.0,0,869.0,0.5,1
15:51:34,2635.83,0.0,0.0,0,0.0,0.0,0,871.0,0.5,1
15:51:34,2636.56,0.0,0.0,0,0.0,0.0,0,874.0,0.30000001192092896,1
15:51:35,2637.3,0.0,0.0,0,0.0,0.0,0,903.0,0.30000001192092896,1
15:51:36,2638.05,0.0,0.0,0,0.0,0.0,0,905.0,0.30000001192092896,1
15:51:37,2638.79,0.0,0.0,0,0.0,0.0,0,916.0,0.4000000059604645,1
15:51:37,2639.53,0.0,0.0,0,0.0,0.0,0,923.0,0.6000000238418579,1
15:51:38,2640.28,0.0,0.0,0,0.0,0.0,0,935.0,0.6000000238418579,1
15:51:39,2641.01,0.0,0.0,0,0.0,0.0,0,927.0,0.10000000149011612,1
15:51:40,2641.77,0.0,0.0,0,0.0,0.0,0,934.0,0.10000000149011612,1
15:51:40,2642.52,0.0,0.0,0,0.0,0.0,0,947.0,0.699999988079071,1
15:51:41,2643.27,0.0,0.0,0,0.0,0.0,0,958.0,0.20000000298023224,1
15:51:42,2644.02,0.0,0.0,0,0.0,0.0,0,961.0,0.4000000059604645,1
15:51:43,2644.77,0.0,0.0,0,0.0,0.0,0,972.0,0.5,1
15:51:43,2645.5,0.0,0.0,0,0.0,0.0,0,979.0,0.6000000238418579,1
15:51:44,2646.24,0.0,0.0,0,0.0,0.0,0,994.0,0.30000001192092896,1
15:51:45,2646.98,0.0,0.0,0,0.0,0.0,0,1006.0,0.4000000059604645,1
15:51:46,2647.71,0.0,0.0,0,0.0,0.0,0,1005.0,0.4000000059604645,1
15:51:46,2648.45,0.0,0.0,0,0.0,0.0,0,1005.0,0.20000000298023224,1
15:51:47,2649.2,0.0,0.0,0,0.0,0.0,0,1014.0,0.30000001192092896,1
15:51:48,2649.94,0.0,0.0,0,0.0,0.0,0,1015.0,0.30000001192092896,1
15:51:49,2650.69,0.0,0.0,0,0.0,0.0,0,1015.0,0.30000001192092896,1
15:51:49,2651.42,0.0,0.0,0,0.0,0.0,0,1010.0,0.30000001192092896,1
15:51:50,2652.15,0.0,0.0,0,0.0,0.0,0,1006.0,0.20000000298023224,1
15:51:51,2652.88,0.0,0.0,0,0.0,0.0,0,1011.0,0.30000001192092896,1
15:51:51,2653.63,0.0,0.0,0,0.0,0.0,0,1000.0,0.10000000149011612,1
15:51:52,2654.37,0.0,0.0,0,0.0,0.0,0,1010.0,0.10000000149011612,1
15:51:53,2655.09,0.0,0.0,0,0.0,0.0,0,1011.0,0.10000000149011612,1
15:51:54,2655.82,0.0,0.0,0,0.0,0.0,0,1012.0,0.4000000059604645,1
15:51:54,2656.56,0.0,0.0,0,0.0,0.0,0,1012.0,0.20000000298023224,1
15:51:55,2657.31,0.0,0.0,0,0.0,0.0,0,1009.0,0.20000000298023224,1
15:51:56,2658.08,0.0,0.0,0,0.0,0.0,0,1008.0,0.20000000298023224,1
15:51:57,2658.81,0.0,0.0,0,0.0,0.0,0,1010.0,0.20000000298023224,1
15:51:57,2659.54,0.0,0.0,0,0.0,0.0,0,1010.0,0.30000001192092896,1
15:51:58,2660.27,0.0,0.0,0,0.0,0.0,0,1010.0,0.30000001192092896,1
15:51:59,2661.0,0.0,0.0,0,0.0,0.0,0,1016.0,0.30000001192092896,1
15:52:00,2661.75,0.0,0.0,0,0.0,0.0,0,1005.0,0.20000000298023224,1
15:52:00,2662.51,0.0,0.0,0,0.0,0.0,0,1017.0,0.30000001192092896,1
15:52:01,2663.25,0.0,0.0,0,0.0,0.0,0,1010.0,0.30000001192092896,1
15:52:02,2663.97,0.0,0.0,0,0.0,0.0,0,1008.0,0.30000001192092896,1
15:52:03,2664.71,0.0,0.0,0,0.0,0.0,0,1006.0,0.30000001192092896,1
15:52:03,2665.46,0.0,0.0,0,0.0,0.0,0,1004.0,0.20000000298023224,1
15:52:04,2666.2,0.0,0.0,0,0.0,0.0,0,1008.0,0.10000000149011612,1
15:52:05,2666.93,0.0,0.0,0,0.0,0.0,0,1008.0,0.20000000298023224,1
15:52:06,2667.69,0.0,0.0,0,0.0,0.0,0,1011.0,0.20000000298023224,1
15:52:06,2668.45,0.0,0.0,0,0.0,0.0,0,1011.0,0.20000000298023224,1
15:52:07,2669.18,0.0,0.0,0,0.0,0.0,0,1007.0,0.20000000298023224,1
15:52:08,2669.9,0.0,0.0,0,0.0,0.0,0,1013.0,0.20000000298023224,1
15:52:09,2670.65,0.0,0.0,0,0.0,0.0,0,1013.0,0.20000000298023224,1
15:52:09,2671.38,0.0,0.0,0,0.0,0.0,0,1013.0,0.30000001192092896,1
15:52:10,2672.11,0.0,0.0,0,0.0,0.0,0,1007.0,0.20000000298023224,1
15:52:11,2672.87,0.0,0.0,0,0.0,0.0,0,1005.0,0.20000000298023224,1
15:52:11,2673.61,0.0,0.0,0,0.0,0.0,0,1011.0,0.20000000298023224,1
15:52:12,2674.36,0.0,0.0,0,0.0,0.0,0,1007.0,0.20000000298023224,1
15:52:13,2675.09,0.0,0.0,0,0.0,0.0,0,1011.0,0.4000000059604645,1
15:52:14,2675.83,0.0,0.0,0,0.0,0.0,0,1008.0,0.20000000298023224,1
15:52:14,2676.56,0.0,0.0,0,0.0,0.0,0,1010.0,0.4000000059604645,1
15:52:15,2677.29,0.0,0.0,0,0.0,0.0,0,1010.0,0.20000000298023224,1
15:52:16,2678.02,0.0,0.0,0,0.0,0.0,0,1010.0,0.20000000298023224,1
15:52:17,2678.77,0.0,0.0,0,0.0,0.0,0,1010.0,0.5,1
15:52:17,2679.52,0.0,0.0,0,0.0,0.0,0,1004.0,0.10000000149011612,1
15:52:18,2680.29,0.0,0.0,0,0.0,0.0,0,1006.0,0.20000000298023224,1
15:52:19,2681.1,0.0,0.0,0,0.0,0.0,0,1011.0,0.20000000298023224,1
15:52:20,2681.88,0.0,0.0,0,0.0,0.0,0,1008.0,0.10000000149011612,1
15:52:21,2682.65,0.0,0.0,0,0.0,0.0,0,1010.0,0.10000000149011612,1
15:52:21,2683.41,0.0,0.0,0,0.0,0.0,0,1009.0,0.30000001192092896,1
15:52:22,2684.17,0.0,0.0,0,0.0,0.0,0,1010.0,0.30000001192092896,1
15:52:23,2684.95,0.0,0.0,0,0.0,0.0,0,1010.0,0.30000001192092896,1
15:52:24,2685.71,0.0,0.0,0,0.0,0.0,0,1010.0,0.30000001192092896,1
15:52:24,2686.47,0.0,0.0,0,0.0,0.0,0,1010.0,0.20000000298023224,1
15:52:25,2687.28,0.0,0.0,0,0.0,0.0,0,1009.0,0.20000000298023224,1
15:52:26,2688.05,0.0,0.0,0,0.0,0.0,0,1002.0,0.10000000149011612,1
15:52:27,2688.83,0.0,0.0,0,0.0,0.0,0,1012.0,0.4000000059604645,1
15:52:27,2689.59,0.0,0.0,0,0.0,0.0,0,1010.0,0.30000001192092896,1
15:52:28,2690.34,0.0,0.0,0,0.0,0.0,0,1010.0,0.30000001192092896,1
15:52:29,2691.11,0.0,0.0,0,0.0,0.0,0,1009.0,0.20000000298023224,1
15:52:30,2691.88,0.0,0.0,0,0.0,0.0,0,1013.0,0.20000000298023224,1
15:52:31,2692.65,0.0,0.0,0,0.0,0.0,0,1014.0,0.30000001192092896,1
15:52:31,2693.43,0.0,0.0,0,0.0,0.0,0,1008.0,0.20000000298023224,1
15:52:32,2694.17,0.0,0.0,0,0.0,0.0,0,1006.0,0.20000000298023224,1
15:52:33,2694.94,0.0,0.0,0,0.0,0.0,0,1015.0,0.4000000059604645,1
15:52:34,2695.71,0.0,0.0,0,0.0,0.0,0,1006.0,0.20000000298023224,1
15:52:34,2696.48,0.0,0.0,0,0.0,0.0,0,1013.0,0.30000001192092896,1
15:52:35,2697.3,0.0,0.0,0,0.0,0.0,0,1013.0,0.4000000059604645,1
15:52:36,2698.04,0.0,0.0,0,0.0,0.0,0,1006.0,0.30000001192092896,1
15:52:37,2698.78,0.0,0.0,0,0.0,0.0,0,1007.0,0.30000001192092896,1
15:52:37,2699.55,0.0,0.0,0,0.0,0.0,0,1010.0,0.30000001192092896,1
15:52:38,2700.31,0.0,0.0,0,0.0,0.0,0,1004.0,0.30000001192092896,1
15:52:39,2701.06,0.0,0.0,0,0.0,0.0,0,1012.0,0.20000000298023224,1
15:52:40,2701.82,0.0,0.0,0,0.0,0.0,0,1008.0,0.30000001192092896,1
15:52:40,2702.58,0.0,0.0,0,0.0,0.0,0,1014.0,0.4000000059604645,1
15:52:41,2703.34,0.0,0.0,0,0.0,0.0,0,1011.0,0.30000001192092896,1
15:52:42,2704.09,0.0,0.0,0,0.0,0.0,0,1011.0,0.30000001192092896,1
15:52:43,2704.83,0.0,0.0,0,0.0,0.0,0,1009.0,0.30000001192092896,1
15:52:43,2705.57,0.0,0.0,0,0.0,0.0,0,1010.0,0.20000000298023224,1
15:52:44,2706.31,0.0,0.0,0,0.0,0.0,0,1010.0,0.30000001192092896,1
15:52:45,2707.04,0.0,0.0,0,0.0,0.0,0,1011.0,0.30000001192092896,1
15:52:46,2707.77,0.0,0.0,0,0.0,0.0,0,1006.0,0.10000000149011612,1
15:52:46,2708.53,0.0,0.0,0,0.0,0.0,0,1006.0,0.20000000298023224,1
15:52:47,2709.26,0.0,0.0,0,0.0,0.0,0,1009.0,0.10000000149011612,1
15:52:48,2710.0,0.0,0.0,0,0.0,0.0,0,1013.0,0.20000000298023224,1
15:52:49,2710.77,0.0,0.0,0,0.0,0.0,0,1003.0,0.10000000149011612,1
15:52:49,2711.54,0.0,0.0,0,0.0,0.0,0,1011.0,0.30000001192092896,1
15:52:50,2712.3,0.0,0.0,0,0.0,0.0,0,1011.0,0.30000001192092896,1
15:52:51,2713.06,0.0,0.0,0,0.0,0.0,0,1008.0,0.30000001192092896,1
15:52:52,2713.81,0.0,0.0,0,0.0,0.0,0,1005.0,0.20000000298023224,1
15:52:52,2714.57,0.0,0.0,0,0.0,0.0,0,1011.0,0.20000000298023224,1
15:52:53,2715.35,0.0,0.0,0,0.0,0.0,0,1008.0,0.20000000298023224,1
15:52:54,2716.08,0.0,0.0,0,0.0,0.0,0,1008.0,0.20000000298023224,1
15:52:55,2716.83,0.0,0.0,0,0.0,0.0,0,1009.0,0.20000000298023224,1
15:52:55,2717.57,0.0,0.0,0,0.0,0.0,0,1009.0,0.20000000298023224,1
15:52:56,2718.33,0.0,0.0,0,0.0,0.0,0,1013.0,0.20000000298023224,1
15:52:57,2719.08,0.0,0.0,0,0.0,0.0,0,1012.0,0.20000000298023224,1
15:52:58,2719.84,0.0,0.0,0,0.0,0.0,0,1008.0,0.20000000298023224,1
15:52:58,2720.58,0.0,0.0,0,0.0,0.0,0,1013.0,0.4000000059604645,1
15:52:59,2721.34,0.0,0.0,0,0.0,0.0,0,1006.0,0.20000000298023224,1
15:53:00,2722.07,0.0,0.0,0,0.0,0.0,0,1008.0,0.20000000298023224,1
15:53:01,2722.81,0.0,0.0,0,0.0,0.0,0,1009.0,0.20000000298023224,1
15:53:01,2723.55,0.0,0.0,0,0.0,0.0,0,1010.0,0.30000001192092896,1
15:53:02,2724.29,0.0,0.0,0,0.0,0.0,0,1013.0,0.30000001192092896,1
15:53:03,2725.03,0.0,0.0,0,0.0,0.0,0,1011.0,0.30000001192092896,1
15:53:04,2725.78,0.0,0.0,0,0.0,0.0,0,1011.0,0.30000001192092896,1
15:53:04,2726.53,0.0,0.0,0,0.0,0.0,0,1006.0,0.20000000298023224,1
15:53:05,2727.28,0.0,0.0,0,0.0,0.0,0,1015.0,0.30000001192092896,1
15:53:06,2728.0,0.0,0.0,0,0.0,0.0,0,1012.0,0.30000001192092896,1
15:53:07,2728.75,0.0,0.0,0,0.0,0.0,0,1012.0,0.30000001192092896,1
15:53:07,2729.49,0.0,0.0,0,0.0,0.0,0,1011.0,0.30000001192092896,1
15:53:08,2730.23,0.0,0.0,0,0.0,0.0,0,1009.0,0.30000001192092896,1
15:53:09,2731.0,0.0,0.0,0,0.0,0.0,0,1010.0,0.20000000298023224,1
15:53:10,2731.76,0.0,0.0,0,0.0,0.0,0,1010.0,0.20000000298023224,1
15:53:10,2732.54,0.0,0.0,0,0.0,0.0,0,1010.0,0.20000000298023224,1
15:53:11,2733.31,0.0,0.0,0,0.0,0.0,0,1005.0,0.20000000298023224,1
15:53:12,2734.06,0.0,0.0,0,0.0,0.0,0,1009.0,0.4000000059604645,1
15:53:13,2734.81,0.0,0.0,0,0.0,0.0,0,1012.0,0.30000001192092896,1
15:53:13,2735.55,0.0,0.0,0,0.0,0.0,0,1005.0,0.10000000149011612,1
15:53:14,2736.29,0.0,0.0,0,0.0,0.0,0,1007.0,0.20000000298023224,1
15:53:15,2737.05,0.0,0.0,0,0.0,0.0,0,1017.0,0.30000001192092896,1
15:53:16,2737.8,0.0,0.0,0,0.0,0.0,0,1014.0,0.30000001192092896,1
15:53:16,2738.58,0.0,0.0,0,0.0,0.0,0,1011.0,0.30000001192092896,1
15:53:17,2739.36,0.0,0.0,0,0.0,0.0,0,1008.0,0.20000000298023224,1
15:53:18,2740.13,0.0,0.0,0,0.0,0.0,0,1012.0,0.4000000059604645,1
15:53:19,2740.88,0.0,0.0,0,0.0,0.0,0,1008.0,0.20000000298023224,1
15:53:19,2741.63,0.0,0.0,0,0.0,0.0,0,1010.0,0.20000000298023224,1
15:53:20,2742.38,0.0,0.0,0,0.0,0.0,0,1008.0,0.20000000298023224,1
15:53:21,2743.12,0.0,0.0,0,0.0,0.0,0,1011.0,0.20000000298023224,1
15:53:22,2743.88,0.0,0.0,0,0.0,0.0,0,1010.0,0.20000000298023224,1
15:53:23,2744.63,0.0,0.0,0,0.0,0.0,0,1012.0,0.30000001192092896,1
15:53:23,2745.36,0.0,0.0,0,0.0,0.0,0,1006.0,0.10000000149011612,1
15:53:24,2746.09,0.0,0.0,0,0.0,0.0,0,1013.0,0.4000000059604645,1
15:53:25,2746.84,0.0,0.0,0,0.0,0.0,0,1010.0,0.4000000059604645,1
15:53:25,2747.58,0.0,0.0,0,0.0,0.0,0,1014.0,0.30000001192092896,1
15:53:26,2748.31,0.0,0.0,0,0.0,0.0,0,1003.0,0.30000001192092896,1
15:53:27,2749.05,0.0,0.0,0,0.0,0.0,0,1009.0,0.20000000298023224,1
15:53:28,2749.8,0.0,0.0,0,0.0,0.0,0,1013.0,0.4000000059604645,1
15:53:28,2750.55,0.0,0.0,0,0.0,0.0,0,1007.0,0.20000000298023224,1
15:53:29,2751.29,0.0,0.0,0,0.0,0.0,0,1011.0,0.20000000298023224,1
15:53:30,2752.02,0.0,0.0,0,0.0,0.0,0,1010.0,0.20000000298023224,1
15:53:31,2752.75,0.0,0.0,0,0.0,0.0,0,1012.0,0.20000000298023224,1
15:53:31,2753.49,0.0,0.0,0,0.0,0.0,0,1012.0,0.4000000059604645,1
15:53:32,2754.24,0.0,0.0,0,0.0,0.0,0,1012.0,0.30000001192092896,1
15:53:33,2754.99,0.0,0.0,0,0.0,0.0,0,1008.0,0.30000001192092896,1
15:53:34,2755.71,0.0,0.0,0,0.0,0.0,0,1010.0,0.20000000298023224,1
15:53:34,2756.43,0.0,0.0,0,0.0,0.0,0,1012.0,0.20000000298023224,1
15:53:35,2757.16,0.0,0.0,0,0.0,0.0,0,1011.0,0.30000001192092896,1
15:53:36,2757.89,0.0,0.0,0,0.0,0.0,0,1009.0,0.20000000298023224,1
15:53:36,2758.62,0.0,0.0,0,0.0,0.0,0,1009.0,0.20000000298023224,1
15:53:37,2759.41,0.0,0.0,0,0.0,0.0,0,1011.0,0.20000000298023224,1
15:53:38,2760.15,0.0,0.0,0,0.0,0.0,0,1008.0,0.30000001192092896,1
15:53:39,2760.87,0.0,0.0,0,0.0,0.0,0,1009.0,0.30000001192092896,1
15:53:39,2761.62,0.0,0.0,0,0.0,0.0,0,1011.0,0.30000001192092896,1
15:53:40,2762.37,0.0,0.0,0,0.0,0.0,0,1005.0,0.20000000298023224,1
15:53:41,2763.1,0.0,0.0,0,0.0,0.0,0,1010.0,0.4000000059604645,1
15:53:42,2763.83,0.0,0.0,0,0.0,0.0,0,1013.0,0.5,1
15:53:42,2764.56,0.0,0.0,0,0.0,0.0,0,1008.0,0.30000001192092896,1
15:53:43,2765.31,0.0,0.0,0,0.0,0.0,0,1009.0,0.30000001192092896,1
15:53:44,2766.05,0.0,0.0,0,0.0,0.0,0,1000.0,0.0,1
15:53:45,2766.82,0.0,0.0,0,0.0,0.0,0,1008.0,0.20000000298023224,1
15:53:45,2767.56,0.0,0.0,0,0.0,0.0,0,1010.0,0.30000001192092896,1
15:53:46,2768.29,0.0,0.0,0,0.0,0.0,0,1006.0,0.20000000298023224,1
15:53:47,2769.01,0.0,0.0,0,0.0,0.0,0,1010.0,0.20000000298023224,1
15:53:48,2769.73,0.0,0.0,0,0.0,0.0,0,1011.0,0.30000001192092896,1
15:53:48,2770.46,0.0,0.0,0,0.0,0.0,0,1011.0,0.30000001192092896,1
15:53:49,2771.2,0.0,0.0,0,0.0,0.0,0,1013.0,0.30000001192092896,1
15:53:50,2771.93,0.0,0.0,0,0.0,0.0,0,1090.0,0.0,1
15:53:51,2772.67,0.0,0.0,0,0.0,0.0,0,1011.0,0.0,1
15:53:51,2773.43,0.0,0.0,0,0.0,0.0,0,1007.0,0.20000000298023224,1
15:53:52,2774.16,0.0,0.0,0,0.0,0.0,0,1010.0,0.20000000298023224,1
15:53:53,2774.89,0.0,0.0,0,0.0,0.0,0,1009.0,0.20000000298023224,1
15:53:54,2775.63,0.0,0.0,0,0.0,0.0,0,1008.0,0.30000001192092896,1
15:53:54,2776.38,0.0,0.0,0,0.0,0.0,0,1012.0,0.4000000059604645,1
15:53:55,2777.12,0.0,0.0,0,0.0,0.0,0,1011.0,0.4000000059604645,1
15:53:56,2777.87,0.0,0.0,0,0.0,0.0,0,1002.0,0.4000000059604645,1
15:53:56,2778.6,0.0,0.0,0,0.0,0.0,0,1004.0,0.20000000298023224,1
15:53:57,2779.34,0.0,0.0,0,0.0,0.0,0,1007.0,0.20000000298023224,1
15:53:58,2780.08,0.0,0.0,0,0.0,0.0,0,1011.0,0.20000000298023224,1
15:53:59,2780.85,0.0,0.0,0,0.0,0.0,0,1014.0,0.20000000298023224,1
15:53:59,2781.59,0.0,0.0,0,0.0,0.0,0,1010.0,0.20000000298023224,1
15:54:00,2782.35,0.0,0.0,0,0.0,0.0,0,1003.0,0.20000000298023224,1
15:54:01,2783.11,0.0,0.0,0,0.0,0.0,0,1010.0,0.30000001192092896,1
15:54:02,2783.84,0.0,0.0,0,0.0,0.0,0,1002.0,0.20000000298023224,1
15:54:02,2784.58,0.0,0.0,0,0.0,0.0,0,1009.0,0.10000000149011612,1
15:54:03,2785.32,0.0,0.0,0,0.0,0.0,0,1012.0,0.30000001192092896,1
15:54:04,2786.05,0.0,0.0,0,0.0,0.0,0,1005.0,0.20000000298023224,1
15:54:05,2786.77,0.0,0.0,0,0.0,0.0,0,1008.0,0.30000001192092896,1
15:54:05,2787.51,0.0,0.0,0,0.0,0.0,0,1012.0,0.30000001192092896,1
15:54:06,2788.27,0.0,0.0,0,0.0,0.0,0,1011.0,0.30000001192092896,1
15:54:07,2788.99,0.0,0.0,0,0.0,0.0,0,1009.0,0.30000001192092896,1
15:54:08,2789.72,0.0,0.0,0,0.0,0.0,0,1009.0,0.30000001192092896,1
15:54:08,2790.48,0.0,0.0,0,0.0,0.0,0,1009.0,0.30000001192092896,1
15:54:09,2791.23,0.0,0.0,0,0.0,0.0,0,1014.0,0.30000001192092896,1
15:54:10,2791.96,0.0,0.0,0,0.0,0.0,0,1001.0,0.20000000298023224,1
15:54:11,2792.69,0.0,0.0,0,0.0,0.0,0,1010.0,0.20000000298023224,1
15:54:11,2793.43,0.0,0.0,0,0.0,0.0,0,1006.0,0.20000000298023224,1
15:54:12,2794.17,0.0,0.0,0,0.0,0.0,0,1005.0,0.20000000298023224,1
15:54:13,2794.9,0.0,0.0,0,0.0,0.0,0,1011.0,0.20000000298023224,1
15:54:14,2795.65,0.0,0.0,0,0.0,0.0,0,1008.0,0.20000000298023224,1
15:54:14,2796.38,0.0,0.0,0,0.0,0.0,0,1004.0,0.20000000298023224,1
15:54:15,2797.13,0.0,0.0,0,0.0,0.0,0,1012.0,0.20000000298023224,1
15:54:16,2797.86,0.0,0.0,0,0.0,0.0,0,1005.0,0.10000000149011612,1
15:54:16,2798.61,0.0,0.0,0,0.0,0.0,0,1009.0,0.20000000298023224,1
15:54:17,2799.34,0.0,0.0,0,0.0,0.0,0,1007.0,0.20000000298023224,1
15:54:18,2800.08,0.0,0.0,0,0.0,0.0,0,1009.0,0.30000001192092896,1
15:54:19,2800.84,0.0,0.0,0,0.0,0.0,0,1010.0,0.20000000298023224,1
15:54:19,2801.57,0.0,0.0,0,0.0,0.0,0,1010.0,0.5,1
15:54:20,2802.34,0.0,0.0,0,0.0,0.0,0,1008.0,0.30000001192092896,1
15:54:21,2803.1,0.0,0.0,0,0.0,0.0,0,1009.0,0.30000001192092896,1
15:54:22,2803.86,0.0,0.0,0,0.0,0.0,0,1006.0,0.20000000298023224,1
15:54:22,2804.62,0.0,0.0,0,0.0,0.0,0,1001.0,0.20000000298023224,1
15:54:23,2805.38,0.0,0.0,0,0.0,0.0,0,1013.0,0.20000000298023224,1
15:54:24,2806.11,0.0,0.0,0,0.0,0.0,0,1012.0,0.20000000298023224,1
15:54:25,2806.83,0.0,0.0,0,0.0,0.0,0,1007.0,0.20000000298023224,1
15:54:25,2807.58,0.0,0.0,0,0.0,0.0,0,1007.0,0.20000000298023224,1
15:54:26,2808.31,0.0,0.0,0,0.0,0.0,0,1005.0,0.20000000298023224,1
15:54:27,2809.09,0.0,0.0,0,0.0,0.0,0,1009.0,0.5,1
15:54:28,2809.84,0.0,0.0,0,0.0,0.0,0,1005.0,0.30000001192092896,1
15:54:28,2810.61,0.0,0.0,0,0.0,0.0,0,1012.0,0.30000001192092896,1
15:54:29,2811.38,0.0,0.0,0,0.0,0.0,0,1013.0,0.20000000298023224,1
15:54:30,2812.15,0.0,0.0,0,0.0,0.0,0,1011.0,0.20000000298023224,1
15:54:31,2812.93,0.0,0.0,0,0.0,0.0,0,1007.0,0.30000001192092896,1
15:54:32,2813.71,0.0,0.0,0,0.0,0.0,0,1010.0,0.4000000059604645,1
15:54:32,2814.49,0.0,0.0,0,0.0,0.0,0,1003.0,0.4000000059604645,1
15:54:33,2815.23,0.0,0.0,0,0.0,0.0,0,1001.0,0.20000000298023224,1
15:54:34,2815.96,0.0,0.0,0,0.0,0.0,0,1007.0,0.20000000298023224,1
15:54:35,2816.7,0.0,0.0,0,0.0,0.0,0,1008.0,0.30000001192092896,1
15:54:35,2817.45,0.0,0.0,0,0.0,0.0,0,1004.0,0.20000000298023224,1
15:54:36,2818.19,0.0,0.0,0,0.0,0.0,0,1005.0,0.20000000298023224,1
15:54:37,2818.93,0.0,0.0,0,0.0,0.0,0,1011.0,0.5,1
15:54:38,2819.67,0.0,0.0,0,0.0,0.0,0,1009.0,0.4000000059604645,1
15:54:38,2820.4,0.0,0.0,0,0.0,0.0,0,1009.0,0.30000001192092896,1
15:54:39,2821.15,0.0,0.0,0,0.0,0.0,0,1005.0,0.30000001192092896,1
15:54:40,2821.89,0.0,0.0,0,0.0,0.0,0,1009.0,0.20000000298023224,1
15:54:41,2822.63,0.0,0.0,0,0.0,0.0,0,1007.0,0.30000001192092896,1
15:54:41,2823.39,0.0,0.0,0,0.0,0.0,0,1006.0,0.30000001192092896,1
15:54:42,2824.12,0.0,0.0,0,0.0,0.0,0,1013.0,0.30000001192092896,1
15:54:43,2824.84,0.0,0.0,0,0.0,0.0,0,1008.0,0.30000001192092896,1
15:54:43,2825.59,0.0,0.0,0,0.0,0.0,0,1002.0,0.20000000298023224,1
15:54:44,2826.32,0.0,0.0,0,0.0,0.0,0,1010.0,0.30000001192092896,1
15:54:45,2827.06,0.0,0.0,0,0.0,0.0,0,1010.0,0.30000001192092896,1
15:54:46,2827.8,0.0,0.0,0,0.0,0.0,0,1002.0,0.20000000298023224,1
15:54:46,2828.54,0.0,0.0,0,0.0,0.0,0,1009.0,0.30000001192092896,1
15:54:47,2829.31,0.0,0.0,0,0.0,0.0,0,1008.0,0.4000000059604645,1
15:54:48,2830.05,0.0,0.0,0,0.0,0.0,0,1008.0,0.30000001192092896,1
15:54:49,2830.79,0.0,0.0,0,0.0,0.0,0,1006.0,0.30000001192092896,1
15:54:49,2831.53,0.0,0.0,0,0.0,0.0,0,1004.0,0.30000001192092896,1
15:54:50,2832.27,0.0,0.0,0,0.0,0.0,0,1009.0,0.30000001192092896,1
15:54:51,2833.02,0.0,0.0,0,0.0,0.0,0,1006.0,0.20000000298023224,1
15:54:52,2833.77,0.0,0.0,0,0.0,0.0,0,1012.0,0.20000000298023224,1
15:54:52,2834.51,0.0,0.0,0,0.0,0.0,0,1005.0,0.20000000298023224,1
15:54:53,2835.31,0.0,0.0,0,0.0,0.0,0,1007.0,0.20000000298023224,1
15:54:54,2836.04,0.0,0.0,0,0.0,0.0,0,1008.0,0.30000001192092896,1
15:54:55,2836.79,0.0,0.0,0,0.0,0.0,0,1012.0,0.30000001192092896,1
15:54:55,2837.52,0.0,0.0,0,0.0,0.0,0,1006.0,0.20000000298023224,1
15:54:56,2838.25,0.0,0.0,0,0.0,0.0,0,1008.0,0.20000000298023224,1
15:54:57,2838.98,0.0,0.0,0,0.0,0.0,0,1011.0,0.30000001192092896,1
15:54:58,2839.76,0.0,0.0,0,0.0,0.0,0,1004.0,0.30000001192092896,1
15:54:58,2840.53,0.0,0.0,0,0.0,0.0,0,1005.0,0.30000001192092896,1
15:54:59,2841.29,0.0,0.0,0,0.0,0.0,0,1010.0,0.20000000298023224,1
15:55:00,2842.05,0.0,0.0,0,0.0,0.0,0,1006.0,0.20000000298023224,1
15:55:01,2842.81,0.0,0.0,0,0.0,0.0,0,1003.0,0.20000000298023224,1
15:55:01,2843.57,0.0,0.0,0,0.0,0.0,0,1017.0,0.30000001192092896,1
15:55:02,2844.35,0.0,0.0,0,0.0,0.0,0,1006.0,0.30000001192092896,1
15:55:03,2845.11,0.0,0.0,0,0.0,0.0,0,1011.0,0.30000001192092896,1
15:55:04,2845.88,0.0,0.0,0,0.0,0.0,0,1008.0,0.30000001192092896,1
15:55:04,2846.62,0.0,0.0,0,0.0,0.0,0,1007.0,0.20000000298023224,1
15:55:05,2847.41,0.0,0.0,0,0.0,0.0,0,1009.0,0.20000000298023224,1
15:55:06,2848.13,0.0,0.0,0,0.0,0.0,0,1005.0,0.30000001192092896,1
15:55:07,2848.85,0.0,0.0,0,0.0,0.0,0,1011.0,0.30000001192092896,1
15:55:07,2849.58,0.0,0.0,0,0.0,0.0,0,1009.0,0.30000001192092896,1
15:55:08,2850.32,0.0,0.0,0,0.0,0.0,0,1009.0,0.4000000059604645,1
15:55:09,2851.05,0.0,0.0,0,0.0,0.0,0,1002.0,0.0,1
15:55:10,2851.79,0.0,0.0,0,0.0,0.0,0,1003.0,0.10000000149011612,1
15:55:10,2852.52,0.0,0.0,0,0.0,0.0,0,1013.0,0.4000000059604645,1
15:55:11,2853.28,0.0,0.0,0,0.0,0.0,0,1010.0,0.30000001192092896,1
15:55:12,2854.04,0.0,0.0,0,0.0,0.0,0,1004.0,0.20000000298023224,1
15:55:13,2854.8,0.0,0.0,0,0.0,0.0,0,1006.0,0.20000000298023224,1
15:55:13,2855.53,0.0,0.0,0,0.0,0.0,0,1007.0,0.30000001192092896,1
15:55:14,2856.25,0.0,0.0,0,0.0,0.0,0,1007.0,0.30000001192092896,1
15:55:15,2856.98,0.0,0.0,0,0.0,0.0,0,1009.0,0.30000001192092896,1
15:55:16,2857.71,0.0,0.0,0,0.0,0.0,0,1007.0,0.20000000298023224,1
15:55:16,2858.44,0.0,0.0,0,0.0,0.0,0,1009.0,0.20000000298023224,1
15:55:17,2859.17,0.0,0.0,0,0.0,0.0,0,1008.0,0.20000000298023224,1
15:55:18,2859.89,0.0,0.0,0,0.0,0.0,0,1012.0,0.20000000298023224,1
15:55:18,2860.62,0.0,0.0,0,0.0,0.0,0,1014.0,0.20000000298023224,1
15:55:19,2861.36,0.0,0.0,0,0.0,0.0,0,1008.0,0.30000001192092896,1
15:55:20,2862.1,0.0,0.0,0,0.0,0.0,0,1004.0,0.30000001192092896,1
15:55:21,2862.81,0.0,0.0,0,0.0,0.0,0,1008.0,0.30000001192092896,1
15:55:21,2863.55,0.0,0.0,0,0.0,0.0,0,1001.0,0.20000000298023224,1
15:55:22,2864.32,0.0,0.0,0,0.0,0.0,0,1013.0,0.30000001192092896,1
15:55:23,2865.05,0.0,0.0,0,0.0,0.0,0,1003.0,0.10000000149011612,1
15:55:24,2865.78,0.0,0.0,0,0.0,0.0,0,1008.0,0.20000000298023224,1
15:55:24,2866.56,0.0,0.0,0,0.0,0.0,0,1011.0,0.20000000298023224,1
15:55:25,2867.33,0.0,0.0,0,0.0,0.0,0,1006.0,0.20000000298023224,1
15:55:26,2868.09,0.0,0.0,0,0.0,0.0,0,1007.0,0.20000000298023224,1
15:55:27,2868.86,0.0,0.0,0,0.0,0.0,0,1004.0,0.20000000298023224,1
15:55:27,2869.58,0.0,0.0,0,0.0,0.0,0,1008.0,0.20000000298023224,1
15:55:28,2870.33,0.0,0.0,0,0.0,0.0,0,1010.0,0.20000000298023224,1
15:55:29,2871.08,0.0,0.0,0,0.0,0.0,0,1008.0,0.30000001192092896,1
15:55:30,2871.84,0.0,0.0,0,0.0,0.0,0,1008.0,0.30000001192092896,1
15:55:30,2872.59,0.0,0.0,0,0.0,0.0,0,1007.0,0.20000000298023224,1
15:55:31,2873.35,0.0,0.0,0,0.0,0.0,0,1012.0,0.30000001192092896,1
15:55:32,2874.13,0.0,0.0,0,0.0,0.0,0,1008.0,0.30000001192092896,1
15:55:33,2874.88,0.0,0.0,0,0.0,0.0,0,1011.0,0.30000001192092896,1
15:55:33,2875.61,0.0,0.0,0,0.0,0.0,0,1008.0,0.30000001192092896,1
15:55:34,2876.37,0.0,0.0,0,0.0,0.0,0,1007.0,0.30000001192092896,1
15:55:35,2877.11,0.0,0.0,0,0.0,0.0,0,1007.0,0.30000001192092896,1
15:55:36,2877.86,0.0,0.0,0,0.0,0.0,0,1007.0,0.30000001192092896,1
15:55:36,2878.6,0.0,0.0,0,0.0,0.0,0,1010.0,0.30000001192092896,1
15:55:37,2879.36,0.0,0.0,0,0.0,0.0,0,1015.0,0.30000001192092896,1
15:55:38,2880.08,0.0,0.0,0,0.0,0.0,0,1005.0,0.30000001192092896,1
15:55:39,2880.84,0.0,0.0,0,0.0,0.0,0,1007.0,0.20000000298023224,1
15:55:39,2881.58,0.0,0.0,0,0.0,0.0,0,1012.0,0.30000001192092896,1
15:55:40,2882.33,0.0,0.0,0,0.0,0.0,0,1006.0,0.30000001192092896,1
15:55:41,2883.06,0.0,0.0,0,0.0,0.0,0,1014.0,0.30000001192092896,1
15:55:42,2883.81,0.0,0.0,0,0.0,0.0,0,1008.0,0.20000000298023224,1
15:55:42,2884.56,0.0,0.0,0,0.0,0.0,0,1009.0,0.30000001192092896,1
15:55:43,2885.3,0.0,0.0,0,0.0,0.0,0,1009.0,0.30000001192092896,1
15:55:44,2886.02,0.0,0.0,0,0.0,0.0,0,1002.0,0.20000000298023224,1
15:55:45,2886.76,0.0,0.0,0,0.0,0.0,0,1010.0,0.5,1
15:55:45,2887.5,0.0,0.0,0,0.0,0.0,0,1014.0,0.4000000059604645,1
15:55:46,2888.23,0.0,0.0,0,0.0,0.0,0,1005.0,0.30000001192092896,1
15:55:47,2888.99,0.0,0.0,0,0.0,0.0,0,1008.0,0.30000001192092896,1
15:55:48,2889.7,0.0,0.0,0,0.0,0.0,0,1008.0,0.20000000298023224,1
15:55:48,2890.45,0.0,0.0,0,0.0,0.0,0,1013.0,0.30000001192092896,1
15:55:49,2891.17,0.0,0.0,0,0.0,0.0,0,1008.0,0.30000001192092896,1
15:55:50,2891.91,0.0,0.0,0,0.0,0.0,0,1004.0,0.30000001192092896,1
15:55:51,2892.65,0.0,0.0,0,0.0,0.0,0,1016.0,0.5,1
15:55:51,2893.41,0.0,0.0,0,0.0,0.0,0,1010.0,0.30000001192092896,1
15:55:52,2894.13,0.0,0.0,0,0.0,0.0,0,1009.0,0.30000001192092896,1
15:55:53,2894.86,0.0,0.0,0,0.0,0.0,0,1007.0,0.30000001192092896,1
15:55:53,2895.6,0.0,0.0,0,0.0,0.0,0,1008.0,0.30000001192092896,1
15:55:54,2896.34,0.0,0.0,0,0.0,0.0,0,1007.0,0.30000001192092896,1
15:55:55,2897.06,0.0,0.0,0,0.0,0.0,0,1005.0,0.10000000149011612,1
15:55:56,2897.81,0.0,0.0,0,0.0,0.0,0,1008.0,0.30000001192092896,1
15:55:56,2898.54,0.0,0.0,0,0.0,0.0,0,1010.0,0.30000001192092896,1
15:55:57,2899.31,0.0,0.0,0,0.0,0.0,0,1008.0,0.30000001192092896,1
15:55:58,2900.09,0.0,0.0,0,0.0,0.0,0,1007.0,0.4000000059604645,1
15:55:59,2900.89,0.0,0.0,0,0.0,0.0,0,1014.0,0.30000001192092896,1
15:55:59,2901.61,0.0,0.0,0,0.0,0.0,0,1006.0,0.20000000298023224,1
15:56:00,2902.36,0.0,0.0,0,0.0,0.0,0,1011.0,0.30000001192092896,1
15:56:01,2903.08,0.0,0.0,0,0.0,0.0,0,1010.0,0.30000001192092896,1
15:56:02,2903.81,0.0,0.0,0,0.0,0.0,0,1010.0,0.30000001192092896,1
15:56:02,2904.55,0.0,0.0,0,0.0,0.0,0,1007.0,0.20000000298023224,1
15:56:03,2905.28,0.0,0.0,0,0.0,0.0,0,1012.0,0.20000000298023224,1
15:56:04,2906.05,0.0,0.0,0,0.0,0.0,0,1006.0,0.20000000298023224,1
15:56:05,2906.84,0.0,0.0,0,0.0,0.0,0,1013.0,0.30000001192092896,1
15:56:05,2907.62,0.0,0.0,0,0.0,0.0,0,1000.0,0.20000000298023224,1
15:56:06,2908.35,0.0,0.0,0,0.0,0.0,0,1006.0,0.10000000149011612,1
15:56:07,2909.08,0.0,0.0,0,0.0,0.0,0,1004.0,0.20000000298023224,1
15:56:08,2909.81,0.0,0.0,0,0.0,0.0,0,1003.0,0.20000000298023224,1
15:56:08,2910.56,0.0,0.0,0,0.0,0.0,0,1003.0,0.20000000298023224,1
15:56:09,2911.33,0.0,0.0,0,0.0,0.0,0,994.0,0.20000000298023224,1
15:56:10,2912.06,0.0,0.0,0,0.0,0.0,0,994.0,0.20000000298023224,1
15:56:11,2912.78,0.0,0.0,0,0.0,0.0,0,983.0,0.20000000298023224,1
15:56:11,2913.52,0.0,0.0,0,0.0,0.0,0,976.0,0.20000000298023224,1
15:56:12,2914.3,0.0,0.0,0,0.0,0.0,0,974.0,0.4000000059604645,1
15:56:13,2915.07,0.0,0.0,0,0.0,0.0,0,963.0,0.10000000149011612,1
15:56:14,2915.85,0.0,0.0,0,0.0,0.0,0,954.0,0.10000000149011612,1
15:56:14,2916.62,0.0,0.0,0,0.0,0.0,0,972.0,0.0,1
15:56:15,2917.39,0.0,0.0,0,0.0,0.0,0,936.0,0.4000000059604645,1
15:56:16,2918.16,0.0,0.0,0,0.0,0.0,0,935.0,0.4000000059604645,1
15:56:17,2918.91,0.0,0.0,0,0.0,0.0,0,924.0,0.4000000059604645,1
15:56:18,2919.68,0.0,0.0,0,0.0,0.0,0,911.0,0.0,1
15:56:18,2920.46,0.0,0.0,0,0.0,0.0,0,906.0,0.0,1
15:56:19,2921.23,0.0,0.0,0,0.0,0.0,0,905.0,0.0,1
15:56:20,2921.98,0.0,0.0,0,0.0,0.0,0,900.0,0.10000000149011612,1
15:56:21,2922.71,0.0,0.0,0,0.0,0.0,0,888.0,0.10000000149011612,1
15:56:21,2923.46,0.0,0.0,0,0.0,0.0,0,865.0,0.0,1
15:56:22,2924.2,0.0,0.0,0,0.0,0.0,0,860.0,0.0,1
15:56:23,2924.96,0.0,0.0,0,0.0,0.0,0,869.0,0.4000000059604645,1
15:56:24,2925.73,0.0,0.0,0,0.0,0.0,0,852.0,0.10000000149011612,1
15:56:24,2926.5,0.0,0.0,0,0.0,0.0,0,846.0,0.20000000298023224,1
15:56:25,2927.23,0.0,0.0,0,0.0,0.0,0,844.0,0.0,1
15:56:26,2927.95,0.0,0.0,0,0.0,0.0,0,830.0,0.0,1
15:56:27,2928.71,0.0,0.0,0,0.0,0.0,0,836.0,0.10000000149011612,1
15:56:27,2929.47,0.0,0.0,0,0.0,0.0,0,821.0,0.20000000298023224,1
15:56:28,2930.2,0.0,0.0,0,0.0,0.0,0,810.0,0.0,1
15:56:29,2930.92,0.0,0.0,0,0.0,0.0,0,805.0,0.20000000298023224,1
15:56:30,2931.67,0.0,0.0,0,0.0,0.0,0,805.0,0.20000000298023224,1
15:56:30,2932.4,0.0,0.0,0,0.0,0.0,0,797.0,0.20000000298023224,1
15:56:31,2933.14,0.0,0.0,0,0.0,0.0,0,774.0,0.0,1
15:56:32,2933.91,0.0,0.0,0,0.0,0.0,0,770.0,0.0,1
15:56:33,2934.65,0.0,0.0,0,0.0,0.0,0,779.0,0.20000000298023224,1
15:56:33,2935.4,0.0,0.0,0,0.0,0.0,0,763.0,0.0,1
15:56:34,2936.13,0.0,0.0,0,0.0,0.0,0,732.0,0.0,1
15:56:35,2936.88,0.0,0.0,0,0.0,0.0,0,751.0,0.20000000298023224,1
15:56:35,2937.61,0.0,0.0,0,0.0,0.0,0,737.0,0.0,1
15:56:36,2938.34,0.0,0.0,0,0.0,0.0,0,742.0,0.0,1
15:56:37,2939.06,0.0,0.0,0,0.0,0.0,0,736.0,0.10000000149011612,1
15:56:38,2939.8,0.0,0.0,0,0.0,0.0,0,721.0,0.10000000149011612,1
15:56:38,2940.52,0.0,0.0,0,0.0,0.0,0,715.0,0.10000000149011612,1
15:56:39,2941.25,0.0,0.0,0,0.0,0.0,0,718.0,0.20000000298023224,1
15:56:40,2941.97,0.0,0.0,0,0.0,0.0,0,704.0,0.0,1
15:56:41,2942.7,0.0,0.0,0,0.0,0.0,0,690.0,0.30000001192092896,1
15:56:41,2943.43,0.0,0.0,0,0.0,0.0,0,666.0,0.0,1
15:56:42,2944.2,0.0,0.0,0,0.0,0.0,0,669.0,0.0,1
15:56:43,2944.92,0.0,0.0,0,0.0,0.0,0,687.0,0.699999988079071,1
15:56:44,2945.66,0.0,0.0,0,0.0,0.0,0,645.0,0.0,1
15:56:44,2946.4,0.0,0.0,0,0.0,0.0,0,659.0,0.0,1
15:56:45,2947.13,0.0,0.0,0,0.0,0.0,0,653.0,0.10000000149011612,1
15:56:46,2947.86,0.0,0.0,0,0.0,0.0,0,629.0,0.10000000149011612,1
15:56:46,2948.6,0.0,0.0,0,0.0,0.0,0,631.0,0.0,1
15:56:47,2949.33,0.0,0.0,0,0.0,0.0,0,646.0,0.20000000298023224,1
15:56:48,2950.09,0.0,0.0,0,0.0,0.0,0,611.0,0.0,1
15:56:49,2950.82,0.0,0.0,0,0.0,0.0,0,627.0,0.0,1
15:56:49,2951.55,0.0,0.0,0,0.0,0.0,0,606.0,0.0,1
15:56:50,2952.29,0.0,0.0,0,0.0,0.0,0,598.0,0.0,1
15:56:51,2953.0,0.0,0.0,0,0.0,0.0,0,592.0,0.0,1
15:56:52,2953.74,0.0,0.0,0,0.0,0.0,0,579.0,0.0,1
15:56:52,2954.47,0.0,0.0,0,0.0,0.0,0,574.0,0.0,1
15:56:53,2955.22,0.0,0.0,0,0.0,0.0,0,567.0,0.0,1
15:56:54,2955.96,0.0,0.0,0,0.0,0.0,0,562.0,0.0,1
15:56:55,2956.69,0.0,0.0,0,0.0,0.0,0,555.0,0.0,1
15:56:55,2957.43,0.0,0.0,0,0.0,0.0,0,550.0,0.0,1
15:56:56,2958.16,0.0,0.0,0,0.0,0.0,0,543.0,0.0,1
15:56:57,2958.9,0.0,0.0,0,0.0,0.0,0,537.0,0.0,1
15:56:58,2959.63,0.0,0.0,0,0.0,0.0,0,532.0,0.0,1
15:56:58,2960.4,0.0,0.0,0,0.0,0.0,0,524.0,0.0,1
15:56:59,2961.13,0.0,0.0,0,0.0,0.0,0,514.0,0.0,1
15:57:00,2961.88,0.0,0.0,0,0.0,0.0,0,506.0,0.0,1
15:57:01,2962.66,0.0,0.0,0,0.0,0.0,0,494.0,0.0,1
15:57:01,2963.41,0.0,0.0,0,0.0,0.0,0,486.0,0.0,1
15:57:02,2964.15,0.0,0.0,0,0.0,0.0,0,480.0,0.0,1
15:57:03,2964.9,0.0,0.0,0,0.0,0.0,0,474.0,0.0,1
15:57:03,2965.62,0.0,0.0,0,0.0,0.0,0,468.0,0.0,1
15:57:04,2966.34,0.0,0.0,0,0.0,0.0,0,463.0,0.0,1
15:57:05,2967.06,0.0,0.0,0,0.0,0.0,0,458.0,0.0,1
15:57:06,2967.79,0.0,0.0,0,0.0,0.0,0,451.0,0.0,1
15:57:06,2968.53,0.0,0.0,0,0.0,0.0,0,443.0,0.0,1
15:57:07,2969.26,0.0,0.0,0,0.0,0.0,0,438.0,0.0,1
15:57:08,2969.99,0.0,0.0,0,0.0,0.0,0,431.0,0.0,1
15:57:09,2970.72,0.0,0.0,0,0.0,0.0,0,420.0,0.0,1
15:57:09,2971.46,0.0,0.0,0,0.0,0.0,0,413.0,0.0,1
15:57:10,2972.21,0.0,0.0,0,0.0,0.0,0,407.0,0.0,1
15:57:11,2972.94,0.0,0.0,0,0.0,0.0,0,398.0,0.0,1
15:57:12,2973.7,0.0,0.0,0,0.0,0.0,0,389.0,0.0,1
15:57:12,2974.42,0.0,0.0,0,0.0,0.0,0,382.0,0.0,1
15:57:13,2975.14,0.0,0.0,0,0.0,0.0,0,376.0,0.0,1
15:57:14,2975.87,0.0,0.0,0,0.0,0.0,0,370.0,0.0,1
15:57:14,2976.59,0.0,0.0,0,0.0,0.0,0,363.0,0.0,1
15:57:15,2977.34,0.0,0.0,0,0.0,0.0,0,358.0,0.0,1
15:57:16,2978.08,0.0,0.0,0,0.0,0.0,0,351.0,0.0,1
15:57:17,2978.82,0.0,0.0,0,0.0,0.0,0,343.0,0.0,1
15:57:17,2979.55,0.0,0.0,0,0.0,0.0,0,334.0,0.0,1
15:57:18,2980.28,0.0,0.0,0,0.0,0.0,0,327.0,0.0,1
15:57:19,2981.01,0.0,0.0,0,0.0,0.0,0,322.0,0.0,1
15:57:20,2981.73,0.0,0.0,0,0.0,0.0,0,315.0,0.0,1
15:57:20,2982.46,0.0,0.0,0,0.0,0.0,0,308.0,0.0,1
15:57:21,2983.18,0.0,0.0,0,0.0,0.0,0,304.0,0.0,1
15:57:22,2983.9,0.0,0.0,0,0.0,0.0,0,296.0,0.0,1
15:57:23,2984.63,0.0,0.0,0,0.0,0.0,0,290.0,0.0,1
15:57:23,2985.39,0.0,0.0,0,0.0,0.0,0,278.0,0.0,1
15:57:24,2986.12,0.0,0.0,0,0.0,0.0,0,272.0,0.0,1
15:57:25,2986.87,0.0,0.0,0,0.0,0.0,0,265.0,0.0,1
15:57:25,2987.61,0.0,0.0,0,0.0,0.0,0,259.0,0.0,1
15:57:26,2988.33,0.0,0.0,0,0.0,0.0,0,248.0,0.0,1
15:57:27,2989.07,0.0,0.0,0,0.0,0.0,0,241.0,0.0,1
15:57:28,2989.81,0.0,0.0,0,0.0,0.0,0,234.0,0.0,1
15:57:28,2990.54,0.0,0.0,0,0.0,0.0,0,228.0,0.0,1
15:57:29,2991.28,0.0,0.0,0,0.0,0.0,0,222.0,0.0,1
15:57:30,2992.01,0.0,0.0,0,0.0,0.0,0,216.0,0.0,1
15:57:31,2992.73,0.0,0.0,0,0.0,0.0,0,210.0,0.0,1
15:57:31,2993.46,0.0,0.0,0,0.0,0.0,0,204.0,0.0,1
15:57:32,2994.19,0.0,0.0,0,0.0,0.0,0,197.0,0.0,1
15:57:33,2994.92,0.0,0.0,0,0.0,0.0,0,191.0,0.0,1
15:57:34,2995.66,0.0,0.0,0,0.0,0.0,0,184.0,0.0,1
15:57:34,2996.39,0.0,0.0,0,0.0,0.0,0,173.0,0.0,1
15:57:35,2997.11,0.0,0.0,0,0.0,0.0,0,166.0,0.0,1
15:57:36,2997.85,0.0,0.0,0,0.0,0.0,0,154.0,0.0,1
15:57:36,2998.58,0.0,0.0,0,0.0,0.0,0,148.0,0.0,1
15:57:37,2999.33,0.0,0.0,0,0.0,0.0,0,142.0,0.0,1
15:57:38,3000.08,0.0,0.0,0,0.0,0.0,0,135.0,0.0,1
15:57:39,3000.82,0.0,0.0,0,0.0,0.0,0,129.0,0.0,1
15:57:39,3001.55,0.0,0.0,0,0.0,0.0,0,123.0,0.0,1
15:57:40,3002.32,0.0,0.0,0,0.0,0.0,0,117.0,0.0,1
15:57:41,3003.03,0.0,0.0,0,0.0,0.0,0,111.0,0.0,1
15:57:42,3003.75,0.0,0.0,0,0.0,0.0,0,105.0,0.0,1
15:57:42,3004.49,0.0,0.0,0,0.0,0.0,0,99.0,0.0,1
15:57:43,3005.23,0.0,0.0,0,0.0,0.0,0,92.0,0.0,1
15:57:44,3005.95,0.0,0.0,0,0.0,0.0,0,87.0,0.0,1
15:57:45,3006.68,0.0,0.0,0,0.0,0.0,0,68.0,0.0,1
15:57:45,3007.44,0.0,0.0,0,0.0,0.0,0,61.0,0.0,1
15:57:46,3008.16,0.0,0.0,0,0.0,0.0,0,55.0,0.0,1
15:57:47,3008.89,0.0,0.0,0,0.0,0.0,0,49.0,0.0,1
15:57:48,3009.66,0.0,0.0,0,0.0,0.0,0,43.0,0.0,1
15:57:48,3010.41,0.0,0.0,0,0.0,0.0,0,37.0,0.0,1
15:57:49,3011.14,0.0,0.0,0,0.0,0.0,0,31.0,0.0,1
15:57:50,3011.87,0.0,0.0,0,0.0,0.0,0,25.0,0.0,1
15:57:50,3012.61,0.0,0.0,0,0.0,0.0,0,21.0,0.0,1
15:57:51,3013.33,0.0,0.0,0,0.0,0.0,0,18.0,0.0,1
15:57:52,3014.09,0.0,0.0,0,0.0,0.0,0,15.0,0.0,1
15:57:53,3014.81,0.0,0.0,0,0.0,0.0,0,13.0,0.0,1
15:57:53,3015.54,0.0,0.0,0,0.0,0.0,0,10.0,0.0,1
15:57:54,3016.29,0.0,0.0,0,0.0,0.0,0,9.0,0.0,1
15:57:55,3017.01,0.0,0.0,0,0.0,0.0,0,5.0,0.0,1
15:57:56,3017.75,0.0,0.0,0,0.0,0.0,0,5.0,0.0,1
15:57:56,3018.48,0.0,0.0,0,0.0,0.0,0,4.0,0.0,1
15:57:57,3019.22,0.0,0.0,0,0.0,0.0,0,4.0,0.0,1
15:57:58,3019.94,0.0,0.0,0,0.0,0.0,0,3.0,0.0,1
15:57:59,3020.69,0.0,0.0,0,0.0,0.0,0,3.0,0.0,1
15:57:59,3021.42,0.0,0.0,0,0.0,0.0,0,3.0,0.0,1
15:58:00,3022.16,0.0,0.0,0,0.0,0.0,0,2.0,0.0,1
15:58:01,3022.88,0.0,0.0,0,0.0,0.0,0,2.0,0.0,1
15:58:01,3023.62,0.0,0.0,0,0.0,0.0,0,2.0,0.0,1
15:58:02,3024.35,0.0,0.0,0,0.0,0.0,0,2.0,0.0,1
15:58:03,3025.09,0.0,0.0,0,0.0,0.0,0,2.0,0.0,1
15:58:04,3025.83,0.0,0.0,0,0.0,0.0,0,2.0,0.0,1
15:58:04,3026.57,0.0,0.0,0,0.0,0.0,0,2.0,0.0,1
15:58:05,3027.29,0.0,0.0,0,0.0,0.0,0,2.0,0.0,1
15:58:06,3028.02,0.0,0.0,0,0.0,0.0,0,2.0,0.0,1
15:58:07,3028.76,0.0,0.0,0,0.0,0.0,0,2.0,0.0,1
15:58:07,3029.5,0.0,0.0,0,0.0,0.0,0,2.0,0.0,1
15:58:08,3030.27,0.0,0.0,0,0.0,0.0,0,2.0,0.0,1
15:58:09,3031.02,0.0,0.0,0,0.0,0.0,0,2.0,0.0,1
15:58:10,3031.77,0.0,0.0,0,0.0,0.0,0,2.0,0.0,1
15:58:10,3032.52,0.0,0.0,0,0.0,0.0,0,2.0,0.0,1
15:58:11,3033.29,0.0,0.0,0,0.0,0.0,0,2.0,0.0,1
15:58:12,3034.03,0.0,0.0,0,0.0,0.0,0,2.0,0.0,0
15:58:13,3034.79,0.0,0.0,0,0.0,0.0,0,2.0,0.0,0
15:58:13,3035.54,0.0,0.0,0,0.0,0.0,0,2.0,0.0,0
15:58:14,3036.28,0.0,0.0,0,0.0,0.0,0,86.0,0.20000000298023224,0
15:58:15,3037.04,0.0,0.0,0,0.0,0.0,0,58.0,0.0,0
15:58:16,3037.76,0.0,0.0,0,0.0,0.0,0,54.0,0.0,0
15:58:16,3038.53,0.0,0.0,0,0.0,0.0,0,50.0,0.0,0
15:58:17,3039.26,0.0,0.0,0,0.0,0.0,0,46.0,0.0,0
15:58:18,3039.99,0.0,0.0,0,0.0,0.0,0,42.0,0.0,0
15:58:19,3040.74,0.0,0.0,0,0.0,0.0,0,39.0,0.0,0
15:58:19,3041.51,0.0,0.0,0,0.0,0.0,0,36.0,0.0,0
15:58:20,3042.31,0.0,0.0,0,0.0,0.0,0,33.0,0.0,0
15:58:21,3043.05,0.0,0.0,0,0.0,0.0,0,31.0,0.0,0
15:58:22,3043.77,0.0,0.0,0,0.0,0.0,0,29.0,0.0,0
15:58:22,3044.51,0.0,0.0,0,0.0,0.0,0,23.0,0.0,0
15:58:23,3045.26,0.0,0.0,0,0.0,0.0,0,21.0,0.0,0
15:58:24,3045.98,0.0,0.0,0,0.0,0.0,0,20.0,0.0,0
15:58:25,3046.76,0.0,0.0,0,0.0,0.0,0,19.0,0.0,0
15:58:25,3047.5,0.0,0.0,0,0.0,0.0,0,17.0,0.0,0
15:58:26,3048.23,0.0,0.0,0,0.0,0.0,0,16.0,0.0,0
15:58:27,3048.96,0.0,0.0,0,0.0,0.0,0,15.0,0.0,0
15:58:28,3049.7,0.0,0.0,0,0.0,0.0,0,14.0,0.0,0
15:58:28,3050.46,0.0,0.0,0,0.0,0.0,0,13.0,0.0,0
15:58:29,3051.19,0.0,0.0,0,0.0,0.0,0,12.0,0.0,0
15:58:30,3051.92,0.0,0.0,0,0.0,0.0,0,11.0,0.0,0
15:58:31,3052.67,0.0,0.0,0,0.0,0.0,0,11.0,0.0,0
15:58:31,3053.42,0.0,0.0,0,0.0,0.0,0,9.0,0.0,0
15:58:32,3054.15,0.0,0.0,0,0.0,0.0,0,8.0,0.0,0
15:58:33,3054.9,0.0,0.0,0,0.0,0.0,0,8.0,0.0,0
15:58:33,3055.63,0.0,0.0,0,0.0,0.0,0,7.0,0.0,0
15:58:34,3056.37,0.0,0.0,0,0.0,0.0,0,7.0,0.0,0
15:58:35,3057.11,0.0,0.0,0,0.0,0.0,0,7.0,0.0,0
15:58:36,3057.84,0.0,0.0,0,0.0,0.0,0,6.0,0.0,0
15:58:36,3058.59,0.0,0.0,0,0.0,0.0,0,6.0,0.0,0
15:58:37,3059.32,0.0,0.0,0,0.0,0.0,0,5.0,0.0,0
15:58:38,3060.05,0.0,0.0,0,0.0,0.0,0,5.0,0.0,0
15:58:39,3060.79,0.0,0.0,0,0.0,0.0,0,5.0,0.0,0
15:58:39,3061.53,0.0,0.0,0,0.0,0.0,0,5.0,0.0,0
15:58:40,3062.27,0.0,0.0,0,0.0,0.0,0,4.0,0.0,0
15:58:41,3063.03,0.0,0.0,0,0.0,0.0,0,4.0,0.0,0
15:58:42,3063.75,0.0,0.0,0,0.0,0.0,0,4.0,0.0,0
15:58:42,3064.48,0.0,0.0,0,0.0,0.0,0,4.0,0.0,0
15:58:43,3065.2,0.0,0.0,0,0.0,0.0,0,3.0,0.0,0
15:58:44,3065.92,0.0,0.0,0,0.0,0.0,0,3.0,0.0,0
15:58:45,3066.65,0.0,0.0,0,0.0,0.0,0,3.0,0.0,0
15:58:45,3067.37,0.0,0.0,0,0.0,0.0,0,3.0,0.0,0
15:58:46,3068.11,0.0,0.0,0,0.0,0.0,0,3.0,0.0,0
15:58:47,3068.85,0.0,0.0,0,0.0,0.0,0,3.0,0.0,0
15:58:47,3069.59,0.0,0.0,0,0.0,0.0,0,3.0,0.0,0
15:58:48,3070.32,0.0,0.0,0,0.0,0.0,0,3.0,0.0,0
15:58:49,3071.04,0.0,0.0,0,0.0,0.0,0,3.0,0.0,0
15:58:50,3071.78,0.0,0.0,0,0.0,0.0,0,3.0,0.0,0
15:58:50,3072.53,0.0,0.0,0,0.0,0.0,0,2.0,0.0,0
15:58:51,3073.25,0.0,0.0,0,0.0,0.0,0,2.0,0.0,0
15:58:52,3073.99,0.0,0.0,0,0.0,0.0,0,2.0,0.0,0
15:58:53,3074.72,0.0,0.0,0,0.0,0.0,0,2.0,0.0,0
15:58:53,3075.45,0.0,0.0,0,0.0,0.0,0,2.0,0.0,0
15:58:54,3076.18,0.0,0.0,0,0.0,0.0,0,2.0,0.0,0
15:58:55,3076.9,0.0,0.0,0,0.0,0.0,0,2.0,0.0,0
15:58:56,3077.65,0.0,0.0,0,0.0,0.0,0,2.0,0.0,0
15:58:56,3078.39,0.0,0.0,0,0.0,0.0,0,2.0,0.0,0
15:58:57,3079.11,0.0,0.0,0,0.0,0.0,0,2.0,0.0,0
15:58:58,3079.87,0.0,0.0,0,0.0,0.0,0,2.0,0.0,0
15:58:58,3080.61,0.0,0.0,0,0.0,0.0,0,2.0,0.0,0
15:58:59,3081.36,0.0,0.0,0,0.0,0.0,0,2.0,0.0,0
15:59:00,3082.08,0.0,0.0,0,0.0,0.0,0,2.0,0.0,0
15:59:01,3082.8,0.0,0.0,0,0.0,0.0,0,2.0,0.0,0
15:59:01,3083.53,0.0,0.0,0,0.0,0.0,0,2.0,0.0,0
15:59:02,3084.25,0.0,0.0,0,0.0,0.0,0,2.0,0.0,0
15:59:03,3084.97,0.0,0.0,0,0.0,0.0,0,2.0,0.0,0
15:59:04,3085.69,0.0,0.0,0,0.0,0.0,0,2.0,0.0,0
15:59:04,3086.43,0.0,0.0,0,0.0,0.0,0,2.0,0.0,0
15:59:05,3087.16,0.0,0.0,0,0.0,0.0,0,2.0,0.0,0
15:59:06,3087.89,0.0,0.0,0,0.0,0.0,0,2.0,0.0,0
15:59:07,3088.63,0.0,0.0,0,0.0,0.0,0,2.0,0.0,0
15:59:07,3089.39,0.0,0.0,0,0.0,0.0,0,1.0,0.0,0
15:59:08,3090.12,0.0,0.0,0,0.0,0.0,0,1.0,0.0,0
15:59:09,3090.85,0.0,0.0,0,0.0,0.0,0,1.0,0.0,0
15:59:09,3091.58,0.0,0.0,0,0.0,0.0,0,1.0,0.0,0
15:59:10,3092.3,0.0,0.0,0,0.0,0.0,0,1.0,0.0,0
15:59:11,3093.01,0.0,0.0,0,0.0,0.0,0,1.0,0.0,0
15:59:12,3093.75,0.0,0.0,0,0.0,0.0,0,1.0,0.0,0
15:59:12,3094.48,0.0,0.0,0,0.0,0.0,0,1.0,0.0,0
15:59:13,3095.21,0.0,0.0,0,0.0,0.0,0,1.0,0.0,0
15:59:14,3095.97,0.0,0.0,0,0.0,0.0,0,1.0,0.0,0
15:59:15,3096.7,0.0,0.0,0,0.0,0.0,0,1.0,0.0,0
15:59:15,3097.43,0.0,0.0,0,0.0,0.0,0,1.0,0.0,0
15:59:16,3098.16,0.0,0.0,0,0.0,0.0,0,1.0,0.0,0
15:59:17,3098.89,0.0,0.0,0,0.0,0.0,0,1.0,0.0,0
15:59:17,3099.62,0.0,0.0,0,0.0,0.0,0,1.0,0.0,0
15:59:18,3100.37,0.0,0.0,0,0.0,0.0,0,1.0,0.0,0
15:59:19,3101.11,0.0,0.0,0,0.0,0.0,0,1.0,0.0,0
15:59:20,3101.84,0.0,0.0,0,0.0,0.0,0,1.0,0.0,0
15:59:20,3102.59,0.0,0.0,0,0.0,0.0,0,1.0,0.0,0
15:59:21,3103.31,0.0,0.0,0,0.0,0.0,0,1.0,0.0,0
15:59:22,3104.04,0.0,0.0,0,0.0,0.0,0,1.0,0.0,0
15:59:23,3104.78,0.0,0.0,0,0.0,0.0,0,1.0,0.0,0
15:59:23,3105.53,0.0,0.0,0,0.0,0.0,0,1.0,0.0,0
15:59:24,3106.3,0.0,0.0,0,0.0,0.0,0,1.0,0.0,0
15:59:25,3107.03,0.0,0.0,0,0.0,0.0,0,1.0,0.0,0
15:59:26,3107.76,0.0,0.0,0,0.0,0.0,0,1.0,0.0,0
15:59:26,3108.5,0.0,0.0,0,0.0,0.0,0,1.0,0.0,0
15:59:27,3109.23,0.0,0.0,0,0.0,0.0,0,1.0,0.0,0
15:59:28,3109.95,0.0,0.0,0,0.0,0.0,0,1.0,0.0,0
15:59:29,3110.7,0.0,0.0,0,0.0,0.0,0,1.0,0.0,0
15:59:29,3111.43,0.0,0.0,0,0.0,0.0,0,1.0,0.0,0
15:59:30,3112.15,0.0,0.0,0,0.0,0.0,0,1.0,0.0,0
15:59:31,3112.91,0.0,0.0,0,0.0,0.0,0,1.0,0.0,0
15:59:32,3113.66,0.0,0.0,0,0.0,0.0,0,1.0,0.0,0
15:59:32,3114.39,0.0,0.0,0,0.0,0.0,0,1.0,0.0,0
15:59:33,3115.12,0.0,0.0,0,0.0,0.0,0,1.0,0.0,0
15:59:34,3115.84,0.0,0.0,0,0.0,0.0,0,1.0,0.0,0
15:59:34,3116.57,0.0,0.0,0,0.0,0.0,0,1.0,0.0,0
15:59:35,3117.31,0.0,0.0,0,0.0,0.0,0,1.0,0.0,0
15:59:36,3118.04,0.0,0.0,0,0.0,0.0,0,1.0,0.0,0
15:59:37,3118.77,0.0,0.0,0,0.0,0.0,0,1.0,0.0,0
15:59:37,3119.52,0.0,0.0,0,0.0,0.0,0,1.0,0.0,0
15:59:38,3120.27,0.0,0.0,0,0.0,0.0,0,1.0,0.0,0
15:59:39,3121.0,0.0,0.0,0,0.0,0.0,0,1.0,0.0,0
15:59:40,3121.74,0.0,0.0,0,0.0,0.0,0,1.0,0.0,0
15:59:40,3122.48,0.0,0.0,0,0.0,0.0,0,1.0,0.0,0
15:59:41,3123.21,0.0,0.0,0,0.0,0.0,0,1.0,0.0,0
15:59:42,3123.94,0.0,0.0,0,0.0,0.0,0,1.0,0.0,0
15:59:43,3124.67,0.0,0.0,0,0.0,0.0,0,1.0,0.0,0
15:59:43,3125.39,0.0,0.0,0,0.0,0.0,0,1.0,0.0,0
15:59:44,3126.13,0.0,0.0,0,0.0,0.0,0,1.0,0.0,0
15:59:45,3126.87,0.0,0.0,0,0.0,0.0,0,1.0,0.0,0
15:59:45,3127.59,0.0,0.0,0,0.0,0.0,0,1.0,0.0,0
15:59:46,3128.33,0.0,0.0,0,0.0,0.0,0,1.0,0.0,0
15:59:47,3129.07,0.0,0.0,0,0.0,0.0,0,1.0,0.0,0
15:59:48,3129.78,0.0,0.0,0,0.0,0.0,0,1.0,0.0,0
15:59:48,3130.51,0.0,0.0,0,0.0,0.0,0,1.0,0.0,0
15:59:49,3131.24,0.0,0.0,0,0.0,0.0,0,1.0,0.0,0
15:59:50,3131.99,0.0,0.0,0,0.0,0.0,0,1.0,0.0,0
15:59:51,3132.71,0.0,0.0,0,0.0,0.0,0,1.0,0.0,0
15:59:51,3133.44,0.0,0.0,0,0.0,0.0,0,1.0,0.0,0
15:59:52,3134.17,0.0,0.0,0,0.0,0.0,0,1.0,0.0,0
15:59:53,3134.9,0.0,0.0,0,0.0,0.0,0,1.0,0.0,0
15:59:54,3135.64,0.0,0.0,0,0.0,0.0,0,1.0,0.0,0
15:59:54,3136.37,0.0,0.0,0,0.0,0.0,0,1.0,0.0,0
15:59:55,3137.09,0.0,0.0,0,0.0,0.0,0,1.0,0.0,0
15:59:56,3137.82,0.0,0.0,0,0.0,0.0,0,1.0,0.0,0
15:59:56,3138.55,0.0,0.0,0,0.0,0.0,0,1.0,0.0,0
15:59:57,3139.28,0.0,0.0,0,0.0,0.0,0,1.0,0.0,0
15:59:58,3140.0,0.0,0.0,0,0.0,0.0,0,1.0,0.0,0
15:59:59,3140.72,0.0,0.0,0,0.0,0.0,0,1.0,0.0,0
15:59:59,3141.44,0.0,0.0,0,0.0,0.0,0,1.0,0.0,0
16:00:00,3142.19,0.0,0.0,0,0.0,0.0,0,1.0,0.0,0
16:00:01,3142.92,0.0,0.0,0,0.0,0.0,0,1.0,0.0,0
16:00:02,3143.66,0.0,0.0,0,0.0,0.0,0,1.0,0.0,0
16:00:02,3144.39,0.0,0.0,0,0.0,0.0,0,1.0,0.0,0
16:00:03,3145.11,0.0,0.0,0,0.0,0.0,0,1.0,0.0,0
16:00:04,3145.86,0.0,0.0,0,0.0,0.0,0,1.0,0.0,0
16:00:04,3146.61,0.0,0.0,0,0.0,0.0,0,1.0,0.0,0
16:00:05,3147.37,0.0,0.0,0,0.0,0.0,0,1.0,0.0,0
16:00:06,3148.09,0.0,0.0,0,0.0,0.0,0,1.0,0.0,0
16:00:07,3148.83,0.0,0.0,0,0.0,0.0,0,1.0,0.0,0
16:00:07,3149.56,0.0,0.0,0,0.0,0.0,0,1.0,0.0,0
16:00:08,3150.3,0.0,0.0,0,0.0,0.0,0,1.0,0.0,0
16:00:09,3151.06,0.0,0.0,0,0.0,0.0,0,1.0,0.0,0
16:00:10,3151.83,0.0,0.0,0,0.0,0.0,0,1.0,0.0,0
16:00:10,3152.55,0.0,0.0,0,0.0,0.0,0,1.0,0.0,0
16:00:11,3153.31,0.0,0.0,0,0.0,0.0,0,1.0,0.0,0
16:00:12,3154.04,0.0,0.0,0,0.0,0.0,0,1.0,0.0,0
16:00:13,3154.78,0.0,0.0,0,0.0,0.0,0,1.0,0.0,0
16:00:13,3155.53,0.0,0.0,0,0.0,0.0,0,1.0,0.0,0
16:00:14,3156.26,0.0,0.0,0,0.0,0.0,0,1.0,0.0,0
16:00:15,3157.02,0.0,0.0,1,0.0,0.0,0,1.0,0.0,0
16:00:16,3157.75,0.0,0.0,1,0.0,0.0,0,1.0,0.0,0
16:00:16,3158.53,0.0,0.0,1,0.0,0.0,0,1.0,0.0,0
16:00:17,3159.29,0.0,0.0,1,0.0,0.0,0,1.0,0.0,0
16:00:18,3160.06,0.0,0.0,1,0.0,0.0,0,1.0,0.0,0
16:00:19,3160.84,0.0,0.0,1,0.0,0.0,0,1.0,0.0,0
16:00:19,3161.58,0.0,0.0,1,0.0,0.0,0,1.0,0.0,0
16:00:20,3162.31,0.0,0.0,1,0.0,0.0,0,1.0,0.0,0
16:00:21,3163.04,0.0,0.0,1,0.0,0.0,0,1.0,0.0,0
16:00:22,3163.78,0.0,0.0,1,0.0,0.0,0,1.0,0.0,0
16:00:22,3164.54,0.0,0.0,1,0.0,0.0,0,1.0,0.0,0
16:00:23,3165.28,0.0,0.0,1,0.0,0.0,0,1.0,0.0,0
16:00:24,3166.01,0.0,0.0,1,0.0,0.0,0,1.0,0.0,0
16:00:25,3166.77,0.0,0.0,1,0.0,0.0,0,1.0,0.0,0
16:00:25,3167.54,0.0,0.0,1,0.0,0.0,0,1.0,0.0,0
16:00:26,3168.28,0.0,0.0,1,0.0,0.0,0,1.0,0.0,0
16:00:27,3169.0,0.0,0.0,1,0.0,0.0,0,1.0,0.0,0
16:00:28,3169.73,0.0,0.0,1,0.0,0.0,0,1.0,0.0,0
16:00:28,3170.49,0.0,0.0,1,0.0,0.0,0,1.0,0.0,0
16:00:29,3171.23,0.0,0.0,1,0.0,0.0,0,1.0,0.0,0
16:00:30,3171.95,0.0,0.0,1,0.0,0.0,0,1.0,0.0,0
16:00:31,3172.72,0.0,0.0,1,0.0,0.0,0,1.0,0.0,0
16:00:31,3173.5,0.0,0.0,1,0.0,0.0,0,1.0,0.0,0
16:00:32,3174.29,0.0,0.0,1,0.0,0.0,0,1.0,0.0,0
16:00:33,3175.01,0.0,0.0,1,0.0,0.0,0,1.0,0.0,0
16:00:34,3175.76,0.0,0.0,1,0.0,0.0,0,1.0,0.0,0
16:00:34,3176.5,0.0,0.0,1,0.0,0.0,0,1.0,0.0,0
16:00:35,3177.23,0.0,0.0,1,0.0,0.0,0,1.0,0.0,0
16:00:36,3177.99,0.0,0.0,1,0.0,0.0,0,1.0,0.0,0
16:00:37,3178.76,1.0,0.0,1,0.0,0.0,0,1.0,0.0,0
16:00:37,3179.52,4.0,0.0,1,0.0,0.0,0,1.0,0.0,0
16:00:38,3180.29,10.0,0.0,1,0.0,0.0,0,1.0,0.0,0
16:00:39,3181.03,16.0,0.0,1,0.0,0.0,0,1.0,0.0,0
16:00:40,3181.77,29.0,0.0,1,0.0,0.0,0,1.0,0.0,0
16:00:40,3182.53,35.0,0.0,1,0.0,0.0,0,1.0,0.0,0
16:00:41,3183.3,41.0,0.0,1,0.0,0.0,0,1.0,0.0,0
16:00:42,3184.06,54.0,0.0,1,0.0,0.0,0,1.0,0.0,0
16:00:43,3184.81,60.0,0.0,1,0.0,0.0,0,1.0,0.0,0
16:00:43,3185.55,66.0,0.0,1,0.0,0.0,0,1.0,0.0,0
16:00:44,3186.35,72.0,0.0,1,0.0,0.0,0,1.0,0.0,0
16:00:45,3187.08,78.0,0.0,1,0.0,0.0,0,1.0,0.0,0
16:00:46,3187.82,84.0,0.0,1,0.0,0.0,0,1.0,0.0,0
16:00:46,3188.56,91.0,0.0,1,0.0,0.0,0,1.0,0.0,0
16:00:47,3189.35,96.0,0.0,1,0.0,0.0,0,1.0,0.0,0
16:00:48,3190.08,102.0,0.0,1,0.0,0.0,0,1.0,0.0,0
16:00:49,3190.82,109.0,0.0,1,0.0,0.0,0,1.0,0.0,0
16:00:49,3191.57,120.0,0.0,1,0.0,0.0,0,1.0,0.0,0
16:00:50,3192.32,134.0,0.0,1,0.0,0.0,0,1.0,0.0,0
16:00:51,3193.05,140.0,0.0,1,0.0,0.0,0,1.0,0.0,0
16:00:52,3193.78,146.0,0.0,1,0.0,0.0,0,1.0,0.0,0
16:00:52,3194.56,152.0,0.0,1,0.0,0.0,0,1.0,0.0,0
16:00:53,3195.33,158.0,0.0,1,0.0,0.0,0,1.0,0.0,0
16:00:54,3196.07,165.0,0.0,1,0.0,0.0,0,1.0,0.0,0
16:00:55,3196.82,171.0,0.0,1,0.0,0.0,0,1.0,0.0,0
16:00:55,3197.6,176.0,0.0,1,0.0,0.0,0,1.0,0.0,0
16:00:56,3198.35,183.0,0.0,1,0.0,0.0,0,1.0,0.0,0
16:00:57,3199.09,188.0,0.0,1,0.0,0.0,0,1.0,0.0,0
16:00:58,3199.85,207.0,0.0,1,0.0,0.0,0,1.0,0.0,0
16:00:58,3200.6,213.0,0.0,1,0.0,0.0,0,1.0,0.0,0
16:00:59,3201.33,220.0,0.0,1,0.0,0.0,0,1.0,0.0,0
16:01:00,3202.08,225.0,0.0,1,0.0,0.0,0,1.0,0.0,0
16:01:01,3202.86,231.0,0.0,1,0.0,0.0,0,1.0,0.0,0
16:01:01,3203.59,237.0,0.0,1,0.0,0.0,0,1.0,0.0,0
16:01:02,3204.33,243.0,0.0,1,0.0,0.0,0,1.0,0.0,0
16:01:03,3205.06,248.0,0.0,1,0.0,0.0,0,1.0,0.0,0
16:01:04,3205.79,248.0,0.0,1,0.0,0.0,0,1.0,0.0,0
16:01:04,3206.53,248.0,0.0,1,0.0,0.0,0,1.0,0.0,0
16:01:05,3207.27,248.0,0.0,1,0.0,0.0,0,1.0,0.0,0
16:01:06,3208.02,249.0,0.0,1,0.0,0.0,0,1.0,0.0,0
16:01:07,3208.79,249.0,0.0,1,0.0,0.0,0,1.0,0.0,0
16:01:07,3209.6,248.0,0.0,1,0.0,0.0,0,1.0,0.0,0
16:01:08,3210.37,248.0,0.0,1,0.0,0.0,0,1.0,0.0,0
16:01:09,3211.11,248.0,0.0,1,0.0,0.0,0,1.0,0.0,0
16:01:10,3211.84,248.0,0.0,1,0.0,0.0,0,1.0,0.0,0
16:01:10,3212.58,248.0,0.0,1,0.0,0.0,0,1.0,0.0,0
16:01:11,3213.34,248.0,0.0,1,0.0,0.0,0,1.0,0.0,0
16:01:12,3214.06,248.0,0.0,1,0.0,0.0,0,1.0,0.0,0
16:01:13,3214.81,248.0,0.0,1,0.0,0.0,0,1.0,0.0,0
16:01:13,3215.56,248.0,0.0,1,0.0,0.0,0,1.0,0.0,0
16:01:14,3216.29,248.0,0.0,1,0.0,0.0,0,1.0,0.0,0
16:01:15,3217.02,249.0,0.0,1,0.0,0.0,0,1.0,0.0,0
16:01:16,3217.77,249.0,0.0,1,0.0,0.0,0,1.0,0.0,0
16:01:16,3218.51,249.0,0.0,1,0.0,0.0,0,1.0,0.0,0
16:01:17,3219.25,248.0,0.0,1,0.0,0.0,0,1.0,0.0,0
16:01:18,3219.99,249.0,0.0,1,0.0,0.0,0,1.0,0.0,0
16:01:19,3220.72,249.0,0.0,1,0.0,0.0,0,1.0,0.0,0
16:01:19,3221.44,248.0,0.0,1,0.0,0.0,0,1.0,0.0,0
16:01:20,3222.17,248.0,0.0,1,0.0,0.0,0,1.0,0.0,0
16:01:21,3222.89,248.0,0.0,1,0.0,0.0,0,1.0,0.0,0
16:01:22,3223.65,248.0,0.0,1,0.0,0.0,0,1.0,0.0,0
16:01:22,3224.39,248.0,0.0,1,0.0,0.0,0,1.0,0.0,0
16:01:23,3225.12,248.0,0.0,1,0.0,0.0,0,1.0,0.0,0
16:01:24,3225.88,249.0,0.0,1,0.0,0.0,0,1.0,0.0,0
16:01:24,3226.59,249.0,0.0,1,0.0,0.0,0,1.0,0.0,0
16:01:25,3227.36,248.0,0.0,1,0.0,0.0,0,1.0,0.0,0
16:01:26,3228.09,249.0,0.0,1,0.0,0.0,0,1.0,0.0,0
16:01:27,3228.85,249.0,0.0,1,0.0,0.0,0,1.0,0.0,0
16:01:27,3229.58,249.0,0.0,1,0.0,0.0,0,1.0,0.0,0
16:01:28,3230.31,248.0,0.0,1,0.0,0.0,0,1.0,0.0,0
16:01:29,3231.06,248.0,0.0,1,0.0,0.0,0,1.0,0.0,0
16:01:30,3231.83,248.0,0.0,1,0.0,0.0,0,1.0,0.0,0
16:01:30,3232.58,248.0,0.0,1,0.0,0.0,0,1.0,0.0,0
16:01:31,3233.34,248.0,0.0,1,0.0,0.0,0,1.0,0.0,0
16:01:32,3234.06,248.0,0.0,1,0.0,0.0,0,1.0,0.0,0
16:01:33,3234.8,248.0,0.0,1,0.0,0.0,0,1.0,0.0,0
16:01:33,3235.54,248.0,0.0,1,0.0,0.0,0,1.0,0.0,0
16:01:34,3236.26,249.0,0.0,1,0.0,0.0,0,1.0,0.0,0
16:01:35,3236.99,249.0,0.0,1,0.0,0.0,0,1.0,0.0,0
16:01:36,3237.76,249.0,0.0,1,0.0,0.0,0,1.0,0.0,0
16:01:36,3238.52,248.0,0.0,1,0.0,0.0,0,1.0,0.0,0
16:01:37,3239.26,248.0,0.0,1,0.0,0.0,0,1.0,0.0,0
16:01:38,3240.02,248.0,0.0,1,0.0,0.0,0,1.0,0.0,0
16:01:39,3240.76,248.0,0.0,1,0.0,0.0,0,1.0,0.0,0
16:01:39,3241.5,248.0,0.0,1,0.0,0.0,0,1.0,0.0,0
16:01:40,3242.25,248.0,0.0,1,0.0,0.0,0,1.0,0.0,0
16:01:41,3242.98,248.0,0.0,1,0.0,0.0,0,1.0,0.0,0
16:01:42,3243.72,248.0,0.0,1,0.0,0.0,0,1.0,0.0,0
16:01:42,3244.44,248.0,0.0,1,0.0,0.0,0,1.0,0.0,0
16:01:43,3245.19,248.0,0.0,1,0.0,0.0,0,1.0,0.0,0
16:01:44,3245.91,248.0,0.0,1,0.0,0.0,0,1.0,0.0,0
16:01:45,3246.63,248.0,0.0,1,0.0,0.0,0,1.0,0.0,0
16:01:45,3247.37,248.0,0.0,1,0.0,0.0,0,1.0,0.0,0
16:01:46,3248.1,248.0,0.0,1,0.0,0.0,0,1.0,0.0,0
16:01:47,3248.82,248.0,0.0,1,0.0,0.0,0,1.0,0.0,0
16:01:47,3249.55,249.0,0.0,1,0.0,0.0,0,1.0,0.0,0
16:01:48,3250.28,249.0,0.0,1,0.0,0.0,0,1.0,0.0,0
16:01:49,3251.0,249.0,0.0,1,0.0,0.0,0,1.0,0.0,0
16:01:50,3251.73,249.0,0.0,1,0.0,0.0,0,1.0,0.0,0
16:01:50,3252.48,248.0,0.0,1,0.0,0.0,0,1.0,0.0,0
16:01:51,3253.23,248.0,0.0,1,0.0,0.0,0,1.0,0.0,0
16:01:52,3254.03,248.0,0.0,1,0.0,0.0,0,1.0,0.0,0
16:01:53,3254.75,248.0,0.0,1,0.0,0.0,0,1.0,0.0,0
16:01:53,3255.49,248.0,0.0,1,0.0,0.0,0,1.0,0.0,0
16:01:54,3256.26,249.0,0.0,1,0.0,0.0,0,1.0,0.0,0
16:01:55,3257.02,249.0,0.0,1,0.0,0.0,0,1.0,0.0,0
16:01:56,3257.78,249.0,0.0,1,0.0,0.0,0,1.0,0.0,0
16:01:56,3258.54,248.0,0.0,1,0.0,0.0,0,1.0,0.0,0
16:01:57,3259.31,248.0,0.0,1,0.0,0.0,0,1.0,0.0,0
16:01:58,3260.08,248.0,0.0,1,0.0,0.0,0,1.0,0.0,0
16:01:59,3260.8,249.0,0.0,1,0.0,0.0,0,1.0,0.0,0
16:01:59,3261.53,249.0,0.0,1,0.0,0.0,0,1.0,0.0,0
16:02:00,3262.28,249.0,0.0,1,0.0,0.0,0,1.0,0.0,0
16:02:01,3263.0,249.0,0.0,1,0.0,0.0,0,1.0,0.0,0
16:02:02,3263.76,249.0,0.0,1,0.0,0.0,0,1.0,0.0,0
16:02:02,3264.49,249.0,0.0,1,0.0,0.0,0,1.0,0.0,0
16:02:03,3265.22,248.0,0.0,1,0.0,0.0,0,1.0,0.0,0
16:02:04,3265.95,249.0,0.0,1,0.0,0.0,0,1.0,0.0,0
16:02:05,3266.72,248.0,0.0,1,0.0,0.0,0,1.0,0.0,0
16:02:05,3267.49,248.0,0.0,1,0.0,0.0,0,1.0,0.0,0
16:02:06,3268.23,249.0,0.0,1,0.0,0.0,0,1.0,0.0,0
16:02:07,3268.96,249.0,0.0,1,0.0,0.0,0,1.0,0.0,0
16:02:08,3269.73,248.0,0.0,1,0.0,0.0,0,1.0,0.0,0
16:02:08,3270.51,248.0,0.0,1,0.0,0.0,0,1.0,0.0,0
16:02:09,3271.3,248.0,0.0,1,0.0,0.0,0,1.0,0.0,0
16:02:10,3272.03,248.0,0.0,1,0.0,0.0,0,1.0,0.0,0
16:02:11,3272.78,249.0,0.0,1,0.0,0.0,0,1.0,0.0,0
16:02:11,3273.53,248.0,0.0,1,0.0,0.0,0,1.0,0.0,0
16:02:12,3274.27,249.0,0.0,1,0.0,0.0,0,1.0,0.0,0
16:02:13,3275.0,248.0,0.0,1,0.0,0.0,0,1.0,0.0,0
16:02:14,3275.75,248.0,0.0,1,0.0,0.0,0,1.0,0.0,0
16:02:14,3276.49,248.0,0.0,1,0.0,0.0,0,1.0,0.0,0
16:02:15,3277.21,248.0,0.0,1,0.0,0.0,0,1.0,0.0,0
16:02:16,3277.94,248.0,0.0,1,0.0,0.0,0,1.0,0.0,0
16:02:17,3278.7,249.0,0.0,1,0.0,0.0,0,1.0,0.0,0
16:02:17,3279.44,249.0,0.0,1,0.0,0.0,0,1.0,0.0,0
16:02:18,3280.17,249.0,0.0,1,0.0,0.0,0,1.0,0.0,0
16:02:19,3280.9,249.0,0.0,1,0.0,0.0,0,1.0,0.0,0
16:02:20,3281.65,248.0,0.0,1,0.0,0.0,0,1.0,0.0,0
16:02:20,3282.39,249.0,0.0,1,0.0,0.0,0,1.0,0.0,0
16:02:21,3283.13,248.0,0.0,1,0.0,0.0,0,1.0,0.0,0
16:02:22,3283.86,248.0,0.0,1,0.0,0.0,0,1.0,0.0,0
16:02:22,3284.6,248.0,0.0,1,0.0,0.0,0,1.0,0.0,0
16:02:23,3285.35,249.0,0.0,1,0.0,0.0,0,1.0,0.0,0
16:02:24,3286.07,249.0,0.0,1,0.0,0.0,0,1.0,0.0,0
16:02:25,3286.84,249.0,0.0,1,0.0,0.0,0,1.0,0.0,0
16:02:25,3287.6,249.0,0.0,1,0.0,0.0,0,1.0,0.0,0
16:02:26,3288.36,248.0,0.0,1,0.0,0.0,0,1.0,0.0,0
16:02:27,3289.08,248.0,0.0,1,0.0,0.0,0,1.0,0.0,0
16:02:28,3289.82,249.0,0.0,1,0.0,0.0,0,1.0,0.0,0
16:02:28,3290.55,249.0,0.0,1,0.0,0.0,0,1.0,0.0,0
16:02:29,3291.28,249.0,0.0,1,0.0,0.0,0,1.0,0.0,0
16:02:30,3292.01,249.0,0.0,1,0.0,0.0,0,1.0,0.0,0
16:02:31,3292.76,249.0,0.0,1,0.0,0.0,0,1.0,0.0,0
16:02:31,3293.49,249.0,0.0,1,0.0,0.0,0,1.0,0.0,0
16:02:32,3294.24,248.0,0.0,1,0.0,0.0,0,1.0,0.0,0
16:02:33,3294.97,248.0,0.0,1,0.0,0.0,0,1.0,0.0,0
16:02:34,3295.7,250.0,0.0,1,0.0,0.0,0,1.0,0.0,0
16:02:34,3296.43,255.0,0.0,1,0.0,0.0,0,1.0,0.0,0
16:02:35,3297.17,261.0,0.0,1,0.0,0.0,0,1.0,0.0,0
16:02:36,3297.9,267.0,0.0,1,0.0,0.0,0,1.0,0.0,0
16:02:37,3298.63,274.0,0.0,1,0.0,0.0,0,1.0,0.0,0
16:02:37,3299.4,281.0,0.0,1,0.0,0.0,0,1.0,0.0,0
16:02:38,3300.15,286.0,0.0,1,0.0,0.0,0,1.0,0.0,0
16:02:39,3300.9,299.0,0.0,1,0.0,0.0,0,1.0,0.0,0
16:02:40,3301.65,311.0,0.0,1,0.0,0.0,0,1.0,0.0,0
16:02:40,3302.39,318.0,0.0,1,0.0,0.0,0,1.0,0.0,0
16:02:41,3303.13,322.0,0.0,1,0.0,0.0,0,1.0,0.0,0
16:02:42,3303.87,330.0,0.0,1,0.0,0.0,0,1.0,0.0,0
16:02:43,3304.64,336.0,0.0,1,0.0,0.0,0,1.0,0.0,0
16:02:43,3305.37,341.0,0.0,1,0.0,0.0,0,1.0,0.0,0
16:02:44,3306.16,347.0,0.0,1,0.0,0.0,0,1.0,0.0,0
16:02:45,3306.92,354.0,0.0,1,0.0,0.0,0,1.0,0.0,0
16:02:46,3307.68,359.0,0.0,1,0.0,0.0,0,1.0,0.0,0
16:02:46,3308.42,366.0,0.0,1,0.0,0.0,0,1.0,0.0,0
16:02:47,3309.18,380.0,0.0,1,0.0,0.0,0,1.0,0.0,0
16:02:48,3309.9,391.0,0.0,1,0.0,0.0,0,1.0,0.0,0
16:02:49,3310.63,397.0,0.0,1,0.0,0.0,0,1.0,0.0,0
16:02:49,3311.37,402.0,0.0,1,0.0,0.0,0,1.0,0.0,0
16:02:50,3312.13,410.0,0.0,1,0.0,0.0,0,1.0,0.0,0
16:02:51,3312.91,416.0,0.0,1,0.0,0.0,0,1.0,0.0,0
16:02:52,3313.72,420.0,0.0,1,0.0,0.0,0,1.0,0.0,0
16:02:52,3314.47,427.0,0.0,1,0.0,0.0,0,1.0,0.0,0
16:02:53,3315.25,436.0,0.0,1,0.0,0.0,0,1.0,0.0,0
16:02:54,3316.02,440.0,0.0,1,0.0,0.0,0,1.0,0.0,0
16:02:55,3316.79,453.0,0.0,1,0.0,0.0,0,1.0,0.0,0
16:02:55,3317.57,457.0,0.0,1,0.0,0.0,0,1.0,0.0,0
16:02:56,3318.36,464.0,0.0,1,0.0,0.0,0,1.0,0.0,0
16:02:57,3319.16,479.0,0.0,1,0.0,0.0,0,1.0,0.0,0
16:02:58,3319.89,483.0,0.0,1,0.0,0.0,0,1.0,0.0,0
16:02:59,3320.65,489.0,0.0,1,0.0,0.0,0,1.0,0.0,0
16:02:59,3321.38,496.0,0.0,1,0.0,0.0,0,1.0,0.0,0
16:03:00,3322.11,498.0,0.0,1,0.0,0.0,0,1.0,0.0,0
16:03:01,3322.84,497.0,0.0,1,0.0,0.0,0,1.0,0.0,0
16:03:01,3323.58,497.0,0.0,1,0.0,0.0,0,1.0,0.0,0
16:03:02,3324.33,497.0,0.0,1,0.0,0.0,0,1.0,0.0,0
16:03:03,3325.06,497.0,0.0,1,0.0,0.0,0,1.0,0.0,0
16:03:04,3325.79,497.0,0.0,1,0.0,0.0,0,1.0,0.0,0
16:03:04,3326.55,497.0,0.0,1,0.0,0.0,0,1.0,0.0,0
16:03:05,3327.29,497.0,0.0,1,0.0,0.0,0,1.0,0.0,0
16:03:06,3328.02,498.0,0.0,1,0.0,0.0,0,1.0,0.0,0
16:03:07,3328.75,498.0,0.0,1,0.0,0.0,0,1.0,0.0,0
16:03:07,3329.48,498.0,0.0,1,0.0,0.0,0,1.0,0.0,0
16:03:08,3330.22,498.0,0.0,1,0.0,0.0,0,1.0,0.0,0
16:03:09,3330.96,498.0,0.0,1,0.0,0.0,0,1.0,0.0,0
16:03:10,3331.69,498.0,0.0,1,0.0,0.0,0,1.0,0.0,0
16:03:10,3332.45,497.0,0.0,1,0.0,0.0,0,1.0,0.0,0
16:03:11,3333.2,498.0,0.0,1,0.0,0.0,0,1.0,0.0,0
16:03:12,3333.97,496.0,0.0,1,0.0,0.0,0,1.0,0.0,0
16:03:13,3334.72,498.0,0.0,1,0.0,0.0,0,1.0,0.0,0
16:03:13,3335.5,498.0,0.0,1,0.0,0.0,0,1.0,0.0,0
16:03:14,3336.28,498.0,0.0,1,0.0,0.0,0,1.0,0.0,0
16:03:15,3337.03,497.0,0.0,1,0.0,0.0,0,1.0,0.0,0
16:03:16,3337.76,498.0,0.0,1,0.0,0.0,0,1.0,0.0,0
16:03:16,3338.49,498.0,0.0,1,0.0,0.0,0,1.0,0.0,0
16:03:17,3339.22,497.0,0.0,1,0.0,0.0,0,1.0,0.0,0
16:03:18,3339.95,498.0,0.0,1,0.0,0.0,0,1.0,0.0,0
16:03:19,3340.7,497.0,0.0,1,0.0,0.0,0,1.0,0.0,0
16:03:19,3341.43,498.0,0.0,1,0.0,0.0,0,1.0,0.0,0
16:03:20,3342.19,498.0,0.0,1,0.0,0.0,0,1.0,0.0,0
16:03:21,3342.92,498.0,0.0,1,0.0,0.0,0,1.0,0.0,0
16:03:22,3343.65,497.0,0.0,1,0.0,0.0,0,1.0,0.0,0
16:03:22,3344.42,496.0,0.0,1,0.0,0.0,0,1.0,0.0,0
16:03:23,3345.2,498.0,0.0,1,0.0,0.0,0,1.0,0.0,0
16:03:24,3345.93,497.0,0.0,1,0.0,0.0,0,1.0,0.0,0
16:03:25,3346.65,497.0,0.0,1,0.0,0.0,0,1.0,0.0,0
16:03:25,3347.38,497.0,0.0,1,0.0,0.0,0,1.0,0.0,0
16:03:26,3348.16,499.0,0.0,1,0.0,0.0,0,1.0,0.0,0
16:03:27,3348.94,498.0,0.0,1,0.0,0.0,0,1.0,0.0,0
16:03:28,3349.67,497.0,0.0,1,0.0,0.0,0,1.0,0.0,0
16:03:28,3350.39,497.0,0.0,1,0.0,0.0,0,1.0,0.0,0
16:03:29,3351.13,497.0,0.0,1,0.0,0.0,0,1.0,0.0,0
16:03:30,3351.86,496.0,0.0,1,0.0,0.0,0,1.0,0.0,0
16:03:30,3352.59,495.0,0.0,1,0.0,0.0,0,1.0,0.0,0
16:03:31,3353.34,496.0,0.0,1,0.0,0.0,0,1.0,0.0,0
16:03:32,3354.07,497.0,0.0,1,0.0,0.0,0,1.0,0.0,0
16:03:33,3354.8,497.0,0.0,1,0.0,0.0,0,1.0,0.0,0
16:03:33,3355.54,498.0,0.0,1,0.0,0.0,0,1.0,0.0,0
16:03:34,3356.29,497.0,0.0,1,0.0,0.0,0,1.0,0.0,0
16:03:35,3357.01,496.0,0.0,1,0.0,0.0,0,1.0,0.0,0
16:03:36,3357.74,497.0,0.0,1,0.0,0.0,0,1.0,0.0,0
16:03:36,3358.47,497.0,0.0,1,0.0,0.0,0,1.0,0.0,0
16:03:37,3359.19,497.0,0.0,1,0.0,0.0,0,1.0,0.0,0
16:03:38,3359.92,498.0,0.0,1,0.0,0.0,0,1.0,0.0,0
16:03:39,3360.66,497.0,0.0,1,0.0,0.0,0,1.0,0.0,0
16:03:39,3361.39,498.0,0.0,1,0.0,0.0,0,1.0,0.0,0
16:03:40,3362.14,498.0,0.0,1,0.0,0.0,0,1.0,0.0,0
16:03:41,3362.91,498.0,0.0,1,0.0,0.0,0,1.0,0.0,0
16:03:42,3363.68,497.0,0.0,1,0.0,0.0,0,1.0,0.0,0
16:03:42,3364.45,497.0,0.0,1,0.0,0.0,0,1.0,0.0,0
16:03:43,3365.2,497.0,0.0,1,0.0,0.0,0,1.0,0.0,0
16:03:44,3365.98,497.0,0.0,1,0.0,0.0,0,1.0,0.0,0
16:03:45,3366.75,497.0,0.0,1,0.0,0.0,0,1.0,0.0,0
16:03:45,3367.5,497.0,0.0,1,0.0,0.0,0,1.0,0.0,0
16:03:46,3368.26,497.0,0.0,1,0.0,0.0,0,1.0,0.0,0
16:03:47,3369.01,498.0,0.0,1,0.0,0.0,0,1.0,0.0,0
16:03:48,3369.76,498.0,0.0,1,0.0,0.0,0,1.0,0.0,0
16:03:48,3370.55,497.0,0.0,1,0.0,0.0,0,1.0,0.0,0
16:03:49,3371.32,498.0,0.0,1,0.0,0.0,0,1.0,0.0,0
16:03:50,3372.09,495.0,0.0,1,0.0,0.0,0,1.0,0.0,0
16:03:51,3372.82,498.0,0.0,1,0.0,0.0,0,1.0,0.0,0
16:03:51,3373.62,498.0,0.0,1,0.0,0.0,0,1.0,0.0,0
16:03:52,3374.38,498.0,0.0,1,0.0,0.0,0,1.0,0.0,0
16:03:53,3375.1,498.0,0.0,1,0.0,0.0,0,1.0,0.0,0
16:03:54,3375.84,496.0,0.0,1,0.0,0.0,0,1.0,0.0,0
16:03:54,3376.58,495.0,0.0,1,0.0,0.0,0,1.0,0.0,0
16:03:55,3377.3,497.0,0.0,1,0.0,0.0,0,1.0,0.0,0
16:03:56,3378.03,497.0,0.0,1,0.0,0.0,0,1.0,0.0,0
16:03:57,3378.76,497.0,0.0,1,0.0,0.0,0,1.0,0.0,0
16:03:57,3379.54,498.0,0.0,1,0.0,0.0,0,1.0,0.0,0
16:03:58,3380.34,498.0,0.0,1,0.0,0.0,0,1.0,0.0,0
16:03:59,3381.1,498.0,0.0,1,0.0,0.0,0,1.0,0.0,0
16:04:00,3381.84,498.0,0.0,1,0.0,0.0,0,1.0,0.0,0
16:04:00,3382.58,498.0,0.0,1,0.0,0.0,0,1.0,0.0,0
16:04:01,3383.33,497.0,0.0,1,0.0,0.0,0,1.0,0.0,0
16:04:02,3384.08,497.0,0.0,1,0.0,0.0,0,1.0,0.0,0
16:04:03,3384.85,497.0,0.0,1,0.0,0.0,0,1.0,0.0,0
16:04:04,3385.67,497.0,0.0,1,0.0,0.0,0,1.0,0.0,0
16:04:04,3386.47,496.0,0.0,1,0.0,0.0,0,1.0,0.0,0
16:04:05,3387.23,498.0,0.0,1,0.0,0.0,0,1.0,0.0,0
16:04:06,3387.97,497.0,0.0,1,0.0,0.0,0,1.0,0.0,0
16:04:07,3388.7,498.0,0.0,1,0.0,0.0,0,1.0,0.0,0
16:04:07,3389.46,498.0,0.0,1,0.0,0.0,0,1.0,0.0,0
16:04:08,3390.2,498.0,0.0,1,0.0,0.0,0,1.0,0.0,0
16:04:09,3390.93,497.0,0.0,1,0.0,0.0,0,1.0,0.0,0
16:04:10,3391.73,497.0,0.0,1,0.0,0.0,0,1.0,0.0,0
16:04:10,3392.5,497.0,0.0,1,0.0,0.0,0,1.0,0.0,0
16:04:11,3393.23,497.0,0.0,1,0.0,0.0,0,1.0,0.0,0
16:04:12,3393.97,499.0,0.0,1,0.0,0.0,0,1.0,0.0,0
16:04:13,3394.71,498.0,0.0,1,0.0,0.0,0,1.0,0.0,0
16:04:13,3395.46,498.0,0.0,1,0.0,0.0,0,1.0,0.0,0
16:04:14,3396.25,498.0,0.0,1,0.0,0.0,0,1.0,0.0,0
16:04:15,3396.99,500.0,0.20000000298023224,1,0.0,0.0,0,1.0,0.0,0
16:04:16,3397.72,497.0,0.0,1,0.0,0.0,0,1.0,0.0,0
16:04:16,3398.48,497.0,0.0,1,0.0,0.0,0,1.0,0.0,0
16:04:17,3399.22,497.0,0.0,1,0.0,0.0,0,1.0,0.0,0
16:04:18,3399.97,497.0,0.0,1,0.0,0.0,0,1.0,0.0,0
16:04:19,3400.72,498.0,0.0,1,0.0,0.0,0,1.0,0.0,0
16:04:19,3401.46,498.0,0.0,1,0.0,0.0,0,1.0,0.0,0
16:04:20,3402.23,498.0,0.0,1,0.0,0.0,0,1.0,0.0,0
16:04:21,3403.0,498.0,0.0,1,0.0,0.0,0,1.0,0.0,0
16:04:22,3403.76,498.0,0.0,1,0.0,0.0,0,1.0,0.0,0
16:04:22,3404.5,498.0,0.0,1,0.0,0.0,0,1.0,0.0,0
16:04:23,3405.24,496.0,0.0,1,0.0,0.0,0,1.0,0.0,0
16:04:24,3405.99,498.0,0.0,1,0.0,0.0,0,1.0,0.0,0
16:04:25,3406.73,498.0,0.0,1,0.0,0.0,0,1.0,0.0,0
16:04:25,3407.46,498.0,0.0,1,0.0,0.0,0,1.0,0.0,0
16:04:26,3408.2,492.0,0.0,1,0.0,0.0,0,1.0,0.0,0
16:04:27,3408.93,498.0,0.0,1,0.0,0.0,0,1.0,0.0,0
16:04:28,3409.66,497.0,0.0,1,0.0,0.0,0,1.0,0.0,0
16:04:28,3410.4,497.0,0.0,1,0.0,0.0,0,1.0,0.0,0
16:04:29,3411.14,498.0,0.0,1,0.0,0.0,0,1.0,0.0,0
16:04:30,3411.87,497.0,0.0,1,0.0,0.0,0,1.0,0.0,0
16:04:31,3412.64,497.0,0.0,1,0.0,0.0,0,1.0,0.0,0
16:04:31,3413.4,497.0,0.0,1,0.0,0.0,0,1.0,0.0,0
16:04:32,3414.12,497.0,0.0,1,0.0,0.0,0,1.0,0.0,0
16:04:33,3414.84,497.0,0.0,1,0.0,0.0,0,1.0,0.0,0
16:04:33,3415.57,497.0,0.0,1,0.0,0.0,0,1.0,0.0,0
16:04:34,3416.29,497.0,0.0,1,0.0,0.0,0,1.0,0.0,0
16:04:35,3417.02,497.0,0.0,1,0.0,0.0,0,1.0,0.0,0
16:04:36,3417.77,497.0,0.0,1,0.0,0.0,0,1.0,0.0,0
16:04:36,3418.52,497.0,0.0,1,0.0,0.0,0,1.0,0.0,0
16:04:37,3419.25,497.0,0.0,1,0.0,0.0,0,1.0,0.0,0
16:04:38,3419.98,497.0,0.0,1,0.0,0.0,0,1.0,0.0,0
16:04:39,3420.71,497.0,0.0,1,0.0,0.0,0,1.0,0.0,0
16:04:39,3421.45,497.0,0.0,1,0.0,0.0,0,1.0,0.0,0
16:04:40,3422.19,498.0,0.0,1,0.0,0.0,0,1.0,0.0,0
16:04:41,3422.92,499.0,0.0,1,0.0,0.0,0,1.0,0.0,0
16:04:42,3423.64,499.0,0.0,1,0.0,0.0,0,1.0,0.0,0
16:04:42,3424.38,499.0,0.0,1,0.0,0.0,0,1.0,0.0,0
16:04:43,3425.11,498.0,0.0,1,0.0,0.0,0,1.0,0.0,0
16:04:44,3425.86,497.0,0.0,1,0.0,0.0,0,1.0,0.0,0
16:04:44,3426.61,497.0,0.0,1,0.0,0.0,0,1.0,0.0,0
16:04:45,3427.34,497.0,0.0,1,0.0,0.0,0,1.0,0.0,0
16:04:46,3428.06,497.0,0.0,1,0.0,0.0,0,1.0,0.0,0
16:04:47,3428.79,498.0,0.0,1,0.0,0.0,0,1.0,0.0,0
16:04:47,3429.53,498.0,0.0,1,0.0,0.0,0,1.0,0.0,0
16:04:48,3430.26,498.0,0.0,1,0.0,0.0,0,1.0,0.0,0
16:04:49,3431.01,498.0,0.0,1,0.0,0.0,0,1.0,0.0,0
16:04:50,3431.74,498.0,0.0,1,0.0,0.0,0,1.0,0.0,0
16:04:50,3432.48,498.0,0.0,1,0.0,0.0,0,1.0,0.0,0
16:04:51,3433.21,497.0,0.0,1,0.0,0.0,0,1.0,0.0,0
16:04:52,3433.94,497.0,0.0,1,0.0,0.0,0,1.0,0.0,0
16:04:53,3434.65,497.0,0.0,1,0.0,0.0,0,1.0,0.0,0
16:04:53,3435.41,498.0,0.0,1,0.0,0.0,0,1.0,0.0,0
16:04:54,3436.13,496.0,0.0,1,0.0,0.0,0,1.0,0.0,0
16:04:55,3436.86,499.0,0.0,1,0.0,0.0,0,1.0,0.0,0
16:04:55,3437.61,496.0,0.0,1,0.0,0.0,0,1.0,0.0,0
16:04:56,3438.4,497.0,0.0,1,0.0,0.0,0,1.0,0.0,0
16:04:57,3439.17,482.0,0.0,1,0.0,0.0,0,1.0,0.0,0
16:04:58,3439.92,497.0,0.0,1,0.0,0.0,0,1.0,0.0,0
16:04:59,3440.68,496.0,0.0,1,0.0,0.0,0,1.0,0.0,0
16:04:59,3441.44,496.0,0.0,1,0.0,0.0,0,1.0,0.0,0
16:05:00,3442.2,497.0,0.0,1,0.0,0.0,0,1.0,0.0,0
16:05:01,3442.95,496.0,0.0,1,0.0,0.0,0,1.0,0.0,0
16:05:02,3443.68,497.0,0.0,1,0.0,0.0,0,1.0,0.0,0
16:05:02,3444.42,497.0,0.0,1,0.0,0.0,0,1.0,0.0,0
16:05:03,3445.19,497.0,0.0,1,0.0,0.0,0,1.0,0.0,0
16:05:04,3445.92,497.0,0.0,1,0.0,0.0,0,1.0,0.0,0
16:05:05,3446.65,497.0,0.0,1,0.0,0.0,0,1.0,0.0,0
16:05:05,3447.38,495.0,0.0,1,0.0,0.0,0,1.0,0.0,0
16:05:06,3448.1,497.0,0.0,1,0.0,0.0,0,1.0,0.0,0
16:05:07,3448.88,497.0,0.0,1,0.0,0.0,0,1.0,0.0,0
16:05:07,3449.6,497.0,0.0,1,0.0,0.0,0,1.0,0.0,0
16:05:08,3450.4,497.0,0.0,1,0.0,0.0,0,1.0,0.0,0
16:05:09,3451.15,497.0,0.0,1,0.0,0.0,0,1.0,0.0,0
16:05:10,3451.88,497.0,0.0,1,0.0,0.0,0,1.0,0.0,0
16:05:10,3452.6,514.0,0.10000000149011612,1,0.0,0.0,0,1.0,0.0,0
16:05:11,3453.36,483.0,0.0,1,0.0,0.0,0,1.0,0.0,0
16:05:12,3454.09,495.0,0.0,1,0.0,0.0,0,1.0,0.0,0
16:05:13,3454.89,496.0,0.0,1,0.0,0.0,0,1.0,0.0,0
16:05:14,3455.67,498.0,0.0,1,0.0,0.0,0,1.0,0.0,0
16:05:14,3456.42,498.0,0.0,1,0.0,0.0,0,1.0,0.0,0
16:05:15,3457.15,498.0,0.0,1,0.0,0.0,0,1.0,0.0,0
16:05:16,3457.87,498.0,0.0,1,0.0,0.0,0,1.0,0.0,0
16:05:17,3458.64,496.0,0.0,1,0.0,0.0,0,1.0,0.0,0
16:05:17,3459.38,498.0,0.0,1,0.0,0.0,0,1.0,0.0,0
16:05:18,3460.11,498.0,0.0,1,0.0,0.0,0,1.0,0.0,0
16:05:19,3460.88,496.0,0.0,1,0.0,0.0,0,1.0,0.0,0
16:05:20,3461.63,497.0,0.0,1,0.0,0.0,0,1.0,0.0,0
16:05:20,3462.38,499.0,0.0,1,0.0,0.0,0,1.0,0.0,0
16:05:21,3463.11,498.0,0.0,1,0.0,0.0,0,1.0,0.0,0
16:05:22,3463.84,497.0,0.0,1,0.0,0.0,0,1.0,0.0,0
16:05:22,3464.57,497.0,0.0,1,0.0,0.0,0,1.0,0.0,0
16:05:23,3465.34,498.0,0.0,1,0.0,0.0,0,1.0,0.0,0
16:05:24,3466.08,498.0,0.0,1,0.0,0.0,0,1.0,0.0,0
16:05:25,3466.84,498.0,0.0,1,0.0,0.0,0,1.0,0.0,0
16:05:25,3467.6,496.0,0.0,1,0.0,0.0,0,1.0,0.0,0
16:05:26,3468.34,498.0,0.0,1,0.0,0.0,0,1.0,0.0,0
16:05:27,3469.11,498.0,0.0,1,0.0,0.0,0,1.0,0.0,0
16:05:28,3469.86,498.0,0.0,1,0.0,0.0,0,1.0,0.0,0
16:05:28,3470.61,498.0,0.0,1,0.0,0.0,0,1.0,0.0,0
16:05:29,3471.4,496.0,0.0,1,0.0,0.0,0,1.0,0.0,0
16:05:30,3472.13,496.0,0.0,1,0.0,0.0,0,1.0,0.0,0
16:05:31,3472.86,496.0,0.0,1,0.0,0.0,0,1.0,0.0,0
16:05:31,3473.62,496.0,0.0,1,0.0,0.0,0,1.0,0.0,0
16:05:32,3474.35,497.0,0.0,1,0.0,0.0,0,1.0,0.0,0
16:05:33,3475.09,499.0,0.0,1,0.0,0.0,0,1.0,0.0,0
16:05:34,3475.84,502.0,0.0,1,0.0,0.0,0,1.0,0.0,0
16:05:34,3476.62,502.0,0.0,1,0.0,0.0,0,1.0,0.0,0
16:05:35,3477.39,512.0,0.0,1,0.0,0.0,0,1.0,0.0,0
16:05:36,3478.15,520.0,0.0,1,0.0,0.0,0,1.0,0.0,0
16:05:37,3478.89,520.0,0.0,1,0.0,0.0,0,1.0,0.0,0
16:05:38,3479.63,539.0,0.0,1,0.0,0.0,0,1.0,0.0,0
16:05:38,3480.37,547.0,0.0,1,0.0,0.0,0,1.0,0.0,0
16:05:39,3481.1,544.0,0.0,1,0.0,0.0,0,1.0,0.0,0
16:05:40,3481.86,553.0,0.0,1,0.0,0.0,0,1.0,0.0,0
16:05:40,3482.6,558.0,0.0,1,0.0,0.0,0,1.0,0.0,0
16:05:41,3483.34,559.0,0.0,1,0.0,0.0,0,1.0,0.0,0
16:05:42,3484.09,570.0,0.0,1,0.0,0.0,0,1.0,0.0,0
16:05:43,3484.86,576.0,0.0,1,0.0,0.0,0,1.0,0.0,0
16:05:43,3485.6,602.0,0.30000001192092896,1,0.0,0.0,0,1.0,0.0,0
16:05:44,3486.35,609.0,0.30000001192092896,1,0.0,0.0,0,1.0,0.0,0
16:05:45,3487.08,594.0,0.0,1,0.0,0.0,0,1.0,0.0,0
16:05:46,3487.81,626.0,0.0,1,0.0,0.0,0,1.0,0.0,0
16:05:46,3488.57,611.0,0.10000000149011612,1,0.0,0.0,0,1.0,0.0,0
16:05:47,3489.31,633.0,0.10000000149011612,1,0.0,0.0,0,1.0,0.0,0
16:05:48,3490.04,625.0,0.0,1,0.0,0.0,0,1.0,0.0,0
16:05:49,3490.8,643.0,0.0,1,0.0,0.0,0,1.0,0.0,0
16:05:49,3491.53,647.0,0.20000000298023224,1,0.0,0.0,0,1.0,0.0,0
16:05:50,3492.29,647.0,0.0,1,0.0,0.0,0,1.0,0.0,0
16:05:51,3493.04,653.0,0.0,1,0.0,0.0,0,1.0,0.0,0
16:05:52,3493.81,673.0,0.0,1,0.0,0.0,0,1.0,0.0,0
16:05:52,3494.63,689.0,0.30000001192092896,1,0.0,0.0,0,1.0,0.0,0
16:05:53,3495.35,678.0,0.0,1,0.0,0.0,0,1.0,0.0,0
16:05:54,3496.09,689.0,0.20000000298023224,1,0.0,0.0,0,1.0,0.0,0
16:05:55,3496.81,711.0,0.4000000059604645,1,0.0,0.0,0,1.0,0.0,0
16:05:55,3497.55,722.0,0.20000000298023224,1,0.0,0.0,0,1.0,0.0,0
16:05:56,3498.31,717.0,0.20000000298023224,1,0.0,0.0,0,1.0,0.0,0
16:05:57,3499.04,722.0,0.0,1,0.0,0.0,0,1.0,0.0,0
16:05:58,3499.79,737.0,0.0,1,0.0,0.0,0,1.0,0.0,0
16:05:58,3500.56,733.0,0.0,1,0.0,0.0,0,1.0,0.0,0
16:05:59,3501.29,749.0,0.4000000059604645,1,0.0,0.0,0,1.0,0.0,0
16:06:00,3502.03,761.0,0.10000000149011612,1,0.0,0.0,0,1.0,0.0,0
16:06:01,3502.77,763.0,0.20000000298023224,1,0.0,0.0,0,1.0,0.0,0
16:06:01,3503.53,768.0,0.0,1,0.0,0.0,0,1.0,0.0,0
16:06:02,3504.26,769.0,0.20000000298023224,1,0.0,0.0,0,1.0,0.0,0
16:06:03,3505.0,788.0,0.4000000059604645,1,0.0,0.0,0,1.0,0.0,0
16:06:04,3505.77,781.0,0.0,1,0.0,0.0,0,1.0,0.0,0
16:06:04,3506.51,801.0,0.0,1,0.0,0.0,0,1.0,0.0,0
16:06:05,3507.25,801.0,0.10000000149011612,1,0.0,0.0,0,1.0,0.0,0
16:06:06,3508.0,810.0,0.10000000149011612,1,0.0,0.0,0,1.0,0.0,0
16:06:07,3508.78,819.0,0.10000000149011612,1,0.0,0.0,0,1.0,0.0,0
16:06:07,3509.52,830.0,0.10000000149011612,1,0.0,0.0,0,1.0,0.0,0
16:06:08,3510.27,836.0,0.20000000298023224,1,0.0,0.0,0,1.0,0.0,0
16:06:09,3511.0,827.0,0.0,1,0.0,0.0,0,1.0,0.0,0
16:06:10,3511.78,845.0,0.20000000298023224,1,0.0,0.0,0,1.0,0.0,0
16:06:10,3512.53,846.0,0.30000001192092896,1,0.0,0.0,0,1.0,0.0,0
16:06:11,3513.27,862.0,0.20000000298023224,1,0.0,0.0,0,1.0,0.0,0
16:06:12,3514.0,867.0,0.20000000298023224,1,0.0,0.0,0,1.0,0.0,0
16:06:13,3514.73,870.0,0.10000000149011612,1,0.0,0.0,0,1.0,0.0,0
16:06:13,3515.46,887.0,0.20000000298023224,1,0.0,0.0,0,1.0,0.0,0
16:06:14,3516.24,889.0,0.10000000149011612,1,0.0,0.0,0,1.0,0.0,0
16:06:15,3517.03,901.0,0.20000000298023224,1,0.0,0.0,0,1.0,0.0,0
16:06:16,3517.77,908.0,0.30000001192092896,1,0.0,0.0,0,1.0,0.0,0
16:06:16,3518.5,916.0,0.30000001192092896,1,0.0,0.0,0,1.0,0.0,0
16:06:17,3519.23,922.0,0.30000001192092896,1,0.0,0.0,0,1.0,0.0,0
16:06:18,3519.97,928.0,0.30000001192092896,1,0.0,0.0,0,1.0,0.0,0
16:06:19,3520.7,928.0,0.20000000298023224,1,0.0,0.0,0,1.0,0.0,0
16:06:19,3521.44,938.0,0.30000001192092896,1,0.0,0.0,0,1.0,0.0,0
16:06:20,3522.17,951.0,0.30000001192092896,1,0.0,0.0,0,1.0,0.0,0
16:06:21,3522.9,959.0,0.30000001192092896,1,0.0,0.0,0,1.0,0.0,0
16:06:22,3523.68,963.0,0.30000001192092896,1,0.0,0.0,0,1.0,0.0,0
16:06:22,3524.43,971.0,0.30000001192092896,1,0.0,0.0,0,1.0,0.0,0
16:06:23,3525.16,979.0,0.30000001192092896,1,0.0,0.0,0,1.0,0.0,0
16:06:24,3525.89,979.0,0.20000000298023224,1,0.0,0.0,0,1.0,0.0,0
16:06:25,3526.64,987.0,0.10000000149011612,1,0.0,0.0,0,1.0,0.0,0
16:06:25,3527.4,996.0,0.10000000149011612,1,0.0,0.0,0,1.0,0.0,0
16:06:26,3528.15,1003.0,0.4000000059604645,1,0.0,0.0,0,1.0,0.0,0
16:06:27,3528.93,1003.0,0.30000001192092896,1,0.0,0.0,0,1.0,0.0,0
16:06:28,3529.68,996.0,0.10000000149011612,1,0.0,0.0,0,1.0,0.0,0
16:06:28,3530.43,998.0,0.20000000298023224,1,0.0,0.0,0,1.0,0.0,0
16:06:29,3531.18,992.0,0.10000000149011612,1,0.0,0.0,0,1.0,0.0,0
16:06:30,3531.91,989.0,0.0,1,0.0,0.0,0,1.0,0.0,0
16:06:31,3532.65,1008.0,0.6000000238418579,1,0.0,0.0,0,1.0,0.0,0
16:06:31,3533.43,995.0,0.30000001192092896,1,0.0,0.0,0,1.0,0.0,0
16:06:32,3534.15,986.0,0.0,1,0.0,0.0,0,1.0,0.0,0
16:06:33,3534.88,991.0,0.0,1,0.0,0.0,0,1.0,0.0,0
16:06:34,3535.63,1002.0,0.20000000298023224,1,0.0,0.0,0,1.0,0.0,0
16:06:34,3536.36,989.0,0.10000000149011612,1,0.0,0.0,0,1.0,0.0,0
16:06:35,3537.11,997.0,0.20000000298023224,1,0.0,0.0,0,1.0,0.0,0
16:06:36,3537.84,997.0,0.0,1,0.0,0.0,0,1.0,0.0,0
16:06:36,3538.58,1003.0,0.30000001192092896,1,0.0,0.0,0,1.0,0.0,0
16:06:37,3539.32,990.0,0.10000000149011612,1,0.0,0.0,0,1.0,0.0,0
16:06:38,3540.05,1003.0,0.20000000298023224,1,0.0,0.0,0,1.0,0.0,0
16:06:39,3540.79,1005.0,0.10000000149011612,1,0.0,0.0,0,1.0,0.0,0
16:06:39,3541.52,999.0,0.10000000149011612,1,0.0,0.0,0,1.0,0.0,0
16:06:40,3542.26,994.0,0.10000000149011612,1,0.0,0.0,0,1.0,0.0,0
16:06:41,3543.03,987.0,0.0,1,0.0,0.0,0,1.0,0.0,0
16:06:42,3543.75,988.0,0.0,1,0.0,0.0,0,1.0,0.0,0
16:06:42,3544.5,996.0,0.0,1,0.0,0.0,0,1.0,0.0,0
16:06:43,3545.29,996.0,0.20000000298023224,1,0.0,0.0,0,1.0,0.0,0
16:06:44,3546.01,996.0,0.10000000149011612,1,0.0,0.0,0,1.0,0.0,0
16:06:45,3546.74,995.0,0.10000000149011612,1,0.0,0.0,0,1.0,0.0,0
16:06:45,3547.48,997.0,0.10000000149011612,1,0.0,0.0,0,1.0,0.0,0
16:06:46,3548.24,990.0,0.20000000298023224,1,0.0,0.0,0,1.0,0.0,0
16:06:47,3548.98,996.0,0.20000000298023224,1,0.0,0.0,0,1.0,0.0,0
16:06:48,3549.74,999.0,0.30000001192092896,1,0.0,0.0,0,1.0,0.0,0
16:06:48,3550.49,1018.0,0.5,1,0.0,0.0,0,1.0,0.0,0
16:06:49,3551.22,986.0,0.0,1,0.0,0.0,0,1.0,0.0,0
16:06:50,3551.96,985.0,0.0,1,0.0,0.0,0,1.0,0.0,0
16:06:51,3552.68,995.0,0.0,1,0.0,0.0,0,1.0,0.0,0
16:06:51,3553.43,1006.0,0.30000001192092896,1,0.0,0.0,0,1.0,0.0,0
16:06:52,3554.17,1009.0,0.30000001192092896,1,0.0,0.0,0,1.0,0.0,0
16:06:53,3554.91,994.0,0.10000000149011612,1,0.0,0.0,0,1.0,0.0,0
16:06:54,3555.65,990.0,0.10000000149011612,1,0.0,0.0,0,1.0,0.0,0
16:06:54,3556.39,991.0,0.10000000149011612,1,0.0,0.0,0,1.0,0.0,0
16:06:55,3557.12,1013.0,0.20000000298023224,1,0.0,0.0,0,1.0,0.0,0
16:06:56,3557.86,992.0,0.10000000149011612,1,0.0,0.0,0,1.0,0.0,0
16:06:57,3558.64,995.0,0.20000000298023224,1,0.0,0.0,0,1.0,0.0,0
16:06:57,3559.48,993.0,0.10000000149011612,1,0.0,0.0,0,1.0,0.0,0
16:06:58,3560.21,991.0,0.0,1,0.0,0.0,0,1.0,0.0,0
16:06:59,3560.96,994.0,0.10000000149011612,1,0.0,0.0,0,1.0,0.0,0
16:07:00,3561.69,984.0,0.0,1,0.0,0.0,0,1.0,0.0,0
16:07:00,3562.45,998.0,0.20000000298023224,1,0.0,0.0,0,1.0,0.0,0
16:07:01,3563.18,988.0,0.10000000149011612,1,0.0,0.0,0,1.0,0.0,0
16:07:02,3563.9,986.0,0.0,1,0.0,0.0,0,1.0,0.0,0
16:07:03,3564.65,988.0,0.20000000298023224,1,0.0,0.0,0,1.0,0.0,0
16:07:03,3565.39,986.0,0.0,1,0.0,0.0,0,1.0,0.0,0
16:07:04,3566.12,987.0,0.10000000149011612,1,0.0,0.0,0,1.0,0.0,0
16:07:05,3566.88,1002.0,0.20000000298023224,1,0.0,0.0,0,1.0,0.0,0
16:07:05,3567.63,1005.0,0.30000001192092896,1,0.0,0.0,0,1.0,0.0,0
16:07:06,3568.4,987.0,0.0,1,0.0,0.0,0,1.0,0.0,0
16:07:07,3569.13,987.0,0.10000000149011612,1,0.0,0.0,0,1.0,0.0,0
16:07:08,3569.87,995.0,0.10000000149011612,1,0.0,0.0,0,1.0,0.0,0
16:07:08,3570.62,992.0,0.10000000149011612,1,0.0,0.0,0,1.0,0.0,0
16:07:09,3571.35,993.0,0.10000000149011612,1,0.0,0.0,0,1.0,0.0,0
16:07:10,3572.07,993.0,0.10000000149011612,1,0.0,0.0,0,1.0,0.0,0
16:07:11,3572.82,994.0,0.0,1,0.0,0.0,0,1.0,0.0,0
16:07:11,3573.56,997.0,0.0,1,0.0,0.0,0,1.0,0.0,0
16:07:12,3574.31,996.0,0.0,1,0.0,0.0,0,1.0,0.0,0
16:07:13,3575.09,996.0,0.20000000298023224,1,0.0,0.0,0,1.0,0.0,0
16:07:14,3575.81,998.0,0.20000000298023224,1,0.0,0.0,0,1.0,0.0,0
16:07:14,3576.59,986.0,0.0,1,0.0,0.0,0,1.0,0.0,0
16:07:15,3577.33,1006.0,0.30000001192092896,1,0.0,0.0,0,1.0,0.0,0
16:07:16,3578.08,990.0,0.0,1,0.0,0.0,0,1.0,0.0,0
16:07:17,3578.82,994.0,0.0,1,0.0,0.0,0,1.0,0.0,0
16:07:17,3579.58,995.0,0.10000000149011612,1,0.0,0.0,0,1.0,0.0,0
16:07:18,3580.33,1000.0,0.20000000298023224,1,0.0,0.0,0,1.0,0.0,0
16:07:19,3581.07,989.0,0.0,1,0.0,0.0,0,1.0,0.0,0
16:07:20,3581.81,984.0,0.0,1,0.0,0.0,0,1.0,0.0,0
16:07:20,3582.56,997.0,0.10000000149011612,1,0.0,0.0,0,1.0,0.0,0
16:07:21,3583.31,1004.0,0.10000000149011612,1,0.0,0.0,0,1.0,0.0,0
16:07:22,3584.04,998.0,0.10000000149011612,1,0.0,0.0,0,1.0,0.0,0
16:07:23,3584.8,998.0,0.10000000149011612,1,0.0,0.0,0,1.0,0.0,0
16:07:23,3585.54,1001.0,0.30000001192092896,1,0.0,0.0,0,1.0,0.0,0
16:07:24,3586.3,999.0,0.30000001192092896,1,0.0,0.0,0,1.0,0.0,0
16:07:25,3587.08,990.0,0.10000000149011612,1,0.0,0.0,0,1.0,0.0,0
16:07:26,3587.81,991.0,0.0,1,0.0,0.0,0,1.0,0.0,0
16:07:26,3588.56,991.0,0.0,1,0.0,0.0,0,1.0,0.0,0
16:07:27,3589.3,992.0,0.20000000298023224,1,0.0,0.0,0,1.0,0.0,0
16:07:28,3590.02,996.0,0.4000000059604645,1,0.0,0.0,0,1.0,0.0,0
16:07:29,3590.76,993.0,0.20000000298023224,1,0.0,0.0,0,1.0,0.0,0
16:07:29,3591.5,993.0,0.20000000298023224,1,0.0,0.0,0,1.0,0.0,0
16:07:30,3592.24,993.0,0.10000000149011612,1,0.0,0.0,0,1.0,0.0,0
16:07:31,3592.96,1000.0,0.10000000149011612,1,0.0,0.0,0,1.0,0.0,0
16:07:32,3593.7,1000.0,0.10000000149011612,1,0.0,0.0,0,1.0,0.0,0
16:07:32,3594.44,1005.0,0.10000000149011612,1,0.0,0.0,0,1.0,0.0,0
16:07:33,3595.17,998.0,0.10000000149011612,1,0.0,0.0,0,1.0,0.0,0
16:07:34,3595.91,990.0,0.20000000298023224,1,0.0,0.0,0,1.0,0.0,0
16:07:35,3596.64,997.0,0.10000000149011612,1,0.0,0.0,0,1.0,0.0,0
16:07:35,3597.38,1001.0,0.4000000059604645,1,0.0,0.0,0,1.0,0.0,0
16:07:36,3598.1,985.0,0.0,1,0.0,0.0,0,1.0,0.0,0
16:07:37,3598.84,996.0,0.0,1,0.0,0.0,0,1.0,0.0,0
16:07:37,3599.6,996.0,0.0,1,0.0,0.0,0,1.0,0.0,0
16:07:38,3600.37,1015.0,0.30000001192092896,1,0.0,0.0,0,1.0,0.0,0
16:07:39,3601.12,997.0,0.30000001192092896,1,0.0,0.0,0,1.0,0.0,0
16:07:40,3601.86,1004.0,0.30000001192092896,1,0.0,0.0,0,1.0,0.0,0
16:07:40,3602.59,1006.0,0.30000001192092896,1,0.0,0.0,0,1.0,0.0,0
16:07:41,3603.34,997.0,0.20000000298023224,1,0.0,0.0,0,1.0,0.0,0
16:07:42,3604.07,1011.0,0.20000000298023224,1,0.0,0.0,0,1.0,0.0,0
16:07:43,3604.82,998.0,0.20000000298023224,1,0.0,0.0,0,1.0,0.0,0
16:07:43,3605.56,992.0,0.0,1,0.0,0.0,0,1.0,0.0,0
16:07:44,3606.29,993.0,0.10000000149011612,1,0.0,0.0,0,1.0,0.0,0
16:07:45,3607.03,990.0,0.10000000149011612,1,0.0,0.0,0,1.0,0.0,0
16:07:46,3607.78,1007.0,0.10000000149011612,1,0.0,0.0,0,1.0,0.0,0
16:07:46,3608.54,997.0,0.10000000149011612,1,0.0,0.0,0,1.0,0.0,0
16:07:47,3609.34,995.0,0.30000001192092896,1,0.0,0.0,0,1.0,0.0,0
16:07:48,3610.09,988.0,0.0,1,0.0,0.0,0,1.0,0.0,0
16:07:49,3610.86,987.0,0.0,1,0.0,0.0,0,1.0,0.0,0
16:07:49,3611.59,991.0,0.10000000149011612,1,0.0,0.0,0,1.0,0.0,0
16:07:50,3612.36,988.0,0.0,1,0.0,0.0,0,1.0,0.0,0
16:07:51,3613.08,987.0,0.0,1,0.0,0.0,0,1.0,0.0,0
16:07:52,3613.81,997.0,0.0,1,0.0,0.0,0,1.0,0.0,0
16:07:52,3614.53,1002.0,0.0,1,0.0,0.0,0,1.0,0.0,0
16:07:53,3615.27,982.0,0.0,1,0.0,0.0,0,1.0,0.0,0
16:07:54,3615.99,1000.0,0.30000001192092896,1,0.0,0.0,0,1.0,0.0,0
16:07:55,3616.75,994.0,0.10000000149011612,1,0.0,0.0,0,1.0,0.0,0
16:07:55,3617.48,1016.0,0.4000000059604645,1,0.0,0.0,0,1.0,0.0,0
16:07:56,3618.22,997.0,0.10000000149011612,1,0.0,0.0,0,1.0,0.0,0
16:07:57,3618.94,986.0,0.0,1,0.0,0.0,0,1.0,0.0,0
16:07:58,3619.67,993.0,0.0,1,0.0,0.0,0,1.0,0.0,0
16:07:58,3620.44,995.0,0.10000000149011612,1,0.0,0.0,0,1.0,0.0,0
16:07:59,3621.16,994.0,0.10000000149011612,1,0.0,0.0,0,1.0,0.0,0
16:08:00,3621.91,988.0,0.0,1,0.0,0.0,0,1.0,0.0,0
16:08:01,3622.64,1001.0,0.20000000298023224,1,0.0,0.0,0,1.0,0.0,0
16:08:01,3623.39,997.0,0.10000000149011612,1,0.0,0.0,0,1.0,0.0,0
16:08:02,3624.13,994.0,0.20000000298023224,1,0.0,0.0,0,1.0,0.0,0
16:08:03,3624.86,996.0,0.20000000298023224,1,0.0,0.0,0,1.0,0.0,0
16:08:03,3625.6,998.0,0.20000000298023224,1,0.0,0.0,0,1.0,0.0,0
16:08:04,3626.41,994.0,0.20000000298023224,1,0.0,0.0,0,1.0,0.0,0
16:08:05,3627.15,1001.0,0.20000000298023224,1,0.0,0.0,0,1.0,0.0,0
16:08:06,3627.91,997.0,0.20000000298023224,1,0.0,0.0,0,1.0,0.0,0
16:08:07,3628.66,985.0,0.0,1,0.0,0.0,0,1.0,0.0,0
16:08:07,3629.4,994.0,0.0,1,0.0,0.0,0,1.0,0.0,0
16:08:08,3630.13,994.0,0.0,1,0.0,0.0,0,1.0,0.0,0
16:08:09,3630.89,1011.0,0.10000000149011612,1,0.0,0.0,0,1.0,0.0,0
16:08:10,3631.66,992.0,0.0,1,0.0,0.0,0,1.0,0.0,0
16:08:10,3632.43,1000.0,0.10000000149011612,1,0.0,0.0,0,1.0,0.0,0
16:08:11,3633.17,991.0,0.10000000149011612,1,0.0,0.0,0,1.0,0.0,0
16:08:12,3633.93,994.0,0.10000000149011612,1,0.0,0.0,0,1.0,0.0,0
16:08:13,3634.67,998.0,0.10000000149011612,1,0.0,0.0,0,1.0,0.0,0
16:08:13,3635.4,1003.0,0.30000001192092896,1,0.0,0.0,0,1.0,0.0,0
16:08:14,3636.15,1001.0,0.20000000298023224,1,0.0,0.0,0,1.0,0.0,0
16:08:15,3636.87,1011.0,0.699999988079071,1,0.0,0.0,0,1.0,0.0,0
16:08:15,3637.6,1006.0,0.20000000298023224,1,0.0,0.0,0,1.0,0.0,0
16:08:16,3638.38,984.0,0.30000001192092896,1,0.0,0.0,0,1.0,0.0,0
16:08:17,3639.15,989.0,0.0,1,0.0,0.0,0,1.0,0.0,0
16:08:18,3639.91,991.0,0.20000000298023224,1,0.0,0.0,0,1.0,0.0,0
16:08:19,3640.67,987.0,0.10000000149011612,1,0.0,0.0,0,1.0,0.0,0
16:08:19,3641.4,991.0,0.20000000298023224,1,0.0,0.0,0,1.0,0.0,0
16:08:20,3642.19,991.0,0.0,1,0.0,0.0,0,1.0,0.0,0
16:08:21,3642.93,1006.0,0.10000000149011612,1,0.0,0.0,0,1.0,0.0,0
16:08:22,3643.66,997.0,0.20000000298023224,1,0.0,0.0,0,1.0,0.0,0
16:08:22,3644.4,1004.0,0.20000000298023224,1,0.0,0.0,0,1.0,0.0,0
16:08:23,3645.16,1003.0,0.0,1,0.0,0.0,0,1.0,0.0,0
16:08:24,3645.89,997.0,0.10000000149011612,1,0.0,0.0,0,1.0,0.0,0
16:08:25,3646.64,997.0,0.10000000149011612,1,0.0,0.0,0,1.0,0.0,0
16:08:25,3647.36,990.0,0.10000000149011612,1,0.0,0.0,0,1.0,0.0,0
16:08:26,3648.11,990.0,0.10000000149011612,1,0.0,0.0,0,1.0,0.0,0
16:08:27,3648.86,1004.0,0.30000001192092896,1,0.0,0.0,0,1.0,0.0,0
16:08:27,3649.59,996.0,0.10000000149011612,1,0.0,0.0,0,1.0,0.0,0
16:08:28,3650.34,995.0,0.0,1,0.0,0.0,0,1.0,0.0,0
16:08:29,3651.08,981.0,0.0,1,0.0,0.0,0,1.0,0.0,0
16:08:30,3651.83,989.0,0.20000000298023224,1,0.0,0.0,0,1.0,0.0,0
16:08:30,3652.55,999.0,0.20000000298023224,1,0.0,0.0,0,1.0,0.0,0
16:08:31,3653.29,991.0,0.0,1,0.0,0.0,0,1.0,0.0,0
16:08:32,3654.02,992.0,0.0,1,0.0,0.0,0,1.0,0.0,0
16:08:33,3654.78,992.0,0.10000000149011612,1,0.0,0.0,0,1.0,0.0,0
16:08:33,3655.54,995.0,0.0,1,0.0,0.0,0,1.0,0.0,0
16:08:34,3656.31,999.0,0.10000000149011612,1,0.0,0.0,0,1.0,0.0,0
16:08:35,3657.06,1009.0,0.20000000298023224,1,0.0,0.0,0,1.0,0.0,0
16:08:36,3657.79,1012.0,0.30000001192092896,1,0.0,0.0,0,1.0,0.0,0
16:08:36,3658.54,985.0,0.0,1,0.0,0.0,0,1.0,0.0,0
16:08:37,3659.33,993.0,0.0,1,0.0,0.0,0,1.0,0.0,0
16:08:38,3660.06,993.0,0.10000000149011612,1,0.0,0.0,0,1.0,0.0,0
16:08:39,3660.84,994.0,0.10000000149011612,1,0.0,0.0,0,1.0,0.0,0
16:08:39,3661.59,1008.0,0.20000000298023224,1,0.0,0.0,0,1.0,0.0,0
16:08:40,3662.34,991.0,0.0,1,0.0,0.0,0,1.0,0.0,0
16:08:41,3663.07,998.0,0.20000000298023224,1,0.0,0.0,0,1.0,0.0,0
16:08:42,3663.82,983.0,0.20000000298023224,1,0.0,0.0,0,1.0,0.0,0
16:08:42,3664.56,997.0,0.20000000298023224,1,0.0,0.0,0,1.0,0.0,0
16:08:43,3665.34,992.0,0.20000000298023224,1,0.0,0.0,0,1.0,0.0,0
16:08:44,3666.09,993.0,0.30000001192092896,1,0.0,0.0,0,1.0,0.0,0
16:08:45,3666.82,994.0,0.10000000149011612,1,0.0,0.0,0,1.0,0.0,0
16:08:45,3667.6,998.0,0.10000000149011612,1,0.0,0.0,0,1.0,0.0,0
16:08:46,3668.35,1015.0,0.30000001192092896,1,0.0,0.0,0,1.0,0.0,0
16:08:47,3669.12,992.0,0.10000000149011612,1,0.0,0.0,0,1.0,0.0,0
16:08:48,3669.89,991.0,0.10000000149011612,1,0.0,0.0,0,1.0,0.0,0
16:08:49,3670.65,991.0,0.20000000298023224,1,0.0,0.0,0,1.0,0.0,0
16:08:49,3671.41,988.0,0.0,1,0.0,0.0,0,1.0,0.0,0
16:08:50,3672.17,998.0,0.20000000298023224,1,0.0,0.0,0,1.0,0.0,0
16:08:51,3672.93,992.0,0.20000000298023224,1,0.0,0.0,0,1.0,0.0,0
16:08:52,3673.7,990.0,0.0,1,0.0,0.0,0,1.0,0.0,0
16:08:52,3674.47,996.0,0.30000001192092896,1,0.0,0.0,0,1.0,0.0,0
16:08:53,3675.23,994.0,0.20000000298023224,1,0.0,0.0,0,1.0,0.0,0
16:08:54,3675.96,995.0,0.20000000298023224,1,0.0,0.0,0,1.0,0.0,0
16:08:55,3676.69,995.0,0.10000000149011612,1,0.0,0.0,0,1.0,0.0,0
16:08:55,3677.42,1002.0,0.20000000298023224,1,0.0,0.0,0,1.0,0.0,0
16:08:56,3678.15,994.0,0.20000000298023224,1,0.0,0.0,0,1.0,0.0,0
16:08:57,3678.9,992.0,0.0,1,0.0,0.0,0,1.0,0.0,0
16:08:57,3679.62,997.0,0.20000000298023224,1,0.0,0.0,0,1.0,0.0,0
16:08:58,3680.41,979.0,0.0,1,0.0,0.0,0,1.0,0.0,0
16:08:59,3681.15,994.0,0.0,1,0.0,0.0,0,1.0,0.0,0
16:09:00,3681.92,993.0,0.10000000149011612,1,0.0,0.0,0,1.0,0.0,0
16:09:01,3682.7,1000.0,0.30000001192092896,1,0.0,0.0,0,1.0,0.0,0
16:09:01,3683.45,995.0,0.10000000149011612,1,0.0,0.0,0,1.0,0.0,0
16:09:02,3684.18,1006.0,0.10000000149011612,1,0.0,0.0,0,1.0,0.0,0
16:09:03,3684.94,1014.0,0.20000000298023224,1,0.0,0.0,0,1.0,0.0,0
16:09:04,3685.7,994.0,0.20000000298023224,1,0.0,0.0,0,1.0,0.0,0
16:09:04,3686.49,1007.0,0.20000000298023224,1,0.0,0.0,0,1.0,0.0,0
16:09:05,3687.25,1003.0,0.20000000298023224,1,0.0,0.0,0,1.0,0.0,0
16:09:06,3688.02,994.0,0.0,1,0.0,0.0,0,1.0,0.0,0
16:09:07,3688.77,993.0,0.0,1,0.0,0.0,0,1.0,0.0,0
16:09:07,3689.54,1003.0,0.10000000149011612,1,0.0,0.0,0,1.0,0.0,0
16:09:08,3690.31,999.0,0.20000000298023224,1,0.0,0.0,0,1.0,0.0,0
16:09:09,3691.04,999.0,0.20000000298023224,1,0.0,0.0,0,1.0,0.0,0
16:09:10,3691.8,991.0,0.0,1,0.0,0.0,0,1.0,0.0,0
16:09:10,3692.54,990.0,0.0,1,0.0,0.0,0,1.0,0.0,0
16:09:11,3693.32,990.0,0.0,1,0.0,0.0,0,1.0,0.0,0
16:09:12,3694.08,1001.0,0.10000000149011612,1,0.0,0.0,0,1.0,0.0,0
16:09:13,3694.84,1006.0,0.4000000059604645,1,0.0,0.0,0,1.0,0.0,0
16:09:13,3695.62,1005.0,0.30000001192092896,1,0.0,0.0,0,1.0,0.0,0
16:09:14,3696.34,992.0,0.20000000298023224,1,0.0,0.0,0,1.0,0.0,0
16:09:15,3697.07,997.0,0.20000000298023224,1,0.0,0.0,0,1.0,0.0,0
16:09:16,3697.81,994.0,0.0,1,0.0,0.0,0,1.0,0.0,0
16:09:16,3698.54,992.0,0.10000000149011612,1,0.0,0.0,0,1.0,0.0,0
16:09:17,3699.28,995.0,0.10000000149011612,1,0.0,0.0,0,1.0,0.0,0
16:09:18,3700.01,984.0,0.0,1,0.0,0.0,0,1.0,0.0,0
16:09:19,3700.76,985.0,0.0,1,0.0,0.0,0,1.0,0.0,0
16:09:19,3701.5,985.0,0.0,1,0.0,0.0,0,1.0,0.0,0
16:09:20,3702.24,994.0,0.0,1,0.0,0.0,0,1.0,0.0,0
16:09:21,3702.96,990.0,0.0,1,0.0,0.0,0,1.0,0.0,0
16:09:22,3703.71,991.0,0.10000000149011612,1,0.0,0.0,0,1.0,0.0,0
16:09:22,3704.48,1012.0,0.10000000149011612,1,0.0,0.0,0,1.0,0.0,0
16:09:23,3705.21,1000.0,0.0,1,0.0,0.0,0,1.0,0.0,0
16:09:24,3705.96,1096.0,0.30000001192092896,1,0.0,0.0,0,1.0,0.0,0
16:09:25,3706.72,1000.0,0.0,1,0.0,0.0,0,1.0,0.0,0
16:09:25,3707.44,1017.0,0.0,1,0.0,0.0,0,1.0,0.0,0
16:09:26,3708.18,1036.0,0.0,1,0.0,0.0,0,1.0,0.0,0
16:09:27,3708.91,1031.0,0.20000000298023224,1,0.0,0.0,0,1.0,0.0,0
16:09:28,3709.64,1063.0,0.5,1,0.0,0.0,0,1.0,0.0,0
16:09:28,3710.42,1063.0,0.10000000149011612,1,0.0,0.0,0,1.0,0.0,0
16:09:29,3711.18,1043.0,0.0,1,0.0,0.0,0,1.0,0.0,0
16:09:30,3711.93,1061.0,0.0,1,0.0,0.0,0,1.0,0.0,0
16:09:31,3712.67,1080.0,0.0,1,0.0,0.0,0,1.0,0.0,0
16:09:31,3713.4,1082.0,0.10000000149011612,1,0.0,0.0,0,1.0,0.0,0
16:09:32,3714.14,1078.0,0.10000000149011612,1,0.0,0.0,0,1.0,0.0,0
16:09:33,3714.88,1099.0,0.0,1,0.0,0.0,0,1.0,0.0,0
16:09:33,3715.62,1099.0,0.0,1,0.0,0.0,0,1.0,0.0,0
16:09:34,3716.36,1121.0,0.0,1,0.0,0.0,0,1.0,0.0,0
16:09:35,3717.1,1124.0,0.0,1,0.0,0.0,0,1.0,0.0,0
16:09:36,3717.84,1121.0,0.0,1,0.0,0.0,0,1.0,0.0,0
16:09:36,3718.58,1125.0,0.0,1,0.0,0.0,0,1.0,0.0,0
16:09:37,3719.33,1138.0,0.0,1,0.0,0.0,0,1.0,0.0,0
16:09:38,3720.06,1145.0,0.0,1,0.0,0.0,0,1.0,0.0,0
16:09:39,3720.8,1147.0,0.0,1,0.0,0.0,0,1.0,0.0,0
16:09:39,3721.54,1147.0,0.0,1,0.0,0.0,0,1.0,0.0,0
16:09:40,3722.3,1147.0,0.0,1,0.0,0.0,0,1.0,0.0,0
16:09:41,3723.03,1164.0,0.0,1,0.0,0.0,0,1.0,0.0,0
16:09:42,3723.78,1171.0,0.0,1,0.0,0.0,0,1.0,0.0,0
16:09:42,3724.52,1175.0,0.0,1,0.0,0.0,0,1.0,0.0,0
16:09:43,3725.27,1189.0,0.0,1,0.0,0.0,0,1.0,0.0,0
16:09:44,3726.01,1193.0,0.0,1,0.0,0.0,0,1.0,0.0,0
16:09:45,3726.75,1206.0,0.0,1,0.0,0.0,0,1.0,0.0,0
16:09:45,3727.51,1212.0,0.0,1,0.0,0.0,0,1.0,0.0,0
16:09:46,3728.23,1218.0,0.0,1,0.0,0.0,0,1.0,0.0,0
16:09:47,3728.98,1216.0,0.0,1,0.0,0.0,0,1.0,0.0,0
16:09:48,3729.71,1225.0,0.0,1,0.0,0.0,0,1.0,0.0,0
16:09:48,3730.48,1235.0,0.0,1,0.0,0.0,0,1.0,0.0,0
16:09:49,3731.2,1235.0,0.0,1,0.0,0.0,0,1.0,0.0,0
16:09:50,3731.93,1245.0,0.0,1,0.0,0.0,0,1.0,0.0,0
16:09:51,3732.67,1252.0,0.0,1,0.0,0.0,0,1.0,0.0,0
16:09:51,3733.4,1248.0,0.0,1,0.0,0.0,0,1.0,0.0,0
16:09:52,3734.13,1267.0,0.0,1,0.0,0.0,0,1.0,0.0,0
16:09:53,3734.9,1277.0,0.0,1,0.0,0.0,0,1.0,0.0,0
16:09:54,3735.64,1282.0,0.0,1,0.0,0.0,0,1.0,0.0,0
16:09:54,3736.39,1279.0,0.0,1,0.0,0.0,0,1.0,0.0,0
16:09:55,3737.14,1295.0,0.0,1,0.0,0.0,0,1.0,0.0,0
16:09:56,3737.88,1296.0,0.0,1,0.0,0.0,0,1.0,0.0,0
16:09:56,3738.61,1297.0,0.0,1,0.0,0.0,0,1.0,0.0,0
16:09:57,3739.37,1314.0,0.0,1,0.0,0.0,0,1.0,0.0,0
16:09:58,3740.1,1307.0,0.0,1,0.0,0.0,0,1.0,0.0,0
16:09:59,3740.86,1317.0,0.0,1,0.0,0.0,0,1.0,0.0,0
16:09:59,3741.59,1322.0,0.0,1,0.0,0.0,0,1.0,0.0,0
16:10:00,3742.35,1337.0,0.0,1,0.0,0.0,0,1.0,0.0,0
16:10:01,3743.09,1329.0,0.0,1,0.0,0.0,0,1.0,0.0,0
16:10:02,3743.82,1338.0,0.0,1,0.0,0.0,0,1.0,0.0,0
16:10:02,3744.54,1339.0,0.0,1,0.0,0.0,0,1.0,0.0,0
16:10:03,3745.29,1350.0,0.0,1,0.0,0.0,0,1.0,0.0,0
16:10:04,3746.03,1346.0,0.0,1,0.0,0.0,0,1.0,0.0,0
16:10:05,3746.79,1357.0,0.0,1,0.0,0.0,0,1.0,0.0,0
16:10:05,3747.53,1367.0,0.0,1,0.0,0.0,0,1.0,0.0,0
16:10:06,3748.28,1359.0,0.0,1,0.0,0.0,0,1.0,0.0,0
16:10:07,3749.01,1378.0,0.10000000149011612,1,0.0,0.0,0,1.0,0.0,0
16:10:08,3749.74,1401.0,0.0,1,0.0,0.0,0,1.0,0.0,0
16:10:08,3750.49,1378.0,0.0,1,0.0,0.0,0,1.0,0.0,0
16:10:09,3751.22,1373.0,0.0,1,0.0,0.0,0,1.0,0.0,0
16:10:10,3751.97,1387.0,0.0,1,0.0,0.0,0,1.0,0.0,0
16:10:11,3752.7,1433.0,0.0,1,0.0,0.0,0,1.0,0.0,0
16:10:11,3753.45,1432.0,0.0,1,0.0,0.0,0,1.0,0.0,0
16:10:12,3754.18,1460.0,0.20000000298023224,1,0.0,0.0,0,1.0,0.0,0
16:10:13,3754.92,1454.0,0.0,1,0.0,0.0,0,1.0,0.0,0
16:10:14,3755.66,1460.0,0.10000000149011612,1,0.0,0.0,0,1.0,0.0,0
16:10:14,3756.38,1466.0,0.0,1,0.0,0.0,0,1.0,0.0,0
16:10:15,3757.11,1478.0,0.0,1,0.0,0.0,0,1.0,0.0,0
16:10:16,3757.88,1477.0,0.10000000149011612,1,0.0,0.0,0,1.0,0.0,0
16:10:16,3758.61,1504.0,0.20000000298023224,1,0.0,0.0,0,1.0,0.0,0
16:10:17,3759.37,1492.0,0.20000000298023224,1,0.0,0.0,0,1.0,0.0,0
16:10:18,3760.1,1496.0,0.20000000298023224,1,0.0,0.0,0,1.0,0.0,0
16:10:19,3760.86,1520.0,0.20000000298023224,1,0.0,0.0,0,1.0,0.0,0
16:10:20,3761.65,1524.0,0.4000000059604645,1,0.0,0.0,0,1.0,0.0,0
16:10:20,3762.39,1541.0,0.10000000149011612,1,0.0,0.0,0,1.0,0.0,0
16:10:21,3763.12,1553.0,0.20000000298023224,1,0.0,0.0,0,1.0,0.0,0
16:10:22,3763.88,1560.0,0.30000001192092896,1,0.0,0.0,0,1.0,0.0,0
16:10:22,3764.61,1566.0,0.20000000298023224,1,0.0,0.0,0,1.0,0.0,0
16:10:23,3765.41,1564.0,0.20000000298023224,1,0.0,0.0,0,1.0,0.0,0
16:10:24,3766.15,1569.0,0.0,1,0.0,0.0,0,1.0,0.0,0
16:10:25,3766.91,1590.0,0.4000000059604645,1,0.0,0.0,0,1.0,0.0,0
16:10:26,3767.66,1582.0,0.20000000298023224,1,0.0,0.0,0,1.0,0.0,0
16:10:26,3768.4,1593.0,0.10000000149011612,1,0.0,0.0,0,1.0,0.0,0
16:10:27,3769.12,1605.0,0.30000001192092896,1,0.0,0.0,0,1.0,0.0,0
16:10:28,3769.86,1611.0,0.30000001192092896,1,0.0,0.0,0,1.0,0.0,0
16:10:28,3770.63,1611.0,0.20000000298023224,1,0.0,0.0,0,1.0,0.0,0
16:10:29,3771.35,1634.0,0.4000000059604645,1,0.0,0.0,0,1.0,0.0,0
16:10:30,3772.11,1641.0,0.30000001192092896,1,0.0,0.0,0,1.0,0.0,0
16:10:31,3772.85,1643.0,0.20000000298023224,1,0.0,0.0,0,1.0,0.0,0
16:10:31,3773.59,1652.0,0.30000001192092896,1,0.0,0.0,0,1.0,0.0,0
16:10:32,3774.34,1658.0,0.20000000298023224,1,0.0,0.0,0,1.0,0.0,0
16:10:33,3775.08,1669.0,0.4000000059604645,1,0.0,0.0,0,1.0,0.0,0
16:10:34,3775.82,1675.0,0.4000000059604645,1,0.0,0.0,0,1.0,0.0,0
16:10:34,3776.54,1680.0,0.30000001192092896,1,0.0,0.0,0,1.0,0.0,0
16:10:35,3777.27,1684.0,0.30000001192092896,1,0.0,0.0,0,1.0,0.0,0
16:10:36,3778.01,1690.0,0.30000001192092896,1,0.0,0.0,0,1.0,0.0,0
16:10:37,3778.75,1695.0,0.30000001192092896,1,0.0,0.0,0,1.0,0.0,0
16:10:37,3779.48,1709.0,0.4000000059604645,1,0.0,0.0,0,1.0,0.0,0
16:10:38,3780.23,1707.0,0.30000001192092896,1,0.0,0.0,0,1.0,0.0,0
16:10:39,3780.96,1732.0,0.30000001192092896,1,0.0,0.0,0,1.0,0.0,0
16:10:40,3781.7,1735.0,0.30000001192092896,1,0.0,0.0,0,1.0,0.0,0
16:10:40,3782.46,1741.0,0.30000001192092896,1,0.0,0.0,0,1.0,0.0,0
16:10:41,3783.22,1752.0,0.4000000059604645,1,0.0,0.0,0,1.0,0.0,0
16:10:42,3783.95,1754.0,0.30000001192092896,1,0.0,0.0,0,1.0,0.0,0
16:10:43,3784.69,1764.0,0.4000000059604645,1,0.0,0.0,0,1.0,0.0,0
16:10:43,3785.42,1767.0,0.4000000059604645,1,0.0,0.0,0,1.0,0.0,0
16:10:44,3786.15,1774.0,0.4000000059604645,1,0.0,0.0,0,1.0,0.0,0
16:10:45,3786.89,1781.0,0.4000000059604645,1,0.0,0.0,0,1.0,0.0,0
16:10:45,3787.63,1788.0,0.4000000059604645,1,0.0,0.0,0,1.0,0.0,0
16:10:46,3788.37,1790.0,0.4000000059604645,1,0.0,0.0,0,1.0,0.0,0
16:10:47,3789.1,1800.0,0.4000000059604645,1,0.0,0.0,0,1.0,0.0,0
16:10:48,3789.82,1813.0,0.30000001192092896,1,0.0,0.0,0,1.0,0.0,0
16:10:48,3790.55,1817.0,0.30000001192092896,1,0.0,0.0,0,1.0,0.0,0
16:10:49,3791.28,1833.0,0.30000001192092896,1,0.0,0.0,0,1.0,0.0,0
16:10:50,3792.04,1837.0,0.30000001192092896,1,0.0,0.0,0,1.0,0.0,0
16:10:51,3792.8,1843.0,0.30000001192092896,1,0.0,0.0,0,1.0,0.0,0
16:10:51,3793.57,1846.0,0.30000001192092896,1,0.0,0.0,0,1.0,0.0,0
16:10:52,3794.31,1854.0,0.20000000298023224,1,0.0,0.0,0,1.0,0.0,0
16:10:53,3795.05,1864.0,0.4000000059604645,1,0.0,0.0,0,1.0,0.0,0
16:10:54,3795.79,1867.0,0.30000001192092896,1,0.0,0.0,0,1.0,0.0,0
16:10:54,3796.55,1876.0,0.30000001192092896,1,0.0,0.0,0,1.0,0.0,0
16:10:55,3797.28,1881.0,0.30000001192092896,1,0.0,0.0,0,1.0,0.0,0
16:10:56,3798.02,1887.0,0.30000001192092896,1,0.0,0.0,0,1.0,0.0,0
16:10:57,3798.76,1899.0,0.30000001192092896,1,0.0,0.0,0,1.0,0.0,0
16:10:57,3799.5,1905.0,0.30000001192092896,1,0.0,0.0,0,1.0,0.0,0
16:10:58,3800.23,1918.0,0.4000000059604645,1,0.0,0.0,0,1.0,0.0,0
16:10:59,3800.96,1925.0,0.4000000059604645,1,0.0,0.0,0,1.0,0.0,0
16:11:00,3801.7,1930.0,0.4000000059604645,1,0.0,0.0,0,1.0,0.0,0
16:11:00,3802.44,1939.0,0.4000000059604645,1,0.0,0.0,0,1.0,0.0,0
16:11:01,3803.19,1947.0,0.5,1,0.0,0.0,0,1.0,0.0,0
16:11:02,3803.92,1946.0,0.20000000298023224,1,0.0,0.0,0,1.0,0.0,0
16:11:03,3804.65,1955.0,0.30000001192092896,1,0.0,0.0,0,1.0,0.0,0
16:11:03,3805.39,1961.0,0.30000001192092896,1,0.0,0.0,0,1.0,0.0,0
16:11:04,3806.12,1968.0,0.30000001192092896,1,0.0,0.0,0,1.0,0.0,0
16:11:05,3806.87,1976.0,0.4000000059604645,1,0.0,0.0,0,1.0,0.0,0
16:11:05,3807.6,1980.0,0.4000000059604645,1,0.0,0.0,0,1.0,0.0,0
16:11:06,3808.34,1992.0,0.4000000059604645,1,0.0,0.0,0,1.0,0.0,0
16:11:07,3809.06,1999.0,0.30000001192092896,1,0.0,0.0,0,1.0,0.0,0
16:11:08,3809.8,2000.0,0.4000000059604645,1,0.0,0.0,0,1.0,0.0,0
16:11:08,3810.61,2003.0,0.4000000059604645,1,0.0,0.0,0,1.0,0.0,0
16:11:09,3811.34,1999.0,0.4000000059604645,1,0.0,0.0,0,1.0,0.0,0
16:11:10,3812.08,2001.0,0.4000000059604645,1,0.0,0.0,0,1.0,0.0,0
16:11:11,3812.81,2000.0,0.4000000059604645,1,0.0,0.0,0,1.0,0.0,0
16:11:11,3813.54,2000.0,0.4000000059604645,1,0.0,0.0,0,1.0,0.0,0
16:11:12,3814.28,2000.0,0.4000000059604645,1,0.0,0.0,0,1.0,0.0,0
16:11:13,3815.01,2002.0,0.4000000059604645,1,0.0,0.0,0,1.0,0.0,0
16:11:14,3815.77,2001.0,0.4000000059604645,1,0.0,0.0,0,1.0,0.0,0
16:11:14,3816.5,2000.0,0.4000000059604645,1,0.0,0.0,0,1.0,0.0,0
16:11:15,3817.26,2000.0,0.4000000059604645,1,0.0,0.0,0,1.0,0.0,0
16:11:16,3817.99,2001.0,0.4000000059604645,1,0.0,0.0,0,1.0,0.0,0
16:11:17,3818.72,2000.0,0.30000001192092896,1,0.0,0.0,0,1.0,0.0,0
16:11:17,3819.48,2001.0,0.4000000059604645,1,0.0,0.0,0,1.0,0.0,0
16:11:18,3820.21,2000.0,0.4000000059604645,1,0.0,0.0,0,1.0,0.0,0
16:11:19,3820.95,2001.0,0.4000000059604645,1,0.0,0.0,0,1.0,0.0,0
16:11:20,3821.69,2000.0,0.4000000059604645,1,0.0,0.0,0,1.0,0.0,0
16:11:20,3822.42,2002.0,0.4000000059604645,1,0.0,0.0,0,1.0,0.0,0
16:11:21,3823.15,2000.0,0.4000000059604645,1,0.0,0.0,0,1.0,0.0,0
16:11:22,3823.89,2001.0,0.4000000059604645,1,0.0,0.0,0,1.0,0.0,0
16:11:23,3824.65,2000.0,0.4000000059604645,1,0.0,0.0,0,1.0,0.0,0
16:11:23,3825.38,2001.0,0.4000000059604645,1,0.0,0.0,0,1.0,0.0,0
16:11:24,3826.12,2001.0,0.4000000059604645,1,0.0,0.0,0,1.0,0.0,0
16:11:25,3826.89,2002.0,0.4000000059604645,1,0.0,0.0,0,1.0,0.0,0
16:11:26,3827.65,2001.0,0.4000000059604645,1,0.0,0.0,0,1.0,0.0,0
16:11:26,3828.4,2000.0,0.4000000059604645,1,0.0,0.0,0,1.0,0.0,0
16:11:27,3829.12,2000.0,0.4000000059604645,1,0.0,0.0,0,1.0,0.0,0
16:11:28,3829.88,2001.0,0.4000000059604645,1,0.0,0.0,0,1.0,0.0,0
16:11:28,3830.6,1999.0,0.30000001192092896,1,0.0,0.0,0,1.0,0.0,0
16:11:29,3831.35,2000.0,0.30000001192092896,1,0.0,0.0,0,1.0,0.0,0
16:11:30,3832.08,2000.0,0.30000001192092896,1,0.0,0.0,0,1.0,0.0,0
16:11:31,3832.83,2000.0,0.30000001192092896,1,0.0,0.0,0,1.0,0.0,0
16:11:31,3833.59,2000.0,0.4000000059604645,1,0.0,0.0,0,1.0,0.0,0
16:11:32,3834.32,2000.0,0.4000000059604645,1,0.0,0.0,0,1.0,0.0,0
16:11:33,3835.07,2000.0,0.4000000059604645,1,0.0,0.0,0,1.0,0.0,0
16:11:34,3835.8,2000.0,0.4000000059604645,1,0.0,0.0,0,1.0,0.0,0
16:11:34,3836.54,2000.0,0.4000000059604645,1,0.0,0.0,0,1.0,0.0,0
16:11:35,3837.33,2000.0,0.4000000059604645,1,0.0,0.0,0,1.0,0.0,0
16:11:36,3838.06,2000.0,0.4000000059604645,1,0.0,0.0,0,1.0,0.0,0
16:11:37,3838.8,2002.0,0.4000000059604645,1,0.0,0.0,0,1.0,0.0,0
16:11:37,3839.54,2001.0,0.4000000059604645,1,0.0,0.0,0,1.0,0.0,0
16:11:38,3840.27,2000.0,0.4000000059604645,1,0.0,0.0,0,1.0,0.0,0
16:11:39,3840.99,2000.0,0.4000000059604645,1,0.0,0.0,0,1.0,0.0,0
16:11:40,3841.73,2000.0,0.4000000059604645,1,0.0,0.0,0,1.0,0.0,0
16:11:40,3842.46,2001.0,0.4000000059604645,1,0.0,0.0,0,1.0,0.0,0
16:11:41,3843.2,2001.0,0.4000000059604645,1,0.0,0.0,0,1.0,0.0,0
16:11:42,3843.94,1999.0,0.4000000059604645,1,0.0,0.0,0,1.0,0.0,0
16:11:43,3844.69,2001.0,0.4000000059604645,1,0.0,0.0,0,1.0,0.0,0
16:11:43,3845.42,2000.0,0.4000000059604645,1,0.0,0.0,0,1.0,0.0,0
16:11:44,3846.18,2001.0,0.4000000059604645,1,0.0,0.0,0,1.0,0.0,0
16:11:45,3846.92,2001.0,0.4000000059604645,1,0.0,0.0,0,1.0,0.0,0
16:11:46,3847.69,2002.0,0.4000000059604645,1,0.0,0.0,0,1.0,0.0,0
16:11:46,3848.44,1999.0,0.4000000059604645,1,0.0,0.0,0,1.0,0.0,0
16:11:47,3849.17,2001.0,0.4000000059604645,1,0.0,0.0,0,1.0,0.0,0
16:11:48,3849.9,2000.0,0.30000001192092896,1,0.0,0.0,0,1.0,0.0,0
16:11:49,3850.65,2000.0,0.30000001192092896,1,0.0,0.0,0,1.0,0.0,0
16:11:49,3851.4,1999.0,0.30000001192092896,1,0.0,0.0,0,1.0,0.0,0
16:11:50,3852.14,2001.0,0.30000001192092896,1,0.0,0.0,0,1.0,0.0,0
16:11:51,3852.87,2000.0,0.30000001192092896,1,0.0,0.0,0,1.0,0.0,0
16:11:51,3853.59,1999.0,0.30000001192092896,1,0.0,0.0,0,1.0,0.0,0
16:11:52,3854.36,2000.0,0.30000001192092896,1,0.0,0.0,0,1.0,0.0,0
16:11:53,3855.1,2001.0,0.30000001192092896,1,0.0,0.0,0,1.0,0.0,0
16:11:54,3855.82,2001.0,0.30000001192092896,1,0.0,0.0,0,1.0,0.0,0
16:11:54,3856.58,2000.0,0.4000000059604645,1,0.0,0.0,0,1.0,0.0,0
16:11:55,3857.33,2001.0,0.4000000059604645,1,0.0,0.0,0,1.0,0.0,0
16:11:56,3858.06,2001.0,0.4000000059604645,1,0.0,0.0,0,1.0,0.0,0
16:11:57,3858.8,2001.0,0.4000000059604645,1,0.0,0.0,0,1.0,0.0,0
16:11:57,3859.53,2001.0,0.4000000059604645,1,0.0,0.0,0,1.0,0.0,0
16:11:58,3860.32,2002.0,0.4000000059604645,1,0.0,0.0,0,1.0,0.0,0
16:11:59,3861.09,2000.0,0.4000000059604645,1,0.0,0.0,0,1.0,0.0,0
16:12:00,3861.93,2001.0,0.4000000059604645,1,0.0,0.0,0,1.0,0.0,0
16:12:01,3862.69,2001.0,0.4000000059604645,1,0.0,0.0,0,1.0,0.0,0
16:12:01,3863.46,2000.0,0.4000000059604645,1,0.0,0.0,0,1.0,0.0,0
16:12:02,3864.23,2000.0,0.4000000059604645,1,0.0,0.0,0,1.0,0.0,0
16:12:03,3864.95,2001.0,0.4000000059604645,1,0.0,0.0,0,1.0,0.0,0
16:12:04,3865.68,2001.0,0.4000000059604645,1,0.0,0.0,0,1.0,0.0,0
16:12:04,3866.42,1999.0,0.30000001192092896,1,0.0,0.0,0,1.0,0.0,0
16:12:05,3867.15,2001.0,0.4000000059604645,1,0.0,0.0,0,1.0,0.0,0
16:12:06,3867.88,2001.0,0.4000000059604645,1,0.0,0.0,0,1.0,0.0,0
16:12:06,3868.61,2001.0,0.4000000059604645,1,0.0,0.0,0,1.0,0.0,0
16:12:07,3869.36,1999.0,0.4000000059604645,1,0.0,0.0,0,1.0,0.0,0
16:12:08,3870.13,2000.0,0.4000000059604645,1,0.0,0.0,0,1.0,0.0,0
16:12:09,3870.87,2001.0,0.4000000059604645,1,0.0,0.0,0,1.0,0.0,0
16:12:09,3871.63,2001.0,0.30000001192092896,1,0.0,0.0,0,1.0,0.0,0
16:12:10,3872.38,1999.0,0.30000001192092896,1,0.0,0.0,0,1.0,0.0,0
16:12:11,3873.12,2001.0,0.30000001192092896,1,0.0,0.0,0,1.0,0.0,0
16:12:12,3873.86,2001.0,0.4000000059604645,1,0.0,0.0,0,1.0,0.0,0
16:12:12,3874.61,2001.0,0.4000000059604645,1,0.0,0.0,0,1.0,0.0,0
16:12:13,3875.34,2001.0,0.4000000059604645,1,0.0,0.0,0,1.0,0.0,0
16:12:14,3876.06,2000.0,0.30000001192092896,1,0.0,0.0,0,1.0,0.0,0
16:12:15,3876.8,2001.0,0.30000001192092896,1,0.0,0.0,0,1.0,0.0,0
16:12:15,3877.52,2001.0,0.30000001192092896,1,0.0,0.0,0,1.0,0.0,0
16:12:16,3878.27,2000.0,0.30000001192092896,1,0.0,0.0,0,1.0,0.0,0
16:12:17,3879.0,2001.0,0.30000001192092896,1,0.0,0.0,0,1.0,0.0,0
16:12:18,3879.75,2001.0,0.30000001192092896,1,0.0,0.0,0,1.0,0.0,0
16:12:18,3880.48,2000.0,0.30000001192092896,1,0.0,0.0,0,1.0,0.0,0
16:12:19,3881.23,2000.0,0.4000000059604645,1,0.0,0.0,0,1.0,0.0,0
16:12:20,3882.0,2001.0,0.4000000059604645,1,0.0,0.0,0,1.0,0.0,0
16:12:21,3882.74,1999.0,0.4000000059604645,1,0.0,0.0,0,1.0,0.0,0
16:12:21,3883.5,2002.0,0.4000000059604645,1,0.0,0.0,0,1.0,0.0,0
16:12:22,3884.24,2000.0,0.30000001192092896,1,0.0,0.0,0,1.0,0.0,0
16:12:23,3884.96,2000.0,0.4000000059604645,1,0.0,0.0,0,1.0,0.0,0
16:12:24,3885.69,2000.0,0.4000000059604645,1,0.0,0.0,0,1.0,0.0,0
16:12:24,3886.43,2001.0,0.4000000059604645,1,0.0,0.0,0,1.0,0.0,0
16:12:25,3887.17,2000.0,0.4000000059604645,1,0.0,0.0,0,1.0,0.0,0
16:12:26,3887.91,2001.0,0.4000000059604645,1,0.0,0.0,0,1.0,0.0,0
16:12:27,3888.66,2001.0,0.4000000059604645,1,0.0,0.0,0,1.0,0.0,0
16:12:27,3889.4,2000.0,0.4000000059604645,1,0.0,0.0,0,1.0,0.0,0
16:12:28,3890.13,2001.0,0.4000000059604645,1,0.0,0.0,0,1.0,0.0,0
16:12:29,3890.85,2001.0,0.30000001192092896,1,0.0,0.0,0,1.0,0.0,0
16:12:29,3891.62,2001.0,0.30000001192092896,1,0.0,0.0,0,1.0,0.0,0
16:12:30,3892.37,2001.0,0.30000001192092896,1,0.0,0.0,0,1.0,0.0,0
16:12:31,3893.1,2001.0,0.4000000059604645,1,0.0,0.0,0,1.0,0.0,0
16:12:32,3893.84,2000.0,0.30000001192092896,1,0.0,0.0,0,1.0,0.0,0
16:12:32,3894.58,2000.0,0.30000001192092896,1,0.0,0.0,0,1.0,0.0,0
16:12:33,3895.32,2001.0,0.30000001192092896,1,0.0,0.0,0,1.0,0.0,0
16:12:34,3896.05,2001.0,0.30000001192092896,1,0.0,0.0,0,1.0,0.0,0
16:12:35,3896.78,2000.0,0.30000001192092896,1,0.0,0.0,0,1.0,0.0,0
16:12:35,3897.61,2002.0,0.4000000059604645,1,0.0,0.0,0,1.0,0.0,0
16:12:36,3898.38,2000.0,0.4000000059604645,1,0.0,0.0,0,1.0,0.0,0
16:12:37,3899.1,2001.0,0.4000000059604645,1,0.0,0.0,0,1.0,0.0,0
16:12:38,3899.84,2001.0,0.4000000059604645,1,0.0,0.0,0,1.0,0.0,0
16:12:38,3900.59,2001.0,0.4000000059604645,1,0.0,0.0,0,1.0,0.0,0
16:12:39,3901.33,2002.0,0.4000000059604645,1,0.0,0.0,0,1.0,0.0,0
16:12:40,3902.06,2002.0,0.4000000059604645,1,0.0,0.0,0,1.0,0.0,0
16:12:41,3902.79,2002.0,0.4000000059604645,1,0.0,0.0,0,1.0,0.0,0
16:12:41,3903.52,2002.0,0.4000000059604645,1,0.0,0.0,0,1.0,0.0,0
16:12:42,3904.26,2001.0,0.4000000059604645,1,0.0,0.0,0,1.0,0.0,0
16:12:43,3905.04,1999.0,0.4000000059604645,1,0.0,0.0,0,1.0,0.0,0
16:12:44,3905.77,2002.0,0.4000000059604645,1,0.0,0.0,0,1.0,0.0,0
16:12:44,3906.52,2002.0,0.4000000059604645,1,0.0,0.0,0,1.0,0.0,0
16:12:45,3907.3,2000.0,0.4000000059604645,1,0.0,0.0,0,1.0,0.0,0
16:12:46,3908.03,2001.0,0.4000000059604645,1,0.0,0.0,0,1.0,0.0,0
16:12:47,3908.76,2001.0,0.4000000059604645,1,0.0,0.0,0,1.0,0.0,0
16:12:47,3909.53,2000.0,0.4000000059604645,1,0.0,0.0,0,1.0,0.0,0
16:12:48,3910.29,2001.0,0.30000001192092896,1,0.0,0.0,0,1.0,0.0,0
16:12:49,3911.02,1999.0,0.30000001192092896,1,0.0,0.0,0,1.0,0.0,0
16:12:50,3911.76,2001.0,0.30000001192092896,1,0.0,0.0,0,1.0,0.0,0
16:12:50,3912.49,2001.0,0.30000001192092896,1,0.0,0.0,0,1.0,0.0,0
16:12:51,3913.22,1999.0,0.30000001192092896,1,0.0,0.0,0,1.0,0.0,0
16:12:52,3914.0,2002.0,0.30000001192092896,1,0.0,0.0,0,1.0,0.0,0
16:12:53,3914.76,2001.0,0.30000001192092896,1,0.0,0.0,0,1.0,0.0,0
16:12:53,3915.52,2001.0,0.30000001192092896,1,0.0,0.0,0,1.0,0.0,0
16:12:54,3916.27,2001.0,0.4000000059604645,1,0.0,0.0,0,1.0,0.0,0
16:12:55,3917.05,2001.0,0.30000001192092896,1,0.0,0.0,0,1.0,0.0,0
16:12:56,3917.8,2000.0,0.30000001192092896,1,0.0,0.0,0,1.0,0.0,0
16:12:56,3918.52,2001.0,0.4000000059604645,1,0.0,0.0,0,1.0,0.0,0
16:12:57,3919.26,2001.0,0.4000000059604645,1,0.0,0.0,0,1.0,0.0,0
16:12:58,3919.98,2001.0,0.4000000059604645,1,0.0,0.0,0,1.0,0.0,0
16:12:59,3920.74,2000.0,0.30000001192092896,1,0.0,0.0,0,1.0,0.0,0
16:12:59,3921.55,2000.0,0.30000001192092896,1,0.0,0.0,0,1.0,0.0,0
16:13:00,3922.29,2001.0,0.30000001192092896,1,0.0,0.0,0,1.0,0.0,0
16:13:01,3923.05,2001.0,0.30000001192092896,1,0.0,0.0,0,1.0,0.0,0
16:13:02,3923.8,1999.0,0.30000001192092896,1,0.0,0.0,0,1.0,0.0,0
16:13:02,3924.53,2001.0,0.4000000059604645,1,0.0,0.0,0,1.0,0.0,0
16:13:03,3925.26,2001.0,0.4000000059604645,1,0.0,0.0,0,1.0,0.0,0
16:13:04,3925.99,2001.0,0.4000000059604645,1,0.0,0.0,0,1.0,0.0,0
16:13:05,3926.75,2001.0,0.4000000059604645,1,0.0,0.0,0,1.0,0.0,0
16:13:05,3927.51,2000.0,0.4000000059604645,1,0.0,0.0,0,1.0,0.0,0
16:13:06,3928.25,2001.0,0.4000000059604645,1,0.0,0.0,0,1.0,0.0,0
16:13:07,3928.97,2001.0,0.4000000059604645,1,0.0,0.0,0,1.0,0.0,0
16:13:08,3929.74,2000.0,0.4000000059604645,1,0.0,0.0,0,1.0,0.0,0
16:13:08,3930.47,2001.0,0.4000000059604645,1,0.0,0.0,0,1.0,0.0,0
16:13:09,3931.21,2000.0,0.4000000059604645,1,0.0,0.0,0,1.0,0.0,0
16:13:10,3931.95,2000.0,0.4000000059604645,1,0.0,0.0,0,1.0,0.0,0
16:13:11,3932.7,2001.0,0.4000000059604645,1,0.0,0.0,0,1.0,0.0,0
16:13:11,3933.42,2000.0,0.4000000059604645,1,0.0,0.0,0,1.0,0.0,0
16:13:12,3934.15,2001.0,0.4000000059604645,1,0.0,0.0,0,1.0,0.0,0
16:13:13,3934.88,2002.0,0.4000000059604645,1,0.0,0.0,0,1.0,0.0,0
16:13:13,3935.62,1999.0,0.4000000059604645,1,0.0,0.0,0,1.0,0.0,0
16:13:14,3936.37,2001.0,0.4000000059604645,1,0.0,0.0,0,1.0,0.0,0
16:13:15,3937.11,2003.0,0.20000000298023224,1,0.0,0.0,0,1.0,0.0,0
16:13:16,3937.84,2001.0,0.4000000059604645,1,0.0,0.0,0,1.0,0.0,0
16:13:16,3938.6,2001.0,0.4000000059604645,1,0.0,0.0,0,1.0,0.0,0
16:13:17,3939.33,2001.0,0.4000000059604645,1,0.0,0.0,0,1.0,0.0,0
16:13:18,3940.06,2001.0,0.30000001192092896,1,0.0,0.0,0,1.0,0.0,0
16:13:19,3940.83,1999.0,0.30000001192092896,1,0.0,0.0,0,1.0,0.0,0
16:13:19,3941.58,2002.0,0.30000001192092896,1,0.0,0.0,0,1.0,0.0,0
16:13:20,3942.31,2002.0,0.30000001192092896,1,0.0,0.0,0,1.0,0.0,0
16:13:21,3943.04,2001.0,0.30000001192092896,1,0.0,0.0,0,1.0,0.0,0
16:13:22,3943.76,2001.0,0.4000000059604645,1,0.0,0.0,0,1.0,0.0,0
16:13:22,3944.49,2001.0,0.4000000059604645,1,0.0,0.0,0,1.0,0.0,0
16:13:23,3945.23,2000.0,0.4000000059604645,1,0.0,0.0,0,1.0,0.0,0
16:13:24,3945.99,2000.0,0.4000000059604645,1,0.0,0.0,0,1.0,0.0,0
16:13:25,3946.75,2000.0,0.4000000059604645,1,0.0,0.0,0,1.0,0.0,0
16:13:25,3947.48,2002.0,0.4000000059604645,1,0.0,0.0,0,1.0,0.0,0
16:13:26,3948.2,1999.0,0.4000000059604645,1,0.0,0.0,0,1.0,0.0,0
16:13:27,3948.94,1999.0,0.4000000059604645,1,0.0,0.0,0,1.0,0.0,0
16:13:28,3949.69,2001.0,0.4000000059604645,1,0.0,0.0,0,1.0,0.0,0
16:13:28,3950.43,2001.0,0.4000000059604645,1,0.0,0.0,0,1.0,0.0,0
16:13:29,3951.16,2000.0,0.4000000059604645,1,0.0,0.0,0,1.0,0.0,0
16:13:30,3951.91,2002.0,0.4000000059604645,1,0.0,0.0,0,1.0,0.0,0
16:13:31,3952.67,2002.0,0.4000000059604645,1,0.0,0.0,0,1.0,0.0,0
16:13:31,3953.39,1999.0,0.4000000059604645,1,0.0,0.0,0,1.0,0.0,0
16:13:32,3954.13,2001.0,0.4000000059604645,1,0.0,0.0,0,1.0,0.0,0
16:13:33,3954.89,2000.0,0.4000000059604645,1,0.0,0.0,0,1.0,0.0,0
16:13:33,3955.62,2001.0,0.4000000059604645,1,0.0,0.0,0,1.0,0.0,0
16:13:34,3956.35,2001.0,0.4000000059604645,1,0.0,0.0,0,1.0,0.0,0
16:13:35,3957.08,2001.0,0.4000000059604645,1,0.0,0.0,0,1.0,0.0,0
16:13:36,3957.81,2001.0,0.4000000059604645,1,0.0,0.0,0,1.0,0.0,0
16:13:36,3958.54,2001.0,0.30000001192092896,1,0.0,0.0,0,1.0,0.0,0
16:13:37,3959.31,2001.0,0.4000000059604645,1,0.0,0.0,0,1.0,0.0,0
16:13:38,3960.04,2001.0,0.4000000059604645,1,0.0,0.0,0,1.0,0.0,0
16:13:39,3960.77,2001.0,0.4000000059604645,1,0.0,0.0,0,1.0,0.0,0
16:13:39,3961.51,2001.0,0.4000000059604645,1,0.0,0.0,0,1.0,0.0,0
16:13:40,3962.24,2000.0,0.4000000059604645,1,0.0,0.0,0,1.0,0.0,0
16:13:41,3962.98,2002.0,0.4000000059604645,1,0.0,0.0,0,1.0,0.0,0
16:13:42,3963.7,2000.0,0.4000000059604645,1,0.0,0.0,0,1.0,0.0,0
16:13:42,3964.44,2001.0,0.4000000059604645,1,0.0,0.0,0,1.0,0.0,0
16:13:43,3965.17,2001.0,0.4000000059604645,1,0.0,0.0,0,1.0,0.0,0
16:13:44,3965.9,1999.0,0.30000001192092896,1,0.0,0.0,0,1.0,0.0,0
16:13:45,3966.64,2002.0,0.4000000059604645,1,0.0,0.0,0,1.0,0.0,0
16:13:45,3967.38,2001.0,0.4000000059604645,1,0.0,0.0,0,1.0,0.0,0
16:13:46,3968.11,2001.0,0.4000000059604645,1,0.0,0.0,0,1.0,0.0,0
16:13:47,3968.85,1999.0,0.4000000059604645,1,0.0,0.0,0,1.0,0.0,0
16:13:47,3969.6,2001.0,0.4000000059604645,1,0.0,0.0,0,1.0,0.0,0
16:13:48,3970.33,2000.0,0.4000000059604645,1,0.0,0.0,0,1.0,0.0,0
16:13:49,3971.1,2000.0,0.4000000059604645,1,0.0,0.0,0,1.0,0.0,0
16:13:50,3971.89,2000.0,0.4000000059604645,1,0.0,0.0,0,1.0,0.0,0
16:13:51,3972.67,2000.0,0.4000000059604645,1,0.0,0.0,0,1.0,0.0,0
16:13:51,3973.45,2001.0,0.4000000059604645,1,0.0,0.0,0,1.0,0.0,0
16:13:52,3974.18,2001.0,0.4000000059604645,1,0.0,0.0,0,1.0,0.0,0
16:13:53,3974.91,1999.0,0.30000001192092896,1,0.0,0.0,0,1.0,0.0,0
16:13:54,3975.64,2000.0,0.30000001192092896,1,0.0,0.0,0,1.0,0.0,0
16:13:54,3976.42,2000.0,0.30000001192092896,1,0.0,0.0,0,1.0,0.0,0
16:13:55,3977.16,2000.0,0.30000001192092896,1,0.0,0.0,0,1.0,0.0,0
16:13:56,3977.92,2004.0,0.30000001192092896,1,0.0,0.0,0,1.0,0.0,0
16:13:57,3978.65,2000.0,0.30000001192092896,1,0.0,0.0,0,1.0,0.0,0
16:13:57,3979.38,2000.0,0.30000001192092896,1,0.0,0.0,0,1.0,0.0,0
16:13:58,3980.13,2002.0,0.30000001192092896,1,0.0,0.0,0,1.0,0.0,0
16:13:59,3980.89,1999.0,0.30000001192092896,1,0.0,0.0,0,1.0,0.0,0
16:14:00,3981.64,2000.0,0.30000001192092896,1,0.0,0.0,0,1.0,0.0,0
16:14:00,3982.37,2001.0,0.30000001192092896,1,0.0,0.0,0,1.0,0.0,0
16:14:01,3983.15,2000.0,0.30000001192092896,1,0.0,0.0,0,1.0,0.0,0
16:14:02,3983.88,2000.0,0.4000000059604645,1,0.0,0.0,0,1.0,0.0,0
16:14:02,3984.62,2000.0,0.4000000059604645,1,0.0,0.0,0,1.0,0.0,0
16:14:03,3985.37,2001.0,0.4000000059604645,1,0.0,0.0,0,1.0,0.0,0
16:14:04,3986.09,2001.0,0.30000001192092896,1,0.0,0.0,0,1.0,0.0,0
16:14:05,3986.83,2003.0,0.30000001192092896,1,0.0,0.0,0,1.0,0.0,0
16:14:05,3987.55,2003.0,0.30000001192092896,1,0.0,0.0,0,1.0,0.0,0
16:14:06,3988.28,2003.0,0.4000000059604645,1,0.0,0.0,0,1.0,0.0,0
16:14:07,3989.01,2003.0,0.4000000059604645,1,0.0,0.0,0,1.0,0.0,0
16:14:08,3989.76,2000.0,0.4000000059604645,1,0.0,0.0,0,1.0,0.0,0
16:14:08,3990.5,2001.0,0.4000000059604645,1,0.0,0.0,0,1.0,0.0,0
16:14:09,3991.25,2000.0,0.4000000059604645,1,0.0,0.0,0,1.0,0.0,0
16:14:10,3992.05,2001.0,0.4000000059604645,1,0.0,0.0,0,1.0,0.0,0
16:14:11,3992.8,2001.0,0.4000000059604645,1,0.0,0.0,0,1.0,0.0,0
16:14:11,3993.57,2001.0,0.4000000059604645,1,0.0,0.0,0,1.0,0.0,0
16:14:12,3994.33,2000.0,0.4000000059604645,1,0.0,0.0,0,1.0,0.0,0
16:14:13,3995.1,2001.0,0.4000000059604645,1,0.0,0.0,0,1.0,0.0,0
16:14:14,3995.84,2001.0,0.4000000059604645,1,0.0,0.0,0,1.0,0.0,0
16:14:14,3996.62,2000.0,0.4000000059604645,1,0.0,0.0,0,1.0,0.0,0
16:14:15,3997.39,2002.0,0.4000000059604645,1,0.0,0.0,0,1.0,0.0,0
16:14:16,3998.17,2001.0,0.4000000059604645,1,0.0,0.0,0,1.0,0.0,0
16:14:17,3998.93,2001.0,0.4000000059604645,1,0.0,0.0,0,1.0,0.0,0
16:14:18,3999.72,2000.0,0.4000000059604645,1,0.0,0.0,0,1.0,0.0,0
16:14:18,4000.49,2000.0,0.4000000059604645,1,0.0,0.0,0,1.0,0.0,0
16:14:19,4001.24,2000.0,0.4000000059604645,1,0.0,0.0,0,1.0,0.0,0
16:14:20,4001.98,1999.0,0.4000000059604645,1,0.0,0.0,0,1.0,0.0,0
16:14:21,4002.73,2001.0,0.4000000059604645,1,0.0,0.0,0,1.0,0.0,0
16:14:21,4003.47,2001.0,0.4000000059604645,1,0.0,0.0,0,1.0,0.0,0
16:14:22,4004.21,2003.0,0.4000000059604645,1,0.0,0.0,0,1.0,0.0,0
16:14:23,4004.99,2009.0,0.4000000059604645,1,0.0,0.0,0,1.0,0.0,0
16:14:24,4005.75,2017.0,0.4000000059604645,1,0.0,0.0,0,1.0,0.0,0
16:14:24,4006.51,2024.0,0.4000000059604645,1,0.0,0.0,0,1.0,0.0,0
16:14:25,4007.24,2028.0,0.4000000059604645,1,0.0,0.0,0,1.0,0.0,0
16:14:26,4007.98,2039.0,0.4000000059604645,1,0.0,0.0,0,1.0,0.0,0
16:14:27,4008.72,2048.0,0.4000000059604645,1,0.0,0.0,0,1.0,0.0,0
16:14:27,4009.46,2059.0,0.4000000059604645,1,0.0,0.0,0,1.0,0.0,0
16:14:28,4010.22,2066.0,0.6000000238418579,1,0.0,0.0,0,1.0,0.0,0
16:14:29,4010.97,2065.0,0.4000000059604645,1,0.0,0.0,0,1.0,0.0,0
16:14:30,4011.75,2079.0,0.4000000059604645,1,0.0,0.0,0,1.0,0.0,0
16:14:30,4012.48,1947.0,0.0,1,0.0,0.0,0,1.0,0.0,0
16:14:31,4013.23,2087.0,0.6000000238418579,1,0.0,0.0,0,1.0,0.0,0
16:14:32,4013.99,2094.0,0.5,1,0.0,0.0,0,1.0,0.0,0
16:14:33,4014.73,2100.0,0.4000000059604645,1,0.0,0.0,0,1.0,0.0,0
16:14:33,4015.49,2107.0,0.4000000059604645,1,0.0,0.0,0,1.0,0.0,0
16:14:34,4016.24,2119.0,0.4000000059604645,1,0.0,0.0,0,1.0,0.0,0
16:14:35,4016.98,2125.0,0.4000000059604645,1,0.0,0.0,0,1.0,0.0,0
16:14:36,4017.76,2131.0,0.4000000059604645,1,0.0,0.0,0,1.0,0.0,0
16:14:36,4018.49,2138.0,0.4000000059604645,1,0.0,0.0,0,1.0,0.0,0
16:14:37,4019.22,2144.0,0.4000000059604645,1,0.0,0.0,0,1.0,0.0,0
16:14:38,4019.97,2150.0,0.4000000059604645,1,0.0,0.0,0,1.0,0.0,0
16:14:39,4020.72,2156.0,0.4000000059604645,1,0.0,0.0,0,1.0,0.0,0
16:14:39,4021.46,2169.0,0.4000000059604645,1,0.0,0.0,0,1.0,0.0,0
16:14:40,4022.18,2175.0,0.4000000059604645,1,0.0,0.0,0,1.0,0.0,0
16:14:41,4022.91,2181.0,0.4000000059604645,1,0.0,0.0,0,1.0,0.0,0
16:14:42,4023.65,2187.0,0.4000000059604645,1,0.0,0.0,0,1.0,0.0,0
16:14:42,4024.39,2193.0,0.4000000059604645,1,0.0,0.0,0,1.0,0.0,0
16:14:43,4025.12,2199.0,0.4000000059604645,1,0.0,0.0,0,1.0,0.0,0
16:14:44,4025.86,2212.0,0.4000000059604645,1,0.0,0.0,0,1.0,0.0,0
16:14:45,4026.63,2218.0,0.4000000059604645,1,0.0,0.0,0,1.0,0.0,0
16:14:45,4027.38,2224.0,0.4000000059604645,1,0.0,0.0,0,1.0,0.0,0
16:14:46,4028.12,2231.0,0.4000000059604645,1,0.0,0.0,0,1.0,0.0,0
16:14:47,4028.86,2237.0,0.4000000059604645,1,0.0,0.0,0,1.0,0.0,0
16:14:47,4029.59,2243.0,0.4000000059604645,1,0.0,0.0,0,1.0,0.0,0
16:14:48,4030.33,2255.0,0.4000000059604645,1,0.0,0.0,0,1.0,0.0,0
16:14:49,4031.08,2261.0,0.4000000059604645,1,0.0,0.0,0,1.0,0.0,0
16:14:50,4031.82,2268.0,0.4000000059604645,1,0.0,0.0,0,1.0,0.0,0
16:14:50,4032.55,2274.0,0.4000000059604645,1,0.0,0.0,0,1.0,0.0,0
16:14:51,4033.27,2280.0,0.4000000059604645,1,0.0,0.0,0,1.0,0.0,0
16:14:52,4033.99,2286.0,0.4000000059604645,1,0.0,0.0,0,1.0,0.0,0
16:14:53,4034.72,2292.0,0.4000000059604645,1,0.0,0.0,0,1.0,0.0,0
16:14:53,4035.48,2305.0,0.4000000059604645,1,0.0,0.0,0,1.0,0.0,0
16:14:54,4036.21,2311.0,0.4000000059604645,1,0.0,0.0,0,1.0,0.0,0
16:14:55,4036.95,2317.0,0.4000000059604645,1,0.0,0.0,0,1.0,0.0,0
16:14:56,4037.68,2324.0,0.4000000059604645,1,0.0,0.0,0,1.0,0.0,0
16:14:56,4038.43,2330.0,0.4000000059604645,1,0.0,0.0,0,1.0,0.0,0
16:14:57,4039.18,2342.0,0.4000000059604645,1,0.0,0.0,0,1.0,0.0,0
16:14:58,4039.94,2348.0,0.4000000059604645,1,0.0,0.0,0,1.0,0.0,0
16:14:59,4040.72,2355.0,0.4000000059604645,1,0.0,0.0,0,1.0,0.0,0
16:14:59,4041.47,2361.0,0.4000000059604645,1,0.0,0.0,0,1.0,0.0,0
16:15:00,4042.2,2366.0,0.4000000059604645,1,0.0,0.0,0,1.0,0.0,0
16:15:01,4042.95,2373.0,0.4000000059604645,1,0.0,0.0,0,1.0,0.0,0
16:15:02,4043.68,2379.0,0.4000000059604645,1,0.0,0.0,0,1.0,0.0,0
16:15:02,4044.41,2391.0,0.4000000059604645,1,0.0,0.0,0,1.0,0.0,0
16:15:03,4045.17,2398.0,0.4000000059604645,1,0.0,0.0,0,1.0,0.0,0
16:15:04,4045.9,2404.0,0.4000000059604645,1,0.0,0.0,0,1.0,0.0,0
16:15:05,4046.66,2410.0,0.4000000059604645,1,0.0,0.0,0,1.0,0.0,0
16:15:05,4047.46,2416.0,0.4000000059604645,1,0.0,0.0,0,1.0,0.0,0
16:15:06,4048.2,2422.0,0.4000000059604645,1,0.0,0.0,0,1.0,0.0,0
16:15:07,4048.92,2435.0,0.4000000059604645,1,0.0,0.0,0,1.0,0.0,0
16:15:08,4049.65,2441.0,0.4000000059604645,1,0.0,0.0,0,1.0,0.0,0
16:15:08,4050.41,2447.0,0.4000000059604645,1,0.0,0.0,0,1.0,0.0,0
16:15:09,4051.16,2453.0,0.4000000059604645,1,0.0,0.0,0,1.0,0.0,0
16:15:10,4051.91,2459.0,0.4000000059604645,1,0.0,0.0,0,1.0,0.0,0
16:15:11,4052.67,2472.0,0.4000000059604645,1,0.0,0.0,0,1.0,0.0,0
16:15:11,4053.4,2478.0,0.4000000059604645,1,0.0,0.0,0,1.0,0.0,0
16:15:12,4054.15,2484.0,0.4000000059604645,1,0.0,0.0,0,1.0,0.0,0
16:15:13,4054.88,2490.0,0.4000000059604645,1,0.0,0.0,0,1.0,0.0,0
16:15:13,4055.61,2497.0,0.4000000059604645,1,0.0,0.0,0,1.0,0.0,0
16:15:14,4056.38,2503.0,0.4000000059604645,1,0.0,0.0,0,1.0,0.0,0
16:15:15,4057.14,2509.0,0.4000000059604645,1,0.0,0.0,0,1.0,0.0,0
16:15:16,4057.86,2522.0,0.4000000059604645,1,0.0,0.0,0,1.0,0.0,0
16:15:16,4058.62,2528.0,0.4000000059604645,1,0.0,0.0,0,1.0,0.0,0
16:15:17,4059.34,2534.0,0.4000000059604645,1,0.0,0.0,0,1.0,0.0,0
16:15:18,4060.08,2540.0,0.4000000059604645,1,0.0,0.0,0,1.0,0.0,0
16:15:19,4060.83,2546.0,0.4000000059604645,1,0.0,0.0,0,1.0,0.0,0
16:15:19,4061.56,2552.0,0.4000000059604645,1,0.0,0.0,0,1.0,0.0,0
16:15:20,4062.3,2565.0,0.4000000059604645,1,0.0,0.0,0,1.0,0.0,0
16:15:21,4063.05,2571.0,0.4000000059604645,1,0.0,0.0,0,1.0,0.0,0
16:15:22,4063.79,2577.0,0.4000000059604645,1,0.0,0.0,0,1.0,0.0,0
16:15:22,4064.52,2583.0,0.4000000059604645,1,0.0,0.0,0,1.0,0.0,0
16:15:23,4065.3,2590.0,0.4000000059604645,1,0.0,0.0,0,1.0,0.0,0
16:15:24,4066.03,2596.0,0.4000000059604645,1,0.0,0.0,0,1.0,0.0,0
16:15:25,4066.79,2608.0,0.4000000059604645,1,0.0,0.0,0,1.0,0.0,0
16:15:25,4067.52,2614.0,0.4000000059604645,1,0.0,0.0,0,1.0,0.0,0
16:15:26,4068.26,2620.0,0.4000000059604645,1,0.0,0.0,0,1.0,0.0,0
16:15:27,4068.99,2627.0,0.4000000059604645,1,0.0,0.0,0,1.0,0.0,0
16:15:28,4069.73,2633.0,0.4000000059604645,1,0.0,0.0,0,1.0,0.0,0
16:15:28,4070.46,2639.0,0.4000000059604645,1,0.0,0.0,0,1.0,0.0,0
16:15:29,4071.19,2645.0,0.4000000059604645,1,0.0,0.0,0,1.0,0.0,0
16:15:30,4071.92,2658.0,0.4000000059604645,1,0.0,0.0,0,1.0,0.0,0
16:15:31,4072.65,2664.0,0.4000000059604645,1,0.0,0.0,0,1.0,0.0,0
16:15:31,4073.4,2670.0,0.4000000059604645,1,0.0,0.0,0,1.0,0.0,0
16:15:32,4074.13,2676.0,0.4000000059604645,1,0.0,0.0,0,1.0,0.0,0
16:15:33,4074.85,2683.0,0.4000000059604645,1,0.0,0.0,0,1.0,0.0,0
16:15:33,4075.59,2689.0,0.4000000059604645,1,0.0,0.0,0,1.0,0.0,0
16:15:34,4076.32,2701.0,0.4000000059604645,1,0.0,0.0,0,1.0,0.0,0
16:15:35,4077.07,2707.0,0.4000000059604645,1,0.0,0.0,0,1.0,0.0,0
16:15:36,4077.81,2713.0,0.4000000059604645,1,0.0,0.0,0,1.0,0.0,0
16:15:36,4078.56,2719.0,0.4000000059604645,1,0.0,0.0,0,1.0,0.0,0
16:15:37,4079.3,2726.0,0.4000000059604645,1,0.0,0.0,0,1.0,0.0,0
16:15:38,4080.04,2732.0,0.4000000059604645,1,0.0,0.0,0,1.0,0.0,0
16:15:39,4080.79,2738.0,0.4000000059604645,1,0.0,0.0,0,1.0,0.0,0
16:15:39,4081.53,2750.0,0.4000000059604645,1,0.0,0.0,0,1.0,0.0,0
16:15:40,4082.27,2757.0,0.4000000059604645,1,0.0,0.0,0,1.0,0.0,0
16:15:41,4083.01,2763.0,0.4000000059604645,1,0.0,0.0,0,1.0,0.0,0
16:15:42,4083.78,2769.0,0.4000000059604645,1,0.0,0.0,0,1.0,0.0,0
16:15:42,4084.52,2775.0,0.4000000059604645,1,0.0,0.0,0,1.0,0.0,0
16:15:43,4085.25,2788.0,0.4000000059604645,1,0.0,0.0,0,1.0,0.0,0
16:15:44,4086.0,2794.0,0.4000000059604645,1,0.0,0.0,0,1.0,0.0,0
16:15:45,4086.73,2800.0,0.4000000059604645,1,0.0,0.0,0,1.0,0.0,0
16:15:45,4087.48,2806.0,0.4000000059604645,1,0.0,0.0,0,1.0,0.0,0
16:15:46,4088.21,2813.0,0.4000000059604645,1,0.0,0.0,0,1.0,0.0,0
16:15:47,4088.94,2819.0,0.4000000059604645,1,0.0,0.0,0,1.0,0.0,0
16:15:48,4089.67,2825.0,0.4000000059604645,1,0.0,0.0,0,1.0,0.0,0
16:15:48,4090.4,2831.0,0.4000000059604645,1,0.0,0.0,0,1.0,0.0,0
16:15:49,4091.12,2837.0,0.4000000059604645,1,0.0,0.0,0,1.0,0.0,0
16:15:50,4091.86,2850.0,0.5,1,0.0,0.0,0,1.0,0.0,0
16:15:50,4092.6,2856.0,0.5,1,0.0,0.0,0,1.0,0.0,0
16:15:51,4093.34,2862.0,0.5,1,0.0,0.0,0,1.0,0.0,0
16:15:52,4094.07,2874.0,0.5,1,0.0,0.0,0,1.0,0.0,0
16:15:53,4094.81,2881.0,0.5,1,0.0,0.0,0,1.0,0.0,0
16:15:53,4095.55,2887.0,0.5,1,0.0,0.0,0,1.0,0.0,0
16:15:54,4096.3,2893.0,0.5,1,0.0,0.0,0,1.0,0.0,0
16:15:55,4097.05,2899.0,0.5,1,0.0,0.0,0,1.0,0.0,0
16:15:56,4097.81,2905.0,0.5,1,0.0,0.0,0,1.0,0.0,0
16:15:56,4098.56,2912.0,0.5,1,0.0,0.0,0,1.0,0.0,0
16:15:57,4099.3,2918.0,0.5,1,0.0,0.0,0,1.0,0.0,0
16:15:58,4100.03,2924.0,0.5,1,0.0,0.0,0,1.0,0.0,0
16:15:59,4100.75,2930.0,0.5,1,0.0,0.0,0,1.0,0.0,0
16:15:59,4101.49,2943.0,0.5,1,0.0,0.0,0,1.0,0.0,0
16:16:00,4102.26,2949.0,0.5,1,0.0,0.0,0,1.0,0.0,0
16:16:01,4102.99,2955.0,0.5,1,0.0,0.0,0,1.0,0.0,0
16:16:02,4103.75,2967.0,0.5,1,0.0,0.0,0,1.0,0.0,0
16:16:02,4104.49,2974.0,0.5,1,0.0,0.0,0,1.0,0.0,0
16:16:03,4105.28,2979.0,0.5,1,0.0,0.0,0,1.0,0.0,0
16:16:04,4106.0,2986.0,0.5,1,0.0,0.0,0,1.0,0.0,0
16:16:05,4106.74,2992.0,0.5,1,0.0,0.0,0,1.0,0.0,0
16:16:05,4107.47,2997.0,0.5,1,0.0,0.0,0,1.0,0.0,0
16:16:06,4108.19,2998.0,0.5,1,0.0,0.0,0,1.0,0.0,0
16:16:07,4108.92,2998.0,0.5,1,0.0,0.0,0,1.0,0.0,0
16:16:08,4109.68,2998.0,0.5,1,0.0,0.0,0,1.0,0.0,0
16:16:08,4110.4,2998.0,0.5,1,0.0,0.0,0,1.0,0.0,0
16:16:09,4111.13,2998.0,0.5,1,0.0,0.0,0,1.0,0.0,0
16:16:10,4111.85,2998.0,0.5,1,0.0,0.0,0,1.0,0.0,0
16:16:10,4112.6,2998.0,0.5,1,0.0,0.0,0,1.0,0.0,0
16:16:11,4113.33,2998.0,0.5,1,0.0,0.0,0,1.0,0.0,0
16:16:12,4114.1,2998.0,0.5,1,0.0,0.0,0,1.0,0.0,0
16:16:13,4114.89,2998.0,0.5,1,0.0,0.0,0,1.0,0.0,0
16:16:14,4115.65,2998.0,0.5,1,0.0,0.0,0,1.0,0.0,0
16:16:14,4116.44,2998.0,0.5,1,0.0,0.0,0,1.0,0.0,0
16:16:15,4117.21,2998.0,0.5,1,0.0,0.0,0,1.0,0.0,0
16:16:16,4117.95,2998.0,0.5,1,0.0,0.0,0,1.0,0.0,0
16:16:17,4118.7,2998.0,0.5,1,0.0,0.0,0,1.0,0.0,0
16:16:17,4119.46,2998.0,0.5,1,0.0,0.0,0,1.0,0.0,0
16:16:18,4120.2,2998.0,0.5,1,0.0,0.0,0,1.0,0.0,0
16:16:19,4120.93,2998.0,0.5,1,0.0,0.0,0,1.0,0.0,0
16:16:20,4121.66,2998.0,0.5,1,0.0,0.0,0,1.0,0.0,0
16:16:20,4122.4,2998.0,0.5,1,0.0,0.0,0,1.0,0.0,0
16:16:21,4123.12,2998.0,0.5,1,0.0,0.0,0,1.0,0.0,0
16:16:22,4123.91,2998.0,0.5,1,0.0,0.0,0,1.0,0.0,0
16:16:22,4124.63,2998.0,0.5,1,0.0,0.0,0,1.0,0.0,0
16:16:23,4125.38,2998.0,0.5,1,0.0,0.0,0,1.0,0.0,0
16:16:24,4126.12,2998.0,0.5,1,0.0,0.0,0,1.0,0.0,0
16:16:25,4126.88,2998.0,0.5,1,0.0,0.0,0,1.0,0.0,0
16:16:26,4127.65,2998.0,0.5,1,0.0,0.0,0,1.0,0.0,0
16:16:26,4128.45,2998.0,0.5,1,0.0,0.0,0,1.0,0.0,0
16:16:27,4129.2,2998.0,0.5,1,0.0,0.0,0,1.0,0.0,0
16:16:28,4129.94,2998.0,0.5,1,0.0,0.0,0,1.0,0.0,0
16:16:29,4130.71,2998.0,0.5,1,0.0,0.0,0,1.0,0.0,0
16:16:29,4131.46,2998.0,0.5,1,0.0,0.0,0,1.0,0.0,0
16:16:30,4132.21,2998.0,0.5,1,0.0,0.0,0,1.0,0.0,0
16:16:31,4132.95,2998.0,0.5,1,0.0,0.0,0,1.0,0.0,0
16:16:32,4133.72,2998.0,0.5,1,0.0,0.0,0,1.0,0.0,0
16:16:32,4134.5,2998.0,0.5,1,0.0,0.0,0,1.0,0.0,0
16:16:33,4135.29,2998.0,0.5,1,0.0,0.0,0,1.0,0.0,0
16:16:34,4136.05,2998.0,0.5,1,0.0,0.0,0,1.0,0.0,0
16:16:35,4136.81,2998.0,0.5,1,0.0,0.0,0,1.0,0.0,0
16:16:35,4137.62,2998.0,0.5,1,0.0,0.0,0,1.0,0.0,0
16:16:36,4138.35,2998.0,0.5,1,0.0,0.0,0,1.0,0.0,0
16:16:37,4139.09,2998.0,0.5,1,0.0,0.0,0,1.0,0.0,0
16:16:38,4139.84,2998.0,0.5,1,0.0,0.0,0,1.0,0.0,0
16:16:38,4140.6,2998.0,0.5,1,0.0,0.0,0,1.0,0.0,0
16:16:39,4141.39,2998.0,0.5,1,0.0,0.0,0,1.0,0.0,0
16:16:40,4142.15,2998.0,0.5,1,0.0,0.0,0,1.0,0.0,0
16:16:41,4142.89,2998.0,0.5,1,0.0,0.0,0,1.0,0.0,0
16:16:42,4143.64,2998.0,0.5,1,0.0,0.0,0,1.0,0.0,0
16:16:42,4144.37,2998.0,0.5,1,0.0,0.0,0,1.0,0.0,0
16:16:43,4145.1,2998.0,0.5,1,0.0,0.0,0,1.0,0.0,0
16:16:44,4145.83,2998.0,0.5,1,0.0,0.0,0,1.0,0.0,0
16:16:44,4146.56,2998.0,0.5,1,0.0,0.0,0,1.0,0.0,0
16:16:45,4147.29,2998.0,0.5,1,0.0,0.0,0,1.0,0.0,0
16:16:46,4148.03,2998.0,0.5,1,0.0,0.0,0,1.0,0.0,0
16:16:47,4148.77,2998.0,0.30000001192092896,1,0.0,0.0,0,1.0,0.0,0
16:16:47,4149.49,2998.0,0.30000001192092896,1,0.0,0.0,0,1.0,0.0,0
16:16:48,4150.25,2993.0,0.6000000238418579,1,0.0,0.0,0,1.0,0.0,0
16:16:49,4151.02,2998.0,0.5,1,0.0,0.0,0,1.0,0.0,0
16:16:50,4151.75,2998.0,0.5,1,0.0,0.0,0,1.0,0.0,0
16:16:50,4152.54,2998.0,0.5,1,0.0,0.0,0,1.0,0.0,0
16:16:51,4153.32,2998.0,0.5,1,0.0,0.0,0,1.0,0.0,0
16:16:52,4154.08,2998.0,0.5,1,0.0,0.0,0,1.0,0.0,0
16:16:53,4154.82,2998.0,0.5,1,0.0,0.0,0,1.0,0.0,0
16:16:53,4155.57,2998.0,0.5,1,0.0,0.0,0,1.0,0.0,0
16:16:54,4156.31,2998.0,0.5,1,0.0,0.0,0,1.0,0.0,0
16:16:55,4157.06,2998.0,0.5,1,0.0,0.0,0,1.0,0.0,0
16:16:56,4157.84,2998.0,0.5,1,0.0,0.0,0,1.0,0.0,0
16:16:56,4158.62,2998.0,0.5,1,0.0,0.0,0,1.0,0.0,0
16:16:57,4159.41,2998.0,0.5,1,0.0,0.0,0,1.0,0.0,0
16:16:58,4160.16,2998.0,0.5,1,0.0,0.0,0,1.0,0.0,0
16:16:59,4160.89,2998.0,0.5,1,0.0,0.0,0,1.0,0.0,0
16:16:59,4161.63,2998.0,0.5,1,0.0,0.0,0,1.0,0.0,0
16:17:00,4162.39,2998.0,0.5,1,0.0,0.0,0,1.0,0.0,0
16:17:01,4163.16,2998.0,0.5,1,0.0,0.0,0,1.0,0.0,0
16:17:02,4163.94,2998.0,0.5,1,0.0,0.0,0,1.0,0.0,0
16:17:03,4164.68,2998.0,0.5,1,0.0,0.0,0,1.0,0.0,0
16:17:03,4165.42,2998.0,0.5,1,0.0,0.0,0,1.0,0.0,0
16:17:04,4166.18,2998.0,0.5,1,0.0,0.0,0,1.0,0.0,0
16:17:05,4166.92,2998.0,0.5,1,0.0,0.0,0,1.0,0.0,0
16:17:06,4167.66,2998.0,0.5,1,0.0,0.0,0,1.0,0.0,0
16:17:06,4168.4,2998.0,0.5,1,0.0,0.0,0,1.0,0.0,0
16:17:07,4169.13,2998.0,0.5,1,0.0,0.0,0,1.0,0.0,0
16:17:08,4169.85,2998.0,0.5,1,0.0,0.0,0,1.0,0.0,0
16:17:08,4170.59,2998.0,0.5,1,0.0,0.0,0,1.0,0.0,0
16:17:09,4171.32,2998.0,0.5,1,0.0,0.0,0,1.0,0.0,0
16:17:10,4172.07,2998.0,0.5,1,0.0,0.0,0,1.0,0.0,0
16:17:11,4172.8,2998.0,0.5,1,0.0,0.0,0,1.0,0.0,0
16:17:11,4173.56,2998.0,0.5,1,0.0,0.0,0,1.0,0.0,0
16:17:12,4174.31,2998.0,0.5,1,0.0,0.0,0,1.0,0.0,0
16:17:13,4175.1,2998.0,0.5,1,0.0,0.0,0,1.0,0.0,0
16:17:14,4175.84,2998.0,0.5,1,0.0,0.0,0,1.0,0.0,0
16:17:14,4176.59,2998.0,0.5,1,0.0,0.0,0,1.0,0.0,0
16:17:15,4177.33,2998.0,0.5,1,0.0,0.0,0,1.0,0.0,0
16:17:16,4178.05,2998.0,0.5,1,0.0,0.0,0,1.0,0.0,0
16:17:17,4178.79,2998.0,0.5,1,0.0,0.0,0,1.0,0.0,0
16:17:17,4179.54,2998.0,0.5,1,0.0,0.0,0,1.0,0.0,0
16:17:18,4180.33,2998.0,0.5,1,0.0,0.0,0,1.0,0.0,0
16:17:19,4181.09,2998.0,0.5,1,0.0,0.0,0,1.0,0.0,0
16:17:20,4181.84,2998.0,0.5,1,0.0,0.0,0,1.0,0.0,0
16:17:20,4182.59,2998.0,0.5,1,0.0,0.0,0,1.0,0.0,0
16:17:21,4183.37,2998.0,0.5,1,0.0,0.0,0,1.0,0.0,0
16:17:22,4184.13,2998.0,0.5,1,0.0,0.0,0,1.0,0.0,0
16:17:23,4184.88,2998.0,0.5,1,0.0,0.0,0,1.0,0.0,0
16:17:23,4185.62,2998.0,0.5,1,0.0,0.0,0,1.0,0.0,0
16:17:24,4186.36,2998.0,0.5,1,0.0,0.0,0,1.0,0.0,0
16:17:25,4187.13,2998.0,0.5,1,0.0,0.0,0,1.0,0.0,0
16:17:26,4187.91,2998.0,0.5,1,0.0,0.0,0,1.0,0.0,0
16:17:27,4188.64,2998.0,0.5,1,0.0,0.0,0,1.0,0.0,0
16:17:27,4189.37,2998.0,0.5,1,0.0,0.0,0,1.0,0.0,0
16:17:28,4190.12,2998.0,0.5,1,0.0,0.0,0,1.0,0.0,0
16:17:29,4190.87,2998.0,0.5,1,0.0,0.0,0,1.0,0.0,0
16:17:29,4191.61,2998.0,0.5,1,0.0,0.0,0,1.0,0.0,0
16:17:30,4192.35,2998.0,0.5,1,0.0,0.0,0,1.0,0.0,0
16:17:31,4193.08,2998.0,0.5,1,0.0,0.0,0,1.0,0.0,0
16:17:32,4193.82,2998.0,0.5,1,0.0,0.0,0,1.0,0.0,0
16:17:32,4194.58,2998.0,0.5,1,0.0,0.0,0,1.0,0.0,0
16:17:33,4195.32,2998.0,0.5,1,0.0,0.0,0,1.0,0.0,0
16:17:34,4196.06,2998.0,0.5,1,0.0,0.0,0,1.0,0.0,0
16:17:35,4196.82,2998.0,0.5,1,0.0,0.0,0,1.0,0.0,0
16:17:35,4197.57,2998.0,0.5,1,0.0,0.0,0,1.0,0.0,0
16:17:36,4198.3,2998.0,0.5,1,0.0,0.0,0,1.0,0.0,0
16:17:37,4199.03,2998.0,0.5,1,0.0,0.0,0,1.0,0.0,0
16:17:38,4199.75,2998.0,0.5,1,0.0,0.0,0,1.0,0.0,0
16:17:38,4200.49,2998.0,0.5,1,0.0,0.0,0,1.0,0.0,0
16:17:39,4201.25,2998.0,0.5,1,0.0,0.0,0,1.0,0.0,0
16:17:40,4201.98,2998.0,0.5,1,0.0,0.0,0,1.0,0.0,0
16:17:41,4202.73,2998.0,0.5,1,0.0,0.0,0,1.0,0.0,0
16:17:41,4203.47,2998.0,0.5,1,0.0,0.0,0,1.0,0.0,0
16:17:42,4204.21,2998.0,0.5,1,0.0,0.0,0,1.0,0.0,0
16:17:43,4204.95,2998.0,0.5,1,0.0,0.0,0,1.0,0.0,0
16:17:44,4205.68,2998.0,0.5,1,0.0,0.0,0,1.0,0.0,0
16:17:44,4206.42,2998.0,0.5,1,0.0,0.0,0,1.0,0.0,0
16:17:45,4207.19,2998.0,0.5,1,0.0,0.0,0,1.0,0.0,0
16:17:46,4207.92,2998.0,0.5,1,0.0,0.0,0,1.0,0.0,0
16:17:47,4208.66,2998.0,0.5,1,0.0,0.0,0,1.0,0.0,0
16:17:47,4209.42,2998.0,0.5,1,0.0,0.0,0,1.0,0.0,0
16:17:48,4210.15,2998.0,0.5,1,0.0,0.0,0,1.0,0.0,0
16:17:49,4210.89,2998.0,0.5,1,0.0,0.0,0,1.0,0.0,0
16:17:49,4211.62,2998.0,0.5,1,0.0,0.0,0,1.0,0.0,0
16:17:50,4212.37,2998.0,0.5,1,0.0,0.0,0,1.0,0.0,0
16:17:51,4213.1,2998.0,0.5,1,0.0,0.0,0,1.0,0.0,0
16:17:52,4213.84,2998.0,0.5,1,0.0,0.0,0,1.0,0.0,0
16:17:52,4214.58,2998.0,0.5,1,0.0,0.0,0,1.0,0.0,0
16:17:53,4215.33,2998.0,0.5,1,0.0,0.0,0,1.0,0.0,0
16:17:54,4216.07,2998.0,0.5,1,0.0,0.0,0,1.0,0.0,0
16:17:55,4216.82,2998.0,0.5,1,0.0,0.0,0,1.0,0.0,0
16:17:55,4217.55,2998.0,0.5,1,0.0,0.0,0,1.0,0.0,0
16:17:56,4218.27,2998.0,0.5,1,0.0,0.0,0,1.0,0.0,0
16:17:57,4219.01,2998.0,0.5,1,0.0,0.0,0,1.0,0.0,0
16:17:58,4219.76,2998.0,0.5,1,0.0,0.0,0,1.0,0.0,0
16:17:58,4220.5,2998.0,0.5,1,0.0,0.0,0,1.0,0.0,0
16:17:59,4221.23,2998.0,0.5,1,0.0,0.0,0,1.0,0.0,0
16:18:00,4221.95,2998.0,0.5,1,0.0,0.0,0,1.0,0.0,0
16:18:01,4222.7,2998.0,0.5,1,0.0,0.0,0,1.0,0.0,0
16:18:01,4223.48,2998.0,0.5,1,0.0,0.0,0,1.0,0.0,0
16:18:02,4224.2,2998.0,0.5,1,0.0,0.0,0,1.0,0.0,0
16:18:03,4224.94,2998.0,0.5,1,0.0,0.0,0,1.0,0.0,0
16:18:04,4225.68,2998.0,0.5,1,0.0,0.0,0,1.0,0.0,0
16:18:04,4226.42,2998.0,0.5,1,0.0,0.0,0,1.0,0.0,0
16:18:05,4227.15,2998.0,0.5,1,0.0,0.0,0,1.0,0.0,0
16:18:06,4227.91,2998.0,0.5,1,0.0,0.0,0,1.0,0.0,0
16:18:07,4228.65,2998.0,0.5,1,0.0,0.0,0,1.0,0.0,0
16:18:07,4229.44,2998.0,0.5,1,0.0,0.0,0,1.0,0.0,0
16:18:08,4230.16,2998.0,0.5,1,0.0,0.0,0,1.0,0.0,0
16:18:09,4230.9,2998.0,0.5,1,0.0,0.0,0,1.0,0.0,0
16:18:10,4231.65,2998.0,0.5,1,0.0,0.0,0,1.0,0.0,0
16:18:10,4232.4,2998.0,0.5,1,0.0,0.0,0,1.0,0.0,0
16:18:11,4233.13,2998.0,0.5,1,0.0,0.0,0,1.0,0.0,0
16:18:12,4233.89,2998.0,0.5,1,0.0,0.0,0,1.0,0.0,0
16:18:12,4234.61,2998.0,0.5,1,0.0,0.0,0,1.0,0.0,0
16:18:13,4235.35,2998.0,0.5,1,0.0,0.0,0,1.0,0.0,0
16:18:14,4236.08,2998.0,0.5,1,0.0,0.0,0,1.0,0.0,0
16:18:15,4236.83,2998.0,0.5,1,0.0,0.0,0,1.0,0.0,0
16:18:15,4237.57,2998.0,0.5,1,0.0,0.0,0,1.0,0.0,0
16:18:16,4238.35,2998.0,0.5,1,0.0,0.0,0,1.0,0.0,0
16:18:17,4239.08,2998.0,0.5,1,0.0,0.0,0,1.0,0.0,0
16:18:18,4239.83,2998.0,0.30000001192092896,1,0.0,0.0,0,1.0,0.0,0
16:18:18,4240.56,2998.0,0.30000001192092896,1,0.0,0.0,0,1.0,0.0,0
16:18:19,4241.31,2998.0,0.30000001192092896,1,0.0,0.0,0,1.0,0.0,0
16:18:20,4242.05,2998.0,0.30000001192092896,1,0.0,0.0,0,1.0,0.0,0
16:18:21,4242.82,2998.0,0.30000001192092896,1,0.0,0.0,0,1.0,0.0,0
16:18:21,4243.54,2998.0,0.30000001192092896,1,0.0,0.0,0,1.0,0.0,0
16:18:22,4244.28,2998.0,0.30000001192092896,1,0.0,0.0,0,1.0,0.0,0
16:18:23,4245.01,2998.0,0.30000001192092896,1,0.0,0.0,0,1.0,0.0,0
16:18:24,4245.75,2998.0,0.30000001192092896,1,0.0,0.0,0,1.0,0.0,0
16:18:24,4246.53,2998.0,0.30000001192092896,1,0.0,0.0,0,1.0,0.0,0
16:18:25,4247.3,2998.0,0.30000001192092896,1,0.0,0.0,0,1.0,0.0,0
16:18:26,4248.06,2998.0,0.30000001192092896,1,0.0,0.0,0,1.0,0.0,0
16:18:27,4248.83,2998.0,0.30000001192092896,1,0.0,0.0,0,1.0,0.0,0
16:18:27,4249.57,2998.0,0.30000001192092896,1,0.0,0.0,0,1.0,0.0,0
16:18:28,4250.31,2998.0,0.30000001192092896,1,0.0,0.0,0,1.0,0.0,0
16:18:29,4251.06,2998.0,0.30000001192092896,1,0.0,0.0,0,1.0,0.0,0
16:18:30,4251.8,2998.0,0.30000001192092896,1,0.0,0.0,0,1.0,0.0,0
16:18:30,4252.52,2998.0,0.30000001192092896,1,0.0,0.0,0,1.0,0.0,0
16:18:31,4253.26,2998.0,0.30000001192092896,1,0.0,0.0,0,1.0,0.0,0
16:18:32,4253.99,2998.0,0.30000001192092896,1,0.0,0.0,0,1.0,0.0,0
16:18:33,4254.73,2989.0,0.20000000298023224,1,0.0,0.0,0,1.0,0.0,0
16:18:33,4255.46,2983.0,0.20000000298023224,1,0.0,0.0,0,1.0,0.0,0
16:18:34,4256.19,2977.0,0.20000000298023224,1,0.0,0.0,0,1.0,0.0,0
16:18:35,4256.94,2971.0,0.20000000298023224,1,0.0,0.0,0,1.0,0.0,0
16:18:36,4257.67,2964.0,0.20000000298023224,1,0.0,0.0,0,1.0,0.0,0
16:18:36,4258.44,2958.0,0.20000000298023224,1,0.0,0.0,0,1.0,0.0,0
16:18:37,4259.18,2952.0,0.20000000298023224,1,0.0,0.0,0,1.0,0.0,0
16:18:38,4259.92,2946.0,0.20000000298023224,1,0.0,0.0,0,1.0,0.0,0
16:18:39,4260.65,2934.0,0.20000000298023224,1,0.0,0.0,0,1.0,0.0,0
16:18:39,4261.39,2927.0,0.20000000298023224,1,0.0,0.0,0,1.0,0.0,0
16:18:40,4262.13,2921.0,0.20000000298023224,1,0.0,0.0,0,1.0,0.0,0
16:18:41,4262.86,2915.0,0.20000000298023224,1,0.0,0.0,0,1.0,0.0,0
16:18:41,4263.6,2909.0,0.20000000298023224,1,0.0,0.0,0,1.0,0.0,0
16:18:42,4264.33,2902.0,0.20000000298023224,1,0.0,0.0,0,1.0,0.0,0
16:18:43,4265.05,2890.0,0.20000000298023224,1,0.0,0.0,0,1.0,0.0,0
16:18:44,4265.8,2884.0,0.20000000298023224,1,0.0,0.0,0,1.0,0.0,0
16:18:44,4266.53,2878.0,0.20000000298023224,1,0.0,0.0,0,1.0,0.0,0
16:18:45,4267.29,2871.0,0.20000000298023224,1,0.0,0.0,0,1.0,0.0,0
16:18:46,4268.03,2865.0,0.20000000298023224,1,0.0,0.0,0,1.0,0.0,0
16:18:47,4268.77,2859.0,0.20000000298023224,1,0.0,0.0,0,1.0,0.0,0
16:18:47,4269.51,2847.0,0.20000000298023224,1,0.0,0.0,0,1.0,0.0,0
16:18:48,4270.26,2840.0,0.20000000298023224,1,0.0,0.0,0,1.0,0.0,0
16:18:49,4271.0,2834.0,0.20000000298023224,1,0.0,0.0,0,1.0,0.0,0
16:18:50,4271.74,2828.0,0.20000000298023224,1,0.0,0.0,0,1.0,0.0,0
16:18:50,4272.48,2822.0,0.20000000298023224,1,0.0,0.0,0,1.0,0.0,0
16:18:51,4273.23,2816.0,0.20000000298023224,1,0.0,0.0,0,1.0,0.0,0
16:18:52,4273.98,2809.0,0.20000000298023224,1,0.0,0.0,0,1.0,0.0,0
16:18:53,4274.72,2797.0,0.20000000298023224,1,0.0,0.0,0,1.0,0.0,0
16:18:53,4275.47,2791.0,0.20000000298023224,1,0.0,0.0,0,1.0,0.0,0
16:18:54,4276.2,2785.0,0.20000000298023224,1,0.0,0.0,0,1.0,0.0,0
16:18:55,4276.95,2779.0,0.20000000298023224,1,0.0,0.0,0,1.0,0.0,0
16:18:56,4277.72,2772.0,0.20000000298023224,1,0.0,0.0,0,1.0,0.0,0
16:18:56,4278.45,2766.0,0.20000000298023224,1,0.0,0.0,0,1.0,0.0,0
16:18:57,4279.18,2754.0,0.20000000298023224,1,0.0,0.0,0,1.0,0.0,0
16:18:58,4279.93,2747.0,0.20000000298023224,1,0.0,0.0,0,1.0,0.0,0
16:18:59,4280.69,2742.0,0.20000000298023224,1,0.0,0.0,0,1.0,0.0,0
16:18:59,4281.42,2735.0,0.20000000298023224,1,0.0,0.0,0,1.0,0.0,0
16:19:00,4282.19,2729.0,0.20000000298023224,1,0.0,0.0,0,1.0,0.0,0
16:19:01,4282.94,2717.0,0.20000000298023224,1,0.0,0.0,0,1.0,0.0,0
16:19:02,4283.68,2710.0,0.20000000298023224,1,0.0,0.0,0,1.0,0.0,0
16:19:02,4284.42,2704.0,0.20000000298023224,1,0.0,0.0,0,1.0,0.0,0
16:19:03,4285.16,2698.0,0.20000000298023224,1,0.0,0.0,0,1.0,0.0,0
16:19:04,4285.88,2692.0,0.20000000298023224,1,0.0,0.0,0,1.0,0.0,0
16:19:04,4286.61,2686.0,0.20000000298023224,1,0.0,0.0,0,1.0,0.0,0
16:19:05,4287.35,2680.0,0.20000000298023224,1,0.0,0.0,0,1.0,0.0,0
16:19:06,4288.08,2667.0,0.20000000298023224,1,0.0,0.0,0,1.0,0.0,0
16:19:07,4288.82,2661.0,0.20000000298023224,1,0.0,0.0,0,1.0,0.0,0
16:19:07,4289.54,2655.0,0.20000000298023224,1,0.0,0.0,0,1.0,0.0,0
16:19:08,4290.28,2649.0,0.20000000298023224,1,0.0,0.0,0,1.0,0.0,0
16:19:09,4291.01,2642.0,0.20000000298023224,1,0.0,0.0,0,1.0,0.0,0
16:19:10,4291.79,2636.0,0.20000000298023224,1,0.0,0.0,0,1.0,0.0,0
16:19:10,4292.53,2630.0,0.20000000298023224,1,0.0,0.0,0,1.0,0.0,0
16:19:11,4293.27,2618.0,0.20000000298023224,1,0.0,0.0,0,1.0,0.0,0
16:19:12,4294.0,2611.0,0.20000000298023224,1,0.0,0.0,0,1.0,0.0,0
16:19:13,4294.74,2605.0,0.20000000298023224,1,0.0,0.0,0,1.0,0.0,0
16:19:13,4295.49,2599.0,0.20000000298023224,1,0.0,0.0,0,1.0,0.0,0
16:19:14,4296.25,2593.0,0.20000000298023224,1,0.0,0.0,0,1.0,0.0,0
16:19:15,4296.99,2580.0,0.20000000298023224,1,0.0,0.0,0,1.0,0.0,0
16:19:16,4297.72,2574.0,0.20000000298023224,1,0.0,0.0,0,1.0,0.0,0
16:19:16,4298.44,2568.0,0.20000000298023224,1,0.0,0.0,0,1.0,0.0,0
16:19:17,4299.18,2562.0,0.20000000298023224,1,0.0,0.0,0,1.0,0.0,0
16:19:18,4299.91,2556.0,0.20000000298023224,1,0.0,0.0,0,1.0,0.0,0
16:19:19,4300.65,2549.0,0.20000000298023224,1,0.0,0.0,0,1.0,0.0,0
16:19:19,4301.41,2543.0,0.20000000298023224,1,0.0,0.0,0,1.0,0.0,0
16:19:20,4302.17,2537.0,0.20000000298023224,1,0.0,0.0,0,1.0,0.0,0
16:19:21,4302.93,2525.0,0.20000000298023224,1,0.0,0.0,0,1.0,0.0,0
16:19:22,4303.69,2518.0,0.20000000298023224,1,0.0,0.0,0,1.0,0.0,0
16:19:22,4304.42,2512.0,0.20000000298023224,1,0.0,0.0,0,1.0,0.0,0
16:19:23,4305.21,2506.0,0.20000000298023224,1,0.0,0.0,0,1.0,0.0,0
16:19:24,4305.95,2500.0,0.20000000298023224,1,0.0,0.0,0,1.0,0.0,0
16:19:25,4306.68,2487.0,0.20000000298023224,1,0.0,0.0,0,1.0,0.0,0
16:19:25,4307.42,2482.0,0.20000000298023224,1,0.0,0.0,0,1.0,0.0,0
16:19:26,4308.17,2475.0,0.20000000298023224,1,0.0,0.0,0,1.0,0.0,0
16:19:27,4308.9,2469.0,0.20000000298023224,1,0.0,0.0,0,1.0,0.0,0
16:19:27,4309.62,2463.0,0.20000000298023224,1,0.0,0.0,0,1.0,0.0,0
16:19:28,4310.37,2456.0,0.20000000298023224,1,0.0,0.0,0,1.0,0.0,0
16:19:29,4311.09,2450.0,0.20000000298023224,1,0.0,0.0,0,1.0,0.0,0
16:19:30,4311.83,2438.0,0.20000000298023224,1,0.0,0.0,0,1.0,0.0,0
16:19:30,4312.56,2432.0,0.20000000298023224,1,0.0,0.0,0,1.0,0.0,0
16:19:31,4313.29,2426.0,0.20000000298023224,1,0.0,0.0,0,1.0,0.0,0
16:19:32,4314.03,2419.0,0.20000000298023224,1,0.0,0.0,0,1.0,0.0,0
16:19:33,4314.76,2413.0,0.20000000298023224,1,0.0,0.0,0,1.0,0.0,0
16:19:33,4315.5,2401.0,0.20000000298023224,1,0.0,0.0,0,1.0,0.0,0
16:19:34,4316.24,2395.0,0.20000000298023224,1,0.0,0.0,0,1.0,0.0,0
16:19:35,4316.97,2388.0,0.20000000298023224,1,0.0,0.0,0,1.0,0.0,0
16:19:36,4317.71,2382.0,0.20000000298023224,1,0.0,0.0,0,1.0,0.0,0
16:19:36,4318.44,2376.0,0.20000000298023224,1,0.0,0.0,0,1.0,0.0,0
16:19:37,4319.17,2369.0,0.20000000298023224,1,0.0,0.0,0,1.0,0.0,0
16:19:38,4319.89,2364.0,0.20000000298023224,1,0.0,0.0,0,1.0,0.0,0
16:19:38,4320.63,2358.0,0.20000000298023224,1,0.0,0.0,0,1.0,0.0,0
16:19:39,4321.36,2352.0,0.20000000298023224,1,0.0,0.0,0,1.0,0.0,0
16:19:40,4322.1,2345.0,0.20000000298023224,1,0.0,0.0,0,1.0,0.0,0
16:19:41,4322.83,2333.0,0.20000000298023224,1,0.0,0.0,0,1.0,0.0,0
16:19:41,4323.56,2327.0,0.20000000298023224,1,0.0,0.0,0,1.0,0.0,0
16:19:42,4324.31,2314.0,0.20000000298023224,1,0.0,0.0,0,1.0,0.0,0
16:19:43,4325.05,2308.0,0.20000000298023224,1,0.0,0.0,0,1.0,0.0,0
16:19:44,4325.82,2302.0,0.20000000298023224,1,0.0,0.0,0,1.0,0.0,0
16:19:44,4326.56,2296.0,0.20000000298023224,1,0.0,0.0,0,1.0,0.0,0
16:19:45,4327.3,2289.0,0.20000000298023224,1,0.0,0.0,0,1.0,0.0,0
16:19:46,4328.03,2283.0,0.20000000298023224,1,0.0,0.0,0,1.0,0.0,0
16:19:47,4328.77,2277.0,0.10000000149011612,1,0.0,0.0,0,1.0,0.0,0
16:19:47,4329.5,2271.0,0.10000000149011612,1,0.0,0.0,0,1.0,0.0,0
16:19:48,4330.27,2265.0,0.10000000149011612,1,0.0,0.0,0,1.0,0.0,0
16:19:49,4331.03,2259.0,0.10000000149011612,1,0.0,0.0,0,1.0,0.0,0
16:19:50,4331.77,2246.0,0.10000000149011612,1,0.0,0.0,0,1.0,0.0,0
16:19:50,4332.5,2240.0,0.10000000149011612,1,0.0,0.0,0,1.0,0.0,0
16:19:51,4333.24,2234.0,0.10000000149011612,1,0.0,0.0,0,1.0,0.0,0
16:19:52,4333.97,2221.0,0.10000000149011612,1,0.0,0.0,0,1.0,0.0,0
16:19:53,4334.71,2215.0,0.10000000149011612,1,0.0,0.0,0,1.0,0.0,0
16:19:53,4335.45,2209.0,0.10000000149011612,1,0.0,0.0,0,1.0,0.0,0
16:19:54,4336.18,2203.0,0.10000000149011612,1,0.0,0.0,0,1.0,0.0,0
16:19:55,4336.91,2196.0,0.10000000149011612,1,0.0,0.0,0,1.0,0.0,0
16:19:56,4337.64,2190.0,0.10000000149011612,1,0.0,0.0,0,1.0,0.0,0
16:19:56,4338.37,2184.0,0.10000000149011612,1,0.0,0.0,0,1.0,0.0,0
16:19:57,4339.11,2178.0,0.10000000149011612,1,0.0,0.0,0,1.0,0.0,0
16:19:58,4339.84,2172.0,0.10000000149011612,1,0.0,0.0,0,1.0,0.0,0
16:19:58,4340.57,2165.0,0.10000000149011612,1,0.0,0.0,0,1.0,0.0,0
16:19:59,4341.31,2159.0,0.10000000149011612,1,0.0,0.0,0,1.0,0.0,0
16:20:00,4342.04,2153.0,0.10000000149011612,1,0.0,0.0,0,1.0,0.0,0
16:20:01,4342.78,2134.0,0.10000000149011612,1,0.0,0.0,0,1.0,0.0,0
16:20:01,4343.53,2128.0,0.10000000149011612,1,0.0,0.0,0,1.0,0.0,0
16:20:02,4344.27,2122.0,0.10000000149011612,1,0.0,0.0,0,1.0,0.0,0
16:20:03,4345.02,2116.0,0.10000000149011612,1,0.0,0.0,0,1.0,0.0,0
16:20:04,4345.79,2110.0,0.10000000149011612,1,0.0,0.0,0,1.0,0.0,0
16:20:04,4346.55,2104.0,0.10000000149011612,1,0.0,0.0,0,1.0,0.0,0
16:20:05,4347.29,2098.0,0.10000000149011612,1,0.0,0.0,0,1.0,0.0,0
16:20:06,4348.03,2091.0,0.10000000149011612,1,0.0,0.0,0,1.0,0.0,0
16:20:07,4348.81,2085.0,0.10000000149011612,1,0.0,0.0,0,1.0,0.0,0
16:20:07,4349.54,2079.0,0.10000000149011612,1,0.0,0.0,0,1.0,0.0,0
16:20:08,4350.29,2073.0,0.10000000149011612,1,0.0,0.0,0,1.0,0.0,0
16:20:09,4351.03,2060.0,0.10000000149011612,1,0.0,0.0,0,1.0,0.0,0
16:20:10,4351.79,2048.0,0.10000000149011612,1,0.0,0.0,0,1.0,0.0,0
16:20:10,4352.51,2041.0,0.10000000149011612,1,0.0,0.0,0,1.0,0.0,0
16:20:11,4353.26,2035.0,0.10000000149011612,1,0.0,0.0,0,1.0,0.0,0
16:20:12,4354.0,2029.0,0.10000000149011612,1,0.0,0.0,0,1.0,0.0,0
16:20:13,4354.74,2023.0,0.10000000149011612,1,0.0,0.0,0,1.0,0.0,0
16:20:13,4355.48,2016.0,0.10000000149011612,1,0.0,0.0,0,1.0,0.0,0
16:20:14,4356.24,2010.0,0.10000000149011612,1,0.0,0.0,0,1.0,0.0,0
16:20:15,4357.01,2004.0,0.10000000149011612,1,0.0,0.0,0,1.0,0.0,0
16:20:16,4357.75,1998.0,0.10000000149011612,1,0.0,0.0,0,1.0,0.0,0
16:20:16,4358.49,1992.0,0.10000000149011612,1,0.0,0.0,0,1.0,0.0,0
16:20:17,4359.21,1985.0,0.10000000149011612,1,0.0,0.0,0,1.0,0.0,0
16:20:18,4359.97,1973.0,0.10000000149011612,1,0.0,0.0,0,1.0,0.0,0
16:20:19,4360.74,1967.0,0.10000000149011612,1,0.0,0.0,0,1.0,0.0,0
16:20:19,4361.49,1954.0,0.10000000149011612,1,0.0,0.0,0,1.0,0.0,0
16:20:20,4362.22,1949.0,0.10000000149011612,1,0.0,0.0,0,1.0,0.0,0
16:20:21,4362.95,1942.0,0.10000000149011612,1,0.0,0.0,0,1.0,0.0,0
16:20:22,4363.68,1936.0,0.10000000149011612,1,0.0,0.0,0,1.0,0.0,0
16:20:22,4364.42,1930.0,0.10000000149011612,1,0.0,0.0,0,1.0,0.0,0
16:20:23,4365.15,1924.0,0.10000000149011612,1,0.0,0.0,0,1.0,0.0,0
16:20:24,4365.88,1918.0,0.10000000149011612,1,0.0,0.0,0,1.0,0.0,0
16:20:24,4366.62,1911.0,0.10000000149011612,1,0.0,0.0,0,1.0,0.0,0
16:20:25,4367.36,1905.0,0.10000000149011612,1,0.0,0.0,0,1.0,0.0,0
16:20:26,4368.09,1899.0,0.10000000149011612,1,0.0,0.0,0,1.0,0.0,0
16:20:27,4368.82,1893.0,0.10000000149011612,1,0.0,0.0,0,1.0,0.0,0
16:20:27,4369.58,1887.0,0.10000000149011612,1,0.0,0.0,0,1.0,0.0,0
16:20:28,4370.31,1868.0,0.10000000149011612,1,0.0,0.0,0,1.0,0.0,0
16:20:29,4371.03,1861.0,0.10000000149011612,1,0.0,0.0,0,1.0,0.0,0
16:20:30,4371.77,1856.0,0.10000000149011612,1,0.0,0.0,0,1.0,0.0,0
16:20:30,4372.5,1849.0,0.10000000149011612,1,0.0,0.0,0,1.0,0.0,0
16:20:31,4373.26,1843.0,0.10000000149011612,1,0.0,0.0,0,1.0,0.0,0
16:20:32,4374.0,1837.0,0.10000000149011612,1,0.0,0.0,0,1.0,0.0,0
16:20:33,4374.74,1831.0,0.10000000149011612,1,0.0,0.0,0,1.0,0.0,0
16:20:33,4375.48,1825.0,0.10000000149011612,1,0.0,0.0,0,1.0,0.0,0
16:20:34,4376.22,1818.0,0.10000000149011612,1,0.0,0.0,0,1.0,0.0,0
16:20:35,4376.96,1812.0,0.10000000149011612,1,0.0,0.0,0,1.0,0.0,0
16:20:36,4377.7,1806.0,0.10000000149011612,1,0.0,0.0,0,1.0,0.0,0
16:20:36,4378.44,1800.0,0.10000000149011612,1,0.0,0.0,0,1.0,0.0,0
16:20:37,4379.17,1794.0,0.10000000149011612,1,0.0,0.0,0,1.0,0.0,0
16:20:38,4379.9,1781.0,0.10000000149011612,1,0.0,0.0,0,1.0,0.0,0
16:20:39,4380.64,1769.0,0.10000000149011612,1,0.0,0.0,0,1.0,0.0,0
16:20:39,4381.38,1763.0,0.10000000149011612,1,0.0,0.0,0,1.0,0.0,0
16:20:40,4382.12,1756.0,0.10000000149011612,1,0.0,0.0,0,1.0,0.0,0
16:20:41,4382.87,1750.0,0.10000000149011612,1,0.0,0.0,0,1.0,0.0,0
16:20:41,4383.6,1744.0,0.10000000149011612,1,0.0,0.0,0,1.0,0.0,0
16:20:42,4384.36,1738.0,0.10000000149011612,1,0.0,0.0,0,1.0,0.0,0
16:20:43,4385.09,1732.0,0.10000000149011612,1,0.0,0.0,0,1.0,0.0,0
16:20:44,4385.86,1725.0,0.10000000149011612,1,0.0,0.0,0,1.0,0.0,0
16:20:44,4386.6,1719.0,0.10000000149011612,1,0.0,0.0,0,1.0,0.0,0
16:20:45,4387.35,1713.0,0.10000000149011612,1,0.0,0.0,0,1.0,0.0,0
16:20:46,4388.08,1707.0,0.10000000149011612,1,0.0,0.0,0,1.0,0.0,0
16:20:47,4388.81,1697.0,0.10000000149011612,1,0.0,0.0,0,1.0,0.0,0
16:20:47,4389.55,1682.0,0.10000000149011612,1,0.0,0.0,0,1.0,0.0,0
16:20:48,4390.3,1677.0,0.10000000149011612,1,0.0,0.0,0,1.0,0.0,0
16:20:49,4391.04,1670.0,0.10000000149011612,1,0.0,0.0,0,1.0,0.0,0
16:20:50,4391.8,1664.0,0.10000000149011612,1,0.0,0.0,0,1.0,0.0,0
16:20:50,4392.53,1658.0,0.10000000149011612,1,0.0,0.0,0,1.0,0.0,0
16:20:51,4393.25,1651.0,0.10000000149011612,1,0.0,0.0,0,1.0,0.0,0
16:20:52,4394.01,1646.0,0.10000000149011612,1,0.0,0.0,0,1.0,0.0,0
16:20:53,4394.77,1639.0,0.10000000149011612,1,0.0,0.0,0,1.0,0.0,0
16:20:53,4395.51,1633.0,0.10000000149011612,1,0.0,0.0,0,1.0,0.0,0
16:20:54,4396.25,1627.0,0.10000000149011612,1,0.0,0.0,0,1.0,0.0,0
16:20:55,4396.99,1620.0,0.10000000149011612,1,0.0,0.0,0,1.0,0.0,0
16:20:56,4397.74,1615.0,0.10000000149011612,1,0.0,0.0,0,1.0,0.0,0
16:20:56,4398.48,1602.0,0.10000000149011612,1,0.0,0.0,0,1.0,0.0,0
16:20:57,4399.22,1590.0,0.10000000149011612,1,0.0,0.0,0,1.0,0.0,0
16:20:58,4399.98,1584.0,0.10000000149011612,1,0.0,0.0,0,1.0,0.0,0
16:20:59,4400.7,1577.0,0.10000000149011612,1,0.0,0.0,0,1.0,0.0,0
16:20:59,4401.45,1571.0,0.10000000149011612,1,0.0,0.0,0,1.0,0.0,0
16:21:00,4402.18,1565.0,0.10000000149011612,1,0.0,0.0,0,1.0,0.0,0
16:21:01,4402.92,1558.0,0.10000000149011612,1,0.0,0.0,0,1.0,0.0,0
16:21:02,4403.68,1552.0,0.10000000149011612,1,0.0,0.0,0,1.0,0.0,0
16:21:02,4404.43,1546.0,0.10000000149011612,1,0.0,0.0,0,1.0,0.0,0
16:21:03,4405.18,1540.0,0.10000000149011612,1,0.0,0.0,0,1.0,0.0,0
16:21:04,4405.92,1534.0,0.10000000149011612,1,0.0,0.0,0,1.0,0.0,0
16:21:05,4406.69,1527.0,0.10000000149011612,1,0.0,0.0,0,1.0,0.0,0
16:21:05,4407.42,1515.0,0.10000000149011612,1,0.0,0.0,0,1.0,0.0,0
16:21:06,4408.18,1503.0,0.10000000149011612,1,0.0,0.0,0,1.0,0.0,0
16:21:07,4408.91,1496.0,0.10000000149011612,1,0.0,0.0,0,1.0,0.0,0
16:21:08,4409.63,1491.0,0.10000000149011612,1,0.0,0.0,0,1.0,0.0,0
16:21:08,4410.43,1484.0,0.10000000149011612,1,0.0,0.0,0,1.0,0.0,0
16:21:09,4411.15,1478.0,0.10000000149011612,1,0.0,0.0,0,1.0,0.0,0
16:21:10,4411.9,1472.0,0.10000000149011612,1,0.0,0.0,0,1.0,0.0,0
16:21:11,4412.64,1465.0,0.10000000149011612,1,0.0,0.0,0,1.0,0.0,0
16:21:11,4413.37,1460.0,0.10000000149011612,1,0.0,0.0,0,1.0,0.0,0
16:21:12,4414.13,1453.0,0.10000000149011612,1,0.0,0.0,0,1.0,0.0,0
16:21:13,4414.88,1447.0,0.10000000149011612,1,0.0,0.0,0,1.0,0.0,0
16:21:13,4415.63,1441.0,0.10000000149011612,1,0.0,0.0,0,1.0,0.0,0
16:21:14,4416.36,1429.0,0.10000000149011612,1,0.0,0.0,0,1.0,0.0,0
16:21:15,4417.09,1416.0,0.10000000149011612,1,0.0,0.0,0,1.0,0.0,0
16:21:16,4417.82,1410.0,0.10000000149011612,1,0.0,0.0,0,1.0,0.0,0
16:21:16,4418.61,1404.0,0.10000000149011612,1,0.0,0.0,0,1.0,0.0,0
16:21:17,4419.34,1397.0,0.10000000149011612,1,0.0,0.0,0,1.0,0.0,0
16:21:18,4420.08,1391.0,0.10000000149011612,1,0.0,0.0,0,1.0,0.0,0
16:21:19,4420.8,1385.0,0.10000000149011612,1,0.0,0.0,0,1.0,0.0,0
16:21:19,4421.55,1379.0,0.10000000149011612,1,0.0,0.0,0,1.0,0.0,0
16:21:20,4422.29,1372.0,0.10000000149011612,1,0.0,0.0,0,1.0,0.0,0
16:21:21,4423.04,1366.0,0.10000000149011612,1,0.0,0.0,0,1.0,0.0,0
16:21:22,4423.78,1360.0,0.10000000149011612,1,0.0,0.0,0,1.0,0.0,0
16:21:22,4424.51,1354.0,0.10000000149011612,1,0.0,0.0,0,1.0,0.0,0
16:21:23,4425.25,1348.0,0.10000000149011612,1,0.0,0.0,0,1.0,0.0,0
16:21:24,4425.99,1336.0,0.0,1,0.0,0.0,0,1.0,0.0,0
16:21:25,4426.75,1323.0,0.0,1,0.0,0.0,0,1.0,0.0,0
16:21:25,4427.48,1317.0,0.0,1,0.0,0.0,0,1.0,0.0,0
16:21:26,4428.23,1310.0,0.0,1,0.0,0.0,0,1.0,0.0,0
16:21:27,4428.97,1305.0,0.0,1,0.0,0.0,0,1.0,0.0,0
16:21:28,4429.7,1298.0,0.0,1,0.0,0.0,0,1.0,0.0,0
16:21:28,4430.43,1292.0,0.0,1,0.0,0.0,0,1.0,0.0,0
16:21:29,4431.21,1286.0,0.0,1,0.0,0.0,0,1.0,0.0,0
16:21:30,4431.95,1279.0,0.0,1,0.0,0.0,0,1.0,0.0,0
16:21:31,4432.68,1273.0,0.0,1,0.0,0.0,0,1.0,0.0,0
16:21:31,4433.4,1267.0,0.0,1,0.0,0.0,0,1.0,0.0,0
16:21:32,4434.13,1261.0,0.0,1,0.0,0.0,0,1.0,0.0,0
16:21:33,4434.86,1249.0,0.0,1,0.0,0.0,0,1.0,0.0,0
16:21:33,4435.63,1243.0,0.0,1,0.0,0.0,0,1.0,0.0,0
16:21:34,4436.37,1230.0,0.0,1,0.0,0.0,0,1.0,0.0,0
16:21:35,4437.12,1224.0,0.0,1,0.0,0.0,0,1.0,0.0,0
16:21:36,4437.88,1218.0,0.0,1,0.0,0.0,0,1.0,0.0,0
16:21:36,4438.63,1212.0,0.0,1,0.0,0.0,0,1.0,0.0,0
16:21:37,4439.37,1205.0,0.0,1,0.0,0.0,0,1.0,0.0,0
16:21:38,4440.11,1199.0,0.0,1,0.0,0.0,0,1.0,0.0,0
16:21:39,4440.86,1193.0,0.0,1,0.0,0.0,0,1.0,0.0,0
16:21:39,4441.6,1186.0,0.0,1,0.0,0.0,0,1.0,0.0,0
16:21:40,4442.33,1181.0,0.0,1,0.0,0.0,0,1.0,0.0,0
16:21:41,4443.09,1174.0,0.0,1,0.0,0.0,0,1.0,0.0,0
16:21:42,4443.83,1162.0,0.0,1,0.0,0.0,0,1.0,0.0,0
16:21:42,4444.55,1156.0,0.0,1,0.0,0.0,0,1.0,0.0,0
16:21:43,4445.28,1143.0,0.0,1,0.0,0.0,0,1.0,0.0,0
16:21:44,4446.02,1137.0,0.0,1,0.0,0.0,0,1.0,0.0,0
16:21:45,4446.76,1131.0,0.0,1,0.0,0.0,0,1.0,0.0,0
16:21:45,4447.51,1125.0,0.0,1,0.0,0.0,0,1.0,0.0,0
16:21:46,4448.25,1119.0,0.0,1,0.0,0.0,0,1.0,0.0,0
16:21:47,4449.01,1112.0,0.0,1,0.0,0.0,0,1.0,0.0,0
16:21:48,4449.76,1106.0,0.0,1,0.0,0.0,0,1.0,0.0,0
16:21:48,4450.49,1100.0,0.0,1,0.0,0.0,0,1.0,0.0,0
16:21:49,4451.24,1094.0,0.0,1,0.0,0.0,0,1.0,0.0,0
16:21:50,4451.99,1088.0,0.0,1,0.0,0.0,0,1.0,0.0,0
16:21:51,4452.71,1081.0,0.0,1,0.0,0.0,0,1.0,0.0,0
16:21:51,4453.44,1069.0,0.0,1,0.0,0.0,0,1.0,0.0,0
16:21:52,4454.21,1057.0,0.0,1,0.0,0.0,0,1.0,0.0,0
16:21:53,4454.95,1050.0,0.0,1,0.0,0.0,0,1.0,0.0,0
16:21:54,4455.69,1044.0,0.0,1,0.0,0.0,0,1.0,0.0,0
16:21:54,4456.43,1037.0,0.0,1,0.0,0.0,0,1.0,0.0,0
16:21:55,4457.16,1031.0,0.0,1,0.0,0.0,0,1.0,0.0,0
16:21:56,4457.89,1025.0,0.0,1,0.0,0.0,0,1.0,0.0,0
16:21:57,4458.65,1019.0,0.0,1,0.0,0.0,0,1.0,0.0,0
16:21:57,4459.4,1013.0,0.0,1,0.0,0.0,0,1.0,0.0,0
16:21:58,4460.13,1007.0,0.0,1,0.0,0.0,0,1.0,0.0,0
16:21:59,4460.86,1001.0,0.0,1,0.0,0.0,0,1.0,0.0,0
16:21:59,4461.6,995.0,0.0,1,0.0,0.0,0,1.0,0.0,0
16:22:00,4462.42,982.0,0.0,1,0.0,0.0,0,1.0,0.0,0
16:22:01,4463.16,970.0,0.0,1,0.0,0.0,0,1.0,0.0,0
16:22:02,4463.9,964.0,0.0,1,0.0,0.0,0,1.0,0.0,0
16:22:03,4464.65,958.0,0.0,1,0.0,0.0,0,1.0,0.0,0
16:22:03,4465.4,951.0,0.0,1,0.0,0.0,0,1.0,0.0,0
16:22:04,4466.13,945.0,0.0,1,0.0,0.0,0,1.0,0.0,0
16:22:05,4466.86,939.0,0.0,1,0.0,0.0,0,1.0,0.0,0
16:22:05,4467.58,933.0,0.0,1,0.0,0.0,0,1.0,0.0,0
16:22:06,4468.31,927.0,0.0,1,0.0,0.0,0,1.0,0.0,0
16:22:07,4469.06,920.0,0.0,1,0.0,0.0,0,1.0,0.0,0
16:22:08,4469.79,914.0,0.0,1,0.0,0.0,0,1.0,0.0,0
16:22:08,4470.55,908.0,0.0,1,0.0,0.0,0,1.0,0.0,0
16:22:09,4471.29,902.0,0.0,1,0.0,0.0,0,1.0,0.0,0
16:22:10,4472.03,889.0,0.0,1,0.0,0.0,0,1.0,0.0,0
16:22:11,4472.77,883.0,0.0,1,0.0,0.0,0,1.0,0.0,0
16:22:11,4473.51,871.0,0.0,1,0.0,0.0,0,1.0,0.0,0
16:22:12,4474.24,865.0,0.0,1,0.0,0.0,0,1.0,0.0,0
16:22:13,4475.0,858.0,0.0,1,0.0,0.0,0,1.0,0.0,0
16:22:14,4475.74,852.0,0.0,1,0.0,0.0,0,1.0,0.0,0
16:22:14,4476.48,846.0,0.0,1,0.0,0.0,0,1.0,0.0,0
16:22:15,4477.22,840.0,0.0,1,0.0,0.0,0,1.0,0.0,0
16:22:16,4477.95,834.0,0.0,1,0.0,0.0,0,1.0,0.0,0
16:22:17,4478.7,827.0,0.0,1,0.0,0.0,0,1.0,0.0,0
16:22:17,4479.49,821.0,0.0,1,0.0,0.0,0,1.0,0.0,0
16:22:18,4480.27,815.0,0.0,1,0.0,0.0,0,1.0,0.0,0
16:22:19,4481.01,803.0,0.0,1,0.0,0.0,0,1.0,0.0,0
16:22:20,4481.78,792.0,0.0,1,0.0,0.0,0,1.0,0.0,0
16:22:20,4482.53,791.0,0.0,1,0.0,0.0,0,1.0,0.0,0
16:22:21,4483.28,791.0,0.0,1,0.0,0.0,0,1.0,0.0,0
16:22:22,4484.03,790.0,0.0,1,0.0,0.0,0,1.0,0.0,0
16:22:23,4484.82,790.0,0.0,1,0.0,0.0,0,1.0,0.0,0
16:22:23,4485.59,778.0,0.0,1,0.0,0.0,0,1.0,0.0,0
16:22:24,4486.4,758.0,0.0,1,0.0,0.0,0,1.0,0.0,0
16:22:25,4487.16,750.0,0.0,1,0.0,0.0,0,1.0,0.0,0
16:22:26,4487.88,743.0,0.0,1,0.0,0.0,0,1.0,0.0,0
16:22:26,4488.61,731.0,0.0,1,0.0,0.0,0,1.0,0.0,0
16:22:27,4489.39,725.0,0.0,1,0.0,0.0,0,1.0,0.0,0
16:22:28,4490.16,712.0,0.0,1,0.0,0.0,0,1.0,0.0,0
16:22:29,4490.93,707.0,0.0,1,0.0,0.0,0,1.0,0.0,0
16:22:30,4491.69,700.0,0.0,1,0.0,0.0,0,1.0,0.0,0
16:22:30,4492.46,694.0,0.0,1,0.0,0.0,0,1.0,0.0,0
16:22:31,4493.25,688.0,0.0,1,0.0,0.0,0,1.0,0.0,0
16:22:32,4494.04,681.0,0.0,1,0.0,0.0,0,1.0,0.0,0
16:22:33,4494.81,669.0,0.0,1,0.0,0.0,0,1.0,0.0,0
16:22:33,4495.57,663.0,0.0,1,0.0,0.0,0,1.0,0.0,0
16:22:34,4496.34,657.0,0.0,1,0.0,0.0,0,1.0,0.0,0
16:22:35,4497.12,651.0,0.0,1,0.0,0.0,0,1.0,0.0,0
16:22:36,4497.87,645.0,0.0,1,0.0,0.0,0,1.0,0.0,0
16:22:37,4498.64,638.0,0.0,1,0.0,0.0,0,1.0,0.0,0
16:22:37,4499.38,626.0,0.0,1,0.0,0.0,0,1.0,0.0,0
16:22:38,4500.12,620.0,0.0,1,0.0,0.0,0,1.0,0.0,0
16:22:39,4500.92,614.0,0.0,1,0.0,0.0,0,1.0,0.0,0
16:22:40,4501.67,601.0,0.0,1,0.0,0.0,0,1.0,0.0,0
16:22:40,4502.41,595.0,0.0,1,0.0,0.0,0,1.0,0.0,0
16:22:41,4503.14,589.0,0.0,1,0.0,0.0,0,1.0,0.0,0
16:22:42,4503.87,585.0,0.0,1,0.0,0.0,0,1.0,0.0,0
16:22:42,4504.61,576.0,0.0,1,0.0,0.0,0,1.0,0.0,0
16:22:43,4505.35,569.0,0.0,1,0.0,0.0,0,1.0,0.0,0
16:22:44,4506.08,564.0,0.0,1,0.0,0.0,0,1.0,0.0,0
16:22:45,4506.81,557.0,0.0,1,0.0,0.0,0,1.0,0.0,0
16:22:45,4507.54,549.0,0.0,1,0.0,0.0,0,1.0,0.0,0
16:22:46,4508.27,545.0,0.0,1,0.0,0.0,0,1.0,0.0,0
16:22:47,4509.03,532.0,0.0,1,0.0,0.0,0,1.0,0.0,0
16:22:48,4509.76,526.0,0.0,1,0.0,0.0,0,1.0,0.0,0
16:22:48,4510.5,519.0,0.0,1,0.0,0.0,0,1.0,0.0,0
16:22:49,4511.24,514.0,0.0,1,0.0,0.0,0,1.0,0.0,0
16:22:50,4512.01,501.0,0.0,1,0.0,0.0,0,1.0,0.0,0
16:22:51,4512.76,494.0,0.0,1,0.0,0.0,0,1.0,0.0,0
16:22:51,4513.52,490.0,0.0,1,0.0,0.0,0,1.0,0.0,0
16:22:52,4514.25,483.0,0.0,1,0.0,0.0,0,1.0,0.0,0
16:22:53,4514.97,477.0,0.0,1,0.0,0.0,0,1.0,0.0,0
16:22:54,4515.71,471.0,0.0,1,0.0,0.0,0,1.0,0.0,0
16:22:54,4516.45,463.0,0.0,1,0.0,0.0,0,1.0,0.0,0
16:22:55,4517.19,457.0,0.0,1,0.0,0.0,0,1.0,0.0,0
16:22:56,4517.96,446.0,0.0,1,0.0,0.0,0,1.0,0.0,0
16:22:57,4518.69,440.0,0.0,1,0.0,0.0,0,1.0,0.0,0
16:22:57,4519.42,433.0,0.0,1,0.0,0.0,0,1.0,0.0,0
16:22:58,4520.14,428.0,0.0,1,0.0,0.0,0,1.0,0.0,0
16:22:59,4520.88,421.0,0.0,1,0.0,0.0,0,1.0,0.0,0
16:22:59,4521.6,409.0,0.0,1,0.0,0.0,0,1.0,0.0,0
16:23:00,4522.34,402.0,0.0,1,0.0,0.0,0,1.0,0.0,0
16:23:01,4523.07,396.0,0.0,1,0.0,0.0,0,1.0,0.0,0
16:23:02,4523.79,390.0,0.0,1,0.0,0.0,0,1.0,0.0,0
16:23:02,4524.54,385.0,0.0,1,0.0,0.0,0,1.0,0.0,0
16:23:03,4525.27,377.0,0.0,1,0.0,0.0,0,1.0,0.0,0
16:23:04,4526.0,371.0,0.0,1,0.0,0.0,0,1.0,0.0,0
16:23:05,4526.77,365.0,0.0,1,0.0,0.0,0,1.0,0.0,0
16:23:05,4527.54,353.0,0.0,1,0.0,0.0,0,1.0,0.0,0
16:23:06,4528.27,346.0,0.0,1,0.0,0.0,0,1.0,0.0,0
16:23:07,4529.0,340.0,0.0,1,0.0,0.0,0,1.0,0.0,0
16:23:08,4529.74,334.0,0.0,1,0.0,0.0,0,1.0,0.0,0
16:23:08,4530.49,329.0,0.0,1,0.0,0.0,0,1.0,0.0,0
16:23:09,4531.24,316.0,0.0,1,0.0,0.0,0,1.0,0.0,0
16:23:10,4531.97,310.0,0.0,1,0.0,0.0,0,1.0,0.0,0
16:23:11,4532.72,303.0,0.0,1,0.0,0.0,0,1.0,0.0,0
16:23:11,4533.46,297.0,0.0,1,0.0,0.0,0,1.0,0.0,0
16:23:12,4534.19,291.0,0.0,1,0.0,0.0,0,1.0,0.0,0
16:23:13,4534.92,284.0,0.0,1,0.0,0.0,0,1.0,0.0,0
16:23:14,4535.68,279.0,0.0,1,0.0,0.0,0,1.0,0.0,0
16:23:14,4536.42,266.0,0.0,1,0.0,0.0,0,1.0,0.0,0
16:23:15,4537.16,260.0,0.0,1,0.0,0.0,0,1.0,0.0,0
16:23:16,4537.89,254.0,0.0,1,0.0,0.0,0,1.0,0.0,0
16:23:16,4538.62,247.0,0.0,1,0.0,0.0,0,1.0,0.0,0
16:23:17,4539.37,242.0,0.0,1,0.0,0.0,0,1.0,0.0,0
16:23:18,4540.09,235.0,0.0,1,0.0,0.0,0,1.0,0.0,0
16:23:19,4540.85,229.0,0.0,1,0.0,0.0,0,1.0,0.0,0
16:23:19,4541.57,216.0,0.0,1,0.0,0.0,0,1.0,0.0,0
16:23:20,4542.34,211.0,0.0,1,0.0,0.0,0,1.0,0.0,0
16:23:21,4543.09,204.0,0.0,1,0.0,0.0,0,1.0,0.0,0
16:23:22,4543.84,197.0,0.0,1,0.0,0.0,0,1.0,0.0,0
16:23:22,4544.63,191.0,0.0,1,0.0,0.0,0,1.0,0.0,0
16:23:23,4545.37,185.0,0.0,1,0.0,0.0,0,1.0,0.0,0
16:23:24,4546.1,173.0,0.0,1,0.0,0.0,0,1.0,0.0,0
16:23:25,4546.86,168.0,0.0,1,0.0,0.0,0,1.0,0.0,0
16:23:25,4547.6,161.0,0.0,1,0.0,0.0,0,1.0,0.0,0
16:23:26,4548.36,154.0,0.0,1,0.0,0.0,0,1.0,0.0,0
16:23:27,4549.1,149.0,0.0,1,0.0,0.0,0,1.0,0.0,0
16:23:28,4549.88,136.0,0.0,1,0.0,0.0,0,1.0,0.0,0
16:23:28,4550.62,130.0,0.0,1,0.0,0.0,0,1.0,0.0,0
16:23:29,4551.36,124.0,0.0,1,0.0,0.0,0,1.0,0.0,0
16:23:30,4552.14,117.0,0.0,1,0.0,0.0,0,1.0,0.0,0
16:23:31,4552.87,111.0,0.0,1,0.0,0.0,0,1.0,0.0,0
16:23:31,4553.62,105.0,0.0,1,0.0,0.0,0,1.0,0.0,0
16:23:32,4554.37,99.0,0.0,1,0.0,0.0,0,1.0,0.0,0
16:23:33,4555.12,86.0,0.0,1,0.0,0.0,0,1.0,0.0,0
16:23:34,4555.85,80.0,0.0,1,0.0,0.0,0,1.0,0.0,0
16:23:34,4556.57,74.0,0.0,1,0.0,0.0,0,1.0,0.0,0
16:23:35,4557.31,67.0,0.0,1,0.0,0.0,0,1.0,0.0,0
16:23:36,4558.04,62.0,0.0,1,0.0,0.0,0,1.0,0.0,0
16:23:37,4558.77,49.0,0.0,1,0.0,0.0,0,1.0,0.0,0
16:23:37,4559.5,43.0,0.0,1,0.0,0.0,0,1.0,0.0,0
16:23:38,4560.24,37.0,0.0,1,0.0,0.0,0,1.0,0.0,0
16:23:39,4560.98,30.0,0.0,1,0.0,0.0,0,1.0,0.0,0
16:23:40,4561.71,24.0,0.0,1,0.0,0.0,0,1.0,0.0,0
16:23:40,4562.49,19.0,0.0,1,0.0,0.0,0,1.0,0.0,0
16:23:41,4563.23,16.0,0.0,1,0.0,0.0,0,1.0,0.0,0
16:23:42,4563.98,13.0,0.0,1,0.0,0.0,0,1.0,0.0,0
16:23:43,4564.72,8.0,0.0,1,0.0,0.0,0,1.0,0.0,0
16:23:43,4565.46,6.0,0.0,1,0.0,0.0,0,1.0,0.0,0
16:23:44,4566.19,5.0,0.0,1,0.0,0.0,0,1.0,0.0,0
16:23:45,4566.92,4.0,0.0,1,0.0,0.0,0,1.0,0.0,0
16:23:46,4567.65,3.0,0.0,1,0.0,0.0,0,1.0,0.0,0
16:23:46,4568.38,1.0,0.0,1,0.0,0.0,0,1.0,0.0,0
16:23:47,4569.12,1.0,0.0,1,0.0,0.0,0,1.0,0.0,0
16:23:48,4569.88,0.0,0.0,1,0.0,0.0,0,1.0,0.0,0
16:23:48,4570.62,0.0,0.0,1,0.0,0.0,0,1.0,0.0,0
16:23:49,4571.36,0.0,0.0,1,0.0,0.0,0,1.0,0.0,0
16:23:50,4572.11,0.0,0.0,1,0.0,0.0,0,1.0,0.0,0
16:23:51,4572.87,0.0,0.0,1,0.0,0.0,0,1.0,0.0,0
16:23:51,4573.6,0.0,0.0,1,0.0,0.0,0,1.0,0.0,0
16:23:52,4574.34,0.0,0.0,1,0.0,0.0,0,1.0,0.0,0
16:23:53,4575.09,0.0,0.0,1,0.0,0.0,0,1.0,0.0,0
16:23:54,4575.86,0.0,0.0,1,0.0,0.0,0,1.0,0.0,0
16:23:55,4576.64,0.0,0.0,1,0.0,0.0,0,1.0,0.0,0
16:23:55,4577.42,0.0,0.0,1,0.0,0.0,0,1.0,0.0,0
16:23:56,4578.19,0.0,0.0,1,0.0,0.0,0,1.0,0.0,0
16:23:57,4578.94,0.0,0.0,1,0.0,0.0,0,1.0,0.0,0
16:23:58,4579.69,0.0,0.0,1,0.0,0.0,0,1.0,0.0,0
16:23:58,4580.46,0.0,0.0,1,0.0,0.0,0,1.0,0.0,0
16:23:59,4581.21,0.0,0.0,1,0.0,0.0,0,1.0,0.0,0
16:24:00,4581.96,0.0,0.0,1,0.0,0.0,0,1.0,0.0,0
16:24:01,4582.71,0.0,0.0,1,0.0,0.0,0,1.0,0.0,0
16:24:01,4583.47,0.0,0.0,1,0.0,0.0,0,1.0,0.0,0
16:24:02,4584.21,0.0,0.0,1,0.0,0.0,0,1.0,0.0,0
16:24:03,4584.96,0.0,0.0,1,0.0,0.0,0,1.0,0.0,0
16:24:04,4585.7,0.0,0.0,1,0.0,0.0,0,1.0,0.0,0
16:24:04,4586.43,0.0,0.0,1,0.0,0.0,0,1.0,0.0,0
16:24:05,4587.16,0.0,0.0,1,0.0,0.0,0,1.0,0.0,0
16:24:06,4587.93,0.0,0.0,1,0.0,0.0,0,1.0,0.0,0
16:24:07,4588.72,0.0,0.0,1,0.0,0.0,0,1.0,0.0,0
16:24:07,4589.49,0.0,0.0,1,0.0,0.0,0,1.0,0.0,0
16:24:08,4590.33,0.0,0.0,1,0.0,0.0,0,1.0,0.0,0
16:24:09,4591.14,0.0,0.0,1,0.0,0.0,0,1.0,0.0,0
16:24:10,4591.86,0.0,0.0,1,0.0,0.0,0,1.0,0.0,0
16:24:10,4592.59,0.0,0.0,1,0.0,0.0,0,1.0,0.0,0
16:24:11,4593.33,0.0,0.0,1,0.0,0.0,0,1.0,0.0,0
16:24:12,4594.06,0.0,0.0,1,0.0,0.0,0,1.0,0.0,0
16:24:13,4594.8,0.0,0.0,1,0.0,0.0,0,1.0,0.0,0
16:24:13,4595.55,0.0,0.0,1,0.0,0.0,0,1.0,0.0,0
16:24:14,4596.29,0.0,0.0,1,0.0,0.0,0,1.0,0.0,0
16:24:15,4597.02,0.0,0.0,1,0.0,0.0,0,1.0,0.0,0
16:24:16,4597.78,0.0,0.0,1,0.0,0.0,0,1.0,0.0,0
16:24:16,4598.54,0.0,0.0,1,0.0,0.0,0,1.0,0.0,0
16:24:17,4599.27,0.0,0.0,1,0.0,0.0,0,1.0,0.0,0
16:24:18,4600.04,0.0,0.0,1,0.0,0.0,0,1.0,0.0,0
16:24:19,4600.76,0.0,0.0,1,0.0,0.0,0,1.0,0.0,0
16:24:19,4601.51,0.0,0.0,1,0.0,0.0,0,1.0,0.0,0
16:24:20,4602.27,0.0,0.0,1,0.0,0.0,0,1.0,0.0,0
16:24:21,4603.0,0.0,0.0,1,0.0,0.0,0,1.0,0.0,0
16:24:22,4603.74,0.0,0.0,1,0.0,0.0,0,1.0,0.0,0
16:24:22,4604.48,0.0,0.0,1,0.0,0.0,0,1.0,0.0,0
16:24:23,4605.22,0.0,0.0,1,0.0,0.0,0,1.0,0.0,0
16:24:24,4605.95,0.0,0.0,1,0.0,0.0,0,1.0,0.0,0
16:24:25,4606.69,0.0,0.0,1,0.0,0.0,0,1.0,0.0,0
16:24:25,4607.44,0.0,0.0,1,0.0,0.0,0,1.0,0.0,0
16:24:26,4608.21,0.0,0.0,1,0.0,0.0,0,1.0,0.0,0
16:24:27,4608.97,0.0,0.0,1,0.0,0.0,0,1.0,0.0,0
16:24:28,4609.72,0.0,0.0,1,0.0,0.0,0,1.0,0.0,0
16:24:28,4610.47,0.0,0.0,1,0.0,0.0,0,1.0,0.0,0
16:24:29,4611.19,0.0,0.0,1,0.0,0.0,0,1.0,0.0,0
16:24:30,4611.92,0.0,0.0,1,0.0,0.0,0,1.0,0.0,0
16:24:31,4612.64,0.0,0.0,1,0.0,0.0,0,1.0,0.0,0
16:24:31,4613.38,0.0,0.0,1,0.0,0.0,0,1.0,0.0,0
16:24:32,4614.12,0.0,0.0,1,0.0,0.0,0,1.0,0.0,0
16:24:33,4614.84,0.0,0.0,1,0.0,0.0,0,1.0,0.0,0
16:24:33,4615.58,0.0,0.0,1,0.0,0.0,0,1.0,0.0,0
16:24:34,4616.32,0.0,0.0,1,0.0,0.0,0,1.0,0.0,0
16:24:35,4617.04,0.0,0.0,1,0.0,0.0,0,1.0,0.0,0
16:24:36,4617.77,0.0,0.0,1,0.0,0.0,0,1.0,0.0,0
16:24:36,4618.52,0.0,0.0,1,0.0,0.0,0,1.0,0.0,0
16:24:37,4619.25,0.0,0.0,1,0.0,0.0,0,1.0,0.0,0
16:24:38,4619.99,0.0,0.0,1,0.0,0.0,0,1.0,0.0,0
16:24:39,4620.73,0.0,0.0,1,0.0,0.0,0,1.0,0.0,0
16:24:39,4621.49,0.0,0.0,1,0.0,0.0,0,1.0,0.0,0
16:24:40,4622.26,0.0,0.0,1,0.0,0.0,0,1.0,0.0,0
16:24:41,4622.99,0.0,0.0,1,0.0,0.0,0,1.0,0.0,0
16:24:42,4623.76,0.0,0.0,1,0.0,0.0,0,1.0,0.0,0
16:24:42,4624.51,0.0,0.0,1,0.0,0.0,0,1.0,0.0,0
16:24:43,4625.26,0.0,0.0,1,0.0,0.0,0,1.0,0.0,0
16:24:44,4625.98,0.0,0.0,1,0.0,0.0,0,1.0,0.0,0
16:24:45,4626.72,0.0,0.0,1,0.0,0.0,0,1.0,0.0,0
16:24:45,4627.45,0.0,0.0,1,0.0,0.0,0,1.0,0.0,0
16:24:46,4628.17,0.0,0.0,1,0.0,0.0,0,1.0,0.0,0
16:24:47,4628.89,0.0,0.0,1,0.0,0.0,0,1.0,0.0,0
16:24:47,4629.63,0.0,0.0,1,0.0,0.0,0,1.0,0.0,0
16:24:48,4630.39,0.0,0.0,1,0.0,0.0,0,1.0,0.0,0
16:24:49,4631.14,0.0,0.0,1,0.0,0.0,0,1.0,0.0,0
16:24:50,4631.87,0.0,0.0,1,0.0,0.0,0,1.0,0.0,0
16:24:50,4632.59,0.0,0.0,1,0.0,0.0,0,1.0,0.0,0
16:24:51,4633.34,0.0,0.0,1,0.0,0.0,0,1.0,0.0,0
16:24:52,4634.06,0.0,0.0,1,0.0,0.0,0,1.0,0.0,0
16:24:53,4634.8,0.0,0.0,1,0.0,0.0,0,1.0,0.0,0
16:24:53,4635.53,0.0,0.0,1,0.0,0.0,0,1.0,0.0,0
16:24:54,4636.29,0.0,0.0,1,0.0,0.0,0,1.0,0.0,0
16:24:55,4637.02,0.0,0.0,1,0.0,0.0,0,1.0,0.0,0
16:24:56,4637.76,0.0,0.0,1,0.0,0.0,0,1.0,0.0,0
16:24:56,4638.51,0.0,0.0,1,0.0,0.0,0,1.0,0.0,0
16:24:57,4639.26,0.0,0.0,1,0.0,0.0,0,1.0,0.0,0
16:24:58,4640.01,0.0,0.0,1,0.0,0.0,0,1.0,0.0,0
16:24:59,4640.74,0.0,0.0,1,0.0,0.0,0,1.0,0.0,0
16:24:59,4641.47,0.0,0.0,1,0.0,0.0,0,1.0,0.0,0
16:25:00,4642.21,0.0,0.0,1,0.0,0.0,0,1.0,0.0,0
16:25:01,4642.94,1.0,0.0,1,0.0,0.0,0,1.0,0.0,0
16:25:02,4643.67,33.0,0.0,1,0.0,0.0,0,1.0,0.0,0
16:25:02,4644.39,90.0,0.0,1,0.0,0.0,0,1.0,0.0,0
16:25:03,4645.12,155.0,0.10000000149011612,1,0.0,0.0,0,1.0,0.0,0
16:25:04,4645.85,220.0,0.20000000298023224,1,0.0,0.0,0,1.0,0.0,0
16:25:04,4646.62,286.0,0.20000000298023224,1,0.0,0.0,0,1.0,0.0,0
16:25:05,4647.36,349.0,0.20000000298023224,1,0.0,0.0,0,1.0,0.0,0
16:25:06,4648.09,431.0,0.20000000298023224,1,0.0,0.0,0,1.0,0.0,0
16:25:07,4648.84,601.0,0.10000000149011612,1,0.0,0.0,0,1.0,0.0,0
16:25:07,4649.58,677.0,0.20000000298023224,1,0.0,0.0,0,1.0,0.0,0
16:25:08,4650.36,722.0,0.0,1,0.0,0.0,0,1.0,0.0,0
16:25:09,4651.13,790.0,0.10000000149011612,1,0.0,0.0,0,1.0,0.0,0
16:25:10,4651.87,861.0,0.10000000149011612,1,0.0,0.0,0,1.0,0.0,0
16:25:10,4652.6,918.0,0.10000000149011612,1,0.0,0.0,0,1.0,0.0,0
16:25:11,4653.33,984.0,0.4000000059604645,1,0.0,0.0,0,1.0,0.0,0
16:25:12,4654.05,1008.0,0.0,1,0.0,0.0,0,1.0,0.0,0
16:25:13,4654.78,1002.0,0.10000000149011612,1,0.0,0.0,0,1.0,0.0,0
16:25:13,4655.52,1000.0,0.0,1,0.0,0.0,0,1.0,0.0,0
16:25:14,4656.25,999.0,0.4000000059604645,1,0.0,0.0,0,1.0,0.0,0
16:25:15,4657.0,996.0,0.0,1,0.0,0.0,0,1.0,0.0,0
16:25:16,4657.73,1003.0,0.10000000149011612,1,0.0,0.0,0,1.0,0.0,0
16:25:16,4658.46,1004.0,0.10000000149011612,1,0.0,0.0,0,1.0,0.0,0
16:25:17,4659.2,1004.0,0.0,1,0.0,0.0,0,1.0,0.0,0
16:25:18,4659.93,1002.0,0.0,1,0.0,0.0,0,1.0,0.0,0
16:25:19,4660.67,1005.0,0.10000000149011612,1,0.0,0.0,0,1.0,0.0,0
16:25:19,4661.42,997.0,0.0,1,0.0,0.0,0,1.0,0.0,0
16:25:20,4662.16,1001.0,0.0,1,0.0,0.0,0,1.0,0.0,0
16:25:21,4662.88,1004.0,0.0,1,0.0,0.0,0,1.0,0.0,0
16:25:21,4663.62,1000.0,0.0,1,0.0,0.0,0,1.0,0.0,0
16:25:22,4664.35,1005.0,0.0,1,0.0,0.0,0,1.0,0.0,0
16:25:23,4665.11,998.0,0.0,1,0.0,0.0,0,1.0,0.0,0
16:25:24,4665.84,998.0,0.0,1,0.0,0.0,0,1.0,0.0,0
16:25:24,4666.59,1001.0,0.10000000149011612,1,0.0,0.0,0,1.0,0.0,0
16:25:25,4667.31,991.0,0.0,1,0.0,0.0,0,1.0,0.0,0
16:25:26,4668.06,1003.0,0.0,1,0.0,0.0,0,1.0,0.0,0
16:25:27,4668.81,1000.0,0.0,1,0.0,0.0,0,1.0,0.0,0
16:25:27,4669.56,1002.0,0.0,1,0.0,0.0,0,1.0,0.0,0
16:25:28,4670.29,1002.0,0.0,1,0.0,0.0,0,1.0,0.0,0
16:25:29,4671.03,999.0,0.0,1,0.0,0.0,0,1.0,0.0,0
16:25:30,4671.77,1007.0,0.10000000149011612,1,0.0,0.0,0,1.0,0.0,0
16:25:30,4672.51,1006.0,0.10000000149011612,1,0.0,0.0,0,1.0,0.0,0
16:25:31,4673.28,995.0,0.0,1,0.0,0.0,0,1.0,0.0,0
16:25:32,4674.02,1001.0,0.0,1,0.0,0.0,0,1.0,0.0,0
16:25:33,4674.76,1001.0,0.10000000149011612,1,0.0,0.0,0,1.0,0.0,0
16:25:33,4675.49,1005.0,0.10000000149011612,1,0.0,0.0,0,1.0,0.0,0
16:25:34,4676.22,1000.0,0.10000000149011612,1,0.0,0.0,0,1.0,0.0,0
16:25:35,4676.96,1001.0,0.10000000149011612,1,0.0,0.0,0,1.0,0.0,0
16:25:36,4677.7,1004.0,0.0,1,0.0,0.0,0,1.0,0.0,0
16:25:36,4678.44,998.0,0.0,1,0.0,0.0,0,1.0,0.0,0
16:25:37,4679.17,1002.0,0.0,1,0.0,0.0,0,1.0,0.0,0
16:25:38,4679.91,1002.0,0.20000000298023224,1,0.0,0.0,0,1.0,0.0,0
16:25:39,4680.67,1000.0,0.10000000149011612,1,0.0,0.0,0,1.0,0.0,0
16:25:39,4681.41,1001.0,0.10000000149011612,1,0.0,0.0,0,1.0,0.0,0
16:25:40,4682.18,1006.0,0.10000000149011612,1,0.0,0.0,0,1.0,0.0,0
16:25:41,4682.93,988.0,0.0,1,0.0,0.0,0,1.0,0.0,0
16:25:42,4683.68,998.0,0.0,1,0.0,0.0,0,1.0,0.0,0
16:25:42,4684.42,1006.0,0.30000001192092896,1,0.0,0.0,0,1.0,0.0,0
16:25:43,4685.17,1013.0,0.30000001192092896,1,0.0,0.0,0,1.0,0.0,0
16:25:44,4685.95,999.0,0.10000000149011612,1,0.0,0.0,0,1.0,0.0,0
16:25:45,4686.74,1007.0,0.10000000149011612,1,0.0,0.0,0,1.0,0.0,0
16:25:45,4687.52,998.0,0.10000000149011612,1,0.0,0.0,0,1.0,0.0,0
16:25:46,4688.31,997.0,0.10000000149011612,1,0.0,0.0,0,1.0,0.0,0
16:25:47,4689.05,998.0,0.0,1,0.0,0.0,0,1.0,0.0,0
16:25:48,4689.8,998.0,0.0,1,0.0,0.0,0,1.0,0.0,0
16:25:48,4690.54,997.0,0.0,1,0.0,0.0,0,1.0,0.0,0
16:25:49,4691.29,1000.0,0.0,1,0.0,0.0,0,1.0,0.0,0
16:25:50,4692.04,993.0,0.0,1,0.0,0.0,0,1.0,0.0,0
16:25:51,4692.77,939.0,0.0,1,0.0,0.0,0,1.0,0.0,0
16:25:51,4693.51,818.0,0.0,1,0.0,0.0,0,1.0,0.0,0
16:25:52,4694.24,753.0,0.0,1,0.0,0.0,0,1.0,0.0,0
16:25:53,4695.0,689.0,0.0,1,0.0,0.0,0,1.0,0.0,0
16:25:54,4695.74,560.0,0.0,1,0.0,0.0,0,1.0,0.0,0
16:25:54,4696.51,496.0,0.0,1,0.0,0.0,0,1.0,0.0,0
16:25:55,4697.26,432.0,0.0,1,0.0,0.0,0,1.0,0.0,0
16:25:56,4698.01,368.0,0.0,1,0.0,0.0,0,1.0,0.0,0
16:25:57,4698.76,305.0,0.0,1,0.0,0.0,0,1.0,0.0,0
16:25:57,4699.49,248.0,0.0,1,0.0,0.0,0,1.0,0.0,0
16:25:58,4700.24,204.0,0.0,1,0.0,0.0,0,1.0,0.0,0
16:25:59,4701.0,168.0,0.0,1,0.0,0.0,0,1.0,0.0,0
16:26:00,4701.76,114.0,0.0,1,0.0,0.0,0,1.0,0.0,0
16:26:00,4702.5,93.0,0.0,1,0.0,0.0,0,1.0,0.0,0
16:26:01,4703.27,77.0,0.0,1,0.0,0.0,0,1.0,0.0,0
16:26:02,4704.01,63.0,0.0,1,0.0,0.0,0,1.0,0.0,0
16:26:03,4704.76,52.0,0.0,1,0.0,0.0,0,1.0,0.0,0
16:26:03,4705.52,35.0,0.0,1,0.0,0.0,0,1.0,0.0,0
16:26:04,4706.27,28.0,0.0,1,0.0,0.0,0,1.0,0.0,0
16:26:05,4707.0,23.0,0.0,1,0.0,0.0,0,1.0,0.0,0
16:26:06,4707.74,19.0,0.0,1,0.0,0.0,0,1.0,0.0,0
16:26:06,4708.5,15.0,0.0,1,0.0,0.0,0,1.0,0.0,0
16:26:07,4709.23,12.0,0.0,1,0.0,0.0,0,1.0,0.0,0
16:26:08,4709.95,10.0,0.0,1,0.0,0.0,0,1.0,0.0,0
16:26:09,4710.69,8.0,0.0,1,0.0,0.0,0,1.0,0.0,0
16:26:09,4711.45,5.0,0.0,1,0.0,0.0,0,1.0,0.0,0
16:26:10,4712.18,3.0,0.0,1,0.0,0.0,0,1.0,0.0,0
16:26:11,4712.94,3.0,0.0,1,0.0,0.0,0,1.0,0.0,0
16:26:12,4713.67,2.0,0.0,1,0.0,0.0,0,1.0,0.0,0
16:26:12,4714.44,1.0,0.0,1,0.0,0.0,0,1.0,0.0,0
16:26:13,4715.17,0.0,0.0,1,0.0,0.0,0,1.0,0.0,0
16:26:14,4715.95,0.0,0.0,1,0.0,0.0,0,1.0,0.0,0
16:26:15,4716.7,0.0,0.0,1,0.0,0.0,0,1.0,0.0,0
16:26:15,4717.45,0.0,0.0,1,0.0,0.0,0,1.0,0.0,0
16:26:16,4718.19,0.0,0.0,1,0.0,0.0,0,1.0,0.0,0
16:26:17,4718.97,0.0,0.0,1,0.0,0.0,0,1.0,0.0,0
16:26:18,4719.72,0.0,0.0,1,0.0,0.0,0,1.0,0.0,0
16:26:18,4720.45,0.0,0.0,1,0.0,0.0,0,1.0,0.0,0
16:26:19,4721.22,0.0,0.0,1,0.0,0.0,0,1.0,0.0,0
16:26:20,4721.96,0.0,0.0,1,0.0,0.0,0,1.0,0.0,0
16:26:21,4722.72,0.0,0.0,1,0.0,0.0,0,1.0,0.0,0
16:26:21,4723.46,0.0,0.0,1,0.0,0.0,0,1.0,0.0,0
16:26:22,4724.21,0.0,0.0,0,0.0,0.0,0,1.0,0.0,0
16:26:23,4724.96,0.0,0.0,0,0.0,0.0,0,1.0,0.0,0
16:26:24,4725.7,0.0,0.0,0,0.0,0.0,0,1.0,0.0,0
16:26:24,4726.45,0.0,0.0,0,0.0,0.0,0,1.0,0.0,0
16:26:25,4727.2,55.0,0.0,0,0.0,0.0,0,1.0,0.0,0
16:26:26,4727.93,51.0,0.0,0,0.0,0.0,0,1.0,0.0,0
16:26:27,4728.67,47.0,0.0,0,0.0,0.0,0,1.0,0.0,0
16:26:27,4729.43,43.0,0.0,0,0.0,0.0,0,1.0,0.0,0
16:26:28,4730.18,40.0,0.0,0,0.0,0.0,0,1.0,0.0,0
16:26:29,4730.91,36.0,0.0,0,0.0,0.0,0,1.0,0.0,0
16:26:30,4731.64,33.0,0.0,0,0.0,0.0,0,1.0,0.0,0
16:26:30,4732.37,30.0,0.0,0,0.0,0.0,0,1.0,0.0,0
16:26:31,4733.1,28.0,0.0,0,0.0,0.0,0,1.0,0.0,0
16:26:32,4733.82,23.0,0.0,0,0.0,0.0,0,1.0,0.0,0
16:26:32,4734.56,21.0,0.0,0,0.0,0.0,0,1.0,0.0,0
16:26:33,4735.32,19.0,0.0,0,0.0,0.0,0,1.0,0.0,0
16:26:34,4736.06,18.0,0.0,0,0.0,0.0,0,1.0,0.0,0
16:26:35,4736.79,16.0,0.0,0,0.0,0.0,0,1.0,0.0,0
16:26:35,4737.53,14.0,0.0,0,0.0,0.0,0,1.0,0.0,0
16:26:36,4738.28,12.0,0.0,0,0.0,0.0,0,1.0,0.0,0
16:26:37,4739.01,11.0,0.0,0,0.0,0.0,0,1.0,0.0,0
16:26:38,4739.79,10.0,0.0,0,0.0,0.0,0,1.0,0.0,0
16:26:38,4740.52,9.0,0.0,0,0.0,0.0,0,1.0,0.0,0
16:26:39,4741.26,8.0,0.0,0,0.0,0.0,0,1.0,0.0,0
16:26:40,4741.99,8.0,0.0,0,0.0,0.0,0,1.0,0.0,0
16:26:41,4742.74,7.0,0.0,0,0.0,0.0,0,1.0,0.0,0
16:26:41,4743.47,5.0,0.0,0,0.0,0.0,0,1.0,0.0,0
16:26:42,4744.22,5.0,0.0,0,0.0,0.0,0,1.0,0.0,0
16:26:43,4744.94,4.0,0.0,0,0.0,0.0,0,1.0,0.0,0
16:26:44,4745.7,4.0,0.0,0,0.0,0.0,0,1.0,0.0,0
16:26:44,4746.44,3.0,0.0,0,0.0,0.0,0,1.0,0.0,0
16:26:45,4747.17,3.0,0.0,0,0.0,0.0,0,1.0,0.0,0
16:26:46,4747.9,2.0,0.0,0,0.0,0.0,0,1.0,0.0,0
16:26:47,4748.67,2.0,0.0,0,0.0,0.0,0,1.0,0.0,0
16:26:47,4749.41,2.0,0.0,0,0.0,0.0,0,1.0,0.0,0
16:26:48,4750.16,1.0,0.0,0,0.0,0.0,0,1.0,0.0,0
16:26:49,4750.93,1.0,0.0,0,0.0,0.0,0,1.0,0.0,0
16:26:50,4751.68,1.0,0.0,0,0.0,0.0,0,1.0,0.0,0
16:26:50,4752.44,1.0,0.0,0,0.0,0.0,0,1.0,0.0,0
16:26:51,4753.18,1.0,0.0,0,0.0,0.0,0,1.0,0.0,0
