Timestamp,Elapsed,ch0_setV,ch0_monV,ch0_setI,ch0_monI,ch0_status,ch1_setV,ch1_monV,ch1_setI,ch1_monI,ch1_status,ch2_setV,ch2_monV,ch2_setI,ch2_monI,ch2_status,ch3_setV,ch3_monV,ch3_setI,ch3_monI,ch3_status,ch4_setV,ch4_monV,ch4_setI,ch4_monI,ch4_status,ch5_setV,ch5_monV,ch5_setI,ch5_monI,ch5_status
2026-03-27 11:20:06,5.73,0.0,0.0,20.0,0.0,0,0.0,0.0,20.0,0.0,0,0.0,0.0,20.0,0.0,0,0.0,0.0,20.0,0.0,0,0.0,0.0,20.0,0.0,0,0.0,0.0,20.0,0.0,0
2026-03-27 11:20:07,6.65,0.0,0.0,20.0,0.0,0,0.0,0.0,20.0,0.0,0,0.0,0.0,20.0,0.0,0,0.0,0.0,20.0,0.0,0,0.0,0.0,20.0,0.0,0,0.0,0.0,20.0,0.0,0
2026-03-27 11:20:07,7.36,0.0,0.0,20.0,0.0,0,0.0,0.0,20.0,0.0,0,0.0,0.0,20.0,0.0,0,0.0,0.0,20.0,0.0,0,0.0,0.0,20.0,0.0,0,0.0,0.0,20.0,0.0,0
2026-03-27 11:20:08,8.08,0.0,0.0,20.0,0.0,0,0.0,0.0,20.0,0.0,0,0.0,0.0,20.0,0.0,0,0.0,0.0,20.0,0.0,0,0.0,0.0,20.0,0.0,0,0.0,0.0,20.0,0.0,0
2026-03-27 11:20:09,8.8,0.0,0.0,20.0,0.0,0,0.0,0.0,20.0,0.0,0,0.0,0.0,20.0,0.0,0,0.0,0.0,20.0,0.0,0,0.0,0.0,20.0,0.0,0,0.0,0.0,20.0,0.0,0
2026-03-27 11:20:10,9.53,0.0,0.0,20.0,0.0,0,0.0,0.0,20.0,0.0,0,0.0,0.0,20.0,0.0,0,0.0,0.0,20.0,0.0,0,0.0,0.0,20.0,0.0,0,0.0,0.0,20.0,0.0,0
2026-03-27 11:20:10,10.24,0.0,0.0,20.0,0.0,0,0.0,0.0,20.0,0.0,0,0.0,0.0,20.0,0.0,0,0.0,0.0,20.0,0.0,0,0.0,0.0,20.0,0.0,0,0.0,0.0,20.0,0.0,0
2026-03-27 11:20:11,10.97,0.0,0.0,20.0,0.0,0,0.0,0.0,20.0,0.0,0,0.0,0.0,20.0,0.0,0,0.0,0.0,20.0,0.0,0,0.0,0.0,20.0,0.0,0,0.0,0.0,20.0,0.0,0
2026-03-27 11:20:12,11.71,0.0,0.0,20.0,0.0,0,0.0,0.0,20.0,0.0,0,0.0,0.0,20.0,0.0,0,0.0,0.0,20.0,0.0,0,0.0,0.0,20.0,0.0,0,0.0,0.0,20.0,0.0,0
2026-03-27 11:20:13,12.48,0.0,0.0,20.0,0.0,0,0.0,0.0,20.0,0.0,0,0.0,0.0,20.0,0.0,0,0.0,0.0,20.0,0.0,0,0.0,0.0,20.0,0.0,0,0.0,0.0,20.0,0.0,0
2026-03-27 11:20:13,13.19,0.0,0.0,20.0,0.0,0,0.0,0.0,20.0,0.0,0,0.0,0.0,20.0,0.0,0,0.0,0.0,20.0,0.0,0,0.0,0.0,20.0,0.0,0,0.0,0.0,20.0,0.0,0
2026-03-27 11:20:14,13.91,0.0,0.0,20.0,0.0,0,0.0,0.0,20.0,0.0,0,0.0,0.0,20.0,0.0,0,0.0,0.0,20.0,0.0,0,0.0,0.0,20.0,0.0,0,0.0,0.0,20.0,0.0,0
2026-03-27 11:20:15,14.63,0.0,0.0,20.0,0.0,0,0.0,0.0,20.0,0.0,0,0.0,0.0,20.0,0.0,0,0.0,0.0,20.0,0.0,0,0.0,0.0,20.0,0.0,0,0.0,0.0,20.0,0.0,0
2026-03-27 11:20:15,15.35,0.0,0.0,20.0,0.0,0,0.0,0.0,20.0,0.0,0,0.0,0.0,20.0,0.0,0,0.0,0.0,20.0,0.0,0,0.0,0.0,20.0,0.0,0,0.0,0.0,20.0,0.0,0
2026-03-27 11:20:16,16.05,0.0,0.0,20.0,0.0,0,0.0,0.0,20.0,0.0,0,0.0,0.0,20.0,0.0,0,0.0,0.0,20.0,0.0,0,0.0,0.0,20.0,0.0,0,0.0,0.0,20.0,0.0,0
2026-03-27 11:20:17,16.78,0.0,0.0,20.0,0.0,0,0.0,0.0,20.0,0.0,0,0.0,0.0,20.0,0.0,0,0.0,0.0,20.0,0.0,0,0.0,0.0,20.0,0.0,0,0.0,0.0,20.0,0.0,0
2026-03-27 11:20:18,17.49,0.0,0.0,20.0,0.0,0,0.0,0.0,20.0,0.0,0,0.0,0.0,20.0,0.0,0,0.0,0.0,20.0,0.0,0,0.0,0.0,20.0,0.0,0,0.0,0.0,20.0,0.0,0
2026-03-27 11:20:18,18.22,0.0,0.0,20.0,0.0,0,0.0,0.0,20.0,0.0,0,0.0,0.0,20.0,0.0,0,0.0,0.0,20.0,0.0,0,0.0,0.0,20.0,0.0,0,0.0,0.0,20.0,0.0,0
2026-03-27 11:20:19,18.94,0.0,0.0,20.0,0.0,0,0.0,0.0,20.0,0.0,0,0.0,0.0,20.0,0.0,0,0.0,0.0,20.0,0.0,0,0.0,0.0,20.0,0.0,0,0.0,0.0,20.0,0.0,0
2026-03-27 11:20:20,19.63,0.0,0.0,20.0,0.0,0,0.0,0.0,20.0,0.0,0,0.0,0.0,20.0,0.0,0,0.0,0.0,20.0,0.0,0,0.0,0.0,20.0,0.0,0,0.0,0.0,20.0,0.0,0
2026-03-27 11:20:20,20.36,0.0,0.0,20.0,0.0,0,0.0,0.0,20.0,0.0,0,0.0,0.0,20.0,0.0,0,0.0,0.0,20.0,0.0,0,0.0,0.0,20.0,0.0,0,0.0,0.0,20.0,0.0,0
2026-03-27 11:20:21,21.07,0.0,0.0,20.0,0.0,0,0.0,0.0,20.0,0.0,0,0.0,0.0,20.0,0.0,0,0.0,0.0,20.0,0.0,0,0.0,0.0,20.0,0.0,0,0.0,0.0,20.0,0.0,0
2026-03-27 11:20:22,21.77,0.0,0.0,20.0,0.0,0,0.0,0.0,20.0,0.0,0,0.0,0.0,20.0,0.0,0,0.0,0.0,20.0,0.0,0,0.0,0.0,20.0,0.0,0,0.0,0.0,20.0,0.0,0
2026-03-27 11:20:23,22.49,0.0,0.0,20.0,0.0,0,0.0,0.0,20.0,0.0,0,0.0,0.0,20.0,0.0,0,0.0,0.0,20.0,0.0,0,0.0,0.0,20.0,0.0,0,0.0,0.0,20.0,0.0,0
2026-03-27 11:20:23,23.23,0.0,0.0,20.0,0.0,0,0.0,0.0,20.0,0.0,0,0.0,0.0,20.0,0.0,0,0.0,0.0,20.0,0.0,0,0.0,0.0,20.0,0.0,0,0.0,0.0,20.0,0.0,0
2026-03-27 11:20:24,23.95,0.0,0.0,20.0,0.0,0,0.0,0.0,20.0,0.0,0,0.0,0.0,20.0,0.0,0,0.0,0.0,20.0,0.0,0,0.0,0.0,20.0,0.0,0,0.0,0.0,20.0,0.0,0
2026-03-27 11:20:25,24.67,0.0,0.0,20.0,0.0,0,0.0,0.0,20.0,0.0,0,0.0,0.0,20.0,0.0,0,0.0,0.0,20.0,0.0,0,0.0,0.0,20.0,0.0,0,0.0,0.0,20.0,0.0,0
2026-03-27 11:20:25,25.41,0.0,0.0,20.0,0.0,0,0.0,0.0,20.0,0.0,0,0.0,0.0,20.0,0.0,0,0.0,0.0,20.0,0.0,0,0.0,0.0,20.0,0.0,0,0.0,0.0,20.0,0.0,0
2026-03-27 11:20:26,26.16,0.0,0.0,20.0,0.0,0,0.0,0.0,20.0,0.0,0,0.0,0.0,20.0,0.0,0,0.0,0.0,20.0,0.0,0,0.0,0.0,20.0,0.0,0,0.0,0.0,20.0,0.0,0
2026-03-27 11:20:27,26.89,0.0,0.0,20.0,0.0,0,0.0,0.0,20.0,0.0,0,0.0,0.0,20.0,0.0,0,0.0,0.0,20.0,0.0,0,0.0,0.0,20.0,0.0,0,0.0,0.0,20.0,0.0,0
2026-03-27 11:20:28,27.63,0.0,0.0,20.0,0.0,0,0.0,0.0,20.0,0.0,0,0.0,0.0,20.0,0.0,0,0.0,0.0,20.0,0.0,0,0.0,0.0,20.0,0.0,0,0.0,0.0,20.0,0.0,0
2026-03-27 11:20:28,28.33,0.0,0.0,20.0,0.0,0,0.0,0.0,20.0,0.0,0,0.0,0.0,20.0,0.0,0,0.0,0.0,20.0,0.0,0,0.0,0.0,20.0,0.0,0,0.0,0.0,20.0,0.0,0
2026-03-27 11:20:29,29.1,0.0,0.0,20.0,0.0,0,0.0,0.0,20.0,0.0,0,0.0,0.0,20.0,0.0,0,0.0,0.0,20.0,0.0,0,0.0,0.0,20.0,0.0,0,0.0,0.0,20.0,0.0,0
2026-03-27 11:20:30,29.81,0.0,0.0,20.0,0.0,0,0.0,0.0,20.0,0.0,0,0.0,0.0,20.0,0.0,0,0.0,0.0,20.0,0.0,0,0.0,0.0,20.0,0.0,0,0.0,0.0,20.0,0.0,0
2026-03-27 11:20:31,30.54,0.0,0.0,20.0,0.0,0,0.0,0.0,20.0,0.0,0,0.0,0.0,20.0,0.0,0,0.0,0.0,20.0,0.0,0,0.0,0.0,20.0,0.0,0,0.0,0.0,20.0,0.0,0
2026-03-27 11:20:31,31.24,0.0,0.0,20.0,0.0,0,0.0,0.0,20.0,0.0,0,0.0,0.0,20.0,0.0,0,0.0,0.0,20.0,0.0,0,0.0,0.0,20.0,0.0,0,0.0,0.0,20.0,0.0,0
2026-03-27 11:20:32,31.97,0.0,0.0,20.0,0.0,0,0.0,0.0,20.0,0.0,0,0.0,0.0,20.0,0.0,0,0.0,0.0,20.0,0.0,0,0.0,0.0,20.0,0.0,0,0.0,0.0,20.0,0.0,0
2026-03-27 11:20:33,32.7,0.0,0.0,20.0,0.0,0,0.0,0.0,20.0,0.0,0,0.0,0.0,20.0,0.0,0,0.0,0.0,20.0,0.0,0,0.0,0.0,20.0,0.0,0,0.0,0.0,20.0,0.0,0
2026-03-27 11:20:33,33.43,0.0,0.0,20.0,0.0,0,0.0,0.0,20.0,0.0,0,0.0,0.0,20.0,0.0,0,0.0,0.0,20.0,0.0,0,0.0,0.0,20.0,0.0,0,0.0,0.0,20.0,0.0,0
2026-03-27 11:20:34,34.14,0.0,0.0,20.0,0.0,0,0.0,0.0,20.0,0.0,0,0.0,0.0,20.0,0.0,0,0.0,0.0,20.0,0.0,0,0.0,0.0,20.0,0.0,0,0.0,0.0,20.0,0.0,0
2026-03-27 11:20:35,34.87,0.0,0.0,20.0,0.0,0,0.0,0.0,20.0,0.0,0,0.0,0.0,20.0,0.0,0,0.0,0.0,20.0,0.0,0,0.0,0.0,20.0,0.0,0,0.0,0.0,20.0,0.0,0
2026-03-27 11:20:36,35.62,0.0,0.0,20.0,0.0,0,0.0,0.0,20.0,0.0,0,0.0,0.0,20.0,0.0,0,0.0,0.0,20.0,0.0,0,0.0,0.0,20.0,0.0,0,0.0,0.0,20.0,0.0,0
2026-03-27 11:20:36,36.35,0.0,0.0,20.0,0.0,0,0.0,0.0,20.0,0.0,0,0.0,0.0,20.0,0.0,0,0.0,0.0,20.0,0.0,0,0.0,0.0,20.0,0.0,0,0.0,0.0,20.0,0.0,0
2026-03-27 11:20:37,37.1,0.0,0.0,20.0,0.0,0,0.0,0.0,20.0,0.0,0,0.0,0.0,20.0,0.0,0,0.0,0.0,20.0,0.0,0,0.0,0.0,20.0,0.0,0,0.0,0.0,20.0,0.0,0
2026-03-27 11:20:38,37.81,0.0,0.0,20.0,0.0,0,0.0,0.0,20.0,0.0,0,0.0,0.0,20.0,0.0,0,0.0,0.0,20.0,0.0,0,0.0,0.0,20.0,0.0,0,0.0,0.0,20.0,0.0,0
2026-03-27 11:20:39,38.55,0.0,0.0,20.0,0.0,0,0.0,0.0,20.0,0.0,0,0.0,0.0,20.0,0.0,0,0.0,0.0,20.0,0.0,0,0.0,0.0,20.0,0.0,0,0.0,0.0,20.0,0.0,0
2026-03-27 11:20:39,39.28,0.0,0.0,20.0,0.0,0,0.0,0.0,20.0,0.0,0,0.0,0.0,20.0,0.0,0,0.0,0.0,20.0,0.0,0,0.0,0.0,20.0,0.0,0,0.0,0.0,20.0,0.0,0
2026-03-27 11:20:40,40.01,0.0,0.0,20.0,0.0,0,0.0,0.0,20.0,0.0,0,0.0,0.0,20.0,0.0,0,0.0,0.0,20.0,0.0,0,0.0,0.0,20.0,0.0,0,0.0,0.0,20.0,0.0,0
2026-03-27 11:20:41,40.74,0.0,0.0,20.0,0.0,0,0.0,0.0,20.0,0.0,0,0.0,0.0,20.0,0.0,0,0.0,0.0,20.0,0.0,0,0.0,0.0,20.0,0.0,0,0.0,0.0,20.0,0.0,0
2026-03-27 11:20:41,41.46,0.0,0.0,20.0,0.0,0,0.0,0.0,20.0,0.0,0,0.0,0.0,20.0,0.0,0,0.0,0.0,20.0,0.0,0,0.0,0.0,20.0,0.0,0,0.0,0.0,20.0,0.0,0
2026-03-27 11:20:42,42.19,0.0,0.0,20.0,0.0,0,0.0,0.0,20.0,0.0,0,0.0,0.0,20.0,0.0,0,0.0,0.0,20.0,0.0,0,0.0,0.0,20.0,0.0,0,0.0,0.0,20.0,0.0,0
2026-03-27 11:20:43,42.93,0.0,0.0,20.0,0.0,0,0.0,0.0,20.0,0.0,0,0.0,0.0,20.0,0.0,0,0.0,0.0,20.0,0.0,0,0.0,0.0,20.0,0.0,0,0.0,0.0,20.0,0.0,0
2026-03-27 11:20:44,43.66,0.0,0.0,20.0,0.0,0,0.0,0.0,20.0,0.0,0,0.0,0.0,20.0,0.0,0,0.0,0.0,20.0,0.0,0,0.0,0.0,20.0,0.0,0,0.0,0.0,20.0,0.0,0
2026-03-27 11:20:44,44.41,0.0,0.0,20.0,0.0,0,0.0,0.0,20.0,0.0,0,0.0,0.0,20.0,0.0,0,0.0,0.0,20.0,0.0,0,0.0,0.0,20.0,0.0,0,0.0,0.0,20.0,0.0,0
2026-03-27 11:20:45,45.14,0.0,0.0,20.0,0.0,0,0.0,0.0,20.0,0.0,0,0.0,0.0,20.0,0.0,0,0.0,0.0,20.0,0.0,0,0.0,0.0,20.0,0.0,0,0.0,0.0,20.0,0.0,0
2026-03-27 11:20:46,45.88,0.0,0.0,20.0,0.0,0,0.0,0.0,20.0,0.0,0,0.0,0.0,20.0,0.0,0,0.0,0.0,20.0,0.0,0,0.0,0.0,20.0,0.0,0,0.0,0.0,20.0,0.0,0
2026-03-27 11:20:47,46.6,0.0,0.0,20.0,0.0,0,0.0,0.0,20.0,0.0,0,0.0,0.0,20.0,0.0,0,0.0,0.0,20.0,0.0,0,0.0,0.0,20.0,0.0,0,0.0,0.0,20.0,0.0,0
2026-03-27 11:20:47,47.31,0.0,0.0,20.0,0.0,0,0.0,0.0,20.0,0.0,0,0.0,0.0,20.0,0.0,0,0.0,0.0,20.0,0.0,0,0.0,0.0,20.0,0.0,0,0.0,0.0,20.0,0.0,0
2026-03-27 11:20:48,48.03,0.0,0.0,20.0,0.0,0,0.0,0.0,20.0,0.0,0,0.0,0.0,20.0,0.0,0,0.0,0.0,20.0,0.0,0,0.0,0.0,20.0,0.0,0,0.0,0.0,20.0,0.0,0
2026-03-27 11:20:49,48.78,0.0,0.0,20.0,0.0,0,0.0,0.0,20.0,0.0,0,0.0,0.0,20.0,0.0,0,0.0,0.0,20.0,0.0,0,0.0,0.0,20.0,0.0,0,0.0,0.0,20.0,0.0,0
2026-03-27 11:20:50,49.52,0.0,0.0,20.0,0.0,0,0.0,0.0,20.0,0.0,0,0.0,0.0,20.0,0.0,0,0.0,0.0,20.0,0.0,0,0.0,0.0,20.0,0.0,0,0.0,0.0,20.0,0.0,0
2026-03-27 11:20:50,49.72,0.0,0.0,20.0,0.0,0,0.0,0.0,20.0,0.0,0,0.0,0.0,20.0,0.0,0,0.0,0.0,20.0,0.0,0,0.0,0.0,20.0,0.0,0,0.0,0.0,20.0,0.0,0
2026-03-27 11:20:50,50.1,0.0,0.0,20.0,0.0,1,0.0,0.0,20.0,0.0,1,0.0,0.0,20.0,0.0,1,0.0,0.0,20.0,0.0,1,0.0,0.0,20.0,0.0,1,0.0,0.0,20.0,0.0,1
2026-03-27 11:20:51,50.87,0.0,0.0,20.0,0.0,1,0.0,0.0,20.0,0.0,1,0.0,0.0,20.0,0.0,1,0.0,0.0,20.0,0.0,1,0.0,0.0,20.0,0.0,1,0.0,0.0,20.0,0.0,1
2026-03-27 11:20:52,51.6,0.0,0.0,20.0,0.0,1,0.0,0.0,20.0,0.0,1,0.0,0.0,20.0,0.0,1,0.0,0.0,20.0,0.0,1,0.0,0.0,20.0,0.0,1,0.0,0.0,20.0,0.0,1
2026-03-27 11:20:52,52.32,0.0,0.0,20.0,0.0,1,0.0,0.0,20.0,0.0,1,0.0,0.0,20.0,0.0,1,0.0,0.0,20.0,0.0,1,0.0,0.0,20.0,0.0,1,0.0,0.0,20.0,0.0,1
2026-03-27 11:20:53,53.05,0.0,0.0,20.0,0.0,1,0.0,0.0,20.0,0.0,1,0.0,0.0,20.0,0.0,1,0.0,0.0,20.0,0.0,1,0.0,0.0,20.0,0.0,1,0.0,0.0,20.0,0.0,1
2026-03-27 11:20:54,53.79,0.0,0.0,20.0,0.0,1,0.0,0.0,20.0,0.0,1,0.0,0.0,20.0,0.0,1,0.0,0.0,20.0,0.0,1,0.0,0.0,20.0,0.0,1,0.0,0.0,20.0,0.0,1
2026-03-27 11:20:55,54.55,0.0,0.0,20.0,0.0,1,0.0,0.0,20.0,0.0,1,0.0,0.0,20.0,0.0,1,0.0,0.0,20.0,0.0,1,0.0,0.0,20.0,0.0,1,0.0,0.0,20.0,0.0,1
2026-03-27 11:20:55,55.31,0.0,0.0,20.0,0.0,1,0.0,0.0,20.0,0.0,1,0.0,0.0,20.0,0.0,1,0.0,0.0,20.0,0.0,1,0.0,0.0,20.0,0.0,1,0.0,0.0,20.0,0.0,1
2026-03-27 11:20:56,56.03,0.0,0.0,20.0,0.0,1,0.0,0.0,20.0,0.0,1,0.0,0.0,20.0,0.0,1,0.0,0.0,20.0,0.0,1,0.0,0.0,20.0,0.0,1,0.0,0.0,20.0,0.0,1
2026-03-27 11:20:57,56.62,0.0,2.0,20.0,0.0,1,0.0,0.0,20.0,0.0,1,0.0,0.0,20.0,0.0,1,0.0,0.0,20.0,0.0,1,0.0,0.0,20.0,0.0,1,0.0,0.0,20.0,0.0,1
2026-03-27 11:20:57,56.81,0.0,2.0,20.0,0.0,0,0.0,0.0,20.0,0.0,0,0.0,0.0,20.0,0.0,0,0.0,0.0,20.0,0.0,0,0.0,0.0,20.0,0.0,0,0.0,0.0,20.0,0.0,0
2026-03-27 11:20:58,57.53,0.0,4.0,20.0,0.0,0,0.0,0.0,20.0,0.0,0,0.0,0.0,20.0,0.0,0,0.0,0.0,20.0,0.0,0,0.0,0.0,20.0,0.0,0,0.0,0.0,20.0,0.0,0
2026-03-27 11:20:58,58.24,0.0,4.0,20.0,0.0,0,0.0,0.0,20.0,0.0,0,0.0,1.0,20.0,0.0,0,0.0,0.0,20.0,0.0,0,0.0,0.0,20.0,0.0,0,0.0,2.0,20.0,0.0,0
2026-03-27 11:20:59,58.96,0.0,4.0,20.0,0.0,0,0.0,0.0,20.0,0.0,0,0.0,1.0,20.0,0.0,0,0.0,0.0,20.0,0.0,0,0.0,0.0,20.0,0.0,0,0.0,2.0,20.0,0.0,0
2026-03-27 11:21:00,59.72,0.0,100.0,20.0,0.0,0,0.0,80.0,20.0,0.0,0,0.0,85.0,20.0,0.10000000149011612,0,0.0,41.0,20.0,0.0,0,0.0,40.0,20.0,0.0,0,0.0,78.0,20.0,0.0,0
2026-03-27 11:21:00,60.46,0.0,64.0,20.0,0.0,0,0.0,55.0,20.0,0.0,0,0.0,62.0,20.0,0.0,0,0.0,30.0,20.0,0.0,0,0.0,29.0,20.0,0.0,0,0.0,60.0,20.0,0.0,0
2026-03-27 11:21:01,61.2,0.0,59.0,20.0,0.0,0,0.0,51.0,20.0,0.0,0,0.0,57.0,20.0,0.0,0,0.0,26.0,20.0,0.0,0,0.0,26.0,20.0,0.0,0,0.0,56.0,20.0,0.0,0
2026-03-27 11:21:02,61.92,0.0,54.0,20.0,0.0,0,0.0,46.0,20.0,0.0,0,0.0,52.0,20.0,0.0,0,0.0,24.0,20.0,0.0,0,0.0,24.0,20.0,0.0,0,0.0,51.0,20.0,0.0,0
2026-03-27 11:21:03,62.65,0.0,46.0,20.0,0.0,0,0.0,39.0,20.0,0.0,0,0.0,44.0,20.0,0.0,0,0.0,20.0,20.0,0.0,0,0.0,20.0,20.0,0.0,0,0.0,44.0,20.0,0.0,0
2026-03-27 11:21:03,63.39,0.0,43.0,20.0,0.0,0,0.0,35.0,20.0,0.0,0,0.0,41.0,20.0,0.0,0,0.0,18.0,20.0,0.0,0,0.0,19.0,20.0,0.0,0,0.0,40.0,20.0,0.0,0
2026-03-27 11:21:04,64.12,0.0,40.0,20.0,0.0,0,0.0,32.0,20.0,0.0,0,0.0,37.0,20.0,0.0,0,0.0,17.0,20.0,0.0,0,0.0,17.0,20.0,0.0,0,0.0,37.0,20.0,0.0,0
2026-03-27 11:21:05,64.83,0.0,37.0,20.0,0.0,0,0.0,30.0,20.0,0.0,0,0.0,34.0,20.0,0.0,0,0.0,15.0,20.0,0.0,0,0.0,16.0,20.0,0.0,0,0.0,34.0,20.0,0.0,0
2026-03-27 11:21:06,65.56,0.0,34.0,20.0,0.0,0,0.0,27.0,20.0,0.0,0,0.0,32.0,20.0,0.0,0,0.0,14.0,20.0,0.0,0,0.0,14.0,20.0,0.0,0,0.0,32.0,20.0,0.0,0
2026-03-27 11:21:06,66.29,0.0,31.0,20.0,0.0,0,0.0,25.0,20.0,0.0,0,0.0,29.0,20.0,0.0,0,0.0,13.0,20.0,0.0,0,0.0,13.0,20.0,0.0,0,0.0,29.0,20.0,0.0,0
2026-03-27 11:21:07,67.01,0.0,29.0,20.0,0.0,0,0.0,22.0,20.0,0.0,0,0.0,27.0,20.0,0.0,0,0.0,12.0,20.0,0.0,0,0.0,12.0,20.0,0.0,0,0.0,27.0,20.0,0.0,0
2026-03-27 11:21:08,67.72,0.0,27.0,20.0,0.0,0,0.0,20.0,20.0,0.0,0,0.0,25.0,20.0,0.0,0,0.0,11.0,20.0,0.0,0,0.0,11.0,20.0,0.0,0,0.0,25.0,20.0,0.0,0
2026-03-27 11:21:08,68.46,0.0,25.0,20.0,0.0,0,0.0,19.0,20.0,0.0,0,0.0,23.0,20.0,0.0,0,0.0,10.0,20.0,0.0,0,0.0,10.0,20.0,0.0,0,0.0,23.0,20.0,0.0,0
2026-03-27 11:21:09,69.21,0.0,23.0,20.0,0.0,0,0.0,17.0,20.0,0.0,0,0.0,21.0,20.0,0.0,0,0.0,9.0,20.0,0.0,0,0.0,9.0,20.0,0.0,0,0.0,22.0,20.0,0.0,0
2026-03-27 11:21:10,69.93,0.0,21.0,20.0,0.0,0,0.0,15.0,20.0,0.0,0,0.0,19.0,20.0,0.0,0,0.0,8.0,20.0,0.0,0,0.0,9.0,20.0,0.0,0,0.0,20.0,20.0,0.0,0
2026-03-27 11:21:11,70.65,0.0,19.0,20.0,0.0,0,0.0,13.0,20.0,0.0,0,0.0,17.0,20.0,0.0,0,0.0,7.0,20.0,0.0,0,0.0,7.0,20.0,0.0,0,0.0,17.0,20.0,0.0,0
2026-03-27 11:21:11,71.41,0.0,17.0,20.0,0.0,0,0.0,11.0,20.0,0.0,0,0.0,15.0,20.0,0.0,0,0.0,6.0,20.0,0.0,0,0.0,7.0,20.0,0.0,0,0.0,16.0,20.0,0.0,0
2026-03-27 11:21:12,72.15,0.0,15.0,20.0,0.0,0,0.0,9.0,20.0,0.0,0,0.0,13.0,20.0,0.0,0,0.0,5.0,20.0,0.0,0,0.0,6.0,20.0,0.0,0,0.0,14.0,20.0,0.0,0
2026-03-27 11:21:13,72.89,0.0,14.0,20.0,0.0,0,0.0,8.0,20.0,0.0,0,0.0,12.0,20.0,0.0,0,0.0,5.0,20.0,0.0,0,0.0,5.0,20.0,0.0,0,0.0,13.0,20.0,0.0,0
2026-03-27 11:21:14,73.62,0.0,13.0,20.0,0.0,0,0.0,8.0,20.0,0.0,0,0.0,11.0,20.0,0.0,0,0.0,4.0,20.0,0.0,0,0.0,5.0,20.0,0.0,0,0.0,12.0,20.0,0.0,0
2026-03-27 11:21:14,74.35,0.0,12.0,20.0,0.0,0,0.0,7.0,20.0,0.0,0,0.0,10.0,20.0,0.0,0,0.0,4.0,20.0,0.0,0,0.0,5.0,20.0,0.0,0,0.0,11.0,20.0,0.0,0
2026-03-27 11:21:15,75.11,0.0,11.0,20.0,0.0,0,0.0,6.0,20.0,0.0,0,0.0,9.0,20.0,0.0,0,0.0,4.0,20.0,0.0,0,0.0,5.0,20.0,0.0,0,0.0,10.0,20.0,0.0,0
2026-03-27 11:21:16,75.83,0.0,10.0,20.0,0.0,0,0.0,5.0,20.0,0.0,0,0.0,8.0,20.0,0.0,0,0.0,3.0,20.0,0.0,0,0.0,4.0,20.0,0.0,0,0.0,10.0,20.0,0.0,0
2026-03-27 11:21:17,76.55,0.0,9.0,20.0,0.0,0,0.0,5.0,20.0,0.0,0,0.0,8.0,20.0,0.0,0,0.0,3.0,20.0,0.0,0,0.0,4.0,20.0,0.0,0,0.0,9.0,20.0,0.0,0
2026-03-27 11:21:17,77.27,0.0,9.0,20.0,0.0,0,0.0,4.0,20.0,0.0,0,0.0,7.0,20.0,0.0,0,0.0,3.0,20.0,0.0,0,0.0,4.0,20.0,0.0,0,0.0,9.0,20.0,0.0,0
2026-03-27 11:21:18,78.02,0.0,8.0,20.0,0.0,0,0.0,4.0,20.0,0.0,0,0.0,7.0,20.0,0.0,0,0.0,2.0,20.0,0.0,0,0.0,3.0,20.0,0.0,0,0.0,8.0,20.0,0.0,0
2026-03-27 11:21:19,78.86,0.0,8.0,20.0,0.0,0,0.0,3.0,20.0,0.0,0,0.0,6.0,20.0,0.0,0,0.0,2.0,20.0,0.0,0,0.0,3.0,20.0,0.0,0,0.0,8.0,20.0,0.0,0
2026-03-27 11:21:19,79.22,0.0,7.0,20.0,0.0,1,0.0,3.0,20.0,0.0,1,0.0,6.0,20.0,0.0,1,0.0,2.0,20.0,0.0,1,0.0,3.0,20.0,0.0,1,0.0,7.0,20.0,0.0,1
2026-03-27 11:21:20,79.95,0.0,7.0,20.0,0.0,1,0.0,2.0,20.0,0.0,1,0.0,5.0,20.0,0.0,1,0.0,1.0,20.0,0.0,1,0.0,3.0,20.0,0.0,1,0.0,6.0,20.0,0.0,1
2026-03-27 11:21:21,80.68,0.0,7.0,20.0,0.0,1,0.0,2.0,20.0,0.0,1,0.0,5.0,20.0,0.0,1,0.0,1.0,20.0,0.0,1,0.0,2.0,20.0,0.0,1,0.0,6.0,20.0,0.0,1
2026-03-27 11:21:21,81.42,0.0,6.0,20.0,0.0,1,0.0,1.0,20.0,0.0,1,0.0,4.0,20.0,0.0,1,0.0,1.0,20.0,0.0,1,0.0,2.0,20.0,0.0,1,0.0,5.0,20.0,0.0,1
2026-03-27 11:21:22,82.17,0.0,6.0,20.0,0.0,1,0.0,1.0,20.0,0.0,1,0.0,4.0,20.0,0.0,1,0.0,1.0,20.0,0.0,1,0.0,2.0,20.0,0.0,1,0.0,5.0,20.0,0.0,1
2026-03-27 11:21:23,82.9,0.0,5.0,20.0,0.0,1,0.0,1.0,20.0,0.0,1,0.0,3.0,20.0,0.0,1,0.0,1.0,20.0,0.0,1,0.0,2.0,20.0,0.0,1,0.0,5.0,20.0,0.0,1
2026-03-27 11:21:24,83.67,0.0,5.0,20.0,0.0,1,0.0,1.0,20.0,0.0,1,0.0,3.0,20.0,0.0,1,0.0,0.0,20.0,0.0,1,0.0,2.0,20.0,0.0,1,0.0,4.0,20.0,0.0,1
2026-03-27 11:21:24,84.4,0.0,5.0,20.0,0.0,1,0.0,0.0,20.0,0.0,1,0.0,3.0,20.0,0.0,1,0.0,0.0,20.0,0.0,1,0.0,1.0,20.0,0.0,1,0.0,4.0,20.0,0.0,1
2026-03-27 11:21:25,85.14,0.0,4.0,20.0,0.0,1,0.0,0.0,20.0,0.0,1,0.0,2.0,20.0,0.0,1,0.0,0.0,20.0,0.0,1,0.0,1.0,20.0,0.0,1,0.0,4.0,20.0,0.0,1
2026-03-27 11:21:26,85.88,0.0,4.0,20.0,0.0,1,0.0,0.0,20.0,0.0,1,0.0,2.0,20.0,0.0,1,0.0,0.0,20.0,0.0,1,0.0,1.0,20.0,0.0,1,0.0,4.0,20.0,0.0,1
2026-03-27 11:21:27,86.62,0.0,4.0,20.0,0.0,1,0.0,0.0,20.0,0.0,1,0.0,2.0,20.0,0.0,1,0.0,0.0,20.0,0.0,1,0.0,1.0,20.0,0.0,1,0.0,4.0,20.0,0.0,1
2026-03-27 11:21:27,87.36,0.0,4.0,20.0,0.0,1,0.0,0.0,20.0,0.0,1,0.0,2.0,20.0,0.0,1,0.0,0.0,20.0,0.0,1,0.0,1.0,20.0,0.0,1,0.0,3.0,20.0,0.0,1
2026-03-27 11:21:28,88.09,0.0,4.0,20.0,0.0,1,0.0,0.0,20.0,0.0,1,0.0,2.0,20.0,0.0,1,0.0,0.0,20.0,0.0,1,0.0,1.0,20.0,0.0,1,0.0,3.0,20.0,0.0,1
2026-03-27 11:21:29,88.81,0.0,3.0,20.0,0.0,1,0.0,0.0,20.0,0.0,1,0.0,2.0,20.0,0.0,1,0.0,0.0,20.0,0.0,1,0.0,1.0,20.0,0.0,1,0.0,3.0,20.0,0.0,1
2026-03-27 11:21:30,89.58,0.0,3.0,20.0,0.0,1,0.0,0.0,20.0,0.0,1,0.0,2.0,20.0,0.0,1,0.0,0.0,20.0,0.0,1,0.0,1.0,20.0,0.0,1,0.0,3.0,20.0,0.0,1
2026-03-27 11:21:30,90.32,0.0,3.0,20.0,0.0,1,0.0,0.0,20.0,0.0,1,0.0,1.0,20.0,0.0,1,0.0,0.0,20.0,0.0,1,0.0,1.0,20.0,0.0,1,0.0,3.0,20.0,0.0,1
2026-03-27 11:21:31,91.05,0.0,3.0,20.0,0.0,1,0.0,0.0,20.0,0.0,1,0.0,1.0,20.0,0.0,1,0.0,1.0,20.0,0.0,1,0.0,1.0,20.0,0.0,1,0.0,3.0,20.0,0.0,1
2026-03-27 11:21:32,91.81,0.0,3.0,20.0,0.0,1,0.0,0.0,20.0,0.0,1,0.0,1.0,20.0,0.0,1,0.0,1.0,20.0,0.0,1,0.0,1.0,20.0,0.0,1,0.0,2.0,20.0,0.0,1
2026-03-27 11:21:33,92.56,0.0,3.0,20.0,0.0,1,0.0,0.0,20.0,0.0,1,0.0,1.0,20.0,0.0,1,0.0,1.0,20.0,0.0,1,0.0,1.0,20.0,0.0,1,0.0,2.0,20.0,0.0,1
2026-03-27 11:21:33,93.31,0.0,3.0,20.0,0.0,1,0.0,0.0,20.0,0.0,1,0.0,1.0,20.0,0.0,1,0.0,1.0,20.0,0.0,1,0.0,1.0,20.0,0.0,1,0.0,2.0,20.0,0.0,1
2026-03-27 11:21:34,94.03,0.0,4.0,20.0,0.0,1,0.0,0.0,20.0,0.0,1,0.0,1.0,20.0,0.0,1,0.0,1.0,20.0,0.0,1,0.0,1.0,20.0,0.0,1,0.0,2.0,20.0,0.0,1
2026-03-27 11:21:35,94.77,0.0,4.0,20.0,0.0,1,0.0,0.0,20.0,0.0,1,0.0,2.0,20.0,0.0,1,0.0,1.0,20.0,0.0,1,0.0,1.0,20.0,0.0,1,0.0,2.0,20.0,0.0,1
2026-03-27 11:21:36,95.53,0.0,4.0,20.0,0.0,1,0.0,0.0,20.0,0.0,1,0.0,2.0,20.0,0.0,1,0.0,1.0,20.0,0.0,1,0.0,0.0,20.0,0.0,1,0.0,2.0,20.0,0.0,1
2026-03-27 11:21:36,96.28,0.0,4.0,20.0,0.0,1,0.0,0.0,20.0,0.0,1,0.0,2.0,20.0,0.0,1,0.0,1.0,20.0,0.0,1,0.0,0.0,20.0,0.0,1,0.0,2.0,20.0,0.0,1
2026-03-27 11:21:37,97.03,0.0,4.0,20.0,0.0,1,0.0,0.0,20.0,0.0,1,0.0,2.0,20.0,0.0,1,0.0,1.0,20.0,0.0,1,0.0,0.0,20.0,0.0,1,0.0,2.0,20.0,0.0,1
2026-03-27 11:21:38,97.75,0.0,4.0,20.0,0.0,1,0.0,0.0,20.0,0.0,1,0.0,2.0,20.0,0.0,1,0.0,1.0,20.0,0.0,1,0.0,0.0,20.0,0.0,1,0.0,2.0,20.0,0.0,1
2026-03-27 11:21:38,97.98,0.0,4.0,20.0,0.0,1,0.0,0.0,20.0,0.0,1,0.0,2.0,20.0,0.0,1,0.0,1.0,20.0,0.0,1,0.0,0.0,20.0,0.0,1,0.0,2.0,20.0,0.0,1
2026-03-27 11:21:38,0.15,0.0,4.0,20.0,0.0,1,0.0,0.0,20.0,0.0,1,0.0,2.0,20.0,0.0,1,0.0,1.0,20.0,0.0,1,0.0,0.0,20.0,0.0,1,0.0,2.0,20.0,0.0,1
2026-03-27 11:21:39,0.88,0.0,4.0,20.0,0.0,1,0.0,0.0,20.0,0.0,1,0.0,2.0,20.0,0.0,1,0.0,1.0,20.0,0.0,1,0.0,0.0,20.0,0.0,1,0.0,2.0,20.0,0.0,1
2026-03-27 11:21:40,1.61,0.0,4.0,20.0,0.0,1,0.0,0.0,20.0,0.0,1,0.0,2.0,20.0,0.0,1,0.0,1.0,20.0,0.0,1,0.0,0.0,20.0,0.0,1,0.0,2.0,20.0,0.0,1
2026-03-27 11:21:40,2.34,0.0,4.0,20.0,0.0,1,0.0,0.0,20.0,0.0,1,0.0,2.0,20.0,0.0,1,0.0,1.0,20.0,0.0,1,0.0,0.0,20.0,0.0,1,0.0,2.0,20.0,0.0,1
2026-03-27 11:21:41,3.09,0.0,4.0,20.0,0.0,1,0.0,0.0,20.0,0.0,1,0.0,2.0,20.0,0.0,1,0.0,1.0,20.0,0.0,1,0.0,0.0,20.0,0.0,1,0.0,2.0,20.0,0.0,1
2026-03-27 11:21:42,3.81,0.0,4.0,20.0,0.0,1,0.0,0.0,20.0,0.0,1,0.0,2.0,20.0,0.0,1,0.0,1.0,20.0,0.0,1,0.0,0.0,20.0,0.0,1,0.0,2.0,20.0,0.0,1
2026-03-27 11:21:43,4.53,0.0,4.0,20.0,0.0,1,0.0,0.0,20.0,0.0,1,0.0,2.0,20.0,0.0,1,0.0,1.0,20.0,0.0,1,0.0,0.0,20.0,0.0,1,0.0,2.0,20.0,0.0,1
2026-03-27 11:21:43,5.24,0.0,4.0,20.0,0.0,1,0.0,0.0,20.0,0.0,1,0.0,2.0,20.0,0.0,1,0.0,1.0,20.0,0.0,1,0.0,0.0,20.0,0.0,1,0.0,2.0,20.0,0.0,1
2026-03-27 11:21:44,5.97,0.0,4.0,20.0,0.0,1,0.0,0.0,20.0,0.0,1,0.0,2.0,20.0,0.0,1,0.0,1.0,20.0,0.0,1,0.0,0.0,20.0,0.0,1,0.0,2.0,20.0,0.0,1
2026-03-27 11:21:45,6.73,0.0,4.0,20.0,0.0,1,0.0,0.0,20.0,0.0,1,0.0,2.0,20.0,0.0,1,0.0,1.0,20.0,0.0,1,0.0,0.0,20.0,0.0,1,0.0,2.0,20.0,0.0,1
2026-03-27 11:21:45,7.45,0.0,4.0,20.0,0.0,1,0.0,0.0,20.0,0.0,1,0.0,2.0,20.0,0.0,1,0.0,1.0,20.0,0.0,1,0.0,0.0,20.0,0.0,1,0.0,2.0,20.0,0.0,1
2026-03-27 11:21:46,8.18,0.0,4.0,20.0,0.0,1,0.0,0.0,20.0,0.0,1,0.0,2.0,20.0,0.0,1,0.0,1.0,20.0,0.0,1,0.0,0.0,20.0,0.0,1,0.0,2.0,20.0,0.0,1
2026-03-27 11:21:47,8.91,0.0,4.0,20.0,0.0,1,0.0,0.0,20.0,0.0,1,0.0,2.0,20.0,0.0,1,0.0,1.0,20.0,0.0,1,0.0,0.0,20.0,0.0,1,0.0,2.0,20.0,0.0,1
2026-03-27 11:21:48,9.62,0.0,4.0,20.0,0.0,1,0.0,0.0,20.0,0.0,1,0.0,2.0,20.0,0.0,1,0.0,1.0,20.0,0.0,1,0.0,0.0,20.0,0.0,1,0.0,2.0,20.0,0.0,1
2026-03-27 11:21:48,10.32,0.0,4.0,20.0,0.0,1,0.0,0.0,20.0,0.0,1,0.0,2.0,20.0,0.0,1,0.0,1.0,20.0,0.0,1,0.0,0.0,20.0,0.0,1,0.0,2.0,20.0,0.0,1
2026-03-27 11:21:49,11.05,0.0,4.0,20.0,0.0,1,0.0,0.0,20.0,0.0,1,0.0,2.0,20.0,0.0,1,0.0,1.0,20.0,0.0,1,0.0,0.0,20.0,0.0,1,0.0,2.0,20.0,0.0,1
2026-03-27 11:21:50,11.78,0.0,4.0,20.0,0.0,1,0.0,0.0,20.0,0.0,1,0.0,2.0,20.0,0.0,1,0.0,1.0,20.0,0.0,1,0.0,0.0,20.0,0.0,1,0.0,2.0,20.0,0.0,1
2026-03-27 11:21:51,12.52,0.0,4.0,20.0,0.0,1,0.0,0.0,20.0,0.0,1,0.0,2.0,20.0,0.0,1,0.0,1.0,20.0,0.0,1,0.0,0.0,20.0,0.0,1,0.0,2.0,20.0,0.0,1
2026-03-27 11:21:51,13.28,0.0,4.0,20.0,0.0,1,0.0,0.0,20.0,0.0,1,0.0,2.0,20.0,0.0,1,0.0,1.0,20.0,0.0,1,0.0,0.0,20.0,0.0,1,0.0,2.0,20.0,0.0,1
2026-03-27 11:21:52,14.02,0.0,4.0,20.0,0.0,1,0.0,0.0,20.0,0.0,1,0.0,2.0,20.0,0.0,1,0.0,1.0,20.0,0.0,1,0.0,0.0,20.0,0.0,1,0.0,2.0,20.0,0.0,1
2026-03-27 11:21:53,14.77,0.0,4.0,20.0,0.0,1,0.0,0.0,20.0,0.0,1,0.0,2.0,20.0,0.0,1,0.0,1.0,20.0,0.0,1,0.0,0.0,20.0,0.0,1,0.0,2.0,20.0,0.0,1
2026-03-27 11:21:54,15.48,0.0,4.0,20.0,0.0,1,0.0,0.0,20.0,0.0,1,0.0,2.0,20.0,0.0,1,0.0,1.0,20.0,0.0,1,0.0,0.0,20.0,0.0,1,0.0,2.0,20.0,0.0,1
2026-03-27 11:21:54,16.2,0.0,4.0,20.0,0.0,1,0.0,0.0,20.0,0.0,1,0.0,2.0,20.0,0.0,1,0.0,1.0,20.0,0.0,1,0.0,0.0,20.0,0.0,1,0.0,2.0,20.0,0.0,1
2026-03-27 11:21:55,16.94,0.0,4.0,20.0,0.0,1,0.0,0.0,20.0,0.0,1,0.0,2.0,20.0,0.0,1,0.0,1.0,20.0,0.0,1,0.0,0.0,20.0,0.0,1,0.0,2.0,20.0,0.0,1
2026-03-27 11:21:56,17.68,0.0,4.0,20.0,0.0,1,0.0,0.0,20.0,0.0,1,0.0,2.0,20.0,0.0,1,0.0,1.0,20.0,0.0,1,0.0,0.0,20.0,0.0,1,0.0,2.0,20.0,0.0,1
2026-03-27 11:21:56,18.39,0.0,4.0,20.0,0.0,1,0.0,0.0,20.0,0.0,1,0.0,2.0,20.0,0.0,1,0.0,1.0,20.0,0.0,1,0.0,0.0,20.0,0.0,1,0.0,2.0,20.0,0.0,1
2026-03-27 11:21:57,19.11,0.0,4.0,20.0,0.0,1,0.0,0.0,20.0,0.0,1,0.0,2.0,20.0,0.0,1,0.0,1.0,20.0,0.0,1,0.0,0.0,20.0,0.0,1,0.0,2.0,20.0,0.0,1
2026-03-27 11:21:58,19.81,0.0,4.0,20.0,0.0,1,0.0,0.0,20.0,0.0,1,0.0,2.0,20.0,0.0,1,0.0,1.0,20.0,0.0,1,0.0,0.0,20.0,0.0,1,0.0,2.0,20.0,0.0,1
2026-03-27 11:21:59,20.51,0.0,4.0,20.0,0.0,1,0.0,0.0,20.0,0.0,1,0.0,2.0,20.0,0.0,1,0.0,1.0,20.0,0.0,1,0.0,0.0,20.0,0.0,1,0.0,2.0,20.0,0.0,1
2026-03-27 11:21:59,21.28,0.0,4.0,20.0,0.0,1,0.0,0.0,20.0,0.0,1,0.0,2.0,20.0,0.0,1,0.0,1.0,20.0,0.0,1,0.0,0.0,20.0,0.0,1,0.0,2.0,20.0,0.0,1
2026-03-27 11:22:00,21.99,0.0,4.0,20.0,0.0,1,0.0,0.0,20.0,0.0,1,0.0,2.0,20.0,0.0,1,0.0,1.0,20.0,0.0,1,0.0,0.0,20.0,0.0,1,0.0,2.0,20.0,0.0,1
2026-03-27 11:22:01,22.71,0.0,4.0,20.0,0.0,1,0.0,0.0,20.0,0.0,1,0.0,2.0,20.0,0.0,1,0.0,1.0,20.0,0.0,1,0.0,0.0,20.0,0.0,1,0.0,2.0,20.0,0.0,1
2026-03-27 11:22:01,23.43,0.0,4.0,20.0,0.0,1,0.0,0.0,20.0,0.0,1,0.0,2.0,20.0,0.0,1,0.0,1.0,20.0,0.0,1,0.0,0.0,20.0,0.0,1,0.0,2.0,20.0,0.0,1
2026-03-27 11:22:02,24.15,0.0,4.0,20.0,0.0,1,0.0,0.0,20.0,0.0,1,0.0,2.0,20.0,0.0,1,0.0,1.0,20.0,0.0,1,0.0,0.0,20.0,0.0,1,0.0,2.0,20.0,0.0,1
2026-03-27 11:22:03,24.85,0.0,4.0,20.0,0.0,1,0.0,0.0,20.0,0.0,1,0.0,2.0,20.0,0.0,1,0.0,1.0,20.0,0.0,1,0.0,0.0,20.0,0.0,1,0.0,2.0,20.0,0.0,1
2026-03-27 11:22:04,25.56,0.0,4.0,20.0,0.0,1,0.0,0.0,20.0,0.0,1,0.0,2.0,20.0,0.0,1,0.0,1.0,20.0,0.0,1,0.0,0.0,20.0,0.0,1,0.0,2.0,20.0,0.0,1
2026-03-27 11:22:04,26.28,0.0,4.0,20.0,0.0,1,0.0,0.0,20.0,0.0,1,0.0,2.0,20.0,0.0,1,0.0,1.0,20.0,0.0,1,0.0,0.0,20.0,0.0,1,0.0,2.0,20.0,0.0,1
2026-03-27 11:22:05,27.0,0.0,4.0,20.0,0.0,1,0.0,0.0,20.0,0.0,1,0.0,2.0,20.0,0.0,1,0.0,1.0,20.0,0.0,1,0.0,0.0,20.0,0.0,1,0.0,2.0,20.0,0.0,1
2026-03-27 11:22:06,27.72,0.0,4.0,20.0,0.0,1,0.0,0.0,20.0,0.0,1,0.0,2.0,20.0,0.0,1,0.0,1.0,20.0,0.0,1,0.0,0.0,20.0,0.0,1,0.0,2.0,20.0,0.0,1
2026-03-27 11:22:06,28.43,0.0,4.0,20.0,0.0,1,0.0,0.0,20.0,0.0,1,0.0,2.0,20.0,0.0,1,0.0,1.0,20.0,0.0,1,0.0,0.0,20.0,0.0,1,0.0,2.0,20.0,0.0,1
2026-03-27 11:22:07,29.16,0.0,4.0,20.0,0.0,1,0.0,0.0,20.0,0.0,1,0.0,2.0,20.0,0.0,1,0.0,1.0,20.0,0.0,1,0.0,0.0,20.0,0.0,1,0.0,2.0,20.0,0.0,1
2026-03-27 11:22:08,29.9,0.0,4.0,20.0,0.0,1,0.0,0.0,20.0,0.0,1,0.0,2.0,20.0,0.0,1,0.0,1.0,20.0,0.0,1,0.0,0.0,20.0,0.0,1,0.0,2.0,20.0,0.0,1
2026-03-27 11:22:09,30.72,0.0,4.0,20.0,0.0,1,0.0,0.0,20.0,0.0,1,0.0,2.0,20.0,0.0,1,0.0,1.0,20.0,0.0,1,0.0,0.0,20.0,0.0,1,0.0,2.0,20.0,0.0,1
2026-03-27 11:22:09,0.15,0.0,4.0,20.0,0.0,1,0.0,0.0,20.0,0.0,1,0.0,2.0,20.0,0.0,1,0.0,1.0,20.0,0.0,1,0.0,0.0,20.0,0.0,1,0.0,2.0,20.0,0.0,1
2026-03-27 11:22:10,0.86,0.0,4.0,20.0,0.0,1,0.0,0.0,20.0,0.0,1,0.0,2.0,20.0,0.0,1,0.0,1.0,20.0,0.0,1,0.0,0.0,20.0,0.0,1,0.0,2.0,20.0,0.0,1
2026-03-27 11:22:10,1.58,0.0,4.0,20.0,0.0,1,0.0,0.0,20.0,0.0,1,0.0,2.0,20.0,0.0,1,0.0,1.0,20.0,0.0,1,0.0,0.0,20.0,0.0,1,0.0,2.0,20.0,0.0,1
2026-03-27 11:22:11,2.29,0.0,4.0,20.0,0.0,1,0.0,0.0,20.0,0.0,1,0.0,2.0,20.0,0.0,1,0.0,1.0,20.0,0.0,1,0.0,0.0,20.0,0.0,1,0.0,2.0,20.0,0.0,1
2026-03-27 11:22:12,3.01,0.0,4.0,20.0,0.0,1,0.0,0.0,20.0,0.0,1,0.0,2.0,20.0,0.0,1,0.0,1.0,20.0,0.0,1,0.0,0.0,20.0,0.0,1,0.0,2.0,20.0,0.0,1
2026-03-27 11:22:12,3.73,0.0,4.0,20.0,0.0,1,0.0,0.0,20.0,0.0,1,0.0,2.0,20.0,0.0,1,0.0,1.0,20.0,0.0,1,0.0,0.0,20.0,0.0,1,0.0,2.0,20.0,0.0,1
2026-03-27 11:22:13,4.47,0.0,4.0,20.0,0.0,1,0.0,0.0,20.0,0.0,1,0.0,2.0,20.0,0.0,1,0.0,1.0,20.0,0.0,1,0.0,0.0,20.0,0.0,1,0.0,2.0,20.0,0.0,1
2026-03-27 11:22:14,5.21,0.0,4.0,20.0,0.0,1,0.0,0.0,20.0,0.0,1,0.0,2.0,20.0,0.0,1,0.0,1.0,20.0,0.0,1,0.0,0.0,20.0,0.0,1,0.0,2.0,20.0,0.0,1
2026-03-27 11:22:15,5.93,0.0,4.0,20.0,0.0,1,0.0,0.0,20.0,0.0,1,0.0,2.0,20.0,0.0,1,0.0,1.0,20.0,0.0,1,0.0,0.0,20.0,0.0,1,0.0,2.0,20.0,0.0,1
2026-03-27 11:22:15,6.65,0.0,4.0,20.0,0.0,1,0.0,0.0,20.0,0.0,1,0.0,2.0,20.0,0.0,1,0.0,1.0,20.0,0.0,1,0.0,0.0,20.0,0.0,1,0.0,2.0,20.0,0.0,1
2026-03-27 11:22:16,7.37,0.0,4.0,20.0,0.0,1,0.0,0.0,20.0,0.0,1,0.0,2.0,20.0,0.0,1,0.0,1.0,20.0,0.0,1,0.0,0.0,20.0,0.0,1,0.0,2.0,20.0,0.0,1
2026-03-27 11:22:17,8.08,0.0,4.0,20.0,0.0,1,0.0,0.0,20.0,0.0,1,0.0,2.0,20.0,0.0,1,0.0,1.0,20.0,0.0,1,0.0,0.0,20.0,0.0,1,0.0,2.0,20.0,0.0,1
2026-03-27 11:22:18,8.79,0.0,4.0,20.0,0.0,1,0.0,0.0,20.0,0.0,1,0.0,2.0,20.0,0.0,1,0.0,1.0,20.0,0.0,1,0.0,0.0,20.0,0.0,1,0.0,2.0,20.0,0.0,1
2026-03-27 11:22:18,9.51,0.0,4.0,20.0,0.0,1,0.0,0.0,20.0,0.0,1,0.0,2.0,20.0,0.0,1,0.0,1.0,20.0,0.0,1,0.0,0.0,20.0,0.0,1,0.0,2.0,20.0,0.0,1
2026-03-27 11:22:19,10.26,0.0,4.0,20.0,0.0,1,0.0,0.0,20.0,0.0,1,0.0,2.0,20.0,0.0,1,0.0,1.0,20.0,0.0,1,0.0,0.0,20.0,0.0,1,0.0,2.0,20.0,0.0,1
2026-03-27 11:22:20,11.01,0.0,4.0,20.0,0.0,1,0.0,0.0,20.0,0.0,1,0.0,2.0,20.0,0.0,1,0.0,1.0,20.0,0.0,1,0.0,0.0,20.0,0.0,1,0.0,2.0,20.0,0.0,1
2026-03-27 11:22:21,11.77,0.0,4.0,20.0,0.0,1,0.0,0.0,20.0,0.0,1,0.0,2.0,20.0,0.0,1,0.0,1.0,20.0,0.0,1,0.0,0.0,20.0,0.0,1,0.0,2.0,20.0,0.0,1
2026-03-27 11:22:21,12.52,0.0,4.0,20.0,0.0,1,0.0,0.0,20.0,0.0,1,0.0,2.0,20.0,0.0,1,0.0,1.0,20.0,0.0,1,0.0,0.0,20.0,0.0,1,0.0,2.0,20.0,0.0,1
2026-03-27 11:22:22,13.24,0.0,4.0,20.0,0.0,1,0.0,0.0,20.0,0.0,1,0.0,2.0,20.0,0.0,1,0.0,1.0,20.0,0.0,1,0.0,0.0,20.0,0.0,1,0.0,2.0,20.0,0.0,1
2026-03-27 11:22:23,13.98,0.0,4.0,20.0,0.0,1,0.0,0.0,20.0,0.0,1,0.0,2.0,20.0,0.0,1,0.0,1.0,20.0,0.0,1,0.0,0.0,20.0,0.0,1,0.0,2.0,20.0,0.0,1
2026-03-27 11:22:23,14.69,0.0,4.0,20.0,0.0,1,0.0,0.0,20.0,0.0,1,0.0,2.0,20.0,0.0,1,0.0,1.0,20.0,0.0,1,0.0,0.0,20.0,0.0,1,0.0,2.0,20.0,0.0,1
2026-03-27 11:22:24,15.4,0.0,4.0,20.0,0.0,1,0.0,0.0,20.0,0.0,1,0.0,2.0,20.0,0.0,1,0.0,1.0,20.0,0.0,1,0.0,0.0,20.0,0.0,1,0.0,2.0,20.0,0.0,1
2026-03-27 11:22:25,16.11,0.0,4.0,20.0,0.0,1,0.0,0.0,20.0,0.0,1,0.0,2.0,20.0,0.0,1,0.0,1.0,20.0,0.0,1,0.0,0.0,20.0,0.0,1,0.0,2.0,20.0,0.0,1
2026-03-27 11:22:26,16.82,0.0,4.0,20.0,0.0,1,0.0,0.0,20.0,0.0,1,0.0,2.0,20.0,0.0,1,0.0,1.0,20.0,0.0,1,0.0,0.0,20.0,0.0,1,0.0,2.0,20.0,0.0,1
2026-03-27 11:22:26,17.55,0.0,4.0,20.0,0.0,1,0.0,0.0,20.0,0.0,1,0.0,2.0,20.0,0.0,1,0.0,1.0,20.0,0.0,1,0.0,0.0,20.0,0.0,1,0.0,2.0,20.0,0.0,1
2026-03-27 11:22:27,18.27,0.0,4.0,20.0,0.0,1,0.0,0.0,20.0,0.0,1,0.0,2.0,20.0,0.0,1,0.0,1.0,20.0,0.0,1,0.0,0.0,20.0,0.0,1,0.0,2.0,20.0,0.0,1
2026-03-27 11:22:28,18.99,0.0,4.0,20.0,0.0,1,0.0,0.0,20.0,0.0,1,0.0,2.0,20.0,0.0,1,0.0,1.0,20.0,0.0,1,0.0,0.0,20.0,0.0,1,0.0,2.0,20.0,0.0,1
2026-03-27 11:22:28,19.71,0.0,4.0,20.0,0.0,1,0.0,0.0,20.0,0.0,1,0.0,2.0,20.0,0.0,1,0.0,1.0,20.0,0.0,1,0.0,0.0,20.0,0.0,1,0.0,2.0,20.0,0.0,1
2026-03-27 11:22:29,20.43,0.0,4.0,20.0,0.0,1,0.0,0.0,20.0,0.0,1,0.0,2.0,20.0,0.0,1,0.0,1.0,20.0,0.0,1,0.0,0.0,20.0,0.0,1,0.0,2.0,20.0,0.0,1
2026-03-27 11:22:30,21.15,0.0,4.0,20.0,0.0,1,0.0,0.0,20.0,0.0,1,0.0,2.0,20.0,0.0,1,0.0,1.0,20.0,0.0,1,0.0,0.0,20.0,0.0,1,0.0,2.0,20.0,0.0,1
2026-03-27 11:22:31,21.88,0.0,4.0,20.0,0.0,1,0.0,0.0,20.0,0.0,1,0.0,2.0,20.0,0.0,1,0.0,1.0,20.0,0.0,1,0.0,0.0,20.0,0.0,1,0.0,2.0,20.0,0.0,1
2026-03-27 11:22:31,22.58,0.0,4.0,20.0,0.0,1,0.0,0.0,20.0,0.0,1,0.0,2.0,20.0,0.0,1,0.0,1.0,20.0,0.0,1,0.0,0.0,20.0,0.0,1,0.0,2.0,20.0,0.0,1
2026-03-27 11:22:32,23.33,0.0,4.0,20.0,0.0,1,0.0,0.0,20.0,0.0,1,0.0,2.0,20.0,0.0,1,0.0,1.0,20.0,0.0,1,0.0,0.0,20.0,0.0,1,0.0,2.0,20.0,0.0,1
2026-03-27 11:22:33,24.04,0.0,4.0,20.0,0.0,1,0.0,0.0,20.0,0.0,1,0.0,2.0,20.0,0.0,1,0.0,1.0,20.0,0.0,1,0.0,0.0,20.0,0.0,1,0.0,2.0,20.0,0.0,1
2026-03-27 11:22:34,24.75,0.0,4.0,20.0,0.0,1,0.0,0.0,20.0,0.0,1,0.0,2.0,20.0,0.0,1,0.0,1.0,20.0,0.0,1,0.0,0.0,20.0,0.0,1,0.0,2.0,20.0,0.0,1
2026-03-27 11:22:34,25.49,0.0,4.0,20.0,0.0,1,0.0,0.0,20.0,0.0,1,0.0,2.0,20.0,0.0,1,0.0,1.0,20.0,0.0,1,0.0,0.0,20.0,0.0,1,0.0,2.0,20.0,0.0,1
2026-03-27 11:22:35,26.22,0.0,4.0,20.0,0.0,1,0.0,0.0,20.0,0.0,1,0.0,2.0,20.0,0.0,1,0.0,1.0,20.0,0.0,1,0.0,0.0,20.0,0.0,1,0.0,2.0,20.0,0.0,1
2026-03-27 11:22:36,26.94,0.0,4.0,20.0,0.0,1,0.0,0.0,20.0,0.0,1,0.0,2.0,20.0,0.0,1,0.0,1.0,20.0,0.0,1,0.0,0.0,20.0,0.0,1,0.0,2.0,20.0,0.0,1
2026-03-27 11:22:36,27.67,0.0,4.0,20.0,0.0,1,0.0,0.0,20.0,0.0,1,0.0,2.0,20.0,0.0,1,0.0,1.0,20.0,0.0,1,0.0,0.0,20.0,0.0,1,0.0,2.0,20.0,0.0,1
2026-03-27 11:22:37,28.38,0.0,4.0,20.0,0.0,1,0.0,0.0,20.0,0.0,1,0.0,2.0,20.0,0.0,1,0.0,1.0,20.0,0.0,1,0.0,0.0,20.0,0.0,1,0.0,2.0,20.0,0.0,1
2026-03-27 11:22:38,29.1,0.0,4.0,20.0,0.0,1,0.0,0.0,20.0,0.0,1,0.0,2.0,20.0,0.0,1,0.0,1.0,20.0,0.0,1,0.0,0.0,20.0,0.0,1,0.0,2.0,20.0,0.0,1
2026-03-27 11:22:39,29.82,0.0,4.0,20.0,0.0,1,0.0,0.0,20.0,0.0,1,0.0,2.0,20.0,0.0,1,0.0,1.0,20.0,0.0,1,0.0,0.0,20.0,0.0,1,0.0,2.0,20.0,0.0,1
2026-03-27 11:22:39,30.53,0.0,4.0,20.0,0.0,1,0.0,0.0,20.0,0.0,1,0.0,2.0,20.0,0.0,1,0.0,1.0,20.0,0.0,1,0.0,0.0,20.0,0.0,1,0.0,2.0,20.0,0.0,1
2026-03-27 11:22:40,31.28,0.0,4.0,20.0,0.0,1,0.0,0.0,20.0,0.0,1,0.0,2.0,20.0,0.0,1,0.0,1.0,20.0,0.0,1,0.0,0.0,20.0,0.0,1,0.0,2.0,20.0,0.0,1
2026-03-27 11:22:41,32.01,0.0,4.0,20.0,0.0,1,0.0,0.0,20.0,0.0,1,0.0,2.0,20.0,0.0,1,0.0,1.0,20.0,0.0,1,0.0,0.0,20.0,0.0,1,0.0,2.0,20.0,0.0,1
2026-03-27 11:22:42,32.75,0.0,4.0,20.0,0.0,1,0.0,0.0,20.0,0.0,1,0.0,2.0,20.0,0.0,1,0.0,1.0,20.0,0.0,1,0.0,0.0,20.0,0.0,1,0.0,2.0,20.0,0.0,1
2026-03-27 11:22:42,33.51,0.0,4.0,20.0,0.0,1,0.0,0.0,20.0,0.0,1,0.0,2.0,20.0,0.0,1,0.0,1.0,20.0,0.0,1,0.0,0.0,20.0,0.0,1,0.0,2.0,20.0,0.0,1
2026-03-27 11:22:43,34.23,0.0,4.0,20.0,0.0,1,0.0,0.0,20.0,0.0,1,0.0,2.0,20.0,0.0,1,0.0,1.0,20.0,0.0,1,0.0,0.0,20.0,0.0,1,0.0,2.0,20.0,0.0,1
2026-03-27 11:22:44,34.95,0.0,4.0,20.0,0.0,1,0.0,0.0,20.0,0.0,1,0.0,2.0,20.0,0.0,1,0.0,1.0,20.0,0.0,1,0.0,0.0,20.0,0.0,1,0.0,2.0,20.0,0.0,1
2026-03-27 11:22:44,35.67,0.0,4.0,20.0,0.0,1,0.0,0.0,20.0,0.0,1,0.0,2.0,20.0,0.0,1,0.0,1.0,20.0,0.0,1,0.0,0.0,20.0,0.0,1,0.0,2.0,20.0,0.0,1
2026-03-27 11:22:45,36.39,0.0,4.0,20.0,0.0,1,0.0,0.0,20.0,0.0,1,0.0,2.0,20.0,0.0,1,0.0,1.0,20.0,0.0,1,0.0,0.0,20.0,0.0,1,0.0,2.0,20.0,0.0,1
2026-03-27 11:22:46,37.11,0.0,4.0,20.0,0.0,1,0.0,0.0,20.0,0.0,1,0.0,2.0,20.0,0.0,1,0.0,1.0,20.0,0.0,1,0.0,0.0,20.0,0.0,1,0.0,2.0,20.0,0.0,1
2026-03-27 11:22:47,37.88,0.0,4.0,20.0,0.0,1,0.0,0.0,20.0,0.0,1,0.0,2.0,20.0,0.0,1,0.0,1.0,20.0,0.0,1,0.0,0.0,20.0,0.0,1,0.0,2.0,20.0,0.0,1
2026-03-27 11:22:47,38.6,0.0,4.0,20.0,0.0,1,0.0,0.0,20.0,0.0,1,0.0,2.0,20.0,0.0,1,0.0,1.0,20.0,0.0,1,0.0,0.0,20.0,0.0,1,0.0,2.0,20.0,0.0,1
2026-03-27 11:22:48,39.33,0.0,4.0,20.0,0.0,1,0.0,0.0,20.0,0.0,1,0.0,2.0,20.0,0.0,1,0.0,1.0,20.0,0.0,1,0.0,0.0,20.0,0.0,1,0.0,2.0,20.0,0.0,1
2026-03-27 11:22:49,40.07,0.0,4.0,20.0,0.0,1,0.0,0.0,20.0,0.0,1,0.0,2.0,20.0,0.0,1,0.0,1.0,20.0,0.0,1,0.0,0.0,20.0,0.0,1,0.0,2.0,20.0,0.0,1
2026-03-27 11:22:50,40.81,0.0,4.0,20.0,0.0,1,0.0,0.0,20.0,0.0,1,0.0,2.0,20.0,0.0,1,0.0,1.0,20.0,0.0,1,0.0,0.0,20.0,0.0,1,0.0,2.0,20.0,0.0,1
2026-03-27 11:22:50,41.55,0.0,4.0,20.0,0.0,1,0.0,0.0,20.0,0.0,1,0.0,2.0,20.0,0.0,1,0.0,1.0,20.0,0.0,1,0.0,0.0,20.0,0.0,1,0.0,2.0,20.0,0.0,1
2026-03-27 11:22:51,42.28,0.0,4.0,20.0,0.0,1,0.0,0.0,20.0,0.0,1,0.0,2.0,20.0,0.0,1,0.0,1.0,20.0,0.0,1,0.0,0.0,20.0,0.0,1,0.0,2.0,20.0,0.0,1
2026-03-27 11:22:52,43.0,0.0,4.0,20.0,0.0,1,0.0,0.0,20.0,0.0,1,0.0,2.0,20.0,0.0,1,0.0,1.0,20.0,0.0,1,0.0,0.0,20.0,0.0,1,0.0,2.0,20.0,0.0,1
2026-03-27 11:22:53,43.75,0.0,4.0,20.0,0.0,1,0.0,0.0,20.0,0.0,1,0.0,2.0,20.0,0.0,1,0.0,1.0,20.0,0.0,1,0.0,0.0,20.0,0.0,1,0.0,2.0,20.0,0.0,1
2026-03-27 11:22:53,44.49,0.0,4.0,20.0,0.0,1,0.0,0.0,20.0,0.0,1,0.0,2.0,20.0,0.0,1,0.0,1.0,20.0,0.0,1,0.0,0.0,20.0,0.0,1,0.0,2.0,20.0,0.0,1
2026-03-27 11:22:54,45.23,0.0,4.0,20.0,0.0,1,0.0,0.0,20.0,0.0,1,0.0,2.0,20.0,0.0,1,0.0,1.0,20.0,0.0,1,0.0,0.0,20.0,0.0,1,0.0,2.0,20.0,0.0,1
2026-03-27 11:22:55,45.94,0.0,4.0,20.0,0.0,1,0.0,0.0,20.0,0.0,1,0.0,2.0,20.0,0.0,1,0.0,1.0,20.0,0.0,1,0.0,0.0,20.0,0.0,1,0.0,2.0,20.0,0.0,1
2026-03-27 11:22:55,46.7,0.0,4.0,20.0,0.0,1,0.0,0.0,20.0,0.0,1,0.0,2.0,20.0,0.0,1,0.0,1.0,20.0,0.0,1,0.0,0.0,20.0,0.0,1,0.0,2.0,20.0,0.0,1
2026-03-27 11:22:56,47.43,0.0,4.0,20.0,0.0,1,0.0,0.0,20.0,0.0,1,0.0,2.0,20.0,0.0,1,0.0,1.0,20.0,0.0,1,0.0,0.0,20.0,0.0,1,0.0,2.0,20.0,0.0,1
2026-03-27 11:22:57,48.15,0.0,4.0,20.0,0.0,1,0.0,0.0,20.0,0.0,1,0.0,2.0,20.0,0.0,1,0.0,1.0,20.0,0.0,1,0.0,0.0,20.0,0.0,1,0.0,2.0,20.0,0.0,1
2026-03-27 11:22:58,48.88,0.0,4.0,20.0,0.0,1,0.0,0.0,20.0,0.0,1,0.0,2.0,20.0,0.0,1,0.0,1.0,20.0,0.0,1,0.0,0.0,20.0,0.0,1,0.0,2.0,20.0,0.0,1
2026-03-27 11:22:58,49.6,0.0,4.0,20.0,0.0,1,0.0,0.0,20.0,0.0,1,0.0,2.0,20.0,0.0,1,0.0,1.0,20.0,0.0,1,0.0,0.0,20.0,0.0,1,0.0,2.0,20.0,0.0,1
2026-03-27 11:22:59,50.34,0.0,4.0,20.0,0.0,1,0.0,0.0,20.0,0.0,1,0.0,2.0,20.0,0.0,1,0.0,1.0,20.0,0.0,1,0.0,0.0,20.0,0.0,1,0.0,2.0,20.0,0.0,1
2026-03-27 11:23:00,51.09,0.0,4.0,20.0,0.0,1,0.0,0.0,20.0,0.0,1,0.0,2.0,20.0,0.0,1,0.0,1.0,20.0,0.0,1,0.0,0.0,20.0,0.0,1,0.0,2.0,20.0,0.0,1
2026-03-27 11:23:01,51.84,0.0,4.0,20.0,0.0,1,0.0,0.0,20.0,0.0,1,0.0,2.0,20.0,0.0,1,0.0,1.0,20.0,0.0,1,0.0,0.0,20.0,0.0,1,0.0,2.0,20.0,0.0,1
2026-03-27 11:23:01,52.61,0.0,4.0,20.0,0.0,1,0.0,0.0,20.0,0.0,1,0.0,2.0,20.0,0.0,1,0.0,1.0,20.0,0.0,1,0.0,0.0,20.0,0.0,1,0.0,2.0,20.0,0.0,1
2026-03-27 11:23:02,53.35,0.0,4.0,20.0,0.0,1,0.0,0.0,20.0,0.0,1,0.0,2.0,20.0,0.0,1,0.0,1.0,20.0,0.0,1,0.0,0.0,20.0,0.0,1,0.0,2.0,20.0,0.0,1
2026-03-27 11:23:03,54.1,0.0,4.0,20.0,0.0,1,0.0,0.0,20.0,0.0,1,0.0,2.0,20.0,0.0,1,0.0,1.0,20.0,0.0,1,0.0,0.0,20.0,0.0,1,0.0,2.0,20.0,0.0,1
2026-03-27 11:23:04,54.82,0.0,4.0,20.0,0.0,1,0.0,0.0,20.0,0.0,1,0.0,2.0,20.0,0.0,1,0.0,1.0,20.0,0.0,1,0.0,0.0,20.0,0.0,1,0.0,2.0,20.0,0.0,1
2026-03-27 11:23:04,55.55,0.0,4.0,20.0,0.0,1,0.0,0.0,20.0,0.0,1,0.0,2.0,20.0,0.0,1,0.0,1.0,20.0,0.0,1,0.0,0.0,20.0,0.0,1,0.0,2.0,20.0,0.0,1
2026-03-27 11:23:05,56.26,0.0,4.0,20.0,0.0,1,0.0,0.0,20.0,0.0,1,0.0,2.0,20.0,0.0,1,0.0,1.0,20.0,0.0,1,0.0,0.0,20.0,0.0,1,0.0,2.0,20.0,0.0,1
2026-03-27 11:23:06,56.97,0.0,4.0,20.0,0.0,1,0.0,0.0,20.0,0.0,1,0.0,2.0,20.0,0.0,1,0.0,1.0,20.0,0.0,1,0.0,0.0,20.0,0.0,1,0.0,2.0,20.0,0.0,1
2026-03-27 11:23:06,57.69,0.0,4.0,20.0,0.0,1,0.0,0.0,20.0,0.0,1,0.0,2.0,20.0,0.0,1,0.0,1.0,20.0,0.0,1,0.0,0.0,20.0,0.0,1,0.0,2.0,20.0,0.0,1
2026-03-27 11:23:07,58.42,0.0,4.0,20.0,0.0,1,0.0,0.0,20.0,0.0,1,0.0,2.0,20.0,0.0,1,0.0,1.0,20.0,0.0,1,0.0,0.0,20.0,0.0,1,0.0,2.0,20.0,0.0,1
2026-03-27 11:23:08,59.16,0.0,4.0,20.0,0.0,1,0.0,0.0,20.0,0.0,1,0.0,2.0,20.0,0.0,1,0.0,1.0,20.0,0.0,1,0.0,0.0,20.0,0.0,1,0.0,2.0,20.0,0.0,1
2026-03-27 11:23:09,59.91,0.0,4.0,20.0,0.0,1,0.0,0.0,20.0,0.0,1,0.0,2.0,20.0,0.0,1,0.0,1.0,20.0,0.0,1,0.0,0.0,20.0,0.0,1,0.0,2.0,20.0,0.0,1
2026-03-27 11:23:09,60.68,0.0,4.0,20.0,0.0,1,0.0,0.0,20.0,0.0,1,0.0,2.0,20.0,0.0,1,0.0,1.0,20.0,0.0,1,0.0,0.0,20.0,0.0,1,0.0,2.0,20.0,0.0,1
2026-03-27 11:23:10,61.45,0.0,4.0,20.0,0.0,1,0.0,0.0,20.0,0.0,1,0.0,2.0,20.0,0.0,1,0.0,1.0,20.0,0.0,1,0.0,0.0,20.0,0.0,1,0.0,2.0,20.0,0.0,1
2026-03-27 11:23:11,62.23,0.0,4.0,20.0,0.0,1,0.0,0.0,20.0,0.0,1,0.0,2.0,20.0,0.0,1,0.0,1.0,20.0,0.0,1,0.0,0.0,20.0,0.0,1,0.0,2.0,20.0,0.0,1
2026-03-27 11:23:12,62.98,0.0,4.0,20.0,0.0,1,0.0,0.0,20.0,0.0,1,0.0,2.0,20.0,0.0,1,0.0,1.0,20.0,0.0,1,0.0,0.0,20.0,0.0,1,0.0,2.0,20.0,0.0,1
2026-03-27 11:23:12,63.71,0.0,4.0,20.0,0.0,1,0.0,0.0,20.0,0.0,1,0.0,2.0,20.0,0.0,1,0.0,1.0,20.0,0.0,1,0.0,0.0,20.0,0.0,1,0.0,2.0,20.0,0.0,1
2026-03-27 11:23:13,64.46,0.0,4.0,20.0,0.0,1,0.0,0.0,20.0,0.0,1,0.0,2.0,20.0,0.0,1,0.0,1.0,20.0,0.0,1,0.0,0.0,20.0,0.0,1,0.0,2.0,20.0,0.0,1
2026-03-27 11:23:14,65.19,0.0,4.0,20.0,0.0,1,0.0,0.0,20.0,0.0,1,0.0,2.0,20.0,0.0,1,0.0,1.0,20.0,0.0,1,0.0,0.0,20.0,0.0,1,0.0,2.0,20.0,0.0,1
2026-03-27 11:23:15,65.95,0.0,4.0,20.0,0.0,1,0.0,0.0,20.0,0.0,1,0.0,2.0,20.0,0.0,1,0.0,1.0,20.0,0.0,1,0.0,0.0,20.0,0.0,1,0.0,2.0,20.0,0.0,1
2026-03-27 11:23:15,66.68,0.0,4.0,20.0,0.0,1,0.0,0.0,20.0,0.0,1,0.0,2.0,20.0,0.0,1,0.0,1.0,20.0,0.0,1,0.0,0.0,20.0,0.0,1,0.0,2.0,20.0,0.0,1
2026-03-27 11:23:16,67.41,0.0,4.0,20.0,0.0,1,0.0,0.0,20.0,0.0,1,0.0,2.0,20.0,0.0,1,0.0,1.0,20.0,0.0,1,0.0,0.0,20.0,0.0,1,0.0,2.0,20.0,0.0,1
2026-03-27 11:23:17,68.18,0.0,4.0,20.0,0.0,1,0.0,0.0,20.0,0.0,1,0.0,2.0,20.0,0.0,1,0.0,1.0,20.0,0.0,1,0.0,0.0,20.0,0.0,1,0.0,2.0,20.0,0.0,1
2026-03-27 11:23:18,68.96,0.0,4.0,20.0,0.0,1,0.0,0.0,20.0,0.0,1,0.0,2.0,20.0,0.0,1,0.0,1.0,20.0,0.0,1,0.0,0.0,20.0,0.0,1,0.0,2.0,20.0,0.0,1
2026-03-27 11:23:18,69.69,0.0,4.0,20.0,0.0,1,0.0,0.0,20.0,0.0,1,0.0,2.0,20.0,0.0,1,0.0,1.0,20.0,0.0,1,0.0,0.0,20.0,0.0,1,0.0,2.0,20.0,0.0,1
2026-03-27 11:23:19,70.41,0.0,4.0,20.0,0.0,1,0.0,0.0,20.0,0.0,1,0.0,2.0,20.0,0.0,1,0.0,1.0,20.0,0.0,1,0.0,0.0,20.0,0.0,1,0.0,2.0,20.0,0.0,1
2026-03-27 11:23:20,71.17,0.0,4.0,20.0,0.0,1,0.0,0.0,20.0,0.0,1,0.0,2.0,20.0,0.0,1,0.0,1.0,20.0,0.0,1,0.0,0.0,20.0,0.0,1,0.0,2.0,20.0,0.0,1
2026-03-27 11:23:21,71.91,0.0,4.0,20.0,0.0,1,0.0,0.0,20.0,0.0,1,0.0,2.0,20.0,0.0,1,0.0,1.0,20.0,0.0,1,0.0,0.0,20.0,0.0,1,0.0,2.0,20.0,0.0,1
2026-03-27 11:23:21,72.65,0.0,4.0,20.0,0.0,1,0.0,0.0,20.0,0.0,1,0.0,2.0,20.0,0.0,1,0.0,1.0,20.0,0.0,1,0.0,0.0,20.0,0.0,1,0.0,2.0,20.0,0.0,1
2026-03-27 11:23:22,73.38,0.0,4.0,20.0,0.0,1,0.0,0.0,20.0,0.0,1,0.0,2.0,20.0,0.0,1,0.0,1.0,20.0,0.0,1,0.0,0.0,20.0,0.0,1,0.0,2.0,20.0,0.0,1
2026-03-27 11:23:23,74.14,0.0,4.0,20.0,0.0,1,0.0,0.0,20.0,0.0,1,0.0,2.0,20.0,0.0,1,0.0,1.0,20.0,0.0,1,0.0,0.0,20.0,0.0,1,0.0,2.0,20.0,0.0,1
2026-03-27 11:23:24,74.87,0.0,4.0,20.0,0.0,1,0.0,0.0,20.0,0.0,1,0.0,2.0,20.0,0.0,1,0.0,1.0,20.0,0.0,1,0.0,0.0,20.0,0.0,1,0.0,2.0,20.0,0.0,1
2026-03-27 11:23:24,75.65,0.0,4.0,20.0,0.0,1,0.0,0.0,20.0,0.0,1,0.0,2.0,20.0,0.0,1,0.0,1.0,20.0,0.0,1,0.0,0.0,20.0,0.0,1,0.0,2.0,20.0,0.0,1
2026-03-27 11:23:25,76.39,0.0,4.0,20.0,0.0,1,0.0,0.0,20.0,0.0,1,0.0,2.0,20.0,0.0,1,0.0,1.0,20.0,0.0,1,0.0,0.0,20.0,0.0,1,0.0,2.0,20.0,0.0,1
2026-03-27 11:23:26,77.16,0.0,4.0,20.0,0.0,1,0.0,0.0,20.0,0.0,1,0.0,2.0,20.0,0.0,1,0.0,1.0,20.0,0.0,1,0.0,0.0,20.0,0.0,1,0.0,2.0,20.0,0.0,1
2026-03-27 11:23:27,77.89,0.0,4.0,20.0,0.0,1,0.0,0.0,20.0,0.0,1,0.0,2.0,20.0,0.0,1,0.0,1.0,20.0,0.0,1,0.0,0.0,20.0,0.0,1,0.0,2.0,20.0,0.0,1
2026-03-27 11:23:27,78.65,0.0,4.0,20.0,0.0,1,0.0,0.0,20.0,0.0,1,0.0,2.0,20.0,0.0,1,0.0,1.0,20.0,0.0,1,0.0,0.0,20.0,0.0,1,0.0,2.0,20.0,0.0,1
2026-03-27 11:23:28,79.39,0.0,4.0,20.0,0.0,1,0.0,0.0,20.0,0.0,1,0.0,2.0,20.0,0.0,1,0.0,1.0,20.0,0.0,1,0.0,0.0,20.0,0.0,1,0.0,2.0,20.0,0.0,1
2026-03-27 11:23:29,80.13,0.0,4.0,20.0,0.0,1,0.0,0.0,20.0,0.0,1,0.0,2.0,20.0,0.0,1,0.0,1.0,20.0,0.0,1,0.0,0.0,20.0,0.0,1,0.0,2.0,20.0,0.0,1
2026-03-27 11:23:30,80.87,0.0,4.0,20.0,0.0,1,0.0,0.0,20.0,0.0,1,0.0,2.0,20.0,0.0,1,0.0,1.0,20.0,0.0,1,0.0,0.0,20.0,0.0,1,0.0,2.0,20.0,0.0,1
2026-03-27 11:23:30,81.6,0.0,4.0,20.0,0.0,1,0.0,0.0,20.0,0.0,1,0.0,2.0,20.0,0.0,1,0.0,1.0,20.0,0.0,1,0.0,0.0,20.0,0.0,1,0.0,2.0,20.0,0.0,1
2026-03-27 11:23:31,82.36,0.0,4.0,20.0,0.0,1,0.0,0.0,20.0,0.0,1,0.0,2.0,20.0,0.0,1,0.0,1.0,20.0,0.0,1,0.0,0.0,20.0,0.0,1,0.0,2.0,20.0,0.0,1
2026-03-27 11:23:32,83.09,0.0,4.0,20.0,0.0,1,0.0,0.0,20.0,0.0,1,0.0,2.0,20.0,0.0,1,0.0,1.0,20.0,0.0,1,0.0,0.0,20.0,0.0,1,0.0,2.0,20.0,0.0,1
2026-03-27 11:23:33,83.82,0.0,4.0,20.0,0.0,1,0.0,0.0,20.0,0.0,1,0.0,2.0,20.0,0.0,1,0.0,1.0,20.0,0.0,1,0.0,0.0,20.0,0.0,1,0.0,2.0,20.0,0.0,1
2026-03-27 11:23:33,84.58,0.0,4.0,20.0,0.0,1,0.0,0.0,20.0,0.0,1,0.0,2.0,20.0,0.0,1,0.0,1.0,20.0,0.0,1,0.0,0.0,20.0,0.0,1,0.0,2.0,20.0,0.0,1
2026-03-27 11:23:34,85.32,0.0,4.0,20.0,0.0,1,0.0,0.0,20.0,0.0,1,0.0,2.0,20.0,0.0,1,0.0,1.0,20.0,0.0,1,0.0,0.0,20.0,0.0,1,0.0,2.0,20.0,0.0,1
2026-03-27 11:23:35,86.07,0.0,4.0,20.0,0.0,1,0.0,0.0,20.0,0.0,1,0.0,2.0,20.0,0.0,1,0.0,1.0,20.0,0.0,1,0.0,0.0,20.0,0.0,1,0.0,2.0,20.0,0.0,1
2026-03-27 11:23:36,86.8,0.0,4.0,20.0,0.0,1,0.0,0.0,20.0,0.0,1,0.0,2.0,20.0,0.0,1,0.0,1.0,20.0,0.0,1,0.0,0.0,20.0,0.0,1,0.0,2.0,20.0,0.0,1
2026-03-27 11:23:36,87.54,0.0,4.0,20.0,0.0,1,0.0,0.0,20.0,0.0,1,0.0,2.0,20.0,0.0,1,0.0,1.0,20.0,0.0,1,0.0,0.0,20.0,0.0,1,0.0,2.0,20.0,0.0,1
2026-03-27 11:23:37,88.28,0.0,4.0,20.0,0.0,1,0.0,0.0,20.0,0.0,1,0.0,2.0,20.0,0.0,1,0.0,1.0,20.0,0.0,1,0.0,0.0,20.0,0.0,1,0.0,2.0,20.0,0.0,1
2026-03-27 11:23:38,89.02,0.0,4.0,20.0,0.0,1,0.0,0.0,20.0,0.0,1,0.0,2.0,20.0,0.0,1,0.0,1.0,20.0,0.0,1,0.0,0.0,20.0,0.0,1,0.0,2.0,20.0,0.0,1
2026-03-27 11:23:39,89.76,0.0,4.0,20.0,0.0,1,0.0,0.0,20.0,0.0,1,0.0,2.0,20.0,0.0,1,0.0,1.0,20.0,0.0,1,0.0,0.0,20.0,0.0,1,0.0,2.0,20.0,0.0,1
2026-03-27 11:23:39,90.48,0.0,4.0,20.0,0.0,1,0.0,0.0,20.0,0.0,1,0.0,2.0,20.0,0.0,1,0.0,1.0,20.0,0.0,1,0.0,0.0,20.0,0.0,1,0.0,2.0,20.0,0.0,1
2026-03-27 11:23:40,91.21,0.0,4.0,20.0,0.0,1,0.0,0.0,20.0,0.0,1,0.0,2.0,20.0,0.0,1,0.0,1.0,20.0,0.0,1,0.0,0.0,20.0,0.0,1,0.0,2.0,20.0,0.0,1
2026-03-27 11:23:41,91.93,0.0,4.0,20.0,0.0,1,0.0,0.0,20.0,0.0,1,0.0,2.0,20.0,0.0,1,0.0,1.0,20.0,0.0,1,0.0,0.0,20.0,0.0,1,0.0,2.0,20.0,0.0,1
2026-03-27 11:23:41,92.66,0.0,4.0,20.0,0.0,1,0.0,0.0,20.0,0.0,1,0.0,2.0,20.0,0.0,1,0.0,1.0,20.0,0.0,1,0.0,0.0,20.0,0.0,1,0.0,2.0,20.0,0.0,1
2026-03-27 11:23:42,93.4,0.0,4.0,20.0,0.0,1,0.0,0.0,20.0,0.0,1,0.0,2.0,20.0,0.0,1,0.0,1.0,20.0,0.0,1,0.0,0.0,20.0,0.0,1,0.0,2.0,20.0,0.0,1
2026-03-27 11:23:43,94.14,0.0,4.0,20.0,0.0,1,0.0,0.0,20.0,0.0,1,0.0,2.0,20.0,0.0,1,0.0,1.0,20.0,0.0,1,0.0,0.0,20.0,0.0,1,0.0,2.0,20.0,0.0,1
2026-03-27 11:23:44,94.91,0.0,4.0,20.0,0.0,1,0.0,0.0,20.0,0.0,1,0.0,2.0,20.0,0.0,1,0.0,1.0,20.0,0.0,1,0.0,0.0,20.0,0.0,1,0.0,2.0,20.0,0.0,1
2026-03-27 11:23:44,95.66,0.0,4.0,20.0,0.0,1,0.0,0.0,20.0,0.0,1,0.0,2.0,20.0,0.0,1,0.0,1.0,20.0,0.0,1,0.0,0.0,20.0,0.0,1,0.0,2.0,20.0,0.0,1
2026-03-27 11:23:45,96.41,0.0,4.0,20.0,0.0,1,0.0,0.0,20.0,0.0,1,0.0,2.0,20.0,0.0,1,0.0,1.0,20.0,0.0,1,0.0,0.0,20.0,0.0,1,0.0,2.0,20.0,0.0,1
2026-03-27 11:23:46,97.19,0.0,4.0,20.0,0.0,1,0.0,0.0,20.0,0.0,1,0.0,2.0,20.0,0.0,1,0.0,1.0,20.0,0.0,1,0.0,0.0,20.0,0.0,1,0.0,2.0,20.0,0.0,1
2026-03-27 11:23:47,97.91,0.0,4.0,20.0,0.0,1,0.0,0.0,20.0,0.0,1,0.0,2.0,20.0,0.0,1,0.0,1.0,20.0,0.0,1,0.0,0.0,20.0,0.0,1,0.0,2.0,20.0,0.0,1
2026-03-27 11:23:47,98.67,0.0,4.0,20.0,0.0,1,0.0,0.0,20.0,0.0,1,0.0,2.0,20.0,0.0,1,0.0,1.0,20.0,0.0,1,0.0,0.0,20.0,0.0,1,0.0,2.0,20.0,0.0,1
2026-03-27 11:23:48,99.41,0.0,4.0,20.0,0.0,1,0.0,0.0,20.0,0.0,1,0.0,2.0,20.0,0.0,1,0.0,1.0,20.0,0.0,1,0.0,0.0,20.0,0.0,1,0.0,2.0,20.0,0.0,1
2026-03-27 11:23:49,100.14,0.0,4.0,20.0,0.0,1,0.0,0.0,20.0,0.0,1,0.0,2.0,20.0,0.0,1,0.0,1.0,20.0,0.0,1,0.0,0.0,20.0,0.0,1,0.0,2.0,20.0,0.0,1
2026-03-27 11:23:50,100.9,0.0,4.0,20.0,0.0,1,0.0,0.0,20.0,0.0,1,0.0,2.0,20.0,0.0,1,0.0,1.0,20.0,0.0,1,0.0,0.0,20.0,0.0,1,0.0,2.0,20.0,0.0,1
2026-03-27 11:23:50,101.64,0.0,4.0,20.0,0.0,1,0.0,0.0,20.0,0.0,1,0.0,2.0,20.0,0.0,1,0.0,1.0,20.0,0.0,1,0.0,0.0,20.0,0.0,1,0.0,2.0,20.0,0.0,1
2026-03-27 11:23:51,102.37,0.0,4.0,20.0,0.0,1,0.0,0.0,20.0,0.0,1,0.0,2.0,20.0,0.0,1,0.0,1.0,20.0,0.0,1,0.0,0.0,20.0,0.0,1,0.0,2.0,20.0,0.0,1
2026-03-27 11:23:52,103.13,0.0,4.0,20.0,0.0,1,0.0,0.0,20.0,0.0,1,0.0,2.0,20.0,0.0,1,0.0,1.0,20.0,0.0,1,0.0,0.0,20.0,0.0,1,0.0,2.0,20.0,0.0,1
2026-03-27 11:23:53,103.86,0.0,4.0,20.0,0.0,1,0.0,0.0,20.0,0.0,1,0.0,2.0,20.0,0.0,1,0.0,1.0,20.0,0.0,1,0.0,0.0,20.0,0.0,1,0.0,2.0,20.0,0.0,1
2026-03-27 11:23:53,104.6,0.0,4.0,20.0,0.0,1,0.0,0.0,20.0,0.0,1,0.0,2.0,20.0,0.0,1,0.0,1.0,20.0,0.0,1,0.0,0.0,20.0,0.0,1,0.0,2.0,20.0,0.0,1
2026-03-27 11:23:54,105.35,0.0,4.0,20.0,0.0,1,0.0,0.0,20.0,0.0,1,0.0,2.0,20.0,0.0,1,0.0,1.0,20.0,0.0,1,0.0,0.0,20.0,0.0,1,0.0,2.0,20.0,0.0,1
2026-03-27 11:23:55,106.09,0.0,4.0,20.0,0.0,1,0.0,0.0,20.0,0.0,1,0.0,2.0,20.0,0.0,1,0.0,1.0,20.0,0.0,1,0.0,0.0,20.0,0.0,1,0.0,2.0,20.0,0.0,1
2026-03-27 11:23:56,106.84,0.0,4.0,20.0,0.0,1,0.0,0.0,20.0,0.0,1,0.0,2.0,20.0,0.0,1,0.0,1.0,20.0,0.0,1,0.0,0.0,20.0,0.0,1,0.0,2.0,20.0,0.0,1
2026-03-27 11:23:56,107.57,0.0,4.0,20.0,0.0,1,0.0,0.0,20.0,0.0,1,0.0,2.0,20.0,0.0,1,0.0,1.0,20.0,0.0,1,0.0,0.0,20.0,0.0,1,0.0,2.0,20.0,0.0,1
2026-03-27 11:23:57,108.31,0.0,4.0,20.0,0.0,1,0.0,0.0,20.0,0.0,1,0.0,2.0,20.0,0.0,1,0.0,1.0,20.0,0.0,1,0.0,0.0,20.0,0.0,1,0.0,2.0,20.0,0.0,1
2026-03-27 11:23:58,109.05,0.0,4.0,20.0,0.0,1,0.0,0.0,20.0,0.0,1,0.0,2.0,20.0,0.0,1,0.0,1.0,20.0,0.0,1,0.0,0.0,20.0,0.0,1,0.0,2.0,20.0,0.0,1
2026-03-27 11:23:59,109.8,0.0,4.0,20.0,0.0,1,0.0,0.0,20.0,0.0,1,0.0,2.0,20.0,0.0,1,0.0,1.0,20.0,0.0,1,0.0,0.0,20.0,0.0,1,0.0,2.0,20.0,0.0,1
2026-03-27 11:23:59,110.53,0.0,4.0,20.0,0.0,1,0.0,0.0,20.0,0.0,1,0.0,2.0,20.0,0.0,1,0.0,1.0,20.0,0.0,1,0.0,0.0,20.0,0.0,1,0.0,2.0,20.0,0.0,1
2026-03-27 11:24:00,111.28,0.0,4.0,20.0,0.0,1,0.0,0.0,20.0,0.0,1,0.0,2.0,20.0,0.0,1,0.0,1.0,20.0,0.0,1,0.0,0.0,20.0,0.0,1,0.0,2.0,20.0,0.0,1
2026-03-27 11:24:01,112.02,0.0,4.0,20.0,0.0,1,0.0,0.0,20.0,0.0,1,0.0,2.0,20.0,0.0,1,0.0,1.0,20.0,0.0,1,0.0,0.0,20.0,0.0,1,0.0,2.0,20.0,0.0,1
2026-03-27 11:24:02,112.77,0.0,4.0,20.0,0.0,1,0.0,0.0,20.0,0.0,1,0.0,2.0,20.0,0.0,1,0.0,1.0,20.0,0.0,1,0.0,0.0,20.0,0.0,1,0.0,2.0,20.0,0.0,1
2026-03-27 11:24:02,113.54,0.0,4.0,20.0,0.0,1,0.0,0.0,20.0,0.0,1,0.0,2.0,20.0,0.0,1,0.0,1.0,20.0,0.0,1,0.0,0.0,20.0,0.0,1,0.0,2.0,20.0,0.0,1
2026-03-27 11:24:03,114.27,0.0,4.0,20.0,0.0,1,0.0,0.0,20.0,0.0,1,0.0,2.0,20.0,0.0,1,0.0,1.0,20.0,0.0,1,0.0,0.0,20.0,0.0,1,0.0,2.0,20.0,0.0,1
2026-03-27 11:24:04,115.03,0.0,4.0,20.0,0.0,1,0.0,0.0,20.0,0.0,1,0.0,2.0,20.0,0.0,1,0.0,1.0,20.0,0.0,1,0.0,0.0,20.0,0.0,1,0.0,2.0,20.0,0.0,1
2026-03-27 11:24:05,115.77,0.0,4.0,20.0,0.0,1,0.0,0.0,20.0,0.0,1,0.0,2.0,20.0,0.0,1,0.0,1.0,20.0,0.0,1,0.0,0.0,20.0,0.0,1,0.0,2.0,20.0,0.0,1
2026-03-27 11:24:05,116.54,0.0,4.0,20.0,0.0,1,0.0,0.0,20.0,0.0,1,0.0,2.0,20.0,0.0,1,0.0,1.0,20.0,0.0,1,0.0,0.0,20.0,0.0,1,0.0,2.0,20.0,0.0,1
2026-03-27 11:24:06,117.28,0.0,4.0,20.0,0.0,1,0.0,0.0,20.0,0.0,1,0.0,2.0,20.0,0.0,1,0.0,1.0,20.0,0.0,1,0.0,0.0,20.0,0.0,1,0.0,2.0,20.0,0.0,1
2026-03-27 11:24:07,118.04,0.0,4.0,20.0,0.0,1,0.0,0.0,20.0,0.0,1,0.0,2.0,20.0,0.0,1,0.0,1.0,20.0,0.0,1,0.0,0.0,20.0,0.0,1,0.0,2.0,20.0,0.0,1
2026-03-27 11:24:08,118.78,0.0,4.0,20.0,0.0,1,0.0,0.0,20.0,0.0,1,0.0,2.0,20.0,0.0,1,0.0,1.0,20.0,0.0,1,0.0,0.0,20.0,0.0,1,0.0,2.0,20.0,0.0,1
2026-03-27 11:24:08,119.53,0.0,4.0,20.0,0.0,1,0.0,0.0,20.0,0.0,1,0.0,2.0,20.0,0.0,1,0.0,1.0,20.0,0.0,1,0.0,0.0,20.0,0.0,1,0.0,2.0,20.0,0.0,1
2026-03-27 11:24:09,120.27,0.0,4.0,20.0,0.0,1,0.0,0.0,20.0,0.0,1,0.0,2.0,20.0,0.0,1,0.0,1.0,20.0,0.0,1,0.0,0.0,20.0,0.0,1,0.0,2.0,20.0,0.0,1
2026-03-27 11:24:10,121.01,0.0,4.0,20.0,0.0,1,0.0,0.0,20.0,0.0,1,0.0,2.0,20.0,0.0,1,0.0,1.0,20.0,0.0,1,0.0,0.0,20.0,0.0,1,0.0,2.0,20.0,0.0,1
2026-03-27 11:24:11,121.79,0.0,4.0,20.0,0.0,1,0.0,0.0,20.0,0.0,1,0.0,2.0,20.0,0.0,1,0.0,1.0,20.0,0.0,1,0.0,0.0,20.0,0.0,1,0.0,2.0,20.0,0.0,1
2026-03-27 11:24:11,122.52,0.0,4.0,20.0,0.0,1,0.0,0.0,20.0,0.0,1,0.0,2.0,20.0,0.0,1,0.0,1.0,20.0,0.0,1,0.0,0.0,20.0,0.0,1,0.0,2.0,20.0,0.0,1
2026-03-27 11:24:12,123.29,0.0,4.0,20.0,0.0,1,0.0,0.0,20.0,0.0,1,0.0,2.0,20.0,0.0,1,0.0,1.0,20.0,0.0,1,0.0,0.0,20.0,0.0,1,0.0,2.0,20.0,0.0,1
2026-03-27 11:24:13,124.02,0.0,4.0,20.0,0.0,1,0.0,0.0,20.0,0.0,1,0.0,2.0,20.0,0.0,1,0.0,1.0,20.0,0.0,1,0.0,0.0,20.0,0.0,1,0.0,2.0,20.0,0.0,1
2026-03-27 11:24:14,124.78,0.0,4.0,20.0,0.0,1,0.0,0.0,20.0,0.0,1,0.0,2.0,20.0,0.0,1,0.0,1.0,20.0,0.0,1,0.0,0.0,20.0,0.0,1,0.0,2.0,20.0,0.0,1
2026-03-27 11:24:14,125.53,0.0,4.0,20.0,0.0,1,0.0,0.0,20.0,0.0,1,0.0,2.0,20.0,0.0,1,0.0,1.0,20.0,0.0,1,0.0,0.0,20.0,0.0,1,0.0,2.0,20.0,0.0,1
2026-03-27 11:24:15,126.26,0.0,4.0,20.0,0.0,1,0.0,0.0,20.0,0.0,1,0.0,2.0,20.0,0.0,1,0.0,1.0,20.0,0.0,1,0.0,0.0,20.0,0.0,1,0.0,2.0,20.0,0.0,1
2026-03-27 11:24:16,127.09,0.0,4.0,20.0,0.0,1,0.0,0.0,20.0,0.0,1,0.0,2.0,20.0,0.0,1,0.0,1.0,20.0,0.0,1,0.0,0.0,20.0,0.0,1,0.0,2.0,20.0,0.0,1
2026-03-27 11:24:17,127.82,0.0,4.0,20.0,0.0,1,0.0,0.0,20.0,0.0,1,0.0,2.0,20.0,0.0,1,0.0,1.0,20.0,0.0,1,0.0,0.0,20.0,0.0,1,0.0,2.0,20.0,0.0,1
2026-03-27 11:24:17,128.58,0.0,4.0,20.0,0.0,1,0.0,0.0,20.0,0.0,1,0.0,2.0,20.0,0.0,1,0.0,1.0,20.0,0.0,1,0.0,0.0,20.0,0.0,1,0.0,2.0,20.0,0.0,1
2026-03-27 11:24:18,129.3,0.0,4.0,20.0,0.0,1,0.0,0.0,20.0,0.0,1,0.0,2.0,20.0,0.0,1,0.0,1.0,20.0,0.0,1,0.0,0.0,20.0,0.0,1,0.0,2.0,20.0,0.0,1
2026-03-27 11:24:19,130.04,0.0,4.0,20.0,0.0,1,0.0,0.0,20.0,0.0,1,0.0,2.0,20.0,0.0,1,0.0,1.0,20.0,0.0,1,0.0,0.0,20.0,0.0,1,0.0,2.0,20.0,0.0,1
2026-03-27 11:24:20,130.82,0.0,4.0,20.0,0.0,1,0.0,0.0,20.0,0.0,1,0.0,2.0,20.0,0.0,1,0.0,1.0,20.0,0.0,1,0.0,0.0,20.0,0.0,1,0.0,2.0,20.0,0.0,1
2026-03-27 11:24:20,131.55,0.0,4.0,20.0,0.0,1,0.0,0.0,20.0,0.0,1,0.0,2.0,20.0,0.0,1,0.0,1.0,20.0,0.0,1,0.0,0.0,20.0,0.0,1,0.0,2.0,20.0,0.0,1
2026-03-27 11:24:21,132.28,0.0,4.0,20.0,0.0,1,0.0,0.0,20.0,0.0,1,0.0,2.0,20.0,0.0,1,0.0,1.0,20.0,0.0,1,0.0,0.0,20.0,0.0,1,0.0,2.0,20.0,0.0,1
2026-03-27 11:24:22,133.02,0.0,4.0,20.0,0.0,1,0.0,0.0,20.0,0.0,1,0.0,2.0,20.0,0.0,1,0.0,1.0,20.0,0.0,1,0.0,0.0,20.0,0.0,1,0.0,2.0,20.0,0.0,1
2026-03-27 11:24:23,133.74,0.0,4.0,20.0,0.0,1,0.0,0.0,20.0,0.0,1,0.0,2.0,20.0,0.0,1,0.0,1.0,20.0,0.0,1,0.0,0.0,20.0,0.0,1,0.0,2.0,20.0,0.0,1
2026-03-27 11:24:23,134.52,0.0,4.0,20.0,0.0,1,0.0,0.0,20.0,0.0,1,0.0,2.0,20.0,0.0,1,0.0,1.0,20.0,0.0,1,0.0,0.0,20.0,0.0,1,0.0,2.0,20.0,0.0,1
2026-03-27 11:24:24,135.25,0.0,4.0,20.0,0.0,1,0.0,0.0,20.0,0.0,1,0.0,2.0,20.0,0.0,1,0.0,1.0,20.0,0.0,1,0.0,0.0,20.0,0.0,1,0.0,2.0,20.0,0.0,1
2026-03-27 11:24:25,135.99,0.0,4.0,20.0,0.0,1,0.0,0.0,20.0,0.0,1,0.0,2.0,20.0,0.0,1,0.0,1.0,20.0,0.0,1,0.0,0.0,20.0,0.0,1,0.0,2.0,20.0,0.0,1
2026-03-27 11:24:26,136.79,0.0,4.0,20.0,0.0,1,0.0,0.0,20.0,0.0,1,0.0,2.0,20.0,0.0,1,0.0,1.0,20.0,0.0,1,0.0,0.0,20.0,0.0,1,0.0,2.0,20.0,0.0,1
2026-03-27 11:24:26,137.64,0.0,4.0,20.0,0.0,1,0.0,0.0,20.0,0.0,1,0.0,2.0,20.0,0.0,1,0.0,1.0,20.0,0.0,1,0.0,0.0,20.0,0.0,1,0.0,2.0,20.0,0.0,1
2026-03-27 11:24:27,138.39,0.0,4.0,20.0,0.0,1,0.0,0.0,20.0,0.0,1,0.0,2.0,20.0,0.0,1,0.0,1.0,20.0,0.0,1,0.0,0.0,20.0,0.0,1,0.0,2.0,20.0,0.0,1
2026-03-27 11:24:28,139.15,0.0,4.0,20.0,0.0,1,0.0,0.0,20.0,0.0,1,0.0,2.0,20.0,0.0,1,0.0,1.0,20.0,0.0,1,0.0,0.0,20.0,0.0,1,0.0,2.0,20.0,0.0,1
2026-03-27 11:24:29,139.89,0.0,4.0,20.0,0.0,1,0.0,0.0,20.0,0.0,1,0.0,2.0,20.0,0.0,1,0.0,1.0,20.0,0.0,1,0.0,0.0,20.0,0.0,1,0.0,2.0,20.0,0.0,1
2026-03-27 11:24:29,140.62,0.0,4.0,20.0,0.0,1,0.0,0.0,20.0,0.0,1,0.0,2.0,20.0,0.0,1,0.0,1.0,20.0,0.0,1,0.0,0.0,20.0,0.0,1,0.0,2.0,20.0,0.0,1
2026-03-27 11:24:30,141.36,0.0,4.0,20.0,0.0,1,0.0,0.0,20.0,0.0,1,0.0,2.0,20.0,0.0,1,0.0,1.0,20.0,0.0,1,0.0,0.0,20.0,0.0,1,0.0,2.0,20.0,0.0,1
2026-03-27 11:24:31,142.1,0.0,4.0,20.0,0.0,1,0.0,0.0,20.0,0.0,1,0.0,2.0,20.0,0.0,1,0.0,1.0,20.0,0.0,1,0.0,0.0,20.0,0.0,1,0.0,2.0,20.0,0.0,1
2026-03-27 11:24:32,142.84,0.0,4.0,20.0,0.0,1,0.0,0.0,20.0,0.0,1,0.0,2.0,20.0,0.0,1,0.0,1.0,20.0,0.0,1,0.0,0.0,20.0,0.0,1,0.0,2.0,20.0,0.0,1
2026-03-27 11:24:32,143.58,0.0,4.0,20.0,0.0,1,0.0,0.0,20.0,0.0,1,0.0,2.0,20.0,0.0,1,0.0,1.0,20.0,0.0,1,0.0,0.0,20.0,0.0,1,0.0,2.0,20.0,0.0,1
2026-03-27 11:24:33,144.36,0.0,4.0,20.0,0.0,1,0.0,0.0,20.0,0.0,1,0.0,2.0,20.0,0.0,1,0.0,1.0,20.0,0.0,1,0.0,0.0,20.0,0.0,1,0.0,2.0,20.0,0.0,1
2026-03-27 11:24:34,145.1,0.0,4.0,20.0,0.0,1,0.0,0.0,20.0,0.0,1,0.0,2.0,20.0,0.0,1,0.0,1.0,20.0,0.0,1,0.0,0.0,20.0,0.0,1,0.0,2.0,20.0,0.0,1
2026-03-27 11:24:35,145.84,0.0,4.0,20.0,0.0,1,0.0,0.0,20.0,0.0,1,0.0,2.0,20.0,0.0,1,0.0,1.0,20.0,0.0,1,0.0,0.0,20.0,0.0,1,0.0,2.0,20.0,0.0,1
2026-03-27 11:24:35,146.59,0.0,4.0,20.0,0.0,1,0.0,0.0,20.0,0.0,1,0.0,2.0,20.0,0.0,1,0.0,1.0,20.0,0.0,1,0.0,0.0,20.0,0.0,1,0.0,2.0,20.0,0.0,1
2026-03-27 11:24:36,147.44,0.0,4.0,20.0,0.0,1,0.0,0.0,20.0,0.0,1,0.0,2.0,20.0,0.0,1,0.0,1.0,20.0,0.0,1,0.0,0.0,20.0,0.0,1,0.0,2.0,20.0,0.0,1
2026-03-27 11:24:37,148.24,0.0,4.0,20.0,0.0,1,0.0,0.0,20.0,0.0,1,0.0,2.0,20.0,0.0,1,0.0,1.0,20.0,0.0,1,0.0,0.0,20.0,0.0,1,0.0,2.0,20.0,0.0,1
2026-03-27 11:24:38,149.06,0.0,4.0,20.0,0.0,1,0.0,0.0,20.0,0.0,1,0.0,2.0,20.0,0.0,1,0.0,1.0,20.0,0.0,1,0.0,0.0,20.0,0.0,1,0.0,2.0,20.0,0.0,1
2026-03-27 11:24:39,149.8,0.0,4.0,20.0,0.0,1,0.0,0.0,20.0,0.0,1,0.0,2.0,20.0,0.0,1,0.0,1.0,20.0,0.0,1,0.0,0.0,20.0,0.0,1,0.0,2.0,20.0,0.0,1
2026-03-27 11:24:39,150.59,0.0,4.0,20.0,0.0,1,0.0,0.0,20.0,0.0,1,0.0,2.0,20.0,0.0,1,0.0,1.0,20.0,0.0,1,0.0,0.0,20.0,0.0,1,0.0,2.0,20.0,0.0,1
2026-03-27 11:24:40,151.33,0.0,4.0,20.0,0.0,1,0.0,0.0,20.0,0.0,1,0.0,2.0,20.0,0.0,1,0.0,1.0,20.0,0.0,1,0.0,0.0,20.0,0.0,1,0.0,2.0,20.0,0.0,1
2026-03-27 11:24:41,152.05,0.0,4.0,20.0,0.0,1,0.0,0.0,20.0,0.0,1,0.0,2.0,20.0,0.0,1,0.0,1.0,20.0,0.0,1,0.0,0.0,20.0,0.0,1,0.0,2.0,20.0,0.0,1
2026-03-27 11:24:42,152.79,0.0,4.0,20.0,0.0,1,0.0,0.0,20.0,0.0,1,0.0,2.0,20.0,0.0,1,0.0,1.0,20.0,0.0,1,0.0,0.0,20.0,0.0,1,0.0,2.0,20.0,0.0,1
2026-03-27 11:24:42,153.55,0.0,4.0,20.0,0.0,1,0.0,0.0,20.0,0.0,1,0.0,2.0,20.0,0.0,1,0.0,1.0,20.0,0.0,1,0.0,0.0,20.0,0.0,1,0.0,2.0,20.0,0.0,1
2026-03-27 11:24:43,154.28,0.0,4.0,20.0,0.0,1,0.0,0.0,20.0,0.0,1,0.0,2.0,20.0,0.0,1,0.0,1.0,20.0,0.0,1,0.0,0.0,20.0,0.0,1,0.0,2.0,20.0,0.0,1
2026-03-27 11:24:44,155.1,0.0,4.0,20.0,0.0,1,0.0,0.0,20.0,0.0,1,0.0,2.0,20.0,0.0,1,0.0,1.0,20.0,0.0,1,0.0,0.0,20.0,0.0,1,0.0,2.0,20.0,0.0,1
2026-03-27 11:24:45,155.83,0.0,4.0,20.0,0.0,1,0.0,0.0,20.0,0.0,1,0.0,2.0,20.0,0.0,1,0.0,1.0,20.0,0.0,1,0.0,0.0,20.0,0.0,1,0.0,2.0,20.0,0.0,1
2026-03-27 11:24:45,156.61,0.0,4.0,20.0,0.0,1,0.0,0.0,20.0,0.0,1,0.0,2.0,20.0,0.0,1,0.0,1.0,20.0,0.0,1,0.0,0.0,20.0,0.0,1,0.0,2.0,20.0,0.0,1
2026-03-27 11:24:46,157.36,0.0,4.0,20.0,0.0,1,0.0,0.0,20.0,0.0,1,0.0,2.0,20.0,0.0,1,0.0,1.0,20.0,0.0,1,0.0,0.0,20.0,0.0,1,0.0,2.0,20.0,0.0,1
2026-03-27 11:24:47,158.08,0.0,4.0,20.0,0.0,1,0.0,0.0,20.0,0.0,1,0.0,2.0,20.0,0.0,1,0.0,1.0,20.0,0.0,1,0.0,0.0,20.0,0.0,1,0.0,2.0,20.0,0.0,1
2026-03-27 11:24:48,158.85,0.0,4.0,20.0,0.0,1,0.0,0.0,20.0,0.0,1,0.0,2.0,20.0,0.0,1,0.0,1.0,20.0,0.0,1,0.0,0.0,20.0,0.0,1,0.0,2.0,20.0,0.0,1
2026-03-27 11:24:48,159.62,0.0,4.0,20.0,0.0,1,0.0,0.0,20.0,0.0,1,0.0,2.0,20.0,0.0,1,0.0,1.0,20.0,0.0,1,0.0,0.0,20.0,0.0,1,0.0,2.0,20.0,0.0,1
2026-03-27 11:24:49,160.35,0.0,4.0,20.0,0.0,1,0.0,0.0,20.0,0.0,1,0.0,2.0,20.0,0.0,1,0.0,1.0,20.0,0.0,1,0.0,0.0,20.0,0.0,1,0.0,2.0,20.0,0.0,1
2026-03-27 11:24:50,161.08,0.0,4.0,20.0,0.0,1,0.0,0.0,20.0,0.0,1,0.0,2.0,20.0,0.0,1,0.0,1.0,20.0,0.0,1,0.0,0.0,20.0,0.0,1,0.0,2.0,20.0,0.0,1
2026-03-27 11:24:51,161.83,0.0,4.0,20.0,0.0,1,0.0,0.0,20.0,0.0,1,0.0,2.0,20.0,0.0,1,0.0,1.0,20.0,0.0,1,0.0,0.0,20.0,0.0,1,0.0,2.0,20.0,0.0,1
2026-03-27 11:24:51,162.57,0.0,4.0,20.0,0.0,1,0.0,0.0,20.0,0.0,1,0.0,2.0,20.0,0.0,1,0.0,1.0,20.0,0.0,1,0.0,0.0,20.0,0.0,1,0.0,2.0,20.0,0.0,1
2026-03-27 11:24:52,163.31,0.0,4.0,20.0,0.0,1,0.0,0.0,20.0,0.0,1,0.0,2.0,20.0,0.0,1,0.0,1.0,20.0,0.0,1,0.0,0.0,20.0,0.0,1,0.0,2.0,20.0,0.0,1
2026-03-27 11:24:53,164.05,0.0,4.0,20.0,0.0,1,0.0,0.0,20.0,0.0,1,0.0,2.0,20.0,0.0,1,0.0,1.0,20.0,0.0,1,0.0,0.0,20.0,0.0,1,0.0,2.0,20.0,0.0,1
2026-03-27 11:24:54,164.79,0.0,4.0,20.0,0.0,1,0.0,0.0,20.0,0.0,1,0.0,2.0,20.0,0.0,1,0.0,1.0,20.0,0.0,1,0.0,0.0,20.0,0.0,1,0.0,2.0,20.0,0.0,1
2026-03-27 11:24:54,165.57,0.0,4.0,20.0,0.0,1,0.0,0.0,20.0,0.0,1,0.0,2.0,20.0,0.0,1,0.0,1.0,20.0,0.0,1,0.0,0.0,20.0,0.0,1,0.0,2.0,20.0,0.0,1
2026-03-27 11:24:55,166.29,0.0,4.0,20.0,0.0,1,0.0,0.0,20.0,0.0,1,0.0,2.0,20.0,0.0,1,0.0,1.0,20.0,0.0,1,0.0,0.0,20.0,0.0,1,0.0,2.0,20.0,0.0,1
2026-03-27 11:24:56,167.03,0.0,4.0,20.0,0.0,1,0.0,0.0,20.0,0.0,1,0.0,2.0,20.0,0.0,1,0.0,1.0,20.0,0.0,1,0.0,0.0,20.0,0.0,1,0.0,2.0,20.0,0.0,1
2026-03-27 11:24:57,167.78,0.0,4.0,20.0,0.0,1,0.0,0.0,20.0,0.0,1,0.0,2.0,20.0,0.0,1,0.0,1.0,20.0,0.0,1,0.0,0.0,20.0,0.0,1,0.0,2.0,20.0,0.0,1
2026-03-27 11:24:57,168.53,0.0,4.0,20.0,0.0,1,0.0,0.0,20.0,0.0,1,0.0,2.0,20.0,0.0,1,0.0,1.0,20.0,0.0,1,0.0,0.0,20.0,0.0,1,0.0,2.0,20.0,0.0,1
2026-03-27 11:24:58,169.26,0.0,4.0,20.0,0.0,1,0.0,0.0,20.0,0.0,1,0.0,2.0,20.0,0.0,1,0.0,1.0,20.0,0.0,1,0.0,0.0,20.0,0.0,1,0.0,2.0,20.0,0.0,1
2026-03-27 11:24:59,170.02,0.0,4.0,20.0,0.0,1,0.0,0.0,20.0,0.0,1,0.0,2.0,20.0,0.0,1,0.0,1.0,20.0,0.0,1,0.0,0.0,20.0,0.0,1,0.0,2.0,20.0,0.0,1
2026-03-27 11:25:00,170.77,0.0,4.0,20.0,0.0,1,0.0,0.0,20.0,0.0,1,0.0,2.0,20.0,0.0,1,0.0,1.0,20.0,0.0,1,0.0,0.0,20.0,0.0,1,0.0,2.0,20.0,0.0,1
2026-03-27 11:25:00,171.49,0.0,4.0,20.0,0.0,1,0.0,0.0,20.0,0.0,1,0.0,2.0,20.0,0.0,1,0.0,1.0,20.0,0.0,1,0.0,0.0,20.0,0.0,1,0.0,2.0,20.0,0.0,1
2026-03-27 11:25:01,172.25,0.0,4.0,20.0,0.0,1,0.0,0.0,20.0,0.0,1,0.0,2.0,20.0,0.0,1,0.0,1.0,20.0,0.0,1,0.0,0.0,20.0,0.0,1,0.0,2.0,20.0,0.0,1
2026-03-27 11:25:02,173.0,0.0,4.0,20.0,0.0,1,0.0,0.0,20.0,0.0,1,0.0,2.0,20.0,0.0,1,0.0,1.0,20.0,0.0,1,0.0,0.0,20.0,0.0,1,0.0,2.0,20.0,0.0,1
2026-03-27 11:25:03,173.76,0.0,4.0,20.0,0.0,1,0.0,0.0,20.0,0.0,1,0.0,2.0,20.0,0.0,1,0.0,1.0,20.0,0.0,1,0.0,0.0,20.0,0.0,1,0.0,2.0,20.0,0.0,1
2026-03-27 11:25:03,174.49,0.0,4.0,20.0,0.0,1,0.0,0.0,20.0,0.0,1,0.0,2.0,20.0,0.0,1,0.0,1.0,20.0,0.0,1,0.0,0.0,20.0,0.0,1,0.0,2.0,20.0,0.0,1
2026-03-27 11:25:04,175.25,0.0,4.0,20.0,0.0,1,0.0,0.0,20.0,0.0,1,0.0,2.0,20.0,0.0,1,0.0,1.0,20.0,0.0,1,0.0,0.0,20.0,0.0,1,0.0,2.0,20.0,0.0,1
2026-03-27 11:25:05,175.98,0.0,4.0,20.0,0.0,1,0.0,0.0,20.0,0.0,1,0.0,2.0,20.0,0.0,1,0.0,1.0,20.0,0.0,1,0.0,0.0,20.0,0.0,1,0.0,2.0,20.0,0.0,1
2026-03-27 11:25:05,176.73,0.0,4.0,20.0,0.0,1,0.0,0.0,20.0,0.0,1,0.0,2.0,20.0,0.0,1,0.0,1.0,20.0,0.0,1,0.0,0.0,20.0,0.0,1,0.0,2.0,20.0,0.0,1
2026-03-27 11:25:06,177.49,0.0,4.0,20.0,0.0,1,0.0,0.0,20.0,0.0,1,0.0,2.0,20.0,0.0,1,0.0,1.0,20.0,0.0,1,0.0,0.0,20.0,0.0,1,0.0,2.0,20.0,0.0,1
2026-03-27 11:25:07,178.25,0.0,4.0,20.0,0.0,1,0.0,0.0,20.0,0.0,1,0.0,2.0,20.0,0.0,1,0.0,1.0,20.0,0.0,1,0.0,0.0,20.0,0.0,1,0.0,2.0,20.0,0.0,1
2026-03-27 11:25:08,179.0,0.0,4.0,20.0,0.0,1,0.0,0.0,20.0,0.0,1,0.0,2.0,20.0,0.0,1,0.0,1.0,20.0,0.0,1,0.0,0.0,20.0,0.0,1,0.0,2.0,20.0,0.0,1
2026-03-27 11:25:09,179.75,0.0,4.0,20.0,0.0,1,0.0,0.0,20.0,0.0,1,0.0,2.0,20.0,0.0,1,0.0,1.0,20.0,0.0,1,0.0,0.0,20.0,0.0,1,0.0,2.0,20.0,0.0,1
2026-03-27 11:25:09,180.48,0.0,4.0,20.0,0.0,1,0.0,0.0,20.0,0.0,1,0.0,2.0,20.0,0.0,1,0.0,1.0,20.0,0.0,1,0.0,0.0,20.0,0.0,1,0.0,2.0,20.0,0.0,1
2026-03-27 11:25:10,181.22,0.0,4.0,20.0,0.0,1,0.0,0.0,20.0,0.0,1,0.0,2.0,20.0,0.0,1,0.0,1.0,20.0,0.0,1,0.0,0.0,20.0,0.0,1,0.0,2.0,20.0,0.0,1
2026-03-27 11:25:11,181.98,0.0,4.0,20.0,0.0,1,0.0,0.0,20.0,0.0,1,0.0,2.0,20.0,0.0,1,0.0,1.0,20.0,0.0,1,0.0,0.0,20.0,0.0,1,0.0,2.0,20.0,0.0,1
2026-03-27 11:25:11,182.72,0.0,4.0,20.0,0.0,1,0.0,0.0,20.0,0.0,1,0.0,2.0,20.0,0.0,1,0.0,1.0,20.0,0.0,1,0.0,0.0,20.0,0.0,1,0.0,2.0,20.0,0.0,1
2026-03-27 11:25:12,183.5,0.0,4.0,20.0,0.0,1,0.0,0.0,20.0,0.0,1,0.0,2.0,20.0,0.0,1,0.0,1.0,20.0,0.0,1,0.0,0.0,20.0,0.0,1,0.0,2.0,20.0,0.0,1
2026-03-27 11:25:13,184.23,0.0,4.0,20.0,0.0,1,0.0,0.0,20.0,0.0,1,0.0,2.0,20.0,0.0,1,0.0,1.0,20.0,0.0,1,0.0,0.0,20.0,0.0,1,0.0,2.0,20.0,0.0,1
2026-03-27 11:25:14,184.98,0.0,4.0,20.0,0.0,1,0.0,0.0,20.0,0.0,1,0.0,2.0,20.0,0.0,1,0.0,1.0,20.0,0.0,1,0.0,0.0,20.0,0.0,1,0.0,2.0,20.0,0.0,1
2026-03-27 11:25:15,185.79,0.0,4.0,20.0,0.0,1,0.0,0.0,20.0,0.0,1,0.0,2.0,20.0,0.0,1,0.0,1.0,20.0,0.0,1,0.0,0.0,20.0,0.0,1,0.0,2.0,20.0,0.0,1
2026-03-27 11:25:15,186.55,0.0,4.0,20.0,0.0,1,0.0,0.0,20.0,0.0,1,0.0,2.0,20.0,0.0,1,0.0,1.0,20.0,0.0,1,0.0,0.0,20.0,0.0,1,0.0,2.0,20.0,0.0,1
2026-03-27 11:25:16,187.31,0.0,4.0,20.0,0.0,1,0.0,0.0,20.0,0.0,1,0.0,2.0,20.0,0.0,1,0.0,1.0,20.0,0.0,1,0.0,0.0,20.0,0.0,1,0.0,2.0,20.0,0.0,1
2026-03-27 11:25:17,188.06,0.0,4.0,20.0,0.0,1,0.0,0.0,20.0,0.0,1,0.0,2.0,20.0,0.0,1,0.0,1.0,20.0,0.0,1,0.0,0.0,20.0,0.0,1,0.0,2.0,20.0,0.0,1
2026-03-27 11:25:18,188.84,0.0,4.0,20.0,0.0,1,0.0,0.0,20.0,0.0,1,0.0,2.0,20.0,0.0,1,0.0,1.0,20.0,0.0,1,0.0,0.0,20.0,0.0,1,0.0,2.0,20.0,0.0,1
2026-03-27 11:25:18,189.63,0.0,4.0,20.0,0.0,1,0.0,0.0,20.0,0.0,1,0.0,2.0,20.0,0.0,1,0.0,1.0,20.0,0.0,1,0.0,0.0,20.0,0.0,1,0.0,2.0,20.0,0.0,1
2026-03-27 11:25:19,190.41,0.0,4.0,20.0,0.0,1,0.0,0.0,20.0,0.0,1,0.0,2.0,20.0,0.0,1,0.0,1.0,20.0,0.0,1,0.0,0.0,20.0,0.0,1,0.0,2.0,20.0,0.0,1
2026-03-27 11:25:20,191.15,0.0,4.0,20.0,0.0,1,0.0,0.0,20.0,0.0,1,0.0,2.0,20.0,0.0,1,0.0,1.0,20.0,0.0,1,0.0,0.0,20.0,0.0,1,0.0,2.0,20.0,0.0,1
2026-03-27 11:25:21,191.92,0.0,4.0,20.0,0.0,1,0.0,0.0,20.0,0.0,1,0.0,2.0,20.0,0.0,1,0.0,1.0,20.0,0.0,1,0.0,0.0,20.0,0.0,1,0.0,2.0,20.0,0.0,1
2026-03-27 11:25:21,192.7,0.0,4.0,20.0,0.0,1,0.0,0.0,20.0,0.0,1,0.0,2.0,20.0,0.0,1,0.0,1.0,20.0,0.0,1,0.0,0.0,20.0,0.0,1,0.0,2.0,20.0,0.0,1
2026-03-27 11:25:22,193.45,0.0,4.0,20.0,0.0,1,0.0,0.0,20.0,0.0,1,0.0,2.0,20.0,0.0,1,0.0,1.0,20.0,0.0,1,0.0,0.0,20.0,0.0,1,0.0,2.0,20.0,0.0,1
2026-03-27 11:25:23,194.21,0.0,4.0,20.0,0.0,1,0.0,0.0,20.0,0.0,1,0.0,2.0,20.0,0.0,1,0.0,1.0,20.0,0.0,1,0.0,0.0,20.0,0.0,1,0.0,2.0,20.0,0.0,1
2026-03-27 11:25:24,194.94,0.0,4.0,20.0,0.0,1,0.0,0.0,20.0,0.0,1,0.0,2.0,20.0,0.0,1,0.0,1.0,20.0,0.0,1,0.0,0.0,20.0,0.0,1,0.0,2.0,20.0,0.0,1
2026-03-27 11:25:24,195.69,0.0,4.0,20.0,0.0,1,0.0,0.0,20.0,0.0,1,0.0,2.0,20.0,0.0,1,0.0,1.0,20.0,0.0,1,0.0,0.0,20.0,0.0,1,0.0,2.0,20.0,0.0,1
2026-03-27 11:25:25,196.52,0.0,4.0,20.0,0.0,1,0.0,0.0,20.0,0.0,1,0.0,2.0,20.0,0.0,1,0.0,1.0,20.0,0.0,1,0.0,0.0,20.0,0.0,1,0.0,2.0,20.0,0.0,1
2026-03-27 11:25:26,197.25,0.0,4.0,20.0,0.0,1,0.0,0.0,20.0,0.0,1,0.0,2.0,20.0,0.0,1,0.0,1.0,20.0,0.0,1,0.0,0.0,20.0,0.0,1,0.0,2.0,20.0,0.0,1
2026-03-27 11:25:27,198.01,0.0,4.0,20.0,0.0,1,0.0,0.0,20.0,0.0,1,0.0,2.0,20.0,0.0,1,0.0,1.0,20.0,0.0,1,0.0,0.0,20.0,0.0,1,0.0,2.0,20.0,0.0,1
2026-03-27 11:25:28,198.81,0.0,4.0,20.0,0.0,1,0.0,0.0,20.0,0.0,1,0.0,2.0,20.0,0.0,1,0.0,1.0,20.0,0.0,1,0.0,0.0,20.0,0.0,1,0.0,2.0,20.0,0.0,1
2026-03-27 11:25:28,199.59,0.0,4.0,20.0,0.0,1,0.0,0.0,20.0,0.0,1,0.0,2.0,20.0,0.0,1,0.0,1.0,20.0,0.0,1,0.0,0.0,20.0,0.0,1,0.0,2.0,20.0,0.0,1
2026-03-27 11:25:29,200.37,0.0,4.0,20.0,0.0,1,0.0,0.0,20.0,0.0,1,0.0,2.0,20.0,0.0,1,0.0,1.0,20.0,0.0,1,0.0,0.0,20.0,0.0,1,0.0,2.0,20.0,0.0,1
2026-03-27 11:25:30,201.16,0.0,4.0,20.0,0.0,1,0.0,0.0,20.0,0.0,1,0.0,2.0,20.0,0.0,1,0.0,1.0,20.0,0.0,1,0.0,0.0,20.0,0.0,1,0.0,2.0,20.0,0.0,1
2026-03-27 11:25:31,201.95,0.0,4.0,20.0,0.0,1,0.0,0.0,20.0,0.0,1,0.0,2.0,20.0,0.0,1,0.0,1.0,20.0,0.0,1,0.0,0.0,20.0,0.0,1,0.0,2.0,20.0,0.0,1
2026-03-27 11:25:31,202.7,0.0,4.0,20.0,0.0,1,0.0,0.0,20.0,0.0,1,0.0,2.0,20.0,0.0,1,0.0,1.0,20.0,0.0,1,0.0,0.0,20.0,0.0,1,0.0,2.0,20.0,0.0,1
2026-03-27 11:25:32,203.46,0.0,4.0,20.0,0.0,1,0.0,0.0,20.0,0.0,1,0.0,2.0,20.0,0.0,1,0.0,1.0,20.0,0.0,1,0.0,0.0,20.0,0.0,1,0.0,2.0,20.0,0.0,1
2026-03-27 11:25:33,204.21,0.0,4.0,20.0,0.0,1,0.0,0.0,20.0,0.0,1,0.0,2.0,20.0,0.0,1,0.0,1.0,20.0,0.0,1,0.0,0.0,20.0,0.0,1,0.0,2.0,20.0,0.0,1
2026-03-27 11:25:34,204.97,0.0,4.0,20.0,0.0,1,0.0,0.0,20.0,0.0,1,0.0,2.0,20.0,0.0,1,0.0,1.0,20.0,0.0,1,0.0,0.0,20.0,0.0,1,0.0,2.0,20.0,0.0,1
2026-03-27 11:25:34,205.71,0.0,4.0,20.0,0.0,1,0.0,0.0,20.0,0.0,1,0.0,2.0,20.0,0.0,1,0.0,1.0,20.0,0.0,1,0.0,0.0,20.0,0.0,1,0.0,2.0,20.0,0.0,1
2026-03-27 11:25:35,206.46,0.0,4.0,20.0,0.0,1,0.0,0.0,20.0,0.0,1,0.0,2.0,20.0,0.0,1,0.0,1.0,20.0,0.0,1,0.0,0.0,20.0,0.0,1,0.0,2.0,20.0,0.0,1
2026-03-27 11:25:36,207.2,0.0,4.0,20.0,0.0,1,0.0,0.0,20.0,0.0,1,0.0,2.0,20.0,0.0,1,0.0,1.0,20.0,0.0,1,0.0,0.0,20.0,0.0,1,0.0,2.0,20.0,0.0,1
2026-03-27 11:25:37,207.92,0.0,4.0,20.0,0.0,1,0.0,0.0,20.0,0.0,1,0.0,2.0,20.0,0.0,1,0.0,1.0,20.0,0.0,1,0.0,0.0,20.0,0.0,1,0.0,2.0,20.0,0.0,1
2026-03-27 11:25:37,208.68,0.0,4.0,20.0,0.0,1,0.0,0.0,20.0,0.0,1,0.0,2.0,20.0,0.0,1,0.0,1.0,20.0,0.0,1,0.0,0.0,20.0,0.0,1,0.0,2.0,20.0,0.0,1
2026-03-27 11:25:38,209.41,0.0,4.0,20.0,0.0,1,0.0,0.0,20.0,0.0,1,0.0,2.0,20.0,0.0,1,0.0,1.0,20.0,0.0,1,0.0,0.0,20.0,0.0,1,0.0,2.0,20.0,0.0,1
2026-03-27 11:25:39,210.19,0.0,4.0,20.0,0.0,1,0.0,0.0,20.0,0.0,1,0.0,2.0,20.0,0.0,1,0.0,1.0,20.0,0.0,1,0.0,0.0,20.0,0.0,1,0.0,2.0,20.0,0.0,1
2026-03-27 11:25:40,210.93,0.0,4.0,20.0,0.0,1,0.0,0.0,20.0,0.0,1,0.0,2.0,20.0,0.0,1,0.0,1.0,20.0,0.0,1,0.0,0.0,20.0,0.0,1,0.0,2.0,20.0,0.0,1
2026-03-27 11:25:40,211.71,0.0,4.0,20.0,0.0,1,0.0,0.0,20.0,0.0,1,0.0,2.0,20.0,0.0,1,0.0,1.0,20.0,0.0,1,0.0,0.0,20.0,0.0,1,0.0,2.0,20.0,0.0,1
2026-03-27 11:25:41,212.52,0.0,4.0,20.0,0.0,1,0.0,0.0,20.0,0.0,1,0.0,2.0,20.0,0.0,1,0.0,1.0,20.0,0.0,1,0.0,0.0,20.0,0.0,1,0.0,2.0,20.0,0.0,1
2026-03-27 11:25:42,213.29,0.0,4.0,20.0,0.0,1,0.0,0.0,20.0,0.0,1,0.0,2.0,20.0,0.0,1,0.0,1.0,20.0,0.0,1,0.0,0.0,20.0,0.0,1,0.0,2.0,20.0,0.0,1
2026-03-27 11:25:43,214.03,0.0,4.0,20.0,0.0,1,0.0,0.0,20.0,0.0,1,0.0,2.0,20.0,0.0,1,0.0,1.0,20.0,0.0,1,0.0,0.0,20.0,0.0,1,0.0,2.0,20.0,0.0,1
2026-03-27 11:25:44,214.77,0.0,4.0,20.0,0.0,1,0.0,0.0,20.0,0.0,1,0.0,2.0,20.0,0.0,1,0.0,1.0,20.0,0.0,1,0.0,0.0,20.0,0.0,1,0.0,2.0,20.0,0.0,1
2026-03-27 11:25:44,215.61,0.0,4.0,20.0,0.0,1,0.0,0.0,20.0,0.0,1,0.0,2.0,20.0,0.0,1,0.0,1.0,20.0,0.0,1,0.0,0.0,20.0,0.0,1,0.0,2.0,20.0,0.0,1
2026-03-27 11:25:45,216.41,0.0,4.0,20.0,0.0,1,0.0,0.0,20.0,0.0,1,0.0,2.0,20.0,0.0,1,0.0,1.0,20.0,0.0,1,0.0,0.0,20.0,0.0,1,0.0,2.0,20.0,0.0,1
2026-03-27 11:25:46,217.18,0.0,4.0,20.0,0.0,1,0.0,0.0,20.0,0.0,1,0.0,2.0,20.0,0.0,1,0.0,1.0,20.0,0.0,1,0.0,0.0,20.0,0.0,1,0.0,2.0,20.0,0.0,1
2026-03-27 11:25:47,217.94,0.0,4.0,20.0,0.0,1,0.0,0.0,20.0,0.0,1,0.0,2.0,20.0,0.0,1,0.0,1.0,20.0,0.0,1,0.0,0.0,20.0,0.0,1,0.0,2.0,20.0,0.0,1
2026-03-27 11:25:47,218.7,0.0,4.0,20.0,0.0,1,0.0,0.0,20.0,0.0,1,0.0,2.0,20.0,0.0,1,0.0,1.0,20.0,0.0,1,0.0,0.0,20.0,0.0,1,0.0,2.0,20.0,0.0,1
2026-03-27 11:25:48,219.42,0.0,4.0,20.0,0.0,1,0.0,0.0,20.0,0.0,1,0.0,2.0,20.0,0.0,1,0.0,1.0,20.0,0.0,1,0.0,0.0,20.0,0.0,1,0.0,2.0,20.0,0.0,1
2026-03-27 11:25:49,220.17,0.0,4.0,20.0,0.0,1,0.0,0.0,20.0,0.0,1,0.0,2.0,20.0,0.0,1,0.0,1.0,20.0,0.0,1,0.0,0.0,20.0,0.0,1,0.0,2.0,20.0,0.0,1
2026-03-27 11:25:50,220.92,0.0,4.0,20.0,0.0,1,0.0,0.0,20.0,0.0,1,0.0,2.0,20.0,0.0,1,0.0,1.0,20.0,0.0,1,0.0,0.0,20.0,0.0,1,0.0,2.0,20.0,0.0,1
2026-03-27 11:25:50,221.67,0.0,4.0,20.0,0.0,1,0.0,0.0,20.0,0.0,1,0.0,2.0,20.0,0.0,1,0.0,1.0,20.0,0.0,1,0.0,0.0,20.0,0.0,1,0.0,2.0,20.0,0.0,1
2026-03-27 11:25:51,222.44,0.0,4.0,20.0,0.0,1,0.0,0.0,20.0,0.0,1,0.0,2.0,20.0,0.0,1,0.0,1.0,20.0,0.0,1,0.0,0.0,20.0,0.0,1,0.0,2.0,20.0,0.0,1
2026-03-27 11:25:52,223.21,0.0,4.0,20.0,0.0,1,0.0,0.0,20.0,0.0,1,0.0,2.0,20.0,0.0,1,0.0,1.0,20.0,0.0,1,0.0,0.0,20.0,0.0,1,0.0,2.0,20.0,0.0,1
2026-03-27 11:25:53,223.96,0.0,4.0,20.0,0.0,1,0.0,0.0,20.0,0.0,1,0.0,2.0,20.0,0.0,1,0.0,1.0,20.0,0.0,1,0.0,0.0,20.0,0.0,1,0.0,2.0,20.0,0.0,1
2026-03-27 11:25:53,224.73,0.0,4.0,20.0,0.0,1,0.0,0.0,20.0,0.0,1,0.0,2.0,20.0,0.0,1,0.0,1.0,20.0,0.0,1,0.0,0.0,20.0,0.0,1,0.0,2.0,20.0,0.0,1
2026-03-27 11:25:54,225.46,0.0,4.0,20.0,0.0,1,0.0,0.0,20.0,0.0,1,0.0,2.0,20.0,0.0,1,0.0,1.0,20.0,0.0,1,0.0,0.0,20.0,0.0,1,0.0,2.0,20.0,0.0,1
2026-03-27 11:25:55,226.19,0.0,4.0,20.0,0.0,1,0.0,0.0,20.0,0.0,1,0.0,2.0,20.0,0.0,1,0.0,1.0,20.0,0.0,1,0.0,0.0,20.0,0.0,1,0.0,2.0,20.0,0.0,1
2026-03-27 11:25:56,226.94,0.0,4.0,20.0,0.0,1,0.0,0.0,20.0,0.0,1,0.0,2.0,20.0,0.0,1,0.0,1.0,20.0,0.0,1,0.0,0.0,20.0,0.0,1,0.0,2.0,20.0,0.0,1
2026-03-27 11:25:56,227.67,0.0,4.0,20.0,0.0,1,0.0,0.0,20.0,0.0,1,0.0,2.0,20.0,0.0,1,0.0,1.0,20.0,0.0,1,0.0,0.0,20.0,0.0,1,0.0,2.0,20.0,0.0,1
2026-03-27 11:25:57,228.4,0.0,4.0,20.0,0.0,1,0.0,0.0,20.0,0.0,1,0.0,2.0,20.0,0.0,1,0.0,1.0,20.0,0.0,1,0.0,0.0,20.0,0.0,1,0.0,2.0,20.0,0.0,1
2026-03-27 11:25:57,228.65,0.0,4.0,20.0,0.0,1,0.0,0.0,20.0,0.0,1,0.0,2.0,20.0,0.0,1,0.0,1.0,20.0,0.0,1,0.0,0.0,20.0,0.0,1,0.0,2.0,20.0,0.0,1
2026-03-27 11:25:58,0.15,100.0,4.0,20.0,0.0,1,100.0,0.0,20.0,0.0,1,100.0,2.0,20.0,0.0,1,100.0,1.0,20.0,0.0,1,100.0,0.0,20.0,0.0,1,100.0,2.0,20.0,0.0,1
2026-03-27 11:25:58,0.87,100.0,5.0,20.0,0.0,1,100.0,1.0,20.0,0.0,1,100.0,3.0,20.0,0.0,1,100.0,2.0,20.0,0.0,1,100.0,2.0,20.0,0.0,1,100.0,4.0,20.0,0.0,1
2026-03-27 11:25:59,1.62,100.0,11.0,20.0,0.0,1,100.0,7.0,20.0,0.0,1,100.0,9.0,20.0,0.0,1,100.0,8.0,20.0,0.0,1,100.0,7.0,20.0,0.0,1,100.0,9.0,20.0,0.0,1
2026-03-27 11:26:00,2.13,100.0,11.0,20.0,0.0,1,100.0,7.0,20.0,0.0,1,100.0,9.0,20.0,0.0,1,100.0,8.0,20.0,0.0,1,100.0,7.0,20.0,0.0,1,100.0,9.0,20.0,0.0,1
2026-03-27 11:26:00,0.17,100.0,17.0,20.0,0.0,1,100.0,13.0,20.0,0.0,1,100.0,16.0,20.0,0.0,1,100.0,14.0,20.0,0.0,1,100.0,13.0,20.0,0.0,1,100.0,15.0,20.0,0.0,1
2026-03-27 11:26:01,0.96,100.0,23.0,20.0,0.0,1,100.0,19.0,20.0,0.0,1,100.0,21.0,20.0,0.0,1,100.0,20.0,20.0,0.0,1,100.0,19.0,20.0,0.0,1,100.0,21.0,20.0,0.0,1
2026-03-27 11:26:01,1.7,100.0,29.0,20.0,0.0,1,100.0,26.0,20.0,0.0,1,100.0,27.0,20.0,0.0,1,100.0,26.0,20.0,0.0,1,100.0,26.0,20.0,0.0,1,100.0,28.0,20.0,0.0,1
2026-03-27 11:26:02,2.44,100.0,35.0,20.0,0.0,1,100.0,32.0,20.0,0.0,1,100.0,33.0,20.0,0.0,1,100.0,32.0,20.0,0.0,1,100.0,32.0,20.0,0.0,1,100.0,34.0,20.0,0.0,1
2026-03-27 11:26:03,3.16,100.0,41.0,20.0,0.0,1,100.0,38.0,20.0,0.0,1,100.0,39.0,20.0,0.0,1,100.0,38.0,20.0,0.0,1,100.0,38.0,20.0,0.0,1,100.0,40.0,20.0,0.0,1
2026-03-27 11:26:03,3.94,100.0,48.0,20.0,0.0,1,100.0,44.0,20.0,0.0,1,100.0,46.0,20.0,0.0,1,100.0,45.0,20.0,0.0,1,100.0,44.0,20.0,0.0,1,100.0,47.0,20.0,0.0,1
2026-03-27 11:26:04,4.7,100.0,53.0,20.0,0.0,1,100.0,50.0,20.0,0.0,1,100.0,52.0,20.0,0.0,1,100.0,50.0,20.0,0.0,1,100.0,51.0,20.0,0.0,1,100.0,53.0,20.0,0.0,1
2026-03-27 11:26:05,5.44,100.0,59.0,20.0,0.0,1,100.0,56.0,20.0,0.0,1,100.0,59.0,20.0,0.0,1,100.0,58.0,20.0,0.0,1,100.0,57.0,20.0,0.0,1,100.0,58.0,20.0,0.0,1
2026-03-27 11:26:06,6.16,100.0,66.0,20.0,0.0,1,100.0,62.0,20.0,0.0,1,100.0,65.0,20.0,0.0,1,100.0,63.0,20.0,0.0,1,100.0,63.0,20.0,0.0,1,100.0,65.0,20.0,0.0,1
2026-03-27 11:26:06,6.93,100.0,77.0,20.0,0.0,1,100.0,75.0,20.0,0.0,1,100.0,74.0,20.0,0.0,1,100.0,72.0,20.0,0.0,1,100.0,69.0,20.0,0.0,1,100.0,70.0,20.0,0.0,1
2026-03-27 11:26:07,7.63,100.0,91.0,20.0,0.0,1,100.0,88.0,20.0,0.0,1,100.0,88.0,20.0,0.0,1,100.0,88.0,20.0,0.0,1,100.0,87.0,20.0,0.0,1,100.0,89.0,20.0,0.0,1
2026-03-27 11:26:08,8.33,100.0,96.0,20.0,0.0,1,100.0,94.0,20.0,0.0,1,100.0,95.0,20.0,0.0,1,100.0,94.0,20.0,0.0,1,100.0,93.0,20.0,0.0,1,100.0,96.0,20.0,0.0,1
2026-03-27 11:26:09,9.05,100.0,102.0,20.0,0.0,1,100.0,99.0,20.0,0.0,1,100.0,100.0,20.0,0.0,1,100.0,99.0,20.0,0.0,1,100.0,99.0,20.0,0.0,1,100.0,101.0,20.0,0.0,1
2026-03-27 11:26:09,9.77,100.0,103.0,20.0,0.0,1,100.0,100.0,20.0,0.0,1,100.0,102.0,20.0,0.0,1,100.0,100.0,20.0,0.0,1,100.0,100.0,20.0,0.0,1,100.0,103.0,20.0,0.0,1
2026-03-27 11:26:10,10.49,0.0,103.0,20.0,0.0,1,0.0,100.0,20.0,0.0,1,0.0,102.0,20.0,0.0,1,0.0,100.0,20.0,0.0,1,0.0,100.0,20.0,0.0,1,0.0,103.0,20.0,0.0,1
2026-03-27 11:26:11,11.2,0.0,101.0,20.0,0.0,1,0.0,98.0,20.0,0.0,1,0.0,99.0,20.0,0.0,1,0.0,99.0,20.0,0.0,1,0.0,98.0,20.0,0.0,1,0.0,101.0,20.0,0.0,1
2026-03-27 11:26:11,11.93,0.0,95.0,20.0,0.0,1,0.0,92.0,20.0,0.0,1,0.0,94.0,20.0,0.0,1,0.0,93.0,20.0,0.0,1,0.0,93.0,20.0,0.0,1,0.0,95.0,20.0,0.0,1
2026-03-27 11:26:12,12.65,0.0,89.0,20.0,0.0,1,0.0,86.0,20.0,0.0,1,0.0,88.0,20.0,0.0,1,0.0,87.0,20.0,0.0,1,0.0,87.0,20.0,0.0,1,0.0,90.0,20.0,0.0,1
2026-03-27 11:26:13,13.38,0.0,83.0,20.0,0.0,1,0.0,80.0,20.0,0.0,1,0.0,82.0,20.0,0.0,1,0.0,81.0,20.0,0.0,1,0.0,81.0,20.0,0.0,1,0.0,83.0,20.0,0.0,1
2026-03-27 11:26:14,14.12,0.0,77.0,20.0,0.0,1,0.0,74.0,20.0,0.0,1,0.0,76.0,20.0,0.0,1,0.0,75.0,20.0,0.0,1,0.0,74.0,20.0,0.0,1,0.0,77.0,20.0,0.0,1
2026-03-27 11:26:14,14.85,0.0,70.0,20.0,0.0,1,0.0,68.0,20.0,0.0,1,0.0,69.0,20.0,0.0,1,0.0,68.0,20.0,0.0,1,0.0,68.0,20.0,0.0,1,0.0,71.0,20.0,0.0,1
2026-03-27 11:26:15,15.59,0.0,65.0,20.0,0.0,1,0.0,61.0,20.0,0.0,1,0.0,64.0,20.0,0.0,1,0.0,62.0,20.0,0.0,1,0.0,63.0,20.0,0.0,1,0.0,65.0,20.0,0.0,1
2026-03-27 11:26:16,16.35,0.0,52.0,20.0,0.0,1,0.0,49.0,20.0,0.0,1,0.0,51.0,20.0,0.0,1,0.0,50.0,20.0,0.0,1,0.0,50.0,20.0,0.0,1,0.0,52.0,20.0,0.0,1
2026-03-27 11:26:17,17.07,0.0,46.0,20.0,0.0,1,0.0,42.0,20.0,0.0,1,0.0,45.0,20.0,0.0,1,0.0,44.0,20.0,0.0,1,0.0,44.0,20.0,0.0,1,0.0,46.0,20.0,0.0,1
2026-03-27 11:26:17,17.79,0.0,40.0,20.0,0.0,1,0.0,36.0,20.0,0.0,1,0.0,39.0,20.0,0.0,1,0.0,38.0,20.0,0.0,1,0.0,37.0,20.0,0.0,1,0.0,40.0,20.0,0.0,1
2026-03-27 11:26:18,18.51,0.0,34.0,20.0,0.0,1,0.0,30.0,20.0,0.0,1,0.0,33.0,20.0,0.0,1,0.0,32.0,20.0,0.0,1,0.0,31.0,20.0,0.0,1,0.0,33.0,20.0,0.0,1
2026-03-27 11:26:19,19.23,0.0,28.0,20.0,0.0,1,0.0,24.0,20.0,0.0,1,0.0,26.0,20.0,0.0,1,0.0,25.0,20.0,0.0,1,0.0,25.0,20.0,0.0,1,0.0,28.0,20.0,0.0,1
2026-03-27 11:26:20,19.96,0.0,23.0,20.0,0.0,1,0.0,19.0,20.0,0.0,1,0.0,22.0,20.0,0.0,1,0.0,20.0,20.0,0.0,1,0.0,21.0,20.0,0.0,1,0.0,23.0,20.0,0.0,1
2026-03-27 11:26:20,20.7,0.0,16.0,20.0,0.0,1,0.0,12.0,20.0,0.0,1,0.0,14.0,20.0,0.0,1,0.0,14.0,20.0,0.0,1,0.0,14.0,20.0,0.0,1,0.0,16.0,20.0,0.0,1
2026-03-27 11:26:21,21.52,0.0,13.0,20.0,0.0,1,0.0,9.0,20.0,0.0,1,0.0,12.0,20.0,0.0,1,0.0,11.0,20.0,0.0,1,0.0,11.0,20.0,0.0,1,0.0,13.0,20.0,0.0,1
2026-03-27 11:26:22,22.23,0.0,11.0,20.0,0.0,1,0.0,7.0,20.0,0.0,1,0.0,9.0,20.0,0.0,1,0.0,9.0,20.0,0.0,1,0.0,9.0,20.0,0.0,1,0.0,11.0,20.0,0.0,1
2026-03-27 11:26:23,22.95,0.0,9.0,20.0,0.0,1,0.0,5.0,20.0,0.0,1,0.0,8.0,20.0,0.0,1,0.0,7.0,20.0,0.0,1,0.0,7.0,20.0,0.0,1,0.0,9.0,20.0,0.0,1
2026-03-27 11:26:23,23.68,0.0,8.0,20.0,0.0,1,0.0,3.0,20.0,0.0,1,0.0,6.0,20.0,0.0,1,0.0,5.0,20.0,0.0,1,0.0,6.0,20.0,0.0,1,0.0,8.0,20.0,0.0,1
2026-03-27 11:26:24,24.4,0.0,6.0,20.0,0.0,1,0.0,2.0,20.0,0.0,1,0.0,5.0,20.0,0.0,1,0.0,4.0,20.0,0.0,1,0.0,5.0,20.0,0.0,1,0.0,6.0,20.0,0.0,1
2026-03-27 11:26:25,25.11,0.0,5.0,20.0,0.0,1,0.0,1.0,20.0,0.0,1,0.0,3.0,20.0,0.0,1,0.0,2.0,20.0,0.0,1,0.0,3.0,20.0,0.0,1,0.0,4.0,20.0,0.0,1
2026-03-27 11:26:25,25.85,0.0,4.0,20.0,0.0,1,0.0,0.0,20.0,0.0,1,0.0,2.0,20.0,0.0,1,0.0,1.0,20.0,0.0,1,0.0,3.0,20.0,0.0,1,0.0,4.0,20.0,0.0,1
2026-03-27 11:26:26,26.62,0.0,4.0,20.0,0.0,1,0.0,0.0,20.0,0.0,1,0.0,2.0,20.0,0.0,1,0.0,1.0,20.0,0.0,1,0.0,2.0,20.0,0.0,1,0.0,3.0,20.0,0.0,1
2026-03-27 11:26:27,27.34,0.0,3.0,20.0,0.0,1,0.0,0.0,20.0,0.0,1,0.0,1.0,20.0,0.0,1,0.0,0.0,20.0,0.0,1,0.0,2.0,20.0,0.0,1,0.0,3.0,20.0,0.0,1
2026-03-27 11:26:28,28.05,0.0,3.0,20.0,0.0,1,0.0,0.0,20.0,0.0,1,0.0,1.0,20.0,0.0,1,0.0,0.0,20.0,0.0,1,0.0,1.0,20.0,0.0,1,0.0,2.0,20.0,0.0,1
2026-03-27 11:26:28,28.8,0.0,2.0,20.0,0.0,1,0.0,0.0,20.0,0.0,1,0.0,1.0,20.0,0.0,1,0.0,0.0,20.0,0.0,1,0.0,1.0,20.0,0.0,1,0.0,2.0,20.0,0.0,1
2026-03-27 11:26:29,29.52,0.0,2.0,20.0,0.0,1,0.0,0.0,20.0,0.0,1,0.0,1.0,20.0,0.0,1,0.0,0.0,20.0,0.0,1,0.0,1.0,20.0,0.0,1,0.0,2.0,20.0,0.0,1
2026-03-27 11:26:30,30.24,0.0,2.0,20.0,0.0,1,0.0,0.0,20.0,0.0,1,0.0,1.0,20.0,0.0,1,0.0,0.0,20.0,0.0,1,0.0,1.0,20.0,0.0,1,0.0,2.0,20.0,0.0,1
2026-03-27 11:26:31,30.98,0.0,2.0,20.0,0.0,1,0.0,0.0,20.0,0.0,1,0.0,0.0,20.0,0.0,1,0.0,0.0,20.0,0.0,1,0.0,0.0,20.0,0.0,1,0.0,2.0,20.0,0.0,1
2026-03-27 11:26:31,31.7,0.0,2.0,20.0,0.0,1,0.0,0.0,20.0,0.0,1,0.0,0.0,20.0,0.0,1,0.0,0.0,20.0,0.0,1,0.0,0.0,20.0,0.0,1,0.0,2.0,20.0,0.0,1
2026-03-27 11:26:32,32.46,0.0,4.0,20.0,0.0,1,0.0,0.0,20.0,0.0,1,0.0,2.0,20.0,0.0,1,0.0,0.0,20.0,0.0,1,0.0,0.0,20.0,0.0,1,0.0,1.0,20.0,0.0,1
2026-03-27 11:26:33,33.19,0.0,4.0,20.0,0.0,1,0.0,0.0,20.0,0.0,1,0.0,2.0,20.0,0.0,1,0.0,1.0,20.0,0.0,1,0.0,0.0,20.0,0.0,1,0.0,1.0,20.0,0.0,1
2026-03-27 11:26:34,33.94,0.0,4.0,20.0,0.0,1,0.0,0.0,20.0,0.0,1,0.0,2.0,20.0,0.0,1,0.0,1.0,20.0,0.0,1,0.0,0.0,20.0,0.0,1,0.0,2.0,20.0,0.0,1
2026-03-27 11:26:34,34.71,0.0,4.0,20.0,0.0,1,0.0,0.0,20.0,0.0,1,0.0,2.0,20.0,0.0,1,0.0,1.0,20.0,0.0,1,0.0,0.0,20.0,0.0,1,0.0,2.0,20.0,0.0,1
2026-03-27 11:26:35,35.43,0.0,4.0,20.0,0.0,1,0.0,0.0,20.0,0.0,1,0.0,2.0,20.0,0.0,1,0.0,1.0,20.0,0.0,1,0.0,0.0,20.0,0.0,1,0.0,2.0,20.0,0.0,1
2026-03-27 11:26:36,36.19,0.0,4.0,20.0,0.0,1,0.0,0.0,20.0,0.0,1,0.0,2.0,20.0,0.0,1,0.0,1.0,20.0,0.0,1,0.0,0.0,20.0,0.0,1,0.0,2.0,20.0,0.0,1
2026-03-27 11:26:36,36.89,0.0,4.0,20.0,0.0,1,0.0,0.0,20.0,0.0,1,0.0,2.0,20.0,0.0,1,0.0,1.0,20.0,0.0,1,0.0,0.0,20.0,0.0,1,0.0,2.0,20.0,0.0,1
2026-03-27 11:26:37,37.63,0.0,4.0,20.0,0.0,1,0.0,0.0,20.0,0.0,1,0.0,2.0,20.0,0.0,1,0.0,1.0,20.0,0.0,1,0.0,0.0,20.0,0.0,1,0.0,2.0,20.0,0.0,1
2026-03-27 11:26:38,38.35,0.0,4.0,20.0,0.0,1,0.0,0.0,20.0,0.0,1,0.0,2.0,20.0,0.0,1,0.0,1.0,20.0,0.0,1,0.0,0.0,20.0,0.0,1,0.0,2.0,20.0,0.0,1
2026-03-27 11:26:39,39.06,0.0,4.0,20.0,0.0,1,0.0,0.0,20.0,0.0,1,0.0,2.0,20.0,0.0,1,0.0,1.0,20.0,0.0,1,0.0,0.0,20.0,0.0,1,0.0,2.0,20.0,0.0,1
2026-03-27 11:26:39,39.78,0.0,4.0,20.0,0.0,1,0.0,0.0,20.0,0.0,1,0.0,2.0,20.0,0.0,1,0.0,1.0,20.0,0.0,1,0.0,0.0,20.0,0.0,1,0.0,2.0,20.0,0.0,1
2026-03-27 11:26:40,40.5,0.0,4.0,20.0,0.0,1,0.0,0.0,20.0,0.0,1,0.0,2.0,20.0,0.0,1,0.0,1.0,20.0,0.0,1,0.0,0.0,20.0,0.0,1,0.0,2.0,20.0,0.0,1
2026-03-27 11:26:41,41.22,0.0,4.0,20.0,0.0,1,0.0,0.0,20.0,0.0,1,0.0,2.0,20.0,0.0,1,0.0,1.0,20.0,0.0,1,0.0,0.0,20.0,0.0,1,0.0,2.0,20.0,0.0,1
2026-03-27 11:26:42,41.95,0.0,4.0,20.0,0.0,1,0.0,0.0,20.0,0.0,1,0.0,2.0,20.0,0.0,1,0.0,1.0,20.0,0.0,1,0.0,0.0,20.0,0.0,1,0.0,2.0,20.0,0.0,1
2026-03-27 11:26:42,42.7,0.0,4.0,20.0,0.0,1,0.0,0.0,20.0,0.0,1,0.0,2.0,20.0,0.0,1,0.0,1.0,20.0,0.0,1,0.0,0.0,20.0,0.0,1,0.0,2.0,20.0,0.0,1
2026-03-27 11:26:43,43.44,0.0,4.0,20.0,0.0,1,0.0,0.0,20.0,0.0,1,0.0,2.0,20.0,0.0,1,0.0,1.0,20.0,0.0,1,0.0,0.0,20.0,0.0,1,0.0,2.0,20.0,0.0,1
2026-03-27 11:26:44,44.17,0.0,4.0,20.0,0.0,1,0.0,0.0,20.0,0.0,1,0.0,2.0,20.0,0.0,1,0.0,1.0,20.0,0.0,1,0.0,0.0,20.0,0.0,1,0.0,2.0,20.0,0.0,1
2026-03-27 11:26:44,44.92,0.0,4.0,20.0,0.0,1,0.0,0.0,20.0,0.0,1,0.0,2.0,20.0,0.0,1,0.0,1.0,20.0,0.0,1,0.0,0.0,20.0,0.0,1,0.0,2.0,20.0,0.0,1
2026-03-27 11:26:45,45.67,0.0,4.0,20.0,0.0,1,0.0,0.0,20.0,0.0,1,0.0,2.0,20.0,0.0,1,0.0,1.0,20.0,0.0,1,0.0,0.0,20.0,0.0,1,0.0,2.0,20.0,0.0,1
2026-03-27 11:26:46,46.38,0.0,4.0,20.0,0.0,1,0.0,0.0,20.0,0.0,1,0.0,2.0,20.0,0.0,1,0.0,1.0,20.0,0.0,1,0.0,0.0,20.0,0.0,1,0.0,2.0,20.0,0.0,1
2026-03-27 11:26:47,47.11,0.0,4.0,20.0,0.0,1,0.0,0.0,20.0,0.0,1,0.0,2.0,20.0,0.0,1,0.0,1.0,20.0,0.0,1,0.0,0.0,20.0,0.0,1,0.0,2.0,20.0,0.0,1
2026-03-27 11:26:47,47.83,0.0,4.0,20.0,0.0,1,0.0,0.0,20.0,0.0,1,0.0,2.0,20.0,0.0,1,0.0,1.0,20.0,0.0,1,0.0,0.0,20.0,0.0,1,0.0,2.0,20.0,0.0,1
2026-03-27 11:26:48,48.59,0.0,4.0,20.0,0.0,1,0.0,0.0,20.0,0.0,1,0.0,2.0,20.0,0.0,1,0.0,1.0,20.0,0.0,1,0.0,0.0,20.0,0.0,1,0.0,2.0,20.0,0.0,1
2026-03-27 11:26:49,49.31,0.0,4.0,20.0,0.0,1,0.0,0.0,20.0,0.0,1,0.0,2.0,20.0,0.0,1,0.0,1.0,20.0,0.0,1,0.0,0.0,20.0,0.0,1,0.0,2.0,20.0,0.0,1
2026-03-27 11:26:50,50.04,0.0,4.0,20.0,0.0,1,0.0,0.0,20.0,0.0,1,0.0,2.0,20.0,0.0,1,0.0,1.0,20.0,0.0,1,0.0,0.0,20.0,0.0,1,0.0,2.0,20.0,0.0,1
2026-03-27 11:26:50,50.77,0.0,4.0,20.0,0.0,1,0.0,0.0,20.0,0.0,1,0.0,2.0,20.0,0.0,1,0.0,1.0,20.0,0.0,1,0.0,0.0,20.0,0.0,1,0.0,2.0,20.0,0.0,1
2026-03-27 11:26:51,51.48,0.0,4.0,20.0,0.0,1,0.0,0.0,20.0,0.0,1,0.0,2.0,20.0,0.0,1,0.0,1.0,20.0,0.0,1,0.0,0.0,20.0,0.0,1,0.0,2.0,20.0,0.0,1
2026-03-27 11:26:52,52.22,0.0,4.0,20.0,0.0,1,0.0,0.0,20.0,0.0,1,0.0,2.0,20.0,0.0,1,0.0,1.0,20.0,0.0,1,0.0,0.0,20.0,0.0,1,0.0,2.0,20.0,0.0,1
2026-03-27 11:26:53,52.98,0.0,4.0,20.0,0.0,1,0.0,0.0,20.0,0.0,1,0.0,2.0,20.0,0.0,1,0.0,1.0,20.0,0.0,1,0.0,0.0,20.0,0.0,1,0.0,2.0,20.0,0.0,1
2026-03-27 11:26:53,53.74,0.0,4.0,20.0,0.0,1,0.0,0.0,20.0,0.0,1,0.0,2.0,20.0,0.0,1,0.0,1.0,20.0,0.0,1,0.0,0.0,20.0,0.0,1,0.0,2.0,20.0,0.0,1
2026-03-27 11:26:54,54.45,0.0,4.0,20.0,0.0,1,0.0,0.0,20.0,0.0,1,0.0,2.0,20.0,0.0,1,0.0,1.0,20.0,0.0,1,0.0,0.0,20.0,0.0,1,0.0,2.0,20.0,0.0,1
2026-03-27 11:26:55,55.19,0.0,4.0,20.0,0.0,1,0.0,0.0,20.0,0.0,1,0.0,2.0,20.0,0.0,1,0.0,1.0,20.0,0.0,1,0.0,0.0,20.0,0.0,1,0.0,2.0,20.0,0.0,1
2026-03-27 11:26:56,55.96,0.0,4.0,20.0,0.0,1,0.0,0.0,20.0,0.0,1,0.0,2.0,20.0,0.0,1,0.0,1.0,20.0,0.0,1,0.0,0.0,20.0,0.0,1,0.0,2.0,20.0,0.0,1
2026-03-27 11:26:56,56.7,0.0,4.0,20.0,0.0,1,0.0,0.0,20.0,0.0,1,0.0,2.0,20.0,0.0,1,0.0,1.0,20.0,0.0,1,0.0,0.0,20.0,0.0,1,0.0,2.0,20.0,0.0,1
2026-03-27 11:26:57,57.5,0.0,4.0,20.0,0.0,1,0.0,0.0,20.0,0.0,1,0.0,2.0,20.0,0.0,1,0.0,1.0,20.0,0.0,1,0.0,0.0,20.0,0.0,1,0.0,2.0,20.0,0.0,1
2026-03-27 11:26:58,58.24,0.0,4.0,20.0,0.0,1,0.0,0.0,20.0,0.0,1,0.0,2.0,20.0,0.0,1,0.0,1.0,20.0,0.0,1,0.0,0.0,20.0,0.0,1,0.0,2.0,20.0,0.0,1
2026-03-27 11:26:59,58.98,0.0,4.0,20.0,0.0,1,0.0,0.0,20.0,0.0,1,0.0,2.0,20.0,0.0,1,0.0,1.0,20.0,0.0,1,0.0,0.0,20.0,0.0,1,0.0,2.0,20.0,0.0,1
2026-03-27 11:26:59,59.72,0.0,4.0,20.0,0.0,1,0.0,0.0,20.0,0.0,1,0.0,2.0,20.0,0.0,1,0.0,1.0,20.0,0.0,1,0.0,0.0,20.0,0.0,1,0.0,2.0,20.0,0.0,1
2026-03-27 11:27:00,60.46,0.0,4.0,20.0,0.0,1,0.0,0.0,20.0,0.0,1,0.0,2.0,20.0,0.0,1,0.0,1.0,20.0,0.0,1,0.0,0.0,20.0,0.0,1,0.0,2.0,20.0,0.0,1
2026-03-27 11:27:01,61.2,0.0,4.0,20.0,0.0,1,0.0,0.0,20.0,0.0,1,0.0,2.0,20.0,0.0,1,0.0,1.0,20.0,0.0,1,0.0,0.0,20.0,0.0,1,0.0,2.0,20.0,0.0,1
2026-03-27 11:27:02,61.94,0.0,4.0,20.0,0.0,1,0.0,0.0,20.0,0.0,1,0.0,2.0,20.0,0.0,1,0.0,1.0,20.0,0.0,1,0.0,0.0,20.0,0.0,1,0.0,2.0,20.0,0.0,1
2026-03-27 11:27:02,62.69,0.0,4.0,20.0,0.0,1,0.0,0.0,20.0,0.0,1,0.0,2.0,20.0,0.0,1,0.0,1.0,20.0,0.0,1,0.0,0.0,20.0,0.0,1,0.0,2.0,20.0,0.0,1
2026-03-27 11:27:03,63.42,0.0,4.0,20.0,0.0,1,0.0,0.0,20.0,0.0,1,0.0,2.0,20.0,0.0,1,0.0,1.0,20.0,0.0,1,0.0,0.0,20.0,0.0,1,0.0,2.0,20.0,0.0,1
2026-03-27 11:27:04,64.17,0.0,4.0,20.0,0.0,1,0.0,0.0,20.0,0.0,1,0.0,2.0,20.0,0.0,1,0.0,1.0,20.0,0.0,1,0.0,0.0,20.0,0.0,1,0.0,2.0,20.0,0.0,1
2026-03-27 11:27:04,64.92,0.0,4.0,20.0,0.0,1,0.0,0.0,20.0,0.0,1,0.0,2.0,20.0,0.0,1,0.0,1.0,20.0,0.0,1,0.0,0.0,20.0,0.0,1,0.0,2.0,20.0,0.0,1
2026-03-27 11:27:05,65.68,0.0,4.0,20.0,0.0,1,0.0,0.0,20.0,0.0,1,0.0,2.0,20.0,0.0,1,0.0,1.0,20.0,0.0,1,0.0,0.0,20.0,0.0,1,0.0,2.0,20.0,0.0,1
2026-03-27 11:27:06,66.42,0.0,4.0,20.0,0.0,1,0.0,0.0,20.0,0.0,1,0.0,2.0,20.0,0.0,1,0.0,1.0,20.0,0.0,1,0.0,0.0,20.0,0.0,1,0.0,2.0,20.0,0.0,1
2026-03-27 11:27:07,67.18,0.0,4.0,20.0,0.0,1,0.0,0.0,20.0,0.0,1,0.0,2.0,20.0,0.0,1,0.0,1.0,20.0,0.0,1,0.0,0.0,20.0,0.0,1,0.0,2.0,20.0,0.0,1
2026-03-27 11:27:07,67.92,0.0,4.0,20.0,0.0,1,0.0,0.0,20.0,0.0,1,0.0,2.0,20.0,0.0,1,0.0,1.0,20.0,0.0,1,0.0,0.0,20.0,0.0,1,0.0,2.0,20.0,0.0,1
2026-03-27 11:27:08,68.67,0.0,4.0,20.0,0.0,1,0.0,0.0,20.0,0.0,1,0.0,2.0,20.0,0.0,1,0.0,1.0,20.0,0.0,1,0.0,0.0,20.0,0.0,1,0.0,2.0,20.0,0.0,1
2026-03-27 11:27:09,69.42,0.0,4.0,20.0,0.0,1,0.0,0.0,20.0,0.0,1,0.0,2.0,20.0,0.0,1,0.0,1.0,20.0,0.0,1,0.0,0.0,20.0,0.0,1,0.0,2.0,20.0,0.0,1
2026-03-27 11:27:10,70.16,0.0,4.0,20.0,0.0,1,0.0,0.0,20.0,0.0,1,0.0,2.0,20.0,0.0,1,0.0,1.0,20.0,0.0,1,0.0,0.0,20.0,0.0,1,0.0,2.0,20.0,0.0,1
2026-03-27 11:27:10,70.93,0.0,4.0,20.0,0.0,1,0.0,0.0,20.0,0.0,1,0.0,2.0,20.0,0.0,1,0.0,1.0,20.0,0.0,1,0.0,0.0,20.0,0.0,1,0.0,2.0,20.0,0.0,1
2026-03-27 11:27:11,71.67,0.0,4.0,20.0,0.0,1,0.0,0.0,20.0,0.0,1,0.0,2.0,20.0,0.0,1,0.0,1.0,20.0,0.0,1,0.0,0.0,20.0,0.0,1,0.0,2.0,20.0,0.0,1
2026-03-27 11:27:12,72.43,0.0,4.0,20.0,0.0,1,0.0,0.0,20.0,0.0,1,0.0,2.0,20.0,0.0,1,0.0,1.0,20.0,0.0,1,0.0,0.0,20.0,0.0,1,0.0,2.0,20.0,0.0,1
2026-03-27 11:27:13,73.18,0.0,4.0,20.0,0.0,1,0.0,0.0,20.0,0.0,1,0.0,2.0,20.0,0.0,1,0.0,1.0,20.0,0.0,1,0.0,0.0,20.0,0.0,1,0.0,2.0,20.0,0.0,1
2026-03-27 11:27:13,73.92,0.0,4.0,20.0,0.0,1,0.0,0.0,20.0,0.0,1,0.0,2.0,20.0,0.0,1,0.0,1.0,20.0,0.0,1,0.0,0.0,20.0,0.0,1,0.0,2.0,20.0,0.0,1
2026-03-27 11:27:14,74.68,0.0,4.0,20.0,0.0,1,0.0,0.0,20.0,0.0,1,0.0,2.0,20.0,0.0,1,0.0,1.0,20.0,0.0,1,0.0,0.0,20.0,0.0,1,0.0,2.0,20.0,0.0,1
2026-03-27 11:27:15,75.44,0.0,4.0,20.0,0.0,1,0.0,0.0,20.0,0.0,1,0.0,2.0,20.0,0.0,1,0.0,1.0,20.0,0.0,1,0.0,0.0,20.0,0.0,1,0.0,2.0,20.0,0.0,1
2026-03-27 11:27:16,76.19,0.0,4.0,20.0,0.0,1,0.0,0.0,20.0,0.0,1,0.0,2.0,20.0,0.0,1,0.0,1.0,20.0,0.0,1,0.0,0.0,20.0,0.0,1,0.0,2.0,20.0,0.0,1
2026-03-27 11:27:16,76.92,0.0,4.0,20.0,0.0,1,0.0,0.0,20.0,0.0,1,0.0,2.0,20.0,0.0,1,0.0,1.0,20.0,0.0,1,0.0,0.0,20.0,0.0,1,0.0,2.0,20.0,0.0,1
2026-03-27 11:27:17,77.65,0.0,4.0,20.0,0.0,1,0.0,0.0,20.0,0.0,1,0.0,2.0,20.0,0.0,1,0.0,1.0,20.0,0.0,1,0.0,0.0,20.0,0.0,1,0.0,2.0,20.0,0.0,1
2026-03-27 11:27:18,78.39,0.0,4.0,20.0,0.0,1,0.0,0.0,20.0,0.0,1,0.0,2.0,20.0,0.0,1,0.0,1.0,20.0,0.0,1,0.0,0.0,20.0,0.0,1,0.0,2.0,20.0,0.0,1
2026-03-27 11:27:19,79.16,0.0,4.0,20.0,0.0,1,0.0,0.0,20.0,0.0,1,0.0,2.0,20.0,0.0,1,0.0,1.0,20.0,0.0,1,0.0,0.0,20.0,0.0,1,0.0,2.0,20.0,0.0,1
2026-03-27 11:27:19,79.94,0.0,4.0,20.0,0.0,1,0.0,0.0,20.0,0.0,1,0.0,2.0,20.0,0.0,1,0.0,1.0,20.0,0.0,1,0.0,0.0,20.0,0.0,1,0.0,2.0,20.0,0.0,1
2026-03-27 11:27:20,80.69,0.0,4.0,20.0,0.0,1,0.0,0.0,20.0,0.0,1,0.0,2.0,20.0,0.0,1,0.0,1.0,20.0,0.0,1,0.0,0.0,20.0,0.0,1,0.0,2.0,20.0,0.0,1
2026-03-27 11:27:21,81.43,0.0,4.0,20.0,0.0,1,0.0,0.0,20.0,0.0,1,0.0,2.0,20.0,0.0,1,0.0,1.0,20.0,0.0,1,0.0,0.0,20.0,0.0,1,0.0,2.0,20.0,0.0,1
2026-03-27 11:27:22,82.17,0.0,4.0,20.0,0.0,1,0.0,0.0,20.0,0.0,1,0.0,2.0,20.0,0.0,1,0.0,1.0,20.0,0.0,1,0.0,0.0,20.0,0.0,1,0.0,2.0,20.0,0.0,1
2026-03-27 11:27:22,82.91,0.0,4.0,20.0,0.0,1,0.0,0.0,20.0,0.0,1,0.0,2.0,20.0,0.0,1,0.0,1.0,20.0,0.0,1,0.0,0.0,20.0,0.0,1,0.0,2.0,20.0,0.0,1
2026-03-27 11:27:23,83.66,0.0,4.0,20.0,0.0,1,0.0,0.0,20.0,0.0,1,0.0,2.0,20.0,0.0,1,0.0,1.0,20.0,0.0,1,0.0,0.0,20.0,0.0,1,0.0,2.0,20.0,0.0,1
2026-03-27 11:27:24,84.41,0.0,4.0,20.0,0.0,1,0.0,0.0,20.0,0.0,1,0.0,2.0,20.0,0.0,1,0.0,1.0,20.0,0.0,1,0.0,0.0,20.0,0.0,1,0.0,2.0,20.0,0.0,1
2026-03-27 11:27:25,85.18,0.0,4.0,20.0,0.0,1,0.0,0.0,20.0,0.0,1,0.0,2.0,20.0,0.0,1,0.0,1.0,20.0,0.0,1,0.0,0.0,20.0,0.0,1,0.0,2.0,20.0,0.0,1
2026-03-27 11:27:25,85.93,0.0,4.0,20.0,0.0,1,0.0,0.0,20.0,0.0,1,0.0,2.0,20.0,0.0,1,0.0,1.0,20.0,0.0,1,0.0,0.0,20.0,0.0,1,0.0,2.0,20.0,0.0,1
2026-03-27 11:27:26,86.74,0.0,4.0,20.0,0.0,1,0.0,0.0,20.0,0.0,1,0.0,2.0,20.0,0.0,1,0.0,1.0,20.0,0.0,1,0.0,0.0,20.0,0.0,1,0.0,2.0,20.0,0.0,1
2026-03-27 11:27:27,87.48,0.0,4.0,20.0,0.0,1,0.0,0.0,20.0,0.0,1,0.0,2.0,20.0,0.0,1,0.0,1.0,20.0,0.0,1,0.0,0.0,20.0,0.0,1,0.0,2.0,20.0,0.0,1
2026-03-27 11:27:28,88.31,0.0,4.0,20.0,0.0,1,0.0,0.0,20.0,0.0,1,0.0,2.0,20.0,0.0,1,0.0,1.0,20.0,0.0,1,0.0,0.0,20.0,0.0,1,0.0,2.0,20.0,0.0,1
2026-03-27 11:27:29,89.05,0.0,4.0,20.0,0.0,1,0.0,0.0,20.0,0.0,1,0.0,2.0,20.0,0.0,1,0.0,1.0,20.0,0.0,1,0.0,0.0,20.0,0.0,1,0.0,2.0,20.0,0.0,1
2026-03-27 11:27:29,89.83,0.0,4.0,20.0,0.0,1,0.0,0.0,20.0,0.0,1,0.0,2.0,20.0,0.0,1,0.0,1.0,20.0,0.0,1,0.0,0.0,20.0,0.0,1,0.0,2.0,20.0,0.0,1
2026-03-27 11:27:30,90.61,0.0,4.0,20.0,0.0,1,0.0,0.0,20.0,0.0,1,0.0,2.0,20.0,0.0,1,0.0,1.0,20.0,0.0,1,0.0,0.0,20.0,0.0,1,0.0,2.0,20.0,0.0,1
2026-03-27 11:27:31,91.4,0.0,4.0,20.0,0.0,1,0.0,0.0,20.0,0.0,1,0.0,2.0,20.0,0.0,1,0.0,1.0,20.0,0.0,1,0.0,0.0,20.0,0.0,1,0.0,2.0,20.0,0.0,1
2026-03-27 11:27:32,92.15,0.0,4.0,20.0,0.0,1,0.0,0.0,20.0,0.0,1,0.0,2.0,20.0,0.0,1,0.0,1.0,20.0,0.0,1,0.0,0.0,20.0,0.0,1,0.0,2.0,20.0,0.0,1
2026-03-27 11:27:32,92.94,0.0,4.0,20.0,0.0,1,0.0,0.0,20.0,0.0,1,0.0,2.0,20.0,0.0,1,0.0,1.0,20.0,0.0,1,0.0,0.0,20.0,0.0,1,0.0,2.0,20.0,0.0,1
2026-03-27 11:27:33,93.69,0.0,4.0,20.0,0.0,1,0.0,0.0,20.0,0.0,1,0.0,2.0,20.0,0.0,1,0.0,1.0,20.0,0.0,1,0.0,0.0,20.0,0.0,1,0.0,2.0,20.0,0.0,1
2026-03-27 11:27:34,94.47,0.0,4.0,20.0,0.0,1,0.0,0.0,20.0,0.0,1,0.0,2.0,20.0,0.0,1,0.0,1.0,20.0,0.0,1,0.0,0.0,20.0,0.0,1,0.0,2.0,20.0,0.0,1
2026-03-27 11:27:35,95.3,0.0,4.0,20.0,0.0,1,0.0,0.0,20.0,0.0,1,0.0,2.0,20.0,0.0,1,0.0,1.0,20.0,0.0,1,0.0,0.0,20.0,0.0,1,0.0,2.0,20.0,0.0,1
2026-03-27 11:27:36,96.1,0.0,4.0,20.0,0.0,1,0.0,0.0,20.0,0.0,1,0.0,2.0,20.0,0.0,1,0.0,1.0,20.0,0.0,1,0.0,0.0,20.0,0.0,1,0.0,2.0,20.0,0.0,1
2026-03-27 11:27:36,96.85,0.0,4.0,20.0,0.0,1,0.0,0.0,20.0,0.0,1,0.0,2.0,20.0,0.0,1,0.0,1.0,20.0,0.0,1,0.0,0.0,20.0,0.0,1,0.0,2.0,20.0,0.0,1
2026-03-27 11:27:37,97.62,0.0,4.0,20.0,0.0,1,0.0,0.0,20.0,0.0,1,0.0,2.0,20.0,0.0,1,0.0,1.0,20.0,0.0,1,0.0,0.0,20.0,0.0,1,0.0,2.0,20.0,0.0,1
2026-03-27 11:27:38,98.39,0.0,4.0,20.0,0.0,1,0.0,0.0,20.0,0.0,1,0.0,2.0,20.0,0.0,1,0.0,1.0,20.0,0.0,1,0.0,0.0,20.0,0.0,1,0.0,2.0,20.0,0.0,1
2026-03-27 11:27:39,99.12,0.0,4.0,20.0,0.0,1,0.0,0.0,20.0,0.0,1,0.0,2.0,20.0,0.0,1,0.0,1.0,20.0,0.0,1,0.0,0.0,20.0,0.0,1,0.0,2.0,20.0,0.0,1
2026-03-27 11:27:39,99.87,0.0,4.0,20.0,0.0,1,0.0,0.0,20.0,0.0,1,0.0,2.0,20.0,0.0,1,0.0,1.0,20.0,0.0,1,0.0,0.0,20.0,0.0,1,0.0,2.0,20.0,0.0,1
2026-03-27 11:27:40,100.62,0.0,4.0,20.0,0.0,1,0.0,0.0,20.0,0.0,1,0.0,2.0,20.0,0.0,1,0.0,1.0,20.0,0.0,1,0.0,0.0,20.0,0.0,1,0.0,2.0,20.0,0.0,1
2026-03-27 11:27:41,101.35,0.0,4.0,20.0,0.0,1,0.0,0.0,20.0,0.0,1,0.0,2.0,20.0,0.0,1,0.0,1.0,20.0,0.0,1,0.0,0.0,20.0,0.0,1,0.0,2.0,20.0,0.0,1
2026-03-27 11:27:42,102.1,0.0,4.0,20.0,0.0,1,0.0,0.0,20.0,0.0,1,0.0,2.0,20.0,0.0,1,0.0,1.0,20.0,0.0,1,0.0,0.0,20.0,0.0,1,0.0,2.0,20.0,0.0,1
2026-03-27 11:27:42,102.85,0.0,4.0,20.0,0.0,1,0.0,0.0,20.0,0.0,1,0.0,2.0,20.0,0.0,1,0.0,1.0,20.0,0.0,1,0.0,0.0,20.0,0.0,1,0.0,2.0,20.0,0.0,1
2026-03-27 11:27:43,103.62,0.0,4.0,20.0,0.0,1,0.0,0.0,20.0,0.0,1,0.0,2.0,20.0,0.0,1,0.0,1.0,20.0,0.0,1,0.0,0.0,20.0,0.0,1,0.0,2.0,20.0,0.0,1
2026-03-27 11:27:44,104.45,0.0,4.0,20.0,0.0,1,0.0,0.0,20.0,0.0,1,0.0,2.0,20.0,0.0,1,0.0,1.0,20.0,0.0,1,0.0,0.0,20.0,0.0,1,0.0,2.0,20.0,0.0,1
2026-03-27 11:27:45,105.21,0.0,4.0,20.0,0.0,1,0.0,0.0,20.0,0.0,1,0.0,2.0,20.0,0.0,1,0.0,1.0,20.0,0.0,1,0.0,0.0,20.0,0.0,1,0.0,2.0,20.0,0.0,1
2026-03-27 11:27:46,105.95,0.0,4.0,20.0,0.0,1,0.0,0.0,20.0,0.0,1,0.0,2.0,20.0,0.0,1,0.0,1.0,20.0,0.0,1,0.0,0.0,20.0,0.0,1,0.0,2.0,20.0,0.0,1
2026-03-27 11:27:46,106.73,0.0,4.0,20.0,0.0,1,0.0,0.0,20.0,0.0,1,0.0,2.0,20.0,0.0,1,0.0,1.0,20.0,0.0,1,0.0,0.0,20.0,0.0,1,0.0,2.0,20.0,0.0,1
2026-03-27 11:27:47,107.47,0.0,4.0,20.0,0.0,1,0.0,0.0,20.0,0.0,1,0.0,2.0,20.0,0.0,1,0.0,1.0,20.0,0.0,1,0.0,0.0,20.0,0.0,1,0.0,2.0,20.0,0.0,1
2026-03-27 11:27:48,108.21,0.0,4.0,20.0,0.0,1,0.0,0.0,20.0,0.0,1,0.0,2.0,20.0,0.0,1,0.0,1.0,20.0,0.0,1,0.0,0.0,20.0,0.0,1,0.0,2.0,20.0,0.0,1
2026-03-27 11:27:49,108.95,0.0,4.0,20.0,0.0,1,0.0,0.0,20.0,0.0,1,0.0,2.0,20.0,0.0,1,0.0,1.0,20.0,0.0,1,0.0,0.0,20.0,0.0,1,0.0,2.0,20.0,0.0,1
2026-03-27 11:27:49,109.72,0.0,4.0,20.0,0.0,1,0.0,0.0,20.0,0.0,1,0.0,2.0,20.0,0.0,1,0.0,1.0,20.0,0.0,1,0.0,0.0,20.0,0.0,1,0.0,2.0,20.0,0.0,1
2026-03-27 11:27:50,110.48,0.0,4.0,20.0,0.0,1,0.0,0.0,20.0,0.0,1,0.0,2.0,20.0,0.0,1,0.0,1.0,20.0,0.0,1,0.0,0.0,20.0,0.0,1,0.0,2.0,20.0,0.0,1
2026-03-27 11:27:51,111.25,0.0,4.0,20.0,0.0,1,0.0,0.0,20.0,0.0,1,0.0,2.0,20.0,0.0,1,0.0,1.0,20.0,0.0,1,0.0,0.0,20.0,0.0,1,0.0,2.0,20.0,0.0,1
2026-03-27 11:27:52,112.0,0.0,4.0,20.0,0.0,1,0.0,0.0,20.0,0.0,1,0.0,2.0,20.0,0.0,1,0.0,1.0,20.0,0.0,1,0.0,0.0,20.0,0.0,1,0.0,2.0,20.0,0.0,1
2026-03-27 11:27:52,112.73,0.0,4.0,20.0,0.0,1,0.0,0.0,20.0,0.0,1,0.0,2.0,20.0,0.0,1,0.0,1.0,20.0,0.0,1,0.0,0.0,20.0,0.0,1,0.0,2.0,20.0,0.0,1
2026-03-27 11:27:53,113.48,0.0,4.0,20.0,0.0,1,0.0,0.0,20.0,0.0,1,0.0,2.0,20.0,0.0,1,0.0,1.0,20.0,0.0,1,0.0,0.0,20.0,0.0,1,0.0,2.0,20.0,0.0,1
2026-03-27 11:27:54,114.24,0.0,4.0,20.0,0.0,1,0.0,0.0,20.0,0.0,1,0.0,2.0,20.0,0.0,1,0.0,1.0,20.0,0.0,1,0.0,0.0,20.0,0.0,1,0.0,2.0,20.0,0.0,1
2026-03-27 11:27:55,115.02,0.0,4.0,20.0,0.0,1,0.0,0.0,20.0,0.0,1,0.0,2.0,20.0,0.0,1,0.0,1.0,20.0,0.0,1,0.0,0.0,20.0,0.0,1,0.0,2.0,20.0,0.0,1
2026-03-27 11:27:55,115.76,0.0,4.0,20.0,0.0,1,0.0,0.0,20.0,0.0,1,0.0,2.0,20.0,0.0,1,0.0,1.0,20.0,0.0,1,0.0,0.0,20.0,0.0,1,0.0,2.0,20.0,0.0,1
2026-03-27 11:27:56,116.49,0.0,4.0,20.0,0.0,1,0.0,0.0,20.0,0.0,1,0.0,2.0,20.0,0.0,1,0.0,1.0,20.0,0.0,1,0.0,0.0,20.0,0.0,1,0.0,2.0,20.0,0.0,1
2026-03-27 11:27:57,117.25,0.0,4.0,20.0,0.0,1,0.0,0.0,20.0,0.0,1,0.0,2.0,20.0,0.0,1,0.0,1.0,20.0,0.0,1,0.0,0.0,20.0,0.0,1,0.0,2.0,20.0,0.0,1
2026-03-27 11:27:58,117.98,0.0,4.0,20.0,0.0,1,0.0,0.0,20.0,0.0,1,0.0,2.0,20.0,0.0,1,0.0,1.0,20.0,0.0,1,0.0,0.0,20.0,0.0,1,0.0,2.0,20.0,0.0,1
2026-03-27 11:27:58,118.73,0.0,4.0,20.0,0.0,1,0.0,0.0,20.0,0.0,1,0.0,2.0,20.0,0.0,1,0.0,1.0,20.0,0.0,1,0.0,0.0,20.0,0.0,1,0.0,2.0,20.0,0.0,1
2026-03-27 11:27:59,119.49,0.0,4.0,20.0,0.0,1,0.0,0.0,20.0,0.0,1,0.0,2.0,20.0,0.0,1,0.0,1.0,20.0,0.0,1,0.0,0.0,20.0,0.0,1,0.0,2.0,20.0,0.0,1
2026-03-27 11:28:00,120.26,0.0,4.0,20.0,0.0,1,0.0,0.0,20.0,0.0,1,0.0,2.0,20.0,0.0,1,0.0,1.0,20.0,0.0,1,0.0,0.0,20.0,0.0,1,0.0,2.0,20.0,0.0,1
2026-03-27 11:28:01,121.03,0.0,4.0,20.0,0.0,1,0.0,0.0,20.0,0.0,1,0.0,2.0,20.0,0.0,1,0.0,1.0,20.0,0.0,1,0.0,0.0,20.0,0.0,1,0.0,2.0,20.0,0.0,1
2026-03-27 11:28:01,121.77,0.0,4.0,20.0,0.0,1,0.0,0.0,20.0,0.0,1,0.0,2.0,20.0,0.0,1,0.0,1.0,20.0,0.0,1,0.0,0.0,20.0,0.0,1,0.0,2.0,20.0,0.0,1
2026-03-27 11:28:02,122.51,0.0,4.0,20.0,0.0,1,0.0,0.0,20.0,0.0,1,0.0,2.0,20.0,0.0,1,0.0,1.0,20.0,0.0,1,0.0,0.0,20.0,0.0,1,0.0,2.0,20.0,0.0,1
2026-03-27 11:28:03,123.28,0.0,4.0,20.0,0.0,1,0.0,0.0,20.0,0.0,1,0.0,2.0,20.0,0.0,1,0.0,1.0,20.0,0.0,1,0.0,0.0,20.0,0.0,1,0.0,2.0,20.0,0.0,1
2026-03-27 11:28:04,124.04,0.0,4.0,20.0,0.0,1,0.0,0.0,20.0,0.0,1,0.0,2.0,20.0,0.0,1,0.0,1.0,20.0,0.0,1,0.0,0.0,20.0,0.0,1,0.0,2.0,20.0,0.0,1
2026-03-27 11:28:04,124.77,0.0,4.0,20.0,0.0,1,0.0,0.0,20.0,0.0,1,0.0,2.0,20.0,0.0,1,0.0,1.0,20.0,0.0,1,0.0,0.0,20.0,0.0,1,0.0,2.0,20.0,0.0,1
2026-03-27 11:28:05,125.5,0.0,4.0,20.0,0.0,1,0.0,0.0,20.0,0.0,1,0.0,2.0,20.0,0.0,1,0.0,1.0,20.0,0.0,1,0.0,0.0,20.0,0.0,1,0.0,2.0,20.0,0.0,1
2026-03-27 11:28:06,126.24,0.0,4.0,20.0,0.0,1,0.0,0.0,20.0,0.0,1,0.0,2.0,20.0,0.0,1,0.0,1.0,20.0,0.0,1,0.0,0.0,20.0,0.0,1,0.0,2.0,20.0,0.0,1
2026-03-27 11:28:07,126.97,0.0,4.0,20.0,0.0,1,0.0,0.0,20.0,0.0,1,0.0,2.0,20.0,0.0,1,0.0,1.0,20.0,0.0,1,0.0,0.0,20.0,0.0,1,0.0,2.0,20.0,0.0,1
2026-03-27 11:28:07,127.73,0.0,4.0,20.0,0.0,1,0.0,0.0,20.0,0.0,1,0.0,2.0,20.0,0.0,1,0.0,1.0,20.0,0.0,1,0.0,0.0,20.0,0.0,1,0.0,2.0,20.0,0.0,1
2026-03-27 11:28:08,128.47,0.0,4.0,20.0,0.0,1,0.0,0.0,20.0,0.0,1,0.0,2.0,20.0,0.0,1,0.0,1.0,20.0,0.0,1,0.0,0.0,20.0,0.0,1,0.0,2.0,20.0,0.0,1
2026-03-27 11:28:09,129.24,0.0,4.0,20.0,0.0,1,0.0,0.0,20.0,0.0,1,0.0,2.0,20.0,0.0,1,0.0,1.0,20.0,0.0,1,0.0,0.0,20.0,0.0,1,0.0,2.0,20.0,0.0,1
2026-03-27 11:28:10,129.97,0.0,4.0,20.0,0.0,1,0.0,0.0,20.0,0.0,1,0.0,2.0,20.0,0.0,1,0.0,1.0,20.0,0.0,1,0.0,0.0,20.0,0.0,1,0.0,2.0,20.0,0.0,1
2026-03-27 11:28:10,130.74,0.0,4.0,20.0,0.0,1,0.0,0.0,20.0,0.0,1,0.0,2.0,20.0,0.0,1,0.0,1.0,20.0,0.0,1,0.0,0.0,20.0,0.0,1,0.0,2.0,20.0,0.0,1
2026-03-27 11:28:11,131.48,0.0,4.0,20.0,0.0,1,0.0,0.0,20.0,0.0,1,0.0,2.0,20.0,0.0,1,0.0,1.0,20.0,0.0,1,0.0,0.0,20.0,0.0,1,0.0,2.0,20.0,0.0,1
2026-03-27 11:28:12,132.21,0.0,4.0,20.0,0.0,1,0.0,0.0,20.0,0.0,1,0.0,2.0,20.0,0.0,1,0.0,1.0,20.0,0.0,1,0.0,0.0,20.0,0.0,1,0.0,2.0,20.0,0.0,1
2026-03-27 11:28:13,132.96,0.0,4.0,20.0,0.0,1,0.0,0.0,20.0,0.0,1,0.0,2.0,20.0,0.0,1,0.0,1.0,20.0,0.0,1,0.0,0.0,20.0,0.0,1,0.0,2.0,20.0,0.0,1
2026-03-27 11:28:13,133.73,0.0,4.0,20.0,0.0,1,0.0,0.0,20.0,0.0,1,0.0,2.0,20.0,0.0,1,0.0,1.0,20.0,0.0,1,0.0,0.0,20.0,0.0,1,0.0,2.0,20.0,0.0,1
2026-03-27 11:28:14,134.48,0.0,4.0,20.0,0.0,1,0.0,0.0,20.0,0.0,1,0.0,2.0,20.0,0.0,1,0.0,1.0,20.0,0.0,1,0.0,0.0,20.0,0.0,1,0.0,2.0,20.0,0.0,1
2026-03-27 11:28:15,135.22,0.0,4.0,20.0,0.0,1,0.0,0.0,20.0,0.0,1,0.0,2.0,20.0,0.0,1,0.0,1.0,20.0,0.0,1,0.0,0.0,20.0,0.0,1,0.0,2.0,20.0,0.0,1
2026-03-27 11:28:16,135.98,0.0,4.0,20.0,0.0,1,0.0,0.0,20.0,0.0,1,0.0,2.0,20.0,0.0,1,0.0,1.0,20.0,0.0,1,0.0,0.0,20.0,0.0,1,0.0,2.0,20.0,0.0,1
2026-03-27 11:28:16,136.75,0.0,4.0,20.0,0.0,1,0.0,0.0,20.0,0.0,1,0.0,2.0,20.0,0.0,1,0.0,1.0,20.0,0.0,1,0.0,0.0,20.0,0.0,1,0.0,2.0,20.0,0.0,1
2026-03-27 11:28:17,137.51,0.0,4.0,20.0,0.0,1,0.0,0.0,20.0,0.0,1,0.0,2.0,20.0,0.0,1,0.0,1.0,20.0,0.0,1,0.0,0.0,20.0,0.0,1,0.0,2.0,20.0,0.0,1
2026-03-27 11:28:18,138.26,0.0,4.0,20.0,0.0,1,0.0,0.0,20.0,0.0,1,0.0,2.0,20.0,0.0,1,0.0,1.0,20.0,0.0,1,0.0,0.0,20.0,0.0,1,0.0,2.0,20.0,0.0,1
2026-03-27 11:28:19,139.04,0.0,4.0,20.0,0.0,1,0.0,0.0,20.0,0.0,1,0.0,2.0,20.0,0.0,1,0.0,1.0,20.0,0.0,1,0.0,0.0,20.0,0.0,1,0.0,2.0,20.0,0.0,1
2026-03-27 11:28:19,139.8,0.0,4.0,20.0,0.0,1,0.0,0.0,20.0,0.0,1,0.0,2.0,20.0,0.0,1,0.0,1.0,20.0,0.0,1,0.0,0.0,20.0,0.0,1,0.0,2.0,20.0,0.0,1
2026-03-27 11:28:20,140.54,0.0,4.0,20.0,0.0,1,0.0,0.0,20.0,0.0,1,0.0,2.0,20.0,0.0,1,0.0,1.0,20.0,0.0,1,0.0,0.0,20.0,0.0,1,0.0,2.0,20.0,0.0,1
2026-03-27 11:28:21,141.28,0.0,4.0,20.0,0.0,1,0.0,0.0,20.0,0.0,1,0.0,2.0,20.0,0.0,1,0.0,1.0,20.0,0.0,1,0.0,0.0,20.0,0.0,1,0.0,2.0,20.0,0.0,1
2026-03-27 11:28:22,142.01,0.0,4.0,20.0,0.0,1,0.0,0.0,20.0,0.0,1,0.0,2.0,20.0,0.0,1,0.0,1.0,20.0,0.0,1,0.0,0.0,20.0,0.0,1,0.0,2.0,20.0,0.0,1
2026-03-27 11:28:22,142.76,0.0,4.0,20.0,0.0,1,0.0,0.0,20.0,0.0,1,0.0,2.0,20.0,0.0,1,0.0,1.0,20.0,0.0,1,0.0,0.0,20.0,0.0,1,0.0,2.0,20.0,0.0,1
2026-03-27 11:28:23,143.51,0.0,4.0,20.0,0.0,1,0.0,0.0,20.0,0.0,1,0.0,2.0,20.0,0.0,1,0.0,1.0,20.0,0.0,1,0.0,0.0,20.0,0.0,1,0.0,2.0,20.0,0.0,1
2026-03-27 11:28:24,144.27,0.0,4.0,20.0,0.0,1,0.0,0.0,20.0,0.0,1,0.0,2.0,20.0,0.0,1,0.0,1.0,20.0,0.0,1,0.0,0.0,20.0,0.0,1,0.0,2.0,20.0,0.0,1
2026-03-27 11:28:25,145.01,0.0,4.0,20.0,0.0,1,0.0,0.0,20.0,0.0,1,0.0,2.0,20.0,0.0,1,0.0,1.0,20.0,0.0,1,0.0,0.0,20.0,0.0,1,0.0,2.0,20.0,0.0,1
2026-03-27 11:28:25,145.75,0.0,4.0,20.0,0.0,1,0.0,0.0,20.0,0.0,1,0.0,2.0,20.0,0.0,1,0.0,1.0,20.0,0.0,1,0.0,0.0,20.0,0.0,1,0.0,2.0,20.0,0.0,1
2026-03-27 11:28:26,146.49,0.0,4.0,20.0,0.0,1,0.0,0.0,20.0,0.0,1,0.0,2.0,20.0,0.0,1,0.0,1.0,20.0,0.0,1,0.0,0.0,20.0,0.0,1,0.0,2.0,20.0,0.0,1
2026-03-27 11:28:27,147.23,0.0,4.0,20.0,0.0,1,0.0,0.0,20.0,0.0,1,0.0,2.0,20.0,0.0,1,0.0,1.0,20.0,0.0,1,0.0,0.0,20.0,0.0,1,0.0,2.0,20.0,0.0,1
2026-03-27 11:28:28,147.97,0.0,4.0,20.0,0.0,1,0.0,0.0,20.0,0.0,1,0.0,2.0,20.0,0.0,1,0.0,1.0,20.0,0.0,1,0.0,0.0,20.0,0.0,1,0.0,2.0,20.0,0.0,1
2026-03-27 11:28:28,148.69,0.0,4.0,20.0,0.0,1,0.0,0.0,20.0,0.0,1,0.0,2.0,20.0,0.0,1,0.0,1.0,20.0,0.0,1,0.0,0.0,20.0,0.0,1,0.0,2.0,20.0,0.0,1
2026-03-27 11:28:29,149.43,0.0,4.0,20.0,0.0,1,0.0,0.0,20.0,0.0,1,0.0,2.0,20.0,0.0,1,0.0,1.0,20.0,0.0,1,0.0,0.0,20.0,0.0,1,0.0,2.0,20.0,0.0,1
2026-03-27 11:28:30,150.17,0.0,4.0,20.0,0.0,1,0.0,0.0,20.0,0.0,1,0.0,2.0,20.0,0.0,1,0.0,1.0,20.0,0.0,1,0.0,0.0,20.0,0.0,1,0.0,2.0,20.0,0.0,1
2026-03-27 11:28:30,150.92,0.0,4.0,20.0,0.0,1,0.0,0.0,20.0,0.0,1,0.0,2.0,20.0,0.0,1,0.0,1.0,20.0,0.0,1,0.0,0.0,20.0,0.0,1,0.0,2.0,20.0,0.0,1
2026-03-27 11:28:31,151.65,0.0,4.0,20.0,0.0,1,0.0,0.0,20.0,0.0,1,0.0,2.0,20.0,0.0,1,0.0,1.0,20.0,0.0,1,0.0,0.0,20.0,0.0,1,0.0,2.0,20.0,0.0,1
2026-03-27 11:28:32,152.49,0.0,4.0,20.0,0.0,1,0.0,0.0,20.0,0.0,1,0.0,2.0,20.0,0.0,1,0.0,1.0,20.0,0.0,1,0.0,0.0,20.0,0.0,1,0.0,2.0,20.0,0.0,1
2026-03-27 11:28:33,153.22,0.0,4.0,20.0,0.0,1,0.0,0.0,20.0,0.0,1,0.0,2.0,20.0,0.0,1,0.0,1.0,20.0,0.0,1,0.0,0.0,20.0,0.0,1,0.0,2.0,20.0,0.0,1
2026-03-27 11:28:34,153.97,0.0,4.0,20.0,0.0,1,0.0,0.0,20.0,0.0,1,0.0,2.0,20.0,0.0,1,0.0,1.0,20.0,0.0,1,0.0,0.0,20.0,0.0,1,0.0,2.0,20.0,0.0,1
2026-03-27 11:28:34,154.71,0.0,4.0,20.0,0.0,1,0.0,0.0,20.0,0.0,1,0.0,2.0,20.0,0.0,1,0.0,1.0,20.0,0.0,1,0.0,0.0,20.0,0.0,1,0.0,2.0,20.0,0.0,1
2026-03-27 11:28:35,155.46,0.0,4.0,20.0,0.0,1,0.0,0.0,20.0,0.0,1,0.0,2.0,20.0,0.0,1,0.0,1.0,20.0,0.0,1,0.0,0.0,20.0,0.0,1,0.0,2.0,20.0,0.0,1
2026-03-27 11:28:36,156.19,0.0,4.0,20.0,0.0,1,0.0,0.0,20.0,0.0,1,0.0,2.0,20.0,0.0,1,0.0,1.0,20.0,0.0,1,0.0,0.0,20.0,0.0,1,0.0,2.0,20.0,0.0,1
2026-03-27 11:28:36,156.93,0.0,4.0,20.0,0.0,1,0.0,0.0,20.0,0.0,1,0.0,2.0,20.0,0.0,1,0.0,1.0,20.0,0.0,1,0.0,0.0,20.0,0.0,1,0.0,2.0,20.0,0.0,1
2026-03-27 11:28:37,157.67,0.0,4.0,20.0,0.0,1,0.0,0.0,20.0,0.0,1,0.0,2.0,20.0,0.0,1,0.0,1.0,20.0,0.0,1,0.0,0.0,20.0,0.0,1,0.0,2.0,20.0,0.0,1
2026-03-27 11:28:38,158.43,0.0,4.0,20.0,0.0,1,0.0,0.0,20.0,0.0,1,0.0,2.0,20.0,0.0,1,0.0,1.0,20.0,0.0,1,0.0,0.0,20.0,0.0,1,0.0,2.0,20.0,0.0,1
2026-03-27 11:28:39,159.17,0.0,4.0,20.0,0.0,1,0.0,0.0,20.0,0.0,1,0.0,2.0,20.0,0.0,1,0.0,1.0,20.0,0.0,1,0.0,0.0,20.0,0.0,1,0.0,2.0,20.0,0.0,1
2026-03-27 11:28:39,159.91,0.0,4.0,20.0,0.0,1,0.0,0.0,20.0,0.0,1,0.0,2.0,20.0,0.0,1,0.0,1.0,20.0,0.0,1,0.0,0.0,20.0,0.0,1,0.0,2.0,20.0,0.0,1
2026-03-27 11:28:40,160.64,0.0,4.0,20.0,0.0,1,0.0,0.0,20.0,0.0,1,0.0,2.0,20.0,0.0,1,0.0,1.0,20.0,0.0,1,0.0,0.0,20.0,0.0,1,0.0,2.0,20.0,0.0,1
2026-03-27 11:28:41,161.37,0.0,4.0,20.0,0.0,1,0.0,0.0,20.0,0.0,1,0.0,2.0,20.0,0.0,1,0.0,1.0,20.0,0.0,1,0.0,0.0,20.0,0.0,1,0.0,2.0,20.0,0.0,1
2026-03-27 11:28:42,162.14,0.0,4.0,20.0,0.0,1,0.0,0.0,20.0,0.0,1,0.0,2.0,20.0,0.0,1,0.0,1.0,20.0,0.0,1,0.0,0.0,20.0,0.0,1,0.0,2.0,20.0,0.0,1
2026-03-27 11:28:42,162.88,0.0,4.0,20.0,0.0,1,0.0,0.0,20.0,0.0,1,0.0,2.0,20.0,0.0,1,0.0,1.0,20.0,0.0,1,0.0,0.0,20.0,0.0,1,0.0,2.0,20.0,0.0,1
2026-03-27 11:28:43,163.61,0.0,4.0,20.0,0.0,1,0.0,0.0,20.0,0.0,1,0.0,2.0,20.0,0.0,1,0.0,1.0,20.0,0.0,1,0.0,0.0,20.0,0.0,1,0.0,2.0,20.0,0.0,1
2026-03-27 11:28:44,164.34,0.0,4.0,20.0,0.0,1,0.0,0.0,20.0,0.0,1,0.0,2.0,20.0,0.0,1,0.0,1.0,20.0,0.0,1,0.0,0.0,20.0,0.0,1,0.0,2.0,20.0,0.0,1
2026-03-27 11:28:45,165.1,0.0,4.0,20.0,0.0,1,0.0,0.0,20.0,0.0,1,0.0,2.0,20.0,0.0,1,0.0,1.0,20.0,0.0,1,0.0,0.0,20.0,0.0,1,0.0,2.0,20.0,0.0,1
2026-03-27 11:28:45,165.86,0.0,4.0,20.0,0.0,1,0.0,0.0,20.0,0.0,1,0.0,2.0,20.0,0.0,1,0.0,1.0,20.0,0.0,1,0.0,0.0,20.0,0.0,1,0.0,2.0,20.0,0.0,1
2026-03-27 11:28:46,166.58,0.0,4.0,20.0,0.0,1,0.0,0.0,20.0,0.0,1,0.0,2.0,20.0,0.0,1,0.0,1.0,20.0,0.0,1,0.0,0.0,20.0,0.0,1,0.0,2.0,20.0,0.0,1
2026-03-27 11:28:47,167.36,0.0,4.0,20.0,0.0,1,0.0,0.0,20.0,0.0,1,0.0,2.0,20.0,0.0,1,0.0,1.0,20.0,0.0,1,0.0,0.0,20.0,0.0,1,0.0,2.0,20.0,0.0,1
2026-03-27 11:28:48,168.16,0.0,4.0,20.0,0.0,1,0.0,0.0,20.0,0.0,1,0.0,2.0,20.0,0.0,1,0.0,1.0,20.0,0.0,1,0.0,0.0,20.0,0.0,1,0.0,2.0,20.0,0.0,1
2026-03-27 11:28:49,168.98,0.0,4.0,20.0,0.0,1,0.0,0.0,20.0,0.0,1,0.0,2.0,20.0,0.0,1,0.0,1.0,20.0,0.0,1,0.0,0.0,20.0,0.0,1,0.0,2.0,20.0,0.0,1
2026-03-27 11:28:49,169.75,0.0,4.0,20.0,0.0,1,0.0,0.0,20.0,0.0,1,0.0,2.0,20.0,0.0,1,0.0,1.0,20.0,0.0,1,0.0,0.0,20.0,0.0,1,0.0,2.0,20.0,0.0,1
2026-03-27 11:28:50,170.49,0.0,4.0,20.0,0.0,1,0.0,0.0,20.0,0.0,1,0.0,2.0,20.0,0.0,1,0.0,1.0,20.0,0.0,1,0.0,0.0,20.0,0.0,1,0.0,2.0,20.0,0.0,1
2026-03-27 11:28:51,171.23,0.0,4.0,20.0,0.0,1,0.0,0.0,20.0,0.0,1,0.0,2.0,20.0,0.0,1,0.0,1.0,20.0,0.0,1,0.0,0.0,20.0,0.0,1,0.0,2.0,20.0,0.0,1
2026-03-27 11:28:52,172.0,0.0,4.0,20.0,0.0,1,0.0,0.0,20.0,0.0,1,0.0,2.0,20.0,0.0,1,0.0,1.0,20.0,0.0,1,0.0,0.0,20.0,0.0,1,0.0,2.0,20.0,0.0,1
2026-03-27 11:28:52,172.76,0.0,4.0,20.0,0.0,1,0.0,0.0,20.0,0.0,1,0.0,2.0,20.0,0.0,1,0.0,1.0,20.0,0.0,1,0.0,0.0,20.0,0.0,1,0.0,2.0,20.0,0.0,1
2026-03-27 11:28:53,173.5,0.0,4.0,20.0,0.0,1,0.0,0.0,20.0,0.0,1,0.0,2.0,20.0,0.0,1,0.0,1.0,20.0,0.0,1,0.0,0.0,20.0,0.0,1,0.0,2.0,20.0,0.0,1
2026-03-27 11:28:54,174.25,0.0,4.0,20.0,0.0,1,0.0,0.0,20.0,0.0,1,0.0,2.0,20.0,0.0,1,0.0,1.0,20.0,0.0,1,0.0,0.0,20.0,0.0,1,0.0,2.0,20.0,0.0,1
2026-03-27 11:28:55,175.02,0.0,4.0,20.0,0.0,1,0.0,0.0,20.0,0.0,1,0.0,2.0,20.0,0.0,1,0.0,1.0,20.0,0.0,1,0.0,0.0,20.0,0.0,1,0.0,2.0,20.0,0.0,1
2026-03-27 11:28:55,175.76,0.0,4.0,20.0,0.0,1,0.0,0.0,20.0,0.0,1,0.0,2.0,20.0,0.0,1,0.0,1.0,20.0,0.0,1,0.0,0.0,20.0,0.0,1,0.0,2.0,20.0,0.0,1
2026-03-27 11:28:56,176.51,0.0,4.0,20.0,0.0,1,0.0,0.0,20.0,0.0,1,0.0,2.0,20.0,0.0,1,0.0,1.0,20.0,0.0,1,0.0,0.0,20.0,0.0,1,0.0,2.0,20.0,0.0,1
2026-03-27 11:28:57,177.25,0.0,4.0,20.0,0.0,1,0.0,0.0,20.0,0.0,1,0.0,2.0,20.0,0.0,1,0.0,1.0,20.0,0.0,1,0.0,0.0,20.0,0.0,1,0.0,2.0,20.0,0.0,1
2026-03-27 11:28:58,178.0,0.0,4.0,20.0,0.0,1,0.0,0.0,20.0,0.0,1,0.0,2.0,20.0,0.0,1,0.0,1.0,20.0,0.0,1,0.0,0.0,20.0,0.0,1,0.0,2.0,20.0,0.0,1
2026-03-27 11:28:58,178.78,0.0,4.0,20.0,0.0,1,0.0,0.0,20.0,0.0,1,0.0,2.0,20.0,0.0,1,0.0,1.0,20.0,0.0,1,0.0,0.0,20.0,0.0,1,0.0,2.0,20.0,0.0,1
2026-03-27 11:28:59,179.52,0.0,4.0,20.0,0.0,1,0.0,0.0,20.0,0.0,1,0.0,2.0,20.0,0.0,1,0.0,1.0,20.0,0.0,1,0.0,0.0,20.0,0.0,1,0.0,2.0,20.0,0.0,1
2026-03-27 11:29:00,180.26,0.0,4.0,20.0,0.0,1,0.0,0.0,20.0,0.0,1,0.0,2.0,20.0,0.0,1,0.0,1.0,20.0,0.0,1,0.0,0.0,20.0,0.0,1,0.0,2.0,20.0,0.0,1
2026-03-27 11:29:01,181.01,0.0,4.0,20.0,0.0,1,0.0,0.0,20.0,0.0,1,0.0,2.0,20.0,0.0,1,0.0,1.0,20.0,0.0,1,0.0,0.0,20.0,0.0,1,0.0,2.0,20.0,0.0,1
2026-03-27 11:29:01,181.76,0.0,4.0,20.0,0.0,1,0.0,0.0,20.0,0.0,1,0.0,2.0,20.0,0.0,1,0.0,1.0,20.0,0.0,1,0.0,0.0,20.0,0.0,1,0.0,2.0,20.0,0.0,1
2026-03-27 11:29:02,182.51,0.0,4.0,20.0,0.0,1,0.0,0.0,20.0,0.0,1,0.0,2.0,20.0,0.0,1,0.0,1.0,20.0,0.0,1,0.0,0.0,20.0,0.0,1,0.0,2.0,20.0,0.0,1
2026-03-27 11:29:03,183.25,0.0,4.0,20.0,0.0,1,0.0,0.0,20.0,0.0,1,0.0,2.0,20.0,0.0,1,0.0,1.0,20.0,0.0,1,0.0,0.0,20.0,0.0,1,0.0,2.0,20.0,0.0,1
2026-03-27 11:29:04,184.04,0.0,4.0,20.0,0.0,1,0.0,0.0,20.0,0.0,1,0.0,2.0,20.0,0.0,1,0.0,1.0,20.0,0.0,1,0.0,0.0,20.0,0.0,1,0.0,2.0,20.0,0.0,1
2026-03-27 11:29:04,184.79,0.0,4.0,20.0,0.0,1,0.0,0.0,20.0,0.0,1,0.0,2.0,20.0,0.0,1,0.0,1.0,20.0,0.0,1,0.0,0.0,20.0,0.0,1,0.0,2.0,20.0,0.0,1
2026-03-27 11:29:05,185.53,0.0,4.0,20.0,0.0,1,0.0,0.0,20.0,0.0,1,0.0,2.0,20.0,0.0,1,0.0,1.0,20.0,0.0,1,0.0,0.0,20.0,0.0,1,0.0,2.0,20.0,0.0,1
2026-03-27 11:29:06,186.27,0.0,4.0,20.0,0.0,1,0.0,0.0,20.0,0.0,1,0.0,2.0,20.0,0.0,1,0.0,1.0,20.0,0.0,1,0.0,0.0,20.0,0.0,1,0.0,2.0,20.0,0.0,1
2026-03-27 11:29:07,187.02,0.0,4.0,20.0,0.0,1,0.0,0.0,20.0,0.0,1,0.0,2.0,20.0,0.0,1,0.0,1.0,20.0,0.0,1,0.0,0.0,20.0,0.0,1,0.0,2.0,20.0,0.0,1
2026-03-27 11:29:07,187.78,0.0,4.0,20.0,0.0,1,0.0,0.0,20.0,0.0,1,0.0,2.0,20.0,0.0,1,0.0,1.0,20.0,0.0,1,0.0,0.0,20.0,0.0,1,0.0,2.0,20.0,0.0,1
2026-03-27 11:29:08,188.53,0.0,4.0,20.0,0.0,1,0.0,0.0,20.0,0.0,1,0.0,2.0,20.0,0.0,1,0.0,1.0,20.0,0.0,1,0.0,0.0,20.0,0.0,1,0.0,2.0,20.0,0.0,1
2026-03-27 11:29:09,189.27,0.0,4.0,20.0,0.0,1,0.0,0.0,20.0,0.0,1,0.0,2.0,20.0,0.0,1,0.0,1.0,20.0,0.0,1,0.0,0.0,20.0,0.0,1,0.0,2.0,20.0,0.0,1
2026-03-27 11:29:10,190.04,0.0,4.0,20.0,0.0,1,0.0,0.0,20.0,0.0,1,0.0,2.0,20.0,0.0,1,0.0,1.0,20.0,0.0,1,0.0,0.0,20.0,0.0,1,0.0,2.0,20.0,0.0,1
2026-03-27 11:29:10,190.81,0.0,4.0,20.0,0.0,1,0.0,0.0,20.0,0.0,1,0.0,2.0,20.0,0.0,1,0.0,1.0,20.0,0.0,1,0.0,0.0,20.0,0.0,1,0.0,2.0,20.0,0.0,1
2026-03-27 11:29:11,191.54,0.0,4.0,20.0,0.0,1,0.0,0.0,20.0,0.0,1,0.0,2.0,20.0,0.0,1,0.0,1.0,20.0,0.0,1,0.0,0.0,20.0,0.0,1,0.0,2.0,20.0,0.0,1
2026-03-27 11:29:12,192.28,0.0,4.0,20.0,0.0,1,0.0,0.0,20.0,0.0,1,0.0,2.0,20.0,0.0,1,0.0,1.0,20.0,0.0,1,0.0,0.0,20.0,0.0,1,0.0,2.0,20.0,0.0,1
2026-03-27 11:29:13,193.04,0.0,4.0,20.0,0.0,1,0.0,0.0,20.0,0.0,1,0.0,2.0,20.0,0.0,1,0.0,1.0,20.0,0.0,1,0.0,0.0,20.0,0.0,1,0.0,2.0,20.0,0.0,1
2026-03-27 11:29:13,193.79,0.0,4.0,20.0,0.0,1,0.0,0.0,20.0,0.0,1,0.0,2.0,20.0,0.0,1,0.0,1.0,20.0,0.0,1,0.0,0.0,20.0,0.0,1,0.0,2.0,20.0,0.0,1
2026-03-27 11:29:14,194.52,0.0,4.0,20.0,0.0,1,0.0,0.0,20.0,0.0,1,0.0,2.0,20.0,0.0,1,0.0,1.0,20.0,0.0,1,0.0,0.0,20.0,0.0,1,0.0,2.0,20.0,0.0,1
2026-03-27 11:29:15,195.26,0.0,4.0,20.0,0.0,1,0.0,0.0,20.0,0.0,1,0.0,2.0,20.0,0.0,1,0.0,1.0,20.0,0.0,1,0.0,0.0,20.0,0.0,1,0.0,2.0,20.0,0.0,1
2026-03-27 11:29:16,195.99,0.0,4.0,20.0,0.0,1,0.0,0.0,20.0,0.0,1,0.0,2.0,20.0,0.0,1,0.0,1.0,20.0,0.0,1,0.0,0.0,20.0,0.0,1,0.0,2.0,20.0,0.0,1
2026-03-27 11:29:16,196.71,0.0,4.0,20.0,0.0,1,0.0,0.0,20.0,0.0,1,0.0,2.0,20.0,0.0,1,0.0,1.0,20.0,0.0,1,0.0,0.0,20.0,0.0,1,0.0,2.0,20.0,0.0,1
2026-03-27 11:29:17,197.48,0.0,4.0,20.0,0.0,1,0.0,0.0,20.0,0.0,1,0.0,2.0,20.0,0.0,1,0.0,1.0,20.0,0.0,1,0.0,0.0,20.0,0.0,1,0.0,2.0,20.0,0.0,1
2026-03-27 11:29:18,198.21,0.0,4.0,20.0,0.0,1,0.0,0.0,20.0,0.0,1,0.0,2.0,20.0,0.0,1,0.0,1.0,20.0,0.0,1,0.0,0.0,20.0,0.0,1,0.0,2.0,20.0,0.0,1
2026-03-27 11:29:19,198.95,0.0,4.0,20.0,0.0,1,0.0,0.0,20.0,0.0,1,0.0,2.0,20.0,0.0,1,0.0,1.0,20.0,0.0,1,0.0,0.0,20.0,0.0,1,0.0,2.0,20.0,0.0,1
2026-03-27 11:29:19,199.68,0.0,4.0,20.0,0.0,1,0.0,0.0,20.0,0.0,1,0.0,2.0,20.0,0.0,1,0.0,1.0,20.0,0.0,1,0.0,0.0,20.0,0.0,1,0.0,2.0,20.0,0.0,1
2026-03-27 11:29:20,200.41,0.0,4.0,20.0,0.0,1,0.0,0.0,20.0,0.0,1,0.0,2.0,20.0,0.0,1,0.0,1.0,20.0,0.0,1,0.0,0.0,20.0,0.0,1,0.0,2.0,20.0,0.0,1
2026-03-27 11:29:21,201.16,0.0,4.0,20.0,0.0,1,0.0,0.0,20.0,0.0,1,0.0,2.0,20.0,0.0,1,0.0,1.0,20.0,0.0,1,0.0,0.0,20.0,0.0,1,0.0,2.0,20.0,0.0,1
2026-03-27 11:29:21,201.9,0.0,4.0,20.0,0.0,1,0.0,0.0,20.0,0.0,1,0.0,2.0,20.0,0.0,1,0.0,1.0,20.0,0.0,1,0.0,0.0,20.0,0.0,1,0.0,2.0,20.0,0.0,1
2026-03-27 11:29:22,202.65,0.0,4.0,20.0,0.0,1,0.0,0.0,20.0,0.0,1,0.0,2.0,20.0,0.0,1,0.0,1.0,20.0,0.0,1,0.0,0.0,20.0,0.0,1,0.0,2.0,20.0,0.0,1
2026-03-27 11:29:23,203.38,0.0,4.0,20.0,0.0,1,0.0,0.0,20.0,0.0,1,0.0,2.0,20.0,0.0,1,0.0,1.0,20.0,0.0,1,0.0,0.0,20.0,0.0,1,0.0,2.0,20.0,0.0,1
2026-03-27 11:29:24,204.2,0.0,4.0,20.0,0.0,1,0.0,0.0,20.0,0.0,1,0.0,2.0,20.0,0.0,1,0.0,1.0,20.0,0.0,1,0.0,0.0,20.0,0.0,1,0.0,2.0,20.0,0.0,1
2026-03-27 11:29:25,204.97,0.0,4.0,20.0,0.0,1,0.0,0.0,20.0,0.0,1,0.0,2.0,20.0,0.0,1,0.0,1.0,20.0,0.0,1,0.0,0.0,20.0,0.0,1,0.0,2.0,20.0,0.0,1
2026-03-27 11:29:25,205.76,0.0,4.0,20.0,0.0,1,0.0,0.0,20.0,0.0,1,0.0,2.0,20.0,0.0,1,0.0,1.0,20.0,0.0,1,0.0,0.0,20.0,0.0,1,0.0,2.0,20.0,0.0,1
2026-03-27 11:29:26,206.49,0.0,4.0,20.0,0.0,1,0.0,0.0,20.0,0.0,1,0.0,2.0,20.0,0.0,1,0.0,1.0,20.0,0.0,1,0.0,0.0,20.0,0.0,1,0.0,2.0,20.0,0.0,1
2026-03-27 11:29:27,207.36,0.0,4.0,20.0,0.0,1,0.0,0.0,20.0,0.0,1,0.0,2.0,20.0,0.0,1,0.0,1.0,20.0,0.0,1,0.0,0.0,20.0,0.0,1,0.0,2.0,20.0,0.0,1
2026-03-27 11:29:28,208.13,0.0,4.0,20.0,0.0,1,0.0,0.0,20.0,0.0,1,0.0,2.0,20.0,0.0,1,0.0,1.0,20.0,0.0,1,0.0,0.0,20.0,0.0,1,0.0,2.0,20.0,0.0,1
2026-03-27 11:29:28,208.9,0.0,4.0,20.0,0.0,1,0.0,0.0,20.0,0.0,1,0.0,2.0,20.0,0.0,1,0.0,1.0,20.0,0.0,1,0.0,0.0,20.0,0.0,1,0.0,2.0,20.0,0.0,1
2026-03-27 11:29:29,209.66,0.0,4.0,20.0,0.0,1,0.0,0.0,20.0,0.0,1,0.0,2.0,20.0,0.0,1,0.0,1.0,20.0,0.0,1,0.0,0.0,20.0,0.0,1,0.0,2.0,20.0,0.0,1
2026-03-27 11:29:30,210.43,0.0,4.0,20.0,0.0,1,0.0,0.0,20.0,0.0,1,0.0,2.0,20.0,0.0,1,0.0,1.0,20.0,0.0,1,0.0,0.0,20.0,0.0,1,0.0,2.0,20.0,0.0,1
2026-03-27 11:29:31,211.16,0.0,4.0,20.0,0.0,1,0.0,0.0,20.0,0.0,1,0.0,2.0,20.0,0.0,1,0.0,1.0,20.0,0.0,1,0.0,0.0,20.0,0.0,1,0.0,2.0,20.0,0.0,1
2026-03-27 11:29:32,211.96,0.0,4.0,20.0,0.0,1,0.0,0.0,20.0,0.0,1,0.0,2.0,20.0,0.0,1,0.0,1.0,20.0,0.0,1,0.0,0.0,20.0,0.0,1,0.0,2.0,20.0,0.0,1
2026-03-27 11:29:32,212.72,0.0,4.0,20.0,0.0,1,0.0,0.0,20.0,0.0,1,0.0,2.0,20.0,0.0,1,0.0,1.0,20.0,0.0,1,0.0,0.0,20.0,0.0,1,0.0,2.0,20.0,0.0,1
2026-03-27 11:29:33,213.49,0.0,4.0,20.0,0.0,1,0.0,0.0,20.0,0.0,1,0.0,2.0,20.0,0.0,1,0.0,1.0,20.0,0.0,1,0.0,0.0,20.0,0.0,1,0.0,2.0,20.0,0.0,1
2026-03-27 11:29:34,214.25,0.0,4.0,20.0,0.0,1,0.0,0.0,20.0,0.0,1,0.0,2.0,20.0,0.0,1,0.0,1.0,20.0,0.0,1,0.0,0.0,20.0,0.0,1,0.0,2.0,20.0,0.0,1
2026-03-27 11:29:35,215.0,0.0,4.0,20.0,0.0,1,0.0,0.0,20.0,0.0,1,0.0,2.0,20.0,0.0,1,0.0,1.0,20.0,0.0,1,0.0,0.0,20.0,0.0,1,0.0,2.0,20.0,0.0,1
2026-03-27 11:29:35,215.77,0.0,4.0,20.0,0.0,1,0.0,0.0,20.0,0.0,1,0.0,2.0,20.0,0.0,1,0.0,1.0,20.0,0.0,1,0.0,0.0,20.0,0.0,1,0.0,2.0,20.0,0.0,1
2026-03-27 11:29:36,216.51,0.0,4.0,20.0,0.0,1,0.0,0.0,20.0,0.0,1,0.0,2.0,20.0,0.0,1,0.0,1.0,20.0,0.0,1,0.0,0.0,20.0,0.0,1,0.0,2.0,20.0,0.0,1
2026-03-27 11:29:37,217.28,0.0,4.0,20.0,0.0,1,0.0,0.0,20.0,0.0,1,0.0,2.0,20.0,0.0,1,0.0,1.0,20.0,0.0,1,0.0,0.0,20.0,0.0,1,0.0,2.0,20.0,0.0,1
2026-03-27 11:29:38,218.02,0.0,4.0,20.0,0.0,1,0.0,0.0,20.0,0.0,1,0.0,2.0,20.0,0.0,1,0.0,1.0,20.0,0.0,1,0.0,0.0,20.0,0.0,1,0.0,2.0,20.0,0.0,1
2026-03-27 11:29:38,218.77,0.0,4.0,20.0,0.0,1,0.0,0.0,20.0,0.0,1,0.0,2.0,20.0,0.0,1,0.0,1.0,20.0,0.0,1,0.0,0.0,20.0,0.0,1,0.0,2.0,20.0,0.0,1
2026-03-27 11:29:39,219.56,0.0,4.0,20.0,0.0,1,0.0,0.0,20.0,0.0,1,0.0,2.0,20.0,0.0,1,0.0,1.0,20.0,0.0,1,0.0,0.0,20.0,0.0,1,0.0,2.0,20.0,0.0,1
2026-03-27 11:29:40,220.3,0.0,4.0,20.0,0.0,1,0.0,0.0,20.0,0.0,1,0.0,2.0,20.0,0.0,1,0.0,1.0,20.0,0.0,1,0.0,0.0,20.0,0.0,1,0.0,2.0,20.0,0.0,1
2026-03-27 11:29:41,221.05,0.0,4.0,20.0,0.0,1,0.0,0.0,20.0,0.0,1,0.0,2.0,20.0,0.0,1,0.0,1.0,20.0,0.0,1,0.0,0.0,20.0,0.0,1,0.0,2.0,20.0,0.0,1
2026-03-27 11:29:41,221.81,0.0,4.0,20.0,0.0,1,0.0,0.0,20.0,0.0,1,0.0,2.0,20.0,0.0,1,0.0,1.0,20.0,0.0,1,0.0,0.0,20.0,0.0,1,0.0,2.0,20.0,0.0,1
2026-03-27 11:29:42,222.55,0.0,4.0,20.0,0.0,1,0.0,0.0,20.0,0.0,1,0.0,2.0,20.0,0.0,1,0.0,1.0,20.0,0.0,1,0.0,0.0,20.0,0.0,1,0.0,2.0,20.0,0.0,1
2026-03-27 11:29:43,223.3,0.0,4.0,20.0,0.0,1,0.0,0.0,20.0,0.0,1,0.0,2.0,20.0,0.0,1,0.0,1.0,20.0,0.0,1,0.0,0.0,20.0,0.0,1,0.0,2.0,20.0,0.0,1
2026-03-27 11:29:44,224.04,0.0,4.0,20.0,0.0,1,0.0,0.0,20.0,0.0,1,0.0,2.0,20.0,0.0,1,0.0,1.0,20.0,0.0,1,0.0,0.0,20.0,0.0,1,0.0,2.0,20.0,0.0,1
2026-03-27 11:29:44,224.81,0.0,4.0,20.0,0.0,1,0.0,0.0,20.0,0.0,1,0.0,2.0,20.0,0.0,1,0.0,1.0,20.0,0.0,1,0.0,0.0,20.0,0.0,1,0.0,2.0,20.0,0.0,1
2026-03-27 11:29:45,225.58,0.0,4.0,20.0,0.0,1,0.0,0.0,20.0,0.0,1,0.0,2.0,20.0,0.0,1,0.0,1.0,20.0,0.0,1,0.0,0.0,20.0,0.0,1,0.0,2.0,20.0,0.0,1
2026-03-27 11:29:46,226.34,0.0,4.0,20.0,0.0,1,0.0,0.0,20.0,0.0,1,0.0,2.0,20.0,0.0,1,0.0,1.0,20.0,0.0,1,0.0,0.0,20.0,0.0,1,0.0,2.0,20.0,0.0,1
2026-03-27 11:29:47,227.13,0.0,4.0,20.0,0.0,1,0.0,0.0,20.0,0.0,1,0.0,2.0,20.0,0.0,1,0.0,1.0,20.0,0.0,1,0.0,0.0,20.0,0.0,1,0.0,2.0,20.0,0.0,1
2026-03-27 11:29:47,227.87,0.0,4.0,20.0,0.0,1,0.0,0.0,20.0,0.0,1,0.0,2.0,20.0,0.0,1,0.0,1.0,20.0,0.0,1,0.0,0.0,20.0,0.0,1,0.0,2.0,20.0,0.0,1
2026-03-27 11:29:48,228.63,0.0,4.0,20.0,0.0,1,0.0,0.0,20.0,0.0,1,0.0,2.0,20.0,0.0,1,0.0,1.0,20.0,0.0,1,0.0,0.0,20.0,0.0,1,0.0,2.0,20.0,0.0,1
2026-03-27 11:29:49,229.37,0.0,4.0,20.0,0.0,1,0.0,0.0,20.0,0.0,1,0.0,2.0,20.0,0.0,1,0.0,1.0,20.0,0.0,1,0.0,0.0,20.0,0.0,1,0.0,2.0,20.0,0.0,1
2026-03-27 11:29:50,230.15,0.0,4.0,20.0,0.0,1,0.0,0.0,20.0,0.0,1,0.0,2.0,20.0,0.0,1,0.0,1.0,20.0,0.0,1,0.0,0.0,20.0,0.0,1,0.0,2.0,20.0,0.0,1
2026-03-27 11:29:50,230.91,0.0,4.0,20.0,0.0,1,0.0,0.0,20.0,0.0,1,0.0,2.0,20.0,0.0,1,0.0,1.0,20.0,0.0,1,0.0,0.0,20.0,0.0,1,0.0,2.0,20.0,0.0,1
2026-03-27 11:29:51,231.71,0.0,4.0,20.0,0.0,1,0.0,0.0,20.0,0.0,1,0.0,2.0,20.0,0.0,1,0.0,1.0,20.0,0.0,1,0.0,0.0,20.0,0.0,1,0.0,2.0,20.0,0.0,1
2026-03-27 11:29:52,232.48,0.0,4.0,20.0,0.0,1,0.0,0.0,20.0,0.0,1,0.0,2.0,20.0,0.0,1,0.0,1.0,20.0,0.0,1,0.0,0.0,20.0,0.0,1,0.0,2.0,20.0,0.0,1
2026-03-27 11:29:53,233.24,0.0,4.0,20.0,0.0,1,0.0,0.0,20.0,0.0,1,0.0,2.0,20.0,0.0,1,0.0,1.0,20.0,0.0,1,0.0,0.0,20.0,0.0,1,0.0,2.0,20.0,0.0,1
2026-03-27 11:29:54,233.98,0.0,4.0,20.0,0.0,1,0.0,0.0,20.0,0.0,1,0.0,2.0,20.0,0.0,1,0.0,1.0,20.0,0.0,1,0.0,0.0,20.0,0.0,1,0.0,2.0,20.0,0.0,1
2026-03-27 11:29:54,234.77,0.0,4.0,20.0,0.0,1,0.0,0.0,20.0,0.0,1,0.0,2.0,20.0,0.0,1,0.0,1.0,20.0,0.0,1,0.0,0.0,20.0,0.0,1,0.0,2.0,20.0,0.0,1
2026-03-27 11:29:55,235.52,0.0,4.0,20.0,0.0,1,0.0,0.0,20.0,0.0,1,0.0,2.0,20.0,0.0,1,0.0,1.0,20.0,0.0,1,0.0,0.0,20.0,0.0,1,0.0,2.0,20.0,0.0,1
2026-03-27 11:29:56,236.27,0.0,4.0,20.0,0.0,1,0.0,0.0,20.0,0.0,1,0.0,2.0,20.0,0.0,1,0.0,1.0,20.0,0.0,1,0.0,0.0,20.0,0.0,1,0.0,2.0,20.0,0.0,1
2026-03-27 11:29:57,237.0,0.0,4.0,20.0,0.0,1,0.0,0.0,20.0,0.0,1,0.0,2.0,20.0,0.0,1,0.0,1.0,20.0,0.0,1,0.0,0.0,20.0,0.0,1,0.0,2.0,20.0,0.0,1
2026-03-27 11:29:57,237.77,0.0,4.0,20.0,0.0,1,0.0,0.0,20.0,0.0,1,0.0,2.0,20.0,0.0,1,0.0,1.0,20.0,0.0,1,0.0,0.0,20.0,0.0,1,0.0,2.0,20.0,0.0,1
2026-03-27 11:29:58,238.5,0.0,4.0,20.0,0.0,1,0.0,0.0,20.0,0.0,1,0.0,2.0,20.0,0.0,1,0.0,1.0,20.0,0.0,1,0.0,0.0,20.0,0.0,1,0.0,2.0,20.0,0.0,1
2026-03-27 11:29:59,239.23,0.0,4.0,20.0,0.0,1,0.0,0.0,20.0,0.0,1,0.0,2.0,20.0,0.0,1,0.0,1.0,20.0,0.0,1,0.0,0.0,20.0,0.0,1,0.0,2.0,20.0,0.0,1
2026-03-27 11:30:00,239.98,0.0,4.0,20.0,0.0,1,0.0,0.0,20.0,0.0,1,0.0,2.0,20.0,0.0,1,0.0,1.0,20.0,0.0,1,0.0,0.0,20.0,0.0,1,0.0,2.0,20.0,0.0,1
2026-03-27 11:30:00,240.73,0.0,4.0,20.0,0.0,1,0.0,0.0,20.0,0.0,1,0.0,2.0,20.0,0.0,1,0.0,1.0,20.0,0.0,1,0.0,0.0,20.0,0.0,1,0.0,2.0,20.0,0.0,1
2026-03-27 11:30:01,241.47,0.0,4.0,20.0,0.0,1,0.0,0.0,20.0,0.0,1,0.0,2.0,20.0,0.0,1,0.0,1.0,20.0,0.0,1,0.0,0.0,20.0,0.0,1,0.0,2.0,20.0,0.0,1
2026-03-27 11:30:02,242.22,0.0,4.0,20.0,0.0,1,0.0,0.0,20.0,0.0,1,0.0,2.0,20.0,0.0,1,0.0,1.0,20.0,0.0,1,0.0,0.0,20.0,0.0,1,0.0,2.0,20.0,0.0,1
2026-03-27 11:30:03,242.96,0.0,4.0,20.0,0.0,1,0.0,0.0,20.0,0.0,1,0.0,2.0,20.0,0.0,1,0.0,1.0,20.0,0.0,1,0.0,0.0,20.0,0.0,1,0.0,2.0,20.0,0.0,1
2026-03-27 11:30:03,243.72,0.0,4.0,20.0,0.0,1,0.0,0.0,20.0,0.0,1,0.0,2.0,20.0,0.0,1,0.0,1.0,20.0,0.0,1,0.0,0.0,20.0,0.0,1,0.0,2.0,20.0,0.0,1
2026-03-27 11:30:04,244.48,0.0,4.0,20.0,0.0,1,0.0,0.0,20.0,0.0,1,0.0,2.0,20.0,0.0,1,0.0,1.0,20.0,0.0,1,0.0,0.0,20.0,0.0,1,0.0,2.0,20.0,0.0,1
2026-03-27 11:30:05,245.22,0.0,4.0,20.0,0.0,1,0.0,0.0,20.0,0.0,1,0.0,2.0,20.0,0.0,1,0.0,1.0,20.0,0.0,1,0.0,0.0,20.0,0.0,1,0.0,2.0,20.0,0.0,1
2026-03-27 11:30:06,245.96,0.0,4.0,20.0,0.0,1,0.0,0.0,20.0,0.0,1,0.0,2.0,20.0,0.0,1,0.0,1.0,20.0,0.0,1,0.0,0.0,20.0,0.0,1,0.0,2.0,20.0,0.0,1
2026-03-27 11:30:06,246.71,0.0,4.0,20.0,0.0,1,0.0,0.0,20.0,0.0,1,0.0,2.0,20.0,0.0,1,0.0,1.0,20.0,0.0,1,0.0,0.0,20.0,0.0,1,0.0,2.0,20.0,0.0,1
2026-03-27 11:30:07,247.45,0.0,4.0,20.0,0.0,1,0.0,0.0,20.0,0.0,1,0.0,2.0,20.0,0.0,1,0.0,1.0,20.0,0.0,1,0.0,0.0,20.0,0.0,1,0.0,2.0,20.0,0.0,1
2026-03-27 11:30:08,248.18,0.0,4.0,20.0,0.0,1,0.0,0.0,20.0,0.0,1,0.0,2.0,20.0,0.0,1,0.0,1.0,20.0,0.0,1,0.0,0.0,20.0,0.0,1,0.0,2.0,20.0,0.0,1
2026-03-27 11:30:09,248.94,0.0,4.0,20.0,0.0,1,0.0,0.0,20.0,0.0,1,0.0,2.0,20.0,0.0,1,0.0,1.0,20.0,0.0,1,0.0,0.0,20.0,0.0,1,0.0,2.0,20.0,0.0,1
2026-03-27 11:30:09,249.68,0.0,4.0,20.0,0.0,1,0.0,0.0,20.0,0.0,1,0.0,2.0,20.0,0.0,1,0.0,1.0,20.0,0.0,1,0.0,0.0,20.0,0.0,1,0.0,2.0,20.0,0.0,1
2026-03-27 11:30:10,250.42,0.0,4.0,20.0,0.0,1,0.0,0.0,20.0,0.0,1,0.0,2.0,20.0,0.0,1,0.0,1.0,20.0,0.0,1,0.0,0.0,20.0,0.0,1,0.0,2.0,20.0,0.0,1
2026-03-27 11:30:11,251.15,0.0,4.0,20.0,0.0,1,0.0,0.0,20.0,0.0,1,0.0,2.0,20.0,0.0,1,0.0,1.0,20.0,0.0,1,0.0,0.0,20.0,0.0,1,0.0,2.0,20.0,0.0,1
2026-03-27 11:30:11,251.89,0.0,4.0,20.0,0.0,1,0.0,0.0,20.0,0.0,1,0.0,2.0,20.0,0.0,1,0.0,1.0,20.0,0.0,1,0.0,0.0,20.0,0.0,1,0.0,2.0,20.0,0.0,1
2026-03-27 11:30:12,252.63,0.0,4.0,20.0,0.0,1,0.0,0.0,20.0,0.0,1,0.0,2.0,20.0,0.0,1,0.0,1.0,20.0,0.0,1,0.0,0.0,20.0,0.0,1,0.0,2.0,20.0,0.0,1
2026-03-27 11:30:13,253.35,0.0,4.0,20.0,0.0,1,0.0,0.0,20.0,0.0,1,0.0,2.0,20.0,0.0,1,0.0,1.0,20.0,0.0,1,0.0,0.0,20.0,0.0,1,0.0,2.0,20.0,0.0,1
2026-03-27 11:30:14,254.08,0.0,4.0,20.0,0.0,1,0.0,0.0,20.0,0.0,1,0.0,2.0,20.0,0.0,1,0.0,1.0,20.0,0.0,1,0.0,0.0,20.0,0.0,1,0.0,2.0,20.0,0.0,1
2026-03-27 11:30:14,254.82,0.0,4.0,20.0,0.0,1,0.0,0.0,20.0,0.0,1,0.0,2.0,20.0,0.0,1,0.0,1.0,20.0,0.0,1,0.0,0.0,20.0,0.0,1,0.0,2.0,20.0,0.0,1
2026-03-27 11:30:15,255.56,0.0,4.0,20.0,0.0,1,0.0,0.0,20.0,0.0,1,0.0,2.0,20.0,0.0,1,0.0,1.0,20.0,0.0,1,0.0,0.0,20.0,0.0,1,0.0,2.0,20.0,0.0,1
2026-03-27 11:30:16,256.29,0.0,4.0,20.0,0.0,1,0.0,0.0,20.0,0.0,1,0.0,2.0,20.0,0.0,1,0.0,1.0,20.0,0.0,1,0.0,0.0,20.0,0.0,1,0.0,2.0,20.0,0.0,1
2026-03-27 11:30:17,257.02,0.0,4.0,20.0,0.0,1,0.0,0.0,20.0,0.0,1,0.0,2.0,20.0,0.0,1,0.0,1.0,20.0,0.0,1,0.0,0.0,20.0,0.0,1,0.0,2.0,20.0,0.0,1
2026-03-27 11:30:17,257.74,0.0,4.0,20.0,0.0,1,0.0,0.0,20.0,0.0,1,0.0,2.0,20.0,0.0,1,0.0,1.0,20.0,0.0,1,0.0,0.0,20.0,0.0,1,0.0,2.0,20.0,0.0,1
2026-03-27 11:30:18,258.5,0.0,4.0,20.0,0.0,1,0.0,0.0,20.0,0.0,1,0.0,2.0,20.0,0.0,1,0.0,1.0,20.0,0.0,1,0.0,0.0,20.0,0.0,1,0.0,2.0,20.0,0.0,1
2026-03-27 11:30:19,259.23,0.0,4.0,20.0,0.0,1,0.0,0.0,20.0,0.0,1,0.0,2.0,20.0,0.0,1,0.0,1.0,20.0,0.0,1,0.0,0.0,20.0,0.0,1,0.0,2.0,20.0,0.0,1
2026-03-27 11:30:20,259.98,0.0,4.0,20.0,0.0,1,0.0,0.0,20.0,0.0,1,0.0,2.0,20.0,0.0,1,0.0,1.0,20.0,0.0,1,0.0,0.0,20.0,0.0,1,0.0,2.0,20.0,0.0,1
2026-03-27 11:30:20,260.71,0.0,4.0,20.0,0.0,1,0.0,0.0,20.0,0.0,1,0.0,2.0,20.0,0.0,1,0.0,1.0,20.0,0.0,1,0.0,0.0,20.0,0.0,1,0.0,2.0,20.0,0.0,1
2026-03-27 11:30:21,261.45,0.0,4.0,20.0,0.0,1,0.0,0.0,20.0,0.0,1,0.0,2.0,20.0,0.0,1,0.0,1.0,20.0,0.0,1,0.0,0.0,20.0,0.0,1,0.0,2.0,20.0,0.0,1
2026-03-27 11:30:22,262.18,0.0,4.0,20.0,0.0,1,0.0,0.0,20.0,0.0,1,0.0,2.0,20.0,0.0,1,0.0,1.0,20.0,0.0,1,0.0,0.0,20.0,0.0,1,0.0,2.0,20.0,0.0,1
2026-03-27 11:30:22,262.92,0.0,4.0,20.0,0.0,1,0.0,0.0,20.0,0.0,1,0.0,2.0,20.0,0.0,1,0.0,1.0,20.0,0.0,1,0.0,0.0,20.0,0.0,1,0.0,2.0,20.0,0.0,1
2026-03-27 11:30:23,263.66,0.0,4.0,20.0,0.0,1,0.0,0.0,20.0,0.0,1,0.0,2.0,20.0,0.0,1,0.0,1.0,20.0,0.0,1,0.0,0.0,20.0,0.0,1,0.0,2.0,20.0,0.0,1
2026-03-27 11:30:24,264.38,0.0,4.0,20.0,0.0,1,0.0,0.0,20.0,0.0,1,0.0,2.0,20.0,0.0,1,0.0,1.0,20.0,0.0,1,0.0,0.0,20.0,0.0,1,0.0,2.0,20.0,0.0,1
2026-03-27 11:30:25,265.15,0.0,4.0,20.0,0.0,1,0.0,0.0,20.0,0.0,1,0.0,2.0,20.0,0.0,1,0.0,1.0,20.0,0.0,1,0.0,0.0,20.0,0.0,1,0.0,2.0,20.0,0.0,1
2026-03-27 11:30:25,265.9,0.0,4.0,20.0,0.0,1,0.0,0.0,20.0,0.0,1,0.0,2.0,20.0,0.0,1,0.0,1.0,20.0,0.0,1,0.0,0.0,20.0,0.0,1,0.0,2.0,20.0,0.0,1
2026-03-27 11:30:26,266.73,0.0,4.0,20.0,0.0,1,0.0,0.0,20.0,0.0,1,0.0,2.0,20.0,0.0,1,0.0,1.0,20.0,0.0,1,0.0,0.0,20.0,0.0,1,0.0,2.0,20.0,0.0,1
2026-03-27 11:30:27,267.44,0.0,4.0,20.0,0.0,1,0.0,0.0,20.0,0.0,1,0.0,2.0,20.0,0.0,1,0.0,1.0,20.0,0.0,1,0.0,0.0,20.0,0.0,1,0.0,2.0,20.0,0.0,1
2026-03-27 11:30:28,268.19,0.0,4.0,20.0,0.0,1,0.0,0.0,20.0,0.0,1,0.0,2.0,20.0,0.0,1,0.0,1.0,20.0,0.0,1,0.0,0.0,20.0,0.0,1,0.0,2.0,20.0,0.0,1
2026-03-27 11:30:28,268.92,0.0,4.0,20.0,0.0,1,0.0,0.0,20.0,0.0,1,0.0,2.0,20.0,0.0,1,0.0,1.0,20.0,0.0,1,0.0,0.0,20.0,0.0,1,0.0,2.0,20.0,0.0,1
2026-03-27 11:30:29,269.65,0.0,4.0,20.0,0.0,1,0.0,0.0,20.0,0.0,1,0.0,2.0,20.0,0.0,1,0.0,1.0,20.0,0.0,1,0.0,0.0,20.0,0.0,1,0.0,2.0,20.0,0.0,1
2026-03-27 11:30:30,270.41,0.0,4.0,20.0,0.0,1,0.0,0.0,20.0,0.0,1,0.0,2.0,20.0,0.0,1,0.0,1.0,20.0,0.0,1,0.0,0.0,20.0,0.0,1,0.0,2.0,20.0,0.0,1
2026-03-27 11:30:31,271.23,0.0,4.0,20.0,0.0,1,0.0,0.0,20.0,0.0,1,0.0,2.0,20.0,0.0,1,0.0,1.0,20.0,0.0,1,0.0,0.0,20.0,0.0,1,0.0,2.0,20.0,0.0,1
2026-03-27 11:30:32,272.0,0.0,4.0,20.0,0.0,1,0.0,0.0,20.0,0.0,1,0.0,2.0,20.0,0.0,1,0.0,1.0,20.0,0.0,1,0.0,0.0,20.0,0.0,1,0.0,2.0,20.0,0.0,1
2026-03-27 11:30:32,272.73,0.0,4.0,20.0,0.0,1,0.0,0.0,20.0,0.0,1,0.0,2.0,20.0,0.0,1,0.0,1.0,20.0,0.0,1,0.0,0.0,20.0,0.0,1,0.0,2.0,20.0,0.0,1
2026-03-27 11:30:33,273.48,0.0,4.0,20.0,0.0,1,0.0,0.0,20.0,0.0,1,0.0,2.0,20.0,0.0,1,0.0,1.0,20.0,0.0,1,0.0,0.0,20.0,0.0,1,0.0,2.0,20.0,0.0,1
2026-03-27 11:30:34,274.22,0.0,4.0,20.0,0.0,1,0.0,0.0,20.0,0.0,1,0.0,2.0,20.0,0.0,1,0.0,1.0,20.0,0.0,1,0.0,0.0,20.0,0.0,1,0.0,2.0,20.0,0.0,1
2026-03-27 11:30:35,274.98,0.0,4.0,20.0,0.0,1,0.0,0.0,20.0,0.0,1,0.0,2.0,20.0,0.0,1,0.0,1.0,20.0,0.0,1,0.0,0.0,20.0,0.0,1,0.0,2.0,20.0,0.0,1
2026-03-27 11:30:35,275.76,0.0,4.0,20.0,0.0,1,0.0,0.0,20.0,0.0,1,0.0,2.0,20.0,0.0,1,0.0,1.0,20.0,0.0,1,0.0,0.0,20.0,0.0,1,0.0,2.0,20.0,0.0,1
2026-03-27 11:30:36,276.5,0.0,4.0,20.0,0.0,1,0.0,0.0,20.0,0.0,1,0.0,2.0,20.0,0.0,1,0.0,1.0,20.0,0.0,1,0.0,0.0,20.0,0.0,1,0.0,2.0,20.0,0.0,1
2026-03-27 11:30:37,277.24,0.0,4.0,20.0,0.0,1,0.0,0.0,20.0,0.0,1,0.0,2.0,20.0,0.0,1,0.0,1.0,20.0,0.0,1,0.0,0.0,20.0,0.0,1,0.0,2.0,20.0,0.0,1
2026-03-27 11:30:38,277.98,0.0,4.0,20.0,0.0,1,0.0,0.0,20.0,0.0,1,0.0,2.0,20.0,0.0,1,0.0,1.0,20.0,0.0,1,0.0,0.0,20.0,0.0,1,0.0,2.0,20.0,0.0,1
2026-03-27 11:30:38,278.73,0.0,4.0,20.0,0.0,1,0.0,0.0,20.0,0.0,1,0.0,2.0,20.0,0.0,1,0.0,1.0,20.0,0.0,1,0.0,0.0,20.0,0.0,1,0.0,2.0,20.0,0.0,1
2026-03-27 11:30:39,279.48,0.0,4.0,20.0,0.0,1,0.0,0.0,20.0,0.0,1,0.0,2.0,20.0,0.0,1,0.0,1.0,20.0,0.0,1,0.0,0.0,20.0,0.0,1,0.0,2.0,20.0,0.0,1
2026-03-27 11:30:40,280.26,0.0,4.0,20.0,0.0,1,0.0,0.0,20.0,0.0,1,0.0,2.0,20.0,0.0,1,0.0,1.0,20.0,0.0,1,0.0,0.0,20.0,0.0,1,0.0,2.0,20.0,0.0,1
2026-03-27 11:30:41,281.07,0.0,4.0,20.0,0.0,1,0.0,0.0,20.0,0.0,1,0.0,2.0,20.0,0.0,1,0.0,1.0,20.0,0.0,1,0.0,0.0,20.0,0.0,1,0.0,2.0,20.0,0.0,1
2026-03-27 11:30:41,281.81,0.0,4.0,20.0,0.0,1,0.0,0.0,20.0,0.0,1,0.0,2.0,20.0,0.0,1,0.0,1.0,20.0,0.0,1,0.0,0.0,20.0,0.0,1,0.0,2.0,20.0,0.0,1
2026-03-27 11:30:42,282.53,0.0,4.0,20.0,0.0,1,0.0,0.0,20.0,0.0,1,0.0,2.0,20.0,0.0,1,0.0,1.0,20.0,0.0,1,0.0,0.0,20.0,0.0,1,0.0,2.0,20.0,0.0,1
2026-03-27 11:30:43,283.27,0.0,4.0,20.0,0.0,1,0.0,0.0,20.0,0.0,1,0.0,2.0,20.0,0.0,1,0.0,1.0,20.0,0.0,1,0.0,0.0,20.0,0.0,1,0.0,2.0,20.0,0.0,1
2026-03-27 11:30:44,284.0,0.0,4.0,20.0,0.0,1,0.0,0.0,20.0,0.0,1,0.0,2.0,20.0,0.0,1,0.0,1.0,20.0,0.0,1,0.0,0.0,20.0,0.0,1,0.0,2.0,20.0,0.0,1
2026-03-27 11:30:44,284.8,0.0,4.0,20.0,0.0,1,0.0,0.0,20.0,0.0,1,0.0,2.0,20.0,0.0,1,0.0,1.0,20.0,0.0,1,0.0,0.0,20.0,0.0,1,0.0,2.0,20.0,0.0,1
2026-03-27 11:30:45,285.54,0.0,4.0,20.0,0.0,1,0.0,0.0,20.0,0.0,1,0.0,2.0,20.0,0.0,1,0.0,1.0,20.0,0.0,1,0.0,0.0,20.0,0.0,1,0.0,2.0,20.0,0.0,1
2026-03-27 11:30:46,286.28,0.0,4.0,20.0,0.0,1,0.0,0.0,20.0,0.0,1,0.0,2.0,20.0,0.0,1,0.0,1.0,20.0,0.0,1,0.0,0.0,20.0,0.0,1,0.0,2.0,20.0,0.0,1
2026-03-27 11:30:47,287.02,0.0,4.0,20.0,0.0,1,0.0,0.0,20.0,0.0,1,0.0,2.0,20.0,0.0,1,0.0,1.0,20.0,0.0,1,0.0,0.0,20.0,0.0,1,0.0,2.0,20.0,0.0,1
2026-03-27 11:30:47,287.78,0.0,4.0,20.0,0.0,1,0.0,0.0,20.0,0.0,1,0.0,2.0,20.0,0.0,1,0.0,1.0,20.0,0.0,1,0.0,0.0,20.0,0.0,1,0.0,2.0,20.0,0.0,1
2026-03-27 11:30:48,288.51,0.0,4.0,20.0,0.0,1,0.0,0.0,20.0,0.0,1,0.0,2.0,20.0,0.0,1,0.0,1.0,20.0,0.0,1,0.0,0.0,20.0,0.0,1,0.0,2.0,20.0,0.0,1
2026-03-27 11:30:49,289.26,0.0,4.0,20.0,0.0,1,0.0,0.0,20.0,0.0,1,0.0,2.0,20.0,0.0,1,0.0,1.0,20.0,0.0,1,0.0,0.0,20.0,0.0,1,0.0,2.0,20.0,0.0,1
2026-03-27 11:30:50,290.02,0.0,4.0,20.0,0.0,1,0.0,0.0,20.0,0.0,1,0.0,2.0,20.0,0.0,1,0.0,1.0,20.0,0.0,1,0.0,0.0,20.0,0.0,1,0.0,2.0,20.0,0.0,1
2026-03-27 11:30:50,290.76,0.0,4.0,20.0,0.0,1,0.0,0.0,20.0,0.0,1,0.0,2.0,20.0,0.0,1,0.0,1.0,20.0,0.0,1,0.0,0.0,20.0,0.0,1,0.0,2.0,20.0,0.0,1
2026-03-27 11:30:51,291.51,0.0,4.0,20.0,0.0,1,0.0,0.0,20.0,0.0,1,0.0,2.0,20.0,0.0,1,0.0,1.0,20.0,0.0,1,0.0,0.0,20.0,0.0,1,0.0,2.0,20.0,0.0,1
2026-03-27 11:30:52,292.25,0.0,4.0,20.0,0.0,1,0.0,0.0,20.0,0.0,1,0.0,2.0,20.0,0.0,1,0.0,1.0,20.0,0.0,1,0.0,0.0,20.0,0.0,1,0.0,2.0,20.0,0.0,1
2026-03-27 11:30:53,292.98,0.0,4.0,20.0,0.0,1,0.0,0.0,20.0,0.0,1,0.0,2.0,20.0,0.0,1,0.0,1.0,20.0,0.0,1,0.0,0.0,20.0,0.0,1,0.0,2.0,20.0,0.0,1
2026-03-27 11:30:53,293.7,0.0,4.0,20.0,0.0,1,0.0,0.0,20.0,0.0,1,0.0,2.0,20.0,0.0,1,0.0,1.0,20.0,0.0,1,0.0,0.0,20.0,0.0,1,0.0,2.0,20.0,0.0,1
2026-03-27 11:30:54,294.43,0.0,4.0,20.0,0.0,1,0.0,0.0,20.0,0.0,1,0.0,2.0,20.0,0.0,1,0.0,1.0,20.0,0.0,1,0.0,0.0,20.0,0.0,1,0.0,2.0,20.0,0.0,1
2026-03-27 11:30:55,295.19,0.0,4.0,20.0,0.0,1,0.0,0.0,20.0,0.0,1,0.0,2.0,20.0,0.0,1,0.0,1.0,20.0,0.0,1,0.0,0.0,20.0,0.0,1,0.0,2.0,20.0,0.0,1
2026-03-27 11:30:55,295.93,0.0,4.0,20.0,0.0,1,0.0,0.0,20.0,0.0,1,0.0,2.0,20.0,0.0,1,0.0,1.0,20.0,0.0,1,0.0,0.0,20.0,0.0,1,0.0,2.0,20.0,0.0,1
2026-03-27 11:30:56,296.68,0.0,4.0,20.0,0.0,1,0.0,0.0,20.0,0.0,1,0.0,2.0,20.0,0.0,1,0.0,1.0,20.0,0.0,1,0.0,0.0,20.0,0.0,1,0.0,2.0,20.0,0.0,1
2026-03-27 11:30:57,297.49,0.0,4.0,20.0,0.0,1,0.0,0.0,20.0,0.0,1,0.0,2.0,20.0,0.0,1,0.0,1.0,20.0,0.0,1,0.0,0.0,20.0,0.0,1,0.0,2.0,20.0,0.0,1
2026-03-27 11:30:58,298.23,0.0,4.0,20.0,0.0,1,0.0,0.0,20.0,0.0,1,0.0,2.0,20.0,0.0,1,0.0,1.0,20.0,0.0,1,0.0,0.0,20.0,0.0,1,0.0,2.0,20.0,0.0,1
2026-03-27 11:30:59,299.0,0.0,4.0,20.0,0.0,1,0.0,0.0,20.0,0.0,1,0.0,2.0,20.0,0.0,1,0.0,1.0,20.0,0.0,1,0.0,0.0,20.0,0.0,1,0.0,2.0,20.0,0.0,1
2026-03-27 11:30:59,299.74,0.0,4.0,20.0,0.0,1,0.0,0.0,20.0,0.0,1,0.0,2.0,20.0,0.0,1,0.0,1.0,20.0,0.0,1,0.0,0.0,20.0,0.0,1,0.0,2.0,20.0,0.0,1
2026-03-27 11:31:00,300.5,0.0,4.0,20.0,0.0,1,0.0,0.0,20.0,0.0,1,0.0,2.0,20.0,0.0,1,0.0,1.0,20.0,0.0,1,0.0,0.0,20.0,0.0,1,0.0,2.0,20.0,0.0,1
2026-03-27 11:31:01,301.24,0.0,4.0,20.0,0.0,1,0.0,0.0,20.0,0.0,1,0.0,2.0,20.0,0.0,1,0.0,1.0,20.0,0.0,1,0.0,0.0,20.0,0.0,1,0.0,2.0,20.0,0.0,1
2026-03-27 11:31:02,301.98,0.0,4.0,20.0,0.0,1,0.0,0.0,20.0,0.0,1,0.0,2.0,20.0,0.0,1,0.0,1.0,20.0,0.0,1,0.0,0.0,20.0,0.0,1,0.0,2.0,20.0,0.0,1
2026-03-27 11:31:02,302.74,0.0,4.0,20.0,0.0,1,0.0,0.0,20.0,0.0,1,0.0,2.0,20.0,0.0,1,0.0,1.0,20.0,0.0,1,0.0,0.0,20.0,0.0,1,0.0,2.0,20.0,0.0,1
2026-03-27 11:31:03,303.46,0.0,4.0,20.0,0.0,1,0.0,0.0,20.0,0.0,1,0.0,2.0,20.0,0.0,1,0.0,1.0,20.0,0.0,1,0.0,0.0,20.0,0.0,1,0.0,2.0,20.0,0.0,1
2026-03-27 11:31:04,304.2,0.0,4.0,20.0,0.0,1,0.0,0.0,20.0,0.0,1,0.0,2.0,20.0,0.0,1,0.0,1.0,20.0,0.0,1,0.0,0.0,20.0,0.0,1,0.0,2.0,20.0,0.0,1
2026-03-27 11:31:05,304.95,0.0,4.0,20.0,0.0,1,0.0,0.0,20.0,0.0,1,0.0,2.0,20.0,0.0,1,0.0,1.0,20.0,0.0,1,0.0,0.0,20.0,0.0,1,0.0,2.0,20.0,0.0,1
2026-03-27 11:31:05,305.72,0.0,4.0,20.0,0.0,1,0.0,0.0,20.0,0.0,1,0.0,2.0,20.0,0.0,1,0.0,1.0,20.0,0.0,1,0.0,0.0,20.0,0.0,1,0.0,2.0,20.0,0.0,1
2026-03-27 11:31:06,306.47,0.0,4.0,20.0,0.0,1,0.0,0.0,20.0,0.0,1,0.0,2.0,20.0,0.0,1,0.0,1.0,20.0,0.0,1,0.0,0.0,20.0,0.0,1,0.0,2.0,20.0,0.0,1
2026-03-27 11:31:07,307.2,0.0,4.0,20.0,0.0,1,0.0,0.0,20.0,0.0,1,0.0,2.0,20.0,0.0,1,0.0,1.0,20.0,0.0,1,0.0,0.0,20.0,0.0,1,0.0,2.0,20.0,0.0,1
2026-03-27 11:31:08,307.95,0.0,4.0,20.0,0.0,1,0.0,0.0,20.0,0.0,1,0.0,2.0,20.0,0.0,1,0.0,1.0,20.0,0.0,1,0.0,0.0,20.0,0.0,1,0.0,2.0,20.0,0.0,1
2026-03-27 11:31:08,308.69,0.0,4.0,20.0,0.0,1,0.0,0.0,20.0,0.0,1,0.0,2.0,20.0,0.0,1,0.0,1.0,20.0,0.0,1,0.0,0.0,20.0,0.0,1,0.0,2.0,20.0,0.0,1
2026-03-27 11:31:09,309.49,0.0,4.0,20.0,0.0,1,0.0,0.0,20.0,0.0,1,0.0,2.0,20.0,0.0,1,0.0,1.0,20.0,0.0,1,0.0,0.0,20.0,0.0,1,0.0,2.0,20.0,0.0,1
2026-03-27 11:31:10,310.23,0.0,4.0,20.0,0.0,1,0.0,0.0,20.0,0.0,1,0.0,2.0,20.0,0.0,1,0.0,1.0,20.0,0.0,1,0.0,0.0,20.0,0.0,1,0.0,2.0,20.0,0.0,1
2026-03-27 11:31:11,310.95,0.0,4.0,20.0,0.0,1,0.0,0.0,20.0,0.0,1,0.0,2.0,20.0,0.0,1,0.0,1.0,20.0,0.0,1,0.0,0.0,20.0,0.0,1,0.0,2.0,20.0,0.0,1
2026-03-27 11:31:11,311.73,0.0,4.0,20.0,0.0,1,0.0,0.0,20.0,0.0,1,0.0,2.0,20.0,0.0,1,0.0,1.0,20.0,0.0,1,0.0,0.0,20.0,0.0,1,0.0,2.0,20.0,0.0,1
2026-03-27 11:31:12,312.49,0.0,4.0,20.0,0.0,1,0.0,0.0,20.0,0.0,1,0.0,2.0,20.0,0.0,1,0.0,1.0,20.0,0.0,1,0.0,0.0,20.0,0.0,1,0.0,2.0,20.0,0.0,1
2026-03-27 11:31:13,313.25,0.0,4.0,20.0,0.0,1,0.0,0.0,20.0,0.0,1,0.0,2.0,20.0,0.0,1,0.0,1.0,20.0,0.0,1,0.0,0.0,20.0,0.0,1,0.0,2.0,20.0,0.0,1
2026-03-27 11:31:14,314.04,0.0,4.0,20.0,0.0,1,0.0,0.0,20.0,0.0,1,0.0,2.0,20.0,0.0,1,0.0,1.0,20.0,0.0,1,0.0,0.0,20.0,0.0,1,0.0,2.0,20.0,0.0,1
2026-03-27 11:31:14,314.87,0.0,4.0,20.0,0.0,1,0.0,0.0,20.0,0.0,1,0.0,2.0,20.0,0.0,1,0.0,1.0,20.0,0.0,1,0.0,0.0,20.0,0.0,1,0.0,2.0,20.0,0.0,1
2026-03-27 11:31:15,315.65,0.0,4.0,20.0,0.0,1,0.0,0.0,20.0,0.0,1,0.0,2.0,20.0,0.0,1,0.0,1.0,20.0,0.0,1,0.0,0.0,20.0,0.0,1,0.0,2.0,20.0,0.0,1
2026-03-27 11:31:16,316.39,0.0,4.0,20.0,0.0,1,0.0,0.0,20.0,0.0,1,0.0,2.0,20.0,0.0,1,0.0,1.0,20.0,0.0,1,0.0,0.0,20.0,0.0,1,0.0,2.0,20.0,0.0,1
2026-03-27 11:31:17,317.17,0.0,4.0,20.0,0.0,1,0.0,0.0,20.0,0.0,1,0.0,2.0,20.0,0.0,1,0.0,1.0,20.0,0.0,1,0.0,0.0,20.0,0.0,1,0.0,2.0,20.0,0.0,1
2026-03-27 11:31:17,317.89,0.0,4.0,20.0,0.0,1,0.0,0.0,20.0,0.0,1,0.0,2.0,20.0,0.0,1,0.0,1.0,20.0,0.0,1,0.0,0.0,20.0,0.0,1,0.0,2.0,20.0,0.0,1
2026-03-27 11:31:18,318.66,0.0,4.0,20.0,0.0,1,0.0,0.0,20.0,0.0,1,0.0,2.0,20.0,0.0,1,0.0,1.0,20.0,0.0,1,0.0,0.0,20.0,0.0,1,0.0,2.0,20.0,0.0,1
2026-03-27 11:31:19,319.39,0.0,4.0,20.0,0.0,1,0.0,0.0,20.0,0.0,1,0.0,2.0,20.0,0.0,1,0.0,1.0,20.0,0.0,1,0.0,0.0,20.0,0.0,1,0.0,2.0,20.0,0.0,1
2026-03-27 11:31:20,320.17,0.0,4.0,20.0,0.0,1,0.0,0.0,20.0,0.0,1,0.0,2.0,20.0,0.0,1,0.0,1.0,20.0,0.0,1,0.0,0.0,20.0,0.0,1,0.0,2.0,20.0,0.0,1
2026-03-27 11:31:21,320.95,0.0,4.0,20.0,0.0,1,0.0,0.0,20.0,0.0,1,0.0,2.0,20.0,0.0,1,0.0,1.0,20.0,0.0,1,0.0,0.0,20.0,0.0,1,0.0,2.0,20.0,0.0,1
2026-03-27 11:31:21,321.78,0.0,4.0,20.0,0.0,1,0.0,0.0,20.0,0.0,1,0.0,2.0,20.0,0.0,1,0.0,1.0,20.0,0.0,1,0.0,0.0,20.0,0.0,1,0.0,2.0,20.0,0.0,1
2026-03-27 11:31:22,322.56,0.0,4.0,20.0,0.0,1,0.0,0.0,20.0,0.0,1,0.0,2.0,20.0,0.0,1,0.0,1.0,20.0,0.0,1,0.0,0.0,20.0,0.0,1,0.0,2.0,20.0,0.0,1
2026-03-27 11:31:23,323.42,0.0,4.0,20.0,0.0,1,0.0,0.0,20.0,0.0,1,0.0,2.0,20.0,0.0,1,0.0,1.0,20.0,0.0,1,0.0,0.0,20.0,0.0,1,0.0,2.0,20.0,0.0,1
2026-03-27 11:31:24,324.27,0.0,4.0,20.0,0.0,1,0.0,0.0,20.0,0.0,1,0.0,2.0,20.0,0.0,1,0.0,1.0,20.0,0.0,1,0.0,0.0,20.0,0.0,1,0.0,2.0,20.0,0.0,1
2026-03-27 11:31:25,325.03,0.0,4.0,20.0,0.0,1,0.0,0.0,20.0,0.0,1,0.0,2.0,20.0,0.0,1,0.0,1.0,20.0,0.0,1,0.0,0.0,20.0,0.0,1,0.0,2.0,20.0,0.0,1
2026-03-27 11:31:25,325.77,0.0,4.0,20.0,0.0,1,0.0,0.0,20.0,0.0,1,0.0,2.0,20.0,0.0,1,0.0,1.0,20.0,0.0,1,0.0,0.0,20.0,0.0,1,0.0,2.0,20.0,0.0,1
2026-03-27 11:31:26,326.53,0.0,4.0,20.0,0.0,1,0.0,0.0,20.0,0.0,1,0.0,2.0,20.0,0.0,1,0.0,1.0,20.0,0.0,1,0.0,0.0,20.0,0.0,1,0.0,2.0,20.0,0.0,1
2026-03-27 11:31:27,327.28,0.0,4.0,20.0,0.0,1,0.0,0.0,20.0,0.0,1,0.0,2.0,20.0,0.0,1,0.0,1.0,20.0,0.0,1,0.0,0.0,20.0,0.0,1,0.0,2.0,20.0,0.0,1
2026-03-27 11:31:28,328.01,0.0,4.0,20.0,0.0,1,0.0,0.0,20.0,0.0,1,0.0,2.0,20.0,0.0,1,0.0,1.0,20.0,0.0,1,0.0,0.0,20.0,0.0,1,0.0,2.0,20.0,0.0,1
2026-03-27 11:31:28,328.73,0.0,4.0,20.0,0.0,1,0.0,0.0,20.0,0.0,1,0.0,2.0,20.0,0.0,1,0.0,1.0,20.0,0.0,1,0.0,0.0,20.0,0.0,1,0.0,2.0,20.0,0.0,1
2026-03-27 11:31:29,329.47,0.0,4.0,20.0,0.0,1,0.0,0.0,20.0,0.0,1,0.0,2.0,20.0,0.0,1,0.0,1.0,20.0,0.0,1,0.0,0.0,20.0,0.0,1,0.0,2.0,20.0,0.0,1
2026-03-27 11:31:30,330.2,0.0,4.0,20.0,0.0,1,0.0,0.0,20.0,0.0,1,0.0,2.0,20.0,0.0,1,0.0,1.0,20.0,0.0,1,0.0,0.0,20.0,0.0,1,0.0,2.0,20.0,0.0,1
2026-03-27 11:31:31,330.95,0.0,4.0,20.0,0.0,1,0.0,0.0,20.0,0.0,1,0.0,2.0,20.0,0.0,1,0.0,1.0,20.0,0.0,1,0.0,0.0,20.0,0.0,1,0.0,2.0,20.0,0.0,1
2026-03-27 11:31:31,331.69,0.0,4.0,20.0,0.0,1,0.0,0.0,20.0,0.0,1,0.0,2.0,20.0,0.0,1,0.0,1.0,20.0,0.0,1,0.0,0.0,20.0,0.0,1,0.0,2.0,20.0,0.0,1
2026-03-27 11:31:32,332.46,0.0,4.0,20.0,0.0,1,0.0,0.0,20.0,0.0,1,0.0,2.0,20.0,0.0,1,0.0,1.0,20.0,0.0,1,0.0,0.0,20.0,0.0,1,0.0,2.0,20.0,0.0,1
2026-03-27 11:31:33,333.21,0.0,4.0,20.0,0.0,1,0.0,0.0,20.0,0.0,1,0.0,2.0,20.0,0.0,1,0.0,1.0,20.0,0.0,1,0.0,0.0,20.0,0.0,1,0.0,2.0,20.0,0.0,1
2026-03-27 11:31:34,333.98,0.0,4.0,20.0,0.0,1,0.0,0.0,20.0,0.0,1,0.0,2.0,20.0,0.0,1,0.0,1.0,20.0,0.0,1,0.0,0.0,20.0,0.0,1,0.0,2.0,20.0,0.0,1
2026-03-27 11:31:34,334.74,0.0,4.0,20.0,0.0,1,0.0,0.0,20.0,0.0,1,0.0,2.0,20.0,0.0,1,0.0,1.0,20.0,0.0,1,0.0,0.0,20.0,0.0,1,0.0,2.0,20.0,0.0,1
2026-03-27 11:31:35,335.5,0.0,4.0,20.0,0.0,1,0.0,0.0,20.0,0.0,1,0.0,2.0,20.0,0.0,1,0.0,1.0,20.0,0.0,1,0.0,0.0,20.0,0.0,1,0.0,2.0,20.0,0.0,1
2026-03-27 11:31:36,336.3,0.0,4.0,20.0,0.0,1,0.0,0.0,20.0,0.0,1,0.0,2.0,20.0,0.0,1,0.0,1.0,20.0,0.0,1,0.0,0.0,20.0,0.0,1,0.0,2.0,20.0,0.0,1
2026-03-27 11:31:37,337.05,0.0,4.0,20.0,0.0,1,0.0,0.0,20.0,0.0,1,0.0,2.0,20.0,0.0,1,0.0,1.0,20.0,0.0,1,0.0,0.0,20.0,0.0,1,0.0,2.0,20.0,0.0,1
2026-03-27 11:31:37,337.79,0.0,4.0,20.0,0.0,1,0.0,0.0,20.0,0.0,1,0.0,2.0,20.0,0.0,1,0.0,1.0,20.0,0.0,1,0.0,0.0,20.0,0.0,1,0.0,2.0,20.0,0.0,1
2026-03-27 11:31:38,338.58,0.0,4.0,20.0,0.0,1,0.0,0.0,20.0,0.0,1,0.0,2.0,20.0,0.0,1,0.0,1.0,20.0,0.0,1,0.0,0.0,20.0,0.0,1,0.0,2.0,20.0,0.0,1
2026-03-27 11:31:39,339.32,0.0,4.0,20.0,0.0,1,0.0,0.0,20.0,0.0,1,0.0,2.0,20.0,0.0,1,0.0,1.0,20.0,0.0,1,0.0,0.0,20.0,0.0,1,0.0,2.0,20.0,0.0,1
2026-03-27 11:31:40,340.12,0.0,4.0,20.0,0.0,1,0.0,0.0,20.0,0.0,1,0.0,2.0,20.0,0.0,1,0.0,1.0,20.0,0.0,1,0.0,0.0,20.0,0.0,1,0.0,2.0,20.0,0.0,1
2026-03-27 11:31:40,340.87,0.0,4.0,20.0,0.0,1,0.0,0.0,20.0,0.0,1,0.0,2.0,20.0,0.0,1,0.0,1.0,20.0,0.0,1,0.0,0.0,20.0,0.0,1,0.0,2.0,20.0,0.0,1
2026-03-27 11:31:41,341.64,0.0,4.0,20.0,0.0,1,0.0,0.0,20.0,0.0,1,0.0,2.0,20.0,0.0,1,0.0,1.0,20.0,0.0,1,0.0,0.0,20.0,0.0,1,0.0,2.0,20.0,0.0,1
2026-03-27 11:31:42,342.38,0.0,4.0,20.0,0.0,1,0.0,0.0,20.0,0.0,1,0.0,2.0,20.0,0.0,1,0.0,1.0,20.0,0.0,1,0.0,0.0,20.0,0.0,1,0.0,2.0,20.0,0.0,1
2026-03-27 11:31:43,343.11,0.0,4.0,20.0,0.0,1,0.0,0.0,20.0,0.0,1,0.0,2.0,20.0,0.0,1,0.0,1.0,20.0,0.0,1,0.0,0.0,20.0,0.0,1,0.0,2.0,20.0,0.0,1
2026-03-27 11:31:43,343.83,0.0,4.0,20.0,0.0,1,0.0,0.0,20.0,0.0,1,0.0,2.0,20.0,0.0,1,0.0,1.0,20.0,0.0,1,0.0,0.0,20.0,0.0,1,0.0,2.0,20.0,0.0,1
2026-03-27 11:31:44,344.58,0.0,4.0,20.0,0.0,1,0.0,0.0,20.0,0.0,1,0.0,2.0,20.0,0.0,1,0.0,1.0,20.0,0.0,1,0.0,0.0,20.0,0.0,1,0.0,2.0,20.0,0.0,1
2026-03-27 11:31:45,345.32,0.0,4.0,20.0,0.0,1,0.0,0.0,20.0,0.0,1,0.0,2.0,20.0,0.0,1,0.0,1.0,20.0,0.0,1,0.0,0.0,20.0,0.0,1,0.0,2.0,20.0,0.0,1
2026-03-27 11:31:46,346.04,0.0,4.0,20.0,0.0,1,0.0,0.0,20.0,0.0,1,0.0,2.0,20.0,0.0,1,0.0,1.0,20.0,0.0,1,0.0,0.0,20.0,0.0,1,0.0,2.0,20.0,0.0,1
2026-03-27 11:31:46,346.83,0.0,4.0,20.0,0.0,1,0.0,0.0,20.0,0.0,1,0.0,2.0,20.0,0.0,1,0.0,1.0,20.0,0.0,1,0.0,0.0,20.0,0.0,1,0.0,2.0,20.0,0.0,1
2026-03-27 11:31:47,347.61,0.0,4.0,20.0,0.0,1,0.0,0.0,20.0,0.0,1,0.0,2.0,20.0,0.0,1,0.0,1.0,20.0,0.0,1,0.0,0.0,20.0,0.0,1,0.0,2.0,20.0,0.0,1
2026-03-27 11:31:48,348.38,0.0,4.0,20.0,0.0,1,0.0,0.0,20.0,0.0,1,0.0,2.0,20.0,0.0,1,0.0,1.0,20.0,0.0,1,0.0,0.0,20.0,0.0,1,0.0,2.0,20.0,0.0,1
2026-03-27 11:31:49,349.13,0.0,4.0,20.0,0.0,1,0.0,0.0,20.0,0.0,1,0.0,2.0,20.0,0.0,1,0.0,1.0,20.0,0.0,1,0.0,0.0,20.0,0.0,1,0.0,2.0,20.0,0.0,1
2026-03-27 11:31:49,349.89,0.0,4.0,20.0,0.0,1,0.0,0.0,20.0,0.0,1,0.0,2.0,20.0,0.0,1,0.0,1.0,20.0,0.0,1,0.0,0.0,20.0,0.0,1,0.0,2.0,20.0,0.0,1
2026-03-27 11:31:50,350.7,0.0,4.0,20.0,0.0,1,0.0,0.0,20.0,0.0,1,0.0,2.0,20.0,0.0,1,0.0,1.0,20.0,0.0,1,0.0,0.0,20.0,0.0,1,0.0,2.0,20.0,0.0,1
2026-03-27 11:31:51,351.45,0.0,4.0,20.0,0.0,1,0.0,0.0,20.0,0.0,1,0.0,2.0,20.0,0.0,1,0.0,1.0,20.0,0.0,1,0.0,0.0,20.0,0.0,1,0.0,2.0,20.0,0.0,1
2026-03-27 11:31:52,352.2,0.0,4.0,20.0,0.0,1,0.0,0.0,20.0,0.0,1,0.0,2.0,20.0,0.0,1,0.0,1.0,20.0,0.0,1,0.0,0.0,20.0,0.0,1,0.0,2.0,20.0,0.0,1
2026-03-27 11:31:53,353.07,0.0,4.0,20.0,0.0,1,0.0,0.0,20.0,0.0,1,0.0,2.0,20.0,0.0,1,0.0,1.0,20.0,0.0,1,0.0,0.0,20.0,0.0,1,0.0,2.0,20.0,0.0,1
2026-03-27 11:31:53,353.82,0.0,4.0,20.0,0.0,1,0.0,0.0,20.0,0.0,1,0.0,2.0,20.0,0.0,1,0.0,1.0,20.0,0.0,1,0.0,0.0,20.0,0.0,1,0.0,2.0,20.0,0.0,1
2026-03-27 11:31:54,354.57,0.0,4.0,20.0,0.0,1,0.0,0.0,20.0,0.0,1,0.0,2.0,20.0,0.0,1,0.0,1.0,20.0,0.0,1,0.0,0.0,20.0,0.0,1,0.0,2.0,20.0,0.0,1
2026-03-27 11:31:55,355.29,0.0,4.0,20.0,0.0,1,0.0,0.0,20.0,0.0,1,0.0,2.0,20.0,0.0,1,0.0,1.0,20.0,0.0,1,0.0,0.0,20.0,0.0,1,0.0,2.0,20.0,0.0,1
2026-03-27 11:31:56,356.03,0.0,4.0,20.0,0.0,1,0.0,0.0,20.0,0.0,1,0.0,2.0,20.0,0.0,1,0.0,1.0,20.0,0.0,1,0.0,0.0,20.0,0.0,1,0.0,2.0,20.0,0.0,1
2026-03-27 11:31:56,356.84,0.0,4.0,20.0,0.0,1,0.0,0.0,20.0,0.0,1,0.0,2.0,20.0,0.0,1,0.0,1.0,20.0,0.0,1,0.0,0.0,20.0,0.0,1,0.0,2.0,20.0,0.0,1
2026-03-27 11:31:57,357.73,0.0,4.0,20.0,0.0,1,0.0,0.0,20.0,0.0,1,0.0,2.0,20.0,0.0,1,0.0,1.0,20.0,0.0,1,0.0,0.0,20.0,0.0,1,0.0,2.0,20.0,0.0,1
2026-03-27 11:31:58,358.46,0.0,4.0,20.0,0.0,1,0.0,0.0,20.0,0.0,1,0.0,2.0,20.0,0.0,1,0.0,1.0,20.0,0.0,1,0.0,0.0,20.0,0.0,1,0.0,2.0,20.0,0.0,1
2026-03-27 11:31:59,359.21,0.0,4.0,20.0,0.0,1,0.0,0.0,20.0,0.0,1,0.0,2.0,20.0,0.0,1,0.0,1.0,20.0,0.0,1,0.0,0.0,20.0,0.0,1,0.0,2.0,20.0,0.0,1
2026-03-27 11:32:00,359.96,0.0,4.0,20.0,0.0,1,0.0,0.0,20.0,0.0,1,0.0,2.0,20.0,0.0,1,0.0,1.0,20.0,0.0,1,0.0,0.0,20.0,0.0,1,0.0,2.0,20.0,0.0,1
2026-03-27 11:32:00,360.73,0.0,4.0,20.0,0.0,1,0.0,0.0,20.0,0.0,1,0.0,2.0,20.0,0.0,1,0.0,1.0,20.0,0.0,1,0.0,0.0,20.0,0.0,1,0.0,2.0,20.0,0.0,1
2026-03-27 11:32:01,361.47,0.0,4.0,20.0,0.0,1,0.0,0.0,20.0,0.0,1,0.0,2.0,20.0,0.0,1,0.0,1.0,20.0,0.0,1,0.0,0.0,20.0,0.0,1,0.0,2.0,20.0,0.0,1
2026-03-27 11:32:02,362.21,0.0,4.0,20.0,0.0,1,0.0,0.0,20.0,0.0,1,0.0,2.0,20.0,0.0,1,0.0,1.0,20.0,0.0,1,0.0,0.0,20.0,0.0,1,0.0,2.0,20.0,0.0,1
2026-03-27 11:32:03,362.95,0.0,4.0,20.0,0.0,1,0.0,0.0,20.0,0.0,1,0.0,2.0,20.0,0.0,1,0.0,1.0,20.0,0.0,1,0.0,0.0,20.0,0.0,1,0.0,2.0,20.0,0.0,1
2026-03-27 11:32:03,363.7,0.0,4.0,20.0,0.0,1,0.0,0.0,20.0,0.0,1,0.0,2.0,20.0,0.0,1,0.0,1.0,20.0,0.0,1,0.0,0.0,20.0,0.0,1,0.0,2.0,20.0,0.0,1
2026-03-27 11:32:04,364.45,0.0,4.0,20.0,0.0,1,0.0,0.0,20.0,0.0,1,0.0,2.0,20.0,0.0,1,0.0,1.0,20.0,0.0,1,0.0,0.0,20.0,0.0,1,0.0,2.0,20.0,0.0,1
2026-03-27 11:32:05,365.27,0.0,4.0,20.0,0.0,1,0.0,0.0,20.0,0.0,1,0.0,2.0,20.0,0.0,1,0.0,1.0,20.0,0.0,1,0.0,0.0,20.0,0.0,1,0.0,2.0,20.0,0.0,1
2026-03-27 11:32:06,366.0,0.0,4.0,20.0,0.0,1,0.0,0.0,20.0,0.0,1,0.0,2.0,20.0,0.0,1,0.0,1.0,20.0,0.0,1,0.0,0.0,20.0,0.0,1,0.0,2.0,20.0,0.0,1
2026-03-27 11:32:06,366.76,0.0,4.0,20.0,0.0,1,0.0,0.0,20.0,0.0,1,0.0,2.0,20.0,0.0,1,0.0,1.0,20.0,0.0,1,0.0,0.0,20.0,0.0,1,0.0,2.0,20.0,0.0,1
2026-03-27 11:32:07,367.49,0.0,4.0,20.0,0.0,1,0.0,0.0,20.0,0.0,1,0.0,2.0,20.0,0.0,1,0.0,1.0,20.0,0.0,1,0.0,0.0,20.0,0.0,1,0.0,2.0,20.0,0.0,1
2026-03-27 11:32:08,368.23,0.0,4.0,20.0,0.0,1,0.0,0.0,20.0,0.0,1,0.0,2.0,20.0,0.0,1,0.0,1.0,20.0,0.0,1,0.0,0.0,20.0,0.0,1,0.0,2.0,20.0,0.0,1
2026-03-27 11:32:09,368.99,0.0,4.0,20.0,0.0,1,0.0,0.0,20.0,0.0,1,0.0,2.0,20.0,0.0,1,0.0,1.0,20.0,0.0,1,0.0,0.0,20.0,0.0,1,0.0,2.0,20.0,0.0,1
2026-03-27 11:32:09,369.73,0.0,4.0,20.0,0.0,1,0.0,0.0,20.0,0.0,1,0.0,2.0,20.0,0.0,1,0.0,1.0,20.0,0.0,1,0.0,0.0,20.0,0.0,1,0.0,2.0,20.0,0.0,1
2026-03-27 11:32:10,370.48,0.0,4.0,20.0,0.0,1,0.0,0.0,20.0,0.0,1,0.0,2.0,20.0,0.0,1,0.0,1.0,20.0,0.0,1,0.0,0.0,20.0,0.0,1,0.0,2.0,20.0,0.0,1
2026-03-27 11:32:11,371.21,0.0,4.0,20.0,0.0,1,0.0,0.0,20.0,0.0,1,0.0,2.0,20.0,0.0,1,0.0,1.0,20.0,0.0,1,0.0,0.0,20.0,0.0,1,0.0,2.0,20.0,0.0,1
2026-03-27 11:32:12,371.95,0.0,4.0,20.0,0.0,1,0.0,0.0,20.0,0.0,1,0.0,2.0,20.0,0.0,1,0.0,1.0,20.0,0.0,1,0.0,0.0,20.0,0.0,1,0.0,2.0,20.0,0.0,1
2026-03-27 11:32:12,372.71,0.0,4.0,20.0,0.0,1,0.0,0.0,20.0,0.0,1,0.0,2.0,20.0,0.0,1,0.0,1.0,20.0,0.0,1,0.0,0.0,20.0,0.0,1,0.0,2.0,20.0,0.0,1
2026-03-27 11:32:13,373.47,0.0,4.0,20.0,0.0,1,0.0,0.0,20.0,0.0,1,0.0,2.0,20.0,0.0,1,0.0,1.0,20.0,0.0,1,0.0,0.0,20.0,0.0,1,0.0,2.0,20.0,0.0,1
2026-03-27 11:32:14,374.2,0.0,4.0,20.0,0.0,1,0.0,0.0,20.0,0.0,1,0.0,2.0,20.0,0.0,1,0.0,1.0,20.0,0.0,1,0.0,0.0,20.0,0.0,1,0.0,2.0,20.0,0.0,1
2026-03-27 11:32:15,374.95,0.0,4.0,20.0,0.0,1,0.0,0.0,20.0,0.0,1,0.0,2.0,20.0,0.0,1,0.0,1.0,20.0,0.0,1,0.0,0.0,20.0,0.0,1,0.0,2.0,20.0,0.0,1
2026-03-27 11:32:15,375.69,0.0,4.0,20.0,0.0,1,0.0,0.0,20.0,0.0,1,0.0,2.0,20.0,0.0,1,0.0,1.0,20.0,0.0,1,0.0,0.0,20.0,0.0,1,0.0,2.0,20.0,0.0,1
2026-03-27 11:32:16,376.42,0.0,4.0,20.0,0.0,1,0.0,0.0,20.0,0.0,1,0.0,2.0,20.0,0.0,1,0.0,1.0,20.0,0.0,1,0.0,0.0,20.0,0.0,1,0.0,2.0,20.0,0.0,1
2026-03-27 11:32:17,377.16,0.0,4.0,20.0,0.0,1,0.0,0.0,20.0,0.0,1,0.0,2.0,20.0,0.0,1,0.0,1.0,20.0,0.0,1,0.0,0.0,20.0,0.0,1,0.0,2.0,20.0,0.0,1
2026-03-27 11:32:17,377.9,0.0,4.0,20.0,0.0,1,0.0,0.0,20.0,0.0,1,0.0,2.0,20.0,0.0,1,0.0,1.0,20.0,0.0,1,0.0,0.0,20.0,0.0,1,0.0,2.0,20.0,0.0,1
2026-03-27 11:32:18,378.63,0.0,4.0,20.0,0.0,1,0.0,0.0,20.0,0.0,1,0.0,2.0,20.0,0.0,1,0.0,1.0,20.0,0.0,1,0.0,0.0,20.0,0.0,1,0.0,2.0,20.0,0.0,1
2026-03-27 11:32:19,379.37,0.0,4.0,20.0,0.0,1,0.0,0.0,20.0,0.0,1,0.0,2.0,20.0,0.0,1,0.0,1.0,20.0,0.0,1,0.0,0.0,20.0,0.0,1,0.0,2.0,20.0,0.0,1
2026-03-27 11:32:20,380.13,0.0,4.0,20.0,0.0,1,0.0,0.0,20.0,0.0,1,0.0,2.0,20.0,0.0,1,0.0,1.0,20.0,0.0,1,0.0,0.0,20.0,0.0,1,0.0,2.0,20.0,0.0,1
2026-03-27 11:32:20,380.88,0.0,4.0,20.0,0.0,1,0.0,0.0,20.0,0.0,1,0.0,2.0,20.0,0.0,1,0.0,1.0,20.0,0.0,1,0.0,0.0,20.0,0.0,1,0.0,2.0,20.0,0.0,1
2026-03-27 11:32:21,381.65,0.0,4.0,20.0,0.0,1,0.0,0.0,20.0,0.0,1,0.0,2.0,20.0,0.0,1,0.0,1.0,20.0,0.0,1,0.0,0.0,20.0,0.0,1,0.0,2.0,20.0,0.0,1
2026-03-27 11:32:22,382.38,0.0,4.0,20.0,0.0,1,0.0,0.0,20.0,0.0,1,0.0,2.0,20.0,0.0,1,0.0,1.0,20.0,0.0,1,0.0,0.0,20.0,0.0,1,0.0,2.0,20.0,0.0,1
2026-03-27 11:32:23,383.12,0.0,4.0,20.0,0.0,1,0.0,0.0,20.0,0.0,1,0.0,2.0,20.0,0.0,1,0.0,1.0,20.0,0.0,1,0.0,0.0,20.0,0.0,1,0.0,2.0,20.0,0.0,1
2026-03-27 11:32:23,383.87,0.0,4.0,20.0,0.0,1,0.0,0.0,20.0,0.0,1,0.0,2.0,20.0,0.0,1,0.0,1.0,20.0,0.0,1,0.0,0.0,20.0,0.0,1,0.0,2.0,20.0,0.0,1
2026-03-27 11:32:24,384.6,0.0,4.0,20.0,0.0,1,0.0,0.0,20.0,0.0,1,0.0,2.0,20.0,0.0,1,0.0,1.0,20.0,0.0,1,0.0,0.0,20.0,0.0,1,0.0,2.0,20.0,0.0,1
2026-03-27 11:32:25,385.34,0.0,4.0,20.0,0.0,1,0.0,0.0,20.0,0.0,1,0.0,2.0,20.0,0.0,1,0.0,1.0,20.0,0.0,1,0.0,0.0,20.0,0.0,1,0.0,2.0,20.0,0.0,1
2026-03-27 11:32:26,386.09,0.0,4.0,20.0,0.0,1,0.0,0.0,20.0,0.0,1,0.0,2.0,20.0,0.0,1,0.0,1.0,20.0,0.0,1,0.0,0.0,20.0,0.0,1,0.0,2.0,20.0,0.0,1
2026-03-27 11:32:26,386.83,0.0,4.0,20.0,0.0,1,0.0,0.0,20.0,0.0,1,0.0,2.0,20.0,0.0,1,0.0,1.0,20.0,0.0,1,0.0,0.0,20.0,0.0,1,0.0,2.0,20.0,0.0,1
2026-03-27 11:32:27,387.54,0.0,4.0,20.0,0.0,1,0.0,0.0,20.0,0.0,1,0.0,2.0,20.0,0.0,1,0.0,1.0,20.0,0.0,1,0.0,0.0,20.0,0.0,1,0.0,2.0,20.0,0.0,1
2026-03-27 11:32:28,388.27,0.0,4.0,20.0,0.0,1,0.0,0.0,20.0,0.0,1,0.0,2.0,20.0,0.0,1,0.0,1.0,20.0,0.0,1,0.0,0.0,20.0,0.0,1,0.0,2.0,20.0,0.0,1
2026-03-27 11:32:29,389.02,0.0,4.0,20.0,0.0,1,0.0,0.0,20.0,0.0,1,0.0,2.0,20.0,0.0,1,0.0,1.0,20.0,0.0,1,0.0,0.0,20.0,0.0,1,0.0,2.0,20.0,0.0,1
2026-03-27 11:32:29,389.76,0.0,4.0,20.0,0.0,1,0.0,0.0,20.0,0.0,1,0.0,2.0,20.0,0.0,1,0.0,1.0,20.0,0.0,1,0.0,0.0,20.0,0.0,1,0.0,2.0,20.0,0.0,1
2026-03-27 11:32:30,390.48,0.0,4.0,20.0,0.0,1,0.0,0.0,20.0,0.0,1,0.0,2.0,20.0,0.0,1,0.0,1.0,20.0,0.0,1,0.0,0.0,20.0,0.0,1,0.0,2.0,20.0,0.0,1
2026-03-27 11:32:31,391.22,0.0,4.0,20.0,0.0,1,0.0,0.0,20.0,0.0,1,0.0,2.0,20.0,0.0,1,0.0,1.0,20.0,0.0,1,0.0,0.0,20.0,0.0,1,0.0,2.0,20.0,0.0,1
2026-03-27 11:32:32,391.97,0.0,4.0,20.0,0.0,1,0.0,0.0,20.0,0.0,1,0.0,2.0,20.0,0.0,1,0.0,1.0,20.0,0.0,1,0.0,0.0,20.0,0.0,1,0.0,2.0,20.0,0.0,1
2026-03-27 11:32:32,392.7,0.0,4.0,20.0,0.0,1,0.0,0.0,20.0,0.0,1,0.0,2.0,20.0,0.0,1,0.0,1.0,20.0,0.0,1,0.0,0.0,20.0,0.0,1,0.0,2.0,20.0,0.0,1
2026-03-27 11:32:33,393.44,0.0,4.0,20.0,0.0,1,0.0,0.0,20.0,0.0,1,0.0,2.0,20.0,0.0,1,0.0,1.0,20.0,0.0,1,0.0,0.0,20.0,0.0,1,0.0,2.0,20.0,0.0,1
2026-03-27 11:32:34,394.18,0.0,4.0,20.0,0.0,1,0.0,0.0,20.0,0.0,1,0.0,2.0,20.0,0.0,1,0.0,1.0,20.0,0.0,1,0.0,0.0,20.0,0.0,1,0.0,2.0,20.0,0.0,1
2026-03-27 11:32:34,394.92,0.0,4.0,20.0,0.0,1,0.0,0.0,20.0,0.0,1,0.0,2.0,20.0,0.0,1,0.0,1.0,20.0,0.0,1,0.0,0.0,20.0,0.0,1,0.0,2.0,20.0,0.0,1
2026-03-27 11:32:35,395.65,0.0,4.0,20.0,0.0,1,0.0,0.0,20.0,0.0,1,0.0,2.0,20.0,0.0,1,0.0,1.0,20.0,0.0,1,0.0,0.0,20.0,0.0,1,0.0,2.0,20.0,0.0,1
2026-03-27 11:32:36,396.39,0.0,4.0,20.0,0.0,1,0.0,0.0,20.0,0.0,1,0.0,2.0,20.0,0.0,1,0.0,1.0,20.0,0.0,1,0.0,0.0,20.0,0.0,1,0.0,2.0,20.0,0.0,1
2026-03-27 11:32:37,397.15,0.0,4.0,20.0,0.0,1,0.0,0.0,20.0,0.0,1,0.0,2.0,20.0,0.0,1,0.0,1.0,20.0,0.0,1,0.0,0.0,20.0,0.0,1,0.0,2.0,20.0,0.0,1
2026-03-27 11:32:37,397.88,0.0,4.0,20.0,0.0,1,0.0,0.0,20.0,0.0,1,0.0,2.0,20.0,0.0,1,0.0,1.0,20.0,0.0,1,0.0,0.0,20.0,0.0,1,0.0,2.0,20.0,0.0,1
2026-03-27 11:32:38,398.6,0.0,4.0,20.0,0.0,1,0.0,0.0,20.0,0.0,1,0.0,2.0,20.0,0.0,1,0.0,1.0,20.0,0.0,1,0.0,0.0,20.0,0.0,1,0.0,2.0,20.0,0.0,1
2026-03-27 11:32:39,399.34,0.0,4.0,20.0,0.0,1,0.0,0.0,20.0,0.0,1,0.0,2.0,20.0,0.0,1,0.0,1.0,20.0,0.0,1,0.0,0.0,20.0,0.0,1,0.0,2.0,20.0,0.0,1
2026-03-27 11:32:40,400.09,0.0,4.0,20.0,0.0,1,0.0,0.0,20.0,0.0,1,0.0,2.0,20.0,0.0,1,0.0,1.0,20.0,0.0,1,0.0,0.0,20.0,0.0,1,0.0,2.0,20.0,0.0,1
2026-03-27 11:32:40,400.85,0.0,4.0,20.0,0.0,1,0.0,0.0,20.0,0.0,1,0.0,2.0,20.0,0.0,1,0.0,1.0,20.0,0.0,1,0.0,0.0,20.0,0.0,1,0.0,2.0,20.0,0.0,1
2026-03-27 11:32:41,401.64,0.0,4.0,20.0,0.0,1,0.0,0.0,20.0,0.0,1,0.0,2.0,20.0,0.0,1,0.0,1.0,20.0,0.0,1,0.0,0.0,20.0,0.0,1,0.0,2.0,20.0,0.0,1
2026-03-27 11:32:42,402.37,0.0,4.0,20.0,0.0,1,0.0,0.0,20.0,0.0,1,0.0,2.0,20.0,0.0,1,0.0,1.0,20.0,0.0,1,0.0,0.0,20.0,0.0,1,0.0,2.0,20.0,0.0,1
2026-03-27 11:32:43,403.11,0.0,4.0,20.0,0.0,1,0.0,0.0,20.0,0.0,1,0.0,2.0,20.0,0.0,1,0.0,1.0,20.0,0.0,1,0.0,0.0,20.0,0.0,1,0.0,2.0,20.0,0.0,1
2026-03-27 11:32:43,403.85,0.0,4.0,20.0,0.0,1,0.0,0.0,20.0,0.0,1,0.0,2.0,20.0,0.0,1,0.0,1.0,20.0,0.0,1,0.0,0.0,20.0,0.0,1,0.0,2.0,20.0,0.0,1
2026-03-27 11:32:44,404.58,0.0,4.0,20.0,0.0,1,0.0,0.0,20.0,0.0,1,0.0,2.0,20.0,0.0,1,0.0,1.0,20.0,0.0,1,0.0,0.0,20.0,0.0,1,0.0,2.0,20.0,0.0,1
2026-03-27 11:32:45,405.31,0.0,4.0,20.0,0.0,1,0.0,0.0,20.0,0.0,1,0.0,2.0,20.0,0.0,1,0.0,1.0,20.0,0.0,1,0.0,0.0,20.0,0.0,1,0.0,2.0,20.0,0.0,1
2026-03-27 11:32:46,406.04,0.0,4.0,20.0,0.0,1,0.0,0.0,20.0,0.0,1,0.0,2.0,20.0,0.0,1,0.0,1.0,20.0,0.0,1,0.0,0.0,20.0,0.0,1,0.0,2.0,20.0,0.0,1
2026-03-27 11:32:46,406.78,0.0,4.0,20.0,0.0,1,0.0,0.0,20.0,0.0,1,0.0,2.0,20.0,0.0,1,0.0,1.0,20.0,0.0,1,0.0,0.0,20.0,0.0,1,0.0,2.0,20.0,0.0,1
2026-03-27 11:32:47,407.5,0.0,4.0,20.0,0.0,1,0.0,0.0,20.0,0.0,1,0.0,2.0,20.0,0.0,1,0.0,1.0,20.0,0.0,1,0.0,0.0,20.0,0.0,1,0.0,2.0,20.0,0.0,1
2026-03-27 11:32:48,408.27,0.0,4.0,20.0,0.0,1,0.0,0.0,20.0,0.0,1,0.0,2.0,20.0,0.0,1,0.0,1.0,20.0,0.0,1,0.0,0.0,20.0,0.0,1,0.0,2.0,20.0,0.0,1
2026-03-27 11:32:49,409.02,0.0,4.0,20.0,0.0,1,0.0,0.0,20.0,0.0,1,0.0,2.0,20.0,0.0,1,0.0,1.0,20.0,0.0,1,0.0,0.0,20.0,0.0,1,0.0,2.0,20.0,0.0,1
2026-03-27 11:32:49,409.75,0.0,4.0,20.0,0.0,1,0.0,0.0,20.0,0.0,1,0.0,2.0,20.0,0.0,1,0.0,1.0,20.0,0.0,1,0.0,0.0,20.0,0.0,1,0.0,2.0,20.0,0.0,1
2026-03-27 11:32:50,410.49,0.0,4.0,20.0,0.0,1,0.0,0.0,20.0,0.0,1,0.0,2.0,20.0,0.0,1,0.0,1.0,20.0,0.0,1,0.0,0.0,20.0,0.0,1,0.0,2.0,20.0,0.0,1
2026-03-27 11:32:51,411.27,0.0,4.0,20.0,0.0,1,0.0,0.0,20.0,0.0,1,0.0,2.0,20.0,0.0,1,0.0,1.0,20.0,0.0,1,0.0,0.0,20.0,0.0,1,0.0,2.0,20.0,0.0,1
2026-03-27 11:32:52,412.02,0.0,4.0,20.0,0.0,1,0.0,0.0,20.0,0.0,1,0.0,2.0,20.0,0.0,1,0.0,1.0,20.0,0.0,1,0.0,0.0,20.0,0.0,1,0.0,2.0,20.0,0.0,1
2026-03-27 11:32:52,412.77,0.0,4.0,20.0,0.0,1,0.0,0.0,20.0,0.0,1,0.0,2.0,20.0,0.0,1,0.0,1.0,20.0,0.0,1,0.0,0.0,20.0,0.0,1,0.0,2.0,20.0,0.0,1
2026-03-27 11:32:53,413.53,0.0,4.0,20.0,0.0,1,0.0,0.0,20.0,0.0,1,0.0,2.0,20.0,0.0,1,0.0,1.0,20.0,0.0,1,0.0,0.0,20.0,0.0,1,0.0,2.0,20.0,0.0,1
2026-03-27 11:32:54,414.28,0.0,4.0,20.0,0.0,1,0.0,0.0,20.0,0.0,1,0.0,2.0,20.0,0.0,1,0.0,1.0,20.0,0.0,1,0.0,0.0,20.0,0.0,1,0.0,2.0,20.0,0.0,1
2026-03-27 11:32:55,415.02,0.0,4.0,20.0,0.0,1,0.0,0.0,20.0,0.0,1,0.0,2.0,20.0,0.0,1,0.0,1.0,20.0,0.0,1,0.0,0.0,20.0,0.0,1,0.0,2.0,20.0,0.0,1
2026-03-27 11:32:55,415.77,0.0,4.0,20.0,0.0,1,0.0,0.0,20.0,0.0,1,0.0,2.0,20.0,0.0,1,0.0,1.0,20.0,0.0,1,0.0,0.0,20.0,0.0,1,0.0,2.0,20.0,0.0,1
2026-03-27 11:32:56,416.52,0.0,4.0,20.0,0.0,1,0.0,0.0,20.0,0.0,1,0.0,2.0,20.0,0.0,1,0.0,1.0,20.0,0.0,1,0.0,0.0,20.0,0.0,1,0.0,2.0,20.0,0.0,1
2026-03-27 11:32:57,417.28,0.0,4.0,20.0,0.0,1,0.0,0.0,20.0,0.0,1,0.0,2.0,20.0,0.0,1,0.0,1.0,20.0,0.0,1,0.0,0.0,20.0,0.0,1,0.0,2.0,20.0,0.0,1
2026-03-27 11:32:58,418.06,0.0,4.0,20.0,0.0,1,0.0,0.0,20.0,0.0,1,0.0,2.0,20.0,0.0,1,0.0,1.0,20.0,0.0,1,0.0,0.0,20.0,0.0,1,0.0,2.0,20.0,0.0,1
2026-03-27 11:32:58,418.8,0.0,4.0,20.0,0.0,1,0.0,0.0,20.0,0.0,1,0.0,2.0,20.0,0.0,1,0.0,1.0,20.0,0.0,1,0.0,0.0,20.0,0.0,1,0.0,2.0,20.0,0.0,1
2026-03-27 11:32:59,419.55,0.0,4.0,20.0,0.0,1,0.0,0.0,20.0,0.0,1,0.0,2.0,20.0,0.0,1,0.0,1.0,20.0,0.0,1,0.0,0.0,20.0,0.0,1,0.0,2.0,20.0,0.0,1
2026-03-27 11:33:00,420.28,0.0,4.0,20.0,0.0,1,0.0,0.0,20.0,0.0,1,0.0,2.0,20.0,0.0,1,0.0,1.0,20.0,0.0,1,0.0,0.0,20.0,0.0,1,0.0,2.0,20.0,0.0,1
2026-03-27 11:33:01,421.03,0.0,4.0,20.0,0.0,1,0.0,0.0,20.0,0.0,1,0.0,2.0,20.0,0.0,1,0.0,1.0,20.0,0.0,1,0.0,0.0,20.0,0.0,1,0.0,2.0,20.0,0.0,1
2026-03-27 11:33:01,421.8,0.0,4.0,20.0,0.0,1,0.0,0.0,20.0,0.0,1,0.0,2.0,20.0,0.0,1,0.0,1.0,20.0,0.0,1,0.0,0.0,20.0,0.0,1,0.0,2.0,20.0,0.0,1
2026-03-27 11:33:02,422.53,0.0,4.0,20.0,0.0,1,0.0,0.0,20.0,0.0,1,0.0,2.0,20.0,0.0,1,0.0,1.0,20.0,0.0,1,0.0,0.0,20.0,0.0,1,0.0,2.0,20.0,0.0,1
2026-03-27 11:33:03,423.29,0.0,4.0,20.0,0.0,1,0.0,0.0,20.0,0.0,1,0.0,2.0,20.0,0.0,1,0.0,1.0,20.0,0.0,1,0.0,0.0,20.0,0.0,1,0.0,2.0,20.0,0.0,1
2026-03-27 11:33:04,424.03,0.0,4.0,20.0,0.0,1,0.0,0.0,20.0,0.0,1,0.0,2.0,20.0,0.0,1,0.0,1.0,20.0,0.0,1,0.0,0.0,20.0,0.0,1,0.0,2.0,20.0,0.0,1
2026-03-27 11:33:04,424.82,0.0,4.0,20.0,0.0,1,0.0,0.0,20.0,0.0,1,0.0,2.0,20.0,0.0,1,0.0,1.0,20.0,0.0,1,0.0,0.0,20.0,0.0,1,0.0,2.0,20.0,0.0,1
2026-03-27 11:33:05,425.55,0.0,4.0,20.0,0.0,1,0.0,0.0,20.0,0.0,1,0.0,2.0,20.0,0.0,1,0.0,1.0,20.0,0.0,1,0.0,0.0,20.0,0.0,1,0.0,2.0,20.0,0.0,1
2026-03-27 11:33:06,426.28,0.0,4.0,20.0,0.0,1,0.0,0.0,20.0,0.0,1,0.0,2.0,20.0,0.0,1,0.0,1.0,20.0,0.0,1,0.0,0.0,20.0,0.0,1,0.0,2.0,20.0,0.0,1
2026-03-27 11:33:07,427.02,0.0,4.0,20.0,0.0,1,0.0,0.0,20.0,0.0,1,0.0,2.0,20.0,0.0,1,0.0,1.0,20.0,0.0,1,0.0,0.0,20.0,0.0,1,0.0,2.0,20.0,0.0,1
2026-03-27 11:33:07,427.78,0.0,4.0,20.0,0.0,1,0.0,0.0,20.0,0.0,1,0.0,2.0,20.0,0.0,1,0.0,1.0,20.0,0.0,1,0.0,0.0,20.0,0.0,1,0.0,2.0,20.0,0.0,1
2026-03-27 11:33:08,428.55,0.0,4.0,20.0,0.0,1,0.0,0.0,20.0,0.0,1,0.0,2.0,20.0,0.0,1,0.0,1.0,20.0,0.0,1,0.0,0.0,20.0,0.0,1,0.0,2.0,20.0,0.0,1
2026-03-27 11:33:09,429.36,0.0,4.0,20.0,0.0,1,0.0,0.0,20.0,0.0,1,0.0,2.0,20.0,0.0,1,0.0,1.0,20.0,0.0,1,0.0,0.0,20.0,0.0,1,0.0,2.0,20.0,0.0,1
2026-03-27 11:33:10,430.1,0.0,4.0,20.0,0.0,1,0.0,0.0,20.0,0.0,1,0.0,2.0,20.0,0.0,1,0.0,1.0,20.0,0.0,1,0.0,0.0,20.0,0.0,1,0.0,2.0,20.0,0.0,1
2026-03-27 11:33:10,430.83,0.0,4.0,20.0,0.0,1,0.0,0.0,20.0,0.0,1,0.0,2.0,20.0,0.0,1,0.0,1.0,20.0,0.0,1,0.0,0.0,20.0,0.0,1,0.0,2.0,20.0,0.0,1
2026-03-27 11:33:11,431.57,0.0,4.0,20.0,0.0,1,0.0,0.0,20.0,0.0,1,0.0,2.0,20.0,0.0,1,0.0,1.0,20.0,0.0,1,0.0,0.0,20.0,0.0,1,0.0,2.0,20.0,0.0,1
2026-03-27 11:33:12,432.29,0.0,4.0,20.0,0.0,1,0.0,0.0,20.0,0.0,1,0.0,2.0,20.0,0.0,1,0.0,1.0,20.0,0.0,1,0.0,0.0,20.0,0.0,1,0.0,2.0,20.0,0.0,1
2026-03-27 11:33:13,433.05,0.0,4.0,20.0,0.0,1,0.0,0.0,20.0,0.0,1,0.0,2.0,20.0,0.0,1,0.0,1.0,20.0,0.0,1,0.0,0.0,20.0,0.0,1,0.0,2.0,20.0,0.0,1
2026-03-27 11:33:13,433.78,0.0,4.0,20.0,0.0,1,0.0,0.0,20.0,0.0,1,0.0,2.0,20.0,0.0,1,0.0,1.0,20.0,0.0,1,0.0,0.0,20.0,0.0,1,0.0,2.0,20.0,0.0,1
2026-03-27 11:33:14,434.49,0.0,4.0,20.0,0.0,1,0.0,0.0,20.0,0.0,1,0.0,2.0,20.0,0.0,1,0.0,1.0,20.0,0.0,1,0.0,0.0,20.0,0.0,1,0.0,2.0,20.0,0.0,1
2026-03-27 11:33:15,435.29,0.0,4.0,20.0,0.0,1,0.0,0.0,20.0,0.0,1,0.0,2.0,20.0,0.0,1,0.0,1.0,20.0,0.0,1,0.0,0.0,20.0,0.0,1,0.0,2.0,20.0,0.0,1
2026-03-27 11:33:16,436.05,0.0,4.0,20.0,0.0,1,0.0,0.0,20.0,0.0,1,0.0,2.0,20.0,0.0,1,0.0,1.0,20.0,0.0,1,0.0,0.0,20.0,0.0,1,0.0,2.0,20.0,0.0,1
2026-03-27 11:33:16,436.84,0.0,4.0,20.0,0.0,1,0.0,0.0,20.0,0.0,1,0.0,2.0,20.0,0.0,1,0.0,1.0,20.0,0.0,1,0.0,0.0,20.0,0.0,1,0.0,2.0,20.0,0.0,1
2026-03-27 11:33:17,437.63,0.0,4.0,20.0,0.0,1,0.0,0.0,20.0,0.0,1,0.0,2.0,20.0,0.0,1,0.0,1.0,20.0,0.0,1,0.0,0.0,20.0,0.0,1,0.0,2.0,20.0,0.0,1
2026-03-27 11:33:18,438.35,0.0,4.0,20.0,0.0,1,0.0,0.0,20.0,0.0,1,0.0,2.0,20.0,0.0,1,0.0,1.0,20.0,0.0,1,0.0,0.0,20.0,0.0,1,0.0,2.0,20.0,0.0,1
2026-03-27 11:33:19,439.08,0.0,4.0,20.0,0.0,1,0.0,0.0,20.0,0.0,1,0.0,2.0,20.0,0.0,1,0.0,1.0,20.0,0.0,1,0.0,0.0,20.0,0.0,1,0.0,2.0,20.0,0.0,1
2026-03-27 11:33:19,439.83,0.0,4.0,20.0,0.0,1,0.0,0.0,20.0,0.0,1,0.0,2.0,20.0,0.0,1,0.0,1.0,20.0,0.0,1,0.0,0.0,20.0,0.0,1,0.0,2.0,20.0,0.0,1
2026-03-27 11:33:20,440.57,0.0,4.0,20.0,0.0,1,0.0,0.0,20.0,0.0,1,0.0,2.0,20.0,0.0,1,0.0,1.0,20.0,0.0,1,0.0,0.0,20.0,0.0,1,0.0,2.0,20.0,0.0,1
2026-03-27 11:33:21,441.3,0.0,4.0,20.0,0.0,1,0.0,0.0,20.0,0.0,1,0.0,2.0,20.0,0.0,1,0.0,1.0,20.0,0.0,1,0.0,0.0,20.0,0.0,1,0.0,2.0,20.0,0.0,1
2026-03-27 11:33:22,442.06,0.0,4.0,20.0,0.0,1,0.0,0.0,20.0,0.0,1,0.0,2.0,20.0,0.0,1,0.0,1.0,20.0,0.0,1,0.0,0.0,20.0,0.0,1,0.0,2.0,20.0,0.0,1
2026-03-27 11:33:22,442.8,0.0,4.0,20.0,0.0,1,0.0,0.0,20.0,0.0,1,0.0,2.0,20.0,0.0,1,0.0,1.0,20.0,0.0,1,0.0,0.0,20.0,0.0,1,0.0,2.0,20.0,0.0,1
2026-03-27 11:33:23,443.56,0.0,4.0,20.0,0.0,1,0.0,0.0,20.0,0.0,1,0.0,2.0,20.0,0.0,1,0.0,1.0,20.0,0.0,1,0.0,0.0,20.0,0.0,1,0.0,2.0,20.0,0.0,1
2026-03-27 11:33:24,444.29,0.0,4.0,20.0,0.0,1,0.0,0.0,20.0,0.0,1,0.0,2.0,20.0,0.0,1,0.0,1.0,20.0,0.0,1,0.0,0.0,20.0,0.0,1,0.0,2.0,20.0,0.0,1
2026-03-27 11:33:25,445.03,0.0,4.0,20.0,0.0,1,0.0,0.0,20.0,0.0,1,0.0,2.0,20.0,0.0,1,0.0,1.0,20.0,0.0,1,0.0,0.0,20.0,0.0,1,0.0,2.0,20.0,0.0,1
2026-03-27 11:33:25,445.78,0.0,4.0,20.0,0.0,1,0.0,0.0,20.0,0.0,1,0.0,2.0,20.0,0.0,1,0.0,1.0,20.0,0.0,1,0.0,0.0,20.0,0.0,1,0.0,2.0,20.0,0.0,1
2026-03-27 11:33:26,446.51,0.0,4.0,20.0,0.0,1,0.0,0.0,20.0,0.0,1,0.0,2.0,20.0,0.0,1,0.0,1.0,20.0,0.0,1,0.0,0.0,20.0,0.0,1,0.0,2.0,20.0,0.0,1
2026-03-27 11:33:27,447.25,0.0,4.0,20.0,0.0,1,0.0,0.0,20.0,0.0,1,0.0,2.0,20.0,0.0,1,0.0,1.0,20.0,0.0,1,0.0,0.0,20.0,0.0,1,0.0,2.0,20.0,0.0,1
2026-03-27 11:33:28,448.0,0.0,4.0,20.0,0.0,1,0.0,0.0,20.0,0.0,1,0.0,2.0,20.0,0.0,1,0.0,1.0,20.0,0.0,1,0.0,0.0,20.0,0.0,1,0.0,2.0,20.0,0.0,1
2026-03-27 11:33:28,448.72,0.0,4.0,20.0,0.0,1,0.0,0.0,20.0,0.0,1,0.0,2.0,20.0,0.0,1,0.0,1.0,20.0,0.0,1,0.0,0.0,20.0,0.0,1,0.0,2.0,20.0,0.0,1
2026-03-27 11:33:29,449.47,0.0,4.0,20.0,0.0,1,0.0,0.0,20.0,0.0,1,0.0,2.0,20.0,0.0,1,0.0,1.0,20.0,0.0,1,0.0,0.0,20.0,0.0,1,0.0,2.0,20.0,0.0,1
2026-03-27 11:33:30,450.19,0.0,4.0,20.0,0.0,1,0.0,0.0,20.0,0.0,1,0.0,2.0,20.0,0.0,1,0.0,1.0,20.0,0.0,1,0.0,0.0,20.0,0.0,1,0.0,2.0,20.0,0.0,1
2026-03-27 11:33:31,450.95,0.0,4.0,20.0,0.0,1,0.0,0.0,20.0,0.0,1,0.0,2.0,20.0,0.0,1,0.0,1.0,20.0,0.0,1,0.0,0.0,20.0,0.0,1,0.0,2.0,20.0,0.0,1
2026-03-27 11:33:31,451.69,0.0,4.0,20.0,0.0,1,0.0,0.0,20.0,0.0,1,0.0,2.0,20.0,0.0,1,0.0,1.0,20.0,0.0,1,0.0,0.0,20.0,0.0,1,0.0,2.0,20.0,0.0,1
2026-03-27 11:33:32,452.44,0.0,4.0,20.0,0.0,1,0.0,0.0,20.0,0.0,1,0.0,2.0,20.0,0.0,1,0.0,1.0,20.0,0.0,1,0.0,0.0,20.0,0.0,1,0.0,2.0,20.0,0.0,1
2026-03-27 11:33:33,453.17,0.0,4.0,20.0,0.0,1,0.0,0.0,20.0,0.0,1,0.0,2.0,20.0,0.0,1,0.0,1.0,20.0,0.0,1,0.0,0.0,20.0,0.0,1,0.0,2.0,20.0,0.0,1
2026-03-27 11:33:33,453.92,0.0,4.0,20.0,0.0,1,0.0,0.0,20.0,0.0,1,0.0,2.0,20.0,0.0,1,0.0,1.0,20.0,0.0,1,0.0,0.0,20.0,0.0,1,0.0,2.0,20.0,0.0,1
2026-03-27 11:33:34,454.64,0.0,4.0,20.0,0.0,1,0.0,0.0,20.0,0.0,1,0.0,2.0,20.0,0.0,1,0.0,1.0,20.0,0.0,1,0.0,0.0,20.0,0.0,1,0.0,2.0,20.0,0.0,1
2026-03-27 11:33:35,455.38,0.0,4.0,20.0,0.0,1,0.0,0.0,20.0,0.0,1,0.0,2.0,20.0,0.0,1,0.0,1.0,20.0,0.0,1,0.0,0.0,20.0,0.0,1,0.0,2.0,20.0,0.0,1
2026-03-27 11:33:36,456.11,0.0,4.0,20.0,0.0,1,0.0,0.0,20.0,0.0,1,0.0,2.0,20.0,0.0,1,0.0,1.0,20.0,0.0,1,0.0,0.0,20.0,0.0,1,0.0,2.0,20.0,0.0,1
2026-03-27 11:33:36,456.86,0.0,4.0,20.0,0.0,1,0.0,0.0,20.0,0.0,1,0.0,2.0,20.0,0.0,1,0.0,1.0,20.0,0.0,1,0.0,0.0,20.0,0.0,1,0.0,2.0,20.0,0.0,1
2026-03-27 11:33:37,457.63,0.0,4.0,20.0,0.0,1,0.0,0.0,20.0,0.0,1,0.0,2.0,20.0,0.0,1,0.0,1.0,20.0,0.0,1,0.0,0.0,20.0,0.0,1,0.0,2.0,20.0,0.0,1
2026-03-27 11:33:38,458.38,0.0,4.0,20.0,0.0,1,0.0,0.0,20.0,0.0,1,0.0,2.0,20.0,0.0,1,0.0,1.0,20.0,0.0,1,0.0,0.0,20.0,0.0,1,0.0,2.0,20.0,0.0,1
2026-03-27 11:33:39,459.16,0.0,4.0,20.0,0.0,1,0.0,0.0,20.0,0.0,1,0.0,2.0,20.0,0.0,1,0.0,1.0,20.0,0.0,1,0.0,0.0,20.0,0.0,1,0.0,2.0,20.0,0.0,1
2026-03-27 11:33:39,459.9,0.0,4.0,20.0,0.0,1,0.0,0.0,20.0,0.0,1,0.0,2.0,20.0,0.0,1,0.0,1.0,20.0,0.0,1,0.0,0.0,20.0,0.0,1,0.0,2.0,20.0,0.0,1
2026-03-27 11:33:40,460.63,0.0,4.0,20.0,0.0,1,0.0,0.0,20.0,0.0,1,0.0,2.0,20.0,0.0,1,0.0,1.0,20.0,0.0,1,0.0,0.0,20.0,0.0,1,0.0,2.0,20.0,0.0,1
2026-03-27 11:33:41,461.35,0.0,4.0,20.0,0.0,1,0.0,0.0,20.0,0.0,1,0.0,2.0,20.0,0.0,1,0.0,1.0,20.0,0.0,1,0.0,0.0,20.0,0.0,1,0.0,2.0,20.0,0.0,1
2026-03-27 11:33:42,462.08,0.0,4.0,20.0,0.0,1,0.0,0.0,20.0,0.0,1,0.0,2.0,20.0,0.0,1,0.0,1.0,20.0,0.0,1,0.0,0.0,20.0,0.0,1,0.0,2.0,20.0,0.0,1
2026-03-27 11:33:42,462.83,0.0,4.0,20.0,0.0,1,0.0,0.0,20.0,0.0,1,0.0,2.0,20.0,0.0,1,0.0,1.0,20.0,0.0,1,0.0,0.0,20.0,0.0,1,0.0,2.0,20.0,0.0,1
2026-03-27 11:33:43,463.62,0.0,4.0,20.0,0.0,1,0.0,0.0,20.0,0.0,1,0.0,2.0,20.0,0.0,1,0.0,1.0,20.0,0.0,1,0.0,0.0,20.0,0.0,1,0.0,2.0,20.0,0.0,1
2026-03-27 11:33:44,464.34,0.0,4.0,20.0,0.0,1,0.0,0.0,20.0,0.0,1,0.0,2.0,20.0,0.0,1,0.0,1.0,20.0,0.0,1,0.0,0.0,20.0,0.0,1,0.0,2.0,20.0,0.0,1
2026-03-27 11:33:45,465.08,0.0,4.0,20.0,0.0,1,0.0,0.0,20.0,0.0,1,0.0,2.0,20.0,0.0,1,0.0,1.0,20.0,0.0,1,0.0,0.0,20.0,0.0,1,0.0,2.0,20.0,0.0,1
2026-03-27 11:33:45,465.85,0.0,4.0,20.0,0.0,1,0.0,0.0,20.0,0.0,1,0.0,2.0,20.0,0.0,1,0.0,1.0,20.0,0.0,1,0.0,0.0,20.0,0.0,1,0.0,2.0,20.0,0.0,1
2026-03-27 11:33:46,466.58,0.0,4.0,20.0,0.0,1,0.0,0.0,20.0,0.0,1,0.0,2.0,20.0,0.0,1,0.0,1.0,20.0,0.0,1,0.0,0.0,20.0,0.0,1,0.0,2.0,20.0,0.0,1
2026-03-27 11:33:47,467.3,0.0,4.0,20.0,0.0,1,0.0,0.0,20.0,0.0,1,0.0,2.0,20.0,0.0,1,0.0,1.0,20.0,0.0,1,0.0,0.0,20.0,0.0,1,0.0,2.0,20.0,0.0,1
2026-03-27 11:33:48,468.05,0.0,4.0,20.0,0.0,1,0.0,0.0,20.0,0.0,1,0.0,2.0,20.0,0.0,1,0.0,1.0,20.0,0.0,1,0.0,0.0,20.0,0.0,1,0.0,2.0,20.0,0.0,1
2026-03-27 11:33:48,468.81,0.0,4.0,20.0,0.0,1,0.0,0.0,20.0,0.0,1,0.0,2.0,20.0,0.0,1,0.0,1.0,20.0,0.0,1,0.0,0.0,20.0,0.0,1,0.0,2.0,20.0,0.0,1
2026-03-27 11:33:49,469.55,0.0,4.0,20.0,0.0,1,0.0,0.0,20.0,0.0,1,0.0,2.0,20.0,0.0,1,0.0,1.0,20.0,0.0,1,0.0,0.0,20.0,0.0,1,0.0,2.0,20.0,0.0,1
2026-03-27 11:33:50,470.28,0.0,4.0,20.0,0.0,1,0.0,0.0,20.0,0.0,1,0.0,2.0,20.0,0.0,1,0.0,1.0,20.0,0.0,1,0.0,0.0,20.0,0.0,1,0.0,2.0,20.0,0.0,1
2026-03-27 11:33:51,471.01,0.0,4.0,20.0,0.0,1,0.0,0.0,20.0,0.0,1,0.0,2.0,20.0,0.0,1,0.0,1.0,20.0,0.0,1,0.0,0.0,20.0,0.0,1,0.0,2.0,20.0,0.0,1
2026-03-27 11:33:51,471.74,0.0,4.0,20.0,0.0,1,0.0,0.0,20.0,0.0,1,0.0,2.0,20.0,0.0,1,0.0,1.0,20.0,0.0,1,0.0,0.0,20.0,0.0,1,0.0,2.0,20.0,0.0,1
2026-03-27 11:33:52,472.47,0.0,4.0,20.0,0.0,1,0.0,0.0,20.0,0.0,1,0.0,2.0,20.0,0.0,1,0.0,1.0,20.0,0.0,1,0.0,0.0,20.0,0.0,1,0.0,2.0,20.0,0.0,1
2026-03-27 11:33:53,473.22,0.0,4.0,20.0,0.0,1,0.0,0.0,20.0,0.0,1,0.0,2.0,20.0,0.0,1,0.0,1.0,20.0,0.0,1,0.0,0.0,20.0,0.0,1,0.0,2.0,20.0,0.0,1
2026-03-27 11:33:54,473.99,0.0,4.0,20.0,0.0,1,0.0,0.0,20.0,0.0,1,0.0,2.0,20.0,0.0,1,0.0,1.0,20.0,0.0,1,0.0,0.0,20.0,0.0,1,0.0,2.0,20.0,0.0,1
2026-03-27 11:33:54,474.75,0.0,4.0,20.0,0.0,1,0.0,0.0,20.0,0.0,1,0.0,2.0,20.0,0.0,1,0.0,1.0,20.0,0.0,1,0.0,0.0,20.0,0.0,1,0.0,2.0,20.0,0.0,1
2026-03-27 11:33:55,475.5,0.0,4.0,20.0,0.0,1,0.0,0.0,20.0,0.0,1,0.0,2.0,20.0,0.0,1,0.0,1.0,20.0,0.0,1,0.0,0.0,20.0,0.0,1,0.0,2.0,20.0,0.0,1
2026-03-27 11:33:56,476.25,0.0,4.0,20.0,0.0,1,0.0,0.0,20.0,0.0,1,0.0,2.0,20.0,0.0,1,0.0,1.0,20.0,0.0,1,0.0,0.0,20.0,0.0,1,0.0,2.0,20.0,0.0,1
2026-03-27 11:33:57,476.99,0.0,4.0,20.0,0.0,1,0.0,0.0,20.0,0.0,1,0.0,2.0,20.0,0.0,1,0.0,1.0,20.0,0.0,1,0.0,0.0,20.0,0.0,1,0.0,2.0,20.0,0.0,1
2026-03-27 11:33:57,477.75,0.0,4.0,20.0,0.0,1,0.0,0.0,20.0,0.0,1,0.0,2.0,20.0,0.0,1,0.0,1.0,20.0,0.0,1,0.0,0.0,20.0,0.0,1,0.0,2.0,20.0,0.0,1
2026-03-27 11:33:58,478.47,0.0,4.0,20.0,0.0,1,0.0,0.0,20.0,0.0,1,0.0,2.0,20.0,0.0,1,0.0,1.0,20.0,0.0,1,0.0,0.0,20.0,0.0,1,0.0,2.0,20.0,0.0,1
2026-03-27 11:33:59,479.22,0.0,4.0,20.0,0.0,1,0.0,0.0,20.0,0.0,1,0.0,2.0,20.0,0.0,1,0.0,1.0,20.0,0.0,1,0.0,0.0,20.0,0.0,1,0.0,2.0,20.0,0.0,1
2026-03-27 11:34:00,479.94,0.0,4.0,20.0,0.0,1,0.0,0.0,20.0,0.0,1,0.0,2.0,20.0,0.0,1,0.0,1.0,20.0,0.0,1,0.0,0.0,20.0,0.0,1,0.0,2.0,20.0,0.0,1
2026-03-27 11:34:00,480.69,0.0,4.0,20.0,0.0,1,0.0,0.0,20.0,0.0,1,0.0,2.0,20.0,0.0,1,0.0,1.0,20.0,0.0,1,0.0,0.0,20.0,0.0,1,0.0,2.0,20.0,0.0,1
2026-03-27 11:34:01,481.43,0.0,4.0,20.0,0.0,1,0.0,0.0,20.0,0.0,1,0.0,2.0,20.0,0.0,1,0.0,1.0,20.0,0.0,1,0.0,0.0,20.0,0.0,1,0.0,2.0,20.0,0.0,1
2026-03-27 11:34:02,482.16,0.0,4.0,20.0,0.0,1,0.0,0.0,20.0,0.0,1,0.0,2.0,20.0,0.0,1,0.0,1.0,20.0,0.0,1,0.0,0.0,20.0,0.0,1,0.0,2.0,20.0,0.0,1
2026-03-27 11:34:02,482.93,0.0,4.0,20.0,0.0,1,0.0,0.0,20.0,0.0,1,0.0,2.0,20.0,0.0,1,0.0,1.0,20.0,0.0,1,0.0,0.0,20.0,0.0,1,0.0,2.0,20.0,0.0,1
2026-03-27 11:34:03,483.68,0.0,4.0,20.0,0.0,1,0.0,0.0,20.0,0.0,1,0.0,2.0,20.0,0.0,1,0.0,1.0,20.0,0.0,1,0.0,0.0,20.0,0.0,1,0.0,2.0,20.0,0.0,1
2026-03-27 11:34:04,484.45,0.0,4.0,20.0,0.0,1,0.0,0.0,20.0,0.0,1,0.0,2.0,20.0,0.0,1,0.0,1.0,20.0,0.0,1,0.0,0.0,20.0,0.0,1,0.0,2.0,20.0,0.0,1
2026-03-27 11:34:05,485.17,0.0,4.0,20.0,0.0,1,0.0,0.0,20.0,0.0,1,0.0,2.0,20.0,0.0,1,0.0,1.0,20.0,0.0,1,0.0,0.0,20.0,0.0,1,0.0,2.0,20.0,0.0,1
2026-03-27 11:34:05,485.91,0.0,4.0,20.0,0.0,1,0.0,0.0,20.0,0.0,1,0.0,2.0,20.0,0.0,1,0.0,1.0,20.0,0.0,1,0.0,0.0,20.0,0.0,1,0.0,2.0,20.0,0.0,1
2026-03-27 11:34:06,486.66,0.0,4.0,20.0,0.0,1,0.0,0.0,20.0,0.0,1,0.0,2.0,20.0,0.0,1,0.0,1.0,20.0,0.0,1,0.0,0.0,20.0,0.0,1,0.0,2.0,20.0,0.0,1
2026-03-27 11:34:07,487.45,0.0,4.0,20.0,0.0,1,0.0,0.0,20.0,0.0,1,0.0,2.0,20.0,0.0,1,0.0,1.0,20.0,0.0,1,0.0,0.0,20.0,0.0,1,0.0,2.0,20.0,0.0,1
2026-03-27 11:34:08,488.18,0.0,4.0,20.0,0.0,1,0.0,0.0,20.0,0.0,1,0.0,2.0,20.0,0.0,1,0.0,1.0,20.0,0.0,1,0.0,0.0,20.0,0.0,1,0.0,2.0,20.0,0.0,1
2026-03-27 11:34:09,488.95,0.0,4.0,20.0,0.0,1,0.0,0.0,20.0,0.0,1,0.0,2.0,20.0,0.0,1,0.0,1.0,20.0,0.0,1,0.0,0.0,20.0,0.0,1,0.0,2.0,20.0,0.0,1
2026-03-27 11:34:09,489.7,0.0,4.0,20.0,0.0,1,0.0,0.0,20.0,0.0,1,0.0,2.0,20.0,0.0,1,0.0,1.0,20.0,0.0,1,0.0,0.0,20.0,0.0,1,0.0,2.0,20.0,0.0,1
2026-03-27 11:34:10,490.45,0.0,4.0,20.0,0.0,1,0.0,0.0,20.0,0.0,1,0.0,2.0,20.0,0.0,1,0.0,1.0,20.0,0.0,1,0.0,0.0,20.0,0.0,1,0.0,2.0,20.0,0.0,1
2026-03-27 11:34:11,491.19,0.0,4.0,20.0,0.0,1,0.0,0.0,20.0,0.0,1,0.0,2.0,20.0,0.0,1,0.0,1.0,20.0,0.0,1,0.0,0.0,20.0,0.0,1,0.0,2.0,20.0,0.0,1
2026-03-27 11:34:12,491.96,0.0,4.0,20.0,0.0,1,0.0,0.0,20.0,0.0,1,0.0,2.0,20.0,0.0,1,0.0,1.0,20.0,0.0,1,0.0,0.0,20.0,0.0,1,0.0,2.0,20.0,0.0,1
2026-03-27 11:34:12,492.72,0.0,4.0,20.0,0.0,1,0.0,0.0,20.0,0.0,1,0.0,2.0,20.0,0.0,1,0.0,1.0,20.0,0.0,1,0.0,0.0,20.0,0.0,1,0.0,2.0,20.0,0.0,1
2026-03-27 11:34:13,493.44,0.0,4.0,20.0,0.0,1,0.0,0.0,20.0,0.0,1,0.0,2.0,20.0,0.0,1,0.0,1.0,20.0,0.0,1,0.0,0.0,20.0,0.0,1,0.0,2.0,20.0,0.0,1
2026-03-27 11:34:14,494.2,0.0,4.0,20.0,0.0,1,0.0,0.0,20.0,0.0,1,0.0,2.0,20.0,0.0,1,0.0,1.0,20.0,0.0,1,0.0,0.0,20.0,0.0,1,0.0,2.0,20.0,0.0,1
2026-03-27 11:34:15,494.95,0.0,4.0,20.0,0.0,1,0.0,0.0,20.0,0.0,1,0.0,2.0,20.0,0.0,1,0.0,1.0,20.0,0.0,1,0.0,0.0,20.0,0.0,1,0.0,2.0,20.0,0.0,1
2026-03-27 11:34:15,495.69,0.0,4.0,20.0,0.0,1,0.0,0.0,20.0,0.0,1,0.0,2.0,20.0,0.0,1,0.0,1.0,20.0,0.0,1,0.0,0.0,20.0,0.0,1,0.0,2.0,20.0,0.0,1
2026-03-27 11:34:16,496.42,0.0,4.0,20.0,0.0,1,0.0,0.0,20.0,0.0,1,0.0,2.0,20.0,0.0,1,0.0,1.0,20.0,0.0,1,0.0,0.0,20.0,0.0,1,0.0,2.0,20.0,0.0,1
2026-03-27 11:34:17,497.15,0.0,4.0,20.0,0.0,1,0.0,0.0,20.0,0.0,1,0.0,2.0,20.0,0.0,1,0.0,1.0,20.0,0.0,1,0.0,0.0,20.0,0.0,1,0.0,2.0,20.0,0.0,1
2026-03-27 11:34:17,497.88,0.0,4.0,20.0,0.0,1,0.0,0.0,20.0,0.0,1,0.0,2.0,20.0,0.0,1,0.0,1.0,20.0,0.0,1,0.0,0.0,20.0,0.0,1,0.0,2.0,20.0,0.0,1
2026-03-27 11:34:18,498.62,0.0,4.0,20.0,0.0,1,0.0,0.0,20.0,0.0,1,0.0,2.0,20.0,0.0,1,0.0,1.0,20.0,0.0,1,0.0,0.0,20.0,0.0,1,0.0,2.0,20.0,0.0,1
2026-03-27 11:34:19,499.36,0.0,4.0,20.0,0.0,1,0.0,0.0,20.0,0.0,1,0.0,2.0,20.0,0.0,1,0.0,1.0,20.0,0.0,1,0.0,0.0,20.0,0.0,1,0.0,2.0,20.0,0.0,1
2026-03-27 11:34:20,500.07,0.0,4.0,20.0,0.0,1,0.0,0.0,20.0,0.0,1,0.0,2.0,20.0,0.0,1,0.0,1.0,20.0,0.0,1,0.0,0.0,20.0,0.0,1,0.0,2.0,20.0,0.0,1
2026-03-27 11:34:20,500.84,0.0,4.0,20.0,0.0,1,0.0,0.0,20.0,0.0,1,0.0,2.0,20.0,0.0,1,0.0,1.0,20.0,0.0,1,0.0,0.0,20.0,0.0,1,0.0,2.0,20.0,0.0,1
2026-03-27 11:34:21,501.62,0.0,4.0,20.0,0.0,1,0.0,0.0,20.0,0.0,1,0.0,2.0,20.0,0.0,1,0.0,1.0,20.0,0.0,1,0.0,0.0,20.0,0.0,1,0.0,2.0,20.0,0.0,1
2026-03-27 11:34:22,502.35,0.0,4.0,20.0,0.0,1,0.0,0.0,20.0,0.0,1,0.0,2.0,20.0,0.0,1,0.0,1.0,20.0,0.0,1,0.0,0.0,20.0,0.0,1,0.0,2.0,20.0,0.0,1
2026-03-27 11:34:23,503.1,0.0,4.0,20.0,0.0,1,0.0,0.0,20.0,0.0,1,0.0,2.0,20.0,0.0,1,0.0,1.0,20.0,0.0,1,0.0,0.0,20.0,0.0,1,0.0,2.0,20.0,0.0,1
2026-03-27 11:34:23,503.93,0.0,4.0,20.0,0.0,1,0.0,0.0,20.0,0.0,1,0.0,2.0,20.0,0.0,1,0.0,1.0,20.0,0.0,1,0.0,0.0,20.0,0.0,1,0.0,2.0,20.0,0.0,1
2026-03-27 11:34:24,504.67,0.0,4.0,20.0,0.0,1,0.0,0.0,20.0,0.0,1,0.0,2.0,20.0,0.0,1,0.0,1.0,20.0,0.0,1,0.0,0.0,20.0,0.0,1,0.0,2.0,20.0,0.0,1
2026-03-27 11:34:25,505.45,0.0,4.0,20.0,0.0,1,0.0,0.0,20.0,0.0,1,0.0,2.0,20.0,0.0,1,0.0,1.0,20.0,0.0,1,0.0,0.0,20.0,0.0,1,0.0,2.0,20.0,0.0,1
2026-03-27 11:34:26,506.19,0.0,4.0,20.0,0.0,1,0.0,0.0,20.0,0.0,1,0.0,2.0,20.0,0.0,1,0.0,1.0,20.0,0.0,1,0.0,0.0,20.0,0.0,1,0.0,2.0,20.0,0.0,1
2026-03-27 11:34:27,506.96,0.0,4.0,20.0,0.0,1,0.0,0.0,20.0,0.0,1,0.0,2.0,20.0,0.0,1,0.0,1.0,20.0,0.0,1,0.0,0.0,20.0,0.0,1,0.0,2.0,20.0,0.0,1
2026-03-27 11:34:27,507.75,0.0,4.0,20.0,0.0,1,0.0,0.0,20.0,0.0,1,0.0,2.0,20.0,0.0,1,0.0,1.0,20.0,0.0,1,0.0,0.0,20.0,0.0,1,0.0,2.0,20.0,0.0,1
2026-03-27 11:34:28,508.5,0.0,4.0,20.0,0.0,1,0.0,0.0,20.0,0.0,1,0.0,2.0,20.0,0.0,1,0.0,1.0,20.0,0.0,1,0.0,0.0,20.0,0.0,1,0.0,2.0,20.0,0.0,1
2026-03-27 11:34:29,509.27,0.0,4.0,20.0,0.0,1,0.0,0.0,20.0,0.0,1,0.0,2.0,20.0,0.0,1,0.0,1.0,20.0,0.0,1,0.0,0.0,20.0,0.0,1,0.0,2.0,20.0,0.0,1
2026-03-27 11:34:30,510.08,0.0,4.0,20.0,0.0,1,0.0,0.0,20.0,0.0,1,0.0,2.0,20.0,0.0,1,0.0,1.0,20.0,0.0,1,0.0,0.0,20.0,0.0,1,0.0,2.0,20.0,0.0,1
2026-03-27 11:34:30,510.82,0.0,4.0,20.0,0.0,1,0.0,0.0,20.0,0.0,1,0.0,2.0,20.0,0.0,1,0.0,1.0,20.0,0.0,1,0.0,0.0,20.0,0.0,1,0.0,2.0,20.0,0.0,1
2026-03-27 11:34:31,511.56,0.0,4.0,20.0,0.0,1,0.0,0.0,20.0,0.0,1,0.0,2.0,20.0,0.0,1,0.0,1.0,20.0,0.0,1,0.0,0.0,20.0,0.0,1,0.0,2.0,20.0,0.0,1
2026-03-27 11:34:32,512.33,0.0,4.0,20.0,0.0,1,0.0,0.0,20.0,0.0,1,0.0,2.0,20.0,0.0,1,0.0,1.0,20.0,0.0,1,0.0,0.0,20.0,0.0,1,0.0,2.0,20.0,0.0,1
2026-03-27 11:34:33,513.09,0.0,4.0,20.0,0.0,1,0.0,0.0,20.0,0.0,1,0.0,2.0,20.0,0.0,1,0.0,1.0,20.0,0.0,1,0.0,0.0,20.0,0.0,1,0.0,2.0,20.0,0.0,1
2026-03-27 11:34:33,513.84,0.0,4.0,20.0,0.0,1,0.0,0.0,20.0,0.0,1,0.0,2.0,20.0,0.0,1,0.0,1.0,20.0,0.0,1,0.0,0.0,20.0,0.0,1,0.0,2.0,20.0,0.0,1
2026-03-27 11:34:34,514.6,0.0,4.0,20.0,0.0,1,0.0,0.0,20.0,0.0,1,0.0,2.0,20.0,0.0,1,0.0,1.0,20.0,0.0,1,0.0,0.0,20.0,0.0,1,0.0,2.0,20.0,0.0,1
2026-03-27 11:34:35,515.37,0.0,4.0,20.0,0.0,1,0.0,0.0,20.0,0.0,1,0.0,2.0,20.0,0.0,1,0.0,1.0,20.0,0.0,1,0.0,0.0,20.0,0.0,1,0.0,2.0,20.0,0.0,1
2026-03-27 11:34:36,516.14,0.0,4.0,20.0,0.0,1,0.0,0.0,20.0,0.0,1,0.0,2.0,20.0,0.0,1,0.0,1.0,20.0,0.0,1,0.0,0.0,20.0,0.0,1,0.0,2.0,20.0,0.0,1
2026-03-27 11:34:36,516.91,0.0,4.0,20.0,0.0,1,0.0,0.0,20.0,0.0,1,0.0,2.0,20.0,0.0,1,0.0,1.0,20.0,0.0,1,0.0,0.0,20.0,0.0,1,0.0,2.0,20.0,0.0,1
2026-03-27 11:34:37,517.67,0.0,4.0,20.0,0.0,1,0.0,0.0,20.0,0.0,1,0.0,2.0,20.0,0.0,1,0.0,1.0,20.0,0.0,1,0.0,0.0,20.0,0.0,1,0.0,2.0,20.0,0.0,1
2026-03-27 11:34:38,518.43,0.0,4.0,20.0,0.0,1,0.0,0.0,20.0,0.0,1,0.0,2.0,20.0,0.0,1,0.0,1.0,20.0,0.0,1,0.0,0.0,20.0,0.0,1,0.0,2.0,20.0,0.0,1
2026-03-27 11:34:39,519.2,0.0,4.0,20.0,0.0,1,0.0,0.0,20.0,0.0,1,0.0,2.0,20.0,0.0,1,0.0,1.0,20.0,0.0,1,0.0,0.0,20.0,0.0,1,0.0,2.0,20.0,0.0,1
2026-03-27 11:34:40,519.97,0.0,4.0,20.0,0.0,1,0.0,0.0,20.0,0.0,1,0.0,2.0,20.0,0.0,1,0.0,1.0,20.0,0.0,1,0.0,0.0,20.0,0.0,1,0.0,2.0,20.0,0.0,1
2026-03-27 11:34:40,520.74,0.0,4.0,20.0,0.0,1,0.0,0.0,20.0,0.0,1,0.0,2.0,20.0,0.0,1,0.0,1.0,20.0,0.0,1,0.0,0.0,20.0,0.0,1,0.0,2.0,20.0,0.0,1
2026-03-27 11:34:41,521.48,0.0,4.0,20.0,0.0,1,0.0,0.0,20.0,0.0,1,0.0,2.0,20.0,0.0,1,0.0,1.0,20.0,0.0,1,0.0,0.0,20.0,0.0,1,0.0,2.0,20.0,0.0,1
2026-03-27 11:34:42,522.23,0.0,4.0,20.0,0.0,1,0.0,0.0,20.0,0.0,1,0.0,2.0,20.0,0.0,1,0.0,1.0,20.0,0.0,1,0.0,0.0,20.0,0.0,1,0.0,2.0,20.0,0.0,1
2026-03-27 11:34:43,522.99,0.0,4.0,20.0,0.0,1,0.0,0.0,20.0,0.0,1,0.0,2.0,20.0,0.0,1,0.0,1.0,20.0,0.0,1,0.0,0.0,20.0,0.0,1,0.0,2.0,20.0,0.0,1
2026-03-27 11:34:43,523.74,0.0,4.0,20.0,0.0,1,0.0,0.0,20.0,0.0,1,0.0,2.0,20.0,0.0,1,0.0,1.0,20.0,0.0,1,0.0,0.0,20.0,0.0,1,0.0,2.0,20.0,0.0,1
2026-03-27 11:34:44,524.48,0.0,4.0,20.0,0.0,1,0.0,0.0,20.0,0.0,1,0.0,2.0,20.0,0.0,1,0.0,1.0,20.0,0.0,1,0.0,0.0,20.0,0.0,1,0.0,2.0,20.0,0.0,1
2026-03-27 11:34:45,525.23,0.0,4.0,20.0,0.0,1,0.0,0.0,20.0,0.0,1,0.0,2.0,20.0,0.0,1,0.0,1.0,20.0,0.0,1,0.0,0.0,20.0,0.0,1,0.0,2.0,20.0,0.0,1
2026-03-27 11:34:46,526.02,0.0,4.0,20.0,0.0,1,0.0,0.0,20.0,0.0,1,0.0,2.0,20.0,0.0,1,0.0,1.0,20.0,0.0,1,0.0,0.0,20.0,0.0,1,0.0,2.0,20.0,0.0,1
2026-03-27 11:34:46,526.78,0.0,4.0,20.0,0.0,1,0.0,0.0,20.0,0.0,1,0.0,2.0,20.0,0.0,1,0.0,1.0,20.0,0.0,1,0.0,0.0,20.0,0.0,1,0.0,2.0,20.0,0.0,1
2026-03-27 11:34:47,527.53,0.0,4.0,20.0,0.0,1,0.0,0.0,20.0,0.0,1,0.0,2.0,20.0,0.0,1,0.0,1.0,20.0,0.0,1,0.0,0.0,20.0,0.0,1,0.0,2.0,20.0,0.0,1
2026-03-27 11:34:48,528.27,0.0,4.0,20.0,0.0,1,0.0,0.0,20.0,0.0,1,0.0,2.0,20.0,0.0,1,0.0,1.0,20.0,0.0,1,0.0,0.0,20.0,0.0,1,0.0,2.0,20.0,0.0,1
2026-03-27 11:34:49,529.01,0.0,4.0,20.0,0.0,1,0.0,0.0,20.0,0.0,1,0.0,2.0,20.0,0.0,1,0.0,1.0,20.0,0.0,1,0.0,0.0,20.0,0.0,1,0.0,2.0,20.0,0.0,1
2026-03-27 11:34:49,529.74,0.0,4.0,20.0,0.0,1,0.0,0.0,20.0,0.0,1,0.0,2.0,20.0,0.0,1,0.0,1.0,20.0,0.0,1,0.0,0.0,20.0,0.0,1,0.0,2.0,20.0,0.0,1
2026-03-27 11:34:50,530.47,0.0,4.0,20.0,0.0,1,0.0,0.0,20.0,0.0,1,0.0,2.0,20.0,0.0,1,0.0,1.0,20.0,0.0,1,0.0,0.0,20.0,0.0,1,0.0,2.0,20.0,0.0,1
2026-03-27 11:34:51,531.21,0.0,4.0,20.0,0.0,1,0.0,0.0,20.0,0.0,1,0.0,2.0,20.0,0.0,1,0.0,1.0,20.0,0.0,1,0.0,0.0,20.0,0.0,1,0.0,2.0,20.0,0.0,1
2026-03-27 11:34:52,531.95,0.0,4.0,20.0,0.0,1,0.0,0.0,20.0,0.0,1,0.0,2.0,20.0,0.0,1,0.0,1.0,20.0,0.0,1,0.0,0.0,20.0,0.0,1,0.0,2.0,20.0,0.0,1
2026-03-27 11:34:52,532.78,0.0,4.0,20.0,0.0,1,0.0,0.0,20.0,0.0,1,0.0,2.0,20.0,0.0,1,0.0,1.0,20.0,0.0,1,0.0,0.0,20.0,0.0,1,0.0,2.0,20.0,0.0,1
2026-03-27 11:34:53,533.61,0.0,4.0,20.0,0.0,1,0.0,0.0,20.0,0.0,1,0.0,2.0,20.0,0.0,1,0.0,1.0,20.0,0.0,1,0.0,0.0,20.0,0.0,1,0.0,2.0,20.0,0.0,1
2026-03-27 11:34:54,534.35,0.0,4.0,20.0,0.0,1,0.0,0.0,20.0,0.0,1,0.0,2.0,20.0,0.0,1,0.0,1.0,20.0,0.0,1,0.0,0.0,20.0,0.0,1,0.0,2.0,20.0,0.0,1
2026-03-27 11:34:55,535.08,0.0,4.0,20.0,0.0,1,0.0,0.0,20.0,0.0,1,0.0,2.0,20.0,0.0,1,0.0,1.0,20.0,0.0,1,0.0,0.0,20.0,0.0,1,0.0,2.0,20.0,0.0,1
2026-03-27 11:34:55,535.88,0.0,4.0,20.0,0.0,1,0.0,0.0,20.0,0.0,1,0.0,2.0,20.0,0.0,1,0.0,1.0,20.0,0.0,1,0.0,0.0,20.0,0.0,1,0.0,2.0,20.0,0.0,1
2026-03-27 11:34:56,536.65,0.0,4.0,20.0,0.0,1,0.0,0.0,20.0,0.0,1,0.0,2.0,20.0,0.0,1,0.0,1.0,20.0,0.0,1,0.0,0.0,20.0,0.0,1,0.0,2.0,20.0,0.0,1
2026-03-27 11:34:57,537.39,0.0,4.0,20.0,0.0,1,0.0,0.0,20.0,0.0,1,0.0,2.0,20.0,0.0,1,0.0,1.0,20.0,0.0,1,0.0,0.0,20.0,0.0,1,0.0,2.0,20.0,0.0,1
2026-03-27 11:34:58,538.15,0.0,4.0,20.0,0.0,1,0.0,0.0,20.0,0.0,1,0.0,2.0,20.0,0.0,1,0.0,1.0,20.0,0.0,1,0.0,0.0,20.0,0.0,1,0.0,2.0,20.0,0.0,1
2026-03-27 11:34:58,538.89,0.0,4.0,20.0,0.0,1,0.0,0.0,20.0,0.0,1,0.0,2.0,20.0,0.0,1,0.0,1.0,20.0,0.0,1,0.0,0.0,20.0,0.0,1,0.0,2.0,20.0,0.0,1
2026-03-27 11:34:59,539.64,0.0,4.0,20.0,0.0,1,0.0,0.0,20.0,0.0,1,0.0,2.0,20.0,0.0,1,0.0,1.0,20.0,0.0,1,0.0,0.0,20.0,0.0,1,0.0,2.0,20.0,0.0,1
2026-03-27 11:35:00,540.42,0.0,4.0,20.0,0.0,1,0.0,0.0,20.0,0.0,1,0.0,2.0,20.0,0.0,1,0.0,1.0,20.0,0.0,1,0.0,0.0,20.0,0.0,1,0.0,2.0,20.0,0.0,1
2026-03-27 11:35:01,541.18,0.0,4.0,20.0,0.0,1,0.0,0.0,20.0,0.0,1,0.0,2.0,20.0,0.0,1,0.0,1.0,20.0,0.0,1,0.0,0.0,20.0,0.0,1,0.0,2.0,20.0,0.0,1
2026-03-27 11:35:01,541.92,0.0,4.0,20.0,0.0,1,0.0,0.0,20.0,0.0,1,0.0,2.0,20.0,0.0,1,0.0,1.0,20.0,0.0,1,0.0,0.0,20.0,0.0,1,0.0,2.0,20.0,0.0,1
2026-03-27 11:35:02,542.65,0.0,4.0,20.0,0.0,1,0.0,0.0,20.0,0.0,1,0.0,2.0,20.0,0.0,1,0.0,1.0,20.0,0.0,1,0.0,0.0,20.0,0.0,1,0.0,2.0,20.0,0.0,1
2026-03-27 11:35:03,543.41,0.0,4.0,20.0,0.0,1,0.0,0.0,20.0,0.0,1,0.0,2.0,20.0,0.0,1,0.0,1.0,20.0,0.0,1,0.0,0.0,20.0,0.0,1,0.0,2.0,20.0,0.0,1
2026-03-27 11:35:04,544.15,0.0,4.0,20.0,0.0,1,0.0,0.0,20.0,0.0,1,0.0,2.0,20.0,0.0,1,0.0,1.0,20.0,0.0,1,0.0,0.0,20.0,0.0,1,0.0,2.0,20.0,0.0,1
2026-03-27 11:35:04,544.87,0.0,4.0,20.0,0.0,1,0.0,0.0,20.0,0.0,1,0.0,2.0,20.0,0.0,1,0.0,1.0,20.0,0.0,1,0.0,0.0,20.0,0.0,1,0.0,2.0,20.0,0.0,1
2026-03-27 11:35:05,545.64,0.0,4.0,20.0,0.0,1,0.0,0.0,20.0,0.0,1,0.0,2.0,20.0,0.0,1,0.0,1.0,20.0,0.0,1,0.0,0.0,20.0,0.0,1,0.0,2.0,20.0,0.0,1
2026-03-27 11:35:06,546.36,0.0,4.0,20.0,0.0,1,0.0,0.0,20.0,0.0,1,0.0,2.0,20.0,0.0,1,0.0,1.0,20.0,0.0,1,0.0,0.0,20.0,0.0,1,0.0,2.0,20.0,0.0,1
2026-03-27 11:35:07,547.1,0.0,4.0,20.0,0.0,1,0.0,0.0,20.0,0.0,1,0.0,2.0,20.0,0.0,1,0.0,1.0,20.0,0.0,1,0.0,0.0,20.0,0.0,1,0.0,2.0,20.0,0.0,1
2026-03-27 11:35:07,547.88,0.0,4.0,20.0,0.0,1,0.0,0.0,20.0,0.0,1,0.0,2.0,20.0,0.0,1,0.0,1.0,20.0,0.0,1,0.0,0.0,20.0,0.0,1,0.0,2.0,20.0,0.0,1
2026-03-27 11:35:08,548.65,0.0,4.0,20.0,0.0,1,0.0,0.0,20.0,0.0,1,0.0,2.0,20.0,0.0,1,0.0,1.0,20.0,0.0,1,0.0,0.0,20.0,0.0,1,0.0,2.0,20.0,0.0,1
2026-03-27 11:35:09,549.4,0.0,4.0,20.0,0.0,1,0.0,0.0,20.0,0.0,1,0.0,2.0,20.0,0.0,1,0.0,1.0,20.0,0.0,1,0.0,0.0,20.0,0.0,1,0.0,2.0,20.0,0.0,1
2026-03-27 11:35:10,550.17,0.0,4.0,20.0,0.0,1,0.0,0.0,20.0,0.0,1,0.0,2.0,20.0,0.0,1,0.0,1.0,20.0,0.0,1,0.0,0.0,20.0,0.0,1,0.0,2.0,20.0,0.0,1
2026-03-27 11:35:10,550.9,0.0,4.0,20.0,0.0,1,0.0,0.0,20.0,0.0,1,0.0,2.0,20.0,0.0,1,0.0,1.0,20.0,0.0,1,0.0,0.0,20.0,0.0,1,0.0,2.0,20.0,0.0,1
2026-03-27 11:35:11,551.68,0.0,4.0,20.0,0.0,1,0.0,0.0,20.0,0.0,1,0.0,2.0,20.0,0.0,1,0.0,1.0,20.0,0.0,1,0.0,0.0,20.0,0.0,1,0.0,2.0,20.0,0.0,1
2026-03-27 11:35:12,552.48,0.0,4.0,20.0,0.0,1,0.0,0.0,20.0,0.0,1,0.0,2.0,20.0,0.0,1,0.0,1.0,20.0,0.0,1,0.0,0.0,20.0,0.0,1,0.0,2.0,20.0,0.0,1
2026-03-27 11:35:13,553.29,0.0,4.0,20.0,0.0,1,0.0,0.0,20.0,0.0,1,0.0,2.0,20.0,0.0,1,0.0,1.0,20.0,0.0,1,0.0,0.0,20.0,0.0,1,0.0,2.0,20.0,0.0,1
2026-03-27 11:35:14,554.1,0.0,4.0,20.0,0.0,1,0.0,0.0,20.0,0.0,1,0.0,2.0,20.0,0.0,1,0.0,1.0,20.0,0.0,1,0.0,0.0,20.0,0.0,1,0.0,2.0,20.0,0.0,1
2026-03-27 11:35:14,554.83,0.0,4.0,20.0,0.0,1,0.0,0.0,20.0,0.0,1,0.0,2.0,20.0,0.0,1,0.0,1.0,20.0,0.0,1,0.0,0.0,20.0,0.0,1,0.0,2.0,20.0,0.0,1
2026-03-27 11:35:15,555.6,0.0,4.0,20.0,0.0,1,0.0,0.0,20.0,0.0,1,0.0,2.0,20.0,0.0,1,0.0,1.0,20.0,0.0,1,0.0,0.0,20.0,0.0,1,0.0,2.0,20.0,0.0,1
2026-03-27 11:35:16,556.34,0.0,4.0,20.0,0.0,1,0.0,0.0,20.0,0.0,1,0.0,2.0,20.0,0.0,1,0.0,1.0,20.0,0.0,1,0.0,0.0,20.0,0.0,1,0.0,2.0,20.0,0.0,1
2026-03-27 11:35:17,557.1,0.0,4.0,20.0,0.0,1,0.0,0.0,20.0,0.0,1,0.0,2.0,20.0,0.0,1,0.0,1.0,20.0,0.0,1,0.0,0.0,20.0,0.0,1,0.0,2.0,20.0,0.0,1
2026-03-27 11:35:17,557.9,0.0,4.0,20.0,0.0,1,0.0,0.0,20.0,0.0,1,0.0,2.0,20.0,0.0,1,0.0,1.0,20.0,0.0,1,0.0,0.0,20.0,0.0,1,0.0,2.0,20.0,0.0,1
2026-03-27 11:35:18,558.75,0.0,4.0,20.0,0.0,1,0.0,0.0,20.0,0.0,1,0.0,2.0,20.0,0.0,1,0.0,1.0,20.0,0.0,1,0.0,0.0,20.0,0.0,1,0.0,2.0,20.0,0.0,1
2026-03-27 11:35:19,559.55,0.0,4.0,20.0,0.0,1,0.0,0.0,20.0,0.0,1,0.0,2.0,20.0,0.0,1,0.0,1.0,20.0,0.0,1,0.0,0.0,20.0,0.0,1,0.0,2.0,20.0,0.0,1
2026-03-27 11:35:20,560.33,0.0,4.0,20.0,0.0,1,0.0,0.0,20.0,0.0,1,0.0,2.0,20.0,0.0,1,0.0,1.0,20.0,0.0,1,0.0,0.0,20.0,0.0,1,0.0,2.0,20.0,0.0,1
2026-03-27 11:35:21,561.13,0.0,4.0,20.0,0.0,1,0.0,0.0,20.0,0.0,1,0.0,2.0,20.0,0.0,1,0.0,1.0,20.0,0.0,1,0.0,0.0,20.0,0.0,1,0.0,2.0,20.0,0.0,1
2026-03-27 11:35:21,561.91,0.0,4.0,20.0,0.0,1,0.0,0.0,20.0,0.0,1,0.0,2.0,20.0,0.0,1,0.0,1.0,20.0,0.0,1,0.0,0.0,20.0,0.0,1,0.0,2.0,20.0,0.0,1
2026-03-27 11:35:22,562.7,0.0,4.0,20.0,0.0,1,0.0,0.0,20.0,0.0,1,0.0,2.0,20.0,0.0,1,0.0,1.0,20.0,0.0,1,0.0,0.0,20.0,0.0,1,0.0,2.0,20.0,0.0,1
2026-03-27 11:35:23,563.45,0.0,4.0,20.0,0.0,1,0.0,0.0,20.0,0.0,1,0.0,2.0,20.0,0.0,1,0.0,1.0,20.0,0.0,1,0.0,0.0,20.0,0.0,1,0.0,2.0,20.0,0.0,1
2026-03-27 11:35:24,564.17,0.0,4.0,20.0,0.0,1,0.0,0.0,20.0,0.0,1,0.0,2.0,20.0,0.0,1,0.0,1.0,20.0,0.0,1,0.0,0.0,20.0,0.0,1,0.0,2.0,20.0,0.0,1
2026-03-27 11:35:25,564.97,0.0,4.0,20.0,0.0,1,0.0,0.0,20.0,0.0,1,0.0,2.0,20.0,0.0,1,0.0,1.0,20.0,0.0,1,0.0,0.0,20.0,0.0,1,0.0,2.0,20.0,0.0,1
2026-03-27 11:35:25,565.72,0.0,4.0,20.0,0.0,1,0.0,0.0,20.0,0.0,1,0.0,2.0,20.0,0.0,1,0.0,1.0,20.0,0.0,1,0.0,0.0,20.0,0.0,1,0.0,2.0,20.0,0.0,1
2026-03-27 11:35:26,566.49,0.0,4.0,20.0,0.0,1,0.0,0.0,20.0,0.0,1,0.0,2.0,20.0,0.0,1,0.0,1.0,20.0,0.0,1,0.0,0.0,20.0,0.0,1,0.0,2.0,20.0,0.0,1
2026-03-27 11:35:27,567.27,0.0,4.0,20.0,0.0,1,0.0,0.0,20.0,0.0,1,0.0,2.0,20.0,0.0,1,0.0,1.0,20.0,0.0,1,0.0,0.0,20.0,0.0,1,0.0,2.0,20.0,0.0,1
2026-03-27 11:35:28,568.03,0.0,4.0,20.0,0.0,1,0.0,0.0,20.0,0.0,1,0.0,2.0,20.0,0.0,1,0.0,1.0,20.0,0.0,1,0.0,0.0,20.0,0.0,1,0.0,2.0,20.0,0.0,1
2026-03-27 11:35:28,568.82,0.0,4.0,20.0,0.0,1,0.0,0.0,20.0,0.0,1,0.0,2.0,20.0,0.0,1,0.0,1.0,20.0,0.0,1,0.0,0.0,20.0,0.0,1,0.0,2.0,20.0,0.0,1
2026-03-27 11:35:29,569.56,0.0,4.0,20.0,0.0,1,0.0,0.0,20.0,0.0,1,0.0,2.0,20.0,0.0,1,0.0,1.0,20.0,0.0,1,0.0,0.0,20.0,0.0,1,0.0,2.0,20.0,0.0,1
2026-03-27 11:35:30,570.34,0.0,4.0,20.0,0.0,1,0.0,0.0,20.0,0.0,1,0.0,2.0,20.0,0.0,1,0.0,1.0,20.0,0.0,1,0.0,0.0,20.0,0.0,1,0.0,2.0,20.0,0.0,1
2026-03-27 11:35:31,571.07,0.0,4.0,20.0,0.0,1,0.0,0.0,20.0,0.0,1,0.0,2.0,20.0,0.0,1,0.0,1.0,20.0,0.0,1,0.0,0.0,20.0,0.0,1,0.0,2.0,20.0,0.0,1
2026-03-27 11:35:31,571.83,0.0,4.0,20.0,0.0,1,0.0,0.0,20.0,0.0,1,0.0,2.0,20.0,0.0,1,0.0,1.0,20.0,0.0,1,0.0,0.0,20.0,0.0,1,0.0,2.0,20.0,0.0,1
2026-03-27 11:35:32,572.56,0.0,4.0,20.0,0.0,1,0.0,0.0,20.0,0.0,1,0.0,2.0,20.0,0.0,1,0.0,1.0,20.0,0.0,1,0.0,0.0,20.0,0.0,1,0.0,2.0,20.0,0.0,1
2026-03-27 11:35:33,573.31,0.0,4.0,20.0,0.0,1,0.0,0.0,20.0,0.0,1,0.0,2.0,20.0,0.0,1,0.0,1.0,20.0,0.0,1,0.0,0.0,20.0,0.0,1,0.0,2.0,20.0,0.0,1
2026-03-27 11:35:34,574.05,0.0,4.0,20.0,0.0,1,0.0,0.0,20.0,0.0,1,0.0,2.0,20.0,0.0,1,0.0,1.0,20.0,0.0,1,0.0,0.0,20.0,0.0,1,0.0,2.0,20.0,0.0,1
2026-03-27 11:35:34,574.8,0.0,4.0,20.0,0.0,1,0.0,0.0,20.0,0.0,1,0.0,2.0,20.0,0.0,1,0.0,1.0,20.0,0.0,1,0.0,0.0,20.0,0.0,1,0.0,2.0,20.0,0.0,1
2026-03-27 11:35:35,575.53,0.0,4.0,20.0,0.0,1,0.0,0.0,20.0,0.0,1,0.0,2.0,20.0,0.0,1,0.0,1.0,20.0,0.0,1,0.0,0.0,20.0,0.0,1,0.0,2.0,20.0,0.0,1
2026-03-27 11:35:36,576.28,0.0,4.0,20.0,0.0,1,0.0,0.0,20.0,0.0,1,0.0,2.0,20.0,0.0,1,0.0,1.0,20.0,0.0,1,0.0,0.0,20.0,0.0,1,0.0,2.0,20.0,0.0,1
2026-03-27 11:35:37,577.01,0.0,4.0,20.0,0.0,1,0.0,0.0,20.0,0.0,1,0.0,2.0,20.0,0.0,1,0.0,1.0,20.0,0.0,1,0.0,0.0,20.0,0.0,1,0.0,2.0,20.0,0.0,1
2026-03-27 11:35:37,577.75,0.0,4.0,20.0,0.0,1,0.0,0.0,20.0,0.0,1,0.0,2.0,20.0,0.0,1,0.0,1.0,20.0,0.0,1,0.0,0.0,20.0,0.0,1,0.0,2.0,20.0,0.0,1
2026-03-27 11:35:38,578.48,0.0,4.0,20.0,0.0,1,0.0,0.0,20.0,0.0,1,0.0,2.0,20.0,0.0,1,0.0,1.0,20.0,0.0,1,0.0,0.0,20.0,0.0,1,0.0,2.0,20.0,0.0,1
2026-03-27 11:35:39,579.24,0.0,4.0,20.0,0.0,1,0.0,0.0,20.0,0.0,1,0.0,2.0,20.0,0.0,1,0.0,1.0,20.0,0.0,1,0.0,0.0,20.0,0.0,1,0.0,2.0,20.0,0.0,1
2026-03-27 11:35:40,579.99,0.0,4.0,20.0,0.0,1,0.0,0.0,20.0,0.0,1,0.0,2.0,20.0,0.0,1,0.0,1.0,20.0,0.0,1,0.0,0.0,20.0,0.0,1,0.0,2.0,20.0,0.0,1
2026-03-27 11:35:40,580.74,0.0,4.0,20.0,0.0,1,0.0,0.0,20.0,0.0,1,0.0,2.0,20.0,0.0,1,0.0,1.0,20.0,0.0,1,0.0,0.0,20.0,0.0,1,0.0,2.0,20.0,0.0,1
2026-03-27 11:35:41,581.51,0.0,4.0,20.0,0.0,1,0.0,0.0,20.0,0.0,1,0.0,2.0,20.0,0.0,1,0.0,1.0,20.0,0.0,1,0.0,0.0,20.0,0.0,1,0.0,2.0,20.0,0.0,1
2026-03-27 11:35:42,582.24,0.0,4.0,20.0,0.0,1,0.0,0.0,20.0,0.0,1,0.0,2.0,20.0,0.0,1,0.0,1.0,20.0,0.0,1,0.0,0.0,20.0,0.0,1,0.0,2.0,20.0,0.0,1
2026-03-27 11:35:43,583.01,0.0,4.0,20.0,0.0,1,0.0,0.0,20.0,0.0,1,0.0,2.0,20.0,0.0,1,0.0,1.0,20.0,0.0,1,0.0,0.0,20.0,0.0,1,0.0,2.0,20.0,0.0,1
2026-03-27 11:35:43,583.74,0.0,4.0,20.0,0.0,1,0.0,0.0,20.0,0.0,1,0.0,2.0,20.0,0.0,1,0.0,1.0,20.0,0.0,1,0.0,0.0,20.0,0.0,1,0.0,2.0,20.0,0.0,1
2026-03-27 11:35:44,584.46,0.0,4.0,20.0,0.0,1,0.0,0.0,20.0,0.0,1,0.0,2.0,20.0,0.0,1,0.0,1.0,20.0,0.0,1,0.0,0.0,20.0,0.0,1,0.0,2.0,20.0,0.0,1
2026-03-27 11:35:45,585.2,0.0,4.0,20.0,0.0,1,0.0,0.0,20.0,0.0,1,0.0,2.0,20.0,0.0,1,0.0,1.0,20.0,0.0,1,0.0,0.0,20.0,0.0,1,0.0,2.0,20.0,0.0,1
2026-03-27 11:35:46,585.95,0.0,4.0,20.0,0.0,1,0.0,0.0,20.0,0.0,1,0.0,2.0,20.0,0.0,1,0.0,1.0,20.0,0.0,1,0.0,0.0,20.0,0.0,1,0.0,2.0,20.0,0.0,1
2026-03-27 11:35:46,586.7,0.0,4.0,20.0,0.0,1,0.0,0.0,20.0,0.0,1,0.0,2.0,20.0,0.0,1,0.0,1.0,20.0,0.0,1,0.0,0.0,20.0,0.0,1,0.0,2.0,20.0,0.0,1
2026-03-27 11:35:47,587.43,0.0,4.0,20.0,0.0,1,0.0,0.0,20.0,0.0,1,0.0,2.0,20.0,0.0,1,0.0,1.0,20.0,0.0,1,0.0,0.0,20.0,0.0,1,0.0,2.0,20.0,0.0,1
2026-03-27 11:35:48,588.18,0.0,4.0,20.0,0.0,1,0.0,0.0,20.0,0.0,1,0.0,2.0,20.0,0.0,1,0.0,1.0,20.0,0.0,1,0.0,0.0,20.0,0.0,1,0.0,2.0,20.0,0.0,1
2026-03-27 11:35:49,588.94,0.0,4.0,20.0,0.0,1,0.0,0.0,20.0,0.0,1,0.0,2.0,20.0,0.0,1,0.0,1.0,20.0,0.0,1,0.0,0.0,20.0,0.0,1,0.0,2.0,20.0,0.0,1
2026-03-27 11:35:49,589.71,0.0,4.0,20.0,0.0,1,0.0,0.0,20.0,0.0,1,0.0,2.0,20.0,0.0,1,0.0,1.0,20.0,0.0,1,0.0,0.0,20.0,0.0,1,0.0,2.0,20.0,0.0,1
2026-03-27 11:35:50,590.43,0.0,4.0,20.0,0.0,1,0.0,0.0,20.0,0.0,1,0.0,2.0,20.0,0.0,1,0.0,1.0,20.0,0.0,1,0.0,0.0,20.0,0.0,1,0.0,2.0,20.0,0.0,1
2026-03-27 11:35:51,591.2,0.0,4.0,20.0,0.0,1,0.0,0.0,20.0,0.0,1,0.0,2.0,20.0,0.0,1,0.0,1.0,20.0,0.0,1,0.0,0.0,20.0,0.0,1,0.0,2.0,20.0,0.0,1
2026-03-27 11:35:51,591.93,0.0,4.0,20.0,0.0,1,0.0,0.0,20.0,0.0,1,0.0,2.0,20.0,0.0,1,0.0,1.0,20.0,0.0,1,0.0,0.0,20.0,0.0,1,0.0,2.0,20.0,0.0,1
2026-03-27 11:35:52,592.68,0.0,4.0,20.0,0.0,1,0.0,0.0,20.0,0.0,1,0.0,2.0,20.0,0.0,1,0.0,1.0,20.0,0.0,1,0.0,0.0,20.0,0.0,1,0.0,2.0,20.0,0.0,1
2026-03-27 11:35:53,593.42,0.0,4.0,20.0,0.0,1,0.0,0.0,20.0,0.0,1,0.0,2.0,20.0,0.0,1,0.0,1.0,20.0,0.0,1,0.0,0.0,20.0,0.0,1,0.0,2.0,20.0,0.0,1
2026-03-27 11:35:54,594.19,0.0,4.0,20.0,0.0,1,0.0,0.0,20.0,0.0,1,0.0,2.0,20.0,0.0,1,0.0,1.0,20.0,0.0,1,0.0,0.0,20.0,0.0,1,0.0,2.0,20.0,0.0,1
2026-03-27 11:35:55,594.94,0.0,4.0,20.0,0.0,1,0.0,0.0,20.0,0.0,1,0.0,2.0,20.0,0.0,1,0.0,1.0,20.0,0.0,1,0.0,0.0,20.0,0.0,1,0.0,2.0,20.0,0.0,1
2026-03-27 11:35:55,595.72,0.0,4.0,20.0,0.0,1,0.0,0.0,20.0,0.0,1,0.0,2.0,20.0,0.0,1,0.0,1.0,20.0,0.0,1,0.0,0.0,20.0,0.0,1,0.0,2.0,20.0,0.0,1
2026-03-27 11:35:56,596.45,0.0,4.0,20.0,0.0,1,0.0,0.0,20.0,0.0,1,0.0,2.0,20.0,0.0,1,0.0,1.0,20.0,0.0,1,0.0,0.0,20.0,0.0,1,0.0,2.0,20.0,0.0,1
2026-03-27 11:35:57,597.22,0.0,4.0,20.0,0.0,1,0.0,0.0,20.0,0.0,1,0.0,2.0,20.0,0.0,1,0.0,1.0,20.0,0.0,1,0.0,0.0,20.0,0.0,1,0.0,2.0,20.0,0.0,1
2026-03-27 11:35:58,598.02,0.0,4.0,20.0,0.0,1,0.0,0.0,20.0,0.0,1,0.0,2.0,20.0,0.0,1,0.0,1.0,20.0,0.0,1,0.0,0.0,20.0,0.0,1,0.0,2.0,20.0,0.0,1
2026-03-27 11:35:58,598.75,0.0,4.0,20.0,0.0,1,0.0,0.0,20.0,0.0,1,0.0,2.0,20.0,0.0,1,0.0,1.0,20.0,0.0,1,0.0,0.0,20.0,0.0,1,0.0,2.0,20.0,0.0,1
2026-03-27 11:35:59,599.49,0.0,4.0,20.0,0.0,1,0.0,0.0,20.0,0.0,1,0.0,2.0,20.0,0.0,1,0.0,1.0,20.0,0.0,1,0.0,0.0,20.0,0.0,1,0.0,2.0,20.0,0.0,1
2026-03-27 11:36:00,600.24,0.0,4.0,20.0,0.0,1,0.0,0.0,20.0,0.0,1,0.0,2.0,20.0,0.0,1,0.0,1.0,20.0,0.0,1,0.0,0.0,20.0,0.0,1,0.0,2.0,20.0,0.0,1
2026-03-27 11:36:01,600.99,0.0,4.0,20.0,0.0,1,0.0,0.0,20.0,0.0,1,0.0,2.0,20.0,0.0,1,0.0,1.0,20.0,0.0,1,0.0,0.0,20.0,0.0,1,0.0,2.0,20.0,0.0,1
2026-03-27 11:36:01,601.76,0.0,4.0,20.0,0.0,1,0.0,0.0,20.0,0.0,1,0.0,2.0,20.0,0.0,1,0.0,1.0,20.0,0.0,1,0.0,0.0,20.0,0.0,1,0.0,2.0,20.0,0.0,1
2026-03-27 11:36:02,602.5,0.0,4.0,20.0,0.0,1,0.0,0.0,20.0,0.0,1,0.0,2.0,20.0,0.0,1,0.0,1.0,20.0,0.0,1,0.0,0.0,20.0,0.0,1,0.0,2.0,20.0,0.0,1
2026-03-27 11:36:03,603.26,0.0,4.0,20.0,0.0,1,0.0,0.0,20.0,0.0,1,0.0,2.0,20.0,0.0,1,0.0,1.0,20.0,0.0,1,0.0,0.0,20.0,0.0,1,0.0,2.0,20.0,0.0,1
2026-03-27 11:36:04,604.03,0.0,4.0,20.0,0.0,1,0.0,0.0,20.0,0.0,1,0.0,2.0,20.0,0.0,1,0.0,1.0,20.0,0.0,1,0.0,0.0,20.0,0.0,1,0.0,2.0,20.0,0.0,1
2026-03-27 11:36:04,604.83,0.0,4.0,20.0,0.0,1,0.0,0.0,20.0,0.0,1,0.0,2.0,20.0,0.0,1,0.0,1.0,20.0,0.0,1,0.0,0.0,20.0,0.0,1,0.0,2.0,20.0,0.0,1
2026-03-27 11:36:05,605.56,0.0,4.0,20.0,0.0,1,0.0,0.0,20.0,0.0,1,0.0,2.0,20.0,0.0,1,0.0,1.0,20.0,0.0,1,0.0,0.0,20.0,0.0,1,0.0,2.0,20.0,0.0,1
2026-03-27 11:36:06,606.33,0.0,4.0,20.0,0.0,1,0.0,0.0,20.0,0.0,1,0.0,2.0,20.0,0.0,1,0.0,1.0,20.0,0.0,1,0.0,0.0,20.0,0.0,1,0.0,2.0,20.0,0.0,1
2026-03-27 11:36:07,607.06,0.0,4.0,20.0,0.0,1,0.0,0.0,20.0,0.0,1,0.0,2.0,20.0,0.0,1,0.0,1.0,20.0,0.0,1,0.0,0.0,20.0,0.0,1,0.0,2.0,20.0,0.0,1
2026-03-27 11:36:07,607.81,0.0,4.0,20.0,0.0,1,0.0,0.0,20.0,0.0,1,0.0,2.0,20.0,0.0,1,0.0,1.0,20.0,0.0,1,0.0,0.0,20.0,0.0,1,0.0,2.0,20.0,0.0,1
2026-03-27 11:36:08,608.56,0.0,4.0,20.0,0.0,1,0.0,0.0,20.0,0.0,1,0.0,2.0,20.0,0.0,1,0.0,1.0,20.0,0.0,1,0.0,0.0,20.0,0.0,1,0.0,2.0,20.0,0.0,1
2026-03-27 11:36:09,609.32,0.0,4.0,20.0,0.0,1,0.0,0.0,20.0,0.0,1,0.0,2.0,20.0,0.0,1,0.0,1.0,20.0,0.0,1,0.0,0.0,20.0,0.0,1,0.0,2.0,20.0,0.0,1
2026-03-27 11:36:10,610.08,0.0,4.0,20.0,0.0,1,0.0,0.0,20.0,0.0,1,0.0,2.0,20.0,0.0,1,0.0,1.0,20.0,0.0,1,0.0,0.0,20.0,0.0,1,0.0,2.0,20.0,0.0,1
2026-03-27 11:36:10,610.86,0.0,4.0,20.0,0.0,1,0.0,0.0,20.0,0.0,1,0.0,2.0,20.0,0.0,1,0.0,1.0,20.0,0.0,1,0.0,0.0,20.0,0.0,1,0.0,2.0,20.0,0.0,1
2026-03-27 11:36:11,611.67,0.0,4.0,20.0,0.0,1,0.0,0.0,20.0,0.0,1,0.0,2.0,20.0,0.0,1,0.0,1.0,20.0,0.0,1,0.0,0.0,20.0,0.0,1,0.0,2.0,20.0,0.0,1
2026-03-27 11:36:12,612.4,0.0,4.0,20.0,0.0,1,0.0,0.0,20.0,0.0,1,0.0,2.0,20.0,0.0,1,0.0,1.0,20.0,0.0,1,0.0,0.0,20.0,0.0,1,0.0,2.0,20.0,0.0,1
2026-03-27 11:36:13,613.12,0.0,4.0,20.0,0.0,1,0.0,0.0,20.0,0.0,1,0.0,2.0,20.0,0.0,1,0.0,1.0,20.0,0.0,1,0.0,0.0,20.0,0.0,1,0.0,2.0,20.0,0.0,1
2026-03-27 11:36:13,613.86,0.0,4.0,20.0,0.0,1,0.0,0.0,20.0,0.0,1,0.0,2.0,20.0,0.0,1,0.0,1.0,20.0,0.0,1,0.0,0.0,20.0,0.0,1,0.0,2.0,20.0,0.0,1
2026-03-27 11:36:14,614.65,0.0,4.0,20.0,0.0,1,0.0,0.0,20.0,0.0,1,0.0,2.0,20.0,0.0,1,0.0,1.0,20.0,0.0,1,0.0,0.0,20.0,0.0,1,0.0,2.0,20.0,0.0,1
2026-03-27 11:36:15,615.39,0.0,4.0,20.0,0.0,1,0.0,0.0,20.0,0.0,1,0.0,2.0,20.0,0.0,1,0.0,1.0,20.0,0.0,1,0.0,0.0,20.0,0.0,1,0.0,2.0,20.0,0.0,1
2026-03-27 11:36:16,616.15,0.0,4.0,20.0,0.0,1,0.0,0.0,20.0,0.0,1,0.0,2.0,20.0,0.0,1,0.0,1.0,20.0,0.0,1,0.0,0.0,20.0,0.0,1,0.0,2.0,20.0,0.0,1
2026-03-27 11:36:16,616.94,0.0,4.0,20.0,0.0,1,0.0,0.0,20.0,0.0,1,0.0,2.0,20.0,0.0,1,0.0,1.0,20.0,0.0,1,0.0,0.0,20.0,0.0,1,0.0,2.0,20.0,0.0,1
2026-03-27 11:36:17,617.68,0.0,4.0,20.0,0.0,1,0.0,0.0,20.0,0.0,1,0.0,2.0,20.0,0.0,1,0.0,1.0,20.0,0.0,1,0.0,0.0,20.0,0.0,1,0.0,2.0,20.0,0.0,1
2026-03-27 11:36:18,618.42,0.0,4.0,20.0,0.0,1,0.0,0.0,20.0,0.0,1,0.0,2.0,20.0,0.0,1,0.0,1.0,20.0,0.0,1,0.0,0.0,20.0,0.0,1,0.0,2.0,20.0,0.0,1
2026-03-27 11:36:19,619.22,0.0,4.0,20.0,0.0,1,0.0,0.0,20.0,0.0,1,0.0,2.0,20.0,0.0,1,0.0,1.0,20.0,0.0,1,0.0,0.0,20.0,0.0,1,0.0,2.0,20.0,0.0,1
2026-03-27 11:36:20,619.98,0.0,4.0,20.0,0.0,1,0.0,0.0,20.0,0.0,1,0.0,2.0,20.0,0.0,1,0.0,1.0,20.0,0.0,1,0.0,0.0,20.0,0.0,1,0.0,2.0,20.0,0.0,1
2026-03-27 11:36:20,620.71,0.0,4.0,20.0,0.0,1,0.0,0.0,20.0,0.0,1,0.0,2.0,20.0,0.0,1,0.0,1.0,20.0,0.0,1,0.0,0.0,20.0,0.0,1,0.0,2.0,20.0,0.0,1
2026-03-27 11:36:21,621.53,0.0,4.0,20.0,0.0,1,0.0,0.0,20.0,0.0,1,0.0,2.0,20.0,0.0,1,0.0,1.0,20.0,0.0,1,0.0,0.0,20.0,0.0,1,0.0,2.0,20.0,0.0,1
2026-03-27 11:36:22,622.35,0.0,4.0,20.0,0.0,1,0.0,0.0,20.0,0.0,1,0.0,2.0,20.0,0.0,1,0.0,1.0,20.0,0.0,1,0.0,0.0,20.0,0.0,1,0.0,2.0,20.0,0.0,1
2026-03-27 11:36:23,623.11,0.0,4.0,20.0,0.0,1,0.0,0.0,20.0,0.0,1,0.0,2.0,20.0,0.0,1,0.0,1.0,20.0,0.0,1,0.0,0.0,20.0,0.0,1,0.0,2.0,20.0,0.0,1
2026-03-27 11:36:23,623.88,0.0,4.0,20.0,0.0,1,0.0,0.0,20.0,0.0,1,0.0,2.0,20.0,0.0,1,0.0,1.0,20.0,0.0,1,0.0,0.0,20.0,0.0,1,0.0,2.0,20.0,0.0,1
2026-03-27 11:36:24,624.65,0.0,4.0,20.0,0.0,1,0.0,0.0,20.0,0.0,1,0.0,2.0,20.0,0.0,1,0.0,1.0,20.0,0.0,1,0.0,0.0,20.0,0.0,1,0.0,2.0,20.0,0.0,1
2026-03-27 11:36:25,625.39,0.0,4.0,20.0,0.0,1,0.0,0.0,20.0,0.0,1,0.0,2.0,20.0,0.0,1,0.0,1.0,20.0,0.0,1,0.0,0.0,20.0,0.0,1,0.0,2.0,20.0,0.0,1
2026-03-27 11:36:26,626.15,0.0,4.0,20.0,0.0,1,0.0,0.0,20.0,0.0,1,0.0,2.0,20.0,0.0,1,0.0,1.0,20.0,0.0,1,0.0,0.0,20.0,0.0,1,0.0,2.0,20.0,0.0,1
2026-03-27 11:36:26,626.9,0.0,4.0,20.0,0.0,1,0.0,0.0,20.0,0.0,1,0.0,2.0,20.0,0.0,1,0.0,1.0,20.0,0.0,1,0.0,0.0,20.0,0.0,1,0.0,2.0,20.0,0.0,1
2026-03-27 11:36:27,627.66,0.0,4.0,20.0,0.0,1,0.0,0.0,20.0,0.0,1,0.0,2.0,20.0,0.0,1,0.0,1.0,20.0,0.0,1,0.0,0.0,20.0,0.0,1,0.0,2.0,20.0,0.0,1
2026-03-27 11:36:28,628.4,0.0,4.0,20.0,0.0,1,0.0,0.0,20.0,0.0,1,0.0,2.0,20.0,0.0,1,0.0,1.0,20.0,0.0,1,0.0,0.0,20.0,0.0,1,0.0,2.0,20.0,0.0,1
2026-03-27 11:36:29,629.17,0.0,4.0,20.0,0.0,1,0.0,0.0,20.0,0.0,1,0.0,2.0,20.0,0.0,1,0.0,1.0,20.0,0.0,1,0.0,0.0,20.0,0.0,1,0.0,2.0,20.0,0.0,1
2026-03-27 11:36:29,629.91,0.0,4.0,20.0,0.0,1,0.0,0.0,20.0,0.0,1,0.0,2.0,20.0,0.0,1,0.0,1.0,20.0,0.0,1,0.0,0.0,20.0,0.0,1,0.0,2.0,20.0,0.0,1
2026-03-27 11:36:30,630.66,0.0,4.0,20.0,0.0,1,0.0,0.0,20.0,0.0,1,0.0,2.0,20.0,0.0,1,0.0,1.0,20.0,0.0,1,0.0,0.0,20.0,0.0,1,0.0,2.0,20.0,0.0,1
2026-03-27 11:36:31,631.4,0.0,4.0,20.0,0.0,1,0.0,0.0,20.0,0.0,1,0.0,2.0,20.0,0.0,1,0.0,1.0,20.0,0.0,1,0.0,0.0,20.0,0.0,1,0.0,2.0,20.0,0.0,1
2026-03-27 11:36:32,632.16,0.0,4.0,20.0,0.0,1,0.0,0.0,20.0,0.0,1,0.0,2.0,20.0,0.0,1,0.0,1.0,20.0,0.0,1,0.0,0.0,20.0,0.0,1,0.0,2.0,20.0,0.0,1
2026-03-27 11:36:32,632.9,0.0,4.0,20.0,0.0,1,0.0,0.0,20.0,0.0,1,0.0,2.0,20.0,0.0,1,0.0,1.0,20.0,0.0,1,0.0,0.0,20.0,0.0,1,0.0,2.0,20.0,0.0,1
2026-03-27 11:36:33,633.64,0.0,4.0,20.0,0.0,1,0.0,0.0,20.0,0.0,1,0.0,2.0,20.0,0.0,1,0.0,1.0,20.0,0.0,1,0.0,0.0,20.0,0.0,1,0.0,2.0,20.0,0.0,1
2026-03-27 11:36:34,634.38,0.0,4.0,20.0,0.0,1,0.0,0.0,20.0,0.0,1,0.0,2.0,20.0,0.0,1,0.0,1.0,20.0,0.0,1,0.0,0.0,20.0,0.0,1,0.0,2.0,20.0,0.0,1
2026-03-27 11:36:35,635.13,0.0,4.0,20.0,0.0,1,0.0,0.0,20.0,0.0,1,0.0,2.0,20.0,0.0,1,0.0,1.0,20.0,0.0,1,0.0,0.0,20.0,0.0,1,0.0,2.0,20.0,0.0,1
2026-03-27 11:36:35,635.88,0.0,4.0,20.0,0.0,1,0.0,0.0,20.0,0.0,1,0.0,2.0,20.0,0.0,1,0.0,1.0,20.0,0.0,1,0.0,0.0,20.0,0.0,1,0.0,2.0,20.0,0.0,1
2026-03-27 11:36:36,636.64,0.0,4.0,20.0,0.0,1,0.0,0.0,20.0,0.0,1,0.0,2.0,20.0,0.0,1,0.0,1.0,20.0,0.0,1,0.0,0.0,20.0,0.0,1,0.0,2.0,20.0,0.0,1
2026-03-27 11:36:37,637.41,0.0,4.0,20.0,0.0,1,0.0,0.0,20.0,0.0,1,0.0,2.0,20.0,0.0,1,0.0,1.0,20.0,0.0,1,0.0,0.0,20.0,0.0,1,0.0,2.0,20.0,0.0,1
2026-03-27 11:36:38,638.15,0.0,4.0,20.0,0.0,1,0.0,0.0,20.0,0.0,1,0.0,2.0,20.0,0.0,1,0.0,1.0,20.0,0.0,1,0.0,0.0,20.0,0.0,1,0.0,2.0,20.0,0.0,1
2026-03-27 11:36:38,638.89,0.0,4.0,20.0,0.0,1,0.0,0.0,20.0,0.0,1,0.0,2.0,20.0,0.0,1,0.0,1.0,20.0,0.0,1,0.0,0.0,20.0,0.0,1,0.0,2.0,20.0,0.0,1
2026-03-27 11:36:39,639.62,0.0,4.0,20.0,0.0,1,0.0,0.0,20.0,0.0,1,0.0,2.0,20.0,0.0,1,0.0,1.0,20.0,0.0,1,0.0,0.0,20.0,0.0,1,0.0,2.0,20.0,0.0,1
2026-03-27 11:36:40,640.37,0.0,4.0,20.0,0.0,1,0.0,0.0,20.0,0.0,1,0.0,2.0,20.0,0.0,1,0.0,1.0,20.0,0.0,1,0.0,0.0,20.0,0.0,1,0.0,2.0,20.0,0.0,1
2026-03-27 11:36:41,641.15,0.0,4.0,20.0,0.0,1,0.0,0.0,20.0,0.0,1,0.0,2.0,20.0,0.0,1,0.0,1.0,20.0,0.0,1,0.0,0.0,20.0,0.0,1,0.0,2.0,20.0,0.0,1
2026-03-27 11:36:41,641.89,0.0,4.0,20.0,0.0,1,0.0,0.0,20.0,0.0,1,0.0,2.0,20.0,0.0,1,0.0,1.0,20.0,0.0,1,0.0,0.0,20.0,0.0,1,0.0,2.0,20.0,0.0,1
2026-03-27 11:36:42,642.65,0.0,4.0,20.0,0.0,1,0.0,0.0,20.0,0.0,1,0.0,2.0,20.0,0.0,1,0.0,1.0,20.0,0.0,1,0.0,0.0,20.0,0.0,1,0.0,2.0,20.0,0.0,1
2026-03-27 11:36:43,643.42,0.0,4.0,20.0,0.0,1,0.0,0.0,20.0,0.0,1,0.0,2.0,20.0,0.0,1,0.0,1.0,20.0,0.0,1,0.0,0.0,20.0,0.0,1,0.0,2.0,20.0,0.0,1
2026-03-27 11:36:44,644.16,0.0,4.0,20.0,0.0,1,0.0,0.0,20.0,0.0,1,0.0,2.0,20.0,0.0,1,0.0,1.0,20.0,0.0,1,0.0,0.0,20.0,0.0,1,0.0,2.0,20.0,0.0,1
2026-03-27 11:36:44,644.93,0.0,4.0,20.0,0.0,1,0.0,0.0,20.0,0.0,1,0.0,2.0,20.0,0.0,1,0.0,1.0,20.0,0.0,1,0.0,0.0,20.0,0.0,1,0.0,2.0,20.0,0.0,1
2026-03-27 11:36:45,645.69,0.0,4.0,20.0,0.0,1,0.0,0.0,20.0,0.0,1,0.0,2.0,20.0,0.0,1,0.0,1.0,20.0,0.0,1,0.0,0.0,20.0,0.0,1,0.0,2.0,20.0,0.0,1
2026-03-27 11:36:46,646.46,0.0,4.0,20.0,0.0,1,0.0,0.0,20.0,0.0,1,0.0,2.0,20.0,0.0,1,0.0,1.0,20.0,0.0,1,0.0,0.0,20.0,0.0,1,0.0,2.0,20.0,0.0,1
2026-03-27 11:36:47,647.21,0.0,4.0,20.0,0.0,1,0.0,0.0,20.0,0.0,1,0.0,2.0,20.0,0.0,1,0.0,1.0,20.0,0.0,1,0.0,0.0,20.0,0.0,1,0.0,2.0,20.0,0.0,1
2026-03-27 11:36:47,647.94,0.0,4.0,20.0,0.0,1,0.0,0.0,20.0,0.0,1,0.0,2.0,20.0,0.0,1,0.0,1.0,20.0,0.0,1,0.0,0.0,20.0,0.0,1,0.0,2.0,20.0,0.0,1
2026-03-27 11:36:48,648.68,0.0,4.0,20.0,0.0,1,0.0,0.0,20.0,0.0,1,0.0,2.0,20.0,0.0,1,0.0,1.0,20.0,0.0,1,0.0,0.0,20.0,0.0,1,0.0,2.0,20.0,0.0,1
2026-03-27 11:36:49,649.44,0.0,4.0,20.0,0.0,1,0.0,0.0,20.0,0.0,1,0.0,2.0,20.0,0.0,1,0.0,1.0,20.0,0.0,1,0.0,0.0,20.0,0.0,1,0.0,2.0,20.0,0.0,1
2026-03-27 11:36:50,650.22,0.0,4.0,20.0,0.0,1,0.0,0.0,20.0,0.0,1,0.0,2.0,20.0,0.0,1,0.0,1.0,20.0,0.0,1,0.0,0.0,20.0,0.0,1,0.0,2.0,20.0,0.0,1
2026-03-27 11:36:51,650.98,0.0,4.0,20.0,0.0,1,0.0,0.0,20.0,0.0,1,0.0,2.0,20.0,0.0,1,0.0,1.0,20.0,0.0,1,0.0,0.0,20.0,0.0,1,0.0,2.0,20.0,0.0,1
2026-03-27 11:36:51,651.71,0.0,4.0,20.0,0.0,1,0.0,0.0,20.0,0.0,1,0.0,2.0,20.0,0.0,1,0.0,1.0,20.0,0.0,1,0.0,0.0,20.0,0.0,1,0.0,2.0,20.0,0.0,1
2026-03-27 11:36:52,652.45,0.0,4.0,20.0,0.0,1,0.0,0.0,20.0,0.0,1,0.0,2.0,20.0,0.0,1,0.0,1.0,20.0,0.0,1,0.0,0.0,20.0,0.0,1,0.0,2.0,20.0,0.0,1
2026-03-27 11:36:53,653.18,0.0,4.0,20.0,0.0,1,0.0,0.0,20.0,0.0,1,0.0,2.0,20.0,0.0,1,0.0,1.0,20.0,0.0,1,0.0,0.0,20.0,0.0,1,0.0,2.0,20.0,0.0,1
2026-03-27 11:36:53,653.92,0.0,4.0,20.0,0.0,1,0.0,0.0,20.0,0.0,1,0.0,2.0,20.0,0.0,1,0.0,1.0,20.0,0.0,1,0.0,0.0,20.0,0.0,1,0.0,2.0,20.0,0.0,1
2026-03-27 11:36:54,654.66,0.0,4.0,20.0,0.0,1,0.0,0.0,20.0,0.0,1,0.0,2.0,20.0,0.0,1,0.0,1.0,20.0,0.0,1,0.0,0.0,20.0,0.0,1,0.0,2.0,20.0,0.0,1
2026-03-27 11:36:55,655.43,0.0,4.0,20.0,0.0,1,0.0,0.0,20.0,0.0,1,0.0,2.0,20.0,0.0,1,0.0,1.0,20.0,0.0,1,0.0,0.0,20.0,0.0,1,0.0,2.0,20.0,0.0,1
2026-03-27 11:36:56,656.15,0.0,4.0,20.0,0.0,1,0.0,0.0,20.0,0.0,1,0.0,2.0,20.0,0.0,1,0.0,1.0,20.0,0.0,1,0.0,0.0,20.0,0.0,1,0.0,2.0,20.0,0.0,1
2026-03-27 11:36:56,656.9,0.0,4.0,20.0,0.0,1,0.0,0.0,20.0,0.0,1,0.0,2.0,20.0,0.0,1,0.0,1.0,20.0,0.0,1,0.0,0.0,20.0,0.0,1,0.0,2.0,20.0,0.0,1
2026-03-27 11:36:57,657.63,0.0,4.0,20.0,0.0,1,0.0,0.0,20.0,0.0,1,0.0,2.0,20.0,0.0,1,0.0,1.0,20.0,0.0,1,0.0,0.0,20.0,0.0,1,0.0,2.0,20.0,0.0,1
2026-03-27 11:36:58,658.32,0.0,4.0,20.0,0.0,1,0.0,0.0,20.0,0.0,1,0.0,2.0,20.0,0.0,1,0.0,1.0,20.0,0.0,1,0.0,0.0,20.0,0.0,1,0.0,2.0,20.0,0.0,1
2026-03-27 11:36:58,0.18,100.0,4.0,20.0,0.0,1,100.0,0.0,20.0,0.0,1,100.0,2.0,20.0,0.0,1,100.0,1.0,20.0,0.0,1,100.0,0.0,20.0,0.0,1,100.0,2.0,20.0,0.0,1
2026-03-27 11:36:59,0.93,100.0,4.0,20.0,0.0,1,100.0,0.0,20.0,0.0,1,100.0,2.0,20.0,0.0,1,100.0,1.0,20.0,0.0,1,100.0,0.0,20.0,0.0,1,100.0,2.0,20.0,0.0,1
2026-03-27 11:37:00,1.65,100.0,12.0,20.0,0.0,1,100.0,8.0,20.0,0.0,1,100.0,10.0,20.0,0.0,1,100.0,9.0,20.0,0.0,1,100.0,8.0,20.0,0.0,1,100.0,10.0,20.0,0.0,1
2026-03-27 11:37:00,2.41,100.0,18.0,20.0,0.0,1,100.0,14.0,20.0,0.0,1,100.0,16.0,20.0,0.0,1,100.0,15.0,20.0,0.0,1,100.0,15.0,20.0,0.0,1,100.0,17.0,20.0,0.0,1
2026-03-27 11:37:01,3.15,100.0,24.0,20.0,0.0,1,100.0,21.0,20.0,0.0,1,100.0,23.0,20.0,0.0,1,100.0,21.0,20.0,0.0,1,100.0,21.0,20.0,0.0,1,100.0,23.0,20.0,0.0,1
2026-03-27 11:37:02,3.88,100.0,30.0,20.0,0.0,1,100.0,26.0,20.0,0.0,1,100.0,28.0,20.0,0.0,1,100.0,27.0,20.0,0.0,1,100.0,27.0,20.0,0.0,1,100.0,29.0,20.0,0.0,1
2026-03-27 11:37:03,4.66,100.0,37.0,20.0,0.0,1,100.0,33.0,20.0,0.0,1,100.0,34.0,20.0,0.0,1,100.0,33.0,20.0,0.0,1,100.0,34.0,20.0,0.0,1,100.0,35.0,20.0,0.0,1
2026-03-27 11:37:03,5.38,100.0,43.0,20.0,0.0,1,100.0,39.0,20.0,0.0,1,100.0,41.0,20.0,0.0,1,100.0,40.0,20.0,0.0,1,100.0,39.0,20.0,0.0,1,100.0,41.0,20.0,0.0,1
2026-03-27 11:37:04,6.1,100.0,49.0,20.0,0.0,1,100.0,46.0,20.0,0.0,1,100.0,47.0,20.0,0.0,1,100.0,46.0,20.0,0.0,1,100.0,45.0,20.0,0.0,1,100.0,47.0,20.0,0.0,1
2026-03-27 11:37:05,6.83,100.0,54.0,20.0,0.0,1,100.0,51.0,20.0,0.0,1,100.0,53.0,20.0,0.0,1,100.0,52.0,20.0,0.0,1,100.0,52.0,20.0,0.0,1,100.0,54.0,20.0,0.0,1
2026-03-27 11:37:05,7.6,100.0,61.0,20.0,0.0,1,100.0,57.0,20.0,0.0,1,100.0,59.0,20.0,0.0,1,100.0,58.0,20.0,0.0,1,100.0,58.0,20.0,0.0,1,100.0,60.0,20.0,0.0,1
2026-03-27 11:37:06,8.33,100.0,67.0,20.0,0.0,1,100.0,64.0,20.0,0.0,1,100.0,66.0,20.0,0.0,1,100.0,64.0,20.0,0.0,1,100.0,64.0,20.0,0.0,1,100.0,66.0,20.0,0.0,1
2026-03-27 11:37:07,9.06,100.0,74.0,20.0,0.0,1,100.0,71.0,20.0,0.0,1,100.0,71.0,20.0,0.0,1,100.0,70.0,20.0,0.0,1,100.0,70.0,20.0,0.0,1,100.0,72.0,20.0,0.0,1
2026-03-27 11:37:08,9.8,100.0,86.0,20.0,0.0,1,100.0,82.0,20.0,0.0,1,100.0,84.0,20.0,0.0,1,100.0,82.0,20.0,0.0,1,100.0,83.0,20.0,0.0,1,100.0,85.0,20.0,0.0,1
2026-03-27 11:37:08,10.52,100.0,95.0,20.0,0.0,1,100.0,89.0,20.0,0.0,1,100.0,90.0,20.0,0.0,1,100.0,89.0,20.0,0.0,1,100.0,89.0,20.0,0.0,1,100.0,90.0,20.0,0.0,1
2026-03-27 11:37:09,11.24,100.0,102.0,20.0,0.0,1,100.0,99.0,20.0,0.0,1,100.0,101.0,20.0,0.0,1,100.0,100.0,20.0,0.0,1,100.0,100.0,20.0,0.0,1,100.0,102.0,20.0,0.0,1
2026-03-27 11:37:10,11.97,100.0,103.0,20.0,0.0,1,100.0,100.0,20.0,0.0,1,100.0,102.0,20.0,0.0,1,100.0,101.0,20.0,0.0,1,100.0,100.0,20.0,0.0,1,100.0,102.0,20.0,0.0,1
2026-03-27 11:37:11,12.74,0.0,103.0,20.0,0.0,1,0.0,100.0,20.0,0.0,1,0.0,102.0,20.0,0.0,1,0.0,101.0,20.0,0.0,1,0.0,101.0,20.0,0.0,1,0.0,103.0,20.0,0.0,1
2026-03-27 11:37:11,13.46,0.0,100.0,20.0,0.0,1,0.0,97.0,20.0,0.0,1,0.0,99.0,20.0,0.0,1,0.0,99.0,20.0,0.0,1,0.0,98.0,20.0,0.0,1,0.0,100.0,20.0,0.0,1
2026-03-27 11:37:12,14.18,0.0,94.0,20.0,0.0,1,0.0,91.0,20.0,0.0,1,0.0,93.0,20.0,0.0,1,0.0,92.0,20.0,0.0,1,0.0,92.0,20.0,0.0,1,0.0,94.0,20.0,0.0,1
2026-03-27 11:37:13,14.95,0.0,88.0,20.0,0.0,1,0.0,85.0,20.0,0.0,1,0.0,87.0,20.0,0.0,1,0.0,86.0,20.0,0.0,1,0.0,86.0,20.0,0.0,1,0.0,88.0,20.0,0.0,1
2026-03-27 11:37:14,15.66,0.0,83.0,20.0,0.0,1,0.0,79.0,20.0,0.0,1,0.0,81.0,20.0,0.0,1,0.0,80.0,20.0,0.0,1,0.0,79.0,20.0,0.0,1,0.0,82.0,20.0,0.0,1
2026-03-27 11:37:14,16.39,0.0,76.0,20.0,0.0,1,0.0,72.0,20.0,0.0,1,0.0,74.0,20.0,0.0,1,0.0,74.0,20.0,0.0,1,0.0,74.0,20.0,0.0,1,0.0,76.0,20.0,0.0,1
2026-03-27 11:37:15,17.24,0.0,70.0,20.0,0.0,1,0.0,66.0,20.0,0.0,1,0.0,69.0,20.0,0.0,1,0.0,68.0,20.0,0.0,1,0.0,68.0,20.0,0.0,1,0.0,70.0,20.0,0.0,1
2026-03-27 11:37:16,18.05,0.0,57.0,20.0,0.0,1,0.0,54.0,20.0,0.0,1,0.0,56.0,20.0,0.0,1,0.0,55.0,20.0,0.0,1,0.0,55.0,20.0,0.0,1,0.0,57.0,20.0,0.0,1
2026-03-27 11:37:17,18.79,0.0,51.0,20.0,0.0,1,0.0,48.0,20.0,0.0,1,0.0,50.0,20.0,0.0,1,0.0,49.0,20.0,0.0,1,0.0,49.0,20.0,0.0,1,0.0,51.0,20.0,0.0,1
2026-03-27 11:37:17,19.53,0.0,45.0,20.0,0.0,1,0.0,41.0,20.0,0.0,1,0.0,44.0,20.0,0.0,1,0.0,43.0,20.0,0.0,1,0.0,43.0,20.0,0.0,1,0.0,45.0,20.0,0.0,1
2026-03-27 11:37:18,20.24,0.0,33.0,20.0,0.0,1,0.0,29.0,20.0,0.0,1,0.0,32.0,20.0,0.0,1,0.0,31.0,20.0,0.0,1,0.0,31.0,20.0,0.0,1,0.0,32.0,20.0,0.0,1
2026-03-27 11:37:19,20.96,0.0,27.0,20.0,0.0,1,0.0,23.0,20.0,0.0,1,0.0,25.0,20.0,0.0,1,0.0,25.0,20.0,0.0,1,0.0,25.0,20.0,0.0,1,0.0,27.0,20.0,0.0,1
2026-03-27 11:37:20,21.68,0.0,22.0,20.0,0.0,1,0.0,18.0,20.0,0.0,1,0.0,21.0,20.0,0.0,1,0.0,20.0,20.0,0.0,1,0.0,20.0,20.0,0.0,1,0.0,22.0,20.0,0.0,1
2026-03-27 11:37:20,22.4,0.0,19.0,20.0,0.0,1,0.0,14.0,20.0,0.0,1,0.0,17.0,20.0,0.0,1,0.0,16.0,20.0,0.0,1,0.0,17.0,20.0,0.0,1,0.0,18.0,20.0,0.0,1
2026-03-27 11:37:21,23.13,0.0,15.0,20.0,0.0,1,0.0,11.0,20.0,0.0,1,0.0,14.0,20.0,0.0,1,0.0,13.0,20.0,0.0,1,0.0,13.0,20.0,0.0,1,0.0,15.0,20.0,0.0,1
2026-03-27 11:37:22,23.85,0.0,13.0,20.0,0.0,1,0.0,9.0,20.0,0.0,1,0.0,11.0,20.0,0.0,1,0.0,10.0,20.0,0.0,1,0.0,11.0,20.0,0.0,1,0.0,13.0,20.0,0.0,1
2026-03-27 11:37:22,24.56,0.0,10.0,20.0,0.0,1,0.0,6.0,20.0,0.0,1,0.0,9.0,20.0,0.0,1,0.0,8.0,20.0,0.0,1,0.0,9.0,20.0,0.0,1,0.0,10.0,20.0,0.0,1
2026-03-27 11:37:23,25.28,0.0,9.0,20.0,0.0,1,0.0,4.0,20.0,0.0,1,0.0,7.0,20.0,0.0,1,0.0,6.0,20.0,0.0,1,0.0,7.0,20.0,0.0,1,0.0,9.0,20.0,0.0,1
2026-03-27 11:37:24,26.0,0.0,7.0,20.0,0.0,1,0.0,3.0,20.0,0.0,1,0.0,6.0,20.0,0.0,1,0.0,5.0,20.0,0.0,1,0.0,6.0,20.0,0.0,1,0.0,7.0,20.0,0.0,1
2026-03-27 11:37:25,26.74,0.0,6.0,20.0,0.0,1,0.0,2.0,20.0,0.0,1,0.0,5.0,20.0,0.0,1,0.0,4.0,20.0,0.0,1,0.0,5.0,20.0,0.0,1,0.0,6.0,20.0,0.0,1
2026-03-27 11:37:25,27.45,0.0,5.0,20.0,0.0,1,0.0,1.0,20.0,0.0,1,0.0,4.0,20.0,0.0,1,0.0,3.0,20.0,0.0,1,0.0,4.0,20.0,0.0,1,0.0,5.0,20.0,0.0,1
2026-03-27 11:37:26,28.15,0.0,5.0,20.0,0.0,1,0.0,1.0,20.0,0.0,1,0.0,3.0,20.0,0.0,1,0.0,2.0,20.0,0.0,1,0.0,3.0,20.0,0.0,1,0.0,4.0,20.0,0.0,1
2026-03-27 11:37:27,28.89,0.0,4.0,20.0,0.0,1,0.0,0.0,20.0,0.0,1,0.0,2.0,20.0,0.0,1,0.0,1.0,20.0,0.0,1,0.0,2.0,20.0,0.0,1,0.0,4.0,20.0,0.0,1
2026-03-27 11:37:28,29.62,0.0,3.0,20.0,0.0,1,0.0,0.0,20.0,0.0,1,0.0,1.0,20.0,0.0,1,0.0,0.0,20.0,0.0,1,0.0,1.0,20.0,0.0,1,0.0,3.0,20.0,0.0,1
2026-03-27 11:37:28,30.34,0.0,3.0,20.0,0.0,1,0.0,0.0,20.0,0.0,1,0.0,1.0,20.0,0.0,1,0.0,0.0,20.0,0.0,1,0.0,1.0,20.0,0.0,1,0.0,2.0,20.0,0.0,1
2026-03-27 11:37:29,31.06,0.0,2.0,20.0,0.0,1,0.0,0.0,20.0,0.0,1,0.0,1.0,20.0,0.0,1,0.0,0.0,20.0,0.0,1,0.0,1.0,20.0,0.0,1,0.0,2.0,20.0,0.0,1
2026-03-27 11:37:30,31.78,0.0,2.0,20.0,0.0,1,0.0,0.0,20.0,0.0,1,0.0,1.0,20.0,0.0,1,0.0,0.0,20.0,0.0,1,0.0,1.0,20.0,0.0,1,0.0,2.0,20.0,0.0,1
2026-03-27 11:37:30,32.51,0.0,2.0,20.0,0.0,1,0.0,0.0,20.0,0.0,1,0.0,0.0,20.0,0.0,1,0.0,0.0,20.0,0.0,1,0.0,0.0,20.0,0.0,1,0.0,1.0,20.0,0.0,1
2026-03-27 11:37:31,33.24,0.0,2.0,20.0,0.0,1,0.0,0.0,20.0,0.0,1,0.0,0.0,20.0,0.0,1,0.0,0.0,20.0,0.0,1,0.0,0.0,20.0,0.0,1,0.0,1.0,20.0,0.0,1
2026-03-27 11:37:32,33.96,0.0,4.0,20.0,0.0,1,0.0,0.0,20.0,0.0,1,0.0,0.0,20.0,0.0,1,0.0,0.0,20.0,0.0,1,0.0,0.0,20.0,0.0,1,0.0,1.0,20.0,0.0,1
2026-03-27 11:37:33,34.67,0.0,4.0,20.0,0.0,1,0.0,0.0,20.0,0.0,1,0.0,2.0,20.0,0.0,1,0.0,0.0,20.0,0.0,1,0.0,0.0,20.0,0.0,1,0.0,1.0,20.0,0.0,1
2026-03-27 11:37:33,35.38,0.0,4.0,20.0,0.0,1,0.0,0.0,20.0,0.0,1,0.0,2.0,20.0,0.0,1,0.0,0.0,20.0,0.0,1,0.0,0.0,20.0,0.0,1,0.0,1.0,20.0,0.0,1
2026-03-27 11:37:34,36.12,0.0,4.0,20.0,0.0,1,0.0,0.0,20.0,0.0,1,0.0,2.0,20.0,0.0,1,0.0,0.0,20.0,0.0,1,0.0,0.0,20.0,0.0,1,0.0,2.0,20.0,0.0,1
2026-03-27 11:37:35,36.84,0.0,4.0,20.0,0.0,1,0.0,0.0,20.0,0.0,1,0.0,2.0,20.0,0.0,1,0.0,0.0,20.0,0.0,1,0.0,0.0,20.0,0.0,1,0.0,2.0,20.0,0.0,1
2026-03-27 11:37:35,37.58,0.0,4.0,20.0,0.0,1,0.0,0.0,20.0,0.0,1,0.0,2.0,20.0,0.0,1,0.0,0.0,20.0,0.0,1,0.0,0.0,20.0,0.0,1,0.0,2.0,20.0,0.0,1
2026-03-27 11:37:36,38.31,0.0,4.0,20.0,0.0,1,0.0,0.0,20.0,0.0,1,0.0,2.0,20.0,0.0,1,0.0,0.0,20.0,0.0,1,0.0,0.0,20.0,0.0,1,0.0,2.0,20.0,0.0,1
2026-03-27 11:37:37,39.03,0.0,4.0,20.0,0.0,1,0.0,0.0,20.0,0.0,1,0.0,2.0,20.0,0.0,1,0.0,0.0,20.0,0.0,1,0.0,0.0,20.0,0.0,1,0.0,2.0,20.0,0.0,1
2026-03-27 11:37:38,39.75,0.0,4.0,20.0,0.0,1,0.0,0.0,20.0,0.0,1,0.0,2.0,20.0,0.0,1,0.0,0.0,20.0,0.0,1,0.0,0.0,20.0,0.0,1,0.0,2.0,20.0,0.0,1
2026-03-27 11:37:38,40.47,0.0,4.0,20.0,0.0,1,0.0,0.0,20.0,0.0,1,0.0,2.0,20.0,0.0,1,0.0,0.0,20.0,0.0,1,0.0,0.0,20.0,0.0,1,0.0,2.0,20.0,0.0,1
2026-03-27 11:37:39,41.19,0.0,4.0,20.0,0.0,1,0.0,0.0,20.0,0.0,1,0.0,2.0,20.0,0.0,1,0.0,0.0,20.0,0.0,1,0.0,0.0,20.0,0.0,1,0.0,2.0,20.0,0.0,1
2026-03-27 11:37:40,41.93,0.0,4.0,20.0,0.0,1,0.0,0.0,20.0,0.0,1,0.0,2.0,20.0,0.0,1,0.0,0.0,20.0,0.0,1,0.0,0.0,20.0,0.0,1,0.0,2.0,20.0,0.0,1
2026-03-27 11:37:41,42.69,0.0,4.0,20.0,0.0,1,0.0,0.0,20.0,0.0,1,0.0,2.0,20.0,0.0,1,0.0,0.0,20.0,0.0,1,0.0,0.0,20.0,0.0,1,0.0,2.0,20.0,0.0,1
2026-03-27 11:37:41,43.42,0.0,4.0,20.0,0.0,1,0.0,0.0,20.0,0.0,1,0.0,2.0,20.0,0.0,1,0.0,0.0,20.0,0.0,1,0.0,0.0,20.0,0.0,1,0.0,2.0,20.0,0.0,1
2026-03-27 11:37:42,44.14,0.0,4.0,20.0,0.0,1,0.0,0.0,20.0,0.0,1,0.0,2.0,20.0,0.0,1,0.0,0.0,20.0,0.0,1,0.0,0.0,20.0,0.0,1,0.0,2.0,20.0,0.0,1
2026-03-27 11:37:43,44.91,0.0,4.0,20.0,0.0,1,0.0,0.0,20.0,0.0,1,0.0,2.0,20.0,0.0,1,0.0,0.0,20.0,0.0,1,0.0,0.0,20.0,0.0,1,0.0,2.0,20.0,0.0,1
2026-03-27 11:37:44,45.61,0.0,4.0,20.0,0.0,1,0.0,0.0,20.0,0.0,1,0.0,2.0,20.0,0.0,1,0.0,0.0,20.0,0.0,1,0.0,0.0,20.0,0.0,1,0.0,2.0,20.0,0.0,1
2026-03-27 11:37:44,46.35,0.0,4.0,20.0,0.0,1,0.0,0.0,20.0,0.0,1,0.0,2.0,20.0,0.0,1,0.0,0.0,20.0,0.0,1,0.0,0.0,20.0,0.0,1,0.0,2.0,20.0,0.0,1
2026-03-27 11:37:45,47.16,0.0,4.0,20.0,0.0,1,0.0,0.0,20.0,0.0,1,0.0,2.0,20.0,0.0,1,0.0,0.0,20.0,0.0,1,0.0,0.0,20.0,0.0,1,0.0,2.0,20.0,0.0,1
2026-03-27 11:37:46,47.9,0.0,4.0,20.0,0.0,1,0.0,0.0,20.0,0.0,1,0.0,2.0,20.0,0.0,1,0.0,0.0,20.0,0.0,1,0.0,0.0,20.0,0.0,1,0.0,2.0,20.0,0.0,1
2026-03-27 11:37:47,48.63,0.0,4.0,20.0,0.0,1,0.0,0.0,20.0,0.0,1,0.0,2.0,20.0,0.0,1,0.0,0.0,20.0,0.0,1,0.0,0.0,20.0,0.0,1,0.0,2.0,20.0,0.0,1
2026-03-27 11:37:47,49.38,0.0,4.0,20.0,0.0,1,0.0,0.0,20.0,0.0,1,0.0,2.0,20.0,0.0,1,0.0,0.0,20.0,0.0,1,0.0,0.0,20.0,0.0,1,0.0,2.0,20.0,0.0,1
2026-03-27 11:37:48,50.1,0.0,4.0,20.0,0.0,1,0.0,0.0,20.0,0.0,1,0.0,2.0,20.0,0.0,1,0.0,0.0,20.0,0.0,1,0.0,0.0,20.0,0.0,1,0.0,2.0,20.0,0.0,1
2026-03-27 11:37:49,50.82,0.0,4.0,20.0,0.0,1,0.0,0.0,20.0,0.0,1,0.0,2.0,20.0,0.0,1,0.0,0.0,20.0,0.0,1,0.0,0.0,20.0,0.0,1,0.0,2.0,20.0,0.0,1
2026-03-27 11:37:49,51.56,0.0,4.0,20.0,0.0,1,0.0,0.0,20.0,0.0,1,0.0,2.0,20.0,0.0,1,0.0,0.0,20.0,0.0,1,0.0,0.0,20.0,0.0,1,0.0,2.0,20.0,0.0,1
2026-03-27 11:37:50,52.32,0.0,4.0,20.0,0.0,1,0.0,0.0,20.0,0.0,1,0.0,2.0,20.0,0.0,1,0.0,0.0,20.0,0.0,1,0.0,0.0,20.0,0.0,1,0.0,2.0,20.0,0.0,1
2026-03-27 11:37:51,53.05,0.0,4.0,20.0,0.0,1,0.0,0.0,20.0,0.0,1,0.0,2.0,20.0,0.0,1,0.0,0.0,20.0,0.0,1,0.0,0.0,20.0,0.0,1,0.0,2.0,20.0,0.0,1
2026-03-27 11:37:52,53.86,0.0,4.0,20.0,0.0,1,0.0,0.0,20.0,0.0,1,0.0,2.0,20.0,0.0,1,0.0,0.0,20.0,0.0,1,0.0,0.0,20.0,0.0,1,0.0,2.0,20.0,0.0,1
2026-03-27 11:37:53,54.7,0.0,4.0,20.0,0.0,1,0.0,0.0,20.0,0.0,1,0.0,2.0,20.0,0.0,1,0.0,0.0,20.0,0.0,1,0.0,0.0,20.0,0.0,1,0.0,2.0,20.0,0.0,1
2026-03-27 11:37:53,55.45,0.0,4.0,20.0,0.0,1,0.0,0.0,20.0,0.0,1,0.0,2.0,20.0,0.0,1,0.0,0.0,20.0,0.0,1,0.0,0.0,20.0,0.0,1,0.0,2.0,20.0,0.0,1
2026-03-27 11:37:54,56.21,0.0,4.0,20.0,0.0,1,0.0,0.0,20.0,0.0,1,0.0,2.0,20.0,0.0,1,0.0,0.0,20.0,0.0,1,0.0,0.0,20.0,0.0,1,0.0,2.0,20.0,0.0,1
2026-03-27 11:37:55,56.93,0.0,4.0,20.0,0.0,1,0.0,0.0,20.0,0.0,1,0.0,2.0,20.0,0.0,1,0.0,0.0,20.0,0.0,1,0.0,0.0,20.0,0.0,1,0.0,2.0,20.0,0.0,1
2026-03-27 11:37:56,57.69,0.0,4.0,20.0,0.0,1,0.0,0.0,20.0,0.0,1,0.0,2.0,20.0,0.0,1,0.0,0.0,20.0,0.0,1,0.0,0.0,20.0,0.0,1,0.0,2.0,20.0,0.0,1
2026-03-27 11:37:56,58.42,0.0,4.0,20.0,0.0,1,0.0,0.0,20.0,0.0,1,0.0,2.0,20.0,0.0,1,0.0,0.0,20.0,0.0,1,0.0,0.0,20.0,0.0,1,0.0,2.0,20.0,0.0,1
2026-03-27 11:37:57,59.15,0.0,4.0,20.0,0.0,1,0.0,0.0,20.0,0.0,1,0.0,2.0,20.0,0.0,1,0.0,0.0,20.0,0.0,1,0.0,0.0,20.0,0.0,1,0.0,2.0,20.0,0.0,1
2026-03-27 11:37:58,59.87,0.0,4.0,20.0,0.0,1,0.0,0.0,20.0,0.0,1,0.0,2.0,20.0,0.0,1,0.0,0.0,20.0,0.0,1,0.0,0.0,20.0,0.0,1,0.0,2.0,20.0,0.0,1
2026-03-27 11:37:58,60.61,0.0,4.0,20.0,0.0,1,0.0,0.0,20.0,0.0,1,0.0,2.0,20.0,0.0,1,0.0,0.0,20.0,0.0,1,0.0,0.0,20.0,0.0,1,0.0,2.0,20.0,0.0,1
2026-03-27 11:37:59,61.35,0.0,4.0,20.0,0.0,1,0.0,0.0,20.0,0.0,1,0.0,2.0,20.0,0.0,1,0.0,0.0,20.0,0.0,1,0.0,0.0,20.0,0.0,1,0.0,2.0,20.0,0.0,1
2026-03-27 11:38:00,62.07,0.0,4.0,20.0,0.0,1,0.0,0.0,20.0,0.0,1,0.0,2.0,20.0,0.0,1,0.0,0.0,20.0,0.0,1,0.0,0.0,20.0,0.0,1,0.0,2.0,20.0,0.0,1
2026-03-27 11:38:01,62.89,0.0,4.0,20.0,0.0,1,0.0,0.0,20.0,0.0,1,0.0,2.0,20.0,0.0,1,0.0,0.0,20.0,0.0,1,0.0,0.0,20.0,0.0,1,0.0,2.0,20.0,0.0,1
2026-03-27 11:38:02,63.73,0.0,4.0,20.0,0.0,1,0.0,0.0,20.0,0.0,1,0.0,2.0,20.0,0.0,1,0.0,0.0,20.0,0.0,1,0.0,0.0,20.0,0.0,1,0.0,2.0,20.0,0.0,1
2026-03-27 11:38:02,64.49,0.0,4.0,20.0,0.0,1,0.0,0.0,20.0,0.0,1,0.0,2.0,20.0,0.0,1,0.0,0.0,20.0,0.0,1,0.0,0.0,20.0,0.0,1,0.0,2.0,20.0,0.0,1
2026-03-27 11:38:03,65.26,0.0,4.0,20.0,0.0,1,0.0,0.0,20.0,0.0,1,0.0,2.0,20.0,0.0,1,0.0,0.0,20.0,0.0,1,0.0,0.0,20.0,0.0,1,0.0,2.0,20.0,0.0,1
2026-03-27 11:38:04,66.06,0.0,4.0,20.0,0.0,1,0.0,0.0,20.0,0.0,1,0.0,2.0,20.0,0.0,1,0.0,0.0,20.0,0.0,1,0.0,0.0,20.0,0.0,1,0.0,2.0,20.0,0.0,1
2026-03-27 11:38:05,66.82,0.0,4.0,20.0,0.0,1,0.0,0.0,20.0,0.0,1,0.0,2.0,20.0,0.0,1,0.0,0.0,20.0,0.0,1,0.0,0.0,20.0,0.0,1,0.0,2.0,20.0,0.0,1
2026-03-27 11:38:05,67.56,0.0,4.0,20.0,0.0,1,0.0,0.0,20.0,0.0,1,0.0,2.0,20.0,0.0,1,0.0,0.0,20.0,0.0,1,0.0,0.0,20.0,0.0,1,0.0,2.0,20.0,0.0,1
2026-03-27 11:38:06,68.33,0.0,4.0,20.0,0.0,1,0.0,0.0,20.0,0.0,1,0.0,2.0,20.0,0.0,1,0.0,0.0,20.0,0.0,1,0.0,0.0,20.0,0.0,1,0.0,2.0,20.0,0.0,1
2026-03-27 11:38:07,69.05,0.0,4.0,20.0,0.0,1,0.0,0.0,20.0,0.0,1,0.0,2.0,20.0,0.0,1,0.0,0.0,20.0,0.0,1,0.0,0.0,20.0,0.0,1,0.0,2.0,20.0,0.0,1
2026-03-27 11:38:08,69.77,0.0,4.0,20.0,0.0,1,0.0,0.0,20.0,0.0,1,0.0,2.0,20.0,0.0,1,0.0,0.0,20.0,0.0,1,0.0,0.0,20.0,0.0,1,0.0,2.0,20.0,0.0,1
2026-03-27 11:38:08,70.52,0.0,4.0,20.0,0.0,1,0.0,0.0,20.0,0.0,1,0.0,2.0,20.0,0.0,1,0.0,0.0,20.0,0.0,1,0.0,0.0,20.0,0.0,1,0.0,2.0,20.0,0.0,1
2026-03-27 11:38:09,71.26,0.0,4.0,20.0,0.0,1,0.0,0.0,20.0,0.0,1,0.0,2.0,20.0,0.0,1,0.0,0.0,20.0,0.0,1,0.0,0.0,20.0,0.0,1,0.0,2.0,20.0,0.0,1
2026-03-27 11:38:10,72.02,0.0,4.0,20.0,0.0,1,0.0,0.0,20.0,0.0,1,0.0,2.0,20.0,0.0,1,0.0,0.0,20.0,0.0,1,0.0,0.0,20.0,0.0,1,0.0,2.0,20.0,0.0,1
2026-03-27 11:38:11,72.79,0.0,4.0,20.0,0.0,1,0.0,0.0,20.0,0.0,1,0.0,2.0,20.0,0.0,1,0.0,0.0,20.0,0.0,1,0.0,0.0,20.0,0.0,1,0.0,2.0,20.0,0.0,1
2026-03-27 11:38:11,73.56,0.0,4.0,20.0,0.0,1,0.0,0.0,20.0,0.0,1,0.0,2.0,20.0,0.0,1,0.0,0.0,20.0,0.0,1,0.0,0.0,20.0,0.0,1,0.0,2.0,20.0,0.0,1
2026-03-27 11:38:12,74.3,0.0,4.0,20.0,0.0,1,0.0,0.0,20.0,0.0,1,0.0,2.0,20.0,0.0,1,0.0,0.0,20.0,0.0,1,0.0,0.0,20.0,0.0,1,0.0,2.0,20.0,0.0,1
2026-03-27 11:38:13,75.03,0.0,4.0,20.0,0.0,1,0.0,0.0,20.0,0.0,1,0.0,2.0,20.0,0.0,1,0.0,0.0,20.0,0.0,1,0.0,0.0,20.0,0.0,1,0.0,2.0,20.0,0.0,1
2026-03-27 11:38:14,75.8,0.0,4.0,20.0,0.0,1,0.0,0.0,20.0,0.0,1,0.0,2.0,20.0,0.0,1,0.0,0.0,20.0,0.0,1,0.0,0.0,20.0,0.0,1,0.0,2.0,20.0,0.0,1
2026-03-27 11:38:14,76.58,0.0,4.0,20.0,0.0,1,0.0,0.0,20.0,0.0,1,0.0,2.0,20.0,0.0,1,0.0,0.0,20.0,0.0,1,0.0,0.0,20.0,0.0,1,0.0,2.0,20.0,0.0,1
2026-03-27 11:38:15,77.31,0.0,4.0,20.0,0.0,1,0.0,0.0,20.0,0.0,1,0.0,2.0,20.0,0.0,1,0.0,0.0,20.0,0.0,1,0.0,0.0,20.0,0.0,1,0.0,2.0,20.0,0.0,1
2026-03-27 11:38:16,78.03,0.0,4.0,20.0,0.0,1,0.0,0.0,20.0,0.0,1,0.0,2.0,20.0,0.0,1,0.0,0.0,20.0,0.0,1,0.0,0.0,20.0,0.0,1,0.0,2.0,20.0,0.0,1
2026-03-27 11:38:17,78.78,0.0,4.0,20.0,0.0,1,0.0,0.0,20.0,0.0,1,0.0,2.0,20.0,0.0,1,0.0,0.0,20.0,0.0,1,0.0,0.0,20.0,0.0,1,0.0,2.0,20.0,0.0,1
2026-03-27 11:38:17,79.55,0.0,4.0,20.0,0.0,1,0.0,0.0,20.0,0.0,1,0.0,2.0,20.0,0.0,1,0.0,1.0,20.0,0.0,1,0.0,0.0,20.0,0.0,1,0.0,2.0,20.0,0.0,1
2026-03-27 11:38:18,80.34,0.0,4.0,20.0,0.0,1,0.0,0.0,20.0,0.0,1,0.0,2.0,20.0,0.0,1,0.0,1.0,20.0,0.0,1,0.0,0.0,20.0,0.0,1,0.0,2.0,20.0,0.0,1
2026-03-27 11:38:19,81.08,0.0,4.0,20.0,0.0,1,0.0,0.0,20.0,0.0,1,0.0,2.0,20.0,0.0,1,0.0,1.0,20.0,0.0,1,0.0,0.0,20.0,0.0,1,0.0,2.0,20.0,0.0,1
2026-03-27 11:38:20,81.83,0.0,4.0,20.0,0.0,1,0.0,0.0,20.0,0.0,1,0.0,2.0,20.0,0.0,1,0.0,1.0,20.0,0.0,1,0.0,0.0,20.0,0.0,1,0.0,2.0,20.0,0.0,1
2026-03-27 11:38:20,82.57,0.0,4.0,20.0,0.0,1,0.0,0.0,20.0,0.0,1,0.0,2.0,20.0,0.0,1,0.0,1.0,20.0,0.0,1,0.0,0.0,20.0,0.0,1,0.0,2.0,20.0,0.0,1
2026-03-27 11:38:21,83.33,0.0,4.0,20.0,0.0,1,0.0,0.0,20.0,0.0,1,0.0,2.0,20.0,0.0,1,0.0,1.0,20.0,0.0,1,0.0,0.0,20.0,0.0,1,0.0,2.0,20.0,0.0,1
2026-03-27 11:38:22,84.06,0.0,4.0,20.0,0.0,1,0.0,0.0,20.0,0.0,1,0.0,2.0,20.0,0.0,1,0.0,1.0,20.0,0.0,1,0.0,0.0,20.0,0.0,1,0.0,2.0,20.0,0.0,1
2026-03-27 11:38:23,84.81,0.0,4.0,20.0,0.0,1,0.0,0.0,20.0,0.0,1,0.0,2.0,20.0,0.0,1,0.0,1.0,20.0,0.0,1,0.0,0.0,20.0,0.0,1,0.0,2.0,20.0,0.0,1
2026-03-27 11:38:24,85.63,0.0,4.0,20.0,0.0,1,0.0,0.0,20.0,0.0,1,0.0,2.0,20.0,0.0,1,0.0,1.0,20.0,0.0,1,0.0,0.0,20.0,0.0,1,0.0,2.0,20.0,0.0,1
2026-03-27 11:38:24,86.39,0.0,4.0,20.0,0.0,1,0.0,0.0,20.0,0.0,1,0.0,2.0,20.0,0.0,1,0.0,1.0,20.0,0.0,1,0.0,0.0,20.0,0.0,1,0.0,2.0,20.0,0.0,1
2026-03-27 11:38:25,87.12,0.0,4.0,20.0,0.0,1,0.0,0.0,20.0,0.0,1,0.0,2.0,20.0,0.0,1,0.0,1.0,20.0,0.0,1,0.0,0.0,20.0,0.0,1,0.0,2.0,20.0,0.0,1
2026-03-27 11:38:26,87.84,0.0,4.0,20.0,0.0,1,0.0,0.0,20.0,0.0,1,0.0,2.0,20.0,0.0,1,0.0,1.0,20.0,0.0,1,0.0,0.0,20.0,0.0,1,0.0,2.0,20.0,0.0,1
2026-03-27 11:38:26,88.58,0.0,4.0,20.0,0.0,1,0.0,0.0,20.0,0.0,1,0.0,2.0,20.0,0.0,1,0.0,1.0,20.0,0.0,1,0.0,0.0,20.0,0.0,1,0.0,2.0,20.0,0.0,1
2026-03-27 11:38:27,89.31,0.0,4.0,20.0,0.0,1,0.0,0.0,20.0,0.0,1,0.0,2.0,20.0,0.0,1,0.0,1.0,20.0,0.0,1,0.0,0.0,20.0,0.0,1,0.0,2.0,20.0,0.0,1
2026-03-27 11:38:28,90.06,0.0,4.0,20.0,0.0,1,0.0,0.0,20.0,0.0,1,0.0,2.0,20.0,0.0,1,0.0,1.0,20.0,0.0,1,0.0,0.0,20.0,0.0,1,0.0,2.0,20.0,0.0,1
2026-03-27 11:38:29,90.8,0.0,4.0,20.0,0.0,1,0.0,0.0,20.0,0.0,1,0.0,2.0,20.0,0.0,1,0.0,1.0,20.0,0.0,1,0.0,0.0,20.0,0.0,1,0.0,2.0,20.0,0.0,1
2026-03-27 11:38:29,91.54,0.0,4.0,20.0,0.0,1,0.0,0.0,20.0,0.0,1,0.0,2.0,20.0,0.0,1,0.0,1.0,20.0,0.0,1,0.0,0.0,20.0,0.0,1,0.0,2.0,20.0,0.0,1
2026-03-27 11:38:30,92.26,0.0,4.0,20.0,0.0,1,0.0,0.0,20.0,0.0,1,0.0,2.0,20.0,0.0,1,0.0,1.0,20.0,0.0,1,0.0,0.0,20.0,0.0,1,0.0,2.0,20.0,0.0,1
2026-03-27 11:38:31,92.98,0.0,4.0,20.0,0.0,1,0.0,0.0,20.0,0.0,1,0.0,2.0,20.0,0.0,1,0.0,1.0,20.0,0.0,1,0.0,0.0,20.0,0.0,1,0.0,2.0,20.0,0.0,1
2026-03-27 11:38:32,93.76,0.0,4.0,20.0,0.0,1,0.0,0.0,20.0,0.0,1,0.0,2.0,20.0,0.0,1,0.0,1.0,20.0,0.0,1,0.0,0.0,20.0,0.0,1,0.0,2.0,20.0,0.0,1
2026-03-27 11:38:32,94.48,0.0,4.0,20.0,0.0,1,0.0,0.0,20.0,0.0,1,0.0,2.0,20.0,0.0,1,0.0,1.0,20.0,0.0,1,0.0,0.0,20.0,0.0,1,0.0,2.0,20.0,0.0,1
2026-03-27 11:38:33,95.23,0.0,4.0,20.0,0.0,1,0.0,0.0,20.0,0.0,1,0.0,2.0,20.0,0.0,1,0.0,1.0,20.0,0.0,1,0.0,0.0,20.0,0.0,1,0.0,2.0,20.0,0.0,1
2026-03-27 11:38:34,95.96,0.0,4.0,20.0,0.0,1,0.0,0.0,20.0,0.0,1,0.0,2.0,20.0,0.0,1,0.0,1.0,20.0,0.0,1,0.0,0.0,20.0,0.0,1,0.0,2.0,20.0,0.0,1
2026-03-27 11:38:35,96.71,0.0,4.0,20.0,0.0,1,0.0,0.0,20.0,0.0,1,0.0,2.0,20.0,0.0,1,0.0,1.0,20.0,0.0,1,0.0,0.0,20.0,0.0,1,0.0,2.0,20.0,0.0,1
2026-03-27 11:38:35,97.47,0.0,4.0,20.0,0.0,1,0.0,0.0,20.0,0.0,1,0.0,2.0,20.0,0.0,1,0.0,1.0,20.0,0.0,1,0.0,0.0,20.0,0.0,1,0.0,2.0,20.0,0.0,1
2026-03-27 11:38:36,98.2,0.0,4.0,20.0,0.0,1,0.0,0.0,20.0,0.0,1,0.0,2.0,20.0,0.0,1,0.0,1.0,20.0,0.0,1,0.0,0.0,20.0,0.0,1,0.0,2.0,20.0,0.0,1
2026-03-27 11:38:37,98.93,0.0,4.0,20.0,0.0,1,0.0,0.0,20.0,0.0,1,0.0,2.0,20.0,0.0,1,0.0,1.0,20.0,0.0,1,0.0,0.0,20.0,0.0,1,0.0,2.0,20.0,0.0,1
2026-03-27 11:38:38,99.66,0.0,4.0,20.0,0.0,1,0.0,0.0,20.0,0.0,1,0.0,2.0,20.0,0.0,1,0.0,1.0,20.0,0.0,1,0.0,0.0,20.0,0.0,1,0.0,2.0,20.0,0.0,1
2026-03-27 11:38:38,100.38,0.0,4.0,20.0,0.0,1,0.0,0.0,20.0,0.0,1,0.0,2.0,20.0,0.0,1,0.0,1.0,20.0,0.0,1,0.0,0.0,20.0,0.0,1,0.0,2.0,20.0,0.0,1
2026-03-27 11:38:39,101.11,0.0,4.0,20.0,0.0,1,0.0,0.0,20.0,0.0,1,0.0,2.0,20.0,0.0,1,0.0,1.0,20.0,0.0,1,0.0,0.0,20.0,0.0,1,0.0,2.0,20.0,0.0,1
2026-03-27 11:38:40,101.85,0.0,4.0,20.0,0.0,1,0.0,0.0,20.0,0.0,1,0.0,2.0,20.0,0.0,1,0.0,1.0,20.0,0.0,1,0.0,0.0,20.0,0.0,1,0.0,2.0,20.0,0.0,1
2026-03-27 11:38:40,102.59,0.0,4.0,20.0,0.0,1,0.0,0.0,20.0,0.0,1,0.0,2.0,20.0,0.0,1,0.0,1.0,20.0,0.0,1,0.0,0.0,20.0,0.0,1,0.0,2.0,20.0,0.0,1
2026-03-27 11:38:41,103.35,0.0,4.0,20.0,0.0,1,0.0,0.0,20.0,0.0,1,0.0,2.0,20.0,0.0,1,0.0,1.0,20.0,0.0,1,0.0,0.0,20.0,0.0,1,0.0,2.0,20.0,0.0,1
2026-03-27 11:38:42,104.09,0.0,4.0,20.0,0.0,1,0.0,0.0,20.0,0.0,1,0.0,2.0,20.0,0.0,1,0.0,1.0,20.0,0.0,1,0.0,0.0,20.0,0.0,1,0.0,2.0,20.0,0.0,1
2026-03-27 11:38:43,104.84,0.0,4.0,20.0,0.0,1,0.0,0.0,20.0,0.0,1,0.0,2.0,20.0,0.0,1,0.0,1.0,20.0,0.0,1,0.0,0.0,20.0,0.0,1,0.0,2.0,20.0,0.0,1
2026-03-27 11:38:43,105.6,0.0,4.0,20.0,0.0,1,0.0,0.0,20.0,0.0,1,0.0,2.0,20.0,0.0,1,0.0,1.0,20.0,0.0,1,0.0,0.0,20.0,0.0,1,0.0,2.0,20.0,0.0,1
2026-03-27 11:38:44,106.33,0.0,4.0,20.0,0.0,1,0.0,0.0,20.0,0.0,1,0.0,2.0,20.0,0.0,1,0.0,1.0,20.0,0.0,1,0.0,0.0,20.0,0.0,1,0.0,2.0,20.0,0.0,1
2026-03-27 11:38:45,107.06,0.0,4.0,20.0,0.0,1,0.0,0.0,20.0,0.0,1,0.0,2.0,20.0,0.0,1,0.0,1.0,20.0,0.0,1,0.0,0.0,20.0,0.0,1,0.0,2.0,20.0,0.0,1
2026-03-27 11:38:46,107.79,0.0,4.0,20.0,0.0,1,0.0,0.0,20.0,0.0,1,0.0,2.0,20.0,0.0,1,0.0,1.0,20.0,0.0,1,0.0,0.0,20.0,0.0,1,0.0,2.0,20.0,0.0,1
2026-03-27 11:38:46,108.52,0.0,4.0,20.0,0.0,1,0.0,0.0,20.0,0.0,1,0.0,2.0,20.0,0.0,1,0.0,1.0,20.0,0.0,1,0.0,0.0,20.0,0.0,1,0.0,2.0,20.0,0.0,1
2026-03-27 11:38:47,109.25,0.0,4.0,20.0,0.0,1,0.0,0.0,20.0,0.0,1,0.0,2.0,20.0,0.0,1,0.0,1.0,20.0,0.0,1,0.0,0.0,20.0,0.0,1,0.0,2.0,20.0,0.0,1
2026-03-27 11:38:48,110.0,0.0,4.0,20.0,0.0,1,0.0,0.0,20.0,0.0,1,0.0,2.0,20.0,0.0,1,0.0,1.0,20.0,0.0,1,0.0,0.0,20.0,0.0,1,0.0,2.0,20.0,0.0,1
2026-03-27 11:38:49,110.76,0.0,4.0,20.0,0.0,1,0.0,0.0,20.0,0.0,1,0.0,2.0,20.0,0.0,1,0.0,1.0,20.0,0.0,1,0.0,0.0,20.0,0.0,1,0.0,2.0,20.0,0.0,1
2026-03-27 11:38:49,111.51,0.0,4.0,20.0,0.0,1,0.0,0.0,20.0,0.0,1,0.0,2.0,20.0,0.0,1,0.0,1.0,20.0,0.0,1,0.0,0.0,20.0,0.0,1,0.0,2.0,20.0,0.0,1
2026-03-27 11:38:50,112.25,0.0,4.0,20.0,0.0,1,0.0,0.0,20.0,0.0,1,0.0,2.0,20.0,0.0,1,0.0,1.0,20.0,0.0,1,0.0,0.0,20.0,0.0,1,0.0,2.0,20.0,0.0,1
2026-03-27 11:38:51,112.99,0.0,4.0,20.0,0.0,1,0.0,0.0,20.0,0.0,1,0.0,2.0,20.0,0.0,1,0.0,1.0,20.0,0.0,1,0.0,0.0,20.0,0.0,1,0.0,2.0,20.0,0.0,1
2026-03-27 11:38:52,113.73,0.0,4.0,20.0,0.0,1,0.0,0.0,20.0,0.0,1,0.0,2.0,20.0,0.0,1,0.0,1.0,20.0,0.0,1,0.0,0.0,20.0,0.0,1,0.0,2.0,20.0,0.0,1
2026-03-27 11:38:52,114.48,0.0,4.0,20.0,0.0,1,0.0,0.0,20.0,0.0,1,0.0,2.0,20.0,0.0,1,0.0,1.0,20.0,0.0,1,0.0,0.0,20.0,0.0,1,0.0,2.0,20.0,0.0,1
2026-03-27 11:38:53,115.21,0.0,4.0,20.0,0.0,1,0.0,0.0,20.0,0.0,1,0.0,2.0,20.0,0.0,1,0.0,1.0,20.0,0.0,1,0.0,0.0,20.0,0.0,1,0.0,2.0,20.0,0.0,1
2026-03-27 11:38:54,116.01,0.0,4.0,20.0,0.0,1,0.0,0.0,20.0,0.0,1,0.0,2.0,20.0,0.0,1,0.0,1.0,20.0,0.0,1,0.0,0.0,20.0,0.0,1,0.0,2.0,20.0,0.0,1
2026-03-27 11:38:55,116.75,0.0,4.0,20.0,0.0,1,0.0,0.0,20.0,0.0,1,0.0,2.0,20.0,0.0,1,0.0,1.0,20.0,0.0,1,0.0,0.0,20.0,0.0,1,0.0,2.0,20.0,0.0,1
2026-03-27 11:38:55,117.49,0.0,4.0,20.0,0.0,1,0.0,0.0,20.0,0.0,1,0.0,2.0,20.0,0.0,1,0.0,1.0,20.0,0.0,1,0.0,0.0,20.0,0.0,1,0.0,2.0,20.0,0.0,1
2026-03-27 11:38:56,118.23,0.0,4.0,20.0,0.0,1,0.0,0.0,20.0,0.0,1,0.0,2.0,20.0,0.0,1,0.0,1.0,20.0,0.0,1,0.0,0.0,20.0,0.0,1,0.0,2.0,20.0,0.0,1
2026-03-27 11:38:57,118.96,0.0,4.0,20.0,0.0,1,0.0,0.0,20.0,0.0,1,0.0,2.0,20.0,0.0,1,0.0,1.0,20.0,0.0,1,0.0,0.0,20.0,0.0,1,0.0,2.0,20.0,0.0,1
2026-03-27 11:38:58,119.72,0.0,4.0,20.0,0.0,1,0.0,0.0,20.0,0.0,1,0.0,2.0,20.0,0.0,1,0.0,1.0,20.0,0.0,1,0.0,0.0,20.0,0.0,1,0.0,2.0,20.0,0.0,1
2026-03-27 11:38:58,120.45,0.0,4.0,20.0,0.0,1,0.0,0.0,20.0,0.0,1,0.0,2.0,20.0,0.0,1,0.0,1.0,20.0,0.0,1,0.0,0.0,20.0,0.0,1,0.0,2.0,20.0,0.0,1
2026-03-27 11:38:59,121.18,0.0,4.0,20.0,0.0,1,0.0,0.0,20.0,0.0,1,0.0,2.0,20.0,0.0,1,0.0,1.0,20.0,0.0,1,0.0,0.0,20.0,0.0,1,0.0,2.0,20.0,0.0,1
2026-03-27 11:39:00,121.92,0.0,4.0,20.0,0.0,1,0.0,0.0,20.0,0.0,1,0.0,2.0,20.0,0.0,1,0.0,1.0,20.0,0.0,1,0.0,0.0,20.0,0.0,1,0.0,2.0,20.0,0.0,1
2026-03-27 11:39:01,122.66,0.0,4.0,20.0,0.0,1,0.0,0.0,20.0,0.0,1,0.0,2.0,20.0,0.0,1,0.0,1.0,20.0,0.0,1,0.0,0.0,20.0,0.0,1,0.0,2.0,20.0,0.0,1
2026-03-27 11:39:01,123.42,0.0,4.0,20.0,0.0,1,0.0,0.0,20.0,0.0,1,0.0,2.0,20.0,0.0,1,0.0,1.0,20.0,0.0,1,0.0,0.0,20.0,0.0,1,0.0,2.0,20.0,0.0,1
2026-03-27 11:39:02,124.13,0.0,4.0,20.0,0.0,1,0.0,0.0,20.0,0.0,1,0.0,2.0,20.0,0.0,1,0.0,1.0,20.0,0.0,1,0.0,0.0,20.0,0.0,1,0.0,2.0,20.0,0.0,1
2026-03-27 11:39:03,124.87,0.0,4.0,20.0,0.0,1,0.0,0.0,20.0,0.0,1,0.0,2.0,20.0,0.0,1,0.0,1.0,20.0,0.0,1,0.0,0.0,20.0,0.0,1,0.0,2.0,20.0,0.0,1
2026-03-27 11:39:03,125.61,0.0,4.0,20.0,0.0,1,0.0,0.0,20.0,0.0,1,0.0,2.0,20.0,0.0,1,0.0,1.0,20.0,0.0,1,0.0,0.0,20.0,0.0,1,0.0,2.0,20.0,0.0,1
2026-03-27 11:39:04,126.36,0.0,4.0,20.0,0.0,1,0.0,0.0,20.0,0.0,1,0.0,2.0,20.0,0.0,1,0.0,1.0,20.0,0.0,1,0.0,0.0,20.0,0.0,1,0.0,2.0,20.0,0.0,1
2026-03-27 11:39:05,127.1,0.0,4.0,20.0,0.0,1,0.0,0.0,20.0,0.0,1,0.0,2.0,20.0,0.0,1,0.0,1.0,20.0,0.0,1,0.0,0.0,20.0,0.0,1,0.0,2.0,20.0,0.0,1
2026-03-27 11:39:06,127.87,0.0,4.0,20.0,0.0,1,0.0,0.0,20.0,0.0,1,0.0,2.0,20.0,0.0,1,0.0,1.0,20.0,0.0,1,0.0,0.0,20.0,0.0,1,0.0,2.0,20.0,0.0,1
2026-03-27 11:39:06,128.59,0.0,4.0,20.0,0.0,1,0.0,0.0,20.0,0.0,1,0.0,2.0,20.0,0.0,1,0.0,1.0,20.0,0.0,1,0.0,0.0,20.0,0.0,1,0.0,2.0,20.0,0.0,1
2026-03-27 11:39:07,129.34,0.0,4.0,20.0,0.0,1,0.0,0.0,20.0,0.0,1,0.0,2.0,20.0,0.0,1,0.0,1.0,20.0,0.0,1,0.0,0.0,20.0,0.0,1,0.0,2.0,20.0,0.0,1
2026-03-27 11:39:08,130.07,0.0,4.0,20.0,0.0,1,0.0,0.0,20.0,0.0,1,0.0,2.0,20.0,0.0,1,0.0,1.0,20.0,0.0,1,0.0,0.0,20.0,0.0,1,0.0,2.0,20.0,0.0,1
2026-03-27 11:39:09,130.8,0.0,4.0,20.0,0.0,1,0.0,0.0,20.0,0.0,1,0.0,2.0,20.0,0.0,1,0.0,1.0,20.0,0.0,1,0.0,0.0,20.0,0.0,1,0.0,2.0,20.0,0.0,1
2026-03-27 11:39:09,131.57,0.0,4.0,20.0,0.0,1,0.0,0.0,20.0,0.0,1,0.0,2.0,20.0,0.0,1,0.0,1.0,20.0,0.0,1,0.0,0.0,20.0,0.0,1,0.0,2.0,20.0,0.0,1
2026-03-27 11:39:10,132.31,0.0,4.0,20.0,0.0,1,0.0,0.0,20.0,0.0,1,0.0,2.0,20.0,0.0,1,0.0,1.0,20.0,0.0,1,0.0,0.0,20.0,0.0,1,0.0,2.0,20.0,0.0,1
2026-03-27 11:39:11,133.04,0.0,4.0,20.0,0.0,1,0.0,0.0,20.0,0.0,1,0.0,2.0,20.0,0.0,1,0.0,1.0,20.0,0.0,1,0.0,0.0,20.0,0.0,1,0.0,2.0,20.0,0.0,1
2026-03-27 11:39:12,133.77,0.0,4.0,20.0,0.0,1,0.0,0.0,20.0,0.0,1,0.0,2.0,20.0,0.0,1,0.0,1.0,20.0,0.0,1,0.0,0.0,20.0,0.0,1,0.0,2.0,20.0,0.0,1
2026-03-27 11:39:12,134.5,0.0,4.0,20.0,0.0,1,0.0,0.0,20.0,0.0,1,0.0,2.0,20.0,0.0,1,0.0,1.0,20.0,0.0,1,0.0,0.0,20.0,0.0,1,0.0,2.0,20.0,0.0,1
2026-03-27 11:39:13,135.23,0.0,4.0,20.0,0.0,1,0.0,0.0,20.0,0.0,1,0.0,2.0,20.0,0.0,1,0.0,1.0,20.0,0.0,1,0.0,0.0,20.0,0.0,1,0.0,2.0,20.0,0.0,1
2026-03-27 11:39:14,135.97,0.0,4.0,20.0,0.0,1,0.0,0.0,20.0,0.0,1,0.0,2.0,20.0,0.0,1,0.0,1.0,20.0,0.0,1,0.0,0.0,20.0,0.0,1,0.0,2.0,20.0,0.0,1
2026-03-27 11:39:15,136.72,0.0,4.0,20.0,0.0,1,0.0,0.0,20.0,0.0,1,0.0,2.0,20.0,0.0,1,0.0,1.0,20.0,0.0,1,0.0,0.0,20.0,0.0,1,0.0,2.0,20.0,0.0,1
2026-03-27 11:39:15,137.46,0.0,4.0,20.0,0.0,1,0.0,0.0,20.0,0.0,1,0.0,2.0,20.0,0.0,1,0.0,1.0,20.0,0.0,1,0.0,0.0,20.0,0.0,1,0.0,2.0,20.0,0.0,1
2026-03-27 11:39:16,138.23,0.0,4.0,20.0,0.0,1,0.0,0.0,20.0,0.0,1,0.0,2.0,20.0,0.0,1,0.0,1.0,20.0,0.0,1,0.0,0.0,20.0,0.0,1,0.0,2.0,20.0,0.0,1
2026-03-27 11:39:17,139.04,0.0,4.0,20.0,0.0,1,0.0,0.0,20.0,0.0,1,0.0,2.0,20.0,0.0,1,0.0,1.0,20.0,0.0,1,0.0,0.0,20.0,0.0,1,0.0,2.0,20.0,0.0,1
2026-03-27 11:39:18,139.82,0.0,4.0,20.0,0.0,1,0.0,0.0,20.0,0.0,1,0.0,2.0,20.0,0.0,1,0.0,1.0,20.0,0.0,1,0.0,0.0,20.0,0.0,1,0.0,2.0,20.0,0.0,1
2026-03-27 11:39:18,140.55,0.0,4.0,20.0,0.0,1,0.0,0.0,20.0,0.0,1,0.0,2.0,20.0,0.0,1,0.0,1.0,20.0,0.0,1,0.0,0.0,20.0,0.0,1,0.0,2.0,20.0,0.0,1
2026-03-27 11:39:19,141.28,0.0,4.0,20.0,0.0,1,0.0,0.0,20.0,0.0,1,0.0,2.0,20.0,0.0,1,0.0,1.0,20.0,0.0,1,0.0,0.0,20.0,0.0,1,0.0,2.0,20.0,0.0,1
2026-03-27 11:39:20,142.02,0.0,4.0,20.0,0.0,1,0.0,0.0,20.0,0.0,1,0.0,2.0,20.0,0.0,1,0.0,1.0,20.0,0.0,1,0.0,0.0,20.0,0.0,1,0.0,2.0,20.0,0.0,1
2026-03-27 11:39:21,142.77,0.0,4.0,20.0,0.0,1,0.0,0.0,20.0,0.0,1,0.0,2.0,20.0,0.0,1,0.0,1.0,20.0,0.0,1,0.0,0.0,20.0,0.0,1,0.0,2.0,20.0,0.0,1
2026-03-27 11:39:21,143.55,0.0,4.0,20.0,0.0,1,0.0,0.0,20.0,0.0,1,0.0,2.0,20.0,0.0,1,0.0,1.0,20.0,0.0,1,0.0,0.0,20.0,0.0,1,0.0,2.0,20.0,0.0,1
2026-03-27 11:39:22,144.31,0.0,4.0,20.0,0.0,1,0.0,0.0,20.0,0.0,1,0.0,2.0,20.0,0.0,1,0.0,1.0,20.0,0.0,1,0.0,0.0,20.0,0.0,1,0.0,2.0,20.0,0.0,1
2026-03-27 11:39:23,145.06,0.0,4.0,20.0,0.0,1,0.0,0.0,20.0,0.0,1,0.0,2.0,20.0,0.0,1,0.0,1.0,20.0,0.0,1,0.0,0.0,20.0,0.0,1,0.0,2.0,20.0,0.0,1
2026-03-27 11:39:24,145.81,0.0,4.0,20.0,0.0,1,0.0,0.0,20.0,0.0,1,0.0,2.0,20.0,0.0,1,0.0,1.0,20.0,0.0,1,0.0,0.0,20.0,0.0,1,0.0,2.0,20.0,0.0,1
2026-03-27 11:39:24,146.56,0.0,4.0,20.0,0.0,1,0.0,0.0,20.0,0.0,1,0.0,2.0,20.0,0.0,1,0.0,1.0,20.0,0.0,1,0.0,0.0,20.0,0.0,1,0.0,2.0,20.0,0.0,1
2026-03-27 11:39:25,147.31,0.0,4.0,20.0,0.0,1,0.0,0.0,20.0,0.0,1,0.0,2.0,20.0,0.0,1,0.0,1.0,20.0,0.0,1,0.0,0.0,20.0,0.0,1,0.0,2.0,20.0,0.0,1
2026-03-27 11:39:26,148.05,0.0,4.0,20.0,0.0,1,0.0,0.0,20.0,0.0,1,0.0,2.0,20.0,0.0,1,0.0,1.0,20.0,0.0,1,0.0,0.0,20.0,0.0,1,0.0,2.0,20.0,0.0,1
2026-03-27 11:39:27,148.8,0.0,4.0,20.0,0.0,1,0.0,0.0,20.0,0.0,1,0.0,2.0,20.0,0.0,1,0.0,1.0,20.0,0.0,1,0.0,0.0,20.0,0.0,1,0.0,2.0,20.0,0.0,1
2026-03-27 11:39:27,149.53,0.0,4.0,20.0,0.0,1,0.0,0.0,20.0,0.0,1,0.0,2.0,20.0,0.0,1,0.0,1.0,20.0,0.0,1,0.0,0.0,20.0,0.0,1,0.0,2.0,20.0,0.0,1
2026-03-27 11:39:28,150.28,0.0,4.0,20.0,0.0,1,0.0,0.0,20.0,0.0,1,0.0,2.0,20.0,0.0,1,0.0,1.0,20.0,0.0,1,0.0,0.0,20.0,0.0,1,0.0,2.0,20.0,0.0,1
2026-03-27 11:39:29,151.02,0.0,4.0,20.0,0.0,1,0.0,0.0,20.0,0.0,1,0.0,2.0,20.0,0.0,1,0.0,1.0,20.0,0.0,1,0.0,0.0,20.0,0.0,1,0.0,2.0,20.0,0.0,1
2026-03-27 11:39:30,151.78,0.0,4.0,20.0,0.0,1,0.0,0.0,20.0,0.0,1,0.0,2.0,20.0,0.0,1,0.0,1.0,20.0,0.0,1,0.0,0.0,20.0,0.0,1,0.0,2.0,20.0,0.0,1
2026-03-27 11:39:30,152.55,0.0,4.0,20.0,0.0,1,0.0,0.0,20.0,0.0,1,0.0,2.0,20.0,0.0,1,0.0,1.0,20.0,0.0,1,0.0,0.0,20.0,0.0,1,0.0,2.0,20.0,0.0,1
2026-03-27 11:39:31,153.28,0.0,4.0,20.0,0.0,1,0.0,0.0,20.0,0.0,1,0.0,2.0,20.0,0.0,1,0.0,1.0,20.0,0.0,1,0.0,0.0,20.0,0.0,1,0.0,2.0,20.0,0.0,1
2026-03-27 11:39:32,154.0,0.0,4.0,20.0,0.0,1,0.0,0.0,20.0,0.0,1,0.0,2.0,20.0,0.0,1,0.0,1.0,20.0,0.0,1,0.0,0.0,20.0,0.0,1,0.0,2.0,20.0,0.0,1
2026-03-27 11:39:33,154.78,0.0,4.0,20.0,0.0,1,0.0,0.0,20.0,0.0,1,0.0,2.0,20.0,0.0,1,0.0,1.0,20.0,0.0,1,0.0,0.0,20.0,0.0,1,0.0,2.0,20.0,0.0,1
2026-03-27 11:39:33,155.51,0.0,4.0,20.0,0.0,1,0.0,0.0,20.0,0.0,1,0.0,2.0,20.0,0.0,1,0.0,1.0,20.0,0.0,1,0.0,0.0,20.0,0.0,1,0.0,2.0,20.0,0.0,1
2026-03-27 11:39:34,156.25,0.0,4.0,20.0,0.0,1,0.0,0.0,20.0,0.0,1,0.0,2.0,20.0,0.0,1,0.0,1.0,20.0,0.0,1,0.0,0.0,20.0,0.0,1,0.0,2.0,20.0,0.0,1
2026-03-27 11:39:35,157.02,0.0,4.0,20.0,0.0,1,0.0,0.0,20.0,0.0,1,0.0,2.0,20.0,0.0,1,0.0,1.0,20.0,0.0,1,0.0,0.0,20.0,0.0,1,0.0,2.0,20.0,0.0,1
2026-03-27 11:39:36,157.82,0.0,4.0,20.0,0.0,1,0.0,0.0,20.0,0.0,1,0.0,2.0,20.0,0.0,1,0.0,1.0,20.0,0.0,1,0.0,0.0,20.0,0.0,1,0.0,2.0,20.0,0.0,1
2026-03-27 11:39:36,158.55,0.0,4.0,20.0,0.0,1,0.0,0.0,20.0,0.0,1,0.0,2.0,20.0,0.0,1,0.0,1.0,20.0,0.0,1,0.0,0.0,20.0,0.0,1,0.0,2.0,20.0,0.0,1
2026-03-27 11:39:37,159.32,0.0,4.0,20.0,0.0,1,0.0,0.0,20.0,0.0,1,0.0,2.0,20.0,0.0,1,0.0,1.0,20.0,0.0,1,0.0,0.0,20.0,0.0,1,0.0,2.0,20.0,0.0,1
2026-03-27 11:39:38,160.05,0.0,4.0,20.0,0.0,1,0.0,0.0,20.0,0.0,1,0.0,2.0,20.0,0.0,1,0.0,1.0,20.0,0.0,1,0.0,0.0,20.0,0.0,1,0.0,2.0,20.0,0.0,1
2026-03-27 11:39:39,160.81,0.0,4.0,20.0,0.0,1,0.0,0.0,20.0,0.0,1,0.0,2.0,20.0,0.0,1,0.0,1.0,20.0,0.0,1,0.0,0.0,20.0,0.0,1,0.0,2.0,20.0,0.0,1
2026-03-27 11:39:39,161.53,0.0,4.0,20.0,0.0,1,0.0,0.0,20.0,0.0,1,0.0,2.0,20.0,0.0,1,0.0,1.0,20.0,0.0,1,0.0,0.0,20.0,0.0,1,0.0,2.0,20.0,0.0,1
2026-03-27 11:39:40,162.28,0.0,4.0,20.0,0.0,1,0.0,0.0,20.0,0.0,1,0.0,2.0,20.0,0.0,1,0.0,1.0,20.0,0.0,1,0.0,0.0,20.0,0.0,1,0.0,2.0,20.0,0.0,1
2026-03-27 11:39:41,163.02,0.0,4.0,20.0,0.0,1,0.0,0.0,20.0,0.0,1,0.0,2.0,20.0,0.0,1,0.0,1.0,20.0,0.0,1,0.0,0.0,20.0,0.0,1,0.0,2.0,20.0,0.0,1
2026-03-27 11:39:42,163.76,0.0,4.0,20.0,0.0,1,0.0,0.0,20.0,0.0,1,0.0,2.0,20.0,0.0,1,0.0,1.0,20.0,0.0,1,0.0,0.0,20.0,0.0,1,0.0,2.0,20.0,0.0,1
2026-03-27 11:39:42,164.53,0.0,4.0,20.0,0.0,1,0.0,0.0,20.0,0.0,1,0.0,2.0,20.0,0.0,1,0.0,1.0,20.0,0.0,1,0.0,0.0,20.0,0.0,1,0.0,2.0,20.0,0.0,1
2026-03-27 11:39:43,165.25,0.0,4.0,20.0,0.0,1,0.0,0.0,20.0,0.0,1,0.0,2.0,20.0,0.0,1,0.0,1.0,20.0,0.0,1,0.0,0.0,20.0,0.0,1,0.0,2.0,20.0,0.0,1
2026-03-27 11:39:44,166.03,0.0,4.0,20.0,0.0,1,0.0,0.0,20.0,0.0,1,0.0,2.0,20.0,0.0,1,0.0,1.0,20.0,0.0,1,0.0,0.0,20.0,0.0,1,0.0,2.0,20.0,0.0,1
2026-03-27 11:39:45,166.75,0.0,4.0,20.0,0.0,1,0.0,0.0,20.0,0.0,1,0.0,2.0,20.0,0.0,1,0.0,1.0,20.0,0.0,1,0.0,0.0,20.0,0.0,1,0.0,2.0,20.0,0.0,1
2026-03-27 11:39:45,167.5,0.0,4.0,20.0,0.0,1,0.0,0.0,20.0,0.0,1,0.0,2.0,20.0,0.0,1,0.0,1.0,20.0,0.0,1,0.0,0.0,20.0,0.0,1,0.0,2.0,20.0,0.0,1
2026-03-27 11:39:46,168.23,0.0,4.0,20.0,0.0,1,0.0,0.0,20.0,0.0,1,0.0,2.0,20.0,0.0,1,0.0,1.0,20.0,0.0,1,0.0,0.0,20.0,0.0,1,0.0,2.0,20.0,0.0,1
2026-03-27 11:39:47,169.01,0.0,4.0,20.0,0.0,1,0.0,0.0,20.0,0.0,1,0.0,2.0,20.0,0.0,1,0.0,1.0,20.0,0.0,1,0.0,0.0,20.0,0.0,1,0.0,2.0,20.0,0.0,1
2026-03-27 11:39:48,169.74,0.0,4.0,20.0,0.0,1,0.0,0.0,20.0,0.0,1,0.0,2.0,20.0,0.0,1,0.0,1.0,20.0,0.0,1,0.0,0.0,20.0,0.0,1,0.0,2.0,20.0,0.0,1
2026-03-27 11:39:48,170.48,0.0,4.0,20.0,0.0,1,0.0,0.0,20.0,0.0,1,0.0,2.0,20.0,0.0,1,0.0,1.0,20.0,0.0,1,0.0,0.0,20.0,0.0,1,0.0,2.0,20.0,0.0,1
2026-03-27 11:39:49,171.21,0.0,4.0,20.0,0.0,1,0.0,0.0,20.0,0.0,1,0.0,2.0,20.0,0.0,1,0.0,1.0,20.0,0.0,1,0.0,0.0,20.0,0.0,1,0.0,2.0,20.0,0.0,1
2026-03-27 11:39:50,171.95,0.0,4.0,20.0,0.0,1,0.0,0.0,20.0,0.0,1,0.0,2.0,20.0,0.0,1,0.0,1.0,20.0,0.0,1,0.0,0.0,20.0,0.0,1,0.0,2.0,20.0,0.0,1
2026-03-27 11:39:51,172.7,0.0,4.0,20.0,0.0,1,0.0,0.0,20.0,0.0,1,0.0,2.0,20.0,0.0,1,0.0,1.0,20.0,0.0,1,0.0,0.0,20.0,0.0,1,0.0,2.0,20.0,0.0,1
2026-03-27 11:39:51,173.44,0.0,4.0,20.0,0.0,1,0.0,0.0,20.0,0.0,1,0.0,2.0,20.0,0.0,1,0.0,1.0,20.0,0.0,1,0.0,0.0,20.0,0.0,1,0.0,2.0,20.0,0.0,1
2026-03-27 11:39:52,174.16,0.0,4.0,20.0,0.0,1,0.0,0.0,20.0,0.0,1,0.0,2.0,20.0,0.0,1,0.0,1.0,20.0,0.0,1,0.0,0.0,20.0,0.0,1,0.0,2.0,20.0,0.0,1
2026-03-27 11:39:53,174.92,0.0,4.0,20.0,0.0,1,0.0,0.0,20.0,0.0,1,0.0,2.0,20.0,0.0,1,0.0,1.0,20.0,0.0,1,0.0,0.0,20.0,0.0,1,0.0,2.0,20.0,0.0,1
2026-03-27 11:39:54,175.71,0.0,4.0,20.0,0.0,1,0.0,0.0,20.0,0.0,1,0.0,2.0,20.0,0.0,1,0.0,1.0,20.0,0.0,1,0.0,0.0,20.0,0.0,1,0.0,2.0,20.0,0.0,1
2026-03-27 11:39:54,176.49,0.0,4.0,20.0,0.0,1,0.0,0.0,20.0,0.0,1,0.0,2.0,20.0,0.0,1,0.0,1.0,20.0,0.0,1,0.0,0.0,20.0,0.0,1,0.0,2.0,20.0,0.0,1
2026-03-27 11:39:55,177.24,0.0,4.0,20.0,0.0,1,0.0,0.0,20.0,0.0,1,0.0,2.0,20.0,0.0,1,0.0,1.0,20.0,0.0,1,0.0,0.0,20.0,0.0,1,0.0,2.0,20.0,0.0,1
2026-03-27 11:39:56,178.0,0.0,4.0,20.0,0.0,1,0.0,0.0,20.0,0.0,1,0.0,2.0,20.0,0.0,1,0.0,1.0,20.0,0.0,1,0.0,0.0,20.0,0.0,1,0.0,2.0,20.0,0.0,1
2026-03-27 11:39:57,178.76,0.0,4.0,20.0,0.0,1,0.0,0.0,20.0,0.0,1,0.0,2.0,20.0,0.0,1,0.0,1.0,20.0,0.0,1,0.0,0.0,20.0,0.0,1,0.0,2.0,20.0,0.0,1
2026-03-27 11:39:57,179.51,0.0,4.0,20.0,0.0,1,0.0,0.0,20.0,0.0,1,0.0,2.0,20.0,0.0,1,0.0,1.0,20.0,0.0,1,0.0,0.0,20.0,0.0,1,0.0,2.0,20.0,0.0,1
2026-03-27 11:39:58,180.26,0.0,4.0,20.0,0.0,1,0.0,0.0,20.0,0.0,1,0.0,2.0,20.0,0.0,1,0.0,1.0,20.0,0.0,1,0.0,0.0,20.0,0.0,1,0.0,2.0,20.0,0.0,1
2026-03-27 11:39:59,180.99,0.0,4.0,20.0,0.0,1,0.0,0.0,20.0,0.0,1,0.0,2.0,20.0,0.0,1,0.0,1.0,20.0,0.0,1,0.0,0.0,20.0,0.0,1,0.0,2.0,20.0,0.0,1
2026-03-27 11:40:00,181.73,0.0,4.0,20.0,0.0,1,0.0,0.0,20.0,0.0,1,0.0,2.0,20.0,0.0,1,0.0,1.0,20.0,0.0,1,0.0,0.0,20.0,0.0,1,0.0,2.0,20.0,0.0,1
2026-03-27 11:40:00,182.46,0.0,4.0,20.0,0.0,1,0.0,0.0,20.0,0.0,1,0.0,2.0,20.0,0.0,1,0.0,1.0,20.0,0.0,1,0.0,0.0,20.0,0.0,1,0.0,2.0,20.0,0.0,1
2026-03-27 11:40:01,183.21,0.0,4.0,20.0,0.0,1,0.0,0.0,20.0,0.0,1,0.0,2.0,20.0,0.0,1,0.0,1.0,20.0,0.0,1,0.0,0.0,20.0,0.0,1,0.0,2.0,20.0,0.0,1
2026-03-27 11:40:02,183.97,0.0,4.0,20.0,0.0,1,0.0,0.0,20.0,0.0,1,0.0,2.0,20.0,0.0,1,0.0,1.0,20.0,0.0,1,0.0,0.0,20.0,0.0,1,0.0,2.0,20.0,0.0,1
2026-03-27 11:40:03,184.71,0.0,4.0,20.0,0.0,1,0.0,0.0,20.0,0.0,1,0.0,2.0,20.0,0.0,1,0.0,1.0,20.0,0.0,1,0.0,0.0,20.0,0.0,1,0.0,2.0,20.0,0.0,1
2026-03-27 11:40:03,185.45,0.0,4.0,20.0,0.0,1,0.0,0.0,20.0,0.0,1,0.0,2.0,20.0,0.0,1,0.0,1.0,20.0,0.0,1,0.0,0.0,20.0,0.0,1,0.0,2.0,20.0,0.0,1
2026-03-27 11:40:04,186.18,0.0,4.0,20.0,0.0,1,0.0,0.0,20.0,0.0,1,0.0,2.0,20.0,0.0,1,0.0,1.0,20.0,0.0,1,0.0,0.0,20.0,0.0,1,0.0,2.0,20.0,0.0,1
2026-03-27 11:40:04,186.47,0.0,4.0,20.0,0.0,1,0.0,0.0,20.0,0.0,1,0.0,2.0,20.0,0.0,1,0.0,1.0,20.0,0.0,1,0.0,0.0,20.0,0.0,1,0.0,2.0,20.0,0.0,1
2026-03-27 11:40:05,0.16,100.0,4.0,20.0,0.0,1,100.0,0.0,20.0,0.0,1,100.0,2.0,20.0,0.0,1,100.0,1.0,20.0,0.0,1,100.0,0.0,20.0,0.0,1,100.0,2.0,20.0,0.0,1
2026-03-27 11:40:05,0.91,100.0,5.0,20.0,0.0,1,100.0,1.0,20.0,0.0,1,100.0,3.0,20.0,0.0,1,100.0,2.0,20.0,0.0,1,100.0,1.0,20.0,0.0,1,100.0,3.0,20.0,0.0,1
2026-03-27 11:40:06,1.65,100.0,10.0,20.0,0.0,1,100.0,6.0,20.0,0.0,1,100.0,8.0,20.0,0.0,1,100.0,7.0,20.0,0.0,1,100.0,6.0,20.0,0.0,1,100.0,8.0,20.0,0.0,1
2026-03-27 11:40:07,2.36,100.0,16.0,20.0,0.0,1,100.0,12.0,20.0,0.0,1,100.0,14.0,20.0,0.0,1,100.0,13.0,20.0,0.0,1,100.0,12.0,20.0,0.0,1,100.0,14.0,20.0,0.0,1
2026-03-27 11:40:07,3.14,100.0,22.0,20.0,0.0,1,100.0,18.0,20.0,0.0,1,100.0,20.0,20.0,0.0,1,100.0,19.0,20.0,0.0,1,100.0,19.0,20.0,0.0,1,100.0,20.0,20.0,0.0,1
2026-03-27 11:40:08,3.86,100.0,28.0,20.0,0.0,1,100.0,25.0,20.0,0.0,1,100.0,27.0,20.0,0.0,1,100.0,25.0,20.0,0.0,1,100.0,25.0,20.0,0.0,1,100.0,26.0,20.0,0.0,1
2026-03-27 11:40:09,4.61,100.0,34.0,20.0,0.0,1,100.0,31.0,20.0,0.0,1,100.0,33.0,20.0,0.0,1,100.0,31.0,20.0,0.0,1,100.0,31.0,20.0,0.0,1,100.0,32.0,20.0,0.0,1
2026-03-27 11:40:10,5.33,100.0,41.0,20.0,0.0,1,100.0,37.0,20.0,0.0,1,100.0,38.0,20.0,0.0,1,100.0,37.0,20.0,0.0,1,100.0,37.0,20.0,0.0,1,100.0,39.0,20.0,0.0,1
2026-03-27 11:40:10,6.05,100.0,46.0,20.0,0.0,1,100.0,43.0,20.0,0.0,1,100.0,45.0,20.0,0.0,1,100.0,44.0,20.0,0.0,1,100.0,43.0,20.0,0.0,1,100.0,45.0,20.0,0.0,1
2026-03-27 11:40:11,6.75,100.0,53.0,20.0,0.0,1,100.0,50.0,20.0,0.0,1,100.0,51.0,20.0,0.0,1,100.0,50.0,20.0,0.0,1,100.0,49.0,20.0,0.0,1,100.0,51.0,20.0,0.0,1
2026-03-27 11:40:12,7.46,100.0,59.0,20.0,0.0,1,100.0,56.0,20.0,0.0,1,100.0,57.0,20.0,0.0,1,100.0,56.0,20.0,0.0,1,100.0,56.0,20.0,0.0,1,100.0,57.0,20.0,0.0,1
2026-03-27 11:40:13,8.18,100.0,65.0,20.0,0.0,1,100.0,62.0,20.0,0.0,1,100.0,64.0,20.0,0.0,1,100.0,62.0,20.0,0.0,1,100.0,62.0,20.0,0.0,1,100.0,63.0,20.0,0.0,1
2026-03-27 11:40:13,8.9,100.0,77.0,20.0,0.0,1,100.0,74.0,20.0,0.0,1,100.0,75.0,20.0,0.0,1,100.0,75.0,20.0,0.0,1,100.0,74.0,20.0,0.0,1,100.0,75.0,20.0,0.0,1
2026-03-27 11:40:14,9.62,100.0,84.0,20.0,0.0,1,100.0,81.0,20.0,0.0,1,100.0,82.0,20.0,0.0,1,100.0,80.0,20.0,0.0,1,100.0,80.0,20.0,0.0,1,100.0,82.0,20.0,0.0,1
2026-03-27 11:40:15,10.33,100.0,90.0,20.0,0.0,1,100.0,86.0,20.0,0.0,1,100.0,88.0,20.0,0.0,1,100.0,86.0,20.0,0.0,1,100.0,86.0,20.0,0.0,1,100.0,88.0,20.0,0.0,1
2026-03-27 11:40:15,11.05,100.0,95.0,20.0,0.0,1,100.0,93.0,20.0,0.0,1,100.0,95.0,20.0,0.0,1,100.0,93.0,20.0,0.0,1,100.0,92.0,20.0,0.0,1,100.0,94.0,20.0,0.0,1
2026-03-27 11:40:16,11.8,100.0,103.0,20.0,0.0,1,100.0,100.0,20.0,0.0,1,100.0,101.0,20.0,0.0,1,100.0,101.0,20.0,0.0,1,100.0,101.0,20.0,0.0,1,100.0,102.0,20.0,0.0,1
2026-03-27 11:40:17,12.52,0.0,103.0,20.0,0.0,1,0.0,100.0,20.0,0.0,1,0.0,101.0,20.0,0.0,1,0.0,101.0,20.0,0.0,1,0.0,101.0,20.0,0.0,1,0.0,103.0,20.0,0.0,1
2026-03-27 11:40:18,13.23,0.0,102.0,20.0,0.0,1,0.0,99.0,20.0,0.0,1,0.0,100.0,20.0,0.0,1,0.0,100.0,20.0,0.0,1,0.0,100.0,20.0,0.0,1,0.0,102.0,20.0,0.0,1
2026-03-27 11:40:18,13.98,0.0,96.0,20.0,0.0,1,0.0,93.0,20.0,0.0,1,0.0,95.0,20.0,0.0,1,0.0,94.0,20.0,0.0,1,0.0,94.0,20.0,0.0,1,0.0,97.0,20.0,0.0,1
2026-03-27 11:40:19,14.71,0.0,90.0,20.0,0.0,1,0.0,87.0,20.0,0.0,1,0.0,89.0,20.0,0.0,1,0.0,88.0,20.0,0.0,1,0.0,88.0,20.0,0.0,1,0.0,90.0,20.0,0.0,1
2026-03-27 11:40:20,15.45,0.0,85.0,20.0,0.0,1,0.0,81.0,20.0,0.0,1,0.0,83.0,20.0,0.0,1,0.0,81.0,20.0,0.0,1,0.0,82.0,20.0,0.0,1,0.0,84.0,20.0,0.0,1
2026-03-27 11:40:21,16.21,0.0,78.0,20.0,0.0,1,0.0,75.0,20.0,0.0,1,0.0,77.0,20.0,0.0,1,0.0,76.0,20.0,0.0,1,0.0,76.0,20.0,0.0,1,0.0,78.0,20.0,0.0,1
2026-03-27 11:40:21,16.96,0.0,72.0,20.0,0.0,1,0.0,69.0,20.0,0.0,1,0.0,70.0,20.0,0.0,1,0.0,70.0,20.0,0.0,1,0.0,70.0,20.0,0.0,1,0.0,72.0,20.0,0.0,1
2026-03-27 11:40:22,17.67,0.0,60.0,20.0,0.0,1,0.0,56.0,20.0,0.0,1,0.0,58.0,20.0,0.0,1,0.0,57.0,20.0,0.0,1,0.0,57.0,20.0,0.0,1,0.0,59.0,20.0,0.0,1
2026-03-27 11:40:23,18.39,0.0,53.0,20.0,0.0,1,0.0,49.0,20.0,0.0,1,0.0,52.0,20.0,0.0,1,0.0,51.0,20.0,0.0,1,0.0,51.0,20.0,0.0,1,0.0,53.0,20.0,0.0,1
2026-03-27 11:40:23,19.11,0.0,47.0,20.0,0.0,1,0.0,44.0,20.0,0.0,1,0.0,46.0,20.0,0.0,1,0.0,45.0,20.0,0.0,1,0.0,45.0,20.0,0.0,1,0.0,47.0,20.0,0.0,1
2026-03-27 11:40:24,19.83,0.0,41.0,20.0,0.0,1,0.0,37.0,20.0,0.0,1,0.0,40.0,20.0,0.0,1,0.0,39.0,20.0,0.0,1,0.0,39.0,20.0,0.0,1,0.0,41.0,20.0,0.0,1
2026-03-27 11:40:25,20.55,0.0,35.0,20.0,0.0,1,0.0,31.0,20.0,0.0,1,0.0,34.0,20.0,0.0,1,0.0,33.0,20.0,0.0,1,0.0,33.0,20.0,0.0,1,0.0,35.0,20.0,0.0,1
2026-03-27 11:40:26,21.27,0.0,29.0,20.0,0.0,1,0.0,25.0,20.0,0.0,1,0.0,27.0,20.0,0.0,1,0.0,26.0,20.0,0.0,1,0.0,26.0,20.0,0.0,1,0.0,29.0,20.0,0.0,1
2026-03-27 11:40:26,22.04,0.0,23.0,20.0,0.0,1,0.0,19.0,20.0,0.0,1,0.0,22.0,20.0,0.0,1,0.0,21.0,20.0,0.0,1,0.0,22.0,20.0,0.0,1,0.0,24.0,20.0,0.0,1
2026-03-27 11:40:27,22.75,0.0,19.0,20.0,0.0,1,0.0,15.0,20.0,0.0,1,0.0,18.0,20.0,0.0,1,0.0,17.0,20.0,0.0,1,0.0,18.0,20.0,0.0,1,0.0,19.0,20.0,0.0,1
2026-03-27 11:40:28,23.49,0.0,13.0,20.0,0.0,1,0.0,9.0,20.0,0.0,1,0.0,12.0,20.0,0.0,1,0.0,11.0,20.0,0.0,1,0.0,12.0,20.0,0.0,1,0.0,13.0,20.0,0.0,1
2026-03-27 11:40:29,24.23,0.0,11.0,20.0,0.0,1,0.0,7.0,20.0,0.0,1,0.0,10.0,20.0,0.0,1,0.0,9.0,20.0,0.0,1,0.0,9.0,20.0,0.0,1,0.0,11.0,20.0,0.0,1
2026-03-27 11:40:29,24.95,0.0,9.0,20.0,0.0,1,0.0,5.0,20.0,0.0,1,0.0,8.0,20.0,0.0,1,0.0,7.0,20.0,0.0,1,0.0,8.0,20.0,0.0,1,0.0,9.0,20.0,0.0,1
2026-03-27 11:40:30,25.67,0.0,8.0,20.0,0.0,1,0.0,4.0,20.0,0.0,1,0.0,6.0,20.0,0.0,1,0.0,5.0,20.0,0.0,1,0.0,6.0,20.0,0.0,1,0.0,8.0,20.0,0.0,1
2026-03-27 11:40:31,26.39,0.0,6.0,20.0,0.0,1,0.0,1.0,20.0,0.0,1,0.0,4.0,20.0,0.0,1,0.0,3.0,20.0,0.0,1,0.0,4.0,20.0,0.0,1,0.0,5.0,20.0,0.0,1
2026-03-27 11:40:31,27.11,0.0,5.0,20.0,0.0,1,0.0,1.0,20.0,0.0,1,0.0,3.0,20.0,0.0,1,0.0,2.0,20.0,0.0,1,0.0,4.0,20.0,0.0,1,0.0,5.0,20.0,0.0,1
2026-03-27 11:40:32,27.82,0.0,4.0,20.0,0.0,1,0.0,0.0,20.0,0.0,1,0.0,2.0,20.0,0.0,1,0.0,2.0,20.0,0.0,1,0.0,3.0,20.0,0.0,1,0.0,4.0,20.0,0.0,1
2026-03-27 11:40:33,28.54,0.0,4.0,20.0,0.0,1,0.0,0.0,20.0,0.0,1,0.0,2.0,20.0,0.0,1,0.0,1.0,20.0,0.0,1,0.0,2.0,20.0,0.0,1,0.0,3.0,20.0,0.0,1
2026-03-27 11:40:34,29.24,0.0,3.0,20.0,0.0,1,0.0,0.0,20.0,0.0,1,0.0,2.0,20.0,0.0,1,0.0,0.0,20.0,0.0,1,0.0,2.0,20.0,0.0,1,0.0,3.0,20.0,0.0,1
2026-03-27 11:40:34,29.96,0.0,3.0,20.0,0.0,1,0.0,0.0,20.0,0.0,1,0.0,1.0,20.0,0.0,1,0.0,0.0,20.0,0.0,1,0.0,1.0,20.0,0.0,1,0.0,2.0,20.0,0.0,1
2026-03-27 11:40:35,30.67,0.0,3.0,20.0,0.0,1,0.0,0.0,20.0,0.0,1,0.0,1.0,20.0,0.0,1,0.0,0.0,20.0,0.0,1,0.0,1.0,20.0,0.0,1,0.0,2.0,20.0,0.0,1
2026-03-27 11:40:36,31.42,0.0,2.0,20.0,0.0,1,0.0,0.0,20.0,0.0,1,0.0,1.0,20.0,0.0,1,0.0,0.0,20.0,0.0,1,0.0,1.0,20.0,0.0,1,0.0,2.0,20.0,0.0,1
2026-03-27 11:40:37,32.15,0.0,2.0,20.0,0.0,1,0.0,0.0,20.0,0.0,1,0.0,1.0,20.0,0.0,1,0.0,0.0,20.0,0.0,1,0.0,1.0,20.0,0.0,1,0.0,2.0,20.0,0.0,1
2026-03-27 11:40:37,32.95,0.0,2.0,20.0,0.0,1,0.0,0.0,20.0,0.0,1,0.0,0.0,20.0,0.0,1,0.0,0.0,20.0,0.0,1,0.0,0.0,20.0,0.0,1,0.0,2.0,20.0,0.0,1
2026-03-27 11:40:38,33.68,0.0,2.0,20.0,0.0,1,0.0,0.0,20.0,0.0,1,0.0,0.0,20.0,0.0,1,0.0,0.0,20.0,0.0,1,0.0,0.0,20.0,0.0,1,0.0,2.0,20.0,0.0,1
2026-03-27 11:40:39,34.43,0.0,4.0,20.0,0.0,1,0.0,0.0,20.0,0.0,1,0.0,0.0,20.0,0.0,1,0.0,0.0,20.0,0.0,1,0.0,0.0,20.0,0.0,1,0.0,1.0,20.0,0.0,1
2026-03-27 11:40:40,35.15,0.0,4.0,20.0,0.0,1,0.0,0.0,20.0,0.0,1,0.0,1.0,20.0,0.0,1,0.0,0.0,20.0,0.0,1,0.0,0.0,20.0,0.0,1,0.0,1.0,20.0,0.0,1
2026-03-27 11:40:40,35.95,0.0,4.0,20.0,0.0,1,0.0,0.0,20.0,0.0,1,0.0,2.0,20.0,0.0,1,0.0,0.0,20.0,0.0,1,0.0,0.0,20.0,0.0,1,0.0,2.0,20.0,0.0,1
2026-03-27 11:40:41,36.69,0.0,4.0,20.0,0.0,1,0.0,0.0,20.0,0.0,1,0.0,2.0,20.0,0.0,1,0.0,0.0,20.0,0.0,1,0.0,0.0,20.0,0.0,1,0.0,2.0,20.0,0.0,1
2026-03-27 11:40:42,37.43,0.0,4.0,20.0,0.0,1,0.0,0.0,20.0,0.0,1,0.0,2.0,20.0,0.0,1,0.0,0.0,20.0,0.0,1,0.0,0.0,20.0,0.0,1,0.0,2.0,20.0,0.0,1
2026-03-27 11:40:43,38.15,0.0,4.0,20.0,0.0,1,0.0,0.0,20.0,0.0,1,0.0,2.0,20.0,0.0,1,0.0,0.0,20.0,0.0,1,0.0,0.0,20.0,0.0,1,0.0,2.0,20.0,0.0,1
2026-03-27 11:40:43,38.89,0.0,4.0,20.0,0.0,1,0.0,0.0,20.0,0.0,1,0.0,2.0,20.0,0.0,1,0.0,0.0,20.0,0.0,1,0.0,0.0,20.0,0.0,1,0.0,2.0,20.0,0.0,1
2026-03-27 11:40:44,39.61,0.0,4.0,20.0,0.0,1,0.0,0.0,20.0,0.0,1,0.0,2.0,20.0,0.0,1,0.0,0.0,20.0,0.0,1,0.0,0.0,20.0,0.0,1,0.0,2.0,20.0,0.0,1
2026-03-27 11:40:45,40.38,0.0,4.0,20.0,0.0,1,0.0,0.0,20.0,0.0,1,0.0,2.0,20.0,0.0,1,0.0,0.0,20.0,0.0,1,0.0,0.0,20.0,0.0,1,0.0,2.0,20.0,0.0,1
2026-03-27 11:40:45,41.1,0.0,4.0,20.0,0.0,1,0.0,0.0,20.0,0.0,1,0.0,2.0,20.0,0.0,1,0.0,0.0,20.0,0.0,1,0.0,0.0,20.0,0.0,1,0.0,2.0,20.0,0.0,1
2026-03-27 11:40:46,41.84,0.0,4.0,20.0,0.0,1,0.0,0.0,20.0,0.0,1,0.0,2.0,20.0,0.0,1,0.0,1.0,20.0,0.0,1,0.0,0.0,20.0,0.0,1,0.0,2.0,20.0,0.0,1
2026-03-27 11:40:47,42.57,0.0,4.0,20.0,0.0,1,0.0,0.0,20.0,0.0,1,0.0,2.0,20.0,0.0,1,0.0,1.0,20.0,0.0,1,0.0,0.0,20.0,0.0,1,0.0,2.0,20.0,0.0,1
2026-03-27 11:40:48,43.33,0.0,4.0,20.0,0.0,1,0.0,0.0,20.0,0.0,1,0.0,2.0,20.0,0.0,1,0.0,1.0,20.0,0.0,1,0.0,0.0,20.0,0.0,1,0.0,2.0,20.0,0.0,1
2026-03-27 11:40:48,44.13,0.0,4.0,20.0,0.0,1,0.0,0.0,20.0,0.0,1,0.0,2.0,20.0,0.0,1,0.0,1.0,20.0,0.0,1,0.0,0.0,20.0,0.0,1,0.0,2.0,20.0,0.0,1
2026-03-27 11:40:49,44.91,0.0,4.0,20.0,0.0,1,0.0,0.0,20.0,0.0,1,0.0,2.0,20.0,0.0,1,0.0,1.0,20.0,0.0,1,0.0,0.0,20.0,0.0,1,0.0,2.0,20.0,0.0,1
2026-03-27 11:40:50,45.7,0.0,4.0,20.0,0.0,1,0.0,0.0,20.0,0.0,1,0.0,2.0,20.0,0.0,1,0.0,1.0,20.0,0.0,1,0.0,0.0,20.0,0.0,1,0.0,2.0,20.0,0.0,1
2026-03-27 11:40:51,46.47,0.0,4.0,20.0,0.0,1,0.0,0.0,20.0,0.0,1,0.0,2.0,20.0,0.0,1,0.0,1.0,20.0,0.0,1,0.0,0.0,20.0,0.0,1,0.0,2.0,20.0,0.0,1
2026-03-27 11:40:52,47.2,0.0,4.0,20.0,0.0,1,0.0,0.0,20.0,0.0,1,0.0,2.0,20.0,0.0,1,0.0,1.0,20.0,0.0,1,0.0,0.0,20.0,0.0,1,0.0,2.0,20.0,0.0,1
2026-03-27 11:40:52,47.94,0.0,4.0,20.0,0.0,1,0.0,0.0,20.0,0.0,1,0.0,2.0,20.0,0.0,1,0.0,1.0,20.0,0.0,1,0.0,0.0,20.0,0.0,1,0.0,2.0,20.0,0.0,1
2026-03-27 11:40:53,48.79,0.0,4.0,20.0,0.0,1,0.0,0.0,20.0,0.0,1,0.0,2.0,20.0,0.0,1,0.0,1.0,20.0,0.0,1,0.0,0.0,20.0,0.0,1,0.0,2.0,20.0,0.0,1
2026-03-27 11:40:54,49.55,0.0,4.0,20.0,0.0,1,0.0,0.0,20.0,0.0,1,0.0,2.0,20.0,0.0,1,0.0,1.0,20.0,0.0,1,0.0,0.0,20.0,0.0,1,0.0,2.0,20.0,0.0,1
2026-03-27 11:40:55,50.29,0.0,4.0,20.0,0.0,1,0.0,0.0,20.0,0.0,1,0.0,2.0,20.0,0.0,1,0.0,1.0,20.0,0.0,1,0.0,0.0,20.0,0.0,1,0.0,2.0,20.0,0.0,1
2026-03-27 11:40:55,51.01,0.0,4.0,20.0,0.0,1,0.0,0.0,20.0,0.0,1,0.0,2.0,20.0,0.0,1,0.0,1.0,20.0,0.0,1,0.0,0.0,20.0,0.0,1,0.0,2.0,20.0,0.0,1
2026-03-27 11:40:56,51.77,0.0,4.0,20.0,0.0,1,0.0,0.0,20.0,0.0,1,0.0,2.0,20.0,0.0,1,0.0,1.0,20.0,0.0,1,0.0,0.0,20.0,0.0,1,0.0,2.0,20.0,0.0,1
2026-03-27 11:40:57,52.52,0.0,4.0,20.0,0.0,1,0.0,0.0,20.0,0.0,1,0.0,2.0,20.0,0.0,1,0.0,1.0,20.0,0.0,1,0.0,0.0,20.0,0.0,1,0.0,2.0,20.0,0.0,1
2026-03-27 11:40:58,53.26,0.0,4.0,20.0,0.0,1,0.0,0.0,20.0,0.0,1,0.0,2.0,20.0,0.0,1,0.0,1.0,20.0,0.0,1,0.0,0.0,20.0,0.0,1,0.0,2.0,20.0,0.0,1
2026-03-27 11:40:58,54.01,0.0,4.0,20.0,0.0,1,0.0,0.0,20.0,0.0,1,0.0,2.0,20.0,0.0,1,0.0,1.0,20.0,0.0,1,0.0,0.0,20.0,0.0,1,0.0,2.0,20.0,0.0,1
2026-03-27 11:40:59,54.75,0.0,4.0,20.0,0.0,1,0.0,0.0,20.0,0.0,1,0.0,2.0,20.0,0.0,1,0.0,1.0,20.0,0.0,1,0.0,0.0,20.0,0.0,1,0.0,2.0,20.0,0.0,1
2026-03-27 11:41:00,55.49,0.0,4.0,20.0,0.0,1,0.0,0.0,20.0,0.0,1,0.0,2.0,20.0,0.0,1,0.0,1.0,20.0,0.0,1,0.0,0.0,20.0,0.0,1,0.0,2.0,20.0,0.0,1
2026-03-27 11:41:01,56.22,0.0,4.0,20.0,0.0,1,0.0,0.0,20.0,0.0,1,0.0,2.0,20.0,0.0,1,0.0,1.0,20.0,0.0,1,0.0,0.0,20.0,0.0,1,0.0,2.0,20.0,0.0,1
2026-03-27 11:41:01,56.99,0.0,4.0,20.0,0.0,1,0.0,0.0,20.0,0.0,1,0.0,2.0,20.0,0.0,1,0.0,1.0,20.0,0.0,1,0.0,0.0,20.0,0.0,1,0.0,2.0,20.0,0.0,1
2026-03-27 11:41:02,57.71,0.0,4.0,20.0,0.0,1,0.0,0.0,20.0,0.0,1,0.0,2.0,20.0,0.0,1,0.0,1.0,20.0,0.0,1,0.0,0.0,20.0,0.0,1,0.0,2.0,20.0,0.0,1
2026-03-27 11:41:03,58.42,0.0,4.0,20.0,0.0,1,0.0,0.0,20.0,0.0,1,0.0,2.0,20.0,0.0,1,0.0,1.0,20.0,0.0,1,0.0,0.0,20.0,0.0,1,0.0,2.0,20.0,0.0,1
2026-03-27 11:41:04,59.16,0.0,4.0,20.0,0.0,1,0.0,0.0,20.0,0.0,1,0.0,2.0,20.0,0.0,1,0.0,1.0,20.0,0.0,1,0.0,0.0,20.0,0.0,1,0.0,2.0,20.0,0.0,1
2026-03-27 11:41:04,59.9,0.0,4.0,20.0,0.0,1,0.0,0.0,20.0,0.0,1,0.0,2.0,20.0,0.0,1,0.0,1.0,20.0,0.0,1,0.0,0.0,20.0,0.0,1,0.0,2.0,20.0,0.0,1
2026-03-27 11:41:05,60.66,0.0,4.0,20.0,0.0,1,0.0,0.0,20.0,0.0,1,0.0,2.0,20.0,0.0,1,0.0,1.0,20.0,0.0,1,0.0,0.0,20.0,0.0,1,0.0,2.0,20.0,0.0,1
2026-03-27 11:41:06,61.38,0.0,4.0,20.0,0.0,1,0.0,0.0,20.0,0.0,1,0.0,2.0,20.0,0.0,1,0.0,1.0,20.0,0.0,1,0.0,0.0,20.0,0.0,1,0.0,2.0,20.0,0.0,1
2026-03-27 11:41:06,62.11,0.0,4.0,20.0,0.0,1,0.0,0.0,20.0,0.0,1,0.0,2.0,20.0,0.0,1,0.0,1.0,20.0,0.0,1,0.0,0.0,20.0,0.0,1,0.0,2.0,20.0,0.0,1
2026-03-27 11:41:07,62.85,0.0,4.0,20.0,0.0,1,0.0,0.0,20.0,0.0,1,0.0,2.0,20.0,0.0,1,0.0,1.0,20.0,0.0,1,0.0,0.0,20.0,0.0,1,0.0,2.0,20.0,0.0,1
2026-03-27 11:41:08,63.58,0.0,4.0,20.0,0.0,1,0.0,0.0,20.0,0.0,1,0.0,2.0,20.0,0.0,1,0.0,1.0,20.0,0.0,1,0.0,0.0,20.0,0.0,1,0.0,2.0,20.0,0.0,1
2026-03-27 11:41:09,64.33,0.0,4.0,20.0,0.0,1,0.0,0.0,20.0,0.0,1,0.0,2.0,20.0,0.0,1,0.0,1.0,20.0,0.0,1,0.0,0.0,20.0,0.0,1,0.0,2.0,20.0,0.0,1
2026-03-27 11:41:09,65.08,0.0,4.0,20.0,0.0,1,0.0,0.0,20.0,0.0,1,0.0,2.0,20.0,0.0,1,0.0,1.0,20.0,0.0,1,0.0,0.0,20.0,0.0,1,0.0,2.0,20.0,0.0,1
2026-03-27 11:41:10,65.86,0.0,4.0,20.0,0.0,1,0.0,0.0,20.0,0.0,1,0.0,2.0,20.0,0.0,1,0.0,1.0,20.0,0.0,1,0.0,0.0,20.0,0.0,1,0.0,2.0,20.0,0.0,1
2026-03-27 11:41:11,66.58,0.0,4.0,20.0,0.0,1,0.0,0.0,20.0,0.0,1,0.0,2.0,20.0,0.0,1,0.0,1.0,20.0,0.0,1,0.0,0.0,20.0,0.0,1,0.0,2.0,20.0,0.0,1
2026-03-27 11:41:12,67.34,0.0,4.0,20.0,0.0,1,0.0,0.0,20.0,0.0,1,0.0,2.0,20.0,0.0,1,0.0,1.0,20.0,0.0,1,0.0,0.0,20.0,0.0,1,0.0,2.0,20.0,0.0,1
2026-03-27 11:41:12,68.07,0.0,4.0,20.0,0.0,1,0.0,0.0,20.0,0.0,1,0.0,2.0,20.0,0.0,1,0.0,1.0,20.0,0.0,1,0.0,0.0,20.0,0.0,1,0.0,2.0,20.0,0.0,1
2026-03-27 11:41:13,68.78,0.0,4.0,20.0,0.0,1,0.0,0.0,20.0,0.0,1,0.0,2.0,20.0,0.0,1,0.0,1.0,20.0,0.0,1,0.0,0.0,20.0,0.0,1,0.0,2.0,20.0,0.0,1
2026-03-27 11:41:14,69.5,0.0,4.0,20.0,0.0,1,0.0,0.0,20.0,0.0,1,0.0,2.0,20.0,0.0,1,0.0,1.0,20.0,0.0,1,0.0,0.0,20.0,0.0,1,0.0,2.0,20.0,0.0,1
2026-03-27 11:41:15,70.23,0.0,4.0,20.0,0.0,1,0.0,0.0,20.0,0.0,1,0.0,2.0,20.0,0.0,1,0.0,1.0,20.0,0.0,1,0.0,0.0,20.0,0.0,1,0.0,2.0,20.0,0.0,1
2026-03-27 11:41:15,70.97,0.0,4.0,20.0,0.0,1,0.0,0.0,20.0,0.0,1,0.0,2.0,20.0,0.0,1,0.0,1.0,20.0,0.0,1,0.0,0.0,20.0,0.0,1,0.0,2.0,20.0,0.0,1
2026-03-27 11:41:16,71.7,0.0,4.0,20.0,0.0,1,0.0,0.0,20.0,0.0,1,0.0,2.0,20.0,0.0,1,0.0,1.0,20.0,0.0,1,0.0,0.0,20.0,0.0,1,0.0,2.0,20.0,0.0,1
2026-03-27 11:41:17,72.46,0.0,4.0,20.0,0.0,1,0.0,0.0,20.0,0.0,1,0.0,2.0,20.0,0.0,1,0.0,1.0,20.0,0.0,1,0.0,0.0,20.0,0.0,1,0.0,2.0,20.0,0.0,1
2026-03-27 11:41:18,73.21,0.0,4.0,20.0,0.0,1,0.0,0.0,20.0,0.0,1,0.0,2.0,20.0,0.0,1,0.0,1.0,20.0,0.0,1,0.0,0.0,20.0,0.0,1,0.0,2.0,20.0,0.0,1
2026-03-27 11:41:18,73.96,0.0,4.0,20.0,0.0,1,0.0,0.0,20.0,0.0,1,0.0,2.0,20.0,0.0,1,0.0,1.0,20.0,0.0,1,0.0,0.0,20.0,0.0,1,0.0,2.0,20.0,0.0,1
2026-03-27 11:41:19,74.68,0.0,4.0,20.0,0.0,1,0.0,0.0,20.0,0.0,1,0.0,2.0,20.0,0.0,1,0.0,1.0,20.0,0.0,1,0.0,0.0,20.0,0.0,1,0.0,2.0,20.0,0.0,1
2026-03-27 11:41:20,75.44,0.0,4.0,20.0,0.0,1,0.0,0.0,20.0,0.0,1,0.0,2.0,20.0,0.0,1,0.0,1.0,20.0,0.0,1,0.0,0.0,20.0,0.0,1,0.0,2.0,20.0,0.0,1
2026-03-27 11:41:21,76.17,0.0,4.0,20.0,0.0,1,0.0,0.0,20.0,0.0,1,0.0,2.0,20.0,0.0,1,0.0,1.0,20.0,0.0,1,0.0,0.0,20.0,0.0,1,0.0,2.0,20.0,0.0,1
2026-03-27 11:41:21,76.94,0.0,4.0,20.0,0.0,1,0.0,0.0,20.0,0.0,1,0.0,2.0,20.0,0.0,1,0.0,1.0,20.0,0.0,1,0.0,0.0,20.0,0.0,1,0.0,2.0,20.0,0.0,1
2026-03-27 11:41:22,77.66,0.0,4.0,20.0,0.0,1,0.0,0.0,20.0,0.0,1,0.0,2.0,20.0,0.0,1,0.0,1.0,20.0,0.0,1,0.0,0.0,20.0,0.0,1,0.0,2.0,20.0,0.0,1
2026-03-27 11:41:23,78.4,0.0,4.0,20.0,0.0,1,0.0,0.0,20.0,0.0,1,0.0,2.0,20.0,0.0,1,0.0,1.0,20.0,0.0,1,0.0,0.0,20.0,0.0,1,0.0,2.0,20.0,0.0,1
2026-03-27 11:41:24,79.14,0.0,4.0,20.0,0.0,1,0.0,0.0,20.0,0.0,1,0.0,2.0,20.0,0.0,1,0.0,1.0,20.0,0.0,1,0.0,0.0,20.0,0.0,1,0.0,2.0,20.0,0.0,1
2026-03-27 11:41:24,79.93,0.0,4.0,20.0,0.0,1,0.0,0.0,20.0,0.0,1,0.0,2.0,20.0,0.0,1,0.0,1.0,20.0,0.0,1,0.0,0.0,20.0,0.0,1,0.0,2.0,20.0,0.0,1
2026-03-27 11:41:25,80.69,0.0,4.0,20.0,0.0,1,0.0,0.0,20.0,0.0,1,0.0,2.0,20.0,0.0,1,0.0,1.0,20.0,0.0,1,0.0,0.0,20.0,0.0,1,0.0,2.0,20.0,0.0,1
2026-03-27 11:41:26,81.42,0.0,4.0,20.0,0.0,1,0.0,0.0,20.0,0.0,1,0.0,2.0,20.0,0.0,1,0.0,1.0,20.0,0.0,1,0.0,0.0,20.0,0.0,1,0.0,2.0,20.0,0.0,1
2026-03-27 11:41:27,82.18,0.0,4.0,20.0,0.0,1,0.0,0.0,20.0,0.0,1,0.0,2.0,20.0,0.0,1,0.0,1.0,20.0,0.0,1,0.0,0.0,20.0,0.0,1,0.0,2.0,20.0,0.0,1
2026-03-27 11:41:27,82.92,0.0,4.0,20.0,0.0,1,0.0,0.0,20.0,0.0,1,0.0,2.0,20.0,0.0,1,0.0,1.0,20.0,0.0,1,0.0,0.0,20.0,0.0,1,0.0,2.0,20.0,0.0,1
2026-03-27 11:41:28,83.68,0.0,4.0,20.0,0.0,1,0.0,0.0,20.0,0.0,1,0.0,2.0,20.0,0.0,1,0.0,1.0,20.0,0.0,1,0.0,0.0,20.0,0.0,1,0.0,2.0,20.0,0.0,1
2026-03-27 11:41:29,84.47,0.0,4.0,20.0,0.0,1,0.0,0.0,20.0,0.0,1,0.0,2.0,20.0,0.0,1,0.0,1.0,20.0,0.0,1,0.0,0.0,20.0,0.0,1,0.0,2.0,20.0,0.0,1
2026-03-27 11:41:30,85.21,0.0,4.0,20.0,0.0,1,0.0,0.0,20.0,0.0,1,0.0,2.0,20.0,0.0,1,0.0,1.0,20.0,0.0,1,0.0,0.0,20.0,0.0,1,0.0,2.0,20.0,0.0,1
2026-03-27 11:41:30,86.01,0.0,4.0,20.0,0.0,1,0.0,0.0,20.0,0.0,1,0.0,2.0,20.0,0.0,1,0.0,1.0,20.0,0.0,1,0.0,0.0,20.0,0.0,1,0.0,2.0,20.0,0.0,1
2026-03-27 11:41:31,86.79,0.0,4.0,20.0,0.0,1,0.0,0.0,20.0,0.0,1,0.0,2.0,20.0,0.0,1,0.0,1.0,20.0,0.0,1,0.0,0.0,20.0,0.0,1,0.0,2.0,20.0,0.0,1
2026-03-27 11:41:32,87.54,0.0,4.0,20.0,0.0,1,0.0,0.0,20.0,0.0,1,0.0,2.0,20.0,0.0,1,0.0,1.0,20.0,0.0,1,0.0,0.0,20.0,0.0,1,0.0,2.0,20.0,0.0,1
2026-03-27 11:41:33,88.29,0.0,4.0,20.0,0.0,1,0.0,0.0,20.0,0.0,1,0.0,2.0,20.0,0.0,1,0.0,1.0,20.0,0.0,1,0.0,0.0,20.0,0.0,1,0.0,2.0,20.0,0.0,1
2026-03-27 11:41:33,89.1,0.0,4.0,20.0,0.0,1,0.0,0.0,20.0,0.0,1,0.0,2.0,20.0,0.0,1,0.0,1.0,20.0,0.0,1,0.0,0.0,20.0,0.0,1,0.0,2.0,20.0,0.0,1
2026-03-27 11:41:34,89.88,0.0,4.0,20.0,0.0,1,0.0,0.0,20.0,0.0,1,0.0,2.0,20.0,0.0,1,0.0,1.0,20.0,0.0,1,0.0,0.0,20.0,0.0,1,0.0,2.0,20.0,0.0,1
2026-03-27 11:41:35,90.64,0.0,4.0,20.0,0.0,1,0.0,0.0,20.0,0.0,1,0.0,2.0,20.0,0.0,1,0.0,1.0,20.0,0.0,1,0.0,0.0,20.0,0.0,1,0.0,2.0,20.0,0.0,1
2026-03-27 11:41:36,91.4,0.0,4.0,20.0,0.0,1,0.0,0.0,20.0,0.0,1,0.0,2.0,20.0,0.0,1,0.0,1.0,20.0,0.0,1,0.0,0.0,20.0,0.0,1,0.0,2.0,20.0,0.0,1
2026-03-27 11:41:37,92.14,0.0,4.0,20.0,0.0,1,0.0,0.0,20.0,0.0,1,0.0,2.0,20.0,0.0,1,0.0,1.0,20.0,0.0,1,0.0,0.0,20.0,0.0,1,0.0,2.0,20.0,0.0,1
2026-03-27 11:41:37,92.93,0.0,4.0,20.0,0.0,1,0.0,0.0,20.0,0.0,1,0.0,2.0,20.0,0.0,1,0.0,1.0,20.0,0.0,1,0.0,0.0,20.0,0.0,1,0.0,2.0,20.0,0.0,1
2026-03-27 11:41:38,93.65,0.0,4.0,20.0,0.0,1,0.0,0.0,20.0,0.0,1,0.0,2.0,20.0,0.0,1,0.0,1.0,20.0,0.0,1,0.0,0.0,20.0,0.0,1,0.0,2.0,20.0,0.0,1
2026-03-27 11:41:39,94.39,0.0,4.0,20.0,0.0,1,0.0,0.0,20.0,0.0,1,0.0,2.0,20.0,0.0,1,0.0,1.0,20.0,0.0,1,0.0,0.0,20.0,0.0,1,0.0,2.0,20.0,0.0,1
2026-03-27 11:41:39,95.12,0.0,4.0,20.0,0.0,1,0.0,0.0,20.0,0.0,1,0.0,2.0,20.0,0.0,1,0.0,1.0,20.0,0.0,1,0.0,0.0,20.0,0.0,1,0.0,2.0,20.0,0.0,1
2026-03-27 11:41:40,95.84,0.0,4.0,20.0,0.0,1,0.0,0.0,20.0,0.0,1,0.0,2.0,20.0,0.0,1,0.0,1.0,20.0,0.0,1,0.0,0.0,20.0,0.0,1,0.0,2.0,20.0,0.0,1
2026-03-27 11:41:41,96.62,0.0,4.0,20.0,0.0,1,0.0,0.0,20.0,0.0,1,0.0,2.0,20.0,0.0,1,0.0,1.0,20.0,0.0,1,0.0,0.0,20.0,0.0,1,0.0,2.0,20.0,0.0,1
2026-03-27 11:41:42,97.4,0.0,4.0,20.0,0.0,1,0.0,0.0,20.0,0.0,1,0.0,2.0,20.0,0.0,1,0.0,1.0,20.0,0.0,1,0.0,0.0,20.0,0.0,1,0.0,2.0,20.0,0.0,1
2026-03-27 11:41:43,98.15,0.0,4.0,20.0,0.0,1,0.0,0.0,20.0,0.0,1,0.0,2.0,20.0,0.0,1,0.0,1.0,20.0,0.0,1,0.0,0.0,20.0,0.0,1,0.0,2.0,20.0,0.0,1
2026-03-27 11:41:43,98.91,0.0,4.0,20.0,0.0,1,0.0,0.0,20.0,0.0,1,0.0,2.0,20.0,0.0,1,0.0,1.0,20.0,0.0,1,0.0,0.0,20.0,0.0,1,0.0,2.0,20.0,0.0,1
2026-03-27 11:41:44,99.66,0.0,4.0,20.0,0.0,1,0.0,0.0,20.0,0.0,1,0.0,2.0,20.0,0.0,1,0.0,1.0,20.0,0.0,1,0.0,0.0,20.0,0.0,1,0.0,2.0,20.0,0.0,1
2026-03-27 11:41:45,100.43,0.0,4.0,20.0,0.0,1,0.0,0.0,20.0,0.0,1,0.0,2.0,20.0,0.0,1,0.0,1.0,20.0,0.0,1,0.0,0.0,20.0,0.0,1,0.0,2.0,20.0,0.0,1
2026-03-27 11:41:46,101.18,0.0,4.0,20.0,0.0,1,0.0,0.0,20.0,0.0,1,0.0,2.0,20.0,0.0,1,0.0,1.0,20.0,0.0,1,0.0,0.0,20.0,0.0,1,0.0,2.0,20.0,0.0,1
2026-03-27 11:41:46,101.92,0.0,4.0,20.0,0.0,1,0.0,0.0,20.0,0.0,1,0.0,2.0,20.0,0.0,1,0.0,1.0,20.0,0.0,1,0.0,0.0,20.0,0.0,1,0.0,2.0,20.0,0.0,1
2026-03-27 11:41:47,102.67,0.0,4.0,20.0,0.0,1,0.0,0.0,20.0,0.0,1,0.0,2.0,20.0,0.0,1,0.0,1.0,20.0,0.0,1,0.0,0.0,20.0,0.0,1,0.0,2.0,20.0,0.0,1
2026-03-27 11:41:48,103.44,0.0,4.0,20.0,0.0,1,0.0,0.0,20.0,0.0,1,0.0,2.0,20.0,0.0,1,0.0,1.0,20.0,0.0,1,0.0,0.0,20.0,0.0,1,0.0,2.0,20.0,0.0,1
2026-03-27 11:41:49,104.24,0.0,4.0,20.0,0.0,1,0.0,0.0,20.0,0.0,1,0.0,2.0,20.0,0.0,1,0.0,1.0,20.0,0.0,1,0.0,0.0,20.0,0.0,1,0.0,2.0,20.0,0.0,1
2026-03-27 11:41:49,104.99,0.0,4.0,20.0,0.0,1,0.0,0.0,20.0,0.0,1,0.0,2.0,20.0,0.0,1,0.0,1.0,20.0,0.0,1,0.0,0.0,20.0,0.0,1,0.0,2.0,20.0,0.0,1
2026-03-27 11:41:50,105.76,0.0,4.0,20.0,0.0,1,0.0,0.0,20.0,0.0,1,0.0,2.0,20.0,0.0,1,0.0,1.0,20.0,0.0,1,0.0,0.0,20.0,0.0,1,0.0,2.0,20.0,0.0,1
2026-03-27 11:41:51,106.5,0.0,4.0,20.0,0.0,1,0.0,0.0,20.0,0.0,1,0.0,2.0,20.0,0.0,1,0.0,1.0,20.0,0.0,1,0.0,0.0,20.0,0.0,1,0.0,2.0,20.0,0.0,1
2026-03-27 11:41:52,107.28,0.0,4.0,20.0,0.0,1,0.0,0.0,20.0,0.0,1,0.0,2.0,20.0,0.0,1,0.0,1.0,20.0,0.0,1,0.0,0.0,20.0,0.0,1,0.0,2.0,20.0,0.0,1
2026-03-27 11:41:52,108.04,0.0,4.0,20.0,0.0,1,0.0,0.0,20.0,0.0,1,0.0,2.0,20.0,0.0,1,0.0,1.0,20.0,0.0,1,0.0,0.0,20.0,0.0,1,0.0,2.0,20.0,0.0,1
2026-03-27 11:41:53,108.83,0.0,4.0,20.0,0.0,1,0.0,0.0,20.0,0.0,1,0.0,2.0,20.0,0.0,1,0.0,1.0,20.0,0.0,1,0.0,0.0,20.0,0.0,1,0.0,2.0,20.0,0.0,1
2026-03-27 11:41:54,109.67,0.0,4.0,20.0,0.0,1,0.0,0.0,20.0,0.0,1,0.0,2.0,20.0,0.0,1,0.0,1.0,20.0,0.0,1,0.0,0.0,20.0,0.0,1,0.0,2.0,20.0,0.0,1
2026-03-27 11:41:55,110.39,0.0,4.0,20.0,0.0,1,0.0,0.0,20.0,0.0,1,0.0,2.0,20.0,0.0,1,0.0,1.0,20.0,0.0,1,0.0,0.0,20.0,0.0,1,0.0,2.0,20.0,0.0,1
2026-03-27 11:41:56,111.17,0.0,4.0,20.0,0.0,1,0.0,0.0,20.0,0.0,1,0.0,2.0,20.0,0.0,1,0.0,1.0,20.0,0.0,1,0.0,0.0,20.0,0.0,1,0.0,2.0,20.0,0.0,1
2026-03-27 11:41:56,111.92,0.0,4.0,20.0,0.0,1,0.0,0.0,20.0,0.0,1,0.0,2.0,20.0,0.0,1,0.0,1.0,20.0,0.0,1,0.0,0.0,20.0,0.0,1,0.0,2.0,20.0,0.0,1
2026-03-27 11:41:57,112.68,0.0,4.0,20.0,0.0,1,0.0,0.0,20.0,0.0,1,0.0,2.0,20.0,0.0,1,0.0,1.0,20.0,0.0,1,0.0,0.0,20.0,0.0,1,0.0,2.0,20.0,0.0,1
2026-03-27 11:41:58,113.45,0.0,4.0,20.0,0.0,1,0.0,0.0,20.0,0.0,1,0.0,2.0,20.0,0.0,1,0.0,1.0,20.0,0.0,1,0.0,0.0,20.0,0.0,1,0.0,2.0,20.0,0.0,1
2026-03-27 11:41:59,114.19,0.0,4.0,20.0,0.0,1,0.0,0.0,20.0,0.0,1,0.0,2.0,20.0,0.0,1,0.0,1.0,20.0,0.0,1,0.0,0.0,20.0,0.0,1,0.0,2.0,20.0,0.0,1
2026-03-27 11:41:59,114.96,0.0,4.0,20.0,0.0,1,0.0,0.0,20.0,0.0,1,0.0,2.0,20.0,0.0,1,0.0,1.0,20.0,0.0,1,0.0,0.0,20.0,0.0,1,0.0,2.0,20.0,0.0,1
2026-03-27 11:42:00,115.72,0.0,4.0,20.0,0.0,1,0.0,0.0,20.0,0.0,1,0.0,2.0,20.0,0.0,1,0.0,1.0,20.0,0.0,1,0.0,0.0,20.0,0.0,1,0.0,2.0,20.0,0.0,1
2026-03-27 11:42:01,116.47,0.0,4.0,20.0,0.0,1,0.0,0.0,20.0,0.0,1,0.0,2.0,20.0,0.0,1,0.0,1.0,20.0,0.0,1,0.0,0.0,20.0,0.0,1,0.0,2.0,20.0,0.0,1
2026-03-27 11:42:02,117.22,0.0,4.0,20.0,0.0,1,0.0,0.0,20.0,0.0,1,0.0,2.0,20.0,0.0,1,0.0,1.0,20.0,0.0,1,0.0,0.0,20.0,0.0,1,0.0,2.0,20.0,0.0,1
2026-03-27 11:42:02,118.03,0.0,4.0,20.0,0.0,1,0.0,0.0,20.0,0.0,1,0.0,2.0,20.0,0.0,1,0.0,1.0,20.0,0.0,1,0.0,0.0,20.0,0.0,1,0.0,2.0,20.0,0.0,1
2026-03-27 11:42:03,118.79,0.0,4.0,20.0,0.0,1,0.0,0.0,20.0,0.0,1,0.0,2.0,20.0,0.0,1,0.0,1.0,20.0,0.0,1,0.0,0.0,20.0,0.0,1,0.0,2.0,20.0,0.0,1
2026-03-27 11:42:04,119.57,0.0,4.0,20.0,0.0,1,0.0,0.0,20.0,0.0,1,0.0,2.0,20.0,0.0,1,0.0,1.0,20.0,0.0,1,0.0,0.0,20.0,0.0,1,0.0,2.0,20.0,0.0,1
2026-03-27 11:42:05,120.34,0.0,4.0,20.0,0.0,1,0.0,0.0,20.0,0.0,1,0.0,2.0,20.0,0.0,1,0.0,1.0,20.0,0.0,1,0.0,0.0,20.0,0.0,1,0.0,2.0,20.0,0.0,1
2026-03-27 11:42:05,121.12,0.0,4.0,20.0,0.0,1,0.0,0.0,20.0,0.0,1,0.0,2.0,20.0,0.0,1,0.0,1.0,20.0,0.0,1,0.0,0.0,20.0,0.0,1,0.0,2.0,20.0,0.0,1
2026-03-27 11:42:06,121.95,0.0,4.0,20.0,0.0,1,0.0,0.0,20.0,0.0,1,0.0,2.0,20.0,0.0,1,0.0,1.0,20.0,0.0,1,0.0,0.0,20.0,0.0,1,0.0,2.0,20.0,0.0,1
2026-03-27 11:42:07,122.68,0.0,4.0,20.0,0.0,1,0.0,0.0,20.0,0.0,1,0.0,2.0,20.0,0.0,1,0.0,1.0,20.0,0.0,1,0.0,0.0,20.0,0.0,1,0.0,2.0,20.0,0.0,1
2026-03-27 11:42:08,123.52,0.0,4.0,20.0,0.0,1,0.0,0.0,20.0,0.0,1,0.0,2.0,20.0,0.0,1,0.0,1.0,20.0,0.0,1,0.0,0.0,20.0,0.0,1,0.0,2.0,20.0,0.0,1
2026-03-27 11:42:09,124.28,0.0,4.0,20.0,0.0,1,0.0,0.0,20.0,0.0,1,0.0,2.0,20.0,0.0,1,0.0,1.0,20.0,0.0,1,0.0,0.0,20.0,0.0,1,0.0,2.0,20.0,0.0,1
2026-03-27 11:42:09,125.08,0.0,4.0,20.0,0.0,1,0.0,0.0,20.0,0.0,1,0.0,2.0,20.0,0.0,1,0.0,1.0,20.0,0.0,1,0.0,0.0,20.0,0.0,1,0.0,2.0,20.0,0.0,1
2026-03-27 11:42:10,125.83,0.0,4.0,20.0,0.0,1,0.0,0.0,20.0,0.0,1,0.0,2.0,20.0,0.0,1,0.0,1.0,20.0,0.0,1,0.0,0.0,20.0,0.0,1,0.0,2.0,20.0,0.0,1
2026-03-27 11:42:11,126.61,0.0,4.0,20.0,0.0,1,0.0,0.0,20.0,0.0,1,0.0,2.0,20.0,0.0,1,0.0,1.0,20.0,0.0,1,0.0,0.0,20.0,0.0,1,0.0,2.0,20.0,0.0,1
2026-03-27 11:42:12,127.37,0.0,4.0,20.0,0.0,1,0.0,0.0,20.0,0.0,1,0.0,2.0,20.0,0.0,1,0.0,1.0,20.0,0.0,1,0.0,0.0,20.0,0.0,1,0.0,2.0,20.0,0.0,1
2026-03-27 11:42:12,128.13,0.0,4.0,20.0,0.0,1,0.0,0.0,20.0,0.0,1,0.0,2.0,20.0,0.0,1,0.0,1.0,20.0,0.0,1,0.0,0.0,20.0,0.0,1,0.0,2.0,20.0,0.0,1
2026-03-27 11:42:13,128.89,0.0,4.0,20.0,0.0,1,0.0,0.0,20.0,0.0,1,0.0,2.0,20.0,0.0,1,0.0,1.0,20.0,0.0,1,0.0,0.0,20.0,0.0,1,0.0,2.0,20.0,0.0,1
2026-03-27 11:42:14,129.64,0.0,4.0,20.0,0.0,1,0.0,0.0,20.0,0.0,1,0.0,2.0,20.0,0.0,1,0.0,1.0,20.0,0.0,1,0.0,0.0,20.0,0.0,1,0.0,2.0,20.0,0.0,1
2026-03-27 11:42:15,130.38,0.0,4.0,20.0,0.0,1,0.0,0.0,20.0,0.0,1,0.0,2.0,20.0,0.0,1,0.0,1.0,20.0,0.0,1,0.0,0.0,20.0,0.0,1,0.0,2.0,20.0,0.0,1
2026-03-27 11:42:15,131.11,0.0,4.0,20.0,0.0,1,0.0,0.0,20.0,0.0,1,0.0,2.0,20.0,0.0,1,0.0,1.0,20.0,0.0,1,0.0,0.0,20.0,0.0,1,0.0,2.0,20.0,0.0,1
2026-03-27 11:42:16,131.87,0.0,4.0,20.0,0.0,1,0.0,0.0,20.0,0.0,1,0.0,2.0,20.0,0.0,1,0.0,1.0,20.0,0.0,1,0.0,0.0,20.0,0.0,1,0.0,2.0,20.0,0.0,1
2026-03-27 11:42:17,132.61,0.0,4.0,20.0,0.0,1,0.0,0.0,20.0,0.0,1,0.0,2.0,20.0,0.0,1,0.0,1.0,20.0,0.0,1,0.0,0.0,20.0,0.0,1,0.0,2.0,20.0,0.0,1
2026-03-27 11:42:18,133.35,0.0,4.0,20.0,0.0,1,0.0,0.0,20.0,0.0,1,0.0,2.0,20.0,0.0,1,0.0,1.0,20.0,0.0,1,0.0,0.0,20.0,0.0,1,0.0,2.0,20.0,0.0,1
2026-03-27 11:42:18,134.09,0.0,4.0,20.0,0.0,1,0.0,0.0,20.0,0.0,1,0.0,2.0,20.0,0.0,1,0.0,1.0,20.0,0.0,1,0.0,0.0,20.0,0.0,1,0.0,2.0,20.0,0.0,1
2026-03-27 11:42:19,134.87,0.0,4.0,20.0,0.0,1,0.0,0.0,20.0,0.0,1,0.0,2.0,20.0,0.0,1,0.0,1.0,20.0,0.0,1,0.0,0.0,20.0,0.0,1,0.0,2.0,20.0,0.0,1
2026-03-27 11:42:20,135.63,0.0,4.0,20.0,0.0,1,0.0,0.0,20.0,0.0,1,0.0,2.0,20.0,0.0,1,0.0,1.0,20.0,0.0,1,0.0,0.0,20.0,0.0,1,0.0,2.0,20.0,0.0,1
2026-03-27 11:42:21,136.42,0.0,4.0,20.0,0.0,1,0.0,0.0,20.0,0.0,1,0.0,2.0,20.0,0.0,1,0.0,1.0,20.0,0.0,1,0.0,0.0,20.0,0.0,1,0.0,2.0,20.0,0.0,1
2026-03-27 11:42:22,137.17,0.0,4.0,20.0,0.0,1,0.0,0.0,20.0,0.0,1,0.0,2.0,20.0,0.0,1,0.0,1.0,20.0,0.0,1,0.0,0.0,20.0,0.0,1,0.0,2.0,20.0,0.0,1
2026-03-27 11:42:22,137.91,0.0,4.0,20.0,0.0,1,0.0,0.0,20.0,0.0,1,0.0,2.0,20.0,0.0,1,0.0,1.0,20.0,0.0,1,0.0,0.0,20.0,0.0,1,0.0,2.0,20.0,0.0,1
2026-03-27 11:42:23,138.69,0.0,4.0,20.0,0.0,1,0.0,0.0,20.0,0.0,1,0.0,2.0,20.0,0.0,1,0.0,1.0,20.0,0.0,1,0.0,0.0,20.0,0.0,1,0.0,2.0,20.0,0.0,1
2026-03-27 11:42:24,139.48,0.0,4.0,20.0,0.0,1,0.0,0.0,20.0,0.0,1,0.0,2.0,20.0,0.0,1,0.0,1.0,20.0,0.0,1,0.0,0.0,20.0,0.0,1,0.0,2.0,20.0,0.0,1
2026-03-27 11:42:25,140.24,0.0,4.0,20.0,0.0,1,0.0,0.0,20.0,0.0,1,0.0,2.0,20.0,0.0,1,0.0,1.0,20.0,0.0,1,0.0,0.0,20.0,0.0,1,0.0,2.0,20.0,0.0,1
2026-03-27 11:42:25,140.97,0.0,4.0,20.0,0.0,1,0.0,0.0,20.0,0.0,1,0.0,2.0,20.0,0.0,1,0.0,1.0,20.0,0.0,1,0.0,0.0,20.0,0.0,1,0.0,2.0,20.0,0.0,1
2026-03-27 11:42:26,141.72,0.0,4.0,20.0,0.0,1,0.0,0.0,20.0,0.0,1,0.0,2.0,20.0,0.0,1,0.0,1.0,20.0,0.0,1,0.0,0.0,20.0,0.0,1,0.0,2.0,20.0,0.0,1
2026-03-27 11:42:27,142.48,0.0,4.0,20.0,0.0,1,0.0,0.0,20.0,0.0,1,0.0,2.0,20.0,0.0,1,0.0,1.0,20.0,0.0,1,0.0,0.0,20.0,0.0,1,0.0,2.0,20.0,0.0,1
2026-03-27 11:42:28,143.25,0.0,4.0,20.0,0.0,1,0.0,0.0,20.0,0.0,1,0.0,2.0,20.0,0.0,1,0.0,1.0,20.0,0.0,1,0.0,0.0,20.0,0.0,1,0.0,2.0,20.0,0.0,1
2026-03-27 11:42:28,144.03,0.0,4.0,20.0,0.0,1,0.0,0.0,20.0,0.0,1,0.0,2.0,20.0,0.0,1,0.0,1.0,20.0,0.0,1,0.0,0.0,20.0,0.0,1,0.0,2.0,20.0,0.0,1
2026-03-27 11:42:29,144.8,0.0,4.0,20.0,0.0,1,0.0,0.0,20.0,0.0,1,0.0,2.0,20.0,0.0,1,0.0,1.0,20.0,0.0,1,0.0,0.0,20.0,0.0,1,0.0,2.0,20.0,0.0,1
2026-03-27 11:42:30,145.56,0.0,4.0,20.0,0.0,1,0.0,0.0,20.0,0.0,1,0.0,2.0,20.0,0.0,1,0.0,1.0,20.0,0.0,1,0.0,0.0,20.0,0.0,1,0.0,2.0,20.0,0.0,1
2026-03-27 11:42:31,146.34,0.0,4.0,20.0,0.0,1,0.0,0.0,20.0,0.0,1,0.0,2.0,20.0,0.0,1,0.0,1.0,20.0,0.0,1,0.0,0.0,20.0,0.0,1,0.0,2.0,20.0,0.0,1
2026-03-27 11:42:31,147.1,0.0,4.0,20.0,0.0,1,0.0,0.0,20.0,0.0,1,0.0,2.0,20.0,0.0,1,0.0,1.0,20.0,0.0,1,0.0,0.0,20.0,0.0,1,0.0,2.0,20.0,0.0,1
2026-03-27 11:42:32,147.88,0.0,4.0,20.0,0.0,1,0.0,0.0,20.0,0.0,1,0.0,2.0,20.0,0.0,1,0.0,1.0,20.0,0.0,1,0.0,0.0,20.0,0.0,1,0.0,2.0,20.0,0.0,1
2026-03-27 11:42:33,148.63,0.0,4.0,20.0,0.0,1,0.0,0.0,20.0,0.0,1,0.0,2.0,20.0,0.0,1,0.0,1.0,20.0,0.0,1,0.0,0.0,20.0,0.0,1,0.0,2.0,20.0,0.0,1
2026-03-27 11:42:34,149.42,0.0,4.0,20.0,0.0,1,0.0,0.0,20.0,0.0,1,0.0,2.0,20.0,0.0,1,0.0,1.0,20.0,0.0,1,0.0,0.0,20.0,0.0,1,0.0,2.0,20.0,0.0,1
2026-03-27 11:42:35,150.23,0.0,4.0,20.0,0.0,1,0.0,0.0,20.0,0.0,1,0.0,2.0,20.0,0.0,1,0.0,1.0,20.0,0.0,1,0.0,0.0,20.0,0.0,1,0.0,2.0,20.0,0.0,1
2026-03-27 11:42:35,150.99,0.0,4.0,20.0,0.0,1,0.0,0.0,20.0,0.0,1,0.0,2.0,20.0,0.0,1,0.0,1.0,20.0,0.0,1,0.0,0.0,20.0,0.0,1,0.0,2.0,20.0,0.0,1
2026-03-27 11:42:36,151.73,0.0,4.0,20.0,0.0,1,0.0,0.0,20.0,0.0,1,0.0,2.0,20.0,0.0,1,0.0,1.0,20.0,0.0,1,0.0,0.0,20.0,0.0,1,0.0,2.0,20.0,0.0,1
2026-03-27 11:42:37,152.5,0.0,4.0,20.0,0.0,1,0.0,0.0,20.0,0.0,1,0.0,2.0,20.0,0.0,1,0.0,1.0,20.0,0.0,1,0.0,0.0,20.0,0.0,1,0.0,2.0,20.0,0.0,1
2026-03-27 11:42:38,153.26,0.0,4.0,20.0,0.0,1,0.0,0.0,20.0,0.0,1,0.0,2.0,20.0,0.0,1,0.0,1.0,20.0,0.0,1,0.0,0.0,20.0,0.0,1,0.0,2.0,20.0,0.0,1
2026-03-27 11:42:38,154.02,0.0,4.0,20.0,0.0,1,0.0,0.0,20.0,0.0,1,0.0,2.0,20.0,0.0,1,0.0,1.0,20.0,0.0,1,0.0,0.0,20.0,0.0,1,0.0,2.0,20.0,0.0,1
2026-03-27 11:42:39,154.76,0.0,4.0,20.0,0.0,1,0.0,0.0,20.0,0.0,1,0.0,2.0,20.0,0.0,1,0.0,1.0,20.0,0.0,1,0.0,0.0,20.0,0.0,1,0.0,2.0,20.0,0.0,1
2026-03-27 11:42:40,155.54,0.0,4.0,20.0,0.0,1,0.0,0.0,20.0,0.0,1,0.0,2.0,20.0,0.0,1,0.0,1.0,20.0,0.0,1,0.0,0.0,20.0,0.0,1,0.0,2.0,20.0,0.0,1
2026-03-27 11:42:41,156.28,0.0,4.0,20.0,0.0,1,0.0,0.0,20.0,0.0,1,0.0,2.0,20.0,0.0,1,0.0,1.0,20.0,0.0,1,0.0,0.0,20.0,0.0,1,0.0,2.0,20.0,0.0,1
2026-03-27 11:42:41,157.08,0.0,4.0,20.0,0.0,1,0.0,0.0,20.0,0.0,1,0.0,2.0,20.0,0.0,1,0.0,1.0,20.0,0.0,1,0.0,0.0,20.0,0.0,1,0.0,2.0,20.0,0.0,1
2026-03-27 11:42:42,157.86,0.0,4.0,20.0,0.0,1,0.0,0.0,20.0,0.0,1,0.0,2.0,20.0,0.0,1,0.0,1.0,20.0,0.0,1,0.0,0.0,20.0,0.0,1,0.0,2.0,20.0,0.0,1
2026-03-27 11:42:43,158.61,0.0,4.0,20.0,0.0,1,0.0,0.0,20.0,0.0,1,0.0,2.0,20.0,0.0,1,0.0,1.0,20.0,0.0,1,0.0,0.0,20.0,0.0,1,0.0,2.0,20.0,0.0,1
2026-03-27 11:42:44,159.37,0.0,4.0,20.0,0.0,1,0.0,0.0,20.0,0.0,1,0.0,2.0,20.0,0.0,1,0.0,1.0,20.0,0.0,1,0.0,0.0,20.0,0.0,1,0.0,2.0,20.0,0.0,1
2026-03-27 11:42:44,160.13,0.0,4.0,20.0,0.0,1,0.0,0.0,20.0,0.0,1,0.0,2.0,20.0,0.0,1,0.0,1.0,20.0,0.0,1,0.0,0.0,20.0,0.0,1,0.0,2.0,20.0,0.0,1
2026-03-27 11:42:45,160.89,0.0,4.0,20.0,0.0,1,0.0,0.0,20.0,0.0,1,0.0,2.0,20.0,0.0,1,0.0,1.0,20.0,0.0,1,0.0,0.0,20.0,0.0,1,0.0,2.0,20.0,0.0,1
2026-03-27 11:42:46,161.69,0.0,4.0,20.0,0.0,1,0.0,0.0,20.0,0.0,1,0.0,2.0,20.0,0.0,1,0.0,1.0,20.0,0.0,1,0.0,0.0,20.0,0.0,1,0.0,2.0,20.0,0.0,1
2026-03-27 11:42:47,162.41,0.0,4.0,20.0,0.0,1,0.0,0.0,20.0,0.0,1,0.0,2.0,20.0,0.0,1,0.0,1.0,20.0,0.0,1,0.0,0.0,20.0,0.0,1,0.0,2.0,20.0,0.0,1
2026-03-27 11:42:48,163.16,0.0,4.0,20.0,0.0,1,0.0,0.0,20.0,0.0,1,0.0,2.0,20.0,0.0,1,0.0,1.0,20.0,0.0,1,0.0,0.0,20.0,0.0,1,0.0,2.0,20.0,0.0,1
2026-03-27 11:42:48,163.89,0.0,4.0,20.0,0.0,1,0.0,0.0,20.0,0.0,1,0.0,2.0,20.0,0.0,1,0.0,1.0,20.0,0.0,1,0.0,0.0,20.0,0.0,1,0.0,2.0,20.0,0.0,1
2026-03-27 11:42:49,164.62,0.0,4.0,20.0,0.0,1,0.0,0.0,20.0,0.0,1,0.0,2.0,20.0,0.0,1,0.0,1.0,20.0,0.0,1,0.0,0.0,20.0,0.0,1,0.0,2.0,20.0,0.0,1
2026-03-27 11:42:50,165.38,0.0,4.0,20.0,0.0,1,0.0,0.0,20.0,0.0,1,0.0,2.0,20.0,0.0,1,0.0,1.0,20.0,0.0,1,0.0,0.0,20.0,0.0,1,0.0,2.0,20.0,0.0,1
2026-03-27 11:42:50,166.12,0.0,4.0,20.0,0.0,1,0.0,0.0,20.0,0.0,1,0.0,2.0,20.0,0.0,1,0.0,1.0,20.0,0.0,1,0.0,0.0,20.0,0.0,1,0.0,2.0,20.0,0.0,1
2026-03-27 11:42:51,166.86,0.0,4.0,20.0,0.0,1,0.0,0.0,20.0,0.0,1,0.0,2.0,20.0,0.0,1,0.0,1.0,20.0,0.0,1,0.0,0.0,20.0,0.0,1,0.0,2.0,20.0,0.0,1
2026-03-27 11:42:52,167.61,0.0,4.0,20.0,0.0,1,0.0,0.0,20.0,0.0,1,0.0,2.0,20.0,0.0,1,0.0,1.0,20.0,0.0,1,0.0,0.0,20.0,0.0,1,0.0,2.0,20.0,0.0,1
2026-03-27 11:42:53,168.35,0.0,4.0,20.0,0.0,1,0.0,0.0,20.0,0.0,1,0.0,2.0,20.0,0.0,1,0.0,1.0,20.0,0.0,1,0.0,0.0,20.0,0.0,1,0.0,2.0,20.0,0.0,1
2026-03-27 11:42:53,169.13,0.0,4.0,20.0,0.0,1,0.0,0.0,20.0,0.0,1,0.0,2.0,20.0,0.0,1,0.0,1.0,20.0,0.0,1,0.0,0.0,20.0,0.0,1,0.0,2.0,20.0,0.0,1
2026-03-27 11:42:54,169.88,0.0,4.0,20.0,0.0,1,0.0,0.0,20.0,0.0,1,0.0,2.0,20.0,0.0,1,0.0,1.0,20.0,0.0,1,0.0,0.0,20.0,0.0,1,0.0,2.0,20.0,0.0,1
2026-03-27 11:42:55,170.61,0.0,4.0,20.0,0.0,1,0.0,0.0,20.0,0.0,1,0.0,2.0,20.0,0.0,1,0.0,1.0,20.0,0.0,1,0.0,0.0,20.0,0.0,1,0.0,2.0,20.0,0.0,1
2026-03-27 11:42:56,171.37,0.0,4.0,20.0,0.0,1,0.0,0.0,20.0,0.0,1,0.0,2.0,20.0,0.0,1,0.0,1.0,20.0,0.0,1,0.0,0.0,20.0,0.0,1,0.0,2.0,20.0,0.0,1
2026-03-27 11:42:56,172.09,0.0,4.0,20.0,0.0,1,0.0,0.0,20.0,0.0,1,0.0,2.0,20.0,0.0,1,0.0,1.0,20.0,0.0,1,0.0,0.0,20.0,0.0,1,0.0,2.0,20.0,0.0,1
2026-03-27 11:42:57,172.83,0.0,4.0,20.0,0.0,1,0.0,0.0,20.0,0.0,1,0.0,2.0,20.0,0.0,1,0.0,1.0,20.0,0.0,1,0.0,0.0,20.0,0.0,1,0.0,2.0,20.0,0.0,1
2026-03-27 11:42:58,173.56,0.0,4.0,20.0,0.0,1,0.0,0.0,20.0,0.0,1,0.0,2.0,20.0,0.0,1,0.0,1.0,20.0,0.0,1,0.0,0.0,20.0,0.0,1,0.0,2.0,20.0,0.0,1
2026-03-27 11:42:59,174.3,0.0,4.0,20.0,0.0,1,0.0,0.0,20.0,0.0,1,0.0,2.0,20.0,0.0,1,0.0,1.0,20.0,0.0,1,0.0,0.0,20.0,0.0,1,0.0,2.0,20.0,0.0,1
2026-03-27 11:42:59,175.03,0.0,4.0,20.0,0.0,1,0.0,0.0,20.0,0.0,1,0.0,2.0,20.0,0.0,1,0.0,1.0,20.0,0.0,1,0.0,0.0,20.0,0.0,1,0.0,2.0,20.0,0.0,1
2026-03-27 11:43:00,175.76,0.0,4.0,20.0,0.0,1,0.0,0.0,20.0,0.0,1,0.0,2.0,20.0,0.0,1,0.0,1.0,20.0,0.0,1,0.0,0.0,20.0,0.0,1,0.0,2.0,20.0,0.0,1
2026-03-27 11:43:01,176.5,0.0,4.0,20.0,0.0,1,0.0,0.0,20.0,0.0,1,0.0,2.0,20.0,0.0,1,0.0,1.0,20.0,0.0,1,0.0,0.0,20.0,0.0,1,0.0,2.0,20.0,0.0,1
2026-03-27 11:43:02,177.22,0.0,4.0,20.0,0.0,1,0.0,0.0,20.0,0.0,1,0.0,2.0,20.0,0.0,1,0.0,1.0,20.0,0.0,1,0.0,0.0,20.0,0.0,1,0.0,2.0,20.0,0.0,1
2026-03-27 11:43:02,177.99,0.0,4.0,20.0,0.0,1,0.0,0.0,20.0,0.0,1,0.0,2.0,20.0,0.0,1,0.0,1.0,20.0,0.0,1,0.0,0.0,20.0,0.0,1,0.0,2.0,20.0,0.0,1
2026-03-27 11:43:03,178.73,0.0,4.0,20.0,0.0,1,0.0,0.0,20.0,0.0,1,0.0,2.0,20.0,0.0,1,0.0,1.0,20.0,0.0,1,0.0,0.0,20.0,0.0,1,0.0,2.0,20.0,0.0,1
2026-03-27 11:43:04,179.47,0.0,4.0,20.0,0.0,1,0.0,0.0,20.0,0.0,1,0.0,2.0,20.0,0.0,1,0.0,1.0,20.0,0.0,1,0.0,0.0,20.0,0.0,1,0.0,2.0,20.0,0.0,1
2026-03-27 11:43:05,180.22,0.0,4.0,20.0,0.0,1,0.0,0.0,20.0,0.0,1,0.0,2.0,20.0,0.0,1,0.0,1.0,20.0,0.0,1,0.0,0.0,20.0,0.0,1,0.0,2.0,20.0,0.0,1
2026-03-27 11:43:05,180.98,0.0,4.0,20.0,0.0,1,0.0,0.0,20.0,0.0,1,0.0,2.0,20.0,0.0,1,0.0,1.0,20.0,0.0,1,0.0,0.0,20.0,0.0,1,0.0,2.0,20.0,0.0,1
2026-03-27 11:43:06,181.7,0.0,4.0,20.0,0.0,1,0.0,0.0,20.0,0.0,1,0.0,2.0,20.0,0.0,1,0.0,1.0,20.0,0.0,1,0.0,0.0,20.0,0.0,1,0.0,2.0,20.0,0.0,1
2026-03-27 11:43:07,182.45,0.0,4.0,20.0,0.0,1,0.0,0.0,20.0,0.0,1,0.0,2.0,20.0,0.0,1,0.0,1.0,20.0,0.0,1,0.0,0.0,20.0,0.0,1,0.0,2.0,20.0,0.0,1
2026-03-27 11:43:08,183.17,0.0,4.0,20.0,0.0,1,0.0,0.0,20.0,0.0,1,0.0,2.0,20.0,0.0,1,0.0,1.0,20.0,0.0,1,0.0,0.0,20.0,0.0,1,0.0,2.0,20.0,0.0,1
2026-03-27 11:43:08,183.91,0.0,4.0,20.0,0.0,1,0.0,0.0,20.0,0.0,1,0.0,2.0,20.0,0.0,1,0.0,1.0,20.0,0.0,1,0.0,0.0,20.0,0.0,1,0.0,2.0,20.0,0.0,1
2026-03-27 11:43:09,184.63,0.0,4.0,20.0,0.0,1,0.0,0.0,20.0,0.0,1,0.0,2.0,20.0,0.0,1,0.0,1.0,20.0,0.0,1,0.0,0.0,20.0,0.0,1,0.0,2.0,20.0,0.0,1
2026-03-27 11:43:10,185.38,0.0,4.0,20.0,0.0,1,0.0,0.0,20.0,0.0,1,0.0,2.0,20.0,0.0,1,0.0,1.0,20.0,0.0,1,0.0,0.0,20.0,0.0,1,0.0,2.0,20.0,0.0,1
2026-03-27 11:43:10,186.12,0.0,4.0,20.0,0.0,1,0.0,0.0,20.0,0.0,1,0.0,2.0,20.0,0.0,1,0.0,1.0,20.0,0.0,1,0.0,0.0,20.0,0.0,1,0.0,2.0,20.0,0.0,1
2026-03-27 11:43:11,186.86,0.0,4.0,20.0,0.0,1,0.0,0.0,20.0,0.0,1,0.0,2.0,20.0,0.0,1,0.0,1.0,20.0,0.0,1,0.0,0.0,20.0,0.0,1,0.0,2.0,20.0,0.0,1
2026-03-27 11:43:12,187.58,0.0,4.0,20.0,0.0,1,0.0,0.0,20.0,0.0,1,0.0,2.0,20.0,0.0,1,0.0,1.0,20.0,0.0,1,0.0,0.0,20.0,0.0,1,0.0,2.0,20.0,0.0,1
2026-03-27 11:43:13,188.35,0.0,4.0,20.0,0.0,1,0.0,0.0,20.0,0.0,1,0.0,2.0,20.0,0.0,1,0.0,1.0,20.0,0.0,1,0.0,0.0,20.0,0.0,1,0.0,2.0,20.0,0.0,1
2026-03-27 11:43:13,189.09,0.0,4.0,20.0,0.0,1,0.0,0.0,20.0,0.0,1,0.0,2.0,20.0,0.0,1,0.0,1.0,20.0,0.0,1,0.0,0.0,20.0,0.0,1,0.0,2.0,20.0,0.0,1
2026-03-27 11:43:14,189.87,0.0,4.0,20.0,0.0,1,0.0,0.0,20.0,0.0,1,0.0,2.0,20.0,0.0,1,0.0,1.0,20.0,0.0,1,0.0,0.0,20.0,0.0,1,0.0,2.0,20.0,0.0,1
2026-03-27 11:43:15,190.6,0.0,4.0,20.0,0.0,1,0.0,0.0,20.0,0.0,1,0.0,2.0,20.0,0.0,1,0.0,1.0,20.0,0.0,1,0.0,0.0,20.0,0.0,1,0.0,2.0,20.0,0.0,1
2026-03-27 11:43:16,191.36,0.0,4.0,20.0,0.0,1,0.0,0.0,20.0,0.0,1,0.0,2.0,20.0,0.0,1,0.0,1.0,20.0,0.0,1,0.0,0.0,20.0,0.0,1,0.0,2.0,20.0,0.0,1
2026-03-27 11:43:16,192.09,0.0,4.0,20.0,0.0,1,0.0,0.0,20.0,0.0,1,0.0,2.0,20.0,0.0,1,0.0,1.0,20.0,0.0,1,0.0,0.0,20.0,0.0,1,0.0,2.0,20.0,0.0,1
2026-03-27 11:43:17,192.84,0.0,4.0,20.0,0.0,1,0.0,0.0,20.0,0.0,1,0.0,2.0,20.0,0.0,1,0.0,1.0,20.0,0.0,1,0.0,0.0,20.0,0.0,1,0.0,2.0,20.0,0.0,1
2026-03-27 11:43:18,193.58,0.0,4.0,20.0,0.0,1,0.0,0.0,20.0,0.0,1,0.0,2.0,20.0,0.0,1,0.0,1.0,20.0,0.0,1,0.0,0.0,20.0,0.0,1,0.0,2.0,20.0,0.0,1
2026-03-27 11:43:19,194.3,0.0,4.0,20.0,0.0,1,0.0,0.0,20.0,0.0,1,0.0,2.0,20.0,0.0,1,0.0,1.0,20.0,0.0,1,0.0,0.0,20.0,0.0,1,0.0,2.0,20.0,0.0,1
2026-03-27 11:43:19,195.03,0.0,4.0,20.0,0.0,1,0.0,0.0,20.0,0.0,1,0.0,2.0,20.0,0.0,1,0.0,1.0,20.0,0.0,1,0.0,0.0,20.0,0.0,1,0.0,2.0,20.0,0.0,1
2026-03-27 11:43:20,195.77,0.0,4.0,20.0,0.0,1,0.0,0.0,20.0,0.0,1,0.0,2.0,20.0,0.0,1,0.0,1.0,20.0,0.0,1,0.0,0.0,20.0,0.0,1,0.0,2.0,20.0,0.0,1
2026-03-27 11:43:21,196.5,0.0,4.0,20.0,0.0,1,0.0,0.0,20.0,0.0,1,0.0,2.0,20.0,0.0,1,0.0,1.0,20.0,0.0,1,0.0,0.0,20.0,0.0,1,0.0,2.0,20.0,0.0,1
2026-03-27 11:43:22,197.24,0.0,4.0,20.0,0.0,1,0.0,0.0,20.0,0.0,1,0.0,2.0,20.0,0.0,1,0.0,1.0,20.0,0.0,1,0.0,0.0,20.0,0.0,1,0.0,2.0,20.0,0.0,1
2026-03-27 11:43:22,198.0,0.0,4.0,20.0,0.0,1,0.0,0.0,20.0,0.0,1,0.0,2.0,20.0,0.0,1,0.0,1.0,20.0,0.0,1,0.0,0.0,20.0,0.0,1,0.0,2.0,20.0,0.0,1
2026-03-27 11:43:23,198.73,0.0,4.0,20.0,0.0,1,0.0,0.0,20.0,0.0,1,0.0,2.0,20.0,0.0,1,0.0,1.0,20.0,0.0,1,0.0,0.0,20.0,0.0,1,0.0,2.0,20.0,0.0,1
2026-03-27 11:43:24,199.47,0.0,4.0,20.0,0.0,1,0.0,0.0,20.0,0.0,1,0.0,2.0,20.0,0.0,1,0.0,1.0,20.0,0.0,1,0.0,0.0,20.0,0.0,1,0.0,2.0,20.0,0.0,1
2026-03-27 11:43:25,200.21,0.0,4.0,20.0,0.0,1,0.0,0.0,20.0,0.0,1,0.0,2.0,20.0,0.0,1,0.0,1.0,20.0,0.0,1,0.0,0.0,20.0,0.0,1,0.0,2.0,20.0,0.0,1
2026-03-27 11:43:25,200.95,0.0,4.0,20.0,0.0,1,0.0,0.0,20.0,0.0,1,0.0,2.0,20.0,0.0,1,0.0,1.0,20.0,0.0,1,0.0,0.0,20.0,0.0,1,0.0,2.0,20.0,0.0,1
2026-03-27 11:43:26,201.68,0.0,4.0,20.0,0.0,1,0.0,0.0,20.0,0.0,1,0.0,2.0,20.0,0.0,1,0.0,1.0,20.0,0.0,1,0.0,0.0,20.0,0.0,1,0.0,2.0,20.0,0.0,1
2026-03-27 11:43:27,202.43,0.0,4.0,20.0,0.0,1,0.0,0.0,20.0,0.0,1,0.0,2.0,20.0,0.0,1,0.0,1.0,20.0,0.0,1,0.0,0.0,20.0,0.0,1,0.0,2.0,20.0,0.0,1
2026-03-27 11:43:28,203.15,0.0,4.0,20.0,0.0,1,0.0,0.0,20.0,0.0,1,0.0,2.0,20.0,0.0,1,0.0,1.0,20.0,0.0,1,0.0,0.0,20.0,0.0,1,0.0,2.0,20.0,0.0,1
2026-03-27 11:43:28,203.9,0.0,4.0,20.0,0.0,1,0.0,0.0,20.0,0.0,1,0.0,2.0,20.0,0.0,1,0.0,1.0,20.0,0.0,1,0.0,0.0,20.0,0.0,1,0.0,2.0,20.0,0.0,1
2026-03-27 11:43:29,204.66,0.0,4.0,20.0,0.0,1,0.0,0.0,20.0,0.0,1,0.0,2.0,20.0,0.0,1,0.0,1.0,20.0,0.0,1,0.0,0.0,20.0,0.0,1,0.0,2.0,20.0,0.0,1
2026-03-27 11:43:30,205.4,0.0,4.0,20.0,0.0,1,0.0,0.0,20.0,0.0,1,0.0,2.0,20.0,0.0,1,0.0,1.0,20.0,0.0,1,0.0,0.0,20.0,0.0,1,0.0,2.0,20.0,0.0,1
2026-03-27 11:43:31,206.19,0.0,4.0,20.0,0.0,1,0.0,0.0,20.0,0.0,1,0.0,2.0,20.0,0.0,1,0.0,1.0,20.0,0.0,1,0.0,0.0,20.0,0.0,1,0.0,2.0,20.0,0.0,1
2026-03-27 11:43:31,206.93,0.0,4.0,20.0,0.0,1,0.0,0.0,20.0,0.0,1,0.0,2.0,20.0,0.0,1,0.0,1.0,20.0,0.0,1,0.0,0.0,20.0,0.0,1,0.0,2.0,20.0,0.0,1
2026-03-27 11:43:32,207.66,0.0,4.0,20.0,0.0,1,0.0,0.0,20.0,0.0,1,0.0,2.0,20.0,0.0,1,0.0,1.0,20.0,0.0,1,0.0,0.0,20.0,0.0,1,0.0,2.0,20.0,0.0,1
2026-03-27 11:43:33,208.42,0.0,4.0,20.0,0.0,1,0.0,0.0,20.0,0.0,1,0.0,2.0,20.0,0.0,1,0.0,1.0,20.0,0.0,1,0.0,0.0,20.0,0.0,1,0.0,2.0,20.0,0.0,1
2026-03-27 11:43:34,209.16,0.0,4.0,20.0,0.0,1,0.0,0.0,20.0,0.0,1,0.0,2.0,20.0,0.0,1,0.0,1.0,20.0,0.0,1,0.0,0.0,20.0,0.0,1,0.0,2.0,20.0,0.0,1
2026-03-27 11:43:34,209.91,0.0,4.0,20.0,0.0,1,0.0,0.0,20.0,0.0,1,0.0,2.0,20.0,0.0,1,0.0,1.0,20.0,0.0,1,0.0,0.0,20.0,0.0,1,0.0,2.0,20.0,0.0,1
2026-03-27 11:43:35,210.63,0.0,4.0,20.0,0.0,1,0.0,0.0,20.0,0.0,1,0.0,2.0,20.0,0.0,1,0.0,1.0,20.0,0.0,1,0.0,0.0,20.0,0.0,1,0.0,2.0,20.0,0.0,1
2026-03-27 11:43:36,211.38,0.0,4.0,20.0,0.0,1,0.0,0.0,20.0,0.0,1,0.0,2.0,20.0,0.0,1,0.0,1.0,20.0,0.0,1,0.0,0.0,20.0,0.0,1,0.0,2.0,20.0,0.0,1
2026-03-27 11:43:37,212.15,0.0,4.0,20.0,0.0,1,0.0,0.0,20.0,0.0,1,0.0,2.0,20.0,0.0,1,0.0,1.0,20.0,0.0,1,0.0,0.0,20.0,0.0,1,0.0,2.0,20.0,0.0,1
2026-03-27 11:43:37,212.9,0.0,4.0,20.0,0.0,1,0.0,0.0,20.0,0.0,1,0.0,2.0,20.0,0.0,1,0.0,1.0,20.0,0.0,1,0.0,0.0,20.0,0.0,1,0.0,2.0,20.0,0.0,1
2026-03-27 11:43:38,213.62,0.0,4.0,20.0,0.0,1,0.0,0.0,20.0,0.0,1,0.0,2.0,20.0,0.0,1,0.0,1.0,20.0,0.0,1,0.0,0.0,20.0,0.0,1,0.0,2.0,20.0,0.0,1
2026-03-27 11:43:39,214.38,0.0,4.0,20.0,0.0,1,0.0,0.0,20.0,0.0,1,0.0,2.0,20.0,0.0,1,0.0,1.0,20.0,0.0,1,0.0,0.0,20.0,0.0,1,0.0,2.0,20.0,0.0,1
2026-03-27 11:43:39,215.13,0.0,4.0,20.0,0.0,1,0.0,0.0,20.0,0.0,1,0.0,2.0,20.0,0.0,1,0.0,1.0,20.0,0.0,1,0.0,0.0,20.0,0.0,1,0.0,2.0,20.0,0.0,1
2026-03-27 11:43:40,215.88,0.0,4.0,20.0,0.0,1,0.0,0.0,20.0,0.0,1,0.0,2.0,20.0,0.0,1,0.0,1.0,20.0,0.0,1,0.0,0.0,20.0,0.0,1,0.0,2.0,20.0,0.0,1
2026-03-27 11:43:41,216.67,0.0,4.0,20.0,0.0,1,0.0,0.0,20.0,0.0,1,0.0,2.0,20.0,0.0,1,0.0,1.0,20.0,0.0,1,0.0,0.0,20.0,0.0,1,0.0,2.0,20.0,0.0,1
2026-03-27 11:43:42,217.41,0.0,4.0,20.0,0.0,1,0.0,0.0,20.0,0.0,1,0.0,2.0,20.0,0.0,1,0.0,1.0,20.0,0.0,1,0.0,0.0,20.0,0.0,1,0.0,2.0,20.0,0.0,1
2026-03-27 11:43:43,218.16,0.0,4.0,20.0,0.0,1,0.0,0.0,20.0,0.0,1,0.0,2.0,20.0,0.0,1,0.0,1.0,20.0,0.0,1,0.0,0.0,20.0,0.0,1,0.0,2.0,20.0,0.0,1
2026-03-27 11:43:43,218.92,0.0,4.0,20.0,0.0,1,0.0,0.0,20.0,0.0,1,0.0,2.0,20.0,0.0,1,0.0,1.0,20.0,0.0,1,0.0,0.0,20.0,0.0,1,0.0,2.0,20.0,0.0,1
2026-03-27 11:43:44,219.65,0.0,4.0,20.0,0.0,1,0.0,0.0,20.0,0.0,1,0.0,2.0,20.0,0.0,1,0.0,1.0,20.0,0.0,1,0.0,0.0,20.0,0.0,1,0.0,2.0,20.0,0.0,1
2026-03-27 11:43:45,220.38,0.0,4.0,20.0,0.0,1,0.0,0.0,20.0,0.0,1,0.0,2.0,20.0,0.0,1,0.0,1.0,20.0,0.0,1,0.0,0.0,20.0,0.0,1,0.0,2.0,20.0,0.0,1
2026-03-27 11:43:45,221.12,0.0,4.0,20.0,0.0,1,0.0,0.0,20.0,0.0,1,0.0,2.0,20.0,0.0,1,0.0,1.0,20.0,0.0,1,0.0,0.0,20.0,0.0,1,0.0,2.0,20.0,0.0,1
2026-03-27 11:43:46,221.84,0.0,4.0,20.0,0.0,1,0.0,0.0,20.0,0.0,1,0.0,2.0,20.0,0.0,1,0.0,1.0,20.0,0.0,1,0.0,0.0,20.0,0.0,1,0.0,2.0,20.0,0.0,1
2026-03-27 11:43:47,222.61,0.0,4.0,20.0,0.0,1,0.0,0.0,20.0,0.0,1,0.0,2.0,20.0,0.0,1,0.0,1.0,20.0,0.0,1,0.0,0.0,20.0,0.0,1,0.0,2.0,20.0,0.0,1
2026-03-27 11:43:48,223.36,0.0,4.0,20.0,0.0,1,0.0,0.0,20.0,0.0,1,0.0,2.0,20.0,0.0,1,0.0,1.0,20.0,0.0,1,0.0,0.0,20.0,0.0,1,0.0,2.0,20.0,0.0,1
2026-03-27 11:43:48,224.1,0.0,4.0,20.0,0.0,1,0.0,0.0,20.0,0.0,1,0.0,2.0,20.0,0.0,1,0.0,1.0,20.0,0.0,1,0.0,0.0,20.0,0.0,1,0.0,2.0,20.0,0.0,1
2026-03-27 11:43:49,224.85,0.0,4.0,20.0,0.0,1,0.0,0.0,20.0,0.0,1,0.0,2.0,20.0,0.0,1,0.0,1.0,20.0,0.0,1,0.0,0.0,20.0,0.0,1,0.0,2.0,20.0,0.0,1
2026-03-27 11:43:50,225.58,0.0,4.0,20.0,0.0,1,0.0,0.0,20.0,0.0,1,0.0,2.0,20.0,0.0,1,0.0,1.0,20.0,0.0,1,0.0,0.0,20.0,0.0,1,0.0,2.0,20.0,0.0,1
2026-03-27 11:43:51,226.35,0.0,4.0,20.0,0.0,1,0.0,0.0,20.0,0.0,1,0.0,2.0,20.0,0.0,1,0.0,1.0,20.0,0.0,1,0.0,0.0,20.0,0.0,1,0.0,2.0,20.0,0.0,1
2026-03-27 11:43:51,227.1,0.0,4.0,20.0,0.0,1,0.0,0.0,20.0,0.0,1,0.0,2.0,20.0,0.0,1,0.0,1.0,20.0,0.0,1,0.0,0.0,20.0,0.0,1,0.0,2.0,20.0,0.0,1
2026-03-27 11:43:52,227.86,0.0,4.0,20.0,0.0,1,0.0,0.0,20.0,0.0,1,0.0,2.0,20.0,0.0,1,0.0,1.0,20.0,0.0,1,0.0,0.0,20.0,0.0,1,0.0,2.0,20.0,0.0,1
2026-03-27 11:43:53,228.62,0.0,4.0,20.0,0.0,1,0.0,0.0,20.0,0.0,1,0.0,2.0,20.0,0.0,1,0.0,1.0,20.0,0.0,1,0.0,0.0,20.0,0.0,1,0.0,2.0,20.0,0.0,1
2026-03-27 11:43:54,229.37,0.0,4.0,20.0,0.0,1,0.0,0.0,20.0,0.0,1,0.0,2.0,20.0,0.0,1,0.0,1.0,20.0,0.0,1,0.0,0.0,20.0,0.0,1,0.0,2.0,20.0,0.0,1
2026-03-27 11:43:54,230.13,0.0,4.0,20.0,0.0,1,0.0,0.0,20.0,0.0,1,0.0,2.0,20.0,0.0,1,0.0,1.0,20.0,0.0,1,0.0,0.0,20.0,0.0,1,0.0,2.0,20.0,0.0,1
2026-03-27 11:43:55,230.95,0.0,4.0,20.0,0.0,1,0.0,0.0,20.0,0.0,1,0.0,2.0,20.0,0.0,1,0.0,1.0,20.0,0.0,1,0.0,0.0,20.0,0.0,1,0.0,2.0,20.0,0.0,1
2026-03-27 11:43:56,231.7,0.0,4.0,20.0,0.0,1,0.0,0.0,20.0,0.0,1,0.0,2.0,20.0,0.0,1,0.0,1.0,20.0,0.0,1,0.0,0.0,20.0,0.0,1,0.0,2.0,20.0,0.0,1
2026-03-27 11:43:57,232.44,0.0,4.0,20.0,0.0,1,0.0,0.0,20.0,0.0,1,0.0,2.0,20.0,0.0,1,0.0,1.0,20.0,0.0,1,0.0,0.0,20.0,0.0,1,0.0,2.0,20.0,0.0,1
2026-03-27 11:43:58,233.18,0.0,4.0,20.0,0.0,1,0.0,0.0,20.0,0.0,1,0.0,2.0,20.0,0.0,1,0.0,1.0,20.0,0.0,1,0.0,0.0,20.0,0.0,1,0.0,2.0,20.0,0.0,1
2026-03-27 11:43:58,234.0,0.0,4.0,20.0,0.0,1,0.0,0.0,20.0,0.0,1,0.0,2.0,20.0,0.0,1,0.0,1.0,20.0,0.0,1,0.0,0.0,20.0,0.0,1,0.0,2.0,20.0,0.0,1
2026-03-27 11:43:59,234.74,0.0,4.0,20.0,0.0,1,0.0,0.0,20.0,0.0,1,0.0,2.0,20.0,0.0,1,0.0,1.0,20.0,0.0,1,0.0,0.0,20.0,0.0,1,0.0,2.0,20.0,0.0,1
2026-03-27 11:44:00,235.51,0.0,4.0,20.0,0.0,1,0.0,0.0,20.0,0.0,1,0.0,2.0,20.0,0.0,1,0.0,1.0,20.0,0.0,1,0.0,0.0,20.0,0.0,1,0.0,2.0,20.0,0.0,1
2026-03-27 11:44:01,236.25,0.0,4.0,20.0,0.0,1,0.0,0.0,20.0,0.0,1,0.0,2.0,20.0,0.0,1,0.0,1.0,20.0,0.0,1,0.0,0.0,20.0,0.0,1,0.0,2.0,20.0,0.0,1
2026-03-27 11:44:01,237.03,0.0,4.0,20.0,0.0,1,0.0,0.0,20.0,0.0,1,0.0,2.0,20.0,0.0,1,0.0,1.0,20.0,0.0,1,0.0,0.0,20.0,0.0,1,0.0,2.0,20.0,0.0,1
2026-03-27 11:44:02,237.77,0.0,4.0,20.0,0.0,1,0.0,0.0,20.0,0.0,1,0.0,2.0,20.0,0.0,1,0.0,1.0,20.0,0.0,1,0.0,0.0,20.0,0.0,1,0.0,2.0,20.0,0.0,1
2026-03-27 11:44:03,238.51,0.0,4.0,20.0,0.0,1,0.0,0.0,20.0,0.0,1,0.0,2.0,20.0,0.0,1,0.0,1.0,20.0,0.0,1,0.0,0.0,20.0,0.0,1,0.0,2.0,20.0,0.0,1
2026-03-27 11:44:04,239.27,0.0,4.0,20.0,0.0,1,0.0,0.0,20.0,0.0,1,0.0,2.0,20.0,0.0,1,0.0,1.0,20.0,0.0,1,0.0,0.0,20.0,0.0,1,0.0,2.0,20.0,0.0,1
2026-03-27 11:44:04,240.02,0.0,4.0,20.0,0.0,1,0.0,0.0,20.0,0.0,1,0.0,2.0,20.0,0.0,1,0.0,1.0,20.0,0.0,1,0.0,0.0,20.0,0.0,1,0.0,2.0,20.0,0.0,1
2026-03-27 11:44:05,240.76,0.0,4.0,20.0,0.0,1,0.0,0.0,20.0,0.0,1,0.0,2.0,20.0,0.0,1,0.0,1.0,20.0,0.0,1,0.0,0.0,20.0,0.0,1,0.0,2.0,20.0,0.0,1
2026-03-27 11:44:06,241.49,0.0,4.0,20.0,0.0,1,0.0,0.0,20.0,0.0,1,0.0,2.0,20.0,0.0,1,0.0,1.0,20.0,0.0,1,0.0,0.0,20.0,0.0,1,0.0,2.0,20.0,0.0,1
2026-03-27 11:44:07,242.23,0.0,4.0,20.0,0.0,1,0.0,0.0,20.0,0.0,1,0.0,2.0,20.0,0.0,1,0.0,1.0,20.0,0.0,1,0.0,0.0,20.0,0.0,1,0.0,2.0,20.0,0.0,1
2026-03-27 11:44:07,242.98,0.0,4.0,20.0,0.0,1,0.0,0.0,20.0,0.0,1,0.0,2.0,20.0,0.0,1,0.0,1.0,20.0,0.0,1,0.0,0.0,20.0,0.0,1,0.0,2.0,20.0,0.0,1
2026-03-27 11:44:08,243.71,0.0,4.0,20.0,0.0,1,0.0,0.0,20.0,0.0,1,0.0,2.0,20.0,0.0,1,0.0,1.0,20.0,0.0,1,0.0,0.0,20.0,0.0,1,0.0,2.0,20.0,0.0,1
2026-03-27 11:44:09,244.49,0.0,4.0,20.0,0.0,1,0.0,0.0,20.0,0.0,1,0.0,2.0,20.0,0.0,1,0.0,1.0,20.0,0.0,1,0.0,0.0,20.0,0.0,1,0.0,2.0,20.0,0.0,1
2026-03-27 11:44:10,245.25,0.0,4.0,20.0,0.0,1,0.0,0.0,20.0,0.0,1,0.0,2.0,20.0,0.0,1,0.0,1.0,20.0,0.0,1,0.0,0.0,20.0,0.0,1,0.0,2.0,20.0,0.0,1
2026-03-27 11:44:10,245.99,0.0,4.0,20.0,0.0,1,0.0,0.0,20.0,0.0,1,0.0,2.0,20.0,0.0,1,0.0,1.0,20.0,0.0,1,0.0,0.0,20.0,0.0,1,0.0,2.0,20.0,0.0,1
2026-03-27 11:44:11,246.78,0.0,4.0,20.0,0.0,1,0.0,0.0,20.0,0.0,1,0.0,2.0,20.0,0.0,1,0.0,1.0,20.0,0.0,1,0.0,0.0,20.0,0.0,1,0.0,2.0,20.0,0.0,1
2026-03-27 11:44:12,247.54,0.0,4.0,20.0,0.0,1,0.0,0.0,20.0,0.0,1,0.0,2.0,20.0,0.0,1,0.0,1.0,20.0,0.0,1,0.0,0.0,20.0,0.0,1,0.0,2.0,20.0,0.0,1
2026-03-27 11:44:13,248.3,0.0,4.0,20.0,0.0,1,0.0,0.0,20.0,0.0,1,0.0,2.0,20.0,0.0,1,0.0,1.0,20.0,0.0,1,0.0,0.0,20.0,0.0,1,0.0,2.0,20.0,0.0,1
2026-03-27 11:44:13,249.04,0.0,4.0,20.0,0.0,1,0.0,0.0,20.0,0.0,1,0.0,2.0,20.0,0.0,1,0.0,1.0,20.0,0.0,1,0.0,0.0,20.0,0.0,1,0.0,2.0,20.0,0.0,1
2026-03-27 11:44:14,249.77,0.0,4.0,20.0,0.0,1,0.0,0.0,20.0,0.0,1,0.0,2.0,20.0,0.0,1,0.0,1.0,20.0,0.0,1,0.0,0.0,20.0,0.0,1,0.0,2.0,20.0,0.0,1
2026-03-27 11:44:15,250.51,0.0,4.0,20.0,0.0,1,0.0,0.0,20.0,0.0,1,0.0,2.0,20.0,0.0,1,0.0,1.0,20.0,0.0,1,0.0,0.0,20.0,0.0,1,0.0,2.0,20.0,0.0,1
2026-03-27 11:44:16,251.24,0.0,4.0,20.0,0.0,1,0.0,0.0,20.0,0.0,1,0.0,2.0,20.0,0.0,1,0.0,1.0,20.0,0.0,1,0.0,0.0,20.0,0.0,1,0.0,2.0,20.0,0.0,1
2026-03-27 11:44:16,251.99,0.0,4.0,20.0,0.0,1,0.0,0.0,20.0,0.0,1,0.0,2.0,20.0,0.0,1,0.0,1.0,20.0,0.0,1,0.0,0.0,20.0,0.0,1,0.0,2.0,20.0,0.0,1
2026-03-27 11:44:17,252.74,0.0,4.0,20.0,0.0,1,0.0,0.0,20.0,0.0,1,0.0,2.0,20.0,0.0,1,0.0,1.0,20.0,0.0,1,0.0,0.0,20.0,0.0,1,0.0,2.0,20.0,0.0,1
2026-03-27 11:44:18,253.5,0.0,4.0,20.0,0.0,1,0.0,0.0,20.0,0.0,1,0.0,2.0,20.0,0.0,1,0.0,1.0,20.0,0.0,1,0.0,0.0,20.0,0.0,1,0.0,2.0,20.0,0.0,1
2026-03-27 11:44:19,254.23,0.0,4.0,20.0,0.0,1,0.0,0.0,20.0,0.0,1,0.0,2.0,20.0,0.0,1,0.0,1.0,20.0,0.0,1,0.0,0.0,20.0,0.0,1,0.0,2.0,20.0,0.0,1
2026-03-27 11:44:19,254.98,0.0,4.0,20.0,0.0,1,0.0,0.0,20.0,0.0,1,0.0,2.0,20.0,0.0,1,0.0,1.0,20.0,0.0,1,0.0,0.0,20.0,0.0,1,0.0,2.0,20.0,0.0,1
2026-03-27 11:44:20,255.79,0.0,4.0,20.0,0.0,1,0.0,0.0,20.0,0.0,1,0.0,2.0,20.0,0.0,1,0.0,1.0,20.0,0.0,1,0.0,0.0,20.0,0.0,1,0.0,2.0,20.0,0.0,1
2026-03-27 11:44:21,256.52,0.0,4.0,20.0,0.0,1,0.0,0.0,20.0,0.0,1,0.0,2.0,20.0,0.0,1,0.0,1.0,20.0,0.0,1,0.0,0.0,20.0,0.0,1,0.0,2.0,20.0,0.0,1
2026-03-27 11:44:22,257.27,0.0,4.0,20.0,0.0,1,0.0,0.0,20.0,0.0,1,0.0,2.0,20.0,0.0,1,0.0,1.0,20.0,0.0,1,0.0,0.0,20.0,0.0,1,0.0,2.0,20.0,0.0,1
2026-03-27 11:44:22,258.01,0.0,4.0,20.0,0.0,1,0.0,0.0,20.0,0.0,1,0.0,2.0,20.0,0.0,1,0.0,1.0,20.0,0.0,1,0.0,0.0,20.0,0.0,1,0.0,2.0,20.0,0.0,1
2026-03-27 11:44:23,258.75,0.0,4.0,20.0,0.0,1,0.0,0.0,20.0,0.0,1,0.0,2.0,20.0,0.0,1,0.0,1.0,20.0,0.0,1,0.0,0.0,20.0,0.0,1,0.0,2.0,20.0,0.0,1
2026-03-27 11:44:24,259.47,0.0,4.0,20.0,0.0,1,0.0,0.0,20.0,0.0,1,0.0,2.0,20.0,0.0,1,0.0,1.0,20.0,0.0,1,0.0,0.0,20.0,0.0,1,0.0,2.0,20.0,0.0,1
2026-03-27 11:44:25,260.23,0.0,4.0,20.0,0.0,1,0.0,0.0,20.0,0.0,1,0.0,2.0,20.0,0.0,1,0.0,1.0,20.0,0.0,1,0.0,0.0,20.0,0.0,1,0.0,2.0,20.0,0.0,1
2026-03-27 11:44:25,260.96,0.0,4.0,20.0,0.0,1,0.0,0.0,20.0,0.0,1,0.0,2.0,20.0,0.0,1,0.0,1.0,20.0,0.0,1,0.0,0.0,20.0,0.0,1,0.0,2.0,20.0,0.0,1
2026-03-27 11:44:26,261.75,0.0,4.0,20.0,0.0,1,0.0,0.0,20.0,0.0,1,0.0,2.0,20.0,0.0,1,0.0,1.0,20.0,0.0,1,0.0,0.0,20.0,0.0,1,0.0,2.0,20.0,0.0,1
2026-03-27 11:44:27,262.48,0.0,4.0,20.0,0.0,1,0.0,0.0,20.0,0.0,1,0.0,2.0,20.0,0.0,1,0.0,1.0,20.0,0.0,1,0.0,0.0,20.0,0.0,1,0.0,2.0,20.0,0.0,1
2026-03-27 11:44:28,263.21,0.0,4.0,20.0,0.0,1,0.0,0.0,20.0,0.0,1,0.0,2.0,20.0,0.0,1,0.0,1.0,20.0,0.0,1,0.0,0.0,20.0,0.0,1,0.0,2.0,20.0,0.0,1
2026-03-27 11:44:28,263.97,0.0,4.0,20.0,0.0,1,0.0,0.0,20.0,0.0,1,0.0,2.0,20.0,0.0,1,0.0,1.0,20.0,0.0,1,0.0,0.0,20.0,0.0,1,0.0,2.0,20.0,0.0,1
2026-03-27 11:44:29,264.74,0.0,4.0,20.0,0.0,1,0.0,0.0,20.0,0.0,1,0.0,2.0,20.0,0.0,1,0.0,1.0,20.0,0.0,1,0.0,0.0,20.0,0.0,1,0.0,2.0,20.0,0.0,1
2026-03-27 11:44:30,265.51,0.0,4.0,20.0,0.0,1,0.0,0.0,20.0,0.0,1,0.0,2.0,20.0,0.0,1,0.0,1.0,20.0,0.0,1,0.0,0.0,20.0,0.0,1,0.0,2.0,20.0,0.0,1
2026-03-27 11:44:31,266.25,0.0,4.0,20.0,0.0,1,0.0,0.0,20.0,0.0,1,0.0,2.0,20.0,0.0,1,0.0,1.0,20.0,0.0,1,0.0,0.0,20.0,0.0,1,0.0,2.0,20.0,0.0,1
2026-03-27 11:44:31,266.98,0.0,4.0,20.0,0.0,1,0.0,0.0,20.0,0.0,1,0.0,2.0,20.0,0.0,1,0.0,1.0,20.0,0.0,1,0.0,0.0,20.0,0.0,1,0.0,2.0,20.0,0.0,1
2026-03-27 11:44:32,267.71,0.0,4.0,20.0,0.0,1,0.0,0.0,20.0,0.0,1,0.0,2.0,20.0,0.0,1,0.0,1.0,20.0,0.0,1,0.0,0.0,20.0,0.0,1,0.0,2.0,20.0,0.0,1
2026-03-27 11:44:33,268.47,0.0,4.0,20.0,0.0,1,0.0,0.0,20.0,0.0,1,0.0,2.0,20.0,0.0,1,0.0,1.0,20.0,0.0,1,0.0,0.0,20.0,0.0,1,0.0,2.0,20.0,0.0,1
2026-03-27 11:44:34,269.23,0.0,4.0,20.0,0.0,1,0.0,0.0,20.0,0.0,1,0.0,2.0,20.0,0.0,1,0.0,1.0,20.0,0.0,1,0.0,0.0,20.0,0.0,1,0.0,2.0,20.0,0.0,1
2026-03-27 11:44:34,269.98,0.0,4.0,20.0,0.0,1,0.0,0.0,20.0,0.0,1,0.0,2.0,20.0,0.0,1,0.0,1.0,20.0,0.0,1,0.0,0.0,20.0,0.0,1,0.0,2.0,20.0,0.0,1
2026-03-27 11:44:35,270.73,0.0,4.0,20.0,0.0,1,0.0,0.0,20.0,0.0,1,0.0,2.0,20.0,0.0,1,0.0,1.0,20.0,0.0,1,0.0,0.0,20.0,0.0,1,0.0,2.0,20.0,0.0,1
2026-03-27 11:44:36,271.47,0.0,4.0,20.0,0.0,1,0.0,0.0,20.0,0.0,1,0.0,2.0,20.0,0.0,1,0.0,1.0,20.0,0.0,1,0.0,0.0,20.0,0.0,1,0.0,2.0,20.0,0.0,1
2026-03-27 11:44:37,272.22,0.0,4.0,20.0,0.0,1,0.0,0.0,20.0,0.0,1,0.0,2.0,20.0,0.0,1,0.0,1.0,20.0,0.0,1,0.0,0.0,20.0,0.0,1,0.0,2.0,20.0,0.0,1
2026-03-27 11:44:37,272.95,0.0,4.0,20.0,0.0,1,0.0,0.0,20.0,0.0,1,0.0,2.0,20.0,0.0,1,0.0,1.0,20.0,0.0,1,0.0,0.0,20.0,0.0,1,0.0,2.0,20.0,0.0,1
2026-03-27 11:44:38,273.68,0.0,4.0,20.0,0.0,1,0.0,0.0,20.0,0.0,1,0.0,2.0,20.0,0.0,1,0.0,1.0,20.0,0.0,1,0.0,0.0,20.0,0.0,1,0.0,2.0,20.0,0.0,1
2026-03-27 11:44:39,274.42,0.0,4.0,20.0,0.0,1,0.0,0.0,20.0,0.0,1,0.0,2.0,20.0,0.0,1,0.0,1.0,20.0,0.0,1,0.0,0.0,20.0,0.0,1,0.0,2.0,20.0,0.0,1
2026-03-27 11:44:40,275.16,0.0,4.0,20.0,0.0,1,0.0,0.0,20.0,0.0,1,0.0,2.0,20.0,0.0,1,0.0,1.0,20.0,0.0,1,0.0,0.0,20.0,0.0,1,0.0,2.0,20.0,0.0,1
2026-03-27 11:44:40,275.96,0.0,4.0,20.0,0.0,1,0.0,0.0,20.0,0.0,1,0.0,2.0,20.0,0.0,1,0.0,1.0,20.0,0.0,1,0.0,0.0,20.0,0.0,1,0.0,2.0,20.0,0.0,1
2026-03-27 11:44:41,276.77,0.0,4.0,20.0,0.0,1,0.0,0.0,20.0,0.0,1,0.0,2.0,20.0,0.0,1,0.0,1.0,20.0,0.0,1,0.0,0.0,20.0,0.0,1,0.0,2.0,20.0,0.0,1
2026-03-27 11:44:42,277.51,0.0,4.0,20.0,0.0,1,0.0,0.0,20.0,0.0,1,0.0,2.0,20.0,0.0,1,0.0,1.0,20.0,0.0,1,0.0,0.0,20.0,0.0,1,0.0,2.0,20.0,0.0,1
2026-03-27 11:44:43,278.25,0.0,4.0,20.0,0.0,1,0.0,0.0,20.0,0.0,1,0.0,2.0,20.0,0.0,1,0.0,1.0,20.0,0.0,1,0.0,0.0,20.0,0.0,1,0.0,2.0,20.0,0.0,1
2026-03-27 11:44:43,278.99,0.0,4.0,20.0,0.0,1,0.0,0.0,20.0,0.0,1,0.0,2.0,20.0,0.0,1,0.0,1.0,20.0,0.0,1,0.0,0.0,20.0,0.0,1,0.0,2.0,20.0,0.0,1
2026-03-27 11:44:44,279.74,0.0,4.0,20.0,0.0,1,0.0,0.0,20.0,0.0,1,0.0,2.0,20.0,0.0,1,0.0,1.0,20.0,0.0,1,0.0,0.0,20.0,0.0,1,0.0,2.0,20.0,0.0,1
2026-03-27 11:44:45,280.5,0.0,4.0,20.0,0.0,1,0.0,0.0,20.0,0.0,1,0.0,2.0,20.0,0.0,1,0.0,1.0,20.0,0.0,1,0.0,0.0,20.0,0.0,1,0.0,2.0,20.0,0.0,1
2026-03-27 11:44:46,281.25,0.0,4.0,20.0,0.0,1,0.0,0.0,20.0,0.0,1,0.0,2.0,20.0,0.0,1,0.0,1.0,20.0,0.0,1,0.0,0.0,20.0,0.0,1,0.0,2.0,20.0,0.0,1
2026-03-27 11:44:46,282.02,0.0,4.0,20.0,0.0,1,0.0,0.0,20.0,0.0,1,0.0,2.0,20.0,0.0,1,0.0,1.0,20.0,0.0,1,0.0,0.0,20.0,0.0,1,0.0,2.0,20.0,0.0,1
2026-03-27 11:44:47,282.76,0.0,4.0,20.0,0.0,1,0.0,0.0,20.0,0.0,1,0.0,2.0,20.0,0.0,1,0.0,1.0,20.0,0.0,1,0.0,0.0,20.0,0.0,1,0.0,2.0,20.0,0.0,1
2026-03-27 11:44:48,283.48,0.0,4.0,20.0,0.0,1,0.0,0.0,20.0,0.0,1,0.0,2.0,20.0,0.0,1,0.0,1.0,20.0,0.0,1,0.0,0.0,20.0,0.0,1,0.0,2.0,20.0,0.0,1
2026-03-27 11:44:49,284.26,0.0,4.0,20.0,0.0,1,0.0,0.0,20.0,0.0,1,0.0,2.0,20.0,0.0,1,0.0,1.0,20.0,0.0,1,0.0,0.0,20.0,0.0,1,0.0,2.0,20.0,0.0,1
2026-03-27 11:44:49,285.0,0.0,4.0,20.0,0.0,1,0.0,0.0,20.0,0.0,1,0.0,2.0,20.0,0.0,1,0.0,1.0,20.0,0.0,1,0.0,0.0,20.0,0.0,1,0.0,2.0,20.0,0.0,1
2026-03-27 11:44:50,285.72,0.0,4.0,20.0,0.0,1,0.0,0.0,20.0,0.0,1,0.0,2.0,20.0,0.0,1,0.0,1.0,20.0,0.0,1,0.0,0.0,20.0,0.0,1,0.0,2.0,20.0,0.0,1
2026-03-27 11:44:51,286.45,0.0,4.0,20.0,0.0,1,0.0,0.0,20.0,0.0,1,0.0,2.0,20.0,0.0,1,0.0,1.0,20.0,0.0,1,0.0,0.0,20.0,0.0,1,0.0,2.0,20.0,0.0,1
2026-03-27 11:44:52,287.19,0.0,4.0,20.0,0.0,1,0.0,0.0,20.0,0.0,1,0.0,2.0,20.0,0.0,1,0.0,1.0,20.0,0.0,1,0.0,0.0,20.0,0.0,1,0.0,2.0,20.0,0.0,1
2026-03-27 11:44:52,287.97,0.0,4.0,20.0,0.0,1,0.0,0.0,20.0,0.0,1,0.0,2.0,20.0,0.0,1,0.0,1.0,20.0,0.0,1,0.0,0.0,20.0,0.0,1,0.0,2.0,20.0,0.0,1
2026-03-27 11:44:53,288.69,0.0,4.0,20.0,0.0,1,0.0,0.0,20.0,0.0,1,0.0,2.0,20.0,0.0,1,0.0,1.0,20.0,0.0,1,0.0,0.0,20.0,0.0,1,0.0,2.0,20.0,0.0,1
2026-03-27 11:44:54,289.45,0.0,4.0,20.0,0.0,1,0.0,0.0,20.0,0.0,1,0.0,2.0,20.0,0.0,1,0.0,1.0,20.0,0.0,1,0.0,0.0,20.0,0.0,1,0.0,2.0,20.0,0.0,1
2026-03-27 11:44:55,290.2,0.0,4.0,20.0,0.0,1,0.0,0.0,20.0,0.0,1,0.0,2.0,20.0,0.0,1,0.0,1.0,20.0,0.0,1,0.0,0.0,20.0,0.0,1,0.0,2.0,20.0,0.0,1
2026-03-27 11:44:55,290.93,0.0,4.0,20.0,0.0,1,0.0,0.0,20.0,0.0,1,0.0,2.0,20.0,0.0,1,0.0,1.0,20.0,0.0,1,0.0,0.0,20.0,0.0,1,0.0,2.0,20.0,0.0,1
2026-03-27 11:44:56,291.67,0.0,4.0,20.0,0.0,1,0.0,0.0,20.0,0.0,1,0.0,2.0,20.0,0.0,1,0.0,1.0,20.0,0.0,1,0.0,0.0,20.0,0.0,1,0.0,2.0,20.0,0.0,1
2026-03-27 11:44:57,292.45,0.0,4.0,20.0,0.0,1,0.0,0.0,20.0,0.0,1,0.0,2.0,20.0,0.0,1,0.0,1.0,20.0,0.0,1,0.0,0.0,20.0,0.0,1,0.0,2.0,20.0,0.0,1
2026-03-27 11:44:58,293.18,0.0,4.0,20.0,0.0,1,0.0,0.0,20.0,0.0,1,0.0,2.0,20.0,0.0,1,0.0,1.0,20.0,0.0,1,0.0,0.0,20.0,0.0,1,0.0,2.0,20.0,0.0,1
2026-03-27 11:44:58,294.01,0.0,4.0,20.0,0.0,1,0.0,0.0,20.0,0.0,1,0.0,2.0,20.0,0.0,1,0.0,1.0,20.0,0.0,1,0.0,0.0,20.0,0.0,1,0.0,2.0,20.0,0.0,1
2026-03-27 11:44:59,294.73,0.0,4.0,20.0,0.0,1,0.0,0.0,20.0,0.0,1,0.0,2.0,20.0,0.0,1,0.0,1.0,20.0,0.0,1,0.0,0.0,20.0,0.0,1,0.0,2.0,20.0,0.0,1
2026-03-27 11:45:00,295.46,0.0,4.0,20.0,0.0,1,0.0,0.0,20.0,0.0,1,0.0,2.0,20.0,0.0,1,0.0,1.0,20.0,0.0,1,0.0,0.0,20.0,0.0,1,0.0,2.0,20.0,0.0,1
2026-03-27 11:45:01,296.22,0.0,4.0,20.0,0.0,1,0.0,0.0,20.0,0.0,1,0.0,2.0,20.0,0.0,1,0.0,1.0,20.0,0.0,1,0.0,0.0,20.0,0.0,1,0.0,2.0,20.0,0.0,1
2026-03-27 11:45:01,296.98,0.0,4.0,20.0,0.0,1,0.0,0.0,20.0,0.0,1,0.0,2.0,20.0,0.0,1,0.0,1.0,20.0,0.0,1,0.0,0.0,20.0,0.0,1,0.0,2.0,20.0,0.0,1
2026-03-27 11:45:02,297.71,0.0,4.0,20.0,0.0,1,0.0,0.0,20.0,0.0,1,0.0,2.0,20.0,0.0,1,0.0,1.0,20.0,0.0,1,0.0,0.0,20.0,0.0,1,0.0,2.0,20.0,0.0,1
2026-03-27 11:45:03,298.46,0.0,4.0,20.0,0.0,1,0.0,0.0,20.0,0.0,1,0.0,2.0,20.0,0.0,1,0.0,1.0,20.0,0.0,1,0.0,0.0,20.0,0.0,1,0.0,2.0,20.0,0.0,1
2026-03-27 11:45:04,299.21,0.0,4.0,20.0,0.0,1,0.0,0.0,20.0,0.0,1,0.0,2.0,20.0,0.0,1,0.0,1.0,20.0,0.0,1,0.0,0.0,20.0,0.0,1,0.0,2.0,20.0,0.0,1
2026-03-27 11:45:04,299.95,0.0,4.0,20.0,0.0,1,0.0,0.0,20.0,0.0,1,0.0,2.0,20.0,0.0,1,0.0,1.0,20.0,0.0,1,0.0,0.0,20.0,0.0,1,0.0,2.0,20.0,0.0,1
2026-03-27 11:45:05,300.71,0.0,4.0,20.0,0.0,1,0.0,0.0,20.0,0.0,1,0.0,2.0,20.0,0.0,1,0.0,1.0,20.0,0.0,1,0.0,0.0,20.0,0.0,1,0.0,2.0,20.0,0.0,1
2026-03-27 11:45:06,301.46,0.0,4.0,20.0,0.0,1,0.0,0.0,20.0,0.0,1,0.0,2.0,20.0,0.0,1,0.0,1.0,20.0,0.0,1,0.0,0.0,20.0,0.0,1,0.0,2.0,20.0,0.0,1
2026-03-27 11:45:07,302.2,0.0,4.0,20.0,0.0,1,0.0,0.0,20.0,0.0,1,0.0,2.0,20.0,0.0,1,0.0,1.0,20.0,0.0,1,0.0,0.0,20.0,0.0,1,0.0,2.0,20.0,0.0,1
2026-03-27 11:45:07,302.95,0.0,4.0,20.0,0.0,1,0.0,0.0,20.0,0.0,1,0.0,2.0,20.0,0.0,1,0.0,1.0,20.0,0.0,1,0.0,0.0,20.0,0.0,1,0.0,2.0,20.0,0.0,1
2026-03-27 11:45:08,303.76,0.0,4.0,20.0,0.0,1,0.0,0.0,20.0,0.0,1,0.0,2.0,20.0,0.0,1,0.0,1.0,20.0,0.0,1,0.0,0.0,20.0,0.0,1,0.0,2.0,20.0,0.0,1
2026-03-27 11:45:09,304.52,0.0,4.0,20.0,0.0,1,0.0,0.0,20.0,0.0,1,0.0,2.0,20.0,0.0,1,0.0,1.0,20.0,0.0,1,0.0,0.0,20.0,0.0,1,0.0,2.0,20.0,0.0,1
2026-03-27 11:45:10,305.24,0.0,4.0,20.0,0.0,1,0.0,0.0,20.0,0.0,1,0.0,2.0,20.0,0.0,1,0.0,1.0,20.0,0.0,1,0.0,0.0,20.0,0.0,1,0.0,2.0,20.0,0.0,1
2026-03-27 11:45:10,305.98,0.0,4.0,20.0,0.0,1,0.0,0.0,20.0,0.0,1,0.0,2.0,20.0,0.0,1,0.0,1.0,20.0,0.0,1,0.0,0.0,20.0,0.0,1,0.0,2.0,20.0,0.0,1
2026-03-27 11:45:11,306.71,0.0,4.0,20.0,0.0,1,0.0,0.0,20.0,0.0,1,0.0,2.0,20.0,0.0,1,0.0,1.0,20.0,0.0,1,0.0,0.0,20.0,0.0,1,0.0,2.0,20.0,0.0,1
2026-03-27 11:45:12,307.46,0.0,4.0,20.0,0.0,1,0.0,0.0,20.0,0.0,1,0.0,2.0,20.0,0.0,1,0.0,1.0,20.0,0.0,1,0.0,0.0,20.0,0.0,1,0.0,2.0,20.0,0.0,1
2026-03-27 11:45:13,308.19,0.0,4.0,20.0,0.0,1,0.0,0.0,20.0,0.0,1,0.0,2.0,20.0,0.0,1,0.0,1.0,20.0,0.0,1,0.0,0.0,20.0,0.0,1,0.0,2.0,20.0,0.0,1
2026-03-27 11:45:13,308.93,0.0,4.0,20.0,0.0,1,0.0,0.0,20.0,0.0,1,0.0,2.0,20.0,0.0,1,0.0,1.0,20.0,0.0,1,0.0,0.0,20.0,0.0,1,0.0,2.0,20.0,0.0,1
2026-03-27 11:45:14,309.67,0.0,4.0,20.0,0.0,1,0.0,0.0,20.0,0.0,1,0.0,2.0,20.0,0.0,1,0.0,1.0,20.0,0.0,1,0.0,0.0,20.0,0.0,1,0.0,2.0,20.0,0.0,1
2026-03-27 11:45:15,310.44,0.0,4.0,20.0,0.0,1,0.0,0.0,20.0,0.0,1,0.0,2.0,20.0,0.0,1,0.0,1.0,20.0,0.0,1,0.0,0.0,20.0,0.0,1,0.0,2.0,20.0,0.0,1
2026-03-27 11:45:16,311.21,0.0,4.0,20.0,0.0,1,0.0,0.0,20.0,0.0,1,0.0,2.0,20.0,0.0,1,0.0,1.0,20.0,0.0,1,0.0,0.0,20.0,0.0,1,0.0,2.0,20.0,0.0,1
2026-03-27 11:45:16,311.96,0.0,4.0,20.0,0.0,1,0.0,0.0,20.0,0.0,1,0.0,2.0,20.0,0.0,1,0.0,1.0,20.0,0.0,1,0.0,0.0,20.0,0.0,1,0.0,2.0,20.0,0.0,1
2026-03-27 11:45:17,312.69,0.0,4.0,20.0,0.0,1,0.0,0.0,20.0,0.0,1,0.0,2.0,20.0,0.0,1,0.0,1.0,20.0,0.0,1,0.0,0.0,20.0,0.0,1,0.0,2.0,20.0,0.0,1
2026-03-27 11:45:18,313.44,0.0,4.0,20.0,0.0,1,0.0,0.0,20.0,0.0,1,0.0,2.0,20.0,0.0,1,0.0,1.0,20.0,0.0,1,0.0,0.0,20.0,0.0,1,0.0,2.0,20.0,0.0,1
2026-03-27 11:45:19,314.19,0.0,4.0,20.0,0.0,1,0.0,0.0,20.0,0.0,1,0.0,2.0,20.0,0.0,1,0.0,1.0,20.0,0.0,1,0.0,0.0,20.0,0.0,1,0.0,2.0,20.0,0.0,1
2026-03-27 11:45:19,314.97,0.0,4.0,20.0,0.0,1,0.0,0.0,20.0,0.0,1,0.0,2.0,20.0,0.0,1,0.0,1.0,20.0,0.0,1,0.0,0.0,20.0,0.0,1,0.0,2.0,20.0,0.0,1
2026-03-27 11:45:20,315.7,0.0,4.0,20.0,0.0,1,0.0,0.0,20.0,0.0,1,0.0,2.0,20.0,0.0,1,0.0,1.0,20.0,0.0,1,0.0,0.0,20.0,0.0,1,0.0,2.0,20.0,0.0,1
2026-03-27 11:45:21,316.43,0.0,4.0,20.0,0.0,1,0.0,0.0,20.0,0.0,1,0.0,2.0,20.0,0.0,1,0.0,1.0,20.0,0.0,1,0.0,0.0,20.0,0.0,1,0.0,2.0,20.0,0.0,1
2026-03-27 11:45:22,317.18,0.0,4.0,20.0,0.0,1,0.0,0.0,20.0,0.0,1,0.0,2.0,20.0,0.0,1,0.0,1.0,20.0,0.0,1,0.0,0.0,20.0,0.0,1,0.0,2.0,20.0,0.0,1
2026-03-27 11:45:22,317.92,0.0,4.0,20.0,0.0,1,0.0,0.0,20.0,0.0,1,0.0,2.0,20.0,0.0,1,0.0,1.0,20.0,0.0,1,0.0,0.0,20.0,0.0,1,0.0,2.0,20.0,0.0,1
2026-03-27 11:45:23,318.65,0.0,4.0,20.0,0.0,1,0.0,0.0,20.0,0.0,1,0.0,2.0,20.0,0.0,1,0.0,1.0,20.0,0.0,1,0.0,0.0,20.0,0.0,1,0.0,2.0,20.0,0.0,1
2026-03-27 11:45:24,319.38,0.0,4.0,20.0,0.0,1,0.0,0.0,20.0,0.0,1,0.0,2.0,20.0,0.0,1,0.0,1.0,20.0,0.0,1,0.0,0.0,20.0,0.0,1,0.0,2.0,20.0,0.0,1
2026-03-27 11:45:24,320.13,0.0,4.0,20.0,0.0,1,0.0,0.0,20.0,0.0,1,0.0,2.0,20.0,0.0,1,0.0,1.0,20.0,0.0,1,0.0,0.0,20.0,0.0,1,0.0,2.0,20.0,0.0,1
2026-03-27 11:45:25,320.87,0.0,4.0,20.0,0.0,1,0.0,0.0,20.0,0.0,1,0.0,2.0,20.0,0.0,1,0.0,1.0,20.0,0.0,1,0.0,0.0,20.0,0.0,1,0.0,2.0,20.0,0.0,1
2026-03-27 11:45:26,321.65,0.0,4.0,20.0,0.0,1,0.0,0.0,20.0,0.0,1,0.0,2.0,20.0,0.0,1,0.0,1.0,20.0,0.0,1,0.0,0.0,20.0,0.0,1,0.0,2.0,20.0,0.0,1
2026-03-27 11:45:27,322.44,0.0,4.0,20.0,0.0,1,0.0,0.0,20.0,0.0,1,0.0,2.0,20.0,0.0,1,0.0,1.0,20.0,0.0,1,0.0,0.0,20.0,0.0,1,0.0,2.0,20.0,0.0,1
2026-03-27 11:45:28,323.17,0.0,4.0,20.0,0.0,1,0.0,0.0,20.0,0.0,1,0.0,2.0,20.0,0.0,1,0.0,1.0,20.0,0.0,1,0.0,0.0,20.0,0.0,1,0.0,2.0,20.0,0.0,1
2026-03-27 11:45:28,323.93,0.0,4.0,20.0,0.0,1,0.0,0.0,20.0,0.0,1,0.0,2.0,20.0,0.0,1,0.0,1.0,20.0,0.0,1,0.0,0.0,20.0,0.0,1,0.0,2.0,20.0,0.0,1
2026-03-27 11:45:29,324.69,0.0,4.0,20.0,0.0,1,0.0,0.0,20.0,0.0,1,0.0,2.0,20.0,0.0,1,0.0,1.0,20.0,0.0,1,0.0,0.0,20.0,0.0,1,0.0,2.0,20.0,0.0,1
2026-03-27 11:45:30,325.42,0.0,4.0,20.0,0.0,1,0.0,0.0,20.0,0.0,1,0.0,2.0,20.0,0.0,1,0.0,1.0,20.0,0.0,1,0.0,0.0,20.0,0.0,1,0.0,2.0,20.0,0.0,1
2026-03-27 11:45:31,326.16,0.0,4.0,20.0,0.0,1,0.0,0.0,20.0,0.0,1,0.0,2.0,20.0,0.0,1,0.0,1.0,20.0,0.0,1,0.0,0.0,20.0,0.0,1,0.0,2.0,20.0,0.0,1
2026-03-27 11:45:31,326.95,0.0,4.0,20.0,0.0,1,0.0,0.0,20.0,0.0,1,0.0,2.0,20.0,0.0,1,0.0,1.0,20.0,0.0,1,0.0,0.0,20.0,0.0,1,0.0,2.0,20.0,0.0,1
2026-03-27 11:45:32,327.69,0.0,4.0,20.0,0.0,1,0.0,0.0,20.0,0.0,1,0.0,2.0,20.0,0.0,1,0.0,1.0,20.0,0.0,1,0.0,0.0,20.0,0.0,1,0.0,2.0,20.0,0.0,1
2026-03-27 11:45:33,328.46,0.0,4.0,20.0,0.0,1,0.0,0.0,20.0,0.0,1,0.0,2.0,20.0,0.0,1,0.0,1.0,20.0,0.0,1,0.0,0.0,20.0,0.0,1,0.0,2.0,20.0,0.0,1
2026-03-27 11:45:34,329.2,0.0,4.0,20.0,0.0,1,0.0,0.0,20.0,0.0,1,0.0,2.0,20.0,0.0,1,0.0,1.0,20.0,0.0,1,0.0,0.0,20.0,0.0,1,0.0,2.0,20.0,0.0,1
2026-03-27 11:45:34,329.95,0.0,4.0,20.0,0.0,1,0.0,0.0,20.0,0.0,1,0.0,2.0,20.0,0.0,1,0.0,1.0,20.0,0.0,1,0.0,0.0,20.0,0.0,1,0.0,2.0,20.0,0.0,1
2026-03-27 11:45:35,330.68,0.0,4.0,20.0,0.0,1,0.0,0.0,20.0,0.0,1,0.0,2.0,20.0,0.0,1,0.0,1.0,20.0,0.0,1,0.0,0.0,20.0,0.0,1,0.0,2.0,20.0,0.0,1
2026-03-27 11:45:36,331.45,0.0,4.0,20.0,0.0,1,0.0,0.0,20.0,0.0,1,0.0,2.0,20.0,0.0,1,0.0,1.0,20.0,0.0,1,0.0,0.0,20.0,0.0,1,0.0,2.0,20.0,0.0,1
2026-03-27 11:45:37,332.17,0.0,4.0,20.0,0.0,1,0.0,0.0,20.0,0.0,1,0.0,2.0,20.0,0.0,1,0.0,1.0,20.0,0.0,1,0.0,0.0,20.0,0.0,1,0.0,2.0,20.0,0.0,1
2026-03-27 11:45:37,332.91,0.0,4.0,20.0,0.0,1,0.0,0.0,20.0,0.0,1,0.0,2.0,20.0,0.0,1,0.0,1.0,20.0,0.0,1,0.0,0.0,20.0,0.0,1,0.0,2.0,20.0,0.0,1
2026-03-27 11:45:38,333.66,0.0,4.0,20.0,0.0,1,0.0,0.0,20.0,0.0,1,0.0,2.0,20.0,0.0,1,0.0,1.0,20.0,0.0,1,0.0,0.0,20.0,0.0,1,0.0,2.0,20.0,0.0,1
2026-03-27 11:45:39,334.42,0.0,4.0,20.0,0.0,1,0.0,0.0,20.0,0.0,1,0.0,2.0,20.0,0.0,1,0.0,1.0,20.0,0.0,1,0.0,0.0,20.0,0.0,1,0.0,2.0,20.0,0.0,1
2026-03-27 11:45:40,335.16,0.0,4.0,20.0,0.0,1,0.0,0.0,20.0,0.0,1,0.0,2.0,20.0,0.0,1,0.0,1.0,20.0,0.0,1,0.0,0.0,20.0,0.0,1,0.0,2.0,20.0,0.0,1
2026-03-27 11:45:40,335.93,0.0,4.0,20.0,0.0,1,0.0,0.0,20.0,0.0,1,0.0,2.0,20.0,0.0,1,0.0,1.0,20.0,0.0,1,0.0,0.0,20.0,0.0,1,0.0,2.0,20.0,0.0,1
2026-03-27 11:45:41,336.67,0.0,4.0,20.0,0.0,1,0.0,0.0,20.0,0.0,1,0.0,2.0,20.0,0.0,1,0.0,1.0,20.0,0.0,1,0.0,0.0,20.0,0.0,1,0.0,2.0,20.0,0.0,1
2026-03-27 11:45:42,337.43,0.0,4.0,20.0,0.0,1,0.0,0.0,20.0,0.0,1,0.0,2.0,20.0,0.0,1,0.0,1.0,20.0,0.0,1,0.0,0.0,20.0,0.0,1,0.0,2.0,20.0,0.0,1
2026-03-27 11:45:43,338.21,0.0,4.0,20.0,0.0,1,0.0,0.0,20.0,0.0,1,0.0,2.0,20.0,0.0,1,0.0,1.0,20.0,0.0,1,0.0,0.0,20.0,0.0,1,0.0,2.0,20.0,0.0,1
2026-03-27 11:45:43,338.95,0.0,4.0,20.0,0.0,1,0.0,0.0,20.0,0.0,1,0.0,2.0,20.0,0.0,1,0.0,1.0,20.0,0.0,1,0.0,0.0,20.0,0.0,1,0.0,2.0,20.0,0.0,1
2026-03-27 11:45:44,339.73,0.0,4.0,20.0,0.0,1,0.0,0.0,20.0,0.0,1,0.0,2.0,20.0,0.0,1,0.0,1.0,20.0,0.0,1,0.0,0.0,20.0,0.0,1,0.0,2.0,20.0,0.0,1
2026-03-27 11:45:45,340.48,0.0,4.0,20.0,0.0,1,0.0,0.0,20.0,0.0,1,0.0,2.0,20.0,0.0,1,0.0,1.0,20.0,0.0,1,0.0,0.0,20.0,0.0,1,0.0,2.0,20.0,0.0,1
2026-03-27 11:45:46,341.22,0.0,4.0,20.0,0.0,1,0.0,0.0,20.0,0.0,1,0.0,2.0,20.0,0.0,1,0.0,1.0,20.0,0.0,1,0.0,0.0,20.0,0.0,1,0.0,2.0,20.0,0.0,1
2026-03-27 11:45:46,341.96,0.0,4.0,20.0,0.0,1,0.0,0.0,20.0,0.0,1,0.0,2.0,20.0,0.0,1,0.0,1.0,20.0,0.0,1,0.0,0.0,20.0,0.0,1,0.0,2.0,20.0,0.0,1
2026-03-27 11:45:47,342.71,0.0,4.0,20.0,0.0,1,0.0,0.0,20.0,0.0,1,0.0,2.0,20.0,0.0,1,0.0,1.0,20.0,0.0,1,0.0,0.0,20.0,0.0,1,0.0,2.0,20.0,0.0,1
2026-03-27 11:45:48,343.44,0.0,4.0,20.0,0.0,1,0.0,0.0,20.0,0.0,1,0.0,2.0,20.0,0.0,1,0.0,1.0,20.0,0.0,1,0.0,0.0,20.0,0.0,1,0.0,2.0,20.0,0.0,1
2026-03-27 11:45:49,344.18,0.0,4.0,20.0,0.0,1,0.0,0.0,20.0,0.0,1,0.0,2.0,20.0,0.0,1,0.0,1.0,20.0,0.0,1,0.0,0.0,20.0,0.0,1,0.0,2.0,20.0,0.0,1
2026-03-27 11:45:49,344.92,0.0,4.0,20.0,0.0,1,0.0,0.0,20.0,0.0,1,0.0,2.0,20.0,0.0,1,0.0,1.0,20.0,0.0,1,0.0,0.0,20.0,0.0,1,0.0,2.0,20.0,0.0,1
2026-03-27 11:45:50,345.68,0.0,4.0,20.0,0.0,1,0.0,0.0,20.0,0.0,1,0.0,2.0,20.0,0.0,1,0.0,1.0,20.0,0.0,1,0.0,0.0,20.0,0.0,1,0.0,2.0,20.0,0.0,1
2026-03-27 11:45:51,346.44,0.0,4.0,20.0,0.0,1,0.0,0.0,20.0,0.0,1,0.0,2.0,20.0,0.0,1,0.0,1.0,20.0,0.0,1,0.0,0.0,20.0,0.0,1,0.0,2.0,20.0,0.0,1
2026-03-27 11:45:52,347.18,0.0,4.0,20.0,0.0,1,0.0,0.0,20.0,0.0,1,0.0,2.0,20.0,0.0,1,0.0,1.0,20.0,0.0,1,0.0,0.0,20.0,0.0,1,0.0,2.0,20.0,0.0,1
2026-03-27 11:45:52,347.95,0.0,4.0,20.0,0.0,1,0.0,0.0,20.0,0.0,1,0.0,2.0,20.0,0.0,1,0.0,1.0,20.0,0.0,1,0.0,0.0,20.0,0.0,1,0.0,2.0,20.0,0.0,1
2026-03-27 11:45:53,348.71,0.0,4.0,20.0,0.0,1,0.0,0.0,20.0,0.0,1,0.0,2.0,20.0,0.0,1,0.0,1.0,20.0,0.0,1,0.0,0.0,20.0,0.0,1,0.0,2.0,20.0,0.0,1
2026-03-27 11:45:54,349.46,0.0,4.0,20.0,0.0,1,0.0,0.0,20.0,0.0,1,0.0,2.0,20.0,0.0,1,0.0,1.0,20.0,0.0,1,0.0,0.0,20.0,0.0,1,0.0,2.0,20.0,0.0,1
2026-03-27 11:45:55,350.19,0.0,4.0,20.0,0.0,1,0.0,0.0,20.0,0.0,1,0.0,2.0,20.0,0.0,1,0.0,1.0,20.0,0.0,1,0.0,0.0,20.0,0.0,1,0.0,2.0,20.0,0.0,1
2026-03-27 11:45:55,350.95,0.0,4.0,20.0,0.0,1,0.0,0.0,20.0,0.0,1,0.0,2.0,20.0,0.0,1,0.0,1.0,20.0,0.0,1,0.0,0.0,20.0,0.0,1,0.0,2.0,20.0,0.0,1
2026-03-27 11:45:56,351.68,0.0,4.0,20.0,0.0,1,0.0,0.0,20.0,0.0,1,0.0,2.0,20.0,0.0,1,0.0,1.0,20.0,0.0,1,0.0,0.0,20.0,0.0,1,0.0,2.0,20.0,0.0,1
2026-03-27 11:45:57,352.41,0.0,4.0,20.0,0.0,1,0.0,0.0,20.0,0.0,1,0.0,2.0,20.0,0.0,1,0.0,1.0,20.0,0.0,1,0.0,0.0,20.0,0.0,1,0.0,2.0,20.0,0.0,1
2026-03-27 11:45:58,353.18,0.0,4.0,20.0,0.0,1,0.0,0.0,20.0,0.0,1,0.0,2.0,20.0,0.0,1,0.0,1.0,20.0,0.0,1,0.0,0.0,20.0,0.0,1,0.0,2.0,20.0,0.0,1
2026-03-27 11:45:58,353.91,0.0,4.0,20.0,0.0,1,0.0,0.0,20.0,0.0,1,0.0,2.0,20.0,0.0,1,0.0,1.0,20.0,0.0,1,0.0,0.0,20.0,0.0,1,0.0,2.0,20.0,0.0,1
2026-03-27 11:45:59,354.67,0.0,4.0,20.0,0.0,1,0.0,0.0,20.0,0.0,1,0.0,2.0,20.0,0.0,1,0.0,1.0,20.0,0.0,1,0.0,0.0,20.0,0.0,1,0.0,2.0,20.0,0.0,1
2026-03-27 11:46:00,355.4,0.0,4.0,20.0,0.0,1,0.0,0.0,20.0,0.0,1,0.0,2.0,20.0,0.0,1,0.0,1.0,20.0,0.0,1,0.0,0.0,20.0,0.0,1,0.0,2.0,20.0,0.0,1
2026-03-27 11:46:01,356.16,0.0,4.0,20.0,0.0,1,0.0,0.0,20.0,0.0,1,0.0,2.0,20.0,0.0,1,0.0,1.0,20.0,0.0,1,0.0,0.0,20.0,0.0,1,0.0,2.0,20.0,0.0,1
2026-03-27 11:46:01,356.9,0.0,4.0,20.0,0.0,1,0.0,0.0,20.0,0.0,1,0.0,2.0,20.0,0.0,1,0.0,1.0,20.0,0.0,1,0.0,0.0,20.0,0.0,1,0.0,2.0,20.0,0.0,1
2026-03-27 11:46:02,357.65,0.0,4.0,20.0,0.0,1,0.0,0.0,20.0,0.0,1,0.0,2.0,20.0,0.0,1,0.0,1.0,20.0,0.0,1,0.0,0.0,20.0,0.0,1,0.0,2.0,20.0,0.0,1
2026-03-27 11:46:03,358.41,0.0,4.0,20.0,0.0,1,0.0,0.0,20.0,0.0,1,0.0,2.0,20.0,0.0,1,0.0,1.0,20.0,0.0,1,0.0,0.0,20.0,0.0,1,0.0,2.0,20.0,0.0,1
2026-03-27 11:46:04,359.18,0.0,4.0,20.0,0.0,1,0.0,0.0,20.0,0.0,1,0.0,2.0,20.0,0.0,1,0.0,1.0,20.0,0.0,1,0.0,0.0,20.0,0.0,1,0.0,2.0,20.0,0.0,1
2026-03-27 11:46:04,359.94,0.0,4.0,20.0,0.0,1,0.0,0.0,20.0,0.0,1,0.0,2.0,20.0,0.0,1,0.0,1.0,20.0,0.0,1,0.0,0.0,20.0,0.0,1,0.0,2.0,20.0,0.0,1
2026-03-27 11:46:05,360.67,0.0,4.0,20.0,0.0,1,0.0,0.0,20.0,0.0,1,0.0,2.0,20.0,0.0,1,0.0,1.0,20.0,0.0,1,0.0,0.0,20.0,0.0,1,0.0,2.0,20.0,0.0,1
2026-03-27 11:46:06,361.41,0.0,4.0,20.0,0.0,1,0.0,0.0,20.0,0.0,1,0.0,2.0,20.0,0.0,1,0.0,1.0,20.0,0.0,1,0.0,0.0,20.0,0.0,1,0.0,2.0,20.0,0.0,1
2026-03-27 11:46:07,362.16,0.0,4.0,20.0,0.0,1,0.0,0.0,20.0,0.0,1,0.0,2.0,20.0,0.0,1,0.0,1.0,20.0,0.0,1,0.0,0.0,20.0,0.0,1,0.0,2.0,20.0,0.0,1
2026-03-27 11:46:07,362.89,0.0,4.0,20.0,0.0,1,0.0,0.0,20.0,0.0,1,0.0,2.0,20.0,0.0,1,0.0,1.0,20.0,0.0,1,0.0,0.0,20.0,0.0,1,0.0,2.0,20.0,0.0,1
2026-03-27 11:46:08,363.64,0.0,4.0,20.0,0.0,1,0.0,0.0,20.0,0.0,1,0.0,2.0,20.0,0.0,1,0.0,1.0,20.0,0.0,1,0.0,0.0,20.0,0.0,1,0.0,2.0,20.0,0.0,1
2026-03-27 11:46:09,364.39,0.0,4.0,20.0,0.0,1,0.0,0.0,20.0,0.0,1,0.0,2.0,20.0,0.0,1,0.0,1.0,20.0,0.0,1,0.0,0.0,20.0,0.0,1,0.0,2.0,20.0,0.0,1
2026-03-27 11:46:09,365.13,0.0,4.0,20.0,0.0,1,0.0,0.0,20.0,0.0,1,0.0,2.0,20.0,0.0,1,0.0,1.0,20.0,0.0,1,0.0,0.0,20.0,0.0,1,0.0,2.0,20.0,0.0,1
2026-03-27 11:46:10,365.87,0.0,4.0,20.0,0.0,1,0.0,0.0,20.0,0.0,1,0.0,2.0,20.0,0.0,1,0.0,1.0,20.0,0.0,1,0.0,0.0,20.0,0.0,1,0.0,2.0,20.0,0.0,1
2026-03-27 11:46:11,366.6,0.0,4.0,20.0,0.0,1,0.0,0.0,20.0,0.0,1,0.0,2.0,20.0,0.0,1,0.0,1.0,20.0,0.0,1,0.0,0.0,20.0,0.0,1,0.0,2.0,20.0,0.0,1
2026-03-27 11:46:12,367.35,0.0,4.0,20.0,0.0,1,0.0,0.0,20.0,0.0,1,0.0,2.0,20.0,0.0,1,0.0,1.0,20.0,0.0,1,0.0,0.0,20.0,0.0,1,0.0,2.0,20.0,0.0,1
2026-03-27 11:46:13,368.18,0.0,4.0,20.0,0.0,1,0.0,0.0,20.0,0.0,1,0.0,2.0,20.0,0.0,1,0.0,1.0,20.0,0.0,1,0.0,0.0,20.0,0.0,1,0.0,2.0,20.0,0.0,1
2026-03-27 11:46:13,368.91,0.0,4.0,20.0,0.0,1,0.0,0.0,20.0,0.0,1,0.0,2.0,20.0,0.0,1,0.0,1.0,20.0,0.0,1,0.0,0.0,20.0,0.0,1,0.0,2.0,20.0,0.0,1
2026-03-27 11:46:14,369.66,0.0,4.0,20.0,0.0,1,0.0,0.0,20.0,0.0,1,0.0,2.0,20.0,0.0,1,0.0,1.0,20.0,0.0,1,0.0,0.0,20.0,0.0,1,0.0,2.0,20.0,0.0,1
2026-03-27 11:46:15,370.46,0.0,4.0,20.0,0.0,1,0.0,0.0,20.0,0.0,1,0.0,2.0,20.0,0.0,1,0.0,1.0,20.0,0.0,1,0.0,0.0,20.0,0.0,1,0.0,2.0,20.0,0.0,1
2026-03-27 11:46:16,371.18,0.0,4.0,20.0,0.0,1,0.0,0.0,20.0,0.0,1,0.0,2.0,20.0,0.0,1,0.0,1.0,20.0,0.0,1,0.0,0.0,20.0,0.0,1,0.0,2.0,20.0,0.0,1
2026-03-27 11:46:16,371.94,0.0,4.0,20.0,0.0,1,0.0,0.0,20.0,0.0,1,0.0,2.0,20.0,0.0,1,0.0,1.0,20.0,0.0,1,0.0,0.0,20.0,0.0,1,0.0,2.0,20.0,0.0,1
2026-03-27 11:46:17,372.69,0.0,4.0,20.0,0.0,1,0.0,0.0,20.0,0.0,1,0.0,2.0,20.0,0.0,1,0.0,1.0,20.0,0.0,1,0.0,0.0,20.0,0.0,1,0.0,2.0,20.0,0.0,1
2026-03-27 11:46:18,373.43,0.0,4.0,20.0,0.0,1,0.0,0.0,20.0,0.0,1,0.0,2.0,20.0,0.0,1,0.0,1.0,20.0,0.0,1,0.0,0.0,20.0,0.0,1,0.0,2.0,20.0,0.0,1
2026-03-27 11:46:19,374.19,0.0,4.0,20.0,0.0,1,0.0,0.0,20.0,0.0,1,0.0,2.0,20.0,0.0,1,0.0,1.0,20.0,0.0,1,0.0,0.0,20.0,0.0,1,0.0,2.0,20.0,0.0,1
2026-03-27 11:46:19,374.98,0.0,4.0,20.0,0.0,1,0.0,0.0,20.0,0.0,1,0.0,2.0,20.0,0.0,1,0.0,1.0,20.0,0.0,1,0.0,0.0,20.0,0.0,1,0.0,2.0,20.0,0.0,1
2026-03-27 11:46:20,375.73,0.0,4.0,20.0,0.0,1,0.0,0.0,20.0,0.0,1,0.0,2.0,20.0,0.0,1,0.0,1.0,20.0,0.0,1,0.0,0.0,20.0,0.0,1,0.0,2.0,20.0,0.0,1
2026-03-27 11:46:21,376.48,0.0,4.0,20.0,0.0,1,0.0,0.0,20.0,0.0,1,0.0,2.0,20.0,0.0,1,0.0,1.0,20.0,0.0,1,0.0,0.0,20.0,0.0,1,0.0,2.0,20.0,0.0,1
2026-03-27 11:46:22,377.23,0.0,4.0,20.0,0.0,1,0.0,0.0,20.0,0.0,1,0.0,2.0,20.0,0.0,1,0.0,1.0,20.0,0.0,1,0.0,0.0,20.0,0.0,1,0.0,2.0,20.0,0.0,1
2026-03-27 11:46:22,377.97,0.0,4.0,20.0,0.0,1,0.0,0.0,20.0,0.0,1,0.0,2.0,20.0,0.0,1,0.0,1.0,20.0,0.0,1,0.0,0.0,20.0,0.0,1,0.0,2.0,20.0,0.0,1
2026-03-27 11:46:23,378.73,0.0,4.0,20.0,0.0,1,0.0,0.0,20.0,0.0,1,0.0,2.0,20.0,0.0,1,0.0,1.0,20.0,0.0,1,0.0,0.0,20.0,0.0,1,0.0,2.0,20.0,0.0,1
2026-03-27 11:46:24,379.47,0.0,4.0,20.0,0.0,1,0.0,0.0,20.0,0.0,1,0.0,2.0,20.0,0.0,1,0.0,1.0,20.0,0.0,1,0.0,0.0,20.0,0.0,1,0.0,2.0,20.0,0.0,1
2026-03-27 11:46:25,380.21,0.0,4.0,20.0,0.0,1,0.0,0.0,20.0,0.0,1,0.0,2.0,20.0,0.0,1,0.0,1.0,20.0,0.0,1,0.0,0.0,20.0,0.0,1,0.0,2.0,20.0,0.0,1
2026-03-27 11:46:25,380.96,0.0,4.0,20.0,0.0,1,0.0,0.0,20.0,0.0,1,0.0,2.0,20.0,0.0,1,0.0,1.0,20.0,0.0,1,0.0,0.0,20.0,0.0,1,0.0,2.0,20.0,0.0,1
2026-03-27 11:46:26,381.68,0.0,4.0,20.0,0.0,1,0.0,0.0,20.0,0.0,1,0.0,2.0,20.0,0.0,1,0.0,1.0,20.0,0.0,1,0.0,0.0,20.0,0.0,1,0.0,2.0,20.0,0.0,1
2026-03-27 11:46:27,382.44,0.0,4.0,20.0,0.0,1,0.0,0.0,20.0,0.0,1,0.0,2.0,20.0,0.0,1,0.0,1.0,20.0,0.0,1,0.0,0.0,20.0,0.0,1,0.0,2.0,20.0,0.0,1
2026-03-27 11:46:28,383.19,0.0,4.0,20.0,0.0,1,0.0,0.0,20.0,0.0,1,0.0,2.0,20.0,0.0,1,0.0,1.0,20.0,0.0,1,0.0,0.0,20.0,0.0,1,0.0,2.0,20.0,0.0,1
2026-03-27 11:46:28,383.92,0.0,4.0,20.0,0.0,1,0.0,0.0,20.0,0.0,1,0.0,2.0,20.0,0.0,1,0.0,1.0,20.0,0.0,1,0.0,0.0,20.0,0.0,1,0.0,2.0,20.0,0.0,1
2026-03-27 11:46:29,384.65,0.0,4.0,20.0,0.0,1,0.0,0.0,20.0,0.0,1,0.0,2.0,20.0,0.0,1,0.0,1.0,20.0,0.0,1,0.0,0.0,20.0,0.0,1,0.0,2.0,20.0,0.0,1
2026-03-27 11:46:30,385.41,0.0,4.0,20.0,0.0,1,0.0,0.0,20.0,0.0,1,0.0,2.0,20.0,0.0,1,0.0,1.0,20.0,0.0,1,0.0,0.0,20.0,0.0,1,0.0,2.0,20.0,0.0,1
2026-03-27 11:46:31,386.16,0.0,4.0,20.0,0.0,1,0.0,0.0,20.0,0.0,1,0.0,2.0,20.0,0.0,1,0.0,1.0,20.0,0.0,1,0.0,0.0,20.0,0.0,1,0.0,2.0,20.0,0.0,1
2026-03-27 11:46:31,386.93,0.0,4.0,20.0,0.0,1,0.0,0.0,20.0,0.0,1,0.0,2.0,20.0,0.0,1,0.0,1.0,20.0,0.0,1,0.0,0.0,20.0,0.0,1,0.0,2.0,20.0,0.0,1
2026-03-27 11:46:32,387.67,0.0,4.0,20.0,0.0,1,0.0,0.0,20.0,0.0,1,0.0,2.0,20.0,0.0,1,0.0,1.0,20.0,0.0,1,0.0,0.0,20.0,0.0,1,0.0,2.0,20.0,0.0,1
2026-03-27 11:46:33,388.4,0.0,4.0,20.0,0.0,1,0.0,0.0,20.0,0.0,1,0.0,2.0,20.0,0.0,1,0.0,1.0,20.0,0.0,1,0.0,0.0,20.0,0.0,1,0.0,2.0,20.0,0.0,1
2026-03-27 11:46:34,389.19,0.0,4.0,20.0,0.0,1,0.0,0.0,20.0,0.0,1,0.0,2.0,20.0,0.0,1,0.0,1.0,20.0,0.0,1,0.0,0.0,20.0,0.0,1,0.0,2.0,20.0,0.0,1
2026-03-27 11:46:34,389.92,0.0,4.0,20.0,0.0,1,0.0,0.0,20.0,0.0,1,0.0,2.0,20.0,0.0,1,0.0,1.0,20.0,0.0,1,0.0,0.0,20.0,0.0,1,0.0,2.0,20.0,0.0,1
2026-03-27 11:46:35,390.69,0.0,4.0,20.0,0.0,1,0.0,0.0,20.0,0.0,1,0.0,2.0,20.0,0.0,1,0.0,1.0,20.0,0.0,1,0.0,0.0,20.0,0.0,1,0.0,2.0,20.0,0.0,1
2026-03-27 11:46:36,391.44,0.0,4.0,20.0,0.0,1,0.0,0.0,20.0,0.0,1,0.0,2.0,20.0,0.0,1,0.0,1.0,20.0,0.0,1,0.0,0.0,20.0,0.0,1,0.0,2.0,20.0,0.0,1
2026-03-27 11:46:37,392.21,0.0,4.0,20.0,0.0,1,0.0,0.0,20.0,0.0,1,0.0,2.0,20.0,0.0,1,0.0,1.0,20.0,0.0,1,0.0,0.0,20.0,0.0,1,0.0,2.0,20.0,0.0,1
2026-03-27 11:46:37,392.96,0.0,4.0,20.0,0.0,1,0.0,0.0,20.0,0.0,1,0.0,2.0,20.0,0.0,1,0.0,1.0,20.0,0.0,1,0.0,0.0,20.0,0.0,1,0.0,2.0,20.0,0.0,1
2026-03-27 11:46:38,393.7,0.0,4.0,20.0,0.0,1,0.0,0.0,20.0,0.0,1,0.0,2.0,20.0,0.0,1,0.0,1.0,20.0,0.0,1,0.0,0.0,20.0,0.0,1,0.0,2.0,20.0,0.0,1
2026-03-27 11:46:39,394.45,0.0,4.0,20.0,0.0,1,0.0,0.0,20.0,0.0,1,0.0,2.0,20.0,0.0,1,0.0,1.0,20.0,0.0,1,0.0,0.0,20.0,0.0,1,0.0,2.0,20.0,0.0,1
2026-03-27 11:46:40,395.18,0.0,4.0,20.0,0.0,1,0.0,0.0,20.0,0.0,1,0.0,2.0,20.0,0.0,1,0.0,1.0,20.0,0.0,1,0.0,0.0,20.0,0.0,1,0.0,2.0,20.0,0.0,1
2026-03-27 11:46:40,395.91,0.0,4.0,20.0,0.0,1,0.0,0.0,20.0,0.0,1,0.0,2.0,20.0,0.0,1,0.0,1.0,20.0,0.0,1,0.0,0.0,20.0,0.0,1,0.0,2.0,20.0,0.0,1
2026-03-27 11:46:41,396.65,0.0,4.0,20.0,0.0,1,0.0,0.0,20.0,0.0,1,0.0,2.0,20.0,0.0,1,0.0,1.0,20.0,0.0,1,0.0,0.0,20.0,0.0,1,0.0,2.0,20.0,0.0,1
2026-03-27 11:46:42,397.39,0.0,4.0,20.0,0.0,1,0.0,0.0,20.0,0.0,1,0.0,2.0,20.0,0.0,1,0.0,1.0,20.0,0.0,1,0.0,0.0,20.0,0.0,1,0.0,2.0,20.0,0.0,1
2026-03-27 11:46:42,398.12,0.0,4.0,20.0,0.0,1,0.0,0.0,20.0,0.0,1,0.0,2.0,20.0,0.0,1,0.0,1.0,20.0,0.0,1,0.0,0.0,20.0,0.0,1,0.0,2.0,20.0,0.0,1
2026-03-27 11:46:43,398.86,0.0,4.0,20.0,0.0,1,0.0,0.0,20.0,0.0,1,0.0,2.0,20.0,0.0,1,0.0,1.0,20.0,0.0,1,0.0,0.0,20.0,0.0,1,0.0,2.0,20.0,0.0,1
2026-03-27 11:46:44,399.6,0.0,4.0,20.0,0.0,1,0.0,0.0,20.0,0.0,1,0.0,2.0,20.0,0.0,1,0.0,1.0,20.0,0.0,1,0.0,0.0,20.0,0.0,1,0.0,2.0,20.0,0.0,1
2026-03-27 11:46:45,400.36,0.0,4.0,20.0,0.0,1,0.0,0.0,20.0,0.0,1,0.0,2.0,20.0,0.0,1,0.0,1.0,20.0,0.0,1,0.0,0.0,20.0,0.0,1,0.0,2.0,20.0,0.0,1
2026-03-27 11:46:46,401.14,0.0,4.0,20.0,0.0,1,0.0,0.0,20.0,0.0,1,0.0,2.0,20.0,0.0,1,0.0,1.0,20.0,0.0,1,0.0,0.0,20.0,0.0,1,0.0,2.0,20.0,0.0,1
2026-03-27 11:46:46,401.89,0.0,4.0,20.0,0.0,1,0.0,0.0,20.0,0.0,1,0.0,2.0,20.0,0.0,1,0.0,1.0,20.0,0.0,1,0.0,0.0,20.0,0.0,1,0.0,2.0,20.0,0.0,1
2026-03-27 11:46:47,402.72,0.0,4.0,20.0,0.0,1,0.0,0.0,20.0,0.0,1,0.0,2.0,20.0,0.0,1,0.0,1.0,20.0,0.0,1,0.0,0.0,20.0,0.0,1,0.0,2.0,20.0,0.0,1
2026-03-27 11:46:48,403.47,0.0,4.0,20.0,0.0,1,0.0,0.0,20.0,0.0,1,0.0,2.0,20.0,0.0,1,0.0,1.0,20.0,0.0,1,0.0,0.0,20.0,0.0,1,0.0,2.0,20.0,0.0,1
2026-03-27 11:46:49,404.24,0.0,4.0,20.0,0.0,1,0.0,0.0,20.0,0.0,1,0.0,2.0,20.0,0.0,1,0.0,1.0,20.0,0.0,1,0.0,0.0,20.0,0.0,1,0.0,2.0,20.0,0.0,1
2026-03-27 11:46:49,404.99,0.0,4.0,20.0,0.0,1,0.0,0.0,20.0,0.0,1,0.0,2.0,20.0,0.0,1,0.0,1.0,20.0,0.0,1,0.0,0.0,20.0,0.0,1,0.0,2.0,20.0,0.0,1
2026-03-27 11:46:50,405.77,0.0,4.0,20.0,0.0,1,0.0,0.0,20.0,0.0,1,0.0,2.0,20.0,0.0,1,0.0,1.0,20.0,0.0,1,0.0,0.0,20.0,0.0,1,0.0,2.0,20.0,0.0,1
2026-03-27 11:46:51,406.49,0.0,4.0,20.0,0.0,1,0.0,0.0,20.0,0.0,1,0.0,2.0,20.0,0.0,1,0.0,1.0,20.0,0.0,1,0.0,0.0,20.0,0.0,1,0.0,2.0,20.0,0.0,1
2026-03-27 11:46:52,407.22,0.0,4.0,20.0,0.0,1,0.0,0.0,20.0,0.0,1,0.0,2.0,20.0,0.0,1,0.0,1.0,20.0,0.0,1,0.0,0.0,20.0,0.0,1,0.0,2.0,20.0,0.0,1
2026-03-27 11:46:52,408.01,0.0,4.0,20.0,0.0,1,0.0,0.0,20.0,0.0,1,0.0,2.0,20.0,0.0,1,0.0,1.0,20.0,0.0,1,0.0,0.0,20.0,0.0,1,0.0,2.0,20.0,0.0,1
2026-03-27 11:46:53,408.75,0.0,4.0,20.0,0.0,1,0.0,0.0,20.0,0.0,1,0.0,2.0,20.0,0.0,1,0.0,1.0,20.0,0.0,1,0.0,0.0,20.0,0.0,1,0.0,2.0,20.0,0.0,1
2026-03-27 11:46:54,409.52,0.0,4.0,20.0,0.0,1,0.0,0.0,20.0,0.0,1,0.0,2.0,20.0,0.0,1,0.0,1.0,20.0,0.0,1,0.0,0.0,20.0,0.0,1,0.0,2.0,20.0,0.0,1
2026-03-27 11:46:55,410.26,0.0,4.0,20.0,0.0,1,0.0,0.0,20.0,0.0,1,0.0,2.0,20.0,0.0,1,0.0,1.0,20.0,0.0,1,0.0,0.0,20.0,0.0,1,0.0,2.0,20.0,0.0,1
2026-03-27 11:46:55,411.01,0.0,4.0,20.0,0.0,1,0.0,0.0,20.0,0.0,1,0.0,2.0,20.0,0.0,1,0.0,1.0,20.0,0.0,1,0.0,0.0,20.0,0.0,1,0.0,2.0,20.0,0.0,1
2026-03-27 11:46:56,411.74,0.0,4.0,20.0,0.0,1,0.0,0.0,20.0,0.0,1,0.0,2.0,20.0,0.0,1,0.0,1.0,20.0,0.0,1,0.0,0.0,20.0,0.0,1,0.0,2.0,20.0,0.0,1
2026-03-27 11:46:57,412.54,0.0,4.0,20.0,0.0,1,0.0,0.0,20.0,0.0,1,0.0,2.0,20.0,0.0,1,0.0,1.0,20.0,0.0,1,0.0,0.0,20.0,0.0,1,0.0,2.0,20.0,0.0,1
2026-03-27 11:46:58,413.27,0.0,4.0,20.0,0.0,1,0.0,0.0,20.0,0.0,1,0.0,2.0,20.0,0.0,1,0.0,1.0,20.0,0.0,1,0.0,0.0,20.0,0.0,1,0.0,2.0,20.0,0.0,1
2026-03-27 11:46:58,414.14,0.0,4.0,20.0,0.0,1,0.0,0.0,20.0,0.0,1,0.0,2.0,20.0,0.0,1,0.0,1.0,20.0,0.0,1,0.0,0.0,20.0,0.0,1,0.0,2.0,20.0,0.0,1
2026-03-27 11:46:59,414.94,0.0,4.0,20.0,0.0,1,0.0,0.0,20.0,0.0,1,0.0,2.0,20.0,0.0,1,0.0,1.0,20.0,0.0,1,0.0,0.0,20.0,0.0,1,0.0,2.0,20.0,0.0,1
2026-03-27 11:47:00,415.7,0.0,4.0,20.0,0.0,1,0.0,0.0,20.0,0.0,1,0.0,2.0,20.0,0.0,1,0.0,1.0,20.0,0.0,1,0.0,0.0,20.0,0.0,1,0.0,2.0,20.0,0.0,1
2026-03-27 11:47:01,416.49,0.0,4.0,20.0,0.0,1,0.0,0.0,20.0,0.0,1,0.0,2.0,20.0,0.0,1,0.0,1.0,20.0,0.0,1,0.0,0.0,20.0,0.0,1,0.0,2.0,20.0,0.0,1
2026-03-27 11:47:02,417.25,0.0,4.0,20.0,0.0,1,0.0,0.0,20.0,0.0,1,0.0,2.0,20.0,0.0,1,0.0,1.0,20.0,0.0,1,0.0,0.0,20.0,0.0,1,0.0,2.0,20.0,0.0,1
2026-03-27 11:47:02,418.01,0.0,4.0,20.0,0.0,1,0.0,0.0,20.0,0.0,1,0.0,2.0,20.0,0.0,1,0.0,1.0,20.0,0.0,1,0.0,0.0,20.0,0.0,1,0.0,2.0,20.0,0.0,1
2026-03-27 11:47:03,418.77,0.0,4.0,20.0,0.0,1,0.0,0.0,20.0,0.0,1,0.0,2.0,20.0,0.0,1,0.0,1.0,20.0,0.0,1,0.0,0.0,20.0,0.0,1,0.0,2.0,20.0,0.0,1
2026-03-27 11:47:04,419.51,0.0,4.0,20.0,0.0,1,0.0,0.0,20.0,0.0,1,0.0,2.0,20.0,0.0,1,0.0,1.0,20.0,0.0,1,0.0,0.0,20.0,0.0,1,0.0,2.0,20.0,0.0,1
2026-03-27 11:47:05,420.27,0.0,4.0,20.0,0.0,1,0.0,0.0,20.0,0.0,1,0.0,2.0,20.0,0.0,1,0.0,1.0,20.0,0.0,1,0.0,0.0,20.0,0.0,1,0.0,2.0,20.0,0.0,1
2026-03-27 11:47:05,421.06,0.0,4.0,20.0,0.0,1,0.0,0.0,20.0,0.0,1,0.0,2.0,20.0,0.0,1,0.0,1.0,20.0,0.0,1,0.0,0.0,20.0,0.0,1,0.0,2.0,20.0,0.0,1
2026-03-27 11:47:06,421.85,0.0,4.0,20.0,0.0,1,0.0,0.0,20.0,0.0,1,0.0,2.0,20.0,0.0,1,0.0,1.0,20.0,0.0,1,0.0,0.0,20.0,0.0,1,0.0,2.0,20.0,0.0,1
2026-03-27 11:47:07,422.68,0.0,4.0,20.0,0.0,1,0.0,0.0,20.0,0.0,1,0.0,2.0,20.0,0.0,1,0.0,1.0,20.0,0.0,1,0.0,0.0,20.0,0.0,1,0.0,2.0,20.0,0.0,1
2026-03-27 11:47:08,423.43,0.0,4.0,20.0,0.0,1,0.0,0.0,20.0,0.0,1,0.0,2.0,20.0,0.0,1,0.0,1.0,20.0,0.0,1,0.0,0.0,20.0,0.0,1,0.0,2.0,20.0,0.0,1
2026-03-27 11:47:09,424.21,0.0,4.0,20.0,0.0,1,0.0,0.0,20.0,0.0,1,0.0,2.0,20.0,0.0,1,0.0,1.0,20.0,0.0,1,0.0,0.0,20.0,0.0,1,0.0,2.0,20.0,0.0,1
2026-03-27 11:47:09,424.94,0.0,4.0,20.0,0.0,1,0.0,0.0,20.0,0.0,1,0.0,2.0,20.0,0.0,1,0.0,1.0,20.0,0.0,1,0.0,0.0,20.0,0.0,1,0.0,2.0,20.0,0.0,1
2026-03-27 11:47:10,425.75,0.0,4.0,20.0,0.0,1,0.0,0.0,20.0,0.0,1,0.0,2.0,20.0,0.0,1,0.0,1.0,20.0,0.0,1,0.0,0.0,20.0,0.0,1,0.0,2.0,20.0,0.0,1
2026-03-27 11:47:11,426.59,0.0,4.0,20.0,0.0,1,0.0,0.0,20.0,0.0,1,0.0,2.0,20.0,0.0,1,0.0,1.0,20.0,0.0,1,0.0,0.0,20.0,0.0,1,0.0,2.0,20.0,0.0,1
2026-03-27 11:47:12,427.36,0.0,4.0,20.0,0.0,1,0.0,0.0,20.0,0.0,1,0.0,2.0,20.0,0.0,1,0.0,1.0,20.0,0.0,1,0.0,0.0,20.0,0.0,1,0.0,2.0,20.0,0.0,1
2026-03-27 11:47:13,428.16,0.0,4.0,20.0,0.0,1,0.0,0.0,20.0,0.0,1,0.0,2.0,20.0,0.0,1,0.0,1.0,20.0,0.0,1,0.0,0.0,20.0,0.0,1,0.0,2.0,20.0,0.0,1
2026-03-27 11:47:13,428.91,0.0,4.0,20.0,0.0,1,0.0,0.0,20.0,0.0,1,0.0,2.0,20.0,0.0,1,0.0,1.0,20.0,0.0,1,0.0,0.0,20.0,0.0,1,0.0,2.0,20.0,0.0,1
2026-03-27 11:47:14,429.65,0.0,4.0,20.0,0.0,1,0.0,0.0,20.0,0.0,1,0.0,2.0,20.0,0.0,1,0.0,1.0,20.0,0.0,1,0.0,0.0,20.0,0.0,1,0.0,2.0,20.0,0.0,1
2026-03-27 11:47:15,430.42,0.0,4.0,20.0,0.0,1,0.0,0.0,20.0,0.0,1,0.0,2.0,20.0,0.0,1,0.0,1.0,20.0,0.0,1,0.0,0.0,20.0,0.0,1,0.0,2.0,20.0,0.0,1
2026-03-27 11:47:16,431.15,0.0,4.0,20.0,0.0,1,0.0,0.0,20.0,0.0,1,0.0,2.0,20.0,0.0,1,0.0,1.0,20.0,0.0,1,0.0,0.0,20.0,0.0,1,0.0,2.0,20.0,0.0,1
2026-03-27 11:47:16,431.89,0.0,4.0,20.0,0.0,1,0.0,0.0,20.0,0.0,1,0.0,2.0,20.0,0.0,1,0.0,1.0,20.0,0.0,1,0.0,0.0,20.0,0.0,1,0.0,2.0,20.0,0.0,1
2026-03-27 11:47:17,432.67,0.0,4.0,20.0,0.0,1,0.0,0.0,20.0,0.0,1,0.0,2.0,20.0,0.0,1,0.0,1.0,20.0,0.0,1,0.0,0.0,20.0,0.0,1,0.0,2.0,20.0,0.0,1
2026-03-27 11:47:18,433.42,0.0,4.0,20.0,0.0,1,0.0,0.0,20.0,0.0,1,0.0,2.0,20.0,0.0,1,0.0,1.0,20.0,0.0,1,0.0,0.0,20.0,0.0,1,0.0,2.0,20.0,0.0,1
2026-03-27 11:47:19,434.17,0.0,4.0,20.0,0.0,1,0.0,0.0,20.0,0.0,1,0.0,2.0,20.0,0.0,1,0.0,1.0,20.0,0.0,1,0.0,0.0,20.0,0.0,1,0.0,2.0,20.0,0.0,1
2026-03-27 11:47:19,434.9,0.0,4.0,20.0,0.0,1,0.0,0.0,20.0,0.0,1,0.0,2.0,20.0,0.0,1,0.0,1.0,20.0,0.0,1,0.0,0.0,20.0,0.0,1,0.0,2.0,20.0,0.0,1
2026-03-27 11:47:20,435.64,0.0,4.0,20.0,0.0,1,0.0,0.0,20.0,0.0,1,0.0,2.0,20.0,0.0,1,0.0,1.0,20.0,0.0,1,0.0,0.0,20.0,0.0,1,0.0,2.0,20.0,0.0,1
2026-03-27 11:47:21,436.44,0.0,4.0,20.0,0.0,1,0.0,0.0,20.0,0.0,1,0.0,2.0,20.0,0.0,1,0.0,1.0,20.0,0.0,1,0.0,0.0,20.0,0.0,1,0.0,2.0,20.0,0.0,1
2026-03-27 11:47:22,437.18,0.0,4.0,20.0,0.0,1,0.0,0.0,20.0,0.0,1,0.0,2.0,20.0,0.0,1,0.0,1.0,20.0,0.0,1,0.0,0.0,20.0,0.0,1,0.0,2.0,20.0,0.0,1
2026-03-27 11:47:22,437.91,0.0,4.0,20.0,0.0,1,0.0,0.0,20.0,0.0,1,0.0,2.0,20.0,0.0,1,0.0,1.0,20.0,0.0,1,0.0,0.0,20.0,0.0,1,0.0,2.0,20.0,0.0,1
2026-03-27 11:47:23,438.65,0.0,4.0,20.0,0.0,1,0.0,0.0,20.0,0.0,1,0.0,2.0,20.0,0.0,1,0.0,1.0,20.0,0.0,1,0.0,0.0,20.0,0.0,1,0.0,2.0,20.0,0.0,1
2026-03-27 11:47:24,439.37,0.0,4.0,20.0,0.0,1,0.0,0.0,20.0,0.0,1,0.0,2.0,20.0,0.0,1,0.0,1.0,20.0,0.0,1,0.0,0.0,20.0,0.0,1,0.0,2.0,20.0,0.0,1
2026-03-27 11:47:24,440.11,0.0,4.0,20.0,0.0,1,0.0,0.0,20.0,0.0,1,0.0,2.0,20.0,0.0,1,0.0,1.0,20.0,0.0,1,0.0,0.0,20.0,0.0,1,0.0,2.0,20.0,0.0,1
2026-03-27 11:47:25,440.86,0.0,4.0,20.0,0.0,1,0.0,0.0,20.0,0.0,1,0.0,2.0,20.0,0.0,1,0.0,1.0,20.0,0.0,1,0.0,0.0,20.0,0.0,1,0.0,2.0,20.0,0.0,1
2026-03-27 11:47:26,441.62,0.0,4.0,20.0,0.0,1,0.0,0.0,20.0,0.0,1,0.0,2.0,20.0,0.0,1,0.0,1.0,20.0,0.0,1,0.0,0.0,20.0,0.0,1,0.0,2.0,20.0,0.0,1
2026-03-27 11:47:27,442.39,0.0,4.0,20.0,0.0,1,0.0,0.0,20.0,0.0,1,0.0,2.0,20.0,0.0,1,0.0,1.0,20.0,0.0,1,0.0,0.0,20.0,0.0,1,0.0,2.0,20.0,0.0,1
2026-03-27 11:47:27,443.13,0.0,4.0,20.0,0.0,1,0.0,0.0,20.0,0.0,1,0.0,2.0,20.0,0.0,1,0.0,1.0,20.0,0.0,1,0.0,0.0,20.0,0.0,1,0.0,2.0,20.0,0.0,1
2026-03-27 11:47:28,443.87,0.0,4.0,20.0,0.0,1,0.0,0.0,20.0,0.0,1,0.0,2.0,20.0,0.0,1,0.0,1.0,20.0,0.0,1,0.0,0.0,20.0,0.0,1,0.0,2.0,20.0,0.0,1
2026-03-27 11:47:29,444.66,0.0,4.0,20.0,0.0,1,0.0,0.0,20.0,0.0,1,0.0,2.0,20.0,0.0,1,0.0,1.0,20.0,0.0,1,0.0,0.0,20.0,0.0,1,0.0,2.0,20.0,0.0,1
2026-03-27 11:47:30,445.39,0.0,4.0,20.0,0.0,1,0.0,0.0,20.0,0.0,1,0.0,2.0,20.0,0.0,1,0.0,1.0,20.0,0.0,1,0.0,0.0,20.0,0.0,1,0.0,2.0,20.0,0.0,1
2026-03-27 11:47:30,446.13,0.0,4.0,20.0,0.0,1,0.0,0.0,20.0,0.0,1,0.0,2.0,20.0,0.0,1,0.0,1.0,20.0,0.0,1,0.0,0.0,20.0,0.0,1,0.0,2.0,20.0,0.0,1
2026-03-27 11:47:31,446.87,0.0,4.0,20.0,0.0,1,0.0,0.0,20.0,0.0,1,0.0,2.0,20.0,0.0,1,0.0,1.0,20.0,0.0,1,0.0,0.0,20.0,0.0,1,0.0,2.0,20.0,0.0,1
2026-03-27 11:47:32,447.61,0.0,4.0,20.0,0.0,1,0.0,0.0,20.0,0.0,1,0.0,2.0,20.0,0.0,1,0.0,1.0,20.0,0.0,1,0.0,0.0,20.0,0.0,1,0.0,2.0,20.0,0.0,1
2026-03-27 11:47:33,448.36,0.0,4.0,20.0,0.0,1,0.0,0.0,20.0,0.0,1,0.0,2.0,20.0,0.0,1,0.0,1.0,20.0,0.0,1,0.0,0.0,20.0,0.0,1,0.0,2.0,20.0,0.0,1
2026-03-27 11:47:33,449.12,0.0,4.0,20.0,0.0,1,0.0,0.0,20.0,0.0,1,0.0,2.0,20.0,0.0,1,0.0,1.0,20.0,0.0,1,0.0,0.0,20.0,0.0,1,0.0,2.0,20.0,0.0,1
2026-03-27 11:47:34,449.86,0.0,4.0,20.0,0.0,1,0.0,0.0,20.0,0.0,1,0.0,2.0,20.0,0.0,1,0.0,1.0,20.0,0.0,1,0.0,0.0,20.0,0.0,1,0.0,2.0,20.0,0.0,1
2026-03-27 11:47:35,450.61,0.0,4.0,20.0,0.0,1,0.0,0.0,20.0,0.0,1,0.0,2.0,20.0,0.0,1,0.0,1.0,20.0,0.0,1,0.0,0.0,20.0,0.0,1,0.0,2.0,20.0,0.0,1
2026-03-27 11:47:36,451.36,0.0,4.0,20.0,0.0,1,0.0,0.0,20.0,0.0,1,0.0,2.0,20.0,0.0,1,0.0,1.0,20.0,0.0,1,0.0,0.0,20.0,0.0,1,0.0,2.0,20.0,0.0,1
2026-03-27 11:47:37,452.15,0.0,4.0,20.0,0.0,1,0.0,0.0,20.0,0.0,1,0.0,2.0,20.0,0.0,1,0.0,1.0,20.0,0.0,1,0.0,0.0,20.0,0.0,1,0.0,2.0,20.0,0.0,1
2026-03-27 11:47:37,452.93,0.0,4.0,20.0,0.0,1,0.0,0.0,20.0,0.0,1,0.0,2.0,20.0,0.0,1,0.0,1.0,20.0,0.0,1,0.0,0.0,20.0,0.0,1,0.0,2.0,20.0,0.0,1
2026-03-27 11:47:38,453.66,0.0,4.0,20.0,0.0,1,0.0,0.0,20.0,0.0,1,0.0,2.0,20.0,0.0,1,0.0,1.0,20.0,0.0,1,0.0,0.0,20.0,0.0,1,0.0,2.0,20.0,0.0,1
2026-03-27 11:47:39,454.39,0.0,4.0,20.0,0.0,1,0.0,0.0,20.0,0.0,1,0.0,2.0,20.0,0.0,1,0.0,1.0,20.0,0.0,1,0.0,0.0,20.0,0.0,1,0.0,2.0,20.0,0.0,1
2026-03-27 11:47:39,455.13,0.0,4.0,20.0,0.0,1,0.0,0.0,20.0,0.0,1,0.0,2.0,20.0,0.0,1,0.0,1.0,20.0,0.0,1,0.0,0.0,20.0,0.0,1,0.0,2.0,20.0,0.0,1
2026-03-27 11:47:40,455.87,0.0,4.0,20.0,0.0,1,0.0,0.0,20.0,0.0,1,0.0,2.0,20.0,0.0,1,0.0,1.0,20.0,0.0,1,0.0,0.0,20.0,0.0,1,0.0,2.0,20.0,0.0,1
2026-03-27 11:47:41,456.69,0.0,4.0,20.0,0.0,1,0.0,0.0,20.0,0.0,1,0.0,2.0,20.0,0.0,1,0.0,1.0,20.0,0.0,1,0.0,0.0,20.0,0.0,1,0.0,2.0,20.0,0.0,1
2026-03-27 11:47:42,457.53,0.0,4.0,20.0,0.0,1,0.0,0.0,20.0,0.0,1,0.0,2.0,20.0,0.0,1,0.0,1.0,20.0,0.0,1,0.0,0.0,20.0,0.0,1,0.0,2.0,20.0,0.0,1
2026-03-27 11:47:43,458.27,0.0,4.0,20.0,0.0,1,0.0,0.0,20.0,0.0,1,0.0,2.0,20.0,0.0,1,0.0,1.0,20.0,0.0,1,0.0,0.0,20.0,0.0,1,0.0,2.0,20.0,0.0,1
2026-03-27 11:47:43,459.03,0.0,4.0,20.0,0.0,1,0.0,0.0,20.0,0.0,1,0.0,2.0,20.0,0.0,1,0.0,1.0,20.0,0.0,1,0.0,0.0,20.0,0.0,1,0.0,2.0,20.0,0.0,1
2026-03-27 11:47:44,459.77,0.0,4.0,20.0,0.0,1,0.0,0.0,20.0,0.0,1,0.0,2.0,20.0,0.0,1,0.0,1.0,20.0,0.0,1,0.0,0.0,20.0,0.0,1,0.0,2.0,20.0,0.0,1
2026-03-27 11:47:45,460.58,0.0,4.0,20.0,0.0,1,0.0,0.0,20.0,0.0,1,0.0,2.0,20.0,0.0,1,0.0,1.0,20.0,0.0,1,0.0,0.0,20.0,0.0,1,0.0,2.0,20.0,0.0,1
2026-03-27 11:47:46,461.33,0.0,4.0,20.0,0.0,1,0.0,0.0,20.0,0.0,1,0.0,2.0,20.0,0.0,1,0.0,1.0,20.0,0.0,1,0.0,0.0,20.0,0.0,1,0.0,2.0,20.0,0.0,1
2026-03-27 11:47:47,462.18,0.0,4.0,20.0,0.0,1,0.0,0.0,20.0,0.0,1,0.0,2.0,20.0,0.0,1,0.0,1.0,20.0,0.0,1,0.0,0.0,20.0,0.0,1,0.0,2.0,20.0,0.0,1
2026-03-27 11:47:47,462.92,0.0,4.0,20.0,0.0,1,0.0,0.0,20.0,0.0,1,0.0,2.0,20.0,0.0,1,0.0,1.0,20.0,0.0,1,0.0,0.0,20.0,0.0,1,0.0,2.0,20.0,0.0,1
2026-03-27 11:47:48,463.67,0.0,4.0,20.0,0.0,1,0.0,0.0,20.0,0.0,1,0.0,2.0,20.0,0.0,1,0.0,1.0,20.0,0.0,1,0.0,0.0,20.0,0.0,1,0.0,2.0,20.0,0.0,1
2026-03-27 11:47:49,464.43,0.0,4.0,20.0,0.0,1,0.0,0.0,20.0,0.0,1,0.0,2.0,20.0,0.0,1,0.0,1.0,20.0,0.0,1,0.0,0.0,20.0,0.0,1,0.0,2.0,20.0,0.0,1
2026-03-27 11:47:50,465.17,0.0,4.0,20.0,0.0,1,0.0,0.0,20.0,0.0,1,0.0,2.0,20.0,0.0,1,0.0,1.0,20.0,0.0,1,0.0,0.0,20.0,0.0,1,0.0,2.0,20.0,0.0,1
2026-03-27 11:47:50,465.98,0.0,4.0,20.0,0.0,1,0.0,0.0,20.0,0.0,1,0.0,2.0,20.0,0.0,1,0.0,1.0,20.0,0.0,1,0.0,0.0,20.0,0.0,1,0.0,2.0,20.0,0.0,1
2026-03-27 11:47:51,466.71,0.0,4.0,20.0,0.0,1,0.0,0.0,20.0,0.0,1,0.0,2.0,20.0,0.0,1,0.0,1.0,20.0,0.0,1,0.0,0.0,20.0,0.0,1,0.0,2.0,20.0,0.0,1
2026-03-27 11:47:52,467.45,0.0,4.0,20.0,0.0,1,0.0,0.0,20.0,0.0,1,0.0,2.0,20.0,0.0,1,0.0,1.0,20.0,0.0,1,0.0,0.0,20.0,0.0,1,0.0,2.0,20.0,0.0,1
2026-03-27 11:47:53,468.19,0.0,4.0,20.0,0.0,1,0.0,0.0,20.0,0.0,1,0.0,2.0,20.0,0.0,1,0.0,1.0,20.0,0.0,1,0.0,0.0,20.0,0.0,1,0.0,2.0,20.0,0.0,1
2026-03-27 11:47:53,469.0,0.0,4.0,20.0,0.0,1,0.0,0.0,20.0,0.0,1,0.0,2.0,20.0,0.0,1,0.0,1.0,20.0,0.0,1,0.0,0.0,20.0,0.0,1,0.0,2.0,20.0,0.0,1
2026-03-27 11:47:54,469.72,0.0,4.0,20.0,0.0,1,0.0,0.0,20.0,0.0,1,0.0,2.0,20.0,0.0,1,0.0,1.0,20.0,0.0,1,0.0,0.0,20.0,0.0,1,0.0,2.0,20.0,0.0,1
2026-03-27 11:47:55,470.46,0.0,4.0,20.0,0.0,1,0.0,0.0,20.0,0.0,1,0.0,2.0,20.0,0.0,1,0.0,1.0,20.0,0.0,1,0.0,0.0,20.0,0.0,1,0.0,2.0,20.0,0.0,1
2026-03-27 11:47:56,471.2,0.0,4.0,20.0,0.0,1,0.0,0.0,20.0,0.0,1,0.0,2.0,20.0,0.0,1,0.0,1.0,20.0,0.0,1,0.0,0.0,20.0,0.0,1,0.0,2.0,20.0,0.0,1
2026-03-27 11:47:56,471.97,0.0,4.0,20.0,0.0,1,0.0,0.0,20.0,0.0,1,0.0,2.0,20.0,0.0,1,0.0,1.0,20.0,0.0,1,0.0,0.0,20.0,0.0,1,0.0,2.0,20.0,0.0,1
2026-03-27 11:47:57,472.7,0.0,4.0,20.0,0.0,1,0.0,0.0,20.0,0.0,1,0.0,2.0,20.0,0.0,1,0.0,1.0,20.0,0.0,1,0.0,0.0,20.0,0.0,1,0.0,2.0,20.0,0.0,1
2026-03-27 11:47:58,473.45,0.0,4.0,20.0,0.0,1,0.0,0.0,20.0,0.0,1,0.0,2.0,20.0,0.0,1,0.0,1.0,20.0,0.0,1,0.0,0.0,20.0,0.0,1,0.0,2.0,20.0,0.0,1
2026-03-27 11:47:59,474.24,0.0,4.0,20.0,0.0,1,0.0,0.0,20.0,0.0,1,0.0,2.0,20.0,0.0,1,0.0,1.0,20.0,0.0,1,0.0,0.0,20.0,0.0,1,0.0,2.0,20.0,0.0,1
2026-03-27 11:47:59,475.02,0.0,4.0,20.0,0.0,1,0.0,0.0,20.0,0.0,1,0.0,2.0,20.0,0.0,1,0.0,1.0,20.0,0.0,1,0.0,0.0,20.0,0.0,1,0.0,2.0,20.0,0.0,1
2026-03-27 11:48:00,475.8,0.0,4.0,20.0,0.0,1,0.0,0.0,20.0,0.0,1,0.0,2.0,20.0,0.0,1,0.0,1.0,20.0,0.0,1,0.0,0.0,20.0,0.0,1,0.0,2.0,20.0,0.0,1
2026-03-27 11:48:01,476.55,0.0,4.0,20.0,0.0,1,0.0,0.0,20.0,0.0,1,0.0,2.0,20.0,0.0,1,0.0,1.0,20.0,0.0,1,0.0,0.0,20.0,0.0,1,0.0,2.0,20.0,0.0,1
2026-03-27 11:48:02,477.39,0.0,4.0,20.0,0.0,1,0.0,0.0,20.0,0.0,1,0.0,2.0,20.0,0.0,1,0.0,1.0,20.0,0.0,1,0.0,0.0,20.0,0.0,1,0.0,2.0,20.0,0.0,1
2026-03-27 11:48:03,478.18,0.0,4.0,20.0,0.0,1,0.0,0.0,20.0,0.0,1,0.0,2.0,20.0,0.0,1,0.0,1.0,20.0,0.0,1,0.0,0.0,20.0,0.0,1,0.0,2.0,20.0,0.0,1
2026-03-27 11:48:03,479.1,0.0,4.0,20.0,0.0,1,0.0,0.0,20.0,0.0,1,0.0,2.0,20.0,0.0,1,0.0,1.0,20.0,0.0,1,0.0,0.0,20.0,0.0,1,0.0,2.0,20.0,0.0,1
2026-03-27 11:48:04,480.02,0.0,4.0,20.0,0.0,1,0.0,0.0,20.0,0.0,1,0.0,2.0,20.0,0.0,1,0.0,1.0,20.0,0.0,1,0.0,0.0,20.0,0.0,1,0.0,2.0,20.0,0.0,1
2026-03-27 11:48:05,480.89,0.0,4.0,20.0,0.0,1,0.0,0.0,20.0,0.0,1,0.0,2.0,20.0,0.0,1,0.0,1.0,20.0,0.0,1,0.0,0.0,20.0,0.0,1,0.0,2.0,20.0,0.0,1
2026-03-27 11:48:06,481.67,0.0,4.0,20.0,0.0,1,0.0,0.0,20.0,0.0,1,0.0,2.0,20.0,0.0,1,0.0,1.0,20.0,0.0,1,0.0,0.0,20.0,0.0,1,0.0,2.0,20.0,0.0,1
2026-03-27 11:48:07,482.59,0.0,4.0,20.0,0.0,1,0.0,0.0,20.0,0.0,1,0.0,2.0,20.0,0.0,1,0.0,1.0,20.0,0.0,1,0.0,0.0,20.0,0.0,1,0.0,2.0,20.0,0.0,1
2026-03-27 11:48:08,483.53,0.0,4.0,20.0,0.0,1,0.0,0.0,20.0,0.0,1,0.0,2.0,20.0,0.0,1,0.0,1.0,20.0,0.0,1,0.0,0.0,20.0,0.0,1,0.0,2.0,20.0,0.0,1
2026-03-27 11:48:09,484.29,0.0,4.0,20.0,0.0,1,0.0,0.0,20.0,0.0,1,0.0,2.0,20.0,0.0,1,0.0,1.0,20.0,0.0,1,0.0,0.0,20.0,0.0,1,0.0,2.0,20.0,0.0,1
2026-03-27 11:48:09,485.08,0.0,4.0,20.0,0.0,1,0.0,0.0,20.0,0.0,1,0.0,2.0,20.0,0.0,1,0.0,1.0,20.0,0.0,1,0.0,0.0,20.0,0.0,1,0.0,2.0,20.0,0.0,1
2026-03-27 11:48:10,485.86,0.0,4.0,20.0,0.0,1,0.0,0.0,20.0,0.0,1,0.0,2.0,20.0,0.0,1,0.0,1.0,20.0,0.0,1,0.0,0.0,20.0,0.0,1,0.0,2.0,20.0,0.0,1
2026-03-27 11:48:11,486.65,0.0,4.0,20.0,0.0,1,0.0,0.0,20.0,0.0,1,0.0,2.0,20.0,0.0,1,0.0,1.0,20.0,0.0,1,0.0,0.0,20.0,0.0,1,0.0,2.0,20.0,0.0,1
2026-03-27 11:48:12,487.45,0.0,4.0,20.0,0.0,1,0.0,0.0,20.0,0.0,1,0.0,2.0,20.0,0.0,1,0.0,1.0,20.0,0.0,1,0.0,0.0,20.0,0.0,1,0.0,2.0,20.0,0.0,1
2026-03-27 11:48:13,488.2,0.0,4.0,20.0,0.0,1,0.0,0.0,20.0,0.0,1,0.0,2.0,20.0,0.0,1,0.0,1.0,20.0,0.0,1,0.0,0.0,20.0,0.0,1,0.0,2.0,20.0,0.0,1
2026-03-27 11:48:13,488.99,0.0,4.0,20.0,0.0,1,0.0,0.0,20.0,0.0,1,0.0,2.0,20.0,0.0,1,0.0,1.0,20.0,0.0,1,0.0,0.0,20.0,0.0,1,0.0,2.0,20.0,0.0,1
2026-03-27 11:48:14,489.77,0.0,4.0,20.0,0.0,1,0.0,0.0,20.0,0.0,1,0.0,2.0,20.0,0.0,1,0.0,1.0,20.0,0.0,1,0.0,0.0,20.0,0.0,1,0.0,2.0,20.0,0.0,1
2026-03-27 11:48:15,490.58,0.0,4.0,20.0,0.0,1,0.0,0.0,20.0,0.0,1,0.0,2.0,20.0,0.0,1,0.0,1.0,20.0,0.0,1,0.0,0.0,20.0,0.0,1,0.0,2.0,20.0,0.0,1
2026-03-27 11:48:16,491.43,0.0,4.0,20.0,0.0,1,0.0,0.0,20.0,0.0,1,0.0,2.0,20.0,0.0,1,0.0,1.0,20.0,0.0,1,0.0,0.0,20.0,0.0,1,0.0,2.0,20.0,0.0,1
2026-03-27 11:48:17,492.23,0.0,4.0,20.0,0.0,1,0.0,0.0,20.0,0.0,1,0.0,2.0,20.0,0.0,1,0.0,1.0,20.0,0.0,1,0.0,0.0,20.0,0.0,1,0.0,2.0,20.0,0.0,1
2026-03-27 11:48:17,493.06,0.0,4.0,20.0,0.0,1,0.0,0.0,20.0,0.0,1,0.0,2.0,20.0,0.0,1,0.0,1.0,20.0,0.0,1,0.0,0.0,20.0,0.0,1,0.0,2.0,20.0,0.0,1
2026-03-27 11:48:18,493.89,0.0,4.0,20.0,0.0,1,0.0,0.0,20.0,0.0,1,0.0,2.0,20.0,0.0,1,0.0,1.0,20.0,0.0,1,0.0,0.0,20.0,0.0,1,0.0,2.0,20.0,0.0,1
2026-03-27 11:48:19,494.66,0.0,4.0,20.0,0.0,1,0.0,0.0,20.0,0.0,1,0.0,2.0,20.0,0.0,1,0.0,1.0,20.0,0.0,1,0.0,0.0,20.0,0.0,1,0.0,2.0,20.0,0.0,1
2026-03-27 11:48:20,495.44,0.0,4.0,20.0,0.0,1,0.0,0.0,20.0,0.0,1,0.0,2.0,20.0,0.0,1,0.0,1.0,20.0,0.0,1,0.0,0.0,20.0,0.0,1,0.0,2.0,20.0,0.0,1
2026-03-27 11:48:21,496.22,0.0,4.0,20.0,0.0,1,0.0,0.0,20.0,0.0,1,0.0,2.0,20.0,0.0,1,0.0,1.0,20.0,0.0,1,0.0,0.0,20.0,0.0,1,0.0,2.0,20.0,0.0,1
2026-03-27 11:48:21,496.97,0.0,4.0,20.0,0.0,1,0.0,0.0,20.0,0.0,1,0.0,2.0,20.0,0.0,1,0.0,1.0,20.0,0.0,1,0.0,0.0,20.0,0.0,1,0.0,2.0,20.0,0.0,1
2026-03-27 11:48:22,497.75,0.0,4.0,20.0,0.0,1,0.0,0.0,20.0,0.0,1,0.0,2.0,20.0,0.0,1,0.0,1.0,20.0,0.0,1,0.0,0.0,20.0,0.0,1,0.0,2.0,20.0,0.0,1
2026-03-27 11:48:23,498.48,0.0,4.0,20.0,0.0,1,0.0,0.0,20.0,0.0,1,0.0,2.0,20.0,0.0,1,0.0,1.0,20.0,0.0,1,0.0,0.0,20.0,0.0,1,0.0,2.0,20.0,0.0,1
2026-03-27 11:48:24,499.22,0.0,4.0,20.0,0.0,1,0.0,0.0,20.0,0.0,1,0.0,2.0,20.0,0.0,1,0.0,1.0,20.0,0.0,1,0.0,0.0,20.0,0.0,1,0.0,2.0,20.0,0.0,1
2026-03-27 11:48:24,499.97,0.0,4.0,20.0,0.0,1,0.0,0.0,20.0,0.0,1,0.0,2.0,20.0,0.0,1,0.0,1.0,20.0,0.0,1,0.0,0.0,20.0,0.0,1,0.0,2.0,20.0,0.0,1
2026-03-27 11:48:25,500.74,0.0,4.0,20.0,0.0,1,0.0,0.0,20.0,0.0,1,0.0,2.0,20.0,0.0,1,0.0,1.0,20.0,0.0,1,0.0,0.0,20.0,0.0,1,0.0,2.0,20.0,0.0,1
2026-03-27 11:48:26,501.48,0.0,4.0,20.0,0.0,1,0.0,0.0,20.0,0.0,1,0.0,2.0,20.0,0.0,1,0.0,1.0,20.0,0.0,1,0.0,0.0,20.0,0.0,1,0.0,2.0,20.0,0.0,1
2026-03-27 11:48:27,502.25,0.0,4.0,20.0,0.0,1,0.0,0.0,20.0,0.0,1,0.0,2.0,20.0,0.0,1,0.0,1.0,20.0,0.0,1,0.0,0.0,20.0,0.0,1,0.0,2.0,20.0,0.0,1
2026-03-27 11:48:27,503.06,0.0,4.0,20.0,0.0,1,0.0,0.0,20.0,0.0,1,0.0,2.0,20.0,0.0,1,0.0,1.0,20.0,0.0,1,0.0,0.0,20.0,0.0,1,0.0,2.0,20.0,0.0,1
2026-03-27 11:48:28,503.87,0.0,4.0,20.0,0.0,1,0.0,0.0,20.0,0.0,1,0.0,2.0,20.0,0.0,1,0.0,1.0,20.0,0.0,1,0.0,0.0,20.0,0.0,1,0.0,2.0,20.0,0.0,1
2026-03-27 11:48:29,504.63,0.0,4.0,20.0,0.0,1,0.0,0.0,20.0,0.0,1,0.0,2.0,20.0,0.0,1,0.0,1.0,20.0,0.0,1,0.0,0.0,20.0,0.0,1,0.0,2.0,20.0,0.0,1
2026-03-27 11:48:30,505.47,0.0,4.0,20.0,0.0,1,0.0,0.0,20.0,0.0,1,0.0,2.0,20.0,0.0,1,0.0,1.0,20.0,0.0,1,0.0,0.0,20.0,0.0,1,0.0,2.0,20.0,0.0,1
2026-03-27 11:48:31,506.27,0.0,4.0,20.0,0.0,1,0.0,0.0,20.0,0.0,1,0.0,2.0,20.0,0.0,1,0.0,1.0,20.0,0.0,1,0.0,0.0,20.0,0.0,1,0.0,2.0,20.0,0.0,1
2026-03-27 11:48:31,507.06,0.0,4.0,20.0,0.0,1,0.0,0.0,20.0,0.0,1,0.0,2.0,20.0,0.0,1,0.0,1.0,20.0,0.0,1,0.0,0.0,20.0,0.0,1,0.0,2.0,20.0,0.0,1
2026-03-27 11:48:32,507.82,0.0,4.0,20.0,0.0,1,0.0,0.0,20.0,0.0,1,0.0,2.0,20.0,0.0,1,0.0,1.0,20.0,0.0,1,0.0,0.0,20.0,0.0,1,0.0,2.0,20.0,0.0,1
2026-03-27 11:48:33,508.58,0.0,4.0,20.0,0.0,1,0.0,0.0,20.0,0.0,1,0.0,2.0,20.0,0.0,1,0.0,1.0,20.0,0.0,1,0.0,0.0,20.0,0.0,1,0.0,2.0,20.0,0.0,1
2026-03-27 11:48:34,509.34,0.0,4.0,20.0,0.0,1,0.0,0.0,20.0,0.0,1,0.0,2.0,20.0,0.0,1,0.0,1.0,20.0,0.0,1,0.0,0.0,20.0,0.0,1,0.0,2.0,20.0,0.0,1
2026-03-27 11:48:34,510.08,0.0,4.0,20.0,0.0,1,0.0,0.0,20.0,0.0,1,0.0,2.0,20.0,0.0,1,0.0,1.0,20.0,0.0,1,0.0,0.0,20.0,0.0,1,0.0,2.0,20.0,0.0,1
2026-03-27 11:48:35,510.84,0.0,4.0,20.0,0.0,1,0.0,0.0,20.0,0.0,1,0.0,2.0,20.0,0.0,1,0.0,1.0,20.0,0.0,1,0.0,0.0,20.0,0.0,1,0.0,2.0,20.0,0.0,1
2026-03-27 11:48:36,511.57,0.0,4.0,20.0,0.0,1,0.0,0.0,20.0,0.0,1,0.0,2.0,20.0,0.0,1,0.0,1.0,20.0,0.0,1,0.0,0.0,20.0,0.0,1,0.0,2.0,20.0,0.0,1
2026-03-27 11:48:37,512.31,0.0,4.0,20.0,0.0,1,0.0,0.0,20.0,0.0,1,0.0,2.0,20.0,0.0,1,0.0,1.0,20.0,0.0,1,0.0,0.0,20.0,0.0,1,0.0,2.0,20.0,0.0,1
2026-03-27 11:48:37,513.04,0.0,4.0,20.0,0.0,1,0.0,0.0,20.0,0.0,1,0.0,2.0,20.0,0.0,1,0.0,1.0,20.0,0.0,1,0.0,0.0,20.0,0.0,1,0.0,2.0,20.0,0.0,1
2026-03-27 11:48:38,513.81,0.0,4.0,20.0,0.0,1,0.0,0.0,20.0,0.0,1,0.0,2.0,20.0,0.0,1,0.0,1.0,20.0,0.0,1,0.0,0.0,20.0,0.0,1,0.0,2.0,20.0,0.0,1
2026-03-27 11:48:39,514.55,0.0,4.0,20.0,0.0,1,0.0,0.0,20.0,0.0,1,0.0,2.0,20.0,0.0,1,0.0,1.0,20.0,0.0,1,0.0,0.0,20.0,0.0,1,0.0,2.0,20.0,0.0,1
2026-03-27 11:48:40,515.29,0.0,4.0,20.0,0.0,1,0.0,0.0,20.0,0.0,1,0.0,2.0,20.0,0.0,1,0.0,1.0,20.0,0.0,1,0.0,0.0,20.0,0.0,1,0.0,2.0,20.0,0.0,1
2026-03-27 11:48:40,516.06,0.0,4.0,20.0,0.0,1,0.0,0.0,20.0,0.0,1,0.0,2.0,20.0,0.0,1,0.0,1.0,20.0,0.0,1,0.0,0.0,20.0,0.0,1,0.0,2.0,20.0,0.0,1
2026-03-27 11:48:41,516.82,0.0,4.0,20.0,0.0,1,0.0,0.0,20.0,0.0,1,0.0,2.0,20.0,0.0,1,0.0,1.0,20.0,0.0,1,0.0,0.0,20.0,0.0,1,0.0,2.0,20.0,0.0,1
2026-03-27 11:48:42,517.58,0.0,4.0,20.0,0.0,1,0.0,0.0,20.0,0.0,1,0.0,2.0,20.0,0.0,1,0.0,1.0,20.0,0.0,1,0.0,0.0,20.0,0.0,1,0.0,2.0,20.0,0.0,1
2026-03-27 11:48:43,518.31,0.0,4.0,20.0,0.0,1,0.0,0.0,20.0,0.0,1,0.0,2.0,20.0,0.0,1,0.0,1.0,20.0,0.0,1,0.0,0.0,20.0,0.0,1,0.0,2.0,20.0,0.0,1
2026-03-27 11:48:43,519.05,0.0,4.0,20.0,0.0,1,0.0,0.0,20.0,0.0,1,0.0,2.0,20.0,0.0,1,0.0,1.0,20.0,0.0,1,0.0,0.0,20.0,0.0,1,0.0,2.0,20.0,0.0,1
2026-03-27 11:48:44,519.82,0.0,4.0,20.0,0.0,1,0.0,0.0,20.0,0.0,1,0.0,2.0,20.0,0.0,1,0.0,1.0,20.0,0.0,1,0.0,0.0,20.0,0.0,1,0.0,2.0,20.0,0.0,1
2026-03-27 11:48:45,520.58,0.0,4.0,20.0,0.0,1,0.0,0.0,20.0,0.0,1,0.0,2.0,20.0,0.0,1,0.0,1.0,20.0,0.0,1,0.0,0.0,20.0,0.0,1,0.0,2.0,20.0,0.0,1
2026-03-27 11:48:46,521.33,0.0,4.0,20.0,0.0,1,0.0,0.0,20.0,0.0,1,0.0,2.0,20.0,0.0,1,0.0,1.0,20.0,0.0,1,0.0,0.0,20.0,0.0,1,0.0,2.0,20.0,0.0,1
2026-03-27 11:48:46,522.07,0.0,4.0,20.0,0.0,1,0.0,0.0,20.0,0.0,1,0.0,2.0,20.0,0.0,1,0.0,1.0,20.0,0.0,1,0.0,0.0,20.0,0.0,1,0.0,2.0,20.0,0.0,1
2026-03-27 11:48:47,522.82,0.0,4.0,20.0,0.0,1,0.0,0.0,20.0,0.0,1,0.0,2.0,20.0,0.0,1,0.0,1.0,20.0,0.0,1,0.0,0.0,20.0,0.0,1,0.0,2.0,20.0,0.0,1
2026-03-27 11:48:48,523.55,0.0,4.0,20.0,0.0,1,0.0,0.0,20.0,0.0,1,0.0,2.0,20.0,0.0,1,0.0,1.0,20.0,0.0,1,0.0,0.0,20.0,0.0,1,0.0,2.0,20.0,0.0,1
2026-03-27 11:48:49,524.29,0.0,4.0,20.0,0.0,1,0.0,0.0,20.0,0.0,1,0.0,2.0,20.0,0.0,1,0.0,1.0,20.0,0.0,1,0.0,0.0,20.0,0.0,1,0.0,2.0,20.0,0.0,1
2026-03-27 11:48:49,525.04,0.0,4.0,20.0,0.0,1,0.0,0.0,20.0,0.0,1,0.0,2.0,20.0,0.0,1,0.0,1.0,20.0,0.0,1,0.0,0.0,20.0,0.0,1,0.0,2.0,20.0,0.0,1
2026-03-27 11:48:50,525.77,0.0,4.0,20.0,0.0,1,0.0,0.0,20.0,0.0,1,0.0,2.0,20.0,0.0,1,0.0,1.0,20.0,0.0,1,0.0,0.0,20.0,0.0,1,0.0,2.0,20.0,0.0,1
2026-03-27 11:48:51,526.51,0.0,4.0,20.0,0.0,1,0.0,0.0,20.0,0.0,1,0.0,2.0,20.0,0.0,1,0.0,1.0,20.0,0.0,1,0.0,0.0,20.0,0.0,1,0.0,2.0,20.0,0.0,1
2026-03-27 11:48:52,527.24,0.0,4.0,20.0,0.0,1,0.0,0.0,20.0,0.0,1,0.0,2.0,20.0,0.0,1,0.0,1.0,20.0,0.0,1,0.0,0.0,20.0,0.0,1,0.0,2.0,20.0,0.0,1
2026-03-27 11:48:52,527.97,0.0,4.0,20.0,0.0,1,0.0,0.0,20.0,0.0,1,0.0,2.0,20.0,0.0,1,0.0,1.0,20.0,0.0,1,0.0,0.0,20.0,0.0,1,0.0,2.0,20.0,0.0,1
2026-03-27 11:48:53,528.72,0.0,4.0,20.0,0.0,1,0.0,0.0,20.0,0.0,1,0.0,2.0,20.0,0.0,1,0.0,1.0,20.0,0.0,1,0.0,0.0,20.0,0.0,1,0.0,2.0,20.0,0.0,1
2026-03-27 11:48:54,529.48,0.0,4.0,20.0,0.0,1,0.0,0.0,20.0,0.0,1,0.0,2.0,20.0,0.0,1,0.0,1.0,20.0,0.0,1,0.0,0.0,20.0,0.0,1,0.0,2.0,20.0,0.0,1
2026-03-27 11:48:55,530.21,0.0,4.0,20.0,0.0,1,0.0,0.0,20.0,0.0,1,0.0,2.0,20.0,0.0,1,0.0,1.0,20.0,0.0,1,0.0,0.0,20.0,0.0,1,0.0,2.0,20.0,0.0,1
2026-03-27 11:48:55,530.95,0.0,4.0,20.0,0.0,1,0.0,0.0,20.0,0.0,1,0.0,2.0,20.0,0.0,1,0.0,1.0,20.0,0.0,1,0.0,0.0,20.0,0.0,1,0.0,2.0,20.0,0.0,1
2026-03-27 11:48:56,531.68,0.0,4.0,20.0,0.0,1,0.0,0.0,20.0,0.0,1,0.0,2.0,20.0,0.0,1,0.0,1.0,20.0,0.0,1,0.0,0.0,20.0,0.0,1,0.0,2.0,20.0,0.0,1
2026-03-27 11:48:57,532.4,0.0,4.0,20.0,0.0,1,0.0,0.0,20.0,0.0,1,0.0,2.0,20.0,0.0,1,0.0,1.0,20.0,0.0,1,0.0,0.0,20.0,0.0,1,0.0,2.0,20.0,0.0,1
2026-03-27 11:48:58,533.15,0.0,4.0,20.0,0.0,1,0.0,0.0,20.0,0.0,1,0.0,2.0,20.0,0.0,1,0.0,1.0,20.0,0.0,1,0.0,0.0,20.0,0.0,1,0.0,2.0,20.0,0.0,1
2026-03-27 11:48:58,533.9,0.0,4.0,20.0,0.0,1,0.0,0.0,20.0,0.0,1,0.0,2.0,20.0,0.0,1,0.0,1.0,20.0,0.0,1,0.0,0.0,20.0,0.0,1,0.0,2.0,20.0,0.0,1
2026-03-27 11:48:59,534.7,0.0,4.0,20.0,0.0,1,0.0,0.0,20.0,0.0,1,0.0,2.0,20.0,0.0,1,0.0,1.0,20.0,0.0,1,0.0,0.0,20.0,0.0,1,0.0,2.0,20.0,0.0,1
2026-03-27 11:49:00,535.43,0.0,4.0,20.0,0.0,1,0.0,0.0,20.0,0.0,1,0.0,2.0,20.0,0.0,1,0.0,1.0,20.0,0.0,1,0.0,0.0,20.0,0.0,1,0.0,2.0,20.0,0.0,1
2026-03-27 11:49:01,536.17,0.0,4.0,20.0,0.0,1,0.0,0.0,20.0,0.0,1,0.0,2.0,20.0,0.0,1,0.0,1.0,20.0,0.0,1,0.0,0.0,20.0,0.0,1,0.0,2.0,20.0,0.0,1
2026-03-27 11:49:01,536.95,0.0,4.0,20.0,0.0,1,0.0,0.0,20.0,0.0,1,0.0,2.0,20.0,0.0,1,0.0,1.0,20.0,0.0,1,0.0,0.0,20.0,0.0,1,0.0,2.0,20.0,0.0,1
2026-03-27 11:49:02,537.71,0.0,4.0,20.0,0.0,1,0.0,0.0,20.0,0.0,1,0.0,2.0,20.0,0.0,1,0.0,1.0,20.0,0.0,1,0.0,0.0,20.0,0.0,1,0.0,2.0,20.0,0.0,1
2026-03-27 11:49:03,538.48,0.0,4.0,20.0,0.0,1,0.0,0.0,20.0,0.0,1,0.0,2.0,20.0,0.0,1,0.0,1.0,20.0,0.0,1,0.0,0.0,20.0,0.0,1,0.0,2.0,20.0,0.0,1
2026-03-27 11:49:04,539.25,0.0,4.0,20.0,0.0,1,0.0,0.0,20.0,0.0,1,0.0,2.0,20.0,0.0,1,0.0,1.0,20.0,0.0,1,0.0,0.0,20.0,0.0,1,0.0,2.0,20.0,0.0,1
2026-03-27 11:49:04,540.03,0.0,4.0,20.0,0.0,1,0.0,0.0,20.0,0.0,1,0.0,2.0,20.0,0.0,1,0.0,1.0,20.0,0.0,1,0.0,0.0,20.0,0.0,1,0.0,2.0,20.0,0.0,1
2026-03-27 11:49:05,540.81,0.0,4.0,20.0,0.0,1,0.0,0.0,20.0,0.0,1,0.0,2.0,20.0,0.0,1,0.0,1.0,20.0,0.0,1,0.0,0.0,20.0,0.0,1,0.0,2.0,20.0,0.0,1
2026-03-27 11:49:06,541.54,0.0,4.0,20.0,0.0,1,0.0,0.0,20.0,0.0,1,0.0,2.0,20.0,0.0,1,0.0,1.0,20.0,0.0,1,0.0,0.0,20.0,0.0,1,0.0,2.0,20.0,0.0,1
2026-03-27 11:49:07,542.28,0.0,4.0,20.0,0.0,1,0.0,0.0,20.0,0.0,1,0.0,2.0,20.0,0.0,1,0.0,1.0,20.0,0.0,1,0.0,0.0,20.0,0.0,1,0.0,2.0,20.0,0.0,1
2026-03-27 11:49:07,543.07,0.0,4.0,20.0,0.0,1,0.0,0.0,20.0,0.0,1,0.0,2.0,20.0,0.0,1,0.0,1.0,20.0,0.0,1,0.0,0.0,20.0,0.0,1,0.0,2.0,20.0,0.0,1
2026-03-27 11:49:08,543.84,0.0,4.0,20.0,0.0,1,0.0,0.0,20.0,0.0,1,0.0,2.0,20.0,0.0,1,0.0,1.0,20.0,0.0,1,0.0,0.0,20.0,0.0,1,0.0,2.0,20.0,0.0,1
2026-03-27 11:49:09,544.59,0.0,4.0,20.0,0.0,1,0.0,0.0,20.0,0.0,1,0.0,2.0,20.0,0.0,1,0.0,1.0,20.0,0.0,1,0.0,0.0,20.0,0.0,1,0.0,2.0,20.0,0.0,1
2026-03-27 11:49:10,545.33,0.0,4.0,20.0,0.0,1,0.0,0.0,20.0,0.0,1,0.0,2.0,20.0,0.0,1,0.0,1.0,20.0,0.0,1,0.0,0.0,20.0,0.0,1,0.0,2.0,20.0,0.0,1
2026-03-27 11:49:10,546.09,0.0,4.0,20.0,0.0,1,0.0,0.0,20.0,0.0,1,0.0,2.0,20.0,0.0,1,0.0,1.0,20.0,0.0,1,0.0,0.0,20.0,0.0,1,0.0,2.0,20.0,0.0,1
2026-03-27 11:49:11,546.89,0.0,4.0,20.0,0.0,1,0.0,0.0,20.0,0.0,1,0.0,2.0,20.0,0.0,1,0.0,1.0,20.0,0.0,1,0.0,0.0,20.0,0.0,1,0.0,2.0,20.0,0.0,1
2026-03-27 11:49:12,547.64,0.0,4.0,20.0,0.0,1,0.0,0.0,20.0,0.0,1,0.0,2.0,20.0,0.0,1,0.0,1.0,20.0,0.0,1,0.0,0.0,20.0,0.0,1,0.0,2.0,20.0,0.0,1
2026-03-27 11:49:13,548.37,0.0,4.0,20.0,0.0,1,0.0,0.0,20.0,0.0,1,0.0,2.0,20.0,0.0,1,0.0,1.0,20.0,0.0,1,0.0,0.0,20.0,0.0,1,0.0,2.0,20.0,0.0,1
2026-03-27 11:49:13,549.11,0.0,4.0,20.0,0.0,1,0.0,0.0,20.0,0.0,1,0.0,2.0,20.0,0.0,1,0.0,1.0,20.0,0.0,1,0.0,0.0,20.0,0.0,1,0.0,2.0,20.0,0.0,1
2026-03-27 11:49:14,549.85,0.0,4.0,20.0,0.0,1,0.0,0.0,20.0,0.0,1,0.0,2.0,20.0,0.0,1,0.0,1.0,20.0,0.0,1,0.0,0.0,20.0,0.0,1,0.0,2.0,20.0,0.0,1
2026-03-27 11:49:15,550.61,0.0,4.0,20.0,0.0,1,0.0,0.0,20.0,0.0,1,0.0,2.0,20.0,0.0,1,0.0,1.0,20.0,0.0,1,0.0,0.0,20.0,0.0,1,0.0,2.0,20.0,0.0,1
2026-03-27 11:49:16,551.4,0.0,4.0,20.0,0.0,1,0.0,0.0,20.0,0.0,1,0.0,2.0,20.0,0.0,1,0.0,1.0,20.0,0.0,1,0.0,0.0,20.0,0.0,1,0.0,2.0,20.0,0.0,1
2026-03-27 11:49:17,552.17,0.0,4.0,20.0,0.0,1,0.0,0.0,20.0,0.0,1,0.0,2.0,20.0,0.0,1,0.0,1.0,20.0,0.0,1,0.0,0.0,20.0,0.0,1,0.0,2.0,20.0,0.0,1
2026-03-27 11:49:17,552.91,0.0,4.0,20.0,0.0,1,0.0,0.0,20.0,0.0,1,0.0,2.0,20.0,0.0,1,0.0,1.0,20.0,0.0,1,0.0,0.0,20.0,0.0,1,0.0,2.0,20.0,0.0,1
2026-03-27 11:49:18,553.65,0.0,4.0,20.0,0.0,1,0.0,0.0,20.0,0.0,1,0.0,2.0,20.0,0.0,1,0.0,1.0,20.0,0.0,1,0.0,0.0,20.0,0.0,1,0.0,2.0,20.0,0.0,1
2026-03-27 11:49:19,554.42,0.0,4.0,20.0,0.0,1,0.0,0.0,20.0,0.0,1,0.0,2.0,20.0,0.0,1,0.0,1.0,20.0,0.0,1,0.0,0.0,20.0,0.0,1,0.0,2.0,20.0,0.0,1
2026-03-27 11:49:20,555.19,0.0,4.0,20.0,0.0,1,0.0,0.0,20.0,0.0,1,0.0,2.0,20.0,0.0,1,0.0,1.0,20.0,0.0,1,0.0,0.0,20.0,0.0,1,0.0,2.0,20.0,0.0,1
2026-03-27 11:49:20,555.93,0.0,4.0,20.0,0.0,1,0.0,0.0,20.0,0.0,1,0.0,2.0,20.0,0.0,1,0.0,1.0,20.0,0.0,1,0.0,0.0,20.0,0.0,1,0.0,2.0,20.0,0.0,1
2026-03-27 11:49:21,556.67,0.0,4.0,20.0,0.0,1,0.0,0.0,20.0,0.0,1,0.0,2.0,20.0,0.0,1,0.0,1.0,20.0,0.0,1,0.0,0.0,20.0,0.0,1,0.0,2.0,20.0,0.0,1
2026-03-27 11:49:22,557.43,0.0,4.0,20.0,0.0,1,0.0,0.0,20.0,0.0,1,0.0,2.0,20.0,0.0,1,0.0,1.0,20.0,0.0,1,0.0,0.0,20.0,0.0,1,0.0,2.0,20.0,0.0,1
2026-03-27 11:49:23,558.17,0.0,4.0,20.0,0.0,1,0.0,0.0,20.0,0.0,1,0.0,2.0,20.0,0.0,1,0.0,1.0,20.0,0.0,1,0.0,0.0,20.0,0.0,1,0.0,2.0,20.0,0.0,1
2026-03-27 11:49:23,558.93,0.0,4.0,20.0,0.0,1,0.0,0.0,20.0,0.0,1,0.0,2.0,20.0,0.0,1,0.0,1.0,20.0,0.0,1,0.0,0.0,20.0,0.0,1,0.0,2.0,20.0,0.0,1
2026-03-27 11:49:24,559.71,0.0,4.0,20.0,0.0,1,0.0,0.0,20.0,0.0,1,0.0,2.0,20.0,0.0,1,0.0,1.0,20.0,0.0,1,0.0,0.0,20.0,0.0,1,0.0,2.0,20.0,0.0,1
2026-03-27 11:49:25,560.55,0.0,4.0,20.0,0.0,1,0.0,0.0,20.0,0.0,1,0.0,2.0,20.0,0.0,1,0.0,1.0,20.0,0.0,1,0.0,0.0,20.0,0.0,1,0.0,2.0,20.0,0.0,1
2026-03-27 11:49:26,561.34,0.0,4.0,20.0,0.0,1,0.0,0.0,20.0,0.0,1,0.0,2.0,20.0,0.0,1,0.0,1.0,20.0,0.0,1,0.0,0.0,20.0,0.0,1,0.0,2.0,20.0,0.0,1
2026-03-27 11:49:26,562.12,0.0,4.0,20.0,0.0,1,0.0,0.0,20.0,0.0,1,0.0,2.0,20.0,0.0,1,0.0,1.0,20.0,0.0,1,0.0,0.0,20.0,0.0,1,0.0,2.0,20.0,0.0,1
2026-03-27 11:49:27,562.88,0.0,4.0,20.0,0.0,1,0.0,0.0,20.0,0.0,1,0.0,2.0,20.0,0.0,1,0.0,1.0,20.0,0.0,1,0.0,0.0,20.0,0.0,1,0.0,2.0,20.0,0.0,1
2026-03-27 11:49:28,563.64,0.0,4.0,20.0,0.0,1,0.0,0.0,20.0,0.0,1,0.0,2.0,20.0,0.0,1,0.0,1.0,20.0,0.0,1,0.0,0.0,20.0,0.0,1,0.0,2.0,20.0,0.0,1
2026-03-27 11:49:29,564.4,0.0,4.0,20.0,0.0,1,0.0,0.0,20.0,0.0,1,0.0,2.0,20.0,0.0,1,0.0,1.0,20.0,0.0,1,0.0,0.0,20.0,0.0,1,0.0,2.0,20.0,0.0,1
2026-03-27 11:49:30,565.18,0.0,4.0,20.0,0.0,1,0.0,0.0,20.0,0.0,1,0.0,2.0,20.0,0.0,1,0.0,1.0,20.0,0.0,1,0.0,0.0,20.0,0.0,1,0.0,2.0,20.0,0.0,1
2026-03-27 11:49:30,565.99,0.0,4.0,20.0,0.0,1,0.0,0.0,20.0,0.0,1,0.0,2.0,20.0,0.0,1,0.0,1.0,20.0,0.0,1,0.0,0.0,20.0,0.0,1,0.0,2.0,20.0,0.0,1
2026-03-27 11:49:31,566.74,0.0,4.0,20.0,0.0,1,0.0,0.0,20.0,0.0,1,0.0,2.0,20.0,0.0,1,0.0,1.0,20.0,0.0,1,0.0,0.0,20.0,0.0,1,0.0,2.0,20.0,0.0,1
2026-03-27 11:49:32,567.54,0.0,4.0,20.0,0.0,1,0.0,0.0,20.0,0.0,1,0.0,2.0,20.0,0.0,1,0.0,1.0,20.0,0.0,1,0.0,0.0,20.0,0.0,1,0.0,2.0,20.0,0.0,1
2026-03-27 11:49:33,568.29,0.0,4.0,20.0,0.0,1,0.0,0.0,20.0,0.0,1,0.0,2.0,20.0,0.0,1,0.0,1.0,20.0,0.0,1,0.0,0.0,20.0,0.0,1,0.0,2.0,20.0,0.0,1
2026-03-27 11:49:33,569.05,0.0,4.0,20.0,0.0,1,0.0,0.0,20.0,0.0,1,0.0,2.0,20.0,0.0,1,0.0,1.0,20.0,0.0,1,0.0,0.0,20.0,0.0,1,0.0,2.0,20.0,0.0,1
2026-03-27 11:49:34,569.82,0.0,4.0,20.0,0.0,1,0.0,0.0,20.0,0.0,1,0.0,2.0,20.0,0.0,1,0.0,1.0,20.0,0.0,1,0.0,0.0,20.0,0.0,1,0.0,2.0,20.0,0.0,1
2026-03-27 11:49:35,570.58,0.0,4.0,20.0,0.0,1,0.0,0.0,20.0,0.0,1,0.0,2.0,20.0,0.0,1,0.0,1.0,20.0,0.0,1,0.0,0.0,20.0,0.0,1,0.0,2.0,20.0,0.0,1
2026-03-27 11:49:36,571.36,0.0,4.0,20.0,0.0,1,0.0,0.0,20.0,0.0,1,0.0,2.0,20.0,0.0,1,0.0,1.0,20.0,0.0,1,0.0,0.0,20.0,0.0,1,0.0,2.0,20.0,0.0,1
2026-03-27 11:49:37,572.18,0.0,4.0,20.0,0.0,1,0.0,0.0,20.0,0.0,1,0.0,2.0,20.0,0.0,1,0.0,1.0,20.0,0.0,1,0.0,0.0,20.0,0.0,1,0.0,2.0,20.0,0.0,1
2026-03-27 11:49:37,572.93,0.0,4.0,20.0,0.0,1,0.0,0.0,20.0,0.0,1,0.0,2.0,20.0,0.0,1,0.0,1.0,20.0,0.0,1,0.0,0.0,20.0,0.0,1,0.0,2.0,20.0,0.0,1
2026-03-27 11:49:38,573.68,0.0,4.0,20.0,0.0,1,0.0,0.0,20.0,0.0,1,0.0,2.0,20.0,0.0,1,0.0,1.0,20.0,0.0,1,0.0,0.0,20.0,0.0,1,0.0,2.0,20.0,0.0,1
2026-03-27 11:49:39,574.46,0.0,4.0,20.0,0.0,1,0.0,0.0,20.0,0.0,1,0.0,2.0,20.0,0.0,1,0.0,1.0,20.0,0.0,1,0.0,0.0,20.0,0.0,1,0.0,2.0,20.0,0.0,1
2026-03-27 11:49:40,575.2,0.0,4.0,20.0,0.0,1,0.0,0.0,20.0,0.0,1,0.0,2.0,20.0,0.0,1,0.0,1.0,20.0,0.0,1,0.0,0.0,20.0,0.0,1,0.0,2.0,20.0,0.0,1
2026-03-27 11:49:40,575.94,0.0,4.0,20.0,0.0,1,0.0,0.0,20.0,0.0,1,0.0,2.0,20.0,0.0,1,0.0,1.0,20.0,0.0,1,0.0,0.0,20.0,0.0,1,0.0,2.0,20.0,0.0,1
2026-03-27 11:49:41,576.67,0.0,4.0,20.0,0.0,1,0.0,0.0,20.0,0.0,1,0.0,2.0,20.0,0.0,1,0.0,1.0,20.0,0.0,1,0.0,0.0,20.0,0.0,1,0.0,2.0,20.0,0.0,1
2026-03-27 11:49:42,577.41,0.0,4.0,20.0,0.0,1,0.0,0.0,20.0,0.0,1,0.0,2.0,20.0,0.0,1,0.0,1.0,20.0,0.0,1,0.0,0.0,20.0,0.0,1,0.0,2.0,20.0,0.0,1
2026-03-27 11:49:43,578.15,0.0,4.0,20.0,0.0,1,0.0,0.0,20.0,0.0,1,0.0,2.0,20.0,0.0,1,0.0,1.0,20.0,0.0,1,0.0,0.0,20.0,0.0,1,0.0,2.0,20.0,0.0,1
2026-03-27 11:49:43,578.9,0.0,4.0,20.0,0.0,1,0.0,0.0,20.0,0.0,1,0.0,2.0,20.0,0.0,1,0.0,1.0,20.0,0.0,1,0.0,0.0,20.0,0.0,1,0.0,2.0,20.0,0.0,1
2026-03-27 11:49:44,579.64,0.0,4.0,20.0,0.0,1,0.0,0.0,20.0,0.0,1,0.0,2.0,20.0,0.0,1,0.0,1.0,20.0,0.0,1,0.0,0.0,20.0,0.0,1,0.0,2.0,20.0,0.0,1
2026-03-27 11:49:45,580.38,0.0,4.0,20.0,0.0,1,0.0,0.0,20.0,0.0,1,0.0,2.0,20.0,0.0,1,0.0,1.0,20.0,0.0,1,0.0,0.0,20.0,0.0,1,0.0,2.0,20.0,0.0,1
2026-03-27 11:49:45,581.11,0.0,4.0,20.0,0.0,1,0.0,0.0,20.0,0.0,1,0.0,2.0,20.0,0.0,1,0.0,1.0,20.0,0.0,1,0.0,0.0,20.0,0.0,1,0.0,2.0,20.0,0.0,1
2026-03-27 11:49:46,581.88,0.0,4.0,20.0,0.0,1,0.0,0.0,20.0,0.0,1,0.0,2.0,20.0,0.0,1,0.0,1.0,20.0,0.0,1,0.0,0.0,20.0,0.0,1,0.0,2.0,20.0,0.0,1
2026-03-27 11:49:47,582.62,0.0,4.0,20.0,0.0,1,0.0,0.0,20.0,0.0,1,0.0,2.0,20.0,0.0,1,0.0,1.0,20.0,0.0,1,0.0,0.0,20.0,0.0,1,0.0,2.0,20.0,0.0,1
2026-03-27 11:49:48,583.37,0.0,4.0,20.0,0.0,1,0.0,0.0,20.0,0.0,1,0.0,2.0,20.0,0.0,1,0.0,1.0,20.0,0.0,1,0.0,0.0,20.0,0.0,1,0.0,2.0,20.0,0.0,1
2026-03-27 11:49:48,584.11,0.0,4.0,20.0,0.0,1,0.0,0.0,20.0,0.0,1,0.0,2.0,20.0,0.0,1,0.0,1.0,20.0,0.0,1,0.0,0.0,20.0,0.0,1,0.0,2.0,20.0,0.0,1
2026-03-27 11:49:49,585.02,0.0,4.0,20.0,0.0,1,0.0,0.0,20.0,0.0,1,0.0,2.0,20.0,0.0,1,0.0,1.0,20.0,0.0,1,0.0,0.0,20.0,0.0,1,0.0,2.0,20.0,0.0,1
2026-03-27 11:49:50,585.78,0.0,4.0,20.0,0.0,1,0.0,0.0,20.0,0.0,1,0.0,2.0,20.0,0.0,1,0.0,1.0,20.0,0.0,1,0.0,0.0,20.0,0.0,1,0.0,2.0,20.0,0.0,1
2026-03-27 11:49:51,586.51,0.0,4.0,20.0,0.0,1,0.0,0.0,20.0,0.0,1,0.0,2.0,20.0,0.0,1,0.0,1.0,20.0,0.0,1,0.0,0.0,20.0,0.0,1,0.0,2.0,20.0,0.0,1
2026-03-27 11:49:52,587.24,0.0,4.0,20.0,0.0,1,0.0,0.0,20.0,0.0,1,0.0,2.0,20.0,0.0,1,0.0,1.0,20.0,0.0,1,0.0,0.0,20.0,0.0,1,0.0,2.0,20.0,0.0,1
2026-03-27 11:49:52,587.99,0.0,4.0,20.0,0.0,1,0.0,0.0,20.0,0.0,1,0.0,2.0,20.0,0.0,1,0.0,1.0,20.0,0.0,1,0.0,0.0,20.0,0.0,1,0.0,2.0,20.0,0.0,1
2026-03-27 11:49:53,588.72,0.0,4.0,20.0,0.0,1,0.0,0.0,20.0,0.0,1,0.0,2.0,20.0,0.0,1,0.0,1.0,20.0,0.0,1,0.0,0.0,20.0,0.0,1,0.0,2.0,20.0,0.0,1
2026-03-27 11:49:54,589.45,0.0,4.0,20.0,0.0,1,0.0,0.0,20.0,0.0,1,0.0,2.0,20.0,0.0,1,0.0,1.0,20.0,0.0,1,0.0,0.0,20.0,0.0,1,0.0,2.0,20.0,0.0,1
2026-03-27 11:49:55,590.2,0.0,4.0,20.0,0.0,1,0.0,0.0,20.0,0.0,1,0.0,2.0,20.0,0.0,1,0.0,1.0,20.0,0.0,1,0.0,0.0,20.0,0.0,1,0.0,2.0,20.0,0.0,1
2026-03-27 11:49:55,590.97,0.0,4.0,20.0,0.0,1,0.0,0.0,20.0,0.0,1,0.0,2.0,20.0,0.0,1,0.0,1.0,20.0,0.0,1,0.0,0.0,20.0,0.0,1,0.0,2.0,20.0,0.0,1
2026-03-27 11:49:56,591.69,0.0,4.0,20.0,0.0,1,0.0,0.0,20.0,0.0,1,0.0,2.0,20.0,0.0,1,0.0,1.0,20.0,0.0,1,0.0,0.0,20.0,0.0,1,0.0,2.0,20.0,0.0,1
2026-03-27 11:49:57,592.43,0.0,4.0,20.0,0.0,1,0.0,0.0,20.0,0.0,1,0.0,2.0,20.0,0.0,1,0.0,1.0,20.0,0.0,1,0.0,0.0,20.0,0.0,1,0.0,2.0,20.0,0.0,1
2026-03-27 11:49:58,593.18,0.0,4.0,20.0,0.0,1,0.0,0.0,20.0,0.0,1,0.0,2.0,20.0,0.0,1,0.0,1.0,20.0,0.0,1,0.0,0.0,20.0,0.0,1,0.0,2.0,20.0,0.0,1
2026-03-27 11:49:58,593.91,0.0,4.0,20.0,0.0,1,0.0,0.0,20.0,0.0,1,0.0,2.0,20.0,0.0,1,0.0,1.0,20.0,0.0,1,0.0,0.0,20.0,0.0,1,0.0,2.0,20.0,0.0,1
2026-03-27 11:49:59,594.63,0.0,4.0,20.0,0.0,1,0.0,0.0,20.0,0.0,1,0.0,2.0,20.0,0.0,1,0.0,1.0,20.0,0.0,1,0.0,0.0,20.0,0.0,1,0.0,2.0,20.0,0.0,1
2026-03-27 11:50:00,595.35,0.0,4.0,20.0,0.0,1,0.0,0.0,20.0,0.0,1,0.0,2.0,20.0,0.0,1,0.0,1.0,20.0,0.0,1,0.0,0.0,20.0,0.0,1,0.0,2.0,20.0,0.0,1
2026-03-27 11:50:00,596.1,0.0,4.0,20.0,0.0,1,0.0,0.0,20.0,0.0,1,0.0,2.0,20.0,0.0,1,0.0,1.0,20.0,0.0,1,0.0,0.0,20.0,0.0,1,0.0,2.0,20.0,0.0,1
2026-03-27 11:50:01,596.87,0.0,4.0,20.0,0.0,1,0.0,0.0,20.0,0.0,1,0.0,2.0,20.0,0.0,1,0.0,1.0,20.0,0.0,1,0.0,0.0,20.0,0.0,1,0.0,2.0,20.0,0.0,1
2026-03-27 11:50:02,597.6,0.0,4.0,20.0,0.0,1,0.0,0.0,20.0,0.0,1,0.0,2.0,20.0,0.0,1,0.0,1.0,20.0,0.0,1,0.0,0.0,20.0,0.0,1,0.0,2.0,20.0,0.0,1
2026-03-27 11:50:03,598.37,0.0,4.0,20.0,0.0,1,0.0,0.0,20.0,0.0,1,0.0,2.0,20.0,0.0,1,0.0,1.0,20.0,0.0,1,0.0,0.0,20.0,0.0,1,0.0,2.0,20.0,0.0,1
2026-03-27 11:50:03,599.14,0.0,4.0,20.0,0.0,1,0.0,0.0,20.0,0.0,1,0.0,2.0,20.0,0.0,1,0.0,1.0,20.0,0.0,1,0.0,0.0,20.0,0.0,1,0.0,2.0,20.0,0.0,1
2026-03-27 11:50:04,599.89,0.0,4.0,20.0,0.0,1,0.0,0.0,20.0,0.0,1,0.0,2.0,20.0,0.0,1,0.0,1.0,20.0,0.0,1,0.0,0.0,20.0,0.0,1,0.0,2.0,20.0,0.0,1
2026-03-27 11:50:05,600.63,0.0,4.0,20.0,0.0,1,0.0,0.0,20.0,0.0,1,0.0,2.0,20.0,0.0,1,0.0,1.0,20.0,0.0,1,0.0,0.0,20.0,0.0,1,0.0,2.0,20.0,0.0,1
2026-03-27 11:50:06,601.4,0.0,4.0,20.0,0.0,1,0.0,0.0,20.0,0.0,1,0.0,2.0,20.0,0.0,1,0.0,1.0,20.0,0.0,1,0.0,0.0,20.0,0.0,1,0.0,2.0,20.0,0.0,1
2026-03-27 11:50:06,602.13,0.0,4.0,20.0,0.0,1,0.0,0.0,20.0,0.0,1,0.0,2.0,20.0,0.0,1,0.0,1.0,20.0,0.0,1,0.0,0.0,20.0,0.0,1,0.0,2.0,20.0,0.0,1
2026-03-27 11:50:07,602.87,0.0,4.0,20.0,0.0,1,0.0,0.0,20.0,0.0,1,0.0,2.0,20.0,0.0,1,0.0,1.0,20.0,0.0,1,0.0,0.0,20.0,0.0,1,0.0,2.0,20.0,0.0,1
2026-03-27 11:50:08,603.6,0.0,4.0,20.0,0.0,1,0.0,0.0,20.0,0.0,1,0.0,2.0,20.0,0.0,1,0.0,1.0,20.0,0.0,1,0.0,0.0,20.0,0.0,1,0.0,2.0,20.0,0.0,1
2026-03-27 11:50:09,604.34,0.0,4.0,20.0,0.0,1,0.0,0.0,20.0,0.0,1,0.0,2.0,20.0,0.0,1,0.0,1.0,20.0,0.0,1,0.0,0.0,20.0,0.0,1,0.0,2.0,20.0,0.0,1
2026-03-27 11:50:09,605.12,0.0,4.0,20.0,0.0,1,0.0,0.0,20.0,0.0,1,0.0,2.0,20.0,0.0,1,0.0,1.0,20.0,0.0,1,0.0,0.0,20.0,0.0,1,0.0,2.0,20.0,0.0,1
2026-03-27 11:50:10,605.87,0.0,4.0,20.0,0.0,1,0.0,0.0,20.0,0.0,1,0.0,2.0,20.0,0.0,1,0.0,1.0,20.0,0.0,1,0.0,0.0,20.0,0.0,1,0.0,2.0,20.0,0.0,1
2026-03-27 11:50:11,606.61,0.0,4.0,20.0,0.0,1,0.0,0.0,20.0,0.0,1,0.0,2.0,20.0,0.0,1,0.0,1.0,20.0,0.0,1,0.0,0.0,20.0,0.0,1,0.0,2.0,20.0,0.0,1
2026-03-27 11:50:12,607.34,0.0,4.0,20.0,0.0,1,0.0,0.0,20.0,0.0,1,0.0,2.0,20.0,0.0,1,0.0,1.0,20.0,0.0,1,0.0,0.0,20.0,0.0,1,0.0,2.0,20.0,0.0,1
2026-03-27 11:50:12,608.09,0.0,4.0,20.0,0.0,1,0.0,0.0,20.0,0.0,1,0.0,2.0,20.0,0.0,1,0.0,1.0,20.0,0.0,1,0.0,0.0,20.0,0.0,1,0.0,2.0,20.0,0.0,1
2026-03-27 11:50:13,608.85,0.0,4.0,20.0,0.0,1,0.0,0.0,20.0,0.0,1,0.0,2.0,20.0,0.0,1,0.0,1.0,20.0,0.0,1,0.0,0.0,20.0,0.0,1,0.0,2.0,20.0,0.0,1
2026-03-27 11:50:14,609.57,0.0,4.0,20.0,0.0,1,0.0,0.0,20.0,0.0,1,0.0,2.0,20.0,0.0,1,0.0,1.0,20.0,0.0,1,0.0,0.0,20.0,0.0,1,0.0,2.0,20.0,0.0,1
2026-03-27 11:50:15,610.31,0.0,4.0,20.0,0.0,1,0.0,0.0,20.0,0.0,1,0.0,2.0,20.0,0.0,1,0.0,1.0,20.0,0.0,1,0.0,0.0,20.0,0.0,1,0.0,2.0,20.0,0.0,1
2026-03-27 11:50:15,611.07,0.0,4.0,20.0,0.0,1,0.0,0.0,20.0,0.0,1,0.0,2.0,20.0,0.0,1,0.0,1.0,20.0,0.0,1,0.0,0.0,20.0,0.0,1,0.0,2.0,20.0,0.0,1
2026-03-27 11:50:16,611.8,0.0,4.0,20.0,0.0,1,0.0,0.0,20.0,0.0,1,0.0,2.0,20.0,0.0,1,0.0,1.0,20.0,0.0,1,0.0,0.0,20.0,0.0,1,0.0,2.0,20.0,0.0,1
2026-03-27 11:50:17,612.54,0.0,4.0,20.0,0.0,1,0.0,0.0,20.0,0.0,1,0.0,2.0,20.0,0.0,1,0.0,1.0,20.0,0.0,1,0.0,0.0,20.0,0.0,1,0.0,2.0,20.0,0.0,1
2026-03-27 11:50:18,613.31,0.0,4.0,20.0,0.0,1,0.0,0.0,20.0,0.0,1,0.0,2.0,20.0,0.0,1,0.0,1.0,20.0,0.0,1,0.0,0.0,20.0,0.0,1,0.0,2.0,20.0,0.0,1
2026-03-27 11:50:18,614.05,0.0,4.0,20.0,0.0,1,0.0,0.0,20.0,0.0,1,0.0,2.0,20.0,0.0,1,0.0,1.0,20.0,0.0,1,0.0,0.0,20.0,0.0,1,0.0,2.0,20.0,0.0,1
2026-03-27 11:50:19,614.8,0.0,4.0,20.0,0.0,1,0.0,0.0,20.0,0.0,1,0.0,2.0,20.0,0.0,1,0.0,1.0,20.0,0.0,1,0.0,0.0,20.0,0.0,1,0.0,2.0,20.0,0.0,1
2026-03-27 11:50:20,615.53,0.0,4.0,20.0,0.0,1,0.0,0.0,20.0,0.0,1,0.0,2.0,20.0,0.0,1,0.0,1.0,20.0,0.0,1,0.0,0.0,20.0,0.0,1,0.0,2.0,20.0,0.0,1
2026-03-27 11:50:21,616.26,0.0,4.0,20.0,0.0,1,0.0,0.0,20.0,0.0,1,0.0,2.0,20.0,0.0,1,0.0,1.0,20.0,0.0,1,0.0,0.0,20.0,0.0,1,0.0,2.0,20.0,0.0,1
2026-03-27 11:50:21,616.99,0.0,4.0,20.0,0.0,1,0.0,0.0,20.0,0.0,1,0.0,2.0,20.0,0.0,1,0.0,1.0,20.0,0.0,1,0.0,0.0,20.0,0.0,1,0.0,2.0,20.0,0.0,1
2026-03-27 11:50:22,617.73,0.0,4.0,20.0,0.0,1,0.0,0.0,20.0,0.0,1,0.0,2.0,20.0,0.0,1,0.0,1.0,20.0,0.0,1,0.0,0.0,20.0,0.0,1,0.0,2.0,20.0,0.0,1
2026-03-27 11:50:23,618.48,0.0,4.0,20.0,0.0,1,0.0,0.0,20.0,0.0,1,0.0,2.0,20.0,0.0,1,0.0,1.0,20.0,0.0,1,0.0,0.0,20.0,0.0,1,0.0,2.0,20.0,0.0,1
2026-03-27 11:50:24,619.23,0.0,4.0,20.0,0.0,1,0.0,0.0,20.0,0.0,1,0.0,2.0,20.0,0.0,1,0.0,1.0,20.0,0.0,1,0.0,0.0,20.0,0.0,1,0.0,2.0,20.0,0.0,1
2026-03-27 11:50:24,620.0,0.0,4.0,20.0,0.0,1,0.0,0.0,20.0,0.0,1,0.0,2.0,20.0,0.0,1,0.0,1.0,20.0,0.0,1,0.0,0.0,20.0,0.0,1,0.0,2.0,20.0,0.0,1
2026-03-27 11:50:25,620.72,0.0,4.0,20.0,0.0,1,0.0,0.0,20.0,0.0,1,0.0,2.0,20.0,0.0,1,0.0,1.0,20.0,0.0,1,0.0,0.0,20.0,0.0,1,0.0,2.0,20.0,0.0,1
2026-03-27 11:50:26,621.47,0.0,4.0,20.0,0.0,1,0.0,0.0,20.0,0.0,1,0.0,2.0,20.0,0.0,1,0.0,1.0,20.0,0.0,1,0.0,0.0,20.0,0.0,1,0.0,2.0,20.0,0.0,1
2026-03-27 11:50:27,622.21,0.0,4.0,20.0,0.0,1,0.0,0.0,20.0,0.0,1,0.0,2.0,20.0,0.0,1,0.0,1.0,20.0,0.0,1,0.0,0.0,20.0,0.0,1,0.0,2.0,20.0,0.0,1
2026-03-27 11:50:27,622.99,0.0,4.0,20.0,0.0,1,0.0,0.0,20.0,0.0,1,0.0,2.0,20.0,0.0,1,0.0,1.0,20.0,0.0,1,0.0,0.0,20.0,0.0,1,0.0,2.0,20.0,0.0,1
2026-03-27 11:50:28,623.72,0.0,4.0,20.0,0.0,1,0.0,0.0,20.0,0.0,1,0.0,2.0,20.0,0.0,1,0.0,1.0,20.0,0.0,1,0.0,0.0,20.0,0.0,1,0.0,2.0,20.0,0.0,1
2026-03-27 11:50:29,624.46,0.0,4.0,20.0,0.0,1,0.0,0.0,20.0,0.0,1,0.0,2.0,20.0,0.0,1,0.0,1.0,20.0,0.0,1,0.0,0.0,20.0,0.0,1,0.0,2.0,20.0,0.0,1
2026-03-27 11:50:30,625.19,0.0,4.0,20.0,0.0,1,0.0,0.0,20.0,0.0,1,0.0,2.0,20.0,0.0,1,0.0,1.0,20.0,0.0,1,0.0,0.0,20.0,0.0,1,0.0,2.0,20.0,0.0,1
2026-03-27 11:50:30,625.93,0.0,4.0,20.0,0.0,1,0.0,0.0,20.0,0.0,1,0.0,2.0,20.0,0.0,1,0.0,1.0,20.0,0.0,1,0.0,0.0,20.0,0.0,1,0.0,2.0,20.0,0.0,1
2026-03-27 11:50:31,626.68,0.0,4.0,20.0,0.0,1,0.0,0.0,20.0,0.0,1,0.0,2.0,20.0,0.0,1,0.0,1.0,20.0,0.0,1,0.0,0.0,20.0,0.0,1,0.0,2.0,20.0,0.0,1
2026-03-27 11:50:32,627.42,0.0,4.0,20.0,0.0,1,0.0,0.0,20.0,0.0,1,0.0,2.0,20.0,0.0,1,0.0,1.0,20.0,0.0,1,0.0,0.0,20.0,0.0,1,0.0,2.0,20.0,0.0,1
2026-03-27 11:50:33,628.16,0.0,4.0,20.0,0.0,1,0.0,0.0,20.0,0.0,1,0.0,2.0,20.0,0.0,1,0.0,1.0,20.0,0.0,1,0.0,0.0,20.0,0.0,1,0.0,2.0,20.0,0.0,1
2026-03-27 11:50:33,628.89,0.0,4.0,20.0,0.0,1,0.0,0.0,20.0,0.0,1,0.0,2.0,20.0,0.0,1,0.0,1.0,20.0,0.0,1,0.0,0.0,20.0,0.0,1,0.0,2.0,20.0,0.0,1
2026-03-27 11:50:34,629.61,0.0,4.0,20.0,0.0,1,0.0,0.0,20.0,0.0,1,0.0,2.0,20.0,0.0,1,0.0,1.0,20.0,0.0,1,0.0,0.0,20.0,0.0,1,0.0,2.0,20.0,0.0,1
2026-03-27 11:50:35,630.36,0.0,4.0,20.0,0.0,1,0.0,0.0,20.0,0.0,1,0.0,2.0,20.0,0.0,1,0.0,1.0,20.0,0.0,1,0.0,0.0,20.0,0.0,1,0.0,2.0,20.0,0.0,1
2026-03-27 11:50:35,631.11,0.0,4.0,20.0,0.0,1,0.0,0.0,20.0,0.0,1,0.0,2.0,20.0,0.0,1,0.0,1.0,20.0,0.0,1,0.0,0.0,20.0,0.0,1,0.0,2.0,20.0,0.0,1
2026-03-27 11:50:36,631.84,0.0,4.0,20.0,0.0,1,0.0,0.0,20.0,0.0,1,0.0,2.0,20.0,0.0,1,0.0,1.0,20.0,0.0,1,0.0,0.0,20.0,0.0,1,0.0,2.0,20.0,0.0,1
2026-03-27 11:50:37,632.57,0.0,4.0,20.0,0.0,1,0.0,0.0,20.0,0.0,1,0.0,2.0,20.0,0.0,1,0.0,1.0,20.0,0.0,1,0.0,0.0,20.0,0.0,1,0.0,2.0,20.0,0.0,1
2026-03-27 11:50:38,633.3,0.0,4.0,20.0,0.0,1,0.0,0.0,20.0,0.0,1,0.0,2.0,20.0,0.0,1,0.0,1.0,20.0,0.0,1,0.0,0.0,20.0,0.0,1,0.0,2.0,20.0,0.0,1
2026-03-27 11:50:38,634.05,0.0,4.0,20.0,0.0,1,0.0,0.0,20.0,0.0,1,0.0,2.0,20.0,0.0,1,0.0,1.0,20.0,0.0,1,0.0,0.0,20.0,0.0,1,0.0,2.0,20.0,0.0,1
2026-03-27 11:50:39,634.78,0.0,4.0,20.0,0.0,1,0.0,0.0,20.0,0.0,1,0.0,2.0,20.0,0.0,1,0.0,1.0,20.0,0.0,1,0.0,0.0,20.0,0.0,1,0.0,2.0,20.0,0.0,1
2026-03-27 11:50:40,635.52,0.0,4.0,20.0,0.0,1,0.0,0.0,20.0,0.0,1,0.0,2.0,20.0,0.0,1,0.0,1.0,20.0,0.0,1,0.0,0.0,20.0,0.0,1,0.0,2.0,20.0,0.0,1
2026-03-27 11:50:41,636.25,0.0,4.0,20.0,0.0,1,0.0,0.0,20.0,0.0,1,0.0,2.0,20.0,0.0,1,0.0,1.0,20.0,0.0,1,0.0,0.0,20.0,0.0,1,0.0,2.0,20.0,0.0,1
2026-03-27 11:50:41,637.0,0.0,4.0,20.0,0.0,1,0.0,0.0,20.0,0.0,1,0.0,2.0,20.0,0.0,1,0.0,1.0,20.0,0.0,1,0.0,0.0,20.0,0.0,1,0.0,2.0,20.0,0.0,1
2026-03-27 11:50:42,637.74,0.0,4.0,20.0,0.0,1,0.0,0.0,20.0,0.0,1,0.0,2.0,20.0,0.0,1,0.0,1.0,20.0,0.0,1,0.0,0.0,20.0,0.0,1,0.0,2.0,20.0,0.0,1
2026-03-27 11:50:43,638.47,0.0,4.0,20.0,0.0,1,0.0,0.0,20.0,0.0,1,0.0,2.0,20.0,0.0,1,0.0,1.0,20.0,0.0,1,0.0,0.0,20.0,0.0,1,0.0,2.0,20.0,0.0,1
2026-03-27 11:50:44,639.21,0.0,4.0,20.0,0.0,1,0.0,0.0,20.0,0.0,1,0.0,2.0,20.0,0.0,1,0.0,1.0,20.0,0.0,1,0.0,0.0,20.0,0.0,1,0.0,2.0,20.0,0.0,1
2026-03-27 11:50:44,639.97,0.0,4.0,20.0,0.0,1,0.0,0.0,20.0,0.0,1,0.0,2.0,20.0,0.0,1,0.0,1.0,20.0,0.0,1,0.0,0.0,20.0,0.0,1,0.0,2.0,20.0,0.0,1
2026-03-27 11:50:45,640.7,0.0,4.0,20.0,0.0,1,0.0,0.0,20.0,0.0,1,0.0,2.0,20.0,0.0,1,0.0,1.0,20.0,0.0,1,0.0,0.0,20.0,0.0,1,0.0,2.0,20.0,0.0,1
2026-03-27 11:50:46,641.46,0.0,4.0,20.0,0.0,1,0.0,0.0,20.0,0.0,1,0.0,2.0,20.0,0.0,1,0.0,1.0,20.0,0.0,1,0.0,0.0,20.0,0.0,1,0.0,2.0,20.0,0.0,1
2026-03-27 11:50:47,642.25,0.0,4.0,20.0,0.0,1,0.0,0.0,20.0,0.0,1,0.0,2.0,20.0,0.0,1,0.0,1.0,20.0,0.0,1,0.0,0.0,20.0,0.0,1,0.0,2.0,20.0,0.0,1
2026-03-27 11:50:47,643.0,0.0,4.0,20.0,0.0,1,0.0,0.0,20.0,0.0,1,0.0,2.0,20.0,0.0,1,0.0,1.0,20.0,0.0,1,0.0,0.0,20.0,0.0,1,0.0,2.0,20.0,0.0,1
2026-03-27 11:50:48,643.72,0.0,4.0,20.0,0.0,1,0.0,0.0,20.0,0.0,1,0.0,2.0,20.0,0.0,1,0.0,1.0,20.0,0.0,1,0.0,0.0,20.0,0.0,1,0.0,2.0,20.0,0.0,1
2026-03-27 11:50:49,644.47,0.0,4.0,20.0,0.0,1,0.0,0.0,20.0,0.0,1,0.0,2.0,20.0,0.0,1,0.0,1.0,20.0,0.0,1,0.0,0.0,20.0,0.0,1,0.0,2.0,20.0,0.0,1
2026-03-27 11:50:50,645.22,0.0,4.0,20.0,0.0,1,0.0,0.0,20.0,0.0,1,0.0,2.0,20.0,0.0,1,0.0,1.0,20.0,0.0,1,0.0,0.0,20.0,0.0,1,0.0,2.0,20.0,0.0,1
2026-03-27 11:50:50,645.95,0.0,4.0,20.0,0.0,1,0.0,0.0,20.0,0.0,1,0.0,2.0,20.0,0.0,1,0.0,1.0,20.0,0.0,1,0.0,0.0,20.0,0.0,1,0.0,2.0,20.0,0.0,1
2026-03-27 11:50:51,646.67,0.0,4.0,20.0,0.0,1,0.0,0.0,20.0,0.0,1,0.0,2.0,20.0,0.0,1,0.0,1.0,20.0,0.0,1,0.0,0.0,20.0,0.0,1,0.0,2.0,20.0,0.0,1
2026-03-27 11:50:52,647.41,0.0,4.0,20.0,0.0,1,0.0,0.0,20.0,0.0,1,0.0,2.0,20.0,0.0,1,0.0,1.0,20.0,0.0,1,0.0,0.0,20.0,0.0,1,0.0,2.0,20.0,0.0,1
2026-03-27 11:50:53,648.19,0.0,4.0,20.0,0.0,1,0.0,0.0,20.0,0.0,1,0.0,2.0,20.0,0.0,1,0.0,1.0,20.0,0.0,1,0.0,0.0,20.0,0.0,1,0.0,2.0,20.0,0.0,1
2026-03-27 11:50:53,648.95,0.0,4.0,20.0,0.0,1,0.0,0.0,20.0,0.0,1,0.0,2.0,20.0,0.0,1,0.0,1.0,20.0,0.0,1,0.0,0.0,20.0,0.0,1,0.0,2.0,20.0,0.0,1
2026-03-27 11:50:54,649.69,0.0,4.0,20.0,0.0,1,0.0,0.0,20.0,0.0,1,0.0,2.0,20.0,0.0,1,0.0,1.0,20.0,0.0,1,0.0,0.0,20.0,0.0,1,0.0,2.0,20.0,0.0,1
2026-03-27 11:50:55,650.42,0.0,4.0,20.0,0.0,1,0.0,0.0,20.0,0.0,1,0.0,2.0,20.0,0.0,1,0.0,1.0,20.0,0.0,1,0.0,0.0,20.0,0.0,1,0.0,2.0,20.0,0.0,1
2026-03-27 11:50:56,651.17,0.0,4.0,20.0,0.0,1,0.0,0.0,20.0,0.0,1,0.0,2.0,20.0,0.0,1,0.0,1.0,20.0,0.0,1,0.0,0.0,20.0,0.0,1,0.0,2.0,20.0,0.0,1
2026-03-27 11:50:56,651.93,0.0,4.0,20.0,0.0,1,0.0,0.0,20.0,0.0,1,0.0,2.0,20.0,0.0,1,0.0,1.0,20.0,0.0,1,0.0,0.0,20.0,0.0,1,0.0,2.0,20.0,0.0,1
2026-03-27 11:50:57,652.7,0.0,4.0,20.0,0.0,1,0.0,0.0,20.0,0.0,1,0.0,2.0,20.0,0.0,1,0.0,1.0,20.0,0.0,1,0.0,0.0,20.0,0.0,1,0.0,2.0,20.0,0.0,1
2026-03-27 11:50:58,653.5,0.0,4.0,20.0,0.0,1,0.0,0.0,20.0,0.0,1,0.0,2.0,20.0,0.0,1,0.0,1.0,20.0,0.0,1,0.0,0.0,20.0,0.0,1,0.0,2.0,20.0,0.0,1
2026-03-27 11:50:59,654.31,0.0,4.0,20.0,0.0,1,0.0,0.0,20.0,0.0,1,0.0,2.0,20.0,0.0,1,0.0,1.0,20.0,0.0,1,0.0,0.0,20.0,0.0,1,0.0,2.0,20.0,0.0,1
2026-03-27 11:50:59,655.1,0.0,4.0,20.0,0.0,1,0.0,0.0,20.0,0.0,1,0.0,2.0,20.0,0.0,1,0.0,1.0,20.0,0.0,1,0.0,0.0,20.0,0.0,1,0.0,2.0,20.0,0.0,1
2026-03-27 11:51:00,655.92,0.0,4.0,20.0,0.0,1,0.0,0.0,20.0,0.0,1,0.0,2.0,20.0,0.0,1,0.0,1.0,20.0,0.0,1,0.0,0.0,20.0,0.0,1,0.0,2.0,20.0,0.0,1
2026-03-27 11:51:01,656.74,0.0,4.0,20.0,0.0,1,0.0,0.0,20.0,0.0,1,0.0,2.0,20.0,0.0,1,0.0,1.0,20.0,0.0,1,0.0,0.0,20.0,0.0,1,0.0,2.0,20.0,0.0,1
2026-03-27 11:51:02,657.51,0.0,4.0,20.0,0.0,1,0.0,0.0,20.0,0.0,1,0.0,2.0,20.0,0.0,1,0.0,1.0,20.0,0.0,1,0.0,0.0,20.0,0.0,1,0.0,2.0,20.0,0.0,1
2026-03-27 11:51:03,658.24,0.0,4.0,20.0,0.0,1,0.0,0.0,20.0,0.0,1,0.0,2.0,20.0,0.0,1,0.0,1.0,20.0,0.0,1,0.0,0.0,20.0,0.0,1,0.0,2.0,20.0,0.0,1
2026-03-27 11:51:03,658.97,0.0,4.0,20.0,0.0,1,0.0,0.0,20.0,0.0,1,0.0,2.0,20.0,0.0,1,0.0,1.0,20.0,0.0,1,0.0,0.0,20.0,0.0,1,0.0,2.0,20.0,0.0,1
2026-03-27 11:51:04,659.74,0.0,4.0,20.0,0.0,1,0.0,0.0,20.0,0.0,1,0.0,2.0,20.0,0.0,1,0.0,1.0,20.0,0.0,1,0.0,0.0,20.0,0.0,1,0.0,2.0,20.0,0.0,1
2026-03-27 11:51:05,660.46,0.0,4.0,20.0,0.0,1,0.0,0.0,20.0,0.0,1,0.0,2.0,20.0,0.0,1,0.0,1.0,20.0,0.0,1,0.0,0.0,20.0,0.0,1,0.0,2.0,20.0,0.0,1
2026-03-27 11:51:06,661.21,0.0,4.0,20.0,0.0,1,0.0,0.0,20.0,0.0,1,0.0,2.0,20.0,0.0,1,0.0,1.0,20.0,0.0,1,0.0,0.0,20.0,0.0,1,0.0,2.0,20.0,0.0,1
2026-03-27 11:51:06,661.95,0.0,4.0,20.0,0.0,1,0.0,0.0,20.0,0.0,1,0.0,2.0,20.0,0.0,1,0.0,1.0,20.0,0.0,1,0.0,0.0,20.0,0.0,1,0.0,2.0,20.0,0.0,1
2026-03-27 11:51:07,662.69,0.0,4.0,20.0,0.0,1,0.0,0.0,20.0,0.0,1,0.0,2.0,20.0,0.0,1,0.0,1.0,20.0,0.0,1,0.0,0.0,20.0,0.0,1,0.0,2.0,20.0,0.0,1
2026-03-27 11:51:08,663.43,0.0,4.0,20.0,0.0,1,0.0,0.0,20.0,0.0,1,0.0,2.0,20.0,0.0,1,0.0,1.0,20.0,0.0,1,0.0,0.0,20.0,0.0,1,0.0,2.0,20.0,0.0,1
2026-03-27 11:51:09,664.17,0.0,4.0,20.0,0.0,1,0.0,0.0,20.0,0.0,1,0.0,2.0,20.0,0.0,1,0.0,1.0,20.0,0.0,1,0.0,0.0,20.0,0.0,1,0.0,2.0,20.0,0.0,1
2026-03-27 11:51:09,664.91,0.0,4.0,20.0,0.0,1,0.0,0.0,20.0,0.0,1,0.0,2.0,20.0,0.0,1,0.0,1.0,20.0,0.0,1,0.0,0.0,20.0,0.0,1,0.0,2.0,20.0,0.0,1
2026-03-27 11:51:10,665.64,0.0,4.0,20.0,0.0,1,0.0,0.0,20.0,0.0,1,0.0,2.0,20.0,0.0,1,0.0,1.0,20.0,0.0,1,0.0,0.0,20.0,0.0,1,0.0,2.0,20.0,0.0,1
2026-03-27 11:51:11,666.38,0.0,4.0,20.0,0.0,1,0.0,0.0,20.0,0.0,1,0.0,2.0,20.0,0.0,1,0.0,1.0,20.0,0.0,1,0.0,0.0,20.0,0.0,1,0.0,2.0,20.0,0.0,1
2026-03-27 11:51:12,667.15,0.0,4.0,20.0,0.0,1,0.0,0.0,20.0,0.0,1,0.0,2.0,20.0,0.0,1,0.0,1.0,20.0,0.0,1,0.0,0.0,20.0,0.0,1,0.0,2.0,20.0,0.0,1
2026-03-27 11:51:12,667.9,0.0,4.0,20.0,0.0,1,0.0,0.0,20.0,0.0,1,0.0,2.0,20.0,0.0,1,0.0,1.0,20.0,0.0,1,0.0,0.0,20.0,0.0,1,0.0,2.0,20.0,0.0,1
2026-03-27 11:51:13,668.64,0.0,4.0,20.0,0.0,1,0.0,0.0,20.0,0.0,1,0.0,2.0,20.0,0.0,1,0.0,1.0,20.0,0.0,1,0.0,0.0,20.0,0.0,1,0.0,2.0,20.0,0.0,1
2026-03-27 11:51:14,669.4,0.0,4.0,20.0,0.0,1,0.0,0.0,20.0,0.0,1,0.0,2.0,20.0,0.0,1,0.0,1.0,20.0,0.0,1,0.0,0.0,20.0,0.0,1,0.0,2.0,20.0,0.0,1
2026-03-27 11:51:15,670.15,0.0,4.0,20.0,0.0,1,0.0,0.0,20.0,0.0,1,0.0,2.0,20.0,0.0,1,0.0,1.0,20.0,0.0,1,0.0,0.0,20.0,0.0,1,0.0,2.0,20.0,0.0,1
2026-03-27 11:51:15,670.97,0.0,4.0,20.0,0.0,1,0.0,0.0,20.0,0.0,1,0.0,2.0,20.0,0.0,1,0.0,1.0,20.0,0.0,1,0.0,0.0,20.0,0.0,1,0.0,2.0,20.0,0.0,1
2026-03-27 11:51:16,671.72,0.0,4.0,20.0,0.0,1,0.0,0.0,20.0,0.0,1,0.0,2.0,20.0,0.0,1,0.0,1.0,20.0,0.0,1,0.0,0.0,20.0,0.0,1,0.0,2.0,20.0,0.0,1
2026-03-27 11:51:17,672.47,0.0,4.0,20.0,0.0,1,0.0,0.0,20.0,0.0,1,0.0,2.0,20.0,0.0,1,0.0,1.0,20.0,0.0,1,0.0,0.0,20.0,0.0,1,0.0,2.0,20.0,0.0,1
2026-03-27 11:51:18,673.23,0.0,4.0,20.0,0.0,1,0.0,0.0,20.0,0.0,1,0.0,2.0,20.0,0.0,1,0.0,1.0,20.0,0.0,1,0.0,0.0,20.0,0.0,1,0.0,2.0,20.0,0.0,1
2026-03-27 11:51:18,673.96,0.0,4.0,20.0,0.0,1,0.0,0.0,20.0,0.0,1,0.0,2.0,20.0,0.0,1,0.0,1.0,20.0,0.0,1,0.0,0.0,20.0,0.0,1,0.0,2.0,20.0,0.0,1
2026-03-27 11:51:19,674.71,0.0,4.0,20.0,0.0,1,0.0,0.0,20.0,0.0,1,0.0,2.0,20.0,0.0,1,0.0,1.0,20.0,0.0,1,0.0,0.0,20.0,0.0,1,0.0,2.0,20.0,0.0,1
2026-03-27 11:51:20,675.46,0.0,4.0,20.0,0.0,1,0.0,0.0,20.0,0.0,1,0.0,2.0,20.0,0.0,1,0.0,1.0,20.0,0.0,1,0.0,0.0,20.0,0.0,1,0.0,2.0,20.0,0.0,1
2026-03-27 11:51:21,676.23,0.0,4.0,20.0,0.0,1,0.0,0.0,20.0,0.0,1,0.0,2.0,20.0,0.0,1,0.0,1.0,20.0,0.0,1,0.0,0.0,20.0,0.0,1,0.0,2.0,20.0,0.0,1
2026-03-27 11:51:21,677.02,0.0,4.0,20.0,0.0,1,0.0,0.0,20.0,0.0,1,0.0,2.0,20.0,0.0,1,0.0,1.0,20.0,0.0,1,0.0,0.0,20.0,0.0,1,0.0,2.0,20.0,0.0,1
2026-03-27 11:51:22,677.76,0.0,4.0,20.0,0.0,1,0.0,0.0,20.0,0.0,1,0.0,2.0,20.0,0.0,1,0.0,1.0,20.0,0.0,1,0.0,0.0,20.0,0.0,1,0.0,2.0,20.0,0.0,1
2026-03-27 11:51:23,678.48,0.0,4.0,20.0,0.0,1,0.0,0.0,20.0,0.0,1,0.0,2.0,20.0,0.0,1,0.0,1.0,20.0,0.0,1,0.0,0.0,20.0,0.0,1,0.0,2.0,20.0,0.0,1
2026-03-27 11:51:24,679.24,0.0,4.0,20.0,0.0,1,0.0,0.0,20.0,0.0,1,0.0,2.0,20.0,0.0,1,0.0,1.0,20.0,0.0,1,0.0,0.0,20.0,0.0,1,0.0,2.0,20.0,0.0,1
2026-03-27 11:51:24,679.98,0.0,4.0,20.0,0.0,1,0.0,0.0,20.0,0.0,1,0.0,2.0,20.0,0.0,1,0.0,1.0,20.0,0.0,1,0.0,0.0,20.0,0.0,1,0.0,2.0,20.0,0.0,1
2026-03-27 11:51:25,680.74,0.0,4.0,20.0,0.0,1,0.0,0.0,20.0,0.0,1,0.0,2.0,20.0,0.0,1,0.0,1.0,20.0,0.0,1,0.0,0.0,20.0,0.0,1,0.0,2.0,20.0,0.0,1
2026-03-27 11:51:26,681.5,0.0,4.0,20.0,0.0,1,0.0,0.0,20.0,0.0,1,0.0,2.0,20.0,0.0,1,0.0,1.0,20.0,0.0,1,0.0,0.0,20.0,0.0,1,0.0,2.0,20.0,0.0,1
2026-03-27 11:51:27,682.26,0.0,4.0,20.0,0.0,1,0.0,0.0,20.0,0.0,1,0.0,2.0,20.0,0.0,1,0.0,1.0,20.0,0.0,1,0.0,0.0,20.0,0.0,1,0.0,2.0,20.0,0.0,1
2026-03-27 11:51:27,683.0,0.0,4.0,20.0,0.0,1,0.0,0.0,20.0,0.0,1,0.0,2.0,20.0,0.0,1,0.0,1.0,20.0,0.0,1,0.0,0.0,20.0,0.0,1,0.0,2.0,20.0,0.0,1
2026-03-27 11:51:28,683.78,0.0,4.0,20.0,0.0,1,0.0,0.0,20.0,0.0,1,0.0,2.0,20.0,0.0,1,0.0,1.0,20.0,0.0,1,0.0,0.0,20.0,0.0,1,0.0,2.0,20.0,0.0,1
2026-03-27 11:51:29,684.54,0.0,4.0,20.0,0.0,1,0.0,0.0,20.0,0.0,1,0.0,2.0,20.0,0.0,1,0.0,1.0,20.0,0.0,1,0.0,0.0,20.0,0.0,1,0.0,2.0,20.0,0.0,1
2026-03-27 11:51:30,685.26,0.0,4.0,20.0,0.0,1,0.0,0.0,20.0,0.0,1,0.0,2.0,20.0,0.0,1,0.0,1.0,20.0,0.0,1,0.0,0.0,20.0,0.0,1,0.0,2.0,20.0,0.0,1
2026-03-27 11:51:30,686.02,0.0,4.0,20.0,0.0,1,0.0,0.0,20.0,0.0,1,0.0,2.0,20.0,0.0,1,0.0,1.0,20.0,0.0,1,0.0,0.0,20.0,0.0,1,0.0,2.0,20.0,0.0,1
2026-03-27 11:51:31,686.75,0.0,4.0,20.0,0.0,1,0.0,0.0,20.0,0.0,1,0.0,2.0,20.0,0.0,1,0.0,1.0,20.0,0.0,1,0.0,0.0,20.0,0.0,1,0.0,2.0,20.0,0.0,1
2026-03-27 11:51:32,687.49,0.0,4.0,20.0,0.0,1,0.0,0.0,20.0,0.0,1,0.0,2.0,20.0,0.0,1,0.0,1.0,20.0,0.0,1,0.0,0.0,20.0,0.0,1,0.0,2.0,20.0,0.0,1
2026-03-27 11:51:33,688.23,0.0,4.0,20.0,0.0,1,0.0,0.0,20.0,0.0,1,0.0,2.0,20.0,0.0,1,0.0,1.0,20.0,0.0,1,0.0,0.0,20.0,0.0,1,0.0,2.0,20.0,0.0,1
2026-03-27 11:51:33,688.98,0.0,4.0,20.0,0.0,1,0.0,0.0,20.0,0.0,1,0.0,2.0,20.0,0.0,1,0.0,1.0,20.0,0.0,1,0.0,0.0,20.0,0.0,1,0.0,2.0,20.0,0.0,1
2026-03-27 11:51:34,689.71,0.0,4.0,20.0,0.0,1,0.0,0.0,20.0,0.0,1,0.0,2.0,20.0,0.0,1,0.0,1.0,20.0,0.0,1,0.0,0.0,20.0,0.0,1,0.0,2.0,20.0,0.0,1
2026-03-27 11:51:35,690.45,0.0,4.0,20.0,0.0,1,0.0,0.0,20.0,0.0,1,0.0,2.0,20.0,0.0,1,0.0,1.0,20.0,0.0,1,0.0,0.0,20.0,0.0,1,0.0,2.0,20.0,0.0,1
2026-03-27 11:51:36,691.25,0.0,4.0,20.0,0.0,1,0.0,0.0,20.0,0.0,1,0.0,2.0,20.0,0.0,1,0.0,1.0,20.0,0.0,1,0.0,0.0,20.0,0.0,1,0.0,2.0,20.0,0.0,1
2026-03-27 11:51:36,691.99,0.0,4.0,20.0,0.0,1,0.0,0.0,20.0,0.0,1,0.0,2.0,20.0,0.0,1,0.0,1.0,20.0,0.0,1,0.0,0.0,20.0,0.0,1,0.0,2.0,20.0,0.0,1
2026-03-27 11:51:37,692.76,0.0,4.0,20.0,0.0,1,0.0,0.0,20.0,0.0,1,0.0,2.0,20.0,0.0,1,0.0,1.0,20.0,0.0,1,0.0,0.0,20.0,0.0,1,0.0,2.0,20.0,0.0,1
2026-03-27 11:51:38,693.53,0.0,4.0,20.0,0.0,1,0.0,0.0,20.0,0.0,1,0.0,2.0,20.0,0.0,1,0.0,1.0,20.0,0.0,1,0.0,0.0,20.0,0.0,1,0.0,2.0,20.0,0.0,1
2026-03-27 11:51:39,694.28,0.0,4.0,20.0,0.0,1,0.0,0.0,20.0,0.0,1,0.0,2.0,20.0,0.0,1,0.0,1.0,20.0,0.0,1,0.0,0.0,20.0,0.0,1,0.0,2.0,20.0,0.0,1
2026-03-27 11:51:39,695.03,0.0,4.0,20.0,0.0,1,0.0,0.0,20.0,0.0,1,0.0,2.0,20.0,0.0,1,0.0,1.0,20.0,0.0,1,0.0,0.0,20.0,0.0,1,0.0,2.0,20.0,0.0,1
2026-03-27 11:51:40,695.76,0.0,4.0,20.0,0.0,1,0.0,0.0,20.0,0.0,1,0.0,2.0,20.0,0.0,1,0.0,1.0,20.0,0.0,1,0.0,0.0,20.0,0.0,1,0.0,2.0,20.0,0.0,1
2026-03-27 11:51:41,696.49,0.0,4.0,20.0,0.0,1,0.0,0.0,20.0,0.0,1,0.0,2.0,20.0,0.0,1,0.0,1.0,20.0,0.0,1,0.0,0.0,20.0,0.0,1,0.0,2.0,20.0,0.0,1
2026-03-27 11:51:42,697.24,0.0,4.0,20.0,0.0,1,0.0,0.0,20.0,0.0,1,0.0,2.0,20.0,0.0,1,0.0,1.0,20.0,0.0,1,0.0,0.0,20.0,0.0,1,0.0,2.0,20.0,0.0,1
2026-03-27 11:51:42,697.98,0.0,4.0,20.0,0.0,1,0.0,0.0,20.0,0.0,1,0.0,2.0,20.0,0.0,1,0.0,1.0,20.0,0.0,1,0.0,0.0,20.0,0.0,1,0.0,2.0,20.0,0.0,1
2026-03-27 11:51:43,698.72,0.0,4.0,20.0,0.0,1,0.0,0.0,20.0,0.0,1,0.0,2.0,20.0,0.0,1,0.0,1.0,20.0,0.0,1,0.0,0.0,20.0,0.0,1,0.0,2.0,20.0,0.0,1
2026-03-27 11:51:44,699.45,0.0,4.0,20.0,0.0,1,0.0,0.0,20.0,0.0,1,0.0,2.0,20.0,0.0,1,0.0,1.0,20.0,0.0,1,0.0,0.0,20.0,0.0,1,0.0,2.0,20.0,0.0,1
2026-03-27 11:51:45,700.18,0.0,4.0,20.0,0.0,1,0.0,0.0,20.0,0.0,1,0.0,2.0,20.0,0.0,1,0.0,1.0,20.0,0.0,1,0.0,0.0,20.0,0.0,1,0.0,2.0,20.0,0.0,1
2026-03-27 11:51:45,700.97,0.0,4.0,20.0,0.0,1,0.0,0.0,20.0,0.0,1,0.0,2.0,20.0,0.0,1,0.0,1.0,20.0,0.0,1,0.0,0.0,20.0,0.0,1,0.0,2.0,20.0,0.0,1
2026-03-27 11:51:46,701.71,0.0,4.0,20.0,0.0,1,0.0,0.0,20.0,0.0,1,0.0,2.0,20.0,0.0,1,0.0,1.0,20.0,0.0,1,0.0,0.0,20.0,0.0,1,0.0,2.0,20.0,0.0,1
2026-03-27 11:51:47,702.45,0.0,4.0,20.0,0.0,1,0.0,0.0,20.0,0.0,1,0.0,2.0,20.0,0.0,1,0.0,1.0,20.0,0.0,1,0.0,0.0,20.0,0.0,1,0.0,2.0,20.0,0.0,1
2026-03-27 11:51:48,703.18,0.0,4.0,20.0,0.0,1,0.0,0.0,20.0,0.0,1,0.0,2.0,20.0,0.0,1,0.0,1.0,20.0,0.0,1,0.0,0.0,20.0,0.0,1,0.0,2.0,20.0,0.0,1
2026-03-27 11:51:48,703.92,0.0,4.0,20.0,0.0,1,0.0,0.0,20.0,0.0,1,0.0,2.0,20.0,0.0,1,0.0,1.0,20.0,0.0,1,0.0,0.0,20.0,0.0,1,0.0,2.0,20.0,0.0,1
2026-03-27 11:51:49,704.64,0.0,4.0,20.0,0.0,1,0.0,0.0,20.0,0.0,1,0.0,2.0,20.0,0.0,1,0.0,1.0,20.0,0.0,1,0.0,0.0,20.0,0.0,1,0.0,2.0,20.0,0.0,1
2026-03-27 11:51:50,705.36,0.0,4.0,20.0,0.0,1,0.0,0.0,20.0,0.0,1,0.0,2.0,20.0,0.0,1,0.0,1.0,20.0,0.0,1,0.0,0.0,20.0,0.0,1,0.0,2.0,20.0,0.0,1
2026-03-27 11:51:50,706.11,0.0,4.0,20.0,0.0,1,0.0,0.0,20.0,0.0,1,0.0,2.0,20.0,0.0,1,0.0,1.0,20.0,0.0,1,0.0,0.0,20.0,0.0,1,0.0,2.0,20.0,0.0,1
2026-03-27 11:51:51,706.85,0.0,4.0,20.0,0.0,1,0.0,0.0,20.0,0.0,1,0.0,2.0,20.0,0.0,1,0.0,1.0,20.0,0.0,1,0.0,0.0,20.0,0.0,1,0.0,2.0,20.0,0.0,1
2026-03-27 11:51:52,707.62,0.0,4.0,20.0,0.0,1,0.0,0.0,20.0,0.0,1,0.0,2.0,20.0,0.0,1,0.0,1.0,20.0,0.0,1,0.0,0.0,20.0,0.0,1,0.0,2.0,20.0,0.0,1
2026-03-27 11:51:53,708.36,0.0,4.0,20.0,0.0,1,0.0,0.0,20.0,0.0,1,0.0,2.0,20.0,0.0,1,0.0,1.0,20.0,0.0,1,0.0,0.0,20.0,0.0,1,0.0,2.0,20.0,0.0,1
2026-03-27 11:51:53,709.1,0.0,4.0,20.0,0.0,1,0.0,0.0,20.0,0.0,1,0.0,2.0,20.0,0.0,1,0.0,1.0,20.0,0.0,1,0.0,0.0,20.0,0.0,1,0.0,2.0,20.0,0.0,1
2026-03-27 11:51:54,709.86,0.0,4.0,20.0,0.0,1,0.0,0.0,20.0,0.0,1,0.0,2.0,20.0,0.0,1,0.0,1.0,20.0,0.0,1,0.0,0.0,20.0,0.0,1,0.0,2.0,20.0,0.0,1
2026-03-27 11:51:55,710.6,0.0,4.0,20.0,0.0,1,0.0,0.0,20.0,0.0,1,0.0,2.0,20.0,0.0,1,0.0,1.0,20.0,0.0,1,0.0,0.0,20.0,0.0,1,0.0,2.0,20.0,0.0,1
2026-03-27 11:51:56,711.34,0.0,4.0,20.0,0.0,1,0.0,0.0,20.0,0.0,1,0.0,2.0,20.0,0.0,1,0.0,1.0,20.0,0.0,1,0.0,0.0,20.0,0.0,1,0.0,2.0,20.0,0.0,1
2026-03-27 11:51:56,712.08,0.0,4.0,20.0,0.0,1,0.0,0.0,20.0,0.0,1,0.0,2.0,20.0,0.0,1,0.0,1.0,20.0,0.0,1,0.0,0.0,20.0,0.0,1,0.0,2.0,20.0,0.0,1
2026-03-27 11:51:57,712.83,0.0,4.0,20.0,0.0,1,0.0,0.0,20.0,0.0,1,0.0,2.0,20.0,0.0,1,0.0,1.0,20.0,0.0,1,0.0,0.0,20.0,0.0,1,0.0,2.0,20.0,0.0,1
2026-03-27 11:51:58,713.58,0.0,4.0,20.0,0.0,1,0.0,0.0,20.0,0.0,1,0.0,2.0,20.0,0.0,1,0.0,1.0,20.0,0.0,1,0.0,0.0,20.0,0.0,1,0.0,2.0,20.0,0.0,1
2026-03-27 11:51:59,714.36,0.0,4.0,20.0,0.0,1,0.0,0.0,20.0,0.0,1,0.0,2.0,20.0,0.0,1,0.0,1.0,20.0,0.0,1,0.0,0.0,20.0,0.0,1,0.0,2.0,20.0,0.0,1
2026-03-27 11:51:59,715.1,0.0,4.0,20.0,0.0,1,0.0,0.0,20.0,0.0,1,0.0,2.0,20.0,0.0,1,0.0,1.0,20.0,0.0,1,0.0,0.0,20.0,0.0,1,0.0,2.0,20.0,0.0,1
2026-03-27 11:52:00,715.84,0.0,4.0,20.0,0.0,1,0.0,0.0,20.0,0.0,1,0.0,2.0,20.0,0.0,1,0.0,1.0,20.0,0.0,1,0.0,0.0,20.0,0.0,1,0.0,2.0,20.0,0.0,1
2026-03-27 11:52:01,716.58,0.0,4.0,20.0,0.0,1,0.0,0.0,20.0,0.0,1,0.0,2.0,20.0,0.0,1,0.0,1.0,20.0,0.0,1,0.0,0.0,20.0,0.0,1,0.0,2.0,20.0,0.0,1
2026-03-27 11:52:02,717.32,0.0,4.0,20.0,0.0,1,0.0,0.0,20.0,0.0,1,0.0,2.0,20.0,0.0,1,0.0,1.0,20.0,0.0,1,0.0,0.0,20.0,0.0,1,0.0,2.0,20.0,0.0,1
2026-03-27 11:52:02,718.08,0.0,4.0,20.0,0.0,1,0.0,0.0,20.0,0.0,1,0.0,2.0,20.0,0.0,1,0.0,1.0,20.0,0.0,1,0.0,0.0,20.0,0.0,1,0.0,2.0,20.0,0.0,1
2026-03-27 11:52:03,718.81,0.0,4.0,20.0,0.0,1,0.0,0.0,20.0,0.0,1,0.0,2.0,20.0,0.0,1,0.0,1.0,20.0,0.0,1,0.0,0.0,20.0,0.0,1,0.0,2.0,20.0,0.0,1
2026-03-27 11:52:04,719.56,0.0,4.0,20.0,0.0,1,0.0,0.0,20.0,0.0,1,0.0,2.0,20.0,0.0,1,0.0,1.0,20.0,0.0,1,0.0,0.0,20.0,0.0,1,0.0,2.0,20.0,0.0,1
2026-03-27 11:52:05,720.3,0.0,4.0,20.0,0.0,1,0.0,0.0,20.0,0.0,1,0.0,2.0,20.0,0.0,1,0.0,1.0,20.0,0.0,1,0.0,0.0,20.0,0.0,1,0.0,2.0,20.0,0.0,1
2026-03-27 11:52:05,721.09,0.0,4.0,20.0,0.0,1,0.0,0.0,20.0,0.0,1,0.0,2.0,20.0,0.0,1,0.0,1.0,20.0,0.0,1,0.0,0.0,20.0,0.0,1,0.0,2.0,20.0,0.0,1
2026-03-27 11:52:06,721.86,0.0,4.0,20.0,0.0,1,0.0,0.0,20.0,0.0,1,0.0,2.0,20.0,0.0,1,0.0,1.0,20.0,0.0,1,0.0,0.0,20.0,0.0,1,0.0,2.0,20.0,0.0,1
2026-03-27 11:52:07,722.6,0.0,4.0,20.0,0.0,1,0.0,0.0,20.0,0.0,1,0.0,2.0,20.0,0.0,1,0.0,1.0,20.0,0.0,1,0.0,0.0,20.0,0.0,1,0.0,2.0,20.0,0.0,1
2026-03-27 11:52:08,723.38,0.0,4.0,20.0,0.0,1,0.0,0.0,20.0,0.0,1,0.0,2.0,20.0,0.0,1,0.0,1.0,20.0,0.0,1,0.0,0.0,20.0,0.0,1,0.0,2.0,20.0,0.0,1
2026-03-27 11:52:09,724.18,0.0,4.0,20.0,0.0,1,0.0,0.0,20.0,0.0,1,0.0,2.0,20.0,0.0,1,0.0,1.0,20.0,0.0,1,0.0,0.0,20.0,0.0,1,0.0,2.0,20.0,0.0,1
2026-03-27 11:52:09,724.95,0.0,4.0,20.0,0.0,1,0.0,0.0,20.0,0.0,1,0.0,2.0,20.0,0.0,1,0.0,1.0,20.0,0.0,1,0.0,0.0,20.0,0.0,1,0.0,2.0,20.0,0.0,1
2026-03-27 11:52:10,725.72,0.0,4.0,20.0,0.0,1,0.0,0.0,20.0,0.0,1,0.0,2.0,20.0,0.0,1,0.0,1.0,20.0,0.0,1,0.0,0.0,20.0,0.0,1,0.0,2.0,20.0,0.0,1
2026-03-27 11:52:11,726.46,0.0,4.0,20.0,0.0,1,0.0,0.0,20.0,0.0,1,0.0,2.0,20.0,0.0,1,0.0,1.0,20.0,0.0,1,0.0,0.0,20.0,0.0,1,0.0,2.0,20.0,0.0,1
2026-03-27 11:52:12,727.22,0.0,4.0,20.0,0.0,1,0.0,0.0,20.0,0.0,1,0.0,2.0,20.0,0.0,1,0.0,1.0,20.0,0.0,1,0.0,0.0,20.0,0.0,1,0.0,2.0,20.0,0.0,1
2026-03-27 11:52:12,727.98,0.0,4.0,20.0,0.0,1,0.0,0.0,20.0,0.0,1,0.0,2.0,20.0,0.0,1,0.0,1.0,20.0,0.0,1,0.0,0.0,20.0,0.0,1,0.0,2.0,20.0,0.0,1
2026-03-27 11:52:13,728.73,0.0,4.0,20.0,0.0,1,0.0,0.0,20.0,0.0,1,0.0,2.0,20.0,0.0,1,0.0,1.0,20.0,0.0,1,0.0,0.0,20.0,0.0,1,0.0,2.0,20.0,0.0,1
2026-03-27 11:52:14,729.46,0.0,4.0,20.0,0.0,1,0.0,0.0,20.0,0.0,1,0.0,2.0,20.0,0.0,1,0.0,1.0,20.0,0.0,1,0.0,0.0,20.0,0.0,1,0.0,2.0,20.0,0.0,1
2026-03-27 11:52:15,730.2,0.0,4.0,20.0,0.0,1,0.0,0.0,20.0,0.0,1,0.0,2.0,20.0,0.0,1,0.0,1.0,20.0,0.0,1,0.0,0.0,20.0,0.0,1,0.0,2.0,20.0,0.0,1
2026-03-27 11:52:15,730.93,0.0,4.0,20.0,0.0,1,0.0,0.0,20.0,0.0,1,0.0,2.0,20.0,0.0,1,0.0,1.0,20.0,0.0,1,0.0,0.0,20.0,0.0,1,0.0,2.0,20.0,0.0,1
2026-03-27 11:52:16,731.71,0.0,4.0,20.0,0.0,1,0.0,0.0,20.0,0.0,1,0.0,2.0,20.0,0.0,1,0.0,1.0,20.0,0.0,1,0.0,0.0,20.0,0.0,1,0.0,2.0,20.0,0.0,1
2026-03-27 11:52:17,732.46,0.0,4.0,20.0,0.0,1,0.0,0.0,20.0,0.0,1,0.0,2.0,20.0,0.0,1,0.0,1.0,20.0,0.0,1,0.0,0.0,20.0,0.0,1,0.0,2.0,20.0,0.0,1
2026-03-27 11:52:18,733.21,0.0,4.0,20.0,0.0,1,0.0,0.0,20.0,0.0,1,0.0,2.0,20.0,0.0,1,0.0,1.0,20.0,0.0,1,0.0,0.0,20.0,0.0,1,0.0,2.0,20.0,0.0,1
2026-03-27 11:52:18,733.96,0.0,4.0,20.0,0.0,1,0.0,0.0,20.0,0.0,1,0.0,2.0,20.0,0.0,1,0.0,1.0,20.0,0.0,1,0.0,0.0,20.0,0.0,1,0.0,2.0,20.0,0.0,1
2026-03-27 11:52:19,734.69,0.0,4.0,20.0,0.0,1,0.0,0.0,20.0,0.0,1,0.0,2.0,20.0,0.0,1,0.0,1.0,20.0,0.0,1,0.0,0.0,20.0,0.0,1,0.0,2.0,20.0,0.0,1
2026-03-27 11:52:20,735.47,0.0,4.0,20.0,0.0,1,0.0,0.0,20.0,0.0,1,0.0,2.0,20.0,0.0,1,0.0,1.0,20.0,0.0,1,0.0,0.0,20.0,0.0,1,0.0,2.0,20.0,0.0,1
2026-03-27 11:52:21,736.28,0.0,4.0,20.0,0.0,1,0.0,0.0,20.0,0.0,1,0.0,2.0,20.0,0.0,1,0.0,1.0,20.0,0.0,1,0.0,0.0,20.0,0.0,1,0.0,2.0,20.0,0.0,1
2026-03-27 11:52:21,737.02,0.0,4.0,20.0,0.0,1,0.0,0.0,20.0,0.0,1,0.0,2.0,20.0,0.0,1,0.0,1.0,20.0,0.0,1,0.0,0.0,20.0,0.0,1,0.0,2.0,20.0,0.0,1
2026-03-27 11:52:22,737.76,0.0,4.0,20.0,0.0,1,0.0,0.0,20.0,0.0,1,0.0,2.0,20.0,0.0,1,0.0,1.0,20.0,0.0,1,0.0,0.0,20.0,0.0,1,0.0,2.0,20.0,0.0,1
2026-03-27 11:52:23,738.5,0.0,4.0,20.0,0.0,1,0.0,0.0,20.0,0.0,1,0.0,2.0,20.0,0.0,1,0.0,1.0,20.0,0.0,1,0.0,0.0,20.0,0.0,1,0.0,2.0,20.0,0.0,1
2026-03-27 11:52:24,739.24,0.0,4.0,20.0,0.0,1,0.0,0.0,20.0,0.0,1,0.0,2.0,20.0,0.0,1,0.0,1.0,20.0,0.0,1,0.0,0.0,20.0,0.0,1,0.0,2.0,20.0,0.0,1
2026-03-27 11:52:24,740.03,0.0,4.0,20.0,0.0,1,0.0,0.0,20.0,0.0,1,0.0,2.0,20.0,0.0,1,0.0,1.0,20.0,0.0,1,0.0,0.0,20.0,0.0,1,0.0,2.0,20.0,0.0,1
2026-03-27 11:52:25,740.77,0.0,4.0,20.0,0.0,1,0.0,0.0,20.0,0.0,1,0.0,2.0,20.0,0.0,1,0.0,1.0,20.0,0.0,1,0.0,0.0,20.0,0.0,1,0.0,2.0,20.0,0.0,1
2026-03-27 11:52:26,741.52,0.0,4.0,20.0,0.0,1,0.0,0.0,20.0,0.0,1,0.0,2.0,20.0,0.0,1,0.0,1.0,20.0,0.0,1,0.0,0.0,20.0,0.0,1,0.0,2.0,20.0,0.0,1
2026-03-27 11:52:27,742.33,0.0,4.0,20.0,0.0,1,0.0,0.0,20.0,0.0,1,0.0,2.0,20.0,0.0,1,0.0,1.0,20.0,0.0,1,0.0,0.0,20.0,0.0,1,0.0,2.0,20.0,0.0,1
2026-03-27 11:52:27,743.08,0.0,4.0,20.0,0.0,1,0.0,0.0,20.0,0.0,1,0.0,2.0,20.0,0.0,1,0.0,1.0,20.0,0.0,1,0.0,0.0,20.0,0.0,1,0.0,2.0,20.0,0.0,1
2026-03-27 11:52:28,743.49,0.0,4.0,20.0,0.0,1,0.0,0.0,20.0,0.0,1,0.0,2.0,20.0,0.0,1,0.0,1.0,20.0,0.0,1,0.0,0.0,20.0,0.0,1,0.0,2.0,20.0,0.0,1
