Timestamp,Elapsed,ch0_setV,ch0_monV,ch0_setI,ch0_monI,ch0_status,ch1_setV,ch1_monV,ch1_setI,ch1_monI,ch1_status,ch2_setV,ch2_monV,ch2_setI,ch2_monI,ch2_status,ch3_setV,ch3_monV,ch3_setI,ch3_monI,ch3_status,ch4_setV,ch4_monV,ch4_setI,ch4_monI,ch4_status,ch5_setV,ch5_monV,ch5_setI,ch5_monI,ch5_status
2026-03-31 17:18:13,2.74,3500.0,3499.0,20.0,7.699999809265137,1,3500.0,3499.0,20.0,7.300000190734863,1,3500.0,3499.0,20.0,7.300000190734863,1,3500.0,3499.0,20.0,7.5,1,3500.0,3499.0,20.0,7.300000190734863,1,3500.0,3499.0,20.0,7.300000190734863,1
2026-03-31 17:18:13,3.49,3500.0,3499.0,20.0,7.699999809265137,1,3500.0,3499.0,20.0,7.300000190734863,1,3500.0,3499.0,20.0,7.300000190734863,1,3500.0,3499.0,20.0,7.5,1,3500.0,3499.0,20.0,7.300000190734863,1,3500.0,3499.0,20.0,7.300000190734863,1
2026-03-31 17:18:14,4.23,3500.0,3499.0,20.0,7.699999809265137,1,3500.0,3499.0,20.0,7.300000190734863,1,3500.0,3499.0,20.0,7.300000190734863,1,3500.0,3499.0,20.0,7.5,1,3500.0,3499.0,20.0,7.300000190734863,1,3500.0,3499.0,20.0,7.300000190734863,1
2026-03-31 17:18:15,4.96,3500.0,3499.0,20.0,7.699999809265137,1,3500.0,3499.0,20.0,7.300000190734863,1,3500.0,3499.0,20.0,7.300000190734863,1,3500.0,3499.0,20.0,7.5,1,3500.0,3499.0,20.0,7.300000190734863,1,3500.0,3499.0,20.0,7.300000190734863,1
2026-03-31 17:18:16,5.77,3500.0,3499.0,20.0,7.699999809265137,1,3500.0,3499.0,20.0,7.300000190734863,1,3500.0,3499.0,20.0,7.300000190734863,1,3500.0,3499.0,20.0,7.5,1,3500.0,3499.0,20.0,7.300000190734863,1,3500.0,3499.0,20.0,7.300000190734863,1
2026-03-31 17:18:16,6.49,3500.0,3499.0,20.0,7.699999809265137,1,3500.0,3499.0,20.0,7.300000190734863,1,3500.0,3499.0,20.0,7.300000190734863,1,3500.0,3499.0,20.0,7.5,1,3500.0,3499.0,20.0,7.300000190734863,1,3500.0,3499.0,20.0,7.300000190734863,1
2026-03-31 17:18:17,7.22,3500.0,3499.0,20.0,7.699999809265137,1,3500.0,3499.0,20.0,7.300000190734863,1,3500.0,3499.0,20.0,7.300000190734863,1,3500.0,3499.0,20.0,7.5,1,3500.0,3499.0,20.0,7.300000190734863,1,3500.0,3499.0,20.0,7.300000190734863,1
2026-03-31 17:18:18,7.96,3500.0,3499.0,20.0,7.699999809265137,1,3500.0,3499.0,20.0,7.300000190734863,1,3500.0,3499.0,20.0,7.300000190734863,1,3500.0,3499.0,20.0,7.5,1,3500.0,3499.0,20.0,7.300000190734863,1,3500.0,3499.0,20.0,7.300000190734863,1
2026-03-31 17:18:19,8.7,3500.0,3499.0,20.0,7.699999809265137,1,3500.0,3499.0,20.0,7.300000190734863,1,3500.0,3499.0,20.0,7.300000190734863,1,3500.0,3499.0,20.0,7.5,1,3500.0,3499.0,20.0,7.300000190734863,1,3500.0,3499.0,20.0,7.300000190734863,1
2026-03-31 17:18:19,9.44,3500.0,3499.0,20.0,7.699999809265137,1,3500.0,3499.0,20.0,7.300000190734863,1,3500.0,3499.0,20.0,7.300000190734863,1,3500.0,3499.0,20.0,7.5,1,3500.0,3499.0,20.0,7.300000190734863,1,3500.0,3499.0,20.0,7.300000190734863,1
2026-03-31 17:18:20,10.16,3500.0,3499.0,20.0,7.699999809265137,1,3500.0,3499.0,20.0,7.300000190734863,1,3500.0,3499.0,20.0,7.300000190734863,1,3500.0,3499.0,20.0,7.5,1,3500.0,3499.0,20.0,7.300000190734863,1,3500.0,3499.0,20.0,7.300000190734863,1
2026-03-31 17:18:21,10.88,3500.0,3499.0,20.0,7.699999809265137,1,3500.0,3499.0,20.0,7.300000190734863,1,3500.0,3498.0,20.0,7.300000190734863,1,3500.0,3499.0,20.0,7.5,1,3500.0,3499.0,20.0,7.300000190734863,1,3500.0,3499.0,20.0,7.300000190734863,1
2026-03-31 17:18:21,11.14,3500.0,3499.0,20.0,7.699999809265137,1,3500.0,3499.0,20.0,7.300000190734863,1,3500.0,3498.0,20.0,7.300000190734863,1,3500.0,3499.0,20.0,7.5,1,3500.0,3499.0,20.0,7.300000190734863,1,3500.0,3499.0,20.0,7.300000190734863,1
2026-03-31 17:18:22,11.87,3500.0,3499.0,20.0,7.699999809265137,1,3500.0,3499.0,20.0,7.300000190734863,1,3500.0,3498.0,20.0,7.300000190734863,1,3500.0,3499.0,20.0,7.5,1,3500.0,3499.0,20.0,7.300000190734863,1,3500.0,3499.0,20.0,7.300000190734863,1
2026-03-31 17:18:23,12.6,3500.0,3499.0,20.0,7.699999809265137,1,3500.0,3499.0,20.0,7.300000190734863,1,3500.0,3498.0,20.0,7.300000190734863,1,3500.0,3499.0,20.0,7.5,1,3500.0,3499.0,20.0,7.300000190734863,1,3500.0,3499.0,20.0,7.300000190734863,1
2026-03-31 17:18:23,13.32,3500.0,3499.0,20.0,7.699999809265137,1,3500.0,3499.0,20.0,7.300000190734863,1,3500.0,3498.0,20.0,7.300000190734863,1,3500.0,3499.0,20.0,7.5,1,3500.0,3499.0,20.0,7.300000190734863,1,3500.0,3499.0,20.0,7.300000190734863,1
2026-03-31 17:18:24,14.07,3500.0,3499.0,20.0,7.699999809265137,1,3500.0,3499.0,20.0,7.300000190734863,1,3500.0,3498.0,20.0,7.300000190734863,1,3500.0,3499.0,20.0,7.5,1,3500.0,3499.0,20.0,7.300000190734863,1,3500.0,3499.0,20.0,7.300000190734863,1
2026-03-31 17:18:24,14.29,3500.0,3499.0,20.0,7.699999809265137,1,3500.0,3499.0,20.0,7.300000190734863,1,3500.0,3498.0,20.0,7.300000190734863,1,3500.0,3499.0,20.0,7.5,1,3500.0,3499.0,20.0,7.300000190734863,1,3500.0,3499.0,20.0,7.300000190734863,1
2026-03-31 17:18:24,0.15,0.0,3499.0,20.0,7.699999809265137,1,0.0,3499.0,20.0,7.300000190734863,1,0.0,3498.0,20.0,7.300000190734863,1,0.0,3499.0,20.0,7.5,1,0.0,3499.0,20.0,7.300000190734863,1,0.0,3499.0,20.0,7.300000190734863,1
2026-03-31 17:18:25,0.86,0.0,3499.0,20.0,7.699999809265137,1,0.0,3499.0,20.0,7.300000190734863,1,0.0,3498.0,20.0,7.300000190734863,1,0.0,3499.0,20.0,7.5,1,0.0,3499.0,20.0,7.300000190734863,1,0.0,3499.0,20.0,7.300000190734863,1
2026-03-31 17:18:26,1.57,0.0,3497.0,20.0,7.699999809265137,1,0.0,3497.0,20.0,7.300000190734863,1,0.0,3497.0,20.0,7.300000190734863,1,0.0,3497.0,20.0,7.5,1,0.0,3497.0,20.0,7.300000190734863,1,0.0,3498.0,20.0,7.300000190734863,1
2026-03-31 17:18:27,2.28,0.0,3492.0,20.0,7.699999809265137,1,0.0,3491.0,20.0,7.300000190734863,1,0.0,3491.0,20.0,7.300000190734863,1,0.0,3490.0,20.0,7.400000095367432,1,0.0,3491.0,20.0,7.300000190734863,1,0.0,3492.0,20.0,7.300000190734863,1
2026-03-31 17:18:27,3.0,0.0,3485.0,20.0,7.599999904632568,1,0.0,3484.0,20.0,7.300000190734863,1,0.0,3485.0,20.0,7.300000190734863,1,0.0,3486.0,20.0,7.400000095367432,1,0.0,3485.0,20.0,7.300000190734863,1,0.0,3485.0,20.0,7.300000190734863,1
2026-03-31 17:18:28,3.73,0.0,3479.0,20.0,7.599999904632568,1,0.0,3478.0,20.0,7.300000190734863,1,0.0,3479.0,20.0,7.199999809265137,1,0.0,3479.0,20.0,7.400000095367432,1,0.0,3479.0,20.0,7.300000190734863,1,0.0,3479.0,20.0,7.300000190734863,1
2026-03-31 17:18:29,4.45,0.0,3473.0,20.0,7.599999904632568,1,0.0,3472.0,20.0,7.300000190734863,1,0.0,3473.0,20.0,7.199999809265137,1,0.0,3473.0,20.0,7.400000095367432,1,0.0,3473.0,20.0,7.199999809265137,1,0.0,3473.0,20.0,7.300000190734863,1
2026-03-31 17:18:29,5.18,0.0,3467.0,20.0,7.599999904632568,1,0.0,3466.0,20.0,7.300000190734863,1,0.0,3466.0,20.0,7.199999809265137,1,0.0,3467.0,20.0,7.400000095367432,1,0.0,3467.0,20.0,7.199999809265137,1,0.0,3467.0,20.0,7.300000190734863,1
2026-03-31 17:18:30,5.97,0.0,3455.0,20.0,7.599999904632568,1,0.0,3453.0,20.0,7.199999809265137,1,0.0,3454.0,20.0,7.199999809265137,1,0.0,3455.0,20.0,7.400000095367432,1,0.0,3454.0,20.0,7.199999809265137,1,0.0,3455.0,20.0,7.199999809265137,1
2026-03-31 17:18:31,6.69,0.0,3442.0,20.0,7.5,1,0.0,3441.0,20.0,7.199999809265137,1,0.0,3442.0,20.0,7.199999809265137,1,0.0,3442.0,20.0,7.300000190734863,1,0.0,3442.0,20.0,7.199999809265137,1,0.0,3441.0,20.0,7.199999809265137,1
2026-03-31 17:18:32,7.4,0.0,3436.0,20.0,7.5,1,0.0,3435.0,20.0,7.199999809265137,1,0.0,3436.0,20.0,7.199999809265137,1,0.0,3435.0,20.0,7.300000190734863,1,0.0,3436.0,20.0,7.199999809265137,1,0.0,3437.0,20.0,7.199999809265137,1
2026-03-31 17:18:32,8.11,0.0,3430.0,20.0,7.5,1,0.0,3429.0,20.0,7.199999809265137,1,0.0,3429.0,20.0,7.099999904632568,1,0.0,3430.0,20.0,7.300000190734863,1,0.0,3430.0,20.0,7.099999904632568,1,0.0,3430.0,20.0,7.199999809265137,1
2026-03-31 17:18:33,8.83,0.0,3424.0,20.0,7.5,1,0.0,3423.0,20.0,7.199999809265137,1,0.0,3423.0,20.0,7.099999904632568,1,0.0,3425.0,20.0,7.300000190734863,1,0.0,3424.0,20.0,7.099999904632568,1,0.0,3424.0,20.0,7.199999809265137,1
2026-03-31 17:18:34,9.55,0.0,3418.0,20.0,7.5,1,0.0,3416.0,20.0,7.199999809265137,1,0.0,3417.0,20.0,7.099999904632568,1,0.0,3418.0,20.0,7.300000190734863,1,0.0,3417.0,20.0,7.099999904632568,1,0.0,3418.0,20.0,7.199999809265137,1
2026-03-31 17:18:35,10.27,0.0,3412.0,20.0,7.400000095367432,1,0.0,3411.0,20.0,7.099999904632568,1,0.0,3411.0,20.0,7.099999904632568,1,0.0,3411.0,20.0,7.300000190734863,1,0.0,3411.0,20.0,7.099999904632568,1,0.0,3411.0,20.0,7.099999904632568,1
2026-03-31 17:18:35,10.98,0.0,3406.0,20.0,7.400000095367432,1,0.0,3404.0,20.0,7.099999904632568,1,0.0,3405.0,20.0,7.099999904632568,1,0.0,3405.0,20.0,7.300000190734863,1,0.0,3405.0,20.0,7.099999904632568,1,0.0,3405.0,20.0,7.099999904632568,1
2026-03-31 17:18:36,11.71,0.0,3399.0,20.0,7.400000095367432,1,0.0,3398.0,20.0,7.099999904632568,1,0.0,3399.0,20.0,7.099999904632568,1,0.0,3399.0,20.0,7.199999809265137,1,0.0,3399.0,20.0,7.099999904632568,1,0.0,3399.0,20.0,7.099999904632568,1
2026-03-31 17:18:37,12.42,0.0,3393.0,20.0,7.400000095367432,1,0.0,3392.0,20.0,7.099999904632568,1,0.0,3393.0,20.0,7.099999904632568,1,0.0,3393.0,20.0,7.199999809265137,1,0.0,3393.0,20.0,7.099999904632568,1,0.0,3393.0,20.0,7.099999904632568,1
2026-03-31 17:18:37,13.14,0.0,3387.0,20.0,7.400000095367432,1,0.0,3385.0,20.0,7.099999904632568,1,0.0,3387.0,20.0,7.099999904632568,1,0.0,3387.0,20.0,7.199999809265137,1,0.0,3387.0,20.0,7.099999904632568,1,0.0,3387.0,20.0,7.099999904632568,1
2026-03-31 17:18:38,13.86,0.0,3380.0,20.0,7.400000095367432,1,0.0,3379.0,20.0,7.099999904632568,1,0.0,3380.0,20.0,7.0,1,0.0,3381.0,20.0,7.199999809265137,1,0.0,3380.0,20.0,7.0,1,0.0,3380.0,20.0,7.099999904632568,1
2026-03-31 17:18:39,14.57,0.0,3374.0,20.0,7.400000095367432,1,0.0,3373.0,20.0,7.099999904632568,1,0.0,3374.0,20.0,7.0,1,0.0,3375.0,20.0,7.199999809265137,1,0.0,3374.0,20.0,7.0,1,0.0,3374.0,20.0,7.099999904632568,1
2026-03-31 17:18:40,15.29,0.0,3368.0,20.0,7.400000095367432,1,0.0,3367.0,20.0,7.099999904632568,1,0.0,3368.0,20.0,7.0,1,0.0,3367.0,20.0,7.199999809265137,1,0.0,3368.0,20.0,7.0,1,0.0,3368.0,20.0,7.0,1
2026-03-31 17:18:40,16.03,0.0,3356.0,20.0,7.300000190734863,1,0.0,3355.0,20.0,7.0,1,0.0,3355.0,20.0,7.0,1,0.0,3356.0,20.0,7.199999809265137,1,0.0,3355.0,20.0,7.0,1,0.0,3356.0,20.0,7.0,1
2026-03-31 17:18:41,16.74,0.0,3350.0,20.0,7.300000190734863,1,0.0,3348.0,20.0,7.0,1,0.0,3349.0,20.0,7.0,1,0.0,3349.0,20.0,7.099999904632568,1,0.0,3349.0,20.0,7.0,1,0.0,3350.0,20.0,7.0,1
2026-03-31 17:18:42,17.47,0.0,3344.0,20.0,7.300000190734863,1,0.0,3342.0,20.0,7.0,1,0.0,3344.0,20.0,7.0,1,0.0,3344.0,20.0,7.099999904632568,1,0.0,3343.0,20.0,7.0,1,0.0,3344.0,20.0,7.0,1
2026-03-31 17:18:42,18.19,0.0,3338.0,20.0,7.300000190734863,1,0.0,3336.0,20.0,7.0,1,0.0,3337.0,20.0,7.0,1,0.0,3338.0,20.0,7.099999904632568,1,0.0,3337.0,20.0,7.0,1,0.0,3337.0,20.0,7.0,1
2026-03-31 17:18:43,18.9,0.0,3331.0,20.0,7.300000190734863,1,0.0,3330.0,20.0,7.0,1,0.0,3330.0,20.0,6.900000095367432,1,0.0,3332.0,20.0,7.099999904632568,1,0.0,3331.0,20.0,7.0,1,0.0,3331.0,20.0,7.0,1
2026-03-31 17:18:44,19.61,0.0,3325.0,20.0,7.300000190734863,1,0.0,3323.0,20.0,6.900000095367432,1,0.0,3325.0,20.0,6.900000095367432,1,0.0,3326.0,20.0,7.099999904632568,1,0.0,3325.0,20.0,6.900000095367432,1,0.0,3325.0,20.0,6.900000095367432,1
2026-03-31 17:18:45,20.32,0.0,3319.0,20.0,7.199999809265137,1,0.0,3317.0,20.0,6.900000095367432,1,0.0,3319.0,20.0,6.900000095367432,1,0.0,3319.0,20.0,7.0,1,0.0,3319.0,20.0,6.900000095367432,1,0.0,3319.0,20.0,6.900000095367432,1
2026-03-31 17:18:45,21.04,0.0,3313.0,20.0,7.199999809265137,1,0.0,3311.0,20.0,6.900000095367432,1,0.0,3313.0,20.0,6.900000095367432,1,0.0,3313.0,20.0,7.0,1,0.0,3312.0,20.0,6.900000095367432,1,0.0,3312.0,20.0,6.900000095367432,1
2026-03-31 17:18:46,21.8,0.0,3300.0,20.0,7.199999809265137,1,0.0,3299.0,20.0,6.900000095367432,1,0.0,3300.0,20.0,6.900000095367432,1,0.0,3301.0,20.0,7.0,1,0.0,3301.0,20.0,6.900000095367432,1,0.0,3301.0,20.0,6.900000095367432,1
2026-03-31 17:18:47,22.51,0.0,3295.0,20.0,7.199999809265137,1,0.0,3292.0,20.0,6.900000095367432,1,0.0,3294.0,20.0,6.900000095367432,1,0.0,3294.0,20.0,7.0,1,0.0,3294.0,20.0,6.900000095367432,1,0.0,3294.0,20.0,6.900000095367432,1
2026-03-31 17:18:47,23.22,0.0,3288.0,20.0,7.199999809265137,1,0.0,3286.0,20.0,6.900000095367432,1,0.0,3288.0,20.0,6.800000190734863,1,0.0,3288.0,20.0,7.0,1,0.0,3288.0,20.0,6.900000095367432,1,0.0,3288.0,20.0,6.900000095367432,1
2026-03-31 17:18:48,23.92,0.0,3282.0,20.0,7.199999809265137,1,0.0,3280.0,20.0,6.900000095367432,1,0.0,3282.0,20.0,6.800000190734863,1,0.0,3282.0,20.0,7.0,1,0.0,3282.0,20.0,6.800000190734863,1,0.0,3282.0,20.0,6.900000095367432,1
2026-03-31 17:18:49,24.62,0.0,3270.0,20.0,7.199999809265137,1,0.0,3268.0,20.0,6.800000190734863,1,0.0,3270.0,20.0,6.800000190734863,1,0.0,3270.0,20.0,7.0,1,0.0,3270.0,20.0,6.800000190734863,1,0.0,3269.0,20.0,6.800000190734863,1
2026-03-31 17:18:50,25.36,0.0,3264.0,20.0,7.099999904632568,1,0.0,3261.0,20.0,6.800000190734863,1,0.0,3264.0,20.0,6.800000190734863,1,0.0,3264.0,20.0,6.900000095367432,1,0.0,3263.0,20.0,6.800000190734863,1,0.0,3263.0,20.0,6.800000190734863,1
2026-03-31 17:18:50,26.06,0.0,3258.0,20.0,7.099999904632568,1,0.0,3255.0,20.0,6.800000190734863,1,0.0,3257.0,20.0,6.800000190734863,1,0.0,3258.0,20.0,6.900000095367432,1,0.0,3257.0,20.0,6.800000190734863,1,0.0,3257.0,20.0,6.800000190734863,1
2026-03-31 17:18:51,26.8,0.0,3252.0,20.0,7.099999904632568,1,0.0,3249.0,20.0,6.800000190734863,1,0.0,3251.0,20.0,6.800000190734863,1,0.0,3251.0,20.0,6.900000095367432,1,0.0,3251.0,20.0,6.800000190734863,1,0.0,3252.0,20.0,6.800000190734863,1
2026-03-31 17:18:52,27.52,0.0,3246.0,20.0,7.099999904632568,1,0.0,3243.0,20.0,6.800000190734863,1,0.0,3245.0,20.0,6.699999809265137,1,0.0,3246.0,20.0,6.900000095367432,1,0.0,3245.0,20.0,6.800000190734863,1,0.0,3245.0,20.0,6.800000190734863,1
2026-03-31 17:18:52,28.23,0.0,3239.0,20.0,7.099999904632568,1,0.0,3237.0,20.0,6.800000190734863,1,0.0,3239.0,20.0,6.699999809265137,1,0.0,3239.0,20.0,6.900000095367432,1,0.0,3239.0,20.0,6.800000190734863,1,0.0,3238.0,20.0,6.800000190734863,1
2026-03-31 17:18:53,28.95,0.0,3233.0,20.0,7.099999904632568,1,0.0,3231.0,20.0,6.800000190734863,1,0.0,3233.0,20.0,6.699999809265137,1,0.0,3234.0,20.0,6.900000095367432,1,0.0,3233.0,20.0,6.699999809265137,1,0.0,3233.0,20.0,6.800000190734863,1
2026-03-31 17:18:54,29.67,0.0,3227.0,20.0,7.099999904632568,1,0.0,3225.0,20.0,6.800000190734863,1,0.0,3227.0,20.0,6.699999809265137,1,0.0,3228.0,20.0,6.900000095367432,1,0.0,3227.0,20.0,6.699999809265137,1,0.0,3226.0,20.0,6.800000190734863,1
2026-03-31 17:18:55,30.38,0.0,3220.0,20.0,7.0,1,0.0,3218.0,20.0,6.800000190734863,1,0.0,3221.0,20.0,6.699999809265137,1,0.0,3221.0,20.0,6.900000095367432,1,0.0,3220.0,20.0,6.699999809265137,1,0.0,3219.0,20.0,6.800000190734863,1
2026-03-31 17:18:55,31.08,0.0,3215.0,20.0,7.0,1,0.0,3212.0,20.0,6.699999809265137,1,0.0,3214.0,20.0,6.699999809265137,1,0.0,3215.0,20.0,6.800000190734863,1,0.0,3214.0,20.0,6.699999809265137,1,0.0,3214.0,20.0,6.699999809265137,1
2026-03-31 17:18:56,31.81,0.0,3209.0,20.0,7.0,1,0.0,3206.0,20.0,6.699999809265137,1,0.0,3208.0,20.0,6.699999809265137,1,0.0,3209.0,20.0,6.800000190734863,1,0.0,3208.0,20.0,6.699999809265137,1,0.0,3208.0,20.0,6.699999809265137,1
2026-03-31 17:18:57,32.56,0.0,3203.0,20.0,7.0,1,0.0,3200.0,20.0,6.699999809265137,1,0.0,3202.0,20.0,6.699999809265137,1,0.0,3202.0,20.0,6.800000190734863,1,0.0,3202.0,20.0,6.699999809265137,1,0.0,3202.0,20.0,6.699999809265137,1
2026-03-31 17:18:58,33.27,0.0,3196.0,20.0,7.0,1,0.0,3194.0,20.0,6.699999809265137,1,0.0,3196.0,20.0,6.599999904632568,1,0.0,3196.0,20.0,6.800000190734863,1,0.0,3196.0,20.0,6.699999809265137,1,0.0,3196.0,20.0,6.699999809265137,1
2026-03-31 17:18:58,33.97,0.0,3184.0,20.0,7.0,1,0.0,3181.0,20.0,6.699999809265137,1,0.0,3184.0,20.0,6.599999904632568,1,0.0,3183.0,20.0,6.800000190734863,1,0.0,3183.0,20.0,6.599999904632568,1,0.0,3183.0,20.0,6.699999809265137,1
2026-03-31 17:18:59,34.68,0.0,3178.0,20.0,7.0,1,0.0,3175.0,20.0,6.599999904632568,1,0.0,3178.0,20.0,6.599999904632568,1,0.0,3178.0,20.0,6.800000190734863,1,0.0,3177.0,20.0,6.599999904632568,1,0.0,3177.0,20.0,6.599999904632568,1
2026-03-31 17:19:00,35.38,0.0,3172.0,20.0,6.900000095367432,1,0.0,3169.0,20.0,6.599999904632568,1,0.0,3172.0,20.0,6.599999904632568,1,0.0,3171.0,20.0,6.800000190734863,1,0.0,3171.0,20.0,6.599999904632568,1,0.0,3171.0,20.0,6.599999904632568,1
2026-03-31 17:19:00,36.1,0.0,3166.0,20.0,6.900000095367432,1,0.0,3162.0,20.0,6.599999904632568,1,0.0,3166.0,20.0,6.599999904632568,1,0.0,3166.0,20.0,6.699999809265137,1,0.0,3165.0,20.0,6.599999904632568,1,0.0,3165.0,20.0,6.599999904632568,1
2026-03-31 17:19:01,36.81,0.0,3159.0,20.0,6.900000095367432,1,0.0,3156.0,20.0,6.599999904632568,1,0.0,3159.0,20.0,6.599999904632568,1,0.0,3159.0,20.0,6.699999809265137,1,0.0,3159.0,20.0,6.599999904632568,1,0.0,3158.0,20.0,6.599999904632568,1
2026-03-31 17:19:02,37.55,0.0,3153.0,20.0,6.900000095367432,1,0.0,3150.0,20.0,6.599999904632568,1,0.0,3153.0,20.0,6.599999904632568,1,0.0,3153.0,20.0,6.699999809265137,1,0.0,3153.0,20.0,6.599999904632568,1,0.0,3152.0,20.0,6.599999904632568,1
2026-03-31 17:19:03,38.26,0.0,3141.0,20.0,6.900000095367432,1,0.0,3138.0,20.0,6.599999904632568,1,0.0,3141.0,20.0,6.5,1,0.0,3141.0,20.0,6.699999809265137,1,0.0,3140.0,20.0,6.5,1,0.0,3140.0,20.0,6.599999904632568,1
2026-03-31 17:19:03,38.98,0.0,3135.0,20.0,6.800000190734863,1,0.0,3131.0,20.0,6.599999904632568,1,0.0,3135.0,20.0,6.5,1,0.0,3135.0,20.0,6.699999809265137,1,0.0,3133.0,20.0,6.5,1,0.0,3133.0,20.0,6.599999904632568,1
2026-03-31 17:19:04,39.74,0.0,3129.0,20.0,6.800000190734863,1,0.0,3125.0,20.0,6.5,1,0.0,3129.0,20.0,6.5,1,0.0,3129.0,20.0,6.699999809265137,1,0.0,3128.0,20.0,6.5,1,0.0,3127.0,20.0,6.599999904632568,1
2026-03-31 17:19:05,40.51,0.0,3123.0,20.0,6.800000190734863,1,0.0,3119.0,20.0,6.5,1,0.0,3122.0,20.0,6.5,1,0.0,3122.0,20.0,6.699999809265137,1,0.0,3121.0,20.0,6.5,1,0.0,3121.0,20.0,6.5,1
2026-03-31 17:19:06,41.28,0.0,3116.0,20.0,6.800000190734863,1,0.0,3113.0,20.0,6.5,1,0.0,3116.0,20.0,6.5,1,0.0,3117.0,20.0,6.599999904632568,1,0.0,3115.0,20.0,6.5,1,0.0,3115.0,20.0,6.5,1
2026-03-31 17:19:06,42.01,0.0,3110.0,20.0,6.800000190734863,1,0.0,3107.0,20.0,6.5,1,0.0,3110.0,20.0,6.5,1,0.0,3111.0,20.0,6.599999904632568,1,0.0,3110.0,20.0,6.5,1,0.0,3109.0,20.0,6.5,1
2026-03-31 17:19:07,42.74,0.0,3098.0,20.0,6.800000190734863,1,0.0,3095.0,20.0,6.5,1,0.0,3098.0,20.0,6.400000095367432,1,0.0,3100.0,20.0,6.599999904632568,1,0.0,3098.0,20.0,6.5,1,0.0,3099.0,20.0,6.5,1
2026-03-31 17:19:08,43.47,0.0,3092.0,20.0,6.800000190734863,1,0.0,3088.0,20.0,6.5,1,0.0,3091.0,20.0,6.400000095367432,1,0.0,3092.0,20.0,6.599999904632568,1,0.0,3091.0,20.0,6.400000095367432,1,0.0,3091.0,20.0,6.5,1
2026-03-31 17:19:08,44.18,0.0,3086.0,20.0,6.699999809265137,1,0.0,3082.0,20.0,6.5,1,0.0,3086.0,20.0,6.400000095367432,1,0.0,3086.0,20.0,6.599999904632568,1,0.0,3085.0,20.0,6.400000095367432,1,0.0,3085.0,20.0,6.5,1
2026-03-31 17:19:09,44.89,0.0,3080.0,20.0,6.699999809265137,1,0.0,3076.0,20.0,6.400000095367432,1,0.0,3080.0,20.0,6.400000095367432,1,0.0,3080.0,20.0,6.599999904632568,1,0.0,3079.0,20.0,6.400000095367432,1,0.0,3078.0,20.0,6.400000095367432,1
2026-03-31 17:19:10,45.63,0.0,3073.0,20.0,6.699999809265137,1,0.0,3069.0,20.0,6.400000095367432,1,0.0,3074.0,20.0,6.400000095367432,1,0.0,3073.0,20.0,6.5,1,0.0,3072.0,20.0,6.400000095367432,1,0.0,3072.0,20.0,6.400000095367432,1
2026-03-31 17:19:11,46.37,0.0,3067.0,20.0,6.699999809265137,1,0.0,3063.0,20.0,6.400000095367432,1,0.0,3067.0,20.0,6.400000095367432,1,0.0,3068.0,20.0,6.5,1,0.0,3066.0,20.0,6.400000095367432,1,0.0,3065.0,20.0,6.400000095367432,1
2026-03-31 17:19:11,47.09,0.0,3061.0,20.0,6.699999809265137,1,0.0,3057.0,20.0,6.400000095367432,1,0.0,3061.0,20.0,6.400000095367432,1,0.0,3062.0,20.0,6.5,1,0.0,3060.0,20.0,6.400000095367432,1,0.0,3059.0,20.0,6.400000095367432,1
2026-03-31 17:19:12,47.82,0.0,3055.0,20.0,6.699999809265137,1,0.0,3051.0,20.0,6.400000095367432,1,0.0,3055.0,20.0,6.400000095367432,1,0.0,3055.0,20.0,6.5,1,0.0,3054.0,20.0,6.400000095367432,1,0.0,3053.0,20.0,6.400000095367432,1
2026-03-31 17:19:13,48.58,0.0,3043.0,20.0,6.599999904632568,1,0.0,3039.0,20.0,6.300000190734863,1,0.0,3043.0,20.0,6.300000190734863,1,0.0,3043.0,20.0,6.5,1,0.0,3042.0,20.0,6.300000190734863,1,0.0,3042.0,20.0,6.400000095367432,1
2026-03-31 17:19:14,49.35,0.0,3037.0,20.0,6.599999904632568,1,0.0,3033.0,20.0,6.300000190734863,1,0.0,3036.0,20.0,6.300000190734863,1,0.0,3037.0,20.0,6.5,1,0.0,3035.0,20.0,6.300000190734863,1,0.0,3035.0,20.0,6.300000190734863,1
2026-03-31 17:19:14,50.07,0.0,3031.0,20.0,6.599999904632568,1,0.0,3026.0,20.0,6.300000190734863,1,0.0,3031.0,20.0,6.300000190734863,1,0.0,3031.0,20.0,6.400000095367432,1,0.0,3029.0,20.0,6.300000190734863,1,0.0,3028.0,20.0,6.300000190734863,1
2026-03-31 17:19:15,50.8,0.0,3025.0,20.0,6.599999904632568,1,0.0,3020.0,20.0,6.300000190734863,1,0.0,3025.0,20.0,6.300000190734863,1,0.0,3024.0,20.0,6.400000095367432,1,0.0,3024.0,20.0,6.300000190734863,1,0.0,3023.0,20.0,6.300000190734863,1
2026-03-31 17:19:16,51.56,0.0,3018.0,20.0,6.599999904632568,1,0.0,3014.0,20.0,6.300000190734863,1,0.0,3018.0,20.0,6.300000190734863,1,0.0,3019.0,20.0,6.400000095367432,1,0.0,3017.0,20.0,6.300000190734863,1,0.0,3016.0,20.0,6.300000190734863,1
2026-03-31 17:19:17,52.3,0.0,3006.0,20.0,6.599999904632568,1,0.0,3002.0,20.0,6.300000190734863,1,0.0,3006.0,20.0,6.300000190734863,1,0.0,3007.0,20.0,6.400000095367432,1,0.0,3005.0,20.0,6.300000190734863,1,0.0,3004.0,20.0,6.300000190734863,1
2026-03-31 17:19:17,53.03,0.0,3000.0,20.0,6.599999904632568,1,0.0,2995.0,20.0,6.199999809265137,1,0.0,3000.0,20.0,6.199999809265137,1,0.0,3001.0,20.0,6.400000095367432,1,0.0,2999.0,20.0,6.199999809265137,1,0.0,2998.0,20.0,6.300000190734863,1
2026-03-31 17:19:18,53.81,0.0,2994.0,20.0,6.5,1,0.0,2989.0,20.0,6.199999809265137,1,0.0,2993.0,20.0,6.199999809265137,1,0.0,2994.0,20.0,6.400000095367432,1,0.0,2993.0,20.0,6.199999809265137,1,0.0,2992.0,20.0,6.300000190734863,1
2026-03-31 17:19:19,54.54,0.0,2988.0,20.0,6.5,1,0.0,2983.0,20.0,6.199999809265137,1,0.0,2988.0,20.0,6.199999809265137,1,0.0,2988.0,20.0,6.300000190734863,1,0.0,2986.0,20.0,6.199999809265137,1,0.0,2986.0,20.0,6.199999809265137,1
2026-03-31 17:19:20,55.35,0.0,2982.0,20.0,6.5,1,0.0,2977.0,20.0,6.199999809265137,1,0.0,2982.0,20.0,6.199999809265137,1,0.0,2982.0,20.0,6.300000190734863,1,0.0,2980.0,20.0,6.199999809265137,1,0.0,2979.0,20.0,6.199999809265137,1
2026-03-31 17:19:20,56.07,0.0,2975.0,20.0,6.5,1,0.0,2971.0,20.0,6.199999809265137,1,0.0,2976.0,20.0,6.199999809265137,1,0.0,2976.0,20.0,6.300000190734863,1,0.0,2974.0,20.0,6.199999809265137,1,0.0,2973.0,20.0,6.199999809265137,1
2026-03-31 17:19:21,56.8,0.0,2970.0,20.0,6.5,1,0.0,2965.0,20.0,6.199999809265137,1,0.0,2969.0,20.0,6.199999809265137,1,0.0,2969.0,20.0,6.300000190734863,1,0.0,2968.0,20.0,6.199999809265137,1,0.0,2967.0,20.0,6.199999809265137,1
2026-03-31 17:19:22,57.56,0.0,2957.0,20.0,6.5,1,0.0,2952.0,20.0,6.199999809265137,1,0.0,2957.0,20.0,6.099999904632568,1,0.0,2958.0,20.0,6.300000190734863,1,0.0,2956.0,20.0,6.199999809265137,1,0.0,2955.0,20.0,6.199999809265137,1
2026-03-31 17:19:23,58.34,0.0,2951.0,20.0,6.400000095367432,1,0.0,2946.0,20.0,6.199999809265137,1,0.0,2951.0,20.0,6.099999904632568,1,0.0,2951.0,20.0,6.300000190734863,1,0.0,2949.0,20.0,6.099999904632568,1,0.0,2949.0,20.0,6.199999809265137,1
2026-03-31 17:19:23,59.08,0.0,2945.0,20.0,6.400000095367432,1,0.0,2940.0,20.0,6.199999809265137,1,0.0,2945.0,20.0,6.099999904632568,1,0.0,2945.0,20.0,6.300000190734863,1,0.0,2944.0,20.0,6.099999904632568,1,0.0,2942.0,20.0,6.099999904632568,1
2026-03-31 17:19:24,59.8,0.0,2939.0,20.0,6.400000095367432,1,0.0,2934.0,20.0,6.099999904632568,1,0.0,2939.0,20.0,6.099999904632568,1,0.0,2939.0,20.0,6.199999809265137,1,0.0,2937.0,20.0,6.099999904632568,1,0.0,2937.0,20.0,6.099999904632568,1
2026-03-31 17:19:25,60.54,0.0,2933.0,20.0,6.400000095367432,1,0.0,2927.0,20.0,6.099999904632568,1,0.0,2932.0,20.0,6.099999904632568,1,0.0,2933.0,20.0,6.199999809265137,1,0.0,2931.0,20.0,6.099999904632568,1,0.0,2930.0,20.0,6.099999904632568,1
2026-03-31 17:19:26,61.27,0.0,2920.0,20.0,6.400000095367432,1,0.0,2915.0,20.0,6.099999904632568,1,0.0,2920.0,20.0,6.099999904632568,1,0.0,2921.0,20.0,6.199999809265137,1,0.0,2918.0,20.0,6.099999904632568,1,0.0,2918.0,20.0,6.099999904632568,1
2026-03-31 17:19:26,62.0,0.0,2914.0,20.0,6.300000190734863,1,0.0,2909.0,20.0,6.099999904632568,1,0.0,2914.0,20.0,6.0,1,0.0,2915.0,20.0,6.199999809265137,1,0.0,2912.0,20.0,6.099999904632568,1,0.0,2911.0,20.0,6.099999904632568,1
2026-03-31 17:19:27,62.74,0.0,2908.0,20.0,6.300000190734863,1,0.0,2903.0,20.0,6.099999904632568,1,0.0,2908.0,20.0,6.0,1,0.0,2908.0,20.0,6.199999809265137,1,0.0,2907.0,20.0,6.099999904632568,1,0.0,2906.0,20.0,6.099999904632568,1
2026-03-31 17:19:28,63.49,0.0,2902.0,20.0,6.099999904632568,1,0.0,2896.0,20.0,6.099999904632568,1,0.0,2902.0,20.0,6.0,1,0.0,2902.0,20.0,6.099999904632568,1,0.0,2900.0,20.0,6.0,1,0.0,2900.0,20.0,6.099999904632568,1
2026-03-31 17:19:29,64.28,0.0,2896.0,20.0,6.0,1,0.0,2891.0,20.0,6.0,1,0.0,2896.0,20.0,6.0,1,0.0,2896.0,20.0,6.099999904632568,1,0.0,2894.0,20.0,6.0,1,0.0,2893.0,20.0,6.0,1
2026-03-31 17:19:29,65.04,0.0,2889.0,20.0,6.0,1,0.0,2884.0,20.0,6.0,1,0.0,2890.0,20.0,6.0,1,0.0,2890.0,20.0,6.099999904632568,1,0.0,2888.0,20.0,6.0,1,0.0,2887.0,20.0,6.0,1
2026-03-31 17:19:30,65.78,0.0,2877.0,20.0,6.0,1,0.0,2872.0,20.0,6.0,1,0.0,2877.0,20.0,6.0,1,0.0,2877.0,20.0,6.099999904632568,1,0.0,2875.0,20.0,6.0,1,0.0,2875.0,20.0,6.0,1
2026-03-31 17:19:31,66.56,0.0,2871.0,20.0,6.0,1,0.0,2865.0,20.0,6.0,1,0.0,2871.0,20.0,6.0,1,0.0,2872.0,20.0,6.099999904632568,1,0.0,2869.0,20.0,6.0,1,0.0,2868.0,20.0,6.0,1
2026-03-31 17:19:32,67.31,0.0,2865.0,20.0,6.0,1,0.0,2860.0,20.0,6.0,1,0.0,2865.0,20.0,5.900000095367432,1,0.0,2865.0,20.0,6.099999904632568,1,0.0,2863.0,20.0,6.0,1,0.0,2863.0,20.0,6.0,1
2026-03-31 17:19:32,68.07,0.0,2859.0,20.0,6.0,1,0.0,2853.0,20.0,6.0,1,0.0,2859.0,20.0,5.900000095367432,1,0.0,2859.0,20.0,6.099999904632568,1,0.0,2857.0,20.0,5.900000095367432,1,0.0,2856.0,20.0,6.0,1
2026-03-31 17:19:33,68.84,0.0,2853.0,20.0,6.0,1,0.0,2847.0,20.0,5.900000095367432,1,0.0,2853.0,20.0,5.900000095367432,1,0.0,2853.0,20.0,6.099999904632568,1,0.0,2851.0,20.0,5.900000095367432,1,0.0,2850.0,20.0,6.0,1
2026-03-31 17:19:34,69.58,0.0,2847.0,20.0,5.900000095367432,1,0.0,2841.0,20.0,5.900000095367432,1,0.0,2847.0,20.0,5.900000095367432,1,0.0,2847.0,20.0,6.099999904632568,1,0.0,2845.0,20.0,5.900000095367432,1,0.0,2844.0,20.0,5.900000095367432,1
2026-03-31 17:19:35,70.38,0.0,2834.0,20.0,5.900000095367432,1,0.0,2829.0,20.0,5.900000095367432,1,0.0,2834.0,20.0,5.900000095367432,1,0.0,2834.0,20.0,6.0,1,0.0,2832.0,20.0,5.900000095367432,1,0.0,2832.0,20.0,5.900000095367432,1
2026-03-31 17:19:35,71.13,0.0,2828.0,20.0,5.900000095367432,1,0.0,2822.0,20.0,5.900000095367432,1,0.0,2828.0,20.0,5.900000095367432,1,0.0,2829.0,20.0,6.0,1,0.0,2826.0,20.0,5.900000095367432,1,0.0,2825.0,20.0,5.900000095367432,1
2026-03-31 17:19:36,71.87,0.0,2822.0,20.0,5.900000095367432,1,0.0,2816.0,20.0,5.900000095367432,1,0.0,2822.0,20.0,5.800000190734863,1,0.0,2823.0,20.0,6.0,1,0.0,2820.0,20.0,5.900000095367432,1,0.0,2819.0,20.0,5.900000095367432,1
2026-03-31 17:19:37,72.63,0.0,2816.0,20.0,5.900000095367432,1,0.0,2810.0,20.0,5.900000095367432,1,0.0,2817.0,20.0,5.800000190734863,1,0.0,2816.0,20.0,6.0,1,0.0,2815.0,20.0,5.900000095367432,1,0.0,2813.0,20.0,5.900000095367432,1
2026-03-31 17:19:38,73.37,0.0,2803.0,20.0,5.900000095367432,1,0.0,2798.0,20.0,5.900000095367432,1,0.0,2804.0,20.0,5.800000190734863,1,0.0,2804.0,20.0,6.0,1,0.0,2802.0,20.0,5.800000190734863,1,0.0,2801.0,20.0,5.900000095367432,1
2026-03-31 17:19:38,74.11,0.0,2797.0,20.0,5.800000190734863,1,0.0,2791.0,20.0,5.800000190734863,1,0.0,2797.0,20.0,5.800000190734863,1,0.0,2797.0,20.0,5.900000095367432,1,0.0,2795.0,20.0,5.800000190734863,1,0.0,2794.0,20.0,5.800000190734863,1
2026-03-31 17:19:39,74.89,0.0,2791.0,20.0,5.800000190734863,1,0.0,2785.0,20.0,5.800000190734863,1,0.0,2792.0,20.0,5.800000190734863,1,0.0,2791.0,20.0,5.900000095367432,1,0.0,2789.0,20.0,5.800000190734863,1,0.0,2789.0,20.0,5.800000190734863,1
2026-03-31 17:19:40,75.66,0.0,2785.0,20.0,5.800000190734863,1,0.0,2779.0,20.0,5.800000190734863,1,0.0,2785.0,20.0,5.800000190734863,1,0.0,2786.0,20.0,5.900000095367432,1,0.0,2783.0,20.0,5.800000190734863,1,0.0,2782.0,20.0,5.800000190734863,1
2026-03-31 17:19:41,76.44,0.0,2779.0,20.0,5.800000190734863,1,0.0,2773.0,20.0,5.800000190734863,1,0.0,2779.0,20.0,5.800000190734863,1,0.0,2779.0,20.0,5.900000095367432,1,0.0,2777.0,20.0,5.800000190734863,1,0.0,2777.0,20.0,5.800000190734863,1
2026-03-31 17:19:41,77.2,0.0,2773.0,20.0,5.800000190734863,1,0.0,2767.0,20.0,5.800000190734863,1,0.0,2773.0,20.0,5.800000190734863,1,0.0,2773.0,20.0,5.900000095367432,1,0.0,2771.0,20.0,5.800000190734863,1,0.0,2770.0,20.0,5.800000190734863,1
2026-03-31 17:19:42,78.01,0.0,2767.0,20.0,5.800000190734863,1,0.0,2760.0,20.0,5.800000190734863,1,0.0,2767.0,20.0,5.800000190734863,1,0.0,2767.0,20.0,5.900000095367432,1,0.0,2765.0,20.0,5.800000190734863,1,0.0,2764.0,20.0,5.800000190734863,1
2026-03-31 17:19:43,78.76,0.0,2760.0,20.0,5.800000190734863,1,0.0,2754.0,20.0,5.800000190734863,1,0.0,2761.0,20.0,5.699999809265137,1,0.0,2761.0,20.0,5.900000095367432,1,0.0,2758.0,20.0,5.699999809265137,1,0.0,2758.0,20.0,5.800000190734863,1
2026-03-31 17:19:44,79.55,0.0,2742.0,20.0,5.699999809265137,1,0.0,2736.0,20.0,5.699999809265137,1,0.0,2743.0,20.0,5.699999809265137,1,0.0,2742.0,20.0,5.800000190734863,1,0.0,2740.0,20.0,5.699999809265137,1,0.0,2739.0,20.0,5.699999809265137,1
2026-03-31 17:19:45,80.32,0.0,2736.0,20.0,5.699999809265137,1,0.0,2729.0,20.0,5.699999809265137,1,0.0,2736.0,20.0,5.699999809265137,1,0.0,2736.0,20.0,5.800000190734863,1,0.0,2734.0,20.0,5.699999809265137,1,0.0,2733.0,20.0,5.699999809265137,1
2026-03-31 17:19:45,81.06,0.0,2730.0,20.0,5.699999809265137,1,0.0,2723.0,20.0,5.699999809265137,1,0.0,2730.0,20.0,5.699999809265137,1,0.0,2730.0,20.0,5.800000190734863,1,0.0,2728.0,20.0,5.699999809265137,1,0.0,2726.0,20.0,5.699999809265137,1
2026-03-31 17:19:46,81.8,0.0,2724.0,20.0,5.699999809265137,1,0.0,2717.0,20.0,5.699999809265137,1,0.0,2724.0,20.0,5.699999809265137,1,0.0,2724.0,20.0,5.800000190734863,1,0.0,2722.0,20.0,5.599999904632568,1,0.0,2720.0,20.0,5.699999809265137,1
2026-03-31 17:19:47,82.54,0.0,2717.0,20.0,5.699999809265137,1,0.0,2711.0,20.0,5.699999809265137,1,0.0,2718.0,20.0,5.599999904632568,1,0.0,2718.0,20.0,5.800000190734863,1,0.0,2716.0,20.0,5.599999904632568,1,0.0,2714.0,20.0,5.699999809265137,1
2026-03-31 17:19:48,83.29,0.0,2711.0,20.0,5.699999809265137,1,0.0,2704.0,20.0,5.599999904632568,1,0.0,2711.0,20.0,5.599999904632568,1,0.0,2712.0,20.0,5.800000190734863,1,0.0,2710.0,20.0,5.599999904632568,1,0.0,2708.0,20.0,5.699999809265137,1
2026-03-31 17:19:48,84.01,0.0,2705.0,20.0,5.599999904632568,1,0.0,2698.0,20.0,5.599999904632568,1,0.0,2705.0,20.0,5.599999904632568,1,0.0,2706.0,20.0,5.699999809265137,1,0.0,2703.0,20.0,5.599999904632568,1,0.0,2702.0,20.0,5.599999904632568,1
2026-03-31 17:19:49,84.73,0.0,2699.0,20.0,5.599999904632568,1,0.0,2692.0,20.0,5.599999904632568,1,0.0,2699.0,20.0,5.599999904632568,1,0.0,2699.0,20.0,5.699999809265137,1,0.0,2697.0,20.0,5.599999904632568,1,0.0,2696.0,20.0,5.599999904632568,1
2026-03-31 17:19:50,85.47,0.0,2693.0,20.0,5.599999904632568,1,0.0,2686.0,20.0,5.599999904632568,1,0.0,2693.0,20.0,5.599999904632568,1,0.0,2693.0,20.0,5.699999809265137,1,0.0,2691.0,20.0,5.599999904632568,1,0.0,2689.0,20.0,5.599999904632568,1
2026-03-31 17:19:50,86.2,0.0,2687.0,20.0,5.599999904632568,1,0.0,2680.0,20.0,5.599999904632568,1,0.0,2687.0,20.0,5.599999904632568,1,0.0,2687.0,20.0,5.699999809265137,1,0.0,2685.0,20.0,5.599999904632568,1,0.0,2683.0,20.0,5.599999904632568,1
2026-03-31 17:19:51,86.93,0.0,2680.0,20.0,5.599999904632568,1,0.0,2674.0,20.0,5.599999904632568,1,0.0,2681.0,20.0,5.599999904632568,1,0.0,2681.0,20.0,5.699999809265137,1,0.0,2679.0,20.0,5.599999904632568,1,0.0,2677.0,20.0,5.599999904632568,1
2026-03-31 17:19:52,87.65,0.0,2674.0,20.0,5.599999904632568,1,0.0,2667.0,20.0,5.599999904632568,1,0.0,2675.0,20.0,5.5,1,0.0,2675.0,20.0,5.699999809265137,1,0.0,2673.0,20.0,5.5,1,0.0,2671.0,20.0,5.599999904632568,1
2026-03-31 17:19:53,88.38,0.0,2668.0,20.0,5.599999904632568,1,0.0,2661.0,20.0,5.5,1,0.0,2669.0,20.0,5.5,1,0.0,2668.0,20.0,5.699999809265137,1,0.0,2666.0,20.0,5.5,1,0.0,2665.0,20.0,5.599999904632568,1
2026-03-31 17:19:53,89.11,0.0,2656.0,20.0,5.5,1,0.0,2649.0,20.0,5.5,1,0.0,2656.0,20.0,5.5,1,0.0,2656.0,20.0,5.599999904632568,1,0.0,2654.0,20.0,5.5,1,0.0,2652.0,20.0,5.5,1
2026-03-31 17:19:54,89.85,0.0,2644.0,20.0,5.5,1,0.0,2636.0,20.0,5.5,1,0.0,2644.0,20.0,5.5,1,0.0,2644.0,20.0,5.599999904632568,1,0.0,2641.0,20.0,5.5,1,0.0,2640.0,20.0,5.5,1
2026-03-31 17:19:55,90.66,0.0,2637.0,20.0,5.5,1,0.0,2630.0,20.0,5.5,1,0.0,2638.0,20.0,5.5,1,0.0,2638.0,20.0,5.599999904632568,1,0.0,2636.0,20.0,5.5,1,0.0,2634.0,20.0,5.5,1
2026-03-31 17:19:56,91.4,0.0,2632.0,20.0,5.5,1,0.0,2624.0,20.0,5.5,1,0.0,2632.0,20.0,5.400000095367432,1,0.0,2632.0,20.0,5.599999904632568,1,0.0,2629.0,20.0,5.5,1,0.0,2628.0,20.0,5.5,1
2026-03-31 17:19:56,92.12,0.0,2625.0,20.0,5.5,1,0.0,2618.0,20.0,5.5,1,0.0,2626.0,20.0,5.400000095367432,1,0.0,2626.0,20.0,5.599999904632568,1,0.0,2623.0,20.0,5.5,1,0.0,2622.0,20.0,5.5,1
2026-03-31 17:19:57,92.86,0.0,2619.0,20.0,5.5,1,0.0,2612.0,20.0,5.5,1,0.0,2620.0,20.0,5.400000095367432,1,0.0,2620.0,20.0,5.5,1,0.0,2617.0,20.0,5.5,1,0.0,2616.0,20.0,5.5,1
2026-03-31 17:19:58,93.6,0.0,2613.0,20.0,5.400000095367432,1,0.0,2605.0,20.0,5.400000095367432,1,0.0,2614.0,20.0,5.400000095367432,1,0.0,2613.0,20.0,5.5,1,0.0,2611.0,20.0,5.400000095367432,1,0.0,2609.0,20.0,5.400000095367432,1
2026-03-31 17:19:59,94.32,0.0,2607.0,20.0,5.400000095367432,1,0.0,2600.0,20.0,5.400000095367432,1,0.0,2608.0,20.0,5.400000095367432,1,0.0,2607.0,20.0,5.5,1,0.0,2605.0,20.0,5.400000095367432,1,0.0,2603.0,20.0,5.400000095367432,1
2026-03-31 17:19:59,95.06,0.0,2601.0,20.0,5.400000095367432,1,0.0,2593.0,20.0,5.400000095367432,1,0.0,2601.0,20.0,5.400000095367432,1,0.0,2601.0,20.0,5.5,1,0.0,2598.0,20.0,5.400000095367432,1,0.0,2597.0,20.0,5.400000095367432,1
2026-03-31 17:20:00,95.78,0.0,2595.0,20.0,5.400000095367432,1,0.0,2587.0,20.0,5.400000095367432,1,0.0,2595.0,20.0,5.400000095367432,1,0.0,2595.0,20.0,5.5,1,0.0,2592.0,20.0,5.400000095367432,1,0.0,2591.0,20.0,5.400000095367432,1
2026-03-31 17:20:01,96.52,0.0,2589.0,20.0,5.400000095367432,1,0.0,2581.0,20.0,5.400000095367432,1,0.0,2589.0,20.0,5.400000095367432,1,0.0,2589.0,20.0,5.5,1,0.0,2586.0,20.0,5.400000095367432,1,0.0,2585.0,20.0,5.400000095367432,1
2026-03-31 17:20:02,97.26,0.0,2582.0,20.0,5.400000095367432,1,0.0,2575.0,20.0,5.400000095367432,1,0.0,2582.0,20.0,5.300000190734863,1,0.0,2582.0,20.0,5.5,1,0.0,2580.0,20.0,5.400000095367432,1,0.0,2579.0,20.0,5.400000095367432,1
2026-03-31 17:20:02,98.0,0.0,2570.0,20.0,5.400000095367432,1,0.0,2562.0,20.0,5.300000190734863,1,0.0,2571.0,20.0,5.300000190734863,1,0.0,2570.0,20.0,5.400000095367432,1,0.0,2568.0,20.0,5.300000190734863,1,0.0,2566.0,20.0,5.400000095367432,1
2026-03-31 17:20:03,98.77,0.0,2564.0,20.0,5.300000190734863,1,0.0,2556.0,20.0,5.300000190734863,1,0.0,2565.0,20.0,5.300000190734863,1,0.0,2565.0,20.0,5.400000095367432,1,0.0,2562.0,20.0,5.300000190734863,1,0.0,2560.0,20.0,5.400000095367432,1
2026-03-31 17:20:04,99.52,0.0,2551.0,20.0,5.300000190734863,1,0.0,2544.0,20.0,5.300000190734863,1,0.0,2551.0,20.0,5.300000190734863,1,0.0,2552.0,20.0,5.400000095367432,1,0.0,2549.0,20.0,5.300000190734863,1,0.0,2548.0,20.0,5.300000190734863,1
2026-03-31 17:20:05,100.26,0.0,2545.0,20.0,5.300000190734863,1,0.0,2537.0,20.0,5.300000190734863,1,0.0,2546.0,20.0,5.300000190734863,1,0.0,2546.0,20.0,5.400000095367432,1,0.0,2543.0,20.0,5.300000190734863,1,0.0,2542.0,20.0,5.300000190734863,1
2026-03-31 17:20:05,101.09,0.0,2539.0,20.0,5.300000190734863,1,0.0,2531.0,20.0,5.300000190734863,1,0.0,2540.0,20.0,5.199999809265137,1,0.0,2540.0,20.0,5.400000095367432,1,0.0,2537.0,20.0,5.300000190734863,1,0.0,2535.0,20.0,5.300000190734863,1
2026-03-31 17:20:06,101.81,0.0,2533.0,20.0,5.300000190734863,1,0.0,2525.0,20.0,5.300000190734863,1,0.0,2533.0,20.0,5.199999809265137,1,0.0,2534.0,20.0,5.400000095367432,1,0.0,2531.0,20.0,5.300000190734863,1,0.0,2530.0,20.0,5.300000190734863,1
2026-03-31 17:20:07,102.54,0.0,2527.0,20.0,5.300000190734863,1,0.0,2518.0,20.0,5.300000190734863,1,0.0,2528.0,20.0,5.199999809265137,1,0.0,2528.0,20.0,5.400000095367432,1,0.0,2525.0,20.0,5.199999809265137,1,0.0,2523.0,20.0,5.300000190734863,1
2026-03-31 17:20:08,103.31,0.0,2521.0,20.0,5.199999809265137,1,0.0,2513.0,20.0,5.199999809265137,1,0.0,2521.0,20.0,5.199999809265137,1,0.0,2521.0,20.0,5.400000095367432,1,0.0,2518.0,20.0,5.199999809265137,1,0.0,2517.0,20.0,5.300000190734863,1
2026-03-31 17:20:08,104.07,0.0,2514.0,20.0,5.199999809265137,1,0.0,2507.0,20.0,5.199999809265137,1,0.0,2516.0,20.0,5.199999809265137,1,0.0,2515.0,20.0,5.300000190734863,1,0.0,2513.0,20.0,5.199999809265137,1,0.0,2511.0,20.0,5.300000190734863,1
2026-03-31 17:20:09,104.82,0.0,2509.0,20.0,5.199999809265137,1,0.0,2500.0,20.0,5.199999809265137,1,0.0,2510.0,20.0,5.199999809265137,1,0.0,2509.0,20.0,5.300000190734863,1,0.0,2506.0,20.0,5.199999809265137,1,0.0,2505.0,20.0,5.199999809265137,1
2026-03-31 17:20:10,105.55,0.0,2502.0,20.0,5.199999809265137,1,0.0,2494.0,20.0,5.199999809265137,1,0.0,2503.0,20.0,5.199999809265137,1,0.0,2503.0,20.0,5.300000190734863,1,0.0,2500.0,20.0,5.199999809265137,1,0.0,2498.0,20.0,5.199999809265137,1
2026-03-31 17:20:11,106.28,0.0,2496.0,20.0,5.199999809265137,1,0.0,2488.0,20.0,5.199999809265137,1,0.0,2497.0,20.0,5.199999809265137,1,0.0,2496.0,20.0,5.300000190734863,1,0.0,2494.0,20.0,5.199999809265137,1,0.0,2493.0,20.0,5.199999809265137,1
2026-03-31 17:20:11,107.01,0.0,2484.0,20.0,5.199999809265137,1,0.0,2475.0,20.0,5.199999809265137,1,0.0,2485.0,20.0,5.099999904632568,1,0.0,2484.0,20.0,5.300000190734863,1,0.0,2481.0,20.0,5.199999809265137,1,0.0,2480.0,20.0,5.199999809265137,1
2026-03-31 17:20:12,107.77,0.0,2472.0,20.0,5.199999809265137,1,0.0,2463.0,20.0,5.099999904632568,1,0.0,2472.0,20.0,5.099999904632568,1,0.0,2473.0,20.0,5.199999809265137,1,0.0,2470.0,20.0,5.099999904632568,1,0.0,2467.0,20.0,5.199999809265137,1
2026-03-31 17:20:13,108.52,0.0,2465.0,20.0,5.099999904632568,1,0.0,2457.0,20.0,5.099999904632568,1,0.0,2466.0,20.0,5.099999904632568,1,0.0,2466.0,20.0,5.199999809265137,1,0.0,2463.0,20.0,5.099999904632568,1,0.0,2461.0,20.0,5.099999904632568,1
2026-03-31 17:20:14,109.31,0.0,2459.0,20.0,5.099999904632568,1,0.0,2451.0,20.0,5.099999904632568,1,0.0,2460.0,20.0,5.099999904632568,1,0.0,2460.0,20.0,5.199999809265137,1,0.0,2457.0,20.0,5.099999904632568,1,0.0,2455.0,20.0,5.099999904632568,1
2026-03-31 17:20:14,110.05,0.0,2453.0,20.0,5.099999904632568,1,0.0,2444.0,20.0,5.099999904632568,1,0.0,2453.0,20.0,5.099999904632568,1,0.0,2454.0,20.0,5.199999809265137,1,0.0,2450.0,20.0,5.099999904632568,1,0.0,2449.0,20.0,5.099999904632568,1
2026-03-31 17:20:15,110.8,0.0,2447.0,20.0,5.099999904632568,1,0.0,2438.0,20.0,5.099999904632568,1,0.0,2447.0,20.0,5.099999904632568,1,0.0,2448.0,20.0,5.199999809265137,1,0.0,2444.0,20.0,5.099999904632568,1,0.0,2443.0,20.0,5.099999904632568,1
2026-03-31 17:20:16,111.53,0.0,2441.0,20.0,5.099999904632568,1,0.0,2432.0,20.0,5.099999904632568,1,0.0,2442.0,20.0,5.099999904632568,1,0.0,2441.0,20.0,5.199999809265137,1,0.0,2438.0,20.0,5.0,1,0.0,2436.0,20.0,5.099999904632568,1
2026-03-31 17:20:17,112.29,0.0,2435.0,20.0,5.099999904632568,1,0.0,2426.0,20.0,5.0,1,0.0,2435.0,20.0,5.099999904632568,1,0.0,2435.0,20.0,5.099999904632568,1,0.0,2432.0,20.0,5.0,1,0.0,2430.0,20.0,5.099999904632568,1
2026-03-31 17:20:17,113.03,0.0,2429.0,20.0,5.099999904632568,1,0.0,2420.0,20.0,5.0,1,0.0,2430.0,20.0,5.0,1,0.0,2430.0,20.0,5.099999904632568,1,0.0,2426.0,20.0,5.0,1,0.0,2424.0,20.0,5.099999904632568,1
2026-03-31 17:20:18,113.76,0.0,2422.0,20.0,5.099999904632568,1,0.0,2414.0,20.0,5.0,1,0.0,2423.0,20.0,5.0,1,0.0,2424.0,20.0,5.099999904632568,1,0.0,2420.0,20.0,5.0,1,0.0,2419.0,20.0,5.0,1
2026-03-31 17:20:19,114.51,0.0,2417.0,20.0,5.099999904632568,1,0.0,2407.0,20.0,5.0,1,0.0,2417.0,20.0,5.0,1,0.0,2417.0,20.0,5.099999904632568,1,0.0,2414.0,20.0,5.0,1,0.0,2412.0,20.0,5.0,1
2026-03-31 17:20:20,115.26,0.0,2410.0,20.0,5.0,1,0.0,2401.0,20.0,5.0,1,0.0,2411.0,20.0,5.0,1,0.0,2410.0,20.0,5.099999904632568,1,0.0,2407.0,20.0,5.0,1,0.0,2405.0,20.0,5.0,1
2026-03-31 17:20:20,116.04,0.0,2392.0,20.0,5.0,1,0.0,2382.0,20.0,5.0,1,0.0,2393.0,20.0,4.900000095367432,1,0.0,2392.0,20.0,5.099999904632568,1,0.0,2389.0,20.0,4.900000095367432,1,0.0,2387.0,20.0,5.0,1
2026-03-31 17:20:21,116.79,0.0,2386.0,20.0,5.0,1,0.0,2376.0,20.0,4.900000095367432,1,0.0,2387.0,20.0,4.900000095367432,1,0.0,2386.0,20.0,5.099999904632568,1,0.0,2383.0,20.0,4.900000095367432,1,0.0,2381.0,20.0,5.0,1
2026-03-31 17:20:22,117.52,0.0,2379.0,20.0,4.900000095367432,1,0.0,2370.0,20.0,4.900000095367432,1,0.0,2381.0,20.0,4.900000095367432,1,0.0,2380.0,20.0,5.0,1,0.0,2377.0,20.0,4.900000095367432,1,0.0,2375.0,20.0,5.0,1
2026-03-31 17:20:23,118.27,0.0,2373.0,20.0,4.900000095367432,1,0.0,2364.0,20.0,4.900000095367432,1,0.0,2374.0,20.0,4.900000095367432,1,0.0,2374.0,20.0,5.0,1,0.0,2370.0,20.0,4.900000095367432,1,0.0,2368.0,20.0,5.0,1
2026-03-31 17:20:23,119.01,0.0,2367.0,20.0,4.900000095367432,1,0.0,2358.0,20.0,4.900000095367432,1,0.0,2368.0,20.0,4.900000095367432,1,0.0,2367.0,20.0,5.0,1,0.0,2364.0,20.0,4.900000095367432,1,0.0,2363.0,20.0,4.900000095367432,1
2026-03-31 17:20:24,119.74,0.0,2361.0,20.0,4.900000095367432,1,0.0,2352.0,20.0,4.900000095367432,1,0.0,2362.0,20.0,4.900000095367432,1,0.0,2362.0,20.0,5.0,1,0.0,2358.0,20.0,4.900000095367432,1,0.0,2357.0,20.0,4.900000095367432,1
2026-03-31 17:20:25,120.48,0.0,2355.0,20.0,4.900000095367432,1,0.0,2346.0,20.0,4.900000095367432,1,0.0,2356.0,20.0,4.900000095367432,1,0.0,2356.0,20.0,5.0,1,0.0,2352.0,20.0,4.900000095367432,1,0.0,2351.0,20.0,4.900000095367432,1
2026-03-31 17:20:25,121.21,0.0,2349.0,20.0,4.900000095367432,1,0.0,2339.0,20.0,4.900000095367432,1,0.0,2350.0,20.0,4.900000095367432,1,0.0,2350.0,20.0,5.0,1,0.0,2346.0,20.0,4.900000095367432,1,0.0,2344.0,20.0,4.900000095367432,1
2026-03-31 17:20:26,121.94,0.0,2343.0,20.0,4.900000095367432,1,0.0,2334.0,20.0,4.900000095367432,1,0.0,2344.0,20.0,4.800000190734863,1,0.0,2343.0,20.0,5.0,1,0.0,2340.0,20.0,4.800000190734863,1,0.0,2338.0,20.0,4.900000095367432,1
2026-03-31 17:20:27,122.69,0.0,2337.0,20.0,4.900000095367432,1,0.0,2327.0,20.0,4.800000190734863,1,0.0,2338.0,20.0,4.800000190734863,1,0.0,2338.0,20.0,4.900000095367432,1,0.0,2334.0,20.0,4.800000190734863,1,0.0,2332.0,20.0,4.900000095367432,1
2026-03-31 17:20:28,123.48,0.0,2330.0,20.0,4.800000190734863,1,0.0,2321.0,20.0,4.800000190734863,1,0.0,2332.0,20.0,4.800000190734863,1,0.0,2332.0,20.0,4.900000095367432,1,0.0,2328.0,20.0,4.800000190734863,1,0.0,2326.0,20.0,4.900000095367432,1
2026-03-31 17:20:28,124.2,0.0,2325.0,20.0,4.800000190734863,1,0.0,2315.0,20.0,4.800000190734863,1,0.0,2326.0,20.0,4.800000190734863,1,0.0,2325.0,20.0,4.900000095367432,1,0.0,2322.0,20.0,4.800000190734863,1,0.0,2320.0,20.0,4.800000190734863,1
2026-03-31 17:20:29,124.94,0.0,2306.0,20.0,4.800000190734863,1,0.0,2296.0,20.0,4.800000190734863,1,0.0,2307.0,20.0,4.800000190734863,1,0.0,2307.0,20.0,4.900000095367432,1,0.0,2303.0,20.0,4.800000190734863,1,0.0,2301.0,20.0,4.800000190734863,1
2026-03-31 17:20:30,125.68,0.0,2300.0,20.0,4.800000190734863,1,0.0,2289.0,20.0,4.800000190734863,1,0.0,2301.0,20.0,4.800000190734863,1,0.0,2301.0,20.0,4.800000190734863,1,0.0,2298.0,20.0,4.800000190734863,1,0.0,2294.0,20.0,4.800000190734863,1
2026-03-31 17:20:31,126.43,0.0,2294.0,20.0,4.800000190734863,1,0.0,2283.0,20.0,4.699999809265137,1,0.0,2295.0,20.0,4.699999809265137,1,0.0,2294.0,20.0,4.800000190734863,1,0.0,2291.0,20.0,4.800000190734863,1,0.0,2288.0,20.0,4.800000190734863,1
2026-03-31 17:20:31,127.15,0.0,2287.0,20.0,4.800000190734863,1,0.0,2277.0,20.0,4.699999809265137,1,0.0,2289.0,20.0,4.699999809265137,1,0.0,2289.0,20.0,4.800000190734863,1,0.0,2285.0,20.0,4.699999809265137,1,0.0,2283.0,20.0,4.800000190734863,1
2026-03-31 17:20:32,127.89,0.0,2281.0,20.0,4.699999809265137,1,0.0,2271.0,20.0,4.699999809265137,1,0.0,2282.0,20.0,4.699999809265137,1,0.0,2282.0,20.0,4.800000190734863,1,0.0,2278.0,20.0,4.699999809265137,1,0.0,2276.0,20.0,4.699999809265137,1
2026-03-31 17:20:33,128.63,0.0,2275.0,20.0,4.699999809265137,1,0.0,2265.0,20.0,4.699999809265137,1,0.0,2276.0,20.0,4.699999809265137,1,0.0,2276.0,20.0,4.800000190734863,1,0.0,2272.0,20.0,4.699999809265137,1,0.0,2270.0,20.0,4.699999809265137,1
2026-03-31 17:20:34,129.37,0.0,2269.0,20.0,4.699999809265137,1,0.0,2259.0,20.0,4.699999809265137,1,0.0,2270.0,20.0,4.699999809265137,1,0.0,2270.0,20.0,4.800000190734863,1,0.0,2266.0,20.0,4.699999809265137,1,0.0,2264.0,20.0,4.699999809265137,1
2026-03-31 17:20:34,130.11,0.0,2263.0,20.0,4.699999809265137,1,0.0,2252.0,20.0,4.699999809265137,1,0.0,2264.0,20.0,4.699999809265137,1,0.0,2264.0,20.0,4.800000190734863,1,0.0,2260.0,20.0,4.699999809265137,1,0.0,2258.0,20.0,4.699999809265137,1
2026-03-31 17:20:35,130.86,0.0,2257.0,20.0,4.699999809265137,1,0.0,2246.0,20.0,4.699999809265137,1,0.0,2257.0,20.0,4.699999809265137,1,0.0,2258.0,20.0,4.800000190734863,1,0.0,2254.0,20.0,4.699999809265137,1,0.0,2251.0,20.0,4.699999809265137,1
2026-03-31 17:20:36,131.58,0.0,2251.0,20.0,4.699999809265137,1,0.0,2240.0,20.0,4.699999809265137,1,0.0,2251.0,20.0,4.699999809265137,1,0.0,2251.0,20.0,4.800000190734863,1,0.0,2248.0,20.0,4.699999809265137,1,0.0,2245.0,20.0,4.699999809265137,1
2026-03-31 17:20:37,132.32,0.0,2244.0,20.0,4.699999809265137,1,0.0,2234.0,20.0,4.699999809265137,1,0.0,2245.0,20.0,4.599999904632568,1,0.0,2245.0,20.0,4.699999809265137,1,0.0,2241.0,20.0,4.699999809265137,1,0.0,2239.0,20.0,4.699999809265137,1
2026-03-31 17:20:37,133.05,0.0,2238.0,20.0,4.699999809265137,1,0.0,2228.0,20.0,4.699999809265137,1,0.0,2239.0,20.0,4.599999904632568,1,0.0,2239.0,20.0,4.699999809265137,1,0.0,2235.0,20.0,4.599999904632568,1,0.0,2233.0,20.0,4.699999809265137,1
2026-03-31 17:20:38,133.82,0.0,2232.0,20.0,4.599999904632568,1,0.0,2221.0,20.0,4.599999904632568,1,0.0,2233.0,20.0,4.599999904632568,1,0.0,2233.0,20.0,4.699999809265137,1,0.0,2229.0,20.0,4.599999904632568,1,0.0,2227.0,20.0,4.699999809265137,1
2026-03-31 17:20:39,134.57,0.0,2214.0,20.0,4.599999904632568,1,0.0,2203.0,20.0,4.599999904632568,1,0.0,2215.0,20.0,4.599999904632568,1,0.0,2214.0,20.0,4.699999809265137,1,0.0,2211.0,20.0,4.599999904632568,1,0.0,2208.0,20.0,4.599999904632568,1
2026-03-31 17:20:40,135.3,0.0,2208.0,20.0,4.599999904632568,1,0.0,2197.0,20.0,4.599999904632568,1,0.0,2209.0,20.0,4.599999904632568,1,0.0,2208.0,20.0,4.699999809265137,1,0.0,2205.0,20.0,4.599999904632568,1,0.0,2202.0,20.0,4.599999904632568,1
2026-03-31 17:20:40,136.01,0.0,2201.0,20.0,4.599999904632568,1,0.0,2191.0,20.0,4.599999904632568,1,0.0,2203.0,20.0,4.5,1,0.0,2202.0,20.0,4.699999809265137,1,0.0,2198.0,20.0,4.599999904632568,1,0.0,2196.0,20.0,4.599999904632568,1
2026-03-31 17:20:41,136.82,0.0,2195.0,20.0,4.599999904632568,1,0.0,2185.0,20.0,4.599999904632568,1,0.0,2196.0,20.0,4.5,1,0.0,2196.0,20.0,4.699999809265137,1,0.0,2192.0,20.0,4.599999904632568,1,0.0,2190.0,20.0,4.599999904632568,1
2026-03-31 17:20:42,137.55,0.0,2189.0,20.0,4.599999904632568,1,0.0,2178.0,20.0,4.599999904632568,1,0.0,2190.0,20.0,4.5,1,0.0,2189.0,20.0,4.599999904632568,1,0.0,2186.0,20.0,4.5,1,0.0,2184.0,20.0,4.599999904632568,1
2026-03-31 17:20:43,138.29,0.0,2183.0,20.0,4.5,1,0.0,2172.0,20.0,4.5,1,0.0,2184.0,20.0,4.5,1,0.0,2183.0,20.0,4.599999904632568,1,0.0,2180.0,20.0,4.5,1,0.0,2178.0,20.0,4.599999904632568,1
2026-03-31 17:20:43,139.03,0.0,2177.0,20.0,4.5,1,0.0,2166.0,20.0,4.5,1,0.0,2178.0,20.0,4.5,1,0.0,2178.0,20.0,4.599999904632568,1,0.0,2174.0,20.0,4.5,1,0.0,2172.0,20.0,4.5,1
2026-03-31 17:20:44,139.77,0.0,2171.0,20.0,4.5,1,0.0,2159.0,20.0,4.5,1,0.0,2172.0,20.0,4.5,1,0.0,2172.0,20.0,4.599999904632568,1,0.0,2167.0,20.0,4.5,1,0.0,2164.0,20.0,4.5,1
2026-03-31 17:20:45,140.54,0.0,2165.0,20.0,4.5,1,0.0,2154.0,20.0,4.5,1,0.0,2166.0,20.0,4.5,1,0.0,2166.0,20.0,4.599999904632568,1,0.0,2162.0,20.0,4.5,1,0.0,2159.0,20.0,4.5,1
2026-03-31 17:20:46,141.26,0.0,2159.0,20.0,4.5,1,0.0,2147.0,20.0,4.5,1,0.0,2159.0,20.0,4.5,1,0.0,2159.0,20.0,4.599999904632568,1,0.0,2155.0,20.0,4.5,1,0.0,2153.0,20.0,4.5,1
2026-03-31 17:20:46,141.99,0.0,2152.0,20.0,4.5,1,0.0,2141.0,20.0,4.5,1,0.0,2153.0,20.0,4.5,1,0.0,2153.0,20.0,4.599999904632568,1,0.0,2149.0,20.0,4.5,1,0.0,2147.0,20.0,4.5,1
2026-03-31 17:20:47,142.73,0.0,2146.0,20.0,4.5,1,0.0,2135.0,20.0,4.400000095367432,1,0.0,2147.0,20.0,4.400000095367432,1,0.0,2147.0,20.0,4.5,1,0.0,2143.0,20.0,4.400000095367432,1,0.0,2140.0,20.0,4.5,1
2026-03-31 17:20:48,143.47,0.0,2134.0,20.0,4.5,1,0.0,2122.0,20.0,4.400000095367432,1,0.0,2135.0,20.0,4.400000095367432,1,0.0,2134.0,20.0,4.5,1,0.0,2131.0,20.0,4.400000095367432,1,0.0,2128.0,20.0,4.5,1
2026-03-31 17:20:48,144.19,0.0,2122.0,20.0,4.400000095367432,1,0.0,2110.0,20.0,4.400000095367432,1,0.0,2122.0,20.0,4.400000095367432,1,0.0,2122.0,20.0,4.5,1,0.0,2118.0,20.0,4.400000095367432,1,0.0,2115.0,20.0,4.400000095367432,1
2026-03-31 17:20:49,144.92,0.0,2116.0,20.0,4.400000095367432,1,0.0,2104.0,20.0,4.400000095367432,1,0.0,2117.0,20.0,4.400000095367432,1,0.0,2116.0,20.0,4.5,1,0.0,2112.0,20.0,4.400000095367432,1,0.0,2110.0,20.0,4.400000095367432,1
2026-03-31 17:20:50,145.66,0.0,2109.0,20.0,4.400000095367432,1,0.0,2098.0,20.0,4.400000095367432,1,0.0,2110.0,20.0,4.400000095367432,1,0.0,2110.0,20.0,4.5,1,0.0,2106.0,20.0,4.400000095367432,1,0.0,2104.0,20.0,4.400000095367432,1
2026-03-31 17:20:51,146.48,0.0,2103.0,20.0,4.400000095367432,1,0.0,2092.0,20.0,4.400000095367432,1,0.0,2104.0,20.0,4.400000095367432,1,0.0,2104.0,20.0,4.5,1,0.0,2100.0,20.0,4.300000190734863,1,0.0,2097.0,20.0,4.400000095367432,1
2026-03-31 17:20:51,147.2,0.0,2097.0,20.0,4.400000095367432,1,0.0,2085.0,20.0,4.300000190734863,1,0.0,2098.0,20.0,4.300000190734863,1,0.0,2097.0,20.0,4.400000095367432,1,0.0,2094.0,20.0,4.300000190734863,1,0.0,2091.0,20.0,4.400000095367432,1
2026-03-31 17:20:52,147.92,0.0,2091.0,20.0,4.400000095367432,1,0.0,2079.0,20.0,4.300000190734863,1,0.0,2092.0,20.0,4.300000190734863,1,0.0,2092.0,20.0,4.400000095367432,1,0.0,2088.0,20.0,4.300000190734863,1,0.0,2085.0,20.0,4.400000095367432,1
2026-03-31 17:20:53,148.65,0.0,2085.0,20.0,4.300000190734863,1,0.0,2073.0,20.0,4.300000190734863,1,0.0,2086.0,20.0,4.300000190734863,1,0.0,2086.0,20.0,4.400000095367432,1,0.0,2081.0,20.0,4.300000190734863,1,0.0,2078.0,20.0,4.400000095367432,1
2026-03-31 17:20:54,149.38,0.0,2079.0,20.0,4.300000190734863,1,0.0,2067.0,20.0,4.300000190734863,1,0.0,2080.0,20.0,4.300000190734863,1,0.0,2080.0,20.0,4.400000095367432,1,0.0,2075.0,20.0,4.300000190734863,1,0.0,2073.0,20.0,4.300000190734863,1
2026-03-31 17:20:54,150.11,0.0,2072.0,20.0,4.300000190734863,1,0.0,2061.0,20.0,4.300000190734863,1,0.0,2074.0,20.0,4.300000190734863,1,0.0,2073.0,20.0,4.400000095367432,1,0.0,2069.0,20.0,4.300000190734863,1,0.0,2066.0,20.0,4.300000190734863,1
2026-03-31 17:20:55,150.85,0.0,2066.0,20.0,4.300000190734863,1,0.0,2054.0,20.0,4.300000190734863,1,0.0,2068.0,20.0,4.300000190734863,1,0.0,2067.0,20.0,4.400000095367432,1,0.0,2063.0,20.0,4.300000190734863,1,0.0,2060.0,20.0,4.300000190734863,1
2026-03-31 17:20:56,151.61,0.0,2060.0,20.0,4.300000190734863,1,0.0,2048.0,20.0,4.300000190734863,1,0.0,2062.0,20.0,4.300000190734863,1,0.0,2061.0,20.0,4.400000095367432,1,0.0,2057.0,20.0,4.300000190734863,1,0.0,2054.0,20.0,4.300000190734863,1
2026-03-31 17:20:57,152.38,0.0,2048.0,20.0,4.300000190734863,1,0.0,2036.0,20.0,4.199999809265137,1,0.0,2049.0,20.0,4.199999809265137,1,0.0,2049.0,20.0,4.300000190734863,1,0.0,2044.0,20.0,4.199999809265137,1,0.0,2042.0,20.0,4.300000190734863,1
2026-03-31 17:20:57,153.1,0.0,2042.0,20.0,4.300000190734863,1,0.0,2030.0,20.0,4.199999809265137,1,0.0,2043.0,20.0,4.199999809265137,1,0.0,2042.0,20.0,4.300000190734863,1,0.0,2038.0,20.0,4.199999809265137,1,0.0,2035.0,20.0,4.300000190734863,1
2026-03-31 17:20:58,153.83,0.0,2029.0,20.0,4.199999809265137,1,0.0,2017.0,20.0,4.199999809265137,1,0.0,2031.0,20.0,4.199999809265137,1,0.0,2030.0,20.0,4.300000190734863,1,0.0,2026.0,20.0,4.199999809265137,1,0.0,2023.0,20.0,4.199999809265137,1
2026-03-31 17:20:59,154.69,0.0,2023.0,20.0,4.199999809265137,1,0.0,2011.0,20.0,4.199999809265137,1,0.0,2025.0,20.0,4.199999809265137,1,0.0,2024.0,20.0,4.300000190734863,1,0.0,2020.0,20.0,4.199999809265137,1,0.0,2017.0,20.0,4.199999809265137,1
2026-03-31 17:21:00,155.41,0.0,2017.0,20.0,4.199999809265137,1,0.0,2005.0,20.0,4.199999809265137,1,0.0,2018.0,20.0,4.199999809265137,1,0.0,2018.0,20.0,4.300000190734863,1,0.0,2013.0,20.0,4.199999809265137,1,0.0,2011.0,20.0,4.199999809265137,1
2026-03-31 17:21:00,156.15,0.0,2011.0,20.0,4.199999809265137,1,0.0,1999.0,20.0,4.199999809265137,1,0.0,2012.0,20.0,4.199999809265137,1,0.0,2011.0,20.0,4.199999809265137,1,0.0,2007.0,20.0,4.199999809265137,1,0.0,2005.0,20.0,4.199999809265137,1
2026-03-31 17:21:01,156.92,0.0,2004.0,20.0,4.199999809265137,1,0.0,1992.0,20.0,4.099999904632568,1,0.0,2006.0,20.0,4.199999809265137,1,0.0,2005.0,20.0,4.199999809265137,1,0.0,2001.0,20.0,4.099999904632568,1,0.0,1998.0,20.0,4.199999809265137,1
2026-03-31 17:21:02,157.67,0.0,1999.0,20.0,4.199999809265137,1,0.0,1986.0,20.0,4.099999904632568,1,0.0,1999.0,20.0,4.099999904632568,1,0.0,1999.0,20.0,4.199999809265137,1,0.0,1995.0,20.0,4.099999904632568,1,0.0,1991.0,20.0,4.199999809265137,1
2026-03-31 17:21:03,158.51,0.0,1992.0,20.0,4.199999809265137,1,0.0,1980.0,20.0,4.099999904632568,1,0.0,1993.0,20.0,4.099999904632568,1,0.0,1993.0,20.0,4.199999809265137,1,0.0,1989.0,20.0,4.099999904632568,1,0.0,1986.0,20.0,4.099999904632568,1
2026-03-31 17:21:04,159.31,0.0,1986.0,20.0,4.099999904632568,1,0.0,1974.0,20.0,4.099999904632568,1,0.0,1988.0,20.0,4.099999904632568,1,0.0,1987.0,20.0,4.199999809265137,1,0.0,1983.0,20.0,4.099999904632568,1,0.0,1980.0,20.0,4.099999904632568,1
2026-03-31 17:21:04,160.07,0.0,1974.0,20.0,4.099999904632568,1,0.0,1961.0,20.0,4.099999904632568,1,0.0,1975.0,20.0,4.099999904632568,1,0.0,1975.0,20.0,4.199999809265137,1,0.0,1970.0,20.0,4.099999904632568,1,0.0,1967.0,20.0,4.099999904632568,1
2026-03-31 17:21:05,160.8,0.0,1963.0,20.0,4.099999904632568,1,0.0,1950.0,20.0,4.0,1,0.0,1966.0,20.0,4.099999904632568,1,0.0,1969.0,20.0,4.199999809265137,1,0.0,1964.0,20.0,4.099999904632568,1,0.0,1961.0,20.0,4.099999904632568,1
2026-03-31 17:21:06,161.57,0.0,1955.0,20.0,4.099999904632568,1,0.0,1943.0,20.0,4.0,1,0.0,1957.0,20.0,4.0,1,0.0,1956.0,20.0,4.099999904632568,1,0.0,1952.0,20.0,4.0,1,0.0,1949.0,20.0,4.099999904632568,1
2026-03-31 17:21:07,162.32,0.0,1949.0,20.0,4.0,1,0.0,1936.0,20.0,4.0,1,0.0,1950.0,20.0,4.0,1,0.0,1950.0,20.0,4.099999904632568,1,0.0,1945.0,20.0,4.0,1,0.0,1942.0,20.0,4.099999904632568,1
2026-03-31 17:21:07,163.11,0.0,1943.0,20.0,4.0,1,0.0,1930.0,20.0,4.0,1,0.0,1945.0,20.0,4.0,1,0.0,1944.0,20.0,4.099999904632568,1,0.0,1939.0,20.0,4.0,1,0.0,1936.0,20.0,4.0,1
2026-03-31 17:21:08,163.89,0.0,1937.0,20.0,4.0,1,0.0,1924.0,20.0,4.0,1,0.0,1938.0,20.0,4.0,1,0.0,1938.0,20.0,4.099999904632568,1,0.0,1933.0,20.0,4.0,1,0.0,1930.0,20.0,4.0,1
2026-03-31 17:21:09,164.63,0.0,1931.0,20.0,4.0,1,0.0,1918.0,20.0,4.0,1,0.0,1932.0,20.0,4.0,1,0.0,1931.0,20.0,4.099999904632568,1,0.0,1927.0,20.0,4.0,1,0.0,1924.0,20.0,4.0,1
2026-03-31 17:21:10,165.41,0.0,1925.0,20.0,4.0,1,0.0,1912.0,20.0,4.0,1,0.0,1926.0,20.0,4.0,1,0.0,1926.0,20.0,4.099999904632568,1,0.0,1921.0,20.0,4.0,1,0.0,1918.0,20.0,4.0,1
2026-03-31 17:21:10,166.14,0.0,1919.0,20.0,4.0,1,0.0,1905.0,20.0,4.0,1,0.0,1920.0,20.0,4.0,1,0.0,1920.0,20.0,4.099999904632568,1,0.0,1915.0,20.0,4.0,1,0.0,1912.0,20.0,4.0,1
2026-03-31 17:21:11,166.9,0.0,1907.0,20.0,4.0,1,0.0,1893.0,20.0,4.0,1,0.0,1908.0,20.0,3.9000000953674316,1,0.0,1907.0,20.0,4.0,1,0.0,1902.0,20.0,3.9000000953674316,1,0.0,1899.0,20.0,4.0,1
2026-03-31 17:21:12,167.7,0.0,1900.0,20.0,3.9000000953674316,1,0.0,1887.0,20.0,3.9000000953674316,1,0.0,1902.0,20.0,3.9000000953674316,1,0.0,1901.0,20.0,4.0,1,0.0,1896.0,20.0,3.9000000953674316,1,0.0,1892.0,20.0,4.0,1
2026-03-31 17:21:13,168.43,0.0,1894.0,20.0,3.9000000953674316,1,0.0,1880.0,20.0,3.9000000953674316,1,0.0,1895.0,20.0,3.9000000953674316,1,0.0,1895.0,20.0,4.0,1,0.0,1890.0,20.0,3.9000000953674316,1,0.0,1887.0,20.0,3.9000000953674316,1
2026-03-31 17:21:13,169.17,0.0,1888.0,20.0,3.9000000953674316,1,0.0,1874.0,20.0,3.9000000953674316,1,0.0,1889.0,20.0,3.9000000953674316,1,0.0,1889.0,20.0,4.0,1,0.0,1884.0,20.0,3.9000000953674316,1,0.0,1881.0,20.0,3.9000000953674316,1
2026-03-31 17:21:14,169.9,0.0,1882.0,20.0,3.9000000953674316,1,0.0,1868.0,20.0,3.9000000953674316,1,0.0,1883.0,20.0,3.9000000953674316,1,0.0,1883.0,20.0,4.0,1,0.0,1878.0,20.0,3.9000000953674316,1,0.0,1875.0,20.0,3.9000000953674316,1
2026-03-31 17:21:15,170.62,0.0,1870.0,20.0,3.9000000953674316,1,0.0,1856.0,20.0,3.9000000953674316,1,0.0,1871.0,20.0,3.9000000953674316,1,0.0,1870.0,20.0,4.0,1,0.0,1866.0,20.0,3.9000000953674316,1,0.0,1862.0,20.0,3.9000000953674316,1
2026-03-31 17:21:16,171.4,0.0,1863.0,20.0,3.9000000953674316,1,0.0,1850.0,20.0,3.799999952316284,1,0.0,1865.0,20.0,3.799999952316284,1,0.0,1864.0,20.0,3.9000000953674316,1,0.0,1859.0,20.0,3.9000000953674316,1,0.0,1856.0,20.0,3.9000000953674316,1
2026-03-31 17:21:16,172.13,0.0,1857.0,20.0,3.9000000953674316,1,0.0,1843.0,20.0,3.799999952316284,1,0.0,1858.0,20.0,3.799999952316284,1,0.0,1858.0,20.0,3.9000000953674316,1,0.0,1853.0,20.0,3.9000000953674316,1,0.0,1850.0,20.0,3.9000000953674316,1
2026-03-31 17:21:17,172.87,0.0,1851.0,20.0,3.799999952316284,1,0.0,1837.0,20.0,3.799999952316284,1,0.0,1852.0,20.0,3.799999952316284,1,0.0,1852.0,20.0,3.9000000953674316,1,0.0,1847.0,20.0,3.799999952316284,1,0.0,1844.0,20.0,3.9000000953674316,1
2026-03-31 17:21:18,173.61,0.0,1845.0,20.0,3.799999952316284,1,0.0,1831.0,20.0,3.799999952316284,1,0.0,1847.0,20.0,3.799999952316284,1,0.0,1845.0,20.0,3.9000000953674316,1,0.0,1841.0,20.0,3.799999952316284,1,0.0,1838.0,20.0,3.799999952316284,1
2026-03-31 17:21:19,174.35,0.0,1839.0,20.0,3.799999952316284,1,0.0,1825.0,20.0,3.799999952316284,1,0.0,1840.0,20.0,3.799999952316284,1,0.0,1840.0,20.0,3.9000000953674316,1,0.0,1835.0,20.0,3.799999952316284,1,0.0,1832.0,20.0,3.799999952316284,1
2026-03-31 17:21:19,175.09,0.0,1833.0,20.0,3.799999952316284,1,0.0,1819.0,20.0,3.799999952316284,1,0.0,1834.0,20.0,3.799999952316284,1,0.0,1834.0,20.0,3.9000000953674316,1,0.0,1828.0,20.0,3.799999952316284,1,0.0,1825.0,20.0,3.799999952316284,1
2026-03-31 17:21:20,175.93,0.0,1821.0,20.0,3.799999952316284,1,0.0,1806.0,20.0,3.799999952316284,1,0.0,1821.0,20.0,3.799999952316284,1,0.0,1821.0,20.0,3.9000000953674316,1,0.0,1816.0,20.0,3.799999952316284,1,0.0,1813.0,20.0,3.799999952316284,1
2026-03-31 17:21:21,176.67,0.0,1814.0,20.0,3.799999952316284,1,0.0,1800.0,20.0,3.700000047683716,1,0.0,1816.0,20.0,3.700000047683716,1,0.0,1815.0,20.0,3.799999952316284,1,0.0,1810.0,20.0,3.700000047683716,1,0.0,1807.0,20.0,3.799999952316284,1
2026-03-31 17:21:22,177.41,0.0,1808.0,20.0,3.799999952316284,1,0.0,1794.0,20.0,3.700000047683716,1,0.0,1810.0,20.0,3.700000047683716,1,0.0,1809.0,20.0,3.799999952316284,1,0.0,1804.0,20.0,3.700000047683716,1,0.0,1801.0,20.0,3.799999952316284,1
2026-03-31 17:21:22,178.2,0.0,1802.0,20.0,3.700000047683716,1,0.0,1788.0,20.0,3.700000047683716,1,0.0,1804.0,20.0,3.700000047683716,1,0.0,1803.0,20.0,3.799999952316284,1,0.0,1798.0,20.0,3.700000047683716,1,0.0,1795.0,20.0,3.799999952316284,1
2026-03-31 17:21:23,178.98,0.0,1796.0,20.0,3.700000047683716,1,0.0,1781.0,20.0,3.700000047683716,1,0.0,1797.0,20.0,3.700000047683716,1,0.0,1797.0,20.0,3.799999952316284,1,0.0,1791.0,20.0,3.700000047683716,1,0.0,1788.0,20.0,3.700000047683716,1
2026-03-31 17:21:24,179.79,0.0,1784.0,20.0,3.700000047683716,1,0.0,1769.0,20.0,3.700000047683716,1,0.0,1785.0,20.0,3.700000047683716,1,0.0,1784.0,20.0,3.799999952316284,1,0.0,1779.0,20.0,3.700000047683716,1,0.0,1776.0,20.0,3.700000047683716,1
2026-03-31 17:21:25,180.57,0.0,1777.0,20.0,3.700000047683716,1,0.0,1763.0,20.0,3.700000047683716,1,0.0,1779.0,20.0,3.700000047683716,1,0.0,1778.0,20.0,3.799999952316284,1,0.0,1773.0,20.0,3.700000047683716,1,0.0,1770.0,20.0,3.700000047683716,1
2026-03-31 17:21:26,181.32,0.0,1771.0,20.0,3.700000047683716,1,0.0,1757.0,20.0,3.700000047683716,1,0.0,1773.0,20.0,3.700000047683716,1,0.0,1772.0,20.0,3.700000047683716,1,0.0,1767.0,20.0,3.700000047683716,1,0.0,1764.0,20.0,3.700000047683716,1
2026-03-31 17:21:26,182.07,0.0,1759.0,20.0,3.700000047683716,1,0.0,1744.0,20.0,3.5999999046325684,1,0.0,1761.0,20.0,3.5999999046325684,1,0.0,1760.0,20.0,3.700000047683716,1,0.0,1755.0,20.0,3.5999999046325684,1,0.0,1752.0,20.0,3.700000047683716,1
2026-03-31 17:21:27,182.93,0.0,1753.0,20.0,3.5999999046325684,1,0.0,1738.0,20.0,3.5999999046325684,1,0.0,1755.0,20.0,3.5999999046325684,1,0.0,1754.0,20.0,3.700000047683716,1,0.0,1749.0,20.0,3.5999999046325684,1,0.0,1745.0,20.0,3.700000047683716,1
2026-03-31 17:21:28,183.73,0.0,1747.0,20.0,3.5999999046325684,1,0.0,1732.0,20.0,3.5999999046325684,1,0.0,1748.0,20.0,3.5999999046325684,1,0.0,1747.0,20.0,3.700000047683716,1,0.0,1743.0,20.0,3.5999999046325684,1,0.0,1739.0,20.0,3.5999999046325684,1
2026-03-31 17:21:29,184.55,0.0,1740.0,20.0,3.5999999046325684,1,0.0,1726.0,20.0,3.5999999046325684,1,0.0,1742.0,20.0,3.5999999046325684,1,0.0,1741.0,20.0,3.700000047683716,1,0.0,1736.0,20.0,3.5999999046325684,1,0.0,1733.0,20.0,3.5999999046325684,1
2026-03-31 17:21:30,185.34,0.0,1735.0,20.0,3.5999999046325684,1,0.0,1719.0,20.0,3.5999999046325684,1,0.0,1736.0,20.0,3.5999999046325684,1,0.0,1735.0,20.0,3.700000047683716,1,0.0,1730.0,20.0,3.5999999046325684,1,0.0,1727.0,20.0,3.5999999046325684,1
2026-03-31 17:21:30,186.14,0.0,1728.0,20.0,3.5999999046325684,1,0.0,1713.0,20.0,3.5999999046325684,1,0.0,1730.0,20.0,3.5999999046325684,1,0.0,1729.0,20.0,3.5999999046325684,1,0.0,1724.0,20.0,3.5999999046325684,1,0.0,1720.0,20.0,3.5999999046325684,1
2026-03-31 17:21:31,186.91,0.0,1716.0,20.0,3.5999999046325684,1,0.0,1701.0,20.0,3.5,1,0.0,1717.0,20.0,3.5,1,0.0,1717.0,20.0,3.5999999046325684,1,0.0,1711.0,20.0,3.5,1,0.0,1708.0,20.0,3.5999999046325684,1
2026-03-31 17:21:32,187.7,0.0,1710.0,20.0,3.5999999046325684,1,0.0,1695.0,20.0,3.5,1,0.0,1712.0,20.0,3.5,1,0.0,1710.0,20.0,3.5999999046325684,1,0.0,1705.0,20.0,3.5,1,0.0,1702.0,20.0,3.5999999046325684,1
2026-03-31 17:21:33,188.51,0.0,1704.0,20.0,3.5,1,0.0,1689.0,20.0,3.5,1,0.0,1705.0,20.0,3.5,1,0.0,1704.0,20.0,3.5999999046325684,1,0.0,1699.0,20.0,3.5,1,0.0,1696.0,20.0,3.5,1
2026-03-31 17:21:34,189.28,0.0,1692.0,20.0,3.5,1,0.0,1676.0,20.0,3.5,1,0.0,1693.0,20.0,3.5,1,0.0,1692.0,20.0,3.5999999046325684,1,0.0,1687.0,20.0,3.5,1,0.0,1684.0,20.0,3.5,1
2026-03-31 17:21:34,190.13,0.0,1686.0,20.0,3.5,1,0.0,1670.0,20.0,3.5,1,0.0,1687.0,20.0,3.5,1,0.0,1686.0,20.0,3.5999999046325684,1,0.0,1681.0,20.0,3.5,1,0.0,1678.0,20.0,3.5,1
2026-03-31 17:21:35,190.86,0.0,1680.0,20.0,3.5,1,0.0,1664.0,20.0,3.4000000953674316,1,0.0,1681.0,20.0,3.5,1,0.0,1680.0,20.0,3.5,1,0.0,1675.0,20.0,3.4000000953674316,1,0.0,1672.0,20.0,3.5,1
2026-03-31 17:21:36,191.6,0.0,1673.0,20.0,3.5,1,0.0,1658.0,20.0,3.4000000953674316,1,0.0,1675.0,20.0,3.5,1,0.0,1674.0,20.0,3.5,1,0.0,1669.0,20.0,3.4000000953674316,1,0.0,1666.0,20.0,3.5,1
2026-03-31 17:21:37,192.35,0.0,1667.0,20.0,3.5,1,0.0,1652.0,20.0,3.4000000953674316,1,0.0,1668.0,20.0,3.4000000953674316,1,0.0,1668.0,20.0,3.5,1,0.0,1662.0,20.0,3.4000000953674316,1,0.0,1659.0,20.0,3.5,1
2026-03-31 17:21:37,193.09,0.0,1655.0,20.0,3.4000000953674316,1,0.0,1640.0,20.0,3.4000000953674316,1,0.0,1657.0,20.0,3.4000000953674316,1,0.0,1656.0,20.0,3.5,1,0.0,1650.0,20.0,3.4000000953674316,1,0.0,1647.0,20.0,3.4000000953674316,1
2026-03-31 17:21:38,193.84,0.0,1649.0,20.0,3.4000000953674316,1,0.0,1633.0,20.0,3.4000000953674316,1,0.0,1650.0,20.0,3.4000000953674316,1,0.0,1650.0,20.0,3.5,1,0.0,1644.0,20.0,3.4000000953674316,1,0.0,1641.0,20.0,3.4000000953674316,1
2026-03-31 17:21:39,194.7,0.0,1643.0,20.0,3.4000000953674316,1,0.0,1627.0,20.0,3.4000000953674316,1,0.0,1644.0,20.0,3.4000000953674316,1,0.0,1643.0,20.0,3.5,1,0.0,1638.0,20.0,3.4000000953674316,1,0.0,1634.0,20.0,3.4000000953674316,1
2026-03-31 17:21:40,195.58,0.0,1637.0,20.0,3.4000000953674316,1,0.0,1621.0,20.0,3.4000000953674316,1,0.0,1638.0,20.0,3.4000000953674316,1,0.0,1637.0,20.0,3.4000000953674316,1,0.0,1632.0,20.0,3.4000000953674316,1,0.0,1629.0,20.0,3.4000000953674316,1
2026-03-31 17:21:41,196.32,0.0,1630.0,20.0,3.4000000953674316,1,0.0,1615.0,20.0,3.299999952316284,1,0.0,1632.0,20.0,3.299999952316284,1,0.0,1631.0,20.0,3.4000000953674316,1,0.0,1626.0,20.0,3.4000000953674316,1,0.0,1622.0,20.0,3.4000000953674316,1
2026-03-31 17:21:41,197.05,0.0,1624.0,20.0,3.4000000953674316,1,0.0,1609.0,20.0,3.299999952316284,1,0.0,1626.0,20.0,3.299999952316284,1,0.0,1625.0,20.0,3.4000000953674316,1,0.0,1619.0,20.0,3.4000000953674316,1,0.0,1616.0,20.0,3.4000000953674316,1
2026-03-31 17:21:42,197.8,0.0,1618.0,20.0,3.299999952316284,1,0.0,1602.0,20.0,3.299999952316284,1,0.0,1620.0,20.0,3.299999952316284,1,0.0,1618.0,20.0,3.4000000953674316,1,0.0,1614.0,20.0,3.299999952316284,1,0.0,1610.0,20.0,3.4000000953674316,1
2026-03-31 17:21:43,198.55,0.0,1606.0,20.0,3.299999952316284,1,0.0,1590.0,20.0,3.299999952316284,1,0.0,1607.0,20.0,3.299999952316284,1,0.0,1607.0,20.0,3.4000000953674316,1,0.0,1601.0,20.0,3.299999952316284,1,0.0,1597.0,20.0,3.299999952316284,1
2026-03-31 17:21:44,199.29,0.0,1594.0,20.0,3.299999952316284,1,0.0,1577.0,20.0,3.299999952316284,1,0.0,1595.0,20.0,3.299999952316284,1,0.0,1594.0,20.0,3.4000000953674316,1,0.0,1589.0,20.0,3.299999952316284,1,0.0,1586.0,20.0,3.299999952316284,1
2026-03-31 17:21:44,200.02,0.0,1588.0,20.0,3.299999952316284,1,0.0,1572.0,20.0,3.299999952316284,1,0.0,1589.0,20.0,3.299999952316284,1,0.0,1588.0,20.0,3.299999952316284,1,0.0,1583.0,20.0,3.299999952316284,1,0.0,1579.0,20.0,3.299999952316284,1
2026-03-31 17:21:45,200.82,0.0,1581.0,20.0,3.299999952316284,1,0.0,1565.0,20.0,3.200000047683716,1,0.0,1583.0,20.0,3.299999952316284,1,0.0,1582.0,20.0,3.299999952316284,1,0.0,1577.0,20.0,3.299999952316284,1,0.0,1573.0,20.0,3.299999952316284,1
2026-03-31 17:21:46,201.56,0.0,1575.0,20.0,3.299999952316284,1,0.0,1559.0,20.0,3.200000047683716,1,0.0,1577.0,20.0,3.200000047683716,1,0.0,1576.0,20.0,3.299999952316284,1,0.0,1570.0,20.0,3.299999952316284,1,0.0,1567.0,20.0,3.299999952316284,1
2026-03-31 17:21:47,202.31,0.0,1569.0,20.0,3.299999952316284,1,0.0,1553.0,20.0,3.200000047683716,1,0.0,1570.0,20.0,3.200000047683716,1,0.0,1569.0,20.0,3.299999952316284,1,0.0,1564.0,20.0,3.200000047683716,1,0.0,1561.0,20.0,3.200000047683716,1
2026-03-31 17:21:47,203.04,0.0,1563.0,20.0,3.200000047683716,1,0.0,1547.0,20.0,3.200000047683716,1,0.0,1565.0,20.0,3.200000047683716,1,0.0,1563.0,20.0,3.299999952316284,1,0.0,1558.0,20.0,3.200000047683716,1,0.0,1554.0,20.0,3.200000047683716,1
2026-03-31 17:21:48,203.78,0.0,1557.0,20.0,3.200000047683716,1,0.0,1540.0,20.0,3.200000047683716,1,0.0,1558.0,20.0,3.200000047683716,1,0.0,1557.0,20.0,3.299999952316284,1,0.0,1552.0,20.0,3.200000047683716,1,0.0,1548.0,20.0,3.200000047683716,1
2026-03-31 17:21:49,204.52,0.0,1551.0,20.0,3.200000047683716,1,0.0,1534.0,20.0,3.200000047683716,1,0.0,1552.0,20.0,3.200000047683716,1,0.0,1552.0,20.0,3.299999952316284,1,0.0,1546.0,20.0,3.200000047683716,1,0.0,1542.0,20.0,3.200000047683716,1
2026-03-31 17:21:50,205.27,0.0,1544.0,20.0,3.200000047683716,1,0.0,1528.0,20.0,3.200000047683716,1,0.0,1546.0,20.0,3.200000047683716,1,0.0,1545.0,20.0,3.299999952316284,1,0.0,1539.0,20.0,3.200000047683716,1,0.0,1536.0,20.0,3.200000047683716,1
2026-03-31 17:21:50,206.04,0.0,1538.0,20.0,3.200000047683716,1,0.0,1522.0,20.0,3.200000047683716,1,0.0,1540.0,20.0,3.200000047683716,1,0.0,1539.0,20.0,3.200000047683716,1,0.0,1533.0,20.0,3.200000047683716,1,0.0,1529.0,20.0,3.200000047683716,1
2026-03-31 17:21:51,206.83,0.0,1520.0,20.0,3.0999999046325684,1,0.0,1503.0,20.0,3.0999999046325684,1,0.0,1521.0,20.0,3.0999999046325684,1,0.0,1520.0,20.0,3.200000047683716,1,0.0,1515.0,20.0,3.0999999046325684,1,0.0,1511.0,20.0,3.200000047683716,1
2026-03-31 17:21:52,207.58,0.0,1514.0,20.0,3.0999999046325684,1,0.0,1497.0,20.0,3.0999999046325684,1,0.0,1515.0,20.0,3.0999999046325684,1,0.0,1514.0,20.0,3.200000047683716,1,0.0,1509.0,20.0,3.0999999046325684,1,0.0,1505.0,20.0,3.0999999046325684,1
2026-03-31 17:21:53,208.34,0.0,1508.0,20.0,3.0999999046325684,1,0.0,1491.0,20.0,3.0999999046325684,1,0.0,1509.0,20.0,3.0999999046325684,1,0.0,1508.0,20.0,3.200000047683716,1,0.0,1503.0,20.0,3.0999999046325684,1,0.0,1499.0,20.0,3.0999999046325684,1
2026-03-31 17:21:53,209.19,0.0,1502.0,20.0,3.0999999046325684,1,0.0,1485.0,20.0,3.0999999046325684,1,0.0,1503.0,20.0,3.0999999046325684,1,0.0,1502.0,20.0,3.200000047683716,1,0.0,1497.0,20.0,3.0999999046325684,1,0.0,1493.0,20.0,3.0999999046325684,1
2026-03-31 17:21:54,209.99,0.0,1496.0,20.0,3.0999999046325684,1,0.0,1479.0,20.0,3.0999999046325684,1,0.0,1497.0,20.0,3.0999999046325684,1,0.0,1496.0,20.0,3.200000047683716,1,0.0,1490.0,20.0,3.0999999046325684,1,0.0,1487.0,20.0,3.0999999046325684,1
2026-03-31 17:21:55,210.79,0.0,1489.0,20.0,3.0999999046325684,1,0.0,1472.0,20.0,3.0999999046325684,1,0.0,1491.0,20.0,3.0,1,0.0,1490.0,20.0,3.0999999046325684,1,0.0,1484.0,20.0,3.0999999046325684,1,0.0,1481.0,20.0,3.0999999046325684,1
2026-03-31 17:21:56,211.57,0.0,1483.0,20.0,3.0999999046325684,1,0.0,1466.0,20.0,3.0999999046325684,1,0.0,1485.0,20.0,3.0,1,0.0,1483.0,20.0,3.0999999046325684,1,0.0,1478.0,20.0,3.0,1,0.0,1475.0,20.0,3.0999999046325684,1
2026-03-31 17:21:57,212.31,0.0,1471.0,20.0,3.0,1,0.0,1454.0,20.0,3.0,1,0.0,1473.0,20.0,3.0,1,0.0,1471.0,20.0,3.0999999046325684,1,0.0,1466.0,20.0,3.0,1,0.0,1462.0,20.0,3.0999999046325684,1
2026-03-31 17:21:57,213.11,0.0,1465.0,20.0,3.0,1,0.0,1447.0,20.0,3.0,1,0.0,1467.0,20.0,3.0,1,0.0,1465.0,20.0,3.0999999046325684,1,0.0,1460.0,20.0,3.0,1,0.0,1456.0,20.0,3.0999999046325684,1
2026-03-31 17:21:58,213.87,0.0,1458.0,20.0,3.0,1,0.0,1441.0,20.0,3.0,1,0.0,1460.0,20.0,3.0,1,0.0,1459.0,20.0,3.0999999046325684,1,0.0,1453.0,20.0,3.0,1,0.0,1449.0,20.0,3.0,1
2026-03-31 17:21:59,214.68,0.0,1452.0,20.0,3.0,1,0.0,1435.0,20.0,3.0,1,0.0,1454.0,20.0,3.0,1,0.0,1453.0,20.0,3.0999999046325684,1,0.0,1447.0,20.0,3.0,1,0.0,1443.0,20.0,3.0,1
2026-03-31 17:22:00,215.52,0.0,1446.0,20.0,3.0,1,0.0,1429.0,20.0,3.0,1,0.0,1448.0,20.0,3.0,1,0.0,1446.0,20.0,3.0,1,0.0,1441.0,20.0,3.0,1,0.0,1437.0,20.0,3.0,1
2026-03-31 17:22:01,216.34,0.0,1440.0,20.0,3.0,1,0.0,1423.0,20.0,2.9000000953674316,1,0.0,1442.0,20.0,3.0,1,0.0,1441.0,20.0,3.0,1,0.0,1435.0,20.0,3.0,1,0.0,1431.0,20.0,3.0,1
2026-03-31 17:22:01,217.13,0.0,1422.0,20.0,3.0,1,0.0,1404.0,20.0,2.9000000953674316,1,0.0,1424.0,20.0,2.9000000953674316,1,0.0,1423.0,20.0,3.0,1,0.0,1416.0,20.0,2.9000000953674316,1,0.0,1412.0,20.0,3.0,1
2026-03-31 17:22:02,217.86,0.0,1416.0,20.0,2.9000000953674316,1,0.0,1398.0,20.0,2.9000000953674316,1,0.0,1417.0,20.0,2.9000000953674316,1,0.0,1416.0,20.0,3.0,1,0.0,1410.0,20.0,2.9000000953674316,1,0.0,1406.0,20.0,2.9000000953674316,1
2026-03-31 17:22:03,218.59,0.0,1409.0,20.0,2.9000000953674316,1,0.0,1392.0,20.0,2.9000000953674316,1,0.0,1411.0,20.0,2.9000000953674316,1,0.0,1410.0,20.0,3.0,1,0.0,1404.0,20.0,2.9000000953674316,1,0.0,1400.0,20.0,2.9000000953674316,1
2026-03-31 17:22:04,219.33,0.0,1403.0,20.0,2.9000000953674316,1,0.0,1385.0,20.0,2.9000000953674316,1,0.0,1405.0,20.0,2.9000000953674316,1,0.0,1404.0,20.0,2.9000000953674316,1,0.0,1398.0,20.0,2.9000000953674316,1,0.0,1393.0,20.0,2.9000000953674316,1
2026-03-31 17:22:04,220.07,0.0,1397.0,20.0,2.9000000953674316,1,0.0,1379.0,20.0,2.799999952316284,1,0.0,1399.0,20.0,2.9000000953674316,1,0.0,1398.0,20.0,2.9000000953674316,1,0.0,1391.0,20.0,2.9000000953674316,1,0.0,1388.0,20.0,2.9000000953674316,1
2026-03-31 17:22:05,220.81,0.0,1391.0,20.0,2.9000000953674316,1,0.0,1373.0,20.0,2.799999952316284,1,0.0,1393.0,20.0,2.9000000953674316,1,0.0,1391.0,20.0,2.9000000953674316,1,0.0,1385.0,20.0,2.799999952316284,1,0.0,1382.0,20.0,2.9000000953674316,1
2026-03-31 17:22:06,221.55,0.0,1385.0,20.0,2.9000000953674316,1,0.0,1367.0,20.0,2.799999952316284,1,0.0,1386.0,20.0,2.9000000953674316,1,0.0,1385.0,20.0,2.9000000953674316,1,0.0,1380.0,20.0,2.799999952316284,1,0.0,1376.0,20.0,2.9000000953674316,1
2026-03-31 17:22:07,222.28,0.0,1379.0,20.0,2.9000000953674316,1,0.0,1361.0,20.0,2.799999952316284,1,0.0,1380.0,20.0,2.799999952316284,1,0.0,1379.0,20.0,2.9000000953674316,1,0.0,1373.0,20.0,2.799999952316284,1,0.0,1369.0,20.0,2.9000000953674316,1
2026-03-31 17:22:07,223.02,0.0,1372.0,20.0,2.799999952316284,1,0.0,1354.0,20.0,2.799999952316284,1,0.0,1374.0,20.0,2.799999952316284,1,0.0,1373.0,20.0,2.9000000953674316,1,0.0,1367.0,20.0,2.799999952316284,1,0.0,1363.0,20.0,2.799999952316284,1
2026-03-31 17:22:08,223.8,0.0,1366.0,20.0,2.799999952316284,1,0.0,1348.0,20.0,2.799999952316284,1,0.0,1368.0,20.0,2.799999952316284,1,0.0,1366.0,20.0,2.9000000953674316,1,0.0,1361.0,20.0,2.799999952316284,1,0.0,1357.0,20.0,2.799999952316284,1
2026-03-31 17:22:09,224.54,0.0,1360.0,20.0,2.799999952316284,1,0.0,1342.0,20.0,2.799999952316284,1,0.0,1362.0,20.0,2.799999952316284,1,0.0,1361.0,20.0,2.9000000953674316,1,0.0,1355.0,20.0,2.799999952316284,1,0.0,1351.0,20.0,2.799999952316284,1
2026-03-31 17:22:10,225.29,0.0,1354.0,20.0,2.799999952316284,1,0.0,1336.0,20.0,2.799999952316284,1,0.0,1356.0,20.0,2.799999952316284,1,0.0,1355.0,20.0,2.799999952316284,1,0.0,1348.0,20.0,2.799999952316284,1,0.0,1345.0,20.0,2.799999952316284,1
2026-03-31 17:22:10,226.03,0.0,1342.0,20.0,2.799999952316284,1,0.0,1323.0,20.0,2.700000047683716,1,0.0,1344.0,20.0,2.700000047683716,1,0.0,1342.0,20.0,2.799999952316284,1,0.0,1336.0,20.0,2.700000047683716,1,0.0,1332.0,20.0,2.799999952316284,1
2026-03-31 17:22:11,226.84,0.0,1330.0,20.0,2.700000047683716,1,0.0,1311.0,20.0,2.700000047683716,1,0.0,1331.0,20.0,2.700000047683716,1,0.0,1330.0,20.0,2.799999952316284,1,0.0,1324.0,20.0,2.700000047683716,1,0.0,1320.0,20.0,2.799999952316284,1
2026-03-31 17:22:12,227.59,0.0,1323.0,20.0,2.700000047683716,1,0.0,1305.0,20.0,2.700000047683716,1,0.0,1325.0,20.0,2.700000047683716,1,0.0,1324.0,20.0,2.799999952316284,1,0.0,1318.0,20.0,2.700000047683716,1,0.0,1313.0,20.0,2.700000047683716,1
2026-03-31 17:22:13,228.33,0.0,1317.0,20.0,2.700000047683716,1,0.0,1299.0,20.0,2.700000047683716,1,0.0,1319.0,20.0,2.700000047683716,1,0.0,1318.0,20.0,2.700000047683716,1,0.0,1312.0,20.0,2.700000047683716,1,0.0,1308.0,20.0,2.700000047683716,1
2026-03-31 17:22:13,229.06,0.0,1311.0,20.0,2.700000047683716,1,0.0,1292.0,20.0,2.700000047683716,1,0.0,1313.0,20.0,2.700000047683716,1,0.0,1312.0,20.0,2.700000047683716,1,0.0,1305.0,20.0,2.700000047683716,1,0.0,1301.0,20.0,2.700000047683716,1
2026-03-31 17:22:14,229.81,0.0,1305.0,20.0,2.700000047683716,1,0.0,1286.0,20.0,2.700000047683716,1,0.0,1306.0,20.0,2.700000047683716,1,0.0,1305.0,20.0,2.700000047683716,1,0.0,1299.0,20.0,2.700000047683716,1,0.0,1295.0,20.0,2.700000047683716,1
2026-03-31 17:22:15,230.57,0.0,1299.0,20.0,2.700000047683716,1,0.0,1280.0,20.0,2.5999999046325684,1,0.0,1301.0,20.0,2.700000047683716,1,0.0,1299.0,20.0,2.700000047683716,1,0.0,1293.0,20.0,2.700000047683716,1,0.0,1289.0,20.0,2.700000047683716,1
2026-03-31 17:22:16,231.42,0.0,1293.0,20.0,2.700000047683716,1,0.0,1274.0,20.0,2.5999999046325684,1,0.0,1294.0,20.0,2.5999999046325684,1,0.0,1294.0,20.0,2.700000047683716,1,0.0,1287.0,20.0,2.700000047683716,1,0.0,1283.0,20.0,2.700000047683716,1
2026-03-31 17:22:16,232.24,0.0,1286.0,20.0,2.700000047683716,1,0.0,1268.0,20.0,2.5999999046325684,1,0.0,1288.0,20.0,2.5999999046325684,1,0.0,1287.0,20.0,2.700000047683716,1,0.0,1281.0,20.0,2.5999999046325684,1,0.0,1277.0,20.0,2.700000047683716,1
2026-03-31 17:22:17,233.02,0.0,1274.0,20.0,2.5999999046325684,1,0.0,1255.0,20.0,2.5999999046325684,1,0.0,1276.0,20.0,2.5999999046325684,1,0.0,1275.0,20.0,2.700000047683716,1,0.0,1269.0,20.0,2.5999999046325684,1,0.0,1265.0,20.0,2.5999999046325684,1
2026-03-31 17:22:18,233.75,0.0,1268.0,20.0,2.5999999046325684,1,0.0,1249.0,20.0,2.5999999046325684,1,0.0,1270.0,20.0,2.5999999046325684,1,0.0,1269.0,20.0,2.700000047683716,1,0.0,1262.0,20.0,2.5999999046325684,1,0.0,1258.0,20.0,2.5999999046325684,1
2026-03-31 17:22:19,234.49,0.0,1256.0,20.0,2.5999999046325684,1,0.0,1237.0,20.0,2.5,1,0.0,1257.0,20.0,2.5999999046325684,1,0.0,1256.0,20.0,2.5999999046325684,1,0.0,1250.0,20.0,2.5999999046325684,1,0.0,1246.0,20.0,2.5999999046325684,1
2026-03-31 17:22:19,235.21,0.0,1250.0,20.0,2.5999999046325684,1,0.0,1230.0,20.0,2.5,1,0.0,1252.0,20.0,2.5999999046325684,1,0.0,1250.0,20.0,2.5999999046325684,1,0.0,1244.0,20.0,2.5999999046325684,1,0.0,1239.0,20.0,2.5999999046325684,1
2026-03-31 17:22:20,236.08,0.0,1244.0,20.0,2.5999999046325684,1,0.0,1224.0,20.0,2.5,1,0.0,1245.0,20.0,2.5,1,0.0,1244.0,20.0,2.5999999046325684,1,0.0,1238.0,20.0,2.5,1,0.0,1234.0,20.0,2.5999999046325684,1
2026-03-31 17:22:21,236.83,0.0,1237.0,20.0,2.5,1,0.0,1218.0,20.0,2.5,1,0.0,1239.0,20.0,2.5,1,0.0,1238.0,20.0,2.5999999046325684,1,0.0,1232.0,20.0,2.5,1,0.0,1227.0,20.0,2.5,1
2026-03-31 17:22:22,237.63,0.0,1231.0,20.0,2.5,1,0.0,1212.0,20.0,2.5,1,0.0,1233.0,20.0,2.5,1,0.0,1232.0,20.0,2.5999999046325684,1,0.0,1226.0,20.0,2.5,1,0.0,1221.0,20.0,2.5,1
2026-03-31 17:22:23,238.36,0.0,1225.0,20.0,2.5,1,0.0,1205.0,20.0,2.5,1,0.0,1227.0,20.0,2.5,1,0.0,1225.0,20.0,2.5999999046325684,1,0.0,1219.0,20.0,2.5,1,0.0,1215.0,20.0,2.5,1
2026-03-31 17:22:23,239.09,0.0,1219.0,20.0,2.5,1,0.0,1199.0,20.0,2.5,1,0.0,1221.0,20.0,2.5,1,0.0,1220.0,20.0,2.5999999046325684,1,0.0,1213.0,20.0,2.5,1,0.0,1209.0,20.0,2.5,1
2026-03-31 17:22:24,239.93,0.0,1207.0,20.0,2.5,1,0.0,1187.0,20.0,2.5,1,0.0,1208.0,20.0,2.5,1,0.0,1208.0,20.0,2.5,1,0.0,1201.0,20.0,2.5,1,0.0,1197.0,20.0,2.5,1
2026-03-31 17:22:25,240.87,0.0,1201.0,20.0,2.5,1,0.0,1181.0,20.0,2.4000000953674316,1,0.0,1202.0,20.0,2.4000000953674316,1,0.0,1201.0,20.0,2.5,1,0.0,1195.0,20.0,2.4000000953674316,1,0.0,1190.0,20.0,2.5,1
2026-03-31 17:22:26,241.67,0.0,1195.0,20.0,2.4000000953674316,1,0.0,1175.0,20.0,2.4000000953674316,1,0.0,1196.0,20.0,2.4000000953674316,1,0.0,1195.0,20.0,2.5,1,0.0,1189.0,20.0,2.4000000953674316,1,0.0,1184.0,20.0,2.5,1
2026-03-31 17:22:27,242.43,0.0,1188.0,20.0,2.4000000953674316,1,0.0,1169.0,20.0,2.4000000953674316,1,0.0,1190.0,20.0,2.4000000953674316,1,0.0,1188.0,20.0,2.5,1,0.0,1182.0,20.0,2.4000000953674316,1,0.0,1178.0,20.0,2.5,1
2026-03-31 17:22:27,243.16,0.0,1182.0,20.0,2.4000000953674316,1,0.0,1162.0,20.0,2.4000000953674316,1,0.0,1184.0,20.0,2.4000000953674316,1,0.0,1182.0,20.0,2.5,1,0.0,1176.0,20.0,2.4000000953674316,1,0.0,1172.0,20.0,2.5,1
2026-03-31 17:22:28,243.92,0.0,1176.0,20.0,2.4000000953674316,1,0.0,1156.0,20.0,2.4000000953674316,1,0.0,1178.0,20.0,2.4000000953674316,1,0.0,1176.0,20.0,2.5,1,0.0,1170.0,20.0,2.4000000953674316,1,0.0,1166.0,20.0,2.4000000953674316,1
2026-03-31 17:22:29,244.66,0.0,1158.0,20.0,2.4000000953674316,1,0.0,1138.0,20.0,2.4000000953674316,1,0.0,1159.0,20.0,2.4000000953674316,1,0.0,1158.0,20.0,2.4000000953674316,1,0.0,1152.0,20.0,2.4000000953674316,1,0.0,1147.0,20.0,2.4000000953674316,1
2026-03-31 17:22:30,245.4,0.0,1152.0,20.0,2.4000000953674316,1,0.0,1131.0,20.0,2.299999952316284,1,0.0,1153.0,20.0,2.299999952316284,1,0.0,1152.0,20.0,2.4000000953674316,1,0.0,1146.0,20.0,2.4000000953674316,1,0.0,1141.0,20.0,2.4000000953674316,1
2026-03-31 17:22:30,246.24,0.0,1145.0,20.0,2.4000000953674316,1,0.0,1125.0,20.0,2.299999952316284,1,0.0,1147.0,20.0,2.299999952316284,1,0.0,1146.0,20.0,2.4000000953674316,1,0.0,1139.0,20.0,2.299999952316284,1,0.0,1135.0,20.0,2.4000000953674316,1
2026-03-31 17:22:31,247.05,0.0,1139.0,20.0,2.4000000953674316,1,0.0,1119.0,20.0,2.299999952316284,1,0.0,1141.0,20.0,2.299999952316284,1,0.0,1140.0,20.0,2.4000000953674316,1,0.0,1133.0,20.0,2.299999952316284,1,0.0,1129.0,20.0,2.4000000953674316,1
2026-03-31 17:22:32,247.89,0.0,1133.0,20.0,2.299999952316284,1,0.0,1112.0,20.0,2.299999952316284,1,0.0,1135.0,20.0,2.299999952316284,1,0.0,1133.0,20.0,2.4000000953674316,1,0.0,1127.0,20.0,2.299999952316284,1,0.0,1123.0,20.0,2.299999952316284,1
2026-03-31 17:22:33,248.68,0.0,1127.0,20.0,2.299999952316284,1,0.0,1106.0,20.0,2.299999952316284,1,0.0,1129.0,20.0,2.299999952316284,1,0.0,1127.0,20.0,2.299999952316284,1,0.0,1121.0,20.0,2.299999952316284,1,0.0,1116.0,20.0,2.299999952316284,1
2026-03-31 17:22:34,249.44,0.0,1121.0,20.0,2.299999952316284,1,0.0,1100.0,20.0,2.299999952316284,1,0.0,1122.0,20.0,2.299999952316284,1,0.0,1121.0,20.0,2.299999952316284,1,0.0,1114.0,20.0,2.299999952316284,1,0.0,1110.0,20.0,2.299999952316284,1
2026-03-31 17:22:34,250.18,0.0,1109.0,20.0,2.299999952316284,1,0.0,1088.0,20.0,2.200000047683716,1,0.0,1110.0,20.0,2.299999952316284,1,0.0,1109.0,20.0,2.299999952316284,1,0.0,1102.0,20.0,2.299999952316284,1,0.0,1098.0,20.0,2.299999952316284,1
2026-03-31 17:22:35,250.92,0.0,1102.0,20.0,2.299999952316284,1,0.0,1082.0,20.0,2.200000047683716,1,0.0,1104.0,20.0,2.299999952316284,1,0.0,1103.0,20.0,2.299999952316284,1,0.0,1096.0,20.0,2.200000047683716,1,0.0,1092.0,20.0,2.299999952316284,1
2026-03-31 17:22:36,251.67,0.0,1096.0,20.0,2.299999952316284,1,0.0,1075.0,20.0,2.200000047683716,1,0.0,1098.0,20.0,2.299999952316284,1,0.0,1096.0,20.0,2.299999952316284,1,0.0,1090.0,20.0,2.200000047683716,1,0.0,1085.0,20.0,2.299999952316284,1
2026-03-31 17:22:37,252.5,0.0,1090.0,20.0,2.299999952316284,1,0.0,1069.0,20.0,2.200000047683716,1,0.0,1092.0,20.0,2.200000047683716,1,0.0,1090.0,20.0,2.299999952316284,1,0.0,1084.0,20.0,2.200000047683716,1,0.0,1079.0,20.0,2.299999952316284,1
2026-03-31 17:22:38,253.3,0.0,1078.0,20.0,2.200000047683716,1,0.0,1057.0,20.0,2.200000047683716,1,0.0,1080.0,20.0,2.200000047683716,1,0.0,1078.0,20.0,2.299999952316284,1,0.0,1072.0,20.0,2.200000047683716,1,0.0,1067.0,20.0,2.200000047683716,1
2026-03-31 17:22:38,254.08,0.0,1072.0,20.0,2.200000047683716,1,0.0,1051.0,20.0,2.200000047683716,1,0.0,1074.0,20.0,2.200000047683716,1,0.0,1072.0,20.0,2.200000047683716,1,0.0,1065.0,20.0,2.200000047683716,1,0.0,1061.0,20.0,2.200000047683716,1
2026-03-31 17:22:39,254.85,0.0,1066.0,20.0,2.200000047683716,1,0.0,1044.0,20.0,2.200000047683716,1,0.0,1067.0,20.0,2.200000047683716,1,0.0,1066.0,20.0,2.200000047683716,1,0.0,1059.0,20.0,2.200000047683716,1,0.0,1055.0,20.0,2.200000047683716,1
2026-03-31 17:22:40,255.6,0.0,1060.0,20.0,2.200000047683716,1,0.0,1038.0,20.0,2.0999999046325684,1,0.0,1061.0,20.0,2.200000047683716,1,0.0,1060.0,20.0,2.200000047683716,1,0.0,1053.0,20.0,2.0999999046325684,1,0.0,1048.0,20.0,2.200000047683716,1
2026-03-31 17:22:41,256.36,0.0,1047.0,20.0,2.200000047683716,1,0.0,1026.0,20.0,2.0999999046325684,1,0.0,1049.0,20.0,2.0999999046325684,1,0.0,1047.0,20.0,2.200000047683716,1,0.0,1041.0,20.0,2.0999999046325684,1,0.0,1036.0,20.0,2.200000047683716,1
2026-03-31 17:22:41,257.1,0.0,1041.0,20.0,2.0999999046325684,1,0.0,1019.0,20.0,2.0999999046325684,1,0.0,1043.0,20.0,2.0999999046325684,1,0.0,1041.0,20.0,2.200000047683716,1,0.0,1034.0,20.0,2.0999999046325684,1,0.0,1030.0,20.0,2.200000047683716,1
2026-03-31 17:22:42,257.84,0.0,1035.0,20.0,2.0999999046325684,1,0.0,1013.0,20.0,2.0999999046325684,1,0.0,1037.0,20.0,2.0999999046325684,1,0.0,1035.0,20.0,2.200000047683716,1,0.0,1028.0,20.0,2.0999999046325684,1,0.0,1024.0,20.0,2.0999999046325684,1
2026-03-31 17:22:43,258.6,0.0,1029.0,20.0,2.0999999046325684,1,0.0,1007.0,20.0,2.0999999046325684,1,0.0,1030.0,20.0,2.0999999046325684,1,0.0,1029.0,20.0,2.0999999046325684,1,0.0,1022.0,20.0,2.0999999046325684,1,0.0,1017.0,20.0,2.0999999046325684,1
2026-03-31 17:22:44,259.38,0.0,1022.0,20.0,2.0999999046325684,1,0.0,1001.0,20.0,2.0999999046325684,1,0.0,1024.0,20.0,2.0999999046325684,1,0.0,1023.0,20.0,2.0999999046325684,1,0.0,1015.0,20.0,2.0999999046325684,1,0.0,1012.0,20.0,2.0999999046325684,1
2026-03-31 17:22:45,260.28,0.0,1017.0,20.0,2.0999999046325684,1,0.0,995.0,20.0,2.0,1,0.0,1018.0,20.0,2.0999999046325684,1,0.0,1016.0,20.0,2.0999999046325684,1,0.0,1010.0,20.0,2.0999999046325684,1,0.0,1005.0,20.0,2.0999999046325684,1
2026-03-31 17:22:45,261.14,0.0,1011.0,20.0,2.0999999046325684,1,0.0,989.0,20.0,2.0,1,0.0,1012.0,20.0,2.0999999046325684,1,0.0,1010.0,20.0,2.0999999046325684,1,0.0,1003.0,20.0,2.0999999046325684,1,0.0,999.0,20.0,2.0999999046325684,1
2026-03-31 17:22:46,261.86,0.0,992.0,20.0,2.0,1,0.0,970.0,20.0,2.0,1,0.0,994.0,20.0,2.0,1,0.0,992.0,20.0,2.0999999046325684,1,0.0,986.0,20.0,2.0,1,0.0,982.0,20.0,2.0,1
2026-03-31 17:22:47,262.6,0.0,986.0,20.0,2.0,1,0.0,964.0,20.0,2.0,1,0.0,988.0,20.0,2.0,1,0.0,986.0,20.0,2.0,1,0.0,979.0,20.0,2.0,1,0.0,975.0,20.0,2.0,1
2026-03-31 17:22:48,263.37,0.0,980.0,20.0,2.0,1,0.0,958.0,20.0,2.0,1,0.0,982.0,20.0,2.0,1,0.0,980.0,20.0,2.0,1,0.0,973.0,20.0,2.0,1,0.0,968.0,20.0,2.0,1
2026-03-31 17:22:48,264.11,0.0,974.0,20.0,2.0,1,0.0,952.0,20.0,1.899999976158142,1,0.0,975.0,20.0,2.0,1,0.0,974.0,20.0,2.0,1,0.0,967.0,20.0,2.0,1,0.0,962.0,20.0,2.0,1
2026-03-31 17:22:49,264.9,0.0,968.0,20.0,2.0,1,0.0,945.0,20.0,1.899999976158142,1,0.0,969.0,20.0,2.0,1,0.0,968.0,20.0,2.0,1,0.0,961.0,20.0,2.0,1,0.0,956.0,20.0,2.0,1
2026-03-31 17:22:50,265.64,0.0,962.0,20.0,2.0,1,0.0,939.0,20.0,1.899999976158142,1,0.0,963.0,20.0,2.0,1,0.0,961.0,20.0,2.0,1,0.0,955.0,20.0,2.0,1,0.0,950.0,20.0,2.0,1
2026-03-31 17:22:51,266.37,0.0,955.0,20.0,2.0,1,0.0,933.0,20.0,1.899999976158142,1,0.0,957.0,20.0,2.0,1,0.0,955.0,20.0,2.0,1,0.0,949.0,20.0,1.899999976158142,1,0.0,944.0,20.0,2.0,1
2026-03-31 17:22:51,267.11,0.0,949.0,20.0,1.899999976158142,1,0.0,927.0,20.0,1.899999976158142,1,0.0,951.0,20.0,1.899999976158142,1,0.0,949.0,20.0,2.0,1,0.0,943.0,20.0,1.899999976158142,1,0.0,937.0,20.0,1.899999976158142,1
2026-03-31 17:22:52,267.84,0.0,943.0,20.0,1.899999976158142,1,0.0,921.0,20.0,1.899999976158142,1,0.0,945.0,20.0,1.899999976158142,1,0.0,943.0,20.0,2.0,1,0.0,936.0,20.0,1.899999976158142,1,0.0,931.0,20.0,1.899999976158142,1
2026-03-31 17:22:53,268.59,0.0,937.0,20.0,1.899999976158142,1,0.0,914.0,20.0,1.899999976158142,1,0.0,939.0,20.0,1.899999976158142,1,0.0,937.0,20.0,2.0,1,0.0,930.0,20.0,1.899999976158142,1,0.0,926.0,20.0,1.899999976158142,1
2026-03-31 17:22:54,269.33,0.0,931.0,20.0,1.899999976158142,1,0.0,908.0,20.0,1.899999976158142,1,0.0,932.0,20.0,1.899999976158142,1,0.0,931.0,20.0,2.0,1,0.0,924.0,20.0,1.899999976158142,1,0.0,919.0,20.0,1.899999976158142,1
2026-03-31 17:22:54,270.07,0.0,925.0,20.0,1.899999976158142,1,0.0,902.0,20.0,1.899999976158142,1,0.0,926.0,20.0,1.899999976158142,1,0.0,925.0,20.0,1.899999976158142,1,0.0,917.0,20.0,1.899999976158142,1,0.0,913.0,20.0,1.899999976158142,1
2026-03-31 17:22:55,270.84,0.0,912.0,20.0,1.899999976158142,1,0.0,890.0,20.0,1.7999999523162842,1,0.0,914.0,20.0,1.7999999523162842,1,0.0,913.0,20.0,1.899999976158142,1,0.0,905.0,20.0,1.899999976158142,1,0.0,901.0,20.0,1.899999976158142,1
2026-03-31 17:22:56,271.7,0.0,900.0,20.0,1.7999999523162842,1,0.0,877.0,20.0,1.7999999523162842,1,0.0,902.0,20.0,1.7999999523162842,1,0.0,900.0,20.0,1.899999976158142,1,0.0,893.0,20.0,1.7999999523162842,1,0.0,888.0,20.0,1.899999976158142,1
2026-03-31 17:22:57,272.47,0.0,894.0,20.0,1.7999999523162842,1,0.0,871.0,20.0,1.7999999523162842,1,0.0,896.0,20.0,1.7999999523162842,1,0.0,894.0,20.0,1.899999976158142,1,0.0,887.0,20.0,1.7999999523162842,1,0.0,882.0,20.0,1.7999999523162842,1
2026-03-31 17:22:57,273.22,0.0,888.0,20.0,1.7999999523162842,1,0.0,865.0,20.0,1.7999999523162842,1,0.0,890.0,20.0,1.7999999523162842,1,0.0,888.0,20.0,1.899999976158142,1,0.0,881.0,20.0,1.7999999523162842,1,0.0,876.0,20.0,1.7999999523162842,1
2026-03-31 17:22:58,273.98,0.0,882.0,20.0,1.7999999523162842,1,0.0,859.0,20.0,1.7999999523162842,1,0.0,883.0,20.0,1.7999999523162842,1,0.0,882.0,20.0,1.7999999523162842,1,0.0,875.0,20.0,1.7999999523162842,1,0.0,870.0,20.0,1.7999999523162842,1
2026-03-31 17:22:59,274.71,0.0,875.0,20.0,1.7999999523162842,1,0.0,852.0,20.0,1.7999999523162842,1,0.0,877.0,20.0,1.7999999523162842,1,0.0,876.0,20.0,1.7999999523162842,1,0.0,868.0,20.0,1.7999999523162842,1,0.0,864.0,20.0,1.7999999523162842,1
2026-03-31 17:23:00,275.45,0.0,870.0,20.0,1.7999999523162842,1,0.0,846.0,20.0,1.7000000476837158,1,0.0,871.0,20.0,1.7000000476837158,1,0.0,869.0,20.0,1.7999999523162842,1,0.0,862.0,20.0,1.7999999523162842,1,0.0,857.0,20.0,1.7999999523162842,1
2026-03-31 17:23:01,276.31,0.0,857.0,20.0,1.7000000476837158,1,0.0,834.0,20.0,1.7000000476837158,1,0.0,859.0,20.0,1.7000000476837158,1,0.0,857.0,20.0,1.7999999523162842,1,0.0,850.0,20.0,1.7000000476837158,1,0.0,845.0,20.0,1.7999999523162842,1
2026-03-31 17:23:01,277.04,0.0,851.0,20.0,1.7000000476837158,1,0.0,828.0,20.0,1.7000000476837158,1,0.0,853.0,20.0,1.7000000476837158,1,0.0,851.0,20.0,1.7999999523162842,1,0.0,844.0,20.0,1.7000000476837158,1,0.0,839.0,20.0,1.7999999523162842,1
2026-03-31 17:23:02,277.8,0.0,845.0,20.0,1.7000000476837158,1,0.0,821.0,20.0,1.7000000476837158,1,0.0,846.0,20.0,1.7000000476837158,1,0.0,845.0,20.0,1.7000000476837158,1,0.0,838.0,20.0,1.7000000476837158,1,0.0,833.0,20.0,1.7000000476837158,1
2026-03-31 17:23:03,278.55,0.0,839.0,20.0,1.7000000476837158,1,0.0,815.0,20.0,1.7000000476837158,1,0.0,841.0,20.0,1.7000000476837158,1,0.0,838.0,20.0,1.7000000476837158,1,0.0,832.0,20.0,1.7000000476837158,1,0.0,827.0,20.0,1.7000000476837158,1
2026-03-31 17:23:04,279.28,0.0,833.0,20.0,1.7000000476837158,1,0.0,809.0,20.0,1.7000000476837158,1,0.0,834.0,20.0,1.7000000476837158,1,0.0,832.0,20.0,1.7000000476837158,1,0.0,825.0,20.0,1.7000000476837158,1,0.0,820.0,20.0,1.7000000476837158,1
2026-03-31 17:23:04,280.02,0.0,827.0,20.0,1.7000000476837158,1,0.0,803.0,20.0,1.600000023841858,1,0.0,828.0,20.0,1.7000000476837158,1,0.0,827.0,20.0,1.7000000476837158,1,0.0,819.0,20.0,1.7000000476837158,1,0.0,814.0,20.0,1.7000000476837158,1
2026-03-31 17:23:05,280.76,0.0,814.0,20.0,1.7000000476837158,1,0.0,790.0,20.0,1.600000023841858,1,0.0,816.0,20.0,1.7000000476837158,1,0.0,814.0,20.0,1.7000000476837158,1,0.0,807.0,20.0,1.600000023841858,1,0.0,802.0,20.0,1.7000000476837158,1
2026-03-31 17:23:06,281.49,0.0,808.0,20.0,1.7000000476837158,1,0.0,784.0,20.0,1.600000023841858,1,0.0,810.0,20.0,1.7000000476837158,1,0.0,808.0,20.0,1.7000000476837158,1,0.0,801.0,20.0,1.600000023841858,1,0.0,796.0,20.0,1.7000000476837158,1
2026-03-31 17:23:06,282.23,0.0,802.0,20.0,1.7000000476837158,1,0.0,778.0,20.0,1.600000023841858,1,0.0,803.0,20.0,1.600000023841858,1,0.0,802.0,20.0,1.7000000476837158,1,0.0,794.0,20.0,1.600000023841858,1,0.0,790.0,20.0,1.600000023841858,1
2026-03-31 17:23:07,283.0,0.0,796.0,20.0,1.600000023841858,1,0.0,772.0,20.0,1.600000023841858,1,0.0,798.0,20.0,1.600000023841858,1,0.0,796.0,20.0,1.7000000476837158,1,0.0,788.0,20.0,1.600000023841858,1,0.0,783.0,20.0,1.600000023841858,1
2026-03-31 17:23:08,283.73,0.0,790.0,20.0,1.600000023841858,1,0.0,765.0,20.0,1.600000023841858,1,0.0,792.0,20.0,1.600000023841858,1,0.0,789.0,20.0,1.600000023841858,1,0.0,782.0,20.0,1.600000023841858,1,0.0,777.0,20.0,1.600000023841858,1
2026-03-31 17:23:09,284.49,0.0,784.0,20.0,1.600000023841858,1,0.0,759.0,20.0,1.600000023841858,1,0.0,785.0,20.0,1.600000023841858,1,0.0,783.0,20.0,1.600000023841858,1,0.0,776.0,20.0,1.600000023841858,1,0.0,771.0,20.0,1.600000023841858,1
2026-03-31 17:23:09,285.24,0.0,771.0,20.0,1.600000023841858,1,0.0,747.0,20.0,1.5,1,0.0,773.0,20.0,1.600000023841858,1,0.0,771.0,20.0,1.600000023841858,1,0.0,764.0,20.0,1.5,1,0.0,759.0,20.0,1.600000023841858,1
2026-03-31 17:23:10,285.99,0.0,765.0,20.0,1.600000023841858,1,0.0,741.0,20.0,1.5,1,0.0,767.0,20.0,1.600000023841858,1,0.0,765.0,20.0,1.600000023841858,1,0.0,757.0,20.0,1.5,1,0.0,752.0,20.0,1.600000023841858,1
2026-03-31 17:23:11,286.76,0.0,759.0,20.0,1.5,1,0.0,735.0,20.0,1.5,1,0.0,760.0,20.0,1.5,1,0.0,758.0,20.0,1.600000023841858,1,0.0,751.0,20.0,1.5,1,0.0,746.0,20.0,1.600000023841858,1
2026-03-31 17:23:12,287.49,0.0,753.0,20.0,1.5,1,0.0,728.0,20.0,1.5,1,0.0,754.0,20.0,1.5,1,0.0,753.0,20.0,1.600000023841858,1,0.0,746.0,20.0,1.5,1,0.0,740.0,20.0,1.600000023841858,1
2026-03-31 17:23:12,288.23,0.0,747.0,20.0,1.5,1,0.0,722.0,20.0,1.5,1,0.0,748.0,20.0,1.5,1,0.0,746.0,20.0,1.5,1,0.0,740.0,20.0,1.5,1,0.0,734.0,20.0,1.5,1
2026-03-31 17:23:13,288.96,0.0,741.0,20.0,1.5,1,0.0,716.0,20.0,1.5,1,0.0,742.0,20.0,1.5,1,0.0,741.0,20.0,1.5,1,0.0,733.0,20.0,1.5,1,0.0,728.0,20.0,1.5,1
2026-03-31 17:23:14,289.7,0.0,728.0,20.0,1.5,1,0.0,703.0,20.0,1.399999976158142,1,0.0,731.0,20.0,1.5,1,0.0,729.0,20.0,1.5,1,0.0,730.0,20.0,1.5,1,0.0,720.0,20.0,1.5,1
2026-03-31 17:23:15,290.46,0.0,722.0,20.0,1.5,1,0.0,697.0,20.0,1.399999976158142,1,0.0,724.0,20.0,1.5,1,0.0,722.0,20.0,1.5,1,0.0,730.0,20.0,1.5,1,0.0,718.0,20.0,1.5,1
2026-03-31 17:23:16,291.28,0.0,716.0,20.0,1.5,1,0.0,691.0,20.0,1.399999976158142,1,0.0,718.0,20.0,1.399999976158142,1,0.0,716.0,20.0,1.5,1,0.0,730.0,20.0,1.5,1,0.0,718.0,20.0,1.5,1
2026-03-31 17:23:16,292.06,0.0,710.0,20.0,1.5,1,0.0,685.0,20.0,1.399999976158142,1,0.0,711.0,20.0,1.399999976158142,1,0.0,709.0,20.0,1.5,1,0.0,727.0,20.0,1.5,1,0.0,718.0,20.0,1.5,1
2026-03-31 17:23:17,292.8,0.0,704.0,20.0,1.399999976158142,1,0.0,679.0,20.0,1.399999976158142,1,0.0,705.0,20.0,1.399999976158142,1,0.0,704.0,20.0,1.399999976158142,1,0.0,705.0,20.0,1.399999976158142,1,0.0,717.0,20.0,1.399999976158142,1
2026-03-31 17:23:18,293.56,0.0,691.0,20.0,1.399999976158142,1,0.0,676.0,20.0,1.399999976158142,1,0.0,693.0,20.0,1.399999976158142,1,0.0,703.0,20.0,1.399999976158142,1,0.0,686.0,20.0,1.399999976158142,1,0.0,683.0,20.0,1.399999976158142,1
2026-03-31 17:23:19,294.37,0.0,686.0,20.0,1.399999976158142,1,0.0,676.0,20.0,1.399999976158142,1,0.0,687.0,20.0,1.399999976158142,1,0.0,703.0,20.0,1.399999976158142,1,0.0,680.0,20.0,1.399999976158142,1,0.0,676.0,20.0,1.399999976158142,1
2026-03-31 17:23:19,295.16,0.0,685.0,20.0,1.399999976158142,1,0.0,676.0,20.0,1.399999976158142,1,0.0,683.0,20.0,1.399999976158142,1,0.0,703.0,20.0,1.399999976158142,1,0.0,674.0,20.0,1.399999976158142,1,0.0,670.0,20.0,1.399999976158142,1
2026-03-31 17:23:20,295.95,0.0,685.0,20.0,1.399999976158142,1,0.0,674.0,20.0,1.399999976158142,1,0.0,683.0,20.0,1.399999976158142,1,0.0,692.0,20.0,1.399999976158142,1,0.0,668.0,20.0,1.399999976158142,1,0.0,664.0,20.0,1.399999976158142,1
2026-03-31 17:23:21,296.69,0.0,685.0,20.0,1.399999976158142,1,0.0,653.0,20.0,1.2999999523162842,1,0.0,683.0,20.0,1.399999976158142,1,0.0,671.0,20.0,1.399999976158142,1,0.0,662.0,20.0,1.2999999523162842,1,0.0,658.0,20.0,1.399999976158142,1
2026-03-31 17:23:22,297.43,0.0,685.0,20.0,1.399999976158142,1,0.0,640.0,20.0,1.2999999523162842,1,0.0,683.0,20.0,1.399999976158142,1,0.0,663.0,20.0,1.399999976158142,1,0.0,656.0,20.0,1.2999999523162842,1,0.0,651.0,20.0,1.399999976158142,1
2026-03-31 17:23:22,298.15,0.0,675.0,20.0,1.399999976158142,1,0.0,633.0,20.0,1.2999999523162842,1,0.0,682.0,20.0,1.399999976158142,1,0.0,657.0,20.0,1.399999976158142,1,0.0,650.0,20.0,1.2999999523162842,1,0.0,645.0,20.0,1.2999999523162842,1
2026-03-31 17:23:23,298.88,0.0,655.0,20.0,1.2999999523162842,1,0.0,626.0,20.0,1.2999999523162842,1,0.0,662.0,20.0,1.2999999523162842,1,0.0,651.0,20.0,1.2999999523162842,1,0.0,644.0,20.0,1.2999999523162842,1,0.0,639.0,20.0,1.2999999523162842,1
2026-03-31 17:23:24,299.62,0.0,640.0,20.0,1.2999999523162842,1,0.0,614.0,20.0,1.2000000476837158,1,0.0,641.0,20.0,1.2999999523162842,1,0.0,639.0,20.0,1.2999999523162842,1,0.0,631.0,20.0,1.2999999523162842,1,0.0,627.0,20.0,1.2999999523162842,1
2026-03-31 17:23:25,300.42,0.0,628.0,20.0,1.2999999523162842,1,0.0,601.0,20.0,1.2000000476837158,1,0.0,629.0,20.0,1.2999999523162842,1,0.0,626.0,20.0,1.2999999523162842,1,0.0,619.0,20.0,1.2999999523162842,1,0.0,615.0,20.0,1.2999999523162842,1
2026-03-31 17:23:25,301.15,0.0,621.0,20.0,1.2000000476837158,1,0.0,595.0,20.0,1.2000000476837158,1,0.0,622.0,20.0,1.2999999523162842,1,0.0,620.0,20.0,1.2999999523162842,1,0.0,613.0,20.0,1.2000000476837158,1,0.0,609.0,20.0,1.2999999523162842,1
2026-03-31 17:23:26,301.89,0.0,615.0,20.0,1.2000000476837158,1,0.0,589.0,20.0,1.2000000476837158,1,0.0,616.0,20.0,1.2000000476837158,1,0.0,614.0,20.0,1.2999999523162842,1,0.0,607.0,20.0,1.2000000476837158,1,0.0,602.0,20.0,1.2999999523162842,1
2026-03-31 17:23:27,302.64,0.0,609.0,20.0,1.2000000476837158,1,0.0,583.0,20.0,1.2000000476837158,1,0.0,610.0,20.0,1.2000000476837158,1,0.0,608.0,20.0,1.2999999523162842,1,0.0,600.0,20.0,1.2000000476837158,1,0.0,596.0,20.0,1.2999999523162842,1
2026-03-31 17:23:28,303.42,0.0,603.0,20.0,1.2000000476837158,1,0.0,577.0,20.0,1.2000000476837158,1,0.0,604.0,20.0,1.2000000476837158,1,0.0,602.0,20.0,1.2999999523162842,1,0.0,594.0,20.0,1.2000000476837158,1,0.0,590.0,20.0,1.2000000476837158,1
2026-03-31 17:23:28,304.15,0.0,597.0,20.0,1.2000000476837158,1,0.0,571.0,20.0,1.2000000476837158,1,0.0,598.0,20.0,1.2000000476837158,1,0.0,596.0,20.0,1.2000000476837158,1,0.0,588.0,20.0,1.2000000476837158,1,0.0,584.0,20.0,1.2000000476837158,1
2026-03-31 17:23:29,304.89,0.0,591.0,20.0,1.2000000476837158,1,0.0,564.0,20.0,1.2000000476837158,1,0.0,592.0,20.0,1.2000000476837158,1,0.0,590.0,20.0,1.2000000476837158,1,0.0,582.0,20.0,1.2000000476837158,1,0.0,578.0,20.0,1.2000000476837158,1
2026-03-31 17:23:30,305.61,0.0,585.0,20.0,1.2000000476837158,1,0.0,558.0,20.0,1.100000023841858,1,0.0,586.0,20.0,1.2000000476837158,1,0.0,583.0,20.0,1.2000000476837158,1,0.0,576.0,20.0,1.2000000476837158,1,0.0,572.0,20.0,1.2000000476837158,1
2026-03-31 17:23:31,306.33,0.0,579.0,20.0,1.2000000476837158,1,0.0,552.0,20.0,1.100000023841858,1,0.0,580.0,20.0,1.2000000476837158,1,0.0,577.0,20.0,1.2000000476837158,1,0.0,570.0,20.0,1.2000000476837158,1,0.0,566.0,20.0,1.2000000476837158,1
2026-03-31 17:23:31,307.05,0.0,573.0,20.0,1.2000000476837158,1,0.0,546.0,20.0,1.100000023841858,1,0.0,573.0,20.0,1.100000023841858,1,0.0,571.0,20.0,1.2000000476837158,1,0.0,564.0,20.0,1.2000000476837158,1,0.0,560.0,20.0,1.2000000476837158,1
2026-03-31 17:23:32,307.79,0.0,567.0,20.0,1.100000023841858,1,0.0,540.0,20.0,1.100000023841858,1,0.0,567.0,20.0,1.100000023841858,1,0.0,565.0,20.0,1.2000000476837158,1,0.0,557.0,20.0,1.100000023841858,1,0.0,554.0,20.0,1.2000000476837158,1
2026-03-31 17:23:33,308.51,0.0,554.0,20.0,1.100000023841858,1,0.0,527.0,20.0,1.100000023841858,1,0.0,555.0,20.0,1.100000023841858,1,0.0,553.0,20.0,1.100000023841858,1,0.0,546.0,20.0,1.100000023841858,1,0.0,542.0,20.0,1.100000023841858,1
2026-03-31 17:23:33,309.25,0.0,548.0,20.0,1.100000023841858,1,0.0,521.0,20.0,1.100000023841858,1,0.0,549.0,20.0,1.100000023841858,1,0.0,547.0,20.0,1.100000023841858,1,0.0,535.0,20.0,1.100000023841858,1,0.0,540.0,20.0,1.100000023841858,1
2026-03-31 17:23:34,309.97,0.0,542.0,20.0,1.100000023841858,1,0.0,515.0,20.0,1.0,1,0.0,543.0,20.0,1.100000023841858,1,0.0,541.0,20.0,1.100000023841858,1,0.0,534.0,20.0,1.0,1,0.0,532.0,20.0,1.600000023841858,1
2026-03-31 17:23:35,310.71,0.0,549.0,20.0,1.100000023841858,1,0.0,503.0,20.0,1.0,1,0.0,531.0,20.0,1.100000023841858,1,0.0,529.0,20.0,1.100000023841858,1,0.0,518.0,20.0,0.8999999761581421,1,0.0,516.0,20.0,0.800000011920929,1
2026-03-31 17:23:36,311.44,0.0,504.0,20.0,0.800000011920929,1,0.0,497.0,20.0,1.0,1,0.0,525.0,20.0,1.0,1,0.0,522.0,20.0,1.100000023841858,1,0.0,519.0,20.0,0.8999999761581421,1,0.0,503.0,20.0,1.0,1
2026-03-31 17:23:36,312.18,0.0,522.0,20.0,1.0,1,0.0,496.0,20.0,1.0,1,0.0,518.0,20.0,1.0,1,0.0,520.0,20.0,1.100000023841858,1,0.0,507.0,20.0,0.8999999761581421,1,0.0,506.0,20.0,1.100000023841858,1
2026-03-31 17:23:37,312.91,0.0,508.0,20.0,1.2000000476837158,1,0.0,480.0,20.0,0.8999999761581421,1,0.0,512.0,20.0,1.0,1,0.0,512.0,20.0,1.100000023841858,1,0.0,499.0,20.0,0.8999999761581421,1,0.0,520.0,20.0,1.2999999523162842,1
2026-03-31 17:23:38,313.64,0.0,501.0,20.0,0.699999988079071,1,0.0,489.0,20.0,0.8999999761581421,1,0.0,506.0,20.0,1.0,1,0.0,498.0,20.0,1.100000023841858,1,0.0,489.0,20.0,0.800000011920929,1,0.0,475.0,20.0,1.100000023841858,1
2026-03-31 17:23:39,314.39,0.0,488.0,20.0,0.699999988079071,1,0.0,459.0,20.0,0.800000011920929,1,0.0,504.0,20.0,1.0,1,0.0,503.0,20.0,1.0,1,0.0,489.0,20.0,0.800000011920929,1,0.0,481.0,20.0,1.0,1
2026-03-31 17:23:39,315.12,0.0,488.0,20.0,1.0,1,0.0,458.0,20.0,0.800000011920929,1,0.0,508.0,20.0,1.100000023841858,1,0.0,492.0,20.0,1.0,1,0.0,487.0,20.0,0.800000011920929,1,0.0,492.0,20.0,1.2999999523162842,1
2026-03-31 17:23:40,315.84,0.0,496.0,20.0,0.8999999761581421,1,0.0,485.0,20.0,1.100000023841858,1,0.0,476.0,20.0,0.800000011920929,1,0.0,482.0,20.0,0.800000011920929,1,0.0,477.0,20.0,1.100000023841858,1,0.0,481.0,20.0,0.8999999761581421,1
2026-03-31 17:23:41,316.56,0.0,490.0,20.0,0.8999999761581421,1,0.0,459.0,20.0,0.8999999761581421,1,0.0,474.0,20.0,0.5,1,0.0,480.0,20.0,0.8999999761581421,1,0.0,465.0,20.0,1.0,1,0.0,484.0,20.0,1.100000023841858,1
2026-03-31 17:23:42,317.3,0.0,480.0,20.0,1.0,1,0.0,430.0,20.0,0.699999988079071,1,0.0,472.0,20.0,0.699999988079071,1,0.0,470.0,20.0,0.8999999761581421,1,0.0,465.0,20.0,0.8999999761581421,1,0.0,468.0,20.0,0.800000011920929,1
2026-03-31 17:23:42,318.01,0.0,464.0,20.0,0.800000011920929,1,0.0,440.0,20.0,0.8999999761581421,1,0.0,461.0,20.0,0.6000000238418579,1,0.0,465.0,20.0,1.0,1,0.0,462.0,20.0,1.100000023841858,1,0.0,463.0,20.0,1.100000023841858,1
2026-03-31 17:23:43,318.71,0.0,459.0,20.0,1.2000000476837158,1,0.0,425.0,20.0,0.8999999761581421,1,0.0,456.0,20.0,0.8999999761581421,1,0.0,455.0,20.0,0.8999999761581421,1,0.0,436.0,20.0,0.8999999761581421,1,0.0,447.0,20.0,0.800000011920929,1
2026-03-31 17:23:44,319.43,0.0,452.0,20.0,0.5,1,0.0,414.0,20.0,0.8999999761581421,1,0.0,469.0,20.0,1.2000000476837158,1,0.0,447.0,20.0,0.8999999761581421,1,0.0,444.0,20.0,0.800000011920929,1,0.0,433.0,20.0,0.8999999761581421,1
2026-03-31 17:23:44,320.14,0.0,422.0,20.0,0.4000000059604645,1,0.0,424.0,20.0,0.800000011920929,1,0.0,435.0,20.0,0.699999988079071,1,0.0,437.0,20.0,0.8999999761581421,1,0.0,429.0,20.0,0.800000011920929,1,0.0,438.0,20.0,1.100000023841858,1
2026-03-31 17:23:45,320.85,0.0,459.0,20.0,0.8999999761581421,1,0.0,415.0,20.0,0.8999999761581421,1,0.0,449.0,20.0,0.8999999761581421,1,0.0,432.0,20.0,0.699999988079071,1,0.0,426.0,20.0,0.800000011920929,1,0.0,438.0,20.0,1.0,1
2026-03-31 17:23:46,321.59,0.0,422.0,20.0,0.4000000059604645,1,0.0,399.0,20.0,0.6000000238418579,1,0.0,414.0,20.0,0.6000000238418579,1,0.0,425.0,20.0,0.699999988079071,1,0.0,419.0,20.0,0.800000011920929,1,0.0,420.0,20.0,1.0,1
2026-03-31 17:23:47,322.29,0.0,421.0,20.0,1.100000023841858,1,0.0,381.0,20.0,0.6000000238418579,1,0.0,433.0,20.0,0.699999988079071,1,0.0,421.0,20.0,0.8999999761581421,1,0.0,415.0,20.0,0.800000011920929,1,0.0,432.0,20.0,0.800000011920929,1
2026-03-31 17:23:47,323.0,0.0,421.0,20.0,1.2999999523162842,1,0.0,398.0,20.0,0.699999988079071,1,0.0,450.0,20.0,1.100000023841858,1,0.0,414.0,20.0,0.800000011920929,1,0.0,411.0,20.0,0.8999999761581421,1,0.0,421.0,20.0,0.800000011920929,1
2026-03-31 17:23:48,323.71,0.0,432.0,20.0,1.0,1,0.0,376.0,20.0,0.6000000238418579,1,0.0,394.0,20.0,0.5,1,0.0,414.0,20.0,0.800000011920929,1,0.0,395.0,20.0,0.800000011920929,1,0.0,378.0,20.0,0.6000000238418579,1
2026-03-31 17:23:49,324.42,0.0,421.0,20.0,0.8999999761581421,1,0.0,377.0,20.0,0.6000000238418579,1,0.0,406.0,20.0,0.6000000238418579,1,0.0,403.0,20.0,0.800000011920929,1,0.0,393.0,20.0,0.699999988079071,1,0.0,394.0,20.0,0.8999999761581421,1
2026-03-31 17:23:49,325.12,0.0,398.0,20.0,0.800000011920929,1,0.0,374.0,20.0,0.5,1,0.0,403.0,20.0,0.699999988079071,1,0.0,403.0,20.0,0.699999988079071,1,0.0,394.0,20.0,0.699999988079071,1,0.0,425.0,20.0,1.100000023841858,1
2026-03-31 17:23:50,325.83,0.0,398.0,20.0,1.100000023841858,1,0.0,359.0,20.0,0.6000000238418579,1,0.0,393.0,20.0,0.6000000238418579,1,0.0,390.0,20.0,0.699999988079071,1,0.0,386.0,20.0,0.699999988079071,1,0.0,382.0,20.0,1.0,1
2026-03-31 17:23:51,326.54,0.0,378.0,20.0,0.4000000059604645,1,0.0,350.0,20.0,0.6000000238418579,1,0.0,379.0,20.0,0.800000011920929,1,0.0,374.0,20.0,0.699999988079071,1,0.0,369.0,20.0,0.6000000238418579,1,0.0,359.0,20.0,0.6000000238418579,1
2026-03-31 17:23:52,327.28,0.0,349.0,20.0,0.699999988079071,1,0.0,333.0,20.0,0.5,1,0.0,370.0,20.0,0.699999988079071,1,0.0,365.0,20.0,0.699999988079071,1,0.0,362.0,20.0,0.6000000238418579,1,0.0,358.0,20.0,0.6000000238418579,1
2026-03-31 17:23:52,327.99,0.0,394.0,20.0,0.699999988079071,1,0.0,335.0,20.0,0.699999988079071,1,0.0,364.0,20.0,0.699999988079071,1,0.0,364.0,20.0,0.699999988079071,1,0.0,353.0,20.0,0.6000000238418579,1,0.0,350.0,20.0,0.6000000238418579,1
2026-03-31 17:23:53,328.72,0.0,359.0,20.0,0.6000000238418579,1,0.0,327.0,20.0,0.699999988079071,1,0.0,359.0,20.0,0.699999988079071,1,0.0,354.0,20.0,0.699999988079071,1,0.0,346.0,20.0,0.6000000238418579,1,0.0,344.0,20.0,0.6000000238418579,1
2026-03-31 17:23:54,329.45,0.0,357.0,20.0,0.4000000059604645,1,0.0,322.0,20.0,0.6000000238418579,1,0.0,359.0,20.0,0.699999988079071,1,0.0,352.0,20.0,0.699999988079071,1,0.0,339.0,20.0,0.6000000238418579,1,0.0,350.0,20.0,0.800000011920929,1
2026-03-31 17:23:54,330.16,0.0,347.0,20.0,0.6000000238418579,1,0.0,317.0,20.0,0.6000000238418579,1,0.0,344.0,20.0,0.699999988079071,1,0.0,342.0,20.0,0.699999988079071,1,0.0,347.0,20.0,0.6000000238418579,1,0.0,329.0,20.0,0.5,1
2026-03-31 17:23:55,330.87,0.0,360.0,20.0,0.5,1,0.0,308.0,20.0,0.5,1,0.0,339.0,20.0,0.6000000238418579,1,0.0,337.0,20.0,0.699999988079071,1,0.0,328.0,20.0,0.6000000238418579,1,0.0,325.0,20.0,0.6000000238418579,1
2026-03-31 17:23:56,331.59,0.0,328.0,20.0,0.5,1,0.0,304.0,20.0,0.5,1,0.0,333.0,20.0,0.6000000238418579,1,0.0,331.0,20.0,0.699999988079071,1,0.0,323.0,20.0,0.6000000238418579,1,0.0,319.0,20.0,0.6000000238418579,1
2026-03-31 17:23:57,332.32,0.0,361.0,20.0,0.8999999761581421,1,0.0,296.0,20.0,0.5,1,0.0,327.0,20.0,0.6000000238418579,1,0.0,327.0,20.0,0.699999988079071,1,0.0,316.0,20.0,0.6000000238418579,1,0.0,319.0,20.0,0.8999999761581421,1
2026-03-31 17:23:57,333.04,0.0,331.0,20.0,0.5,1,0.0,290.0,20.0,0.5,1,0.0,321.0,20.0,0.6000000238418579,1,0.0,319.0,20.0,0.699999988079071,1,0.0,314.0,20.0,0.6000000238418579,1,0.0,308.0,20.0,0.699999988079071,1
2026-03-31 17:23:58,333.76,0.0,320.0,20.0,0.4000000059604645,1,0.0,286.0,20.0,0.5,1,0.0,315.0,20.0,0.6000000238418579,1,0.0,311.0,20.0,0.6000000238418579,1,0.0,305.0,20.0,0.6000000238418579,1,0.0,301.0,20.0,0.6000000238418579,1
2026-03-31 17:23:59,334.47,0.0,320.0,20.0,0.4000000059604645,1,0.0,279.0,20.0,0.5,1,0.0,310.0,20.0,0.6000000238418579,1,0.0,306.0,20.0,0.6000000238418579,1,0.0,298.0,20.0,0.6000000238418579,1,0.0,295.0,20.0,0.6000000238418579,1
2026-03-31 17:23:59,335.18,0.0,302.0,20.0,0.6000000238418579,1,0.0,273.0,20.0,0.5,1,0.0,305.0,20.0,0.6000000238418579,1,0.0,298.0,20.0,0.6000000238418579,1,0.0,295.0,20.0,0.6000000238418579,1,0.0,287.0,20.0,0.6000000238418579,1
2026-03-31 17:24:00,335.9,0.0,285.0,20.0,0.4000000059604645,1,0.0,261.0,20.0,0.5,1,0.0,291.0,20.0,0.5,1,0.0,290.0,20.0,0.6000000238418579,1,0.0,280.0,20.0,0.5,1,0.0,276.0,20.0,0.6000000238418579,1
2026-03-31 17:24:01,336.6,0.0,284.0,20.0,0.4000000059604645,1,0.0,254.0,20.0,0.5,1,0.0,287.0,20.0,0.5,1,0.0,281.0,20.0,0.6000000238418579,1,0.0,272.0,20.0,0.5,1,0.0,270.0,20.0,0.6000000238418579,1
2026-03-31 17:24:02,337.32,0.0,266.0,20.0,0.30000001192092896,1,0.0,249.0,20.0,0.5,1,0.0,280.0,20.0,0.5,1,0.0,277.0,20.0,0.6000000238418579,1,0.0,265.0,20.0,0.4000000059604645,1,0.0,265.0,20.0,0.6000000238418579,1
2026-03-31 17:24:02,338.04,0.0,263.0,20.0,0.30000001192092896,1,0.0,242.0,20.0,0.5,1,0.0,272.0,20.0,0.5,1,0.0,270.0,20.0,0.6000000238418579,1,0.0,261.0,20.0,0.5,1,0.0,257.0,20.0,0.5,1
2026-03-31 17:24:03,338.75,0.0,263.0,20.0,0.30000001192092896,1,0.0,236.0,20.0,0.5,1,0.0,266.0,20.0,0.5,1,0.0,265.0,20.0,0.5,1,0.0,255.0,20.0,0.4000000059604645,1,0.0,253.0,20.0,0.5,1
2026-03-31 17:24:04,339.45,0.0,252.0,20.0,0.4000000059604645,1,0.0,230.0,20.0,0.5,1,0.0,261.0,20.0,0.5,1,0.0,257.0,20.0,0.5,1,0.0,249.0,20.0,0.4000000059604645,1,0.0,245.0,20.0,0.5,1
2026-03-31 17:24:04,340.15,0.0,253.0,20.0,0.4000000059604645,1,0.0,223.0,20.0,0.4000000059604645,1,0.0,254.0,20.0,0.4000000059604645,1,0.0,253.0,20.0,0.5,1,0.0,242.0,20.0,0.4000000059604645,1,0.0,240.0,20.0,0.5,1
2026-03-31 17:24:05,340.86,0.0,248.0,20.0,0.4000000059604645,1,0.0,217.0,20.0,0.4000000059604645,1,0.0,249.0,20.0,0.4000000059604645,1,0.0,246.0,20.0,0.5,1,0.0,237.0,20.0,0.4000000059604645,1,0.0,235.0,20.0,0.5,1
2026-03-31 17:24:06,341.57,0.0,242.0,20.0,0.4000000059604645,1,0.0,210.0,20.0,0.4000000059604645,1,0.0,243.0,20.0,0.4000000059604645,1,0.0,238.0,20.0,0.5,1,0.0,230.0,20.0,0.4000000059604645,1,0.0,227.0,20.0,0.5,1
2026-03-31 17:24:07,342.3,0.0,235.0,20.0,0.4000000059604645,1,0.0,204.0,20.0,0.4000000059604645,1,0.0,236.0,20.0,0.4000000059604645,1,0.0,233.0,20.0,0.5,1,0.0,223.0,20.0,0.4000000059604645,1,0.0,220.0,20.0,0.5,1
2026-03-31 17:24:07,343.0,0.0,228.0,20.0,0.4000000059604645,1,0.0,199.0,20.0,0.4000000059604645,1,0.0,230.0,20.0,0.4000000059604645,1,0.0,225.0,20.0,0.4000000059604645,1,0.0,219.0,20.0,0.4000000059604645,1,0.0,214.0,20.0,0.4000000059604645,1
2026-03-31 17:24:08,343.73,0.0,217.0,20.0,0.4000000059604645,1,0.0,187.0,20.0,0.4000000059604645,1,0.0,217.0,20.0,0.4000000059604645,1,0.0,213.0,20.0,0.4000000059604645,1,0.0,206.0,20.0,0.4000000059604645,1,0.0,202.0,20.0,0.4000000059604645,1
2026-03-31 17:24:09,344.45,0.0,204.0,20.0,0.4000000059604645,1,0.0,173.0,20.0,0.30000001192092896,1,0.0,206.0,20.0,0.4000000059604645,1,0.0,202.0,20.0,0.4000000059604645,1,0.0,194.0,20.0,0.30000001192092896,1,0.0,190.0,20.0,0.4000000059604645,1
2026-03-31 17:24:09,345.16,0.0,198.0,20.0,0.4000000059604645,1,0.0,167.0,20.0,0.30000001192092896,1,0.0,199.0,20.0,0.4000000059604645,1,0.0,196.0,20.0,0.4000000059604645,1,0.0,188.0,20.0,0.30000001192092896,1,0.0,183.0,20.0,0.4000000059604645,1
2026-03-31 17:24:10,345.87,0.0,192.0,20.0,0.4000000059604645,1,0.0,161.0,20.0,0.30000001192092896,1,0.0,193.0,20.0,0.4000000059604645,1,0.0,190.0,20.0,0.30000001192092896,1,0.0,180.0,20.0,0.30000001192092896,1,0.0,176.0,20.0,0.4000000059604645,1
2026-03-31 17:24:11,346.58,0.0,187.0,20.0,0.4000000059604645,1,0.0,155.0,20.0,0.30000001192092896,1,0.0,187.0,20.0,0.30000001192092896,1,0.0,183.0,20.0,0.30000001192092896,1,0.0,175.0,20.0,0.30000001192092896,1,0.0,170.0,20.0,0.4000000059604645,1
2026-03-31 17:24:12,347.31,0.0,180.0,20.0,0.30000001192092896,1,0.0,149.0,20.0,0.30000001192092896,1,0.0,180.0,20.0,0.30000001192092896,1,0.0,177.0,20.0,0.30000001192092896,1,0.0,169.0,20.0,0.30000001192092896,1,0.0,165.0,20.0,0.4000000059604645,1
2026-03-31 17:24:12,348.01,0.0,173.0,20.0,0.30000001192092896,1,0.0,142.0,20.0,0.30000001192092896,1,0.0,174.0,20.0,0.30000001192092896,1,0.0,171.0,20.0,0.30000001192092896,1,0.0,163.0,20.0,0.30000001192092896,1,0.0,158.0,20.0,0.4000000059604645,1
2026-03-31 17:24:13,348.74,0.0,167.0,20.0,0.30000001192092896,1,0.0,136.0,20.0,0.20000000298023224,1,0.0,169.0,20.0,0.30000001192092896,1,0.0,165.0,20.0,0.30000001192092896,1,0.0,157.0,20.0,0.30000001192092896,1,0.0,153.0,20.0,0.30000001192092896,1
2026-03-31 17:24:14,349.44,0.0,161.0,20.0,0.30000001192092896,1,0.0,130.0,20.0,0.20000000298023224,1,0.0,162.0,20.0,0.30000001192092896,1,0.0,159.0,20.0,0.30000001192092896,1,0.0,151.0,20.0,0.30000001192092896,1,0.0,146.0,20.0,0.30000001192092896,1
2026-03-31 17:24:14,350.15,0.0,155.0,20.0,0.30000001192092896,1,0.0,124.0,20.0,0.20000000298023224,1,0.0,157.0,20.0,0.30000001192092896,1,0.0,153.0,20.0,0.30000001192092896,1,0.0,144.0,20.0,0.30000001192092896,1,0.0,140.0,20.0,0.30000001192092896,1
2026-03-31 17:24:15,350.88,0.0,149.0,20.0,0.30000001192092896,1,0.0,117.0,20.0,0.20000000298023224,1,0.0,149.0,20.0,0.30000001192092896,1,0.0,147.0,20.0,0.30000001192092896,1,0.0,138.0,20.0,0.30000001192092896,1,0.0,135.0,20.0,0.30000001192092896,1
2026-03-31 17:24:16,351.58,0.0,143.0,20.0,0.30000001192092896,1,0.0,111.0,20.0,0.20000000298023224,1,0.0,144.0,20.0,0.30000001192092896,1,0.0,141.0,20.0,0.30000001192092896,1,0.0,132.0,20.0,0.30000001192092896,1,0.0,128.0,20.0,0.30000001192092896,1
2026-03-31 17:24:17,352.3,0.0,137.0,20.0,0.30000001192092896,1,0.0,106.0,20.0,0.20000000298023224,1,0.0,137.0,20.0,0.30000001192092896,1,0.0,134.0,20.0,0.20000000298023224,1,0.0,126.0,20.0,0.20000000298023224,1,0.0,121.0,20.0,0.30000001192092896,1
2026-03-31 17:24:17,353.0,0.0,131.0,20.0,0.20000000298023224,1,0.0,99.0,20.0,0.20000000298023224,1,0.0,132.0,20.0,0.20000000298023224,1,0.0,129.0,20.0,0.20000000298023224,1,0.0,120.0,20.0,0.20000000298023224,1,0.0,116.0,20.0,0.30000001192092896,1
2026-03-31 17:24:18,353.71,0.0,124.0,20.0,0.20000000298023224,1,0.0,92.0,20.0,0.10000000149011612,1,0.0,125.0,20.0,0.20000000298023224,1,0.0,123.0,20.0,0.20000000298023224,1,0.0,113.0,20.0,0.20000000298023224,1,0.0,109.0,20.0,0.30000001192092896,1
2026-03-31 17:24:19,354.43,0.0,112.0,20.0,0.20000000298023224,1,0.0,81.0,20.0,0.10000000149011612,1,0.0,113.0,20.0,0.20000000298023224,1,0.0,110.0,20.0,0.20000000298023224,1,0.0,101.0,20.0,0.20000000298023224,1,0.0,97.0,20.0,0.20000000298023224,1
2026-03-31 17:24:19,355.13,0.0,106.0,20.0,0.20000000298023224,1,0.0,75.0,20.0,0.10000000149011612,1,0.0,107.0,20.0,0.20000000298023224,1,0.0,105.0,20.0,0.20000000298023224,1,0.0,95.0,20.0,0.10000000149011612,1,0.0,90.0,20.0,0.20000000298023224,1
2026-03-31 17:24:20,355.85,0.0,99.0,20.0,0.20000000298023224,1,0.0,68.0,20.0,0.10000000149011612,1,0.0,100.0,20.0,0.20000000298023224,1,0.0,98.0,20.0,0.20000000298023224,1,0.0,89.0,20.0,0.10000000149011612,1,0.0,84.0,20.0,0.20000000298023224,1
2026-03-31 17:24:21,356.56,0.0,94.0,20.0,0.20000000298023224,1,0.0,62.0,20.0,0.10000000149011612,1,0.0,94.0,20.0,0.10000000149011612,1,0.0,92.0,20.0,0.20000000298023224,1,0.0,83.0,20.0,0.10000000149011612,1,0.0,78.0,20.0,0.20000000298023224,1
2026-03-31 17:24:22,357.27,0.0,88.0,20.0,0.20000000298023224,1,0.0,55.0,20.0,0.10000000149011612,1,0.0,88.0,20.0,0.10000000149011612,1,0.0,85.0,20.0,0.10000000149011612,1,0.0,77.0,20.0,0.10000000149011612,1,0.0,72.0,20.0,0.10000000149011612,1
2026-03-31 17:24:22,357.98,0.0,82.0,20.0,0.10000000149011612,1,0.0,49.0,20.0,0.10000000149011612,1,0.0,82.0,20.0,0.10000000149011612,1,0.0,79.0,20.0,0.10000000149011612,1,0.0,71.0,20.0,0.10000000149011612,1,0.0,66.0,20.0,0.10000000149011612,1
2026-03-31 17:24:23,358.69,0.0,75.0,20.0,0.10000000149011612,1,0.0,43.0,20.0,0.10000000149011612,1,0.0,76.0,20.0,0.10000000149011612,1,0.0,73.0,20.0,0.10000000149011612,1,0.0,65.0,20.0,0.10000000149011612,1,0.0,59.0,20.0,0.10000000149011612,1
2026-03-31 17:24:24,359.39,0.0,69.0,20.0,0.10000000149011612,1,0.0,37.0,20.0,0.0,1,0.0,70.0,20.0,0.10000000149011612,1,0.0,67.0,20.0,0.10000000149011612,1,0.0,59.0,20.0,0.10000000149011612,1,0.0,54.0,20.0,0.10000000149011612,1
2026-03-31 17:24:24,360.09,0.0,63.0,20.0,0.10000000149011612,1,0.0,31.0,20.0,0.0,1,0.0,64.0,20.0,0.10000000149011612,1,0.0,60.0,20.0,0.10000000149011612,1,0.0,52.0,20.0,0.10000000149011612,1,0.0,48.0,20.0,0.10000000149011612,1
2026-03-31 17:24:25,360.79,0.0,57.0,20.0,0.10000000149011612,1,0.0,24.0,20.0,0.0,1,0.0,57.0,20.0,0.10000000149011612,1,0.0,55.0,20.0,0.10000000149011612,1,0.0,46.0,20.0,0.0,1,0.0,41.0,20.0,0.10000000149011612,1
2026-03-31 17:24:26,361.51,0.0,51.0,20.0,0.10000000149011612,1,0.0,18.0,20.0,0.0,1,0.0,51.0,20.0,0.10000000149011612,1,0.0,49.0,20.0,0.10000000149011612,1,0.0,40.0,20.0,0.0,1,0.0,35.0,20.0,0.10000000149011612,1
2026-03-31 17:24:26,362.22,0.0,45.0,20.0,0.10000000149011612,1,0.0,12.0,20.0,0.0,1,0.0,45.0,20.0,0.10000000149011612,1,0.0,42.0,20.0,0.10000000149011612,1,0.0,34.0,20.0,0.0,1,0.0,29.0,20.0,0.10000000149011612,1
2026-03-31 17:24:27,362.93,0.0,39.0,20.0,0.0,1,0.0,7.0,20.0,0.0,1,0.0,39.0,20.0,0.10000000149011612,1,0.0,36.0,20.0,0.10000000149011612,1,0.0,27.0,20.0,0.0,1,0.0,23.0,20.0,0.0,1
2026-03-31 17:24:28,363.65,0.0,26.0,20.0,0.0,1,0.0,2.0,20.0,0.0,1,0.0,27.0,20.0,0.0,1,0.0,23.0,20.0,0.0,1,0.0,15.0,20.0,0.0,1,0.0,12.0,20.0,0.0,1
2026-03-31 17:24:29,364.38,0.0,14.0,20.0,0.0,1,0.0,0.0,20.0,0.0,1,0.0,15.0,20.0,0.0,1,0.0,12.0,20.0,0.0,1,0.0,7.0,20.0,0.0,1,0.0,6.0,20.0,0.0,1
2026-03-31 17:24:29,365.08,0.0,10.0,20.0,0.0,1,0.0,0.0,20.0,0.0,1,0.0,10.0,20.0,0.0,1,0.0,8.0,20.0,0.0,1,0.0,5.0,20.0,0.0,1,0.0,5.0,20.0,0.0,1
2026-03-31 17:24:30,365.79,0.0,7.0,20.0,0.0,1,0.0,0.0,20.0,0.0,1,0.0,7.0,20.0,0.0,1,0.0,5.0,20.0,0.0,1,0.0,4.0,20.0,0.0,1,0.0,4.0,20.0,0.0,1
2026-03-31 17:24:31,366.52,0.0,6.0,20.0,0.0,1,0.0,0.0,20.0,0.0,1,0.0,5.0,20.0,0.0,1,0.0,4.0,20.0,0.0,1,0.0,3.0,20.0,0.0,1,0.0,3.0,20.0,0.0,1
2026-03-31 17:24:32,367.26,0.0,5.0,20.0,0.0,1,0.0,0.0,20.0,0.0,1,0.0,3.0,20.0,0.0,1,0.0,2.0,20.0,0.0,1,0.0,2.0,20.0,0.0,1,0.0,3.0,20.0,0.0,1
2026-03-31 17:24:32,367.97,0.0,4.0,20.0,0.0,1,0.0,0.0,20.0,0.0,1,0.0,2.0,20.0,0.0,1,0.0,1.0,20.0,0.0,1,0.0,2.0,20.0,0.0,1,0.0,2.0,20.0,0.0,1
2026-03-31 17:24:33,368.68,0.0,3.0,20.0,0.0,1,0.0,0.0,20.0,0.0,1,0.0,2.0,20.0,0.0,1,0.0,1.0,20.0,0.0,1,0.0,1.0,20.0,0.0,1,0.0,2.0,20.0,0.0,1
2026-03-31 17:24:34,369.4,0.0,3.0,20.0,0.0,1,0.0,0.0,20.0,0.0,1,0.0,1.0,20.0,0.0,1,0.0,0.0,20.0,0.0,1,0.0,1.0,20.0,0.0,1,0.0,2.0,20.0,0.0,1
2026-03-31 17:24:34,370.11,0.0,4.0,20.0,0.0,1,0.0,0.0,20.0,0.0,1,0.0,1.0,20.0,0.0,1,0.0,0.0,20.0,0.0,1,0.0,1.0,20.0,0.0,1,0.0,2.0,20.0,0.0,1
2026-03-31 17:24:35,370.84,0.0,4.0,20.0,0.0,1,0.0,0.0,20.0,0.0,1,0.0,2.0,20.0,0.0,1,0.0,0.0,20.0,0.0,1,0.0,1.0,20.0,0.0,1,0.0,2.0,20.0,0.0,1
2026-03-31 17:24:36,371.55,0.0,4.0,20.0,0.0,1,0.0,0.0,20.0,0.0,1,0.0,2.0,20.0,0.0,1,0.0,1.0,20.0,0.0,1,0.0,1.0,20.0,0.0,1,0.0,2.0,20.0,0.0,1
2026-03-31 17:24:37,372.28,0.0,4.0,20.0,0.0,1,0.0,0.0,20.0,0.0,1,0.0,2.0,20.0,0.0,1,0.0,1.0,20.0,0.0,1,0.0,1.0,20.0,0.0,1,0.0,2.0,20.0,0.0,1
2026-03-31 17:24:37,372.99,0.0,4.0,20.0,0.0,1,0.0,0.0,20.0,0.0,1,0.0,2.0,20.0,0.0,1,0.0,1.0,20.0,0.0,1,0.0,1.0,20.0,0.0,1,0.0,2.0,20.0,0.0,1
2026-03-31 17:24:38,373.71,0.0,4.0,20.0,0.0,1,0.0,0.0,20.0,0.0,1,0.0,2.0,20.0,0.0,1,0.0,1.0,20.0,0.0,1,0.0,1.0,20.0,0.0,1,0.0,2.0,20.0,0.0,1
2026-03-31 17:24:39,374.41,0.0,4.0,20.0,0.0,1,0.0,0.0,20.0,0.0,1,0.0,2.0,20.0,0.0,1,0.0,1.0,20.0,0.0,1,0.0,1.0,20.0,0.0,1,0.0,2.0,20.0,0.0,1
2026-03-31 17:24:39,375.12,0.0,4.0,20.0,0.0,1,0.0,0.0,20.0,0.0,1,0.0,2.0,20.0,0.0,1,0.0,1.0,20.0,0.0,1,0.0,1.0,20.0,0.0,1,0.0,2.0,20.0,0.0,1
2026-03-31 17:24:40,375.85,0.0,4.0,20.0,0.0,1,0.0,0.0,20.0,0.0,1,0.0,2.0,20.0,0.0,1,0.0,1.0,20.0,0.0,1,0.0,1.0,20.0,0.0,1,0.0,2.0,20.0,0.0,1
2026-03-31 17:24:41,376.57,0.0,4.0,20.0,0.0,1,0.0,0.0,20.0,0.0,1,0.0,2.0,20.0,0.0,1,0.0,1.0,20.0,0.0,1,0.0,1.0,20.0,0.0,1,0.0,2.0,20.0,0.0,1
2026-03-31 17:24:42,377.29,0.0,4.0,20.0,0.0,1,0.0,0.0,20.0,0.0,1,0.0,2.0,20.0,0.0,1,0.0,1.0,20.0,0.0,1,0.0,1.0,20.0,0.0,1,0.0,2.0,20.0,0.0,1
2026-03-31 17:24:42,378.0,0.0,4.0,20.0,0.0,1,0.0,0.0,20.0,0.0,1,0.0,2.0,20.0,0.0,1,0.0,1.0,20.0,0.0,1,0.0,1.0,20.0,0.0,1,0.0,2.0,20.0,0.0,1
2026-03-31 17:24:43,378.72,0.0,4.0,20.0,0.0,1,0.0,0.0,20.0,0.0,1,0.0,2.0,20.0,0.0,1,0.0,1.0,20.0,0.0,1,0.0,1.0,20.0,0.0,1,0.0,2.0,20.0,0.0,1
2026-03-31 17:24:44,379.43,0.0,4.0,20.0,0.0,1,0.0,0.0,20.0,0.0,1,0.0,2.0,20.0,0.0,1,0.0,1.0,20.0,0.0,1,0.0,1.0,20.0,0.0,1,0.0,2.0,20.0,0.0,1
2026-03-31 17:24:44,380.14,0.0,4.0,20.0,0.0,1,0.0,0.0,20.0,0.0,1,0.0,2.0,20.0,0.0,1,0.0,1.0,20.0,0.0,1,0.0,1.0,20.0,0.0,1,0.0,2.0,20.0,0.0,1
2026-03-31 17:24:45,380.87,0.0,4.0,20.0,0.0,1,0.0,0.0,20.0,0.0,1,0.0,2.0,20.0,0.0,1,0.0,1.0,20.0,0.0,1,0.0,1.0,20.0,0.0,1,0.0,2.0,20.0,0.0,1
2026-03-31 17:24:46,381.59,0.0,4.0,20.0,0.0,1,0.0,0.0,20.0,0.0,1,0.0,2.0,20.0,0.0,1,0.0,1.0,20.0,0.0,1,0.0,1.0,20.0,0.0,1,0.0,2.0,20.0,0.0,1
2026-03-31 17:24:47,382.31,0.0,4.0,20.0,0.0,1,0.0,0.0,20.0,0.0,1,0.0,2.0,20.0,0.0,1,0.0,1.0,20.0,0.0,1,0.0,1.0,20.0,0.0,1,0.0,2.0,20.0,0.0,1
2026-03-31 17:24:47,383.02,0.0,4.0,20.0,0.0,1,0.0,0.0,20.0,0.0,1,0.0,2.0,20.0,0.0,1,0.0,1.0,20.0,0.0,1,0.0,1.0,20.0,0.0,1,0.0,2.0,20.0,0.0,1
2026-03-31 17:24:48,383.74,0.0,4.0,20.0,0.0,1,0.0,0.0,20.0,0.0,1,0.0,2.0,20.0,0.0,1,0.0,1.0,20.0,0.0,1,0.0,1.0,20.0,0.0,1,0.0,2.0,20.0,0.0,1
2026-03-31 17:24:49,384.44,0.0,4.0,20.0,0.0,1,0.0,0.0,20.0,0.0,1,0.0,2.0,20.0,0.0,1,0.0,1.0,20.0,0.0,1,0.0,1.0,20.0,0.0,1,0.0,2.0,20.0,0.0,1
2026-03-31 17:24:49,385.15,0.0,4.0,20.0,0.0,1,0.0,0.0,20.0,0.0,1,0.0,2.0,20.0,0.0,1,0.0,1.0,20.0,0.0,1,0.0,1.0,20.0,0.0,1,0.0,2.0,20.0,0.0,1
2026-03-31 17:24:50,385.86,0.0,4.0,20.0,0.0,1,0.0,0.0,20.0,0.0,1,0.0,2.0,20.0,0.0,1,0.0,1.0,20.0,0.0,1,0.0,1.0,20.0,0.0,1,0.0,2.0,20.0,0.0,1
2026-03-31 17:24:51,386.56,0.0,4.0,20.0,0.0,1,0.0,0.0,20.0,0.0,1,0.0,2.0,20.0,0.0,1,0.0,1.0,20.0,0.0,1,0.0,1.0,20.0,0.0,1,0.0,2.0,20.0,0.0,1
2026-03-31 17:24:52,387.28,0.0,4.0,20.0,0.0,1,0.0,0.0,20.0,0.0,1,0.0,2.0,20.0,0.0,1,0.0,1.0,20.0,0.0,1,0.0,1.0,20.0,0.0,1,0.0,2.0,20.0,0.0,1
2026-03-31 17:24:52,387.98,0.0,4.0,20.0,0.0,1,0.0,0.0,20.0,0.0,1,0.0,2.0,20.0,0.0,1,0.0,1.0,20.0,0.0,1,0.0,1.0,20.0,0.0,1,0.0,2.0,20.0,0.0,1
2026-03-31 17:24:53,388.7,0.0,4.0,20.0,0.0,1,0.0,0.0,20.0,0.0,1,0.0,2.0,20.0,0.0,1,0.0,1.0,20.0,0.0,1,0.0,1.0,20.0,0.0,1,0.0,2.0,20.0,0.0,1
2026-03-31 17:24:54,389.4,0.0,4.0,20.0,0.0,1,0.0,0.0,20.0,0.0,1,0.0,2.0,20.0,0.0,1,0.0,1.0,20.0,0.0,1,0.0,1.0,20.0,0.0,1,0.0,2.0,20.0,0.0,1
2026-03-31 17:24:54,390.11,0.0,4.0,20.0,0.0,1,0.0,0.0,20.0,0.0,1,0.0,2.0,20.0,0.0,1,0.0,1.0,20.0,0.0,1,0.0,1.0,20.0,0.0,1,0.0,2.0,20.0,0.0,1
2026-03-31 17:24:55,390.84,0.0,4.0,20.0,0.0,1,0.0,0.0,20.0,0.0,1,0.0,2.0,20.0,0.0,1,0.0,1.0,20.0,0.0,1,0.0,1.0,20.0,0.0,1,0.0,2.0,20.0,0.0,1
2026-03-31 17:24:56,391.54,0.0,4.0,20.0,0.0,1,0.0,0.0,20.0,0.0,1,0.0,2.0,20.0,0.0,1,0.0,1.0,20.0,0.0,1,0.0,1.0,20.0,0.0,1,0.0,2.0,20.0,0.0,1
2026-03-31 17:24:56,392.24,0.0,4.0,20.0,0.0,1,0.0,0.0,20.0,0.0,1,0.0,2.0,20.0,0.0,1,0.0,1.0,20.0,0.0,1,0.0,1.0,20.0,0.0,1,0.0,2.0,20.0,0.0,1
2026-03-31 17:24:57,392.96,0.0,4.0,20.0,0.0,1,0.0,0.0,20.0,0.0,1,0.0,2.0,20.0,0.0,1,0.0,1.0,20.0,0.0,1,0.0,1.0,20.0,0.0,1,0.0,2.0,20.0,0.0,1
2026-03-31 17:24:58,393.68,0.0,4.0,20.0,0.0,1,0.0,0.0,20.0,0.0,1,0.0,2.0,20.0,0.0,1,0.0,1.0,20.0,0.0,1,0.0,1.0,20.0,0.0,1,0.0,2.0,20.0,0.0,1
2026-03-31 17:24:59,394.38,0.0,4.0,20.0,0.0,1,0.0,0.0,20.0,0.0,1,0.0,2.0,20.0,0.0,1,0.0,1.0,20.0,0.0,1,0.0,1.0,20.0,0.0,1,0.0,2.0,20.0,0.0,1
2026-03-31 17:24:59,395.09,0.0,4.0,20.0,0.0,1,0.0,0.0,20.0,0.0,1,0.0,2.0,20.0,0.0,1,0.0,1.0,20.0,0.0,1,0.0,1.0,20.0,0.0,1,0.0,2.0,20.0,0.0,1
2026-03-31 17:25:00,395.81,0.0,4.0,20.0,0.0,1,0.0,0.0,20.0,0.0,1,0.0,2.0,20.0,0.0,1,0.0,1.0,20.0,0.0,1,0.0,1.0,20.0,0.0,1,0.0,2.0,20.0,0.0,1
2026-03-31 17:25:01,396.53,0.0,4.0,20.0,0.0,1,0.0,0.0,20.0,0.0,1,0.0,2.0,20.0,0.0,1,0.0,1.0,20.0,0.0,1,0.0,1.0,20.0,0.0,1,0.0,2.0,20.0,0.0,1
2026-03-31 17:25:01,397.24,0.0,4.0,20.0,0.0,1,0.0,0.0,20.0,0.0,1,0.0,2.0,20.0,0.0,1,0.0,1.0,20.0,0.0,1,0.0,1.0,20.0,0.0,1,0.0,2.0,20.0,0.0,1
2026-03-31 17:25:02,397.95,0.0,4.0,20.0,0.0,1,0.0,0.0,20.0,0.0,1,0.0,2.0,20.0,0.0,1,0.0,1.0,20.0,0.0,1,0.0,1.0,20.0,0.0,1,0.0,2.0,20.0,0.0,1
2026-03-31 17:25:03,398.66,0.0,4.0,20.0,0.0,1,0.0,0.0,20.0,0.0,1,0.0,2.0,20.0,0.0,1,0.0,1.0,20.0,0.0,1,0.0,1.0,20.0,0.0,1,0.0,2.0,20.0,0.0,1
2026-03-31 17:25:04,399.36,0.0,4.0,20.0,0.0,1,0.0,0.0,20.0,0.0,1,0.0,2.0,20.0,0.0,1,0.0,1.0,20.0,0.0,1,0.0,1.0,20.0,0.0,1,0.0,2.0,20.0,0.0,1
2026-03-31 17:25:04,400.06,0.0,4.0,20.0,0.0,1,0.0,0.0,20.0,0.0,1,0.0,2.0,20.0,0.0,1,0.0,1.0,20.0,0.0,1,0.0,1.0,20.0,0.0,1,0.0,2.0,20.0,0.0,1
2026-03-31 17:25:05,400.78,0.0,4.0,20.0,0.0,1,0.0,0.0,20.0,0.0,1,0.0,2.0,20.0,0.0,1,0.0,1.0,20.0,0.0,1,0.0,1.0,20.0,0.0,1,0.0,2.0,20.0,0.0,1
2026-03-31 17:25:06,401.48,0.0,4.0,20.0,0.0,1,0.0,0.0,20.0,0.0,1,0.0,2.0,20.0,0.0,1,0.0,1.0,20.0,0.0,1,0.0,1.0,20.0,0.0,1,0.0,2.0,20.0,0.0,1
2026-03-31 17:25:06,402.18,0.0,4.0,20.0,0.0,1,0.0,0.0,20.0,0.0,1,0.0,2.0,20.0,0.0,1,0.0,1.0,20.0,0.0,1,0.0,1.0,20.0,0.0,1,0.0,2.0,20.0,0.0,1
2026-03-31 17:25:07,402.89,0.0,4.0,20.0,0.0,1,0.0,0.0,20.0,0.0,1,0.0,2.0,20.0,0.0,1,0.0,1.0,20.0,0.0,1,0.0,1.0,20.0,0.0,1,0.0,2.0,20.0,0.0,1
2026-03-31 17:25:08,403.6,0.0,4.0,20.0,0.0,1,0.0,0.0,20.0,0.0,1,0.0,2.0,20.0,0.0,1,0.0,1.0,20.0,0.0,1,0.0,1.0,20.0,0.0,1,0.0,2.0,20.0,0.0,1
2026-03-31 17:25:09,404.3,0.0,4.0,20.0,0.0,1,0.0,0.0,20.0,0.0,1,0.0,2.0,20.0,0.0,1,0.0,1.0,20.0,0.0,1,0.0,1.0,20.0,0.0,1,0.0,2.0,20.0,0.0,1
2026-03-31 17:25:09,405.01,0.0,4.0,20.0,0.0,1,0.0,0.0,20.0,0.0,1,0.0,2.0,20.0,0.0,1,0.0,1.0,20.0,0.0,1,0.0,1.0,20.0,0.0,1,0.0,2.0,20.0,0.0,1
2026-03-31 17:25:10,405.73,0.0,4.0,20.0,0.0,1,0.0,0.0,20.0,0.0,1,0.0,2.0,20.0,0.0,1,0.0,1.0,20.0,0.0,1,0.0,1.0,20.0,0.0,1,0.0,2.0,20.0,0.0,1
2026-03-31 17:25:11,406.45,0.0,4.0,20.0,0.0,1,0.0,0.0,20.0,0.0,1,0.0,2.0,20.0,0.0,1,0.0,1.0,20.0,0.0,1,0.0,1.0,20.0,0.0,1,0.0,2.0,20.0,0.0,1
2026-03-31 17:25:11,407.2,0.0,4.0,20.0,0.0,1,0.0,0.0,20.0,0.0,1,0.0,2.0,20.0,0.0,1,0.0,1.0,20.0,0.0,1,0.0,1.0,20.0,0.0,1,0.0,2.0,20.0,0.0,1
