Timestamp,Elapsed,ch0_setV,ch0_monV,ch0_setI,ch0_monI,ch0_status,ch1_setV,ch1_monV,ch1_setI,ch1_monI,ch1_status,ch2_setV,ch2_monV,ch2_setI,ch2_monI,ch2_status,ch3_setV,ch3_monV,ch3_setI,ch3_monI,ch3_status,ch4_setV,ch4_monV,ch4_setI,ch4_monI,ch4_status,ch5_setV,ch5_monV,ch5_setI,ch5_monI,ch5_status
2026-06-23 14:47:41,6.65,0.0,0.0,100.0,0.0,0,0.0,0.0,100.0,0.0,0,0.0,0.0,100.0,0.0,0,0.0,0.0,100.0,0.0,0,0.0,0.0,100.0,0.0,0,0.0,0.0,100.0,0.0,0
2026-06-23 14:47:42,7.77,0.0,0.0,100.0,0.0,0,0.0,0.0,100.0,0.0,0,0.0,0.0,100.0,0.0,0,0.0,0.0,100.0,0.0,0,0.0,0.0,100.0,0.0,0,0.0,0.0,100.0,0.0,0
2026-06-23 14:47:42,8.49,0.0,0.0,100.0,0.0,0,0.0,0.0,100.0,0.0,0,0.0,0.0,100.0,0.0,0,0.0,0.0,100.0,0.0,0,0.0,0.0,100.0,0.0,0,0.0,0.0,100.0,0.0,0
2026-06-23 14:47:43,9.25,0.0,0.0,100.0,0.0,0,0.0,0.0,100.0,0.0,0,0.0,0.0,100.0,0.0,0,0.0,0.0,100.0,0.0,0,0.0,0.0,100.0,0.0,0,0.0,0.0,100.0,0.0,0
2026-06-23 14:47:44,9.99,0.0,0.0,100.0,0.0,0,0.0,0.0,100.0,0.0,0,0.0,0.0,100.0,0.0,0,0.0,0.0,100.0,0.0,0,0.0,0.0,100.0,0.0,0,0.0,0.0,100.0,0.0,0
2026-06-23 14:47:45,10.71,0.0,0.0,100.0,0.0,0,0.0,0.0,100.0,0.0,0,0.0,0.0,100.0,0.0,0,0.0,0.0,100.0,0.0,0,0.0,0.0,100.0,0.0,0,0.0,0.0,100.0,0.0,0
2026-06-23 14:47:45,11.45,0.0,0.0,100.0,0.0,0,0.0,0.0,100.0,0.0,0,0.0,0.0,100.0,0.0,0,0.0,0.0,100.0,0.0,0,0.0,0.0,100.0,0.0,0,0.0,0.0,100.0,0.0,0
2026-06-23 14:47:46,12.19,0.0,0.0,100.0,0.0,0,0.0,0.0,100.0,0.0,0,0.0,0.0,100.0,0.0,0,0.0,0.0,100.0,0.0,0,0.0,0.0,100.0,0.0,0,0.0,0.0,100.0,0.0,0
2026-06-23 14:47:47,12.93,0.0,0.0,100.0,0.0,0,0.0,0.0,100.0,0.0,0,0.0,0.0,100.0,0.0,0,0.0,0.0,100.0,0.0,0,0.0,0.0,100.0,0.0,0,0.0,0.0,100.0,0.0,0
2026-06-23 14:47:48,13.66,0.0,0.0,100.0,0.0,0,0.0,0.0,100.0,0.0,0,0.0,0.0,100.0,0.0,0,0.0,0.0,100.0,0.0,0,0.0,0.0,100.0,0.0,0,0.0,0.0,100.0,0.0,0
2026-06-23 14:47:48,14.39,0.0,0.0,100.0,0.0,0,0.0,0.0,100.0,0.0,0,0.0,0.0,100.0,0.0,0,0.0,0.0,100.0,0.0,0,0.0,0.0,100.0,0.0,0,0.0,0.0,100.0,0.0,0
2026-06-23 14:47:49,15.13,0.0,0.0,100.0,0.0,0,0.0,0.0,100.0,0.0,0,0.0,0.0,100.0,0.0,0,0.0,0.0,100.0,0.0,0,0.0,0.0,100.0,0.0,0,0.0,0.0,100.0,0.0,0
2026-06-23 14:47:50,15.85,0.0,0.0,100.0,0.0,0,0.0,0.0,100.0,0.0,0,0.0,0.0,100.0,0.0,0,0.0,0.0,100.0,0.0,0,0.0,0.0,100.0,0.0,0,0.0,0.0,100.0,0.0,0
2026-06-23 14:47:50,16.57,0.0,0.0,100.0,0.0,0,0.0,0.0,100.0,0.0,0,0.0,0.0,100.0,0.0,0,0.0,0.0,100.0,0.0,0,0.0,0.0,100.0,0.0,0,0.0,0.0,100.0,0.0,0
2026-06-23 14:47:51,17.28,0.0,0.0,100.0,0.0,0,0.0,0.0,100.0,0.0,0,0.0,0.0,100.0,0.0,0,0.0,0.0,100.0,0.0,0,0.0,0.0,100.0,0.0,0,0.0,0.0,100.0,0.0,0
2026-06-23 14:47:52,18.05,0.0,0.0,100.0,0.0,0,0.0,0.0,100.0,0.0,0,0.0,0.0,100.0,0.0,0,0.0,0.0,100.0,0.0,0,0.0,0.0,100.0,0.0,0,0.0,0.0,100.0,0.0,0
2026-06-23 14:47:53,18.82,0.0,0.0,100.0,0.0,0,0.0,0.0,100.0,0.0,0,0.0,0.0,100.0,0.0,0,0.0,0.0,100.0,0.0,0,0.0,0.0,100.0,0.0,0,0.0,0.0,100.0,0.0,0
2026-06-23 14:47:53,19.54,0.0,0.0,100.0,0.0,0,0.0,0.0,100.0,0.0,0,0.0,0.0,100.0,0.0,0,0.0,0.0,100.0,0.0,0,0.0,0.0,100.0,0.0,0,0.0,0.0,100.0,0.0,0
2026-06-23 14:47:54,20.27,0.0,0.0,100.0,0.0,0,0.0,0.0,100.0,0.0,0,0.0,0.0,100.0,0.0,0,0.0,0.0,100.0,0.0,0,0.0,0.0,100.0,0.0,0,0.0,0.0,100.0,0.0,0
2026-06-23 14:47:55,21.0,0.0,0.0,100.0,0.0,0,0.0,0.0,100.0,0.0,0,0.0,0.0,100.0,0.0,0,0.0,0.0,100.0,0.0,0,0.0,0.0,100.0,0.0,0,0.0,0.0,100.0,0.0,0
2026-06-23 14:47:56,21.72,0.0,0.0,100.0,0.0,0,0.0,0.0,100.0,0.0,0,0.0,0.0,100.0,0.0,0,0.0,0.0,100.0,0.0,0,0.0,0.0,100.0,0.0,0,0.0,0.0,100.0,0.0,0
2026-06-23 14:47:56,22.46,0.0,0.0,100.0,0.0,0,0.0,0.0,100.0,0.0,0,0.0,0.0,100.0,0.0,0,0.0,0.0,100.0,0.0,0,0.0,0.0,100.0,0.0,0,0.0,0.0,100.0,0.0,0
2026-06-23 14:47:57,23.19,0.0,0.0,100.0,0.0,0,0.0,0.0,100.0,0.0,0,0.0,0.0,100.0,0.0,0,0.0,0.0,100.0,0.0,0,0.0,0.0,100.0,0.0,0,0.0,0.0,100.0,0.0,0
2026-06-23 14:47:58,23.94,0.0,0.0,100.0,0.0,0,0.0,0.0,100.0,0.0,0,0.0,0.0,100.0,0.0,0,0.0,0.0,100.0,0.0,0,0.0,0.0,100.0,0.0,0,0.0,0.0,100.0,0.0,0
2026-06-23 14:47:59,24.67,0.0,0.0,100.0,0.0,0,0.0,0.0,100.0,0.0,0,0.0,0.0,100.0,0.0,0,0.0,0.0,100.0,0.0,0,0.0,0.0,100.0,0.0,0,0.0,0.0,100.0,0.0,0
2026-06-23 14:47:59,25.41,0.0,0.0,100.0,0.0,0,0.0,0.0,100.0,0.0,0,0.0,0.0,100.0,0.0,0,0.0,0.0,100.0,0.0,0,0.0,0.0,100.0,0.0,0,0.0,0.0,100.0,0.0,0
2026-06-23 14:48:00,26.15,0.0,0.0,100.0,0.0,0,0.0,0.0,100.0,0.0,0,0.0,0.0,100.0,0.0,0,0.0,0.0,100.0,0.0,0,0.0,0.0,100.0,0.0,0,0.0,0.0,100.0,0.0,0
2026-06-23 14:48:01,26.87,0.0,0.0,100.0,0.0,0,0.0,0.0,100.0,0.0,0,0.0,0.0,100.0,0.0,0,0.0,0.0,100.0,0.0,0,0.0,0.0,100.0,0.0,0,0.0,0.0,100.0,0.0,0
2026-06-23 14:48:02,27.6,0.0,0.0,100.0,0.0,0,0.0,0.0,100.0,0.0,0,0.0,0.0,100.0,0.0,0,0.0,0.0,100.0,0.0,0,0.0,0.0,100.0,0.0,0,0.0,0.0,100.0,0.0,0
2026-06-23 14:48:02,28.34,0.0,0.0,100.0,0.0,0,0.0,0.0,100.0,0.0,0,0.0,0.0,100.0,0.0,0,0.0,0.0,100.0,0.0,0,0.0,0.0,100.0,0.0,0,0.0,0.0,100.0,0.0,0
2026-06-23 14:48:03,29.08,0.0,0.0,100.0,0.0,0,0.0,0.0,100.0,0.0,0,0.0,0.0,100.0,0.0,0,0.0,0.0,100.0,0.0,0,0.0,0.0,100.0,0.0,0,0.0,0.0,100.0,0.0,0
2026-06-23 14:48:04,29.81,0.0,0.0,100.0,0.0,0,0.0,0.0,100.0,0.0,0,0.0,0.0,100.0,0.0,0,0.0,0.0,100.0,0.0,0,0.0,0.0,100.0,0.0,0,0.0,0.0,100.0,0.0,0
2026-06-23 14:48:04,30.56,0.0,0.0,100.0,0.0,0,0.0,0.0,100.0,0.0,0,0.0,0.0,100.0,0.0,0,0.0,0.0,100.0,0.0,0,0.0,0.0,100.0,0.0,0,0.0,0.0,100.0,0.0,0
2026-06-23 14:48:05,31.31,0.0,0.0,100.0,0.0,0,0.0,0.0,100.0,0.0,0,0.0,0.0,100.0,0.0,0,0.0,0.0,100.0,0.0,0,0.0,0.0,100.0,0.0,0,0.0,0.0,100.0,0.0,0
2026-06-23 14:48:06,32.04,0.0,0.0,100.0,0.0,0,0.0,0.0,100.0,0.0,0,0.0,0.0,100.0,0.0,0,0.0,0.0,100.0,0.0,0,0.0,0.0,100.0,0.0,0,0.0,0.0,100.0,0.0,0
2026-06-23 14:48:07,32.8,0.0,0.0,100.0,0.0,0,0.0,0.0,100.0,0.0,0,0.0,0.0,100.0,0.0,0,0.0,0.0,100.0,0.0,0,0.0,0.0,100.0,0.0,0,0.0,0.0,100.0,0.0,0
2026-06-23 14:48:07,33.56,0.0,0.0,100.0,0.0,0,0.0,0.0,100.0,0.0,0,0.0,0.0,100.0,0.0,0,0.0,0.0,100.0,0.0,0,0.0,0.0,100.0,0.0,0,0.0,0.0,100.0,0.0,0
2026-06-23 14:48:08,34.31,0.0,0.0,100.0,0.0,0,0.0,0.0,100.0,0.0,0,0.0,0.0,100.0,0.0,0,0.0,0.0,100.0,0.0,0,0.0,0.0,100.0,0.0,0,0.0,0.0,100.0,0.0,0
2026-06-23 14:48:09,35.08,0.0,0.0,100.0,0.0,0,0.0,0.0,100.0,0.0,0,0.0,0.0,100.0,0.0,0,0.0,0.0,100.0,0.0,0,0.0,0.0,100.0,0.0,0,0.0,0.0,100.0,0.0,0
2026-06-23 14:48:10,35.82,0.0,0.0,100.0,0.0,0,0.0,0.0,100.0,0.0,0,0.0,0.0,100.0,0.0,0,0.0,0.0,100.0,0.0,0,0.0,0.0,100.0,0.0,0,0.0,0.0,100.0,0.0,0
2026-06-23 14:48:10,36.54,0.0,0.0,100.0,0.0,0,0.0,0.0,100.0,0.0,0,0.0,0.0,100.0,0.0,0,0.0,0.0,100.0,0.0,0,0.0,0.0,100.0,0.0,0,0.0,0.0,100.0,0.0,0
2026-06-23 14:48:11,37.28,0.0,0.0,100.0,0.0,0,0.0,0.0,100.0,0.0,0,0.0,0.0,100.0,0.0,0,0.0,0.0,100.0,0.0,0,0.0,0.0,100.0,0.0,0,0.0,0.0,100.0,0.0,0
2026-06-23 14:48:12,38.01,0.0,0.0,100.0,0.0,0,0.0,0.0,100.0,0.0,0,0.0,0.0,100.0,0.0,0,0.0,0.0,100.0,0.0,0,0.0,0.0,100.0,0.0,0,0.0,0.0,100.0,0.0,0
2026-06-23 14:48:13,38.74,0.0,0.0,100.0,0.0,0,0.0,0.0,100.0,0.0,0,0.0,0.0,100.0,0.0,0,0.0,0.0,100.0,0.0,0,0.0,0.0,100.0,0.0,0,0.0,0.0,100.0,0.0,0
2026-06-23 14:48:13,39.47,0.0,0.0,100.0,0.0,0,0.0,0.0,100.0,0.0,0,0.0,0.0,100.0,0.0,0,0.0,0.0,100.0,0.0,0,0.0,0.0,100.0,0.0,0,0.0,0.0,100.0,0.0,0
2026-06-23 14:48:14,40.19,0.0,0.0,100.0,0.0,0,0.0,0.0,100.0,0.0,0,0.0,0.0,100.0,0.0,0,0.0,0.0,100.0,0.0,0,0.0,0.0,100.0,0.0,0,0.0,0.0,100.0,0.0,0
2026-06-23 14:48:15,40.91,0.0,0.0,100.0,0.0,0,0.0,0.0,100.0,0.0,0,0.0,0.0,100.0,0.0,0,0.0,0.0,100.0,0.0,0,0.0,0.0,100.0,0.0,0,0.0,0.0,100.0,0.0,0
2026-06-23 14:48:16,41.62,0.0,0.0,100.0,0.0,0,0.0,0.0,100.0,0.0,0,0.0,0.0,100.0,0.0,0,0.0,0.0,100.0,0.0,0,0.0,0.0,100.0,0.0,0,0.0,0.0,100.0,0.0,0
2026-06-23 14:48:16,42.34,0.0,0.0,100.0,0.0,0,0.0,0.0,100.0,0.0,0,0.0,0.0,100.0,0.0,0,0.0,0.0,100.0,0.0,0,0.0,0.0,100.0,0.0,0,0.0,0.0,100.0,0.0,0
2026-06-23 14:48:17,43.08,0.0,0.0,100.0,0.0,0,0.0,0.0,100.0,0.0,0,0.0,0.0,100.0,0.0,0,0.0,0.0,100.0,0.0,0,0.0,0.0,100.0,0.0,0,0.0,0.0,100.0,0.0,0
2026-06-23 14:48:18,43.81,0.0,0.0,100.0,0.0,0,0.0,0.0,100.0,0.0,0,0.0,0.0,100.0,0.0,0,0.0,0.0,100.0,0.0,0,0.0,0.0,100.0,0.0,0,0.0,0.0,100.0,0.0,0
2026-06-23 14:48:18,44.55,0.0,0.0,100.0,0.0,0,0.0,0.0,100.0,0.0,0,0.0,0.0,100.0,0.0,0,0.0,0.0,100.0,0.0,0,0.0,0.0,100.0,0.0,0,0.0,0.0,100.0,0.0,0
2026-06-23 14:48:19,45.29,0.0,0.0,100.0,0.0,0,0.0,0.0,100.0,0.0,0,0.0,0.0,100.0,0.0,0,0.0,0.0,100.0,0.0,0,0.0,0.0,100.0,0.0,0,0.0,0.0,100.0,0.0,0
2026-06-23 14:48:20,46.01,0.0,0.0,100.0,0.0,0,0.0,0.0,100.0,0.0,0,0.0,0.0,100.0,0.0,0,0.0,0.0,100.0,0.0,0,0.0,0.0,100.0,0.0,0,0.0,0.0,100.0,0.0,0
2026-06-23 14:48:21,46.75,0.0,0.0,100.0,0.0,0,0.0,0.0,100.0,0.0,0,0.0,0.0,100.0,0.0,0,0.0,0.0,100.0,0.0,0,0.0,0.0,100.0,0.0,0,0.0,0.0,100.0,0.0,0
2026-06-23 14:48:21,47.47,0.0,0.0,100.0,0.0,0,0.0,0.0,100.0,0.0,0,0.0,0.0,100.0,0.0,0,0.0,0.0,100.0,0.0,0,0.0,0.0,100.0,0.0,0,0.0,0.0,100.0,0.0,0
2026-06-23 14:48:22,48.2,0.0,0.0,100.0,0.0,0,0.0,0.0,100.0,0.0,0,0.0,0.0,100.0,0.0,0,0.0,0.0,100.0,0.0,0,0.0,0.0,100.0,0.0,0,0.0,0.0,100.0,0.0,0
2026-06-23 14:48:23,48.94,0.0,0.0,100.0,0.0,0,0.0,0.0,100.0,0.0,0,0.0,0.0,100.0,0.0,0,0.0,0.0,100.0,0.0,0,0.0,0.0,100.0,0.0,0,0.0,0.0,100.0,0.0,0
2026-06-23 14:48:24,49.69,0.0,0.0,100.0,0.0,0,0.0,0.0,100.0,0.0,0,0.0,0.0,100.0,0.0,0,0.0,0.0,100.0,0.0,0,0.0,0.0,100.0,0.0,0,0.0,0.0,100.0,0.0,0
2026-06-23 14:48:24,50.43,0.0,0.0,100.0,0.0,0,0.0,0.0,100.0,0.0,0,0.0,0.0,100.0,0.0,0,0.0,0.0,100.0,0.0,0,0.0,0.0,100.0,0.0,0,0.0,0.0,100.0,0.0,0
2026-06-23 14:48:25,51.15,0.0,0.0,100.0,0.0,0,0.0,0.0,100.0,0.0,0,0.0,0.0,100.0,0.0,0,0.0,0.0,100.0,0.0,0,0.0,0.0,100.0,0.0,0,0.0,0.0,100.0,0.0,0
2026-06-23 14:48:26,51.87,0.0,0.0,100.0,0.0,0,0.0,0.0,100.0,0.0,0,0.0,0.0,100.0,0.0,0,0.0,0.0,100.0,0.0,0,0.0,0.0,100.0,0.0,0,0.0,0.0,100.0,0.0,0
2026-06-23 14:48:27,52.59,0.0,0.0,100.0,0.0,0,0.0,0.0,100.0,0.0,0,0.0,0.0,100.0,0.0,0,0.0,0.0,100.0,0.0,0,0.0,0.0,100.0,0.0,0,0.0,0.0,100.0,0.0,0
2026-06-23 14:48:27,53.33,0.0,0.0,100.0,0.0,0,0.0,0.0,100.0,0.0,0,0.0,0.0,100.0,0.0,0,0.0,0.0,100.0,0.0,0,0.0,0.0,100.0,0.0,0,0.0,0.0,100.0,0.0,0
2026-06-23 14:48:28,54.05,0.0,0.0,100.0,0.0,0,0.0,0.0,100.0,0.0,0,0.0,0.0,100.0,0.0,0,0.0,0.0,100.0,0.0,0,0.0,0.0,100.0,0.0,0,0.0,0.0,100.0,0.0,0
2026-06-23 14:48:29,54.78,0.0,0.0,100.0,0.0,0,0.0,0.0,100.0,0.0,0,0.0,0.0,100.0,0.0,0,0.0,0.0,100.0,0.0,0,0.0,0.0,100.0,0.0,0,0.0,0.0,100.0,0.0,0
2026-06-23 14:48:29,55.51,0.0,0.0,100.0,0.0,0,0.0,0.0,100.0,0.0,0,0.0,0.0,100.0,0.0,0,0.0,0.0,100.0,0.0,0,0.0,0.0,100.0,0.0,0,0.0,0.0,100.0,0.0,0
2026-06-23 14:48:30,56.25,0.0,0.0,100.0,0.0,0,0.0,0.0,100.0,0.0,0,0.0,0.0,100.0,0.0,0,0.0,0.0,100.0,0.0,0,0.0,0.0,100.0,0.0,0,0.0,0.0,100.0,0.0,0
2026-06-23 14:48:31,56.97,0.0,0.0,100.0,0.0,0,0.0,0.0,100.0,0.0,0,0.0,0.0,100.0,0.0,0,0.0,0.0,100.0,0.0,0,0.0,0.0,100.0,0.0,0,0.0,0.0,100.0,0.0,0
2026-06-23 14:48:32,57.7,0.0,0.0,100.0,0.0,0,0.0,0.0,100.0,0.0,0,0.0,0.0,100.0,0.0,0,0.0,0.0,100.0,0.0,0,0.0,0.0,100.0,0.0,0,0.0,0.0,100.0,0.0,0
2026-06-23 14:48:32,58.42,0.0,0.0,100.0,0.0,0,0.0,0.0,100.0,0.0,0,0.0,0.0,100.0,0.0,0,0.0,0.0,100.0,0.0,0,0.0,0.0,100.0,0.0,0,0.0,0.0,100.0,0.0,0
2026-06-23 14:48:33,59.13,0.0,0.0,100.0,0.0,0,0.0,0.0,100.0,0.0,0,0.0,0.0,100.0,0.0,0,0.0,0.0,100.0,0.0,0,0.0,0.0,100.0,0.0,0,0.0,0.0,100.0,0.0,0
2026-06-23 14:48:34,59.87,0.0,0.0,100.0,0.0,0,0.0,0.0,100.0,0.0,0,0.0,0.0,100.0,0.0,0,0.0,0.0,100.0,0.0,0,0.0,0.0,100.0,0.0,0,0.0,0.0,100.0,0.0,0
2026-06-23 14:48:34,60.58,0.0,0.0,100.0,0.0,0,0.0,0.0,100.0,0.0,0,0.0,0.0,100.0,0.0,0,0.0,0.0,100.0,0.0,0,0.0,0.0,100.0,0.0,0,0.0,0.0,100.0,0.0,0
2026-06-23 14:48:35,61.32,0.0,0.0,100.0,0.0,0,0.0,0.0,100.0,0.0,0,0.0,0.0,100.0,0.0,0,0.0,0.0,100.0,0.0,0,0.0,0.0,100.0,0.0,0,0.0,0.0,100.0,0.0,0
2026-06-23 14:48:36,62.06,0.0,0.0,100.0,0.0,0,0.0,0.0,100.0,0.0,0,0.0,0.0,100.0,0.0,0,0.0,0.0,100.0,0.0,0,0.0,0.0,100.0,0.0,0,0.0,0.0,100.0,0.0,0
2026-06-23 14:48:37,62.81,0.0,0.0,100.0,0.0,0,0.0,0.0,100.0,0.0,0,0.0,0.0,100.0,0.0,0,0.0,0.0,100.0,0.0,0,0.0,0.0,100.0,0.0,0,0.0,0.0,100.0,0.0,0
2026-06-23 14:48:37,63.55,0.0,0.0,100.0,0.0,0,0.0,0.0,100.0,0.0,0,0.0,0.0,100.0,0.0,0,0.0,0.0,100.0,0.0,0,0.0,0.0,100.0,0.0,0,0.0,0.0,100.0,0.0,0
2026-06-23 14:48:38,64.29,0.0,0.0,100.0,0.0,0,0.0,0.0,100.0,0.0,0,0.0,0.0,100.0,0.0,0,0.0,0.0,100.0,0.0,0,0.0,0.0,100.0,0.0,0,0.0,0.0,100.0,0.0,0
2026-06-23 14:48:39,65.03,0.0,0.0,100.0,0.0,0,0.0,0.0,100.0,0.0,0,0.0,0.0,100.0,0.0,0,0.0,0.0,100.0,0.0,0,0.0,0.0,100.0,0.0,0,0.0,0.0,100.0,0.0,0
2026-06-23 14:48:40,65.8,0.0,0.0,100.0,0.0,0,0.0,0.0,100.0,0.0,0,0.0,0.0,100.0,0.0,0,0.0,0.0,100.0,0.0,0,0.0,0.0,100.0,0.0,0,0.0,0.0,100.0,0.0,0
2026-06-23 14:48:40,66.56,0.0,0.0,100.0,0.0,0,0.0,0.0,100.0,0.0,0,0.0,0.0,100.0,0.0,0,0.0,0.0,100.0,0.0,0,0.0,0.0,100.0,0.0,0,0.0,0.0,100.0,0.0,0
2026-06-23 14:48:41,67.32,0.0,0.0,100.0,0.0,0,0.0,0.0,100.0,0.0,0,0.0,0.0,100.0,0.0,0,0.0,0.0,100.0,0.0,0,0.0,0.0,100.0,0.0,0,0.0,0.0,100.0,0.0,0
2026-06-23 14:48:42,68.06,0.0,0.0,100.0,0.0,0,0.0,0.0,100.0,0.0,0,0.0,0.0,100.0,0.0,0,0.0,0.0,100.0,0.0,0,0.0,0.0,100.0,0.0,0,0.0,0.0,100.0,0.0,0
2026-06-23 14:48:43,68.8,0.0,0.0,100.0,0.0,0,0.0,0.0,100.0,0.0,0,0.0,0.0,100.0,0.0,0,0.0,0.0,100.0,0.0,0,0.0,0.0,100.0,0.0,0,0.0,0.0,100.0,0.0,0
2026-06-23 14:48:43,69.54,0.0,0.0,100.0,0.0,0,0.0,0.0,100.0,0.0,0,0.0,0.0,100.0,0.0,0,0.0,0.0,100.0,0.0,0,0.0,0.0,100.0,0.0,0,0.0,0.0,100.0,0.0,0
2026-06-23 14:48:44,70.28,0.0,0.0,100.0,0.0,0,0.0,0.0,100.0,0.0,0,0.0,0.0,100.0,0.0,0,0.0,0.0,100.0,0.0,0,0.0,0.0,100.0,0.0,0,0.0,0.0,100.0,0.0,0
2026-06-23 14:48:45,71.03,0.0,0.0,100.0,0.0,0,0.0,0.0,100.0,0.0,0,0.0,0.0,100.0,0.0,0,0.0,0.0,100.0,0.0,0,0.0,0.0,100.0,0.0,0,0.0,0.0,100.0,0.0,0
2026-06-23 14:48:46,71.75,0.0,0.0,100.0,0.0,0,0.0,0.0,100.0,0.0,0,0.0,0.0,100.0,0.0,0,0.0,0.0,100.0,0.0,0,0.0,0.0,100.0,0.0,0,0.0,0.0,100.0,0.0,0
2026-06-23 14:48:46,72.5,0.0,0.0,100.0,0.0,0,0.0,0.0,100.0,0.0,0,0.0,0.0,100.0,0.0,0,0.0,0.0,100.0,0.0,0,0.0,0.0,100.0,0.0,0,0.0,0.0,100.0,0.0,0
2026-06-23 14:48:47,73.25,0.0,0.0,100.0,0.0,0,0.0,0.0,100.0,0.0,0,0.0,0.0,100.0,0.0,0,0.0,0.0,100.0,0.0,0,0.0,0.0,100.0,0.0,0,0.0,0.0,100.0,0.0,0
2026-06-23 14:48:48,73.99,0.0,0.0,100.0,0.0,0,0.0,0.0,100.0,0.0,0,0.0,0.0,100.0,0.0,0,0.0,0.0,100.0,0.0,0,0.0,0.0,100.0,0.0,0,0.0,0.0,100.0,0.0,0
2026-06-23 14:48:49,74.75,0.0,0.0,100.0,0.0,0,0.0,0.0,100.0,0.0,0,0.0,0.0,100.0,0.0,0,0.0,0.0,100.0,0.0,0,0.0,0.0,100.0,0.0,0,0.0,0.0,100.0,0.0,0
2026-06-23 14:48:49,75.46,0.0,0.0,100.0,0.0,0,0.0,0.0,100.0,0.0,0,0.0,0.0,100.0,0.0,0,0.0,0.0,100.0,0.0,0,0.0,0.0,100.0,0.0,0,0.0,0.0,100.0,0.0,0
2026-06-23 14:48:50,76.2,0.0,0.0,100.0,0.0,0,0.0,0.0,100.0,0.0,0,0.0,0.0,100.0,0.0,0,0.0,0.0,100.0,0.0,0,0.0,0.0,100.0,0.0,0,0.0,0.0,100.0,0.0,0
2026-06-23 14:48:51,76.95,0.0,0.0,100.0,0.0,0,0.0,0.0,100.0,0.0,0,0.0,0.0,100.0,0.0,0,0.0,0.0,100.0,0.0,0,0.0,0.0,100.0,0.0,0,0.0,0.0,100.0,0.0,0
2026-06-23 14:48:52,77.72,0.0,0.0,100.0,0.0,0,0.0,0.0,100.0,0.0,0,0.0,0.0,100.0,0.0,0,0.0,0.0,100.0,0.0,0,0.0,0.0,100.0,0.0,0,0.0,0.0,100.0,0.0,0
2026-06-23 14:48:52,78.51,0.0,0.0,100.0,0.0,0,0.0,0.0,100.0,0.0,0,0.0,0.0,100.0,0.0,0,0.0,0.0,100.0,0.0,0,0.0,0.0,100.0,0.0,0,0.0,0.0,100.0,0.0,0
2026-06-23 14:48:53,79.28,0.0,0.0,100.0,0.0,0,0.0,0.0,100.0,0.0,0,0.0,0.0,100.0,0.0,0,0.0,0.0,100.0,0.0,0,0.0,0.0,100.0,0.0,0,0.0,0.0,100.0,0.0,0
2026-06-23 14:48:54,80.04,0.0,0.0,100.0,0.0,0,0.0,0.0,100.0,0.0,0,0.0,0.0,100.0,0.0,0,0.0,0.0,100.0,0.0,0,0.0,0.0,100.0,0.0,0,0.0,0.0,100.0,0.0,0
2026-06-23 14:48:55,80.8,0.0,0.0,100.0,0.0,0,0.0,0.0,100.0,0.0,0,0.0,0.0,100.0,0.0,0,0.0,0.0,100.0,0.0,0,0.0,0.0,100.0,0.0,0,0.0,0.0,100.0,0.0,0
2026-06-23 14:48:55,81.53,0.0,0.0,100.0,0.0,0,0.0,0.0,100.0,0.0,0,0.0,0.0,100.0,0.0,0,0.0,0.0,100.0,0.0,0,0.0,0.0,100.0,0.0,0,0.0,0.0,100.0,0.0,0
2026-06-23 14:48:56,82.28,0.0,0.0,100.0,0.0,0,0.0,0.0,100.0,0.0,0,0.0,0.0,100.0,0.0,0,0.0,0.0,100.0,0.0,0,0.0,0.0,100.0,0.0,0,0.0,0.0,100.0,0.0,0
2026-06-23 14:48:57,83.04,0.0,0.0,100.0,0.0,0,0.0,0.0,100.0,0.0,0,0.0,0.0,100.0,0.0,0,0.0,0.0,100.0,0.0,0,0.0,0.0,100.0,0.0,0,0.0,0.0,100.0,0.0,0
2026-06-23 14:48:58,83.8,0.0,0.0,100.0,0.0,0,0.0,0.0,100.0,0.0,0,0.0,0.0,100.0,0.0,0,0.0,0.0,100.0,0.0,0,0.0,0.0,100.0,0.0,0,0.0,0.0,100.0,0.0,0
2026-06-23 14:48:58,84.54,0.0,0.0,100.0,0.0,0,0.0,0.0,100.0,0.0,0,0.0,0.0,100.0,0.0,0,0.0,0.0,100.0,0.0,0,0.0,0.0,100.0,0.0,0,0.0,0.0,100.0,0.0,0
2026-06-23 14:48:59,85.31,0.0,0.0,100.0,0.0,0,0.0,0.0,100.0,0.0,0,0.0,0.0,100.0,0.0,0,0.0,0.0,100.0,0.0,0,0.0,0.0,100.0,0.0,0,0.0,0.0,100.0,0.0,0
2026-06-23 14:49:00,86.07,0.0,0.0,100.0,0.0,0,0.0,0.0,100.0,0.0,0,0.0,0.0,100.0,0.0,0,0.0,0.0,100.0,0.0,0,0.0,0.0,100.0,0.0,0,0.0,0.0,100.0,0.0,0
2026-06-23 14:49:01,86.86,0.0,0.0,100.0,0.0,0,0.0,0.0,100.0,0.0,0,0.0,0.0,100.0,0.0,0,0.0,0.0,100.0,0.0,0,0.0,0.0,100.0,0.0,0,0.0,0.0,100.0,0.0,0
2026-06-23 14:49:02,87.62,0.0,0.0,100.0,0.0,0,0.0,0.0,100.0,0.0,0,0.0,0.0,100.0,0.0,0,0.0,0.0,100.0,0.0,0,0.0,0.0,100.0,0.0,0,0.0,0.0,100.0,0.0,0
2026-06-23 14:49:02,88.37,0.0,0.0,100.0,0.0,0,0.0,0.0,100.0,0.0,0,0.0,0.0,100.0,0.0,0,0.0,0.0,100.0,0.0,0,0.0,0.0,100.0,0.0,0,0.0,0.0,100.0,0.0,0
2026-06-23 14:49:03,89.12,0.0,0.0,100.0,0.0,0,0.0,0.0,100.0,0.0,0,0.0,0.0,100.0,0.0,0,0.0,0.0,100.0,0.0,0,0.0,0.0,100.0,0.0,0,0.0,0.0,100.0,0.0,0
2026-06-23 14:49:04,89.87,0.0,0.0,100.0,0.0,0,0.0,0.0,100.0,0.0,0,0.0,0.0,100.0,0.0,0,0.0,0.0,100.0,0.0,0,0.0,0.0,100.0,0.0,0,0.0,0.0,100.0,0.0,0
2026-06-23 14:49:05,90.64,0.0,0.0,100.0,0.0,0,0.0,0.0,100.0,0.0,0,0.0,0.0,100.0,0.0,0,0.0,0.0,100.0,0.0,0,0.0,0.0,100.0,0.0,0,0.0,0.0,100.0,0.0,0
2026-06-23 14:49:05,91.4,0.0,0.0,100.0,0.0,0,0.0,0.0,100.0,0.0,0,0.0,0.0,100.0,0.0,0,0.0,0.0,100.0,0.0,0,0.0,0.0,100.0,0.0,0,0.0,0.0,100.0,0.0,0
2026-06-23 14:49:06,92.15,0.0,0.0,100.0,0.0,0,0.0,0.0,100.0,0.0,0,0.0,0.0,100.0,0.0,0,0.0,0.0,100.0,0.0,0,0.0,0.0,100.0,0.0,0,0.0,0.0,100.0,0.0,0
2026-06-23 14:49:07,92.92,0.0,0.0,100.0,0.0,0,0.0,0.0,100.0,0.0,0,0.0,0.0,100.0,0.0,0,0.0,0.0,100.0,0.0,0,0.0,0.0,100.0,0.0,0,0.0,0.0,100.0,0.0,0
2026-06-23 14:49:08,93.68,0.0,0.0,100.0,0.0,0,0.0,0.0,100.0,0.0,0,0.0,0.0,100.0,0.0,0,0.0,0.0,100.0,0.0,0,0.0,0.0,100.0,0.0,0,0.0,0.0,100.0,0.0,0
2026-06-23 14:49:08,94.44,0.0,0.0,100.0,0.0,0,0.0,0.0,100.0,0.0,0,0.0,0.0,100.0,0.0,0,0.0,0.0,100.0,0.0,0,0.0,0.0,100.0,0.0,0,0.0,0.0,100.0,0.0,0
2026-06-23 14:49:09,95.18,0.0,0.0,100.0,0.0,0,0.0,0.0,100.0,0.0,0,0.0,0.0,100.0,0.0,0,0.0,0.0,100.0,0.0,0,0.0,0.0,100.0,0.0,0,0.0,0.0,100.0,0.0,0
2026-06-23 14:49:10,95.92,0.0,0.0,100.0,0.0,0,0.0,0.0,100.0,0.0,0,0.0,0.0,100.0,0.0,0,0.0,0.0,100.0,0.0,0,0.0,0.0,100.0,0.0,0,0.0,0.0,100.0,0.0,0
2026-06-23 14:49:11,96.66,0.0,0.0,100.0,0.0,0,0.0,0.0,100.0,0.0,0,0.0,0.0,100.0,0.0,0,0.0,0.0,100.0,0.0,0,0.0,0.0,100.0,0.0,0,0.0,0.0,100.0,0.0,0
2026-06-23 14:49:11,97.44,0.0,0.0,100.0,0.0,0,0.0,0.0,100.0,0.0,0,0.0,0.0,100.0,0.0,0,0.0,0.0,100.0,0.0,0,0.0,0.0,100.0,0.0,0,0.0,0.0,100.0,0.0,0
2026-06-23 14:49:12,98.22,0.0,0.0,100.0,0.0,0,0.0,0.0,100.0,0.0,0,0.0,0.0,100.0,0.0,0,0.0,0.0,100.0,0.0,0,0.0,0.0,100.0,0.0,0,0.0,0.0,100.0,0.0,0
2026-06-23 14:49:13,98.97,0.0,0.0,100.0,0.0,0,0.0,0.0,100.0,0.0,0,0.0,0.0,100.0,0.0,0,0.0,0.0,100.0,0.0,0,0.0,0.0,100.0,0.0,0,0.0,0.0,100.0,0.0,0
2026-06-23 14:49:14,99.77,0.0,0.0,100.0,0.0,0,0.0,0.0,100.0,0.0,0,0.0,0.0,100.0,0.0,0,0.0,0.0,100.0,0.0,0,0.0,0.0,100.0,0.0,0,0.0,0.0,100.0,0.0,0
2026-06-23 14:49:14,100.53,0.0,0.0,100.0,0.0,0,0.0,0.0,100.0,0.0,0,0.0,0.0,100.0,0.0,0,0.0,0.0,100.0,0.0,0,0.0,0.0,100.0,0.0,0,0.0,0.0,100.0,0.0,0
2026-06-23 14:49:15,101.3,0.0,0.0,100.0,0.0,0,0.0,0.0,100.0,0.0,0,0.0,0.0,100.0,0.0,0,0.0,0.0,100.0,0.0,0,0.0,0.0,100.0,0.0,0,0.0,0.0,100.0,0.0,0
2026-06-23 14:49:16,102.04,0.0,0.0,100.0,0.0,0,0.0,0.0,100.0,0.0,0,0.0,0.0,100.0,0.0,0,0.0,0.0,100.0,0.0,0,0.0,0.0,100.0,0.0,0,0.0,0.0,100.0,0.0,0
2026-06-23 14:49:17,102.8,0.0,0.0,100.0,0.0,0,0.0,0.0,100.0,0.0,0,0.0,0.0,100.0,0.0,0,0.0,0.0,100.0,0.0,0,0.0,0.0,100.0,0.0,0,0.0,0.0,100.0,0.0,0
2026-06-23 14:49:18,103.6,0.0,0.0,100.0,0.0,0,0.0,0.0,100.0,0.0,0,0.0,0.0,100.0,0.0,0,0.0,0.0,100.0,0.0,0,0.0,0.0,100.0,0.0,0,0.0,0.0,100.0,0.0,0
2026-06-23 14:49:18,104.36,0.0,0.0,100.0,0.0,0,0.0,0.0,100.0,0.0,0,0.0,0.0,100.0,0.0,0,0.0,0.0,100.0,0.0,0,0.0,0.0,100.0,0.0,0,0.0,0.0,100.0,0.0,0
2026-06-23 14:49:19,105.11,0.0,0.0,100.0,0.0,0,0.0,0.0,100.0,0.0,0,0.0,0.0,100.0,0.0,0,0.0,0.0,100.0,0.0,0,0.0,0.0,100.0,0.0,0,0.0,0.0,100.0,0.0,0
2026-06-23 14:49:20,105.88,0.0,0.0,100.0,0.0,0,0.0,0.0,100.0,0.0,0,0.0,0.0,100.0,0.0,0,0.0,0.0,100.0,0.0,0,0.0,0.0,100.0,0.0,0,0.0,0.0,100.0,0.0,0
2026-06-23 14:49:21,106.68,0.0,0.0,100.0,0.0,0,0.0,0.0,100.0,0.0,0,0.0,0.0,100.0,0.0,0,0.0,0.0,100.0,0.0,0,0.0,0.0,100.0,0.0,0,0.0,0.0,100.0,0.0,0
2026-06-23 14:49:21,107.54,0.0,0.0,100.0,0.0,0,0.0,0.0,100.0,0.0,0,0.0,0.0,100.0,0.0,0,0.0,0.0,100.0,0.0,0,0.0,0.0,100.0,0.0,0,0.0,0.0,100.0,0.0,0
2026-06-23 14:49:22,108.32,0.0,0.0,100.0,0.0,0,0.0,0.0,100.0,0.0,0,0.0,0.0,100.0,0.0,0,0.0,0.0,100.0,0.0,0,0.0,0.0,100.0,0.0,0,0.0,0.0,100.0,0.0,0
2026-06-23 14:49:23,109.14,0.0,0.0,100.0,0.0,0,0.0,0.0,100.0,0.0,0,0.0,0.0,100.0,0.0,0,0.0,0.0,100.0,0.0,0,0.0,0.0,100.0,0.0,0,0.0,0.0,100.0,0.0,0
2026-06-23 14:49:24,109.92,0.0,0.0,100.0,0.0,0,0.0,0.0,100.0,0.0,0,0.0,0.0,100.0,0.0,0,0.0,0.0,100.0,0.0,0,0.0,0.0,100.0,0.0,0,0.0,0.0,100.0,0.0,0
2026-06-23 14:49:25,110.7,0.0,0.0,100.0,0.0,0,0.0,0.0,100.0,0.0,0,0.0,0.0,100.0,0.0,0,0.0,0.0,100.0,0.0,0,0.0,0.0,100.0,0.0,0,0.0,0.0,100.0,0.0,0
2026-06-23 14:49:25,111.47,0.0,0.0,100.0,0.0,0,0.0,0.0,100.0,0.0,0,0.0,0.0,100.0,0.0,0,0.0,0.0,100.0,0.0,0,0.0,0.0,100.0,0.0,0,0.0,0.0,100.0,0.0,0
2026-06-23 14:49:26,112.22,0.0,0.0,100.0,0.0,0,0.0,0.0,100.0,0.0,0,0.0,0.0,100.0,0.0,0,0.0,0.0,100.0,0.0,0,0.0,0.0,100.0,0.0,0,0.0,0.0,100.0,0.0,0
2026-06-23 14:49:27,113.07,0.0,0.0,100.0,0.0,0,0.0,0.0,100.0,0.0,0,0.0,0.0,100.0,0.0,0,0.0,0.0,100.0,0.0,0,0.0,0.0,100.0,0.0,0,0.0,0.0,100.0,0.0,0
2026-06-23 14:49:28,113.88,0.0,0.0,100.0,0.0,0,0.0,0.0,100.0,0.0,0,0.0,0.0,100.0,0.0,0,0.0,0.0,100.0,0.0,0,0.0,0.0,100.0,0.0,0,0.0,0.0,100.0,0.0,0
2026-06-23 14:49:29,114.78,0.0,0.0,100.0,0.0,0,0.0,0.0,100.0,0.0,0,0.0,0.0,100.0,0.0,0,0.0,0.0,100.0,0.0,0,0.0,0.0,100.0,0.0,0,0.0,0.0,100.0,0.0,0
2026-06-23 14:49:30,115.7,0.0,0.0,100.0,0.0,0,0.0,0.0,100.0,0.0,0,0.0,0.0,100.0,0.0,0,0.0,0.0,100.0,0.0,0,0.0,0.0,100.0,0.0,0,0.0,0.0,100.0,0.0,0
2026-06-23 14:49:30,116.55,0.0,0.0,100.0,0.0,0,0.0,0.0,100.0,0.0,0,0.0,0.0,100.0,0.0,0,0.0,0.0,100.0,0.0,0,0.0,0.0,100.0,0.0,0,0.0,0.0,100.0,0.0,0
2026-06-23 14:49:31,117.43,0.0,0.0,100.0,0.0,0,0.0,0.0,100.0,0.0,0,0.0,0.0,100.0,0.0,0,0.0,0.0,100.0,0.0,0,0.0,0.0,100.0,0.0,0,0.0,0.0,100.0,0.0,0
2026-06-23 14:49:32,118.2,0.0,0.0,100.0,0.0,0,0.0,0.0,100.0,0.0,0,0.0,0.0,100.0,0.0,0,0.0,0.0,100.0,0.0,0,0.0,0.0,100.0,0.0,0,0.0,0.0,100.0,0.0,0
2026-06-23 14:49:33,118.96,0.0,0.0,100.0,0.0,0,0.0,0.0,100.0,0.0,0,0.0,0.0,100.0,0.0,0,0.0,0.0,100.0,0.0,0,0.0,0.0,100.0,0.0,0,0.0,0.0,100.0,0.0,0
2026-06-23 14:49:34,119.88,0.0,0.0,100.0,0.0,0,0.0,0.0,100.0,0.0,0,0.0,0.0,100.0,0.0,0,0.0,0.0,100.0,0.0,0,0.0,0.0,100.0,0.0,0,0.0,0.0,100.0,0.0,0
2026-06-23 14:49:35,120.76,0.0,0.0,100.0,0.0,0,0.0,0.0,100.0,0.0,0,0.0,0.0,100.0,0.0,0,0.0,0.0,100.0,0.0,0,0.0,0.0,100.0,0.0,0,0.0,0.0,100.0,0.0,0
2026-06-23 14:49:35,121.55,0.0,0.0,100.0,0.0,0,0.0,0.0,100.0,0.0,0,0.0,0.0,100.0,0.0,0,0.0,0.0,100.0,0.0,0,0.0,0.0,100.0,0.0,0,0.0,0.0,100.0,0.0,0
2026-06-23 14:49:36,122.4,0.0,0.0,100.0,0.0,0,0.0,0.0,100.0,0.0,0,0.0,0.0,100.0,0.0,0,0.0,0.0,100.0,0.0,0,0.0,0.0,100.0,0.0,0,0.0,0.0,100.0,0.0,0
2026-06-23 14:49:37,123.15,0.0,0.0,100.0,0.0,0,0.0,0.0,100.0,0.0,0,0.0,0.0,100.0,0.0,0,0.0,0.0,100.0,0.0,0,0.0,0.0,100.0,0.0,0,0.0,0.0,100.0,0.0,0
2026-06-23 14:49:38,123.95,0.0,0.0,100.0,0.0,0,0.0,0.0,100.0,0.0,0,0.0,0.0,100.0,0.0,0,0.0,0.0,100.0,0.0,0,0.0,0.0,100.0,0.0,0,0.0,0.0,100.0,0.0,0
2026-06-23 14:49:39,124.7,0.0,0.0,100.0,0.0,0,0.0,0.0,100.0,0.0,0,0.0,0.0,100.0,0.0,0,0.0,0.0,100.0,0.0,0,0.0,0.0,100.0,0.0,0,0.0,0.0,100.0,0.0,0
2026-06-23 14:49:39,125.51,0.0,0.0,100.0,0.0,0,0.0,0.0,100.0,0.0,0,0.0,0.0,100.0,0.0,0,0.0,0.0,100.0,0.0,0,0.0,0.0,100.0,0.0,0,0.0,0.0,100.0,0.0,0
2026-06-23 14:49:40,126.28,0.0,0.0,100.0,0.0,0,0.0,0.0,100.0,0.0,0,0.0,0.0,100.0,0.0,0,0.0,0.0,100.0,0.0,0,0.0,0.0,100.0,0.0,0,0.0,0.0,100.0,0.0,0
2026-06-23 14:49:41,127.02,0.0,0.0,100.0,0.0,0,0.0,0.0,100.0,0.0,0,0.0,0.0,100.0,0.0,0,0.0,0.0,100.0,0.0,0,0.0,0.0,100.0,0.0,0,0.0,0.0,100.0,0.0,0
2026-06-23 14:49:42,127.77,0.0,0.0,100.0,0.0,0,0.0,0.0,100.0,0.0,0,0.0,0.0,100.0,0.0,0,0.0,0.0,100.0,0.0,0,0.0,0.0,100.0,0.0,0,0.0,0.0,100.0,0.0,0
2026-06-23 14:49:42,128.53,0.0,0.0,100.0,0.0,0,0.0,0.0,100.0,0.0,0,0.0,0.0,100.0,0.0,0,0.0,0.0,100.0,0.0,0,0.0,0.0,100.0,0.0,0,0.0,0.0,100.0,0.0,0
2026-06-23 14:49:43,129.28,0.0,0.0,100.0,0.0,0,0.0,0.0,100.0,0.0,0,0.0,0.0,100.0,0.0,0,0.0,0.0,100.0,0.0,0,0.0,0.0,100.0,0.0,0,0.0,0.0,100.0,0.0,0
2026-06-23 14:49:44,130.02,0.0,0.0,100.0,0.0,0,0.0,0.0,100.0,0.0,0,0.0,0.0,100.0,0.0,0,0.0,0.0,100.0,0.0,0,0.0,0.0,100.0,0.0,0,0.0,0.0,100.0,0.0,0
2026-06-23 14:49:45,130.81,0.0,0.0,100.0,0.0,0,0.0,0.0,100.0,0.0,0,0.0,0.0,100.0,0.0,0,0.0,0.0,100.0,0.0,0,0.0,0.0,100.0,0.0,0,0.0,0.0,100.0,0.0,0
2026-06-23 14:49:46,131.71,0.0,0.0,100.0,0.0,0,0.0,0.0,100.0,0.0,0,0.0,0.0,100.0,0.0,0,0.0,0.0,100.0,0.0,0,0.0,0.0,100.0,0.0,0,0.0,0.0,100.0,0.0,0
2026-06-23 14:49:46,132.5,0.0,0.0,100.0,0.0,0,0.0,0.0,100.0,0.0,0,0.0,0.0,100.0,0.0,0,0.0,0.0,100.0,0.0,0,0.0,0.0,100.0,0.0,0,0.0,0.0,100.0,0.0,0
2026-06-23 14:49:47,133.3,0.0,0.0,100.0,0.0,0,0.0,0.0,100.0,0.0,0,0.0,0.0,100.0,0.0,0,0.0,0.0,100.0,0.0,0,0.0,0.0,100.0,0.0,0,0.0,0.0,100.0,0.0,0
2026-06-23 14:49:48,134.06,0.0,0.0,100.0,0.0,0,0.0,0.0,100.0,0.0,0,0.0,0.0,100.0,0.0,0,0.0,0.0,100.0,0.0,0,0.0,0.0,100.0,0.0,0,0.0,0.0,100.0,0.0,0
2026-06-23 14:49:49,134.8,0.0,0.0,100.0,0.0,0,0.0,0.0,100.0,0.0,0,0.0,0.0,100.0,0.0,0,0.0,0.0,100.0,0.0,0,0.0,0.0,100.0,0.0,0,0.0,0.0,100.0,0.0,0
2026-06-23 14:49:49,135.55,0.0,0.0,100.0,0.0,0,0.0,0.0,100.0,0.0,0,0.0,0.0,100.0,0.0,0,0.0,0.0,100.0,0.0,0,0.0,0.0,100.0,0.0,0,0.0,0.0,100.0,0.0,0
2026-06-23 14:49:50,136.31,0.0,0.0,100.0,0.0,0,0.0,0.0,100.0,0.0,0,0.0,0.0,100.0,0.0,0,0.0,0.0,100.0,0.0,0,0.0,0.0,100.0,0.0,0,0.0,0.0,100.0,0.0,0
2026-06-23 14:49:51,137.04,0.0,0.0,100.0,0.0,0,0.0,0.0,100.0,0.0,0,0.0,0.0,100.0,0.0,0,0.0,0.0,100.0,0.0,0,0.0,0.0,100.0,0.0,0,0.0,0.0,100.0,0.0,0
2026-06-23 14:49:52,137.8,0.0,0.0,100.0,0.0,0,0.0,0.0,100.0,0.0,0,0.0,0.0,100.0,0.0,0,0.0,0.0,100.0,0.0,0,0.0,0.0,100.0,0.0,0,0.0,0.0,100.0,0.0,0
2026-06-23 14:49:52,138.53,0.0,0.0,100.0,0.0,0,0.0,0.0,100.0,0.0,0,0.0,0.0,100.0,0.0,0,0.0,0.0,100.0,0.0,0,0.0,0.0,100.0,0.0,0,0.0,0.0,100.0,0.0,0
2026-06-23 14:49:53,139.27,0.0,0.0,100.0,0.0,0,0.0,0.0,100.0,0.0,0,0.0,0.0,100.0,0.0,0,0.0,0.0,100.0,0.0,0,0.0,0.0,100.0,0.0,0,0.0,0.0,100.0,0.0,0
2026-06-23 14:49:54,140.03,0.0,0.0,100.0,0.0,0,0.0,0.0,100.0,0.0,0,0.0,0.0,100.0,0.0,0,0.0,0.0,100.0,0.0,0,0.0,0.0,100.0,0.0,0,0.0,0.0,100.0,0.0,0
2026-06-23 14:49:55,140.78,0.0,0.0,100.0,0.0,0,0.0,0.0,100.0,0.0,0,0.0,0.0,100.0,0.0,0,0.0,0.0,100.0,0.0,0,0.0,0.0,100.0,0.0,0,0.0,0.0,100.0,0.0,0
2026-06-23 14:49:55,141.53,0.0,0.0,100.0,0.0,0,0.0,0.0,100.0,0.0,0,0.0,0.0,100.0,0.0,0,0.0,0.0,100.0,0.0,0,0.0,0.0,100.0,0.0,0,0.0,0.0,100.0,0.0,0
2026-06-23 14:49:56,142.29,0.0,0.0,100.0,0.0,0,0.0,0.0,100.0,0.0,0,0.0,0.0,100.0,0.0,0,0.0,0.0,100.0,0.0,0,0.0,0.0,100.0,0.0,0,0.0,0.0,100.0,0.0,0
2026-06-23 14:49:57,143.01,0.0,0.0,100.0,0.0,0,0.0,0.0,100.0,0.0,0,0.0,0.0,100.0,0.0,0,0.0,0.0,100.0,0.0,0,0.0,0.0,100.0,0.0,0,0.0,0.0,100.0,0.0,0
2026-06-23 14:49:58,143.75,0.0,0.0,100.0,0.0,0,0.0,0.0,100.0,0.0,0,0.0,0.0,100.0,0.0,0,0.0,0.0,100.0,0.0,0,0.0,0.0,100.0,0.0,0,0.0,0.0,100.0,0.0,0
2026-06-23 14:49:58,144.48,0.0,0.0,100.0,0.0,0,0.0,0.0,100.0,0.0,0,0.0,0.0,100.0,0.0,0,0.0,0.0,100.0,0.0,0,0.0,0.0,100.0,0.0,0,0.0,0.0,100.0,0.0,0
2026-06-23 14:49:59,145.22,0.0,0.0,100.0,0.0,0,0.0,0.0,100.0,0.0,0,0.0,0.0,100.0,0.0,0,0.0,0.0,100.0,0.0,0,0.0,0.0,100.0,0.0,0,0.0,0.0,100.0,0.0,0
2026-06-23 14:50:00,145.96,0.0,0.0,100.0,0.0,0,0.0,0.0,100.0,0.0,0,0.0,0.0,100.0,0.0,0,0.0,0.0,100.0,0.0,0,0.0,0.0,100.0,0.0,0,0.0,0.0,100.0,0.0,0
2026-06-23 14:50:01,146.7,0.0,0.0,100.0,0.0,0,0.0,0.0,100.0,0.0,0,0.0,0.0,100.0,0.0,0,0.0,0.0,100.0,0.0,0,0.0,0.0,100.0,0.0,0,0.0,0.0,100.0,0.0,0
2026-06-23 14:50:01,147.43,0.0,0.0,100.0,0.0,0,0.0,0.0,100.0,0.0,0,0.0,0.0,100.0,0.0,0,0.0,0.0,100.0,0.0,0,0.0,0.0,100.0,0.0,0,0.0,0.0,100.0,0.0,0
2026-06-23 14:50:02,148.17,0.0,0.0,100.0,0.0,0,0.0,0.0,100.0,0.0,0,0.0,0.0,100.0,0.0,0,0.0,0.0,100.0,0.0,0,0.0,0.0,100.0,0.0,0,0.0,0.0,100.0,0.0,0
2026-06-23 14:50:03,148.89,0.0,0.0,100.0,0.0,0,0.0,0.0,100.0,0.0,0,0.0,0.0,100.0,0.0,0,0.0,0.0,100.0,0.0,0,0.0,0.0,100.0,0.0,0,0.0,0.0,100.0,0.0,0
2026-06-23 14:50:04,149.63,0.0,0.0,100.0,0.0,0,0.0,0.0,100.0,0.0,0,0.0,0.0,100.0,0.0,0,0.0,0.0,100.0,0.0,0,0.0,0.0,100.0,0.0,0,0.0,0.0,100.0,0.0,0
2026-06-23 14:50:04,150.39,0.0,0.0,100.0,0.0,0,0.0,0.0,100.0,0.0,0,0.0,0.0,100.0,0.0,0,0.0,0.0,100.0,0.0,0,0.0,0.0,100.0,0.0,0,0.0,0.0,100.0,0.0,0
2026-06-23 14:50:05,151.18,0.0,0.0,100.0,0.0,0,0.0,0.0,100.0,0.0,0,0.0,0.0,100.0,0.0,0,0.0,0.0,100.0,0.0,0,0.0,0.0,100.0,0.0,0,0.0,0.0,100.0,0.0,0
2026-06-23 14:50:06,151.92,0.0,0.0,100.0,0.0,0,0.0,0.0,100.0,0.0,0,0.0,0.0,100.0,0.0,0,0.0,0.0,100.0,0.0,0,0.0,0.0,100.0,0.0,0,0.0,0.0,100.0,0.0,0
2026-06-23 14:50:07,152.66,0.0,0.0,100.0,0.0,0,0.0,0.0,100.0,0.0,0,0.0,0.0,100.0,0.0,0,0.0,0.0,100.0,0.0,0,0.0,0.0,100.0,0.0,0,0.0,0.0,100.0,0.0,0
2026-06-23 14:50:07,153.39,0.0,0.0,100.0,0.0,0,0.0,0.0,100.0,0.0,0,0.0,0.0,100.0,0.0,0,0.0,0.0,100.0,0.0,0,0.0,0.0,100.0,0.0,0,0.0,0.0,100.0,0.0,0
2026-06-23 14:50:08,154.13,0.0,0.0,100.0,0.0,0,0.0,0.0,100.0,0.0,0,0.0,0.0,100.0,0.0,0,0.0,0.0,100.0,0.0,0,0.0,0.0,100.0,0.0,0,0.0,0.0,100.0,0.0,0
2026-06-23 14:50:09,154.87,0.0,0.0,100.0,0.0,0,0.0,0.0,100.0,0.0,0,0.0,0.0,100.0,0.0,0,0.0,0.0,100.0,0.0,0,0.0,0.0,100.0,0.0,0,0.0,0.0,100.0,0.0,0
2026-06-23 14:50:10,155.63,0.0,0.0,100.0,0.0,0,0.0,0.0,100.0,0.0,0,0.0,0.0,100.0,0.0,0,0.0,0.0,100.0,0.0,0,0.0,0.0,100.0,0.0,0,0.0,0.0,100.0,0.0,0
2026-06-23 14:50:10,156.41,0.0,0.0,100.0,0.0,0,0.0,0.0,100.0,0.0,0,0.0,0.0,100.0,0.0,0,0.0,0.0,100.0,0.0,0,0.0,0.0,100.0,0.0,0,0.0,0.0,100.0,0.0,0
2026-06-23 14:50:11,157.14,0.0,0.0,100.0,0.0,0,0.0,0.0,100.0,0.0,0,0.0,0.0,100.0,0.0,0,0.0,0.0,100.0,0.0,0,0.0,0.0,100.0,0.0,0,0.0,0.0,100.0,0.0,0
2026-06-23 14:50:12,157.88,0.0,0.0,100.0,0.0,0,0.0,0.0,100.0,0.0,0,0.0,0.0,100.0,0.0,0,0.0,0.0,100.0,0.0,0,0.0,0.0,100.0,0.0,0,0.0,0.0,100.0,0.0,0
2026-06-23 14:50:13,158.62,0.0,0.0,100.0,0.0,0,0.0,0.0,100.0,0.0,0,0.0,0.0,100.0,0.0,0,0.0,0.0,100.0,0.0,0,0.0,0.0,100.0,0.0,0,0.0,0.0,100.0,0.0,0
2026-06-23 14:50:13,159.41,0.0,0.0,100.0,0.0,0,0.0,0.0,100.0,0.0,0,0.0,0.0,100.0,0.0,0,0.0,0.0,100.0,0.0,0,0.0,0.0,100.0,0.0,0,0.0,0.0,100.0,0.0,0
2026-06-23 14:50:14,160.13,0.0,0.0,100.0,0.0,0,0.0,0.0,100.0,0.0,0,0.0,0.0,100.0,0.0,0,0.0,0.0,100.0,0.0,0,0.0,0.0,100.0,0.0,0,0.0,0.0,100.0,0.0,0
2026-06-23 14:50:15,160.86,0.0,0.0,100.0,0.0,0,0.0,0.0,100.0,0.0,0,0.0,0.0,100.0,0.0,0,0.0,0.0,100.0,0.0,0,0.0,0.0,100.0,0.0,0,0.0,0.0,100.0,0.0,0
2026-06-23 14:50:16,161.61,0.0,0.0,100.0,0.0,0,0.0,0.0,100.0,0.0,0,0.0,0.0,100.0,0.0,0,0.0,0.0,100.0,0.0,0,0.0,0.0,100.0,0.0,0,0.0,0.0,100.0,0.0,0
2026-06-23 14:50:16,162.35,0.0,0.0,100.0,0.0,0,0.0,0.0,100.0,0.0,0,0.0,0.0,100.0,0.0,0,0.0,0.0,100.0,0.0,0,0.0,0.0,100.0,0.0,0,0.0,0.0,100.0,0.0,0
2026-06-23 14:50:17,163.08,0.0,0.0,100.0,0.0,0,0.0,0.0,100.0,0.0,0,0.0,0.0,100.0,0.0,0,0.0,0.0,100.0,0.0,0,0.0,0.0,100.0,0.0,0,0.0,0.0,100.0,0.0,0
2026-06-23 14:50:18,163.84,0.0,0.0,100.0,0.0,0,0.0,0.0,100.0,0.0,0,0.0,0.0,100.0,0.0,0,0.0,0.0,100.0,0.0,0,0.0,0.0,100.0,0.0,0,0.0,0.0,100.0,0.0,0
2026-06-23 14:50:18,164.57,0.0,0.0,100.0,0.0,0,0.0,0.0,100.0,0.0,0,0.0,0.0,100.0,0.0,0,0.0,0.0,100.0,0.0,0,0.0,0.0,100.0,0.0,0,0.0,0.0,100.0,0.0,0
2026-06-23 14:50:19,165.31,0.0,0.0,100.0,0.0,0,0.0,0.0,100.0,0.0,0,0.0,0.0,100.0,0.0,0,0.0,0.0,100.0,0.0,0,0.0,0.0,100.0,0.0,0,0.0,0.0,100.0,0.0,0
2026-06-23 14:50:20,166.06,0.0,0.0,100.0,0.0,0,0.0,0.0,100.0,0.0,0,0.0,0.0,100.0,0.0,0,0.0,0.0,100.0,0.0,0,0.0,0.0,100.0,0.0,0,0.0,0.0,100.0,0.0,0
2026-06-23 14:50:21,166.79,0.0,0.0,100.0,0.0,0,0.0,0.0,100.0,0.0,0,0.0,0.0,100.0,0.0,0,0.0,0.0,100.0,0.0,0,0.0,0.0,100.0,0.0,0,0.0,0.0,100.0,0.0,0
2026-06-23 14:50:21,167.53,0.0,0.0,100.0,0.0,0,0.0,0.0,100.0,0.0,0,0.0,0.0,100.0,0.0,0,0.0,0.0,100.0,0.0,0,0.0,0.0,100.0,0.0,0,0.0,0.0,100.0,0.0,0
2026-06-23 14:50:22,168.33,0.0,0.0,100.0,0.0,0,0.0,0.0,100.0,0.0,0,0.0,0.0,100.0,0.0,0,0.0,0.0,100.0,0.0,0,0.0,0.0,100.0,0.0,0,0.0,0.0,100.0,0.0,0
2026-06-23 14:50:23,169.06,0.0,0.0,100.0,0.0,0,0.0,0.0,100.0,0.0,0,0.0,0.0,100.0,0.0,0,0.0,0.0,100.0,0.0,0,0.0,0.0,100.0,0.0,0,0.0,0.0,100.0,0.0,0
2026-06-23 14:50:24,169.93,0.0,0.0,100.0,0.0,0,0.0,0.0,100.0,0.0,0,0.0,0.0,100.0,0.0,0,0.0,0.0,100.0,0.0,0,0.0,0.0,100.0,0.0,0,0.0,0.0,100.0,0.0,0
2026-06-23 14:50:25,170.73,0.0,0.0,100.0,0.0,0,0.0,0.0,100.0,0.0,0,0.0,0.0,100.0,0.0,0,0.0,0.0,100.0,0.0,0,0.0,0.0,100.0,0.0,0,0.0,0.0,100.0,0.0,0
2026-06-23 14:50:25,171.53,0.0,0.0,100.0,0.0,0,0.0,0.0,100.0,0.0,0,0.0,0.0,100.0,0.0,0,0.0,0.0,100.0,0.0,0,0.0,0.0,100.0,0.0,0,0.0,0.0,100.0,0.0,0
2026-06-23 14:50:26,172.29,0.0,0.0,100.0,0.0,0,0.0,0.0,100.0,0.0,0,0.0,0.0,100.0,0.0,0,0.0,0.0,100.0,0.0,0,0.0,0.0,100.0,0.0,0,0.0,0.0,100.0,0.0,0
2026-06-23 14:50:27,173.06,0.0,0.0,100.0,0.0,0,0.0,0.0,100.0,0.0,0,0.0,0.0,100.0,0.0,0,0.0,0.0,100.0,0.0,0,0.0,0.0,100.0,0.0,0,0.0,0.0,100.0,0.0,0
2026-06-23 14:50:28,173.81,0.0,0.0,100.0,0.0,0,0.0,0.0,100.0,0.0,0,0.0,0.0,100.0,0.0,0,0.0,0.0,100.0,0.0,0,0.0,0.0,100.0,0.0,0,0.0,0.0,100.0,0.0,0
2026-06-23 14:50:28,174.58,0.0,0.0,100.0,0.0,0,0.0,0.0,100.0,0.0,0,0.0,0.0,100.0,0.0,0,0.0,0.0,100.0,0.0,0,0.0,0.0,100.0,0.0,0,0.0,0.0,100.0,0.0,0
2026-06-23 14:50:29,175.36,0.0,0.0,100.0,0.0,0,0.0,0.0,100.0,0.0,0,0.0,0.0,100.0,0.0,0,0.0,0.0,100.0,0.0,0,0.0,0.0,100.0,0.0,0,0.0,0.0,100.0,0.0,0
2026-06-23 14:50:30,176.1,0.0,0.0,100.0,0.0,0,0.0,0.0,100.0,0.0,0,0.0,0.0,100.0,0.0,0,0.0,0.0,100.0,0.0,0,0.0,0.0,100.0,0.0,0,0.0,0.0,100.0,0.0,0
2026-06-23 14:50:31,176.85,0.0,0.0,100.0,0.0,0,0.0,0.0,100.0,0.0,0,0.0,0.0,100.0,0.0,0,0.0,0.0,100.0,0.0,0,0.0,0.0,100.0,0.0,0,0.0,0.0,100.0,0.0,0
2026-06-23 14:50:31,177.58,0.0,0.0,100.0,0.0,0,0.0,0.0,100.0,0.0,0,0.0,0.0,100.0,0.0,0,0.0,0.0,100.0,0.0,0,0.0,0.0,100.0,0.0,0,0.0,0.0,100.0,0.0,0
2026-06-23 14:50:32,178.33,0.0,0.0,100.0,0.0,0,0.0,0.0,100.0,0.0,0,0.0,0.0,100.0,0.0,0,0.0,0.0,100.0,0.0,0,0.0,0.0,100.0,0.0,0,0.0,0.0,100.0,0.0,0
2026-06-23 14:50:33,179.08,0.0,0.0,100.0,0.0,0,0.0,0.0,100.0,0.0,0,0.0,0.0,100.0,0.0,0,0.0,0.0,100.0,0.0,0,0.0,0.0,100.0,0.0,0,0.0,0.0,100.0,0.0,0
2026-06-23 14:50:34,179.85,0.0,0.0,100.0,0.0,0,0.0,0.0,100.0,0.0,0,0.0,0.0,100.0,0.0,0,0.0,0.0,100.0,0.0,0,0.0,0.0,100.0,0.0,0,0.0,0.0,100.0,0.0,0
2026-06-23 14:50:35,180.62,0.0,0.0,100.0,0.0,0,0.0,0.0,100.0,0.0,0,0.0,0.0,100.0,0.0,0,0.0,0.0,100.0,0.0,0,0.0,0.0,100.0,0.0,0,0.0,0.0,100.0,0.0,0
2026-06-23 14:50:35,181.4,0.0,0.0,100.0,0.0,0,0.0,0.0,100.0,0.0,0,0.0,0.0,100.0,0.0,0,0.0,0.0,100.0,0.0,0,0.0,0.0,100.0,0.0,0,0.0,0.0,100.0,0.0,0
2026-06-23 14:50:36,182.16,0.0,0.0,100.0,0.0,0,0.0,0.0,100.0,0.0,0,0.0,0.0,100.0,0.0,0,0.0,0.0,100.0,0.0,0,0.0,0.0,100.0,0.0,0,0.0,0.0,100.0,0.0,0
2026-06-23 14:50:37,182.91,0.0,0.0,100.0,0.0,0,0.0,0.0,100.0,0.0,0,0.0,0.0,100.0,0.0,0,0.0,0.0,100.0,0.0,0,0.0,0.0,100.0,0.0,0,0.0,0.0,100.0,0.0,0
2026-06-23 14:50:38,183.66,0.0,0.0,100.0,0.0,0,0.0,0.0,100.0,0.0,0,0.0,0.0,100.0,0.0,0,0.0,0.0,100.0,0.0,0,0.0,0.0,100.0,0.0,0,0.0,0.0,100.0,0.0,0
2026-06-23 14:50:38,184.42,0.0,0.0,100.0,0.0,0,0.0,0.0,100.0,0.0,0,0.0,0.0,100.0,0.0,0,0.0,0.0,100.0,0.0,0,0.0,0.0,100.0,0.0,0,0.0,0.0,100.0,0.0,0
2026-06-23 14:50:39,185.15,0.0,0.0,100.0,0.0,0,0.0,0.0,100.0,0.0,0,0.0,0.0,100.0,0.0,0,0.0,0.0,100.0,0.0,0,0.0,0.0,100.0,0.0,0,0.0,0.0,100.0,0.0,0
2026-06-23 14:50:40,185.9,0.0,0.0,100.0,0.0,0,0.0,0.0,100.0,0.0,0,0.0,0.0,100.0,0.0,0,0.0,0.0,100.0,0.0,0,0.0,0.0,100.0,0.0,0,0.0,0.0,100.0,0.0,0
2026-06-23 14:50:41,186.65,0.0,0.0,100.0,0.0,0,0.0,0.0,100.0,0.0,0,0.0,0.0,100.0,0.0,0,0.0,0.0,100.0,0.0,0,0.0,0.0,100.0,0.0,0,0.0,0.0,100.0,0.0,0
2026-06-23 14:50:41,187.39,0.0,0.0,100.0,0.0,0,0.0,0.0,100.0,0.0,0,0.0,0.0,100.0,0.0,0,0.0,0.0,100.0,0.0,0,0.0,0.0,100.0,0.0,0,0.0,0.0,100.0,0.0,0
2026-06-23 14:50:42,188.13,0.0,0.0,100.0,0.0,0,0.0,0.0,100.0,0.0,0,0.0,0.0,100.0,0.0,0,0.0,0.0,100.0,0.0,0,0.0,0.0,100.0,0.0,0,0.0,0.0,100.0,0.0,0
2026-06-23 14:50:43,188.91,0.0,0.0,100.0,0.0,0,0.0,0.0,100.0,0.0,0,0.0,0.0,100.0,0.0,0,0.0,0.0,100.0,0.0,0,0.0,0.0,100.0,0.0,0,0.0,0.0,100.0,0.0,0
2026-06-23 14:50:44,189.67,0.0,0.0,100.0,0.0,0,0.0,0.0,100.0,0.0,0,0.0,0.0,100.0,0.0,0,0.0,0.0,100.0,0.0,0,0.0,0.0,100.0,0.0,0,0.0,0.0,100.0,0.0,0
2026-06-23 14:50:44,190.41,0.0,0.0,100.0,0.0,0,0.0,0.0,100.0,0.0,0,0.0,0.0,100.0,0.0,0,0.0,0.0,100.0,0.0,0,0.0,0.0,100.0,0.0,0,0.0,0.0,100.0,0.0,0
2026-06-23 14:50:45,191.17,0.0,0.0,100.0,0.0,0,0.0,0.0,100.0,0.0,0,0.0,0.0,100.0,0.0,0,0.0,0.0,100.0,0.0,0,0.0,0.0,100.0,0.0,0,0.0,0.0,100.0,0.0,0
2026-06-23 14:50:46,191.91,0.0,0.0,100.0,0.0,0,0.0,0.0,100.0,0.0,0,0.0,0.0,100.0,0.0,0,0.0,0.0,100.0,0.0,0,0.0,0.0,100.0,0.0,0,0.0,0.0,100.0,0.0,0
2026-06-23 14:50:47,192.65,0.0,0.0,100.0,0.0,0,0.0,0.0,100.0,0.0,0,0.0,0.0,100.0,0.0,0,0.0,0.0,100.0,0.0,0,0.0,0.0,100.0,0.0,0,0.0,0.0,100.0,0.0,0
2026-06-23 14:50:47,193.39,0.0,0.0,100.0,0.0,0,0.0,0.0,100.0,0.0,0,0.0,0.0,100.0,0.0,0,0.0,0.0,100.0,0.0,0,0.0,0.0,100.0,0.0,0,0.0,0.0,100.0,0.0,0
2026-06-23 14:50:48,194.12,0.0,0.0,100.0,0.0,0,0.0,0.0,100.0,0.0,0,0.0,0.0,100.0,0.0,0,0.0,0.0,100.0,0.0,0,0.0,0.0,100.0,0.0,0,0.0,0.0,100.0,0.0,0
2026-06-23 14:50:49,194.86,0.0,0.0,100.0,0.0,0,0.0,0.0,100.0,0.0,0,0.0,0.0,100.0,0.0,0,0.0,0.0,100.0,0.0,0,0.0,0.0,100.0,0.0,0,0.0,0.0,100.0,0.0,0
2026-06-23 14:50:50,195.64,0.0,0.0,100.0,0.0,0,0.0,0.0,100.0,0.0,0,0.0,0.0,100.0,0.0,0,0.0,0.0,100.0,0.0,0,0.0,0.0,100.0,0.0,0,0.0,0.0,100.0,0.0,0
2026-06-23 14:50:50,196.39,0.0,0.0,100.0,0.0,0,0.0,0.0,100.0,0.0,0,0.0,0.0,100.0,0.0,0,0.0,0.0,100.0,0.0,0,0.0,0.0,100.0,0.0,0,0.0,0.0,100.0,0.0,0
2026-06-23 14:50:51,197.15,0.0,0.0,100.0,0.0,0,0.0,0.0,100.0,0.0,0,0.0,0.0,100.0,0.0,0,0.0,0.0,100.0,0.0,0,0.0,0.0,100.0,0.0,0,0.0,0.0,100.0,0.0,0
2026-06-23 14:50:52,197.88,0.0,0.0,100.0,0.0,0,0.0,0.0,100.0,0.0,0,0.0,0.0,100.0,0.0,0,0.0,0.0,100.0,0.0,0,0.0,0.0,100.0,0.0,0,0.0,0.0,100.0,0.0,0
2026-06-23 14:50:53,198.62,0.0,0.0,100.0,0.0,0,0.0,0.0,100.0,0.0,0,0.0,0.0,100.0,0.0,0,0.0,0.0,100.0,0.0,0,0.0,0.0,100.0,0.0,0,0.0,0.0,100.0,0.0,0
2026-06-23 14:50:53,199.37,0.0,0.0,100.0,0.0,0,0.0,0.0,100.0,0.0,0,0.0,0.0,100.0,0.0,0,0.0,0.0,100.0,0.0,0,0.0,0.0,100.0,0.0,0,0.0,0.0,100.0,0.0,0
2026-06-23 14:50:54,200.1,0.0,0.0,100.0,0.0,0,0.0,0.0,100.0,0.0,0,0.0,0.0,100.0,0.0,0,0.0,0.0,100.0,0.0,0,0.0,0.0,100.0,0.0,0,0.0,0.0,100.0,0.0,0
2026-06-23 14:50:55,200.83,0.0,0.0,100.0,0.0,0,0.0,0.0,100.0,0.0,0,0.0,0.0,100.0,0.0,0,0.0,0.0,100.0,0.0,0,0.0,0.0,100.0,0.0,0,0.0,0.0,100.0,0.0,0
2026-06-23 14:50:56,201.6,0.0,0.0,100.0,0.0,0,0.0,0.0,100.0,0.0,0,0.0,0.0,100.0,0.0,0,0.0,0.0,100.0,0.0,0,0.0,0.0,100.0,0.0,0,0.0,0.0,100.0,0.0,0
2026-06-23 14:50:56,202.34,0.0,0.0,100.0,0.0,0,0.0,0.0,100.0,0.0,0,0.0,0.0,100.0,0.0,0,0.0,0.0,100.0,0.0,0,0.0,0.0,100.0,0.0,0,0.0,0.0,100.0,0.0,0
2026-06-23 14:50:57,203.08,0.0,0.0,100.0,0.0,0,0.0,0.0,100.0,0.0,0,0.0,0.0,100.0,0.0,0,0.0,0.0,100.0,0.0,0,0.0,0.0,100.0,0.0,0,0.0,0.0,100.0,0.0,0
2026-06-23 14:50:58,203.81,0.0,0.0,100.0,0.0,0,0.0,0.0,100.0,0.0,0,0.0,0.0,100.0,0.0,0,0.0,0.0,100.0,0.0,0,0.0,0.0,100.0,0.0,0,0.0,0.0,100.0,0.0,0
2026-06-23 14:50:58,204.58,0.0,0.0,100.0,0.0,0,0.0,0.0,100.0,0.0,0,0.0,0.0,100.0,0.0,0,0.0,0.0,100.0,0.0,0,0.0,0.0,100.0,0.0,0,0.0,0.0,100.0,0.0,0
2026-06-23 14:50:59,205.35,0.0,0.0,100.0,0.0,0,0.0,0.0,100.0,0.0,0,0.0,0.0,100.0,0.0,0,0.0,0.0,100.0,0.0,0,0.0,0.0,100.0,0.0,0,0.0,0.0,100.0,0.0,0
2026-06-23 14:51:00,206.11,0.0,0.0,100.0,0.0,0,0.0,0.0,100.0,0.0,0,0.0,0.0,100.0,0.0,0,0.0,0.0,100.0,0.0,0,0.0,0.0,100.0,0.0,0,0.0,0.0,100.0,0.0,0
2026-06-23 14:51:01,206.84,0.0,0.0,100.0,0.0,0,0.0,0.0,100.0,0.0,0,0.0,0.0,100.0,0.0,0,0.0,0.0,100.0,0.0,0,0.0,0.0,100.0,0.0,0,0.0,0.0,100.0,0.0,0
2026-06-23 14:51:02,207.63,0.0,0.0,100.0,0.0,0,0.0,0.0,100.0,0.0,0,0.0,0.0,100.0,0.0,0,0.0,0.0,100.0,0.0,0,0.0,0.0,100.0,0.0,0,0.0,0.0,100.0,0.0,0
2026-06-23 14:51:02,208.38,0.0,0.0,100.0,0.0,0,0.0,0.0,100.0,0.0,0,0.0,0.0,100.0,0.0,0,0.0,0.0,100.0,0.0,0,0.0,0.0,100.0,0.0,0,0.0,0.0,100.0,0.0,0
2026-06-23 14:51:03,209.1,0.0,0.0,100.0,0.0,0,0.0,0.0,100.0,0.0,0,0.0,0.0,100.0,0.0,0,0.0,0.0,100.0,0.0,0,0.0,0.0,100.0,0.0,0,0.0,0.0,100.0,0.0,0
2026-06-23 14:51:04,209.83,0.0,0.0,100.0,0.0,0,0.0,0.0,100.0,0.0,0,0.0,0.0,100.0,0.0,0,0.0,0.0,100.0,0.0,0,0.0,0.0,100.0,0.0,0,0.0,0.0,100.0,0.0,0
2026-06-23 14:51:04,210.57,0.0,0.0,100.0,0.0,0,0.0,0.0,100.0,0.0,0,0.0,0.0,100.0,0.0,0,0.0,0.0,100.0,0.0,0,0.0,0.0,100.0,0.0,0,0.0,0.0,100.0,0.0,0
2026-06-23 14:51:05,211.34,0.0,0.0,100.0,0.0,0,0.0,0.0,100.0,0.0,0,0.0,0.0,100.0,0.0,0,0.0,0.0,100.0,0.0,0,0.0,0.0,100.0,0.0,0,0.0,0.0,100.0,0.0,0
2026-06-23 14:51:06,212.08,0.0,0.0,100.0,0.0,0,0.0,0.0,100.0,0.0,0,0.0,0.0,100.0,0.0,0,0.0,0.0,100.0,0.0,0,0.0,0.0,100.0,0.0,0,0.0,0.0,100.0,0.0,0
2026-06-23 14:51:07,212.81,0.0,0.0,100.0,0.0,0,0.0,0.0,100.0,0.0,0,0.0,0.0,100.0,0.0,0,0.0,0.0,100.0,0.0,0,0.0,0.0,100.0,0.0,0,0.0,0.0,100.0,0.0,0
2026-06-23 14:51:07,213.55,0.0,0.0,100.0,0.0,0,0.0,0.0,100.0,0.0,0,0.0,0.0,100.0,0.0,0,0.0,0.0,100.0,0.0,0,0.0,0.0,100.0,0.0,0,0.0,0.0,100.0,0.0,0
2026-06-23 14:51:08,214.28,0.0,0.0,100.0,0.0,0,0.0,0.0,100.0,0.0,0,0.0,0.0,100.0,0.0,0,0.0,0.0,100.0,0.0,0,0.0,0.0,100.0,0.0,0,0.0,0.0,100.0,0.0,0
2026-06-23 14:51:09,215.03,0.0,0.0,100.0,0.0,0,0.0,0.0,100.0,0.0,0,0.0,0.0,100.0,0.0,0,0.0,0.0,100.0,0.0,0,0.0,0.0,100.0,0.0,0,0.0,0.0,100.0,0.0,0
2026-06-23 14:51:10,215.76,0.0,0.0,100.0,0.0,0,0.0,0.0,100.0,0.0,0,0.0,0.0,100.0,0.0,0,0.0,0.0,100.0,0.0,0,0.0,0.0,100.0,0.0,0,0.0,0.0,100.0,0.0,0
2026-06-23 14:51:10,216.55,0.0,0.0,100.0,0.0,0,0.0,0.0,100.0,0.0,0,0.0,0.0,100.0,0.0,0,0.0,0.0,100.0,0.0,0,0.0,0.0,100.0,0.0,0,0.0,0.0,100.0,0.0,0
2026-06-23 14:51:11,217.34,0.0,0.0,100.0,0.0,0,0.0,0.0,100.0,0.0,0,0.0,0.0,100.0,0.0,0,0.0,0.0,100.0,0.0,0,0.0,0.0,100.0,0.0,0,0.0,0.0,100.0,0.0,0
2026-06-23 14:51:12,218.07,0.0,0.0,100.0,0.0,0,0.0,0.0,100.0,0.0,0,0.0,0.0,100.0,0.0,0,0.0,0.0,100.0,0.0,0,0.0,0.0,100.0,0.0,0,0.0,0.0,100.0,0.0,0
2026-06-23 14:51:13,218.86,0.0,0.0,100.0,0.0,0,0.0,0.0,100.0,0.0,0,0.0,0.0,100.0,0.0,0,0.0,0.0,100.0,0.0,0,0.0,0.0,100.0,0.0,0,0.0,0.0,100.0,0.0,0
2026-06-23 14:51:14,219.62,0.0,0.0,100.0,0.0,0,0.0,0.0,100.0,0.0,0,0.0,0.0,100.0,0.0,0,0.0,0.0,100.0,0.0,0,0.0,0.0,100.0,0.0,0,0.0,0.0,100.0,0.0,0
2026-06-23 14:51:14,220.4,0.0,0.0,100.0,0.0,0,0.0,0.0,100.0,0.0,0,0.0,0.0,100.0,0.0,0,0.0,0.0,100.0,0.0,0,0.0,0.0,100.0,0.0,0,0.0,0.0,100.0,0.0,0
2026-06-23 14:51:15,221.15,0.0,0.0,100.0,0.0,0,0.0,0.0,100.0,0.0,0,0.0,0.0,100.0,0.0,0,0.0,0.0,100.0,0.0,0,0.0,0.0,100.0,0.0,0,0.0,0.0,100.0,0.0,0
2026-06-23 14:51:16,221.91,0.0,0.0,100.0,0.0,0,0.0,0.0,100.0,0.0,0,0.0,0.0,100.0,0.0,0,0.0,0.0,100.0,0.0,0,0.0,0.0,100.0,0.0,0,0.0,0.0,100.0,0.0,0
2026-06-23 14:51:17,222.68,0.0,0.0,100.0,0.0,0,0.0,0.0,100.0,0.0,0,0.0,0.0,100.0,0.0,0,0.0,0.0,100.0,0.0,0,0.0,0.0,100.0,0.0,0,0.0,0.0,100.0,0.0,0
2026-06-23 14:51:17,223.45,0.0,0.0,100.0,0.0,0,0.0,0.0,100.0,0.0,0,0.0,0.0,100.0,0.0,0,0.0,0.0,100.0,0.0,0,0.0,0.0,100.0,0.0,0,0.0,0.0,100.0,0.0,0
2026-06-23 14:51:18,224.24,0.0,0.0,100.0,0.0,0,0.0,0.0,100.0,0.0,0,0.0,0.0,100.0,0.0,0,0.0,0.0,100.0,0.0,0,0.0,0.0,100.0,0.0,0,0.0,0.0,100.0,0.0,0
2026-06-23 14:51:19,225.01,0.0,0.0,100.0,0.0,0,0.0,0.0,100.0,0.0,0,0.0,0.0,100.0,0.0,0,0.0,0.0,100.0,0.0,0,0.0,0.0,100.0,0.0,0,0.0,0.0,100.0,0.0,0
2026-06-23 14:51:20,225.8,0.0,0.0,100.0,0.0,0,0.0,0.0,100.0,0.0,0,0.0,0.0,100.0,0.0,0,0.0,0.0,100.0,0.0,0,0.0,0.0,100.0,0.0,0,0.0,0.0,100.0,0.0,0
2026-06-23 14:51:21,226.6,0.0,0.0,100.0,0.0,0,0.0,0.0,100.0,0.0,0,0.0,0.0,100.0,0.0,0,0.0,0.0,100.0,0.0,0,0.0,0.0,100.0,0.0,0,0.0,0.0,100.0,0.0,0
2026-06-23 14:51:21,227.39,0.0,0.0,100.0,0.0,0,0.0,0.0,100.0,0.0,0,0.0,0.0,100.0,0.0,0,0.0,0.0,100.0,0.0,0,0.0,0.0,100.0,0.0,0,0.0,0.0,100.0,0.0,0
2026-06-23 14:51:22,228.15,0.0,0.0,100.0,0.0,0,0.0,0.0,100.0,0.0,0,0.0,0.0,100.0,0.0,0,0.0,0.0,100.0,0.0,0,0.0,0.0,100.0,0.0,0,0.0,0.0,100.0,0.0,0
2026-06-23 14:51:23,228.92,0.0,0.0,100.0,0.0,0,0.0,0.0,100.0,0.0,0,0.0,0.0,100.0,0.0,0,0.0,0.0,100.0,0.0,0,0.0,0.0,100.0,0.0,0,0.0,0.0,100.0,0.0,0
2026-06-23 14:51:24,229.67,0.0,0.0,100.0,0.0,0,0.0,0.0,100.0,0.0,0,0.0,0.0,100.0,0.0,0,0.0,0.0,100.0,0.0,0,0.0,0.0,100.0,0.0,0,0.0,0.0,100.0,0.0,0
2026-06-23 14:51:24,230.42,0.0,0.0,100.0,0.0,0,0.0,0.0,100.0,0.0,0,0.0,0.0,100.0,0.0,0,0.0,0.0,100.0,0.0,0,0.0,0.0,100.0,0.0,0,0.0,0.0,100.0,0.0,0
2026-06-23 14:51:25,231.22,0.0,0.0,100.0,0.0,0,0.0,0.0,100.0,0.0,0,0.0,0.0,100.0,0.0,0,0.0,0.0,100.0,0.0,0,0.0,0.0,100.0,0.0,0,0.0,0.0,100.0,0.0,0
2026-06-23 14:51:26,232.05,0.0,0.0,100.0,0.0,0,0.0,0.0,100.0,0.0,0,0.0,0.0,100.0,0.0,0,0.0,0.0,100.0,0.0,0,0.0,0.0,100.0,0.0,0,0.0,0.0,100.0,0.0,0
2026-06-23 14:51:27,232.81,0.0,0.0,100.0,0.0,0,0.0,0.0,100.0,0.0,0,0.0,0.0,100.0,0.0,0,0.0,0.0,100.0,0.0,0,0.0,0.0,100.0,0.0,0,0.0,0.0,100.0,0.0,0
2026-06-23 14:51:27,233.57,0.0,0.0,100.0,0.0,0,0.0,0.0,100.0,0.0,0,0.0,0.0,100.0,0.0,0,0.0,0.0,100.0,0.0,0,0.0,0.0,100.0,0.0,0,0.0,0.0,100.0,0.0,0
2026-06-23 14:51:28,234.35,0.0,0.0,100.0,0.0,0,0.0,0.0,100.0,0.0,0,0.0,0.0,100.0,0.0,0,0.0,0.0,100.0,0.0,0,0.0,0.0,100.0,0.0,0,0.0,0.0,100.0,0.0,0
2026-06-23 14:51:29,235.1,0.0,0.0,100.0,0.0,0,0.0,0.0,100.0,0.0,0,0.0,0.0,100.0,0.0,0,0.0,0.0,100.0,0.0,0,0.0,0.0,100.0,0.0,0,0.0,0.0,100.0,0.0,0
2026-06-23 14:51:30,235.92,0.0,0.0,100.0,0.0,0,0.0,0.0,100.0,0.0,0,0.0,0.0,100.0,0.0,0,0.0,0.0,100.0,0.0,0,0.0,0.0,100.0,0.0,0,0.0,0.0,100.0,0.0,0
2026-06-23 14:51:31,236.72,0.0,0.0,100.0,0.0,0,0.0,0.0,100.0,0.0,0,0.0,0.0,100.0,0.0,0,0.0,0.0,100.0,0.0,0,0.0,0.0,100.0,0.0,0,0.0,0.0,100.0,0.0,0
2026-06-23 14:51:31,237.57,0.0,0.0,100.0,0.0,0,0.0,0.0,100.0,0.0,0,0.0,0.0,100.0,0.0,0,0.0,0.0,100.0,0.0,0,0.0,0.0,100.0,0.0,0,0.0,0.0,100.0,0.0,0
2026-06-23 14:51:32,238.36,0.0,0.0,100.0,0.0,0,0.0,0.0,100.0,0.0,0,0.0,0.0,100.0,0.0,0,0.0,0.0,100.0,0.0,0,0.0,0.0,100.0,0.0,0,0.0,0.0,100.0,0.0,0
2026-06-23 14:51:33,239.19,0.0,0.0,100.0,0.0,0,0.0,0.0,100.0,0.0,0,0.0,0.0,100.0,0.0,0,0.0,0.0,100.0,0.0,0,0.0,0.0,100.0,0.0,0,0.0,0.0,100.0,0.0,0
2026-06-23 14:51:34,240.08,0.0,0.0,100.0,0.0,0,0.0,0.0,100.0,0.0,0,0.0,0.0,100.0,0.0,0,0.0,0.0,100.0,0.0,0,0.0,0.0,100.0,0.0,0,0.0,0.0,100.0,0.0,0
2026-06-23 14:51:35,240.9,0.0,0.0,100.0,0.0,0,0.0,0.0,100.0,0.0,0,0.0,0.0,100.0,0.0,0,0.0,0.0,100.0,0.0,0,0.0,0.0,100.0,0.0,0,0.0,0.0,100.0,0.0,0
2026-06-23 14:51:36,241.79,0.0,0.0,100.0,0.0,0,0.0,0.0,100.0,0.0,0,0.0,0.0,100.0,0.0,0,0.0,0.0,100.0,0.0,0,0.0,0.0,100.0,0.0,0,0.0,0.0,100.0,0.0,0
2026-06-23 14:51:37,242.62,0.0,0.0,100.0,0.0,0,0.0,0.0,100.0,0.0,0,0.0,0.0,100.0,0.0,0,0.0,0.0,100.0,0.0,0,0.0,0.0,100.0,0.0,0,0.0,0.0,100.0,0.0,0
2026-06-23 14:51:37,243.4,0.0,0.0,100.0,0.0,0,0.0,0.0,100.0,0.0,0,0.0,0.0,100.0,0.0,0,0.0,0.0,100.0,0.0,0,0.0,0.0,100.0,0.0,0,0.0,0.0,100.0,0.0,0
2026-06-23 14:51:38,244.26,0.0,0.0,100.0,0.0,0,0.0,0.0,100.0,0.0,0,0.0,0.0,100.0,0.0,0,0.0,0.0,100.0,0.0,0,0.0,0.0,100.0,0.0,0,0.0,0.0,100.0,0.0,0
2026-06-23 14:51:39,245.09,0.0,0.0,100.0,0.0,0,0.0,0.0,100.0,0.0,0,0.0,0.0,100.0,0.0,0,0.0,0.0,100.0,0.0,0,0.0,0.0,100.0,0.0,0,0.0,0.0,100.0,0.0,0
2026-06-23 14:51:40,245.92,0.0,0.0,100.0,0.0,0,0.0,0.0,100.0,0.0,0,0.0,0.0,100.0,0.0,0,0.0,0.0,100.0,0.0,0,0.0,0.0,100.0,0.0,0,0.0,0.0,100.0,0.0,0
2026-06-23 14:51:41,246.7,0.0,0.0,100.0,0.0,0,0.0,0.0,100.0,0.0,0,0.0,0.0,100.0,0.0,0,0.0,0.0,100.0,0.0,0,0.0,0.0,100.0,0.0,0,0.0,0.0,100.0,0.0,0
2026-06-23 14:51:41,247.48,0.0,0.0,100.0,0.0,0,0.0,0.0,100.0,0.0,0,0.0,0.0,100.0,0.0,0,0.0,0.0,100.0,0.0,0,0.0,0.0,100.0,0.0,0,0.0,0.0,100.0,0.0,0
2026-06-23 14:51:42,248.29,0.0,0.0,100.0,0.0,0,0.0,0.0,100.0,0.0,0,0.0,0.0,100.0,0.0,0,0.0,0.0,100.0,0.0,0,0.0,0.0,100.0,0.0,0,0.0,0.0,100.0,0.0,0
2026-06-23 14:51:43,249.11,0.0,0.0,100.0,0.0,0,0.0,0.0,100.0,0.0,0,0.0,0.0,100.0,0.0,0,0.0,0.0,100.0,0.0,0,0.0,0.0,100.0,0.0,0,0.0,0.0,100.0,0.0,0
2026-06-23 14:51:44,249.91,0.0,0.0,100.0,0.0,0,0.0,0.0,100.0,0.0,0,0.0,0.0,100.0,0.0,0,0.0,0.0,100.0,0.0,0,0.0,0.0,100.0,0.0,0,0.0,0.0,100.0,0.0,0
2026-06-23 14:51:45,250.68,0.0,0.0,100.0,0.0,0,0.0,0.0,100.0,0.0,0,0.0,0.0,100.0,0.0,0,0.0,0.0,100.0,0.0,0,0.0,0.0,100.0,0.0,0,0.0,0.0,100.0,0.0,0
2026-06-23 14:51:45,251.44,0.0,0.0,100.0,0.0,0,0.0,0.0,100.0,0.0,0,0.0,0.0,100.0,0.0,0,0.0,0.0,100.0,0.0,0,0.0,0.0,100.0,0.0,0,0.0,0.0,100.0,0.0,0
2026-06-23 14:51:46,252.23,0.0,0.0,100.0,0.0,0,0.0,0.0,100.0,0.0,0,0.0,0.0,100.0,0.0,0,0.0,0.0,100.0,0.0,0,0.0,0.0,100.0,0.0,0,0.0,0.0,100.0,0.0,0
2026-06-23 14:51:47,253.09,0.0,0.0,100.0,0.0,0,0.0,0.0,100.0,0.0,0,0.0,0.0,100.0,0.0,0,0.0,0.0,100.0,0.0,0,0.0,0.0,100.0,0.0,0,0.0,0.0,100.0,0.0,0
2026-06-23 14:51:48,253.84,0.0,0.0,100.0,0.0,0,0.0,0.0,100.0,0.0,0,0.0,0.0,100.0,0.0,0,0.0,0.0,100.0,0.0,0,0.0,0.0,100.0,0.0,0,0.0,0.0,100.0,0.0,0
2026-06-23 14:51:49,254.59,0.0,0.0,100.0,0.0,0,0.0,0.0,100.0,0.0,0,0.0,0.0,100.0,0.0,0,0.0,0.0,100.0,0.0,0,0.0,0.0,100.0,0.0,0,0.0,0.0,100.0,0.0,0
2026-06-23 14:51:49,255.38,0.0,0.0,100.0,0.0,0,0.0,0.0,100.0,0.0,0,0.0,0.0,100.0,0.0,0,0.0,0.0,100.0,0.0,0,0.0,0.0,100.0,0.0,0,0.0,0.0,100.0,0.0,0
2026-06-23 14:51:50,256.17,0.0,0.0,100.0,0.0,0,0.0,0.0,100.0,0.0,0,0.0,0.0,100.0,0.0,0,0.0,0.0,100.0,0.0,0,0.0,0.0,100.0,0.0,0,0.0,0.0,100.0,0.0,0
2026-06-23 14:51:51,256.97,0.0,0.0,100.0,0.0,0,0.0,0.0,100.0,0.0,0,0.0,0.0,100.0,0.0,0,0.0,0.0,100.0,0.0,0,0.0,0.0,100.0,0.0,0,0.0,0.0,100.0,0.0,0
2026-06-23 14:51:52,257.75,0.0,0.0,100.0,0.0,0,0.0,0.0,100.0,0.0,0,0.0,0.0,100.0,0.0,0,0.0,0.0,100.0,0.0,0,0.0,0.0,100.0,0.0,0,0.0,0.0,100.0,0.0,0
2026-06-23 14:51:52,258.5,0.0,0.0,100.0,0.0,0,0.0,0.0,100.0,0.0,0,0.0,0.0,100.0,0.0,0,0.0,0.0,100.0,0.0,0,0.0,0.0,100.0,0.0,0,0.0,0.0,100.0,0.0,0
2026-06-23 14:51:53,259.29,0.0,0.0,100.0,0.0,0,0.0,0.0,100.0,0.0,0,0.0,0.0,100.0,0.0,0,0.0,0.0,100.0,0.0,0,0.0,0.0,100.0,0.0,0,0.0,0.0,100.0,0.0,0
2026-06-23 14:51:54,260.01,0.0,0.0,100.0,0.0,0,0.0,0.0,100.0,0.0,0,0.0,0.0,100.0,0.0,0,0.0,0.0,100.0,0.0,0,0.0,0.0,100.0,0.0,0,0.0,0.0,100.0,0.0,0
2026-06-23 14:51:55,260.77,0.0,0.0,100.0,0.0,0,0.0,0.0,100.0,0.0,0,0.0,0.0,100.0,0.0,0,0.0,0.0,100.0,0.0,0,0.0,0.0,100.0,0.0,0,0.0,0.0,100.0,0.0,0
2026-06-23 14:51:55,261.52,0.0,0.0,100.0,0.0,0,0.0,0.0,100.0,0.0,0,0.0,0.0,100.0,0.0,0,0.0,0.0,100.0,0.0,0,0.0,0.0,100.0,0.0,0,0.0,0.0,100.0,0.0,0
2026-06-23 14:51:56,262.26,0.0,0.0,100.0,0.0,0,0.0,0.0,100.0,0.0,0,0.0,0.0,100.0,0.0,0,0.0,0.0,100.0,0.0,0,0.0,0.0,100.0,0.0,0,0.0,0.0,100.0,0.0,0
2026-06-23 14:51:57,263.0,0.0,0.0,100.0,0.0,0,0.0,0.0,100.0,0.0,0,0.0,0.0,100.0,0.0,0,0.0,0.0,100.0,0.0,0,0.0,0.0,100.0,0.0,0,0.0,0.0,100.0,0.0,0
2026-06-23 14:51:58,263.76,0.0,0.0,100.0,0.0,0,0.0,0.0,100.0,0.0,0,0.0,0.0,100.0,0.0,0,0.0,0.0,100.0,0.0,0,0.0,0.0,100.0,0.0,0,0.0,0.0,100.0,0.0,0
2026-06-23 14:51:58,264.53,0.0,0.0,100.0,0.0,0,0.0,0.0,100.0,0.0,0,0.0,0.0,100.0,0.0,0,0.0,0.0,100.0,0.0,0,0.0,0.0,100.0,0.0,0,0.0,0.0,100.0,0.0,0
2026-06-23 14:51:59,265.29,0.0,0.0,100.0,0.0,0,0.0,0.0,100.0,0.0,0,0.0,0.0,100.0,0.0,0,0.0,0.0,100.0,0.0,0,0.0,0.0,100.0,0.0,0,0.0,0.0,100.0,0.0,0
2026-06-23 14:52:00,266.03,0.0,0.0,100.0,0.0,0,0.0,0.0,100.0,0.0,0,0.0,0.0,100.0,0.0,0,0.0,0.0,100.0,0.0,0,0.0,0.0,100.0,0.0,0,0.0,0.0,100.0,0.0,0
2026-06-23 14:52:01,266.77,0.0,0.0,100.0,0.0,0,0.0,0.0,100.0,0.0,0,0.0,0.0,100.0,0.0,0,0.0,0.0,100.0,0.0,0,0.0,0.0,100.0,0.0,0,0.0,0.0,100.0,0.0,0
2026-06-23 14:52:01,267.52,0.0,0.0,100.0,0.0,0,0.0,0.0,100.0,0.0,0,0.0,0.0,100.0,0.0,0,0.0,0.0,100.0,0.0,0,0.0,0.0,100.0,0.0,0,0.0,0.0,100.0,0.0,0
2026-06-23 14:52:02,268.26,0.0,0.0,100.0,0.0,0,0.0,0.0,100.0,0.0,0,0.0,0.0,100.0,0.0,0,0.0,0.0,100.0,0.0,0,0.0,0.0,100.0,0.0,0,0.0,0.0,100.0,0.0,0
2026-06-23 14:52:03,269.01,0.0,0.0,100.0,0.0,0,0.0,0.0,100.0,0.0,0,0.0,0.0,100.0,0.0,0,0.0,0.0,100.0,0.0,0,0.0,0.0,100.0,0.0,0,0.0,0.0,100.0,0.0,0
2026-06-23 14:52:04,269.78,0.0,0.0,100.0,0.0,0,0.0,0.0,100.0,0.0,0,0.0,0.0,100.0,0.0,0,0.0,0.0,100.0,0.0,0,0.0,0.0,100.0,0.0,0,0.0,0.0,100.0,0.0,0
2026-06-23 14:52:04,270.53,0.0,0.0,100.0,0.0,0,0.0,0.0,100.0,0.0,0,0.0,0.0,100.0,0.0,0,0.0,0.0,100.0,0.0,0,0.0,0.0,100.0,0.0,0,0.0,0.0,100.0,0.0,0
2026-06-23 14:52:05,271.3,0.0,0.0,100.0,0.0,0,0.0,0.0,100.0,0.0,0,0.0,0.0,100.0,0.0,0,0.0,0.0,100.0,0.0,0,0.0,0.0,100.0,0.0,0,0.0,0.0,100.0,0.0,0
2026-06-23 14:52:06,272.03,0.0,0.0,100.0,0.0,0,0.0,0.0,100.0,0.0,0,0.0,0.0,100.0,0.0,0,0.0,0.0,100.0,0.0,0,0.0,0.0,100.0,0.0,0,0.0,0.0,100.0,0.0,0
2026-06-23 14:52:07,272.79,0.0,0.0,100.0,0.0,0,0.0,0.0,100.0,0.0,0,0.0,0.0,100.0,0.0,0,0.0,0.0,100.0,0.0,0,0.0,0.0,100.0,0.0,0,0.0,0.0,100.0,0.0,0
2026-06-23 14:52:07,273.54,0.0,0.0,100.0,0.0,0,0.0,0.0,100.0,0.0,0,0.0,0.0,100.0,0.0,0,0.0,0.0,100.0,0.0,0,0.0,0.0,100.0,0.0,0,0.0,0.0,100.0,0.0,0
2026-06-23 14:52:08,274.28,0.0,0.0,100.0,0.0,0,0.0,0.0,100.0,0.0,0,0.0,0.0,100.0,0.0,0,0.0,0.0,100.0,0.0,0,0.0,0.0,100.0,0.0,0,0.0,0.0,100.0,0.0,0
2026-06-23 14:52:09,275.02,0.0,0.0,100.0,0.0,0,0.0,0.0,100.0,0.0,0,0.0,0.0,100.0,0.0,0,0.0,0.0,100.0,0.0,0,0.0,0.0,100.0,0.0,0,0.0,0.0,100.0,0.0,0
2026-06-23 14:52:10,275.78,0.0,0.0,100.0,0.0,0,0.0,0.0,100.0,0.0,0,0.0,0.0,100.0,0.0,0,0.0,0.0,100.0,0.0,0,0.0,0.0,100.0,0.0,0,0.0,0.0,100.0,0.0,0
2026-06-23 14:52:10,276.56,0.0,0.0,100.0,0.0,0,0.0,0.0,100.0,0.0,0,0.0,0.0,100.0,0.0,0,0.0,0.0,100.0,0.0,0,0.0,0.0,100.0,0.0,0,0.0,0.0,100.0,0.0,0
2026-06-23 14:52:11,277.31,0.0,0.0,100.0,0.0,0,0.0,0.0,100.0,0.0,0,0.0,0.0,100.0,0.0,0,0.0,0.0,100.0,0.0,0,0.0,0.0,100.0,0.0,0,0.0,0.0,100.0,0.0,0
2026-06-23 14:52:12,278.07,0.0,0.0,100.0,0.0,0,0.0,0.0,100.0,0.0,0,0.0,0.0,100.0,0.0,0,0.0,0.0,100.0,0.0,0,0.0,0.0,100.0,0.0,0,0.0,0.0,100.0,0.0,0
2026-06-23 14:52:13,278.85,0.0,0.0,100.0,0.0,0,0.0,0.0,100.0,0.0,0,0.0,0.0,100.0,0.0,0,0.0,0.0,100.0,0.0,0,0.0,0.0,100.0,0.0,0,0.0,0.0,100.0,0.0,0
2026-06-23 14:52:14,279.64,0.0,0.0,100.0,0.0,0,0.0,0.0,100.0,0.0,0,0.0,0.0,100.0,0.0,0,0.0,0.0,100.0,0.0,0,0.0,0.0,100.0,0.0,0,0.0,0.0,100.0,0.0,0
2026-06-23 14:52:14,280.38,0.0,0.0,100.0,0.0,0,0.0,0.0,100.0,0.0,0,0.0,0.0,100.0,0.0,0,0.0,0.0,100.0,0.0,0,0.0,0.0,100.0,0.0,0,0.0,0.0,100.0,0.0,0
2026-06-23 14:52:15,281.14,0.0,0.0,100.0,0.0,0,0.0,0.0,100.0,0.0,0,0.0,0.0,100.0,0.0,0,0.0,0.0,100.0,0.0,0,0.0,0.0,100.0,0.0,0,0.0,0.0,100.0,0.0,0
2026-06-23 14:52:16,281.9,0.0,0.0,100.0,0.0,0,0.0,0.0,100.0,0.0,0,0.0,0.0,100.0,0.0,0,0.0,0.0,100.0,0.0,0,0.0,0.0,100.0,0.0,0,0.0,0.0,100.0,0.0,0
2026-06-23 14:52:17,282.66,0.0,0.0,100.0,0.0,0,0.0,0.0,100.0,0.0,0,0.0,0.0,100.0,0.0,0,0.0,0.0,100.0,0.0,0,0.0,0.0,100.0,0.0,0,0.0,0.0,100.0,0.0,0
2026-06-23 14:52:17,283.43,0.0,0.0,100.0,0.0,0,0.0,0.0,100.0,0.0,0,0.0,0.0,100.0,0.0,0,0.0,0.0,100.0,0.0,0,0.0,0.0,100.0,0.0,0,0.0,0.0,100.0,0.0,0
2026-06-23 14:52:18,284.18,0.0,0.0,100.0,0.0,0,0.0,0.0,100.0,0.0,0,0.0,0.0,100.0,0.0,0,0.0,0.0,100.0,0.0,0,0.0,0.0,100.0,0.0,0,0.0,0.0,100.0,0.0,0
2026-06-23 14:52:19,284.93,0.0,0.0,100.0,0.0,0,0.0,0.0,100.0,0.0,0,0.0,0.0,100.0,0.0,0,0.0,0.0,100.0,0.0,0,0.0,0.0,100.0,0.0,0,0.0,0.0,100.0,0.0,0
2026-06-23 14:52:20,285.69,0.0,0.0,100.0,0.0,0,0.0,0.0,100.0,0.0,0,0.0,0.0,100.0,0.0,0,0.0,0.0,100.0,0.0,0,0.0,0.0,100.0,0.0,0,0.0,0.0,100.0,0.0,0
2026-06-23 14:52:20,286.45,0.0,0.0,100.0,0.0,0,0.0,0.0,100.0,0.0,0,0.0,0.0,100.0,0.0,0,0.0,0.0,100.0,0.0,0,0.0,0.0,100.0,0.0,0,0.0,0.0,100.0,0.0,0
2026-06-23 14:52:21,287.2,0.0,0.0,100.0,0.0,0,0.0,0.0,100.0,0.0,0,0.0,0.0,100.0,0.0,0,0.0,0.0,100.0,0.0,0,0.0,0.0,100.0,0.0,0,0.0,0.0,100.0,0.0,0
2026-06-23 14:52:22,287.96,0.0,0.0,100.0,0.0,0,0.0,0.0,100.0,0.0,0,0.0,0.0,100.0,0.0,0,0.0,0.0,100.0,0.0,0,0.0,0.0,100.0,0.0,0,0.0,0.0,100.0,0.0,0
2026-06-23 14:52:23,288.73,0.0,0.0,100.0,0.0,0,0.0,0.0,100.0,0.0,0,0.0,0.0,100.0,0.0,0,0.0,0.0,100.0,0.0,0,0.0,0.0,100.0,0.0,0,0.0,0.0,100.0,0.0,0
2026-06-23 14:52:23,289.51,0.0,0.0,100.0,0.0,0,0.0,0.0,100.0,0.0,0,0.0,0.0,100.0,0.0,0,0.0,0.0,100.0,0.0,0,0.0,0.0,100.0,0.0,0,0.0,0.0,100.0,0.0,0
2026-06-23 14:52:24,290.31,0.0,0.0,100.0,0.0,0,0.0,0.0,100.0,0.0,0,0.0,0.0,100.0,0.0,0,0.0,0.0,100.0,0.0,0,0.0,0.0,100.0,0.0,0,0.0,0.0,100.0,0.0,0
2026-06-23 14:52:25,291.04,0.0,0.0,100.0,0.0,0,0.0,0.0,100.0,0.0,0,0.0,0.0,100.0,0.0,0,0.0,0.0,100.0,0.0,0,0.0,0.0,100.0,0.0,0,0.0,0.0,100.0,0.0,0
2026-06-23 14:52:26,291.81,0.0,0.0,100.0,0.0,0,0.0,0.0,100.0,0.0,0,0.0,0.0,100.0,0.0,0,0.0,0.0,100.0,0.0,0,0.0,0.0,100.0,0.0,0,0.0,0.0,100.0,0.0,0
2026-06-23 14:52:26,292.56,0.0,0.0,100.0,0.0,0,0.0,0.0,100.0,0.0,0,0.0,0.0,100.0,0.0,0,0.0,0.0,100.0,0.0,0,0.0,0.0,100.0,0.0,0,0.0,0.0,100.0,0.0,0
2026-06-23 14:52:27,293.32,0.0,0.0,100.0,0.0,0,0.0,0.0,100.0,0.0,0,0.0,0.0,100.0,0.0,0,0.0,0.0,100.0,0.0,0,0.0,0.0,100.0,0.0,0,0.0,0.0,100.0,0.0,0
2026-06-23 14:52:28,294.06,0.0,0.0,100.0,0.0,0,0.0,0.0,100.0,0.0,0,0.0,0.0,100.0,0.0,0,0.0,0.0,100.0,0.0,0,0.0,0.0,100.0,0.0,0,0.0,0.0,100.0,0.0,0
2026-06-23 14:52:29,294.79,0.0,0.0,100.0,0.0,0,0.0,0.0,100.0,0.0,0,0.0,0.0,100.0,0.0,0,0.0,0.0,100.0,0.0,0,0.0,0.0,100.0,0.0,0,0.0,0.0,100.0,0.0,0
2026-06-23 14:52:29,295.54,0.0,0.0,100.0,0.0,0,0.0,0.0,100.0,0.0,0,0.0,0.0,100.0,0.0,0,0.0,0.0,100.0,0.0,0,0.0,0.0,100.0,0.0,0,0.0,0.0,100.0,0.0,0
2026-06-23 14:52:30,296.28,0.0,0.0,100.0,0.0,0,0.0,0.0,100.0,0.0,0,0.0,0.0,100.0,0.0,0,0.0,0.0,100.0,0.0,0,0.0,0.0,100.0,0.0,0,0.0,0.0,100.0,0.0,0
2026-06-23 14:52:31,297.02,0.0,0.0,100.0,0.0,0,0.0,0.0,100.0,0.0,0,0.0,0.0,100.0,0.0,0,0.0,0.0,100.0,0.0,0,0.0,0.0,100.0,0.0,0,0.0,0.0,100.0,0.0,0
2026-06-23 14:52:32,297.75,0.0,0.0,100.0,0.0,0,0.0,0.0,100.0,0.0,0,0.0,0.0,100.0,0.0,0,0.0,0.0,100.0,0.0,0,0.0,0.0,100.0,0.0,0,0.0,0.0,100.0,0.0,0
2026-06-23 14:52:32,298.5,0.0,0.0,100.0,0.0,0,0.0,0.0,100.0,0.0,0,0.0,0.0,100.0,0.0,0,0.0,0.0,100.0,0.0,0,0.0,0.0,100.0,0.0,0,0.0,0.0,100.0,0.0,0
2026-06-23 14:52:33,299.24,0.0,0.0,100.0,0.0,0,0.0,0.0,100.0,0.0,0,0.0,0.0,100.0,0.0,0,0.0,0.0,100.0,0.0,0,0.0,0.0,100.0,0.0,0,0.0,0.0,100.0,0.0,0
2026-06-23 14:52:34,299.99,0.0,0.0,100.0,0.0,0,0.0,0.0,100.0,0.0,0,0.0,0.0,100.0,0.0,0,0.0,0.0,100.0,0.0,0,0.0,0.0,100.0,0.0,0,0.0,0.0,100.0,0.0,0
2026-06-23 14:52:35,300.73,0.0,0.0,100.0,0.0,0,0.0,0.0,100.0,0.0,0,0.0,0.0,100.0,0.0,0,0.0,0.0,100.0,0.0,0,0.0,0.0,100.0,0.0,0,0.0,0.0,100.0,0.0,0
2026-06-23 14:52:35,301.58,0.0,0.0,100.0,0.0,0,0.0,0.0,100.0,0.0,0,0.0,0.0,100.0,0.0,0,0.0,0.0,100.0,0.0,0,0.0,0.0,100.0,0.0,0,0.0,0.0,100.0,0.0,0
2026-06-23 14:52:36,302.37,0.0,0.0,100.0,0.0,0,0.0,0.0,100.0,0.0,0,0.0,0.0,100.0,0.0,0,0.0,0.0,100.0,0.0,0,0.0,0.0,100.0,0.0,0,0.0,0.0,100.0,0.0,0
2026-06-23 14:52:37,303.15,0.0,0.0,100.0,0.0,0,0.0,0.0,100.0,0.0,0,0.0,0.0,100.0,0.0,0,0.0,0.0,100.0,0.0,0,0.0,0.0,100.0,0.0,0,0.0,0.0,100.0,0.0,0
2026-06-23 14:52:38,303.94,0.0,0.0,100.0,0.0,0,0.0,0.0,100.0,0.0,0,0.0,0.0,100.0,0.0,0,0.0,0.0,100.0,0.0,0,0.0,0.0,100.0,0.0,0,0.0,0.0,100.0,0.0,0
2026-06-23 14:52:39,304.67,0.0,0.0,100.0,0.0,0,0.0,0.0,100.0,0.0,0,0.0,0.0,100.0,0.0,0,0.0,0.0,100.0,0.0,0,0.0,0.0,100.0,0.0,0,0.0,0.0,100.0,0.0,0
2026-06-23 14:52:39,305.41,0.0,0.0,100.0,0.0,0,0.0,0.0,100.0,0.0,0,0.0,0.0,100.0,0.0,0,0.0,0.0,100.0,0.0,0,0.0,0.0,100.0,0.0,0,0.0,0.0,100.0,0.0,0
2026-06-23 14:52:40,306.15,0.0,0.0,100.0,0.0,0,0.0,0.0,100.0,0.0,0,0.0,0.0,100.0,0.0,0,0.0,0.0,100.0,0.0,0,0.0,0.0,100.0,0.0,0,0.0,0.0,100.0,0.0,0
2026-06-23 14:52:41,306.98,0.0,0.0,100.0,0.0,0,0.0,0.0,100.0,0.0,0,0.0,0.0,100.0,0.0,0,0.0,0.0,100.0,0.0,0,0.0,0.0,100.0,0.0,0,0.0,0.0,100.0,0.0,0
2026-06-23 14:52:42,307.73,0.0,0.0,100.0,0.0,0,0.0,0.0,100.0,0.0,0,0.0,0.0,100.0,0.0,0,0.0,0.0,100.0,0.0,0,0.0,0.0,100.0,0.0,0,0.0,0.0,100.0,0.0,0
2026-06-23 14:52:42,308.46,0.0,0.0,100.0,0.0,0,0.0,0.0,100.0,0.0,0,0.0,0.0,100.0,0.0,0,0.0,0.0,100.0,0.0,0,0.0,0.0,100.0,0.0,0,0.0,0.0,100.0,0.0,0
2026-06-23 14:52:43,309.25,0.0,0.0,100.0,0.0,0,0.0,0.0,100.0,0.0,0,0.0,0.0,100.0,0.0,0,0.0,0.0,100.0,0.0,0,0.0,0.0,100.0,0.0,0,0.0,0.0,100.0,0.0,0
2026-06-23 14:52:44,310.0,0.0,0.0,100.0,0.0,0,0.0,0.0,100.0,0.0,0,0.0,0.0,100.0,0.0,0,0.0,0.0,100.0,0.0,0,0.0,0.0,100.0,0.0,0,0.0,0.0,100.0,0.0,0
2026-06-23 14:52:45,310.8,0.0,0.0,100.0,0.0,0,0.0,0.0,100.0,0.0,0,0.0,0.0,100.0,0.0,0,0.0,0.0,100.0,0.0,0,0.0,0.0,100.0,0.0,0,0.0,0.0,100.0,0.0,0
2026-06-23 14:52:45,311.54,0.0,0.0,100.0,0.0,0,0.0,0.0,100.0,0.0,0,0.0,0.0,100.0,0.0,0,0.0,0.0,100.0,0.0,0,0.0,0.0,100.0,0.0,0,0.0,0.0,100.0,0.0,0
2026-06-23 14:52:46,312.28,0.0,0.0,100.0,0.0,0,0.0,0.0,100.0,0.0,0,0.0,0.0,100.0,0.0,0,0.0,0.0,100.0,0.0,0,0.0,0.0,100.0,0.0,0,0.0,0.0,100.0,0.0,0
2026-06-23 14:52:47,313.04,0.0,0.0,100.0,0.0,0,0.0,0.0,100.0,0.0,0,0.0,0.0,100.0,0.0,0,0.0,0.0,100.0,0.0,0,0.0,0.0,100.0,0.0,0,0.0,0.0,100.0,0.0,0
2026-06-23 14:52:48,313.8,0.0,0.0,100.0,0.0,0,0.0,0.0,100.0,0.0,0,0.0,0.0,100.0,0.0,0,0.0,0.0,100.0,0.0,0,0.0,0.0,100.0,0.0,0,0.0,0.0,100.0,0.0,0
2026-06-23 14:52:48,314.56,0.0,0.0,100.0,0.0,0,0.0,0.0,100.0,0.0,0,0.0,0.0,100.0,0.0,0,0.0,0.0,100.0,0.0,0,0.0,0.0,100.0,0.0,0,0.0,0.0,100.0,0.0,0
2026-06-23 14:52:49,315.33,0.0,0.0,100.0,0.0,0,0.0,0.0,100.0,0.0,0,0.0,0.0,100.0,0.0,0,0.0,0.0,100.0,0.0,0,0.0,0.0,100.0,0.0,0,0.0,0.0,100.0,0.0,0
2026-06-23 14:52:50,316.06,0.0,0.0,100.0,0.0,0,0.0,0.0,100.0,0.0,0,0.0,0.0,100.0,0.0,0,0.0,0.0,100.0,0.0,0,0.0,0.0,100.0,0.0,0,0.0,0.0,100.0,0.0,0
2026-06-23 14:52:51,316.78,0.0,0.0,100.0,0.0,0,0.0,0.0,100.0,0.0,0,0.0,0.0,100.0,0.0,0,0.0,0.0,100.0,0.0,0,0.0,0.0,100.0,0.0,0,0.0,0.0,100.0,0.0,0
2026-06-23 14:52:51,317.51,0.0,0.0,100.0,0.0,0,0.0,0.0,100.0,0.0,0,0.0,0.0,100.0,0.0,0,0.0,0.0,100.0,0.0,0,0.0,0.0,100.0,0.0,0,0.0,0.0,100.0,0.0,0
2026-06-23 14:52:52,318.26,0.0,0.0,100.0,0.0,0,0.0,0.0,100.0,0.0,0,0.0,0.0,100.0,0.0,0,0.0,0.0,100.0,0.0,0,0.0,0.0,100.0,0.0,0,0.0,0.0,100.0,0.0,0
2026-06-23 14:52:53,319.03,0.0,0.0,100.0,0.0,0,0.0,0.0,100.0,0.0,0,0.0,0.0,100.0,0.0,0,0.0,0.0,100.0,0.0,0,0.0,0.0,100.0,0.0,0,0.0,0.0,100.0,0.0,0
2026-06-23 14:52:54,319.79,0.0,0.0,100.0,0.0,0,0.0,0.0,100.0,0.0,0,0.0,0.0,100.0,0.0,0,0.0,0.0,100.0,0.0,0,0.0,0.0,100.0,0.0,0,0.0,0.0,100.0,0.0,0
2026-06-23 14:52:54,320.52,0.0,0.0,100.0,0.0,0,0.0,0.0,100.0,0.0,0,0.0,0.0,100.0,0.0,0,0.0,0.0,100.0,0.0,0,0.0,0.0,100.0,0.0,0,0.0,0.0,100.0,0.0,0
2026-06-23 14:52:55,321.28,0.0,0.0,100.0,0.0,0,0.0,0.0,100.0,0.0,0,0.0,0.0,100.0,0.0,0,0.0,0.0,100.0,0.0,0,0.0,0.0,100.0,0.0,0,0.0,0.0,100.0,0.0,0
2026-06-23 14:52:56,322.02,0.0,0.0,100.0,0.0,0,0.0,0.0,100.0,0.0,0,0.0,0.0,100.0,0.0,0,0.0,0.0,100.0,0.0,0,0.0,0.0,100.0,0.0,0,0.0,0.0,100.0,0.0,0
2026-06-23 14:52:57,322.77,0.0,0.0,100.0,0.0,0,0.0,0.0,100.0,0.0,0,0.0,0.0,100.0,0.0,0,0.0,0.0,100.0,0.0,0,0.0,0.0,100.0,0.0,0,0.0,0.0,100.0,0.0,0
2026-06-23 14:52:57,323.51,0.0,0.0,100.0,0.0,0,0.0,0.0,100.0,0.0,0,0.0,0.0,100.0,0.0,0,0.0,0.0,100.0,0.0,0,0.0,0.0,100.0,0.0,0,0.0,0.0,100.0,0.0,0
2026-06-23 14:52:58,324.28,0.0,0.0,100.0,0.0,0,0.0,0.0,100.0,0.0,0,0.0,0.0,100.0,0.0,0,0.0,0.0,100.0,0.0,0,0.0,0.0,100.0,0.0,0,0.0,0.0,100.0,0.0,0
2026-06-23 14:52:59,325.03,0.0,0.0,100.0,0.0,0,0.0,0.0,100.0,0.0,0,0.0,0.0,100.0,0.0,0,0.0,0.0,100.0,0.0,0,0.0,0.0,100.0,0.0,0,0.0,0.0,100.0,0.0,0
2026-06-23 14:53:00,325.77,0.0,0.0,100.0,0.0,0,0.0,0.0,100.0,0.0,0,0.0,0.0,100.0,0.0,0,0.0,0.0,100.0,0.0,0,0.0,0.0,100.0,0.0,0,0.0,0.0,100.0,0.0,0
2026-06-23 14:53:00,326.57,0.0,0.0,100.0,0.0,0,0.0,0.0,100.0,0.0,0,0.0,0.0,100.0,0.0,0,0.0,0.0,100.0,0.0,0,0.0,0.0,100.0,0.0,0,0.0,0.0,100.0,0.0,0
2026-06-23 14:53:01,327.34,0.0,0.0,100.0,0.0,0,0.0,0.0,100.0,0.0,0,0.0,0.0,100.0,0.0,0,0.0,0.0,100.0,0.0,0,0.0,0.0,100.0,0.0,0,0.0,0.0,100.0,0.0,0
2026-06-23 14:53:02,328.08,0.0,0.0,100.0,0.0,0,0.0,0.0,100.0,0.0,0,0.0,0.0,100.0,0.0,0,0.0,0.0,100.0,0.0,0,0.0,0.0,100.0,0.0,0,0.0,0.0,100.0,0.0,0
2026-06-23 14:53:03,328.82,0.0,0.0,100.0,0.0,0,0.0,0.0,100.0,0.0,0,0.0,0.0,100.0,0.0,0,0.0,0.0,100.0,0.0,0,0.0,0.0,100.0,0.0,0,0.0,0.0,100.0,0.0,0
2026-06-23 14:53:03,329.56,0.0,0.0,100.0,0.0,0,0.0,0.0,100.0,0.0,0,0.0,0.0,100.0,0.0,0,0.0,0.0,100.0,0.0,0,0.0,0.0,100.0,0.0,0,0.0,0.0,100.0,0.0,0
2026-06-23 14:53:04,330.31,0.0,0.0,100.0,0.0,0,0.0,0.0,100.0,0.0,0,0.0,0.0,100.0,0.0,0,0.0,0.0,100.0,0.0,0,0.0,0.0,100.0,0.0,0,0.0,0.0,100.0,0.0,0
2026-06-23 14:53:05,331.1,0.0,0.0,100.0,0.0,0,0.0,0.0,100.0,0.0,0,0.0,0.0,100.0,0.0,0,0.0,0.0,100.0,0.0,0,0.0,0.0,100.0,0.0,0,0.0,0.0,100.0,0.0,0
2026-06-23 14:53:06,331.83,0.0,0.0,100.0,0.0,0,0.0,0.0,100.0,0.0,0,0.0,0.0,100.0,0.0,0,0.0,0.0,100.0,0.0,0,0.0,0.0,100.0,0.0,0,0.0,0.0,100.0,0.0,0
2026-06-23 14:53:07,332.59,0.0,0.0,100.0,0.0,0,0.0,0.0,100.0,0.0,0,0.0,0.0,100.0,0.0,0,0.0,0.0,100.0,0.0,0,0.0,0.0,100.0,0.0,0,0.0,0.0,100.0,0.0,0
2026-06-23 14:53:07,333.35,0.0,0.0,100.0,0.0,0,0.0,0.0,100.0,0.0,0,0.0,0.0,100.0,0.0,0,0.0,0.0,100.0,0.0,0,0.0,0.0,100.0,0.0,0,0.0,0.0,100.0,0.0,0
2026-06-23 14:53:08,334.09,0.0,0.0,100.0,0.0,0,0.0,0.0,100.0,0.0,0,0.0,0.0,100.0,0.0,0,0.0,0.0,100.0,0.0,0,0.0,0.0,100.0,0.0,0,0.0,0.0,100.0,0.0,0
2026-06-23 14:53:09,334.82,0.0,0.0,100.0,0.0,0,0.0,0.0,100.0,0.0,0,0.0,0.0,100.0,0.0,0,0.0,0.0,100.0,0.0,0,0.0,0.0,100.0,0.0,0,0.0,0.0,100.0,0.0,0
2026-06-23 14:53:09,335.57,0.0,0.0,100.0,0.0,0,0.0,0.0,100.0,0.0,0,0.0,0.0,100.0,0.0,0,0.0,0.0,100.0,0.0,0,0.0,0.0,100.0,0.0,0,0.0,0.0,100.0,0.0,0
2026-06-23 14:53:10,336.3,0.0,0.0,100.0,0.0,0,0.0,0.0,100.0,0.0,0,0.0,0.0,100.0,0.0,0,0.0,0.0,100.0,0.0,0,0.0,0.0,100.0,0.0,0,0.0,0.0,100.0,0.0,0
2026-06-23 14:53:11,337.05,0.0,0.0,100.0,0.0,0,0.0,0.0,100.0,0.0,0,0.0,0.0,100.0,0.0,0,0.0,0.0,100.0,0.0,0,0.0,0.0,100.0,0.0,0,0.0,0.0,100.0,0.0,0
2026-06-23 14:53:12,337.81,0.0,0.0,100.0,0.0,0,0.0,0.0,100.0,0.0,0,0.0,0.0,100.0,0.0,0,0.0,0.0,100.0,0.0,0,0.0,0.0,100.0,0.0,0,0.0,0.0,100.0,0.0,0
2026-06-23 14:53:12,338.56,0.0,0.0,100.0,0.0,0,0.0,0.0,100.0,0.0,0,0.0,0.0,100.0,0.0,0,0.0,0.0,100.0,0.0,0,0.0,0.0,100.0,0.0,0,0.0,0.0,100.0,0.0,0
2026-06-23 14:53:13,339.3,0.0,0.0,100.0,0.0,0,0.0,0.0,100.0,0.0,0,0.0,0.0,100.0,0.0,0,0.0,0.0,100.0,0.0,0,0.0,0.0,100.0,0.0,0,0.0,0.0,100.0,0.0,0
2026-06-23 14:53:14,340.03,0.0,0.0,100.0,0.0,0,0.0,0.0,100.0,0.0,0,0.0,0.0,100.0,0.0,0,0.0,0.0,100.0,0.0,0,0.0,0.0,100.0,0.0,0,0.0,0.0,100.0,0.0,0
2026-06-23 14:53:15,340.78,0.0,0.0,100.0,0.0,0,0.0,0.0,100.0,0.0,0,0.0,0.0,100.0,0.0,0,0.0,0.0,100.0,0.0,0,0.0,0.0,100.0,0.0,0,0.0,0.0,100.0,0.0,0
2026-06-23 14:53:15,341.54,0.0,0.0,100.0,0.0,0,0.0,0.0,100.0,0.0,0,0.0,0.0,100.0,0.0,0,0.0,0.0,100.0,0.0,0,0.0,0.0,100.0,0.0,0,0.0,0.0,100.0,0.0,0
2026-06-23 14:53:16,342.3,0.0,0.0,100.0,0.0,0,0.0,0.0,100.0,0.0,0,0.0,0.0,100.0,0.0,0,0.0,0.0,100.0,0.0,0,0.0,0.0,100.0,0.0,0,0.0,0.0,100.0,0.0,0
2026-06-23 14:53:17,343.05,0.0,0.0,100.0,0.0,0,0.0,0.0,100.0,0.0,0,0.0,0.0,100.0,0.0,0,0.0,0.0,100.0,0.0,0,0.0,0.0,100.0,0.0,0,0.0,0.0,100.0,0.0,0
2026-06-23 14:53:18,343.77,0.0,0.0,100.0,0.0,0,0.0,0.0,100.0,0.0,0,0.0,0.0,100.0,0.0,0,0.0,0.0,100.0,0.0,0,0.0,0.0,100.0,0.0,0,0.0,0.0,100.0,0.0,0
2026-06-23 14:53:18,344.52,0.0,0.0,100.0,0.0,0,0.0,0.0,100.0,0.0,0,0.0,0.0,100.0,0.0,0,0.0,0.0,100.0,0.0,0,0.0,0.0,100.0,0.0,0,0.0,0.0,100.0,0.0,0
2026-06-23 14:53:19,345.27,0.0,0.0,100.0,0.0,0,0.0,0.0,100.0,0.0,0,0.0,0.0,100.0,0.0,0,0.0,0.0,100.0,0.0,0,0.0,0.0,100.0,0.0,0,0.0,0.0,100.0,0.0,0
2026-06-23 14:53:20,346.0,0.0,0.0,100.0,0.0,0,0.0,0.0,100.0,0.0,0,0.0,0.0,100.0,0.0,0,0.0,0.0,100.0,0.0,0,0.0,0.0,100.0,0.0,0,0.0,0.0,100.0,0.0,0
2026-06-23 14:53:21,346.73,0.0,0.0,100.0,0.0,0,0.0,0.0,100.0,0.0,0,0.0,0.0,100.0,0.0,0,0.0,0.0,100.0,0.0,0,0.0,0.0,100.0,0.0,0,0.0,0.0,100.0,0.0,0
2026-06-23 14:53:21,347.47,0.0,0.0,100.0,0.0,0,0.0,0.0,100.0,0.0,0,0.0,0.0,100.0,0.0,0,0.0,0.0,100.0,0.0,0,0.0,0.0,100.0,0.0,0,0.0,0.0,100.0,0.0,0
2026-06-23 14:53:22,348.21,0.0,0.0,100.0,0.0,0,0.0,0.0,100.0,0.0,0,0.0,0.0,100.0,0.0,0,0.0,0.0,100.0,0.0,0,0.0,0.0,100.0,0.0,0,0.0,0.0,100.0,0.0,0
2026-06-23 14:53:23,348.94,0.0,0.0,100.0,0.0,0,0.0,0.0,100.0,0.0,0,0.0,0.0,100.0,0.0,0,0.0,0.0,100.0,0.0,0,0.0,0.0,100.0,0.0,0,0.0,0.0,100.0,0.0,0
2026-06-23 14:53:24,349.69,0.0,0.0,100.0,0.0,0,0.0,0.0,100.0,0.0,0,0.0,0.0,100.0,0.0,0,0.0,0.0,100.0,0.0,0,0.0,0.0,100.0,0.0,0,0.0,0.0,100.0,0.0,0
2026-06-23 14:53:24,350.49,0.0,0.0,100.0,0.0,0,0.0,0.0,100.0,0.0,0,0.0,0.0,100.0,0.0,0,0.0,0.0,100.0,0.0,0,0.0,0.0,100.0,0.0,0,0.0,0.0,100.0,0.0,0
2026-06-23 14:53:25,351.23,0.0,0.0,100.0,0.0,0,0.0,0.0,100.0,0.0,0,0.0,0.0,100.0,0.0,0,0.0,0.0,100.0,0.0,0,0.0,0.0,100.0,0.0,0,0.0,0.0,100.0,0.0,0
2026-06-23 14:53:26,351.98,0.0,0.0,100.0,0.0,0,0.0,0.0,100.0,0.0,0,0.0,0.0,100.0,0.0,0,0.0,0.0,100.0,0.0,0,0.0,0.0,100.0,0.0,0,0.0,0.0,100.0,0.0,0
2026-06-23 14:53:27,352.72,0.0,0.0,100.0,0.0,0,0.0,0.0,100.0,0.0,0,0.0,0.0,100.0,0.0,0,0.0,0.0,100.0,0.0,0,0.0,0.0,100.0,0.0,0,0.0,0.0,100.0,0.0,0
2026-06-23 14:53:27,353.47,0.0,0.0,100.0,0.0,0,0.0,0.0,100.0,0.0,0,0.0,0.0,100.0,0.0,0,0.0,0.0,100.0,0.0,0,0.0,0.0,100.0,0.0,0,0.0,0.0,100.0,0.0,0
2026-06-23 14:53:28,354.25,0.0,0.0,100.0,0.0,0,0.0,0.0,100.0,0.0,0,0.0,0.0,100.0,0.0,0,0.0,0.0,100.0,0.0,0,0.0,0.0,100.0,0.0,0,0.0,0.0,100.0,0.0,0
2026-06-23 14:53:29,354.98,0.0,0.0,100.0,0.0,0,0.0,0.0,100.0,0.0,0,0.0,0.0,100.0,0.0,0,0.0,0.0,100.0,0.0,0,0.0,0.0,100.0,0.0,0,0.0,0.0,100.0,0.0,0
2026-06-23 14:53:30,355.71,0.0,0.0,100.0,0.0,0,0.0,0.0,100.0,0.0,0,0.0,0.0,100.0,0.0,0,0.0,0.0,100.0,0.0,0,0.0,0.0,100.0,0.0,0,0.0,0.0,100.0,0.0,0
2026-06-23 14:53:30,356.46,0.0,0.0,100.0,0.0,0,0.0,0.0,100.0,0.0,0,0.0,0.0,100.0,0.0,0,0.0,0.0,100.0,0.0,0,0.0,0.0,100.0,0.0,0,0.0,0.0,100.0,0.0,0
2026-06-23 14:53:31,357.19,0.0,0.0,100.0,0.0,0,0.0,0.0,100.0,0.0,0,0.0,0.0,100.0,0.0,0,0.0,0.0,100.0,0.0,0,0.0,0.0,100.0,0.0,0,0.0,0.0,100.0,0.0,0
2026-06-23 14:53:32,357.96,0.0,0.0,100.0,0.0,0,0.0,0.0,100.0,0.0,0,0.0,0.0,100.0,0.0,0,0.0,0.0,100.0,0.0,0,0.0,0.0,100.0,0.0,0,0.0,0.0,100.0,0.0,0
2026-06-23 14:53:33,358.68,0.0,0.0,100.0,0.0,0,0.0,0.0,100.0,0.0,0,0.0,0.0,100.0,0.0,0,0.0,0.0,100.0,0.0,0,0.0,0.0,100.0,0.0,0,0.0,0.0,100.0,0.0,0
2026-06-23 14:53:33,359.41,0.0,0.0,100.0,0.0,0,0.0,0.0,100.0,0.0,0,0.0,0.0,100.0,0.0,0,0.0,0.0,100.0,0.0,0,0.0,0.0,100.0,0.0,0,0.0,0.0,100.0,0.0,0
2026-06-23 14:53:34,360.18,0.0,0.0,100.0,0.0,0,0.0,0.0,100.0,0.0,0,0.0,0.0,100.0,0.0,0,0.0,0.0,100.0,0.0,0,0.0,0.0,100.0,0.0,0,0.0,0.0,100.0,0.0,0
2026-06-23 14:53:35,360.9,0.0,0.0,100.0,0.0,0,0.0,0.0,100.0,0.0,0,0.0,0.0,100.0,0.0,0,0.0,0.0,100.0,0.0,0,0.0,0.0,100.0,0.0,0,0.0,0.0,100.0,0.0,0
2026-06-23 14:53:36,361.68,0.0,0.0,100.0,0.0,0,0.0,0.0,100.0,0.0,0,0.0,0.0,100.0,0.0,0,0.0,0.0,100.0,0.0,0,0.0,0.0,100.0,0.0,0,0.0,0.0,100.0,0.0,0
2026-06-23 14:53:36,362.41,0.0,0.0,100.0,0.0,0,0.0,0.0,100.0,0.0,0,0.0,0.0,100.0,0.0,0,0.0,0.0,100.0,0.0,0,0.0,0.0,100.0,0.0,0,0.0,0.0,100.0,0.0,0
2026-06-23 14:53:37,363.14,0.0,0.0,100.0,0.0,0,0.0,0.0,100.0,0.0,0,0.0,0.0,100.0,0.0,0,0.0,0.0,100.0,0.0,0,0.0,0.0,100.0,0.0,0,0.0,0.0,100.0,0.0,0
2026-06-23 14:53:38,363.94,0.0,0.0,100.0,0.0,0,0.0,0.0,100.0,0.0,0,0.0,0.0,100.0,0.0,0,0.0,0.0,100.0,0.0,0,0.0,0.0,100.0,0.0,0,0.0,0.0,100.0,0.0,0
2026-06-23 14:53:39,364.67,0.0,0.0,100.0,0.0,0,0.0,0.0,100.0,0.0,0,0.0,0.0,100.0,0.0,0,0.0,0.0,100.0,0.0,0,0.0,0.0,100.0,0.0,0,0.0,0.0,100.0,0.0,0
2026-06-23 14:53:39,365.42,0.0,0.0,100.0,0.0,0,0.0,0.0,100.0,0.0,0,0.0,0.0,100.0,0.0,0,0.0,0.0,100.0,0.0,0,0.0,0.0,100.0,0.0,0,0.0,0.0,100.0,0.0,0
2026-06-23 14:53:40,366.18,0.0,0.0,100.0,0.0,0,0.0,0.0,100.0,0.0,0,0.0,0.0,100.0,0.0,0,0.0,0.0,100.0,0.0,0,0.0,0.0,100.0,0.0,0,0.0,0.0,100.0,0.0,0
2026-06-23 14:53:41,366.91,0.0,0.0,100.0,0.0,0,0.0,0.0,100.0,0.0,0,0.0,0.0,100.0,0.0,0,0.0,0.0,100.0,0.0,0,0.0,0.0,100.0,0.0,0,0.0,0.0,100.0,0.0,0
2026-06-23 14:53:42,367.65,0.0,0.0,100.0,0.0,0,0.0,0.0,100.0,0.0,0,0.0,0.0,100.0,0.0,0,0.0,0.0,100.0,0.0,0,0.0,0.0,100.0,0.0,0,0.0,0.0,100.0,0.0,0
2026-06-23 14:53:42,368.38,0.0,0.0,100.0,0.0,0,0.0,0.0,100.0,0.0,0,0.0,0.0,100.0,0.0,0,0.0,0.0,100.0,0.0,0,0.0,0.0,100.0,0.0,0,0.0,0.0,100.0,0.0,0
2026-06-23 14:53:43,369.11,0.0,0.0,100.0,0.0,0,0.0,0.0,100.0,0.0,0,0.0,0.0,100.0,0.0,0,0.0,0.0,100.0,0.0,0,0.0,0.0,100.0,0.0,0,0.0,0.0,100.0,0.0,0
2026-06-23 14:53:44,369.84,0.0,0.0,100.0,0.0,0,0.0,0.0,100.0,0.0,0,0.0,0.0,100.0,0.0,0,0.0,0.0,100.0,0.0,0,0.0,0.0,100.0,0.0,0,0.0,0.0,100.0,0.0,0
2026-06-23 14:53:44,370.58,0.0,0.0,100.0,0.0,0,0.0,0.0,100.0,0.0,0,0.0,0.0,100.0,0.0,0,0.0,0.0,100.0,0.0,0,0.0,0.0,100.0,0.0,0,0.0,0.0,100.0,0.0,0
2026-06-23 14:53:45,371.33,0.0,0.0,100.0,0.0,0,0.0,0.0,100.0,0.0,0,0.0,0.0,100.0,0.0,0,0.0,0.0,100.0,0.0,0,0.0,0.0,100.0,0.0,0,0.0,0.0,100.0,0.0,0
2026-06-23 14:53:46,372.08,0.0,0.0,100.0,0.0,0,0.0,0.0,100.0,0.0,0,0.0,0.0,100.0,0.0,0,0.0,0.0,100.0,0.0,0,0.0,0.0,100.0,0.0,0,0.0,0.0,100.0,0.0,0
2026-06-23 14:53:47,372.83,0.0,0.0,100.0,0.0,0,0.0,0.0,100.0,0.0,0,0.0,0.0,100.0,0.0,0,0.0,0.0,100.0,0.0,0,0.0,0.0,100.0,0.0,0,0.0,0.0,100.0,0.0,0
2026-06-23 14:53:48,373.6,0.0,0.0,100.0,0.0,0,0.0,0.0,100.0,0.0,0,0.0,0.0,100.0,0.0,0,0.0,0.0,100.0,0.0,0,0.0,0.0,100.0,0.0,0,0.0,0.0,100.0,0.0,0
2026-06-23 14:53:48,374.37,0.0,0.0,100.0,0.0,0,0.0,0.0,100.0,0.0,0,0.0,0.0,100.0,0.0,0,0.0,0.0,100.0,0.0,0,0.0,0.0,100.0,0.0,0,0.0,0.0,100.0,0.0,0
2026-06-23 14:53:49,375.12,0.0,0.0,100.0,0.0,0,0.0,0.0,100.0,0.0,0,0.0,0.0,100.0,0.0,0,0.0,0.0,100.0,0.0,0,0.0,0.0,100.0,0.0,0,0.0,0.0,100.0,0.0,0
2026-06-23 14:53:50,375.84,0.0,0.0,100.0,0.0,0,0.0,0.0,100.0,0.0,0,0.0,0.0,100.0,0.0,0,0.0,0.0,100.0,0.0,0,0.0,0.0,100.0,0.0,0,0.0,0.0,100.0,0.0,0
2026-06-23 14:53:51,376.59,0.0,0.0,100.0,0.0,0,0.0,0.0,100.0,0.0,0,0.0,0.0,100.0,0.0,0,0.0,0.0,100.0,0.0,0,0.0,0.0,100.0,0.0,0,0.0,0.0,100.0,0.0,0
2026-06-23 14:53:51,377.33,0.0,0.0,100.0,0.0,0,0.0,0.0,100.0,0.0,0,0.0,0.0,100.0,0.0,0,0.0,0.0,100.0,0.0,0,0.0,0.0,100.0,0.0,0,0.0,0.0,100.0,0.0,0
2026-06-23 14:53:52,378.06,0.0,0.0,100.0,0.0,0,0.0,0.0,100.0,0.0,0,0.0,0.0,100.0,0.0,0,0.0,0.0,100.0,0.0,0,0.0,0.0,100.0,0.0,0,0.0,0.0,100.0,0.0,0
2026-06-23 14:53:53,378.8,0.0,0.0,100.0,0.0,0,0.0,0.0,100.0,0.0,0,0.0,0.0,100.0,0.0,0,0.0,0.0,100.0,0.0,0,0.0,0.0,100.0,0.0,0,0.0,0.0,100.0,0.0,0
2026-06-23 14:53:53,379.55,0.0,0.0,100.0,0.0,0,0.0,0.0,100.0,0.0,0,0.0,0.0,100.0,0.0,0,0.0,0.0,100.0,0.0,0,0.0,0.0,100.0,0.0,0,0.0,0.0,100.0,0.0,0
2026-06-23 14:53:54,380.28,0.0,0.0,100.0,0.0,0,0.0,0.0,100.0,0.0,0,0.0,0.0,100.0,0.0,0,0.0,0.0,100.0,0.0,0,0.0,0.0,100.0,0.0,0,0.0,0.0,100.0,0.0,0
2026-06-23 14:53:55,381.01,0.0,0.0,100.0,0.0,0,0.0,0.0,100.0,0.0,0,0.0,0.0,100.0,0.0,0,0.0,0.0,100.0,0.0,0,0.0,0.0,100.0,0.0,0,0.0,0.0,100.0,0.0,0
2026-06-23 14:53:56,381.81,0.0,0.0,100.0,0.0,0,0.0,0.0,100.0,0.0,0,0.0,0.0,100.0,0.0,0,0.0,0.0,100.0,0.0,0,0.0,0.0,100.0,0.0,0,0.0,0.0,100.0,0.0,0
2026-06-23 14:53:56,382.56,0.0,0.0,100.0,0.0,0,0.0,0.0,100.0,0.0,0,0.0,0.0,100.0,0.0,0,0.0,0.0,100.0,0.0,0,0.0,0.0,100.0,0.0,0,0.0,0.0,100.0,0.0,0
2026-06-23 14:53:57,383.3,0.0,0.0,100.0,0.0,0,0.0,0.0,100.0,0.0,0,0.0,0.0,100.0,0.0,0,0.0,0.0,100.0,0.0,0,0.0,0.0,100.0,0.0,0,0.0,0.0,100.0,0.0,0
2026-06-23 14:53:58,384.05,0.0,0.0,100.0,0.0,0,0.0,0.0,100.0,0.0,0,0.0,0.0,100.0,0.0,0,0.0,0.0,100.0,0.0,0,0.0,0.0,100.0,0.0,0,0.0,0.0,100.0,0.0,0
2026-06-23 14:53:59,384.79,0.0,0.0,100.0,0.0,0,0.0,0.0,100.0,0.0,0,0.0,0.0,100.0,0.0,0,0.0,0.0,100.0,0.0,0,0.0,0.0,100.0,0.0,0,0.0,0.0,100.0,0.0,0
2026-06-23 14:53:59,385.53,0.0,0.0,100.0,0.0,0,0.0,0.0,100.0,0.0,0,0.0,0.0,100.0,0.0,0,0.0,0.0,100.0,0.0,0,0.0,0.0,100.0,0.0,0,0.0,0.0,100.0,0.0,0
2026-06-23 14:54:00,386.31,0.0,0.0,100.0,0.0,0,0.0,0.0,100.0,0.0,0,0.0,0.0,100.0,0.0,0,0.0,0.0,100.0,0.0,0,0.0,0.0,100.0,0.0,0,0.0,0.0,100.0,0.0,0
2026-06-23 14:54:01,387.05,0.0,0.0,100.0,0.0,0,0.0,0.0,100.0,0.0,0,0.0,0.0,100.0,0.0,0,0.0,0.0,100.0,0.0,0,0.0,0.0,100.0,0.0,0,0.0,0.0,100.0,0.0,0
2026-06-23 14:54:02,387.78,0.0,0.0,100.0,0.0,0,0.0,0.0,100.0,0.0,0,0.0,0.0,100.0,0.0,0,0.0,0.0,100.0,0.0,0,0.0,0.0,100.0,0.0,0,0.0,0.0,100.0,0.0,0
2026-06-23 14:54:02,388.54,0.0,0.0,100.0,0.0,0,0.0,0.0,100.0,0.0,0,0.0,0.0,100.0,0.0,0,0.0,0.0,100.0,0.0,0,0.0,0.0,100.0,0.0,0,0.0,0.0,100.0,0.0,0
2026-06-23 14:54:03,389.31,0.0,0.0,100.0,0.0,0,0.0,0.0,100.0,0.0,0,0.0,0.0,100.0,0.0,0,0.0,0.0,100.0,0.0,0,0.0,0.0,100.0,0.0,0,0.0,0.0,100.0,0.0,0
2026-06-23 14:54:04,390.07,0.0,0.0,100.0,0.0,0,0.0,0.0,100.0,0.0,0,0.0,0.0,100.0,0.0,0,0.0,0.0,100.0,0.0,0,0.0,0.0,100.0,0.0,0,0.0,0.0,100.0,0.0,0
2026-06-23 14:54:05,390.83,0.0,0.0,100.0,0.0,0,0.0,0.0,100.0,0.0,0,0.0,0.0,100.0,0.0,0,0.0,0.0,100.0,0.0,0,0.0,0.0,100.0,0.0,0,0.0,0.0,100.0,0.0,0
2026-06-23 14:54:06,391.59,0.0,0.0,100.0,0.0,0,0.0,0.0,100.0,0.0,0,0.0,0.0,100.0,0.0,0,0.0,0.0,100.0,0.0,0,0.0,0.0,100.0,0.0,0,0.0,0.0,100.0,0.0,0
2026-06-23 14:54:06,392.36,0.0,0.0,100.0,0.0,0,0.0,0.0,100.0,0.0,0,0.0,0.0,100.0,0.0,0,0.0,0.0,100.0,0.0,0,0.0,0.0,100.0,0.0,0,0.0,0.0,100.0,0.0,0
2026-06-23 14:54:07,393.09,0.0,0.0,100.0,0.0,0,0.0,0.0,100.0,0.0,0,0.0,0.0,100.0,0.0,0,0.0,0.0,100.0,0.0,0,0.0,0.0,100.0,0.0,0,0.0,0.0,100.0,0.0,0
2026-06-23 14:54:08,393.83,0.0,0.0,100.0,0.0,0,0.0,0.0,100.0,0.0,0,0.0,0.0,100.0,0.0,0,0.0,0.0,100.0,0.0,0,0.0,0.0,100.0,0.0,0,0.0,0.0,100.0,0.0,0
2026-06-23 14:54:09,394.59,0.0,0.0,100.0,0.0,0,0.0,0.0,100.0,0.0,0,0.0,0.0,100.0,0.0,0,0.0,0.0,100.0,0.0,0,0.0,0.0,100.0,0.0,0,0.0,0.0,100.0,0.0,0
2026-06-23 14:54:09,395.33,0.0,0.0,100.0,0.0,0,0.0,0.0,100.0,0.0,0,0.0,0.0,100.0,0.0,0,0.0,0.0,100.0,0.0,0,0.0,0.0,100.0,0.0,0,0.0,0.0,100.0,0.0,0
2026-06-23 14:54:10,396.1,0.0,0.0,100.0,0.0,0,0.0,0.0,100.0,0.0,0,0.0,0.0,100.0,0.0,0,0.0,0.0,100.0,0.0,0,0.0,0.0,100.0,0.0,0,0.0,0.0,100.0,0.0,0
2026-06-23 14:54:11,396.92,0.0,0.0,100.0,0.0,0,0.0,0.0,100.0,0.0,0,0.0,0.0,100.0,0.0,0,0.0,0.0,100.0,0.0,0,0.0,0.0,100.0,0.0,0,0.0,0.0,100.0,0.0,0
2026-06-23 14:54:12,397.67,0.0,0.0,100.0,0.0,0,0.0,0.0,100.0,0.0,0,0.0,0.0,100.0,0.0,0,0.0,0.0,100.0,0.0,0,0.0,0.0,100.0,0.0,0,0.0,0.0,100.0,0.0,0
2026-06-23 14:54:12,398.4,0.0,0.0,100.0,0.0,0,0.0,0.0,100.0,0.0,0,0.0,0.0,100.0,0.0,0,0.0,0.0,100.0,0.0,0,0.0,0.0,100.0,0.0,0,0.0,0.0,100.0,0.0,0
2026-06-23 14:54:13,399.15,0.0,0.0,100.0,0.0,0,0.0,0.0,100.0,0.0,0,0.0,0.0,100.0,0.0,0,0.0,0.0,100.0,0.0,0,0.0,0.0,100.0,0.0,0,0.0,0.0,100.0,0.0,0
2026-06-23 14:54:14,399.94,0.0,0.0,100.0,0.0,0,0.0,0.0,100.0,0.0,0,0.0,0.0,100.0,0.0,0,0.0,0.0,100.0,0.0,0,0.0,0.0,100.0,0.0,0,0.0,0.0,100.0,0.0,0
2026-06-23 14:54:15,400.67,0.0,0.0,100.0,0.0,0,0.0,0.0,100.0,0.0,0,0.0,0.0,100.0,0.0,0,0.0,0.0,100.0,0.0,0,0.0,0.0,100.0,0.0,0,0.0,0.0,100.0,0.0,0
2026-06-23 14:54:15,401.41,0.0,0.0,100.0,0.0,0,0.0,0.0,100.0,0.0,0,0.0,0.0,100.0,0.0,0,0.0,0.0,100.0,0.0,0,0.0,0.0,100.0,0.0,0,0.0,0.0,100.0,0.0,0
2026-06-23 14:54:16,402.13,0.0,0.0,100.0,0.0,0,0.0,0.0,100.0,0.0,0,0.0,0.0,100.0,0.0,0,0.0,0.0,100.0,0.0,0,0.0,0.0,100.0,0.0,0,0.0,0.0,100.0,0.0,0
2026-06-23 14:54:17,402.9,0.0,0.0,100.0,0.0,0,0.0,0.0,100.0,0.0,0,0.0,0.0,100.0,0.0,0,0.0,0.0,100.0,0.0,0,0.0,0.0,100.0,0.0,0,0.0,0.0,100.0,0.0,0
2026-06-23 14:54:18,403.65,0.0,0.0,100.0,0.0,0,0.0,0.0,100.0,0.0,0,0.0,0.0,100.0,0.0,0,0.0,0.0,100.0,0.0,0,0.0,0.0,100.0,0.0,0,0.0,0.0,100.0,0.0,0
2026-06-23 14:54:18,404.39,0.0,0.0,100.0,0.0,0,0.0,0.0,100.0,0.0,0,0.0,0.0,100.0,0.0,0,0.0,0.0,100.0,0.0,0,0.0,0.0,100.0,0.0,0,0.0,0.0,100.0,0.0,0
2026-06-23 14:54:19,405.14,0.0,0.0,100.0,0.0,0,0.0,0.0,100.0,0.0,0,0.0,0.0,100.0,0.0,0,0.0,0.0,100.0,0.0,0,0.0,0.0,100.0,0.0,0,0.0,0.0,100.0,0.0,0
2026-06-23 14:54:20,405.9,0.0,0.0,100.0,0.0,0,0.0,0.0,100.0,0.0,0,0.0,0.0,100.0,0.0,0,0.0,0.0,100.0,0.0,0,0.0,0.0,100.0,0.0,0,0.0,0.0,100.0,0.0,0
2026-06-23 14:54:21,406.63,0.0,0.0,100.0,0.0,0,0.0,0.0,100.0,0.0,0,0.0,0.0,100.0,0.0,0,0.0,0.0,100.0,0.0,0,0.0,0.0,100.0,0.0,0,0.0,0.0,100.0,0.0,0
2026-06-23 14:54:21,407.35,0.0,0.0,100.0,0.0,0,0.0,0.0,100.0,0.0,0,0.0,0.0,100.0,0.0,0,0.0,0.0,100.0,0.0,0,0.0,0.0,100.0,0.0,0,0.0,0.0,100.0,0.0,0
2026-06-23 14:54:22,408.1,0.0,0.0,100.0,0.0,0,0.0,0.0,100.0,0.0,0,0.0,0.0,100.0,0.0,0,0.0,0.0,100.0,0.0,0,0.0,0.0,100.0,0.0,0,0.0,0.0,100.0,0.0,0
2026-06-23 14:54:23,408.87,0.0,0.0,100.0,0.0,0,0.0,0.0,100.0,0.0,0,0.0,0.0,100.0,0.0,0,0.0,0.0,100.0,0.0,0,0.0,0.0,100.0,0.0,0,0.0,0.0,100.0,0.0,0
2026-06-23 14:54:24,409.61,0.0,0.0,100.0,0.0,0,0.0,0.0,100.0,0.0,0,0.0,0.0,100.0,0.0,0,0.0,0.0,100.0,0.0,0,0.0,0.0,100.0,0.0,0,0.0,0.0,100.0,0.0,0
2026-06-23 14:54:24,410.48,0.0,0.0,100.0,0.0,0,0.0,0.0,100.0,0.0,0,0.0,0.0,100.0,0.0,0,0.0,0.0,100.0,0.0,0,0.0,0.0,100.0,0.0,0,0.0,0.0,100.0,0.0,0
2026-06-23 14:54:25,411.25,0.0,0.0,100.0,0.0,0,0.0,0.0,100.0,0.0,0,0.0,0.0,100.0,0.0,0,0.0,0.0,100.0,0.0,0,0.0,0.0,100.0,0.0,0,0.0,0.0,100.0,0.0,0
2026-06-23 14:54:26,411.98,0.0,0.0,100.0,0.0,0,0.0,0.0,100.0,0.0,0,0.0,0.0,100.0,0.0,0,0.0,0.0,100.0,0.0,0,0.0,0.0,100.0,0.0,0,0.0,0.0,100.0,0.0,0
2026-06-23 14:54:27,412.74,0.0,0.0,100.0,0.0,0,0.0,0.0,100.0,0.0,0,0.0,0.0,100.0,0.0,0,0.0,0.0,100.0,0.0,0,0.0,0.0,100.0,0.0,0,0.0,0.0,100.0,0.0,0
2026-06-23 14:54:27,413.48,0.0,0.0,100.0,0.0,0,0.0,0.0,100.0,0.0,0,0.0,0.0,100.0,0.0,0,0.0,0.0,100.0,0.0,0,0.0,0.0,100.0,0.0,0,0.0,0.0,100.0,0.0,0
2026-06-23 14:54:28,414.21,0.0,0.0,100.0,0.0,0,0.0,0.0,100.0,0.0,0,0.0,0.0,100.0,0.0,0,0.0,0.0,100.0,0.0,0,0.0,0.0,100.0,0.0,0,0.0,0.0,100.0,0.0,0
2026-06-23 14:54:29,414.94,0.0,0.0,100.0,0.0,0,0.0,0.0,100.0,0.0,0,0.0,0.0,100.0,0.0,0,0.0,0.0,100.0,0.0,0,0.0,0.0,100.0,0.0,0,0.0,0.0,100.0,0.0,0
2026-06-23 14:54:30,415.7,0.0,0.0,100.0,0.0,0,0.0,0.0,100.0,0.0,0,0.0,0.0,100.0,0.0,0,0.0,0.0,100.0,0.0,0,0.0,0.0,100.0,0.0,0,0.0,0.0,100.0,0.0,0
2026-06-23 14:54:30,416.45,0.0,0.0,100.0,0.0,0,0.0,0.0,100.0,0.0,0,0.0,0.0,100.0,0.0,0,0.0,0.0,100.0,0.0,0,0.0,0.0,100.0,0.0,0,0.0,0.0,100.0,0.0,0
2026-06-23 14:54:31,417.2,0.0,0.0,100.0,0.0,0,0.0,0.0,100.0,0.0,0,0.0,0.0,100.0,0.0,0,0.0,0.0,100.0,0.0,0,0.0,0.0,100.0,0.0,0,0.0,0.0,100.0,0.0,0
2026-06-23 14:54:32,417.95,0.0,0.0,100.0,0.0,0,0.0,0.0,100.0,0.0,0,0.0,0.0,100.0,0.0,0,0.0,0.0,100.0,0.0,0,0.0,0.0,100.0,0.0,0,0.0,0.0,100.0,0.0,0
2026-06-23 14:54:33,418.71,0.0,0.0,100.0,0.0,0,0.0,0.0,100.0,0.0,0,0.0,0.0,100.0,0.0,0,0.0,0.0,100.0,0.0,0,0.0,0.0,100.0,0.0,0,0.0,0.0,100.0,0.0,0
2026-06-23 14:54:33,419.46,0.0,0.0,100.0,0.0,0,0.0,0.0,100.0,0.0,0,0.0,0.0,100.0,0.0,0,0.0,0.0,100.0,0.0,0,0.0,0.0,100.0,0.0,0,0.0,0.0,100.0,0.0,0
2026-06-23 14:54:34,420.2,0.0,0.0,100.0,0.0,0,0.0,0.0,100.0,0.0,0,0.0,0.0,100.0,0.0,0,0.0,0.0,100.0,0.0,0,0.0,0.0,100.0,0.0,0,0.0,0.0,100.0,0.0,0
2026-06-23 14:54:35,420.94,0.0,0.0,100.0,0.0,0,0.0,0.0,100.0,0.0,0,0.0,0.0,100.0,0.0,0,0.0,0.0,100.0,0.0,0,0.0,0.0,100.0,0.0,0,0.0,0.0,100.0,0.0,0
2026-06-23 14:54:36,421.7,0.0,0.0,100.0,0.0,0,0.0,0.0,100.0,0.0,0,0.0,0.0,100.0,0.0,0,0.0,0.0,100.0,0.0,0,0.0,0.0,100.0,0.0,0,0.0,0.0,100.0,0.0,0
2026-06-23 14:54:36,422.46,0.0,0.0,100.0,0.0,0,0.0,0.0,100.0,0.0,0,0.0,0.0,100.0,0.0,0,0.0,0.0,100.0,0.0,0,0.0,0.0,100.0,0.0,0,0.0,0.0,100.0,0.0,0
2026-06-23 14:54:37,423.19,0.0,0.0,100.0,0.0,0,0.0,0.0,100.0,0.0,0,0.0,0.0,100.0,0.0,0,0.0,0.0,100.0,0.0,0,0.0,0.0,100.0,0.0,0,0.0,0.0,100.0,0.0,0
2026-06-23 14:54:38,423.92,0.0,0.0,100.0,0.0,0,0.0,0.0,100.0,0.0,0,0.0,0.0,100.0,0.0,0,0.0,0.0,100.0,0.0,0,0.0,0.0,100.0,0.0,0,0.0,0.0,100.0,0.0,0
2026-06-23 14:54:39,424.66,0.0,0.0,100.0,0.0,0,0.0,0.0,100.0,0.0,0,0.0,0.0,100.0,0.0,0,0.0,0.0,100.0,0.0,0,0.0,0.0,100.0,0.0,0,0.0,0.0,100.0,0.0,0
2026-06-23 14:54:39,425.41,0.0,0.0,100.0,0.0,0,0.0,0.0,100.0,0.0,0,0.0,0.0,100.0,0.0,0,0.0,0.0,100.0,0.0,0,0.0,0.0,100.0,0.0,0,0.0,0.0,100.0,0.0,0
2026-06-23 14:54:40,426.14,0.0,0.0,100.0,0.0,0,0.0,0.0,100.0,0.0,0,0.0,0.0,100.0,0.0,0,0.0,0.0,100.0,0.0,0,0.0,0.0,100.0,0.0,0,0.0,0.0,100.0,0.0,0
2026-06-23 14:54:41,426.94,0.0,0.0,100.0,0.0,0,0.0,0.0,100.0,0.0,0,0.0,0.0,100.0,0.0,0,0.0,0.0,100.0,0.0,0,0.0,0.0,100.0,0.0,0,0.0,0.0,100.0,0.0,0
2026-06-23 14:54:42,427.72,0.0,0.0,100.0,0.0,0,0.0,0.0,100.0,0.0,0,0.0,0.0,100.0,0.0,0,0.0,0.0,100.0,0.0,0,0.0,0.0,100.0,0.0,0,0.0,0.0,100.0,0.0,0
2026-06-23 14:54:42,428.46,0.0,0.0,100.0,0.0,0,0.0,0.0,100.0,0.0,0,0.0,0.0,100.0,0.0,0,0.0,0.0,100.0,0.0,0,0.0,0.0,100.0,0.0,0,0.0,0.0,100.0,0.0,0
2026-06-23 14:54:43,429.2,0.0,0.0,100.0,0.0,0,0.0,0.0,100.0,0.0,0,0.0,0.0,100.0,0.0,0,0.0,0.0,100.0,0.0,0,0.0,0.0,100.0,0.0,0,0.0,0.0,100.0,0.0,0
2026-06-23 14:54:44,429.94,0.0,0.0,100.0,0.0,0,0.0,0.0,100.0,0.0,0,0.0,0.0,100.0,0.0,0,0.0,0.0,100.0,0.0,0,0.0,0.0,100.0,0.0,0,0.0,0.0,100.0,0.0,0
2026-06-23 14:54:45,430.69,0.0,0.0,100.0,0.0,0,0.0,0.0,100.0,0.0,0,0.0,0.0,100.0,0.0,0,0.0,0.0,100.0,0.0,0,0.0,0.0,100.0,0.0,0,0.0,0.0,100.0,0.0,0
2026-06-23 14:54:45,431.45,0.0,0.0,100.0,0.0,0,0.0,0.0,100.0,0.0,0,0.0,0.0,100.0,0.0,0,0.0,0.0,100.0,0.0,0,0.0,0.0,100.0,0.0,0,0.0,0.0,100.0,0.0,0
2026-06-23 14:54:46,432.26,0.0,0.0,100.0,0.0,0,0.0,0.0,100.0,0.0,0,0.0,0.0,100.0,0.0,0,0.0,0.0,100.0,0.0,0,0.0,0.0,100.0,0.0,0,0.0,0.0,100.0,0.0,0
2026-06-23 14:54:47,432.99,0.0,0.0,100.0,0.0,0,0.0,0.0,100.0,0.0,0,0.0,0.0,100.0,0.0,0,0.0,0.0,100.0,0.0,0,0.0,0.0,100.0,0.0,0,0.0,0.0,100.0,0.0,0
2026-06-23 14:54:48,433.74,0.0,0.0,100.0,0.0,0,0.0,0.0,100.0,0.0,0,0.0,0.0,100.0,0.0,0,0.0,0.0,100.0,0.0,0,0.0,0.0,100.0,0.0,0,0.0,0.0,100.0,0.0,0
2026-06-23 14:54:48,434.51,0.0,0.0,100.0,0.0,0,0.0,0.0,100.0,0.0,0,0.0,0.0,100.0,0.0,0,0.0,0.0,100.0,0.0,0,0.0,0.0,100.0,0.0,0,0.0,0.0,100.0,0.0,0
2026-06-23 14:54:49,435.28,0.0,0.0,100.0,0.0,0,0.0,0.0,100.0,0.0,0,0.0,0.0,100.0,0.0,0,0.0,0.0,100.0,0.0,0,0.0,0.0,100.0,0.0,0,0.0,0.0,100.0,0.0,0
2026-06-23 14:54:50,436.05,0.0,0.0,100.0,0.0,0,0.0,0.0,100.0,0.0,0,0.0,0.0,100.0,0.0,0,0.0,0.0,100.0,0.0,0,0.0,0.0,100.0,0.0,0,0.0,0.0,100.0,0.0,0
2026-06-23 14:54:51,436.84,0.0,0.0,100.0,0.0,0,0.0,0.0,100.0,0.0,0,0.0,0.0,100.0,0.0,0,0.0,0.0,100.0,0.0,0,0.0,0.0,100.0,0.0,0,0.0,0.0,100.0,0.0,0
2026-06-23 14:54:52,437.62,0.0,0.0,100.0,0.0,0,0.0,0.0,100.0,0.0,0,0.0,0.0,100.0,0.0,0,0.0,0.0,100.0,0.0,0,0.0,0.0,100.0,0.0,0,0.0,0.0,100.0,0.0,0
2026-06-23 14:54:52,438.46,0.0,0.0,100.0,0.0,0,0.0,0.0,100.0,0.0,0,0.0,0.0,100.0,0.0,0,0.0,0.0,100.0,0.0,0,0.0,0.0,100.0,0.0,0,0.0,0.0,100.0,0.0,0
2026-06-23 14:54:53,439.26,0.0,0.0,100.0,0.0,0,0.0,0.0,100.0,0.0,0,0.0,0.0,100.0,0.0,0,0.0,0.0,100.0,0.0,0,0.0,0.0,100.0,0.0,0,0.0,0.0,100.0,0.0,0
2026-06-23 14:54:54,440.06,0.0,0.0,100.0,0.0,0,0.0,0.0,100.0,0.0,0,0.0,0.0,100.0,0.0,0,0.0,0.0,100.0,0.0,0,0.0,0.0,100.0,0.0,0,0.0,0.0,100.0,0.0,0
2026-06-23 14:54:55,440.87,0.0,0.0,100.0,0.0,0,0.0,0.0,100.0,0.0,0,0.0,0.0,100.0,0.0,0,0.0,0.0,100.0,0.0,0,0.0,0.0,100.0,0.0,0,0.0,0.0,100.0,0.0,0
2026-06-23 14:54:56,441.63,0.0,0.0,100.0,0.0,0,0.0,0.0,100.0,0.0,0,0.0,0.0,100.0,0.0,0,0.0,0.0,100.0,0.0,0,0.0,0.0,100.0,0.0,0,0.0,0.0,100.0,0.0,0
2026-06-23 14:54:56,442.42,0.0,0.0,100.0,0.0,0,0.0,0.0,100.0,0.0,0,0.0,0.0,100.0,0.0,0,0.0,0.0,100.0,0.0,0,0.0,0.0,100.0,0.0,0,0.0,0.0,100.0,0.0,0
2026-06-23 14:54:57,443.18,0.0,0.0,100.0,0.0,0,0.0,0.0,100.0,0.0,0,0.0,0.0,100.0,0.0,0,0.0,0.0,100.0,0.0,0,0.0,0.0,100.0,0.0,0,0.0,0.0,100.0,0.0,0
2026-06-23 14:54:58,443.96,0.0,0.0,100.0,0.0,0,0.0,0.0,100.0,0.0,0,0.0,0.0,100.0,0.0,0,0.0,0.0,100.0,0.0,0,0.0,0.0,100.0,0.0,0,0.0,0.0,100.0,0.0,0
2026-06-23 14:54:59,444.72,0.0,0.0,100.0,0.0,0,0.0,0.0,100.0,0.0,0,0.0,0.0,100.0,0.0,0,0.0,0.0,100.0,0.0,0,0.0,0.0,100.0,0.0,0,0.0,0.0,100.0,0.0,0
2026-06-23 14:54:59,445.49,0.0,0.0,100.0,0.0,0,0.0,0.0,100.0,0.0,0,0.0,0.0,100.0,0.0,0,0.0,0.0,100.0,0.0,0,0.0,0.0,100.0,0.0,0,0.0,0.0,100.0,0.0,0
2026-06-23 14:55:00,446.33,0.0,0.0,100.0,0.0,0,0.0,0.0,100.0,0.0,0,0.0,0.0,100.0,0.0,0,0.0,0.0,100.0,0.0,0,0.0,0.0,100.0,0.0,0,0.0,0.0,100.0,0.0,0
2026-06-23 14:55:01,447.14,0.0,0.0,100.0,0.0,0,0.0,0.0,100.0,0.0,0,0.0,0.0,100.0,0.0,0,0.0,0.0,100.0,0.0,0,0.0,0.0,100.0,0.0,0,0.0,0.0,100.0,0.0,0
2026-06-23 14:55:02,447.91,0.0,0.0,100.0,0.0,0,0.0,0.0,100.0,0.0,0,0.0,0.0,100.0,0.0,0,0.0,0.0,100.0,0.0,0,0.0,0.0,100.0,0.0,0,0.0,0.0,100.0,0.0,0
2026-06-23 14:55:03,448.67,0.0,0.0,100.0,0.0,0,0.0,0.0,100.0,0.0,0,0.0,0.0,100.0,0.0,0,0.0,0.0,100.0,0.0,0,0.0,0.0,100.0,0.0,0,0.0,0.0,100.0,0.0,0
2026-06-23 14:55:03,449.41,0.0,0.0,100.0,0.0,0,0.0,0.0,100.0,0.0,0,0.0,0.0,100.0,0.0,0,0.0,0.0,100.0,0.0,0,0.0,0.0,100.0,0.0,0,0.0,0.0,100.0,0.0,0
2026-06-23 14:55:04,450.15,0.0,0.0,100.0,0.0,0,0.0,0.0,100.0,0.0,0,0.0,0.0,100.0,0.0,0,0.0,0.0,100.0,0.0,0,0.0,0.0,100.0,0.0,0,0.0,0.0,100.0,0.0,0
2026-06-23 14:55:05,450.91,0.0,0.0,100.0,0.0,0,0.0,0.0,100.0,0.0,0,0.0,0.0,100.0,0.0,0,0.0,0.0,100.0,0.0,0,0.0,0.0,100.0,0.0,0,0.0,0.0,100.0,0.0,0
2026-06-23 14:55:06,451.69,0.0,0.0,100.0,0.0,0,0.0,0.0,100.0,0.0,0,0.0,0.0,100.0,0.0,0,0.0,0.0,100.0,0.0,0,0.0,0.0,100.0,0.0,0,0.0,0.0,100.0,0.0,0
2026-06-23 14:55:06,452.46,0.0,0.0,100.0,0.0,0,0.0,0.0,100.0,0.0,0,0.0,0.0,100.0,0.0,0,0.0,0.0,100.0,0.0,0,0.0,0.0,100.0,0.0,0,0.0,0.0,100.0,0.0,0
2026-06-23 14:55:07,453.24,0.0,0.0,100.0,0.0,0,0.0,0.0,100.0,0.0,0,0.0,0.0,100.0,0.0,0,0.0,0.0,100.0,0.0,0,0.0,0.0,100.0,0.0,0,0.0,0.0,100.0,0.0,0
2026-06-23 14:55:08,454.03,0.0,0.0,100.0,0.0,0,0.0,0.0,100.0,0.0,0,0.0,0.0,100.0,0.0,0,0.0,0.0,100.0,0.0,0,0.0,0.0,100.0,0.0,0,0.0,0.0,100.0,0.0,0
2026-06-23 14:55:09,454.78,0.0,0.0,100.0,0.0,0,0.0,0.0,100.0,0.0,0,0.0,0.0,100.0,0.0,0,0.0,0.0,100.0,0.0,0,0.0,0.0,100.0,0.0,0,0.0,0.0,100.0,0.0,0
2026-06-23 14:55:10,455.59,0.0,0.0,100.0,0.0,0,0.0,0.0,100.0,0.0,0,0.0,0.0,100.0,0.0,0,0.0,0.0,100.0,0.0,0,0.0,0.0,100.0,0.0,0,0.0,0.0,100.0,0.0,0
2026-06-23 14:55:10,456.35,0.0,0.0,100.0,0.0,0,0.0,0.0,100.0,0.0,0,0.0,0.0,100.0,0.0,0,0.0,0.0,100.0,0.0,0,0.0,0.0,100.0,0.0,0,0.0,0.0,100.0,0.0,0
2026-06-23 14:55:11,457.1,0.0,0.0,100.0,0.0,0,0.0,0.0,100.0,0.0,0,0.0,0.0,100.0,0.0,0,0.0,0.0,100.0,0.0,0,0.0,0.0,100.0,0.0,0,0.0,0.0,100.0,0.0,0
2026-06-23 14:55:12,457.87,0.0,0.0,100.0,0.0,0,0.0,0.0,100.0,0.0,0,0.0,0.0,100.0,0.0,0,0.0,0.0,100.0,0.0,0,0.0,0.0,100.0,0.0,0,0.0,0.0,100.0,0.0,0
2026-06-23 14:55:13,458.63,0.0,0.0,100.0,0.0,0,0.0,0.0,100.0,0.0,0,0.0,0.0,100.0,0.0,0,0.0,0.0,100.0,0.0,0,0.0,0.0,100.0,0.0,0,0.0,0.0,100.0,0.0,0
2026-06-23 14:55:13,459.41,0.0,0.0,100.0,0.0,0,0.0,0.0,100.0,0.0,0,0.0,0.0,100.0,0.0,0,0.0,0.0,100.0,0.0,0,0.0,0.0,100.0,0.0,0,0.0,0.0,100.0,0.0,0
2026-06-23 14:55:14,460.17,0.0,0.0,100.0,0.0,0,0.0,0.0,100.0,0.0,0,0.0,0.0,100.0,0.0,0,0.0,0.0,100.0,0.0,0,0.0,0.0,100.0,0.0,0,0.0,0.0,100.0,0.0,0
2026-06-23 14:55:15,460.96,0.0,0.0,100.0,0.0,0,0.0,0.0,100.0,0.0,0,0.0,0.0,100.0,0.0,0,0.0,0.0,100.0,0.0,0,0.0,0.0,100.0,0.0,0,0.0,0.0,100.0,0.0,0
2026-06-23 14:55:16,461.71,0.0,0.0,100.0,0.0,0,0.0,0.0,100.0,0.0,0,0.0,0.0,100.0,0.0,0,0.0,0.0,100.0,0.0,0,0.0,0.0,100.0,0.0,0,0.0,0.0,100.0,0.0,0
2026-06-23 14:55:16,462.45,0.0,0.0,100.0,0.0,0,0.0,0.0,100.0,0.0,0,0.0,0.0,100.0,0.0,0,0.0,0.0,100.0,0.0,0,0.0,0.0,100.0,0.0,0,0.0,0.0,100.0,0.0,0
2026-06-23 14:55:17,463.19,0.0,0.0,100.0,0.0,0,0.0,0.0,100.0,0.0,0,0.0,0.0,100.0,0.0,0,0.0,0.0,100.0,0.0,0,0.0,0.0,100.0,0.0,0,0.0,0.0,100.0,0.0,0
2026-06-23 14:55:18,463.93,0.0,0.0,100.0,0.0,0,0.0,0.0,100.0,0.0,0,0.0,0.0,100.0,0.0,0,0.0,0.0,100.0,0.0,0,0.0,0.0,100.0,0.0,0,0.0,0.0,100.0,0.0,0
2026-06-23 14:55:19,464.68,0.0,0.0,100.0,0.0,0,0.0,0.0,100.0,0.0,0,0.0,0.0,100.0,0.0,0,0.0,0.0,100.0,0.0,0,0.0,0.0,100.0,0.0,0,0.0,0.0,100.0,0.0,0
2026-06-23 14:55:19,465.44,0.0,0.0,100.0,0.0,0,0.0,0.0,100.0,0.0,0,0.0,0.0,100.0,0.0,0,0.0,0.0,100.0,0.0,0,0.0,0.0,100.0,0.0,0,0.0,0.0,100.0,0.0,0
2026-06-23 14:55:20,466.18,0.0,0.0,100.0,0.0,0,0.0,0.0,100.0,0.0,0,0.0,0.0,100.0,0.0,0,0.0,0.0,100.0,0.0,0,0.0,0.0,100.0,0.0,0,0.0,0.0,100.0,0.0,0
2026-06-23 14:55:21,466.92,0.0,0.0,100.0,0.0,0,0.0,0.0,100.0,0.0,0,0.0,0.0,100.0,0.0,0,0.0,0.0,100.0,0.0,0,0.0,0.0,100.0,0.0,0,0.0,0.0,100.0,0.0,0
2026-06-23 14:55:22,467.67,0.0,0.0,100.0,0.0,0,0.0,0.0,100.0,0.0,0,0.0,0.0,100.0,0.0,0,0.0,0.0,100.0,0.0,0,0.0,0.0,100.0,0.0,0,0.0,0.0,100.0,0.0,0
2026-06-23 14:55:22,468.41,0.0,0.0,100.0,0.0,0,0.0,0.0,100.0,0.0,0,0.0,0.0,100.0,0.0,0,0.0,0.0,100.0,0.0,0,0.0,0.0,100.0,0.0,0,0.0,0.0,100.0,0.0,0
2026-06-23 14:55:23,469.16,0.0,0.0,100.0,0.0,0,0.0,0.0,100.0,0.0,0,0.0,0.0,100.0,0.0,0,0.0,0.0,100.0,0.0,0,0.0,0.0,100.0,0.0,0,0.0,0.0,100.0,0.0,0
2026-06-23 14:55:24,469.89,0.0,0.0,100.0,0.0,0,0.0,0.0,100.0,0.0,0,0.0,0.0,100.0,0.0,0,0.0,0.0,100.0,0.0,0,0.0,0.0,100.0,0.0,0,0.0,0.0,100.0,0.0,0
2026-06-23 14:55:25,470.72,0.0,0.0,100.0,0.0,0,0.0,0.0,100.0,0.0,0,0.0,0.0,100.0,0.0,0,0.0,0.0,100.0,0.0,0,0.0,0.0,100.0,0.0,0,0.0,0.0,100.0,0.0,0
2026-06-23 14:55:25,471.45,0.0,0.0,100.0,0.0,0,0.0,0.0,100.0,0.0,0,0.0,0.0,100.0,0.0,0,0.0,0.0,100.0,0.0,0,0.0,0.0,100.0,0.0,0,0.0,0.0,100.0,0.0,0
2026-06-23 14:55:26,472.2,0.0,0.0,100.0,0.0,0,0.0,0.0,100.0,0.0,0,0.0,0.0,100.0,0.0,0,0.0,0.0,100.0,0.0,0,0.0,0.0,100.0,0.0,0,0.0,0.0,100.0,0.0,0
2026-06-23 14:55:27,472.97,0.0,0.0,100.0,0.0,0,0.0,0.0,100.0,0.0,0,0.0,0.0,100.0,0.0,0,0.0,0.0,100.0,0.0,0,0.0,0.0,100.0,0.0,0,0.0,0.0,100.0,0.0,0
2026-06-23 14:55:28,473.73,0.0,0.0,100.0,0.0,0,0.0,0.0,100.0,0.0,0,0.0,0.0,100.0,0.0,0,0.0,0.0,100.0,0.0,0,0.0,0.0,100.0,0.0,0,0.0,0.0,100.0,0.0,0
2026-06-23 14:55:28,474.46,0.0,0.0,100.0,0.0,0,0.0,0.0,100.0,0.0,0,0.0,0.0,100.0,0.0,0,0.0,0.0,100.0,0.0,0,0.0,0.0,100.0,0.0,0,0.0,0.0,100.0,0.0,0
2026-06-23 14:55:29,475.21,0.0,0.0,100.0,0.0,0,0.0,0.0,100.0,0.0,0,0.0,0.0,100.0,0.0,0,0.0,0.0,100.0,0.0,0,0.0,0.0,100.0,0.0,0,0.0,0.0,100.0,0.0,0
2026-06-23 14:55:30,475.96,0.0,0.0,100.0,0.0,0,0.0,0.0,100.0,0.0,0,0.0,0.0,100.0,0.0,0,0.0,0.0,100.0,0.0,0,0.0,0.0,100.0,0.0,0,0.0,0.0,100.0,0.0,0
2026-06-23 14:55:31,476.73,0.0,0.0,100.0,0.0,0,0.0,0.0,100.0,0.0,0,0.0,0.0,100.0,0.0,0,0.0,0.0,100.0,0.0,0,0.0,0.0,100.0,0.0,0,0.0,0.0,100.0,0.0,0
2026-06-23 14:55:31,477.47,0.0,0.0,100.0,0.0,0,0.0,0.0,100.0,0.0,0,0.0,0.0,100.0,0.0,0,0.0,0.0,100.0,0.0,0,0.0,0.0,100.0,0.0,0,0.0,0.0,100.0,0.0,0
2026-06-23 14:55:32,478.23,0.0,0.0,100.0,0.0,0,0.0,0.0,100.0,0.0,0,0.0,0.0,100.0,0.0,0,0.0,0.0,100.0,0.0,0,0.0,0.0,100.0,0.0,0,0.0,0.0,100.0,0.0,0
2026-06-23 14:55:33,478.95,0.0,0.0,100.0,0.0,0,0.0,0.0,100.0,0.0,0,0.0,0.0,100.0,0.0,0,0.0,0.0,100.0,0.0,0,0.0,0.0,100.0,0.0,0,0.0,0.0,100.0,0.0,0
2026-06-23 14:55:34,479.69,0.0,0.0,100.0,0.0,0,0.0,0.0,100.0,0.0,0,0.0,0.0,100.0,0.0,0,0.0,0.0,100.0,0.0,0,0.0,0.0,100.0,0.0,0,0.0,0.0,100.0,0.0,0
2026-06-23 14:55:34,480.45,0.0,0.0,100.0,0.0,0,0.0,0.0,100.0,0.0,0,0.0,0.0,100.0,0.0,0,0.0,0.0,100.0,0.0,0,0.0,0.0,100.0,0.0,0,0.0,0.0,100.0,0.0,0
2026-06-23 14:55:35,481.18,0.0,0.0,100.0,0.0,0,0.0,0.0,100.0,0.0,0,0.0,0.0,100.0,0.0,0,0.0,0.0,100.0,0.0,0,0.0,0.0,100.0,0.0,0,0.0,0.0,100.0,0.0,0
2026-06-23 14:55:36,481.92,0.0,0.0,100.0,0.0,0,0.0,0.0,100.0,0.0,0,0.0,0.0,100.0,0.0,0,0.0,0.0,100.0,0.0,0,0.0,0.0,100.0,0.0,0,0.0,0.0,100.0,0.0,0
2026-06-23 14:55:37,482.69,0.0,0.0,100.0,0.0,0,0.0,0.0,100.0,0.0,0,0.0,0.0,100.0,0.0,0,0.0,0.0,100.0,0.0,0,0.0,0.0,100.0,0.0,0,0.0,0.0,100.0,0.0,0
2026-06-23 14:55:37,483.46,0.0,0.0,100.0,0.0,0,0.0,0.0,100.0,0.0,0,0.0,0.0,100.0,0.0,0,0.0,0.0,100.0,0.0,0,0.0,0.0,100.0,0.0,0,0.0,0.0,100.0,0.0,0
2026-06-23 14:55:38,484.23,0.0,0.0,100.0,0.0,0,0.0,0.0,100.0,0.0,0,0.0,0.0,100.0,0.0,0,0.0,0.0,100.0,0.0,0,0.0,0.0,100.0,0.0,0,0.0,0.0,100.0,0.0,0
2026-06-23 14:55:39,484.99,0.0,0.0,100.0,0.0,0,0.0,0.0,100.0,0.0,0,0.0,0.0,100.0,0.0,0,0.0,0.0,100.0,0.0,0,0.0,0.0,100.0,0.0,0,0.0,0.0,100.0,0.0,0
2026-06-23 14:55:40,485.75,0.0,0.0,100.0,0.0,0,0.0,0.0,100.0,0.0,0,0.0,0.0,100.0,0.0,0,0.0,0.0,100.0,0.0,0,0.0,0.0,100.0,0.0,0,0.0,0.0,100.0,0.0,0
2026-06-23 14:55:40,486.56,0.0,0.0,100.0,0.0,0,0.0,0.0,100.0,0.0,0,0.0,0.0,100.0,0.0,0,0.0,0.0,100.0,0.0,0,0.0,0.0,100.0,0.0,0,0.0,0.0,100.0,0.0,0
2026-06-23 14:55:41,487.32,0.0,0.0,100.0,0.0,0,0.0,0.0,100.0,0.0,0,0.0,0.0,100.0,0.0,0,0.0,0.0,100.0,0.0,0,0.0,0.0,100.0,0.0,0,0.0,0.0,100.0,0.0,0
2026-06-23 14:55:42,488.11,0.0,0.0,100.0,0.0,0,0.0,0.0,100.0,0.0,0,0.0,0.0,100.0,0.0,0,0.0,0.0,100.0,0.0,0,0.0,0.0,100.0,0.0,0,0.0,0.0,100.0,0.0,0
2026-06-23 14:55:43,488.88,0.0,0.0,100.0,0.0,0,0.0,0.0,100.0,0.0,0,0.0,0.0,100.0,0.0,0,0.0,0.0,100.0,0.0,0,0.0,0.0,100.0,0.0,0,0.0,0.0,100.0,0.0,0
2026-06-23 14:55:44,489.65,0.0,0.0,100.0,0.0,0,0.0,0.0,100.0,0.0,0,0.0,0.0,100.0,0.0,0,0.0,0.0,100.0,0.0,0,0.0,0.0,100.0,0.0,0,0.0,0.0,100.0,0.0,0
2026-06-23 14:55:44,490.41,0.0,0.0,100.0,0.0,0,0.0,0.0,100.0,0.0,0,0.0,0.0,100.0,0.0,0,0.0,0.0,100.0,0.0,0,0.0,0.0,100.0,0.0,0,0.0,0.0,100.0,0.0,0
2026-06-23 14:55:45,491.18,0.0,0.0,100.0,0.0,0,0.0,0.0,100.0,0.0,0,0.0,0.0,100.0,0.0,0,0.0,0.0,100.0,0.0,0,0.0,0.0,100.0,0.0,0,0.0,0.0,100.0,0.0,0
2026-06-23 14:55:46,491.94,0.0,0.0,100.0,0.0,0,0.0,0.0,100.0,0.0,0,0.0,0.0,100.0,0.0,0,0.0,0.0,100.0,0.0,0,0.0,0.0,100.0,0.0,0,0.0,0.0,100.0,0.0,0
2026-06-23 14:55:47,492.68,0.0,0.0,100.0,0.0,0,0.0,0.0,100.0,0.0,0,0.0,0.0,100.0,0.0,0,0.0,0.0,100.0,0.0,0,0.0,0.0,100.0,0.0,0,0.0,0.0,100.0,0.0,0
2026-06-23 14:55:47,493.44,0.0,0.0,100.0,0.0,0,0.0,0.0,100.0,0.0,0,0.0,0.0,100.0,0.0,0,0.0,0.0,100.0,0.0,0,0.0,0.0,100.0,0.0,0,0.0,0.0,100.0,0.0,0
2026-06-23 14:55:48,494.17,0.0,0.0,100.0,0.0,0,0.0,0.0,100.0,0.0,0,0.0,0.0,100.0,0.0,0,0.0,0.0,100.0,0.0,0,0.0,0.0,100.0,0.0,0,0.0,0.0,100.0,0.0,0
2026-06-23 14:55:49,494.9,0.0,0.0,100.0,0.0,0,0.0,0.0,100.0,0.0,0,0.0,0.0,100.0,0.0,0,0.0,0.0,100.0,0.0,0,0.0,0.0,100.0,0.0,0,0.0,0.0,100.0,0.0,0
2026-06-23 14:55:50,495.67,0.0,0.0,100.0,0.0,0,0.0,0.0,100.0,0.0,0,0.0,0.0,100.0,0.0,0,0.0,0.0,100.0,0.0,0,0.0,0.0,100.0,0.0,0,0.0,0.0,100.0,0.0,0
2026-06-23 14:55:50,496.44,0.0,0.0,100.0,0.0,0,0.0,0.0,100.0,0.0,0,0.0,0.0,100.0,0.0,0,0.0,0.0,100.0,0.0,0,0.0,0.0,100.0,0.0,0,0.0,0.0,100.0,0.0,0
2026-06-23 14:55:51,497.17,0.0,0.0,100.0,0.0,0,0.0,0.0,100.0,0.0,0,0.0,0.0,100.0,0.0,0,0.0,0.0,100.0,0.0,0,0.0,0.0,100.0,0.0,0,0.0,0.0,100.0,0.0,0
2026-06-23 14:55:52,497.9,0.0,0.0,100.0,0.0,0,0.0,0.0,100.0,0.0,0,0.0,0.0,100.0,0.0,0,0.0,0.0,100.0,0.0,0,0.0,0.0,100.0,0.0,0,0.0,0.0,100.0,0.0,0
2026-06-23 14:55:53,498.64,0.0,0.0,100.0,0.0,0,0.0,0.0,100.0,0.0,0,0.0,0.0,100.0,0.0,0,0.0,0.0,100.0,0.0,0,0.0,0.0,100.0,0.0,0,0.0,0.0,100.0,0.0,0
2026-06-23 14:55:53,499.39,0.0,0.0,100.0,0.0,0,0.0,0.0,100.0,0.0,0,0.0,0.0,100.0,0.0,0,0.0,0.0,100.0,0.0,0,0.0,0.0,100.0,0.0,0,0.0,0.0,100.0,0.0,0
2026-06-23 14:55:54,500.12,0.0,0.0,100.0,0.0,0,0.0,0.0,100.0,0.0,0,0.0,0.0,100.0,0.0,0,0.0,0.0,100.0,0.0,0,0.0,0.0,100.0,0.0,0,0.0,0.0,100.0,0.0,0
2026-06-23 14:55:55,500.87,0.0,0.0,100.0,0.0,0,0.0,0.0,100.0,0.0,0,0.0,0.0,100.0,0.0,0,0.0,0.0,100.0,0.0,0,0.0,0.0,100.0,0.0,0,0.0,0.0,100.0,0.0,0
2026-06-23 14:55:56,501.61,0.0,0.0,100.0,0.0,0,0.0,0.0,100.0,0.0,0,0.0,0.0,100.0,0.0,0,0.0,0.0,100.0,0.0,0,0.0,0.0,100.0,0.0,0,0.0,0.0,100.0,0.0,0
2026-06-23 14:55:56,502.37,0.0,0.0,100.0,0.0,0,0.0,0.0,100.0,0.0,0,0.0,0.0,100.0,0.0,0,0.0,0.0,100.0,0.0,0,0.0,0.0,100.0,0.0,0,0.0,0.0,100.0,0.0,0
2026-06-23 14:55:57,503.1,0.0,0.0,100.0,0.0,0,0.0,0.0,100.0,0.0,0,0.0,0.0,100.0,0.0,0,0.0,0.0,100.0,0.0,0,0.0,0.0,100.0,0.0,0,0.0,0.0,100.0,0.0,0
2026-06-23 14:55:58,503.84,0.0,0.0,100.0,0.0,0,0.0,0.0,100.0,0.0,0,0.0,0.0,100.0,0.0,0,0.0,0.0,100.0,0.0,0,0.0,0.0,100.0,0.0,0,0.0,0.0,100.0,0.0,0
2026-06-23 14:55:59,504.59,0.0,0.0,100.0,0.0,0,0.0,0.0,100.0,0.0,0,0.0,0.0,100.0,0.0,0,0.0,0.0,100.0,0.0,0,0.0,0.0,100.0,0.0,0,0.0,0.0,100.0,0.0,0
2026-06-23 14:55:59,505.35,0.0,0.0,100.0,0.0,0,0.0,0.0,100.0,0.0,0,0.0,0.0,100.0,0.0,0,0.0,0.0,100.0,0.0,0,0.0,0.0,100.0,0.0,0,0.0,0.0,100.0,0.0,0
2026-06-23 14:56:00,506.08,0.0,0.0,100.0,0.0,0,0.0,0.0,100.0,0.0,0,0.0,0.0,100.0,0.0,0,0.0,0.0,100.0,0.0,0,0.0,0.0,100.0,0.0,0,0.0,0.0,100.0,0.0,0
2026-06-23 14:56:01,506.85,0.0,0.0,100.0,0.0,0,0.0,0.0,100.0,0.0,0,0.0,0.0,100.0,0.0,0,0.0,0.0,100.0,0.0,0,0.0,0.0,100.0,0.0,0,0.0,0.0,100.0,0.0,0
2026-06-23 14:56:02,507.61,0.0,0.0,100.0,0.0,0,0.0,0.0,100.0,0.0,0,0.0,0.0,100.0,0.0,0,0.0,0.0,100.0,0.0,0,0.0,0.0,100.0,0.0,0,0.0,0.0,100.0,0.0,0
2026-06-23 14:56:02,508.42,0.0,0.0,100.0,0.0,0,0.0,0.0,100.0,0.0,0,0.0,0.0,100.0,0.0,0,0.0,0.0,100.0,0.0,0,0.0,0.0,100.0,0.0,0,0.0,0.0,100.0,0.0,0
2026-06-23 14:56:03,509.19,0.0,0.0,100.0,0.0,0,0.0,0.0,100.0,0.0,0,0.0,0.0,100.0,0.0,0,0.0,0.0,100.0,0.0,0,0.0,0.0,100.0,0.0,0,0.0,0.0,100.0,0.0,0
2026-06-23 14:56:04,509.95,0.0,0.0,100.0,0.0,0,0.0,0.0,100.0,0.0,0,0.0,0.0,100.0,0.0,0,0.0,0.0,100.0,0.0,0,0.0,0.0,100.0,0.0,0,0.0,0.0,100.0,0.0,0
2026-06-23 14:56:05,510.69,0.0,0.0,100.0,0.0,0,0.0,0.0,100.0,0.0,0,0.0,0.0,100.0,0.0,0,0.0,0.0,100.0,0.0,0,0.0,0.0,100.0,0.0,0,0.0,0.0,100.0,0.0,0
2026-06-23 14:56:05,511.52,0.0,0.0,100.0,0.0,0,0.0,0.0,100.0,0.0,0,0.0,0.0,100.0,0.0,0,0.0,0.0,100.0,0.0,0,0.0,0.0,100.0,0.0,0,0.0,0.0,100.0,0.0,0
2026-06-23 14:56:06,512.3,0.0,0.0,100.0,0.0,0,0.0,0.0,100.0,0.0,0,0.0,0.0,100.0,0.0,0,0.0,0.0,100.0,0.0,0,0.0,0.0,100.0,0.0,0,0.0,0.0,100.0,0.0,0
2026-06-23 14:56:07,513.07,0.0,0.0,100.0,0.0,0,0.0,0.0,100.0,0.0,0,0.0,0.0,100.0,0.0,0,0.0,0.0,100.0,0.0,0,0.0,0.0,100.0,0.0,0,0.0,0.0,100.0,0.0,0
2026-06-23 14:56:08,513.82,0.0,0.0,100.0,0.0,0,0.0,0.0,100.0,0.0,0,0.0,0.0,100.0,0.0,0,0.0,0.0,100.0,0.0,0,0.0,0.0,100.0,0.0,0,0.0,0.0,100.0,0.0,0
2026-06-23 14:56:09,514.59,0.0,0.0,100.0,0.0,0,0.0,0.0,100.0,0.0,0,0.0,0.0,100.0,0.0,0,0.0,0.0,100.0,0.0,0,0.0,0.0,100.0,0.0,0,0.0,0.0,100.0,0.0,0
2026-06-23 14:56:09,515.34,0.0,0.0,100.0,0.0,0,0.0,0.0,100.0,0.0,0,0.0,0.0,100.0,0.0,0,0.0,0.0,100.0,0.0,0,0.0,0.0,100.0,0.0,0,0.0,0.0,100.0,0.0,0
2026-06-23 14:56:10,516.09,0.0,0.0,100.0,0.0,0,0.0,0.0,100.0,0.0,0,0.0,0.0,100.0,0.0,0,0.0,0.0,100.0,0.0,0,0.0,0.0,100.0,0.0,0,0.0,0.0,100.0,0.0,0
2026-06-23 14:56:11,516.88,0.0,0.0,100.0,0.0,0,0.0,0.0,100.0,0.0,0,0.0,0.0,100.0,0.0,0,0.0,0.0,100.0,0.0,0,0.0,0.0,100.0,0.0,0,0.0,0.0,100.0,0.0,0
2026-06-23 14:56:12,517.69,0.0,0.0,100.0,0.0,0,0.0,0.0,100.0,0.0,0,0.0,0.0,100.0,0.0,0,0.0,0.0,100.0,0.0,0,0.0,0.0,100.0,0.0,0,0.0,0.0,100.0,0.0,0
2026-06-23 14:56:12,518.46,0.0,0.0,100.0,0.0,0,0.0,0.0,100.0,0.0,0,0.0,0.0,100.0,0.0,0,0.0,0.0,100.0,0.0,0,0.0,0.0,100.0,0.0,0,0.0,0.0,100.0,0.0,0
2026-06-23 14:56:13,519.3,0.0,0.0,100.0,0.0,0,0.0,0.0,100.0,0.0,0,0.0,0.0,100.0,0.0,0,0.0,0.0,100.0,0.0,0,0.0,0.0,100.0,0.0,0,0.0,0.0,100.0,0.0,0
2026-06-23 14:56:14,520.05,0.0,0.0,100.0,0.0,0,0.0,0.0,100.0,0.0,0,0.0,0.0,100.0,0.0,0,0.0,0.0,100.0,0.0,0,0.0,0.0,100.0,0.0,0,0.0,0.0,100.0,0.0,0
2026-06-23 14:56:15,520.79,0.0,0.0,100.0,0.0,0,0.0,0.0,100.0,0.0,0,0.0,0.0,100.0,0.0,0,0.0,0.0,100.0,0.0,0,0.0,0.0,100.0,0.0,0,0.0,0.0,100.0,0.0,0
2026-06-23 14:56:15,521.56,0.0,0.0,100.0,0.0,0,0.0,0.0,100.0,0.0,0,0.0,0.0,100.0,0.0,0,0.0,0.0,100.0,0.0,0,0.0,0.0,100.0,0.0,0,0.0,0.0,100.0,0.0,0
2026-06-23 14:56:16,522.3,0.0,0.0,100.0,0.0,0,0.0,0.0,100.0,0.0,0,0.0,0.0,100.0,0.0,0,0.0,0.0,100.0,0.0,0,0.0,0.0,100.0,0.0,0,0.0,0.0,100.0,0.0,0
2026-06-23 14:56:17,523.04,0.0,0.0,100.0,0.0,0,0.0,0.0,100.0,0.0,0,0.0,0.0,100.0,0.0,0,0.0,0.0,100.0,0.0,0,0.0,0.0,100.0,0.0,0,0.0,0.0,100.0,0.0,0
2026-06-23 14:56:18,523.78,0.0,0.0,100.0,0.0,0,0.0,0.0,100.0,0.0,0,0.0,0.0,100.0,0.0,0,0.0,0.0,100.0,0.0,0,0.0,0.0,100.0,0.0,0,0.0,0.0,100.0,0.0,0
2026-06-23 14:56:18,524.52,0.0,0.0,100.0,0.0,0,0.0,0.0,100.0,0.0,0,0.0,0.0,100.0,0.0,0,0.0,0.0,100.0,0.0,0,0.0,0.0,100.0,0.0,0,0.0,0.0,100.0,0.0,0
