Timestamp,Elapsed,ch0_setV,ch0_monV,ch0_setI,ch0_monI,ch0_status,ch1_setV,ch1_monV,ch1_setI,ch1_monI,ch1_status,ch2_setV,ch2_monV,ch2_setI,ch2_monI,ch2_status,ch3_setV,ch3_monV,ch3_setI,ch3_monI,ch3_status,ch4_setV,ch4_monV,ch4_setI,ch4_monI,ch4_status,ch5_setV,ch5_monV,ch5_setI,ch5_monI,ch5_status
2026-09-21 13:57:28,0.0,0.0,0.0,100.0,0.0,0,0.0,0.0,100.0,0.0,0,0.0,0.0,100.0,0.0,0,0.0,0.0,100.0,0.0,0,0.0,0.0,100.0,0.0,0,0.0,0.0,100.0,0.0,0
2026-09-21 13:57:39,10.39,0.0,0.0,100.0,0.0,1,50.0,0.0,100.0,0.0,1,50.0,0.0,100.0,0.0,1,0.0,0.0,100.0,0.0,0,0.0,0.0,100.0,0.0,0,0.0,0.0,100.0,0.0,0
2026-09-21 13:57:40,11.4,0.0,0.0,100.0,0.0,1,50.0,0.0,100.0,0.0,1,50.0,0.0,100.0,0.0,1,0.0,0.0,100.0,0.0,0,0.0,0.0,100.0,0.0,0,0.0,0.0,100.0,0.0,0
2026-09-21 13:57:41,12.4,0.0,0.0,100.0,0.0,1,50.0,0.0,100.0,0.0,1,50.0,0.0,100.0,0.0,1,0.0,0.0,100.0,0.0,0,0.0,0.0,100.0,0.0,0,0.0,0.0,100.0,0.0,0
2026-09-21 13:57:42,13.41,0.0,0.0,100.0,0.0,1,50.0,0.0,100.0,0.0,1,50.0,0.0,100.0,0.0,1,0.0,0.0,100.0,0.0,0,0.0,0.0,100.0,0.0,0,0.0,0.0,100.0,0.0,0
2026-09-21 13:57:43,14.42,0.0,0.0,100.0,0.0,1,50.0,0.0,100.0,0.0,1,50.0,0.0,100.0,0.0,1,0.0,0.0,100.0,0.0,0,0.0,0.0,100.0,0.0,0,0.0,0.0,100.0,0.0,0
2026-09-21 13:57:44,15.42,0.0,0.0,100.0,0.0,1,50.0,0.0,100.0,0.0,1,50.0,0.0,100.0,0.0,1,0.0,0.0,100.0,0.0,0,0.0,0.0,100.0,0.0,0,0.0,0.0,100.0,0.0,0
2026-09-21 13:57:45,16.43,0.0,0.0,100.0,0.0,1,50.0,20.0,100.0,0.0,1,50.0,32.0,100.0,0.0,1,0.0,0.0,100.0,0.0,0,0.0,0.0,100.0,0.0,0,0.0,0.0,100.0,0.0,0
2026-09-21 13:57:46,17.44,0.0,0.0,100.0,0.0,1,50.0,43.0,100.0,0.0,1,50.0,43.0,100.0,0.0,1,0.0,0.0,100.0,0.0,0,0.0,0.0,100.0,0.0,0,0.0,0.0,100.0,0.0,0
2026-09-21 13:57:47,18.44,0.0,0.0,100.0,0.0,1,50.0,43.0,100.0,0.0,1,50.0,44.0,100.0,0.0,1,0.0,0.0,100.0,0.0,0,0.0,0.0,100.0,0.0,0,0.0,0.0,100.0,0.0,0
2026-09-21 13:57:48,19.45,0.0,0.0,100.0,0.0,1,50.0,43.0,100.0,0.0,1,50.0,44.0,100.0,0.0,1,0.0,0.0,100.0,0.0,0,0.0,0.0,100.0,0.0,0,0.0,0.0,100.0,0.0,0
2026-09-21 13:57:49,20.45,0.0,0.0,100.0,0.0,1,50.0,43.0,100.0,0.0,1,50.0,44.0,100.0,0.0,1,0.0,0.0,100.0,0.0,0,0.0,0.0,100.0,0.0,0,0.0,0.0,100.0,0.0,0
2026-09-21 13:57:50,21.46,0.0,0.0,100.0,0.0,1,50.0,43.0,100.0,0.0,1,50.0,44.0,100.0,0.0,1,0.0,0.0,100.0,0.0,0,0.0,0.0,100.0,0.0,0,0.0,0.0,100.0,0.0,0
2026-09-21 13:57:51,22.47,0.0,0.0,100.0,0.0,1,50.0,43.0,100.0,0.0,1,50.0,44.0,100.0,0.0,1,0.0,0.0,100.0,0.0,0,0.0,0.0,100.0,0.0,0,0.0,0.0,100.0,0.0,0
2026-09-21 13:57:52,23.47,300.0,0.0,100.0,0.0,1,350.0,45.0,100.0,0.0,1,350.0,45.0,100.0,0.0,1,0.0,0.0,100.0,0.0,0,0.0,0.0,100.0,0.0,0,0.0,0.0,100.0,0.0,0
2026-09-21 13:57:53,24.48,300.0,0.0,100.0,0.0,1,350.0,50.0,100.0,0.0,1,350.0,50.0,100.0,0.0,1,0.0,0.0,100.0,0.0,0,0.0,0.0,100.0,0.0,0,0.0,0.0,100.0,0.0,0
2026-09-21 13:57:54,25.49,300.0,0.0,100.0,0.0,1,350.0,62.0,100.0,0.0,1,350.0,62.0,100.0,0.0,1,0.0,0.0,100.0,0.0,0,0.0,0.0,100.0,0.0,0,0.0,0.0,100.0,0.0,0
2026-09-21 13:57:55,26.49,300.0,0.0,100.0,0.0,1,350.0,68.0,100.0,0.0,1,350.0,68.0,100.0,0.0,1,0.0,0.0,100.0,0.0,0,0.0,0.0,100.0,0.0,0,0.0,0.0,100.0,0.0,0
2026-09-21 13:57:56,27.5,300.0,0.0,100.0,0.0,1,350.0,81.0,100.0,0.0,1,350.0,80.0,100.0,0.0,1,0.0,0.0,100.0,0.0,0,0.0,0.0,100.0,0.0,0,0.0,0.0,100.0,0.0,0
2026-09-21 13:57:57,28.51,300.0,12.0,100.0,0.0,1,350.0,93.0,100.0,0.0,1,350.0,93.0,100.0,0.0,1,0.0,0.0,100.0,0.0,0,0.0,0.0,100.0,0.0,0,0.0,0.0,100.0,0.0,0
2026-09-21 13:57:58,29.51,300.0,49.0,100.0,0.0,1,350.0,99.0,100.0,0.0,1,350.0,99.0,100.0,0.0,1,0.0,0.0,100.0,0.0,0,0.0,0.0,100.0,0.0,0,0.0,0.0,100.0,0.0,0
2026-09-21 13:57:59,30.52,300.0,61.0,100.0,0.0,1,350.0,98.0,100.0,0.0,1,350.0,101.0,100.0,0.0,1,0.0,0.0,100.0,0.0,0,0.0,0.0,100.0,0.0,0,0.0,0.0,100.0,0.0,0
2026-09-21 13:58:00,31.53,300.0,68.0,100.0,0.0,1,350.0,117.0,100.0,0.0,1,350.0,117.0,100.0,0.0,1,0.0,0.0,100.0,0.0,0,0.0,0.0,100.0,0.0,0,0.0,0.0,100.0,0.0,0
2026-09-21 13:58:01,32.53,300.0,80.0,100.0,0.0,1,350.0,129.0,100.0,0.0,1,350.0,130.0,100.0,0.0,1,0.0,0.0,100.0,0.0,0,0.0,0.0,100.0,0.0,0,0.0,0.0,100.0,0.0,0
2026-09-21 13:58:02,33.54,300.0,86.0,100.0,0.0,1,350.0,136.0,100.0,0.0,1,350.0,136.0,100.0,0.0,1,0.0,0.0,100.0,0.0,0,0.0,0.0,100.0,0.0,0,0.0,0.0,100.0,0.0,0
2026-09-21 13:58:03,34.55,300.0,99.0,100.0,0.0,1,350.0,149.0,100.0,0.0,1,350.0,148.0,100.0,0.0,1,0.0,0.0,100.0,0.0,0,0.0,0.0,100.0,0.0,0,0.0,0.0,100.0,0.0,0
2026-09-21 13:58:04,35.56,300.0,111.0,100.0,0.0,1,350.0,161.0,100.0,0.0,1,350.0,161.0,100.0,0.0,1,0.0,0.0,100.0,0.0,0,0.0,0.0,100.0,0.0,0,0.0,0.0,100.0,0.0,0
2026-09-21 13:58:05,36.56,300.0,118.0,100.0,0.0,1,350.0,174.0,100.0,0.0,1,350.0,173.0,100.0,0.0,1,0.0,0.0,100.0,0.0,0,0.0,0.0,100.0,0.0,0,0.0,0.0,100.0,0.0,0
2026-09-21 13:58:06,37.57,300.0,123.0,100.0,0.0,1,350.0,180.0,100.0,0.0,1,350.0,179.0,100.0,0.0,1,0.0,0.0,100.0,0.0,0,0.0,0.0,100.0,0.0,0,0.0,0.0,100.0,0.0,0
2026-09-21 13:58:07,38.57,300.0,140.0,100.0,0.0,1,350.0,192.0,100.0,0.0,1,350.0,192.0,100.0,0.0,1,0.0,0.0,100.0,0.0,0,0.0,0.0,100.0,0.0,0,0.0,0.0,100.0,0.0,0
2026-09-21 13:58:08,39.58,300.0,146.0,100.0,0.0,1,350.0,199.0,100.0,0.0,1,350.0,198.0,100.0,0.0,1,0.0,0.0,100.0,0.0,0,0.0,0.0,100.0,0.0,0,0.0,0.0,100.0,0.0,0
2026-09-21 13:58:09,40.59,300.0,159.0,100.0,0.0,1,350.0,211.0,100.0,0.0,1,350.0,211.0,100.0,0.0,1,0.0,0.0,100.0,0.0,0,0.0,0.0,100.0,0.0,0,0.0,0.0,100.0,0.0,0
2026-09-21 13:58:10,41.59,300.0,165.0,100.0,0.0,1,350.0,218.0,100.0,0.0,1,350.0,217.0,100.0,0.0,1,0.0,0.0,100.0,0.0,0,0.0,0.0,100.0,0.0,0,0.0,0.0,100.0,0.0,0
2026-09-21 13:58:11,42.6,300.0,171.0,100.0,0.0,1,350.0,224.0,100.0,0.0,1,350.0,223.0,100.0,0.0,1,0.0,0.0,100.0,0.0,0,0.0,0.0,100.0,0.0,0,0.0,0.0,100.0,0.0,0
2026-09-21 13:58:12,43.61,300.0,189.0,100.0,0.0,1,350.0,243.0,100.0,0.0,1,350.0,242.0,100.0,0.0,1,0.0,0.0,100.0,0.0,0,0.0,0.0,100.0,0.0,0,0.0,0.0,100.0,0.0,0
2026-09-21 13:58:13,44.61,300.0,196.0,100.0,0.0,1,350.0,249.0,100.0,0.0,1,350.0,248.0,100.0,0.0,1,0.0,0.0,100.0,0.0,0,0.0,0.0,100.0,0.0,0,0.0,0.0,100.0,0.0,0
2026-09-21 13:58:14,45.62,300.0,208.0,100.0,0.0,1,350.0,261.0,100.0,0.0,1,350.0,260.0,100.0,0.0,1,0.0,0.0,100.0,0.0,0,0.0,0.0,100.0,0.0,0,0.0,0.0,100.0,0.0,0
2026-09-21 13:58:15,46.62,300.0,214.0,100.0,0.0,1,350.0,268.0,100.0,0.0,1,350.0,266.0,100.0,0.0,1,0.0,0.0,100.0,0.0,0,0.0,0.0,100.0,0.0,0,0.0,0.0,100.0,0.0,0
2026-09-21 13:58:16,47.63,300.0,227.0,100.0,0.0,1,350.0,280.0,100.0,0.0,1,350.0,279.0,100.0,0.0,1,0.0,0.0,100.0,0.0,0,0.0,0.0,100.0,0.0,0,0.0,0.0,100.0,0.0,0
2026-09-21 13:58:17,48.64,300.0,233.0,100.0,0.0,1,350.0,286.0,100.0,0.0,1,350.0,285.0,100.0,0.0,1,0.0,0.0,100.0,0.0,0,0.0,0.0,100.0,0.0,0,0.0,0.0,100.0,0.0,0
2026-09-21 13:58:18,49.64,300.0,246.0,100.0,0.0,1,350.0,299.0,100.0,0.0,1,350.0,297.0,100.0,0.0,1,0.0,0.0,100.0,0.0,0,0.0,0.0,100.0,0.0,0,0.0,0.0,100.0,0.0,0
2026-09-21 13:58:19,50.65,300.0,258.0,100.0,0.0,1,350.0,311.0,100.0,0.0,1,350.0,310.0,100.0,0.0,1,0.0,0.0,100.0,0.0,0,0.0,0.0,100.0,0.0,0,0.0,0.0,100.0,0.0,0
2026-09-21 13:58:20,51.66,300.0,270.0,100.0,0.0,1,350.0,324.0,100.0,0.0,1,350.0,322.0,100.0,0.0,1,0.0,0.0,100.0,0.0,0,0.0,0.0,100.0,0.0,0,0.0,0.0,100.0,0.0,0
2026-09-21 13:58:21,52.66,300.0,277.0,100.0,0.0,1,350.0,330.0,100.0,0.0,1,350.0,329.0,100.0,0.0,1,0.0,0.0,100.0,0.0,0,0.0,0.0,100.0,0.0,0,0.0,0.0,100.0,0.0,0
2026-09-21 13:58:22,53.67,300.0,289.0,100.0,0.0,1,350.0,342.0,100.0,0.0,1,350.0,340.0,100.0,0.0,1,0.0,0.0,100.0,0.0,0,0.0,0.0,100.0,0.0,0,0.0,0.0,100.0,0.0,0
2026-09-21 13:58:23,54.67,300.0,294.0,100.0,0.0,1,350.0,344.0,100.0,0.0,1,350.0,345.0,100.0,0.0,1,0.0,0.0,100.0,0.0,0,0.0,0.0,100.0,0.0,0,0.0,0.0,100.0,0.0,0
2026-09-21 13:58:24,55.68,300.0,295.0,100.0,0.0,1,350.0,345.0,100.0,0.0,1,350.0,346.0,100.0,0.0,1,0.0,0.0,100.0,0.0,0,0.0,0.0,100.0,0.0,0,0.0,0.0,100.0,0.0,0
2026-09-21 13:58:25,56.68,300.0,295.0,100.0,0.0,1,350.0,345.0,100.0,0.0,1,350.0,346.0,100.0,0.0,1,0.0,0.0,100.0,0.0,0,0.0,0.0,100.0,0.0,0,0.0,0.0,100.0,0.0,0
2026-09-21 13:58:26,57.69,300.0,295.0,100.0,0.0,1,350.0,345.0,100.0,0.0,1,350.0,346.0,100.0,0.0,1,0.0,0.0,100.0,0.0,0,0.0,0.0,100.0,0.0,0,0.0,0.0,100.0,0.0,0
2026-09-21 13:58:27,58.7,300.0,295.0,100.0,0.0,1,350.0,345.0,100.0,0.0,1,350.0,346.0,100.0,0.0,1,0.0,0.0,100.0,0.0,0,0.0,0.0,100.0,0.0,0,0.0,0.0,100.0,0.0,0
2026-09-21 13:58:28,59.7,300.0,295.0,100.0,0.0,1,350.0,345.0,100.0,0.0,1,350.0,346.0,100.0,0.0,1,0.0,0.0,100.0,0.0,0,0.0,0.0,100.0,0.0,0,0.0,0.0,100.0,0.0,0
2026-09-21 13:58:29,60.71,300.0,295.0,100.0,0.0,1,350.0,345.0,100.0,0.0,1,500.0,346.0,100.0,0.0,1,0.0,0.0,100.0,0.0,0,0.0,0.0,100.0,0.0,0,0.0,0.0,100.0,0.0,0
2026-09-21 13:58:30,61.72,300.0,295.0,100.0,0.0,1,350.0,345.0,100.0,0.0,1,500.0,351.0,100.0,0.0,1,0.0,0.0,100.0,0.0,0,0.0,0.0,100.0,0.0,0,0.0,0.0,100.0,0.0,0
2026-09-21 13:58:31,62.73,300.0,295.0,100.0,0.0,1,350.0,345.0,100.0,0.0,1,500.0,363.0,100.0,0.0,1,0.0,0.0,100.0,0.0,0,0.0,0.0,100.0,0.0,0,0.0,0.0,100.0,0.0,0
2026-09-21 13:58:32,63.74,300.0,295.0,100.0,0.0,1,350.0,345.0,100.0,0.0,1,500.0,370.0,100.0,0.0,1,0.0,0.0,100.0,0.0,0,0.0,0.0,100.0,0.0,0,0.0,0.0,100.0,0.0,0
2026-09-21 13:58:33,64.74,300.0,295.0,100.0,0.0,1,350.0,345.0,100.0,0.0,1,500.0,388.0,100.0,0.0,1,0.0,0.0,100.0,0.0,0,0.0,0.0,100.0,0.0,0,0.0,0.0,100.0,0.0,0
2026-09-21 13:58:34,65.75,300.0,295.0,100.0,0.0,1,350.0,345.0,100.0,0.0,1,500.0,394.0,100.0,0.0,1,0.0,0.0,100.0,0.0,0,0.0,0.0,100.0,0.0,0,0.0,0.0,100.0,0.0,0
2026-09-21 13:58:35,66.75,300.0,295.0,100.0,0.0,1,350.0,345.0,100.0,0.0,1,500.0,407.0,100.0,0.0,1,0.0,0.0,100.0,0.0,0,0.0,0.0,100.0,0.0,0,0.0,0.0,100.0,0.0,0
2026-09-21 13:58:36,67.76,300.0,295.0,100.0,0.0,1,350.0,345.0,100.0,0.0,1,500.0,413.0,100.0,0.0,1,0.0,0.0,100.0,0.0,0,0.0,0.0,100.0,0.0,0,0.0,0.0,100.0,0.0,0
2026-09-21 13:58:37,68.77,300.0,295.0,100.0,0.0,1,350.0,345.0,100.0,0.0,1,500.0,425.0,100.0,0.0,1,0.0,0.0,100.0,0.0,0,0.0,0.0,100.0,0.0,0,0.0,0.0,100.0,0.0,0
2026-09-21 13:58:38,69.77,300.0,295.0,100.0,0.0,1,350.0,345.0,100.0,0.0,1,500.0,431.0,100.0,0.0,1,0.0,0.0,100.0,0.0,0,0.0,0.0,100.0,0.0,0,0.0,0.0,100.0,0.0,0
2026-09-21 13:58:39,70.78,300.0,295.0,100.0,0.0,1,350.0,345.0,100.0,0.0,1,500.0,438.0,100.0,0.0,1,0.0,0.0,100.0,0.0,0,0.0,0.0,100.0,0.0,0,0.0,0.0,100.0,0.0,0
2026-09-21 13:58:40,71.78,300.0,295.0,100.0,0.0,1,350.0,345.0,100.0,0.0,1,500.0,450.0,100.0,0.0,1,0.0,0.0,100.0,0.0,0,0.0,0.0,100.0,0.0,0,0.0,0.0,100.0,0.0,0
2026-09-21 13:58:41,72.79,300.0,295.0,100.0,0.0,1,350.0,345.0,100.0,0.0,1,500.0,463.0,100.0,0.0,1,0.0,0.0,100.0,0.0,0,0.0,0.0,100.0,0.0,0,0.0,0.0,100.0,0.0,0
2026-09-21 13:58:42,73.8,300.0,295.0,100.0,0.0,1,350.0,345.0,100.0,0.0,1,500.0,475.0,100.0,0.0,1,0.0,0.0,100.0,0.0,0,0.0,0.0,100.0,0.0,0,0.0,0.0,100.0,0.0,0
2026-09-21 13:58:43,74.8,300.0,295.0,100.0,0.0,1,350.0,345.0,100.0,0.0,1,500.0,481.0,100.0,0.0,1,0.0,0.0,100.0,0.0,0,0.0,0.0,100.0,0.0,0,0.0,0.0,100.0,0.0,0
2026-09-21 13:58:44,75.81,300.0,295.0,100.0,0.0,1,350.0,345.0,100.0,0.0,1,500.0,493.0,100.0,0.0,1,0.0,0.0,100.0,0.0,0,0.0,0.0,100.0,0.0,0,0.0,0.0,100.0,0.0,0
2026-09-21 13:58:45,76.82,300.0,295.0,100.0,0.0,1,350.0,345.0,100.0,0.0,1,500.0,497.0,100.0,0.0,1,0.0,0.0,100.0,0.0,0,0.0,0.0,100.0,0.0,0,0.0,0.0,100.0,0.0,0
2026-09-21 13:58:46,77.82,300.0,295.0,100.0,0.0,1,350.0,345.0,100.0,0.0,1,500.0,497.0,100.0,0.0,1,0.0,0.0,100.0,0.0,0,0.0,0.0,100.0,0.0,0,0.0,0.0,100.0,0.0,0
2026-09-21 13:58:47,78.83,300.0,295.0,100.0,0.0,1,350.0,345.0,100.0,0.0,1,500.0,497.0,100.0,0.0,1,0.0,0.0,100.0,0.0,0,0.0,0.0,100.0,0.0,0,0.0,0.0,100.0,0.0,0
2026-09-21 13:58:48,79.84,300.0,295.0,100.0,0.0,1,350.0,345.0,100.0,0.0,1,500.0,497.0,100.0,0.0,1,0.0,0.0,100.0,0.0,0,0.0,0.0,100.0,0.0,0,0.0,0.0,100.0,0.0,0
2026-09-21 13:58:49,80.85,300.0,295.0,100.0,0.0,1,350.0,345.0,100.0,0.0,1,500.0,497.0,100.0,0.0,1,0.0,0.0,100.0,0.0,0,0.0,0.0,100.0,0.0,0,0.0,0.0,100.0,0.0,0
2026-09-21 13:58:50,81.87,300.0,295.0,100.0,0.0,1,350.0,345.0,100.0,0.0,1,500.0,497.0,100.0,0.0,1,0.0,0.0,100.0,0.0,0,0.0,0.0,100.0,0.0,0,0.0,0.0,100.0,0.0,0
2026-09-21 13:58:51,82.87,300.0,295.0,100.0,0.0,1,350.0,345.0,100.0,0.0,1,500.0,497.0,100.0,0.0,1,0.0,0.0,100.0,0.0,0,0.0,0.0,100.0,0.0,0,0.0,0.0,100.0,0.0,0
2026-09-21 13:58:52,83.88,300.0,295.0,100.0,0.0,1,350.0,345.0,100.0,0.0,1,500.0,497.0,100.0,0.0,1,0.0,0.0,100.0,0.0,0,0.0,0.0,100.0,0.0,0,0.0,0.0,100.0,0.0,0
2026-09-21 13:58:53,84.89,300.0,295.0,100.0,0.0,1,350.0,345.0,100.0,0.0,1,500.0,497.0,100.0,0.0,1,0.0,0.0,100.0,0.0,0,0.0,0.0,100.0,0.0,0,0.0,0.0,100.0,0.0,0
2026-09-21 13:58:54,85.89,300.0,295.0,100.0,0.0,1,350.0,345.0,100.0,0.0,1,500.0,497.0,100.0,0.0,1,0.0,0.0,100.0,0.0,0,0.0,0.0,100.0,0.0,0,0.0,0.0,100.0,0.0,0
2026-09-21 13:58:55,86.9,300.0,295.0,100.0,0.0,1,350.0,345.0,100.0,0.0,1,500.0,497.0,100.0,0.0,1,0.0,0.0,100.0,0.0,0,0.0,0.0,100.0,0.0,0,0.0,0.0,100.0,0.0,0
2026-09-21 13:58:56,87.91,300.0,295.0,100.0,0.0,1,350.0,345.0,100.0,0.0,1,500.0,497.0,100.0,0.0,1,0.0,0.0,100.0,0.0,0,0.0,0.0,100.0,0.0,0,0.0,0.0,100.0,0.0,0
2026-09-21 13:58:57,88.91,300.0,295.0,100.0,0.0,1,350.0,345.0,100.0,0.0,1,500.0,497.0,100.0,0.0,1,0.0,0.0,100.0,0.0,0,0.0,0.0,100.0,0.0,0,0.0,0.0,100.0,0.0,0
2026-09-21 13:58:58,89.92,300.0,295.0,100.0,0.0,1,350.0,345.0,100.0,0.0,1,500.0,497.0,100.0,0.0,1,0.0,0.0,100.0,0.0,0,0.0,0.0,100.0,0.0,0,0.0,0.0,100.0,0.0,0
2026-09-21 13:58:59,90.92,300.0,295.0,100.0,0.0,1,350.0,345.0,100.0,0.0,1,500.0,497.0,100.0,0.0,1,0.0,0.0,100.0,0.0,0,0.0,0.0,100.0,0.0,0,0.0,0.0,100.0,0.0,0
2026-09-21 13:59:00,91.93,300.0,295.0,100.0,0.0,1,350.0,345.0,100.0,0.0,1,500.0,497.0,100.0,0.0,1,0.0,0.0,100.0,0.0,0,0.0,0.0,100.0,0.0,0,0.0,0.0,100.0,0.0,0
2026-09-21 13:59:01,92.94,300.0,295.0,100.0,0.0,1,350.0,345.0,100.0,0.0,1,500.0,497.0,100.0,0.0,1,0.0,0.0,100.0,0.0,0,0.0,0.0,100.0,0.0,0,0.0,0.0,100.0,0.0,0
2026-09-21 13:59:02,93.94,300.0,295.0,100.0,0.0,1,350.0,345.0,100.0,0.0,1,500.0,497.0,100.0,0.0,1,0.0,0.0,100.0,0.0,0,0.0,0.0,100.0,0.0,0,0.0,0.0,100.0,0.0,0
2026-09-21 13:59:03,94.95,300.0,295.0,100.0,0.0,1,350.0,345.0,100.0,0.0,1,500.0,497.0,100.0,0.0,1,0.0,0.0,100.0,0.0,0,0.0,0.0,100.0,0.0,0,0.0,0.0,100.0,0.0,0
2026-09-21 13:59:04,95.95,300.0,295.0,100.0,0.0,1,350.0,345.0,100.0,0.0,1,500.0,497.0,100.0,0.0,1,0.0,0.0,100.0,0.0,0,0.0,0.0,100.0,0.0,0,0.0,0.0,100.0,0.0,0
2026-09-21 13:59:05,96.96,300.0,295.0,100.0,0.0,1,350.0,345.0,100.0,0.0,1,500.0,497.0,100.0,0.0,1,0.0,0.0,100.0,0.0,0,0.0,0.0,100.0,0.0,0,0.0,0.0,100.0,0.0,0
2026-09-21 13:59:06,97.97,300.0,295.0,100.0,0.0,1,350.0,345.0,100.0,0.0,1,500.0,497.0,100.0,0.0,1,0.0,0.0,100.0,0.0,0,0.0,0.0,100.0,0.0,0,0.0,0.0,100.0,0.0,0
2026-09-21 13:59:07,98.97,300.0,295.0,100.0,0.0,1,350.0,345.0,100.0,0.0,1,500.0,497.0,100.0,0.0,1,0.0,0.0,100.0,0.0,0,0.0,0.0,100.0,0.0,0,0.0,0.0,100.0,0.0,0
2026-09-21 13:59:08,99.98,300.0,295.0,100.0,0.0,1,350.0,345.0,100.0,0.0,1,500.0,497.0,100.0,0.0,1,0.0,0.0,100.0,0.0,0,0.0,0.0,100.0,0.0,0,0.0,0.0,100.0,0.0,0
2026-09-21 13:59:09,100.99,300.0,295.0,100.0,0.0,1,350.0,345.0,100.0,0.0,1,500.0,497.0,100.0,0.0,1,0.0,0.0,100.0,0.0,0,0.0,0.0,100.0,0.0,0,0.0,0.0,100.0,0.0,0
2026-09-21 13:59:10,101.99,300.0,295.0,100.0,0.0,1,350.0,345.0,100.0,0.0,1,500.0,497.0,100.0,0.0,1,0.0,0.0,100.0,0.0,0,0.0,0.0,100.0,0.0,0,0.0,0.0,100.0,0.0,0
2026-09-21 13:59:11,103.0,300.0,295.0,100.0,0.0,1,350.0,345.0,100.0,0.0,1,500.0,497.0,100.0,0.0,1,0.0,0.0,100.0,0.0,0,0.0,0.0,100.0,0.0,0,0.0,0.0,100.0,0.0,0
2026-09-21 13:59:12,104.0,300.0,295.0,100.0,0.0,1,350.0,345.0,100.0,0.0,1,500.0,497.0,100.0,0.0,1,0.0,0.0,100.0,0.0,0,0.0,0.0,100.0,0.0,0,0.0,0.0,100.0,0.0,0
2026-09-21 13:59:13,105.01,300.0,295.0,100.0,0.0,1,350.0,345.0,100.0,0.0,1,500.0,497.0,100.0,0.0,1,0.0,0.0,100.0,0.0,0,0.0,0.0,100.0,0.0,0,0.0,0.0,100.0,0.0,0
2026-09-21 13:59:14,106.02,300.0,295.0,100.0,0.0,1,350.0,345.0,100.0,0.0,1,500.0,497.0,100.0,0.0,1,0.0,0.0,100.0,0.0,0,0.0,0.0,100.0,0.0,0,0.0,0.0,100.0,0.0,0
2026-09-21 13:59:15,107.02,300.0,295.0,100.0,0.0,1,350.0,345.0,100.0,0.0,1,500.0,497.0,100.0,0.0,1,0.0,0.0,100.0,0.0,0,0.0,0.0,100.0,0.0,0,0.0,0.0,100.0,0.0,0
2026-09-21 13:59:16,108.03,300.0,295.0,100.0,0.0,1,350.0,345.0,100.0,0.0,1,500.0,497.0,100.0,0.0,1,0.0,0.0,100.0,0.0,0,0.0,0.0,100.0,0.0,0,0.0,0.0,100.0,0.0,0
2026-09-21 13:59:17,109.04,300.0,295.0,100.0,0.0,1,350.0,345.0,100.0,0.0,1,500.0,497.0,100.0,0.0,1,0.0,0.0,100.0,0.0,0,0.0,0.0,100.0,0.0,0,0.0,0.0,100.0,0.0,0
2026-09-21 13:59:18,110.04,300.0,295.0,100.0,0.0,1,350.0,345.0,100.0,0.0,1,500.0,497.0,100.0,0.0,1,0.0,0.0,100.0,0.0,0,0.0,0.0,100.0,0.0,0,0.0,0.0,100.0,0.0,0
2026-09-21 13:59:19,111.05,300.0,295.0,100.0,0.0,1,350.0,345.0,100.0,0.0,1,500.0,497.0,100.0,0.0,1,0.0,0.0,100.0,0.0,0,0.0,0.0,100.0,0.0,0,0.0,0.0,100.0,0.0,0
2026-09-21 13:59:20,112.05,300.0,295.0,100.0,0.0,1,350.0,345.0,100.0,0.0,1,500.0,497.0,100.0,0.0,1,0.0,0.0,100.0,0.0,0,0.0,0.0,100.0,0.0,0,0.0,0.0,100.0,0.0,0
2026-09-21 13:59:21,113.06,300.0,295.0,100.0,0.0,1,350.0,345.0,100.0,0.0,1,500.0,497.0,100.0,0.0,1,0.0,0.0,100.0,0.0,0,0.0,0.0,100.0,0.0,0,0.0,0.0,100.0,0.0,0
2026-09-21 13:59:22,114.06,300.0,295.0,100.0,0.0,1,350.0,345.0,100.0,0.0,1,500.0,497.0,100.0,0.0,1,0.0,0.0,100.0,0.0,0,0.0,0.0,100.0,0.0,0,0.0,0.0,100.0,0.0,0
2026-09-21 13:59:23,115.07,300.0,295.0,100.0,0.0,1,350.0,345.0,100.0,0.0,1,500.0,497.0,100.0,0.0,1,0.0,0.0,100.0,0.0,0,0.0,0.0,100.0,0.0,0,0.0,0.0,100.0,0.0,0
2026-09-21 13:59:24,116.08,300.0,295.0,100.0,0.0,1,350.0,345.0,100.0,0.0,1,500.0,497.0,100.0,0.0,1,0.0,0.0,100.0,0.0,0,0.0,0.0,100.0,0.0,0,0.0,0.0,100.0,0.0,0
2026-09-21 13:59:25,117.08,300.0,295.0,100.0,0.0,1,350.0,345.0,100.0,0.0,1,500.0,497.0,100.0,0.0,1,0.0,0.0,100.0,0.0,0,0.0,0.0,100.0,0.0,0,0.0,0.0,100.0,0.0,0
2026-09-21 13:59:26,118.09,300.0,295.0,100.0,0.0,1,350.0,345.0,100.0,0.0,1,500.0,497.0,100.0,0.0,1,0.0,0.0,100.0,0.0,0,0.0,0.0,100.0,0.0,0,0.0,0.0,100.0,0.0,0
2026-09-21 13:59:27,119.1,300.0,295.0,100.0,0.0,1,350.0,345.0,100.0,0.0,1,500.0,497.0,100.0,0.0,1,0.0,0.0,100.0,0.0,0,0.0,0.0,100.0,0.0,0,0.0,0.0,100.0,0.0,0
2026-09-21 13:59:28,120.11,300.0,295.0,100.0,0.0,1,350.0,345.0,100.0,0.0,1,500.0,497.0,100.0,0.0,1,0.0,0.0,100.0,0.0,0,0.0,0.0,100.0,0.0,0,0.0,0.0,100.0,0.0,0
2026-09-21 13:59:29,121.11,300.0,295.0,100.0,0.0,1,350.0,345.0,100.0,0.0,1,500.0,497.0,100.0,0.0,1,0.0,0.0,100.0,0.0,0,0.0,0.0,100.0,0.0,0,0.0,0.0,100.0,0.0,0
2026-09-21 13:59:30,122.12,300.0,295.0,100.0,0.0,1,350.0,345.0,100.0,0.0,1,500.0,497.0,100.0,0.0,1,0.0,0.0,100.0,0.0,0,0.0,0.0,100.0,0.0,0,0.0,0.0,100.0,0.0,0
2026-09-21 13:59:31,123.12,300.0,295.0,100.0,0.0,1,350.0,345.0,100.0,0.0,1,500.0,497.0,100.0,0.0,1,0.0,0.0,100.0,0.0,0,0.0,0.0,100.0,0.0,0,0.0,0.0,100.0,0.0,0
2026-09-21 13:59:32,124.12,300.0,295.0,100.0,0.0,1,350.0,345.0,100.0,0.0,1,500.0,497.0,100.0,0.0,1,0.0,0.0,100.0,0.0,0,0.0,0.0,100.0,0.0,0,0.0,0.0,100.0,0.0,0
2026-09-21 13:59:33,125.13,300.0,295.0,100.0,0.0,1,350.0,345.0,100.0,0.0,1,500.0,497.0,100.0,0.0,1,0.0,0.0,100.0,0.0,0,0.0,0.0,100.0,0.0,0,0.0,0.0,100.0,0.0,0
2026-09-21 13:59:34,126.13,300.0,295.0,100.0,0.0,1,350.0,345.0,100.0,0.0,1,500.0,497.0,100.0,0.0,1,0.0,0.0,100.0,0.0,0,0.0,0.0,100.0,0.0,0,0.0,0.0,100.0,0.0,0
2026-09-21 13:59:35,127.14,300.0,295.0,100.0,0.0,1,350.0,345.0,100.0,0.0,1,500.0,497.0,100.0,0.0,1,0.0,0.0,100.0,0.0,0,0.0,0.0,100.0,0.0,0,0.0,0.0,100.0,0.0,0
2026-09-21 13:59:36,128.15,300.0,295.0,100.0,0.0,1,350.0,345.0,100.0,0.0,1,500.0,497.0,100.0,0.0,1,0.0,0.0,100.0,0.0,0,0.0,0.0,100.0,0.0,0,0.0,0.0,100.0,0.0,0
2026-09-21 13:59:37,129.15,300.0,295.0,100.0,0.0,1,350.0,345.0,100.0,0.0,1,500.0,497.0,100.0,0.0,1,0.0,0.0,100.0,0.0,0,0.0,0.0,100.0,0.0,0,0.0,0.0,100.0,0.0,0
2026-09-21 13:59:38,130.16,300.0,295.0,100.0,0.0,1,350.0,345.0,100.0,0.0,1,500.0,497.0,100.0,0.0,1,0.0,0.0,100.0,0.0,0,0.0,0.0,100.0,0.0,0,0.0,0.0,100.0,0.0,0
2026-09-21 13:59:39,131.16,300.0,295.0,100.0,0.0,1,350.0,345.0,100.0,0.0,1,500.0,497.0,100.0,0.0,1,0.0,0.0,100.0,0.0,0,0.0,0.0,100.0,0.0,0,0.0,0.0,100.0,0.0,0
2026-09-21 13:59:40,132.17,300.0,295.0,100.0,0.0,1,350.0,345.0,100.0,0.0,1,500.0,497.0,100.0,0.0,1,0.0,0.0,100.0,0.0,0,0.0,0.0,100.0,0.0,0,0.0,0.0,100.0,0.0,0
2026-09-21 13:59:41,133.17,300.0,295.0,100.0,0.0,1,350.0,345.0,100.0,0.0,1,500.0,497.0,100.0,0.0,1,0.0,0.0,100.0,0.0,0,0.0,0.0,100.0,0.0,0,0.0,0.0,100.0,0.0,0
2026-09-21 13:59:42,134.18,300.0,295.0,100.0,0.0,1,350.0,345.0,100.0,0.0,1,500.0,497.0,100.0,0.0,1,0.0,0.0,100.0,0.0,0,0.0,0.0,100.0,0.0,0,0.0,0.0,100.0,0.0,0
2026-09-21 13:59:43,135.19,300.0,295.0,100.0,0.0,1,350.0,345.0,100.0,0.0,1,500.0,497.0,100.0,0.0,1,0.0,0.0,100.0,0.0,0,0.0,0.0,100.0,0.0,0,0.0,0.0,100.0,0.0,0
2026-09-21 13:59:45,136.19,300.0,295.0,100.0,0.0,1,350.0,345.0,100.0,0.0,1,500.0,497.0,100.0,0.0,1,0.0,0.0,100.0,0.0,0,0.0,0.0,100.0,0.0,0,0.0,0.0,100.0,0.0,0
2026-09-21 13:59:46,137.2,300.0,295.0,100.0,0.0,1,350.0,345.0,100.0,0.0,1,500.0,497.0,100.0,0.0,1,0.0,0.0,100.0,0.0,0,0.0,0.0,100.0,0.0,0,0.0,0.0,100.0,0.0,0
2026-09-21 13:59:47,138.2,300.0,295.0,100.0,0.0,1,350.0,345.0,100.0,0.0,1,500.0,497.0,100.0,0.0,1,0.0,0.0,100.0,0.0,0,0.0,0.0,100.0,0.0,0,0.0,0.0,100.0,0.0,0
2026-09-21 13:59:48,139.21,300.0,295.0,100.0,0.0,1,350.0,345.0,100.0,0.0,1,500.0,497.0,100.0,0.0,1,0.0,0.0,100.0,0.0,0,0.0,0.0,100.0,0.0,0,0.0,0.0,100.0,0.0,0
2026-09-21 13:59:49,140.22,300.0,295.0,100.0,0.0,1,350.0,345.0,100.0,0.0,1,500.0,497.0,100.0,0.0,1,0.0,0.0,100.0,0.0,0,0.0,0.0,100.0,0.0,0,0.0,0.0,100.0,0.0,0
2026-09-21 13:59:50,141.22,300.0,295.0,100.0,0.0,1,350.0,345.0,100.0,0.0,1,500.0,497.0,100.0,0.0,1,0.0,0.0,100.0,0.0,0,0.0,0.0,100.0,0.0,0,0.0,0.0,100.0,0.0,0
2026-09-21 13:59:51,142.23,300.0,295.0,100.0,0.0,1,350.0,345.0,100.0,0.0,1,500.0,497.0,100.0,0.0,1,0.0,0.0,100.0,0.0,0,0.0,0.0,100.0,0.0,0,0.0,0.0,100.0,0.0,0
2026-09-21 13:59:52,143.24,300.0,295.0,100.0,0.0,1,350.0,345.0,100.0,0.0,1,500.0,497.0,100.0,0.0,1,0.0,0.0,100.0,0.0,0,0.0,0.0,100.0,0.0,0,0.0,0.0,100.0,0.0,0
2026-09-21 13:59:53,144.24,300.0,295.0,100.0,0.0,1,350.0,345.0,100.0,0.0,1,500.0,497.0,100.0,0.0,1,0.0,0.0,100.0,0.0,0,0.0,0.0,100.0,0.0,0,0.0,0.0,100.0,0.0,0
2026-09-21 13:59:54,145.25,300.0,295.0,100.0,0.0,1,350.0,345.0,100.0,0.0,1,500.0,497.0,100.0,0.0,1,0.0,0.0,100.0,0.0,0,0.0,0.0,100.0,0.0,0,0.0,0.0,100.0,0.0,0
2026-09-21 13:59:55,146.26,300.0,295.0,100.0,0.0,1,350.0,345.0,100.0,0.0,1,500.0,497.0,100.0,0.0,1,0.0,0.0,100.0,0.0,0,0.0,0.0,100.0,0.0,0,0.0,0.0,100.0,0.0,0
2026-09-21 13:59:56,147.26,300.0,295.0,100.0,0.0,1,350.0,345.0,100.0,0.0,1,500.0,497.0,100.0,0.0,1,0.0,0.0,100.0,0.0,0,0.0,0.0,100.0,0.0,0,0.0,0.0,100.0,0.0,0
2026-09-21 13:59:57,148.27,300.0,295.0,100.0,0.0,1,350.0,345.0,100.0,0.0,1,500.0,497.0,100.0,0.0,1,0.0,0.0,100.0,0.0,0,0.0,0.0,100.0,0.0,0,0.0,0.0,100.0,0.0,0
2026-09-21 13:59:58,149.27,300.0,295.0,100.0,0.0,1,350.0,345.0,100.0,0.0,1,500.0,497.0,100.0,0.0,1,0.0,0.0,100.0,0.0,0,0.0,0.0,100.0,0.0,0,0.0,0.0,100.0,0.0,0
2026-09-21 13:59:59,150.28,300.0,295.0,100.0,0.0,1,350.0,345.0,100.0,0.0,1,500.0,497.0,100.0,0.0,1,0.0,0.0,100.0,0.0,0,0.0,0.0,100.0,0.0,0,0.0,0.0,100.0,0.0,0
2026-09-21 14:00:00,151.29,300.0,295.0,100.0,0.0,1,350.0,345.0,100.0,0.0,1,500.0,497.0,100.0,0.0,1,0.0,0.0,100.0,0.0,0,0.0,0.0,100.0,0.0,0,0.0,0.0,100.0,0.0,0
2026-09-21 14:00:01,152.3,300.0,295.0,100.0,0.0,1,350.0,345.0,100.0,0.0,1,500.0,497.0,100.0,0.0,1,0.0,0.0,100.0,0.0,0,0.0,0.0,100.0,0.0,0,0.0,0.0,100.0,0.0,0
2026-09-21 14:00:02,153.31,300.0,295.0,100.0,0.0,1,350.0,345.0,100.0,0.0,1,500.0,497.0,100.0,0.0,1,0.0,0.0,100.0,0.0,0,0.0,0.0,100.0,0.0,0,0.0,0.0,100.0,0.0,0
2026-09-21 14:00:03,154.31,300.0,295.0,100.0,0.0,1,350.0,345.0,100.0,0.0,1,500.0,497.0,100.0,0.0,1,0.0,0.0,100.0,0.0,0,0.0,0.0,100.0,0.0,0,0.0,0.0,100.0,0.0,0
2026-09-21 14:00:04,155.32,300.0,295.0,100.0,0.0,1,350.0,345.0,100.0,0.0,1,500.0,497.0,100.0,0.0,1,0.0,0.0,100.0,0.0,0,0.0,0.0,100.0,0.0,0,0.0,0.0,100.0,0.0,0
2026-09-21 14:00:05,156.32,300.0,295.0,100.0,0.0,1,350.0,345.0,100.0,0.0,1,500.0,497.0,100.0,0.0,1,0.0,0.0,100.0,0.0,0,0.0,0.0,100.0,0.0,0,0.0,0.0,100.0,0.0,0
2026-09-21 14:00:06,157.33,300.0,295.0,100.0,0.0,1,350.0,345.0,100.0,0.0,1,500.0,497.0,100.0,0.0,1,0.0,0.0,100.0,0.0,0,0.0,0.0,100.0,0.0,0,0.0,0.0,100.0,0.0,0
2026-09-21 14:00:07,158.33,300.0,295.0,100.0,0.0,1,350.0,345.0,100.0,0.0,1,500.0,497.0,100.0,0.0,1,0.0,0.0,100.0,0.0,0,0.0,0.0,100.0,0.0,0,0.0,0.0,100.0,0.0,0
2026-09-21 14:00:08,159.34,300.0,295.0,100.0,0.0,1,350.0,345.0,100.0,0.0,1,500.0,497.0,100.0,0.0,1,0.0,0.0,100.0,0.0,0,0.0,0.0,100.0,0.0,0,0.0,0.0,100.0,0.0,0
2026-09-21 14:00:09,160.35,300.0,295.0,100.0,0.0,1,350.0,345.0,100.0,0.0,1,500.0,497.0,100.0,0.0,1,0.0,0.0,100.0,0.0,0,0.0,0.0,100.0,0.0,0,0.0,0.0,100.0,0.0,0
2026-09-21 14:00:10,161.35,300.0,295.0,100.0,0.0,1,350.0,345.0,100.0,0.0,1,500.0,497.0,100.0,0.0,1,0.0,0.0,100.0,0.0,0,0.0,0.0,100.0,0.0,0,0.0,0.0,100.0,0.0,0
2026-09-21 14:00:11,162.36,300.0,295.0,100.0,0.0,1,350.0,345.0,100.0,0.0,1,500.0,497.0,100.0,0.0,1,0.0,0.0,100.0,0.0,0,0.0,0.0,100.0,0.0,0,0.0,0.0,100.0,0.0,0
2026-09-21 14:00:12,163.37,300.0,295.0,100.0,0.0,1,350.0,345.0,100.0,0.0,1,500.0,497.0,100.0,0.0,1,0.0,0.0,100.0,0.0,0,0.0,0.0,100.0,0.0,0,0.0,0.0,100.0,0.0,0
2026-09-21 14:00:13,164.37,300.0,295.0,100.0,0.0,1,350.0,345.0,100.0,0.0,1,500.0,497.0,100.0,0.0,1,0.0,0.0,100.0,0.0,0,0.0,0.0,100.0,0.0,0,0.0,0.0,100.0,0.0,0
2026-09-21 14:00:14,165.38,300.0,295.0,100.0,0.0,1,350.0,345.0,100.0,0.0,1,500.0,497.0,100.0,0.0,1,0.0,0.0,100.0,0.0,0,0.0,0.0,100.0,0.0,0,0.0,0.0,100.0,0.0,0
2026-09-21 14:00:15,166.39,300.0,295.0,100.0,0.0,1,350.0,345.0,100.0,0.0,1,500.0,497.0,100.0,0.0,1,0.0,0.0,100.0,0.0,0,0.0,0.0,100.0,0.0,0,0.0,0.0,100.0,0.0,0
2026-09-21 14:00:16,167.39,300.0,295.0,100.0,0.0,1,350.0,345.0,100.0,0.0,1,500.0,497.0,100.0,0.0,1,0.0,0.0,100.0,0.0,0,0.0,0.0,100.0,0.0,0,0.0,0.0,100.0,0.0,0
2026-09-21 14:00:17,168.4,300.0,295.0,100.0,0.0,1,350.0,345.0,100.0,0.0,1,500.0,497.0,100.0,0.0,1,0.0,0.0,100.0,0.0,0,0.0,0.0,100.0,0.0,0,0.0,0.0,100.0,0.0,0
2026-09-21 14:00:18,169.4,300.0,295.0,100.0,0.0,1,350.0,345.0,100.0,0.0,1,500.0,497.0,100.0,0.0,1,0.0,0.0,100.0,0.0,0,0.0,0.0,100.0,0.0,0,0.0,0.0,100.0,0.0,0
2026-09-21 14:00:19,170.41,300.0,295.0,100.0,0.0,1,350.0,345.0,100.0,0.0,1,500.0,497.0,100.0,0.0,1,0.0,0.0,100.0,0.0,0,0.0,0.0,100.0,0.0,0,0.0,0.0,100.0,0.0,0
2026-09-21 14:00:20,171.42,300.0,295.0,100.0,0.0,1,350.0,345.0,100.0,0.0,1,500.0,497.0,100.0,0.0,1,0.0,0.0,100.0,0.0,0,0.0,0.0,100.0,0.0,0,0.0,0.0,100.0,0.0,0
2026-09-21 14:00:21,172.42,300.0,295.0,100.0,0.0,1,350.0,345.0,100.0,0.0,1,500.0,497.0,100.0,0.0,1,0.0,0.0,100.0,0.0,0,0.0,0.0,100.0,0.0,0,0.0,0.0,100.0,0.0,0
2026-09-21 14:00:22,173.43,300.0,295.0,100.0,0.0,1,350.0,345.0,100.0,0.0,1,500.0,497.0,100.0,0.0,1,0.0,0.0,100.0,0.0,0,0.0,0.0,100.0,0.0,0,0.0,0.0,100.0,0.0,0
2026-09-21 14:00:23,174.43,300.0,295.0,100.0,0.0,1,350.0,345.0,100.0,0.0,1,500.0,497.0,100.0,0.0,1,0.0,0.0,100.0,0.0,0,0.0,0.0,100.0,0.0,0,0.0,0.0,100.0,0.0,0
2026-09-21 14:00:24,175.44,300.0,295.0,100.0,0.0,1,350.0,345.0,100.0,0.0,1,500.0,497.0,100.0,0.0,1,0.0,0.0,100.0,0.0,0,0.0,0.0,100.0,0.0,0,0.0,0.0,100.0,0.0,0
2026-09-21 14:00:25,176.44,300.0,295.0,100.0,0.0,1,350.0,345.0,100.0,0.0,1,500.0,497.0,100.0,0.0,1,0.0,0.0,100.0,0.0,0,0.0,0.0,100.0,0.0,0,0.0,0.0,100.0,0.0,0
2026-09-21 14:00:26,177.45,300.0,295.0,100.0,0.0,1,350.0,345.0,100.0,0.0,1,500.0,497.0,100.0,0.0,1,0.0,0.0,100.0,0.0,0,0.0,0.0,100.0,0.0,0,0.0,0.0,100.0,0.0,0
2026-09-21 14:00:27,178.46,300.0,295.0,100.0,0.0,1,350.0,345.0,100.0,0.0,1,500.0,497.0,100.0,0.0,1,0.0,0.0,100.0,0.0,0,0.0,0.0,100.0,0.0,0,0.0,0.0,100.0,0.0,0
2026-09-21 14:00:28,179.46,300.0,295.0,100.0,0.0,1,350.0,345.0,100.0,0.0,1,500.0,497.0,100.0,0.0,1,0.0,0.0,100.0,0.0,0,0.0,0.0,100.0,0.0,0,0.0,0.0,100.0,0.0,0
2026-09-21 14:00:29,180.47,300.0,295.0,100.0,0.0,1,350.0,345.0,100.0,0.0,1,500.0,497.0,100.0,0.0,1,0.0,0.0,100.0,0.0,0,0.0,0.0,100.0,0.0,0,0.0,0.0,100.0,0.0,0
2026-09-21 14:00:30,181.47,300.0,295.0,100.0,0.0,1,350.0,345.0,100.0,0.0,1,500.0,497.0,100.0,0.0,1,0.0,0.0,100.0,0.0,0,0.0,0.0,100.0,0.0,0,0.0,0.0,100.0,0.0,0
2026-09-21 14:00:31,182.48,300.0,295.0,100.0,0.0,1,350.0,345.0,100.0,0.0,1,500.0,497.0,100.0,0.0,1,0.0,0.0,100.0,0.0,0,0.0,0.0,100.0,0.0,0,0.0,0.0,100.0,0.0,0
2026-09-21 14:00:32,183.49,300.0,295.0,100.0,0.0,1,350.0,345.0,100.0,0.0,1,500.0,497.0,100.0,0.0,1,0.0,0.0,100.0,0.0,0,0.0,0.0,100.0,0.0,0,0.0,0.0,100.0,0.0,0
2026-09-21 14:00:33,184.49,300.0,295.0,100.0,0.0,1,350.0,345.0,100.0,0.0,1,500.0,497.0,100.0,0.0,1,0.0,0.0,100.0,0.0,0,0.0,0.0,100.0,0.0,0,0.0,0.0,100.0,0.0,0
2026-09-21 14:00:34,185.5,300.0,295.0,100.0,0.0,1,350.0,345.0,100.0,0.0,1,500.0,497.0,100.0,0.0,1,0.0,0.0,100.0,0.0,0,0.0,0.0,100.0,0.0,0,0.0,0.0,100.0,0.0,0
2026-09-21 14:00:35,186.5,300.0,295.0,100.0,0.0,1,350.0,345.0,100.0,0.0,1,500.0,497.0,100.0,0.0,1,0.0,0.0,100.0,0.0,0,0.0,0.0,100.0,0.0,0,0.0,0.0,100.0,0.0,0
2026-09-21 14:00:36,187.51,300.0,295.0,100.0,0.0,1,350.0,345.0,100.0,0.0,1,500.0,497.0,100.0,0.0,1,0.0,0.0,100.0,0.0,0,0.0,0.0,100.0,0.0,0,0.0,0.0,100.0,0.0,0
2026-09-21 14:00:37,188.52,300.0,295.0,100.0,0.0,1,350.0,345.0,100.0,0.0,1,500.0,497.0,100.0,0.0,1,0.0,0.0,100.0,0.0,0,0.0,0.0,100.0,0.0,0,0.0,0.0,100.0,0.0,0
2026-09-21 14:00:38,189.52,300.0,295.0,100.0,0.0,1,350.0,345.0,100.0,0.0,1,500.0,497.0,100.0,0.0,1,0.0,0.0,100.0,0.0,0,0.0,0.0,100.0,0.0,0,0.0,0.0,100.0,0.0,0
2026-09-21 14:00:39,190.53,300.0,295.0,100.0,0.0,1,350.0,345.0,100.0,0.0,1,500.0,497.0,100.0,0.0,1,0.0,0.0,100.0,0.0,0,0.0,0.0,100.0,0.0,0,0.0,0.0,100.0,0.0,0
2026-09-21 14:00:40,191.53,300.0,295.0,100.0,0.0,1,350.0,345.0,100.0,0.0,1,500.0,497.0,100.0,0.0,1,0.0,0.0,100.0,0.0,0,0.0,0.0,100.0,0.0,0,0.0,0.0,100.0,0.0,0
2026-09-21 14:00:41,192.54,300.0,295.0,100.0,0.0,1,350.0,345.0,100.0,0.0,1,500.0,497.0,100.0,0.0,1,0.0,0.0,100.0,0.0,0,0.0,0.0,100.0,0.0,0,0.0,0.0,100.0,0.0,0
2026-09-21 14:00:42,193.54,300.0,295.0,100.0,0.0,1,350.0,345.0,100.0,0.0,1,500.0,497.0,100.0,0.0,1,0.0,0.0,100.0,0.0,0,0.0,0.0,100.0,0.0,0,0.0,0.0,100.0,0.0,0
2026-09-21 14:00:43,194.55,300.0,295.0,100.0,0.0,1,350.0,345.0,100.0,0.0,1,500.0,497.0,100.0,0.0,1,0.0,0.0,100.0,0.0,0,0.0,0.0,100.0,0.0,0,0.0,0.0,100.0,0.0,0
2026-09-21 14:00:44,195.55,300.0,295.0,100.0,0.0,1,350.0,345.0,100.0,0.0,1,500.0,497.0,100.0,0.0,1,0.0,0.0,100.0,0.0,0,0.0,0.0,100.0,0.0,0,0.0,0.0,100.0,0.0,0
2026-09-21 14:00:45,196.56,300.0,295.0,100.0,0.0,1,350.0,345.0,100.0,0.0,1,500.0,497.0,100.0,0.0,1,0.0,0.0,100.0,0.0,0,0.0,0.0,100.0,0.0,0,0.0,0.0,100.0,0.0,0
2026-09-21 14:00:46,197.57,300.0,295.0,100.0,0.0,1,350.0,345.0,100.0,0.0,1,500.0,497.0,100.0,0.0,1,0.0,0.0,100.0,0.0,0,0.0,0.0,100.0,0.0,0,0.0,0.0,100.0,0.0,0
2026-09-21 14:00:47,198.57,300.0,295.0,100.0,0.0,1,350.0,345.0,100.0,0.0,1,500.0,497.0,100.0,0.0,1,0.0,0.0,100.0,0.0,0,0.0,0.0,100.0,0.0,0,0.0,0.0,100.0,0.0,0
2026-09-21 14:00:48,199.58,300.0,295.0,100.0,0.0,1,350.0,345.0,100.0,0.0,1,500.0,497.0,100.0,0.0,1,0.0,0.0,100.0,0.0,0,0.0,0.0,100.0,0.0,0,0.0,0.0,100.0,0.0,0
2026-09-21 14:00:49,200.58,300.0,295.0,100.0,0.0,1,350.0,345.0,100.0,0.0,1,500.0,497.0,100.0,0.0,1,0.0,0.0,100.0,0.0,0,0.0,0.0,100.0,0.0,0,0.0,0.0,100.0,0.0,0
2026-09-21 14:00:50,201.59,300.0,295.0,100.0,0.0,1,350.0,345.0,100.0,0.0,1,500.0,497.0,100.0,0.0,1,0.0,0.0,100.0,0.0,0,0.0,0.0,100.0,0.0,0,0.0,0.0,100.0,0.0,0
2026-09-21 14:00:51,202.59,300.0,295.0,100.0,0.0,1,350.0,345.0,100.0,0.0,1,500.0,497.0,100.0,0.0,1,0.0,0.0,100.0,0.0,0,0.0,0.0,100.0,0.0,0,0.0,0.0,100.0,0.0,0
2026-09-21 14:00:52,203.6,300.0,295.0,100.0,0.0,1,350.0,345.0,100.0,0.0,1,500.0,497.0,100.0,0.0,1,0.0,0.0,100.0,0.0,0,0.0,0.0,100.0,0.0,0,0.0,0.0,100.0,0.0,0
2026-09-21 14:00:53,204.61,300.0,295.0,100.0,0.0,1,350.0,345.0,100.0,0.0,1,500.0,497.0,100.0,0.0,1,0.0,0.0,100.0,0.0,0,0.0,0.0,100.0,0.0,0,0.0,0.0,100.0,0.0,0
2026-09-21 14:00:54,205.61,300.0,295.0,100.0,0.0,1,350.0,345.0,100.0,0.0,1,500.0,497.0,100.0,0.0,1,0.0,0.0,100.0,0.0,0,0.0,0.0,100.0,0.0,0,0.0,0.0,100.0,0.0,0
2026-09-21 14:00:55,206.62,300.0,295.0,100.0,0.0,1,350.0,345.0,100.0,0.0,1,500.0,497.0,100.0,0.0,1,0.0,0.0,100.0,0.0,0,0.0,0.0,100.0,0.0,0,0.0,0.0,100.0,0.0,0
2026-09-21 14:00:56,207.63,300.0,295.0,100.0,0.0,1,350.0,345.0,100.0,0.0,1,500.0,497.0,100.0,0.0,1,0.0,0.0,100.0,0.0,0,0.0,0.0,100.0,0.0,0,0.0,0.0,100.0,0.0,0
2026-09-21 14:00:57,208.64,300.0,295.0,100.0,0.0,1,350.0,345.0,100.0,0.0,1,500.0,497.0,100.0,0.0,1,0.0,0.0,100.0,0.0,0,0.0,0.0,100.0,0.0,0,0.0,0.0,100.0,0.0,0
2026-09-21 14:00:58,209.64,300.0,295.0,100.0,0.0,1,350.0,345.0,100.0,0.0,1,500.0,497.0,100.0,0.0,1,0.0,0.0,100.0,0.0,0,0.0,0.0,100.0,0.0,0,0.0,0.0,100.0,0.0,0
2026-09-21 14:00:59,210.65,300.0,295.0,100.0,0.0,1,350.0,345.0,100.0,0.0,1,500.0,497.0,100.0,0.0,1,0.0,0.0,100.0,0.0,0,0.0,0.0,100.0,0.0,0,0.0,0.0,100.0,0.0,0
2026-09-21 14:01:00,211.65,300.0,295.0,100.0,0.0,1,350.0,345.0,100.0,0.0,1,500.0,497.0,100.0,0.0,1,0.0,0.0,100.0,0.0,0,0.0,0.0,100.0,0.0,0,0.0,0.0,100.0,0.0,0
2026-09-21 14:01:01,212.66,300.0,295.0,100.0,0.0,1,350.0,345.0,100.0,0.0,1,500.0,497.0,100.0,0.0,1,0.0,0.0,100.0,0.0,0,0.0,0.0,100.0,0.0,0,0.0,0.0,100.0,0.0,0
2026-09-21 14:01:02,213.67,300.0,295.0,100.0,0.0,1,350.0,345.0,100.0,0.0,1,500.0,497.0,100.0,0.0,1,0.0,0.0,100.0,0.0,0,0.0,0.0,100.0,0.0,0,0.0,0.0,100.0,0.0,0
2026-09-21 14:01:03,214.67,300.0,295.0,100.0,0.0,1,350.0,345.0,100.0,0.0,1,500.0,497.0,100.0,0.0,1,0.0,0.0,100.0,0.0,0,0.0,0.0,100.0,0.0,0,0.0,0.0,100.0,0.0,0
2026-09-21 14:01:04,215.68,300.0,295.0,100.0,0.0,1,350.0,345.0,100.0,0.0,1,500.0,497.0,100.0,0.0,1,0.0,0.0,100.0,0.0,0,0.0,0.0,100.0,0.0,0,0.0,0.0,100.0,0.0,0
2026-09-21 14:01:05,216.69,300.0,295.0,100.0,0.0,1,350.0,345.0,100.0,0.0,1,500.0,497.0,100.0,0.0,1,0.0,0.0,100.0,0.0,0,0.0,0.0,100.0,0.0,0,0.0,0.0,100.0,0.0,0
2026-09-21 14:01:06,217.69,300.0,295.0,100.0,0.0,1,350.0,345.0,100.0,0.0,1,500.0,497.0,100.0,0.0,1,0.0,0.0,100.0,0.0,0,0.0,0.0,100.0,0.0,0,0.0,0.0,100.0,0.0,0
2026-09-21 14:01:07,218.7,300.0,295.0,100.0,0.0,1,350.0,345.0,100.0,0.0,1,500.0,497.0,100.0,0.0,1,0.0,0.0,100.0,0.0,0,0.0,0.0,100.0,0.0,0,0.0,0.0,100.0,0.0,0
2026-09-21 14:01:08,219.7,300.0,295.0,100.0,0.0,1,350.0,345.0,100.0,0.0,1,500.0,497.0,100.0,0.0,1,0.0,0.0,100.0,0.0,0,0.0,0.0,100.0,0.0,0,0.0,0.0,100.0,0.0,0
2026-09-21 14:01:09,220.71,300.0,295.0,100.0,0.0,1,350.0,345.0,100.0,0.0,1,500.0,497.0,100.0,0.0,1,0.0,0.0,100.0,0.0,0,0.0,0.0,100.0,0.0,0,0.0,0.0,100.0,0.0,0
2026-09-21 14:01:10,221.71,300.0,295.0,100.0,0.0,1,350.0,345.0,100.0,0.0,1,500.0,497.0,100.0,0.0,1,0.0,0.0,100.0,0.0,0,0.0,0.0,100.0,0.0,0,0.0,0.0,100.0,0.0,0
2026-09-21 14:01:11,222.72,300.0,295.0,100.0,0.0,1,350.0,345.0,100.0,0.0,1,500.0,497.0,100.0,0.0,1,0.0,0.0,100.0,0.0,0,0.0,0.0,100.0,0.0,0,0.0,0.0,100.0,0.0,0
2026-09-21 14:01:12,223.73,300.0,295.0,100.0,0.0,1,350.0,345.0,100.0,0.0,1,500.0,497.0,100.0,0.0,1,0.0,0.0,100.0,0.0,0,0.0,0.0,100.0,0.0,0,0.0,0.0,100.0,0.0,0
2026-09-21 14:01:13,224.74,300.0,295.0,100.0,0.0,1,350.0,345.0,100.0,0.0,1,500.0,497.0,100.0,0.0,1,0.0,0.0,100.0,0.0,0,0.0,0.0,100.0,0.0,0,0.0,0.0,100.0,0.0,0
2026-09-21 14:01:14,225.74,300.0,295.0,100.0,0.0,1,350.0,345.0,100.0,0.0,1,500.0,497.0,100.0,0.0,1,0.0,0.0,100.0,0.0,0,0.0,0.0,100.0,0.0,0,0.0,0.0,100.0,0.0,0
2026-09-21 14:01:15,226.75,300.0,295.0,100.0,0.0,1,350.0,345.0,100.0,0.0,1,500.0,497.0,100.0,0.0,1,0.0,0.0,100.0,0.0,0,0.0,0.0,100.0,0.0,0,0.0,0.0,100.0,0.0,0
2026-09-21 14:01:16,227.76,300.0,295.0,100.0,0.0,1,350.0,345.0,100.0,0.0,1,500.0,497.0,100.0,0.0,1,0.0,0.0,100.0,0.0,0,0.0,0.0,100.0,0.0,0,0.0,0.0,100.0,0.0,0
2026-09-21 14:01:17,228.76,300.0,295.0,100.0,0.0,1,350.0,345.0,100.0,0.0,1,500.0,497.0,100.0,0.0,1,0.0,0.0,100.0,0.0,0,0.0,0.0,100.0,0.0,0,0.0,0.0,100.0,0.0,0
2026-09-21 14:01:18,229.77,300.0,295.0,100.0,0.0,1,350.0,345.0,100.0,0.0,1,500.0,497.0,100.0,0.0,1,0.0,0.0,100.0,0.0,0,0.0,0.0,100.0,0.0,0,0.0,0.0,100.0,0.0,0
2026-09-21 14:01:19,230.77,300.0,295.0,100.0,0.0,1,350.0,345.0,100.0,0.0,1,500.0,497.0,100.0,0.0,1,0.0,0.0,100.0,0.0,0,0.0,0.0,100.0,0.0,0,0.0,0.0,100.0,0.0,0
2026-09-21 14:01:20,231.78,300.0,295.0,100.0,0.0,1,350.0,345.0,100.0,0.0,1,500.0,497.0,100.0,0.0,1,0.0,0.0,100.0,0.0,0,0.0,0.0,100.0,0.0,0,0.0,0.0,100.0,0.0,0
2026-09-21 14:01:21,232.78,300.0,295.0,100.0,0.0,1,350.0,345.0,100.0,0.0,1,500.0,497.0,100.0,0.0,1,0.0,0.0,100.0,0.0,0,0.0,0.0,100.0,0.0,0,0.0,0.0,100.0,0.0,0
2026-09-21 14:01:22,233.79,300.0,295.0,100.0,0.0,1,350.0,345.0,100.0,0.0,1,500.0,497.0,100.0,0.0,1,0.0,0.0,100.0,0.0,0,0.0,0.0,100.0,0.0,0,0.0,0.0,100.0,0.0,0
2026-09-21 14:01:23,234.8,300.0,295.0,100.0,0.0,1,350.0,345.0,100.0,0.0,1,500.0,497.0,100.0,0.0,1,0.0,0.0,100.0,0.0,0,0.0,0.0,100.0,0.0,0,0.0,0.0,100.0,0.0,0
2026-09-21 14:01:24,235.8,300.0,295.0,100.0,0.0,1,350.0,345.0,100.0,0.0,1,500.0,497.0,100.0,0.0,1,0.0,0.0,100.0,0.0,0,0.0,0.0,100.0,0.0,0,0.0,0.0,100.0,0.0,0
2026-09-21 14:01:25,236.81,300.0,295.0,100.0,0.0,1,350.0,345.0,100.0,0.0,1,500.0,497.0,100.0,0.0,1,0.0,0.0,100.0,0.0,0,0.0,0.0,100.0,0.0,0,0.0,0.0,100.0,0.0,0
2026-09-21 14:01:26,237.82,300.0,295.0,100.0,0.0,1,350.0,345.0,100.0,0.0,1,500.0,497.0,100.0,0.0,1,0.0,0.0,100.0,0.0,0,0.0,0.0,100.0,0.0,0,0.0,0.0,100.0,0.0,0
2026-09-21 14:01:27,238.82,300.0,295.0,100.0,0.0,1,350.0,345.0,100.0,0.0,1,500.0,497.0,100.0,0.0,1,0.0,0.0,100.0,0.0,0,0.0,0.0,100.0,0.0,0,0.0,0.0,100.0,0.0,0
2026-09-21 14:01:28,239.83,300.0,295.0,100.0,0.0,1,350.0,345.0,100.0,0.0,1,500.0,497.0,100.0,0.0,1,0.0,0.0,100.0,0.0,0,0.0,0.0,100.0,0.0,0,0.0,0.0,100.0,0.0,0
2026-09-21 14:01:29,240.83,300.0,295.0,100.0,0.0,1,350.0,345.0,100.0,0.0,1,500.0,497.0,100.0,0.0,1,0.0,0.0,100.0,0.0,0,0.0,0.0,100.0,0.0,0,0.0,0.0,100.0,0.0,0
2026-09-21 14:01:30,241.84,300.0,295.0,100.0,0.0,1,350.0,345.0,100.0,0.0,1,500.0,497.0,100.0,0.0,1,0.0,0.0,100.0,0.0,0,0.0,0.0,100.0,0.0,0,0.0,0.0,100.0,0.0,0
2026-09-21 14:01:31,242.85,300.0,295.0,100.0,0.0,1,350.0,345.0,100.0,0.0,1,500.0,497.0,100.0,0.0,1,0.0,0.0,100.0,0.0,0,0.0,0.0,100.0,0.0,0,0.0,0.0,100.0,0.0,0
2026-09-21 14:01:32,243.85,300.0,295.0,100.0,0.0,1,350.0,345.0,100.0,0.0,1,500.0,497.0,100.0,0.0,1,0.0,0.0,100.0,0.0,0,0.0,0.0,100.0,0.0,0,0.0,0.0,100.0,0.0,0
2026-09-21 14:01:33,244.86,300.0,295.0,100.0,0.0,1,350.0,345.0,100.0,0.0,1,500.0,497.0,100.0,0.0,1,0.0,0.0,100.0,0.0,0,0.0,0.0,100.0,0.0,0,0.0,0.0,100.0,0.0,0
2026-09-21 14:01:34,245.86,300.0,295.0,100.0,0.0,1,350.0,345.0,100.0,0.0,1,500.0,497.0,100.0,0.0,1,0.0,0.0,100.0,0.0,0,0.0,0.0,100.0,0.0,0,0.0,0.0,100.0,0.0,0
2026-09-21 14:01:35,246.87,300.0,295.0,100.0,0.0,1,350.0,345.0,100.0,0.0,1,500.0,497.0,100.0,0.0,1,0.0,0.0,100.0,0.0,0,0.0,0.0,100.0,0.0,0,0.0,0.0,100.0,0.0,0
2026-09-21 14:01:36,247.88,300.0,295.0,100.0,0.0,1,350.0,345.0,100.0,0.0,1,500.0,497.0,100.0,0.0,1,0.0,0.0,100.0,0.0,0,0.0,0.0,100.0,0.0,0,0.0,0.0,100.0,0.0,0
2026-09-21 14:01:37,248.88,300.0,295.0,100.0,0.0,1,350.0,345.0,100.0,0.0,1,500.0,497.0,100.0,0.0,1,0.0,0.0,100.0,0.0,0,0.0,0.0,100.0,0.0,0,0.0,0.0,100.0,0.0,0
2026-09-21 14:01:38,249.89,300.0,295.0,100.0,0.0,1,350.0,345.0,100.0,0.0,1,500.0,497.0,100.0,0.0,1,0.0,0.0,100.0,0.0,0,0.0,0.0,100.0,0.0,0,0.0,0.0,100.0,0.0,0
2026-09-21 14:01:39,250.89,300.0,295.0,100.0,0.0,1,350.0,345.0,100.0,0.0,1,500.0,497.0,100.0,0.0,1,0.0,0.0,100.0,0.0,0,0.0,0.0,100.0,0.0,0,0.0,0.0,100.0,0.0,0
2026-09-21 14:01:40,251.9,300.0,295.0,100.0,0.0,1,350.0,345.0,100.0,0.0,1,500.0,497.0,100.0,0.0,1,0.0,0.0,100.0,0.0,0,0.0,0.0,100.0,0.0,0,0.0,0.0,100.0,0.0,0
2026-09-21 14:01:41,252.91,300.0,295.0,100.0,0.0,1,350.0,345.0,100.0,0.0,1,500.0,497.0,100.0,0.0,1,0.0,0.0,100.0,0.0,0,0.0,0.0,100.0,0.0,0,0.0,0.0,100.0,0.0,0
2026-09-21 14:01:42,253.91,300.0,295.0,100.0,0.0,1,350.0,345.0,100.0,0.0,1,500.0,497.0,100.0,0.0,1,0.0,0.0,100.0,0.0,0,0.0,0.0,100.0,0.0,0,0.0,0.0,100.0,0.0,0
2026-09-21 14:01:43,254.92,300.0,295.0,100.0,0.0,1,350.0,345.0,100.0,0.0,1,500.0,497.0,100.0,0.0,1,0.0,0.0,100.0,0.0,0,0.0,0.0,100.0,0.0,0,0.0,0.0,100.0,0.0,0
2026-09-21 14:01:44,255.92,300.0,295.0,100.0,0.0,1,350.0,345.0,100.0,0.0,1,500.0,497.0,100.0,0.0,1,0.0,0.0,100.0,0.0,0,0.0,0.0,100.0,0.0,0,0.0,0.0,100.0,0.0,0
2026-09-21 14:01:45,256.93,300.0,295.0,100.0,0.0,1,350.0,345.0,100.0,0.0,1,500.0,497.0,100.0,0.0,1,0.0,0.0,100.0,0.0,0,0.0,0.0,100.0,0.0,0,0.0,0.0,100.0,0.0,0
2026-09-21 14:01:46,257.93,300.0,295.0,100.0,0.0,1,350.0,345.0,100.0,0.0,1,500.0,497.0,100.0,0.0,1,0.0,0.0,100.0,0.0,0,0.0,0.0,100.0,0.0,0,0.0,0.0,100.0,0.0,0
2026-09-21 14:01:47,258.94,300.0,295.0,100.0,0.0,1,350.0,345.0,100.0,0.0,1,500.0,497.0,100.0,0.0,1,0.0,0.0,100.0,0.0,0,0.0,0.0,100.0,0.0,0,0.0,0.0,100.0,0.0,0
2026-09-21 14:01:48,259.95,300.0,295.0,100.0,0.0,1,350.0,345.0,100.0,0.0,1,500.0,497.0,100.0,0.0,1,0.0,0.0,100.0,0.0,0,0.0,0.0,100.0,0.0,0,0.0,0.0,100.0,0.0,0
2026-09-21 14:01:49,260.96,300.0,295.0,100.0,0.0,1,350.0,345.0,100.0,0.0,1,500.0,497.0,100.0,0.0,1,0.0,0.0,100.0,0.0,0,0.0,0.0,100.0,0.0,0,0.0,0.0,100.0,0.0,0
2026-09-21 14:01:50,261.96,300.0,295.0,100.0,0.0,1,350.0,345.0,100.0,0.0,1,500.0,497.0,100.0,0.0,1,0.0,0.0,100.0,0.0,0,0.0,0.0,100.0,0.0,0,0.0,0.0,100.0,0.0,0
2026-09-21 14:01:51,262.97,300.0,295.0,100.0,0.0,1,350.0,345.0,100.0,0.0,1,500.0,497.0,100.0,0.0,1,0.0,0.0,100.0,0.0,0,0.0,0.0,100.0,0.0,0,0.0,0.0,100.0,0.0,0
2026-09-21 14:01:52,263.97,300.0,295.0,100.0,0.0,1,350.0,345.0,100.0,0.0,1,500.0,497.0,100.0,0.0,1,0.0,0.0,100.0,0.0,0,0.0,0.0,100.0,0.0,0,0.0,0.0,100.0,0.0,0
2026-09-21 14:01:53,264.98,300.0,295.0,100.0,0.0,1,350.0,345.0,100.0,0.0,1,500.0,497.0,100.0,0.0,1,0.0,0.0,100.0,0.0,0,0.0,0.0,100.0,0.0,0,0.0,0.0,100.0,0.0,0
2026-09-21 14:01:54,265.98,300.0,295.0,100.0,0.0,1,350.0,345.0,100.0,0.0,1,500.0,497.0,100.0,0.0,1,0.0,0.0,100.0,0.0,0,0.0,0.0,100.0,0.0,0,0.0,0.0,100.0,0.0,0
2026-09-21 14:01:55,266.99,300.0,295.0,100.0,0.0,1,350.0,345.0,100.0,0.0,1,500.0,497.0,100.0,0.0,1,0.0,0.0,100.0,0.0,0,0.0,0.0,100.0,0.0,0,0.0,0.0,100.0,0.0,0
2026-09-21 14:01:56,268.0,300.0,295.0,100.0,0.0,1,350.0,345.0,100.0,0.0,1,500.0,497.0,100.0,0.0,1,0.0,0.0,100.0,0.0,0,0.0,0.0,100.0,0.0,0,0.0,0.0,100.0,0.0,0
2026-09-21 14:01:57,269.01,300.0,295.0,100.0,0.0,1,350.0,345.0,100.0,0.0,1,500.0,497.0,100.0,0.0,1,0.0,0.0,100.0,0.0,0,0.0,0.0,100.0,0.0,0,0.0,0.0,100.0,0.0,0
2026-09-21 14:01:58,270.01,300.0,295.0,100.0,0.0,1,350.0,345.0,100.0,0.0,1,500.0,497.0,100.0,0.0,1,0.0,0.0,100.0,0.0,0,0.0,0.0,100.0,0.0,0,0.0,0.0,100.0,0.0,0
2026-09-21 14:01:59,271.02,300.0,295.0,100.0,0.0,1,350.0,345.0,100.0,0.0,1,500.0,497.0,100.0,0.0,1,0.0,0.0,100.0,0.0,0,0.0,0.0,100.0,0.0,0,0.0,0.0,100.0,0.0,0
2026-09-21 14:02:00,272.03,300.0,295.0,100.0,0.0,1,350.0,345.0,100.0,0.0,1,500.0,497.0,100.0,0.0,1,0.0,0.0,100.0,0.0,0,0.0,0.0,100.0,0.0,0,0.0,0.0,100.0,0.0,0
2026-09-21 14:02:01,273.03,300.0,295.0,100.0,0.0,1,350.0,345.0,100.0,0.0,1,500.0,497.0,100.0,0.0,1,0.0,0.0,100.0,0.0,0,0.0,0.0,100.0,0.0,0,0.0,0.0,100.0,0.0,0
2026-09-21 14:02:02,274.04,300.0,295.0,100.0,0.0,1,350.0,345.0,100.0,0.0,1,500.0,497.0,100.0,0.0,1,0.0,0.0,100.0,0.0,0,0.0,0.0,100.0,0.0,0,0.0,0.0,100.0,0.0,0
2026-09-21 14:02:03,275.05,300.0,295.0,100.0,0.0,1,350.0,345.0,100.0,0.0,1,500.0,497.0,100.0,0.0,1,0.0,0.0,100.0,0.0,0,0.0,0.0,100.0,0.0,0,0.0,0.0,100.0,0.0,0
2026-09-21 14:02:04,276.05,300.0,295.0,100.0,0.0,1,350.0,345.0,100.0,0.0,1,500.0,497.0,100.0,0.0,1,0.0,0.0,100.0,0.0,0,0.0,0.0,100.0,0.0,0,0.0,0.0,100.0,0.0,0
2026-09-21 14:02:05,277.06,300.0,295.0,100.0,0.0,1,350.0,345.0,100.0,0.0,1,500.0,497.0,100.0,0.0,1,0.0,0.0,100.0,0.0,0,0.0,0.0,100.0,0.0,0,0.0,0.0,100.0,0.0,0
2026-09-21 14:02:06,278.07,300.0,295.0,100.0,0.0,1,350.0,345.0,100.0,0.0,1,500.0,497.0,100.0,0.0,1,0.0,0.0,100.0,0.0,0,0.0,0.0,100.0,0.0,0,0.0,0.0,100.0,0.0,0
2026-09-21 14:02:07,279.07,300.0,295.0,100.0,0.0,1,350.0,345.0,100.0,0.0,1,500.0,497.0,100.0,0.0,1,0.0,0.0,100.0,0.0,0,0.0,0.0,100.0,0.0,0,0.0,0.0,100.0,0.0,0
2026-09-21 14:02:08,280.08,300.0,295.0,100.0,0.0,1,350.0,345.0,100.0,0.0,1,500.0,497.0,100.0,0.0,1,0.0,0.0,100.0,0.0,0,0.0,0.0,100.0,0.0,0,0.0,0.0,100.0,0.0,0
2026-09-21 14:02:09,281.09,300.0,295.0,100.0,0.0,1,350.0,345.0,100.0,0.0,1,500.0,497.0,100.0,0.0,1,0.0,0.0,100.0,0.0,0,0.0,0.0,100.0,0.0,0,0.0,0.0,100.0,0.0,0
2026-09-21 14:02:10,282.09,300.0,295.0,100.0,0.0,1,350.0,345.0,100.0,0.0,1,500.0,497.0,100.0,0.0,1,0.0,0.0,100.0,0.0,0,0.0,0.0,100.0,0.0,0,0.0,0.0,100.0,0.0,0
2026-09-21 14:02:11,283.1,300.0,295.0,100.0,0.0,1,350.0,345.0,100.0,0.0,1,500.0,497.0,100.0,0.0,1,0.0,0.0,100.0,0.0,0,0.0,0.0,100.0,0.0,0,0.0,0.0,100.0,0.0,0
2026-09-21 14:02:12,284.11,300.0,295.0,100.0,0.0,1,350.0,345.0,100.0,0.0,1,500.0,497.0,100.0,0.0,1,0.0,0.0,100.0,0.0,0,0.0,0.0,100.0,0.0,0,0.0,0.0,100.0,0.0,0
2026-09-21 14:02:13,285.11,300.0,295.0,100.0,0.0,1,350.0,345.0,100.0,0.0,1,500.0,497.0,100.0,0.0,1,0.0,0.0,100.0,0.0,0,0.0,0.0,100.0,0.0,0,0.0,0.0,100.0,0.0,0
2026-09-21 14:02:14,286.12,300.0,295.0,100.0,0.0,1,350.0,345.0,100.0,0.0,1,500.0,497.0,100.0,0.0,1,0.0,0.0,100.0,0.0,0,0.0,0.0,100.0,0.0,0,0.0,0.0,100.0,0.0,0
2026-09-21 14:02:15,287.12,300.0,295.0,100.0,0.0,1,350.0,345.0,100.0,0.0,1,500.0,497.0,100.0,0.0,1,0.0,0.0,100.0,0.0,0,0.0,0.0,100.0,0.0,0,0.0,0.0,100.0,0.0,0
2026-09-21 14:02:16,288.13,300.0,295.0,100.0,0.0,1,350.0,345.0,100.0,0.0,1,500.0,497.0,100.0,0.0,1,0.0,0.0,100.0,0.0,0,0.0,0.0,100.0,0.0,0,0.0,0.0,100.0,0.0,0
2026-09-21 14:02:17,289.14,300.0,295.0,100.0,0.0,1,350.0,345.0,100.0,0.0,1,500.0,497.0,100.0,0.0,1,0.0,0.0,100.0,0.0,0,0.0,0.0,100.0,0.0,0,0.0,0.0,100.0,0.0,0
2026-09-21 14:02:18,290.14,300.0,295.0,100.0,0.0,1,350.0,345.0,100.0,0.0,1,500.0,497.0,100.0,0.0,1,0.0,0.0,100.0,0.0,0,0.0,0.0,100.0,0.0,0,0.0,0.0,100.0,0.0,0
2026-09-21 14:02:19,291.15,300.0,295.0,100.0,0.0,1,350.0,345.0,100.0,0.0,1,500.0,497.0,100.0,0.0,1,0.0,0.0,100.0,0.0,0,0.0,0.0,100.0,0.0,0,0.0,0.0,100.0,0.0,0
2026-09-21 14:02:20,292.15,300.0,295.0,100.0,0.0,1,350.0,345.0,100.0,0.0,1,500.0,497.0,100.0,0.0,1,0.0,0.0,100.0,0.0,0,0.0,0.0,100.0,0.0,0,0.0,0.0,100.0,0.0,0
2026-09-21 14:02:21,293.16,300.0,295.0,100.0,0.0,1,350.0,345.0,100.0,0.0,1,500.0,497.0,100.0,0.0,1,0.0,0.0,100.0,0.0,0,0.0,0.0,100.0,0.0,0,0.0,0.0,100.0,0.0,0
2026-09-21 14:02:22,294.16,300.0,295.0,100.0,0.0,1,350.0,345.0,100.0,0.0,1,500.0,497.0,100.0,0.0,1,0.0,0.0,100.0,0.0,0,0.0,0.0,100.0,0.0,0,0.0,0.0,100.0,0.0,0
2026-09-21 14:02:23,295.17,300.0,295.0,100.0,0.0,1,350.0,345.0,100.0,0.0,1,500.0,497.0,100.0,0.0,1,0.0,0.0,100.0,0.0,0,0.0,0.0,100.0,0.0,0,0.0,0.0,100.0,0.0,0
2026-09-21 14:02:24,296.17,300.0,295.0,100.0,0.0,1,350.0,345.0,100.0,0.0,1,500.0,497.0,100.0,0.0,1,0.0,0.0,100.0,0.0,0,0.0,0.0,100.0,0.0,0,0.0,0.0,100.0,0.0,0
2026-09-21 14:02:25,297.18,300.0,295.0,100.0,0.0,1,350.0,345.0,100.0,0.0,1,500.0,497.0,100.0,0.0,1,0.0,0.0,100.0,0.0,0,0.0,0.0,100.0,0.0,0,0.0,0.0,100.0,0.0,0
2026-09-21 14:02:26,298.18,300.0,295.0,100.0,0.0,1,350.0,345.0,100.0,0.0,1,500.0,497.0,100.0,0.0,1,0.0,0.0,100.0,0.0,0,0.0,0.0,100.0,0.0,0,0.0,0.0,100.0,0.0,0
2026-09-21 14:02:28,299.19,300.0,295.0,100.0,0.0,1,350.0,345.0,100.0,0.0,1,500.0,497.0,100.0,0.0,1,0.0,0.0,100.0,0.0,0,0.0,0.0,100.0,0.0,0,0.0,0.0,100.0,0.0,0
2026-09-21 14:02:29,300.2,300.0,295.0,100.0,0.0,1,350.0,345.0,100.0,0.0,1,500.0,497.0,100.0,0.0,1,0.0,0.0,100.0,0.0,0,0.0,0.0,100.0,0.0,0,0.0,0.0,100.0,0.0,0
2026-09-21 14:02:30,301.2,300.0,295.0,100.0,0.0,1,350.0,345.0,100.0,0.0,1,500.0,497.0,100.0,0.0,1,0.0,0.0,100.0,0.0,0,0.0,0.0,100.0,0.0,0,0.0,0.0,100.0,0.0,0
2026-09-21 14:02:31,302.21,300.0,295.0,100.0,0.0,1,350.0,345.0,100.0,0.0,1,500.0,497.0,100.0,0.0,1,0.0,0.0,100.0,0.0,0,0.0,0.0,100.0,0.0,0,0.0,0.0,100.0,0.0,0
2026-09-21 14:02:32,303.21,300.0,295.0,100.0,0.0,1,350.0,345.0,100.0,0.0,1,500.0,497.0,100.0,0.0,1,0.0,0.0,100.0,0.0,0,0.0,0.0,100.0,0.0,0,0.0,0.0,100.0,0.0,0
2026-09-21 14:02:33,304.22,300.0,295.0,100.0,0.0,1,350.0,345.0,100.0,0.0,1,500.0,497.0,100.0,0.0,1,0.0,0.0,100.0,0.0,0,0.0,0.0,100.0,0.0,0,0.0,0.0,100.0,0.0,0
2026-09-21 14:02:34,305.23,300.0,295.0,100.0,0.0,1,350.0,345.0,100.0,0.0,1,500.0,497.0,100.0,0.0,1,0.0,0.0,100.0,0.0,0,0.0,0.0,100.0,0.0,0,0.0,0.0,100.0,0.0,0
2026-09-21 14:02:35,306.23,300.0,295.0,100.0,0.0,1,350.0,345.0,100.0,0.0,1,500.0,497.0,100.0,0.0,1,0.0,0.0,100.0,0.0,0,0.0,0.0,100.0,0.0,0,0.0,0.0,100.0,0.0,0
2026-09-21 14:02:36,307.24,300.0,295.0,100.0,0.0,1,350.0,345.0,100.0,0.0,1,500.0,497.0,100.0,0.0,1,0.0,0.0,100.0,0.0,0,0.0,0.0,100.0,0.0,0,0.0,0.0,100.0,0.0,0
2026-09-21 14:02:37,308.24,300.0,295.0,100.0,0.0,1,350.0,345.0,100.0,0.0,1,500.0,497.0,100.0,0.0,1,0.0,0.0,100.0,0.0,0,0.0,0.0,100.0,0.0,0,0.0,0.0,100.0,0.0,0
2026-09-21 14:02:38,309.25,300.0,295.0,100.0,0.0,1,350.0,345.0,100.0,0.0,1,500.0,497.0,100.0,0.0,1,0.0,0.0,100.0,0.0,0,0.0,0.0,100.0,0.0,0,0.0,0.0,100.0,0.0,0
2026-09-21 14:02:39,310.26,300.0,295.0,100.0,0.0,1,350.0,345.0,100.0,0.0,1,500.0,497.0,100.0,0.0,1,0.0,0.0,100.0,0.0,0,0.0,0.0,100.0,0.0,0,0.0,0.0,100.0,0.0,0
2026-09-21 14:02:40,311.26,300.0,295.0,100.0,0.0,1,350.0,345.0,100.0,0.0,1,500.0,497.0,100.0,0.0,1,0.0,0.0,100.0,0.0,0,0.0,0.0,100.0,0.0,0,0.0,0.0,100.0,0.0,0
2026-09-21 14:02:41,312.27,300.0,295.0,100.0,0.0,1,350.0,345.0,100.0,0.0,1,500.0,497.0,100.0,0.0,1,0.0,0.0,100.0,0.0,0,0.0,0.0,100.0,0.0,0,0.0,0.0,100.0,0.0,0
2026-09-21 14:02:42,313.27,300.0,295.0,100.0,0.0,1,350.0,345.0,100.0,0.0,1,500.0,497.0,100.0,0.0,1,0.0,0.0,100.0,0.0,0,0.0,0.0,100.0,0.0,0,0.0,0.0,100.0,0.0,0
2026-09-21 14:02:43,314.28,300.0,295.0,100.0,0.0,1,350.0,345.0,100.0,0.0,1,500.0,497.0,100.0,0.0,1,0.0,0.0,100.0,0.0,0,0.0,0.0,100.0,0.0,0,0.0,0.0,100.0,0.0,0
2026-09-21 14:02:44,315.29,300.0,295.0,100.0,0.0,1,350.0,345.0,100.0,0.0,1,500.0,497.0,100.0,0.0,1,0.0,0.0,100.0,0.0,0,0.0,0.0,100.0,0.0,0,0.0,0.0,100.0,0.0,0
2026-09-21 14:02:45,316.29,300.0,295.0,100.0,0.0,1,350.0,345.0,100.0,0.0,1,500.0,497.0,100.0,0.0,1,0.0,0.0,100.0,0.0,0,0.0,0.0,100.0,0.0,0,0.0,0.0,100.0,0.0,0
2026-09-21 14:02:46,317.3,300.0,295.0,100.0,0.0,1,350.0,345.0,100.0,0.0,1,500.0,497.0,100.0,0.0,1,0.0,0.0,100.0,0.0,0,0.0,0.0,100.0,0.0,0,0.0,0.0,100.0,0.0,0
2026-09-21 14:02:47,318.31,300.0,295.0,100.0,0.0,1,350.0,345.0,100.0,0.0,1,500.0,497.0,100.0,0.0,1,0.0,0.0,100.0,0.0,0,0.0,0.0,100.0,0.0,0,0.0,0.0,100.0,0.0,0
2026-09-21 14:02:48,319.32,300.0,295.0,100.0,0.0,1,350.0,345.0,100.0,0.0,1,500.0,497.0,100.0,0.0,1,0.0,0.0,100.0,0.0,0,0.0,0.0,100.0,0.0,0,0.0,0.0,100.0,0.0,0
2026-09-21 14:02:49,320.32,300.0,295.0,100.0,0.0,1,350.0,345.0,100.0,0.0,1,500.0,497.0,100.0,0.0,1,0.0,0.0,100.0,0.0,0,0.0,0.0,100.0,0.0,0,0.0,0.0,100.0,0.0,0
2026-09-21 14:02:50,321.33,300.0,295.0,100.0,0.0,1,350.0,345.0,100.0,0.0,1,500.0,497.0,100.0,0.0,1,0.0,0.0,100.0,0.0,0,0.0,0.0,100.0,0.0,0,0.0,0.0,100.0,0.0,0
2026-09-21 14:02:51,322.34,300.0,295.0,100.0,0.0,1,350.0,345.0,100.0,0.0,1,500.0,497.0,100.0,0.0,1,0.0,0.0,100.0,0.0,0,0.0,0.0,100.0,0.0,0,0.0,0.0,100.0,0.0,0
2026-09-21 14:02:52,323.35,300.0,295.0,100.0,0.0,1,350.0,345.0,100.0,0.0,1,500.0,497.0,100.0,0.0,1,0.0,0.0,100.0,0.0,0,0.0,0.0,100.0,0.0,0,0.0,0.0,100.0,0.0,0
2026-09-21 14:02:53,324.35,300.0,295.0,100.0,0.0,1,350.0,345.0,100.0,0.0,1,500.0,497.0,100.0,0.0,1,0.0,0.0,100.0,0.0,0,0.0,0.0,100.0,0.0,0,0.0,0.0,100.0,0.0,0
2026-09-21 14:02:54,325.36,300.0,295.0,100.0,0.0,1,350.0,345.0,100.0,0.0,1,500.0,497.0,100.0,0.0,1,0.0,0.0,100.0,0.0,0,0.0,0.0,100.0,0.0,0,0.0,0.0,100.0,0.0,0
2026-09-21 14:02:55,326.37,300.0,295.0,100.0,0.0,1,350.0,345.0,100.0,0.0,1,500.0,497.0,100.0,0.0,1,0.0,0.0,100.0,0.0,0,0.0,0.0,100.0,0.0,0,0.0,0.0,100.0,0.0,0
2026-09-21 14:02:56,327.38,300.0,295.0,100.0,0.0,1,350.0,345.0,100.0,0.0,1,500.0,497.0,100.0,0.0,1,0.0,0.0,100.0,0.0,0,0.0,0.0,100.0,0.0,0,0.0,0.0,100.0,0.0,0
2026-09-21 14:02:57,328.38,300.0,295.0,100.0,0.0,1,350.0,345.0,100.0,0.0,1,500.0,497.0,100.0,0.0,1,0.0,0.0,100.0,0.0,0,0.0,0.0,100.0,0.0,0,0.0,0.0,100.0,0.0,0
2026-09-21 14:02:58,329.39,300.0,295.0,100.0,0.0,1,350.0,345.0,100.0,0.0,1,500.0,497.0,100.0,0.0,1,0.0,0.0,100.0,0.0,0,0.0,0.0,100.0,0.0,0,0.0,0.0,100.0,0.0,0
2026-09-21 14:02:59,330.4,300.0,295.0,100.0,0.0,1,350.0,345.0,100.0,0.0,1,500.0,497.0,100.0,0.0,1,0.0,0.0,100.0,0.0,0,0.0,0.0,100.0,0.0,0,0.0,0.0,100.0,0.0,0
2026-09-21 14:03:00,331.41,300.0,295.0,100.0,0.0,1,350.0,345.0,100.0,0.0,1,500.0,497.0,100.0,0.0,1,0.0,0.0,100.0,0.0,0,0.0,0.0,100.0,0.0,0,0.0,0.0,100.0,0.0,0
2026-09-21 14:03:01,332.41,300.0,295.0,100.0,0.0,1,350.0,345.0,100.0,0.0,1,500.0,497.0,100.0,0.0,1,0.0,0.0,100.0,0.0,0,0.0,0.0,100.0,0.0,0,0.0,0.0,100.0,0.0,0
2026-09-21 14:03:02,333.42,300.0,295.0,100.0,0.0,1,350.0,345.0,100.0,0.0,1,500.0,497.0,100.0,0.0,1,0.0,0.0,100.0,0.0,0,0.0,0.0,100.0,0.0,0,0.0,0.0,100.0,0.0,0
2026-09-21 14:03:03,334.43,300.0,295.0,100.0,0.0,1,350.0,345.0,100.0,0.0,1,500.0,497.0,100.0,0.0,1,0.0,0.0,100.0,0.0,0,0.0,0.0,100.0,0.0,0,0.0,0.0,100.0,0.0,0
2026-09-21 14:03:04,335.44,300.0,295.0,100.0,0.0,1,350.0,345.0,100.0,0.0,1,500.0,497.0,100.0,0.0,1,0.0,0.0,100.0,0.0,0,0.0,0.0,100.0,0.0,0,0.0,0.0,100.0,0.0,0
2026-09-21 14:03:05,336.44,300.0,295.0,100.0,0.0,1,350.0,345.0,100.0,0.0,1,500.0,497.0,100.0,0.0,1,0.0,0.0,100.0,0.0,0,0.0,0.0,100.0,0.0,0,0.0,0.0,100.0,0.0,0
2026-09-21 14:03:06,337.45,300.0,295.0,100.0,0.0,1,350.0,345.0,100.0,0.0,1,500.0,497.0,100.0,0.0,1,0.0,0.0,100.0,0.0,0,0.0,0.0,100.0,0.0,0,0.0,0.0,100.0,0.0,0
2026-09-21 14:03:07,338.46,300.0,295.0,100.0,0.0,1,350.0,345.0,100.0,0.0,1,500.0,497.0,100.0,0.0,1,0.0,0.0,100.0,0.0,0,0.0,0.0,100.0,0.0,0,0.0,0.0,100.0,0.0,0
2026-09-21 14:03:08,339.46,300.0,295.0,100.0,0.0,1,350.0,345.0,100.0,0.0,1,500.0,497.0,100.0,0.0,1,0.0,0.0,100.0,0.0,0,0.0,0.0,100.0,0.0,0,0.0,0.0,100.0,0.0,0
2026-09-21 14:03:09,340.47,300.0,295.0,100.0,0.0,1,350.0,345.0,100.0,0.0,1,500.0,497.0,100.0,0.0,1,0.0,0.0,100.0,0.0,0,0.0,0.0,100.0,0.0,0,0.0,0.0,100.0,0.0,0
2026-09-21 14:03:10,341.48,300.0,295.0,100.0,0.0,1,350.0,345.0,100.0,0.0,1,500.0,497.0,100.0,0.0,1,0.0,0.0,100.0,0.0,0,0.0,0.0,100.0,0.0,0,0.0,0.0,100.0,0.0,0
2026-09-21 14:03:11,342.48,300.0,295.0,100.0,0.0,1,350.0,345.0,100.0,0.0,1,500.0,497.0,100.0,0.0,1,0.0,0.0,100.0,0.0,0,0.0,0.0,100.0,0.0,0,0.0,0.0,100.0,0.0,0
2026-09-21 14:03:12,343.49,300.0,295.0,100.0,0.0,1,350.0,345.0,100.0,0.0,1,500.0,497.0,100.0,0.0,1,0.0,0.0,100.0,0.0,0,0.0,0.0,100.0,0.0,0,0.0,0.0,100.0,0.0,0
2026-09-21 14:03:13,344.5,300.0,295.0,100.0,0.0,1,350.0,345.0,100.0,0.0,1,500.0,497.0,100.0,0.0,1,0.0,0.0,100.0,0.0,0,0.0,0.0,100.0,0.0,0,0.0,0.0,100.0,0.0,0
2026-09-21 14:03:14,345.5,300.0,295.0,100.0,0.0,1,350.0,345.0,100.0,0.0,1,500.0,497.0,100.0,0.0,1,0.0,0.0,100.0,0.0,0,0.0,0.0,100.0,0.0,0,0.0,0.0,100.0,0.0,0
2026-09-21 14:03:15,346.51,300.0,295.0,100.0,0.0,1,350.0,345.0,100.0,0.0,1,500.0,497.0,100.0,0.0,1,0.0,0.0,100.0,0.0,0,0.0,0.0,100.0,0.0,0,0.0,0.0,100.0,0.0,0
2026-09-21 14:03:16,347.52,300.0,295.0,100.0,0.0,1,350.0,345.0,100.0,0.0,1,500.0,497.0,100.0,0.0,1,0.0,0.0,100.0,0.0,0,0.0,0.0,100.0,0.0,0,0.0,0.0,100.0,0.0,0
2026-09-21 14:03:17,348.52,300.0,295.0,100.0,0.0,1,350.0,345.0,100.0,0.0,1,500.0,497.0,100.0,0.0,1,0.0,0.0,100.0,0.0,0,0.0,0.0,100.0,0.0,0,0.0,0.0,100.0,0.0,0
2026-09-21 14:03:18,349.53,300.0,295.0,100.0,0.0,1,350.0,345.0,100.0,0.0,1,500.0,497.0,100.0,0.0,1,0.0,0.0,100.0,0.0,0,0.0,0.0,100.0,0.0,0,0.0,0.0,100.0,0.0,0
2026-09-21 14:03:19,350.54,300.0,295.0,100.0,0.0,1,350.0,345.0,100.0,0.0,1,500.0,497.0,100.0,0.0,1,0.0,0.0,100.0,0.0,0,0.0,0.0,100.0,0.0,0,0.0,0.0,100.0,0.0,0
2026-09-21 14:03:20,351.54,300.0,295.0,100.0,0.0,1,350.0,345.0,100.0,0.0,1,500.0,497.0,100.0,0.0,1,0.0,0.0,100.0,0.0,0,0.0,0.0,100.0,0.0,0,0.0,0.0,100.0,0.0,0
2026-09-21 14:03:21,352.55,300.0,295.0,100.0,0.0,1,350.0,345.0,100.0,0.0,1,500.0,497.0,100.0,0.0,1,0.0,0.0,100.0,0.0,0,0.0,0.0,100.0,0.0,0,0.0,0.0,100.0,0.0,0
2026-09-21 14:03:22,353.56,300.0,295.0,100.0,0.0,1,350.0,345.0,100.0,0.0,1,500.0,497.0,100.0,0.0,1,0.0,0.0,100.0,0.0,0,0.0,0.0,100.0,0.0,0,0.0,0.0,100.0,0.0,0
2026-09-21 14:03:23,354.57,300.0,295.0,100.0,0.0,1,350.0,345.0,100.0,0.0,1,500.0,497.0,100.0,0.0,1,0.0,0.0,100.0,0.0,0,0.0,0.0,100.0,0.0,0,0.0,0.0,100.0,0.0,0
2026-09-21 14:03:24,355.57,300.0,295.0,100.0,0.0,1,350.0,345.0,100.0,0.0,1,500.0,497.0,100.0,0.0,1,0.0,0.0,100.0,0.0,0,0.0,0.0,100.0,0.0,0,0.0,0.0,100.0,0.0,0
2026-09-21 14:03:25,356.58,300.0,295.0,100.0,0.0,1,350.0,345.0,100.0,0.0,1,500.0,497.0,100.0,0.0,1,0.0,0.0,100.0,0.0,0,0.0,0.0,100.0,0.0,0,0.0,0.0,100.0,0.0,0
2026-09-21 14:03:26,357.59,300.0,295.0,100.0,0.0,1,350.0,345.0,100.0,0.0,1,500.0,497.0,100.0,0.0,1,0.0,0.0,100.0,0.0,0,0.0,0.0,100.0,0.0,0,0.0,0.0,100.0,0.0,0
2026-09-21 14:03:27,358.59,300.0,295.0,100.0,0.0,1,350.0,345.0,100.0,0.0,1,500.0,497.0,100.0,0.0,1,0.0,0.0,100.0,0.0,0,0.0,0.0,100.0,0.0,0,0.0,0.0,100.0,0.0,0
2026-09-21 14:03:28,359.6,300.0,295.0,100.0,0.0,1,350.0,345.0,100.0,0.0,1,500.0,497.0,100.0,0.0,1,0.0,0.0,100.0,0.0,0,0.0,0.0,100.0,0.0,0,0.0,0.0,100.0,0.0,0
2026-09-21 14:03:29,360.61,300.0,295.0,100.0,0.0,1,350.0,345.0,100.0,0.0,1,500.0,497.0,100.0,0.0,1,0.0,0.0,100.0,0.0,0,0.0,0.0,100.0,0.0,0,0.0,0.0,100.0,0.0,0
2026-09-21 14:03:30,361.62,300.0,295.0,100.0,0.0,1,350.0,345.0,100.0,0.0,1,500.0,497.0,100.0,0.0,1,0.0,0.0,100.0,0.0,0,0.0,0.0,100.0,0.0,0,0.0,0.0,100.0,0.0,0
2026-09-21 14:03:31,362.63,300.0,295.0,100.0,0.0,1,350.0,345.0,100.0,0.0,1,500.0,497.0,100.0,0.0,1,0.0,0.0,100.0,0.0,0,0.0,0.0,100.0,0.0,0,0.0,0.0,100.0,0.0,0
2026-09-21 14:03:32,363.63,300.0,295.0,100.0,0.0,1,350.0,345.0,100.0,0.0,1,500.0,497.0,100.0,0.0,1,0.0,0.0,100.0,0.0,0,0.0,0.0,100.0,0.0,0,0.0,0.0,100.0,0.0,0
2026-09-21 14:03:33,364.65,300.0,295.0,100.0,0.0,1,350.0,345.0,100.0,0.0,1,500.0,497.0,100.0,0.0,1,0.0,0.0,100.0,0.0,0,0.0,0.0,100.0,0.0,0,0.0,0.0,100.0,0.0,0
2026-09-21 14:03:34,365.65,300.0,295.0,100.0,0.0,1,350.0,345.0,100.0,0.0,1,500.0,497.0,100.0,0.0,1,0.0,0.0,100.0,0.0,0,0.0,0.0,100.0,0.0,0,0.0,0.0,100.0,0.0,0
2026-09-21 14:03:35,366.66,300.0,295.0,100.0,0.0,1,350.0,345.0,100.0,0.0,1,500.0,497.0,100.0,0.0,1,0.0,0.0,100.0,0.0,0,0.0,0.0,100.0,0.0,0,0.0,0.0,100.0,0.0,0
2026-09-21 14:03:36,367.66,300.0,295.0,100.0,0.0,1,350.0,345.0,100.0,0.0,1,500.0,497.0,100.0,0.0,1,0.0,0.0,100.0,0.0,0,0.0,0.0,100.0,0.0,0,0.0,0.0,100.0,0.0,0
2026-09-21 14:03:37,368.67,300.0,295.0,100.0,0.0,1,350.0,345.0,100.0,0.0,1,500.0,497.0,100.0,0.0,1,0.0,0.0,100.0,0.0,0,0.0,0.0,100.0,0.0,0,0.0,0.0,100.0,0.0,0
2026-09-21 14:03:38,369.68,300.0,295.0,100.0,0.0,1,350.0,345.0,100.0,0.0,1,500.0,497.0,100.0,0.0,1,0.0,0.0,100.0,0.0,0,0.0,0.0,100.0,0.0,0,0.0,0.0,100.0,0.0,0
2026-09-21 14:03:39,370.68,300.0,295.0,100.0,0.0,1,350.0,345.0,100.0,0.0,1,500.0,497.0,100.0,0.0,1,0.0,0.0,100.0,0.0,0,0.0,0.0,100.0,0.0,0,0.0,0.0,100.0,0.0,0
2026-09-21 14:03:40,371.69,300.0,295.0,100.0,0.0,1,350.0,345.0,100.0,0.0,1,500.0,497.0,100.0,0.0,1,0.0,0.0,100.0,0.0,0,0.0,0.0,100.0,0.0,0,0.0,0.0,100.0,0.0,0
2026-09-21 14:03:41,372.7,300.0,295.0,100.0,0.0,1,350.0,345.0,100.0,0.0,1,500.0,497.0,100.0,0.0,1,0.0,0.0,100.0,0.0,0,0.0,0.0,100.0,0.0,0,0.0,0.0,100.0,0.0,0
2026-09-21 14:03:42,373.7,300.0,295.0,100.0,0.0,1,350.0,345.0,100.0,0.0,1,500.0,497.0,100.0,0.0,1,0.0,0.0,100.0,0.0,0,0.0,0.0,100.0,0.0,0,0.0,0.0,100.0,0.0,0
2026-09-21 14:03:43,374.71,300.0,295.0,100.0,0.0,1,350.0,345.0,100.0,0.0,1,500.0,497.0,100.0,0.0,1,0.0,0.0,100.0,0.0,0,0.0,0.0,100.0,0.0,0,0.0,0.0,100.0,0.0,0
2026-09-21 14:03:44,375.72,300.0,295.0,100.0,0.0,1,350.0,345.0,100.0,0.0,1,500.0,497.0,100.0,0.0,1,0.0,0.0,100.0,0.0,0,0.0,0.0,100.0,0.0,0,0.0,0.0,100.0,0.0,0
2026-09-21 14:03:45,376.72,300.0,295.0,100.0,0.0,1,350.0,345.0,100.0,0.0,1,500.0,497.0,100.0,0.0,1,0.0,0.0,100.0,0.0,0,0.0,0.0,100.0,0.0,0,0.0,0.0,100.0,0.0,0
2026-09-21 14:03:46,377.73,300.0,295.0,100.0,0.0,1,350.0,345.0,100.0,0.0,1,500.0,497.0,100.0,0.0,1,0.0,0.0,100.0,0.0,0,0.0,0.0,100.0,0.0,0,0.0,0.0,100.0,0.0,0
2026-09-21 14:03:47,378.73,300.0,295.0,100.0,0.0,1,350.0,345.0,100.0,0.0,1,500.0,497.0,100.0,0.0,1,0.0,0.0,100.0,0.0,0,0.0,0.0,100.0,0.0,0,0.0,0.0,100.0,0.0,0
2026-09-21 14:03:48,379.74,300.0,295.0,100.0,0.0,1,350.0,345.0,100.0,0.0,1,500.0,497.0,100.0,0.0,1,0.0,0.0,100.0,0.0,0,0.0,0.0,100.0,0.0,0,0.0,0.0,100.0,0.0,0
2026-09-21 14:03:49,380.75,300.0,295.0,100.0,0.0,1,350.0,345.0,100.0,0.0,1,500.0,497.0,100.0,0.0,1,0.0,0.0,100.0,0.0,0,0.0,0.0,100.0,0.0,0,0.0,0.0,100.0,0.0,0
2026-09-21 14:03:50,381.75,300.0,295.0,100.0,0.0,1,350.0,345.0,100.0,0.0,1,500.0,497.0,100.0,0.0,1,0.0,0.0,100.0,0.0,0,0.0,0.0,100.0,0.0,0,0.0,0.0,100.0,0.0,0
2026-09-21 14:03:51,382.76,300.0,295.0,100.0,0.0,1,350.0,345.0,100.0,0.0,1,500.0,497.0,100.0,0.0,1,0.0,0.0,100.0,0.0,0,0.0,0.0,100.0,0.0,0,0.0,0.0,100.0,0.0,0
2026-09-21 14:03:52,383.77,300.0,295.0,100.0,0.0,1,350.0,345.0,100.0,0.0,1,500.0,497.0,100.0,0.0,1,0.0,0.0,100.0,0.0,0,0.0,0.0,100.0,0.0,0,0.0,0.0,100.0,0.0,0
2026-09-21 14:03:53,384.77,300.0,295.0,100.0,0.0,1,350.0,345.0,100.0,0.0,1,500.0,497.0,100.0,0.0,1,0.0,0.0,100.0,0.0,0,0.0,0.0,100.0,0.0,0,0.0,0.0,100.0,0.0,0
2026-09-21 14:03:54,385.78,300.0,295.0,100.0,0.0,1,350.0,345.0,100.0,0.0,1,500.0,497.0,100.0,0.0,1,0.0,0.0,100.0,0.0,0,0.0,0.0,100.0,0.0,0,0.0,0.0,100.0,0.0,0
2026-09-21 14:03:55,386.79,300.0,295.0,100.0,0.0,1,350.0,345.0,100.0,0.0,1,500.0,497.0,100.0,0.0,1,0.0,0.0,100.0,0.0,0,0.0,0.0,100.0,0.0,0,0.0,0.0,100.0,0.0,0
2026-09-21 14:03:56,387.79,300.0,295.0,100.0,0.0,1,350.0,345.0,100.0,0.0,1,500.0,497.0,100.0,0.0,1,0.0,0.0,100.0,0.0,0,0.0,0.0,100.0,0.0,0,0.0,0.0,100.0,0.0,0
2026-09-21 14:03:57,388.8,300.0,295.0,100.0,0.0,1,350.0,345.0,100.0,0.0,1,500.0,497.0,100.0,0.0,1,0.0,0.0,100.0,0.0,0,0.0,0.0,100.0,0.0,0,0.0,0.0,100.0,0.0,0
2026-09-21 14:03:58,389.8,300.0,295.0,100.0,0.0,1,350.0,345.0,100.0,0.0,1,500.0,497.0,100.0,0.0,1,0.0,0.0,100.0,0.0,0,0.0,0.0,100.0,0.0,0,0.0,0.0,100.0,0.0,0
2026-09-21 14:03:59,390.81,300.0,295.0,100.0,0.0,1,350.0,345.0,100.0,0.0,1,500.0,497.0,100.0,0.0,1,0.0,0.0,100.0,0.0,0,0.0,0.0,100.0,0.0,0,0.0,0.0,100.0,0.0,0
2026-09-21 14:04:00,391.82,300.0,295.0,100.0,0.0,1,350.0,345.0,100.0,0.0,1,500.0,497.0,100.0,0.0,1,0.0,0.0,100.0,0.0,0,0.0,0.0,100.0,0.0,0,0.0,0.0,100.0,0.0,0
2026-09-21 14:04:01,392.82,300.0,295.0,100.0,0.0,1,350.0,345.0,100.0,0.0,1,500.0,497.0,100.0,0.0,1,0.0,0.0,100.0,0.0,0,0.0,0.0,100.0,0.0,0,0.0,0.0,100.0,0.0,0
2026-09-21 14:04:02,393.83,300.0,295.0,100.0,0.0,1,350.0,345.0,100.0,0.0,1,500.0,497.0,100.0,0.0,1,0.0,0.0,100.0,0.0,0,0.0,0.0,100.0,0.0,0,0.0,0.0,100.0,0.0,0
2026-09-21 14:04:03,394.83,300.0,295.0,100.0,0.0,1,350.0,345.0,100.0,0.0,1,500.0,497.0,100.0,0.0,1,0.0,0.0,100.0,0.0,0,0.0,0.0,100.0,0.0,0,0.0,0.0,100.0,0.0,0
2026-09-21 14:04:04,395.84,300.0,295.0,100.0,0.0,1,350.0,345.0,100.0,0.0,1,500.0,497.0,100.0,0.0,1,0.0,0.0,100.0,0.0,0,0.0,0.0,100.0,0.0,0,0.0,0.0,100.0,0.0,0
2026-09-21 14:04:05,396.85,300.0,295.0,100.0,0.0,1,350.0,345.0,100.0,0.0,1,500.0,497.0,100.0,0.0,1,0.0,0.0,100.0,0.0,0,0.0,0.0,100.0,0.0,0,0.0,0.0,100.0,0.0,0
2026-09-21 14:04:06,397.85,300.0,295.0,100.0,0.0,1,350.0,345.0,100.0,0.0,1,500.0,497.0,100.0,0.0,1,0.0,0.0,100.0,0.0,0,0.0,0.0,100.0,0.0,0,0.0,0.0,100.0,0.0,0
2026-09-21 14:04:07,398.86,300.0,295.0,100.0,0.0,1,350.0,345.0,100.0,0.0,1,500.0,497.0,100.0,0.0,1,0.0,0.0,100.0,0.0,0,0.0,0.0,100.0,0.0,0,0.0,0.0,100.0,0.0,0
2026-09-21 14:04:08,399.87,300.0,295.0,100.0,0.0,1,350.0,345.0,100.0,0.0,1,500.0,497.0,100.0,0.0,1,0.0,0.0,100.0,0.0,0,0.0,0.0,100.0,0.0,0,0.0,0.0,100.0,0.0,0
2026-09-21 14:04:09,400.87,300.0,295.0,100.0,0.0,1,350.0,345.0,100.0,0.0,1,500.0,497.0,100.0,0.0,1,0.0,0.0,100.0,0.0,0,0.0,0.0,100.0,0.0,0,0.0,0.0,100.0,0.0,0
2026-09-21 14:04:10,401.88,300.0,295.0,100.0,0.0,1,350.0,345.0,100.0,0.0,1,500.0,497.0,100.0,0.0,1,0.0,0.0,100.0,0.0,0,0.0,0.0,100.0,0.0,0,0.0,0.0,100.0,0.0,0
2026-09-21 14:04:11,402.89,300.0,295.0,100.0,0.0,1,350.0,345.0,100.0,0.0,1,500.0,497.0,100.0,0.0,1,0.0,0.0,100.0,0.0,0,0.0,0.0,100.0,0.0,0,0.0,0.0,100.0,0.0,0
2026-09-21 14:04:12,403.89,300.0,295.0,100.0,0.0,1,350.0,345.0,100.0,0.0,1,500.0,497.0,100.0,0.0,1,0.0,0.0,100.0,0.0,0,0.0,0.0,100.0,0.0,0,0.0,0.0,100.0,0.0,0
2026-09-21 14:04:13,404.9,300.0,295.0,100.0,0.0,1,350.0,345.0,100.0,0.0,1,500.0,497.0,100.0,0.0,1,0.0,0.0,100.0,0.0,0,0.0,0.0,100.0,0.0,0,0.0,0.0,100.0,0.0,0
2026-09-21 14:04:14,405.91,300.0,295.0,100.0,0.0,1,350.0,345.0,100.0,0.0,1,500.0,497.0,100.0,0.0,1,0.0,0.0,100.0,0.0,0,0.0,0.0,100.0,0.0,0,0.0,0.0,100.0,0.0,0
2026-09-21 14:04:15,406.91,300.0,295.0,100.0,0.0,1,350.0,345.0,100.0,0.0,1,500.0,497.0,100.0,0.0,1,0.0,0.0,100.0,0.0,0,0.0,0.0,100.0,0.0,0,0.0,0.0,100.0,0.0,0
2026-09-21 14:04:16,407.92,300.0,295.0,100.0,0.0,1,350.0,345.0,100.0,0.0,1,500.0,497.0,100.0,0.0,1,0.0,0.0,100.0,0.0,0,0.0,0.0,100.0,0.0,0,0.0,0.0,100.0,0.0,0
2026-09-21 14:04:17,408.92,300.0,295.0,100.0,0.0,1,350.0,345.0,100.0,0.0,1,500.0,497.0,100.0,0.0,1,0.0,0.0,100.0,0.0,0,0.0,0.0,100.0,0.0,0,0.0,0.0,100.0,0.0,0
2026-09-21 14:04:18,409.93,300.0,295.0,100.0,0.0,1,350.0,345.0,100.0,0.0,1,500.0,497.0,100.0,0.0,1,0.0,0.0,100.0,0.0,0,0.0,0.0,100.0,0.0,0,0.0,0.0,100.0,0.0,0
2026-09-21 14:04:19,410.94,300.0,295.0,100.0,0.0,1,350.0,345.0,100.0,0.0,1,500.0,497.0,100.0,0.0,1,0.0,0.0,100.0,0.0,0,0.0,0.0,100.0,0.0,0,0.0,0.0,100.0,0.0,0
2026-09-21 14:04:20,411.95,300.0,295.0,100.0,0.0,1,350.0,345.0,100.0,0.0,1,500.0,497.0,100.0,0.0,1,0.0,0.0,100.0,0.0,0,0.0,0.0,100.0,0.0,0,0.0,0.0,100.0,0.0,0
2026-09-21 14:04:21,412.95,300.0,295.0,100.0,0.0,1,350.0,345.0,100.0,0.0,1,500.0,497.0,100.0,0.0,1,0.0,0.0,100.0,0.0,0,0.0,0.0,100.0,0.0,0,0.0,0.0,100.0,0.0,0
2026-09-21 14:04:22,413.96,300.0,295.0,100.0,0.0,1,350.0,345.0,100.0,0.0,1,500.0,497.0,100.0,0.0,1,0.0,0.0,100.0,0.0,0,0.0,0.0,100.0,0.0,0,0.0,0.0,100.0,0.0,0
2026-09-21 14:04:23,414.96,300.0,295.0,100.0,0.0,1,350.0,345.0,100.0,0.0,1,500.0,497.0,100.0,0.0,1,0.0,0.0,100.0,0.0,0,0.0,0.0,100.0,0.0,0,0.0,0.0,100.0,0.0,0
2026-09-21 14:04:24,415.97,300.0,295.0,100.0,0.0,1,350.0,345.0,100.0,0.0,1,500.0,497.0,100.0,0.0,1,0.0,0.0,100.0,0.0,0,0.0,0.0,100.0,0.0,0,0.0,0.0,100.0,0.0,0
2026-09-21 14:04:25,416.98,300.0,295.0,100.0,0.0,1,350.0,345.0,100.0,0.0,1,500.0,497.0,100.0,0.0,1,0.0,0.0,100.0,0.0,0,0.0,0.0,100.0,0.0,0,0.0,0.0,100.0,0.0,0
2026-09-21 14:04:26,417.98,300.0,295.0,100.0,0.0,1,350.0,345.0,100.0,0.0,1,500.0,497.0,100.0,0.0,1,0.0,0.0,100.0,0.0,0,0.0,0.0,100.0,0.0,0,0.0,0.0,100.0,0.0,0
2026-09-21 14:04:27,418.99,300.0,295.0,100.0,0.0,1,350.0,345.0,100.0,0.0,1,500.0,497.0,100.0,0.0,1,0.0,0.0,100.0,0.0,0,0.0,0.0,100.0,0.0,0,0.0,0.0,100.0,0.0,0
2026-09-21 14:04:28,419.99,300.0,295.0,100.0,0.0,1,350.0,345.0,100.0,0.0,1,500.0,497.0,100.0,0.0,1,0.0,0.0,100.0,0.0,0,0.0,0.0,100.0,0.0,0,0.0,0.0,100.0,0.0,0
2026-09-21 14:04:29,421.0,300.0,295.0,100.0,0.0,1,350.0,345.0,100.0,0.0,1,500.0,497.0,100.0,0.0,1,0.0,0.0,100.0,0.0,0,0.0,0.0,100.0,0.0,0,0.0,0.0,100.0,0.0,0
2026-09-21 14:04:30,422.0,300.0,295.0,100.0,0.0,1,350.0,345.0,100.0,0.0,1,500.0,497.0,100.0,0.0,1,0.0,0.0,100.0,0.0,0,0.0,0.0,100.0,0.0,0,0.0,0.0,100.0,0.0,0
2026-09-21 14:04:31,423.01,300.0,295.0,100.0,0.0,1,350.0,345.0,100.0,0.0,1,500.0,497.0,100.0,0.0,1,0.0,0.0,100.0,0.0,0,0.0,0.0,100.0,0.0,0,0.0,0.0,100.0,0.0,0
2026-09-21 14:04:32,424.02,300.0,295.0,100.0,0.0,1,350.0,345.0,100.0,0.0,1,500.0,497.0,100.0,0.0,1,0.0,0.0,100.0,0.0,0,0.0,0.0,100.0,0.0,0,0.0,0.0,100.0,0.0,0
2026-09-21 14:04:33,425.02,300.0,295.0,100.0,0.0,1,350.0,345.0,100.0,0.0,1,500.0,497.0,100.0,0.0,1,0.0,0.0,100.0,0.0,0,0.0,0.0,100.0,0.0,0,0.0,0.0,100.0,0.0,0
2026-09-21 14:04:34,426.03,300.0,295.0,100.0,0.0,1,350.0,345.0,100.0,0.0,1,500.0,497.0,100.0,0.0,1,0.0,0.0,100.0,0.0,0,0.0,0.0,100.0,0.0,0,0.0,0.0,100.0,0.0,0
2026-09-21 14:04:35,427.04,300.0,295.0,100.0,0.0,1,350.0,345.0,100.0,0.0,1,500.0,497.0,100.0,0.0,1,0.0,0.0,100.0,0.0,0,0.0,0.0,100.0,0.0,0,0.0,0.0,100.0,0.0,0
2026-09-21 14:04:36,428.04,300.0,295.0,100.0,0.0,1,350.0,345.0,100.0,0.0,1,500.0,497.0,100.0,0.0,1,0.0,0.0,100.0,0.0,0,0.0,0.0,100.0,0.0,0,0.0,0.0,100.0,0.0,0
2026-09-21 14:04:37,429.05,300.0,295.0,100.0,0.0,1,350.0,345.0,100.0,0.0,1,500.0,497.0,100.0,0.0,1,0.0,0.0,100.0,0.0,0,0.0,0.0,100.0,0.0,0,0.0,0.0,100.0,0.0,0
2026-09-21 14:04:38,430.05,300.0,295.0,100.0,0.0,1,350.0,345.0,100.0,0.0,1,500.0,497.0,100.0,0.0,1,0.0,0.0,100.0,0.0,0,0.0,0.0,100.0,0.0,0,0.0,0.0,100.0,0.0,0
2026-09-21 14:04:39,431.06,300.0,295.0,100.0,0.0,1,350.0,345.0,100.0,0.0,1,500.0,497.0,100.0,0.0,1,0.0,0.0,100.0,0.0,0,0.0,0.0,100.0,0.0,0,0.0,0.0,100.0,0.0,0
2026-09-21 14:04:40,432.07,300.0,295.0,100.0,0.0,1,350.0,345.0,100.0,0.0,1,500.0,497.0,100.0,0.0,1,0.0,0.0,100.0,0.0,0,0.0,0.0,100.0,0.0,0,0.0,0.0,100.0,0.0,0
2026-09-21 14:04:41,433.07,300.0,295.0,100.0,0.0,1,350.0,345.0,100.0,0.0,1,500.0,497.0,100.0,0.0,1,0.0,0.0,100.0,0.0,0,0.0,0.0,100.0,0.0,0,0.0,0.0,100.0,0.0,0
2026-09-21 14:04:42,434.08,300.0,295.0,100.0,0.0,1,350.0,345.0,100.0,0.0,1,500.0,497.0,100.0,0.0,1,0.0,0.0,100.0,0.0,0,0.0,0.0,100.0,0.0,0,0.0,0.0,100.0,0.0,0
2026-09-21 14:04:43,435.08,300.0,295.0,100.0,0.0,1,350.0,345.0,100.0,0.0,1,500.0,497.0,100.0,0.0,1,0.0,0.0,100.0,0.0,0,0.0,0.0,100.0,0.0,0,0.0,0.0,100.0,0.0,0
2026-09-21 14:04:44,436.09,300.0,295.0,100.0,0.0,1,350.0,345.0,100.0,0.0,1,500.0,497.0,100.0,0.0,1,0.0,0.0,100.0,0.0,0,0.0,0.0,100.0,0.0,0,0.0,0.0,100.0,0.0,0
2026-09-21 14:04:45,437.1,300.0,295.0,100.0,0.0,1,350.0,345.0,100.0,0.0,1,500.0,497.0,100.0,0.0,1,0.0,0.0,100.0,0.0,0,0.0,0.0,100.0,0.0,0,0.0,0.0,100.0,0.0,0
2026-09-21 14:04:46,438.1,300.0,295.0,100.0,0.0,1,350.0,345.0,100.0,0.0,1,500.0,497.0,100.0,0.0,1,0.0,0.0,100.0,0.0,0,0.0,0.0,100.0,0.0,0,0.0,0.0,100.0,0.0,0
2026-09-21 14:04:47,439.11,300.0,295.0,100.0,0.0,1,350.0,345.0,100.0,0.0,1,500.0,497.0,100.0,0.0,1,0.0,0.0,100.0,0.0,0,0.0,0.0,100.0,0.0,0,0.0,0.0,100.0,0.0,0
2026-09-21 14:04:48,440.11,300.0,295.0,100.0,0.0,1,350.0,345.0,100.0,0.0,1,500.0,497.0,100.0,0.0,1,0.0,0.0,100.0,0.0,0,0.0,0.0,100.0,0.0,0,0.0,0.0,100.0,0.0,0
2026-09-21 14:04:49,441.12,300.0,295.0,100.0,0.0,1,350.0,345.0,100.0,0.0,1,500.0,497.0,100.0,0.0,1,0.0,0.0,100.0,0.0,0,0.0,0.0,100.0,0.0,0,0.0,0.0,100.0,0.0,0
2026-09-21 14:04:50,442.13,300.0,295.0,100.0,0.0,1,350.0,345.0,100.0,0.0,1,500.0,497.0,100.0,0.0,1,0.0,0.0,100.0,0.0,0,0.0,0.0,100.0,0.0,0,0.0,0.0,100.0,0.0,0
2026-09-21 14:04:51,443.13,300.0,295.0,100.0,0.0,1,350.0,345.0,100.0,0.0,1,500.0,497.0,100.0,0.0,1,0.0,0.0,100.0,0.0,0,0.0,0.0,100.0,0.0,0,0.0,0.0,100.0,0.0,0
2026-09-21 14:04:52,444.14,300.0,295.0,100.0,0.0,1,350.0,345.0,100.0,0.0,1,500.0,497.0,100.0,0.0,1,0.0,0.0,100.0,0.0,0,0.0,0.0,100.0,0.0,0,0.0,0.0,100.0,0.0,0
2026-09-21 14:04:53,445.15,300.0,295.0,100.0,0.0,1,350.0,345.0,100.0,0.0,1,500.0,497.0,100.0,0.0,1,0.0,0.0,100.0,0.0,0,0.0,0.0,100.0,0.0,0,0.0,0.0,100.0,0.0,0
2026-09-21 14:04:54,446.15,300.0,295.0,100.0,0.0,1,350.0,345.0,100.0,0.0,1,500.0,497.0,100.0,0.0,1,0.0,0.0,100.0,0.0,0,0.0,0.0,100.0,0.0,0,0.0,0.0,100.0,0.0,0
2026-09-21 14:04:55,447.16,300.0,295.0,100.0,0.0,1,350.0,345.0,100.0,0.0,1,500.0,497.0,100.0,0.0,1,0.0,0.0,100.0,0.0,0,0.0,0.0,100.0,0.0,0,0.0,0.0,100.0,0.0,0
2026-09-21 14:04:56,448.16,300.0,295.0,100.0,0.0,1,350.0,345.0,100.0,0.0,1,500.0,497.0,100.0,0.0,1,0.0,0.0,100.0,0.0,0,0.0,0.0,100.0,0.0,0,0.0,0.0,100.0,0.0,0
2026-09-21 14:04:57,449.17,300.0,295.0,100.0,0.0,1,350.0,345.0,100.0,0.0,1,500.0,497.0,100.0,0.0,1,0.0,0.0,100.0,0.0,0,0.0,0.0,100.0,0.0,0,0.0,0.0,100.0,0.0,0
2026-09-21 14:04:58,450.18,300.0,295.0,100.0,0.0,1,350.0,345.0,100.0,0.0,1,500.0,497.0,100.0,0.0,1,0.0,0.0,100.0,0.0,0,0.0,0.0,100.0,0.0,0,0.0,0.0,100.0,0.0,0
2026-09-21 14:05:00,451.19,300.0,295.0,100.0,0.0,1,350.0,345.0,100.0,0.0,1,500.0,497.0,100.0,0.0,1,0.0,0.0,100.0,0.0,0,0.0,0.0,100.0,0.0,0,0.0,0.0,100.0,0.0,0
2026-09-21 14:05:01,452.19,300.0,295.0,100.0,0.0,1,350.0,345.0,100.0,0.0,1,500.0,497.0,100.0,0.0,1,0.0,0.0,100.0,0.0,0,0.0,0.0,100.0,0.0,0,0.0,0.0,100.0,0.0,0
2026-09-21 14:05:02,453.2,300.0,295.0,100.0,0.0,1,350.0,345.0,100.0,0.0,1,500.0,497.0,100.0,0.0,1,0.0,0.0,100.0,0.0,0,0.0,0.0,100.0,0.0,0,0.0,0.0,100.0,0.0,0
2026-09-21 14:05:03,454.21,300.0,295.0,100.0,0.0,1,350.0,345.0,100.0,0.0,1,500.0,497.0,100.0,0.0,1,0.0,0.0,100.0,0.0,0,0.0,0.0,100.0,0.0,0,0.0,0.0,100.0,0.0,0
2026-09-21 14:05:04,455.21,300.0,295.0,100.0,0.0,1,350.0,345.0,100.0,0.0,1,500.0,497.0,100.0,0.0,1,0.0,0.0,100.0,0.0,0,0.0,0.0,100.0,0.0,0,0.0,0.0,100.0,0.0,0
2026-09-21 14:05:05,456.22,300.0,295.0,100.0,0.0,1,350.0,345.0,100.0,0.0,1,500.0,497.0,100.0,0.0,1,0.0,0.0,100.0,0.0,0,0.0,0.0,100.0,0.0,0,0.0,0.0,100.0,0.0,0
2026-09-21 14:05:06,457.23,300.0,295.0,100.0,0.0,1,350.0,345.0,100.0,0.0,1,500.0,497.0,100.0,0.0,1,0.0,0.0,100.0,0.0,0,0.0,0.0,100.0,0.0,0,0.0,0.0,100.0,0.0,0
2026-09-21 14:05:07,458.23,300.0,295.0,100.0,0.0,1,350.0,345.0,100.0,0.0,1,500.0,497.0,100.0,0.0,1,0.0,0.0,100.0,0.0,0,0.0,0.0,100.0,0.0,0,0.0,0.0,100.0,0.0,0
2026-09-21 14:05:08,459.24,300.0,295.0,100.0,0.0,1,350.0,345.0,100.0,0.0,1,500.0,497.0,100.0,0.0,1,0.0,0.0,100.0,0.0,0,0.0,0.0,100.0,0.0,0,0.0,0.0,100.0,0.0,0
2026-09-21 14:05:09,460.24,300.0,295.0,100.0,0.0,1,350.0,345.0,100.0,0.0,1,500.0,497.0,100.0,0.0,1,0.0,0.0,100.0,0.0,0,0.0,0.0,100.0,0.0,0,0.0,0.0,100.0,0.0,0
2026-09-21 14:05:10,461.25,300.0,295.0,100.0,0.0,1,350.0,345.0,100.0,0.0,1,500.0,497.0,100.0,0.0,1,0.0,0.0,100.0,0.0,0,0.0,0.0,100.0,0.0,0,0.0,0.0,100.0,0.0,0
2026-09-21 14:05:11,462.26,300.0,295.0,100.0,0.0,1,350.0,345.0,100.0,0.0,1,500.0,497.0,100.0,0.0,1,0.0,0.0,100.0,0.0,0,0.0,0.0,100.0,0.0,0,0.0,0.0,100.0,0.0,0
2026-09-21 14:05:12,463.26,300.0,295.0,100.0,0.0,1,350.0,345.0,100.0,0.0,1,500.0,497.0,100.0,0.0,1,0.0,0.0,100.0,0.0,0,0.0,0.0,100.0,0.0,0,0.0,0.0,100.0,0.0,0
2026-09-21 14:05:13,464.27,300.0,295.0,100.0,0.0,1,350.0,345.0,100.0,0.0,1,500.0,497.0,100.0,0.0,1,0.0,0.0,100.0,0.0,0,0.0,0.0,100.0,0.0,0,0.0,0.0,100.0,0.0,0
2026-09-21 14:05:14,465.28,300.0,295.0,100.0,0.0,1,350.0,345.0,100.0,0.0,1,500.0,497.0,100.0,0.0,1,0.0,0.0,100.0,0.0,0,0.0,0.0,100.0,0.0,0,0.0,0.0,100.0,0.0,0
2026-09-21 14:05:15,466.28,300.0,295.0,100.0,0.0,1,350.0,345.0,100.0,0.0,1,500.0,497.0,100.0,0.0,1,0.0,0.0,100.0,0.0,0,0.0,0.0,100.0,0.0,0,0.0,0.0,100.0,0.0,0
2026-09-21 14:05:16,467.29,300.0,295.0,100.0,0.0,1,350.0,345.0,100.0,0.0,1,500.0,497.0,100.0,0.0,1,0.0,0.0,100.0,0.0,0,0.0,0.0,100.0,0.0,0,0.0,0.0,100.0,0.0,0
2026-09-21 14:05:17,468.29,300.0,295.0,100.0,0.0,1,350.0,345.0,100.0,0.0,1,500.0,497.0,100.0,0.0,1,0.0,0.0,100.0,0.0,0,0.0,0.0,100.0,0.0,0,0.0,0.0,100.0,0.0,0
2026-09-21 14:05:18,469.3,300.0,295.0,100.0,0.0,1,350.0,345.0,100.0,0.0,1,500.0,497.0,100.0,0.0,1,0.0,0.0,100.0,0.0,0,0.0,0.0,100.0,0.0,0,0.0,0.0,100.0,0.0,0
2026-09-21 14:05:19,470.31,300.0,295.0,100.0,0.0,1,350.0,345.0,100.0,0.0,1,500.0,497.0,100.0,0.0,1,0.0,0.0,100.0,0.0,0,0.0,0.0,100.0,0.0,0,0.0,0.0,100.0,0.0,0
2026-09-21 14:05:20,471.31,300.0,295.0,100.0,0.0,1,350.0,345.0,100.0,0.0,1,500.0,497.0,100.0,0.0,1,0.0,0.0,100.0,0.0,0,0.0,0.0,100.0,0.0,0,0.0,0.0,100.0,0.0,0
2026-09-21 14:05:21,472.32,300.0,295.0,100.0,0.0,1,350.0,345.0,100.0,0.0,1,500.0,497.0,100.0,0.0,1,0.0,0.0,100.0,0.0,0,0.0,0.0,100.0,0.0,0,0.0,0.0,100.0,0.0,0
2026-09-21 14:05:22,473.33,300.0,295.0,100.0,0.0,1,350.0,345.0,100.0,0.0,1,500.0,497.0,100.0,0.0,1,0.0,0.0,100.0,0.0,0,0.0,0.0,100.0,0.0,0,0.0,0.0,100.0,0.0,0
2026-09-21 14:05:23,474.33,300.0,295.0,100.0,0.0,1,350.0,345.0,100.0,0.0,1,500.0,497.0,100.0,0.0,1,0.0,0.0,100.0,0.0,0,0.0,0.0,100.0,0.0,0,0.0,0.0,100.0,0.0,0
2026-09-21 14:05:24,475.34,300.0,295.0,100.0,0.0,1,350.0,345.0,100.0,0.0,1,500.0,497.0,100.0,0.0,1,0.0,0.0,100.0,0.0,0,0.0,0.0,100.0,0.0,0,0.0,0.0,100.0,0.0,0
2026-09-21 14:05:25,476.34,300.0,295.0,100.0,0.0,1,350.0,345.0,100.0,0.0,1,500.0,497.0,100.0,0.0,1,0.0,0.0,100.0,0.0,0,0.0,0.0,100.0,0.0,0,0.0,0.0,100.0,0.0,0
2026-09-21 14:05:26,477.35,300.0,295.0,100.0,0.0,1,350.0,345.0,100.0,0.0,1,500.0,497.0,100.0,0.0,1,0.0,0.0,100.0,0.0,0,0.0,0.0,100.0,0.0,0,0.0,0.0,100.0,0.0,0
2026-09-21 14:05:27,478.36,300.0,295.0,100.0,0.0,1,350.0,345.0,100.0,0.0,1,500.0,497.0,100.0,0.0,1,0.0,0.0,100.0,0.0,0,0.0,0.0,100.0,0.0,0,0.0,0.0,100.0,0.0,0
2026-09-21 14:05:28,479.36,300.0,295.0,100.0,0.0,1,350.0,345.0,100.0,0.0,1,500.0,497.0,100.0,0.0,1,0.0,0.0,100.0,0.0,0,0.0,0.0,100.0,0.0,0,0.0,0.0,100.0,0.0,0
2026-09-21 14:05:29,480.37,300.0,295.0,100.0,0.0,1,350.0,345.0,100.0,0.0,1,500.0,497.0,100.0,0.0,1,0.0,0.0,100.0,0.0,0,0.0,0.0,100.0,0.0,0,0.0,0.0,100.0,0.0,0
2026-09-21 14:05:30,481.37,300.0,295.0,100.0,0.0,1,350.0,345.0,100.0,0.0,1,500.0,497.0,100.0,0.0,1,0.0,0.0,100.0,0.0,0,0.0,0.0,100.0,0.0,0,0.0,0.0,100.0,0.0,0
2026-09-21 14:05:31,482.38,300.0,295.0,100.0,0.0,1,350.0,345.0,100.0,0.0,1,500.0,497.0,100.0,0.0,1,0.0,0.0,100.0,0.0,0,0.0,0.0,100.0,0.0,0,0.0,0.0,100.0,0.0,0
2026-09-21 14:05:32,483.38,300.0,295.0,100.0,0.0,1,350.0,345.0,100.0,0.0,1,500.0,497.0,100.0,0.0,1,0.0,0.0,100.0,0.0,0,0.0,0.0,100.0,0.0,0,0.0,0.0,100.0,0.0,0
2026-09-21 14:05:33,484.39,300.0,295.0,100.0,0.0,1,350.0,345.0,100.0,0.0,1,500.0,497.0,100.0,0.0,1,0.0,0.0,100.0,0.0,0,0.0,0.0,100.0,0.0,0,0.0,0.0,100.0,0.0,0
2026-09-21 14:05:34,485.39,300.0,295.0,100.0,0.0,1,350.0,345.0,100.0,0.0,1,500.0,497.0,100.0,0.0,1,0.0,0.0,100.0,0.0,0,0.0,0.0,100.0,0.0,0,0.0,0.0,100.0,0.0,0
2026-09-21 14:05:35,486.4,300.0,295.0,100.0,0.0,1,350.0,345.0,100.0,0.0,1,500.0,497.0,100.0,0.0,1,0.0,0.0,100.0,0.0,0,0.0,0.0,100.0,0.0,0,0.0,0.0,100.0,0.0,0
2026-09-21 14:05:36,487.41,300.0,295.0,100.0,0.0,1,350.0,345.0,100.0,0.0,1,500.0,497.0,100.0,0.0,1,0.0,0.0,100.0,0.0,0,0.0,0.0,100.0,0.0,0,0.0,0.0,100.0,0.0,0
2026-09-21 14:05:37,488.41,300.0,295.0,100.0,0.0,1,350.0,345.0,100.0,0.0,1,500.0,497.0,100.0,0.0,1,0.0,0.0,100.0,0.0,0,0.0,0.0,100.0,0.0,0,0.0,0.0,100.0,0.0,0
2026-09-21 14:05:38,489.42,300.0,295.0,100.0,0.0,1,350.0,345.0,100.0,0.0,1,500.0,497.0,100.0,0.0,1,0.0,0.0,100.0,0.0,0,0.0,0.0,100.0,0.0,0,0.0,0.0,100.0,0.0,0
2026-09-21 14:05:39,490.42,300.0,295.0,100.0,0.0,1,350.0,345.0,100.0,0.0,1,500.0,497.0,100.0,0.0,1,0.0,0.0,100.0,0.0,0,0.0,0.0,100.0,0.0,0,0.0,0.0,100.0,0.0,0
2026-09-21 14:05:40,491.43,300.0,295.0,100.0,0.0,1,350.0,345.0,100.0,0.0,1,500.0,497.0,100.0,0.0,1,0.0,0.0,100.0,0.0,0,0.0,0.0,100.0,0.0,0,0.0,0.0,100.0,0.0,0
2026-09-21 14:05:41,492.44,300.0,295.0,100.0,0.0,1,350.0,345.0,100.0,0.0,1,500.0,497.0,100.0,0.0,1,0.0,0.0,100.0,0.0,0,0.0,0.0,100.0,0.0,0,0.0,0.0,100.0,0.0,0
2026-09-21 14:05:42,493.44,300.0,295.0,100.0,0.0,1,350.0,345.0,100.0,0.0,1,500.0,497.0,100.0,0.0,1,0.0,0.0,100.0,0.0,0,0.0,0.0,100.0,0.0,0,0.0,0.0,100.0,0.0,0
2026-09-21 14:05:43,494.45,300.0,295.0,100.0,0.0,1,350.0,345.0,100.0,0.0,1,500.0,497.0,100.0,0.0,1,0.0,0.0,100.0,0.0,0,0.0,0.0,100.0,0.0,0,0.0,0.0,100.0,0.0,0
2026-09-21 14:05:44,495.45,300.0,295.0,100.0,0.0,1,350.0,345.0,100.0,0.0,1,500.0,497.0,100.0,0.0,1,0.0,0.0,100.0,0.0,0,0.0,0.0,100.0,0.0,0,0.0,0.0,100.0,0.0,0
2026-09-21 14:05:45,496.46,300.0,295.0,100.0,0.0,1,350.0,345.0,100.0,0.0,1,500.0,497.0,100.0,0.0,1,0.0,0.0,100.0,0.0,0,0.0,0.0,100.0,0.0,0,0.0,0.0,100.0,0.0,0
2026-09-21 14:05:46,497.47,300.0,295.0,100.0,0.0,1,350.0,345.0,100.0,0.0,1,500.0,497.0,100.0,0.0,1,0.0,0.0,100.0,0.0,0,0.0,0.0,100.0,0.0,0,0.0,0.0,100.0,0.0,0
2026-09-21 14:05:47,498.47,300.0,295.0,100.0,0.0,1,350.0,345.0,100.0,0.0,1,500.0,497.0,100.0,0.0,1,0.0,0.0,100.0,0.0,0,0.0,0.0,100.0,0.0,0,0.0,0.0,100.0,0.0,0
2026-09-21 14:05:48,499.48,300.0,295.0,100.0,0.0,1,350.0,345.0,100.0,0.0,1,500.0,497.0,100.0,0.0,1,0.0,0.0,100.0,0.0,0,0.0,0.0,100.0,0.0,0,0.0,0.0,100.0,0.0,0
2026-09-21 14:05:49,500.48,300.0,295.0,100.0,0.0,1,350.0,345.0,100.0,0.0,1,500.0,497.0,100.0,0.0,1,0.0,0.0,100.0,0.0,0,0.0,0.0,100.0,0.0,0,0.0,0.0,100.0,0.0,0
2026-09-21 14:05:50,501.49,300.0,295.0,100.0,0.0,1,350.0,345.0,100.0,0.0,1,500.0,497.0,100.0,0.0,1,0.0,0.0,100.0,0.0,0,0.0,0.0,100.0,0.0,0,0.0,0.0,100.0,0.0,0
2026-09-21 14:05:51,502.5,300.0,295.0,100.0,0.0,1,350.0,345.0,100.0,0.0,1,500.0,497.0,100.0,0.0,1,0.0,0.0,100.0,0.0,0,0.0,0.0,100.0,0.0,0,0.0,0.0,100.0,0.0,0
2026-09-21 14:05:52,503.5,300.0,295.0,100.0,0.0,1,350.0,345.0,100.0,0.0,1,500.0,497.0,100.0,0.0,1,0.0,0.0,100.0,0.0,0,0.0,0.0,100.0,0.0,0,0.0,0.0,100.0,0.0,0
2026-09-21 14:05:53,504.51,300.0,295.0,100.0,0.0,1,350.0,345.0,100.0,0.0,1,500.0,497.0,100.0,0.0,1,0.0,0.0,100.0,0.0,0,0.0,0.0,100.0,0.0,0,0.0,0.0,100.0,0.0,0
2026-09-21 14:05:54,505.52,300.0,295.0,100.0,0.0,1,350.0,345.0,100.0,0.0,1,500.0,497.0,100.0,0.0,1,0.0,0.0,100.0,0.0,0,0.0,0.0,100.0,0.0,0,0.0,0.0,100.0,0.0,0
2026-09-21 14:05:55,506.52,300.0,295.0,100.0,0.0,1,350.0,345.0,100.0,0.0,1,500.0,497.0,100.0,0.0,1,0.0,0.0,100.0,0.0,0,0.0,0.0,100.0,0.0,0,0.0,0.0,100.0,0.0,0
2026-09-21 14:05:56,507.53,300.0,295.0,100.0,0.0,1,350.0,345.0,100.0,0.0,1,500.0,497.0,100.0,0.0,1,0.0,0.0,100.0,0.0,0,0.0,0.0,100.0,0.0,0,0.0,0.0,100.0,0.0,0
2026-09-21 14:05:57,508.54,300.0,295.0,100.0,0.0,1,350.0,345.0,100.0,0.0,1,500.0,497.0,100.0,0.0,1,0.0,0.0,100.0,0.0,0,0.0,0.0,100.0,0.0,0,0.0,0.0,100.0,0.0,0
2026-09-21 14:05:58,509.54,300.0,295.0,100.0,0.0,1,350.0,345.0,100.0,0.0,1,500.0,497.0,100.0,0.0,1,0.0,0.0,100.0,0.0,0,0.0,0.0,100.0,0.0,0,0.0,0.0,100.0,0.0,0
2026-09-21 14:05:59,510.55,300.0,295.0,100.0,0.0,1,350.0,345.0,100.0,0.0,1,500.0,497.0,100.0,0.0,1,0.0,0.0,100.0,0.0,0,0.0,0.0,100.0,0.0,0,0.0,0.0,100.0,0.0,0
2026-09-21 14:06:00,511.56,300.0,295.0,100.0,0.0,1,350.0,345.0,100.0,0.0,1,500.0,497.0,100.0,0.0,1,0.0,0.0,100.0,0.0,0,0.0,0.0,100.0,0.0,0,0.0,0.0,100.0,0.0,0
2026-09-21 14:06:01,512.56,300.0,295.0,100.0,0.0,1,350.0,345.0,100.0,0.0,1,500.0,497.0,100.0,0.0,1,0.0,0.0,100.0,0.0,0,0.0,0.0,100.0,0.0,0,0.0,0.0,100.0,0.0,0
2026-09-21 14:06:02,513.57,300.0,295.0,100.0,0.0,1,350.0,345.0,100.0,0.0,1,500.0,497.0,100.0,0.0,1,0.0,0.0,100.0,0.0,0,0.0,0.0,100.0,0.0,0,0.0,0.0,100.0,0.0,0
2026-09-21 14:06:03,514.57,300.0,295.0,100.0,0.0,1,350.0,345.0,100.0,0.0,1,500.0,497.0,100.0,0.0,1,0.0,0.0,100.0,0.0,0,0.0,0.0,100.0,0.0,0,0.0,0.0,100.0,0.0,0
2026-09-21 14:06:04,515.58,300.0,295.0,100.0,0.0,1,350.0,345.0,100.0,0.0,1,500.0,497.0,100.0,0.0,1,0.0,0.0,100.0,0.0,0,0.0,0.0,100.0,0.0,0,0.0,0.0,100.0,0.0,0
2026-09-21 14:06:05,516.59,300.0,295.0,100.0,0.0,1,350.0,345.0,100.0,0.0,1,500.0,497.0,100.0,0.0,1,0.0,0.0,100.0,0.0,0,0.0,0.0,100.0,0.0,0,0.0,0.0,100.0,0.0,0
2026-09-21 14:06:06,517.6,300.0,295.0,100.0,0.0,1,350.0,345.0,100.0,0.0,1,500.0,497.0,100.0,0.0,1,0.0,0.0,100.0,0.0,0,0.0,0.0,100.0,0.0,0,0.0,0.0,100.0,0.0,0
2026-09-21 14:06:07,518.6,300.0,295.0,100.0,0.0,1,350.0,345.0,100.0,0.0,1,500.0,497.0,100.0,0.0,1,0.0,0.0,100.0,0.0,0,0.0,0.0,100.0,0.0,0,0.0,0.0,100.0,0.0,0
2026-09-21 14:06:08,519.61,300.0,295.0,100.0,0.0,1,350.0,345.0,100.0,0.0,1,500.0,497.0,100.0,0.0,1,0.0,0.0,100.0,0.0,0,0.0,0.0,100.0,0.0,0,0.0,0.0,100.0,0.0,0
2026-09-21 14:06:09,520.62,300.0,295.0,100.0,0.0,1,350.0,345.0,100.0,0.0,1,500.0,497.0,100.0,0.0,1,0.0,0.0,100.0,0.0,0,0.0,0.0,100.0,0.0,0,0.0,0.0,100.0,0.0,0
2026-09-21 14:06:10,521.63,300.0,295.0,100.0,0.0,1,350.0,345.0,100.0,0.0,1,500.0,497.0,100.0,0.0,1,0.0,0.0,100.0,0.0,0,0.0,0.0,100.0,0.0,0,0.0,0.0,100.0,0.0,0
2026-09-21 14:06:11,522.63,300.0,295.0,100.0,0.0,1,350.0,345.0,100.0,0.0,1,500.0,497.0,100.0,0.0,1,0.0,0.0,100.0,0.0,0,0.0,0.0,100.0,0.0,0,0.0,0.0,100.0,0.0,0
2026-09-21 14:06:12,523.64,300.0,295.0,100.0,0.0,1,350.0,345.0,100.0,0.0,1,500.0,497.0,100.0,0.0,1,0.0,0.0,100.0,0.0,0,0.0,0.0,100.0,0.0,0,0.0,0.0,100.0,0.0,0
2026-09-21 14:06:13,524.65,300.0,295.0,100.0,0.0,1,350.0,345.0,100.0,0.0,1,500.0,497.0,100.0,0.0,1,0.0,0.0,100.0,0.0,0,0.0,0.0,100.0,0.0,0,0.0,0.0,100.0,0.0,0
2026-09-21 14:06:14,525.65,300.0,295.0,100.0,0.0,1,350.0,345.0,100.0,0.0,1,500.0,497.0,100.0,0.0,1,0.0,0.0,100.0,0.0,0,0.0,0.0,100.0,0.0,0,0.0,0.0,100.0,0.0,0
2026-09-21 14:06:15,526.66,300.0,295.0,100.0,0.0,1,350.0,345.0,100.0,0.0,1,500.0,497.0,100.0,0.0,1,0.0,0.0,100.0,0.0,0,0.0,0.0,100.0,0.0,0,0.0,0.0,100.0,0.0,0
2026-09-21 14:06:16,527.66,300.0,295.0,100.0,0.0,1,350.0,345.0,100.0,0.0,1,500.0,497.0,100.0,0.0,1,0.0,0.0,100.0,0.0,0,0.0,0.0,100.0,0.0,0,0.0,0.0,100.0,0.0,0
2026-09-21 14:06:17,528.67,300.0,295.0,100.0,0.0,1,350.0,345.0,100.0,0.0,1,500.0,497.0,100.0,0.0,1,0.0,0.0,100.0,0.0,0,0.0,0.0,100.0,0.0,0,0.0,0.0,100.0,0.0,0
2026-09-21 14:06:18,529.68,300.0,295.0,100.0,0.0,1,350.0,345.0,100.0,0.0,1,500.0,497.0,100.0,0.0,1,0.0,0.0,100.0,0.0,0,0.0,0.0,100.0,0.0,0,0.0,0.0,100.0,0.0,0
2026-09-21 14:06:19,530.68,300.0,295.0,100.0,0.0,1,350.0,345.0,100.0,0.0,1,500.0,497.0,100.0,0.0,1,0.0,0.0,100.0,0.0,0,0.0,0.0,100.0,0.0,0,0.0,0.0,100.0,0.0,0
2026-09-21 14:06:20,531.69,300.0,295.0,100.0,0.0,1,350.0,345.0,100.0,0.0,1,500.0,497.0,100.0,0.0,1,0.0,0.0,100.0,0.0,0,0.0,0.0,100.0,0.0,0,0.0,0.0,100.0,0.0,0
2026-09-21 14:06:21,532.7,300.0,295.0,100.0,0.0,1,350.0,345.0,100.0,0.0,1,500.0,497.0,100.0,0.0,1,0.0,0.0,100.0,0.0,0,0.0,0.0,100.0,0.0,0,0.0,0.0,100.0,0.0,0
2026-09-21 14:06:22,533.71,300.0,295.0,100.0,0.0,1,350.0,345.0,100.0,0.0,1,500.0,497.0,100.0,0.0,1,0.0,0.0,100.0,0.0,0,0.0,0.0,100.0,0.0,0,0.0,0.0,100.0,0.0,0
2026-09-21 14:06:23,534.71,300.0,295.0,100.0,0.0,1,350.0,345.0,100.0,0.0,1,500.0,497.0,100.0,0.0,1,0.0,0.0,100.0,0.0,0,0.0,0.0,100.0,0.0,0,0.0,0.0,100.0,0.0,0
2026-09-21 14:06:24,535.72,300.0,295.0,100.0,0.0,1,350.0,345.0,100.0,0.0,1,500.0,497.0,100.0,0.0,1,0.0,0.0,100.0,0.0,0,0.0,0.0,100.0,0.0,0,0.0,0.0,100.0,0.0,0
2026-09-21 14:06:25,536.73,300.0,295.0,100.0,0.0,1,350.0,345.0,100.0,0.0,1,500.0,497.0,100.0,0.0,1,0.0,0.0,100.0,0.0,0,0.0,0.0,100.0,0.0,0,0.0,0.0,100.0,0.0,0
2026-09-21 14:06:26,537.73,300.0,295.0,100.0,0.0,1,350.0,345.0,100.0,0.0,1,500.0,497.0,100.0,0.0,1,0.0,0.0,100.0,0.0,0,0.0,0.0,100.0,0.0,0,0.0,0.0,100.0,0.0,0
2026-09-21 14:06:27,538.74,300.0,295.0,100.0,0.0,1,350.0,345.0,100.0,0.0,1,500.0,497.0,100.0,0.0,1,0.0,0.0,100.0,0.0,0,0.0,0.0,100.0,0.0,0,0.0,0.0,100.0,0.0,0
2026-09-21 14:06:28,539.74,300.0,295.0,100.0,0.0,1,350.0,345.0,100.0,0.0,1,500.0,497.0,100.0,0.0,1,0.0,0.0,100.0,0.0,0,0.0,0.0,100.0,0.0,0,0.0,0.0,100.0,0.0,0
2026-09-21 14:06:29,540.75,300.0,295.0,100.0,0.0,1,350.0,345.0,100.0,0.0,1,500.0,497.0,100.0,0.0,1,0.0,0.0,100.0,0.0,0,0.0,0.0,100.0,0.0,0,0.0,0.0,100.0,0.0,0
2026-09-21 14:06:30,541.76,300.0,295.0,100.0,0.0,1,350.0,345.0,100.0,0.0,1,500.0,497.0,100.0,0.0,1,0.0,0.0,100.0,0.0,0,0.0,0.0,100.0,0.0,0,0.0,0.0,100.0,0.0,0
2026-09-21 14:06:31,542.76,300.0,295.0,100.0,0.0,1,350.0,345.0,100.0,0.0,1,500.0,497.0,100.0,0.0,1,0.0,0.0,100.0,0.0,0,0.0,0.0,100.0,0.0,0,0.0,0.0,100.0,0.0,0
2026-09-21 14:06:32,543.77,300.0,295.0,100.0,0.0,1,350.0,345.0,100.0,0.0,1,500.0,497.0,100.0,0.0,1,0.0,0.0,100.0,0.0,0,0.0,0.0,100.0,0.0,0,0.0,0.0,100.0,0.0,0
2026-09-21 14:06:33,544.78,300.0,295.0,100.0,0.0,1,350.0,345.0,100.0,0.0,1,500.0,497.0,100.0,0.0,1,0.0,0.0,100.0,0.0,0,0.0,0.0,100.0,0.0,0,0.0,0.0,100.0,0.0,0
2026-09-21 14:06:34,545.79,300.0,295.0,100.0,0.0,1,350.0,345.0,100.0,0.0,1,500.0,497.0,100.0,0.0,1,0.0,0.0,100.0,0.0,0,0.0,0.0,100.0,0.0,0,0.0,0.0,100.0,0.0,0
2026-09-21 14:06:35,546.8,300.0,295.0,100.0,0.0,1,350.0,345.0,100.0,0.0,1,500.0,497.0,100.0,0.0,1,0.0,0.0,100.0,0.0,0,0.0,0.0,100.0,0.0,0,0.0,0.0,100.0,0.0,0
2026-09-21 14:06:36,547.8,300.0,295.0,100.0,0.0,1,350.0,345.0,100.0,0.0,1,500.0,497.0,100.0,0.0,1,0.0,0.0,100.0,0.0,0,0.0,0.0,100.0,0.0,0,0.0,0.0,100.0,0.0,0
2026-09-21 14:06:37,548.81,300.0,295.0,100.0,0.0,1,350.0,345.0,100.0,0.0,1,500.0,497.0,100.0,0.0,1,0.0,0.0,100.0,0.0,0,0.0,0.0,100.0,0.0,0,0.0,0.0,100.0,0.0,0
2026-09-21 14:06:38,549.82,300.0,295.0,100.0,0.0,1,350.0,345.0,100.0,0.0,1,500.0,497.0,100.0,0.0,1,0.0,0.0,100.0,0.0,0,0.0,0.0,100.0,0.0,0,0.0,0.0,100.0,0.0,0
2026-09-21 14:06:39,550.83,300.0,295.0,100.0,0.0,1,350.0,345.0,100.0,0.0,1,500.0,497.0,100.0,0.0,1,0.0,0.0,100.0,0.0,0,0.0,0.0,100.0,0.0,0,0.0,0.0,100.0,0.0,0
2026-09-21 14:06:40,551.83,300.0,295.0,100.0,0.0,1,350.0,345.0,100.0,0.0,1,500.0,497.0,100.0,0.0,1,0.0,0.0,100.0,0.0,0,0.0,0.0,100.0,0.0,0,0.0,0.0,100.0,0.0,0
2026-09-21 14:06:41,552.84,300.0,295.0,100.0,0.0,1,350.0,345.0,100.0,0.0,1,500.0,497.0,100.0,0.0,1,0.0,0.0,100.0,0.0,0,0.0,0.0,100.0,0.0,0,0.0,0.0,100.0,0.0,0
2026-09-21 14:06:42,553.85,300.0,295.0,100.0,0.0,1,350.0,345.0,100.0,0.0,1,500.0,497.0,100.0,0.0,1,0.0,0.0,100.0,0.0,0,0.0,0.0,100.0,0.0,0,0.0,0.0,100.0,0.0,0
2026-09-21 14:06:43,554.85,300.0,295.0,100.0,0.0,1,350.0,345.0,100.0,0.0,1,500.0,497.0,100.0,0.0,1,0.0,0.0,100.0,0.0,0,0.0,0.0,100.0,0.0,0,0.0,0.0,100.0,0.0,0
2026-09-21 14:06:44,555.86,300.0,295.0,100.0,0.0,1,350.0,345.0,100.0,0.0,1,500.0,497.0,100.0,0.0,1,0.0,0.0,100.0,0.0,0,0.0,0.0,100.0,0.0,0,0.0,0.0,100.0,0.0,0
2026-09-21 14:06:45,556.86,300.0,295.0,100.0,0.0,1,350.0,345.0,100.0,0.0,1,500.0,497.0,100.0,0.0,1,0.0,0.0,100.0,0.0,0,0.0,0.0,100.0,0.0,0,0.0,0.0,100.0,0.0,0
2026-09-21 14:06:46,557.87,300.0,295.0,100.0,0.0,1,350.0,345.0,100.0,0.0,1,500.0,497.0,100.0,0.0,1,0.0,0.0,100.0,0.0,0,0.0,0.0,100.0,0.0,0,0.0,0.0,100.0,0.0,0
2026-09-21 14:06:47,558.87,300.0,295.0,100.0,0.0,1,350.0,345.0,100.0,0.0,1,500.0,497.0,100.0,0.0,1,0.0,0.0,100.0,0.0,0,0.0,0.0,100.0,0.0,0,0.0,0.0,100.0,0.0,0
2026-09-21 14:06:48,559.88,300.0,295.0,100.0,0.0,1,350.0,345.0,100.0,0.0,1,500.0,497.0,100.0,0.0,1,0.0,0.0,100.0,0.0,0,0.0,0.0,100.0,0.0,0,0.0,0.0,100.0,0.0,0
2026-09-21 14:06:49,560.88,300.0,295.0,100.0,0.0,1,350.0,345.0,100.0,0.0,1,500.0,497.0,100.0,0.0,1,0.0,0.0,100.0,0.0,0,0.0,0.0,100.0,0.0,0,0.0,0.0,100.0,0.0,0
2026-09-21 14:06:50,561.89,300.0,295.0,100.0,0.0,1,350.0,345.0,100.0,0.0,1,500.0,497.0,100.0,0.0,1,0.0,0.0,100.0,0.0,0,0.0,0.0,100.0,0.0,0,0.0,0.0,100.0,0.0,0
2026-09-21 14:06:51,562.9,300.0,295.0,100.0,0.0,1,350.0,345.0,100.0,0.0,1,500.0,497.0,100.0,0.0,1,0.0,0.0,100.0,0.0,0,0.0,0.0,100.0,0.0,0,0.0,0.0,100.0,0.0,0
2026-09-21 14:06:52,563.9,300.0,295.0,100.0,0.0,1,350.0,345.0,100.0,0.0,1,500.0,497.0,100.0,0.0,1,0.0,0.0,100.0,0.0,0,0.0,0.0,100.0,0.0,0,0.0,0.0,100.0,0.0,0
2026-09-21 14:06:53,564.91,300.0,295.0,100.0,0.0,1,350.0,345.0,100.0,0.0,1,500.0,497.0,100.0,0.0,1,0.0,0.0,100.0,0.0,0,0.0,0.0,100.0,0.0,0,0.0,0.0,100.0,0.0,0
2026-09-21 14:06:54,565.91,300.0,295.0,100.0,0.0,1,350.0,345.0,100.0,0.0,1,500.0,497.0,100.0,0.0,1,0.0,0.0,100.0,0.0,0,0.0,0.0,100.0,0.0,0,0.0,0.0,100.0,0.0,0
2026-09-21 14:06:55,566.92,300.0,295.0,100.0,0.0,1,350.0,345.0,100.0,0.0,1,500.0,497.0,100.0,0.0,1,0.0,0.0,100.0,0.0,0,0.0,0.0,100.0,0.0,0,0.0,0.0,100.0,0.0,0
2026-09-21 14:06:56,567.93,300.0,295.0,100.0,0.0,1,350.0,345.0,100.0,0.0,1,500.0,497.0,100.0,0.0,1,0.0,0.0,100.0,0.0,0,0.0,0.0,100.0,0.0,0,0.0,0.0,100.0,0.0,0
2026-09-21 14:06:57,568.93,300.0,295.0,100.0,0.0,1,350.0,345.0,100.0,0.0,1,500.0,497.0,100.0,0.0,1,0.0,0.0,100.0,0.0,0,0.0,0.0,100.0,0.0,0,0.0,0.0,100.0,0.0,0
2026-09-21 14:06:58,569.94,300.0,295.0,100.0,0.0,1,350.0,345.0,100.0,0.0,1,500.0,497.0,100.0,0.0,1,0.0,0.0,100.0,0.0,0,0.0,0.0,100.0,0.0,0,0.0,0.0,100.0,0.0,0
2026-09-21 14:06:59,570.95,300.0,295.0,100.0,0.0,1,350.0,345.0,100.0,0.0,1,500.0,497.0,100.0,0.0,1,0.0,0.0,100.0,0.0,0,0.0,0.0,100.0,0.0,0,0.0,0.0,100.0,0.0,0
2026-09-21 14:07:00,571.95,300.0,295.0,100.0,0.0,1,350.0,345.0,100.0,0.0,1,500.0,497.0,100.0,0.0,1,0.0,0.0,100.0,0.0,0,0.0,0.0,100.0,0.0,0,0.0,0.0,100.0,0.0,0
2026-09-21 14:07:01,572.96,300.0,295.0,100.0,0.0,1,350.0,345.0,100.0,0.0,1,500.0,497.0,100.0,0.0,1,0.0,0.0,100.0,0.0,0,0.0,0.0,100.0,0.0,0,0.0,0.0,100.0,0.0,0
2026-09-21 14:07:02,573.97,300.0,295.0,100.0,0.0,1,350.0,345.0,100.0,0.0,1,500.0,497.0,100.0,0.0,1,0.0,0.0,100.0,0.0,0,0.0,0.0,100.0,0.0,0,0.0,0.0,100.0,0.0,0
2026-09-21 14:07:03,574.98,300.0,295.0,100.0,0.0,1,350.0,345.0,100.0,0.0,1,500.0,497.0,100.0,0.0,1,0.0,0.0,100.0,0.0,0,0.0,0.0,100.0,0.0,0,0.0,0.0,100.0,0.0,0
2026-09-21 14:07:04,575.98,300.0,295.0,100.0,0.0,1,350.0,345.0,100.0,0.0,1,500.0,497.0,100.0,0.0,1,0.0,0.0,100.0,0.0,0,0.0,0.0,100.0,0.0,0,0.0,0.0,100.0,0.0,0
2026-09-21 14:07:05,576.99,300.0,295.0,100.0,0.0,1,350.0,345.0,100.0,0.0,1,500.0,497.0,100.0,0.0,1,0.0,0.0,100.0,0.0,0,0.0,0.0,100.0,0.0,0,0.0,0.0,100.0,0.0,0
2026-09-21 14:07:06,578.0,300.0,295.0,100.0,0.0,1,350.0,345.0,100.0,0.0,1,500.0,497.0,100.0,0.0,1,0.0,0.0,100.0,0.0,0,0.0,0.0,100.0,0.0,0,0.0,0.0,100.0,0.0,0
2026-09-21 14:07:07,579.01,300.0,295.0,100.0,0.0,1,350.0,345.0,100.0,0.0,1,500.0,497.0,100.0,0.0,1,0.0,0.0,100.0,0.0,0,0.0,0.0,100.0,0.0,0,0.0,0.0,100.0,0.0,0
2026-09-21 14:07:08,580.01,300.0,295.0,100.0,0.0,1,350.0,345.0,100.0,0.0,1,500.0,497.0,100.0,0.0,1,0.0,0.0,100.0,0.0,0,0.0,0.0,100.0,0.0,0,0.0,0.0,100.0,0.0,0
2026-09-21 14:07:09,581.02,300.0,295.0,100.0,0.0,1,350.0,345.0,100.0,0.0,1,500.0,497.0,100.0,0.0,1,0.0,0.0,100.0,0.0,0,0.0,0.0,100.0,0.0,0,0.0,0.0,100.0,0.0,0
2026-09-21 14:07:10,582.03,300.0,295.0,100.0,0.0,1,350.0,345.0,100.0,0.0,1,500.0,497.0,100.0,0.0,1,0.0,0.0,100.0,0.0,0,0.0,0.0,100.0,0.0,0,0.0,0.0,100.0,0.0,0
2026-09-21 14:07:11,583.03,300.0,295.0,100.0,0.0,1,350.0,345.0,100.0,0.0,1,500.0,497.0,100.0,0.0,1,0.0,0.0,100.0,0.0,0,0.0,0.0,100.0,0.0,0,0.0,0.0,100.0,0.0,0
2026-09-21 14:07:12,584.04,300.0,295.0,100.0,0.0,1,350.0,345.0,100.0,0.0,1,500.0,497.0,100.0,0.0,1,0.0,0.0,100.0,0.0,0,0.0,0.0,100.0,0.0,0,0.0,0.0,100.0,0.0,0
2026-09-21 14:07:13,585.04,300.0,295.0,100.0,0.0,1,350.0,345.0,100.0,0.0,1,500.0,497.0,100.0,0.0,1,0.0,0.0,100.0,0.0,0,0.0,0.0,100.0,0.0,0,0.0,0.0,100.0,0.0,0
2026-09-21 14:07:14,586.05,300.0,295.0,100.0,0.0,1,350.0,345.0,100.0,0.0,1,500.0,497.0,100.0,0.0,1,0.0,0.0,100.0,0.0,0,0.0,0.0,100.0,0.0,0,0.0,0.0,100.0,0.0,0
2026-09-21 14:07:15,587.06,300.0,295.0,100.0,0.0,1,350.0,345.0,100.0,0.0,1,500.0,497.0,100.0,0.0,1,0.0,0.0,100.0,0.0,0,0.0,0.0,100.0,0.0,0,0.0,0.0,100.0,0.0,0
2026-09-21 14:07:16,588.06,300.0,295.0,100.0,0.0,1,350.0,345.0,100.0,0.0,1,500.0,497.0,100.0,0.0,1,0.0,0.0,100.0,0.0,0,0.0,0.0,100.0,0.0,0,0.0,0.0,100.0,0.0,0
2026-09-21 14:07:17,589.07,300.0,295.0,100.0,0.0,1,350.0,345.0,100.0,0.0,1,500.0,497.0,100.0,0.0,1,0.0,0.0,100.0,0.0,0,0.0,0.0,100.0,0.0,0,0.0,0.0,100.0,0.0,0
2026-09-21 14:07:18,590.08,300.0,295.0,100.0,0.0,1,350.0,345.0,100.0,0.0,1,500.0,497.0,100.0,0.0,1,0.0,0.0,100.0,0.0,0,0.0,0.0,100.0,0.0,0,0.0,0.0,100.0,0.0,0
2026-09-21 14:07:19,591.08,300.0,295.0,100.0,0.0,1,350.0,345.0,100.0,0.0,1,500.0,497.0,100.0,0.0,1,0.0,0.0,100.0,0.0,0,0.0,0.0,100.0,0.0,0,0.0,0.0,100.0,0.0,0
2026-09-21 14:07:20,592.09,300.0,295.0,100.0,0.0,1,350.0,345.0,100.0,0.0,1,500.0,497.0,100.0,0.0,1,0.0,0.0,100.0,0.0,0,0.0,0.0,100.0,0.0,0,0.0,0.0,100.0,0.0,0
2026-09-21 14:07:21,593.1,300.0,295.0,100.0,0.0,1,350.0,345.0,100.0,0.0,1,500.0,497.0,100.0,0.0,1,0.0,0.0,100.0,0.0,0,0.0,0.0,100.0,0.0,0,0.0,0.0,100.0,0.0,0
2026-09-21 14:07:22,594.1,300.0,295.0,100.0,0.0,1,350.0,345.0,100.0,0.0,1,500.0,497.0,100.0,0.0,1,0.0,0.0,100.0,0.0,0,0.0,0.0,100.0,0.0,0,0.0,0.0,100.0,0.0,0
2026-09-21 14:07:23,595.11,300.0,295.0,100.0,0.0,1,350.0,345.0,100.0,0.0,1,500.0,497.0,100.0,0.0,1,0.0,0.0,100.0,0.0,0,0.0,0.0,100.0,0.0,0,0.0,0.0,100.0,0.0,0
2026-09-21 14:07:24,596.12,300.0,295.0,100.0,0.0,1,350.0,345.0,100.0,0.0,1,500.0,497.0,100.0,0.0,1,0.0,0.0,100.0,0.0,0,0.0,0.0,100.0,0.0,0,0.0,0.0,100.0,0.0,0
2026-09-21 14:07:25,597.13,300.0,295.0,100.0,0.0,1,350.0,345.0,100.0,0.0,1,500.0,497.0,100.0,0.0,1,0.0,0.0,100.0,0.0,0,0.0,0.0,100.0,0.0,0,0.0,0.0,100.0,0.0,0
2026-09-21 14:07:26,598.13,300.0,295.0,100.0,0.0,1,350.0,345.0,100.0,0.0,1,500.0,497.0,100.0,0.0,1,0.0,0.0,100.0,0.0,0,0.0,0.0,100.0,0.0,0,0.0,0.0,100.0,0.0,0
2026-09-21 14:07:27,599.14,300.0,295.0,100.0,0.0,1,350.0,345.0,100.0,0.0,1,500.0,497.0,100.0,0.0,1,0.0,0.0,100.0,0.0,0,0.0,0.0,100.0,0.0,0,0.0,0.0,100.0,0.0,0
2026-09-21 14:07:28,600.15,300.0,295.0,100.0,0.0,1,350.0,345.0,100.0,0.0,1,500.0,497.0,100.0,0.0,1,0.0,0.0,100.0,0.0,0,0.0,0.0,100.0,0.0,0,0.0,0.0,100.0,0.0,0
2026-09-21 14:07:29,601.16,300.0,295.0,100.0,0.0,1,350.0,345.0,100.0,0.0,1,500.0,497.0,100.0,0.0,1,0.0,0.0,100.0,0.0,0,0.0,0.0,100.0,0.0,0,0.0,0.0,100.0,0.0,0
2026-09-21 14:07:30,602.16,300.0,295.0,100.0,0.0,1,350.0,345.0,100.0,0.0,1,500.0,497.0,100.0,0.0,1,0.0,0.0,100.0,0.0,0,0.0,0.0,100.0,0.0,0,0.0,0.0,100.0,0.0,0
2026-09-21 14:07:31,603.17,300.0,295.0,100.0,0.0,1,350.0,345.0,100.0,0.0,1,500.0,497.0,100.0,0.0,1,0.0,0.0,100.0,0.0,0,0.0,0.0,100.0,0.0,0,0.0,0.0,100.0,0.0,0
2026-09-21 14:07:32,604.18,300.0,295.0,100.0,0.0,1,350.0,345.0,100.0,0.0,1,500.0,497.0,100.0,0.0,1,0.0,0.0,100.0,0.0,0,0.0,0.0,100.0,0.0,0,0.0,0.0,100.0,0.0,0
2026-09-21 14:07:34,605.19,300.0,295.0,100.0,0.0,1,350.0,345.0,100.0,0.0,1,500.0,497.0,100.0,0.0,1,0.0,0.0,100.0,0.0,0,0.0,0.0,100.0,0.0,0,0.0,0.0,100.0,0.0,0
2026-09-21 14:07:35,606.19,300.0,295.0,100.0,0.0,1,350.0,345.0,100.0,0.0,1,500.0,497.0,100.0,0.0,1,0.0,0.0,100.0,0.0,0,0.0,0.0,100.0,0.0,0,0.0,0.0,100.0,0.0,0
2026-09-21 14:07:36,607.2,300.0,295.0,100.0,0.0,1,350.0,345.0,100.0,0.0,1,500.0,497.0,100.0,0.0,1,0.0,0.0,100.0,0.0,0,0.0,0.0,100.0,0.0,0,0.0,0.0,100.0,0.0,0
2026-09-21 14:07:37,608.21,300.0,295.0,100.0,0.0,1,350.0,345.0,100.0,0.0,1,500.0,497.0,100.0,0.0,1,0.0,0.0,100.0,0.0,0,0.0,0.0,100.0,0.0,0,0.0,0.0,100.0,0.0,0
2026-09-21 14:07:38,609.22,300.0,295.0,100.0,0.0,1,350.0,345.0,100.0,0.0,1,500.0,497.0,100.0,0.0,1,0.0,0.0,100.0,0.0,0,0.0,0.0,100.0,0.0,0,0.0,0.0,100.0,0.0,0
2026-09-21 14:07:39,610.23,300.0,295.0,100.0,0.0,1,350.0,345.0,100.0,0.0,1,500.0,497.0,100.0,0.0,1,0.0,0.0,100.0,0.0,0,0.0,0.0,100.0,0.0,0,0.0,0.0,100.0,0.0,0
2026-09-21 14:07:40,611.23,300.0,295.0,100.0,0.0,1,350.0,345.0,100.0,0.0,1,500.0,497.0,100.0,0.0,1,0.0,0.0,100.0,0.0,0,0.0,0.0,100.0,0.0,0,0.0,0.0,100.0,0.0,0
2026-09-21 14:07:41,612.24,300.0,295.0,100.0,0.0,1,350.0,345.0,100.0,0.0,1,500.0,497.0,100.0,0.0,1,0.0,0.0,100.0,0.0,0,0.0,0.0,100.0,0.0,0,0.0,0.0,100.0,0.0,0
2026-09-21 14:07:42,613.25,300.0,295.0,100.0,0.0,1,350.0,345.0,100.0,0.0,1,500.0,497.0,100.0,0.0,1,0.0,0.0,100.0,0.0,0,0.0,0.0,100.0,0.0,0,0.0,0.0,100.0,0.0,0
2026-09-21 14:07:43,614.25,300.0,295.0,100.0,0.0,1,350.0,345.0,100.0,0.0,1,500.0,497.0,100.0,0.0,1,0.0,0.0,100.0,0.0,0,0.0,0.0,100.0,0.0,0,0.0,0.0,100.0,0.0,0
2026-09-21 14:07:44,615.26,300.0,295.0,100.0,0.0,1,350.0,345.0,100.0,0.0,1,500.0,497.0,100.0,0.0,1,0.0,0.0,100.0,0.0,0,0.0,0.0,100.0,0.0,0,0.0,0.0,100.0,0.0,0
2026-09-21 14:07:45,616.27,300.0,295.0,100.0,0.0,1,350.0,345.0,100.0,0.0,1,500.0,497.0,100.0,0.0,1,0.0,0.0,100.0,0.0,0,0.0,0.0,100.0,0.0,0,0.0,0.0,100.0,0.0,0
2026-09-21 14:07:46,617.27,300.0,295.0,100.0,0.0,1,350.0,345.0,100.0,0.0,1,500.0,497.0,100.0,0.0,1,0.0,0.0,100.0,0.0,0,0.0,0.0,100.0,0.0,0,0.0,0.0,100.0,0.0,0
2026-09-21 14:07:47,618.28,300.0,295.0,100.0,0.0,1,350.0,345.0,100.0,0.0,1,500.0,497.0,100.0,0.0,1,0.0,0.0,100.0,0.0,0,0.0,0.0,100.0,0.0,0,0.0,0.0,100.0,0.0,0
2026-09-21 14:07:48,619.28,300.0,295.0,100.0,0.0,1,350.0,345.0,100.0,0.0,1,500.0,497.0,100.0,0.0,1,0.0,0.0,100.0,0.0,0,0.0,0.0,100.0,0.0,0,0.0,0.0,100.0,0.0,0
2026-09-21 14:07:49,620.29,300.0,295.0,100.0,0.0,1,350.0,345.0,100.0,0.0,1,500.0,497.0,100.0,0.0,1,0.0,0.0,100.0,0.0,0,0.0,0.0,100.0,0.0,0,0.0,0.0,100.0,0.0,0
2026-09-21 14:07:50,621.3,300.0,295.0,100.0,0.0,1,350.0,345.0,100.0,0.0,1,500.0,497.0,100.0,0.0,1,0.0,0.0,100.0,0.0,0,0.0,0.0,100.0,0.0,0,0.0,0.0,100.0,0.0,0
2026-09-21 14:07:51,622.31,300.0,295.0,100.0,0.0,1,350.0,345.0,100.0,0.0,1,500.0,497.0,100.0,0.0,1,0.0,0.0,100.0,0.0,0,0.0,0.0,100.0,0.0,0,0.0,0.0,100.0,0.0,0
2026-09-21 14:07:52,623.31,300.0,295.0,100.0,0.0,1,350.0,345.0,100.0,0.0,1,500.0,497.0,100.0,0.0,1,0.0,0.0,100.0,0.0,0,0.0,0.0,100.0,0.0,0,0.0,0.0,100.0,0.0,0
2026-09-21 14:07:53,624.32,300.0,295.0,100.0,0.0,1,350.0,345.0,100.0,0.0,1,500.0,497.0,100.0,0.0,1,0.0,0.0,100.0,0.0,0,0.0,0.0,100.0,0.0,0,0.0,0.0,100.0,0.0,0
2026-09-21 14:07:54,625.32,300.0,295.0,100.0,0.0,1,350.0,345.0,100.0,0.0,1,500.0,497.0,100.0,0.0,1,0.0,0.0,100.0,0.0,0,0.0,0.0,100.0,0.0,0,0.0,0.0,100.0,0.0,0
2026-09-21 14:07:55,626.33,300.0,295.0,100.0,0.0,1,350.0,345.0,100.0,0.0,1,500.0,497.0,100.0,0.0,1,0.0,0.0,100.0,0.0,0,0.0,0.0,100.0,0.0,0,0.0,0.0,100.0,0.0,0
2026-09-21 14:07:56,627.34,300.0,295.0,100.0,0.0,1,350.0,345.0,100.0,0.0,1,500.0,497.0,100.0,0.0,1,0.0,0.0,100.0,0.0,0,0.0,0.0,100.0,0.0,0,0.0,0.0,100.0,0.0,0
2026-09-21 14:07:57,628.35,300.0,295.0,100.0,0.0,1,350.0,345.0,100.0,0.0,1,500.0,497.0,100.0,0.0,1,0.0,0.0,100.0,0.0,0,0.0,0.0,100.0,0.0,0,0.0,0.0,100.0,0.0,0
2026-09-21 14:07:58,629.36,300.0,295.0,100.0,0.0,1,350.0,345.0,100.0,0.0,1,500.0,497.0,100.0,0.0,1,0.0,0.0,100.0,0.0,0,0.0,0.0,100.0,0.0,0,0.0,0.0,100.0,0.0,0
2026-09-21 14:07:59,630.36,300.0,295.0,100.0,0.0,1,350.0,345.0,100.0,0.0,1,500.0,497.0,100.0,0.0,1,0.0,0.0,100.0,0.0,0,0.0,0.0,100.0,0.0,0,0.0,0.0,100.0,0.0,0
2026-09-21 14:08:00,631.37,300.0,295.0,100.0,0.0,1,350.0,345.0,100.0,0.0,1,500.0,497.0,100.0,0.0,1,0.0,0.0,100.0,0.0,0,0.0,0.0,100.0,0.0,0,0.0,0.0,100.0,0.0,0
2026-09-21 14:08:01,632.38,300.0,295.0,100.0,0.0,1,350.0,345.0,100.0,0.0,1,500.0,497.0,100.0,0.0,1,0.0,0.0,100.0,0.0,0,0.0,0.0,100.0,0.0,0,0.0,0.0,100.0,0.0,0
2026-09-21 14:08:02,633.38,300.0,295.0,100.0,0.0,1,350.0,345.0,100.0,0.0,1,500.0,497.0,100.0,0.0,1,0.0,0.0,100.0,0.0,0,0.0,0.0,100.0,0.0,0,0.0,0.0,100.0,0.0,0
2026-09-21 14:08:03,634.39,300.0,295.0,100.0,0.0,1,350.0,345.0,100.0,0.0,1,500.0,497.0,100.0,0.0,1,0.0,0.0,100.0,0.0,0,0.0,0.0,100.0,0.0,0,0.0,0.0,100.0,0.0,0
2026-09-21 14:08:04,635.4,300.0,295.0,100.0,0.0,1,350.0,345.0,100.0,0.0,1,500.0,497.0,100.0,0.0,1,0.0,0.0,100.0,0.0,0,0.0,0.0,100.0,0.0,0,0.0,0.0,100.0,0.0,0
2026-09-21 14:08:05,636.41,300.0,295.0,100.0,0.0,1,350.0,345.0,100.0,0.0,1,500.0,497.0,100.0,0.0,1,0.0,0.0,100.0,0.0,0,0.0,0.0,100.0,0.0,0,0.0,0.0,100.0,0.0,0
2026-09-21 14:08:06,637.41,300.0,295.0,100.0,0.0,1,350.0,345.0,100.0,0.0,1,500.0,497.0,100.0,0.0,1,0.0,0.0,100.0,0.0,0,0.0,0.0,100.0,0.0,0,0.0,0.0,100.0,0.0,0
2026-09-21 14:08:07,638.42,300.0,295.0,100.0,0.0,1,350.0,345.0,100.0,0.0,1,500.0,497.0,100.0,0.0,1,0.0,0.0,100.0,0.0,0,0.0,0.0,100.0,0.0,0,0.0,0.0,100.0,0.0,0
2026-09-21 14:08:08,639.43,300.0,295.0,100.0,0.0,1,350.0,345.0,100.0,0.0,1,500.0,497.0,100.0,0.0,1,0.0,0.0,100.0,0.0,0,0.0,0.0,100.0,0.0,0,0.0,0.0,100.0,0.0,0
2026-09-21 14:08:09,640.43,300.0,295.0,100.0,0.0,1,350.0,345.0,100.0,0.0,1,500.0,497.0,100.0,0.0,1,0.0,0.0,100.0,0.0,0,0.0,0.0,100.0,0.0,0,0.0,0.0,100.0,0.0,0
2026-09-21 14:08:10,641.44,300.0,295.0,100.0,0.0,1,350.0,345.0,100.0,0.0,1,500.0,497.0,100.0,0.0,1,0.0,0.0,100.0,0.0,0,0.0,0.0,100.0,0.0,0,0.0,0.0,100.0,0.0,0
2026-09-21 14:08:11,642.44,300.0,295.0,100.0,0.0,1,350.0,345.0,100.0,0.0,1,500.0,497.0,100.0,0.0,1,0.0,0.0,100.0,0.0,0,0.0,0.0,100.0,0.0,0,0.0,0.0,100.0,0.0,0
2026-09-21 14:08:12,643.45,300.0,295.0,100.0,0.0,1,350.0,345.0,100.0,0.0,1,500.0,497.0,100.0,0.0,1,0.0,0.0,100.0,0.0,0,0.0,0.0,100.0,0.0,0,0.0,0.0,100.0,0.0,0
2026-09-21 14:08:13,644.46,300.0,295.0,100.0,0.0,1,350.0,345.0,100.0,0.0,1,500.0,497.0,100.0,0.0,1,0.0,0.0,100.0,0.0,0,0.0,0.0,100.0,0.0,0,0.0,0.0,100.0,0.0,0
2026-09-21 14:08:14,645.46,300.0,295.0,100.0,0.0,1,350.0,345.0,100.0,0.0,1,500.0,497.0,100.0,0.0,1,0.0,0.0,100.0,0.0,0,0.0,0.0,100.0,0.0,0,0.0,0.0,100.0,0.0,0
2026-09-21 14:08:15,646.47,300.0,295.0,100.0,0.0,1,350.0,345.0,100.0,0.0,1,500.0,497.0,100.0,0.0,1,0.0,0.0,100.0,0.0,0,0.0,0.0,100.0,0.0,0,0.0,0.0,100.0,0.0,0
2026-09-21 14:08:16,647.48,300.0,295.0,100.0,0.0,1,350.0,345.0,100.0,0.0,1,500.0,497.0,100.0,0.0,1,0.0,0.0,100.0,0.0,0,0.0,0.0,100.0,0.0,0,0.0,0.0,100.0,0.0,0
2026-09-21 14:08:17,648.49,0.0,295.0,100.0,0.0,1,350.0,345.0,100.0,0.0,1,500.0,497.0,100.0,0.0,1,0.0,0.0,100.0,0.0,0,0.0,0.0,100.0,0.0,0,0.0,0.0,100.0,0.0,0
2026-09-21 14:08:18,649.5,0.0,295.0,100.0,0.0,1,0.0,345.0,100.0,0.0,1,0.0,497.0,100.0,0.0,1,0.0,0.0,100.0,0.0,0,0.0,0.0,100.0,0.0,0,0.0,0.0,100.0,0.0,0
2026-09-21 14:08:19,650.51,0.0,289.0,100.0,0.0,1,0.0,340.0,100.0,0.0,1,0.0,492.0,100.0,0.0,1,0.0,0.0,100.0,0.0,0,0.0,0.0,100.0,0.0,0,0.0,0.0,100.0,0.0,0
2026-09-21 14:08:20,651.51,0.0,277.0,100.0,0.0,1,0.0,328.0,100.0,0.0,1,0.0,480.0,100.0,0.0,1,0.0,0.0,100.0,0.0,0,0.0,0.0,100.0,0.0,0,0.0,0.0,100.0,0.0,0
2026-09-21 14:08:21,652.52,0.0,270.0,100.0,0.0,1,0.0,321.0,100.0,0.0,1,0.0,473.0,100.0,0.0,1,0.0,0.0,100.0,0.0,0,0.0,0.0,100.0,0.0,0,0.0,0.0,100.0,0.0,0
2026-09-21 14:08:22,653.53,0.0,264.0,100.0,0.0,1,0.0,315.0,100.0,0.0,1,0.0,467.0,100.0,0.0,1,0.0,0.0,100.0,0.0,0,0.0,0.0,100.0,0.0,0,0.0,0.0,100.0,0.0,0
2026-09-21 14:08:23,654.53,0.0,246.0,100.0,0.0,1,0.0,296.0,100.0,0.0,1,0.0,448.0,100.0,0.0,1,0.0,0.0,100.0,0.0,0,0.0,0.0,100.0,0.0,0,0.0,0.0,100.0,0.0,0
2026-09-21 14:08:24,655.54,0.0,239.0,100.0,0.0,1,0.0,290.0,100.0,0.0,1,0.0,442.0,100.0,0.0,1,0.0,0.0,100.0,0.0,0,0.0,0.0,100.0,0.0,0,0.0,0.0,100.0,0.0,0
2026-09-21 14:08:25,656.54,0.0,227.0,100.0,0.0,1,0.0,278.0,100.0,0.0,1,0.0,430.0,100.0,0.0,1,0.0,0.0,100.0,0.0,0,0.0,0.0,100.0,0.0,0,0.0,0.0,100.0,0.0,0
2026-09-21 14:08:26,657.55,0.0,221.0,100.0,0.0,1,0.0,271.0,100.0,0.0,1,0.0,424.0,100.0,0.0,1,0.0,0.0,100.0,0.0,0,0.0,0.0,100.0,0.0,0,0.0,0.0,100.0,0.0,0
2026-09-21 14:08:27,658.56,0.0,208.0,100.0,0.0,1,0.0,259.0,100.0,0.0,1,0.0,412.0,100.0,0.0,1,0.0,0.0,100.0,0.0,0,0.0,0.0,100.0,0.0,0,0.0,0.0,100.0,0.0,0
2026-09-21 14:08:28,659.57,0.0,202.0,100.0,0.0,1,0.0,252.0,100.0,0.0,1,0.0,405.0,100.0,0.0,1,0.0,0.0,100.0,0.0,0,0.0,0.0,100.0,0.0,0,0.0,0.0,100.0,0.0,0
2026-09-21 14:08:29,660.58,0.0,190.0,100.0,0.0,1,0.0,240.0,100.0,0.0,1,0.0,393.0,100.0,0.0,1,0.0,0.0,100.0,0.0,0,0.0,0.0,100.0,0.0,0,0.0,0.0,100.0,0.0,0
2026-09-21 14:08:30,661.58,0.0,177.0,100.0,0.0,1,0.0,227.0,100.0,0.0,1,0.0,380.0,100.0,0.0,1,0.0,0.0,100.0,0.0,0,0.0,0.0,100.0,0.0,0,0.0,0.0,100.0,0.0,0
2026-09-21 14:08:31,662.59,0.0,165.0,100.0,0.0,1,0.0,215.0,100.0,0.0,1,0.0,368.0,100.0,0.0,1,0.0,0.0,100.0,0.0,0,0.0,0.0,100.0,0.0,0,0.0,0.0,100.0,0.0,0
2026-09-21 14:08:32,663.6,0.0,159.0,100.0,0.0,1,0.0,209.0,100.0,0.0,1,0.0,362.0,100.0,0.0,1,0.0,0.0,100.0,0.0,0,0.0,0.0,100.0,0.0,0,0.0,0.0,100.0,0.0,0
2026-09-21 14:08:33,664.6,0.0,146.0,100.0,0.0,1,0.0,196.0,100.0,0.0,1,0.0,350.0,100.0,0.0,1,0.0,0.0,100.0,0.0,0,0.0,0.0,100.0,0.0,0,0.0,0.0,100.0,0.0,0
2026-09-21 14:08:34,665.61,0.0,140.0,100.0,0.0,1,0.0,190.0,100.0,0.0,1,0.0,343.0,100.0,0.0,1,0.0,0.0,100.0,0.0,0,0.0,0.0,100.0,0.0,0,0.0,0.0,100.0,0.0,0
2026-09-21 14:08:35,666.62,0.0,128.0,100.0,0.0,1,0.0,177.0,100.0,0.0,1,0.0,332.0,100.0,0.0,1,0.0,0.0,100.0,0.0,0,0.0,0.0,100.0,0.0,0,0.0,0.0,100.0,0.0,0
2026-09-21 14:08:36,667.62,0.0,122.0,100.0,0.0,1,0.0,171.0,100.0,0.0,1,0.0,326.0,100.0,0.0,1,0.0,0.0,100.0,0.0,0,0.0,0.0,100.0,0.0,0,0.0,0.0,100.0,0.0,0
2026-09-21 14:08:37,668.63,0.0,110.0,100.0,0.0,1,0.0,158.0,100.0,0.0,1,0.0,313.0,100.0,0.0,1,0.0,0.0,100.0,0.0,0,0.0,0.0,100.0,0.0,0,0.0,0.0,100.0,0.0,0
2026-09-21 14:08:38,669.64,0.0,98.0,100.0,0.0,1,0.0,146.0,100.0,0.0,1,0.0,301.0,100.0,0.0,1,0.0,0.0,100.0,0.0,0,0.0,0.0,100.0,0.0,0,0.0,0.0,100.0,0.0,0
2026-09-21 14:08:39,670.64,0.0,93.0,100.0,0.0,1,0.0,140.0,100.0,0.0,1,0.0,294.0,100.0,0.0,1,0.0,0.0,100.0,0.0,0,0.0,0.0,100.0,0.0,0,0.0,0.0,100.0,0.0,0
2026-09-21 14:08:40,671.65,0.0,79.0,100.0,0.0,1,0.0,127.0,100.0,0.0,1,0.0,282.0,100.0,0.0,1,0.0,0.0,100.0,0.0,0,0.0,0.0,100.0,0.0,0,0.0,0.0,100.0,0.0,0
2026-09-21 14:08:41,672.65,0.0,73.0,100.0,0.0,1,0.0,121.0,100.0,0.0,1,0.0,276.0,100.0,0.0,1,0.0,0.0,100.0,0.0,0,0.0,0.0,100.0,0.0,0,0.0,0.0,100.0,0.0,0
2026-09-21 14:08:42,673.66,0.0,61.0,100.0,0.0,1,0.0,108.0,100.0,0.0,1,0.0,263.0,100.0,0.0,1,0.0,0.0,100.0,0.0,0,0.0,0.0,100.0,0.0,0,0.0,0.0,100.0,0.0,0
2026-09-21 14:08:43,674.67,0.0,54.0,100.0,0.0,1,0.0,102.0,100.0,0.0,1,0.0,257.0,100.0,0.0,1,0.0,0.0,100.0,0.0,0,0.0,0.0,100.0,0.0,0,0.0,0.0,100.0,0.0,0
2026-09-21 14:08:44,675.67,0.0,39.0,100.0,0.0,1,0.0,85.0,100.0,0.0,1,0.0,239.0,100.0,0.0,1,0.0,0.0,100.0,0.0,0,0.0,0.0,100.0,0.0,0,0.0,0.0,100.0,0.0,0
2026-09-21 14:08:45,676.68,0.0,32.0,100.0,0.0,1,0.0,85.0,100.0,0.0,1,0.0,232.0,100.0,0.0,1,0.0,0.0,100.0,0.0,0,0.0,0.0,100.0,0.0,0,0.0,0.0,100.0,0.0,0
2026-09-21 14:08:46,677.69,0.0,22.0,100.0,0.0,1,0.0,65.0,100.0,0.0,1,0.0,220.0,100.0,0.0,1,0.0,0.0,100.0,0.0,0,0.0,0.0,100.0,0.0,0,0.0,0.0,100.0,0.0,0
2026-09-21 14:08:47,678.69,0.0,18.0,100.0,0.0,1,0.0,58.0,100.0,0.0,1,0.0,214.0,100.0,0.0,1,0.0,0.0,100.0,0.0,0,0.0,0.0,100.0,0.0,0,0.0,0.0,100.0,0.0,0
2026-09-21 14:08:48,679.7,0.0,12.0,100.0,0.0,1,0.0,46.0,100.0,0.0,1,0.0,201.0,100.0,0.0,1,0.0,0.0,100.0,0.0,0,0.0,0.0,100.0,0.0,0,0.0,0.0,100.0,0.0,0
2026-09-21 14:08:49,680.7,0.0,9.0,100.0,0.0,1,0.0,42.0,100.0,0.0,1,0.0,195.0,100.0,0.0,1,0.0,0.0,100.0,0.0,0,0.0,0.0,100.0,0.0,0,0.0,0.0,100.0,0.0,0
2026-09-21 14:08:50,681.71,0.0,8.0,100.0,0.0,1,0.0,36.0,100.0,0.0,1,0.0,189.0,100.0,0.0,1,0.0,0.0,100.0,0.0,0,0.0,0.0,100.0,0.0,0,0.0,0.0,100.0,0.0,0
2026-09-21 14:08:51,682.72,0.0,5.0,100.0,0.0,1,0.0,23.0,100.0,0.0,1,0.0,177.0,100.0,0.0,1,0.0,0.0,100.0,0.0,0,0.0,0.0,100.0,0.0,0,0.0,0.0,100.0,0.0,0
2026-09-21 14:08:52,683.73,0.0,4.0,100.0,0.0,1,0.0,16.0,100.0,0.0,1,0.0,164.0,100.0,0.0,1,0.0,0.0,100.0,0.0,0,0.0,0.0,100.0,0.0,0,0.0,0.0,100.0,0.0,0
2026-09-21 14:08:53,684.73,0.0,3.0,100.0,0.0,1,0.0,10.0,100.0,0.0,1,0.0,152.0,100.0,0.0,1,0.0,0.0,100.0,0.0,0,0.0,0.0,100.0,0.0,0,0.0,0.0,100.0,0.0,0
2026-09-21 14:08:54,685.74,0.0,2.0,100.0,0.0,1,0.0,8.0,100.0,0.0,1,0.0,146.0,100.0,0.0,1,0.0,0.0,100.0,0.0,0,0.0,0.0,100.0,0.0,0,0.0,0.0,100.0,0.0,0
2026-09-21 14:08:55,686.74,0.0,1.0,100.0,0.0,1,0.0,6.0,100.0,0.0,1,0.0,133.0,100.0,0.0,1,0.0,0.0,100.0,0.0,0,0.0,0.0,100.0,0.0,0,0.0,0.0,100.0,0.0,0
2026-09-21 14:08:56,687.75,0.0,1.0,100.0,0.0,1,0.0,5.0,100.0,0.0,1,0.0,127.0,100.0,0.0,1,0.0,0.0,100.0,0.0,0,0.0,0.0,100.0,0.0,0,0.0,0.0,100.0,0.0,0
2026-09-21 14:08:57,688.76,0.0,1.0,100.0,0.0,1,0.0,3.0,100.0,0.0,1,0.0,115.0,100.0,0.0,1,0.0,0.0,100.0,0.0,0,0.0,0.0,100.0,0.0,0,0.0,0.0,100.0,0.0,0
2026-09-21 14:08:58,689.76,0.0,1.0,100.0,0.0,1,0.0,3.0,100.0,0.0,1,0.0,109.0,100.0,0.0,1,0.0,0.0,100.0,0.0,0,0.0,0.0,100.0,0.0,0,0.0,0.0,100.0,0.0,0
2026-09-21 14:08:59,690.77,0.0,0.0,100.0,0.0,1,0.0,1.0,100.0,0.0,1,0.0,91.0,100.0,0.0,1,0.0,0.0,100.0,0.0,0,0.0,0.0,100.0,0.0,0,0.0,0.0,100.0,0.0,0
2026-09-21 14:09:00,691.77,0.0,0.0,100.0,0.0,1,0.0,1.0,100.0,0.0,1,0.0,88.0,100.0,0.0,1,0.0,0.0,100.0,0.0,0,0.0,0.0,100.0,0.0,0,0.0,0.0,100.0,0.0,0
2026-09-21 14:09:01,692.78,0.0,0.0,100.0,0.0,1,0.0,1.0,100.0,0.0,1,0.0,71.0,100.0,0.0,1,0.0,0.0,100.0,0.0,0,0.0,0.0,100.0,0.0,0,0.0,0.0,100.0,0.0,0
2026-09-21 14:09:02,693.79,0.0,0.0,100.0,0.0,1,0.0,1.0,100.0,0.0,1,0.0,65.0,100.0,0.0,1,0.0,0.0,100.0,0.0,0,0.0,0.0,100.0,0.0,0,0.0,0.0,100.0,0.0,0
2026-09-21 14:09:03,694.79,0.0,0.0,100.0,0.0,1,0.0,1.0,100.0,0.0,1,0.0,58.0,100.0,0.0,1,0.0,0.0,100.0,0.0,0,0.0,0.0,100.0,0.0,0,0.0,0.0,100.0,0.0,0
2026-09-21 14:09:04,695.8,0.0,0.0,100.0,0.0,1,0.0,0.0,100.0,0.0,1,0.0,46.0,100.0,0.0,1,0.0,0.0,100.0,0.0,0,0.0,0.0,100.0,0.0,0,0.0,0.0,100.0,0.0,0
2026-09-21 14:09:05,696.8,0.0,0.0,100.0,0.0,1,0.0,0.0,100.0,0.0,1,0.0,40.0,100.0,0.0,1,0.0,0.0,100.0,0.0,0,0.0,0.0,100.0,0.0,0,0.0,0.0,100.0,0.0,0
2026-09-21 14:09:06,697.81,0.0,0.0,100.0,0.0,1,0.0,0.0,100.0,0.0,1,0.0,25.0,100.0,0.0,1,0.0,0.0,100.0,0.0,0,0.0,0.0,100.0,0.0,0,0.0,0.0,100.0,0.0,0
2026-09-21 14:09:07,698.82,0.0,0.0,100.0,0.0,1,0.0,0.0,100.0,0.0,1,0.0,20.0,100.0,0.0,1,0.0,0.0,100.0,0.0,0,0.0,0.0,100.0,0.0,0,0.0,0.0,100.0,0.0,0
2026-09-21 14:09:08,699.82,0.0,0.0,100.0,0.0,1,0.0,0.0,100.0,0.0,1,0.0,14.0,100.0,0.0,1,0.0,0.0,100.0,0.0,0,0.0,0.0,100.0,0.0,0,0.0,0.0,100.0,0.0,0
2026-09-21 14:09:09,700.83,0.0,0.0,100.0,0.0,1,0.0,0.0,100.0,0.0,1,0.0,12.0,100.0,0.0,1,0.0,0.0,100.0,0.0,0,0.0,0.0,100.0,0.0,0,0.0,0.0,100.0,0.0,0
2026-09-21 14:09:10,701.84,0.0,0.0,100.0,0.0,1,0.0,0.0,100.0,0.0,1,0.0,8.0,100.0,0.0,1,0.0,0.0,100.0,0.0,0,0.0,0.0,100.0,0.0,0,0.0,0.0,100.0,0.0,0
2026-09-21 14:09:11,702.85,0.0,0.0,100.0,0.0,1,0.0,0.0,100.0,0.0,1,0.0,7.0,100.0,0.0,1,0.0,0.0,100.0,0.0,0,0.0,0.0,100.0,0.0,0,0.0,0.0,100.0,0.0,0
2026-09-21 14:09:12,703.85,0.0,0.0,100.0,0.0,1,0.0,0.0,100.0,0.0,1,0.0,5.0,100.0,0.0,1,0.0,0.0,100.0,0.0,0,0.0,0.0,100.0,0.0,0,0.0,0.0,100.0,0.0,0
