Timestamp,Elapsed,ch0_setV,ch0_monV,ch0_setI,ch0_monI,ch0_status,ch1_setV,ch1_monV,ch1_setI,ch1_monI,ch1_status,ch2_setV,ch2_monV,ch2_setI,ch2_monI,ch2_status,ch3_setV,ch3_monV,ch3_setI,ch3_monI,ch3_status,ch4_setV,ch4_monV,ch4_setI,ch4_monI,ch4_status,ch5_setV,ch5_monV,ch5_setI,ch5_monI,ch5_status
2026-06-19 12:40:13,8.89,0.0,0.0,100.0,0.0,0,0.0,0.0,100.0,0.0,0,0.0,0.0,100.0,0.0,0,0.0,0.0,100.0,0.0,0,0.0,0.0,100.0,0.0,0,0.0,0.0,100.0,0.0,0
2026-06-19 12:40:14,9.03,0.0,0.0,100.0,0.0,0,0.0,0.0,100.0,0.0,0,0.0,0.0,100.0,0.0,0,0.0,0.0,100.0,0.0,0,0.0,0.0,100.0,0.0,0,0.0,0.0,100.0,0.0,0
2026-06-19 12:40:14,9.9,0.0,0.0,100.0,0.0,0,0.0,0.0,100.0,0.0,0,0.0,0.0,100.0,0.0,0,0.0,0.0,100.0,0.0,0,0.0,0.0,100.0,0.0,0,0.0,0.0,100.0,0.0,0
2026-06-19 12:40:15,10.62,0.0,0.0,100.0,0.0,0,0.0,0.0,100.0,0.0,0,0.0,0.0,100.0,0.0,0,0.0,0.0,100.0,0.0,0,0.0,0.0,100.0,0.0,0,0.0,0.0,100.0,0.0,0
2026-06-19 12:40:16,11.38,0.0,0.0,100.0,0.0,0,0.0,0.0,100.0,0.0,0,0.0,0.0,100.0,0.0,0,0.0,0.0,100.0,0.0,0,0.0,0.0,100.0,0.0,0,0.0,0.0,100.0,0.0,0
2026-06-19 12:40:16,11.87,0.0,0.0,100.0,0.0,0,0.0,0.0,100.0,0.0,0,0.0,0.0,100.0,0.0,0,0.0,0.0,100.0,0.0,0,0.0,0.0,100.0,0.0,0,0.0,0.0,100.0,0.0,0
2026-06-19 12:40:17,12.36,0.0,0.0,100.0,0.0,0,0.0,0.0,100.0,0.0,0,0.0,0.0,100.0,0.0,0,0.0,0.0,100.0,0.0,0,0.0,0.0,100.0,0.0,0,0.0,0.0,100.0,0.0,0
2026-06-19 12:40:17,12.83,0.0,0.0,100.0,0.0,0,0.0,0.0,100.0,0.0,0,0.0,0.0,100.0,0.0,0,0.0,0.0,100.0,0.0,0,0.0,0.0,100.0,0.0,0,0.0,0.0,100.0,0.0,0
2026-06-19 12:40:18,13.58,0.0,0.0,100.0,0.0,0,0.0,0.0,100.0,0.0,0,0.0,0.0,100.0,0.0,0,0.0,0.0,100.0,0.0,0,0.0,0.0,100.0,0.0,0,0.0,0.0,100.0,0.0,0
2026-06-19 12:40:18,13.86,0.0,0.0,100.0,0.0,0,0.0,0.0,100.0,0.0,0,0.0,0.0,100.0,0.0,0,0.0,0.0,100.0,0.0,0,0.0,0.0,100.0,0.0,0,0.0,0.0,100.0,0.0,0
2026-06-19 12:40:19,14.36,0.0,0.0,100.0,0.0,0,0.0,0.0,100.0,0.0,0,0.0,0.0,100.0,0.0,0,0.0,0.0,100.0,0.0,0,0.0,0.0,100.0,0.0,0,0.0,0.0,100.0,0.0,0
2026-06-19 12:40:19,14.58,0.0,0.0,100.0,0.0,0,0.0,0.0,100.0,0.0,0,0.0,0.0,100.0,0.0,0,0.0,0.0,100.0,0.0,0,0.0,0.0,100.0,0.0,0,0.0,0.0,100.0,0.0,0
2026-06-19 12:40:19,14.74,0.0,0.0,100.0,0.0,0,0.0,0.0,100.0,0.0,0,0.0,0.0,100.0,0.0,0,0.0,0.0,100.0,0.0,0,0.0,0.0,100.0,0.0,0,0.0,0.0,100.0,0.0,0
2026-06-19 12:40:20,15.46,0.0,0.0,100.0,0.0,0,0.0,0.0,100.0,0.0,0,0.0,0.0,100.0,0.0,0,0.0,0.0,100.0,0.0,0,0.0,0.0,100.0,0.0,0,0.0,0.0,100.0,0.0,0
2026-06-19 12:40:21,16.07,0.0,0.0,100.0,0.0,0,0.0,0.0,100.0,0.0,0,0.0,0.0,100.0,0.0,0,0.0,0.0,100.0,0.0,0,0.0,0.0,100.0,0.0,0,0.0,0.0,100.0,0.0,0
2026-06-19 12:40:21,16.3,0.0,0.0,100.0,0.0,0,0.0,0.0,100.0,0.0,0,0.0,0.0,100.0,0.0,0,0.0,0.0,100.0,0.0,0,0.0,0.0,100.0,0.0,0,0.0,0.0,100.0,0.0,0
2026-06-19 12:40:21,16.57,0.0,0.0,100.0,0.0,0,0.0,0.0,100.0,0.0,0,0.0,0.0,100.0,0.0,0,0.0,0.0,100.0,0.0,0,0.0,0.0,100.0,0.0,0,0.0,0.0,100.0,0.0,0
2026-06-19 12:40:22,17.37,0.0,0.0,100.0,0.0,0,0.0,0.0,100.0,0.0,0,0.0,0.0,100.0,0.0,0,0.0,0.0,100.0,0.0,0,0.0,0.0,100.0,0.0,0,0.0,0.0,100.0,0.0,0
2026-06-19 12:40:23,18.08,0.0,0.0,100.0,0.0,0,0.0,0.0,100.0,0.0,0,0.0,0.0,100.0,0.0,0,0.0,0.0,100.0,0.0,0,0.0,0.0,100.0,0.0,0,0.0,0.0,100.0,0.0,0
2026-06-19 12:40:23,18.81,0.0,0.0,100.0,0.0,0,0.0,0.0,100.0,0.0,0,0.0,0.0,100.0,0.0,0,0.0,0.0,100.0,0.0,0,0.0,0.0,100.0,0.0,0,0.0,0.0,100.0,0.0,0
2026-06-19 12:40:24,19.54,0.0,0.0,100.0,0.0,0,0.0,0.0,100.0,0.0,0,0.0,0.0,100.0,0.0,0,0.0,0.0,100.0,0.0,0,0.0,0.0,100.0,0.0,0,0.0,0.0,100.0,0.0,0
2026-06-19 12:40:25,20.06,0.0,0.0,100.0,0.0,0,0.0,0.0,100.0,0.0,0,0.0,0.0,100.0,0.0,0,0.0,0.0,100.0,0.0,0,0.0,0.0,100.0,0.0,0,0.0,0.0,100.0,0.0,0
2026-06-19 12:40:25,20.82,0.0,0.0,100.0,0.0,0,0.0,0.0,100.0,0.0,0,0.0,0.0,100.0,0.0,0,0.0,0.0,100.0,0.0,0,0.0,0.0,100.0,0.0,0,0.0,0.0,100.0,0.0,0
2026-06-19 12:40:26,21.59,0.0,0.0,100.0,0.0,0,0.0,0.0,100.0,0.0,0,0.0,0.0,100.0,0.0,0,0.0,0.0,100.0,0.0,0,0.0,0.0,100.0,0.0,0,0.0,0.0,100.0,0.0,0
2026-06-19 12:40:27,22.32,0.0,0.0,100.0,0.0,0,0.0,0.0,100.0,0.0,0,0.0,0.0,100.0,0.0,0,0.0,0.0,100.0,0.0,0,0.0,0.0,100.0,0.0,0,0.0,0.0,100.0,0.0,0
2026-06-19 12:40:27,22.45,0.0,0.0,100.0,0.0,0,0.0,0.0,100.0,0.0,0,0.0,0.0,100.0,0.0,0,0.0,0.0,100.0,0.0,0,0.0,0.0,100.0,0.0,0,0.0,0.0,100.0,0.0,0
2026-06-19 12:40:28,23.22,0.0,0.0,100.0,0.0,0,0.0,0.0,100.0,0.0,0,0.0,0.0,100.0,0.0,0,0.0,0.0,100.0,0.0,0,0.0,0.0,100.0,0.0,0,0.0,0.0,100.0,0.0,0
2026-06-19 12:40:29,23.96,0.0,0.0,100.0,0.0,0,0.0,0.0,100.0,0.0,0,0.0,0.0,100.0,0.0,0,0.0,0.0,100.0,0.0,0,0.0,0.0,100.0,0.0,0,0.0,0.0,100.0,0.0,0
2026-06-19 12:40:29,24.7,0.0,0.0,100.0,0.0,0,0.0,0.0,100.0,0.0,0,0.0,0.0,100.0,0.0,0,0.0,0.0,100.0,0.0,0,0.0,0.0,100.0,0.0,0,0.0,0.0,100.0,0.0,0
2026-06-19 12:40:30,24.99,0.0,0.0,100.0,0.0,0,0.0,0.0,100.0,0.0,0,0.0,0.0,100.0,0.0,0,0.0,0.0,100.0,0.0,0,0.0,0.0,100.0,0.0,0,0.0,0.0,100.0,0.0,0
2026-06-19 12:40:30,25.73,0.0,0.0,100.0,0.0,0,0.0,0.0,100.0,0.0,0,0.0,0.0,100.0,0.0,0,0.0,0.0,100.0,0.0,0,0.0,0.0,100.0,0.0,0,0.0,0.0,100.0,0.0,0
2026-06-19 12:40:31,26.46,0.0,0.0,100.0,0.0,0,0.0,0.0,100.0,0.0,0,0.0,0.0,100.0,0.0,0,0.0,0.0,100.0,0.0,0,0.0,0.0,100.0,0.0,0,0.0,0.0,100.0,0.0,0
2026-06-19 12:40:32,27.18,0.0,0.0,100.0,0.0,0,0.0,0.0,100.0,0.0,0,0.0,0.0,100.0,0.0,0,0.0,0.0,100.0,0.0,0,0.0,0.0,100.0,0.0,0,0.0,0.0,100.0,0.0,0
2026-06-19 12:40:32,27.9,0.0,0.0,100.0,0.0,0,0.0,0.0,100.0,0.0,0,0.0,0.0,100.0,0.0,0,0.0,0.0,100.0,0.0,0,0.0,0.0,100.0,0.0,0,0.0,0.0,100.0,0.0,0
2026-06-19 12:40:33,28.66,0.0,0.0,100.0,0.0,0,0.0,0.0,100.0,0.0,0,0.0,0.0,100.0,0.0,0,0.0,0.0,100.0,0.0,0,0.0,0.0,100.0,0.0,0,0.0,0.0,100.0,0.0,0
2026-06-19 12:40:34,29.38,0.0,0.0,100.0,0.0,0,0.0,0.0,100.0,0.0,0,0.0,0.0,100.0,0.0,0,0.0,0.0,100.0,0.0,0,0.0,0.0,100.0,0.0,0,0.0,0.0,100.0,0.0,0
2026-06-19 12:40:35,30.11,0.0,0.0,100.0,0.0,0,0.0,0.0,100.0,0.0,0,0.0,0.0,100.0,0.0,0,0.0,0.0,100.0,0.0,0,0.0,0.0,100.0,0.0,0,0.0,0.0,100.0,0.0,0
2026-06-19 12:40:35,30.86,0.0,0.0,100.0,0.0,0,0.0,0.0,100.0,0.0,0,0.0,0.0,100.0,0.0,0,0.0,0.0,100.0,0.0,0,0.0,0.0,100.0,0.0,0,0.0,0.0,100.0,0.0,0
2026-06-19 12:40:36,31.61,0.0,0.0,100.0,0.0,0,0.0,0.0,100.0,0.0,0,0.0,0.0,100.0,0.0,0,0.0,0.0,100.0,0.0,0,0.0,0.0,100.0,0.0,0,0.0,0.0,100.0,0.0,0
2026-06-19 12:40:37,32.33,0.0,0.0,100.0,0.0,0,0.0,0.0,100.0,0.0,0,0.0,0.0,100.0,0.0,0,0.0,0.0,100.0,0.0,0,0.0,0.0,100.0,0.0,0,0.0,0.0,100.0,0.0,0
2026-06-19 12:40:38,32.98,0.0,0.0,100.0,0.0,0,0.0,0.0,100.0,0.0,0,0.0,0.0,100.0,0.0,0,0.0,0.0,100.0,0.0,0,0.0,0.0,100.0,0.0,0,0.0,0.0,100.0,0.0,0
2026-06-19 12:40:38,33.23,0.0,0.0,100.0,0.0,0,0.0,0.0,100.0,0.0,0,0.0,0.0,100.0,0.0,0,0.0,0.0,100.0,0.0,0,0.0,0.0,100.0,0.0,0,0.0,0.0,100.0,0.0,0
2026-06-19 12:40:39,33.95,0.0,0.0,100.0,0.0,0,0.0,0.0,100.0,0.0,0,0.0,0.0,100.0,0.0,0,0.0,0.0,100.0,0.0,0,0.0,0.0,100.0,0.0,0,0.0,0.0,100.0,0.0,0
2026-06-19 12:40:39,34.17,0.0,0.0,100.0,0.0,0,0.0,0.0,100.0,0.0,0,0.0,0.0,100.0,0.0,0,0.0,0.0,100.0,0.0,0,0.0,0.0,100.0,0.0,0,0.0,0.0,100.0,0.0,0
2026-06-19 12:40:39,34.92,0.0,0.0,100.0,0.0,0,0.0,0.0,100.0,0.0,0,0.0,0.0,100.0,0.0,0,0.0,0.0,100.0,0.0,0,0.0,0.0,100.0,0.0,0,0.0,0.0,100.0,0.0,0
2026-06-19 12:40:40,35.3,0.0,0.0,100.0,0.0,0,0.0,0.0,100.0,0.0,0,0.0,0.0,100.0,0.0,0,0.0,0.0,100.0,0.0,0,0.0,0.0,100.0,0.0,0,0.0,0.0,100.0,0.0,0
2026-06-19 12:40:40,35.55,0.0,0.0,100.0,0.0,0,0.0,0.0,100.0,0.0,0,0.0,0.0,100.0,0.0,0,0.0,0.0,100.0,0.0,0,0.0,0.0,100.0,0.0,0,0.0,0.0,100.0,0.0,0
2026-06-19 12:40:41,36.0,0.0,0.0,100.0,0.0,0,0.0,0.0,100.0,0.0,0,0.0,0.0,100.0,0.0,0,0.0,0.0,100.0,0.0,0,0.0,0.0,100.0,0.0,0,0.0,0.0,100.0,0.0,0
2026-06-19 12:40:41,36.37,0.0,0.0,100.0,0.0,0,0.0,0.0,100.0,0.0,0,0.0,0.0,100.0,0.0,0,0.0,0.0,100.0,0.0,0,0.0,0.0,100.0,0.0,0,0.0,0.0,100.0,0.0,0
2026-06-19 12:40:42,37.1,0.0,0.0,100.0,0.0,0,0.0,0.0,100.0,0.0,0,0.0,0.0,100.0,0.0,0,0.0,0.0,100.0,0.0,0,0.0,0.0,100.0,0.0,0,0.0,0.0,100.0,0.0,0
2026-06-19 12:40:42,37.84,0.0,0.0,100.0,0.0,0,0.0,0.0,100.0,0.0,0,0.0,0.0,100.0,0.0,0,0.0,0.0,100.0,0.0,0,0.0,0.0,100.0,0.0,0,0.0,0.0,100.0,0.0,0
2026-06-19 12:40:43,38.12,0.0,0.0,100.0,0.0,0,0.0,0.0,100.0,0.0,0,0.0,0.0,100.0,0.0,0,0.0,0.0,100.0,0.0,0,0.0,0.0,100.0,0.0,0,0.0,0.0,100.0,0.0,0
2026-06-19 12:40:43,38.9,0.0,0.0,100.0,0.0,0,0.0,0.0,100.0,0.0,0,0.0,0.0,100.0,0.0,0,0.0,0.0,100.0,0.0,0,0.0,0.0,100.0,0.0,0,0.0,0.0,100.0,0.0,0
2026-06-19 12:40:44,39.62,0.0,0.0,100.0,0.0,0,0.0,0.0,100.0,0.0,0,0.0,0.0,100.0,0.0,0,0.0,0.0,100.0,0.0,0,0.0,0.0,100.0,0.0,0,0.0,0.0,100.0,0.0,0
2026-06-19 12:40:44,39.76,0.0,0.0,100.0,0.0,0,0.0,0.0,100.0,0.0,0,0.0,0.0,100.0,0.0,0,0.0,0.0,100.0,0.0,0,0.0,0.0,100.0,0.0,0,0.0,0.0,100.0,0.0,0
2026-06-19 12:40:45,40.55,0.0,0.0,100.0,0.0,0,0.0,0.0,100.0,0.0,0,0.0,0.0,100.0,0.0,0,0.0,0.0,100.0,0.0,0,0.0,0.0,100.0,0.0,0,0.0,0.0,100.0,0.0,0
2026-06-19 12:40:45,40.83,0.0,0.0,100.0,0.0,0,0.0,0.0,100.0,0.0,0,0.0,0.0,100.0,0.0,0,0.0,0.0,100.0,0.0,0,0.0,0.0,100.0,0.0,0,0.0,0.0,100.0,0.0,0
2026-06-19 12:40:46,41.39,0.0,0.0,100.0,0.0,0,0.0,0.0,100.0,0.0,0,0.0,0.0,100.0,0.0,0,0.0,0.0,100.0,0.0,0,0.0,0.0,100.0,0.0,0,0.0,0.0,100.0,0.0,0
2026-06-19 12:40:46,41.77,0.0,0.0,100.0,0.0,0,0.0,0.0,100.0,0.0,0,0.0,0.0,100.0,0.0,0,0.0,0.0,100.0,0.0,0,0.0,0.0,100.0,0.0,0,0.0,0.0,100.0,0.0,0
2026-06-19 12:40:47,42.37,0.0,0.0,100.0,0.0,0,0.0,0.0,100.0,0.0,0,0.0,0.0,100.0,0.0,0,0.0,0.0,100.0,0.0,0,0.0,0.0,100.0,0.0,0,0.0,0.0,100.0,0.0,0
2026-06-19 12:40:48,43.12,0.0,0.0,100.0,0.0,0,0.0,0.0,100.0,0.0,0,0.0,0.0,100.0,0.0,0,0.0,0.0,100.0,0.0,0,0.0,0.0,100.0,0.0,0,0.0,0.0,100.0,0.0,0
2026-06-19 12:40:48,43.47,0.0,0.0,100.0,0.0,0,0.0,0.0,100.0,0.0,0,0.0,0.0,100.0,0.0,0,0.0,0.0,100.0,0.0,0,0.0,0.0,100.0,0.0,0,0.0,0.0,100.0,0.0,0
2026-06-19 12:40:49,44.21,0.0,0.0,100.0,0.0,0,0.0,0.0,100.0,0.0,0,0.0,0.0,100.0,0.0,0,0.0,0.0,100.0,0.0,0,0.0,0.0,100.0,0.0,0,0.0,0.0,100.0,0.0,0
2026-06-19 12:40:50,44.97,0.0,0.0,100.0,0.0,0,0.0,0.0,100.0,0.0,0,0.0,0.0,100.0,0.0,0,0.0,0.0,100.0,0.0,0,0.0,0.0,100.0,0.0,0,0.0,0.0,100.0,0.0,0
2026-06-19 12:40:50,45.71,0.0,0.0,100.0,0.0,0,0.0,0.0,100.0,0.0,0,0.0,0.0,100.0,0.0,0,0.0,0.0,100.0,0.0,0,0.0,0.0,100.0,0.0,0,0.0,0.0,100.0,0.0,0
2026-06-19 12:40:51,46.46,0.0,0.0,100.0,0.0,0,0.0,0.0,100.0,0.0,0,0.0,0.0,100.0,0.0,0,0.0,0.0,100.0,0.0,0,0.0,0.0,100.0,0.0,0,0.0,0.0,100.0,0.0,0
2026-06-19 12:40:52,47.2,0.0,0.0,100.0,0.0,0,0.0,0.0,100.0,0.0,0,0.0,0.0,100.0,0.0,0,0.0,0.0,100.0,0.0,0,0.0,0.0,100.0,0.0,0,0.0,0.0,100.0,0.0,0
2026-06-19 12:40:53,47.93,0.0,0.0,100.0,0.0,0,0.0,0.0,100.0,0.0,0,0.0,0.0,100.0,0.0,0,0.0,0.0,100.0,0.0,0,0.0,0.0,100.0,0.0,0,0.0,0.0,100.0,0.0,0
2026-06-19 12:40:53,48.68,0.0,0.0,100.0,0.0,0,0.0,0.0,100.0,0.0,0,0.0,0.0,100.0,0.0,0,0.0,0.0,100.0,0.0,0,0.0,0.0,100.0,0.0,0,0.0,0.0,100.0,0.0,0
2026-06-19 12:40:54,49.42,0.0,0.0,100.0,0.0,0,0.0,0.0,100.0,0.0,0,0.0,0.0,100.0,0.0,0,0.0,0.0,100.0,0.0,0,0.0,0.0,100.0,0.0,0,0.0,0.0,100.0,0.0,0
2026-06-19 12:40:55,50.21,0.0,0.0,100.0,0.0,0,0.0,0.0,100.0,0.0,0,0.0,0.0,100.0,0.0,0,0.0,0.0,100.0,0.0,0,0.0,0.0,100.0,0.0,0,0.0,0.0,100.0,0.0,0
2026-06-19 12:40:56,50.96,0.0,0.0,100.0,0.0,0,0.0,0.0,100.0,0.0,0,0.0,0.0,100.0,0.0,0,0.0,0.0,100.0,0.0,0,0.0,0.0,100.0,0.0,0,0.0,0.0,100.0,0.0,0
2026-06-19 12:40:56,51.69,0.0,0.0,100.0,0.0,0,0.0,0.0,100.0,0.0,0,0.0,0.0,100.0,0.0,0,0.0,0.0,100.0,0.0,0,0.0,0.0,100.0,0.0,0,0.0,0.0,100.0,0.0,0
2026-06-19 12:40:57,52.43,0.0,0.0,100.0,0.0,0,0.0,0.0,100.0,0.0,0,0.0,0.0,100.0,0.0,0,0.0,0.0,100.0,0.0,0,0.0,0.0,100.0,0.0,0,0.0,0.0,100.0,0.0,0
2026-06-19 12:40:58,53.17,0.0,0.0,100.0,0.0,0,0.0,0.0,100.0,0.0,0,0.0,0.0,100.0,0.0,0,0.0,0.0,100.0,0.0,0,0.0,0.0,100.0,0.0,0,0.0,0.0,100.0,0.0,0
2026-06-19 12:40:59,53.94,0.0,0.0,100.0,0.0,0,0.0,0.0,100.0,0.0,0,0.0,0.0,100.0,0.0,0,0.0,0.0,100.0,0.0,0,0.0,0.0,100.0,0.0,0,0.0,0.0,100.0,0.0,0
2026-06-19 12:40:59,54.7,0.0,0.0,100.0,0.0,0,0.0,0.0,100.0,0.0,0,0.0,0.0,100.0,0.0,0,0.0,0.0,100.0,0.0,0,0.0,0.0,100.0,0.0,0,0.0,0.0,100.0,0.0,0
2026-06-19 12:41:00,55.46,0.0,0.0,100.0,0.0,0,0.0,0.0,100.0,0.0,0,0.0,0.0,100.0,0.0,0,0.0,0.0,100.0,0.0,0,0.0,0.0,100.0,0.0,0,0.0,0.0,100.0,0.0,0
2026-06-19 12:41:01,56.2,0.0,0.0,100.0,0.0,0,0.0,0.0,100.0,0.0,0,0.0,0.0,100.0,0.0,0,0.0,0.0,100.0,0.0,0,0.0,0.0,100.0,0.0,0,0.0,0.0,100.0,0.0,0
2026-06-19 12:41:02,56.97,0.0,0.0,100.0,0.0,0,0.0,0.0,100.0,0.0,0,0.0,0.0,100.0,0.0,0,0.0,0.0,100.0,0.0,0,0.0,0.0,100.0,0.0,0,0.0,0.0,100.0,0.0,0
2026-06-19 12:41:02,57.72,0.0,0.0,100.0,0.0,0,0.0,0.0,100.0,0.0,0,0.0,0.0,100.0,0.0,0,0.0,0.0,100.0,0.0,0,0.0,0.0,100.0,0.0,0,0.0,0.0,100.0,0.0,0
2026-06-19 12:41:03,58.49,0.0,0.0,100.0,0.0,0,0.0,0.0,100.0,0.0,0,0.0,0.0,100.0,0.0,0,0.0,0.0,100.0,0.0,0,0.0,0.0,100.0,0.0,0,0.0,0.0,100.0,0.0,0
2026-06-19 12:41:04,59.21,0.0,0.0,100.0,0.0,0,0.0,0.0,100.0,0.0,0,0.0,0.0,100.0,0.0,0,0.0,0.0,100.0,0.0,0,0.0,0.0,100.0,0.0,0,0.0,0.0,100.0,0.0,0
2026-06-19 12:41:05,59.95,0.0,0.0,100.0,0.0,0,0.0,0.0,100.0,0.0,0,0.0,0.0,100.0,0.0,0,0.0,0.0,100.0,0.0,0,0.0,0.0,100.0,0.0,0,0.0,0.0,100.0,0.0,0
2026-06-19 12:41:05,60.67,0.0,0.0,100.0,0.0,0,0.0,0.0,100.0,0.0,0,0.0,0.0,100.0,0.0,0,0.0,0.0,100.0,0.0,0,0.0,0.0,100.0,0.0,0,0.0,0.0,100.0,0.0,0
2026-06-19 12:41:06,61.41,0.0,0.0,100.0,0.0,0,0.0,0.0,100.0,0.0,0,0.0,0.0,100.0,0.0,0,0.0,0.0,100.0,0.0,0,0.0,0.0,100.0,0.0,0,0.0,0.0,100.0,0.0,0
2026-06-19 12:41:07,62.14,0.0,0.0,100.0,0.0,0,0.0,0.0,100.0,0.0,0,0.0,0.0,100.0,0.0,0,0.0,0.0,100.0,0.0,0,0.0,0.0,100.0,0.0,0,0.0,0.0,100.0,0.0,0
2026-06-19 12:41:07,62.9,0.0,0.0,100.0,0.0,0,0.0,0.0,100.0,0.0,0,0.0,0.0,100.0,0.0,0,0.0,0.0,100.0,0.0,0,0.0,0.0,100.0,0.0,0,0.0,0.0,100.0,0.0,0
2026-06-19 12:41:08,63.65,0.0,0.0,100.0,0.0,0,0.0,0.0,100.0,0.0,0,0.0,0.0,100.0,0.0,0,0.0,0.0,100.0,0.0,0,0.0,0.0,100.0,0.0,0,0.0,0.0,100.0,0.0,0
2026-06-19 12:41:09,64.38,0.0,0.0,100.0,0.0,0,0.0,0.0,100.0,0.0,0,0.0,0.0,100.0,0.0,0,0.0,0.0,100.0,0.0,0,0.0,0.0,100.0,0.0,0,0.0,0.0,100.0,0.0,0
2026-06-19 12:41:10,65.13,0.0,0.0,100.0,0.0,0,0.0,0.0,100.0,0.0,0,0.0,0.0,100.0,0.0,0,0.0,0.0,100.0,0.0,0,0.0,0.0,100.0,0.0,0,0.0,0.0,100.0,0.0,0
2026-06-19 12:41:10,65.89,0.0,0.0,100.0,0.0,0,0.0,0.0,100.0,0.0,0,0.0,0.0,100.0,0.0,0,0.0,0.0,100.0,0.0,0,0.0,0.0,100.0,0.0,0,0.0,0.0,100.0,0.0,0
2026-06-19 12:41:11,66.62,0.0,0.0,100.0,0.0,0,0.0,0.0,100.0,0.0,0,0.0,0.0,100.0,0.0,0,0.0,0.0,100.0,0.0,0,0.0,0.0,100.0,0.0,0,0.0,0.0,100.0,0.0,0
2026-06-19 12:41:12,67.39,0.0,0.0,100.0,0.0,0,0.0,0.0,100.0,0.0,0,0.0,0.0,100.0,0.0,0,0.0,0.0,100.0,0.0,0,0.0,0.0,100.0,0.0,0,0.0,0.0,100.0,0.0,0
2026-06-19 12:41:13,68.13,0.0,0.0,100.0,0.0,0,0.0,0.0,100.0,0.0,0,0.0,0.0,100.0,0.0,0,0.0,0.0,100.0,0.0,0,0.0,0.0,100.0,0.0,0,0.0,0.0,100.0,0.0,0
2026-06-19 12:41:13,68.88,0.0,0.0,100.0,0.0,0,0.0,0.0,100.0,0.0,0,0.0,0.0,100.0,0.0,0,0.0,0.0,100.0,0.0,0,0.0,0.0,100.0,0.0,0,0.0,0.0,100.0,0.0,0
2026-06-19 12:41:14,69.63,0.0,0.0,100.0,0.0,0,0.0,0.0,100.0,0.0,0,0.0,0.0,100.0,0.0,0,0.0,0.0,100.0,0.0,0,0.0,0.0,100.0,0.0,0,0.0,0.0,100.0,0.0,0
2026-06-19 12:41:15,70.38,0.0,0.0,100.0,0.0,0,0.0,0.0,100.0,0.0,0,0.0,0.0,100.0,0.0,0,0.0,0.0,100.0,0.0,0,0.0,0.0,100.0,0.0,0,0.0,0.0,100.0,0.0,0
2026-06-19 12:41:16,71.12,0.0,0.0,100.0,0.0,0,0.0,0.0,100.0,0.0,0,0.0,0.0,100.0,0.0,0,0.0,0.0,100.0,0.0,0,0.0,0.0,100.0,0.0,0,0.0,0.0,100.0,0.0,0
2026-06-19 12:41:16,71.87,0.0,0.0,100.0,0.0,0,0.0,0.0,100.0,0.0,0,0.0,0.0,100.0,0.0,0,0.0,0.0,100.0,0.0,0,0.0,0.0,100.0,0.0,0,0.0,0.0,100.0,0.0,0
2026-06-19 12:41:17,72.65,0.0,0.0,100.0,0.0,0,0.0,0.0,100.0,0.0,0,0.0,0.0,100.0,0.0,0,0.0,0.0,100.0,0.0,0,0.0,0.0,100.0,0.0,0,0.0,0.0,100.0,0.0,0
2026-06-19 12:41:18,73.39,0.0,0.0,100.0,0.0,0,0.0,0.0,100.0,0.0,0,0.0,0.0,100.0,0.0,0,0.0,0.0,100.0,0.0,0,0.0,0.0,100.0,0.0,0,0.0,0.0,100.0,0.0,0
2026-06-19 12:41:19,74.15,0.0,0.0,100.0,0.0,0,0.0,0.0,100.0,0.0,0,0.0,0.0,100.0,0.0,0,0.0,0.0,100.0,0.0,0,0.0,0.0,100.0,0.0,0,0.0,0.0,100.0,0.0,0
2026-06-19 12:41:19,74.88,0.0,0.0,100.0,0.0,0,0.0,0.0,100.0,0.0,0,0.0,0.0,100.0,0.0,0,0.0,0.0,100.0,0.0,0,0.0,0.0,100.0,0.0,0,0.0,0.0,100.0,0.0,0
2026-06-19 12:41:20,75.6,0.0,0.0,100.0,0.0,0,0.0,0.0,100.0,0.0,0,0.0,0.0,100.0,0.0,0,0.0,0.0,100.0,0.0,0,0.0,0.0,100.0,0.0,0,0.0,0.0,100.0,0.0,0
2026-06-19 12:41:21,76.31,0.0,0.0,100.0,0.0,0,0.0,0.0,100.0,0.0,0,0.0,0.0,100.0,0.0,0,0.0,0.0,100.0,0.0,0,0.0,0.0,100.0,0.0,0,0.0,0.0,100.0,0.0,0
2026-06-19 12:41:22,77.04,0.0,0.0,100.0,0.0,0,0.0,0.0,100.0,0.0,0,0.0,0.0,100.0,0.0,0,0.0,0.0,100.0,0.0,0,0.0,0.0,100.0,0.0,0,0.0,0.0,100.0,0.0,0
2026-06-19 12:41:22,77.77,0.0,0.0,100.0,0.0,0,0.0,0.0,100.0,0.0,0,0.0,0.0,100.0,0.0,0,0.0,0.0,100.0,0.0,0,0.0,0.0,100.0,0.0,0,0.0,0.0,100.0,0.0,0
2026-06-19 12:41:23,78.51,0.0,0.0,100.0,0.0,0,0.0,0.0,100.0,0.0,0,0.0,0.0,100.0,0.0,0,0.0,0.0,100.0,0.0,0,0.0,0.0,100.0,0.0,0,0.0,0.0,100.0,0.0,0
2026-06-19 12:41:24,79.24,0.0,0.0,100.0,0.0,0,0.0,0.0,100.0,0.0,0,0.0,0.0,100.0,0.0,0,0.0,0.0,100.0,0.0,0,0.0,0.0,100.0,0.0,0,0.0,0.0,100.0,0.0,0
2026-06-19 12:41:25,79.97,0.0,0.0,100.0,0.0,0,0.0,0.0,100.0,0.0,0,0.0,0.0,100.0,0.0,0,0.0,0.0,100.0,0.0,0,0.0,0.0,100.0,0.0,0,0.0,0.0,100.0,0.0,0
2026-06-19 12:41:25,80.71,0.0,0.0,100.0,0.0,0,0.0,0.0,100.0,0.0,0,0.0,0.0,100.0,0.0,0,0.0,0.0,100.0,0.0,0,0.0,0.0,100.0,0.0,0,0.0,0.0,100.0,0.0,0
2026-06-19 12:41:26,81.49,0.0,0.0,100.0,0.0,0,0.0,0.0,100.0,0.0,0,0.0,0.0,100.0,0.0,0,0.0,0.0,100.0,0.0,0,0.0,0.0,100.0,0.0,0,0.0,0.0,100.0,0.0,0
2026-06-19 12:41:27,82.27,0.0,0.0,100.0,0.0,0,0.0,0.0,100.0,0.0,0,0.0,0.0,100.0,0.0,0,0.0,0.0,100.0,0.0,0,0.0,0.0,100.0,0.0,0,0.0,0.0,100.0,0.0,0
2026-06-19 12:41:28,83.01,0.0,0.0,100.0,0.0,0,0.0,0.0,100.0,0.0,0,0.0,0.0,100.0,0.0,0,0.0,0.0,100.0,0.0,0,0.0,0.0,100.0,0.0,0,0.0,0.0,100.0,0.0,0
2026-06-19 12:41:28,83.76,0.0,0.0,100.0,0.0,0,0.0,0.0,100.0,0.0,0,0.0,0.0,100.0,0.0,0,0.0,0.0,100.0,0.0,0,0.0,0.0,100.0,0.0,0,0.0,0.0,100.0,0.0,0
2026-06-19 12:41:29,84.55,0.0,0.0,100.0,0.0,0,0.0,0.0,100.0,0.0,0,0.0,0.0,100.0,0.0,0,0.0,0.0,100.0,0.0,0,0.0,0.0,100.0,0.0,0,0.0,0.0,100.0,0.0,0
2026-06-19 12:41:30,85.29,0.0,0.0,100.0,0.0,0,0.0,0.0,100.0,0.0,0,0.0,0.0,100.0,0.0,0,0.0,0.0,100.0,0.0,0,0.0,0.0,100.0,0.0,0,0.0,0.0,100.0,0.0,0
2026-06-19 12:41:31,86.03,0.0,0.0,100.0,0.0,0,0.0,0.0,100.0,0.0,0,0.0,0.0,100.0,0.0,0,0.0,0.0,100.0,0.0,0,0.0,0.0,100.0,0.0,0,0.0,0.0,100.0,0.0,0
2026-06-19 12:41:31,86.78,0.0,0.0,100.0,0.0,0,0.0,0.0,100.0,0.0,0,0.0,0.0,100.0,0.0,0,0.0,0.0,100.0,0.0,0,0.0,0.0,100.0,0.0,0,0.0,0.0,100.0,0.0,0
2026-06-19 12:41:32,87.54,0.0,0.0,100.0,0.0,0,0.0,0.0,100.0,0.0,0,0.0,0.0,100.0,0.0,0,0.0,0.0,100.0,0.0,0,0.0,0.0,100.0,0.0,0,0.0,0.0,100.0,0.0,0
2026-06-19 12:41:33,88.27,0.0,0.0,100.0,0.0,0,0.0,0.0,100.0,0.0,0,0.0,0.0,100.0,0.0,0,0.0,0.0,100.0,0.0,0,0.0,0.0,100.0,0.0,0,0.0,0.0,100.0,0.0,0
2026-06-19 12:41:34,89.1,0.0,0.0,100.0,0.0,0,0.0,0.0,100.0,0.0,0,0.0,0.0,100.0,0.0,0,0.0,0.0,100.0,0.0,0,0.0,0.0,100.0,0.0,0,0.0,0.0,100.0,0.0,0
2026-06-19 12:41:34,89.86,0.0,0.0,100.0,0.0,0,0.0,0.0,100.0,0.0,0,0.0,0.0,100.0,0.0,0,0.0,0.0,100.0,0.0,0,0.0,0.0,100.0,0.0,0,0.0,0.0,100.0,0.0,0
2026-06-19 12:41:35,90.61,0.0,0.0,100.0,0.0,0,0.0,0.0,100.0,0.0,0,0.0,0.0,100.0,0.0,0,0.0,0.0,100.0,0.0,0,0.0,0.0,100.0,0.0,0,0.0,0.0,100.0,0.0,0
2026-06-19 12:41:36,91.35,0.0,0.0,100.0,0.0,0,0.0,0.0,100.0,0.0,0,0.0,0.0,100.0,0.0,0,0.0,0.0,100.0,0.0,0,0.0,0.0,100.0,0.0,0,0.0,0.0,100.0,0.0,0
2026-06-19 12:41:37,92.07,0.0,0.0,100.0,0.0,0,0.0,0.0,100.0,0.0,0,0.0,0.0,100.0,0.0,0,0.0,0.0,100.0,0.0,0,0.0,0.0,100.0,0.0,0,0.0,0.0,100.0,0.0,0
2026-06-19 12:41:37,92.84,0.0,0.0,100.0,0.0,0,0.0,0.0,100.0,0.0,0,0.0,0.0,100.0,0.0,0,0.0,0.0,100.0,0.0,0,0.0,0.0,100.0,0.0,0,0.0,0.0,100.0,0.0,0
2026-06-19 12:41:38,93.63,0.0,0.0,100.0,0.0,0,0.0,0.0,100.0,0.0,0,0.0,0.0,100.0,0.0,0,0.0,0.0,100.0,0.0,0,0.0,0.0,100.0,0.0,0,0.0,0.0,100.0,0.0,0
2026-06-19 12:41:39,94.39,0.0,0.0,100.0,0.0,0,0.0,0.0,100.0,0.0,0,0.0,0.0,100.0,0.0,0,0.0,0.0,100.0,0.0,0,0.0,0.0,100.0,0.0,0,0.0,0.0,100.0,0.0,0
2026-06-19 12:41:40,95.15,0.0,0.0,100.0,0.0,0,0.0,0.0,100.0,0.0,0,0.0,0.0,100.0,0.0,0,0.0,0.0,100.0,0.0,0,0.0,0.0,100.0,0.0,0,0.0,0.0,100.0,0.0,0
2026-06-19 12:41:40,95.89,0.0,0.0,100.0,0.0,0,0.0,0.0,100.0,0.0,0,0.0,0.0,100.0,0.0,0,0.0,0.0,100.0,0.0,0,0.0,0.0,100.0,0.0,0,0.0,0.0,100.0,0.0,0
2026-06-19 12:41:41,96.65,0.0,0.0,100.0,0.0,0,0.0,0.0,100.0,0.0,0,0.0,0.0,100.0,0.0,0,0.0,0.0,100.0,0.0,0,0.0,0.0,100.0,0.0,0,0.0,0.0,100.0,0.0,0
2026-06-19 12:41:42,97.4,0.0,0.0,100.0,0.0,0,0.0,0.0,100.0,0.0,0,0.0,0.0,100.0,0.0,0,0.0,0.0,100.0,0.0,0,0.0,0.0,100.0,0.0,0,0.0,0.0,100.0,0.0,0
2026-06-19 12:41:43,98.14,0.0,0.0,100.0,0.0,0,0.0,0.0,100.0,0.0,0,0.0,0.0,100.0,0.0,0,0.0,0.0,100.0,0.0,0,0.0,0.0,100.0,0.0,0,0.0,0.0,100.0,0.0,0
2026-06-19 12:41:44,98.98,0.0,0.0,100.0,0.0,0,0.0,0.0,100.0,0.0,0,0.0,0.0,100.0,0.0,0,0.0,0.0,100.0,0.0,0,0.0,0.0,100.0,0.0,0,0.0,0.0,100.0,0.0,0
2026-06-19 12:41:44,99.72,0.0,0.0,100.0,0.0,0,0.0,0.0,100.0,0.0,0,0.0,0.0,100.0,0.0,0,0.0,0.0,100.0,0.0,0,0.0,0.0,100.0,0.0,0,0.0,0.0,100.0,0.0,0
2026-06-19 12:41:45,100.54,0.0,0.0,100.0,0.0,0,0.0,0.0,100.0,0.0,0,0.0,0.0,100.0,0.0,0,0.0,0.0,100.0,0.0,0,0.0,0.0,100.0,0.0,0,0.0,0.0,100.0,0.0,0
2026-06-19 12:41:46,101.32,0.0,0.0,100.0,0.0,0,0.0,0.0,100.0,0.0,0,0.0,0.0,100.0,0.0,0,0.0,0.0,100.0,0.0,0,0.0,0.0,100.0,0.0,0,0.0,0.0,100.0,0.0,0
2026-06-19 12:41:47,102.1,0.0,0.0,100.0,0.0,0,0.0,0.0,100.0,0.0,0,0.0,0.0,100.0,0.0,0,0.0,0.0,100.0,0.0,0,0.0,0.0,100.0,0.0,0,0.0,0.0,100.0,0.0,0
2026-06-19 12:41:47,102.88,0.0,0.0,100.0,0.0,0,0.0,0.0,100.0,0.0,0,0.0,0.0,100.0,0.0,0,0.0,0.0,100.0,0.0,0,0.0,0.0,100.0,0.0,0,0.0,0.0,100.0,0.0,0
2026-06-19 12:41:48,103.66,0.0,0.0,100.0,0.0,0,0.0,0.0,100.0,0.0,0,0.0,0.0,100.0,0.0,0,0.0,0.0,100.0,0.0,0,0.0,0.0,100.0,0.0,0,0.0,0.0,100.0,0.0,0
2026-06-19 12:41:49,104.45,0.0,0.0,100.0,0.0,0,0.0,0.0,100.0,0.0,0,0.0,0.0,100.0,0.0,0,0.0,0.0,100.0,0.0,0,0.0,0.0,100.0,0.0,0,0.0,0.0,100.0,0.0,0
2026-06-19 12:41:50,105.2,0.0,0.0,100.0,0.0,0,0.0,0.0,100.0,0.0,0,0.0,0.0,100.0,0.0,0,0.0,0.0,100.0,0.0,0,0.0,0.0,100.0,0.0,0,0.0,0.0,100.0,0.0,0
2026-06-19 12:41:51,105.94,0.0,0.0,100.0,0.0,0,0.0,0.0,100.0,0.0,0,0.0,0.0,100.0,0.0,0,0.0,0.0,100.0,0.0,0,0.0,0.0,100.0,0.0,0,0.0,0.0,100.0,0.0,0
2026-06-19 12:41:51,106.7,0.0,0.0,100.0,0.0,0,0.0,0.0,100.0,0.0,0,0.0,0.0,100.0,0.0,0,0.0,0.0,100.0,0.0,0,0.0,0.0,100.0,0.0,0,0.0,0.0,100.0,0.0,0
2026-06-19 12:41:52,107.5,0.0,0.0,100.0,0.0,0,0.0,0.0,100.0,0.0,0,0.0,0.0,100.0,0.0,0,0.0,0.0,100.0,0.0,0,0.0,0.0,100.0,0.0,0,0.0,0.0,100.0,0.0,0
2026-06-19 12:41:53,108.29,0.0,0.0,100.0,0.0,0,0.0,0.0,100.0,0.0,0,0.0,0.0,100.0,0.0,0,0.0,0.0,100.0,0.0,0,0.0,0.0,100.0,0.0,0,0.0,0.0,100.0,0.0,0
2026-06-19 12:41:54,109.04,0.0,0.0,100.0,0.0,0,0.0,0.0,100.0,0.0,0,0.0,0.0,100.0,0.0,0,0.0,0.0,100.0,0.0,0,0.0,0.0,100.0,0.0,0,0.0,0.0,100.0,0.0,0
2026-06-19 12:41:54,109.85,0.0,0.0,100.0,0.0,0,0.0,0.0,100.0,0.0,0,0.0,0.0,100.0,0.0,0,0.0,0.0,100.0,0.0,0,0.0,0.0,100.0,0.0,0,0.0,0.0,100.0,0.0,0
2026-06-19 12:41:55,110.64,0.0,0.0,100.0,0.0,0,0.0,0.0,100.0,0.0,0,0.0,0.0,100.0,0.0,0,0.0,0.0,100.0,0.0,0,0.0,0.0,100.0,0.0,0,0.0,0.0,100.0,0.0,0
2026-06-19 12:41:56,111.4,0.0,0.0,100.0,0.0,0,0.0,0.0,100.0,0.0,0,0.0,0.0,100.0,0.0,0,0.0,0.0,100.0,0.0,0,0.0,0.0,100.0,0.0,0,0.0,0.0,100.0,0.0,0
2026-06-19 12:41:57,112.17,0.0,0.0,100.0,0.0,0,0.0,0.0,100.0,0.0,0,0.0,0.0,100.0,0.0,0,0.0,0.0,100.0,0.0,0,0.0,0.0,100.0,0.0,0,0.0,0.0,100.0,0.0,0
2026-06-19 12:41:58,112.94,0.0,0.0,100.0,0.0,0,0.0,0.0,100.0,0.0,0,0.0,0.0,100.0,0.0,0,0.0,0.0,100.0,0.0,0,0.0,0.0,100.0,0.0,0,0.0,0.0,100.0,0.0,0
2026-06-19 12:41:58,113.69,0.0,0.0,100.0,0.0,0,0.0,0.0,100.0,0.0,0,0.0,0.0,100.0,0.0,0,0.0,0.0,100.0,0.0,0,0.0,0.0,100.0,0.0,0,0.0,0.0,100.0,0.0,0
2026-06-19 12:41:59,114.46,0.0,0.0,100.0,0.0,0,0.0,0.0,100.0,0.0,0,0.0,0.0,100.0,0.0,0,0.0,0.0,100.0,0.0,0,0.0,0.0,100.0,0.0,0,0.0,0.0,100.0,0.0,0
2026-06-19 12:42:00,115.24,0.0,0.0,100.0,0.0,0,0.0,0.0,100.0,0.0,0,0.0,0.0,100.0,0.0,0,0.0,0.0,100.0,0.0,0,0.0,0.0,100.0,0.0,0,0.0,0.0,100.0,0.0,0
2026-06-19 12:42:01,116.04,0.0,0.0,100.0,0.0,0,0.0,0.0,100.0,0.0,0,0.0,0.0,100.0,0.0,0,0.0,0.0,100.0,0.0,0,0.0,0.0,100.0,0.0,0,0.0,0.0,100.0,0.0,0
2026-06-19 12:42:01,116.82,0.0,0.0,100.0,0.0,0,0.0,0.0,100.0,0.0,0,0.0,0.0,100.0,0.0,0,0.0,0.0,100.0,0.0,0,0.0,0.0,100.0,0.0,0,0.0,0.0,100.0,0.0,0
2026-06-19 12:42:02,117.58,0.0,0.0,100.0,0.0,0,0.0,0.0,100.0,0.0,0,0.0,0.0,100.0,0.0,0,0.0,0.0,100.0,0.0,0,0.0,0.0,100.0,0.0,0,0.0,0.0,100.0,0.0,0
2026-06-19 12:42:03,118.33,0.0,0.0,100.0,0.0,0,0.0,0.0,100.0,0.0,0,0.0,0.0,100.0,0.0,0,0.0,0.0,100.0,0.0,0,0.0,0.0,100.0,0.0,0,0.0,0.0,100.0,0.0,0
2026-06-19 12:42:04,119.06,0.0,0.0,100.0,0.0,0,0.0,0.0,100.0,0.0,0,0.0,0.0,100.0,0.0,0,0.0,0.0,100.0,0.0,0,0.0,0.0,100.0,0.0,0,0.0,0.0,100.0,0.0,0
2026-06-19 12:42:04,119.91,0.0,0.0,100.0,0.0,0,0.0,0.0,100.0,0.0,0,0.0,0.0,100.0,0.0,0,0.0,0.0,100.0,0.0,0,0.0,0.0,100.0,0.0,0,0.0,0.0,100.0,0.0,0
2026-06-19 12:42:05,120.72,0.0,0.0,100.0,0.0,0,0.0,0.0,100.0,0.0,0,0.0,0.0,100.0,0.0,0,0.0,0.0,100.0,0.0,0,0.0,0.0,100.0,0.0,0,0.0,0.0,100.0,0.0,0
2026-06-19 12:42:06,121.47,0.0,0.0,100.0,0.0,0,0.0,0.0,100.0,0.0,0,0.0,0.0,100.0,0.0,0,0.0,0.0,100.0,0.0,0,0.0,0.0,100.0,0.0,0,0.0,0.0,100.0,0.0,0
2026-06-19 12:42:07,122.21,0.0,0.0,100.0,0.0,0,0.0,0.0,100.0,0.0,0,0.0,0.0,100.0,0.0,0,0.0,0.0,100.0,0.0,0,0.0,0.0,100.0,0.0,0,0.0,0.0,100.0,0.0,0
2026-06-19 12:42:08,122.96,0.0,0.0,100.0,0.0,0,0.0,0.0,100.0,0.0,0,0.0,0.0,100.0,0.0,0,0.0,0.0,100.0,0.0,0,0.0,0.0,100.0,0.0,0,0.0,0.0,100.0,0.0,0
2026-06-19 12:42:08,123.75,0.0,0.0,100.0,0.0,0,0.0,0.0,100.0,0.0,0,0.0,0.0,100.0,0.0,0,0.0,0.0,100.0,0.0,0,0.0,0.0,100.0,0.0,0,0.0,0.0,100.0,0.0,0
2026-06-19 12:42:09,124.48,0.0,0.0,100.0,0.0,0,0.0,0.0,100.0,0.0,0,0.0,0.0,100.0,0.0,0,0.0,0.0,100.0,0.0,0,0.0,0.0,100.0,0.0,0,0.0,0.0,100.0,0.0,0
2026-06-19 12:42:10,125.27,0.0,0.0,100.0,0.0,0,0.0,0.0,100.0,0.0,0,0.0,0.0,100.0,0.0,0,0.0,0.0,100.0,0.0,0,0.0,0.0,100.0,0.0,0,0.0,0.0,100.0,0.0,0
2026-06-19 12:42:11,126.04,0.0,0.0,100.0,0.0,0,0.0,0.0,100.0,0.0,0,0.0,0.0,100.0,0.0,0,0.0,0.0,100.0,0.0,0,0.0,0.0,100.0,0.0,0,0.0,0.0,100.0,0.0,0
2026-06-19 12:42:11,126.84,0.0,0.0,100.0,0.0,0,0.0,0.0,100.0,0.0,0,0.0,0.0,100.0,0.0,0,0.0,0.0,100.0,0.0,0,0.0,0.0,100.0,0.0,0,0.0,0.0,100.0,0.0,0
2026-06-19 12:42:12,127.58,0.0,0.0,100.0,0.0,0,0.0,0.0,100.0,0.0,0,0.0,0.0,100.0,0.0,0,0.0,0.0,100.0,0.0,0,0.0,0.0,100.0,0.0,0,0.0,0.0,100.0,0.0,0
2026-06-19 12:42:13,128.33,0.0,0.0,100.0,0.0,0,0.0,0.0,100.0,0.0,0,0.0,0.0,100.0,0.0,0,0.0,0.0,100.0,0.0,0,0.0,0.0,100.0,0.0,0,0.0,0.0,100.0,0.0,0
2026-06-19 12:42:14,129.08,0.0,0.0,100.0,0.0,0,0.0,0.0,100.0,0.0,0,0.0,0.0,100.0,0.0,0,0.0,0.0,100.0,0.0,0,0.0,0.0,100.0,0.0,0,0.0,0.0,100.0,0.0,0
2026-06-19 12:42:14,129.83,0.0,0.0,100.0,0.0,0,0.0,0.0,100.0,0.0,0,0.0,0.0,100.0,0.0,0,0.0,0.0,100.0,0.0,0,0.0,0.0,100.0,0.0,0,0.0,0.0,100.0,0.0,0
2026-06-19 12:42:15,130.59,0.0,0.0,100.0,0.0,0,0.0,0.0,100.0,0.0,0,0.0,0.0,100.0,0.0,0,0.0,0.0,100.0,0.0,0,0.0,0.0,100.0,0.0,0,0.0,0.0,100.0,0.0,0
2026-06-19 12:42:16,131.35,0.0,0.0,100.0,0.0,0,0.0,0.0,100.0,0.0,0,0.0,0.0,100.0,0.0,0,0.0,0.0,100.0,0.0,0,0.0,0.0,100.0,0.0,0,0.0,0.0,100.0,0.0,0
2026-06-19 12:42:17,132.07,0.0,0.0,100.0,0.0,0,0.0,0.0,100.0,0.0,0,0.0,0.0,100.0,0.0,0,0.0,0.0,100.0,0.0,0,0.0,0.0,100.0,0.0,0,0.0,0.0,100.0,0.0,0
2026-06-19 12:42:17,132.83,0.0,0.0,100.0,0.0,0,0.0,0.0,100.0,0.0,0,0.0,0.0,100.0,0.0,0,0.0,0.0,100.0,0.0,0,0.0,0.0,100.0,0.0,0,0.0,0.0,100.0,0.0,0
2026-06-19 12:42:18,133.6,0.0,0.0,100.0,0.0,0,0.0,0.0,100.0,0.0,0,0.0,0.0,100.0,0.0,0,0.0,0.0,100.0,0.0,0,0.0,0.0,100.0,0.0,0,0.0,0.0,100.0,0.0,0
2026-06-19 12:42:19,134.36,0.0,0.0,100.0,0.0,0,0.0,0.0,100.0,0.0,0,0.0,0.0,100.0,0.0,0,0.0,0.0,100.0,0.0,0,0.0,0.0,100.0,0.0,0,0.0,0.0,100.0,0.0,0
2026-06-19 12:42:20,135.15,0.0,0.0,100.0,0.0,0,0.0,0.0,100.0,0.0,0,0.0,0.0,100.0,0.0,0,0.0,0.0,100.0,0.0,0,0.0,0.0,100.0,0.0,0,0.0,0.0,100.0,0.0,0
2026-06-19 12:42:20,135.9,0.0,0.0,100.0,0.0,0,0.0,0.0,100.0,0.0,0,0.0,0.0,100.0,0.0,0,0.0,0.0,100.0,0.0,0,0.0,0.0,100.0,0.0,0,0.0,0.0,100.0,0.0,0
2026-06-19 12:42:21,136.66,0.0,0.0,100.0,0.0,0,0.0,0.0,100.0,0.0,0,0.0,0.0,100.0,0.0,0,0.0,0.0,100.0,0.0,0,0.0,0.0,100.0,0.0,0,0.0,0.0,100.0,0.0,0
2026-06-19 12:42:22,137.44,0.0,0.0,100.0,0.0,0,0.0,0.0,100.0,0.0,0,0.0,0.0,100.0,0.0,0,0.0,0.0,100.0,0.0,0,0.0,0.0,100.0,0.0,0,0.0,0.0,100.0,0.0,0
2026-06-19 12:42:23,138.19,0.0,0.0,100.0,0.0,0,0.0,0.0,100.0,0.0,0,0.0,0.0,100.0,0.0,0,0.0,0.0,100.0,0.0,0,0.0,0.0,100.0,0.0,0,0.0,0.0,100.0,0.0,0
2026-06-19 12:42:24,138.94,0.0,0.0,100.0,0.0,0,0.0,0.0,100.0,0.0,0,0.0,0.0,100.0,0.0,0,0.0,0.0,100.0,0.0,0,0.0,0.0,100.0,0.0,0,0.0,0.0,100.0,0.0,0
2026-06-19 12:42:24,139.76,0.0,0.0,100.0,0.0,0,0.0,0.0,100.0,0.0,0,0.0,0.0,100.0,0.0,0,0.0,0.0,100.0,0.0,0,0.0,0.0,100.0,0.0,0,0.0,0.0,100.0,0.0,0
2026-06-19 12:42:25,140.55,0.0,0.0,100.0,0.0,0,0.0,0.0,100.0,0.0,0,0.0,0.0,100.0,0.0,0,0.0,0.0,100.0,0.0,0,0.0,0.0,100.0,0.0,0,0.0,0.0,100.0,0.0,0
2026-06-19 12:42:26,141.29,0.0,0.0,100.0,0.0,0,0.0,0.0,100.0,0.0,0,0.0,0.0,100.0,0.0,0,0.0,0.0,100.0,0.0,0,0.0,0.0,100.0,0.0,0,0.0,0.0,100.0,0.0,0
2026-06-19 12:42:27,142.03,0.0,0.0,100.0,0.0,0,0.0,0.0,100.0,0.0,0,0.0,0.0,100.0,0.0,0,0.0,0.0,100.0,0.0,0,0.0,0.0,100.0,0.0,0,0.0,0.0,100.0,0.0,0
2026-06-19 12:42:27,142.8,0.0,0.0,100.0,0.0,0,0.0,0.0,100.0,0.0,0,0.0,0.0,100.0,0.0,0,0.0,0.0,100.0,0.0,0,0.0,0.0,100.0,0.0,0,0.0,0.0,100.0,0.0,0
2026-06-19 12:42:28,143.56,0.0,0.0,100.0,0.0,0,0.0,0.0,100.0,0.0,0,0.0,0.0,100.0,0.0,0,0.0,0.0,100.0,0.0,0,0.0,0.0,100.0,0.0,0,0.0,0.0,100.0,0.0,0
2026-06-19 12:42:29,144.31,0.0,0.0,100.0,0.0,0,0.0,0.0,100.0,0.0,0,0.0,0.0,100.0,0.0,0,0.0,0.0,100.0,0.0,0,0.0,0.0,100.0,0.0,0,0.0,0.0,100.0,0.0,0
2026-06-19 12:42:30,145.11,0.0,0.0,100.0,0.0,0,0.0,0.0,100.0,0.0,0,0.0,0.0,100.0,0.0,0,0.0,0.0,100.0,0.0,0,0.0,0.0,100.0,0.0,0,0.0,0.0,100.0,0.0,0
2026-06-19 12:42:30,145.9,0.0,0.0,100.0,0.0,0,0.0,0.0,100.0,0.0,0,0.0,0.0,100.0,0.0,0,0.0,0.0,100.0,0.0,0,0.0,0.0,100.0,0.0,0,0.0,0.0,100.0,0.0,0
2026-06-19 12:42:31,146.66,0.0,0.0,100.0,0.0,0,0.0,0.0,100.0,0.0,0,0.0,0.0,100.0,0.0,0,0.0,0.0,100.0,0.0,0,0.0,0.0,100.0,0.0,0,0.0,0.0,100.0,0.0,0
2026-06-19 12:42:32,147.4,0.0,0.0,100.0,0.0,0,0.0,0.0,100.0,0.0,0,0.0,0.0,100.0,0.0,0,0.0,0.0,100.0,0.0,0,0.0,0.0,100.0,0.0,0,0.0,0.0,100.0,0.0,0
2026-06-19 12:42:33,148.14,0.0,0.0,100.0,0.0,0,0.0,0.0,100.0,0.0,0,0.0,0.0,100.0,0.0,0,0.0,0.0,100.0,0.0,0,0.0,0.0,100.0,0.0,0,0.0,0.0,100.0,0.0,0
2026-06-19 12:42:33,148.87,0.0,0.0,100.0,0.0,0,0.0,0.0,100.0,0.0,0,0.0,0.0,100.0,0.0,0,0.0,0.0,100.0,0.0,0,0.0,0.0,100.0,0.0,0,0.0,0.0,100.0,0.0,0
2026-06-19 12:42:34,149.68,0.0,0.0,100.0,0.0,0,0.0,0.0,100.0,0.0,0,0.0,0.0,100.0,0.0,0,0.0,0.0,100.0,0.0,0,0.0,0.0,100.0,0.0,0,0.0,0.0,100.0,0.0,0
2026-06-19 12:42:35,150.44,0.0,0.0,100.0,0.0,0,0.0,0.0,100.0,0.0,0,0.0,0.0,100.0,0.0,0,0.0,0.0,100.0,0.0,0,0.0,0.0,100.0,0.0,0,0.0,0.0,100.0,0.0,0
2026-06-19 12:42:36,151.2,0.0,0.0,100.0,0.0,0,0.0,0.0,100.0,0.0,0,0.0,0.0,100.0,0.0,0,0.0,0.0,100.0,0.0,0,0.0,0.0,100.0,0.0,0,0.0,0.0,100.0,0.0,0
2026-06-19 12:42:37,151.94,0.0,0.0,100.0,0.0,0,0.0,0.0,100.0,0.0,0,0.0,0.0,100.0,0.0,0,0.0,0.0,100.0,0.0,0,0.0,0.0,100.0,0.0,0,0.0,0.0,100.0,0.0,0
2026-06-19 12:42:37,152.73,0.0,0.0,100.0,0.0,0,0.0,0.0,100.0,0.0,0,0.0,0.0,100.0,0.0,0,0.0,0.0,100.0,0.0,0,0.0,0.0,100.0,0.0,0,0.0,0.0,100.0,0.0,0
2026-06-19 12:42:38,153.48,0.0,0.0,100.0,0.0,0,0.0,0.0,100.0,0.0,0,0.0,0.0,100.0,0.0,0,0.0,0.0,100.0,0.0,0,0.0,0.0,100.0,0.0,0,0.0,0.0,100.0,0.0,0
2026-06-19 12:42:39,154.22,0.0,0.0,100.0,0.0,0,0.0,0.0,100.0,0.0,0,0.0,0.0,100.0,0.0,0,0.0,0.0,100.0,0.0,0,0.0,0.0,100.0,0.0,0,0.0,0.0,100.0,0.0,0
2026-06-19 12:42:40,154.98,0.0,0.0,100.0,0.0,0,0.0,0.0,100.0,0.0,0,0.0,0.0,100.0,0.0,0,0.0,0.0,100.0,0.0,0,0.0,0.0,100.0,0.0,0,0.0,0.0,100.0,0.0,0
2026-06-19 12:42:40,155.74,0.0,0.0,100.0,0.0,0,0.0,0.0,100.0,0.0,0,0.0,0.0,100.0,0.0,0,0.0,0.0,100.0,0.0,0,0.0,0.0,100.0,0.0,0,0.0,0.0,100.0,0.0,0
2026-06-19 12:42:41,156.51,0.0,0.0,100.0,0.0,0,0.0,0.0,100.0,0.0,0,0.0,0.0,100.0,0.0,0,0.0,0.0,100.0,0.0,0,0.0,0.0,100.0,0.0,0,0.0,0.0,100.0,0.0,0
2026-06-19 12:42:42,157.26,0.0,0.0,100.0,0.0,0,0.0,0.0,100.0,0.0,0,0.0,0.0,100.0,0.0,0,0.0,0.0,100.0,0.0,0,0.0,0.0,100.0,0.0,0,0.0,0.0,100.0,0.0,0
2026-06-19 12:42:43,158.02,0.0,0.0,100.0,0.0,0,0.0,0.0,100.0,0.0,0,0.0,0.0,100.0,0.0,0,0.0,0.0,100.0,0.0,0,0.0,0.0,100.0,0.0,0,0.0,0.0,100.0,0.0,0
2026-06-19 12:42:43,158.84,0.0,0.0,100.0,0.0,0,0.0,0.0,100.0,0.0,0,0.0,0.0,100.0,0.0,0,0.0,0.0,100.0,0.0,0,0.0,0.0,100.0,0.0,0,0.0,0.0,100.0,0.0,0
2026-06-19 12:42:44,159.57,0.0,0.0,100.0,0.0,0,0.0,0.0,100.0,0.0,0,0.0,0.0,100.0,0.0,0,0.0,0.0,100.0,0.0,0,0.0,0.0,100.0,0.0,0,0.0,0.0,100.0,0.0,0
2026-06-19 12:42:45,160.33,0.0,0.0,100.0,0.0,0,0.0,0.0,100.0,0.0,0,0.0,0.0,100.0,0.0,0,0.0,0.0,100.0,0.0,0,0.0,0.0,100.0,0.0,0,0.0,0.0,100.0,0.0,0
2026-06-19 12:42:46,161.1,0.0,0.0,100.0,0.0,0,0.0,0.0,100.0,0.0,0,0.0,0.0,100.0,0.0,0,0.0,0.0,100.0,0.0,0,0.0,0.0,100.0,0.0,0,0.0,0.0,100.0,0.0,0
2026-06-19 12:42:46,161.85,0.0,0.0,100.0,0.0,0,0.0,0.0,100.0,0.0,0,0.0,0.0,100.0,0.0,0,0.0,0.0,100.0,0.0,0,0.0,0.0,100.0,0.0,0,0.0,0.0,100.0,0.0,0
2026-06-19 12:42:47,162.62,0.0,0.0,100.0,0.0,0,0.0,0.0,100.0,0.0,0,0.0,0.0,100.0,0.0,0,0.0,0.0,100.0,0.0,0,0.0,0.0,100.0,0.0,0,0.0,0.0,100.0,0.0,0
2026-06-19 12:42:48,163.47,0.0,0.0,100.0,0.0,0,0.0,0.0,100.0,0.0,0,0.0,0.0,100.0,0.0,0,0.0,0.0,100.0,0.0,0,0.0,0.0,100.0,0.0,0,0.0,0.0,100.0,0.0,0
2026-06-19 12:42:49,164.24,0.0,0.0,100.0,0.0,0,0.0,0.0,100.0,0.0,0,0.0,0.0,100.0,0.0,0,0.0,0.0,100.0,0.0,0,0.0,0.0,100.0,0.0,0,0.0,0.0,100.0,0.0,0
2026-06-19 12:42:50,165.06,0.0,0.0,100.0,0.0,0,0.0,0.0,100.0,0.0,0,0.0,0.0,100.0,0.0,0,0.0,0.0,100.0,0.0,0,0.0,0.0,100.0,0.0,0,0.0,0.0,100.0,0.0,0
2026-06-19 12:42:50,165.83,0.0,0.0,100.0,0.0,0,0.0,0.0,100.0,0.0,0,0.0,0.0,100.0,0.0,0,0.0,0.0,100.0,0.0,0,0.0,0.0,100.0,0.0,0,0.0,0.0,100.0,0.0,0
2026-06-19 12:42:51,166.58,0.0,0.0,100.0,0.0,0,0.0,0.0,100.0,0.0,0,0.0,0.0,100.0,0.0,0,0.0,0.0,100.0,0.0,0,0.0,0.0,100.0,0.0,0,0.0,0.0,100.0,0.0,0
2026-06-19 12:42:52,167.32,0.0,0.0,100.0,0.0,0,0.0,0.0,100.0,0.0,0,0.0,0.0,100.0,0.0,0,0.0,0.0,100.0,0.0,0,0.0,0.0,100.0,0.0,0,0.0,0.0,100.0,0.0,0
2026-06-19 12:42:53,168.07,0.0,0.0,100.0,0.0,0,0.0,0.0,100.0,0.0,0,0.0,0.0,100.0,0.0,0,0.0,0.0,100.0,0.0,0,0.0,0.0,100.0,0.0,0,0.0,0.0,100.0,0.0,0
2026-06-19 12:42:53,168.85,0.0,0.0,100.0,0.0,0,0.0,0.0,100.0,0.0,0,0.0,0.0,100.0,0.0,0,0.0,0.0,100.0,0.0,0,0.0,0.0,100.0,0.0,0,0.0,0.0,100.0,0.0,0
2026-06-19 12:42:54,169.61,0.0,0.0,100.0,0.0,0,0.0,0.0,100.0,0.0,0,0.0,0.0,100.0,0.0,0,0.0,0.0,100.0,0.0,0,0.0,0.0,100.0,0.0,0,0.0,0.0,100.0,0.0,0
2026-06-19 12:42:55,170.36,0.0,0.0,100.0,0.0,0,0.0,0.0,100.0,0.0,0,0.0,0.0,100.0,0.0,0,0.0,0.0,100.0,0.0,0,0.0,0.0,100.0,0.0,0,0.0,0.0,100.0,0.0,0
2026-06-19 12:42:56,171.11,0.0,0.0,100.0,0.0,0,0.0,0.0,100.0,0.0,0,0.0,0.0,100.0,0.0,0,0.0,0.0,100.0,0.0,0,0.0,0.0,100.0,0.0,0,0.0,0.0,100.0,0.0,0
2026-06-19 12:42:56,171.89,0.0,0.0,100.0,0.0,0,0.0,0.0,100.0,0.0,0,0.0,0.0,100.0,0.0,0,0.0,0.0,100.0,0.0,0,0.0,0.0,100.0,0.0,0,0.0,0.0,100.0,0.0,0
2026-06-19 12:42:57,172.68,0.0,0.0,100.0,0.0,0,0.0,0.0,100.0,0.0,0,0.0,0.0,100.0,0.0,0,0.0,0.0,100.0,0.0,0,0.0,0.0,100.0,0.0,0,0.0,0.0,100.0,0.0,0
2026-06-19 12:42:58,173.44,0.0,0.0,100.0,0.0,0,0.0,0.0,100.0,0.0,0,0.0,0.0,100.0,0.0,0,0.0,0.0,100.0,0.0,0,0.0,0.0,100.0,0.0,0,0.0,0.0,100.0,0.0,0
2026-06-19 12:42:59,174.2,0.0,0.0,100.0,0.0,0,0.0,0.0,100.0,0.0,0,0.0,0.0,100.0,0.0,0,0.0,0.0,100.0,0.0,0,0.0,0.0,100.0,0.0,0,0.0,0.0,100.0,0.0,0
2026-06-19 12:43:00,175.0,0.0,0.0,100.0,0.0,0,0.0,0.0,100.0,0.0,0,0.0,0.0,100.0,0.0,0,0.0,0.0,100.0,0.0,0,0.0,0.0,100.0,0.0,0,0.0,0.0,100.0,0.0,0
2026-06-19 12:43:00,175.76,0.0,0.0,100.0,0.0,0,0.0,0.0,100.0,0.0,0,0.0,0.0,100.0,0.0,0,0.0,0.0,100.0,0.0,0,0.0,0.0,100.0,0.0,0,0.0,0.0,100.0,0.0,0
2026-06-19 12:43:01,176.54,0.0,0.0,100.0,0.0,0,0.0,0.0,100.0,0.0,0,0.0,0.0,100.0,0.0,0,0.0,0.0,100.0,0.0,0,0.0,0.0,100.0,0.0,0,0.0,0.0,100.0,0.0,0
2026-06-19 12:43:02,177.35,0.0,0.0,100.0,0.0,0,0.0,0.0,100.0,0.0,0,0.0,0.0,100.0,0.0,0,0.0,0.0,100.0,0.0,0,0.0,0.0,100.0,0.0,0,0.0,0.0,100.0,0.0,0
2026-06-19 12:43:03,178.1,0.0,0.0,100.0,0.0,0,0.0,0.0,100.0,0.0,0,0.0,0.0,100.0,0.0,0,0.0,0.0,100.0,0.0,0,0.0,0.0,100.0,0.0,0,0.0,0.0,100.0,0.0,0
2026-06-19 12:43:03,178.87,0.0,0.0,100.0,0.0,0,0.0,0.0,100.0,0.0,0,0.0,0.0,100.0,0.0,0,0.0,0.0,100.0,0.0,0,0.0,0.0,100.0,0.0,0,0.0,0.0,100.0,0.0,0
2026-06-19 12:43:04,179.63,0.0,0.0,100.0,0.0,0,0.0,0.0,100.0,0.0,0,0.0,0.0,100.0,0.0,0,0.0,0.0,100.0,0.0,0,0.0,0.0,100.0,0.0,0,0.0,0.0,100.0,0.0,0
2026-06-19 12:43:05,180.39,0.0,0.0,100.0,0.0,0,0.0,0.0,100.0,0.0,0,0.0,0.0,100.0,0.0,0,0.0,0.0,100.0,0.0,0,0.0,0.0,100.0,0.0,0,0.0,0.0,100.0,0.0,0
2026-06-19 12:43:06,181.15,0.0,0.0,100.0,0.0,0,0.0,0.0,100.0,0.0,0,0.0,0.0,100.0,0.0,0,0.0,0.0,100.0,0.0,0,0.0,0.0,100.0,0.0,0,0.0,0.0,100.0,0.0,0
2026-06-19 12:43:06,181.9,0.0,0.0,100.0,0.0,0,0.0,0.0,100.0,0.0,0,0.0,0.0,100.0,0.0,0,0.0,0.0,100.0,0.0,0,0.0,0.0,100.0,0.0,0,0.0,0.0,100.0,0.0,0
2026-06-19 12:43:07,182.65,0.0,0.0,100.0,0.0,0,0.0,0.0,100.0,0.0,0,0.0,0.0,100.0,0.0,0,0.0,0.0,100.0,0.0,0,0.0,0.0,100.0,0.0,0,0.0,0.0,100.0,0.0,0
2026-06-19 12:43:08,183.44,0.0,0.0,100.0,0.0,0,0.0,0.0,100.0,0.0,0,0.0,0.0,100.0,0.0,0,0.0,0.0,100.0,0.0,0,0.0,0.0,100.0,0.0,0,0.0,0.0,100.0,0.0,0
2026-06-19 12:43:09,184.2,0.0,0.0,100.0,0.0,0,0.0,0.0,100.0,0.0,0,0.0,0.0,100.0,0.0,0,0.0,0.0,100.0,0.0,0,0.0,0.0,100.0,0.0,0,0.0,0.0,100.0,0.0,0
2026-06-19 12:43:10,184.98,0.0,0.0,100.0,0.0,0,0.0,0.0,100.0,0.0,0,0.0,0.0,100.0,0.0,0,0.0,0.0,100.0,0.0,0,0.0,0.0,100.0,0.0,0,0.0,0.0,100.0,0.0,0
2026-06-19 12:43:10,185.73,0.0,0.0,100.0,0.0,0,0.0,0.0,100.0,0.0,0,0.0,0.0,100.0,0.0,0,0.0,0.0,100.0,0.0,0,0.0,0.0,100.0,0.0,0,0.0,0.0,100.0,0.0,0
2026-06-19 12:43:11,186.56,0.0,0.0,100.0,0.0,0,0.0,0.0,100.0,0.0,0,0.0,0.0,100.0,0.0,0,0.0,0.0,100.0,0.0,0,0.0,0.0,100.0,0.0,0,0.0,0.0,100.0,0.0,0
2026-06-19 12:43:12,187.34,0.0,0.0,100.0,0.0,0,0.0,0.0,100.0,0.0,0,0.0,0.0,100.0,0.0,0,0.0,0.0,100.0,0.0,0,0.0,0.0,100.0,0.0,0,0.0,0.0,100.0,0.0,0
2026-06-19 12:43:13,188.11,0.0,0.0,100.0,0.0,0,0.0,0.0,100.0,0.0,0,0.0,0.0,100.0,0.0,0,0.0,0.0,100.0,0.0,0,0.0,0.0,100.0,0.0,0,0.0,0.0,100.0,0.0,0
2026-06-19 12:43:13,188.88,0.0,0.0,100.0,0.0,0,0.0,0.0,100.0,0.0,0,0.0,0.0,100.0,0.0,0,0.0,0.0,100.0,0.0,0,0.0,0.0,100.0,0.0,0,0.0,0.0,100.0,0.0,0
2026-06-19 12:43:14,189.64,0.0,0.0,100.0,0.0,0,0.0,0.0,100.0,0.0,0,0.0,0.0,100.0,0.0,0,0.0,0.0,100.0,0.0,0,0.0,0.0,100.0,0.0,0,0.0,0.0,100.0,0.0,0
2026-06-19 12:43:15,190.44,0.0,0.0,100.0,0.0,0,0.0,0.0,100.0,0.0,0,0.0,0.0,100.0,0.0,0,0.0,0.0,100.0,0.0,0,0.0,0.0,100.0,0.0,0,0.0,0.0,100.0,0.0,0
2026-06-19 12:43:16,191.2,0.0,0.0,100.0,0.0,0,0.0,0.0,100.0,0.0,0,0.0,0.0,100.0,0.0,0,0.0,0.0,100.0,0.0,0,0.0,0.0,100.0,0.0,0,0.0,0.0,100.0,0.0,0
2026-06-19 12:43:17,191.95,0.0,0.0,100.0,0.0,0,0.0,0.0,100.0,0.0,0,0.0,0.0,100.0,0.0,0,0.0,0.0,100.0,0.0,0,0.0,0.0,100.0,0.0,0,0.0,0.0,100.0,0.0,0
2026-06-19 12:43:17,192.8,0.0,0.0,100.0,0.0,0,0.0,0.0,100.0,0.0,0,0.0,0.0,100.0,0.0,0,0.0,0.0,100.0,0.0,0,0.0,0.0,100.0,0.0,0,0.0,0.0,100.0,0.0,0
2026-06-19 12:43:18,193.57,0.0,0.0,100.0,0.0,0,0.0,0.0,100.0,0.0,0,0.0,0.0,100.0,0.0,0,0.0,0.0,100.0,0.0,0,0.0,0.0,100.0,0.0,0,0.0,0.0,100.0,0.0,0
2026-06-19 12:43:19,194.3,0.0,0.0,100.0,0.0,0,0.0,0.0,100.0,0.0,0,0.0,0.0,100.0,0.0,0,0.0,0.0,100.0,0.0,0,0.0,0.0,100.0,0.0,0,0.0,0.0,100.0,0.0,0
2026-06-19 12:43:20,195.03,0.0,0.0,100.0,0.0,0,0.0,0.0,100.0,0.0,0,0.0,0.0,100.0,0.0,0,0.0,0.0,100.0,0.0,0,0.0,0.0,100.0,0.0,0,0.0,0.0,100.0,0.0,0
2026-06-19 12:43:20,195.79,0.0,0.0,100.0,0.0,0,0.0,0.0,100.0,0.0,0,0.0,0.0,100.0,0.0,0,0.0,0.0,100.0,0.0,0,0.0,0.0,100.0,0.0,0,0.0,0.0,100.0,0.0,0
2026-06-19 12:43:21,196.55,0.0,0.0,100.0,0.0,0,0.0,0.0,100.0,0.0,0,0.0,0.0,100.0,0.0,0,0.0,0.0,100.0,0.0,0,0.0,0.0,100.0,0.0,0,0.0,0.0,100.0,0.0,0
2026-06-19 12:43:22,197.3,0.0,0.0,100.0,0.0,0,0.0,0.0,100.0,0.0,0,0.0,0.0,100.0,0.0,0,0.0,0.0,100.0,0.0,0,0.0,0.0,100.0,0.0,0,0.0,0.0,100.0,0.0,0
2026-06-19 12:43:23,198.06,0.0,0.0,100.0,0.0,0,0.0,0.0,100.0,0.0,0,0.0,0.0,100.0,0.0,0,0.0,0.0,100.0,0.0,0,0.0,0.0,100.0,0.0,0,0.0,0.0,100.0,0.0,0
2026-06-19 12:43:23,198.79,0.0,0.0,100.0,0.0,0,0.0,0.0,100.0,0.0,0,0.0,0.0,100.0,0.0,0,0.0,0.0,100.0,0.0,0,0.0,0.0,100.0,0.0,0,0.0,0.0,100.0,0.0,0
2026-06-19 12:43:24,199.55,0.0,0.0,100.0,0.0,0,0.0,0.0,100.0,0.0,0,0.0,0.0,100.0,0.0,0,0.0,0.0,100.0,0.0,0,0.0,0.0,100.0,0.0,0,0.0,0.0,100.0,0.0,0
2026-06-19 12:43:25,200.14,0.0,0.0,100.0,0.0,0,0.0,0.0,100.0,0.0,0,0.0,0.0,100.0,0.0,0,0.0,0.0,100.0,0.0,0,0.0,0.0,100.0,0.0,0,0.0,0.0,100.0,0.0,0
2026-06-19 12:43:26,200.94,0.0,0.0,100.0,0.0,0,0.0,0.0,100.0,0.0,0,0.0,0.0,100.0,0.0,0,0.0,0.0,100.0,0.0,0,0.0,0.0,100.0,0.0,0,0.0,0.0,100.0,0.0,0
2026-06-19 12:43:26,201.68,0.0,0.0,100.0,0.0,0,0.0,0.0,100.0,0.0,0,0.0,0.0,100.0,0.0,0,0.0,0.0,100.0,0.0,0,0.0,0.0,100.0,0.0,0,0.0,0.0,100.0,0.0,0
2026-06-19 12:43:27,202.43,0.0,0.0,100.0,0.0,0,0.0,0.0,100.0,0.0,0,0.0,0.0,100.0,0.0,0,0.0,0.0,100.0,0.0,0,0.0,0.0,100.0,0.0,0,0.0,0.0,100.0,0.0,0
2026-06-19 12:43:28,203.16,0.0,0.0,100.0,0.0,0,0.0,0.0,100.0,0.0,0,0.0,0.0,100.0,0.0,0,0.0,0.0,100.0,0.0,0,0.0,0.0,100.0,0.0,0,0.0,0.0,100.0,0.0,0
2026-06-19 12:43:28,203.9,0.0,0.0,100.0,0.0,0,0.0,0.0,100.0,0.0,0,0.0,0.0,100.0,0.0,0,0.0,0.0,100.0,0.0,0,0.0,0.0,100.0,0.0,0,0.0,0.0,100.0,0.0,0
2026-06-19 12:43:29,204.7,0.0,0.0,100.0,0.0,0,0.0,0.0,100.0,0.0,0,0.0,0.0,100.0,0.0,0,0.0,0.0,100.0,0.0,0,0.0,0.0,100.0,0.0,0,0.0,0.0,100.0,0.0,0
2026-06-19 12:43:30,205.49,0.0,0.0,100.0,0.0,0,0.0,0.0,100.0,0.0,0,0.0,0.0,100.0,0.0,0,0.0,0.0,100.0,0.0,0,0.0,0.0,100.0,0.0,0,0.0,0.0,100.0,0.0,0
2026-06-19 12:43:31,206.21,0.0,0.0,100.0,0.0,0,0.0,0.0,100.0,0.0,0,0.0,0.0,100.0,0.0,0,0.0,0.0,100.0,0.0,0,0.0,0.0,100.0,0.0,0,0.0,0.0,100.0,0.0,0
2026-06-19 12:43:32,206.97,0.0,0.0,100.0,0.0,0,0.0,0.0,100.0,0.0,0,0.0,0.0,100.0,0.0,0,0.0,0.0,100.0,0.0,0,0.0,0.0,100.0,0.0,0,0.0,0.0,100.0,0.0,0
2026-06-19 12:43:32,207.75,0.0,0.0,100.0,0.0,0,0.0,0.0,100.0,0.0,0,0.0,0.0,100.0,0.0,0,0.0,0.0,100.0,0.0,0,0.0,0.0,100.0,0.0,0,0.0,0.0,100.0,0.0,0
2026-06-19 12:43:33,208.51,0.0,0.0,100.0,0.0,0,0.0,0.0,100.0,0.0,0,0.0,0.0,100.0,0.0,0,0.0,0.0,100.0,0.0,0,0.0,0.0,100.0,0.0,0,0.0,0.0,100.0,0.0,0
2026-06-19 12:43:34,209.29,0.0,0.0,100.0,0.0,0,0.0,0.0,100.0,0.0,0,0.0,0.0,100.0,0.0,0,0.0,0.0,100.0,0.0,0,0.0,0.0,100.0,0.0,0,0.0,0.0,100.0,0.0,0
2026-06-19 12:43:35,210.05,0.0,0.0,100.0,0.0,0,0.0,0.0,100.0,0.0,0,0.0,0.0,100.0,0.0,0,0.0,0.0,100.0,0.0,0,0.0,0.0,100.0,0.0,0,0.0,0.0,100.0,0.0,0
2026-06-19 12:43:35,210.21,0.0,0.0,100.0,0.0,0,0.0,0.0,100.0,0.0,0,0.0,0.0,100.0,0.0,0,0.0,0.0,100.0,0.0,0,0.0,0.0,100.0,0.0,0,0.0,0.0,100.0,0.0,0
2026-06-19 12:43:36,210.98,0.0,0.0,100.0,0.0,0,0.0,0.0,100.0,0.0,0,0.0,0.0,100.0,0.0,0,0.0,0.0,100.0,0.0,0,0.0,0.0,100.0,0.0,0,0.0,0.0,100.0,0.0,0
2026-06-19 12:43:36,211.77,0.0,0.0,100.0,0.0,0,0.0,0.0,100.0,0.0,0,0.0,0.0,100.0,0.0,0,0.0,0.0,100.0,0.0,0,0.0,0.0,100.0,0.0,0,0.0,0.0,100.0,0.0,0
2026-06-19 12:43:37,212.56,0.0,0.0,100.0,0.0,0,0.0,0.0,100.0,0.0,0,0.0,0.0,100.0,0.0,0,0.0,0.0,100.0,0.0,0,0.0,0.0,100.0,0.0,0,0.0,0.0,100.0,0.0,0
2026-06-19 12:43:37,212.87,0.0,0.0,100.0,0.0,0,0.0,0.0,100.0,0.0,0,0.0,0.0,100.0,0.0,0,0.0,0.0,100.0,0.0,0,0.0,0.0,100.0,0.0,0,0.0,0.0,100.0,0.0,0
2026-06-19 12:43:38,213.67,0.0,0.0,100.0,0.0,0,0.0,0.0,100.0,0.0,0,0.0,0.0,100.0,0.0,0,0.0,0.0,100.0,0.0,0,0.0,0.0,100.0,0.0,0,0.0,0.0,100.0,0.0,0
2026-06-19 12:43:38,213.84,0.0,0.0,100.0,0.0,0,0.0,0.0,100.0,0.0,0,0.0,0.0,100.0,0.0,0,0.0,0.0,100.0,0.0,0,0.0,0.0,100.0,0.0,0,0.0,0.0,100.0,0.0,0
2026-06-19 12:43:39,214.61,0.0,0.0,100.0,0.0,0,0.0,0.0,100.0,0.0,0,0.0,0.0,100.0,0.0,0,0.0,0.0,100.0,0.0,0,0.0,0.0,100.0,0.0,0,0.0,0.0,100.0,0.0,0
2026-06-19 12:43:40,215.36,0.0,0.0,100.0,0.0,0,0.0,0.0,100.0,0.0,0,0.0,0.0,100.0,0.0,0,0.0,0.0,100.0,0.0,0,0.0,0.0,100.0,0.0,0,0.0,0.0,100.0,0.0,0
2026-06-19 12:43:41,216.11,0.0,0.0,100.0,0.0,0,0.0,0.0,100.0,0.0,0,0.0,0.0,100.0,0.0,0,0.0,0.0,100.0,0.0,0,0.0,0.0,100.0,0.0,0,0.0,0.0,100.0,0.0,0
2026-06-19 12:43:41,216.88,0.0,0.0,100.0,0.0,0,0.0,0.0,100.0,0.0,0,0.0,0.0,100.0,0.0,0,0.0,0.0,100.0,0.0,0,0.0,0.0,100.0,0.0,0,0.0,0.0,100.0,0.0,0
2026-06-19 12:43:42,217.62,0.0,0.0,100.0,0.0,0,0.0,0.0,100.0,0.0,0,0.0,0.0,100.0,0.0,0,0.0,0.0,100.0,0.0,0,0.0,0.0,100.0,0.0,0,0.0,0.0,100.0,0.0,0
2026-06-19 12:43:43,218.4,0.0,0.0,100.0,0.0,0,0.0,0.0,100.0,0.0,0,0.0,0.0,100.0,0.0,0,0.0,0.0,100.0,0.0,0,0.0,0.0,100.0,0.0,0,0.0,0.0,100.0,0.0,0
2026-06-19 12:43:44,219.19,0.0,0.0,100.0,0.0,0,0.0,0.0,100.0,0.0,0,0.0,0.0,100.0,0.0,0,0.0,0.0,100.0,0.0,0,0.0,0.0,100.0,0.0,0,0.0,0.0,100.0,0.0,0
2026-06-19 12:43:44,219.91,0.0,0.0,100.0,0.0,0,0.0,0.0,100.0,0.0,0,0.0,0.0,100.0,0.0,0,0.0,0.0,100.0,0.0,0,0.0,0.0,100.0,0.0,0,0.0,0.0,100.0,0.0,0
2026-06-19 12:43:45,220.66,0.0,0.0,100.0,0.0,0,0.0,0.0,100.0,0.0,0,0.0,0.0,100.0,0.0,0,0.0,0.0,100.0,0.0,0,0.0,0.0,100.0,0.0,0,0.0,0.0,100.0,0.0,0
2026-06-19 12:43:46,221.4,0.0,0.0,100.0,0.0,0,0.0,0.0,100.0,0.0,0,0.0,0.0,100.0,0.0,0,0.0,0.0,100.0,0.0,0,0.0,0.0,100.0,0.0,0,0.0,0.0,100.0,0.0,0
2026-06-19 12:43:47,222.13,0.0,0.0,100.0,0.0,0,0.0,0.0,100.0,0.0,0,0.0,0.0,100.0,0.0,0,0.0,0.0,100.0,0.0,0,0.0,0.0,100.0,0.0,0,0.0,0.0,100.0,0.0,0
2026-06-19 12:43:47,222.91,0.0,0.0,100.0,0.0,0,0.0,0.0,100.0,0.0,0,0.0,0.0,100.0,0.0,0,0.0,0.0,100.0,0.0,0,0.0,0.0,100.0,0.0,0,0.0,0.0,100.0,0.0,0
2026-06-19 12:43:48,223.67,0.0,0.0,100.0,0.0,0,0.0,0.0,100.0,0.0,0,0.0,0.0,100.0,0.0,0,0.0,0.0,100.0,0.0,0,0.0,0.0,100.0,0.0,0,0.0,0.0,100.0,0.0,0
2026-06-19 12:43:49,224.42,0.0,0.0,100.0,0.0,0,0.0,0.0,100.0,0.0,0,0.0,0.0,100.0,0.0,0,0.0,0.0,100.0,0.0,0,0.0,0.0,100.0,0.0,0,0.0,0.0,100.0,0.0,0
2026-06-19 12:43:50,225.16,0.0,0.0,100.0,0.0,0,0.0,0.0,100.0,0.0,0,0.0,0.0,100.0,0.0,0,0.0,0.0,100.0,0.0,0,0.0,0.0,100.0,0.0,0,0.0,0.0,100.0,0.0,0
2026-06-19 12:43:51,225.98,0.0,0.0,100.0,0.0,0,0.0,0.0,100.0,0.0,0,0.0,0.0,100.0,0.0,0,0.0,0.0,100.0,0.0,0,0.0,0.0,100.0,0.0,0,0.0,0.0,100.0,0.0,0
2026-06-19 12:43:51,226.75,0.0,0.0,100.0,0.0,0,0.0,0.0,100.0,0.0,0,0.0,0.0,100.0,0.0,0,0.0,0.0,100.0,0.0,0,0.0,0.0,100.0,0.0,0,0.0,0.0,100.0,0.0,0
2026-06-19 12:43:52,227.52,0.0,0.0,100.0,0.0,0,0.0,0.0,100.0,0.0,0,0.0,0.0,100.0,0.0,0,0.0,0.0,100.0,0.0,0,0.0,0.0,100.0,0.0,0,0.0,0.0,100.0,0.0,0
2026-06-19 12:43:53,228.28,0.0,0.0,100.0,0.0,0,0.0,0.0,100.0,0.0,0,0.0,0.0,100.0,0.0,0,0.0,0.0,100.0,0.0,0,0.0,0.0,100.0,0.0,0,0.0,0.0,100.0,0.0,0
2026-06-19 12:43:54,229.1,0.0,0.0,100.0,0.0,0,0.0,0.0,100.0,0.0,0,0.0,0.0,100.0,0.0,0,0.0,0.0,100.0,0.0,0,0.0,0.0,100.0,0.0,0,0.0,0.0,100.0,0.0,0
2026-06-19 12:43:54,229.9,0.0,0.0,100.0,0.0,0,0.0,0.0,100.0,0.0,0,0.0,0.0,100.0,0.0,0,0.0,0.0,100.0,0.0,0,0.0,0.0,100.0,0.0,0,0.0,0.0,100.0,0.0,0
2026-06-19 12:43:55,230.66,0.0,0.0,100.0,0.0,0,0.0,0.0,100.0,0.0,0,0.0,0.0,100.0,0.0,0,0.0,0.0,100.0,0.0,0,0.0,0.0,100.0,0.0,0,0.0,0.0,100.0,0.0,0
2026-06-19 12:43:56,231.42,0.0,0.0,100.0,0.0,0,0.0,0.0,100.0,0.0,0,0.0,0.0,100.0,0.0,0,0.0,0.0,100.0,0.0,0,0.0,0.0,100.0,0.0,0,0.0,0.0,100.0,0.0,0
2026-06-19 12:43:57,232.19,0.0,0.0,100.0,0.0,0,0.0,0.0,100.0,0.0,0,0.0,0.0,100.0,0.0,0,0.0,0.0,100.0,0.0,0,0.0,0.0,100.0,0.0,0,0.0,0.0,100.0,0.0,0
2026-06-19 12:43:58,232.95,0.0,0.0,100.0,0.0,0,0.0,0.0,100.0,0.0,0,0.0,0.0,100.0,0.0,0,0.0,0.0,100.0,0.0,0,0.0,0.0,100.0,0.0,0,0.0,0.0,100.0,0.0,0
2026-06-19 12:43:58,233.73,0.0,0.0,100.0,0.0,0,0.0,0.0,100.0,0.0,0,0.0,0.0,100.0,0.0,0,0.0,0.0,100.0,0.0,0,0.0,0.0,100.0,0.0,0,0.0,0.0,100.0,0.0,0
2026-06-19 12:43:59,234.58,0.0,0.0,100.0,0.0,0,0.0,0.0,100.0,0.0,0,0.0,0.0,100.0,0.0,0,0.0,0.0,100.0,0.0,0,0.0,0.0,100.0,0.0,0,0.0,0.0,100.0,0.0,0
2026-06-19 12:44:00,235.38,0.0,0.0,100.0,0.0,0,0.0,0.0,100.0,0.0,0,0.0,0.0,100.0,0.0,0,0.0,0.0,100.0,0.0,0,0.0,0.0,100.0,0.0,0,0.0,0.0,100.0,0.0,0
2026-06-19 12:44:01,236.18,0.0,0.0,100.0,0.0,0,0.0,0.0,100.0,0.0,0,0.0,0.0,100.0,0.0,0,0.0,0.0,100.0,0.0,0,0.0,0.0,100.0,0.0,0,0.0,0.0,100.0,0.0,0
2026-06-19 12:44:01,236.92,0.0,0.0,100.0,0.0,0,0.0,0.0,100.0,0.0,0,0.0,0.0,100.0,0.0,0,0.0,0.0,100.0,0.0,0,0.0,0.0,100.0,0.0,0,0.0,0.0,100.0,0.0,0
2026-06-19 12:44:02,237.67,0.0,0.0,100.0,0.0,0,0.0,0.0,100.0,0.0,0,0.0,0.0,100.0,0.0,0,0.0,0.0,100.0,0.0,0,0.0,0.0,100.0,0.0,0,0.0,0.0,100.0,0.0,0
2026-06-19 12:44:03,238.45,0.0,0.0,100.0,0.0,0,0.0,0.0,100.0,0.0,0,0.0,0.0,100.0,0.0,0,0.0,0.0,100.0,0.0,0,0.0,0.0,100.0,0.0,0,0.0,0.0,100.0,0.0,0
2026-06-19 12:44:04,239.2,0.0,0.0,100.0,0.0,0,0.0,0.0,100.0,0.0,0,0.0,0.0,100.0,0.0,0,0.0,0.0,100.0,0.0,0,0.0,0.0,100.0,0.0,0,0.0,0.0,100.0,0.0,0
2026-06-19 12:44:05,239.96,0.0,0.0,100.0,0.0,0,0.0,0.0,100.0,0.0,0,0.0,0.0,100.0,0.0,0,0.0,0.0,100.0,0.0,0,0.0,0.0,100.0,0.0,0,0.0,0.0,100.0,0.0,0
2026-06-19 12:44:05,240.74,0.0,0.0,100.0,0.0,0,0.0,0.0,100.0,0.0,0,0.0,0.0,100.0,0.0,0,0.0,0.0,100.0,0.0,0,0.0,0.0,100.0,0.0,0,0.0,0.0,100.0,0.0,0
2026-06-19 12:44:06,241.48,0.0,0.0,100.0,0.0,0,0.0,0.0,100.0,0.0,0,0.0,0.0,100.0,0.0,0,0.0,0.0,100.0,0.0,0,0.0,0.0,100.0,0.0,0,0.0,0.0,100.0,0.0,0
2026-06-19 12:44:07,242.27,0.0,0.0,100.0,0.0,0,0.0,0.0,100.0,0.0,0,0.0,0.0,100.0,0.0,0,0.0,0.0,100.0,0.0,0,0.0,0.0,100.0,0.0,0,0.0,0.0,100.0,0.0,0
2026-06-19 12:44:08,243.04,0.0,0.0,100.0,0.0,0,0.0,0.0,100.0,0.0,0,0.0,0.0,100.0,0.0,0,0.0,0.0,100.0,0.0,0,0.0,0.0,100.0,0.0,0,0.0,0.0,100.0,0.0,0
2026-06-19 12:44:08,243.79,0.0,0.0,100.0,0.0,0,0.0,0.0,100.0,0.0,0,0.0,0.0,100.0,0.0,0,0.0,0.0,100.0,0.0,0,0.0,0.0,100.0,0.0,0,0.0,0.0,100.0,0.0,0
2026-06-19 12:44:09,244.56,0.0,0.0,100.0,0.0,0,0.0,0.0,100.0,0.0,0,0.0,0.0,100.0,0.0,0,0.0,0.0,100.0,0.0,0,0.0,0.0,100.0,0.0,0,0.0,0.0,100.0,0.0,0
2026-06-19 12:44:10,245.3,0.0,0.0,100.0,0.0,0,0.0,0.0,100.0,0.0,0,0.0,0.0,100.0,0.0,0,0.0,0.0,100.0,0.0,0,0.0,0.0,100.0,0.0,0,0.0,0.0,100.0,0.0,0
2026-06-19 12:44:11,246.12,0.0,0.0,100.0,0.0,0,0.0,0.0,100.0,0.0,0,0.0,0.0,100.0,0.0,0,0.0,0.0,100.0,0.0,0,0.0,0.0,100.0,0.0,0,0.0,0.0,100.0,0.0,0
2026-06-19 12:44:11,246.86,0.0,0.0,100.0,0.0,0,0.0,0.0,100.0,0.0,0,0.0,0.0,100.0,0.0,0,0.0,0.0,100.0,0.0,0,0.0,0.0,100.0,0.0,0,0.0,0.0,100.0,0.0,0
2026-06-19 12:44:12,247.65,0.0,0.0,100.0,0.0,0,0.0,0.0,100.0,0.0,0,0.0,0.0,100.0,0.0,0,0.0,0.0,100.0,0.0,0,0.0,0.0,100.0,0.0,0,0.0,0.0,100.0,0.0,0
2026-06-19 12:44:13,248.42,0.0,0.0,100.0,0.0,0,0.0,0.0,100.0,0.0,0,0.0,0.0,100.0,0.0,0,0.0,0.0,100.0,0.0,0,0.0,0.0,100.0,0.0,0,0.0,0.0,100.0,0.0,0
2026-06-19 12:44:14,249.22,0.0,0.0,100.0,0.0,0,0.0,0.0,100.0,0.0,0,0.0,0.0,100.0,0.0,0,0.0,0.0,100.0,0.0,0,0.0,0.0,100.0,0.0,0,0.0,0.0,100.0,0.0,0
2026-06-19 12:44:15,249.98,0.0,0.0,100.0,0.0,0,0.0,0.0,100.0,0.0,0,0.0,0.0,100.0,0.0,0,0.0,0.0,100.0,0.0,0,0.0,0.0,100.0,0.0,0,0.0,0.0,100.0,0.0,0
2026-06-19 12:44:15,250.83,0.0,0.0,100.0,0.0,0,0.0,0.0,100.0,0.0,0,0.0,0.0,100.0,0.0,0,0.0,0.0,100.0,0.0,0,0.0,0.0,100.0,0.0,0,0.0,0.0,100.0,0.0,0
2026-06-19 12:44:16,251.66,0.0,0.0,100.0,0.0,0,0.0,0.0,100.0,0.0,0,0.0,0.0,100.0,0.0,0,0.0,0.0,100.0,0.0,0,0.0,0.0,100.0,0.0,0,0.0,0.0,100.0,0.0,0
2026-06-19 12:44:17,252.42,0.0,0.0,100.0,0.0,0,0.0,0.0,100.0,0.0,0,0.0,0.0,100.0,0.0,0,0.0,0.0,100.0,0.0,0,0.0,0.0,100.0,0.0,0,0.0,0.0,100.0,0.0,0
2026-06-19 12:44:18,253.22,0.0,0.0,100.0,0.0,0,0.0,0.0,100.0,0.0,0,0.0,0.0,100.0,0.0,0,0.0,0.0,100.0,0.0,0,0.0,0.0,100.0,0.0,0,0.0,0.0,100.0,0.0,0
2026-06-19 12:44:19,253.98,0.0,0.0,100.0,0.0,0,0.0,0.0,100.0,0.0,0,0.0,0.0,100.0,0.0,0,0.0,0.0,100.0,0.0,0,0.0,0.0,100.0,0.0,0,0.0,0.0,100.0,0.0,0
2026-06-19 12:44:19,254.81,0.0,0.0,100.0,0.0,0,0.0,0.0,100.0,0.0,0,0.0,0.0,100.0,0.0,0,0.0,0.0,100.0,0.0,0,0.0,0.0,100.0,0.0,0,0.0,0.0,100.0,0.0,0
2026-06-19 12:44:20,255.58,0.0,0.0,100.0,0.0,0,0.0,0.0,100.0,0.0,0,0.0,0.0,100.0,0.0,0,0.0,0.0,100.0,0.0,0,0.0,0.0,100.0,0.0,0,0.0,0.0,100.0,0.0,0
2026-06-19 12:44:21,256.33,0.0,0.0,100.0,0.0,0,0.0,0.0,100.0,0.0,0,0.0,0.0,100.0,0.0,0,0.0,0.0,100.0,0.0,0,0.0,0.0,100.0,0.0,0,0.0,0.0,100.0,0.0,0
2026-06-19 12:44:22,257.11,0.0,0.0,100.0,0.0,0,0.0,0.0,100.0,0.0,0,0.0,0.0,100.0,0.0,0,0.0,0.0,100.0,0.0,0,0.0,0.0,100.0,0.0,0,0.0,0.0,100.0,0.0,0
2026-06-19 12:44:22,257.86,0.0,0.0,100.0,0.0,0,0.0,0.0,100.0,0.0,0,0.0,0.0,100.0,0.0,0,0.0,0.0,100.0,0.0,0,0.0,0.0,100.0,0.0,0,0.0,0.0,100.0,0.0,0
2026-06-19 12:44:23,258.69,0.0,0.0,100.0,0.0,0,0.0,0.0,100.0,0.0,0,0.0,0.0,100.0,0.0,0,0.0,0.0,100.0,0.0,0,0.0,0.0,100.0,0.0,0,0.0,0.0,100.0,0.0,0
2026-06-19 12:44:24,259.48,0.0,0.0,100.0,0.0,0,0.0,0.0,100.0,0.0,0,0.0,0.0,100.0,0.0,0,0.0,0.0,100.0,0.0,0,0.0,0.0,100.0,0.0,0,0.0,0.0,100.0,0.0,0
2026-06-19 12:44:25,260.22,0.0,0.0,100.0,0.0,0,0.0,0.0,100.0,0.0,0,0.0,0.0,100.0,0.0,0,0.0,0.0,100.0,0.0,0,0.0,0.0,100.0,0.0,0,0.0,0.0,100.0,0.0,0
2026-06-19 12:44:26,260.96,0.0,0.0,100.0,0.0,0,0.0,0.0,100.0,0.0,0,0.0,0.0,100.0,0.0,0,0.0,0.0,100.0,0.0,0,0.0,0.0,100.0,0.0,0,0.0,0.0,100.0,0.0,0
2026-06-19 12:44:26,261.74,0.0,0.0,100.0,0.0,0,0.0,0.0,100.0,0.0,0,0.0,0.0,100.0,0.0,0,0.0,0.0,100.0,0.0,0,0.0,0.0,100.0,0.0,0,0.0,0.0,100.0,0.0,0
2026-06-19 12:44:27,262.54,0.0,0.0,100.0,0.0,0,0.0,0.0,100.0,0.0,0,0.0,0.0,100.0,0.0,0,0.0,0.0,100.0,0.0,0,0.0,0.0,100.0,0.0,0,0.0,0.0,100.0,0.0,0
2026-06-19 12:44:28,263.35,0.0,0.0,100.0,0.0,0,0.0,0.0,100.0,0.0,0,0.0,0.0,100.0,0.0,0,0.0,0.0,100.0,0.0,0,0.0,0.0,100.0,0.0,0,0.0,0.0,100.0,0.0,0
2026-06-19 12:44:29,264.15,0.0,0.0,100.0,0.0,0,0.0,0.0,100.0,0.0,0,0.0,0.0,100.0,0.0,0,0.0,0.0,100.0,0.0,0,0.0,0.0,100.0,0.0,0,0.0,0.0,100.0,0.0,0
2026-06-19 12:44:30,264.94,0.0,0.0,100.0,0.0,0,0.0,0.0,100.0,0.0,0,0.0,0.0,100.0,0.0,0,0.0,0.0,100.0,0.0,0,0.0,0.0,100.0,0.0,0,0.0,0.0,100.0,0.0,0
2026-06-19 12:44:30,265.72,0.0,0.0,100.0,0.0,0,0.0,0.0,100.0,0.0,0,0.0,0.0,100.0,0.0,0,0.0,0.0,100.0,0.0,0,0.0,0.0,100.0,0.0,0,0.0,0.0,100.0,0.0,0
2026-06-19 12:44:31,266.53,0.0,0.0,100.0,0.0,0,0.0,0.0,100.0,0.0,0,0.0,0.0,100.0,0.0,0,0.0,0.0,100.0,0.0,0,0.0,0.0,100.0,0.0,0,0.0,0.0,100.0,0.0,0
2026-06-19 12:44:32,267.28,0.0,0.0,100.0,0.0,0,0.0,0.0,100.0,0.0,0,0.0,0.0,100.0,0.0,0,0.0,0.0,100.0,0.0,0,0.0,0.0,100.0,0.0,0,0.0,0.0,100.0,0.0,0
2026-06-19 12:44:33,268.05,0.0,0.0,100.0,0.0,0,0.0,0.0,100.0,0.0,0,0.0,0.0,100.0,0.0,0,0.0,0.0,100.0,0.0,0,0.0,0.0,100.0,0.0,0,0.0,0.0,100.0,0.0,0
2026-06-19 12:44:33,268.85,0.0,0.0,100.0,0.0,0,0.0,0.0,100.0,0.0,0,0.0,0.0,100.0,0.0,0,0.0,0.0,100.0,0.0,0,0.0,0.0,100.0,0.0,0,0.0,0.0,100.0,0.0,0
2026-06-19 12:44:34,269.63,0.0,0.0,100.0,0.0,0,0.0,0.0,100.0,0.0,0,0.0,0.0,100.0,0.0,0,0.0,0.0,100.0,0.0,0,0.0,0.0,100.0,0.0,0,0.0,0.0,100.0,0.0,0
2026-06-19 12:44:35,270.4,0.0,0.0,100.0,0.0,0,0.0,0.0,100.0,0.0,0,0.0,0.0,100.0,0.0,0,0.0,0.0,100.0,0.0,0,0.0,0.0,100.0,0.0,0,0.0,0.0,100.0,0.0,0
2026-06-19 12:44:36,271.18,0.0,0.0,100.0,0.0,0,0.0,0.0,100.0,0.0,0,0.0,0.0,100.0,0.0,0,0.0,0.0,100.0,0.0,0,0.0,0.0,100.0,0.0,0,0.0,0.0,100.0,0.0,0
2026-06-19 12:44:37,271.94,0.0,0.0,100.0,0.0,0,0.0,0.0,100.0,0.0,0,0.0,0.0,100.0,0.0,0,0.0,0.0,100.0,0.0,0,0.0,0.0,100.0,0.0,0,0.0,0.0,100.0,0.0,0
2026-06-19 12:44:37,272.75,0.0,0.0,100.0,0.0,0,0.0,0.0,100.0,0.0,0,0.0,0.0,100.0,0.0,0,0.0,0.0,100.0,0.0,0,0.0,0.0,100.0,0.0,0,0.0,0.0,100.0,0.0,0
2026-06-19 12:44:38,273.52,0.0,0.0,100.0,0.0,0,0.0,0.0,100.0,0.0,0,0.0,0.0,100.0,0.0,0,0.0,0.0,100.0,0.0,0,0.0,0.0,100.0,0.0,0,0.0,0.0,100.0,0.0,0
2026-06-19 12:44:39,274.27,0.0,0.0,100.0,0.0,0,0.0,0.0,100.0,0.0,0,0.0,0.0,100.0,0.0,0,0.0,0.0,100.0,0.0,0,0.0,0.0,100.0,0.0,0,0.0,0.0,100.0,0.0,0
2026-06-19 12:44:40,275.02,0.0,0.0,100.0,0.0,0,0.0,0.0,100.0,0.0,0,0.0,0.0,100.0,0.0,0,0.0,0.0,100.0,0.0,0,0.0,0.0,100.0,0.0,0,0.0,0.0,100.0,0.0,0
2026-06-19 12:44:40,275.77,0.0,0.0,100.0,0.0,0,0.0,0.0,100.0,0.0,0,0.0,0.0,100.0,0.0,0,0.0,0.0,100.0,0.0,0,0.0,0.0,100.0,0.0,0,0.0,0.0,100.0,0.0,0
2026-06-19 12:44:41,276.55,0.0,0.0,100.0,0.0,0,0.0,0.0,100.0,0.0,0,0.0,0.0,100.0,0.0,0,0.0,0.0,100.0,0.0,0,0.0,0.0,100.0,0.0,0,0.0,0.0,100.0,0.0,0
2026-06-19 12:44:42,277.3,0.0,0.0,100.0,0.0,0,0.0,0.0,100.0,0.0,0,0.0,0.0,100.0,0.0,0,0.0,0.0,100.0,0.0,0,0.0,0.0,100.0,0.0,0,0.0,0.0,100.0,0.0,0
2026-06-19 12:44:43,278.13,0.0,0.0,100.0,0.0,0,0.0,0.0,100.0,0.0,0,0.0,0.0,100.0,0.0,0,0.0,0.0,100.0,0.0,0,0.0,0.0,100.0,0.0,0,0.0,0.0,100.0,0.0,0
2026-06-19 12:44:44,278.93,0.0,0.0,100.0,0.0,0,0.0,0.0,100.0,0.0,0,0.0,0.0,100.0,0.0,0,0.0,0.0,100.0,0.0,0,0.0,0.0,100.0,0.0,0,0.0,0.0,100.0,0.0,0
2026-06-19 12:44:44,279.72,0.0,0.0,100.0,0.0,0,0.0,0.0,100.0,0.0,0,0.0,0.0,100.0,0.0,0,0.0,0.0,100.0,0.0,0,0.0,0.0,100.0,0.0,0,0.0,0.0,100.0,0.0,0
2026-06-19 12:44:45,280.48,0.0,0.0,100.0,0.0,0,0.0,0.0,100.0,0.0,0,0.0,0.0,100.0,0.0,0,0.0,0.0,100.0,0.0,0,0.0,0.0,100.0,0.0,0,0.0,0.0,100.0,0.0,0
2026-06-19 12:44:46,281.27,0.0,0.0,100.0,0.0,0,0.0,0.0,100.0,0.0,0,0.0,0.0,100.0,0.0,0,0.0,0.0,100.0,0.0,0,0.0,0.0,100.0,0.0,0,0.0,0.0,100.0,0.0,0
2026-06-19 12:44:47,282.02,0.0,0.0,100.0,0.0,0,0.0,0.0,100.0,0.0,0,0.0,0.0,100.0,0.0,0,0.0,0.0,100.0,0.0,0,0.0,0.0,100.0,0.0,0,0.0,0.0,100.0,0.0,0
2026-06-19 12:44:47,282.79,0.0,0.0,100.0,0.0,0,0.0,0.0,100.0,0.0,0,0.0,0.0,100.0,0.0,0,0.0,0.0,100.0,0.0,0,0.0,0.0,100.0,0.0,0,0.0,0.0,100.0,0.0,0
2026-06-19 12:44:48,283.56,0.0,0.0,100.0,0.0,0,0.0,0.0,100.0,0.0,0,0.0,0.0,100.0,0.0,0,0.0,0.0,100.0,0.0,0,0.0,0.0,100.0,0.0,0,0.0,0.0,100.0,0.0,0
2026-06-19 12:44:49,284.39,0.0,0.0,100.0,0.0,0,0.0,0.0,100.0,0.0,0,0.0,0.0,100.0,0.0,0,0.0,0.0,100.0,0.0,0,0.0,0.0,100.0,0.0,0,0.0,0.0,100.0,0.0,0
2026-06-19 12:44:50,285.17,0.0,0.0,100.0,0.0,0,0.0,0.0,100.0,0.0,0,0.0,0.0,100.0,0.0,0,0.0,0.0,100.0,0.0,0,0.0,0.0,100.0,0.0,0,0.0,0.0,100.0,0.0,0
2026-06-19 12:44:50,285.91,0.0,0.0,100.0,0.0,0,0.0,0.0,100.0,0.0,0,0.0,0.0,100.0,0.0,0,0.0,0.0,100.0,0.0,0,0.0,0.0,100.0,0.0,0,0.0,0.0,100.0,0.0,0
2026-06-19 12:44:51,286.65,0.0,0.0,100.0,0.0,0,0.0,0.0,100.0,0.0,0,0.0,0.0,100.0,0.0,0,0.0,0.0,100.0,0.0,0,0.0,0.0,100.0,0.0,0,0.0,0.0,100.0,0.0,0
2026-06-19 12:44:52,287.39,0.0,0.0,100.0,0.0,0,0.0,0.0,100.0,0.0,0,0.0,0.0,100.0,0.0,0,0.0,0.0,100.0,0.0,0,0.0,0.0,100.0,0.0,0,0.0,0.0,100.0,0.0,0
2026-06-19 12:44:53,288.16,0.0,0.0,100.0,0.0,0,0.0,0.0,100.0,0.0,0,0.0,0.0,100.0,0.0,0,0.0,0.0,100.0,0.0,0,0.0,0.0,100.0,0.0,0,0.0,0.0,100.0,0.0,0
2026-06-19 12:44:54,289.55,0.0,0.0,100.0,0.0,0,0.0,0.0,100.0,0.0,0,0.0,0.0,100.0,0.0,0,0.0,0.0,100.0,0.0,0,0.0,0.0,100.0,0.0,0,0.0,0.0,100.0,0.0,0
2026-06-19 12:44:55,290.33,0.0,0.0,100.0,0.0,0,0.0,0.0,100.0,0.0,0,0.0,0.0,100.0,0.0,0,0.0,0.0,100.0,0.0,0,0.0,0.0,100.0,0.0,0,0.0,0.0,100.0,0.0,0
2026-06-19 12:44:56,291.09,0.0,0.0,100.0,0.0,0,0.0,0.0,100.0,0.0,0,0.0,0.0,100.0,0.0,0,0.0,0.0,100.0,0.0,0,0.0,0.0,100.0,0.0,0,0.0,0.0,100.0,0.0,0
2026-06-19 12:44:56,291.84,0.0,0.0,100.0,0.0,0,0.0,0.0,100.0,0.0,0,0.0,0.0,100.0,0.0,0,0.0,0.0,100.0,0.0,0,0.0,0.0,100.0,0.0,0,0.0,0.0,100.0,0.0,0
2026-06-19 12:44:57,292.59,0.0,0.0,100.0,0.0,0,0.0,0.0,100.0,0.0,0,0.0,0.0,100.0,0.0,0,0.0,0.0,100.0,0.0,0,0.0,0.0,100.0,0.0,0,0.0,0.0,100.0,0.0,0
2026-06-19 12:44:58,293.32,0.0,0.0,100.0,0.0,0,0.0,0.0,100.0,0.0,0,0.0,0.0,100.0,0.0,0,0.0,0.0,100.0,0.0,0,0.0,0.0,100.0,0.0,0,0.0,0.0,100.0,0.0,0
2026-06-19 12:44:59,294.11,0.0,0.0,100.0,0.0,0,0.0,0.0,100.0,0.0,0,0.0,0.0,100.0,0.0,0,0.0,0.0,100.0,0.0,0,0.0,0.0,100.0,0.0,0,0.0,0.0,100.0,0.0,0
2026-06-19 12:44:59,294.89,0.0,0.0,100.0,0.0,0,0.0,0.0,100.0,0.0,0,0.0,0.0,100.0,0.0,0,0.0,0.0,100.0,0.0,0,0.0,0.0,100.0,0.0,0,0.0,0.0,100.0,0.0,0
2026-06-19 12:45:00,295.67,0.0,0.0,100.0,0.0,0,0.0,0.0,100.0,0.0,0,0.0,0.0,100.0,0.0,0,0.0,0.0,100.0,0.0,0,0.0,0.0,100.0,0.0,0,0.0,0.0,100.0,0.0,0
2026-06-19 12:45:01,296.49,0.0,0.0,100.0,0.0,0,0.0,0.0,100.0,0.0,0,0.0,0.0,100.0,0.0,0,0.0,0.0,100.0,0.0,0,0.0,0.0,100.0,0.0,0,0.0,0.0,100.0,0.0,0
2026-06-19 12:45:02,297.29,0.0,0.0,100.0,0.0,0,0.0,0.0,100.0,0.0,0,0.0,0.0,100.0,0.0,0,0.0,0.0,100.0,0.0,0,0.0,0.0,100.0,0.0,0,0.0,0.0,100.0,0.0,0
2026-06-19 12:45:03,298.05,0.0,0.0,100.0,0.0,0,0.0,0.0,100.0,0.0,0,0.0,0.0,100.0,0.0,0,0.0,0.0,100.0,0.0,0,0.0,0.0,100.0,0.0,0,0.0,0.0,100.0,0.0,0
2026-06-19 12:45:03,298.82,0.0,0.0,100.0,0.0,0,0.0,0.0,100.0,0.0,0,0.0,0.0,100.0,0.0,0,0.0,0.0,100.0,0.0,0,0.0,0.0,100.0,0.0,0,0.0,0.0,100.0,0.0,0
2026-06-19 12:45:04,299.55,0.0,0.0,100.0,0.0,0,0.0,0.0,100.0,0.0,0,0.0,0.0,100.0,0.0,0,0.0,0.0,100.0,0.0,0,0.0,0.0,100.0,0.0,0,0.0,0.0,100.0,0.0,0
2026-06-19 12:45:05,300.29,0.0,0.0,100.0,0.0,0,0.0,0.0,100.0,0.0,0,0.0,0.0,100.0,0.0,0,0.0,0.0,100.0,0.0,0,0.0,0.0,100.0,0.0,0,0.0,0.0,100.0,0.0,0
2026-06-19 12:45:06,301.13,0.0,0.0,100.0,0.0,0,0.0,0.0,100.0,0.0,0,0.0,0.0,100.0,0.0,0,0.0,0.0,100.0,0.0,0,0.0,0.0,100.0,0.0,0,0.0,0.0,100.0,0.0,0
2026-06-19 12:45:06,301.9,0.0,0.0,100.0,0.0,0,0.0,0.0,100.0,0.0,0,0.0,0.0,100.0,0.0,0,0.0,0.0,100.0,0.0,0,0.0,0.0,100.0,0.0,0,0.0,0.0,100.0,0.0,0
2026-06-19 12:45:07,302.73,0.0,0.0,100.0,0.0,0,0.0,0.0,100.0,0.0,0,0.0,0.0,100.0,0.0,0,0.0,0.0,100.0,0.0,0,0.0,0.0,100.0,0.0,0,0.0,0.0,100.0,0.0,0
2026-06-19 12:45:08,303.51,0.0,0.0,100.0,0.0,0,0.0,0.0,100.0,0.0,0,0.0,0.0,100.0,0.0,0,0.0,0.0,100.0,0.0,0,0.0,0.0,100.0,0.0,0,0.0,0.0,100.0,0.0,0
2026-06-19 12:45:09,304.26,0.0,0.0,100.0,0.0,0,0.0,0.0,100.0,0.0,0,0.0,0.0,100.0,0.0,0,0.0,0.0,100.0,0.0,0,0.0,0.0,100.0,0.0,0,0.0,0.0,100.0,0.0,0
2026-06-19 12:45:10,305.0,0.0,0.0,100.0,0.0,0,0.0,0.0,100.0,0.0,0,0.0,0.0,100.0,0.0,0,0.0,0.0,100.0,0.0,0,0.0,0.0,100.0,0.0,0,0.0,0.0,100.0,0.0,0
2026-06-19 12:45:10,305.74,0.0,0.0,100.0,0.0,0,0.0,0.0,100.0,0.0,0,0.0,0.0,100.0,0.0,0,0.0,0.0,100.0,0.0,0,0.0,0.0,100.0,0.0,0,0.0,0.0,100.0,0.0,0
2026-06-19 12:45:11,306.5,0.0,0.0,100.0,0.0,0,0.0,0.0,100.0,0.0,0,0.0,0.0,100.0,0.0,0,0.0,0.0,100.0,0.0,0,0.0,0.0,100.0,0.0,0,0.0,0.0,100.0,0.0,0
2026-06-19 12:45:12,307.26,0.0,0.0,100.0,0.0,0,0.0,0.0,100.0,0.0,0,0.0,0.0,100.0,0.0,0,0.0,0.0,100.0,0.0,0,0.0,0.0,100.0,0.0,0,0.0,0.0,100.0,0.0,0
2026-06-19 12:45:13,308.01,0.0,0.0,100.0,0.0,0,0.0,0.0,100.0,0.0,0,0.0,0.0,100.0,0.0,0,0.0,0.0,100.0,0.0,0,0.0,0.0,100.0,0.0,0,0.0,0.0,100.0,0.0,0
2026-06-19 12:45:13,308.78,0.0,0.0,100.0,0.0,0,0.0,0.0,100.0,0.0,0,0.0,0.0,100.0,0.0,0,0.0,0.0,100.0,0.0,0,0.0,0.0,100.0,0.0,0,0.0,0.0,100.0,0.0,0
2026-06-19 12:45:14,309.51,0.0,0.0,100.0,0.0,0,0.0,0.0,100.0,0.0,0,0.0,0.0,100.0,0.0,0,0.0,0.0,100.0,0.0,0,0.0,0.0,100.0,0.0,0,0.0,0.0,100.0,0.0,0
2026-06-19 12:45:15,310.25,0.0,0.0,100.0,0.0,0,0.0,0.0,100.0,0.0,0,0.0,0.0,100.0,0.0,0,0.0,0.0,100.0,0.0,0,0.0,0.0,100.0,0.0,0,0.0,0.0,100.0,0.0,0
2026-06-19 12:45:16,311.02,0.0,0.0,100.0,0.0,0,0.0,0.0,100.0,0.0,0,0.0,0.0,100.0,0.0,0,0.0,0.0,100.0,0.0,0,0.0,0.0,100.0,0.0,0,0.0,0.0,100.0,0.0,0
2026-06-19 12:45:16,311.81,0.0,0.0,100.0,0.0,0,0.0,0.0,100.0,0.0,0,0.0,0.0,100.0,0.0,0,0.0,0.0,100.0,0.0,0,0.0,0.0,100.0,0.0,0,0.0,0.0,100.0,0.0,0
2026-06-19 12:45:17,312.56,0.0,0.0,100.0,0.0,0,0.0,0.0,100.0,0.0,0,0.0,0.0,100.0,0.0,0,0.0,0.0,100.0,0.0,0,0.0,0.0,100.0,0.0,0,0.0,0.0,100.0,0.0,0
2026-06-19 12:45:18,313.31,0.0,0.0,100.0,0.0,0,0.0,0.0,100.0,0.0,0,0.0,0.0,100.0,0.0,0,0.0,0.0,100.0,0.0,0,0.0,0.0,100.0,0.0,0,0.0,0.0,100.0,0.0,0
2026-06-19 12:45:19,314.07,0.0,0.0,100.0,0.0,0,0.0,0.0,100.0,0.0,0,0.0,0.0,100.0,0.0,0,0.0,0.0,100.0,0.0,0,0.0,0.0,100.0,0.0,0,0.0,0.0,100.0,0.0,0
2026-06-19 12:45:19,314.9,0.0,0.0,100.0,0.0,0,0.0,0.0,100.0,0.0,0,0.0,0.0,100.0,0.0,0,0.0,0.0,100.0,0.0,0,0.0,0.0,100.0,0.0,0,0.0,0.0,100.0,0.0,0
2026-06-19 12:45:20,315.66,0.0,0.0,100.0,0.0,0,0.0,0.0,100.0,0.0,0,0.0,0.0,100.0,0.0,0,0.0,0.0,100.0,0.0,0,0.0,0.0,100.0,0.0,0,0.0,0.0,100.0,0.0,0
2026-06-19 12:45:21,316.43,0.0,0.0,100.0,0.0,0,0.0,0.0,100.0,0.0,0,0.0,0.0,100.0,0.0,0,0.0,0.0,100.0,0.0,0,0.0,0.0,100.0,0.0,0,0.0,0.0,100.0,0.0,0
2026-06-19 12:45:22,317.17,0.0,0.0,100.0,0.0,0,0.0,0.0,100.0,0.0,0,0.0,0.0,100.0,0.0,0,0.0,0.0,100.0,0.0,0,0.0,0.0,100.0,0.0,0,0.0,0.0,100.0,0.0,0
2026-06-19 12:45:22,317.92,0.0,0.0,100.0,0.0,0,0.0,0.0,100.0,0.0,0,0.0,0.0,100.0,0.0,0,0.0,0.0,100.0,0.0,0,0.0,0.0,100.0,0.0,0,0.0,0.0,100.0,0.0,0
2026-06-19 12:45:23,318.68,0.0,0.0,100.0,0.0,0,0.0,0.0,100.0,0.0,0,0.0,0.0,100.0,0.0,0,0.0,0.0,100.0,0.0,0,0.0,0.0,100.0,0.0,0,0.0,0.0,100.0,0.0,0
2026-06-19 12:45:24,319.43,0.0,0.0,100.0,0.0,0,0.0,0.0,100.0,0.0,0,0.0,0.0,100.0,0.0,0,0.0,0.0,100.0,0.0,0,0.0,0.0,100.0,0.0,0,0.0,0.0,100.0,0.0,0
2026-06-19 12:45:25,320.21,0.0,0.0,100.0,0.0,0,0.0,0.0,100.0,0.0,0,0.0,0.0,100.0,0.0,0,0.0,0.0,100.0,0.0,0,0.0,0.0,100.0,0.0,0,0.0,0.0,100.0,0.0,0
2026-06-19 12:45:26,321.02,0.0,0.0,100.0,0.0,0,0.0,0.0,100.0,0.0,0,0.0,0.0,100.0,0.0,0,0.0,0.0,100.0,0.0,0,0.0,0.0,100.0,0.0,0,0.0,0.0,100.0,0.0,0
2026-06-19 12:45:26,321.78,0.0,0.0,100.0,0.0,0,0.0,0.0,100.0,0.0,0,0.0,0.0,100.0,0.0,0,0.0,0.0,100.0,0.0,0,0.0,0.0,100.0,0.0,0,0.0,0.0,100.0,0.0,0
2026-06-19 12:45:27,322.53,0.0,0.0,100.0,0.0,0,0.0,0.0,100.0,0.0,0,0.0,0.0,100.0,0.0,0,0.0,0.0,100.0,0.0,0,0.0,0.0,100.0,0.0,0,0.0,0.0,100.0,0.0,0
2026-06-19 12:45:28,323.3,0.0,0.0,100.0,0.0,0,0.0,0.0,100.0,0.0,0,0.0,0.0,100.0,0.0,0,0.0,0.0,100.0,0.0,0,0.0,0.0,100.0,0.0,0,0.0,0.0,100.0,0.0,0
2026-06-19 12:45:29,324.07,0.0,0.0,100.0,0.0,0,0.0,0.0,100.0,0.0,0,0.0,0.0,100.0,0.0,0,0.0,0.0,100.0,0.0,0,0.0,0.0,100.0,0.0,0,0.0,0.0,100.0,0.0,0
2026-06-19 12:45:29,324.82,0.0,0.0,100.0,0.0,0,0.0,0.0,100.0,0.0,0,0.0,0.0,100.0,0.0,0,0.0,0.0,100.0,0.0,0,0.0,0.0,100.0,0.0,0,0.0,0.0,100.0,0.0,0
2026-06-19 12:45:30,325.6,0.0,0.0,100.0,0.0,0,0.0,0.0,100.0,0.0,0,0.0,0.0,100.0,0.0,0,0.0,0.0,100.0,0.0,0,0.0,0.0,100.0,0.0,0,0.0,0.0,100.0,0.0,0
2026-06-19 12:45:31,326.4,0.0,0.0,100.0,0.0,0,0.0,0.0,100.0,0.0,0,0.0,0.0,100.0,0.0,0,0.0,0.0,100.0,0.0,0,0.0,0.0,100.0,0.0,0,0.0,0.0,100.0,0.0,0
2026-06-19 12:45:32,327.21,0.0,0.0,100.0,0.0,0,0.0,0.0,100.0,0.0,0,0.0,0.0,100.0,0.0,0,0.0,0.0,100.0,0.0,0,0.0,0.0,100.0,0.0,0,0.0,0.0,100.0,0.0,0
2026-06-19 12:45:33,327.97,0.0,0.0,100.0,0.0,0,0.0,0.0,100.0,0.0,0,0.0,0.0,100.0,0.0,0,0.0,0.0,100.0,0.0,0,0.0,0.0,100.0,0.0,0,0.0,0.0,100.0,0.0,0
2026-06-19 12:45:33,328.78,0.0,0.0,100.0,0.0,0,0.0,0.0,100.0,0.0,0,0.0,0.0,100.0,0.0,0,0.0,0.0,100.0,0.0,0,0.0,0.0,100.0,0.0,0,0.0,0.0,100.0,0.0,0
2026-06-19 12:45:34,329.56,0.0,0.0,100.0,0.0,0,0.0,0.0,100.0,0.0,0,0.0,0.0,100.0,0.0,0,0.0,0.0,100.0,0.0,0,0.0,0.0,100.0,0.0,0,0.0,0.0,100.0,0.0,0
2026-06-19 12:45:35,330.32,0.0,0.0,100.0,0.0,0,0.0,0.0,100.0,0.0,0,0.0,0.0,100.0,0.0,0,0.0,0.0,100.0,0.0,0,0.0,0.0,100.0,0.0,0,0.0,0.0,100.0,0.0,0
2026-06-19 12:45:36,331.05,0.0,0.0,100.0,0.0,0,0.0,0.0,100.0,0.0,0,0.0,0.0,100.0,0.0,0,0.0,0.0,100.0,0.0,0,0.0,0.0,100.0,0.0,0,0.0,0.0,100.0,0.0,0
2026-06-19 12:45:36,331.83,0.0,0.0,100.0,0.0,0,0.0,0.0,100.0,0.0,0,0.0,0.0,100.0,0.0,0,0.0,0.0,100.0,0.0,0,0.0,0.0,100.0,0.0,0,0.0,0.0,100.0,0.0,0
2026-06-19 12:45:37,332.59,0.0,0.0,100.0,0.0,0,0.0,0.0,100.0,0.0,0,0.0,0.0,100.0,0.0,0,0.0,0.0,100.0,0.0,0,0.0,0.0,100.0,0.0,0,0.0,0.0,100.0,0.0,0
2026-06-19 12:45:38,333.38,0.0,0.0,100.0,0.0,0,0.0,0.0,100.0,0.0,0,0.0,0.0,100.0,0.0,0,0.0,0.0,100.0,0.0,0,0.0,0.0,100.0,0.0,0,0.0,0.0,100.0,0.0,0
2026-06-19 12:45:39,334.19,0.0,0.0,100.0,0.0,0,0.0,0.0,100.0,0.0,0,0.0,0.0,100.0,0.0,0,0.0,0.0,100.0,0.0,0,0.0,0.0,100.0,0.0,0,0.0,0.0,100.0,0.0,0
2026-06-19 12:45:40,335.0,0.0,0.0,100.0,0.0,0,0.0,0.0,100.0,0.0,0,0.0,0.0,100.0,0.0,0,0.0,0.0,100.0,0.0,0,0.0,0.0,100.0,0.0,0,0.0,0.0,100.0,0.0,0
2026-06-19 12:45:40,335.79,0.0,0.0,100.0,0.0,0,0.0,0.0,100.0,0.0,0,0.0,0.0,100.0,0.0,0,0.0,0.0,100.0,0.0,0,0.0,0.0,100.0,0.0,0,0.0,0.0,100.0,0.0,0
2026-06-19 12:45:41,336.56,0.0,0.0,100.0,0.0,0,0.0,0.0,100.0,0.0,0,0.0,0.0,100.0,0.0,0,0.0,0.0,100.0,0.0,0,0.0,0.0,100.0,0.0,0,0.0,0.0,100.0,0.0,0
2026-06-19 12:45:42,337.34,0.0,0.0,100.0,0.0,0,0.0,0.0,100.0,0.0,0,0.0,0.0,100.0,0.0,0,0.0,0.0,100.0,0.0,0,0.0,0.0,100.0,0.0,0,0.0,0.0,100.0,0.0,0
2026-06-19 12:45:43,338.08,0.0,0.0,100.0,0.0,0,0.0,0.0,100.0,0.0,0,0.0,0.0,100.0,0.0,0,0.0,0.0,100.0,0.0,0,0.0,0.0,100.0,0.0,0,0.0,0.0,100.0,0.0,0
2026-06-19 12:45:44,338.96,0.0,0.0,100.0,0.0,0,0.0,0.0,100.0,0.0,0,0.0,0.0,100.0,0.0,0,0.0,0.0,100.0,0.0,0,0.0,0.0,100.0,0.0,0,0.0,0.0,100.0,0.0,0
2026-06-19 12:45:44,339.7,0.0,0.0,100.0,0.0,0,0.0,0.0,100.0,0.0,0,0.0,0.0,100.0,0.0,0,0.0,0.0,100.0,0.0,0,0.0,0.0,100.0,0.0,0,0.0,0.0,100.0,0.0,0
2026-06-19 12:45:45,340.48,0.0,0.0,100.0,0.0,0,0.0,0.0,100.0,0.0,0,0.0,0.0,100.0,0.0,0,0.0,0.0,100.0,0.0,0,0.0,0.0,100.0,0.0,0,0.0,0.0,100.0,0.0,0
2026-06-19 12:45:46,341.25,0.0,0.0,100.0,0.0,0,0.0,0.0,100.0,0.0,0,0.0,0.0,100.0,0.0,0,0.0,0.0,100.0,0.0,0,0.0,0.0,100.0,0.0,0,0.0,0.0,100.0,0.0,0
2026-06-19 12:45:47,342.04,0.0,0.0,100.0,0.0,0,0.0,0.0,100.0,0.0,0,0.0,0.0,100.0,0.0,0,0.0,0.0,100.0,0.0,0,0.0,0.0,100.0,0.0,0,0.0,0.0,100.0,0.0,0
2026-06-19 12:45:47,342.83,0.0,0.0,100.0,0.0,0,0.0,0.0,100.0,0.0,0,0.0,0.0,100.0,0.0,0,0.0,0.0,100.0,0.0,0,0.0,0.0,100.0,0.0,0,0.0,0.0,100.0,0.0,0
2026-06-19 12:45:48,343.61,0.0,0.0,100.0,0.0,0,0.0,0.0,100.0,0.0,0,0.0,0.0,100.0,0.0,0,0.0,0.0,100.0,0.0,0,0.0,0.0,100.0,0.0,0,0.0,0.0,100.0,0.0,0
2026-06-19 12:45:49,344.39,0.0,0.0,100.0,0.0,0,0.0,0.0,100.0,0.0,0,0.0,0.0,100.0,0.0,0,0.0,0.0,100.0,0.0,0,0.0,0.0,100.0,0.0,0,0.0,0.0,100.0,0.0,0
2026-06-19 12:45:50,345.17,0.0,0.0,100.0,0.0,0,0.0,0.0,100.0,0.0,0,0.0,0.0,100.0,0.0,0,0.0,0.0,100.0,0.0,0,0.0,0.0,100.0,0.0,0,0.0,0.0,100.0,0.0,0
2026-06-19 12:45:51,345.93,0.0,0.0,100.0,0.0,0,0.0,0.0,100.0,0.0,0,0.0,0.0,100.0,0.0,0,0.0,0.0,100.0,0.0,0,0.0,0.0,100.0,0.0,0,0.0,0.0,100.0,0.0,0
2026-06-19 12:45:51,346.73,0.0,0.0,100.0,0.0,0,0.0,0.0,100.0,0.0,0,0.0,0.0,100.0,0.0,0,0.0,0.0,100.0,0.0,0,0.0,0.0,100.0,0.0,0,0.0,0.0,100.0,0.0,0
2026-06-19 12:45:52,347.49,0.0,0.0,100.0,0.0,0,0.0,0.0,100.0,0.0,0,0.0,0.0,100.0,0.0,0,0.0,0.0,100.0,0.0,0,0.0,0.0,100.0,0.0,0,0.0,0.0,100.0,0.0,0
2026-06-19 12:45:53,348.24,0.0,0.0,100.0,0.0,0,0.0,0.0,100.0,0.0,0,0.0,0.0,100.0,0.0,0,0.0,0.0,100.0,0.0,0,0.0,0.0,100.0,0.0,0,0.0,0.0,100.0,0.0,0
2026-06-19 12:45:54,349.02,0.0,0.0,100.0,0.0,0,0.0,0.0,100.0,0.0,0,0.0,0.0,100.0,0.0,0,0.0,0.0,100.0,0.0,0,0.0,0.0,100.0,0.0,0,0.0,0.0,100.0,0.0,0
2026-06-19 12:45:54,349.81,0.0,0.0,100.0,0.0,0,0.0,0.0,100.0,0.0,0,0.0,0.0,100.0,0.0,0,0.0,0.0,100.0,0.0,0,0.0,0.0,100.0,0.0,0,0.0,0.0,100.0,0.0,0
2026-06-19 12:45:55,350.56,0.0,0.0,100.0,0.0,0,0.0,0.0,100.0,0.0,0,0.0,0.0,100.0,0.0,0,0.0,0.0,100.0,0.0,0,0.0,0.0,100.0,0.0,0,0.0,0.0,100.0,0.0,0
2026-06-19 12:45:56,351.31,0.0,0.0,100.0,0.0,0,0.0,0.0,100.0,0.0,0,0.0,0.0,100.0,0.0,0,0.0,0.0,100.0,0.0,0,0.0,0.0,100.0,0.0,0,0.0,0.0,100.0,0.0,0
2026-06-19 12:45:57,352.08,0.0,0.0,100.0,0.0,0,0.0,0.0,100.0,0.0,0,0.0,0.0,100.0,0.0,0,0.0,0.0,100.0,0.0,0,0.0,0.0,100.0,0.0,0,0.0,0.0,100.0,0.0,0
2026-06-19 12:45:57,352.82,0.0,0.0,100.0,0.0,0,0.0,0.0,100.0,0.0,0,0.0,0.0,100.0,0.0,0,0.0,0.0,100.0,0.0,0,0.0,0.0,100.0,0.0,0,0.0,0.0,100.0,0.0,0
2026-06-19 12:45:58,353.56,0.0,0.0,100.0,0.0,0,0.0,0.0,100.0,0.0,0,0.0,0.0,100.0,0.0,0,0.0,0.0,100.0,0.0,0,0.0,0.0,100.0,0.0,0,0.0,0.0,100.0,0.0,0
2026-06-19 12:45:59,354.37,0.0,0.0,100.0,0.0,0,0.0,0.0,100.0,0.0,0,0.0,0.0,100.0,0.0,0,0.0,0.0,100.0,0.0,0,0.0,0.0,100.0,0.0,0,0.0,0.0,100.0,0.0,0
2026-06-19 12:46:00,355.11,0.0,0.0,100.0,0.0,0,0.0,0.0,100.0,0.0,0,0.0,0.0,100.0,0.0,0,0.0,0.0,100.0,0.0,0,0.0,0.0,100.0,0.0,0,0.0,0.0,100.0,0.0,0
2026-06-19 12:46:00,355.92,0.0,0.0,100.0,0.0,0,0.0,0.0,100.0,0.0,0,0.0,0.0,100.0,0.0,0,0.0,0.0,100.0,0.0,0,0.0,0.0,100.0,0.0,0,0.0,0.0,100.0,0.0,0
2026-06-19 12:46:01,356.66,0.0,0.0,100.0,0.0,0,0.0,0.0,100.0,0.0,0,0.0,0.0,100.0,0.0,0,0.0,0.0,100.0,0.0,0,0.0,0.0,100.0,0.0,0,0.0,0.0,100.0,0.0,0
2026-06-19 12:46:02,357.46,0.0,0.0,100.0,0.0,0,0.0,0.0,100.0,0.0,0,0.0,0.0,100.0,0.0,0,0.0,0.0,100.0,0.0,0,0.0,0.0,100.0,0.0,0,0.0,0.0,100.0,0.0,0
2026-06-19 12:46:03,358.2,0.0,0.0,100.0,0.0,0,0.0,0.0,100.0,0.0,0,0.0,0.0,100.0,0.0,0,0.0,0.0,100.0,0.0,0,0.0,0.0,100.0,0.0,0,0.0,0.0,100.0,0.0,0
2026-06-19 12:46:04,358.98,0.0,0.0,100.0,0.0,0,0.0,0.0,100.0,0.0,0,0.0,0.0,100.0,0.0,0,0.0,0.0,100.0,0.0,0,0.0,0.0,100.0,0.0,0,0.0,0.0,100.0,0.0,0
2026-06-19 12:46:04,359.72,0.0,0.0,100.0,0.0,0,0.0,0.0,100.0,0.0,0,0.0,0.0,100.0,0.0,0,0.0,0.0,100.0,0.0,0,0.0,0.0,100.0,0.0,0,0.0,0.0,100.0,0.0,0
2026-06-19 12:46:05,360.46,0.0,0.0,100.0,0.0,0,0.0,0.0,100.0,0.0,0,0.0,0.0,100.0,0.0,0,0.0,0.0,100.0,0.0,0,0.0,0.0,100.0,0.0,0,0.0,0.0,100.0,0.0,0
2026-06-19 12:46:06,361.19,0.0,0.0,100.0,0.0,0,0.0,0.0,100.0,0.0,0,0.0,0.0,100.0,0.0,0,0.0,0.0,100.0,0.0,0,0.0,0.0,100.0,0.0,0,0.0,0.0,100.0,0.0,0
2026-06-19 12:46:07,361.96,0.0,0.0,100.0,0.0,0,0.0,0.0,100.0,0.0,0,0.0,0.0,100.0,0.0,0,0.0,0.0,100.0,0.0,0,0.0,0.0,100.0,0.0,0,0.0,0.0,100.0,0.0,0
2026-06-19 12:46:07,362.7,0.0,0.0,100.0,0.0,0,0.0,0.0,100.0,0.0,0,0.0,0.0,100.0,0.0,0,0.0,0.0,100.0,0.0,0,0.0,0.0,100.0,0.0,0,0.0,0.0,100.0,0.0,0
2026-06-19 12:46:08,363.48,0.0,0.0,100.0,0.0,0,0.0,0.0,100.0,0.0,0,0.0,0.0,100.0,0.0,0,0.0,0.0,100.0,0.0,0,0.0,0.0,100.0,0.0,0,0.0,0.0,100.0,0.0,0
2026-06-19 12:46:09,364.22,0.0,0.0,100.0,0.0,0,0.0,0.0,100.0,0.0,0,0.0,0.0,100.0,0.0,0,0.0,0.0,100.0,0.0,0,0.0,0.0,100.0,0.0,0,0.0,0.0,100.0,0.0,0
2026-06-19 12:46:10,364.97,0.0,0.0,100.0,0.0,0,0.0,0.0,100.0,0.0,0,0.0,0.0,100.0,0.0,0,0.0,0.0,100.0,0.0,0,0.0,0.0,100.0,0.0,0,0.0,0.0,100.0,0.0,0
2026-06-19 12:46:10,365.71,0.0,0.0,100.0,0.0,0,0.0,0.0,100.0,0.0,0,0.0,0.0,100.0,0.0,0,0.0,0.0,100.0,0.0,0,0.0,0.0,100.0,0.0,0,0.0,0.0,100.0,0.0,0
2026-06-19 12:46:11,366.46,0.0,0.0,100.0,0.0,0,0.0,0.0,100.0,0.0,0,0.0,0.0,100.0,0.0,0,0.0,0.0,100.0,0.0,0,0.0,0.0,100.0,0.0,0,0.0,0.0,100.0,0.0,0
2026-06-19 12:46:12,367.25,0.0,0.0,100.0,0.0,0,0.0,0.0,100.0,0.0,0,0.0,0.0,100.0,0.0,0,0.0,0.0,100.0,0.0,0,0.0,0.0,100.0,0.0,0,0.0,0.0,100.0,0.0,0
2026-06-19 12:46:13,368.0,0.0,0.0,100.0,0.0,0,0.0,0.0,100.0,0.0,0,0.0,0.0,100.0,0.0,0,0.0,0.0,100.0,0.0,0,0.0,0.0,100.0,0.0,0,0.0,0.0,100.0,0.0,0
2026-06-19 12:46:13,368.73,0.0,0.0,100.0,0.0,0,0.0,0.0,100.0,0.0,0,0.0,0.0,100.0,0.0,0,0.0,0.0,100.0,0.0,0,0.0,0.0,100.0,0.0,0,0.0,0.0,100.0,0.0,0
2026-06-19 12:46:14,369.48,0.0,0.0,100.0,0.0,0,0.0,0.0,100.0,0.0,0,0.0,0.0,100.0,0.0,0,0.0,0.0,100.0,0.0,0,0.0,0.0,100.0,0.0,0,0.0,0.0,100.0,0.0,0
2026-06-19 12:46:15,370.26,0.0,0.0,100.0,0.0,0,0.0,0.0,100.0,0.0,0,0.0,0.0,100.0,0.0,0,0.0,0.0,100.0,0.0,0,0.0,0.0,100.0,0.0,0,0.0,0.0,100.0,0.0,0
2026-06-19 12:46:16,371.01,0.0,0.0,100.0,0.0,0,0.0,0.0,100.0,0.0,0,0.0,0.0,100.0,0.0,0,0.0,0.0,100.0,0.0,0,0.0,0.0,100.0,0.0,0,0.0,0.0,100.0,0.0,0
2026-06-19 12:46:16,371.75,0.0,0.0,100.0,0.0,0,0.0,0.0,100.0,0.0,0,0.0,0.0,100.0,0.0,0,0.0,0.0,100.0,0.0,0,0.0,0.0,100.0,0.0,0,0.0,0.0,100.0,0.0,0
2026-06-19 12:46:17,372.5,0.0,0.0,100.0,0.0,0,0.0,0.0,100.0,0.0,0,0.0,0.0,100.0,0.0,0,0.0,0.0,100.0,0.0,0,0.0,0.0,100.0,0.0,0,0.0,0.0,100.0,0.0,0
2026-06-19 12:46:18,373.25,0.0,0.0,100.0,0.0,0,0.0,0.0,100.0,0.0,0,0.0,0.0,100.0,0.0,0,0.0,0.0,100.0,0.0,0,0.0,0.0,100.0,0.0,0,0.0,0.0,100.0,0.0,0
2026-06-19 12:46:19,374.0,0.0,0.0,100.0,0.0,0,0.0,0.0,100.0,0.0,0,0.0,0.0,100.0,0.0,0,0.0,0.0,100.0,0.0,0,0.0,0.0,100.0,0.0,0,0.0,0.0,100.0,0.0,0
2026-06-19 12:46:19,374.76,0.0,0.0,100.0,0.0,0,0.0,0.0,100.0,0.0,0,0.0,0.0,100.0,0.0,0,0.0,0.0,100.0,0.0,0,0.0,0.0,100.0,0.0,0,0.0,0.0,100.0,0.0,0
2026-06-19 12:46:20,375.51,0.0,0.0,100.0,0.0,0,0.0,0.0,100.0,0.0,0,0.0,0.0,100.0,0.0,0,0.0,0.0,100.0,0.0,0,0.0,0.0,100.0,0.0,0,0.0,0.0,100.0,0.0,0
2026-06-19 12:46:21,376.23,0.0,0.0,100.0,0.0,0,0.0,0.0,100.0,0.0,0,0.0,0.0,100.0,0.0,0,0.0,0.0,100.0,0.0,0,0.0,0.0,100.0,0.0,0,0.0,0.0,100.0,0.0,0
2026-06-19 12:46:22,376.99,0.0,0.0,100.0,0.0,0,0.0,0.0,100.0,0.0,0,0.0,0.0,100.0,0.0,0,0.0,0.0,100.0,0.0,0,0.0,0.0,100.0,0.0,0,0.0,0.0,100.0,0.0,0
2026-06-19 12:46:22,377.73,0.0,0.0,100.0,0.0,0,0.0,0.0,100.0,0.0,0,0.0,0.0,100.0,0.0,0,0.0,0.0,100.0,0.0,0,0.0,0.0,100.0,0.0,0,0.0,0.0,100.0,0.0,0
2026-06-19 12:46:23,378.5,0.0,0.0,100.0,0.0,0,0.0,0.0,100.0,0.0,0,0.0,0.0,100.0,0.0,0,0.0,0.0,100.0,0.0,0,0.0,0.0,100.0,0.0,0,0.0,0.0,100.0,0.0,0
2026-06-19 12:46:24,379.24,0.0,0.0,100.0,0.0,0,0.0,0.0,100.0,0.0,0,0.0,0.0,100.0,0.0,0,0.0,0.0,100.0,0.0,0,0.0,0.0,100.0,0.0,0,0.0,0.0,100.0,0.0,0
2026-06-19 12:46:25,379.99,0.0,0.0,100.0,0.0,0,0.0,0.0,100.0,0.0,0,0.0,0.0,100.0,0.0,0,0.0,0.0,100.0,0.0,0,0.0,0.0,100.0,0.0,0,0.0,0.0,100.0,0.0,0
2026-06-19 12:46:25,380.74,0.0,0.0,100.0,0.0,0,0.0,0.0,100.0,0.0,0,0.0,0.0,100.0,0.0,0,0.0,0.0,100.0,0.0,0,0.0,0.0,100.0,0.0,0,0.0,0.0,100.0,0.0,0
2026-06-19 12:46:26,381.49,0.0,0.0,100.0,0.0,0,0.0,0.0,100.0,0.0,0,0.0,0.0,100.0,0.0,0,0.0,0.0,100.0,0.0,0,0.0,0.0,100.0,0.0,0,0.0,0.0,100.0,0.0,0
2026-06-19 12:46:27,382.22,0.0,0.0,100.0,0.0,0,0.0,0.0,100.0,0.0,0,0.0,0.0,100.0,0.0,0,0.0,0.0,100.0,0.0,0,0.0,0.0,100.0,0.0,0,0.0,0.0,100.0,0.0,0
2026-06-19 12:46:28,382.95,0.0,0.0,100.0,0.0,0,0.0,0.0,100.0,0.0,0,0.0,0.0,100.0,0.0,0,0.0,0.0,100.0,0.0,0,0.0,0.0,100.0,0.0,0,0.0,0.0,100.0,0.0,0
2026-06-19 12:46:28,383.7,0.0,0.0,100.0,0.0,0,0.0,0.0,100.0,0.0,0,0.0,0.0,100.0,0.0,0,0.0,0.0,100.0,0.0,0,0.0,0.0,100.0,0.0,0,0.0,0.0,100.0,0.0,0
2026-06-19 12:46:29,384.46,0.0,0.0,100.0,0.0,0,0.0,0.0,100.0,0.0,0,0.0,0.0,100.0,0.0,0,0.0,0.0,100.0,0.0,0,0.0,0.0,100.0,0.0,0,0.0,0.0,100.0,0.0,0
2026-06-19 12:46:30,385.21,0.0,0.0,100.0,0.0,0,0.0,0.0,100.0,0.0,0,0.0,0.0,100.0,0.0,0,0.0,0.0,100.0,0.0,0,0.0,0.0,100.0,0.0,0,0.0,0.0,100.0,0.0,0
2026-06-19 12:46:31,385.95,0.0,0.0,100.0,0.0,0,0.0,0.0,100.0,0.0,0,0.0,0.0,100.0,0.0,0,0.0,0.0,100.0,0.0,0,0.0,0.0,100.0,0.0,0,0.0,0.0,100.0,0.0,0
2026-06-19 12:46:31,386.72,0.0,0.0,100.0,0.0,0,0.0,0.0,100.0,0.0,0,0.0,0.0,100.0,0.0,0,0.0,0.0,100.0,0.0,0,0.0,0.0,100.0,0.0,0,0.0,0.0,100.0,0.0,0
2026-06-19 12:46:32,387.45,0.0,0.0,100.0,0.0,0,0.0,0.0,100.0,0.0,0,0.0,0.0,100.0,0.0,0,0.0,0.0,100.0,0.0,0,0.0,0.0,100.0,0.0,0,0.0,0.0,100.0,0.0,0
2026-06-19 12:46:33,388.18,0.0,0.0,100.0,0.0,0,0.0,0.0,100.0,0.0,0,0.0,0.0,100.0,0.0,0,0.0,0.0,100.0,0.0,0,0.0,0.0,100.0,0.0,0,0.0,0.0,100.0,0.0,0
2026-06-19 12:46:34,388.94,0.0,0.0,100.0,0.0,0,0.0,0.0,100.0,0.0,0,0.0,0.0,100.0,0.0,0,0.0,0.0,100.0,0.0,0,0.0,0.0,100.0,0.0,0,0.0,0.0,100.0,0.0,0
2026-06-19 12:46:34,389.69,0.0,0.0,100.0,0.0,0,0.0,0.0,100.0,0.0,0,0.0,0.0,100.0,0.0,0,0.0,0.0,100.0,0.0,0,0.0,0.0,100.0,0.0,0,0.0,0.0,100.0,0.0,0
2026-06-19 12:46:35,390.44,0.0,0.0,100.0,0.0,0,0.0,0.0,100.0,0.0,0,0.0,0.0,100.0,0.0,0,0.0,0.0,100.0,0.0,0,0.0,0.0,100.0,0.0,0,0.0,0.0,100.0,0.0,0
2026-06-19 12:46:36,391.17,0.0,0.0,100.0,0.0,0,0.0,0.0,100.0,0.0,0,0.0,0.0,100.0,0.0,0,0.0,0.0,100.0,0.0,0,0.0,0.0,100.0,0.0,0,0.0,0.0,100.0,0.0,0
2026-06-19 12:46:36,391.9,0.0,0.0,100.0,0.0,0,0.0,0.0,100.0,0.0,0,0.0,0.0,100.0,0.0,0,0.0,0.0,100.0,0.0,0,0.0,0.0,100.0,0.0,0,0.0,0.0,100.0,0.0,0
2026-06-19 12:46:37,392.64,0.0,0.0,100.0,0.0,0,0.0,0.0,100.0,0.0,0,0.0,0.0,100.0,0.0,0,0.0,0.0,100.0,0.0,0,0.0,0.0,100.0,0.0,0,0.0,0.0,100.0,0.0,0
2026-06-19 12:46:38,393.37,0.0,0.0,100.0,0.0,0,0.0,0.0,100.0,0.0,0,0.0,0.0,100.0,0.0,0,0.0,0.0,100.0,0.0,0,0.0,0.0,100.0,0.0,0,0.0,0.0,100.0,0.0,0
2026-06-19 12:46:39,394.1,0.0,0.0,100.0,0.0,0,0.0,0.0,100.0,0.0,0,0.0,0.0,100.0,0.0,0,0.0,0.0,100.0,0.0,0,0.0,0.0,100.0,0.0,0,0.0,0.0,100.0,0.0,0
2026-06-19 12:46:39,394.84,0.0,0.0,100.0,0.0,0,0.0,0.0,100.0,0.0,0,0.0,0.0,100.0,0.0,0,0.0,0.0,100.0,0.0,0,0.0,0.0,100.0,0.0,0,0.0,0.0,100.0,0.0,0
2026-06-19 12:46:40,395.59,0.0,0.0,100.0,0.0,0,0.0,0.0,100.0,0.0,0,0.0,0.0,100.0,0.0,0,0.0,0.0,100.0,0.0,0,0.0,0.0,100.0,0.0,0,0.0,0.0,100.0,0.0,0
2026-06-19 12:46:41,396.32,0.0,0.0,100.0,0.0,0,0.0,0.0,100.0,0.0,0,0.0,0.0,100.0,0.0,0,0.0,0.0,100.0,0.0,0,0.0,0.0,100.0,0.0,0,0.0,0.0,100.0,0.0,0
2026-06-19 12:46:42,397.05,0.0,0.0,100.0,0.0,0,0.0,0.0,100.0,0.0,0,0.0,0.0,100.0,0.0,0,0.0,0.0,100.0,0.0,0,0.0,0.0,100.0,0.0,0,0.0,0.0,100.0,0.0,0
2026-06-19 12:46:42,397.79,0.0,0.0,100.0,0.0,0,0.0,0.0,100.0,0.0,0,0.0,0.0,100.0,0.0,0,0.0,0.0,100.0,0.0,0,0.0,0.0,100.0,0.0,0,0.0,0.0,100.0,0.0,0
2026-06-19 12:46:43,398.52,0.0,0.0,100.0,0.0,0,0.0,0.0,100.0,0.0,0,0.0,0.0,100.0,0.0,0,0.0,0.0,100.0,0.0,0,0.0,0.0,100.0,0.0,0,0.0,0.0,100.0,0.0,0
2026-06-19 12:46:44,399.31,0.0,0.0,100.0,0.0,0,0.0,0.0,100.0,0.0,0,0.0,0.0,100.0,0.0,0,0.0,0.0,100.0,0.0,0,0.0,0.0,100.0,0.0,0,0.0,0.0,100.0,0.0,0
2026-06-19 12:46:45,400.05,0.0,0.0,100.0,0.0,0,0.0,0.0,100.0,0.0,0,0.0,0.0,100.0,0.0,0,0.0,0.0,100.0,0.0,0,0.0,0.0,100.0,0.0,0,0.0,0.0,100.0,0.0,0
2026-06-19 12:46:45,400.78,0.0,0.0,100.0,0.0,0,0.0,0.0,100.0,0.0,0,0.0,0.0,100.0,0.0,0,0.0,0.0,100.0,0.0,0,0.0,0.0,100.0,0.0,0,0.0,0.0,100.0,0.0,0
2026-06-19 12:46:46,401.53,0.0,0.0,100.0,0.0,0,0.0,0.0,100.0,0.0,0,0.0,0.0,100.0,0.0,0,0.0,0.0,100.0,0.0,0,0.0,0.0,100.0,0.0,0,0.0,0.0,100.0,0.0,0
2026-06-19 12:46:47,402.27,0.0,0.0,100.0,0.0,0,0.0,0.0,100.0,0.0,0,0.0,0.0,100.0,0.0,0,0.0,0.0,100.0,0.0,0,0.0,0.0,100.0,0.0,0,0.0,0.0,100.0,0.0,0
2026-06-19 12:46:48,403.05,0.0,0.0,100.0,0.0,0,0.0,0.0,100.0,0.0,0,0.0,0.0,100.0,0.0,0,0.0,0.0,100.0,0.0,0,0.0,0.0,100.0,0.0,0,0.0,0.0,100.0,0.0,0
2026-06-19 12:46:48,403.78,0.0,0.0,100.0,0.0,0,0.0,0.0,100.0,0.0,0,0.0,0.0,100.0,0.0,0,0.0,0.0,100.0,0.0,0,0.0,0.0,100.0,0.0,0,0.0,0.0,100.0,0.0,0
2026-06-19 12:46:49,404.53,0.0,0.0,100.0,0.0,0,0.0,0.0,100.0,0.0,0,0.0,0.0,100.0,0.0,0,0.0,0.0,100.0,0.0,0,0.0,0.0,100.0,0.0,0,0.0,0.0,100.0,0.0,0
2026-06-19 12:46:50,405.28,0.0,0.0,100.0,0.0,0,0.0,0.0,100.0,0.0,0,0.0,0.0,100.0,0.0,0,0.0,0.0,100.0,0.0,0,0.0,0.0,100.0,0.0,0,0.0,0.0,100.0,0.0,0
2026-06-19 12:46:51,406.03,0.0,0.0,100.0,0.0,0,0.0,0.0,100.0,0.0,0,0.0,0.0,100.0,0.0,0,0.0,0.0,100.0,0.0,0,0.0,0.0,100.0,0.0,0,0.0,0.0,100.0,0.0,0
2026-06-19 12:46:51,406.78,0.0,0.0,100.0,0.0,0,0.0,0.0,100.0,0.0,0,0.0,0.0,100.0,0.0,0,0.0,0.0,100.0,0.0,0,0.0,0.0,100.0,0.0,0,0.0,0.0,100.0,0.0,0
2026-06-19 12:46:52,407.52,0.0,0.0,100.0,0.0,0,0.0,0.0,100.0,0.0,0,0.0,0.0,100.0,0.0,0,0.0,0.0,100.0,0.0,0,0.0,0.0,100.0,0.0,0,0.0,0.0,100.0,0.0,0
2026-06-19 12:46:53,408.25,0.0,0.0,100.0,0.0,0,0.0,0.0,100.0,0.0,0,0.0,0.0,100.0,0.0,0,0.0,0.0,100.0,0.0,0,0.0,0.0,100.0,0.0,0,0.0,0.0,100.0,0.0,0
2026-06-19 12:46:54,409.0,0.0,0.0,100.0,0.0,0,0.0,0.0,100.0,0.0,0,0.0,0.0,100.0,0.0,0,0.0,0.0,100.0,0.0,0,0.0,0.0,100.0,0.0,0,0.0,0.0,100.0,0.0,0
2026-06-19 12:46:54,409.75,0.0,0.0,100.0,0.0,0,0.0,0.0,100.0,0.0,0,0.0,0.0,100.0,0.0,0,0.0,0.0,100.0,0.0,0,0.0,0.0,100.0,0.0,0,0.0,0.0,100.0,0.0,0
2026-06-19 12:46:55,410.5,0.0,0.0,100.0,0.0,0,0.0,0.0,100.0,0.0,0,0.0,0.0,100.0,0.0,0,0.0,0.0,100.0,0.0,0,0.0,0.0,100.0,0.0,0,0.0,0.0,100.0,0.0,0
2026-06-19 12:46:56,411.28,0.0,0.0,100.0,0.0,0,0.0,0.0,100.0,0.0,0,0.0,0.0,100.0,0.0,0,0.0,0.0,100.0,0.0,0,0.0,0.0,100.0,0.0,0,0.0,0.0,100.0,0.0,0
2026-06-19 12:46:57,412.0,0.0,0.0,100.0,0.0,0,0.0,0.0,100.0,0.0,0,0.0,0.0,100.0,0.0,0,0.0,0.0,100.0,0.0,0,0.0,0.0,100.0,0.0,0,0.0,0.0,100.0,0.0,0
2026-06-19 12:46:57,412.75,0.0,0.0,100.0,0.0,0,0.0,0.0,100.0,0.0,0,0.0,0.0,100.0,0.0,0,0.0,0.0,100.0,0.0,0,0.0,0.0,100.0,0.0,0,0.0,0.0,100.0,0.0,0
2026-06-19 12:46:58,413.49,0.0,0.0,100.0,0.0,0,0.0,0.0,100.0,0.0,0,0.0,0.0,100.0,0.0,0,0.0,0.0,100.0,0.0,0,0.0,0.0,100.0,0.0,0,0.0,0.0,100.0,0.0,0
2026-06-19 12:46:59,414.27,0.0,0.0,100.0,0.0,0,0.0,0.0,100.0,0.0,0,0.0,0.0,100.0,0.0,0,0.0,0.0,100.0,0.0,0,0.0,0.0,100.0,0.0,0,0.0,0.0,100.0,0.0,0
2026-06-19 12:47:00,415.02,0.0,0.0,100.0,0.0,0,0.0,0.0,100.0,0.0,0,0.0,0.0,100.0,0.0,0,0.0,0.0,100.0,0.0,0,0.0,0.0,100.0,0.0,0,0.0,0.0,100.0,0.0,0
2026-06-19 12:47:00,415.79,0.0,0.0,100.0,0.0,0,0.0,0.0,100.0,0.0,0,0.0,0.0,100.0,0.0,0,0.0,0.0,100.0,0.0,0,0.0,0.0,100.0,0.0,0,0.0,0.0,100.0,0.0,0
2026-06-19 12:47:01,416.52,0.0,0.0,100.0,0.0,0,0.0,0.0,100.0,0.0,0,0.0,0.0,100.0,0.0,0,0.0,0.0,100.0,0.0,0,0.0,0.0,100.0,0.0,0,0.0,0.0,100.0,0.0,0
2026-06-19 12:47:02,417.25,0.0,0.0,100.0,0.0,0,0.0,0.0,100.0,0.0,0,0.0,0.0,100.0,0.0,0,0.0,0.0,100.0,0.0,0,0.0,0.0,100.0,0.0,0,0.0,0.0,100.0,0.0,0
2026-06-19 12:47:03,418.03,0.0,0.0,100.0,0.0,0,0.0,0.0,100.0,0.0,0,0.0,0.0,100.0,0.0,0,0.0,0.0,100.0,0.0,0,0.0,0.0,100.0,0.0,0,0.0,0.0,100.0,0.0,0
2026-06-19 12:47:03,418.76,0.0,0.0,100.0,0.0,0,0.0,0.0,100.0,0.0,0,0.0,0.0,100.0,0.0,0,0.0,0.0,100.0,0.0,0,0.0,0.0,100.0,0.0,0,0.0,0.0,100.0,0.0,0
2026-06-19 12:47:04,419.52,0.0,0.0,100.0,0.0,0,0.0,0.0,100.0,0.0,0,0.0,0.0,100.0,0.0,0,0.0,0.0,100.0,0.0,0,0.0,0.0,100.0,0.0,0,0.0,0.0,100.0,0.0,0
2026-06-19 12:47:05,420.25,0.0,0.0,100.0,0.0,0,0.0,0.0,100.0,0.0,0,0.0,0.0,100.0,0.0,0,0.0,0.0,100.0,0.0,0,0.0,0.0,100.0,0.0,0,0.0,0.0,100.0,0.0,0
2026-06-19 12:47:06,420.99,0.0,0.0,100.0,0.0,0,0.0,0.0,100.0,0.0,0,0.0,0.0,100.0,0.0,0,0.0,0.0,100.0,0.0,0,0.0,0.0,100.0,0.0,0,0.0,0.0,100.0,0.0,0
2026-06-19 12:47:06,421.73,0.0,0.0,100.0,0.0,0,0.0,0.0,100.0,0.0,0,0.0,0.0,100.0,0.0,0,0.0,0.0,100.0,0.0,0,0.0,0.0,100.0,0.0,0,0.0,0.0,100.0,0.0,0
2026-06-19 12:47:07,422.48,0.0,0.0,100.0,0.0,0,0.0,0.0,100.0,0.0,0,0.0,0.0,100.0,0.0,0,0.0,0.0,100.0,0.0,0,0.0,0.0,100.0,0.0,0,0.0,0.0,100.0,0.0,0
2026-06-19 12:47:08,423.2,0.0,0.0,100.0,0.0,0,0.0,0.0,100.0,0.0,0,0.0,0.0,100.0,0.0,0,0.0,0.0,100.0,0.0,0,0.0,0.0,100.0,0.0,0,0.0,0.0,100.0,0.0,0
2026-06-19 12:47:09,423.94,0.0,0.0,100.0,0.0,0,0.0,0.0,100.0,0.0,0,0.0,0.0,100.0,0.0,0,0.0,0.0,100.0,0.0,0,0.0,0.0,100.0,0.0,0,0.0,0.0,100.0,0.0,0
2026-06-19 12:47:09,424.67,0.0,0.0,100.0,0.0,0,0.0,0.0,100.0,0.0,0,0.0,0.0,100.0,0.0,0,0.0,0.0,100.0,0.0,0,0.0,0.0,100.0,0.0,0,0.0,0.0,100.0,0.0,0
2026-06-19 12:47:10,425.42,0.0,0.0,100.0,0.0,0,0.0,0.0,100.0,0.0,0,0.0,0.0,100.0,0.0,0,0.0,0.0,100.0,0.0,0,0.0,0.0,100.0,0.0,0,0.0,0.0,100.0,0.0,0
2026-06-19 12:47:11,426.15,0.0,0.0,100.0,0.0,0,0.0,0.0,100.0,0.0,0,0.0,0.0,100.0,0.0,0,0.0,0.0,100.0,0.0,0,0.0,0.0,100.0,0.0,0,0.0,0.0,100.0,0.0,0
2026-06-19 12:47:11,426.89,0.0,0.0,100.0,0.0,0,0.0,0.0,100.0,0.0,0,0.0,0.0,100.0,0.0,0,0.0,0.0,100.0,0.0,0,0.0,0.0,100.0,0.0,0,0.0,0.0,100.0,0.0,0
2026-06-19 12:47:12,427.66,0.0,0.0,100.0,0.0,0,0.0,0.0,100.0,0.0,0,0.0,0.0,100.0,0.0,0,0.0,0.0,100.0,0.0,0,0.0,0.0,100.0,0.0,0,0.0,0.0,100.0,0.0,0
2026-06-19 12:47:13,428.41,0.0,0.0,100.0,0.0,0,0.0,0.0,100.0,0.0,0,0.0,0.0,100.0,0.0,0,0.0,0.0,100.0,0.0,0,0.0,0.0,100.0,0.0,0,0.0,0.0,100.0,0.0,0
2026-06-19 12:47:14,429.18,0.0,0.0,100.0,0.0,0,0.0,0.0,100.0,0.0,0,0.0,0.0,100.0,0.0,0,0.0,0.0,100.0,0.0,0,0.0,0.0,100.0,0.0,0,0.0,0.0,100.0,0.0,0
2026-06-19 12:47:14,429.91,0.0,0.0,100.0,0.0,0,0.0,0.0,100.0,0.0,0,0.0,0.0,100.0,0.0,0,0.0,0.0,100.0,0.0,0,0.0,0.0,100.0,0.0,0,0.0,0.0,100.0,0.0,0
2026-06-19 12:47:15,430.67,0.0,0.0,100.0,0.0,0,0.0,0.0,100.0,0.0,0,0.0,0.0,100.0,0.0,0,0.0,0.0,100.0,0.0,0,0.0,0.0,100.0,0.0,0,0.0,0.0,100.0,0.0,0
2026-06-19 12:47:16,431.42,0.0,0.0,100.0,0.0,0,0.0,0.0,100.0,0.0,0,0.0,0.0,100.0,0.0,0,0.0,0.0,100.0,0.0,0,0.0,0.0,100.0,0.0,0,0.0,0.0,100.0,0.0,0
2026-06-19 12:47:17,432.17,0.0,0.0,100.0,0.0,0,0.0,0.0,100.0,0.0,0,0.0,0.0,100.0,0.0,0,0.0,0.0,100.0,0.0,0,0.0,0.0,100.0,0.0,0,0.0,0.0,100.0,0.0,0
2026-06-19 12:47:17,432.9,0.0,0.0,100.0,0.0,0,0.0,0.0,100.0,0.0,0,0.0,0.0,100.0,0.0,0,0.0,0.0,100.0,0.0,0,0.0,0.0,100.0,0.0,0,0.0,0.0,100.0,0.0,0
2026-06-19 12:47:18,433.66,0.0,0.0,100.0,0.0,0,0.0,0.0,100.0,0.0,0,0.0,0.0,100.0,0.0,0,0.0,0.0,100.0,0.0,0,0.0,0.0,100.0,0.0,0,0.0,0.0,100.0,0.0,0
2026-06-19 12:47:19,434.41,0.0,0.0,100.0,0.0,0,0.0,0.0,100.0,0.0,0,0.0,0.0,100.0,0.0,0,0.0,0.0,100.0,0.0,0,0.0,0.0,100.0,0.0,0,0.0,0.0,100.0,0.0,0
2026-06-19 12:47:20,435.15,0.0,0.0,100.0,0.0,0,0.0,0.0,100.0,0.0,0,0.0,0.0,100.0,0.0,0,0.0,0.0,100.0,0.0,0,0.0,0.0,100.0,0.0,0,0.0,0.0,100.0,0.0,0
2026-06-19 12:47:20,435.89,0.0,0.0,100.0,0.0,0,0.0,0.0,100.0,0.0,0,0.0,0.0,100.0,0.0,0,0.0,0.0,100.0,0.0,0,0.0,0.0,100.0,0.0,0,0.0,0.0,100.0,0.0,0
2026-06-19 12:47:21,436.63,0.0,0.0,100.0,0.0,0,0.0,0.0,100.0,0.0,0,0.0,0.0,100.0,0.0,0,0.0,0.0,100.0,0.0,0,0.0,0.0,100.0,0.0,0,0.0,0.0,100.0,0.0,0
2026-06-19 12:47:22,437.37,0.0,0.0,100.0,0.0,0,0.0,0.0,100.0,0.0,0,0.0,0.0,100.0,0.0,0,0.0,0.0,100.0,0.0,0,0.0,0.0,100.0,0.0,0,0.0,0.0,100.0,0.0,0
2026-06-19 12:47:23,438.13,0.0,0.0,100.0,0.0,0,0.0,0.0,100.0,0.0,0,0.0,0.0,100.0,0.0,0,0.0,0.0,100.0,0.0,0,0.0,0.0,100.0,0.0,0,0.0,0.0,100.0,0.0,0
2026-06-19 12:47:23,438.92,0.0,0.0,100.0,0.0,0,0.0,0.0,100.0,0.0,0,0.0,0.0,100.0,0.0,0,0.0,0.0,100.0,0.0,0,0.0,0.0,100.0,0.0,0,0.0,0.0,100.0,0.0,0
2026-06-19 12:47:24,439.67,0.0,0.0,100.0,0.0,0,0.0,0.0,100.0,0.0,0,0.0,0.0,100.0,0.0,0,0.0,0.0,100.0,0.0,0,0.0,0.0,100.0,0.0,0,0.0,0.0,100.0,0.0,0
2026-06-19 12:47:25,440.43,0.0,0.0,100.0,0.0,0,0.0,0.0,100.0,0.0,0,0.0,0.0,100.0,0.0,0,0.0,0.0,100.0,0.0,0,0.0,0.0,100.0,0.0,0,0.0,0.0,100.0,0.0,0
2026-06-19 12:47:26,441.28,0.0,0.0,100.0,0.0,0,0.0,0.0,100.0,0.0,0,0.0,0.0,100.0,0.0,0,0.0,0.0,100.0,0.0,0,0.0,0.0,100.0,0.0,0,0.0,0.0,100.0,0.0,0
2026-06-19 12:47:27,442.06,0.0,0.0,100.0,0.0,0,0.0,0.0,100.0,0.0,0,0.0,0.0,100.0,0.0,0,0.0,0.0,100.0,0.0,0,0.0,0.0,100.0,0.0,0,0.0,0.0,100.0,0.0,0
2026-06-19 12:47:27,442.83,0.0,0.0,100.0,0.0,0,0.0,0.0,100.0,0.0,0,0.0,0.0,100.0,0.0,0,0.0,0.0,100.0,0.0,0,0.0,0.0,100.0,0.0,0,0.0,0.0,100.0,0.0,0
2026-06-19 12:47:28,443.59,0.0,0.0,100.0,0.0,0,0.0,0.0,100.0,0.0,0,0.0,0.0,100.0,0.0,0,0.0,0.0,100.0,0.0,0,0.0,0.0,100.0,0.0,0,0.0,0.0,100.0,0.0,0
2026-06-19 12:47:29,444.32,0.0,0.0,100.0,0.0,0,0.0,0.0,100.0,0.0,0,0.0,0.0,100.0,0.0,0,0.0,0.0,100.0,0.0,0,0.0,0.0,100.0,0.0,0,0.0,0.0,100.0,0.0,0
2026-06-19 12:47:30,445.08,0.0,0.0,100.0,0.0,0,0.0,0.0,100.0,0.0,0,0.0,0.0,100.0,0.0,0,0.0,0.0,100.0,0.0,0,0.0,0.0,100.0,0.0,0,0.0,0.0,100.0,0.0,0
2026-06-19 12:47:30,445.84,0.0,0.0,100.0,0.0,0,0.0,0.0,100.0,0.0,0,0.0,0.0,100.0,0.0,0,0.0,0.0,100.0,0.0,0,0.0,0.0,100.0,0.0,0,0.0,0.0,100.0,0.0,0
2026-06-19 12:47:31,446.58,0.0,0.0,100.0,0.0,0,0.0,0.0,100.0,0.0,0,0.0,0.0,100.0,0.0,0,0.0,0.0,100.0,0.0,0,0.0,0.0,100.0,0.0,0,0.0,0.0,100.0,0.0,0
2026-06-19 12:47:32,447.33,0.0,0.0,100.0,0.0,0,0.0,0.0,100.0,0.0,0,0.0,0.0,100.0,0.0,0,0.0,0.0,100.0,0.0,0,0.0,0.0,100.0,0.0,0,0.0,0.0,100.0,0.0,0
2026-06-19 12:47:33,448.09,0.0,0.0,100.0,0.0,0,0.0,0.0,100.0,0.0,0,0.0,0.0,100.0,0.0,0,0.0,0.0,100.0,0.0,0,0.0,0.0,100.0,0.0,0,0.0,0.0,100.0,0.0,0
2026-06-19 12:47:33,448.87,0.0,0.0,100.0,0.0,0,0.0,0.0,100.0,0.0,0,0.0,0.0,100.0,0.0,0,0.0,0.0,100.0,0.0,0,0.0,0.0,100.0,0.0,0,0.0,0.0,100.0,0.0,0
2026-06-19 12:47:34,449.59,0.0,0.0,100.0,0.0,0,0.0,0.0,100.0,0.0,0,0.0,0.0,100.0,0.0,0,0.0,0.0,100.0,0.0,0,0.0,0.0,100.0,0.0,0,0.0,0.0,100.0,0.0,0
2026-06-19 12:47:35,450.31,0.0,0.0,100.0,0.0,0,0.0,0.0,100.0,0.0,0,0.0,0.0,100.0,0.0,0,0.0,0.0,100.0,0.0,0,0.0,0.0,100.0,0.0,0,0.0,0.0,100.0,0.0,0
2026-06-19 12:47:36,451.07,0.0,0.0,100.0,0.0,0,0.0,0.0,100.0,0.0,0,0.0,0.0,100.0,0.0,0,0.0,0.0,100.0,0.0,0,0.0,0.0,100.0,0.0,0,0.0,0.0,100.0,0.0,0
2026-06-19 12:47:36,451.81,0.0,0.0,100.0,0.0,0,0.0,0.0,100.0,0.0,0,0.0,0.0,100.0,0.0,0,0.0,0.0,100.0,0.0,0,0.0,0.0,100.0,0.0,0,0.0,0.0,100.0,0.0,0
2026-06-19 12:47:37,452.54,0.0,0.0,100.0,0.0,0,0.0,0.0,100.0,0.0,0,0.0,0.0,100.0,0.0,0,0.0,0.0,100.0,0.0,0,0.0,0.0,100.0,0.0,0,0.0,0.0,100.0,0.0,0
2026-06-19 12:47:38,453.28,0.0,0.0,100.0,0.0,0,0.0,0.0,100.0,0.0,0,0.0,0.0,100.0,0.0,0,0.0,0.0,100.0,0.0,0,0.0,0.0,100.0,0.0,0,0.0,0.0,100.0,0.0,0
2026-06-19 12:47:39,454.03,0.0,0.0,100.0,0.0,0,0.0,0.0,100.0,0.0,0,0.0,0.0,100.0,0.0,0,0.0,0.0,100.0,0.0,0,0.0,0.0,100.0,0.0,0,0.0,0.0,100.0,0.0,0
2026-06-19 12:47:39,454.77,0.0,0.0,100.0,0.0,0,0.0,0.0,100.0,0.0,0,0.0,0.0,100.0,0.0,0,0.0,0.0,100.0,0.0,0,0.0,0.0,100.0,0.0,0,0.0,0.0,100.0,0.0,0
2026-06-19 12:47:40,455.51,0.0,0.0,100.0,0.0,0,0.0,0.0,100.0,0.0,0,0.0,0.0,100.0,0.0,0,0.0,0.0,100.0,0.0,0,0.0,0.0,100.0,0.0,0,0.0,0.0,100.0,0.0,0
2026-06-19 12:47:41,456.24,0.0,0.0,100.0,0.0,0,0.0,0.0,100.0,0.0,0,0.0,0.0,100.0,0.0,0,0.0,0.0,100.0,0.0,0,0.0,0.0,100.0,0.0,0,0.0,0.0,100.0,0.0,0
2026-06-19 12:47:42,457.01,0.0,0.0,100.0,0.0,0,0.0,0.0,100.0,0.0,0,0.0,0.0,100.0,0.0,0,0.0,0.0,100.0,0.0,0,0.0,0.0,100.0,0.0,0,0.0,0.0,100.0,0.0,0
2026-06-19 12:47:42,457.74,0.0,0.0,100.0,0.0,0,0.0,0.0,100.0,0.0,0,0.0,0.0,100.0,0.0,0,0.0,0.0,100.0,0.0,0,0.0,0.0,100.0,0.0,0,0.0,0.0,100.0,0.0,0
2026-06-19 12:47:43,458.49,0.0,0.0,100.0,0.0,0,0.0,0.0,100.0,0.0,0,0.0,0.0,100.0,0.0,0,0.0,0.0,100.0,0.0,0,0.0,0.0,100.0,0.0,0,0.0,0.0,100.0,0.0,0
2026-06-19 12:47:44,459.24,0.0,0.0,100.0,0.0,0,0.0,0.0,100.0,0.0,0,0.0,0.0,100.0,0.0,0,0.0,0.0,100.0,0.0,0,0.0,0.0,100.0,0.0,0,0.0,0.0,100.0,0.0,0
2026-06-19 12:47:45,459.99,0.0,0.0,100.0,0.0,0,0.0,0.0,100.0,0.0,0,0.0,0.0,100.0,0.0,0,0.0,0.0,100.0,0.0,0,0.0,0.0,100.0,0.0,0,0.0,0.0,100.0,0.0,0
2026-06-19 12:47:45,460.72,0.0,0.0,100.0,0.0,0,0.0,0.0,100.0,0.0,0,0.0,0.0,100.0,0.0,0,0.0,0.0,100.0,0.0,0,0.0,0.0,100.0,0.0,0,0.0,0.0,100.0,0.0,0
2026-06-19 12:47:46,461.47,0.0,0.0,100.0,0.0,0,0.0,0.0,100.0,0.0,0,0.0,0.0,100.0,0.0,0,0.0,0.0,100.0,0.0,0,0.0,0.0,100.0,0.0,0,0.0,0.0,100.0,0.0,0
2026-06-19 12:47:47,462.21,0.0,0.0,100.0,0.0,0,0.0,0.0,100.0,0.0,0,0.0,0.0,100.0,0.0,0,0.0,0.0,100.0,0.0,0,0.0,0.0,100.0,0.0,0,0.0,0.0,100.0,0.0,0
2026-06-19 12:47:48,462.95,0.0,0.0,100.0,0.0,0,0.0,0.0,100.0,0.0,0,0.0,0.0,100.0,0.0,0,0.0,0.0,100.0,0.0,0,0.0,0.0,100.0,0.0,0,0.0,0.0,100.0,0.0,0
2026-06-19 12:47:48,463.69,0.0,0.0,100.0,0.0,0,0.0,0.0,100.0,0.0,0,0.0,0.0,100.0,0.0,0,0.0,0.0,100.0,0.0,0,0.0,0.0,100.0,0.0,0,0.0,0.0,100.0,0.0,0
2026-06-19 12:47:49,464.45,0.0,0.0,100.0,0.0,0,0.0,0.0,100.0,0.0,0,0.0,0.0,100.0,0.0,0,0.0,0.0,100.0,0.0,0,0.0,0.0,100.0,0.0,0,0.0,0.0,100.0,0.0,0
2026-06-19 12:47:50,465.23,0.0,0.0,100.0,0.0,0,0.0,0.0,100.0,0.0,0,0.0,0.0,100.0,0.0,0,0.0,0.0,100.0,0.0,0,0.0,0.0,100.0,0.0,0,0.0,0.0,100.0,0.0,0
2026-06-19 12:47:51,465.97,0.0,0.0,100.0,0.0,0,0.0,0.0,100.0,0.0,0,0.0,0.0,100.0,0.0,0,0.0,0.0,100.0,0.0,0,0.0,0.0,100.0,0.0,0,0.0,0.0,100.0,0.0,0
2026-06-19 12:47:51,466.71,0.0,0.0,100.0,0.0,0,0.0,0.0,100.0,0.0,0,0.0,0.0,100.0,0.0,0,0.0,0.0,100.0,0.0,0,0.0,0.0,100.0,0.0,0,0.0,0.0,100.0,0.0,0
2026-06-19 12:47:52,467.46,0.0,0.0,100.0,0.0,0,0.0,0.0,100.0,0.0,0,0.0,0.0,100.0,0.0,0,0.0,0.0,100.0,0.0,0,0.0,0.0,100.0,0.0,0,0.0,0.0,100.0,0.0,0
2026-06-19 12:47:53,468.19,0.0,0.0,100.0,0.0,0,0.0,0.0,100.0,0.0,0,0.0,0.0,100.0,0.0,0,0.0,0.0,100.0,0.0,0,0.0,0.0,100.0,0.0,0,0.0,0.0,100.0,0.0,0
2026-06-19 12:47:54,468.94,0.0,0.0,100.0,0.0,0,0.0,0.0,100.0,0.0,0,0.0,0.0,100.0,0.0,0,0.0,0.0,100.0,0.0,0,0.0,0.0,100.0,0.0,0,0.0,0.0,100.0,0.0,0
2026-06-19 12:47:54,469.68,0.0,0.0,100.0,0.0,0,0.0,0.0,100.0,0.0,0,0.0,0.0,100.0,0.0,0,0.0,0.0,100.0,0.0,0,0.0,0.0,100.0,0.0,0,0.0,0.0,100.0,0.0,0
2026-06-19 12:47:55,470.42,0.0,0.0,100.0,0.0,0,0.0,0.0,100.0,0.0,0,0.0,0.0,100.0,0.0,0,0.0,0.0,100.0,0.0,0,0.0,0.0,100.0,0.0,0,0.0,0.0,100.0,0.0,0
2026-06-19 12:47:56,471.16,0.0,0.0,100.0,0.0,0,0.0,0.0,100.0,0.0,0,0.0,0.0,100.0,0.0,0,0.0,0.0,100.0,0.0,0,0.0,0.0,100.0,0.0,0,0.0,0.0,100.0,0.0,0
2026-06-19 12:47:56,471.92,0.0,0.0,100.0,0.0,0,0.0,0.0,100.0,0.0,0,0.0,0.0,100.0,0.0,0,0.0,0.0,100.0,0.0,0,0.0,0.0,100.0,0.0,0,0.0,0.0,100.0,0.0,0
2026-06-19 12:47:57,472.66,0.0,0.0,100.0,0.0,0,0.0,0.0,100.0,0.0,0,0.0,0.0,100.0,0.0,0,0.0,0.0,100.0,0.0,0,0.0,0.0,100.0,0.0,0,0.0,0.0,100.0,0.0,0
2026-06-19 12:47:58,473.4,0.0,0.0,100.0,0.0,0,0.0,0.0,100.0,0.0,0,0.0,0.0,100.0,0.0,0,0.0,0.0,100.0,0.0,0,0.0,0.0,100.0,0.0,0,0.0,0.0,100.0,0.0,0
2026-06-19 12:47:59,474.15,0.0,0.0,100.0,0.0,0,0.0,0.0,100.0,0.0,0,0.0,0.0,100.0,0.0,0,0.0,0.0,100.0,0.0,0,0.0,0.0,100.0,0.0,0,0.0,0.0,100.0,0.0,0
2026-06-19 12:47:59,474.89,0.0,0.0,100.0,0.0,0,0.0,0.0,100.0,0.0,0,0.0,0.0,100.0,0.0,0,0.0,0.0,100.0,0.0,0,0.0,0.0,100.0,0.0,0,0.0,0.0,100.0,0.0,0
2026-06-19 12:48:00,475.64,0.0,0.0,100.0,0.0,0,0.0,0.0,100.0,0.0,0,0.0,0.0,100.0,0.0,0,0.0,0.0,100.0,0.0,0,0.0,0.0,100.0,0.0,0,0.0,0.0,100.0,0.0,0
2026-06-19 12:48:01,476.39,0.0,0.0,100.0,0.0,0,0.0,0.0,100.0,0.0,0,0.0,0.0,100.0,0.0,0,0.0,0.0,100.0,0.0,0,0.0,0.0,100.0,0.0,0,0.0,0.0,100.0,0.0,0
2026-06-19 12:48:02,477.12,0.0,0.0,100.0,0.0,0,0.0,0.0,100.0,0.0,0,0.0,0.0,100.0,0.0,0,0.0,0.0,100.0,0.0,0,0.0,0.0,100.0,0.0,0,0.0,0.0,100.0,0.0,0
2026-06-19 12:48:02,477.88,0.0,0.0,100.0,0.0,0,0.0,0.0,100.0,0.0,0,0.0,0.0,100.0,0.0,0,0.0,0.0,100.0,0.0,0,0.0,0.0,100.0,0.0,0,0.0,0.0,100.0,0.0,0
2026-06-19 12:48:03,478.62,0.0,0.0,100.0,0.0,0,0.0,0.0,100.0,0.0,0,0.0,0.0,100.0,0.0,0,0.0,0.0,100.0,0.0,0,0.0,0.0,100.0,0.0,0,0.0,0.0,100.0,0.0,0
2026-06-19 12:48:04,479.35,0.0,0.0,100.0,0.0,0,0.0,0.0,100.0,0.0,0,0.0,0.0,100.0,0.0,0,0.0,0.0,100.0,0.0,0,0.0,0.0,100.0,0.0,0,0.0,0.0,100.0,0.0,0
2026-06-19 12:48:05,480.08,0.0,0.0,100.0,0.0,0,0.0,0.0,100.0,0.0,0,0.0,0.0,100.0,0.0,0,0.0,0.0,100.0,0.0,0,0.0,0.0,100.0,0.0,0,0.0,0.0,100.0,0.0,0
2026-06-19 12:48:05,480.83,0.0,0.0,100.0,0.0,0,0.0,0.0,100.0,0.0,0,0.0,0.0,100.0,0.0,0,0.0,0.0,100.0,0.0,0,0.0,0.0,100.0,0.0,0,0.0,0.0,100.0,0.0,0
2026-06-19 12:48:06,481.59,0.0,0.0,100.0,0.0,0,0.0,0.0,100.0,0.0,0,0.0,0.0,100.0,0.0,0,0.0,0.0,100.0,0.0,0,0.0,0.0,100.0,0.0,0,0.0,0.0,100.0,0.0,0
2026-06-19 12:48:07,482.31,0.0,0.0,100.0,0.0,0,0.0,0.0,100.0,0.0,0,0.0,0.0,100.0,0.0,0,0.0,0.0,100.0,0.0,0,0.0,0.0,100.0,0.0,0,0.0,0.0,100.0,0.0,0
2026-06-19 12:48:08,483.07,0.0,0.0,100.0,0.0,0,0.0,0.0,100.0,0.0,0,0.0,0.0,100.0,0.0,0,0.0,0.0,100.0,0.0,0,0.0,0.0,100.0,0.0,0,0.0,0.0,100.0,0.0,0
2026-06-19 12:48:08,483.81,0.0,0.0,100.0,0.0,0,0.0,0.0,100.0,0.0,0,0.0,0.0,100.0,0.0,0,0.0,0.0,100.0,0.0,0,0.0,0.0,100.0,0.0,0,0.0,0.0,100.0,0.0,0
2026-06-19 12:48:09,484.57,0.0,0.0,100.0,0.0,0,0.0,0.0,100.0,0.0,0,0.0,0.0,100.0,0.0,0,0.0,0.0,100.0,0.0,0,0.0,0.0,100.0,0.0,0,0.0,0.0,100.0,0.0,0
2026-06-19 12:48:10,485.32,0.0,0.0,100.0,0.0,0,0.0,0.0,100.0,0.0,0,0.0,0.0,100.0,0.0,0,0.0,0.0,100.0,0.0,0,0.0,0.0,100.0,0.0,0,0.0,0.0,100.0,0.0,0
2026-06-19 12:48:11,486.06,0.0,0.0,100.0,0.0,0,0.0,0.0,100.0,0.0,0,0.0,0.0,100.0,0.0,0,0.0,0.0,100.0,0.0,0,0.0,0.0,100.0,0.0,0,0.0,0.0,100.0,0.0,0
2026-06-19 12:48:11,486.79,0.0,0.0,100.0,0.0,0,0.0,0.0,100.0,0.0,0,0.0,0.0,100.0,0.0,0,0.0,0.0,100.0,0.0,0,0.0,0.0,100.0,0.0,0,0.0,0.0,100.0,0.0,0
2026-06-19 12:48:12,487.53,0.0,0.0,100.0,0.0,0,0.0,0.0,100.0,0.0,0,0.0,0.0,100.0,0.0,0,0.0,0.0,100.0,0.0,0,0.0,0.0,100.0,0.0,0,0.0,0.0,100.0,0.0,0
2026-06-19 12:48:13,488.27,0.0,0.0,100.0,0.0,0,0.0,0.0,100.0,0.0,0,0.0,0.0,100.0,0.0,0,0.0,0.0,100.0,0.0,0,0.0,0.0,100.0,0.0,0,0.0,0.0,100.0,0.0,0
2026-06-19 12:48:14,489.02,0.0,0.0,100.0,0.0,0,0.0,0.0,100.0,0.0,0,0.0,0.0,100.0,0.0,0,0.0,0.0,100.0,0.0,0,0.0,0.0,100.0,0.0,0,0.0,0.0,100.0,0.0,0
2026-06-19 12:48:14,489.8,0.0,0.0,100.0,0.0,0,0.0,0.0,100.0,0.0,0,0.0,0.0,100.0,0.0,0,0.0,0.0,100.0,0.0,0,0.0,0.0,100.0,0.0,0,0.0,0.0,100.0,0.0,0
2026-06-19 12:48:15,490.54,0.0,0.0,100.0,0.0,0,0.0,0.0,100.0,0.0,0,0.0,0.0,100.0,0.0,0,0.0,0.0,100.0,0.0,0,0.0,0.0,100.0,0.0,0,0.0,0.0,100.0,0.0,0
2026-06-19 12:48:16,491.3,0.0,0.0,100.0,0.0,0,0.0,0.0,100.0,0.0,0,0.0,0.0,100.0,0.0,0,0.0,0.0,100.0,0.0,0,0.0,0.0,100.0,0.0,0,0.0,0.0,100.0,0.0,0
2026-06-19 12:48:17,492.06,0.0,0.0,100.0,0.0,0,0.0,0.0,100.0,0.0,0,0.0,0.0,100.0,0.0,0,0.0,0.0,100.0,0.0,0,0.0,0.0,100.0,0.0,0,0.0,0.0,100.0,0.0,0
2026-06-19 12:48:17,492.83,0.0,0.0,100.0,0.0,0,0.0,0.0,100.0,0.0,0,0.0,0.0,100.0,0.0,0,0.0,0.0,100.0,0.0,0,0.0,0.0,100.0,0.0,0,0.0,0.0,100.0,0.0,0
2026-06-19 12:48:18,493.62,0.0,0.0,100.0,0.0,0,0.0,0.0,100.0,0.0,0,0.0,0.0,100.0,0.0,0,0.0,0.0,100.0,0.0,0,0.0,0.0,100.0,0.0,0,0.0,0.0,100.0,0.0,0
2026-06-19 12:48:19,494.36,0.0,0.0,100.0,0.0,0,0.0,0.0,100.0,0.0,0,0.0,0.0,100.0,0.0,0,0.0,0.0,100.0,0.0,0,0.0,0.0,100.0,0.0,0,0.0,0.0,100.0,0.0,0
2026-06-19 12:48:20,495.11,0.0,0.0,100.0,0.0,0,0.0,0.0,100.0,0.0,0,0.0,0.0,100.0,0.0,0,0.0,0.0,100.0,0.0,0,0.0,0.0,100.0,0.0,0,0.0,0.0,100.0,0.0,0
2026-06-19 12:48:20,495.87,0.0,0.0,100.0,0.0,0,0.0,0.0,100.0,0.0,0,0.0,0.0,100.0,0.0,0,0.0,0.0,100.0,0.0,0,0.0,0.0,100.0,0.0,0,0.0,0.0,100.0,0.0,0
2026-06-19 12:48:21,496.61,0.0,0.0,100.0,0.0,0,0.0,0.0,100.0,0.0,0,0.0,0.0,100.0,0.0,0,0.0,0.0,100.0,0.0,0,0.0,0.0,100.0,0.0,0,0.0,0.0,100.0,0.0,0
2026-06-19 12:48:22,497.43,0.0,0.0,100.0,0.0,0,0.0,0.0,100.0,0.0,0,0.0,0.0,100.0,0.0,0,0.0,0.0,100.0,0.0,0,0.0,0.0,100.0,0.0,0,0.0,0.0,100.0,0.0,0
2026-06-19 12:48:23,498.2,0.0,0.0,100.0,0.0,0,0.0,0.0,100.0,0.0,0,0.0,0.0,100.0,0.0,0,0.0,0.0,100.0,0.0,0,0.0,0.0,100.0,0.0,0,0.0,0.0,100.0,0.0,0
2026-06-19 12:48:24,498.96,0.0,0.0,100.0,0.0,0,0.0,0.0,100.0,0.0,0,0.0,0.0,100.0,0.0,0,0.0,0.0,100.0,0.0,0,0.0,0.0,100.0,0.0,0,0.0,0.0,100.0,0.0,0
2026-06-19 12:48:24,499.72,0.0,0.0,100.0,0.0,0,0.0,0.0,100.0,0.0,0,0.0,0.0,100.0,0.0,0,0.0,0.0,100.0,0.0,0,0.0,0.0,100.0,0.0,0,0.0,0.0,100.0,0.0,0
2026-06-19 12:48:25,500.47,0.0,0.0,100.0,0.0,0,0.0,0.0,100.0,0.0,0,0.0,0.0,100.0,0.0,0,0.0,0.0,100.0,0.0,0,0.0,0.0,100.0,0.0,0,0.0,0.0,100.0,0.0,0
2026-06-19 12:48:26,501.21,0.0,0.0,100.0,0.0,0,0.0,0.0,100.0,0.0,0,0.0,0.0,100.0,0.0,0,0.0,0.0,100.0,0.0,0,0.0,0.0,100.0,0.0,0,0.0,0.0,100.0,0.0,0
2026-06-19 12:48:27,501.97,0.0,0.0,100.0,0.0,0,0.0,0.0,100.0,0.0,0,0.0,0.0,100.0,0.0,0,0.0,0.0,100.0,0.0,0,0.0,0.0,100.0,0.0,0,0.0,0.0,100.0,0.0,0
2026-06-19 12:48:27,502.74,0.0,0.0,100.0,0.0,0,0.0,0.0,100.0,0.0,0,0.0,0.0,100.0,0.0,0,0.0,0.0,100.0,0.0,0,0.0,0.0,100.0,0.0,0,0.0,0.0,100.0,0.0,0
2026-06-19 12:48:28,503.55,0.0,0.0,100.0,0.0,0,0.0,0.0,100.0,0.0,0,0.0,0.0,100.0,0.0,0,0.0,0.0,100.0,0.0,0,0.0,0.0,100.0,0.0,0,0.0,0.0,100.0,0.0,0
2026-06-19 12:48:29,504.27,0.0,0.0,100.0,0.0,0,0.0,0.0,100.0,0.0,0,0.0,0.0,100.0,0.0,0,0.0,0.0,100.0,0.0,0,0.0,0.0,100.0,0.0,0,0.0,0.0,100.0,0.0,0
2026-06-19 12:48:30,505.01,0.0,0.0,100.0,0.0,0,0.0,0.0,100.0,0.0,0,0.0,0.0,100.0,0.0,0,0.0,0.0,100.0,0.0,0,0.0,0.0,100.0,0.0,0,0.0,0.0,100.0,0.0,0
2026-06-19 12:48:30,505.77,0.0,0.0,100.0,0.0,0,0.0,0.0,100.0,0.0,0,0.0,0.0,100.0,0.0,0,0.0,0.0,100.0,0.0,0,0.0,0.0,100.0,0.0,0,0.0,0.0,100.0,0.0,0
2026-06-19 12:48:31,506.52,0.0,0.0,100.0,0.0,0,0.0,0.0,100.0,0.0,0,0.0,0.0,100.0,0.0,0,0.0,0.0,100.0,0.0,0,0.0,0.0,100.0,0.0,0,0.0,0.0,100.0,0.0,0
2026-06-19 12:48:32,507.39,0.0,0.0,100.0,0.0,0,0.0,0.0,100.0,0.0,0,0.0,0.0,100.0,0.0,0,0.0,0.0,100.0,0.0,0,0.0,0.0,100.0,0.0,0,0.0,0.0,100.0,0.0,0
2026-06-19 12:48:33,508.17,0.0,0.0,100.0,0.0,0,0.0,0.0,100.0,0.0,0,0.0,0.0,100.0,0.0,0,0.0,0.0,100.0,0.0,0,0.0,0.0,100.0,0.0,0,0.0,0.0,100.0,0.0,0
2026-06-19 12:48:34,509.04,0.0,0.0,100.0,0.0,0,0.0,0.0,100.0,0.0,0,0.0,0.0,100.0,0.0,0,0.0,0.0,100.0,0.0,0,0.0,0.0,100.0,0.0,0,0.0,0.0,100.0,0.0,0
2026-06-19 12:48:34,509.83,0.0,0.0,100.0,0.0,0,0.0,0.0,100.0,0.0,0,0.0,0.0,100.0,0.0,0,0.0,0.0,100.0,0.0,0,0.0,0.0,100.0,0.0,0,0.0,0.0,100.0,0.0,0
2026-06-19 12:48:35,510.63,0.0,0.0,100.0,0.0,0,0.0,0.0,100.0,0.0,0,0.0,0.0,100.0,0.0,0,0.0,0.0,100.0,0.0,0,0.0,0.0,100.0,0.0,0,0.0,0.0,100.0,0.0,0
2026-06-19 12:48:36,511.38,0.0,0.0,100.0,0.0,0,0.0,0.0,100.0,0.0,0,0.0,0.0,100.0,0.0,0,0.0,0.0,100.0,0.0,0,0.0,0.0,100.0,0.0,0,0.0,0.0,100.0,0.0,0
2026-06-19 12:48:37,512.12,0.0,0.0,100.0,0.0,0,0.0,0.0,100.0,0.0,0,0.0,0.0,100.0,0.0,0,0.0,0.0,100.0,0.0,0,0.0,0.0,100.0,0.0,0,0.0,0.0,100.0,0.0,0
2026-06-19 12:48:37,512.89,0.0,0.0,100.0,0.0,0,0.0,0.0,100.0,0.0,0,0.0,0.0,100.0,0.0,0,0.0,0.0,100.0,0.0,0,0.0,0.0,100.0,0.0,0,0.0,0.0,100.0,0.0,0
2026-06-19 12:48:38,513.62,0.0,0.0,100.0,0.0,0,0.0,0.0,100.0,0.0,0,0.0,0.0,100.0,0.0,0,0.0,0.0,100.0,0.0,0,0.0,0.0,100.0,0.0,0,0.0,0.0,100.0,0.0,0
2026-06-19 12:48:39,514.38,0.0,0.0,100.0,0.0,0,0.0,0.0,100.0,0.0,0,0.0,0.0,100.0,0.0,0,0.0,0.0,100.0,0.0,0,0.0,0.0,100.0,0.0,0,0.0,0.0,100.0,0.0,0
2026-06-19 12:48:40,515.14,0.0,0.0,100.0,0.0,0,0.0,0.0,100.0,0.0,0,0.0,0.0,100.0,0.0,0,0.0,0.0,100.0,0.0,0,0.0,0.0,100.0,0.0,0,0.0,0.0,100.0,0.0,0
2026-06-19 12:48:41,515.94,0.0,0.0,100.0,0.0,0,0.0,0.0,100.0,0.0,0,0.0,0.0,100.0,0.0,0,0.0,0.0,100.0,0.0,0,0.0,0.0,100.0,0.0,0,0.0,0.0,100.0,0.0,0
2026-06-19 12:48:41,516.74,0.0,0.0,100.0,0.0,0,0.0,0.0,100.0,0.0,0,0.0,0.0,100.0,0.0,0,0.0,0.0,100.0,0.0,0,0.0,0.0,100.0,0.0,0,0.0,0.0,100.0,0.0,0
2026-06-19 12:48:42,517.52,0.0,0.0,100.0,0.0,0,0.0,0.0,100.0,0.0,0,0.0,0.0,100.0,0.0,0,0.0,0.0,100.0,0.0,0,0.0,0.0,100.0,0.0,0,0.0,0.0,100.0,0.0,0
2026-06-19 12:48:43,518.37,0.0,0.0,100.0,0.0,0,0.0,0.0,100.0,0.0,0,0.0,0.0,100.0,0.0,0,0.0,0.0,100.0,0.0,0,0.0,0.0,100.0,0.0,0,0.0,0.0,100.0,0.0,0
2026-06-19 12:48:44,519.13,0.0,0.0,100.0,0.0,0,0.0,0.0,100.0,0.0,0,0.0,0.0,100.0,0.0,0,0.0,0.0,100.0,0.0,0,0.0,0.0,100.0,0.0,0,0.0,0.0,100.0,0.0,0
2026-06-19 12:48:44,519.91,0.0,0.0,100.0,0.0,0,0.0,0.0,100.0,0.0,0,0.0,0.0,100.0,0.0,0,0.0,0.0,100.0,0.0,0,0.0,0.0,100.0,0.0,0,0.0,0.0,100.0,0.0,0
2026-06-19 12:48:45,520.68,0.0,0.0,100.0,0.0,0,0.0,0.0,100.0,0.0,0,0.0,0.0,100.0,0.0,0,0.0,0.0,100.0,0.0,0,0.0,0.0,100.0,0.0,0,0.0,0.0,100.0,0.0,0
2026-06-19 12:48:46,521.45,0.0,0.0,100.0,0.0,0,0.0,0.0,100.0,0.0,0,0.0,0.0,100.0,0.0,0,0.0,0.0,100.0,0.0,0,0.0,0.0,100.0,0.0,0,0.0,0.0,100.0,0.0,0
2026-06-19 12:48:47,522.21,0.0,0.0,100.0,0.0,0,0.0,0.0,100.0,0.0,0,0.0,0.0,100.0,0.0,0,0.0,0.0,100.0,0.0,0,0.0,0.0,100.0,0.0,0,0.0,0.0,100.0,0.0,0
2026-06-19 12:48:48,522.97,0.0,0.0,100.0,0.0,0,0.0,0.0,100.0,0.0,0,0.0,0.0,100.0,0.0,0,0.0,0.0,100.0,0.0,0,0.0,0.0,100.0,0.0,0,0.0,0.0,100.0,0.0,0
2026-06-19 12:48:48,523.79,0.0,0.0,100.0,0.0,0,0.0,0.0,100.0,0.0,0,0.0,0.0,100.0,0.0,0,0.0,0.0,100.0,0.0,0,0.0,0.0,100.0,0.0,0,0.0,0.0,100.0,0.0,0
2026-06-19 12:48:49,524.55,0.0,0.0,100.0,0.0,0,0.0,0.0,100.0,0.0,0,0.0,0.0,100.0,0.0,0,0.0,0.0,100.0,0.0,0,0.0,0.0,100.0,0.0,0,0.0,0.0,100.0,0.0,0
2026-06-19 12:48:50,525.33,0.0,0.0,100.0,0.0,0,0.0,0.0,100.0,0.0,0,0.0,0.0,100.0,0.0,0,0.0,0.0,100.0,0.0,0,0.0,0.0,100.0,0.0,0,0.0,0.0,100.0,0.0,0
2026-06-19 12:48:51,526.13,0.0,0.0,100.0,0.0,0,0.0,0.0,100.0,0.0,0,0.0,0.0,100.0,0.0,0,0.0,0.0,100.0,0.0,0,0.0,0.0,100.0,0.0,0,0.0,0.0,100.0,0.0,0
2026-06-19 12:48:51,526.9,0.0,0.0,100.0,0.0,0,0.0,0.0,100.0,0.0,0,0.0,0.0,100.0,0.0,0,0.0,0.0,100.0,0.0,0,0.0,0.0,100.0,0.0,0,0.0,0.0,100.0,0.0,0
2026-06-19 12:48:52,527.65,0.0,0.0,100.0,0.0,0,0.0,0.0,100.0,0.0,0,0.0,0.0,100.0,0.0,0,0.0,0.0,100.0,0.0,0,0.0,0.0,100.0,0.0,0,0.0,0.0,100.0,0.0,0
2026-06-19 12:48:53,528.4,0.0,0.0,100.0,0.0,0,0.0,0.0,100.0,0.0,0,0.0,0.0,100.0,0.0,0,0.0,0.0,100.0,0.0,0,0.0,0.0,100.0,0.0,0,0.0,0.0,100.0,0.0,0
2026-06-19 12:48:54,529.17,0.0,0.0,100.0,0.0,0,0.0,0.0,100.0,0.0,0,0.0,0.0,100.0,0.0,0,0.0,0.0,100.0,0.0,0,0.0,0.0,100.0,0.0,0,0.0,0.0,100.0,0.0,0
2026-06-19 12:48:55,529.94,0.0,0.0,100.0,0.0,0,0.0,0.0,100.0,0.0,0,0.0,0.0,100.0,0.0,0,0.0,0.0,100.0,0.0,0,0.0,0.0,100.0,0.0,0,0.0,0.0,100.0,0.0,0
2026-06-19 12:48:55,530.74,0.0,0.0,100.0,0.0,0,0.0,0.0,100.0,0.0,0,0.0,0.0,100.0,0.0,0,0.0,0.0,100.0,0.0,0,0.0,0.0,100.0,0.0,0,0.0,0.0,100.0,0.0,0
2026-06-19 12:48:56,531.49,0.0,0.0,100.0,0.0,0,0.0,0.0,100.0,0.0,0,0.0,0.0,100.0,0.0,0,0.0,0.0,100.0,0.0,0,0.0,0.0,100.0,0.0,0,0.0,0.0,100.0,0.0,0
2026-06-19 12:48:57,532.29,0.0,0.0,100.0,0.0,0,0.0,0.0,100.0,0.0,0,0.0,0.0,100.0,0.0,0,0.0,0.0,100.0,0.0,0,0.0,0.0,100.0,0.0,0,0.0,0.0,100.0,0.0,0
2026-06-19 12:48:58,533.03,0.0,0.0,100.0,0.0,0,0.0,0.0,100.0,0.0,0,0.0,0.0,100.0,0.0,0,0.0,0.0,100.0,0.0,0,0.0,0.0,100.0,0.0,0,0.0,0.0,100.0,0.0,0
2026-06-19 12:48:58,533.79,0.0,0.0,100.0,0.0,0,0.0,0.0,100.0,0.0,0,0.0,0.0,100.0,0.0,0,0.0,0.0,100.0,0.0,0,0.0,0.0,100.0,0.0,0,0.0,0.0,100.0,0.0,0
2026-06-19 12:48:59,534.53,0.0,0.0,100.0,0.0,0,0.0,0.0,100.0,0.0,0,0.0,0.0,100.0,0.0,0,0.0,0.0,100.0,0.0,0,0.0,0.0,100.0,0.0,0,0.0,0.0,100.0,0.0,0
2026-06-19 12:49:00,535.28,0.0,0.0,100.0,0.0,0,0.0,0.0,100.0,0.0,0,0.0,0.0,100.0,0.0,0,0.0,0.0,100.0,0.0,0,0.0,0.0,100.0,0.0,0,0.0,0.0,100.0,0.0,0
2026-06-19 12:49:01,536.07,0.0,0.0,100.0,0.0,0,0.0,0.0,100.0,0.0,0,0.0,0.0,100.0,0.0,0,0.0,0.0,100.0,0.0,0,0.0,0.0,100.0,0.0,0,0.0,0.0,100.0,0.0,0
2026-06-19 12:49:01,536.84,0.0,0.0,100.0,0.0,0,0.0,0.0,100.0,0.0,0,0.0,0.0,100.0,0.0,0,0.0,0.0,100.0,0.0,0,0.0,0.0,100.0,0.0,0,0.0,0.0,100.0,0.0,0
2026-06-19 12:49:02,537.61,0.0,0.0,100.0,0.0,0,0.0,0.0,100.0,0.0,0,0.0,0.0,100.0,0.0,0,0.0,0.0,100.0,0.0,0,0.0,0.0,100.0,0.0,0,0.0,0.0,100.0,0.0,0
2026-06-19 12:49:03,538.42,0.0,0.0,100.0,0.0,0,0.0,0.0,100.0,0.0,0,0.0,0.0,100.0,0.0,0,0.0,0.0,100.0,0.0,0,0.0,0.0,100.0,0.0,0,0.0,0.0,100.0,0.0,0
2026-06-19 12:49:04,539.16,0.0,0.0,100.0,0.0,0,0.0,0.0,100.0,0.0,0,0.0,0.0,100.0,0.0,0,0.0,0.0,100.0,0.0,0,0.0,0.0,100.0,0.0,0,0.0,0.0,100.0,0.0,0
2026-06-19 12:49:05,539.93,0.0,0.0,100.0,0.0,0,0.0,0.0,100.0,0.0,0,0.0,0.0,100.0,0.0,0,0.0,0.0,100.0,0.0,0,0.0,0.0,100.0,0.0,0,0.0,0.0,100.0,0.0,0
2026-06-19 12:49:05,540.69,0.0,0.0,100.0,0.0,0,0.0,0.0,100.0,0.0,0,0.0,0.0,100.0,0.0,0,0.0,0.0,100.0,0.0,0,0.0,0.0,100.0,0.0,0,0.0,0.0,100.0,0.0,0
2026-06-19 12:49:06,541.45,0.0,0.0,100.0,0.0,0,0.0,0.0,100.0,0.0,0,0.0,0.0,100.0,0.0,0,0.0,0.0,100.0,0.0,0,0.0,0.0,100.0,0.0,0,0.0,0.0,100.0,0.0,0
2026-06-19 12:49:07,542.22,0.0,0.0,100.0,0.0,0,0.0,0.0,100.0,0.0,0,0.0,0.0,100.0,0.0,0,0.0,0.0,100.0,0.0,0,0.0,0.0,100.0,0.0,0,0.0,0.0,100.0,0.0,0
2026-06-19 12:49:08,542.98,0.0,0.0,100.0,0.0,0,0.0,0.0,100.0,0.0,0,0.0,0.0,100.0,0.0,0,0.0,0.0,100.0,0.0,0,0.0,0.0,100.0,0.0,0,0.0,0.0,100.0,0.0,0
2026-06-19 12:49:08,543.73,0.0,0.0,100.0,0.0,0,0.0,0.0,100.0,0.0,0,0.0,0.0,100.0,0.0,0,0.0,0.0,100.0,0.0,0,0.0,0.0,100.0,0.0,0,0.0,0.0,100.0,0.0,0
2026-06-19 12:49:09,544.56,0.0,0.0,100.0,0.0,0,0.0,0.0,100.0,0.0,0,0.0,0.0,100.0,0.0,0,0.0,0.0,100.0,0.0,0,0.0,0.0,100.0,0.0,0,0.0,0.0,100.0,0.0,0
2026-06-19 12:49:10,545.31,0.0,0.0,100.0,0.0,0,0.0,0.0,100.0,0.0,0,0.0,0.0,100.0,0.0,0,0.0,0.0,100.0,0.0,0,0.0,0.0,100.0,0.0,0,0.0,0.0,100.0,0.0,0
2026-06-19 12:49:11,546.07,0.0,0.0,100.0,0.0,0,0.0,0.0,100.0,0.0,0,0.0,0.0,100.0,0.0,0,0.0,0.0,100.0,0.0,0,0.0,0.0,100.0,0.0,0,0.0,0.0,100.0,0.0,0
2026-06-19 12:49:11,546.82,0.0,0.0,100.0,0.0,0,0.0,0.0,100.0,0.0,0,0.0,0.0,100.0,0.0,0,0.0,0.0,100.0,0.0,0,0.0,0.0,100.0,0.0,0,0.0,0.0,100.0,0.0,0
2026-06-19 12:49:12,547.59,0.0,0.0,100.0,0.0,0,0.0,0.0,100.0,0.0,0,0.0,0.0,100.0,0.0,0,0.0,0.0,100.0,0.0,0,0.0,0.0,100.0,0.0,0,0.0,0.0,100.0,0.0,0
2026-06-19 12:49:13,548.34,0.0,0.0,100.0,0.0,0,0.0,0.0,100.0,0.0,0,0.0,0.0,100.0,0.0,0,0.0,0.0,100.0,0.0,0,0.0,0.0,100.0,0.0,0,0.0,0.0,100.0,0.0,0
2026-06-19 12:49:14,549.09,0.0,0.0,100.0,0.0,0,0.0,0.0,100.0,0.0,0,0.0,0.0,100.0,0.0,0,0.0,0.0,100.0,0.0,0,0.0,0.0,100.0,0.0,0,0.0,0.0,100.0,0.0,0
2026-06-19 12:49:14,549.84,0.0,0.0,100.0,0.0,0,0.0,0.0,100.0,0.0,0,0.0,0.0,100.0,0.0,0,0.0,0.0,100.0,0.0,0,0.0,0.0,100.0,0.0,0,0.0,0.0,100.0,0.0,0
2026-06-19 12:49:15,550.57,0.0,0.0,100.0,0.0,0,0.0,0.0,100.0,0.0,0,0.0,0.0,100.0,0.0,0,0.0,0.0,100.0,0.0,0,0.0,0.0,100.0,0.0,0,0.0,0.0,100.0,0.0,0
2026-06-19 12:49:16,551.31,0.0,0.0,100.0,0.0,0,0.0,0.0,100.0,0.0,0,0.0,0.0,100.0,0.0,0,0.0,0.0,100.0,0.0,0,0.0,0.0,100.0,0.0,0,0.0,0.0,100.0,0.0,0
2026-06-19 12:49:17,552.05,0.0,0.0,100.0,0.0,0,0.0,0.0,100.0,0.0,0,0.0,0.0,100.0,0.0,0,0.0,0.0,100.0,0.0,0,0.0,0.0,100.0,0.0,0,0.0,0.0,100.0,0.0,0
2026-06-19 12:49:17,552.84,0.0,0.0,100.0,0.0,0,0.0,0.0,100.0,0.0,0,0.0,0.0,100.0,0.0,0,0.0,0.0,100.0,0.0,0,0.0,0.0,100.0,0.0,0,0.0,0.0,100.0,0.0,0
2026-06-19 12:49:18,553.34,0.0,0.0,100.0,0.0,1,0.0,0.0,100.0,0.0,1,0.0,0.0,100.0,0.0,1,0.0,0.0,100.0,0.0,0,0.0,0.0,100.0,0.0,0,0.0,0.0,100.0,0.0,0
2026-06-19 12:49:19,554.06,0.0,0.0,100.0,0.0,1,0.0,0.0,100.0,0.0,1,0.0,0.0,100.0,0.0,1,0.0,0.0,100.0,0.0,0,0.0,0.0,100.0,0.0,0,0.0,0.0,100.0,0.0,0
2026-06-19 12:49:19,554.82,0.0,0.0,100.0,0.0,1,0.0,0.0,100.0,0.0,1,0.0,0.0,100.0,0.0,1,0.0,0.0,100.0,0.0,0,0.0,0.0,100.0,0.0,0,0.0,0.0,100.0,0.0,0
2026-06-19 12:49:20,555.64,0.0,0.0,100.0,0.0,1,0.0,0.0,100.0,0.0,1,0.0,0.0,100.0,0.0,1,0.0,0.0,100.0,0.0,0,0.0,0.0,100.0,0.0,0,0.0,0.0,100.0,0.0,0
2026-06-19 12:49:21,556.38,0.0,0.0,100.0,0.0,1,0.0,0.0,100.0,0.0,1,0.0,0.0,100.0,0.0,1,0.0,0.0,100.0,0.0,0,0.0,0.0,100.0,0.0,0,0.0,0.0,100.0,0.0,0
2026-06-19 12:49:22,557.16,0.0,0.0,100.0,0.0,1,0.0,0.0,100.0,0.0,1,0.0,0.0,100.0,0.0,1,0.0,0.0,100.0,0.0,0,0.0,0.0,100.0,0.0,0,0.0,0.0,100.0,0.0,0
2026-06-19 12:49:22,557.91,0.0,0.0,100.0,0.0,1,0.0,0.0,100.0,0.0,1,0.0,0.0,100.0,0.0,1,0.0,0.0,100.0,0.0,0,0.0,0.0,100.0,0.0,0,0.0,0.0,100.0,0.0,0
2026-06-19 12:49:23,558.68,0.0,0.0,100.0,0.0,1,0.0,0.0,100.0,0.0,1,0.0,0.0,100.0,0.0,1,0.0,0.0,100.0,0.0,0,0.0,0.0,100.0,0.0,0,0.0,0.0,100.0,0.0,0
2026-06-19 12:49:24,559.41,0.0,0.0,100.0,0.0,1,0.0,0.0,100.0,0.0,1,0.0,0.0,100.0,0.0,1,0.0,0.0,100.0,0.0,0,0.0,0.0,100.0,0.0,0,0.0,0.0,100.0,0.0,0
2026-06-19 12:49:25,560.17,0.0,0.0,100.0,0.0,1,0.0,0.0,100.0,0.0,1,0.0,0.0,100.0,0.0,1,0.0,0.0,100.0,0.0,0,0.0,0.0,100.0,0.0,0,0.0,0.0,100.0,0.0,0
2026-06-19 12:49:26,560.97,0.0,0.0,100.0,0.0,1,0.0,0.0,100.0,0.0,1,0.0,0.0,100.0,0.0,1,0.0,0.0,100.0,0.0,0,0.0,0.0,100.0,0.0,0,0.0,0.0,100.0,0.0,0
2026-06-19 12:49:26,561.7,0.0,0.0,100.0,0.0,1,0.0,0.0,100.0,0.0,1,0.0,0.0,100.0,0.0,1,0.0,0.0,100.0,0.0,0,0.0,0.0,100.0,0.0,0,0.0,0.0,100.0,0.0,0
2026-06-19 12:49:27,562.45,0.0,0.0,100.0,0.0,1,0.0,0.0,100.0,0.0,1,0.0,0.0,100.0,0.0,1,0.0,0.0,100.0,0.0,0,0.0,0.0,100.0,0.0,0,0.0,0.0,100.0,0.0,0
2026-06-19 12:49:28,563.18,0.0,0.0,100.0,0.0,1,0.0,0.0,100.0,0.0,1,0.0,0.0,100.0,0.0,1,0.0,0.0,100.0,0.0,0,0.0,0.0,100.0,0.0,0,0.0,0.0,100.0,0.0,0
2026-06-19 12:49:28,563.91,0.0,0.0,100.0,0.0,1,0.0,0.0,100.0,0.0,1,0.0,0.0,100.0,0.0,1,0.0,0.0,100.0,0.0,0,0.0,0.0,100.0,0.0,0,0.0,0.0,100.0,0.0,0
2026-06-19 12:49:29,564.64,0.0,0.0,100.0,0.0,1,0.0,0.0,100.0,0.0,1,0.0,0.0,100.0,0.0,1,0.0,0.0,100.0,0.0,0,0.0,0.0,100.0,0.0,0,0.0,0.0,100.0,0.0,0
2026-06-19 12:49:30,565.38,0.0,0.0,100.0,0.0,1,0.0,0.0,100.0,0.0,1,0.0,0.0,100.0,0.0,1,0.0,0.0,100.0,0.0,0,0.0,0.0,100.0,0.0,0,0.0,0.0,100.0,0.0,0
2026-06-19 12:49:30,565.84,0.0,0.0,100.0,0.0,1,0.0,0.0,100.0,0.0,1,0.0,0.0,100.0,0.0,1,0.0,0.0,100.0,0.0,0,0.0,0.0,100.0,0.0,0,0.0,0.0,100.0,0.0,0
2026-06-19 12:49:31,566.84,100.0,0.0,100.0,0.0,1,200.0,0.0,100.0,0.0,1,200.0,0.0,100.0,0.0,1,0.0,0.0,100.0,0.0,0,0.0,0.0,100.0,0.0,0,0.0,0.0,100.0,0.0,0
2026-06-19 12:49:32,567.86,100.0,0.0,100.0,0.0,1,200.0,0.0,100.0,0.0,1,200.0,0.0,100.0,0.0,1,0.0,0.0,100.0,0.0,0,0.0,0.0,100.0,0.0,0,0.0,0.0,100.0,0.0,0
2026-06-19 12:49:33,567.96,100.0,0.0,100.0,0.0,1,200.0,0.0,100.0,0.0,1,200.0,0.0,100.0,0.0,1,0.0,0.0,100.0,0.0,0,0.0,0.0,100.0,0.0,0,0.0,0.0,100.0,0.0,0
2026-06-19 12:49:33,568.68,100.0,0.0,100.0,0.0,1,200.0,0.0,100.0,0.0,1,200.0,0.0,100.0,0.0,1,0.0,0.0,100.0,0.0,0,0.0,0.0,100.0,0.0,0,0.0,0.0,100.0,0.0,0
2026-06-19 12:49:34,568.96,100.0,0.0,100.0,0.0,1,200.0,0.0,100.0,0.0,1,200.0,0.0,100.0,0.0,1,0.0,0.0,100.0,0.0,0,0.0,0.0,100.0,0.0,0,0.0,0.0,100.0,0.0,0
2026-06-19 12:49:34,569.41,100.0,0.0,100.0,0.0,1,200.0,0.0,100.0,0.0,1,200.0,0.0,100.0,0.0,1,0.0,0.0,100.0,0.0,0,0.0,0.0,100.0,0.0,0,0.0,0.0,100.0,0.0,0
2026-06-19 12:49:35,569.97,100.0,0.0,100.0,0.0,1,200.0,0.0,100.0,0.0,1,200.0,0.0,100.0,0.0,1,0.0,0.0,100.0,0.0,0,0.0,0.0,100.0,0.0,0,0.0,0.0,100.0,0.0,0
2026-06-19 12:49:35,570.17,100.0,0.0,100.0,0.0,1,200.0,0.0,100.0,0.0,1,200.0,0.0,100.0,0.0,1,0.0,0.0,100.0,0.0,0,0.0,0.0,100.0,0.0,0,0.0,0.0,100.0,0.0,0
2026-06-19 12:49:35,570.9,100.0,0.0,100.0,0.0,1,200.0,0.0,100.0,0.0,1,200.0,0.0,100.0,0.0,1,0.0,0.0,100.0,0.0,0,0.0,0.0,100.0,0.0,0,0.0,0.0,100.0,0.0,0
2026-06-19 12:49:36,570.98,100.0,0.0,100.0,0.0,1,200.0,0.0,100.0,0.0,1,200.0,0.0,100.0,0.0,1,0.0,0.0,100.0,0.0,0,0.0,0.0,100.0,0.0,0,0.0,0.0,100.0,0.0,0
2026-06-19 12:49:36,571.64,100.0,0.0,100.0,0.0,1,200.0,0.0,100.0,0.0,1,200.0,0.0,100.0,0.0,1,0.0,0.0,100.0,0.0,0,0.0,0.0,100.0,0.0,0,0.0,0.0,100.0,0.0,0
2026-06-19 12:49:37,572.01,100.0,34.0,100.0,0.0,1,200.0,8.0,100.0,0.0,1,200.0,19.0,100.0,0.0,1,0.0,0.0,100.0,0.0,0,0.0,0.0,100.0,0.0,0,0.0,0.0,100.0,0.0,0
2026-06-19 12:49:37,572.35,100.0,34.0,100.0,0.0,1,200.0,8.0,100.0,0.0,1,200.0,19.0,100.0,0.0,1,0.0,0.0,100.0,0.0,0,0.0,0.0,100.0,0.0,0,0.0,0.0,100.0,0.0,0
2026-06-19 12:49:38,573.03,100.0,51.0,100.0,0.0,1,200.0,50.0,100.0,0.0,1,200.0,50.0,100.0,0.0,1,0.0,0.0,100.0,0.0,0,0.0,0.0,100.0,0.0,0,0.0,0.0,100.0,0.0,0
2026-06-19 12:49:38,573.06,100.0,51.0,100.0,0.0,1,200.0,50.0,100.0,0.0,1,200.0,50.0,100.0,0.0,1,0.0,0.0,100.0,0.0,0,0.0,0.0,100.0,0.0,0,0.0,0.0,100.0,0.0,0
2026-06-19 12:49:38,573.79,0.0,57.0,100.0,0.0,1,0.0,56.0,100.0,0.0,1,0.0,56.0,100.0,0.0,1,0.0,0.0,100.0,0.0,0,0.0,0.0,100.0,0.0,0,0.0,0.0,100.0,0.0,0
2026-06-19 12:49:39,574.52,0.0,62.0,100.0,0.0,1,0.0,62.0,100.0,0.0,1,0.0,61.0,100.0,0.0,1,0.0,0.0,100.0,0.0,0,0.0,0.0,100.0,0.0,0,0.0,0.0,100.0,0.0,0
2026-06-19 12:49:40,575.26,0.0,59.0,100.0,0.0,1,0.0,59.0,100.0,0.0,1,0.0,59.0,100.0,0.0,1,0.0,0.0,100.0,0.0,0,0.0,0.0,100.0,0.0,0,0.0,0.0,100.0,0.0,0
2026-06-19 12:49:41,575.99,0.0,52.0,100.0,0.0,1,0.0,52.0,100.0,0.0,1,0.0,52.0,100.0,0.0,1,0.0,0.0,100.0,0.0,0,0.0,0.0,100.0,0.0,0,0.0,0.0,100.0,0.0,0
2026-06-19 12:49:41,576.72,0.0,41.0,100.0,0.0,1,0.0,40.0,100.0,0.0,1,0.0,41.0,100.0,0.0,1,0.0,0.0,100.0,0.0,0,0.0,0.0,100.0,0.0,0,0.0,0.0,100.0,0.0,0
2026-06-19 12:49:42,577.44,0.0,34.0,100.0,0.0,1,0.0,35.0,100.0,0.0,1,0.0,34.0,100.0,0.0,1,0.0,0.0,100.0,0.0,0,0.0,0.0,100.0,0.0,0,0.0,0.0,100.0,0.0,0
2026-06-19 12:49:43,578.17,0.0,23.0,100.0,0.0,1,0.0,23.0,100.0,0.0,1,0.0,24.0,100.0,0.0,1,0.0,0.0,100.0,0.0,0,0.0,0.0,100.0,0.0,0,0.0,0.0,100.0,0.0,0
2026-06-19 12:49:43,578.89,0.0,19.0,100.0,0.0,1,0.0,19.0,100.0,0.0,1,0.0,19.0,100.0,0.0,1,0.0,0.0,100.0,0.0,0,0.0,0.0,100.0,0.0,0,0.0,0.0,100.0,0.0,0
2026-06-19 12:49:44,579.63,0.0,16.0,100.0,0.0,1,0.0,15.0,100.0,0.0,1,0.0,16.0,100.0,0.0,1,0.0,0.0,100.0,0.0,0,0.0,0.0,100.0,0.0,0,0.0,0.0,100.0,0.0,0
2026-06-19 12:49:45,580.34,0.0,13.0,100.0,0.0,1,0.0,12.0,100.0,0.0,1,0.0,13.0,100.0,0.0,1,0.0,0.0,100.0,0.0,0,0.0,0.0,100.0,0.0,0,0.0,0.0,100.0,0.0,0
2026-06-19 12:49:46,581.09,0.0,10.0,100.0,0.0,1,0.0,10.0,100.0,0.0,1,0.0,11.0,100.0,0.0,1,0.0,0.0,100.0,0.0,0,0.0,0.0,100.0,0.0,0,0.0,0.0,100.0,0.0,0
2026-06-19 12:49:46,581.85,0.0,8.0,100.0,0.0,1,0.0,8.0,100.0,0.0,1,0.0,9.0,100.0,0.0,1,0.0,0.0,100.0,0.0,0,0.0,0.0,100.0,0.0,0,0.0,0.0,100.0,0.0,0
2026-06-19 12:49:47,582.6,0.0,7.0,100.0,0.0,1,0.0,6.0,100.0,0.0,1,0.0,7.0,100.0,0.0,1,0.0,0.0,100.0,0.0,0,0.0,0.0,100.0,0.0,0,0.0,0.0,100.0,0.0,0
2026-06-19 12:49:48,583.33,0.0,5.0,100.0,0.0,1,0.0,5.0,100.0,0.0,1,0.0,6.0,100.0,0.0,1,0.0,0.0,100.0,0.0,0,0.0,0.0,100.0,0.0,0,0.0,0.0,100.0,0.0,0
2026-06-19 12:49:49,584.07,0.0,5.0,100.0,0.0,1,0.0,4.0,100.0,0.0,1,0.0,5.0,100.0,0.0,1,0.0,0.0,100.0,0.0,0,0.0,0.0,100.0,0.0,0,0.0,0.0,100.0,0.0,0
2026-06-19 12:49:49,584.79,0.0,4.0,100.0,0.0,1,0.0,3.0,100.0,0.0,1,0.0,4.0,100.0,0.0,1,0.0,0.0,100.0,0.0,0,0.0,0.0,100.0,0.0,0,0.0,0.0,100.0,0.0,0
2026-06-19 12:49:50,585.52,0.0,3.0,100.0,0.0,1,0.0,3.0,100.0,0.0,1,0.0,3.0,100.0,0.0,1,0.0,0.0,100.0,0.0,0,0.0,0.0,100.0,0.0,0,0.0,0.0,100.0,0.0,0
2026-06-19 12:49:51,586.24,0.0,2.0,100.0,0.0,1,0.0,2.0,100.0,0.0,1,0.0,2.0,100.0,0.0,1,0.0,0.0,100.0,0.0,0,0.0,0.0,100.0,0.0,0,0.0,0.0,100.0,0.0,0
2026-06-19 12:49:52,586.97,0.0,2.0,100.0,0.0,1,0.0,1.0,100.0,0.0,1,0.0,2.0,100.0,0.0,1,0.0,0.0,100.0,0.0,0,0.0,0.0,100.0,0.0,0,0.0,0.0,100.0,0.0,0
2026-06-19 12:49:52,587.72,0.0,1.0,100.0,0.0,1,0.0,1.0,100.0,0.0,1,0.0,1.0,100.0,0.0,1,0.0,0.0,100.0,0.0,0,0.0,0.0,100.0,0.0,0,0.0,0.0,100.0,0.0,0
2026-06-19 12:49:53,588.56,0.0,1.0,100.0,0.0,1,0.0,1.0,100.0,0.0,1,0.0,1.0,100.0,0.0,1,0.0,0.0,100.0,0.0,0,0.0,0.0,100.0,0.0,0,0.0,0.0,100.0,0.0,0
2026-06-19 12:49:54,589.32,0.0,1.0,100.0,0.0,1,0.0,0.0,100.0,0.0,1,0.0,1.0,100.0,0.0,1,0.0,0.0,100.0,0.0,0,0.0,0.0,100.0,0.0,0,0.0,0.0,100.0,0.0,0
2026-06-19 12:49:55,590.08,0.0,0.0,100.0,0.0,1,0.0,0.0,100.0,0.0,1,0.0,1.0,100.0,0.0,1,0.0,0.0,100.0,0.0,0,0.0,0.0,100.0,0.0,0,0.0,0.0,100.0,0.0,0
2026-06-19 12:49:55,590.83,0.0,0.0,100.0,0.0,1,0.0,0.0,100.0,0.0,1,0.0,1.0,100.0,0.0,1,0.0,0.0,100.0,0.0,0,0.0,0.0,100.0,0.0,0,0.0,0.0,100.0,0.0,0
2026-06-19 12:49:56,591.58,0.0,0.0,100.0,0.0,1,0.0,0.0,100.0,0.0,1,0.0,1.0,100.0,0.0,1,0.0,0.0,100.0,0.0,0,0.0,0.0,100.0,0.0,0,0.0,0.0,100.0,0.0,0
2026-06-19 12:49:57,592.35,0.0,0.0,100.0,0.0,1,0.0,0.0,100.0,0.0,1,0.0,1.0,100.0,0.0,1,0.0,0.0,100.0,0.0,0,0.0,0.0,100.0,0.0,0,0.0,0.0,100.0,0.0,0
2026-06-19 12:49:58,593.08,0.0,0.0,100.0,0.0,1,0.0,0.0,100.0,0.0,1,0.0,1.0,100.0,0.0,1,0.0,0.0,100.0,0.0,0,0.0,0.0,100.0,0.0,0,0.0,0.0,100.0,0.0,0
2026-06-19 12:49:58,593.84,0.0,0.0,100.0,0.0,1,0.0,0.0,100.0,0.0,1,0.0,1.0,100.0,0.0,1,0.0,0.0,100.0,0.0,0,0.0,0.0,100.0,0.0,0,0.0,0.0,100.0,0.0,0
2026-06-19 12:49:59,594.59,0.0,0.0,100.0,0.0,1,0.0,0.0,100.0,0.0,1,0.0,0.0,100.0,0.0,1,0.0,0.0,100.0,0.0,0,0.0,0.0,100.0,0.0,0,0.0,0.0,100.0,0.0,0
2026-06-19 12:50:00,595.31,0.0,0.0,100.0,0.0,1,0.0,0.0,100.0,0.0,1,0.0,0.0,100.0,0.0,1,0.0,0.0,100.0,0.0,0,0.0,0.0,100.0,0.0,0,0.0,0.0,100.0,0.0,0
2026-06-19 12:50:01,596.03,0.0,0.0,100.0,0.0,1,0.0,0.0,100.0,0.0,1,0.0,0.0,100.0,0.0,1,0.0,0.0,100.0,0.0,0,0.0,0.0,100.0,0.0,0,0.0,0.0,100.0,0.0,0
2026-06-19 12:50:01,596.76,0.0,0.0,100.0,0.0,1,0.0,0.0,100.0,0.0,1,0.0,0.0,100.0,0.0,1,0.0,0.0,100.0,0.0,0,0.0,0.0,100.0,0.0,0,0.0,0.0,100.0,0.0,0
2026-06-19 12:50:02,597.49,0.0,0.0,100.0,0.0,1,0.0,0.0,100.0,0.0,1,0.0,0.0,100.0,0.0,1,0.0,0.0,100.0,0.0,0,0.0,0.0,100.0,0.0,0,0.0,0.0,100.0,0.0,0
2026-06-19 12:50:03,598.22,0.0,0.0,100.0,0.0,1,0.0,0.0,100.0,0.0,1,0.0,0.0,100.0,0.0,1,0.0,0.0,100.0,0.0,0,0.0,0.0,100.0,0.0,0,0.0,0.0,100.0,0.0,0
2026-06-19 12:50:04,598.95,0.0,0.0,100.0,0.0,1,0.0,0.0,100.0,0.0,1,0.0,0.0,100.0,0.0,1,0.0,0.0,100.0,0.0,0,0.0,0.0,100.0,0.0,0,0.0,0.0,100.0,0.0,0
2026-06-19 12:50:04,599.67,0.0,0.0,100.0,0.0,1,0.0,0.0,100.0,0.0,1,0.0,0.0,100.0,0.0,1,0.0,0.0,100.0,0.0,0,0.0,0.0,100.0,0.0,0,0.0,0.0,100.0,0.0,0
2026-06-19 12:50:05,600.43,0.0,0.0,100.0,0.0,1,0.0,0.0,100.0,0.0,1,0.0,0.0,100.0,0.0,1,0.0,0.0,100.0,0.0,0,0.0,0.0,100.0,0.0,0,0.0,0.0,100.0,0.0,0
2026-06-19 12:50:06,601.2,0.0,0.0,100.0,0.0,1,0.0,0.0,100.0,0.0,1,0.0,0.0,100.0,0.0,1,0.0,0.0,100.0,0.0,0,0.0,0.0,100.0,0.0,0,0.0,0.0,100.0,0.0,0
2026-06-19 12:50:07,601.94,0.0,0.0,100.0,0.0,1,0.0,0.0,100.0,0.0,1,0.0,0.0,100.0,0.0,1,0.0,0.0,100.0,0.0,0,0.0,0.0,100.0,0.0,0,0.0,0.0,100.0,0.0,0
2026-06-19 12:50:07,602.69,0.0,0.0,100.0,0.0,1,0.0,0.0,100.0,0.0,1,0.0,0.0,100.0,0.0,1,0.0,0.0,100.0,0.0,0,0.0,0.0,100.0,0.0,0,0.0,0.0,100.0,0.0,0
2026-06-19 12:50:08,603.42,0.0,0.0,100.0,0.0,1,0.0,0.0,100.0,0.0,1,0.0,0.0,100.0,0.0,1,0.0,0.0,100.0,0.0,0,0.0,0.0,100.0,0.0,0,0.0,0.0,100.0,0.0,0
2026-06-19 12:50:09,604.16,0.0,0.0,100.0,0.0,1,0.0,0.0,100.0,0.0,1,0.0,0.0,100.0,0.0,1,0.0,0.0,100.0,0.0,0,0.0,0.0,100.0,0.0,0,0.0,0.0,100.0,0.0,0
2026-06-19 12:50:09,604.92,0.0,0.0,100.0,0.0,1,0.0,0.0,100.0,0.0,1,0.0,0.0,100.0,0.0,1,0.0,0.0,100.0,0.0,0,0.0,0.0,100.0,0.0,0,0.0,0.0,100.0,0.0,0
2026-06-19 12:50:10,605.66,0.0,0.0,100.0,0.0,1,0.0,0.0,100.0,0.0,1,0.0,0.0,100.0,0.0,1,0.0,0.0,100.0,0.0,0,0.0,0.0,100.0,0.0,0,0.0,0.0,100.0,0.0,0
2026-06-19 12:50:11,606.39,0.0,0.0,100.0,0.0,1,0.0,0.0,100.0,0.0,1,0.0,0.0,100.0,0.0,1,0.0,0.0,100.0,0.0,0,0.0,0.0,100.0,0.0,0,0.0,0.0,100.0,0.0,0
2026-06-19 12:50:12,607.11,0.0,0.0,100.0,0.0,1,0.0,0.0,100.0,0.0,1,0.0,0.0,100.0,0.0,1,0.0,0.0,100.0,0.0,0,0.0,0.0,100.0,0.0,0,0.0,0.0,100.0,0.0,0
2026-06-19 12:50:12,607.84,0.0,0.0,100.0,0.0,1,0.0,0.0,100.0,0.0,1,0.0,0.0,100.0,0.0,1,0.0,0.0,100.0,0.0,0,0.0,0.0,100.0,0.0,0,0.0,0.0,100.0,0.0,0
2026-06-19 12:50:13,608.57,0.0,0.0,100.0,0.0,1,0.0,0.0,100.0,0.0,1,0.0,0.0,100.0,0.0,1,0.0,0.0,100.0,0.0,0,0.0,0.0,100.0,0.0,0,0.0,0.0,100.0,0.0,0
2026-06-19 12:50:14,609.3,0.0,0.0,100.0,0.0,1,0.0,0.0,100.0,0.0,1,0.0,0.0,100.0,0.0,1,0.0,0.0,100.0,0.0,0,0.0,0.0,100.0,0.0,0,0.0,0.0,100.0,0.0,0
2026-06-19 12:50:15,610.04,0.0,0.0,100.0,0.0,0,0.0,0.0,100.0,0.0,0,0.0,0.0,100.0,0.0,0,0.0,0.0,100.0,0.0,0,0.0,0.0,100.0,0.0,0,0.0,0.0,100.0,0.0,0
2026-06-19 12:50:15,610.79,0.0,0.0,100.0,0.0,0,0.0,0.0,100.0,0.0,0,0.0,0.0,100.0,0.0,0,0.0,0.0,100.0,0.0,0,0.0,0.0,100.0,0.0,0,0.0,0.0,100.0,0.0,0
2026-06-19 12:50:16,611.54,0.0,0.0,100.0,0.0,0,0.0,0.0,100.0,0.0,0,0.0,0.0,100.0,0.0,0,0.0,0.0,100.0,0.0,0,0.0,0.0,100.0,0.0,0,0.0,0.0,100.0,0.0,0
2026-06-19 12:50:17,612.28,0.0,0.0,100.0,0.0,0,0.0,0.0,100.0,0.0,0,0.0,0.0,100.0,0.0,0,0.0,0.0,100.0,0.0,0,0.0,0.0,100.0,0.0,0,0.0,0.0,100.0,0.0,0
2026-06-19 12:50:18,613.02,0.0,0.0,100.0,0.0,0,0.0,0.0,100.0,0.0,0,0.0,0.0,100.0,0.0,0,0.0,0.0,100.0,0.0,0,0.0,0.0,100.0,0.0,0,0.0,0.0,100.0,0.0,0
2026-06-19 12:50:18,613.77,0.0,0.0,100.0,0.0,0,0.0,0.0,100.0,0.0,0,0.0,0.0,100.0,0.0,0,0.0,0.0,100.0,0.0,0,0.0,0.0,100.0,0.0,0,0.0,0.0,100.0,0.0,0
2026-06-19 12:50:19,614.5,0.0,0.0,100.0,0.0,0,0.0,0.0,100.0,0.0,0,0.0,0.0,100.0,0.0,0,0.0,0.0,100.0,0.0,0,0.0,0.0,100.0,0.0,0,0.0,0.0,100.0,0.0,0
2026-06-19 12:50:20,615.23,0.0,0.0,100.0,0.0,0,0.0,0.0,100.0,0.0,0,0.0,0.0,100.0,0.0,0,0.0,0.0,100.0,0.0,0,0.0,0.0,100.0,0.0,0,0.0,0.0,100.0,0.0,0
2026-06-19 12:50:21,615.96,0.0,0.0,100.0,0.0,0,0.0,0.0,100.0,0.0,0,0.0,0.0,100.0,0.0,0,0.0,0.0,100.0,0.0,0,0.0,0.0,100.0,0.0,0,0.0,0.0,100.0,0.0,0
2026-06-19 12:50:21,616.81,0.0,0.0,100.0,0.0,1,0.0,0.0,100.0,0.0,1,0.0,0.0,100.0,0.0,1,0.0,0.0,100.0,0.0,0,0.0,0.0,100.0,0.0,0,0.0,0.0,100.0,0.0,0
2026-06-19 12:50:22,617.56,0.0,0.0,100.0,0.0,1,0.0,0.0,100.0,0.0,1,0.0,0.0,100.0,0.0,1,0.0,0.0,100.0,0.0,0,0.0,0.0,100.0,0.0,0,0.0,0.0,100.0,0.0,0
2026-06-19 12:50:23,618.33,0.0,0.0,100.0,0.0,1,0.0,0.0,100.0,0.0,1,0.0,0.0,100.0,0.0,1,0.0,0.0,100.0,0.0,0,0.0,0.0,100.0,0.0,0,0.0,0.0,100.0,0.0,0
2026-06-19 12:50:24,619.07,0.0,0.0,100.0,0.0,1,0.0,0.0,100.0,0.0,1,0.0,0.0,100.0,0.0,1,0.0,0.0,100.0,0.0,0,0.0,0.0,100.0,0.0,0,0.0,0.0,100.0,0.0,0
2026-06-19 12:50:24,619.83,0.0,0.0,100.0,0.0,1,0.0,0.0,100.0,0.0,1,0.0,0.0,100.0,0.0,1,0.0,0.0,100.0,0.0,0,0.0,0.0,100.0,0.0,0,0.0,0.0,100.0,0.0,0
2026-06-19 12:50:25,620.55,0.0,0.0,100.0,0.0,1,0.0,0.0,100.0,0.0,1,0.0,0.0,100.0,0.0,1,0.0,0.0,100.0,0.0,0,0.0,0.0,100.0,0.0,0,0.0,0.0,100.0,0.0,0
2026-06-19 12:50:26,621.38,0.0,0.0,100.0,0.0,1,0.0,0.0,100.0,0.0,1,0.0,0.0,100.0,0.0,1,0.0,0.0,100.0,0.0,0,0.0,0.0,100.0,0.0,0,0.0,0.0,100.0,0.0,0
2026-06-19 12:50:27,622.13,0.0,0.0,100.0,0.0,1,0.0,0.0,100.0,0.0,1,0.0,0.0,100.0,0.0,1,0.0,0.0,100.0,0.0,0,0.0,0.0,100.0,0.0,0,0.0,0.0,100.0,0.0,0
2026-06-19 12:50:27,622.88,0.0,0.0,100.0,0.0,1,0.0,0.0,100.0,0.0,1,0.0,0.0,100.0,0.0,1,0.0,0.0,100.0,0.0,0,0.0,0.0,100.0,0.0,0,0.0,0.0,100.0,0.0,0
2026-06-19 12:50:28,623.62,0.0,0.0,100.0,0.0,1,0.0,0.0,100.0,0.0,1,0.0,0.0,100.0,0.0,1,0.0,0.0,100.0,0.0,0,0.0,0.0,100.0,0.0,0,0.0,0.0,100.0,0.0,0
2026-06-19 12:50:29,624.35,0.0,0.0,100.0,0.0,1,0.0,0.0,100.0,0.0,1,0.0,0.0,100.0,0.0,1,0.0,0.0,100.0,0.0,0,0.0,0.0,100.0,0.0,0,0.0,0.0,100.0,0.0,0
2026-06-19 12:50:30,625.12,0.0,0.0,100.0,0.0,1,0.0,0.0,100.0,0.0,1,0.0,0.0,100.0,0.0,1,0.0,0.0,100.0,0.0,0,0.0,0.0,100.0,0.0,0,0.0,0.0,100.0,0.0,0
2026-06-19 12:50:30,625.87,0.0,0.0,100.0,0.0,1,0.0,0.0,100.0,0.0,1,0.0,0.0,100.0,0.0,1,0.0,0.0,100.0,0.0,0,0.0,0.0,100.0,0.0,0,0.0,0.0,100.0,0.0,0
2026-06-19 12:50:31,626.64,0.0,0.0,100.0,0.0,1,0.0,0.0,100.0,0.0,1,0.0,0.0,100.0,0.0,1,0.0,0.0,100.0,0.0,0,0.0,0.0,100.0,0.0,0,0.0,0.0,100.0,0.0,0
2026-06-19 12:50:32,627.39,0.0,0.0,100.0,0.0,1,0.0,0.0,100.0,0.0,1,0.0,0.0,100.0,0.0,1,0.0,0.0,100.0,0.0,0,0.0,0.0,100.0,0.0,0,0.0,0.0,100.0,0.0,0
2026-06-19 12:50:33,628.12,0.0,0.0,100.0,0.0,1,0.0,0.0,100.0,0.0,1,0.0,0.0,100.0,0.0,1,0.0,0.0,100.0,0.0,0,0.0,0.0,100.0,0.0,0,0.0,0.0,100.0,0.0,0
2026-06-19 12:50:33,628.84,0.0,0.0,100.0,0.0,1,0.0,0.0,100.0,0.0,1,0.0,0.0,100.0,0.0,1,0.0,0.0,100.0,0.0,0,0.0,0.0,100.0,0.0,0,0.0,0.0,100.0,0.0,0
2026-06-19 12:50:34,629.57,0.0,0.0,100.0,0.0,1,0.0,0.0,100.0,0.0,1,0.0,0.0,100.0,0.0,1,0.0,0.0,100.0,0.0,0,0.0,0.0,100.0,0.0,0,0.0,0.0,100.0,0.0,0
2026-06-19 12:50:35,630.3,0.0,0.0,100.0,0.0,1,0.0,0.0,100.0,0.0,1,0.0,0.0,100.0,0.0,1,0.0,0.0,100.0,0.0,0,0.0,0.0,100.0,0.0,0,0.0,0.0,100.0,0.0,0
2026-06-19 12:50:36,631.03,0.0,0.0,100.0,0.0,1,0.0,0.0,100.0,0.0,1,0.0,0.0,100.0,0.0,1,0.0,0.0,100.0,0.0,0,0.0,0.0,100.0,0.0,0,0.0,0.0,100.0,0.0,0
2026-06-19 12:50:36,631.76,0.0,0.0,100.0,0.0,1,0.0,0.0,100.0,0.0,1,0.0,0.0,100.0,0.0,1,0.0,0.0,100.0,0.0,0,0.0,0.0,100.0,0.0,0,0.0,0.0,100.0,0.0,0
2026-06-19 12:50:37,632.5,0.0,0.0,100.0,0.0,1,0.0,0.0,100.0,0.0,1,0.0,0.0,100.0,0.0,1,0.0,0.0,100.0,0.0,0,0.0,0.0,100.0,0.0,0,0.0,0.0,100.0,0.0,0
2026-06-19 12:50:38,633.22,0.0,0.0,100.0,0.0,1,0.0,0.0,100.0,0.0,1,0.0,0.0,100.0,0.0,1,0.0,0.0,100.0,0.0,0,0.0,0.0,100.0,0.0,0,0.0,0.0,100.0,0.0,0
2026-06-19 12:50:39,633.95,0.0,0.0,100.0,0.0,1,0.0,0.0,100.0,0.0,1,0.0,0.0,100.0,0.0,1,0.0,0.0,100.0,0.0,0,0.0,0.0,100.0,0.0,0,0.0,0.0,100.0,0.0,0
2026-06-19 12:50:39,634.7,0.0,0.0,100.0,0.0,1,0.0,0.0,100.0,0.0,1,0.0,0.0,100.0,0.0,1,0.0,0.0,100.0,0.0,0,0.0,0.0,100.0,0.0,0,0.0,0.0,100.0,0.0,0
2026-06-19 12:50:40,635.44,0.0,0.0,100.0,0.0,1,0.0,0.0,100.0,0.0,1,0.0,0.0,100.0,0.0,1,0.0,0.0,100.0,0.0,0,0.0,0.0,100.0,0.0,0,0.0,0.0,100.0,0.0,0
2026-06-19 12:50:41,636.15,0.0,0.0,100.0,0.0,1,0.0,0.0,100.0,0.0,1,0.0,0.0,100.0,0.0,1,0.0,0.0,100.0,0.0,0,0.0,0.0,100.0,0.0,0,0.0,0.0,100.0,0.0,0
2026-06-19 12:50:41,636.92,0.0,0.0,100.0,0.0,1,0.0,0.0,100.0,0.0,1,0.0,0.0,100.0,0.0,1,0.0,0.0,100.0,0.0,0,0.0,0.0,100.0,0.0,0,0.0,0.0,100.0,0.0,0
2026-06-19 12:50:42,637.67,0.0,0.0,100.0,0.0,1,0.0,0.0,100.0,0.0,1,0.0,0.0,100.0,0.0,1,0.0,0.0,100.0,0.0,0,0.0,0.0,100.0,0.0,0,0.0,0.0,100.0,0.0,0
2026-06-19 12:50:43,638.42,0.0,0.0,100.0,0.0,1,0.0,0.0,100.0,0.0,1,0.0,0.0,100.0,0.0,1,0.0,0.0,100.0,0.0,0,0.0,0.0,100.0,0.0,0,0.0,0.0,100.0,0.0,0
2026-06-19 12:50:44,639.15,0.0,0.0,100.0,0.0,1,0.0,0.0,100.0,0.0,1,0.0,0.0,100.0,0.0,1,0.0,0.0,100.0,0.0,0,0.0,0.0,100.0,0.0,0,0.0,0.0,100.0,0.0,0
2026-06-19 12:50:44,639.91,0.0,0.0,100.0,0.0,1,0.0,0.0,100.0,0.0,1,0.0,0.0,100.0,0.0,1,0.0,0.0,100.0,0.0,0,0.0,0.0,100.0,0.0,0,0.0,0.0,100.0,0.0,0
2026-06-19 12:50:45,640.65,0.0,0.0,100.0,0.0,1,0.0,0.0,100.0,0.0,1,0.0,0.0,100.0,0.0,1,0.0,0.0,100.0,0.0,0,0.0,0.0,100.0,0.0,0,0.0,0.0,100.0,0.0,0
2026-06-19 12:50:46,641.4,0.0,0.0,100.0,0.0,1,0.0,0.0,100.0,0.0,1,0.0,0.0,100.0,0.0,1,0.0,0.0,100.0,0.0,0,0.0,0.0,100.0,0.0,0,0.0,0.0,100.0,0.0,0
2026-06-19 12:50:47,642.14,0.0,0.0,100.0,0.0,1,0.0,0.0,100.0,0.0,1,0.0,0.0,100.0,0.0,1,0.0,0.0,100.0,0.0,0,0.0,0.0,100.0,0.0,0,0.0,0.0,100.0,0.0,0
2026-06-19 12:50:47,642.86,0.0,0.0,100.0,0.0,1,0.0,0.0,100.0,0.0,1,0.0,0.0,100.0,0.0,1,0.0,0.0,100.0,0.0,0,0.0,0.0,100.0,0.0,0,0.0,0.0,100.0,0.0,0
2026-06-19 12:50:48,643.61,0.0,0.0,100.0,0.0,1,0.0,0.0,100.0,0.0,1,0.0,0.0,100.0,0.0,1,0.0,0.0,100.0,0.0,0,0.0,0.0,100.0,0.0,0,0.0,0.0,100.0,0.0,0
2026-06-19 12:50:49,644.33,0.0,0.0,100.0,0.0,1,0.0,0.0,100.0,0.0,1,0.0,0.0,100.0,0.0,1,0.0,0.0,100.0,0.0,0,0.0,0.0,100.0,0.0,0,0.0,0.0,100.0,0.0,0
2026-06-19 12:50:50,645.09,0.0,0.0,100.0,0.0,1,0.0,0.0,100.0,0.0,1,0.0,0.0,100.0,0.0,1,0.0,0.0,100.0,0.0,0,0.0,0.0,100.0,0.0,0,0.0,0.0,100.0,0.0,0
2026-06-19 12:50:50,645.82,0.0,0.0,100.0,0.0,1,0.0,0.0,100.0,0.0,1,0.0,0.0,100.0,0.0,1,0.0,0.0,100.0,0.0,0,0.0,0.0,100.0,0.0,0,0.0,0.0,100.0,0.0,0
2026-06-19 12:50:51,646.57,0.0,0.0,100.0,0.0,1,0.0,0.0,100.0,0.0,1,0.0,0.0,100.0,0.0,1,0.0,0.0,100.0,0.0,0,0.0,0.0,100.0,0.0,0,0.0,0.0,100.0,0.0,0
2026-06-19 12:50:52,647.33,0.0,0.0,100.0,0.0,1,0.0,0.0,100.0,0.0,1,0.0,0.0,100.0,0.0,1,0.0,0.0,100.0,0.0,0,0.0,0.0,100.0,0.0,0,0.0,0.0,100.0,0.0,0
2026-06-19 12:50:53,648.05,0.0,0.0,100.0,0.0,1,0.0,0.0,100.0,0.0,1,0.0,0.0,100.0,0.0,1,0.0,0.0,100.0,0.0,0,0.0,0.0,100.0,0.0,0,0.0,0.0,100.0,0.0,0
2026-06-19 12:50:53,648.8,0.0,0.0,100.0,0.0,1,0.0,0.0,100.0,0.0,1,0.0,0.0,100.0,0.0,1,0.0,0.0,100.0,0.0,0,0.0,0.0,100.0,0.0,0,0.0,0.0,100.0,0.0,0
2026-06-19 12:50:54,649.51,0.0,0.0,100.0,0.0,1,0.0,0.0,100.0,0.0,1,0.0,0.0,100.0,0.0,1,0.0,0.0,100.0,0.0,0,0.0,0.0,100.0,0.0,0,0.0,0.0,100.0,0.0,0
2026-06-19 12:50:55,650.23,0.0,0.0,100.0,0.0,1,0.0,0.0,100.0,0.0,1,0.0,0.0,100.0,0.0,1,0.0,0.0,100.0,0.0,0,0.0,0.0,100.0,0.0,0,0.0,0.0,100.0,0.0,0
2026-06-19 12:50:56,650.98,0.0,0.0,100.0,0.0,1,0.0,0.0,100.0,0.0,1,0.0,0.0,100.0,0.0,1,0.0,0.0,100.0,0.0,0,0.0,0.0,100.0,0.0,0,0.0,0.0,100.0,0.0,0
2026-06-19 12:50:56,651.72,0.0,0.0,100.0,0.0,1,0.0,0.0,100.0,0.0,1,0.0,0.0,100.0,0.0,1,0.0,0.0,100.0,0.0,0,0.0,0.0,100.0,0.0,0,0.0,0.0,100.0,0.0,0
2026-06-19 12:50:57,652.44,0.0,0.0,100.0,0.0,1,0.0,0.0,100.0,0.0,1,0.0,0.0,100.0,0.0,1,0.0,0.0,100.0,0.0,0,0.0,0.0,100.0,0.0,0,0.0,0.0,100.0,0.0,0
2026-06-19 12:50:58,653.2,0.0,0.0,100.0,0.0,1,0.0,0.0,100.0,0.0,1,0.0,0.0,100.0,0.0,1,0.0,0.0,100.0,0.0,0,0.0,0.0,100.0,0.0,0,0.0,0.0,100.0,0.0,0
2026-06-19 12:50:59,654.22,150.0,0.0,100.0,0.0,1,270.0,0.0,100.0,0.0,1,270.0,0.0,100.0,0.0,1,0.0,0.0,100.0,0.0,0,0.0,0.0,100.0,0.0,0,0.0,0.0,100.0,0.0,0
2026-06-19 12:51:00,655.24,150.0,0.0,100.0,0.0,1,270.0,0.0,100.0,0.0,1,270.0,0.0,100.0,0.0,1,0.0,0.0,100.0,0.0,0,0.0,0.0,100.0,0.0,0,0.0,0.0,100.0,0.0,0
2026-06-19 12:51:01,656.24,150.0,0.0,100.0,0.0,1,270.0,0.0,100.0,0.0,1,270.0,0.0,100.0,0.0,1,0.0,0.0,100.0,0.0,0,0.0,0.0,100.0,0.0,0,0.0,0.0,100.0,0.0,0
2026-06-19 12:51:01,656.39,150.0,0.0,100.0,0.0,1,270.0,0.0,100.0,0.0,1,270.0,0.0,100.0,0.0,1,0.0,0.0,100.0,0.0,0,0.0,0.0,100.0,0.0,0,0.0,0.0,100.0,0.0,0
2026-06-19 12:51:02,657.12,150.0,0.0,100.0,0.0,1,270.0,0.0,100.0,0.0,1,270.0,0.0,100.0,0.0,1,0.0,0.0,100.0,0.0,0,0.0,0.0,100.0,0.0,0,0.0,0.0,100.0,0.0,0
2026-06-19 12:51:02,657.24,150.0,0.0,100.0,0.0,1,270.0,0.0,100.0,0.0,1,270.0,0.0,100.0,0.0,1,0.0,0.0,100.0,0.0,0,0.0,0.0,100.0,0.0,0,0.0,0.0,100.0,0.0,0
2026-06-19 12:51:02,657.84,150.0,0.0,100.0,0.0,1,270.0,0.0,100.0,0.0,1,270.0,0.0,100.0,0.0,1,0.0,0.0,100.0,0.0,0,0.0,0.0,100.0,0.0,0,0.0,0.0,100.0,0.0,0
2026-06-19 12:51:03,658.25,150.0,0.0,100.0,0.0,1,270.0,0.0,100.0,0.0,1,270.0,0.0,100.0,0.0,1,0.0,0.0,100.0,0.0,0,0.0,0.0,100.0,0.0,0,0.0,0.0,100.0,0.0,0
2026-06-19 12:51:03,658.58,150.0,0.0,100.0,0.0,1,270.0,0.0,100.0,0.0,1,270.0,0.0,100.0,0.0,1,0.0,0.0,100.0,0.0,0,0.0,0.0,100.0,0.0,0,0.0,0.0,100.0,0.0,0
2026-06-19 12:51:04,659.33,150.0,0.0,100.0,0.0,1,270.0,0.0,100.0,0.0,1,270.0,0.0,100.0,0.0,1,0.0,0.0,100.0,0.0,0,0.0,0.0,100.0,0.0,0,0.0,0.0,100.0,0.0,0
2026-06-19 12:51:04,659.29,150.0,0.0,100.0,0.0,1,270.0,0.0,100.0,0.0,1,270.0,0.0,100.0,0.0,1,0.0,0.0,100.0,0.0,0,0.0,0.0,100.0,0.0,0,0.0,0.0,100.0,0.0,0
2026-06-19 12:51:05,660.08,150.0,17.0,100.0,0.0,1,270.0,0.0,100.0,0.0,1,270.0,1.0,100.0,0.0,1,0.0,0.0,100.0,0.0,0,0.0,0.0,100.0,0.0,0,0.0,0.0,100.0,0.0,0
2026-06-19 12:51:05,660.36,150.0,17.0,100.0,0.0,1,270.0,0.0,100.0,0.0,1,270.0,1.0,100.0,0.0,1,0.0,0.0,100.0,0.0,0,0.0,0.0,100.0,0.0,0,0.0,0.0,100.0,0.0,0
2026-06-19 12:51:05,660.79,150.0,49.0,100.0,0.0,1,270.0,37.0,100.0,0.0,1,270.0,47.0,100.0,0.0,1,0.0,0.0,100.0,0.0,0,0.0,0.0,100.0,0.0,0,0.0,0.0,100.0,0.0,0
2026-06-19 12:51:06,661.36,150.0,55.0,100.0,0.0,1,270.0,54.0,100.0,0.0,1,270.0,54.0,100.0,0.0,1,0.0,0.0,100.0,0.0,0,0.0,0.0,100.0,0.0,0,0.0,0.0,100.0,0.0,0
2026-06-19 12:51:06,661.52,0.0,55.0,100.0,0.0,1,0.0,54.0,100.0,0.0,1,0.0,54.0,100.0,0.0,1,0.0,0.0,100.0,0.0,0,0.0,0.0,100.0,0.0,0,0.0,0.0,100.0,0.0,0
2026-06-19 12:51:07,662.25,0.0,60.0,100.0,0.0,1,0.0,61.0,100.0,0.0,1,0.0,60.0,100.0,0.0,1,0.0,0.0,100.0,0.0,0,0.0,0.0,100.0,0.0,0,0.0,0.0,100.0,0.0,0
2026-06-19 12:51:08,662.98,0.0,60.0,100.0,0.0,1,0.0,61.0,100.0,0.0,1,0.0,60.0,100.0,0.0,1,0.0,0.0,100.0,0.0,0,0.0,0.0,100.0,0.0,0,0.0,0.0,100.0,0.0,0
2026-06-19 12:51:08,663.7,0.0,54.0,100.0,0.0,1,0.0,55.0,100.0,0.0,1,0.0,55.0,100.0,0.0,1,0.0,0.0,100.0,0.0,0,0.0,0.0,100.0,0.0,0,0.0,0.0,100.0,0.0,0
2026-06-19 12:51:09,664.43,0.0,48.0,100.0,0.0,1,0.0,49.0,100.0,0.0,1,0.0,50.0,100.0,0.0,1,0.0,0.0,100.0,0.0,0,0.0,0.0,100.0,0.0,0,0.0,0.0,100.0,0.0,0
2026-06-19 12:51:10,665.17,0.0,42.0,100.0,0.0,1,0.0,42.0,100.0,0.0,1,0.0,43.0,100.0,0.0,1,0.0,0.0,100.0,0.0,0,0.0,0.0,100.0,0.0,0,0.0,0.0,100.0,0.0,0
2026-06-19 12:51:10,665.89,0.0,36.0,100.0,0.0,1,0.0,37.0,100.0,0.0,1,0.0,38.0,100.0,0.0,1,0.0,0.0,100.0,0.0,0,0.0,0.0,100.0,0.0,0,0.0,0.0,100.0,0.0,0
2026-06-19 12:51:11,666.65,0.0,25.0,100.0,0.0,1,0.0,25.0,100.0,0.0,1,0.0,26.0,100.0,0.0,1,0.0,0.0,100.0,0.0,0,0.0,0.0,100.0,0.0,0,0.0,0.0,100.0,0.0,0
2026-06-19 12:51:12,667.39,0.0,20.0,100.0,0.0,1,0.0,20.0,100.0,0.0,1,0.0,21.0,100.0,0.0,1,0.0,0.0,100.0,0.0,0,0.0,0.0,100.0,0.0,0,0.0,0.0,100.0,0.0,0
2026-06-19 12:51:13,668.13,0.0,17.0,100.0,0.0,1,0.0,16.0,100.0,0.0,1,0.0,17.0,100.0,0.0,1,0.0,0.0,100.0,0.0,0,0.0,0.0,100.0,0.0,0,0.0,0.0,100.0,0.0,0
2026-06-19 12:51:13,668.87,0.0,13.0,100.0,0.0,1,0.0,13.0,100.0,0.0,1,0.0,14.0,100.0,0.0,1,0.0,0.0,100.0,0.0,0,0.0,0.0,100.0,0.0,0,0.0,0.0,100.0,0.0,0
2026-06-19 12:51:14,669.61,0.0,9.0,100.0,0.0,1,0.0,8.0,100.0,0.0,1,0.0,9.0,100.0,0.0,1,0.0,0.0,100.0,0.0,0,0.0,0.0,100.0,0.0,0,0.0,0.0,100.0,0.0,0
2026-06-19 12:51:15,670.35,0.0,7.0,100.0,0.0,1,0.0,7.0,100.0,0.0,1,0.0,8.0,100.0,0.0,1,0.0,0.0,100.0,0.0,0,0.0,0.0,100.0,0.0,0,0.0,0.0,100.0,0.0,0
2026-06-19 12:51:16,671.1,0.0,6.0,100.0,0.0,1,0.0,6.0,100.0,0.0,1,0.0,6.0,100.0,0.0,1,0.0,0.0,100.0,0.0,0,0.0,0.0,100.0,0.0,0,0.0,0.0,100.0,0.0,0
2026-06-19 12:51:16,671.84,0.0,5.0,100.0,0.0,1,0.0,5.0,100.0,0.0,1,0.0,6.0,100.0,0.0,1,0.0,0.0,100.0,0.0,0,0.0,0.0,100.0,0.0,0,0.0,0.0,100.0,0.0,0
2026-06-19 12:51:17,672.59,0.0,4.0,100.0,0.0,1,0.0,4.0,100.0,0.0,1,0.0,4.0,100.0,0.0,1,0.0,0.0,100.0,0.0,0,0.0,0.0,100.0,0.0,0,0.0,0.0,100.0,0.0,0
2026-06-19 12:51:18,673.31,0.0,3.0,100.0,0.0,1,0.0,3.0,100.0,0.0,1,0.0,4.0,100.0,0.0,1,0.0,0.0,100.0,0.0,0,0.0,0.0,100.0,0.0,0,0.0,0.0,100.0,0.0,0
2026-06-19 12:51:19,674.06,0.0,2.0,100.0,0.0,1,0.0,2.0,100.0,0.0,1,0.0,3.0,100.0,0.0,1,0.0,0.0,100.0,0.0,0,0.0,0.0,100.0,0.0,0,0.0,0.0,100.0,0.0,0
2026-06-19 12:51:19,674.8,0.0,2.0,100.0,0.0,1,0.0,2.0,100.0,0.0,1,0.0,2.0,100.0,0.0,1,0.0,0.0,100.0,0.0,0,0.0,0.0,100.0,0.0,0,0.0,0.0,100.0,0.0,0
2026-06-19 12:51:20,675.54,0.0,1.0,100.0,0.0,1,0.0,1.0,100.0,0.0,1,0.0,2.0,100.0,0.0,1,0.0,0.0,100.0,0.0,0,0.0,0.0,100.0,0.0,0,0.0,0.0,100.0,0.0,0
2026-06-19 12:51:21,676.26,0.0,1.0,100.0,0.0,1,0.0,1.0,100.0,0.0,1,0.0,2.0,100.0,0.0,1,0.0,0.0,100.0,0.0,0,0.0,0.0,100.0,0.0,0,0.0,0.0,100.0,0.0,0
2026-06-19 12:51:22,676.99,0.0,1.0,100.0,0.0,1,0.0,1.0,100.0,0.0,1,0.0,1.0,100.0,0.0,1,0.0,0.0,100.0,0.0,0,0.0,0.0,100.0,0.0,0,0.0,0.0,100.0,0.0,0
2026-06-19 12:51:22,677.75,0.0,1.0,100.0,0.0,1,0.0,1.0,100.0,0.0,1,0.0,1.0,100.0,0.0,1,0.0,0.0,100.0,0.0,0,0.0,0.0,100.0,0.0,0,0.0,0.0,100.0,0.0,0
2026-06-19 12:51:23,678.51,0.0,0.0,100.0,0.0,1,0.0,0.0,100.0,0.0,1,0.0,1.0,100.0,0.0,1,0.0,0.0,100.0,0.0,0,0.0,0.0,100.0,0.0,0,0.0,0.0,100.0,0.0,0
2026-06-19 12:51:24,679.23,0.0,0.0,100.0,0.0,1,0.0,0.0,100.0,0.0,1,0.0,1.0,100.0,0.0,1,0.0,0.0,100.0,0.0,0,0.0,0.0,100.0,0.0,0,0.0,0.0,100.0,0.0,0
2026-06-19 12:51:25,679.99,0.0,0.0,100.0,0.0,1,0.0,0.0,100.0,0.0,1,0.0,1.0,100.0,0.0,1,0.0,0.0,100.0,0.0,0,0.0,0.0,100.0,0.0,0,0.0,0.0,100.0,0.0,0
2026-06-19 12:51:25,680.75,0.0,0.0,100.0,0.0,1,0.0,0.0,100.0,0.0,1,0.0,1.0,100.0,0.0,1,0.0,0.0,100.0,0.0,0,0.0,0.0,100.0,0.0,0,0.0,0.0,100.0,0.0,0
2026-06-19 12:51:26,681.48,0.0,0.0,100.0,0.0,1,0.0,0.0,100.0,0.0,1,0.0,1.0,100.0,0.0,1,0.0,0.0,100.0,0.0,0,0.0,0.0,100.0,0.0,0,0.0,0.0,100.0,0.0,0
2026-06-19 12:51:27,682.19,0.0,0.0,100.0,0.0,1,0.0,0.0,100.0,0.0,1,0.0,1.0,100.0,0.0,1,0.0,0.0,100.0,0.0,0,0.0,0.0,100.0,0.0,0,0.0,0.0,100.0,0.0,0
2026-06-19 12:51:27,682.92,0.0,0.0,100.0,0.0,1,0.0,0.0,100.0,0.0,1,0.0,0.0,100.0,0.0,1,0.0,0.0,100.0,0.0,0,0.0,0.0,100.0,0.0,0,0.0,0.0,100.0,0.0,0
2026-06-19 12:51:28,683.66,0.0,0.0,100.0,0.0,1,0.0,0.0,100.0,0.0,1,0.0,0.0,100.0,0.0,1,0.0,0.0,100.0,0.0,0,0.0,0.0,100.0,0.0,0,0.0,0.0,100.0,0.0,0
2026-06-19 12:51:29,684.39,0.0,0.0,100.0,0.0,1,0.0,0.0,100.0,0.0,1,0.0,0.0,100.0,0.0,1,0.0,0.0,100.0,0.0,0,0.0,0.0,100.0,0.0,0,0.0,0.0,100.0,0.0,0
2026-06-19 12:51:30,685.13,0.0,0.0,100.0,0.0,1,0.0,0.0,100.0,0.0,1,0.0,0.0,100.0,0.0,1,0.0,0.0,100.0,0.0,0,0.0,0.0,100.0,0.0,0,0.0,0.0,100.0,0.0,0
2026-06-19 12:51:30,685.84,0.0,0.0,100.0,0.0,1,0.0,0.0,100.0,0.0,1,0.0,0.0,100.0,0.0,1,0.0,0.0,100.0,0.0,0,0.0,0.0,100.0,0.0,0,0.0,0.0,100.0,0.0,0
2026-06-19 12:51:31,686.56,0.0,0.0,100.0,0.0,1,0.0,0.0,100.0,0.0,1,0.0,0.0,100.0,0.0,1,0.0,0.0,100.0,0.0,0,0.0,0.0,100.0,0.0,0,0.0,0.0,100.0,0.0,0
2026-06-19 12:51:32,687.27,0.0,0.0,100.0,0.0,1,0.0,0.0,100.0,0.0,1,0.0,0.0,100.0,0.0,1,0.0,0.0,100.0,0.0,0,0.0,0.0,100.0,0.0,0,0.0,0.0,100.0,0.0,0
2026-06-19 12:51:33,687.99,0.0,0.0,100.0,0.0,1,0.0,0.0,100.0,0.0,1,0.0,0.0,100.0,0.0,1,0.0,0.0,100.0,0.0,0,0.0,0.0,100.0,0.0,0,0.0,0.0,100.0,0.0,0
2026-06-19 12:51:33,688.72,0.0,0.0,100.0,0.0,1,0.0,0.0,100.0,0.0,1,0.0,0.0,100.0,0.0,1,0.0,0.0,100.0,0.0,0,0.0,0.0,100.0,0.0,0,0.0,0.0,100.0,0.0,0
2026-06-19 12:51:34,689.45,0.0,0.0,100.0,0.0,1,0.0,0.0,100.0,0.0,1,0.0,0.0,100.0,0.0,1,0.0,0.0,100.0,0.0,0,0.0,0.0,100.0,0.0,0,0.0,0.0,100.0,0.0,0
2026-06-19 12:51:35,690.17,0.0,0.0,100.0,0.0,1,0.0,0.0,100.0,0.0,1,0.0,0.0,100.0,0.0,1,0.0,0.0,100.0,0.0,0,0.0,0.0,100.0,0.0,0,0.0,0.0,100.0,0.0,0
2026-06-19 12:51:35,690.92,0.0,0.0,100.0,0.0,1,0.0,0.0,100.0,0.0,1,0.0,0.0,100.0,0.0,1,0.0,0.0,100.0,0.0,0,0.0,0.0,100.0,0.0,0,0.0,0.0,100.0,0.0,0
2026-06-19 12:51:36,691.68,0.0,0.0,100.0,0.0,1,0.0,0.0,100.0,0.0,1,0.0,0.0,100.0,0.0,1,0.0,0.0,100.0,0.0,0,0.0,0.0,100.0,0.0,0,0.0,0.0,100.0,0.0,0
2026-06-19 12:51:37,692.42,0.0,0.0,100.0,0.0,1,0.0,0.0,100.0,0.0,1,0.0,0.0,100.0,0.0,1,0.0,0.0,100.0,0.0,0,0.0,0.0,100.0,0.0,0,0.0,0.0,100.0,0.0,0
2026-06-19 12:51:38,693.12,0.0,0.0,100.0,0.0,1,0.0,0.0,100.0,0.0,1,0.0,0.0,100.0,0.0,1,0.0,0.0,100.0,0.0,0,0.0,0.0,100.0,0.0,0,0.0,0.0,100.0,0.0,0
2026-06-19 12:51:38,693.85,0.0,0.0,100.0,0.0,1,0.0,0.0,100.0,0.0,1,0.0,0.0,100.0,0.0,1,0.0,0.0,100.0,0.0,0,0.0,0.0,100.0,0.0,0,0.0,0.0,100.0,0.0,0
2026-06-19 12:51:39,694.59,0.0,0.0,100.0,0.0,1,0.0,0.0,100.0,0.0,1,0.0,0.0,100.0,0.0,1,0.0,0.0,100.0,0.0,0,0.0,0.0,100.0,0.0,0,0.0,0.0,100.0,0.0,0
2026-06-19 12:51:40,695.34,0.0,0.0,100.0,0.0,1,0.0,0.0,100.0,0.0,1,0.0,0.0,100.0,0.0,1,0.0,0.0,100.0,0.0,0,0.0,0.0,100.0,0.0,0,0.0,0.0,100.0,0.0,0
2026-06-19 12:51:41,696.05,0.0,0.0,100.0,0.0,1,0.0,0.0,100.0,0.0,1,0.0,0.0,100.0,0.0,1,0.0,0.0,100.0,0.0,0,0.0,0.0,100.0,0.0,0,0.0,0.0,100.0,0.0,0
2026-06-19 12:51:41,696.78,0.0,0.0,100.0,0.0,1,0.0,0.0,100.0,0.0,1,0.0,0.0,100.0,0.0,1,0.0,0.0,100.0,0.0,0,0.0,0.0,100.0,0.0,0,0.0,0.0,100.0,0.0,0
2026-06-19 12:51:42,697.52,0.0,0.0,100.0,0.0,1,0.0,0.0,100.0,0.0,1,0.0,0.0,100.0,0.0,1,0.0,0.0,100.0,0.0,0,0.0,0.0,100.0,0.0,0,0.0,0.0,100.0,0.0,0
2026-06-19 12:51:43,698.28,0.0,0.0,100.0,0.0,1,0.0,0.0,100.0,0.0,1,0.0,0.0,100.0,0.0,1,0.0,0.0,100.0,0.0,0,0.0,0.0,100.0,0.0,0,0.0,0.0,100.0,0.0,0
2026-06-19 12:51:44,699.0,0.0,0.0,100.0,0.0,1,0.0,0.0,100.0,0.0,1,0.0,0.0,100.0,0.0,1,0.0,0.0,100.0,0.0,0,0.0,0.0,100.0,0.0,0,0.0,0.0,100.0,0.0,0
2026-06-19 12:51:44,699.72,0.0,0.0,100.0,0.0,1,0.0,0.0,100.0,0.0,1,0.0,0.0,100.0,0.0,1,0.0,0.0,100.0,0.0,0,0.0,0.0,100.0,0.0,0,0.0,0.0,100.0,0.0,0
2026-06-19 12:51:45,700.43,0.0,0.0,100.0,0.0,1,0.0,0.0,100.0,0.0,1,0.0,0.0,100.0,0.0,1,0.0,0.0,100.0,0.0,0,0.0,0.0,100.0,0.0,0,0.0,0.0,100.0,0.0,0
2026-06-19 12:51:46,701.16,0.0,0.0,100.0,0.0,1,0.0,0.0,100.0,0.0,1,0.0,0.0,100.0,0.0,1,0.0,0.0,100.0,0.0,0,0.0,0.0,100.0,0.0,0,0.0,0.0,100.0,0.0,0
2026-06-19 12:51:46,701.91,0.0,0.0,100.0,0.0,1,0.0,0.0,100.0,0.0,1,0.0,0.0,100.0,0.0,1,0.0,0.0,100.0,0.0,0,0.0,0.0,100.0,0.0,0,0.0,0.0,100.0,0.0,0
2026-06-19 12:51:47,702.66,0.0,0.0,100.0,0.0,1,0.0,0.0,100.0,0.0,1,0.0,0.0,100.0,0.0,1,0.0,0.0,100.0,0.0,0,0.0,0.0,100.0,0.0,0,0.0,0.0,100.0,0.0,0
2026-06-19 12:51:48,703.38,0.0,0.0,100.0,0.0,1,0.0,0.0,100.0,0.0,1,0.0,0.0,100.0,0.0,1,0.0,0.0,100.0,0.0,0,0.0,0.0,100.0,0.0,0,0.0,0.0,100.0,0.0,0
2026-06-19 12:51:49,704.09,0.0,0.0,100.0,0.0,1,0.0,0.0,100.0,0.0,1,0.0,0.0,100.0,0.0,1,0.0,0.0,100.0,0.0,0,0.0,0.0,100.0,0.0,0,0.0,0.0,100.0,0.0,0
2026-06-19 12:51:49,704.83,0.0,0.0,100.0,0.0,1,0.0,0.0,100.0,0.0,1,0.0,0.0,100.0,0.0,1,0.0,0.0,100.0,0.0,0,0.0,0.0,100.0,0.0,0,0.0,0.0,100.0,0.0,0
2026-06-19 12:51:50,705.56,0.0,0.0,100.0,0.0,1,0.0,0.0,100.0,0.0,1,0.0,0.0,100.0,0.0,1,0.0,0.0,100.0,0.0,0,0.0,0.0,100.0,0.0,0,0.0,0.0,100.0,0.0,0
2026-06-19 12:51:51,706.28,0.0,0.0,100.0,0.0,1,0.0,0.0,100.0,0.0,1,0.0,0.0,100.0,0.0,1,0.0,0.0,100.0,0.0,0,0.0,0.0,100.0,0.0,0,0.0,0.0,100.0,0.0,0
2026-06-19 12:51:52,707.02,0.0,0.0,100.0,0.0,1,0.0,0.0,100.0,0.0,1,0.0,0.0,100.0,0.0,1,0.0,0.0,100.0,0.0,0,0.0,0.0,100.0,0.0,0,0.0,0.0,100.0,0.0,0
2026-06-19 12:51:52,707.76,0.0,0.0,100.0,0.0,1,0.0,0.0,100.0,0.0,1,0.0,0.0,100.0,0.0,1,0.0,0.0,100.0,0.0,0,0.0,0.0,100.0,0.0,0,0.0,0.0,100.0,0.0,0
2026-06-19 12:51:53,708.49,0.0,0.0,100.0,0.0,1,0.0,0.0,100.0,0.0,1,0.0,0.0,100.0,0.0,1,0.0,0.0,100.0,0.0,0,0.0,0.0,100.0,0.0,0,0.0,0.0,100.0,0.0,0
2026-06-19 12:51:54,709.21,0.0,0.0,100.0,0.0,1,0.0,0.0,100.0,0.0,1,0.0,0.0,100.0,0.0,1,0.0,0.0,100.0,0.0,0,0.0,0.0,100.0,0.0,0,0.0,0.0,100.0,0.0,0
2026-06-19 12:51:55,709.96,0.0,0.0,100.0,0.0,1,0.0,0.0,100.0,0.0,1,0.0,0.0,100.0,0.0,1,0.0,0.0,100.0,0.0,0,0.0,0.0,100.0,0.0,0,0.0,0.0,100.0,0.0,0
2026-06-19 12:51:55,710.69,0.0,0.0,100.0,0.0,1,0.0,0.0,100.0,0.0,1,0.0,0.0,100.0,0.0,1,0.0,0.0,100.0,0.0,0,0.0,0.0,100.0,0.0,0,0.0,0.0,100.0,0.0,0
2026-06-19 12:51:56,711.44,0.0,0.0,100.0,0.0,1,0.0,0.0,100.0,0.0,1,0.0,0.0,100.0,0.0,1,0.0,0.0,100.0,0.0,0,0.0,0.0,100.0,0.0,0,0.0,0.0,100.0,0.0,0
2026-06-19 12:51:57,712.17,0.0,0.0,100.0,0.0,1,0.0,0.0,100.0,0.0,1,0.0,0.0,100.0,0.0,1,0.0,0.0,100.0,0.0,0,0.0,0.0,100.0,0.0,0,0.0,0.0,100.0,0.0,0
2026-06-19 12:51:57,712.9,0.0,0.0,100.0,0.0,1,0.0,0.0,100.0,0.0,1,0.0,0.0,100.0,0.0,1,0.0,0.0,100.0,0.0,0,0.0,0.0,100.0,0.0,0,0.0,0.0,100.0,0.0,0
2026-06-19 12:51:58,713.63,0.0,0.0,100.0,0.0,1,0.0,0.0,100.0,0.0,1,0.0,0.0,100.0,0.0,1,0.0,0.0,100.0,0.0,0,0.0,0.0,100.0,0.0,0,0.0,0.0,100.0,0.0,0
2026-06-19 12:51:59,714.43,0.0,0.0,100.0,0.0,1,0.0,0.0,100.0,0.0,1,0.0,0.0,100.0,0.0,1,0.0,0.0,100.0,0.0,0,0.0,0.0,100.0,0.0,0,0.0,0.0,100.0,0.0,0
2026-06-19 12:52:00,715.16,0.0,0.0,100.0,0.0,1,0.0,0.0,100.0,0.0,1,0.0,0.0,100.0,0.0,1,0.0,0.0,100.0,0.0,0,0.0,0.0,100.0,0.0,0,0.0,0.0,100.0,0.0,0
2026-06-19 12:52:00,715.89,0.0,0.0,100.0,0.0,1,0.0,0.0,100.0,0.0,1,0.0,0.0,100.0,0.0,1,0.0,0.0,100.0,0.0,0,0.0,0.0,100.0,0.0,0,0.0,0.0,100.0,0.0,0
2026-06-19 12:52:01,716.61,0.0,0.0,100.0,0.0,1,0.0,0.0,100.0,0.0,1,0.0,0.0,100.0,0.0,1,0.0,0.0,100.0,0.0,0,0.0,0.0,100.0,0.0,0,0.0,0.0,100.0,0.0,0
2026-06-19 12:52:02,717.37,0.0,0.0,100.0,0.0,1,0.0,0.0,100.0,0.0,1,0.0,0.0,100.0,0.0,1,0.0,0.0,100.0,0.0,0,0.0,0.0,100.0,0.0,0,0.0,0.0,100.0,0.0,0
2026-06-19 12:52:03,718.11,0.0,0.0,100.0,0.0,1,0.0,0.0,100.0,0.0,1,0.0,0.0,100.0,0.0,1,0.0,0.0,100.0,0.0,0,0.0,0.0,100.0,0.0,0,0.0,0.0,100.0,0.0,0
2026-06-19 12:52:03,718.88,0.0,0.0,100.0,0.0,1,0.0,0.0,100.0,0.0,1,0.0,0.0,100.0,0.0,1,0.0,0.0,100.0,0.0,0,0.0,0.0,100.0,0.0,0,0.0,0.0,100.0,0.0,0
2026-06-19 12:52:04,719.61,0.0,0.0,100.0,0.0,1,0.0,0.0,100.0,0.0,1,0.0,0.0,100.0,0.0,1,0.0,0.0,100.0,0.0,0,0.0,0.0,100.0,0.0,0,0.0,0.0,100.0,0.0,0
2026-06-19 12:52:05,720.37,0.0,0.0,100.0,0.0,1,0.0,0.0,100.0,0.0,1,0.0,0.0,100.0,0.0,1,0.0,0.0,100.0,0.0,0,0.0,0.0,100.0,0.0,0,0.0,0.0,100.0,0.0,0
2026-06-19 12:52:06,721.09,0.0,0.0,100.0,0.0,1,0.0,0.0,100.0,0.0,1,0.0,0.0,100.0,0.0,1,0.0,0.0,100.0,0.0,0,0.0,0.0,100.0,0.0,0,0.0,0.0,100.0,0.0,0
2026-06-19 12:52:06,721.84,0.0,0.0,100.0,0.0,1,0.0,0.0,100.0,0.0,1,0.0,0.0,100.0,0.0,1,0.0,0.0,100.0,0.0,0,0.0,0.0,100.0,0.0,0,0.0,0.0,100.0,0.0,0
2026-06-19 12:52:07,722.59,0.0,0.0,100.0,0.0,1,0.0,0.0,100.0,0.0,1,0.0,0.0,100.0,0.0,1,0.0,0.0,100.0,0.0,0,0.0,0.0,100.0,0.0,0,0.0,0.0,100.0,0.0,0
2026-06-19 12:52:08,723.33,0.0,0.0,100.0,0.0,1,0.0,0.0,100.0,0.0,1,0.0,0.0,100.0,0.0,1,0.0,0.0,100.0,0.0,0,0.0,0.0,100.0,0.0,0,0.0,0.0,100.0,0.0,0
2026-06-19 12:52:09,724.06,0.0,0.0,100.0,0.0,1,0.0,0.0,100.0,0.0,1,0.0,0.0,100.0,0.0,1,0.0,0.0,100.0,0.0,0,0.0,0.0,100.0,0.0,0,0.0,0.0,100.0,0.0,0
2026-06-19 12:52:09,724.8,0.0,0.0,100.0,0.0,1,0.0,0.0,100.0,0.0,1,0.0,0.0,100.0,0.0,1,0.0,0.0,100.0,0.0,0,0.0,0.0,100.0,0.0,0,0.0,0.0,100.0,0.0,0
2026-06-19 12:52:10,725.56,0.0,0.0,100.0,0.0,1,0.0,0.0,100.0,0.0,1,0.0,0.0,100.0,0.0,1,0.0,0.0,100.0,0.0,0,0.0,0.0,100.0,0.0,0,0.0,0.0,100.0,0.0,0
2026-06-19 12:52:11,726.31,0.0,0.0,100.0,0.0,1,0.0,0.0,100.0,0.0,1,0.0,0.0,100.0,0.0,1,0.0,0.0,100.0,0.0,0,0.0,0.0,100.0,0.0,0,0.0,0.0,100.0,0.0,0
2026-06-19 12:52:12,727.07,0.0,0.0,100.0,0.0,1,0.0,0.0,100.0,0.0,1,0.0,0.0,100.0,0.0,1,0.0,0.0,100.0,0.0,0,0.0,0.0,100.0,0.0,0,0.0,0.0,100.0,0.0,0
2026-06-19 12:52:12,727.81,0.0,0.0,100.0,0.0,1,0.0,0.0,100.0,0.0,1,0.0,0.0,100.0,0.0,1,0.0,0.0,100.0,0.0,0,0.0,0.0,100.0,0.0,0,0.0,0.0,100.0,0.0,0
2026-06-19 12:52:13,728.57,0.0,0.0,100.0,0.0,1,0.0,0.0,100.0,0.0,1,0.0,0.0,100.0,0.0,1,0.0,0.0,100.0,0.0,0,0.0,0.0,100.0,0.0,0,0.0,0.0,100.0,0.0,0
2026-06-19 12:52:14,729.32,0.0,0.0,100.0,0.0,1,0.0,0.0,100.0,0.0,1,0.0,0.0,100.0,0.0,1,0.0,0.0,100.0,0.0,0,0.0,0.0,100.0,0.0,0,0.0,0.0,100.0,0.0,0
2026-06-19 12:52:15,730.05,0.0,0.0,100.0,0.0,1,0.0,0.0,100.0,0.0,1,0.0,0.0,100.0,0.0,1,0.0,0.0,100.0,0.0,0,0.0,0.0,100.0,0.0,0,0.0,0.0,100.0,0.0,0
2026-06-19 12:52:15,730.79,0.0,0.0,100.0,0.0,1,0.0,0.0,100.0,0.0,1,0.0,0.0,100.0,0.0,1,0.0,0.0,100.0,0.0,0,0.0,0.0,100.0,0.0,0,0.0,0.0,100.0,0.0,0
2026-06-19 12:52:16,731.54,0.0,0.0,100.0,0.0,1,0.0,0.0,100.0,0.0,1,0.0,0.0,100.0,0.0,1,0.0,0.0,100.0,0.0,0,0.0,0.0,100.0,0.0,0,0.0,0.0,100.0,0.0,0
2026-06-19 12:52:17,732.28,0.0,0.0,100.0,0.0,1,0.0,0.0,100.0,0.0,1,0.0,0.0,100.0,0.0,1,0.0,0.0,100.0,0.0,0,0.0,0.0,100.0,0.0,0,0.0,0.0,100.0,0.0,0
2026-06-19 12:52:18,733.03,0.0,0.0,100.0,0.0,1,0.0,0.0,100.0,0.0,1,0.0,0.0,100.0,0.0,1,0.0,0.0,100.0,0.0,0,0.0,0.0,100.0,0.0,0,0.0,0.0,100.0,0.0,0
2026-06-19 12:52:18,733.82,0.0,0.0,100.0,0.0,1,0.0,0.0,100.0,0.0,1,0.0,0.0,100.0,0.0,1,0.0,0.0,100.0,0.0,0,0.0,0.0,100.0,0.0,0,0.0,0.0,100.0,0.0,0
2026-06-19 12:52:19,734.55,0.0,0.0,100.0,0.0,1,0.0,0.0,100.0,0.0,1,0.0,0.0,100.0,0.0,1,0.0,0.0,100.0,0.0,0,0.0,0.0,100.0,0.0,0,0.0,0.0,100.0,0.0,0
2026-06-19 12:52:20,735.29,0.0,0.0,100.0,0.0,1,0.0,0.0,100.0,0.0,1,0.0,0.0,100.0,0.0,1,0.0,0.0,100.0,0.0,0,0.0,0.0,100.0,0.0,0,0.0,0.0,100.0,0.0,0
2026-06-19 12:52:21,736.03,0.0,0.0,100.0,0.0,1,0.0,0.0,100.0,0.0,1,0.0,0.0,100.0,0.0,1,0.0,0.0,100.0,0.0,0,0.0,0.0,100.0,0.0,0,0.0,0.0,100.0,0.0,0
2026-06-19 12:52:21,736.77,0.0,0.0,100.0,0.0,1,0.0,0.0,100.0,0.0,1,0.0,0.0,100.0,0.0,1,0.0,0.0,100.0,0.0,0,0.0,0.0,100.0,0.0,0,0.0,0.0,100.0,0.0,0
2026-06-19 12:52:22,737.52,0.0,0.0,100.0,0.0,1,0.0,0.0,100.0,0.0,1,0.0,0.0,100.0,0.0,1,0.0,0.0,100.0,0.0,0,0.0,0.0,100.0,0.0,0,0.0,0.0,100.0,0.0,0
2026-06-19 12:52:23,738.25,0.0,0.0,100.0,0.0,1,0.0,0.0,100.0,0.0,1,0.0,0.0,100.0,0.0,1,0.0,0.0,100.0,0.0,0,0.0,0.0,100.0,0.0,0,0.0,0.0,100.0,0.0,0
2026-06-19 12:52:24,739.0,0.0,0.0,100.0,0.0,1,0.0,0.0,100.0,0.0,1,0.0,0.0,100.0,0.0,1,0.0,0.0,100.0,0.0,0,0.0,0.0,100.0,0.0,0,0.0,0.0,100.0,0.0,0
2026-06-19 12:52:24,739.72,0.0,0.0,100.0,0.0,1,0.0,0.0,100.0,0.0,1,0.0,0.0,100.0,0.0,1,0.0,0.0,100.0,0.0,0,0.0,0.0,100.0,0.0,0,0.0,0.0,100.0,0.0,0
2026-06-19 12:52:25,740.46,0.0,0.0,100.0,0.0,1,0.0,0.0,100.0,0.0,1,0.0,0.0,100.0,0.0,1,0.0,0.0,100.0,0.0,0,0.0,0.0,100.0,0.0,0,0.0,0.0,100.0,0.0,0
2026-06-19 12:52:26,741.2,0.0,0.0,100.0,0.0,1,0.0,0.0,100.0,0.0,1,0.0,0.0,100.0,0.0,1,0.0,0.0,100.0,0.0,0,0.0,0.0,100.0,0.0,0,0.0,0.0,100.0,0.0,0
2026-06-19 12:52:27,741.97,0.0,0.0,100.0,0.0,1,0.0,0.0,100.0,0.0,1,0.0,0.0,100.0,0.0,1,0.0,0.0,100.0,0.0,0,0.0,0.0,100.0,0.0,0,0.0,0.0,100.0,0.0,0
2026-06-19 12:52:27,742.75,0.0,0.0,100.0,0.0,1,0.0,0.0,100.0,0.0,1,0.0,0.0,100.0,0.0,1,0.0,0.0,100.0,0.0,0,0.0,0.0,100.0,0.0,0,0.0,0.0,100.0,0.0,0
2026-06-19 12:52:28,743.51,0.0,0.0,100.0,0.0,1,0.0,0.0,100.0,0.0,1,0.0,0.0,100.0,0.0,1,0.0,0.0,100.0,0.0,0,0.0,0.0,100.0,0.0,0,0.0,0.0,100.0,0.0,0
2026-06-19 12:52:29,744.24,0.0,0.0,100.0,0.0,1,0.0,0.0,100.0,0.0,1,0.0,0.0,100.0,0.0,1,0.0,0.0,100.0,0.0,0,0.0,0.0,100.0,0.0,0,0.0,0.0,100.0,0.0,0
2026-06-19 12:52:30,744.98,0.0,0.0,100.0,0.0,1,0.0,0.0,100.0,0.0,1,0.0,0.0,100.0,0.0,1,0.0,0.0,100.0,0.0,0,0.0,0.0,100.0,0.0,0,0.0,0.0,100.0,0.0,0
2026-06-19 12:52:30,745.72,0.0,0.0,100.0,0.0,1,0.0,0.0,100.0,0.0,1,0.0,0.0,100.0,0.0,1,0.0,0.0,100.0,0.0,0,0.0,0.0,100.0,0.0,0,0.0,0.0,100.0,0.0,0
2026-06-19 12:52:31,746.46,0.0,0.0,100.0,0.0,1,0.0,0.0,100.0,0.0,1,0.0,0.0,100.0,0.0,1,0.0,0.0,100.0,0.0,0,0.0,0.0,100.0,0.0,0,0.0,0.0,100.0,0.0,0
2026-06-19 12:52:32,747.22,0.0,0.0,100.0,0.0,1,0.0,0.0,100.0,0.0,1,0.0,0.0,100.0,0.0,1,0.0,0.0,100.0,0.0,0,0.0,0.0,100.0,0.0,0,0.0,0.0,100.0,0.0,0
2026-06-19 12:52:33,747.97,0.0,0.0,100.0,0.0,1,0.0,0.0,100.0,0.0,1,0.0,0.0,100.0,0.0,1,0.0,0.0,100.0,0.0,0,0.0,0.0,100.0,0.0,0,0.0,0.0,100.0,0.0,0
2026-06-19 12:52:33,748.71,0.0,0.0,100.0,0.0,1,0.0,0.0,100.0,0.0,1,0.0,0.0,100.0,0.0,1,0.0,0.0,100.0,0.0,0,0.0,0.0,100.0,0.0,0,0.0,0.0,100.0,0.0,0
2026-06-19 12:52:34,749.44,0.0,0.0,100.0,0.0,1,0.0,0.0,100.0,0.0,1,0.0,0.0,100.0,0.0,1,0.0,0.0,100.0,0.0,0,0.0,0.0,100.0,0.0,0,0.0,0.0,100.0,0.0,0
2026-06-19 12:52:35,750.2,0.0,0.0,100.0,0.0,1,0.0,0.0,100.0,0.0,1,0.0,0.0,100.0,0.0,1,0.0,0.0,100.0,0.0,0,0.0,0.0,100.0,0.0,0,0.0,0.0,100.0,0.0,0
2026-06-19 12:52:36,750.94,0.0,0.0,100.0,0.0,1,0.0,0.0,100.0,0.0,1,0.0,0.0,100.0,0.0,1,0.0,0.0,100.0,0.0,0,0.0,0.0,100.0,0.0,0,0.0,0.0,100.0,0.0,0
2026-06-19 12:52:36,751.71,0.0,0.0,100.0,0.0,1,0.0,0.0,100.0,0.0,1,0.0,0.0,100.0,0.0,1,0.0,0.0,100.0,0.0,0,0.0,0.0,100.0,0.0,0,0.0,0.0,100.0,0.0,0
2026-06-19 12:52:37,752.45,0.0,0.0,100.0,0.0,1,0.0,0.0,100.0,0.0,1,0.0,0.0,100.0,0.0,1,0.0,0.0,100.0,0.0,0,0.0,0.0,100.0,0.0,0,0.0,0.0,100.0,0.0,0
2026-06-19 12:52:38,753.21,0.0,0.0,100.0,0.0,1,0.0,0.0,100.0,0.0,1,0.0,0.0,100.0,0.0,1,0.0,0.0,100.0,0.0,0,0.0,0.0,100.0,0.0,0,0.0,0.0,100.0,0.0,0
2026-06-19 12:52:39,753.94,0.0,0.0,100.0,0.0,1,0.0,0.0,100.0,0.0,1,0.0,0.0,100.0,0.0,1,0.0,0.0,100.0,0.0,0,0.0,0.0,100.0,0.0,0,0.0,0.0,100.0,0.0,0
2026-06-19 12:52:39,754.67,0.0,0.0,100.0,0.0,1,0.0,0.0,100.0,0.0,1,0.0,0.0,100.0,0.0,1,0.0,0.0,100.0,0.0,0,0.0,0.0,100.0,0.0,0,0.0,0.0,100.0,0.0,0
2026-06-19 12:52:40,755.46,0.0,0.0,100.0,0.0,1,0.0,0.0,100.0,0.0,1,0.0,0.0,100.0,0.0,1,0.0,0.0,100.0,0.0,0,0.0,0.0,100.0,0.0,0,0.0,0.0,100.0,0.0,0
2026-06-19 12:52:41,756.23,0.0,0.0,100.0,0.0,1,0.0,0.0,100.0,0.0,1,0.0,0.0,100.0,0.0,1,0.0,0.0,100.0,0.0,0,0.0,0.0,100.0,0.0,0,0.0,0.0,100.0,0.0,0
2026-06-19 12:52:42,756.98,0.0,0.0,100.0,0.0,1,0.0,0.0,100.0,0.0,1,0.0,0.0,100.0,0.0,1,0.0,0.0,100.0,0.0,0,0.0,0.0,100.0,0.0,0,0.0,0.0,100.0,0.0,0
2026-06-19 12:52:42,757.75,0.0,0.0,100.0,0.0,1,0.0,0.0,100.0,0.0,1,0.0,0.0,100.0,0.0,1,0.0,0.0,100.0,0.0,0,0.0,0.0,100.0,0.0,0,0.0,0.0,100.0,0.0,0
2026-06-19 12:52:43,758.51,0.0,0.0,100.0,0.0,1,0.0,0.0,100.0,0.0,1,0.0,0.0,100.0,0.0,1,0.0,0.0,100.0,0.0,0,0.0,0.0,100.0,0.0,0,0.0,0.0,100.0,0.0,0
2026-06-19 12:52:44,759.25,0.0,0.0,100.0,0.0,1,0.0,0.0,100.0,0.0,1,0.0,0.0,100.0,0.0,1,0.0,0.0,100.0,0.0,0,0.0,0.0,100.0,0.0,0,0.0,0.0,100.0,0.0,0
2026-06-19 12:52:45,759.99,0.0,0.0,100.0,0.0,1,0.0,0.0,100.0,0.0,1,0.0,0.0,100.0,0.0,1,0.0,0.0,100.0,0.0,0,0.0,0.0,100.0,0.0,0,0.0,0.0,100.0,0.0,0
2026-06-19 12:52:45,760.71,0.0,0.0,100.0,0.0,1,0.0,0.0,100.0,0.0,1,0.0,0.0,100.0,0.0,1,0.0,0.0,100.0,0.0,0,0.0,0.0,100.0,0.0,0,0.0,0.0,100.0,0.0,0
2026-06-19 12:52:46,761.45,0.0,0.0,100.0,0.0,1,0.0,0.0,100.0,0.0,1,0.0,0.0,100.0,0.0,1,0.0,0.0,100.0,0.0,0,0.0,0.0,100.0,0.0,0,0.0,0.0,100.0,0.0,0
2026-06-19 12:52:47,762.18,0.0,0.0,100.0,0.0,1,0.0,0.0,100.0,0.0,1,0.0,0.0,100.0,0.0,1,0.0,0.0,100.0,0.0,0,0.0,0.0,100.0,0.0,0,0.0,0.0,100.0,0.0,0
2026-06-19 12:52:47,762.91,0.0,0.0,100.0,0.0,1,0.0,0.0,100.0,0.0,1,0.0,0.0,100.0,0.0,1,0.0,0.0,100.0,0.0,0,0.0,0.0,100.0,0.0,0,0.0,0.0,100.0,0.0,0
2026-06-19 12:52:48,763.65,0.0,0.0,100.0,0.0,1,0.0,0.0,100.0,0.0,1,0.0,0.0,100.0,0.0,1,0.0,0.0,100.0,0.0,0,0.0,0.0,100.0,0.0,0,0.0,0.0,100.0,0.0,0
2026-06-19 12:52:49,764.41,0.0,0.0,100.0,0.0,1,0.0,0.0,100.0,0.0,1,0.0,0.0,100.0,0.0,1,0.0,0.0,100.0,0.0,0,0.0,0.0,100.0,0.0,0,0.0,0.0,100.0,0.0,0
2026-06-19 12:52:50,765.13,0.0,0.0,100.0,0.0,1,0.0,0.0,100.0,0.0,1,0.0,0.0,100.0,0.0,1,0.0,0.0,100.0,0.0,0,0.0,0.0,100.0,0.0,0,0.0,0.0,100.0,0.0,0
2026-06-19 12:52:50,765.88,0.0,0.0,100.0,0.0,1,0.0,0.0,100.0,0.0,1,0.0,0.0,100.0,0.0,1,0.0,0.0,100.0,0.0,0,0.0,0.0,100.0,0.0,0,0.0,0.0,100.0,0.0,0
2026-06-19 12:52:51,766.62,0.0,0.0,100.0,0.0,1,0.0,0.0,100.0,0.0,1,0.0,0.0,100.0,0.0,1,0.0,0.0,100.0,0.0,0,0.0,0.0,100.0,0.0,0,0.0,0.0,100.0,0.0,0
2026-06-19 12:52:52,767.36,0.0,0.0,100.0,0.0,1,0.0,0.0,100.0,0.0,1,0.0,0.0,100.0,0.0,1,0.0,0.0,100.0,0.0,0,0.0,0.0,100.0,0.0,0,0.0,0.0,100.0,0.0,0
2026-06-19 12:52:53,768.07,0.0,0.0,100.0,0.0,1,0.0,0.0,100.0,0.0,1,0.0,0.0,100.0,0.0,1,0.0,0.0,100.0,0.0,0,0.0,0.0,100.0,0.0,0,0.0,0.0,100.0,0.0,0
2026-06-19 12:52:53,768.84,0.0,0.0,100.0,0.0,1,0.0,0.0,100.0,0.0,1,0.0,0.0,100.0,0.0,1,0.0,0.0,100.0,0.0,0,0.0,0.0,100.0,0.0,0,0.0,0.0,100.0,0.0,0
2026-06-19 12:52:54,769.56,0.0,0.0,100.0,0.0,1,0.0,0.0,100.0,0.0,1,0.0,0.0,100.0,0.0,1,0.0,0.0,100.0,0.0,0,0.0,0.0,100.0,0.0,0,0.0,0.0,100.0,0.0,0
2026-06-19 12:52:55,770.32,0.0,0.0,100.0,0.0,1,0.0,0.0,100.0,0.0,1,0.0,0.0,100.0,0.0,1,0.0,0.0,100.0,0.0,0,0.0,0.0,100.0,0.0,0,0.0,0.0,100.0,0.0,0
2026-06-19 12:52:56,771.06,0.0,0.0,100.0,0.0,1,0.0,0.0,100.0,0.0,1,0.0,0.0,100.0,0.0,1,0.0,0.0,100.0,0.0,0,0.0,0.0,100.0,0.0,0,0.0,0.0,100.0,0.0,0
2026-06-19 12:52:56,771.81,0.0,0.0,100.0,0.0,1,0.0,0.0,100.0,0.0,1,0.0,0.0,100.0,0.0,1,0.0,0.0,100.0,0.0,0,0.0,0.0,100.0,0.0,0,0.0,0.0,100.0,0.0,0
2026-06-19 12:52:57,772.54,0.0,0.0,100.0,0.0,1,0.0,0.0,100.0,0.0,1,0.0,0.0,100.0,0.0,1,0.0,0.0,100.0,0.0,0,0.0,0.0,100.0,0.0,0,0.0,0.0,100.0,0.0,0
2026-06-19 12:52:58,773.28,0.0,0.0,100.0,0.0,1,0.0,0.0,100.0,0.0,1,0.0,0.0,100.0,0.0,1,0.0,0.0,100.0,0.0,0,0.0,0.0,100.0,0.0,0,0.0,0.0,100.0,0.0,0
2026-06-19 12:52:59,774.03,0.0,0.0,100.0,0.0,1,0.0,0.0,100.0,0.0,1,0.0,0.0,100.0,0.0,1,0.0,0.0,100.0,0.0,0,0.0,0.0,100.0,0.0,0,0.0,0.0,100.0,0.0,0
2026-06-19 12:52:59,774.79,0.0,0.0,100.0,0.0,1,0.0,0.0,100.0,0.0,1,0.0,0.0,100.0,0.0,1,0.0,0.0,100.0,0.0,0,0.0,0.0,100.0,0.0,0,0.0,0.0,100.0,0.0,0
2026-06-19 12:53:00,775.59,0.0,0.0,100.0,0.0,1,0.0,0.0,100.0,0.0,1,0.0,0.0,100.0,0.0,1,0.0,0.0,100.0,0.0,0,0.0,0.0,100.0,0.0,0,0.0,0.0,100.0,0.0,0
2026-06-19 12:53:01,776.33,0.0,0.0,100.0,0.0,1,0.0,0.0,100.0,0.0,1,0.0,0.0,100.0,0.0,1,0.0,0.0,100.0,0.0,0,0.0,0.0,100.0,0.0,0,0.0,0.0,100.0,0.0,0
2026-06-19 12:53:02,777.09,0.0,0.0,100.0,0.0,1,0.0,0.0,100.0,0.0,1,0.0,0.0,100.0,0.0,1,0.0,0.0,100.0,0.0,0,0.0,0.0,100.0,0.0,0,0.0,0.0,100.0,0.0,0
2026-06-19 12:53:02,777.82,0.0,0.0,100.0,0.0,1,0.0,0.0,100.0,0.0,1,0.0,0.0,100.0,0.0,1,0.0,0.0,100.0,0.0,0,0.0,0.0,100.0,0.0,0,0.0,0.0,100.0,0.0,0
2026-06-19 12:53:03,778.56,0.0,0.0,100.0,0.0,1,0.0,0.0,100.0,0.0,1,0.0,0.0,100.0,0.0,1,0.0,0.0,100.0,0.0,0,0.0,0.0,100.0,0.0,0,0.0,0.0,100.0,0.0,0
2026-06-19 12:53:04,779.28,0.0,0.0,100.0,0.0,1,0.0,0.0,100.0,0.0,1,0.0,0.0,100.0,0.0,1,0.0,0.0,100.0,0.0,0,0.0,0.0,100.0,0.0,0,0.0,0.0,100.0,0.0,0
2026-06-19 12:53:05,780.0,0.0,0.0,100.0,0.0,1,0.0,0.0,100.0,0.0,1,0.0,0.0,100.0,0.0,1,0.0,0.0,100.0,0.0,0,0.0,0.0,100.0,0.0,0,0.0,0.0,100.0,0.0,0
2026-06-19 12:53:05,780.72,0.0,0.0,100.0,0.0,1,0.0,0.0,100.0,0.0,1,0.0,0.0,100.0,0.0,1,0.0,0.0,100.0,0.0,0,0.0,0.0,100.0,0.0,0,0.0,0.0,100.0,0.0,0
2026-06-19 12:53:06,781.45,0.0,0.0,100.0,0.0,1,0.0,0.0,100.0,0.0,1,0.0,0.0,100.0,0.0,1,0.0,0.0,100.0,0.0,0,0.0,0.0,100.0,0.0,0,0.0,0.0,100.0,0.0,0
2026-06-19 12:53:07,782.17,0.0,0.0,100.0,0.0,1,0.0,0.0,100.0,0.0,1,0.0,0.0,100.0,0.0,1,0.0,0.0,100.0,0.0,0,0.0,0.0,100.0,0.0,0,0.0,0.0,100.0,0.0,0
2026-06-19 12:53:07,782.9,0.0,0.0,100.0,0.0,1,0.0,0.0,100.0,0.0,1,0.0,0.0,100.0,0.0,1,0.0,0.0,100.0,0.0,0,0.0,0.0,100.0,0.0,0,0.0,0.0,100.0,0.0,0
2026-06-19 12:53:08,783.62,0.0,0.0,100.0,0.0,1,0.0,0.0,100.0,0.0,1,0.0,0.0,100.0,0.0,1,0.0,0.0,100.0,0.0,0,0.0,0.0,100.0,0.0,0,0.0,0.0,100.0,0.0,0
2026-06-19 12:53:09,784.37,0.0,0.0,100.0,0.0,1,0.0,0.0,100.0,0.0,1,0.0,0.0,100.0,0.0,1,0.0,0.0,100.0,0.0,0,0.0,0.0,100.0,0.0,0,0.0,0.0,100.0,0.0,0
2026-06-19 12:53:10,785.1,0.0,0.0,100.0,0.0,1,0.0,0.0,100.0,0.0,1,0.0,0.0,100.0,0.0,1,0.0,0.0,100.0,0.0,0,0.0,0.0,100.0,0.0,0,0.0,0.0,100.0,0.0,0
2026-06-19 12:53:10,785.81,0.0,0.0,100.0,0.0,1,0.0,0.0,100.0,0.0,1,0.0,0.0,100.0,0.0,1,0.0,0.0,100.0,0.0,0,0.0,0.0,100.0,0.0,0,0.0,0.0,100.0,0.0,0
2026-06-19 12:53:11,786.57,0.0,0.0,100.0,0.0,1,0.0,0.0,100.0,0.0,1,0.0,0.0,100.0,0.0,1,0.0,0.0,100.0,0.0,0,0.0,0.0,100.0,0.0,0,0.0,0.0,100.0,0.0,0
2026-06-19 12:53:12,787.29,0.0,0.0,100.0,0.0,1,0.0,0.0,100.0,0.0,1,0.0,0.0,100.0,0.0,1,0.0,0.0,100.0,0.0,0,0.0,0.0,100.0,0.0,0,0.0,0.0,100.0,0.0,0
2026-06-19 12:53:13,788.03,0.0,0.0,100.0,0.0,1,0.0,0.0,100.0,0.0,1,0.0,0.0,100.0,0.0,1,0.0,0.0,100.0,0.0,0,0.0,0.0,100.0,0.0,0,0.0,0.0,100.0,0.0,0
2026-06-19 12:53:13,788.77,0.0,0.0,100.0,0.0,1,0.0,0.0,100.0,0.0,1,0.0,0.0,100.0,0.0,1,0.0,0.0,100.0,0.0,0,0.0,0.0,100.0,0.0,0,0.0,0.0,100.0,0.0,0
2026-06-19 12:53:14,789.52,0.0,0.0,100.0,0.0,1,0.0,0.0,100.0,0.0,1,0.0,0.0,100.0,0.0,1,0.0,0.0,100.0,0.0,0,0.0,0.0,100.0,0.0,0,0.0,0.0,100.0,0.0,0
2026-06-19 12:53:15,790.24,0.0,0.0,100.0,0.0,1,0.0,0.0,100.0,0.0,1,0.0,0.0,100.0,0.0,1,0.0,0.0,100.0,0.0,0,0.0,0.0,100.0,0.0,0,0.0,0.0,100.0,0.0,0
2026-06-19 12:53:16,790.96,0.0,0.0,100.0,0.0,1,0.0,0.0,100.0,0.0,1,0.0,0.0,100.0,0.0,1,0.0,0.0,100.0,0.0,0,0.0,0.0,100.0,0.0,0,0.0,0.0,100.0,0.0,0
2026-06-19 12:53:16,791.69,0.0,0.0,100.0,0.0,1,0.0,0.0,100.0,0.0,1,0.0,0.0,100.0,0.0,1,0.0,0.0,100.0,0.0,0,0.0,0.0,100.0,0.0,0,0.0,0.0,100.0,0.0,0
2026-06-19 12:53:17,792.42,0.0,0.0,100.0,0.0,1,0.0,0.0,100.0,0.0,1,0.0,0.0,100.0,0.0,1,0.0,0.0,100.0,0.0,0,0.0,0.0,100.0,0.0,0,0.0,0.0,100.0,0.0,0
2026-06-19 12:53:18,793.17,0.0,0.0,100.0,0.0,1,0.0,0.0,100.0,0.0,1,0.0,0.0,100.0,0.0,1,0.0,0.0,100.0,0.0,0,0.0,0.0,100.0,0.0,0,0.0,0.0,100.0,0.0,0
2026-06-19 12:53:18,793.91,0.0,0.0,100.0,0.0,1,0.0,0.0,100.0,0.0,1,0.0,0.0,100.0,0.0,1,0.0,0.0,100.0,0.0,0,0.0,0.0,100.0,0.0,0,0.0,0.0,100.0,0.0,0
2026-06-19 12:53:19,794.68,0.0,0.0,100.0,0.0,1,0.0,0.0,100.0,0.0,1,0.0,0.0,100.0,0.0,1,0.0,0.0,100.0,0.0,0,0.0,0.0,100.0,0.0,0,0.0,0.0,100.0,0.0,0
2026-06-19 12:53:20,795.45,0.0,0.0,100.0,0.0,1,0.0,0.0,100.0,0.0,1,0.0,0.0,100.0,0.0,1,0.0,0.0,100.0,0.0,0,0.0,0.0,100.0,0.0,0,0.0,0.0,100.0,0.0,0
2026-06-19 12:53:21,796.19,0.0,0.0,100.0,0.0,1,0.0,0.0,100.0,0.0,1,0.0,0.0,100.0,0.0,1,0.0,0.0,100.0,0.0,0,0.0,0.0,100.0,0.0,0,0.0,0.0,100.0,0.0,0
2026-06-19 12:53:22,796.94,0.0,0.0,100.0,0.0,1,0.0,0.0,100.0,0.0,1,0.0,0.0,100.0,0.0,1,0.0,0.0,100.0,0.0,0,0.0,0.0,100.0,0.0,0,0.0,0.0,100.0,0.0,0
2026-06-19 12:53:22,797.68,0.0,0.0,100.0,0.0,1,0.0,0.0,100.0,0.0,1,0.0,0.0,100.0,0.0,1,0.0,0.0,100.0,0.0,0,0.0,0.0,100.0,0.0,0,0.0,0.0,100.0,0.0,0
2026-06-19 12:53:23,798.42,0.0,0.0,100.0,0.0,1,0.0,0.0,100.0,0.0,1,0.0,0.0,100.0,0.0,1,0.0,0.0,100.0,0.0,0,0.0,0.0,100.0,0.0,0,0.0,0.0,100.0,0.0,0
2026-06-19 12:53:24,799.14,0.0,0.0,100.0,0.0,1,0.0,0.0,100.0,0.0,1,0.0,0.0,100.0,0.0,1,0.0,0.0,100.0,0.0,0,0.0,0.0,100.0,0.0,0,0.0,0.0,100.0,0.0,0
2026-06-19 12:53:24,799.91,0.0,0.0,100.0,0.0,1,0.0,0.0,100.0,0.0,1,0.0,0.0,100.0,0.0,1,0.0,0.0,100.0,0.0,0,0.0,0.0,100.0,0.0,0,0.0,0.0,100.0,0.0,0
2026-06-19 12:53:25,800.63,0.0,0.0,100.0,0.0,1,0.0,0.0,100.0,0.0,1,0.0,0.0,100.0,0.0,1,0.0,0.0,100.0,0.0,0,0.0,0.0,100.0,0.0,0,0.0,0.0,100.0,0.0,0
2026-06-19 12:53:26,801.35,0.0,0.0,100.0,0.0,1,0.0,0.0,100.0,0.0,1,0.0,0.0,100.0,0.0,1,0.0,0.0,100.0,0.0,0,0.0,0.0,100.0,0.0,0,0.0,0.0,100.0,0.0,0
2026-06-19 12:53:27,802.07,0.0,0.0,100.0,0.0,1,0.0,0.0,100.0,0.0,1,0.0,0.0,100.0,0.0,1,0.0,0.0,100.0,0.0,0,0.0,0.0,100.0,0.0,0,0.0,0.0,100.0,0.0,0
2026-06-19 12:53:27,802.81,0.0,0.0,100.0,0.0,1,0.0,0.0,100.0,0.0,1,0.0,0.0,100.0,0.0,1,0.0,0.0,100.0,0.0,0,0.0,0.0,100.0,0.0,0,0.0,0.0,100.0,0.0,0
2026-06-19 12:53:28,803.57,0.0,0.0,100.0,0.0,1,0.0,0.0,100.0,0.0,1,0.0,0.0,100.0,0.0,1,0.0,0.0,100.0,0.0,0,0.0,0.0,100.0,0.0,0,0.0,0.0,100.0,0.0,0
2026-06-19 12:53:29,804.29,0.0,0.0,100.0,0.0,1,0.0,0.0,100.0,0.0,1,0.0,0.0,100.0,0.0,1,0.0,0.0,100.0,0.0,0,0.0,0.0,100.0,0.0,0,0.0,0.0,100.0,0.0,0
2026-06-19 12:53:30,805.02,0.0,0.0,100.0,0.0,1,0.0,0.0,100.0,0.0,1,0.0,0.0,100.0,0.0,1,0.0,0.0,100.0,0.0,0,0.0,0.0,100.0,0.0,0,0.0,0.0,100.0,0.0,0
2026-06-19 12:53:30,805.78,0.0,0.0,100.0,0.0,1,0.0,0.0,100.0,0.0,1,0.0,0.0,100.0,0.0,1,0.0,0.0,100.0,0.0,0,0.0,0.0,100.0,0.0,0,0.0,0.0,100.0,0.0,0
2026-06-19 12:53:31,806.53,0.0,0.0,100.0,0.0,1,0.0,0.0,100.0,0.0,1,0.0,0.0,100.0,0.0,1,0.0,0.0,100.0,0.0,0,0.0,0.0,100.0,0.0,0,0.0,0.0,100.0,0.0,0
2026-06-19 12:53:32,807.26,0.0,0.0,100.0,0.0,1,0.0,0.0,100.0,0.0,1,0.0,0.0,100.0,0.0,1,0.0,0.0,100.0,0.0,0,0.0,0.0,100.0,0.0,0,0.0,0.0,100.0,0.0,0
2026-06-19 12:53:33,807.99,0.0,0.0,100.0,0.0,1,0.0,0.0,100.0,0.0,1,0.0,0.0,100.0,0.0,1,0.0,0.0,100.0,0.0,0,0.0,0.0,100.0,0.0,0,0.0,0.0,100.0,0.0,0
2026-06-19 12:53:33,808.73,0.0,0.0,100.0,0.0,1,0.0,0.0,100.0,0.0,1,0.0,0.0,100.0,0.0,1,0.0,0.0,100.0,0.0,0,0.0,0.0,100.0,0.0,0,0.0,0.0,100.0,0.0,0
2026-06-19 12:53:34,809.46,0.0,0.0,100.0,0.0,1,0.0,0.0,100.0,0.0,1,0.0,0.0,100.0,0.0,1,0.0,0.0,100.0,0.0,0,0.0,0.0,100.0,0.0,0,0.0,0.0,100.0,0.0,0
2026-06-19 12:53:35,810.19,0.0,0.0,100.0,0.0,1,0.0,0.0,100.0,0.0,1,0.0,0.0,100.0,0.0,1,0.0,0.0,100.0,0.0,0,0.0,0.0,100.0,0.0,0,0.0,0.0,100.0,0.0,0
2026-06-19 12:53:35,810.92,0.0,0.0,100.0,0.0,1,0.0,0.0,100.0,0.0,1,0.0,0.0,100.0,0.0,1,0.0,0.0,100.0,0.0,0,0.0,0.0,100.0,0.0,0,0.0,0.0,100.0,0.0,0
2026-06-19 12:53:36,811.65,0.0,0.0,100.0,0.0,1,0.0,0.0,100.0,0.0,1,0.0,0.0,100.0,0.0,1,0.0,0.0,100.0,0.0,0,0.0,0.0,100.0,0.0,0,0.0,0.0,100.0,0.0,0
2026-06-19 12:53:37,812.39,0.0,0.0,100.0,0.0,1,0.0,0.0,100.0,0.0,1,0.0,0.0,100.0,0.0,1,0.0,0.0,100.0,0.0,0,0.0,0.0,100.0,0.0,0,0.0,0.0,100.0,0.0,0
2026-06-19 12:53:38,813.13,0.0,0.0,100.0,0.0,1,0.0,0.0,100.0,0.0,1,0.0,0.0,100.0,0.0,1,0.0,0.0,100.0,0.0,0,0.0,0.0,100.0,0.0,0,0.0,0.0,100.0,0.0,0
2026-06-19 12:53:38,813.86,0.0,0.0,100.0,0.0,1,0.0,0.0,100.0,0.0,1,0.0,0.0,100.0,0.0,1,0.0,0.0,100.0,0.0,0,0.0,0.0,100.0,0.0,0,0.0,0.0,100.0,0.0,0
2026-06-19 12:53:39,814.59,0.0,0.0,100.0,0.0,1,0.0,0.0,100.0,0.0,1,0.0,0.0,100.0,0.0,1,0.0,0.0,100.0,0.0,0,0.0,0.0,100.0,0.0,0,0.0,0.0,100.0,0.0,0
2026-06-19 12:53:40,815.3,0.0,0.0,100.0,0.0,1,0.0,0.0,100.0,0.0,1,0.0,0.0,100.0,0.0,1,0.0,0.0,100.0,0.0,0,0.0,0.0,100.0,0.0,0,0.0,0.0,100.0,0.0,0
2026-06-19 12:53:41,816.03,0.0,0.0,100.0,0.0,1,0.0,0.0,100.0,0.0,1,0.0,0.0,100.0,0.0,1,0.0,0.0,100.0,0.0,0,0.0,0.0,100.0,0.0,0,0.0,0.0,100.0,0.0,0
2026-06-19 12:53:41,816.76,0.0,0.0,100.0,0.0,1,0.0,0.0,100.0,0.0,1,0.0,0.0,100.0,0.0,1,0.0,0.0,100.0,0.0,0,0.0,0.0,100.0,0.0,0,0.0,0.0,100.0,0.0,0
2026-06-19 12:53:42,817.49,0.0,0.0,100.0,0.0,1,0.0,0.0,100.0,0.0,1,0.0,0.0,100.0,0.0,1,0.0,0.0,100.0,0.0,0,0.0,0.0,100.0,0.0,0,0.0,0.0,100.0,0.0,0
2026-06-19 12:53:43,818.2,0.0,0.0,100.0,0.0,1,0.0,0.0,100.0,0.0,1,0.0,0.0,100.0,0.0,1,0.0,0.0,100.0,0.0,0,0.0,0.0,100.0,0.0,0,0.0,0.0,100.0,0.0,0
2026-06-19 12:53:43,818.93,0.0,0.0,100.0,0.0,1,0.0,0.0,100.0,0.0,1,0.0,0.0,100.0,0.0,1,0.0,0.0,100.0,0.0,0,0.0,0.0,100.0,0.0,0,0.0,0.0,100.0,0.0,0
2026-06-19 12:53:44,819.66,0.0,0.0,100.0,0.0,1,0.0,0.0,100.0,0.0,1,0.0,0.0,100.0,0.0,1,0.0,0.0,100.0,0.0,0,0.0,0.0,100.0,0.0,0,0.0,0.0,100.0,0.0,0
2026-06-19 12:53:45,820.4,0.0,0.0,100.0,0.0,1,0.0,0.0,100.0,0.0,1,0.0,0.0,100.0,0.0,1,0.0,0.0,100.0,0.0,0,0.0,0.0,100.0,0.0,0,0.0,0.0,100.0,0.0,0
2026-06-19 12:53:46,821.13,0.0,0.0,100.0,0.0,1,0.0,0.0,100.0,0.0,1,0.0,0.0,100.0,0.0,1,0.0,0.0,100.0,0.0,0,0.0,0.0,100.0,0.0,0,0.0,0.0,100.0,0.0,0
2026-06-19 12:53:46,821.84,0.0,0.0,100.0,0.0,1,0.0,0.0,100.0,0.0,1,0.0,0.0,100.0,0.0,1,0.0,0.0,100.0,0.0,0,0.0,0.0,100.0,0.0,0,0.0,0.0,100.0,0.0,0
2026-06-19 12:53:47,822.59,0.0,0.0,100.0,0.0,1,0.0,0.0,100.0,0.0,1,0.0,0.0,100.0,0.0,1,0.0,0.0,100.0,0.0,0,0.0,0.0,100.0,0.0,0,0.0,0.0,100.0,0.0,0
2026-06-19 12:53:48,823.34,0.0,0.0,100.0,0.0,1,0.0,0.0,100.0,0.0,1,0.0,0.0,100.0,0.0,1,0.0,0.0,100.0,0.0,0,0.0,0.0,100.0,0.0,0,0.0,0.0,100.0,0.0,0
2026-06-19 12:53:49,824.1,0.0,0.0,100.0,0.0,1,0.0,0.0,100.0,0.0,1,0.0,0.0,100.0,0.0,1,0.0,0.0,100.0,0.0,0,0.0,0.0,100.0,0.0,0,0.0,0.0,100.0,0.0,0
2026-06-19 12:53:49,824.85,0.0,0.0,100.0,0.0,1,0.0,0.0,100.0,0.0,1,0.0,0.0,100.0,0.0,1,0.0,0.0,100.0,0.0,0,0.0,0.0,100.0,0.0,0,0.0,0.0,100.0,0.0,0
2026-06-19 12:53:50,825.59,0.0,0.0,100.0,0.0,1,0.0,0.0,100.0,0.0,1,0.0,0.0,100.0,0.0,1,0.0,0.0,100.0,0.0,0,0.0,0.0,100.0,0.0,0,0.0,0.0,100.0,0.0,0
2026-06-19 12:53:51,826.3,0.0,0.0,100.0,0.0,1,0.0,0.0,100.0,0.0,1,0.0,0.0,100.0,0.0,1,0.0,0.0,100.0,0.0,0,0.0,0.0,100.0,0.0,0,0.0,0.0,100.0,0.0,0
2026-06-19 12:53:52,827.04,0.0,0.0,100.0,0.0,1,0.0,0.0,100.0,0.0,1,0.0,0.0,100.0,0.0,1,0.0,0.0,100.0,0.0,0,0.0,0.0,100.0,0.0,0,0.0,0.0,100.0,0.0,0
2026-06-19 12:53:52,827.76,0.0,0.0,100.0,0.0,1,0.0,0.0,100.0,0.0,1,0.0,0.0,100.0,0.0,1,0.0,0.0,100.0,0.0,0,0.0,0.0,100.0,0.0,0,0.0,0.0,100.0,0.0,0
2026-06-19 12:53:53,828.5,0.0,0.0,100.0,0.0,1,0.0,0.0,100.0,0.0,1,0.0,0.0,100.0,0.0,1,0.0,0.0,100.0,0.0,0,0.0,0.0,100.0,0.0,0,0.0,0.0,100.0,0.0,0
2026-06-19 12:53:54,829.21,0.0,0.0,100.0,0.0,1,0.0,0.0,100.0,0.0,1,0.0,0.0,100.0,0.0,1,0.0,0.0,100.0,0.0,0,0.0,0.0,100.0,0.0,0,0.0,0.0,100.0,0.0,0
2026-06-19 12:53:55,829.94,0.0,0.0,100.0,0.0,1,0.0,0.0,100.0,0.0,1,0.0,0.0,100.0,0.0,1,0.0,0.0,100.0,0.0,0,0.0,0.0,100.0,0.0,0,0.0,0.0,100.0,0.0,0
2026-06-19 12:53:55,830.67,0.0,0.0,100.0,0.0,1,0.0,0.0,100.0,0.0,1,0.0,0.0,100.0,0.0,1,0.0,0.0,100.0,0.0,0,0.0,0.0,100.0,0.0,0,0.0,0.0,100.0,0.0,0
2026-06-19 12:53:56,831.4,0.0,0.0,100.0,0.0,1,0.0,0.0,100.0,0.0,1,0.0,0.0,100.0,0.0,1,0.0,0.0,100.0,0.0,0,0.0,0.0,100.0,0.0,0,0.0,0.0,100.0,0.0,0
2026-06-19 12:53:57,832.13,0.0,0.0,100.0,0.0,1,0.0,0.0,100.0,0.0,1,0.0,0.0,100.0,0.0,1,0.0,0.0,100.0,0.0,0,0.0,0.0,100.0,0.0,0,0.0,0.0,100.0,0.0,0
2026-06-19 12:53:57,832.87,0.0,0.0,100.0,0.0,1,0.0,0.0,100.0,0.0,1,0.0,0.0,100.0,0.0,1,0.0,0.0,100.0,0.0,0,0.0,0.0,100.0,0.0,0,0.0,0.0,100.0,0.0,0
2026-06-19 12:53:58,833.63,0.0,0.0,100.0,0.0,1,0.0,0.0,100.0,0.0,1,0.0,0.0,100.0,0.0,1,0.0,0.0,100.0,0.0,0,0.0,0.0,100.0,0.0,0,0.0,0.0,100.0,0.0,0
2026-06-19 12:53:59,834.34,0.0,0.0,100.0,0.0,1,0.0,0.0,100.0,0.0,1,0.0,0.0,100.0,0.0,1,0.0,0.0,100.0,0.0,0,0.0,0.0,100.0,0.0,0,0.0,0.0,100.0,0.0,0
2026-06-19 12:54:00,835.11,0.0,0.0,100.0,0.0,1,0.0,0.0,100.0,0.0,1,0.0,0.0,100.0,0.0,1,0.0,0.0,100.0,0.0,0,0.0,0.0,100.0,0.0,0,0.0,0.0,100.0,0.0,0
2026-06-19 12:54:00,835.83,0.0,0.0,100.0,0.0,1,0.0,0.0,100.0,0.0,1,0.0,0.0,100.0,0.0,1,0.0,0.0,100.0,0.0,0,0.0,0.0,100.0,0.0,0,0.0,0.0,100.0,0.0,0
2026-06-19 12:54:01,836.6,0.0,0.0,100.0,0.0,1,0.0,0.0,100.0,0.0,1,0.0,0.0,100.0,0.0,1,0.0,0.0,100.0,0.0,0,0.0,0.0,100.0,0.0,0,0.0,0.0,100.0,0.0,0
2026-06-19 12:54:02,837.34,0.0,0.0,100.0,0.0,1,0.0,0.0,100.0,0.0,1,0.0,0.0,100.0,0.0,1,0.0,0.0,100.0,0.0,0,0.0,0.0,100.0,0.0,0,0.0,0.0,100.0,0.0,0
2026-06-19 12:54:03,838.07,0.0,0.0,100.0,0.0,1,0.0,0.0,100.0,0.0,1,0.0,0.0,100.0,0.0,1,0.0,0.0,100.0,0.0,0,0.0,0.0,100.0,0.0,0,0.0,0.0,100.0,0.0,0
2026-06-19 12:54:03,838.82,0.0,0.0,100.0,0.0,1,0.0,0.0,100.0,0.0,1,0.0,0.0,100.0,0.0,1,0.0,0.0,100.0,0.0,0,0.0,0.0,100.0,0.0,0,0.0,0.0,100.0,0.0,0
2026-06-19 12:54:04,839.55,0.0,0.0,100.0,0.0,1,0.0,0.0,100.0,0.0,1,0.0,0.0,100.0,0.0,1,0.0,0.0,100.0,0.0,0,0.0,0.0,100.0,0.0,0,0.0,0.0,100.0,0.0,0
2026-06-19 12:54:05,840.29,0.0,0.0,100.0,0.0,1,0.0,0.0,100.0,0.0,1,0.0,0.0,100.0,0.0,1,0.0,0.0,100.0,0.0,0,0.0,0.0,100.0,0.0,0,0.0,0.0,100.0,0.0,0
2026-06-19 12:54:06,841.04,0.0,0.0,100.0,0.0,1,0.0,0.0,100.0,0.0,1,0.0,0.0,100.0,0.0,1,0.0,0.0,100.0,0.0,0,0.0,0.0,100.0,0.0,0,0.0,0.0,100.0,0.0,0
2026-06-19 12:54:06,841.77,0.0,0.0,100.0,0.0,1,0.0,0.0,100.0,0.0,1,0.0,0.0,100.0,0.0,1,0.0,0.0,100.0,0.0,0,0.0,0.0,100.0,0.0,0,0.0,0.0,100.0,0.0,0
2026-06-19 12:54:07,842.54,0.0,0.0,100.0,0.0,1,0.0,0.0,100.0,0.0,1,0.0,0.0,100.0,0.0,1,0.0,0.0,100.0,0.0,0,0.0,0.0,100.0,0.0,0,0.0,0.0,100.0,0.0,0
2026-06-19 12:54:08,843.31,0.0,0.0,100.0,0.0,1,0.0,0.0,100.0,0.0,1,0.0,0.0,100.0,0.0,1,0.0,0.0,100.0,0.0,0,0.0,0.0,100.0,0.0,0,0.0,0.0,100.0,0.0,0
2026-06-19 12:54:09,844.03,0.0,0.0,100.0,0.0,1,0.0,0.0,100.0,0.0,1,0.0,0.0,100.0,0.0,1,0.0,0.0,100.0,0.0,0,0.0,0.0,100.0,0.0,0,0.0,0.0,100.0,0.0,0
2026-06-19 12:54:09,844.79,0.0,0.0,100.0,0.0,1,0.0,0.0,100.0,0.0,1,0.0,0.0,100.0,0.0,1,0.0,0.0,100.0,0.0,0,0.0,0.0,100.0,0.0,0,0.0,0.0,100.0,0.0,0
2026-06-19 12:54:10,845.53,0.0,0.0,100.0,0.0,1,0.0,0.0,100.0,0.0,1,0.0,0.0,100.0,0.0,1,0.0,0.0,100.0,0.0,0,0.0,0.0,100.0,0.0,0,0.0,0.0,100.0,0.0,0
2026-06-19 12:54:11,846.25,0.0,0.0,100.0,0.0,1,0.0,0.0,100.0,0.0,1,0.0,0.0,100.0,0.0,1,0.0,0.0,100.0,0.0,0,0.0,0.0,100.0,0.0,0,0.0,0.0,100.0,0.0,0
2026-06-19 12:54:12,846.97,0.0,0.0,100.0,0.0,1,0.0,0.0,100.0,0.0,1,0.0,0.0,100.0,0.0,1,0.0,0.0,100.0,0.0,0,0.0,0.0,100.0,0.0,0,0.0,0.0,100.0,0.0,0
2026-06-19 12:54:12,847.71,0.0,0.0,100.0,0.0,1,0.0,0.0,100.0,0.0,1,0.0,0.0,100.0,0.0,1,0.0,0.0,100.0,0.0,0,0.0,0.0,100.0,0.0,0,0.0,0.0,100.0,0.0,0
2026-06-19 12:54:13,848.52,0.0,0.0,100.0,0.0,1,0.0,0.0,100.0,0.0,1,0.0,0.0,100.0,0.0,1,0.0,0.0,100.0,0.0,0,0.0,0.0,100.0,0.0,0,0.0,0.0,100.0,0.0,0
2026-06-19 12:54:14,849.3,0.0,0.0,100.0,0.0,1,0.0,0.0,100.0,0.0,1,0.0,0.0,100.0,0.0,1,0.0,0.0,100.0,0.0,0,0.0,0.0,100.0,0.0,0,0.0,0.0,100.0,0.0,0
2026-06-19 12:54:15,850.07,0.0,0.0,100.0,0.0,1,0.0,0.0,100.0,0.0,1,0.0,0.0,100.0,0.0,1,0.0,0.0,100.0,0.0,0,0.0,0.0,100.0,0.0,0,0.0,0.0,100.0,0.0,0
2026-06-19 12:54:15,850.84,0.0,0.0,100.0,0.0,1,0.0,0.0,100.0,0.0,1,0.0,0.0,100.0,0.0,1,0.0,0.0,100.0,0.0,0,0.0,0.0,100.0,0.0,0,0.0,0.0,100.0,0.0,0
2026-06-19 12:54:16,851.57,0.0,0.0,100.0,0.0,1,0.0,0.0,100.0,0.0,1,0.0,0.0,100.0,0.0,1,0.0,0.0,100.0,0.0,0,0.0,0.0,100.0,0.0,0,0.0,0.0,100.0,0.0,0
2026-06-19 12:54:17,852.34,0.0,0.0,100.0,0.0,1,0.0,0.0,100.0,0.0,1,0.0,0.0,100.0,0.0,1,0.0,0.0,100.0,0.0,0,0.0,0.0,100.0,0.0,0,0.0,0.0,100.0,0.0,0
2026-06-19 12:54:18,853.07,0.0,0.0,100.0,0.0,1,0.0,0.0,100.0,0.0,1,0.0,0.0,100.0,0.0,1,0.0,0.0,100.0,0.0,0,0.0,0.0,100.0,0.0,0,0.0,0.0,100.0,0.0,0
2026-06-19 12:54:18,853.81,0.0,0.0,100.0,0.0,1,0.0,0.0,100.0,0.0,1,0.0,0.0,100.0,0.0,1,0.0,0.0,100.0,0.0,0,0.0,0.0,100.0,0.0,0,0.0,0.0,100.0,0.0,0
2026-06-19 12:54:19,854.53,0.0,0.0,100.0,0.0,1,0.0,0.0,100.0,0.0,1,0.0,0.0,100.0,0.0,1,0.0,0.0,100.0,0.0,0,0.0,0.0,100.0,0.0,0,0.0,0.0,100.0,0.0,0
2026-06-19 12:54:20,855.24,0.0,0.0,100.0,0.0,1,0.0,0.0,100.0,0.0,1,0.0,0.0,100.0,0.0,1,0.0,0.0,100.0,0.0,0,0.0,0.0,100.0,0.0,0,0.0,0.0,100.0,0.0,0
2026-06-19 12:54:21,855.98,0.0,0.0,100.0,0.0,1,0.0,0.0,100.0,0.0,1,0.0,0.0,100.0,0.0,1,0.0,0.0,100.0,0.0,0,0.0,0.0,100.0,0.0,0,0.0,0.0,100.0,0.0,0
2026-06-19 12:54:21,856.71,0.0,0.0,100.0,0.0,1,0.0,0.0,100.0,0.0,1,0.0,0.0,100.0,0.0,1,0.0,0.0,100.0,0.0,0,0.0,0.0,100.0,0.0,0,0.0,0.0,100.0,0.0,0
2026-06-19 12:54:22,857.44,0.0,0.0,100.0,0.0,1,0.0,0.0,100.0,0.0,1,0.0,0.0,100.0,0.0,1,0.0,0.0,100.0,0.0,0,0.0,0.0,100.0,0.0,0,0.0,0.0,100.0,0.0,0
2026-06-19 12:54:23,858.17,0.0,0.0,100.0,0.0,1,0.0,0.0,100.0,0.0,1,0.0,0.0,100.0,0.0,1,0.0,0.0,100.0,0.0,0,0.0,0.0,100.0,0.0,0,0.0,0.0,100.0,0.0,0
2026-06-19 12:54:23,858.93,0.0,0.0,100.0,0.0,1,0.0,0.0,100.0,0.0,1,0.0,0.0,100.0,0.0,1,0.0,0.0,100.0,0.0,0,0.0,0.0,100.0,0.0,0,0.0,0.0,100.0,0.0,0
2026-06-19 12:54:24,859.65,0.0,0.0,100.0,0.0,1,0.0,0.0,100.0,0.0,1,0.0,0.0,100.0,0.0,1,0.0,0.0,100.0,0.0,0,0.0,0.0,100.0,0.0,0,0.0,0.0,100.0,0.0,0
2026-06-19 12:54:25,860.41,0.0,0.0,100.0,0.0,1,0.0,0.0,100.0,0.0,1,0.0,0.0,100.0,0.0,1,0.0,0.0,100.0,0.0,0,0.0,0.0,100.0,0.0,0,0.0,0.0,100.0,0.0,0
2026-06-19 12:54:26,861.13,0.0,0.0,100.0,0.0,1,0.0,0.0,100.0,0.0,1,0.0,0.0,100.0,0.0,1,0.0,0.0,100.0,0.0,0,0.0,0.0,100.0,0.0,0,0.0,0.0,100.0,0.0,0
2026-06-19 12:54:26,861.88,0.0,0.0,100.0,0.0,1,0.0,0.0,100.0,0.0,1,0.0,0.0,100.0,0.0,1,0.0,0.0,100.0,0.0,0,0.0,0.0,100.0,0.0,0,0.0,0.0,100.0,0.0,0
2026-06-19 12:54:27,862.6,0.0,0.0,100.0,0.0,1,0.0,0.0,100.0,0.0,1,0.0,0.0,100.0,0.0,1,0.0,0.0,100.0,0.0,0,0.0,0.0,100.0,0.0,0,0.0,0.0,100.0,0.0,0
2026-06-19 12:54:28,863.31,0.0,0.0,100.0,0.0,1,0.0,0.0,100.0,0.0,1,0.0,0.0,100.0,0.0,1,0.0,0.0,100.0,0.0,0,0.0,0.0,100.0,0.0,0,0.0,0.0,100.0,0.0,0
2026-06-19 12:54:29,864.05,0.0,0.0,100.0,0.0,1,0.0,0.0,100.0,0.0,1,0.0,0.0,100.0,0.0,1,0.0,0.0,100.0,0.0,0,0.0,0.0,100.0,0.0,0,0.0,0.0,100.0,0.0,0
2026-06-19 12:54:29,864.82,0.0,0.0,100.0,0.0,1,0.0,0.0,100.0,0.0,1,0.0,0.0,100.0,0.0,1,0.0,0.0,100.0,0.0,0,0.0,0.0,100.0,0.0,0,0.0,0.0,100.0,0.0,0
2026-06-19 12:54:30,865.55,0.0,0.0,100.0,0.0,1,0.0,0.0,100.0,0.0,1,0.0,0.0,100.0,0.0,1,0.0,0.0,100.0,0.0,0,0.0,0.0,100.0,0.0,0,0.0,0.0,100.0,0.0,0
2026-06-19 12:54:31,866.28,0.0,0.0,100.0,0.0,1,0.0,0.0,100.0,0.0,1,0.0,0.0,100.0,0.0,1,0.0,0.0,100.0,0.0,0,0.0,0.0,100.0,0.0,0,0.0,0.0,100.0,0.0,0
2026-06-19 12:54:32,867.01,0.0,0.0,100.0,0.0,1,0.0,0.0,100.0,0.0,1,0.0,0.0,100.0,0.0,1,0.0,0.0,100.0,0.0,0,0.0,0.0,100.0,0.0,0,0.0,0.0,100.0,0.0,0
2026-06-19 12:54:32,867.73,0.0,0.0,100.0,0.0,1,0.0,0.0,100.0,0.0,1,0.0,0.0,100.0,0.0,1,0.0,0.0,100.0,0.0,0,0.0,0.0,100.0,0.0,0,0.0,0.0,100.0,0.0,0
2026-06-19 12:54:33,868.5,0.0,0.0,100.0,0.0,1,0.0,0.0,100.0,0.0,1,0.0,0.0,100.0,0.0,1,0.0,0.0,100.0,0.0,0,0.0,0.0,100.0,0.0,0,0.0,0.0,100.0,0.0,0
2026-06-19 12:54:34,869.24,0.0,0.0,100.0,0.0,1,0.0,0.0,100.0,0.0,1,0.0,0.0,100.0,0.0,1,0.0,0.0,100.0,0.0,0,0.0,0.0,100.0,0.0,0,0.0,0.0,100.0,0.0,0
2026-06-19 12:54:35,869.98,0.0,0.0,100.0,0.0,1,0.0,0.0,100.0,0.0,1,0.0,0.0,100.0,0.0,1,0.0,0.0,100.0,0.0,0,0.0,0.0,100.0,0.0,0,0.0,0.0,100.0,0.0,0
2026-06-19 12:54:35,870.75,0.0,0.0,100.0,0.0,1,0.0,0.0,100.0,0.0,1,0.0,0.0,100.0,0.0,1,0.0,0.0,100.0,0.0,0,0.0,0.0,100.0,0.0,0,0.0,0.0,100.0,0.0,0
2026-06-19 12:54:36,871.48,0.0,0.0,100.0,0.0,1,0.0,0.0,100.0,0.0,1,0.0,0.0,100.0,0.0,1,0.0,0.0,100.0,0.0,0,0.0,0.0,100.0,0.0,0,0.0,0.0,100.0,0.0,0
2026-06-19 12:54:37,872.22,0.0,0.0,100.0,0.0,1,0.0,0.0,100.0,0.0,1,0.0,0.0,100.0,0.0,1,0.0,0.0,100.0,0.0,0,0.0,0.0,100.0,0.0,0,0.0,0.0,100.0,0.0,0
2026-06-19 12:54:38,872.99,0.0,0.0,100.0,0.0,1,0.0,0.0,100.0,0.0,1,0.0,0.0,100.0,0.0,1,0.0,0.0,100.0,0.0,0,0.0,0.0,100.0,0.0,0,0.0,0.0,100.0,0.0,0
2026-06-19 12:54:38,873.74,0.0,0.0,100.0,0.0,1,0.0,0.0,100.0,0.0,1,0.0,0.0,100.0,0.0,1,0.0,0.0,100.0,0.0,0,0.0,0.0,100.0,0.0,0,0.0,0.0,100.0,0.0,0
2026-06-19 12:54:39,874.48,0.0,0.0,100.0,0.0,1,0.0,0.0,100.0,0.0,1,0.0,0.0,100.0,0.0,1,0.0,0.0,100.0,0.0,0,0.0,0.0,100.0,0.0,0,0.0,0.0,100.0,0.0,0
2026-06-19 12:54:40,875.24,0.0,0.0,100.0,0.0,1,0.0,0.0,100.0,0.0,1,0.0,0.0,100.0,0.0,1,0.0,0.0,100.0,0.0,0,0.0,0.0,100.0,0.0,0,0.0,0.0,100.0,0.0,0
2026-06-19 12:54:41,875.98,0.0,0.0,100.0,0.0,1,0.0,0.0,100.0,0.0,1,0.0,0.0,100.0,0.0,1,0.0,0.0,100.0,0.0,0,0.0,0.0,100.0,0.0,0,0.0,0.0,100.0,0.0,0
2026-06-19 12:54:41,876.74,0.0,0.0,100.0,0.0,1,0.0,0.0,100.0,0.0,1,0.0,0.0,100.0,0.0,1,0.0,0.0,100.0,0.0,0,0.0,0.0,100.0,0.0,0,0.0,0.0,100.0,0.0,0
2026-06-19 12:54:42,877.48,0.0,0.0,100.0,0.0,1,0.0,0.0,100.0,0.0,1,0.0,0.0,100.0,0.0,1,0.0,0.0,100.0,0.0,0,0.0,0.0,100.0,0.0,0,0.0,0.0,100.0,0.0,0
2026-06-19 12:54:43,878.21,0.0,0.0,100.0,0.0,1,0.0,0.0,100.0,0.0,1,0.0,0.0,100.0,0.0,1,0.0,0.0,100.0,0.0,0,0.0,0.0,100.0,0.0,0,0.0,0.0,100.0,0.0,0
2026-06-19 12:54:44,878.93,0.0,0.0,100.0,0.0,1,0.0,0.0,100.0,0.0,1,0.0,0.0,100.0,0.0,1,0.0,0.0,100.0,0.0,0,0.0,0.0,100.0,0.0,0,0.0,0.0,100.0,0.0,0
2026-06-19 12:54:44,879.68,0.0,0.0,100.0,0.0,1,0.0,0.0,100.0,0.0,1,0.0,0.0,100.0,0.0,1,0.0,0.0,100.0,0.0,0,0.0,0.0,100.0,0.0,0,0.0,0.0,100.0,0.0,0
2026-06-19 12:54:45,880.42,0.0,0.0,100.0,0.0,1,0.0,0.0,100.0,0.0,1,0.0,0.0,100.0,0.0,1,0.0,0.0,100.0,0.0,0,0.0,0.0,100.0,0.0,0,0.0,0.0,100.0,0.0,0
2026-06-19 12:54:46,881.18,0.0,0.0,100.0,0.0,1,0.0,0.0,100.0,0.0,1,0.0,0.0,100.0,0.0,1,0.0,0.0,100.0,0.0,0,0.0,0.0,100.0,0.0,0,0.0,0.0,100.0,0.0,0
2026-06-19 12:54:47,881.94,0.0,0.0,100.0,0.0,1,0.0,0.0,100.0,0.0,1,0.0,0.0,100.0,0.0,1,0.0,0.0,100.0,0.0,0,0.0,0.0,100.0,0.0,0,0.0,0.0,100.0,0.0,0
2026-06-19 12:54:47,882.68,0.0,0.0,100.0,0.0,1,0.0,0.0,100.0,0.0,1,0.0,0.0,100.0,0.0,1,0.0,0.0,100.0,0.0,0,0.0,0.0,100.0,0.0,0,0.0,0.0,100.0,0.0,0
2026-06-19 12:54:48,883.43,0.0,0.0,100.0,0.0,1,0.0,0.0,100.0,0.0,1,0.0,0.0,100.0,0.0,1,0.0,0.0,100.0,0.0,0,0.0,0.0,100.0,0.0,0,0.0,0.0,100.0,0.0,0
2026-06-19 12:54:49,884.17,0.0,0.0,100.0,0.0,1,0.0,0.0,100.0,0.0,1,0.0,0.0,100.0,0.0,1,0.0,0.0,100.0,0.0,0,0.0,0.0,100.0,0.0,0,0.0,0.0,100.0,0.0,0
2026-06-19 12:54:50,884.95,0.0,0.0,100.0,0.0,1,0.0,0.0,100.0,0.0,1,0.0,0.0,100.0,0.0,1,0.0,0.0,100.0,0.0,0,0.0,0.0,100.0,0.0,0,0.0,0.0,100.0,0.0,0
2026-06-19 12:54:50,885.76,0.0,0.0,100.0,0.0,1,0.0,0.0,100.0,0.0,1,0.0,0.0,100.0,0.0,1,0.0,0.0,100.0,0.0,0,0.0,0.0,100.0,0.0,0,0.0,0.0,100.0,0.0,0
2026-06-19 12:54:51,886.49,0.0,0.0,100.0,0.0,1,0.0,0.0,100.0,0.0,1,0.0,0.0,100.0,0.0,1,0.0,0.0,100.0,0.0,0,0.0,0.0,100.0,0.0,0,0.0,0.0,100.0,0.0,0
2026-06-19 12:54:52,887.21,0.0,0.0,100.0,0.0,1,0.0,0.0,100.0,0.0,1,0.0,0.0,100.0,0.0,1,0.0,0.0,100.0,0.0,0,0.0,0.0,100.0,0.0,0,0.0,0.0,100.0,0.0,0
2026-06-19 12:54:53,887.95,0.0,0.0,100.0,0.0,1,0.0,0.0,100.0,0.0,1,0.0,0.0,100.0,0.0,1,0.0,0.0,100.0,0.0,0,0.0,0.0,100.0,0.0,0,0.0,0.0,100.0,0.0,0
2026-06-19 12:54:53,888.69,0.0,0.0,100.0,0.0,1,0.0,0.0,100.0,0.0,1,0.0,0.0,100.0,0.0,1,0.0,0.0,100.0,0.0,0,0.0,0.0,100.0,0.0,0,0.0,0.0,100.0,0.0,0
2026-06-19 12:54:54,889.43,0.0,0.0,100.0,0.0,1,0.0,0.0,100.0,0.0,1,0.0,0.0,100.0,0.0,1,0.0,0.0,100.0,0.0,0,0.0,0.0,100.0,0.0,0,0.0,0.0,100.0,0.0,0
2026-06-19 12:54:55,890.14,0.0,0.0,100.0,0.0,1,0.0,0.0,100.0,0.0,1,0.0,0.0,100.0,0.0,1,0.0,0.0,100.0,0.0,0,0.0,0.0,100.0,0.0,0,0.0,0.0,100.0,0.0,0
2026-06-19 12:54:55,890.89,0.0,0.0,100.0,0.0,1,0.0,0.0,100.0,0.0,1,0.0,0.0,100.0,0.0,1,0.0,0.0,100.0,0.0,0,0.0,0.0,100.0,0.0,0,0.0,0.0,100.0,0.0,0
2026-06-19 12:54:56,891.61,0.0,0.0,100.0,0.0,1,0.0,0.0,100.0,0.0,1,0.0,0.0,100.0,0.0,1,0.0,0.0,100.0,0.0,0,0.0,0.0,100.0,0.0,0,0.0,0.0,100.0,0.0,0
2026-06-19 12:54:57,892.33,0.0,0.0,100.0,0.0,1,0.0,0.0,100.0,0.0,1,0.0,0.0,100.0,0.0,1,0.0,0.0,100.0,0.0,0,0.0,0.0,100.0,0.0,0,0.0,0.0,100.0,0.0,0
2026-06-19 12:54:58,893.05,0.0,0.0,100.0,0.0,1,0.0,0.0,100.0,0.0,1,0.0,0.0,100.0,0.0,1,0.0,0.0,100.0,0.0,0,0.0,0.0,100.0,0.0,0,0.0,0.0,100.0,0.0,0
2026-06-19 12:54:58,893.8,0.0,0.0,100.0,0.0,1,0.0,0.0,100.0,0.0,1,0.0,0.0,100.0,0.0,1,0.0,0.0,100.0,0.0,0,0.0,0.0,100.0,0.0,0,0.0,0.0,100.0,0.0,0
2026-06-19 12:54:59,894.53,0.0,0.0,100.0,0.0,1,0.0,0.0,100.0,0.0,1,0.0,0.0,100.0,0.0,1,0.0,0.0,100.0,0.0,0,0.0,0.0,100.0,0.0,0,0.0,0.0,100.0,0.0,0
2026-06-19 12:55:00,895.26,0.0,0.0,100.0,0.0,1,0.0,0.0,100.0,0.0,1,0.0,0.0,100.0,0.0,1,0.0,0.0,100.0,0.0,0,0.0,0.0,100.0,0.0,0,0.0,0.0,100.0,0.0,0
2026-06-19 12:55:01,895.97,0.0,0.0,100.0,0.0,1,0.0,0.0,100.0,0.0,1,0.0,0.0,100.0,0.0,1,0.0,0.0,100.0,0.0,0,0.0,0.0,100.0,0.0,0,0.0,0.0,100.0,0.0,0
2026-06-19 12:55:01,896.69,0.0,0.0,100.0,0.0,1,0.0,0.0,100.0,0.0,1,0.0,0.0,100.0,0.0,1,0.0,0.0,100.0,0.0,0,0.0,0.0,100.0,0.0,0,0.0,0.0,100.0,0.0,0
2026-06-19 12:55:02,897.41,0.0,0.0,100.0,0.0,1,0.0,0.0,100.0,0.0,1,0.0,0.0,100.0,0.0,1,0.0,0.0,100.0,0.0,0,0.0,0.0,100.0,0.0,0,0.0,0.0,100.0,0.0,0
2026-06-19 12:55:03,898.13,0.0,0.0,100.0,0.0,1,0.0,0.0,100.0,0.0,1,0.0,0.0,100.0,0.0,1,0.0,0.0,100.0,0.0,0,0.0,0.0,100.0,0.0,0,0.0,0.0,100.0,0.0,0
2026-06-19 12:55:03,898.87,0.0,0.0,100.0,0.0,1,0.0,0.0,100.0,0.0,1,0.0,0.0,100.0,0.0,1,0.0,0.0,100.0,0.0,0,0.0,0.0,100.0,0.0,0,0.0,0.0,100.0,0.0,0
2026-06-19 12:55:04,899.59,0.0,0.0,100.0,0.0,1,0.0,0.0,100.0,0.0,1,0.0,0.0,100.0,0.0,1,0.0,0.0,100.0,0.0,0,0.0,0.0,100.0,0.0,0,0.0,0.0,100.0,0.0,0
2026-06-19 12:55:05,900.31,0.0,0.0,100.0,0.0,1,0.0,0.0,100.0,0.0,1,0.0,0.0,100.0,0.0,1,0.0,0.0,100.0,0.0,0,0.0,0.0,100.0,0.0,0,0.0,0.0,100.0,0.0,0
2026-06-19 12:55:06,901.06,0.0,0.0,100.0,0.0,1,0.0,0.0,100.0,0.0,1,0.0,0.0,100.0,0.0,1,0.0,0.0,100.0,0.0,0,0.0,0.0,100.0,0.0,0,0.0,0.0,100.0,0.0,0
2026-06-19 12:55:06,901.81,0.0,0.0,100.0,0.0,1,0.0,0.0,100.0,0.0,1,0.0,0.0,100.0,0.0,1,0.0,0.0,100.0,0.0,0,0.0,0.0,100.0,0.0,0,0.0,0.0,100.0,0.0,0
2026-06-19 12:55:07,902.6,0.0,0.0,100.0,0.0,1,0.0,0.0,100.0,0.0,1,0.0,0.0,100.0,0.0,1,0.0,0.0,100.0,0.0,0,0.0,0.0,100.0,0.0,0,0.0,0.0,100.0,0.0,0
2026-06-19 12:55:08,903.37,0.0,0.0,100.0,0.0,1,0.0,0.0,100.0,0.0,1,0.0,0.0,100.0,0.0,1,0.0,0.0,100.0,0.0,0,0.0,0.0,100.0,0.0,0,0.0,0.0,100.0,0.0,0
2026-06-19 12:55:09,904.09,0.0,0.0,100.0,0.0,1,0.0,0.0,100.0,0.0,1,0.0,0.0,100.0,0.0,1,0.0,0.0,100.0,0.0,0,0.0,0.0,100.0,0.0,0,0.0,0.0,100.0,0.0,0
2026-06-19 12:55:09,904.83,0.0,0.0,100.0,0.0,1,0.0,0.0,100.0,0.0,1,0.0,0.0,100.0,0.0,1,0.0,0.0,100.0,0.0,0,0.0,0.0,100.0,0.0,0,0.0,0.0,100.0,0.0,0
2026-06-19 12:55:10,905.56,0.0,0.0,100.0,0.0,1,0.0,0.0,100.0,0.0,1,0.0,0.0,100.0,0.0,1,0.0,0.0,100.0,0.0,0,0.0,0.0,100.0,0.0,0,0.0,0.0,100.0,0.0,0
2026-06-19 12:55:11,906.29,0.0,0.0,100.0,0.0,1,0.0,0.0,100.0,0.0,1,0.0,0.0,100.0,0.0,1,0.0,0.0,100.0,0.0,0,0.0,0.0,100.0,0.0,0,0.0,0.0,100.0,0.0,0
2026-06-19 12:55:12,907.06,0.0,0.0,100.0,0.0,1,0.0,0.0,100.0,0.0,1,0.0,0.0,100.0,0.0,1,0.0,0.0,100.0,0.0,0,0.0,0.0,100.0,0.0,0,0.0,0.0,100.0,0.0,0
2026-06-19 12:55:12,907.8,0.0,0.0,100.0,0.0,1,0.0,0.0,100.0,0.0,1,0.0,0.0,100.0,0.0,1,0.0,0.0,100.0,0.0,0,0.0,0.0,100.0,0.0,0,0.0,0.0,100.0,0.0,0
2026-06-19 12:55:13,908.7,0.0,0.0,100.0,0.0,0,0.0,0.0,100.0,0.0,0,0.0,0.0,100.0,0.0,0,0.0,0.0,100.0,0.0,0,0.0,0.0,100.0,0.0,0,0.0,0.0,100.0,0.0,0
2026-06-19 12:55:14,909.44,0.0,0.0,100.0,0.0,0,0.0,0.0,100.0,0.0,0,0.0,0.0,100.0,0.0,0,0.0,0.0,100.0,0.0,0,0.0,0.0,100.0,0.0,0,0.0,0.0,100.0,0.0,0
2026-06-19 12:55:15,910.18,0.0,0.0,100.0,0.0,0,0.0,0.0,100.0,0.0,0,0.0,0.0,100.0,0.0,0,0.0,0.0,100.0,0.0,0,0.0,0.0,100.0,0.0,0,0.0,0.0,100.0,0.0,0
2026-06-19 12:55:16,910.94,0.0,0.0,100.0,0.0,0,0.0,0.0,100.0,0.0,0,0.0,0.0,100.0,0.0,0,0.0,0.0,100.0,0.0,0,0.0,0.0,100.0,0.0,0,0.0,0.0,100.0,0.0,0
2026-06-19 12:55:16,911.7,0.0,0.0,100.0,0.0,0,0.0,0.0,100.0,0.0,0,0.0,0.0,100.0,0.0,0,0.0,0.0,100.0,0.0,0,0.0,0.0,100.0,0.0,0,0.0,0.0,100.0,0.0,0
