Timestamp,Elapsed,ch0_setV,ch0_monV,ch0_setI,ch0_monI,ch0_status,ch1_setV,ch1_monV,ch1_setI,ch1_monI,ch1_status,ch2_setV,ch2_monV,ch2_setI,ch2_monI,ch2_status,ch3_setV,ch3_monV,ch3_setI,ch3_monI,ch3_status,ch4_setV,ch4_monV,ch4_setI,ch4_monI,ch4_status,ch5_setV,ch5_monV,ch5_setI,ch5_monI,ch5_status
2026-03-31 16:43:53,5.25,1000.0,1002.0,20.0,2.5999999046325684,1,1000.0,995.0,20.0,2.0,1,1000.0,998.0,20.0,1.899999976158142,1,1000.0,998.0,20.0,2.200000047683716,1,1000.0,1005.0,20.0,2.0,1,1000.0,1005.0,20.0,1.2999999523162842,1
2026-03-31 16:43:54,6.0,1000.0,997.0,20.0,2.5,1,1000.0,1005.0,20.0,2.0999999046325684,1,1000.0,993.0,20.0,1.899999976158142,1,1000.0,999.0,20.0,2.0999999046325684,1,1000.0,993.0,20.0,1.7999999523162842,1,1000.0,992.0,20.0,2.200000047683716,1
2026-03-31 16:43:55,6.72,1000.0,993.0,20.0,2.5999999046325684,1,1000.0,998.0,20.0,2.0,1,1000.0,1001.0,20.0,2.0,1,1000.0,999.0,20.0,2.0,1,1000.0,999.0,20.0,2.0,1,1000.0,1040.0,20.0,2.4000000953674316,1
2026-03-31 16:43:56,7.43,1000.0,999.0,20.0,2.5999999046325684,1,1000.0,1010.0,20.0,2.299999952316284,1,1000.0,1003.0,20.0,2.0999999046325684,1,1000.0,1000.0,20.0,2.0,1,1000.0,1001.0,20.0,2.0999999046325684,1,1000.0,978.0,20.0,2.200000047683716,1
2026-03-31 16:43:56,8.17,1000.0,1005.0,20.0,2.700000047683716,1,1000.0,994.0,20.0,2.0,1,1000.0,1003.0,20.0,1.899999976158142,1,1000.0,1003.0,20.0,2.0,1,1000.0,1004.0,20.0,2.299999952316284,1,1000.0,1033.0,20.0,2.200000047683716,1
2026-03-31 16:43:57,8.94,1000.0,1005.0,20.0,2.700000047683716,1,1000.0,1007.0,20.0,2.0999999046325684,1,1000.0,998.0,20.0,1.7999999523162842,1,1000.0,999.0,20.0,2.0999999046325684,1,1000.0,998.0,20.0,2.200000047683716,1,1000.0,946.0,20.0,1.2999999523162842,1
2026-03-31 16:43:58,9.68,1000.0,1018.0,20.0,3.0999999046325684,1,1000.0,996.0,20.0,2.0,1,1000.0,996.0,20.0,2.0999999046325684,1,1000.0,1001.0,20.0,1.899999976158142,1,1000.0,1001.0,20.0,2.200000047683716,1,1000.0,1035.0,20.0,1.600000023841858,1
2026-03-31 16:43:59,10.41,1000.0,997.0,20.0,2.5999999046325684,1,1000.0,1005.0,20.0,2.0,1,1000.0,999.0,20.0,1.7999999523162842,1,1000.0,1002.0,20.0,2.0,1,1000.0,1004.0,20.0,2.0999999046325684,1,1000.0,994.0,20.0,2.700000047683716,1
2026-03-31 16:43:59,11.13,1000.0,997.0,20.0,2.4000000953674316,1,1000.0,991.0,20.0,2.0,1,1000.0,996.0,20.0,1.899999976158142,1,1000.0,1004.0,20.0,2.0999999046325684,1,1000.0,1003.0,20.0,2.200000047683716,1,1000.0,1002.0,20.0,1.2999999523162842,1
2026-03-31 16:44:00,11.87,1000.0,1006.0,20.0,2.700000047683716,1,1000.0,997.0,20.0,1.7999999523162842,1,1000.0,996.0,20.0,1.899999976158142,1,1000.0,1004.0,20.0,2.0999999046325684,1,1000.0,1004.0,20.0,2.200000047683716,1,1000.0,991.0,20.0,2.4000000953674316,1
2026-03-31 16:44:01,12.6,1000.0,1000.0,20.0,2.700000047683716,1,1000.0,1012.0,20.0,2.200000047683716,1,1000.0,999.0,20.0,2.0999999046325684,1,1000.0,1002.0,20.0,2.0999999046325684,1,1000.0,994.0,20.0,1.7999999523162842,1,1000.0,962.0,20.0,0.800000011920929,1
2026-03-31 16:44:02,13.33,1000.0,1005.0,20.0,2.5999999046325684,1,1000.0,995.0,20.0,2.200000047683716,1,1000.0,1002.0,20.0,2.0999999046325684,1,1000.0,999.0,20.0,2.0999999046325684,1,1000.0,1003.0,20.0,2.0,1,1000.0,1003.0,20.0,2.200000047683716,1
2026-03-31 16:44:02,14.05,1000.0,989.0,20.0,2.700000047683716,1,1000.0,998.0,20.0,2.0,1,1000.0,1004.0,20.0,1.899999976158142,1,1000.0,1002.0,20.0,2.200000047683716,1,1000.0,1001.0,20.0,1.899999976158142,1,1000.0,1035.0,20.0,1.2000000476837158,1
2026-03-31 16:44:03,14.77,1000.0,996.0,20.0,2.5999999046325684,1,1000.0,997.0,20.0,2.0,1,1000.0,991.0,20.0,1.7999999523162842,1,1000.0,1004.0,20.0,2.0999999046325684,1,1000.0,1000.0,20.0,2.0,1,1000.0,1061.0,20.0,2.5999999046325684,1
2026-03-31 16:44:04,15.48,1000.0,1004.0,20.0,2.799999952316284,1,1000.0,1008.0,20.0,2.0,1,1000.0,1007.0,20.0,2.200000047683716,1,1000.0,1003.0,20.0,2.0999999046325684,1,1000.0,1002.0,20.0,1.899999976158142,1,1000.0,997.0,20.0,2.0,1
2026-03-31 16:44:04,16.19,1000.0,1001.0,20.0,2.700000047683716,1,1000.0,992.0,20.0,1.899999976158142,1,1000.0,989.0,20.0,1.7000000476837158,1,1000.0,1000.0,20.0,2.0,1,1000.0,999.0,20.0,2.0,1,1000.0,1052.0,20.0,2.4000000953674316,1
2026-03-31 16:44:05,16.45,1000.0,1001.0,20.0,2.700000047683716,1,1000.0,992.0,20.0,1.899999976158142,1,1000.0,989.0,20.0,1.7000000476837158,1,1000.0,1000.0,20.0,2.0,1,1000.0,999.0,20.0,2.0,1,1000.0,1052.0,20.0,2.4000000953674316,1
2026-03-31 16:44:05,17.19,1000.0,1004.0,20.0,2.5999999046325684,1,1000.0,1006.0,20.0,2.0,1,1000.0,1010.0,20.0,1.899999976158142,1,1000.0,998.0,20.0,1.899999976158142,1,1000.0,1007.0,20.0,2.0,1,1000.0,957.0,20.0,1.2999999523162842,1
2026-03-31 16:44:06,17.9,1000.0,1002.0,20.0,2.5,1,1000.0,1001.0,20.0,2.0999999046325684,1,1000.0,1003.0,20.0,1.7999999523162842,1,1000.0,1005.0,20.0,2.0,1,1000.0,992.0,20.0,2.0,1,1000.0,1032.0,20.0,2.0,1
2026-03-31 16:44:07,18.61,1000.0,998.0,20.0,2.4000000953674316,1,1000.0,1004.0,20.0,2.0,1,1000.0,996.0,20.0,2.0,1,1000.0,1002.0,20.0,2.0999999046325684,1,1000.0,997.0,20.0,2.0,1,1000.0,977.0,20.0,1.7999999523162842,1
2026-03-31 16:44:08,19.34,1000.0,1015.0,20.0,3.0,1,1000.0,1000.0,20.0,2.0,1,1000.0,1003.0,20.0,2.0999999046325684,1,1000.0,1000.0,20.0,2.0999999046325684,1,1000.0,1001.0,20.0,2.0,1,1000.0,1045.0,20.0,1.7999999523162842,1
2026-03-31 16:44:08,20.06,1000.0,1001.0,20.0,2.5999999046325684,1,1000.0,997.0,20.0,2.0,1,1000.0,1006.0,20.0,2.0999999046325684,1,1000.0,1001.0,20.0,2.0999999046325684,1,1000.0,1005.0,20.0,2.0,1,1000.0,1009.0,20.0,3.0999999046325684,1
2026-03-31 16:44:09,20.78,1000.0,993.0,20.0,2.5999999046325684,1,1000.0,1000.0,20.0,2.0,1,1000.0,1001.0,20.0,1.7999999523162842,1,1000.0,998.0,20.0,1.899999976158142,1,1000.0,998.0,20.0,2.0,1,1000.0,949.0,20.0,1.100000023841858,1
2026-03-31 16:44:10,21.5,1000.0,985.0,20.0,2.4000000953674316,1,1000.0,998.0,20.0,1.899999976158142,1,1000.0,990.0,20.0,1.7999999523162842,1,1000.0,1002.0,20.0,2.0,1,1000.0,1009.0,20.0,2.200000047683716,1,1000.0,1035.0,20.0,1.600000023841858,1
2026-03-31 16:44:10,22.23,1000.0,1002.0,20.0,3.0,1,1000.0,1001.0,20.0,2.0999999046325684,1,1000.0,1004.0,20.0,1.7999999523162842,1,1000.0,1001.0,20.0,2.0,1,1000.0,1006.0,20.0,2.4000000953674316,1,1000.0,992.0,20.0,2.0,1
2026-03-31 16:44:11,22.93,1000.0,997.0,20.0,2.5,1,1000.0,996.0,20.0,2.0999999046325684,1,1000.0,1006.0,20.0,1.899999976158142,1,1000.0,1001.0,20.0,2.0999999046325684,1,1000.0,1002.0,20.0,2.0,1,1000.0,959.0,20.0,1.7000000476837158,1
2026-03-31 16:44:12,23.66,1000.0,996.0,20.0,2.700000047683716,1,1000.0,1006.0,20.0,2.0,1,1000.0,1000.0,20.0,2.0,1,1000.0,1006.0,20.0,2.0999999046325684,1,1000.0,1001.0,20.0,2.0,1,1000.0,1018.0,20.0,1.399999976158142,1
2026-03-31 16:44:13,24.37,1000.0,999.0,20.0,2.700000047683716,1,1000.0,1002.0,20.0,2.200000047683716,1,1000.0,1000.0,20.0,2.0,1,1000.0,1001.0,20.0,2.200000047683716,1,1000.0,1003.0,20.0,2.0999999046325684,1,1000.0,999.0,20.0,2.4000000953674316,1
2026-03-31 16:44:13,25.09,1000.0,1013.0,20.0,2.700000047683716,1,1000.0,1007.0,20.0,2.0,1,1000.0,992.0,20.0,1.7000000476837158,1,1000.0,1003.0,20.0,2.0,1,1000.0,998.0,20.0,1.7999999523162842,1,1000.0,1062.0,20.0,2.9000000953674316,1
2026-03-31 16:44:14,25.81,1000.0,993.0,20.0,2.200000047683716,1,1000.0,994.0,20.0,1.899999976158142,1,1000.0,998.0,20.0,2.0,1,1000.0,1001.0,20.0,2.200000047683716,1,1000.0,993.0,20.0,1.7999999523162842,1,1000.0,967.0,20.0,1.2000000476837158,1
2026-03-31 16:44:15,26.54,1000.0,999.0,20.0,2.5999999046325684,1,1000.0,1007.0,20.0,2.200000047683716,1,1000.0,1006.0,20.0,2.0,1,1000.0,1005.0,20.0,2.200000047683716,1,1000.0,997.0,20.0,1.899999976158142,1,1000.0,1042.0,20.0,2.5999999046325684,1
2026-03-31 16:44:15,27.26,1000.0,1002.0,20.0,2.5999999046325684,1,1000.0,995.0,20.0,1.899999976158142,1,1000.0,1006.0,20.0,1.899999976158142,1,1000.0,1005.0,20.0,2.200000047683716,1,1000.0,998.0,20.0,1.899999976158142,1,1000.0,957.0,20.0,1.2999999523162842,1
2026-03-31 16:44:16,27.99,1000.0,998.0,20.0,2.700000047683716,1,1000.0,1002.0,20.0,1.899999976158142,1,1000.0,1009.0,20.0,2.200000047683716,1,1000.0,995.0,20.0,1.899999976158142,1,1000.0,998.0,20.0,1.899999976158142,1,1000.0,1024.0,20.0,1.7000000476837158,1
2026-03-31 16:44:17,28.73,1000.0,1007.0,20.0,2.700000047683716,1,1000.0,1007.0,20.0,2.0,1,1000.0,1005.0,20.0,2.0999999046325684,1,1000.0,997.0,20.0,1.899999976158142,1,1000.0,1007.0,20.0,2.0,1,1000.0,943.0,20.0,1.7000000476837158,1
2026-03-31 16:44:18,29.47,1000.0,997.0,20.0,2.5,1,1000.0,998.0,20.0,2.0,1,1000.0,1005.0,20.0,2.0,1,1000.0,1003.0,20.0,2.0,1,1000.0,1003.0,20.0,2.0,1,1000.0,994.0,20.0,1.100000023841858,1
2026-03-31 16:44:18,30.18,1000.0,994.0,20.0,2.299999952316284,1,1000.0,998.0,20.0,2.0,1,1000.0,998.0,20.0,1.7999999523162842,1,1000.0,1004.0,20.0,2.0,1,1000.0,1004.0,20.0,2.0,1,1000.0,1050.0,20.0,3.0999999046325684,1
2026-03-31 16:44:19,30.91,1000.0,996.0,20.0,2.5999999046325684,1,1000.0,1006.0,20.0,2.0,1,1000.0,991.0,20.0,2.0999999046325684,1,1000.0,998.0,20.0,2.0,1,1000.0,997.0,20.0,2.0,1,1000.0,967.0,20.0,1.0,1
2026-03-31 16:44:20,31.64,1000.0,1003.0,20.0,2.5999999046325684,1,1000.0,1010.0,20.0,2.0999999046325684,1,1000.0,985.0,20.0,1.7000000476837158,1,1000.0,1004.0,20.0,2.0999999046325684,1,1000.0,1006.0,20.0,2.0999999046325684,1,1000.0,974.0,20.0,1.2000000476837158,1
2026-03-31 16:44:21,32.4,1000.0,993.0,20.0,2.5999999046325684,1,1000.0,995.0,20.0,2.0,1,1000.0,1009.0,20.0,2.200000047683716,1,1000.0,1002.0,20.0,2.0999999046325684,1,1000.0,1005.0,20.0,2.0999999046325684,1,1000.0,992.0,20.0,2.0999999046325684,1
2026-03-31 16:44:21,33.0,1000.0,1003.0,20.0,3.0,1,1000.0,1011.0,20.0,2.0999999046325684,1,1000.0,992.0,20.0,1.7999999523162842,1,1000.0,1001.0,20.0,2.0999999046325684,1,1000.0,996.0,20.0,1.899999976158142,1,1000.0,996.0,20.0,1.100000023841858,1
2026-03-31 16:44:21,0.18,1500.0,1003.0,20.0,3.0,1,1500.0,1011.0,20.0,2.0999999046325684,1,1500.0,992.0,20.0,1.7999999523162842,1,1500.0,1001.0,20.0,2.0999999046325684,1,1500.0,996.0,20.0,1.899999976158142,1,1500.0,996.0,20.0,1.100000023841858,1
2026-03-31 16:44:22,0.9,1500.0,1011.0,20.0,3.0,1,1500.0,996.0,20.0,1.899999976158142,1,1500.0,1001.0,20.0,1.7999999523162842,1,1500.0,996.0,20.0,2.0,1,1500.0,1006.0,20.0,2.299999952316284,1,1500.0,1051.0,20.0,2.5,1
2026-03-31 16:44:23,1.61,1500.0,1009.0,20.0,2.799999952316284,1,1500.0,1004.0,20.0,2.0,1,1500.0,1001.0,20.0,1.7999999523162842,1,1500.0,1005.0,20.0,2.0,1,1500.0,1007.0,20.0,2.299999952316284,1,1500.0,982.0,20.0,1.399999976158142,1
2026-03-31 16:44:24,2.33,1500.0,1010.0,20.0,2.799999952316284,1,1500.0,1004.0,20.0,2.0,1,1500.0,1012.0,20.0,1.899999976158142,1,1500.0,1003.0,20.0,1.7999999523162842,1,1500.0,1007.0,20.0,1.899999976158142,1,1500.0,998.0,20.0,2.5999999046325684,1
2026-03-31 16:44:24,3.1,1500.0,1039.0,20.0,2.799999952316284,1,1500.0,1026.0,20.0,2.0,1,1500.0,1035.0,20.0,2.200000047683716,1,1500.0,1019.0,20.0,2.200000047683716,1,1500.0,1023.0,20.0,2.0999999046325684,1,1500.0,999.0,20.0,2.5,1
2026-03-31 16:44:25,3.82,1500.0,1034.0,20.0,2.4000000953674316,1,1500.0,1029.0,20.0,2.0999999046325684,1,1500.0,1026.0,20.0,1.7999999523162842,1,1500.0,1034.0,20.0,2.200000047683716,1,1500.0,1025.0,20.0,2.0999999046325684,1,1500.0,1030.0,20.0,1.2000000476837158,1
2026-03-31 16:44:26,4.53,1500.0,1034.0,20.0,2.299999952316284,1,1500.0,1032.0,20.0,2.200000047683716,1,1500.0,1032.0,20.0,1.899999976158142,1,1500.0,1035.0,20.0,2.200000047683716,1,1500.0,1027.0,20.0,2.0,1,1500.0,1089.0,20.0,2.200000047683716,1
2026-03-31 16:44:27,5.24,1500.0,1054.0,20.0,2.9000000953674316,1,1500.0,1033.0,20.0,2.0999999046325684,1,1500.0,1051.0,20.0,2.299999952316284,1,1500.0,1033.0,20.0,2.200000047683716,1,1500.0,1039.0,20.0,2.0999999046325684,1,1500.0,1100.0,20.0,2.5999999046325684,1
2026-03-31 16:44:27,5.96,1500.0,1057.0,20.0,2.5999999046325684,1,1500.0,1046.0,20.0,2.0999999046325684,1,1500.0,1049.0,20.0,2.299999952316284,1,1500.0,1045.0,20.0,2.200000047683716,1,1500.0,1047.0,20.0,2.0,1,1500.0,1030.0,20.0,4.099999904632568,1
2026-03-31 16:44:28,6.68,1500.0,1051.0,20.0,2.5,1,1500.0,1057.0,20.0,2.200000047683716,1,1500.0,1048.0,20.0,1.899999976158142,1,1500.0,1052.0,20.0,2.0,1,1500.0,1045.0,20.0,2.0,1,1500.0,1061.0,20.0,4.699999809265137,1
2026-03-31 16:44:29,7.4,1500.0,1073.0,20.0,2.700000047683716,1,1500.0,1068.0,20.0,2.200000047683716,1,1500.0,1069.0,20.0,2.0999999046325684,1,1500.0,1061.0,20.0,2.0999999046325684,1,1500.0,1061.0,20.0,2.0,1,1500.0,1096.0,20.0,4.599999904632568,1
2026-03-31 16:44:29,8.13,1500.0,1077.0,20.0,2.5999999046325684,1,1500.0,1061.0,20.0,2.0999999046325684,1,1500.0,1066.0,20.0,2.0999999046325684,1,1500.0,1072.0,20.0,2.299999952316284,1,1500.0,1063.0,20.0,2.0,1,1500.0,1120.0,20.0,4.300000190734863,1
2026-03-31 16:44:30,8.88,1500.0,1078.0,20.0,2.5999999046325684,1,1500.0,1079.0,20.0,2.0999999046325684,1,1500.0,1084.0,20.0,2.0,1,1500.0,1080.0,20.0,2.200000047683716,1,1500.0,1083.0,20.0,2.0999999046325684,1,1500.0,1135.0,20.0,2.799999952316284,1
2026-03-31 16:44:31,9.6,1500.0,1091.0,20.0,2.700000047683716,1,1500.0,1090.0,20.0,2.4000000953674316,1,1500.0,1083.0,20.0,2.299999952316284,1,1500.0,1078.0,20.0,2.200000047683716,1,1500.0,1077.0,20.0,2.0999999046325684,1,1500.0,1051.0,20.0,1.100000023841858,1
2026-03-31 16:44:32,10.32,1500.0,1086.0,20.0,2.4000000953674316,1,1500.0,1086.0,20.0,2.299999952316284,1,1500.0,1095.0,20.0,2.299999952316284,1,1500.0,1090.0,20.0,2.299999952316284,1,1500.0,1088.0,20.0,2.200000047683716,1,1500.0,1127.0,20.0,3.299999952316284,1
2026-03-31 16:44:32,11.09,1500.0,1105.0,20.0,2.5999999046325684,1,1500.0,1091.0,20.0,2.299999952316284,1,1500.0,1087.0,20.0,2.200000047683716,1,1500.0,1097.0,20.0,2.200000047683716,1,1500.0,1098.0,20.0,2.200000047683716,1,1500.0,1077.0,20.0,1.899999976158142,1
2026-03-31 16:44:33,11.82,1500.0,1109.0,20.0,2.5999999046325684,1,1500.0,1107.0,20.0,2.4000000953674316,1,1500.0,1098.0,20.0,2.200000047683716,1,1500.0,1099.0,20.0,2.4000000953674316,1,1500.0,1096.0,20.0,2.200000047683716,1,1500.0,1069.0,20.0,1.7999999523162842,1
2026-03-31 16:44:34,12.56,1500.0,1117.0,20.0,2.700000047683716,1,1500.0,1122.0,20.0,2.4000000953674316,1,1500.0,1113.0,20.0,2.0999999046325684,1,1500.0,1107.0,20.0,2.4000000953674316,1,1500.0,1104.0,20.0,2.200000047683716,1,1500.0,1110.0,20.0,2.700000047683716,1
2026-03-31 16:44:35,13.32,1500.0,1119.0,20.0,2.5999999046325684,1,1500.0,1113.0,20.0,2.200000047683716,1,1500.0,1118.0,20.0,2.4000000953674316,1,1500.0,1120.0,20.0,2.4000000953674316,1,1500.0,1116.0,20.0,2.200000047683716,1,1500.0,1126.0,20.0,2.5999999046325684,1
2026-03-31 16:44:35,14.05,1500.0,1132.0,20.0,2.799999952316284,1,1500.0,1118.0,20.0,2.4000000953674316,1,1500.0,1123.0,20.0,2.799999952316284,1,1500.0,1114.0,20.0,2.299999952316284,1,1500.0,1121.0,20.0,2.200000047683716,1,1500.0,1109.0,20.0,2.0999999046325684,1
2026-03-31 16:44:36,14.77,1500.0,1147.0,20.0,2.9000000953674316,1,1500.0,1113.0,20.0,2.200000047683716,1,1500.0,1126.0,20.0,2.0999999046325684,1,1500.0,1130.0,20.0,2.5,1,1500.0,1126.0,20.0,2.200000047683716,1,1500.0,1130.0,20.0,3.0,1
2026-03-31 16:44:37,15.5,1500.0,1140.0,20.0,2.799999952316284,1,1500.0,1137.0,20.0,2.200000047683716,1,1500.0,1139.0,20.0,2.299999952316284,1,1500.0,1137.0,20.0,2.4000000953674316,1,1500.0,1137.0,20.0,2.299999952316284,1,1500.0,1143.0,20.0,2.200000047683716,1
2026-03-31 16:44:37,16.22,1500.0,1162.0,20.0,2.9000000953674316,1,1500.0,1140.0,20.0,2.5,1,1500.0,1151.0,20.0,2.299999952316284,1,1500.0,1152.0,20.0,2.5,1,1500.0,1153.0,20.0,2.5,1,1500.0,1146.0,20.0,2.4000000953674316,1
2026-03-31 16:44:38,16.97,1500.0,1159.0,20.0,2.799999952316284,1,1500.0,1176.0,20.0,3.0,1,1500.0,1155.0,20.0,2.4000000953674316,1,1500.0,1155.0,20.0,2.4000000953674316,1,1500.0,1155.0,20.0,2.299999952316284,1,1500.0,1160.0,20.0,2.4000000953674316,1
2026-03-31 16:44:39,17.69,1500.0,1176.0,20.0,2.799999952316284,1,1500.0,1176.0,20.0,1.7000000476837158,1,1500.0,1162.0,20.0,2.4000000953674316,1,1500.0,1153.0,20.0,2.4000000953674316,1,1500.0,1156.0,20.0,2.299999952316284,1,1500.0,1160.0,20.0,2.299999952316284,1
2026-03-31 16:44:40,18.41,1500.0,1167.0,20.0,2.5,1,1500.0,1150.0,20.0,3.0999999046325684,1,1500.0,1176.0,20.0,2.5999999046325684,1,1500.0,1174.0,20.0,2.5,1,1500.0,1173.0,20.0,2.299999952316284,1,1500.0,1160.0,20.0,2.299999952316284,1
2026-03-31 16:44:40,19.12,1500.0,1181.0,20.0,2.700000047683716,1,1500.0,1174.0,20.0,1.399999976158142,1,1500.0,1174.0,20.0,2.4000000953674316,1,1500.0,1164.0,20.0,2.299999952316284,1,1500.0,1171.0,20.0,2.5,1,1500.0,1183.0,20.0,2.700000047683716,1
2026-03-31 16:44:41,19.83,1500.0,1188.0,20.0,2.700000047683716,1,1500.0,1248.0,20.0,2.700000047683716,1,1500.0,1186.0,20.0,2.5,1,1500.0,1179.0,20.0,2.4000000953674316,1,1500.0,1186.0,20.0,2.4000000953674316,1,1500.0,1183.0,20.0,2.299999952316284,1
2026-03-31 16:44:42,20.55,1500.0,1195.0,20.0,2.5999999046325684,1,1500.0,1258.0,20.0,3.5999999046325684,1,1500.0,1180.0,20.0,2.299999952316284,1,1500.0,1190.0,20.0,2.4000000953674316,1,1500.0,1187.0,20.0,2.5999999046325684,1,1500.0,1184.0,20.0,2.5,1
2026-03-31 16:44:43,21.27,1500.0,1203.0,20.0,2.5999999046325684,1,1500.0,1259.0,20.0,2.799999952316284,1,1500.0,1194.0,20.0,2.4000000953674316,1,1500.0,1197.0,20.0,2.5,1,1500.0,1192.0,20.0,2.5,1,1500.0,1189.0,20.0,2.4000000953674316,1
2026-03-31 16:44:43,22.0,1500.0,1208.0,20.0,2.9000000953674316,1,1500.0,1214.0,20.0,1.600000023841858,1,1500.0,1206.0,20.0,2.4000000953674316,1,1500.0,1203.0,20.0,2.5999999046325684,1,1500.0,1198.0,20.0,2.4000000953674316,1,1500.0,1200.0,20.0,2.5999999046325684,1
2026-03-31 16:44:44,22.71,1500.0,1216.0,20.0,2.700000047683716,1,1500.0,1127.0,20.0,1.2999999523162842,1,1500.0,1207.0,20.0,2.5999999046325684,1,1500.0,1203.0,20.0,2.299999952316284,1,1500.0,1205.0,20.0,2.200000047683716,1,1500.0,1210.0,20.0,2.5999999046325684,1
2026-03-31 16:44:44,22.88,1500.0,1216.0,20.0,2.700000047683716,1,1500.0,1127.0,20.0,1.2999999523162842,1,1500.0,1207.0,20.0,2.5999999046325684,1,1500.0,1203.0,20.0,2.299999952316284,1,1500.0,1205.0,20.0,2.200000047683716,1,1500.0,1210.0,20.0,2.5999999046325684,1
2026-03-31 16:44:45,23.64,1500.0,1218.0,20.0,2.799999952316284,1,1500.0,1256.0,20.0,3.0,1,1500.0,1213.0,20.0,2.5,1,1500.0,1202.0,20.0,2.5,1,1500.0,1207.0,20.0,2.4000000953674316,1,1500.0,1215.0,20.0,2.5,1
2026-03-31 16:44:46,24.35,1500.0,1224.0,20.0,2.9000000953674316,1,1500.0,1219.0,20.0,2.799999952316284,1,1500.0,1222.0,20.0,2.4000000953674316,1,1500.0,1220.0,20.0,2.5,1,1500.0,1214.0,20.0,2.5,1,1500.0,1218.0,20.0,2.5,1
2026-03-31 16:44:46,25.05,1500.0,1237.0,20.0,2.9000000953674316,1,1500.0,1216.0,20.0,2.4000000953674316,1,1500.0,1219.0,20.0,2.5,1,1500.0,1233.0,20.0,2.5,1,1500.0,1223.0,20.0,2.5,1,1500.0,1232.0,20.0,2.700000047683716,1
2026-03-31 16:44:47,25.77,1500.0,1244.0,20.0,2.799999952316284,1,1500.0,1227.0,20.0,2.5999999046325684,1,1500.0,1238.0,20.0,2.5999999046325684,1,1500.0,1224.0,20.0,2.5999999046325684,1,1500.0,1238.0,20.0,2.5,1,1500.0,1229.0,20.0,2.5,1
2026-03-31 16:44:48,26.49,1500.0,1256.0,20.0,2.9000000953674316,1,1500.0,1256.0,20.0,2.799999952316284,1,1500.0,1240.0,20.0,2.5999999046325684,1,1500.0,1253.0,20.0,2.700000047683716,1,1500.0,1251.0,20.0,2.5,1,1500.0,1253.0,20.0,2.5999999046325684,1
2026-03-31 16:44:48,27.2,1500.0,1267.0,20.0,2.9000000953674316,1,1500.0,1245.0,20.0,2.5,1,1500.0,1258.0,20.0,2.5999999046325684,1,1500.0,1255.0,20.0,2.5999999046325684,1,1500.0,1257.0,20.0,2.5,1,1500.0,1255.0,20.0,2.5999999046325684,1
2026-03-31 16:44:49,27.92,1500.0,1267.0,20.0,2.799999952316284,1,1500.0,1265.0,20.0,2.5999999046325684,1,1500.0,1261.0,20.0,2.5999999046325684,1,1500.0,1252.0,20.0,2.5999999046325684,1,1500.0,1263.0,20.0,2.5999999046325684,1,1500.0,1263.0,20.0,2.5999999046325684,1
2026-03-31 16:44:50,28.65,1500.0,1279.0,20.0,3.200000047683716,1,1500.0,1278.0,20.0,2.5999999046325684,1,1500.0,1273.0,20.0,2.5999999046325684,1,1500.0,1264.0,20.0,2.5999999046325684,1,1500.0,1259.0,20.0,2.5,1,1500.0,1266.0,20.0,2.5999999046325684,1
2026-03-31 16:44:51,29.39,1500.0,1281.0,20.0,2.9000000953674316,1,1500.0,1271.0,20.0,2.4000000953674316,1,1500.0,1271.0,20.0,2.4000000953674316,1,1500.0,1288.0,20.0,2.5999999046325684,1,1500.0,1268.0,20.0,2.5999999046325684,1,1500.0,1274.0,20.0,2.5999999046325684,1
2026-03-31 16:44:51,30.15,1500.0,1295.0,20.0,2.9000000953674316,1,1500.0,1285.0,20.0,2.700000047683716,1,1500.0,1273.0,20.0,2.700000047683716,1,1500.0,1261.0,20.0,2.5999999046325684,1,1500.0,1283.0,20.0,2.700000047683716,1,1500.0,1284.0,20.0,2.5999999046325684,1
2026-03-31 16:44:52,30.89,1500.0,1295.0,20.0,3.200000047683716,1,1500.0,1280.0,20.0,2.700000047683716,1,1500.0,1298.0,20.0,2.700000047683716,1,1500.0,1295.0,20.0,2.5,1,1500.0,1283.0,20.0,2.4000000953674316,1,1500.0,1289.0,20.0,2.700000047683716,1
2026-03-31 16:44:53,31.61,1500.0,1303.0,20.0,3.0999999046325684,1,1500.0,1293.0,20.0,2.700000047683716,1,1500.0,1292.0,20.0,2.799999952316284,1,1500.0,1312.0,20.0,3.0,1,1500.0,1301.0,20.0,3.0,1,1500.0,1296.0,20.0,2.700000047683716,1
2026-03-31 16:44:54,32.34,1500.0,1309.0,20.0,2.9000000953674316,1,1500.0,1303.0,20.0,2.700000047683716,1,1500.0,1298.0,20.0,2.5999999046325684,1,1500.0,1286.0,20.0,2.9000000953674316,1,1500.0,1290.0,20.0,2.5,1,1500.0,1298.0,20.0,2.700000047683716,1
2026-03-31 16:44:54,33.05,1500.0,1312.0,20.0,2.9000000953674316,1,1500.0,1303.0,20.0,2.5999999046325684,1,1500.0,1314.0,20.0,2.799999952316284,1,1500.0,1308.0,20.0,2.9000000953674316,1,1500.0,1301.0,20.0,2.5,1,1500.0,1303.0,20.0,2.700000047683716,1
2026-03-31 16:44:55,33.76,1500.0,1324.0,20.0,3.200000047683716,1,1500.0,1313.0,20.0,2.700000047683716,1,1500.0,1313.0,20.0,2.4000000953674316,1,1500.0,1331.0,20.0,2.5,1,1500.0,1312.0,20.0,2.5999999046325684,1,1500.0,1314.0,20.0,2.700000047683716,1
2026-03-31 16:44:56,34.47,1500.0,1330.0,20.0,3.0,1,1500.0,1322.0,20.0,2.700000047683716,1,1500.0,1337.0,20.0,2.700000047683716,1,1500.0,1326.0,20.0,3.5,1,1500.0,1326.0,20.0,2.9000000953674316,1,1500.0,1321.0,20.0,2.799999952316284,1
2026-03-31 16:44:56,35.18,1500.0,1348.0,20.0,3.200000047683716,1,1500.0,1326.0,20.0,2.700000047683716,1,1500.0,1321.0,20.0,2.9000000953674316,1,1500.0,1288.0,20.0,1.2000000476837158,1,1500.0,1329.0,20.0,2.5,1,1500.0,1331.0,20.0,2.799999952316284,1
2026-03-31 16:44:57,35.89,1500.0,1349.0,20.0,3.0999999046325684,1,1500.0,1341.0,20.0,2.700000047683716,1,1500.0,1318.0,20.0,2.4000000953674316,1,1500.0,1374.0,20.0,2.0999999046325684,1,1500.0,1329.0,20.0,2.799999952316284,1,1500.0,1338.0,20.0,2.799999952316284,1
2026-03-31 16:44:58,36.6,1500.0,1348.0,20.0,3.0999999046325684,1,1500.0,1343.0,20.0,2.700000047683716,1,1500.0,1351.0,20.0,2.799999952316284,1,1500.0,1405.0,20.0,2.5999999046325684,1,1500.0,1331.0,20.0,2.5,1,1500.0,1342.0,20.0,2.799999952316284,1
2026-03-31 16:44:59,37.32,1500.0,1370.0,20.0,3.299999952316284,1,1500.0,1348.0,20.0,2.700000047683716,1,1500.0,1393.0,20.0,3.5999999046325684,1,1500.0,1368.0,20.0,1.899999976158142,1,1500.0,1359.0,20.0,2.700000047683716,1,1500.0,1352.0,20.0,2.799999952316284,1
2026-03-31 16:44:59,38.05,1500.0,1354.0,20.0,2.9000000953674316,1,1500.0,1352.0,20.0,2.799999952316284,1,1500.0,1344.0,20.0,1.600000023841858,1,1500.0,1273.0,20.0,1.0,1,1500.0,1355.0,20.0,2.700000047683716,1,1500.0,1360.0,20.0,2.9000000953674316,1
2026-03-31 16:45:00,38.81,1500.0,1371.0,20.0,3.0999999046325684,1,1500.0,1365.0,20.0,2.799999952316284,1,1500.0,1400.0,20.0,4.900000095367432,1,1500.0,1336.0,20.0,4.199999809265137,1,1500.0,1353.0,20.0,2.700000047683716,1,1500.0,1360.0,20.0,2.799999952316284,1
2026-03-31 16:45:01,39.54,1500.0,1382.0,20.0,3.200000047683716,1,1500.0,1366.0,20.0,2.799999952316284,1,1500.0,1301.0,20.0,1.2999999523162842,1,1500.0,1381.0,20.0,2.0,1,1500.0,1359.0,20.0,3.200000047683716,1,1500.0,1366.0,20.0,2.799999952316284,1
2026-03-31 16:45:02,40.26,1500.0,1394.0,20.0,3.0999999046325684,1,1500.0,1374.0,20.0,2.799999952316284,1,1500.0,1367.0,20.0,1.399999976158142,1,1500.0,1380.0,20.0,3.299999952316284,1,1500.0,1419.0,20.0,3.0,1,1500.0,1379.0,20.0,2.9000000953674316,1
2026-03-31 16:45:02,41.0,1500.0,1402.0,20.0,3.0999999046325684,1,1500.0,1382.0,20.0,2.799999952316284,1,1500.0,1285.0,20.0,1.399999976158142,1,1500.0,1380.0,20.0,2.799999952316284,1,1500.0,1374.0,20.0,1.5,1,1500.0,1389.0,20.0,2.9000000953674316,1
2026-03-31 16:45:03,41.74,1500.0,1414.0,20.0,3.0999999046325684,1,1500.0,1392.0,20.0,2.799999952316284,1,1500.0,1438.0,20.0,4.0,1,1500.0,1380.0,20.0,2.799999952316284,1,1500.0,1448.0,20.0,2.4000000953674316,1,1500.0,1389.0,20.0,2.9000000953674316,1
2026-03-31 16:45:04,42.47,1500.0,1414.0,20.0,3.0999999046325684,1,1500.0,1398.0,20.0,2.799999952316284,1,1500.0,1363.0,20.0,2.9000000953674316,1,1500.0,1379.0,20.0,2.799999952316284,1,1500.0,1426.0,20.0,2.0,1,1500.0,1403.0,20.0,3.0,1
2026-03-31 16:45:04,43.18,1500.0,1416.0,20.0,3.200000047683716,1,1500.0,1407.0,20.0,3.0,1,1500.0,1390.0,20.0,2.799999952316284,1,1500.0,1391.0,20.0,2.700000047683716,1,1500.0,1349.0,20.0,1.2000000476837158,1,1500.0,1407.0,20.0,3.0,1
2026-03-31 16:45:05,43.93,1500.0,1427.0,20.0,3.5,1,1500.0,1419.0,20.0,2.799999952316284,1,1500.0,1430.0,20.0,3.0,1,1500.0,1416.0,20.0,3.0,1,1500.0,1480.0,20.0,3.4000000953674316,1,1500.0,1420.0,20.0,3.0,1
2026-03-31 16:45:06,44.66,1500.0,1447.0,20.0,3.0999999046325684,1,1500.0,1421.0,20.0,3.0,1,1500.0,1422.0,20.0,2.5999999046325684,1,1500.0,1409.0,20.0,3.0,1,1500.0,1396.0,20.0,3.200000047683716,1,1500.0,1422.0,20.0,3.0,1
2026-03-31 16:45:07,45.37,1500.0,1451.0,20.0,3.0999999046325684,1,1500.0,1432.0,20.0,3.0,1,1500.0,1427.0,20.0,3.0,1,1500.0,1438.0,20.0,3.0999999046325684,1,1500.0,1408.0,20.0,2.4000000953674316,1,1500.0,1430.0,20.0,3.0,1
2026-03-31 16:45:07,46.08,1500.0,1502.0,20.0,3.0999999046325684,1,1500.0,1436.0,20.0,3.0,1,1500.0,1428.0,20.0,2.9000000953674316,1,1500.0,1424.0,20.0,3.0,1,1500.0,1450.0,20.0,2.799999952316284,1,1500.0,1437.0,20.0,3.0,1
2026-03-31 16:45:08,46.81,1500.0,1446.0,20.0,3.0999999046325684,1,1500.0,1439.0,20.0,2.9000000953674316,1,1500.0,1439.0,20.0,2.9000000953674316,1,1500.0,1436.0,20.0,2.9000000953674316,1,1500.0,1434.0,20.0,3.0,1,1500.0,1438.0,20.0,3.0,1
2026-03-31 16:45:09,47.53,1500.0,1479.0,20.0,2.200000047683716,1,1500.0,1449.0,20.0,3.0,1,1500.0,1450.0,20.0,2.9000000953674316,1,1500.0,1444.0,20.0,3.0,1,1500.0,1456.0,20.0,3.4000000953674316,1,1500.0,1453.0,20.0,3.0,1
2026-03-31 16:45:10,48.25,1500.0,1454.0,20.0,1.7999999523162842,1,1500.0,1454.0,20.0,3.0,1,1500.0,1445.0,20.0,3.0999999046325684,1,1500.0,1451.0,20.0,3.0,1,1500.0,1447.0,20.0,2.700000047683716,1,1500.0,1453.0,20.0,3.0,1
2026-03-31 16:45:10,48.99,1500.0,1453.0,20.0,1.7999999523162842,1,1500.0,1459.0,20.0,2.9000000953674316,1,1500.0,1453.0,20.0,2.9000000953674316,1,1500.0,1463.0,20.0,3.0999999046325684,1,1500.0,1452.0,20.0,3.200000047683716,1,1500.0,1458.0,20.0,3.0,1
2026-03-31 16:45:11,49.71,1500.0,1453.0,20.0,1.7000000476837158,1,1500.0,1470.0,20.0,2.9000000953674316,1,1500.0,1468.0,20.0,3.0,1,1500.0,1453.0,20.0,2.9000000953674316,1,1500.0,1457.0,20.0,2.9000000953674316,1,1500.0,1467.0,20.0,3.0999999046325684,1
2026-03-31 16:45:12,50.43,1500.0,1442.0,20.0,1.600000023841858,1,1500.0,1470.0,20.0,3.0,1,1500.0,1475.0,20.0,3.0,1,1500.0,1473.0,20.0,3.0999999046325684,1,1500.0,1468.0,20.0,2.9000000953674316,1,1500.0,1471.0,20.0,3.0999999046325684,1
2026-03-31 16:45:12,51.16,1500.0,1399.0,20.0,1.2000000476837158,1,1500.0,1482.0,20.0,3.0999999046325684,1,1500.0,1472.0,20.0,2.799999952316284,1,1500.0,1477.0,20.0,3.0999999046325684,1,1500.0,1471.0,20.0,3.0999999046325684,1,1500.0,1479.0,20.0,3.0999999046325684,1
2026-03-31 16:45:13,51.89,1500.0,1360.0,20.0,1.0,1,1500.0,1485.0,20.0,3.0999999046325684,1,1500.0,1486.0,20.0,3.0999999046325684,1,1500.0,1477.0,20.0,3.0999999046325684,1,1500.0,1493.0,20.0,3.200000047683716,1,1500.0,1486.0,20.0,3.0999999046325684,1
2026-03-31 16:45:14,52.61,1500.0,1360.0,20.0,0.8999999761581421,1,1500.0,1493.0,20.0,3.0999999046325684,1,1500.0,1488.0,20.0,3.0999999046325684,1,1500.0,1492.0,20.0,3.0999999046325684,1,1500.0,1482.0,20.0,2.799999952316284,1,1500.0,1491.0,20.0,3.0999999046325684,1
2026-03-31 16:45:15,53.32,1500.0,1460.0,20.0,2.9000000953674316,1,1500.0,1498.0,20.0,3.0999999046325684,1,1500.0,1501.0,20.0,3.200000047683716,1,1500.0,1499.0,20.0,3.0999999046325684,1,1500.0,1493.0,20.0,3.0999999046325684,1,1500.0,1503.0,20.0,3.0999999046325684,1
2026-03-31 16:45:15,54.06,1500.0,1463.0,20.0,3.0,1,1500.0,1502.0,20.0,3.0999999046325684,1,1500.0,1502.0,20.0,3.0999999046325684,1,1500.0,1500.0,20.0,3.0999999046325684,1,1500.0,1503.0,20.0,2.9000000953674316,1,1500.0,1503.0,20.0,3.0999999046325684,1
2026-03-31 16:45:16,54.83,1500.0,1472.0,20.0,3.299999952316284,1,1500.0,1499.0,20.0,3.0999999046325684,1,1500.0,1502.0,20.0,3.0,1,1500.0,1500.0,20.0,3.0999999046325684,1,1500.0,1503.0,20.0,3.0999999046325684,1,1500.0,1505.0,20.0,3.0999999046325684,1
2026-03-31 16:45:17,55.57,1500.0,1502.0,20.0,3.5,1,1500.0,1502.0,20.0,3.0999999046325684,1,1500.0,1502.0,20.0,3.0999999046325684,1,1500.0,1500.0,20.0,3.0999999046325684,1,1500.0,1490.0,20.0,3.0999999046325684,1,1500.0,1502.0,20.0,3.0999999046325684,1
2026-03-31 16:45:18,56.3,1500.0,1474.0,20.0,3.0999999046325684,1,1500.0,1501.0,20.0,3.0999999046325684,1,1500.0,1503.0,20.0,3.0,1,1500.0,1502.0,20.0,3.0999999046325684,1,1500.0,1498.0,20.0,2.9000000953674316,1,1500.0,1505.0,20.0,3.0999999046325684,1
2026-03-31 16:45:18,57.06,1500.0,1471.0,20.0,2.799999952316284,1,1500.0,1500.0,20.0,3.0,1,1500.0,1494.0,20.0,3.0,1,1500.0,1501.0,20.0,3.0999999046325684,1,1500.0,1505.0,20.0,3.0999999046325684,1,1500.0,1504.0,20.0,3.0999999046325684,1
2026-03-31 16:45:19,57.79,1500.0,1462.0,20.0,3.4000000953674316,1,1500.0,1500.0,20.0,3.0999999046325684,1,1500.0,1505.0,20.0,3.0,1,1500.0,1501.0,20.0,3.0999999046325684,1,1500.0,1499.0,20.0,3.0999999046325684,1,1500.0,1503.0,20.0,3.0999999046325684,1
2026-03-31 16:45:20,58.5,1500.0,1476.0,20.0,3.200000047683716,1,1500.0,1501.0,20.0,3.0999999046325684,1,1500.0,1501.0,20.0,3.0,1,1500.0,1501.0,20.0,3.0999999046325684,1,1500.0,1499.0,20.0,3.0999999046325684,1,1500.0,1503.0,20.0,3.0999999046325684,1
2026-03-31 16:45:21,59.25,1500.0,1473.0,20.0,3.0999999046325684,1,1500.0,1501.0,20.0,3.0999999046325684,1,1500.0,1500.0,20.0,3.0,1,1500.0,1501.0,20.0,3.0999999046325684,1,1500.0,1493.0,20.0,3.0999999046325684,1,1500.0,1504.0,20.0,3.0999999046325684,1
2026-03-31 16:45:21,60.01,1500.0,1473.0,20.0,3.0999999046325684,1,1500.0,1499.0,20.0,3.0,1,1500.0,1505.0,20.0,3.0,1,1500.0,1500.0,20.0,3.0999999046325684,1,1500.0,1494.0,20.0,3.0,1,1500.0,1505.0,20.0,3.0999999046325684,1
2026-03-31 16:45:22,60.73,1500.0,1465.0,20.0,3.0999999046325684,1,1500.0,1500.0,20.0,3.0999999046325684,1,1500.0,1497.0,20.0,3.0,1,1500.0,1500.0,20.0,3.0999999046325684,1,1500.0,1508.0,20.0,3.0,1,1500.0,1502.0,20.0,3.0999999046325684,1
2026-03-31 16:45:23,61.46,1500.0,1456.0,20.0,3.0999999046325684,1,1500.0,1502.0,20.0,3.0999999046325684,1,1500.0,1503.0,20.0,3.0,1,1500.0,1500.0,20.0,3.0999999046325684,1,1500.0,1501.0,20.0,3.0999999046325684,1,1500.0,1502.0,20.0,3.0999999046325684,1
2026-03-31 16:45:23,62.21,1500.0,1460.0,20.0,3.0,1,1500.0,1501.0,20.0,3.0,1,1500.0,1505.0,20.0,3.200000047683716,1,1500.0,1499.0,20.0,3.0999999046325684,1,1500.0,1498.0,20.0,2.799999952316284,1,1500.0,1504.0,20.0,3.0999999046325684,1
2026-03-31 16:45:24,62.96,1500.0,1493.0,20.0,3.9000000953674316,1,1500.0,1501.0,20.0,3.0,1,1500.0,1499.0,20.0,3.0,1,1500.0,1501.0,20.0,3.0999999046325684,1,1500.0,1505.0,20.0,3.0999999046325684,1,1500.0,1502.0,20.0,3.0999999046325684,1
2026-03-31 16:45:25,63.72,1500.0,1475.0,20.0,3.200000047683716,1,1500.0,1501.0,20.0,3.0999999046325684,1,1500.0,1503.0,20.0,3.0,1,1500.0,1498.0,20.0,3.0999999046325684,1,1500.0,1498.0,20.0,3.200000047683716,1,1500.0,1504.0,20.0,3.0999999046325684,1
2026-03-31 16:45:26,64.44,1500.0,1472.0,20.0,2.799999952316284,1,1500.0,1500.0,20.0,3.0999999046325684,1,1500.0,1496.0,20.0,3.0,1,1500.0,1501.0,20.0,3.0999999046325684,1,1500.0,1495.0,20.0,2.9000000953674316,1,1500.0,1502.0,20.0,3.0999999046325684,1
2026-03-31 16:45:26,65.17,1500.0,1464.0,20.0,2.9000000953674316,1,1500.0,1500.0,20.0,3.0999999046325684,1,1500.0,1505.0,20.0,3.0,1,1500.0,1501.0,20.0,3.0999999046325684,1,1500.0,1509.0,20.0,3.0999999046325684,1,1500.0,1503.0,20.0,3.0999999046325684,1
2026-03-31 16:45:27,65.91,1500.0,1467.0,20.0,3.0999999046325684,1,1500.0,1500.0,20.0,3.0999999046325684,1,1500.0,1495.0,20.0,3.0,1,1500.0,1500.0,20.0,3.0999999046325684,1,1500.0,1501.0,20.0,3.0999999046325684,1,1500.0,1504.0,20.0,3.0999999046325684,1
2026-03-31 16:45:28,66.66,1500.0,1462.0,20.0,3.0,1,1500.0,1500.0,20.0,3.0999999046325684,1,1500.0,1503.0,20.0,3.0999999046325684,1,1500.0,1500.0,20.0,3.0999999046325684,1,1500.0,1495.0,20.0,3.0999999046325684,1,1500.0,1504.0,20.0,3.0999999046325684,1
2026-03-31 16:45:29,67.4,1500.0,1463.0,20.0,3.200000047683716,1,1500.0,1501.0,20.0,3.0999999046325684,1,1500.0,1500.0,20.0,2.9000000953674316,1,1500.0,1500.0,20.0,3.0999999046325684,1,1500.0,1497.0,20.0,2.799999952316284,1,1500.0,1504.0,20.0,3.0999999046325684,1
2026-03-31 16:45:29,68.14,1500.0,1464.0,20.0,3.0,1,1500.0,1501.0,20.0,3.0999999046325684,1,1500.0,1503.0,20.0,3.200000047683716,1,1500.0,1500.0,20.0,3.0999999046325684,1,1500.0,1506.0,20.0,3.200000047683716,1,1500.0,1503.0,20.0,3.0999999046325684,1
2026-03-31 16:45:30,68.88,1500.0,1468.0,20.0,3.299999952316284,1,1500.0,1501.0,20.0,3.0999999046325684,1,1500.0,1502.0,20.0,3.0,1,1500.0,1499.0,20.0,3.0999999046325684,1,1500.0,1498.0,20.0,3.200000047683716,1,1500.0,1505.0,20.0,3.0999999046325684,1
2026-03-31 16:45:31,69.62,1500.0,1461.0,20.0,3.299999952316284,1,1500.0,1501.0,20.0,3.0999999046325684,1,1500.0,1495.0,20.0,3.0,1,1500.0,1500.0,20.0,3.0999999046325684,1,1500.0,1489.0,20.0,2.799999952316284,1,1500.0,1505.0,20.0,3.0999999046325684,1
2026-03-31 16:45:32,70.39,1500.0,1470.0,20.0,3.299999952316284,1,1500.0,1502.0,20.0,3.200000047683716,1,1500.0,1509.0,20.0,3.200000047683716,1,1500.0,1500.0,20.0,3.0999999046325684,1,1500.0,1508.0,20.0,3.0999999046325684,1,1500.0,1504.0,20.0,3.0999999046325684,1
2026-03-31 16:45:32,71.11,1500.0,1485.0,20.0,3.4000000953674316,1,1500.0,1502.0,20.0,3.0999999046325684,1,1500.0,1505.0,20.0,3.0,1,1500.0,1501.0,20.0,3.0999999046325684,1,1500.0,1496.0,20.0,3.0,1,1500.0,1504.0,20.0,3.0999999046325684,1
2026-03-31 16:45:33,71.85,1500.0,1487.0,20.0,3.299999952316284,1,1500.0,1501.0,20.0,3.0999999046325684,1,1500.0,1495.0,20.0,3.0,1,1500.0,1501.0,20.0,3.0999999046325684,1,1500.0,1511.0,20.0,3.0999999046325684,1,1500.0,1502.0,20.0,3.0999999046325684,1
2026-03-31 16:45:34,72.62,1500.0,1480.0,20.0,2.9000000953674316,1,1500.0,1499.0,20.0,3.0999999046325684,1,1500.0,1505.0,20.0,3.0999999046325684,1,1500.0,1501.0,20.0,3.0999999046325684,1,1500.0,1499.0,20.0,3.200000047683716,1,1500.0,1503.0,20.0,3.200000047683716,1
2026-03-31 16:45:35,73.37,1500.0,1467.0,20.0,3.0,1,1500.0,1501.0,20.0,3.0999999046325684,1,1500.0,1498.0,20.0,3.0999999046325684,1,1500.0,1500.0,20.0,3.0999999046325684,1,1500.0,1507.0,20.0,3.0,1,1500.0,1504.0,20.0,3.0999999046325684,1
2026-03-31 16:45:35,74.16,1500.0,1460.0,20.0,2.700000047683716,1,1500.0,1501.0,20.0,3.0999999046325684,1,1500.0,1504.0,20.0,3.0999999046325684,1,1500.0,1499.0,20.0,3.0999999046325684,1,1500.0,1504.0,20.0,3.200000047683716,1,1500.0,1502.0,20.0,3.0999999046325684,1
2026-03-31 16:45:36,74.89,1500.0,1456.0,20.0,3.0,1,1500.0,1501.0,20.0,3.0999999046325684,1,1500.0,1500.0,20.0,3.0,1,1500.0,1503.0,20.0,3.0999999046325684,1,1500.0,1493.0,20.0,3.0,1,1500.0,1504.0,20.0,3.0999999046325684,1
2026-03-31 16:45:37,75.66,1500.0,1473.0,20.0,3.700000047683716,1,1500.0,1501.0,20.0,3.0999999046325684,1,1500.0,1500.0,20.0,3.200000047683716,1,1500.0,1500.0,20.0,3.0999999046325684,1,1500.0,1495.0,20.0,3.0,1,1500.0,1504.0,20.0,3.0999999046325684,1
2026-03-31 16:45:38,76.4,1500.0,1462.0,20.0,3.0,1,1500.0,1501.0,20.0,3.0999999046325684,1,1500.0,1506.0,20.0,3.0999999046325684,1,1500.0,1500.0,20.0,3.0999999046325684,1,1500.0,1505.0,20.0,3.0,1,1500.0,1502.0,20.0,3.0999999046325684,1
2026-03-31 16:45:38,77.13,1500.0,1465.0,20.0,3.0999999046325684,1,1500.0,1501.0,20.0,3.0999999046325684,1,1500.0,1494.0,20.0,2.9000000953674316,1,1500.0,1501.0,20.0,3.0999999046325684,1,1500.0,1505.0,20.0,3.200000047683716,1,1500.0,1503.0,20.0,3.200000047683716,1
2026-03-31 16:45:39,77.86,1500.0,1469.0,20.0,3.0999999046325684,1,1500.0,1499.0,20.0,3.0999999046325684,1,1500.0,1504.0,20.0,3.200000047683716,1,1500.0,1497.0,20.0,3.0999999046325684,1,1500.0,1492.0,20.0,3.0999999046325684,1,1500.0,1505.0,20.0,3.200000047683716,1
2026-03-31 16:45:40,78.61,1500.0,1480.0,20.0,3.5999999046325684,1,1500.0,1499.0,20.0,3.0999999046325684,1,1500.0,1504.0,20.0,3.0,1,1500.0,1499.0,20.0,3.0999999046325684,1,1500.0,1494.0,20.0,2.799999952316284,1,1500.0,1505.0,20.0,3.200000047683716,1
2026-03-31 16:45:41,79.33,1500.0,1480.0,20.0,3.5,1,1500.0,1501.0,20.0,3.0999999046325684,1,1500.0,1496.0,20.0,3.0,1,1500.0,1499.0,20.0,3.0999999046325684,1,1500.0,1510.0,20.0,3.200000047683716,1,1500.0,1501.0,20.0,3.200000047683716,1
2026-03-31 16:45:41,80.05,1500.0,1486.0,20.0,3.200000047683716,1,1500.0,1501.0,20.0,3.0999999046325684,1,1500.0,1505.0,20.0,3.0,1,1500.0,1500.0,20.0,3.200000047683716,1,1500.0,1496.0,20.0,3.200000047683716,1,1500.0,1503.0,20.0,3.0999999046325684,1
2026-03-31 16:45:42,80.78,1500.0,1469.0,20.0,3.200000047683716,1,1500.0,1499.0,20.0,3.0999999046325684,1,1500.0,1505.0,20.0,3.0999999046325684,1,1500.0,1500.0,20.0,3.0999999046325684,1,1500.0,1509.0,20.0,3.0,1,1500.0,1503.0,20.0,3.0999999046325684,1
2026-03-31 16:45:43,81.52,1500.0,1472.0,20.0,3.200000047683716,1,1500.0,1502.0,20.0,3.200000047683716,1,1500.0,1502.0,20.0,3.0,1,1500.0,1499.0,20.0,3.0999999046325684,1,1500.0,1499.0,20.0,3.0999999046325684,1,1500.0,1502.0,20.0,3.0999999046325684,1
2026-03-31 16:45:44,82.27,1500.0,1466.0,20.0,3.200000047683716,1,1500.0,1501.0,20.0,3.0999999046325684,1,1500.0,1500.0,20.0,3.0,1,1500.0,1501.0,20.0,3.0999999046325684,1,1500.0,1494.0,20.0,3.0999999046325684,1,1500.0,1505.0,20.0,3.0999999046325684,1
2026-03-31 16:45:44,83.03,1500.0,1460.0,20.0,3.0,1,1500.0,1500.0,20.0,3.0999999046325684,1,1500.0,1496.0,20.0,3.0,1,1500.0,1502.0,20.0,3.0999999046325684,1,1500.0,1505.0,20.0,3.200000047683716,1,1500.0,1501.0,20.0,3.0999999046325684,1
2026-03-31 16:45:45,83.78,1500.0,1455.0,20.0,2.9000000953674316,1,1500.0,1501.0,20.0,3.0999999046325684,1,1500.0,1507.0,20.0,3.0999999046325684,1,1500.0,1500.0,20.0,3.0999999046325684,1,1500.0,1495.0,20.0,3.0999999046325684,1,1500.0,1501.0,20.0,3.0999999046325684,1
2026-03-31 16:45:46,84.52,1500.0,1469.0,20.0,3.5999999046325684,1,1500.0,1501.0,20.0,3.0999999046325684,1,1500.0,1497.0,20.0,2.9000000953674316,1,1500.0,1499.0,20.0,3.0999999046325684,1,1500.0,1496.0,20.0,3.0999999046325684,1,1500.0,1504.0,20.0,3.0999999046325684,1
2026-03-31 16:45:47,85.25,1500.0,1470.0,20.0,2.700000047683716,1,1500.0,1502.0,20.0,3.0999999046325684,1,1500.0,1505.0,20.0,3.200000047683716,1,1500.0,1499.0,20.0,3.0999999046325684,1,1500.0,1496.0,20.0,2.799999952316284,1,1500.0,1503.0,20.0,3.0999999046325684,1
2026-03-31 16:45:47,86.03,1500.0,1473.0,20.0,3.299999952316284,1,1500.0,1502.0,20.0,3.0999999046325684,1,1500.0,1502.0,20.0,3.0,1,1500.0,1500.0,20.0,3.0999999046325684,1,1500.0,1503.0,20.0,3.0,1,1500.0,1503.0,20.0,3.0999999046325684,1
2026-03-31 16:45:48,86.76,1500.0,1466.0,20.0,3.5999999046325684,1,1500.0,1501.0,20.0,3.0999999046325684,1,1500.0,1498.0,20.0,3.0,1,1500.0,1502.0,20.0,3.0999999046325684,1,1500.0,1502.0,20.0,3.0999999046325684,1,1500.0,1503.0,20.0,3.0999999046325684,1
2026-03-31 16:45:49,87.48,1500.0,1481.0,20.0,3.5999999046325684,1,1500.0,1499.0,20.0,3.0999999046325684,1,1500.0,1507.0,20.0,3.0,1,1500.0,1501.0,20.0,3.0999999046325684,1,1500.0,1491.0,20.0,3.0,1,1500.0,1503.0,20.0,3.0999999046325684,1
2026-03-31 16:45:50,88.22,1500.0,1501.0,20.0,3.4000000953674316,1,1500.0,1500.0,20.0,3.0999999046325684,1,1500.0,1500.0,20.0,3.0,1,1500.0,1498.0,20.0,3.200000047683716,1,1500.0,1503.0,20.0,3.0,1,1500.0,1504.0,20.0,3.0999999046325684,1
2026-03-31 16:45:50,88.99,1500.0,1472.0,20.0,2.5999999046325684,1,1500.0,1502.0,20.0,3.0999999046325684,1,1500.0,1500.0,20.0,3.200000047683716,1,1500.0,1499.0,20.0,3.200000047683716,1,1500.0,1505.0,20.0,3.200000047683716,1,1500.0,1502.0,20.0,3.0999999046325684,1
2026-03-31 16:45:51,89.72,1500.0,1470.0,20.0,3.200000047683716,1,1500.0,1499.0,20.0,3.0,1,1500.0,1499.0,20.0,3.0999999046325684,1,1500.0,1498.0,20.0,3.0999999046325684,1,1500.0,1495.0,20.0,2.9000000953674316,1,1500.0,1504.0,20.0,3.0999999046325684,1
2026-03-31 16:45:52,90.49,1500.0,1470.0,20.0,3.200000047683716,1,1500.0,1499.0,20.0,3.0,1,1500.0,1506.0,20.0,3.0,1,1500.0,1501.0,20.0,3.0999999046325684,1,1500.0,1510.0,20.0,3.0999999046325684,1,1500.0,1501.0,20.0,3.0999999046325684,1
2026-03-31 16:45:53,91.24,1500.0,1472.0,20.0,3.299999952316284,1,1500.0,1503.0,20.0,3.0999999046325684,1,1500.0,1505.0,20.0,3.0999999046325684,1,1500.0,1500.0,20.0,3.0999999046325684,1,1500.0,1492.0,20.0,3.0,1,1500.0,1505.0,20.0,3.0999999046325684,1
2026-03-31 16:45:53,91.97,1500.0,1466.0,20.0,3.0999999046325684,1,1500.0,1501.0,20.0,3.0999999046325684,1,1500.0,1503.0,20.0,3.0,1,1500.0,1500.0,20.0,3.0999999046325684,1,1500.0,1500.0,20.0,2.9000000953674316,1,1500.0,1501.0,20.0,3.0999999046325684,1
2026-03-31 16:45:54,92.73,1500.0,1473.0,20.0,3.299999952316284,1,1500.0,1501.0,20.0,3.0999999046325684,1,1500.0,1498.0,20.0,3.0,1,1500.0,1500.0,20.0,3.0999999046325684,1,1500.0,1510.0,20.0,3.299999952316284,1,1500.0,1506.0,20.0,3.200000047683716,1
2026-03-31 16:45:55,93.46,1500.0,1483.0,20.0,3.700000047683716,1,1500.0,1500.0,20.0,3.0999999046325684,1,1500.0,1506.0,20.0,3.0999999046325684,1,1500.0,1500.0,20.0,3.0999999046325684,1,1500.0,1497.0,20.0,3.299999952316284,1,1500.0,1503.0,20.0,3.200000047683716,1
2026-03-31 16:45:55,94.21,1500.0,1483.0,20.0,3.5,1,1500.0,1500.0,20.0,3.0999999046325684,1,1500.0,1497.0,20.0,3.0,1,1500.0,1500.0,20.0,3.0999999046325684,1,1500.0,1490.0,20.0,2.9000000953674316,1,1500.0,1503.0,20.0,3.0999999046325684,1
2026-03-31 16:45:56,94.97,1500.0,1469.0,20.0,2.9000000953674316,1,1500.0,1500.0,20.0,3.0999999046325684,1,1500.0,1500.0,20.0,3.0999999046325684,1,1500.0,1500.0,20.0,3.0999999046325684,1,1500.0,1504.0,20.0,2.9000000953674316,1,1500.0,1503.0,20.0,3.200000047683716,1
2026-03-31 16:45:57,95.72,1500.0,1471.0,20.0,3.299999952316284,1,1500.0,1502.0,20.0,3.0999999046325684,1,1500.0,1505.0,20.0,3.0,1,1500.0,1500.0,20.0,3.200000047683716,1,1500.0,1505.0,20.0,3.200000047683716,1,1500.0,1504.0,20.0,3.200000047683716,1
2026-03-31 16:45:58,96.47,1500.0,1475.0,20.0,3.299999952316284,1,1500.0,1501.0,20.0,3.0999999046325684,1,1500.0,1498.0,20.0,3.0,1,1500.0,1500.0,20.0,3.200000047683716,1,1500.0,1493.0,20.0,3.200000047683716,1,1500.0,1505.0,20.0,3.0999999046325684,1
2026-03-31 16:45:59,97.22,1500.0,1481.0,20.0,3.299999952316284,1,1500.0,1501.0,20.0,3.0999999046325684,1,1500.0,1507.0,20.0,3.0999999046325684,1,1500.0,1500.0,20.0,3.200000047683716,1,1500.0,1493.0,20.0,3.0999999046325684,1,1500.0,1504.0,20.0,3.0999999046325684,1
2026-03-31 16:45:59,97.95,1500.0,1479.0,20.0,3.200000047683716,1,1500.0,1501.0,20.0,3.0999999046325684,1,1500.0,1498.0,20.0,2.9000000953674316,1,1500.0,1500.0,20.0,3.0999999046325684,1,1500.0,1507.0,20.0,3.0,1,1500.0,1502.0,20.0,3.0999999046325684,1
2026-03-31 16:46:00,98.76,1500.0,1468.0,20.0,3.200000047683716,1,1500.0,1501.0,20.0,3.0999999046325684,1,1500.0,1506.0,20.0,3.0,1,1500.0,1500.0,20.0,3.0999999046325684,1,1500.0,1490.0,20.0,3.0,1,1500.0,1503.0,20.0,3.0999999046325684,1
2026-03-31 16:46:01,99.49,1500.0,1469.0,20.0,2.9000000953674316,1,1500.0,1500.0,20.0,3.0999999046325684,1,1500.0,1500.0,20.0,3.0999999046325684,1,1500.0,1501.0,20.0,3.0999999046325684,1,1500.0,1512.0,20.0,3.299999952316284,1,1500.0,1501.0,20.0,3.0999999046325684,1
2026-03-31 16:46:01,100.22,1500.0,1470.0,20.0,3.0,1,1500.0,1501.0,20.0,3.0999999046325684,1,1500.0,1506.0,20.0,3.0999999046325684,1,1500.0,1501.0,20.0,3.0999999046325684,1,1500.0,1494.0,20.0,3.200000047683716,1,1500.0,1501.0,20.0,3.0999999046325684,1
2026-03-31 16:46:02,100.98,1500.0,1463.0,20.0,3.0,1,1500.0,1501.0,20.0,3.0999999046325684,1,1500.0,1495.0,20.0,2.9000000953674316,1,1500.0,1502.0,20.0,3.0999999046325684,1,1500.0,1494.0,20.0,2.700000047683716,1,1500.0,1505.0,20.0,3.0999999046325684,1
2026-03-31 16:46:03,101.71,1500.0,1468.0,20.0,2.9000000953674316,1,1500.0,1501.0,20.0,3.0999999046325684,1,1500.0,1503.0,20.0,3.200000047683716,1,1500.0,1500.0,20.0,3.0999999046325684,1,1500.0,1509.0,20.0,3.200000047683716,1,1500.0,1504.0,20.0,3.0999999046325684,1
2026-03-31 16:46:04,102.46,1500.0,1468.0,20.0,2.9000000953674316,1,1500.0,1501.0,20.0,3.0999999046325684,1,1500.0,1503.0,20.0,3.0,1,1500.0,1500.0,20.0,3.0999999046325684,1,1500.0,1497.0,20.0,3.200000047683716,1,1500.0,1502.0,20.0,3.0999999046325684,1
2026-03-31 16:46:05,103.25,1500.0,1467.0,20.0,3.200000047683716,1,1500.0,1501.0,20.0,3.0999999046325684,1,1500.0,1497.0,20.0,3.0,1,1500.0,1501.0,20.0,3.200000047683716,1,1500.0,1492.0,20.0,2.9000000953674316,1,1500.0,1502.0,20.0,3.0999999046325684,1
2026-03-31 16:46:05,104.02,1500.0,1460.0,20.0,2.799999952316284,1,1500.0,1501.0,20.0,3.0999999046325684,1,1500.0,1504.0,20.0,3.0,1,1500.0,1499.0,20.0,3.0999999046325684,1,1500.0,1497.0,20.0,2.9000000953674316,1,1500.0,1503.0,20.0,3.0999999046325684,1
2026-03-31 16:46:06,104.8,1500.0,1482.0,20.0,3.5999999046325684,1,1500.0,1501.0,20.0,3.0999999046325684,1,1500.0,1500.0,20.0,3.0,1,1500.0,1499.0,20.0,3.0999999046325684,1,1500.0,1508.0,20.0,3.0999999046325684,1,1500.0,1504.0,20.0,3.0999999046325684,1
2026-03-31 16:46:07,105.55,1500.0,1469.0,20.0,3.4000000953674316,1,1500.0,1501.0,20.0,3.0999999046325684,1,1500.0,1498.0,20.0,3.0,1,1500.0,1499.0,20.0,3.0999999046325684,1,1500.0,1502.0,20.0,3.0999999046325684,1,1500.0,1504.0,20.0,3.0999999046325684,1
2026-03-31 16:46:08,106.32,1500.0,1489.0,20.0,3.4000000953674316,1,1500.0,1500.0,20.0,3.0999999046325684,1,1500.0,1504.0,20.0,3.0,1,1500.0,1499.0,20.0,3.0999999046325684,1,1500.0,1492.0,20.0,3.0999999046325684,1,1500.0,1503.0,20.0,3.0999999046325684,1
2026-03-31 16:46:08,107.05,1500.0,1476.0,20.0,2.9000000953674316,1,1500.0,1501.0,20.0,3.0999999046325684,1,1500.0,1498.0,20.0,3.0999999046325684,1,1500.0,1499.0,20.0,3.0999999046325684,1,1500.0,1508.0,20.0,3.0999999046325684,1,1500.0,1505.0,20.0,3.0999999046325684,1
2026-03-31 16:46:09,107.83,1500.0,1462.0,20.0,2.9000000953674316,1,1500.0,1501.0,20.0,3.0999999046325684,1,1500.0,1500.0,20.0,2.9000000953674316,1,1500.0,1499.0,20.0,3.0999999046325684,1,1500.0,1492.0,20.0,3.0,1,1500.0,1503.0,20.0,3.0999999046325684,1
2026-03-31 16:46:10,108.58,1500.0,1483.0,20.0,3.799999952316284,1,1500.0,1501.0,20.0,3.0999999046325684,1,1500.0,1497.0,20.0,3.0999999046325684,1,1500.0,1499.0,20.0,3.0999999046325684,1,1500.0,1503.0,20.0,3.0,1,1500.0,1503.0,20.0,3.200000047683716,1
2026-03-31 16:46:11,109.32,1500.0,1463.0,20.0,3.0,1,1500.0,1500.0,20.0,3.0,1,1500.0,1505.0,20.0,3.0999999046325684,1,1500.0,1499.0,20.0,3.0999999046325684,1,1500.0,1503.0,20.0,3.200000047683716,1,1500.0,1504.0,20.0,3.200000047683716,1
2026-03-31 16:46:11,110.04,1500.0,1461.0,20.0,2.700000047683716,1,1500.0,1500.0,20.0,3.0999999046325684,1,1500.0,1498.0,20.0,3.0,1,1500.0,1499.0,20.0,3.0999999046325684,1,1500.0,1491.0,20.0,3.0,1,1500.0,1503.0,20.0,3.200000047683716,1
2026-03-31 16:46:12,110.78,1500.0,1479.0,20.0,3.4000000953674316,1,1500.0,1501.0,20.0,3.0999999046325684,1,1500.0,1501.0,20.0,3.0999999046325684,1,1500.0,1499.0,20.0,3.0999999046325684,1,1500.0,1501.0,20.0,2.9000000953674316,1,1500.0,1503.0,20.0,3.0999999046325684,1
2026-03-31 16:46:13,111.61,1500.0,1466.0,20.0,3.0999999046325684,1,1500.0,1502.0,20.0,3.0999999046325684,1,1500.0,1505.0,20.0,3.0,1,1500.0,1502.0,20.0,3.0999999046325684,1,1500.0,1507.0,20.0,3.200000047683716,1,1500.0,1502.0,20.0,3.0999999046325684,1
2026-03-31 16:46:14,112.35,1500.0,1474.0,20.0,3.4000000953674316,1,1500.0,1500.0,20.0,3.0999999046325684,1,1500.0,1497.0,20.0,3.0,1,1500.0,1502.0,20.0,3.0999999046325684,1,1500.0,1498.0,20.0,3.200000047683716,1,1500.0,1504.0,20.0,3.0999999046325684,1
2026-03-31 16:46:14,113.14,1500.0,1482.0,20.0,3.5,1,1500.0,1501.0,20.0,3.0999999046325684,1,1500.0,1505.0,20.0,3.200000047683716,1,1500.0,1502.0,20.0,3.200000047683716,1,1500.0,1495.0,20.0,3.0999999046325684,1,1500.0,1505.0,20.0,3.0999999046325684,1
2026-03-31 16:46:15,113.88,1500.0,1473.0,20.0,3.200000047683716,1,1500.0,1500.0,20.0,3.0999999046325684,1,1500.0,1499.0,20.0,2.9000000953674316,1,1500.0,1500.0,20.0,3.0999999046325684,1,1500.0,1501.0,20.0,2.9000000953674316,1,1500.0,1505.0,20.0,3.0999999046325684,1
2026-03-31 16:46:16,114.7,1500.0,1464.0,20.0,3.200000047683716,1,1500.0,1500.0,20.0,3.0999999046325684,1,1500.0,1505.0,20.0,3.0999999046325684,1,1500.0,1501.0,20.0,3.200000047683716,1,1500.0,1497.0,20.0,3.0999999046325684,1,1500.0,1504.0,20.0,3.200000047683716,1
2026-03-31 16:46:17,115.42,1500.0,1467.0,20.0,3.0,1,1500.0,1501.0,20.0,3.0999999046325684,1,1500.0,1501.0,20.0,3.0,1,1500.0,1499.0,20.0,3.0999999046325684,1,1500.0,1489.0,20.0,2.700000047683716,1,1500.0,1504.0,20.0,3.200000047683716,1
2026-03-31 16:46:17,116.16,1500.0,1486.0,20.0,3.0,1,1500.0,1501.0,20.0,3.0999999046325684,1,1500.0,1501.0,20.0,3.0999999046325684,1,1500.0,1499.0,20.0,3.0999999046325684,1,1500.0,1505.0,20.0,3.0999999046325684,1,1500.0,1504.0,20.0,3.200000047683716,1
2026-03-31 16:46:18,116.91,1500.0,1447.0,20.0,3.299999952316284,1,1500.0,1501.0,20.0,3.0999999046325684,1,1500.0,1495.0,20.0,3.0,1,1500.0,1500.0,20.0,3.0999999046325684,1,1500.0,1495.0,20.0,3.0999999046325684,1,1500.0,1503.0,20.0,3.0999999046325684,1
2026-03-31 16:46:19,117.68,1500.0,1460.0,20.0,3.0999999046325684,1,1500.0,1501.0,20.0,3.0,1,1500.0,1502.0,20.0,3.0999999046325684,1,1500.0,1499.0,20.0,3.0999999046325684,1,1500.0,1491.0,20.0,2.9000000953674316,1,1500.0,1501.0,20.0,3.0999999046325684,1
2026-03-31 16:46:20,118.47,1500.0,1478.0,20.0,3.0999999046325684,1,1500.0,1502.0,20.0,3.0999999046325684,1,1500.0,1504.0,20.0,3.0999999046325684,1,1500.0,1498.0,20.0,3.0,1,1500.0,1511.0,20.0,3.0999999046325684,1,1500.0,1506.0,20.0,3.0999999046325684,1
2026-03-31 16:46:21,119.23,1500.0,1486.0,20.0,3.299999952316284,1,1500.0,1500.0,20.0,3.0999999046325684,1,1500.0,1499.0,20.0,3.0,1,1500.0,1500.0,20.0,3.0,1,1500.0,1500.0,20.0,3.200000047683716,1,1500.0,1504.0,20.0,3.0999999046325684,1
2026-03-31 16:46:21,119.96,1500.0,1471.0,20.0,3.0999999046325684,1,1500.0,1500.0,20.0,3.0999999046325684,1,1500.0,1503.0,20.0,3.0999999046325684,1,1500.0,1500.0,20.0,3.0999999046325684,1,1500.0,1493.0,20.0,3.0,1,1500.0,1504.0,20.0,3.0999999046325684,1
2026-03-31 16:46:22,120.7,1500.0,1474.0,20.0,3.200000047683716,1,1500.0,1501.0,20.0,3.0999999046325684,1,1500.0,1503.0,20.0,3.0,1,1500.0,1500.0,20.0,3.0999999046325684,1,1500.0,1496.0,20.0,2.9000000953674316,1,1500.0,1502.0,20.0,3.0999999046325684,1
2026-03-31 16:46:23,121.48,1500.0,1472.0,20.0,3.299999952316284,1,1500.0,1500.0,20.0,3.0999999046325684,1,1500.0,1496.0,20.0,3.0,1,1500.0,1501.0,20.0,3.0999999046325684,1,1500.0,1500.0,20.0,2.9000000953674316,1,1500.0,1503.0,20.0,3.0999999046325684,1
2026-03-31 16:46:23,122.22,1500.0,1466.0,20.0,3.299999952316284,1,1500.0,1500.0,20.0,3.0999999046325684,1,1500.0,1501.0,20.0,3.0,1,1500.0,1499.0,20.0,3.0999999046325684,1,1500.0,1498.0,20.0,3.0999999046325684,1,1500.0,1503.0,20.0,3.0999999046325684,1
2026-03-31 16:46:24,122.96,1500.0,1456.0,20.0,2.9000000953674316,1,1500.0,1500.0,20.0,3.0999999046325684,1,1500.0,1498.0,20.0,3.0999999046325684,1,1500.0,1501.0,20.0,3.0999999046325684,1,1500.0,1501.0,20.0,2.9000000953674316,1,1500.0,1502.0,20.0,3.0999999046325684,1
2026-03-31 16:46:25,123.7,1500.0,1473.0,20.0,3.299999952316284,1,1500.0,1499.0,20.0,3.0,1,1500.0,1503.0,20.0,3.0999999046325684,1,1500.0,1504.0,20.0,3.200000047683716,1,1500.0,1500.0,20.0,3.200000047683716,1,1500.0,1505.0,20.0,3.200000047683716,1
2026-03-31 16:46:26,124.43,1500.0,1471.0,20.0,3.299999952316284,1,1500.0,1499.0,20.0,3.0,1,1500.0,1496.0,20.0,2.9000000953674316,1,1500.0,1499.0,20.0,3.0999999046325684,1,1500.0,1489.0,20.0,3.0,1,1500.0,1504.0,20.0,3.0999999046325684,1
2026-03-31 16:46:26,125.18,1500.0,1468.0,20.0,3.200000047683716,1,1500.0,1501.0,20.0,3.0999999046325684,1,1500.0,1503.0,20.0,3.200000047683716,1,1500.0,1501.0,20.0,3.200000047683716,1,1500.0,1498.0,20.0,2.9000000953674316,1,1500.0,1504.0,20.0,3.0999999046325684,1
2026-03-31 16:46:27,125.95,1500.0,1468.0,20.0,3.0,1,1500.0,1500.0,20.0,3.0999999046325684,1,1500.0,1499.0,20.0,3.0999999046325684,1,1500.0,1500.0,20.0,3.200000047683716,1,1500.0,1503.0,20.0,3.200000047683716,1,1500.0,1503.0,20.0,3.0999999046325684,1
2026-03-31 16:46:28,126.7,1500.0,1477.0,20.0,3.200000047683716,1,1500.0,1501.0,20.0,3.0999999046325684,1,1500.0,1503.0,20.0,3.0,1,1500.0,1500.0,20.0,3.200000047683716,1,1500.0,1497.0,20.0,3.200000047683716,1,1500.0,1503.0,20.0,3.0999999046325684,1
2026-03-31 16:46:29,127.44,1500.0,1463.0,20.0,3.0,1,1500.0,1501.0,20.0,3.0999999046325684,1,1500.0,1496.0,20.0,2.9000000953674316,1,1500.0,1501.0,20.0,3.200000047683716,1,1500.0,1493.0,20.0,2.9000000953674316,1,1500.0,1503.0,20.0,3.0999999046325684,1
2026-03-31 16:46:29,128.18,1500.0,1479.0,20.0,3.299999952316284,1,1500.0,1500.0,20.0,3.0999999046325684,1,1500.0,1501.0,20.0,3.0999999046325684,1,1500.0,1500.0,20.0,3.200000047683716,1,1500.0,1510.0,20.0,3.200000047683716,1,1500.0,1503.0,20.0,3.0999999046325684,1
2026-03-31 16:46:30,128.96,1500.0,1476.0,20.0,3.299999952316284,1,1500.0,1500.0,20.0,3.0999999046325684,1,1500.0,1502.0,20.0,3.0,1,1500.0,1498.0,20.0,3.0999999046325684,1,1500.0,1498.0,20.0,3.200000047683716,1,1500.0,1503.0,20.0,3.0999999046325684,1
2026-03-31 16:46:31,129.79,1500.0,1466.0,20.0,3.200000047683716,1,1500.0,1502.0,20.0,3.0999999046325684,1,1500.0,1497.0,20.0,3.0999999046325684,1,1500.0,1499.0,20.0,3.0999999046325684,1,1500.0,1511.0,20.0,3.0999999046325684,1,1500.0,1504.0,20.0,3.0999999046325684,1
2026-03-31 16:46:32,130.59,1500.0,1467.0,20.0,3.0,1,1500.0,1501.0,20.0,3.0999999046325684,1,1500.0,1503.0,20.0,3.0999999046325684,1,1500.0,1499.0,20.0,3.0999999046325684,1,1500.0,1497.0,20.0,3.0999999046325684,1,1500.0,1504.0,20.0,3.0999999046325684,1
2026-03-31 16:46:33,131.33,1500.0,1471.0,20.0,3.0999999046325684,1,1500.0,1500.0,20.0,3.0999999046325684,1,1500.0,1495.0,20.0,3.0,1,1500.0,1499.0,20.0,3.0,1,1500.0,1490.0,20.0,2.9000000953674316,1,1500.0,1504.0,20.0,3.0999999046325684,1
2026-03-31 16:46:33,132.1,1500.0,1469.0,20.0,2.9000000953674316,1,1500.0,1501.0,20.0,3.0999999046325684,1,1500.0,1509.0,20.0,3.0999999046325684,1,1500.0,1501.0,20.0,3.0999999046325684,1,1500.0,1505.0,20.0,2.9000000953674316,1,1500.0,1501.0,20.0,3.0999999046325684,1
2026-03-31 16:46:34,132.86,1500.0,1469.0,20.0,3.0,1,1500.0,1501.0,20.0,3.0999999046325684,1,1500.0,1498.0,20.0,2.9000000953674316,1,1500.0,1501.0,20.0,3.0999999046325684,1,1500.0,1501.0,20.0,3.299999952316284,1,1500.0,1503.0,20.0,3.0999999046325684,1
2026-03-31 16:46:35,133.65,1500.0,1466.0,20.0,3.0,1,1500.0,1499.0,20.0,3.0,1,1500.0,1501.0,20.0,3.0999999046325684,1,1500.0,1501.0,20.0,3.0999999046325684,1,1500.0,1490.0,20.0,3.0,1,1500.0,1505.0,20.0,3.0999999046325684,1
2026-03-31 16:46:36,134.39,1500.0,1457.0,20.0,2.700000047683716,1,1500.0,1501.0,20.0,3.0999999046325684,1,1500.0,1504.0,20.0,3.0999999046325684,1,1500.0,1499.0,20.0,3.0999999046325684,1,1500.0,1509.0,20.0,3.200000047683716,1,1500.0,1505.0,20.0,3.0999999046325684,1
2026-03-31 16:46:36,135.14,1500.0,1466.0,20.0,3.0999999046325684,1,1500.0,1501.0,20.0,3.0999999046325684,1,1500.0,1504.0,20.0,3.0999999046325684,1,1500.0,1499.0,20.0,3.200000047683716,1,1500.0,1491.0,20.0,2.799999952316284,1,1500.0,1504.0,20.0,3.0999999046325684,1
2026-03-31 16:46:37,135.87,1500.0,1467.0,20.0,3.5,1,1500.0,1501.0,20.0,3.0999999046325684,1,1500.0,1504.0,20.0,3.0,1,1500.0,1499.0,20.0,3.200000047683716,1,1500.0,1509.0,20.0,3.200000047683716,1,1500.0,1504.0,20.0,3.0999999046325684,1
2026-03-31 16:46:38,136.62,1500.0,1465.0,20.0,2.9000000953674316,1,1500.0,1502.0,20.0,3.0999999046325684,1,1500.0,1494.0,20.0,3.0,1,1500.0,1499.0,20.0,3.0999999046325684,1,1500.0,1498.0,20.0,3.200000047683716,1,1500.0,1505.0,20.0,3.200000047683716,1
2026-03-31 16:46:39,137.35,1500.0,1472.0,20.0,3.4000000953674316,1,1500.0,1500.0,20.0,3.0,1,1500.0,1502.0,20.0,3.0,1,1500.0,1499.0,20.0,3.0999999046325684,1,1500.0,1509.0,20.0,3.0999999046325684,1,1500.0,1504.0,20.0,3.200000047683716,1
2026-03-31 16:46:39,138.11,1500.0,1481.0,20.0,3.5999999046325684,1,1500.0,1498.0,20.0,3.0,1,1500.0,1496.0,20.0,3.0,1,1500.0,1499.0,20.0,3.0999999046325684,1,1500.0,1499.0,20.0,3.0999999046325684,1,1500.0,1503.0,20.0,3.200000047683716,1
2026-03-31 16:46:40,138.9,1500.0,1465.0,20.0,3.0,1,1500.0,1499.0,20.0,3.0,1,1500.0,1507.0,20.0,3.0999999046325684,1,1500.0,1498.0,20.0,3.0999999046325684,1,1500.0,1496.0,20.0,3.0,1,1500.0,1504.0,20.0,3.200000047683716,1
2026-03-31 16:46:41,139.71,1500.0,1476.0,20.0,3.299999952316284,1,1500.0,1501.0,20.0,3.0999999046325684,1,1500.0,1500.0,20.0,2.9000000953674316,1,1500.0,1500.0,20.0,3.0999999046325684,1,1500.0,1506.0,20.0,3.0,1,1500.0,1504.0,20.0,3.200000047683716,1
2026-03-31 16:46:42,140.45,1500.0,1476.0,20.0,3.200000047683716,1,1500.0,1501.0,20.0,3.0999999046325684,1,1500.0,1499.0,20.0,3.0999999046325684,1,1500.0,1500.0,20.0,3.0999999046325684,1,1500.0,1502.0,20.0,3.200000047683716,1,1500.0,1502.0,20.0,3.0999999046325684,1
2026-03-31 16:46:42,141.19,1500.0,1493.0,20.0,3.200000047683716,1,1500.0,1500.0,20.0,3.0999999046325684,1,1500.0,1504.0,20.0,3.0999999046325684,1,1500.0,1499.0,20.0,3.0999999046325684,1,1500.0,1491.0,20.0,3.0,1,1500.0,1502.0,20.0,3.0999999046325684,1
2026-03-31 16:46:43,141.95,1500.0,1471.0,20.0,3.0999999046325684,1,1500.0,1501.0,20.0,3.0999999046325684,1,1500.0,1499.0,20.0,3.0,1,1500.0,1500.0,20.0,3.0999999046325684,1,1500.0,1505.0,20.0,3.0,1,1500.0,1505.0,20.0,3.0999999046325684,1
2026-03-31 16:46:44,142.7,1500.0,1475.0,20.0,2.799999952316284,1,1500.0,1501.0,20.0,3.0999999046325684,1,1500.0,1504.0,20.0,3.200000047683716,1,1500.0,1500.0,20.0,3.0999999046325684,1,1500.0,1504.0,20.0,3.299999952316284,1,1500.0,1504.0,20.0,3.0999999046325684,1
2026-03-31 16:46:45,143.43,1500.0,1470.0,20.0,3.0,1,1500.0,1501.0,20.0,3.0999999046325684,1,1500.0,1504.0,20.0,3.0999999046325684,1,1500.0,1501.0,20.0,3.200000047683716,1,1500.0,1496.0,20.0,3.200000047683716,1,1500.0,1503.0,20.0,3.0999999046325684,1
2026-03-31 16:46:45,144.17,1500.0,1465.0,20.0,2.700000047683716,1,1500.0,1501.0,20.0,3.0999999046325684,1,1500.0,1499.0,20.0,3.0,1,1500.0,1500.0,20.0,3.0999999046325684,1,1500.0,1494.0,20.0,2.9000000953674316,1,1500.0,1502.0,20.0,3.0999999046325684,1
2026-03-31 16:46:46,144.96,1500.0,1463.0,20.0,3.200000047683716,1,1500.0,1500.0,20.0,3.0999999046325684,1,1500.0,1496.0,20.0,2.9000000953674316,1,1500.0,1502.0,20.0,3.0999999046325684,1,1500.0,1493.0,20.0,3.0999999046325684,1,1500.0,1504.0,20.0,3.0999999046325684,1
2026-03-31 16:46:47,145.75,1500.0,1463.0,20.0,3.0,1,1500.0,1501.0,20.0,3.0999999046325684,1,1500.0,1500.0,20.0,3.200000047683716,1,1500.0,1498.0,20.0,3.0999999046325684,1,1500.0,1502.0,20.0,2.9000000953674316,1,1500.0,1503.0,20.0,3.0999999046325684,1
2026-03-31 16:46:48,146.48,1500.0,1471.0,20.0,3.0,1,1500.0,1501.0,20.0,3.0999999046325684,1,1500.0,1506.0,20.0,3.0999999046325684,1,1500.0,1499.0,20.0,3.0999999046325684,1,1500.0,1506.0,20.0,3.200000047683716,1,1500.0,1503.0,20.0,3.0999999046325684,1
2026-03-31 16:46:49,147.22,1500.0,1479.0,20.0,3.200000047683716,1,1500.0,1501.0,20.0,3.0999999046325684,1,1500.0,1498.0,20.0,2.9000000953674316,1,1500.0,1499.0,20.0,3.0999999046325684,1,1500.0,1490.0,20.0,3.0999999046325684,1,1500.0,1505.0,20.0,3.0999999046325684,1
2026-03-31 16:46:49,147.99,1500.0,1460.0,20.0,2.9000000953674316,1,1500.0,1501.0,20.0,3.0999999046325684,1,1500.0,1499.0,20.0,3.0999999046325684,1,1500.0,1500.0,20.0,3.0999999046325684,1,1500.0,1504.0,20.0,3.0,1,1500.0,1503.0,20.0,3.0999999046325684,1
2026-03-31 16:46:50,148.74,1500.0,1476.0,20.0,3.0999999046325684,1,1500.0,1501.0,20.0,3.0999999046325684,1,1500.0,1507.0,20.0,3.0999999046325684,1,1500.0,1500.0,20.0,3.0999999046325684,1,1500.0,1502.0,20.0,3.200000047683716,1,1500.0,1504.0,20.0,3.0999999046325684,1
2026-03-31 16:46:51,149.47,1500.0,1480.0,20.0,3.200000047683716,1,1500.0,1501.0,20.0,3.0999999046325684,1,1500.0,1496.0,20.0,3.0999999046325684,1,1500.0,1500.0,20.0,3.0999999046325684,1,1500.0,1491.0,20.0,3.0,1,1500.0,1502.0,20.0,3.0999999046325684,1
2026-03-31 16:46:51,150.2,1500.0,1480.0,20.0,3.299999952316284,1,1500.0,1501.0,20.0,3.0999999046325684,1,1500.0,1504.0,20.0,3.0999999046325684,1,1500.0,1500.0,20.0,3.0999999046325684,1,1500.0,1502.0,20.0,3.0,1,1500.0,1504.0,20.0,3.0999999046325684,1
2026-03-31 16:46:52,150.93,1500.0,1465.0,20.0,3.0,1,1500.0,1501.0,20.0,3.0999999046325684,1,1500.0,1502.0,20.0,3.0,1,1500.0,1500.0,20.0,3.0999999046325684,1,1500.0,1507.0,20.0,3.200000047683716,1,1500.0,1503.0,20.0,3.0999999046325684,1
2026-03-31 16:46:53,151.67,1500.0,1460.0,20.0,3.200000047683716,1,1500.0,1499.0,20.0,3.0999999046325684,1,1500.0,1498.0,20.0,3.0,1,1500.0,1500.0,20.0,3.0999999046325684,1,1500.0,1499.0,20.0,3.200000047683716,1,1500.0,1503.0,20.0,3.0999999046325684,1
2026-03-31 16:46:54,152.4,1500.0,1472.0,20.0,3.200000047683716,1,1500.0,1502.0,20.0,3.0999999046325684,1,1500.0,1507.0,20.0,3.0999999046325684,1,1500.0,1500.0,20.0,3.0999999046325684,1,1500.0,1489.0,20.0,3.0,1,1500.0,1501.0,20.0,3.0999999046325684,1
2026-03-31 16:46:54,153.12,1500.0,1472.0,20.0,3.200000047683716,1,1500.0,1501.0,20.0,3.0999999046325684,1,1500.0,1501.0,20.0,3.0,1,1500.0,1500.0,20.0,3.0999999046325684,1,1500.0,1502.0,20.0,2.9000000953674316,1,1500.0,1503.0,20.0,3.0999999046325684,1
2026-03-31 16:46:55,153.86,1500.0,1475.0,20.0,3.5,1,1500.0,1501.0,20.0,3.0999999046325684,1,1500.0,1506.0,20.0,3.200000047683716,1,1500.0,1500.0,20.0,3.0999999046325684,1,1500.0,1494.0,20.0,2.700000047683716,1,1500.0,1504.0,20.0,3.0999999046325684,1
2026-03-31 16:46:56,154.62,1500.0,1482.0,20.0,3.799999952316284,1,1500.0,1500.0,20.0,3.0999999046325684,1,1500.0,1498.0,20.0,2.9000000953674316,1,1500.0,1501.0,20.0,3.0999999046325684,1,1500.0,1509.0,20.0,3.299999952316284,1,1500.0,1502.0,20.0,3.0999999046325684,1
2026-03-31 16:46:57,155.34,1500.0,1453.0,20.0,2.799999952316284,1,1500.0,1500.0,20.0,3.0999999046325684,1,1500.0,1500.0,20.0,3.0999999046325684,1,1500.0,1500.0,20.0,3.0999999046325684,1,1500.0,1492.0,20.0,3.0999999046325684,1,1500.0,1505.0,20.0,3.0999999046325684,1
2026-03-31 16:46:57,156.08,1500.0,1479.0,20.0,3.4000000953674316,1,1500.0,1500.0,20.0,3.0999999046325684,1,1500.0,1504.0,20.0,3.0,1,1500.0,1498.0,20.0,3.0999999046325684,1,1500.0,1501.0,20.0,2.9000000953674316,1,1500.0,1503.0,20.0,3.0999999046325684,1
2026-03-31 16:46:58,156.83,1500.0,1463.0,20.0,2.700000047683716,1,1500.0,1500.0,20.0,3.0999999046325684,1,1500.0,1497.0,20.0,3.0,1,1500.0,1498.0,20.0,3.0999999046325684,1,1500.0,1506.0,20.0,3.200000047683716,1,1500.0,1503.0,20.0,3.0999999046325684,1
2026-03-31 16:46:59,157.58,1500.0,1475.0,20.0,3.0999999046325684,1,1500.0,1504.0,20.0,3.0999999046325684,1,1500.0,1501.0,20.0,3.0999999046325684,1,1500.0,1497.0,20.0,3.0,1,1500.0,1500.0,20.0,3.200000047683716,1,1500.0,1502.0,20.0,3.0999999046325684,1
2026-03-31 16:47:00,158.3,1500.0,1487.0,20.0,3.9000000953674316,1,1500.0,1501.0,20.0,3.0999999046325684,1,1500.0,1501.0,20.0,3.0,1,1500.0,1498.0,20.0,3.0,1,1500.0,1492.0,20.0,3.0,1,1500.0,1503.0,20.0,3.0999999046325684,1
2026-03-31 16:47:00,159.04,1500.0,1494.0,20.0,3.200000047683716,1,1500.0,1501.0,20.0,3.0999999046325684,1,1500.0,1496.0,20.0,3.0,1,1500.0,1500.0,20.0,3.0999999046325684,1,1500.0,1512.0,20.0,3.0,1,1500.0,1505.0,20.0,3.0999999046325684,1
2026-03-31 16:47:01,159.79,1500.0,1463.0,20.0,3.299999952316284,1,1500.0,1501.0,20.0,3.0999999046325684,1,1500.0,1504.0,20.0,3.200000047683716,1,1500.0,1500.0,20.0,3.0999999046325684,1,1500.0,1500.0,20.0,3.200000047683716,1,1500.0,1505.0,20.0,3.0999999046325684,1
2026-03-31 16:47:02,160.53,1500.0,1477.0,20.0,3.0999999046325684,1,1500.0,1501.0,20.0,3.0999999046325684,1,1500.0,1506.0,20.0,3.0999999046325684,1,1500.0,1500.0,20.0,3.0999999046325684,1,1500.0,1491.0,20.0,3.0999999046325684,1,1500.0,1502.0,20.0,3.0999999046325684,1
2026-03-31 16:47:03,161.27,1500.0,1469.0,20.0,2.9000000953674316,1,1500.0,1500.0,20.0,3.0999999046325684,1,1500.0,1499.0,20.0,3.0,1,1500.0,1501.0,20.0,3.200000047683716,1,1500.0,1500.0,20.0,3.0,1,1500.0,1504.0,20.0,3.0999999046325684,1
2026-03-31 16:47:03,162.14,1500.0,1469.0,20.0,3.0999999046325684,1,1500.0,1501.0,20.0,3.0999999046325684,1,1500.0,1500.0,20.0,3.0,1,1500.0,1500.0,20.0,3.0999999046325684,1,1500.0,1495.0,20.0,2.9000000953674316,1,1500.0,1501.0,20.0,3.0999999046325684,1
2026-03-31 16:47:04,162.91,1500.0,1466.0,20.0,3.200000047683716,1,1500.0,1501.0,20.0,3.0999999046325684,1,1500.0,1494.0,20.0,3.0,1,1500.0,1500.0,20.0,3.0999999046325684,1,1500.0,1511.0,20.0,3.0999999046325684,1,1500.0,1503.0,20.0,3.0999999046325684,1
2026-03-31 16:47:05,163.72,1500.0,1460.0,20.0,3.0999999046325684,1,1500.0,1501.0,20.0,3.0999999046325684,1,1500.0,1504.0,20.0,3.0,1,1500.0,1500.0,20.0,3.0999999046325684,1,1500.0,1502.0,20.0,3.200000047683716,1,1500.0,1504.0,20.0,3.0999999046325684,1
2026-03-31 16:47:06,164.48,1500.0,1470.0,20.0,3.0999999046325684,1,1500.0,1502.0,20.0,3.0999999046325684,1,1500.0,1502.0,20.0,3.0,1,1500.0,1498.0,20.0,3.0999999046325684,1,1500.0,1490.0,20.0,3.0,1,1500.0,1504.0,20.0,3.0999999046325684,1
2026-03-31 16:47:07,165.24,1500.0,1473.0,20.0,3.4000000953674316,1,1500.0,1502.0,20.0,3.0999999046325684,1,1500.0,1499.0,20.0,3.0999999046325684,1,1500.0,1498.0,20.0,3.0999999046325684,1,1500.0,1501.0,20.0,2.9000000953674316,1,1500.0,1504.0,20.0,3.0999999046325684,1
2026-03-31 16:47:07,165.98,1500.0,1478.0,20.0,3.5999999046325684,1,1500.0,1502.0,20.0,3.0999999046325684,1,1500.0,1505.0,20.0,3.0999999046325684,1,1500.0,1499.0,20.0,3.0999999046325684,1,1500.0,1506.0,20.0,3.0999999046325684,1,1500.0,1502.0,20.0,3.0999999046325684,1
2026-03-31 16:47:08,166.72,1500.0,1467.0,20.0,3.0999999046325684,1,1500.0,1501.0,20.0,3.0999999046325684,1,1500.0,1500.0,20.0,3.0,1,1500.0,1499.0,20.0,3.0999999046325684,1,1500.0,1502.0,20.0,3.0999999046325684,1,1500.0,1502.0,20.0,3.0999999046325684,1
2026-03-31 16:47:09,167.45,1500.0,1473.0,20.0,3.4000000953674316,1,1500.0,1502.0,20.0,3.0999999046325684,1,1500.0,1499.0,20.0,3.0999999046325684,1,1500.0,1499.0,20.0,3.0999999046325684,1,1500.0,1491.0,20.0,3.0999999046325684,1,1500.0,1505.0,20.0,3.200000047683716,1
2026-03-31 16:47:09,168.2,1500.0,1464.0,20.0,3.200000047683716,1,1500.0,1501.0,20.0,3.0999999046325684,1,1500.0,1505.0,20.0,3.0999999046325684,1,1500.0,1499.0,20.0,3.0999999046325684,1,1500.0,1504.0,20.0,2.799999952316284,1,1500.0,1505.0,20.0,3.200000047683716,1
2026-03-31 16:47:10,168.93,1500.0,1474.0,20.0,3.200000047683716,1,1500.0,1500.0,20.0,3.0999999046325684,1,1500.0,1494.0,20.0,2.9000000953674316,1,1500.0,1500.0,20.0,3.0999999046325684,1,1500.0,1503.0,20.0,3.0999999046325684,1,1500.0,1505.0,20.0,3.200000047683716,1
2026-03-31 16:47:11,169.66,1500.0,1473.0,20.0,3.0999999046325684,1,1500.0,1501.0,20.0,3.0999999046325684,1,1500.0,1501.0,20.0,3.0999999046325684,1,1500.0,1500.0,20.0,3.0999999046325684,1,1500.0,1498.0,20.0,3.0999999046325684,1,1500.0,1505.0,20.0,3.200000047683716,1
2026-03-31 16:47:12,170.42,1500.0,1479.0,20.0,3.299999952316284,1,1500.0,1501.0,20.0,3.0999999046325684,1,1500.0,1499.0,20.0,3.0,1,1500.0,1504.0,20.0,3.0999999046325684,1,1500.0,1506.0,20.0,3.200000047683716,1,1500.0,1503.0,20.0,3.200000047683716,1
2026-03-31 16:47:12,171.15,1500.0,1486.0,20.0,3.200000047683716,1,1500.0,1501.0,20.0,3.0999999046325684,1,1500.0,1507.0,20.0,3.0,1,1500.0,1500.0,20.0,3.0999999046325684,1,1500.0,1492.0,20.0,2.9000000953674316,1,1500.0,1504.0,20.0,3.0999999046325684,1
2026-03-31 16:47:13,171.94,1500.0,1546.0,20.0,2.5999999046325684,1,1500.0,1501.0,20.0,3.0999999046325684,1,1500.0,1494.0,20.0,2.9000000953674316,1,1500.0,1501.0,20.0,3.0999999046325684,1,1500.0,1508.0,20.0,3.0999999046325684,1,1500.0,1503.0,20.0,3.0999999046325684,1
2026-03-31 16:47:14,172.74,1500.0,1408.0,20.0,2.0,1,1500.0,1503.0,20.0,3.0999999046325684,1,1500.0,1505.0,20.0,3.200000047683716,1,1500.0,1499.0,20.0,3.0999999046325684,1,1500.0,1499.0,20.0,3.0999999046325684,1,1500.0,1503.0,20.0,3.0999999046325684,1
2026-03-31 16:47:15,173.53,1500.0,1569.0,20.0,5.0,1,1500.0,1495.0,20.0,3.0,1,1500.0,1503.0,20.0,3.0,1,1500.0,1499.0,20.0,3.0999999046325684,1,1500.0,1494.0,20.0,3.0,1,1500.0,1503.0,20.0,3.0999999046325684,1
2026-03-31 16:47:16,174.26,1500.0,1507.0,20.0,2.0,1,1500.0,1499.0,20.0,3.200000047683716,1,1500.0,1496.0,20.0,3.0,1,1500.0,1500.0,20.0,3.0999999046325684,1,1500.0,1499.0,20.0,2.9000000953674316,1,1500.0,1504.0,20.0,3.0999999046325684,1
2026-03-31 16:47:16,175.03,1500.0,1430.0,20.0,2.9000000953674316,1,1500.0,1503.0,20.0,3.799999952316284,1,1500.0,1506.0,20.0,3.0999999046325684,1,1500.0,1502.0,20.0,3.0999999046325684,1,1500.0,1510.0,20.0,3.299999952316284,1,1500.0,1504.0,20.0,3.0999999046325684,1
2026-03-31 16:47:17,175.76,1500.0,1565.0,20.0,3.299999952316284,1,1500.0,1509.0,20.0,3.700000047683716,1,1500.0,1504.0,20.0,3.0,1,1500.0,1498.0,20.0,3.0999999046325684,1,1500.0,1487.0,20.0,3.0,1,1500.0,1504.0,20.0,3.0999999046325684,1
2026-03-31 16:47:18,176.48,1500.0,1434.0,20.0,2.5,1,1500.0,1506.0,20.0,3.200000047683716,1,1500.0,1496.0,20.0,3.0,1,1500.0,1499.0,20.0,3.0999999046325684,1,1500.0,1505.0,20.0,2.9000000953674316,1,1500.0,1503.0,20.0,3.0999999046325684,1
2026-03-31 16:47:18,177.21,1500.0,1578.0,20.0,4.300000190734863,1,1500.0,1495.0,20.0,2.700000047683716,1,1500.0,1505.0,20.0,3.200000047683716,1,1500.0,1500.0,20.0,3.0999999046325684,1,1500.0,1505.0,20.0,3.200000047683716,1,1500.0,1503.0,20.0,3.0999999046325684,1
2026-03-31 16:47:19,177.93,1500.0,1503.0,20.0,1.899999976158142,1,1500.0,1497.0,20.0,2.700000047683716,1,1500.0,1502.0,20.0,3.0,1,1500.0,1501.0,20.0,3.0999999046325684,1,1500.0,1496.0,20.0,3.0999999046325684,1,1500.0,1504.0,20.0,3.0999999046325684,1
2026-03-31 16:47:20,178.66,1500.0,1581.0,20.0,3.5999999046325684,1,1500.0,1499.0,20.0,2.799999952316284,1,1500.0,1504.0,20.0,3.0999999046325684,1,1500.0,1501.0,20.0,3.0999999046325684,1,1500.0,1507.0,20.0,3.0999999046325684,1,1500.0,1504.0,20.0,3.0999999046325684,1
2026-03-31 16:47:21,179.4,1500.0,1455.0,20.0,1.399999976158142,1,1500.0,1492.0,20.0,2.5999999046325684,1,1500.0,1499.0,20.0,3.0,1,1500.0,1500.0,20.0,3.0999999046325684,1,1500.0,1498.0,20.0,3.200000047683716,1,1500.0,1504.0,20.0,3.0999999046325684,1
2026-03-31 16:47:21,180.14,1500.0,1522.0,20.0,2.200000047683716,1,1500.0,1480.0,20.0,2.5,1,1500.0,1507.0,20.0,3.0,1,1500.0,1500.0,20.0,3.0999999046325684,1,1500.0,1509.0,20.0,3.200000047683716,1,1500.0,1503.0,20.0,3.0999999046325684,1
2026-03-31 16:47:22,180.88,1500.0,1466.0,20.0,4.300000190734863,1,1500.0,1503.0,20.0,3.5999999046325684,1,1500.0,1498.0,20.0,2.9000000953674316,1,1500.0,1500.0,20.0,3.200000047683716,1,1500.0,1498.0,20.0,3.200000047683716,1,1500.0,1503.0,20.0,3.0999999046325684,1
2026-03-31 16:47:23,181.61,1500.0,1564.0,20.0,3.0999999046325684,1,1500.0,1507.0,20.0,3.299999952316284,1,1500.0,1498.0,20.0,3.0,1,1500.0,1497.0,20.0,3.0999999046325684,1,1500.0,1491.0,20.0,2.9000000953674316,1,1500.0,1503.0,20.0,3.0999999046325684,1
2026-03-31 16:47:24,182.34,1500.0,1454.0,20.0,1.399999976158142,1,1500.0,1497.0,20.0,2.799999952316284,1,1500.0,1505.0,20.0,3.0,1,1500.0,1501.0,20.0,3.0999999046325684,1,1500.0,1507.0,20.0,3.0,1,1500.0,1503.0,20.0,3.0999999046325684,1
2026-03-31 16:47:24,183.08,1500.0,1465.0,20.0,4.400000095367432,1,1500.0,1490.0,20.0,2.5999999046325684,1,1500.0,1500.0,20.0,3.0,1,1500.0,1501.0,20.0,3.0999999046325684,1,1500.0,1501.0,20.0,3.200000047683716,1,1500.0,1502.0,20.0,3.0999999046325684,1
2026-03-31 16:47:25,183.82,1500.0,1586.0,20.0,3.5999999046325684,1,1500.0,1491.0,20.0,2.5999999046325684,1,1500.0,1496.0,20.0,3.0,1,1500.0,1499.0,20.0,3.0999999046325684,1,1500.0,1490.0,20.0,3.0,1,1500.0,1506.0,20.0,3.0999999046325684,1
2026-03-31 16:47:26,184.56,1500.0,1514.0,20.0,2.0,1,1500.0,1491.0,20.0,2.5999999046325684,1,1500.0,1504.0,20.0,3.0,1,1500.0,1499.0,20.0,3.0999999046325684,1,1500.0,1503.0,20.0,2.9000000953674316,1,1500.0,1503.0,20.0,3.0999999046325684,1
2026-03-31 16:47:27,185.28,1500.0,1407.0,20.0,1.0,1,1500.0,1489.0,20.0,2.5999999046325684,1,1500.0,1499.0,20.0,2.9000000953674316,1,1500.0,1499.0,20.0,3.0999999046325684,1,1500.0,1508.0,20.0,3.200000047683716,1,1500.0,1505.0,20.0,3.0999999046325684,1
2026-03-31 16:47:27,186.01,1500.0,1505.0,20.0,5.0,1,1500.0,1490.0,20.0,2.5999999046325684,1,1500.0,1497.0,20.0,2.9000000953674316,1,1500.0,1499.0,20.0,3.0999999046325684,1,1500.0,1488.0,20.0,3.0999999046325684,1,1500.0,1503.0,20.0,3.0999999046325684,1
2026-03-31 16:47:28,186.77,1500.0,1548.0,20.0,2.5,1,1500.0,1489.0,20.0,3.299999952316284,1,1500.0,1503.0,20.0,3.0,1,1500.0,1499.0,20.0,3.0999999046325684,1,1500.0,1501.0,20.0,2.9000000953674316,1,1500.0,1503.0,20.0,3.0999999046325684,1
2026-03-31 16:47:29,187.5,1500.0,1452.0,20.0,2.9000000953674316,1,1500.0,1507.0,20.0,3.700000047683716,1,1500.0,1504.0,20.0,3.0,1,1500.0,1499.0,20.0,3.0999999046325684,1,1500.0,1502.0,20.0,3.200000047683716,1,1500.0,1504.0,20.0,3.0999999046325684,1
2026-03-31 16:47:30,188.23,1500.0,1578.0,20.0,3.5999999046325684,1,1500.0,1502.0,20.0,3.0999999046325684,1,1500.0,1501.0,20.0,3.0,1,1500.0,1502.0,20.0,3.200000047683716,1,1500.0,1494.0,20.0,3.0999999046325684,1,1500.0,1505.0,20.0,3.0999999046325684,1
2026-03-31 16:47:30,188.98,1500.0,1491.0,20.0,1.7999999523162842,1,1500.0,1507.0,20.0,3.4000000953674316,1,1500.0,1494.0,20.0,3.0,1,1500.0,1499.0,20.0,3.200000047683716,1,1500.0,1498.0,20.0,3.0999999046325684,1,1500.0,1502.0,20.0,3.0999999046325684,1
2026-03-31 16:47:31,189.73,1500.0,1433.0,20.0,3.5999999046325684,1,1500.0,1506.0,20.0,3.200000047683716,1,1500.0,1503.0,20.0,3.0999999046325684,1,1500.0,1499.0,20.0,3.200000047683716,1,1500.0,1498.0,20.0,3.0999999046325684,1,1500.0,1504.0,20.0,3.0999999046325684,1
2026-03-31 16:47:32,190.46,1500.0,1579.0,20.0,4.099999904632568,1,1500.0,1507.0,20.0,3.200000047683716,1,1500.0,1508.0,20.0,3.0999999046325684,1,1500.0,1499.0,20.0,3.0999999046325684,1,1500.0,1498.0,20.0,2.799999952316284,1,1500.0,1504.0,20.0,3.0999999046325684,1
2026-03-31 16:47:32,191.21,1500.0,1458.0,20.0,1.399999976158142,1,1500.0,1508.0,20.0,3.200000047683716,1,1500.0,1497.0,20.0,2.9000000953674316,1,1500.0,1499.0,20.0,3.0999999046325684,1,1500.0,1508.0,20.0,3.299999952316284,1,1500.0,1504.0,20.0,3.0999999046325684,1
2026-03-31 16:47:33,191.94,1500.0,1498.0,20.0,4.099999904632568,1,1500.0,1493.0,20.0,2.700000047683716,1,1500.0,1497.0,20.0,3.0,1,1500.0,1500.0,20.0,3.0999999046325684,1,1500.0,1497.0,20.0,3.200000047683716,1,1500.0,1501.0,20.0,3.0999999046325684,1
2026-03-31 16:47:34,192.74,1500.0,1537.0,20.0,2.299999952316284,1,1500.0,1493.0,20.0,2.700000047683716,1,1500.0,1504.0,20.0,3.0,1,1500.0,1500.0,20.0,3.0999999046325684,1,1500.0,1489.0,20.0,2.9000000953674316,1,1500.0,1501.0,20.0,3.0999999046325684,1
2026-03-31 16:47:35,193.49,1500.0,1400.0,20.0,1.100000023841858,1,1500.0,1487.0,20.0,2.9000000953674316,1,1500.0,1497.0,20.0,2.9000000953674316,1,1500.0,1505.0,20.0,3.0999999046325684,1,1500.0,1502.0,20.0,2.9000000953674316,1,1500.0,1503.0,20.0,3.200000047683716,1
2026-03-31 16:47:36,194.25,1500.0,1555.0,20.0,5.199999809265137,1,1500.0,1505.0,20.0,3.700000047683716,1,1500.0,1504.0,20.0,3.200000047683716,1,1500.0,1500.0,20.0,3.0999999046325684,1,1500.0,1510.0,20.0,3.299999952316284,1,1500.0,1503.0,20.0,3.0999999046325684,1
2026-03-31 16:47:36,195.0,1500.0,1546.0,20.0,2.5,1,1500.0,1497.0,20.0,2.799999952316284,1,1500.0,1505.0,20.0,3.0999999046325684,1,1500.0,1501.0,20.0,3.0999999046325684,1,1500.0,1496.0,20.0,3.200000047683716,1,1500.0,1503.0,20.0,3.0999999046325684,1
2026-03-31 16:47:37,195.73,1500.0,1425.0,20.0,2.299999952316284,1,1500.0,1484.0,20.0,2.799999952316284,1,1500.0,1497.0,20.0,3.0999999046325684,1,1500.0,1502.0,20.0,3.0999999046325684,1,1500.0,1493.0,20.0,2.9000000953674316,1,1500.0,1503.0,20.0,3.200000047683716,1
2026-03-31 16:47:38,196.52,1500.0,1573.0,20.0,4.800000190734863,1,1500.0,1505.0,20.0,3.700000047683716,1,1500.0,1503.0,20.0,3.0999999046325684,1,1500.0,1499.0,20.0,3.0999999046325684,1,1500.0,1504.0,20.0,2.9000000953674316,1,1500.0,1503.0,20.0,3.0999999046325684,1
2026-03-31 16:47:39,197.24,1500.0,1509.0,20.0,4.400000095367432,1,1500.0,1508.0,20.0,3.299999952316284,1,1500.0,1497.0,20.0,3.0999999046325684,1,1500.0,1499.0,20.0,3.0999999046325684,1,1500.0,1496.0,20.0,3.0999999046325684,1,1500.0,1502.0,20.0,3.0999999046325684,1
2026-03-31 16:47:39,197.97,1500.0,1412.0,20.0,2.5999999046325684,1,1500.0,1489.0,20.0,2.5999999046325684,1,1500.0,1501.0,20.0,3.0,1,1500.0,1499.0,20.0,3.0999999046325684,1,1500.0,1497.0,20.0,2.799999952316284,1,1500.0,1504.0,20.0,3.0999999046325684,1
2026-03-31 16:47:40,198.76,1500.0,1572.0,20.0,4.0,1,1500.0,1486.0,20.0,3.0999999046325684,1,1500.0,1495.0,20.0,2.9000000953674316,1,1500.0,1498.0,20.0,3.0999999046325684,1,1500.0,1512.0,20.0,3.200000047683716,1,1500.0,1504.0,20.0,3.0999999046325684,1
2026-03-31 16:47:41,199.49,1500.0,1466.0,20.0,1.5,1,1500.0,1505.0,20.0,3.4000000953674316,1,1500.0,1504.0,20.0,3.200000047683716,1,1500.0,1498.0,20.0,3.0999999046325684,1,1500.0,1496.0,20.0,3.200000047683716,1,1500.0,1503.0,20.0,3.0999999046325684,1
2026-03-31 16:47:42,200.22,1500.0,1479.0,20.0,3.799999952316284,1,1500.0,1497.0,20.0,2.799999952316284,1,1500.0,1505.0,20.0,3.0999999046325684,1,1500.0,1503.0,20.0,3.0999999046325684,1,1500.0,1496.0,20.0,2.799999952316284,1,1500.0,1503.0,20.0,3.0999999046325684,1
2026-03-31 16:47:42,200.98,1500.0,1534.0,20.0,2.4000000953674316,1,1500.0,1493.0,20.0,2.700000047683716,1,1500.0,1495.0,20.0,2.9000000953674316,1,1500.0,1500.0,20.0,3.0999999046325684,1,1500.0,1513.0,20.0,3.299999952316284,1,1500.0,1503.0,20.0,3.0999999046325684,1
2026-03-31 16:47:43,201.74,1500.0,1411.0,20.0,2.200000047683716,1,1500.0,1482.0,20.0,2.5999999046325684,1,1500.0,1501.0,20.0,3.200000047683716,1,1500.0,1500.0,20.0,3.0999999046325684,1,1500.0,1496.0,20.0,3.299999952316284,1,1500.0,1505.0,20.0,3.0999999046325684,1
2026-03-31 16:47:44,202.53,1500.0,1561.0,20.0,5.099999904632568,1,1500.0,1493.0,20.0,3.4000000953674316,1,1500.0,1504.0,20.0,3.200000047683716,1,1500.0,1499.0,20.0,3.0999999046325684,1,1500.0,1494.0,20.0,2.799999952316284,1,1500.0,1504.0,20.0,3.0999999046325684,1
2026-03-31 16:47:45,203.28,1500.0,1539.0,20.0,2.4000000953674316,1,1500.0,1507.0,20.0,3.299999952316284,1,1500.0,1497.0,20.0,2.9000000953674316,1,1500.0,1501.0,20.0,3.0999999046325684,1,1500.0,1509.0,20.0,3.200000047683716,1,1500.0,1504.0,20.0,3.0999999046325684,1
2026-03-31 16:47:45,204.0,1500.0,1431.0,20.0,2.5,1,1500.0,1492.0,20.0,2.5999999046325684,1,1500.0,1503.0,20.0,3.200000047683716,1,1500.0,1501.0,20.0,3.0999999046325684,1,1500.0,1501.0,20.0,3.200000047683716,1,1500.0,1503.0,20.0,3.0999999046325684,1
2026-03-31 16:47:46,204.75,1500.0,1578.0,20.0,4.099999904632568,1,1500.0,1487.0,20.0,2.5,1,1500.0,1503.0,20.0,3.0999999046325684,1,1500.0,1502.0,20.0,3.200000047683716,1,1500.0,1494.0,20.0,3.0999999046325684,1,1500.0,1504.0,20.0,3.0999999046325684,1
2026-03-31 16:47:47,205.48,1500.0,1480.0,20.0,1.600000023841858,1,1500.0,1489.0,20.0,2.5,1,1500.0,1498.0,20.0,2.9000000953674316,1,1500.0,1500.0,20.0,3.0999999046325684,1,1500.0,1499.0,20.0,3.0,1,1500.0,1503.0,20.0,3.0999999046325684,1
2026-03-31 16:47:48,206.23,1500.0,1525.0,20.0,2.299999952316284,1,1500.0,1488.0,20.0,2.5,1,1500.0,1505.0,20.0,3.0999999046325684,1,1500.0,1500.0,20.0,3.0999999046325684,1,1500.0,1489.0,20.0,3.0,1,1500.0,1502.0,20.0,3.0999999046325684,1
2026-03-31 16:47:48,206.98,1500.0,1570.0,20.0,4.300000190734863,1,1500.0,1492.0,20.0,2.5999999046325684,1,1500.0,1496.0,20.0,3.0,1,1500.0,1498.0,20.0,3.0999999046325684,1,1500.0,1508.0,20.0,3.200000047683716,1,1500.0,1504.0,20.0,3.0999999046325684,1
2026-03-31 16:47:49,207.73,1500.0,1492.0,20.0,1.7000000476837158,1,1500.0,1494.0,20.0,2.5999999046325684,1,1500.0,1504.0,20.0,3.0999999046325684,1,1500.0,1500.0,20.0,3.0999999046325684,1,1500.0,1496.0,20.0,3.200000047683716,1,1500.0,1503.0,20.0,3.0999999046325684,1
2026-03-31 16:47:50,208.47,1500.0,1441.0,20.0,3.5999999046325684,1,1500.0,1490.0,20.0,2.5999999046325684,1,1500.0,1503.0,20.0,3.0,1,1500.0,1501.0,20.0,3.0999999046325684,1,1500.0,1493.0,20.0,2.9000000953674316,1,1500.0,1503.0,20.0,3.0999999046325684,1
2026-03-31 16:47:51,209.25,1500.0,1581.0,20.0,3.700000047683716,1,1500.0,1501.0,20.0,3.5,1,1500.0,1497.0,20.0,3.0,1,1500.0,1501.0,20.0,3.0999999046325684,1,1500.0,1509.0,20.0,3.0999999046325684,1,1500.0,1502.0,20.0,3.0999999046325684,1
2026-03-31 16:47:51,210.01,1500.0,1446.0,20.0,1.399999976158142,1,1500.0,1498.0,20.0,2.9000000953674316,1,1500.0,1502.0,20.0,3.200000047683716,1,1500.0,1499.0,20.0,3.0999999046325684,1,1500.0,1504.0,20.0,3.0999999046325684,1,1500.0,1502.0,20.0,3.0999999046325684,1
2026-03-31 16:47:52,210.76,1500.0,1422.0,20.0,3.200000047683716,1,1500.0,1488.0,20.0,2.9000000953674316,1,1500.0,1506.0,20.0,3.0999999046325684,1,1500.0,1499.0,20.0,3.0999999046325684,1,1500.0,1495.0,20.0,3.0999999046325684,1,1500.0,1502.0,20.0,3.0999999046325684,1
2026-03-31 16:47:53,211.55,1500.0,1578.0,20.0,3.799999952316284,1,1500.0,1508.0,20.0,3.799999952316284,1,1500.0,1496.0,20.0,2.9000000953674316,1,1500.0,1496.0,20.0,3.0999999046325684,1,1500.0,1497.0,20.0,2.9000000953674316,1,1500.0,1505.0,20.0,3.0999999046325684,1
2026-03-31 16:47:54,212.3,1500.0,1470.0,20.0,1.600000023841858,1,1500.0,1500.0,20.0,2.9000000953674316,1,1500.0,1503.0,20.0,3.200000047683716,1,1500.0,1499.0,20.0,3.0999999046325684,1,1500.0,1509.0,20.0,3.0999999046325684,1,1500.0,1504.0,20.0,3.0999999046325684,1
2026-03-31 16:47:54,213.06,1500.0,1500.0,20.0,4.199999809265137,1,1500.0,1490.0,20.0,3.200000047683716,1,1500.0,1505.0,20.0,3.0999999046325684,1,1500.0,1499.0,20.0,3.0999999046325684,1,1500.0,1499.0,20.0,3.200000047683716,1,1500.0,1504.0,20.0,3.0999999046325684,1
2026-03-31 16:47:55,213.79,1500.0,1505.0,20.0,5.0,1,1500.0,1502.0,20.0,3.0,1,1500.0,1503.0,20.0,3.200000047683716,1,1500.0,1499.0,20.0,3.0999999046325684,1,1500.0,1510.0,20.0,3.0,1,1500.0,1503.0,20.0,3.0999999046325684,1
2026-03-31 16:47:56,214.53,1500.0,1534.0,20.0,2.4000000953674316,1,1500.0,1492.0,20.0,2.5999999046325684,1,1500.0,1503.0,20.0,3.0,1,1500.0,1499.0,20.0,3.0,1,1500.0,1502.0,20.0,3.0999999046325684,1,1500.0,1503.0,20.0,3.0999999046325684,1
2026-03-31 16:47:57,215.29,1500.0,1481.0,20.0,3.9000000953674316,1,1500.0,1487.0,20.0,3.0,1,1500.0,1496.0,20.0,3.0,1,1500.0,1506.0,20.0,3.200000047683716,1,1500.0,1492.0,20.0,3.0999999046325684,1,1500.0,1504.0,20.0,3.0999999046325684,1
2026-03-31 16:47:57,216.04,1500.0,1441.0,20.0,2.700000047683716,1,1500.0,1509.0,20.0,3.700000047683716,1,1500.0,1506.0,20.0,3.0999999046325684,1,1500.0,1501.0,20.0,3.200000047683716,1,1500.0,1509.0,20.0,3.4000000953674316,1,1500.0,1501.0,20.0,3.0999999046325684,1
2026-03-31 16:47:58,216.77,1500.0,1586.0,20.0,4.400000095367432,1,1500.0,1502.0,20.0,3.0,1,1500.0,1500.0,20.0,3.0,1,1500.0,1499.0,20.0,3.0999999046325684,1,1500.0,1491.0,20.0,3.0999999046325684,1,1500.0,1503.0,20.0,3.0999999046325684,1
2026-03-31 16:47:59,217.52,1500.0,1520.0,20.0,2.0999999046325684,1,1500.0,1491.0,20.0,3.200000047683716,1,1500.0,1495.0,20.0,3.0,1,1500.0,1499.0,20.0,3.0999999046325684,1,1500.0,1500.0,20.0,2.9000000953674316,1,1500.0,1503.0,20.0,3.0999999046325684,1
2026-03-31 16:48:00,218.28,1500.0,1409.0,20.0,2.0,1,1500.0,1490.0,20.0,3.5,1,1500.0,1505.0,20.0,3.200000047683716,1,1500.0,1501.0,20.0,3.0999999046325684,1,1500.0,1503.0,20.0,3.200000047683716,1,1500.0,1502.0,20.0,3.0999999046325684,1
2026-03-31 16:48:00,219.01,1500.0,1565.0,20.0,4.0,1,1500.0,1503.0,20.0,3.9000000953674316,1,1500.0,1503.0,20.0,3.0999999046325684,1,1500.0,1500.0,20.0,3.0999999046325684,1,1500.0,1492.0,20.0,3.200000047683716,1,1500.0,1500.0,20.0,3.0999999046325684,1
2026-03-31 16:48:01,219.73,1500.0,1435.0,20.0,1.2000000476837158,1,1500.0,1510.0,20.0,3.799999952316284,1,1500.0,1498.0,20.0,3.0,1,1500.0,1500.0,20.0,3.0999999046325684,1,1500.0,1494.0,20.0,3.0,1,1500.0,1506.0,20.0,3.0999999046325684,1
2026-03-31 16:48:02,220.51,1500.0,1502.0,20.0,4.900000095367432,1,1500.0,1507.0,20.0,3.299999952316284,1,1500.0,1498.0,20.0,3.0,1,1500.0,1499.0,20.0,3.0999999046325684,1,1500.0,1504.0,20.0,3.0,1,1500.0,1506.0,20.0,3.0999999046325684,1
2026-03-31 16:48:03,221.23,1500.0,1573.0,20.0,3.0,1,1500.0,1494.0,20.0,2.700000047683716,1,1500.0,1506.0,20.0,3.0999999046325684,1,1500.0,1499.0,20.0,3.0999999046325684,1,1500.0,1496.0,20.0,3.0999999046325684,1,1500.0,1504.0,20.0,3.0999999046325684,1
2026-03-31 16:48:03,221.97,1500.0,1510.0,20.0,1.899999976158142,1,1500.0,1490.0,20.0,2.5999999046325684,1,1500.0,1502.0,20.0,3.0,1,1500.0,1497.0,20.0,3.0999999046325684,1,1500.0,1495.0,20.0,3.0,1,1500.0,1503.0,20.0,3.0999999046325684,1
2026-03-31 16:48:04,222.75,1500.0,1573.0,20.0,4.5,1,1500.0,1493.0,20.0,2.5999999046325684,1,1500.0,1507.0,20.0,3.200000047683716,1,1500.0,1499.0,20.0,3.0999999046325684,1,1500.0,1494.0,20.0,3.200000047683716,1,1500.0,1504.0,20.0,3.0999999046325684,1
2026-03-31 16:48:05,223.54,1500.0,1509.0,20.0,1.899999976158142,1,1500.0,1497.0,20.0,3.5999999046325684,1,1500.0,1503.0,20.0,3.0,1,1500.0,1499.0,20.0,3.0999999046325684,1,1500.0,1495.0,20.0,2.9000000953674316,1,1500.0,1503.0,20.0,3.0999999046325684,1
2026-03-31 16:48:06,224.28,1500.0,1419.0,20.0,3.0,1,1500.0,1510.0,20.0,3.700000047683716,1,1500.0,1498.0,20.0,3.0,1,1500.0,1505.0,20.0,3.0999999046325684,1,1500.0,1510.0,20.0,3.0999999046325684,1,1500.0,1503.0,20.0,3.0999999046325684,1
2026-03-31 16:48:06,225.0,1500.0,1535.0,20.0,2.299999952316284,1,1500.0,1504.0,20.0,3.0999999046325684,1,1500.0,1507.0,20.0,3.0999999046325684,1,1500.0,1499.0,20.0,3.0999999046325684,1,1500.0,1491.0,20.0,3.0,1,1500.0,1504.0,20.0,3.0999999046325684,1
2026-03-31 16:48:07,225.84,1500.0,1431.0,20.0,2.799999952316284,1,1500.0,1494.0,20.0,2.700000047683716,1,1500.0,1500.0,20.0,3.0,1,1500.0,1500.0,20.0,3.0999999046325684,1,1500.0,1510.0,20.0,3.200000047683716,1,1500.0,1504.0,20.0,3.0999999046325684,1
2026-03-31 16:48:08,226.63,1500.0,1580.0,20.0,4.400000095367432,1,1500.0,1490.0,20.0,2.5999999046325684,1,1500.0,1497.0,20.0,3.0,1,1500.0,1500.0,20.0,3.0999999046325684,1,1500.0,1497.0,20.0,3.200000047683716,1,1500.0,1505.0,20.0,3.0999999046325684,1
2026-03-31 16:48:09,227.35,1500.0,1519.0,20.0,2.0999999046325684,1,1500.0,1500.0,20.0,3.5999999046325684,1,1500.0,1505.0,20.0,3.0,1,1500.0,1500.0,20.0,3.0999999046325684,1,1500.0,1491.0,20.0,3.0,1,1500.0,1505.0,20.0,3.0999999046325684,1
2026-03-31 16:48:09,228.08,1500.0,1422.0,20.0,3.0,1,1500.0,1503.0,20.0,3.0999999046325684,1,1500.0,1500.0,20.0,3.0,1,1500.0,1501.0,20.0,3.0999999046325684,1,1500.0,1509.0,20.0,2.9000000953674316,1,1500.0,1504.0,20.0,3.0999999046325684,1
2026-03-31 16:48:10,228.86,1500.0,1579.0,20.0,4.199999809265137,1,1500.0,1488.0,20.0,2.5999999046325684,1,1500.0,1500.0,20.0,3.0999999046325684,1,1500.0,1500.0,20.0,3.0999999046325684,1,1500.0,1502.0,20.0,3.200000047683716,1,1500.0,1503.0,20.0,3.0999999046325684,1
2026-03-31 16:48:11,229.67,1500.0,1505.0,20.0,3.700000047683716,1,1500.0,1500.0,20.0,2.799999952316284,1,1500.0,1503.0,20.0,3.0999999046325684,1,1500.0,1498.0,20.0,3.0999999046325684,1,1500.0,1507.0,20.0,3.0,1,1500.0,1503.0,20.0,3.0999999046325684,1
2026-03-31 16:48:12,230.43,1500.0,1462.0,20.0,1.5,1,1500.0,1497.0,20.0,2.799999952316284,1,1500.0,1499.0,20.0,3.0,1,1500.0,1500.0,20.0,3.0999999046325684,1,1500.0,1500.0,20.0,3.200000047683716,1,1500.0,1503.0,20.0,3.0999999046325684,1
2026-03-31 16:48:12,231.18,1500.0,1524.0,20.0,4.900000095367432,1,1500.0,1493.0,20.0,2.700000047683716,1,1500.0,1501.0,20.0,3.200000047683716,1,1500.0,1504.0,20.0,3.200000047683716,1,1500.0,1490.0,20.0,2.9000000953674316,1,1500.0,1503.0,20.0,3.0999999046325684,1
2026-03-31 16:48:13,231.91,1500.0,1537.0,20.0,2.4000000953674316,1,1500.0,1498.0,20.0,2.799999952316284,1,1500.0,1507.0,20.0,3.0999999046325684,1,1500.0,1503.0,20.0,3.200000047683716,1,1500.0,1510.0,20.0,3.0,1,1500.0,1503.0,20.0,3.0999999046325684,1
2026-03-31 16:48:14,232.65,1500.0,1441.0,20.0,1.2999999523162842,1,1500.0,1494.0,20.0,2.700000047683716,1,1500.0,1497.0,20.0,2.9000000953674316,1,1500.0,1500.0,20.0,3.200000047683716,1,1500.0,1491.0,20.0,3.0,1,1500.0,1504.0,20.0,3.0999999046325684,1
2026-03-31 16:48:15,233.37,1500.0,1493.0,20.0,3.9000000953674316,1,1500.0,1489.0,20.0,2.5999999046325684,1,1500.0,1496.0,20.0,2.9000000953674316,1,1500.0,1500.0,20.0,3.200000047683716,1,1500.0,1501.0,20.0,2.9000000953674316,1,1500.0,1503.0,20.0,3.0999999046325684,1
2026-03-31 16:48:15,234.1,1500.0,1425.0,20.0,2.5999999046325684,1,1500.0,1500.0,20.0,3.9000000953674316,1,1500.0,1501.0,20.0,3.0,1,1500.0,1500.0,20.0,3.0999999046325684,1,1500.0,1493.0,20.0,3.200000047683716,1,1500.0,1504.0,20.0,3.0999999046325684,1
2026-03-31 16:48:16,234.84,1500.0,1569.0,20.0,3.5,1,1500.0,1507.0,20.0,3.9000000953674316,1,1500.0,1497.0,20.0,3.0,1,1500.0,1500.0,20.0,3.0999999046325684,1,1500.0,1506.0,20.0,3.0,1,1500.0,1504.0,20.0,3.0999999046325684,1
2026-03-31 16:48:17,235.64,1500.0,1427.0,20.0,1.2999999523162842,1,1500.0,1507.0,20.0,3.299999952316284,1,1500.0,1505.0,20.0,3.200000047683716,1,1500.0,1498.0,20.0,3.0,1,1500.0,1501.0,20.0,3.0999999046325684,1,1500.0,1504.0,20.0,3.0999999046325684,1
2026-03-31 16:48:18,236.4,1500.0,1554.0,20.0,4.900000095367432,1,1500.0,1509.0,20.0,3.4000000953674316,1,1500.0,1505.0,20.0,3.0999999046325684,1,1500.0,1504.0,20.0,3.0,1,1500.0,1491.0,20.0,3.0999999046325684,1,1500.0,1504.0,20.0,3.0999999046325684,1
2026-03-31 16:48:18,237.16,1500.0,1504.0,20.0,1.899999976158142,1,1500.0,1509.0,20.0,3.299999952316284,1,1500.0,1496.0,20.0,2.9000000953674316,1,1500.0,1501.0,20.0,3.0999999046325684,1,1500.0,1505.0,20.0,3.0,1,1500.0,1504.0,20.0,3.0999999046325684,1
2026-03-31 16:48:19,237.89,1500.0,1560.0,20.0,3.0999999046325684,1,1500.0,1509.0,20.0,3.299999952316284,1,1500.0,1504.0,20.0,3.0999999046325684,1,1500.0,1501.0,20.0,3.0999999046325684,1,1500.0,1494.0,20.0,3.0999999046325684,1,1500.0,1502.0,20.0,3.0999999046325684,1
2026-03-31 16:48:20,238.62,1500.0,1407.0,20.0,1.600000023841858,1,1500.0,1508.0,20.0,3.299999952316284,1,1500.0,1498.0,20.0,3.0,1,1500.0,1501.0,20.0,3.0999999046325684,1,1500.0,1501.0,20.0,2.9000000953674316,1,1500.0,1502.0,20.0,3.0999999046325684,1
2026-03-31 16:48:21,239.36,1500.0,1556.0,20.0,5.300000190734863,1,1500.0,1508.0,20.0,3.299999952316284,1,1500.0,1498.0,20.0,3.0,1,1500.0,1496.0,20.0,3.0999999046325684,1,1500.0,1503.0,20.0,3.200000047683716,1,1500.0,1505.0,20.0,3.0999999046325684,1
2026-03-31 16:48:21,240.09,1500.0,1511.0,20.0,2.0999999046325684,1,1500.0,1508.0,20.0,3.299999952316284,1,1500.0,1506.0,20.0,3.0999999046325684,1,1500.0,1499.0,20.0,3.0999999046325684,1,1500.0,1490.0,20.0,3.0999999046325684,1,1500.0,1504.0,20.0,3.0999999046325684,1
2026-03-31 16:48:22,240.83,1500.0,1462.0,20.0,3.799999952316284,1,1500.0,1503.0,20.0,3.0,1,1500.0,1501.0,20.0,3.0,1,1500.0,1498.0,20.0,3.0999999046325684,1,1500.0,1503.0,20.0,2.9000000953674316,1,1500.0,1504.0,20.0,3.0999999046325684,1
2026-03-31 16:48:23,241.58,1500.0,1586.0,20.0,4.199999809265137,1,1500.0,1507.0,20.0,3.200000047683716,1,1500.0,1496.0,20.0,3.0,1,1500.0,1500.0,20.0,3.0999999046325684,1,1500.0,1506.0,20.0,3.299999952316284,1,1500.0,1504.0,20.0,3.0999999046325684,1
2026-03-31 16:48:24,242.34,1500.0,1521.0,20.0,2.0999999046325684,1,1500.0,1503.0,20.0,3.0,1,1500.0,1506.0,20.0,3.0,1,1500.0,1503.0,20.0,3.0999999046325684,1,1500.0,1495.0,20.0,3.200000047683716,1,1500.0,1503.0,20.0,3.0999999046325684,1
2026-03-31 16:48:24,243.14,1500.0,1582.0,20.0,4.0,1,1500.0,1488.0,20.0,2.5999999046325684,1,1500.0,1496.0,20.0,3.0,1,1500.0,1499.0,20.0,3.0999999046325684,1,1500.0,1501.0,20.0,3.200000047683716,1,1500.0,1502.0,20.0,3.0999999046325684,1
2026-03-31 16:48:25,243.89,1500.0,1457.0,20.0,1.399999976158142,1,1500.0,1485.0,20.0,3.200000047683716,1,1500.0,1505.0,20.0,3.0,1,1500.0,1499.0,20.0,3.0999999046325684,1,1500.0,1493.0,20.0,3.0999999046325684,1,1500.0,1503.0,20.0,3.0999999046325684,1
2026-03-31 16:48:26,244.62,1500.0,1503.0,20.0,4.5,1,1500.0,1507.0,20.0,4.0,1,1500.0,1504.0,20.0,3.0,1,1500.0,1500.0,20.0,3.0999999046325684,1,1500.0,1507.0,20.0,3.0,1,1500.0,1505.0,20.0,3.0999999046325684,1
2026-03-31 16:48:27,245.35,1500.0,1536.0,20.0,2.4000000953674316,1,1500.0,1507.0,20.0,3.5,1,1500.0,1497.0,20.0,3.0,1,1500.0,1500.0,20.0,3.0999999046325684,1,1500.0,1503.0,20.0,3.299999952316284,1,1500.0,1504.0,20.0,3.0999999046325684,1
2026-03-31 16:48:27,246.07,1500.0,1426.0,20.0,3.0,1,1500.0,1494.0,20.0,2.700000047683716,1,1500.0,1504.0,20.0,3.200000047683716,1,1500.0,1499.0,20.0,3.0999999046325684,1,1500.0,1488.0,20.0,2.799999952316284,1,1500.0,1504.0,20.0,3.0999999046325684,1
2026-03-31 16:48:28,246.84,1500.0,1510.0,20.0,1.899999976158142,1,1500.0,1508.0,20.0,3.9000000953674316,1,1500.0,1495.0,20.0,3.0,1,1500.0,1503.0,20.0,3.200000047683716,1,1500.0,1502.0,20.0,3.200000047683716,1,1500.0,1504.0,20.0,3.0999999046325684,1
2026-03-31 16:48:29,247.6,1500.0,1407.0,20.0,1.100000023841858,1,1500.0,1509.0,20.0,3.5,1,1500.0,1505.0,20.0,3.0999999046325684,1,1500.0,1500.0,20.0,3.0999999046325684,1,1500.0,1491.0,20.0,3.0,1,1500.0,1504.0,20.0,3.0999999046325684,1
2026-03-31 16:48:30,248.34,1500.0,1495.0,20.0,5.900000095367432,1,1500.0,1508.0,20.0,3.299999952316284,1,1500.0,1504.0,20.0,3.0999999046325684,1,1500.0,1501.0,20.0,3.0999999046325684,1,1500.0,1501.0,20.0,2.9000000953674316,1,1500.0,1504.0,20.0,3.0999999046325684,1
2026-03-31 16:48:30,249.07,1500.0,1577.0,20.0,4.0,1,1500.0,1506.0,20.0,3.200000047683716,1,1500.0,1497.0,20.0,3.0999999046325684,1,1500.0,1501.0,20.0,3.0999999046325684,1,1500.0,1502.0,20.0,3.299999952316284,1,1500.0,1503.0,20.0,3.0999999046325684,1
2026-03-31 16:48:31,249.79,1500.0,1472.0,20.0,1.600000023841858,1,1500.0,1508.0,20.0,3.299999952316284,1,1500.0,1504.0,20.0,3.0999999046325684,1,1500.0,1499.0,20.0,3.0999999046325684,1,1500.0,1493.0,20.0,3.0,1,1500.0,1502.0,20.0,3.0999999046325684,1
2026-03-31 16:48:32,250.53,1500.0,1458.0,20.0,4.300000190734863,1,1500.0,1508.0,20.0,3.299999952316284,1,1500.0,1502.0,20.0,3.0999999046325684,1,1500.0,1499.0,20.0,3.0999999046325684,1,1500.0,1507.0,20.0,3.0,1,1500.0,1503.0,20.0,3.0999999046325684,1
2026-03-31 16:48:33,251.25,1500.0,1572.0,20.0,3.5,1,1500.0,1510.0,20.0,3.5999999046325684,1,1500.0,1495.0,20.0,3.0,1,1500.0,1500.0,20.0,3.0,1,1500.0,1500.0,20.0,3.0999999046325684,1,1500.0,1503.0,20.0,3.0999999046325684,1
2026-03-31 16:48:33,251.99,1500.0,1471.0,20.0,3.799999952316284,1,1500.0,1508.0,20.0,3.299999952316284,1,1500.0,1501.0,20.0,2.9000000953674316,1,1500.0,1499.0,20.0,3.0999999046325684,1,1500.0,1499.0,20.0,2.9000000953674316,1,1500.0,1503.0,20.0,3.0999999046325684,1
2026-03-31 16:48:34,252.73,1500.0,1557.0,20.0,2.799999952316284,1,1500.0,1508.0,20.0,3.299999952316284,1,1500.0,1498.0,20.0,3.0999999046325684,1,1500.0,1501.0,20.0,3.0999999046325684,1,1500.0,1508.0,20.0,3.299999952316284,1,1500.0,1503.0,20.0,3.0999999046325684,1
2026-03-31 16:48:35,253.46,1500.0,1415.0,20.0,1.2000000476837158,1,1500.0,1510.0,20.0,3.5,1,1500.0,1504.0,20.0,3.0999999046325684,1,1500.0,1501.0,20.0,3.0999999046325684,1,1500.0,1497.0,20.0,3.200000047683716,1,1500.0,1504.0,20.0,3.200000047683716,1
2026-03-31 16:48:35,254.19,1500.0,1563.0,20.0,4.800000190734863,1,1500.0,1504.0,20.0,3.0999999046325684,1,1500.0,1502.0,20.0,2.9000000953674316,1,1500.0,1502.0,20.0,3.200000047683716,1,1500.0,1499.0,20.0,2.9000000953674316,1,1500.0,1503.0,20.0,3.0999999046325684,1
2026-03-31 16:48:36,254.94,1500.0,1514.0,20.0,2.0,1,1500.0,1485.0,20.0,2.5999999046325684,1,1500.0,1496.0,20.0,3.0,1,1500.0,1500.0,20.0,3.0999999046325684,1,1500.0,1511.0,20.0,3.299999952316284,1,1500.0,1504.0,20.0,3.0999999046325684,1
2026-03-31 16:48:37,255.66,1500.0,1495.0,20.0,4.699999809265137,1,1500.0,1484.0,20.0,2.5999999046325684,1,1500.0,1506.0,20.0,3.200000047683716,1,1500.0,1499.0,20.0,3.0999999046325684,1,1500.0,1492.0,20.0,3.0999999046325684,1,1500.0,1504.0,20.0,3.0999999046325684,1
2026-03-31 16:48:38,256.39,1500.0,1547.0,20.0,2.799999952316284,1,1500.0,1487.0,20.0,2.9000000953674316,1,1500.0,1501.0,20.0,3.0,1,1500.0,1501.0,20.0,3.0999999046325684,1,1500.0,1496.0,20.0,2.9000000953674316,1,1500.0,1503.0,20.0,3.0999999046325684,1
2026-03-31 16:48:38,257.13,1500.0,1436.0,20.0,2.0,1,1500.0,1508.0,20.0,3.5999999046325684,1,1500.0,1497.0,20.0,3.0,1,1500.0,1499.0,20.0,3.0999999046325684,1,1500.0,1508.0,20.0,3.299999952316284,1,1500.0,1503.0,20.0,3.0999999046325684,1
2026-03-31 16:48:39,257.85,1500.0,1487.0,20.0,1.7000000476837158,1,1500.0,1486.0,20.0,2.5,1,1500.0,1502.0,20.0,3.0,1,1500.0,1496.0,20.0,3.0999999046325684,1,1500.0,1505.0,20.0,3.0,1,1500.0,1504.0,20.0,3.0999999046325684,1
2026-03-31 16:48:40,258.58,1500.0,1422.0,20.0,3.5,1,1500.0,1488.0,20.0,2.5,1,1500.0,1497.0,20.0,3.0,1,1500.0,1499.0,20.0,3.0999999046325684,1,1500.0,1498.0,20.0,3.299999952316284,1,1500.0,1504.0,20.0,3.0999999046325684,1
2026-03-31 16:48:41,259.29,1500.0,1575.0,20.0,3.700000047683716,1,1500.0,1496.0,20.0,2.700000047683716,1,1500.0,1506.0,20.0,3.0999999046325684,1,1500.0,1499.0,20.0,3.0999999046325684,1,1500.0,1495.0,20.0,2.799999952316284,1,1500.0,1504.0,20.0,3.0999999046325684,1
2026-03-31 16:48:41,260.01,1500.0,1468.0,20.0,1.5,1,1500.0,1507.0,20.0,3.200000047683716,1,1500.0,1502.0,20.0,3.0,1,1500.0,1504.0,20.0,3.200000047683716,1,1500.0,1512.0,20.0,3.4000000953674316,1,1500.0,1503.0,20.0,3.0999999046325684,1
2026-03-31 16:48:42,260.74,1500.0,1456.0,20.0,3.9000000953674316,1,1500.0,1509.0,20.0,3.4000000953674316,1,1500.0,1495.0,20.0,3.0,1,1500.0,1500.0,20.0,3.200000047683716,1,1500.0,1491.0,20.0,3.0,1,1500.0,1503.0,20.0,3.0999999046325684,1
2026-03-31 16:48:43,261.44,1500.0,1425.0,20.0,2.0999999046325684,1,1500.0,1508.0,20.0,3.299999952316284,1,1500.0,1504.0,20.0,3.0999999046325684,1,1500.0,1500.0,20.0,3.200000047683716,1,1500.0,1504.0,20.0,3.200000047683716,1,1500.0,1503.0,20.0,3.0999999046325684,1
2026-03-31 16:48:43,262.15,1500.0,1576.0,20.0,4.5,1,1500.0,1508.0,20.0,3.299999952316284,1,1500.0,1499.0,20.0,3.0,1,1500.0,1497.0,20.0,3.200000047683716,1,1500.0,1485.0,20.0,2.9000000953674316,1,1500.0,1503.0,20.0,3.0999999046325684,1
2026-03-31 16:48:44,262.88,1500.0,1487.0,20.0,1.7000000476837158,1,1500.0,1506.0,20.0,3.200000047683716,1,1500.0,1498.0,20.0,3.0,1,1500.0,1498.0,20.0,3.0999999046325684,1,1500.0,1505.0,20.0,2.9000000953674316,1,1500.0,1503.0,20.0,3.200000047683716,1
2026-03-31 16:48:45,263.6,1500.0,1385.0,20.0,1.7999999523162842,1,1500.0,1500.0,20.0,2.9000000953674316,1,1500.0,1506.0,20.0,3.0999999046325684,1,1500.0,1498.0,20.0,3.0999999046325684,1,1500.0,1504.0,20.0,3.200000047683716,1,1500.0,1503.0,20.0,3.0999999046325684,1
2026-03-31 16:48:46,264.3,1500.0,1538.0,20.0,5.400000095367432,1,1500.0,1498.0,20.0,2.799999952316284,1,1500.0,1506.0,20.0,3.0999999046325684,1,1500.0,1499.0,20.0,3.0999999046325684,1,1500.0,1490.0,20.0,3.0999999046325684,1,1500.0,1504.0,20.0,3.0999999046325684,1
2026-03-31 16:48:46,265.03,1500.0,1536.0,20.0,2.299999952316284,1,1500.0,1502.0,20.0,2.9000000953674316,1,1500.0,1501.0,20.0,3.0,1,1500.0,1503.0,20.0,3.0999999046325684,1,1500.0,1510.0,20.0,3.0999999046325684,1,1500.0,1504.0,20.0,3.0999999046325684,1
2026-03-31 16:48:47,265.75,1500.0,1440.0,20.0,1.2999999523162842,1,1500.0,1497.0,20.0,2.799999952316284,1,1500.0,1499.0,20.0,3.0,1,1500.0,1501.0,20.0,3.0999999046325684,1,1500.0,1502.0,20.0,3.200000047683716,1,1500.0,1503.0,20.0,3.0999999046325684,1
2026-03-31 16:48:48,266.47,1500.0,1455.0,20.0,4.300000190734863,1,1500.0,1487.0,20.0,2.5,1,1500.0,1505.0,20.0,3.0999999046325684,1,1500.0,1501.0,20.0,3.0999999046325684,1,1500.0,1492.0,20.0,3.0999999046325684,1,1500.0,1504.0,20.0,3.0999999046325684,1
2026-03-31 16:48:48,267.2,1500.0,1564.0,20.0,3.0,1,1500.0,1493.0,20.0,2.5999999046325684,1,1500.0,1503.0,20.0,3.0,1,1500.0,1497.0,20.0,3.0999999046325684,1,1500.0,1504.0,20.0,3.0,1,1500.0,1504.0,20.0,3.0999999046325684,1
2026-03-31 16:48:49,267.91,1500.0,1465.0,20.0,1.5,1,1500.0,1496.0,20.0,2.700000047683716,1,1500.0,1497.0,20.0,3.0,1,1500.0,1498.0,20.0,3.0999999046325684,1,1500.0,1500.0,20.0,3.200000047683716,1,1500.0,1504.0,20.0,3.0999999046325684,1
2026-03-31 16:48:50,268.62,1500.0,1474.0,20.0,4.400000095367432,1,1500.0,1498.0,20.0,2.799999952316284,1,1500.0,1506.0,20.0,3.299999952316284,1,1500.0,1498.0,20.0,3.0,1,1500.0,1493.0,20.0,2.9000000953674316,1,1500.0,1504.0,20.0,3.0999999046325684,1
2026-03-31 16:48:51,269.33,1500.0,1556.0,20.0,2.700000047683716,1,1500.0,1507.0,20.0,3.200000047683716,1,1500.0,1504.0,20.0,3.0999999046325684,1,1500.0,1505.0,20.0,3.200000047683716,1,1500.0,1513.0,20.0,3.299999952316284,1,1500.0,1503.0,20.0,3.0,1
2026-03-31 16:48:51,270.04,1500.0,1424.0,20.0,2.0,1,1500.0,1502.0,20.0,3.0,1,1500.0,1499.0,20.0,3.0,1,1500.0,1503.0,20.0,3.200000047683716,1,1500.0,1488.0,20.0,3.0,1,1500.0,1503.0,20.0,3.0999999046325684,1
2026-03-31 16:48:52,270.75,1500.0,1519.0,20.0,2.0999999046325684,1,1500.0,1507.0,20.0,3.200000047683716,1,1500.0,1503.0,20.0,3.0,1,1500.0,1499.0,20.0,3.0999999046325684,1,1500.0,1499.0,20.0,3.0999999046325684,1,1500.0,1504.0,20.0,3.0999999046325684,1
2026-03-31 16:48:53,271.46,1500.0,1451.0,20.0,3.5,1,1500.0,1510.0,20.0,3.4000000953674316,1,1500.0,1497.0,20.0,3.0,1,1500.0,1498.0,20.0,3.0999999046325684,1,1500.0,1494.0,20.0,2.9000000953674316,1,1500.0,1504.0,20.0,3.0999999046325684,1
2026-03-31 16:48:53,272.16,1500.0,1566.0,20.0,3.299999952316284,1,1500.0,1510.0,20.0,3.5999999046325684,1,1500.0,1498.0,20.0,3.0999999046325684,1,1500.0,1498.0,20.0,3.0999999046325684,1,1500.0,1508.0,20.0,3.200000047683716,1,1500.0,1504.0,20.0,3.0999999046325684,1
2026-03-31 16:48:54,272.86,1500.0,1465.0,20.0,1.5,1,1500.0,1509.0,20.0,3.4000000953674316,1,1500.0,1503.0,20.0,3.0,1,1500.0,1501.0,20.0,3.0999999046325684,1,1500.0,1491.0,20.0,3.0999999046325684,1,1500.0,1502.0,20.0,3.0999999046325684,1
2026-03-31 16:48:55,273.57,1500.0,1481.0,20.0,4.800000190734863,1,1500.0,1509.0,20.0,3.4000000953674316,1,1500.0,1497.0,20.0,3.0,1,1500.0,1501.0,20.0,3.0999999046325684,1,1500.0,1499.0,20.0,2.9000000953674316,1,1500.0,1505.0,20.0,3.200000047683716,1
2026-03-31 16:48:56,274.27,1500.0,1565.0,20.0,3.4000000953674316,1,1500.0,1502.0,20.0,3.0,1,1500.0,1497.0,20.0,3.0,1,1500.0,1504.0,20.0,3.200000047683716,1,1500.0,1506.0,20.0,3.299999952316284,1,1500.0,1504.0,20.0,3.200000047683716,1
2026-03-31 16:48:56,275.0,1500.0,1436.0,20.0,1.2999999523162842,1,1500.0,1500.0,20.0,2.9000000953674316,1,1500.0,1508.0,20.0,3.0999999046325684,1,1500.0,1499.0,20.0,3.200000047683716,1,1500.0,1493.0,20.0,3.200000047683716,1,1500.0,1503.0,20.0,3.200000047683716,1
2026-03-31 16:48:57,275.7,1500.0,1527.0,20.0,5.699999809265137,1,1500.0,1496.0,20.0,2.700000047683716,1,1500.0,1502.0,20.0,3.0,1,1500.0,1501.0,20.0,3.200000047683716,1,1500.0,1498.0,20.0,2.9000000953674316,1,1500.0,1503.0,20.0,3.200000047683716,1
2026-03-31 16:48:58,276.41,1500.0,1560.0,20.0,2.700000047683716,1,1500.0,1491.0,20.0,2.5999999046325684,1,1500.0,1497.0,20.0,3.0,1,1500.0,1500.0,20.0,3.200000047683716,1,1500.0,1513.0,20.0,3.4000000953674316,1,1500.0,1503.0,20.0,3.200000047683716,1
2026-03-31 16:48:58,277.13,1500.0,1484.0,20.0,1.600000023841858,1,1500.0,1498.0,20.0,2.799999952316284,1,1500.0,1500.0,20.0,3.0999999046325684,1,1500.0,1499.0,20.0,3.200000047683716,1,1500.0,1493.0,20.0,2.9000000953674316,1,1500.0,1503.0,20.0,3.0999999046325684,1
2026-03-31 16:48:59,277.83,1500.0,1571.0,20.0,4.699999809265137,1,1500.0,1494.0,20.0,2.700000047683716,1,1500.0,1501.0,20.0,3.0,1,1500.0,1499.0,20.0,3.0999999046325684,1,1500.0,1508.0,20.0,3.0,1,1500.0,1502.0,20.0,3.0999999046325684,1
2026-03-31 16:49:00,278.55,1500.0,1441.0,20.0,1.2999999523162842,1,1500.0,1508.0,20.0,3.299999952316284,1,1500.0,1498.0,20.0,3.0,1,1500.0,1499.0,20.0,3.0999999046325684,1,1500.0,1504.0,20.0,3.200000047683716,1,1500.0,1502.0,20.0,3.0999999046325684,1
2026-03-31 16:49:01,279.25,1500.0,1530.0,20.0,2.4000000953674316,1,1500.0,1500.0,20.0,2.9000000953674316,1,1500.0,1505.0,20.0,3.200000047683716,1,1500.0,1500.0,20.0,3.0999999046325684,1,1500.0,1494.0,20.0,3.0,1,1500.0,1505.0,20.0,3.200000047683716,1
2026-03-31 16:49:01,279.97,1500.0,1416.0,20.0,2.5,1,1500.0,1507.0,20.0,3.200000047683716,1,1500.0,1500.0,20.0,3.0,1,1500.0,1502.0,20.0,3.200000047683716,1,1500.0,1507.0,20.0,3.0,1,1500.0,1505.0,20.0,3.200000047683716,1
2026-03-31 16:49:02,280.69,1500.0,1570.0,20.0,3.5999999046325684,1,1500.0,1509.0,20.0,3.4000000953674316,1,1500.0,1498.0,20.0,3.0,1,1500.0,1500.0,20.0,3.0999999046325684,1,1500.0,1507.0,20.0,3.299999952316284,1,1500.0,1502.0,20.0,3.0999999046325684,1
2026-03-31 16:49:03,281.4,1500.0,1456.0,20.0,1.399999976158142,1,1500.0,1509.0,20.0,3.4000000953674316,1,1500.0,1504.0,20.0,3.0999999046325684,1,1500.0,1502.0,20.0,3.200000047683716,1,1500.0,1492.0,20.0,3.0999999046325684,1,1500.0,1504.0,20.0,3.0999999046325684,1
2026-03-31 16:49:03,282.12,1500.0,1496.0,20.0,4.800000190734863,1,1500.0,1505.0,20.0,3.200000047683716,1,1500.0,1502.0,20.0,3.0,1,1500.0,1501.0,20.0,3.200000047683716,1,1500.0,1510.0,20.0,3.0999999046325684,1,1500.0,1503.0,20.0,3.0999999046325684,1
2026-03-31 16:49:04,282.83,1500.0,1565.0,20.0,3.0999999046325684,1,1500.0,1494.0,20.0,2.700000047683716,1,1500.0,1497.0,20.0,3.0,1,1500.0,1500.0,20.0,3.0999999046325684,1,1500.0,1502.0,20.0,3.200000047683716,1,1500.0,1502.0,20.0,3.0999999046325684,1
2026-03-31 16:49:05,283.56,1500.0,1444.0,20.0,1.2999999523162842,1,1500.0,1500.0,20.0,2.799999952316284,1,1500.0,1506.0,20.0,3.299999952316284,1,1500.0,1499.0,20.0,3.0999999046325684,1,1500.0,1490.0,20.0,3.0,1,1500.0,1503.0,20.0,3.0999999046325684,1
2026-03-31 16:49:06,284.26,1500.0,1455.0,20.0,3.9000000953674316,1,1500.0,1502.0,20.0,2.9000000953674316,1,1500.0,1503.0,20.0,3.0,1,1500.0,1499.0,20.0,3.0999999046325684,1,1500.0,1502.0,20.0,2.9000000953674316,1,1500.0,1505.0,20.0,3.0999999046325684,1
2026-03-31 16:49:06,284.99,1500.0,1561.0,20.0,3.299999952316284,1,1500.0,1502.0,20.0,2.9000000953674316,1,1500.0,1496.0,20.0,3.0,1,1500.0,1499.0,20.0,3.0999999046325684,1,1500.0,1503.0,20.0,3.0999999046325684,1,1500.0,1504.0,20.0,3.0999999046325684,1
2026-03-31 16:49:07,285.69,1500.0,1427.0,20.0,2.0999999046325684,1,1500.0,1509.0,20.0,3.299999952316284,1,1500.0,1501.0,20.0,3.0999999046325684,1,1500.0,1499.0,20.0,3.0999999046325684,1,1500.0,1497.0,20.0,3.0999999046325684,1,1500.0,1504.0,20.0,3.0999999046325684,1
2026-03-31 16:49:08,286.41,1500.0,1565.0,20.0,5.099999904632568,1,1500.0,1510.0,20.0,3.5999999046325684,1,1500.0,1507.0,20.0,3.0999999046325684,1,1500.0,1505.0,20.0,3.0999999046325684,1,1500.0,1487.0,20.0,2.9000000953674316,1,1500.0,1504.0,20.0,3.0999999046325684,1
2026-03-31 16:49:08,287.13,1500.0,1514.0,20.0,2.0,1,1500.0,1508.0,20.0,3.299999952316284,1,1500.0,1495.0,20.0,2.9000000953674316,1,1500.0,1503.0,20.0,3.0999999046325684,1,1500.0,1504.0,20.0,2.9000000953674316,1,1500.0,1504.0,20.0,3.0999999046325684,1
2026-03-31 16:49:09,287.85,1500.0,1489.0,20.0,4.199999809265137,1,1500.0,1504.0,20.0,3.0999999046325684,1,1500.0,1499.0,20.0,3.0999999046325684,1,1500.0,1499.0,20.0,3.0999999046325684,1,1500.0,1504.0,20.0,3.299999952316284,1,1500.0,1503.0,20.0,3.0999999046325684,1
2026-03-31 16:49:10,288.57,1500.0,1471.0,20.0,1.5,1,1500.0,1500.0,20.0,2.9000000953674316,1,1500.0,1496.0,20.0,2.9000000953674316,1,1500.0,1500.0,20.0,3.0999999046325684,1,1500.0,1503.0,20.0,2.9000000953674316,1,1500.0,1504.0,20.0,3.0999999046325684,1
2026-03-31 16:49:11,289.27,1500.0,1471.0,20.0,4.300000190734863,1,1500.0,1507.0,20.0,3.299999952316284,1,1500.0,1497.0,20.0,3.0,1,1500.0,1497.0,20.0,3.0999999046325684,1,1500.0,1501.0,20.0,3.200000047683716,1,1500.0,1504.0,20.0,3.0999999046325684,1
2026-03-31 16:49:11,289.98,1500.0,1580.0,20.0,3.5999999046325684,1,1500.0,1510.0,20.0,3.5999999046325684,1,1500.0,1503.0,20.0,3.0,1,1500.0,1499.0,20.0,3.0999999046325684,1,1500.0,1489.0,20.0,2.9000000953674316,1,1500.0,1504.0,20.0,3.0999999046325684,1
2026-03-31 16:49:12,290.69,1500.0,1479.0,20.0,1.600000023841858,1,1500.0,1508.0,20.0,3.299999952316284,1,1500.0,1504.0,20.0,3.0,1,1500.0,1500.0,20.0,3.0999999046325684,1,1500.0,1508.0,20.0,3.0999999046325684,1,1500.0,1504.0,20.0,3.0999999046325684,1
2026-03-31 16:49:13,291.39,1500.0,1482.0,20.0,4.099999904632568,1,1500.0,1508.0,20.0,3.299999952316284,1,1500.0,1495.0,20.0,3.0,1,1500.0,1499.0,20.0,3.0999999046325684,1,1500.0,1498.0,20.0,3.0999999046325684,1,1500.0,1503.0,20.0,3.0999999046325684,1
2026-03-31 16:49:13,292.11,1500.0,1560.0,20.0,2.799999952316284,1,1500.0,1508.0,20.0,3.299999952316284,1,1500.0,1506.0,20.0,3.0999999046325684,1,1500.0,1502.0,20.0,3.0999999046325684,1,1500.0,1495.0,20.0,2.799999952316284,1,1500.0,1503.0,20.0,3.0999999046325684,1
2026-03-31 16:49:14,292.82,1500.0,1453.0,20.0,1.5,1,1500.0,1507.0,20.0,3.299999952316284,1,1500.0,1499.0,20.0,3.0,1,1500.0,1504.0,20.0,3.200000047683716,1,1500.0,1509.0,20.0,3.200000047683716,1,1500.0,1503.0,20.0,3.0999999046325684,1
2026-03-31 16:49:15,293.54,1500.0,1535.0,20.0,5.400000095367432,1,1500.0,1507.0,20.0,3.299999952316284,1,1500.0,1501.0,20.0,3.0999999046325684,1,1500.0,1499.0,20.0,3.200000047683716,1,1500.0,1500.0,20.0,3.200000047683716,1,1500.0,1503.0,20.0,3.0999999046325684,1
2026-03-31 16:49:16,294.25,1500.0,1568.0,20.0,3.0,1,1500.0,1509.0,20.0,3.299999952316284,1,1500.0,1503.0,20.0,3.0999999046325684,1,1500.0,1499.0,20.0,3.0999999046325684,1,1500.0,1490.0,20.0,2.9000000953674316,1,1500.0,1504.0,20.0,3.0999999046325684,1
2026-03-31 16:49:16,294.97,1500.0,1445.0,20.0,1.2999999523162842,1,1500.0,1506.0,20.0,3.299999952316284,1,1500.0,1501.0,20.0,3.0,1,1500.0,1501.0,20.0,3.0999999046325684,1,1500.0,1505.0,20.0,3.0,1,1500.0,1504.0,20.0,3.0999999046325684,1
2026-03-31 16:49:17,295.69,1500.0,1508.0,20.0,4.599999904632568,1,1500.0,1494.0,20.0,2.700000047683716,1,1500.0,1499.0,20.0,3.0,1,1500.0,1499.0,20.0,3.0999999046325684,1,1500.0,1505.0,20.0,3.200000047683716,1,1500.0,1504.0,20.0,3.0999999046325684,1
2026-03-31 16:49:18,296.4,1500.0,1535.0,20.0,2.299999952316284,1,1500.0,1500.0,20.0,3.799999952316284,1,1500.0,1506.0,20.0,3.0,1,1500.0,1499.0,20.0,3.0999999046325684,1,1500.0,1493.0,20.0,3.0999999046325684,1,1500.0,1503.0,20.0,3.0999999046325684,1
2026-03-31 16:49:18,297.12,1500.0,1526.0,20.0,2.0999999046325684,1,1500.0,1501.0,20.0,3.0999999046325684,1,1500.0,1502.0,20.0,3.0,1,1500.0,1501.0,20.0,3.0999999046325684,1,1500.0,1493.0,20.0,3.0999999046325684,1,1500.0,1504.0,20.0,3.0999999046325684,1
2026-03-31 16:49:19,297.84,1500.0,1397.0,20.0,1.0,1,1500.0,1501.0,20.0,3.0999999046325684,1,1500.0,1506.0,20.0,3.0,1,1500.0,1499.0,20.0,3.0999999046325684,1,1500.0,1495.0,20.0,3.0,1,1500.0,1504.0,20.0,3.0999999046325684,1
2026-03-31 16:49:20,298.56,1500.0,1541.0,20.0,4.699999809265137,1,1500.0,1500.0,20.0,3.0999999046325684,1,1500.0,1500.0,20.0,3.0,1,1500.0,1499.0,20.0,3.0999999046325684,1,1500.0,1508.0,20.0,3.0999999046325684,1,1500.0,1504.0,20.0,3.0999999046325684,1
2026-03-31 16:49:21,299.26,1500.0,1455.0,20.0,1.399999976158142,1,1500.0,1500.0,20.0,3.0999999046325684,1,1500.0,1496.0,20.0,3.4000000953674316,1,1500.0,1499.0,20.0,3.0999999046325684,1,1500.0,1500.0,20.0,3.200000047683716,1,1500.0,1502.0,20.0,3.0999999046325684,1
2026-03-31 16:49:21,299.97,1500.0,1455.0,20.0,5.099999904632568,1,1500.0,1500.0,20.0,3.0999999046325684,1,1500.0,1496.0,20.0,3.4000000953674316,1,1500.0,1499.0,20.0,3.0999999046325684,1,1500.0,1490.0,20.0,3.0,1,1500.0,1503.0,20.0,3.0999999046325684,1
2026-03-31 16:49:22,300.69,1500.0,1578.0,20.0,3.700000047683716,1,1500.0,1500.0,20.0,3.0999999046325684,1,1500.0,1499.0,20.0,3.200000047683716,1,1500.0,1499.0,20.0,3.0999999046325684,1,1500.0,1510.0,20.0,3.0,1,1500.0,1505.0,20.0,3.200000047683716,1
2026-03-31 16:49:23,301.39,1500.0,1467.0,20.0,1.5,1,1500.0,1500.0,20.0,3.0999999046325684,1,1500.0,1494.0,20.0,3.200000047683716,1,1500.0,1501.0,20.0,3.0999999046325684,1,1500.0,1498.0,20.0,3.0999999046325684,1,1500.0,1504.0,20.0,3.0999999046325684,1
2026-03-31 16:49:23,302.11,1500.0,1501.0,20.0,3.4000000953674316,1,1500.0,1500.0,20.0,3.0999999046325684,1,1500.0,1500.0,20.0,3.200000047683716,1,1500.0,1501.0,20.0,3.200000047683716,1,1500.0,1490.0,20.0,3.0,1,1500.0,1504.0,20.0,3.0999999046325684,1
2026-03-31 16:49:24,302.82,1500.0,1514.0,20.0,2.0,1,1500.0,1500.0,20.0,3.0999999046325684,1,1500.0,1497.0,20.0,3.200000047683716,1,1500.0,1501.0,20.0,3.200000047683716,1,1500.0,1511.0,20.0,3.200000047683716,1,1500.0,1502.0,20.0,3.0999999046325684,1
2026-03-31 16:49:25,303.53,1500.0,1474.0,20.0,4.0,1,1500.0,1503.0,20.0,3.200000047683716,1,1500.0,1501.0,20.0,3.200000047683716,1,1500.0,1501.0,20.0,3.200000047683716,1,1500.0,1495.0,20.0,3.0999999046325684,1,1500.0,1501.0,20.0,3.0999999046325684,1
2026-03-31 16:49:26,304.23,1500.0,1578.0,20.0,4.0,1,1500.0,1502.0,20.0,3.0999999046325684,1,1500.0,1490.0,20.0,3.0,1,1500.0,1503.0,20.0,3.200000047683716,1,1500.0,1494.0,20.0,2.9000000953674316,1,1500.0,1505.0,20.0,3.0999999046325684,1
2026-03-31 16:49:26,304.95,1500.0,1476.0,20.0,1.600000023841858,1,1500.0,1501.0,20.0,3.0999999046325684,1,1500.0,1502.0,20.0,3.5,1,1500.0,1500.0,20.0,3.200000047683716,1,1500.0,1512.0,20.0,3.0999999046325684,1,1500.0,1503.0,20.0,3.0999999046325684,1
2026-03-31 16:49:27,305.67,1500.0,1474.0,20.0,3.9000000953674316,1,1500.0,1502.0,20.0,3.200000047683716,1,1500.0,1497.0,20.0,3.200000047683716,1,1500.0,1500.0,20.0,3.0999999046325684,1,1500.0,1497.0,20.0,3.0999999046325684,1,1500.0,1503.0,20.0,3.0999999046325684,1
2026-03-31 16:49:28,306.37,1500.0,1433.0,20.0,2.799999952316284,1,1500.0,1501.0,20.0,3.0999999046325684,1,1500.0,1493.0,20.0,3.0999999046325684,1,1500.0,1500.0,20.0,3.0999999046325684,1,1500.0,1507.0,20.0,3.0,1,1500.0,1504.0,20.0,3.0999999046325684,1
2026-03-31 16:49:28,307.09,1500.0,1580.0,20.0,3.700000047683716,1,1500.0,1501.0,20.0,3.0999999046325684,1,1500.0,1501.0,20.0,3.5,1,1500.0,1500.0,20.0,3.200000047683716,1,1500.0,1502.0,20.0,3.200000047683716,1,1500.0,1504.0,20.0,3.0999999046325684,1
2026-03-31 16:49:29,307.81,1500.0,1463.0,20.0,1.5,1,1500.0,1500.0,20.0,3.0999999046325684,1,1500.0,1495.0,20.0,3.200000047683716,1,1500.0,1500.0,20.0,3.0999999046325684,1,1500.0,1493.0,20.0,3.200000047683716,1,1500.0,1502.0,20.0,3.0999999046325684,1
2026-03-31 16:49:30,308.52,1500.0,1495.0,20.0,5.400000095367432,1,1500.0,1501.0,20.0,3.0999999046325684,1,1500.0,1496.0,20.0,3.299999952316284,1,1500.0,1500.0,20.0,3.0999999046325684,1,1500.0,1492.0,20.0,3.0999999046325684,1,1500.0,1503.0,20.0,3.0999999046325684,1
2026-03-31 16:49:31,309.23,1500.0,1545.0,20.0,2.5999999046325684,1,1500.0,1501.0,20.0,3.0999999046325684,1,1500.0,1495.0,20.0,3.200000047683716,1,1500.0,1499.0,20.0,3.0999999046325684,1,1500.0,1505.0,20.0,3.0999999046325684,1,1500.0,1503.0,20.0,3.0999999046325684,1
2026-03-31 16:49:31,309.94,1500.0,1410.0,20.0,1.100000023841858,1,1500.0,1501.0,20.0,3.0999999046325684,1,1500.0,1495.0,20.0,3.299999952316284,1,1500.0,1499.0,20.0,3.0999999046325684,1,1500.0,1500.0,20.0,3.0999999046325684,1,1500.0,1504.0,20.0,3.0999999046325684,1
2026-03-31 16:49:32,310.65,1500.0,1521.0,20.0,5.400000095367432,1,1500.0,1500.0,20.0,3.0999999046325684,1,1500.0,1498.0,20.0,3.200000047683716,1,1500.0,1499.0,20.0,3.0999999046325684,1,1500.0,1492.0,20.0,3.0,1,1500.0,1505.0,20.0,3.0999999046325684,1
2026-03-31 16:49:33,311.36,1500.0,1536.0,20.0,2.4000000953674316,1,1500.0,1500.0,20.0,3.0999999046325684,1,1500.0,1496.0,20.0,3.299999952316284,1,1500.0,1499.0,20.0,3.0999999046325684,1,1500.0,1508.0,20.0,3.0,1,1500.0,1504.0,20.0,3.0999999046325684,1
2026-03-31 16:49:33,312.08,1500.0,1418.0,20.0,2.4000000953674316,1,1500.0,1501.0,20.0,3.0999999046325684,1,1500.0,1500.0,20.0,3.299999952316284,1,1500.0,1498.0,20.0,3.0999999046325684,1,1500.0,1505.0,20.0,3.200000047683716,1,1500.0,1503.0,20.0,3.0999999046325684,1
2026-03-31 16:49:34,312.8,1500.0,1579.0,20.0,4.199999809265137,1,1500.0,1500.0,20.0,3.0999999046325684,1,1500.0,1497.0,20.0,3.4000000953674316,1,1500.0,1501.0,20.0,3.200000047683716,1,1500.0,1493.0,20.0,3.200000047683716,1,1500.0,1500.0,20.0,3.0999999046325684,1
2026-03-31 16:49:35,313.52,1500.0,1479.0,20.0,1.7000000476837158,1,1500.0,1500.0,20.0,3.0999999046325684,1,1500.0,1501.0,20.0,3.4000000953674316,1,1500.0,1501.0,20.0,3.200000047683716,1,1500.0,1497.0,20.0,2.799999952316284,1,1500.0,1505.0,20.0,3.0999999046325684,1
2026-03-31 16:49:36,314.23,1500.0,1487.0,20.0,3.9000000953674316,1,1500.0,1500.0,20.0,3.0999999046325684,1,1500.0,1496.0,20.0,3.4000000953674316,1,1500.0,1499.0,20.0,3.0999999046325684,1,1500.0,1505.0,20.0,3.200000047683716,1,1500.0,1504.0,20.0,3.0999999046325684,1
2026-03-31 16:49:36,314.96,1500.0,1557.0,20.0,2.5999999046325684,1,1500.0,1500.0,20.0,3.0999999046325684,1,1500.0,1504.0,20.0,3.4000000953674316,1,1500.0,1501.0,20.0,3.0999999046325684,1,1500.0,1499.0,20.0,3.200000047683716,1,1500.0,1505.0,20.0,3.0999999046325684,1
2026-03-31 16:49:37,315.69,1500.0,1560.0,20.0,2.799999952316284,1,1500.0,1500.0,20.0,3.0999999046325684,1,1500.0,1492.0,20.0,3.200000047683716,1,1500.0,1499.0,20.0,3.200000047683716,1,1500.0,1499.0,20.0,3.200000047683716,1,1500.0,1505.0,20.0,3.0999999046325684,1
2026-03-31 16:49:38,316.4,1500.0,1415.0,20.0,1.100000023841858,1,1500.0,1502.0,20.0,3.0999999046325684,1,1500.0,1503.0,20.0,3.5,1,1500.0,1499.0,20.0,3.0999999046325684,1,1500.0,1492.0,20.0,2.9000000953674316,1,1500.0,1504.0,20.0,3.0999999046325684,1
2026-03-31 16:49:38,317.13,1500.0,1525.0,20.0,5.300000190734863,1,1500.0,1501.0,20.0,3.0999999046325684,1,1500.0,1497.0,20.0,3.200000047683716,1,1500.0,1499.0,20.0,3.0999999046325684,1,1500.0,1508.0,20.0,3.0,1,1500.0,1504.0,20.0,3.0999999046325684,1
2026-03-31 16:49:39,317.84,1500.0,1575.0,20.0,3.0999999046325684,1,1500.0,1501.0,20.0,3.0999999046325684,1,1500.0,1497.0,20.0,3.299999952316284,1,1500.0,1500.0,20.0,3.200000047683716,1,1500.0,1498.0,20.0,3.200000047683716,1,1500.0,1504.0,20.0,3.0999999046325684,1
2026-03-31 16:49:40,318.55,1500.0,1445.0,20.0,1.2999999523162842,1,1500.0,1501.0,20.0,3.0999999046325684,1,1500.0,1500.0,20.0,3.299999952316284,1,1500.0,1501.0,20.0,3.0999999046325684,1,1500.0,1490.0,20.0,3.0,1,1500.0,1503.0,20.0,3.0999999046325684,1
2026-03-31 16:49:41,319.28,1500.0,1480.0,20.0,4.5,1,1500.0,1501.0,20.0,3.0999999046325684,1,1500.0,1492.0,20.0,3.299999952316284,1,1500.0,1501.0,20.0,3.0999999046325684,1,1500.0,1505.0,20.0,3.0,1,1500.0,1504.0,20.0,3.0999999046325684,1
2026-03-31 16:49:41,320.0,1500.0,1533.0,20.0,2.299999952316284,1,1500.0,1501.0,20.0,3.0999999046325684,1,1500.0,1501.0,20.0,3.299999952316284,1,1500.0,1498.0,20.0,3.0999999046325684,1,1500.0,1504.0,20.0,3.200000047683716,1,1500.0,1504.0,20.0,3.0999999046325684,1
2026-03-31 16:49:42,320.71,1500.0,1414.0,20.0,2.5,1,1500.0,1501.0,20.0,3.0999999046325684,1,1500.0,1496.0,20.0,3.200000047683716,1,1500.0,1501.0,20.0,3.0999999046325684,1,1500.0,1499.0,20.0,3.200000047683716,1,1500.0,1504.0,20.0,3.0999999046325684,1
2026-03-31 16:49:43,321.43,1500.0,1577.0,20.0,4.599999904632568,1,1500.0,1501.0,20.0,3.0999999046325684,1,1500.0,1498.0,20.0,3.299999952316284,1,1500.0,1499.0,20.0,3.0999999046325684,1,1500.0,1492.0,20.0,2.9000000953674316,1,1500.0,1504.0,20.0,3.0999999046325684,1
2026-03-31 16:49:43,322.14,1500.0,1475.0,20.0,1.600000023841858,1,1500.0,1502.0,20.0,3.0999999046325684,1,1500.0,1497.0,20.0,3.200000047683716,1,1500.0,1500.0,20.0,3.0999999046325684,1,1500.0,1509.0,20.0,3.200000047683716,1,1500.0,1502.0,20.0,3.0999999046325684,1
2026-03-31 16:49:44,322.85,1500.0,1529.0,20.0,4.5,1,1500.0,1501.0,20.0,3.0999999046325684,1,1500.0,1494.0,20.0,3.299999952316284,1,1500.0,1502.0,20.0,3.200000047683716,1,1500.0,1503.0,20.0,3.200000047683716,1,1500.0,1502.0,20.0,3.0999999046325684,1
2026-03-31 16:49:45,323.57,1500.0,1514.0,20.0,2.0,1,1500.0,1501.0,20.0,3.0999999046325684,1,1500.0,1501.0,20.0,3.299999952316284,1,1500.0,1502.0,20.0,3.200000047683716,1,1500.0,1490.0,20.0,3.0,1,1500.0,1504.0,20.0,3.0999999046325684,1
2026-03-31 16:49:46,324.28,1500.0,1437.0,20.0,2.700000047683716,1,1500.0,1501.0,20.0,3.0999999046325684,1,1500.0,1495.0,20.0,3.299999952316284,1,1500.0,1500.0,20.0,3.200000047683716,1,1500.0,1500.0,20.0,2.9000000953674316,1,1500.0,1502.0,20.0,3.0,1
2026-03-31 16:49:46,325.0,1500.0,1443.0,20.0,1.2999999523162842,1,1500.0,1501.0,20.0,3.0999999046325684,1,1500.0,1499.0,20.0,3.4000000953674316,1,1500.0,1499.0,20.0,3.0999999046325684,1,1500.0,1497.0,20.0,3.200000047683716,1,1500.0,1502.0,20.0,3.0999999046325684,1
2026-03-31 16:49:47,325.72,1500.0,1478.0,20.0,4.099999904632568,1,1500.0,1501.0,20.0,3.0999999046325684,1,1500.0,1496.0,20.0,3.4000000953674316,1,1500.0,1499.0,20.0,3.0999999046325684,1,1500.0,1495.0,20.0,2.700000047683716,1,1500.0,1502.0,20.0,3.0999999046325684,1
2026-03-31 16:49:48,326.44,1500.0,1546.0,20.0,2.700000047683716,1,1500.0,1501.0,20.0,3.0999999046325684,1,1500.0,1498.0,20.0,3.200000047683716,1,1500.0,1500.0,20.0,3.0999999046325684,1,1500.0,1508.0,20.0,3.299999952316284,1,1500.0,1503.0,20.0,3.0999999046325684,1
2026-03-31 16:49:48,327.15,1500.0,1401.0,20.0,1.5,1,1500.0,1501.0,20.0,3.0999999046325684,1,1500.0,1494.0,20.0,3.200000047683716,1,1500.0,1498.0,20.0,3.0999999046325684,1,1500.0,1493.0,20.0,3.200000047683716,1,1500.0,1506.0,20.0,3.0999999046325684,1
2026-03-31 16:49:49,327.87,1500.0,1561.0,20.0,5.099999904632568,1,1500.0,1501.0,20.0,3.0999999046325684,1,1500.0,1496.0,20.0,3.299999952316284,1,1500.0,1502.0,20.0,3.0999999046325684,1,1500.0,1494.0,20.0,2.799999952316284,1,1500.0,1503.0,20.0,3.0999999046325684,1
2026-03-31 16:49:50,328.57,1500.0,1524.0,20.0,2.200000047683716,1,1500.0,1501.0,20.0,3.0999999046325684,1,1500.0,1496.0,20.0,3.200000047683716,1,1500.0,1503.0,20.0,3.200000047683716,1,1500.0,1511.0,20.0,3.200000047683716,1,1500.0,1501.0,20.0,3.0999999046325684,1
2026-03-31 16:49:51,329.28,1500.0,1458.0,20.0,3.700000047683716,1,1500.0,1501.0,20.0,3.0999999046325684,1,1500.0,1494.0,20.0,3.299999952316284,1,1500.0,1499.0,20.0,3.0999999046325684,1,1500.0,1497.0,20.0,3.200000047683716,1,1500.0,1503.0,20.0,3.0999999046325684,1
2026-03-31 16:49:51,329.99,1500.0,1562.0,20.0,3.299999952316284,1,1500.0,1501.0,20.0,3.200000047683716,1,1500.0,1499.0,20.0,3.299999952316284,1,1500.0,1500.0,20.0,3.0999999046325684,1,1500.0,1496.0,20.0,2.799999952316284,1,1500.0,1503.0,20.0,3.0999999046325684,1
2026-03-31 16:49:52,330.71,1500.0,1411.0,20.0,1.100000023841858,1,1500.0,1501.0,20.0,3.0999999046325684,1,1500.0,1493.0,20.0,3.0999999046325684,1,1500.0,1500.0,20.0,3.0999999046325684,1,1500.0,1507.0,20.0,3.200000047683716,1,1500.0,1503.0,20.0,3.0999999046325684,1
2026-03-31 16:49:53,331.43,1500.0,1410.0,20.0,3.5,1,1500.0,1499.0,20.0,3.0999999046325684,1,1500.0,1497.0,20.0,3.299999952316284,1,1500.0,1501.0,20.0,3.0999999046325684,1,1500.0,1497.0,20.0,3.0999999046325684,1,1500.0,1503.0,20.0,3.0999999046325684,1
2026-03-31 16:49:53,332.15,1500.0,1566.0,20.0,3.5999999046325684,1,1500.0,1500.0,20.0,3.0,1,1500.0,1496.0,20.0,3.200000047683716,1,1500.0,1501.0,20.0,3.0999999046325684,1,1500.0,1495.0,20.0,2.9000000953674316,1,1500.0,1503.0,20.0,3.0999999046325684,1
2026-03-31 16:49:54,332.87,1500.0,1466.0,20.0,1.5,1,1500.0,1500.0,20.0,3.0,1,1500.0,1500.0,20.0,3.5,1,1500.0,1499.0,20.0,3.0999999046325684,1,1500.0,1510.0,20.0,3.0,1,1500.0,1505.0,20.0,3.0999999046325684,1
2026-03-31 16:49:55,333.58,1500.0,1507.0,20.0,1.899999976158142,1,1500.0,1501.0,20.0,3.0999999046325684,1,1500.0,1498.0,20.0,3.299999952316284,1,1500.0,1496.0,20.0,3.0999999046325684,1,1500.0,1500.0,20.0,2.799999952316284,1,1500.0,1504.0,20.0,3.0999999046325684,1
2026-03-31 16:49:56,334.29,1500.0,1415.0,20.0,1.899999976158142,1,1500.0,1499.0,20.0,3.0999999046325684,1,1500.0,1497.0,20.0,3.4000000953674316,1,1500.0,1499.0,20.0,3.0999999046325684,1,1500.0,1504.0,20.0,3.299999952316284,1,1500.0,1504.0,20.0,3.0999999046325684,1
2026-03-31 16:49:56,335.0,1500.0,1550.0,20.0,5.300000190734863,1,1500.0,1501.0,20.0,3.0999999046325684,1,1500.0,1501.0,20.0,3.4000000953674316,1,1500.0,1504.0,20.0,3.0999999046325684,1,1500.0,1495.0,20.0,3.0,1,1500.0,1504.0,20.0,3.0999999046325684,1
2026-03-31 16:49:57,335.71,1500.0,1541.0,20.0,2.299999952316284,1,1500.0,1502.0,20.0,3.0999999046325684,1,1500.0,1495.0,20.0,3.299999952316284,1,1500.0,1503.0,20.0,3.0999999046325684,1,1500.0,1506.0,20.0,3.0,1,1500.0,1504.0,20.0,3.0999999046325684,1
2026-03-31 16:49:58,336.43,1500.0,1424.0,20.0,2.9000000953674316,1,1500.0,1501.0,20.0,3.0999999046325684,1,1500.0,1499.0,20.0,3.299999952316284,1,1500.0,1500.0,20.0,3.0999999046325684,1,1500.0,1503.0,20.0,3.299999952316284,1,1500.0,1502.0,20.0,3.0999999046325684,1
2026-03-31 16:49:58,337.13,1500.0,1565.0,20.0,5.199999809265137,1,1500.0,1501.0,20.0,3.0999999046325684,1,1500.0,1497.0,20.0,3.200000047683716,1,1500.0,1498.0,20.0,3.0999999046325684,1,1500.0,1493.0,20.0,3.200000047683716,1,1500.0,1502.0,20.0,3.0999999046325684,1
2026-03-31 16:49:59,337.84,1500.0,1550.0,20.0,2.4000000953674316,1,1500.0,1499.0,20.0,3.0999999046325684,1,1500.0,1493.0,20.0,3.200000047683716,1,1500.0,1498.0,20.0,3.0999999046325684,1,1500.0,1504.0,20.0,3.0,1,1500.0,1502.0,20.0,3.0999999046325684,1
2026-03-31 16:50:00,338.58,1500.0,1429.0,20.0,1.2000000476837158,1,1500.0,1504.0,20.0,3.200000047683716,1,1500.0,1500.0,20.0,3.4000000953674316,1,1500.0,1498.0,20.0,3.0999999046325684,1,1500.0,1501.0,20.0,3.0999999046325684,1,1500.0,1504.0,20.0,3.200000047683716,1
2026-03-31 16:50:01,339.29,1500.0,1550.0,20.0,5.300000190734863,1,1500.0,1500.0,20.0,3.0999999046325684,1,1500.0,1494.0,20.0,3.0999999046325684,1,1500.0,1498.0,20.0,3.0999999046325684,1,1500.0,1494.0,20.0,3.0,1,1500.0,1504.0,20.0,3.200000047683716,1
2026-03-31 16:50:01,339.99,1500.0,1536.0,20.0,2.4000000953674316,1,1500.0,1500.0,20.0,3.0999999046325684,1,1500.0,1499.0,20.0,3.4000000953674316,1,1500.0,1499.0,20.0,3.0,1,1500.0,1509.0,20.0,3.0,1,1500.0,1504.0,20.0,3.200000047683716,1
2026-03-31 16:50:02,340.69,1500.0,1406.0,20.0,2.5,1,1500.0,1501.0,20.0,3.0999999046325684,1,1500.0,1499.0,20.0,3.299999952316284,1,1500.0,1499.0,20.0,3.0999999046325684,1,1500.0,1496.0,20.0,3.0999999046325684,1,1500.0,1502.0,20.0,3.0999999046325684,1
2026-03-31 16:50:03,341.4,1500.0,1568.0,20.0,4.199999809265137,1,1500.0,1500.0,20.0,3.0999999046325684,1,1500.0,1492.0,20.0,3.200000047683716,1,1500.0,1501.0,20.0,3.0999999046325684,1,1500.0,1491.0,20.0,2.799999952316284,1,1500.0,1502.0,20.0,3.0999999046325684,1
2026-03-31 16:50:03,342.12,1500.0,1444.0,20.0,1.399999976158142,1,1500.0,1500.0,20.0,3.0999999046325684,1,1500.0,1500.0,20.0,3.200000047683716,1,1500.0,1501.0,20.0,3.0999999046325684,1,1500.0,1508.0,20.0,3.200000047683716,1,1500.0,1502.0,20.0,3.0999999046325684,1
2026-03-31 16:50:04,342.84,1500.0,1565.0,20.0,3.0,1,1500.0,1501.0,20.0,3.0999999046325684,1,1500.0,1499.0,20.0,3.299999952316284,1,1500.0,1500.0,20.0,3.200000047683716,1,1500.0,1499.0,20.0,2.799999952316284,1,1500.0,1503.0,20.0,3.0999999046325684,1
2026-03-31 16:50:05,343.55,1500.0,1479.0,20.0,1.600000023841858,1,1500.0,1499.0,20.0,3.0999999046325684,1,1500.0,1497.0,20.0,3.299999952316284,1,1500.0,1499.0,20.0,3.200000047683716,1,1500.0,1504.0,20.0,3.200000047683716,1,1500.0,1503.0,20.0,3.0999999046325684,1
2026-03-31 16:50:06,344.26,1500.0,1434.0,20.0,3.700000047683716,1,1500.0,1502.0,20.0,3.200000047683716,1,1500.0,1497.0,20.0,3.4000000953674316,1,1500.0,1499.0,20.0,3.200000047683716,1,1500.0,1492.0,20.0,3.0,1,1500.0,1503.0,20.0,3.0999999046325684,1
2026-03-31 16:50:06,344.96,1500.0,1573.0,20.0,3.5999999046325684,1,1500.0,1499.0,20.0,3.0999999046325684,1,1500.0,1497.0,20.0,3.200000047683716,1,1500.0,1499.0,20.0,3.0999999046325684,1,1500.0,1499.0,20.0,2.9000000953674316,1,1500.0,1503.0,20.0,3.0999999046325684,1
2026-03-31 16:50:07,345.67,1500.0,1426.0,20.0,1.2000000476837158,1,1500.0,1500.0,20.0,3.0999999046325684,1,1500.0,1495.0,20.0,3.200000047683716,1,1500.0,1500.0,20.0,3.0,1,1500.0,1501.0,20.0,3.0999999046325684,1,1500.0,1503.0,20.0,3.0999999046325684,1
2026-03-31 16:50:08,346.37,1500.0,1513.0,20.0,4.900000095367432,1,1500.0,1501.0,20.0,3.0999999046325684,1,1500.0,1497.0,20.0,3.5,1,1500.0,1502.0,20.0,3.0999999046325684,1,1500.0,1488.0,20.0,3.0,1,1500.0,1505.0,20.0,3.0999999046325684,1
2026-03-31 16:50:08,347.09,1500.0,1530.0,20.0,2.299999952316284,1,1500.0,1501.0,20.0,3.0999999046325684,1,1500.0,1498.0,20.0,3.299999952316284,1,1500.0,1504.0,20.0,3.0999999046325684,1,1500.0,1510.0,20.0,3.0,1,1500.0,1502.0,20.0,3.0999999046325684,1
2026-03-31 16:50:09,347.81,1500.0,1477.0,20.0,3.799999952316284,1,1500.0,1501.0,20.0,3.0999999046325684,1,1500.0,1490.0,20.0,3.299999952316284,1,1500.0,1501.0,20.0,3.0999999046325684,1,1500.0,1498.0,20.0,3.200000047683716,1,1500.0,1502.0,20.0,3.0999999046325684,1
2026-03-31 16:50:10,348.52,1500.0,1567.0,20.0,3.299999952316284,1,1500.0,1500.0,20.0,3.0999999046325684,1,1500.0,1503.0,20.0,3.4000000953674316,1,1500.0,1499.0,20.0,3.0999999046325684,1,1500.0,1489.0,20.0,2.9000000953674316,1,1500.0,1503.0,20.0,3.0999999046325684,1
2026-03-31 16:50:11,349.24,1500.0,1428.0,20.0,1.2000000476837158,1,1500.0,1500.0,20.0,3.0999999046325684,1,1500.0,1494.0,20.0,3.200000047683716,1,1500.0,1500.0,20.0,3.0999999046325684,1,1500.0,1511.0,20.0,3.0999999046325684,1,1500.0,1506.0,20.0,3.200000047683716,1
2026-03-31 16:50:11,349.95,1500.0,1502.0,20.0,5.800000190734863,1,1500.0,1500.0,20.0,3.0999999046325684,1,1500.0,1503.0,20.0,3.299999952316284,1,1500.0,1500.0,20.0,3.0999999046325684,1,1500.0,1491.0,20.0,3.0999999046325684,1,1500.0,1504.0,20.0,3.200000047683716,1
2026-03-31 16:50:12,350.67,1500.0,1575.0,20.0,3.200000047683716,1,1500.0,1502.0,20.0,3.200000047683716,1,1500.0,1494.0,20.0,3.200000047683716,1,1500.0,1498.0,20.0,3.0999999046325684,1,1500.0,1497.0,20.0,2.9000000953674316,1,1500.0,1504.0,20.0,3.200000047683716,1
2026-03-31 16:50:13,351.38,1500.0,1425.0,20.0,1.2999999523162842,1,1500.0,1501.0,20.0,3.0999999046325684,1,1500.0,1500.0,20.0,3.4000000953674316,1,1500.0,1499.0,20.0,3.0999999046325684,1,1500.0,1502.0,20.0,3.0999999046325684,1,1500.0,1504.0,20.0,3.200000047683716,1
2026-03-31 16:50:13,352.08,1500.0,1540.0,20.0,2.5999999046325684,1,1500.0,1500.0,20.0,3.0999999046325684,1,1500.0,1491.0,20.0,3.200000047683716,1,1500.0,1500.0,20.0,3.0999999046325684,1,1500.0,1491.0,20.0,2.9000000953674316,1,1500.0,1504.0,20.0,3.200000047683716,1
2026-03-31 16:50:14,352.78,1500.0,1433.0,20.0,3.4000000953674316,1,1500.0,1503.0,20.0,3.200000047683716,1,1500.0,1498.0,20.0,3.200000047683716,1,1500.0,1501.0,20.0,3.0999999046325684,1,1500.0,1511.0,20.0,3.200000047683716,1,1500.0,1502.0,20.0,3.0999999046325684,1
2026-03-31 16:50:15,353.5,1500.0,1581.0,20.0,4.900000095367432,1,1500.0,1502.0,20.0,3.200000047683716,1,1500.0,1494.0,20.0,3.200000047683716,1,1500.0,1502.0,20.0,3.200000047683716,1,1500.0,1493.0,20.0,3.200000047683716,1,1500.0,1504.0,20.0,3.0999999046325684,1
2026-03-31 16:50:15,354.22,1500.0,1504.0,20.0,1.899999976158142,1,1500.0,1501.0,20.0,3.200000047683716,1,1500.0,1499.0,20.0,3.299999952316284,1,1500.0,1499.0,20.0,3.0999999046325684,1,1500.0,1499.0,20.0,2.799999952316284,1,1500.0,1505.0,20.0,3.0999999046325684,1
2026-03-31 16:50:16,354.94,1500.0,1523.0,20.0,4.900000095367432,1,1500.0,1500.0,20.0,3.0999999046325684,1,1500.0,1493.0,20.0,3.299999952316284,1,1500.0,1500.0,20.0,3.0999999046325684,1,1500.0,1492.0,20.0,3.200000047683716,1,1500.0,1505.0,20.0,3.0999999046325684,1
2026-03-31 16:50:17,355.66,1500.0,1575.0,20.0,3.200000047683716,1,1500.0,1500.0,20.0,3.0999999046325684,1,1500.0,1501.0,20.0,3.299999952316284,1,1500.0,1499.0,20.0,3.0999999046325684,1,1500.0,1507.0,20.0,2.9000000953674316,1,1500.0,1504.0,20.0,3.0999999046325684,1
2026-03-31 16:50:18,356.38,1500.0,1459.0,20.0,1.399999976158142,1,1500.0,1500.0,20.0,3.0999999046325684,1,1500.0,1495.0,20.0,3.299999952316284,1,1500.0,1500.0,20.0,3.0999999046325684,1,1500.0,1495.0,20.0,3.0999999046325684,1,1500.0,1502.0,20.0,3.0999999046325684,1
2026-03-31 16:50:18,357.1,1500.0,1487.0,20.0,4.699999809265137,1,1500.0,1499.0,20.0,3.0,1,1500.0,1498.0,20.0,3.4000000953674316,1,1500.0,1498.0,20.0,3.0999999046325684,1,1500.0,1501.0,20.0,2.9000000953674316,1,1500.0,1504.0,20.0,3.0999999046325684,1
2026-03-31 16:50:19,357.81,1500.0,1570.0,20.0,3.299999952316284,1,1500.0,1501.0,20.0,3.0,1,1500.0,1498.0,20.0,3.200000047683716,1,1500.0,1499.0,20.0,3.0999999046325684,1,1500.0,1500.0,20.0,3.0999999046325684,1,1500.0,1504.0,20.0,3.0999999046325684,1
2026-03-31 16:50:20,358.53,1500.0,1436.0,20.0,1.2999999523162842,1,1500.0,1501.0,20.0,3.0999999046325684,1,1500.0,1496.0,20.0,3.299999952316284,1,1500.0,1499.0,20.0,3.0999999046325684,1,1500.0,1491.0,20.0,2.799999952316284,1,1500.0,1504.0,20.0,3.0999999046325684,1
2026-03-31 16:50:21,359.25,1500.0,1526.0,20.0,4.800000190734863,1,1500.0,1501.0,20.0,3.0999999046325684,1,1500.0,1499.0,20.0,3.299999952316284,1,1500.0,1502.0,20.0,3.0999999046325684,1,1500.0,1509.0,20.0,3.200000047683716,1,1500.0,1502.0,20.0,3.0999999046325684,1
2026-03-31 16:50:21,359.95,1500.0,1532.0,20.0,2.200000047683716,1,1500.0,1501.0,20.0,3.0999999046325684,1,1500.0,1494.0,20.0,3.299999952316284,1,1500.0,1500.0,20.0,3.0999999046325684,1,1500.0,1496.0,20.0,3.200000047683716,1,1500.0,1504.0,20.0,3.200000047683716,1
2026-03-31 16:50:22,360.67,1500.0,1574.0,20.0,4.699999809265137,1,1500.0,1500.0,20.0,3.0999999046325684,1,1500.0,1500.0,20.0,3.4000000953674316,1,1500.0,1501.0,20.0,3.0999999046325684,1,1500.0,1510.0,20.0,3.200000047683716,1,1500.0,1504.0,20.0,3.200000047683716,1
2026-03-31 16:50:23,361.38,1500.0,1564.0,20.0,2.799999952316284,1,1500.0,1501.0,20.0,3.0999999046325684,1,1500.0,1493.0,20.0,3.4000000953674316,1,1500.0,1497.0,20.0,3.0999999046325684,1,1500.0,1491.0,20.0,3.0999999046325684,1,1500.0,1504.0,20.0,3.0999999046325684,1
2026-03-31 16:50:23,362.09,1500.0,1431.0,20.0,2.0999999046325684,1,1500.0,1500.0,20.0,3.0999999046325684,1,1500.0,1504.0,20.0,3.4000000953674316,1,1500.0,1497.0,20.0,3.0999999046325684,1,1500.0,1503.0,20.0,3.0,1,1500.0,1503.0,20.0,3.0999999046325684,1
2026-03-31 16:50:24,362.82,1500.0,1565.0,20.0,4.0,1,1500.0,1500.0,20.0,3.0999999046325684,1,1500.0,1497.0,20.0,3.200000047683716,1,1500.0,1500.0,20.0,3.0999999046325684,1,1500.0,1500.0,20.0,3.200000047683716,1,1500.0,1504.0,20.0,3.0999999046325684,1
2026-03-31 16:50:25,363.53,1500.0,1469.0,20.0,1.5,1,1500.0,1500.0,20.0,3.0999999046325684,1,1500.0,1498.0,20.0,3.5,1,1500.0,1502.0,20.0,3.0999999046325684,1,1500.0,1496.0,20.0,2.9000000953674316,1,1500.0,1505.0,20.0,3.0999999046325684,1
2026-03-31 16:50:26,364.24,1500.0,1437.0,20.0,3.5999999046325684,1,1500.0,1500.0,20.0,3.0999999046325684,1,1500.0,1498.0,20.0,3.200000047683716,1,1500.0,1502.0,20.0,3.0999999046325684,1,1500.0,1510.0,20.0,3.299999952316284,1,1500.0,1505.0,20.0,3.0999999046325684,1
2026-03-31 16:50:26,364.96,1500.0,1582.0,20.0,4.300000190734863,1,1500.0,1501.0,20.0,3.0999999046325684,1,1500.0,1490.0,20.0,3.200000047683716,1,1500.0,1501.0,20.0,3.0999999046325684,1,1500.0,1494.0,20.0,3.0999999046325684,1,1500.0,1504.0,20.0,3.0999999046325684,1
2026-03-31 16:50:27,365.67,1500.0,1493.0,20.0,1.7999999523162842,1,1500.0,1499.0,20.0,3.0999999046325684,1,1500.0,1499.0,20.0,3.200000047683716,1,1500.0,1498.0,20.0,3.0999999046325684,1,1500.0,1494.0,20.0,3.0,1,1500.0,1504.0,20.0,3.0999999046325684,1
2026-03-31 16:50:28,366.37,1500.0,1422.0,20.0,3.5999999046325684,1,1500.0,1502.0,20.0,3.0999999046325684,1,1500.0,1493.0,20.0,3.0999999046325684,1,1500.0,1498.0,20.0,3.0999999046325684,1,1500.0,1508.0,20.0,3.0,1,1500.0,1503.0,20.0,3.0999999046325684,1
2026-03-31 16:50:28,367.09,1500.0,1587.0,20.0,4.400000095367432,1,1500.0,1500.0,20.0,3.0999999046325684,1,1500.0,1497.0,20.0,3.299999952316284,1,1500.0,1498.0,20.0,3.0999999046325684,1,1500.0,1499.0,20.0,3.200000047683716,1,1500.0,1503.0,20.0,3.0999999046325684,1
2026-03-31 16:50:29,367.8,1500.0,1558.0,20.0,2.5999999046325684,1,1500.0,1501.0,20.0,3.0999999046325684,1,1500.0,1497.0,20.0,3.299999952316284,1,1500.0,1500.0,20.0,3.0999999046325684,1,1500.0,1495.0,20.0,3.0,1,1500.0,1503.0,20.0,3.0999999046325684,1
2026-03-31 16:50:30,368.5,1500.0,1434.0,20.0,1.2000000476837158,1,1500.0,1501.0,20.0,3.0999999046325684,1,1500.0,1494.0,20.0,3.299999952316284,1,1500.0,1501.0,20.0,3.0999999046325684,1,1500.0,1509.0,20.0,3.200000047683716,1,1500.0,1503.0,20.0,3.0999999046325684,1
2026-03-31 16:50:30,369.2,1500.0,1423.0,20.0,3.0999999046325684,1,1500.0,1501.0,20.0,3.0999999046325684,1,1500.0,1498.0,20.0,3.200000047683716,1,1500.0,1504.0,20.0,3.0999999046325684,1,1500.0,1493.0,20.0,3.200000047683716,1,1500.0,1503.0,20.0,3.0999999046325684,1
2026-03-31 16:50:31,369.92,1500.0,1482.0,20.0,1.7000000476837158,1,1500.0,1502.0,20.0,3.0999999046325684,1,1500.0,1501.0,20.0,3.4000000953674316,1,1500.0,1500.0,20.0,3.200000047683716,1,1500.0,1503.0,20.0,3.200000047683716,1,1500.0,1504.0,20.0,3.0999999046325684,1
2026-03-31 16:50:32,370.64,1500.0,1422.0,20.0,3.4000000953674316,1,1500.0,1500.0,20.0,3.0999999046325684,1,1500.0,1497.0,20.0,3.200000047683716,1,1500.0,1500.0,20.0,3.200000047683716,1,1500.0,1491.0,20.0,3.0999999046325684,1,1500.0,1504.0,20.0,3.0999999046325684,1
2026-03-31 16:50:33,371.34,1500.0,1573.0,20.0,4.800000190734863,1,1500.0,1500.0,20.0,3.0999999046325684,1,1500.0,1494.0,20.0,3.299999952316284,1,1500.0,1500.0,20.0,3.0999999046325684,1,1500.0,1511.0,20.0,3.0999999046325684,1,1500.0,1504.0,20.0,3.0999999046325684,1
2026-03-31 16:50:33,372.05,1500.0,1513.0,20.0,2.0,1,1500.0,1501.0,20.0,3.0999999046325684,1,1500.0,1502.0,20.0,3.299999952316284,1,1500.0,1504.0,20.0,3.0999999046325684,1,1500.0,1495.0,20.0,3.200000047683716,1,1500.0,1504.0,20.0,3.0999999046325684,1
2026-03-31 16:50:34,372.76,1500.0,1385.0,20.0,1.0,1,1500.0,1499.0,20.0,3.0999999046325684,1,1500.0,1493.0,20.0,3.299999952316284,1,1500.0,1502.0,20.0,3.0999999046325684,1,1500.0,1497.0,20.0,2.799999952316284,1,1500.0,1504.0,20.0,3.0999999046325684,1
2026-03-31 16:50:35,373.47,1500.0,1495.0,20.0,4.800000190734863,1,1500.0,1499.0,20.0,3.0,1,1500.0,1500.0,20.0,3.299999952316284,1,1500.0,1500.0,20.0,3.0999999046325684,1,1500.0,1504.0,20.0,3.200000047683716,1,1500.0,1502.0,20.0,3.0999999046325684,1
2026-03-31 16:50:35,374.17,1500.0,1547.0,20.0,2.5999999046325684,1,1500.0,1500.0,20.0,3.0,1,1500.0,1496.0,20.0,3.299999952316284,1,1500.0,1500.0,20.0,3.0999999046325684,1,1500.0,1488.0,20.0,3.0999999046325684,1,1500.0,1504.0,20.0,3.0999999046325684,1
2026-03-31 16:50:36,374.89,1500.0,1426.0,20.0,1.2000000476837158,1,1500.0,1501.0,20.0,3.0999999046325684,1,1500.0,1497.0,20.0,3.5,1,1500.0,1499.0,20.0,3.0999999046325684,1,1500.0,1509.0,20.0,3.0,1,1500.0,1504.0,20.0,3.0999999046325684,1
2026-03-31 16:50:37,375.61,1500.0,1564.0,20.0,3.0,1,1500.0,1498.0,20.0,3.0,1,1500.0,1491.0,20.0,3.299999952316284,1,1500.0,1500.0,20.0,3.0999999046325684,1,1500.0,1499.0,20.0,2.9000000953674316,1,1500.0,1504.0,20.0,3.0999999046325684,1
2026-03-31 16:50:38,376.32,1500.0,1447.0,20.0,1.2999999523162842,1,1500.0,1501.0,20.0,3.0,1,1500.0,1502.0,20.0,3.4000000953674316,1,1500.0,1500.0,20.0,3.0,1,1500.0,1503.0,20.0,3.200000047683716,1,1500.0,1503.0,20.0,3.0999999046325684,1
2026-03-31 16:50:38,377.04,1500.0,1412.0,20.0,2.4000000953674316,1,1500.0,1500.0,20.0,3.0,1,1500.0,1498.0,20.0,3.0999999046325684,1,1500.0,1503.0,20.0,3.0999999046325684,1,1500.0,1489.0,20.0,2.700000047683716,1,1500.0,1503.0,20.0,3.0999999046325684,1
2026-03-31 16:50:39,377.76,1500.0,1585.0,20.0,3.9000000953674316,1,1500.0,1502.0,20.0,3.200000047683716,1,1500.0,1495.0,20.0,3.4000000953674316,1,1500.0,1503.0,20.0,3.0999999046325684,1,1500.0,1509.0,20.0,3.200000047683716,1,1500.0,1503.0,20.0,3.0999999046325684,1
2026-03-31 16:50:40,378.47,1500.0,1412.0,20.0,1.100000023841858,1,1500.0,1503.0,20.0,3.200000047683716,1,1500.0,1491.0,20.0,3.200000047683716,1,1500.0,1495.0,20.0,3.0999999046325684,1,1500.0,1503.0,20.0,2.9000000953674316,1,1500.0,1504.0,20.0,3.0999999046325684,1
2026-03-31 16:50:40,379.17,1500.0,1520.0,20.0,5.400000095367432,1,1500.0,1501.0,20.0,3.0999999046325684,1,1500.0,1498.0,20.0,3.299999952316284,1,1500.0,1498.0,20.0,3.0999999046325684,1,1500.0,1506.0,20.0,3.200000047683716,1,1500.0,1504.0,20.0,3.0999999046325684,1
2026-03-31 16:50:41,379.88,1500.0,1544.0,20.0,2.4000000953674316,1,1500.0,1501.0,20.0,3.0999999046325684,1,1500.0,1498.0,20.0,3.200000047683716,1,1500.0,1500.0,20.0,3.0999999046325684,1,1500.0,1494.0,20.0,3.200000047683716,1,1500.0,1503.0,20.0,3.0999999046325684,1
2026-03-31 16:50:42,380.59,1500.0,1425.0,20.0,1.2000000476837158,1,1500.0,1500.0,20.0,3.0999999046325684,1,1500.0,1492.0,20.0,3.200000047683716,1,1500.0,1502.0,20.0,3.0999999046325684,1,1500.0,1504.0,20.0,2.9000000953674316,1,1500.0,1503.0,20.0,3.0999999046325684,1
2026-03-31 16:50:43,381.3,1500.0,1507.0,20.0,4.800000190734863,1,1500.0,1500.0,20.0,3.0999999046325684,1,1500.0,1501.0,20.0,3.5,1,1500.0,1502.0,20.0,3.0999999046325684,1,1500.0,1504.0,20.0,3.299999952316284,1,1500.0,1505.0,20.0,3.0999999046325684,1
2026-03-31 16:50:43,382.0,1500.0,1570.0,20.0,3.0999999046325684,1,1500.0,1499.0,20.0,3.0999999046325684,1,1500.0,1497.0,20.0,3.200000047683716,1,1500.0,1498.0,20.0,3.0999999046325684,1,1500.0,1491.0,20.0,3.0,1,1500.0,1504.0,20.0,3.0999999046325684,1
2026-03-31 16:50:44,382.72,1500.0,1454.0,20.0,1.399999976158142,1,1500.0,1499.0,20.0,3.0999999046325684,1,1500.0,1505.0,20.0,3.200000047683716,1,1500.0,1499.0,20.0,3.200000047683716,1,1500.0,1512.0,20.0,3.0999999046325684,1,1500.0,1504.0,20.0,3.0999999046325684,1
2026-03-31 16:50:45,383.43,1500.0,1391.0,20.0,2.5999999046325684,1,1500.0,1501.0,20.0,3.0999999046325684,1,1500.0,1504.0,20.0,3.0999999046325684,1,1500.0,1498.0,20.0,3.200000047683716,1,1500.0,1498.0,20.0,3.200000047683716,1,1500.0,1504.0,20.0,3.0999999046325684,1
2026-03-31 16:50:45,384.14,1500.0,1569.0,20.0,4.800000190734863,1,1500.0,1501.0,20.0,3.0999999046325684,1,1500.0,1496.0,20.0,2.9000000953674316,1,1500.0,1496.0,20.0,3.200000047683716,1,1500.0,1493.0,20.0,2.799999952316284,1,1500.0,1504.0,20.0,3.0999999046325684,1
2026-03-31 16:50:46,384.86,1500.0,1556.0,20.0,2.5999999046325684,1,1500.0,1501.0,20.0,3.0999999046325684,1,1500.0,1503.0,20.0,3.200000047683716,1,1500.0,1499.0,20.0,3.5,1,1500.0,1508.0,20.0,3.200000047683716,1,1500.0,1501.0,20.0,3.0999999046325684,1
2026-03-31 16:50:47,385.57,1500.0,1424.0,20.0,1.2000000476837158,1,1500.0,1501.0,20.0,3.0999999046325684,1,1500.0,1505.0,20.0,3.0999999046325684,1,1500.0,1499.0,20.0,3.4000000953674316,1,1500.0,1494.0,20.0,3.200000047683716,1,1500.0,1504.0,20.0,3.0999999046325684,1
2026-03-31 16:50:48,386.29,1500.0,1511.0,20.0,4.800000190734863,1,1500.0,1500.0,20.0,3.0999999046325684,1,1500.0,1496.0,20.0,2.9000000953674316,1,1500.0,1499.0,20.0,3.299999952316284,1,1500.0,1502.0,20.0,2.9000000953674316,1,1500.0,1502.0,20.0,3.0999999046325684,1
2026-03-31 16:50:48,386.99,1500.0,1561.0,20.0,2.799999952316284,1,1500.0,1502.0,20.0,3.0999999046325684,1,1500.0,1503.0,20.0,3.200000047683716,1,1500.0,1498.0,20.0,3.299999952316284,1,1500.0,1503.0,20.0,3.299999952316284,1,1500.0,1502.0,20.0,3.0999999046325684,1
2026-03-31 16:50:49,387.7,1500.0,1466.0,20.0,4.300000190734863,1,1500.0,1501.0,20.0,3.0999999046325684,1,1500.0,1498.0,20.0,3.0,1,1500.0,1500.0,20.0,3.4000000953674316,1,1500.0,1507.0,20.0,3.0999999046325684,1,1500.0,1506.0,20.0,3.200000047683716,1
2026-03-31 16:50:50,388.41,1500.0,1564.0,20.0,3.0,1,1500.0,1502.0,20.0,3.0999999046325684,1,1500.0,1499.0,20.0,3.0999999046325684,1,1500.0,1498.0,20.0,3.4000000953674316,1,1500.0,1493.0,20.0,3.0999999046325684,1,1500.0,1503.0,20.0,3.0999999046325684,1
2026-03-31 16:50:50,389.12,1500.0,1449.0,20.0,1.2999999523162842,1,1500.0,1502.0,20.0,3.0999999046325684,1,1500.0,1504.0,20.0,3.0999999046325684,1,1500.0,1498.0,20.0,3.4000000953674316,1,1500.0,1504.0,20.0,3.0,1,1500.0,1503.0,20.0,3.0999999046325684,1
2026-03-31 16:50:51,389.86,1500.0,1535.0,20.0,4.400000095367432,1,1500.0,1501.0,20.0,3.0999999046325684,1,1500.0,1500.0,20.0,3.0,1,1500.0,1498.0,20.0,3.4000000953674316,1,1500.0,1496.0,20.0,3.200000047683716,1,1500.0,1505.0,20.0,3.0999999046325684,1
2026-03-31 16:50:52,390.59,1500.0,1557.0,20.0,2.5999999046325684,1,1500.0,1499.0,20.0,3.0999999046325684,1,1500.0,1496.0,20.0,3.0,1,1500.0,1498.0,20.0,3.4000000953674316,1,1500.0,1495.0,20.0,3.0,1,1500.0,1504.0,20.0,3.0999999046325684,1
2026-03-31 16:50:53,391.31,1500.0,1459.0,20.0,1.399999976158142,1,1500.0,1501.0,20.0,3.0999999046325684,1,1500.0,1504.0,20.0,3.0999999046325684,1,1500.0,1498.0,20.0,3.4000000953674316,1,1500.0,1509.0,20.0,3.0,1,1500.0,1504.0,20.0,3.0999999046325684,1
2026-03-31 16:50:53,392.05,1500.0,1472.0,20.0,4.199999809265137,1,1500.0,1500.0,20.0,3.0999999046325684,1,1500.0,1504.0,20.0,3.0,1,1500.0,1496.0,20.0,3.4000000953674316,1,1500.0,1497.0,20.0,3.0999999046325684,1,1500.0,1501.0,20.0,3.0,1
2026-03-31 16:50:54,392.79,1500.0,1549.0,20.0,2.799999952316284,1,1500.0,1500.0,20.0,3.0999999046325684,1,1500.0,1499.0,20.0,3.0,1,1500.0,1498.0,20.0,3.4000000953674316,1,1500.0,1496.0,20.0,3.0,1,1500.0,1502.0,20.0,3.0999999046325684,1
2026-03-31 16:50:55,393.5,1500.0,1576.0,20.0,4.0,1,1500.0,1500.0,20.0,3.0,1,1500.0,1503.0,20.0,3.0,1,1500.0,1498.0,20.0,3.4000000953674316,1,1500.0,1495.0,20.0,3.200000047683716,1,1500.0,1504.0,20.0,3.0999999046325684,1
2026-03-31 16:50:55,394.22,1500.0,1431.0,20.0,2.0,1,1500.0,1500.0,20.0,3.0,1,1500.0,1501.0,20.0,3.0,1,1500.0,1498.0,20.0,3.4000000953674316,1,1500.0,1496.0,20.0,2.799999952316284,1,1500.0,1504.0,20.0,3.0999999046325684,1
2026-03-31 16:50:56,394.95,1500.0,1570.0,20.0,4.599999904632568,1,1500.0,1500.0,20.0,3.0999999046325684,1,1500.0,1498.0,20.0,3.0999999046325684,1,1500.0,1497.0,20.0,3.4000000953674316,1,1500.0,1504.0,20.0,3.200000047683716,1,1500.0,1504.0,20.0,3.0999999046325684,1
2026-03-31 16:50:57,395.66,1500.0,1479.0,20.0,1.600000023841858,1,1500.0,1500.0,20.0,3.0999999046325684,1,1500.0,1507.0,20.0,3.0999999046325684,1,1500.0,1498.0,20.0,3.4000000953674316,1,1500.0,1490.0,20.0,3.0,1,1500.0,1504.0,20.0,3.0999999046325684,1
2026-03-31 16:50:58,396.36,1500.0,1569.0,20.0,4.099999904632568,1,1500.0,1500.0,20.0,3.0999999046325684,1,1500.0,1499.0,20.0,3.0,1,1500.0,1496.0,20.0,3.4000000953674316,1,1500.0,1494.0,20.0,3.200000047683716,1,1500.0,1503.0,20.0,3.0999999046325684,1
2026-03-31 16:50:58,397.09,1500.0,1482.0,20.0,1.7000000476837158,1,1500.0,1500.0,20.0,3.0999999046325684,1,1500.0,1500.0,20.0,3.0999999046325684,1,1500.0,1498.0,20.0,3.4000000953674316,1,1500.0,1495.0,20.0,2.799999952316284,1,1500.0,1503.0,20.0,3.0999999046325684,1
2026-03-31 16:50:59,397.79,1500.0,1393.0,20.0,2.5999999046325684,1,1500.0,1500.0,20.0,3.0999999046325684,1,1500.0,1505.0,20.0,3.0999999046325684,1,1500.0,1498.0,20.0,3.4000000953674316,1,1500.0,1509.0,20.0,3.200000047683716,1,1500.0,1504.0,20.0,3.0999999046325684,1
2026-03-31 16:51:00,398.52,1500.0,1508.0,20.0,6.400000095367432,1,1500.0,1500.0,20.0,3.0999999046325684,1,1500.0,1500.0,20.0,3.0,1,1500.0,1498.0,20.0,3.4000000953674316,1,1500.0,1498.0,20.0,3.200000047683716,1,1500.0,1504.0,20.0,3.0999999046325684,1
2026-03-31 16:51:01,399.23,1500.0,1562.0,20.0,3.0999999046325684,1,1500.0,1501.0,20.0,3.0999999046325684,1,1500.0,1498.0,20.0,3.0,1,1500.0,1498.0,20.0,3.4000000953674316,1,1500.0,1490.0,20.0,2.9000000953674316,1,1500.0,1504.0,20.0,3.0999999046325684,1
2026-03-31 16:51:01,399.95,1500.0,1469.0,20.0,1.5,1,1500.0,1501.0,20.0,3.0999999046325684,1,1500.0,1506.0,20.0,3.0,1,1500.0,1497.0,20.0,3.4000000953674316,1,1500.0,1504.0,20.0,2.9000000953674316,1,1500.0,1504.0,20.0,3.0999999046325684,1
2026-03-31 16:51:02,400.67,1500.0,1475.0,20.0,4.300000190734863,1,1500.0,1501.0,20.0,3.0999999046325684,1,1500.0,1504.0,20.0,3.0,1,1500.0,1498.0,20.0,3.4000000953674316,1,1500.0,1498.0,20.0,3.200000047683716,1,1500.0,1504.0,20.0,3.0999999046325684,1
2026-03-31 16:51:03,401.39,1500.0,1571.0,20.0,3.299999952316284,1,1500.0,1501.0,20.0,3.0999999046325684,1,1500.0,1496.0,20.0,3.0,1,1500.0,1499.0,20.0,3.4000000953674316,1,1500.0,1491.0,20.0,2.9000000953674316,1,1500.0,1504.0,20.0,3.0999999046325684,1
2026-03-31 16:51:03,402.1,1500.0,1459.0,20.0,1.399999976158142,1,1500.0,1500.0,20.0,3.0999999046325684,1,1500.0,1504.0,20.0,3.0999999046325684,1,1500.0,1499.0,20.0,3.4000000953674316,1,1500.0,1510.0,20.0,3.200000047683716,1,1500.0,1504.0,20.0,3.0999999046325684,1
2026-03-31 16:51:04,402.81,1500.0,1435.0,20.0,4.099999904632568,1,1500.0,1503.0,20.0,3.200000047683716,1,1500.0,1504.0,20.0,3.0999999046325684,1,1500.0,1499.0,20.0,3.4000000953674316,1,1500.0,1493.0,20.0,3.200000047683716,1,1500.0,1504.0,20.0,3.0999999046325684,1
2026-03-31 16:51:05,403.58,1500.0,1580.0,20.0,4.699999809265137,1,1500.0,1501.0,20.0,3.0999999046325684,1,1500.0,1496.0,20.0,2.9000000953674316,1,1500.0,1498.0,20.0,3.4000000953674316,1,1500.0,1508.0,20.0,3.0,1,1500.0,1504.0,20.0,3.0999999046325684,1
2026-03-31 16:51:06,404.28,1500.0,1540.0,20.0,2.299999952316284,1,1500.0,1501.0,20.0,3.0999999046325684,1,1500.0,1502.0,20.0,3.0999999046325684,1,1500.0,1497.0,20.0,3.4000000953674316,1,1500.0,1495.0,20.0,3.0999999046325684,1,1500.0,1504.0,20.0,3.0999999046325684,1
2026-03-31 16:51:06,405.01,1500.0,1434.0,20.0,1.2999999523162842,1,1500.0,1501.0,20.0,3.0999999046325684,1,1500.0,1505.0,20.0,3.0999999046325684,1,1500.0,1500.0,20.0,3.4000000953674316,1,1500.0,1494.0,20.0,2.9000000953674316,1,1500.0,1504.0,20.0,3.0999999046325684,1
2026-03-31 16:51:07,405.75,1500.0,1558.0,20.0,5.0,1,1500.0,1500.0,20.0,3.0999999046325684,1,1500.0,1494.0,20.0,3.0,1,1500.0,1496.0,20.0,3.4000000953674316,1,1500.0,1509.0,20.0,3.0999999046325684,1,1500.0,1504.0,20.0,3.0999999046325684,1
2026-03-31 16:51:08,406.49,1500.0,1431.0,20.0,3.4000000953674316,1,1500.0,1500.0,20.0,3.0999999046325684,1,1500.0,1502.0,20.0,3.0,1,1500.0,1500.0,20.0,3.4000000953674316,1,1500.0,1491.0,20.0,2.9000000953674316,1,1500.0,1503.0,20.0,3.0999999046325684,1
2026-03-31 16:51:08,407.2,1500.0,1582.0,20.0,5.099999904632568,1,1500.0,1500.0,20.0,3.0999999046325684,1,1500.0,1497.0,20.0,3.0,1,1500.0,1498.0,20.0,3.4000000953674316,1,1500.0,1513.0,20.0,3.0999999046325684,1,1500.0,1504.0,20.0,3.0999999046325684,1
2026-03-31 16:51:09,407.93,1500.0,1544.0,20.0,2.5,1,1500.0,1503.0,20.0,3.200000047683716,1,1500.0,1504.0,20.0,3.200000047683716,1,1500.0,1498.0,20.0,3.4000000953674316,1,1500.0,1495.0,20.0,3.0999999046325684,1,1500.0,1503.0,20.0,3.0999999046325684,1
2026-03-31 16:51:10,408.64,1500.0,1557.0,20.0,5.599999904632568,1,1500.0,1501.0,20.0,3.200000047683716,1,1500.0,1495.0,20.0,3.0,1,1500.0,1498.0,20.0,3.4000000953674316,1,1500.0,1505.0,20.0,3.200000047683716,1,1500.0,1504.0,20.0,3.0999999046325684,1
2026-03-31 16:51:11,409.35,1500.0,1558.0,20.0,2.9000000953674316,1,1500.0,1501.0,20.0,3.200000047683716,1,1500.0,1503.0,20.0,3.200000047683716,1,1500.0,1498.0,20.0,3.4000000953674316,1,1500.0,1490.0,20.0,3.0999999046325684,1,1500.0,1504.0,20.0,3.0999999046325684,1
2026-03-31 16:51:11,410.07,1500.0,1464.0,20.0,1.399999976158142,1,1500.0,1501.0,20.0,3.200000047683716,1,1500.0,1505.0,20.0,3.0999999046325684,1,1500.0,1498.0,20.0,3.4000000953674316,1,1500.0,1507.0,20.0,3.0,1,1500.0,1504.0,20.0,3.0999999046325684,1
2026-03-31 16:51:12,410.77,1500.0,1438.0,20.0,4.300000190734863,1,1500.0,1500.0,20.0,3.0,1,1500.0,1500.0,20.0,3.0,1,1500.0,1498.0,20.0,3.4000000953674316,1,1500.0,1505.0,20.0,3.299999952316284,1,1500.0,1504.0,20.0,3.0999999046325684,1
2026-03-31 16:51:13,411.48,1500.0,1576.0,20.0,4.199999809265137,1,1500.0,1500.0,20.0,3.0,1,1500.0,1500.0,20.0,3.0999999046325684,1,1500.0,1498.0,20.0,3.4000000953674316,1,1500.0,1490.0,20.0,3.0,1,1500.0,1503.0,20.0,3.0999999046325684,1
2026-03-31 16:51:13,412.2,1500.0,1498.0,20.0,1.7000000476837158,1,1500.0,1500.0,20.0,3.0999999046325684,1,1500.0,1504.0,20.0,3.0999999046325684,1,1500.0,1498.0,20.0,3.4000000953674316,1,1500.0,1510.0,20.0,3.0999999046325684,1,1500.0,1501.0,20.0,3.0999999046325684,1
2026-03-31 16:51:14,412.9,1500.0,1454.0,20.0,3.4000000953674316,1,1500.0,1500.0,20.0,3.0999999046325684,1,1500.0,1496.0,20.0,3.0,1,1500.0,1497.0,20.0,3.4000000953674316,1,1500.0,1490.0,20.0,3.0999999046325684,1,1500.0,1502.0,20.0,3.0999999046325684,1
2026-03-31 16:51:15,413.63,1500.0,1552.0,20.0,2.9000000953674316,1,1500.0,1500.0,20.0,3.0999999046325684,1,1500.0,1503.0,20.0,3.200000047683716,1,1500.0,1495.0,20.0,3.4000000953674316,1,1500.0,1493.0,20.0,2.799999952316284,1,1500.0,1503.0,20.0,3.0999999046325684,1
2026-03-31 16:51:16,414.33,1500.0,1428.0,20.0,1.399999976158142,1,1500.0,1500.0,20.0,3.0999999046325684,1,1500.0,1505.0,20.0,3.200000047683716,1,1500.0,1496.0,20.0,3.4000000953674316,1,1500.0,1509.0,20.0,3.299999952316284,1,1500.0,1502.0,20.0,3.0999999046325684,1
2026-03-31 16:51:16,415.05,1500.0,1560.0,20.0,2.799999952316284,1,1500.0,1501.0,20.0,3.0999999046325684,1,1500.0,1503.0,20.0,3.200000047683716,1,1500.0,1496.0,20.0,3.4000000953674316,1,1500.0,1502.0,20.0,2.9000000953674316,1,1500.0,1505.0,20.0,3.0999999046325684,1
2026-03-31 16:51:17,415.77,1500.0,1455.0,20.0,1.399999976158142,1,1500.0,1501.0,20.0,3.0999999046325684,1,1500.0,1505.0,20.0,3.0999999046325684,1,1500.0,1498.0,20.0,3.4000000953674316,1,1500.0,1501.0,20.0,3.299999952316284,1,1500.0,1502.0,20.0,3.0999999046325684,1
2026-03-31 16:51:18,416.51,1500.0,1476.0,20.0,5.5,1,1500.0,1501.0,20.0,3.0999999046325684,1,1500.0,1501.0,20.0,3.0,1,1500.0,1496.0,20.0,3.4000000953674316,1,1500.0,1491.0,20.0,2.9000000953674316,1,1500.0,1504.0,20.0,3.0999999046325684,1
2026-03-31 16:51:19,417.22,1500.0,1588.0,20.0,4.699999809265137,1,1500.0,1501.0,20.0,3.0999999046325684,1,1500.0,1499.0,20.0,3.0,1,1500.0,1498.0,20.0,3.4000000953674316,1,1500.0,1510.0,20.0,3.0999999046325684,1,1500.0,1504.0,20.0,3.0999999046325684,1
2026-03-31 16:51:19,417.94,1500.0,1532.0,20.0,2.299999952316284,1,1500.0,1501.0,20.0,3.0999999046325684,1,1500.0,1500.0,20.0,3.200000047683716,1,1500.0,1498.0,20.0,3.4000000953674316,1,1500.0,1498.0,20.0,3.200000047683716,1,1500.0,1504.0,20.0,3.0999999046325684,1
2026-03-31 16:51:20,418.65,1500.0,1460.0,20.0,3.299999952316284,1,1500.0,1502.0,20.0,3.0999999046325684,1,1500.0,1506.0,20.0,3.0999999046325684,1,1500.0,1498.0,20.0,3.4000000953674316,1,1500.0,1491.0,20.0,2.9000000953674316,1,1500.0,1502.0,20.0,3.0999999046325684,1
2026-03-31 16:51:21,419.38,1500.0,1566.0,20.0,3.0,1,1500.0,1499.0,20.0,3.0999999046325684,1,1500.0,1496.0,20.0,3.0,1,1500.0,1498.0,20.0,3.4000000953674316,1,1500.0,1509.0,20.0,3.0999999046325684,1,1500.0,1503.0,20.0,3.0999999046325684,1
2026-03-31 16:51:21,420.09,1500.0,1479.0,20.0,1.600000023841858,1,1500.0,1501.0,20.0,3.0999999046325684,1,1500.0,1507.0,20.0,3.0999999046325684,1,1500.0,1499.0,20.0,3.4000000953674316,1,1500.0,1492.0,20.0,3.0999999046325684,1,1500.0,1505.0,20.0,3.0999999046325684,1
2026-03-31 16:51:22,420.82,1500.0,1407.0,20.0,2.9000000953674316,1,1500.0,1501.0,20.0,3.0999999046325684,1,1500.0,1500.0,20.0,3.0,1,1500.0,1499.0,20.0,3.4000000953674316,1,1500.0,1502.0,20.0,2.9000000953674316,1,1500.0,1502.0,20.0,3.0999999046325684,1
2026-03-31 16:51:23,421.53,1500.0,1580.0,20.0,4.699999809265137,1,1500.0,1501.0,20.0,3.0999999046325684,1,1500.0,1497.0,20.0,3.0,1,1500.0,1499.0,20.0,3.4000000953674316,1,1500.0,1501.0,20.0,3.200000047683716,1,1500.0,1502.0,20.0,3.0999999046325684,1
2026-03-31 16:51:24,422.24,1500.0,1506.0,20.0,1.899999976158142,1,1500.0,1501.0,20.0,3.0999999046325684,1,1500.0,1504.0,20.0,3.0999999046325684,1,1500.0,1499.0,20.0,3.4000000953674316,1,1500.0,1492.0,20.0,3.0,1,1500.0,1503.0,20.0,3.0999999046325684,1
2026-03-31 16:51:24,422.96,1500.0,1397.0,20.0,1.0,1,1500.0,1501.0,20.0,3.0999999046325684,1,1500.0,1503.0,20.0,3.0,1,1500.0,1496.0,20.0,3.4000000953674316,1,1500.0,1507.0,20.0,3.0,1,1500.0,1503.0,20.0,3.0999999046325684,1
2026-03-31 16:51:25,423.69,1500.0,1508.0,20.0,4.699999809265137,1,1500.0,1501.0,20.0,3.0999999046325684,1,1500.0,1497.0,20.0,2.9000000953674316,1,1500.0,1497.0,20.0,3.4000000953674316,1,1500.0,1497.0,20.0,3.200000047683716,1,1500.0,1502.0,20.0,3.0999999046325684,1
2026-03-31 16:51:26,424.39,1500.0,1401.0,20.0,2.5,1,1500.0,1501.0,20.0,3.0999999046325684,1,1500.0,1505.0,20.0,3.0,1,1500.0,1500.0,20.0,3.4000000953674316,1,1500.0,1505.0,20.0,3.200000047683716,1,1500.0,1505.0,20.0,3.200000047683716,1
2026-03-31 16:51:26,425.1,1500.0,1567.0,20.0,4.400000095367432,1,1500.0,1501.0,20.0,3.0999999046325684,1,1500.0,1495.0,20.0,2.9000000953674316,1,1500.0,1498.0,20.0,3.4000000953674316,1,1500.0,1491.0,20.0,3.0999999046325684,1,1500.0,1503.0,20.0,3.0999999046325684,1
2026-03-31 16:51:27,425.81,1500.0,1446.0,20.0,2.0999999046325684,1,1500.0,1501.0,20.0,3.0999999046325684,1,1500.0,1502.0,20.0,3.200000047683716,1,1500.0,1497.0,20.0,3.299999952316284,1,1500.0,1501.0,20.0,2.799999952316284,1,1500.0,1503.0,20.0,3.0999999046325684,1
2026-03-31 16:51:28,426.54,1500.0,1527.0,20.0,2.200000047683716,1,1500.0,1503.0,20.0,3.0999999046325684,1,1500.0,1499.0,20.0,3.0,1,1500.0,1498.0,20.0,3.299999952316284,1,1500.0,1491.0,20.0,3.0,1,1500.0,1503.0,20.0,3.0999999046325684,1
2026-03-31 16:51:29,427.26,1500.0,1415.0,20.0,2.200000047683716,1,1500.0,1501.0,20.0,3.0999999046325684,1,1500.0,1499.0,20.0,3.0,1,1500.0,1496.0,20.0,3.4000000953674316,1,1500.0,1508.0,20.0,3.0,1,1500.0,1504.0,20.0,3.0999999046325684,1
2026-03-31 16:51:29,427.97,1500.0,1587.0,20.0,4.400000095367432,1,1500.0,1500.0,20.0,3.0999999046325684,1,1500.0,1506.0,20.0,3.0999999046325684,1,1500.0,1496.0,20.0,3.4000000953674316,1,1500.0,1497.0,20.0,3.0999999046325684,1,1500.0,1504.0,20.0,3.0999999046325684,1
2026-03-31 16:51:30,428.69,1500.0,1545.0,20.0,2.5,1,1500.0,1501.0,20.0,3.0999999046325684,1,1500.0,1502.0,20.0,3.0,1,1500.0,1497.0,20.0,3.4000000953674316,1,1500.0,1497.0,20.0,2.700000047683716,1,1500.0,1502.0,20.0,3.0999999046325684,1
2026-03-31 16:51:31,429.4,1500.0,1423.0,20.0,1.100000023841858,1,1500.0,1501.0,20.0,3.0999999046325684,1,1500.0,1498.0,20.0,3.0,1,1500.0,1498.0,20.0,3.4000000953674316,1,1500.0,1507.0,20.0,3.200000047683716,1,1500.0,1502.0,20.0,3.0999999046325684,1
2026-03-31 16:51:31,430.11,1500.0,1492.0,20.0,4.199999809265137,1,1500.0,1501.0,20.0,3.0999999046325684,1,1500.0,1506.0,20.0,3.299999952316284,1,1500.0,1498.0,20.0,3.4000000953674316,1,1500.0,1493.0,20.0,3.0999999046325684,1,1500.0,1503.0,20.0,3.0999999046325684,1
2026-03-31 16:51:32,430.84,1500.0,1582.0,20.0,3.5,1,1500.0,1501.0,20.0,3.0999999046325684,1,1500.0,1502.0,20.0,3.0,1,1500.0,1497.0,20.0,3.4000000953674316,1,1500.0,1496.0,20.0,2.799999952316284,1,1500.0,1503.0,20.0,3.0999999046325684,1
2026-03-31 16:51:33,431.55,1500.0,1462.0,20.0,1.399999976158142,1,1500.0,1501.0,20.0,3.0999999046325684,1,1500.0,1497.0,20.0,3.0,1,1500.0,1499.0,20.0,3.4000000953674316,1,1500.0,1509.0,20.0,3.200000047683716,1,1500.0,1503.0,20.0,3.0999999046325684,1
2026-03-31 16:51:34,432.27,1500.0,1466.0,20.0,3.5999999046325684,1,1500.0,1501.0,20.0,3.0999999046325684,1,1500.0,1501.0,20.0,3.0999999046325684,1,1500.0,1497.0,20.0,3.4000000953674316,1,1500.0,1492.0,20.0,2.9000000953674316,1,1500.0,1505.0,20.0,3.200000047683716,1
2026-03-31 16:51:34,432.98,1500.0,1448.0,20.0,2.9000000953674316,1,1500.0,1501.0,20.0,3.200000047683716,1,1500.0,1500.0,20.0,3.0,1,1500.0,1499.0,20.0,3.4000000953674316,1,1500.0,1494.0,20.0,3.200000047683716,1,1500.0,1503.0,20.0,3.0999999046325684,1
2026-03-31 16:51:35,433.68,1500.0,1587.0,20.0,4.099999904632568,1,1500.0,1501.0,20.0,3.200000047683716,1,1500.0,1500.0,20.0,3.200000047683716,1,1500.0,1498.0,20.0,3.4000000953674316,1,1500.0,1496.0,20.0,2.799999952316284,1,1500.0,1503.0,20.0,3.0999999046325684,1
2026-03-31 16:51:36,434.38,1500.0,1533.0,20.0,2.200000047683716,1,1500.0,1499.0,20.0,2.9000000953674316,1,1500.0,1503.0,20.0,3.0999999046325684,1,1500.0,1498.0,20.0,3.4000000953674316,1,1500.0,1507.0,20.0,3.299999952316284,1,1500.0,1505.0,20.0,3.0999999046325684,1
2026-03-31 16:51:36,435.1,1500.0,1461.0,20.0,3.700000047683716,1,1500.0,1501.0,20.0,3.0999999046325684,1,1500.0,1502.0,20.0,3.0999999046325684,1,1500.0,1499.0,20.0,3.4000000953674316,1,1500.0,1488.0,20.0,3.0999999046325684,1,1500.0,1503.0,20.0,3.0999999046325684,1
2026-03-31 16:51:37,435.8,1500.0,1576.0,20.0,3.700000047683716,1,1500.0,1501.0,20.0,3.0999999046325684,1,1500.0,1496.0,20.0,3.0999999046325684,1,1500.0,1499.0,20.0,3.4000000953674316,1,1500.0,1493.0,20.0,2.700000047683716,1,1500.0,1502.0,20.0,3.0999999046325684,1
2026-03-31 16:51:38,436.51,1500.0,1474.0,20.0,1.600000023841858,1,1500.0,1501.0,20.0,3.0999999046325684,1,1500.0,1503.0,20.0,3.0999999046325684,1,1500.0,1498.0,20.0,3.4000000953674316,1,1500.0,1509.0,20.0,3.299999952316284,1,1500.0,1504.0,20.0,3.0999999046325684,1
2026-03-31 16:51:39,437.22,1500.0,1484.0,20.0,4.199999809265137,1,1500.0,1500.0,20.0,3.0,1,1500.0,1505.0,20.0,3.0999999046325684,1,1500.0,1498.0,20.0,3.4000000953674316,1,1500.0,1493.0,20.0,3.200000047683716,1,1500.0,1504.0,20.0,3.0999999046325684,1
2026-03-31 16:51:39,437.93,1500.0,1582.0,20.0,4.199999809265137,1,1500.0,1502.0,20.0,3.200000047683716,1,1500.0,1498.0,20.0,3.0,1,1500.0,1498.0,20.0,3.299999952316284,1,1500.0,1499.0,20.0,2.799999952316284,1,1500.0,1504.0,20.0,3.0999999046325684,1
2026-03-31 16:51:40,438.64,1500.0,1512.0,20.0,1.899999976158142,1,1500.0,1502.0,20.0,3.0999999046325684,1,1500.0,1498.0,20.0,3.0999999046325684,1,1500.0,1498.0,20.0,3.299999952316284,1,1500.0,1507.0,20.0,3.299999952316284,1,1500.0,1504.0,20.0,3.0999999046325684,1
2026-03-31 16:51:41,439.34,1500.0,1399.0,20.0,1.2999999523162842,1,1500.0,1501.0,20.0,3.0999999046325684,1,1500.0,1504.0,20.0,3.0999999046325684,1,1500.0,1498.0,20.0,3.299999952316284,1,1500.0,1491.0,20.0,3.0,1,1500.0,1504.0,20.0,3.0999999046325684,1
2026-03-31 16:51:41,440.06,1500.0,1530.0,20.0,5.5,1,1500.0,1501.0,20.0,3.0999999046325684,1,1500.0,1502.0,20.0,3.0,1,1500.0,1496.0,20.0,3.299999952316284,1,1500.0,1511.0,20.0,3.0,1,1500.0,1503.0,20.0,3.0999999046325684,1
2026-03-31 16:51:42,440.78,1500.0,1553.0,20.0,2.700000047683716,1,1500.0,1501.0,20.0,3.0999999046325684,1,1500.0,1498.0,20.0,3.0,1,1500.0,1499.0,20.0,3.299999952316284,1,1500.0,1494.0,20.0,3.200000047683716,1,1500.0,1502.0,20.0,3.0999999046325684,1
2026-03-31 16:51:43,441.49,1500.0,1433.0,20.0,2.0,1,1500.0,1501.0,20.0,3.0999999046325684,1,1500.0,1500.0,20.0,3.0999999046325684,1,1500.0,1497.0,20.0,3.299999952316284,1,1500.0,1502.0,20.0,2.9000000953674316,1,1500.0,1506.0,20.0,3.200000047683716,1
2026-03-31 16:51:43,442.19,1500.0,1572.0,20.0,3.200000047683716,1,1500.0,1502.0,20.0,3.0999999046325684,1,1500.0,1496.0,20.0,2.9000000953674316,1,1500.0,1497.0,20.0,3.299999952316284,1,1500.0,1492.0,20.0,3.0,1,1500.0,1504.0,20.0,3.0999999046325684,1
2026-03-31 16:51:44,442.9,1500.0,1455.0,20.0,1.399999976158142,1,1500.0,1502.0,20.0,3.0999999046325684,1,1500.0,1502.0,20.0,3.200000047683716,1,1500.0,1497.0,20.0,3.299999952316284,1,1500.0,1509.0,20.0,3.0,1,1500.0,1504.0,20.0,3.0999999046325684,1
2026-03-31 16:51:45,443.62,1500.0,1439.0,20.0,4.199999809265137,1,1500.0,1502.0,20.0,3.0999999046325684,1,1500.0,1506.0,20.0,3.200000047683716,1,1500.0,1497.0,20.0,3.299999952316284,1,1500.0,1502.0,20.0,3.0999999046325684,1,1500.0,1504.0,20.0,3.0999999046325684,1
2026-03-31 16:51:46,444.32,1500.0,1576.0,20.0,4.199999809265137,1,1500.0,1501.0,20.0,3.0999999046325684,1,1500.0,1501.0,20.0,3.0,1,1500.0,1498.0,20.0,3.299999952316284,1,1500.0,1491.0,20.0,3.0,1,1500.0,1504.0,20.0,3.0999999046325684,1
2026-03-31 16:51:46,445.04,1500.0,1510.0,20.0,1.899999976158142,1,1500.0,1501.0,20.0,3.0999999046325684,1,1500.0,1498.0,20.0,3.0,1,1500.0,1495.0,20.0,3.299999952316284,1,1500.0,1511.0,20.0,3.0999999046325684,1,1500.0,1502.0,20.0,3.0999999046325684,1
2026-03-31 16:51:47,445.76,1500.0,1430.0,20.0,1.2000000476837158,1,1500.0,1500.0,20.0,3.0999999046325684,1,1500.0,1505.0,20.0,3.0999999046325684,1,1500.0,1496.0,20.0,3.299999952316284,1,1500.0,1494.0,20.0,3.200000047683716,1,1500.0,1502.0,20.0,3.0999999046325684,1
2026-03-31 16:51:48,446.47,1500.0,1504.0,20.0,4.5,1,1500.0,1501.0,20.0,3.0999999046325684,1,1500.0,1504.0,20.0,3.0999999046325684,1,1500.0,1496.0,20.0,3.299999952316284,1,1500.0,1496.0,20.0,2.799999952316284,1,1500.0,1503.0,20.0,3.0999999046325684,1
2026-03-31 16:51:48,447.17,1500.0,1553.0,20.0,3.0,1,1500.0,1500.0,20.0,3.0999999046325684,1,1500.0,1495.0,20.0,3.0,1,1500.0,1495.0,20.0,3.299999952316284,1,1500.0,1510.0,20.0,3.299999952316284,1,1500.0,1503.0,20.0,3.0999999046325684,1
2026-03-31 16:51:49,447.89,1500.0,1578.0,20.0,4.099999904632568,1,1500.0,1500.0,20.0,3.0999999046325684,1,1500.0,1504.0,20.0,3.0999999046325684,1,1500.0,1498.0,20.0,3.4000000953674316,1,1500.0,1509.0,20.0,3.0,1,1500.0,1502.0,20.0,3.0999999046325684,1
2026-03-31 16:51:50,448.65,1500.0,1479.0,20.0,1.600000023841858,1,1500.0,1500.0,20.0,3.0999999046325684,1,1500.0,1500.0,20.0,3.0,1,1500.0,1498.0,20.0,3.4000000953674316,1,1500.0,1501.0,20.0,3.200000047683716,1,1500.0,1502.0,20.0,3.0999999046325684,1
2026-03-31 16:51:51,449.36,1500.0,1444.0,20.0,3.299999952316284,1,1500.0,1501.0,20.0,3.0999999046325684,1,1500.0,1500.0,20.0,3.0,1,1500.0,1497.0,20.0,3.4000000953674316,1,1500.0,1492.0,20.0,2.799999952316284,1,1500.0,1504.0,20.0,3.0999999046325684,1
2026-03-31 16:51:51,450.08,1500.0,1555.0,20.0,3.0,1,1500.0,1501.0,20.0,3.0999999046325684,1,1500.0,1508.0,20.0,3.200000047683716,1,1500.0,1497.0,20.0,3.4000000953674316,1,1500.0,1510.0,20.0,3.299999952316284,1,1500.0,1505.0,20.0,3.0999999046325684,1
2026-03-31 16:51:52,450.79,1500.0,1441.0,20.0,1.2999999523162842,1,1500.0,1501.0,20.0,3.0999999046325684,1,1500.0,1503.0,20.0,3.0,1,1500.0,1497.0,20.0,3.4000000953674316,1,1500.0,1492.0,20.0,3.0,1,1500.0,1505.0,20.0,3.0999999046325684,1
2026-03-31 16:51:53,451.51,1500.0,1585.0,20.0,3.799999952316284,1,1500.0,1501.0,20.0,3.0999999046325684,1,1500.0,1501.0,20.0,3.200000047683716,1,1500.0,1497.0,20.0,3.4000000953674316,1,1500.0,1509.0,20.0,3.299999952316284,1,1500.0,1504.0,20.0,3.0999999046325684,1
2026-03-31 16:51:54,452.22,1500.0,1470.0,20.0,1.5,1,1500.0,1502.0,20.0,3.0999999046325684,1,1500.0,1503.0,20.0,3.0,1,1500.0,1498.0,20.0,3.4000000953674316,1,1500.0,1489.0,20.0,3.0999999046325684,1,1500.0,1504.0,20.0,3.0999999046325684,1
2026-03-31 16:51:54,452.94,1500.0,1412.0,20.0,3.0,1,1500.0,1502.0,20.0,3.0999999046325684,1,1500.0,1499.0,20.0,3.0,1,1500.0,1498.0,20.0,3.4000000953674316,1,1500.0,1501.0,20.0,2.799999952316284,1,1500.0,1503.0,20.0,3.0999999046325684,1
2026-03-31 16:51:55,453.66,1500.0,1582.0,20.0,4.699999809265137,1,1500.0,1501.0,20.0,3.0999999046325684,1,1500.0,1499.0,20.0,3.0999999046325684,1,1500.0,1498.0,20.0,3.4000000953674316,1,1500.0,1505.0,20.0,3.299999952316284,1,1500.0,1503.0,20.0,3.0999999046325684,1
2026-03-31 16:51:56,454.37,1500.0,1502.0,20.0,1.899999976158142,1,1500.0,1501.0,20.0,3.0999999046325684,1,1500.0,1506.0,20.0,3.0999999046325684,1,1500.0,1497.0,20.0,3.4000000953674316,1,1500.0,1491.0,20.0,3.0999999046325684,1,1500.0,1504.0,20.0,3.0999999046325684,1
2026-03-31 16:51:56,455.08,1500.0,1411.0,20.0,3.0,1,1500.0,1501.0,20.0,3.0999999046325684,1,1500.0,1501.0,20.0,3.0,1,1500.0,1498.0,20.0,3.4000000953674316,1,1500.0,1508.0,20.0,3.0,1,1500.0,1503.0,20.0,3.0999999046325684,1
2026-03-31 16:51:57,455.78,1500.0,1569.0,20.0,4.800000190734863,1,1500.0,1501.0,20.0,3.0999999046325684,1,1500.0,1497.0,20.0,3.0,1,1500.0,1498.0,20.0,3.4000000953674316,1,1500.0,1497.0,20.0,3.0999999046325684,1,1500.0,1503.0,20.0,3.0999999046325684,1
2026-03-31 16:51:58,456.51,1500.0,1494.0,20.0,1.7000000476837158,1,1500.0,1501.0,20.0,3.0999999046325684,1,1500.0,1501.0,20.0,3.0,1,1500.0,1499.0,20.0,3.4000000953674316,1,1500.0,1499.0,20.0,2.799999952316284,1,1500.0,1504.0,20.0,3.0999999046325684,1
2026-03-31 16:51:58,457.22,1500.0,1399.0,20.0,2.0,1,1500.0,1501.0,20.0,3.0999999046325684,1,1500.0,1504.0,20.0,3.0,1,1500.0,1499.0,20.0,3.4000000953674316,1,1500.0,1505.0,20.0,3.299999952316284,1,1500.0,1503.0,20.0,3.0999999046325684,1
2026-03-31 16:51:59,457.95,1500.0,1572.0,20.0,5.0,1,1500.0,1501.0,20.0,3.0999999046325684,1,1500.0,1497.0,20.0,3.0,1,1500.0,1499.0,20.0,3.4000000953674316,1,1500.0,1490.0,20.0,2.799999952316284,1,1500.0,1503.0,20.0,3.0999999046325684,1
2026-03-31 16:52:00,458.67,1500.0,1506.0,20.0,1.899999976158142,1,1500.0,1501.0,20.0,3.0999999046325684,1,1500.0,1501.0,20.0,3.200000047683716,1,1500.0,1499.0,20.0,3.5,1,1500.0,1508.0,20.0,3.0999999046325684,1,1500.0,1505.0,20.0,3.0999999046325684,1
2026-03-31 16:52:01,459.38,1500.0,1433.0,20.0,2.799999952316284,1,1500.0,1499.0,20.0,3.0999999046325684,1,1500.0,1504.0,20.0,3.0999999046325684,1,1500.0,1499.0,20.0,3.4000000953674316,1,1500.0,1496.0,20.0,3.0999999046325684,1,1500.0,1505.0,20.0,3.0999999046325684,1
2026-03-31 16:52:01,460.1,1500.0,1583.0,20.0,4.099999904632568,1,1500.0,1499.0,20.0,3.0999999046325684,1,1500.0,1500.0,20.0,3.0,1,1500.0,1499.0,20.0,3.4000000953674316,1,1500.0,1489.0,20.0,2.799999952316284,1,1500.0,1503.0,20.0,3.0999999046325684,1
2026-03-31 16:52:02,460.82,1500.0,1410.0,20.0,2.4000000953674316,1,1500.0,1502.0,20.0,3.0999999046325684,1,1500.0,1504.0,20.0,3.0999999046325684,1,1500.0,1497.0,20.0,3.4000000953674316,1,1500.0,1492.0,20.0,3.200000047683716,1,1500.0,1505.0,20.0,3.0999999046325684,1
2026-03-31 16:52:03,461.53,1500.0,1566.0,20.0,3.799999952316284,1,1500.0,1500.0,20.0,3.0999999046325684,1,1500.0,1502.0,20.0,3.0999999046325684,1,1500.0,1498.0,20.0,3.4000000953674316,1,1500.0,1508.0,20.0,3.0999999046325684,1,1500.0,1503.0,20.0,3.0999999046325684,1
2026-03-31 16:52:04,462.24,1500.0,1479.0,20.0,1.600000023841858,1,1500.0,1500.0,20.0,3.0999999046325684,1,1500.0,1496.0,20.0,3.0999999046325684,1,1500.0,1497.0,20.0,3.4000000953674316,1,1500.0,1494.0,20.0,3.0999999046325684,1,1500.0,1502.0,20.0,3.0999999046325684,1
2026-03-31 16:52:04,462.95,1500.0,1395.0,20.0,1.0,1,1500.0,1500.0,20.0,3.0999999046325684,1,1500.0,1504.0,20.0,3.0999999046325684,1,1500.0,1497.0,20.0,3.4000000953674316,1,1500.0,1496.0,20.0,2.799999952316284,1,1500.0,1502.0,20.0,3.0999999046325684,1
2026-03-31 16:52:05,463.66,1500.0,1447.0,20.0,5.099999904632568,1,1500.0,1500.0,20.0,3.0999999046325684,1,1500.0,1502.0,20.0,3.0,1,1500.0,1497.0,20.0,3.4000000953674316,1,1500.0,1508.0,20.0,3.4000000953674316,1,1500.0,1504.0,20.0,3.0999999046325684,1
2026-03-31 16:52:06,464.37,1500.0,1582.0,20.0,4.599999904632568,1,1500.0,1500.0,20.0,3.0999999046325684,1,1500.0,1498.0,20.0,3.0,1,1500.0,1496.0,20.0,3.4000000953674316,1,1500.0,1491.0,20.0,2.799999952316284,1,1500.0,1503.0,20.0,3.0999999046325684,1
2026-03-31 16:52:06,465.08,1500.0,1424.0,20.0,1.399999976158142,1,1500.0,1501.0,20.0,3.0999999046325684,1,1500.0,1503.0,20.0,3.0,1,1500.0,1498.0,20.0,3.4000000953674316,1,1500.0,1492.0,20.0,3.0999999046325684,1,1500.0,1502.0,20.0,3.0999999046325684,1
2026-03-31 16:52:07,465.8,1500.0,1554.0,20.0,4.900000095367432,1,1500.0,1501.0,20.0,3.0999999046325684,1,1500.0,1496.0,20.0,2.9000000953674316,1,1500.0,1498.0,20.0,3.4000000953674316,1,1500.0,1500.0,20.0,2.9000000953674316,1,1500.0,1503.0,20.0,3.0999999046325684,1
2026-03-31 16:52:08,466.52,1500.0,1543.0,20.0,2.4000000953674316,1,1500.0,1501.0,20.0,3.0999999046325684,1,1500.0,1500.0,20.0,3.0999999046325684,1,1500.0,1498.0,20.0,3.4000000953674316,1,1500.0,1507.0,20.0,3.299999952316284,1,1500.0,1503.0,20.0,3.0999999046325684,1
2026-03-31 16:52:09,467.28,1500.0,1448.0,20.0,1.2999999523162842,1,1500.0,1501.0,20.0,3.0999999046325684,1,1500.0,1504.0,20.0,3.0999999046325684,1,1500.0,1496.0,20.0,3.4000000953674316,1,1500.0,1493.0,20.0,3.200000047683716,1,1500.0,1503.0,20.0,3.0999999046325684,1
2026-03-31 16:52:09,468.0,1500.0,1488.0,20.0,5.099999904632568,1,1500.0,1501.0,20.0,3.0999999046325684,1,1500.0,1498.0,20.0,3.0,1,1500.0,1496.0,20.0,3.4000000953674316,1,1500.0,1505.0,20.0,3.0999999046325684,1,1500.0,1505.0,20.0,3.200000047683716,1
2026-03-31 16:52:10,468.71,1500.0,1587.0,20.0,3.9000000953674316,1,1500.0,1501.0,20.0,3.0999999046325684,1,1500.0,1498.0,20.0,3.0,1,1500.0,1497.0,20.0,3.4000000953674316,1,1500.0,1505.0,20.0,3.299999952316284,1,1500.0,1504.0,20.0,3.0999999046325684,1
2026-03-31 16:52:11,469.42,1500.0,1395.0,20.0,2.4000000953674316,1,1500.0,1502.0,20.0,3.0999999046325684,1,1500.0,1501.0,20.0,3.0,1,1500.0,1494.0,20.0,3.4000000953674316,1,1500.0,1507.0,20.0,3.0,1,1500.0,1503.0,20.0,3.0999999046325684,1
2026-03-31 16:52:11,470.12,1500.0,1574.0,20.0,4.900000095367432,1,1500.0,1502.0,20.0,3.0999999046325684,1,1500.0,1497.0,20.0,2.9000000953674316,1,1500.0,1496.0,20.0,3.4000000953674316,1,1500.0,1499.0,20.0,3.0999999046325684,1,1500.0,1503.0,20.0,3.0999999046325684,1
2026-03-31 16:52:12,470.86,1500.0,1543.0,20.0,2.4000000953674316,1,1500.0,1501.0,20.0,3.0999999046325684,1,1500.0,1506.0,20.0,3.299999952316284,1,1500.0,1496.0,20.0,3.4000000953674316,1,1500.0,1488.0,20.0,2.9000000953674316,1,1500.0,1506.0,20.0,3.200000047683716,1
2026-03-31 16:52:13,471.56,1500.0,1406.0,20.0,1.0,1,1500.0,1501.0,20.0,3.0999999046325684,1,1500.0,1506.0,20.0,3.0999999046325684,1,1500.0,1496.0,20.0,3.4000000953674316,1,1500.0,1506.0,20.0,2.9000000953674316,1,1500.0,1504.0,20.0,3.0999999046325684,1
2026-03-31 16:52:14,472.27,1500.0,1529.0,20.0,5.099999904632568,1,1500.0,1499.0,20.0,3.0999999046325684,1,1500.0,1503.0,20.0,3.0,1,1500.0,1496.0,20.0,3.4000000953674316,1,1500.0,1497.0,20.0,3.200000047683716,1,1500.0,1504.0,20.0,3.0999999046325684,1
2026-03-31 16:52:14,472.98,1500.0,1541.0,20.0,2.4000000953674316,1,1500.0,1501.0,20.0,3.0999999046325684,1,1500.0,1495.0,20.0,3.0,1,1500.0,1500.0,20.0,3.4000000953674316,1,1500.0,1492.0,20.0,2.700000047683716,1,1500.0,1502.0,20.0,3.0999999046325684,1
2026-03-31 16:52:15,473.7,1500.0,1389.0,20.0,1.0,1,1500.0,1500.0,20.0,3.0999999046325684,1,1500.0,1506.0,20.0,3.0999999046325684,1,1500.0,1499.0,20.0,3.4000000953674316,1,1500.0,1512.0,20.0,3.4000000953674316,1,1500.0,1503.0,20.0,3.0999999046325684,1
2026-03-31 16:52:16,474.41,1500.0,1471.0,20.0,5.400000095367432,1,1500.0,1501.0,20.0,3.0999999046325684,1,1500.0,1506.0,20.0,3.0999999046325684,1,1500.0,1497.0,20.0,3.4000000953674316,1,1500.0,1491.0,20.0,3.0999999046325684,1,1500.0,1503.0,20.0,3.0999999046325684,1
2026-03-31 16:52:16,475.15,1500.0,1586.0,20.0,3.9000000953674316,1,1500.0,1501.0,20.0,3.0999999046325684,1,1500.0,1496.0,20.0,3.0999999046325684,1,1500.0,1497.0,20.0,3.4000000953674316,1,1500.0,1507.0,20.0,3.0,1,1500.0,1504.0,20.0,3.0999999046325684,1
2026-03-31 16:52:17,475.88,1500.0,1535.0,20.0,2.200000047683716,1,1500.0,1501.0,20.0,3.0999999046325684,1,1500.0,1505.0,20.0,3.0999999046325684,1,1500.0,1498.0,20.0,3.4000000953674316,1,1500.0,1500.0,20.0,3.200000047683716,1,1500.0,1504.0,20.0,3.0999999046325684,1
2026-03-31 16:52:18,476.67,1500.0,1409.0,20.0,1.7000000476837158,1,1500.0,1501.0,20.0,3.0999999046325684,1,1500.0,1502.0,20.0,3.0999999046325684,1,1500.0,1497.0,20.0,3.4000000953674316,1,1500.0,1493.0,20.0,3.0999999046325684,1,1500.0,1503.0,20.0,3.0999999046325684,1
2026-03-31 16:52:19,477.41,1500.0,1571.0,20.0,5.0,1,1500.0,1500.0,20.0,3.0,1,1500.0,1497.0,20.0,3.0999999046325684,1,1500.0,1497.0,20.0,3.4000000953674316,1,1500.0,1509.0,20.0,3.0,1,1500.0,1503.0,20.0,3.0999999046325684,1
2026-03-31 16:52:19,478.15,1500.0,1498.0,20.0,1.7999999523162842,1,1500.0,1500.0,20.0,3.0999999046325684,1,1500.0,1505.0,20.0,3.200000047683716,1,1500.0,1497.0,20.0,3.4000000953674316,1,1500.0,1492.0,20.0,3.0999999046325684,1,1500.0,1505.0,20.0,3.0999999046325684,1
2026-03-31 16:52:20,478.87,1500.0,1526.0,20.0,2.200000047683716,1,1500.0,1501.0,20.0,3.0999999046325684,1,1500.0,1503.0,20.0,3.0999999046325684,1,1500.0,1498.0,20.0,3.4000000953674316,1,1500.0,1496.0,20.0,3.0999999046325684,1,1500.0,1502.0,20.0,3.0999999046325684,1
2026-03-31 16:52:21,479.6,1500.0,1401.0,20.0,1.2999999523162842,1,1500.0,1501.0,20.0,3.0999999046325684,1,1500.0,1503.0,20.0,3.0,1,1500.0,1499.0,20.0,3.4000000953674316,1,1500.0,1501.0,20.0,2.9000000953674316,1,1500.0,1504.0,20.0,3.0999999046325684,1
2026-03-31 16:52:22,480.32,1500.0,1543.0,20.0,6.099999904632568,1,1500.0,1501.0,20.0,3.0999999046325684,1,1500.0,1501.0,20.0,3.0,1,1500.0,1497.0,20.0,3.4000000953674316,1,1500.0,1504.0,20.0,3.200000047683716,1,1500.0,1504.0,20.0,3.0999999046325684,1
2026-03-31 16:52:22,481.04,1500.0,1582.0,20.0,3.5999999046325684,1,1500.0,1501.0,20.0,3.0999999046325684,1,1500.0,1496.0,20.0,3.0,1,1500.0,1497.0,20.0,3.4000000953674316,1,1500.0,1489.0,20.0,3.0,1,1500.0,1504.0,20.0,3.0999999046325684,1
2026-03-31 16:52:23,481.78,1500.0,1462.0,20.0,1.399999976158142,1,1500.0,1501.0,20.0,3.0999999046325684,1,1500.0,1506.0,20.0,3.0,1,1500.0,1497.0,20.0,3.4000000953674316,1,1500.0,1503.0,20.0,2.799999952316284,1,1500.0,1502.0,20.0,3.0999999046325684,1
2026-03-31 16:52:24,482.5,1500.0,1471.0,20.0,4.5,1,1500.0,1500.0,20.0,3.0999999046325684,1,1500.0,1506.0,20.0,3.0999999046325684,1,1500.0,1497.0,20.0,3.4000000953674316,1,1500.0,1504.0,20.0,3.200000047683716,1,1500.0,1502.0,20.0,3.0999999046325684,1
2026-03-31 16:52:25,483.24,1500.0,1584.0,20.0,4.0,1,1500.0,1502.0,20.0,3.0999999046325684,1,1500.0,1499.0,20.0,3.0,1,1500.0,1497.0,20.0,3.4000000953674316,1,1500.0,1486.0,20.0,2.799999952316284,1,1500.0,1503.0,20.0,3.0999999046325684,1
2026-03-31 16:52:25,483.99,1500.0,1515.0,20.0,2.0,1,1500.0,1500.0,20.0,3.0999999046325684,1,1500.0,1496.0,20.0,3.0,1,1500.0,1498.0,20.0,3.4000000953674316,1,1500.0,1509.0,20.0,3.0999999046325684,1,1500.0,1503.0,20.0,3.0999999046325684,1
2026-03-31 16:52:26,484.73,1500.0,1390.0,20.0,1.2000000476837158,1,1500.0,1500.0,20.0,3.0999999046325684,1,1500.0,1508.0,20.0,3.200000047683716,1,1500.0,1498.0,20.0,3.4000000953674316,1,1500.0,1492.0,20.0,3.0999999046325684,1,1500.0,1502.0,20.0,3.0999999046325684,1
2026-03-31 16:52:27,485.48,1500.0,1472.0,20.0,6.0,1,1500.0,1500.0,20.0,3.0999999046325684,1,1500.0,1501.0,20.0,3.0,1,1500.0,1498.0,20.0,3.4000000953674316,1,1500.0,1505.0,20.0,3.0,1,1500.0,1502.0,20.0,3.0999999046325684,1
2026-03-31 16:52:27,486.2,1500.0,1575.0,20.0,3.799999952316284,1,1500.0,1500.0,20.0,3.0999999046325684,1,1500.0,1499.0,20.0,3.0999999046325684,1,1500.0,1498.0,20.0,3.4000000953674316,1,1500.0,1500.0,20.0,3.0999999046325684,1,1500.0,1504.0,20.0,3.0999999046325684,1
2026-03-31 16:52:28,486.91,1500.0,1455.0,20.0,1.399999976158142,1,1500.0,1499.0,20.0,3.0999999046325684,1,1500.0,1505.0,20.0,3.0999999046325684,1,1500.0,1499.0,20.0,3.4000000953674316,1,1500.0,1491.0,20.0,3.0,1,1500.0,1503.0,20.0,3.0999999046325684,1
2026-03-31 16:52:29,487.64,1500.0,1465.0,20.0,4.099999904632568,1,1500.0,1501.0,20.0,3.0999999046325684,1,1500.0,1504.0,20.0,3.0999999046325684,1,1500.0,1498.0,20.0,3.4000000953674316,1,1500.0,1510.0,20.0,3.0999999046325684,1,1500.0,1506.0,20.0,3.0999999046325684,1
2026-03-31 16:52:30,488.34,1500.0,1548.0,20.0,2.5,1,1500.0,1502.0,20.0,3.0999999046325684,1,1500.0,1499.0,20.0,3.0,1,1500.0,1497.0,20.0,3.4000000953674316,1,1500.0,1494.0,20.0,2.799999952316284,1,1500.0,1503.0,20.0,3.0999999046325684,1
2026-03-31 16:52:30,489.08,1500.0,1440.0,20.0,1.2000000476837158,1,1500.0,1499.0,20.0,3.0,1,1500.0,1506.0,20.0,3.0,1,1500.0,1497.0,20.0,3.4000000953674316,1,1500.0,1505.0,20.0,3.200000047683716,1,1500.0,1503.0,20.0,3.0999999046325684,1
2026-03-31 16:52:31,489.8,1500.0,1382.0,20.0,2.0,1,1500.0,1499.0,20.0,3.0,1,1500.0,1503.0,20.0,3.0,1,1500.0,1499.0,20.0,3.4000000953674316,1,1500.0,1491.0,20.0,2.9000000953674316,1,1500.0,1503.0,20.0,3.0999999046325684,1
2026-03-31 16:52:32,490.51,1500.0,1548.0,20.0,5.900000095367432,1,1500.0,1499.0,20.0,3.0,1,1500.0,1496.0,20.0,3.0,1,1500.0,1499.0,20.0,3.4000000953674316,1,1500.0,1510.0,20.0,3.0999999046325684,1,1500.0,1503.0,20.0,3.0999999046325684,1
2026-03-31 16:52:33,491.22,1500.0,1576.0,20.0,3.299999952316284,1,1500.0,1500.0,20.0,3.0999999046325684,1,1500.0,1503.0,20.0,3.0,1,1500.0,1498.0,20.0,3.4000000953674316,1,1500.0,1496.0,20.0,3.0999999046325684,1,1500.0,1503.0,20.0,3.0999999046325684,1
2026-03-31 16:52:33,491.94,1500.0,1445.0,20.0,3.700000047683716,1,1500.0,1501.0,20.0,3.0999999046325684,1,1500.0,1498.0,20.0,3.0,1,1500.0,1496.0,20.0,3.4000000953674316,1,1500.0,1514.0,20.0,3.0999999046325684,1,1500.0,1504.0,20.0,3.0999999046325684,1
2026-03-31 16:52:34,492.65,1500.0,1584.0,20.0,3.9000000953674316,1,1500.0,1501.0,20.0,3.0999999046325684,1,1500.0,1498.0,20.0,3.0999999046325684,1,1500.0,1499.0,20.0,3.4000000953674316,1,1500.0,1493.0,20.0,3.0999999046325684,1,1500.0,1503.0,20.0,3.0999999046325684,1
2026-03-31 16:52:35,493.37,1500.0,1464.0,20.0,1.5,1,1500.0,1501.0,20.0,3.0999999046325684,1,1500.0,1507.0,20.0,3.0999999046325684,1,1500.0,1498.0,20.0,3.4000000953674316,1,1500.0,1502.0,20.0,2.9000000953674316,1,1500.0,1503.0,20.0,3.0999999046325684,1
2026-03-31 16:52:35,494.1,1500.0,1447.0,20.0,4.599999904632568,1,1500.0,1501.0,20.0,3.0999999046325684,1,1500.0,1502.0,20.0,3.0,1,1500.0,1498.0,20.0,3.4000000953674316,1,1500.0,1502.0,20.0,3.200000047683716,1,1500.0,1504.0,20.0,3.0999999046325684,1
2026-03-31 16:52:36,494.8,1500.0,1577.0,20.0,3.799999952316284,1,1500.0,1501.0,20.0,3.0999999046325684,1,1500.0,1500.0,20.0,3.0999999046325684,1,1500.0,1497.0,20.0,3.4000000953674316,1,1500.0,1492.0,20.0,3.0,1,1500.0,1503.0,20.0,3.0999999046325684,1
2026-03-31 16:52:37,495.55,1500.0,1501.0,20.0,1.7999999523162842,1,1500.0,1501.0,20.0,3.0999999046325684,1,1500.0,1504.0,20.0,3.0999999046325684,1,1500.0,1496.0,20.0,3.299999952316284,1,1500.0,1501.0,20.0,2.799999952316284,1,1500.0,1502.0,20.0,3.0999999046325684,1
2026-03-31 16:52:38,496.3,1500.0,1390.0,20.0,2.200000047683716,1,1500.0,1500.0,20.0,3.0999999046325684,1,1500.0,1494.0,20.0,2.9000000953674316,1,1500.0,1496.0,20.0,3.299999952316284,1,1500.0,1501.0,20.0,3.299999952316284,1,1500.0,1503.0,20.0,3.0999999046325684,1
2026-03-31 16:52:38,497.02,1500.0,1519.0,20.0,2.0,1,1500.0,1500.0,20.0,3.0999999046325684,1,1500.0,1503.0,20.0,3.0999999046325684,1,1500.0,1498.0,20.0,3.4000000953674316,1,1500.0,1507.0,20.0,3.200000047683716,1,1500.0,1504.0,20.0,3.0999999046325684,1
2026-03-31 16:52:39,497.74,1500.0,1405.0,20.0,1.7999999523162842,1,1500.0,1500.0,20.0,3.0999999046325684,1,1500.0,1495.0,20.0,3.0999999046325684,1,1500.0,1498.0,20.0,3.4000000953674316,1,1500.0,1495.0,20.0,3.0999999046325684,1,1500.0,1503.0,20.0,3.0999999046325684,1
2026-03-31 16:52:40,498.45,1500.0,1519.0,20.0,6.0,1,1500.0,1501.0,20.0,3.0999999046325684,1,1500.0,1507.0,20.0,3.0999999046325684,1,1500.0,1498.0,20.0,3.4000000953674316,1,1500.0,1495.0,20.0,2.799999952316284,1,1500.0,1503.0,20.0,3.0999999046325684,1
2026-03-31 16:52:40,499.16,1500.0,1544.0,20.0,2.5999999046325684,1,1500.0,1502.0,20.0,3.0999999046325684,1,1500.0,1503.0,20.0,3.0,1,1500.0,1498.0,20.0,3.4000000953674316,1,1500.0,1508.0,20.0,3.200000047683716,1,1500.0,1503.0,20.0,3.0999999046325684,1
2026-03-31 16:52:41,499.91,1500.0,1424.0,20.0,1.100000023841858,1,1500.0,1502.0,20.0,3.0999999046325684,1,1500.0,1492.0,20.0,2.9000000953674316,1,1500.0,1499.0,20.0,3.299999952316284,1,1500.0,1488.0,20.0,3.0999999046325684,1,1500.0,1504.0,20.0,3.0999999046325684,1
2026-03-31 16:52:42,500.63,1500.0,1386.0,20.0,2.0999999046325684,1,1500.0,1496.0,20.0,3.0,1,1500.0,1505.0,20.0,3.200000047683716,1,1500.0,1499.0,20.0,3.4000000953674316,1,1500.0,1502.0,20.0,2.9000000953674316,1,1500.0,1504.0,20.0,3.0999999046325684,1
2026-03-31 16:52:43,501.33,1500.0,1575.0,20.0,5.199999809265137,1,1500.0,1501.0,20.0,3.0,1,1500.0,1505.0,20.0,3.0999999046325684,1,1500.0,1498.0,20.0,3.4000000953674316,1,1500.0,1499.0,20.0,3.200000047683716,1,1500.0,1504.0,20.0,3.0999999046325684,1
2026-03-31 16:52:43,502.05,1500.0,1517.0,20.0,2.0999999046325684,1,1500.0,1502.0,20.0,3.0999999046325684,1,1500.0,1497.0,20.0,3.0,1,1500.0,1498.0,20.0,3.4000000953674316,1,1500.0,1489.0,20.0,2.9000000953674316,1,1500.0,1504.0,20.0,3.0999999046325684,1
2026-03-31 16:52:44,502.77,1500.0,1393.0,20.0,1.2000000476837158,1,1500.0,1501.0,20.0,3.0999999046325684,1,1500.0,1503.0,20.0,3.200000047683716,1,1500.0,1498.0,20.0,3.4000000953674316,1,1500.0,1513.0,20.0,3.200000047683716,1,1500.0,1503.0,20.0,3.0999999046325684,1
2026-03-31 16:52:45,503.49,1500.0,1541.0,20.0,5.699999809265137,1,1500.0,1501.0,20.0,3.0999999046325684,1,1500.0,1505.0,20.0,3.0999999046325684,1,1500.0,1496.0,20.0,3.4000000953674316,1,1500.0,1491.0,20.0,3.0999999046325684,1,1500.0,1502.0,20.0,3.0999999046325684,1
2026-03-31 16:52:45,504.19,1500.0,1570.0,20.0,3.0,1,1500.0,1501.0,20.0,3.0999999046325684,1,1500.0,1496.0,20.0,3.0,1,1500.0,1496.0,20.0,3.4000000953674316,1,1500.0,1497.0,20.0,2.799999952316284,1,1500.0,1502.0,20.0,3.0999999046325684,1
2026-03-31 16:52:46,504.89,1500.0,1478.0,20.0,1.600000023841858,1,1500.0,1501.0,20.0,3.0999999046325684,1,1500.0,1505.0,20.0,3.200000047683716,1,1500.0,1497.0,20.0,3.4000000953674316,1,1500.0,1504.0,20.0,3.200000047683716,1,1500.0,1502.0,20.0,3.0999999046325684,1
2026-03-31 16:52:47,505.6,1500.0,1405.0,20.0,2.299999952316284,1,1500.0,1501.0,20.0,3.0999999046325684,1,1500.0,1503.0,20.0,3.0,1,1500.0,1498.0,20.0,3.4000000953674316,1,1500.0,1489.0,20.0,2.9000000953674316,1,1500.0,1504.0,20.0,3.0999999046325684,1
2026-03-31 16:52:48,506.32,1500.0,1519.0,20.0,2.0,1,1500.0,1501.0,20.0,3.0999999046325684,1,1500.0,1502.0,20.0,3.0999999046325684,1,1500.0,1498.0,20.0,3.4000000953674316,1,1500.0,1500.0,20.0,3.200000047683716,1,1500.0,1503.0,20.0,3.0999999046325684,1
2026-03-31 16:52:48,507.04,1500.0,1434.0,20.0,1.2000000476837158,1,1500.0,1501.0,20.0,3.0999999046325684,1,1500.0,1506.0,20.0,3.0999999046325684,1,1500.0,1498.0,20.0,3.4000000953674316,1,1500.0,1496.0,20.0,2.799999952316284,1,1500.0,1503.0,20.0,3.0999999046325684,1
2026-03-31 16:52:49,507.78,1500.0,1577.0,20.0,3.799999952316284,1,1500.0,1501.0,20.0,3.0999999046325684,1,1500.0,1499.0,20.0,3.0,1,1500.0,1498.0,20.0,3.4000000953674316,1,1500.0,1494.0,20.0,3.0,1,1500.0,1502.0,20.0,3.0999999046325684,1
2026-03-31 16:52:50,508.5,1500.0,1480.0,20.0,1.600000023841858,1,1500.0,1501.0,20.0,3.0999999046325684,1,1500.0,1506.0,20.0,3.0999999046325684,1,1500.0,1498.0,20.0,3.4000000953674316,1,1500.0,1492.0,20.0,2.700000047683716,1,1500.0,1502.0,20.0,3.0999999046325684,1
2026-03-31 16:52:50,509.22,1500.0,1405.0,20.0,2.200000047683716,1,1500.0,1500.0,20.0,3.0,1,1500.0,1501.0,20.0,3.0,1,1500.0,1496.0,20.0,3.4000000953674316,1,1500.0,1512.0,20.0,3.4000000953674316,1,1500.0,1504.0,20.0,3.0999999046325684,1
2026-03-31 16:52:51,509.94,1500.0,1565.0,20.0,5.199999809265137,1,1500.0,1500.0,20.0,3.0,1,1500.0,1496.0,20.0,3.0,1,1500.0,1498.0,20.0,3.4000000953674316,1,1500.0,1489.0,20.0,3.0,1,1500.0,1503.0,20.0,3.0999999046325684,1
2026-03-31 16:52:52,510.67,1500.0,1515.0,20.0,2.0999999046325684,1,1500.0,1500.0,20.0,3.0,1,1500.0,1506.0,20.0,3.200000047683716,1,1500.0,1499.0,20.0,3.5,1,1500.0,1510.0,20.0,3.0999999046325684,1,1500.0,1503.0,20.0,3.0999999046325684,1
2026-03-31 16:52:53,511.4,1500.0,1439.0,20.0,3.5999999046325684,1,1500.0,1500.0,20.0,3.0999999046325684,1,1500.0,1505.0,20.0,3.0,1,1500.0,1498.0,20.0,3.4000000953674316,1,1500.0,1494.0,20.0,3.0999999046325684,1,1500.0,1504.0,20.0,3.0999999046325684,1
2026-03-31 16:52:53,512.17,1500.0,1582.0,20.0,3.799999952316284,1,1500.0,1501.0,20.0,3.0999999046325684,1,1500.0,1497.0,20.0,3.0,1,1500.0,1498.0,20.0,3.4000000953674316,1,1500.0,1494.0,20.0,2.799999952316284,1,1500.0,1504.0,20.0,3.0999999046325684,1
2026-03-31 16:52:54,512.89,1500.0,1522.0,20.0,2.0999999046325684,1,1500.0,1501.0,20.0,3.0999999046325684,1,1500.0,1502.0,20.0,3.200000047683716,1,1500.0,1498.0,20.0,3.4000000953674316,1,1500.0,1506.0,20.0,3.299999952316284,1,1500.0,1503.0,20.0,3.0999999046325684,1
2026-03-31 16:52:55,513.64,1500.0,1408.0,20.0,1.2000000476837158,1,1500.0,1503.0,20.0,3.0999999046325684,1,1500.0,1506.0,20.0,3.0999999046325684,1,1500.0,1500.0,20.0,3.0999999046325684,1,1500.0,1492.0,20.0,3.299999952316284,1,1500.0,1503.0,20.0,3.0999999046325684,1
2026-03-31 16:52:56,514.38,1500.0,1567.0,20.0,4.800000190734863,1,1500.0,1501.0,20.0,3.0999999046325684,1,1500.0,1499.0,20.0,3.0,1,1500.0,1499.0,20.0,3.0999999046325684,1,1500.0,1503.0,20.0,2.9000000953674316,1,1500.0,1502.0,20.0,3.0999999046325684,1
2026-03-31 16:52:56,515.09,1500.0,1410.0,20.0,1.100000023841858,1,1500.0,1500.0,20.0,3.0999999046325684,1,1500.0,1507.0,20.0,3.0999999046325684,1,1500.0,1497.0,20.0,3.0999999046325684,1,1500.0,1488.0,20.0,2.799999952316284,1,1500.0,1504.0,20.0,3.0999999046325684,1
2026-03-31 16:52:57,515.81,1500.0,1497.0,20.0,4.400000095367432,1,1500.0,1501.0,20.0,3.0999999046325684,1,1500.0,1499.0,20.0,2.9000000953674316,1,1500.0,1498.0,20.0,3.0,1,1500.0,1513.0,20.0,3.299999952316284,1,1500.0,1504.0,20.0,3.0999999046325684,1
2026-03-31 16:52:58,516.52,1500.0,1555.0,20.0,2.700000047683716,1,1500.0,1501.0,20.0,3.0999999046325684,1,1500.0,1497.0,20.0,3.0,1,1500.0,1504.0,20.0,3.0999999046325684,1,1500.0,1490.0,20.0,3.0,1,1500.0,1504.0,20.0,3.0999999046325684,1
2026-03-31 16:52:59,517.22,1500.0,1424.0,20.0,1.2000000476837158,1,1500.0,1501.0,20.0,3.0999999046325684,1,1500.0,1508.0,20.0,3.0999999046325684,1,1500.0,1501.0,20.0,3.0999999046325684,1,1500.0,1496.0,20.0,2.799999952316284,1,1500.0,1504.0,20.0,3.0999999046325684,1
2026-03-31 16:52:59,517.93,1500.0,1506.0,20.0,5.900000095367432,1,1500.0,1502.0,20.0,3.0999999046325684,1,1500.0,1502.0,20.0,3.0,1,1500.0,1498.0,20.0,3.0999999046325684,1,1500.0,1509.0,20.0,3.200000047683716,1,1500.0,1504.0,20.0,3.0999999046325684,1
2026-03-31 16:53:00,518.65,1500.0,1568.0,20.0,3.200000047683716,1,1500.0,1502.0,20.0,3.0999999046325684,1,1500.0,1497.0,20.0,3.0,1,1500.0,1499.0,20.0,3.0999999046325684,1,1500.0,1505.0,20.0,4.0,1,1500.0,1503.0,20.0,3.0999999046325684,1
2026-03-31 16:53:01,519.35,1500.0,1422.0,20.0,1.100000023841858,1,1500.0,1502.0,20.0,3.0999999046325684,1,1500.0,1496.0,20.0,3.0,1,1500.0,1499.0,20.0,3.0999999046325684,1,1500.0,1490.0,20.0,3.299999952316284,1,1500.0,1504.0,20.0,3.0999999046325684,1
2026-03-31 16:53:01,520.06,1500.0,1527.0,20.0,4.800000190734863,1,1500.0,1502.0,20.0,3.0999999046325684,1,1500.0,1506.0,20.0,3.0,1,1500.0,1499.0,20.0,3.0999999046325684,1,1500.0,1499.0,20.0,3.5999999046325684,1,1500.0,1502.0,20.0,3.0999999046325684,1
2026-03-31 16:53:02,520.77,1500.0,1540.0,20.0,2.4000000953674316,1,1500.0,1501.0,20.0,3.0999999046325684,1,1500.0,1501.0,20.0,3.0,1,1500.0,1499.0,20.0,3.0999999046325684,1,1500.0,1493.0,20.0,3.0,1,1500.0,1504.0,20.0,3.0999999046325684,1
2026-03-31 16:53:03,521.5,1500.0,1411.0,20.0,1.899999976158142,1,1500.0,1501.0,20.0,3.0999999046325684,1,1500.0,1495.0,20.0,2.9000000953674316,1,1500.0,1501.0,20.0,3.0999999046325684,1,1500.0,1520.0,20.0,3.5999999046325684,1,1500.0,1504.0,20.0,3.0999999046325684,1
2026-03-31 16:53:03,522.2,1500.0,1574.0,20.0,2.4000000953674316,1,1500.0,1501.0,20.0,3.0999999046325684,1,1500.0,1507.0,20.0,3.0,1,1500.0,1503.0,20.0,3.200000047683716,1,1500.0,1491.0,20.0,3.299999952316284,1,1500.0,1503.0,20.0,3.0999999046325684,1
2026-03-31 16:53:04,522.93,1500.0,1447.0,20.0,1.2999999523162842,1,1500.0,1501.0,20.0,3.0999999046325684,1,1500.0,1499.0,20.0,3.0,1,1500.0,1500.0,20.0,3.200000047683716,1,1500.0,1494.0,20.0,3.5,1,1500.0,1505.0,20.0,3.200000047683716,1
2026-03-31 16:53:05,523.63,1500.0,1473.0,20.0,4.400000095367432,1,1500.0,1502.0,20.0,3.0999999046325684,1,1500.0,1500.0,20.0,3.200000047683716,1,1500.0,1500.0,20.0,3.0999999046325684,1,1500.0,1505.0,20.0,3.299999952316284,1,1500.0,1503.0,20.0,3.0999999046325684,1
2026-03-31 16:53:06,524.34,1500.0,1422.0,20.0,2.5999999046325684,1,1500.0,1502.0,20.0,3.0999999046325684,1,1500.0,1497.0,20.0,3.0,1,1500.0,1496.0,20.0,3.0999999046325684,1,1500.0,1501.0,20.0,3.0,1,1500.0,1501.0,20.0,3.0999999046325684,1
2026-03-31 16:53:06,525.05,1500.0,1575.0,20.0,3.9000000953674316,1,1500.0,1502.0,20.0,3.0999999046325684,1,1500.0,1497.0,20.0,3.0,1,1500.0,1497.0,20.0,3.0999999046325684,1,1500.0,1495.0,20.0,3.4000000953674316,1,1500.0,1501.0,20.0,3.0999999046325684,1
2026-03-31 16:53:07,525.76,1500.0,1483.0,20.0,1.600000023841858,1,1500.0,1500.0,20.0,3.0999999046325684,1,1500.0,1507.0,20.0,3.0999999046325684,1,1500.0,1498.0,20.0,3.0999999046325684,1,1500.0,1502.0,20.0,2.799999952316284,1,1500.0,1504.0,20.0,3.0999999046325684,1
2026-03-31 16:53:08,526.47,1500.0,1396.0,20.0,1.899999976158142,1,1500.0,1502.0,20.0,3.0999999046325684,1,1500.0,1499.0,20.0,3.0,1,1500.0,1501.0,20.0,3.0999999046325684,1,1500.0,1490.0,20.0,3.299999952316284,1,1500.0,1504.0,20.0,3.0999999046325684,1
2026-03-31 16:53:08,527.18,1500.0,1566.0,20.0,5.199999809265137,1,1500.0,1501.0,20.0,3.0999999046325684,1,1500.0,1500.0,20.0,3.200000047683716,1,1500.0,1501.0,20.0,3.0999999046325684,1,1500.0,1502.0,20.0,3.5999999046325684,1,1500.0,1503.0,20.0,3.0999999046325684,1
2026-03-31 16:53:09,527.9,1500.0,1550.0,20.0,2.5,1,1500.0,1500.0,20.0,3.0999999046325684,1,1500.0,1505.0,20.0,3.0999999046325684,1,1500.0,1500.0,20.0,3.0999999046325684,1,1500.0,1492.0,20.0,3.200000047683716,1,1500.0,1503.0,20.0,3.0999999046325684,1
2026-03-31 16:53:10,528.62,1500.0,1423.0,20.0,1.100000023841858,1,1500.0,1500.0,20.0,3.0999999046325684,1,1500.0,1500.0,20.0,3.0,1,1500.0,1500.0,20.0,3.0999999046325684,1,1500.0,1503.0,20.0,3.700000047683716,1,1500.0,1501.0,20.0,3.0,1
2026-03-31 16:53:11,529.34,1500.0,1463.0,20.0,4.400000095367432,1,1500.0,1501.0,20.0,3.0999999046325684,1,1500.0,1497.0,20.0,3.0999999046325684,1,1500.0,1500.0,20.0,3.0999999046325684,1,1500.0,1490.0,20.0,3.200000047683716,1,1500.0,1505.0,20.0,3.200000047683716,1
2026-03-31 16:53:11,530.04,1500.0,1577.0,20.0,3.4000000953674316,1,1500.0,1500.0,20.0,3.0,1,1500.0,1504.0,20.0,3.0999999046325684,1,1500.0,1497.0,20.0,3.0999999046325684,1,1500.0,1503.0,20.0,3.0,1,1500.0,1504.0,20.0,3.200000047683716,1
2026-03-31 16:53:12,530.76,1500.0,1475.0,20.0,1.600000023841858,1,1500.0,1501.0,20.0,3.0,1,1500.0,1497.0,20.0,2.9000000953674316,1,1500.0,1500.0,20.0,3.200000047683716,1,1500.0,1501.0,20.0,3.299999952316284,1,1500.0,1504.0,20.0,3.0999999046325684,1
2026-03-31 16:53:13,531.47,1500.0,1401.0,20.0,2.700000047683716,1,1500.0,1500.0,20.0,3.0,1,1500.0,1500.0,20.0,3.0999999046325684,1,1500.0,1500.0,20.0,3.0999999046325684,1,1500.0,1481.0,20.0,2.799999952316284,1,1500.0,1504.0,20.0,3.0999999046325684,1
2026-03-31 16:53:13,532.17,1500.0,1558.0,20.0,4.900000095367432,1,1500.0,1500.0,20.0,3.0999999046325684,1,1500.0,1505.0,20.0,3.0,1,1500.0,1502.0,20.0,3.0999999046325684,1,1500.0,1495.0,20.0,3.0999999046325684,1,1500.0,1504.0,20.0,3.0999999046325684,1
2026-03-31 16:53:14,532.9,1500.0,1516.0,20.0,2.0,1,1500.0,1499.0,20.0,3.0999999046325684,1,1500.0,1500.0,20.0,3.0,1,1500.0,1504.0,20.0,3.200000047683716,1,1500.0,1508.0,20.0,3.200000047683716,1,1500.0,1503.0,20.0,3.0999999046325684,1
2026-03-31 16:53:15,533.61,1500.0,1520.0,20.0,5.300000190734863,1,1500.0,1500.0,20.0,3.0999999046325684,1,1500.0,1506.0,20.0,3.0999999046325684,1,1500.0,1499.0,20.0,3.200000047683716,1,1500.0,1501.0,20.0,3.4000000953674316,1,1500.0,1503.0,20.0,3.0999999046325684,1
2026-03-31 16:53:16,534.31,1500.0,1563.0,20.0,2.799999952316284,1,1500.0,1503.0,20.0,3.0999999046325684,1,1500.0,1502.0,20.0,3.0,1,1500.0,1499.0,20.0,3.0999999046325684,1,1500.0,1491.0,20.0,3.4000000953674316,1,1500.0,1504.0,20.0,3.0999999046325684,1
2026-03-31 16:53:16,535.03,1500.0,1448.0,20.0,1.2999999523162842,1,1500.0,1503.0,20.0,3.0999999046325684,1,1500.0,1497.0,20.0,3.0,1,1500.0,1503.0,20.0,3.0,1,1500.0,1504.0,20.0,3.4000000953674316,1,1500.0,1505.0,20.0,3.0999999046325684,1
2026-03-31 16:53:17,535.75,1500.0,1476.0,20.0,4.699999809265137,1,1500.0,1501.0,20.0,3.0999999046325684,1,1500.0,1505.0,20.0,3.200000047683716,1,1500.0,1501.0,20.0,3.0,1,1500.0,1485.0,20.0,3.299999952316284,1,1500.0,1504.0,20.0,3.0999999046325684,1
2026-03-31 16:53:18,536.45,1500.0,1576.0,20.0,3.299999952316284,1,1500.0,1501.0,20.0,3.0999999046325684,1,1500.0,1505.0,20.0,3.0999999046325684,1,1500.0,1500.0,20.0,3.0,1,1500.0,1504.0,20.0,3.5999999046325684,1,1500.0,1503.0,20.0,3.0999999046325684,1
2026-03-31 16:53:18,537.16,1500.0,1495.0,20.0,1.7000000476837158,1,1500.0,1501.0,20.0,3.0999999046325684,1,1500.0,1495.0,20.0,2.9000000953674316,1,1500.0,1499.0,20.0,3.0,1,1500.0,1498.0,20.0,3.299999952316284,1,1500.0,1504.0,20.0,3.0999999046325684,1
2026-03-31 16:53:19,537.88,1500.0,1403.0,20.0,2.299999952316284,1,1500.0,1501.0,20.0,3.0999999046325684,1,1500.0,1504.0,20.0,3.0999999046325684,1,1500.0,1502.0,20.0,3.0999999046325684,1,1500.0,1494.0,20.0,3.5,1,1500.0,1501.0,20.0,3.0999999046325684,1
2026-03-31 16:53:20,538.6,1500.0,1551.0,20.0,5.900000095367432,1,1500.0,1501.0,20.0,3.0999999046325684,1,1500.0,1502.0,20.0,3.0,1,1500.0,1502.0,20.0,3.0999999046325684,1,1500.0,1501.0,20.0,3.4000000953674316,1,1500.0,1501.0,20.0,3.0999999046325684,1
2026-03-31 16:53:21,539.31,1500.0,1559.0,20.0,2.9000000953674316,1,1500.0,1501.0,20.0,3.0999999046325684,1,1500.0,1497.0,20.0,2.9000000953674316,1,1500.0,1498.0,20.0,3.0999999046325684,1,1500.0,1491.0,20.0,3.5,1,1500.0,1503.0,20.0,3.0999999046325684,1
2026-03-31 16:53:21,540.04,1500.0,1428.0,20.0,2.200000047683716,1,1500.0,1501.0,20.0,3.0999999046325684,1,1500.0,1504.0,20.0,3.200000047683716,1,1500.0,1498.0,20.0,3.0999999046325684,1,1500.0,1499.0,20.0,3.4000000953674316,1,1500.0,1505.0,20.0,3.0999999046325684,1
2026-03-31 16:53:22,540.75,1500.0,1556.0,20.0,5.599999904632568,1,1500.0,1501.0,20.0,3.0999999046325684,1,1500.0,1505.0,20.0,3.0,1,1500.0,1498.0,20.0,3.0999999046325684,1,1500.0,1494.0,20.0,3.4000000953674316,1,1500.0,1504.0,20.0,3.0999999046325684,1
2026-03-31 16:53:23,541.46,1500.0,1533.0,20.0,2.4000000953674316,1,1500.0,1501.0,20.0,3.0999999046325684,1,1500.0,1496.0,20.0,3.0,1,1500.0,1498.0,20.0,3.0999999046325684,1,1500.0,1498.0,20.0,3.299999952316284,1,1500.0,1504.0,20.0,3.0999999046325684,1
2026-03-31 16:53:23,542.17,1500.0,1555.0,20.0,2.5,1,1500.0,1500.0,20.0,3.0999999046325684,1,1500.0,1499.0,20.0,3.0,1,1500.0,1502.0,20.0,3.0999999046325684,1,1500.0,1490.0,20.0,3.4000000953674316,1,1500.0,1503.0,20.0,3.0999999046325684,1
2026-03-31 16:53:24,542.88,1500.0,1441.0,20.0,1.2999999523162842,1,1500.0,1499.0,20.0,3.0,1,1500.0,1499.0,20.0,3.0999999046325684,1,1500.0,1502.0,20.0,3.0999999046325684,1,1500.0,1504.0,20.0,3.4000000953674316,1,1500.0,1504.0,20.0,3.0999999046325684,1
2026-03-31 16:53:25,543.59,1500.0,1512.0,20.0,4.800000190734863,1,1500.0,1499.0,20.0,3.0,1,1500.0,1507.0,20.0,3.0999999046325684,1,1500.0,1503.0,20.0,3.200000047683716,1,1500.0,1490.0,20.0,3.4000000953674316,1,1500.0,1503.0,20.0,3.0999999046325684,1
2026-03-31 16:53:26,544.3,1500.0,1557.0,20.0,2.799999952316284,1,1500.0,1499.0,20.0,3.0,1,1500.0,1500.0,20.0,3.0,1,1500.0,1500.0,20.0,3.200000047683716,1,1500.0,1505.0,20.0,3.200000047683716,1,1500.0,1505.0,20.0,3.0999999046325684,1
2026-03-31 16:53:26,545.02,1500.0,1430.0,20.0,1.2999999523162842,1,1500.0,1499.0,20.0,3.0,1,1500.0,1496.0,20.0,3.0999999046325684,1,1500.0,1500.0,20.0,3.200000047683716,1,1500.0,1489.0,20.0,3.0,1,1500.0,1505.0,20.0,3.0999999046325684,1
2026-03-31 16:53:27,545.73,1500.0,1559.0,20.0,5.199999809265137,1,1500.0,1500.0,20.0,3.0,1,1500.0,1507.0,20.0,3.0999999046325684,1,1500.0,1500.0,20.0,3.200000047683716,1,1500.0,1502.0,20.0,3.299999952316284,1,1500.0,1503.0,20.0,3.0999999046325684,1
2026-03-31 16:53:28,546.44,1500.0,1562.0,20.0,2.700000047683716,1,1500.0,1500.0,20.0,3.0,1,1500.0,1501.0,20.0,3.0999999046325684,1,1500.0,1500.0,20.0,3.0999999046325684,1,1500.0,1490.0,20.0,3.4000000953674316,1,1500.0,1503.0,20.0,3.0999999046325684,1
2026-03-31 16:53:28,547.16,1500.0,1484.0,20.0,1.600000023841858,1,1500.0,1502.0,20.0,3.200000047683716,1,1500.0,1499.0,20.0,3.0999999046325684,1,1500.0,1498.0,20.0,3.0999999046325684,1,1500.0,1502.0,20.0,3.4000000953674316,1,1500.0,1503.0,20.0,3.0999999046325684,1
2026-03-31 16:53:29,547.88,1500.0,1440.0,20.0,4.199999809265137,1,1500.0,1501.0,20.0,3.0999999046325684,1,1500.0,1507.0,20.0,3.0999999046325684,1,1500.0,1504.0,20.0,3.0999999046325684,1,1500.0,1492.0,20.0,3.200000047683716,1,1500.0,1503.0,20.0,3.0999999046325684,1
2026-03-31 16:53:30,548.61,1500.0,1583.0,20.0,4.699999809265137,1,1500.0,1501.0,20.0,3.0999999046325684,1,1500.0,1503.0,20.0,3.0,1,1500.0,1500.0,20.0,3.0999999046325684,1,1500.0,1500.0,20.0,3.700000047683716,1,1500.0,1504.0,20.0,3.0999999046325684,1
2026-03-31 16:53:31,549.33,1500.0,1526.0,20.0,2.0999999046325684,1,1500.0,1501.0,20.0,3.0999999046325684,1,1500.0,1497.0,20.0,3.0,1,1500.0,1500.0,20.0,3.0999999046325684,1,1500.0,1497.0,20.0,3.299999952316284,1,1500.0,1504.0,20.0,3.0999999046325684,1
2026-03-31 16:53:31,550.04,1500.0,1409.0,20.0,2.0999999046325684,1,1500.0,1500.0,20.0,3.0999999046325684,1,1500.0,1501.0,20.0,3.0999999046325684,1,1500.0,1501.0,20.0,3.0999999046325684,1,1500.0,1490.0,20.0,3.299999952316284,1,1500.0,1504.0,20.0,3.0999999046325684,1
2026-03-31 16:53:32,550.76,1500.0,1567.0,20.0,5.099999904632568,1,1500.0,1502.0,20.0,3.0999999046325684,1,1500.0,1505.0,20.0,3.0999999046325684,1,1500.0,1499.0,20.0,3.0999999046325684,1,1500.0,1502.0,20.0,3.299999952316284,1,1500.0,1503.0,20.0,3.0999999046325684,1
2026-03-31 16:53:33,551.46,1500.0,1546.0,20.0,2.4000000953674316,1,1500.0,1500.0,20.0,3.0,1,1500.0,1501.0,20.0,3.0,1,1500.0,1500.0,20.0,3.0999999046325684,1,1500.0,1488.0,20.0,3.299999952316284,1,1500.0,1503.0,20.0,3.0999999046325684,1
2026-03-31 16:53:33,552.17,1500.0,1421.0,20.0,3.0999999046325684,1,1500.0,1500.0,20.0,3.0,1,1500.0,1506.0,20.0,3.0999999046325684,1,1500.0,1499.0,20.0,3.0999999046325684,1,1500.0,1493.0,20.0,3.299999952316284,1,1500.0,1504.0,20.0,3.0999999046325684,1
2026-03-31 16:53:34,552.89,1500.0,1585.0,20.0,4.400000095367432,1,1500.0,1500.0,20.0,3.0,1,1500.0,1501.0,20.0,3.0,1,1500.0,1499.0,20.0,3.0999999046325684,1,1500.0,1496.0,20.0,3.5,1,1500.0,1504.0,20.0,3.0999999046325684,1
2026-03-31 16:53:35,553.63,1500.0,1545.0,20.0,2.4000000953674316,1,1500.0,1500.0,20.0,3.0999999046325684,1,1500.0,1500.0,20.0,3.0999999046325684,1,1500.0,1497.0,20.0,3.0999999046325684,1,1500.0,1498.0,20.0,3.299999952316284,1,1500.0,1504.0,20.0,3.0999999046325684,1
2026-03-31 16:53:36,554.34,1500.0,1431.0,20.0,1.2000000476837158,1,1500.0,1502.0,20.0,3.0999999046325684,1,1500.0,1501.0,20.0,3.0999999046325684,1,1500.0,1498.0,20.0,3.0,1,1500.0,1496.0,20.0,3.5999999046325684,1,1500.0,1504.0,20.0,3.0999999046325684,1
2026-03-31 16:53:36,555.06,1500.0,1475.0,20.0,4.599999904632568,1,1500.0,1500.0,20.0,3.0999999046325684,1,1500.0,1504.0,20.0,3.0,1,1500.0,1504.0,20.0,3.200000047683716,1,1500.0,1498.0,20.0,3.299999952316284,1,1500.0,1504.0,20.0,3.0999999046325684,1
2026-03-31 16:53:37,555.76,1500.0,1573.0,20.0,3.0999999046325684,1,1500.0,1500.0,20.0,3.0999999046325684,1,1500.0,1495.0,20.0,2.9000000953674316,1,1500.0,1501.0,20.0,3.200000047683716,1,1500.0,1492.0,20.0,3.299999952316284,1,1500.0,1503.0,20.0,3.0999999046325684,1
2026-03-31 16:53:38,556.46,1500.0,1453.0,20.0,1.399999976158142,1,1500.0,1500.0,20.0,3.0999999046325684,1,1500.0,1502.0,20.0,3.0999999046325684,1,1500.0,1499.0,20.0,3.0999999046325684,1,1500.0,1505.0,20.0,3.5,1,1500.0,1502.0,20.0,3.0999999046325684,1
2026-03-31 16:53:38,557.2,1500.0,1537.0,20.0,4.800000190734863,1,1500.0,1500.0,20.0,3.0999999046325684,1,1500.0,1505.0,20.0,3.0999999046325684,1,1500.0,1500.0,20.0,3.0999999046325684,1,1500.0,1491.0,20.0,3.4000000953674316,1,1500.0,1505.0,20.0,3.0999999046325684,1
2026-03-31 16:53:39,557.91,1500.0,1537.0,20.0,2.4000000953674316,1,1500.0,1501.0,20.0,3.0999999046325684,1,1500.0,1500.0,20.0,3.0,1,1500.0,1501.0,20.0,3.200000047683716,1,1500.0,1504.0,20.0,3.5,1,1500.0,1503.0,20.0,3.0999999046325684,1
2026-03-31 16:53:40,558.63,1500.0,1391.0,20.0,1.7000000476837158,1,1500.0,1500.0,20.0,3.0999999046325684,1,1500.0,1498.0,20.0,3.0999999046325684,1,1500.0,1499.0,20.0,3.0999999046325684,1,1500.0,1490.0,20.0,3.200000047683716,1,1500.0,1503.0,20.0,3.0999999046325684,1
2026-03-31 16:53:41,559.34,1500.0,1545.0,20.0,5.800000190734863,1,1500.0,1500.0,20.0,3.0999999046325684,1,1500.0,1504.0,20.0,3.0,1,1500.0,1498.0,20.0,3.0999999046325684,1,1500.0,1498.0,20.0,3.5999999046325684,1,1500.0,1503.0,20.0,3.0999999046325684,1
2026-03-31 16:53:41,560.07,1500.0,1451.0,20.0,1.399999976158142,1,1500.0,1501.0,20.0,3.0999999046325684,1,1500.0,1504.0,20.0,3.200000047683716,1,1500.0,1498.0,20.0,3.0999999046325684,1,1500.0,1491.0,20.0,3.5,1,1500.0,1503.0,20.0,3.0999999046325684,1
2026-03-31 16:53:42,560.77,1500.0,1587.0,20.0,4.400000095367432,1,1500.0,1500.0,20.0,3.0999999046325684,1,1500.0,1499.0,20.0,3.0,1,1500.0,1501.0,20.0,3.0999999046325684,1,1500.0,1496.0,20.0,3.299999952316284,1,1500.0,1503.0,20.0,3.0999999046325684,1
2026-03-31 16:53:43,561.47,1500.0,1538.0,20.0,2.299999952316284,1,1500.0,1500.0,20.0,3.0999999046325684,1,1500.0,1500.0,20.0,3.0999999046325684,1,1500.0,1501.0,20.0,3.0999999046325684,1,1500.0,1496.0,20.0,3.5,1,1500.0,1502.0,20.0,3.0999999046325684,1
2026-03-31 16:53:43,562.19,1500.0,1433.0,20.0,1.2000000476837158,1,1500.0,1502.0,20.0,3.0999999046325684,1,1500.0,1505.0,20.0,3.0999999046325684,1,1500.0,1503.0,20.0,3.200000047683716,1,1500.0,1503.0,20.0,3.5,1,1500.0,1502.0,20.0,3.0999999046325684,1
2026-03-31 16:53:44,562.9,1500.0,1400.0,20.0,3.5999999046325684,1,1500.0,1502.0,20.0,3.0999999046325684,1,1500.0,1499.0,20.0,3.0,1,1500.0,1499.0,20.0,3.0999999046325684,1,1500.0,1487.0,20.0,3.299999952316284,1,1500.0,1505.0,20.0,3.200000047683716,1
2026-03-31 16:53:45,563.62,1500.0,1577.0,20.0,4.199999809265137,1,1500.0,1502.0,20.0,3.200000047683716,1,1500.0,1495.0,20.0,3.0,1,1500.0,1499.0,20.0,3.0999999046325684,1,1500.0,1503.0,20.0,3.5,1,1500.0,1505.0,20.0,3.0999999046325684,1
2026-03-31 16:53:46,564.33,1500.0,1510.0,20.0,1.899999976158142,1,1500.0,1501.0,20.0,3.200000047683716,1,1500.0,1503.0,20.0,3.0999999046325684,1,1500.0,1500.0,20.0,3.0999999046325684,1,1500.0,1489.0,20.0,3.200000047683716,1,1500.0,1503.0,20.0,3.0999999046325684,1
2026-03-31 16:53:46,565.07,1500.0,1405.0,20.0,2.0999999046325684,1,1500.0,1502.0,20.0,3.200000047683716,1,1500.0,1504.0,20.0,3.0999999046325684,1,1500.0,1501.0,20.0,3.0999999046325684,1,1500.0,1500.0,20.0,3.700000047683716,1,1500.0,1504.0,20.0,3.0999999046325684,1
2026-03-31 16:53:47,565.8,1500.0,1535.0,20.0,5.599999904632568,1,1500.0,1500.0,20.0,3.0999999046325684,1,1500.0,1501.0,20.0,3.0,1,1500.0,1499.0,20.0,3.0999999046325684,1,1500.0,1502.0,20.0,3.4000000953674316,1,1500.0,1503.0,20.0,3.0999999046325684,1
2026-03-31 16:53:48,566.53,1500.0,1568.0,20.0,2.9000000953674316,1,1500.0,1501.0,20.0,3.0999999046325684,1,1500.0,1500.0,20.0,3.0999999046325684,1,1500.0,1499.0,20.0,3.0999999046325684,1,1500.0,1490.0,20.0,3.4000000953674316,1,1500.0,1503.0,20.0,3.0999999046325684,1
2026-03-31 16:53:49,567.24,1500.0,1489.0,20.0,1.7000000476837158,1,1500.0,1501.0,20.0,3.0999999046325684,1,1500.0,1507.0,20.0,3.0999999046325684,1,1500.0,1499.0,20.0,3.0999999046325684,1,1500.0,1502.0,20.0,3.5999999046325684,1,1500.0,1503.0,20.0,3.0999999046325684,1
2026-03-31 16:53:49,567.98,1500.0,1410.0,20.0,3.0,1,1500.0,1500.0,20.0,3.0,1,1500.0,1498.0,20.0,2.9000000953674316,1,1500.0,1499.0,20.0,3.0999999046325684,1,1500.0,1498.0,20.0,3.299999952316284,1,1500.0,1503.0,20.0,3.0999999046325684,1
2026-03-31 16:53:50,568.71,1500.0,1572.0,20.0,5.599999904632568,1,1500.0,1500.0,20.0,3.0999999046325684,1,1500.0,1497.0,20.0,3.0,1,1500.0,1498.0,20.0,3.0999999046325684,1,1500.0,1492.0,20.0,3.5,1,1500.0,1503.0,20.0,3.0999999046325684,1
2026-03-31 16:53:51,569.42,1500.0,1590.0,20.0,3.9000000953674316,1,1500.0,1500.0,20.0,3.0999999046325684,1,1500.0,1507.0,20.0,3.0999999046325684,1,1500.0,1499.0,20.0,3.0999999046325684,1,1500.0,1505.0,20.0,3.5,1,1500.0,1504.0,20.0,3.0999999046325684,1
2026-03-31 16:53:51,570.12,1500.0,1414.0,20.0,2.200000047683716,1,1500.0,1501.0,20.0,3.0999999046325684,1,1500.0,1497.0,20.0,3.0999999046325684,1,1500.0,1500.0,20.0,3.0999999046325684,1,1500.0,1503.0,20.0,3.5,1,1500.0,1505.0,20.0,3.200000047683716,1
2026-03-31 16:53:52,570.83,1500.0,1532.0,20.0,6.400000095367432,1,1500.0,1501.0,20.0,3.0999999046325684,1,1500.0,1506.0,20.0,3.0999999046325684,1,1500.0,1501.0,20.0,3.0999999046325684,1,1500.0,1499.0,20.0,3.4000000953674316,1,1500.0,1503.0,20.0,3.0999999046325684,1
2026-03-31 16:53:53,571.56,1500.0,1584.0,20.0,4.300000190734863,1,1500.0,1501.0,20.0,3.0999999046325684,1,1500.0,1502.0,20.0,3.0,1,1500.0,1500.0,20.0,3.0999999046325684,1,1500.0,1494.0,20.0,3.4000000953674316,1,1500.0,1503.0,20.0,3.0999999046325684,1
2026-03-31 16:53:54,572.26,1500.0,1469.0,20.0,1.5,1,1500.0,1501.0,20.0,3.0999999046325684,1,1500.0,1496.0,20.0,3.0,1,1500.0,1503.0,20.0,3.0999999046325684,1,1500.0,1503.0,20.0,3.4000000953674316,1,1500.0,1503.0,20.0,3.0999999046325684,1
2026-03-31 16:53:54,572.97,1500.0,1473.0,20.0,4.699999809265137,1,1500.0,1501.0,20.0,3.0999999046325684,1,1500.0,1508.0,20.0,3.0999999046325684,1,1500.0,1500.0,20.0,3.0999999046325684,1,1500.0,1489.0,20.0,3.4000000953674316,1,1500.0,1504.0,20.0,3.0999999046325684,1
2026-03-31 16:53:55,573.71,1500.0,1566.0,20.0,3.200000047683716,1,1500.0,1502.0,20.0,3.0999999046325684,1,1500.0,1502.0,20.0,3.0999999046325684,1,1500.0,1499.0,20.0,3.0999999046325684,1,1500.0,1502.0,20.0,3.4000000953674316,1,1500.0,1504.0,20.0,3.0999999046325684,1
2026-03-31 16:53:56,574.43,1500.0,1445.0,20.0,1.2999999523162842,1,1500.0,1502.0,20.0,3.0999999046325684,1,1500.0,1493.0,20.0,3.0,1,1500.0,1499.0,20.0,3.0999999046325684,1,1500.0,1494.0,20.0,3.299999952316284,1,1500.0,1504.0,20.0,3.0999999046325684,1
2026-03-31 16:53:56,575.14,1500.0,1496.0,20.0,4.0,1,1500.0,1502.0,20.0,3.0999999046325684,1,1500.0,1503.0,20.0,3.0999999046325684,1,1500.0,1499.0,20.0,3.0999999046325684,1,1500.0,1495.0,20.0,3.5999999046325684,1,1500.0,1504.0,20.0,3.0999999046325684,1
2026-03-31 16:53:57,575.89,1500.0,1443.0,20.0,2.4000000953674316,1,1500.0,1501.0,20.0,3.0999999046325684,1,1500.0,1497.0,20.0,3.0,1,1500.0,1499.0,20.0,3.0999999046325684,1,1500.0,1488.0,20.0,3.4000000953674316,1,1500.0,1502.0,20.0,3.0999999046325684,1
2026-03-31 16:53:58,576.6,1500.0,1568.0,20.0,5.300000190734863,1,1500.0,1500.0,20.0,3.0999999046325684,1,1500.0,1503.0,20.0,3.200000047683716,1,1500.0,1501.0,20.0,3.0999999046325684,1,1500.0,1507.0,20.0,3.4000000953674316,1,1500.0,1504.0,20.0,3.0999999046325684,1
2026-03-31 16:53:59,577.31,1500.0,1547.0,20.0,2.5999999046325684,1,1500.0,1500.0,20.0,3.0999999046325684,1,1500.0,1505.0,20.0,3.0999999046325684,1,1500.0,1499.0,20.0,3.0999999046325684,1,1500.0,1488.0,20.0,3.299999952316284,1,1500.0,1503.0,20.0,3.0999999046325684,1
2026-03-31 16:53:59,578.03,1500.0,1419.0,20.0,1.100000023841858,1,1500.0,1501.0,20.0,3.0999999046325684,1,1500.0,1497.0,20.0,2.9000000953674316,1,1500.0,1500.0,20.0,3.0999999046325684,1,1500.0,1500.0,20.0,3.700000047683716,1,1500.0,1503.0,20.0,3.0999999046325684,1
2026-03-31 16:54:00,578.75,1500.0,1573.0,20.0,3.4000000953674316,1,1500.0,1501.0,20.0,3.0999999046325684,1,1500.0,1504.0,20.0,3.0999999046325684,1,1500.0,1502.0,20.0,3.200000047683716,1,1500.0,1487.0,20.0,3.4000000953674316,1,1500.0,1503.0,20.0,3.0999999046325684,1
2026-03-31 16:54:01,579.48,1500.0,1476.0,20.0,1.600000023841858,1,1500.0,1501.0,20.0,3.0999999046325684,1,1500.0,1498.0,20.0,3.0,1,1500.0,1501.0,20.0,3.200000047683716,1,1500.0,1502.0,20.0,3.5,1,1500.0,1503.0,20.0,3.0999999046325684,1
2026-03-31 16:54:01,580.2,1500.0,1436.0,20.0,4.5,1,1500.0,1501.0,20.0,3.0999999046325684,1,1500.0,1500.0,20.0,3.0999999046325684,1,1500.0,1499.0,20.0,3.200000047683716,1,1500.0,1489.0,20.0,3.200000047683716,1,1500.0,1503.0,20.0,3.0999999046325684,1
2026-03-31 16:54:02,580.9,1500.0,1563.0,20.0,5.300000190734863,1,1500.0,1501.0,20.0,3.0999999046325684,1,1500.0,1504.0,20.0,3.0,1,1500.0,1498.0,20.0,3.0999999046325684,1,1500.0,1500.0,20.0,3.700000047683716,1,1500.0,1502.0,20.0,3.0999999046325684,1
2026-03-31 16:54:03,581.66,1500.0,1537.0,20.0,2.299999952316284,1,1500.0,1501.0,20.0,3.0999999046325684,1,1500.0,1495.0,20.0,2.9000000953674316,1,1500.0,1498.0,20.0,3.0999999046325684,1,1500.0,1491.0,20.0,3.200000047683716,1,1500.0,1502.0,20.0,3.0999999046325684,1
2026-03-31 16:54:04,582.36,1500.0,1423.0,20.0,1.399999976158142,1,1500.0,1501.0,20.0,3.0999999046325684,1,1500.0,1502.0,20.0,3.200000047683716,1,1500.0,1498.0,20.0,3.0999999046325684,1,1500.0,1495.0,20.0,3.5,1,1500.0,1503.0,20.0,3.0999999046325684,1
2026-03-31 16:54:04,583.09,1500.0,1536.0,20.0,5.599999904632568,1,1500.0,1501.0,20.0,3.0999999046325684,1,1500.0,1502.0,20.0,3.0,1,1500.0,1502.0,20.0,3.0999999046325684,1,1500.0,1499.0,20.0,3.4000000953674316,1,1500.0,1504.0,20.0,3.0999999046325684,1
2026-03-31 16:54:05,583.8,1500.0,1536.0,20.0,2.4000000953674316,1,1500.0,1501.0,20.0,3.0999999046325684,1,1500.0,1497.0,20.0,3.0,1,1500.0,1502.0,20.0,3.0999999046325684,1,1500.0,1490.0,20.0,3.4000000953674316,1,1500.0,1503.0,20.0,3.0999999046325684,1
2026-03-31 16:54:06,584.52,1500.0,1438.0,20.0,2.700000047683716,1,1500.0,1501.0,20.0,3.0999999046325684,1,1500.0,1506.0,20.0,3.299999952316284,1,1500.0,1501.0,20.0,3.0999999046325684,1,1500.0,1501.0,20.0,3.4000000953674316,1,1500.0,1504.0,20.0,3.0999999046325684,1
2026-03-31 16:54:07,585.23,1500.0,1570.0,20.0,4.900000095367432,1,1500.0,1501.0,20.0,3.0999999046325684,1,1500.0,1505.0,20.0,3.0,1,1500.0,1501.0,20.0,3.0999999046325684,1,1500.0,1489.0,20.0,3.4000000953674316,1,1500.0,1503.0,20.0,3.0999999046325684,1
2026-03-31 16:54:07,585.94,1500.0,1530.0,20.0,2.200000047683716,1,1500.0,1501.0,20.0,3.0999999046325684,1,1500.0,1492.0,20.0,2.9000000953674316,1,1500.0,1498.0,20.0,3.0999999046325684,1,1500.0,1501.0,20.0,3.5,1,1500.0,1502.0,20.0,3.0999999046325684,1
2026-03-31 16:54:08,586.66,1500.0,1425.0,20.0,2.5,1,1500.0,1501.0,20.0,3.0999999046325684,1,1500.0,1505.0,20.0,3.299999952316284,1,1500.0,1499.0,20.0,3.0999999046325684,1,1500.0,1492.0,20.0,3.4000000953674316,1,1500.0,1505.0,20.0,3.200000047683716,1
2026-03-31 16:54:09,587.36,1500.0,1567.0,20.0,5.599999904632568,1,1500.0,1501.0,20.0,3.0999999046325684,1,1500.0,1505.0,20.0,3.0999999046325684,1,1500.0,1497.0,20.0,3.0999999046325684,1,1500.0,1503.0,20.0,3.5,1,1500.0,1504.0,20.0,3.0999999046325684,1
2026-03-31 16:54:09,588.08,1500.0,1577.0,20.0,3.200000047683716,1,1500.0,1501.0,20.0,3.0999999046325684,1,1500.0,1498.0,20.0,2.9000000953674316,1,1500.0,1498.0,20.0,3.0999999046325684,1,1500.0,1491.0,20.0,3.299999952316284,1,1500.0,1504.0,20.0,3.0999999046325684,1
2026-03-31 16:54:10,588.8,1500.0,1449.0,20.0,3.700000047683716,1,1500.0,1502.0,20.0,3.0999999046325684,1,1500.0,1504.0,20.0,3.0999999046325684,1,1500.0,1504.0,20.0,3.0999999046325684,1,1500.0,1500.0,20.0,3.299999952316284,1,1500.0,1503.0,20.0,3.0999999046325684,1
2026-03-31 16:54:11,589.51,1500.0,1579.0,20.0,4.400000095367432,1,1500.0,1501.0,20.0,3.0999999046325684,1,1500.0,1500.0,20.0,3.0,1,1500.0,1500.0,20.0,3.0999999046325684,1,1500.0,1495.0,20.0,3.5,1,1500.0,1503.0,20.0,3.0999999046325684,1
2026-03-31 16:54:12,590.24,1500.0,1477.0,20.0,1.600000023841858,1,1500.0,1500.0,20.0,3.0999999046325684,1,1500.0,1497.0,20.0,3.0,1,1500.0,1501.0,20.0,3.0999999046325684,1,1500.0,1501.0,20.0,3.4000000953674316,1,1500.0,1503.0,20.0,3.0999999046325684,1
2026-03-31 16:54:12,590.99,1500.0,1425.0,20.0,2.799999952316284,1,1500.0,1500.0,20.0,3.0999999046325684,1,1500.0,1506.0,20.0,3.0999999046325684,1,1500.0,1499.0,20.0,3.0999999046325684,1,1500.0,1490.0,20.0,3.4000000953674316,1,1500.0,1503.0,20.0,3.0999999046325684,1
2026-03-31 16:54:13,591.7,1500.0,1571.0,20.0,5.5,1,1500.0,1500.0,20.0,3.0999999046325684,1,1500.0,1499.0,20.0,3.0,1,1500.0,1500.0,20.0,3.0999999046325684,1,1500.0,1507.0,20.0,3.4000000953674316,1,1500.0,1503.0,20.0,3.0999999046325684,1
2026-03-31 16:54:14,592.41,1500.0,1572.0,20.0,3.299999952316284,1,1500.0,1501.0,20.0,3.0999999046325684,1,1500.0,1497.0,20.0,3.0,1,1500.0,1500.0,20.0,3.0999999046325684,1,1500.0,1486.0,20.0,3.299999952316284,1,1500.0,1503.0,20.0,3.0999999046325684,1
2026-03-31 16:54:14,593.12,1500.0,1507.0,20.0,5.199999809265137,1,1500.0,1501.0,20.0,3.0999999046325684,1,1500.0,1503.0,20.0,3.0,1,1500.0,1499.0,20.0,3.0999999046325684,1,1500.0,1489.0,20.0,3.4000000953674316,1,1500.0,1505.0,20.0,3.200000047683716,1
2026-03-31 16:54:15,593.83,1500.0,1564.0,20.0,2.9000000953674316,1,1500.0,1501.0,20.0,3.0999999046325684,1,1500.0,1497.0,20.0,3.0,1,1500.0,1501.0,20.0,3.0999999046325684,1,1500.0,1503.0,20.0,3.5999999046325684,1,1500.0,1503.0,20.0,3.0999999046325684,1
2026-03-31 16:54:16,594.58,1500.0,1418.0,20.0,2.5999999046325684,1,1500.0,1500.0,20.0,3.0,1,1500.0,1499.0,20.0,3.0999999046325684,1,1500.0,1501.0,20.0,3.0999999046325684,1,1500.0,1496.0,20.0,3.299999952316284,1,1500.0,1503.0,20.0,3.0999999046325684,1
2026-03-31 16:54:17,595.28,1500.0,1565.0,20.0,4.800000190734863,1,1500.0,1500.0,20.0,3.0,1,1500.0,1504.0,20.0,3.0999999046325684,1,1500.0,1501.0,20.0,3.0999999046325684,1,1500.0,1490.0,20.0,3.299999952316284,1,1500.0,1503.0,20.0,3.0999999046325684,1
2026-03-31 16:54:17,596.01,1500.0,1525.0,20.0,2.0999999046325684,1,1500.0,1500.0,20.0,3.0,1,1500.0,1502.0,20.0,3.0,1,1500.0,1501.0,20.0,3.0999999046325684,1,1500.0,1502.0,20.0,3.4000000953674316,1,1500.0,1503.0,20.0,3.0999999046325684,1
2026-03-31 16:54:18,596.72,1500.0,1433.0,20.0,3.4000000953674316,1,1500.0,1500.0,20.0,3.0999999046325684,1,1500.0,1497.0,20.0,3.0,1,1500.0,1500.0,20.0,3.0999999046325684,1,1500.0,1489.0,20.0,3.299999952316284,1,1500.0,1505.0,20.0,3.0999999046325684,1
2026-03-31 16:54:19,597.42,1500.0,1470.0,20.0,1.600000023841858,1,1500.0,1501.0,20.0,3.0999999046325684,1,1500.0,1504.0,20.0,3.0999999046325684,1,1500.0,1502.0,20.0,3.0999999046325684,1,1500.0,1491.0,20.0,3.299999952316284,1,1500.0,1505.0,20.0,3.0999999046325684,1
2026-03-31 16:54:19,598.14,1500.0,1476.0,20.0,5.699999809265137,1,1500.0,1501.0,20.0,3.0999999046325684,1,1500.0,1499.0,20.0,3.0,1,1500.0,1499.0,20.0,3.0999999046325684,1,1500.0,1503.0,20.0,3.5,1,1500.0,1504.0,20.0,3.0999999046325684,1
2026-03-31 16:54:20,598.85,1500.0,1561.0,20.0,3.0,1,1500.0,1502.0,20.0,3.0999999046325684,1,1500.0,1503.0,20.0,3.0999999046325684,1,1500.0,1500.0,20.0,3.0999999046325684,1,1500.0,1497.0,20.0,3.299999952316284,1,1500.0,1503.0,20.0,3.0999999046325684,1
2026-03-31 16:54:21,599.58,1500.0,1442.0,20.0,1.2999999523162842,1,1500.0,1502.0,20.0,3.0999999046325684,1,1500.0,1503.0,20.0,3.0,1,1500.0,1500.0,20.0,3.0999999046325684,1,1500.0,1498.0,20.0,3.4000000953674316,1,1500.0,1503.0,20.0,3.0999999046325684,1
2026-03-31 16:54:22,600.3,1500.0,1478.0,20.0,3.5999999046325684,1,1500.0,1501.0,20.0,3.0999999046325684,1,1500.0,1500.0,20.0,3.0999999046325684,1,1500.0,1500.0,20.0,3.0999999046325684,1,1500.0,1496.0,20.0,3.299999952316284,1,1500.0,1502.0,20.0,3.0999999046325684,1
2026-03-31 16:54:22,601.01,1500.0,1568.0,20.0,3.0,1,1500.0,1500.0,20.0,3.0999999046325684,1,1500.0,1505.0,20.0,3.0999999046325684,1,1500.0,1498.0,20.0,3.0999999046325684,1,1500.0,1496.0,20.0,3.5,1,1500.0,1503.0,20.0,3.0999999046325684,1
2026-03-31 16:54:23,601.73,1500.0,1428.0,20.0,1.5,1,1500.0,1500.0,20.0,3.0999999046325684,1,1500.0,1503.0,20.0,3.0999999046325684,1,1500.0,1499.0,20.0,3.0999999046325684,1,1500.0,1497.0,20.0,3.4000000953674316,1,1500.0,1505.0,20.0,3.0999999046325684,1
2026-03-31 16:54:24,602.44,1500.0,1540.0,20.0,5.400000095367432,1,1500.0,1500.0,20.0,3.0999999046325684,1,1500.0,1498.0,20.0,3.0,1,1500.0,1499.0,20.0,3.0999999046325684,1,1500.0,1493.0,20.0,3.5,1,1500.0,1504.0,20.0,3.0999999046325684,1
2026-03-31 16:54:24,603.14,1500.0,1510.0,20.0,2.0,1,1500.0,1501.0,20.0,3.0999999046325684,1,1500.0,1501.0,20.0,3.0999999046325684,1,1500.0,1501.0,20.0,3.0999999046325684,1,1500.0,1498.0,20.0,3.4000000953674316,1,1500.0,1504.0,20.0,3.0999999046325684,1
2026-03-31 16:54:25,603.86,1500.0,1430.0,20.0,3.0,1,1500.0,1501.0,20.0,3.0999999046325684,1,1500.0,1503.0,20.0,3.0,1,1500.0,1501.0,20.0,3.0999999046325684,1,1500.0,1491.0,20.0,3.4000000953674316,1,1500.0,1504.0,20.0,3.0999999046325684,1
2026-03-31 16:54:26,604.57,1500.0,1589.0,20.0,4.5,1,1500.0,1501.0,20.0,3.0999999046325684,1,1500.0,1497.0,20.0,2.9000000953674316,1,1500.0,1501.0,20.0,3.0999999046325684,1,1500.0,1506.0,20.0,3.5,1,1500.0,1502.0,20.0,3.0999999046325684,1
2026-03-31 16:54:27,605.28,1500.0,1538.0,20.0,2.299999952316284,1,1500.0,1503.0,20.0,3.0999999046325684,1,1500.0,1497.0,20.0,3.0999999046325684,1,1500.0,1499.0,20.0,3.200000047683716,1,1500.0,1492.0,20.0,3.200000047683716,1,1500.0,1503.0,20.0,3.0999999046325684,1
2026-03-31 16:54:27,605.98,1500.0,1420.0,20.0,2.4000000953674316,1,1500.0,1501.0,20.0,3.0999999046325684,1,1500.0,1505.0,20.0,3.0999999046325684,1,1500.0,1499.0,20.0,3.200000047683716,1,1500.0,1497.0,20.0,3.5999999046325684,1,1500.0,1504.0,20.0,3.200000047683716,1
2026-03-31 16:54:28,606.7,1500.0,1548.0,20.0,2.4000000953674316,1,1500.0,1502.0,20.0,3.0999999046325684,1,1500.0,1500.0,20.0,3.0,1,1500.0,1499.0,20.0,3.0999999046325684,1,1500.0,1493.0,20.0,3.4000000953674316,1,1500.0,1504.0,20.0,3.0999999046325684,1
2026-03-31 16:54:29,607.41,1500.0,1427.0,20.0,1.2000000476837158,1,1500.0,1502.0,20.0,3.0999999046325684,1,1500.0,1504.0,20.0,3.0,1,1500.0,1501.0,20.0,3.0999999046325684,1,1500.0,1498.0,20.0,3.299999952316284,1,1500.0,1503.0,20.0,3.0999999046325684,1
2026-03-31 16:54:29,608.1,1500.0,1481.0,20.0,4.0,1,1500.0,1502.0,20.0,3.0999999046325684,1,1500.0,1502.0,20.0,3.0,1,1500.0,1501.0,20.0,3.0999999046325684,1,1500.0,1488.0,20.0,3.299999952316284,1,1500.0,1503.0,20.0,3.0999999046325684,1
2026-03-31 16:54:30,608.83,1500.0,1584.0,20.0,3.700000047683716,1,1500.0,1502.0,20.0,3.0999999046325684,1,1500.0,1499.0,20.0,3.0,1,1500.0,1502.0,20.0,3.0999999046325684,1,1500.0,1504.0,20.0,3.4000000953674316,1,1500.0,1503.0,20.0,3.0999999046325684,1
2026-03-31 16:54:31,609.54,1500.0,1483.0,20.0,1.600000023841858,1,1500.0,1500.0,20.0,3.0999999046325684,1,1500.0,1500.0,20.0,3.0999999046325684,1,1500.0,1501.0,20.0,3.0999999046325684,1,1500.0,1489.0,20.0,3.200000047683716,1,1500.0,1503.0,20.0,3.0999999046325684,1
2026-03-31 16:54:32,610.24,1500.0,1384.0,20.0,1.100000023841858,1,1500.0,1500.0,20.0,3.0,1,1500.0,1502.0,20.0,3.0,1,1500.0,1499.0,20.0,3.0999999046325684,1,1500.0,1505.0,20.0,3.200000047683716,1,1500.0,1501.0,20.0,3.0999999046325684,1
2026-03-31 16:54:32,610.96,1500.0,1516.0,20.0,6.0,1,1500.0,1501.0,20.0,3.0999999046325684,1,1500.0,1497.0,20.0,3.0,1,1500.0,1499.0,20.0,3.0999999046325684,1,1500.0,1494.0,20.0,3.0999999046325684,1,1500.0,1502.0,20.0,3.0999999046325684,1
2026-03-31 16:54:33,611.67,1500.0,1576.0,20.0,3.5,1,1500.0,1501.0,20.0,3.0999999046325684,1,1500.0,1503.0,20.0,3.200000047683716,1,1500.0,1499.0,20.0,3.0999999046325684,1,1500.0,1500.0,20.0,2.9000000953674316,1,1500.0,1505.0,20.0,3.0999999046325684,1
2026-03-31 16:54:34,612.38,1500.0,1462.0,20.0,3.799999952316284,1,1500.0,1501.0,20.0,3.0999999046325684,1,1500.0,1497.0,20.0,2.9000000953674316,1,1500.0,1499.0,20.0,3.0999999046325684,1,1500.0,1492.0,20.0,3.0999999046325684,1,1500.0,1505.0,20.0,3.5,1
2026-03-31 16:54:34,613.09,1500.0,1562.0,20.0,2.799999952316284,1,1500.0,1501.0,20.0,3.0999999046325684,1,1500.0,1502.0,20.0,3.200000047683716,1,1500.0,1498.0,20.0,3.0999999046325684,1,1500.0,1504.0,20.0,2.9000000953674316,1,1500.0,1505.0,20.0,3.4000000953674316,1
2026-03-31 16:54:35,613.81,1500.0,1444.0,20.0,1.2999999523162842,1,1500.0,1501.0,20.0,3.0999999046325684,1,1500.0,1503.0,20.0,3.0,1,1500.0,1499.0,20.0,3.0999999046325684,1,1500.0,1504.0,20.0,3.200000047683716,1,1500.0,1504.0,20.0,3.4000000953674316,1
2026-03-31 16:54:36,614.53,1500.0,1507.0,20.0,5.400000095367432,1,1500.0,1499.0,20.0,3.0999999046325684,1,1500.0,1502.0,20.0,3.0,1,1500.0,1499.0,20.0,3.0999999046325684,1,1500.0,1491.0,20.0,3.0999999046325684,1,1500.0,1502.0,20.0,3.299999952316284,1
2026-03-31 16:54:37,615.24,1500.0,1560.0,20.0,2.700000047683716,1,1500.0,1501.0,20.0,3.0999999046325684,1,1500.0,1498.0,20.0,3.0,1,1500.0,1504.0,20.0,3.200000047683716,1,1500.0,1502.0,20.0,2.9000000953674316,1,1500.0,1503.0,20.0,3.299999952316284,1
2026-03-31 16:54:37,615.95,1500.0,1459.0,20.0,4.0,1,1500.0,1501.0,20.0,3.0999999046325684,1,1500.0,1502.0,20.0,3.0,1,1500.0,1500.0,20.0,3.0999999046325684,1,1500.0,1492.0,20.0,3.0999999046325684,1,1500.0,1506.0,20.0,3.4000000953674316,1
2026-03-31 16:54:38,616.67,1500.0,1581.0,20.0,3.5999999046325684,1,1500.0,1501.0,20.0,3.0999999046325684,1,1500.0,1498.0,20.0,3.0,1,1500.0,1499.0,20.0,3.0999999046325684,1,1500.0,1506.0,20.0,3.0,1,1500.0,1505.0,20.0,3.4000000953674316,1
2026-03-31 16:54:39,617.39,1500.0,1502.0,20.0,1.7999999523162842,1,1500.0,1502.0,20.0,3.200000047683716,1,1500.0,1504.0,20.0,3.0999999046325684,1,1500.0,1499.0,20.0,3.0,1,1500.0,1502.0,20.0,3.200000047683716,1,1500.0,1505.0,20.0,3.4000000953674316,1
2026-03-31 16:54:39,618.1,1500.0,1412.0,20.0,1.7999999523162842,1,1500.0,1501.0,20.0,3.0999999046325684,1,1500.0,1504.0,20.0,3.0999999046325684,1,1500.0,1505.0,20.0,3.0999999046325684,1,1500.0,1489.0,20.0,2.799999952316284,1,1500.0,1504.0,20.0,3.4000000953674316,1
2026-03-31 16:54:40,618.8,1500.0,1565.0,20.0,5.599999904632568,1,1500.0,1501.0,20.0,3.0999999046325684,1,1500.0,1498.0,20.0,3.0,1,1500.0,1500.0,20.0,3.0999999046325684,1,1500.0,1510.0,20.0,3.0999999046325684,1,1500.0,1502.0,20.0,3.4000000953674316,1
2026-03-31 16:54:41,619.52,1500.0,1587.0,20.0,3.5999999046325684,1,1500.0,1501.0,20.0,3.0999999046325684,1,1500.0,1497.0,20.0,3.0,1,1500.0,1501.0,20.0,3.200000047683716,1,1500.0,1492.0,20.0,3.0999999046325684,1,1500.0,1504.0,20.0,3.4000000953674316,1
2026-03-31 16:54:42,620.23,1500.0,1513.0,20.0,2.0,1,1500.0,1501.0,20.0,3.0999999046325684,1,1500.0,1502.0,20.0,3.0,1,1500.0,1501.0,20.0,3.200000047683716,1,1500.0,1498.0,20.0,2.799999952316284,1,1500.0,1505.0,20.0,3.4000000953674316,1
2026-03-31 16:54:42,620.95,1500.0,1414.0,20.0,1.7999999523162842,1,1500.0,1502.0,20.0,3.0999999046325684,1,1500.0,1504.0,20.0,3.0,1,1500.0,1500.0,20.0,3.200000047683716,1,1500.0,1506.0,20.0,3.299999952316284,1,1500.0,1503.0,20.0,3.4000000953674316,1
2026-03-31 16:54:43,621.66,1500.0,1562.0,20.0,4.900000095367432,1,1500.0,1501.0,20.0,3.0999999046325684,1,1500.0,1500.0,20.0,3.0,1,1500.0,1500.0,20.0,3.0999999046325684,1,1500.0,1491.0,20.0,3.0999999046325684,1,1500.0,1506.0,20.0,3.4000000953674316,1
2026-03-31 16:54:44,622.37,1500.0,1502.0,20.0,1.7999999523162842,1,1500.0,1501.0,20.0,3.0999999046325684,1,1500.0,1498.0,20.0,3.0999999046325684,1,1500.0,1500.0,20.0,3.0999999046325684,1,1500.0,1500.0,20.0,2.9000000953674316,1,1500.0,1505.0,20.0,3.4000000953674316,1
2026-03-31 16:54:44,623.09,1500.0,1400.0,20.0,2.0,1,1500.0,1501.0,20.0,3.0999999046325684,1,1500.0,1506.0,20.0,3.0999999046325684,1,1500.0,1503.0,20.0,3.200000047683716,1,1500.0,1505.0,20.0,3.299999952316284,1,1500.0,1504.0,20.0,3.4000000953674316,1
2026-03-31 16:54:45,623.8,1500.0,1559.0,20.0,5.300000190734863,1,1500.0,1501.0,20.0,3.0999999046325684,1,1500.0,1499.0,20.0,3.0,1,1500.0,1501.0,20.0,3.200000047683716,1,1500.0,1492.0,20.0,3.0,1,1500.0,1504.0,20.0,3.4000000953674316,1
2026-03-31 16:54:46,624.53,1500.0,1549.0,20.0,2.5,1,1500.0,1502.0,20.0,3.0999999046325684,1,1500.0,1499.0,20.0,3.0999999046325684,1,1500.0,1500.0,20.0,3.200000047683716,1,1500.0,1507.0,20.0,3.0,1,1500.0,1504.0,20.0,3.4000000953674316,1
2026-03-31 16:54:47,625.26,1500.0,1441.0,20.0,4.599999904632568,1,1500.0,1501.0,20.0,3.0999999046325684,1,1500.0,1498.0,20.0,3.0,1,1500.0,1499.0,20.0,3.0999999046325684,1,1500.0,1496.0,20.0,3.200000047683716,1,1500.0,1504.0,20.0,3.4000000953674316,1
2026-03-31 16:54:47,625.99,1500.0,1581.0,20.0,3.700000047683716,1,1500.0,1500.0,20.0,3.0999999046325684,1,1500.0,1499.0,20.0,3.0999999046325684,1,1500.0,1497.0,20.0,3.0,1,1500.0,1499.0,20.0,2.9000000953674316,1,1500.0,1503.0,20.0,3.299999952316284,1
2026-03-31 16:54:48,626.71,1500.0,1443.0,20.0,1.600000023841858,1,1500.0,1500.0,20.0,3.0999999046325684,1,1500.0,1506.0,20.0,3.0999999046325684,1,1500.0,1503.0,20.0,3.0999999046325684,1,1500.0,1512.0,20.0,3.299999952316284,1,1500.0,1506.0,20.0,3.299999952316284,1
2026-03-31 16:54:49,627.42,1500.0,1551.0,20.0,5.300000190734863,1,1500.0,1500.0,20.0,3.0999999046325684,1,1500.0,1499.0,20.0,3.0,1,1500.0,1503.0,20.0,3.200000047683716,1,1500.0,1495.0,20.0,3.200000047683716,1,1500.0,1505.0,20.0,3.299999952316284,1
2026-03-31 16:54:49,628.13,1500.0,1509.0,20.0,2.0,1,1500.0,1500.0,20.0,3.0999999046325684,1,1500.0,1499.0,20.0,3.0999999046325684,1,1500.0,1503.0,20.0,3.200000047683716,1,1500.0,1504.0,20.0,3.0,1,1500.0,1504.0,20.0,3.299999952316284,1
2026-03-31 16:54:50,628.84,1500.0,1459.0,20.0,4.0,1,1500.0,1500.0,20.0,3.0999999046325684,1,1500.0,1503.0,20.0,3.0999999046325684,1,1500.0,1497.0,20.0,3.200000047683716,1,1500.0,1503.0,20.0,3.200000047683716,1,1500.0,1504.0,20.0,3.4000000953674316,1
2026-03-31 16:54:51,629.56,1500.0,1583.0,20.0,4.0,1,1500.0,1500.0,20.0,3.0999999046325684,1,1500.0,1502.0,20.0,3.0999999046325684,1,1500.0,1498.0,20.0,3.200000047683716,1,1500.0,1494.0,20.0,3.0999999046325684,1,1500.0,1503.0,20.0,3.299999952316284,1
2026-03-31 16:54:52,630.27,1500.0,1558.0,20.0,5.300000190734863,1,1500.0,1500.0,20.0,3.0999999046325684,1,1500.0,1505.0,20.0,3.200000047683716,1,1500.0,1501.0,20.0,3.0999999046325684,1,1500.0,1501.0,20.0,3.200000047683716,1,1500.0,1501.0,20.0,3.299999952316284,1
2026-03-31 16:54:52,630.98,1500.0,1564.0,20.0,2.9000000953674316,1,1500.0,1500.0,20.0,3.0999999046325684,1,1500.0,1502.0,20.0,3.0,1,1500.0,1499.0,20.0,3.0999999046325684,1,1500.0,1489.0,20.0,3.0,1,1500.0,1506.0,20.0,3.4000000953674316,1
2026-03-31 16:54:53,631.71,1500.0,1443.0,20.0,1.2999999523162842,1,1500.0,1501.0,20.0,3.0999999046325684,1,1500.0,1498.0,20.0,3.0,1,1500.0,1499.0,20.0,3.0999999046325684,1,1500.0,1501.0,20.0,3.0,1,1500.0,1503.0,20.0,3.4000000953674316,1
2026-03-31 16:54:54,632.42,1500.0,1477.0,20.0,3.9000000953674316,1,1500.0,1500.0,20.0,3.0999999046325684,1,1500.0,1501.0,20.0,3.200000047683716,1,1500.0,1502.0,20.0,3.200000047683716,1,1500.0,1501.0,20.0,3.200000047683716,1,1500.0,1506.0,20.0,3.4000000953674316,1
2026-03-31 16:54:54,633.17,1500.0,1581.0,20.0,3.700000047683716,1,1500.0,1503.0,20.0,3.200000047683716,1,1500.0,1505.0,20.0,3.0999999046325684,1,1500.0,1502.0,20.0,3.0999999046325684,1,1500.0,1491.0,20.0,3.0,1,1500.0,1504.0,20.0,3.4000000953674316,1
2026-03-31 16:54:55,633.87,1500.0,1401.0,20.0,2.200000047683716,1,1500.0,1501.0,20.0,3.0999999046325684,1,1500.0,1503.0,20.0,3.0999999046325684,1,1500.0,1501.0,20.0,3.200000047683716,1,1500.0,1492.0,20.0,3.0999999046325684,1,1500.0,1505.0,20.0,3.4000000953674316,1
2026-03-31 16:54:56,634.59,1500.0,1576.0,20.0,4.900000095367432,1,1500.0,1501.0,20.0,3.0999999046325684,1,1500.0,1506.0,20.0,3.0999999046325684,1,1500.0,1498.0,20.0,3.200000047683716,1,1500.0,1501.0,20.0,2.799999952316284,1,1500.0,1502.0,20.0,3.299999952316284,1
2026-03-31 16:54:57,635.29,1500.0,1522.0,20.0,2.0,1,1500.0,1500.0,20.0,3.0999999046325684,1,1500.0,1492.0,20.0,3.0,1,1500.0,1499.0,20.0,3.0999999046325684,1,1500.0,1507.0,20.0,3.299999952316284,1,1500.0,1505.0,20.0,3.4000000953674316,1
2026-03-31 16:54:57,636.0,1500.0,1422.0,20.0,1.100000023841858,1,1500.0,1500.0,20.0,3.0999999046325684,1,1500.0,1507.0,20.0,3.200000047683716,1,1500.0,1497.0,20.0,3.0999999046325684,1,1500.0,1495.0,20.0,3.0999999046325684,1,1500.0,1503.0,20.0,3.4000000953674316,1
2026-03-31 16:54:58,636.71,1500.0,1485.0,20.0,5.300000190734863,1,1500.0,1501.0,20.0,3.0999999046325684,1,1500.0,1503.0,20.0,3.0,1,1500.0,1497.0,20.0,3.0,1,1500.0,1504.0,20.0,3.0,1,1500.0,1501.0,20.0,3.299999952316284,1
2026-03-31 16:54:59,637.44,1500.0,1569.0,20.0,3.0,1,1500.0,1502.0,20.0,3.0999999046325684,1,1500.0,1498.0,20.0,3.0,1,1500.0,1501.0,20.0,3.0999999046325684,1,1500.0,1498.0,20.0,3.200000047683716,1,1500.0,1504.0,20.0,3.299999952316284,1
2026-03-31 16:54:59,638.16,1500.0,1481.0,20.0,1.600000023841858,1,1500.0,1501.0,20.0,3.0999999046325684,1,1500.0,1498.0,20.0,3.0999999046325684,1,1500.0,1505.0,20.0,3.200000047683716,1,1500.0,1493.0,20.0,3.0,1,1500.0,1505.0,20.0,3.4000000953674316,1
2026-03-31 16:55:00,638.88,1500.0,1382.0,20.0,1.2000000476837158,1,1500.0,1500.0,20.0,3.0999999046325684,1,1500.0,1502.0,20.0,3.0999999046325684,1,1500.0,1501.0,20.0,3.200000047683716,1,1500.0,1506.0,20.0,3.0999999046325684,1,1500.0,1503.0,20.0,3.4000000953674316,1
2026-03-31 16:55:01,639.59,1500.0,1564.0,20.0,4.800000190734863,1,1500.0,1500.0,20.0,3.0999999046325684,1,1500.0,1504.0,20.0,3.0999999046325684,1,1500.0,1501.0,20.0,3.200000047683716,1,1500.0,1501.0,20.0,3.299999952316284,1,1500.0,1503.0,20.0,3.4000000953674316,1
2026-03-31 16:55:02,640.31,1500.0,1484.0,20.0,1.600000023841858,1,1500.0,1500.0,20.0,3.0999999046325684,1,1500.0,1499.0,20.0,2.9000000953674316,1,1500.0,1501.0,20.0,3.200000047683716,1,1500.0,1492.0,20.0,2.9000000953674316,1,1500.0,1505.0,20.0,3.299999952316284,1
2026-03-31 16:55:02,641.03,1500.0,1412.0,20.0,1.100000023841858,1,1500.0,1498.0,20.0,3.0,1,1500.0,1495.0,20.0,2.9000000953674316,1,1500.0,1498.0,20.0,3.0999999046325684,1,1500.0,1508.0,20.0,3.0999999046325684,1,1500.0,1505.0,20.0,3.4000000953674316,1
2026-03-31 16:55:03,641.74,1500.0,1447.0,20.0,4.699999809265137,1,1500.0,1501.0,20.0,3.0999999046325684,1,1500.0,1503.0,20.0,3.0999999046325684,1,1500.0,1500.0,20.0,3.0999999046325684,1,1500.0,1494.0,20.0,3.0999999046325684,1,1500.0,1504.0,20.0,3.4000000953674316,1
2026-03-31 16:55:04,642.45,1500.0,1577.0,20.0,3.799999952316284,1,1500.0,1500.0,20.0,3.0999999046325684,1,1500.0,1503.0,20.0,3.0,1,1500.0,1499.0,20.0,2.9000000953674316,1,1500.0,1506.0,20.0,3.0,1,1500.0,1505.0,20.0,3.4000000953674316,1
2026-03-31 16:55:04,643.15,1500.0,1479.0,20.0,1.600000023841858,1,1500.0,1503.0,20.0,3.0999999046325684,1,1500.0,1499.0,20.0,3.0,1,1500.0,1503.0,20.0,3.0999999046325684,1,1500.0,1501.0,20.0,3.200000047683716,1,1500.0,1501.0,20.0,3.299999952316284,1
2026-03-31 16:55:05,643.86,1500.0,1582.0,20.0,3.700000047683716,1,1500.0,1502.0,20.0,3.0999999046325684,1,1500.0,1502.0,20.0,3.0,1,1500.0,1502.0,20.0,3.0999999046325684,1,1500.0,1511.0,20.0,3.299999952316284,1,1500.0,1503.0,20.0,3.299999952316284,1
2026-03-31 16:55:06,644.59,1500.0,1480.0,20.0,1.600000023841858,1,1500.0,1502.0,20.0,3.0999999046325684,1,1500.0,1504.0,20.0,3.0,1,1500.0,1500.0,20.0,3.200000047683716,1,1500.0,1490.0,20.0,3.0999999046325684,1,1500.0,1503.0,20.0,3.299999952316284,1
2026-03-31 16:55:07,645.31,1500.0,1421.0,20.0,3.799999952316284,1,1500.0,1502.0,20.0,3.0999999046325684,1,1500.0,1494.0,20.0,2.9000000953674316,1,1500.0,1499.0,20.0,3.200000047683716,1,1500.0,1502.0,20.0,2.9000000953674316,1,1500.0,1503.0,20.0,3.299999952316284,1
2026-03-31 16:55:07,646.03,1500.0,1564.0,20.0,5.800000190734863,1,1500.0,1501.0,20.0,3.0999999046325684,1,1500.0,1502.0,20.0,3.200000047683716,1,1500.0,1498.0,20.0,3.0999999046325684,1,1500.0,1501.0,20.0,3.0999999046325684,1,1500.0,1504.0,20.0,3.4000000953674316,1
2026-03-31 16:55:08,646.75,1500.0,1576.0,20.0,3.200000047683716,1,1500.0,1503.0,20.0,3.200000047683716,1,1500.0,1505.0,20.0,3.0999999046325684,1,1500.0,1498.0,20.0,3.0999999046325684,1,1500.0,1496.0,20.0,3.0999999046325684,1,1500.0,1504.0,20.0,3.299999952316284,1
2026-03-31 16:55:09,647.47,1500.0,1476.0,20.0,1.600000023841858,1,1500.0,1501.0,20.0,3.200000047683716,1,1500.0,1503.0,20.0,3.0,1,1500.0,1499.0,20.0,3.0,1,1500.0,1493.0,20.0,3.0,1,1500.0,1506.0,20.0,3.4000000953674316,1
2026-03-31 16:55:09,648.2,1500.0,1545.0,20.0,6.0,1,1500.0,1501.0,20.0,3.0,1,1500.0,1501.0,20.0,3.200000047683716,1,1500.0,1502.0,20.0,3.0999999046325684,1,1500.0,1491.0,20.0,3.0999999046325684,1,1500.0,1503.0,20.0,3.4000000953674316,1
2026-03-31 16:55:10,648.94,1500.0,1548.0,20.0,2.5999999046325684,1,1500.0,1501.0,20.0,3.0,1,1500.0,1504.0,20.0,3.0999999046325684,1,1500.0,1499.0,20.0,3.0999999046325684,1,1500.0,1494.0,20.0,2.700000047683716,1,1500.0,1504.0,20.0,3.4000000953674316,1
2026-03-31 16:55:11,649.67,1500.0,1425.0,20.0,1.2000000476837158,1,1500.0,1501.0,20.0,3.0,1,1500.0,1497.0,20.0,2.9000000953674316,1,1500.0,1499.0,20.0,3.0999999046325684,1,1500.0,1509.0,20.0,3.299999952316284,1,1500.0,1502.0,20.0,3.299999952316284,1
2026-03-31 16:55:12,650.41,1500.0,1467.0,20.0,4.699999809265137,1,1500.0,1500.0,20.0,3.0,1,1500.0,1498.0,20.0,3.0999999046325684,1,1500.0,1498.0,20.0,3.0999999046325684,1,1500.0,1488.0,20.0,2.9000000953674316,1,1500.0,1506.0,20.0,3.299999952316284,1
2026-03-31 16:55:12,651.12,1500.0,1560.0,20.0,3.0999999046325684,1,1500.0,1500.0,20.0,3.0,1,1500.0,1508.0,20.0,3.0999999046325684,1,1500.0,1499.0,20.0,3.0999999046325684,1,1500.0,1510.0,20.0,3.0,1,1500.0,1506.0,20.0,3.4000000953674316,1
2026-03-31 16:55:13,651.83,1500.0,1430.0,20.0,1.2000000476837158,1,1500.0,1500.0,20.0,3.0,1,1500.0,1495.0,20.0,3.0,1,1500.0,1504.0,20.0,3.200000047683716,1,1500.0,1496.0,20.0,3.0999999046325684,1,1500.0,1506.0,20.0,3.4000000953674316,1
2026-03-31 16:55:14,652.54,1500.0,1556.0,20.0,2.700000047683716,1,1500.0,1502.0,20.0,3.0999999046325684,1,1500.0,1508.0,20.0,3.200000047683716,1,1500.0,1499.0,20.0,3.0999999046325684,1,1500.0,1509.0,20.0,3.299999952316284,1,1500.0,1505.0,20.0,3.4000000953674316,1
2026-03-31 16:55:15,653.26,1500.0,1455.0,20.0,1.399999976158142,1,1500.0,1501.0,20.0,3.0999999046325684,1,1500.0,1501.0,20.0,3.0,1,1500.0,1499.0,20.0,3.0999999046325684,1,1500.0,1492.0,20.0,3.0,1,1500.0,1502.0,20.0,3.4000000953674316,1
2026-03-31 16:55:15,653.99,1500.0,1455.0,20.0,4.400000095367432,1,1500.0,1500.0,20.0,3.0999999046325684,1,1500.0,1494.0,20.0,3.0,1,1500.0,1496.0,20.0,3.0999999046325684,1,1500.0,1497.0,20.0,2.799999952316284,1,1500.0,1503.0,20.0,3.299999952316284,1
2026-03-31 16:55:16,654.7,1500.0,1583.0,20.0,3.700000047683716,1,1500.0,1501.0,20.0,3.0999999046325684,1,1500.0,1506.0,20.0,3.200000047683716,1,1500.0,1501.0,20.0,3.0999999046325684,1,1500.0,1503.0,20.0,3.299999952316284,1,1500.0,1503.0,20.0,3.299999952316284,1
2026-03-31 16:55:17,655.41,1500.0,1449.0,20.0,1.399999976158142,1,1500.0,1501.0,20.0,3.0999999046325684,1,1500.0,1504.0,20.0,3.0999999046325684,1,1500.0,1501.0,20.0,3.0999999046325684,1,1500.0,1487.0,20.0,2.9000000953674316,1,1500.0,1502.0,20.0,3.299999952316284,1
2026-03-31 16:55:17,656.14,1500.0,1428.0,20.0,4.400000095367432,1,1500.0,1501.0,20.0,3.0999999046325684,1,1500.0,1497.0,20.0,3.0999999046325684,1,1500.0,1501.0,20.0,3.0999999046325684,1,1500.0,1510.0,20.0,3.0999999046325684,1,1500.0,1504.0,20.0,3.299999952316284,1
2026-03-31 16:55:18,656.85,1500.0,1586.0,20.0,4.900000095367432,1,1500.0,1501.0,20.0,3.0999999046325684,1,1500.0,1503.0,20.0,3.0999999046325684,1,1500.0,1502.0,20.0,3.200000047683716,1,1500.0,1490.0,20.0,3.200000047683716,1,1500.0,1506.0,20.0,3.4000000953674316,1
2026-03-31 16:55:19,657.57,1500.0,1550.0,20.0,2.5,1,1500.0,1501.0,20.0,3.0999999046325684,1,1500.0,1506.0,20.0,3.0999999046325684,1,1500.0,1500.0,20.0,3.200000047683716,1,1500.0,1501.0,20.0,2.9000000953674316,1,1500.0,1506.0,20.0,3.4000000953674316,1
2026-03-31 16:55:20,658.27,1500.0,1461.0,20.0,1.399999976158142,1,1500.0,1500.0,20.0,3.0999999046325684,1,1500.0,1500.0,20.0,3.0,1,1500.0,1499.0,20.0,3.0999999046325684,1,1500.0,1503.0,20.0,3.299999952316284,1,1500.0,1505.0,20.0,3.4000000953674316,1
2026-03-31 16:55:20,658.98,1500.0,1465.0,20.0,4.300000190734863,1,1500.0,1500.0,20.0,3.0999999046325684,1,1500.0,1499.0,20.0,3.0999999046325684,1,1500.0,1501.0,20.0,3.0999999046325684,1,1500.0,1490.0,20.0,3.0,1,1500.0,1503.0,20.0,3.299999952316284,1
2026-03-31 16:55:21,659.69,1500.0,1563.0,20.0,2.9000000953674316,1,1500.0,1502.0,20.0,3.0999999046325684,1,1500.0,1505.0,20.0,3.0999999046325684,1,1500.0,1499.0,20.0,3.0999999046325684,1,1500.0,1507.0,20.0,3.0,1,1500.0,1507.0,20.0,3.5,1
2026-03-31 16:55:22,660.4,1500.0,1452.0,20.0,1.399999976158142,1,1500.0,1501.0,20.0,3.0999999046325684,1,1500.0,1503.0,20.0,3.0,1,1500.0,1499.0,20.0,3.0999999046325684,1,1500.0,1497.0,20.0,3.200000047683716,1,1500.0,1503.0,20.0,3.4000000953674316,1
2026-03-31 16:55:22,661.11,1500.0,1452.0,20.0,5.099999904632568,1,1500.0,1498.0,20.0,3.0,1,1500.0,1497.0,20.0,3.0,1,1500.0,1502.0,20.0,3.0999999046325684,1,1500.0,1495.0,20.0,2.9000000953674316,1,1500.0,1503.0,20.0,3.4000000953674316,1
2026-03-31 16:55:23,661.82,1500.0,1562.0,20.0,2.700000047683716,1,1500.0,1501.0,20.0,3.0999999046325684,1,1500.0,1506.0,20.0,3.0999999046325684,1,1500.0,1502.0,20.0,3.0999999046325684,1,1500.0,1489.0,20.0,2.9000000953674316,1,1500.0,1504.0,20.0,3.4000000953674316,1
2026-03-31 16:55:24,662.53,1500.0,1440.0,20.0,2.0999999046325684,1,1500.0,1501.0,20.0,3.0999999046325684,1,1500.0,1501.0,20.0,3.0999999046325684,1,1500.0,1502.0,20.0,3.200000047683716,1,1500.0,1512.0,20.0,3.0999999046325684,1,1500.0,1504.0,20.0,3.4000000953674316,1
2026-03-31 16:55:25,663.23,1500.0,1575.0,20.0,5.0,1,1500.0,1500.0,20.0,3.0999999046325684,1,1500.0,1498.0,20.0,3.0999999046325684,1,1500.0,1501.0,20.0,3.200000047683716,1,1500.0,1494.0,20.0,3.200000047683716,1,1500.0,1504.0,20.0,3.299999952316284,1
2026-03-31 16:55:25,663.95,1500.0,1567.0,20.0,2.799999952316284,1,1500.0,1500.0,20.0,3.0999999046325684,1,1500.0,1506.0,20.0,3.0999999046325684,1,1500.0,1497.0,20.0,3.0999999046325684,1,1500.0,1494.0,20.0,2.799999952316284,1,1500.0,1505.0,20.0,3.4000000953674316,1
2026-03-31 16:55:26,664.66,1500.0,1422.0,20.0,1.7000000476837158,1,1500.0,1501.0,20.0,3.0999999046325684,1,1500.0,1503.0,20.0,3.0999999046325684,1,1500.0,1499.0,20.0,3.0999999046325684,1,1500.0,1512.0,20.0,3.299999952316284,1,1500.0,1503.0,20.0,3.299999952316284,1
2026-03-31 16:55:27,665.36,1500.0,1550.0,20.0,5.5,1,1500.0,1501.0,20.0,3.0999999046325684,1,1500.0,1495.0,20.0,3.0999999046325684,1,1500.0,1501.0,20.0,3.0999999046325684,1,1500.0,1486.0,20.0,2.9000000953674316,1,1500.0,1504.0,20.0,3.4000000953674316,1
2026-03-31 16:55:27,666.06,1500.0,1538.0,20.0,2.299999952316284,1,1500.0,1501.0,20.0,3.0999999046325684,1,1500.0,1503.0,20.0,3.0999999046325684,1,1500.0,1497.0,20.0,3.0999999046325684,1,1500.0,1508.0,20.0,3.0,1,1500.0,1500.0,20.0,3.200000047683716,1
2026-03-31 16:55:28,666.79,1500.0,1393.0,20.0,1.7000000476837158,1,1500.0,1499.0,20.0,3.0999999046325684,1,1500.0,1500.0,20.0,3.0,1,1500.0,1503.0,20.0,3.0999999046325684,1,1500.0,1496.0,20.0,2.9000000953674316,1,1500.0,1504.0,20.0,3.4000000953674316,1
2026-03-31 16:55:29,667.5,1500.0,1573.0,20.0,5.400000095367432,1,1500.0,1501.0,20.0,3.0999999046325684,1,1500.0,1498.0,20.0,3.0,1,1500.0,1500.0,20.0,3.0999999046325684,1,1500.0,1503.0,20.0,3.0999999046325684,1,1500.0,1505.0,20.0,3.4000000953674316,1
2026-03-31 16:55:29,668.21,1500.0,1569.0,20.0,3.0999999046325684,1,1500.0,1501.0,20.0,3.0999999046325684,1,1500.0,1498.0,20.0,3.0999999046325684,1,1500.0,1499.0,20.0,3.0999999046325684,1,1500.0,1495.0,20.0,3.0999999046325684,1,1500.0,1501.0,20.0,3.299999952316284,1
2026-03-31 16:55:30,668.92,1500.0,1457.0,20.0,1.399999976158142,1,1500.0,1500.0,20.0,3.0999999046325684,1,1500.0,1505.0,20.0,3.0999999046325684,1,1500.0,1499.0,20.0,3.200000047683716,1,1500.0,1503.0,20.0,3.0,1,1500.0,1504.0,20.0,3.299999952316284,1
2026-03-31 16:55:31,669.65,1500.0,1465.0,20.0,5.400000095367432,1,1500.0,1500.0,20.0,3.0999999046325684,1,1500.0,1504.0,20.0,3.0999999046325684,1,1500.0,1498.0,20.0,3.200000047683716,1,1500.0,1501.0,20.0,3.200000047683716,1,1500.0,1504.0,20.0,3.5,1
2026-03-31 16:55:32,670.36,1500.0,1511.0,20.0,2.0,1,1500.0,1501.0,20.0,3.0999999046325684,1,1500.0,1496.0,20.0,3.0999999046325684,1,1500.0,1502.0,20.0,3.0999999046325684,1,1500.0,1501.0,20.0,3.0,1,1500.0,1504.0,20.0,3.4000000953674316,1
2026-03-31 16:55:32,671.09,1500.0,1440.0,20.0,3.799999952316284,1,1500.0,1502.0,20.0,3.0999999046325684,1,1500.0,1505.0,20.0,3.0999999046325684,1,1500.0,1503.0,20.0,3.200000047683716,1,1500.0,1501.0,20.0,3.200000047683716,1,1500.0,1504.0,20.0,3.4000000953674316,1
2026-03-31 16:55:33,671.79,1500.0,1586.0,20.0,4.099999904632568,1,1500.0,1501.0,20.0,3.0999999046325684,1,1500.0,1505.0,20.0,3.0999999046325684,1,1500.0,1499.0,20.0,3.0999999046325684,1,1500.0,1494.0,20.0,3.200000047683716,1,1500.0,1504.0,20.0,3.4000000953674316,1
2026-03-31 16:55:34,672.53,1500.0,1507.0,20.0,1.899999976158142,1,1500.0,1500.0,20.0,3.0999999046325684,1,1500.0,1499.0,20.0,3.0,1,1500.0,1497.0,20.0,3.0999999046325684,1,1500.0,1503.0,20.0,2.9000000953674316,1,1500.0,1503.0,20.0,3.4000000953674316,1
2026-03-31 16:55:35,673.23,1500.0,1403.0,20.0,1.0,1,1500.0,1500.0,20.0,3.0999999046325684,1,1500.0,1499.0,20.0,3.0999999046325684,1,1500.0,1498.0,20.0,3.0999999046325684,1,1500.0,1506.0,20.0,3.200000047683716,1,1500.0,1503.0,20.0,3.299999952316284,1
2026-03-31 16:55:35,673.94,1500.0,1487.0,20.0,5.5,1,1500.0,1500.0,20.0,3.0999999046325684,1,1500.0,1503.0,20.0,3.0999999046325684,1,1500.0,1501.0,20.0,3.0999999046325684,1,1500.0,1488.0,20.0,3.0,1,1500.0,1506.0,20.0,3.4000000953674316,1
2026-03-31 16:55:36,674.66,1500.0,1589.0,20.0,4.599999904632568,1,1500.0,1501.0,20.0,3.0999999046325684,1,1500.0,1501.0,20.0,3.0,1,1500.0,1501.0,20.0,3.0999999046325684,1,1500.0,1515.0,20.0,3.200000047683716,1,1500.0,1502.0,20.0,3.4000000953674316,1
2026-03-31 16:55:37,675.38,1500.0,1522.0,20.0,2.0999999046325684,1,1500.0,1499.0,20.0,3.0999999046325684,1,1500.0,1495.0,20.0,3.0,1,1500.0,1502.0,20.0,3.0999999046325684,1,1500.0,1497.0,20.0,3.200000047683716,1,1500.0,1504.0,20.0,3.4000000953674316,1
2026-03-31 16:55:37,676.11,1500.0,1406.0,20.0,1.7000000476837158,1,1500.0,1500.0,20.0,3.0999999046325684,1,1500.0,1502.0,20.0,3.0999999046325684,1,1500.0,1502.0,20.0,3.200000047683716,1,1500.0,1492.0,20.0,2.799999952316284,1,1500.0,1501.0,20.0,3.299999952316284,1
2026-03-31 16:55:38,676.82,1500.0,1528.0,20.0,6.0,1,1500.0,1499.0,20.0,3.0,1,1500.0,1507.0,20.0,3.0999999046325684,1,1500.0,1500.0,20.0,3.0999999046325684,1,1500.0,1511.0,20.0,3.299999952316284,1,1500.0,1505.0,20.0,3.299999952316284,1
2026-03-31 16:55:39,677.59,1500.0,1594.0,20.0,4.199999809265137,1,1500.0,1499.0,20.0,3.0,1,1500.0,1501.0,20.0,3.0,1,1500.0,1497.0,20.0,3.0999999046325684,1,1500.0,1492.0,20.0,3.0999999046325684,1,1500.0,1507.0,20.0,3.4000000953674316,1
2026-03-31 16:55:40,678.33,1500.0,1550.0,20.0,2.5,1,1500.0,1502.0,20.0,3.0999999046325684,1,1500.0,1498.0,20.0,3.0,1,1500.0,1498.0,20.0,3.0999999046325684,1,1500.0,1506.0,20.0,3.0,1,1500.0,1502.0,20.0,3.299999952316284,1
2026-03-31 16:55:40,679.05,1500.0,1429.0,20.0,1.2000000476837158,1,1500.0,1500.0,20.0,3.0999999046325684,1,1500.0,1500.0,20.0,3.0,1,1500.0,1501.0,20.0,3.0999999046325684,1,1500.0,1500.0,20.0,3.200000047683716,1,1500.0,1504.0,20.0,3.4000000953674316,1
2026-03-31 16:55:41,679.78,1500.0,1435.0,20.0,3.9000000953674316,1,1500.0,1501.0,20.0,3.0999999046325684,1,1500.0,1506.0,20.0,3.0,1,1500.0,1504.0,20.0,3.200000047683716,1,1500.0,1492.0,20.0,2.799999952316284,1,1500.0,1502.0,20.0,3.299999952316284,1
2026-03-31 16:55:42,680.5,1500.0,1516.0,20.0,2.0,1,1500.0,1500.0,20.0,3.0,1,1500.0,1500.0,20.0,3.0999999046325684,1,1500.0,1499.0,20.0,3.0999999046325684,1,1500.0,1502.0,20.0,3.200000047683716,1,1500.0,1506.0,20.0,3.4000000953674316,1
2026-03-31 16:55:42,681.21,1500.0,1570.0,20.0,5.300000190734863,1,1500.0,1500.0,20.0,3.0,1,1500.0,1499.0,20.0,2.9000000953674316,1,1500.0,1498.0,20.0,3.0999999046325684,1,1500.0,1508.0,20.0,3.299999952316284,1,1500.0,1503.0,20.0,3.4000000953674316,1
2026-03-31 16:55:43,681.94,1500.0,1553.0,20.0,2.5999999046325684,1,1500.0,1501.0,20.0,3.0,1,1500.0,1494.0,20.0,2.9000000953674316,1,1500.0,1500.0,20.0,3.0,1,1500.0,1491.0,20.0,3.0999999046325684,1,1500.0,1503.0,20.0,3.4000000953674316,1
2026-03-31 16:55:43,682.18,1500.0,1553.0,20.0,2.5999999046325684,1,1500.0,1501.0,20.0,3.0,1,1500.0,1494.0,20.0,2.9000000953674316,1,1500.0,1500.0,20.0,3.0,1,1500.0,1491.0,20.0,3.0999999046325684,1,1500.0,1503.0,20.0,3.4000000953674316,1
2026-03-31 16:55:44,0.15,2000.0,1553.0,20.0,2.5999999046325684,1,2000.0,1501.0,20.0,3.0,1,2000.0,1494.0,20.0,2.9000000953674316,1,2000.0,1500.0,20.0,3.0,1,2000.0,1491.0,20.0,3.0999999046325684,1,2000.0,1503.0,20.0,3.4000000953674316,1
2026-03-31 16:55:44,0.87,2000.0,1430.0,20.0,1.2000000476837158,1,2000.0,1501.0,20.0,3.0,1,2000.0,1502.0,20.0,3.0999999046325684,1,2000.0,1501.0,20.0,3.0999999046325684,1,2000.0,1507.0,20.0,3.0,1,2000.0,1504.0,20.0,3.4000000953674316,1
2026-03-31 16:55:45,1.58,2000.0,1431.0,20.0,3.5999999046325684,1,2000.0,1502.0,20.0,3.0,1,2000.0,1505.0,20.0,3.0,1,2000.0,1500.0,20.0,3.0999999046325684,1,2000.0,1505.0,20.0,3.200000047683716,1,2000.0,1505.0,20.0,3.4000000953674316,1
2026-03-31 16:55:46,2.31,2000.0,1538.0,20.0,2.700000047683716,1,2000.0,1512.0,20.0,3.200000047683716,1,2000.0,1504.0,20.0,3.0,1,2000.0,1504.0,20.0,3.200000047683716,1,2000.0,1506.0,20.0,3.0999999046325684,1,2000.0,1513.0,20.0,3.4000000953674316,1
2026-03-31 16:55:47,3.03,2000.0,1530.0,20.0,3.4000000953674316,1,2000.0,1515.0,20.0,3.0999999046325684,1,2000.0,1514.0,20.0,3.0,1,2000.0,1520.0,20.0,3.200000047683716,1,2000.0,1511.0,20.0,3.0,1,2000.0,1526.0,20.0,4.199999809265137,1
2026-03-31 16:55:47,3.74,2000.0,1511.0,20.0,3.0999999046325684,1,2000.0,1509.0,20.0,2.799999952316284,1,2000.0,1525.0,20.0,3.0999999046325684,1,2000.0,1520.0,20.0,3.200000047683716,1,2000.0,1513.0,20.0,3.0,1,2000.0,1529.0,20.0,3.5999999046325684,1
2026-03-31 16:55:48,4.47,2000.0,1504.0,20.0,2.700000047683716,1,2000.0,1528.0,20.0,3.200000047683716,1,2000.0,1522.0,20.0,3.0999999046325684,1,2000.0,1528.0,20.0,3.200000047683716,1,2000.0,1527.0,20.0,3.200000047683716,1,2000.0,1529.0,20.0,3.4000000953674316,1
2026-03-31 16:55:49,5.19,2000.0,1552.0,20.0,3.5999999046325684,1,2000.0,1535.0,20.0,3.200000047683716,1,2000.0,1535.0,20.0,3.0999999046325684,1,2000.0,1529.0,20.0,3.299999952316284,1,2000.0,1529.0,20.0,3.200000047683716,1,2000.0,1535.0,20.0,3.4000000953674316,1
2026-03-31 16:55:49,5.93,2000.0,1551.0,20.0,3.200000047683716,1,2000.0,1548.0,20.0,3.200000047683716,1,2000.0,1543.0,20.0,3.0999999046325684,1,2000.0,1543.0,20.0,3.299999952316284,1,2000.0,1548.0,20.0,3.200000047683716,1,2000.0,1548.0,20.0,3.4000000953674316,1
2026-03-31 16:55:50,6.65,2000.0,1546.0,20.0,3.0,1,2000.0,1361.0,20.0,2.200000047683716,1,2000.0,1558.0,20.0,3.200000047683716,1,2000.0,1550.0,20.0,3.200000047683716,1,2000.0,1560.0,20.0,3.299999952316284,1,2000.0,1558.0,20.0,3.4000000953674316,1
2026-03-31 16:55:51,7.39,2000.0,1562.0,20.0,3.0,1,2000.0,1561.0,20.0,3.5999999046325684,1,2000.0,1559.0,20.0,3.0999999046325684,1,2000.0,1560.0,20.0,3.299999952316284,1,2000.0,1561.0,20.0,3.200000047683716,1,2000.0,1568.0,20.0,3.5999999046325684,1
2026-03-31 16:55:52,8.1,2000.0,1576.0,20.0,3.200000047683716,1,2000.0,1568.0,20.0,3.4000000953674316,1,2000.0,1571.0,20.0,3.299999952316284,1,2000.0,1572.0,20.0,3.299999952316284,1,2000.0,1561.0,20.0,3.0,1,2000.0,1571.0,20.0,3.5999999046325684,1
2026-03-31 16:55:52,8.81,2000.0,1575.0,20.0,3.4000000953674316,1,2000.0,1574.0,20.0,3.299999952316284,1,2000.0,1577.0,20.0,3.200000047683716,1,2000.0,1575.0,20.0,3.4000000953674316,1,2000.0,1579.0,20.0,3.299999952316284,1,2000.0,1574.0,20.0,3.5,1
2026-03-31 16:55:53,9.54,2000.0,1591.0,20.0,3.299999952316284,1,2000.0,1581.0,20.0,3.299999952316284,1,2000.0,1583.0,20.0,3.200000047683716,1,2000.0,1581.0,20.0,3.4000000953674316,1,2000.0,1580.0,20.0,3.299999952316284,1,2000.0,1494.0,20.0,2.9000000953674316,1
2026-03-31 16:55:54,10.27,2000.0,1589.0,20.0,3.299999952316284,1,2000.0,1587.0,20.0,3.299999952316284,1,2000.0,1588.0,20.0,3.299999952316284,1,2000.0,1591.0,20.0,3.299999952316284,1,2000.0,1587.0,20.0,3.299999952316284,1,2000.0,1478.0,20.0,3.299999952316284,1
2026-03-31 16:55:54,11.0,2000.0,1593.0,20.0,3.200000047683716,1,2000.0,1593.0,20.0,3.299999952316284,1,2000.0,1593.0,20.0,3.299999952316284,1,2000.0,1591.0,20.0,3.299999952316284,1,2000.0,1591.0,20.0,3.0999999046325684,1,2000.0,1592.0,20.0,3.5999999046325684,1
2026-03-31 16:55:55,11.75,2000.0,1599.0,20.0,3.299999952316284,1,2000.0,1599.0,20.0,3.299999952316284,1,2000.0,1602.0,20.0,3.200000047683716,1,2000.0,1599.0,20.0,3.299999952316284,1,2000.0,1599.0,20.0,3.200000047683716,1,2000.0,1599.0,20.0,3.5999999046325684,1
2026-03-31 16:55:56,12.49,2000.0,1603.0,20.0,3.200000047683716,1,2000.0,1606.0,20.0,3.299999952316284,1,2000.0,1608.0,20.0,3.299999952316284,1,2000.0,1605.0,20.0,3.299999952316284,1,2000.0,1604.0,20.0,3.200000047683716,1,2000.0,1605.0,20.0,3.5999999046325684,1
2026-03-31 16:55:57,13.2,2000.0,1614.0,20.0,3.4000000953674316,1,2000.0,1612.0,20.0,3.299999952316284,1,2000.0,1614.0,20.0,3.299999952316284,1,2000.0,1612.0,20.0,3.4000000953674316,1,2000.0,1608.0,20.0,3.200000047683716,1,2000.0,1611.0,20.0,3.5999999046325684,1
2026-03-31 16:55:57,13.91,2000.0,1624.0,20.0,3.4000000953674316,1,2000.0,1617.0,20.0,3.299999952316284,1,2000.0,1617.0,20.0,3.299999952316284,1,2000.0,1618.0,20.0,3.299999952316284,1,2000.0,1619.0,20.0,3.4000000953674316,1,2000.0,1617.0,20.0,3.5999999046325684,1
2026-03-31 16:55:58,14.62,2000.0,1626.0,20.0,3.4000000953674316,1,2000.0,1624.0,20.0,3.299999952316284,1,2000.0,1624.0,20.0,3.299999952316284,1,2000.0,1623.0,20.0,3.299999952316284,1,2000.0,1621.0,20.0,3.200000047683716,1,2000.0,1623.0,20.0,3.5999999046325684,1
2026-03-31 16:55:59,15.31,2000.0,1628.0,20.0,3.299999952316284,1,2000.0,1630.0,20.0,3.299999952316284,1,2000.0,1637.0,20.0,3.5,1,2000.0,1632.0,20.0,3.4000000953674316,1,2000.0,1627.0,20.0,3.200000047683716,1,2000.0,1629.0,20.0,3.5999999046325684,1
2026-03-31 16:55:59,16.01,2000.0,1642.0,20.0,3.4000000953674316,1,2000.0,1643.0,20.0,3.299999952316284,1,2000.0,1643.0,20.0,3.4000000953674316,1,2000.0,1579.0,20.0,3.0999999046325684,1,2000.0,1641.0,20.0,3.299999952316284,1,2000.0,1642.0,20.0,3.5999999046325684,1
2026-03-31 16:56:00,16.73,2000.0,1652.0,20.0,3.4000000953674316,1,2000.0,1649.0,20.0,3.299999952316284,1,2000.0,1647.0,20.0,3.299999952316284,1,2000.0,1528.0,20.0,3.299999952316284,1,2000.0,1646.0,20.0,3.299999952316284,1,2000.0,1648.0,20.0,3.5999999046325684,1
2026-03-31 16:56:01,17.44,2000.0,1659.0,20.0,3.5,1,2000.0,1655.0,20.0,3.4000000953674316,1,2000.0,1460.0,20.0,2.200000047683716,1,2000.0,1653.0,20.0,3.5999999046325684,1,2000.0,1655.0,20.0,3.200000047683716,1,2000.0,1654.0,20.0,3.5999999046325684,1
2026-03-31 16:56:02,18.14,2000.0,1660.0,20.0,3.4000000953674316,1,2000.0,1661.0,20.0,3.4000000953674316,1,2000.0,1660.0,20.0,3.799999952316284,1,2000.0,1660.0,20.0,3.5999999046325684,1,2000.0,1656.0,20.0,3.4000000953674316,1,2000.0,1660.0,20.0,3.5999999046325684,1
2026-03-31 16:56:02,18.84,2000.0,1671.0,20.0,3.5999999046325684,1,2000.0,1667.0,20.0,3.4000000953674316,1,2000.0,1666.0,20.0,3.5999999046325684,1,2000.0,1666.0,20.0,3.5,1,2000.0,1669.0,20.0,3.5,1,2000.0,1667.0,20.0,3.5999999046325684,1
2026-03-31 16:56:03,19.55,2000.0,1673.0,20.0,3.4000000953674316,1,2000.0,1674.0,20.0,3.4000000953674316,1,2000.0,1672.0,20.0,3.5,1,2000.0,1672.0,20.0,3.5,1,2000.0,1670.0,20.0,3.5,1,2000.0,1672.0,20.0,3.5999999046325684,1
2026-03-31 16:56:04,20.26,2000.0,1687.0,20.0,3.5999999046325684,1,2000.0,1680.0,20.0,3.4000000953674316,1,2000.0,1678.0,20.0,3.5,1,2000.0,1678.0,20.0,3.5,1,2000.0,1678.0,20.0,3.5,1,2000.0,1679.0,20.0,3.5999999046325684,1
2026-03-31 16:56:04,20.96,2000.0,1687.0,20.0,3.5999999046325684,1,2000.0,1686.0,20.0,3.4000000953674316,1,2000.0,1684.0,20.0,3.5,1,2000.0,1684.0,20.0,3.5,1,2000.0,1688.0,20.0,3.5999999046325684,1,2000.0,1684.0,20.0,3.700000047683716,1
2026-03-31 16:56:05,21.68,2000.0,1694.0,20.0,3.5,1,2000.0,1691.0,20.0,3.4000000953674316,1,2000.0,1690.0,20.0,3.5,1,2000.0,1689.0,20.0,3.5,1,2000.0,1692.0,20.0,3.200000047683716,1,2000.0,1691.0,20.0,3.700000047683716,1
2026-03-31 16:56:06,22.38,2000.0,1701.0,20.0,3.5,1,2000.0,1698.0,20.0,3.5,1,2000.0,1696.0,20.0,3.5,1,2000.0,1696.0,20.0,3.5,1,2000.0,1693.0,20.0,3.4000000953674316,1,2000.0,1697.0,20.0,3.700000047683716,1
2026-03-31 16:56:07,23.08,2000.0,1704.0,20.0,3.5,1,2000.0,1704.0,20.0,3.5,1,2000.0,1702.0,20.0,3.5,1,2000.0,1702.0,20.0,3.5,1,2000.0,1703.0,20.0,3.5,1,2000.0,1703.0,20.0,3.700000047683716,1
2026-03-31 16:56:07,23.83,2000.0,1720.0,20.0,3.4000000953674316,1,2000.0,1716.0,20.0,3.5,1,2000.0,1715.0,20.0,3.5,1,2000.0,1714.0,20.0,3.5,1,2000.0,1510.0,20.0,2.299999952316284,1,2000.0,1716.0,20.0,3.700000047683716,1
2026-03-31 16:56:08,24.57,2000.0,1730.0,20.0,3.5999999046325684,1,2000.0,1729.0,20.0,3.5,1,2000.0,1727.0,20.0,3.5,1,2000.0,1727.0,20.0,3.5999999046325684,1,2000.0,1727.0,20.0,3.700000047683716,1,2000.0,1728.0,20.0,3.700000047683716,1
2026-03-31 16:56:09,25.3,2000.0,1738.0,20.0,3.700000047683716,1,2000.0,1735.0,20.0,3.5,1,2000.0,1733.0,20.0,3.5,1,2000.0,1733.0,20.0,3.5999999046325684,1,2000.0,1733.0,20.0,3.5999999046325684,1,2000.0,1734.0,20.0,3.799999952316284,1
2026-03-31 16:56:09,26.02,2000.0,1739.0,20.0,3.700000047683716,1,2000.0,1741.0,20.0,3.5999999046325684,1,2000.0,1739.0,20.0,3.5,1,2000.0,1739.0,20.0,3.5999999046325684,1,2000.0,1739.0,20.0,3.5999999046325684,1,2000.0,1740.0,20.0,3.799999952316284,1
2026-03-31 16:56:10,26.73,2000.0,1536.0,20.0,2.4000000953674316,1,2000.0,1747.0,20.0,3.5999999046325684,1,2000.0,1745.0,20.0,3.5,1,2000.0,1746.0,20.0,3.5999999046325684,1,2000.0,1746.0,20.0,3.5999999046325684,1,2000.0,1746.0,20.0,3.799999952316284,1
2026-03-31 16:56:11,27.45,2000.0,1752.0,20.0,4.0,1,2000.0,1754.0,20.0,3.5999999046325684,1,2000.0,1751.0,20.0,3.5,1,2000.0,1752.0,20.0,3.5999999046325684,1,2000.0,1752.0,20.0,3.5999999046325684,1,2000.0,1752.0,20.0,3.799999952316284,1
2026-03-31 16:56:12,28.18,2000.0,1758.0,20.0,3.799999952316284,1,2000.0,1760.0,20.0,3.5999999046325684,1,2000.0,1758.0,20.0,3.5,1,2000.0,1757.0,20.0,3.5999999046325684,1,2000.0,1758.0,20.0,3.5999999046325684,1,2000.0,1759.0,20.0,3.799999952316284,1
2026-03-31 16:56:12,28.91,2000.0,1764.0,20.0,3.700000047683716,1,2000.0,1766.0,20.0,3.5999999046325684,1,2000.0,1764.0,20.0,3.5999999046325684,1,2000.0,1764.0,20.0,3.700000047683716,1,2000.0,1764.0,20.0,3.5999999046325684,1,2000.0,1764.0,20.0,3.799999952316284,1
2026-03-31 16:56:13,29.62,2000.0,1770.0,20.0,3.700000047683716,1,2000.0,1772.0,20.0,3.5999999046325684,1,2000.0,1770.0,20.0,3.5999999046325684,1,2000.0,1770.0,20.0,3.700000047683716,1,2000.0,1770.0,20.0,3.5999999046325684,1,2000.0,1771.0,20.0,3.799999952316284,1
2026-03-31 16:56:14,30.33,2000.0,1776.0,20.0,3.700000047683716,1,2000.0,1778.0,20.0,3.5999999046325684,1,2000.0,1776.0,20.0,3.5999999046325684,1,2000.0,1775.0,20.0,3.700000047683716,1,2000.0,1776.0,20.0,3.5999999046325684,1,2000.0,1777.0,20.0,3.9000000953674316,1
2026-03-31 16:56:15,31.08,2000.0,1782.0,20.0,3.700000047683716,1,2000.0,1785.0,20.0,3.5999999046325684,1,2000.0,1782.0,20.0,3.5999999046325684,1,2000.0,1783.0,20.0,3.700000047683716,1,2000.0,1783.0,20.0,3.5999999046325684,1,2000.0,1783.0,20.0,3.9000000953674316,1
2026-03-31 16:56:15,31.82,2000.0,1789.0,20.0,3.700000047683716,1,2000.0,1791.0,20.0,3.700000047683716,1,2000.0,1788.0,20.0,3.5999999046325684,1,2000.0,1788.0,20.0,3.700000047683716,1,2000.0,1788.0,20.0,3.5999999046325684,1,2000.0,1789.0,20.0,3.9000000953674316,1
2026-03-31 16:56:16,32.57,2000.0,1795.0,20.0,3.700000047683716,1,2000.0,1797.0,20.0,3.700000047683716,1,2000.0,1794.0,20.0,3.5999999046325684,1,2000.0,1795.0,20.0,3.700000047683716,1,2000.0,1795.0,20.0,3.5999999046325684,1,2000.0,1796.0,20.0,3.9000000953674316,1
2026-03-31 16:56:17,33.3,2000.0,1801.0,20.0,3.700000047683716,1,2000.0,1803.0,20.0,3.700000047683716,1,2000.0,1801.0,20.0,3.5999999046325684,1,2000.0,1800.0,20.0,3.700000047683716,1,2000.0,1801.0,20.0,3.700000047683716,1,2000.0,1802.0,20.0,3.9000000953674316,1
2026-03-31 16:56:17,34.03,2000.0,1813.0,20.0,3.700000047683716,1,2000.0,1815.0,20.0,3.700000047683716,1,2000.0,1810.0,20.0,3.700000047683716,1,2000.0,1807.0,20.0,3.700000047683716,1,2000.0,1807.0,20.0,3.700000047683716,1,2000.0,1808.0,20.0,3.9000000953674316,1
2026-03-31 16:56:18,34.75,2000.0,1820.0,20.0,3.700000047683716,1,2000.0,1822.0,20.0,3.700000047683716,1,2000.0,1819.0,20.0,3.700000047683716,1,2000.0,1819.0,20.0,3.799999952316284,1,2000.0,1820.0,20.0,3.700000047683716,1,2000.0,1820.0,20.0,3.9000000953674316,1
2026-03-31 16:56:19,35.47,2000.0,1826.0,20.0,3.700000047683716,1,2000.0,1828.0,20.0,3.700000047683716,1,2000.0,1825.0,20.0,3.700000047683716,1,2000.0,1825.0,20.0,3.799999952316284,1,2000.0,1826.0,20.0,3.700000047683716,1,2000.0,1826.0,20.0,4.0,1
2026-03-31 16:56:20,36.17,2000.0,1832.0,20.0,3.700000047683716,1,2000.0,1834.0,20.0,3.700000047683716,1,2000.0,1832.0,20.0,3.700000047683716,1,2000.0,1831.0,20.0,3.799999952316284,1,2000.0,1832.0,20.0,3.700000047683716,1,2000.0,1833.0,20.0,4.0,1
2026-03-31 16:56:20,36.89,2000.0,1844.0,20.0,3.799999952316284,1,2000.0,1847.0,20.0,3.799999952316284,1,2000.0,1843.0,20.0,3.700000047683716,1,2000.0,1843.0,20.0,3.799999952316284,1,2000.0,1844.0,20.0,3.799999952316284,1,2000.0,1845.0,20.0,4.0,1
2026-03-31 16:56:21,37.6,2000.0,1850.0,20.0,3.799999952316284,1,2000.0,1853.0,20.0,3.799999952316284,1,2000.0,1850.0,20.0,3.700000047683716,1,2000.0,1850.0,20.0,3.799999952316284,1,2000.0,1850.0,20.0,3.799999952316284,1,2000.0,1851.0,20.0,4.0,1
2026-03-31 16:56:22,38.31,2000.0,1856.0,20.0,3.799999952316284,1,2000.0,1859.0,20.0,3.799999952316284,1,2000.0,1856.0,20.0,3.799999952316284,1,2000.0,1856.0,20.0,3.799999952316284,1,2000.0,1856.0,20.0,3.799999952316284,1,2000.0,1857.0,20.0,4.0,1
2026-03-31 16:56:22,39.01,2000.0,1862.0,20.0,3.799999952316284,1,2000.0,1865.0,20.0,3.799999952316284,1,2000.0,1862.0,20.0,3.799999952316284,1,2000.0,1862.0,20.0,3.9000000953674316,1,2000.0,1863.0,20.0,3.799999952316284,1,2000.0,1863.0,20.0,4.0,1
2026-03-31 16:56:23,39.73,2000.0,1869.0,20.0,3.799999952316284,1,2000.0,1871.0,20.0,3.799999952316284,1,2000.0,1868.0,20.0,3.799999952316284,1,2000.0,1868.0,20.0,3.9000000953674316,1,2000.0,1869.0,20.0,3.799999952316284,1,2000.0,1870.0,20.0,4.0,1
2026-03-31 16:56:24,40.44,2000.0,1875.0,20.0,3.799999952316284,1,2000.0,1878.0,20.0,3.9000000953674316,1,2000.0,1874.0,20.0,3.799999952316284,1,2000.0,1874.0,20.0,3.9000000953674316,1,2000.0,1875.0,20.0,3.799999952316284,1,2000.0,1876.0,20.0,4.099999904632568,1
2026-03-31 16:56:25,41.15,2000.0,1881.0,20.0,3.799999952316284,1,2000.0,1884.0,20.0,3.9000000953674316,1,2000.0,1881.0,20.0,3.799999952316284,1,2000.0,1881.0,20.0,3.9000000953674316,1,2000.0,1881.0,20.0,3.799999952316284,1,2000.0,1882.0,20.0,4.099999904632568,1
2026-03-31 16:56:25,41.86,2000.0,1887.0,20.0,3.799999952316284,1,2000.0,1890.0,20.0,3.9000000953674316,1,2000.0,1887.0,20.0,3.799999952316284,1,2000.0,1887.0,20.0,3.9000000953674316,1,2000.0,1887.0,20.0,3.799999952316284,1,2000.0,1888.0,20.0,4.099999904632568,1
2026-03-31 16:56:26,42.57,2000.0,1893.0,20.0,3.9000000953674316,1,2000.0,1896.0,20.0,3.9000000953674316,1,2000.0,1893.0,20.0,3.799999952316284,1,2000.0,1893.0,20.0,3.9000000953674316,1,2000.0,1893.0,20.0,3.9000000953674316,1,2000.0,1894.0,20.0,4.099999904632568,1
2026-03-31 16:56:27,43.28,2000.0,1905.0,20.0,3.9000000953674316,1,2000.0,1909.0,20.0,3.9000000953674316,1,2000.0,1905.0,20.0,3.799999952316284,1,2000.0,1905.0,20.0,4.0,1,2000.0,1906.0,20.0,3.9000000953674316,1,2000.0,1907.0,20.0,4.099999904632568,1
2026-03-31 16:56:27,43.99,2000.0,1912.0,20.0,3.9000000953674316,1,2000.0,1915.0,20.0,3.9000000953674316,1,2000.0,1911.0,20.0,3.9000000953674316,1,2000.0,1911.0,20.0,4.0,1,2000.0,1912.0,20.0,3.9000000953674316,1,2000.0,1913.0,20.0,4.199999809265137,1
2026-03-31 16:56:28,44.71,2000.0,1918.0,20.0,3.9000000953674316,1,2000.0,1920.0,20.0,3.9000000953674316,1,2000.0,1917.0,20.0,3.9000000953674316,1,2000.0,1917.0,20.0,4.0,1,2000.0,1918.0,20.0,3.9000000953674316,1,2000.0,1919.0,20.0,4.199999809265137,1
2026-03-31 16:56:29,45.41,2000.0,1924.0,20.0,3.9000000953674316,1,2000.0,1927.0,20.0,3.9000000953674316,1,2000.0,1923.0,20.0,3.9000000953674316,1,2000.0,1924.0,20.0,4.0,1,2000.0,1924.0,20.0,3.9000000953674316,1,2000.0,1925.0,20.0,4.199999809265137,1
2026-03-31 16:56:30,46.12,2000.0,1930.0,20.0,3.9000000953674316,1,2000.0,1933.0,20.0,3.9000000953674316,1,2000.0,1929.0,20.0,3.9000000953674316,1,2000.0,1929.0,20.0,4.0,1,2000.0,1930.0,20.0,3.9000000953674316,1,2000.0,1932.0,20.0,4.199999809265137,1
2026-03-31 16:56:30,46.83,2000.0,1936.0,20.0,4.0,1,2000.0,1940.0,20.0,4.0,1,2000.0,1935.0,20.0,3.9000000953674316,1,2000.0,1935.0,20.0,4.0,1,2000.0,1936.0,20.0,3.9000000953674316,1,2000.0,1937.0,20.0,4.199999809265137,1
2026-03-31 16:56:31,47.54,2000.0,1942.0,20.0,4.0,1,2000.0,1946.0,20.0,4.0,1,2000.0,1942.0,20.0,3.9000000953674316,1,2000.0,1942.0,20.0,4.0,1,2000.0,1943.0,20.0,3.9000000953674316,1,2000.0,1944.0,20.0,4.199999809265137,1
2026-03-31 16:56:32,48.24,2000.0,1948.0,20.0,4.0,1,2000.0,1952.0,20.0,4.0,1,2000.0,1948.0,20.0,4.0,1,2000.0,1948.0,20.0,4.0,1,2000.0,1949.0,20.0,4.0,1,2000.0,1950.0,20.0,4.199999809265137,1
2026-03-31 16:56:32,48.98,2000.0,1954.0,20.0,4.0,1,2000.0,1958.0,20.0,4.0,1,2000.0,1954.0,20.0,4.0,1,2000.0,1954.0,20.0,4.099999904632568,1,2000.0,1955.0,20.0,4.0,1,2000.0,1956.0,20.0,4.199999809265137,1
2026-03-31 16:56:33,49.68,2000.0,1961.0,20.0,4.0,1,2000.0,1964.0,20.0,4.0,1,2000.0,1960.0,20.0,4.0,1,2000.0,1960.0,20.0,4.099999904632568,1,2000.0,1961.0,20.0,4.0,1,2000.0,1963.0,20.0,4.300000190734863,1
2026-03-31 16:56:34,50.39,2000.0,1967.0,20.0,4.0,1,2000.0,1971.0,20.0,4.0,1,2000.0,1967.0,20.0,4.0,1,2000.0,1966.0,20.0,4.099999904632568,1,2000.0,1967.0,20.0,4.0,1,2000.0,1968.0,20.0,4.300000190734863,1
2026-03-31 16:56:35,51.11,2000.0,1973.0,20.0,4.099999904632568,1,2000.0,1977.0,20.0,4.0,1,2000.0,1972.0,20.0,4.0,1,2000.0,1973.0,20.0,4.099999904632568,1,2000.0,1974.0,20.0,4.0,1,2000.0,1975.0,20.0,4.300000190734863,1
2026-03-31 16:56:35,51.83,2000.0,1979.0,20.0,4.099999904632568,1,2000.0,1983.0,20.0,4.099999904632568,1,2000.0,1978.0,20.0,4.0,1,2000.0,1979.0,20.0,4.099999904632568,1,2000.0,1979.0,20.0,4.0,1,2000.0,1980.0,20.0,4.300000190734863,1
2026-03-31 16:56:36,52.54,2000.0,1991.0,20.0,4.099999904632568,1,2000.0,1995.0,20.0,4.099999904632568,1,2000.0,1991.0,20.0,4.0,1,2000.0,1991.0,20.0,4.099999904632568,1,2000.0,1992.0,20.0,4.099999904632568,1,2000.0,1993.0,20.0,4.300000190734863,1
2026-03-31 16:56:37,53.25,2000.0,1997.0,20.0,4.099999904632568,1,2000.0,1997.0,20.0,4.099999904632568,1,2000.0,1996.0,20.0,4.099999904632568,1,2000.0,1996.0,20.0,4.099999904632568,1,2000.0,1997.0,20.0,4.099999904632568,1,2000.0,1998.0,20.0,4.300000190734863,1
2026-03-31 16:56:37,53.96,2000.0,1998.0,20.0,4.099999904632568,1,2000.0,1998.0,20.0,4.099999904632568,1,2000.0,1998.0,20.0,4.099999904632568,1,2000.0,1998.0,20.0,4.099999904632568,1,2000.0,1997.0,20.0,4.099999904632568,1,2000.0,1998.0,20.0,4.300000190734863,1
2026-03-31 16:56:38,54.68,2000.0,1998.0,20.0,4.099999904632568,1,2000.0,1998.0,20.0,4.099999904632568,1,2000.0,1998.0,20.0,4.099999904632568,1,2000.0,1998.0,20.0,4.099999904632568,1,2000.0,1997.0,20.0,4.099999904632568,1,2000.0,1998.0,20.0,4.300000190734863,1
2026-03-31 16:56:39,55.41,2000.0,1998.0,20.0,4.099999904632568,1,2000.0,1998.0,20.0,4.099999904632568,1,2000.0,1998.0,20.0,4.099999904632568,1,2000.0,1998.0,20.0,4.099999904632568,1,2000.0,1998.0,20.0,4.099999904632568,1,2000.0,1998.0,20.0,4.300000190734863,1
2026-03-31 16:56:40,56.12,2000.0,1998.0,20.0,4.099999904632568,1,2000.0,1998.0,20.0,4.099999904632568,1,2000.0,1998.0,20.0,4.099999904632568,1,2000.0,1998.0,20.0,4.099999904632568,1,2000.0,1998.0,20.0,4.099999904632568,1,2000.0,1998.0,20.0,4.300000190734863,1
2026-03-31 16:56:40,56.83,2000.0,1998.0,20.0,4.099999904632568,1,2000.0,1998.0,20.0,4.099999904632568,1,2000.0,1998.0,20.0,4.099999904632568,1,2000.0,1998.0,20.0,4.099999904632568,1,2000.0,1998.0,20.0,4.099999904632568,1,2000.0,1998.0,20.0,4.300000190734863,1
2026-03-31 16:56:41,57.55,2000.0,1998.0,20.0,4.099999904632568,1,2000.0,1998.0,20.0,4.099999904632568,1,2000.0,1998.0,20.0,4.099999904632568,1,2000.0,1998.0,20.0,4.099999904632568,1,2000.0,1998.0,20.0,4.099999904632568,1,2000.0,1998.0,20.0,4.300000190734863,1
2026-03-31 16:56:42,58.25,2000.0,1998.0,20.0,4.099999904632568,1,2000.0,1998.0,20.0,4.099999904632568,1,2000.0,1998.0,20.0,4.099999904632568,1,2000.0,1998.0,20.0,4.099999904632568,1,2000.0,1998.0,20.0,4.099999904632568,1,2000.0,1998.0,20.0,4.300000190734863,1
2026-03-31 16:56:42,58.97,2000.0,1998.0,20.0,4.099999904632568,1,2000.0,1998.0,20.0,4.099999904632568,1,2000.0,1998.0,20.0,4.099999904632568,1,2000.0,1998.0,20.0,4.099999904632568,1,2000.0,1998.0,20.0,4.099999904632568,1,2000.0,1998.0,20.0,4.300000190734863,1
2026-03-31 16:56:43,59.68,2000.0,1998.0,20.0,4.099999904632568,1,2000.0,1998.0,20.0,4.099999904632568,1,2000.0,1998.0,20.0,4.099999904632568,1,2000.0,1998.0,20.0,4.099999904632568,1,2000.0,1998.0,20.0,4.099999904632568,1,2000.0,1998.0,20.0,4.300000190734863,1
2026-03-31 16:56:44,60.38,2000.0,1998.0,20.0,4.099999904632568,1,2000.0,1998.0,20.0,4.099999904632568,1,2000.0,1998.0,20.0,4.099999904632568,1,2000.0,1998.0,20.0,4.099999904632568,1,2000.0,1998.0,20.0,4.099999904632568,1,2000.0,1998.0,20.0,4.300000190734863,1
2026-03-31 16:56:45,61.09,2000.0,1998.0,20.0,4.099999904632568,1,2000.0,1998.0,20.0,4.099999904632568,1,2000.0,1998.0,20.0,4.099999904632568,1,2000.0,1998.0,20.0,4.099999904632568,1,2000.0,1998.0,20.0,4.099999904632568,1,2000.0,1998.0,20.0,4.300000190734863,1
2026-03-31 16:56:45,61.8,2000.0,1998.0,20.0,4.099999904632568,1,2000.0,1998.0,20.0,4.099999904632568,1,2000.0,1998.0,20.0,4.099999904632568,1,2000.0,1998.0,20.0,4.099999904632568,1,2000.0,1998.0,20.0,4.099999904632568,1,2000.0,1998.0,20.0,4.300000190734863,1
2026-03-31 16:56:46,62.51,2000.0,1998.0,20.0,4.099999904632568,1,2000.0,1998.0,20.0,4.099999904632568,1,2000.0,1998.0,20.0,4.099999904632568,1,2000.0,1998.0,20.0,4.099999904632568,1,2000.0,1998.0,20.0,4.099999904632568,1,2000.0,1998.0,20.0,4.300000190734863,1
2026-03-31 16:56:47,63.23,2000.0,1998.0,20.0,4.099999904632568,1,2000.0,1998.0,20.0,4.099999904632568,1,2000.0,1998.0,20.0,4.099999904632568,1,2000.0,1998.0,20.0,4.099999904632568,1,2000.0,1998.0,20.0,4.099999904632568,1,2000.0,1998.0,20.0,4.300000190734863,1
2026-03-31 16:56:47,63.93,2000.0,1998.0,20.0,4.099999904632568,1,2000.0,1998.0,20.0,4.099999904632568,1,2000.0,1998.0,20.0,4.099999904632568,1,2000.0,1998.0,20.0,4.099999904632568,1,2000.0,1998.0,20.0,4.099999904632568,1,2000.0,1998.0,20.0,4.300000190734863,1
2026-03-31 16:56:48,64.64,2000.0,1998.0,20.0,4.099999904632568,1,2000.0,1998.0,20.0,4.099999904632568,1,2000.0,1998.0,20.0,4.099999904632568,1,2000.0,1998.0,20.0,4.099999904632568,1,2000.0,1998.0,20.0,4.099999904632568,1,2000.0,1998.0,20.0,4.300000190734863,1
2026-03-31 16:56:49,65.34,2000.0,1998.0,20.0,4.099999904632568,1,2000.0,1998.0,20.0,4.099999904632568,1,2000.0,1998.0,20.0,4.099999904632568,1,2000.0,1998.0,20.0,4.099999904632568,1,2000.0,1998.0,20.0,4.099999904632568,1,2000.0,1998.0,20.0,4.300000190734863,1
2026-03-31 16:56:50,66.04,2000.0,1998.0,20.0,4.099999904632568,1,2000.0,1998.0,20.0,4.099999904632568,1,2000.0,1998.0,20.0,4.099999904632568,1,2000.0,1998.0,20.0,4.099999904632568,1,2000.0,1998.0,20.0,4.099999904632568,1,2000.0,1998.0,20.0,4.300000190734863,1
2026-03-31 16:56:50,66.75,2000.0,1998.0,20.0,4.099999904632568,1,2000.0,1998.0,20.0,4.099999904632568,1,2000.0,1998.0,20.0,4.099999904632568,1,2000.0,1998.0,20.0,4.099999904632568,1,2000.0,1998.0,20.0,4.099999904632568,1,2000.0,1998.0,20.0,4.300000190734863,1
2026-03-31 16:56:51,67.48,2000.0,1998.0,20.0,4.099999904632568,1,2000.0,1998.0,20.0,4.099999904632568,1,2000.0,1998.0,20.0,4.099999904632568,1,2000.0,1998.0,20.0,4.099999904632568,1,2000.0,1998.0,20.0,4.099999904632568,1,2000.0,1998.0,20.0,4.300000190734863,1
2026-03-31 16:56:52,68.19,2000.0,1998.0,20.0,4.099999904632568,1,2000.0,1998.0,20.0,4.099999904632568,1,2000.0,1998.0,20.0,4.099999904632568,1,2000.0,1998.0,20.0,4.099999904632568,1,2000.0,1998.0,20.0,4.099999904632568,1,2000.0,1998.0,20.0,4.300000190734863,1
2026-03-31 16:56:52,68.89,2000.0,1998.0,20.0,4.099999904632568,1,2000.0,1998.0,20.0,4.099999904632568,1,2000.0,1998.0,20.0,4.099999904632568,1,2000.0,1998.0,20.0,4.099999904632568,1,2000.0,1998.0,20.0,4.099999904632568,1,2000.0,1998.0,20.0,4.300000190734863,1
2026-03-31 16:56:53,69.6,2000.0,1998.0,20.0,4.099999904632568,1,2000.0,1998.0,20.0,4.099999904632568,1,2000.0,1998.0,20.0,4.099999904632568,1,2000.0,1998.0,20.0,4.099999904632568,1,2000.0,1998.0,20.0,4.099999904632568,1,2000.0,1998.0,20.0,4.300000190734863,1
2026-03-31 16:56:54,70.32,2000.0,1998.0,20.0,4.099999904632568,1,2000.0,1998.0,20.0,4.099999904632568,1,2000.0,1998.0,20.0,4.099999904632568,1,2000.0,1998.0,20.0,4.099999904632568,1,2000.0,1998.0,20.0,4.099999904632568,1,2000.0,1998.0,20.0,4.300000190734863,1
2026-03-31 16:56:54,71.03,2000.0,1998.0,20.0,4.099999904632568,1,2000.0,1998.0,20.0,4.099999904632568,1,2000.0,1998.0,20.0,4.099999904632568,1,2000.0,1998.0,20.0,4.099999904632568,1,2000.0,1998.0,20.0,4.099999904632568,1,2000.0,1998.0,20.0,4.300000190734863,1
2026-03-31 16:56:55,71.74,2000.0,1998.0,20.0,4.099999904632568,1,2000.0,1998.0,20.0,4.099999904632568,1,2000.0,1998.0,20.0,4.099999904632568,1,2000.0,1998.0,20.0,4.099999904632568,1,2000.0,1998.0,20.0,4.099999904632568,1,2000.0,1998.0,20.0,4.300000190734863,1
2026-03-31 16:56:56,72.45,2000.0,1998.0,20.0,4.099999904632568,1,2000.0,1998.0,20.0,4.099999904632568,1,2000.0,1998.0,20.0,4.099999904632568,1,2000.0,1998.0,20.0,4.099999904632568,1,2000.0,1998.0,20.0,4.099999904632568,1,2000.0,1998.0,20.0,4.300000190734863,1
2026-03-31 16:56:57,73.16,2000.0,1998.0,20.0,4.099999904632568,1,2000.0,1998.0,20.0,4.099999904632568,1,2000.0,1998.0,20.0,4.099999904632568,1,2000.0,1998.0,20.0,4.099999904632568,1,2000.0,1998.0,20.0,4.099999904632568,1,2000.0,1998.0,20.0,4.300000190734863,1
2026-03-31 16:56:57,73.87,2000.0,1998.0,20.0,4.099999904632568,1,2000.0,1998.0,20.0,4.099999904632568,1,2000.0,1998.0,20.0,4.099999904632568,1,2000.0,1998.0,20.0,4.099999904632568,1,2000.0,1998.0,20.0,4.099999904632568,1,2000.0,1998.0,20.0,4.300000190734863,1
2026-03-31 16:56:58,74.58,2000.0,1998.0,20.0,4.099999904632568,1,2000.0,1998.0,20.0,4.099999904632568,1,2000.0,1998.0,20.0,4.099999904632568,1,2000.0,1998.0,20.0,4.099999904632568,1,2000.0,1998.0,20.0,4.099999904632568,1,2000.0,1998.0,20.0,4.300000190734863,1
2026-03-31 16:56:59,75.31,2000.0,1998.0,20.0,4.099999904632568,1,2000.0,1998.0,20.0,4.099999904632568,1,2000.0,1998.0,20.0,4.099999904632568,1,2000.0,1998.0,20.0,4.099999904632568,1,2000.0,1998.0,20.0,4.099999904632568,1,2000.0,1998.0,20.0,4.300000190734863,1
2026-03-31 16:56:59,76.02,2000.0,1998.0,20.0,4.099999904632568,1,2000.0,1998.0,20.0,4.099999904632568,1,2000.0,1998.0,20.0,4.099999904632568,1,2000.0,1998.0,20.0,4.099999904632568,1,2000.0,1998.0,20.0,4.099999904632568,1,2000.0,1998.0,20.0,4.300000190734863,1
2026-03-31 16:57:00,76.75,2000.0,1998.0,20.0,4.099999904632568,1,2000.0,1998.0,20.0,4.099999904632568,1,2000.0,1998.0,20.0,4.099999904632568,1,2000.0,1998.0,20.0,4.099999904632568,1,2000.0,1998.0,20.0,4.099999904632568,1,2000.0,1998.0,20.0,4.300000190734863,1
2026-03-31 16:57:01,77.45,2000.0,1998.0,20.0,4.099999904632568,1,2000.0,1998.0,20.0,4.099999904632568,1,2000.0,1998.0,20.0,4.099999904632568,1,2000.0,1998.0,20.0,4.099999904632568,1,2000.0,1998.0,20.0,4.099999904632568,1,2000.0,1998.0,20.0,4.300000190734863,1
2026-03-31 16:57:02,78.16,2000.0,1998.0,20.0,4.099999904632568,1,2000.0,1998.0,20.0,4.099999904632568,1,2000.0,1998.0,20.0,4.099999904632568,1,2000.0,1998.0,20.0,4.099999904632568,1,2000.0,1998.0,20.0,4.099999904632568,1,2000.0,1998.0,20.0,4.300000190734863,1
2026-03-31 16:57:02,78.9,2000.0,1998.0,20.0,4.099999904632568,1,2000.0,1998.0,20.0,4.099999904632568,1,2000.0,1998.0,20.0,4.099999904632568,1,2000.0,1998.0,20.0,4.099999904632568,1,2000.0,1998.0,20.0,4.099999904632568,1,2000.0,1998.0,20.0,4.300000190734863,1
2026-03-31 16:57:03,79.6,2000.0,1998.0,20.0,4.099999904632568,1,2000.0,1998.0,20.0,4.099999904632568,1,2000.0,1998.0,20.0,4.099999904632568,1,2000.0,1998.0,20.0,4.099999904632568,1,2000.0,1998.0,20.0,4.099999904632568,1,2000.0,1998.0,20.0,4.300000190734863,1
2026-03-31 16:57:04,80.31,2000.0,1998.0,20.0,4.099999904632568,1,2000.0,1998.0,20.0,4.099999904632568,1,2000.0,1998.0,20.0,4.099999904632568,1,2000.0,1998.0,20.0,4.099999904632568,1,2000.0,1998.0,20.0,4.099999904632568,1,2000.0,1998.0,20.0,4.300000190734863,1
2026-03-31 16:57:04,81.03,2000.0,1998.0,20.0,4.099999904632568,1,2000.0,1998.0,20.0,4.099999904632568,1,2000.0,1998.0,20.0,4.099999904632568,1,2000.0,1998.0,20.0,4.099999904632568,1,2000.0,1998.0,20.0,4.099999904632568,1,2000.0,1998.0,20.0,4.300000190734863,1
2026-03-31 16:57:05,81.75,2000.0,1998.0,20.0,4.099999904632568,1,2000.0,1998.0,20.0,4.099999904632568,1,2000.0,1998.0,20.0,4.099999904632568,1,2000.0,1998.0,20.0,4.099999904632568,1,2000.0,1998.0,20.0,4.099999904632568,1,2000.0,1998.0,20.0,4.300000190734863,1
2026-03-31 16:57:06,82.47,2000.0,1998.0,20.0,4.099999904632568,1,2000.0,1998.0,20.0,4.099999904632568,1,2000.0,1998.0,20.0,4.099999904632568,1,2000.0,1998.0,20.0,4.099999904632568,1,2000.0,1998.0,20.0,4.099999904632568,1,2000.0,1998.0,20.0,4.300000190734863,1
2026-03-31 16:57:07,83.19,2000.0,1998.0,20.0,4.099999904632568,1,2000.0,1998.0,20.0,4.099999904632568,1,2000.0,1998.0,20.0,4.099999904632568,1,2000.0,1998.0,20.0,4.099999904632568,1,2000.0,1998.0,20.0,4.099999904632568,1,2000.0,1998.0,20.0,4.300000190734863,1
2026-03-31 16:57:07,83.9,2000.0,1998.0,20.0,4.099999904632568,1,2000.0,1998.0,20.0,4.099999904632568,1,2000.0,1998.0,20.0,4.099999904632568,1,2000.0,1998.0,20.0,4.099999904632568,1,2000.0,1998.0,20.0,4.099999904632568,1,2000.0,1998.0,20.0,4.300000190734863,1
2026-03-31 16:57:08,84.62,2000.0,1998.0,20.0,4.099999904632568,1,2000.0,1998.0,20.0,4.099999904632568,1,2000.0,1998.0,20.0,4.099999904632568,1,2000.0,1998.0,20.0,4.099999904632568,1,2000.0,1998.0,20.0,4.099999904632568,1,2000.0,1998.0,20.0,4.300000190734863,1
2026-03-31 16:57:09,85.33,2000.0,1998.0,20.0,4.099999904632568,1,2000.0,1998.0,20.0,4.099999904632568,1,2000.0,1998.0,20.0,4.099999904632568,1,2000.0,1998.0,20.0,4.099999904632568,1,2000.0,1998.0,20.0,4.099999904632568,1,2000.0,1998.0,20.0,4.300000190734863,1
2026-03-31 16:57:10,86.05,2000.0,1998.0,20.0,4.099999904632568,1,2000.0,1998.0,20.0,4.099999904632568,1,2000.0,1998.0,20.0,4.099999904632568,1,2000.0,1998.0,20.0,4.099999904632568,1,2000.0,1998.0,20.0,4.099999904632568,1,2000.0,1998.0,20.0,4.300000190734863,1
2026-03-31 16:57:10,86.76,2000.0,1998.0,20.0,4.099999904632568,1,2000.0,1998.0,20.0,4.099999904632568,1,2000.0,1998.0,20.0,4.099999904632568,1,2000.0,1998.0,20.0,4.099999904632568,1,2000.0,1998.0,20.0,4.099999904632568,1,2000.0,1998.0,20.0,4.300000190734863,1
2026-03-31 16:57:11,87.49,2000.0,1998.0,20.0,4.099999904632568,1,2000.0,1998.0,20.0,4.099999904632568,1,2000.0,1998.0,20.0,4.099999904632568,1,2000.0,1998.0,20.0,4.099999904632568,1,2000.0,1998.0,20.0,4.099999904632568,1,2000.0,1998.0,20.0,4.300000190734863,1
2026-03-31 16:57:12,88.19,2000.0,1998.0,20.0,4.099999904632568,1,2000.0,1998.0,20.0,4.099999904632568,1,2000.0,1998.0,20.0,4.099999904632568,1,2000.0,1998.0,20.0,4.099999904632568,1,2000.0,1998.0,20.0,4.099999904632568,1,2000.0,1998.0,20.0,4.300000190734863,1
2026-03-31 16:57:12,88.93,2000.0,1998.0,20.0,4.099999904632568,1,2000.0,1998.0,20.0,4.099999904632568,1,2000.0,1998.0,20.0,4.099999904632568,1,2000.0,1998.0,20.0,4.099999904632568,1,2000.0,1998.0,20.0,4.099999904632568,1,2000.0,1998.0,20.0,4.300000190734863,1
2026-03-31 16:57:13,89.69,2000.0,1998.0,20.0,4.099999904632568,1,2000.0,1998.0,20.0,4.099999904632568,1,2000.0,1998.0,20.0,4.099999904632568,1,2000.0,1998.0,20.0,4.099999904632568,1,2000.0,1998.0,20.0,4.099999904632568,1,2000.0,1998.0,20.0,4.300000190734863,1
2026-03-31 16:57:14,90.44,2000.0,1998.0,20.0,4.099999904632568,1,2000.0,1998.0,20.0,4.099999904632568,1,2000.0,1998.0,20.0,4.099999904632568,1,2000.0,1998.0,20.0,4.099999904632568,1,2000.0,1998.0,20.0,4.099999904632568,1,2000.0,1998.0,20.0,4.300000190734863,1
2026-03-31 16:57:15,91.16,2000.0,1998.0,20.0,4.099999904632568,1,2000.0,1998.0,20.0,4.099999904632568,1,2000.0,1998.0,20.0,4.099999904632568,1,2000.0,1998.0,20.0,4.099999904632568,1,2000.0,1998.0,20.0,4.099999904632568,1,2000.0,1998.0,20.0,4.300000190734863,1
2026-03-31 16:57:15,91.87,2000.0,1998.0,20.0,4.099999904632568,1,2000.0,1998.0,20.0,4.099999904632568,1,2000.0,1998.0,20.0,4.099999904632568,1,2000.0,1998.0,20.0,4.099999904632568,1,2000.0,1998.0,20.0,4.099999904632568,1,2000.0,1998.0,20.0,4.300000190734863,1
2026-03-31 16:57:16,92.59,2000.0,1998.0,20.0,4.099999904632568,1,2000.0,1998.0,20.0,4.099999904632568,1,2000.0,1998.0,20.0,4.099999904632568,1,2000.0,1998.0,20.0,4.099999904632568,1,2000.0,1998.0,20.0,4.099999904632568,1,2000.0,1998.0,20.0,4.300000190734863,1
2026-03-31 16:57:17,93.32,2000.0,1998.0,20.0,4.099999904632568,1,2000.0,1998.0,20.0,4.099999904632568,1,2000.0,1998.0,20.0,4.099999904632568,1,2000.0,1998.0,20.0,4.099999904632568,1,2000.0,1998.0,20.0,4.099999904632568,1,2000.0,1998.0,20.0,4.300000190734863,1
2026-03-31 16:57:18,94.03,2000.0,1998.0,20.0,4.099999904632568,1,2000.0,1998.0,20.0,4.099999904632568,1,2000.0,1999.0,20.0,4.099999904632568,1,2000.0,1998.0,20.0,4.099999904632568,1,2000.0,1998.0,20.0,4.099999904632568,1,2000.0,1998.0,20.0,4.300000190734863,1
2026-03-31 16:57:18,94.75,2000.0,1998.0,20.0,4.099999904632568,1,2000.0,1998.0,20.0,4.099999904632568,1,2000.0,1999.0,20.0,4.099999904632568,1,2000.0,1998.0,20.0,4.099999904632568,1,2000.0,1998.0,20.0,4.099999904632568,1,2000.0,1998.0,20.0,4.300000190734863,1
2026-03-31 16:57:19,95.46,2000.0,1998.0,20.0,4.099999904632568,1,2000.0,1998.0,20.0,4.099999904632568,1,2000.0,1999.0,20.0,4.099999904632568,1,2000.0,1998.0,20.0,4.099999904632568,1,2000.0,1998.0,20.0,4.099999904632568,1,2000.0,1998.0,20.0,4.300000190734863,1
2026-03-31 16:57:20,96.19,2000.0,1998.0,20.0,4.099999904632568,1,2000.0,1998.0,20.0,4.099999904632568,1,2000.0,1999.0,20.0,4.099999904632568,1,2000.0,1998.0,20.0,4.099999904632568,1,2000.0,1998.0,20.0,4.099999904632568,1,2000.0,1998.0,20.0,4.300000190734863,1
2026-03-31 16:57:20,96.91,2000.0,1998.0,20.0,4.099999904632568,1,2000.0,1998.0,20.0,4.099999904632568,1,2000.0,1999.0,20.0,4.099999904632568,1,2000.0,1998.0,20.0,4.099999904632568,1,2000.0,1998.0,20.0,4.099999904632568,1,2000.0,1998.0,20.0,4.300000190734863,1
2026-03-31 16:57:21,97.64,2000.0,1998.0,20.0,4.099999904632568,1,2000.0,1998.0,20.0,4.099999904632568,1,2000.0,1999.0,20.0,4.099999904632568,1,2000.0,1999.0,20.0,4.099999904632568,1,2000.0,1998.0,20.0,4.099999904632568,1,2000.0,1998.0,20.0,4.300000190734863,1
2026-03-31 16:57:22,98.37,2000.0,1998.0,20.0,4.099999904632568,1,2000.0,1998.0,20.0,4.099999904632568,1,2000.0,1999.0,20.0,4.099999904632568,1,2000.0,1999.0,20.0,4.099999904632568,1,2000.0,1998.0,20.0,4.099999904632568,1,2000.0,1998.0,20.0,4.300000190734863,1
2026-03-31 16:57:23,99.08,2000.0,1998.0,20.0,4.099999904632568,1,2000.0,1998.0,20.0,4.099999904632568,1,2000.0,1999.0,20.0,4.099999904632568,1,2000.0,1999.0,20.0,4.099999904632568,1,2000.0,1998.0,20.0,4.099999904632568,1,2000.0,1998.0,20.0,4.300000190734863,1
2026-03-31 16:57:23,99.8,2000.0,1998.0,20.0,4.099999904632568,1,2000.0,1998.0,20.0,4.099999904632568,1,2000.0,1999.0,20.0,4.099999904632568,1,2000.0,1999.0,20.0,4.099999904632568,1,2000.0,1998.0,20.0,4.099999904632568,1,2000.0,1998.0,20.0,4.300000190734863,1
2026-03-31 16:57:24,100.53,2000.0,1998.0,20.0,4.099999904632568,1,2000.0,1998.0,20.0,4.099999904632568,1,2000.0,1999.0,20.0,4.099999904632568,1,2000.0,1999.0,20.0,4.099999904632568,1,2000.0,1998.0,20.0,4.099999904632568,1,2000.0,1998.0,20.0,4.300000190734863,1
2026-03-31 16:57:25,101.24,2000.0,1998.0,20.0,4.099999904632568,1,2000.0,1998.0,20.0,4.099999904632568,1,2000.0,1999.0,20.0,4.099999904632568,1,2000.0,1999.0,20.0,4.099999904632568,1,2000.0,1998.0,20.0,4.099999904632568,1,2000.0,1998.0,20.0,4.300000190734863,1
2026-03-31 16:57:25,101.96,2000.0,1998.0,20.0,4.099999904632568,1,2000.0,1998.0,20.0,4.099999904632568,1,2000.0,1999.0,20.0,4.099999904632568,1,2000.0,1999.0,20.0,4.099999904632568,1,2000.0,1998.0,20.0,4.099999904632568,1,2000.0,1998.0,20.0,4.300000190734863,1
2026-03-31 16:57:26,102.71,2000.0,1998.0,20.0,4.099999904632568,1,2000.0,1998.0,20.0,4.099999904632568,1,2000.0,1999.0,20.0,4.099999904632568,1,2000.0,1999.0,20.0,4.099999904632568,1,2000.0,1998.0,20.0,4.099999904632568,1,2000.0,1998.0,20.0,4.300000190734863,1
2026-03-31 16:57:27,103.44,2000.0,1998.0,20.0,4.099999904632568,1,2000.0,1998.0,20.0,4.099999904632568,1,2000.0,1999.0,20.0,4.099999904632568,1,2000.0,1999.0,20.0,4.099999904632568,1,2000.0,1998.0,20.0,4.099999904632568,1,2000.0,1998.0,20.0,4.300000190734863,1
2026-03-31 16:57:28,104.15,2000.0,1998.0,20.0,4.099999904632568,1,2000.0,1998.0,20.0,4.099999904632568,1,2000.0,1999.0,20.0,4.099999904632568,1,2000.0,1999.0,20.0,4.099999904632568,1,2000.0,1998.0,20.0,4.099999904632568,1,2000.0,1998.0,20.0,4.300000190734863,1
2026-03-31 16:57:28,104.88,2000.0,1998.0,20.0,4.099999904632568,1,2000.0,1998.0,20.0,4.099999904632568,1,2000.0,1999.0,20.0,4.099999904632568,1,2000.0,1999.0,20.0,4.099999904632568,1,2000.0,1998.0,20.0,4.099999904632568,1,2000.0,1998.0,20.0,4.300000190734863,1
2026-03-31 16:57:29,105.61,2000.0,1998.0,20.0,4.099999904632568,1,2000.0,1998.0,20.0,4.099999904632568,1,2000.0,1999.0,20.0,4.099999904632568,1,2000.0,1999.0,20.0,4.099999904632568,1,2000.0,1998.0,20.0,4.099999904632568,1,2000.0,1998.0,20.0,4.300000190734863,1
2026-03-31 16:57:30,106.32,2000.0,1998.0,20.0,4.099999904632568,1,2000.0,1998.0,20.0,4.099999904632568,1,2000.0,1999.0,20.0,4.099999904632568,1,2000.0,1999.0,20.0,4.099999904632568,1,2000.0,1998.0,20.0,4.099999904632568,1,2000.0,1998.0,20.0,4.300000190734863,1
2026-03-31 16:57:30,107.02,2000.0,1998.0,20.0,4.099999904632568,1,2000.0,1998.0,20.0,4.099999904632568,1,2000.0,1999.0,20.0,4.099999904632568,1,2000.0,1999.0,20.0,4.099999904632568,1,2000.0,1998.0,20.0,4.099999904632568,1,2000.0,1998.0,20.0,4.300000190734863,1
2026-03-31 16:57:31,107.74,2000.0,1998.0,20.0,4.099999904632568,1,2000.0,1998.0,20.0,4.099999904632568,1,2000.0,1999.0,20.0,4.099999904632568,1,2000.0,1999.0,20.0,4.099999904632568,1,2000.0,1998.0,20.0,4.099999904632568,1,2000.0,1998.0,20.0,4.300000190734863,1
2026-03-31 16:57:32,108.46,2000.0,1998.0,20.0,4.099999904632568,1,2000.0,1998.0,20.0,4.099999904632568,1,2000.0,1999.0,20.0,4.099999904632568,1,2000.0,1998.0,20.0,4.099999904632568,1,2000.0,1998.0,20.0,4.099999904632568,1,2000.0,1998.0,20.0,4.300000190734863,1
2026-03-31 16:57:33,109.21,2000.0,1998.0,20.0,4.099999904632568,1,2000.0,1998.0,20.0,4.099999904632568,1,2000.0,1999.0,20.0,4.099999904632568,1,2000.0,1998.0,20.0,4.099999904632568,1,2000.0,1998.0,20.0,4.099999904632568,1,2000.0,1998.0,20.0,4.300000190734863,1
2026-03-31 16:57:33,109.92,2000.0,1998.0,20.0,4.099999904632568,1,2000.0,1998.0,20.0,4.099999904632568,1,2000.0,1999.0,20.0,4.099999904632568,1,2000.0,1998.0,20.0,4.099999904632568,1,2000.0,1998.0,20.0,4.099999904632568,1,2000.0,1998.0,20.0,4.300000190734863,1
2026-03-31 16:57:34,110.64,2000.0,1998.0,20.0,4.099999904632568,1,2000.0,1998.0,20.0,4.099999904632568,1,2000.0,1999.0,20.0,4.099999904632568,1,2000.0,1998.0,20.0,4.099999904632568,1,2000.0,1998.0,20.0,4.099999904632568,1,2000.0,1998.0,20.0,4.300000190734863,1
2026-03-31 16:57:35,111.37,2000.0,1998.0,20.0,4.099999904632568,1,2000.0,1998.0,20.0,4.099999904632568,1,2000.0,1999.0,20.0,4.099999904632568,1,2000.0,1998.0,20.0,4.099999904632568,1,2000.0,1998.0,20.0,4.099999904632568,1,2000.0,1998.0,20.0,4.300000190734863,1
2026-03-31 16:57:36,112.08,2000.0,1998.0,20.0,4.099999904632568,1,2000.0,1998.0,20.0,4.099999904632568,1,2000.0,1999.0,20.0,4.099999904632568,1,2000.0,1998.0,20.0,4.099999904632568,1,2000.0,1998.0,20.0,4.099999904632568,1,2000.0,1998.0,20.0,4.300000190734863,1
2026-03-31 16:57:36,112.79,2000.0,1998.0,20.0,4.099999904632568,1,2000.0,1998.0,20.0,4.099999904632568,1,2000.0,1999.0,20.0,4.099999904632568,1,2000.0,1998.0,20.0,4.099999904632568,1,2000.0,1998.0,20.0,4.099999904632568,1,2000.0,1998.0,20.0,4.300000190734863,1
2026-03-31 16:57:37,113.5,2000.0,1998.0,20.0,4.099999904632568,1,2000.0,1998.0,20.0,4.099999904632568,1,2000.0,1999.0,20.0,4.099999904632568,1,2000.0,1998.0,20.0,4.099999904632568,1,2000.0,1998.0,20.0,4.099999904632568,1,2000.0,1998.0,20.0,4.300000190734863,1
2026-03-31 16:57:38,114.21,2000.0,1998.0,20.0,4.099999904632568,1,2000.0,1998.0,20.0,4.099999904632568,1,2000.0,1999.0,20.0,4.099999904632568,1,2000.0,1998.0,20.0,4.099999904632568,1,2000.0,1998.0,20.0,4.099999904632568,1,2000.0,1998.0,20.0,4.300000190734863,1
2026-03-31 16:57:38,114.94,2000.0,1998.0,20.0,4.099999904632568,1,2000.0,1998.0,20.0,4.099999904632568,1,2000.0,1999.0,20.0,4.099999904632568,1,2000.0,1998.0,20.0,4.099999904632568,1,2000.0,1998.0,20.0,4.099999904632568,1,2000.0,1998.0,20.0,4.300000190734863,1
2026-03-31 16:57:39,115.66,2000.0,1998.0,20.0,4.099999904632568,1,2000.0,1998.0,20.0,4.099999904632568,1,2000.0,1999.0,20.0,4.099999904632568,1,2000.0,1998.0,20.0,4.099999904632568,1,2000.0,1998.0,20.0,4.099999904632568,1,2000.0,1998.0,20.0,4.300000190734863,1
2026-03-31 16:57:40,116.39,2000.0,1998.0,20.0,4.099999904632568,1,2000.0,1998.0,20.0,4.099999904632568,1,2000.0,1999.0,20.0,4.099999904632568,1,2000.0,1998.0,20.0,4.099999904632568,1,2000.0,1998.0,20.0,4.099999904632568,1,2000.0,1998.0,20.0,4.300000190734863,1
2026-03-31 16:57:41,117.12,2000.0,1998.0,20.0,4.099999904632568,1,2000.0,1998.0,20.0,4.099999904632568,1,2000.0,1999.0,20.0,4.099999904632568,1,2000.0,1998.0,20.0,4.099999904632568,1,2000.0,1998.0,20.0,4.099999904632568,1,2000.0,1998.0,20.0,4.300000190734863,1
2026-03-31 16:57:41,117.82,2000.0,1998.0,20.0,4.099999904632568,1,2000.0,1998.0,20.0,4.099999904632568,1,2000.0,1999.0,20.0,4.099999904632568,1,2000.0,1998.0,20.0,4.099999904632568,1,2000.0,1998.0,20.0,4.099999904632568,1,2000.0,1998.0,20.0,4.300000190734863,1
2026-03-31 16:57:42,118.54,2000.0,1998.0,20.0,4.099999904632568,1,2000.0,1998.0,20.0,4.099999904632568,1,2000.0,1999.0,20.0,4.099999904632568,1,2000.0,1998.0,20.0,4.099999904632568,1,2000.0,1998.0,20.0,4.099999904632568,1,2000.0,1998.0,20.0,4.300000190734863,1
2026-03-31 16:57:43,119.25,2000.0,1998.0,20.0,4.099999904632568,1,2000.0,1998.0,20.0,4.099999904632568,1,2000.0,1999.0,20.0,4.099999904632568,1,2000.0,1998.0,20.0,4.099999904632568,1,2000.0,1998.0,20.0,4.099999904632568,1,2000.0,1998.0,20.0,4.300000190734863,1
2026-03-31 16:57:43,119.97,2000.0,1998.0,20.0,4.099999904632568,1,2000.0,1998.0,20.0,4.099999904632568,1,2000.0,1999.0,20.0,4.099999904632568,1,2000.0,1998.0,20.0,4.099999904632568,1,2000.0,1998.0,20.0,4.099999904632568,1,2000.0,1998.0,20.0,4.300000190734863,1
2026-03-31 16:57:44,120.7,2000.0,1998.0,20.0,4.099999904632568,1,2000.0,1998.0,20.0,4.099999904632568,1,2000.0,1999.0,20.0,4.099999904632568,1,2000.0,1999.0,20.0,4.099999904632568,1,2000.0,1998.0,20.0,4.099999904632568,1,2000.0,1998.0,20.0,4.300000190734863,1
2026-03-31 16:57:45,121.42,2000.0,1998.0,20.0,4.099999904632568,1,2000.0,1998.0,20.0,4.099999904632568,1,2000.0,1999.0,20.0,4.099999904632568,1,2000.0,1999.0,20.0,4.099999904632568,1,2000.0,1998.0,20.0,4.099999904632568,1,2000.0,1998.0,20.0,4.300000190734863,1
2026-03-31 16:57:46,122.12,2000.0,1998.0,20.0,4.099999904632568,1,2000.0,1998.0,20.0,4.099999904632568,1,2000.0,1999.0,20.0,4.099999904632568,1,2000.0,1999.0,20.0,4.099999904632568,1,2000.0,1998.0,20.0,4.099999904632568,1,2000.0,1998.0,20.0,4.300000190734863,1
2026-03-31 16:57:46,122.83,2000.0,1998.0,20.0,4.099999904632568,1,2000.0,1998.0,20.0,4.099999904632568,1,2000.0,1999.0,20.0,4.099999904632568,1,2000.0,1999.0,20.0,4.099999904632568,1,2000.0,1998.0,20.0,4.099999904632568,1,2000.0,1998.0,20.0,4.300000190734863,1
2026-03-31 16:57:47,123.56,2000.0,1998.0,20.0,4.099999904632568,1,2000.0,1998.0,20.0,4.099999904632568,1,2000.0,1999.0,20.0,4.099999904632568,1,2000.0,1999.0,20.0,4.099999904632568,1,2000.0,1998.0,20.0,4.099999904632568,1,2000.0,1998.0,20.0,4.300000190734863,1
2026-03-31 16:57:48,124.26,2000.0,1998.0,20.0,4.099999904632568,1,2000.0,1998.0,20.0,4.099999904632568,1,2000.0,1999.0,20.0,4.099999904632568,1,2000.0,1998.0,20.0,4.099999904632568,1,2000.0,1998.0,20.0,4.099999904632568,1,2000.0,1998.0,20.0,4.300000190734863,1
2026-03-31 16:57:48,124.96,2000.0,1998.0,20.0,4.099999904632568,1,2000.0,1998.0,20.0,4.099999904632568,1,2000.0,1999.0,20.0,4.099999904632568,1,2000.0,1998.0,20.0,4.099999904632568,1,2000.0,1998.0,20.0,4.099999904632568,1,2000.0,1998.0,20.0,4.300000190734863,1
2026-03-31 16:57:49,125.67,2000.0,1998.0,20.0,4.099999904632568,1,2000.0,1998.0,20.0,4.099999904632568,1,2000.0,1999.0,20.0,4.099999904632568,1,2000.0,1998.0,20.0,4.099999904632568,1,2000.0,1998.0,20.0,4.099999904632568,1,2000.0,1998.0,20.0,4.300000190734863,1
2026-03-31 16:57:50,126.4,2000.0,1998.0,20.0,4.099999904632568,1,2000.0,1998.0,20.0,4.099999904632568,1,2000.0,1999.0,20.0,4.099999904632568,1,2000.0,1998.0,20.0,4.099999904632568,1,2000.0,1998.0,20.0,4.099999904632568,1,2000.0,1998.0,20.0,4.300000190734863,1
2026-03-31 16:57:51,127.11,2000.0,1998.0,20.0,4.099999904632568,1,2000.0,1998.0,20.0,4.099999904632568,1,2000.0,1999.0,20.0,4.099999904632568,1,2000.0,1998.0,20.0,4.099999904632568,1,2000.0,1998.0,20.0,4.099999904632568,1,2000.0,1998.0,20.0,4.300000190734863,1
2026-03-31 16:57:51,127.82,2000.0,1998.0,20.0,4.099999904632568,1,2000.0,1998.0,20.0,4.099999904632568,1,2000.0,1999.0,20.0,4.099999904632568,1,2000.0,1998.0,20.0,4.099999904632568,1,2000.0,1998.0,20.0,4.099999904632568,1,2000.0,1998.0,20.0,4.300000190734863,1
2026-03-31 16:57:52,128.54,2000.0,1998.0,20.0,4.099999904632568,1,2000.0,1998.0,20.0,4.099999904632568,1,2000.0,1999.0,20.0,4.099999904632568,1,2000.0,1998.0,20.0,4.099999904632568,1,2000.0,1998.0,20.0,4.099999904632568,1,2000.0,1998.0,20.0,4.300000190734863,1
2026-03-31 16:57:53,129.25,2000.0,1998.0,20.0,4.099999904632568,1,2000.0,1998.0,20.0,4.099999904632568,1,2000.0,1999.0,20.0,4.099999904632568,1,2000.0,1998.0,20.0,4.099999904632568,1,2000.0,1998.0,20.0,4.099999904632568,1,2000.0,1998.0,20.0,4.300000190734863,1
2026-03-31 16:57:53,129.95,2000.0,1998.0,20.0,4.099999904632568,1,2000.0,1998.0,20.0,4.099999904632568,1,2000.0,1999.0,20.0,4.099999904632568,1,2000.0,1998.0,20.0,4.099999904632568,1,2000.0,1998.0,20.0,4.099999904632568,1,2000.0,1998.0,20.0,4.300000190734863,1
2026-03-31 16:57:54,130.67,2000.0,1998.0,20.0,4.099999904632568,1,2000.0,1998.0,20.0,4.099999904632568,1,2000.0,1999.0,20.0,4.099999904632568,1,2000.0,1998.0,20.0,4.099999904632568,1,2000.0,1998.0,20.0,4.099999904632568,1,2000.0,1998.0,20.0,4.300000190734863,1
2026-03-31 16:57:55,131.39,2000.0,1998.0,20.0,4.099999904632568,1,2000.0,1998.0,20.0,4.099999904632568,1,2000.0,1999.0,20.0,4.099999904632568,1,2000.0,1998.0,20.0,4.099999904632568,1,2000.0,1998.0,20.0,4.099999904632568,1,2000.0,1998.0,20.0,4.300000190734863,1
2026-03-31 16:57:56,132.1,2000.0,1998.0,20.0,4.099999904632568,1,2000.0,1998.0,20.0,4.099999904632568,1,2000.0,1999.0,20.0,4.099999904632568,1,2000.0,1998.0,20.0,4.099999904632568,1,2000.0,1998.0,20.0,4.099999904632568,1,2000.0,1998.0,20.0,4.300000190734863,1
2026-03-31 16:57:56,132.82,2000.0,1998.0,20.0,4.099999904632568,1,2000.0,1998.0,20.0,4.099999904632568,1,2000.0,1999.0,20.0,4.099999904632568,1,2000.0,1998.0,20.0,4.099999904632568,1,2000.0,1998.0,20.0,4.099999904632568,1,2000.0,1998.0,20.0,4.300000190734863,1
2026-03-31 16:57:57,133.53,2000.0,1998.0,20.0,4.099999904632568,1,2000.0,1998.0,20.0,4.099999904632568,1,2000.0,1999.0,20.0,4.099999904632568,1,2000.0,1998.0,20.0,4.099999904632568,1,2000.0,1998.0,20.0,4.099999904632568,1,2000.0,1998.0,20.0,4.300000190734863,1
2026-03-31 16:57:58,134.24,2000.0,1998.0,20.0,4.099999904632568,1,2000.0,1998.0,20.0,4.099999904632568,1,2000.0,1999.0,20.0,4.099999904632568,1,2000.0,1998.0,20.0,4.099999904632568,1,2000.0,1998.0,20.0,4.099999904632568,1,2000.0,1998.0,20.0,4.300000190734863,1
2026-03-31 16:57:58,134.95,2000.0,1998.0,20.0,4.099999904632568,1,2000.0,1998.0,20.0,4.099999904632568,1,2000.0,1999.0,20.0,4.099999904632568,1,2000.0,1998.0,20.0,4.099999904632568,1,2000.0,1998.0,20.0,4.099999904632568,1,2000.0,1998.0,20.0,4.300000190734863,1
2026-03-31 16:57:59,135.67,2000.0,1998.0,20.0,4.099999904632568,1,2000.0,1998.0,20.0,4.099999904632568,1,2000.0,1999.0,20.0,4.099999904632568,1,2000.0,1998.0,20.0,4.099999904632568,1,2000.0,1998.0,20.0,4.099999904632568,1,2000.0,1998.0,20.0,4.300000190734863,1
2026-03-31 16:58:00,136.37,2000.0,1998.0,20.0,4.099999904632568,1,2000.0,1998.0,20.0,4.099999904632568,1,2000.0,1999.0,20.0,4.099999904632568,1,2000.0,1998.0,20.0,4.099999904632568,1,2000.0,1998.0,20.0,4.099999904632568,1,2000.0,1998.0,20.0,4.300000190734863,1
2026-03-31 16:58:01,137.07,2000.0,1998.0,20.0,4.099999904632568,1,2000.0,1998.0,20.0,4.099999904632568,1,2000.0,1999.0,20.0,4.099999904632568,1,2000.0,1998.0,20.0,4.099999904632568,1,2000.0,1998.0,20.0,4.099999904632568,1,2000.0,1998.0,20.0,4.300000190734863,1
2026-03-31 16:58:01,137.78,2000.0,1998.0,20.0,4.099999904632568,1,2000.0,1998.0,20.0,4.099999904632568,1,2000.0,1999.0,20.0,4.099999904632568,1,2000.0,1998.0,20.0,4.099999904632568,1,2000.0,1998.0,20.0,4.099999904632568,1,2000.0,1998.0,20.0,4.300000190734863,1
2026-03-31 16:58:02,138.5,2000.0,1998.0,20.0,4.099999904632568,1,2000.0,1998.0,20.0,4.099999904632568,1,2000.0,1999.0,20.0,4.099999904632568,1,2000.0,1998.0,20.0,4.099999904632568,1,2000.0,1998.0,20.0,4.099999904632568,1,2000.0,1998.0,20.0,4.300000190734863,1
2026-03-31 16:58:03,139.2,2000.0,1998.0,20.0,4.099999904632568,1,2000.0,1998.0,20.0,4.099999904632568,1,2000.0,1999.0,20.0,4.099999904632568,1,2000.0,1998.0,20.0,4.099999904632568,1,2000.0,1998.0,20.0,4.099999904632568,1,2000.0,1998.0,20.0,4.300000190734863,1
2026-03-31 16:58:03,139.91,2000.0,1998.0,20.0,4.099999904632568,1,2000.0,1998.0,20.0,4.099999904632568,1,2000.0,1999.0,20.0,4.099999904632568,1,2000.0,1998.0,20.0,4.099999904632568,1,2000.0,1998.0,20.0,4.099999904632568,1,2000.0,1998.0,20.0,4.300000190734863,1
2026-03-31 16:58:04,140.61,2000.0,1998.0,20.0,4.099999904632568,1,2000.0,1998.0,20.0,4.099999904632568,1,2000.0,1999.0,20.0,4.099999904632568,1,2000.0,1998.0,20.0,4.099999904632568,1,2000.0,1998.0,20.0,4.099999904632568,1,2000.0,1998.0,20.0,4.300000190734863,1
2026-03-31 16:58:05,141.33,2000.0,1998.0,20.0,4.099999904632568,1,2000.0,1998.0,20.0,4.099999904632568,1,2000.0,1999.0,20.0,4.099999904632568,1,2000.0,1998.0,20.0,4.099999904632568,1,2000.0,1998.0,20.0,4.099999904632568,1,2000.0,1998.0,20.0,4.300000190734863,1
2026-03-31 16:58:05,142.03,2000.0,1998.0,20.0,4.099999904632568,1,2000.0,1998.0,20.0,4.099999904632568,1,2000.0,1999.0,20.0,4.099999904632568,1,2000.0,1998.0,20.0,4.099999904632568,1,2000.0,1998.0,20.0,4.099999904632568,1,2000.0,1998.0,20.0,4.300000190734863,1
2026-03-31 16:58:06,142.74,2000.0,1998.0,20.0,4.099999904632568,1,2000.0,1998.0,20.0,4.099999904632568,1,2000.0,1999.0,20.0,4.099999904632568,1,2000.0,1998.0,20.0,4.099999904632568,1,2000.0,1998.0,20.0,4.099999904632568,1,2000.0,1998.0,20.0,4.300000190734863,1
2026-03-31 16:58:07,143.47,2000.0,1998.0,20.0,4.099999904632568,1,2000.0,1998.0,20.0,4.099999904632568,1,2000.0,1999.0,20.0,4.099999904632568,1,2000.0,1998.0,20.0,4.099999904632568,1,2000.0,1998.0,20.0,4.099999904632568,1,2000.0,1998.0,20.0,4.300000190734863,1
2026-03-31 16:58:08,144.2,2000.0,1998.0,20.0,4.099999904632568,1,2000.0,1998.0,20.0,4.099999904632568,1,2000.0,1999.0,20.0,4.099999904632568,1,2000.0,1999.0,20.0,4.099999904632568,1,2000.0,1998.0,20.0,4.099999904632568,1,2000.0,1998.0,20.0,4.300000190734863,1
2026-03-31 16:58:08,144.91,2000.0,1998.0,20.0,4.099999904632568,1,2000.0,1998.0,20.0,4.099999904632568,1,2000.0,1999.0,20.0,4.099999904632568,1,2000.0,1999.0,20.0,4.099999904632568,1,2000.0,1998.0,20.0,4.099999904632568,1,2000.0,1998.0,20.0,4.300000190734863,1
2026-03-31 16:58:09,145.65,2000.0,1998.0,20.0,4.099999904632568,1,2000.0,1998.0,20.0,4.099999904632568,1,2000.0,1999.0,20.0,4.099999904632568,1,2000.0,1999.0,20.0,4.099999904632568,1,2000.0,1998.0,20.0,4.099999904632568,1,2000.0,1998.0,20.0,4.300000190734863,1
2026-03-31 16:58:10,146.37,2000.0,1998.0,20.0,4.099999904632568,1,2000.0,1998.0,20.0,4.099999904632568,1,2000.0,1999.0,20.0,4.099999904632568,1,2000.0,1999.0,20.0,4.099999904632568,1,2000.0,1998.0,20.0,4.099999904632568,1,2000.0,1998.0,20.0,4.300000190734863,1
2026-03-31 16:58:11,147.12,2000.0,1998.0,20.0,4.099999904632568,1,2000.0,1998.0,20.0,4.099999904632568,1,2000.0,1999.0,20.0,4.099999904632568,1,2000.0,1999.0,20.0,4.099999904632568,1,2000.0,1998.0,20.0,4.099999904632568,1,2000.0,1998.0,20.0,4.300000190734863,1
2026-03-31 16:58:11,147.83,2000.0,1998.0,20.0,4.099999904632568,1,2000.0,1998.0,20.0,4.099999904632568,1,2000.0,1999.0,20.0,4.099999904632568,1,2000.0,1999.0,20.0,4.099999904632568,1,2000.0,1998.0,20.0,4.099999904632568,1,2000.0,1998.0,20.0,4.300000190734863,1
2026-03-31 16:58:12,148.56,2000.0,1998.0,20.0,4.099999904632568,1,2000.0,1998.0,20.0,4.099999904632568,1,2000.0,1999.0,20.0,4.099999904632568,1,2000.0,1999.0,20.0,4.099999904632568,1,2000.0,1998.0,20.0,4.099999904632568,1,2000.0,1998.0,20.0,4.300000190734863,1
2026-03-31 16:58:13,149.27,2000.0,1998.0,20.0,4.099999904632568,1,2000.0,1998.0,20.0,4.099999904632568,1,2000.0,1999.0,20.0,4.099999904632568,1,2000.0,1999.0,20.0,4.099999904632568,1,2000.0,1998.0,20.0,4.099999904632568,1,2000.0,1998.0,20.0,4.300000190734863,1
2026-03-31 16:58:13,149.97,2000.0,1998.0,20.0,4.099999904632568,1,2000.0,1998.0,20.0,4.099999904632568,1,2000.0,1999.0,20.0,4.099999904632568,1,2000.0,1999.0,20.0,4.099999904632568,1,2000.0,1998.0,20.0,4.099999904632568,1,2000.0,1998.0,20.0,4.300000190734863,1
2026-03-31 16:58:14,150.7,2000.0,1998.0,20.0,4.099999904632568,1,2000.0,1998.0,20.0,4.099999904632568,1,2000.0,1999.0,20.0,4.099999904632568,1,2000.0,1999.0,20.0,4.099999904632568,1,2000.0,1998.0,20.0,4.099999904632568,1,2000.0,1998.0,20.0,4.300000190734863,1
2026-03-31 16:58:15,151.4,2000.0,1998.0,20.0,4.099999904632568,1,2000.0,1998.0,20.0,4.099999904632568,1,2000.0,1999.0,20.0,4.099999904632568,1,2000.0,1999.0,20.0,4.099999904632568,1,2000.0,1998.0,20.0,4.099999904632568,1,2000.0,1998.0,20.0,4.300000190734863,1
2026-03-31 16:58:16,152.12,2000.0,1998.0,20.0,4.099999904632568,1,2000.0,1998.0,20.0,4.099999904632568,1,2000.0,1999.0,20.0,4.099999904632568,1,2000.0,1999.0,20.0,4.099999904632568,1,2000.0,1998.0,20.0,4.099999904632568,1,2000.0,1998.0,20.0,4.300000190734863,1
2026-03-31 16:58:16,152.84,2000.0,1998.0,20.0,4.099999904632568,1,2000.0,1998.0,20.0,4.099999904632568,1,2000.0,1999.0,20.0,4.099999904632568,1,2000.0,1999.0,20.0,4.099999904632568,1,2000.0,1998.0,20.0,4.099999904632568,1,2000.0,1998.0,20.0,4.300000190734863,1
2026-03-31 16:58:17,153.55,2000.0,1998.0,20.0,4.099999904632568,1,2000.0,1998.0,20.0,4.099999904632568,1,2000.0,1999.0,20.0,4.099999904632568,1,2000.0,1999.0,20.0,4.099999904632568,1,2000.0,1998.0,20.0,4.099999904632568,1,2000.0,1998.0,20.0,4.300000190734863,1
2026-03-31 16:58:18,154.26,2000.0,1998.0,20.0,4.099999904632568,1,2000.0,1998.0,20.0,4.099999904632568,1,2000.0,1999.0,20.0,4.099999904632568,1,2000.0,1999.0,20.0,4.099999904632568,1,2000.0,1998.0,20.0,4.099999904632568,1,2000.0,1998.0,20.0,4.300000190734863,1
2026-03-31 16:58:18,154.97,2000.0,1998.0,20.0,4.099999904632568,1,2000.0,1998.0,20.0,4.099999904632568,1,2000.0,1999.0,20.0,4.099999904632568,1,2000.0,1999.0,20.0,4.099999904632568,1,2000.0,1998.0,20.0,4.099999904632568,1,2000.0,1998.0,20.0,4.300000190734863,1
2026-03-31 16:58:19,155.69,2000.0,1998.0,20.0,4.099999904632568,1,2000.0,1998.0,20.0,4.099999904632568,1,2000.0,1999.0,20.0,4.099999904632568,1,2000.0,1999.0,20.0,4.099999904632568,1,2000.0,1998.0,20.0,4.099999904632568,1,2000.0,1998.0,20.0,4.300000190734863,1
2026-03-31 16:58:20,156.4,2000.0,1998.0,20.0,4.099999904632568,1,2000.0,1998.0,20.0,4.099999904632568,1,2000.0,1999.0,20.0,4.099999904632568,1,2000.0,1999.0,20.0,4.099999904632568,1,2000.0,1998.0,20.0,4.099999904632568,1,2000.0,1998.0,20.0,4.300000190734863,1
2026-03-31 16:58:21,157.12,2000.0,1998.0,20.0,4.099999904632568,1,2000.0,1998.0,20.0,4.099999904632568,1,2000.0,1999.0,20.0,4.099999904632568,1,2000.0,1999.0,20.0,4.099999904632568,1,2000.0,1998.0,20.0,4.099999904632568,1,2000.0,1998.0,20.0,4.300000190734863,1
2026-03-31 16:58:21,157.85,2000.0,1998.0,20.0,4.099999904632568,1,2000.0,1998.0,20.0,4.099999904632568,1,2000.0,1999.0,20.0,4.099999904632568,1,2000.0,1999.0,20.0,4.099999904632568,1,2000.0,1998.0,20.0,4.099999904632568,1,2000.0,1998.0,20.0,4.300000190734863,1
2026-03-31 16:58:22,158.55,2000.0,1998.0,20.0,4.099999904632568,1,2000.0,1998.0,20.0,4.099999904632568,1,2000.0,1999.0,20.0,4.099999904632568,1,2000.0,1999.0,20.0,4.099999904632568,1,2000.0,1998.0,20.0,4.099999904632568,1,2000.0,1998.0,20.0,4.300000190734863,1
2026-03-31 16:58:23,159.26,2000.0,1998.0,20.0,4.099999904632568,1,2000.0,1998.0,20.0,4.099999904632568,1,2000.0,1999.0,20.0,4.099999904632568,1,2000.0,1999.0,20.0,4.099999904632568,1,2000.0,1998.0,20.0,4.099999904632568,1,2000.0,1998.0,20.0,4.300000190734863,1
2026-03-31 16:58:23,159.96,2000.0,1998.0,20.0,4.099999904632568,1,2000.0,1998.0,20.0,4.099999904632568,1,2000.0,1999.0,20.0,4.099999904632568,1,2000.0,1998.0,20.0,4.099999904632568,1,2000.0,1998.0,20.0,4.099999904632568,1,2000.0,1998.0,20.0,4.300000190734863,1
2026-03-31 16:58:24,160.67,2000.0,1998.0,20.0,4.099999904632568,1,2000.0,1998.0,20.0,4.099999904632568,1,2000.0,1999.0,20.0,4.099999904632568,1,2000.0,1998.0,20.0,4.099999904632568,1,2000.0,1998.0,20.0,4.099999904632568,1,2000.0,1998.0,20.0,4.300000190734863,1
2026-03-31 16:58:25,161.38,2000.0,1998.0,20.0,4.099999904632568,1,2000.0,1998.0,20.0,4.099999904632568,1,2000.0,1999.0,20.0,4.099999904632568,1,2000.0,1998.0,20.0,4.099999904632568,1,2000.0,1998.0,20.0,4.099999904632568,1,2000.0,1998.0,20.0,4.300000190734863,1
2026-03-31 16:58:26,162.09,2000.0,1998.0,20.0,4.099999904632568,1,2000.0,1998.0,20.0,4.099999904632568,1,2000.0,1999.0,20.0,4.099999904632568,1,2000.0,1998.0,20.0,4.099999904632568,1,2000.0,1998.0,20.0,4.099999904632568,1,2000.0,1998.0,20.0,4.300000190734863,1
2026-03-31 16:58:26,162.8,2000.0,1998.0,20.0,4.099999904632568,1,2000.0,1998.0,20.0,4.099999904632568,1,2000.0,1999.0,20.0,4.099999904632568,1,2000.0,1998.0,20.0,4.099999904632568,1,2000.0,1998.0,20.0,4.099999904632568,1,2000.0,1998.0,20.0,4.300000190734863,1
2026-03-31 16:58:27,163.53,2000.0,1998.0,20.0,4.099999904632568,1,2000.0,1998.0,20.0,4.099999904632568,1,2000.0,1999.0,20.0,4.099999904632568,1,2000.0,1998.0,20.0,4.099999904632568,1,2000.0,1998.0,20.0,4.099999904632568,1,2000.0,1998.0,20.0,4.300000190734863,1
2026-03-31 16:58:28,164.27,2000.0,1998.0,20.0,4.099999904632568,1,2000.0,1998.0,20.0,4.099999904632568,1,2000.0,1999.0,20.0,4.099999904632568,1,2000.0,1998.0,20.0,4.099999904632568,1,2000.0,1998.0,20.0,4.099999904632568,1,2000.0,1998.0,20.0,4.300000190734863,1
2026-03-31 16:58:28,164.99,2000.0,1998.0,20.0,4.099999904632568,1,2000.0,1998.0,20.0,4.099999904632568,1,2000.0,1999.0,20.0,4.099999904632568,1,2000.0,1998.0,20.0,4.099999904632568,1,2000.0,1998.0,20.0,4.099999904632568,1,2000.0,1998.0,20.0,4.300000190734863,1
2026-03-31 16:58:29,165.73,2000.0,1998.0,20.0,4.099999904632568,1,2000.0,1998.0,20.0,4.099999904632568,1,2000.0,1999.0,20.0,4.099999904632568,1,2000.0,1998.0,20.0,4.099999904632568,1,2000.0,1998.0,20.0,4.099999904632568,1,2000.0,1998.0,20.0,4.300000190734863,1
2026-03-31 16:58:30,166.48,2000.0,1998.0,20.0,4.099999904632568,1,2000.0,1998.0,20.0,4.099999904632568,1,2000.0,1999.0,20.0,4.099999904632568,1,2000.0,1998.0,20.0,4.099999904632568,1,2000.0,1998.0,20.0,4.099999904632568,1,2000.0,1998.0,20.0,4.300000190734863,1
2026-03-31 16:58:31,167.19,2000.0,1998.0,20.0,4.099999904632568,1,2000.0,1998.0,20.0,4.099999904632568,1,2000.0,1999.0,20.0,4.099999904632568,1,2000.0,1998.0,20.0,4.099999904632568,1,2000.0,1998.0,20.0,4.099999904632568,1,2000.0,1998.0,20.0,4.300000190734863,1
2026-03-31 16:58:31,167.91,2000.0,1998.0,20.0,4.099999904632568,1,2000.0,1998.0,20.0,4.099999904632568,1,2000.0,1999.0,20.0,4.099999904632568,1,2000.0,1998.0,20.0,4.099999904632568,1,2000.0,1998.0,20.0,4.099999904632568,1,2000.0,1998.0,20.0,4.300000190734863,1
2026-03-31 16:58:32,168.62,2000.0,1998.0,20.0,4.099999904632568,1,2000.0,1998.0,20.0,4.099999904632568,1,2000.0,1999.0,20.0,4.099999904632568,1,2000.0,1998.0,20.0,4.099999904632568,1,2000.0,1998.0,20.0,4.099999904632568,1,2000.0,1998.0,20.0,4.300000190734863,1
2026-03-31 16:58:33,169.34,2000.0,1998.0,20.0,4.099999904632568,1,2000.0,1998.0,20.0,4.099999904632568,1,2000.0,1999.0,20.0,4.099999904632568,1,2000.0,1998.0,20.0,4.099999904632568,1,2000.0,1998.0,20.0,4.099999904632568,1,2000.0,1998.0,20.0,4.300000190734863,1
2026-03-31 16:58:33,170.03,2000.0,1998.0,20.0,4.099999904632568,1,2000.0,1998.0,20.0,4.099999904632568,1,2000.0,1999.0,20.0,4.099999904632568,1,2000.0,1998.0,20.0,4.099999904632568,1,2000.0,1998.0,20.0,4.099999904632568,1,2000.0,1998.0,20.0,4.300000190734863,1
2026-03-31 16:58:34,170.75,2000.0,1998.0,20.0,4.099999904632568,1,2000.0,1998.0,20.0,4.099999904632568,1,2000.0,1999.0,20.0,4.099999904632568,1,2000.0,1998.0,20.0,4.099999904632568,1,2000.0,1998.0,20.0,4.099999904632568,1,2000.0,1998.0,20.0,4.300000190734863,1
2026-03-31 16:58:35,171.46,2000.0,1998.0,20.0,4.099999904632568,1,2000.0,1998.0,20.0,4.099999904632568,1,2000.0,1999.0,20.0,4.099999904632568,1,2000.0,1998.0,20.0,4.099999904632568,1,2000.0,1998.0,20.0,4.099999904632568,1,2000.0,1998.0,20.0,4.300000190734863,1
2026-03-31 16:58:36,172.17,2000.0,1998.0,20.0,4.099999904632568,1,2000.0,1998.0,20.0,4.099999904632568,1,2000.0,1999.0,20.0,4.099999904632568,1,2000.0,1998.0,20.0,4.099999904632568,1,2000.0,1998.0,20.0,4.099999904632568,1,2000.0,1998.0,20.0,4.300000190734863,1
2026-03-31 16:58:36,172.88,2000.0,1998.0,20.0,4.099999904632568,1,2000.0,1998.0,20.0,4.099999904632568,1,2000.0,1999.0,20.0,4.099999904632568,1,2000.0,1998.0,20.0,4.099999904632568,1,2000.0,1998.0,20.0,4.099999904632568,1,2000.0,1998.0,20.0,4.300000190734863,1
2026-03-31 16:58:37,173.59,2000.0,1998.0,20.0,4.099999904632568,1,2000.0,1998.0,20.0,4.099999904632568,1,2000.0,1999.0,20.0,4.099999904632568,1,2000.0,1998.0,20.0,4.099999904632568,1,2000.0,1998.0,20.0,4.099999904632568,1,2000.0,1998.0,20.0,4.300000190734863,1
2026-03-31 16:58:38,174.32,2000.0,1998.0,20.0,4.099999904632568,1,2000.0,1998.0,20.0,4.099999904632568,1,2000.0,1999.0,20.0,4.099999904632568,1,2000.0,1998.0,20.0,4.099999904632568,1,2000.0,1998.0,20.0,4.099999904632568,1,2000.0,1998.0,20.0,4.300000190734863,1
2026-03-31 16:58:38,175.03,2000.0,1998.0,20.0,4.099999904632568,1,2000.0,1998.0,20.0,4.099999904632568,1,2000.0,1999.0,20.0,4.099999904632568,1,2000.0,1998.0,20.0,4.099999904632568,1,2000.0,1998.0,20.0,4.099999904632568,1,2000.0,1998.0,20.0,4.300000190734863,1
2026-03-31 16:58:39,175.75,2000.0,1998.0,20.0,4.099999904632568,1,2000.0,1998.0,20.0,4.099999904632568,1,2000.0,1999.0,20.0,4.099999904632568,1,2000.0,1998.0,20.0,4.099999904632568,1,2000.0,1998.0,20.0,4.099999904632568,1,2000.0,1998.0,20.0,4.300000190734863,1
2026-03-31 16:58:40,176.49,2000.0,1998.0,20.0,4.099999904632568,1,2000.0,1998.0,20.0,4.099999904632568,1,2000.0,1999.0,20.0,4.099999904632568,1,2000.0,1998.0,20.0,4.099999904632568,1,2000.0,1998.0,20.0,4.099999904632568,1,2000.0,1998.0,20.0,4.300000190734863,1
2026-03-31 16:58:41,177.19,2000.0,1998.0,20.0,4.099999904632568,1,2000.0,1998.0,20.0,4.099999904632568,1,2000.0,1999.0,20.0,4.099999904632568,1,2000.0,1998.0,20.0,4.099999904632568,1,2000.0,1998.0,20.0,4.099999904632568,1,2000.0,1998.0,20.0,4.300000190734863,1
2026-03-31 16:58:41,177.94,2000.0,1998.0,20.0,4.099999904632568,1,2000.0,1998.0,20.0,4.099999904632568,1,2000.0,1999.0,20.0,4.099999904632568,1,2000.0,1998.0,20.0,4.099999904632568,1,2000.0,1998.0,20.0,4.099999904632568,1,2000.0,1998.0,20.0,4.300000190734863,1
2026-03-31 16:58:42,178.68,2000.0,1998.0,20.0,4.099999904632568,1,2000.0,1998.0,20.0,4.099999904632568,1,2000.0,1999.0,20.0,4.099999904632568,1,2000.0,1998.0,20.0,4.099999904632568,1,2000.0,1998.0,20.0,4.099999904632568,1,2000.0,1998.0,20.0,4.300000190734863,1
2026-03-31 16:58:43,179.42,2000.0,1998.0,20.0,4.099999904632568,1,2000.0,1998.0,20.0,4.099999904632568,1,2000.0,1999.0,20.0,4.099999904632568,1,2000.0,1998.0,20.0,4.099999904632568,1,2000.0,1998.0,20.0,4.099999904632568,1,2000.0,1998.0,20.0,4.300000190734863,1
2026-03-31 16:58:44,180.12,2000.0,1998.0,20.0,4.099999904632568,1,2000.0,1998.0,20.0,4.099999904632568,1,2000.0,1999.0,20.0,4.099999904632568,1,2000.0,1998.0,20.0,4.099999904632568,1,2000.0,1998.0,20.0,4.099999904632568,1,2000.0,1998.0,20.0,4.300000190734863,1
2026-03-31 16:58:44,180.84,2000.0,1998.0,20.0,4.099999904632568,1,2000.0,1998.0,20.0,4.099999904632568,1,2000.0,1999.0,20.0,4.099999904632568,1,2000.0,1998.0,20.0,4.099999904632568,1,2000.0,1998.0,20.0,4.099999904632568,1,2000.0,1998.0,20.0,4.300000190734863,1
2026-03-31 16:58:45,181.55,2000.0,1998.0,20.0,4.099999904632568,1,2000.0,1998.0,20.0,4.099999904632568,1,2000.0,1999.0,20.0,4.099999904632568,1,2000.0,1998.0,20.0,4.099999904632568,1,2000.0,1998.0,20.0,4.099999904632568,1,2000.0,1998.0,20.0,4.300000190734863,1
2026-03-31 16:58:46,182.26,2000.0,1998.0,20.0,4.099999904632568,1,2000.0,1998.0,20.0,4.099999904632568,1,2000.0,1999.0,20.0,4.099999904632568,1,2000.0,1998.0,20.0,4.099999904632568,1,2000.0,1998.0,20.0,4.099999904632568,1,2000.0,1998.0,20.0,4.300000190734863,1
2026-03-31 16:58:46,182.97,2000.0,1998.0,20.0,4.099999904632568,1,2000.0,1998.0,20.0,4.099999904632568,1,2000.0,1999.0,20.0,4.099999904632568,1,2000.0,1998.0,20.0,4.099999904632568,1,2000.0,1998.0,20.0,4.099999904632568,1,2000.0,1998.0,20.0,4.300000190734863,1
2026-03-31 16:58:47,183.68,2000.0,1998.0,20.0,4.099999904632568,1,2000.0,1998.0,20.0,4.099999904632568,1,2000.0,1999.0,20.0,4.099999904632568,1,2000.0,1998.0,20.0,4.099999904632568,1,2000.0,1998.0,20.0,4.099999904632568,1,2000.0,1998.0,20.0,4.300000190734863,1
2026-03-31 16:58:48,184.4,2000.0,1998.0,20.0,4.099999904632568,1,2000.0,1998.0,20.0,4.099999904632568,1,2000.0,1999.0,20.0,4.099999904632568,1,2000.0,1998.0,20.0,4.099999904632568,1,2000.0,1998.0,20.0,4.099999904632568,1,2000.0,1998.0,20.0,4.300000190734863,1
2026-03-31 16:58:49,185.11,2000.0,1998.0,20.0,4.099999904632568,1,2000.0,1998.0,20.0,4.099999904632568,1,2000.0,1999.0,20.0,4.099999904632568,1,2000.0,1998.0,20.0,4.099999904632568,1,2000.0,1998.0,20.0,4.099999904632568,1,2000.0,1998.0,20.0,4.300000190734863,1
2026-03-31 16:58:49,185.81,2000.0,1998.0,20.0,4.099999904632568,1,2000.0,1998.0,20.0,4.099999904632568,1,2000.0,1999.0,20.0,4.099999904632568,1,2000.0,1998.0,20.0,4.099999904632568,1,2000.0,1998.0,20.0,4.099999904632568,1,2000.0,1998.0,20.0,4.300000190734863,1
2026-03-31 16:58:50,186.53,2000.0,1998.0,20.0,4.099999904632568,1,2000.0,1998.0,20.0,4.099999904632568,1,2000.0,1999.0,20.0,4.099999904632568,1,2000.0,1998.0,20.0,4.099999904632568,1,2000.0,1998.0,20.0,4.099999904632568,1,2000.0,1998.0,20.0,4.300000190734863,1
2026-03-31 16:58:51,187.24,2000.0,1998.0,20.0,4.099999904632568,1,2000.0,1998.0,20.0,4.099999904632568,1,2000.0,1999.0,20.0,4.099999904632568,1,2000.0,1999.0,20.0,4.099999904632568,1,2000.0,1998.0,20.0,4.099999904632568,1,2000.0,1999.0,20.0,4.300000190734863,1
2026-03-31 16:58:51,187.96,2000.0,1998.0,20.0,4.099999904632568,1,2000.0,1998.0,20.0,4.099999904632568,1,2000.0,1999.0,20.0,4.099999904632568,1,2000.0,1999.0,20.0,4.099999904632568,1,2000.0,1998.0,20.0,4.099999904632568,1,2000.0,1999.0,20.0,4.300000190734863,1
2026-03-31 16:58:52,188.67,2000.0,1998.0,20.0,4.099999904632568,1,2000.0,1998.0,20.0,4.099999904632568,1,2000.0,1999.0,20.0,4.099999904632568,1,2000.0,1999.0,20.0,4.099999904632568,1,2000.0,1998.0,20.0,4.099999904632568,1,2000.0,1999.0,20.0,4.199999809265137,1
2026-03-31 16:58:53,189.39,2000.0,1998.0,20.0,4.099999904632568,1,2000.0,1998.0,20.0,4.099999904632568,1,2000.0,1999.0,20.0,4.099999904632568,1,2000.0,1999.0,20.0,4.099999904632568,1,2000.0,1998.0,20.0,4.099999904632568,1,2000.0,1999.0,20.0,4.199999809265137,1
2026-03-31 16:58:54,190.12,2000.0,1998.0,20.0,4.099999904632568,1,2000.0,1998.0,20.0,4.099999904632568,1,2000.0,1999.0,20.0,4.099999904632568,1,2000.0,1999.0,20.0,4.099999904632568,1,2000.0,1997.0,20.0,4.300000190734863,1,2000.0,1999.0,20.0,4.199999809265137,1
2026-03-31 16:58:54,190.83,2000.0,1998.0,20.0,4.099999904632568,1,2000.0,1998.0,20.0,4.099999904632568,1,2000.0,1999.0,20.0,4.099999904632568,1,2000.0,1999.0,20.0,4.099999904632568,1,2000.0,1997.0,20.0,4.300000190734863,1,2000.0,1999.0,20.0,4.199999809265137,1
2026-03-31 16:58:55,191.55,2000.0,1998.0,20.0,4.099999904632568,1,2000.0,1998.0,20.0,4.099999904632568,1,2000.0,1999.0,20.0,4.099999904632568,1,2000.0,1999.0,20.0,4.099999904632568,1,2000.0,1997.0,20.0,4.300000190734863,1,2000.0,1999.0,20.0,4.199999809265137,1
2026-03-31 16:58:56,192.26,2000.0,1998.0,20.0,4.099999904632568,1,2000.0,1998.0,20.0,4.099999904632568,1,2000.0,1999.0,20.0,4.099999904632568,1,2000.0,1999.0,20.0,4.099999904632568,1,2000.0,1997.0,20.0,4.300000190734863,1,2000.0,1999.0,20.0,4.199999809265137,1
2026-03-31 16:58:56,192.97,2000.0,1998.0,20.0,4.099999904632568,1,2000.0,1998.0,20.0,4.099999904632568,1,2000.0,1999.0,20.0,4.099999904632568,1,2000.0,1999.0,20.0,4.099999904632568,1,2000.0,1997.0,20.0,4.300000190734863,1,2000.0,1999.0,20.0,4.199999809265137,1
2026-03-31 16:58:57,193.67,2000.0,1998.0,20.0,4.099999904632568,1,2000.0,1998.0,20.0,4.099999904632568,1,2000.0,1999.0,20.0,4.099999904632568,1,2000.0,1999.0,20.0,4.099999904632568,1,2000.0,1997.0,20.0,4.300000190734863,1,2000.0,1999.0,20.0,4.199999809265137,1
2026-03-31 16:58:58,194.39,2000.0,1998.0,20.0,4.099999904632568,1,2000.0,1998.0,20.0,4.099999904632568,1,2000.0,1999.0,20.0,4.099999904632568,1,2000.0,1999.0,20.0,4.099999904632568,1,2000.0,1997.0,20.0,4.300000190734863,1,2000.0,1999.0,20.0,4.199999809265137,1
2026-03-31 16:58:59,195.1,2000.0,1998.0,20.0,4.099999904632568,1,2000.0,1998.0,20.0,4.099999904632568,1,2000.0,1999.0,20.0,4.099999904632568,1,2000.0,1999.0,20.0,4.099999904632568,1,2000.0,1998.0,20.0,4.199999809265137,1,2000.0,1999.0,20.0,4.199999809265137,1
2026-03-31 16:58:59,195.82,2000.0,1998.0,20.0,4.099999904632568,1,2000.0,1998.0,20.0,4.099999904632568,1,2000.0,1999.0,20.0,4.099999904632568,1,2000.0,1999.0,20.0,4.099999904632568,1,2000.0,1998.0,20.0,4.099999904632568,1,2000.0,1999.0,20.0,4.199999809265137,1
2026-03-31 16:59:00,196.52,2000.0,1998.0,20.0,4.099999904632568,1,2000.0,1998.0,20.0,4.099999904632568,1,2000.0,1999.0,20.0,4.099999904632568,1,2000.0,1999.0,20.0,4.099999904632568,1,2000.0,1998.0,20.0,4.099999904632568,1,2000.0,1999.0,20.0,4.199999809265137,1
2026-03-31 16:59:01,197.24,2000.0,1998.0,20.0,4.099999904632568,1,2000.0,1998.0,20.0,4.099999904632568,1,2000.0,1999.0,20.0,4.099999904632568,1,2000.0,1998.0,20.0,4.099999904632568,1,2000.0,1998.0,20.0,4.099999904632568,1,2000.0,1999.0,20.0,4.199999809265137,1
2026-03-31 16:59:01,197.96,2000.0,1998.0,20.0,4.099999904632568,1,2000.0,1998.0,20.0,4.099999904632568,1,2000.0,1999.0,20.0,4.099999904632568,1,2000.0,1998.0,20.0,4.099999904632568,1,2000.0,1998.0,20.0,4.099999904632568,1,2000.0,1999.0,20.0,4.199999809265137,1
2026-03-31 16:59:02,198.66,2000.0,1998.0,20.0,4.099999904632568,1,2000.0,1998.0,20.0,4.099999904632568,1,2000.0,1999.0,20.0,4.099999904632568,1,2000.0,1998.0,20.0,4.099999904632568,1,2000.0,1998.0,20.0,4.099999904632568,1,2000.0,1999.0,20.0,4.199999809265137,1
2026-03-31 16:59:03,199.4,2000.0,1998.0,20.0,4.099999904632568,1,2000.0,1998.0,20.0,4.099999904632568,1,2000.0,1999.0,20.0,4.099999904632568,1,2000.0,1998.0,20.0,4.099999904632568,1,2000.0,1996.0,20.0,4.300000190734863,1,2000.0,1999.0,20.0,4.199999809265137,1
2026-03-31 16:59:04,200.12,2000.0,1998.0,20.0,4.099999904632568,1,2000.0,1998.0,20.0,4.099999904632568,1,2000.0,1999.0,20.0,4.099999904632568,1,2000.0,1998.0,20.0,4.099999904632568,1,2000.0,1997.0,20.0,4.300000190734863,1,2000.0,1999.0,20.0,4.199999809265137,1
2026-03-31 16:59:04,200.85,2000.0,1998.0,20.0,4.099999904632568,1,2000.0,1998.0,20.0,4.099999904632568,1,2000.0,1999.0,20.0,4.099999904632568,1,2000.0,1998.0,20.0,4.099999904632568,1,2000.0,1998.0,20.0,4.300000190734863,1,2000.0,1999.0,20.0,4.199999809265137,1
2026-03-31 16:59:05,201.57,2000.0,1998.0,20.0,4.099999904632568,1,2000.0,1998.0,20.0,4.099999904632568,1,2000.0,1999.0,20.0,4.099999904632568,1,2000.0,1998.0,20.0,4.099999904632568,1,2000.0,1998.0,20.0,4.199999809265137,1,2000.0,1999.0,20.0,4.199999809265137,1
2026-03-31 16:59:06,202.3,2000.0,1998.0,20.0,4.099999904632568,1,2000.0,1998.0,20.0,4.099999904632568,1,2000.0,1999.0,20.0,4.099999904632568,1,2000.0,1998.0,20.0,4.099999904632568,1,2000.0,1997.0,20.0,4.199999809265137,1,2000.0,1999.0,20.0,4.199999809265137,1
2026-03-31 16:59:06,203.01,2000.0,1998.0,20.0,4.099999904632568,1,2000.0,1998.0,20.0,4.099999904632568,1,2000.0,1999.0,20.0,4.099999904632568,1,2000.0,1998.0,20.0,4.099999904632568,1,2000.0,1997.0,20.0,4.199999809265137,1,2000.0,1999.0,20.0,4.199999809265137,1
2026-03-31 16:59:07,203.71,2000.0,1998.0,20.0,4.099999904632568,1,2000.0,1998.0,20.0,4.099999904632568,1,2000.0,1999.0,20.0,4.099999904632568,1,2000.0,1998.0,20.0,4.099999904632568,1,2000.0,1997.0,20.0,4.300000190734863,1,2000.0,1999.0,20.0,4.199999809265137,1
2026-03-31 16:59:08,204.43,2000.0,1998.0,20.0,4.099999904632568,1,2000.0,1998.0,20.0,4.099999904632568,1,2000.0,1999.0,20.0,4.099999904632568,1,2000.0,1998.0,20.0,4.099999904632568,1,2000.0,1997.0,20.0,4.300000190734863,1,2000.0,1999.0,20.0,4.199999809265137,1
2026-03-31 16:59:09,205.13,2000.0,1998.0,20.0,4.099999904632568,1,2000.0,1998.0,20.0,4.099999904632568,1,2000.0,1999.0,20.0,4.099999904632568,1,2000.0,1998.0,20.0,4.099999904632568,1,2000.0,1998.0,20.0,4.300000190734863,1,2000.0,1999.0,20.0,4.199999809265137,1
2026-03-31 16:59:09,205.84,2000.0,1998.0,20.0,4.099999904632568,1,2000.0,1998.0,20.0,4.099999904632568,1,2000.0,1999.0,20.0,4.099999904632568,1,2000.0,1998.0,20.0,4.099999904632568,1,2000.0,1998.0,20.0,4.300000190734863,1,2000.0,1999.0,20.0,4.199999809265137,1
2026-03-31 16:59:10,206.55,2000.0,1998.0,20.0,4.099999904632568,1,2000.0,1998.0,20.0,4.099999904632568,1,2000.0,1999.0,20.0,4.099999904632568,1,2000.0,1998.0,20.0,4.099999904632568,1,2000.0,1998.0,20.0,4.199999809265137,1,2000.0,1999.0,20.0,4.199999809265137,1
2026-03-31 16:59:11,207.26,2000.0,1998.0,20.0,4.099999904632568,1,2000.0,1998.0,20.0,4.099999904632568,1,2000.0,1999.0,20.0,4.099999904632568,1,2000.0,1998.0,20.0,4.099999904632568,1,2000.0,1998.0,20.0,4.199999809265137,1,2000.0,1999.0,20.0,4.199999809265137,1
2026-03-31 16:59:11,207.97,2000.0,1998.0,20.0,4.099999904632568,1,2000.0,1998.0,20.0,4.099999904632568,1,2000.0,1999.0,20.0,4.099999904632568,1,2000.0,1998.0,20.0,4.099999904632568,1,2000.0,1998.0,20.0,4.199999809265137,1,2000.0,1999.0,20.0,4.199999809265137,1
2026-03-31 16:59:12,208.67,2000.0,1998.0,20.0,4.099999904632568,1,2000.0,1998.0,20.0,4.099999904632568,1,2000.0,1999.0,20.0,4.099999904632568,1,2000.0,1998.0,20.0,4.099999904632568,1,2000.0,1997.0,20.0,4.300000190734863,1,2000.0,1999.0,20.0,4.199999809265137,1
2026-03-31 16:59:13,209.37,2000.0,1998.0,20.0,4.099999904632568,1,2000.0,1998.0,20.0,4.099999904632568,1,2000.0,1999.0,20.0,4.099999904632568,1,2000.0,1998.0,20.0,4.099999904632568,1,2000.0,1997.0,20.0,4.300000190734863,1,2000.0,1999.0,20.0,4.199999809265137,1
2026-03-31 16:59:14,210.07,2000.0,1998.0,20.0,4.099999904632568,1,2000.0,1998.0,20.0,4.099999904632568,1,2000.0,1999.0,20.0,4.099999904632568,1,2000.0,1998.0,20.0,4.099999904632568,1,2000.0,1997.0,20.0,4.300000190734863,1,2000.0,1999.0,20.0,4.199999809265137,1
2026-03-31 16:59:14,210.78,2000.0,1998.0,20.0,4.099999904632568,1,2000.0,1998.0,20.0,4.099999904632568,1,2000.0,1999.0,20.0,4.099999904632568,1,2000.0,1998.0,20.0,4.099999904632568,1,2000.0,1997.0,20.0,4.300000190734863,1,2000.0,1999.0,20.0,4.199999809265137,1
2026-03-31 16:59:15,211.49,2000.0,1998.0,20.0,4.099999904632568,1,2000.0,1998.0,20.0,4.099999904632568,1,2000.0,1999.0,20.0,4.099999904632568,1,2000.0,1998.0,20.0,4.099999904632568,1,2000.0,1997.0,20.0,4.300000190734863,1,2000.0,1999.0,20.0,4.199999809265137,1
2026-03-31 16:59:16,212.19,2000.0,1998.0,20.0,4.099999904632568,1,2000.0,1998.0,20.0,4.099999904632568,1,2000.0,1999.0,20.0,4.099999904632568,1,2000.0,1998.0,20.0,4.099999904632568,1,2000.0,1997.0,20.0,4.300000190734863,1,2000.0,1999.0,20.0,4.199999809265137,1
2026-03-31 16:59:16,212.92,2000.0,1998.0,20.0,4.099999904632568,1,2000.0,1998.0,20.0,4.099999904632568,1,2000.0,1999.0,20.0,4.099999904632568,1,2000.0,1998.0,20.0,4.099999904632568,1,2000.0,1997.0,20.0,4.300000190734863,1,2000.0,1999.0,20.0,4.199999809265137,1
2026-03-31 16:59:17,213.64,2000.0,1998.0,20.0,4.099999904632568,1,2000.0,1998.0,20.0,4.099999904632568,1,2000.0,1999.0,20.0,4.099999904632568,1,2000.0,1998.0,20.0,4.099999904632568,1,2000.0,1997.0,20.0,4.300000190734863,1,2000.0,1999.0,20.0,4.199999809265137,1
2026-03-31 16:59:18,214.35,2000.0,1998.0,20.0,4.099999904632568,1,2000.0,1998.0,20.0,4.099999904632568,1,2000.0,1999.0,20.0,4.099999904632568,1,2000.0,1998.0,20.0,4.099999904632568,1,2000.0,1997.0,20.0,4.300000190734863,1,2000.0,1999.0,20.0,4.199999809265137,1
2026-03-31 16:59:19,215.08,2000.0,1998.0,20.0,4.099999904632568,1,2000.0,1998.0,20.0,4.099999904632568,1,2000.0,1999.0,20.0,4.099999904632568,1,2000.0,1998.0,20.0,4.099999904632568,1,2000.0,1997.0,20.0,4.300000190734863,1,2000.0,1999.0,20.0,4.199999809265137,1
2026-03-31 16:59:19,215.81,2000.0,1998.0,20.0,4.099999904632568,1,2000.0,1998.0,20.0,4.099999904632568,1,2000.0,1999.0,20.0,4.099999904632568,1,2000.0,1998.0,20.0,4.099999904632568,1,2000.0,1997.0,20.0,4.300000190734863,1,2000.0,1999.0,20.0,4.199999809265137,1
2026-03-31 16:59:20,216.52,2000.0,1998.0,20.0,4.099999904632568,1,2000.0,1998.0,20.0,4.099999904632568,1,2000.0,1999.0,20.0,4.099999904632568,1,2000.0,1998.0,20.0,4.099999904632568,1,2000.0,1997.0,20.0,4.300000190734863,1,2000.0,1999.0,20.0,4.199999809265137,1
2026-03-31 16:59:21,217.23,2000.0,1998.0,20.0,4.099999904632568,1,2000.0,1998.0,20.0,4.099999904632568,1,2000.0,1999.0,20.0,4.099999904632568,1,2000.0,1998.0,20.0,4.099999904632568,1,2000.0,1997.0,20.0,4.300000190734863,1,2000.0,1999.0,20.0,4.199999809265137,1
2026-03-31 16:59:21,217.95,2000.0,1998.0,20.0,4.099999904632568,1,2000.0,1998.0,20.0,4.099999904632568,1,2000.0,1999.0,20.0,4.099999904632568,1,2000.0,1998.0,20.0,4.099999904632568,1,2000.0,1997.0,20.0,4.300000190734863,1,2000.0,1999.0,20.0,4.199999809265137,1
2026-03-31 16:59:22,218.67,2000.0,1998.0,20.0,4.099999904632568,1,2000.0,1998.0,20.0,4.099999904632568,1,2000.0,1999.0,20.0,4.099999904632568,1,2000.0,1998.0,20.0,4.099999904632568,1,2000.0,1997.0,20.0,4.300000190734863,1,2000.0,1999.0,20.0,4.199999809265137,1
2026-03-31 16:59:23,219.4,2000.0,1998.0,20.0,4.099999904632568,1,2000.0,1998.0,20.0,4.099999904632568,1,2000.0,1999.0,20.0,4.099999904632568,1,2000.0,1998.0,20.0,4.099999904632568,1,2000.0,1997.0,20.0,4.300000190734863,1,2000.0,1999.0,20.0,4.199999809265137,1
2026-03-31 16:59:24,220.12,2000.0,1998.0,20.0,4.099999904632568,1,2000.0,1998.0,20.0,4.099999904632568,1,2000.0,1999.0,20.0,4.099999904632568,1,2000.0,1998.0,20.0,4.099999904632568,1,2000.0,1997.0,20.0,4.300000190734863,1,2000.0,1999.0,20.0,4.199999809265137,1
2026-03-31 16:59:24,220.83,2000.0,1998.0,20.0,4.099999904632568,1,2000.0,1998.0,20.0,4.099999904632568,1,2000.0,1999.0,20.0,4.099999904632568,1,2000.0,1998.0,20.0,4.099999904632568,1,2000.0,1997.0,20.0,4.300000190734863,1,2000.0,1999.0,20.0,4.199999809265137,1
2026-03-31 16:59:25,221.55,2000.0,1998.0,20.0,4.099999904632568,1,2000.0,1998.0,20.0,4.099999904632568,1,2000.0,1999.0,20.0,4.099999904632568,1,2000.0,1998.0,20.0,4.099999904632568,1,2000.0,1997.0,20.0,4.300000190734863,1,2000.0,1999.0,20.0,4.199999809265137,1
2026-03-31 16:59:26,222.26,2000.0,1998.0,20.0,4.099999904632568,1,2000.0,1998.0,20.0,4.099999904632568,1,2000.0,1999.0,20.0,4.099999904632568,1,2000.0,1998.0,20.0,4.099999904632568,1,2000.0,1997.0,20.0,4.300000190734863,1,2000.0,1999.0,20.0,4.199999809265137,1
2026-03-31 16:59:26,222.98,2000.0,1998.0,20.0,4.099999904632568,1,2000.0,1998.0,20.0,4.099999904632568,1,2000.0,1999.0,20.0,4.099999904632568,1,2000.0,1998.0,20.0,4.099999904632568,1,2000.0,1997.0,20.0,4.300000190734863,1,2000.0,1999.0,20.0,4.199999809265137,1
2026-03-31 16:59:27,223.68,2000.0,1998.0,20.0,4.099999904632568,1,2000.0,1998.0,20.0,4.099999904632568,1,2000.0,1999.0,20.0,4.099999904632568,1,2000.0,1998.0,20.0,4.099999904632568,1,2000.0,1997.0,20.0,4.300000190734863,1,2000.0,1999.0,20.0,4.199999809265137,1
2026-03-31 16:59:28,224.39,2000.0,1998.0,20.0,4.099999904632568,1,2000.0,1998.0,20.0,4.099999904632568,1,2000.0,1999.0,20.0,4.099999904632568,1,2000.0,1998.0,20.0,4.099999904632568,1,2000.0,1997.0,20.0,4.300000190734863,1,2000.0,1999.0,20.0,4.199999809265137,1
2026-03-31 16:59:29,225.1,2000.0,1998.0,20.0,4.099999904632568,1,2000.0,1998.0,20.0,4.099999904632568,1,2000.0,1999.0,20.0,4.099999904632568,1,2000.0,1998.0,20.0,4.099999904632568,1,2000.0,1997.0,20.0,4.300000190734863,1,2000.0,1999.0,20.0,4.199999809265137,1
2026-03-31 16:59:29,225.83,2000.0,1998.0,20.0,4.099999904632568,1,2000.0,1998.0,20.0,4.099999904632568,1,2000.0,1999.0,20.0,4.099999904632568,1,2000.0,1998.0,20.0,4.099999904632568,1,2000.0,1997.0,20.0,4.300000190734863,1,2000.0,1999.0,20.0,4.199999809265137,1
2026-03-31 16:59:30,226.54,2000.0,1998.0,20.0,4.099999904632568,1,2000.0,1998.0,20.0,4.099999904632568,1,2000.0,1999.0,20.0,4.099999904632568,1,2000.0,1998.0,20.0,4.099999904632568,1,2000.0,1997.0,20.0,4.300000190734863,1,2000.0,1999.0,20.0,4.199999809265137,1
2026-03-31 16:59:31,227.25,2000.0,1998.0,20.0,4.099999904632568,1,2000.0,1998.0,20.0,4.099999904632568,1,2000.0,1999.0,20.0,4.099999904632568,1,2000.0,1998.0,20.0,4.099999904632568,1,2000.0,1997.0,20.0,4.300000190734863,1,2000.0,1999.0,20.0,4.199999809265137,1
2026-03-31 16:59:31,227.96,2000.0,1998.0,20.0,4.099999904632568,1,2000.0,1998.0,20.0,4.099999904632568,1,2000.0,1999.0,20.0,4.099999904632568,1,2000.0,1998.0,20.0,4.099999904632568,1,2000.0,1997.0,20.0,4.300000190734863,1,2000.0,1999.0,20.0,4.199999809265137,1
2026-03-31 16:59:32,228.69,2000.0,1998.0,20.0,4.099999904632568,1,2000.0,1998.0,20.0,4.099999904632568,1,2000.0,1999.0,20.0,4.099999904632568,1,2000.0,1998.0,20.0,4.099999904632568,1,2000.0,1997.0,20.0,4.300000190734863,1,2000.0,1999.0,20.0,4.199999809265137,1
2026-03-31 16:59:33,229.41,2000.0,1998.0,20.0,4.099999904632568,1,2000.0,1998.0,20.0,4.099999904632568,1,2000.0,1999.0,20.0,4.099999904632568,1,2000.0,1998.0,20.0,4.099999904632568,1,2000.0,1997.0,20.0,4.300000190734863,1,2000.0,1999.0,20.0,4.199999809265137,1
2026-03-31 16:59:34,230.11,2000.0,1998.0,20.0,4.099999904632568,1,2000.0,1998.0,20.0,4.099999904632568,1,2000.0,1999.0,20.0,4.099999904632568,1,2000.0,1998.0,20.0,4.099999904632568,1,2000.0,1997.0,20.0,4.300000190734863,1,2000.0,1999.0,20.0,4.199999809265137,1
2026-03-31 16:59:34,230.83,2000.0,1998.0,20.0,4.099999904632568,1,2000.0,1998.0,20.0,4.099999904632568,1,2000.0,1999.0,20.0,4.099999904632568,1,2000.0,1998.0,20.0,4.099999904632568,1,2000.0,1997.0,20.0,4.300000190734863,1,2000.0,1999.0,20.0,4.199999809265137,1
2026-03-31 16:59:35,231.55,2000.0,1998.0,20.0,4.099999904632568,1,2000.0,1998.0,20.0,4.099999904632568,1,2000.0,1999.0,20.0,4.099999904632568,1,2000.0,1998.0,20.0,4.099999904632568,1,2000.0,1997.0,20.0,4.300000190734863,1,2000.0,1999.0,20.0,4.199999809265137,1
2026-03-31 16:59:36,232.25,2000.0,1998.0,20.0,4.099999904632568,1,2000.0,1998.0,20.0,4.099999904632568,1,2000.0,1999.0,20.0,4.099999904632568,1,2000.0,1998.0,20.0,4.099999904632568,1,2000.0,1997.0,20.0,4.300000190734863,1,2000.0,1999.0,20.0,4.199999809265137,1
2026-03-31 16:59:36,232.96,2000.0,1998.0,20.0,4.099999904632568,1,2000.0,1998.0,20.0,4.099999904632568,1,2000.0,1999.0,20.0,4.099999904632568,1,2000.0,1998.0,20.0,4.099999904632568,1,2000.0,1997.0,20.0,4.300000190734863,1,2000.0,1999.0,20.0,4.199999809265137,1
2026-03-31 16:59:37,233.72,2000.0,1998.0,20.0,4.099999904632568,1,2000.0,1998.0,20.0,4.099999904632568,1,2000.0,1999.0,20.0,4.099999904632568,1,2000.0,1998.0,20.0,4.099999904632568,1,2000.0,1997.0,20.0,4.300000190734863,1,2000.0,1999.0,20.0,4.199999809265137,1
2026-03-31 16:59:38,234.44,2000.0,1998.0,20.0,4.099999904632568,1,2000.0,1998.0,20.0,4.099999904632568,1,2000.0,1999.0,20.0,4.099999904632568,1,2000.0,1998.0,20.0,4.099999904632568,1,2000.0,1997.0,20.0,4.300000190734863,1,2000.0,1999.0,20.0,4.199999809265137,1
2026-03-31 16:59:39,235.15,2000.0,1998.0,20.0,4.099999904632568,1,2000.0,1998.0,20.0,4.099999904632568,1,2000.0,1999.0,20.0,4.099999904632568,1,2000.0,1998.0,20.0,4.099999904632568,1,2000.0,1997.0,20.0,4.300000190734863,1,2000.0,1999.0,20.0,4.199999809265137,1
2026-03-31 16:59:39,235.86,2000.0,1998.0,20.0,4.099999904632568,1,2000.0,1998.0,20.0,4.099999904632568,1,2000.0,1999.0,20.0,4.099999904632568,1,2000.0,1998.0,20.0,4.099999904632568,1,2000.0,1997.0,20.0,4.300000190734863,1,2000.0,1999.0,20.0,4.199999809265137,1
2026-03-31 16:59:40,236.61,2000.0,1998.0,20.0,4.099999904632568,1,2000.0,1998.0,20.0,4.099999904632568,1,2000.0,1999.0,20.0,4.099999904632568,1,2000.0,1998.0,20.0,4.099999904632568,1,2000.0,1997.0,20.0,4.300000190734863,1,2000.0,1999.0,20.0,4.199999809265137,1
2026-03-31 16:59:41,237.33,2000.0,1998.0,20.0,4.099999904632568,1,2000.0,1998.0,20.0,4.099999904632568,1,2000.0,1999.0,20.0,4.099999904632568,1,2000.0,1998.0,20.0,4.099999904632568,1,2000.0,1997.0,20.0,4.300000190734863,1,2000.0,1999.0,20.0,4.199999809265137,1
2026-03-31 16:59:42,238.04,2000.0,1998.0,20.0,4.099999904632568,1,2000.0,1998.0,20.0,4.099999904632568,1,2000.0,1999.0,20.0,4.099999904632568,1,2000.0,1998.0,20.0,4.099999904632568,1,2000.0,1997.0,20.0,4.300000190734863,1,2000.0,1999.0,20.0,4.199999809265137,1
2026-03-31 16:59:42,238.77,2000.0,1998.0,20.0,4.099999904632568,1,2000.0,1998.0,20.0,4.099999904632568,1,2000.0,1999.0,20.0,4.099999904632568,1,2000.0,1998.0,20.0,4.099999904632568,1,2000.0,1997.0,20.0,4.300000190734863,1,2000.0,1999.0,20.0,4.199999809265137,1
2026-03-31 16:59:43,239.49,2000.0,1998.0,20.0,4.099999904632568,1,2000.0,1998.0,20.0,4.099999904632568,1,2000.0,1999.0,20.0,4.099999904632568,1,2000.0,1998.0,20.0,4.099999904632568,1,2000.0,1997.0,20.0,4.300000190734863,1,2000.0,1999.0,20.0,4.199999809265137,1
2026-03-31 16:59:44,240.21,2000.0,1998.0,20.0,4.099999904632568,1,2000.0,1998.0,20.0,4.099999904632568,1,2000.0,1999.0,20.0,4.099999904632568,1,2000.0,1998.0,20.0,4.099999904632568,1,2000.0,1997.0,20.0,4.300000190734863,1,2000.0,1999.0,20.0,4.199999809265137,1
2026-03-31 16:59:44,240.92,2000.0,1998.0,20.0,4.099999904632568,1,2000.0,1998.0,20.0,4.099999904632568,1,2000.0,1999.0,20.0,4.099999904632568,1,2000.0,1998.0,20.0,4.099999904632568,1,2000.0,1997.0,20.0,4.300000190734863,1,2000.0,1999.0,20.0,4.199999809265137,1
2026-03-31 16:59:45,241.62,2000.0,1998.0,20.0,4.099999904632568,1,2000.0,1998.0,20.0,4.099999904632568,1,2000.0,1999.0,20.0,4.099999904632568,1,2000.0,1998.0,20.0,4.099999904632568,1,2000.0,1997.0,20.0,4.300000190734863,1,2000.0,1999.0,20.0,4.199999809265137,1
2026-03-31 16:59:46,242.35,2000.0,1998.0,20.0,4.099999904632568,1,2000.0,1998.0,20.0,4.099999904632568,1,2000.0,1999.0,20.0,4.099999904632568,1,2000.0,1998.0,20.0,4.099999904632568,1,2000.0,1997.0,20.0,4.300000190734863,1,2000.0,1999.0,20.0,4.199999809265137,1
2026-03-31 16:59:47,243.06,2000.0,1998.0,20.0,4.099999904632568,1,2000.0,1998.0,20.0,4.099999904632568,1,2000.0,1999.0,20.0,4.099999904632568,1,2000.0,1998.0,20.0,4.099999904632568,1,2000.0,1997.0,20.0,4.300000190734863,1,2000.0,1999.0,20.0,4.199999809265137,1
2026-03-31 16:59:47,243.78,2000.0,1998.0,20.0,4.099999904632568,1,2000.0,1998.0,20.0,4.099999904632568,1,2000.0,1999.0,20.0,4.099999904632568,1,2000.0,1998.0,20.0,4.099999904632568,1,2000.0,1997.0,20.0,4.300000190734863,1,2000.0,1999.0,20.0,4.199999809265137,1
2026-03-31 16:59:48,244.49,2000.0,1998.0,20.0,4.099999904632568,1,2000.0,1998.0,20.0,4.099999904632568,1,2000.0,1999.0,20.0,4.099999904632568,1,2000.0,1998.0,20.0,4.099999904632568,1,2000.0,1997.0,20.0,4.300000190734863,1,2000.0,1999.0,20.0,4.199999809265137,1
2026-03-31 16:59:49,245.2,2000.0,1998.0,20.0,4.099999904632568,1,2000.0,1998.0,20.0,4.099999904632568,1,2000.0,1999.0,20.0,4.099999904632568,1,2000.0,1998.0,20.0,4.099999904632568,1,2000.0,1997.0,20.0,4.300000190734863,1,2000.0,1999.0,20.0,4.199999809265137,1
2026-03-31 16:59:49,245.9,2000.0,1998.0,20.0,4.099999904632568,1,2000.0,1998.0,20.0,4.099999904632568,1,2000.0,1999.0,20.0,4.099999904632568,1,2000.0,1998.0,20.0,4.099999904632568,1,2000.0,1997.0,20.0,4.300000190734863,1,2000.0,1999.0,20.0,4.199999809265137,1
2026-03-31 16:59:50,246.61,2000.0,1998.0,20.0,4.099999904632568,1,2000.0,1998.0,20.0,4.099999904632568,1,2000.0,1999.0,20.0,4.099999904632568,1,2000.0,1998.0,20.0,4.099999904632568,1,2000.0,1997.0,20.0,4.300000190734863,1,2000.0,1999.0,20.0,4.199999809265137,1
2026-03-31 16:59:51,247.33,2000.0,1998.0,20.0,4.099999904632568,1,2000.0,1998.0,20.0,4.099999904632568,1,2000.0,1999.0,20.0,4.099999904632568,1,2000.0,1998.0,20.0,4.099999904632568,1,2000.0,1997.0,20.0,4.300000190734863,1,2000.0,1999.0,20.0,4.199999809265137,1
2026-03-31 16:59:51,248.03,2000.0,1998.0,20.0,4.099999904632568,1,2000.0,1998.0,20.0,4.099999904632568,1,2000.0,1999.0,20.0,4.099999904632568,1,2000.0,1998.0,20.0,4.099999904632568,1,2000.0,1997.0,20.0,4.300000190734863,1,2000.0,1999.0,20.0,4.199999809265137,1
2026-03-31 16:59:52,248.75,2000.0,1998.0,20.0,4.099999904632568,1,2000.0,1998.0,20.0,4.099999904632568,1,2000.0,1999.0,20.0,4.099999904632568,1,2000.0,1998.0,20.0,4.099999904632568,1,2000.0,1997.0,20.0,4.300000190734863,1,2000.0,1999.0,20.0,4.199999809265137,1
2026-03-31 16:59:53,249.46,2000.0,1998.0,20.0,4.099999904632568,1,2000.0,1998.0,20.0,4.099999904632568,1,2000.0,1999.0,20.0,4.099999904632568,1,2000.0,1998.0,20.0,4.099999904632568,1,2000.0,1997.0,20.0,4.300000190734863,1,2000.0,1999.0,20.0,4.199999809265137,1
2026-03-31 16:59:54,250.16,2000.0,1998.0,20.0,4.099999904632568,1,2000.0,1998.0,20.0,4.099999904632568,1,2000.0,1999.0,20.0,4.099999904632568,1,2000.0,1998.0,20.0,4.099999904632568,1,2000.0,1997.0,20.0,4.300000190734863,1,2000.0,1999.0,20.0,4.199999809265137,1
2026-03-31 16:59:54,250.87,2000.0,1998.0,20.0,4.099999904632568,1,2000.0,1998.0,20.0,4.099999904632568,1,2000.0,1999.0,20.0,4.099999904632568,1,2000.0,1998.0,20.0,4.099999904632568,1,2000.0,1997.0,20.0,4.300000190734863,1,2000.0,1999.0,20.0,4.199999809265137,1
2026-03-31 16:59:55,251.57,2000.0,1998.0,20.0,4.099999904632568,1,2000.0,1998.0,20.0,4.099999904632568,1,2000.0,1999.0,20.0,4.099999904632568,1,2000.0,1998.0,20.0,4.099999904632568,1,2000.0,1997.0,20.0,4.300000190734863,1,2000.0,1999.0,20.0,4.199999809265137,1
2026-03-31 16:59:56,252.27,2000.0,1998.0,20.0,4.099999904632568,1,2000.0,1998.0,20.0,4.099999904632568,1,2000.0,1999.0,20.0,4.099999904632568,1,2000.0,1998.0,20.0,4.099999904632568,1,2000.0,1997.0,20.0,4.300000190734863,1,2000.0,1999.0,20.0,4.199999809265137,1
2026-03-31 16:59:56,252.98,2000.0,1998.0,20.0,4.099999904632568,1,2000.0,1998.0,20.0,4.099999904632568,1,2000.0,1999.0,20.0,4.099999904632568,1,2000.0,1998.0,20.0,4.099999904632568,1,2000.0,1997.0,20.0,4.300000190734863,1,2000.0,1999.0,20.0,4.199999809265137,1
2026-03-31 16:59:57,253.7,2000.0,1998.0,20.0,4.099999904632568,1,2000.0,1998.0,20.0,4.099999904632568,1,2000.0,1999.0,20.0,4.099999904632568,1,2000.0,1998.0,20.0,4.099999904632568,1,2000.0,1997.0,20.0,4.300000190734863,1,2000.0,1999.0,20.0,4.199999809265137,1
2026-03-31 16:59:58,254.42,2000.0,1998.0,20.0,4.099999904632568,1,2000.0,1998.0,20.0,4.099999904632568,1,2000.0,1999.0,20.0,4.099999904632568,1,2000.0,1998.0,20.0,4.099999904632568,1,2000.0,1997.0,20.0,4.300000190734863,1,2000.0,1999.0,20.0,4.199999809265137,1
2026-03-31 16:59:59,255.13,2000.0,1998.0,20.0,4.099999904632568,1,2000.0,1998.0,20.0,4.099999904632568,1,2000.0,1999.0,20.0,4.099999904632568,1,2000.0,1998.0,20.0,4.099999904632568,1,2000.0,1997.0,20.0,4.300000190734863,1,2000.0,1999.0,20.0,4.199999809265137,1
2026-03-31 16:59:59,255.83,2000.0,1998.0,20.0,4.099999904632568,1,2000.0,1998.0,20.0,4.099999904632568,1,2000.0,1999.0,20.0,4.099999904632568,1,2000.0,1998.0,20.0,4.099999904632568,1,2000.0,1997.0,20.0,4.300000190734863,1,2000.0,1999.0,20.0,4.199999809265137,1
2026-03-31 17:00:00,256.54,2000.0,1998.0,20.0,4.099999904632568,1,2000.0,1998.0,20.0,4.099999904632568,1,2000.0,1998.0,20.0,4.099999904632568,1,2000.0,1998.0,20.0,4.099999904632568,1,2000.0,1997.0,20.0,4.300000190734863,1,2000.0,1999.0,20.0,4.199999809265137,1
2026-03-31 17:00:01,257.26,2000.0,1998.0,20.0,4.099999904632568,1,2000.0,1998.0,20.0,4.099999904632568,1,2000.0,1998.0,20.0,4.099999904632568,1,2000.0,1998.0,20.0,4.099999904632568,1,2000.0,1997.0,20.0,4.300000190734863,1,2000.0,1999.0,20.0,4.199999809265137,1
2026-03-31 17:00:01,257.96,2000.0,1998.0,20.0,4.099999904632568,1,2000.0,1998.0,20.0,4.099999904632568,1,2000.0,1998.0,20.0,4.099999904632568,1,2000.0,1998.0,20.0,4.099999904632568,1,2000.0,1997.0,20.0,4.300000190734863,1,2000.0,1999.0,20.0,4.199999809265137,1
2026-03-31 17:00:02,258.67,2000.0,1998.0,20.0,4.099999904632568,1,2000.0,1998.0,20.0,4.099999904632568,1,2000.0,1998.0,20.0,4.099999904632568,1,2000.0,1998.0,20.0,4.099999904632568,1,2000.0,1997.0,20.0,4.300000190734863,1,2000.0,1999.0,20.0,4.199999809265137,1
2026-03-31 17:00:03,259.37,2000.0,1998.0,20.0,4.099999904632568,1,2000.0,1998.0,20.0,4.099999904632568,1,2000.0,1998.0,20.0,4.099999904632568,1,2000.0,1998.0,20.0,4.099999904632568,1,2000.0,1997.0,20.0,4.300000190734863,1,2000.0,1999.0,20.0,4.199999809265137,1
2026-03-31 17:00:04,260.08,2000.0,1998.0,20.0,4.099999904632568,1,2000.0,1998.0,20.0,4.099999904632568,1,2000.0,1998.0,20.0,4.099999904632568,1,2000.0,1998.0,20.0,4.099999904632568,1,2000.0,1997.0,20.0,4.300000190734863,1,2000.0,1999.0,20.0,4.199999809265137,1
2026-03-31 17:00:04,260.79,2000.0,1998.0,20.0,4.099999904632568,1,2000.0,1998.0,20.0,4.099999904632568,1,2000.0,1998.0,20.0,4.099999904632568,1,2000.0,1998.0,20.0,4.099999904632568,1,2000.0,1997.0,20.0,4.300000190734863,1,2000.0,1999.0,20.0,4.199999809265137,1
2026-03-31 17:00:05,261.5,2000.0,1998.0,20.0,4.099999904632568,1,2000.0,1998.0,20.0,4.099999904632568,1,2000.0,1998.0,20.0,4.099999904632568,1,2000.0,1998.0,20.0,4.099999904632568,1,2000.0,1997.0,20.0,4.300000190734863,1,2000.0,1999.0,20.0,4.199999809265137,1
2026-03-31 17:00:06,262.2,2000.0,1998.0,20.0,4.099999904632568,1,2000.0,1998.0,20.0,4.099999904632568,1,2000.0,1998.0,20.0,4.099999904632568,1,2000.0,1998.0,20.0,4.099999904632568,1,2000.0,1997.0,20.0,4.300000190734863,1,2000.0,1999.0,20.0,4.199999809265137,1
2026-03-31 17:00:06,262.93,2000.0,1998.0,20.0,4.099999904632568,1,2000.0,1998.0,20.0,4.099999904632568,1,2000.0,1998.0,20.0,4.099999904632568,1,2000.0,1998.0,20.0,4.099999904632568,1,2000.0,1997.0,20.0,4.300000190734863,1,2000.0,1999.0,20.0,4.199999809265137,1
2026-03-31 17:00:07,263.64,2000.0,1998.0,20.0,4.099999904632568,1,2000.0,1998.0,20.0,4.099999904632568,1,2000.0,1998.0,20.0,4.099999904632568,1,2000.0,1998.0,20.0,4.099999904632568,1,2000.0,1997.0,20.0,4.300000190734863,1,2000.0,1999.0,20.0,4.199999809265137,1
2026-03-31 17:00:08,264.36,2000.0,1998.0,20.0,4.099999904632568,1,2000.0,1998.0,20.0,4.099999904632568,1,2000.0,1998.0,20.0,4.099999904632568,1,2000.0,1998.0,20.0,4.099999904632568,1,2000.0,1998.0,20.0,4.199999809265137,1,2000.0,1999.0,20.0,4.199999809265137,1
2026-03-31 17:00:09,265.06,2000.0,1998.0,20.0,4.099999904632568,1,2000.0,1998.0,20.0,4.099999904632568,1,2000.0,1998.0,20.0,4.099999904632568,1,2000.0,1998.0,20.0,4.099999904632568,1,2000.0,1998.0,20.0,4.199999809265137,1,2000.0,1999.0,20.0,4.199999809265137,1
2026-03-31 17:00:09,265.77,2000.0,1998.0,20.0,4.099999904632568,1,2000.0,1998.0,20.0,4.099999904632568,1,2000.0,1998.0,20.0,4.099999904632568,1,2000.0,1997.0,20.0,4.300000190734863,1,2000.0,1998.0,20.0,4.099999904632568,1,2000.0,1999.0,20.0,4.199999809265137,1
2026-03-31 17:00:10,266.48,2000.0,1998.0,20.0,4.099999904632568,1,2000.0,1998.0,20.0,4.099999904632568,1,2000.0,1998.0,20.0,4.099999904632568,1,2000.0,1997.0,20.0,4.300000190734863,1,2000.0,1998.0,20.0,4.099999904632568,1,2000.0,1999.0,20.0,4.199999809265137,1
2026-03-31 17:00:11,267.19,2000.0,1998.0,20.0,4.099999904632568,1,2000.0,1998.0,20.0,4.099999904632568,1,2000.0,1998.0,20.0,4.099999904632568,1,2000.0,1997.0,20.0,4.400000095367432,1,2000.0,1998.0,20.0,4.099999904632568,1,2000.0,1999.0,20.0,4.199999809265137,1
2026-03-31 17:00:11,267.91,2000.0,1998.0,20.0,4.099999904632568,1,2000.0,1998.0,20.0,4.099999904632568,1,2000.0,1998.0,20.0,4.099999904632568,1,2000.0,1998.0,20.0,4.400000095367432,1,2000.0,1998.0,20.0,4.099999904632568,1,2000.0,1999.0,20.0,4.199999809265137,1
2026-03-31 17:00:12,268.62,2000.0,1998.0,20.0,4.099999904632568,1,2000.0,1998.0,20.0,4.099999904632568,1,2000.0,1998.0,20.0,4.099999904632568,1,2000.0,1998.0,20.0,4.400000095367432,1,2000.0,1998.0,20.0,4.099999904632568,1,2000.0,1999.0,20.0,4.199999809265137,1
2026-03-31 17:00:13,269.33,2000.0,1998.0,20.0,4.099999904632568,1,2000.0,1998.0,20.0,4.099999904632568,1,2000.0,1998.0,20.0,4.099999904632568,1,2000.0,1998.0,20.0,4.400000095367432,1,2000.0,1998.0,20.0,4.099999904632568,1,2000.0,1999.0,20.0,4.199999809265137,1
2026-03-31 17:00:14,270.05,2000.0,1998.0,20.0,4.099999904632568,1,2000.0,1998.0,20.0,4.099999904632568,1,2000.0,1998.0,20.0,4.099999904632568,1,2000.0,1998.0,20.0,4.400000095367432,1,2000.0,1998.0,20.0,4.099999904632568,1,2000.0,1999.0,20.0,4.199999809265137,1
2026-03-31 17:00:14,270.77,2000.0,1998.0,20.0,4.099999904632568,1,2000.0,1998.0,20.0,4.099999904632568,1,2000.0,1998.0,20.0,4.099999904632568,1,2000.0,1998.0,20.0,4.400000095367432,1,2000.0,1998.0,20.0,4.099999904632568,1,2000.0,1999.0,20.0,4.199999809265137,1
2026-03-31 17:00:15,271.51,2000.0,1998.0,20.0,4.099999904632568,1,2000.0,1998.0,20.0,4.099999904632568,1,2000.0,1998.0,20.0,4.099999904632568,1,2000.0,1998.0,20.0,4.400000095367432,1,2000.0,1998.0,20.0,4.099999904632568,1,2000.0,1999.0,20.0,4.199999809265137,1
2026-03-31 17:00:16,272.22,2000.0,1998.0,20.0,4.099999904632568,1,2000.0,1998.0,20.0,4.099999904632568,1,2000.0,1998.0,20.0,4.099999904632568,1,2000.0,1998.0,20.0,4.400000095367432,1,2000.0,1998.0,20.0,4.099999904632568,1,2000.0,1999.0,20.0,4.199999809265137,1
2026-03-31 17:00:16,272.94,2000.0,1998.0,20.0,4.099999904632568,1,2000.0,1998.0,20.0,4.099999904632568,1,2000.0,1998.0,20.0,4.099999904632568,1,2000.0,1998.0,20.0,4.400000095367432,1,2000.0,1998.0,20.0,4.099999904632568,1,2000.0,1999.0,20.0,4.199999809265137,1
2026-03-31 17:00:17,273.66,2000.0,1998.0,20.0,4.099999904632568,1,2000.0,1998.0,20.0,4.099999904632568,1,2000.0,1998.0,20.0,4.099999904632568,1,2000.0,1998.0,20.0,4.400000095367432,1,2000.0,1998.0,20.0,4.099999904632568,1,2000.0,1999.0,20.0,4.199999809265137,1
2026-03-31 17:00:18,274.37,2000.0,1998.0,20.0,4.099999904632568,1,2000.0,1998.0,20.0,4.099999904632568,1,2000.0,1998.0,20.0,4.099999904632568,1,2000.0,1998.0,20.0,4.400000095367432,1,2000.0,1998.0,20.0,4.099999904632568,1,2000.0,1999.0,20.0,4.199999809265137,1
2026-03-31 17:00:19,275.08,2000.0,1998.0,20.0,4.099999904632568,1,2000.0,1998.0,20.0,4.099999904632568,1,2000.0,1998.0,20.0,4.099999904632568,1,2000.0,1998.0,20.0,4.400000095367432,1,2000.0,1998.0,20.0,4.099999904632568,1,2000.0,1999.0,20.0,4.199999809265137,1
2026-03-31 17:00:19,275.8,2000.0,1998.0,20.0,4.099999904632568,1,2000.0,1998.0,20.0,4.099999904632568,1,2000.0,1998.0,20.0,4.099999904632568,1,2000.0,1998.0,20.0,4.400000095367432,1,2000.0,1998.0,20.0,4.099999904632568,1,2000.0,1999.0,20.0,4.199999809265137,1
2026-03-31 17:00:20,276.54,2000.0,1998.0,20.0,4.099999904632568,1,2000.0,1998.0,20.0,4.099999904632568,1,2000.0,1998.0,20.0,4.099999904632568,1,2000.0,1998.0,20.0,4.400000095367432,1,2000.0,1998.0,20.0,4.099999904632568,1,2000.0,1999.0,20.0,4.199999809265137,1
2026-03-31 17:00:21,277.26,2000.0,1998.0,20.0,4.099999904632568,1,2000.0,1998.0,20.0,4.099999904632568,1,2000.0,1998.0,20.0,4.099999904632568,1,2000.0,1998.0,20.0,4.400000095367432,1,2000.0,1998.0,20.0,4.099999904632568,1,2000.0,1999.0,20.0,4.199999809265137,1
2026-03-31 17:00:21,277.98,2000.0,1998.0,20.0,4.099999904632568,1,2000.0,1998.0,20.0,4.099999904632568,1,2000.0,1998.0,20.0,4.099999904632568,1,2000.0,1998.0,20.0,4.400000095367432,1,2000.0,1998.0,20.0,4.099999904632568,1,2000.0,1999.0,20.0,4.199999809265137,1
2026-03-31 17:00:22,278.69,2000.0,1998.0,20.0,4.099999904632568,1,2000.0,1998.0,20.0,4.099999904632568,1,2000.0,1998.0,20.0,4.099999904632568,1,2000.0,1998.0,20.0,4.400000095367432,1,2000.0,1998.0,20.0,4.099999904632568,1,2000.0,1999.0,20.0,4.199999809265137,1
2026-03-31 17:00:23,279.4,2000.0,1998.0,20.0,4.099999904632568,1,2000.0,1998.0,20.0,4.099999904632568,1,2000.0,1998.0,20.0,4.099999904632568,1,2000.0,1998.0,20.0,4.400000095367432,1,2000.0,1998.0,20.0,4.099999904632568,1,2000.0,1999.0,20.0,4.199999809265137,1
2026-03-31 17:00:24,280.15,2000.0,1998.0,20.0,4.099999904632568,1,2000.0,1998.0,20.0,4.099999904632568,1,2000.0,1998.0,20.0,4.099999904632568,1,2000.0,1998.0,20.0,4.400000095367432,1,2000.0,1998.0,20.0,4.099999904632568,1,2000.0,1999.0,20.0,4.199999809265137,1
2026-03-31 17:00:24,280.86,2000.0,1998.0,20.0,4.099999904632568,1,2000.0,1998.0,20.0,4.099999904632568,1,2000.0,1998.0,20.0,4.099999904632568,1,2000.0,1998.0,20.0,4.400000095367432,1,2000.0,1998.0,20.0,4.099999904632568,1,2000.0,1999.0,20.0,4.199999809265137,1
2026-03-31 17:00:25,281.58,2000.0,1998.0,20.0,4.099999904632568,1,2000.0,1998.0,20.0,4.099999904632568,1,2000.0,1998.0,20.0,4.099999904632568,1,2000.0,1998.0,20.0,4.400000095367432,1,2000.0,1998.0,20.0,4.099999904632568,1,2000.0,1999.0,20.0,4.199999809265137,1
2026-03-31 17:00:26,282.3,2000.0,1998.0,20.0,4.099999904632568,1,2000.0,1998.0,20.0,4.099999904632568,1,2000.0,1998.0,20.0,4.099999904632568,1,2000.0,1998.0,20.0,4.400000095367432,1,2000.0,1998.0,20.0,4.099999904632568,1,2000.0,1999.0,20.0,4.199999809265137,1
2026-03-31 17:00:26,283.02,2000.0,1998.0,20.0,4.099999904632568,1,2000.0,1998.0,20.0,4.099999904632568,1,2000.0,1998.0,20.0,4.099999904632568,1,2000.0,1998.0,20.0,4.400000095367432,1,2000.0,1998.0,20.0,4.099999904632568,1,2000.0,1999.0,20.0,4.199999809265137,1
2026-03-31 17:00:27,283.74,2000.0,1998.0,20.0,4.099999904632568,1,2000.0,1998.0,20.0,4.099999904632568,1,2000.0,1998.0,20.0,4.099999904632568,1,2000.0,1998.0,20.0,4.400000095367432,1,2000.0,1998.0,20.0,4.099999904632568,1,2000.0,1999.0,20.0,4.199999809265137,1
2026-03-31 17:00:28,284.46,2000.0,1998.0,20.0,4.099999904632568,1,2000.0,1998.0,20.0,4.099999904632568,1,2000.0,1998.0,20.0,4.099999904632568,1,2000.0,1998.0,20.0,4.400000095367432,1,2000.0,1998.0,20.0,4.099999904632568,1,2000.0,1999.0,20.0,4.199999809265137,1
2026-03-31 17:00:29,285.16,2000.0,1998.0,20.0,4.099999904632568,1,2000.0,1998.0,20.0,4.099999904632568,1,2000.0,1998.0,20.0,4.099999904632568,1,2000.0,1998.0,20.0,4.400000095367432,1,2000.0,1998.0,20.0,4.099999904632568,1,2000.0,1999.0,20.0,4.199999809265137,1
2026-03-31 17:00:29,285.87,2000.0,1998.0,20.0,4.099999904632568,1,2000.0,1998.0,20.0,4.099999904632568,1,2000.0,1998.0,20.0,4.099999904632568,1,2000.0,1998.0,20.0,4.400000095367432,1,2000.0,1998.0,20.0,4.099999904632568,1,2000.0,1999.0,20.0,4.199999809265137,1
2026-03-31 17:00:30,286.59,2000.0,1998.0,20.0,4.099999904632568,1,2000.0,1998.0,20.0,4.099999904632568,1,2000.0,1998.0,20.0,4.099999904632568,1,2000.0,1998.0,20.0,4.400000095367432,1,2000.0,1998.0,20.0,4.099999904632568,1,2000.0,1999.0,20.0,4.199999809265137,1
2026-03-31 17:00:31,287.31,2000.0,1998.0,20.0,4.099999904632568,1,2000.0,1998.0,20.0,4.099999904632568,1,2000.0,1998.0,20.0,4.099999904632568,1,2000.0,1998.0,20.0,4.400000095367432,1,2000.0,1998.0,20.0,4.099999904632568,1,2000.0,1999.0,20.0,4.199999809265137,1
2026-03-31 17:00:31,288.02,2000.0,1998.0,20.0,4.099999904632568,1,2000.0,1998.0,20.0,4.099999904632568,1,2000.0,1998.0,20.0,4.099999904632568,1,2000.0,1998.0,20.0,4.400000095367432,1,2000.0,1998.0,20.0,4.099999904632568,1,2000.0,1999.0,20.0,4.199999809265137,1
2026-03-31 17:00:32,288.73,2000.0,1998.0,20.0,4.099999904632568,1,2000.0,1998.0,20.0,4.099999904632568,1,2000.0,1998.0,20.0,4.099999904632568,1,2000.0,1998.0,20.0,4.400000095367432,1,2000.0,1998.0,20.0,4.099999904632568,1,2000.0,1999.0,20.0,4.199999809265137,1
2026-03-31 17:00:33,289.45,2000.0,1998.0,20.0,4.099999904632568,1,2000.0,1998.0,20.0,4.099999904632568,1,2000.0,1998.0,20.0,4.099999904632568,1,2000.0,1998.0,20.0,4.400000095367432,1,2000.0,1998.0,20.0,4.099999904632568,1,2000.0,1999.0,20.0,4.199999809265137,1
2026-03-31 17:00:34,290.19,2000.0,1998.0,20.0,4.099999904632568,1,2000.0,1998.0,20.0,4.099999904632568,1,2000.0,1998.0,20.0,4.099999904632568,1,2000.0,1998.0,20.0,4.400000095367432,1,2000.0,1998.0,20.0,4.099999904632568,1,2000.0,1999.0,20.0,4.199999809265137,1
2026-03-31 17:00:34,290.94,2000.0,1998.0,20.0,4.099999904632568,1,2000.0,1998.0,20.0,4.099999904632568,1,2000.0,1998.0,20.0,4.099999904632568,1,2000.0,1998.0,20.0,4.400000095367432,1,2000.0,1998.0,20.0,4.099999904632568,1,2000.0,1999.0,20.0,4.199999809265137,1
2026-03-31 17:00:35,291.66,2000.0,1998.0,20.0,4.099999904632568,1,2000.0,1998.0,20.0,4.099999904632568,1,2000.0,1998.0,20.0,4.099999904632568,1,2000.0,1998.0,20.0,4.400000095367432,1,2000.0,1998.0,20.0,4.099999904632568,1,2000.0,1999.0,20.0,4.199999809265137,1
2026-03-31 17:00:36,292.42,2000.0,1998.0,20.0,4.099999904632568,1,2000.0,1998.0,20.0,4.099999904632568,1,2000.0,1998.0,20.0,4.099999904632568,1,2000.0,1998.0,20.0,4.400000095367432,1,2000.0,1998.0,20.0,4.099999904632568,1,2000.0,1999.0,20.0,4.199999809265137,1
2026-03-31 17:00:37,293.14,2000.0,1998.0,20.0,4.099999904632568,1,2000.0,1998.0,20.0,4.099999904632568,1,2000.0,1998.0,20.0,4.099999904632568,1,2000.0,1998.0,20.0,4.400000095367432,1,2000.0,1998.0,20.0,4.099999904632568,1,2000.0,1999.0,20.0,4.199999809265137,1
2026-03-31 17:00:37,293.88,2000.0,1998.0,20.0,4.099999904632568,1,2000.0,1998.0,20.0,4.099999904632568,1,2000.0,1998.0,20.0,4.099999904632568,1,2000.0,1998.0,20.0,4.400000095367432,1,2000.0,1998.0,20.0,4.099999904632568,1,2000.0,1999.0,20.0,4.199999809265137,1
2026-03-31 17:00:38,294.6,2000.0,1998.0,20.0,4.099999904632568,1,2000.0,1998.0,20.0,4.099999904632568,1,2000.0,1998.0,20.0,4.099999904632568,1,2000.0,1998.0,20.0,4.400000095367432,1,2000.0,1998.0,20.0,4.099999904632568,1,2000.0,1999.0,20.0,4.199999809265137,1
2026-03-31 17:00:39,295.33,2000.0,1998.0,20.0,4.099999904632568,1,2000.0,1998.0,20.0,4.099999904632568,1,2000.0,1998.0,20.0,4.099999904632568,1,2000.0,1998.0,20.0,4.400000095367432,1,2000.0,1998.0,20.0,4.099999904632568,1,2000.0,1999.0,20.0,4.199999809265137,1
2026-03-31 17:00:40,296.04,2000.0,1998.0,20.0,4.099999904632568,1,2000.0,1998.0,20.0,4.099999904632568,1,2000.0,1998.0,20.0,4.099999904632568,1,2000.0,1998.0,20.0,4.400000095367432,1,2000.0,1998.0,20.0,4.099999904632568,1,2000.0,1999.0,20.0,4.199999809265137,1
2026-03-31 17:00:40,296.76,2000.0,1998.0,20.0,4.099999904632568,1,2000.0,1998.0,20.0,4.099999904632568,1,2000.0,1998.0,20.0,4.099999904632568,1,2000.0,1998.0,20.0,4.400000095367432,1,2000.0,1998.0,20.0,4.099999904632568,1,2000.0,1999.0,20.0,4.199999809265137,1
2026-03-31 17:00:41,297.48,2000.0,1998.0,20.0,4.099999904632568,1,2000.0,1998.0,20.0,4.099999904632568,1,2000.0,1998.0,20.0,4.099999904632568,1,2000.0,1998.0,20.0,4.400000095367432,1,2000.0,1998.0,20.0,4.099999904632568,1,2000.0,1999.0,20.0,4.199999809265137,1
2026-03-31 17:00:42,298.19,2000.0,1998.0,20.0,4.099999904632568,1,2000.0,1998.0,20.0,4.099999904632568,1,2000.0,1998.0,20.0,4.099999904632568,1,2000.0,1998.0,20.0,4.400000095367432,1,2000.0,1998.0,20.0,4.099999904632568,1,2000.0,1999.0,20.0,4.199999809265137,1
2026-03-31 17:00:42,298.89,2000.0,1998.0,20.0,4.099999904632568,1,2000.0,1998.0,20.0,4.099999904632568,1,2000.0,1998.0,20.0,4.099999904632568,1,2000.0,1998.0,20.0,4.400000095367432,1,2000.0,1998.0,20.0,4.099999904632568,1,2000.0,1999.0,20.0,4.199999809265137,1
2026-03-31 17:00:43,299.59,2000.0,1998.0,20.0,4.099999904632568,1,2000.0,1998.0,20.0,4.099999904632568,1,2000.0,1998.0,20.0,4.099999904632568,1,2000.0,1998.0,20.0,4.400000095367432,1,2000.0,1998.0,20.0,4.099999904632568,1,2000.0,1999.0,20.0,4.199999809265137,1
2026-03-31 17:00:44,300.31,2000.0,1998.0,20.0,4.099999904632568,1,2000.0,1998.0,20.0,4.099999904632568,1,2000.0,1998.0,20.0,4.099999904632568,1,2000.0,1998.0,20.0,4.199999809265137,1,2000.0,1998.0,20.0,4.099999904632568,1,2000.0,1999.0,20.0,4.199999809265137,1
2026-03-31 17:00:44,301.02,2000.0,1998.0,20.0,4.099999904632568,1,2000.0,1998.0,20.0,4.099999904632568,1,2000.0,1998.0,20.0,4.099999904632568,1,2000.0,1998.0,20.0,4.199999809265137,1,2000.0,1998.0,20.0,4.099999904632568,1,2000.0,1999.0,20.0,4.199999809265137,1
2026-03-31 17:00:45,301.74,2000.0,1998.0,20.0,4.099999904632568,1,2000.0,1998.0,20.0,4.099999904632568,1,2000.0,1998.0,20.0,4.099999904632568,1,2000.0,1998.0,20.0,4.199999809265137,1,2000.0,1998.0,20.0,4.099999904632568,1,2000.0,1999.0,20.0,4.199999809265137,1
2026-03-31 17:00:46,302.46,2000.0,1998.0,20.0,4.099999904632568,1,2000.0,1998.0,20.0,4.099999904632568,1,2000.0,1998.0,20.0,4.300000190734863,1,2000.0,1998.0,20.0,4.199999809265137,1,2000.0,1998.0,20.0,4.099999904632568,1,2000.0,1999.0,20.0,4.199999809265137,1
2026-03-31 17:00:47,303.18,2000.0,1998.0,20.0,4.099999904632568,1,2000.0,1998.0,20.0,4.099999904632568,1,2000.0,1998.0,20.0,4.199999809265137,1,2000.0,1998.0,20.0,4.199999809265137,1,2000.0,1998.0,20.0,4.099999904632568,1,2000.0,1999.0,20.0,4.199999809265137,1
2026-03-31 17:00:47,303.9,2000.0,1998.0,20.0,4.099999904632568,1,2000.0,1998.0,20.0,4.099999904632568,1,2000.0,1998.0,20.0,4.300000190734863,1,2000.0,1998.0,20.0,4.199999809265137,1,2000.0,1998.0,20.0,4.099999904632568,1,2000.0,1999.0,20.0,4.199999809265137,1
2026-03-31 17:00:48,304.65,2000.0,1998.0,20.0,4.099999904632568,1,2000.0,1998.0,20.0,4.099999904632568,1,2000.0,1998.0,20.0,4.300000190734863,1,2000.0,1998.0,20.0,4.199999809265137,1,2000.0,1998.0,20.0,4.099999904632568,1,2000.0,1999.0,20.0,4.199999809265137,1
2026-03-31 17:00:49,305.36,2000.0,1998.0,20.0,4.099999904632568,1,2000.0,1998.0,20.0,4.099999904632568,1,2000.0,1998.0,20.0,4.300000190734863,1,2000.0,1998.0,20.0,4.199999809265137,1,2000.0,1998.0,20.0,4.099999904632568,1,2000.0,1999.0,20.0,4.199999809265137,1
2026-03-31 17:00:50,306.06,2000.0,1998.0,20.0,4.099999904632568,1,2000.0,1998.0,20.0,4.099999904632568,1,2000.0,1998.0,20.0,4.300000190734863,1,2000.0,1998.0,20.0,4.199999809265137,1,2000.0,1998.0,20.0,4.099999904632568,1,2000.0,1999.0,20.0,4.199999809265137,1
2026-03-31 17:00:50,306.77,2000.0,1998.0,20.0,4.099999904632568,1,2000.0,1998.0,20.0,4.099999904632568,1,2000.0,1998.0,20.0,4.300000190734863,1,2000.0,1998.0,20.0,4.199999809265137,1,2000.0,1998.0,20.0,4.099999904632568,1,2000.0,1999.0,20.0,4.199999809265137,1
2026-03-31 17:00:51,307.49,2000.0,1998.0,20.0,4.099999904632568,1,2000.0,1998.0,20.0,4.099999904632568,1,2000.0,1998.0,20.0,4.300000190734863,1,2000.0,1998.0,20.0,4.199999809265137,1,2000.0,1998.0,20.0,4.099999904632568,1,2000.0,1999.0,20.0,4.199999809265137,1
2026-03-31 17:00:52,308.21,2000.0,1998.0,20.0,4.099999904632568,1,2000.0,1998.0,20.0,4.099999904632568,1,2000.0,1998.0,20.0,4.300000190734863,1,2000.0,1998.0,20.0,4.199999809265137,1,2000.0,1998.0,20.0,4.099999904632568,1,2000.0,1999.0,20.0,4.199999809265137,1
2026-03-31 17:00:52,308.94,2000.0,1998.0,20.0,4.099999904632568,1,2000.0,1998.0,20.0,4.099999904632568,1,2000.0,1998.0,20.0,4.300000190734863,1,2000.0,1998.0,20.0,4.199999809265137,1,2000.0,1998.0,20.0,4.099999904632568,1,2000.0,1999.0,20.0,4.199999809265137,1
2026-03-31 17:00:53,309.64,2000.0,1998.0,20.0,4.099999904632568,1,2000.0,1998.0,20.0,4.099999904632568,1,2000.0,1998.0,20.0,4.300000190734863,1,2000.0,1998.0,20.0,4.199999809265137,1,2000.0,1998.0,20.0,4.099999904632568,1,2000.0,1999.0,20.0,4.199999809265137,1
2026-03-31 17:00:54,310.35,2000.0,1998.0,20.0,4.099999904632568,1,2000.0,1998.0,20.0,4.099999904632568,1,2000.0,1998.0,20.0,4.300000190734863,1,2000.0,1998.0,20.0,4.199999809265137,1,2000.0,1998.0,20.0,4.099999904632568,1,2000.0,1999.0,20.0,4.199999809265137,1
2026-03-31 17:00:55,311.05,2000.0,1998.0,20.0,4.099999904632568,1,2000.0,1998.0,20.0,4.099999904632568,1,2000.0,1998.0,20.0,4.300000190734863,1,2000.0,1998.0,20.0,4.199999809265137,1,2000.0,1998.0,20.0,4.099999904632568,1,2000.0,1999.0,20.0,4.199999809265137,1
2026-03-31 17:00:55,311.75,2000.0,1998.0,20.0,4.099999904632568,1,2000.0,1998.0,20.0,4.099999904632568,1,2000.0,1998.0,20.0,4.300000190734863,1,2000.0,1998.0,20.0,4.199999809265137,1,2000.0,1998.0,20.0,4.099999904632568,1,2000.0,1999.0,20.0,4.199999809265137,1
2026-03-31 17:00:56,312.47,2000.0,1998.0,20.0,4.099999904632568,1,2000.0,1998.0,20.0,4.099999904632568,1,2000.0,1998.0,20.0,4.300000190734863,1,2000.0,1998.0,20.0,4.199999809265137,1,2000.0,1998.0,20.0,4.099999904632568,1,2000.0,1999.0,20.0,4.199999809265137,1
2026-03-31 17:00:57,313.18,2000.0,1998.0,20.0,4.099999904632568,1,2000.0,1998.0,20.0,4.099999904632568,1,2000.0,1998.0,20.0,4.300000190734863,1,2000.0,1998.0,20.0,4.199999809265137,1,2000.0,1998.0,20.0,4.099999904632568,1,2000.0,1999.0,20.0,4.199999809265137,1
2026-03-31 17:00:57,313.89,2000.0,1999.0,20.0,4.099999904632568,1,2000.0,1998.0,20.0,4.099999904632568,1,2000.0,1998.0,20.0,4.300000190734863,1,2000.0,1998.0,20.0,4.199999809265137,1,2000.0,1998.0,20.0,4.099999904632568,1,2000.0,1999.0,20.0,4.199999809265137,1
2026-03-31 17:00:58,314.6,2000.0,1999.0,20.0,4.099999904632568,1,2000.0,1998.0,20.0,4.099999904632568,1,2000.0,1998.0,20.0,4.300000190734863,1,2000.0,1998.0,20.0,4.199999809265137,1,2000.0,1998.0,20.0,4.099999904632568,1,2000.0,1999.0,20.0,4.199999809265137,1
2026-03-31 17:00:59,315.3,2000.0,1999.0,20.0,4.099999904632568,1,2000.0,1998.0,20.0,4.099999904632568,1,2000.0,1998.0,20.0,4.300000190734863,1,2000.0,1998.0,20.0,4.199999809265137,1,2000.0,1998.0,20.0,4.099999904632568,1,2000.0,1999.0,20.0,4.199999809265137,1
2026-03-31 17:00:59,316.01,2000.0,1999.0,20.0,4.099999904632568,1,2000.0,1998.0,20.0,4.099999904632568,1,2000.0,1998.0,20.0,4.300000190734863,1,2000.0,1998.0,20.0,4.199999809265137,1,2000.0,1998.0,20.0,4.099999904632568,1,2000.0,1999.0,20.0,4.199999809265137,1
2026-03-31 17:01:00,316.73,2000.0,1999.0,20.0,4.099999904632568,1,2000.0,1998.0,20.0,4.099999904632568,1,2000.0,1998.0,20.0,4.300000190734863,1,2000.0,1998.0,20.0,4.199999809265137,1,2000.0,1998.0,20.0,4.099999904632568,1,2000.0,1999.0,20.0,4.199999809265137,1
2026-03-31 17:01:01,317.46,2000.0,1999.0,20.0,4.099999904632568,1,2000.0,1998.0,20.0,4.099999904632568,1,2000.0,1998.0,20.0,4.300000190734863,1,2000.0,1998.0,20.0,4.199999809265137,1,2000.0,1998.0,20.0,4.099999904632568,1,2000.0,1999.0,20.0,4.199999809265137,1
2026-03-31 17:01:02,318.16,2000.0,1999.0,20.0,4.099999904632568,1,2000.0,1998.0,20.0,4.099999904632568,1,2000.0,1998.0,20.0,4.300000190734863,1,2000.0,1998.0,20.0,4.199999809265137,1,2000.0,1998.0,20.0,4.099999904632568,1,2000.0,1999.0,20.0,4.199999809265137,1
2026-03-31 17:01:02,318.89,2000.0,1999.0,20.0,4.099999904632568,1,2000.0,1998.0,20.0,4.099999904632568,1,2000.0,1998.0,20.0,4.300000190734863,1,2000.0,1998.0,20.0,4.199999809265137,1,2000.0,1998.0,20.0,4.099999904632568,1,2000.0,1999.0,20.0,4.199999809265137,1
2026-03-31 17:01:03,319.6,2000.0,1999.0,20.0,4.099999904632568,1,2000.0,1998.0,20.0,4.099999904632568,1,2000.0,1998.0,20.0,4.300000190734863,1,2000.0,1999.0,20.0,4.199999809265137,1,2000.0,1998.0,20.0,4.099999904632568,1,2000.0,1999.0,20.0,4.199999809265137,1
2026-03-31 17:01:04,320.33,2000.0,1999.0,20.0,4.099999904632568,1,2000.0,1998.0,20.0,4.099999904632568,1,2000.0,1998.0,20.0,4.300000190734863,1,2000.0,1998.0,20.0,4.199999809265137,1,2000.0,1998.0,20.0,4.099999904632568,1,2000.0,1999.0,20.0,4.199999809265137,1
2026-03-31 17:01:05,321.03,2000.0,1999.0,20.0,4.099999904632568,1,2000.0,1998.0,20.0,4.099999904632568,1,2000.0,1998.0,20.0,4.300000190734863,1,2000.0,1998.0,20.0,4.199999809265137,1,2000.0,1998.0,20.0,4.099999904632568,1,2000.0,1999.0,20.0,4.199999809265137,1
2026-03-31 17:01:05,321.75,2000.0,1999.0,20.0,4.099999904632568,1,2000.0,1998.0,20.0,4.099999904632568,1,2000.0,1998.0,20.0,4.300000190734863,1,2000.0,1998.0,20.0,4.199999809265137,1,2000.0,1998.0,20.0,4.099999904632568,1,2000.0,1999.0,20.0,4.199999809265137,1
2026-03-31 17:01:06,322.45,2000.0,1999.0,20.0,4.099999904632568,1,2000.0,1998.0,20.0,4.099999904632568,1,2000.0,1998.0,20.0,4.300000190734863,1,2000.0,1998.0,20.0,4.199999809265137,1,2000.0,1998.0,20.0,4.099999904632568,1,2000.0,1999.0,20.0,4.199999809265137,1
2026-03-31 17:01:07,323.16,2000.0,1999.0,20.0,4.099999904632568,1,2000.0,1998.0,20.0,4.099999904632568,1,2000.0,1998.0,20.0,4.300000190734863,1,2000.0,1998.0,20.0,4.199999809265137,1,2000.0,1998.0,20.0,4.099999904632568,1,2000.0,1999.0,20.0,4.199999809265137,1
2026-03-31 17:01:07,323.87,2000.0,1999.0,20.0,4.099999904632568,1,2000.0,1998.0,20.0,4.099999904632568,1,2000.0,1998.0,20.0,4.300000190734863,1,2000.0,1998.0,20.0,4.199999809265137,1,2000.0,1998.0,20.0,4.099999904632568,1,2000.0,1999.0,20.0,4.199999809265137,1
2026-03-31 17:01:08,324.61,2000.0,1999.0,20.0,4.099999904632568,1,2000.0,1998.0,20.0,4.099999904632568,1,2000.0,1998.0,20.0,4.300000190734863,1,2000.0,1998.0,20.0,4.199999809265137,1,2000.0,1998.0,20.0,4.099999904632568,1,2000.0,1999.0,20.0,4.199999809265137,1
2026-03-31 17:01:09,325.33,2000.0,1999.0,20.0,4.099999904632568,1,2000.0,1998.0,20.0,4.099999904632568,1,2000.0,1998.0,20.0,4.300000190734863,1,2000.0,1998.0,20.0,4.199999809265137,1,2000.0,1998.0,20.0,4.099999904632568,1,2000.0,1999.0,20.0,4.199999809265137,1
2026-03-31 17:01:10,326.04,2000.0,1999.0,20.0,4.099999904632568,1,2000.0,1998.0,20.0,4.099999904632568,1,2000.0,1998.0,20.0,4.300000190734863,1,2000.0,1998.0,20.0,4.199999809265137,1,2000.0,1998.0,20.0,4.099999904632568,1,2000.0,1999.0,20.0,4.199999809265137,1
2026-03-31 17:01:10,326.76,2000.0,1999.0,20.0,4.099999904632568,1,2000.0,1998.0,20.0,4.099999904632568,1,2000.0,1998.0,20.0,4.300000190734863,1,2000.0,1999.0,20.0,4.199999809265137,1,2000.0,1998.0,20.0,4.099999904632568,1,2000.0,1999.0,20.0,4.199999809265137,1
2026-03-31 17:01:11,327.53,2000.0,1999.0,20.0,4.099999904632568,1,2000.0,1998.0,20.0,4.099999904632568,1,2000.0,1998.0,20.0,4.300000190734863,1,2000.0,1999.0,20.0,4.199999809265137,1,2000.0,1998.0,20.0,4.099999904632568,1,2000.0,1999.0,20.0,4.199999809265137,1
2026-03-31 17:01:12,328.24,2000.0,1999.0,20.0,4.099999904632568,1,2000.0,1998.0,20.0,4.099999904632568,1,2000.0,1998.0,20.0,4.300000190734863,1,2000.0,1999.0,20.0,4.199999809265137,1,2000.0,1998.0,20.0,4.099999904632568,1,2000.0,1999.0,20.0,4.199999809265137,1
2026-03-31 17:01:12,328.96,2000.0,1999.0,20.0,4.099999904632568,1,2000.0,1998.0,20.0,4.099999904632568,1,2000.0,1998.0,20.0,4.300000190734863,1,2000.0,1999.0,20.0,4.199999809265137,1,2000.0,1998.0,20.0,4.099999904632568,1,2000.0,1999.0,20.0,4.199999809265137,1
2026-03-31 17:01:13,329.66,2000.0,1999.0,20.0,4.099999904632568,1,2000.0,1998.0,20.0,4.099999904632568,1,2000.0,1998.0,20.0,4.300000190734863,1,2000.0,1999.0,20.0,4.199999809265137,1,2000.0,1998.0,20.0,4.099999904632568,1,2000.0,1999.0,20.0,4.199999809265137,1
2026-03-31 17:01:14,330.39,2000.0,1999.0,20.0,4.099999904632568,1,2000.0,1998.0,20.0,4.099999904632568,1,2000.0,1998.0,20.0,4.300000190734863,1,2000.0,1999.0,20.0,4.199999809265137,1,2000.0,1998.0,20.0,4.099999904632568,1,2000.0,1999.0,20.0,4.199999809265137,1
2026-03-31 17:01:15,331.09,2000.0,1999.0,20.0,4.099999904632568,1,2000.0,1998.0,20.0,4.099999904632568,1,2000.0,1998.0,20.0,4.300000190734863,1,2000.0,1999.0,20.0,4.199999809265137,1,2000.0,1998.0,20.0,4.099999904632568,1,2000.0,1999.0,20.0,4.199999809265137,1
2026-03-31 17:01:15,331.81,2000.0,1999.0,20.0,4.099999904632568,1,2000.0,1998.0,20.0,4.099999904632568,1,2000.0,1998.0,20.0,4.300000190734863,1,2000.0,1999.0,20.0,4.199999809265137,1,2000.0,1998.0,20.0,4.099999904632568,1,2000.0,1999.0,20.0,4.199999809265137,1
2026-03-31 17:01:16,332.51,2000.0,1999.0,20.0,4.099999904632568,1,2000.0,1998.0,20.0,4.099999904632568,1,2000.0,1998.0,20.0,4.300000190734863,1,2000.0,1999.0,20.0,4.199999809265137,1,2000.0,1998.0,20.0,4.099999904632568,1,2000.0,1999.0,20.0,4.199999809265137,1
2026-03-31 17:01:17,333.22,2000.0,1999.0,20.0,4.099999904632568,1,2000.0,1998.0,20.0,4.099999904632568,1,2000.0,1998.0,20.0,4.300000190734863,1,2000.0,1999.0,20.0,4.199999809265137,1,2000.0,1998.0,20.0,4.099999904632568,1,2000.0,1999.0,20.0,4.199999809265137,1
2026-03-31 17:01:17,333.95,2000.0,1999.0,20.0,4.099999904632568,1,2000.0,1998.0,20.0,4.099999904632568,1,2000.0,1998.0,20.0,4.300000190734863,1,2000.0,1999.0,20.0,4.199999809265137,1,2000.0,1998.0,20.0,4.099999904632568,1,2000.0,1999.0,20.0,4.199999809265137,1
2026-03-31 17:01:18,334.65,2000.0,1999.0,20.0,4.099999904632568,1,2000.0,1998.0,20.0,4.099999904632568,1,2000.0,1998.0,20.0,4.300000190734863,1,2000.0,1999.0,20.0,4.199999809265137,1,2000.0,1998.0,20.0,4.099999904632568,1,2000.0,1999.0,20.0,4.199999809265137,1
2026-03-31 17:01:19,335.38,2000.0,1999.0,20.0,4.099999904632568,1,2000.0,1998.0,20.0,4.099999904632568,1,2000.0,1998.0,20.0,4.300000190734863,1,2000.0,1999.0,20.0,4.199999809265137,1,2000.0,1998.0,20.0,4.099999904632568,1,2000.0,1999.0,20.0,4.199999809265137,1
2026-03-31 17:01:20,336.1,2000.0,1999.0,20.0,4.099999904632568,1,2000.0,1998.0,20.0,4.099999904632568,1,2000.0,1998.0,20.0,4.300000190734863,1,2000.0,1999.0,20.0,4.199999809265137,1,2000.0,1998.0,20.0,4.099999904632568,1,2000.0,1999.0,20.0,4.199999809265137,1
2026-03-31 17:01:20,336.82,2000.0,1999.0,20.0,4.099999904632568,1,2000.0,1998.0,20.0,4.099999904632568,1,2000.0,1998.0,20.0,4.300000190734863,1,2000.0,1999.0,20.0,4.199999809265137,1,2000.0,1998.0,20.0,4.099999904632568,1,2000.0,1999.0,20.0,4.199999809265137,1
2026-03-31 17:01:21,337.54,2000.0,1999.0,20.0,4.099999904632568,1,2000.0,1998.0,20.0,4.099999904632568,1,2000.0,1998.0,20.0,4.300000190734863,1,2000.0,1999.0,20.0,4.199999809265137,1,2000.0,1998.0,20.0,4.099999904632568,1,2000.0,1999.0,20.0,4.199999809265137,1
2026-03-31 17:01:22,338.28,2000.0,1999.0,20.0,4.099999904632568,1,2000.0,1998.0,20.0,4.099999904632568,1,2000.0,1998.0,20.0,4.199999809265137,1,2000.0,1998.0,20.0,4.199999809265137,1,2000.0,1998.0,20.0,4.099999904632568,1,2000.0,1999.0,20.0,4.199999809265137,1
2026-03-31 17:01:22,339.02,2000.0,1999.0,20.0,4.099999904632568,1,2000.0,1998.0,20.0,4.099999904632568,1,2000.0,1998.0,20.0,4.099999904632568,1,2000.0,1998.0,20.0,4.199999809265137,1,2000.0,1998.0,20.0,4.099999904632568,1,2000.0,1999.0,20.0,4.199999809265137,1
2026-03-31 17:01:23,339.75,2000.0,1999.0,20.0,4.099999904632568,1,2000.0,1998.0,20.0,4.400000095367432,1,2000.0,1998.0,20.0,4.099999904632568,1,2000.0,1999.0,20.0,4.199999809265137,1,2000.0,1998.0,20.0,4.099999904632568,1,2000.0,1999.0,20.0,4.199999809265137,1
2026-03-31 17:01:24,340.48,2000.0,1999.0,20.0,4.099999904632568,1,2000.0,1998.0,20.0,4.199999809265137,1,2000.0,1998.0,20.0,4.099999904632568,1,2000.0,1999.0,20.0,4.199999809265137,1,2000.0,1998.0,20.0,4.099999904632568,1,2000.0,1999.0,20.0,4.199999809265137,1
2026-03-31 17:01:25,341.21,2000.0,1999.0,20.0,4.099999904632568,1,2000.0,1998.0,20.0,4.300000190734863,1,2000.0,1998.0,20.0,4.099999904632568,1,2000.0,1999.0,20.0,4.199999809265137,1,2000.0,1998.0,20.0,4.099999904632568,1,2000.0,1999.0,20.0,4.199999809265137,1
2026-03-31 17:01:25,341.93,2000.0,1999.0,20.0,4.099999904632568,1,2000.0,1998.0,20.0,4.300000190734863,1,2000.0,1998.0,20.0,4.099999904632568,1,2000.0,1999.0,20.0,4.199999809265137,1,2000.0,1998.0,20.0,4.099999904632568,1,2000.0,1999.0,20.0,4.199999809265137,1
2026-03-31 17:01:26,342.66,2000.0,1999.0,20.0,4.099999904632568,1,2000.0,1998.0,20.0,4.300000190734863,1,2000.0,1998.0,20.0,4.099999904632568,1,2000.0,1999.0,20.0,4.199999809265137,1,2000.0,1998.0,20.0,4.099999904632568,1,2000.0,1999.0,20.0,4.199999809265137,1
2026-03-31 17:01:27,343.37,2000.0,1999.0,20.0,4.099999904632568,1,2000.0,1998.0,20.0,4.300000190734863,1,2000.0,1998.0,20.0,4.099999904632568,1,2000.0,1999.0,20.0,4.199999809265137,1,2000.0,1998.0,20.0,4.099999904632568,1,2000.0,1999.0,20.0,4.199999809265137,1
2026-03-31 17:01:28,344.08,2000.0,1999.0,20.0,4.099999904632568,1,2000.0,1998.0,20.0,4.300000190734863,1,2000.0,1998.0,20.0,4.099999904632568,1,2000.0,1999.0,20.0,4.199999809265137,1,2000.0,1998.0,20.0,4.099999904632568,1,2000.0,1999.0,20.0,4.199999809265137,1
2026-03-31 17:01:28,344.8,2000.0,1999.0,20.0,4.099999904632568,1,2000.0,1998.0,20.0,4.300000190734863,1,2000.0,1998.0,20.0,4.099999904632568,1,2000.0,1999.0,20.0,4.199999809265137,1,2000.0,1998.0,20.0,4.099999904632568,1,2000.0,1999.0,20.0,4.199999809265137,1
2026-03-31 17:01:29,345.51,2000.0,1999.0,20.0,4.099999904632568,1,2000.0,1998.0,20.0,4.300000190734863,1,2000.0,1998.0,20.0,4.099999904632568,1,2000.0,1999.0,20.0,4.199999809265137,1,2000.0,1998.0,20.0,4.099999904632568,1,2000.0,1999.0,20.0,4.199999809265137,1
2026-03-31 17:01:30,346.23,2000.0,1999.0,20.0,4.099999904632568,1,2000.0,1998.0,20.0,4.300000190734863,1,2000.0,1998.0,20.0,4.099999904632568,1,2000.0,1999.0,20.0,4.199999809265137,1,2000.0,1998.0,20.0,4.099999904632568,1,2000.0,1999.0,20.0,4.199999809265137,1
2026-03-31 17:01:30,346.95,2000.0,1999.0,20.0,4.099999904632568,1,2000.0,1998.0,20.0,4.300000190734863,1,2000.0,1998.0,20.0,4.099999904632568,1,2000.0,1999.0,20.0,4.199999809265137,1,2000.0,1998.0,20.0,4.099999904632568,1,2000.0,1999.0,20.0,4.199999809265137,1
2026-03-31 17:01:31,347.7,2000.0,1999.0,20.0,4.099999904632568,1,2000.0,1998.0,20.0,4.300000190734863,1,2000.0,1998.0,20.0,4.099999904632568,1,2000.0,1999.0,20.0,4.199999809265137,1,2000.0,1998.0,20.0,4.099999904632568,1,2000.0,1999.0,20.0,4.199999809265137,1
2026-03-31 17:01:32,348.43,2000.0,1999.0,20.0,4.099999904632568,1,2000.0,1998.0,20.0,4.300000190734863,1,2000.0,1998.0,20.0,4.099999904632568,1,2000.0,1999.0,20.0,4.199999809265137,1,2000.0,1998.0,20.0,4.099999904632568,1,2000.0,1999.0,20.0,4.199999809265137,1
2026-03-31 17:01:33,349.14,2000.0,1999.0,20.0,4.099999904632568,1,2000.0,1998.0,20.0,4.300000190734863,1,2000.0,1998.0,20.0,4.099999904632568,1,2000.0,1999.0,20.0,4.199999809265137,1,2000.0,1998.0,20.0,4.099999904632568,1,2000.0,1999.0,20.0,4.199999809265137,1
2026-03-31 17:01:33,349.85,2000.0,1999.0,20.0,4.099999904632568,1,2000.0,1998.0,20.0,4.300000190734863,1,2000.0,1998.0,20.0,4.099999904632568,1,2000.0,1999.0,20.0,4.199999809265137,1,2000.0,1998.0,20.0,4.099999904632568,1,2000.0,1999.0,20.0,4.199999809265137,1
2026-03-31 17:01:34,350.56,2000.0,1999.0,20.0,4.099999904632568,1,2000.0,1998.0,20.0,4.300000190734863,1,2000.0,1998.0,20.0,4.099999904632568,1,2000.0,1999.0,20.0,4.199999809265137,1,2000.0,1998.0,20.0,4.099999904632568,1,2000.0,1999.0,20.0,4.199999809265137,1
2026-03-31 17:01:35,351.27,2000.0,1999.0,20.0,4.099999904632568,1,2000.0,1998.0,20.0,4.300000190734863,1,2000.0,1998.0,20.0,4.099999904632568,1,2000.0,1999.0,20.0,4.199999809265137,1,2000.0,1998.0,20.0,4.099999904632568,1,2000.0,1999.0,20.0,4.199999809265137,1
2026-03-31 17:01:35,352.0,2000.0,1999.0,20.0,4.099999904632568,1,2000.0,1998.0,20.0,4.300000190734863,1,2000.0,1998.0,20.0,4.099999904632568,1,2000.0,1999.0,20.0,4.199999809265137,1,2000.0,1998.0,20.0,4.099999904632568,1,2000.0,1999.0,20.0,4.199999809265137,1
2026-03-31 17:01:36,352.71,2000.0,1999.0,20.0,4.099999904632568,1,2000.0,1998.0,20.0,4.300000190734863,1,2000.0,1998.0,20.0,4.099999904632568,1,2000.0,1999.0,20.0,4.199999809265137,1,2000.0,1998.0,20.0,4.099999904632568,1,2000.0,1999.0,20.0,4.199999809265137,1
2026-03-31 17:01:37,353.42,2000.0,1999.0,20.0,4.099999904632568,1,2000.0,1998.0,20.0,4.300000190734863,1,2000.0,1998.0,20.0,4.099999904632568,1,2000.0,1999.0,20.0,4.199999809265137,1,2000.0,1998.0,20.0,4.099999904632568,1,2000.0,1999.0,20.0,4.199999809265137,1
2026-03-31 17:01:38,354.14,2000.0,1999.0,20.0,4.099999904632568,1,2000.0,1998.0,20.0,4.300000190734863,1,2000.0,1998.0,20.0,4.099999904632568,1,2000.0,1999.0,20.0,4.199999809265137,1,2000.0,1998.0,20.0,4.099999904632568,1,2000.0,1999.0,20.0,4.199999809265137,1
2026-03-31 17:01:38,354.84,2000.0,1999.0,20.0,4.099999904632568,1,2000.0,1998.0,20.0,4.300000190734863,1,2000.0,1998.0,20.0,4.099999904632568,1,2000.0,1999.0,20.0,4.199999809265137,1,2000.0,1998.0,20.0,4.099999904632568,1,2000.0,1999.0,20.0,4.199999809265137,1
2026-03-31 17:01:39,355.55,2000.0,1999.0,20.0,4.099999904632568,1,2000.0,1998.0,20.0,4.300000190734863,1,2000.0,1998.0,20.0,4.099999904632568,1,2000.0,1999.0,20.0,4.199999809265137,1,2000.0,1998.0,20.0,4.099999904632568,1,2000.0,1999.0,20.0,4.199999809265137,1
2026-03-31 17:01:40,356.26,2000.0,1999.0,20.0,4.099999904632568,1,2000.0,1998.0,20.0,4.300000190734863,1,2000.0,1998.0,20.0,4.099999904632568,1,2000.0,1999.0,20.0,4.199999809265137,1,2000.0,1998.0,20.0,4.099999904632568,1,2000.0,1999.0,20.0,4.199999809265137,1
2026-03-31 17:01:40,356.96,2000.0,1999.0,20.0,4.099999904632568,1,2000.0,1998.0,20.0,4.300000190734863,1,2000.0,1998.0,20.0,4.099999904632568,1,2000.0,1999.0,20.0,4.199999809265137,1,2000.0,1998.0,20.0,4.099999904632568,1,2000.0,1999.0,20.0,4.199999809265137,1
2026-03-31 17:01:41,357.68,2000.0,1999.0,20.0,4.099999904632568,1,2000.0,1998.0,20.0,4.300000190734863,1,2000.0,1998.0,20.0,4.099999904632568,1,2000.0,1999.0,20.0,4.199999809265137,1,2000.0,1998.0,20.0,4.099999904632568,1,2000.0,1999.0,20.0,4.199999809265137,1
2026-03-31 17:01:42,358.4,2000.0,1999.0,20.0,4.099999904632568,1,2000.0,1998.0,20.0,4.300000190734863,1,2000.0,1998.0,20.0,4.099999904632568,1,2000.0,1999.0,20.0,4.199999809265137,1,2000.0,1998.0,20.0,4.099999904632568,1,2000.0,1999.0,20.0,4.199999809265137,1
2026-03-31 17:01:43,359.1,2000.0,1999.0,20.0,4.099999904632568,1,2000.0,1998.0,20.0,4.300000190734863,1,2000.0,1998.0,20.0,4.099999904632568,1,2000.0,1999.0,20.0,4.199999809265137,1,2000.0,1998.0,20.0,4.099999904632568,1,2000.0,1999.0,20.0,4.199999809265137,1
2026-03-31 17:01:43,359.82,2000.0,1999.0,20.0,4.099999904632568,1,2000.0,1998.0,20.0,4.300000190734863,1,2000.0,1998.0,20.0,4.099999904632568,1,2000.0,1999.0,20.0,4.199999809265137,1,2000.0,1998.0,20.0,4.099999904632568,1,2000.0,1999.0,20.0,4.199999809265137,1
2026-03-31 17:01:44,360.52,2000.0,1999.0,20.0,4.099999904632568,1,2000.0,1998.0,20.0,4.300000190734863,1,2000.0,1998.0,20.0,4.099999904632568,1,2000.0,1999.0,20.0,4.199999809265137,1,2000.0,1998.0,20.0,4.099999904632568,1,2000.0,1999.0,20.0,4.199999809265137,1
2026-03-31 17:01:45,361.23,2000.0,1999.0,20.0,4.099999904632568,1,2000.0,1998.0,20.0,4.300000190734863,1,2000.0,1998.0,20.0,4.099999904632568,1,2000.0,1999.0,20.0,4.199999809265137,1,2000.0,1998.0,20.0,4.099999904632568,1,2000.0,1999.0,20.0,4.199999809265137,1
2026-03-31 17:01:45,361.96,2000.0,1999.0,20.0,4.099999904632568,1,2000.0,1998.0,20.0,4.300000190734863,1,2000.0,1998.0,20.0,4.099999904632568,1,2000.0,1999.0,20.0,4.199999809265137,1,2000.0,1998.0,20.0,4.099999904632568,1,2000.0,1999.0,20.0,4.199999809265137,1
2026-03-31 17:01:46,362.68,2000.0,1999.0,20.0,4.099999904632568,1,2000.0,1998.0,20.0,4.300000190734863,1,2000.0,1998.0,20.0,4.099999904632568,1,2000.0,1999.0,20.0,4.199999809265137,1,2000.0,1998.0,20.0,4.099999904632568,1,2000.0,1999.0,20.0,4.199999809265137,1
2026-03-31 17:01:47,363.39,2000.0,1999.0,20.0,4.099999904632568,1,2000.0,1998.0,20.0,4.300000190734863,1,2000.0,1998.0,20.0,4.099999904632568,1,2000.0,1999.0,20.0,4.199999809265137,1,2000.0,1998.0,20.0,4.099999904632568,1,2000.0,1999.0,20.0,4.199999809265137,1
2026-03-31 17:01:48,364.1,2000.0,1999.0,20.0,4.099999904632568,1,2000.0,1998.0,20.0,4.300000190734863,1,2000.0,1998.0,20.0,4.099999904632568,1,2000.0,1999.0,20.0,4.199999809265137,1,2000.0,1998.0,20.0,4.099999904632568,1,2000.0,1999.0,20.0,4.199999809265137,1
2026-03-31 17:01:48,364.82,2000.0,1999.0,20.0,4.099999904632568,1,2000.0,1998.0,20.0,4.300000190734863,1,2000.0,1998.0,20.0,4.099999904632568,1,2000.0,1999.0,20.0,4.199999809265137,1,2000.0,1998.0,20.0,4.099999904632568,1,2000.0,1999.0,20.0,4.199999809265137,1
2026-03-31 17:01:49,365.53,2000.0,1999.0,20.0,4.099999904632568,1,2000.0,1998.0,20.0,4.300000190734863,1,2000.0,1998.0,20.0,4.099999904632568,1,2000.0,1999.0,20.0,4.199999809265137,1,2000.0,1998.0,20.0,4.099999904632568,1,2000.0,1999.0,20.0,4.199999809265137,1
2026-03-31 17:01:50,366.24,2000.0,1999.0,20.0,4.099999904632568,1,2000.0,1998.0,20.0,4.300000190734863,1,2000.0,1998.0,20.0,4.099999904632568,1,2000.0,1999.0,20.0,4.199999809265137,1,2000.0,1998.0,20.0,4.099999904632568,1,2000.0,1999.0,20.0,4.199999809265137,1
2026-03-31 17:01:50,366.94,2000.0,1999.0,20.0,4.099999904632568,1,2000.0,1998.0,20.0,4.300000190734863,1,2000.0,1998.0,20.0,4.099999904632568,1,2000.0,1999.0,20.0,4.199999809265137,1,2000.0,1998.0,20.0,4.099999904632568,1,2000.0,1999.0,20.0,4.199999809265137,1
2026-03-31 17:01:51,367.65,2000.0,1999.0,20.0,4.099999904632568,1,2000.0,1998.0,20.0,4.300000190734863,1,2000.0,1998.0,20.0,4.099999904632568,1,2000.0,1999.0,20.0,4.199999809265137,1,2000.0,1998.0,20.0,4.099999904632568,1,2000.0,1999.0,20.0,4.199999809265137,1
2026-03-31 17:01:52,368.36,2000.0,1999.0,20.0,4.099999904632568,1,2000.0,1998.0,20.0,4.300000190734863,1,2000.0,1998.0,20.0,4.099999904632568,1,2000.0,1999.0,20.0,4.199999809265137,1,2000.0,1998.0,20.0,4.099999904632568,1,2000.0,1999.0,20.0,4.199999809265137,1
2026-03-31 17:01:53,369.07,2000.0,1999.0,20.0,4.099999904632568,1,2000.0,1998.0,20.0,4.300000190734863,1,2000.0,1998.0,20.0,4.099999904632568,1,2000.0,1999.0,20.0,4.199999809265137,1,2000.0,1998.0,20.0,4.099999904632568,1,2000.0,1999.0,20.0,4.199999809265137,1
2026-03-31 17:01:53,369.79,2000.0,1999.0,20.0,4.099999904632568,1,2000.0,1998.0,20.0,4.300000190734863,1,2000.0,1998.0,20.0,4.099999904632568,1,2000.0,1999.0,20.0,4.199999809265137,1,2000.0,1998.0,20.0,4.099999904632568,1,2000.0,1999.0,20.0,4.199999809265137,1
2026-03-31 17:01:54,370.5,2000.0,1999.0,20.0,4.099999904632568,1,2000.0,1998.0,20.0,4.300000190734863,1,2000.0,1998.0,20.0,4.099999904632568,1,2000.0,1999.0,20.0,4.199999809265137,1,2000.0,1998.0,20.0,4.099999904632568,1,2000.0,1999.0,20.0,4.199999809265137,1
2026-03-31 17:01:55,371.2,2000.0,1999.0,20.0,4.099999904632568,1,2000.0,1998.0,20.0,4.300000190734863,1,2000.0,1998.0,20.0,4.099999904632568,1,2000.0,1999.0,20.0,4.199999809265137,1,2000.0,1998.0,20.0,4.099999904632568,1,2000.0,1999.0,20.0,4.199999809265137,1
2026-03-31 17:01:55,371.92,2000.0,1999.0,20.0,4.099999904632568,1,2000.0,1998.0,20.0,4.300000190734863,1,2000.0,1998.0,20.0,4.099999904632568,1,2000.0,1999.0,20.0,4.199999809265137,1,2000.0,1998.0,20.0,4.099999904632568,1,2000.0,1999.0,20.0,4.199999809265137,1
2026-03-31 17:01:56,372.63,2000.0,1999.0,20.0,4.099999904632568,1,2000.0,1998.0,20.0,4.300000190734863,1,2000.0,1998.0,20.0,4.099999904632568,1,2000.0,1999.0,20.0,4.199999809265137,1,2000.0,1998.0,20.0,4.099999904632568,1,2000.0,1999.0,20.0,4.199999809265137,1
2026-03-31 17:01:57,373.35,2000.0,1999.0,20.0,4.099999904632568,1,2000.0,1998.0,20.0,4.300000190734863,1,2000.0,1998.0,20.0,4.099999904632568,1,2000.0,1999.0,20.0,4.199999809265137,1,2000.0,1998.0,20.0,4.099999904632568,1,2000.0,1999.0,20.0,4.199999809265137,1
2026-03-31 17:01:58,374.06,2000.0,1999.0,20.0,4.099999904632568,1,2000.0,1998.0,20.0,4.300000190734863,1,2000.0,1998.0,20.0,4.099999904632568,1,2000.0,1999.0,20.0,4.199999809265137,1,2000.0,1998.0,20.0,4.099999904632568,1,2000.0,1999.0,20.0,4.199999809265137,1
2026-03-31 17:01:58,374.76,2000.0,1999.0,20.0,4.099999904632568,1,2000.0,1998.0,20.0,4.300000190734863,1,2000.0,1998.0,20.0,4.099999904632568,1,2000.0,1999.0,20.0,4.199999809265137,1,2000.0,1998.0,20.0,4.099999904632568,1,2000.0,1999.0,20.0,4.199999809265137,1
2026-03-31 17:01:59,375.47,2000.0,1999.0,20.0,4.099999904632568,1,2000.0,1998.0,20.0,4.300000190734863,1,2000.0,1998.0,20.0,4.099999904632568,1,2000.0,1999.0,20.0,4.199999809265137,1,2000.0,1998.0,20.0,4.099999904632568,1,2000.0,1999.0,20.0,4.199999809265137,1
2026-03-31 17:02:00,376.17,2000.0,1999.0,20.0,4.099999904632568,1,2000.0,1998.0,20.0,4.300000190734863,1,2000.0,1998.0,20.0,4.099999904632568,1,2000.0,1999.0,20.0,4.199999809265137,1,2000.0,1998.0,20.0,4.099999904632568,1,2000.0,1999.0,20.0,4.199999809265137,1
2026-03-31 17:02:00,376.91,2000.0,1999.0,20.0,4.099999904632568,1,2000.0,1998.0,20.0,4.300000190734863,1,2000.0,1998.0,20.0,4.099999904632568,1,2000.0,1999.0,20.0,4.199999809265137,1,2000.0,1998.0,20.0,4.099999904632568,1,2000.0,1999.0,20.0,4.199999809265137,1
2026-03-31 17:02:01,377.62,2000.0,1999.0,20.0,4.099999904632568,1,2000.0,1998.0,20.0,4.300000190734863,1,2000.0,1998.0,20.0,4.099999904632568,1,2000.0,1999.0,20.0,4.199999809265137,1,2000.0,1998.0,20.0,4.099999904632568,1,2000.0,1999.0,20.0,4.199999809265137,1
2026-03-31 17:02:02,378.35,2000.0,1999.0,20.0,4.099999904632568,1,2000.0,1998.0,20.0,4.300000190734863,1,2000.0,1998.0,20.0,4.099999904632568,1,2000.0,1999.0,20.0,4.199999809265137,1,2000.0,1998.0,20.0,4.099999904632568,1,2000.0,1999.0,20.0,4.199999809265137,1
2026-03-31 17:02:03,379.05,2000.0,1999.0,20.0,4.099999904632568,1,2000.0,1998.0,20.0,4.300000190734863,1,2000.0,1998.0,20.0,4.099999904632568,1,2000.0,1998.0,20.0,4.199999809265137,1,2000.0,1998.0,20.0,4.099999904632568,1,2000.0,1999.0,20.0,4.199999809265137,1
2026-03-31 17:02:03,379.76,2000.0,1999.0,20.0,4.099999904632568,1,2000.0,1998.0,20.0,4.300000190734863,1,2000.0,1998.0,20.0,4.099999904632568,1,2000.0,1998.0,20.0,4.199999809265137,1,2000.0,1998.0,20.0,4.099999904632568,1,2000.0,1999.0,20.0,4.199999809265137,1
2026-03-31 17:02:04,380.47,2000.0,1999.0,20.0,4.099999904632568,1,2000.0,1998.0,20.0,4.300000190734863,1,2000.0,1998.0,20.0,4.099999904632568,1,2000.0,1998.0,20.0,4.199999809265137,1,2000.0,1998.0,20.0,4.099999904632568,1,2000.0,1999.0,20.0,4.199999809265137,1
2026-03-31 17:02:05,381.18,2000.0,1999.0,20.0,4.099999904632568,1,2000.0,1998.0,20.0,4.300000190734863,1,2000.0,1998.0,20.0,4.099999904632568,1,2000.0,1998.0,20.0,4.199999809265137,1,2000.0,1998.0,20.0,4.099999904632568,1,2000.0,1999.0,20.0,4.199999809265137,1
2026-03-31 17:02:05,381.91,2000.0,1999.0,20.0,4.099999904632568,1,2000.0,1998.0,20.0,4.300000190734863,1,2000.0,1998.0,20.0,4.099999904632568,1,2000.0,1998.0,20.0,4.199999809265137,1,2000.0,1998.0,20.0,4.099999904632568,1,2000.0,1999.0,20.0,4.199999809265137,1
2026-03-31 17:02:06,382.61,2000.0,1999.0,20.0,4.099999904632568,1,2000.0,1998.0,20.0,4.300000190734863,1,2000.0,1998.0,20.0,4.099999904632568,1,2000.0,1998.0,20.0,4.199999809265137,1,2000.0,1998.0,20.0,4.099999904632568,1,2000.0,1999.0,20.0,4.199999809265137,1
2026-03-31 17:02:07,383.33,2000.0,1999.0,20.0,4.099999904632568,1,2000.0,1998.0,20.0,4.300000190734863,1,2000.0,1998.0,20.0,4.099999904632568,1,2000.0,1998.0,20.0,4.199999809265137,1,2000.0,1998.0,20.0,4.099999904632568,1,2000.0,1999.0,20.0,4.199999809265137,1
2026-03-31 17:02:08,384.04,2000.0,1999.0,20.0,4.099999904632568,1,2000.0,1998.0,20.0,4.300000190734863,1,2000.0,1998.0,20.0,4.099999904632568,1,2000.0,1998.0,20.0,4.199999809265137,1,2000.0,1998.0,20.0,4.099999904632568,1,2000.0,1999.0,20.0,4.199999809265137,1
2026-03-31 17:02:08,384.75,2000.0,1999.0,20.0,4.099999904632568,1,2000.0,1998.0,20.0,4.300000190734863,1,2000.0,1998.0,20.0,4.099999904632568,1,2000.0,1998.0,20.0,4.199999809265137,1,2000.0,1998.0,20.0,4.099999904632568,1,2000.0,1999.0,20.0,4.199999809265137,1
2026-03-31 17:02:09,385.48,2000.0,1999.0,20.0,4.099999904632568,1,2000.0,1998.0,20.0,4.300000190734863,1,2000.0,1998.0,20.0,4.099999904632568,1,2000.0,1998.0,20.0,4.199999809265137,1,2000.0,1998.0,20.0,4.099999904632568,1,2000.0,1999.0,20.0,4.199999809265137,1
2026-03-31 17:02:10,386.2,2000.0,1999.0,20.0,4.099999904632568,1,2000.0,1998.0,20.0,4.300000190734863,1,2000.0,1998.0,20.0,4.099999904632568,1,2000.0,1998.0,20.0,4.199999809265137,1,2000.0,1998.0,20.0,4.099999904632568,1,2000.0,1999.0,20.0,4.199999809265137,1
2026-03-31 17:02:10,386.91,2000.0,1999.0,20.0,4.099999904632568,1,2000.0,1998.0,20.0,4.300000190734863,1,2000.0,1998.0,20.0,4.099999904632568,1,2000.0,1998.0,20.0,4.199999809265137,1,2000.0,1998.0,20.0,4.099999904632568,1,2000.0,1999.0,20.0,4.199999809265137,1
2026-03-31 17:02:11,387.63,2000.0,1999.0,20.0,4.099999904632568,1,2000.0,1998.0,20.0,4.300000190734863,1,2000.0,1998.0,20.0,4.099999904632568,1,2000.0,1998.0,20.0,4.199999809265137,1,2000.0,1998.0,20.0,4.099999904632568,1,2000.0,1999.0,20.0,4.199999809265137,1
2026-03-31 17:02:12,388.34,2000.0,1999.0,20.0,4.099999904632568,1,2000.0,1998.0,20.0,4.300000190734863,1,2000.0,1998.0,20.0,4.099999904632568,1,2000.0,1998.0,20.0,4.199999809265137,1,2000.0,1998.0,20.0,4.099999904632568,1,2000.0,1999.0,20.0,4.199999809265137,1
2026-03-31 17:02:13,389.05,2000.0,1999.0,20.0,4.099999904632568,1,2000.0,1998.0,20.0,4.300000190734863,1,2000.0,1998.0,20.0,4.099999904632568,1,2000.0,1998.0,20.0,4.199999809265137,1,2000.0,1998.0,20.0,4.099999904632568,1,2000.0,1999.0,20.0,4.199999809265137,1
2026-03-31 17:02:13,389.79,2000.0,1999.0,20.0,4.099999904632568,1,2000.0,1998.0,20.0,4.300000190734863,1,2000.0,1998.0,20.0,4.099999904632568,1,2000.0,1998.0,20.0,4.199999809265137,1,2000.0,1998.0,20.0,4.099999904632568,1,2000.0,1999.0,20.0,4.199999809265137,1
2026-03-31 17:02:14,390.53,2000.0,1999.0,20.0,4.099999904632568,1,2000.0,1998.0,20.0,4.300000190734863,1,2000.0,1998.0,20.0,4.099999904632568,1,2000.0,1998.0,20.0,4.199999809265137,1,2000.0,1998.0,20.0,4.099999904632568,1,2000.0,1999.0,20.0,4.199999809265137,1
2026-03-31 17:02:15,391.28,2000.0,1999.0,20.0,4.099999904632568,1,2000.0,1998.0,20.0,4.300000190734863,1,2000.0,1998.0,20.0,4.099999904632568,1,2000.0,1998.0,20.0,4.199999809265137,1,2000.0,1998.0,20.0,4.099999904632568,1,2000.0,1999.0,20.0,4.199999809265137,1
2026-03-31 17:02:15,391.99,2000.0,1999.0,20.0,4.099999904632568,1,2000.0,1998.0,20.0,4.300000190734863,1,2000.0,1998.0,20.0,4.099999904632568,1,2000.0,1998.0,20.0,4.199999809265137,1,2000.0,1998.0,20.0,4.099999904632568,1,2000.0,1999.0,20.0,4.199999809265137,1
2026-03-31 17:02:16,392.73,2000.0,1999.0,20.0,4.099999904632568,1,2000.0,1998.0,20.0,4.300000190734863,1,2000.0,1998.0,20.0,4.099999904632568,1,2000.0,1998.0,20.0,4.199999809265137,1,2000.0,1998.0,20.0,4.099999904632568,1,2000.0,1999.0,20.0,4.199999809265137,1
2026-03-31 17:02:17,393.44,2000.0,1999.0,20.0,4.099999904632568,1,2000.0,1998.0,20.0,4.300000190734863,1,2000.0,1998.0,20.0,4.099999904632568,1,2000.0,1998.0,20.0,4.199999809265137,1,2000.0,1998.0,20.0,4.099999904632568,1,2000.0,1999.0,20.0,4.199999809265137,1
2026-03-31 17:02:18,394.14,2000.0,1999.0,20.0,4.099999904632568,1,2000.0,1998.0,20.0,4.300000190734863,1,2000.0,1998.0,20.0,4.099999904632568,1,2000.0,1998.0,20.0,4.199999809265137,1,2000.0,1998.0,20.0,4.099999904632568,1,2000.0,1999.0,20.0,4.199999809265137,1
2026-03-31 17:02:18,394.86,2000.0,1999.0,20.0,4.099999904632568,1,2000.0,1998.0,20.0,4.300000190734863,1,2000.0,1998.0,20.0,4.099999904632568,1,2000.0,1998.0,20.0,4.199999809265137,1,2000.0,1998.0,20.0,4.099999904632568,1,2000.0,1999.0,20.0,4.199999809265137,1
2026-03-31 17:02:19,395.6,2000.0,1999.0,20.0,4.099999904632568,1,2000.0,1998.0,20.0,4.300000190734863,1,2000.0,1998.0,20.0,4.099999904632568,1,2000.0,1998.0,20.0,4.199999809265137,1,2000.0,1998.0,20.0,4.099999904632568,1,2000.0,1999.0,20.0,4.199999809265137,1
2026-03-31 17:02:20,396.33,2000.0,1999.0,20.0,4.099999904632568,1,2000.0,1998.0,20.0,4.300000190734863,1,2000.0,1998.0,20.0,4.099999904632568,1,2000.0,1998.0,20.0,4.199999809265137,1,2000.0,1998.0,20.0,4.099999904632568,1,2000.0,1999.0,20.0,4.199999809265137,1
2026-03-31 17:02:21,397.05,2000.0,1999.0,20.0,4.099999904632568,1,2000.0,1998.0,20.0,4.300000190734863,1,2000.0,1998.0,20.0,4.099999904632568,1,2000.0,1998.0,20.0,4.199999809265137,1,2000.0,1998.0,20.0,4.099999904632568,1,2000.0,1999.0,20.0,4.199999809265137,1
2026-03-31 17:02:21,397.79,2000.0,1999.0,20.0,4.099999904632568,1,2000.0,1998.0,20.0,4.300000190734863,1,2000.0,1998.0,20.0,4.099999904632568,1,2000.0,1998.0,20.0,4.199999809265137,1,2000.0,1998.0,20.0,4.099999904632568,1,2000.0,1999.0,20.0,4.199999809265137,1
2026-03-31 17:02:22,398.49,2000.0,1999.0,20.0,4.099999904632568,1,2000.0,1998.0,20.0,4.300000190734863,1,2000.0,1998.0,20.0,4.099999904632568,1,2000.0,1998.0,20.0,4.199999809265137,1,2000.0,1998.0,20.0,4.099999904632568,1,2000.0,1999.0,20.0,4.199999809265137,1
2026-03-31 17:02:23,399.2,2000.0,1999.0,20.0,4.099999904632568,1,2000.0,1998.0,20.0,4.300000190734863,1,2000.0,1998.0,20.0,4.099999904632568,1,2000.0,1998.0,20.0,4.199999809265137,1,2000.0,1998.0,20.0,4.099999904632568,1,2000.0,1999.0,20.0,4.199999809265137,1
2026-03-31 17:02:23,399.91,2000.0,1999.0,20.0,4.099999904632568,1,2000.0,1998.0,20.0,4.300000190734863,1,2000.0,1998.0,20.0,4.099999904632568,1,2000.0,1998.0,20.0,4.199999809265137,1,2000.0,1998.0,20.0,4.099999904632568,1,2000.0,1999.0,20.0,4.199999809265137,1
2026-03-31 17:02:24,400.62,2000.0,1999.0,20.0,4.099999904632568,1,2000.0,1998.0,20.0,4.300000190734863,1,2000.0,1998.0,20.0,4.099999904632568,1,2000.0,1998.0,20.0,4.199999809265137,1,2000.0,1998.0,20.0,4.099999904632568,1,2000.0,1999.0,20.0,4.199999809265137,1
2026-03-31 17:02:25,401.34,2000.0,1999.0,20.0,4.099999904632568,1,2000.0,1998.0,20.0,4.300000190734863,1,2000.0,1998.0,20.0,4.099999904632568,1,2000.0,1998.0,20.0,4.199999809265137,1,2000.0,1998.0,20.0,4.099999904632568,1,2000.0,1999.0,20.0,4.199999809265137,1
2026-03-31 17:02:26,402.04,2000.0,1999.0,20.0,4.099999904632568,1,2000.0,1998.0,20.0,4.300000190734863,1,2000.0,1998.0,20.0,4.099999904632568,1,2000.0,1998.0,20.0,4.199999809265137,1,2000.0,1998.0,20.0,4.099999904632568,1,2000.0,1999.0,20.0,4.199999809265137,1
2026-03-31 17:02:26,402.75,2000.0,1999.0,20.0,4.099999904632568,1,2000.0,1998.0,20.0,4.300000190734863,1,2000.0,1998.0,20.0,4.099999904632568,1,2000.0,1998.0,20.0,4.199999809265137,1,2000.0,1998.0,20.0,4.099999904632568,1,2000.0,1999.0,20.0,4.199999809265137,1
2026-03-31 17:02:27,403.47,2000.0,1999.0,20.0,4.099999904632568,1,2000.0,1998.0,20.0,4.300000190734863,1,2000.0,1998.0,20.0,4.099999904632568,1,2000.0,1998.0,20.0,4.199999809265137,1,2000.0,1998.0,20.0,4.099999904632568,1,2000.0,1999.0,20.0,4.199999809265137,1
2026-03-31 17:02:28,404.17,2000.0,1999.0,20.0,4.099999904632568,1,2000.0,1998.0,20.0,4.199999809265137,1,2000.0,1998.0,20.0,4.099999904632568,1,2000.0,1998.0,20.0,4.199999809265137,1,2000.0,1998.0,20.0,4.099999904632568,1,2000.0,1999.0,20.0,4.199999809265137,1
2026-03-31 17:02:28,404.9,2000.0,1999.0,20.0,4.099999904632568,1,2000.0,1998.0,20.0,4.199999809265137,1,2000.0,1998.0,20.0,4.099999904632568,1,2000.0,1998.0,20.0,4.199999809265137,1,2000.0,1998.0,20.0,4.099999904632568,1,2000.0,1999.0,20.0,4.199999809265137,1
2026-03-31 17:02:29,405.62,2000.0,1999.0,20.0,4.099999904632568,1,2000.0,1998.0,20.0,4.199999809265137,1,2000.0,1998.0,20.0,4.099999904632568,1,2000.0,1998.0,20.0,4.199999809265137,1,2000.0,1998.0,20.0,4.099999904632568,1,2000.0,1999.0,20.0,4.199999809265137,1
2026-03-31 17:02:30,406.35,2000.0,1997.0,20.0,4.300000190734863,1,2000.0,1998.0,20.0,4.199999809265137,1,2000.0,1998.0,20.0,4.099999904632568,1,2000.0,1998.0,20.0,4.199999809265137,1,2000.0,1998.0,20.0,4.099999904632568,1,2000.0,1999.0,20.0,4.199999809265137,1
2026-03-31 17:02:31,407.07,2000.0,1998.0,20.0,4.300000190734863,1,2000.0,1998.0,20.0,4.199999809265137,1,2000.0,1998.0,20.0,4.099999904632568,1,2000.0,1998.0,20.0,4.199999809265137,1,2000.0,1998.0,20.0,4.099999904632568,1,2000.0,1999.0,20.0,4.199999809265137,1
2026-03-31 17:02:31,407.78,2000.0,1998.0,20.0,4.300000190734863,1,2000.0,1998.0,20.0,4.199999809265137,1,2000.0,1998.0,20.0,4.099999904632568,1,2000.0,1998.0,20.0,4.199999809265137,1,2000.0,1998.0,20.0,4.099999904632568,1,2000.0,1999.0,20.0,4.199999809265137,1
2026-03-31 17:02:32,408.5,2000.0,1998.0,20.0,4.300000190734863,1,2000.0,1998.0,20.0,4.199999809265137,1,2000.0,1998.0,20.0,4.099999904632568,1,2000.0,1999.0,20.0,4.199999809265137,1,2000.0,1998.0,20.0,4.099999904632568,1,2000.0,1999.0,20.0,4.199999809265137,1
2026-03-31 17:02:33,409.2,2000.0,1998.0,20.0,4.300000190734863,1,2000.0,1998.0,20.0,4.199999809265137,1,2000.0,1998.0,20.0,4.099999904632568,1,2000.0,1999.0,20.0,4.199999809265137,1,2000.0,1998.0,20.0,4.099999904632568,1,2000.0,1999.0,20.0,4.199999809265137,1
2026-03-31 17:02:33,409.92,2000.0,1998.0,20.0,4.300000190734863,1,2000.0,1998.0,20.0,4.199999809265137,1,2000.0,1998.0,20.0,4.099999904632568,1,2000.0,1999.0,20.0,4.199999809265137,1,2000.0,1998.0,20.0,4.099999904632568,1,2000.0,1999.0,20.0,4.199999809265137,1
2026-03-31 17:02:34,410.63,2000.0,1998.0,20.0,4.300000190734863,1,2000.0,1998.0,20.0,4.199999809265137,1,2000.0,1998.0,20.0,4.099999904632568,1,2000.0,1998.0,20.0,4.199999809265137,1,2000.0,1998.0,20.0,4.099999904632568,1,2000.0,1999.0,20.0,4.199999809265137,1
2026-03-31 17:02:35,411.35,2000.0,1998.0,20.0,4.300000190734863,1,2000.0,1998.0,20.0,4.199999809265137,1,2000.0,1998.0,20.0,4.099999904632568,1,2000.0,1998.0,20.0,4.199999809265137,1,2000.0,1998.0,20.0,4.099999904632568,1,2000.0,1999.0,20.0,4.199999809265137,1
2026-03-31 17:02:36,412.06,2000.0,1998.0,20.0,4.300000190734863,1,2000.0,1998.0,20.0,4.199999809265137,1,2000.0,1998.0,20.0,4.099999904632568,1,2000.0,1998.0,20.0,4.199999809265137,1,2000.0,1998.0,20.0,4.099999904632568,1,2000.0,1999.0,20.0,4.199999809265137,1
2026-03-31 17:02:36,412.8,2000.0,1998.0,20.0,4.300000190734863,1,2000.0,1998.0,20.0,4.199999809265137,1,2000.0,1998.0,20.0,4.099999904632568,1,2000.0,1998.0,20.0,4.199999809265137,1,2000.0,1998.0,20.0,4.099999904632568,1,2000.0,1999.0,20.0,4.199999809265137,1
2026-03-31 17:02:37,413.5,2000.0,1998.0,20.0,4.300000190734863,1,2000.0,1998.0,20.0,4.199999809265137,1,2000.0,1998.0,20.0,4.099999904632568,1,2000.0,1998.0,20.0,4.199999809265137,1,2000.0,1998.0,20.0,4.099999904632568,1,2000.0,1999.0,20.0,4.199999809265137,1
2026-03-31 17:02:38,414.21,2000.0,1998.0,20.0,4.300000190734863,1,2000.0,1998.0,20.0,4.199999809265137,1,2000.0,1998.0,20.0,4.099999904632568,1,2000.0,1998.0,20.0,4.199999809265137,1,2000.0,1998.0,20.0,4.099999904632568,1,2000.0,1999.0,20.0,4.199999809265137,1
2026-03-31 17:02:38,414.92,2000.0,1998.0,20.0,4.300000190734863,1,2000.0,1998.0,20.0,4.199999809265137,1,2000.0,1998.0,20.0,4.099999904632568,1,2000.0,1998.0,20.0,4.199999809265137,1,2000.0,1998.0,20.0,4.099999904632568,1,2000.0,1999.0,20.0,4.199999809265137,1
2026-03-31 17:02:39,415.65,2000.0,1998.0,20.0,4.300000190734863,1,2000.0,1998.0,20.0,4.199999809265137,1,2000.0,1998.0,20.0,4.099999904632568,1,2000.0,1998.0,20.0,4.199999809265137,1,2000.0,1998.0,20.0,4.099999904632568,1,2000.0,1999.0,20.0,4.199999809265137,1
2026-03-31 17:02:40,416.38,2000.0,1998.0,20.0,4.300000190734863,1,2000.0,1998.0,20.0,4.199999809265137,1,2000.0,1998.0,20.0,4.099999904632568,1,2000.0,1998.0,20.0,4.199999809265137,1,2000.0,1998.0,20.0,4.099999904632568,1,2000.0,1999.0,20.0,4.199999809265137,1
2026-03-31 17:02:41,417.1,2000.0,1998.0,20.0,4.300000190734863,1,2000.0,1998.0,20.0,4.199999809265137,1,2000.0,1998.0,20.0,4.099999904632568,1,2000.0,1998.0,20.0,4.199999809265137,1,2000.0,1998.0,20.0,4.099999904632568,1,2000.0,1999.0,20.0,4.199999809265137,1
2026-03-31 17:02:41,417.86,2000.0,1998.0,20.0,4.300000190734863,1,2000.0,1998.0,20.0,4.199999809265137,1,2000.0,1998.0,20.0,4.099999904632568,1,2000.0,1998.0,20.0,4.199999809265137,1,2000.0,1998.0,20.0,4.099999904632568,1,2000.0,1999.0,20.0,4.199999809265137,1
2026-03-31 17:02:42,418.6,2000.0,1998.0,20.0,4.300000190734863,1,2000.0,1998.0,20.0,4.199999809265137,1,2000.0,1998.0,20.0,4.099999904632568,1,2000.0,1998.0,20.0,4.199999809265137,1,2000.0,1998.0,20.0,4.099999904632568,1,2000.0,1999.0,20.0,4.199999809265137,1
2026-03-31 17:02:43,419.31,2000.0,1998.0,20.0,4.300000190734863,1,2000.0,1998.0,20.0,4.199999809265137,1,2000.0,1998.0,20.0,4.099999904632568,1,2000.0,1998.0,20.0,4.199999809265137,1,2000.0,1998.0,20.0,4.099999904632568,1,2000.0,1999.0,20.0,4.199999809265137,1
2026-03-31 17:02:43,420.01,2000.0,1998.0,20.0,4.300000190734863,1,2000.0,1998.0,20.0,4.199999809265137,1,2000.0,1998.0,20.0,4.099999904632568,1,2000.0,1998.0,20.0,4.199999809265137,1,2000.0,1998.0,20.0,4.099999904632568,1,2000.0,1999.0,20.0,4.199999809265137,1
2026-03-31 17:02:44,420.73,2000.0,1998.0,20.0,4.300000190734863,1,2000.0,1998.0,20.0,4.199999809265137,1,2000.0,1998.0,20.0,4.099999904632568,1,2000.0,1998.0,20.0,4.199999809265137,1,2000.0,1998.0,20.0,4.099999904632568,1,2000.0,1999.0,20.0,4.199999809265137,1
2026-03-31 17:02:45,421.45,2000.0,1998.0,20.0,4.300000190734863,1,2000.0,1998.0,20.0,4.199999809265137,1,2000.0,1998.0,20.0,4.099999904632568,1,2000.0,1998.0,20.0,4.199999809265137,1,2000.0,1998.0,20.0,4.099999904632568,1,2000.0,1999.0,20.0,4.199999809265137,1
2026-03-31 17:02:46,422.16,2000.0,1998.0,20.0,4.300000190734863,1,2000.0,1998.0,20.0,4.199999809265137,1,2000.0,1998.0,20.0,4.099999904632568,1,2000.0,1998.0,20.0,4.199999809265137,1,2000.0,1998.0,20.0,4.099999904632568,1,2000.0,1999.0,20.0,4.199999809265137,1
2026-03-31 17:02:46,422.86,2000.0,1998.0,20.0,4.300000190734863,1,2000.0,1998.0,20.0,4.199999809265137,1,2000.0,1998.0,20.0,4.099999904632568,1,2000.0,1999.0,20.0,4.199999809265137,1,2000.0,1998.0,20.0,4.099999904632568,1,2000.0,1999.0,20.0,4.199999809265137,1
2026-03-31 17:02:47,423.57,2000.0,1998.0,20.0,4.300000190734863,1,2000.0,1998.0,20.0,4.199999809265137,1,2000.0,1998.0,20.0,4.099999904632568,1,2000.0,1999.0,20.0,4.199999809265137,1,2000.0,1998.0,20.0,4.099999904632568,1,2000.0,1999.0,20.0,4.199999809265137,1
2026-03-31 17:02:48,424.28,2000.0,1998.0,20.0,4.300000190734863,1,2000.0,1998.0,20.0,4.199999809265137,1,2000.0,1998.0,20.0,4.099999904632568,1,2000.0,1999.0,20.0,4.199999809265137,1,2000.0,1998.0,20.0,4.099999904632568,1,2000.0,1999.0,20.0,4.199999809265137,1
2026-03-31 17:02:48,424.98,2000.0,1998.0,20.0,4.300000190734863,1,2000.0,1998.0,20.0,4.199999809265137,1,2000.0,1998.0,20.0,4.099999904632568,1,2000.0,1998.0,20.0,4.199999809265137,1,2000.0,1998.0,20.0,4.099999904632568,1,2000.0,1999.0,20.0,4.199999809265137,1
2026-03-31 17:02:49,425.7,2000.0,1998.0,20.0,4.300000190734863,1,2000.0,1998.0,20.0,4.199999809265137,1,2000.0,1998.0,20.0,4.099999904632568,1,2000.0,1998.0,20.0,4.199999809265137,1,2000.0,1998.0,20.0,4.099999904632568,1,2000.0,1999.0,20.0,4.199999809265137,1
2026-03-31 17:02:50,426.41,2000.0,1998.0,20.0,4.300000190734863,1,2000.0,1998.0,20.0,4.199999809265137,1,2000.0,1998.0,20.0,4.099999904632568,1,2000.0,1998.0,20.0,4.199999809265137,1,2000.0,1998.0,20.0,4.099999904632568,1,2000.0,1999.0,20.0,4.199999809265137,1
2026-03-31 17:02:51,427.12,2000.0,1998.0,20.0,4.300000190734863,1,2000.0,1998.0,20.0,4.199999809265137,1,2000.0,1998.0,20.0,4.099999904632568,1,2000.0,1998.0,20.0,4.199999809265137,1,2000.0,1998.0,20.0,4.099999904632568,1,2000.0,1999.0,20.0,4.199999809265137,1
2026-03-31 17:02:51,427.83,2000.0,1998.0,20.0,4.300000190734863,1,2000.0,1998.0,20.0,4.199999809265137,1,2000.0,1998.0,20.0,4.099999904632568,1,2000.0,1998.0,20.0,4.199999809265137,1,2000.0,1998.0,20.0,4.099999904632568,1,2000.0,1999.0,20.0,4.199999809265137,1
2026-03-31 17:02:52,428.54,2000.0,1998.0,20.0,4.300000190734863,1,2000.0,1998.0,20.0,4.199999809265137,1,2000.0,1998.0,20.0,4.099999904632568,1,2000.0,1998.0,20.0,4.199999809265137,1,2000.0,1998.0,20.0,4.099999904632568,1,2000.0,1999.0,20.0,4.199999809265137,1
2026-03-31 17:02:53,429.24,2000.0,1998.0,20.0,4.300000190734863,1,2000.0,1998.0,20.0,4.199999809265137,1,2000.0,1998.0,20.0,4.099999904632568,1,2000.0,1998.0,20.0,4.199999809265137,1,2000.0,1998.0,20.0,4.099999904632568,1,2000.0,1999.0,20.0,4.199999809265137,1
2026-03-31 17:02:53,429.95,2000.0,1998.0,20.0,4.300000190734863,1,2000.0,1998.0,20.0,4.199999809265137,1,2000.0,1998.0,20.0,4.099999904632568,1,2000.0,1998.0,20.0,4.199999809265137,1,2000.0,1998.0,20.0,4.099999904632568,1,2000.0,1999.0,20.0,4.199999809265137,1
2026-03-31 17:02:54,430.67,2000.0,1998.0,20.0,4.300000190734863,1,2000.0,1998.0,20.0,4.199999809265137,1,2000.0,1998.0,20.0,4.099999904632568,1,2000.0,1998.0,20.0,4.199999809265137,1,2000.0,1998.0,20.0,4.099999904632568,1,2000.0,1999.0,20.0,4.199999809265137,1
2026-03-31 17:02:55,431.4,2000.0,1998.0,20.0,4.300000190734863,1,2000.0,1998.0,20.0,4.199999809265137,1,2000.0,1998.0,20.0,4.099999904632568,1,2000.0,1998.0,20.0,4.199999809265137,1,2000.0,1998.0,20.0,4.099999904632568,1,2000.0,1999.0,20.0,4.199999809265137,1
2026-03-31 17:02:56,432.1,2000.0,1998.0,20.0,4.300000190734863,1,2000.0,1998.0,20.0,4.199999809265137,1,2000.0,1998.0,20.0,4.099999904632568,1,2000.0,1998.0,20.0,4.199999809265137,1,2000.0,1998.0,20.0,4.099999904632568,1,2000.0,1999.0,20.0,4.199999809265137,1
2026-03-31 17:02:56,432.82,2000.0,1998.0,20.0,4.300000190734863,1,2000.0,1998.0,20.0,4.199999809265137,1,2000.0,1998.0,20.0,4.099999904632568,1,2000.0,1998.0,20.0,4.199999809265137,1,2000.0,1998.0,20.0,4.099999904632568,1,2000.0,1999.0,20.0,4.199999809265137,1
2026-03-31 17:02:57,433.54,2000.0,1998.0,20.0,4.300000190734863,1,2000.0,1998.0,20.0,4.199999809265137,1,2000.0,1998.0,20.0,4.099999904632568,1,2000.0,1998.0,20.0,4.199999809265137,1,2000.0,1998.0,20.0,4.099999904632568,1,2000.0,1999.0,20.0,4.199999809265137,1
2026-03-31 17:02:58,434.24,2000.0,1998.0,20.0,4.300000190734863,1,2000.0,1998.0,20.0,4.199999809265137,1,2000.0,1998.0,20.0,4.099999904632568,1,2000.0,1998.0,20.0,4.199999809265137,1,2000.0,1998.0,20.0,4.099999904632568,1,2000.0,1999.0,20.0,4.199999809265137,1
2026-03-31 17:02:58,434.95,2000.0,1998.0,20.0,4.300000190734863,1,2000.0,1998.0,20.0,4.199999809265137,1,2000.0,1998.0,20.0,4.099999904632568,1,2000.0,1998.0,20.0,4.199999809265137,1,2000.0,1998.0,20.0,4.099999904632568,1,2000.0,1999.0,20.0,4.199999809265137,1
2026-03-31 17:02:59,435.68,2000.0,1998.0,20.0,4.300000190734863,1,2000.0,1998.0,20.0,4.199999809265137,1,2000.0,1998.0,20.0,4.099999904632568,1,2000.0,1998.0,20.0,4.199999809265137,1,2000.0,1998.0,20.0,4.099999904632568,1,2000.0,1999.0,20.0,4.199999809265137,1
2026-03-31 17:03:00,436.38,2000.0,1998.0,20.0,4.300000190734863,1,2000.0,1998.0,20.0,4.199999809265137,1,2000.0,1998.0,20.0,4.099999904632568,1,2000.0,1998.0,20.0,4.199999809265137,1,2000.0,1998.0,20.0,4.099999904632568,1,2000.0,1999.0,20.0,4.199999809265137,1
2026-03-31 17:03:01,437.08,2000.0,1998.0,20.0,4.300000190734863,1,2000.0,1998.0,20.0,4.199999809265137,1,2000.0,1998.0,20.0,4.099999904632568,1,2000.0,1998.0,20.0,4.199999809265137,1,2000.0,1998.0,20.0,4.099999904632568,1,2000.0,1999.0,20.0,4.199999809265137,1
2026-03-31 17:03:01,437.81,2000.0,1998.0,20.0,4.300000190734863,1,2000.0,1998.0,20.0,4.199999809265137,1,2000.0,1998.0,20.0,4.099999904632568,1,2000.0,1998.0,20.0,4.199999809265137,1,2000.0,1998.0,20.0,4.099999904632568,1,2000.0,1999.0,20.0,4.199999809265137,1
2026-03-31 17:03:02,438.52,2000.0,1998.0,20.0,4.300000190734863,1,2000.0,1998.0,20.0,4.199999809265137,1,2000.0,1998.0,20.0,4.099999904632568,1,2000.0,1998.0,20.0,4.199999809265137,1,2000.0,1998.0,20.0,4.099999904632568,1,2000.0,1999.0,20.0,4.199999809265137,1
2026-03-31 17:03:03,439.23,2000.0,1998.0,20.0,4.300000190734863,1,2000.0,1998.0,20.0,4.199999809265137,1,2000.0,1998.0,20.0,4.099999904632568,1,2000.0,1998.0,20.0,4.199999809265137,1,2000.0,1998.0,20.0,4.099999904632568,1,2000.0,1999.0,20.0,4.199999809265137,1
2026-03-31 17:03:03,439.95,2000.0,1998.0,20.0,4.300000190734863,1,2000.0,1998.0,20.0,4.199999809265137,1,2000.0,1998.0,20.0,4.099999904632568,1,2000.0,1998.0,20.0,4.199999809265137,1,2000.0,1998.0,20.0,4.099999904632568,1,2000.0,1998.0,20.0,4.199999809265137,1
2026-03-31 17:03:04,440.65,2000.0,1998.0,20.0,4.300000190734863,1,2000.0,1998.0,20.0,4.199999809265137,1,2000.0,1998.0,20.0,4.099999904632568,1,2000.0,1998.0,20.0,4.199999809265137,1,2000.0,1998.0,20.0,4.099999904632568,1,2000.0,1998.0,20.0,4.199999809265137,1
2026-03-31 17:03:05,441.38,2000.0,1998.0,20.0,4.300000190734863,1,2000.0,1998.0,20.0,4.199999809265137,1,2000.0,1998.0,20.0,4.099999904632568,1,2000.0,1998.0,20.0,4.199999809265137,1,2000.0,1998.0,20.0,4.099999904632568,1,2000.0,1998.0,20.0,4.199999809265137,1
2026-03-31 17:03:06,442.09,2000.0,1998.0,20.0,4.300000190734863,1,2000.0,1998.0,20.0,4.199999809265137,1,2000.0,1998.0,20.0,4.099999904632568,1,2000.0,1998.0,20.0,4.199999809265137,1,2000.0,1998.0,20.0,4.099999904632568,1,2000.0,1998.0,20.0,4.199999809265137,1
2026-03-31 17:03:06,442.79,2000.0,1998.0,20.0,4.300000190734863,1,2000.0,1998.0,20.0,4.199999809265137,1,2000.0,1998.0,20.0,4.099999904632568,1,2000.0,1998.0,20.0,4.199999809265137,1,2000.0,1998.0,20.0,4.099999904632568,1,2000.0,1998.0,20.0,4.199999809265137,1
2026-03-31 17:03:07,443.51,2000.0,1998.0,20.0,4.300000190734863,1,2000.0,1998.0,20.0,4.199999809265137,1,2000.0,1998.0,20.0,4.099999904632568,1,2000.0,1998.0,20.0,4.199999809265137,1,2000.0,1998.0,20.0,4.099999904632568,1,2000.0,1998.0,20.0,4.199999809265137,1
2026-03-31 17:03:08,444.22,2000.0,1998.0,20.0,4.300000190734863,1,2000.0,1998.0,20.0,4.199999809265137,1,2000.0,1998.0,20.0,4.099999904632568,1,2000.0,1998.0,20.0,4.199999809265137,1,2000.0,1998.0,20.0,4.099999904632568,1,2000.0,1998.0,20.0,4.199999809265137,1
2026-03-31 17:03:08,444.94,2000.0,1998.0,20.0,4.300000190734863,1,2000.0,1998.0,20.0,4.199999809265137,1,2000.0,1998.0,20.0,4.099999904632568,1,2000.0,1998.0,20.0,4.199999809265137,1,2000.0,1998.0,20.0,4.099999904632568,1,2000.0,1999.0,20.0,4.199999809265137,1
2026-03-31 17:03:09,445.66,2000.0,1998.0,20.0,4.300000190734863,1,2000.0,1998.0,20.0,4.199999809265137,1,2000.0,1998.0,20.0,4.099999904632568,1,2000.0,1998.0,20.0,4.199999809265137,1,2000.0,1998.0,20.0,4.099999904632568,1,2000.0,1999.0,20.0,4.199999809265137,1
2026-03-31 17:03:10,446.39,2000.0,1998.0,20.0,4.300000190734863,1,2000.0,1998.0,20.0,4.199999809265137,1,2000.0,1998.0,20.0,4.099999904632568,1,2000.0,1998.0,20.0,4.199999809265137,1,2000.0,1998.0,20.0,4.099999904632568,1,2000.0,1999.0,20.0,4.199999809265137,1
2026-03-31 17:03:11,447.1,2000.0,1998.0,20.0,4.300000190734863,1,2000.0,1998.0,20.0,4.199999809265137,1,2000.0,1998.0,20.0,4.099999904632568,1,2000.0,1998.0,20.0,4.199999809265137,1,2000.0,1998.0,20.0,4.099999904632568,1,2000.0,1999.0,20.0,4.199999809265137,1
2026-03-31 17:03:11,447.83,2000.0,1998.0,20.0,4.300000190734863,1,2000.0,1998.0,20.0,4.199999809265137,1,2000.0,1998.0,20.0,4.099999904632568,1,2000.0,1998.0,20.0,4.199999809265137,1,2000.0,1998.0,20.0,4.099999904632568,1,2000.0,1999.0,20.0,4.199999809265137,1
2026-03-31 17:03:12,448.56,2000.0,1998.0,20.0,4.300000190734863,1,2000.0,1998.0,20.0,4.199999809265137,1,2000.0,1998.0,20.0,4.099999904632568,1,2000.0,1998.0,20.0,4.199999809265137,1,2000.0,1998.0,20.0,4.099999904632568,1,2000.0,1999.0,20.0,4.199999809265137,1
2026-03-31 17:03:13,449.32,2000.0,1998.0,20.0,4.300000190734863,1,2000.0,1998.0,20.0,4.199999809265137,1,2000.0,1998.0,20.0,4.099999904632568,1,2000.0,1998.0,20.0,4.199999809265137,1,2000.0,1998.0,20.0,4.099999904632568,1,2000.0,1999.0,20.0,4.199999809265137,1
2026-03-31 17:03:13,450.02,2000.0,1998.0,20.0,4.300000190734863,1,2000.0,1998.0,20.0,4.199999809265137,1,2000.0,1998.0,20.0,4.099999904632568,1,2000.0,1998.0,20.0,4.199999809265137,1,2000.0,1998.0,20.0,4.099999904632568,1,2000.0,1999.0,20.0,4.199999809265137,1
2026-03-31 17:03:14,450.73,2000.0,1998.0,20.0,4.300000190734863,1,2000.0,1998.0,20.0,4.199999809265137,1,2000.0,1998.0,20.0,4.099999904632568,1,2000.0,1998.0,20.0,4.199999809265137,1,2000.0,1998.0,20.0,4.099999904632568,1,2000.0,1999.0,20.0,4.199999809265137,1
2026-03-31 17:03:15,451.45,2000.0,1998.0,20.0,4.300000190734863,1,2000.0,1998.0,20.0,4.199999809265137,1,2000.0,1998.0,20.0,4.099999904632568,1,2000.0,1998.0,20.0,4.199999809265137,1,2000.0,1998.0,20.0,4.099999904632568,1,2000.0,1999.0,20.0,4.199999809265137,1
2026-03-31 17:03:16,452.15,2000.0,1998.0,20.0,4.300000190734863,1,2000.0,1998.0,20.0,4.199999809265137,1,2000.0,1998.0,20.0,4.099999904632568,1,2000.0,1998.0,20.0,4.199999809265137,1,2000.0,1998.0,20.0,4.099999904632568,1,2000.0,1999.0,20.0,4.199999809265137,1
2026-03-31 17:03:16,452.87,2000.0,1998.0,20.0,4.300000190734863,1,2000.0,1998.0,20.0,4.199999809265137,1,2000.0,1999.0,20.0,4.099999904632568,1,2000.0,1998.0,20.0,4.199999809265137,1,2000.0,1998.0,20.0,4.099999904632568,1,2000.0,1999.0,20.0,4.199999809265137,1
2026-03-31 17:03:17,453.58,2000.0,1998.0,20.0,4.300000190734863,1,2000.0,1998.0,20.0,4.199999809265137,1,2000.0,1999.0,20.0,4.099999904632568,1,2000.0,1998.0,20.0,4.199999809265137,1,2000.0,1998.0,20.0,4.099999904632568,1,2000.0,1999.0,20.0,4.199999809265137,1
2026-03-31 17:03:17,453.74,2000.0,1998.0,20.0,4.300000190734863,1,2000.0,1998.0,20.0,4.199999809265137,1,2000.0,1999.0,20.0,4.099999904632568,1,2000.0,1998.0,20.0,4.199999809265137,1,2000.0,1998.0,20.0,4.099999904632568,1,2000.0,1999.0,20.0,4.199999809265137,1
2026-03-31 17:03:18,454.48,2000.0,1998.0,20.0,4.300000190734863,1,2000.0,1998.0,20.0,4.199999809265137,1,2000.0,1999.0,20.0,4.099999904632568,1,2000.0,1998.0,20.0,4.199999809265137,1,2000.0,1998.0,20.0,4.099999904632568,1,2000.0,1999.0,20.0,4.199999809265137,1
2026-03-31 17:03:19,455.22,2000.0,1998.0,20.0,4.300000190734863,1,2000.0,1998.0,20.0,4.199999809265137,1,2000.0,1999.0,20.0,4.099999904632568,1,2000.0,1998.0,20.0,4.199999809265137,1,2000.0,1998.0,20.0,4.099999904632568,1,2000.0,1999.0,20.0,4.199999809265137,1
2026-03-31 17:03:19,455.96,2000.0,1998.0,20.0,4.300000190734863,1,2000.0,1998.0,20.0,4.199999809265137,1,2000.0,1999.0,20.0,4.099999904632568,1,2000.0,1998.0,20.0,4.199999809265137,1,2000.0,1998.0,20.0,4.099999904632568,1,2000.0,1999.0,20.0,4.199999809265137,1
2026-03-31 17:03:20,456.68,2000.0,1998.0,20.0,4.300000190734863,1,2000.0,1998.0,20.0,4.199999809265137,1,2000.0,1999.0,20.0,4.099999904632568,1,2000.0,1998.0,20.0,4.199999809265137,1,2000.0,1998.0,20.0,4.099999904632568,1,2000.0,1999.0,20.0,4.199999809265137,1
2026-03-31 17:03:21,457.42,2000.0,1998.0,20.0,4.300000190734863,1,2000.0,1998.0,20.0,4.199999809265137,1,2000.0,1999.0,20.0,4.099999904632568,1,2000.0,1998.0,20.0,4.199999809265137,1,2000.0,1998.0,20.0,4.099999904632568,1,2000.0,1999.0,20.0,4.199999809265137,1
2026-03-31 17:03:22,458.15,2000.0,1998.0,20.0,4.300000190734863,1,2000.0,1998.0,20.0,4.199999809265137,1,2000.0,1999.0,20.0,4.099999904632568,1,2000.0,1998.0,20.0,4.199999809265137,1,2000.0,1998.0,20.0,4.099999904632568,1,2000.0,1998.0,20.0,4.199999809265137,1
2026-03-31 17:03:22,458.87,2000.0,1998.0,20.0,4.300000190734863,1,2000.0,1998.0,20.0,4.199999809265137,1,2000.0,1999.0,20.0,4.099999904632568,1,2000.0,1998.0,20.0,4.199999809265137,1,2000.0,1998.0,20.0,4.099999904632568,1,2000.0,1998.0,20.0,4.199999809265137,1
2026-03-31 17:03:22,0.14,2000.0,1998.0,20.0,4.300000190734863,1,2000.0,1998.0,20.0,4.199999809265137,1,2000.0,1999.0,20.0,4.099999904632568,1,2000.0,1998.0,20.0,4.199999809265137,1,2000.0,1998.0,20.0,4.099999904632568,1,2000.0,1998.0,20.0,4.199999809265137,1
2026-03-31 17:03:23,0.84,2000.0,1998.0,20.0,4.300000190734863,1,2000.0,1998.0,20.0,4.199999809265137,1,2000.0,1999.0,20.0,4.099999904632568,1,2000.0,1998.0,20.0,4.199999809265137,1,2000.0,1998.0,20.0,4.099999904632568,1,2000.0,1998.0,20.0,4.199999809265137,1
2026-03-31 17:03:24,1.54,2000.0,1998.0,20.0,4.300000190734863,1,2000.0,1998.0,20.0,4.199999809265137,1,2000.0,1999.0,20.0,4.099999904632568,1,2000.0,1998.0,20.0,4.199999809265137,1,2000.0,1998.0,20.0,4.099999904632568,1,2000.0,1999.0,20.0,4.199999809265137,1
2026-03-31 17:03:25,2.24,2000.0,1998.0,20.0,4.300000190734863,1,2000.0,1998.0,20.0,4.199999809265137,1,2000.0,1999.0,20.0,4.099999904632568,1,2000.0,1998.0,20.0,4.199999809265137,1,2000.0,1998.0,20.0,4.099999904632568,1,2000.0,1999.0,20.0,4.199999809265137,1
2026-03-31 17:03:25,2.95,2000.0,1998.0,20.0,4.300000190734863,1,2000.0,1998.0,20.0,4.199999809265137,1,2000.0,1999.0,20.0,4.099999904632568,1,2000.0,1999.0,20.0,4.199999809265137,1,2000.0,1998.0,20.0,4.099999904632568,1,2000.0,1999.0,20.0,4.199999809265137,1
2026-03-31 17:03:26,3.66,2000.0,1998.0,20.0,4.300000190734863,1,2000.0,1998.0,20.0,4.199999809265137,1,2000.0,1998.0,20.0,4.099999904632568,1,2000.0,1999.0,20.0,4.199999809265137,1,2000.0,1998.0,20.0,4.099999904632568,1,2000.0,1999.0,20.0,4.199999809265137,1
2026-03-31 17:03:27,4.37,2000.0,1998.0,20.0,4.300000190734863,1,2000.0,1998.0,20.0,4.199999809265137,1,2000.0,1998.0,20.0,4.099999904632568,1,2000.0,1999.0,20.0,4.199999809265137,1,2000.0,1998.0,20.0,4.099999904632568,1,2000.0,1999.0,20.0,4.199999809265137,1
2026-03-31 17:03:27,5.1,2000.0,1998.0,20.0,4.300000190734863,1,2000.0,1998.0,20.0,4.199999809265137,1,2000.0,1998.0,20.0,4.099999904632568,1,2000.0,1999.0,20.0,4.199999809265137,1,2000.0,1998.0,20.0,4.099999904632568,1,2000.0,1999.0,20.0,4.199999809265137,1
2026-03-31 17:03:28,5.81,2000.0,1998.0,20.0,4.300000190734863,1,2000.0,1998.0,20.0,4.199999809265137,1,2000.0,1998.0,20.0,4.099999904632568,1,2000.0,1999.0,20.0,4.199999809265137,1,2000.0,1998.0,20.0,4.099999904632568,1,2000.0,1999.0,20.0,4.199999809265137,1
2026-03-31 17:03:29,6.52,2000.0,1998.0,20.0,4.300000190734863,1,2000.0,1998.0,20.0,4.199999809265137,1,2000.0,1998.0,20.0,4.099999904632568,1,2000.0,1999.0,20.0,4.199999809265137,1,2000.0,1998.0,20.0,4.099999904632568,1,2000.0,1999.0,20.0,4.199999809265137,1
2026-03-31 17:03:30,7.24,2000.0,1998.0,20.0,4.300000190734863,1,2000.0,1998.0,20.0,4.199999809265137,1,2000.0,1998.0,20.0,4.099999904632568,1,2000.0,1999.0,20.0,4.199999809265137,1,2000.0,1998.0,20.0,4.099999904632568,1,2000.0,1999.0,20.0,4.199999809265137,1
2026-03-31 17:03:30,7.96,2000.0,1998.0,20.0,4.300000190734863,1,2000.0,1998.0,20.0,4.199999809265137,1,2000.0,1998.0,20.0,4.099999904632568,1,2000.0,1999.0,20.0,4.199999809265137,1,2000.0,1998.0,20.0,4.099999904632568,1,2000.0,1999.0,20.0,4.199999809265137,1
2026-03-31 17:03:31,8.67,2000.0,1998.0,20.0,4.300000190734863,1,2000.0,1998.0,20.0,4.199999809265137,1,2000.0,1998.0,20.0,4.099999904632568,1,2000.0,1999.0,20.0,4.199999809265137,1,2000.0,1998.0,20.0,4.099999904632568,1,2000.0,1999.0,20.0,4.199999809265137,1
2026-03-31 17:03:32,9.38,2000.0,1998.0,20.0,4.300000190734863,1,2000.0,1998.0,20.0,4.199999809265137,1,2000.0,1998.0,20.0,4.099999904632568,1,2000.0,1999.0,20.0,4.199999809265137,1,2000.0,1998.0,20.0,4.099999904632568,1,2000.0,1999.0,20.0,4.199999809265137,1
2026-03-31 17:03:32,10.08,2000.0,1998.0,20.0,4.300000190734863,1,2000.0,1998.0,20.0,4.199999809265137,1,2000.0,1998.0,20.0,4.099999904632568,1,2000.0,1999.0,20.0,4.199999809265137,1,2000.0,1998.0,20.0,4.099999904632568,1,2000.0,1999.0,20.0,4.199999809265137,1
2026-03-31 17:03:33,10.8,2000.0,1998.0,20.0,4.300000190734863,1,2000.0,1998.0,20.0,4.199999809265137,1,2000.0,1998.0,20.0,4.099999904632568,1,2000.0,1999.0,20.0,4.199999809265137,1,2000.0,1998.0,20.0,4.099999904632568,1,2000.0,1999.0,20.0,4.199999809265137,1
2026-03-31 17:03:34,11.52,2000.0,1998.0,20.0,4.300000190734863,1,2000.0,1998.0,20.0,4.199999809265137,1,2000.0,1998.0,20.0,4.099999904632568,1,2000.0,1999.0,20.0,4.199999809265137,1,2000.0,1998.0,20.0,4.099999904632568,1,2000.0,1999.0,20.0,4.199999809265137,1
2026-03-31 17:03:35,12.25,2000.0,1998.0,20.0,4.300000190734863,1,2000.0,1998.0,20.0,4.199999809265137,1,2000.0,1998.0,20.0,4.099999904632568,1,2000.0,1999.0,20.0,4.199999809265137,1,2000.0,1998.0,20.0,4.099999904632568,1,2000.0,1999.0,20.0,4.199999809265137,1
2026-03-31 17:03:35,12.97,2000.0,1998.0,20.0,4.300000190734863,1,2000.0,1998.0,20.0,4.199999809265137,1,2000.0,1998.0,20.0,4.099999904632568,1,2000.0,1999.0,20.0,4.199999809265137,1,2000.0,1998.0,20.0,4.099999904632568,1,2000.0,1999.0,20.0,4.199999809265137,1
2026-03-31 17:03:36,13.69,2000.0,1998.0,20.0,4.300000190734863,1,2000.0,1998.0,20.0,4.199999809265137,1,2000.0,1998.0,20.0,4.099999904632568,1,2000.0,1999.0,20.0,4.199999809265137,1,2000.0,1998.0,20.0,4.099999904632568,1,2000.0,1999.0,20.0,4.199999809265137,1
2026-03-31 17:03:37,14.4,2000.0,1998.0,20.0,4.300000190734863,1,2000.0,1998.0,20.0,4.199999809265137,1,2000.0,1998.0,20.0,4.099999904632568,1,2000.0,1999.0,20.0,4.199999809265137,1,2000.0,1998.0,20.0,4.099999904632568,1,2000.0,1999.0,20.0,4.199999809265137,1
2026-03-31 17:03:37,15.09,2000.0,1998.0,20.0,4.300000190734863,1,2000.0,1998.0,20.0,4.199999809265137,1,2000.0,1998.0,20.0,4.099999904632568,1,2000.0,1999.0,20.0,4.199999809265137,1,2000.0,1998.0,20.0,4.099999904632568,1,2000.0,1999.0,20.0,4.199999809265137,1
2026-03-31 17:03:38,15.58,2000.0,1998.0,20.0,4.300000190734863,1,2000.0,1998.0,20.0,4.199999809265137,1,2000.0,1998.0,20.0,4.099999904632568,1,2000.0,1999.0,20.0,4.199999809265137,1,2000.0,1998.0,20.0,4.099999904632568,1,2000.0,1999.0,20.0,4.199999809265137,1
2026-03-31 17:03:38,0.14,2000.0,1998.0,20.0,4.300000190734863,1,2000.0,1998.0,20.0,4.199999809265137,1,2000.0,1998.0,20.0,4.099999904632568,1,2000.0,1999.0,20.0,4.199999809265137,1,2000.0,1998.0,20.0,4.099999904632568,1,2000.0,1999.0,20.0,4.199999809265137,1
2026-03-31 17:03:39,0.88,2000.0,1998.0,20.0,4.300000190734863,1,2000.0,1998.0,20.0,4.199999809265137,1,2000.0,1998.0,20.0,4.099999904632568,1,2000.0,1999.0,20.0,4.199999809265137,1,2000.0,1998.0,20.0,4.099999904632568,1,2000.0,1999.0,20.0,4.199999809265137,1
2026-03-31 17:03:40,1.58,2000.0,1998.0,20.0,4.300000190734863,1,2000.0,1998.0,20.0,4.199999809265137,1,2000.0,1998.0,20.0,4.099999904632568,1,2000.0,1999.0,20.0,4.199999809265137,1,2000.0,1998.0,20.0,4.099999904632568,1,2000.0,1999.0,20.0,4.199999809265137,1
2026-03-31 17:03:40,2.27,2000.0,1998.0,20.0,4.300000190734863,1,2000.0,1998.0,20.0,4.199999809265137,1,2000.0,1998.0,20.0,4.099999904632568,1,2000.0,1999.0,20.0,4.199999809265137,1,2000.0,1998.0,20.0,4.099999904632568,1,2000.0,1999.0,20.0,4.199999809265137,1
2026-03-31 17:03:41,2.99,2000.0,1998.0,20.0,4.300000190734863,1,2000.0,1998.0,20.0,4.199999809265137,1,2000.0,1998.0,20.0,4.099999904632568,1,2000.0,1999.0,20.0,4.199999809265137,1,2000.0,1998.0,20.0,4.099999904632568,1,2000.0,1999.0,20.0,4.199999809265137,1
2026-03-31 17:03:42,3.7,2000.0,1998.0,20.0,4.300000190734863,1,2000.0,1998.0,20.0,4.199999809265137,1,2000.0,1998.0,20.0,4.099999904632568,1,2000.0,1999.0,20.0,4.199999809265137,1,2000.0,1998.0,20.0,4.099999904632568,1,2000.0,1999.0,20.0,4.199999809265137,1
2026-03-31 17:03:42,4.41,2000.0,1998.0,20.0,4.300000190734863,1,2000.0,1998.0,20.0,4.199999809265137,1,2000.0,1998.0,20.0,4.099999904632568,1,2000.0,1999.0,20.0,4.199999809265137,1,2000.0,1998.0,20.0,4.099999904632568,1,2000.0,1999.0,20.0,4.199999809265137,1
2026-03-31 17:03:43,5.13,2000.0,1998.0,20.0,4.300000190734863,1,2000.0,1998.0,20.0,4.199999809265137,1,2000.0,1998.0,20.0,4.099999904632568,1,2000.0,1999.0,20.0,4.199999809265137,1,2000.0,1998.0,20.0,4.099999904632568,1,2000.0,1999.0,20.0,4.199999809265137,1
