Timestamp,Elapsed,ch0_setV,ch0_monV,ch0_setI,ch0_monI,ch0_status,ch1_setV,ch1_monV,ch1_setI,ch1_monI,ch1_status,ch2_setV,ch2_monV,ch2_setI,ch2_monI,ch2_status,ch3_setV,ch3_monV,ch3_setI,ch3_monI,ch3_status,ch4_setV,ch4_monV,ch4_setI,ch4_monI,ch4_status,ch5_setV,ch5_monV,ch5_setI,ch5_monI,ch5_status
2026-06-22 12:29:22,6.51,0.0,0.0,100.0,0.0,0,0.0,0.0,100.0,0.0,0,0.0,0.0,100.0,0.0,0,0.0,0.0,100.0,0.0,0,0.0,0.0,100.0,0.0,0,0.0,0.0,100.0,0.0,0
2026-06-22 12:29:24,7.69,0.0,0.0,100.0,0.0,0,0.0,0.0,100.0,0.0,0,0.0,0.0,100.0,0.0,0,0.0,0.0,100.0,0.0,0,0.0,0.0,100.0,0.0,0,0.0,0.0,100.0,0.0,0
2026-06-22 12:29:24,8.44,0.0,0.0,100.0,0.0,0,0.0,0.0,100.0,0.0,0,0.0,0.0,100.0,0.0,0,0.0,0.0,100.0,0.0,0,0.0,0.0,100.0,0.0,0,0.0,0.0,100.0,0.0,0
2026-06-22 12:29:25,9.17,0.0,0.0,100.0,0.0,0,0.0,0.0,100.0,0.0,0,0.0,0.0,100.0,0.0,0,0.0,0.0,100.0,0.0,0,0.0,0.0,100.0,0.0,0,0.0,0.0,100.0,0.0,0
2026-06-22 12:29:26,9.91,0.0,0.0,100.0,0.0,0,0.0,0.0,100.0,0.0,0,0.0,0.0,100.0,0.0,0,0.0,0.0,100.0,0.0,0,0.0,0.0,100.0,0.0,0,0.0,0.0,100.0,0.0,0
2026-06-22 12:29:27,10.64,0.0,0.0,100.0,0.0,0,0.0,0.0,100.0,0.0,0,0.0,0.0,100.0,0.0,0,0.0,0.0,100.0,0.0,0,0.0,0.0,100.0,0.0,0,0.0,0.0,100.0,0.0,0
2026-06-22 12:29:27,11.4,0.0,0.0,100.0,0.0,0,0.0,0.0,100.0,0.0,0,0.0,0.0,100.0,0.0,0,0.0,0.0,100.0,0.0,0,0.0,0.0,100.0,0.0,0,0.0,0.0,100.0,0.0,0
2026-06-22 12:29:28,12.14,0.0,0.0,100.0,0.0,0,0.0,0.0,100.0,0.0,0,0.0,0.0,100.0,0.0,0,0.0,0.0,100.0,0.0,0,0.0,0.0,100.0,0.0,0,0.0,0.0,100.0,0.0,0
2026-06-22 12:29:29,12.87,0.0,0.0,100.0,0.0,0,0.0,0.0,100.0,0.0,0,0.0,0.0,100.0,0.0,0,0.0,0.0,100.0,0.0,0,0.0,0.0,100.0,0.0,0,0.0,0.0,100.0,0.0,0
2026-06-22 12:29:29,13.61,0.0,0.0,100.0,0.0,0,0.0,0.0,100.0,0.0,0,0.0,0.0,100.0,0.0,0,0.0,0.0,100.0,0.0,0,0.0,0.0,100.0,0.0,0,0.0,0.0,100.0,0.0,0
2026-06-22 12:29:30,14.33,0.0,0.0,100.0,0.0,0,0.0,0.0,100.0,0.0,0,0.0,0.0,100.0,0.0,0,0.0,0.0,100.0,0.0,0,0.0,0.0,100.0,0.0,0,0.0,0.0,100.0,0.0,0
2026-06-22 12:29:31,15.07,0.0,0.0,100.0,0.0,0,0.0,0.0,100.0,0.0,0,0.0,0.0,100.0,0.0,0,0.0,0.0,100.0,0.0,0,0.0,0.0,100.0,0.0,0,0.0,0.0,100.0,0.0,0
2026-06-22 12:29:32,15.81,0.0,0.0,100.0,0.0,0,0.0,0.0,100.0,0.0,0,0.0,0.0,100.0,0.0,0,0.0,0.0,100.0,0.0,0,0.0,0.0,100.0,0.0,0,0.0,0.0,100.0,0.0,0
2026-06-22 12:29:32,16.54,0.0,0.0,100.0,0.0,0,0.0,0.0,100.0,0.0,0,0.0,0.0,100.0,0.0,0,0.0,0.0,100.0,0.0,0,0.0,0.0,100.0,0.0,0,0.0,0.0,100.0,0.0,0
2026-06-22 12:29:33,17.27,0.0,0.0,100.0,0.0,0,0.0,0.0,100.0,0.0,0,0.0,0.0,100.0,0.0,0,0.0,0.0,100.0,0.0,0,0.0,0.0,100.0,0.0,0,0.0,0.0,100.0,0.0,0
2026-06-22 12:29:34,18.0,0.0,0.0,100.0,0.0,0,0.0,0.0,100.0,0.0,0,0.0,0.0,100.0,0.0,0,0.0,0.0,100.0,0.0,0,0.0,0.0,100.0,0.0,0,0.0,0.0,100.0,0.0,0
2026-06-22 12:29:35,18.72,0.0,0.0,100.0,0.0,0,0.0,0.0,100.0,0.0,0,0.0,0.0,100.0,0.0,0,0.0,0.0,100.0,0.0,0,0.0,0.0,100.0,0.0,0,0.0,0.0,100.0,0.0,0
2026-06-22 12:29:35,19.49,0.0,0.0,100.0,0.0,0,0.0,0.0,100.0,0.0,0,0.0,0.0,100.0,0.0,0,0.0,0.0,100.0,0.0,0,0.0,0.0,100.0,0.0,0,0.0,0.0,100.0,0.0,0
2026-06-22 12:29:36,20.23,0.0,0.0,100.0,0.0,0,0.0,0.0,100.0,0.0,0,0.0,0.0,100.0,0.0,0,0.0,0.0,100.0,0.0,0,0.0,0.0,100.0,0.0,0,0.0,0.0,100.0,0.0,0
2026-06-22 12:29:37,20.97,0.0,0.0,100.0,0.0,0,0.0,0.0,100.0,0.0,0,0.0,0.0,100.0,0.0,0,0.0,0.0,100.0,0.0,0,0.0,0.0,100.0,0.0,0,0.0,0.0,100.0,0.0,0
2026-06-22 12:29:38,21.93,0.0,0.0,100.0,0.0,0,0.0,0.0,100.0,0.0,0,0.0,0.0,100.0,0.0,0,0.0,0.0,100.0,0.0,0,0.0,0.0,100.0,0.0,0,0.0,0.0,100.0,0.0,0
2026-06-22 12:29:39,22.68,0.0,0.0,100.0,0.0,0,0.0,0.0,100.0,0.0,0,0.0,0.0,100.0,0.0,0,0.0,0.0,100.0,0.0,0,0.0,0.0,100.0,0.0,0,0.0,0.0,100.0,0.0,0
2026-06-22 12:29:39,23.44,0.0,0.0,100.0,0.0,0,0.0,0.0,100.0,0.0,0,0.0,0.0,100.0,0.0,0,0.0,0.0,100.0,0.0,0,0.0,0.0,100.0,0.0,0,0.0,0.0,100.0,0.0,0
2026-06-22 12:29:40,24.22,0.0,0.0,100.0,0.0,0,0.0,0.0,100.0,0.0,0,0.0,0.0,100.0,0.0,0,0.0,0.0,100.0,0.0,0,0.0,0.0,100.0,0.0,0,0.0,0.0,100.0,0.0,0
2026-06-22 12:29:41,24.97,0.0,0.0,100.0,0.0,0,0.0,0.0,100.0,0.0,0,0.0,0.0,100.0,0.0,0,0.0,0.0,100.0,0.0,0,0.0,0.0,100.0,0.0,0,0.0,0.0,100.0,0.0,0
2026-06-22 12:29:42,25.73,0.0,0.0,100.0,0.0,0,0.0,0.0,100.0,0.0,0,0.0,0.0,100.0,0.0,0,0.0,0.0,100.0,0.0,0,0.0,0.0,100.0,0.0,0,0.0,0.0,100.0,0.0,0
2026-06-22 12:29:42,26.48,0.0,0.0,100.0,0.0,0,0.0,0.0,100.0,0.0,0,0.0,0.0,100.0,0.0,0,0.0,0.0,100.0,0.0,0,0.0,0.0,100.0,0.0,0,0.0,0.0,100.0,0.0,0
2026-06-22 12:29:43,27.21,0.0,0.0,100.0,0.0,0,0.0,0.0,100.0,0.0,0,0.0,0.0,100.0,0.0,0,0.0,0.0,100.0,0.0,0,0.0,0.0,100.0,0.0,0,0.0,0.0,100.0,0.0,0
2026-06-22 12:29:44,27.95,0.0,0.0,100.0,0.0,0,0.0,0.0,100.0,0.0,0,0.0,0.0,100.0,0.0,0,0.0,0.0,100.0,0.0,0,0.0,0.0,100.0,0.0,0,0.0,0.0,100.0,0.0,0
2026-06-22 12:29:45,28.69,0.0,0.0,100.0,0.0,0,0.0,0.0,100.0,0.0,0,0.0,0.0,100.0,0.0,0,0.0,0.0,100.0,0.0,0,0.0,0.0,100.0,0.0,0,0.0,0.0,100.0,0.0,0
2026-06-22 12:29:45,29.45,0.0,0.0,100.0,0.0,0,0.0,0.0,100.0,0.0,0,0.0,0.0,100.0,0.0,0,0.0,0.0,100.0,0.0,0,0.0,0.0,100.0,0.0,0,0.0,0.0,100.0,0.0,0
2026-06-22 12:29:46,30.22,0.0,0.0,100.0,0.0,0,0.0,0.0,100.0,0.0,0,0.0,0.0,100.0,0.0,0,0.0,0.0,100.0,0.0,0,0.0,0.0,100.0,0.0,0,0.0,0.0,100.0,0.0,0
2026-06-22 12:29:47,30.99,0.0,0.0,100.0,0.0,0,0.0,0.0,100.0,0.0,0,0.0,0.0,100.0,0.0,0,0.0,0.0,100.0,0.0,0,0.0,0.0,100.0,0.0,0,0.0,0.0,100.0,0.0,0
2026-06-22 12:29:48,31.91,0.0,0.0,100.0,0.0,0,0.0,0.0,100.0,0.0,0,0.0,0.0,100.0,0.0,0,0.0,0.0,100.0,0.0,0,0.0,0.0,100.0,0.0,0,0.0,0.0,100.0,0.0,0
2026-06-22 12:29:49,32.84,0.0,0.0,100.0,0.0,0,0.0,0.0,100.0,0.0,0,0.0,0.0,100.0,0.0,0,0.0,0.0,100.0,0.0,0,0.0,0.0,100.0,0.0,0,0.0,0.0,100.0,0.0,0
2026-06-22 12:29:50,33.75,0.0,0.0,100.0,0.0,0,0.0,0.0,100.0,0.0,0,0.0,0.0,100.0,0.0,0,0.0,0.0,100.0,0.0,0,0.0,0.0,100.0,0.0,0,0.0,0.0,100.0,0.0,0
2026-06-22 12:29:50,34.29,0.0,0.0,100.0,0.0,0,0.0,0.0,100.0,0.0,0,0.0,0.0,100.0,0.0,0,0.0,0.0,100.0,0.0,0,0.0,0.0,100.0,0.0,0,0.0,0.0,100.0,0.0,0
2026-06-22 12:29:51,35.07,0.0,0.0,100.0,0.0,0,0.0,0.0,100.0,0.0,0,0.0,0.0,100.0,0.0,0,0.0,0.0,100.0,0.0,0,0.0,0.0,100.0,0.0,0,0.0,0.0,100.0,0.0,0
2026-06-22 12:29:52,35.8,0.0,0.0,100.0,0.0,0,0.0,0.0,100.0,0.0,0,0.0,0.0,100.0,0.0,0,0.0,0.0,100.0,0.0,0,0.0,0.0,100.0,0.0,0,0.0,0.0,100.0,0.0,0
2026-06-22 12:29:52,36.47,0.0,0.0,100.0,0.0,0,0.0,0.0,100.0,0.0,0,0.0,0.0,100.0,0.0,0,0.0,0.0,100.0,0.0,0,0.0,0.0,100.0,0.0,0,0.0,0.0,100.0,0.0,0
2026-06-22 12:29:53,37.11,0.0,0.0,100.0,0.0,0,0.0,0.0,100.0,0.0,0,0.0,0.0,100.0,0.0,0,0.0,0.0,100.0,0.0,0,0.0,0.0,100.0,0.0,0,0.0,0.0,100.0,0.0,0
2026-06-22 12:29:54,38.02,0.0,0.0,100.0,0.0,0,0.0,0.0,100.0,0.0,0,0.0,0.0,100.0,0.0,0,0.0,0.0,100.0,0.0,0,0.0,0.0,100.0,0.0,0,0.0,0.0,100.0,0.0,0
2026-06-22 12:29:55,39.01,0.0,0.0,100.0,0.0,0,0.0,0.0,100.0,0.0,0,0.0,0.0,100.0,0.0,0,0.0,0.0,100.0,0.0,0,0.0,0.0,100.0,0.0,0,0.0,0.0,100.0,0.0,0
2026-06-22 12:29:56,39.75,0.0,0.0,100.0,0.0,0,0.0,0.0,100.0,0.0,0,0.0,0.0,100.0,0.0,0,0.0,0.0,100.0,0.0,0,0.0,0.0,100.0,0.0,0,0.0,0.0,100.0,0.0,0
2026-06-22 12:29:56,40.49,0.0,0.0,100.0,0.0,0,0.0,0.0,100.0,0.0,0,0.0,0.0,100.0,0.0,0,0.0,0.0,100.0,0.0,0,0.0,0.0,100.0,0.0,0,0.0,0.0,100.0,0.0,0
2026-06-22 12:29:57,41.25,0.0,0.0,100.0,0.0,0,0.0,0.0,100.0,0.0,0,0.0,0.0,100.0,0.0,0,0.0,0.0,100.0,0.0,0,0.0,0.0,100.0,0.0,0,0.0,0.0,100.0,0.0,0
2026-06-22 12:29:58,42.01,0.0,0.0,100.0,0.0,0,0.0,0.0,100.0,0.0,0,0.0,0.0,100.0,0.0,0,0.0,0.0,100.0,0.0,0,0.0,0.0,100.0,0.0,0,0.0,0.0,100.0,0.0,0
2026-06-22 12:29:59,42.79,0.0,0.0,100.0,0.0,0,0.0,0.0,100.0,0.0,0,0.0,0.0,100.0,0.0,0,0.0,0.0,100.0,0.0,0,0.0,0.0,100.0,0.0,0,0.0,0.0,100.0,0.0,0
2026-06-22 12:29:59,43.56,0.0,0.0,100.0,0.0,0,0.0,0.0,100.0,0.0,0,0.0,0.0,100.0,0.0,0,0.0,0.0,100.0,0.0,0,0.0,0.0,100.0,0.0,0,0.0,0.0,100.0,0.0,0
2026-06-22 12:30:00,44.34,0.0,0.0,100.0,0.0,0,0.0,0.0,100.0,0.0,0,0.0,0.0,100.0,0.0,0,0.0,0.0,100.0,0.0,0,0.0,0.0,100.0,0.0,0,0.0,0.0,100.0,0.0,0
2026-06-22 12:30:01,45.1,0.0,0.0,100.0,0.0,0,0.0,0.0,100.0,0.0,0,0.0,0.0,100.0,0.0,0,0.0,0.0,100.0,0.0,0,0.0,0.0,100.0,0.0,0,0.0,0.0,100.0,0.0,0
2026-06-22 12:30:02,45.9,0.0,0.0,100.0,0.0,0,0.0,0.0,100.0,0.0,0,0.0,0.0,100.0,0.0,0,0.0,0.0,100.0,0.0,0,0.0,0.0,100.0,0.0,0,0.0,0.0,100.0,0.0,0
2026-06-22 12:30:03,46.65,0.0,0.0,100.0,0.0,0,0.0,0.0,100.0,0.0,0,0.0,0.0,100.0,0.0,0,0.0,0.0,100.0,0.0,0,0.0,0.0,100.0,0.0,0,0.0,0.0,100.0,0.0,0
2026-06-22 12:30:03,47.4,0.0,0.0,100.0,0.0,0,0.0,0.0,100.0,0.0,0,0.0,0.0,100.0,0.0,0,0.0,0.0,100.0,0.0,0,0.0,0.0,100.0,0.0,0,0.0,0.0,100.0,0.0,0
2026-06-22 12:30:04,48.16,0.0,0.0,100.0,0.0,0,0.0,0.0,100.0,0.0,0,0.0,0.0,100.0,0.0,0,0.0,0.0,100.0,0.0,0,0.0,0.0,100.0,0.0,0,0.0,0.0,100.0,0.0,0
2026-06-22 12:30:05,48.91,0.0,0.0,100.0,0.0,0,0.0,0.0,100.0,0.0,0,0.0,0.0,100.0,0.0,0,0.0,0.0,100.0,0.0,0,0.0,0.0,100.0,0.0,0,0.0,0.0,100.0,0.0,0
2026-06-22 12:30:06,49.66,0.0,0.0,100.0,0.0,0,0.0,0.0,100.0,0.0,0,0.0,0.0,100.0,0.0,0,0.0,0.0,100.0,0.0,0,0.0,0.0,100.0,0.0,0,0.0,0.0,100.0,0.0,0
2026-06-22 12:30:06,50.42,0.0,0.0,100.0,0.0,0,0.0,0.0,100.0,0.0,0,0.0,0.0,100.0,0.0,0,0.0,0.0,100.0,0.0,0,0.0,0.0,100.0,0.0,0,0.0,0.0,100.0,0.0,0
2026-06-22 12:30:07,51.17,0.0,0.0,100.0,0.0,0,0.0,0.0,100.0,0.0,0,0.0,0.0,100.0,0.0,0,0.0,0.0,100.0,0.0,0,0.0,0.0,100.0,0.0,0,0.0,0.0,100.0,0.0,0
2026-06-22 12:30:08,51.94,0.0,0.0,100.0,0.0,0,0.0,0.0,100.0,0.0,0,0.0,0.0,100.0,0.0,0,0.0,0.0,100.0,0.0,0,0.0,0.0,100.0,0.0,0,0.0,0.0,100.0,0.0,0
2026-06-22 12:30:09,52.71,0.0,0.0,100.0,0.0,0,0.0,0.0,100.0,0.0,0,0.0,0.0,100.0,0.0,0,0.0,0.0,100.0,0.0,0,0.0,0.0,100.0,0.0,0,0.0,0.0,100.0,0.0,0
2026-06-22 12:30:09,53.48,0.0,0.0,100.0,0.0,0,0.0,0.0,100.0,0.0,0,0.0,0.0,100.0,0.0,0,0.0,0.0,100.0,0.0,0,0.0,0.0,100.0,0.0,0,0.0,0.0,100.0,0.0,0
2026-06-22 12:30:10,54.26,0.0,0.0,100.0,0.0,0,0.0,0.0,100.0,0.0,0,0.0,0.0,100.0,0.0,0,0.0,0.0,100.0,0.0,0,0.0,0.0,100.0,0.0,0,0.0,0.0,100.0,0.0,0
2026-06-22 12:30:11,55.09,0.0,0.0,100.0,0.0,0,0.0,0.0,100.0,0.0,0,0.0,0.0,100.0,0.0,0,0.0,0.0,100.0,0.0,0,0.0,0.0,100.0,0.0,0,0.0,0.0,100.0,0.0,0
2026-06-22 12:30:12,55.86,0.0,0.0,100.0,0.0,0,0.0,0.0,100.0,0.0,0,0.0,0.0,100.0,0.0,0,0.0,0.0,100.0,0.0,0,0.0,0.0,100.0,0.0,0,0.0,0.0,100.0,0.0,0
2026-06-22 12:30:13,56.63,0.0,0.0,100.0,0.0,0,0.0,0.0,100.0,0.0,0,0.0,0.0,100.0,0.0,0,0.0,0.0,100.0,0.0,0,0.0,0.0,100.0,0.0,0,0.0,0.0,100.0,0.0,0
2026-06-22 12:30:13,57.46,0.0,0.0,100.0,0.0,0,0.0,0.0,100.0,0.0,0,0.0,0.0,100.0,0.0,0,0.0,0.0,100.0,0.0,0,0.0,0.0,100.0,0.0,0,0.0,0.0,100.0,0.0,0
2026-06-22 12:30:14,58.24,0.0,0.0,100.0,0.0,0,0.0,0.0,100.0,0.0,0,0.0,0.0,100.0,0.0,0,0.0,0.0,100.0,0.0,0,0.0,0.0,100.0,0.0,0,0.0,0.0,100.0,0.0,0
2026-06-22 12:30:15,59.06,0.0,0.0,100.0,0.0,0,0.0,0.0,100.0,0.0,0,0.0,0.0,100.0,0.0,0,0.0,0.0,100.0,0.0,0,0.0,0.0,100.0,0.0,0,0.0,0.0,100.0,0.0,0
2026-06-22 12:30:16,59.81,0.0,0.0,100.0,0.0,0,0.0,0.0,100.0,0.0,0,0.0,0.0,100.0,0.0,0,0.0,0.0,100.0,0.0,0,0.0,0.0,100.0,0.0,0,0.0,0.0,100.0,0.0,0
2026-06-22 12:30:17,60.64,0.0,0.0,100.0,0.0,0,0.0,0.0,100.0,0.0,0,0.0,0.0,100.0,0.0,0,0.0,0.0,100.0,0.0,0,0.0,0.0,100.0,0.0,0,0.0,0.0,100.0,0.0,0
2026-06-22 12:30:17,61.45,0.0,0.0,100.0,0.0,0,0.0,0.0,100.0,0.0,0,0.0,0.0,100.0,0.0,0,0.0,0.0,100.0,0.0,0,0.0,0.0,100.0,0.0,0,0.0,0.0,100.0,0.0,0
2026-06-22 12:30:18,62.29,0.0,0.0,100.0,0.0,0,0.0,0.0,100.0,0.0,0,0.0,0.0,100.0,0.0,0,0.0,0.0,100.0,0.0,0,0.0,0.0,100.0,0.0,0,0.0,0.0,100.0,0.0,0
2026-06-22 12:30:19,63.09,0.0,0.0,100.0,0.0,0,0.0,0.0,100.0,0.0,0,0.0,0.0,100.0,0.0,0,0.0,0.0,100.0,0.0,0,0.0,0.0,100.0,0.0,0,0.0,0.0,100.0,0.0,0
2026-06-22 12:30:20,63.81,0.0,0.0,100.0,0.0,0,0.0,0.0,100.0,0.0,0,0.0,0.0,100.0,0.0,0,0.0,0.0,100.0,0.0,0,0.0,0.0,100.0,0.0,0,0.0,0.0,100.0,0.0,0
2026-06-22 12:30:20,64.56,0.0,0.0,100.0,0.0,0,0.0,0.0,100.0,0.0,0,0.0,0.0,100.0,0.0,0,0.0,0.0,100.0,0.0,0,0.0,0.0,100.0,0.0,0,0.0,0.0,100.0,0.0,0
2026-06-22 12:30:21,65.31,0.0,0.0,100.0,0.0,0,0.0,0.0,100.0,0.0,0,0.0,0.0,100.0,0.0,0,0.0,0.0,100.0,0.0,0,0.0,0.0,100.0,0.0,0,0.0,0.0,100.0,0.0,0
2026-06-22 12:30:22,66.04,0.0,0.0,100.0,0.0,0,0.0,0.0,100.0,0.0,0,0.0,0.0,100.0,0.0,0,0.0,0.0,100.0,0.0,0,0.0,0.0,100.0,0.0,0,0.0,0.0,100.0,0.0,0
2026-06-22 12:30:23,66.81,0.0,0.0,100.0,0.0,0,0.0,0.0,100.0,0.0,0,0.0,0.0,100.0,0.0,0,0.0,0.0,100.0,0.0,0,0.0,0.0,100.0,0.0,0,0.0,0.0,100.0,0.0,0
2026-06-22 12:30:23,67.56,0.0,0.0,100.0,0.0,0,0.0,0.0,100.0,0.0,0,0.0,0.0,100.0,0.0,0,0.0,0.0,100.0,0.0,0,0.0,0.0,100.0,0.0,0,0.0,0.0,100.0,0.0,0
2026-06-22 12:30:24,68.33,0.0,0.0,100.0,0.0,0,0.0,0.0,100.0,0.0,0,0.0,0.0,100.0,0.0,0,0.0,0.0,100.0,0.0,0,0.0,0.0,100.0,0.0,0,0.0,0.0,100.0,0.0,0
2026-06-22 12:30:25,69.09,0.0,0.0,100.0,0.0,0,0.0,0.0,100.0,0.0,0,0.0,0.0,100.0,0.0,0,0.0,0.0,100.0,0.0,0,0.0,0.0,100.0,0.0,0,0.0,0.0,100.0,0.0,0
2026-06-22 12:30:26,69.86,0.0,0.0,100.0,0.0,0,0.0,0.0,100.0,0.0,0,0.0,0.0,100.0,0.0,0,0.0,0.0,100.0,0.0,0,0.0,0.0,100.0,0.0,0,0.0,0.0,100.0,0.0,0
2026-06-22 12:30:27,70.62,0.0,0.0,100.0,0.0,0,0.0,0.0,100.0,0.0,0,0.0,0.0,100.0,0.0,0,0.0,0.0,100.0,0.0,0,0.0,0.0,100.0,0.0,0,0.0,0.0,100.0,0.0,0
2026-06-22 12:30:27,71.47,0.0,0.0,100.0,0.0,0,0.0,0.0,100.0,0.0,0,0.0,0.0,100.0,0.0,0,0.0,0.0,100.0,0.0,0,0.0,0.0,100.0,0.0,0,0.0,0.0,100.0,0.0,0
2026-06-22 12:30:28,72.26,0.0,0.0,100.0,0.0,0,0.0,0.0,100.0,0.0,0,0.0,0.0,100.0,0.0,0,0.0,0.0,100.0,0.0,0,0.0,0.0,100.0,0.0,0,0.0,0.0,100.0,0.0,0
2026-06-22 12:30:29,73.05,0.0,0.0,100.0,0.0,0,0.0,0.0,100.0,0.0,0,0.0,0.0,100.0,0.0,0,0.0,0.0,100.0,0.0,0,0.0,0.0,100.0,0.0,0,0.0,0.0,100.0,0.0,0
2026-06-22 12:30:30,73.87,0.0,0.0,100.0,0.0,0,0.0,0.0,100.0,0.0,0,0.0,0.0,100.0,0.0,0,0.0,0.0,100.0,0.0,0,0.0,0.0,100.0,0.0,0,0.0,0.0,100.0,0.0,0
2026-06-22 12:30:31,74.63,0.0,0.0,100.0,0.0,0,0.0,0.0,100.0,0.0,0,0.0,0.0,100.0,0.0,0,0.0,0.0,100.0,0.0,0,0.0,0.0,100.0,0.0,0,0.0,0.0,100.0,0.0,0
2026-06-22 12:30:31,75.4,0.0,0.0,100.0,0.0,0,0.0,0.0,100.0,0.0,0,0.0,0.0,100.0,0.0,0,0.0,0.0,100.0,0.0,0,0.0,0.0,100.0,0.0,0,0.0,0.0,100.0,0.0,0
2026-06-22 12:30:32,76.16,0.0,0.0,100.0,0.0,0,0.0,0.0,100.0,0.0,0,0.0,0.0,100.0,0.0,0,0.0,0.0,100.0,0.0,0,0.0,0.0,100.0,0.0,0,0.0,0.0,100.0,0.0,0
2026-06-22 12:30:33,76.91,0.0,0.0,100.0,0.0,0,0.0,0.0,100.0,0.0,0,0.0,0.0,100.0,0.0,0,0.0,0.0,100.0,0.0,0,0.0,0.0,100.0,0.0,0,0.0,0.0,100.0,0.0,0
2026-06-22 12:30:34,77.65,0.0,0.0,100.0,0.0,0,0.0,0.0,100.0,0.0,0,0.0,0.0,100.0,0.0,0,0.0,0.0,100.0,0.0,0,0.0,0.0,100.0,0.0,0,0.0,0.0,100.0,0.0,0
2026-06-22 12:30:34,78.46,0.0,0.0,100.0,0.0,0,0.0,0.0,100.0,0.0,0,0.0,0.0,100.0,0.0,0,0.0,0.0,100.0,0.0,0,0.0,0.0,100.0,0.0,0,0.0,0.0,100.0,0.0,0
2026-06-22 12:30:35,79.23,0.0,0.0,100.0,0.0,0,0.0,0.0,100.0,0.0,0,0.0,0.0,100.0,0.0,0,0.0,0.0,100.0,0.0,0,0.0,0.0,100.0,0.0,0,0.0,0.0,100.0,0.0,0
2026-06-22 12:30:36,79.99,0.0,0.0,100.0,0.0,0,0.0,0.0,100.0,0.0,0,0.0,0.0,100.0,0.0,0,0.0,0.0,100.0,0.0,0,0.0,0.0,100.0,0.0,0,0.0,0.0,100.0,0.0,0
2026-06-22 12:30:37,80.75,0.0,0.0,100.0,0.0,0,0.0,0.0,100.0,0.0,0,0.0,0.0,100.0,0.0,0,0.0,0.0,100.0,0.0,0,0.0,0.0,100.0,0.0,0,0.0,0.0,100.0,0.0,0
2026-06-22 12:30:37,81.49,0.0,0.0,100.0,0.0,0,0.0,0.0,100.0,0.0,0,0.0,0.0,100.0,0.0,0,0.0,0.0,100.0,0.0,0,0.0,0.0,100.0,0.0,0,0.0,0.0,100.0,0.0,0
2026-06-22 12:30:38,82.26,0.0,0.0,100.0,0.0,0,0.0,0.0,100.0,0.0,0,0.0,0.0,100.0,0.0,0,0.0,0.0,100.0,0.0,0,0.0,0.0,100.0,0.0,0,0.0,0.0,100.0,0.0,0
2026-06-22 12:30:39,83.03,0.0,0.0,100.0,0.0,0,0.0,0.0,100.0,0.0,0,0.0,0.0,100.0,0.0,0,0.0,0.0,100.0,0.0,0,0.0,0.0,100.0,0.0,0,0.0,0.0,100.0,0.0,0
2026-06-22 12:30:40,83.81,0.0,0.0,100.0,0.0,0,0.0,0.0,100.0,0.0,0,0.0,0.0,100.0,0.0,0,0.0,0.0,100.0,0.0,0,0.0,0.0,100.0,0.0,0,0.0,0.0,100.0,0.0,0
2026-06-22 12:30:40,84.57,0.0,0.0,100.0,0.0,0,0.0,0.0,100.0,0.0,0,0.0,0.0,100.0,0.0,0,0.0,0.0,100.0,0.0,0,0.0,0.0,100.0,0.0,0,0.0,0.0,100.0,0.0,0
2026-06-22 12:30:41,85.31,0.0,0.0,100.0,0.0,0,0.0,0.0,100.0,0.0,0,0.0,0.0,100.0,0.0,0,0.0,0.0,100.0,0.0,0,0.0,0.0,100.0,0.0,0,0.0,0.0,100.0,0.0,0
2026-06-22 12:30:42,86.06,0.0,0.0,100.0,0.0,0,0.0,0.0,100.0,0.0,0,0.0,0.0,100.0,0.0,0,0.0,0.0,100.0,0.0,0,0.0,0.0,100.0,0.0,0,0.0,0.0,100.0,0.0,0
2026-06-22 12:30:43,86.84,0.0,0.0,100.0,0.0,0,0.0,0.0,100.0,0.0,0,0.0,0.0,100.0,0.0,0,0.0,0.0,100.0,0.0,0,0.0,0.0,100.0,0.0,0,0.0,0.0,100.0,0.0,0
2026-06-22 12:30:43,87.6,0.0,0.0,100.0,0.0,0,0.0,0.0,100.0,0.0,0,0.0,0.0,100.0,0.0,0,0.0,0.0,100.0,0.0,0,0.0,0.0,100.0,0.0,0,0.0,0.0,100.0,0.0,0
2026-06-22 12:30:44,88.36,0.0,0.0,100.0,0.0,0,0.0,0.0,100.0,0.0,0,0.0,0.0,100.0,0.0,0,0.0,0.0,100.0,0.0,0,0.0,0.0,100.0,0.0,0,0.0,0.0,100.0,0.0,0
2026-06-22 12:30:45,89.09,0.0,0.0,100.0,0.0,0,0.0,0.0,100.0,0.0,0,0.0,0.0,100.0,0.0,0,0.0,0.0,100.0,0.0,0,0.0,0.0,100.0,0.0,0,0.0,0.0,100.0,0.0,0
2026-06-22 12:30:46,89.84,0.0,0.0,100.0,0.0,0,0.0,0.0,100.0,0.0,0,0.0,0.0,100.0,0.0,0,0.0,0.0,100.0,0.0,0,0.0,0.0,100.0,0.0,0,0.0,0.0,100.0,0.0,0
2026-06-22 12:30:46,90.57,0.0,0.0,100.0,0.0,0,0.0,0.0,100.0,0.0,0,0.0,0.0,100.0,0.0,0,0.0,0.0,100.0,0.0,0,0.0,0.0,100.0,0.0,0,0.0,0.0,100.0,0.0,0
2026-06-22 12:30:47,91.33,0.0,0.0,100.0,0.0,0,0.0,0.0,100.0,0.0,0,0.0,0.0,100.0,0.0,0,0.0,0.0,100.0,0.0,0,0.0,0.0,100.0,0.0,0,0.0,0.0,100.0,0.0,0
2026-06-22 12:30:48,92.11,0.0,0.0,100.0,0.0,0,0.0,0.0,100.0,0.0,0,0.0,0.0,100.0,0.0,0,0.0,0.0,100.0,0.0,0,0.0,0.0,100.0,0.0,0,0.0,0.0,100.0,0.0,0
2026-06-22 12:30:49,92.87,0.0,0.0,100.0,0.0,0,0.0,0.0,100.0,0.0,0,0.0,0.0,100.0,0.0,0,0.0,0.0,100.0,0.0,0,0.0,0.0,100.0,0.0,0,0.0,0.0,100.0,0.0,0
2026-06-22 12:30:50,93.65,0.0,0.0,100.0,0.0,0,0.0,0.0,100.0,0.0,0,0.0,0.0,100.0,0.0,0,0.0,0.0,100.0,0.0,0,0.0,0.0,100.0,0.0,0,0.0,0.0,100.0,0.0,0
2026-06-22 12:30:50,94.41,0.0,0.0,100.0,0.0,0,0.0,0.0,100.0,0.0,0,0.0,0.0,100.0,0.0,0,0.0,0.0,100.0,0.0,0,0.0,0.0,100.0,0.0,0,0.0,0.0,100.0,0.0,0
2026-06-22 12:30:51,95.18,0.0,0.0,100.0,0.0,0,0.0,0.0,100.0,0.0,0,0.0,0.0,100.0,0.0,0,0.0,0.0,100.0,0.0,0,0.0,0.0,100.0,0.0,0,0.0,0.0,100.0,0.0,0
2026-06-22 12:30:52,95.94,0.0,0.0,100.0,0.0,0,0.0,0.0,100.0,0.0,0,0.0,0.0,100.0,0.0,0,0.0,0.0,100.0,0.0,0,0.0,0.0,100.0,0.0,0,0.0,0.0,100.0,0.0,0
2026-06-22 12:30:53,96.71,0.0,0.0,100.0,0.0,0,0.0,0.0,100.0,0.0,0,0.0,0.0,100.0,0.0,0,0.0,0.0,100.0,0.0,0,0.0,0.0,100.0,0.0,0,0.0,0.0,100.0,0.0,0
2026-06-22 12:30:53,97.47,0.0,0.0,100.0,0.0,0,0.0,0.0,100.0,0.0,0,0.0,0.0,100.0,0.0,0,0.0,0.0,100.0,0.0,0,0.0,0.0,100.0,0.0,0,0.0,0.0,100.0,0.0,0
2026-06-22 12:30:54,98.21,0.0,0.0,100.0,0.0,0,0.0,0.0,100.0,0.0,0,0.0,0.0,100.0,0.0,0,0.0,0.0,100.0,0.0,0,0.0,0.0,100.0,0.0,0,0.0,0.0,100.0,0.0,0
2026-06-22 12:30:55,98.96,0.0,0.0,100.0,0.0,0,0.0,0.0,100.0,0.0,0,0.0,0.0,100.0,0.0,0,0.0,0.0,100.0,0.0,0,0.0,0.0,100.0,0.0,0,0.0,0.0,100.0,0.0,0
2026-06-22 12:30:56,99.74,0.0,0.0,100.0,0.0,0,0.0,0.0,100.0,0.0,0,0.0,0.0,100.0,0.0,0,0.0,0.0,100.0,0.0,0,0.0,0.0,100.0,0.0,0,0.0,0.0,100.0,0.0,0
2026-06-22 12:30:56,100.51,0.0,0.0,100.0,0.0,0,0.0,0.0,100.0,0.0,0,0.0,0.0,100.0,0.0,0,0.0,0.0,100.0,0.0,0,0.0,0.0,100.0,0.0,0,0.0,0.0,100.0,0.0,0
2026-06-22 12:30:57,101.26,0.0,0.0,100.0,0.0,0,0.0,0.0,100.0,0.0,0,0.0,0.0,100.0,0.0,0,0.0,0.0,100.0,0.0,0,0.0,0.0,100.0,0.0,0,0.0,0.0,100.0,0.0,0
2026-06-22 12:30:58,102.08,0.0,0.0,100.0,0.0,0,0.0,0.0,100.0,0.0,0,0.0,0.0,100.0,0.0,0,0.0,0.0,100.0,0.0,0,0.0,0.0,100.0,0.0,0,0.0,0.0,100.0,0.0,0
2026-06-22 12:30:59,102.85,0.0,0.0,100.0,0.0,0,0.0,0.0,100.0,0.0,0,0.0,0.0,100.0,0.0,0,0.0,0.0,100.0,0.0,0,0.0,0.0,100.0,0.0,0,0.0,0.0,100.0,0.0,0
2026-06-22 12:30:59,103.61,0.0,0.0,100.0,0.0,0,0.0,0.0,100.0,0.0,0,0.0,0.0,100.0,0.0,0,0.0,0.0,100.0,0.0,0,0.0,0.0,100.0,0.0,0,0.0,0.0,100.0,0.0,0
2026-06-22 12:31:00,104.37,0.0,0.0,100.0,0.0,0,0.0,0.0,100.0,0.0,0,0.0,0.0,100.0,0.0,0,0.0,0.0,100.0,0.0,0,0.0,0.0,100.0,0.0,0,0.0,0.0,100.0,0.0,0
2026-06-22 12:31:01,105.15,0.0,0.0,100.0,0.0,0,0.0,0.0,100.0,0.0,0,0.0,0.0,100.0,0.0,0,0.0,0.0,100.0,0.0,0,0.0,0.0,100.0,0.0,0,0.0,0.0,100.0,0.0,0
2026-06-22 12:31:02,105.9,0.0,0.0,100.0,0.0,0,0.0,0.0,100.0,0.0,0,0.0,0.0,100.0,0.0,0,0.0,0.0,100.0,0.0,0,0.0,0.0,100.0,0.0,0,0.0,0.0,100.0,0.0,0
2026-06-22 12:31:03,106.7,0.0,0.0,100.0,0.0,0,0.0,0.0,100.0,0.0,0,0.0,0.0,100.0,0.0,0,0.0,0.0,100.0,0.0,0,0.0,0.0,100.0,0.0,0,0.0,0.0,100.0,0.0,0
2026-06-22 12:31:03,107.5,0.0,0.0,100.0,0.0,0,0.0,0.0,100.0,0.0,0,0.0,0.0,100.0,0.0,0,0.0,0.0,100.0,0.0,0,0.0,0.0,100.0,0.0,0,0.0,0.0,100.0,0.0,0
2026-06-22 12:31:04,108.41,0.0,0.0,100.0,0.0,0,0.0,0.0,100.0,0.0,0,0.0,0.0,100.0,0.0,0,0.0,0.0,100.0,0.0,0,0.0,0.0,100.0,0.0,0,0.0,0.0,100.0,0.0,0
2026-06-22 12:31:05,109.19,0.0,0.0,100.0,0.0,0,0.0,0.0,100.0,0.0,0,0.0,0.0,100.0,0.0,0,0.0,0.0,100.0,0.0,0,0.0,0.0,100.0,0.0,0,0.0,0.0,100.0,0.0,0
2026-06-22 12:31:06,109.95,0.0,0.0,100.0,0.0,0,0.0,0.0,100.0,0.0,0,0.0,0.0,100.0,0.0,0,0.0,0.0,100.0,0.0,0,0.0,0.0,100.0,0.0,0,0.0,0.0,100.0,0.0,0
2026-06-22 12:31:07,110.69,0.0,0.0,100.0,0.0,0,0.0,0.0,100.0,0.0,0,0.0,0.0,100.0,0.0,0,0.0,0.0,100.0,0.0,0,0.0,0.0,100.0,0.0,0,0.0,0.0,100.0,0.0,0
2026-06-22 12:31:07,111.48,0.0,0.0,100.0,0.0,0,0.0,0.0,100.0,0.0,0,0.0,0.0,100.0,0.0,0,0.0,0.0,100.0,0.0,0,0.0,0.0,100.0,0.0,0,0.0,0.0,100.0,0.0,0
2026-06-22 12:31:08,112.28,0.0,0.0,100.0,0.0,0,0.0,0.0,100.0,0.0,0,0.0,0.0,100.0,0.0,0,0.0,0.0,100.0,0.0,0,0.0,0.0,100.0,0.0,0,0.0,0.0,100.0,0.0,0
2026-06-22 12:31:09,113.03,0.0,0.0,100.0,0.0,0,0.0,0.0,100.0,0.0,0,0.0,0.0,100.0,0.0,0,0.0,0.0,100.0,0.0,0,0.0,0.0,100.0,0.0,0,0.0,0.0,100.0,0.0,0
2026-06-22 12:31:10,113.8,0.0,0.0,100.0,0.0,0,0.0,0.0,100.0,0.0,0,0.0,0.0,100.0,0.0,0,0.0,0.0,100.0,0.0,0,0.0,0.0,100.0,0.0,0,0.0,0.0,100.0,0.0,0
2026-06-22 12:31:10,114.56,0.0,0.0,100.0,0.0,0,0.0,0.0,100.0,0.0,0,0.0,0.0,100.0,0.0,0,0.0,0.0,100.0,0.0,0,0.0,0.0,100.0,0.0,0,0.0,0.0,100.0,0.0,0
2026-06-22 12:31:11,115.33,0.0,0.0,100.0,0.0,0,0.0,0.0,100.0,0.0,0,0.0,0.0,100.0,0.0,0,0.0,0.0,100.0,0.0,0,0.0,0.0,100.0,0.0,0,0.0,0.0,100.0,0.0,0
2026-06-22 12:31:12,116.13,0.0,0.0,100.0,0.0,0,0.0,0.0,100.0,0.0,0,0.0,0.0,100.0,0.0,0,0.0,0.0,100.0,0.0,0,0.0,0.0,100.0,0.0,0,0.0,0.0,100.0,0.0,0
2026-06-22 12:31:13,116.94,0.0,0.0,100.0,0.0,0,0.0,0.0,100.0,0.0,0,0.0,0.0,100.0,0.0,0,0.0,0.0,100.0,0.0,0,0.0,0.0,100.0,0.0,0,0.0,0.0,100.0,0.0,0
2026-06-22 12:31:14,117.79,0.0,0.0,100.0,0.0,0,0.0,0.0,100.0,0.0,0,0.0,0.0,100.0,0.0,0,0.0,0.0,100.0,0.0,0,0.0,0.0,100.0,0.0,0,0.0,0.0,100.0,0.0,0
2026-06-22 12:31:14,118.58,0.0,0.0,100.0,0.0,0,0.0,0.0,100.0,0.0,0,0.0,0.0,100.0,0.0,0,0.0,0.0,100.0,0.0,0,0.0,0.0,100.0,0.0,0,0.0,0.0,100.0,0.0,0
2026-06-22 12:31:15,119.41,0.0,0.0,100.0,0.0,0,0.0,0.0,100.0,0.0,0,0.0,0.0,100.0,0.0,0,0.0,0.0,100.0,0.0,0,0.0,0.0,100.0,0.0,0,0.0,0.0,100.0,0.0,0
2026-06-22 12:31:16,120.21,0.0,0.0,100.0,0.0,0,0.0,0.0,100.0,0.0,0,0.0,0.0,100.0,0.0,0,0.0,0.0,100.0,0.0,0,0.0,0.0,100.0,0.0,0,0.0,0.0,100.0,0.0,0
2026-06-22 12:31:17,121.03,0.0,0.0,100.0,0.0,0,0.0,0.0,100.0,0.0,0,0.0,0.0,100.0,0.0,0,0.0,0.0,100.0,0.0,0,0.0,0.0,100.0,0.0,0,0.0,0.0,100.0,0.0,0
2026-06-22 12:31:18,121.84,0.0,0.0,100.0,0.0,0,0.0,0.0,100.0,0.0,0,0.0,0.0,100.0,0.0,0,0.0,0.0,100.0,0.0,0,0.0,0.0,100.0,0.0,0,0.0,0.0,100.0,0.0,0
2026-06-22 12:31:19,122.64,0.0,0.0,100.0,0.0,0,0.0,0.0,100.0,0.0,0,0.0,0.0,100.0,0.0,0,0.0,0.0,100.0,0.0,0,0.0,0.0,100.0,0.0,0,0.0,0.0,100.0,0.0,0
2026-06-22 12:31:19,123.45,0.0,0.0,100.0,0.0,0,0.0,0.0,100.0,0.0,0,0.0,0.0,100.0,0.0,0,0.0,0.0,100.0,0.0,0,0.0,0.0,100.0,0.0,0,0.0,0.0,100.0,0.0,0
2026-06-22 12:31:20,124.28,0.0,0.0,100.0,0.0,0,0.0,0.0,100.0,0.0,0,0.0,0.0,100.0,0.0,0,0.0,0.0,100.0,0.0,0,0.0,0.0,100.0,0.0,0,0.0,0.0,100.0,0.0,0
2026-06-22 12:31:21,125.07,0.0,0.0,100.0,0.0,0,0.0,0.0,100.0,0.0,0,0.0,0.0,100.0,0.0,0,0.0,0.0,100.0,0.0,0,0.0,0.0,100.0,0.0,0,0.0,0.0,100.0,0.0,0
2026-06-22 12:31:22,125.86,0.0,0.0,100.0,0.0,0,0.0,0.0,100.0,0.0,0,0.0,0.0,100.0,0.0,0,0.0,0.0,100.0,0.0,0,0.0,0.0,100.0,0.0,0,0.0,0.0,100.0,0.0,0
2026-06-22 12:31:23,126.63,0.0,0.0,100.0,0.0,0,0.0,0.0,100.0,0.0,0,0.0,0.0,100.0,0.0,0,0.0,0.0,100.0,0.0,0,0.0,0.0,100.0,0.0,0,0.0,0.0,100.0,0.0,0
2026-06-22 12:31:23,127.43,0.0,0.0,100.0,0.0,0,0.0,0.0,100.0,0.0,0,0.0,0.0,100.0,0.0,0,0.0,0.0,100.0,0.0,0,0.0,0.0,100.0,0.0,0,0.0,0.0,100.0,0.0,0
2026-06-22 12:31:24,128.26,0.0,0.0,100.0,0.0,0,0.0,0.0,100.0,0.0,0,0.0,0.0,100.0,0.0,0,0.0,0.0,100.0,0.0,0,0.0,0.0,100.0,0.0,0,0.0,0.0,100.0,0.0,0
2026-06-22 12:31:25,129.07,0.0,0.0,100.0,0.0,0,0.0,0.0,100.0,0.0,0,0.0,0.0,100.0,0.0,0,0.0,0.0,100.0,0.0,0,0.0,0.0,100.0,0.0,0,0.0,0.0,100.0,0.0,0
2026-06-22 12:31:26,129.84,0.0,0.0,100.0,0.0,0,0.0,0.0,100.0,0.0,0,0.0,0.0,100.0,0.0,0,0.0,0.0,100.0,0.0,0,0.0,0.0,100.0,0.0,0,0.0,0.0,100.0,0.0,0
2026-06-22 12:31:27,130.64,0.0,0.0,100.0,0.0,0,0.0,0.0,100.0,0.0,0,0.0,0.0,100.0,0.0,0,0.0,0.0,100.0,0.0,0,0.0,0.0,100.0,0.0,0,0.0,0.0,100.0,0.0,0
2026-06-22 12:31:27,131.42,0.0,0.0,100.0,0.0,0,0.0,0.0,100.0,0.0,0,0.0,0.0,100.0,0.0,0,0.0,0.0,100.0,0.0,0,0.0,0.0,100.0,0.0,0,0.0,0.0,100.0,0.0,0
2026-06-22 12:31:28,132.19,0.0,0.0,100.0,0.0,0,0.0,0.0,100.0,0.0,0,0.0,0.0,100.0,0.0,0,0.0,0.0,100.0,0.0,0,0.0,0.0,100.0,0.0,0,0.0,0.0,100.0,0.0,0
2026-06-22 12:31:29,132.96,0.0,0.0,100.0,0.0,0,0.0,0.0,100.0,0.0,0,0.0,0.0,100.0,0.0,0,0.0,0.0,100.0,0.0,0,0.0,0.0,100.0,0.0,0,0.0,0.0,100.0,0.0,0
2026-06-22 12:31:30,133.95,0.0,0.0,100.0,0.0,0,0.0,0.0,100.0,0.0,0,0.0,0.0,100.0,0.0,0,0.0,0.0,100.0,0.0,0,0.0,0.0,100.0,0.0,0,0.0,0.0,100.0,0.0,0
2026-06-22 12:31:31,134.74,0.0,0.0,100.0,0.0,0,0.0,0.0,100.0,0.0,0,0.0,0.0,100.0,0.0,0,0.0,0.0,100.0,0.0,0,0.0,0.0,100.0,0.0,0,0.0,0.0,100.0,0.0,0
2026-06-22 12:31:31,135.49,0.0,0.0,100.0,0.0,0,0.0,0.0,100.0,0.0,0,0.0,0.0,100.0,0.0,0,0.0,0.0,100.0,0.0,0,0.0,0.0,100.0,0.0,0,0.0,0.0,100.0,0.0,0
2026-06-22 12:31:32,136.26,0.0,0.0,100.0,0.0,0,0.0,0.0,100.0,0.0,0,0.0,0.0,100.0,0.0,0,0.0,0.0,100.0,0.0,0,0.0,0.0,100.0,0.0,0,0.0,0.0,100.0,0.0,0
2026-06-22 12:31:33,136.99,0.0,0.0,100.0,0.0,0,0.0,0.0,100.0,0.0,0,0.0,0.0,100.0,0.0,0,0.0,0.0,100.0,0.0,0,0.0,0.0,100.0,0.0,0,0.0,0.0,100.0,0.0,0
2026-06-22 12:31:34,137.73,0.0,0.0,100.0,0.0,0,0.0,0.0,100.0,0.0,0,0.0,0.0,100.0,0.0,0,0.0,0.0,100.0,0.0,0,0.0,0.0,100.0,0.0,0,0.0,0.0,100.0,0.0,0
2026-06-22 12:31:34,138.48,0.0,0.0,100.0,0.0,0,0.0,0.0,100.0,0.0,0,0.0,0.0,100.0,0.0,0,0.0,0.0,100.0,0.0,0,0.0,0.0,100.0,0.0,0,0.0,0.0,100.0,0.0,0
2026-06-22 12:31:35,139.27,0.0,0.0,100.0,0.0,0,0.0,0.0,100.0,0.0,0,0.0,0.0,100.0,0.0,0,0.0,0.0,100.0,0.0,0,0.0,0.0,100.0,0.0,0,0.0,0.0,100.0,0.0,0
2026-06-22 12:31:36,140.08,0.0,0.0,100.0,0.0,0,0.0,0.0,100.0,0.0,0,0.0,0.0,100.0,0.0,0,0.0,0.0,100.0,0.0,0,0.0,0.0,100.0,0.0,0,0.0,0.0,100.0,0.0,0
2026-06-22 12:31:37,140.85,0.0,0.0,100.0,0.0,0,0.0,0.0,100.0,0.0,0,0.0,0.0,100.0,0.0,0,0.0,0.0,100.0,0.0,0,0.0,0.0,100.0,0.0,0,0.0,0.0,100.0,0.0,0
2026-06-22 12:31:38,141.62,0.0,0.0,100.0,0.0,0,0.0,0.0,100.0,0.0,0,0.0,0.0,100.0,0.0,0,0.0,0.0,100.0,0.0,0,0.0,0.0,100.0,0.0,0,0.0,0.0,100.0,0.0,0
2026-06-22 12:31:38,142.42,0.0,0.0,100.0,0.0,0,0.0,0.0,100.0,0.0,0,0.0,0.0,100.0,0.0,0,0.0,0.0,100.0,0.0,0,0.0,0.0,100.0,0.0,0,0.0,0.0,100.0,0.0,0
2026-06-22 12:31:39,143.18,0.0,0.0,100.0,0.0,0,0.0,0.0,100.0,0.0,0,0.0,0.0,100.0,0.0,0,0.0,0.0,100.0,0.0,0,0.0,0.0,100.0,0.0,0,0.0,0.0,100.0,0.0,0
2026-06-22 12:31:40,143.94,0.0,0.0,100.0,0.0,0,0.0,0.0,100.0,0.0,0,0.0,0.0,100.0,0.0,0,0.0,0.0,100.0,0.0,0,0.0,0.0,100.0,0.0,0,0.0,0.0,100.0,0.0,0
2026-06-22 12:31:41,144.72,0.0,0.0,100.0,0.0,0,0.0,0.0,100.0,0.0,0,0.0,0.0,100.0,0.0,0,0.0,0.0,100.0,0.0,0,0.0,0.0,100.0,0.0,0,0.0,0.0,100.0,0.0,0
2026-06-22 12:31:41,145.52,0.0,0.0,100.0,0.0,0,0.0,0.0,100.0,0.0,0,0.0,0.0,100.0,0.0,0,0.0,0.0,100.0,0.0,0,0.0,0.0,100.0,0.0,0,0.0,0.0,100.0,0.0,0
2026-06-22 12:31:42,146.29,0.0,0.0,100.0,0.0,0,0.0,0.0,100.0,0.0,0,0.0,0.0,100.0,0.0,0,0.0,0.0,100.0,0.0,0,0.0,0.0,100.0,0.0,0,0.0,0.0,100.0,0.0,0
2026-06-22 12:31:43,147.06,0.0,0.0,100.0,0.0,0,0.0,0.0,100.0,0.0,0,0.0,0.0,100.0,0.0,0,0.0,0.0,100.0,0.0,0,0.0,0.0,100.0,0.0,0,0.0,0.0,100.0,0.0,0
2026-06-22 12:31:44,147.83,0.0,0.0,100.0,0.0,0,0.0,0.0,100.0,0.0,0,0.0,0.0,100.0,0.0,0,0.0,0.0,100.0,0.0,0,0.0,0.0,100.0,0.0,0,0.0,0.0,100.0,0.0,0
2026-06-22 12:31:44,148.61,0.0,0.0,100.0,0.0,0,0.0,0.0,100.0,0.0,0,0.0,0.0,100.0,0.0,0,0.0,0.0,100.0,0.0,0,0.0,0.0,100.0,0.0,0,0.0,0.0,100.0,0.0,0
2026-06-22 12:31:45,149.38,0.0,0.0,100.0,0.0,0,0.0,0.0,100.0,0.0,0,0.0,0.0,100.0,0.0,0,0.0,0.0,100.0,0.0,0,0.0,0.0,100.0,0.0,0,0.0,0.0,100.0,0.0,0
2026-06-22 12:31:46,150.16,0.0,0.0,100.0,0.0,0,0.0,0.0,100.0,0.0,0,0.0,0.0,100.0,0.0,0,0.0,0.0,100.0,0.0,0,0.0,0.0,100.0,0.0,0,0.0,0.0,100.0,0.0,0
2026-06-22 12:31:47,150.93,0.0,0.0,100.0,0.0,0,0.0,0.0,100.0,0.0,0,0.0,0.0,100.0,0.0,0,0.0,0.0,100.0,0.0,0,0.0,0.0,100.0,0.0,0,0.0,0.0,100.0,0.0,0
2026-06-22 12:31:48,151.7,0.0,0.0,100.0,0.0,0,0.0,0.0,100.0,0.0,0,0.0,0.0,100.0,0.0,0,0.0,0.0,100.0,0.0,0,0.0,0.0,100.0,0.0,0,0.0,0.0,100.0,0.0,0
2026-06-22 12:31:48,152.48,0.0,0.0,100.0,0.0,0,0.0,0.0,100.0,0.0,0,0.0,0.0,100.0,0.0,0,0.0,0.0,100.0,0.0,0,0.0,0.0,100.0,0.0,0,0.0,0.0,100.0,0.0,0
2026-06-22 12:31:49,153.26,0.0,0.0,100.0,0.0,0,0.0,0.0,100.0,0.0,0,0.0,0.0,100.0,0.0,0,0.0,0.0,100.0,0.0,0,0.0,0.0,100.0,0.0,0,0.0,0.0,100.0,0.0,0
2026-06-22 12:31:50,154.02,0.0,0.0,100.0,0.0,0,0.0,0.0,100.0,0.0,0,0.0,0.0,100.0,0.0,0,0.0,0.0,100.0,0.0,0,0.0,0.0,100.0,0.0,0,0.0,0.0,100.0,0.0,0
2026-06-22 12:31:51,154.78,0.0,0.0,100.0,0.0,0,0.0,0.0,100.0,0.0,0,0.0,0.0,100.0,0.0,0,0.0,0.0,100.0,0.0,0,0.0,0.0,100.0,0.0,0,0.0,0.0,100.0,0.0,0
2026-06-22 12:31:51,155.51,0.0,0.0,100.0,0.0,0,0.0,0.0,100.0,0.0,0,0.0,0.0,100.0,0.0,0,0.0,0.0,100.0,0.0,0,0.0,0.0,100.0,0.0,0,0.0,0.0,100.0,0.0,0
2026-06-22 12:31:52,156.26,0.0,0.0,100.0,0.0,0,0.0,0.0,100.0,0.0,0,0.0,0.0,100.0,0.0,0,0.0,0.0,100.0,0.0,0,0.0,0.0,100.0,0.0,0,0.0,0.0,100.0,0.0,0
2026-06-22 12:31:53,157.0,0.0,0.0,100.0,0.0,0,0.0,0.0,100.0,0.0,0,0.0,0.0,100.0,0.0,0,0.0,0.0,100.0,0.0,0,0.0,0.0,100.0,0.0,0,0.0,0.0,100.0,0.0,0
2026-06-22 12:31:54,157.77,0.0,0.0,100.0,0.0,0,0.0,0.0,100.0,0.0,0,0.0,0.0,100.0,0.0,0,0.0,0.0,100.0,0.0,0,0.0,0.0,100.0,0.0,0,0.0,0.0,100.0,0.0,0
2026-06-22 12:31:54,158.51,0.0,0.0,100.0,0.0,0,0.0,0.0,100.0,0.0,0,0.0,0.0,100.0,0.0,0,0.0,0.0,100.0,0.0,0,0.0,0.0,100.0,0.0,0,0.0,0.0,100.0,0.0,0
2026-06-22 12:31:55,159.31,0.0,0.0,100.0,0.0,0,0.0,0.0,100.0,0.0,0,0.0,0.0,100.0,0.0,0,0.0,0.0,100.0,0.0,0,0.0,0.0,100.0,0.0,0,0.0,0.0,100.0,0.0,0
2026-06-22 12:31:56,160.06,0.0,0.0,100.0,0.0,0,0.0,0.0,100.0,0.0,0,0.0,0.0,100.0,0.0,0,0.0,0.0,100.0,0.0,0,0.0,0.0,100.0,0.0,0,0.0,0.0,100.0,0.0,0
2026-06-22 12:31:57,160.82,0.0,0.0,100.0,0.0,0,0.0,0.0,100.0,0.0,0,0.0,0.0,100.0,0.0,0,0.0,0.0,100.0,0.0,0,0.0,0.0,100.0,0.0,0,0.0,0.0,100.0,0.0,0
2026-06-22 12:31:57,161.57,0.0,0.0,100.0,0.0,0,0.0,0.0,100.0,0.0,0,0.0,0.0,100.0,0.0,0,0.0,0.0,100.0,0.0,0,0.0,0.0,100.0,0.0,0,0.0,0.0,100.0,0.0,0
2026-06-22 12:31:58,162.34,0.0,0.0,100.0,0.0,0,0.0,0.0,100.0,0.0,0,0.0,0.0,100.0,0.0,0,0.0,0.0,100.0,0.0,0,0.0,0.0,100.0,0.0,0,0.0,0.0,100.0,0.0,0
2026-06-22 12:31:59,163.11,0.0,0.0,100.0,0.0,0,0.0,0.0,100.0,0.0,0,0.0,0.0,100.0,0.0,0,0.0,0.0,100.0,0.0,0,0.0,0.0,100.0,0.0,0,0.0,0.0,100.0,0.0,0
2026-06-22 12:32:00,163.86,0.0,0.0,100.0,0.0,0,0.0,0.0,100.0,0.0,0,0.0,0.0,100.0,0.0,0,0.0,0.0,100.0,0.0,0,0.0,0.0,100.0,0.0,0,0.0,0.0,100.0,0.0,0
2026-06-22 12:32:01,164.65,0.0,0.0,100.0,0.0,0,0.0,0.0,100.0,0.0,0,0.0,0.0,100.0,0.0,0,0.0,0.0,100.0,0.0,0,0.0,0.0,100.0,0.0,0,0.0,0.0,100.0,0.0,0
2026-06-22 12:32:01,165.43,0.0,0.0,100.0,0.0,0,0.0,0.0,100.0,0.0,0,0.0,0.0,100.0,0.0,0,0.0,0.0,100.0,0.0,0,0.0,0.0,100.0,0.0,0,0.0,0.0,100.0,0.0,0
2026-06-22 12:32:02,166.21,0.0,0.0,100.0,0.0,0,0.0,0.0,100.0,0.0,0,0.0,0.0,100.0,0.0,0,0.0,0.0,100.0,0.0,0,0.0,0.0,100.0,0.0,0,0.0,0.0,100.0,0.0,0
2026-06-22 12:32:03,167.02,0.0,0.0,100.0,0.0,0,0.0,0.0,100.0,0.0,0,0.0,0.0,100.0,0.0,0,0.0,0.0,100.0,0.0,0,0.0,0.0,100.0,0.0,0,0.0,0.0,100.0,0.0,0
2026-06-22 12:32:04,167.86,0.0,0.0,100.0,0.0,0,0.0,0.0,100.0,0.0,0,0.0,0.0,100.0,0.0,0,0.0,0.0,100.0,0.0,0,0.0,0.0,100.0,0.0,0,0.0,0.0,100.0,0.0,0
2026-06-22 12:32:05,168.65,0.0,0.0,100.0,0.0,0,0.0,0.0,100.0,0.0,0,0.0,0.0,100.0,0.0,0,0.0,0.0,100.0,0.0,0,0.0,0.0,100.0,0.0,0,0.0,0.0,100.0,0.0,0
2026-06-22 12:32:05,169.45,0.0,0.0,100.0,0.0,0,0.0,0.0,100.0,0.0,0,0.0,0.0,100.0,0.0,0,0.0,0.0,100.0,0.0,0,0.0,0.0,100.0,0.0,0,0.0,0.0,100.0,0.0,0
2026-06-22 12:32:06,170.26,0.0,0.0,100.0,0.0,0,0.0,0.0,100.0,0.0,0,0.0,0.0,100.0,0.0,0,0.0,0.0,100.0,0.0,0,0.0,0.0,100.0,0.0,0,0.0,0.0,100.0,0.0,0
2026-06-22 12:32:07,171.08,0.0,0.0,100.0,0.0,0,0.0,0.0,100.0,0.0,0,0.0,0.0,100.0,0.0,0,0.0,0.0,100.0,0.0,0,0.0,0.0,100.0,0.0,0,0.0,0.0,100.0,0.0,0
2026-06-22 12:32:08,171.85,0.0,0.0,100.0,0.0,0,0.0,0.0,100.0,0.0,0,0.0,0.0,100.0,0.0,0,0.0,0.0,100.0,0.0,0,0.0,0.0,100.0,0.0,0,0.0,0.0,100.0,0.0,0
2026-06-22 12:32:09,172.67,0.0,0.0,100.0,0.0,0,0.0,0.0,100.0,0.0,0,0.0,0.0,100.0,0.0,0,0.0,0.0,100.0,0.0,0,0.0,0.0,100.0,0.0,0,0.0,0.0,100.0,0.0,0
2026-06-22 12:32:09,173.46,0.0,0.0,100.0,0.0,0,0.0,0.0,100.0,0.0,0,0.0,0.0,100.0,0.0,0,0.0,0.0,100.0,0.0,0,0.0,0.0,100.0,0.0,0,0.0,0.0,100.0,0.0,0
2026-06-22 12:32:10,174.26,0.0,0.0,100.0,0.0,0,0.0,0.0,100.0,0.0,0,0.0,0.0,100.0,0.0,0,0.0,0.0,100.0,0.0,0,0.0,0.0,100.0,0.0,0,0.0,0.0,100.0,0.0,0
2026-06-22 12:32:11,175.03,0.0,0.0,100.0,0.0,0,0.0,0.0,100.0,0.0,0,0.0,0.0,100.0,0.0,0,0.0,0.0,100.0,0.0,0,0.0,0.0,100.0,0.0,0,0.0,0.0,100.0,0.0,0
2026-06-22 12:32:12,175.83,0.0,0.0,100.0,0.0,0,0.0,0.0,100.0,0.0,0,0.0,0.0,100.0,0.0,0,0.0,0.0,100.0,0.0,0,0.0,0.0,100.0,0.0,0,0.0,0.0,100.0,0.0,0
2026-06-22 12:32:13,176.65,0.0,0.0,100.0,0.0,0,0.0,0.0,100.0,0.0,0,0.0,0.0,100.0,0.0,0,0.0,0.0,100.0,0.0,0,0.0,0.0,100.0,0.0,0,0.0,0.0,100.0,0.0,0
2026-06-22 12:32:13,177.51,0.0,0.0,100.0,0.0,0,0.0,0.0,100.0,0.0,0,0.0,0.0,100.0,0.0,0,0.0,0.0,100.0,0.0,0,0.0,0.0,100.0,0.0,0,0.0,0.0,100.0,0.0,0
2026-06-22 12:32:14,178.3,0.0,0.0,100.0,0.0,0,0.0,0.0,100.0,0.0,0,0.0,0.0,100.0,0.0,0,0.0,0.0,100.0,0.0,0,0.0,0.0,100.0,0.0,0,0.0,0.0,100.0,0.0,0
2026-06-22 12:32:15,179.11,0.0,0.0,100.0,0.0,0,0.0,0.0,100.0,0.0,0,0.0,0.0,100.0,0.0,0,0.0,0.0,100.0,0.0,0,0.0,0.0,100.0,0.0,0,0.0,0.0,100.0,0.0,0
2026-06-22 12:32:16,179.92,0.0,0.0,100.0,0.0,0,0.0,0.0,100.0,0.0,0,0.0,0.0,100.0,0.0,0,0.0,0.0,100.0,0.0,0,0.0,0.0,100.0,0.0,0,0.0,0.0,100.0,0.0,0
2026-06-22 12:32:17,180.72,0.0,0.0,100.0,0.0,0,0.0,0.0,100.0,0.0,0,0.0,0.0,100.0,0.0,0,0.0,0.0,100.0,0.0,0,0.0,0.0,100.0,0.0,0,0.0,0.0,100.0,0.0,0
2026-06-22 12:32:17,181.55,0.0,0.0,100.0,0.0,0,0.0,0.0,100.0,0.0,0,0.0,0.0,100.0,0.0,0,0.0,0.0,100.0,0.0,0,0.0,0.0,100.0,0.0,0,0.0,0.0,100.0,0.0,0
2026-06-22 12:32:18,182.34,0.0,0.0,100.0,0.0,0,0.0,0.0,100.0,0.0,0,0.0,0.0,100.0,0.0,0,0.0,0.0,100.0,0.0,0,0.0,0.0,100.0,0.0,0,0.0,0.0,100.0,0.0,0
2026-06-22 12:32:19,183.15,0.0,0.0,100.0,0.0,0,0.0,0.0,100.0,0.0,0,0.0,0.0,100.0,0.0,0,0.0,0.0,100.0,0.0,0,0.0,0.0,100.0,0.0,0,0.0,0.0,100.0,0.0,0
2026-06-22 12:32:20,183.92,0.0,0.0,100.0,0.0,0,0.0,0.0,100.0,0.0,0,0.0,0.0,100.0,0.0,0,0.0,0.0,100.0,0.0,0,0.0,0.0,100.0,0.0,0,0.0,0.0,100.0,0.0,0
2026-06-22 12:32:21,184.74,0.0,0.0,100.0,0.0,0,0.0,0.0,100.0,0.0,0,0.0,0.0,100.0,0.0,0,0.0,0.0,100.0,0.0,0,0.0,0.0,100.0,0.0,0,0.0,0.0,100.0,0.0,0
2026-06-22 12:32:21,185.52,0.0,0.0,100.0,0.0,0,0.0,0.0,100.0,0.0,0,0.0,0.0,100.0,0.0,0,0.0,0.0,100.0,0.0,0,0.0,0.0,100.0,0.0,0,0.0,0.0,100.0,0.0,0
2026-06-22 12:32:22,186.38,0.0,0.0,100.0,0.0,0,0.0,0.0,100.0,0.0,0,0.0,0.0,100.0,0.0,0,0.0,0.0,100.0,0.0,0,0.0,0.0,100.0,0.0,0,0.0,0.0,100.0,0.0,0
2026-06-22 12:32:23,187.17,0.0,0.0,100.0,0.0,0,0.0,0.0,100.0,0.0,0,0.0,0.0,100.0,0.0,0,0.0,0.0,100.0,0.0,0,0.0,0.0,100.0,0.0,0,0.0,0.0,100.0,0.0,0
2026-06-22 12:32:24,187.97,0.0,0.0,100.0,0.0,0,0.0,0.0,100.0,0.0,0,0.0,0.0,100.0,0.0,0,0.0,0.0,100.0,0.0,0,0.0,0.0,100.0,0.0,0,0.0,0.0,100.0,0.0,0
2026-06-22 12:32:25,188.75,0.0,0.0,100.0,0.0,0,0.0,0.0,100.0,0.0,0,0.0,0.0,100.0,0.0,0,0.0,0.0,100.0,0.0,0,0.0,0.0,100.0,0.0,0,0.0,0.0,100.0,0.0,0
2026-06-22 12:32:25,189.54,0.0,0.0,100.0,0.0,0,0.0,0.0,100.0,0.0,0,0.0,0.0,100.0,0.0,0,0.0,0.0,100.0,0.0,0,0.0,0.0,100.0,0.0,0,0.0,0.0,100.0,0.0,0
2026-06-22 12:32:26,190.31,0.0,0.0,100.0,0.0,0,0.0,0.0,100.0,0.0,0,0.0,0.0,100.0,0.0,0,0.0,0.0,100.0,0.0,0,0.0,0.0,100.0,0.0,0,0.0,0.0,100.0,0.0,0
2026-06-22 12:32:27,191.14,0.0,0.0,100.0,0.0,0,0.0,0.0,100.0,0.0,0,0.0,0.0,100.0,0.0,0,0.0,0.0,100.0,0.0,0,0.0,0.0,100.0,0.0,0,0.0,0.0,100.0,0.0,0
2026-06-22 12:32:28,191.94,0.0,0.0,100.0,0.0,0,0.0,0.0,100.0,0.0,0,0.0,0.0,100.0,0.0,0,0.0,0.0,100.0,0.0,0,0.0,0.0,100.0,0.0,0,0.0,0.0,100.0,0.0,0
2026-06-22 12:32:29,192.74,0.0,0.0,100.0,0.0,0,0.0,0.0,100.0,0.0,0,0.0,0.0,100.0,0.0,0,0.0,0.0,100.0,0.0,0,0.0,0.0,100.0,0.0,0,0.0,0.0,100.0,0.0,0
2026-06-22 12:32:29,193.55,0.0,0.0,100.0,0.0,0,0.0,0.0,100.0,0.0,0,0.0,0.0,100.0,0.0,0,0.0,0.0,100.0,0.0,0,0.0,0.0,100.0,0.0,0,0.0,0.0,100.0,0.0,0
2026-06-22 12:32:30,194.34,0.0,0.0,100.0,0.0,0,0.0,0.0,100.0,0.0,0,0.0,0.0,100.0,0.0,0,0.0,0.0,100.0,0.0,0,0.0,0.0,100.0,0.0,0,0.0,0.0,100.0,0.0,0
2026-06-22 12:32:31,195.12,0.0,0.0,100.0,0.0,0,0.0,0.0,100.0,0.0,0,0.0,0.0,100.0,0.0,0,0.0,0.0,100.0,0.0,0,0.0,0.0,100.0,0.0,0,0.0,0.0,100.0,0.0,0
2026-06-22 12:32:32,195.91,0.0,0.0,100.0,0.0,0,0.0,0.0,100.0,0.0,0,0.0,0.0,100.0,0.0,0,0.0,0.0,100.0,0.0,0,0.0,0.0,100.0,0.0,0,0.0,0.0,100.0,0.0,0
2026-06-22 12:32:33,196.68,0.0,0.0,100.0,0.0,0,0.0,0.0,100.0,0.0,0,0.0,0.0,100.0,0.0,0,0.0,0.0,100.0,0.0,0,0.0,0.0,100.0,0.0,0,0.0,0.0,100.0,0.0,0
2026-06-22 12:32:33,197.49,0.0,0.0,100.0,0.0,0,0.0,0.0,100.0,0.0,0,0.0,0.0,100.0,0.0,0,0.0,0.0,100.0,0.0,0,0.0,0.0,100.0,0.0,0,0.0,0.0,100.0,0.0,0
2026-06-22 12:32:34,198.32,0.0,0.0,100.0,0.0,0,0.0,0.0,100.0,0.0,0,0.0,0.0,100.0,0.0,0,0.0,0.0,100.0,0.0,0,0.0,0.0,100.0,0.0,0,0.0,0.0,100.0,0.0,0
2026-06-22 12:32:35,199.15,0.0,0.0,100.0,0.0,0,0.0,0.0,100.0,0.0,0,0.0,0.0,100.0,0.0,0,0.0,0.0,100.0,0.0,0,0.0,0.0,100.0,0.0,0,0.0,0.0,100.0,0.0,0
2026-06-22 12:32:36,199.95,0.0,0.0,100.0,0.0,0,0.0,0.0,100.0,0.0,0,0.0,0.0,100.0,0.0,0,0.0,0.0,100.0,0.0,0,0.0,0.0,100.0,0.0,0,0.0,0.0,100.0,0.0,0
2026-06-22 12:32:37,200.77,0.0,0.0,100.0,0.0,0,0.0,0.0,100.0,0.0,0,0.0,0.0,100.0,0.0,0,0.0,0.0,100.0,0.0,0,0.0,0.0,100.0,0.0,0,0.0,0.0,100.0,0.0,0
2026-06-22 12:32:37,201.58,0.0,0.0,100.0,0.0,0,0.0,0.0,100.0,0.0,0,0.0,0.0,100.0,0.0,0,0.0,0.0,100.0,0.0,0,0.0,0.0,100.0,0.0,0,0.0,0.0,100.0,0.0,0
2026-06-22 12:32:38,202.38,0.0,0.0,100.0,0.0,0,0.0,0.0,100.0,0.0,0,0.0,0.0,100.0,0.0,0,0.0,0.0,100.0,0.0,0,0.0,0.0,100.0,0.0,0,0.0,0.0,100.0,0.0,0
2026-06-22 12:32:39,203.17,0.0,0.0,100.0,0.0,0,0.0,0.0,100.0,0.0,0,0.0,0.0,100.0,0.0,0,0.0,0.0,100.0,0.0,0,0.0,0.0,100.0,0.0,0,0.0,0.0,100.0,0.0,0
2026-06-22 12:32:40,203.97,0.0,0.0,100.0,0.0,0,0.0,0.0,100.0,0.0,0,0.0,0.0,100.0,0.0,0,0.0,0.0,100.0,0.0,0,0.0,0.0,100.0,0.0,0,0.0,0.0,100.0,0.0,0
2026-06-22 12:32:41,204.8,0.0,0.0,100.0,0.0,0,0.0,0.0,100.0,0.0,0,0.0,0.0,100.0,0.0,0,0.0,0.0,100.0,0.0,0,0.0,0.0,100.0,0.0,0,0.0,0.0,100.0,0.0,0
2026-06-22 12:32:42,205.65,0.0,0.0,100.0,0.0,0,0.0,0.0,100.0,0.0,0,0.0,0.0,100.0,0.0,0,0.0,0.0,100.0,0.0,0,0.0,0.0,100.0,0.0,0,0.0,0.0,100.0,0.0,0
2026-06-22 12:32:42,206.44,0.0,0.0,100.0,0.0,0,0.0,0.0,100.0,0.0,0,0.0,0.0,100.0,0.0,0,0.0,0.0,100.0,0.0,0,0.0,0.0,100.0,0.0,0,0.0,0.0,100.0,0.0,0
2026-06-22 12:32:43,207.21,0.0,0.0,100.0,0.0,0,0.0,0.0,100.0,0.0,0,0.0,0.0,100.0,0.0,0,0.0,0.0,100.0,0.0,0,0.0,0.0,100.0,0.0,0,0.0,0.0,100.0,0.0,0
2026-06-22 12:32:44,207.99,0.0,0.0,100.0,0.0,0,0.0,0.0,100.0,0.0,0,0.0,0.0,100.0,0.0,0,0.0,0.0,100.0,0.0,0,0.0,0.0,100.0,0.0,0,0.0,0.0,100.0,0.0,0
2026-06-22 12:32:45,208.74,0.0,0.0,100.0,0.0,0,0.0,0.0,100.0,0.0,0,0.0,0.0,100.0,0.0,0,0.0,0.0,100.0,0.0,0,0.0,0.0,100.0,0.0,0,0.0,0.0,100.0,0.0,0
2026-06-22 12:32:45,209.51,0.0,0.0,100.0,0.0,0,0.0,0.0,100.0,0.0,0,0.0,0.0,100.0,0.0,0,0.0,0.0,100.0,0.0,0,0.0,0.0,100.0,0.0,0,0.0,0.0,100.0,0.0,0
2026-06-22 12:32:46,210.31,0.0,0.0,100.0,0.0,0,0.0,0.0,100.0,0.0,0,0.0,0.0,100.0,0.0,0,0.0,0.0,100.0,0.0,0,0.0,0.0,100.0,0.0,0,0.0,0.0,100.0,0.0,0
2026-06-22 12:32:47,211.09,0.0,0.0,100.0,0.0,0,0.0,0.0,100.0,0.0,0,0.0,0.0,100.0,0.0,0,0.0,0.0,100.0,0.0,0,0.0,0.0,100.0,0.0,0,0.0,0.0,100.0,0.0,0
2026-06-22 12:32:48,211.88,0.0,0.0,100.0,0.0,0,0.0,0.0,100.0,0.0,0,0.0,0.0,100.0,0.0,0,0.0,0.0,100.0,0.0,0,0.0,0.0,100.0,0.0,0,0.0,0.0,100.0,0.0,0
2026-06-22 12:32:49,212.64,0.0,0.0,100.0,0.0,0,0.0,0.0,100.0,0.0,0,0.0,0.0,100.0,0.0,0,0.0,0.0,100.0,0.0,0,0.0,0.0,100.0,0.0,0,0.0,0.0,100.0,0.0,0
2026-06-22 12:32:49,213.4,0.0,0.0,100.0,0.0,0,0.0,0.0,100.0,0.0,0,0.0,0.0,100.0,0.0,0,0.0,0.0,100.0,0.0,0,0.0,0.0,100.0,0.0,0,0.0,0.0,100.0,0.0,0
2026-06-22 12:32:50,214.16,0.0,0.0,100.0,0.0,0,0.0,0.0,100.0,0.0,0,0.0,0.0,100.0,0.0,0,0.0,0.0,100.0,0.0,0,0.0,0.0,100.0,0.0,0,0.0,0.0,100.0,0.0,0
2026-06-22 12:32:51,215.02,0.0,0.0,100.0,0.0,0,0.0,0.0,100.0,0.0,0,0.0,0.0,100.0,0.0,0,0.0,0.0,100.0,0.0,0,0.0,0.0,100.0,0.0,0,0.0,0.0,100.0,0.0,0
2026-06-22 12:32:52,215.92,0.0,0.0,100.0,0.0,0,0.0,0.0,100.0,0.0,0,0.0,0.0,100.0,0.0,0,0.0,0.0,100.0,0.0,0,0.0,0.0,100.0,0.0,0,0.0,0.0,100.0,0.0,0
2026-06-22 12:32:53,216.82,0.0,0.0,100.0,0.0,0,0.0,0.0,100.0,0.0,0,0.0,0.0,100.0,0.0,0,0.0,0.0,100.0,0.0,0,0.0,0.0,100.0,0.0,0,0.0,0.0,100.0,0.0,0
2026-06-22 12:32:54,217.7,0.0,0.0,100.0,0.0,0,0.0,0.0,100.0,0.0,0,0.0,0.0,100.0,0.0,0,0.0,0.0,100.0,0.0,0,0.0,0.0,100.0,0.0,0,0.0,0.0,100.0,0.0,0
2026-06-22 12:32:54,218.47,0.0,0.0,100.0,0.0,0,0.0,0.0,100.0,0.0,0,0.0,0.0,100.0,0.0,0,0.0,0.0,100.0,0.0,0,0.0,0.0,100.0,0.0,0,0.0,0.0,100.0,0.0,0
2026-06-22 12:32:55,219.27,0.0,0.0,100.0,0.0,0,0.0,0.0,100.0,0.0,0,0.0,0.0,100.0,0.0,0,0.0,0.0,100.0,0.0,0,0.0,0.0,100.0,0.0,0,0.0,0.0,100.0,0.0,0
2026-06-22 12:32:56,220.07,0.0,0.0,100.0,0.0,0,0.0,0.0,100.0,0.0,0,0.0,0.0,100.0,0.0,0,0.0,0.0,100.0,0.0,0,0.0,0.0,100.0,0.0,0,0.0,0.0,100.0,0.0,0
2026-06-22 12:32:57,221.01,0.0,0.0,100.0,0.0,0,0.0,0.0,100.0,0.0,0,0.0,0.0,100.0,0.0,0,0.0,0.0,100.0,0.0,0,0.0,0.0,100.0,0.0,0,0.0,0.0,100.0,0.0,0
2026-06-22 12:32:58,221.95,0.0,0.0,100.0,0.0,0,0.0,0.0,100.0,0.0,0,0.0,0.0,100.0,0.0,0,0.0,0.0,100.0,0.0,0,0.0,0.0,100.0,0.0,0,0.0,0.0,100.0,0.0,0
2026-06-22 12:32:59,222.8,0.0,0.0,100.0,0.0,0,0.0,0.0,100.0,0.0,0,0.0,0.0,100.0,0.0,0,0.0,0.0,100.0,0.0,0,0.0,0.0,100.0,0.0,0,0.0,0.0,100.0,0.0,0
2026-06-22 12:33:00,223.68,0.0,0.0,100.0,0.0,0,0.0,0.0,100.0,0.0,0,0.0,0.0,100.0,0.0,0,0.0,0.0,100.0,0.0,0,0.0,0.0,100.0,0.0,0,0.0,0.0,100.0,0.0,0
2026-06-22 12:33:00,224.55,0.0,0.0,100.0,0.0,0,0.0,0.0,100.0,0.0,0,0.0,0.0,100.0,0.0,0,0.0,0.0,100.0,0.0,0,0.0,0.0,100.0,0.0,0,0.0,0.0,100.0,0.0,0
2026-06-22 12:33:01,225.36,0.0,0.0,100.0,0.0,0,0.0,0.0,100.0,0.0,0,0.0,0.0,100.0,0.0,0,0.0,0.0,100.0,0.0,0,0.0,0.0,100.0,0.0,0,0.0,0.0,100.0,0.0,0
2026-06-22 12:33:02,226.17,0.0,0.0,100.0,0.0,0,0.0,0.0,100.0,0.0,0,0.0,0.0,100.0,0.0,0,0.0,0.0,100.0,0.0,0,0.0,0.0,100.0,0.0,0,0.0,0.0,100.0,0.0,0
2026-06-22 12:33:03,226.98,0.0,0.0,100.0,0.0,0,0.0,0.0,100.0,0.0,0,0.0,0.0,100.0,0.0,0,0.0,0.0,100.0,0.0,0,0.0,0.0,100.0,0.0,0,0.0,0.0,100.0,0.0,0
2026-06-22 12:33:04,227.81,0.0,0.0,100.0,0.0,0,0.0,0.0,100.0,0.0,0,0.0,0.0,100.0,0.0,0,0.0,0.0,100.0,0.0,0,0.0,0.0,100.0,0.0,0,0.0,0.0,100.0,0.0,0
2026-06-22 12:33:05,228.62,0.0,0.0,100.0,0.0,0,0.0,0.0,100.0,0.0,0,0.0,0.0,100.0,0.0,0,0.0,0.0,100.0,0.0,0,0.0,0.0,100.0,0.0,0,0.0,0.0,100.0,0.0,0
2026-06-22 12:33:05,229.44,0.0,0.0,100.0,0.0,0,0.0,0.0,100.0,0.0,0,0.0,0.0,100.0,0.0,0,0.0,0.0,100.0,0.0,0,0.0,0.0,100.0,0.0,0,0.0,0.0,100.0,0.0,0
2026-06-22 12:33:06,230.22,0.0,0.0,100.0,0.0,0,0.0,0.0,100.0,0.0,0,0.0,0.0,100.0,0.0,0,0.0,0.0,100.0,0.0,0,0.0,0.0,100.0,0.0,0,0.0,0.0,100.0,0.0,0
2026-06-22 12:33:07,231.04,0.0,0.0,100.0,0.0,0,0.0,0.0,100.0,0.0,0,0.0,0.0,100.0,0.0,0,0.0,0.0,100.0,0.0,0,0.0,0.0,100.0,0.0,0,0.0,0.0,100.0,0.0,0
2026-06-22 12:33:08,231.86,0.0,0.0,100.0,0.0,0,0.0,0.0,100.0,0.0,0,0.0,0.0,100.0,0.0,0,0.0,0.0,100.0,0.0,0,0.0,0.0,100.0,0.0,0,0.0,0.0,100.0,0.0,0
2026-06-22 12:33:09,232.71,0.0,0.0,100.0,0.0,0,0.0,0.0,100.0,0.0,0,0.0,0.0,100.0,0.0,0,0.0,0.0,100.0,0.0,0,0.0,0.0,100.0,0.0,0,0.0,0.0,100.0,0.0,0
2026-06-22 12:33:09,233.52,0.0,0.0,100.0,0.0,0,0.0,0.0,100.0,0.0,0,0.0,0.0,100.0,0.0,0,0.0,0.0,100.0,0.0,0,0.0,0.0,100.0,0.0,0,0.0,0.0,100.0,0.0,0
2026-06-22 12:33:10,234.36,0.0,0.0,100.0,0.0,0,0.0,0.0,100.0,0.0,0,0.0,0.0,100.0,0.0,0,0.0,0.0,100.0,0.0,0,0.0,0.0,100.0,0.0,0,0.0,0.0,100.0,0.0,0
2026-06-22 12:33:11,235.16,0.0,0.0,100.0,0.0,0,0.0,0.0,100.0,0.0,0,0.0,0.0,100.0,0.0,0,0.0,0.0,100.0,0.0,0,0.0,0.0,100.0,0.0,0,0.0,0.0,100.0,0.0,0
2026-06-22 12:33:12,236.03,0.0,0.0,100.0,0.0,0,0.0,0.0,100.0,0.0,0,0.0,0.0,100.0,0.0,0,0.0,0.0,100.0,0.0,0,0.0,0.0,100.0,0.0,0,0.0,0.0,100.0,0.0,0
2026-06-22 12:33:13,236.83,0.0,0.0,100.0,0.0,0,0.0,0.0,100.0,0.0,0,0.0,0.0,100.0,0.0,0,0.0,0.0,100.0,0.0,0,0.0,0.0,100.0,0.0,0,0.0,0.0,100.0,0.0,0
2026-06-22 12:33:14,237.62,0.0,0.0,100.0,0.0,0,0.0,0.0,100.0,0.0,0,0.0,0.0,100.0,0.0,0,0.0,0.0,100.0,0.0,0,0.0,0.0,100.0,0.0,0,0.0,0.0,100.0,0.0,0
2026-06-22 12:33:14,238.41,0.0,0.0,100.0,0.0,0,0.0,0.0,100.0,0.0,0,0.0,0.0,100.0,0.0,0,0.0,0.0,100.0,0.0,0,0.0,0.0,100.0,0.0,0,0.0,0.0,100.0,0.0,0
2026-06-22 12:33:15,239.2,0.0,0.0,100.0,0.0,0,0.0,0.0,100.0,0.0,0,0.0,0.0,100.0,0.0,0,0.0,0.0,100.0,0.0,0,0.0,0.0,100.0,0.0,0,0.0,0.0,100.0,0.0,0
2026-06-22 12:33:16,239.98,0.0,0.0,100.0,0.0,0,0.0,0.0,100.0,0.0,0,0.0,0.0,100.0,0.0,0,0.0,0.0,100.0,0.0,0,0.0,0.0,100.0,0.0,0,0.0,0.0,100.0,0.0,0
2026-06-22 12:33:17,240.74,0.0,0.0,100.0,0.0,0,0.0,0.0,100.0,0.0,0,0.0,0.0,100.0,0.0,0,0.0,0.0,100.0,0.0,0,0.0,0.0,100.0,0.0,0,0.0,0.0,100.0,0.0,0
2026-06-22 12:33:17,241.53,0.0,0.0,100.0,0.0,0,0.0,0.0,100.0,0.0,0,0.0,0.0,100.0,0.0,0,0.0,0.0,100.0,0.0,0,0.0,0.0,100.0,0.0,0,0.0,0.0,100.0,0.0,0
2026-06-22 12:33:18,242.35,0.0,0.0,100.0,0.0,0,0.0,0.0,100.0,0.0,0,0.0,0.0,100.0,0.0,0,0.0,0.0,100.0,0.0,0,0.0,0.0,100.0,0.0,0,0.0,0.0,100.0,0.0,0
2026-06-22 12:33:19,243.15,0.0,0.0,100.0,0.0,0,0.0,0.0,100.0,0.0,0,0.0,0.0,100.0,0.0,0,0.0,0.0,100.0,0.0,0,0.0,0.0,100.0,0.0,0,0.0,0.0,100.0,0.0,0
2026-06-22 12:33:20,243.98,0.0,0.0,100.0,0.0,0,0.0,0.0,100.0,0.0,0,0.0,0.0,100.0,0.0,0,0.0,0.0,100.0,0.0,0,0.0,0.0,100.0,0.0,0,0.0,0.0,100.0,0.0,0
2026-06-22 12:33:21,244.77,0.0,0.0,100.0,0.0,0,0.0,0.0,100.0,0.0,0,0.0,0.0,100.0,0.0,0,0.0,0.0,100.0,0.0,0,0.0,0.0,100.0,0.0,0,0.0,0.0,100.0,0.0,0
2026-06-22 12:33:22,245.63,0.0,0.0,100.0,0.0,0,0.0,0.0,100.0,0.0,0,0.0,0.0,100.0,0.0,0,0.0,0.0,100.0,0.0,0,0.0,0.0,100.0,0.0,0,0.0,0.0,100.0,0.0,0
2026-06-22 12:33:22,246.44,0.0,0.0,100.0,0.0,0,0.0,0.0,100.0,0.0,0,0.0,0.0,100.0,0.0,0,0.0,0.0,100.0,0.0,0,0.0,0.0,100.0,0.0,0,0.0,0.0,100.0,0.0,0
2026-06-22 12:33:23,247.25,0.0,0.0,100.0,0.0,0,0.0,0.0,100.0,0.0,0,0.0,0.0,100.0,0.0,0,0.0,0.0,100.0,0.0,0,0.0,0.0,100.0,0.0,0,0.0,0.0,100.0,0.0,0
2026-06-22 12:33:24,248.0,0.0,0.0,100.0,0.0,0,0.0,0.0,100.0,0.0,0,0.0,0.0,100.0,0.0,0,0.0,0.0,100.0,0.0,0,0.0,0.0,100.0,0.0,0,0.0,0.0,100.0,0.0,0
2026-06-22 12:33:25,248.77,0.0,0.0,100.0,0.0,0,0.0,0.0,100.0,0.0,0,0.0,0.0,100.0,0.0,0,0.0,0.0,100.0,0.0,0,0.0,0.0,100.0,0.0,0,0.0,0.0,100.0,0.0,0
2026-06-22 12:33:25,249.53,0.0,0.0,100.0,0.0,0,0.0,0.0,100.0,0.0,0,0.0,0.0,100.0,0.0,0,0.0,0.0,100.0,0.0,0,0.0,0.0,100.0,0.0,0,0.0,0.0,100.0,0.0,0
2026-06-22 12:33:26,250.35,0.0,0.0,100.0,0.0,0,0.0,0.0,100.0,0.0,0,0.0,0.0,100.0,0.0,0,0.0,0.0,100.0,0.0,0,0.0,0.0,100.0,0.0,0,0.0,0.0,100.0,0.0,0
2026-06-22 12:33:27,251.28,0.0,0.0,100.0,0.0,0,0.0,0.0,100.0,0.0,0,0.0,0.0,100.0,0.0,0,0.0,0.0,100.0,0.0,0,0.0,0.0,100.0,0.0,0,0.0,0.0,100.0,0.0,0
2026-06-22 12:33:28,252.11,0.0,0.0,100.0,0.0,0,0.0,0.0,100.0,0.0,0,0.0,0.0,100.0,0.0,0,0.0,0.0,100.0,0.0,0,0.0,0.0,100.0,0.0,0,0.0,0.0,100.0,0.0,0
2026-06-22 12:33:29,252.88,0.0,0.0,100.0,0.0,0,0.0,0.0,100.0,0.0,0,0.0,0.0,100.0,0.0,0,0.0,0.0,100.0,0.0,0,0.0,0.0,100.0,0.0,0,0.0,0.0,100.0,0.0,0
2026-06-22 12:33:30,253.64,0.0,0.0,100.0,0.0,0,0.0,0.0,100.0,0.0,0,0.0,0.0,100.0,0.0,0,0.0,0.0,100.0,0.0,0,0.0,0.0,100.0,0.0,0,0.0,0.0,100.0,0.0,0
2026-06-22 12:33:30,254.43,0.0,0.0,100.0,0.0,0,0.0,0.0,100.0,0.0,0,0.0,0.0,100.0,0.0,0,0.0,0.0,100.0,0.0,0,0.0,0.0,100.0,0.0,0,0.0,0.0,100.0,0.0,0
2026-06-22 12:33:31,255.2,0.0,0.0,100.0,0.0,0,0.0,0.0,100.0,0.0,0,0.0,0.0,100.0,0.0,0,0.0,0.0,100.0,0.0,0,0.0,0.0,100.0,0.0,0,0.0,0.0,100.0,0.0,0
2026-06-22 12:33:32,256.01,0.0,0.0,100.0,0.0,0,0.0,0.0,100.0,0.0,0,0.0,0.0,100.0,0.0,0,0.0,0.0,100.0,0.0,0,0.0,0.0,100.0,0.0,0,0.0,0.0,100.0,0.0,0
2026-06-22 12:33:33,256.87,0.0,0.0,100.0,0.0,0,0.0,0.0,100.0,0.0,0,0.0,0.0,100.0,0.0,0,0.0,0.0,100.0,0.0,0,0.0,0.0,100.0,0.0,0,0.0,0.0,100.0,0.0,0
2026-06-22 12:33:34,257.65,0.0,0.0,100.0,0.0,0,0.0,0.0,100.0,0.0,0,0.0,0.0,100.0,0.0,0,0.0,0.0,100.0,0.0,0,0.0,0.0,100.0,0.0,0,0.0,0.0,100.0,0.0,0
2026-06-22 12:33:34,258.46,0.0,0.0,100.0,0.0,0,0.0,0.0,100.0,0.0,0,0.0,0.0,100.0,0.0,0,0.0,0.0,100.0,0.0,0,0.0,0.0,100.0,0.0,0,0.0,0.0,100.0,0.0,0
2026-06-22 12:33:35,259.32,0.0,0.0,100.0,0.0,0,0.0,0.0,100.0,0.0,0,0.0,0.0,100.0,0.0,0,0.0,0.0,100.0,0.0,0,0.0,0.0,100.0,0.0,0,0.0,0.0,100.0,0.0,0
2026-06-22 12:33:36,260.13,0.0,0.0,100.0,0.0,0,0.0,0.0,100.0,0.0,0,0.0,0.0,100.0,0.0,0,0.0,0.0,100.0,0.0,0,0.0,0.0,100.0,0.0,0,0.0,0.0,100.0,0.0,0
2026-06-22 12:33:37,260.88,0.0,0.0,100.0,0.0,0,0.0,0.0,100.0,0.0,0,0.0,0.0,100.0,0.0,0,0.0,0.0,100.0,0.0,0,0.0,0.0,100.0,0.0,0,0.0,0.0,100.0,0.0,0
2026-06-22 12:33:38,261.66,0.0,0.0,100.0,0.0,0,0.0,0.0,100.0,0.0,0,0.0,0.0,100.0,0.0,0,0.0,0.0,100.0,0.0,0,0.0,0.0,100.0,0.0,0,0.0,0.0,100.0,0.0,0
2026-06-22 12:33:38,262.41,0.0,0.0,100.0,0.0,0,0.0,0.0,100.0,0.0,0,0.0,0.0,100.0,0.0,0,0.0,0.0,100.0,0.0,0,0.0,0.0,100.0,0.0,0,0.0,0.0,100.0,0.0,0
2026-06-22 12:33:39,263.2,0.0,0.0,100.0,0.0,0,0.0,0.0,100.0,0.0,0,0.0,0.0,100.0,0.0,0,0.0,0.0,100.0,0.0,0,0.0,0.0,100.0,0.0,0,0.0,0.0,100.0,0.0,0
2026-06-22 12:33:40,263.99,0.0,0.0,100.0,0.0,0,0.0,0.0,100.0,0.0,0,0.0,0.0,100.0,0.0,0,0.0,0.0,100.0,0.0,0,0.0,0.0,100.0,0.0,0,0.0,0.0,100.0,0.0,0
2026-06-22 12:33:41,264.79,0.0,0.0,100.0,0.0,0,0.0,0.0,100.0,0.0,0,0.0,0.0,100.0,0.0,0,0.0,0.0,100.0,0.0,0,0.0,0.0,100.0,0.0,0,0.0,0.0,100.0,0.0,0
2026-06-22 12:33:42,265.62,0.0,0.0,100.0,0.0,0,0.0,0.0,100.0,0.0,0,0.0,0.0,100.0,0.0,0,0.0,0.0,100.0,0.0,0,0.0,0.0,100.0,0.0,0,0.0,0.0,100.0,0.0,0
2026-06-22 12:33:42,266.42,0.0,0.0,100.0,0.0,0,0.0,0.0,100.0,0.0,0,0.0,0.0,100.0,0.0,0,0.0,0.0,100.0,0.0,0,0.0,0.0,100.0,0.0,0,0.0,0.0,100.0,0.0,0
2026-06-22 12:33:43,267.25,0.0,0.0,100.0,0.0,0,0.0,0.0,100.0,0.0,0,0.0,0.0,100.0,0.0,0,0.0,0.0,100.0,0.0,0,0.0,0.0,100.0,0.0,0,0.0,0.0,100.0,0.0,0
2026-06-22 12:33:44,268.04,0.0,0.0,100.0,0.0,0,0.0,0.0,100.0,0.0,0,0.0,0.0,100.0,0.0,0,0.0,0.0,100.0,0.0,0,0.0,0.0,100.0,0.0,0,0.0,0.0,100.0,0.0,0
2026-06-22 12:33:45,268.9,0.0,0.0,100.0,0.0,0,0.0,0.0,100.0,0.0,0,0.0,0.0,100.0,0.0,0,0.0,0.0,100.0,0.0,0,0.0,0.0,100.0,0.0,0,0.0,0.0,100.0,0.0,0
2026-06-22 12:33:46,269.75,0.0,0.0,100.0,0.0,0,0.0,0.0,100.0,0.0,0,0.0,0.0,100.0,0.0,0,0.0,0.0,100.0,0.0,0,0.0,0.0,100.0,0.0,0,0.0,0.0,100.0,0.0,0
2026-06-22 12:33:46,270.54,0.0,0.0,100.0,0.0,0,0.0,0.0,100.0,0.0,0,0.0,0.0,100.0,0.0,0,0.0,0.0,100.0,0.0,0,0.0,0.0,100.0,0.0,0,0.0,0.0,100.0,0.0,0
2026-06-22 12:33:47,271.38,0.0,0.0,100.0,0.0,0,0.0,0.0,100.0,0.0,0,0.0,0.0,100.0,0.0,0,0.0,0.0,100.0,0.0,0,0.0,0.0,100.0,0.0,0,0.0,0.0,100.0,0.0,0
2026-06-22 12:33:48,272.16,0.0,0.0,100.0,0.0,0,0.0,0.0,100.0,0.0,0,0.0,0.0,100.0,0.0,0,0.0,0.0,100.0,0.0,0,0.0,0.0,100.0,0.0,0,0.0,0.0,100.0,0.0,0
2026-06-22 12:33:49,272.92,0.0,0.0,100.0,0.0,0,0.0,0.0,100.0,0.0,0,0.0,0.0,100.0,0.0,0,0.0,0.0,100.0,0.0,0,0.0,0.0,100.0,0.0,0,0.0,0.0,100.0,0.0,0
2026-06-22 12:33:50,273.72,0.0,0.0,100.0,0.0,0,0.0,0.0,100.0,0.0,0,0.0,0.0,100.0,0.0,0,0.0,0.0,100.0,0.0,0,0.0,0.0,100.0,0.0,0,0.0,0.0,100.0,0.0,0
2026-06-22 12:33:50,274.5,0.0,0.0,100.0,0.0,0,0.0,0.0,100.0,0.0,0,0.0,0.0,100.0,0.0,0,0.0,0.0,100.0,0.0,0,0.0,0.0,100.0,0.0,0,0.0,0.0,100.0,0.0,0
2026-06-22 12:33:51,275.29,0.0,0.0,100.0,0.0,0,0.0,0.0,100.0,0.0,0,0.0,0.0,100.0,0.0,0,0.0,0.0,100.0,0.0,0,0.0,0.0,100.0,0.0,0,0.0,0.0,100.0,0.0,0
2026-06-22 12:33:52,276.12,0.0,0.0,100.0,0.0,0,0.0,0.0,100.0,0.0,0,0.0,0.0,100.0,0.0,0,0.0,0.0,100.0,0.0,0,0.0,0.0,100.0,0.0,0,0.0,0.0,100.0,0.0,0
2026-06-22 12:33:53,276.89,0.0,0.0,100.0,0.0,0,0.0,0.0,100.0,0.0,0,0.0,0.0,100.0,0.0,0,0.0,0.0,100.0,0.0,0,0.0,0.0,100.0,0.0,0,0.0,0.0,100.0,0.0,0
2026-06-22 12:33:54,277.66,0.0,0.0,100.0,0.0,0,0.0,0.0,100.0,0.0,0,0.0,0.0,100.0,0.0,0,0.0,0.0,100.0,0.0,0,0.0,0.0,100.0,0.0,0,0.0,0.0,100.0,0.0,0
2026-06-22 12:33:54,278.41,0.0,0.0,100.0,0.0,0,0.0,0.0,100.0,0.0,0,0.0,0.0,100.0,0.0,0,0.0,0.0,100.0,0.0,0,0.0,0.0,100.0,0.0,0,0.0,0.0,100.0,0.0,0
2026-06-22 12:33:55,279.19,0.0,0.0,100.0,0.0,0,0.0,0.0,100.0,0.0,0,0.0,0.0,100.0,0.0,0,0.0,0.0,100.0,0.0,0,0.0,0.0,100.0,0.0,0,0.0,0.0,100.0,0.0,0
2026-06-22 12:33:56,279.97,0.0,0.0,100.0,0.0,0,0.0,0.0,100.0,0.0,0,0.0,0.0,100.0,0.0,0,0.0,0.0,100.0,0.0,0,0.0,0.0,100.0,0.0,0,0.0,0.0,100.0,0.0,0
2026-06-22 12:33:57,280.78,0.0,0.0,100.0,0.0,0,0.0,0.0,100.0,0.0,0,0.0,0.0,100.0,0.0,0,0.0,0.0,100.0,0.0,0,0.0,0.0,100.0,0.0,0,0.0,0.0,100.0,0.0,0
2026-06-22 12:33:58,281.68,0.0,0.0,100.0,0.0,0,0.0,0.0,100.0,0.0,0,0.0,0.0,100.0,0.0,0,0.0,0.0,100.0,0.0,0,0.0,0.0,100.0,0.0,0,0.0,0.0,100.0,0.0,0
2026-06-22 12:33:58,282.43,0.0,0.0,100.0,0.0,0,0.0,0.0,100.0,0.0,0,0.0,0.0,100.0,0.0,0,0.0,0.0,100.0,0.0,0,0.0,0.0,100.0,0.0,0,0.0,0.0,100.0,0.0,0
2026-06-22 12:33:59,283.19,0.0,0.0,100.0,0.0,0,0.0,0.0,100.0,0.0,0,0.0,0.0,100.0,0.0,0,0.0,0.0,100.0,0.0,0,0.0,0.0,100.0,0.0,0,0.0,0.0,100.0,0.0,0
2026-06-22 12:34:00,284.0,0.0,0.0,100.0,0.0,0,0.0,0.0,100.0,0.0,0,0.0,0.0,100.0,0.0,0,0.0,0.0,100.0,0.0,0,0.0,0.0,100.0,0.0,0,0.0,0.0,100.0,0.0,0
2026-06-22 12:34:01,284.78,0.0,0.0,100.0,0.0,0,0.0,0.0,100.0,0.0,0,0.0,0.0,100.0,0.0,0,0.0,0.0,100.0,0.0,0,0.0,0.0,100.0,0.0,0,0.0,0.0,100.0,0.0,0
2026-06-22 12:34:01,285.56,0.0,0.0,100.0,0.0,0,0.0,0.0,100.0,0.0,0,0.0,0.0,100.0,0.0,0,0.0,0.0,100.0,0.0,0,0.0,0.0,100.0,0.0,0,0.0,0.0,100.0,0.0,0
2026-06-22 12:34:02,286.39,0.0,0.0,100.0,0.0,0,0.0,0.0,100.0,0.0,0,0.0,0.0,100.0,0.0,0,0.0,0.0,100.0,0.0,0,0.0,0.0,100.0,0.0,0,0.0,0.0,100.0,0.0,0
2026-06-22 12:34:03,287.16,0.0,0.0,100.0,0.0,0,0.0,0.0,100.0,0.0,0,0.0,0.0,100.0,0.0,0,0.0,0.0,100.0,0.0,0,0.0,0.0,100.0,0.0,0,0.0,0.0,100.0,0.0,0
2026-06-22 12:34:04,288.0,0.0,0.0,100.0,0.0,0,0.0,0.0,100.0,0.0,0,0.0,0.0,100.0,0.0,0,0.0,0.0,100.0,0.0,0,0.0,0.0,100.0,0.0,0,0.0,0.0,100.0,0.0,0
2026-06-22 12:34:05,288.81,0.0,0.0,100.0,0.0,0,0.0,0.0,100.0,0.0,0,0.0,0.0,100.0,0.0,0,0.0,0.0,100.0,0.0,0,0.0,0.0,100.0,0.0,0,0.0,0.0,100.0,0.0,0
2026-06-22 12:34:06,289.62,0.0,0.0,100.0,0.0,0,0.0,0.0,100.0,0.0,0,0.0,0.0,100.0,0.0,0,0.0,0.0,100.0,0.0,0,0.0,0.0,100.0,0.0,0,0.0,0.0,100.0,0.0,0
2026-06-22 12:34:06,290.5,0.0,0.0,100.0,0.0,0,0.0,0.0,100.0,0.0,0,0.0,0.0,100.0,0.0,0,0.0,0.0,100.0,0.0,0,0.0,0.0,100.0,0.0,0,0.0,0.0,100.0,0.0,0
2026-06-22 12:34:07,291.29,0.0,0.0,100.0,0.0,0,0.0,0.0,100.0,0.0,0,0.0,0.0,100.0,0.0,0,0.0,0.0,100.0,0.0,0,0.0,0.0,100.0,0.0,0,0.0,0.0,100.0,0.0,0
2026-06-22 12:34:08,292.11,0.0,0.0,100.0,0.0,0,0.0,0.0,100.0,0.0,0,0.0,0.0,100.0,0.0,0,0.0,0.0,100.0,0.0,0,0.0,0.0,100.0,0.0,0,0.0,0.0,100.0,0.0,0
2026-06-22 12:34:09,292.98,0.0,0.0,100.0,0.0,0,0.0,0.0,100.0,0.0,0,0.0,0.0,100.0,0.0,0,0.0,0.0,100.0,0.0,0,0.0,0.0,100.0,0.0,0,0.0,0.0,100.0,0.0,0
2026-06-22 12:34:10,293.86,0.0,0.0,100.0,0.0,0,0.0,0.0,100.0,0.0,0,0.0,0.0,100.0,0.0,0,0.0,0.0,100.0,0.0,0,0.0,0.0,100.0,0.0,0,0.0,0.0,100.0,0.0,0
2026-06-22 12:34:11,294.67,0.0,0.0,100.0,0.0,0,0.0,0.0,100.0,0.0,0,0.0,0.0,100.0,0.0,0,0.0,0.0,100.0,0.0,0,0.0,0.0,100.0,0.0,0,0.0,0.0,100.0,0.0,0
2026-06-22 12:34:11,295.47,0.0,0.0,100.0,0.0,0,0.0,0.0,100.0,0.0,0,0.0,0.0,100.0,0.0,0,0.0,0.0,100.0,0.0,0,0.0,0.0,100.0,0.0,0,0.0,0.0,100.0,0.0,0
2026-06-22 12:34:12,296.26,0.0,0.0,100.0,0.0,0,0.0,0.0,100.0,0.0,0,0.0,0.0,100.0,0.0,0,0.0,0.0,100.0,0.0,0,0.0,0.0,100.0,0.0,0,0.0,0.0,100.0,0.0,0
2026-06-22 12:34:13,297.12,0.0,0.0,100.0,0.0,0,0.0,0.0,100.0,0.0,0,0.0,0.0,100.0,0.0,0,0.0,0.0,100.0,0.0,0,0.0,0.0,100.0,0.0,0,0.0,0.0,100.0,0.0,0
2026-06-22 12:34:14,297.92,0.0,0.0,100.0,0.0,0,0.0,0.0,100.0,0.0,0,0.0,0.0,100.0,0.0,0,0.0,0.0,100.0,0.0,0,0.0,0.0,100.0,0.0,0,0.0,0.0,100.0,0.0,0
2026-06-22 12:34:15,298.71,0.0,0.0,100.0,0.0,0,0.0,0.0,100.0,0.0,0,0.0,0.0,100.0,0.0,0,0.0,0.0,100.0,0.0,0,0.0,0.0,100.0,0.0,0,0.0,0.0,100.0,0.0,0
2026-06-22 12:34:15,299.47,0.0,0.0,100.0,0.0,0,0.0,0.0,100.0,0.0,0,0.0,0.0,100.0,0.0,0,0.0,0.0,100.0,0.0,0,0.0,0.0,100.0,0.0,0,0.0,0.0,100.0,0.0,0
2026-06-22 12:34:16,300.37,0.0,0.0,100.0,0.0,0,0.0,0.0,100.0,0.0,0,0.0,0.0,100.0,0.0,0,0.0,0.0,100.0,0.0,0,0.0,0.0,100.0,0.0,0,0.0,0.0,100.0,0.0,0
2026-06-22 12:34:17,301.22,0.0,0.0,100.0,0.0,0,0.0,0.0,100.0,0.0,0,0.0,0.0,100.0,0.0,0,0.0,0.0,100.0,0.0,0,0.0,0.0,100.0,0.0,0,0.0,0.0,100.0,0.0,0
2026-06-22 12:34:18,302.27,0.0,0.0,100.0,0.0,0,0.0,0.0,100.0,0.0,0,0.0,0.0,100.0,0.0,0,0.0,0.0,100.0,0.0,0,0.0,0.0,100.0,0.0,0,0.0,0.0,100.0,0.0,0
2026-06-22 12:34:19,303.14,0.0,0.0,100.0,0.0,0,0.0,0.0,100.0,0.0,0,0.0,0.0,100.0,0.0,0,0.0,0.0,100.0,0.0,0,0.0,0.0,100.0,0.0,0,0.0,0.0,100.0,0.0,0
2026-06-22 12:34:20,303.91,0.0,0.0,100.0,0.0,0,0.0,0.0,100.0,0.0,0,0.0,0.0,100.0,0.0,0,0.0,0.0,100.0,0.0,0,0.0,0.0,100.0,0.0,0,0.0,0.0,100.0,0.0,0
2026-06-22 12:34:21,304.72,0.0,0.0,100.0,0.0,0,0.0,0.0,100.0,0.0,0,0.0,0.0,100.0,0.0,0,0.0,0.0,100.0,0.0,0,0.0,0.0,100.0,0.0,0,0.0,0.0,100.0,0.0,0
2026-06-22 12:34:21,305.5,0.0,0.0,100.0,0.0,0,0.0,0.0,100.0,0.0,0,0.0,0.0,100.0,0.0,0,0.0,0.0,100.0,0.0,0,0.0,0.0,100.0,0.0,0,0.0,0.0,100.0,0.0,0
2026-06-22 12:34:22,306.3,0.0,0.0,100.0,0.0,0,0.0,0.0,100.0,0.0,0,0.0,0.0,100.0,0.0,0,0.0,0.0,100.0,0.0,0,0.0,0.0,100.0,0.0,0,0.0,0.0,100.0,0.0,0
2026-06-22 12:34:23,307.23,0.0,0.0,100.0,0.0,0,0.0,0.0,100.0,0.0,0,0.0,0.0,100.0,0.0,0,0.0,0.0,100.0,0.0,0,0.0,0.0,100.0,0.0,0,0.0,0.0,100.0,0.0,0
2026-06-22 12:34:24,308.04,0.0,0.0,100.0,0.0,0,0.0,0.0,100.0,0.0,0,0.0,0.0,100.0,0.0,0,0.0,0.0,100.0,0.0,0,0.0,0.0,100.0,0.0,0,0.0,0.0,100.0,0.0,0
2026-06-22 12:34:25,308.87,0.0,0.0,100.0,0.0,0,0.0,0.0,100.0,0.0,0,0.0,0.0,100.0,0.0,0,0.0,0.0,100.0,0.0,0,0.0,0.0,100.0,0.0,0,0.0,0.0,100.0,0.0,0
2026-06-22 12:34:26,309.64,0.0,0.0,100.0,0.0,0,0.0,0.0,100.0,0.0,0,0.0,0.0,100.0,0.0,0,0.0,0.0,100.0,0.0,0,0.0,0.0,100.0,0.0,0,0.0,0.0,100.0,0.0,0
2026-06-22 12:34:26,310.43,0.0,0.0,100.0,0.0,0,0.0,0.0,100.0,0.0,0,0.0,0.0,100.0,0.0,0,0.0,0.0,100.0,0.0,0,0.0,0.0,100.0,0.0,0,0.0,0.0,100.0,0.0,0
2026-06-22 12:34:27,311.31,0.0,0.0,100.0,0.0,0,0.0,0.0,100.0,0.0,0,0.0,0.0,100.0,0.0,0,0.0,0.0,100.0,0.0,0,0.0,0.0,100.0,0.0,0,0.0,0.0,100.0,0.0,0
2026-06-22 12:34:28,312.1,0.0,0.0,100.0,0.0,0,0.0,0.0,100.0,0.0,0,0.0,0.0,100.0,0.0,0,0.0,0.0,100.0,0.0,0,0.0,0.0,100.0,0.0,0,0.0,0.0,100.0,0.0,0
2026-06-22 12:34:29,312.89,0.0,0.0,100.0,0.0,0,0.0,0.0,100.0,0.0,0,0.0,0.0,100.0,0.0,0,0.0,0.0,100.0,0.0,0,0.0,0.0,100.0,0.0,0,0.0,0.0,100.0,0.0,0
2026-06-22 12:34:30,313.67,0.0,0.0,100.0,0.0,0,0.0,0.0,100.0,0.0,0,0.0,0.0,100.0,0.0,0,0.0,0.0,100.0,0.0,0,0.0,0.0,100.0,0.0,0,0.0,0.0,100.0,0.0,0
2026-06-22 12:34:30,314.46,0.0,0.0,100.0,0.0,0,0.0,0.0,100.0,0.0,0,0.0,0.0,100.0,0.0,0,0.0,0.0,100.0,0.0,0,0.0,0.0,100.0,0.0,0,0.0,0.0,100.0,0.0,0
2026-06-22 12:34:31,315.24,0.0,0.0,100.0,0.0,0,0.0,0.0,100.0,0.0,0,0.0,0.0,100.0,0.0,0,0.0,0.0,100.0,0.0,0,0.0,0.0,100.0,0.0,0,0.0,0.0,100.0,0.0,0
2026-06-22 12:34:32,315.99,0.0,0.0,100.0,0.0,0,0.0,0.0,100.0,0.0,0,0.0,0.0,100.0,0.0,0,0.0,0.0,100.0,0.0,0,0.0,0.0,100.0,0.0,0,0.0,0.0,100.0,0.0,0
2026-06-22 12:34:33,316.77,0.0,0.0,100.0,0.0,0,0.0,0.0,100.0,0.0,0,0.0,0.0,100.0,0.0,0,0.0,0.0,100.0,0.0,0,0.0,0.0,100.0,0.0,0,0.0,0.0,100.0,0.0,0
2026-06-22 12:34:33,317.54,0.0,0.0,100.0,0.0,0,0.0,0.0,100.0,0.0,0,0.0,0.0,100.0,0.0,0,0.0,0.0,100.0,0.0,0,0.0,0.0,100.0,0.0,0,0.0,0.0,100.0,0.0,0
2026-06-22 12:34:34,318.29,0.0,0.0,100.0,0.0,0,0.0,0.0,100.0,0.0,0,0.0,0.0,100.0,0.0,0,0.0,0.0,100.0,0.0,0,0.0,0.0,100.0,0.0,0,0.0,0.0,100.0,0.0,0
2026-06-22 12:34:35,319.05,0.0,0.0,100.0,0.0,0,0.0,0.0,100.0,0.0,0,0.0,0.0,100.0,0.0,0,0.0,0.0,100.0,0.0,0,0.0,0.0,100.0,0.0,0,0.0,0.0,100.0,0.0,0
2026-06-22 12:34:36,319.85,0.0,0.0,100.0,0.0,0,0.0,0.0,100.0,0.0,0,0.0,0.0,100.0,0.0,0,0.0,0.0,100.0,0.0,0,0.0,0.0,100.0,0.0,0,0.0,0.0,100.0,0.0,0
2026-06-22 12:34:37,320.65,0.0,0.0,100.0,0.0,0,0.0,0.0,100.0,0.0,0,0.0,0.0,100.0,0.0,0,0.0,0.0,100.0,0.0,0,0.0,0.0,100.0,0.0,0,0.0,0.0,100.0,0.0,0
2026-06-22 12:34:37,321.47,0.0,0.0,100.0,0.0,0,0.0,0.0,100.0,0.0,0,0.0,0.0,100.0,0.0,0,0.0,0.0,100.0,0.0,0,0.0,0.0,100.0,0.0,0,0.0,0.0,100.0,0.0,0
2026-06-22 12:34:38,322.23,0.0,0.0,100.0,0.0,0,0.0,0.0,100.0,0.0,0,0.0,0.0,100.0,0.0,0,0.0,0.0,100.0,0.0,0,0.0,0.0,100.0,0.0,0,0.0,0.0,100.0,0.0,0
2026-06-22 12:34:39,323.08,0.0,0.0,100.0,0.0,0,0.0,0.0,100.0,0.0,0,0.0,0.0,100.0,0.0,0,0.0,0.0,100.0,0.0,0,0.0,0.0,100.0,0.0,0,0.0,0.0,100.0,0.0,0
2026-06-22 12:34:40,323.89,0.0,0.0,100.0,0.0,0,0.0,0.0,100.0,0.0,0,0.0,0.0,100.0,0.0,0,0.0,0.0,100.0,0.0,0,0.0,0.0,100.0,0.0,0,0.0,0.0,100.0,0.0,0
2026-06-22 12:34:41,324.67,0.0,0.0,100.0,0.0,0,0.0,0.0,100.0,0.0,0,0.0,0.0,100.0,0.0,0,0.0,0.0,100.0,0.0,0,0.0,0.0,100.0,0.0,0,0.0,0.0,100.0,0.0,0
2026-06-22 12:34:41,325.49,0.0,0.0,100.0,0.0,0,0.0,0.0,100.0,0.0,0,0.0,0.0,100.0,0.0,0,0.0,0.0,100.0,0.0,0,0.0,0.0,100.0,0.0,0,0.0,0.0,100.0,0.0,0
2026-06-22 12:34:42,326.28,0.0,0.0,100.0,0.0,0,0.0,0.0,100.0,0.0,0,0.0,0.0,100.0,0.0,0,0.0,0.0,100.0,0.0,0,0.0,0.0,100.0,0.0,0,0.0,0.0,100.0,0.0,0
2026-06-22 12:34:43,327.07,0.0,0.0,100.0,0.0,0,0.0,0.0,100.0,0.0,0,0.0,0.0,100.0,0.0,0,0.0,0.0,100.0,0.0,0,0.0,0.0,100.0,0.0,0,0.0,0.0,100.0,0.0,0
2026-06-22 12:34:44,327.86,0.0,0.0,100.0,0.0,0,0.0,0.0,100.0,0.0,0,0.0,0.0,100.0,0.0,0,0.0,0.0,100.0,0.0,0,0.0,0.0,100.0,0.0,0,0.0,0.0,100.0,0.0,0
2026-06-22 12:34:45,328.64,0.0,0.0,100.0,0.0,0,0.0,0.0,100.0,0.0,0,0.0,0.0,100.0,0.0,0,0.0,0.0,100.0,0.0,0,0.0,0.0,100.0,0.0,0,0.0,0.0,100.0,0.0,0
2026-06-22 12:34:45,329.4,0.0,0.0,100.0,0.0,0,0.0,0.0,100.0,0.0,0,0.0,0.0,100.0,0.0,0,0.0,0.0,100.0,0.0,0,0.0,0.0,100.0,0.0,0,0.0,0.0,100.0,0.0,0
2026-06-22 12:34:46,330.14,0.0,0.0,100.0,0.0,0,0.0,0.0,100.0,0.0,0,0.0,0.0,100.0,0.0,0,0.0,0.0,100.0,0.0,0,0.0,0.0,100.0,0.0,0,0.0,0.0,100.0,0.0,0
2026-06-22 12:34:47,330.91,0.0,0.0,100.0,0.0,0,0.0,0.0,100.0,0.0,0,0.0,0.0,100.0,0.0,0,0.0,0.0,100.0,0.0,0,0.0,0.0,100.0,0.0,0,0.0,0.0,100.0,0.0,0
2026-06-22 12:34:48,331.67,0.0,0.0,100.0,0.0,0,0.0,0.0,100.0,0.0,0,0.0,0.0,100.0,0.0,0,0.0,0.0,100.0,0.0,0,0.0,0.0,100.0,0.0,0,0.0,0.0,100.0,0.0,0
2026-06-22 12:34:48,332.44,0.0,0.0,100.0,0.0,0,0.0,0.0,100.0,0.0,0,0.0,0.0,100.0,0.0,0,0.0,0.0,100.0,0.0,0,0.0,0.0,100.0,0.0,0,0.0,0.0,100.0,0.0,0
2026-06-22 12:34:49,333.2,0.0,0.0,100.0,0.0,0,0.0,0.0,100.0,0.0,0,0.0,0.0,100.0,0.0,0,0.0,0.0,100.0,0.0,0,0.0,0.0,100.0,0.0,0,0.0,0.0,100.0,0.0,0
2026-06-22 12:34:50,333.96,0.0,0.0,100.0,0.0,0,0.0,0.0,100.0,0.0,0,0.0,0.0,100.0,0.0,0,0.0,0.0,100.0,0.0,0,0.0,0.0,100.0,0.0,0,0.0,0.0,100.0,0.0,0
2026-06-22 12:34:51,334.74,0.0,0.0,100.0,0.0,0,0.0,0.0,100.0,0.0,0,0.0,0.0,100.0,0.0,0,0.0,0.0,100.0,0.0,0,0.0,0.0,100.0,0.0,0,0.0,0.0,100.0,0.0,0
2026-06-22 12:34:51,335.5,0.0,0.0,100.0,0.0,0,0.0,0.0,100.0,0.0,0,0.0,0.0,100.0,0.0,0,0.0,0.0,100.0,0.0,0,0.0,0.0,100.0,0.0,0,0.0,0.0,100.0,0.0,0
2026-06-22 12:34:52,336.27,0.0,0.0,100.0,0.0,0,0.0,0.0,100.0,0.0,0,0.0,0.0,100.0,0.0,0,0.0,0.0,100.0,0.0,0,0.0,0.0,100.0,0.0,0,0.0,0.0,100.0,0.0,0
2026-06-22 12:34:53,337.06,0.0,0.0,100.0,0.0,0,0.0,0.0,100.0,0.0,0,0.0,0.0,100.0,0.0,0,0.0,0.0,100.0,0.0,0,0.0,0.0,100.0,0.0,0,0.0,0.0,100.0,0.0,0
2026-06-22 12:34:54,337.86,0.0,0.0,100.0,0.0,0,0.0,0.0,100.0,0.0,0,0.0,0.0,100.0,0.0,0,0.0,0.0,100.0,0.0,0,0.0,0.0,100.0,0.0,0,0.0,0.0,100.0,0.0,0
2026-06-22 12:34:55,338.67,0.0,0.0,100.0,0.0,0,0.0,0.0,100.0,0.0,0,0.0,0.0,100.0,0.0,0,0.0,0.0,100.0,0.0,0,0.0,0.0,100.0,0.0,0,0.0,0.0,100.0,0.0,0
2026-06-22 12:34:55,339.47,0.0,0.0,100.0,0.0,0,0.0,0.0,100.0,0.0,0,0.0,0.0,100.0,0.0,0,0.0,0.0,100.0,0.0,0,0.0,0.0,100.0,0.0,0,0.0,0.0,100.0,0.0,0
2026-06-22 12:34:56,340.27,0.0,0.0,100.0,0.0,0,0.0,0.0,100.0,0.0,0,0.0,0.0,100.0,0.0,0,0.0,0.0,100.0,0.0,0,0.0,0.0,100.0,0.0,0,0.0,0.0,100.0,0.0,0
2026-06-22 12:34:57,341.14,0.0,0.0,100.0,0.0,0,0.0,0.0,100.0,0.0,0,0.0,0.0,100.0,0.0,0,0.0,0.0,100.0,0.0,0,0.0,0.0,100.0,0.0,0,0.0,0.0,100.0,0.0,0
2026-06-22 12:34:58,341.97,0.0,0.0,100.0,0.0,0,0.0,0.0,100.0,0.0,0,0.0,0.0,100.0,0.0,0,0.0,0.0,100.0,0.0,0,0.0,0.0,100.0,0.0,0,0.0,0.0,100.0,0.0,0
2026-06-22 12:34:59,342.8,0.0,0.0,100.0,0.0,0,0.0,0.0,100.0,0.0,0,0.0,0.0,100.0,0.0,0,0.0,0.0,100.0,0.0,0,0.0,0.0,100.0,0.0,0,0.0,0.0,100.0,0.0,0
2026-06-22 12:34:59,343.59,0.0,0.0,100.0,0.0,0,0.0,0.0,100.0,0.0,0,0.0,0.0,100.0,0.0,0,0.0,0.0,100.0,0.0,0,0.0,0.0,100.0,0.0,0,0.0,0.0,100.0,0.0,0
2026-06-22 12:35:00,344.39,0.0,0.0,100.0,0.0,0,0.0,0.0,100.0,0.0,0,0.0,0.0,100.0,0.0,0,0.0,0.0,100.0,0.0,0,0.0,0.0,100.0,0.0,0,0.0,0.0,100.0,0.0,0
2026-06-22 12:35:01,345.16,0.0,0.0,100.0,0.0,0,0.0,0.0,100.0,0.0,0,0.0,0.0,100.0,0.0,0,0.0,0.0,100.0,0.0,0,0.0,0.0,100.0,0.0,0,0.0,0.0,100.0,0.0,0
2026-06-22 12:35:02,345.96,0.0,0.0,100.0,0.0,0,0.0,0.0,100.0,0.0,0,0.0,0.0,100.0,0.0,0,0.0,0.0,100.0,0.0,0,0.0,0.0,100.0,0.0,0,0.0,0.0,100.0,0.0,0
2026-06-22 12:35:03,346.72,0.0,0.0,100.0,0.0,0,0.0,0.0,100.0,0.0,0,0.0,0.0,100.0,0.0,0,0.0,0.0,100.0,0.0,0,0.0,0.0,100.0,0.0,0,0.0,0.0,100.0,0.0,0
2026-06-22 12:35:03,347.46,0.0,0.0,100.0,0.0,0,0.0,0.0,100.0,0.0,0,0.0,0.0,100.0,0.0,0,0.0,0.0,100.0,0.0,0,0.0,0.0,100.0,0.0,0,0.0,0.0,100.0,0.0,0
2026-06-22 12:35:04,348.22,0.0,0.0,100.0,0.0,0,0.0,0.0,100.0,0.0,0,0.0,0.0,100.0,0.0,0,0.0,0.0,100.0,0.0,0,0.0,0.0,100.0,0.0,0,0.0,0.0,100.0,0.0,0
2026-06-22 12:35:05,349.0,0.0,0.0,100.0,0.0,0,0.0,0.0,100.0,0.0,0,0.0,0.0,100.0,0.0,0,0.0,0.0,100.0,0.0,0,0.0,0.0,100.0,0.0,0,0.0,0.0,100.0,0.0,0
2026-06-22 12:35:06,349.83,0.0,0.0,100.0,0.0,0,0.0,0.0,100.0,0.0,0,0.0,0.0,100.0,0.0,0,0.0,0.0,100.0,0.0,0,0.0,0.0,100.0,0.0,0,0.0,0.0,100.0,0.0,0
2026-06-22 12:35:07,350.65,0.0,0.0,100.0,0.0,0,0.0,0.0,100.0,0.0,0,0.0,0.0,100.0,0.0,0,0.0,0.0,100.0,0.0,0,0.0,0.0,100.0,0.0,0,0.0,0.0,100.0,0.0,0
2026-06-22 12:35:07,351.44,0.0,0.0,100.0,0.0,0,0.0,0.0,100.0,0.0,0,0.0,0.0,100.0,0.0,0,0.0,0.0,100.0,0.0,0,0.0,0.0,100.0,0.0,0,0.0,0.0,100.0,0.0,0
2026-06-22 12:35:08,352.28,0.0,0.0,100.0,0.0,0,0.0,0.0,100.0,0.0,0,0.0,0.0,100.0,0.0,0,0.0,0.0,100.0,0.0,0,0.0,0.0,100.0,0.0,0,0.0,0.0,100.0,0.0,0
2026-06-22 12:35:09,353.08,0.0,0.0,100.0,0.0,0,0.0,0.0,100.0,0.0,0,0.0,0.0,100.0,0.0,0,0.0,0.0,100.0,0.0,0,0.0,0.0,100.0,0.0,0,0.0,0.0,100.0,0.0,0
2026-06-22 12:35:10,353.93,0.0,0.0,100.0,0.0,0,0.0,0.0,100.0,0.0,0,0.0,0.0,100.0,0.0,0,0.0,0.0,100.0,0.0,0,0.0,0.0,100.0,0.0,0,0.0,0.0,100.0,0.0,0
2026-06-22 12:35:11,354.71,0.0,0.0,100.0,0.0,0,0.0,0.0,100.0,0.0,0,0.0,0.0,100.0,0.0,0,0.0,0.0,100.0,0.0,0,0.0,0.0,100.0,0.0,0,0.0,0.0,100.0,0.0,0
2026-06-22 12:35:11,355.5,0.0,0.0,100.0,0.0,0,0.0,0.0,100.0,0.0,0,0.0,0.0,100.0,0.0,0,0.0,0.0,100.0,0.0,0,0.0,0.0,100.0,0.0,0,0.0,0.0,100.0,0.0,0
2026-06-22 12:35:12,356.34,0.0,0.0,100.0,0.0,0,0.0,0.0,100.0,0.0,0,0.0,0.0,100.0,0.0,0,0.0,0.0,100.0,0.0,0,0.0,0.0,100.0,0.0,0,0.0,0.0,100.0,0.0,0
2026-06-22 12:35:13,357.12,0.0,0.0,100.0,0.0,0,0.0,0.0,100.0,0.0,0,0.0,0.0,100.0,0.0,0,0.0,0.0,100.0,0.0,0,0.0,0.0,100.0,0.0,0,0.0,0.0,100.0,0.0,0
2026-06-22 12:35:14,357.89,0.0,0.0,100.0,0.0,0,0.0,0.0,100.0,0.0,0,0.0,0.0,100.0,0.0,0,0.0,0.0,100.0,0.0,0,0.0,0.0,100.0,0.0,0,0.0,0.0,100.0,0.0,0
2026-06-22 12:35:15,358.63,0.0,0.0,100.0,0.0,0,0.0,0.0,100.0,0.0,0,0.0,0.0,100.0,0.0,0,0.0,0.0,100.0,0.0,0,0.0,0.0,100.0,0.0,0,0.0,0.0,100.0,0.0,0
2026-06-22 12:35:15,359.42,0.0,0.0,100.0,0.0,0,0.0,0.0,100.0,0.0,0,0.0,0.0,100.0,0.0,0,0.0,0.0,100.0,0.0,0,0.0,0.0,100.0,0.0,0,0.0,0.0,100.0,0.0,0
2026-06-22 12:35:16,360.19,0.0,0.0,100.0,0.0,0,0.0,0.0,100.0,0.0,0,0.0,0.0,100.0,0.0,0,0.0,0.0,100.0,0.0,0,0.0,0.0,100.0,0.0,0,0.0,0.0,100.0,0.0,0
2026-06-22 12:35:17,360.94,0.0,0.0,100.0,0.0,0,0.0,0.0,100.0,0.0,0,0.0,0.0,100.0,0.0,0,0.0,0.0,100.0,0.0,0,0.0,0.0,100.0,0.0,0,0.0,0.0,100.0,0.0,0
2026-06-22 12:35:18,361.7,0.0,0.0,100.0,0.0,0,0.0,0.0,100.0,0.0,0,0.0,0.0,100.0,0.0,0,0.0,0.0,100.0,0.0,0,0.0,0.0,100.0,0.0,0,0.0,0.0,100.0,0.0,0
2026-06-22 12:35:18,362.49,0.0,0.0,100.0,0.0,0,0.0,0.0,100.0,0.0,0,0.0,0.0,100.0,0.0,0,0.0,0.0,100.0,0.0,0,0.0,0.0,100.0,0.0,0,0.0,0.0,100.0,0.0,0
2026-06-22 12:35:19,363.27,0.0,0.0,100.0,0.0,0,0.0,0.0,100.0,0.0,0,0.0,0.0,100.0,0.0,0,0.0,0.0,100.0,0.0,0,0.0,0.0,100.0,0.0,0,0.0,0.0,100.0,0.0,0
2026-06-22 12:35:20,364.09,0.0,0.0,100.0,0.0,0,0.0,0.0,100.0,0.0,0,0.0,0.0,100.0,0.0,0,0.0,0.0,100.0,0.0,0,0.0,0.0,100.0,0.0,0,0.0,0.0,100.0,0.0,0
2026-06-22 12:35:21,364.84,0.0,0.0,100.0,0.0,0,0.0,0.0,100.0,0.0,0,0.0,0.0,100.0,0.0,0,0.0,0.0,100.0,0.0,0,0.0,0.0,100.0,0.0,0,0.0,0.0,100.0,0.0,0
2026-06-22 12:35:22,365.63,0.0,0.0,100.0,0.0,0,0.0,0.0,100.0,0.0,0,0.0,0.0,100.0,0.0,0,0.0,0.0,100.0,0.0,0,0.0,0.0,100.0,0.0,0,0.0,0.0,100.0,0.0,0
2026-06-22 12:35:22,366.43,0.0,0.0,100.0,0.0,0,0.0,0.0,100.0,0.0,0,0.0,0.0,100.0,0.0,0,0.0,0.0,100.0,0.0,0,0.0,0.0,100.0,0.0,0,0.0,0.0,100.0,0.0,0
2026-06-22 12:35:23,367.26,0.0,0.0,100.0,0.0,0,0.0,0.0,100.0,0.0,0,0.0,0.0,100.0,0.0,0,0.0,0.0,100.0,0.0,0,0.0,0.0,100.0,0.0,0,0.0,0.0,100.0,0.0,0
2026-06-22 12:35:24,368.09,0.0,0.0,100.0,0.0,0,0.0,0.0,100.0,0.0,0,0.0,0.0,100.0,0.0,0,0.0,0.0,100.0,0.0,0,0.0,0.0,100.0,0.0,0,0.0,0.0,100.0,0.0,0
2026-06-22 12:35:25,368.85,0.0,0.0,100.0,0.0,0,0.0,0.0,100.0,0.0,0,0.0,0.0,100.0,0.0,0,0.0,0.0,100.0,0.0,0,0.0,0.0,100.0,0.0,0,0.0,0.0,100.0,0.0,0
2026-06-22 12:35:26,369.62,0.0,0.0,100.0,0.0,0,0.0,0.0,100.0,0.0,0,0.0,0.0,100.0,0.0,0,0.0,0.0,100.0,0.0,0,0.0,0.0,100.0,0.0,0,0.0,0.0,100.0,0.0,0
2026-06-22 12:35:26,370.4,0.0,0.0,100.0,0.0,0,0.0,0.0,100.0,0.0,0,0.0,0.0,100.0,0.0,0,0.0,0.0,100.0,0.0,0,0.0,0.0,100.0,0.0,0,0.0,0.0,100.0,0.0,0
2026-06-22 12:35:27,371.18,0.0,0.0,100.0,0.0,0,0.0,0.0,100.0,0.0,0,0.0,0.0,100.0,0.0,0,0.0,0.0,100.0,0.0,0,0.0,0.0,100.0,0.0,0,0.0,0.0,100.0,0.0,0
2026-06-22 12:35:28,372.01,0.0,0.0,100.0,0.0,0,0.0,0.0,100.0,0.0,0,0.0,0.0,100.0,0.0,0,0.0,0.0,100.0,0.0,0,0.0,0.0,100.0,0.0,0,0.0,0.0,100.0,0.0,0
2026-06-22 12:35:29,372.81,0.0,0.0,100.0,0.0,0,0.0,0.0,100.0,0.0,0,0.0,0.0,100.0,0.0,0,0.0,0.0,100.0,0.0,0,0.0,0.0,100.0,0.0,0,0.0,0.0,100.0,0.0,0
2026-06-22 12:35:30,373.63,0.0,0.0,100.0,0.0,0,0.0,0.0,100.0,0.0,0,0.0,0.0,100.0,0.0,0,0.0,0.0,100.0,0.0,0,0.0,0.0,100.0,0.0,0,0.0,0.0,100.0,0.0,0
2026-06-22 12:35:30,374.41,0.0,0.0,100.0,0.0,0,0.0,0.0,100.0,0.0,0,0.0,0.0,100.0,0.0,0,0.0,0.0,100.0,0.0,0,0.0,0.0,100.0,0.0,0,0.0,0.0,100.0,0.0,0
2026-06-22 12:35:31,375.23,0.0,0.0,100.0,0.0,0,0.0,0.0,100.0,0.0,0,0.0,0.0,100.0,0.0,0,0.0,0.0,100.0,0.0,0,0.0,0.0,100.0,0.0,0,0.0,0.0,100.0,0.0,0
2026-06-22 12:35:32,376.0,0.0,0.0,100.0,0.0,0,0.0,0.0,100.0,0.0,0,0.0,0.0,100.0,0.0,0,0.0,0.0,100.0,0.0,0,0.0,0.0,100.0,0.0,0,0.0,0.0,100.0,0.0,0
2026-06-22 12:35:33,376.75,0.0,0.0,100.0,0.0,0,0.0,0.0,100.0,0.0,0,0.0,0.0,100.0,0.0,0,0.0,0.0,100.0,0.0,0,0.0,0.0,100.0,0.0,0,0.0,0.0,100.0,0.0,0
2026-06-22 12:35:33,377.49,0.0,0.0,100.0,0.0,0,0.0,0.0,100.0,0.0,0,0.0,0.0,100.0,0.0,0,0.0,0.0,100.0,0.0,0,0.0,0.0,100.0,0.0,0,0.0,0.0,100.0,0.0,0
2026-06-22 12:35:34,378.29,0.0,0.0,100.0,0.0,0,0.0,0.0,100.0,0.0,0,0.0,0.0,100.0,0.0,0,0.0,0.0,100.0,0.0,0,0.0,0.0,100.0,0.0,0,0.0,0.0,100.0,0.0,0
2026-06-22 12:35:35,379.05,0.0,0.0,100.0,0.0,0,0.0,0.0,100.0,0.0,0,0.0,0.0,100.0,0.0,0,0.0,0.0,100.0,0.0,0,0.0,0.0,100.0,0.0,0,0.0,0.0,100.0,0.0,0
2026-06-22 12:35:36,379.8,0.0,0.0,100.0,0.0,0,0.0,0.0,100.0,0.0,0,0.0,0.0,100.0,0.0,0,0.0,0.0,100.0,0.0,0,0.0,0.0,100.0,0.0,0,0.0,0.0,100.0,0.0,0
2026-06-22 12:35:36,380.56,0.0,0.0,100.0,0.0,0,0.0,0.0,100.0,0.0,0,0.0,0.0,100.0,0.0,0,0.0,0.0,100.0,0.0,0,0.0,0.0,100.0,0.0,0,0.0,0.0,100.0,0.0,0
2026-06-22 12:35:37,381.31,0.0,0.0,100.0,0.0,0,0.0,0.0,100.0,0.0,0,0.0,0.0,100.0,0.0,0,0.0,0.0,100.0,0.0,0,0.0,0.0,100.0,0.0,0,0.0,0.0,100.0,0.0,0
2026-06-22 12:35:38,382.09,0.0,0.0,100.0,0.0,0,0.0,0.0,100.0,0.0,0,0.0,0.0,100.0,0.0,0,0.0,0.0,100.0,0.0,0,0.0,0.0,100.0,0.0,0,0.0,0.0,100.0,0.0,0
2026-06-22 12:35:39,382.87,0.0,0.0,100.0,0.0,0,0.0,0.0,100.0,0.0,0,0.0,0.0,100.0,0.0,0,0.0,0.0,100.0,0.0,0,0.0,0.0,100.0,0.0,0,0.0,0.0,100.0,0.0,0
2026-06-22 12:35:40,383.62,0.0,0.0,100.0,0.0,0,0.0,0.0,100.0,0.0,0,0.0,0.0,100.0,0.0,0,0.0,0.0,100.0,0.0,0,0.0,0.0,100.0,0.0,0,0.0,0.0,100.0,0.0,0
2026-06-22 12:35:40,384.38,0.0,0.0,100.0,0.0,0,0.0,0.0,100.0,0.0,0,0.0,0.0,100.0,0.0,0,0.0,0.0,100.0,0.0,0,0.0,0.0,100.0,0.0,0,0.0,0.0,100.0,0.0,0
2026-06-22 12:35:41,385.11,0.0,0.0,100.0,0.0,0,0.0,0.0,100.0,0.0,0,0.0,0.0,100.0,0.0,0,0.0,0.0,100.0,0.0,0,0.0,0.0,100.0,0.0,0,0.0,0.0,100.0,0.0,0
2026-06-22 12:35:42,385.87,0.0,0.0,100.0,0.0,0,0.0,0.0,100.0,0.0,0,0.0,0.0,100.0,0.0,0,0.0,0.0,100.0,0.0,0,0.0,0.0,100.0,0.0,0,0.0,0.0,100.0,0.0,0
2026-06-22 12:35:42,386.61,0.0,0.0,100.0,0.0,0,0.0,0.0,100.0,0.0,0,0.0,0.0,100.0,0.0,0,0.0,0.0,100.0,0.0,0,0.0,0.0,100.0,0.0,0,0.0,0.0,100.0,0.0,0
2026-06-22 12:35:43,387.36,0.0,0.0,100.0,0.0,0,0.0,0.0,100.0,0.0,0,0.0,0.0,100.0,0.0,0,0.0,0.0,100.0,0.0,0,0.0,0.0,100.0,0.0,0,0.0,0.0,100.0,0.0,0
2026-06-22 12:35:44,388.12,0.0,0.0,100.0,0.0,0,0.0,0.0,100.0,0.0,0,0.0,0.0,100.0,0.0,0,0.0,0.0,100.0,0.0,0,0.0,0.0,100.0,0.0,0,0.0,0.0,100.0,0.0,0
2026-06-22 12:35:45,388.91,0.0,0.0,100.0,0.0,0,0.0,0.0,100.0,0.0,0,0.0,0.0,100.0,0.0,0,0.0,0.0,100.0,0.0,0,0.0,0.0,100.0,0.0,0,0.0,0.0,100.0,0.0,0
2026-06-22 12:35:46,389.67,0.0,0.0,100.0,0.0,0,0.0,0.0,100.0,0.0,0,0.0,0.0,100.0,0.0,0,0.0,0.0,100.0,0.0,0,0.0,0.0,100.0,0.0,0,0.0,0.0,100.0,0.0,0
2026-06-22 12:35:46,390.43,0.0,0.0,100.0,0.0,0,0.0,0.0,100.0,0.0,0,0.0,0.0,100.0,0.0,0,0.0,0.0,100.0,0.0,0,0.0,0.0,100.0,0.0,0,0.0,0.0,100.0,0.0,0
2026-06-22 12:35:47,391.19,0.0,0.0,100.0,0.0,0,0.0,0.0,100.0,0.0,0,0.0,0.0,100.0,0.0,0,0.0,0.0,100.0,0.0,0,0.0,0.0,100.0,0.0,0,0.0,0.0,100.0,0.0,0
2026-06-22 12:35:48,391.98,0.0,0.0,100.0,0.0,0,0.0,0.0,100.0,0.0,0,0.0,0.0,100.0,0.0,0,0.0,0.0,100.0,0.0,0,0.0,0.0,100.0,0.0,0,0.0,0.0,100.0,0.0,0
2026-06-22 12:35:49,392.74,0.0,0.0,100.0,0.0,0,0.0,0.0,100.0,0.0,0,0.0,0.0,100.0,0.0,0,0.0,0.0,100.0,0.0,0,0.0,0.0,100.0,0.0,0,0.0,0.0,100.0,0.0,0
2026-06-22 12:35:49,393.49,0.0,0.0,100.0,0.0,0,0.0,0.0,100.0,0.0,0,0.0,0.0,100.0,0.0,0,0.0,0.0,100.0,0.0,0,0.0,0.0,100.0,0.0,0,0.0,0.0,100.0,0.0,0
2026-06-22 12:35:50,394.26,0.0,0.0,100.0,0.0,0,0.0,0.0,100.0,0.0,0,0.0,0.0,100.0,0.0,0,0.0,0.0,100.0,0.0,0,0.0,0.0,100.0,0.0,0,0.0,0.0,100.0,0.0,0
2026-06-22 12:35:51,395.06,0.0,0.0,100.0,0.0,0,0.0,0.0,100.0,0.0,0,0.0,0.0,100.0,0.0,0,0.0,0.0,100.0,0.0,0,0.0,0.0,100.0,0.0,0,0.0,0.0,100.0,0.0,0
2026-06-22 12:35:52,395.83,0.0,0.0,100.0,0.0,0,0.0,0.0,100.0,0.0,0,0.0,0.0,100.0,0.0,0,0.0,0.0,100.0,0.0,0,0.0,0.0,100.0,0.0,0,0.0,0.0,100.0,0.0,0
2026-06-22 12:35:52,396.59,0.0,0.0,100.0,0.0,0,0.0,0.0,100.0,0.0,0,0.0,0.0,100.0,0.0,0,0.0,0.0,100.0,0.0,0,0.0,0.0,100.0,0.0,0,0.0,0.0,100.0,0.0,0
2026-06-22 12:35:53,397.36,0.0,0.0,100.0,0.0,0,0.0,0.0,100.0,0.0,0,0.0,0.0,100.0,0.0,0,0.0,0.0,100.0,0.0,0,0.0,0.0,100.0,0.0,0,0.0,0.0,100.0,0.0,0
2026-06-22 12:35:54,398.13,0.0,0.0,100.0,0.0,0,0.0,0.0,100.0,0.0,0,0.0,0.0,100.0,0.0,0,0.0,0.0,100.0,0.0,0,0.0,0.0,100.0,0.0,0,0.0,0.0,100.0,0.0,0
2026-06-22 12:35:55,398.91,0.0,0.0,100.0,0.0,0,0.0,0.0,100.0,0.0,0,0.0,0.0,100.0,0.0,0,0.0,0.0,100.0,0.0,0,0.0,0.0,100.0,0.0,0,0.0,0.0,100.0,0.0,0
2026-06-22 12:35:56,399.66,0.0,0.0,100.0,0.0,0,0.0,0.0,100.0,0.0,0,0.0,0.0,100.0,0.0,0,0.0,0.0,100.0,0.0,0,0.0,0.0,100.0,0.0,0,0.0,0.0,100.0,0.0,0
2026-06-22 12:35:56,400.41,0.0,0.0,100.0,0.0,0,0.0,0.0,100.0,0.0,0,0.0,0.0,100.0,0.0,0,0.0,0.0,100.0,0.0,0,0.0,0.0,100.0,0.0,0,0.0,0.0,100.0,0.0,0
2026-06-22 12:35:57,401.19,0.0,0.0,100.0,0.0,0,0.0,0.0,100.0,0.0,0,0.0,0.0,100.0,0.0,0,0.0,0.0,100.0,0.0,0,0.0,0.0,100.0,0.0,0,0.0,0.0,100.0,0.0,0
2026-06-22 12:35:58,401.93,0.0,0.0,100.0,0.0,0,0.0,0.0,100.0,0.0,0,0.0,0.0,100.0,0.0,0,0.0,0.0,100.0,0.0,0,0.0,0.0,100.0,0.0,0,0.0,0.0,100.0,0.0,0
2026-06-22 12:35:59,402.7,0.0,0.0,100.0,0.0,0,0.0,0.0,100.0,0.0,0,0.0,0.0,100.0,0.0,0,0.0,0.0,100.0,0.0,0,0.0,0.0,100.0,0.0,0,0.0,0.0,100.0,0.0,0
2026-06-22 12:35:59,403.45,0.0,0.0,100.0,0.0,0,0.0,0.0,100.0,0.0,0,0.0,0.0,100.0,0.0,0,0.0,0.0,100.0,0.0,0,0.0,0.0,100.0,0.0,0,0.0,0.0,100.0,0.0,0
2026-06-22 12:36:00,404.21,0.0,0.0,100.0,0.0,0,0.0,0.0,100.0,0.0,0,0.0,0.0,100.0,0.0,0,0.0,0.0,100.0,0.0,0,0.0,0.0,100.0,0.0,0,0.0,0.0,100.0,0.0,0
2026-06-22 12:36:01,404.95,0.0,0.0,100.0,0.0,0,0.0,0.0,100.0,0.0,0,0.0,0.0,100.0,0.0,0,0.0,0.0,100.0,0.0,0,0.0,0.0,100.0,0.0,0,0.0,0.0,100.0,0.0,0
2026-06-22 12:36:02,405.71,0.0,0.0,100.0,0.0,0,0.0,0.0,100.0,0.0,0,0.0,0.0,100.0,0.0,0,0.0,0.0,100.0,0.0,0,0.0,0.0,100.0,0.0,0,0.0,0.0,100.0,0.0,0
2026-06-22 12:36:02,406.46,0.0,0.0,100.0,0.0,0,0.0,0.0,100.0,0.0,0,0.0,0.0,100.0,0.0,0,0.0,0.0,100.0,0.0,0,0.0,0.0,100.0,0.0,0,0.0,0.0,100.0,0.0,0
2026-06-22 12:36:03,407.25,0.0,0.0,100.0,0.0,0,0.0,0.0,100.0,0.0,0,0.0,0.0,100.0,0.0,0,0.0,0.0,100.0,0.0,0,0.0,0.0,100.0,0.0,0,0.0,0.0,100.0,0.0,0
2026-06-22 12:36:04,408.0,0.0,0.0,100.0,0.0,0,0.0,0.0,100.0,0.0,0,0.0,0.0,100.0,0.0,0,0.0,0.0,100.0,0.0,0,0.0,0.0,100.0,0.0,0,0.0,0.0,100.0,0.0,0
2026-06-22 12:36:05,408.75,0.0,0.0,100.0,0.0,0,0.0,0.0,100.0,0.0,0,0.0,0.0,100.0,0.0,0,0.0,0.0,100.0,0.0,0,0.0,0.0,100.0,0.0,0,0.0,0.0,100.0,0.0,0
2026-06-22 12:36:05,409.52,0.0,0.0,100.0,0.0,0,0.0,0.0,100.0,0.0,0,0.0,0.0,100.0,0.0,0,0.0,0.0,100.0,0.0,0,0.0,0.0,100.0,0.0,0,0.0,0.0,100.0,0.0,0
2026-06-22 12:36:06,410.28,0.0,0.0,100.0,0.0,0,0.0,0.0,100.0,0.0,0,0.0,0.0,100.0,0.0,0,0.0,0.0,100.0,0.0,0,0.0,0.0,100.0,0.0,0,0.0,0.0,100.0,0.0,0
2026-06-22 12:36:07,411.03,0.0,0.0,100.0,0.0,0,0.0,0.0,100.0,0.0,0,0.0,0.0,100.0,0.0,0,0.0,0.0,100.0,0.0,0,0.0,0.0,100.0,0.0,0,0.0,0.0,100.0,0.0,0
2026-06-22 12:36:08,411.79,0.0,0.0,100.0,0.0,0,0.0,0.0,100.0,0.0,0,0.0,0.0,100.0,0.0,0,0.0,0.0,100.0,0.0,0,0.0,0.0,100.0,0.0,0,0.0,0.0,100.0,0.0,0
2026-06-22 12:36:08,412.55,0.0,0.0,100.0,0.0,0,0.0,0.0,100.0,0.0,0,0.0,0.0,100.0,0.0,0,0.0,0.0,100.0,0.0,0,0.0,0.0,100.0,0.0,0,0.0,0.0,100.0,0.0,0
2026-06-22 12:36:09,413.29,0.0,0.0,100.0,0.0,0,0.0,0.0,100.0,0.0,0,0.0,0.0,100.0,0.0,0,0.0,0.0,100.0,0.0,0,0.0,0.0,100.0,0.0,0,0.0,0.0,100.0,0.0,0
2026-06-22 12:36:10,414.05,0.0,0.0,100.0,0.0,0,0.0,0.0,100.0,0.0,0,0.0,0.0,100.0,0.0,0,0.0,0.0,100.0,0.0,0,0.0,0.0,100.0,0.0,0,0.0,0.0,100.0,0.0,0
2026-06-22 12:36:11,414.82,0.0,0.0,100.0,0.0,0,0.0,0.0,100.0,0.0,0,0.0,0.0,100.0,0.0,0,0.0,0.0,100.0,0.0,0,0.0,0.0,100.0,0.0,0,0.0,0.0,100.0,0.0,0
2026-06-22 12:36:11,415.6,0.0,0.0,100.0,0.0,0,0.0,0.0,100.0,0.0,0,0.0,0.0,100.0,0.0,0,0.0,0.0,100.0,0.0,0,0.0,0.0,100.0,0.0,0,0.0,0.0,100.0,0.0,0
2026-06-22 12:36:12,416.36,0.0,0.0,100.0,0.0,0,0.0,0.0,100.0,0.0,0,0.0,0.0,100.0,0.0,0,0.0,0.0,100.0,0.0,0,0.0,0.0,100.0,0.0,0,0.0,0.0,100.0,0.0,0
2026-06-22 12:36:13,417.12,0.0,0.0,100.0,0.0,0,0.0,0.0,100.0,0.0,0,0.0,0.0,100.0,0.0,0,0.0,0.0,100.0,0.0,0,0.0,0.0,100.0,0.0,0,0.0,0.0,100.0,0.0,0
2026-06-22 12:36:14,417.87,0.0,0.0,100.0,0.0,0,0.0,0.0,100.0,0.0,0,0.0,0.0,100.0,0.0,0,0.0,0.0,100.0,0.0,0,0.0,0.0,100.0,0.0,0,0.0,0.0,100.0,0.0,0
2026-06-22 12:36:15,418.63,0.0,0.0,100.0,0.0,0,0.0,0.0,100.0,0.0,0,0.0,0.0,100.0,0.0,0,0.0,0.0,100.0,0.0,0,0.0,0.0,100.0,0.0,0,0.0,0.0,100.0,0.0,0
2026-06-22 12:36:15,419.4,0.0,0.0,100.0,0.0,0,0.0,0.0,100.0,0.0,0,0.0,0.0,100.0,0.0,0,0.0,0.0,100.0,0.0,0,0.0,0.0,100.0,0.0,0,0.0,0.0,100.0,0.0,0
2026-06-22 12:36:16,420.17,0.0,0.0,100.0,0.0,0,0.0,0.0,100.0,0.0,0,0.0,0.0,100.0,0.0,0,0.0,0.0,100.0,0.0,0,0.0,0.0,100.0,0.0,0,0.0,0.0,100.0,0.0,0
2026-06-22 12:36:17,420.92,0.0,0.0,100.0,0.0,0,0.0,0.0,100.0,0.0,0,0.0,0.0,100.0,0.0,0,0.0,0.0,100.0,0.0,0,0.0,0.0,100.0,0.0,0,0.0,0.0,100.0,0.0,0
2026-06-22 12:36:18,421.7,0.0,0.0,100.0,0.0,0,0.0,0.0,100.0,0.0,0,0.0,0.0,100.0,0.0,0,0.0,0.0,100.0,0.0,0,0.0,0.0,100.0,0.0,0,0.0,0.0,100.0,0.0,0
2026-06-22 12:36:18,422.44,0.0,0.0,100.0,0.0,0,0.0,0.0,100.0,0.0,0,0.0,0.0,100.0,0.0,0,0.0,0.0,100.0,0.0,0,0.0,0.0,100.0,0.0,0,0.0,0.0,100.0,0.0,0
2026-06-22 12:36:19,423.25,0.0,0.0,100.0,0.0,0,0.0,0.0,100.0,0.0,0,0.0,0.0,100.0,0.0,0,0.0,0.0,100.0,0.0,0,0.0,0.0,100.0,0.0,0,0.0,0.0,100.0,0.0,0
2026-06-22 12:36:20,424.02,0.0,0.0,100.0,0.0,0,0.0,0.0,100.0,0.0,0,0.0,0.0,100.0,0.0,0,0.0,0.0,100.0,0.0,0,0.0,0.0,100.0,0.0,0,0.0,0.0,100.0,0.0,0
2026-06-22 12:36:21,424.79,0.0,0.0,100.0,0.0,0,0.0,0.0,100.0,0.0,0,0.0,0.0,100.0,0.0,0,0.0,0.0,100.0,0.0,0,0.0,0.0,100.0,0.0,0,0.0,0.0,100.0,0.0,0
2026-06-22 12:36:21,425.54,0.0,0.0,100.0,0.0,0,0.0,0.0,100.0,0.0,0,0.0,0.0,100.0,0.0,0,0.0,0.0,100.0,0.0,0,0.0,0.0,100.0,0.0,0,0.0,0.0,100.0,0.0,0
2026-06-22 12:36:22,426.3,0.0,0.0,100.0,0.0,0,0.0,0.0,100.0,0.0,0,0.0,0.0,100.0,0.0,0,0.0,0.0,100.0,0.0,0,0.0,0.0,100.0,0.0,0,0.0,0.0,100.0,0.0,0
2026-06-22 12:36:23,427.09,0.0,0.0,100.0,0.0,0,0.0,0.0,100.0,0.0,0,0.0,0.0,100.0,0.0,0,0.0,0.0,100.0,0.0,0,0.0,0.0,100.0,0.0,0,0.0,0.0,100.0,0.0,0
2026-06-22 12:36:24,427.88,0.0,0.0,100.0,0.0,0,0.0,0.0,100.0,0.0,0,0.0,0.0,100.0,0.0,0,0.0,0.0,100.0,0.0,0,0.0,0.0,100.0,0.0,0,0.0,0.0,100.0,0.0,0
2026-06-22 12:36:25,428.66,0.0,0.0,100.0,0.0,0,0.0,0.0,100.0,0.0,0,0.0,0.0,100.0,0.0,0,0.0,0.0,100.0,0.0,0,0.0,0.0,100.0,0.0,0,0.0,0.0,100.0,0.0,0
2026-06-22 12:36:25,429.45,0.0,0.0,100.0,0.0,0,0.0,0.0,100.0,0.0,0,0.0,0.0,100.0,0.0,0,0.0,0.0,100.0,0.0,0,0.0,0.0,100.0,0.0,0,0.0,0.0,100.0,0.0,0
2026-06-22 12:36:26,430.22,0.0,0.0,100.0,0.0,0,0.0,0.0,100.0,0.0,0,0.0,0.0,100.0,0.0,0,0.0,0.0,100.0,0.0,0,0.0,0.0,100.0,0.0,0,0.0,0.0,100.0,0.0,0
2026-06-22 12:36:27,430.98,0.0,0.0,100.0,0.0,0,0.0,0.0,100.0,0.0,0,0.0,0.0,100.0,0.0,0,0.0,0.0,100.0,0.0,0,0.0,0.0,100.0,0.0,0,0.0,0.0,100.0,0.0,0
2026-06-22 12:36:28,431.76,0.0,0.0,100.0,0.0,0,0.0,0.0,100.0,0.0,0,0.0,0.0,100.0,0.0,0,0.0,0.0,100.0,0.0,0,0.0,0.0,100.0,0.0,0,0.0,0.0,100.0,0.0,0
2026-06-22 12:36:28,432.54,0.0,0.0,100.0,0.0,0,0.0,0.0,100.0,0.0,0,0.0,0.0,100.0,0.0,0,0.0,0.0,100.0,0.0,0,0.0,0.0,100.0,0.0,0,0.0,0.0,100.0,0.0,0
2026-06-22 12:36:29,433.29,0.0,0.0,100.0,0.0,0,0.0,0.0,100.0,0.0,0,0.0,0.0,100.0,0.0,0,0.0,0.0,100.0,0.0,0,0.0,0.0,100.0,0.0,0,0.0,0.0,100.0,0.0,0
2026-06-22 12:36:30,434.04,0.0,0.0,100.0,0.0,0,0.0,0.0,100.0,0.0,0,0.0,0.0,100.0,0.0,0,0.0,0.0,100.0,0.0,0,0.0,0.0,100.0,0.0,0,0.0,0.0,100.0,0.0,0
2026-06-22 12:36:31,434.77,0.0,0.0,100.0,0.0,0,0.0,0.0,100.0,0.0,0,0.0,0.0,100.0,0.0,0,0.0,0.0,100.0,0.0,0,0.0,0.0,100.0,0.0,0,0.0,0.0,100.0,0.0,0
2026-06-22 12:36:31,435.52,0.0,0.0,100.0,0.0,0,0.0,0.0,100.0,0.0,0,0.0,0.0,100.0,0.0,0,0.0,0.0,100.0,0.0,0,0.0,0.0,100.0,0.0,0,0.0,0.0,100.0,0.0,0
2026-06-22 12:36:32,436.29,0.0,0.0,100.0,0.0,0,0.0,0.0,100.0,0.0,0,0.0,0.0,100.0,0.0,0,0.0,0.0,100.0,0.0,0,0.0,0.0,100.0,0.0,0,0.0,0.0,100.0,0.0,0
2026-06-22 12:36:33,437.04,0.0,0.0,100.0,0.0,0,0.0,0.0,100.0,0.0,0,0.0,0.0,100.0,0.0,0,0.0,0.0,100.0,0.0,0,0.0,0.0,100.0,0.0,0,0.0,0.0,100.0,0.0,0
2026-06-22 12:36:34,437.81,0.0,0.0,100.0,0.0,0,0.0,0.0,100.0,0.0,0,0.0,0.0,100.0,0.0,0,0.0,0.0,100.0,0.0,0,0.0,0.0,100.0,0.0,0,0.0,0.0,100.0,0.0,0
2026-06-22 12:36:34,438.56,0.0,0.0,100.0,0.0,0,0.0,0.0,100.0,0.0,0,0.0,0.0,100.0,0.0,0,0.0,0.0,100.0,0.0,0,0.0,0.0,100.0,0.0,0,0.0,0.0,100.0,0.0,0
2026-06-22 12:36:35,439.32,0.0,0.0,100.0,0.0,0,0.0,0.0,100.0,0.0,0,0.0,0.0,100.0,0.0,0,0.0,0.0,100.0,0.0,0,0.0,0.0,100.0,0.0,0,0.0,0.0,100.0,0.0,0
2026-06-22 12:36:36,440.08,0.0,0.0,100.0,0.0,0,0.0,0.0,100.0,0.0,0,0.0,0.0,100.0,0.0,0,0.0,0.0,100.0,0.0,0,0.0,0.0,100.0,0.0,0,0.0,0.0,100.0,0.0,0
2026-06-22 12:36:37,440.82,0.0,0.0,100.0,0.0,0,0.0,0.0,100.0,0.0,0,0.0,0.0,100.0,0.0,0,0.0,0.0,100.0,0.0,0,0.0,0.0,100.0,0.0,0,0.0,0.0,100.0,0.0,0
2026-06-22 12:36:37,441.59,0.0,0.0,100.0,0.0,0,0.0,0.0,100.0,0.0,0,0.0,0.0,100.0,0.0,0,0.0,0.0,100.0,0.0,0,0.0,0.0,100.0,0.0,0,0.0,0.0,100.0,0.0,0
2026-06-22 12:36:38,442.33,0.0,0.0,100.0,0.0,0,0.0,0.0,100.0,0.0,0,0.0,0.0,100.0,0.0,0,0.0,0.0,100.0,0.0,0,0.0,0.0,100.0,0.0,0,0.0,0.0,100.0,0.0,0
2026-06-22 12:36:39,443.08,0.0,0.0,100.0,0.0,0,0.0,0.0,100.0,0.0,0,0.0,0.0,100.0,0.0,0,0.0,0.0,100.0,0.0,0,0.0,0.0,100.0,0.0,0,0.0,0.0,100.0,0.0,0
2026-06-22 12:36:40,443.83,0.0,0.0,100.0,0.0,0,0.0,0.0,100.0,0.0,0,0.0,0.0,100.0,0.0,0,0.0,0.0,100.0,0.0,0,0.0,0.0,100.0,0.0,0,0.0,0.0,100.0,0.0,0
2026-06-22 12:36:40,444.58,0.0,0.0,100.0,0.0,0,0.0,0.0,100.0,0.0,0,0.0,0.0,100.0,0.0,0,0.0,0.0,100.0,0.0,0,0.0,0.0,100.0,0.0,0,0.0,0.0,100.0,0.0,0
2026-06-22 12:36:41,445.34,0.0,0.0,100.0,0.0,0,0.0,0.0,100.0,0.0,0,0.0,0.0,100.0,0.0,0,0.0,0.0,100.0,0.0,0,0.0,0.0,100.0,0.0,0,0.0,0.0,100.0,0.0,0
2026-06-22 12:36:42,446.08,0.0,0.0,100.0,0.0,0,0.0,0.0,100.0,0.0,0,0.0,0.0,100.0,0.0,0,0.0,0.0,100.0,0.0,0,0.0,0.0,100.0,0.0,0,0.0,0.0,100.0,0.0,0
2026-06-22 12:36:43,446.85,0.0,0.0,100.0,0.0,0,0.0,0.0,100.0,0.0,0,0.0,0.0,100.0,0.0,0,0.0,0.0,100.0,0.0,0,0.0,0.0,100.0,0.0,0,0.0,0.0,100.0,0.0,0
2026-06-22 12:36:44,447.61,0.0,0.0,100.0,0.0,0,0.0,0.0,100.0,0.0,0,0.0,0.0,100.0,0.0,0,0.0,0.0,100.0,0.0,0,0.0,0.0,100.0,0.0,0,0.0,0.0,100.0,0.0,0
2026-06-22 12:36:44,448.38,0.0,0.0,100.0,0.0,0,0.0,0.0,100.0,0.0,0,0.0,0.0,100.0,0.0,0,0.0,0.0,100.0,0.0,0,0.0,0.0,100.0,0.0,0,0.0,0.0,100.0,0.0,0
2026-06-22 12:36:45,449.13,0.0,0.0,100.0,0.0,0,0.0,0.0,100.0,0.0,0,0.0,0.0,100.0,0.0,0,0.0,0.0,100.0,0.0,0,0.0,0.0,100.0,0.0,0,0.0,0.0,100.0,0.0,0
2026-06-22 12:36:46,449.87,0.0,0.0,100.0,0.0,0,0.0,0.0,100.0,0.0,0,0.0,0.0,100.0,0.0,0,0.0,0.0,100.0,0.0,0,0.0,0.0,100.0,0.0,0,0.0,0.0,100.0,0.0,0
2026-06-22 12:36:47,450.63,0.0,0.0,100.0,0.0,0,0.0,0.0,100.0,0.0,0,0.0,0.0,100.0,0.0,0,0.0,0.0,100.0,0.0,0,0.0,0.0,100.0,0.0,0,0.0,0.0,100.0,0.0,0
2026-06-22 12:36:47,451.4,0.0,0.0,100.0,0.0,0,0.0,0.0,100.0,0.0,0,0.0,0.0,100.0,0.0,0,0.0,0.0,100.0,0.0,0,0.0,0.0,100.0,0.0,0,0.0,0.0,100.0,0.0,0
2026-06-22 12:36:48,452.15,0.0,0.0,100.0,0.0,0,0.0,0.0,100.0,0.0,0,0.0,0.0,100.0,0.0,0,0.0,0.0,100.0,0.0,0,0.0,0.0,100.0,0.0,0,0.0,0.0,100.0,0.0,0
2026-06-22 12:36:49,452.91,0.0,0.0,100.0,0.0,0,0.0,0.0,100.0,0.0,0,0.0,0.0,100.0,0.0,0,0.0,0.0,100.0,0.0,0,0.0,0.0,100.0,0.0,0,0.0,0.0,100.0,0.0,0
2026-06-22 12:36:50,453.66,0.0,0.0,100.0,0.0,0,0.0,0.0,100.0,0.0,0,0.0,0.0,100.0,0.0,0,0.0,0.0,100.0,0.0,0,0.0,0.0,100.0,0.0,0,0.0,0.0,100.0,0.0,0
2026-06-22 12:36:50,454.4,0.0,0.0,100.0,0.0,0,0.0,0.0,100.0,0.0,0,0.0,0.0,100.0,0.0,0,0.0,0.0,100.0,0.0,0,0.0,0.0,100.0,0.0,0,0.0,0.0,100.0,0.0,0
2026-06-22 12:36:51,455.14,0.0,0.0,100.0,0.0,0,0.0,0.0,100.0,0.0,0,0.0,0.0,100.0,0.0,0,0.0,0.0,100.0,0.0,0,0.0,0.0,100.0,0.0,0,0.0,0.0,100.0,0.0,0
2026-06-22 12:36:52,455.87,0.0,0.0,100.0,0.0,0,0.0,0.0,100.0,0.0,0,0.0,0.0,100.0,0.0,0,0.0,0.0,100.0,0.0,0,0.0,0.0,100.0,0.0,0,0.0,0.0,100.0,0.0,0
2026-06-22 12:36:53,456.65,0.0,0.0,100.0,0.0,0,0.0,0.0,100.0,0.0,0,0.0,0.0,100.0,0.0,0,0.0,0.0,100.0,0.0,0,0.0,0.0,100.0,0.0,0,0.0,0.0,100.0,0.0,0
2026-06-22 12:36:53,457.38,0.0,0.0,100.0,0.0,0,0.0,0.0,100.0,0.0,0,0.0,0.0,100.0,0.0,0,0.0,0.0,100.0,0.0,0,0.0,0.0,100.0,0.0,0,0.0,0.0,100.0,0.0,0
2026-06-22 12:36:54,458.11,0.0,0.0,100.0,0.0,0,0.0,0.0,100.0,0.0,0,0.0,0.0,100.0,0.0,0,0.0,0.0,100.0,0.0,0,0.0,0.0,100.0,0.0,0,0.0,0.0,100.0,0.0,0
2026-06-22 12:36:55,458.87,0.0,0.0,100.0,0.0,0,0.0,0.0,100.0,0.0,0,0.0,0.0,100.0,0.0,0,0.0,0.0,100.0,0.0,0,0.0,0.0,100.0,0.0,0,0.0,0.0,100.0,0.0,0
2026-06-22 12:36:56,459.61,0.0,0.0,100.0,0.0,0,0.0,0.0,100.0,0.0,0,0.0,0.0,100.0,0.0,0,0.0,0.0,100.0,0.0,0,0.0,0.0,100.0,0.0,0,0.0,0.0,100.0,0.0,0
2026-06-22 12:36:56,460.37,0.0,0.0,100.0,0.0,0,0.0,0.0,100.0,0.0,0,0.0,0.0,100.0,0.0,0,0.0,0.0,100.0,0.0,0,0.0,0.0,100.0,0.0,0,0.0,0.0,100.0,0.0,0
2026-06-22 12:36:57,461.11,0.0,0.0,100.0,0.0,0,0.0,0.0,100.0,0.0,0,0.0,0.0,100.0,0.0,0,0.0,0.0,100.0,0.0,0,0.0,0.0,100.0,0.0,0,0.0,0.0,100.0,0.0,0
2026-06-22 12:36:58,461.86,0.0,0.0,100.0,0.0,0,0.0,0.0,100.0,0.0,0,0.0,0.0,100.0,0.0,0,0.0,0.0,100.0,0.0,0,0.0,0.0,100.0,0.0,0,0.0,0.0,100.0,0.0,0
2026-06-22 12:36:59,462.63,0.0,0.0,100.0,0.0,0,0.0,0.0,100.0,0.0,0,0.0,0.0,100.0,0.0,0,0.0,0.0,100.0,0.0,0,0.0,0.0,100.0,0.0,0,0.0,0.0,100.0,0.0,0
2026-06-22 12:36:59,463.38,0.0,0.0,100.0,0.0,0,0.0,0.0,100.0,0.0,0,0.0,0.0,100.0,0.0,0,0.0,0.0,100.0,0.0,0,0.0,0.0,100.0,0.0,0,0.0,0.0,100.0,0.0,0
2026-06-22 12:37:00,464.13,0.0,0.0,100.0,0.0,0,0.0,0.0,100.0,0.0,0,0.0,0.0,100.0,0.0,0,0.0,0.0,100.0,0.0,0,0.0,0.0,100.0,0.0,0,0.0,0.0,100.0,0.0,0
2026-06-22 12:37:01,464.87,0.0,0.0,100.0,0.0,0,0.0,0.0,100.0,0.0,0,0.0,0.0,100.0,0.0,0,0.0,0.0,100.0,0.0,0,0.0,0.0,100.0,0.0,0,0.0,0.0,100.0,0.0,0
2026-06-22 12:37:02,465.61,0.0,0.0,100.0,0.0,0,0.0,0.0,100.0,0.0,0,0.0,0.0,100.0,0.0,0,0.0,0.0,100.0,0.0,0,0.0,0.0,100.0,0.0,0,0.0,0.0,100.0,0.0,0
2026-06-22 12:37:02,466.37,0.0,0.0,100.0,0.0,0,0.0,0.0,100.0,0.0,0,0.0,0.0,100.0,0.0,0,0.0,0.0,100.0,0.0,0,0.0,0.0,100.0,0.0,0,0.0,0.0,100.0,0.0,0
2026-06-22 12:37:03,467.12,0.0,0.0,100.0,0.0,0,0.0,0.0,100.0,0.0,0,0.0,0.0,100.0,0.0,0,0.0,0.0,100.0,0.0,0,0.0,0.0,100.0,0.0,0,0.0,0.0,100.0,0.0,0
2026-06-22 12:37:04,467.86,0.0,0.0,100.0,0.0,0,0.0,0.0,100.0,0.0,0,0.0,0.0,100.0,0.0,0,0.0,0.0,100.0,0.0,0,0.0,0.0,100.0,0.0,0,0.0,0.0,100.0,0.0,0
2026-06-22 12:37:04,468.61,0.0,0.0,100.0,0.0,0,0.0,0.0,100.0,0.0,0,0.0,0.0,100.0,0.0,0,0.0,0.0,100.0,0.0,0,0.0,0.0,100.0,0.0,0,0.0,0.0,100.0,0.0,0
2026-06-22 12:37:05,469.36,0.0,0.0,100.0,0.0,0,0.0,0.0,100.0,0.0,0,0.0,0.0,100.0,0.0,0,0.0,0.0,100.0,0.0,0,0.0,0.0,100.0,0.0,0,0.0,0.0,100.0,0.0,0
2026-06-22 12:37:06,470.11,0.0,0.0,100.0,0.0,0,0.0,0.0,100.0,0.0,0,0.0,0.0,100.0,0.0,0,0.0,0.0,100.0,0.0,0,0.0,0.0,100.0,0.0,0,0.0,0.0,100.0,0.0,0
2026-06-22 12:37:07,470.86,0.0,0.0,100.0,0.0,0,0.0,0.0,100.0,0.0,0,0.0,0.0,100.0,0.0,0,0.0,0.0,100.0,0.0,0,0.0,0.0,100.0,0.0,0,0.0,0.0,100.0,0.0,0
2026-06-22 12:37:08,471.62,0.0,0.0,100.0,0.0,0,0.0,0.0,100.0,0.0,0,0.0,0.0,100.0,0.0,0,0.0,0.0,100.0,0.0,0,0.0,0.0,100.0,0.0,0,0.0,0.0,100.0,0.0,0
2026-06-22 12:37:08,472.38,0.0,0.0,100.0,0.0,0,0.0,0.0,100.0,0.0,0,0.0,0.0,100.0,0.0,0,0.0,0.0,100.0,0.0,0,0.0,0.0,100.0,0.0,0,0.0,0.0,100.0,0.0,0
2026-06-22 12:37:09,473.14,0.0,0.0,100.0,0.0,0,0.0,0.0,100.0,0.0,0,0.0,0.0,100.0,0.0,0,0.0,0.0,100.0,0.0,0,0.0,0.0,100.0,0.0,0,0.0,0.0,100.0,0.0,0
2026-06-22 12:37:10,473.9,0.0,0.0,100.0,0.0,0,0.0,0.0,100.0,0.0,0,0.0,0.0,100.0,0.0,0,0.0,0.0,100.0,0.0,0,0.0,0.0,100.0,0.0,0,0.0,0.0,100.0,0.0,0
2026-06-22 12:37:11,474.66,0.0,0.0,100.0,0.0,0,0.0,0.0,100.0,0.0,0,0.0,0.0,100.0,0.0,0,0.0,0.0,100.0,0.0,0,0.0,0.0,100.0,0.0,0,0.0,0.0,100.0,0.0,0
2026-06-22 12:37:11,475.45,0.0,0.0,100.0,0.0,0,0.0,0.0,100.0,0.0,0,0.0,0.0,100.0,0.0,0,0.0,0.0,100.0,0.0,0,0.0,0.0,100.0,0.0,0,0.0,0.0,100.0,0.0,0
2026-06-22 12:37:12,476.23,0.0,0.0,100.0,0.0,0,0.0,0.0,100.0,0.0,0,0.0,0.0,100.0,0.0,0,0.0,0.0,100.0,0.0,0,0.0,0.0,100.0,0.0,0,0.0,0.0,100.0,0.0,0
2026-06-22 12:37:13,476.98,0.0,0.0,100.0,0.0,0,0.0,0.0,100.0,0.0,0,0.0,0.0,100.0,0.0,0,0.0,0.0,100.0,0.0,0,0.0,0.0,100.0,0.0,0,0.0,0.0,100.0,0.0,0
2026-06-22 12:37:14,477.72,0.0,0.0,100.0,0.0,0,0.0,0.0,100.0,0.0,0,0.0,0.0,100.0,0.0,0,0.0,0.0,100.0,0.0,0,0.0,0.0,100.0,0.0,0,0.0,0.0,100.0,0.0,0
2026-06-22 12:37:14,478.48,0.0,0.0,100.0,0.0,0,0.0,0.0,100.0,0.0,0,0.0,0.0,100.0,0.0,0,0.0,0.0,100.0,0.0,0,0.0,0.0,100.0,0.0,0,0.0,0.0,100.0,0.0,0
2026-06-22 12:37:15,479.22,0.0,0.0,100.0,0.0,0,0.0,0.0,100.0,0.0,0,0.0,0.0,100.0,0.0,0,0.0,0.0,100.0,0.0,0,0.0,0.0,100.0,0.0,0,0.0,0.0,100.0,0.0,0
2026-06-22 12:37:16,479.96,0.0,0.0,100.0,0.0,0,0.0,0.0,100.0,0.0,0,0.0,0.0,100.0,0.0,0,0.0,0.0,100.0,0.0,0,0.0,0.0,100.0,0.0,0,0.0,0.0,100.0,0.0,0
2026-06-22 12:37:17,480.71,0.0,0.0,100.0,0.0,0,0.0,0.0,100.0,0.0,0,0.0,0.0,100.0,0.0,0,0.0,0.0,100.0,0.0,0,0.0,0.0,100.0,0.0,0,0.0,0.0,100.0,0.0,0
2026-06-22 12:37:17,481.51,0.0,0.0,100.0,0.0,0,0.0,0.0,100.0,0.0,0,0.0,0.0,100.0,0.0,0,0.0,0.0,100.0,0.0,0,0.0,0.0,100.0,0.0,0,0.0,0.0,100.0,0.0,0
2026-06-22 12:37:18,482.27,0.0,0.0,100.0,0.0,0,0.0,0.0,100.0,0.0,0,0.0,0.0,100.0,0.0,0,0.0,0.0,100.0,0.0,0,0.0,0.0,100.0,0.0,0,0.0,0.0,100.0,0.0,0
2026-06-22 12:37:19,483.03,0.0,0.0,100.0,0.0,0,0.0,0.0,100.0,0.0,0,0.0,0.0,100.0,0.0,0,0.0,0.0,100.0,0.0,0,0.0,0.0,100.0,0.0,0,0.0,0.0,100.0,0.0,0
2026-06-22 12:37:20,483.78,0.0,0.0,100.0,0.0,0,0.0,0.0,100.0,0.0,0,0.0,0.0,100.0,0.0,0,0.0,0.0,100.0,0.0,0,0.0,0.0,100.0,0.0,0,0.0,0.0,100.0,0.0,0
2026-06-22 12:37:20,484.53,0.0,0.0,100.0,0.0,0,0.0,0.0,100.0,0.0,0,0.0,0.0,100.0,0.0,0,0.0,0.0,100.0,0.0,0,0.0,0.0,100.0,0.0,0,0.0,0.0,100.0,0.0,0
2026-06-22 12:37:21,485.32,0.0,0.0,100.0,0.0,0,0.0,0.0,100.0,0.0,0,0.0,0.0,100.0,0.0,0,0.0,0.0,100.0,0.0,0,0.0,0.0,100.0,0.0,0,0.0,0.0,100.0,0.0,0
2026-06-22 12:37:22,486.09,0.0,0.0,100.0,0.0,0,0.0,0.0,100.0,0.0,0,0.0,0.0,100.0,0.0,0,0.0,0.0,100.0,0.0,0,0.0,0.0,100.0,0.0,0,0.0,0.0,100.0,0.0,0
2026-06-22 12:37:23,486.84,0.0,0.0,100.0,0.0,0,0.0,0.0,100.0,0.0,0,0.0,0.0,100.0,0.0,0,0.0,0.0,100.0,0.0,0,0.0,0.0,100.0,0.0,0,0.0,0.0,100.0,0.0,0
2026-06-22 12:37:23,487.6,0.0,0.0,100.0,0.0,0,0.0,0.0,100.0,0.0,0,0.0,0.0,100.0,0.0,0,0.0,0.0,100.0,0.0,0,0.0,0.0,100.0,0.0,0,0.0,0.0,100.0,0.0,0
2026-06-22 12:37:24,488.36,0.0,0.0,100.0,0.0,0,0.0,0.0,100.0,0.0,0,0.0,0.0,100.0,0.0,0,0.0,0.0,100.0,0.0,0,0.0,0.0,100.0,0.0,0,0.0,0.0,100.0,0.0,0
2026-06-22 12:37:25,489.11,0.0,0.0,100.0,0.0,0,0.0,0.0,100.0,0.0,0,0.0,0.0,100.0,0.0,0,0.0,0.0,100.0,0.0,0,0.0,0.0,100.0,0.0,0,0.0,0.0,100.0,0.0,0
2026-06-22 12:37:26,489.87,0.0,0.0,100.0,0.0,0,0.0,0.0,100.0,0.0,0,0.0,0.0,100.0,0.0,0,0.0,0.0,100.0,0.0,0,0.0,0.0,100.0,0.0,0,0.0,0.0,100.0,0.0,0
2026-06-22 12:37:27,490.64,0.0,0.0,100.0,0.0,0,0.0,0.0,100.0,0.0,0,0.0,0.0,100.0,0.0,0,0.0,0.0,100.0,0.0,0,0.0,0.0,100.0,0.0,0,0.0,0.0,100.0,0.0,0
2026-06-22 12:37:27,491.47,0.0,0.0,100.0,0.0,0,0.0,0.0,100.0,0.0,0,0.0,0.0,100.0,0.0,0,0.0,0.0,100.0,0.0,0,0.0,0.0,100.0,0.0,0,0.0,0.0,100.0,0.0,0
2026-06-22 12:37:28,492.26,0.0,0.0,100.0,0.0,0,0.0,0.0,100.0,0.0,0,0.0,0.0,100.0,0.0,0,0.0,0.0,100.0,0.0,0,0.0,0.0,100.0,0.0,0,0.0,0.0,100.0,0.0,0
2026-06-22 12:37:29,493.03,0.0,0.0,100.0,0.0,0,0.0,0.0,100.0,0.0,0,0.0,0.0,100.0,0.0,0,0.0,0.0,100.0,0.0,0,0.0,0.0,100.0,0.0,0,0.0,0.0,100.0,0.0,0
2026-06-22 12:37:30,493.81,0.0,0.0,100.0,0.0,0,0.0,0.0,100.0,0.0,0,0.0,0.0,100.0,0.0,0,0.0,0.0,100.0,0.0,0,0.0,0.0,100.0,0.0,0,0.0,0.0,100.0,0.0,0
2026-06-22 12:37:30,494.57,0.0,0.0,100.0,0.0,0,0.0,0.0,100.0,0.0,0,0.0,0.0,100.0,0.0,0,0.0,0.0,100.0,0.0,0,0.0,0.0,100.0,0.0,0,0.0,0.0,100.0,0.0,0
2026-06-22 12:37:31,495.31,0.0,0.0,100.0,0.0,0,0.0,0.0,100.0,0.0,0,0.0,0.0,100.0,0.0,0,0.0,0.0,100.0,0.0,0,0.0,0.0,100.0,0.0,0,0.0,0.0,100.0,0.0,0
2026-06-22 12:37:32,496.05,0.0,0.0,100.0,0.0,0,0.0,0.0,100.0,0.0,0,0.0,0.0,100.0,0.0,0,0.0,0.0,100.0,0.0,0,0.0,0.0,100.0,0.0,0,0.0,0.0,100.0,0.0,0
2026-06-22 12:37:33,496.79,0.0,0.0,100.0,0.0,0,0.0,0.0,100.0,0.0,0,0.0,0.0,100.0,0.0,0,0.0,0.0,100.0,0.0,0,0.0,0.0,100.0,0.0,0,0.0,0.0,100.0,0.0,0
2026-06-22 12:37:33,497.54,0.0,0.0,100.0,0.0,0,0.0,0.0,100.0,0.0,0,0.0,0.0,100.0,0.0,0,0.0,0.0,100.0,0.0,0,0.0,0.0,100.0,0.0,0,0.0,0.0,100.0,0.0,0
2026-06-22 12:37:34,498.29,0.0,0.0,100.0,0.0,0,0.0,0.0,100.0,0.0,0,0.0,0.0,100.0,0.0,0,0.0,0.0,100.0,0.0,0,0.0,0.0,100.0,0.0,0,0.0,0.0,100.0,0.0,0
2026-06-22 12:37:35,499.03,0.0,0.0,100.0,0.0,0,0.0,0.0,100.0,0.0,0,0.0,0.0,100.0,0.0,0,0.0,0.0,100.0,0.0,0,0.0,0.0,100.0,0.0,0,0.0,0.0,100.0,0.0,0
2026-06-22 12:37:36,499.76,0.0,0.0,100.0,0.0,0,0.0,0.0,100.0,0.0,0,0.0,0.0,100.0,0.0,0,0.0,0.0,100.0,0.0,0,0.0,0.0,100.0,0.0,0,0.0,0.0,100.0,0.0,0
2026-06-22 12:37:36,500.51,0.0,0.0,100.0,0.0,0,0.0,0.0,100.0,0.0,0,0.0,0.0,100.0,0.0,0,0.0,0.0,100.0,0.0,0,0.0,0.0,100.0,0.0,0,0.0,0.0,100.0,0.0,0
2026-06-22 12:37:37,501.26,0.0,0.0,100.0,0.0,0,0.0,0.0,100.0,0.0,0,0.0,0.0,100.0,0.0,0,0.0,0.0,100.0,0.0,0,0.0,0.0,100.0,0.0,0,0.0,0.0,100.0,0.0,0
2026-06-22 12:37:38,502.0,0.0,0.0,100.0,0.0,0,0.0,0.0,100.0,0.0,0,0.0,0.0,100.0,0.0,0,0.0,0.0,100.0,0.0,0,0.0,0.0,100.0,0.0,0,0.0,0.0,100.0,0.0,0
2026-06-22 12:37:39,502.74,0.0,0.0,100.0,0.0,0,0.0,0.0,100.0,0.0,0,0.0,0.0,100.0,0.0,0,0.0,0.0,100.0,0.0,0,0.0,0.0,100.0,0.0,0,0.0,0.0,100.0,0.0,0
2026-06-22 12:37:39,503.51,0.0,0.0,100.0,0.0,0,0.0,0.0,100.0,0.0,0,0.0,0.0,100.0,0.0,0,0.0,0.0,100.0,0.0,0,0.0,0.0,100.0,0.0,0,0.0,0.0,100.0,0.0,0
2026-06-22 12:37:40,504.26,0.0,0.0,100.0,0.0,0,0.0,0.0,100.0,0.0,0,0.0,0.0,100.0,0.0,0,0.0,0.0,100.0,0.0,0,0.0,0.0,100.0,0.0,0,0.0,0.0,100.0,0.0,0
2026-06-22 12:37:41,505.0,0.0,0.0,100.0,0.0,0,0.0,0.0,100.0,0.0,0,0.0,0.0,100.0,0.0,0,0.0,0.0,100.0,0.0,0,0.0,0.0,100.0,0.0,0,0.0,0.0,100.0,0.0,0
2026-06-22 12:37:42,505.75,0.0,0.0,100.0,0.0,0,0.0,0.0,100.0,0.0,0,0.0,0.0,100.0,0.0,0,0.0,0.0,100.0,0.0,0,0.0,0.0,100.0,0.0,0,0.0,0.0,100.0,0.0,0
2026-06-22 12:37:42,506.49,0.0,0.0,100.0,0.0,0,0.0,0.0,100.0,0.0,0,0.0,0.0,100.0,0.0,0,0.0,0.0,100.0,0.0,0,0.0,0.0,100.0,0.0,0,0.0,0.0,100.0,0.0,0
2026-06-22 12:37:43,507.24,0.0,0.0,100.0,0.0,0,0.0,0.0,100.0,0.0,0,0.0,0.0,100.0,0.0,0,0.0,0.0,100.0,0.0,0,0.0,0.0,100.0,0.0,0,0.0,0.0,100.0,0.0,0
2026-06-22 12:37:44,507.98,0.0,0.0,100.0,0.0,0,0.0,0.0,100.0,0.0,0,0.0,0.0,100.0,0.0,0,0.0,0.0,100.0,0.0,0,0.0,0.0,100.0,0.0,0,0.0,0.0,100.0,0.0,0
2026-06-22 12:37:45,508.78,0.0,0.0,100.0,0.0,0,0.0,0.0,100.0,0.0,0,0.0,0.0,100.0,0.0,0,0.0,0.0,100.0,0.0,0,0.0,0.0,100.0,0.0,0,0.0,0.0,100.0,0.0,0
2026-06-22 12:37:45,509.53,0.0,0.0,100.0,0.0,0,0.0,0.0,100.0,0.0,0,0.0,0.0,100.0,0.0,0,0.0,0.0,100.0,0.0,0,0.0,0.0,100.0,0.0,0,0.0,0.0,100.0,0.0,0
2026-06-22 12:37:46,510.28,0.0,0.0,100.0,0.0,0,0.0,0.0,100.0,0.0,0,0.0,0.0,100.0,0.0,0,0.0,0.0,100.0,0.0,0,0.0,0.0,100.0,0.0,0,0.0,0.0,100.0,0.0,0
2026-06-22 12:37:47,511.01,0.0,0.0,100.0,0.0,0,0.0,0.0,100.0,0.0,0,0.0,0.0,100.0,0.0,0,0.0,0.0,100.0,0.0,0,0.0,0.0,100.0,0.0,0,0.0,0.0,100.0,0.0,0
2026-06-22 12:37:48,511.76,0.0,0.0,100.0,0.0,0,0.0,0.0,100.0,0.0,0,0.0,0.0,100.0,0.0,0,0.0,0.0,100.0,0.0,0,0.0,0.0,100.0,0.0,0,0.0,0.0,100.0,0.0,0
2026-06-22 12:37:48,512.49,0.0,0.0,100.0,0.0,0,0.0,0.0,100.0,0.0,0,0.0,0.0,100.0,0.0,0,0.0,0.0,100.0,0.0,0,0.0,0.0,100.0,0.0,0,0.0,0.0,100.0,0.0,0
2026-06-22 12:37:49,513.24,0.0,0.0,100.0,0.0,0,0.0,0.0,100.0,0.0,0,0.0,0.0,100.0,0.0,0,0.0,0.0,100.0,0.0,0,0.0,0.0,100.0,0.0,0,0.0,0.0,100.0,0.0,0
2026-06-22 12:37:50,513.97,0.0,0.0,100.0,0.0,0,0.0,0.0,100.0,0.0,0,0.0,0.0,100.0,0.0,0,0.0,0.0,100.0,0.0,0,0.0,0.0,100.0,0.0,0,0.0,0.0,100.0,0.0,0
2026-06-22 12:37:51,514.72,0.0,0.0,100.0,0.0,0,0.0,0.0,100.0,0.0,0,0.0,0.0,100.0,0.0,0,0.0,0.0,100.0,0.0,0,0.0,0.0,100.0,0.0,0,0.0,0.0,100.0,0.0,0
2026-06-22 12:37:51,515.48,0.0,0.0,100.0,0.0,0,0.0,0.0,100.0,0.0,0,0.0,0.0,100.0,0.0,0,0.0,0.0,100.0,0.0,0,0.0,0.0,100.0,0.0,0,0.0,0.0,100.0,0.0,0
2026-06-22 12:37:52,516.23,0.0,0.0,100.0,0.0,0,0.0,0.0,100.0,0.0,0,0.0,0.0,100.0,0.0,0,0.0,0.0,100.0,0.0,0,0.0,0.0,100.0,0.0,0,0.0,0.0,100.0,0.0,0
2026-06-22 12:37:53,516.96,0.0,0.0,100.0,0.0,0,0.0,0.0,100.0,0.0,0,0.0,0.0,100.0,0.0,0,0.0,0.0,100.0,0.0,0,0.0,0.0,100.0,0.0,0,0.0,0.0,100.0,0.0,0
2026-06-22 12:37:54,517.73,0.0,0.0,100.0,0.0,0,0.0,0.0,100.0,0.0,0,0.0,0.0,100.0,0.0,0,0.0,0.0,100.0,0.0,0,0.0,0.0,100.0,0.0,0,0.0,0.0,100.0,0.0,0
2026-06-22 12:37:54,518.47,0.0,0.0,100.0,0.0,0,0.0,0.0,100.0,0.0,0,0.0,0.0,100.0,0.0,0,0.0,0.0,100.0,0.0,0,0.0,0.0,100.0,0.0,0,0.0,0.0,100.0,0.0,0
2026-06-22 12:37:55,519.22,0.0,0.0,100.0,0.0,0,0.0,0.0,100.0,0.0,0,0.0,0.0,100.0,0.0,0,0.0,0.0,100.0,0.0,0,0.0,0.0,100.0,0.0,0,0.0,0.0,100.0,0.0,0
2026-06-22 12:37:56,519.97,0.0,0.0,100.0,0.0,0,0.0,0.0,100.0,0.0,0,0.0,0.0,100.0,0.0,0,0.0,0.0,100.0,0.0,0,0.0,0.0,100.0,0.0,0,0.0,0.0,100.0,0.0,0
2026-06-22 12:37:57,520.72,0.0,0.0,100.0,0.0,0,0.0,0.0,100.0,0.0,0,0.0,0.0,100.0,0.0,0,0.0,0.0,100.0,0.0,0,0.0,0.0,100.0,0.0,0,0.0,0.0,100.0,0.0,0
2026-06-22 12:37:57,521.45,0.0,0.0,100.0,0.0,0,0.0,0.0,100.0,0.0,0,0.0,0.0,100.0,0.0,0,0.0,0.0,100.0,0.0,0,0.0,0.0,100.0,0.0,0,0.0,0.0,100.0,0.0,0
2026-06-22 12:37:58,522.18,0.0,0.0,100.0,0.0,0,0.0,0.0,100.0,0.0,0,0.0,0.0,100.0,0.0,0,0.0,0.0,100.0,0.0,0,0.0,0.0,100.0,0.0,0,0.0,0.0,100.0,0.0,0
2026-06-22 12:37:59,522.91,0.0,0.0,100.0,0.0,0,0.0,0.0,100.0,0.0,0,0.0,0.0,100.0,0.0,0,0.0,0.0,100.0,0.0,0,0.0,0.0,100.0,0.0,0,0.0,0.0,100.0,0.0,0
2026-06-22 12:38:00,523.65,0.0,0.0,100.0,0.0,0,0.0,0.0,100.0,0.0,0,0.0,0.0,100.0,0.0,0,0.0,0.0,100.0,0.0,0,0.0,0.0,100.0,0.0,0,0.0,0.0,100.0,0.0,0
2026-06-22 12:38:00,524.44,0.0,0.0,100.0,0.0,0,0.0,0.0,100.0,0.0,0,0.0,0.0,100.0,0.0,0,0.0,0.0,100.0,0.0,0,0.0,0.0,100.0,0.0,0,0.0,0.0,100.0,0.0,0
2026-06-22 12:38:01,525.18,0.0,0.0,100.0,0.0,0,0.0,0.0,100.0,0.0,0,0.0,0.0,100.0,0.0,0,0.0,0.0,100.0,0.0,0,0.0,0.0,100.0,0.0,0,0.0,0.0,100.0,0.0,0
2026-06-22 12:38:02,525.93,0.0,0.0,100.0,0.0,0,0.0,0.0,100.0,0.0,0,0.0,0.0,100.0,0.0,0,0.0,0.0,100.0,0.0,0,0.0,0.0,100.0,0.0,0,0.0,0.0,100.0,0.0,0
2026-06-22 12:38:03,526.68,0.0,0.0,100.0,0.0,0,0.0,0.0,100.0,0.0,0,0.0,0.0,100.0,0.0,0,0.0,0.0,100.0,0.0,0,0.0,0.0,100.0,0.0,0,0.0,0.0,100.0,0.0,0
2026-06-22 12:38:03,527.44,0.0,0.0,100.0,0.0,0,0.0,0.0,100.0,0.0,0,0.0,0.0,100.0,0.0,0,0.0,0.0,100.0,0.0,0,0.0,0.0,100.0,0.0,0,0.0,0.0,100.0,0.0,0
2026-06-22 12:38:04,528.21,0.0,0.0,100.0,0.0,0,0.0,0.0,100.0,0.0,0,0.0,0.0,100.0,0.0,0,0.0,0.0,100.0,0.0,0,0.0,0.0,100.0,0.0,0,0.0,0.0,100.0,0.0,0
2026-06-22 12:38:05,528.96,0.0,0.0,100.0,0.0,0,0.0,0.0,100.0,0.0,0,0.0,0.0,100.0,0.0,0,0.0,0.0,100.0,0.0,0,0.0,0.0,100.0,0.0,0,0.0,0.0,100.0,0.0,0
2026-06-22 12:38:06,529.7,0.0,0.0,100.0,0.0,0,0.0,0.0,100.0,0.0,0,0.0,0.0,100.0,0.0,0,0.0,0.0,100.0,0.0,0,0.0,0.0,100.0,0.0,0,0.0,0.0,100.0,0.0,0
2026-06-22 12:38:06,530.47,0.0,0.0,100.0,0.0,0,0.0,0.0,100.0,0.0,0,0.0,0.0,100.0,0.0,0,0.0,0.0,100.0,0.0,0,0.0,0.0,100.0,0.0,0,0.0,0.0,100.0,0.0,0
2026-06-22 12:38:07,531.23,0.0,0.0,100.0,0.0,0,0.0,0.0,100.0,0.0,0,0.0,0.0,100.0,0.0,0,0.0,0.0,100.0,0.0,0,0.0,0.0,100.0,0.0,0,0.0,0.0,100.0,0.0,0
2026-06-22 12:38:08,531.97,0.0,0.0,100.0,0.0,0,0.0,0.0,100.0,0.0,0,0.0,0.0,100.0,0.0,0,0.0,0.0,100.0,0.0,0,0.0,0.0,100.0,0.0,0,0.0,0.0,100.0,0.0,0
2026-06-22 12:38:09,532.73,0.0,0.0,100.0,0.0,0,0.0,0.0,100.0,0.0,0,0.0,0.0,100.0,0.0,0,0.0,0.0,100.0,0.0,0,0.0,0.0,100.0,0.0,0,0.0,0.0,100.0,0.0,0
2026-06-22 12:38:09,533.5,0.0,0.0,100.0,0.0,0,0.0,0.0,100.0,0.0,0,0.0,0.0,100.0,0.0,0,0.0,0.0,100.0,0.0,0,0.0,0.0,100.0,0.0,0,0.0,0.0,100.0,0.0,0
2026-06-22 12:38:10,534.26,0.0,0.0,100.0,0.0,0,0.0,0.0,100.0,0.0,0,0.0,0.0,100.0,0.0,0,0.0,0.0,100.0,0.0,0,0.0,0.0,100.0,0.0,0,0.0,0.0,100.0,0.0,0
2026-06-22 12:38:11,535.0,0.0,0.0,100.0,0.0,0,0.0,0.0,100.0,0.0,0,0.0,0.0,100.0,0.0,0,0.0,0.0,100.0,0.0,0,0.0,0.0,100.0,0.0,0,0.0,0.0,100.0,0.0,0
2026-06-22 12:38:12,535.78,0.0,0.0,100.0,0.0,0,0.0,0.0,100.0,0.0,0,0.0,0.0,100.0,0.0,0,0.0,0.0,100.0,0.0,0,0.0,0.0,100.0,0.0,0,0.0,0.0,100.0,0.0,0
2026-06-22 12:38:12,536.52,0.0,0.0,100.0,0.0,0,0.0,0.0,100.0,0.0,0,0.0,0.0,100.0,0.0,0,0.0,0.0,100.0,0.0,0,0.0,0.0,100.0,0.0,0,0.0,0.0,100.0,0.0,0
2026-06-22 12:38:13,537.27,0.0,0.0,100.0,0.0,0,0.0,0.0,100.0,0.0,0,0.0,0.0,100.0,0.0,0,0.0,0.0,100.0,0.0,0,0.0,0.0,100.0,0.0,0,0.0,0.0,100.0,0.0,0
2026-06-22 12:38:14,537.99,0.0,0.0,100.0,0.0,0,0.0,0.0,100.0,0.0,0,0.0,0.0,100.0,0.0,0,0.0,0.0,100.0,0.0,0,0.0,0.0,100.0,0.0,0,0.0,0.0,100.0,0.0,0
2026-06-22 12:38:15,538.74,0.0,0.0,100.0,0.0,0,0.0,0.0,100.0,0.0,0,0.0,0.0,100.0,0.0,0,0.0,0.0,100.0,0.0,0,0.0,0.0,100.0,0.0,0,0.0,0.0,100.0,0.0,0
2026-06-22 12:38:15,539.5,0.0,0.0,100.0,0.0,0,0.0,0.0,100.0,0.0,0,0.0,0.0,100.0,0.0,0,0.0,0.0,100.0,0.0,0,0.0,0.0,100.0,0.0,0,0.0,0.0,100.0,0.0,0
2026-06-22 12:38:16,540.24,0.0,0.0,100.0,0.0,0,0.0,0.0,100.0,0.0,0,0.0,0.0,100.0,0.0,0,0.0,0.0,100.0,0.0,0,0.0,0.0,100.0,0.0,0,0.0,0.0,100.0,0.0,0
2026-06-22 12:38:17,540.99,0.0,0.0,100.0,0.0,0,0.0,0.0,100.0,0.0,0,0.0,0.0,100.0,0.0,0,0.0,0.0,100.0,0.0,0,0.0,0.0,100.0,0.0,0,0.0,0.0,100.0,0.0,0
2026-06-22 12:38:18,541.74,0.0,0.0,100.0,0.0,0,0.0,0.0,100.0,0.0,0,0.0,0.0,100.0,0.0,0,0.0,0.0,100.0,0.0,0,0.0,0.0,100.0,0.0,0,0.0,0.0,100.0,0.0,0
2026-06-22 12:38:18,542.47,0.0,0.0,100.0,0.0,0,0.0,0.0,100.0,0.0,0,0.0,0.0,100.0,0.0,0,0.0,0.0,100.0,0.0,0,0.0,0.0,100.0,0.0,0,0.0,0.0,100.0,0.0,0
2026-06-22 12:38:19,543.22,0.0,0.0,100.0,0.0,0,0.0,0.0,100.0,0.0,0,0.0,0.0,100.0,0.0,0,0.0,0.0,100.0,0.0,0,0.0,0.0,100.0,0.0,0,0.0,0.0,100.0,0.0,0
2026-06-22 12:38:20,543.95,0.0,0.0,100.0,0.0,0,0.0,0.0,100.0,0.0,0,0.0,0.0,100.0,0.0,0,0.0,0.0,100.0,0.0,0,0.0,0.0,100.0,0.0,0,0.0,0.0,100.0,0.0,0
2026-06-22 12:38:21,544.7,0.0,0.0,100.0,0.0,0,0.0,0.0,100.0,0.0,0,0.0,0.0,100.0,0.0,0,0.0,0.0,100.0,0.0,0,0.0,0.0,100.0,0.0,0,0.0,0.0,100.0,0.0,0
2026-06-22 12:38:21,545.47,0.0,0.0,100.0,0.0,0,0.0,0.0,100.0,0.0,0,0.0,0.0,100.0,0.0,0,0.0,0.0,100.0,0.0,0,0.0,0.0,100.0,0.0,0,0.0,0.0,100.0,0.0,0
2026-06-22 12:38:22,546.21,0.0,0.0,100.0,0.0,0,0.0,0.0,100.0,0.0,0,0.0,0.0,100.0,0.0,0,0.0,0.0,100.0,0.0,0,0.0,0.0,100.0,0.0,0,0.0,0.0,100.0,0.0,0
2026-06-22 12:38:23,546.95,0.0,0.0,100.0,0.0,0,0.0,0.0,100.0,0.0,0,0.0,0.0,100.0,0.0,0,0.0,0.0,100.0,0.0,0,0.0,0.0,100.0,0.0,0,0.0,0.0,100.0,0.0,0
2026-06-22 12:38:24,547.7,0.0,0.0,100.0,0.0,0,0.0,0.0,100.0,0.0,0,0.0,0.0,100.0,0.0,0,0.0,0.0,100.0,0.0,0,0.0,0.0,100.0,0.0,0,0.0,0.0,100.0,0.0,0
2026-06-22 12:38:24,548.44,0.0,0.0,100.0,0.0,0,0.0,0.0,100.0,0.0,0,0.0,0.0,100.0,0.0,0,0.0,0.0,100.0,0.0,0,0.0,0.0,100.0,0.0,0,0.0,0.0,100.0,0.0,0
2026-06-22 12:38:25,549.21,0.0,0.0,100.0,0.0,0,0.0,0.0,100.0,0.0,0,0.0,0.0,100.0,0.0,0,0.0,0.0,100.0,0.0,0,0.0,0.0,100.0,0.0,0,0.0,0.0,100.0,0.0,0
2026-06-22 12:38:26,549.96,0.0,0.0,100.0,0.0,0,0.0,0.0,100.0,0.0,0,0.0,0.0,100.0,0.0,0,0.0,0.0,100.0,0.0,0,0.0,0.0,100.0,0.0,0,0.0,0.0,100.0,0.0,0
2026-06-22 12:38:27,550.72,0.0,0.0,100.0,0.0,0,0.0,0.0,100.0,0.0,0,0.0,0.0,100.0,0.0,0,0.0,0.0,100.0,0.0,0,0.0,0.0,100.0,0.0,0,0.0,0.0,100.0,0.0,0
2026-06-22 12:38:27,551.48,0.0,0.0,100.0,0.0,0,0.0,0.0,100.0,0.0,0,0.0,0.0,100.0,0.0,0,0.0,0.0,100.0,0.0,0,0.0,0.0,100.0,0.0,0,0.0,0.0,100.0,0.0,0
2026-06-22 12:38:28,552.24,0.0,0.0,100.0,0.0,0,0.0,0.0,100.0,0.0,0,0.0,0.0,100.0,0.0,0,0.0,0.0,100.0,0.0,0,0.0,0.0,100.0,0.0,0,0.0,0.0,100.0,0.0,0
2026-06-22 12:38:29,552.97,0.0,0.0,100.0,0.0,0,0.0,0.0,100.0,0.0,0,0.0,0.0,100.0,0.0,0,0.0,0.0,100.0,0.0,0,0.0,0.0,100.0,0.0,0,0.0,0.0,100.0,0.0,0
2026-06-22 12:38:30,553.73,0.0,0.0,100.0,0.0,0,0.0,0.0,100.0,0.0,0,0.0,0.0,100.0,0.0,0,0.0,0.0,100.0,0.0,0,0.0,0.0,100.0,0.0,0,0.0,0.0,100.0,0.0,0
2026-06-22 12:38:30,554.48,0.0,0.0,100.0,0.0,0,0.0,0.0,100.0,0.0,0,0.0,0.0,100.0,0.0,0,0.0,0.0,100.0,0.0,0,0.0,0.0,100.0,0.0,0,0.0,0.0,100.0,0.0,0
2026-06-22 12:38:31,555.23,0.0,0.0,100.0,0.0,0,0.0,0.0,100.0,0.0,0,0.0,0.0,100.0,0.0,0,0.0,0.0,100.0,0.0,0,0.0,0.0,100.0,0.0,0,0.0,0.0,100.0,0.0,0
2026-06-22 12:38:32,555.99,0.0,0.0,100.0,0.0,0,0.0,0.0,100.0,0.0,0,0.0,0.0,100.0,0.0,0,0.0,0.0,100.0,0.0,0,0.0,0.0,100.0,0.0,0,0.0,0.0,100.0,0.0,0
2026-06-22 12:38:33,556.74,0.0,0.0,100.0,0.0,0,0.0,0.0,100.0,0.0,0,0.0,0.0,100.0,0.0,0,0.0,0.0,100.0,0.0,0,0.0,0.0,100.0,0.0,0,0.0,0.0,100.0,0.0,0
2026-06-22 12:38:33,557.49,0.0,0.0,100.0,0.0,0,0.0,0.0,100.0,0.0,0,0.0,0.0,100.0,0.0,0,0.0,0.0,100.0,0.0,0,0.0,0.0,100.0,0.0,0,0.0,0.0,100.0,0.0,0
2026-06-22 12:38:34,558.23,0.0,0.0,100.0,0.0,0,0.0,0.0,100.0,0.0,0,0.0,0.0,100.0,0.0,0,0.0,0.0,100.0,0.0,0,0.0,0.0,100.0,0.0,0,0.0,0.0,100.0,0.0,0
2026-06-22 12:38:35,558.97,0.0,0.0,100.0,0.0,0,0.0,0.0,100.0,0.0,0,0.0,0.0,100.0,0.0,0,0.0,0.0,100.0,0.0,0,0.0,0.0,100.0,0.0,0,0.0,0.0,100.0,0.0,0
2026-06-22 12:38:36,559.71,0.0,0.0,100.0,0.0,0,0.0,0.0,100.0,0.0,0,0.0,0.0,100.0,0.0,0,0.0,0.0,100.0,0.0,0,0.0,0.0,100.0,0.0,0,0.0,0.0,100.0,0.0,0
2026-06-22 12:38:36,560.47,0.0,0.0,100.0,0.0,0,0.0,0.0,100.0,0.0,0,0.0,0.0,100.0,0.0,0,0.0,0.0,100.0,0.0,0,0.0,0.0,100.0,0.0,0,0.0,0.0,100.0,0.0,0
2026-06-22 12:38:37,561.2,0.0,0.0,100.0,0.0,0,0.0,0.0,100.0,0.0,0,0.0,0.0,100.0,0.0,0,0.0,0.0,100.0,0.0,0,0.0,0.0,100.0,0.0,0,0.0,0.0,100.0,0.0,0
2026-06-22 12:38:38,561.93,0.0,0.0,100.0,0.0,0,0.0,0.0,100.0,0.0,0,0.0,0.0,100.0,0.0,0,0.0,0.0,100.0,0.0,0,0.0,0.0,100.0,0.0,0,0.0,0.0,100.0,0.0,0
2026-06-22 12:38:39,562.67,0.0,0.0,100.0,0.0,0,0.0,0.0,100.0,0.0,0,0.0,0.0,100.0,0.0,0,0.0,0.0,100.0,0.0,0,0.0,0.0,100.0,0.0,0,0.0,0.0,100.0,0.0,0
2026-06-22 12:38:39,563.4,0.0,0.0,100.0,0.0,0,0.0,0.0,100.0,0.0,0,0.0,0.0,100.0,0.0,0,0.0,0.0,100.0,0.0,0,0.0,0.0,100.0,0.0,0,0.0,0.0,100.0,0.0,0
2026-06-22 12:38:40,564.14,0.0,0.0,100.0,0.0,0,0.0,0.0,100.0,0.0,0,0.0,0.0,100.0,0.0,0,0.0,0.0,100.0,0.0,0,0.0,0.0,100.0,0.0,0,0.0,0.0,100.0,0.0,0
2026-06-22 12:38:41,564.88,0.0,0.0,100.0,0.0,0,0.0,0.0,100.0,0.0,0,0.0,0.0,100.0,0.0,0,0.0,0.0,100.0,0.0,0,0.0,0.0,100.0,0.0,0,0.0,0.0,100.0,0.0,0
2026-06-22 12:38:42,565.62,0.0,0.0,100.0,0.0,0,0.0,0.0,100.0,0.0,0,0.0,0.0,100.0,0.0,0,0.0,0.0,100.0,0.0,0,0.0,0.0,100.0,0.0,0,0.0,0.0,100.0,0.0,0
2026-06-22 12:38:42,566.37,0.0,0.0,100.0,0.0,0,0.0,0.0,100.0,0.0,0,0.0,0.0,100.0,0.0,0,0.0,0.0,100.0,0.0,0,0.0,0.0,100.0,0.0,0,0.0,0.0,100.0,0.0,0
2026-06-22 12:38:43,567.11,0.0,0.0,100.0,0.0,0,0.0,0.0,100.0,0.0,0,0.0,0.0,100.0,0.0,0,0.0,0.0,100.0,0.0,0,0.0,0.0,100.0,0.0,0,0.0,0.0,100.0,0.0,0
2026-06-22 12:38:44,567.84,0.0,0.0,100.0,0.0,0,0.0,0.0,100.0,0.0,0,0.0,0.0,100.0,0.0,0,0.0,0.0,100.0,0.0,0,0.0,0.0,100.0,0.0,0,0.0,0.0,100.0,0.0,0
2026-06-22 12:38:44,568.59,0.0,0.0,100.0,0.0,0,0.0,0.0,100.0,0.0,0,0.0,0.0,100.0,0.0,0,0.0,0.0,100.0,0.0,0,0.0,0.0,100.0,0.0,0,0.0,0.0,100.0,0.0,0
2026-06-22 12:38:45,569.33,0.0,0.0,100.0,0.0,0,0.0,0.0,100.0,0.0,0,0.0,0.0,100.0,0.0,0,0.0,0.0,100.0,0.0,0,0.0,0.0,100.0,0.0,0,0.0,0.0,100.0,0.0,0
2026-06-22 12:38:46,570.08,0.0,0.0,100.0,0.0,0,0.0,0.0,100.0,0.0,0,0.0,0.0,100.0,0.0,0,0.0,0.0,100.0,0.0,0,0.0,0.0,100.0,0.0,0,0.0,0.0,100.0,0.0,0
2026-06-22 12:38:47,570.82,0.0,0.0,100.0,0.0,0,0.0,0.0,100.0,0.0,0,0.0,0.0,100.0,0.0,0,0.0,0.0,100.0,0.0,0,0.0,0.0,100.0,0.0,0,0.0,0.0,100.0,0.0,0
2026-06-22 12:38:47,571.58,0.0,0.0,100.0,0.0,0,0.0,0.0,100.0,0.0,0,0.0,0.0,100.0,0.0,0,0.0,0.0,100.0,0.0,0,0.0,0.0,100.0,0.0,0,0.0,0.0,100.0,0.0,0
2026-06-22 12:38:48,572.32,0.0,0.0,100.0,0.0,0,0.0,0.0,100.0,0.0,0,0.0,0.0,100.0,0.0,0,0.0,0.0,100.0,0.0,0,0.0,0.0,100.0,0.0,0,0.0,0.0,100.0,0.0,0
2026-06-22 12:38:49,573.08,0.0,0.0,100.0,0.0,0,0.0,0.0,100.0,0.0,0,0.0,0.0,100.0,0.0,0,0.0,0.0,100.0,0.0,0,0.0,0.0,100.0,0.0,0,0.0,0.0,100.0,0.0,0
2026-06-22 12:38:50,573.82,0.0,0.0,100.0,0.0,0,0.0,0.0,100.0,0.0,0,0.0,0.0,100.0,0.0,0,0.0,0.0,100.0,0.0,0,0.0,0.0,100.0,0.0,0,0.0,0.0,100.0,0.0,0
2026-06-22 12:38:50,574.57,0.0,0.0,100.0,0.0,0,0.0,0.0,100.0,0.0,0,0.0,0.0,100.0,0.0,0,0.0,0.0,100.0,0.0,0,0.0,0.0,100.0,0.0,0,0.0,0.0,100.0,0.0,0
2026-06-22 12:38:51,575.32,0.0,0.0,100.0,0.0,0,0.0,0.0,100.0,0.0,0,0.0,0.0,100.0,0.0,0,0.0,0.0,100.0,0.0,0,0.0,0.0,100.0,0.0,0,0.0,0.0,100.0,0.0,0
2026-06-22 12:38:52,576.06,0.0,0.0,100.0,0.0,0,0.0,0.0,100.0,0.0,0,0.0,0.0,100.0,0.0,0,0.0,0.0,100.0,0.0,0,0.0,0.0,100.0,0.0,0,0.0,0.0,100.0,0.0,0
2026-06-22 12:38:53,576.82,0.0,0.0,100.0,0.0,0,0.0,0.0,100.0,0.0,0,0.0,0.0,100.0,0.0,0,0.0,0.0,100.0,0.0,0,0.0,0.0,100.0,0.0,0,0.0,0.0,100.0,0.0,0
2026-06-22 12:38:53,577.57,0.0,0.0,100.0,0.0,0,0.0,0.0,100.0,0.0,0,0.0,0.0,100.0,0.0,0,0.0,0.0,100.0,0.0,0,0.0,0.0,100.0,0.0,0,0.0,0.0,100.0,0.0,0
2026-06-22 12:38:54,578.34,0.0,0.0,100.0,0.0,0,0.0,0.0,100.0,0.0,0,0.0,0.0,100.0,0.0,0,0.0,0.0,100.0,0.0,0,0.0,0.0,100.0,0.0,0,0.0,0.0,100.0,0.0,0
2026-06-22 12:38:55,579.09,0.0,0.0,100.0,0.0,0,0.0,0.0,100.0,0.0,0,0.0,0.0,100.0,0.0,0,0.0,0.0,100.0,0.0,0,0.0,0.0,100.0,0.0,0,0.0,0.0,100.0,0.0,0
2026-06-22 12:38:56,579.86,0.0,0.0,100.0,0.0,0,0.0,0.0,100.0,0.0,0,0.0,0.0,100.0,0.0,0,0.0,0.0,100.0,0.0,0,0.0,0.0,100.0,0.0,0,0.0,0.0,100.0,0.0,0
2026-06-22 12:38:57,580.65,0.0,0.0,100.0,0.0,0,0.0,0.0,100.0,0.0,0,0.0,0.0,100.0,0.0,0,0.0,0.0,100.0,0.0,0,0.0,0.0,100.0,0.0,0,0.0,0.0,100.0,0.0,0
2026-06-22 12:38:57,581.42,0.0,0.0,100.0,0.0,0,0.0,0.0,100.0,0.0,0,0.0,0.0,100.0,0.0,0,0.0,0.0,100.0,0.0,0,0.0,0.0,100.0,0.0,0,0.0,0.0,100.0,0.0,0
2026-06-22 12:38:58,582.17,0.0,0.0,100.0,0.0,0,0.0,0.0,100.0,0.0,0,0.0,0.0,100.0,0.0,0,0.0,0.0,100.0,0.0,0,0.0,0.0,100.0,0.0,0,0.0,0.0,100.0,0.0,0
2026-06-22 12:38:59,582.9,0.0,0.0,100.0,0.0,0,0.0,0.0,100.0,0.0,0,0.0,0.0,100.0,0.0,0,0.0,0.0,100.0,0.0,0,0.0,0.0,100.0,0.0,0,0.0,0.0,100.0,0.0,0
2026-06-22 12:39:00,583.64,0.0,0.0,100.0,0.0,0,0.0,0.0,100.0,0.0,0,0.0,0.0,100.0,0.0,0,0.0,0.0,100.0,0.0,0,0.0,0.0,100.0,0.0,0,0.0,0.0,100.0,0.0,0
2026-06-22 12:39:00,584.38,0.0,0.0,100.0,0.0,0,0.0,0.0,100.0,0.0,0,0.0,0.0,100.0,0.0,0,0.0,0.0,100.0,0.0,0,0.0,0.0,100.0,0.0,0,0.0,0.0,100.0,0.0,0
2026-06-22 12:39:01,585.11,0.0,0.0,100.0,0.0,0,0.0,0.0,100.0,0.0,0,0.0,0.0,100.0,0.0,0,0.0,0.0,100.0,0.0,0,0.0,0.0,100.0,0.0,0,0.0,0.0,100.0,0.0,0
2026-06-22 12:39:02,585.85,0.0,0.0,100.0,0.0,0,0.0,0.0,100.0,0.0,0,0.0,0.0,100.0,0.0,0,0.0,0.0,100.0,0.0,0,0.0,0.0,100.0,0.0,0,0.0,0.0,100.0,0.0,0
2026-06-22 12:39:02,586.6,0.0,0.0,100.0,0.0,0,0.0,0.0,100.0,0.0,0,0.0,0.0,100.0,0.0,0,0.0,0.0,100.0,0.0,0,0.0,0.0,100.0,0.0,0,0.0,0.0,100.0,0.0,0
2026-06-22 12:39:03,587.35,0.0,0.0,100.0,0.0,0,0.0,0.0,100.0,0.0,0,0.0,0.0,100.0,0.0,0,0.0,0.0,100.0,0.0,0,0.0,0.0,100.0,0.0,0,0.0,0.0,100.0,0.0,0
2026-06-22 12:39:04,588.11,0.0,0.0,100.0,0.0,0,0.0,0.0,100.0,0.0,0,0.0,0.0,100.0,0.0,0,0.0,0.0,100.0,0.0,0,0.0,0.0,100.0,0.0,0,0.0,0.0,100.0,0.0,0
2026-06-22 12:39:05,588.85,0.0,0.0,100.0,0.0,0,0.0,0.0,100.0,0.0,0,0.0,0.0,100.0,0.0,0,0.0,0.0,100.0,0.0,0,0.0,0.0,100.0,0.0,0,0.0,0.0,100.0,0.0,0
2026-06-22 12:39:05,589.6,0.0,0.0,100.0,0.0,0,0.0,0.0,100.0,0.0,0,0.0,0.0,100.0,0.0,0,0.0,0.0,100.0,0.0,0,0.0,0.0,100.0,0.0,0,0.0,0.0,100.0,0.0,0
2026-06-22 12:39:06,590.33,0.0,0.0,100.0,0.0,0,0.0,0.0,100.0,0.0,0,0.0,0.0,100.0,0.0,0,0.0,0.0,100.0,0.0,0,0.0,0.0,100.0,0.0,0,0.0,0.0,100.0,0.0,0
2026-06-22 12:39:07,591.1,0.0,0.0,100.0,0.0,0,0.0,0.0,100.0,0.0,0,0.0,0.0,100.0,0.0,0,0.0,0.0,100.0,0.0,0,0.0,0.0,100.0,0.0,0,0.0,0.0,100.0,0.0,0
2026-06-22 12:39:08,591.82,0.0,0.0,100.0,0.0,0,0.0,0.0,100.0,0.0,0,0.0,0.0,100.0,0.0,0,0.0,0.0,100.0,0.0,0,0.0,0.0,100.0,0.0,0,0.0,0.0,100.0,0.0,0
2026-06-22 12:39:08,592.57,0.0,0.0,100.0,0.0,0,0.0,0.0,100.0,0.0,0,0.0,0.0,100.0,0.0,0,0.0,0.0,100.0,0.0,0,0.0,0.0,100.0,0.0,0,0.0,0.0,100.0,0.0,0
2026-06-22 12:39:09,593.33,0.0,0.0,100.0,0.0,0,0.0,0.0,100.0,0.0,0,0.0,0.0,100.0,0.0,0,0.0,0.0,100.0,0.0,0,0.0,0.0,100.0,0.0,0,0.0,0.0,100.0,0.0,0
2026-06-22 12:39:10,594.08,0.0,0.0,100.0,0.0,0,0.0,0.0,100.0,0.0,0,0.0,0.0,100.0,0.0,0,0.0,0.0,100.0,0.0,0,0.0,0.0,100.0,0.0,0,0.0,0.0,100.0,0.0,0
2026-06-22 12:39:11,594.81,0.0,0.0,100.0,0.0,0,0.0,0.0,100.0,0.0,0,0.0,0.0,100.0,0.0,0,0.0,0.0,100.0,0.0,0,0.0,0.0,100.0,0.0,0,0.0,0.0,100.0,0.0,0
2026-06-22 12:39:11,595.56,0.0,0.0,100.0,0.0,0,0.0,0.0,100.0,0.0,0,0.0,0.0,100.0,0.0,0,0.0,0.0,100.0,0.0,0,0.0,0.0,100.0,0.0,0,0.0,0.0,100.0,0.0,0
2026-06-22 12:39:12,596.3,0.0,0.0,100.0,0.0,0,0.0,0.0,100.0,0.0,0,0.0,0.0,100.0,0.0,0,0.0,0.0,100.0,0.0,0,0.0,0.0,100.0,0.0,0,0.0,0.0,100.0,0.0,0
2026-06-22 12:39:13,597.04,0.0,0.0,100.0,0.0,0,0.0,0.0,100.0,0.0,0,0.0,0.0,100.0,0.0,0,0.0,0.0,100.0,0.0,0,0.0,0.0,100.0,0.0,0,0.0,0.0,100.0,0.0,0
2026-06-22 12:39:14,597.78,0.0,0.0,100.0,0.0,0,0.0,0.0,100.0,0.0,0,0.0,0.0,100.0,0.0,0,0.0,0.0,100.0,0.0,0,0.0,0.0,100.0,0.0,0,0.0,0.0,100.0,0.0,0
2026-06-22 12:39:14,598.55,0.0,0.0,100.0,0.0,0,0.0,0.0,100.0,0.0,0,0.0,0.0,100.0,0.0,0,0.0,0.0,100.0,0.0,0,0.0,0.0,100.0,0.0,0,0.0,0.0,100.0,0.0,0
2026-06-22 12:39:15,599.32,0.0,0.0,100.0,0.0,0,0.0,0.0,100.0,0.0,0,0.0,0.0,100.0,0.0,0,0.0,0.0,100.0,0.0,0,0.0,0.0,100.0,0.0,0,0.0,0.0,100.0,0.0,0
2026-06-22 12:39:16,600.06,0.0,0.0,100.0,0.0,0,0.0,0.0,100.0,0.0,0,0.0,0.0,100.0,0.0,0,0.0,0.0,100.0,0.0,0,0.0,0.0,100.0,0.0,0,0.0,0.0,100.0,0.0,0
2026-06-22 12:39:17,600.81,0.0,0.0,100.0,0.0,0,0.0,0.0,100.0,0.0,0,0.0,0.0,100.0,0.0,0,0.0,0.0,100.0,0.0,0,0.0,0.0,100.0,0.0,0,0.0,0.0,100.0,0.0,0
2026-06-22 12:39:17,601.56,0.0,0.0,100.0,0.0,0,0.0,0.0,100.0,0.0,0,0.0,0.0,100.0,0.0,0,0.0,0.0,100.0,0.0,0,0.0,0.0,100.0,0.0,0,0.0,0.0,100.0,0.0,0
2026-06-22 12:39:18,602.33,0.0,0.0,100.0,0.0,0,0.0,0.0,100.0,0.0,0,0.0,0.0,100.0,0.0,0,0.0,0.0,100.0,0.0,0,0.0,0.0,100.0,0.0,0,0.0,0.0,100.0,0.0,0
2026-06-22 12:39:19,603.07,0.0,0.0,100.0,0.0,0,0.0,0.0,100.0,0.0,0,0.0,0.0,100.0,0.0,0,0.0,0.0,100.0,0.0,0,0.0,0.0,100.0,0.0,0,0.0,0.0,100.0,0.0,0
2026-06-22 12:39:20,603.82,0.0,0.0,100.0,0.0,0,0.0,0.0,100.0,0.0,0,0.0,0.0,100.0,0.0,0,0.0,0.0,100.0,0.0,0,0.0,0.0,100.0,0.0,0,0.0,0.0,100.0,0.0,0
2026-06-22 12:39:20,604.58,0.0,0.0,100.0,0.0,0,0.0,0.0,100.0,0.0,0,0.0,0.0,100.0,0.0,0,0.0,0.0,100.0,0.0,0,0.0,0.0,100.0,0.0,0,0.0,0.0,100.0,0.0,0
2026-06-22 12:39:21,605.34,0.0,0.0,100.0,0.0,0,0.0,0.0,100.0,0.0,0,0.0,0.0,100.0,0.0,0,0.0,0.0,100.0,0.0,0,0.0,0.0,100.0,0.0,0,0.0,0.0,100.0,0.0,0
2026-06-22 12:39:22,606.07,0.0,0.0,100.0,0.0,0,0.0,0.0,100.0,0.0,0,0.0,0.0,100.0,0.0,0,0.0,0.0,100.0,0.0,0,0.0,0.0,100.0,0.0,0,0.0,0.0,100.0,0.0,0
2026-06-22 12:39:23,606.89,0.0,0.0,100.0,0.0,0,0.0,0.0,100.0,0.0,0,0.0,0.0,100.0,0.0,0,0.0,0.0,100.0,0.0,0,0.0,0.0,100.0,0.0,0,0.0,0.0,100.0,0.0,0
2026-06-22 12:39:24,607.63,0.0,0.0,100.0,0.0,0,0.0,0.0,100.0,0.0,0,0.0,0.0,100.0,0.0,0,0.0,0.0,100.0,0.0,0,0.0,0.0,100.0,0.0,0,0.0,0.0,100.0,0.0,0
2026-06-22 12:39:24,608.41,0.0,0.0,100.0,0.0,0,0.0,0.0,100.0,0.0,0,0.0,0.0,100.0,0.0,0,0.0,0.0,100.0,0.0,0,0.0,0.0,100.0,0.0,0,0.0,0.0,100.0,0.0,0
2026-06-22 12:39:25,609.18,0.0,0.0,100.0,0.0,0,0.0,0.0,100.0,0.0,0,0.0,0.0,100.0,0.0,0,0.0,0.0,100.0,0.0,0,0.0,0.0,100.0,0.0,0,0.0,0.0,100.0,0.0,0
2026-06-22 12:39:26,609.92,0.0,0.0,100.0,0.0,0,0.0,0.0,100.0,0.0,0,0.0,0.0,100.0,0.0,0,0.0,0.0,100.0,0.0,0,0.0,0.0,100.0,0.0,0,0.0,0.0,100.0,0.0,0
2026-06-22 12:39:27,610.66,0.0,0.0,100.0,0.0,0,0.0,0.0,100.0,0.0,0,0.0,0.0,100.0,0.0,0,0.0,0.0,100.0,0.0,0,0.0,0.0,100.0,0.0,0,0.0,0.0,100.0,0.0,0
2026-06-22 12:39:27,611.48,0.0,0.0,100.0,0.0,0,0.0,0.0,100.0,0.0,0,0.0,0.0,100.0,0.0,0,0.0,0.0,100.0,0.0,0,0.0,0.0,100.0,0.0,0,0.0,0.0,100.0,0.0,0
2026-06-22 12:39:28,612.22,0.0,0.0,100.0,0.0,0,0.0,0.0,100.0,0.0,0,0.0,0.0,100.0,0.0,0,0.0,0.0,100.0,0.0,0,0.0,0.0,100.0,0.0,0,0.0,0.0,100.0,0.0,0
2026-06-22 12:39:29,612.95,0.0,0.0,100.0,0.0,0,0.0,0.0,100.0,0.0,0,0.0,0.0,100.0,0.0,0,0.0,0.0,100.0,0.0,0,0.0,0.0,100.0,0.0,0,0.0,0.0,100.0,0.0,0
2026-06-22 12:39:30,613.68,0.0,0.0,100.0,0.0,0,0.0,0.0,100.0,0.0,0,0.0,0.0,100.0,0.0,0,0.0,0.0,100.0,0.0,0,0.0,0.0,100.0,0.0,0,0.0,0.0,100.0,0.0,0
2026-06-22 12:39:30,614.43,0.0,0.0,100.0,0.0,0,0.0,0.0,100.0,0.0,0,0.0,0.0,100.0,0.0,0,0.0,0.0,100.0,0.0,0,0.0,0.0,100.0,0.0,0,0.0,0.0,100.0,0.0,0
2026-06-22 12:39:31,615.17,0.0,0.0,100.0,0.0,0,0.0,0.0,100.0,0.0,0,0.0,0.0,100.0,0.0,0,0.0,0.0,100.0,0.0,0,0.0,0.0,100.0,0.0,0,0.0,0.0,100.0,0.0,0
2026-06-22 12:39:32,615.92,0.0,0.0,100.0,0.0,0,0.0,0.0,100.0,0.0,0,0.0,0.0,100.0,0.0,0,0.0,0.0,100.0,0.0,0,0.0,0.0,100.0,0.0,0,0.0,0.0,100.0,0.0,0
2026-06-22 12:39:33,616.65,0.0,0.0,100.0,0.0,0,0.0,0.0,100.0,0.0,0,0.0,0.0,100.0,0.0,0,0.0,0.0,100.0,0.0,0,0.0,0.0,100.0,0.0,0,0.0,0.0,100.0,0.0,0
2026-06-22 12:39:33,617.39,0.0,0.0,100.0,0.0,0,0.0,0.0,100.0,0.0,0,0.0,0.0,100.0,0.0,0,0.0,0.0,100.0,0.0,0,0.0,0.0,100.0,0.0,0,0.0,0.0,100.0,0.0,0
2026-06-22 12:39:34,618.15,0.0,0.0,100.0,0.0,0,0.0,0.0,100.0,0.0,0,0.0,0.0,100.0,0.0,0,0.0,0.0,100.0,0.0,0,0.0,0.0,100.0,0.0,0,0.0,0.0,100.0,0.0,0
2026-06-22 12:39:35,618.88,0.0,0.0,100.0,0.0,0,0.0,0.0,100.0,0.0,0,0.0,0.0,100.0,0.0,0,0.0,0.0,100.0,0.0,0,0.0,0.0,100.0,0.0,0,0.0,0.0,100.0,0.0,0
2026-06-22 12:39:36,619.62,0.0,0.0,100.0,0.0,0,0.0,0.0,100.0,0.0,0,0.0,0.0,100.0,0.0,0,0.0,0.0,100.0,0.0,0,0.0,0.0,100.0,0.0,0,0.0,0.0,100.0,0.0,0
2026-06-22 12:39:36,620.37,0.0,0.0,100.0,0.0,0,0.0,0.0,100.0,0.0,0,0.0,0.0,100.0,0.0,0,0.0,0.0,100.0,0.0,0,0.0,0.0,100.0,0.0,0,0.0,0.0,100.0,0.0,0
2026-06-22 12:39:37,621.1,0.0,0.0,100.0,0.0,0,0.0,0.0,100.0,0.0,0,0.0,0.0,100.0,0.0,0,0.0,0.0,100.0,0.0,0,0.0,0.0,100.0,0.0,0,0.0,0.0,100.0,0.0,0
2026-06-22 12:39:38,621.89,0.0,0.0,100.0,0.0,0,0.0,0.0,100.0,0.0,0,0.0,0.0,100.0,0.0,0,0.0,0.0,100.0,0.0,0,0.0,0.0,100.0,0.0,0,0.0,0.0,100.0,0.0,0
2026-06-22 12:39:39,622.62,0.0,0.0,100.0,0.0,0,0.0,0.0,100.0,0.0,0,0.0,0.0,100.0,0.0,0,0.0,0.0,100.0,0.0,0,0.0,0.0,100.0,0.0,0,0.0,0.0,100.0,0.0,0
2026-06-22 12:39:39,623.38,0.0,0.0,100.0,0.0,0,0.0,0.0,100.0,0.0,0,0.0,0.0,100.0,0.0,0,0.0,0.0,100.0,0.0,0,0.0,0.0,100.0,0.0,0,0.0,0.0,100.0,0.0,0
2026-06-22 12:39:40,624.13,0.0,0.0,100.0,0.0,0,0.0,0.0,100.0,0.0,0,0.0,0.0,100.0,0.0,0,0.0,0.0,100.0,0.0,0,0.0,0.0,100.0,0.0,0,0.0,0.0,100.0,0.0,0
2026-06-22 12:39:41,624.88,0.0,0.0,100.0,0.0,0,0.0,0.0,100.0,0.0,0,0.0,0.0,100.0,0.0,0,0.0,0.0,100.0,0.0,0,0.0,0.0,100.0,0.0,0,0.0,0.0,100.0,0.0,0
2026-06-22 12:39:41,625.61,0.0,0.0,100.0,0.0,0,0.0,0.0,100.0,0.0,0,0.0,0.0,100.0,0.0,0,0.0,0.0,100.0,0.0,0,0.0,0.0,100.0,0.0,0,0.0,0.0,100.0,0.0,0
2026-06-22 12:39:42,626.41,0.0,0.0,100.0,0.0,0,0.0,0.0,100.0,0.0,0,0.0,0.0,100.0,0.0,0,0.0,0.0,100.0,0.0,0,0.0,0.0,100.0,0.0,0,0.0,0.0,100.0,0.0,0
2026-06-22 12:39:43,627.19,0.0,0.0,100.0,0.0,0,0.0,0.0,100.0,0.0,0,0.0,0.0,100.0,0.0,0,0.0,0.0,100.0,0.0,0,0.0,0.0,100.0,0.0,0,0.0,0.0,100.0,0.0,0
2026-06-22 12:39:44,627.94,0.0,0.0,100.0,0.0,0,0.0,0.0,100.0,0.0,0,0.0,0.0,100.0,0.0,0,0.0,0.0,100.0,0.0,0,0.0,0.0,100.0,0.0,0,0.0,0.0,100.0,0.0,0
2026-06-22 12:39:45,628.7,0.0,0.0,100.0,0.0,0,0.0,0.0,100.0,0.0,0,0.0,0.0,100.0,0.0,0,0.0,0.0,100.0,0.0,0,0.0,0.0,100.0,0.0,0,0.0,0.0,100.0,0.0,0
2026-06-22 12:39:45,629.44,0.0,0.0,100.0,0.0,0,0.0,0.0,100.0,0.0,0,0.0,0.0,100.0,0.0,0,0.0,0.0,100.0,0.0,0,0.0,0.0,100.0,0.0,0,0.0,0.0,100.0,0.0,0
2026-06-22 12:39:46,630.18,0.0,0.0,100.0,0.0,0,0.0,0.0,100.0,0.0,0,0.0,0.0,100.0,0.0,0,0.0,0.0,100.0,0.0,0,0.0,0.0,100.0,0.0,0,0.0,0.0,100.0,0.0,0
2026-06-22 12:39:47,630.94,0.0,0.0,100.0,0.0,0,0.0,0.0,100.0,0.0,0,0.0,0.0,100.0,0.0,0,0.0,0.0,100.0,0.0,0,0.0,0.0,100.0,0.0,0,0.0,0.0,100.0,0.0,0
2026-06-22 12:39:48,631.69,0.0,0.0,100.0,0.0,0,0.0,0.0,100.0,0.0,0,0.0,0.0,100.0,0.0,0,0.0,0.0,100.0,0.0,0,0.0,0.0,100.0,0.0,0,0.0,0.0,100.0,0.0,0
2026-06-22 12:39:48,632.45,0.0,0.0,100.0,0.0,0,0.0,0.0,100.0,0.0,0,0.0,0.0,100.0,0.0,0,0.0,0.0,100.0,0.0,0,0.0,0.0,100.0,0.0,0,0.0,0.0,100.0,0.0,0
2026-06-22 12:39:49,633.21,0.0,0.0,100.0,0.0,0,0.0,0.0,100.0,0.0,0,0.0,0.0,100.0,0.0,0,0.0,0.0,100.0,0.0,0,0.0,0.0,100.0,0.0,0,0.0,0.0,100.0,0.0,0
2026-06-22 12:39:50,633.95,0.0,0.0,100.0,0.0,0,0.0,0.0,100.0,0.0,0,0.0,0.0,100.0,0.0,0,0.0,0.0,100.0,0.0,0,0.0,0.0,100.0,0.0,0,0.0,0.0,100.0,0.0,0
2026-06-22 12:39:51,634.73,0.0,0.0,100.0,0.0,0,0.0,0.0,100.0,0.0,0,0.0,0.0,100.0,0.0,0,0.0,0.0,100.0,0.0,0,0.0,0.0,100.0,0.0,0,0.0,0.0,100.0,0.0,0
2026-06-22 12:39:51,635.49,0.0,0.0,100.0,0.0,0,0.0,0.0,100.0,0.0,0,0.0,0.0,100.0,0.0,0,0.0,0.0,100.0,0.0,0,0.0,0.0,100.0,0.0,0,0.0,0.0,100.0,0.0,0
2026-06-22 12:39:52,636.26,0.0,0.0,100.0,0.0,0,0.0,0.0,100.0,0.0,0,0.0,0.0,100.0,0.0,0,0.0,0.0,100.0,0.0,0,0.0,0.0,100.0,0.0,0,0.0,0.0,100.0,0.0,0
2026-06-22 12:39:53,637.01,0.0,0.0,100.0,0.0,0,0.0,0.0,100.0,0.0,0,0.0,0.0,100.0,0.0,0,0.0,0.0,100.0,0.0,0,0.0,0.0,100.0,0.0,0,0.0,0.0,100.0,0.0,0
2026-06-22 12:39:54,637.74,0.0,0.0,100.0,0.0,0,0.0,0.0,100.0,0.0,0,0.0,0.0,100.0,0.0,0,0.0,0.0,100.0,0.0,0,0.0,0.0,100.0,0.0,0,0.0,0.0,100.0,0.0,0
2026-06-22 12:39:54,638.49,0.0,0.0,100.0,0.0,0,0.0,0.0,100.0,0.0,0,0.0,0.0,100.0,0.0,0,0.0,0.0,100.0,0.0,0,0.0,0.0,100.0,0.0,0,0.0,0.0,100.0,0.0,0
2026-06-22 12:39:55,639.22,0.0,0.0,100.0,0.0,0,0.0,0.0,100.0,0.0,0,0.0,0.0,100.0,0.0,0,0.0,0.0,100.0,0.0,0,0.0,0.0,100.0,0.0,0,0.0,0.0,100.0,0.0,0
2026-06-22 12:39:56,639.95,0.0,0.0,100.0,0.0,0,0.0,0.0,100.0,0.0,0,0.0,0.0,100.0,0.0,0,0.0,0.0,100.0,0.0,0,0.0,0.0,100.0,0.0,0,0.0,0.0,100.0,0.0,0
2026-06-22 12:39:57,640.69,0.0,0.0,100.0,0.0,0,0.0,0.0,100.0,0.0,0,0.0,0.0,100.0,0.0,0,0.0,0.0,100.0,0.0,0,0.0,0.0,100.0,0.0,0,0.0,0.0,100.0,0.0,0
2026-06-22 12:39:57,641.43,0.0,0.0,100.0,0.0,0,0.0,0.0,100.0,0.0,0,0.0,0.0,100.0,0.0,0,0.0,0.0,100.0,0.0,0,0.0,0.0,100.0,0.0,0,0.0,0.0,100.0,0.0,0
2026-06-22 12:39:58,642.17,0.0,0.0,100.0,0.0,0,0.0,0.0,100.0,0.0,0,0.0,0.0,100.0,0.0,0,0.0,0.0,100.0,0.0,0,0.0,0.0,100.0,0.0,0,0.0,0.0,100.0,0.0,0
2026-06-22 12:39:59,642.91,0.0,0.0,100.0,0.0,0,0.0,0.0,100.0,0.0,0,0.0,0.0,100.0,0.0,0,0.0,0.0,100.0,0.0,0,0.0,0.0,100.0,0.0,0,0.0,0.0,100.0,0.0,0
2026-06-22 12:40:00,643.65,0.0,0.0,100.0,0.0,0,0.0,0.0,100.0,0.0,0,0.0,0.0,100.0,0.0,0,0.0,0.0,100.0,0.0,0,0.0,0.0,100.0,0.0,0,0.0,0.0,100.0,0.0,0
2026-06-22 12:40:00,644.41,0.0,0.0,100.0,0.0,0,0.0,0.0,100.0,0.0,0,0.0,0.0,100.0,0.0,0,0.0,0.0,100.0,0.0,0,0.0,0.0,100.0,0.0,0,0.0,0.0,100.0,0.0,0
2026-06-22 12:40:01,645.15,0.0,0.0,100.0,0.0,0,0.0,0.0,100.0,0.0,0,0.0,0.0,100.0,0.0,0,0.0,0.0,100.0,0.0,0,0.0,0.0,100.0,0.0,0,0.0,0.0,100.0,0.0,0
2026-06-22 12:40:02,645.9,0.0,0.0,100.0,0.0,0,0.0,0.0,100.0,0.0,0,0.0,0.0,100.0,0.0,0,0.0,0.0,100.0,0.0,0,0.0,0.0,100.0,0.0,0,0.0,0.0,100.0,0.0,0
2026-06-22 12:40:03,646.65,0.0,0.0,100.0,0.0,0,0.0,0.0,100.0,0.0,0,0.0,0.0,100.0,0.0,0,0.0,0.0,100.0,0.0,0,0.0,0.0,100.0,0.0,0,0.0,0.0,100.0,0.0,0
2026-06-22 12:40:03,647.41,0.0,0.0,100.0,0.0,0,0.0,0.0,100.0,0.0,0,0.0,0.0,100.0,0.0,0,0.0,0.0,100.0,0.0,0,0.0,0.0,100.0,0.0,0,0.0,0.0,100.0,0.0,0
2026-06-22 12:40:04,648.13,0.0,0.0,100.0,0.0,0,0.0,0.0,100.0,0.0,0,0.0,0.0,100.0,0.0,0,0.0,0.0,100.0,0.0,0,0.0,0.0,100.0,0.0,0,0.0,0.0,100.0,0.0,0
2026-06-22 12:40:05,648.89,0.0,0.0,100.0,0.0,0,0.0,0.0,100.0,0.0,0,0.0,0.0,100.0,0.0,0,0.0,0.0,100.0,0.0,0,0.0,0.0,100.0,0.0,0,0.0,0.0,100.0,0.0,0
2026-06-22 12:40:06,649.62,0.0,0.0,100.0,0.0,0,0.0,0.0,100.0,0.0,0,0.0,0.0,100.0,0.0,0,0.0,0.0,100.0,0.0,0,0.0,0.0,100.0,0.0,0,0.0,0.0,100.0,0.0,0
2026-06-22 12:40:06,650.37,0.0,0.0,100.0,0.0,0,0.0,0.0,100.0,0.0,0,0.0,0.0,100.0,0.0,0,0.0,0.0,100.0,0.0,0,0.0,0.0,100.0,0.0,0,0.0,0.0,100.0,0.0,0
2026-06-22 12:40:07,651.13,0.0,0.0,100.0,0.0,0,0.0,0.0,100.0,0.0,0,0.0,0.0,100.0,0.0,0,0.0,0.0,100.0,0.0,0,0.0,0.0,100.0,0.0,0,0.0,0.0,100.0,0.0,0
2026-06-22 12:40:08,651.87,0.0,0.0,100.0,0.0,0,0.0,0.0,100.0,0.0,0,0.0,0.0,100.0,0.0,0,0.0,0.0,100.0,0.0,0,0.0,0.0,100.0,0.0,0,0.0,0.0,100.0,0.0,0
2026-06-22 12:40:09,652.64,0.0,0.0,100.0,0.0,0,0.0,0.0,100.0,0.0,0,0.0,0.0,100.0,0.0,0,0.0,0.0,100.0,0.0,0,0.0,0.0,100.0,0.0,0,0.0,0.0,100.0,0.0,0
2026-06-22 12:40:09,653.39,0.0,0.0,100.0,0.0,0,0.0,0.0,100.0,0.0,0,0.0,0.0,100.0,0.0,0,0.0,0.0,100.0,0.0,0,0.0,0.0,100.0,0.0,0,0.0,0.0,100.0,0.0,0
2026-06-22 12:40:10,654.13,0.0,0.0,100.0,0.0,0,0.0,0.0,100.0,0.0,0,0.0,0.0,100.0,0.0,0,0.0,0.0,100.0,0.0,0,0.0,0.0,100.0,0.0,0,0.0,0.0,100.0,0.0,0
2026-06-22 12:40:11,654.87,0.0,0.0,100.0,0.0,0,0.0,0.0,100.0,0.0,0,0.0,0.0,100.0,0.0,0,0.0,0.0,100.0,0.0,0,0.0,0.0,100.0,0.0,0,0.0,0.0,100.0,0.0,0
2026-06-22 12:40:11,655.61,0.0,0.0,100.0,0.0,0,0.0,0.0,100.0,0.0,0,0.0,0.0,100.0,0.0,0,0.0,0.0,100.0,0.0,0,0.0,0.0,100.0,0.0,0,0.0,0.0,100.0,0.0,0
2026-06-22 12:40:12,656.37,0.0,0.0,100.0,0.0,0,0.0,0.0,100.0,0.0,0,0.0,0.0,100.0,0.0,0,0.0,0.0,100.0,0.0,0,0.0,0.0,100.0,0.0,0,0.0,0.0,100.0,0.0,0
2026-06-22 12:40:13,657.11,0.0,0.0,100.0,0.0,0,0.0,0.0,100.0,0.0,0,0.0,0.0,100.0,0.0,0,0.0,0.0,100.0,0.0,0,0.0,0.0,100.0,0.0,0,0.0,0.0,100.0,0.0,0
2026-06-22 12:40:14,657.83,0.0,0.0,100.0,0.0,0,0.0,0.0,100.0,0.0,0,0.0,0.0,100.0,0.0,0,0.0,0.0,100.0,0.0,0,0.0,0.0,100.0,0.0,0,0.0,0.0,100.0,0.0,0
2026-06-22 12:40:15,658.62,0.0,0.0,100.0,0.0,0,0.0,0.0,100.0,0.0,0,0.0,0.0,100.0,0.0,0,0.0,0.0,100.0,0.0,0,0.0,0.0,100.0,0.0,0,0.0,0.0,100.0,0.0,0
2026-06-22 12:40:15,659.38,0.0,0.0,100.0,0.0,0,0.0,0.0,100.0,0.0,0,0.0,0.0,100.0,0.0,0,0.0,0.0,100.0,0.0,0,0.0,0.0,100.0,0.0,0,0.0,0.0,100.0,0.0,0
2026-06-22 12:40:16,660.12,0.0,0.0,100.0,0.0,0,0.0,0.0,100.0,0.0,0,0.0,0.0,100.0,0.0,0,0.0,0.0,100.0,0.0,0,0.0,0.0,100.0,0.0,0,0.0,0.0,100.0,0.0,0
2026-06-22 12:40:17,660.85,0.0,0.0,100.0,0.0,0,0.0,0.0,100.0,0.0,0,0.0,0.0,100.0,0.0,0,0.0,0.0,100.0,0.0,0,0.0,0.0,100.0,0.0,0,0.0,0.0,100.0,0.0,0
2026-06-22 12:40:18,661.64,0.0,0.0,100.0,0.0,0,0.0,0.0,100.0,0.0,0,0.0,0.0,100.0,0.0,0,0.0,0.0,100.0,0.0,0,0.0,0.0,100.0,0.0,0,0.0,0.0,100.0,0.0,0
2026-06-22 12:40:18,662.39,0.0,0.0,100.0,0.0,0,0.0,0.0,100.0,0.0,0,0.0,0.0,100.0,0.0,0,0.0,0.0,100.0,0.0,0,0.0,0.0,100.0,0.0,0,0.0,0.0,100.0,0.0,0
2026-06-22 12:40:19,663.13,0.0,0.0,100.0,0.0,0,0.0,0.0,100.0,0.0,0,0.0,0.0,100.0,0.0,0,0.0,0.0,100.0,0.0,0,0.0,0.0,100.0,0.0,0,0.0,0.0,100.0,0.0,0
2026-06-22 12:40:20,663.88,0.0,0.0,100.0,0.0,0,0.0,0.0,100.0,0.0,0,0.0,0.0,100.0,0.0,0,0.0,0.0,100.0,0.0,0,0.0,0.0,100.0,0.0,0,0.0,0.0,100.0,0.0,0
2026-06-22 12:40:21,664.68,0.0,0.0,100.0,0.0,0,0.0,0.0,100.0,0.0,0,0.0,0.0,100.0,0.0,0,0.0,0.0,100.0,0.0,0,0.0,0.0,100.0,0.0,0,0.0,0.0,100.0,0.0,0
2026-06-22 12:40:21,665.41,0.0,0.0,100.0,0.0,0,0.0,0.0,100.0,0.0,0,0.0,0.0,100.0,0.0,0,0.0,0.0,100.0,0.0,0,0.0,0.0,100.0,0.0,0,0.0,0.0,100.0,0.0,0
2026-06-22 12:40:22,666.22,0.0,0.0,100.0,0.0,0,0.0,0.0,100.0,0.0,0,0.0,0.0,100.0,0.0,0,0.0,0.0,100.0,0.0,0,0.0,0.0,100.0,0.0,0,0.0,0.0,100.0,0.0,0
2026-06-22 12:40:23,666.97,0.0,0.0,100.0,0.0,0,0.0,0.0,100.0,0.0,0,0.0,0.0,100.0,0.0,0,0.0,0.0,100.0,0.0,0,0.0,0.0,100.0,0.0,0,0.0,0.0,100.0,0.0,0
2026-06-22 12:40:24,667.7,0.0,0.0,100.0,0.0,0,0.0,0.0,100.0,0.0,0,0.0,0.0,100.0,0.0,0,0.0,0.0,100.0,0.0,0,0.0,0.0,100.0,0.0,0,0.0,0.0,100.0,0.0,0
2026-06-22 12:40:24,668.46,0.0,0.0,100.0,0.0,0,0.0,0.0,100.0,0.0,0,0.0,0.0,100.0,0.0,0,0.0,0.0,100.0,0.0,0,0.0,0.0,100.0,0.0,0,0.0,0.0,100.0,0.0,0
2026-06-22 12:40:25,669.21,0.0,0.0,100.0,0.0,0,0.0,0.0,100.0,0.0,0,0.0,0.0,100.0,0.0,0,0.0,0.0,100.0,0.0,0,0.0,0.0,100.0,0.0,0,0.0,0.0,100.0,0.0,0
2026-06-22 12:40:26,669.96,0.0,0.0,100.0,0.0,0,0.0,0.0,100.0,0.0,0,0.0,0.0,100.0,0.0,0,0.0,0.0,100.0,0.0,0,0.0,0.0,100.0,0.0,0,0.0,0.0,100.0,0.0,0
2026-06-22 12:40:27,670.71,0.0,0.0,100.0,0.0,0,0.0,0.0,100.0,0.0,0,0.0,0.0,100.0,0.0,0,0.0,0.0,100.0,0.0,0,0.0,0.0,100.0,0.0,0,0.0,0.0,100.0,0.0,0
2026-06-22 12:40:27,671.5,0.0,0.0,100.0,0.0,0,0.0,0.0,100.0,0.0,0,0.0,0.0,100.0,0.0,0,0.0,0.0,100.0,0.0,0,0.0,0.0,100.0,0.0,0,0.0,0.0,100.0,0.0,0
2026-06-22 12:40:28,672.25,0.0,0.0,100.0,0.0,0,0.0,0.0,100.0,0.0,0,0.0,0.0,100.0,0.0,0,0.0,0.0,100.0,0.0,0,0.0,0.0,100.0,0.0,0,0.0,0.0,100.0,0.0,0
2026-06-22 12:40:29,672.98,0.0,0.0,100.0,0.0,0,0.0,0.0,100.0,0.0,0,0.0,0.0,100.0,0.0,0,0.0,0.0,100.0,0.0,0,0.0,0.0,100.0,0.0,0,0.0,0.0,100.0,0.0,0
2026-06-22 12:40:30,673.75,0.0,0.0,100.0,0.0,0,0.0,0.0,100.0,0.0,0,0.0,0.0,100.0,0.0,0,0.0,0.0,100.0,0.0,0,0.0,0.0,100.0,0.0,0,0.0,0.0,100.0,0.0,0
2026-06-22 12:40:30,674.5,0.0,0.0,100.0,0.0,0,0.0,0.0,100.0,0.0,0,0.0,0.0,100.0,0.0,0,0.0,0.0,100.0,0.0,0,0.0,0.0,100.0,0.0,0,0.0,0.0,100.0,0.0,0
2026-06-22 12:40:31,675.27,0.0,0.0,100.0,0.0,0,0.0,0.0,100.0,0.0,0,0.0,0.0,100.0,0.0,0,0.0,0.0,100.0,0.0,0,0.0,0.0,100.0,0.0,0,0.0,0.0,100.0,0.0,0
2026-06-22 12:40:32,676.03,0.0,0.0,100.0,0.0,0,0.0,0.0,100.0,0.0,0,0.0,0.0,100.0,0.0,0,0.0,0.0,100.0,0.0,0,0.0,0.0,100.0,0.0,0,0.0,0.0,100.0,0.0,0
2026-06-22 12:40:33,676.76,0.0,0.0,100.0,0.0,0,0.0,0.0,100.0,0.0,0,0.0,0.0,100.0,0.0,0,0.0,0.0,100.0,0.0,0,0.0,0.0,100.0,0.0,0,0.0,0.0,100.0,0.0,0
2026-06-22 12:40:33,677.53,0.0,0.0,100.0,0.0,0,0.0,0.0,100.0,0.0,0,0.0,0.0,100.0,0.0,0,0.0,0.0,100.0,0.0,0,0.0,0.0,100.0,0.0,0,0.0,0.0,100.0,0.0,0
2026-06-22 12:40:34,678.3,0.0,0.0,100.0,0.0,0,0.0,0.0,100.0,0.0,0,0.0,0.0,100.0,0.0,0,0.0,0.0,100.0,0.0,0,0.0,0.0,100.0,0.0,0,0.0,0.0,100.0,0.0,0
2026-06-22 12:40:35,679.05,0.0,0.0,100.0,0.0,0,0.0,0.0,100.0,0.0,0,0.0,0.0,100.0,0.0,0,0.0,0.0,100.0,0.0,0,0.0,0.0,100.0,0.0,0,0.0,0.0,100.0,0.0,0
2026-06-22 12:40:36,679.79,0.0,0.0,100.0,0.0,0,0.0,0.0,100.0,0.0,0,0.0,0.0,100.0,0.0,0,0.0,0.0,100.0,0.0,0,0.0,0.0,100.0,0.0,0,0.0,0.0,100.0,0.0,0
2026-06-22 12:40:36,680.53,0.0,0.0,100.0,0.0,0,0.0,0.0,100.0,0.0,0,0.0,0.0,100.0,0.0,0,0.0,0.0,100.0,0.0,0,0.0,0.0,100.0,0.0,0,0.0,0.0,100.0,0.0,0
2026-06-22 12:40:37,681.28,0.0,0.0,100.0,0.0,0,0.0,0.0,100.0,0.0,0,0.0,0.0,100.0,0.0,0,0.0,0.0,100.0,0.0,0,0.0,0.0,100.0,0.0,0,0.0,0.0,100.0,0.0,0
2026-06-22 12:40:38,682.03,0.0,0.0,100.0,0.0,0,0.0,0.0,100.0,0.0,0,0.0,0.0,100.0,0.0,0,0.0,0.0,100.0,0.0,0,0.0,0.0,100.0,0.0,0,0.0,0.0,100.0,0.0,0
2026-06-22 12:40:39,682.78,0.0,0.0,100.0,0.0,0,0.0,0.0,100.0,0.0,0,0.0,0.0,100.0,0.0,0,0.0,0.0,100.0,0.0,0,0.0,0.0,100.0,0.0,0,0.0,0.0,100.0,0.0,0
2026-06-22 12:40:39,683.52,0.0,0.0,100.0,0.0,0,0.0,0.0,100.0,0.0,0,0.0,0.0,100.0,0.0,0,0.0,0.0,100.0,0.0,0,0.0,0.0,100.0,0.0,0,0.0,0.0,100.0,0.0,0
2026-06-22 12:40:40,684.27,0.0,0.0,100.0,0.0,0,0.0,0.0,100.0,0.0,0,0.0,0.0,100.0,0.0,0,0.0,0.0,100.0,0.0,0,0.0,0.0,100.0,0.0,0,0.0,0.0,100.0,0.0,0
2026-06-22 12:40:41,685.0,0.0,0.0,100.0,0.0,0,0.0,0.0,100.0,0.0,0,0.0,0.0,100.0,0.0,0,0.0,0.0,100.0,0.0,0,0.0,0.0,100.0,0.0,0,0.0,0.0,100.0,0.0,0
2026-06-22 12:40:42,685.73,0.0,0.0,100.0,0.0,0,0.0,0.0,100.0,0.0,0,0.0,0.0,100.0,0.0,0,0.0,0.0,100.0,0.0,0,0.0,0.0,100.0,0.0,0,0.0,0.0,100.0,0.0,0
2026-06-22 12:40:42,686.47,0.0,0.0,100.0,0.0,0,0.0,0.0,100.0,0.0,0,0.0,0.0,100.0,0.0,0,0.0,0.0,100.0,0.0,0,0.0,0.0,100.0,0.0,0,0.0,0.0,100.0,0.0,0
2026-06-22 12:40:43,687.21,0.0,0.0,100.0,0.0,0,0.0,0.0,100.0,0.0,0,0.0,0.0,100.0,0.0,0,0.0,0.0,100.0,0.0,0,0.0,0.0,100.0,0.0,0,0.0,0.0,100.0,0.0,0
2026-06-22 12:40:44,687.95,0.0,0.0,100.0,0.0,0,0.0,0.0,100.0,0.0,0,0.0,0.0,100.0,0.0,0,0.0,0.0,100.0,0.0,0,0.0,0.0,100.0,0.0,0,0.0,0.0,100.0,0.0,0
2026-06-22 12:40:45,688.7,0.0,0.0,100.0,0.0,0,0.0,0.0,100.0,0.0,0,0.0,0.0,100.0,0.0,0,0.0,0.0,100.0,0.0,0,0.0,0.0,100.0,0.0,0,0.0,0.0,100.0,0.0,0
2026-06-22 12:40:45,689.43,0.0,0.0,100.0,0.0,0,0.0,0.0,100.0,0.0,0,0.0,0.0,100.0,0.0,0,0.0,0.0,100.0,0.0,0,0.0,0.0,100.0,0.0,0,0.0,0.0,100.0,0.0,0
2026-06-22 12:40:46,690.17,0.0,0.0,100.0,0.0,0,0.0,0.0,100.0,0.0,0,0.0,0.0,100.0,0.0,0,0.0,0.0,100.0,0.0,0,0.0,0.0,100.0,0.0,0,0.0,0.0,100.0,0.0,0
2026-06-22 12:40:47,690.9,0.0,0.0,100.0,0.0,0,0.0,0.0,100.0,0.0,0,0.0,0.0,100.0,0.0,0,0.0,0.0,100.0,0.0,0,0.0,0.0,100.0,0.0,0,0.0,0.0,100.0,0.0,0
2026-06-22 12:40:48,691.64,0.0,0.0,100.0,0.0,0,0.0,0.0,100.0,0.0,0,0.0,0.0,100.0,0.0,0,0.0,0.0,100.0,0.0,0,0.0,0.0,100.0,0.0,0,0.0,0.0,100.0,0.0,0
2026-06-22 12:40:48,692.39,0.0,0.0,100.0,0.0,0,0.0,0.0,100.0,0.0,0,0.0,0.0,100.0,0.0,0,0.0,0.0,100.0,0.0,0,0.0,0.0,100.0,0.0,0,0.0,0.0,100.0,0.0,0
2026-06-22 12:40:49,693.13,0.0,0.0,100.0,0.0,0,0.0,0.0,100.0,0.0,0,0.0,0.0,100.0,0.0,0,0.0,0.0,100.0,0.0,0,0.0,0.0,100.0,0.0,0,0.0,0.0,100.0,0.0,0
2026-06-22 12:40:50,693.87,0.0,0.0,100.0,0.0,0,0.0,0.0,100.0,0.0,0,0.0,0.0,100.0,0.0,0,0.0,0.0,100.0,0.0,0,0.0,0.0,100.0,0.0,0,0.0,0.0,100.0,0.0,0
2026-06-22 12:40:50,694.6,0.0,0.0,100.0,0.0,0,0.0,0.0,100.0,0.0,0,0.0,0.0,100.0,0.0,0,0.0,0.0,100.0,0.0,0,0.0,0.0,100.0,0.0,0,0.0,0.0,100.0,0.0,0
2026-06-22 12:40:51,695.35,0.0,0.0,100.0,0.0,0,0.0,0.0,100.0,0.0,0,0.0,0.0,100.0,0.0,0,0.0,0.0,100.0,0.0,0,0.0,0.0,100.0,0.0,0,0.0,0.0,100.0,0.0,0
2026-06-22 12:40:52,696.09,0.0,0.0,100.0,0.0,0,0.0,0.0,100.0,0.0,0,0.0,0.0,100.0,0.0,0,0.0,0.0,100.0,0.0,0,0.0,0.0,100.0,0.0,0,0.0,0.0,100.0,0.0,0
2026-06-22 12:40:53,696.83,0.0,0.0,100.0,0.0,0,0.0,0.0,100.0,0.0,0,0.0,0.0,100.0,0.0,0,0.0,0.0,100.0,0.0,0,0.0,0.0,100.0,0.0,0,0.0,0.0,100.0,0.0,0
2026-06-22 12:40:53,697.56,0.0,0.0,100.0,0.0,0,0.0,0.0,100.0,0.0,0,0.0,0.0,100.0,0.0,0,0.0,0.0,100.0,0.0,0,0.0,0.0,100.0,0.0,0,0.0,0.0,100.0,0.0,0
2026-06-22 12:40:54,698.34,0.0,0.0,100.0,0.0,0,0.0,0.0,100.0,0.0,0,0.0,0.0,100.0,0.0,0,0.0,0.0,100.0,0.0,0,0.0,0.0,100.0,0.0,0,0.0,0.0,100.0,0.0,0
2026-06-22 12:40:55,699.07,0.0,0.0,100.0,0.0,0,0.0,0.0,100.0,0.0,0,0.0,0.0,100.0,0.0,0,0.0,0.0,100.0,0.0,0,0.0,0.0,100.0,0.0,0,0.0,0.0,100.0,0.0,0
2026-06-22 12:40:56,699.82,0.0,0.0,100.0,0.0,0,0.0,0.0,100.0,0.0,0,0.0,0.0,100.0,0.0,0,0.0,0.0,100.0,0.0,0,0.0,0.0,100.0,0.0,0,0.0,0.0,100.0,0.0,0
2026-06-22 12:40:56,700.56,0.0,0.0,100.0,0.0,0,0.0,0.0,100.0,0.0,0,0.0,0.0,100.0,0.0,0,0.0,0.0,100.0,0.0,0,0.0,0.0,100.0,0.0,0,0.0,0.0,100.0,0.0,0
2026-06-22 12:40:57,701.32,0.0,0.0,100.0,0.0,0,0.0,0.0,100.0,0.0,0,0.0,0.0,100.0,0.0,0,0.0,0.0,100.0,0.0,0,0.0,0.0,100.0,0.0,0,0.0,0.0,100.0,0.0,0
2026-06-22 12:40:58,702.06,0.0,0.0,100.0,0.0,0,0.0,0.0,100.0,0.0,0,0.0,0.0,100.0,0.0,0,0.0,0.0,100.0,0.0,0,0.0,0.0,100.0,0.0,0,0.0,0.0,100.0,0.0,0
2026-06-22 12:40:59,702.78,0.0,0.0,100.0,0.0,0,0.0,0.0,100.0,0.0,0,0.0,0.0,100.0,0.0,0,0.0,0.0,100.0,0.0,0,0.0,0.0,100.0,0.0,0,0.0,0.0,100.0,0.0,0
2026-06-22 12:40:59,703.54,0.0,0.0,100.0,0.0,0,0.0,0.0,100.0,0.0,0,0.0,0.0,100.0,0.0,0,0.0,0.0,100.0,0.0,0,0.0,0.0,100.0,0.0,0,0.0,0.0,100.0,0.0,0
2026-06-22 12:41:00,704.28,0.0,0.0,100.0,0.0,0,0.0,0.0,100.0,0.0,0,0.0,0.0,100.0,0.0,0,0.0,0.0,100.0,0.0,0,0.0,0.0,100.0,0.0,0,0.0,0.0,100.0,0.0,0
2026-06-22 12:41:01,705.01,0.0,0.0,100.0,0.0,0,0.0,0.0,100.0,0.0,0,0.0,0.0,100.0,0.0,0,0.0,0.0,100.0,0.0,0,0.0,0.0,100.0,0.0,0,0.0,0.0,100.0,0.0,0
2026-06-22 12:41:02,705.75,0.0,0.0,100.0,0.0,0,0.0,0.0,100.0,0.0,0,0.0,0.0,100.0,0.0,0,0.0,0.0,100.0,0.0,0,0.0,0.0,100.0,0.0,0,0.0,0.0,100.0,0.0,0
2026-06-22 12:41:02,706.5,0.0,0.0,100.0,0.0,0,0.0,0.0,100.0,0.0,0,0.0,0.0,100.0,0.0,0,0.0,0.0,100.0,0.0,0,0.0,0.0,100.0,0.0,0,0.0,0.0,100.0,0.0,0
2026-06-22 12:41:03,707.23,0.0,0.0,100.0,0.0,0,0.0,0.0,100.0,0.0,0,0.0,0.0,100.0,0.0,0,0.0,0.0,100.0,0.0,0,0.0,0.0,100.0,0.0,0,0.0,0.0,100.0,0.0,0
2026-06-22 12:41:04,707.99,0.0,0.0,100.0,0.0,0,0.0,0.0,100.0,0.0,0,0.0,0.0,100.0,0.0,0,0.0,0.0,100.0,0.0,0,0.0,0.0,100.0,0.0,0,0.0,0.0,100.0,0.0,0
2026-06-22 12:41:05,708.74,0.0,0.0,100.0,0.0,0,0.0,0.0,100.0,0.0,0,0.0,0.0,100.0,0.0,0,0.0,0.0,100.0,0.0,0,0.0,0.0,100.0,0.0,0,0.0,0.0,100.0,0.0,0
2026-06-22 12:41:05,709.52,0.0,0.0,100.0,0.0,0,0.0,0.0,100.0,0.0,0,0.0,0.0,100.0,0.0,0,0.0,0.0,100.0,0.0,0,0.0,0.0,100.0,0.0,0,0.0,0.0,100.0,0.0,0
2026-06-22 12:41:06,710.26,0.0,0.0,100.0,0.0,0,0.0,0.0,100.0,0.0,0,0.0,0.0,100.0,0.0,0,0.0,0.0,100.0,0.0,0,0.0,0.0,100.0,0.0,0,0.0,0.0,100.0,0.0,0
2026-06-22 12:41:07,711.02,0.0,0.0,100.0,0.0,0,0.0,0.0,100.0,0.0,0,0.0,0.0,100.0,0.0,0,0.0,0.0,100.0,0.0,0,0.0,0.0,100.0,0.0,0,0.0,0.0,100.0,0.0,0
2026-06-22 12:41:08,711.75,0.0,0.0,100.0,0.0,0,0.0,0.0,100.0,0.0,0,0.0,0.0,100.0,0.0,0,0.0,0.0,100.0,0.0,0,0.0,0.0,100.0,0.0,0,0.0,0.0,100.0,0.0,0
2026-06-22 12:41:08,712.51,0.0,0.0,100.0,0.0,0,0.0,0.0,100.0,0.0,0,0.0,0.0,100.0,0.0,0,0.0,0.0,100.0,0.0,0,0.0,0.0,100.0,0.0,0,0.0,0.0,100.0,0.0,0
2026-06-22 12:41:09,713.26,0.0,0.0,100.0,0.0,0,0.0,0.0,100.0,0.0,0,0.0,0.0,100.0,0.0,0,0.0,0.0,100.0,0.0,0,0.0,0.0,100.0,0.0,0,0.0,0.0,100.0,0.0,0
2026-06-22 12:41:10,714.03,0.0,0.0,100.0,0.0,0,0.0,0.0,100.0,0.0,0,0.0,0.0,100.0,0.0,0,0.0,0.0,100.0,0.0,0,0.0,0.0,100.0,0.0,0,0.0,0.0,100.0,0.0,0
2026-06-22 12:41:11,714.79,0.0,0.0,100.0,0.0,0,0.0,0.0,100.0,0.0,0,0.0,0.0,100.0,0.0,0,0.0,0.0,100.0,0.0,0,0.0,0.0,100.0,0.0,0,0.0,0.0,100.0,0.0,0
2026-06-22 12:41:12,715.62,0.0,0.0,100.0,0.0,0,0.0,0.0,100.0,0.0,0,0.0,0.0,100.0,0.0,0,0.0,0.0,100.0,0.0,0,0.0,0.0,100.0,0.0,0,0.0,0.0,100.0,0.0,0
2026-06-22 12:41:12,716.39,0.0,0.0,100.0,0.0,0,0.0,0.0,100.0,0.0,0,0.0,0.0,100.0,0.0,0,0.0,0.0,100.0,0.0,0,0.0,0.0,100.0,0.0,0,0.0,0.0,100.0,0.0,0
2026-06-22 12:41:13,717.15,0.0,0.0,100.0,0.0,0,0.0,0.0,100.0,0.0,0,0.0,0.0,100.0,0.0,0,0.0,0.0,100.0,0.0,0,0.0,0.0,100.0,0.0,0,0.0,0.0,100.0,0.0,0
2026-06-22 12:41:14,717.91,0.0,0.0,100.0,0.0,0,0.0,0.0,100.0,0.0,0,0.0,0.0,100.0,0.0,0,0.0,0.0,100.0,0.0,0,0.0,0.0,100.0,0.0,0,0.0,0.0,100.0,0.0,0
2026-06-22 12:41:15,718.65,0.0,0.0,100.0,0.0,0,0.0,0.0,100.0,0.0,0,0.0,0.0,100.0,0.0,0,0.0,0.0,100.0,0.0,0,0.0,0.0,100.0,0.0,0,0.0,0.0,100.0,0.0,0
2026-06-22 12:41:15,719.41,0.0,0.0,100.0,0.0,0,0.0,0.0,100.0,0.0,0,0.0,0.0,100.0,0.0,0,0.0,0.0,100.0,0.0,0,0.0,0.0,100.0,0.0,0,0.0,0.0,100.0,0.0,0
2026-06-22 12:41:16,720.14,0.0,0.0,100.0,0.0,0,0.0,0.0,100.0,0.0,0,0.0,0.0,100.0,0.0,0,0.0,0.0,100.0,0.0,0,0.0,0.0,100.0,0.0,0,0.0,0.0,100.0,0.0,0
2026-06-22 12:41:17,720.88,0.0,0.0,100.0,0.0,0,0.0,0.0,100.0,0.0,0,0.0,0.0,100.0,0.0,0,0.0,0.0,100.0,0.0,0,0.0,0.0,100.0,0.0,0,0.0,0.0,100.0,0.0,0
2026-06-22 12:41:18,721.63,0.0,0.0,100.0,0.0,0,0.0,0.0,100.0,0.0,0,0.0,0.0,100.0,0.0,0,0.0,0.0,100.0,0.0,0,0.0,0.0,100.0,0.0,0,0.0,0.0,100.0,0.0,0
2026-06-22 12:41:18,722.37,0.0,0.0,100.0,0.0,0,0.0,0.0,100.0,0.0,0,0.0,0.0,100.0,0.0,0,0.0,0.0,100.0,0.0,0,0.0,0.0,100.0,0.0,0,0.0,0.0,100.0,0.0,0
2026-06-22 12:41:19,723.13,0.0,0.0,100.0,0.0,0,0.0,0.0,100.0,0.0,0,0.0,0.0,100.0,0.0,0,0.0,0.0,100.0,0.0,0,0.0,0.0,100.0,0.0,0,0.0,0.0,100.0,0.0,0
2026-06-22 12:41:20,723.86,0.0,0.0,100.0,0.0,0,0.0,0.0,100.0,0.0,0,0.0,0.0,100.0,0.0,0,0.0,0.0,100.0,0.0,0,0.0,0.0,100.0,0.0,0,0.0,0.0,100.0,0.0,0
2026-06-22 12:41:21,724.61,0.0,0.0,100.0,0.0,0,0.0,0.0,100.0,0.0,0,0.0,0.0,100.0,0.0,0,0.0,0.0,100.0,0.0,0,0.0,0.0,100.0,0.0,0,0.0,0.0,100.0,0.0,0
2026-06-22 12:41:21,725.38,0.0,0.0,100.0,0.0,0,0.0,0.0,100.0,0.0,0,0.0,0.0,100.0,0.0,0,0.0,0.0,100.0,0.0,0,0.0,0.0,100.0,0.0,0,0.0,0.0,100.0,0.0,0
2026-06-22 12:41:22,726.13,0.0,0.0,100.0,0.0,0,0.0,0.0,100.0,0.0,0,0.0,0.0,100.0,0.0,0,0.0,0.0,100.0,0.0,0,0.0,0.0,100.0,0.0,0,0.0,0.0,100.0,0.0,0
2026-06-22 12:41:23,726.89,0.0,0.0,100.0,0.0,0,0.0,0.0,100.0,0.0,0,0.0,0.0,100.0,0.0,0,0.0,0.0,100.0,0.0,0,0.0,0.0,100.0,0.0,0,0.0,0.0,100.0,0.0,0
2026-06-22 12:41:24,727.64,0.0,0.0,100.0,0.0,0,0.0,0.0,100.0,0.0,0,0.0,0.0,100.0,0.0,0,0.0,0.0,100.0,0.0,0,0.0,0.0,100.0,0.0,0,0.0,0.0,100.0,0.0,0
2026-06-22 12:41:24,728.4,0.0,0.0,100.0,0.0,0,0.0,0.0,100.0,0.0,0,0.0,0.0,100.0,0.0,0,0.0,0.0,100.0,0.0,0,0.0,0.0,100.0,0.0,0,0.0,0.0,100.0,0.0,0
2026-06-22 12:41:25,729.14,0.0,0.0,100.0,0.0,0,0.0,0.0,100.0,0.0,0,0.0,0.0,100.0,0.0,0,0.0,0.0,100.0,0.0,0,0.0,0.0,100.0,0.0,0,0.0,0.0,100.0,0.0,0
2026-06-22 12:41:26,729.88,0.0,0.0,100.0,0.0,0,0.0,0.0,100.0,0.0,0,0.0,0.0,100.0,0.0,0,0.0,0.0,100.0,0.0,0,0.0,0.0,100.0,0.0,0,0.0,0.0,100.0,0.0,0
2026-06-22 12:41:27,730.66,0.0,0.0,100.0,0.0,0,0.0,0.0,100.0,0.0,0,0.0,0.0,100.0,0.0,0,0.0,0.0,100.0,0.0,0,0.0,0.0,100.0,0.0,0,0.0,0.0,100.0,0.0,0
2026-06-22 12:41:27,731.51,0.0,0.0,100.0,0.0,0,0.0,0.0,100.0,0.0,0,0.0,0.0,100.0,0.0,0,0.0,0.0,100.0,0.0,0,0.0,0.0,100.0,0.0,0,0.0,0.0,100.0,0.0,0
2026-06-22 12:41:28,732.28,0.0,0.0,100.0,0.0,0,0.0,0.0,100.0,0.0,0,0.0,0.0,100.0,0.0,0,0.0,0.0,100.0,0.0,0,0.0,0.0,100.0,0.0,0,0.0,0.0,100.0,0.0,0
2026-06-22 12:41:29,733.01,0.0,0.0,100.0,0.0,0,0.0,0.0,100.0,0.0,0,0.0,0.0,100.0,0.0,0,0.0,0.0,100.0,0.0,0,0.0,0.0,100.0,0.0,0,0.0,0.0,100.0,0.0,0
2026-06-22 12:41:30,733.77,0.0,0.0,100.0,0.0,0,0.0,0.0,100.0,0.0,0,0.0,0.0,100.0,0.0,0,0.0,0.0,100.0,0.0,0,0.0,0.0,100.0,0.0,0,0.0,0.0,100.0,0.0,0
2026-06-22 12:41:30,734.51,0.0,0.0,100.0,0.0,0,0.0,0.0,100.0,0.0,0,0.0,0.0,100.0,0.0,0,0.0,0.0,100.0,0.0,0,0.0,0.0,100.0,0.0,0,0.0,0.0,100.0,0.0,0
2026-06-22 12:41:31,735.27,0.0,0.0,100.0,0.0,0,0.0,0.0,100.0,0.0,0,0.0,0.0,100.0,0.0,0,0.0,0.0,100.0,0.0,0,0.0,0.0,100.0,0.0,0,0.0,0.0,100.0,0.0,0
2026-06-22 12:41:32,736.02,0.0,0.0,100.0,0.0,0,0.0,0.0,100.0,0.0,0,0.0,0.0,100.0,0.0,0,0.0,0.0,100.0,0.0,0,0.0,0.0,100.0,0.0,0,0.0,0.0,100.0,0.0,0
2026-06-22 12:41:33,736.76,0.0,0.0,100.0,0.0,0,0.0,0.0,100.0,0.0,0,0.0,0.0,100.0,0.0,0,0.0,0.0,100.0,0.0,0,0.0,0.0,100.0,0.0,0,0.0,0.0,100.0,0.0,0
2026-06-22 12:41:33,737.51,0.0,0.0,100.0,0.0,0,0.0,0.0,100.0,0.0,0,0.0,0.0,100.0,0.0,0,0.0,0.0,100.0,0.0,0,0.0,0.0,100.0,0.0,0,0.0,0.0,100.0,0.0,0
2026-06-22 12:41:34,738.26,0.0,0.0,100.0,0.0,0,0.0,0.0,100.0,0.0,0,0.0,0.0,100.0,0.0,0,0.0,0.0,100.0,0.0,0,0.0,0.0,100.0,0.0,0,0.0,0.0,100.0,0.0,0
2026-06-22 12:41:35,739.01,0.0,0.0,100.0,0.0,0,0.0,0.0,100.0,0.0,0,0.0,0.0,100.0,0.0,0,0.0,0.0,100.0,0.0,0,0.0,0.0,100.0,0.0,0,0.0,0.0,100.0,0.0,0
2026-06-22 12:41:36,739.75,0.0,0.0,100.0,0.0,0,0.0,0.0,100.0,0.0,0,0.0,0.0,100.0,0.0,0,0.0,0.0,100.0,0.0,0,0.0,0.0,100.0,0.0,0,0.0,0.0,100.0,0.0,0
2026-06-22 12:41:36,740.53,0.0,0.0,100.0,0.0,0,0.0,0.0,100.0,0.0,0,0.0,0.0,100.0,0.0,0,0.0,0.0,100.0,0.0,0,0.0,0.0,100.0,0.0,0,0.0,0.0,100.0,0.0,0
2026-06-22 12:41:37,741.3,0.0,0.0,100.0,0.0,0,0.0,0.0,100.0,0.0,0,0.0,0.0,100.0,0.0,0,0.0,0.0,100.0,0.0,0,0.0,0.0,100.0,0.0,0,0.0,0.0,100.0,0.0,0
2026-06-22 12:41:38,742.04,0.0,0.0,100.0,0.0,0,0.0,0.0,100.0,0.0,0,0.0,0.0,100.0,0.0,0,0.0,0.0,100.0,0.0,0,0.0,0.0,100.0,0.0,0,0.0,0.0,100.0,0.0,0
2026-06-22 12:41:39,742.79,0.0,0.0,100.0,0.0,0,0.0,0.0,100.0,0.0,0,0.0,0.0,100.0,0.0,0,0.0,0.0,100.0,0.0,0,0.0,0.0,100.0,0.0,0,0.0,0.0,100.0,0.0,0
2026-06-22 12:41:39,743.55,0.0,0.0,100.0,0.0,0,0.0,0.0,100.0,0.0,0,0.0,0.0,100.0,0.0,0,0.0,0.0,100.0,0.0,0,0.0,0.0,100.0,0.0,0,0.0,0.0,100.0,0.0,0
2026-06-22 12:41:40,744.3,0.0,0.0,100.0,0.0,0,0.0,0.0,100.0,0.0,0,0.0,0.0,100.0,0.0,0,0.0,0.0,100.0,0.0,0,0.0,0.0,100.0,0.0,0,0.0,0.0,100.0,0.0,0
2026-06-22 12:41:41,745.1,0.0,0.0,100.0,0.0,0,0.0,0.0,100.0,0.0,0,0.0,0.0,100.0,0.0,0,0.0,0.0,100.0,0.0,0,0.0,0.0,100.0,0.0,0,0.0,0.0,100.0,0.0,0
2026-06-22 12:41:42,745.88,0.0,0.0,100.0,0.0,0,0.0,0.0,100.0,0.0,0,0.0,0.0,100.0,0.0,0,0.0,0.0,100.0,0.0,0,0.0,0.0,100.0,0.0,0,0.0,0.0,100.0,0.0,0
2026-06-22 12:41:42,746.6,0.0,0.0,100.0,0.0,0,0.0,0.0,100.0,0.0,0,0.0,0.0,100.0,0.0,0,0.0,0.0,100.0,0.0,0,0.0,0.0,100.0,0.0,0,0.0,0.0,100.0,0.0,0
2026-06-22 12:41:43,747.37,0.0,0.0,100.0,0.0,0,0.0,0.0,100.0,0.0,0,0.0,0.0,100.0,0.0,0,0.0,0.0,100.0,0.0,0,0.0,0.0,100.0,0.0,0,0.0,0.0,100.0,0.0,0
2026-06-22 12:41:44,748.12,0.0,0.0,100.0,0.0,0,0.0,0.0,100.0,0.0,0,0.0,0.0,100.0,0.0,0,0.0,0.0,100.0,0.0,0,0.0,0.0,100.0,0.0,0,0.0,0.0,100.0,0.0,0
2026-06-22 12:41:45,748.85,0.0,0.0,100.0,0.0,0,0.0,0.0,100.0,0.0,0,0.0,0.0,100.0,0.0,0,0.0,0.0,100.0,0.0,0,0.0,0.0,100.0,0.0,0,0.0,0.0,100.0,0.0,0
2026-06-22 12:41:45,749.59,0.0,0.0,100.0,0.0,0,0.0,0.0,100.0,0.0,0,0.0,0.0,100.0,0.0,0,0.0,0.0,100.0,0.0,0,0.0,0.0,100.0,0.0,0,0.0,0.0,100.0,0.0,0
2026-06-22 12:41:46,750.34,0.0,0.0,100.0,0.0,0,0.0,0.0,100.0,0.0,0,0.0,0.0,100.0,0.0,0,0.0,0.0,100.0,0.0,0,0.0,0.0,100.0,0.0,0,0.0,0.0,100.0,0.0,0
2026-06-22 12:41:47,751.07,0.0,0.0,100.0,0.0,0,0.0,0.0,100.0,0.0,0,0.0,0.0,100.0,0.0,0,0.0,0.0,100.0,0.0,0,0.0,0.0,100.0,0.0,0,0.0,0.0,100.0,0.0,0
2026-06-22 12:41:48,751.86,0.0,0.0,100.0,0.0,0,0.0,0.0,100.0,0.0,0,0.0,0.0,100.0,0.0,0,0.0,0.0,100.0,0.0,0,0.0,0.0,100.0,0.0,0,0.0,0.0,100.0,0.0,0
2026-06-22 12:41:48,752.6,0.0,0.0,100.0,0.0,0,0.0,0.0,100.0,0.0,0,0.0,0.0,100.0,0.0,0,0.0,0.0,100.0,0.0,0,0.0,0.0,100.0,0.0,0,0.0,0.0,100.0,0.0,0
2026-06-22 12:41:49,753.37,0.0,0.0,100.0,0.0,0,0.0,0.0,100.0,0.0,0,0.0,0.0,100.0,0.0,0,0.0,0.0,100.0,0.0,0,0.0,0.0,100.0,0.0,0,0.0,0.0,100.0,0.0,0
2026-06-22 12:41:50,754.12,0.0,0.0,100.0,0.0,0,0.0,0.0,100.0,0.0,0,0.0,0.0,100.0,0.0,0,0.0,0.0,100.0,0.0,0,0.0,0.0,100.0,0.0,0,0.0,0.0,100.0,0.0,0
2026-06-22 12:41:51,754.9,0.0,0.0,100.0,0.0,0,0.0,0.0,100.0,0.0,0,0.0,0.0,100.0,0.0,0,0.0,0.0,100.0,0.0,0,0.0,0.0,100.0,0.0,0,0.0,0.0,100.0,0.0,0
2026-06-22 12:41:52,755.66,0.0,0.0,100.0,0.0,0,0.0,0.0,100.0,0.0,0,0.0,0.0,100.0,0.0,0,0.0,0.0,100.0,0.0,0,0.0,0.0,100.0,0.0,0,0.0,0.0,100.0,0.0,0
2026-06-22 12:41:52,756.44,0.0,0.0,100.0,0.0,0,0.0,0.0,100.0,0.0,0,0.0,0.0,100.0,0.0,0,0.0,0.0,100.0,0.0,0,0.0,0.0,100.0,0.0,0,0.0,0.0,100.0,0.0,0
2026-06-22 12:41:53,757.16,0.0,0.0,100.0,0.0,0,0.0,0.0,100.0,0.0,0,0.0,0.0,100.0,0.0,0,0.0,0.0,100.0,0.0,0,0.0,0.0,100.0,0.0,0,0.0,0.0,100.0,0.0,0
2026-06-22 12:41:54,757.91,0.0,0.0,100.0,0.0,0,0.0,0.0,100.0,0.0,0,0.0,0.0,100.0,0.0,0,0.0,0.0,100.0,0.0,0,0.0,0.0,100.0,0.0,0,0.0,0.0,100.0,0.0,0
2026-06-22 12:41:55,758.66,0.0,0.0,100.0,0.0,0,0.0,0.0,100.0,0.0,0,0.0,0.0,100.0,0.0,0,0.0,0.0,100.0,0.0,0,0.0,0.0,100.0,0.0,0,0.0,0.0,100.0,0.0,0
2026-06-22 12:41:55,759.4,0.0,0.0,100.0,0.0,0,0.0,0.0,100.0,0.0,0,0.0,0.0,100.0,0.0,0,0.0,0.0,100.0,0.0,0,0.0,0.0,100.0,0.0,0,0.0,0.0,100.0,0.0,0
2026-06-22 12:41:56,760.18,0.0,0.0,100.0,0.0,0,0.0,0.0,100.0,0.0,0,0.0,0.0,100.0,0.0,0,0.0,0.0,100.0,0.0,0,0.0,0.0,100.0,0.0,0,0.0,0.0,100.0,0.0,0
2026-06-22 12:41:57,760.92,0.0,0.0,100.0,0.0,0,0.0,0.0,100.0,0.0,0,0.0,0.0,100.0,0.0,0,0.0,0.0,100.0,0.0,0,0.0,0.0,100.0,0.0,0,0.0,0.0,100.0,0.0,0
2026-06-22 12:41:58,761.66,0.0,0.0,100.0,0.0,0,0.0,0.0,100.0,0.0,0,0.0,0.0,100.0,0.0,0,0.0,0.0,100.0,0.0,0,0.0,0.0,100.0,0.0,0,0.0,0.0,100.0,0.0,0
2026-06-22 12:41:58,762.4,0.0,0.0,100.0,0.0,0,0.0,0.0,100.0,0.0,0,0.0,0.0,100.0,0.0,0,0.0,0.0,100.0,0.0,0,0.0,0.0,100.0,0.0,0,0.0,0.0,100.0,0.0,0
2026-06-22 12:41:59,763.14,0.0,0.0,100.0,0.0,0,0.0,0.0,100.0,0.0,0,0.0,0.0,100.0,0.0,0,0.0,0.0,100.0,0.0,0,0.0,0.0,100.0,0.0,0,0.0,0.0,100.0,0.0,0
2026-06-22 12:42:00,763.88,0.0,0.0,100.0,0.0,0,0.0,0.0,100.0,0.0,0,0.0,0.0,100.0,0.0,0,0.0,0.0,100.0,0.0,0,0.0,0.0,100.0,0.0,0,0.0,0.0,100.0,0.0,0
2026-06-22 12:42:01,764.62,0.0,0.0,100.0,0.0,0,0.0,0.0,100.0,0.0,0,0.0,0.0,100.0,0.0,0,0.0,0.0,100.0,0.0,0,0.0,0.0,100.0,0.0,0,0.0,0.0,100.0,0.0,0
2026-06-22 12:42:01,765.37,0.0,0.0,100.0,0.0,0,0.0,0.0,100.0,0.0,0,0.0,0.0,100.0,0.0,0,0.0,0.0,100.0,0.0,0,0.0,0.0,100.0,0.0,0,0.0,0.0,100.0,0.0,0
2026-06-22 12:42:02,766.12,0.0,0.0,100.0,0.0,0,0.0,0.0,100.0,0.0,0,0.0,0.0,100.0,0.0,0,0.0,0.0,100.0,0.0,0,0.0,0.0,100.0,0.0,0,0.0,0.0,100.0,0.0,0
2026-06-22 12:42:03,766.84,0.0,0.0,100.0,0.0,0,0.0,0.0,100.0,0.0,0,0.0,0.0,100.0,0.0,0,0.0,0.0,100.0,0.0,0,0.0,0.0,100.0,0.0,0,0.0,0.0,100.0,0.0,0
2026-06-22 12:42:03,767.57,0.0,0.0,100.0,0.0,0,0.0,0.0,100.0,0.0,0,0.0,0.0,100.0,0.0,0,0.0,0.0,100.0,0.0,0,0.0,0.0,100.0,0.0,0,0.0,0.0,100.0,0.0,0
2026-06-22 12:42:04,768.34,0.0,0.0,100.0,0.0,0,0.0,0.0,100.0,0.0,0,0.0,0.0,100.0,0.0,0,0.0,0.0,100.0,0.0,0,0.0,0.0,100.0,0.0,0,0.0,0.0,100.0,0.0,0
2026-06-22 12:42:05,769.11,0.0,0.0,100.0,0.0,0,0.0,0.0,100.0,0.0,0,0.0,0.0,100.0,0.0,0,0.0,0.0,100.0,0.0,0,0.0,0.0,100.0,0.0,0,0.0,0.0,100.0,0.0,0
2026-06-22 12:42:06,769.86,0.0,0.0,100.0,0.0,0,0.0,0.0,100.0,0.0,0,0.0,0.0,100.0,0.0,0,0.0,0.0,100.0,0.0,0,0.0,0.0,100.0,0.0,0,0.0,0.0,100.0,0.0,0
2026-06-22 12:42:07,770.61,0.0,0.0,100.0,0.0,0,0.0,0.0,100.0,0.0,0,0.0,0.0,100.0,0.0,0,0.0,0.0,100.0,0.0,0,0.0,0.0,100.0,0.0,0,0.0,0.0,100.0,0.0,0
2026-06-22 12:42:07,771.36,0.0,0.0,100.0,0.0,0,0.0,0.0,100.0,0.0,0,0.0,0.0,100.0,0.0,0,0.0,0.0,100.0,0.0,0,0.0,0.0,100.0,0.0,0,0.0,0.0,100.0,0.0,0
2026-06-22 12:42:08,772.11,0.0,0.0,100.0,0.0,0,0.0,0.0,100.0,0.0,0,0.0,0.0,100.0,0.0,0,0.0,0.0,100.0,0.0,0,0.0,0.0,100.0,0.0,0,0.0,0.0,100.0,0.0,0
2026-06-22 12:42:09,772.88,0.0,0.0,100.0,0.0,0,0.0,0.0,100.0,0.0,0,0.0,0.0,100.0,0.0,0,0.0,0.0,100.0,0.0,0,0.0,0.0,100.0,0.0,0,0.0,0.0,100.0,0.0,0
2026-06-22 12:42:10,773.66,0.0,0.0,100.0,0.0,0,0.0,0.0,100.0,0.0,0,0.0,0.0,100.0,0.0,0,0.0,0.0,100.0,0.0,0,0.0,0.0,100.0,0.0,0,0.0,0.0,100.0,0.0,0
2026-06-22 12:42:10,774.39,0.0,0.0,100.0,0.0,0,0.0,0.0,100.0,0.0,0,0.0,0.0,100.0,0.0,0,0.0,0.0,100.0,0.0,0,0.0,0.0,100.0,0.0,0,0.0,0.0,100.0,0.0,0
2026-06-22 12:42:11,775.12,0.0,0.0,100.0,0.0,0,0.0,0.0,100.0,0.0,0,0.0,0.0,100.0,0.0,0,0.0,0.0,100.0,0.0,0,0.0,0.0,100.0,0.0,0,0.0,0.0,100.0,0.0,0
2026-06-22 12:42:12,775.87,0.0,0.0,100.0,0.0,0,0.0,0.0,100.0,0.0,0,0.0,0.0,100.0,0.0,0,0.0,0.0,100.0,0.0,0,0.0,0.0,100.0,0.0,0,0.0,0.0,100.0,0.0,0
2026-06-22 12:42:13,776.64,0.0,0.0,100.0,0.0,0,0.0,0.0,100.0,0.0,0,0.0,0.0,100.0,0.0,0,0.0,0.0,100.0,0.0,0,0.0,0.0,100.0,0.0,0,0.0,0.0,100.0,0.0,0
2026-06-22 12:42:13,777.39,0.0,0.0,100.0,0.0,0,0.0,0.0,100.0,0.0,0,0.0,0.0,100.0,0.0,0,0.0,0.0,100.0,0.0,0,0.0,0.0,100.0,0.0,0,0.0,0.0,100.0,0.0,0
2026-06-22 12:42:14,778.18,0.0,0.0,100.0,0.0,0,0.0,0.0,100.0,0.0,0,0.0,0.0,100.0,0.0,0,0.0,0.0,100.0,0.0,0,0.0,0.0,100.0,0.0,0,0.0,0.0,100.0,0.0,0
2026-06-22 12:42:15,778.93,0.0,0.0,100.0,0.0,0,0.0,0.0,100.0,0.0,0,0.0,0.0,100.0,0.0,0,0.0,0.0,100.0,0.0,0,0.0,0.0,100.0,0.0,0,0.0,0.0,100.0,0.0,0
2026-06-22 12:42:16,779.68,0.0,0.0,100.0,0.0,0,0.0,0.0,100.0,0.0,0,0.0,0.0,100.0,0.0,0,0.0,0.0,100.0,0.0,0,0.0,0.0,100.0,0.0,0,0.0,0.0,100.0,0.0,0
2026-06-22 12:42:16,780.45,0.0,0.0,100.0,0.0,0,0.0,0.0,100.0,0.0,0,0.0,0.0,100.0,0.0,0,0.0,0.0,100.0,0.0,0,0.0,0.0,100.0,0.0,0,0.0,0.0,100.0,0.0,0
2026-06-22 12:42:17,781.2,0.0,0.0,100.0,0.0,0,0.0,0.0,100.0,0.0,0,0.0,0.0,100.0,0.0,0,0.0,0.0,100.0,0.0,0,0.0,0.0,100.0,0.0,0,0.0,0.0,100.0,0.0,0
2026-06-22 12:42:18,781.95,0.0,0.0,100.0,0.0,0,0.0,0.0,100.0,0.0,0,0.0,0.0,100.0,0.0,0,0.0,0.0,100.0,0.0,0,0.0,0.0,100.0,0.0,0,0.0,0.0,100.0,0.0,0
2026-06-22 12:42:19,782.7,0.0,0.0,100.0,0.0,0,0.0,0.0,100.0,0.0,0,0.0,0.0,100.0,0.0,0,0.0,0.0,100.0,0.0,0,0.0,0.0,100.0,0.0,0,0.0,0.0,100.0,0.0,0
2026-06-22 12:42:19,783.44,0.0,0.0,100.0,0.0,0,0.0,0.0,100.0,0.0,0,0.0,0.0,100.0,0.0,0,0.0,0.0,100.0,0.0,0,0.0,0.0,100.0,0.0,0,0.0,0.0,100.0,0.0,0
2026-06-22 12:42:20,784.19,0.0,0.0,100.0,0.0,0,0.0,0.0,100.0,0.0,0,0.0,0.0,100.0,0.0,0,0.0,0.0,100.0,0.0,0,0.0,0.0,100.0,0.0,0,0.0,0.0,100.0,0.0,0
2026-06-22 12:42:21,784.92,0.0,0.0,100.0,0.0,0,0.0,0.0,100.0,0.0,0,0.0,0.0,100.0,0.0,0,0.0,0.0,100.0,0.0,0,0.0,0.0,100.0,0.0,0,0.0,0.0,100.0,0.0,0
2026-06-22 12:42:22,785.65,0.0,0.0,100.0,0.0,0,0.0,0.0,100.0,0.0,0,0.0,0.0,100.0,0.0,0,0.0,0.0,100.0,0.0,0,0.0,0.0,100.0,0.0,0,0.0,0.0,100.0,0.0,0
2026-06-22 12:42:22,786.42,0.0,0.0,100.0,0.0,0,0.0,0.0,100.0,0.0,0,0.0,0.0,100.0,0.0,0,0.0,0.0,100.0,0.0,0,0.0,0.0,100.0,0.0,0,0.0,0.0,100.0,0.0,0
2026-06-22 12:42:23,787.22,0.0,0.0,100.0,0.0,0,0.0,0.0,100.0,0.0,0,0.0,0.0,100.0,0.0,0,0.0,0.0,100.0,0.0,0,0.0,0.0,100.0,0.0,0,0.0,0.0,100.0,0.0,0
2026-06-22 12:42:24,787.96,0.0,0.0,100.0,0.0,0,0.0,0.0,100.0,0.0,0,0.0,0.0,100.0,0.0,0,0.0,0.0,100.0,0.0,0,0.0,0.0,100.0,0.0,0,0.0,0.0,100.0,0.0,0
2026-06-22 12:42:25,788.71,0.0,0.0,100.0,0.0,0,0.0,0.0,100.0,0.0,0,0.0,0.0,100.0,0.0,0,0.0,0.0,100.0,0.0,0,0.0,0.0,100.0,0.0,0,0.0,0.0,100.0,0.0,0
2026-06-22 12:42:25,789.46,0.0,0.0,100.0,0.0,0,0.0,0.0,100.0,0.0,0,0.0,0.0,100.0,0.0,0,0.0,0.0,100.0,0.0,0,0.0,0.0,100.0,0.0,0,0.0,0.0,100.0,0.0,0
2026-06-22 12:42:26,790.23,0.0,0.0,100.0,0.0,0,0.0,0.0,100.0,0.0,0,0.0,0.0,100.0,0.0,0,0.0,0.0,100.0,0.0,0,0.0,0.0,100.0,0.0,0,0.0,0.0,100.0,0.0,0
2026-06-22 12:42:27,790.98,0.0,0.0,100.0,0.0,0,0.0,0.0,100.0,0.0,0,0.0,0.0,100.0,0.0,0,0.0,0.0,100.0,0.0,0,0.0,0.0,100.0,0.0,0,0.0,0.0,100.0,0.0,0
2026-06-22 12:42:28,791.79,0.0,0.0,100.0,0.0,0,0.0,0.0,100.0,0.0,0,0.0,0.0,100.0,0.0,0,0.0,0.0,100.0,0.0,0,0.0,0.0,100.0,0.0,0,0.0,0.0,100.0,0.0,0
2026-06-22 12:42:28,792.52,0.0,0.0,100.0,0.0,0,0.0,0.0,100.0,0.0,0,0.0,0.0,100.0,0.0,0,0.0,0.0,100.0,0.0,0,0.0,0.0,100.0,0.0,0,0.0,0.0,100.0,0.0,0
2026-06-22 12:42:29,793.3,0.0,0.0,100.0,0.0,0,0.0,0.0,100.0,0.0,0,0.0,0.0,100.0,0.0,0,0.0,0.0,100.0,0.0,0,0.0,0.0,100.0,0.0,0,0.0,0.0,100.0,0.0,0
2026-06-22 12:42:30,794.03,0.0,0.0,100.0,0.0,0,0.0,0.0,100.0,0.0,0,0.0,0.0,100.0,0.0,0,0.0,0.0,100.0,0.0,0,0.0,0.0,100.0,0.0,0,0.0,0.0,100.0,0.0,0
2026-06-22 12:42:31,794.78,0.0,0.0,100.0,0.0,0,0.0,0.0,100.0,0.0,0,0.0,0.0,100.0,0.0,0,0.0,0.0,100.0,0.0,0,0.0,0.0,100.0,0.0,0,0.0,0.0,100.0,0.0,0
2026-06-22 12:42:31,795.54,0.0,0.0,100.0,0.0,0,0.0,0.0,100.0,0.0,0,0.0,0.0,100.0,0.0,0,0.0,0.0,100.0,0.0,0,0.0,0.0,100.0,0.0,0,0.0,0.0,100.0,0.0,0
2026-06-22 12:42:32,796.29,0.0,0.0,100.0,0.0,0,0.0,0.0,100.0,0.0,0,0.0,0.0,100.0,0.0,0,0.0,0.0,100.0,0.0,0,0.0,0.0,100.0,0.0,0,0.0,0.0,100.0,0.0,0
2026-06-22 12:42:33,797.03,0.0,0.0,100.0,0.0,0,0.0,0.0,100.0,0.0,0,0.0,0.0,100.0,0.0,0,0.0,0.0,100.0,0.0,0,0.0,0.0,100.0,0.0,0,0.0,0.0,100.0,0.0,0
2026-06-22 12:42:34,797.78,0.0,0.0,100.0,0.0,0,0.0,0.0,100.0,0.0,0,0.0,0.0,100.0,0.0,0,0.0,0.0,100.0,0.0,0,0.0,0.0,100.0,0.0,0,0.0,0.0,100.0,0.0,0
2026-06-22 12:42:34,798.54,0.0,0.0,100.0,0.0,0,0.0,0.0,100.0,0.0,0,0.0,0.0,100.0,0.0,0,0.0,0.0,100.0,0.0,0,0.0,0.0,100.0,0.0,0,0.0,0.0,100.0,0.0,0
2026-06-22 12:42:35,799.3,0.0,0.0,100.0,0.0,0,0.0,0.0,100.0,0.0,0,0.0,0.0,100.0,0.0,0,0.0,0.0,100.0,0.0,0,0.0,0.0,100.0,0.0,0,0.0,0.0,100.0,0.0,0
2026-06-22 12:42:36,800.05,0.0,0.0,100.0,0.0,0,0.0,0.0,100.0,0.0,0,0.0,0.0,100.0,0.0,0,0.0,0.0,100.0,0.0,0,0.0,0.0,100.0,0.0,0,0.0,0.0,100.0,0.0,0
2026-06-22 12:42:37,800.83,0.0,0.0,100.0,0.0,0,0.0,0.0,100.0,0.0,0,0.0,0.0,100.0,0.0,0,0.0,0.0,100.0,0.0,0,0.0,0.0,100.0,0.0,0,0.0,0.0,100.0,0.0,0
2026-06-22 12:42:38,801.61,0.0,0.0,100.0,0.0,0,0.0,0.0,100.0,0.0,0,0.0,0.0,100.0,0.0,0,0.0,0.0,100.0,0.0,0,0.0,0.0,100.0,0.0,0,0.0,0.0,100.0,0.0,0
2026-06-22 12:42:38,802.36,0.0,0.0,100.0,0.0,0,0.0,0.0,100.0,0.0,0,0.0,0.0,100.0,0.0,0,0.0,0.0,100.0,0.0,0,0.0,0.0,100.0,0.0,0,0.0,0.0,100.0,0.0,0
2026-06-22 12:42:39,803.1,0.0,0.0,100.0,0.0,0,0.0,0.0,100.0,0.0,0,0.0,0.0,100.0,0.0,0,0.0,0.0,100.0,0.0,0,0.0,0.0,100.0,0.0,0,0.0,0.0,100.0,0.0,0
2026-06-22 12:42:40,803.83,0.0,0.0,100.0,0.0,0,0.0,0.0,100.0,0.0,0,0.0,0.0,100.0,0.0,0,0.0,0.0,100.0,0.0,0,0.0,0.0,100.0,0.0,0,0.0,0.0,100.0,0.0,0
2026-06-22 12:42:40,804.58,0.0,0.0,100.0,0.0,0,0.0,0.0,100.0,0.0,0,0.0,0.0,100.0,0.0,0,0.0,0.0,100.0,0.0,0,0.0,0.0,100.0,0.0,0,0.0,0.0,100.0,0.0,0
2026-06-22 12:42:41,805.32,0.0,0.0,100.0,0.0,0,0.0,0.0,100.0,0.0,0,0.0,0.0,100.0,0.0,0,0.0,0.0,100.0,0.0,0,0.0,0.0,100.0,0.0,0,0.0,0.0,100.0,0.0,0
2026-06-22 12:42:42,806.06,0.0,0.0,100.0,0.0,0,0.0,0.0,100.0,0.0,0,0.0,0.0,100.0,0.0,0,0.0,0.0,100.0,0.0,0,0.0,0.0,100.0,0.0,0,0.0,0.0,100.0,0.0,0
2026-06-22 12:42:43,806.8,0.0,0.0,100.0,0.0,0,0.0,0.0,100.0,0.0,0,0.0,0.0,100.0,0.0,0,0.0,0.0,100.0,0.0,0,0.0,0.0,100.0,0.0,0,0.0,0.0,100.0,0.0,0
2026-06-22 12:42:43,807.56,0.0,0.0,100.0,0.0,0,0.0,0.0,100.0,0.0,0,0.0,0.0,100.0,0.0,0,0.0,0.0,100.0,0.0,0,0.0,0.0,100.0,0.0,0,0.0,0.0,100.0,0.0,0
2026-06-22 12:42:44,808.33,0.0,0.0,100.0,0.0,0,0.0,0.0,100.0,0.0,0,0.0,0.0,100.0,0.0,0,0.0,0.0,100.0,0.0,0,0.0,0.0,100.0,0.0,0,0.0,0.0,100.0,0.0,0
2026-06-22 12:42:45,809.06,0.0,0.0,100.0,0.0,0,0.0,0.0,100.0,0.0,0,0.0,0.0,100.0,0.0,0,0.0,0.0,100.0,0.0,0,0.0,0.0,100.0,0.0,0,0.0,0.0,100.0,0.0,0
2026-06-22 12:42:46,809.79,0.0,0.0,100.0,0.0,0,0.0,0.0,100.0,0.0,0,0.0,0.0,100.0,0.0,0,0.0,0.0,100.0,0.0,0,0.0,0.0,100.0,0.0,0,0.0,0.0,100.0,0.0,0
2026-06-22 12:42:46,810.54,0.0,0.0,100.0,0.0,0,0.0,0.0,100.0,0.0,0,0.0,0.0,100.0,0.0,0,0.0,0.0,100.0,0.0,0,0.0,0.0,100.0,0.0,0,0.0,0.0,100.0,0.0,0
2026-06-22 12:42:47,811.29,0.0,0.0,100.0,0.0,0,0.0,0.0,100.0,0.0,0,0.0,0.0,100.0,0.0,0,0.0,0.0,100.0,0.0,0,0.0,0.0,100.0,0.0,0,0.0,0.0,100.0,0.0,0
2026-06-22 12:42:48,812.02,0.0,0.0,100.0,0.0,0,0.0,0.0,100.0,0.0,0,0.0,0.0,100.0,0.0,0,0.0,0.0,100.0,0.0,0,0.0,0.0,100.0,0.0,0,0.0,0.0,100.0,0.0,0
2026-06-22 12:42:49,812.76,0.0,0.0,100.0,0.0,0,0.0,0.0,100.0,0.0,0,0.0,0.0,100.0,0.0,0,0.0,0.0,100.0,0.0,0,0.0,0.0,100.0,0.0,0,0.0,0.0,100.0,0.0,0
2026-06-22 12:42:49,813.49,0.0,0.0,100.0,0.0,0,0.0,0.0,100.0,0.0,0,0.0,0.0,100.0,0.0,0,0.0,0.0,100.0,0.0,0,0.0,0.0,100.0,0.0,0,0.0,0.0,100.0,0.0,0
2026-06-22 12:42:50,814.22,0.0,0.0,100.0,0.0,0,0.0,0.0,100.0,0.0,0,0.0,0.0,100.0,0.0,0,0.0,0.0,100.0,0.0,0,0.0,0.0,100.0,0.0,0,0.0,0.0,100.0,0.0,0
2026-06-22 12:42:51,814.95,0.0,0.0,100.0,0.0,0,0.0,0.0,100.0,0.0,0,0.0,0.0,100.0,0.0,0,0.0,0.0,100.0,0.0,0,0.0,0.0,100.0,0.0,0,0.0,0.0,100.0,0.0,0
2026-06-22 12:42:52,815.72,0.0,0.0,100.0,0.0,0,0.0,0.0,100.0,0.0,0,0.0,0.0,100.0,0.0,0,0.0,0.0,100.0,0.0,0,0.0,0.0,100.0,0.0,0,0.0,0.0,100.0,0.0,0
2026-06-22 12:42:52,816.48,0.0,0.0,100.0,0.0,0,0.0,0.0,100.0,0.0,0,0.0,0.0,100.0,0.0,0,0.0,0.0,100.0,0.0,0,0.0,0.0,100.0,0.0,0,0.0,0.0,100.0,0.0,0
2026-06-22 12:42:53,817.23,0.0,0.0,100.0,0.0,0,0.0,0.0,100.0,0.0,0,0.0,0.0,100.0,0.0,0,0.0,0.0,100.0,0.0,0,0.0,0.0,100.0,0.0,0,0.0,0.0,100.0,0.0,0
2026-06-22 12:42:54,817.97,0.0,0.0,100.0,0.0,0,0.0,0.0,100.0,0.0,0,0.0,0.0,100.0,0.0,0,0.0,0.0,100.0,0.0,0,0.0,0.0,100.0,0.0,0,0.0,0.0,100.0,0.0,0
2026-06-22 12:42:55,818.71,0.0,0.0,100.0,0.0,0,0.0,0.0,100.0,0.0,0,0.0,0.0,100.0,0.0,0,0.0,0.0,100.0,0.0,0,0.0,0.0,100.0,0.0,0,0.0,0.0,100.0,0.0,0
2026-06-22 12:42:55,819.48,0.0,0.0,100.0,0.0,0,0.0,0.0,100.0,0.0,0,0.0,0.0,100.0,0.0,0,0.0,0.0,100.0,0.0,0,0.0,0.0,100.0,0.0,0,0.0,0.0,100.0,0.0,0
2026-06-22 12:42:56,820.22,0.0,0.0,100.0,0.0,0,0.0,0.0,100.0,0.0,0,0.0,0.0,100.0,0.0,0,0.0,0.0,100.0,0.0,0,0.0,0.0,100.0,0.0,0,0.0,0.0,100.0,0.0,0
2026-06-22 12:42:57,820.96,0.0,0.0,100.0,0.0,0,0.0,0.0,100.0,0.0,0,0.0,0.0,100.0,0.0,0,0.0,0.0,100.0,0.0,0,0.0,0.0,100.0,0.0,0,0.0,0.0,100.0,0.0,0
2026-06-22 12:42:58,821.7,0.0,0.0,100.0,0.0,0,0.0,0.0,100.0,0.0,0,0.0,0.0,100.0,0.0,0,0.0,0.0,100.0,0.0,0,0.0,0.0,100.0,0.0,0,0.0,0.0,100.0,0.0,0
2026-06-22 12:42:58,822.46,0.0,0.0,100.0,0.0,0,0.0,0.0,100.0,0.0,0,0.0,0.0,100.0,0.0,0,0.0,0.0,100.0,0.0,0,0.0,0.0,100.0,0.0,0,0.0,0.0,100.0,0.0,0
2026-06-22 12:42:59,823.22,0.0,0.0,100.0,0.0,0,0.0,0.0,100.0,0.0,0,0.0,0.0,100.0,0.0,0,0.0,0.0,100.0,0.0,0,0.0,0.0,100.0,0.0,0,0.0,0.0,100.0,0.0,0
2026-06-22 12:43:00,823.95,0.0,0.0,100.0,0.0,0,0.0,0.0,100.0,0.0,0,0.0,0.0,100.0,0.0,0,0.0,0.0,100.0,0.0,0,0.0,0.0,100.0,0.0,0,0.0,0.0,100.0,0.0,0
2026-06-22 12:43:01,824.69,0.0,0.0,100.0,0.0,0,0.0,0.0,100.0,0.0,0,0.0,0.0,100.0,0.0,0,0.0,0.0,100.0,0.0,0,0.0,0.0,100.0,0.0,0,0.0,0.0,100.0,0.0,0
2026-06-22 12:43:01,825.42,0.0,0.0,100.0,0.0,0,0.0,0.0,100.0,0.0,0,0.0,0.0,100.0,0.0,0,0.0,0.0,100.0,0.0,0,0.0,0.0,100.0,0.0,0,0.0,0.0,100.0,0.0,0
2026-06-22 12:43:02,826.2,0.0,0.0,100.0,0.0,0,0.0,0.0,100.0,0.0,0,0.0,0.0,100.0,0.0,0,0.0,0.0,100.0,0.0,0,0.0,0.0,100.0,0.0,0,0.0,0.0,100.0,0.0,0
2026-06-22 12:43:03,826.97,0.0,0.0,100.0,0.0,0,0.0,0.0,100.0,0.0,0,0.0,0.0,100.0,0.0,0,0.0,0.0,100.0,0.0,0,0.0,0.0,100.0,0.0,0,0.0,0.0,100.0,0.0,0
2026-06-22 12:43:04,827.71,0.0,0.0,100.0,0.0,0,0.0,0.0,100.0,0.0,0,0.0,0.0,100.0,0.0,0,0.0,0.0,100.0,0.0,0,0.0,0.0,100.0,0.0,0,0.0,0.0,100.0,0.0,0
2026-06-22 12:43:04,828.48,0.0,0.0,100.0,0.0,0,0.0,0.0,100.0,0.0,0,0.0,0.0,100.0,0.0,0,0.0,0.0,100.0,0.0,0,0.0,0.0,100.0,0.0,0,0.0,0.0,100.0,0.0,0
2026-06-22 12:43:05,829.23,0.0,0.0,100.0,0.0,0,0.0,0.0,100.0,0.0,0,0.0,0.0,100.0,0.0,0,0.0,0.0,100.0,0.0,0,0.0,0.0,100.0,0.0,0,0.0,0.0,100.0,0.0,0
2026-06-22 12:43:06,829.99,0.0,0.0,100.0,0.0,0,0.0,0.0,100.0,0.0,0,0.0,0.0,100.0,0.0,0,0.0,0.0,100.0,0.0,0,0.0,0.0,100.0,0.0,0,0.0,0.0,100.0,0.0,0
2026-06-22 12:43:07,830.73,0.0,0.0,100.0,0.0,0,0.0,0.0,100.0,0.0,0,0.0,0.0,100.0,0.0,0,0.0,0.0,100.0,0.0,0,0.0,0.0,100.0,0.0,0,0.0,0.0,100.0,0.0,0
2026-06-22 12:43:07,831.47,0.0,0.0,100.0,0.0,0,0.0,0.0,100.0,0.0,0,0.0,0.0,100.0,0.0,0,0.0,0.0,100.0,0.0,0,0.0,0.0,100.0,0.0,0,0.0,0.0,100.0,0.0,0
2026-06-22 12:43:08,832.22,0.0,0.0,100.0,0.0,0,0.0,0.0,100.0,0.0,0,0.0,0.0,100.0,0.0,0,0.0,0.0,100.0,0.0,0,0.0,0.0,100.0,0.0,0,0.0,0.0,100.0,0.0,0
2026-06-22 12:43:09,832.95,0.0,0.0,100.0,0.0,0,0.0,0.0,100.0,0.0,0,0.0,0.0,100.0,0.0,0,0.0,0.0,100.0,0.0,0,0.0,0.0,100.0,0.0,0,0.0,0.0,100.0,0.0,0
2026-06-22 12:43:10,833.7,0.0,0.0,100.0,0.0,0,0.0,0.0,100.0,0.0,0,0.0,0.0,100.0,0.0,0,0.0,0.0,100.0,0.0,0,0.0,0.0,100.0,0.0,0,0.0,0.0,100.0,0.0,0
2026-06-22 12:43:10,834.47,0.0,0.0,100.0,0.0,0,0.0,0.0,100.0,0.0,0,0.0,0.0,100.0,0.0,0,0.0,0.0,100.0,0.0,0,0.0,0.0,100.0,0.0,0,0.0,0.0,100.0,0.0,0
2026-06-22 12:43:11,835.2,0.0,0.0,100.0,0.0,0,0.0,0.0,100.0,0.0,0,0.0,0.0,100.0,0.0,0,0.0,0.0,100.0,0.0,0,0.0,0.0,100.0,0.0,0,0.0,0.0,100.0,0.0,0
2026-06-22 12:43:12,835.94,0.0,0.0,100.0,0.0,0,0.0,0.0,100.0,0.0,0,0.0,0.0,100.0,0.0,0,0.0,0.0,100.0,0.0,0,0.0,0.0,100.0,0.0,0,0.0,0.0,100.0,0.0,0
2026-06-22 12:43:13,836.67,0.0,0.0,100.0,0.0,0,0.0,0.0,100.0,0.0,0,0.0,0.0,100.0,0.0,0,0.0,0.0,100.0,0.0,0,0.0,0.0,100.0,0.0,0,0.0,0.0,100.0,0.0,0
2026-06-22 12:43:13,837.42,0.0,0.0,100.0,0.0,0,0.0,0.0,100.0,0.0,0,0.0,0.0,100.0,0.0,0,0.0,0.0,100.0,0.0,0,0.0,0.0,100.0,0.0,0,0.0,0.0,100.0,0.0,0
2026-06-22 12:43:14,838.17,0.0,0.0,100.0,0.0,0,0.0,0.0,100.0,0.0,0,0.0,0.0,100.0,0.0,0,0.0,0.0,100.0,0.0,0,0.0,0.0,100.0,0.0,0,0.0,0.0,100.0,0.0,0
2026-06-22 12:43:15,838.9,0.0,0.0,100.0,0.0,0,0.0,0.0,100.0,0.0,0,0.0,0.0,100.0,0.0,0,0.0,0.0,100.0,0.0,0,0.0,0.0,100.0,0.0,0,0.0,0.0,100.0,0.0,0
2026-06-22 12:43:16,839.66,0.0,0.0,100.0,0.0,0,0.0,0.0,100.0,0.0,0,0.0,0.0,100.0,0.0,0,0.0,0.0,100.0,0.0,0,0.0,0.0,100.0,0.0,0,0.0,0.0,100.0,0.0,0
2026-06-22 12:43:16,840.4,0.0,0.0,100.0,0.0,0,0.0,0.0,100.0,0.0,0,0.0,0.0,100.0,0.0,0,0.0,0.0,100.0,0.0,0,0.0,0.0,100.0,0.0,0,0.0,0.0,100.0,0.0,0
2026-06-22 12:43:17,841.14,0.0,0.0,100.0,0.0,0,0.0,0.0,100.0,0.0,0,0.0,0.0,100.0,0.0,0,0.0,0.0,100.0,0.0,0,0.0,0.0,100.0,0.0,0,0.0,0.0,100.0,0.0,0
2026-06-22 12:43:18,841.87,0.0,0.0,100.0,0.0,0,0.0,0.0,100.0,0.0,0,0.0,0.0,100.0,0.0,0,0.0,0.0,100.0,0.0,0,0.0,0.0,100.0,0.0,0,0.0,0.0,100.0,0.0,0
2026-06-22 12:43:19,842.61,0.0,0.0,100.0,0.0,0,0.0,0.0,100.0,0.0,0,0.0,0.0,100.0,0.0,0,0.0,0.0,100.0,0.0,0,0.0,0.0,100.0,0.0,0,0.0,0.0,100.0,0.0,0
2026-06-22 12:43:19,843.37,0.0,0.0,100.0,0.0,0,0.0,0.0,100.0,0.0,0,0.0,0.0,100.0,0.0,0,0.0,0.0,100.0,0.0,0,0.0,0.0,100.0,0.0,0,0.0,0.0,100.0,0.0,0
2026-06-22 12:43:20,844.1,0.0,0.0,100.0,0.0,0,0.0,0.0,100.0,0.0,0,0.0,0.0,100.0,0.0,0,0.0,0.0,100.0,0.0,0,0.0,0.0,100.0,0.0,0,0.0,0.0,100.0,0.0,0
2026-06-22 12:43:21,844.84,0.0,0.0,100.0,0.0,0,0.0,0.0,100.0,0.0,0,0.0,0.0,100.0,0.0,0,0.0,0.0,100.0,0.0,0,0.0,0.0,100.0,0.0,0,0.0,0.0,100.0,0.0,0
2026-06-22 12:43:21,845.59,0.0,0.0,100.0,0.0,0,0.0,0.0,100.0,0.0,0,0.0,0.0,100.0,0.0,0,0.0,0.0,100.0,0.0,0,0.0,0.0,100.0,0.0,0,0.0,0.0,100.0,0.0,0
2026-06-22 12:43:22,846.31,0.0,0.0,100.0,0.0,0,0.0,0.0,100.0,0.0,0,0.0,0.0,100.0,0.0,0,0.0,0.0,100.0,0.0,0,0.0,0.0,100.0,0.0,0,0.0,0.0,100.0,0.0,0
2026-06-22 12:43:23,847.05,0.0,0.0,100.0,0.0,0,0.0,0.0,100.0,0.0,0,0.0,0.0,100.0,0.0,0,0.0,0.0,100.0,0.0,0,0.0,0.0,100.0,0.0,0,0.0,0.0,100.0,0.0,0
2026-06-22 12:43:24,847.79,0.0,0.0,100.0,0.0,0,0.0,0.0,100.0,0.0,0,0.0,0.0,100.0,0.0,0,0.0,0.0,100.0,0.0,0,0.0,0.0,100.0,0.0,0,0.0,0.0,100.0,0.0,0
2026-06-22 12:43:24,848.54,0.0,0.0,100.0,0.0,0,0.0,0.0,100.0,0.0,0,0.0,0.0,100.0,0.0,0,0.0,0.0,100.0,0.0,0,0.0,0.0,100.0,0.0,0,0.0,0.0,100.0,0.0,0
2026-06-22 12:43:25,849.3,0.0,0.0,100.0,0.0,0,0.0,0.0,100.0,0.0,0,0.0,0.0,100.0,0.0,0,0.0,0.0,100.0,0.0,0,0.0,0.0,100.0,0.0,0,0.0,0.0,100.0,0.0,0
2026-06-22 12:43:26,850.03,0.0,0.0,100.0,0.0,0,0.0,0.0,100.0,0.0,0,0.0,0.0,100.0,0.0,0,0.0,0.0,100.0,0.0,0,0.0,0.0,100.0,0.0,0,0.0,0.0,100.0,0.0,0
2026-06-22 12:43:27,850.78,0.0,0.0,100.0,0.0,0,0.0,0.0,100.0,0.0,0,0.0,0.0,100.0,0.0,0,0.0,0.0,100.0,0.0,0,0.0,0.0,100.0,0.0,0,0.0,0.0,100.0,0.0,0
2026-06-22 12:43:27,851.51,0.0,0.0,100.0,0.0,0,0.0,0.0,100.0,0.0,0,0.0,0.0,100.0,0.0,0,0.0,0.0,100.0,0.0,0,0.0,0.0,100.0,0.0,0,0.0,0.0,100.0,0.0,0
2026-06-22 12:43:28,852.26,0.0,0.0,100.0,0.0,0,0.0,0.0,100.0,0.0,0,0.0,0.0,100.0,0.0,0,0.0,0.0,100.0,0.0,0,0.0,0.0,100.0,0.0,0,0.0,0.0,100.0,0.0,0
2026-06-22 12:43:29,853.0,0.0,0.0,100.0,0.0,0,0.0,0.0,100.0,0.0,0,0.0,0.0,100.0,0.0,0,0.0,0.0,100.0,0.0,0,0.0,0.0,100.0,0.0,0,0.0,0.0,100.0,0.0,0
2026-06-22 12:43:30,853.77,0.0,0.0,100.0,0.0,0,0.0,0.0,100.0,0.0,0,0.0,0.0,100.0,0.0,0,0.0,0.0,100.0,0.0,0,0.0,0.0,100.0,0.0,0,0.0,0.0,100.0,0.0,0
2026-06-22 12:43:30,854.55,0.0,0.0,100.0,0.0,0,0.0,0.0,100.0,0.0,0,0.0,0.0,100.0,0.0,0,0.0,0.0,100.0,0.0,0,0.0,0.0,100.0,0.0,0,0.0,0.0,100.0,0.0,0
2026-06-22 12:43:31,855.29,0.0,0.0,100.0,0.0,0,0.0,0.0,100.0,0.0,0,0.0,0.0,100.0,0.0,0,0.0,0.0,100.0,0.0,0,0.0,0.0,100.0,0.0,0,0.0,0.0,100.0,0.0,0
2026-06-22 12:43:32,856.03,0.0,0.0,100.0,0.0,0,0.0,0.0,100.0,0.0,0,0.0,0.0,100.0,0.0,0,0.0,0.0,100.0,0.0,0,0.0,0.0,100.0,0.0,0,0.0,0.0,100.0,0.0,0
2026-06-22 12:43:33,856.8,0.0,0.0,100.0,0.0,0,0.0,0.0,100.0,0.0,0,0.0,0.0,100.0,0.0,0,0.0,0.0,100.0,0.0,0,0.0,0.0,100.0,0.0,0,0.0,0.0,100.0,0.0,0
2026-06-22 12:43:33,857.54,0.0,0.0,100.0,0.0,0,0.0,0.0,100.0,0.0,0,0.0,0.0,100.0,0.0,0,0.0,0.0,100.0,0.0,0,0.0,0.0,100.0,0.0,0,0.0,0.0,100.0,0.0,0
2026-06-22 12:43:34,858.31,0.0,0.0,100.0,0.0,0,0.0,0.0,100.0,0.0,0,0.0,0.0,100.0,0.0,0,0.0,0.0,100.0,0.0,0,0.0,0.0,100.0,0.0,0,0.0,0.0,100.0,0.0,0
2026-06-22 12:43:35,859.1,0.0,0.0,100.0,0.0,0,0.0,0.0,100.0,0.0,0,0.0,0.0,100.0,0.0,0,0.0,0.0,100.0,0.0,0,0.0,0.0,100.0,0.0,0,0.0,0.0,100.0,0.0,0
2026-06-22 12:43:36,859.88,0.0,0.0,100.0,0.0,0,0.0,0.0,100.0,0.0,0,0.0,0.0,100.0,0.0,0,0.0,0.0,100.0,0.0,0,0.0,0.0,100.0,0.0,0,0.0,0.0,100.0,0.0,0
2026-06-22 12:43:37,860.68,0.0,0.0,100.0,0.0,0,0.0,0.0,100.0,0.0,0,0.0,0.0,100.0,0.0,0,0.0,0.0,100.0,0.0,0,0.0,0.0,100.0,0.0,0,0.0,0.0,100.0,0.0,0
2026-06-22 12:43:37,861.42,0.0,0.0,100.0,0.0,0,0.0,0.0,100.0,0.0,0,0.0,0.0,100.0,0.0,0,0.0,0.0,100.0,0.0,0,0.0,0.0,100.0,0.0,0,0.0,0.0,100.0,0.0,0
2026-06-22 12:43:38,862.16,0.0,0.0,100.0,0.0,0,0.0,0.0,100.0,0.0,0,0.0,0.0,100.0,0.0,0,0.0,0.0,100.0,0.0,0,0.0,0.0,100.0,0.0,0,0.0,0.0,100.0,0.0,0
2026-06-22 12:43:39,862.89,0.0,0.0,100.0,0.0,0,0.0,0.0,100.0,0.0,0,0.0,0.0,100.0,0.0,0,0.0,0.0,100.0,0.0,0,0.0,0.0,100.0,0.0,0,0.0,0.0,100.0,0.0,0
2026-06-22 12:43:40,863.62,0.0,0.0,100.0,0.0,0,0.0,0.0,100.0,0.0,0,0.0,0.0,100.0,0.0,0,0.0,0.0,100.0,0.0,0,0.0,0.0,100.0,0.0,0,0.0,0.0,100.0,0.0,0
2026-06-22 12:43:40,864.35,0.0,0.0,100.0,0.0,0,0.0,0.0,100.0,0.0,0,0.0,0.0,100.0,0.0,0,0.0,0.0,100.0,0.0,0,0.0,0.0,100.0,0.0,0,0.0,0.0,100.0,0.0,0
2026-06-22 12:43:41,865.09,0.0,0.0,100.0,0.0,0,0.0,0.0,100.0,0.0,0,0.0,0.0,100.0,0.0,0,0.0,0.0,100.0,0.0,0,0.0,0.0,100.0,0.0,0,0.0,0.0,100.0,0.0,0
2026-06-22 12:43:42,865.86,0.0,0.0,100.0,0.0,0,0.0,0.0,100.0,0.0,0,0.0,0.0,100.0,0.0,0,0.0,0.0,100.0,0.0,0,0.0,0.0,100.0,0.0,0,0.0,0.0,100.0,0.0,0
2026-06-22 12:43:43,866.63,0.0,0.0,100.0,0.0,0,0.0,0.0,100.0,0.0,0,0.0,0.0,100.0,0.0,0,0.0,0.0,100.0,0.0,0,0.0,0.0,100.0,0.0,0,0.0,0.0,100.0,0.0,0
2026-06-22 12:43:43,867.39,0.0,0.0,100.0,0.0,0,0.0,0.0,100.0,0.0,0,0.0,0.0,100.0,0.0,0,0.0,0.0,100.0,0.0,0,0.0,0.0,100.0,0.0,0,0.0,0.0,100.0,0.0,0
2026-06-22 12:43:44,868.16,0.0,0.0,100.0,0.0,0,0.0,0.0,100.0,0.0,0,0.0,0.0,100.0,0.0,0,0.0,0.0,100.0,0.0,0,0.0,0.0,100.0,0.0,0,0.0,0.0,100.0,0.0,0
2026-06-22 12:43:45,868.91,0.0,0.0,100.0,0.0,0,0.0,0.0,100.0,0.0,0,0.0,0.0,100.0,0.0,0,0.0,0.0,100.0,0.0,0,0.0,0.0,100.0,0.0,0,0.0,0.0,100.0,0.0,0
2026-06-22 12:43:46,869.66,0.0,0.0,100.0,0.0,0,0.0,0.0,100.0,0.0,0,0.0,0.0,100.0,0.0,0,0.0,0.0,100.0,0.0,0,0.0,0.0,100.0,0.0,0,0.0,0.0,100.0,0.0,0
2026-06-22 12:43:46,870.42,0.0,0.0,100.0,0.0,0,0.0,0.0,100.0,0.0,0,0.0,0.0,100.0,0.0,0,0.0,0.0,100.0,0.0,0,0.0,0.0,100.0,0.0,0,0.0,0.0,100.0,0.0,0
2026-06-22 12:43:47,871.18,0.0,0.0,100.0,0.0,0,0.0,0.0,100.0,0.0,0,0.0,0.0,100.0,0.0,0,0.0,0.0,100.0,0.0,0,0.0,0.0,100.0,0.0,0,0.0,0.0,100.0,0.0,0
2026-06-22 12:43:48,871.91,0.0,0.0,100.0,0.0,0,0.0,0.0,100.0,0.0,0,0.0,0.0,100.0,0.0,0,0.0,0.0,100.0,0.0,0,0.0,0.0,100.0,0.0,0,0.0,0.0,100.0,0.0,0
2026-06-22 12:43:49,872.65,0.0,0.0,100.0,0.0,0,0.0,0.0,100.0,0.0,0,0.0,0.0,100.0,0.0,0,0.0,0.0,100.0,0.0,0,0.0,0.0,100.0,0.0,0,0.0,0.0,100.0,0.0,0
2026-06-22 12:43:49,873.39,0.0,0.0,100.0,0.0,0,0.0,0.0,100.0,0.0,0,0.0,0.0,100.0,0.0,0,0.0,0.0,100.0,0.0,0,0.0,0.0,100.0,0.0,0,0.0,0.0,100.0,0.0,0
2026-06-22 12:43:50,874.13,0.0,0.0,100.0,0.0,0,0.0,0.0,100.0,0.0,0,0.0,0.0,100.0,0.0,0,0.0,0.0,100.0,0.0,0,0.0,0.0,100.0,0.0,0,0.0,0.0,100.0,0.0,0
2026-06-22 12:43:51,874.89,0.0,0.0,100.0,0.0,0,0.0,0.0,100.0,0.0,0,0.0,0.0,100.0,0.0,0,0.0,0.0,100.0,0.0,0,0.0,0.0,100.0,0.0,0,0.0,0.0,100.0,0.0,0
2026-06-22 12:43:52,875.66,0.0,0.0,100.0,0.0,0,0.0,0.0,100.0,0.0,0,0.0,0.0,100.0,0.0,0,0.0,0.0,100.0,0.0,0,0.0,0.0,100.0,0.0,0,0.0,0.0,100.0,0.0,0
2026-06-22 12:43:52,876.39,0.0,0.0,100.0,0.0,0,0.0,0.0,100.0,0.0,0,0.0,0.0,100.0,0.0,0,0.0,0.0,100.0,0.0,0,0.0,0.0,100.0,0.0,0,0.0,0.0,100.0,0.0,0
2026-06-22 12:43:53,877.11,0.0,0.0,100.0,0.0,0,0.0,0.0,100.0,0.0,0,0.0,0.0,100.0,0.0,0,0.0,0.0,100.0,0.0,0,0.0,0.0,100.0,0.0,0,0.0,0.0,100.0,0.0,0
2026-06-22 12:43:54,877.84,0.0,0.0,100.0,0.0,0,0.0,0.0,100.0,0.0,0,0.0,0.0,100.0,0.0,0,0.0,0.0,100.0,0.0,0,0.0,0.0,100.0,0.0,0,0.0,0.0,100.0,0.0,0
2026-06-22 12:43:54,878.58,0.0,0.0,100.0,0.0,0,0.0,0.0,100.0,0.0,0,0.0,0.0,100.0,0.0,0,0.0,0.0,100.0,0.0,0,0.0,0.0,100.0,0.0,0,0.0,0.0,100.0,0.0,0
2026-06-22 12:43:55,879.33,0.0,0.0,100.0,0.0,0,0.0,0.0,100.0,0.0,0,0.0,0.0,100.0,0.0,0,0.0,0.0,100.0,0.0,0,0.0,0.0,100.0,0.0,0,0.0,0.0,100.0,0.0,0
2026-06-22 12:43:56,880.09,0.0,0.0,100.0,0.0,0,0.0,0.0,100.0,0.0,0,0.0,0.0,100.0,0.0,0,0.0,0.0,100.0,0.0,0,0.0,0.0,100.0,0.0,0,0.0,0.0,100.0,0.0,0
2026-06-22 12:43:57,880.85,0.0,0.0,100.0,0.0,0,0.0,0.0,100.0,0.0,0,0.0,0.0,100.0,0.0,0,0.0,0.0,100.0,0.0,0,0.0,0.0,100.0,0.0,0,0.0,0.0,100.0,0.0,0
2026-06-22 12:43:57,881.59,0.0,0.0,100.0,0.0,0,0.0,0.0,100.0,0.0,0,0.0,0.0,100.0,0.0,0,0.0,0.0,100.0,0.0,0,0.0,0.0,100.0,0.0,0,0.0,0.0,100.0,0.0,0
2026-06-22 12:43:58,882.38,0.0,0.0,100.0,0.0,0,0.0,0.0,100.0,0.0,0,0.0,0.0,100.0,0.0,0,0.0,0.0,100.0,0.0,0,0.0,0.0,100.0,0.0,0,0.0,0.0,100.0,0.0,0
2026-06-22 12:43:59,883.12,0.0,0.0,100.0,0.0,0,0.0,0.0,100.0,0.0,0,0.0,0.0,100.0,0.0,0,0.0,0.0,100.0,0.0,0,0.0,0.0,100.0,0.0,0,0.0,0.0,100.0,0.0,0
2026-06-22 12:44:00,883.91,0.0,0.0,100.0,0.0,0,0.0,0.0,100.0,0.0,0,0.0,0.0,100.0,0.0,0,0.0,0.0,100.0,0.0,0,0.0,0.0,100.0,0.0,0,0.0,0.0,100.0,0.0,0
2026-06-22 12:44:01,884.66,0.0,0.0,100.0,0.0,0,0.0,0.0,100.0,0.0,0,0.0,0.0,100.0,0.0,0,0.0,0.0,100.0,0.0,0,0.0,0.0,100.0,0.0,0,0.0,0.0,100.0,0.0,0
2026-06-22 12:44:01,885.42,0.0,0.0,100.0,0.0,0,0.0,0.0,100.0,0.0,0,0.0,0.0,100.0,0.0,0,0.0,0.0,100.0,0.0,0,0.0,0.0,100.0,0.0,0,0.0,0.0,100.0,0.0,0
2026-06-22 12:44:02,886.21,0.0,0.0,100.0,0.0,0,0.0,0.0,100.0,0.0,0,0.0,0.0,100.0,0.0,0,0.0,0.0,100.0,0.0,0,0.0,0.0,100.0,0.0,0,0.0,0.0,100.0,0.0,0
2026-06-22 12:44:03,886.97,0.0,0.0,100.0,0.0,0,0.0,0.0,100.0,0.0,0,0.0,0.0,100.0,0.0,0,0.0,0.0,100.0,0.0,0,0.0,0.0,100.0,0.0,0,0.0,0.0,100.0,0.0,0
2026-06-22 12:44:04,887.75,0.0,0.0,100.0,0.0,0,0.0,0.0,100.0,0.0,0,0.0,0.0,100.0,0.0,0,0.0,0.0,100.0,0.0,0,0.0,0.0,100.0,0.0,0,0.0,0.0,100.0,0.0,0
2026-06-22 12:44:04,888.49,0.0,0.0,100.0,0.0,0,0.0,0.0,100.0,0.0,0,0.0,0.0,100.0,0.0,0,0.0,0.0,100.0,0.0,0,0.0,0.0,100.0,0.0,0,0.0,0.0,100.0,0.0,0
2026-06-22 12:44:05,889.26,0.0,0.0,100.0,0.0,0,0.0,0.0,100.0,0.0,0,0.0,0.0,100.0,0.0,0,0.0,0.0,100.0,0.0,0,0.0,0.0,100.0,0.0,0,0.0,0.0,100.0,0.0,0
2026-06-22 12:44:06,890.09,0.0,0.0,100.0,0.0,0,0.0,0.0,100.0,0.0,0,0.0,0.0,100.0,0.0,0,0.0,0.0,100.0,0.0,0,0.0,0.0,100.0,0.0,0,0.0,0.0,100.0,0.0,0
2026-06-22 12:44:07,890.89,0.0,0.0,100.0,0.0,0,0.0,0.0,100.0,0.0,0,0.0,0.0,100.0,0.0,0,0.0,0.0,100.0,0.0,0,0.0,0.0,100.0,0.0,0,0.0,0.0,100.0,0.0,0
2026-06-22 12:44:08,891.66,0.0,0.0,100.0,0.0,0,0.0,0.0,100.0,0.0,0,0.0,0.0,100.0,0.0,0,0.0,0.0,100.0,0.0,0,0.0,0.0,100.0,0.0,0,0.0,0.0,100.0,0.0,0
2026-06-22 12:44:08,892.39,0.0,0.0,100.0,0.0,0,0.0,0.0,100.0,0.0,0,0.0,0.0,100.0,0.0,0,0.0,0.0,100.0,0.0,0,0.0,0.0,100.0,0.0,0,0.0,0.0,100.0,0.0,0
2026-06-22 12:44:09,893.14,0.0,0.0,100.0,0.0,0,0.0,0.0,100.0,0.0,0,0.0,0.0,100.0,0.0,0,0.0,0.0,100.0,0.0,0,0.0,0.0,100.0,0.0,0,0.0,0.0,100.0,0.0,0
2026-06-22 12:44:10,893.88,0.0,0.0,100.0,0.0,0,0.0,0.0,100.0,0.0,0,0.0,0.0,100.0,0.0,0,0.0,0.0,100.0,0.0,0,0.0,0.0,100.0,0.0,0,0.0,0.0,100.0,0.0,0
2026-06-22 12:44:11,894.63,0.0,0.0,100.0,0.0,0,0.0,0.0,100.0,0.0,0,0.0,0.0,100.0,0.0,0,0.0,0.0,100.0,0.0,0,0.0,0.0,100.0,0.0,0,0.0,0.0,100.0,0.0,0
2026-06-22 12:44:11,895.41,0.0,0.0,100.0,0.0,0,0.0,0.0,100.0,0.0,0,0.0,0.0,100.0,0.0,0,0.0,0.0,100.0,0.0,0,0.0,0.0,100.0,0.0,0,0.0,0.0,100.0,0.0,0
2026-06-22 12:44:12,896.16,0.0,0.0,100.0,0.0,0,0.0,0.0,100.0,0.0,0,0.0,0.0,100.0,0.0,0,0.0,0.0,100.0,0.0,0,0.0,0.0,100.0,0.0,0,0.0,0.0,100.0,0.0,0
2026-06-22 12:44:13,896.9,0.0,0.0,100.0,0.0,0,0.0,0.0,100.0,0.0,0,0.0,0.0,100.0,0.0,0,0.0,0.0,100.0,0.0,0,0.0,0.0,100.0,0.0,0,0.0,0.0,100.0,0.0,0
2026-06-22 12:44:14,897.65,0.0,0.0,100.0,0.0,0,0.0,0.0,100.0,0.0,0,0.0,0.0,100.0,0.0,0,0.0,0.0,100.0,0.0,0,0.0,0.0,100.0,0.0,0,0.0,0.0,100.0,0.0,0
2026-06-22 12:44:14,898.39,0.0,0.0,100.0,0.0,0,0.0,0.0,100.0,0.0,0,0.0,0.0,100.0,0.0,0,0.0,0.0,100.0,0.0,0,0.0,0.0,100.0,0.0,0,0.0,0.0,100.0,0.0,0
2026-06-22 12:44:15,899.12,0.0,0.0,100.0,0.0,0,0.0,0.0,100.0,0.0,0,0.0,0.0,100.0,0.0,0,0.0,0.0,100.0,0.0,0,0.0,0.0,100.0,0.0,0,0.0,0.0,100.0,0.0,0
2026-06-22 12:44:16,899.85,0.0,0.0,100.0,0.0,0,0.0,0.0,100.0,0.0,0,0.0,0.0,100.0,0.0,0,0.0,0.0,100.0,0.0,0,0.0,0.0,100.0,0.0,0,0.0,0.0,100.0,0.0,0
2026-06-22 12:44:16,900.6,0.0,0.0,100.0,0.0,0,0.0,0.0,100.0,0.0,0,0.0,0.0,100.0,0.0,0,0.0,0.0,100.0,0.0,0,0.0,0.0,100.0,0.0,0,0.0,0.0,100.0,0.0,0
2026-06-22 12:44:17,901.34,0.0,0.0,100.0,0.0,0,0.0,0.0,100.0,0.0,0,0.0,0.0,100.0,0.0,0,0.0,0.0,100.0,0.0,0,0.0,0.0,100.0,0.0,0,0.0,0.0,100.0,0.0,0
2026-06-22 12:44:18,902.11,0.0,0.0,100.0,0.0,0,0.0,0.0,100.0,0.0,0,0.0,0.0,100.0,0.0,0,0.0,0.0,100.0,0.0,0,0.0,0.0,100.0,0.0,0,0.0,0.0,100.0,0.0,0
2026-06-22 12:44:19,902.87,0.0,0.0,100.0,0.0,0,0.0,0.0,100.0,0.0,0,0.0,0.0,100.0,0.0,0,0.0,0.0,100.0,0.0,0,0.0,0.0,100.0,0.0,0,0.0,0.0,100.0,0.0,0
2026-06-22 12:44:20,903.62,0.0,0.0,100.0,0.0,0,0.0,0.0,100.0,0.0,0,0.0,0.0,100.0,0.0,0,0.0,0.0,100.0,0.0,0,0.0,0.0,100.0,0.0,0,0.0,0.0,100.0,0.0,0
2026-06-22 12:44:20,904.35,0.0,0.0,100.0,0.0,0,0.0,0.0,100.0,0.0,0,0.0,0.0,100.0,0.0,0,0.0,0.0,100.0,0.0,0,0.0,0.0,100.0,0.0,0,0.0,0.0,100.0,0.0,0
2026-06-22 12:44:21,905.08,0.0,0.0,100.0,0.0,0,0.0,0.0,100.0,0.0,0,0.0,0.0,100.0,0.0,0,0.0,0.0,100.0,0.0,0,0.0,0.0,100.0,0.0,0,0.0,0.0,100.0,0.0,0
2026-06-22 12:44:22,905.84,0.0,0.0,100.0,0.0,0,0.0,0.0,100.0,0.0,0,0.0,0.0,100.0,0.0,0,0.0,0.0,100.0,0.0,0,0.0,0.0,100.0,0.0,0,0.0,0.0,100.0,0.0,0
2026-06-22 12:44:22,906.58,0.0,0.0,100.0,0.0,0,0.0,0.0,100.0,0.0,0,0.0,0.0,100.0,0.0,0,0.0,0.0,100.0,0.0,0,0.0,0.0,100.0,0.0,0,0.0,0.0,100.0,0.0,0
2026-06-22 12:44:23,907.34,0.0,0.0,100.0,0.0,0,0.0,0.0,100.0,0.0,0,0.0,0.0,100.0,0.0,0,0.0,0.0,100.0,0.0,0,0.0,0.0,100.0,0.0,0,0.0,0.0,100.0,0.0,0
2026-06-22 12:44:24,908.07,0.0,0.0,100.0,0.0,0,0.0,0.0,100.0,0.0,0,0.0,0.0,100.0,0.0,0,0.0,0.0,100.0,0.0,0,0.0,0.0,100.0,0.0,0,0.0,0.0,100.0,0.0,0
2026-06-22 12:44:25,908.82,0.0,0.0,100.0,0.0,0,0.0,0.0,100.0,0.0,0,0.0,0.0,100.0,0.0,0,0.0,0.0,100.0,0.0,0,0.0,0.0,100.0,0.0,0,0.0,0.0,100.0,0.0,0
2026-06-22 12:44:25,909.55,0.0,0.0,100.0,0.0,0,0.0,0.0,100.0,0.0,0,0.0,0.0,100.0,0.0,0,0.0,0.0,100.0,0.0,0,0.0,0.0,100.0,0.0,0,0.0,0.0,100.0,0.0,0
2026-06-22 12:44:26,910.28,0.0,0.0,100.0,0.0,0,0.0,0.0,100.0,0.0,0,0.0,0.0,100.0,0.0,0,0.0,0.0,100.0,0.0,0,0.0,0.0,100.0,0.0,0,0.0,0.0,100.0,0.0,0
2026-06-22 12:44:27,911.01,0.0,0.0,100.0,0.0,0,0.0,0.0,100.0,0.0,0,0.0,0.0,100.0,0.0,0,0.0,0.0,100.0,0.0,0,0.0,0.0,100.0,0.0,0,0.0,0.0,100.0,0.0,0
2026-06-22 12:44:28,911.77,0.0,0.0,100.0,0.0,0,0.0,0.0,100.0,0.0,0,0.0,0.0,100.0,0.0,0,0.0,0.0,100.0,0.0,0,0.0,0.0,100.0,0.0,0,0.0,0.0,100.0,0.0,0
2026-06-22 12:44:28,912.57,0.0,0.0,100.0,0.0,0,0.0,0.0,100.0,0.0,0,0.0,0.0,100.0,0.0,0,0.0,0.0,100.0,0.0,0,0.0,0.0,100.0,0.0,0,0.0,0.0,100.0,0.0,0
2026-06-22 12:44:29,913.31,0.0,0.0,100.0,0.0,0,0.0,0.0,100.0,0.0,0,0.0,0.0,100.0,0.0,0,0.0,0.0,100.0,0.0,0,0.0,0.0,100.0,0.0,0,0.0,0.0,100.0,0.0,0
2026-06-22 12:44:30,914.07,0.0,0.0,100.0,0.0,0,0.0,0.0,100.0,0.0,0,0.0,0.0,100.0,0.0,0,0.0,0.0,100.0,0.0,0,0.0,0.0,100.0,0.0,0,0.0,0.0,100.0,0.0,0
2026-06-22 12:44:31,914.81,0.0,0.0,100.0,0.0,0,0.0,0.0,100.0,0.0,0,0.0,0.0,100.0,0.0,0,0.0,0.0,100.0,0.0,0,0.0,0.0,100.0,0.0,0,0.0,0.0,100.0,0.0,0
2026-06-22 12:44:31,915.57,0.0,0.0,100.0,0.0,0,0.0,0.0,100.0,0.0,0,0.0,0.0,100.0,0.0,0,0.0,0.0,100.0,0.0,0,0.0,0.0,100.0,0.0,0,0.0,0.0,100.0,0.0,0
2026-06-22 12:44:32,916.32,0.0,0.0,100.0,0.0,0,0.0,0.0,100.0,0.0,0,0.0,0.0,100.0,0.0,0,0.0,0.0,100.0,0.0,0,0.0,0.0,100.0,0.0,0,0.0,0.0,100.0,0.0,0
2026-06-22 12:44:33,917.05,0.0,0.0,100.0,0.0,0,0.0,0.0,100.0,0.0,0,0.0,0.0,100.0,0.0,0,0.0,0.0,100.0,0.0,0,0.0,0.0,100.0,0.0,0,0.0,0.0,100.0,0.0,0
2026-06-22 12:44:34,917.8,0.0,0.0,100.0,0.0,0,0.0,0.0,100.0,0.0,0,0.0,0.0,100.0,0.0,0,0.0,0.0,100.0,0.0,0,0.0,0.0,100.0,0.0,0,0.0,0.0,100.0,0.0,0
2026-06-22 12:44:34,918.55,0.0,0.0,100.0,0.0,0,0.0,0.0,100.0,0.0,0,0.0,0.0,100.0,0.0,0,0.0,0.0,100.0,0.0,0,0.0,0.0,100.0,0.0,0,0.0,0.0,100.0,0.0,0
2026-06-22 12:44:35,919.31,0.0,0.0,100.0,0.0,0,0.0,0.0,100.0,0.0,0,0.0,0.0,100.0,0.0,0,0.0,0.0,100.0,0.0,0,0.0,0.0,100.0,0.0,0,0.0,0.0,100.0,0.0,0
2026-06-22 12:44:36,920.06,0.0,0.0,100.0,0.0,0,0.0,0.0,100.0,0.0,0,0.0,0.0,100.0,0.0,0,0.0,0.0,100.0,0.0,0,0.0,0.0,100.0,0.0,0,0.0,0.0,100.0,0.0,0
2026-06-22 12:44:37,920.79,0.0,0.0,100.0,0.0,0,0.0,0.0,100.0,0.0,0,0.0,0.0,100.0,0.0,0,0.0,0.0,100.0,0.0,0,0.0,0.0,100.0,0.0,0,0.0,0.0,100.0,0.0,0
2026-06-22 12:44:37,921.54,0.0,0.0,100.0,0.0,0,0.0,0.0,100.0,0.0,0,0.0,0.0,100.0,0.0,0,0.0,0.0,100.0,0.0,0,0.0,0.0,100.0,0.0,0,0.0,0.0,100.0,0.0,0
2026-06-22 12:44:38,922.3,0.0,0.0,100.0,0.0,0,0.0,0.0,100.0,0.0,0,0.0,0.0,100.0,0.0,0,0.0,0.0,100.0,0.0,0,0.0,0.0,100.0,0.0,0,0.0,0.0,100.0,0.0,0
2026-06-22 12:44:39,923.07,0.0,0.0,100.0,0.0,0,0.0,0.0,100.0,0.0,0,0.0,0.0,100.0,0.0,0,0.0,0.0,100.0,0.0,0,0.0,0.0,100.0,0.0,0,0.0,0.0,100.0,0.0,0
2026-06-22 12:44:40,923.86,0.0,0.0,100.0,0.0,0,0.0,0.0,100.0,0.0,0,0.0,0.0,100.0,0.0,0,0.0,0.0,100.0,0.0,0,0.0,0.0,100.0,0.0,0,0.0,0.0,100.0,0.0,0
2026-06-22 12:44:41,924.62,0.0,0.0,100.0,0.0,0,0.0,0.0,100.0,0.0,0,0.0,0.0,100.0,0.0,0,0.0,0.0,100.0,0.0,0,0.0,0.0,100.0,0.0,0,0.0,0.0,100.0,0.0,0
2026-06-22 12:44:41,925.41,0.0,0.0,100.0,0.0,0,0.0,0.0,100.0,0.0,0,0.0,0.0,100.0,0.0,0,0.0,0.0,100.0,0.0,0,0.0,0.0,100.0,0.0,0,0.0,0.0,100.0,0.0,0
2026-06-22 12:44:42,926.19,0.0,0.0,100.0,0.0,0,0.0,0.0,100.0,0.0,0,0.0,0.0,100.0,0.0,0,0.0,0.0,100.0,0.0,0,0.0,0.0,100.0,0.0,0,0.0,0.0,100.0,0.0,0
2026-06-22 12:44:43,927.01,0.0,0.0,100.0,0.0,0,0.0,0.0,100.0,0.0,0,0.0,0.0,100.0,0.0,0,0.0,0.0,100.0,0.0,0,0.0,0.0,100.0,0.0,0,0.0,0.0,100.0,0.0,0
2026-06-22 12:44:44,927.79,0.0,0.0,100.0,0.0,0,0.0,0.0,100.0,0.0,0,0.0,0.0,100.0,0.0,0,0.0,0.0,100.0,0.0,0,0.0,0.0,100.0,0.0,0,0.0,0.0,100.0,0.0,0
2026-06-22 12:44:44,928.57,0.0,0.0,100.0,0.0,0,0.0,0.0,100.0,0.0,0,0.0,0.0,100.0,0.0,0,0.0,0.0,100.0,0.0,0,0.0,0.0,100.0,0.0,0,0.0,0.0,100.0,0.0,0
2026-06-22 12:44:45,929.36,0.0,0.0,100.0,0.0,0,0.0,0.0,100.0,0.0,0,0.0,0.0,100.0,0.0,0,0.0,0.0,100.0,0.0,0,0.0,0.0,100.0,0.0,0,0.0,0.0,100.0,0.0,0
2026-06-22 12:44:46,930.24,0.0,0.0,100.0,0.0,0,0.0,0.0,100.0,0.0,0,0.0,0.0,100.0,0.0,0,0.0,0.0,100.0,0.0,0,0.0,0.0,100.0,0.0,0,0.0,0.0,100.0,0.0,0
2026-06-22 12:44:47,931.04,0.0,0.0,100.0,0.0,0,0.0,0.0,100.0,0.0,0,0.0,0.0,100.0,0.0,0,0.0,0.0,100.0,0.0,0,0.0,0.0,100.0,0.0,0,0.0,0.0,100.0,0.0,0
2026-06-22 12:44:48,931.85,0.0,0.0,100.0,0.0,0,0.0,0.0,100.0,0.0,0,0.0,0.0,100.0,0.0,0,0.0,0.0,100.0,0.0,0,0.0,0.0,100.0,0.0,0,0.0,0.0,100.0,0.0,0
2026-06-22 12:44:48,932.61,0.0,0.0,100.0,0.0,0,0.0,0.0,100.0,0.0,0,0.0,0.0,100.0,0.0,0,0.0,0.0,100.0,0.0,0,0.0,0.0,100.0,0.0,0,0.0,0.0,100.0,0.0,0
2026-06-22 12:44:49,933.54,0.0,0.0,100.0,0.0,0,0.0,0.0,100.0,0.0,0,0.0,0.0,100.0,0.0,0,0.0,0.0,100.0,0.0,0,0.0,0.0,100.0,0.0,0,0.0,0.0,100.0,0.0,0
2026-06-22 12:44:50,934.34,0.0,0.0,100.0,0.0,0,0.0,0.0,100.0,0.0,0,0.0,0.0,100.0,0.0,0,0.0,0.0,100.0,0.0,0,0.0,0.0,100.0,0.0,0,0.0,0.0,100.0,0.0,0
2026-06-22 12:44:51,935.11,0.0,0.0,100.0,0.0,0,0.0,0.0,100.0,0.0,0,0.0,0.0,100.0,0.0,0,0.0,0.0,100.0,0.0,0,0.0,0.0,100.0,0.0,0,0.0,0.0,100.0,0.0,0
2026-06-22 12:44:52,935.87,0.0,0.0,100.0,0.0,0,0.0,0.0,100.0,0.0,0,0.0,0.0,100.0,0.0,0,0.0,0.0,100.0,0.0,0,0.0,0.0,100.0,0.0,0,0.0,0.0,100.0,0.0,0
2026-06-22 12:44:53,936.61,0.0,0.0,100.0,0.0,0,0.0,0.0,100.0,0.0,0,0.0,0.0,100.0,0.0,0,0.0,0.0,100.0,0.0,0,0.0,0.0,100.0,0.0,0,0.0,0.0,100.0,0.0,0
2026-06-22 12:44:53,937.37,0.0,0.0,100.0,0.0,0,0.0,0.0,100.0,0.0,0,0.0,0.0,100.0,0.0,0,0.0,0.0,100.0,0.0,0,0.0,0.0,100.0,0.0,0,0.0,0.0,100.0,0.0,0
2026-06-22 12:44:54,938.11,0.0,0.0,100.0,0.0,0,0.0,0.0,100.0,0.0,0,0.0,0.0,100.0,0.0,0,0.0,0.0,100.0,0.0,0,0.0,0.0,100.0,0.0,0,0.0,0.0,100.0,0.0,0
2026-06-22 12:44:55,938.86,0.0,0.0,100.0,0.0,0,0.0,0.0,100.0,0.0,0,0.0,0.0,100.0,0.0,0,0.0,0.0,100.0,0.0,0,0.0,0.0,100.0,0.0,0,0.0,0.0,100.0,0.0,0
2026-06-22 12:44:56,939.61,0.0,0.0,100.0,0.0,0,0.0,0.0,100.0,0.0,0,0.0,0.0,100.0,0.0,0,0.0,0.0,100.0,0.0,0,0.0,0.0,100.0,0.0,0,0.0,0.0,100.0,0.0,0
2026-06-22 12:44:56,940.4,0.0,0.0,100.0,0.0,0,0.0,0.0,100.0,0.0,0,0.0,0.0,100.0,0.0,0,0.0,0.0,100.0,0.0,0,0.0,0.0,100.0,0.0,0,0.0,0.0,100.0,0.0,0
2026-06-22 12:44:57,941.14,0.0,0.0,100.0,0.0,0,0.0,0.0,100.0,0.0,0,0.0,0.0,100.0,0.0,0,0.0,0.0,100.0,0.0,0,0.0,0.0,100.0,0.0,0,0.0,0.0,100.0,0.0,0
2026-06-22 12:44:58,941.88,0.0,0.0,100.0,0.0,0,0.0,0.0,100.0,0.0,0,0.0,0.0,100.0,0.0,0,0.0,0.0,100.0,0.0,0,0.0,0.0,100.0,0.0,0,0.0,0.0,100.0,0.0,0
2026-06-22 12:44:59,942.65,0.0,0.0,100.0,0.0,0,0.0,0.0,100.0,0.0,0,0.0,0.0,100.0,0.0,0,0.0,0.0,100.0,0.0,0,0.0,0.0,100.0,0.0,0,0.0,0.0,100.0,0.0,0
2026-06-22 12:44:59,943.4,0.0,0.0,100.0,0.0,0,0.0,0.0,100.0,0.0,0,0.0,0.0,100.0,0.0,0,0.0,0.0,100.0,0.0,0,0.0,0.0,100.0,0.0,0,0.0,0.0,100.0,0.0,0
2026-06-22 12:45:00,944.15,0.0,0.0,100.0,0.0,0,0.0,0.0,100.0,0.0,0,0.0,0.0,100.0,0.0,0,0.0,0.0,100.0,0.0,0,0.0,0.0,100.0,0.0,0,0.0,0.0,100.0,0.0,0
2026-06-22 12:45:01,944.9,0.0,0.0,100.0,0.0,0,0.0,0.0,100.0,0.0,0,0.0,0.0,100.0,0.0,0,0.0,0.0,100.0,0.0,0,0.0,0.0,100.0,0.0,0,0.0,0.0,100.0,0.0,0
2026-06-22 12:45:02,945.68,0.0,0.0,100.0,0.0,0,0.0,0.0,100.0,0.0,0,0.0,0.0,100.0,0.0,0,0.0,0.0,100.0,0.0,0,0.0,0.0,100.0,0.0,0,0.0,0.0,100.0,0.0,0
2026-06-22 12:45:02,946.47,0.0,0.0,100.0,0.0,0,0.0,0.0,100.0,0.0,0,0.0,0.0,100.0,0.0,0,0.0,0.0,100.0,0.0,0,0.0,0.0,100.0,0.0,0,0.0,0.0,100.0,0.0,0
2026-06-22 12:45:03,947.23,0.0,0.0,100.0,0.0,0,0.0,0.0,100.0,0.0,0,0.0,0.0,100.0,0.0,0,0.0,0.0,100.0,0.0,0,0.0,0.0,100.0,0.0,0,0.0,0.0,100.0,0.0,0
2026-06-22 12:45:04,948.05,0.0,0.0,100.0,0.0,0,0.0,0.0,100.0,0.0,0,0.0,0.0,100.0,0.0,0,0.0,0.0,100.0,0.0,0,0.0,0.0,100.0,0.0,0,0.0,0.0,100.0,0.0,0
2026-06-22 12:45:05,948.84,0.0,0.0,100.0,0.0,0,0.0,0.0,100.0,0.0,0,0.0,0.0,100.0,0.0,0,0.0,0.0,100.0,0.0,0,0.0,0.0,100.0,0.0,0,0.0,0.0,100.0,0.0,0
2026-06-22 12:45:06,949.61,0.0,0.0,100.0,0.0,0,0.0,0.0,100.0,0.0,0,0.0,0.0,100.0,0.0,0,0.0,0.0,100.0,0.0,0,0.0,0.0,100.0,0.0,0,0.0,0.0,100.0,0.0,0
2026-06-22 12:45:06,950.39,0.0,0.0,100.0,0.0,0,0.0,0.0,100.0,0.0,0,0.0,0.0,100.0,0.0,0,0.0,0.0,100.0,0.0,0,0.0,0.0,100.0,0.0,0,0.0,0.0,100.0,0.0,0
2026-06-22 12:45:07,951.13,0.0,0.0,100.0,0.0,0,0.0,0.0,100.0,0.0,0,0.0,0.0,100.0,0.0,0,0.0,0.0,100.0,0.0,0,0.0,0.0,100.0,0.0,0,0.0,0.0,100.0,0.0,0
2026-06-22 12:45:08,951.86,0.0,0.0,100.0,0.0,0,0.0,0.0,100.0,0.0,0,0.0,0.0,100.0,0.0,0,0.0,0.0,100.0,0.0,0,0.0,0.0,100.0,0.0,0,0.0,0.0,100.0,0.0,0
2026-06-22 12:45:09,952.65,0.0,0.0,100.0,0.0,0,0.0,0.0,100.0,0.0,0,0.0,0.0,100.0,0.0,0,0.0,0.0,100.0,0.0,0,0.0,0.0,100.0,0.0,0,0.0,0.0,100.0,0.0,0
2026-06-22 12:45:09,953.41,0.0,0.0,100.0,0.0,0,0.0,0.0,100.0,0.0,0,0.0,0.0,100.0,0.0,0,0.0,0.0,100.0,0.0,0,0.0,0.0,100.0,0.0,0,0.0,0.0,100.0,0.0,0
2026-06-22 12:45:10,954.22,0.0,0.0,100.0,0.0,0,0.0,0.0,100.0,0.0,0,0.0,0.0,100.0,0.0,0,0.0,0.0,100.0,0.0,0,0.0,0.0,100.0,0.0,0,0.0,0.0,100.0,0.0,0
2026-06-22 12:45:11,955.01,0.0,0.0,100.0,0.0,0,0.0,0.0,100.0,0.0,0,0.0,0.0,100.0,0.0,0,0.0,0.0,100.0,0.0,0,0.0,0.0,100.0,0.0,0,0.0,0.0,100.0,0.0,0
2026-06-22 12:45:12,955.77,0.0,0.0,100.0,0.0,0,0.0,0.0,100.0,0.0,0,0.0,0.0,100.0,0.0,0,0.0,0.0,100.0,0.0,0,0.0,0.0,100.0,0.0,0,0.0,0.0,100.0,0.0,0
2026-06-22 12:45:12,956.58,0.0,0.0,100.0,0.0,0,0.0,0.0,100.0,0.0,0,0.0,0.0,100.0,0.0,0,0.0,0.0,100.0,0.0,0,0.0,0.0,100.0,0.0,0,0.0,0.0,100.0,0.0,0
2026-06-22 12:45:13,957.35,0.0,0.0,100.0,0.0,0,0.0,0.0,100.0,0.0,0,0.0,0.0,100.0,0.0,0,0.0,0.0,100.0,0.0,0,0.0,0.0,100.0,0.0,0,0.0,0.0,100.0,0.0,0
2026-06-22 12:45:14,958.11,0.0,0.0,100.0,0.0,0,0.0,0.0,100.0,0.0,0,0.0,0.0,100.0,0.0,0,0.0,0.0,100.0,0.0,0,0.0,0.0,100.0,0.0,0,0.0,0.0,100.0,0.0,0
2026-06-22 12:45:15,958.9,0.0,0.0,100.0,0.0,0,0.0,0.0,100.0,0.0,0,0.0,0.0,100.0,0.0,0,0.0,0.0,100.0,0.0,0,0.0,0.0,100.0,0.0,0,0.0,0.0,100.0,0.0,0
2026-06-22 12:45:16,959.66,0.0,0.0,100.0,0.0,0,0.0,0.0,100.0,0.0,0,0.0,0.0,100.0,0.0,0,0.0,0.0,100.0,0.0,0,0.0,0.0,100.0,0.0,0,0.0,0.0,100.0,0.0,0
2026-06-22 12:45:16,960.44,0.0,0.0,100.0,0.0,0,0.0,0.0,100.0,0.0,0,0.0,0.0,100.0,0.0,0,0.0,0.0,100.0,0.0,0,0.0,0.0,100.0,0.0,0,0.0,0.0,100.0,0.0,0
2026-06-22 12:45:17,961.33,0.0,0.0,100.0,0.0,0,0.0,0.0,100.0,0.0,0,0.0,0.0,100.0,0.0,0,0.0,0.0,100.0,0.0,0,0.0,0.0,100.0,0.0,0,0.0,0.0,100.0,0.0,0
2026-06-22 12:45:18,962.12,0.0,0.0,100.0,0.0,0,0.0,0.0,100.0,0.0,0,0.0,0.0,100.0,0.0,0,0.0,0.0,100.0,0.0,0,0.0,0.0,100.0,0.0,0,0.0,0.0,100.0,0.0,0
2026-06-22 12:45:19,962.9,0.0,0.0,100.0,0.0,0,0.0,0.0,100.0,0.0,0,0.0,0.0,100.0,0.0,0,0.0,0.0,100.0,0.0,0,0.0,0.0,100.0,0.0,0,0.0,0.0,100.0,0.0,0
2026-06-22 12:45:20,963.68,0.0,0.0,100.0,0.0,0,0.0,0.0,100.0,0.0,0,0.0,0.0,100.0,0.0,0,0.0,0.0,100.0,0.0,0,0.0,0.0,100.0,0.0,0,0.0,0.0,100.0,0.0,0
2026-06-22 12:45:20,964.46,0.0,0.0,100.0,0.0,0,0.0,0.0,100.0,0.0,0,0.0,0.0,100.0,0.0,0,0.0,0.0,100.0,0.0,0,0.0,0.0,100.0,0.0,0,0.0,0.0,100.0,0.0,0
2026-06-22 12:45:21,965.22,0.0,0.0,100.0,0.0,0,0.0,0.0,100.0,0.0,0,0.0,0.0,100.0,0.0,0,0.0,0.0,100.0,0.0,0,0.0,0.0,100.0,0.0,0,0.0,0.0,100.0,0.0,0
2026-06-22 12:45:22,965.96,0.0,0.0,100.0,0.0,0,0.0,0.0,100.0,0.0,0,0.0,0.0,100.0,0.0,0,0.0,0.0,100.0,0.0,0,0.0,0.0,100.0,0.0,0,0.0,0.0,100.0,0.0,0
2026-06-22 12:45:23,966.7,0.0,0.0,100.0,0.0,0,0.0,0.0,100.0,0.0,0,0.0,0.0,100.0,0.0,0,0.0,0.0,100.0,0.0,0,0.0,0.0,100.0,0.0,0,0.0,0.0,100.0,0.0,0
2026-06-22 12:45:23,967.44,0.0,0.0,100.0,0.0,0,0.0,0.0,100.0,0.0,0,0.0,0.0,100.0,0.0,0,0.0,0.0,100.0,0.0,0,0.0,0.0,100.0,0.0,0,0.0,0.0,100.0,0.0,0
2026-06-22 12:45:24,968.2,0.0,0.0,100.0,0.0,0,0.0,0.0,100.0,0.0,0,0.0,0.0,100.0,0.0,0,0.0,0.0,100.0,0.0,0,0.0,0.0,100.0,0.0,0,0.0,0.0,100.0,0.0,0
2026-06-22 12:45:25,968.94,0.0,0.0,100.0,0.0,0,0.0,0.0,100.0,0.0,0,0.0,0.0,100.0,0.0,0,0.0,0.0,100.0,0.0,0,0.0,0.0,100.0,0.0,0,0.0,0.0,100.0,0.0,0
2026-06-22 12:45:26,969.68,0.0,0.0,100.0,0.0,0,0.0,0.0,100.0,0.0,0,0.0,0.0,100.0,0.0,0,0.0,0.0,100.0,0.0,0,0.0,0.0,100.0,0.0,0,0.0,0.0,100.0,0.0,0
2026-06-22 12:45:26,970.43,0.0,0.0,100.0,0.0,0,0.0,0.0,100.0,0.0,0,0.0,0.0,100.0,0.0,0,0.0,0.0,100.0,0.0,0,0.0,0.0,100.0,0.0,0,0.0,0.0,100.0,0.0,0
2026-06-22 12:45:27,971.2,0.0,0.0,100.0,0.0,0,0.0,0.0,100.0,0.0,0,0.0,0.0,100.0,0.0,0,0.0,0.0,100.0,0.0,0,0.0,0.0,100.0,0.0,0,0.0,0.0,100.0,0.0,0
2026-06-22 12:45:28,971.94,0.0,0.0,100.0,0.0,0,0.0,0.0,100.0,0.0,0,0.0,0.0,100.0,0.0,0,0.0,0.0,100.0,0.0,0,0.0,0.0,100.0,0.0,0,0.0,0.0,100.0,0.0,0
2026-06-22 12:45:29,972.7,0.0,0.0,100.0,0.0,0,0.0,0.0,100.0,0.0,0,0.0,0.0,100.0,0.0,0,0.0,0.0,100.0,0.0,0,0.0,0.0,100.0,0.0,0,0.0,0.0,100.0,0.0,0
2026-06-22 12:45:29,973.43,0.0,0.0,100.0,0.0,0,0.0,0.0,100.0,0.0,0,0.0,0.0,100.0,0.0,0,0.0,0.0,100.0,0.0,0,0.0,0.0,100.0,0.0,0,0.0,0.0,100.0,0.0,0
2026-06-22 12:45:30,974.17,0.0,0.0,100.0,0.0,0,0.0,0.0,100.0,0.0,0,0.0,0.0,100.0,0.0,0,0.0,0.0,100.0,0.0,0,0.0,0.0,100.0,0.0,0,0.0,0.0,100.0,0.0,0
2026-06-22 12:45:31,974.9,0.0,0.0,100.0,0.0,0,0.0,0.0,100.0,0.0,0,0.0,0.0,100.0,0.0,0,0.0,0.0,100.0,0.0,0,0.0,0.0,100.0,0.0,0,0.0,0.0,100.0,0.0,0
2026-06-22 12:45:32,975.65,0.0,0.0,100.0,0.0,0,0.0,0.0,100.0,0.0,0,0.0,0.0,100.0,0.0,0,0.0,0.0,100.0,0.0,0,0.0,0.0,100.0,0.0,0,0.0,0.0,100.0,0.0,0
2026-06-22 12:45:32,976.39,0.0,0.0,100.0,0.0,0,0.0,0.0,100.0,0.0,0,0.0,0.0,100.0,0.0,0,0.0,0.0,100.0,0.0,0,0.0,0.0,100.0,0.0,0,0.0,0.0,100.0,0.0,0
2026-06-22 12:45:33,977.12,0.0,0.0,100.0,0.0,0,0.0,0.0,100.0,0.0,0,0.0,0.0,100.0,0.0,0,0.0,0.0,100.0,0.0,0,0.0,0.0,100.0,0.0,0,0.0,0.0,100.0,0.0,0
2026-06-22 12:45:34,977.85,0.0,0.0,100.0,0.0,0,0.0,0.0,100.0,0.0,0,0.0,0.0,100.0,0.0,0,0.0,0.0,100.0,0.0,0,0.0,0.0,100.0,0.0,0,0.0,0.0,100.0,0.0,0
2026-06-22 12:45:34,978.58,0.0,0.0,100.0,0.0,0,0.0,0.0,100.0,0.0,0,0.0,0.0,100.0,0.0,0,0.0,0.0,100.0,0.0,0,0.0,0.0,100.0,0.0,0,0.0,0.0,100.0,0.0,0
2026-06-22 12:45:35,979.32,0.0,0.0,100.0,0.0,0,0.0,0.0,100.0,0.0,0,0.0,0.0,100.0,0.0,0,0.0,0.0,100.0,0.0,0,0.0,0.0,100.0,0.0,0,0.0,0.0,100.0,0.0,0
2026-06-22 12:45:36,980.06,0.0,0.0,100.0,0.0,0,0.0,0.0,100.0,0.0,0,0.0,0.0,100.0,0.0,0,0.0,0.0,100.0,0.0,0,0.0,0.0,100.0,0.0,0,0.0,0.0,100.0,0.0,0
2026-06-22 12:45:37,980.79,0.0,0.0,100.0,0.0,0,0.0,0.0,100.0,0.0,0,0.0,0.0,100.0,0.0,0,0.0,0.0,100.0,0.0,0,0.0,0.0,100.0,0.0,0,0.0,0.0,100.0,0.0,0
2026-06-22 12:45:37,981.54,0.0,0.0,100.0,0.0,0,0.0,0.0,100.0,0.0,0,0.0,0.0,100.0,0.0,0,0.0,0.0,100.0,0.0,0,0.0,0.0,100.0,0.0,0,0.0,0.0,100.0,0.0,0
2026-06-22 12:45:38,982.28,0.0,0.0,100.0,0.0,0,0.0,0.0,100.0,0.0,0,0.0,0.0,100.0,0.0,0,0.0,0.0,100.0,0.0,0,0.0,0.0,100.0,0.0,0,0.0,0.0,100.0,0.0,0
2026-06-22 12:45:39,983.02,0.0,0.0,100.0,0.0,0,0.0,0.0,100.0,0.0,0,0.0,0.0,100.0,0.0,0,0.0,0.0,100.0,0.0,0,0.0,0.0,100.0,0.0,0,0.0,0.0,100.0,0.0,0
2026-06-22 12:45:40,983.76,0.0,0.0,100.0,0.0,0,0.0,0.0,100.0,0.0,0,0.0,0.0,100.0,0.0,0,0.0,0.0,100.0,0.0,0,0.0,0.0,100.0,0.0,0,0.0,0.0,100.0,0.0,0
2026-06-22 12:45:40,984.52,0.0,0.0,100.0,0.0,0,0.0,0.0,100.0,0.0,0,0.0,0.0,100.0,0.0,0,0.0,0.0,100.0,0.0,0,0.0,0.0,100.0,0.0,0,0.0,0.0,100.0,0.0,0
2026-06-22 12:45:41,985.27,0.0,0.0,100.0,0.0,0,0.0,0.0,100.0,0.0,0,0.0,0.0,100.0,0.0,0,0.0,0.0,100.0,0.0,0,0.0,0.0,100.0,0.0,0,0.0,0.0,100.0,0.0,0
2026-06-22 12:45:42,986.03,0.0,0.0,100.0,0.0,0,0.0,0.0,100.0,0.0,0,0.0,0.0,100.0,0.0,0,0.0,0.0,100.0,0.0,0,0.0,0.0,100.0,0.0,0,0.0,0.0,100.0,0.0,0
2026-06-22 12:45:43,986.77,0.0,0.0,100.0,0.0,0,0.0,0.0,100.0,0.0,0,0.0,0.0,100.0,0.0,0,0.0,0.0,100.0,0.0,0,0.0,0.0,100.0,0.0,0,0.0,0.0,100.0,0.0,0
2026-06-22 12:45:43,987.53,0.0,0.0,100.0,0.0,0,0.0,0.0,100.0,0.0,0,0.0,0.0,100.0,0.0,0,0.0,0.0,100.0,0.0,0,0.0,0.0,100.0,0.0,0,0.0,0.0,100.0,0.0,0
2026-06-22 12:45:44,988.3,0.0,0.0,100.0,0.0,0,0.0,0.0,100.0,0.0,0,0.0,0.0,100.0,0.0,0,0.0,0.0,100.0,0.0,0,0.0,0.0,100.0,0.0,0,0.0,0.0,100.0,0.0,0
2026-06-22 12:45:45,989.06,0.0,0.0,100.0,0.0,0,0.0,0.0,100.0,0.0,0,0.0,0.0,100.0,0.0,0,0.0,0.0,100.0,0.0,0,0.0,0.0,100.0,0.0,0,0.0,0.0,100.0,0.0,0
2026-06-22 12:45:46,989.8,0.0,0.0,100.0,0.0,0,0.0,0.0,100.0,0.0,0,0.0,0.0,100.0,0.0,0,0.0,0.0,100.0,0.0,0,0.0,0.0,100.0,0.0,0,0.0,0.0,100.0,0.0,0
2026-06-22 12:45:46,990.55,0.0,0.0,100.0,0.0,0,0.0,0.0,100.0,0.0,0,0.0,0.0,100.0,0.0,0,0.0,0.0,100.0,0.0,0,0.0,0.0,100.0,0.0,0,0.0,0.0,100.0,0.0,0
2026-06-22 12:45:47,991.42,0.0,0.0,100.0,0.0,0,0.0,0.0,100.0,0.0,0,0.0,0.0,100.0,0.0,0,0.0,0.0,100.0,0.0,0,0.0,0.0,100.0,0.0,0,0.0,0.0,100.0,0.0,0
2026-06-22 12:45:48,992.17,0.0,0.0,100.0,0.0,0,0.0,0.0,100.0,0.0,0,0.0,0.0,100.0,0.0,0,0.0,0.0,100.0,0.0,0,0.0,0.0,100.0,0.0,0,0.0,0.0,100.0,0.0,0
2026-06-22 12:45:49,992.9,0.0,0.0,100.0,0.0,0,0.0,0.0,100.0,0.0,0,0.0,0.0,100.0,0.0,0,0.0,0.0,100.0,0.0,0,0.0,0.0,100.0,0.0,0,0.0,0.0,100.0,0.0,0
2026-06-22 12:45:50,993.65,0.0,0.0,100.0,0.0,0,0.0,0.0,100.0,0.0,0,0.0,0.0,100.0,0.0,0,0.0,0.0,100.0,0.0,0,0.0,0.0,100.0,0.0,0,0.0,0.0,100.0,0.0,0
2026-06-22 12:45:50,994.39,0.0,0.0,100.0,0.0,0,0.0,0.0,100.0,0.0,0,0.0,0.0,100.0,0.0,0,0.0,0.0,100.0,0.0,0,0.0,0.0,100.0,0.0,0,0.0,0.0,100.0,0.0,0
2026-06-22 12:45:51,995.17,0.0,0.0,100.0,0.0,0,0.0,0.0,100.0,0.0,0,0.0,0.0,100.0,0.0,0,0.0,0.0,100.0,0.0,0,0.0,0.0,100.0,0.0,0,0.0,0.0,100.0,0.0,0
2026-06-22 12:45:52,995.9,0.0,0.0,100.0,0.0,0,0.0,0.0,100.0,0.0,0,0.0,0.0,100.0,0.0,0,0.0,0.0,100.0,0.0,0,0.0,0.0,100.0,0.0,0,0.0,0.0,100.0,0.0,0
2026-06-22 12:45:53,996.63,0.0,0.0,100.0,0.0,0,0.0,0.0,100.0,0.0,0,0.0,0.0,100.0,0.0,0,0.0,0.0,100.0,0.0,0,0.0,0.0,100.0,0.0,0,0.0,0.0,100.0,0.0,0
2026-06-22 12:45:53,997.37,0.0,0.0,100.0,0.0,0,0.0,0.0,100.0,0.0,0,0.0,0.0,100.0,0.0,0,0.0,0.0,100.0,0.0,0,0.0,0.0,100.0,0.0,0,0.0,0.0,100.0,0.0,0
2026-06-22 12:45:54,998.13,0.0,0.0,100.0,0.0,0,0.0,0.0,100.0,0.0,0,0.0,0.0,100.0,0.0,0,0.0,0.0,100.0,0.0,0,0.0,0.0,100.0,0.0,0,0.0,0.0,100.0,0.0,0
2026-06-22 12:45:55,998.88,0.0,0.0,100.0,0.0,0,0.0,0.0,100.0,0.0,0,0.0,0.0,100.0,0.0,0,0.0,0.0,100.0,0.0,0,0.0,0.0,100.0,0.0,0,0.0,0.0,100.0,0.0,0
2026-06-22 12:45:56,999.66,0.0,0.0,100.0,0.0,0,0.0,0.0,100.0,0.0,0,0.0,0.0,100.0,0.0,0,0.0,0.0,100.0,0.0,0,0.0,0.0,100.0,0.0,0,0.0,0.0,100.0,0.0,0
2026-06-22 12:45:56,1000.42,0.0,0.0,100.0,0.0,0,0.0,0.0,100.0,0.0,0,0.0,0.0,100.0,0.0,0,0.0,0.0,100.0,0.0,0,0.0,0.0,100.0,0.0,0,0.0,0.0,100.0,0.0,0
2026-06-22 12:45:57,1001.18,0.0,0.0,100.0,0.0,0,0.0,0.0,100.0,0.0,0,0.0,0.0,100.0,0.0,0,0.0,0.0,100.0,0.0,0,0.0,0.0,100.0,0.0,0,0.0,0.0,100.0,0.0,0
2026-06-22 12:45:58,1001.95,0.0,0.0,100.0,0.0,0,0.0,0.0,100.0,0.0,0,0.0,0.0,100.0,0.0,0,0.0,0.0,100.0,0.0,0,0.0,0.0,100.0,0.0,0,0.0,0.0,100.0,0.0,0
2026-06-22 12:45:59,1002.72,0.0,0.0,100.0,0.0,0,0.0,0.0,100.0,0.0,0,0.0,0.0,100.0,0.0,0,0.0,0.0,100.0,0.0,0,0.0,0.0,100.0,0.0,0,0.0,0.0,100.0,0.0,0
2026-06-22 12:45:59,1003.45,0.0,0.0,100.0,0.0,0,0.0,0.0,100.0,0.0,0,0.0,0.0,100.0,0.0,0,0.0,0.0,100.0,0.0,0,0.0,0.0,100.0,0.0,0,0.0,0.0,100.0,0.0,0
2026-06-22 12:46:00,1004.21,0.0,0.0,100.0,0.0,0,0.0,0.0,100.0,0.0,0,0.0,0.0,100.0,0.0,0,0.0,0.0,100.0,0.0,0,0.0,0.0,100.0,0.0,0,0.0,0.0,100.0,0.0,0
2026-06-22 12:46:01,1004.96,0.0,0.0,100.0,0.0,0,0.0,0.0,100.0,0.0,0,0.0,0.0,100.0,0.0,0,0.0,0.0,100.0,0.0,0,0.0,0.0,100.0,0.0,0,0.0,0.0,100.0,0.0,0
2026-06-22 12:46:02,1005.69,0.0,0.0,100.0,0.0,0,0.0,0.0,100.0,0.0,0,0.0,0.0,100.0,0.0,0,0.0,0.0,100.0,0.0,0,0.0,0.0,100.0,0.0,0,0.0,0.0,100.0,0.0,0
2026-06-22 12:46:02,1006.43,0.0,0.0,100.0,0.0,0,0.0,0.0,100.0,0.0,0,0.0,0.0,100.0,0.0,0,0.0,0.0,100.0,0.0,0,0.0,0.0,100.0,0.0,0,0.0,0.0,100.0,0.0,0
2026-06-22 12:46:03,1007.17,0.0,0.0,100.0,0.0,0,0.0,0.0,100.0,0.0,0,0.0,0.0,100.0,0.0,0,0.0,0.0,100.0,0.0,0,0.0,0.0,100.0,0.0,0,0.0,0.0,100.0,0.0,0
2026-06-22 12:46:04,1007.92,0.0,0.0,100.0,0.0,0,0.0,0.0,100.0,0.0,0,0.0,0.0,100.0,0.0,0,0.0,0.0,100.0,0.0,0,0.0,0.0,100.0,0.0,0,0.0,0.0,100.0,0.0,0
2026-06-22 12:46:05,1008.66,0.0,0.0,100.0,0.0,0,0.0,0.0,100.0,0.0,0,0.0,0.0,100.0,0.0,0,0.0,0.0,100.0,0.0,0,0.0,0.0,100.0,0.0,0,0.0,0.0,100.0,0.0,0
2026-06-22 12:46:05,1009.42,0.0,0.0,100.0,0.0,0,0.0,0.0,100.0,0.0,0,0.0,0.0,100.0,0.0,0,0.0,0.0,100.0,0.0,0,0.0,0.0,100.0,0.0,0,0.0,0.0,100.0,0.0,0
2026-06-22 12:46:06,1010.21,0.0,0.0,100.0,0.0,0,0.0,0.0,100.0,0.0,0,0.0,0.0,100.0,0.0,0,0.0,0.0,100.0,0.0,0,0.0,0.0,100.0,0.0,0,0.0,0.0,100.0,0.0,0
2026-06-22 12:46:07,1010.96,0.0,0.0,100.0,0.0,0,0.0,0.0,100.0,0.0,0,0.0,0.0,100.0,0.0,0,0.0,0.0,100.0,0.0,0,0.0,0.0,100.0,0.0,0,0.0,0.0,100.0,0.0,0
2026-06-22 12:46:08,1011.74,0.0,0.0,100.0,0.0,0,0.0,0.0,100.0,0.0,0,0.0,0.0,100.0,0.0,0,0.0,0.0,100.0,0.0,0,0.0,0.0,100.0,0.0,0,0.0,0.0,100.0,0.0,0
2026-06-22 12:46:08,1012.48,0.0,0.0,100.0,0.0,0,0.0,0.0,100.0,0.0,0,0.0,0.0,100.0,0.0,0,0.0,0.0,100.0,0.0,0,0.0,0.0,100.0,0.0,0,0.0,0.0,100.0,0.0,0
2026-06-22 12:46:09,1013.24,0.0,0.0,100.0,0.0,0,0.0,0.0,100.0,0.0,0,0.0,0.0,100.0,0.0,0,0.0,0.0,100.0,0.0,0,0.0,0.0,100.0,0.0,0,0.0,0.0,100.0,0.0,0
2026-06-22 12:46:10,1014.01,0.0,0.0,100.0,0.0,0,0.0,0.0,100.0,0.0,0,0.0,0.0,100.0,0.0,0,0.0,0.0,100.0,0.0,0,0.0,0.0,100.0,0.0,0,0.0,0.0,100.0,0.0,0
2026-06-22 12:46:11,1014.77,0.0,0.0,100.0,0.0,0,0.0,0.0,100.0,0.0,0,0.0,0.0,100.0,0.0,0,0.0,0.0,100.0,0.0,0,0.0,0.0,100.0,0.0,0,0.0,0.0,100.0,0.0,0
2026-06-22 12:46:11,1015.52,0.0,0.0,100.0,0.0,0,0.0,0.0,100.0,0.0,0,0.0,0.0,100.0,0.0,0,0.0,0.0,100.0,0.0,0,0.0,0.0,100.0,0.0,0,0.0,0.0,100.0,0.0,0
2026-06-22 12:46:12,1016.29,0.0,0.0,100.0,0.0,0,0.0,0.0,100.0,0.0,0,0.0,0.0,100.0,0.0,0,0.0,0.0,100.0,0.0,0,0.0,0.0,100.0,0.0,0,0.0,0.0,100.0,0.0,0
2026-06-22 12:46:13,1017.04,0.0,0.0,100.0,0.0,0,0.0,0.0,100.0,0.0,0,0.0,0.0,100.0,0.0,0,0.0,0.0,100.0,0.0,0,0.0,0.0,100.0,0.0,0,0.0,0.0,100.0,0.0,0
2026-06-22 12:46:14,1017.78,0.0,0.0,100.0,0.0,0,0.0,0.0,100.0,0.0,0,0.0,0.0,100.0,0.0,0,0.0,0.0,100.0,0.0,0,0.0,0.0,100.0,0.0,0,0.0,0.0,100.0,0.0,0
2026-06-22 12:46:14,1018.55,0.0,0.0,100.0,0.0,0,0.0,0.0,100.0,0.0,0,0.0,0.0,100.0,0.0,0,0.0,0.0,100.0,0.0,0,0.0,0.0,100.0,0.0,0,0.0,0.0,100.0,0.0,0
2026-06-22 12:46:15,1019.31,0.0,0.0,100.0,0.0,0,0.0,0.0,100.0,0.0,0,0.0,0.0,100.0,0.0,0,0.0,0.0,100.0,0.0,0,0.0,0.0,100.0,0.0,0,0.0,0.0,100.0,0.0,0
2026-06-22 12:46:16,1020.05,0.0,0.0,100.0,0.0,0,0.0,0.0,100.0,0.0,0,0.0,0.0,100.0,0.0,0,0.0,0.0,100.0,0.0,0,0.0,0.0,100.0,0.0,0,0.0,0.0,100.0,0.0,0
2026-06-22 12:46:17,1020.79,0.0,0.0,100.0,0.0,0,0.0,0.0,100.0,0.0,0,0.0,0.0,100.0,0.0,0,0.0,0.0,100.0,0.0,0,0.0,0.0,100.0,0.0,0,0.0,0.0,100.0,0.0,0
2026-06-22 12:46:17,1021.58,0.0,0.0,100.0,0.0,0,0.0,0.0,100.0,0.0,0,0.0,0.0,100.0,0.0,0,0.0,0.0,100.0,0.0,0,0.0,0.0,100.0,0.0,0,0.0,0.0,100.0,0.0,0
2026-06-22 12:46:18,1022.35,0.0,0.0,100.0,0.0,0,0.0,0.0,100.0,0.0,0,0.0,0.0,100.0,0.0,0,0.0,0.0,100.0,0.0,0,0.0,0.0,100.0,0.0,0,0.0,0.0,100.0,0.0,0
2026-06-22 12:46:19,1023.14,0.0,0.0,100.0,0.0,0,0.0,0.0,100.0,0.0,0,0.0,0.0,100.0,0.0,0,0.0,0.0,100.0,0.0,0,0.0,0.0,100.0,0.0,0,0.0,0.0,100.0,0.0,0
2026-06-22 12:46:20,1023.93,0.0,0.0,100.0,0.0,0,0.0,0.0,100.0,0.0,0,0.0,0.0,100.0,0.0,0,0.0,0.0,100.0,0.0,0,0.0,0.0,100.0,0.0,0,0.0,0.0,100.0,0.0,0
2026-06-22 12:46:21,1024.66,0.0,0.0,100.0,0.0,0,0.0,0.0,100.0,0.0,0,0.0,0.0,100.0,0.0,0,0.0,0.0,100.0,0.0,0,0.0,0.0,100.0,0.0,0,0.0,0.0,100.0,0.0,0
2026-06-22 12:46:21,1025.42,0.0,0.0,100.0,0.0,0,0.0,0.0,100.0,0.0,0,0.0,0.0,100.0,0.0,0,0.0,0.0,100.0,0.0,0,0.0,0.0,100.0,0.0,0,0.0,0.0,100.0,0.0,0
2026-06-22 12:46:22,1026.17,0.0,0.0,100.0,0.0,0,0.0,0.0,100.0,0.0,0,0.0,0.0,100.0,0.0,0,0.0,0.0,100.0,0.0,0,0.0,0.0,100.0,0.0,0,0.0,0.0,100.0,0.0,0
2026-06-22 12:46:23,1026.91,0.0,0.0,100.0,0.0,0,0.0,0.0,100.0,0.0,0,0.0,0.0,100.0,0.0,0,0.0,0.0,100.0,0.0,0,0.0,0.0,100.0,0.0,0,0.0,0.0,100.0,0.0,0
2026-06-22 12:46:24,1027.67,0.0,0.0,100.0,0.0,0,0.0,0.0,100.0,0.0,0,0.0,0.0,100.0,0.0,0,0.0,0.0,100.0,0.0,0,0.0,0.0,100.0,0.0,0,0.0,0.0,100.0,0.0,0
2026-06-22 12:46:24,1028.43,0.0,0.0,100.0,0.0,0,0.0,0.0,100.0,0.0,0,0.0,0.0,100.0,0.0,0,0.0,0.0,100.0,0.0,0,0.0,0.0,100.0,0.0,0,0.0,0.0,100.0,0.0,0
2026-06-22 12:46:25,1029.25,0.0,0.0,100.0,0.0,0,0.0,0.0,100.0,0.0,0,0.0,0.0,100.0,0.0,0,0.0,0.0,100.0,0.0,0,0.0,0.0,100.0,0.0,0,0.0,0.0,100.0,0.0,0
2026-06-22 12:46:26,1030.05,0.0,0.0,100.0,0.0,0,0.0,0.0,100.0,0.0,0,0.0,0.0,100.0,0.0,0,0.0,0.0,100.0,0.0,0,0.0,0.0,100.0,0.0,0,0.0,0.0,100.0,0.0,0
2026-06-22 12:46:27,1030.79,0.0,0.0,100.0,0.0,0,0.0,0.0,100.0,0.0,0,0.0,0.0,100.0,0.0,0,0.0,0.0,100.0,0.0,0,0.0,0.0,100.0,0.0,0,0.0,0.0,100.0,0.0,0
2026-06-22 12:46:27,1031.56,0.0,0.0,100.0,0.0,0,0.0,0.0,100.0,0.0,0,0.0,0.0,100.0,0.0,0,0.0,0.0,100.0,0.0,0,0.0,0.0,100.0,0.0,0,0.0,0.0,100.0,0.0,0
2026-06-22 12:46:28,1032.32,0.0,0.0,100.0,0.0,0,0.0,0.0,100.0,0.0,0,0.0,0.0,100.0,0.0,0,0.0,0.0,100.0,0.0,0,0.0,0.0,100.0,0.0,0,0.0,0.0,100.0,0.0,0
2026-06-22 12:46:29,1033.06,0.0,0.0,100.0,0.0,0,0.0,0.0,100.0,0.0,0,0.0,0.0,100.0,0.0,0,0.0,0.0,100.0,0.0,0,0.0,0.0,100.0,0.0,0,0.0,0.0,100.0,0.0,0
2026-06-22 12:46:30,1033.8,0.0,0.0,100.0,0.0,0,0.0,0.0,100.0,0.0,0,0.0,0.0,100.0,0.0,0,0.0,0.0,100.0,0.0,0,0.0,0.0,100.0,0.0,0,0.0,0.0,100.0,0.0,0
2026-06-22 12:46:30,1034.56,0.0,0.0,100.0,0.0,0,0.0,0.0,100.0,0.0,0,0.0,0.0,100.0,0.0,0,0.0,0.0,100.0,0.0,0,0.0,0.0,100.0,0.0,0,0.0,0.0,100.0,0.0,0
2026-06-22 12:46:31,1035.29,0.0,0.0,100.0,0.0,0,0.0,0.0,100.0,0.0,0,0.0,0.0,100.0,0.0,0,0.0,0.0,100.0,0.0,0,0.0,0.0,100.0,0.0,0,0.0,0.0,100.0,0.0,0
2026-06-22 12:46:32,1036.03,0.0,0.0,100.0,0.0,0,0.0,0.0,100.0,0.0,0,0.0,0.0,100.0,0.0,0,0.0,0.0,100.0,0.0,0,0.0,0.0,100.0,0.0,0,0.0,0.0,100.0,0.0,0
2026-06-22 12:46:33,1036.77,0.0,0.0,100.0,0.0,0,0.0,0.0,100.0,0.0,0,0.0,0.0,100.0,0.0,0,0.0,0.0,100.0,0.0,0,0.0,0.0,100.0,0.0,0,0.0,0.0,100.0,0.0,0
2026-06-22 12:46:33,1037.5,0.0,0.0,100.0,0.0,0,0.0,0.0,100.0,0.0,0,0.0,0.0,100.0,0.0,0,0.0,0.0,100.0,0.0,0,0.0,0.0,100.0,0.0,0,0.0,0.0,100.0,0.0,0
2026-06-22 12:46:34,1038.25,0.0,0.0,100.0,0.0,0,0.0,0.0,100.0,0.0,0,0.0,0.0,100.0,0.0,0,0.0,0.0,100.0,0.0,0,0.0,0.0,100.0,0.0,0,0.0,0.0,100.0,0.0,0
2026-06-22 12:46:35,1039.0,0.0,0.0,100.0,0.0,0,0.0,0.0,100.0,0.0,0,0.0,0.0,100.0,0.0,0,0.0,0.0,100.0,0.0,0,0.0,0.0,100.0,0.0,0,0.0,0.0,100.0,0.0,0
2026-06-22 12:46:36,1039.73,0.0,0.0,100.0,0.0,0,0.0,0.0,100.0,0.0,0,0.0,0.0,100.0,0.0,0,0.0,0.0,100.0,0.0,0,0.0,0.0,100.0,0.0,0,0.0,0.0,100.0,0.0,0
2026-06-22 12:46:36,1040.48,0.0,0.0,100.0,0.0,0,0.0,0.0,100.0,0.0,0,0.0,0.0,100.0,0.0,0,0.0,0.0,100.0,0.0,0,0.0,0.0,100.0,0.0,0,0.0,0.0,100.0,0.0,0
2026-06-22 12:46:37,1041.23,0.0,0.0,100.0,0.0,0,0.0,0.0,100.0,0.0,0,0.0,0.0,100.0,0.0,0,0.0,0.0,100.0,0.0,0,0.0,0.0,100.0,0.0,0,0.0,0.0,100.0,0.0,0
2026-06-22 12:46:38,1041.96,0.0,0.0,100.0,0.0,0,0.0,0.0,100.0,0.0,0,0.0,0.0,100.0,0.0,0,0.0,0.0,100.0,0.0,0,0.0,0.0,100.0,0.0,0,0.0,0.0,100.0,0.0,0
2026-06-22 12:46:39,1042.83,0.0,0.0,100.0,0.0,0,0.0,0.0,100.0,0.0,0,0.0,0.0,100.0,0.0,0,0.0,0.0,100.0,0.0,0,0.0,0.0,100.0,0.0,0,0.0,0.0,100.0,0.0,0
2026-06-22 12:46:39,1043.57,0.0,0.0,100.0,0.0,0,0.0,0.0,100.0,0.0,0,0.0,0.0,100.0,0.0,0,0.0,0.0,100.0,0.0,0,0.0,0.0,100.0,0.0,0,0.0,0.0,100.0,0.0,0
2026-06-22 12:46:40,1044.31,0.0,0.0,100.0,0.0,0,0.0,0.0,100.0,0.0,0,0.0,0.0,100.0,0.0,0,0.0,0.0,100.0,0.0,0,0.0,0.0,100.0,0.0,0,0.0,0.0,100.0,0.0,0
2026-06-22 12:46:41,1045.06,0.0,0.0,100.0,0.0,0,0.0,0.0,100.0,0.0,0,0.0,0.0,100.0,0.0,0,0.0,0.0,100.0,0.0,0,0.0,0.0,100.0,0.0,0,0.0,0.0,100.0,0.0,0
2026-06-22 12:46:42,1045.8,0.0,0.0,100.0,0.0,0,0.0,0.0,100.0,0.0,0,0.0,0.0,100.0,0.0,0,0.0,0.0,100.0,0.0,0,0.0,0.0,100.0,0.0,0,0.0,0.0,100.0,0.0,0
2026-06-22 12:46:42,1046.56,0.0,0.0,100.0,0.0,0,0.0,0.0,100.0,0.0,0,0.0,0.0,100.0,0.0,0,0.0,0.0,100.0,0.0,0,0.0,0.0,100.0,0.0,0,0.0,0.0,100.0,0.0,0
2026-06-22 12:46:43,1047.32,0.0,0.0,100.0,0.0,0,0.0,0.0,100.0,0.0,0,0.0,0.0,100.0,0.0,0,0.0,0.0,100.0,0.0,0,0.0,0.0,100.0,0.0,0,0.0,0.0,100.0,0.0,0
2026-06-22 12:46:44,1048.07,0.0,0.0,100.0,0.0,0,0.0,0.0,100.0,0.0,0,0.0,0.0,100.0,0.0,0,0.0,0.0,100.0,0.0,0,0.0,0.0,100.0,0.0,0,0.0,0.0,100.0,0.0,0
2026-06-22 12:46:45,1048.83,0.0,0.0,100.0,0.0,0,0.0,0.0,100.0,0.0,0,0.0,0.0,100.0,0.0,0,0.0,0.0,100.0,0.0,0,0.0,0.0,100.0,0.0,0,0.0,0.0,100.0,0.0,0
2026-06-22 12:46:45,1049.56,0.0,0.0,100.0,0.0,0,0.0,0.0,100.0,0.0,0,0.0,0.0,100.0,0.0,0,0.0,0.0,100.0,0.0,0,0.0,0.0,100.0,0.0,0,0.0,0.0,100.0,0.0,0
2026-06-22 12:46:46,1050.31,0.0,0.0,100.0,0.0,0,0.0,0.0,100.0,0.0,0,0.0,0.0,100.0,0.0,0,0.0,0.0,100.0,0.0,0,0.0,0.0,100.0,0.0,0,0.0,0.0,100.0,0.0,0
2026-06-22 12:46:47,1051.05,0.0,0.0,100.0,0.0,0,0.0,0.0,100.0,0.0,0,0.0,0.0,100.0,0.0,0,0.0,0.0,100.0,0.0,0,0.0,0.0,100.0,0.0,0,0.0,0.0,100.0,0.0,0
2026-06-22 12:46:48,1051.8,0.0,0.0,100.0,0.0,0,0.0,0.0,100.0,0.0,0,0.0,0.0,100.0,0.0,0,0.0,0.0,100.0,0.0,0,0.0,0.0,100.0,0.0,0,0.0,0.0,100.0,0.0,0
2026-06-22 12:46:48,1052.54,0.0,0.0,100.0,0.0,0,0.0,0.0,100.0,0.0,0,0.0,0.0,100.0,0.0,0,0.0,0.0,100.0,0.0,0,0.0,0.0,100.0,0.0,0,0.0,0.0,100.0,0.0,0
2026-06-22 12:46:49,1053.3,0.0,0.0,100.0,0.0,0,0.0,0.0,100.0,0.0,0,0.0,0.0,100.0,0.0,0,0.0,0.0,100.0,0.0,0,0.0,0.0,100.0,0.0,0,0.0,0.0,100.0,0.0,0
2026-06-22 12:46:50,1054.04,0.0,0.0,100.0,0.0,0,0.0,0.0,100.0,0.0,0,0.0,0.0,100.0,0.0,0,0.0,0.0,100.0,0.0,0,0.0,0.0,100.0,0.0,0,0.0,0.0,100.0,0.0,0
2026-06-22 12:46:51,1054.82,0.0,0.0,100.0,0.0,0,0.0,0.0,100.0,0.0,0,0.0,0.0,100.0,0.0,0,0.0,0.0,100.0,0.0,0,0.0,0.0,100.0,0.0,0,0.0,0.0,100.0,0.0,0
2026-06-22 12:46:51,1055.57,0.0,0.0,100.0,0.0,0,0.0,0.0,100.0,0.0,0,0.0,0.0,100.0,0.0,0,0.0,0.0,100.0,0.0,0,0.0,0.0,100.0,0.0,0,0.0,0.0,100.0,0.0,0
2026-06-22 12:46:52,1056.3,0.0,0.0,100.0,0.0,0,0.0,0.0,100.0,0.0,0,0.0,0.0,100.0,0.0,0,0.0,0.0,100.0,0.0,0,0.0,0.0,100.0,0.0,0,0.0,0.0,100.0,0.0,0
2026-06-22 12:46:53,1057.09,0.0,0.0,100.0,0.0,0,0.0,0.0,100.0,0.0,0,0.0,0.0,100.0,0.0,0,0.0,0.0,100.0,0.0,0,0.0,0.0,100.0,0.0,0,0.0,0.0,100.0,0.0,0
2026-06-22 12:46:54,1057.91,0.0,0.0,100.0,0.0,0,0.0,0.0,100.0,0.0,0,0.0,0.0,100.0,0.0,0,0.0,0.0,100.0,0.0,0,0.0,0.0,100.0,0.0,0,0.0,0.0,100.0,0.0,0
2026-06-22 12:46:55,1058.67,0.0,0.0,100.0,0.0,0,0.0,0.0,100.0,0.0,0,0.0,0.0,100.0,0.0,0,0.0,0.0,100.0,0.0,0,0.0,0.0,100.0,0.0,0,0.0,0.0,100.0,0.0,0
2026-06-22 12:46:55,1059.45,0.0,0.0,100.0,0.0,0,0.0,0.0,100.0,0.0,0,0.0,0.0,100.0,0.0,0,0.0,0.0,100.0,0.0,0,0.0,0.0,100.0,0.0,0,0.0,0.0,100.0,0.0,0
2026-06-22 12:46:56,1060.22,0.0,0.0,100.0,0.0,0,0.0,0.0,100.0,0.0,0,0.0,0.0,100.0,0.0,0,0.0,0.0,100.0,0.0,0,0.0,0.0,100.0,0.0,0,0.0,0.0,100.0,0.0,0
2026-06-22 12:46:57,1060.96,0.0,0.0,100.0,0.0,0,0.0,0.0,100.0,0.0,0,0.0,0.0,100.0,0.0,0,0.0,0.0,100.0,0.0,0,0.0,0.0,100.0,0.0,0,0.0,0.0,100.0,0.0,0
2026-06-22 12:46:58,1061.71,0.0,0.0,100.0,0.0,0,0.0,0.0,100.0,0.0,0,0.0,0.0,100.0,0.0,0,0.0,0.0,100.0,0.0,0,0.0,0.0,100.0,0.0,0,0.0,0.0,100.0,0.0,0
2026-06-22 12:46:58,1062.46,0.0,0.0,100.0,0.0,0,0.0,0.0,100.0,0.0,0,0.0,0.0,100.0,0.0,0,0.0,0.0,100.0,0.0,0,0.0,0.0,100.0,0.0,0,0.0,0.0,100.0,0.0,0
2026-06-22 12:46:59,1063.22,0.0,0.0,100.0,0.0,0,0.0,0.0,100.0,0.0,0,0.0,0.0,100.0,0.0,0,0.0,0.0,100.0,0.0,0,0.0,0.0,100.0,0.0,0,0.0,0.0,100.0,0.0,0
2026-06-22 12:47:00,1063.95,0.0,0.0,100.0,0.0,0,0.0,0.0,100.0,0.0,0,0.0,0.0,100.0,0.0,0,0.0,0.0,100.0,0.0,0,0.0,0.0,100.0,0.0,0,0.0,0.0,100.0,0.0,0
2026-06-22 12:47:01,1064.69,0.0,0.0,100.0,0.0,0,0.0,0.0,100.0,0.0,0,0.0,0.0,100.0,0.0,0,0.0,0.0,100.0,0.0,0,0.0,0.0,100.0,0.0,0,0.0,0.0,100.0,0.0,0
2026-06-22 12:47:01,1065.44,0.0,0.0,100.0,0.0,0,0.0,0.0,100.0,0.0,0,0.0,0.0,100.0,0.0,0,0.0,0.0,100.0,0.0,0,0.0,0.0,100.0,0.0,0,0.0,0.0,100.0,0.0,0
2026-06-22 12:47:02,1066.23,0.0,0.0,100.0,0.0,0,0.0,0.0,100.0,0.0,0,0.0,0.0,100.0,0.0,0,0.0,0.0,100.0,0.0,0,0.0,0.0,100.0,0.0,0,0.0,0.0,100.0,0.0,0
2026-06-22 12:47:03,1066.98,0.0,0.0,100.0,0.0,0,0.0,0.0,100.0,0.0,0,0.0,0.0,100.0,0.0,0,0.0,0.0,100.0,0.0,0,0.0,0.0,100.0,0.0,0,0.0,0.0,100.0,0.0,0
2026-06-22 12:47:04,1067.7,0.0,0.0,100.0,0.0,0,0.0,0.0,100.0,0.0,0,0.0,0.0,100.0,0.0,0,0.0,0.0,100.0,0.0,0,0.0,0.0,100.0,0.0,0,0.0,0.0,100.0,0.0,0
2026-06-22 12:47:04,1068.46,0.0,0.0,100.0,0.0,0,0.0,0.0,100.0,0.0,0,0.0,0.0,100.0,0.0,0,0.0,0.0,100.0,0.0,0,0.0,0.0,100.0,0.0,0,0.0,0.0,100.0,0.0,0
2026-06-22 12:47:05,1069.21,0.0,0.0,100.0,0.0,0,0.0,0.0,100.0,0.0,0,0.0,0.0,100.0,0.0,0,0.0,0.0,100.0,0.0,0,0.0,0.0,100.0,0.0,0,0.0,0.0,100.0,0.0,0
2026-06-22 12:47:06,1069.95,0.0,0.0,100.0,0.0,0,0.0,0.0,100.0,0.0,0,0.0,0.0,100.0,0.0,0,0.0,0.0,100.0,0.0,0,0.0,0.0,100.0,0.0,0,0.0,0.0,100.0,0.0,0
2026-06-22 12:47:07,1070.69,0.0,0.0,100.0,0.0,0,0.0,0.0,100.0,0.0,0,0.0,0.0,100.0,0.0,0,0.0,0.0,100.0,0.0,0,0.0,0.0,100.0,0.0,0,0.0,0.0,100.0,0.0,0
2026-06-22 12:47:07,1071.46,0.0,0.0,100.0,0.0,0,0.0,0.0,100.0,0.0,0,0.0,0.0,100.0,0.0,0,0.0,0.0,100.0,0.0,0,0.0,0.0,100.0,0.0,0,0.0,0.0,100.0,0.0,0
2026-06-22 12:47:08,1072.23,0.0,0.0,100.0,0.0,0,0.0,0.0,100.0,0.0,0,0.0,0.0,100.0,0.0,0,0.0,0.0,100.0,0.0,0,0.0,0.0,100.0,0.0,0,0.0,0.0,100.0,0.0,0
2026-06-22 12:47:09,1072.98,0.0,0.0,100.0,0.0,0,0.0,0.0,100.0,0.0,0,0.0,0.0,100.0,0.0,0,0.0,0.0,100.0,0.0,0,0.0,0.0,100.0,0.0,0,0.0,0.0,100.0,0.0,0
2026-06-22 12:47:10,1073.72,0.0,0.0,100.0,0.0,0,0.0,0.0,100.0,0.0,0,0.0,0.0,100.0,0.0,0,0.0,0.0,100.0,0.0,0,0.0,0.0,100.0,0.0,0,0.0,0.0,100.0,0.0,0
2026-06-22 12:47:10,1074.47,0.0,0.0,100.0,0.0,0,0.0,0.0,100.0,0.0,0,0.0,0.0,100.0,0.0,0,0.0,0.0,100.0,0.0,0,0.0,0.0,100.0,0.0,0,0.0,0.0,100.0,0.0,0
2026-06-22 12:47:11,1075.23,0.0,0.0,100.0,0.0,0,0.0,0.0,100.0,0.0,0,0.0,0.0,100.0,0.0,0,0.0,0.0,100.0,0.0,0,0.0,0.0,100.0,0.0,0,0.0,0.0,100.0,0.0,0
2026-06-22 12:47:12,1075.97,0.0,0.0,100.0,0.0,0,0.0,0.0,100.0,0.0,0,0.0,0.0,100.0,0.0,0,0.0,0.0,100.0,0.0,0,0.0,0.0,100.0,0.0,0,0.0,0.0,100.0,0.0,0
2026-06-22 12:47:13,1076.74,0.0,0.0,100.0,0.0,0,0.0,0.0,100.0,0.0,0,0.0,0.0,100.0,0.0,0,0.0,0.0,100.0,0.0,0,0.0,0.0,100.0,0.0,0,0.0,0.0,100.0,0.0,0
2026-06-22 12:47:13,1077.5,0.0,0.0,100.0,0.0,0,0.0,0.0,100.0,0.0,0,0.0,0.0,100.0,0.0,0,0.0,0.0,100.0,0.0,0,0.0,0.0,100.0,0.0,0,0.0,0.0,100.0,0.0,0
2026-06-22 12:47:14,1078.28,0.0,0.0,100.0,0.0,0,0.0,0.0,100.0,0.0,0,0.0,0.0,100.0,0.0,0,0.0,0.0,100.0,0.0,0,0.0,0.0,100.0,0.0,0,0.0,0.0,100.0,0.0,0
2026-06-22 12:47:15,1079.06,0.0,0.0,100.0,0.0,0,0.0,0.0,100.0,0.0,0,0.0,0.0,100.0,0.0,0,0.0,0.0,100.0,0.0,0,0.0,0.0,100.0,0.0,0,0.0,0.0,100.0,0.0,0
2026-06-22 12:47:16,1079.85,0.0,0.0,100.0,0.0,0,0.0,0.0,100.0,0.0,0,0.0,0.0,100.0,0.0,0,0.0,0.0,100.0,0.0,0,0.0,0.0,100.0,0.0,0,0.0,0.0,100.0,0.0,0
2026-06-22 12:47:17,1080.62,0.0,0.0,100.0,0.0,0,0.0,0.0,100.0,0.0,0,0.0,0.0,100.0,0.0,0,0.0,0.0,100.0,0.0,0,0.0,0.0,100.0,0.0,0,0.0,0.0,100.0,0.0,0
2026-06-22 12:47:17,1081.38,0.0,0.0,100.0,0.0,0,0.0,0.0,100.0,0.0,0,0.0,0.0,100.0,0.0,0,0.0,0.0,100.0,0.0,0,0.0,0.0,100.0,0.0,0,0.0,0.0,100.0,0.0,0
2026-06-22 12:47:18,1082.13,0.0,0.0,100.0,0.0,0,0.0,0.0,100.0,0.0,0,0.0,0.0,100.0,0.0,0,0.0,0.0,100.0,0.0,0,0.0,0.0,100.0,0.0,0,0.0,0.0,100.0,0.0,0
2026-06-22 12:47:19,1082.93,0.0,0.0,100.0,0.0,0,0.0,0.0,100.0,0.0,0,0.0,0.0,100.0,0.0,0,0.0,0.0,100.0,0.0,0,0.0,0.0,100.0,0.0,0,0.0,0.0,100.0,0.0,0
2026-06-22 12:47:20,1083.67,0.0,0.0,100.0,0.0,0,0.0,0.0,100.0,0.0,0,0.0,0.0,100.0,0.0,0,0.0,0.0,100.0,0.0,0,0.0,0.0,100.0,0.0,0,0.0,0.0,100.0,0.0,0
2026-06-22 12:47:20,1084.44,0.0,0.0,100.0,0.0,0,0.0,0.0,100.0,0.0,0,0.0,0.0,100.0,0.0,0,0.0,0.0,100.0,0.0,0,0.0,0.0,100.0,0.0,0,0.0,0.0,100.0,0.0,0
2026-06-22 12:47:21,1085.2,0.0,0.0,100.0,0.0,0,0.0,0.0,100.0,0.0,0,0.0,0.0,100.0,0.0,0,0.0,0.0,100.0,0.0,0,0.0,0.0,100.0,0.0,0,0.0,0.0,100.0,0.0,0
2026-06-22 12:47:22,1085.94,0.0,0.0,100.0,0.0,0,0.0,0.0,100.0,0.0,0,0.0,0.0,100.0,0.0,0,0.0,0.0,100.0,0.0,0,0.0,0.0,100.0,0.0,0,0.0,0.0,100.0,0.0,0
2026-06-22 12:47:23,1086.69,0.0,0.0,100.0,0.0,0,0.0,0.0,100.0,0.0,0,0.0,0.0,100.0,0.0,0,0.0,0.0,100.0,0.0,0,0.0,0.0,100.0,0.0,0,0.0,0.0,100.0,0.0,0
2026-06-22 12:47:23,1087.47,0.0,0.0,100.0,0.0,0,0.0,0.0,100.0,0.0,0,0.0,0.0,100.0,0.0,0,0.0,0.0,100.0,0.0,0,0.0,0.0,100.0,0.0,0,0.0,0.0,100.0,0.0,0
2026-06-22 12:47:24,1088.29,0.0,0.0,100.0,0.0,0,0.0,0.0,100.0,0.0,0,0.0,0.0,100.0,0.0,0,0.0,0.0,100.0,0.0,0,0.0,0.0,100.0,0.0,0,0.0,0.0,100.0,0.0,0
2026-06-22 12:47:25,1089.05,0.0,0.0,100.0,0.0,0,0.0,0.0,100.0,0.0,0,0.0,0.0,100.0,0.0,0,0.0,0.0,100.0,0.0,0,0.0,0.0,100.0,0.0,0,0.0,0.0,100.0,0.0,0
2026-06-22 12:47:26,1089.79,0.0,0.0,100.0,0.0,0,0.0,0.0,100.0,0.0,0,0.0,0.0,100.0,0.0,0,0.0,0.0,100.0,0.0,0,0.0,0.0,100.0,0.0,0,0.0,0.0,100.0,0.0,0
2026-06-22 12:47:26,1090.57,0.0,0.0,100.0,0.0,0,0.0,0.0,100.0,0.0,0,0.0,0.0,100.0,0.0,0,0.0,0.0,100.0,0.0,0,0.0,0.0,100.0,0.0,0,0.0,0.0,100.0,0.0,0
2026-06-22 12:47:27,1091.33,0.0,0.0,100.0,0.0,0,0.0,0.0,100.0,0.0,0,0.0,0.0,100.0,0.0,0,0.0,0.0,100.0,0.0,0,0.0,0.0,100.0,0.0,0,0.0,0.0,100.0,0.0,0
2026-06-22 12:47:28,1092.08,0.0,0.0,100.0,0.0,0,0.0,0.0,100.0,0.0,0,0.0,0.0,100.0,0.0,0,0.0,0.0,100.0,0.0,0,0.0,0.0,100.0,0.0,0,0.0,0.0,100.0,0.0,0
2026-06-22 12:47:29,1092.84,0.0,0.0,100.0,0.0,0,0.0,0.0,100.0,0.0,0,0.0,0.0,100.0,0.0,0,0.0,0.0,100.0,0.0,0,0.0,0.0,100.0,0.0,0,0.0,0.0,100.0,0.0,0
2026-06-22 12:47:30,1093.7,0.0,0.0,100.0,0.0,0,0.0,0.0,100.0,0.0,0,0.0,0.0,100.0,0.0,0,0.0,0.0,100.0,0.0,0,0.0,0.0,100.0,0.0,0,0.0,0.0,100.0,0.0,0
2026-06-22 12:47:30,1094.43,0.0,0.0,100.0,0.0,0,0.0,0.0,100.0,0.0,0,0.0,0.0,100.0,0.0,0,0.0,0.0,100.0,0.0,0,0.0,0.0,100.0,0.0,0,0.0,0.0,100.0,0.0,0
2026-06-22 12:47:31,1095.19,0.0,0.0,100.0,0.0,0,0.0,0.0,100.0,0.0,0,0.0,0.0,100.0,0.0,0,0.0,0.0,100.0,0.0,0,0.0,0.0,100.0,0.0,0,0.0,0.0,100.0,0.0,0
2026-06-22 12:47:32,1095.97,0.0,0.0,100.0,0.0,0,0.0,0.0,100.0,0.0,0,0.0,0.0,100.0,0.0,0,0.0,0.0,100.0,0.0,0,0.0,0.0,100.0,0.0,0,0.0,0.0,100.0,0.0,0
2026-06-22 12:47:33,1096.75,0.0,0.0,100.0,0.0,0,0.0,0.0,100.0,0.0,0,0.0,0.0,100.0,0.0,0,0.0,0.0,100.0,0.0,0,0.0,0.0,100.0,0.0,0,0.0,0.0,100.0,0.0,0
2026-06-22 12:47:33,1097.52,0.0,0.0,100.0,0.0,0,0.0,0.0,100.0,0.0,0,0.0,0.0,100.0,0.0,0,0.0,0.0,100.0,0.0,0,0.0,0.0,100.0,0.0,0,0.0,0.0,100.0,0.0,0
2026-06-22 12:47:34,1098.3,0.0,0.0,100.0,0.0,0,0.0,0.0,100.0,0.0,0,0.0,0.0,100.0,0.0,0,0.0,0.0,100.0,0.0,0,0.0,0.0,100.0,0.0,0,0.0,0.0,100.0,0.0,0
2026-06-22 12:47:35,1099.07,0.0,0.0,100.0,0.0,0,0.0,0.0,100.0,0.0,0,0.0,0.0,100.0,0.0,0,0.0,0.0,100.0,0.0,0,0.0,0.0,100.0,0.0,0,0.0,0.0,100.0,0.0,0
2026-06-22 12:47:36,1099.83,0.0,0.0,100.0,0.0,0,0.0,0.0,100.0,0.0,0,0.0,0.0,100.0,0.0,0,0.0,0.0,100.0,0.0,0,0.0,0.0,100.0,0.0,0,0.0,0.0,100.0,0.0,0
2026-06-22 12:47:37,1100.62,0.0,0.0,100.0,0.0,0,0.0,0.0,100.0,0.0,0,0.0,0.0,100.0,0.0,0,0.0,0.0,100.0,0.0,0,0.0,0.0,100.0,0.0,0,0.0,0.0,100.0,0.0,0
2026-06-22 12:47:37,1101.58,0.0,0.0,100.0,0.0,0,0.0,0.0,100.0,0.0,0,0.0,0.0,100.0,0.0,0,0.0,0.0,100.0,0.0,0,0.0,0.0,100.0,0.0,0,0.0,0.0,100.0,0.0,0
2026-06-22 12:47:38,1102.37,0.0,0.0,100.0,0.0,0,0.0,0.0,100.0,0.0,0,0.0,0.0,100.0,0.0,0,0.0,0.0,100.0,0.0,0,0.0,0.0,100.0,0.0,0,0.0,0.0,100.0,0.0,0
2026-06-22 12:47:39,1103.13,0.0,0.0,100.0,0.0,0,0.0,0.0,100.0,0.0,0,0.0,0.0,100.0,0.0,0,0.0,0.0,100.0,0.0,0,0.0,0.0,100.0,0.0,0,0.0,0.0,100.0,0.0,0
2026-06-22 12:47:40,1103.87,0.0,0.0,100.0,0.0,0,0.0,0.0,100.0,0.0,0,0.0,0.0,100.0,0.0,0,0.0,0.0,100.0,0.0,0,0.0,0.0,100.0,0.0,0,0.0,0.0,100.0,0.0,0
2026-06-22 12:47:41,1105.07,0.0,0.0,100.0,0.0,0,0.0,0.0,100.0,0.0,0,0.0,0.0,100.0,0.0,0,0.0,0.0,100.0,0.0,0,0.0,0.0,100.0,0.0,0,0.0,0.0,100.0,0.0,0
2026-06-22 12:47:42,1105.83,0.0,0.0,100.0,0.0,0,0.0,0.0,100.0,0.0,0,0.0,0.0,100.0,0.0,0,0.0,0.0,100.0,0.0,0,0.0,0.0,100.0,0.0,0,0.0,0.0,100.0,0.0,0
2026-06-22 12:47:42,1106.6,0.0,0.0,100.0,0.0,0,0.0,0.0,100.0,0.0,0,0.0,0.0,100.0,0.0,0,0.0,0.0,100.0,0.0,0,0.0,0.0,100.0,0.0,0,0.0,0.0,100.0,0.0,0
2026-06-22 12:47:43,1107.34,0.0,0.0,100.0,0.0,0,0.0,0.0,100.0,0.0,0,0.0,0.0,100.0,0.0,0,0.0,0.0,100.0,0.0,0,0.0,0.0,100.0,0.0,0,0.0,0.0,100.0,0.0,0
2026-06-22 12:47:44,1108.12,0.0,0.0,100.0,0.0,0,0.0,0.0,100.0,0.0,0,0.0,0.0,100.0,0.0,0,0.0,0.0,100.0,0.0,0,0.0,0.0,100.0,0.0,0,0.0,0.0,100.0,0.0,0
2026-06-22 12:47:45,1108.85,0.0,0.0,100.0,0.0,0,0.0,0.0,100.0,0.0,0,0.0,0.0,100.0,0.0,0,0.0,0.0,100.0,0.0,0,0.0,0.0,100.0,0.0,0,0.0,0.0,100.0,0.0,0
2026-06-22 12:47:45,1109.59,0.0,0.0,100.0,0.0,0,0.0,0.0,100.0,0.0,0,0.0,0.0,100.0,0.0,0,0.0,0.0,100.0,0.0,0,0.0,0.0,100.0,0.0,0,0.0,0.0,100.0,0.0,0
2026-06-22 12:47:46,1110.34,0.0,0.0,100.0,0.0,0,0.0,0.0,100.0,0.0,0,0.0,0.0,100.0,0.0,0,0.0,0.0,100.0,0.0,0,0.0,0.0,100.0,0.0,0,0.0,0.0,100.0,0.0,0
2026-06-22 12:47:47,1111.08,0.0,0.0,100.0,0.0,0,0.0,0.0,100.0,0.0,0,0.0,0.0,100.0,0.0,0,0.0,0.0,100.0,0.0,0,0.0,0.0,100.0,0.0,0,0.0,0.0,100.0,0.0,0
2026-06-22 12:47:48,1111.81,0.0,0.0,100.0,0.0,0,0.0,0.0,100.0,0.0,0,0.0,0.0,100.0,0.0,0,0.0,0.0,100.0,0.0,0,0.0,0.0,100.0,0.0,0,0.0,0.0,100.0,0.0,0
2026-06-22 12:47:48,1112.56,0.0,0.0,100.0,0.0,0,0.0,0.0,100.0,0.0,0,0.0,0.0,100.0,0.0,0,0.0,0.0,100.0,0.0,0,0.0,0.0,100.0,0.0,0,0.0,0.0,100.0,0.0,0
2026-06-22 12:47:49,1113.33,0.0,0.0,100.0,0.0,0,0.0,0.0,100.0,0.0,0,0.0,0.0,100.0,0.0,0,0.0,0.0,100.0,0.0,0,0.0,0.0,100.0,0.0,0,0.0,0.0,100.0,0.0,0
2026-06-22 12:47:50,1114.09,0.0,0.0,100.0,0.0,0,0.0,0.0,100.0,0.0,0,0.0,0.0,100.0,0.0,0,0.0,0.0,100.0,0.0,0,0.0,0.0,100.0,0.0,0,0.0,0.0,100.0,0.0,0
2026-06-22 12:47:51,1114.87,0.0,0.0,100.0,0.0,0,0.0,0.0,100.0,0.0,0,0.0,0.0,100.0,0.0,0,0.0,0.0,100.0,0.0,0,0.0,0.0,100.0,0.0,0,0.0,0.0,100.0,0.0,0
2026-06-22 12:47:52,1115.63,0.0,0.0,100.0,0.0,0,0.0,0.0,100.0,0.0,0,0.0,0.0,100.0,0.0,0,0.0,0.0,100.0,0.0,0,0.0,0.0,100.0,0.0,0,0.0,0.0,100.0,0.0,0
2026-06-22 12:47:52,1116.38,0.0,0.0,100.0,0.0,0,0.0,0.0,100.0,0.0,0,0.0,0.0,100.0,0.0,0,0.0,0.0,100.0,0.0,0,0.0,0.0,100.0,0.0,0,0.0,0.0,100.0,0.0,0
2026-06-22 12:47:53,1117.11,0.0,0.0,100.0,0.0,0,0.0,0.0,100.0,0.0,0,0.0,0.0,100.0,0.0,0,0.0,0.0,100.0,0.0,0,0.0,0.0,100.0,0.0,0,0.0,0.0,100.0,0.0,0
2026-06-22 12:47:54,1117.85,0.0,0.0,100.0,0.0,0,0.0,0.0,100.0,0.0,0,0.0,0.0,100.0,0.0,0,0.0,0.0,100.0,0.0,0,0.0,0.0,100.0,0.0,0,0.0,0.0,100.0,0.0,0
2026-06-22 12:47:54,1118.57,0.0,0.0,100.0,0.0,0,0.0,0.0,100.0,0.0,0,0.0,0.0,100.0,0.0,0,0.0,0.0,100.0,0.0,0,0.0,0.0,100.0,0.0,0,0.0,0.0,100.0,0.0,0
2026-06-22 12:47:55,1119.34,0.0,0.0,100.0,0.0,0,0.0,0.0,100.0,0.0,0,0.0,0.0,100.0,0.0,0,0.0,0.0,100.0,0.0,0,0.0,0.0,100.0,0.0,0,0.0,0.0,100.0,0.0,0
2026-06-22 12:47:56,1120.08,0.0,0.0,100.0,0.0,0,0.0,0.0,100.0,0.0,0,0.0,0.0,100.0,0.0,0,0.0,0.0,100.0,0.0,0,0.0,0.0,100.0,0.0,0,0.0,0.0,100.0,0.0,0
2026-06-22 12:47:57,1120.82,0.0,0.0,100.0,0.0,0,0.0,0.0,100.0,0.0,0,0.0,0.0,100.0,0.0,0,0.0,0.0,100.0,0.0,0,0.0,0.0,100.0,0.0,0,0.0,0.0,100.0,0.0,0
2026-06-22 12:47:57,1121.57,0.0,0.0,100.0,0.0,0,0.0,0.0,100.0,0.0,0,0.0,0.0,100.0,0.0,0,0.0,0.0,100.0,0.0,0,0.0,0.0,100.0,0.0,0,0.0,0.0,100.0,0.0,0
2026-06-22 12:47:58,1122.37,0.0,0.0,100.0,0.0,0,0.0,0.0,100.0,0.0,0,0.0,0.0,100.0,0.0,0,0.0,0.0,100.0,0.0,0,0.0,0.0,100.0,0.0,0,0.0,0.0,100.0,0.0,0
2026-06-22 12:47:59,1123.12,0.0,0.0,100.0,0.0,0,0.0,0.0,100.0,0.0,0,0.0,0.0,100.0,0.0,0,0.0,0.0,100.0,0.0,0,0.0,0.0,100.0,0.0,0,0.0,0.0,100.0,0.0,0
2026-06-22 12:48:00,1123.91,0.0,0.0,100.0,0.0,0,0.0,0.0,100.0,0.0,0,0.0,0.0,100.0,0.0,0,0.0,0.0,100.0,0.0,0,0.0,0.0,100.0,0.0,0,0.0,0.0,100.0,0.0,0
2026-06-22 12:48:01,1124.69,0.0,0.0,100.0,0.0,0,0.0,0.0,100.0,0.0,0,0.0,0.0,100.0,0.0,0,0.0,0.0,100.0,0.0,0,0.0,0.0,100.0,0.0,0,0.0,0.0,100.0,0.0,0
2026-06-22 12:48:01,1125.49,0.0,0.0,100.0,0.0,0,0.0,0.0,100.0,0.0,0,0.0,0.0,100.0,0.0,0,0.0,0.0,100.0,0.0,0,0.0,0.0,100.0,0.0,0,0.0,0.0,100.0,0.0,0
2026-06-22 12:48:02,1126.25,0.0,0.0,100.0,0.0,0,0.0,0.0,100.0,0.0,0,0.0,0.0,100.0,0.0,0,0.0,0.0,100.0,0.0,0,0.0,0.0,100.0,0.0,0,0.0,0.0,100.0,0.0,0
2026-06-22 12:48:03,1127.01,0.0,0.0,100.0,0.0,0,0.0,0.0,100.0,0.0,0,0.0,0.0,100.0,0.0,0,0.0,0.0,100.0,0.0,0,0.0,0.0,100.0,0.0,0,0.0,0.0,100.0,0.0,0
2026-06-22 12:48:04,1127.76,0.0,0.0,100.0,0.0,0,0.0,0.0,100.0,0.0,0,0.0,0.0,100.0,0.0,0,0.0,0.0,100.0,0.0,0,0.0,0.0,100.0,0.0,0,0.0,0.0,100.0,0.0,0
2026-06-22 12:48:04,1128.56,0.0,0.0,100.0,0.0,0,0.0,0.0,100.0,0.0,0,0.0,0.0,100.0,0.0,0,0.0,0.0,100.0,0.0,0,0.0,0.0,100.0,0.0,0,0.0,0.0,100.0,0.0,0
2026-06-22 12:48:05,1129.34,0.0,0.0,100.0,0.0,0,0.0,0.0,100.0,0.0,0,0.0,0.0,100.0,0.0,0,0.0,0.0,100.0,0.0,0,0.0,0.0,100.0,0.0,0,0.0,0.0,100.0,0.0,0
2026-06-22 12:48:06,1130.09,0.0,0.0,100.0,0.0,0,0.0,0.0,100.0,0.0,0,0.0,0.0,100.0,0.0,0,0.0,0.0,100.0,0.0,0,0.0,0.0,100.0,0.0,0,0.0,0.0,100.0,0.0,0
2026-06-22 12:48:07,1130.85,0.0,0.0,100.0,0.0,0,0.0,0.0,100.0,0.0,0,0.0,0.0,100.0,0.0,0,0.0,0.0,100.0,0.0,0,0.0,0.0,100.0,0.0,0,0.0,0.0,100.0,0.0,0
2026-06-22 12:48:07,1131.61,0.0,0.0,100.0,0.0,0,0.0,0.0,100.0,0.0,0,0.0,0.0,100.0,0.0,0,0.0,0.0,100.0,0.0,0,0.0,0.0,100.0,0.0,0,0.0,0.0,100.0,0.0,0
2026-06-22 12:48:08,1132.38,0.0,0.0,100.0,0.0,0,0.0,0.0,100.0,0.0,0,0.0,0.0,100.0,0.0,0,0.0,0.0,100.0,0.0,0,0.0,0.0,100.0,0.0,0,0.0,0.0,100.0,0.0,0
2026-06-22 12:48:09,1133.21,0.0,0.0,100.0,0.0,0,0.0,0.0,100.0,0.0,0,0.0,0.0,100.0,0.0,0,0.0,0.0,100.0,0.0,0,0.0,0.0,100.0,0.0,0,0.0,0.0,100.0,0.0,0
2026-06-22 12:48:10,1133.98,0.0,0.0,100.0,0.0,0,0.0,0.0,100.0,0.0,0,0.0,0.0,100.0,0.0,0,0.0,0.0,100.0,0.0,0,0.0,0.0,100.0,0.0,0,0.0,0.0,100.0,0.0,0
2026-06-22 12:48:11,1134.73,0.0,0.0,100.0,0.0,0,0.0,0.0,100.0,0.0,0,0.0,0.0,100.0,0.0,0,0.0,0.0,100.0,0.0,0,0.0,0.0,100.0,0.0,0,0.0,0.0,100.0,0.0,0
2026-06-22 12:48:11,1135.48,0.0,0.0,100.0,0.0,0,0.0,0.0,100.0,0.0,0,0.0,0.0,100.0,0.0,0,0.0,0.0,100.0,0.0,0,0.0,0.0,100.0,0.0,0,0.0,0.0,100.0,0.0,0
2026-06-22 12:48:12,1136.24,0.0,0.0,100.0,0.0,0,0.0,0.0,100.0,0.0,0,0.0,0.0,100.0,0.0,0,0.0,0.0,100.0,0.0,0,0.0,0.0,100.0,0.0,0,0.0,0.0,100.0,0.0,0
2026-06-22 12:48:13,1137.03,0.0,0.0,100.0,0.0,0,0.0,0.0,100.0,0.0,0,0.0,0.0,100.0,0.0,0,0.0,0.0,100.0,0.0,0,0.0,0.0,100.0,0.0,0,0.0,0.0,100.0,0.0,0
2026-06-22 12:48:14,1137.82,0.0,0.0,100.0,0.0,0,0.0,0.0,100.0,0.0,0,0.0,0.0,100.0,0.0,0,0.0,0.0,100.0,0.0,0,0.0,0.0,100.0,0.0,0,0.0,0.0,100.0,0.0,0
2026-06-22 12:48:14,1138.58,0.0,0.0,100.0,0.0,0,0.0,0.0,100.0,0.0,0,0.0,0.0,100.0,0.0,0,0.0,0.0,100.0,0.0,0,0.0,0.0,100.0,0.0,0,0.0,0.0,100.0,0.0,0
2026-06-22 12:48:15,1139.4,0.0,0.0,100.0,0.0,0,0.0,0.0,100.0,0.0,0,0.0,0.0,100.0,0.0,0,0.0,0.0,100.0,0.0,0,0.0,0.0,100.0,0.0,0,0.0,0.0,100.0,0.0,0
2026-06-22 12:48:16,1140.14,0.0,0.0,100.0,0.0,0,0.0,0.0,100.0,0.0,0,0.0,0.0,100.0,0.0,0,0.0,0.0,100.0,0.0,0,0.0,0.0,100.0,0.0,0,0.0,0.0,100.0,0.0,0
2026-06-22 12:48:17,1140.93,0.0,0.0,100.0,0.0,0,0.0,0.0,100.0,0.0,0,0.0,0.0,100.0,0.0,0,0.0,0.0,100.0,0.0,0,0.0,0.0,100.0,0.0,0,0.0,0.0,100.0,0.0,0
2026-06-22 12:48:18,1141.69,0.0,0.0,100.0,0.0,0,0.0,0.0,100.0,0.0,0,0.0,0.0,100.0,0.0,0,0.0,0.0,100.0,0.0,0,0.0,0.0,100.0,0.0,0,0.0,0.0,100.0,0.0,0
2026-06-22 12:48:18,1142.44,0.0,0.0,100.0,0.0,0,0.0,0.0,100.0,0.0,0,0.0,0.0,100.0,0.0,0,0.0,0.0,100.0,0.0,0,0.0,0.0,100.0,0.0,0,0.0,0.0,100.0,0.0,0
2026-06-22 12:48:19,1143.22,0.0,0.0,100.0,0.0,0,0.0,0.0,100.0,0.0,0,0.0,0.0,100.0,0.0,0,0.0,0.0,100.0,0.0,0,0.0,0.0,100.0,0.0,0,0.0,0.0,100.0,0.0,0
2026-06-22 12:48:20,1143.99,0.0,0.0,100.0,0.0,0,0.0,0.0,100.0,0.0,0,0.0,0.0,100.0,0.0,0,0.0,0.0,100.0,0.0,0,0.0,0.0,100.0,0.0,0,0.0,0.0,100.0,0.0,0
2026-06-22 12:48:21,1144.87,0.0,0.0,100.0,0.0,0,0.0,0.0,100.0,0.0,0,0.0,0.0,100.0,0.0,0,0.0,0.0,100.0,0.0,0,0.0,0.0,100.0,0.0,0,0.0,0.0,100.0,0.0,0
2026-06-22 12:48:22,1145.66,0.0,0.0,100.0,0.0,0,0.0,0.0,100.0,0.0,0,0.0,0.0,100.0,0.0,0,0.0,0.0,100.0,0.0,0,0.0,0.0,100.0,0.0,0,0.0,0.0,100.0,0.0,0
2026-06-22 12:48:22,1146.5,0.0,0.0,100.0,0.0,0,0.0,0.0,100.0,0.0,0,0.0,0.0,100.0,0.0,0,0.0,0.0,100.0,0.0,0,0.0,0.0,100.0,0.0,0,0.0,0.0,100.0,0.0,0
2026-06-22 12:48:23,1147.34,0.0,0.0,100.0,0.0,0,0.0,0.0,100.0,0.0,0,0.0,0.0,100.0,0.0,0,0.0,0.0,100.0,0.0,0,0.0,0.0,100.0,0.0,0,0.0,0.0,100.0,0.0,0
2026-06-22 12:48:24,1148.14,0.0,0.0,100.0,0.0,0,0.0,0.0,100.0,0.0,0,0.0,0.0,100.0,0.0,0,0.0,0.0,100.0,0.0,0,0.0,0.0,100.0,0.0,0,0.0,0.0,100.0,0.0,0
2026-06-22 12:48:25,1148.96,0.0,0.0,100.0,0.0,0,0.0,0.0,100.0,0.0,0,0.0,0.0,100.0,0.0,0,0.0,0.0,100.0,0.0,0,0.0,0.0,100.0,0.0,0,0.0,0.0,100.0,0.0,0
2026-06-22 12:48:26,1149.79,0.0,0.0,100.0,0.0,0,0.0,0.0,100.0,0.0,0,0.0,0.0,100.0,0.0,0,0.0,0.0,100.0,0.0,0,0.0,0.0,100.0,0.0,0,0.0,0.0,100.0,0.0,0
2026-06-22 12:48:26,1150.56,0.0,0.0,100.0,0.0,0,0.0,0.0,100.0,0.0,0,0.0,0.0,100.0,0.0,0,0.0,0.0,100.0,0.0,0,0.0,0.0,100.0,0.0,0,0.0,0.0,100.0,0.0,0
2026-06-22 12:48:27,1151.31,0.0,0.0,100.0,0.0,0,0.0,0.0,100.0,0.0,0,0.0,0.0,100.0,0.0,0,0.0,0.0,100.0,0.0,0,0.0,0.0,100.0,0.0,0,0.0,0.0,100.0,0.0,0
2026-06-22 12:48:28,1152.05,0.0,0.0,100.0,0.0,0,0.0,0.0,100.0,0.0,0,0.0,0.0,100.0,0.0,0,0.0,0.0,100.0,0.0,0,0.0,0.0,100.0,0.0,0,0.0,0.0,100.0,0.0,0
2026-06-22 12:48:29,1152.85,0.0,0.0,100.0,0.0,0,0.0,0.0,100.0,0.0,0,0.0,0.0,100.0,0.0,0,0.0,0.0,100.0,0.0,0,0.0,0.0,100.0,0.0,0,0.0,0.0,100.0,0.0,0
2026-06-22 12:48:30,1153.73,0.0,0.0,100.0,0.0,0,0.0,0.0,100.0,0.0,0,0.0,0.0,100.0,0.0,0,0.0,0.0,100.0,0.0,0,0.0,0.0,100.0,0.0,0,0.0,0.0,100.0,0.0,0
2026-06-22 12:48:30,1154.59,0.0,0.0,100.0,0.0,0,0.0,0.0,100.0,0.0,0,0.0,0.0,100.0,0.0,0,0.0,0.0,100.0,0.0,0,0.0,0.0,100.0,0.0,0,0.0,0.0,100.0,0.0,0
2026-06-22 12:48:31,1155.33,0.0,0.0,100.0,0.0,0,0.0,0.0,100.0,0.0,0,0.0,0.0,100.0,0.0,0,0.0,0.0,100.0,0.0,0,0.0,0.0,100.0,0.0,0,0.0,0.0,100.0,0.0,0
2026-06-22 12:48:32,1156.13,0.0,0.0,100.0,0.0,0,0.0,0.0,100.0,0.0,0,0.0,0.0,100.0,0.0,0,0.0,0.0,100.0,0.0,0,0.0,0.0,100.0,0.0,0,0.0,0.0,100.0,0.0,0
2026-06-22 12:48:33,1156.92,0.0,0.0,100.0,0.0,0,0.0,0.0,100.0,0.0,0,0.0,0.0,100.0,0.0,0,0.0,0.0,100.0,0.0,0,0.0,0.0,100.0,0.0,0,0.0,0.0,100.0,0.0,0
2026-06-22 12:48:34,1157.72,0.0,0.0,100.0,0.0,0,0.0,0.0,100.0,0.0,0,0.0,0.0,100.0,0.0,0,0.0,0.0,100.0,0.0,0,0.0,0.0,100.0,0.0,0,0.0,0.0,100.0,0.0,0
2026-06-22 12:48:34,1158.51,0.0,0.0,100.0,0.0,0,0.0,0.0,100.0,0.0,0,0.0,0.0,100.0,0.0,0,0.0,0.0,100.0,0.0,0,0.0,0.0,100.0,0.0,0,0.0,0.0,100.0,0.0,0
2026-06-22 12:48:35,1159.29,0.0,0.0,100.0,0.0,0,0.0,0.0,100.0,0.0,0,0.0,0.0,100.0,0.0,0,0.0,0.0,100.0,0.0,0,0.0,0.0,100.0,0.0,0,0.0,0.0,100.0,0.0,0
2026-06-22 12:48:36,1160.07,0.0,0.0,100.0,0.0,0,0.0,0.0,100.0,0.0,0,0.0,0.0,100.0,0.0,0,0.0,0.0,100.0,0.0,0,0.0,0.0,100.0,0.0,0,0.0,0.0,100.0,0.0,0
2026-06-22 12:48:37,1160.9,0.0,0.0,100.0,0.0,0,0.0,0.0,100.0,0.0,0,0.0,0.0,100.0,0.0,0,0.0,0.0,100.0,0.0,0,0.0,0.0,100.0,0.0,0,0.0,0.0,100.0,0.0,0
2026-06-22 12:48:38,1161.67,0.0,0.0,100.0,0.0,0,0.0,0.0,100.0,0.0,0,0.0,0.0,100.0,0.0,0,0.0,0.0,100.0,0.0,0,0.0,0.0,100.0,0.0,0,0.0,0.0,100.0,0.0,0
2026-06-22 12:48:38,1162.4,0.0,0.0,100.0,0.0,0,0.0,0.0,100.0,0.0,0,0.0,0.0,100.0,0.0,0,0.0,0.0,100.0,0.0,0,0.0,0.0,100.0,0.0,0,0.0,0.0,100.0,0.0,0
2026-06-22 12:48:39,1163.15,0.0,0.0,100.0,0.0,0,0.0,0.0,100.0,0.0,0,0.0,0.0,100.0,0.0,0,0.0,0.0,100.0,0.0,0,0.0,0.0,100.0,0.0,0,0.0,0.0,100.0,0.0,0
2026-06-22 12:48:40,1163.92,0.0,0.0,100.0,0.0,0,0.0,0.0,100.0,0.0,0,0.0,0.0,100.0,0.0,0,0.0,0.0,100.0,0.0,0,0.0,0.0,100.0,0.0,0,0.0,0.0,100.0,0.0,0
2026-06-22 12:48:41,1164.69,0.0,0.0,100.0,0.0,0,0.0,0.0,100.0,0.0,0,0.0,0.0,100.0,0.0,0,0.0,0.0,100.0,0.0,0,0.0,0.0,100.0,0.0,0,0.0,0.0,100.0,0.0,0
2026-06-22 12:48:41,1165.41,0.0,0.0,100.0,0.0,0,0.0,0.0,100.0,0.0,0,0.0,0.0,100.0,0.0,0,0.0,0.0,100.0,0.0,0,0.0,0.0,100.0,0.0,0,0.0,0.0,100.0,0.0,0
2026-06-22 12:48:42,1166.13,0.0,0.0,100.0,0.0,0,0.0,0.0,100.0,0.0,0,0.0,0.0,100.0,0.0,0,0.0,0.0,100.0,0.0,0,0.0,0.0,100.0,0.0,0,0.0,0.0,100.0,0.0,0
2026-06-22 12:48:43,1166.87,0.0,0.0,100.0,0.0,0,0.0,0.0,100.0,0.0,0,0.0,0.0,100.0,0.0,0,0.0,0.0,100.0,0.0,0,0.0,0.0,100.0,0.0,0,0.0,0.0,100.0,0.0,0
2026-06-22 12:48:44,1167.64,0.0,0.0,100.0,0.0,0,0.0,0.0,100.0,0.0,0,0.0,0.0,100.0,0.0,0,0.0,0.0,100.0,0.0,0,0.0,0.0,100.0,0.0,0,0.0,0.0,100.0,0.0,0
2026-06-22 12:48:44,1168.4,0.0,0.0,100.0,0.0,0,0.0,0.0,100.0,0.0,0,0.0,0.0,100.0,0.0,0,0.0,0.0,100.0,0.0,0,0.0,0.0,100.0,0.0,0,0.0,0.0,100.0,0.0,0
2026-06-22 12:48:45,1169.2,0.0,0.0,100.0,0.0,0,0.0,0.0,100.0,0.0,0,0.0,0.0,100.0,0.0,0,0.0,0.0,100.0,0.0,0,0.0,0.0,100.0,0.0,0,0.0,0.0,100.0,0.0,0
2026-06-22 12:48:46,1169.99,0.0,0.0,100.0,0.0,0,0.0,0.0,100.0,0.0,0,0.0,0.0,100.0,0.0,0,0.0,0.0,100.0,0.0,0,0.0,0.0,100.0,0.0,0,0.0,0.0,100.0,0.0,0
2026-06-22 12:48:47,1170.77,0.0,0.0,100.0,0.0,0,0.0,0.0,100.0,0.0,0,0.0,0.0,100.0,0.0,0,0.0,0.0,100.0,0.0,0,0.0,0.0,100.0,0.0,0,0.0,0.0,100.0,0.0,0
2026-06-22 12:48:47,1171.59,0.0,0.0,100.0,0.0,0,0.0,0.0,100.0,0.0,0,0.0,0.0,100.0,0.0,0,0.0,0.0,100.0,0.0,0,0.0,0.0,100.0,0.0,0,0.0,0.0,100.0,0.0,0
2026-06-22 12:48:48,1172.43,0.0,0.0,100.0,0.0,0,0.0,0.0,100.0,0.0,0,0.0,0.0,100.0,0.0,0,0.0,0.0,100.0,0.0,0,0.0,0.0,100.0,0.0,0,0.0,0.0,100.0,0.0,0
2026-06-22 12:48:49,1173.22,0.0,0.0,100.0,0.0,0,0.0,0.0,100.0,0.0,0,0.0,0.0,100.0,0.0,0,0.0,0.0,100.0,0.0,0,0.0,0.0,100.0,0.0,0,0.0,0.0,100.0,0.0,0
2026-06-22 12:48:50,1174.07,0.0,0.0,100.0,0.0,0,0.0,0.0,100.0,0.0,0,0.0,0.0,100.0,0.0,0,0.0,0.0,100.0,0.0,0,0.0,0.0,100.0,0.0,0,0.0,0.0,100.0,0.0,0
2026-06-22 12:48:51,1174.9,0.0,0.0,100.0,0.0,0,0.0,0.0,100.0,0.0,0,0.0,0.0,100.0,0.0,0,0.0,0.0,100.0,0.0,0,0.0,0.0,100.0,0.0,0,0.0,0.0,100.0,0.0,0
2026-06-22 12:48:52,1175.68,0.0,0.0,100.0,0.0,0,0.0,0.0,100.0,0.0,0,0.0,0.0,100.0,0.0,0,0.0,0.0,100.0,0.0,0,0.0,0.0,100.0,0.0,0,0.0,0.0,100.0,0.0,0
2026-06-22 12:48:52,1176.47,0.0,0.0,100.0,0.0,0,0.0,0.0,100.0,0.0,0,0.0,0.0,100.0,0.0,0,0.0,0.0,100.0,0.0,0,0.0,0.0,100.0,0.0,0,0.0,0.0,100.0,0.0,0
2026-06-22 12:48:53,1177.27,0.0,0.0,100.0,0.0,0,0.0,0.0,100.0,0.0,0,0.0,0.0,100.0,0.0,0,0.0,0.0,100.0,0.0,0,0.0,0.0,100.0,0.0,0,0.0,0.0,100.0,0.0,0
2026-06-22 12:48:54,1178.06,0.0,0.0,100.0,0.0,0,0.0,0.0,100.0,0.0,0,0.0,0.0,100.0,0.0,0,0.0,0.0,100.0,0.0,0,0.0,0.0,100.0,0.0,0,0.0,0.0,100.0,0.0,0
2026-06-22 12:48:55,1178.81,0.0,0.0,100.0,0.0,0,0.0,0.0,100.0,0.0,0,0.0,0.0,100.0,0.0,0,0.0,0.0,100.0,0.0,0,0.0,0.0,100.0,0.0,0,0.0,0.0,100.0,0.0,0
2026-06-22 12:48:55,1179.58,0.0,0.0,100.0,0.0,0,0.0,0.0,100.0,0.0,0,0.0,0.0,100.0,0.0,0,0.0,0.0,100.0,0.0,0,0.0,0.0,100.0,0.0,0,0.0,0.0,100.0,0.0,0
2026-06-22 12:48:56,1180.35,0.0,0.0,100.0,0.0,0,0.0,0.0,100.0,0.0,0,0.0,0.0,100.0,0.0,0,0.0,0.0,100.0,0.0,0,0.0,0.0,100.0,0.0,0,0.0,0.0,100.0,0.0,0
2026-06-22 12:48:57,1181.08,0.0,0.0,100.0,0.0,0,0.0,0.0,100.0,0.0,0,0.0,0.0,100.0,0.0,0,0.0,0.0,100.0,0.0,0,0.0,0.0,100.0,0.0,0,0.0,0.0,100.0,0.0,0
2026-06-22 12:48:58,1181.81,0.0,0.0,100.0,0.0,0,0.0,0.0,100.0,0.0,0,0.0,0.0,100.0,0.0,0,0.0,0.0,100.0,0.0,0,0.0,0.0,100.0,0.0,0,0.0,0.0,100.0,0.0,0
2026-06-22 12:48:59,1182.71,0.0,0.0,100.0,0.0,0,0.0,0.0,100.0,0.0,0,0.0,0.0,100.0,0.0,0,0.0,0.0,100.0,0.0,0,0.0,0.0,100.0,0.0,0,0.0,0.0,100.0,0.0,0
2026-06-22 12:48:59,1183.54,0.0,0.0,100.0,0.0,0,0.0,0.0,100.0,0.0,0,0.0,0.0,100.0,0.0,0,0.0,0.0,100.0,0.0,0,0.0,0.0,100.0,0.0,0,0.0,0.0,100.0,0.0,0
2026-06-22 12:49:00,1184.31,0.0,0.0,100.0,0.0,0,0.0,0.0,100.0,0.0,0,0.0,0.0,100.0,0.0,0,0.0,0.0,100.0,0.0,0,0.0,0.0,100.0,0.0,0,0.0,0.0,100.0,0.0,0
2026-06-22 12:49:01,1185.07,0.0,0.0,100.0,0.0,0,0.0,0.0,100.0,0.0,0,0.0,0.0,100.0,0.0,0,0.0,0.0,100.0,0.0,0,0.0,0.0,100.0,0.0,0,0.0,0.0,100.0,0.0,0
2026-06-22 12:49:02,1185.84,0.0,0.0,100.0,0.0,0,0.0,0.0,100.0,0.0,0,0.0,0.0,100.0,0.0,0,0.0,0.0,100.0,0.0,0,0.0,0.0,100.0,0.0,0,0.0,0.0,100.0,0.0,0
2026-06-22 12:49:02,1186.58,0.0,0.0,100.0,0.0,0,0.0,0.0,100.0,0.0,0,0.0,0.0,100.0,0.0,0,0.0,0.0,100.0,0.0,0,0.0,0.0,100.0,0.0,0,0.0,0.0,100.0,0.0,0
2026-06-22 12:49:03,1187.34,0.0,0.0,100.0,0.0,0,0.0,0.0,100.0,0.0,0,0.0,0.0,100.0,0.0,0,0.0,0.0,100.0,0.0,0,0.0,0.0,100.0,0.0,0,0.0,0.0,100.0,0.0,0
2026-06-22 12:49:04,1188.1,0.0,0.0,100.0,0.0,0,0.0,0.0,100.0,0.0,0,0.0,0.0,100.0,0.0,0,0.0,0.0,100.0,0.0,0,0.0,0.0,100.0,0.0,0,0.0,0.0,100.0,0.0,0
2026-06-22 12:49:05,1188.88,0.0,0.0,100.0,0.0,0,0.0,0.0,100.0,0.0,0,0.0,0.0,100.0,0.0,0,0.0,0.0,100.0,0.0,0,0.0,0.0,100.0,0.0,0,0.0,0.0,100.0,0.0,0
2026-06-22 12:49:06,1189.65,0.0,0.0,100.0,0.0,0,0.0,0.0,100.0,0.0,0,0.0,0.0,100.0,0.0,0,0.0,0.0,100.0,0.0,0,0.0,0.0,100.0,0.0,0,0.0,0.0,100.0,0.0,0
2026-06-22 12:49:06,1190.42,0.0,0.0,100.0,0.0,0,0.0,0.0,100.0,0.0,0,0.0,0.0,100.0,0.0,0,0.0,0.0,100.0,0.0,0,0.0,0.0,100.0,0.0,0,0.0,0.0,100.0,0.0,0
2026-06-22 12:49:07,1191.17,0.0,0.0,100.0,0.0,0,0.0,0.0,100.0,0.0,0,0.0,0.0,100.0,0.0,0,0.0,0.0,100.0,0.0,0,0.0,0.0,100.0,0.0,0,0.0,0.0,100.0,0.0,0
2026-06-22 12:49:08,1191.92,0.0,0.0,100.0,0.0,0,0.0,0.0,100.0,0.0,0,0.0,0.0,100.0,0.0,0,0.0,0.0,100.0,0.0,0,0.0,0.0,100.0,0.0,0,0.0,0.0,100.0,0.0,0
2026-06-22 12:49:09,1192.67,0.0,0.0,100.0,0.0,0,0.0,0.0,100.0,0.0,0,0.0,0.0,100.0,0.0,0,0.0,0.0,100.0,0.0,0,0.0,0.0,100.0,0.0,0,0.0,0.0,100.0,0.0,0
2026-06-22 12:49:09,1193.49,0.0,0.0,100.0,0.0,0,0.0,0.0,100.0,0.0,0,0.0,0.0,100.0,0.0,0,0.0,0.0,100.0,0.0,0,0.0,0.0,100.0,0.0,0,0.0,0.0,100.0,0.0,0
2026-06-22 12:49:10,1194.31,0.0,0.0,100.0,0.0,0,0.0,0.0,100.0,0.0,0,0.0,0.0,100.0,0.0,0,0.0,0.0,100.0,0.0,0,0.0,0.0,100.0,0.0,0,0.0,0.0,100.0,0.0,0
2026-06-22 12:49:11,1195.06,0.0,0.0,100.0,0.0,0,0.0,0.0,100.0,0.0,0,0.0,0.0,100.0,0.0,0,0.0,0.0,100.0,0.0,0,0.0,0.0,100.0,0.0,0,0.0,0.0,100.0,0.0,0
2026-06-22 12:49:12,1195.81,0.0,0.0,100.0,0.0,0,0.0,0.0,100.0,0.0,0,0.0,0.0,100.0,0.0,0,0.0,0.0,100.0,0.0,0,0.0,0.0,100.0,0.0,0,0.0,0.0,100.0,0.0,0
2026-06-22 12:49:12,1196.58,0.0,0.0,100.0,0.0,0,0.0,0.0,100.0,0.0,0,0.0,0.0,100.0,0.0,0,0.0,0.0,100.0,0.0,0,0.0,0.0,100.0,0.0,0,0.0,0.0,100.0,0.0,0
2026-06-22 12:49:13,1197.32,0.0,0.0,100.0,0.0,0,0.0,0.0,100.0,0.0,0,0.0,0.0,100.0,0.0,0,0.0,0.0,100.0,0.0,0,0.0,0.0,100.0,0.0,0,0.0,0.0,100.0,0.0,0
2026-06-22 12:49:14,1198.06,0.0,0.0,100.0,0.0,0,0.0,0.0,100.0,0.0,0,0.0,0.0,100.0,0.0,0,0.0,0.0,100.0,0.0,0,0.0,0.0,100.0,0.0,0,0.0,0.0,100.0,0.0,0
2026-06-22 12:49:15,1198.79,0.0,0.0,100.0,0.0,0,0.0,0.0,100.0,0.0,0,0.0,0.0,100.0,0.0,0,0.0,0.0,100.0,0.0,0,0.0,0.0,100.0,0.0,0,0.0,0.0,100.0,0.0,0
2026-06-22 12:49:15,1199.57,0.0,0.0,100.0,0.0,0,0.0,0.0,100.0,0.0,0,0.0,0.0,100.0,0.0,0,0.0,0.0,100.0,0.0,0,0.0,0.0,100.0,0.0,0,0.0,0.0,100.0,0.0,0
2026-06-22 12:49:16,1200.35,0.0,0.0,100.0,0.0,0,0.0,0.0,100.0,0.0,0,0.0,0.0,100.0,0.0,0,0.0,0.0,100.0,0.0,0,0.0,0.0,100.0,0.0,0,0.0,0.0,100.0,0.0,0
2026-06-22 12:49:17,1201.11,0.0,0.0,100.0,0.0,0,0.0,0.0,100.0,0.0,0,0.0,0.0,100.0,0.0,0,0.0,0.0,100.0,0.0,0,0.0,0.0,100.0,0.0,0,0.0,0.0,100.0,0.0,0
2026-06-22 12:49:18,1201.88,0.0,0.0,100.0,0.0,0,0.0,0.0,100.0,0.0,0,0.0,0.0,100.0,0.0,0,0.0,0.0,100.0,0.0,0,0.0,0.0,100.0,0.0,0,0.0,0.0,100.0,0.0,0
2026-06-22 12:49:19,1202.68,0.0,0.0,100.0,0.0,0,0.0,0.0,100.0,0.0,0,0.0,0.0,100.0,0.0,0,0.0,0.0,100.0,0.0,0,0.0,0.0,100.0,0.0,0,0.0,0.0,100.0,0.0,0
2026-06-22 12:49:19,1203.46,0.0,0.0,100.0,0.0,0,0.0,0.0,100.0,0.0,0,0.0,0.0,100.0,0.0,0,0.0,0.0,100.0,0.0,0,0.0,0.0,100.0,0.0,0,0.0,0.0,100.0,0.0,0
2026-06-22 12:49:20,1204.24,0.0,0.0,100.0,0.0,0,0.0,0.0,100.0,0.0,0,0.0,0.0,100.0,0.0,0,0.0,0.0,100.0,0.0,0,0.0,0.0,100.0,0.0,0,0.0,0.0,100.0,0.0,0
2026-06-22 12:49:21,1205.03,0.0,0.0,100.0,0.0,0,0.0,0.0,100.0,0.0,0,0.0,0.0,100.0,0.0,0,0.0,0.0,100.0,0.0,0,0.0,0.0,100.0,0.0,0,0.0,0.0,100.0,0.0,0
2026-06-22 12:49:22,1205.8,0.0,0.0,100.0,0.0,0,0.0,0.0,100.0,0.0,0,0.0,0.0,100.0,0.0,0,0.0,0.0,100.0,0.0,0,0.0,0.0,100.0,0.0,0,0.0,0.0,100.0,0.0,0
2026-06-22 12:49:22,1206.58,0.0,0.0,100.0,0.0,0,0.0,0.0,100.0,0.0,0,0.0,0.0,100.0,0.0,0,0.0,0.0,100.0,0.0,0,0.0,0.0,100.0,0.0,0,0.0,0.0,100.0,0.0,0
2026-06-22 12:49:23,1207.35,0.0,0.0,100.0,0.0,0,0.0,0.0,100.0,0.0,0,0.0,0.0,100.0,0.0,0,0.0,0.0,100.0,0.0,0,0.0,0.0,100.0,0.0,0,0.0,0.0,100.0,0.0,0
2026-06-22 12:49:24,1208.21,0.0,0.0,100.0,0.0,0,0.0,0.0,100.0,0.0,0,0.0,0.0,100.0,0.0,0,0.0,0.0,100.0,0.0,0,0.0,0.0,100.0,0.0,0,0.0,0.0,100.0,0.0,0
2026-06-22 12:49:25,1208.99,0.0,0.0,100.0,0.0,0,0.0,0.0,100.0,0.0,0,0.0,0.0,100.0,0.0,0,0.0,0.0,100.0,0.0,0,0.0,0.0,100.0,0.0,0,0.0,0.0,100.0,0.0,0
2026-06-22 12:49:26,1209.75,0.0,0.0,100.0,0.0,0,0.0,0.0,100.0,0.0,0,0.0,0.0,100.0,0.0,0,0.0,0.0,100.0,0.0,0,0.0,0.0,100.0,0.0,0,0.0,0.0,100.0,0.0,0
2026-06-22 12:49:26,1210.54,0.0,0.0,100.0,0.0,0,0.0,0.0,100.0,0.0,0,0.0,0.0,100.0,0.0,0,0.0,0.0,100.0,0.0,0,0.0,0.0,100.0,0.0,0,0.0,0.0,100.0,0.0,0
2026-06-22 12:49:27,1211.33,0.0,0.0,100.0,0.0,0,0.0,0.0,100.0,0.0,0,0.0,0.0,100.0,0.0,0,0.0,0.0,100.0,0.0,0,0.0,0.0,100.0,0.0,0,0.0,0.0,100.0,0.0,0
2026-06-22 12:49:28,1212.11,0.0,0.0,100.0,0.0,0,0.0,0.0,100.0,0.0,0,0.0,0.0,100.0,0.0,0,0.0,0.0,100.0,0.0,0,0.0,0.0,100.0,0.0,0,0.0,0.0,100.0,0.0,0
2026-06-22 12:49:29,1212.96,0.0,0.0,100.0,0.0,0,0.0,0.0,100.0,0.0,0,0.0,0.0,100.0,0.0,0,0.0,0.0,100.0,0.0,0,0.0,0.0,100.0,0.0,0,0.0,0.0,100.0,0.0,0
2026-06-22 12:49:30,1213.84,0.0,0.0,100.0,0.0,0,0.0,0.0,100.0,0.0,0,0.0,0.0,100.0,0.0,0,0.0,0.0,100.0,0.0,0,0.0,0.0,100.0,0.0,0,0.0,0.0,100.0,0.0,0
2026-06-22 12:49:30,1214.61,0.0,0.0,100.0,0.0,0,0.0,0.0,100.0,0.0,0,0.0,0.0,100.0,0.0,0,0.0,0.0,100.0,0.0,0,0.0,0.0,100.0,0.0,0,0.0,0.0,100.0,0.0,0
2026-06-22 12:49:31,1215.35,0.0,0.0,100.0,0.0,0,0.0,0.0,100.0,0.0,0,0.0,0.0,100.0,0.0,0,0.0,0.0,100.0,0.0,0,0.0,0.0,100.0,0.0,0,0.0,0.0,100.0,0.0,0
2026-06-22 12:49:32,1216.14,0.0,0.0,100.0,0.0,0,0.0,0.0,100.0,0.0,0,0.0,0.0,100.0,0.0,0,0.0,0.0,100.0,0.0,0,0.0,0.0,100.0,0.0,0,0.0,0.0,100.0,0.0,0
2026-06-22 12:49:33,1216.91,0.0,0.0,100.0,0.0,0,0.0,0.0,100.0,0.0,0,0.0,0.0,100.0,0.0,0,0.0,0.0,100.0,0.0,0,0.0,0.0,100.0,0.0,0,0.0,0.0,100.0,0.0,0
2026-06-22 12:49:34,1217.71,0.0,0.0,100.0,0.0,0,0.0,0.0,100.0,0.0,0,0.0,0.0,100.0,0.0,0,0.0,0.0,100.0,0.0,0,0.0,0.0,100.0,0.0,0,0.0,0.0,100.0,0.0,0
2026-06-22 12:49:34,1218.46,0.0,0.0,100.0,0.0,0,0.0,0.0,100.0,0.0,0,0.0,0.0,100.0,0.0,0,0.0,0.0,100.0,0.0,0,0.0,0.0,100.0,0.0,0,0.0,0.0,100.0,0.0,0
2026-06-22 12:49:35,1219.24,0.0,0.0,100.0,0.0,0,0.0,0.0,100.0,0.0,0,0.0,0.0,100.0,0.0,0,0.0,0.0,100.0,0.0,0,0.0,0.0,100.0,0.0,0,0.0,0.0,100.0,0.0,0
2026-06-22 12:49:36,1220.01,0.0,0.0,100.0,0.0,0,0.0,0.0,100.0,0.0,0,0.0,0.0,100.0,0.0,0,0.0,0.0,100.0,0.0,0,0.0,0.0,100.0,0.0,0,0.0,0.0,100.0,0.0,0
2026-06-22 12:49:37,1220.81,0.0,0.0,100.0,0.0,0,0.0,0.0,100.0,0.0,0,0.0,0.0,100.0,0.0,0,0.0,0.0,100.0,0.0,0,0.0,0.0,100.0,0.0,0,0.0,0.0,100.0,0.0,0
2026-06-22 12:49:37,1221.59,0.0,0.0,100.0,0.0,0,0.0,0.0,100.0,0.0,0,0.0,0.0,100.0,0.0,0,0.0,0.0,100.0,0.0,0,0.0,0.0,100.0,0.0,0,0.0,0.0,100.0,0.0,0
2026-06-22 12:49:38,1222.34,0.0,0.0,100.0,0.0,0,0.0,0.0,100.0,0.0,0,0.0,0.0,100.0,0.0,0,0.0,0.0,100.0,0.0,0,0.0,0.0,100.0,0.0,0,0.0,0.0,100.0,0.0,0
2026-06-22 12:49:39,1223.12,0.0,0.0,100.0,0.0,0,0.0,0.0,100.0,0.0,0,0.0,0.0,100.0,0.0,0,0.0,0.0,100.0,0.0,0,0.0,0.0,100.0,0.0,0,0.0,0.0,100.0,0.0,0
2026-06-22 12:49:40,1223.9,0.0,0.0,100.0,0.0,0,0.0,0.0,100.0,0.0,0,0.0,0.0,100.0,0.0,0,0.0,0.0,100.0,0.0,0,0.0,0.0,100.0,0.0,0,0.0,0.0,100.0,0.0,0
2026-06-22 12:49:41,1224.71,0.0,0.0,100.0,0.0,0,0.0,0.0,100.0,0.0,0,0.0,0.0,100.0,0.0,0,0.0,0.0,100.0,0.0,0,0.0,0.0,100.0,0.0,0,0.0,0.0,100.0,0.0,0
2026-06-22 12:49:41,1225.48,0.0,0.0,100.0,0.0,0,0.0,0.0,100.0,0.0,0,0.0,0.0,100.0,0.0,0,0.0,0.0,100.0,0.0,0,0.0,0.0,100.0,0.0,0,0.0,0.0,100.0,0.0,0
2026-06-22 12:49:42,1226.27,0.0,0.0,100.0,0.0,0,0.0,0.0,100.0,0.0,0,0.0,0.0,100.0,0.0,0,0.0,0.0,100.0,0.0,0,0.0,0.0,100.0,0.0,0,0.0,0.0,100.0,0.0,0
2026-06-22 12:49:43,1227.03,0.0,0.0,100.0,0.0,0,0.0,0.0,100.0,0.0,0,0.0,0.0,100.0,0.0,0,0.0,0.0,100.0,0.0,0,0.0,0.0,100.0,0.0,0,0.0,0.0,100.0,0.0,0
2026-06-22 12:49:44,1227.81,0.0,0.0,100.0,0.0,0,0.0,0.0,100.0,0.0,0,0.0,0.0,100.0,0.0,0,0.0,0.0,100.0,0.0,0,0.0,0.0,100.0,0.0,0,0.0,0.0,100.0,0.0,0
2026-06-22 12:49:44,1228.59,0.0,0.0,100.0,0.0,0,0.0,0.0,100.0,0.0,0,0.0,0.0,100.0,0.0,0,0.0,0.0,100.0,0.0,0,0.0,0.0,100.0,0.0,0,0.0,0.0,100.0,0.0,0
2026-06-22 12:49:45,1229.35,0.0,0.0,100.0,0.0,0,0.0,0.0,100.0,0.0,0,0.0,0.0,100.0,0.0,0,0.0,0.0,100.0,0.0,0,0.0,0.0,100.0,0.0,0,0.0,0.0,100.0,0.0,0
2026-06-22 12:49:46,1230.1,0.0,0.0,100.0,0.0,0,0.0,0.0,100.0,0.0,0,0.0,0.0,100.0,0.0,0,0.0,0.0,100.0,0.0,0,0.0,0.0,100.0,0.0,0,0.0,0.0,100.0,0.0,0
2026-06-22 12:49:47,1230.87,0.0,0.0,100.0,0.0,0,0.0,0.0,100.0,0.0,0,0.0,0.0,100.0,0.0,0,0.0,0.0,100.0,0.0,0,0.0,0.0,100.0,0.0,0,0.0,0.0,100.0,0.0,0
2026-06-22 12:49:48,1231.61,0.0,0.0,100.0,0.0,0,0.0,0.0,100.0,0.0,0,0.0,0.0,100.0,0.0,0,0.0,0.0,100.0,0.0,0,0.0,0.0,100.0,0.0,0,0.0,0.0,100.0,0.0,0
2026-06-22 12:49:48,1232.41,0.0,0.0,100.0,0.0,0,0.0,0.0,100.0,0.0,0,0.0,0.0,100.0,0.0,0,0.0,0.0,100.0,0.0,0,0.0,0.0,100.0,0.0,0,0.0,0.0,100.0,0.0,0
2026-06-22 12:49:49,1233.17,0.0,0.0,100.0,0.0,0,0.0,0.0,100.0,0.0,0,0.0,0.0,100.0,0.0,0,0.0,0.0,100.0,0.0,0,0.0,0.0,100.0,0.0,0,0.0,0.0,100.0,0.0,0
2026-06-22 12:49:50,1233.92,0.0,0.0,100.0,0.0,0,0.0,0.0,100.0,0.0,0,0.0,0.0,100.0,0.0,0,0.0,0.0,100.0,0.0,0,0.0,0.0,100.0,0.0,0,0.0,0.0,100.0,0.0,0
2026-06-22 12:49:51,1234.71,0.0,0.0,100.0,0.0,0,0.0,0.0,100.0,0.0,0,0.0,0.0,100.0,0.0,0,0.0,0.0,100.0,0.0,0,0.0,0.0,100.0,0.0,0,0.0,0.0,100.0,0.0,0
2026-06-22 12:49:51,1235.48,0.0,0.0,100.0,0.0,0,0.0,0.0,100.0,0.0,0,0.0,0.0,100.0,0.0,0,0.0,0.0,100.0,0.0,0,0.0,0.0,100.0,0.0,0,0.0,0.0,100.0,0.0,0
2026-06-22 12:49:52,1236.28,0.0,0.0,100.0,0.0,0,0.0,0.0,100.0,0.0,0,0.0,0.0,100.0,0.0,0,0.0,0.0,100.0,0.0,0,0.0,0.0,100.0,0.0,0,0.0,0.0,100.0,0.0,0
2026-06-22 12:49:53,1237.07,0.0,0.0,100.0,0.0,0,0.0,0.0,100.0,0.0,0,0.0,0.0,100.0,0.0,0,0.0,0.0,100.0,0.0,0,0.0,0.0,100.0,0.0,0,0.0,0.0,100.0,0.0,0
2026-06-22 12:49:54,1237.88,0.0,0.0,100.0,0.0,0,0.0,0.0,100.0,0.0,0,0.0,0.0,100.0,0.0,0,0.0,0.0,100.0,0.0,0,0.0,0.0,100.0,0.0,0,0.0,0.0,100.0,0.0,0
2026-06-22 12:49:55,1238.78,0.0,0.0,100.0,0.0,0,0.0,0.0,100.0,0.0,0,0.0,0.0,100.0,0.0,0,0.0,0.0,100.0,0.0,0,0.0,0.0,100.0,0.0,0,0.0,0.0,100.0,0.0,0
2026-06-22 12:49:56,1239.67,0.0,0.0,100.0,0.0,0,0.0,0.0,100.0,0.0,0,0.0,0.0,100.0,0.0,0,0.0,0.0,100.0,0.0,0,0.0,0.0,100.0,0.0,0,0.0,0.0,100.0,0.0,0
2026-06-22 12:49:56,1240.45,0.0,0.0,100.0,0.0,0,0.0,0.0,100.0,0.0,0,0.0,0.0,100.0,0.0,0,0.0,0.0,100.0,0.0,0,0.0,0.0,100.0,0.0,0,0.0,0.0,100.0,0.0,0
2026-06-22 12:49:57,1241.21,0.0,0.0,100.0,0.0,0,0.0,0.0,100.0,0.0,0,0.0,0.0,100.0,0.0,0,0.0,0.0,100.0,0.0,0,0.0,0.0,100.0,0.0,0,0.0,0.0,100.0,0.0,0
2026-06-22 12:49:58,1241.96,0.0,0.0,100.0,0.0,0,0.0,0.0,100.0,0.0,0,0.0,0.0,100.0,0.0,0,0.0,0.0,100.0,0.0,0,0.0,0.0,100.0,0.0,0,0.0,0.0,100.0,0.0,0
2026-06-22 12:49:59,1242.72,0.0,0.0,100.0,0.0,0,0.0,0.0,100.0,0.0,0,0.0,0.0,100.0,0.0,0,0.0,0.0,100.0,0.0,0,0.0,0.0,100.0,0.0,0,0.0,0.0,100.0,0.0,0
2026-06-22 12:49:59,1243.48,0.0,0.0,100.0,0.0,0,0.0,0.0,100.0,0.0,0,0.0,0.0,100.0,0.0,0,0.0,0.0,100.0,0.0,0,0.0,0.0,100.0,0.0,0,0.0,0.0,100.0,0.0,0
2026-06-22 12:50:00,1244.23,0.0,0.0,100.0,0.0,0,0.0,0.0,100.0,0.0,0,0.0,0.0,100.0,0.0,0,0.0,0.0,100.0,0.0,0,0.0,0.0,100.0,0.0,0,0.0,0.0,100.0,0.0,0
2026-06-22 12:50:01,1244.98,0.0,0.0,100.0,0.0,0,0.0,0.0,100.0,0.0,0,0.0,0.0,100.0,0.0,0,0.0,0.0,100.0,0.0,0,0.0,0.0,100.0,0.0,0,0.0,0.0,100.0,0.0,0
2026-06-22 12:50:02,1245.79,0.0,0.0,100.0,0.0,0,0.0,0.0,100.0,0.0,0,0.0,0.0,100.0,0.0,0,0.0,0.0,100.0,0.0,0,0.0,0.0,100.0,0.0,0,0.0,0.0,100.0,0.0,0
2026-06-22 12:50:02,1246.55,0.0,0.0,100.0,0.0,0,0.0,0.0,100.0,0.0,0,0.0,0.0,100.0,0.0,0,0.0,0.0,100.0,0.0,0,0.0,0.0,100.0,0.0,0,0.0,0.0,100.0,0.0,0
2026-06-22 12:50:03,1247.29,0.0,0.0,100.0,0.0,0,0.0,0.0,100.0,0.0,0,0.0,0.0,100.0,0.0,0,0.0,0.0,100.0,0.0,0,0.0,0.0,100.0,0.0,0,0.0,0.0,100.0,0.0,0
2026-06-22 12:50:04,1248.06,0.0,0.0,100.0,0.0,0,0.0,0.0,100.0,0.0,0,0.0,0.0,100.0,0.0,0,0.0,0.0,100.0,0.0,0,0.0,0.0,100.0,0.0,0,0.0,0.0,100.0,0.0,0
2026-06-22 12:50:05,1248.81,0.0,0.0,100.0,0.0,0,0.0,0.0,100.0,0.0,0,0.0,0.0,100.0,0.0,0,0.0,0.0,100.0,0.0,0,0.0,0.0,100.0,0.0,0,0.0,0.0,100.0,0.0,0
2026-06-22 12:50:06,1249.63,0.0,0.0,100.0,0.0,0,0.0,0.0,100.0,0.0,0,0.0,0.0,100.0,0.0,0,0.0,0.0,100.0,0.0,0,0.0,0.0,100.0,0.0,0,0.0,0.0,100.0,0.0,0
2026-06-22 12:50:06,1250.43,0.0,0.0,100.0,0.0,0,0.0,0.0,100.0,0.0,0,0.0,0.0,100.0,0.0,0,0.0,0.0,100.0,0.0,0,0.0,0.0,100.0,0.0,0,0.0,0.0,100.0,0.0,0
2026-06-22 12:50:07,1251.21,0.0,0.0,100.0,0.0,0,0.0,0.0,100.0,0.0,0,0.0,0.0,100.0,0.0,0,0.0,0.0,100.0,0.0,0,0.0,0.0,100.0,0.0,0,0.0,0.0,100.0,0.0,0
2026-06-22 12:50:08,1252.05,0.0,0.0,100.0,0.0,0,0.0,0.0,100.0,0.0,0,0.0,0.0,100.0,0.0,0,0.0,0.0,100.0,0.0,0,0.0,0.0,100.0,0.0,0,0.0,0.0,100.0,0.0,0
2026-06-22 12:50:09,1252.82,0.0,0.0,100.0,0.0,0,0.0,0.0,100.0,0.0,0,0.0,0.0,100.0,0.0,0,0.0,0.0,100.0,0.0,0,0.0,0.0,100.0,0.0,0,0.0,0.0,100.0,0.0,0
2026-06-22 12:50:09,1253.59,0.0,0.0,100.0,0.0,0,0.0,0.0,100.0,0.0,0,0.0,0.0,100.0,0.0,0,0.0,0.0,100.0,0.0,0,0.0,0.0,100.0,0.0,0,0.0,0.0,100.0,0.0,0
2026-06-22 12:50:10,1254.42,0.0,0.0,100.0,0.0,0,0.0,0.0,100.0,0.0,0,0.0,0.0,100.0,0.0,0,0.0,0.0,100.0,0.0,0,0.0,0.0,100.0,0.0,0,0.0,0.0,100.0,0.0,0
2026-06-22 12:50:11,1255.19,0.0,0.0,100.0,0.0,0,0.0,0.0,100.0,0.0,0,0.0,0.0,100.0,0.0,0,0.0,0.0,100.0,0.0,0,0.0,0.0,100.0,0.0,0,0.0,0.0,100.0,0.0,0
2026-06-22 12:50:12,1255.92,0.0,0.0,100.0,0.0,0,0.0,0.0,100.0,0.0,0,0.0,0.0,100.0,0.0,0,0.0,0.0,100.0,0.0,0,0.0,0.0,100.0,0.0,0,0.0,0.0,100.0,0.0,0
2026-06-22 12:50:13,1256.69,0.0,0.0,100.0,0.0,0,0.0,0.0,100.0,0.0,0,0.0,0.0,100.0,0.0,0,0.0,0.0,100.0,0.0,0,0.0,0.0,100.0,0.0,0,0.0,0.0,100.0,0.0,0
2026-06-22 12:50:13,1257.42,0.0,0.0,100.0,0.0,0,0.0,0.0,100.0,0.0,0,0.0,0.0,100.0,0.0,0,0.0,0.0,100.0,0.0,0,0.0,0.0,100.0,0.0,0,0.0,0.0,100.0,0.0,0
2026-06-22 12:50:14,1258.16,0.0,0.0,100.0,0.0,0,0.0,0.0,100.0,0.0,0,0.0,0.0,100.0,0.0,0,0.0,0.0,100.0,0.0,0,0.0,0.0,100.0,0.0,0,0.0,0.0,100.0,0.0,0
2026-06-22 12:50:15,1258.9,0.0,0.0,100.0,0.0,0,0.0,0.0,100.0,0.0,0,0.0,0.0,100.0,0.0,0,0.0,0.0,100.0,0.0,0,0.0,0.0,100.0,0.0,0,0.0,0.0,100.0,0.0,0
2026-06-22 12:50:16,1259.68,0.0,0.0,100.0,0.0,0,0.0,0.0,100.0,0.0,0,0.0,0.0,100.0,0.0,0,0.0,0.0,100.0,0.0,0,0.0,0.0,100.0,0.0,0,0.0,0.0,100.0,0.0,0
2026-06-22 12:50:16,1260.45,0.0,0.0,100.0,0.0,0,0.0,0.0,100.0,0.0,0,0.0,0.0,100.0,0.0,0,0.0,0.0,100.0,0.0,0,0.0,0.0,100.0,0.0,0,0.0,0.0,100.0,0.0,0
2026-06-22 12:50:17,1261.19,0.0,0.0,100.0,0.0,0,0.0,0.0,100.0,0.0,0,0.0,0.0,100.0,0.0,0,0.0,0.0,100.0,0.0,0,0.0,0.0,100.0,0.0,0,0.0,0.0,100.0,0.0,0
2026-06-22 12:50:18,1261.96,0.0,0.0,100.0,0.0,0,0.0,0.0,100.0,0.0,0,0.0,0.0,100.0,0.0,0,0.0,0.0,100.0,0.0,0,0.0,0.0,100.0,0.0,0,0.0,0.0,100.0,0.0,0
2026-06-22 12:50:19,1262.77,0.0,0.0,100.0,0.0,0,0.0,0.0,100.0,0.0,0,0.0,0.0,100.0,0.0,0,0.0,0.0,100.0,0.0,0,0.0,0.0,100.0,0.0,0,0.0,0.0,100.0,0.0,0
2026-06-22 12:50:19,1263.56,0.0,0.0,100.0,0.0,0,0.0,0.0,100.0,0.0,0,0.0,0.0,100.0,0.0,0,0.0,0.0,100.0,0.0,0,0.0,0.0,100.0,0.0,0,0.0,0.0,100.0,0.0,0
2026-06-22 12:50:20,1264.35,0.0,0.0,100.0,0.0,0,0.0,0.0,100.0,0.0,0,0.0,0.0,100.0,0.0,0,0.0,0.0,100.0,0.0,0,0.0,0.0,100.0,0.0,0,0.0,0.0,100.0,0.0,0
2026-06-22 12:50:21,1265.13,0.0,0.0,100.0,0.0,0,0.0,0.0,100.0,0.0,0,0.0,0.0,100.0,0.0,0,0.0,0.0,100.0,0.0,0,0.0,0.0,100.0,0.0,0,0.0,0.0,100.0,0.0,0
2026-06-22 12:50:22,1265.92,0.0,0.0,100.0,0.0,0,0.0,0.0,100.0,0.0,0,0.0,0.0,100.0,0.0,0,0.0,0.0,100.0,0.0,0,0.0,0.0,100.0,0.0,0,0.0,0.0,100.0,0.0,0
2026-06-22 12:50:23,1266.67,0.0,0.0,100.0,0.0,0,0.0,0.0,100.0,0.0,0,0.0,0.0,100.0,0.0,0,0.0,0.0,100.0,0.0,0,0.0,0.0,100.0,0.0,0,0.0,0.0,100.0,0.0,0
2026-06-22 12:50:23,1267.43,0.0,0.0,100.0,0.0,0,0.0,0.0,100.0,0.0,0,0.0,0.0,100.0,0.0,0,0.0,0.0,100.0,0.0,0,0.0,0.0,100.0,0.0,0,0.0,0.0,100.0,0.0,0
2026-06-22 12:50:24,1268.22,0.0,0.0,100.0,0.0,0,0.0,0.0,100.0,0.0,0,0.0,0.0,100.0,0.0,0,0.0,0.0,100.0,0.0,0,0.0,0.0,100.0,0.0,0,0.0,0.0,100.0,0.0,0
2026-06-22 12:50:25,1269.0,0.0,0.0,100.0,0.0,0,0.0,0.0,100.0,0.0,0,0.0,0.0,100.0,0.0,0,0.0,0.0,100.0,0.0,0,0.0,0.0,100.0,0.0,0,0.0,0.0,100.0,0.0,0
