Timestamp,Elapsed,ch0_setV,ch0_monV,ch0_setI,ch0_monI,ch0_status,ch1_setV,ch1_monV,ch1_setI,ch1_monI,ch1_status,ch2_setV,ch2_monV,ch2_setI,ch2_monI,ch2_status,ch3_setV,ch3_monV,ch3_setI,ch3_monI,ch3_status,ch4_setV,ch4_monV,ch4_setI,ch4_monI,ch4_status,ch5_setV,ch5_monV,ch5_setI,ch5_monI,ch5_status
2026-06-19 12:27:14,20.09,0.0,0.0,100.0,0.0,0,0.0,0.0,100.0,0.0,0,0.0,0.0,100.0,0.0,0,0.0,0.0,100.0,0.0,0,0.0,0.0,100.0,0.0,0,0.0,0.0,100.0,0.0,0
2026-06-19 12:27:14,20.22,0.0,0.0,100.0,0.0,0,0.0,0.0,100.0,0.0,0,0.0,0.0,100.0,0.0,0,0.0,0.0,100.0,0.0,0,0.0,0.0,100.0,0.0,0,0.0,0.0,100.0,0.0,0
2026-06-19 12:27:15,21.23,0.0,0.0,100.0,0.0,0,0.0,0.0,100.0,0.0,0,0.0,0.0,100.0,0.0,0,0.0,0.0,100.0,0.0,0,0.0,0.0,100.0,0.0,0,0.0,0.0,100.0,0.0,0
2026-06-19 12:27:16,21.94,0.0,0.0,100.0,0.0,0,0.0,0.0,100.0,0.0,0,0.0,0.0,100.0,0.0,0,0.0,0.0,100.0,0.0,0,0.0,0.0,100.0,0.0,0,0.0,0.0,100.0,0.0,0
2026-06-19 12:27:16,22.67,0.0,0.0,100.0,0.0,0,0.0,0.0,100.0,0.0,0,0.0,0.0,100.0,0.0,0,0.0,0.0,100.0,0.0,0,0.0,0.0,100.0,0.0,0,0.0,0.0,100.0,0.0,0
2026-06-19 12:27:17,23.37,0.0,0.0,100.0,0.0,0,0.0,0.0,100.0,0.0,0,0.0,0.0,100.0,0.0,0,0.0,0.0,100.0,0.0,0,0.0,0.0,100.0,0.0,0,0.0,0.0,100.0,0.0,0
2026-06-19 12:27:18,24.08,0.0,0.0,100.0,0.0,0,0.0,0.0,100.0,0.0,0,0.0,0.0,100.0,0.0,0,0.0,0.0,100.0,0.0,0,0.0,0.0,100.0,0.0,0,0.0,0.0,100.0,0.0,0
2026-06-19 12:27:18,24.79,0.0,0.0,100.0,0.0,0,0.0,0.0,100.0,0.0,0,0.0,0.0,100.0,0.0,0,0.0,0.0,100.0,0.0,0,0.0,0.0,100.0,0.0,0,0.0,0.0,100.0,0.0,0
2026-06-19 12:27:19,25.52,0.0,0.0,100.0,0.0,0,0.0,0.0,100.0,0.0,0,0.0,0.0,100.0,0.0,0,0.0,0.0,100.0,0.0,0,0.0,0.0,100.0,0.0,0,0.0,0.0,100.0,0.0,0
2026-06-19 12:27:20,26.25,0.0,0.0,100.0,0.0,0,0.0,0.0,100.0,0.0,0,0.0,0.0,100.0,0.0,0,0.0,0.0,100.0,0.0,0,0.0,0.0,100.0,0.0,0,0.0,0.0,100.0,0.0,0
2026-06-19 12:27:21,26.96,0.0,0.0,100.0,0.0,0,0.0,0.0,100.0,0.0,0,0.0,0.0,100.0,0.0,0,0.0,0.0,100.0,0.0,0,0.0,0.0,100.0,0.0,0,0.0,0.0,100.0,0.0,0
2026-06-19 12:27:21,27.67,0.0,0.0,100.0,0.0,0,0.0,0.0,100.0,0.0,0,0.0,0.0,100.0,0.0,0,0.0,0.0,100.0,0.0,0,0.0,0.0,100.0,0.0,0,0.0,0.0,100.0,0.0,0
2026-06-19 12:27:22,28.41,0.0,0.0,100.0,0.0,0,0.0,0.0,100.0,0.0,0,0.0,0.0,100.0,0.0,0,0.0,0.0,100.0,0.0,0,0.0,0.0,100.0,0.0,0,0.0,0.0,100.0,0.0,0
2026-06-19 12:27:23,29.13,0.0,0.0,100.0,0.0,0,0.0,0.0,100.0,0.0,0,0.0,0.0,100.0,0.0,0,0.0,0.0,100.0,0.0,0,0.0,0.0,100.0,0.0,0,0.0,0.0,100.0,0.0,0
2026-06-19 12:27:24,29.87,0.0,0.0,100.0,0.0,0,0.0,0.0,100.0,0.0,0,0.0,0.0,100.0,0.0,0,0.0,0.0,100.0,0.0,0,0.0,0.0,100.0,0.0,0,0.0,0.0,100.0,0.0,0
2026-06-19 12:27:24,30.58,0.0,0.0,100.0,0.0,0,0.0,0.0,100.0,0.0,0,0.0,0.0,100.0,0.0,0,0.0,0.0,100.0,0.0,0,0.0,0.0,100.0,0.0,0,0.0,0.0,100.0,0.0,0
2026-06-19 12:27:25,31.32,0.0,0.0,100.0,0.0,0,0.0,0.0,100.0,0.0,0,0.0,0.0,100.0,0.0,0,0.0,0.0,100.0,0.0,0,0.0,0.0,100.0,0.0,0,0.0,0.0,100.0,0.0,0
2026-06-19 12:27:26,32.07,0.0,0.0,100.0,0.0,0,0.0,0.0,100.0,0.0,0,0.0,0.0,100.0,0.0,0,0.0,0.0,100.0,0.0,0,0.0,0.0,100.0,0.0,0,0.0,0.0,100.0,0.0,0
2026-06-19 12:27:27,32.81,0.0,0.0,100.0,0.0,0,0.0,0.0,100.0,0.0,0,0.0,0.0,100.0,0.0,0,0.0,0.0,100.0,0.0,0,0.0,0.0,100.0,0.0,0,0.0,0.0,100.0,0.0,0
2026-06-19 12:27:27,33.52,0.0,0.0,100.0,0.0,0,0.0,0.0,100.0,0.0,0,0.0,0.0,100.0,0.0,0,0.0,0.0,100.0,0.0,0,0.0,0.0,100.0,0.0,0,0.0,0.0,100.0,0.0,0
2026-06-19 12:27:28,34.23,0.0,0.0,100.0,0.0,0,0.0,0.0,100.0,0.0,0,0.0,0.0,100.0,0.0,0,0.0,0.0,100.0,0.0,0,0.0,0.0,100.0,0.0,0,0.0,0.0,100.0,0.0,0
2026-06-19 12:27:29,34.95,0.0,0.0,100.0,0.0,0,0.0,0.0,100.0,0.0,0,0.0,0.0,100.0,0.0,0,0.0,0.0,100.0,0.0,0,0.0,0.0,100.0,0.0,0,0.0,0.0,100.0,0.0,0
2026-06-19 12:27:29,35.66,0.0,0.0,100.0,0.0,0,0.0,0.0,100.0,0.0,0,0.0,0.0,100.0,0.0,0,0.0,0.0,100.0,0.0,0,0.0,0.0,100.0,0.0,0,0.0,0.0,100.0,0.0,0
2026-06-19 12:27:30,36.39,0.0,0.0,100.0,0.0,0,0.0,0.0,100.0,0.0,0,0.0,0.0,100.0,0.0,0,0.0,0.0,100.0,0.0,0,0.0,0.0,100.0,0.0,0,0.0,0.0,100.0,0.0,0
2026-06-19 12:27:31,37.11,0.0,0.0,100.0,0.0,0,0.0,0.0,100.0,0.0,0,0.0,0.0,100.0,0.0,0,0.0,0.0,100.0,0.0,0,0.0,0.0,100.0,0.0,0,0.0,0.0,100.0,0.0,0
2026-06-19 12:27:32,37.82,0.0,0.0,100.0,0.0,0,0.0,0.0,100.0,0.0,0,0.0,0.0,100.0,0.0,0,0.0,0.0,100.0,0.0,0,0.0,0.0,100.0,0.0,0,0.0,0.0,100.0,0.0,0
2026-06-19 12:27:32,38.53,0.0,0.0,100.0,0.0,0,0.0,0.0,100.0,0.0,0,0.0,0.0,100.0,0.0,0,0.0,0.0,100.0,0.0,0,0.0,0.0,100.0,0.0,0,0.0,0.0,100.0,0.0,0
2026-06-19 12:27:33,39.24,0.0,0.0,100.0,0.0,0,0.0,0.0,100.0,0.0,0,0.0,0.0,100.0,0.0,0,0.0,0.0,100.0,0.0,0,0.0,0.0,100.0,0.0,0,0.0,0.0,100.0,0.0,0
2026-06-19 12:27:34,39.95,0.0,0.0,100.0,0.0,0,0.0,0.0,100.0,0.0,0,0.0,0.0,100.0,0.0,0,0.0,0.0,100.0,0.0,0,0.0,0.0,100.0,0.0,0,0.0,0.0,100.0,0.0,0
2026-06-19 12:27:34,40.71,0.0,0.0,100.0,0.0,0,0.0,0.0,100.0,0.0,0,0.0,0.0,100.0,0.0,0,0.0,0.0,100.0,0.0,0,0.0,0.0,100.0,0.0,0,0.0,0.0,100.0,0.0,0
2026-06-19 12:27:35,41.26,0.0,0.0,100.0,0.0,0,0.0,0.0,100.0,0.0,0,0.0,0.0,100.0,0.0,0,0.0,0.0,100.0,0.0,0,0.0,0.0,100.0,0.0,0,0.0,0.0,100.0,0.0,0
2026-06-19 12:27:36,42.02,0.0,0.0,100.0,0.0,0,0.0,0.0,100.0,0.0,0,0.0,0.0,100.0,0.0,0,0.0,0.0,100.0,0.0,0,0.0,0.0,100.0,0.0,0,0.0,0.0,100.0,0.0,0
2026-06-19 12:27:36,42.76,0.0,0.0,100.0,0.0,0,0.0,0.0,100.0,0.0,0,0.0,0.0,100.0,0.0,0,0.0,0.0,100.0,0.0,0,0.0,0.0,100.0,0.0,0,0.0,0.0,100.0,0.0,0
2026-06-19 12:27:37,43.51,0.0,0.0,100.0,0.0,0,0.0,0.0,100.0,0.0,0,0.0,0.0,100.0,0.0,0,0.0,0.0,100.0,0.0,0,0.0,0.0,100.0,0.0,0,0.0,0.0,100.0,0.0,0
2026-06-19 12:27:38,44.25,0.0,0.0,100.0,0.0,0,0.0,0.0,100.0,0.0,0,0.0,0.0,100.0,0.0,0,0.0,0.0,100.0,0.0,0,0.0,0.0,100.0,0.0,0,0.0,0.0,100.0,0.0,0
2026-06-19 12:27:39,45.01,0.0,0.0,100.0,0.0,0,0.0,0.0,100.0,0.0,0,0.0,0.0,100.0,0.0,0,0.0,0.0,100.0,0.0,0,0.0,0.0,100.0,0.0,0,0.0,0.0,100.0,0.0,0
2026-06-19 12:27:39,45.76,0.0,0.0,100.0,0.0,0,0.0,0.0,100.0,0.0,0,0.0,0.0,100.0,0.0,0,0.0,0.0,100.0,0.0,0,0.0,0.0,100.0,0.0,0,0.0,0.0,100.0,0.0,0
2026-06-19 12:27:40,46.56,0.0,0.0,100.0,0.0,0,0.0,0.0,100.0,0.0,0,0.0,0.0,100.0,0.0,0,0.0,0.0,100.0,0.0,0,0.0,0.0,100.0,0.0,0,0.0,0.0,100.0,0.0,0
2026-06-19 12:27:41,47.3,0.0,0.0,100.0,0.0,0,0.0,0.0,100.0,0.0,0,0.0,0.0,100.0,0.0,0,0.0,0.0,100.0,0.0,0,0.0,0.0,100.0,0.0,0,0.0,0.0,100.0,0.0,0
2026-06-19 12:27:42,48.02,0.0,0.0,100.0,0.0,0,0.0,0.0,100.0,0.0,0,0.0,0.0,100.0,0.0,0,0.0,0.0,100.0,0.0,0,0.0,0.0,100.0,0.0,0,0.0,0.0,100.0,0.0,0
2026-06-19 12:27:42,48.78,0.0,0.0,100.0,0.0,0,0.0,0.0,100.0,0.0,0,0.0,0.0,100.0,0.0,0,0.0,0.0,100.0,0.0,0,0.0,0.0,100.0,0.0,0,0.0,0.0,100.0,0.0,0
2026-06-19 12:27:43,49.53,0.0,0.0,100.0,0.0,0,0.0,0.0,100.0,0.0,0,0.0,0.0,100.0,0.0,0,0.0,0.0,100.0,0.0,0,0.0,0.0,100.0,0.0,0,0.0,0.0,100.0,0.0,0
2026-06-19 12:27:44,50.25,0.0,0.0,100.0,0.0,0,0.0,0.0,100.0,0.0,0,0.0,0.0,100.0,0.0,0,0.0,0.0,100.0,0.0,0,0.0,0.0,100.0,0.0,0,0.0,0.0,100.0,0.0,0
2026-06-19 12:27:45,50.97,0.0,0.0,100.0,0.0,0,0.0,0.0,100.0,0.0,0,0.0,0.0,100.0,0.0,0,0.0,0.0,100.0,0.0,0,0.0,0.0,100.0,0.0,0,0.0,0.0,100.0,0.0,0
2026-06-19 12:27:45,51.7,0.0,0.0,100.0,0.0,0,0.0,0.0,100.0,0.0,0,0.0,0.0,100.0,0.0,0,0.0,0.0,100.0,0.0,0,0.0,0.0,100.0,0.0,0,0.0,0.0,100.0,0.0,0
2026-06-19 12:27:46,52.42,0.0,0.0,100.0,0.0,0,0.0,0.0,100.0,0.0,0,0.0,0.0,100.0,0.0,0,0.0,0.0,100.0,0.0,0,0.0,0.0,100.0,0.0,0,0.0,0.0,100.0,0.0,0
2026-06-19 12:27:47,53.14,0.0,0.0,100.0,0.0,0,0.0,0.0,100.0,0.0,0,0.0,0.0,100.0,0.0,0,0.0,0.0,100.0,0.0,0,0.0,0.0,100.0,0.0,0,0.0,0.0,100.0,0.0,0
2026-06-19 12:27:48,53.87,0.0,0.0,100.0,0.0,0,0.0,0.0,100.0,0.0,0,0.0,0.0,100.0,0.0,0,0.0,0.0,100.0,0.0,0,0.0,0.0,100.0,0.0,0,0.0,0.0,100.0,0.0,0
2026-06-19 12:27:48,54.6,0.0,0.0,100.0,0.0,0,0.0,0.0,100.0,0.0,0,0.0,0.0,100.0,0.0,0,0.0,0.0,100.0,0.0,0,0.0,0.0,100.0,0.0,0,0.0,0.0,100.0,0.0,0
2026-06-19 12:27:49,55.32,0.0,0.0,100.0,0.0,0,0.0,0.0,100.0,0.0,0,0.0,0.0,100.0,0.0,0,0.0,0.0,100.0,0.0,0,0.0,0.0,100.0,0.0,0,0.0,0.0,100.0,0.0,0
2026-06-19 12:27:50,56.05,0.0,0.0,100.0,0.0,0,0.0,0.0,100.0,0.0,0,0.0,0.0,100.0,0.0,0,0.0,0.0,100.0,0.0,0,0.0,0.0,100.0,0.0,0,0.0,0.0,100.0,0.0,0
2026-06-19 12:27:51,56.8,0.0,0.0,100.0,0.0,0,0.0,0.0,100.0,0.0,0,0.0,0.0,100.0,0.0,0,0.0,0.0,100.0,0.0,0,0.0,0.0,100.0,0.0,0,0.0,0.0,100.0,0.0,0
2026-06-19 12:27:51,57.53,0.0,0.0,100.0,0.0,0,0.0,0.0,100.0,0.0,0,0.0,0.0,100.0,0.0,0,0.0,0.0,100.0,0.0,0,0.0,0.0,100.0,0.0,0,0.0,0.0,100.0,0.0,0
2026-06-19 12:27:52,58.29,0.0,0.0,100.0,0.0,0,0.0,0.0,100.0,0.0,0,0.0,0.0,100.0,0.0,0,0.0,0.0,100.0,0.0,0,0.0,0.0,100.0,0.0,0,0.0,0.0,100.0,0.0,0
2026-06-19 12:27:53,59.03,0.0,0.0,100.0,0.0,0,0.0,0.0,100.0,0.0,0,0.0,0.0,100.0,0.0,0,0.0,0.0,100.0,0.0,0,0.0,0.0,100.0,0.0,0,0.0,0.0,100.0,0.0,0
2026-06-19 12:27:53,59.76,0.0,0.0,100.0,0.0,0,0.0,0.0,100.0,0.0,0,0.0,0.0,100.0,0.0,0,0.0,0.0,100.0,0.0,0,0.0,0.0,100.0,0.0,0,0.0,0.0,100.0,0.0,0
2026-06-19 12:27:54,60.49,0.0,0.0,100.0,0.0,0,0.0,0.0,100.0,0.0,0,0.0,0.0,100.0,0.0,0,0.0,0.0,100.0,0.0,0,0.0,0.0,100.0,0.0,0,0.0,0.0,100.0,0.0,0
2026-06-19 12:27:55,61.21,0.0,0.0,100.0,0.0,0,0.0,0.0,100.0,0.0,0,0.0,0.0,100.0,0.0,0,0.0,0.0,100.0,0.0,0,0.0,0.0,100.0,0.0,0,0.0,0.0,100.0,0.0,0
2026-06-19 12:27:56,61.93,0.0,0.0,100.0,0.0,0,0.0,0.0,100.0,0.0,0,0.0,0.0,100.0,0.0,0,0.0,0.0,100.0,0.0,0,0.0,0.0,100.0,0.0,0,0.0,0.0,100.0,0.0,0
2026-06-19 12:27:56,62.68,0.0,0.0,100.0,0.0,0,0.0,0.0,100.0,0.0,0,0.0,0.0,100.0,0.0,0,0.0,0.0,100.0,0.0,0,0.0,0.0,100.0,0.0,0,0.0,0.0,100.0,0.0,0
2026-06-19 12:27:57,63.4,0.0,0.0,100.0,0.0,0,0.0,0.0,100.0,0.0,0,0.0,0.0,100.0,0.0,0,0.0,0.0,100.0,0.0,0,0.0,0.0,100.0,0.0,0,0.0,0.0,100.0,0.0,0
2026-06-19 12:27:58,64.14,0.0,0.0,100.0,0.0,0,0.0,0.0,100.0,0.0,0,0.0,0.0,100.0,0.0,0,0.0,0.0,100.0,0.0,0,0.0,0.0,100.0,0.0,0,0.0,0.0,100.0,0.0,0
2026-06-19 12:27:59,64.89,0.0,0.0,100.0,0.0,0,0.0,0.0,100.0,0.0,0,0.0,0.0,100.0,0.0,0,0.0,0.0,100.0,0.0,0,0.0,0.0,100.0,0.0,0,0.0,0.0,100.0,0.0,0
2026-06-19 12:27:59,65.64,0.0,0.0,100.0,0.0,0,0.0,0.0,100.0,0.0,0,0.0,0.0,100.0,0.0,0,0.0,0.0,100.0,0.0,0,0.0,0.0,100.0,0.0,0,0.0,0.0,100.0,0.0,0
2026-06-19 12:28:00,66.38,0.0,0.0,100.0,0.0,0,0.0,0.0,100.0,0.0,0,0.0,0.0,100.0,0.0,0,0.0,0.0,100.0,0.0,0,0.0,0.0,100.0,0.0,0,0.0,0.0,100.0,0.0,0
2026-06-19 12:28:01,67.11,0.0,0.0,100.0,0.0,0,0.0,0.0,100.0,0.0,0,0.0,0.0,100.0,0.0,0,0.0,0.0,100.0,0.0,0,0.0,0.0,100.0,0.0,0,0.0,0.0,100.0,0.0,0
2026-06-19 12:28:02,67.85,0.0,0.0,100.0,0.0,0,0.0,0.0,100.0,0.0,0,0.0,0.0,100.0,0.0,0,0.0,0.0,100.0,0.0,0,0.0,0.0,100.0,0.0,0,0.0,0.0,100.0,0.0,0
2026-06-19 12:28:02,68.58,0.0,0.0,100.0,0.0,0,0.0,0.0,100.0,0.0,0,0.0,0.0,100.0,0.0,0,0.0,0.0,100.0,0.0,0,0.0,0.0,100.0,0.0,0,0.0,0.0,100.0,0.0,0
2026-06-19 12:28:03,69.31,0.0,0.0,100.0,0.0,0,0.0,0.0,100.0,0.0,0,0.0,0.0,100.0,0.0,0,0.0,0.0,100.0,0.0,0,0.0,0.0,100.0,0.0,0,0.0,0.0,100.0,0.0,0
2026-06-19 12:28:04,70.05,0.0,0.0,100.0,0.0,0,0.0,0.0,100.0,0.0,0,0.0,0.0,100.0,0.0,0,0.0,0.0,100.0,0.0,0,0.0,0.0,100.0,0.0,0,0.0,0.0,100.0,0.0,0
2026-06-19 12:28:05,70.82,0.0,0.0,100.0,0.0,0,0.0,0.0,100.0,0.0,0,0.0,0.0,100.0,0.0,0,0.0,0.0,100.0,0.0,0,0.0,0.0,100.0,0.0,0,0.0,0.0,100.0,0.0,0
2026-06-19 12:28:05,71.59,0.0,0.0,100.0,0.0,0,0.0,0.0,100.0,0.0,0,0.0,0.0,100.0,0.0,0,0.0,0.0,100.0,0.0,0,0.0,0.0,100.0,0.0,0,0.0,0.0,100.0,0.0,0
2026-06-19 12:28:06,72.34,0.0,0.0,100.0,0.0,0,0.0,0.0,100.0,0.0,0,0.0,0.0,100.0,0.0,0,0.0,0.0,100.0,0.0,0,0.0,0.0,100.0,0.0,0,0.0,0.0,100.0,0.0,0
2026-06-19 12:28:07,73.07,0.0,0.0,100.0,0.0,0,0.0,0.0,100.0,0.0,0,0.0,0.0,100.0,0.0,0,0.0,0.0,100.0,0.0,0,0.0,0.0,100.0,0.0,0,0.0,0.0,100.0,0.0,0
2026-06-19 12:28:08,73.82,0.0,0.0,100.0,0.0,0,0.0,0.0,100.0,0.0,0,0.0,0.0,100.0,0.0,0,0.0,0.0,100.0,0.0,0,0.0,0.0,100.0,0.0,0,0.0,0.0,100.0,0.0,0
2026-06-19 12:28:08,74.55,0.0,0.0,100.0,0.0,0,0.0,0.0,100.0,0.0,0,0.0,0.0,100.0,0.0,0,0.0,0.0,100.0,0.0,0,0.0,0.0,100.0,0.0,0,0.0,0.0,100.0,0.0,0
2026-06-19 12:28:09,75.28,0.0,0.0,100.0,0.0,0,0.0,0.0,100.0,0.0,0,0.0,0.0,100.0,0.0,0,0.0,0.0,100.0,0.0,0,0.0,0.0,100.0,0.0,0,0.0,0.0,100.0,0.0,0
2026-06-19 12:28:10,76.01,0.0,0.0,100.0,0.0,0,0.0,0.0,100.0,0.0,0,0.0,0.0,100.0,0.0,0,0.0,0.0,100.0,0.0,0,0.0,0.0,100.0,0.0,0,0.0,0.0,100.0,0.0,0
2026-06-19 12:28:10,76.74,0.0,0.0,100.0,0.0,0,0.0,0.0,100.0,0.0,0,0.0,0.0,100.0,0.0,0,0.0,0.0,100.0,0.0,0,0.0,0.0,100.0,0.0,0,0.0,0.0,100.0,0.0,0
2026-06-19 12:28:11,77.5,0.0,0.0,100.0,0.0,0,0.0,0.0,100.0,0.0,0,0.0,0.0,100.0,0.0,0,0.0,0.0,100.0,0.0,0,0.0,0.0,100.0,0.0,0,0.0,0.0,100.0,0.0,0
2026-06-19 12:28:12,78.28,0.0,0.0,100.0,0.0,0,0.0,0.0,100.0,0.0,0,0.0,0.0,100.0,0.0,0,0.0,0.0,100.0,0.0,0,0.0,0.0,100.0,0.0,0,0.0,0.0,100.0,0.0,0
2026-06-19 12:28:13,79.02,0.0,0.0,100.0,0.0,0,0.0,0.0,100.0,0.0,0,0.0,0.0,100.0,0.0,0,0.0,0.0,100.0,0.0,0,0.0,0.0,100.0,0.0,0,0.0,0.0,100.0,0.0,0
2026-06-19 12:28:13,79.74,0.0,0.0,100.0,0.0,0,0.0,0.0,100.0,0.0,0,0.0,0.0,100.0,0.0,0,0.0,0.0,100.0,0.0,0,0.0,0.0,100.0,0.0,0,0.0,0.0,100.0,0.0,0
2026-06-19 12:28:14,80.48,0.0,0.0,100.0,0.0,0,0.0,0.0,100.0,0.0,0,0.0,0.0,100.0,0.0,0,0.0,0.0,100.0,0.0,0,0.0,0.0,100.0,0.0,0,0.0,0.0,100.0,0.0,0
2026-06-19 12:28:15,81.23,0.0,0.0,100.0,0.0,0,0.0,0.0,100.0,0.0,0,0.0,0.0,100.0,0.0,0,0.0,0.0,100.0,0.0,0,0.0,0.0,100.0,0.0,0,0.0,0.0,100.0,0.0,0
2026-06-19 12:28:16,82.0,0.0,0.0,100.0,0.0,0,0.0,0.0,100.0,0.0,0,0.0,0.0,100.0,0.0,0,0.0,0.0,100.0,0.0,0,0.0,0.0,100.0,0.0,0,0.0,0.0,100.0,0.0,0
2026-06-19 12:28:16,82.78,0.0,0.0,100.0,0.0,0,0.0,0.0,100.0,0.0,0,0.0,0.0,100.0,0.0,0,0.0,0.0,100.0,0.0,0,0.0,0.0,100.0,0.0,0,0.0,0.0,100.0,0.0,0
2026-06-19 12:28:17,83.55,0.0,0.0,100.0,0.0,0,0.0,0.0,100.0,0.0,0,0.0,0.0,100.0,0.0,0,0.0,0.0,100.0,0.0,0,0.0,0.0,100.0,0.0,0,0.0,0.0,100.0,0.0,0
2026-06-19 12:28:18,84.32,0.0,0.0,100.0,0.0,0,0.0,0.0,100.0,0.0,0,0.0,0.0,100.0,0.0,0,0.0,0.0,100.0,0.0,0,0.0,0.0,100.0,0.0,0,0.0,0.0,100.0,0.0,0
2026-06-19 12:28:19,85.1,0.0,0.0,100.0,0.0,0,0.0,0.0,100.0,0.0,0,0.0,0.0,100.0,0.0,0,0.0,0.0,100.0,0.0,0,0.0,0.0,100.0,0.0,0,0.0,0.0,100.0,0.0,0
2026-06-19 12:28:20,85.88,0.0,0.0,100.0,0.0,0,0.0,0.0,100.0,0.0,0,0.0,0.0,100.0,0.0,0,0.0,0.0,100.0,0.0,0,0.0,0.0,100.0,0.0,0,0.0,0.0,100.0,0.0,0
2026-06-19 12:28:20,86.62,0.0,0.0,100.0,0.0,0,0.0,0.0,100.0,0.0,0,0.0,0.0,100.0,0.0,0,0.0,0.0,100.0,0.0,0,0.0,0.0,100.0,0.0,0,0.0,0.0,100.0,0.0,0
2026-06-19 12:28:21,87.41,0.0,0.0,100.0,0.0,0,0.0,0.0,100.0,0.0,0,0.0,0.0,100.0,0.0,0,0.0,0.0,100.0,0.0,0,0.0,0.0,100.0,0.0,0,0.0,0.0,100.0,0.0,0
2026-06-19 12:28:22,88.18,0.0,0.0,100.0,0.0,0,0.0,0.0,100.0,0.0,0,0.0,0.0,100.0,0.0,0,0.0,0.0,100.0,0.0,0,0.0,0.0,100.0,0.0,0,0.0,0.0,100.0,0.0,0
2026-06-19 12:28:23,88.98,0.0,0.0,100.0,0.0,0,0.0,0.0,100.0,0.0,0,0.0,0.0,100.0,0.0,0,0.0,0.0,100.0,0.0,0,0.0,0.0,100.0,0.0,0,0.0,0.0,100.0,0.0,0
2026-06-19 12:28:23,89.73,0.0,0.0,100.0,0.0,0,0.0,0.0,100.0,0.0,0,0.0,0.0,100.0,0.0,0,0.0,0.0,100.0,0.0,0,0.0,0.0,100.0,0.0,0,0.0,0.0,100.0,0.0,0
2026-06-19 12:28:24,90.52,0.0,0.0,100.0,0.0,0,0.0,0.0,100.0,0.0,0,0.0,0.0,100.0,0.0,0,0.0,0.0,100.0,0.0,0,0.0,0.0,100.0,0.0,0,0.0,0.0,100.0,0.0,0
2026-06-19 12:28:25,91.27,0.0,0.0,100.0,0.0,0,0.0,0.0,100.0,0.0,0,0.0,0.0,100.0,0.0,0,0.0,0.0,100.0,0.0,0,0.0,0.0,100.0,0.0,0,0.0,0.0,100.0,0.0,0
2026-06-19 12:28:26,92.02,0.0,0.0,100.0,0.0,0,0.0,0.0,100.0,0.0,0,0.0,0.0,100.0,0.0,0,0.0,0.0,100.0,0.0,0,0.0,0.0,100.0,0.0,0,0.0,0.0,100.0,0.0,0
2026-06-19 12:28:26,92.76,0.0,0.0,100.0,0.0,0,0.0,0.0,100.0,0.0,0,0.0,0.0,100.0,0.0,0,0.0,0.0,100.0,0.0,0,0.0,0.0,100.0,0.0,0,0.0,0.0,100.0,0.0,0
2026-06-19 12:28:27,93.5,0.0,0.0,100.0,0.0,0,0.0,0.0,100.0,0.0,0,0.0,0.0,100.0,0.0,0,0.0,0.0,100.0,0.0,0,0.0,0.0,100.0,0.0,0,0.0,0.0,100.0,0.0,0
2026-06-19 12:28:28,94.33,0.0,0.0,100.0,0.0,0,0.0,0.0,100.0,0.0,0,0.0,0.0,100.0,0.0,0,0.0,0.0,100.0,0.0,0,0.0,0.0,100.0,0.0,0,0.0,0.0,100.0,0.0,0
2026-06-19 12:28:29,95.08,0.0,0.0,100.0,0.0,0,0.0,0.0,100.0,0.0,0,0.0,0.0,100.0,0.0,0,0.0,0.0,100.0,0.0,0,0.0,0.0,100.0,0.0,0,0.0,0.0,100.0,0.0,0
2026-06-19 12:28:30,95.84,0.0,0.0,100.0,0.0,0,0.0,0.0,100.0,0.0,0,0.0,0.0,100.0,0.0,0,0.0,0.0,100.0,0.0,0,0.0,0.0,100.0,0.0,0,0.0,0.0,100.0,0.0,0
2026-06-19 12:28:30,96.59,0.0,0.0,100.0,0.0,0,0.0,0.0,100.0,0.0,0,0.0,0.0,100.0,0.0,0,0.0,0.0,100.0,0.0,0,0.0,0.0,100.0,0.0,0,0.0,0.0,100.0,0.0,0
2026-06-19 12:28:31,97.36,0.0,0.0,100.0,0.0,0,0.0,0.0,100.0,0.0,0,0.0,0.0,100.0,0.0,0,0.0,0.0,100.0,0.0,0,0.0,0.0,100.0,0.0,0,0.0,0.0,100.0,0.0,0
2026-06-19 12:28:32,98.09,0.0,0.0,100.0,0.0,0,0.0,0.0,100.0,0.0,0,0.0,0.0,100.0,0.0,0,0.0,0.0,100.0,0.0,0,0.0,0.0,100.0,0.0,0,0.0,0.0,100.0,0.0,0
2026-06-19 12:28:33,98.84,0.0,0.0,100.0,0.0,0,0.0,0.0,100.0,0.0,0,0.0,0.0,100.0,0.0,0,0.0,0.0,100.0,0.0,0,0.0,0.0,100.0,0.0,0,0.0,0.0,100.0,0.0,0
2026-06-19 12:28:33,99.58,0.0,0.0,100.0,0.0,0,0.0,0.0,100.0,0.0,0,0.0,0.0,100.0,0.0,0,0.0,0.0,100.0,0.0,0,0.0,0.0,100.0,0.0,0,0.0,0.0,100.0,0.0,0
2026-06-19 12:28:34,100.33,0.0,0.0,100.0,0.0,0,0.0,0.0,100.0,0.0,0,0.0,0.0,100.0,0.0,0,0.0,0.0,100.0,0.0,0,0.0,0.0,100.0,0.0,0,0.0,0.0,100.0,0.0,0
2026-06-19 12:28:35,101.09,0.0,0.0,100.0,0.0,0,0.0,0.0,100.0,0.0,0,0.0,0.0,100.0,0.0,0,0.0,0.0,100.0,0.0,0,0.0,0.0,100.0,0.0,0,0.0,0.0,100.0,0.0,0
2026-06-19 12:28:36,101.85,0.0,0.0,100.0,0.0,0,0.0,0.0,100.0,0.0,0,0.0,0.0,100.0,0.0,0,0.0,0.0,100.0,0.0,0,0.0,0.0,100.0,0.0,0,0.0,0.0,100.0,0.0,0
2026-06-19 12:28:36,102.59,0.0,0.0,100.0,0.0,0,0.0,0.0,100.0,0.0,0,0.0,0.0,100.0,0.0,0,0.0,0.0,100.0,0.0,0,0.0,0.0,100.0,0.0,0,0.0,0.0,100.0,0.0,0
2026-06-19 12:28:37,103.33,0.0,0.0,100.0,0.0,0,0.0,0.0,100.0,0.0,0,0.0,0.0,100.0,0.0,0,0.0,0.0,100.0,0.0,0,0.0,0.0,100.0,0.0,0,0.0,0.0,100.0,0.0,0
2026-06-19 12:28:38,104.09,0.0,0.0,100.0,0.0,0,0.0,0.0,100.0,0.0,0,0.0,0.0,100.0,0.0,0,0.0,0.0,100.0,0.0,0,0.0,0.0,100.0,0.0,0,0.0,0.0,100.0,0.0,0
2026-06-19 12:28:39,104.85,0.0,0.0,100.0,0.0,0,0.0,0.0,100.0,0.0,0,0.0,0.0,100.0,0.0,0,0.0,0.0,100.0,0.0,0,0.0,0.0,100.0,0.0,0,0.0,0.0,100.0,0.0,0
2026-06-19 12:28:39,105.58,0.0,0.0,100.0,0.0,0,0.0,0.0,100.0,0.0,0,0.0,0.0,100.0,0.0,0,0.0,0.0,100.0,0.0,0,0.0,0.0,100.0,0.0,0,0.0,0.0,100.0,0.0,0
2026-06-19 12:28:40,106.34,0.0,0.0,100.0,0.0,0,0.0,0.0,100.0,0.0,0,0.0,0.0,100.0,0.0,0,0.0,0.0,100.0,0.0,0,0.0,0.0,100.0,0.0,0,0.0,0.0,100.0,0.0,0
2026-06-19 12:28:41,107.07,0.0,0.0,100.0,0.0,0,0.0,0.0,100.0,0.0,0,0.0,0.0,100.0,0.0,0,0.0,0.0,100.0,0.0,0,0.0,0.0,100.0,0.0,0,0.0,0.0,100.0,0.0,0
2026-06-19 12:28:42,107.82,0.0,0.0,100.0,0.0,0,0.0,0.0,100.0,0.0,0,0.0,0.0,100.0,0.0,0,0.0,0.0,100.0,0.0,0,0.0,0.0,100.0,0.0,0,0.0,0.0,100.0,0.0,0
2026-06-19 12:28:42,108.58,0.0,0.0,100.0,0.0,0,0.0,0.0,100.0,0.0,0,0.0,0.0,100.0,0.0,0,0.0,0.0,100.0,0.0,0,0.0,0.0,100.0,0.0,0,0.0,0.0,100.0,0.0,0
2026-06-19 12:28:43,109.31,0.0,0.0,100.0,0.0,0,0.0,0.0,100.0,0.0,0,0.0,0.0,100.0,0.0,0,0.0,0.0,100.0,0.0,0,0.0,0.0,100.0,0.0,0,0.0,0.0,100.0,0.0,0
2026-06-19 12:28:44,110.07,0.0,0.0,100.0,0.0,0,0.0,0.0,100.0,0.0,0,0.0,0.0,100.0,0.0,0,0.0,0.0,100.0,0.0,0,0.0,0.0,100.0,0.0,0,0.0,0.0,100.0,0.0,0
2026-06-19 12:28:45,110.8,0.0,0.0,100.0,0.0,0,0.0,0.0,100.0,0.0,0,0.0,0.0,100.0,0.0,0,0.0,0.0,100.0,0.0,0,0.0,0.0,100.0,0.0,0,0.0,0.0,100.0,0.0,0
2026-06-19 12:28:45,111.59,0.0,0.0,100.0,0.0,0,0.0,0.0,100.0,0.0,0,0.0,0.0,100.0,0.0,0,0.0,0.0,100.0,0.0,0,0.0,0.0,100.0,0.0,0,0.0,0.0,100.0,0.0,0
2026-06-19 12:28:46,112.36,0.0,0.0,100.0,0.0,0,0.0,0.0,100.0,0.0,0,0.0,0.0,100.0,0.0,0,0.0,0.0,100.0,0.0,0,0.0,0.0,100.0,0.0,0,0.0,0.0,100.0,0.0,0
2026-06-19 12:28:47,113.1,0.0,0.0,100.0,0.0,0,0.0,0.0,100.0,0.0,0,0.0,0.0,100.0,0.0,0,0.0,0.0,100.0,0.0,0,0.0,0.0,100.0,0.0,0,0.0,0.0,100.0,0.0,0
2026-06-19 12:28:48,113.85,0.0,0.0,100.0,0.0,0,0.0,0.0,100.0,0.0,0,0.0,0.0,100.0,0.0,0,0.0,0.0,100.0,0.0,0,0.0,0.0,100.0,0.0,0,0.0,0.0,100.0,0.0,0
2026-06-19 12:28:48,114.61,0.0,0.0,100.0,0.0,0,0.0,0.0,100.0,0.0,0,0.0,0.0,100.0,0.0,0,0.0,0.0,100.0,0.0,0,0.0,0.0,100.0,0.0,0,0.0,0.0,100.0,0.0,0
2026-06-19 12:28:49,115.37,0.0,0.0,100.0,0.0,0,0.0,0.0,100.0,0.0,0,0.0,0.0,100.0,0.0,0,0.0,0.0,100.0,0.0,0,0.0,0.0,100.0,0.0,0,0.0,0.0,100.0,0.0,0
2026-06-19 12:28:50,116.11,0.0,0.0,100.0,0.0,0,0.0,0.0,100.0,0.0,0,0.0,0.0,100.0,0.0,0,0.0,0.0,100.0,0.0,0,0.0,0.0,100.0,0.0,0,0.0,0.0,100.0,0.0,0
2026-06-19 12:28:51,116.89,0.0,0.0,100.0,0.0,0,0.0,0.0,100.0,0.0,0,0.0,0.0,100.0,0.0,0,0.0,0.0,100.0,0.0,0,0.0,0.0,100.0,0.0,0,0.0,0.0,100.0,0.0,0
2026-06-19 12:28:51,117.66,0.0,0.0,100.0,0.0,0,0.0,0.0,100.0,0.0,0,0.0,0.0,100.0,0.0,0,0.0,0.0,100.0,0.0,0,0.0,0.0,100.0,0.0,0,0.0,0.0,100.0,0.0,0
2026-06-19 12:28:52,118.44,0.0,0.0,100.0,0.0,0,0.0,0.0,100.0,0.0,0,0.0,0.0,100.0,0.0,0,0.0,0.0,100.0,0.0,0,0.0,0.0,100.0,0.0,0,0.0,0.0,100.0,0.0,0
2026-06-19 12:28:53,119.2,0.0,0.0,100.0,0.0,0,0.0,0.0,100.0,0.0,0,0.0,0.0,100.0,0.0,0,0.0,0.0,100.0,0.0,0,0.0,0.0,100.0,0.0,0,0.0,0.0,100.0,0.0,0
2026-06-19 12:28:54,119.95,0.0,0.0,100.0,0.0,0,0.0,0.0,100.0,0.0,0,0.0,0.0,100.0,0.0,0,0.0,0.0,100.0,0.0,0,0.0,0.0,100.0,0.0,0,0.0,0.0,100.0,0.0,0
2026-06-19 12:28:54,120.71,0.0,0.0,100.0,0.0,0,0.0,0.0,100.0,0.0,0,0.0,0.0,100.0,0.0,0,0.0,0.0,100.0,0.0,0,0.0,0.0,100.0,0.0,0,0.0,0.0,100.0,0.0,0
2026-06-19 12:28:55,121.46,0.0,0.0,100.0,0.0,0,0.0,0.0,100.0,0.0,0,0.0,0.0,100.0,0.0,0,0.0,0.0,100.0,0.0,0,0.0,0.0,100.0,0.0,0,0.0,0.0,100.0,0.0,0
2026-06-19 12:28:56,122.22,0.0,0.0,100.0,0.0,0,0.0,0.0,100.0,0.0,0,0.0,0.0,100.0,0.0,0,0.0,0.0,100.0,0.0,0,0.0,0.0,100.0,0.0,0,0.0,0.0,100.0,0.0,0
2026-06-19 12:28:57,123.02,0.0,0.0,100.0,0.0,0,0.0,0.0,100.0,0.0,0,0.0,0.0,100.0,0.0,0,0.0,0.0,100.0,0.0,0,0.0,0.0,100.0,0.0,0,0.0,0.0,100.0,0.0,0
2026-06-19 12:28:58,123.83,0.0,0.0,100.0,0.0,0,0.0,0.0,100.0,0.0,0,0.0,0.0,100.0,0.0,0,0.0,0.0,100.0,0.0,0,0.0,0.0,100.0,0.0,0,0.0,0.0,100.0,0.0,0
2026-06-19 12:28:58,124.58,0.0,0.0,100.0,0.0,0,0.0,0.0,100.0,0.0,0,0.0,0.0,100.0,0.0,0,0.0,0.0,100.0,0.0,0,0.0,0.0,100.0,0.0,0,0.0,0.0,100.0,0.0,0
2026-06-19 12:28:59,125.35,0.0,0.0,100.0,0.0,0,0.0,0.0,100.0,0.0,0,0.0,0.0,100.0,0.0,0,0.0,0.0,100.0,0.0,0,0.0,0.0,100.0,0.0,0,0.0,0.0,100.0,0.0,0
2026-06-19 12:29:00,126.13,0.0,0.0,100.0,0.0,0,0.0,0.0,100.0,0.0,0,0.0,0.0,100.0,0.0,0,0.0,0.0,100.0,0.0,0,0.0,0.0,100.0,0.0,0,0.0,0.0,100.0,0.0,0
2026-06-19 12:29:01,126.89,0.0,0.0,100.0,0.0,0,0.0,0.0,100.0,0.0,0,0.0,0.0,100.0,0.0,0,0.0,0.0,100.0,0.0,0,0.0,0.0,100.0,0.0,0,0.0,0.0,100.0,0.0,0
2026-06-19 12:29:01,127.67,0.0,0.0,100.0,0.0,0,0.0,0.0,100.0,0.0,0,0.0,0.0,100.0,0.0,0,0.0,0.0,100.0,0.0,0,0.0,0.0,100.0,0.0,0,0.0,0.0,100.0,0.0,0
2026-06-19 12:29:02,128.42,0.0,0.0,100.0,0.0,0,0.0,0.0,100.0,0.0,0,0.0,0.0,100.0,0.0,0,0.0,0.0,100.0,0.0,0,0.0,0.0,100.0,0.0,0,0.0,0.0,100.0,0.0,0
2026-06-19 12:29:03,129.18,0.0,0.0,100.0,0.0,0,0.0,0.0,100.0,0.0,0,0.0,0.0,100.0,0.0,0,0.0,0.0,100.0,0.0,0,0.0,0.0,100.0,0.0,0,0.0,0.0,100.0,0.0,0
2026-06-19 12:29:04,129.95,0.0,0.0,100.0,0.0,0,0.0,0.0,100.0,0.0,0,0.0,0.0,100.0,0.0,0,0.0,0.0,100.0,0.0,0,0.0,0.0,100.0,0.0,0,0.0,0.0,100.0,0.0,0
2026-06-19 12:29:04,130.71,0.0,0.0,100.0,0.0,0,0.0,0.0,100.0,0.0,0,0.0,0.0,100.0,0.0,0,0.0,0.0,100.0,0.0,0,0.0,0.0,100.0,0.0,0,0.0,0.0,100.0,0.0,0
2026-06-19 12:29:05,131.44,0.0,0.0,100.0,0.0,0,0.0,0.0,100.0,0.0,0,0.0,0.0,100.0,0.0,0,0.0,0.0,100.0,0.0,0,0.0,0.0,100.0,0.0,0,0.0,0.0,100.0,0.0,0
2026-06-19 12:29:06,132.17,0.0,0.0,100.0,0.0,0,0.0,0.0,100.0,0.0,0,0.0,0.0,100.0,0.0,0,0.0,0.0,100.0,0.0,0,0.0,0.0,100.0,0.0,0,0.0,0.0,100.0,0.0,0
2026-06-19 12:29:07,132.92,0.0,0.0,100.0,0.0,0,0.0,0.0,100.0,0.0,0,0.0,0.0,100.0,0.0,0,0.0,0.0,100.0,0.0,0,0.0,0.0,100.0,0.0,0,0.0,0.0,100.0,0.0,0
2026-06-19 12:29:07,133.67,0.0,0.0,100.0,0.0,0,0.0,0.0,100.0,0.0,0,0.0,0.0,100.0,0.0,0,0.0,0.0,100.0,0.0,0,0.0,0.0,100.0,0.0,0,0.0,0.0,100.0,0.0,0
2026-06-19 12:29:08,134.48,0.0,0.0,100.0,0.0,0,0.0,0.0,100.0,0.0,0,0.0,0.0,100.0,0.0,0,0.0,0.0,100.0,0.0,0,0.0,0.0,100.0,0.0,0,0.0,0.0,100.0,0.0,0
2026-06-19 12:29:09,135.25,0.0,0.0,100.0,0.0,0,0.0,0.0,100.0,0.0,0,0.0,0.0,100.0,0.0,0,0.0,0.0,100.0,0.0,0,0.0,0.0,100.0,0.0,0,0.0,0.0,100.0,0.0,0
2026-06-19 12:29:10,136.01,0.0,0.0,100.0,0.0,0,0.0,0.0,100.0,0.0,0,0.0,0.0,100.0,0.0,0,0.0,0.0,100.0,0.0,0,0.0,0.0,100.0,0.0,0,0.0,0.0,100.0,0.0,0
2026-06-19 12:29:11,136.8,0.0,0.0,100.0,0.0,0,0.0,0.0,100.0,0.0,0,0.0,0.0,100.0,0.0,0,0.0,0.0,100.0,0.0,0,0.0,0.0,100.0,0.0,0,0.0,0.0,100.0,0.0,0
2026-06-19 12:29:11,137.61,0.0,0.0,100.0,0.0,0,0.0,0.0,100.0,0.0,0,0.0,0.0,100.0,0.0,0,0.0,0.0,100.0,0.0,0,0.0,0.0,100.0,0.0,0,0.0,0.0,100.0,0.0,0
2026-06-19 12:29:12,138.37,0.0,0.0,100.0,0.0,0,0.0,0.0,100.0,0.0,0,0.0,0.0,100.0,0.0,0,0.0,0.0,100.0,0.0,0,0.0,0.0,100.0,0.0,0,0.0,0.0,100.0,0.0,0
2026-06-19 12:29:13,139.1,0.0,0.0,100.0,0.0,0,0.0,0.0,100.0,0.0,0,0.0,0.0,100.0,0.0,0,0.0,0.0,100.0,0.0,0,0.0,0.0,100.0,0.0,0,0.0,0.0,100.0,0.0,0
2026-06-19 12:29:14,139.87,0.0,0.0,100.0,0.0,0,0.0,0.0,100.0,0.0,0,0.0,0.0,100.0,0.0,0,0.0,0.0,100.0,0.0,0,0.0,0.0,100.0,0.0,0,0.0,0.0,100.0,0.0,0
2026-06-19 12:29:14,140.62,0.0,0.0,100.0,0.0,0,0.0,0.0,100.0,0.0,0,0.0,0.0,100.0,0.0,0,0.0,0.0,100.0,0.0,0,0.0,0.0,100.0,0.0,0,0.0,0.0,100.0,0.0,0
2026-06-19 12:29:15,141.39,0.0,0.0,100.0,0.0,0,0.0,0.0,100.0,0.0,0,0.0,0.0,100.0,0.0,0,0.0,0.0,100.0,0.0,0,0.0,0.0,100.0,0.0,0,0.0,0.0,100.0,0.0,0
2026-06-19 12:29:16,142.15,0.0,0.0,100.0,0.0,0,0.0,0.0,100.0,0.0,0,0.0,0.0,100.0,0.0,0,0.0,0.0,100.0,0.0,0,0.0,0.0,100.0,0.0,0,0.0,0.0,100.0,0.0,0
2026-06-19 12:29:17,142.95,0.0,0.0,100.0,0.0,0,0.0,0.0,100.0,0.0,0,0.0,0.0,100.0,0.0,0,0.0,0.0,100.0,0.0,0,0.0,0.0,100.0,0.0,0,0.0,0.0,100.0,0.0,0
2026-06-19 12:29:17,143.71,0.0,0.0,100.0,0.0,0,0.0,0.0,100.0,0.0,0,0.0,0.0,100.0,0.0,0,0.0,0.0,100.0,0.0,0,0.0,0.0,100.0,0.0,0,0.0,0.0,100.0,0.0,0
2026-06-19 12:29:18,144.48,0.0,0.0,100.0,0.0,0,0.0,0.0,100.0,0.0,0,0.0,0.0,100.0,0.0,0,0.0,0.0,100.0,0.0,0,0.0,0.0,100.0,0.0,0,0.0,0.0,100.0,0.0,0
2026-06-19 12:29:19,145.26,0.0,0.0,100.0,0.0,0,0.0,0.0,100.0,0.0,0,0.0,0.0,100.0,0.0,0,0.0,0.0,100.0,0.0,0,0.0,0.0,100.0,0.0,0,0.0,0.0,100.0,0.0,0
2026-06-19 12:29:20,146.0,0.0,0.0,100.0,0.0,0,0.0,0.0,100.0,0.0,0,0.0,0.0,100.0,0.0,0,0.0,0.0,100.0,0.0,0,0.0,0.0,100.0,0.0,0,0.0,0.0,100.0,0.0,0
2026-06-19 12:29:20,146.76,0.0,0.0,100.0,0.0,0,0.0,0.0,100.0,0.0,0,0.0,0.0,100.0,0.0,0,0.0,0.0,100.0,0.0,0,0.0,0.0,100.0,0.0,0,0.0,0.0,100.0,0.0,0
2026-06-19 12:29:21,147.5,0.0,0.0,100.0,0.0,0,0.0,0.0,100.0,0.0,0,0.0,0.0,100.0,0.0,0,0.0,0.0,100.0,0.0,0,0.0,0.0,100.0,0.0,0,0.0,0.0,100.0,0.0,0
2026-06-19 12:29:22,148.22,0.0,0.0,100.0,0.0,0,0.0,0.0,100.0,0.0,0,0.0,0.0,100.0,0.0,0,0.0,0.0,100.0,0.0,0,0.0,0.0,100.0,0.0,0,0.0,0.0,100.0,0.0,0
2026-06-19 12:29:23,148.98,0.0,0.0,100.0,0.0,0,0.0,0.0,100.0,0.0,0,0.0,0.0,100.0,0.0,0,0.0,0.0,100.0,0.0,0,0.0,0.0,100.0,0.0,0,0.0,0.0,100.0,0.0,0
2026-06-19 12:29:23,149.72,0.0,0.0,100.0,0.0,0,0.0,0.0,100.0,0.0,0,0.0,0.0,100.0,0.0,0,0.0,0.0,100.0,0.0,0,0.0,0.0,100.0,0.0,0,0.0,0.0,100.0,0.0,0
2026-06-19 12:29:24,150.47,0.0,0.0,100.0,0.0,0,0.0,0.0,100.0,0.0,0,0.0,0.0,100.0,0.0,0,0.0,0.0,100.0,0.0,0,0.0,0.0,100.0,0.0,0,0.0,0.0,100.0,0.0,0
2026-06-19 12:29:25,151.22,0.0,0.0,100.0,0.0,0,0.0,0.0,100.0,0.0,0,0.0,0.0,100.0,0.0,0,0.0,0.0,100.0,0.0,0,0.0,0.0,100.0,0.0,0,0.0,0.0,100.0,0.0,0
2026-06-19 12:29:26,151.97,0.0,0.0,100.0,0.0,0,0.0,0.0,100.0,0.0,0,0.0,0.0,100.0,0.0,0,0.0,0.0,100.0,0.0,0,0.0,0.0,100.0,0.0,0,0.0,0.0,100.0,0.0,0
2026-06-19 12:29:26,152.7,0.0,0.0,100.0,0.0,0,0.0,0.0,100.0,0.0,0,0.0,0.0,100.0,0.0,0,0.0,0.0,100.0,0.0,0,0.0,0.0,100.0,0.0,0,0.0,0.0,100.0,0.0,0
2026-06-19 12:29:27,153.46,0.0,0.0,100.0,0.0,0,0.0,0.0,100.0,0.0,0,0.0,0.0,100.0,0.0,0,0.0,0.0,100.0,0.0,0,0.0,0.0,100.0,0.0,0,0.0,0.0,100.0,0.0,0
2026-06-19 12:29:28,154.2,0.0,0.0,100.0,0.0,0,0.0,0.0,100.0,0.0,0,0.0,0.0,100.0,0.0,0,0.0,0.0,100.0,0.0,0,0.0,0.0,100.0,0.0,0,0.0,0.0,100.0,0.0,0
2026-06-19 12:29:29,154.96,0.0,0.0,100.0,0.0,0,0.0,0.0,100.0,0.0,0,0.0,0.0,100.0,0.0,0,0.0,0.0,100.0,0.0,0,0.0,0.0,100.0,0.0,0,0.0,0.0,100.0,0.0,0
2026-06-19 12:29:29,155.69,0.0,0.0,100.0,0.0,0,0.0,0.0,100.0,0.0,0,0.0,0.0,100.0,0.0,0,0.0,0.0,100.0,0.0,0,0.0,0.0,100.0,0.0,0,0.0,0.0,100.0,0.0,0
2026-06-19 12:29:30,156.43,0.0,0.0,100.0,0.0,0,0.0,0.0,100.0,0.0,0,0.0,0.0,100.0,0.0,0,0.0,0.0,100.0,0.0,0,0.0,0.0,100.0,0.0,0,0.0,0.0,100.0,0.0,0
2026-06-19 12:29:31,157.18,0.0,0.0,100.0,0.0,0,0.0,0.0,100.0,0.0,0,0.0,0.0,100.0,0.0,0,0.0,0.0,100.0,0.0,0,0.0,0.0,100.0,0.0,0,0.0,0.0,100.0,0.0,0
2026-06-19 12:29:32,157.96,0.0,0.0,100.0,0.0,0,0.0,0.0,100.0,0.0,0,0.0,0.0,100.0,0.0,0,0.0,0.0,100.0,0.0,0,0.0,0.0,100.0,0.0,0,0.0,0.0,100.0,0.0,0
2026-06-19 12:29:32,158.7,0.0,0.0,100.0,0.0,0,0.0,0.0,100.0,0.0,0,0.0,0.0,100.0,0.0,0,0.0,0.0,100.0,0.0,0,0.0,0.0,100.0,0.0,0,0.0,0.0,100.0,0.0,0
2026-06-19 12:29:33,159.45,0.0,0.0,100.0,0.0,0,0.0,0.0,100.0,0.0,0,0.0,0.0,100.0,0.0,0,0.0,0.0,100.0,0.0,0,0.0,0.0,100.0,0.0,0,0.0,0.0,100.0,0.0,0
2026-06-19 12:29:34,160.19,0.0,0.0,100.0,0.0,0,0.0,0.0,100.0,0.0,0,0.0,0.0,100.0,0.0,0,0.0,0.0,100.0,0.0,0,0.0,0.0,100.0,0.0,0,0.0,0.0,100.0,0.0,0
2026-06-19 12:29:35,160.93,0.0,0.0,100.0,0.0,0,0.0,0.0,100.0,0.0,0,0.0,0.0,100.0,0.0,0,0.0,0.0,100.0,0.0,0,0.0,0.0,100.0,0.0,0,0.0,0.0,100.0,0.0,0
2026-06-19 12:29:35,161.67,0.0,0.0,100.0,0.0,0,0.0,0.0,100.0,0.0,0,0.0,0.0,100.0,0.0,0,0.0,0.0,100.0,0.0,0,0.0,0.0,100.0,0.0,0,0.0,0.0,100.0,0.0,0
2026-06-19 12:29:36,162.42,0.0,0.0,100.0,0.0,0,0.0,0.0,100.0,0.0,0,0.0,0.0,100.0,0.0,0,0.0,0.0,100.0,0.0,0,0.0,0.0,100.0,0.0,0,0.0,0.0,100.0,0.0,0
2026-06-19 12:29:37,163.19,0.0,0.0,100.0,0.0,0,0.0,0.0,100.0,0.0,0,0.0,0.0,100.0,0.0,0,0.0,0.0,100.0,0.0,0,0.0,0.0,100.0,0.0,0,0.0,0.0,100.0,0.0,0
2026-06-19 12:29:38,163.94,0.0,0.0,100.0,0.0,0,0.0,0.0,100.0,0.0,0,0.0,0.0,100.0,0.0,0,0.0,0.0,100.0,0.0,0,0.0,0.0,100.0,0.0,0,0.0,0.0,100.0,0.0,0
2026-06-19 12:29:38,164.69,0.0,0.0,100.0,0.0,0,0.0,0.0,100.0,0.0,0,0.0,0.0,100.0,0.0,0,0.0,0.0,100.0,0.0,0,0.0,0.0,100.0,0.0,0,0.0,0.0,100.0,0.0,0
2026-06-19 12:29:39,165.48,0.0,0.0,100.0,0.0,0,0.0,0.0,100.0,0.0,0,0.0,0.0,100.0,0.0,0,0.0,0.0,100.0,0.0,0,0.0,0.0,100.0,0.0,0,0.0,0.0,100.0,0.0,0
2026-06-19 12:29:40,166.2,0.0,0.0,100.0,0.0,0,0.0,0.0,100.0,0.0,0,0.0,0.0,100.0,0.0,0,0.0,0.0,100.0,0.0,0,0.0,0.0,100.0,0.0,0,0.0,0.0,100.0,0.0,0
2026-06-19 12:29:41,166.94,0.0,0.0,100.0,0.0,0,0.0,0.0,100.0,0.0,0,0.0,0.0,100.0,0.0,0,0.0,0.0,100.0,0.0,0,0.0,0.0,100.0,0.0,0,0.0,0.0,100.0,0.0,0
2026-06-19 12:29:41,167.68,0.0,0.0,100.0,0.0,0,0.0,0.0,100.0,0.0,0,0.0,0.0,100.0,0.0,0,0.0,0.0,100.0,0.0,0,0.0,0.0,100.0,0.0,0,0.0,0.0,100.0,0.0,0
2026-06-19 12:29:42,168.43,0.0,0.0,100.0,0.0,0,0.0,0.0,100.0,0.0,0,0.0,0.0,100.0,0.0,0,0.0,0.0,100.0,0.0,0,0.0,0.0,100.0,0.0,0,0.0,0.0,100.0,0.0,0
2026-06-19 12:29:43,169.16,0.0,0.0,100.0,0.0,0,0.0,0.0,100.0,0.0,0,0.0,0.0,100.0,0.0,0,0.0,0.0,100.0,0.0,0,0.0,0.0,100.0,0.0,0,0.0,0.0,100.0,0.0,0
2026-06-19 12:29:44,169.9,0.0,0.0,100.0,0.0,0,0.0,0.0,100.0,0.0,0,0.0,0.0,100.0,0.0,0,0.0,0.0,100.0,0.0,0,0.0,0.0,100.0,0.0,0,0.0,0.0,100.0,0.0,0
2026-06-19 12:29:44,170.65,0.0,0.0,100.0,0.0,0,0.0,0.0,100.0,0.0,0,0.0,0.0,100.0,0.0,0,0.0,0.0,100.0,0.0,0,0.0,0.0,100.0,0.0,0,0.0,0.0,100.0,0.0,0
2026-06-19 12:29:45,171.4,0.0,0.0,100.0,0.0,0,0.0,0.0,100.0,0.0,0,0.0,0.0,100.0,0.0,0,0.0,0.0,100.0,0.0,0,0.0,0.0,100.0,0.0,0,0.0,0.0,100.0,0.0,0
2026-06-19 12:29:46,172.14,0.0,0.0,100.0,0.0,0,0.0,0.0,100.0,0.0,0,0.0,0.0,100.0,0.0,0,0.0,0.0,100.0,0.0,0,0.0,0.0,100.0,0.0,0,0.0,0.0,100.0,0.0,0
2026-06-19 12:29:47,172.89,0.0,0.0,100.0,0.0,0,0.0,0.0,100.0,0.0,0,0.0,0.0,100.0,0.0,0,0.0,0.0,100.0,0.0,0,0.0,0.0,100.0,0.0,0,0.0,0.0,100.0,0.0,0
2026-06-19 12:29:47,173.64,0.0,0.0,100.0,0.0,0,0.0,0.0,100.0,0.0,0,0.0,0.0,100.0,0.0,0,0.0,0.0,100.0,0.0,0,0.0,0.0,100.0,0.0,0,0.0,0.0,100.0,0.0,0
2026-06-19 12:29:48,174.47,0.0,0.0,100.0,0.0,0,0.0,0.0,100.0,0.0,0,0.0,0.0,100.0,0.0,0,0.0,0.0,100.0,0.0,0,0.0,0.0,100.0,0.0,0,0.0,0.0,100.0,0.0,0
2026-06-19 12:29:49,175.23,0.0,0.0,100.0,0.0,0,0.0,0.0,100.0,0.0,0,0.0,0.0,100.0,0.0,0,0.0,0.0,100.0,0.0,0,0.0,0.0,100.0,0.0,0,0.0,0.0,100.0,0.0,0
2026-06-19 12:29:50,176.0,0.0,0.0,100.0,0.0,0,0.0,0.0,100.0,0.0,0,0.0,0.0,100.0,0.0,0,0.0,0.0,100.0,0.0,0,0.0,0.0,100.0,0.0,0,0.0,0.0,100.0,0.0,0
2026-06-19 12:29:50,176.73,0.0,0.0,100.0,0.0,0,0.0,0.0,100.0,0.0,0,0.0,0.0,100.0,0.0,0,0.0,0.0,100.0,0.0,0,0.0,0.0,100.0,0.0,0,0.0,0.0,100.0,0.0,0
2026-06-19 12:29:51,177.5,0.0,0.0,100.0,0.0,0,0.0,0.0,100.0,0.0,0,0.0,0.0,100.0,0.0,0,0.0,0.0,100.0,0.0,0,0.0,0.0,100.0,0.0,0,0.0,0.0,100.0,0.0,0
2026-06-19 12:29:52,178.23,0.0,0.0,100.0,0.0,0,0.0,0.0,100.0,0.0,0,0.0,0.0,100.0,0.0,0,0.0,0.0,100.0,0.0,0,0.0,0.0,100.0,0.0,0,0.0,0.0,100.0,0.0,0
2026-06-19 12:29:53,179.01,0.0,0.0,100.0,0.0,0,0.0,0.0,100.0,0.0,0,0.0,0.0,100.0,0.0,0,0.0,0.0,100.0,0.0,0,0.0,0.0,100.0,0.0,0,0.0,0.0,100.0,0.0,0
2026-06-19 12:29:53,179.75,0.0,0.0,100.0,0.0,0,0.0,0.0,100.0,0.0,0,0.0,0.0,100.0,0.0,0,0.0,0.0,100.0,0.0,0,0.0,0.0,100.0,0.0,0,0.0,0.0,100.0,0.0,0
2026-06-19 12:29:54,180.51,0.0,0.0,100.0,0.0,0,0.0,0.0,100.0,0.0,0,0.0,0.0,100.0,0.0,0,0.0,0.0,100.0,0.0,0,0.0,0.0,100.0,0.0,0,0.0,0.0,100.0,0.0,0
2026-06-19 12:29:55,181.26,0.0,0.0,100.0,0.0,0,0.0,0.0,100.0,0.0,0,0.0,0.0,100.0,0.0,0,0.0,0.0,100.0,0.0,0,0.0,0.0,100.0,0.0,0,0.0,0.0,100.0,0.0,0
2026-06-19 12:29:56,182.0,0.0,0.0,100.0,0.0,0,0.0,0.0,100.0,0.0,0,0.0,0.0,100.0,0.0,0,0.0,0.0,100.0,0.0,0,0.0,0.0,100.0,0.0,0,0.0,0.0,100.0,0.0,0
2026-06-19 12:29:56,182.74,0.0,0.0,100.0,0.0,0,0.0,0.0,100.0,0.0,0,0.0,0.0,100.0,0.0,0,0.0,0.0,100.0,0.0,0,0.0,0.0,100.0,0.0,0,0.0,0.0,100.0,0.0,0
2026-06-19 12:29:57,183.49,0.0,0.0,100.0,0.0,0,0.0,0.0,100.0,0.0,0,0.0,0.0,100.0,0.0,0,0.0,0.0,100.0,0.0,0,0.0,0.0,100.0,0.0,0,0.0,0.0,100.0,0.0,0
2026-06-19 12:29:58,184.24,0.0,0.0,100.0,0.0,0,0.0,0.0,100.0,0.0,0,0.0,0.0,100.0,0.0,0,0.0,0.0,100.0,0.0,0,0.0,0.0,100.0,0.0,0,0.0,0.0,100.0,0.0,0
2026-06-19 12:29:59,184.98,0.0,0.0,100.0,0.0,0,0.0,0.0,100.0,0.0,0,0.0,0.0,100.0,0.0,0,0.0,0.0,100.0,0.0,0,0.0,0.0,100.0,0.0,0,0.0,0.0,100.0,0.0,0
2026-06-19 12:29:59,185.74,0.0,0.0,100.0,0.0,0,0.0,0.0,100.0,0.0,0,0.0,0.0,100.0,0.0,0,0.0,0.0,100.0,0.0,0,0.0,0.0,100.0,0.0,0,0.0,0.0,100.0,0.0,0
2026-06-19 12:30:00,186.51,0.0,0.0,100.0,0.0,0,0.0,0.0,100.0,0.0,0,0.0,0.0,100.0,0.0,0,0.0,0.0,100.0,0.0,0,0.0,0.0,100.0,0.0,0,0.0,0.0,100.0,0.0,0
2026-06-19 12:30:01,187.28,0.0,0.0,100.0,0.0,0,0.0,0.0,100.0,0.0,0,0.0,0.0,100.0,0.0,0,0.0,0.0,100.0,0.0,0,0.0,0.0,100.0,0.0,0,0.0,0.0,100.0,0.0,0
2026-06-19 12:30:02,188.04,0.0,0.0,100.0,0.0,0,0.0,0.0,100.0,0.0,0,0.0,0.0,100.0,0.0,0,0.0,0.0,100.0,0.0,0,0.0,0.0,100.0,0.0,0,0.0,0.0,100.0,0.0,0
2026-06-19 12:30:02,188.79,0.0,0.0,100.0,0.0,0,0.0,0.0,100.0,0.0,0,0.0,0.0,100.0,0.0,0,0.0,0.0,100.0,0.0,0,0.0,0.0,100.0,0.0,0,0.0,0.0,100.0,0.0,0
2026-06-19 12:30:03,189.55,0.0,0.0,100.0,0.0,0,0.0,0.0,100.0,0.0,0,0.0,0.0,100.0,0.0,0,0.0,0.0,100.0,0.0,0,0.0,0.0,100.0,0.0,0,0.0,0.0,100.0,0.0,0
2026-06-19 12:30:04,190.29,0.0,0.0,100.0,0.0,0,0.0,0.0,100.0,0.0,0,0.0,0.0,100.0,0.0,0,0.0,0.0,100.0,0.0,0,0.0,0.0,100.0,0.0,0,0.0,0.0,100.0,0.0,0
2026-06-19 12:30:05,191.03,0.0,0.0,100.0,0.0,0,0.0,0.0,100.0,0.0,0,0.0,0.0,100.0,0.0,0,0.0,0.0,100.0,0.0,0,0.0,0.0,100.0,0.0,0,0.0,0.0,100.0,0.0,0
2026-06-19 12:30:06,191.82,0.0,0.0,100.0,0.0,0,0.0,0.0,100.0,0.0,0,0.0,0.0,100.0,0.0,0,0.0,0.0,100.0,0.0,0,0.0,0.0,100.0,0.0,0,0.0,0.0,100.0,0.0,0
2026-06-19 12:30:06,192.6,0.0,0.0,100.0,0.0,0,0.0,0.0,100.0,0.0,0,0.0,0.0,100.0,0.0,0,0.0,0.0,100.0,0.0,0,0.0,0.0,100.0,0.0,0,0.0,0.0,100.0,0.0,0
2026-06-19 12:30:07,193.34,0.0,0.0,100.0,0.0,0,0.0,0.0,100.0,0.0,0,0.0,0.0,100.0,0.0,0,0.0,0.0,100.0,0.0,0,0.0,0.0,100.0,0.0,0,0.0,0.0,100.0,0.0,0
2026-06-19 12:30:08,194.09,0.0,0.0,100.0,0.0,0,0.0,0.0,100.0,0.0,0,0.0,0.0,100.0,0.0,0,0.0,0.0,100.0,0.0,0,0.0,0.0,100.0,0.0,0,0.0,0.0,100.0,0.0,0
2026-06-19 12:30:09,194.87,0.0,0.0,100.0,0.0,0,0.0,0.0,100.0,0.0,0,0.0,0.0,100.0,0.0,0,0.0,0.0,100.0,0.0,0,0.0,0.0,100.0,0.0,0,0.0,0.0,100.0,0.0,0
2026-06-19 12:30:09,195.64,0.0,0.0,100.0,0.0,0,0.0,0.0,100.0,0.0,0,0.0,0.0,100.0,0.0,0,0.0,0.0,100.0,0.0,0,0.0,0.0,100.0,0.0,0,0.0,0.0,100.0,0.0,0
2026-06-19 12:30:10,196.37,0.0,0.0,100.0,0.0,0,0.0,0.0,100.0,0.0,0,0.0,0.0,100.0,0.0,0,0.0,0.0,100.0,0.0,0,0.0,0.0,100.0,0.0,0,0.0,0.0,100.0,0.0,0
2026-06-19 12:30:11,197.15,0.0,0.0,100.0,0.0,0,0.0,0.0,100.0,0.0,0,0.0,0.0,100.0,0.0,0,0.0,0.0,100.0,0.0,0,0.0,0.0,100.0,0.0,0,0.0,0.0,100.0,0.0,0
2026-06-19 12:30:12,197.91,0.0,0.0,100.0,0.0,0,0.0,0.0,100.0,0.0,0,0.0,0.0,100.0,0.0,0,0.0,0.0,100.0,0.0,0,0.0,0.0,100.0,0.0,0,0.0,0.0,100.0,0.0,0
2026-06-19 12:30:12,198.66,0.0,0.0,100.0,0.0,0,0.0,0.0,100.0,0.0,0,0.0,0.0,100.0,0.0,0,0.0,0.0,100.0,0.0,0,0.0,0.0,100.0,0.0,0,0.0,0.0,100.0,0.0,0
2026-06-19 12:30:13,199.45,0.0,0.0,100.0,0.0,0,0.0,0.0,100.0,0.0,0,0.0,0.0,100.0,0.0,0,0.0,0.0,100.0,0.0,0,0.0,0.0,100.0,0.0,0,0.0,0.0,100.0,0.0,0
2026-06-19 12:30:14,200.2,0.0,0.0,100.0,0.0,0,0.0,0.0,100.0,0.0,0,0.0,0.0,100.0,0.0,0,0.0,0.0,100.0,0.0,0,0.0,0.0,100.0,0.0,0,0.0,0.0,100.0,0.0,0
2026-06-19 12:30:15,200.99,0.0,0.0,100.0,0.0,0,0.0,0.0,100.0,0.0,0,0.0,0.0,100.0,0.0,0,0.0,0.0,100.0,0.0,0,0.0,0.0,100.0,0.0,0,0.0,0.0,100.0,0.0,0
2026-06-19 12:30:15,201.78,0.0,0.0,100.0,0.0,0,0.0,0.0,100.0,0.0,0,0.0,0.0,100.0,0.0,0,0.0,0.0,100.0,0.0,0,0.0,0.0,100.0,0.0,0,0.0,0.0,100.0,0.0,0
2026-06-19 12:30:16,202.54,0.0,0.0,100.0,0.0,0,0.0,0.0,100.0,0.0,0,0.0,0.0,100.0,0.0,0,0.0,0.0,100.0,0.0,0,0.0,0.0,100.0,0.0,0,0.0,0.0,100.0,0.0,0
2026-06-19 12:30:17,203.32,0.0,0.0,100.0,0.0,0,0.0,0.0,100.0,0.0,0,0.0,0.0,100.0,0.0,0,0.0,0.0,100.0,0.0,0,0.0,0.0,100.0,0.0,0,0.0,0.0,100.0,0.0,0
2026-06-19 12:30:18,204.1,0.0,0.0,100.0,0.0,0,0.0,0.0,100.0,0.0,0,0.0,0.0,100.0,0.0,0,0.0,0.0,100.0,0.0,0,0.0,0.0,100.0,0.0,0,0.0,0.0,100.0,0.0,0
2026-06-19 12:30:19,204.85,0.0,0.0,100.0,0.0,0,0.0,0.0,100.0,0.0,0,0.0,0.0,100.0,0.0,0,0.0,0.0,100.0,0.0,0,0.0,0.0,100.0,0.0,0,0.0,0.0,100.0,0.0,0
2026-06-19 12:30:19,205.58,0.0,0.0,100.0,0.0,0,0.0,0.0,100.0,0.0,0,0.0,0.0,100.0,0.0,0,0.0,0.0,100.0,0.0,0,0.0,0.0,100.0,0.0,0,0.0,0.0,100.0,0.0,0
2026-06-19 12:30:20,206.32,0.0,0.0,100.0,0.0,0,0.0,0.0,100.0,0.0,0,0.0,0.0,100.0,0.0,0,0.0,0.0,100.0,0.0,0,0.0,0.0,100.0,0.0,0,0.0,0.0,100.0,0.0,0
2026-06-19 12:30:21,207.08,0.0,0.0,100.0,0.0,0,0.0,0.0,100.0,0.0,0,0.0,0.0,100.0,0.0,0,0.0,0.0,100.0,0.0,0,0.0,0.0,100.0,0.0,0,0.0,0.0,100.0,0.0,0
2026-06-19 12:30:22,207.84,0.0,0.0,100.0,0.0,0,0.0,0.0,100.0,0.0,0,0.0,0.0,100.0,0.0,0,0.0,0.0,100.0,0.0,0,0.0,0.0,100.0,0.0,0,0.0,0.0,100.0,0.0,0
2026-06-19 12:30:22,208.58,0.0,0.0,100.0,0.0,0,0.0,0.0,100.0,0.0,0,0.0,0.0,100.0,0.0,0,0.0,0.0,100.0,0.0,0,0.0,0.0,100.0,0.0,0,0.0,0.0,100.0,0.0,0
2026-06-19 12:30:23,209.36,0.0,0.0,100.0,0.0,0,0.0,0.0,100.0,0.0,0,0.0,0.0,100.0,0.0,0,0.0,0.0,100.0,0.0,0,0.0,0.0,100.0,0.0,0,0.0,0.0,100.0,0.0,0
2026-06-19 12:30:24,210.09,0.0,0.0,100.0,0.0,0,0.0,0.0,100.0,0.0,0,0.0,0.0,100.0,0.0,0,0.0,0.0,100.0,0.0,0,0.0,0.0,100.0,0.0,0,0.0,0.0,100.0,0.0,0
2026-06-19 12:30:25,210.84,0.0,0.0,100.0,0.0,0,0.0,0.0,100.0,0.0,0,0.0,0.0,100.0,0.0,0,0.0,0.0,100.0,0.0,0,0.0,0.0,100.0,0.0,0,0.0,0.0,100.0,0.0,0
2026-06-19 12:30:25,211.6,0.0,0.0,100.0,0.0,0,0.0,0.0,100.0,0.0,0,0.0,0.0,100.0,0.0,0,0.0,0.0,100.0,0.0,0,0.0,0.0,100.0,0.0,0,0.0,0.0,100.0,0.0,0
2026-06-19 12:30:26,212.34,0.0,0.0,100.0,0.0,0,0.0,0.0,100.0,0.0,0,0.0,0.0,100.0,0.0,0,0.0,0.0,100.0,0.0,0,0.0,0.0,100.0,0.0,0,0.0,0.0,100.0,0.0,0
2026-06-19 12:30:27,213.07,0.0,0.0,100.0,0.0,0,0.0,0.0,100.0,0.0,0,0.0,0.0,100.0,0.0,0,0.0,0.0,100.0,0.0,0,0.0,0.0,100.0,0.0,0,0.0,0.0,100.0,0.0,0
2026-06-19 12:30:28,213.82,0.0,0.0,100.0,0.0,0,0.0,0.0,100.0,0.0,0,0.0,0.0,100.0,0.0,0,0.0,0.0,100.0,0.0,0,0.0,0.0,100.0,0.0,0,0.0,0.0,100.0,0.0,0
2026-06-19 12:30:28,214.59,0.0,0.0,100.0,0.0,0,0.0,0.0,100.0,0.0,0,0.0,0.0,100.0,0.0,0,0.0,0.0,100.0,0.0,0,0.0,0.0,100.0,0.0,0,0.0,0.0,100.0,0.0,0
2026-06-19 12:30:29,215.34,0.0,0.0,100.0,0.0,0,0.0,0.0,100.0,0.0,0,0.0,0.0,100.0,0.0,0,0.0,0.0,100.0,0.0,0,0.0,0.0,100.0,0.0,0,0.0,0.0,100.0,0.0,0
2026-06-19 12:30:30,216.09,0.0,0.0,100.0,0.0,0,0.0,0.0,100.0,0.0,0,0.0,0.0,100.0,0.0,0,0.0,0.0,100.0,0.0,0,0.0,0.0,100.0,0.0,0,0.0,0.0,100.0,0.0,0
2026-06-19 12:30:31,216.87,0.0,0.0,100.0,0.0,0,0.0,0.0,100.0,0.0,0,0.0,0.0,100.0,0.0,0,0.0,0.0,100.0,0.0,0,0.0,0.0,100.0,0.0,0,0.0,0.0,100.0,0.0,0
2026-06-19 12:30:31,217.64,0.0,0.0,100.0,0.0,0,0.0,0.0,100.0,0.0,0,0.0,0.0,100.0,0.0,0,0.0,0.0,100.0,0.0,0,0.0,0.0,100.0,0.0,0,0.0,0.0,100.0,0.0,0
2026-06-19 12:30:32,218.41,0.0,0.0,100.0,0.0,0,0.0,0.0,100.0,0.0,0,0.0,0.0,100.0,0.0,0,0.0,0.0,100.0,0.0,0,0.0,0.0,100.0,0.0,0,0.0,0.0,100.0,0.0,0
2026-06-19 12:30:33,219.14,0.0,0.0,100.0,0.0,0,0.0,0.0,100.0,0.0,0,0.0,0.0,100.0,0.0,0,0.0,0.0,100.0,0.0,0,0.0,0.0,100.0,0.0,0,0.0,0.0,100.0,0.0,0
2026-06-19 12:30:34,219.89,0.0,0.0,100.0,0.0,0,0.0,0.0,100.0,0.0,0,0.0,0.0,100.0,0.0,0,0.0,0.0,100.0,0.0,0,0.0,0.0,100.0,0.0,0,0.0,0.0,100.0,0.0,0
2026-06-19 12:30:34,220.65,0.0,0.0,100.0,0.0,0,0.0,0.0,100.0,0.0,0,0.0,0.0,100.0,0.0,0,0.0,0.0,100.0,0.0,0,0.0,0.0,100.0,0.0,0,0.0,0.0,100.0,0.0,0
2026-06-19 12:30:35,221.42,0.0,0.0,100.0,0.0,0,0.0,0.0,100.0,0.0,0,0.0,0.0,100.0,0.0,0,0.0,0.0,100.0,0.0,0,0.0,0.0,100.0,0.0,0,0.0,0.0,100.0,0.0,0
2026-06-19 12:30:36,222.17,0.0,0.0,100.0,0.0,0,0.0,0.0,100.0,0.0,0,0.0,0.0,100.0,0.0,0,0.0,0.0,100.0,0.0,0,0.0,0.0,100.0,0.0,0,0.0,0.0,100.0,0.0,0
2026-06-19 12:30:37,222.91,0.0,0.0,100.0,0.0,0,0.0,0.0,100.0,0.0,0,0.0,0.0,100.0,0.0,0,0.0,0.0,100.0,0.0,0,0.0,0.0,100.0,0.0,0,0.0,0.0,100.0,0.0,0
2026-06-19 12:30:37,223.67,0.0,0.0,100.0,0.0,0,0.0,0.0,100.0,0.0,0,0.0,0.0,100.0,0.0,0,0.0,0.0,100.0,0.0,0,0.0,0.0,100.0,0.0,0,0.0,0.0,100.0,0.0,0
2026-06-19 12:30:38,224.43,0.0,0.0,100.0,0.0,0,0.0,0.0,100.0,0.0,0,0.0,0.0,100.0,0.0,0,0.0,0.0,100.0,0.0,0,0.0,0.0,100.0,0.0,0,0.0,0.0,100.0,0.0,0
2026-06-19 12:30:39,225.17,0.0,0.0,100.0,0.0,0,0.0,0.0,100.0,0.0,0,0.0,0.0,100.0,0.0,0,0.0,0.0,100.0,0.0,0,0.0,0.0,100.0,0.0,0,0.0,0.0,100.0,0.0,0
2026-06-19 12:30:40,225.93,0.0,0.0,100.0,0.0,0,0.0,0.0,100.0,0.0,0,0.0,0.0,100.0,0.0,0,0.0,0.0,100.0,0.0,0,0.0,0.0,100.0,0.0,0,0.0,0.0,100.0,0.0,0
2026-06-19 12:30:40,226.69,0.0,0.0,100.0,0.0,0,0.0,0.0,100.0,0.0,0,0.0,0.0,100.0,0.0,0,0.0,0.0,100.0,0.0,0,0.0,0.0,100.0,0.0,0,0.0,0.0,100.0,0.0,0
2026-06-19 12:30:41,227.45,0.0,0.0,100.0,0.0,0,0.0,0.0,100.0,0.0,0,0.0,0.0,100.0,0.0,0,0.0,0.0,100.0,0.0,0,0.0,0.0,100.0,0.0,0,0.0,0.0,100.0,0.0,0
2026-06-19 12:30:42,228.19,0.0,0.0,100.0,0.0,0,0.0,0.0,100.0,0.0,0,0.0,0.0,100.0,0.0,0,0.0,0.0,100.0,0.0,0,0.0,0.0,100.0,0.0,0,0.0,0.0,100.0,0.0,0
2026-06-19 12:30:43,228.94,0.0,0.0,100.0,0.0,0,0.0,0.0,100.0,0.0,0,0.0,0.0,100.0,0.0,0,0.0,0.0,100.0,0.0,0,0.0,0.0,100.0,0.0,0,0.0,0.0,100.0,0.0,0
2026-06-19 12:30:43,229.69,0.0,0.0,100.0,0.0,0,0.0,0.0,100.0,0.0,0,0.0,0.0,100.0,0.0,0,0.0,0.0,100.0,0.0,0,0.0,0.0,100.0,0.0,0,0.0,0.0,100.0,0.0,0
2026-06-19 12:30:44,230.49,0.0,0.0,100.0,0.0,0,0.0,0.0,100.0,0.0,0,0.0,0.0,100.0,0.0,0,0.0,0.0,100.0,0.0,0,0.0,0.0,100.0,0.0,0,0.0,0.0,100.0,0.0,0
2026-06-19 12:30:45,231.25,0.0,0.0,100.0,0.0,0,0.0,0.0,100.0,0.0,0,0.0,0.0,100.0,0.0,0,0.0,0.0,100.0,0.0,0,0.0,0.0,100.0,0.0,0,0.0,0.0,100.0,0.0,0
2026-06-19 12:30:46,232.0,0.0,0.0,100.0,0.0,0,0.0,0.0,100.0,0.0,0,0.0,0.0,100.0,0.0,0,0.0,0.0,100.0,0.0,0,0.0,0.0,100.0,0.0,0,0.0,0.0,100.0,0.0,0
2026-06-19 12:30:46,232.75,0.0,0.0,100.0,0.0,0,0.0,0.0,100.0,0.0,0,0.0,0.0,100.0,0.0,0,0.0,0.0,100.0,0.0,0,0.0,0.0,100.0,0.0,0,0.0,0.0,100.0,0.0,0
2026-06-19 12:30:47,233.52,0.0,0.0,100.0,0.0,0,0.0,0.0,100.0,0.0,0,0.0,0.0,100.0,0.0,0,0.0,0.0,100.0,0.0,0,0.0,0.0,100.0,0.0,0,0.0,0.0,100.0,0.0,0
2026-06-19 12:30:48,234.36,0.0,0.0,100.0,0.0,0,0.0,0.0,100.0,0.0,0,0.0,0.0,100.0,0.0,0,0.0,0.0,100.0,0.0,0,0.0,0.0,100.0,0.0,0,0.0,0.0,100.0,0.0,0
2026-06-19 12:30:49,235.21,0.0,0.0,100.0,0.0,0,0.0,0.0,100.0,0.0,0,0.0,0.0,100.0,0.0,0,0.0,0.0,100.0,0.0,0,0.0,0.0,100.0,0.0,0,0.0,0.0,100.0,0.0,0
2026-06-19 12:30:50,235.96,0.0,0.0,100.0,0.0,0,0.0,0.0,100.0,0.0,0,0.0,0.0,100.0,0.0,0,0.0,0.0,100.0,0.0,0,0.0,0.0,100.0,0.0,0,0.0,0.0,100.0,0.0,0
2026-06-19 12:30:50,236.71,0.0,0.0,100.0,0.0,0,0.0,0.0,100.0,0.0,0,0.0,0.0,100.0,0.0,0,0.0,0.0,100.0,0.0,0,0.0,0.0,100.0,0.0,0,0.0,0.0,100.0,0.0,0
2026-06-19 12:30:51,237.53,0.0,0.0,100.0,0.0,0,0.0,0.0,100.0,0.0,0,0.0,0.0,100.0,0.0,0,0.0,0.0,100.0,0.0,0,0.0,0.0,100.0,0.0,0,0.0,0.0,100.0,0.0,0
2026-06-19 12:30:52,238.27,0.0,0.0,100.0,0.0,0,0.0,0.0,100.0,0.0,0,0.0,0.0,100.0,0.0,0,0.0,0.0,100.0,0.0,0,0.0,0.0,100.0,0.0,0,0.0,0.0,100.0,0.0,0
2026-06-19 12:30:53,239.02,0.0,0.0,100.0,0.0,0,0.0,0.0,100.0,0.0,0,0.0,0.0,100.0,0.0,0,0.0,0.0,100.0,0.0,0,0.0,0.0,100.0,0.0,0,0.0,0.0,100.0,0.0,0
2026-06-19 12:30:54,239.83,0.0,0.0,100.0,0.0,0,0.0,0.0,100.0,0.0,0,0.0,0.0,100.0,0.0,0,0.0,0.0,100.0,0.0,0,0.0,0.0,100.0,0.0,0,0.0,0.0,100.0,0.0,0
2026-06-19 12:30:54,240.59,0.0,0.0,100.0,0.0,0,0.0,0.0,100.0,0.0,0,0.0,0.0,100.0,0.0,0,0.0,0.0,100.0,0.0,0,0.0,0.0,100.0,0.0,0,0.0,0.0,100.0,0.0,0
2026-06-19 12:30:55,241.39,0.0,0.0,100.0,0.0,0,0.0,0.0,100.0,0.0,0,0.0,0.0,100.0,0.0,0,0.0,0.0,100.0,0.0,0,0.0,0.0,100.0,0.0,0,0.0,0.0,100.0,0.0,0
2026-06-19 12:30:56,242.11,0.0,0.0,100.0,0.0,0,0.0,0.0,100.0,0.0,0,0.0,0.0,100.0,0.0,0,0.0,0.0,100.0,0.0,0,0.0,0.0,100.0,0.0,0,0.0,0.0,100.0,0.0,0
2026-06-19 12:30:57,242.88,0.0,0.0,100.0,0.0,0,0.0,0.0,100.0,0.0,0,0.0,0.0,100.0,0.0,0,0.0,0.0,100.0,0.0,0,0.0,0.0,100.0,0.0,0,0.0,0.0,100.0,0.0,0
2026-06-19 12:30:57,243.63,0.0,0.0,100.0,0.0,0,0.0,0.0,100.0,0.0,0,0.0,0.0,100.0,0.0,0,0.0,0.0,100.0,0.0,0,0.0,0.0,100.0,0.0,0,0.0,0.0,100.0,0.0,0
2026-06-19 12:30:58,244.37,0.0,0.0,100.0,0.0,0,0.0,0.0,100.0,0.0,0,0.0,0.0,100.0,0.0,0,0.0,0.0,100.0,0.0,0,0.0,0.0,100.0,0.0,0,0.0,0.0,100.0,0.0,0
2026-06-19 12:30:59,245.13,0.0,0.0,100.0,0.0,0,0.0,0.0,100.0,0.0,0,0.0,0.0,100.0,0.0,0,0.0,0.0,100.0,0.0,0,0.0,0.0,100.0,0.0,0,0.0,0.0,100.0,0.0,0
2026-06-19 12:31:00,245.86,0.0,0.0,100.0,0.0,0,0.0,0.0,100.0,0.0,0,0.0,0.0,100.0,0.0,0,0.0,0.0,100.0,0.0,0,0.0,0.0,100.0,0.0,0,0.0,0.0,100.0,0.0,0
2026-06-19 12:31:00,246.63,0.0,0.0,100.0,0.0,0,0.0,0.0,100.0,0.0,0,0.0,0.0,100.0,0.0,0,0.0,0.0,100.0,0.0,0,0.0,0.0,100.0,0.0,0,0.0,0.0,100.0,0.0,0
2026-06-19 12:31:01,247.4,0.0,0.0,100.0,0.0,0,0.0,0.0,100.0,0.0,0,0.0,0.0,100.0,0.0,0,0.0,0.0,100.0,0.0,0,0.0,0.0,100.0,0.0,0,0.0,0.0,100.0,0.0,0
2026-06-19 12:31:02,248.17,0.0,0.0,100.0,0.0,0,0.0,0.0,100.0,0.0,0,0.0,0.0,100.0,0.0,0,0.0,0.0,100.0,0.0,0,0.0,0.0,100.0,0.0,0,0.0,0.0,100.0,0.0,0
2026-06-19 12:31:03,248.97,0.0,0.0,100.0,0.0,0,0.0,0.0,100.0,0.0,0,0.0,0.0,100.0,0.0,0,0.0,0.0,100.0,0.0,0,0.0,0.0,100.0,0.0,0,0.0,0.0,100.0,0.0,0
2026-06-19 12:31:03,249.73,0.0,0.0,100.0,0.0,0,0.0,0.0,100.0,0.0,0,0.0,0.0,100.0,0.0,0,0.0,0.0,100.0,0.0,0,0.0,0.0,100.0,0.0,0,0.0,0.0,100.0,0.0,0
2026-06-19 12:31:04,250.48,0.0,0.0,100.0,0.0,0,0.0,0.0,100.0,0.0,0,0.0,0.0,100.0,0.0,0,0.0,0.0,100.0,0.0,0,0.0,0.0,100.0,0.0,0,0.0,0.0,100.0,0.0,0
2026-06-19 12:31:05,251.33,0.0,0.0,100.0,0.0,0,0.0,0.0,100.0,0.0,0,0.0,0.0,100.0,0.0,0,0.0,0.0,100.0,0.0,0,0.0,0.0,100.0,0.0,0,0.0,0.0,100.0,0.0,0
2026-06-19 12:31:06,252.11,0.0,0.0,100.0,0.0,0,0.0,0.0,100.0,0.0,0,0.0,0.0,100.0,0.0,0,0.0,0.0,100.0,0.0,0,0.0,0.0,100.0,0.0,0,0.0,0.0,100.0,0.0,0
2026-06-19 12:31:07,252.9,0.0,0.0,100.0,0.0,0,0.0,0.0,100.0,0.0,0,0.0,0.0,100.0,0.0,0,0.0,0.0,100.0,0.0,0,0.0,0.0,100.0,0.0,0,0.0,0.0,100.0,0.0,0
2026-06-19 12:31:07,253.68,0.0,0.0,100.0,0.0,0,0.0,0.0,100.0,0.0,0,0.0,0.0,100.0,0.0,0,0.0,0.0,100.0,0.0,0,0.0,0.0,100.0,0.0,0,0.0,0.0,100.0,0.0,0
2026-06-19 12:31:08,254.44,0.0,0.0,100.0,0.0,0,0.0,0.0,100.0,0.0,0,0.0,0.0,100.0,0.0,0,0.0,0.0,100.0,0.0,0,0.0,0.0,100.0,0.0,0,0.0,0.0,100.0,0.0,0
2026-06-19 12:31:09,255.21,0.0,0.0,100.0,0.0,0,0.0,0.0,100.0,0.0,0,0.0,0.0,100.0,0.0,0,0.0,0.0,100.0,0.0,0,0.0,0.0,100.0,0.0,0,0.0,0.0,100.0,0.0,0
2026-06-19 12:31:10,255.95,0.0,0.0,100.0,0.0,0,0.0,0.0,100.0,0.0,0,0.0,0.0,100.0,0.0,0,0.0,0.0,100.0,0.0,0,0.0,0.0,100.0,0.0,0,0.0,0.0,100.0,0.0,0
2026-06-19 12:31:10,256.7,0.0,0.0,100.0,0.0,0,0.0,0.0,100.0,0.0,0,0.0,0.0,100.0,0.0,0,0.0,0.0,100.0,0.0,0,0.0,0.0,100.0,0.0,0,0.0,0.0,100.0,0.0,0
2026-06-19 12:31:11,257.5,0.0,0.0,100.0,0.0,0,0.0,0.0,100.0,0.0,0,0.0,0.0,100.0,0.0,0,0.0,0.0,100.0,0.0,0,0.0,0.0,100.0,0.0,0,0.0,0.0,100.0,0.0,0
2026-06-19 12:31:12,258.25,0.0,0.0,100.0,0.0,0,0.0,0.0,100.0,0.0,0,0.0,0.0,100.0,0.0,0,0.0,0.0,100.0,0.0,0,0.0,0.0,100.0,0.0,0,0.0,0.0,100.0,0.0,0
2026-06-19 12:31:13,258.99,0.0,0.0,100.0,0.0,0,0.0,0.0,100.0,0.0,0,0.0,0.0,100.0,0.0,0,0.0,0.0,100.0,0.0,0,0.0,0.0,100.0,0.0,0,0.0,0.0,100.0,0.0,0
2026-06-19 12:31:13,259.76,0.0,0.0,100.0,0.0,0,0.0,0.0,100.0,0.0,0,0.0,0.0,100.0,0.0,0,0.0,0.0,100.0,0.0,0,0.0,0.0,100.0,0.0,0,0.0,0.0,100.0,0.0,0
2026-06-19 12:31:14,260.5,0.0,0.0,100.0,0.0,0,0.0,0.0,100.0,0.0,0,0.0,0.0,100.0,0.0,0,0.0,0.0,100.0,0.0,0,0.0,0.0,100.0,0.0,0,0.0,0.0,100.0,0.0,0
2026-06-19 12:31:15,261.25,0.0,0.0,100.0,0.0,0,0.0,0.0,100.0,0.0,0,0.0,0.0,100.0,0.0,0,0.0,0.0,100.0,0.0,0,0.0,0.0,100.0,0.0,0,0.0,0.0,100.0,0.0,0
2026-06-19 12:31:16,261.99,0.0,0.0,100.0,0.0,0,0.0,0.0,100.0,0.0,0,0.0,0.0,100.0,0.0,0,0.0,0.0,100.0,0.0,0,0.0,0.0,100.0,0.0,0,0.0,0.0,100.0,0.0,0
2026-06-19 12:31:16,262.74,0.0,0.0,100.0,0.0,0,0.0,0.0,100.0,0.0,0,0.0,0.0,100.0,0.0,0,0.0,0.0,100.0,0.0,0,0.0,0.0,100.0,0.0,0,0.0,0.0,100.0,0.0,0
2026-06-19 12:31:17,263.47,0.0,0.0,100.0,0.0,0,0.0,0.0,100.0,0.0,0,0.0,0.0,100.0,0.0,0,0.0,0.0,100.0,0.0,0,0.0,0.0,100.0,0.0,0,0.0,0.0,100.0,0.0,0
2026-06-19 12:31:18,264.24,0.0,0.0,100.0,0.0,0,0.0,0.0,100.0,0.0,0,0.0,0.0,100.0,0.0,0,0.0,0.0,100.0,0.0,0,0.0,0.0,100.0,0.0,0,0.0,0.0,100.0,0.0,0
2026-06-19 12:31:19,264.99,0.0,0.0,100.0,0.0,0,0.0,0.0,100.0,0.0,0,0.0,0.0,100.0,0.0,0,0.0,0.0,100.0,0.0,0,0.0,0.0,100.0,0.0,0,0.0,0.0,100.0,0.0,0
2026-06-19 12:31:19,265.75,0.0,0.0,100.0,0.0,0,0.0,0.0,100.0,0.0,0,0.0,0.0,100.0,0.0,0,0.0,0.0,100.0,0.0,0,0.0,0.0,100.0,0.0,0,0.0,0.0,100.0,0.0,0
2026-06-19 12:31:20,266.5,0.0,0.0,100.0,0.0,0,0.0,0.0,100.0,0.0,0,0.0,0.0,100.0,0.0,0,0.0,0.0,100.0,0.0,0,0.0,0.0,100.0,0.0,0,0.0,0.0,100.0,0.0,0
2026-06-19 12:31:21,267.28,0.0,0.0,100.0,0.0,0,0.0,0.0,100.0,0.0,0,0.0,0.0,100.0,0.0,0,0.0,0.0,100.0,0.0,0,0.0,0.0,100.0,0.0,0,0.0,0.0,100.0,0.0,0
2026-06-19 12:31:22,268.01,0.0,0.0,100.0,0.0,0,0.0,0.0,100.0,0.0,0,0.0,0.0,100.0,0.0,0,0.0,0.0,100.0,0.0,0,0.0,0.0,100.0,0.0,0,0.0,0.0,100.0,0.0,0
2026-06-19 12:31:22,268.74,0.0,0.0,100.0,0.0,0,0.0,0.0,100.0,0.0,0,0.0,0.0,100.0,0.0,0,0.0,0.0,100.0,0.0,0,0.0,0.0,100.0,0.0,0,0.0,0.0,100.0,0.0,0
2026-06-19 12:31:23,269.49,0.0,0.0,100.0,0.0,0,0.0,0.0,100.0,0.0,0,0.0,0.0,100.0,0.0,0,0.0,0.0,100.0,0.0,0,0.0,0.0,100.0,0.0,0,0.0,0.0,100.0,0.0,0
2026-06-19 12:31:24,270.25,0.0,0.0,100.0,0.0,0,0.0,0.0,100.0,0.0,0,0.0,0.0,100.0,0.0,0,0.0,0.0,100.0,0.0,0,0.0,0.0,100.0,0.0,0,0.0,0.0,100.0,0.0,0
2026-06-19 12:31:25,271.0,0.0,0.0,100.0,0.0,0,0.0,0.0,100.0,0.0,0,0.0,0.0,100.0,0.0,0,0.0,0.0,100.0,0.0,0,0.0,0.0,100.0,0.0,0,0.0,0.0,100.0,0.0,0
2026-06-19 12:31:25,271.75,0.0,0.0,100.0,0.0,0,0.0,0.0,100.0,0.0,0,0.0,0.0,100.0,0.0,0,0.0,0.0,100.0,0.0,0,0.0,0.0,100.0,0.0,0,0.0,0.0,100.0,0.0,0
2026-06-19 12:31:26,272.51,0.0,0.0,100.0,0.0,0,0.0,0.0,100.0,0.0,0,0.0,0.0,100.0,0.0,0,0.0,0.0,100.0,0.0,0,0.0,0.0,100.0,0.0,0,0.0,0.0,100.0,0.0,0
2026-06-19 12:31:27,273.25,0.0,0.0,100.0,0.0,0,0.0,0.0,100.0,0.0,0,0.0,0.0,100.0,0.0,0,0.0,0.0,100.0,0.0,0,0.0,0.0,100.0,0.0,0,0.0,0.0,100.0,0.0,0
2026-06-19 12:31:28,273.98,0.0,0.0,100.0,0.0,0,0.0,0.0,100.0,0.0,0,0.0,0.0,100.0,0.0,0,0.0,0.0,100.0,0.0,0,0.0,0.0,100.0,0.0,0,0.0,0.0,100.0,0.0,0
2026-06-19 12:31:28,274.73,0.0,0.0,100.0,0.0,0,0.0,0.0,100.0,0.0,0,0.0,0.0,100.0,0.0,0,0.0,0.0,100.0,0.0,0,0.0,0.0,100.0,0.0,0,0.0,0.0,100.0,0.0,0
2026-06-19 12:31:29,275.47,0.0,0.0,100.0,0.0,0,0.0,0.0,100.0,0.0,0,0.0,0.0,100.0,0.0,0,0.0,0.0,100.0,0.0,0,0.0,0.0,100.0,0.0,0,0.0,0.0,100.0,0.0,0
2026-06-19 12:31:30,276.26,0.0,0.0,100.0,0.0,0,0.0,0.0,100.0,0.0,0,0.0,0.0,100.0,0.0,0,0.0,0.0,100.0,0.0,0,0.0,0.0,100.0,0.0,0,0.0,0.0,100.0,0.0,0
2026-06-19 12:31:31,277.01,0.0,0.0,100.0,0.0,0,0.0,0.0,100.0,0.0,0,0.0,0.0,100.0,0.0,0,0.0,0.0,100.0,0.0,0,0.0,0.0,100.0,0.0,0,0.0,0.0,100.0,0.0,0
2026-06-19 12:31:31,277.76,0.0,0.0,100.0,0.0,0,0.0,0.0,100.0,0.0,0,0.0,0.0,100.0,0.0,0,0.0,0.0,100.0,0.0,0,0.0,0.0,100.0,0.0,0,0.0,0.0,100.0,0.0,0
2026-06-19 12:31:32,278.53,0.0,0.0,100.0,0.0,0,0.0,0.0,100.0,0.0,0,0.0,0.0,100.0,0.0,0,0.0,0.0,100.0,0.0,0,0.0,0.0,100.0,0.0,0,0.0,0.0,100.0,0.0,0
2026-06-19 12:31:33,279.31,0.0,0.0,100.0,0.0,0,0.0,0.0,100.0,0.0,0,0.0,0.0,100.0,0.0,0,0.0,0.0,100.0,0.0,0,0.0,0.0,100.0,0.0,0,0.0,0.0,100.0,0.0,0
2026-06-19 12:31:34,280.05,0.0,0.0,100.0,0.0,0,0.0,0.0,100.0,0.0,0,0.0,0.0,100.0,0.0,0,0.0,0.0,100.0,0.0,0,0.0,0.0,100.0,0.0,0,0.0,0.0,100.0,0.0,0
2026-06-19 12:31:34,280.8,0.0,0.0,100.0,0.0,0,0.0,0.0,100.0,0.0,0,0.0,0.0,100.0,0.0,0,0.0,0.0,100.0,0.0,0,0.0,0.0,100.0,0.0,0,0.0,0.0,100.0,0.0,0
2026-06-19 12:31:35,281.57,0.0,0.0,100.0,0.0,0,0.0,0.0,100.0,0.0,0,0.0,0.0,100.0,0.0,0,0.0,0.0,100.0,0.0,0,0.0,0.0,100.0,0.0,0,0.0,0.0,100.0,0.0,0
2026-06-19 12:31:36,282.32,0.0,0.0,100.0,0.0,0,0.0,0.0,100.0,0.0,0,0.0,0.0,100.0,0.0,0,0.0,0.0,100.0,0.0,0,0.0,0.0,100.0,0.0,0,0.0,0.0,100.0,0.0,0
2026-06-19 12:31:37,283.09,0.0,0.0,100.0,0.0,0,0.0,0.0,100.0,0.0,0,0.0,0.0,100.0,0.0,0,0.0,0.0,100.0,0.0,0,0.0,0.0,100.0,0.0,0,0.0,0.0,100.0,0.0,0
2026-06-19 12:31:38,283.84,0.0,0.0,100.0,0.0,0,0.0,0.0,100.0,0.0,0,0.0,0.0,100.0,0.0,0,0.0,0.0,100.0,0.0,0,0.0,0.0,100.0,0.0,0,0.0,0.0,100.0,0.0,0
2026-06-19 12:31:38,284.64,0.0,0.0,100.0,0.0,0,0.0,0.0,100.0,0.0,0,0.0,0.0,100.0,0.0,0,0.0,0.0,100.0,0.0,0,0.0,0.0,100.0,0.0,0,0.0,0.0,100.0,0.0,0
2026-06-19 12:31:39,285.4,0.0,0.0,100.0,0.0,0,0.0,0.0,100.0,0.0,0,0.0,0.0,100.0,0.0,0,0.0,0.0,100.0,0.0,0,0.0,0.0,100.0,0.0,0,0.0,0.0,100.0,0.0,0
2026-06-19 12:31:40,286.14,0.0,0.0,100.0,0.0,0,0.0,0.0,100.0,0.0,0,0.0,0.0,100.0,0.0,0,0.0,0.0,100.0,0.0,0,0.0,0.0,100.0,0.0,0,0.0,0.0,100.0,0.0,0
2026-06-19 12:31:41,286.89,0.0,0.0,100.0,0.0,0,0.0,0.0,100.0,0.0,0,0.0,0.0,100.0,0.0,0,0.0,0.0,100.0,0.0,0,0.0,0.0,100.0,0.0,0,0.0,0.0,100.0,0.0,0
2026-06-19 12:31:41,287.66,0.0,0.0,100.0,0.0,0,0.0,0.0,100.0,0.0,0,0.0,0.0,100.0,0.0,0,0.0,0.0,100.0,0.0,0,0.0,0.0,100.0,0.0,0,0.0,0.0,100.0,0.0,0
2026-06-19 12:31:42,288.42,0.0,0.0,100.0,0.0,0,0.0,0.0,100.0,0.0,0,0.0,0.0,100.0,0.0,0,0.0,0.0,100.0,0.0,0,0.0,0.0,100.0,0.0,0,0.0,0.0,100.0,0.0,0
2026-06-19 12:31:43,289.2,0.0,0.0,100.0,0.0,0,0.0,0.0,100.0,0.0,0,0.0,0.0,100.0,0.0,0,0.0,0.0,100.0,0.0,0,0.0,0.0,100.0,0.0,0,0.0,0.0,100.0,0.0,0
2026-06-19 12:31:44,289.98,0.0,0.0,100.0,0.0,0,0.0,0.0,100.0,0.0,0,0.0,0.0,100.0,0.0,0,0.0,0.0,100.0,0.0,0,0.0,0.0,100.0,0.0,0,0.0,0.0,100.0,0.0,0
2026-06-19 12:31:44,290.76,0.0,0.0,100.0,0.0,0,0.0,0.0,100.0,0.0,0,0.0,0.0,100.0,0.0,0,0.0,0.0,100.0,0.0,0,0.0,0.0,100.0,0.0,0,0.0,0.0,100.0,0.0,0
2026-06-19 12:31:45,291.53,0.0,0.0,100.0,0.0,0,0.0,0.0,100.0,0.0,0,0.0,0.0,100.0,0.0,0,0.0,0.0,100.0,0.0,0,0.0,0.0,100.0,0.0,0,0.0,0.0,100.0,0.0,0
2026-06-19 12:31:46,292.29,0.0,0.0,100.0,0.0,0,0.0,0.0,100.0,0.0,0,0.0,0.0,100.0,0.0,0,0.0,0.0,100.0,0.0,0,0.0,0.0,100.0,0.0,0,0.0,0.0,100.0,0.0,0
2026-06-19 12:31:47,293.06,0.0,0.0,100.0,0.0,0,0.0,0.0,100.0,0.0,0,0.0,0.0,100.0,0.0,0,0.0,0.0,100.0,0.0,0,0.0,0.0,100.0,0.0,0,0.0,0.0,100.0,0.0,0
2026-06-19 12:31:48,293.93,0.0,0.0,100.0,0.0,0,0.0,0.0,100.0,0.0,0,0.0,0.0,100.0,0.0,0,0.0,0.0,100.0,0.0,0,0.0,0.0,100.0,0.0,0,0.0,0.0,100.0,0.0,0
2026-06-19 12:31:48,294.73,0.0,0.0,100.0,0.0,0,0.0,0.0,100.0,0.0,0,0.0,0.0,100.0,0.0,0,0.0,0.0,100.0,0.0,0,0.0,0.0,100.0,0.0,0,0.0,0.0,100.0,0.0,0
2026-06-19 12:31:49,295.46,0.0,0.0,100.0,0.0,0,0.0,0.0,100.0,0.0,0,0.0,0.0,100.0,0.0,0,0.0,0.0,100.0,0.0,0,0.0,0.0,100.0,0.0,0,0.0,0.0,100.0,0.0,0
2026-06-19 12:31:50,296.2,0.0,0.0,100.0,0.0,0,0.0,0.0,100.0,0.0,0,0.0,0.0,100.0,0.0,0,0.0,0.0,100.0,0.0,0,0.0,0.0,100.0,0.0,0,0.0,0.0,100.0,0.0,0
2026-06-19 12:31:51,296.97,0.0,0.0,100.0,0.0,0,0.0,0.0,100.0,0.0,0,0.0,0.0,100.0,0.0,0,0.0,0.0,100.0,0.0,0,0.0,0.0,100.0,0.0,0,0.0,0.0,100.0,0.0,0
2026-06-19 12:31:51,297.73,0.0,0.0,100.0,0.0,0,0.0,0.0,100.0,0.0,0,0.0,0.0,100.0,0.0,0,0.0,0.0,100.0,0.0,0,0.0,0.0,100.0,0.0,0,0.0,0.0,100.0,0.0,0
2026-06-19 12:31:52,298.5,0.0,0.0,100.0,0.0,0,0.0,0.0,100.0,0.0,0,0.0,0.0,100.0,0.0,0,0.0,0.0,100.0,0.0,0,0.0,0.0,100.0,0.0,0,0.0,0.0,100.0,0.0,0
2026-06-19 12:31:53,299.25,0.0,0.0,100.0,0.0,0,0.0,0.0,100.0,0.0,0,0.0,0.0,100.0,0.0,0,0.0,0.0,100.0,0.0,0,0.0,0.0,100.0,0.0,0,0.0,0.0,100.0,0.0,0
2026-06-19 12:31:54,300.0,0.0,0.0,100.0,0.0,0,0.0,0.0,100.0,0.0,0,0.0,0.0,100.0,0.0,0,0.0,0.0,100.0,0.0,0,0.0,0.0,100.0,0.0,0,0.0,0.0,100.0,0.0,0
2026-06-19 12:31:54,300.77,0.0,0.0,100.0,0.0,0,0.0,0.0,100.0,0.0,0,0.0,0.0,100.0,0.0,0,0.0,0.0,100.0,0.0,0,0.0,0.0,100.0,0.0,0,0.0,0.0,100.0,0.0,0
2026-06-19 12:31:55,301.54,0.0,0.0,100.0,0.0,0,0.0,0.0,100.0,0.0,0,0.0,0.0,100.0,0.0,0,0.0,0.0,100.0,0.0,0,0.0,0.0,100.0,0.0,0,0.0,0.0,100.0,0.0,0
2026-06-19 12:31:56,302.32,0.0,0.0,100.0,0.0,0,0.0,0.0,100.0,0.0,0,0.0,0.0,100.0,0.0,0,0.0,0.0,100.0,0.0,0,0.0,0.0,100.0,0.0,0,0.0,0.0,100.0,0.0,0
2026-06-19 12:31:57,303.1,0.0,0.0,100.0,0.0,0,0.0,0.0,100.0,0.0,0,0.0,0.0,100.0,0.0,0,0.0,0.0,100.0,0.0,0,0.0,0.0,100.0,0.0,0,0.0,0.0,100.0,0.0,0
2026-06-19 12:31:58,303.83,0.0,0.0,100.0,0.0,0,0.0,0.0,100.0,0.0,0,0.0,0.0,100.0,0.0,0,0.0,0.0,100.0,0.0,0,0.0,0.0,100.0,0.0,0,0.0,0.0,100.0,0.0,0
2026-06-19 12:31:58,304.58,0.0,0.0,100.0,0.0,0,0.0,0.0,100.0,0.0,0,0.0,0.0,100.0,0.0,0,0.0,0.0,100.0,0.0,0,0.0,0.0,100.0,0.0,0,0.0,0.0,100.0,0.0,0
2026-06-19 12:31:59,305.32,0.0,0.0,100.0,0.0,0,0.0,0.0,100.0,0.0,0,0.0,0.0,100.0,0.0,0,0.0,0.0,100.0,0.0,0,0.0,0.0,100.0,0.0,0,0.0,0.0,100.0,0.0,0
2026-06-19 12:32:00,306.05,0.0,0.0,100.0,0.0,0,0.0,0.0,100.0,0.0,0,0.0,0.0,100.0,0.0,0,0.0,0.0,100.0,0.0,0,0.0,0.0,100.0,0.0,0,0.0,0.0,100.0,0.0,0
2026-06-19 12:32:01,306.83,0.0,0.0,100.0,0.0,0,0.0,0.0,100.0,0.0,0,0.0,0.0,100.0,0.0,0,0.0,0.0,100.0,0.0,0,0.0,0.0,100.0,0.0,0,0.0,0.0,100.0,0.0,0
2026-06-19 12:32:01,307.58,0.0,0.0,100.0,0.0,0,0.0,0.0,100.0,0.0,0,0.0,0.0,100.0,0.0,0,0.0,0.0,100.0,0.0,0,0.0,0.0,100.0,0.0,0,0.0,0.0,100.0,0.0,0
2026-06-19 12:32:02,308.35,0.0,0.0,100.0,0.0,0,0.0,0.0,100.0,0.0,0,0.0,0.0,100.0,0.0,0,0.0,0.0,100.0,0.0,0,0.0,0.0,100.0,0.0,0,0.0,0.0,100.0,0.0,0
2026-06-19 12:32:03,309.12,0.0,0.0,100.0,0.0,0,0.0,0.0,100.0,0.0,0,0.0,0.0,100.0,0.0,0,0.0,0.0,100.0,0.0,0,0.0,0.0,100.0,0.0,0,0.0,0.0,100.0,0.0,0
2026-06-19 12:32:04,309.87,0.0,0.0,100.0,0.0,0,0.0,0.0,100.0,0.0,0,0.0,0.0,100.0,0.0,0,0.0,0.0,100.0,0.0,0,0.0,0.0,100.0,0.0,0,0.0,0.0,100.0,0.0,0
2026-06-19 12:32:04,310.61,0.0,0.0,100.0,0.0,0,0.0,0.0,100.0,0.0,0,0.0,0.0,100.0,0.0,0,0.0,0.0,100.0,0.0,0,0.0,0.0,100.0,0.0,0,0.0,0.0,100.0,0.0,0
2026-06-19 12:32:05,311.36,0.0,0.0,100.0,0.0,0,0.0,0.0,100.0,0.0,0,0.0,0.0,100.0,0.0,0,0.0,0.0,100.0,0.0,0,0.0,0.0,100.0,0.0,0,0.0,0.0,100.0,0.0,0
2026-06-19 12:32:06,312.09,0.0,0.0,100.0,0.0,0,0.0,0.0,100.0,0.0,0,0.0,0.0,100.0,0.0,0,0.0,0.0,100.0,0.0,0,0.0,0.0,100.0,0.0,0,0.0,0.0,100.0,0.0,0
2026-06-19 12:32:07,312.83,0.0,0.0,100.0,0.0,0,0.0,0.0,100.0,0.0,0,0.0,0.0,100.0,0.0,0,0.0,0.0,100.0,0.0,0,0.0,0.0,100.0,0.0,0,0.0,0.0,100.0,0.0,0
2026-06-19 12:32:07,313.58,0.0,0.0,100.0,0.0,0,0.0,0.0,100.0,0.0,0,0.0,0.0,100.0,0.0,0,0.0,0.0,100.0,0.0,0,0.0,0.0,100.0,0.0,0,0.0,0.0,100.0,0.0,0
2026-06-19 12:32:08,314.33,0.0,0.0,100.0,0.0,0,0.0,0.0,100.0,0.0,0,0.0,0.0,100.0,0.0,0,0.0,0.0,100.0,0.0,0,0.0,0.0,100.0,0.0,0,0.0,0.0,100.0,0.0,0
2026-06-19 12:32:09,315.06,0.0,0.0,100.0,0.0,0,0.0,0.0,100.0,0.0,0,0.0,0.0,100.0,0.0,0,0.0,0.0,100.0,0.0,0,0.0,0.0,100.0,0.0,0,0.0,0.0,100.0,0.0,0
2026-06-19 12:32:10,315.81,0.0,0.0,100.0,0.0,0,0.0,0.0,100.0,0.0,0,0.0,0.0,100.0,0.0,0,0.0,0.0,100.0,0.0,0,0.0,0.0,100.0,0.0,0,0.0,0.0,100.0,0.0,0
2026-06-19 12:32:10,316.57,0.0,0.0,100.0,0.0,0,0.0,0.0,100.0,0.0,0,0.0,0.0,100.0,0.0,0,0.0,0.0,100.0,0.0,0,0.0,0.0,100.0,0.0,0,0.0,0.0,100.0,0.0,0
2026-06-19 12:32:11,317.33,0.0,0.0,100.0,0.0,0,0.0,0.0,100.0,0.0,0,0.0,0.0,100.0,0.0,0,0.0,0.0,100.0,0.0,0,0.0,0.0,100.0,0.0,0,0.0,0.0,100.0,0.0,0
2026-06-19 12:32:12,318.08,0.0,0.0,100.0,0.0,0,0.0,0.0,100.0,0.0,0,0.0,0.0,100.0,0.0,0,0.0,0.0,100.0,0.0,0,0.0,0.0,100.0,0.0,0,0.0,0.0,100.0,0.0,0
2026-06-19 12:32:13,318.83,0.0,0.0,100.0,0.0,0,0.0,0.0,100.0,0.0,0,0.0,0.0,100.0,0.0,0,0.0,0.0,100.0,0.0,0,0.0,0.0,100.0,0.0,0,0.0,0.0,100.0,0.0,0
2026-06-19 12:32:13,319.58,0.0,0.0,100.0,0.0,0,0.0,0.0,100.0,0.0,0,0.0,0.0,100.0,0.0,0,0.0,0.0,100.0,0.0,0,0.0,0.0,100.0,0.0,0,0.0,0.0,100.0,0.0,0
2026-06-19 12:32:14,320.33,0.0,0.0,100.0,0.0,0,0.0,0.0,100.0,0.0,0,0.0,0.0,100.0,0.0,0,0.0,0.0,100.0,0.0,0,0.0,0.0,100.0,0.0,0,0.0,0.0,100.0,0.0,0
2026-06-19 12:32:15,321.07,0.0,0.0,100.0,0.0,0,0.0,0.0,100.0,0.0,0,0.0,0.0,100.0,0.0,0,0.0,0.0,100.0,0.0,0,0.0,0.0,100.0,0.0,0,0.0,0.0,100.0,0.0,0
2026-06-19 12:32:16,321.85,0.0,0.0,100.0,0.0,0,0.0,0.0,100.0,0.0,0,0.0,0.0,100.0,0.0,0,0.0,0.0,100.0,0.0,0,0.0,0.0,100.0,0.0,0,0.0,0.0,100.0,0.0,0
2026-06-19 12:32:16,322.59,0.0,0.0,100.0,0.0,0,0.0,0.0,100.0,0.0,0,0.0,0.0,100.0,0.0,0,0.0,0.0,100.0,0.0,0,0.0,0.0,100.0,0.0,0,0.0,0.0,100.0,0.0,0
2026-06-19 12:32:17,323.4,0.0,0.0,100.0,0.0,0,0.0,0.0,100.0,0.0,0,0.0,0.0,100.0,0.0,0,0.0,0.0,100.0,0.0,0,0.0,0.0,100.0,0.0,0,0.0,0.0,100.0,0.0,0
2026-06-19 12:32:18,324.17,0.0,0.0,100.0,0.0,0,0.0,0.0,100.0,0.0,0,0.0,0.0,100.0,0.0,0,0.0,0.0,100.0,0.0,0,0.0,0.0,100.0,0.0,0,0.0,0.0,100.0,0.0,0
2026-06-19 12:32:19,324.95,0.0,0.0,100.0,0.0,0,0.0,0.0,100.0,0.0,0,0.0,0.0,100.0,0.0,0,0.0,0.0,100.0,0.0,0,0.0,0.0,100.0,0.0,0,0.0,0.0,100.0,0.0,0
2026-06-19 12:32:19,325.71,0.0,0.0,100.0,0.0,0,0.0,0.0,100.0,0.0,0,0.0,0.0,100.0,0.0,0,0.0,0.0,100.0,0.0,0,0.0,0.0,100.0,0.0,0,0.0,0.0,100.0,0.0,0
2026-06-19 12:32:20,326.45,0.0,0.0,100.0,0.0,0,0.0,0.0,100.0,0.0,0,0.0,0.0,100.0,0.0,0,0.0,0.0,100.0,0.0,0,0.0,0.0,100.0,0.0,0,0.0,0.0,100.0,0.0,0
2026-06-19 12:32:21,327.23,0.0,0.0,100.0,0.0,0,0.0,0.0,100.0,0.0,0,0.0,0.0,100.0,0.0,0,0.0,0.0,100.0,0.0,0,0.0,0.0,100.0,0.0,0,0.0,0.0,100.0,0.0,0
2026-06-19 12:32:22,327.99,0.0,0.0,100.0,0.0,0,0.0,0.0,100.0,0.0,0,0.0,0.0,100.0,0.0,0,0.0,0.0,100.0,0.0,0,0.0,0.0,100.0,0.0,0,0.0,0.0,100.0,0.0,0
2026-06-19 12:32:22,328.77,0.0,0.0,100.0,0.0,0,0.0,0.0,100.0,0.0,0,0.0,0.0,100.0,0.0,0,0.0,0.0,100.0,0.0,0,0.0,0.0,100.0,0.0,0,0.0,0.0,100.0,0.0,0
2026-06-19 12:32:23,329.55,0.0,0.0,100.0,0.0,0,0.0,0.0,100.0,0.0,0,0.0,0.0,100.0,0.0,0,0.0,0.0,100.0,0.0,0,0.0,0.0,100.0,0.0,0,0.0,0.0,100.0,0.0,0
2026-06-19 12:32:24,330.44,0.0,0.0,100.0,0.0,0,0.0,0.0,100.0,0.0,0,0.0,0.0,100.0,0.0,0,0.0,0.0,100.0,0.0,0,0.0,0.0,100.0,0.0,0,0.0,0.0,100.0,0.0,0
2026-06-19 12:32:25,331.18,0.0,0.0,100.0,0.0,0,0.0,0.0,100.0,0.0,0,0.0,0.0,100.0,0.0,0,0.0,0.0,100.0,0.0,0,0.0,0.0,100.0,0.0,0,0.0,0.0,100.0,0.0,0
2026-06-19 12:32:26,331.92,0.0,0.0,100.0,0.0,0,0.0,0.0,100.0,0.0,0,0.0,0.0,100.0,0.0,0,0.0,0.0,100.0,0.0,0,0.0,0.0,100.0,0.0,0,0.0,0.0,100.0,0.0,0
2026-06-19 12:32:26,332.71,0.0,0.0,100.0,0.0,0,0.0,0.0,100.0,0.0,0,0.0,0.0,100.0,0.0,0,0.0,0.0,100.0,0.0,0,0.0,0.0,100.0,0.0,0,0.0,0.0,100.0,0.0,0
2026-06-19 12:32:27,333.51,0.0,0.0,100.0,0.0,0,0.0,0.0,100.0,0.0,0,0.0,0.0,100.0,0.0,0,0.0,0.0,100.0,0.0,0,0.0,0.0,100.0,0.0,0,0.0,0.0,100.0,0.0,0
2026-06-19 12:32:28,334.3,0.0,0.0,100.0,0.0,0,0.0,0.0,100.0,0.0,0,0.0,0.0,100.0,0.0,0,0.0,0.0,100.0,0.0,0,0.0,0.0,100.0,0.0,0,0.0,0.0,100.0,0.0,0
2026-06-19 12:32:29,335.07,0.0,0.0,100.0,0.0,0,0.0,0.0,100.0,0.0,0,0.0,0.0,100.0,0.0,0,0.0,0.0,100.0,0.0,0,0.0,0.0,100.0,0.0,0,0.0,0.0,100.0,0.0,0
2026-06-19 12:32:30,335.84,0.0,0.0,100.0,0.0,0,0.0,0.0,100.0,0.0,0,0.0,0.0,100.0,0.0,0,0.0,0.0,100.0,0.0,0,0.0,0.0,100.0,0.0,0,0.0,0.0,100.0,0.0,0
2026-06-19 12:32:30,336.59,0.0,0.0,100.0,0.0,0,0.0,0.0,100.0,0.0,0,0.0,0.0,100.0,0.0,0,0.0,0.0,100.0,0.0,0,0.0,0.0,100.0,0.0,0,0.0,0.0,100.0,0.0,0
2026-06-19 12:32:31,337.36,0.0,0.0,100.0,0.0,0,0.0,0.0,100.0,0.0,0,0.0,0.0,100.0,0.0,0,0.0,0.0,100.0,0.0,0,0.0,0.0,100.0,0.0,0,0.0,0.0,100.0,0.0,0
2026-06-19 12:32:32,338.12,0.0,0.0,100.0,0.0,0,0.0,0.0,100.0,0.0,0,0.0,0.0,100.0,0.0,0,0.0,0.0,100.0,0.0,0,0.0,0.0,100.0,0.0,0,0.0,0.0,100.0,0.0,0
2026-06-19 12:32:33,338.87,0.0,0.0,100.0,0.0,0,0.0,0.0,100.0,0.0,0,0.0,0.0,100.0,0.0,0,0.0,0.0,100.0,0.0,0,0.0,0.0,100.0,0.0,0,0.0,0.0,100.0,0.0,0
2026-06-19 12:32:33,339.64,0.0,0.0,100.0,0.0,0,0.0,0.0,100.0,0.0,0,0.0,0.0,100.0,0.0,0,0.0,0.0,100.0,0.0,0,0.0,0.0,100.0,0.0,0,0.0,0.0,100.0,0.0,0
2026-06-19 12:32:34,340.45,0.0,0.0,100.0,0.0,0,0.0,0.0,100.0,0.0,0,0.0,0.0,100.0,0.0,0,0.0,0.0,100.0,0.0,0,0.0,0.0,100.0,0.0,0,0.0,0.0,100.0,0.0,0
2026-06-19 12:32:35,341.2,0.0,0.0,100.0,0.0,0,0.0,0.0,100.0,0.0,0,0.0,0.0,100.0,0.0,0,0.0,0.0,100.0,0.0,0,0.0,0.0,100.0,0.0,0,0.0,0.0,100.0,0.0,0
2026-06-19 12:32:36,341.98,0.0,0.0,100.0,0.0,0,0.0,0.0,100.0,0.0,0,0.0,0.0,100.0,0.0,0,0.0,0.0,100.0,0.0,0,0.0,0.0,100.0,0.0,0,0.0,0.0,100.0,0.0,0
2026-06-19 12:32:36,342.71,0.0,0.0,100.0,0.0,0,0.0,0.0,100.0,0.0,0,0.0,0.0,100.0,0.0,0,0.0,0.0,100.0,0.0,0,0.0,0.0,100.0,0.0,0,0.0,0.0,100.0,0.0,0
2026-06-19 12:32:37,343.48,0.0,0.0,100.0,0.0,0,0.0,0.0,100.0,0.0,0,0.0,0.0,100.0,0.0,0,0.0,0.0,100.0,0.0,0,0.0,0.0,100.0,0.0,0,0.0,0.0,100.0,0.0,0
2026-06-19 12:32:38,344.23,0.0,0.0,100.0,0.0,0,0.0,0.0,100.0,0.0,0,0.0,0.0,100.0,0.0,0,0.0,0.0,100.0,0.0,0,0.0,0.0,100.0,0.0,0,0.0,0.0,100.0,0.0,0
2026-06-19 12:32:39,345.02,0.0,0.0,100.0,0.0,0,0.0,0.0,100.0,0.0,0,0.0,0.0,100.0,0.0,0,0.0,0.0,100.0,0.0,0,0.0,0.0,100.0,0.0,0,0.0,0.0,100.0,0.0,0
2026-06-19 12:32:39,345.79,0.0,0.0,100.0,0.0,0,0.0,0.0,100.0,0.0,0,0.0,0.0,100.0,0.0,0,0.0,0.0,100.0,0.0,0,0.0,0.0,100.0,0.0,0,0.0,0.0,100.0,0.0,0
2026-06-19 12:32:40,346.59,0.0,0.0,100.0,0.0,0,0.0,0.0,100.0,0.0,0,0.0,0.0,100.0,0.0,0,0.0,0.0,100.0,0.0,0,0.0,0.0,100.0,0.0,0,0.0,0.0,100.0,0.0,0
2026-06-19 12:32:41,347.34,0.0,0.0,100.0,0.0,0,0.0,0.0,100.0,0.0,0,0.0,0.0,100.0,0.0,0,0.0,0.0,100.0,0.0,0,0.0,0.0,100.0,0.0,0,0.0,0.0,100.0,0.0,0
2026-06-19 12:32:42,348.15,0.0,0.0,100.0,0.0,0,0.0,0.0,100.0,0.0,0,0.0,0.0,100.0,0.0,0,0.0,0.0,100.0,0.0,0,0.0,0.0,100.0,0.0,0,0.0,0.0,100.0,0.0,0
2026-06-19 12:32:43,348.91,0.0,0.0,100.0,0.0,0,0.0,0.0,100.0,0.0,0,0.0,0.0,100.0,0.0,0,0.0,0.0,100.0,0.0,0,0.0,0.0,100.0,0.0,0,0.0,0.0,100.0,0.0,0
2026-06-19 12:32:43,349.7,0.0,0.0,100.0,0.0,0,0.0,0.0,100.0,0.0,0,0.0,0.0,100.0,0.0,0,0.0,0.0,100.0,0.0,0,0.0,0.0,100.0,0.0,0,0.0,0.0,100.0,0.0,0
2026-06-19 12:32:44,350.46,0.0,0.0,100.0,0.0,0,0.0,0.0,100.0,0.0,0,0.0,0.0,100.0,0.0,0,0.0,0.0,100.0,0.0,0,0.0,0.0,100.0,0.0,0,0.0,0.0,100.0,0.0,0
2026-06-19 12:32:45,351.21,0.0,0.0,100.0,0.0,0,0.0,0.0,100.0,0.0,0,0.0,0.0,100.0,0.0,0,0.0,0.0,100.0,0.0,0,0.0,0.0,100.0,0.0,0,0.0,0.0,100.0,0.0,0
2026-06-19 12:32:46,351.96,0.0,0.0,100.0,0.0,0,0.0,0.0,100.0,0.0,0,0.0,0.0,100.0,0.0,0,0.0,0.0,100.0,0.0,0,0.0,0.0,100.0,0.0,0,0.0,0.0,100.0,0.0,0
2026-06-19 12:32:46,352.76,0.0,0.0,100.0,0.0,0,0.0,0.0,100.0,0.0,0,0.0,0.0,100.0,0.0,0,0.0,0.0,100.0,0.0,0,0.0,0.0,100.0,0.0,0,0.0,0.0,100.0,0.0,0
2026-06-19 12:32:47,353.52,0.0,0.0,100.0,0.0,0,0.0,0.0,100.0,0.0,0,0.0,0.0,100.0,0.0,0,0.0,0.0,100.0,0.0,0,0.0,0.0,100.0,0.0,0,0.0,0.0,100.0,0.0,0
2026-06-19 12:32:48,354.32,0.0,0.0,100.0,0.0,0,0.0,0.0,100.0,0.0,0,0.0,0.0,100.0,0.0,0,0.0,0.0,100.0,0.0,0,0.0,0.0,100.0,0.0,0,0.0,0.0,100.0,0.0,0
2026-06-19 12:32:49,355.13,0.0,0.0,100.0,0.0,0,0.0,0.0,100.0,0.0,0,0.0,0.0,100.0,0.0,0,0.0,0.0,100.0,0.0,0,0.0,0.0,100.0,0.0,0,0.0,0.0,100.0,0.0,0
2026-06-19 12:32:50,355.89,0.0,0.0,100.0,0.0,0,0.0,0.0,100.0,0.0,0,0.0,0.0,100.0,0.0,0,0.0,0.0,100.0,0.0,0,0.0,0.0,100.0,0.0,0,0.0,0.0,100.0,0.0,0
2026-06-19 12:32:50,356.66,0.0,0.0,100.0,0.0,0,0.0,0.0,100.0,0.0,0,0.0,0.0,100.0,0.0,0,0.0,0.0,100.0,0.0,0,0.0,0.0,100.0,0.0,0,0.0,0.0,100.0,0.0,0
2026-06-19 12:32:51,357.43,0.0,0.0,100.0,0.0,0,0.0,0.0,100.0,0.0,0,0.0,0.0,100.0,0.0,0,0.0,0.0,100.0,0.0,0,0.0,0.0,100.0,0.0,0,0.0,0.0,100.0,0.0,0
2026-06-19 12:32:52,358.23,0.0,0.0,100.0,0.0,0,0.0,0.0,100.0,0.0,0,0.0,0.0,100.0,0.0,0,0.0,0.0,100.0,0.0,0,0.0,0.0,100.0,0.0,0,0.0,0.0,100.0,0.0,0
2026-06-19 12:32:53,359.0,0.0,0.0,100.0,0.0,0,0.0,0.0,100.0,0.0,0,0.0,0.0,100.0,0.0,0,0.0,0.0,100.0,0.0,0,0.0,0.0,100.0,0.0,0,0.0,0.0,100.0,0.0,0
2026-06-19 12:32:53,359.75,0.0,0.0,100.0,0.0,0,0.0,0.0,100.0,0.0,0,0.0,0.0,100.0,0.0,0,0.0,0.0,100.0,0.0,0,0.0,0.0,100.0,0.0,0,0.0,0.0,100.0,0.0,0
2026-06-19 12:32:54,360.54,0.0,0.0,100.0,0.0,0,0.0,0.0,100.0,0.0,0,0.0,0.0,100.0,0.0,0,0.0,0.0,100.0,0.0,0,0.0,0.0,100.0,0.0,0,0.0,0.0,100.0,0.0,0
2026-06-19 12:32:55,361.38,0.0,0.0,100.0,0.0,0,0.0,0.0,100.0,0.0,0,0.0,0.0,100.0,0.0,0,0.0,0.0,100.0,0.0,0,0.0,0.0,100.0,0.0,0,0.0,0.0,100.0,0.0,0
2026-06-19 12:32:56,362.12,0.0,0.0,100.0,0.0,0,0.0,0.0,100.0,0.0,0,0.0,0.0,100.0,0.0,0,0.0,0.0,100.0,0.0,0,0.0,0.0,100.0,0.0,0,0.0,0.0,100.0,0.0,0
2026-06-19 12:32:57,362.88,0.0,0.0,100.0,0.0,0,0.0,0.0,100.0,0.0,0,0.0,0.0,100.0,0.0,0,0.0,0.0,100.0,0.0,0,0.0,0.0,100.0,0.0,0,0.0,0.0,100.0,0.0,0
2026-06-19 12:32:57,363.65,0.0,0.0,100.0,0.0,0,0.0,0.0,100.0,0.0,0,0.0,0.0,100.0,0.0,0,0.0,0.0,100.0,0.0,0,0.0,0.0,100.0,0.0,0,0.0,0.0,100.0,0.0,0
2026-06-19 12:32:58,364.45,0.0,0.0,100.0,0.0,0,0.0,0.0,100.0,0.0,0,0.0,0.0,100.0,0.0,0,0.0,0.0,100.0,0.0,0,0.0,0.0,100.0,0.0,0,0.0,0.0,100.0,0.0,0
2026-06-19 12:32:59,365.24,0.0,0.0,100.0,0.0,0,0.0,0.0,100.0,0.0,0,0.0,0.0,100.0,0.0,0,0.0,0.0,100.0,0.0,0,0.0,0.0,100.0,0.0,0,0.0,0.0,100.0,0.0,0
2026-06-19 12:33:00,366.01,0.0,0.0,100.0,0.0,0,0.0,0.0,100.0,0.0,0,0.0,0.0,100.0,0.0,0,0.0,0.0,100.0,0.0,0,0.0,0.0,100.0,0.0,0,0.0,0.0,100.0,0.0,0
2026-06-19 12:33:01,366.8,0.0,0.0,100.0,0.0,0,0.0,0.0,100.0,0.0,0,0.0,0.0,100.0,0.0,0,0.0,0.0,100.0,0.0,0,0.0,0.0,100.0,0.0,0,0.0,0.0,100.0,0.0,0
2026-06-19 12:33:01,367.61,0.0,0.0,100.0,0.0,0,0.0,0.0,100.0,0.0,0,0.0,0.0,100.0,0.0,0,0.0,0.0,100.0,0.0,0,0.0,0.0,100.0,0.0,0,0.0,0.0,100.0,0.0,0
2026-06-19 12:33:02,368.39,0.0,0.0,100.0,0.0,0,0.0,0.0,100.0,0.0,0,0.0,0.0,100.0,0.0,0,0.0,0.0,100.0,0.0,0,0.0,0.0,100.0,0.0,0,0.0,0.0,100.0,0.0,0
2026-06-19 12:33:03,369.21,0.0,0.0,100.0,0.0,0,0.0,0.0,100.0,0.0,0,0.0,0.0,100.0,0.0,0,0.0,0.0,100.0,0.0,0,0.0,0.0,100.0,0.0,0,0.0,0.0,100.0,0.0,0
2026-06-19 12:33:04,369.99,0.0,0.0,100.0,0.0,0,0.0,0.0,100.0,0.0,0,0.0,0.0,100.0,0.0,0,0.0,0.0,100.0,0.0,0,0.0,0.0,100.0,0.0,0,0.0,0.0,100.0,0.0,0
2026-06-19 12:33:04,370.72,0.0,0.0,100.0,0.0,0,0.0,0.0,100.0,0.0,0,0.0,0.0,100.0,0.0,0,0.0,0.0,100.0,0.0,0,0.0,0.0,100.0,0.0,0,0.0,0.0,100.0,0.0,0
2026-06-19 12:33:05,371.46,0.0,0.0,100.0,0.0,0,0.0,0.0,100.0,0.0,0,0.0,0.0,100.0,0.0,0,0.0,0.0,100.0,0.0,0,0.0,0.0,100.0,0.0,0,0.0,0.0,100.0,0.0,0
2026-06-19 12:33:06,372.22,0.0,0.0,100.0,0.0,0,0.0,0.0,100.0,0.0,0,0.0,0.0,100.0,0.0,0,0.0,0.0,100.0,0.0,0,0.0,0.0,100.0,0.0,0,0.0,0.0,100.0,0.0,0
2026-06-19 12:33:07,372.98,0.0,0.0,100.0,0.0,0,0.0,0.0,100.0,0.0,0,0.0,0.0,100.0,0.0,0,0.0,0.0,100.0,0.0,0,0.0,0.0,100.0,0.0,0,0.0,0.0,100.0,0.0,0
2026-06-19 12:33:07,373.73,0.0,0.0,100.0,0.0,0,0.0,0.0,100.0,0.0,0,0.0,0.0,100.0,0.0,0,0.0,0.0,100.0,0.0,0,0.0,0.0,100.0,0.0,0,0.0,0.0,100.0,0.0,0
2026-06-19 12:33:08,374.49,0.0,0.0,100.0,0.0,0,0.0,0.0,100.0,0.0,0,0.0,0.0,100.0,0.0,0,0.0,0.0,100.0,0.0,0,0.0,0.0,100.0,0.0,0,0.0,0.0,100.0,0.0,0
2026-06-19 12:33:09,375.29,0.0,0.0,100.0,0.0,0,0.0,0.0,100.0,0.0,0,0.0,0.0,100.0,0.0,0,0.0,0.0,100.0,0.0,0,0.0,0.0,100.0,0.0,0,0.0,0.0,100.0,0.0,0
2026-06-19 12:33:10,376.03,0.0,0.0,100.0,0.0,0,0.0,0.0,100.0,0.0,0,0.0,0.0,100.0,0.0,0,0.0,0.0,100.0,0.0,0,0.0,0.0,100.0,0.0,0,0.0,0.0,100.0,0.0,0
2026-06-19 12:33:11,376.85,0.0,0.0,100.0,0.0,0,0.0,0.0,100.0,0.0,0,0.0,0.0,100.0,0.0,0,0.0,0.0,100.0,0.0,0,0.0,0.0,100.0,0.0,0,0.0,0.0,100.0,0.0,0
2026-06-19 12:33:11,377.61,0.0,0.0,100.0,0.0,0,0.0,0.0,100.0,0.0,0,0.0,0.0,100.0,0.0,0,0.0,0.0,100.0,0.0,0,0.0,0.0,100.0,0.0,0,0.0,0.0,100.0,0.0,0
2026-06-19 12:33:12,378.34,0.0,0.0,100.0,0.0,0,0.0,0.0,100.0,0.0,0,0.0,0.0,100.0,0.0,0,0.0,0.0,100.0,0.0,0,0.0,0.0,100.0,0.0,0,0.0,0.0,100.0,0.0,0
2026-06-19 12:33:13,379.08,0.0,0.0,100.0,0.0,0,0.0,0.0,100.0,0.0,0,0.0,0.0,100.0,0.0,0,0.0,0.0,100.0,0.0,0,0.0,0.0,100.0,0.0,0,0.0,0.0,100.0,0.0,0
2026-06-19 12:33:14,379.82,0.0,0.0,100.0,0.0,0,0.0,0.0,100.0,0.0,0,0.0,0.0,100.0,0.0,0,0.0,0.0,100.0,0.0,0,0.0,0.0,100.0,0.0,0,0.0,0.0,100.0,0.0,0
2026-06-19 12:33:14,380.54,0.0,0.0,100.0,0.0,0,0.0,0.0,100.0,0.0,0,0.0,0.0,100.0,0.0,0,0.0,0.0,100.0,0.0,0,0.0,0.0,100.0,0.0,0,0.0,0.0,100.0,0.0,0
2026-06-19 12:33:15,381.29,0.0,0.0,100.0,0.0,0,0.0,0.0,100.0,0.0,0,0.0,0.0,100.0,0.0,0,0.0,0.0,100.0,0.0,0,0.0,0.0,100.0,0.0,0,0.0,0.0,100.0,0.0,0
2026-06-19 12:33:16,382.02,0.0,0.0,100.0,0.0,0,0.0,0.0,100.0,0.0,0,0.0,0.0,100.0,0.0,0,0.0,0.0,100.0,0.0,0,0.0,0.0,100.0,0.0,0,0.0,0.0,100.0,0.0,0
2026-06-19 12:33:16,382.76,0.0,0.0,100.0,0.0,0,0.0,0.0,100.0,0.0,0,0.0,0.0,100.0,0.0,0,0.0,0.0,100.0,0.0,0,0.0,0.0,100.0,0.0,0,0.0,0.0,100.0,0.0,0
2026-06-19 12:33:17,383.53,0.0,0.0,100.0,0.0,0,0.0,0.0,100.0,0.0,0,0.0,0.0,100.0,0.0,0,0.0,0.0,100.0,0.0,0,0.0,0.0,100.0,0.0,0,0.0,0.0,100.0,0.0,0
2026-06-19 12:33:18,384.27,0.0,0.0,100.0,0.0,0,0.0,0.0,100.0,0.0,0,0.0,0.0,100.0,0.0,0,0.0,0.0,100.0,0.0,0,0.0,0.0,100.0,0.0,0,0.0,0.0,100.0,0.0,0
2026-06-19 12:33:19,385.02,0.0,0.0,100.0,0.0,0,0.0,0.0,100.0,0.0,0,0.0,0.0,100.0,0.0,0,0.0,0.0,100.0,0.0,0,0.0,0.0,100.0,0.0,0,0.0,0.0,100.0,0.0,0
2026-06-19 12:33:19,385.79,0.0,0.0,100.0,0.0,0,0.0,0.0,100.0,0.0,0,0.0,0.0,100.0,0.0,0,0.0,0.0,100.0,0.0,0,0.0,0.0,100.0,0.0,0,0.0,0.0,100.0,0.0,0
2026-06-19 12:33:20,386.53,0.0,0.0,100.0,0.0,0,0.0,0.0,100.0,0.0,0,0.0,0.0,100.0,0.0,0,0.0,0.0,100.0,0.0,0,0.0,0.0,100.0,0.0,0,0.0,0.0,100.0,0.0,0
2026-06-19 12:33:21,387.28,0.0,0.0,100.0,0.0,0,0.0,0.0,100.0,0.0,0,0.0,0.0,100.0,0.0,0,0.0,0.0,100.0,0.0,0,0.0,0.0,100.0,0.0,0,0.0,0.0,100.0,0.0,0
2026-06-19 12:33:22,388.02,0.0,0.0,100.0,0.0,0,0.0,0.0,100.0,0.0,0,0.0,0.0,100.0,0.0,0,0.0,0.0,100.0,0.0,0,0.0,0.0,100.0,0.0,0,0.0,0.0,100.0,0.0,0
2026-06-19 12:33:22,388.77,0.0,0.0,100.0,0.0,0,0.0,0.0,100.0,0.0,0,0.0,0.0,100.0,0.0,0,0.0,0.0,100.0,0.0,0,0.0,0.0,100.0,0.0,0,0.0,0.0,100.0,0.0,0
2026-06-19 12:33:23,389.51,0.0,0.0,100.0,0.0,0,0.0,0.0,100.0,0.0,0,0.0,0.0,100.0,0.0,0,0.0,0.0,100.0,0.0,0,0.0,0.0,100.0,0.0,0,0.0,0.0,100.0,0.0,0
2026-06-19 12:33:24,390.28,0.0,0.0,100.0,0.0,0,0.0,0.0,100.0,0.0,0,0.0,0.0,100.0,0.0,0,0.0,0.0,100.0,0.0,0,0.0,0.0,100.0,0.0,0,0.0,0.0,100.0,0.0,0
2026-06-19 12:33:25,391.08,0.0,0.0,100.0,0.0,0,0.0,0.0,100.0,0.0,0,0.0,0.0,100.0,0.0,0,0.0,0.0,100.0,0.0,0,0.0,0.0,100.0,0.0,0,0.0,0.0,100.0,0.0,0
2026-06-19 12:33:26,391.84,0.0,0.0,100.0,0.0,0,0.0,0.0,100.0,0.0,0,0.0,0.0,100.0,0.0,0,0.0,0.0,100.0,0.0,0,0.0,0.0,100.0,0.0,0,0.0,0.0,100.0,0.0,0
2026-06-19 12:33:26,392.6,0.0,0.0,100.0,0.0,0,0.0,0.0,100.0,0.0,0,0.0,0.0,100.0,0.0,0,0.0,0.0,100.0,0.0,0,0.0,0.0,100.0,0.0,0,0.0,0.0,100.0,0.0,0
2026-06-19 12:33:27,393.36,0.0,0.0,100.0,0.0,0,0.0,0.0,100.0,0.0,0,0.0,0.0,100.0,0.0,0,0.0,0.0,100.0,0.0,0,0.0,0.0,100.0,0.0,0,0.0,0.0,100.0,0.0,0
2026-06-19 12:33:28,394.11,0.0,0.0,100.0,0.0,0,0.0,0.0,100.0,0.0,0,0.0,0.0,100.0,0.0,0,0.0,0.0,100.0,0.0,0,0.0,0.0,100.0,0.0,0,0.0,0.0,100.0,0.0,0
2026-06-19 12:33:29,394.88,0.0,0.0,100.0,0.0,0,0.0,0.0,100.0,0.0,0,0.0,0.0,100.0,0.0,0,0.0,0.0,100.0,0.0,0,0.0,0.0,100.0,0.0,0,0.0,0.0,100.0,0.0,0
2026-06-19 12:33:29,395.67,0.0,0.0,100.0,0.0,0,0.0,0.0,100.0,0.0,0,0.0,0.0,100.0,0.0,0,0.0,0.0,100.0,0.0,0,0.0,0.0,100.0,0.0,0,0.0,0.0,100.0,0.0,0
2026-06-19 12:33:30,396.44,0.0,0.0,100.0,0.0,0,0.0,0.0,100.0,0.0,0,0.0,0.0,100.0,0.0,0,0.0,0.0,100.0,0.0,0,0.0,0.0,100.0,0.0,0,0.0,0.0,100.0,0.0,0
2026-06-19 12:33:31,397.23,0.0,0.0,100.0,0.0,0,0.0,0.0,100.0,0.0,0,0.0,0.0,100.0,0.0,0,0.0,0.0,100.0,0.0,0,0.0,0.0,100.0,0.0,0,0.0,0.0,100.0,0.0,0
2026-06-19 12:33:32,397.96,0.0,0.0,100.0,0.0,0,0.0,0.0,100.0,0.0,0,0.0,0.0,100.0,0.0,0,0.0,0.0,100.0,0.0,0,0.0,0.0,100.0,0.0,0,0.0,0.0,100.0,0.0,0
2026-06-19 12:33:32,398.7,0.0,0.0,100.0,0.0,0,0.0,0.0,100.0,0.0,0,0.0,0.0,100.0,0.0,0,0.0,0.0,100.0,0.0,0,0.0,0.0,100.0,0.0,0,0.0,0.0,100.0,0.0,0
2026-06-19 12:33:33,399.44,0.0,0.0,100.0,0.0,0,0.0,0.0,100.0,0.0,0,0.0,0.0,100.0,0.0,0,0.0,0.0,100.0,0.0,0,0.0,0.0,100.0,0.0,0,0.0,0.0,100.0,0.0,0
2026-06-19 12:33:34,400.17,0.0,0.0,100.0,0.0,0,0.0,0.0,100.0,0.0,0,0.0,0.0,100.0,0.0,0,0.0,0.0,100.0,0.0,0,0.0,0.0,100.0,0.0,0,0.0,0.0,100.0,0.0,0
2026-06-19 12:33:35,400.91,0.0,0.0,100.0,0.0,0,0.0,0.0,100.0,0.0,0,0.0,0.0,100.0,0.0,0,0.0,0.0,100.0,0.0,0,0.0,0.0,100.0,0.0,0,0.0,0.0,100.0,0.0,0
2026-06-19 12:33:35,401.65,0.0,0.0,100.0,0.0,0,0.0,0.0,100.0,0.0,0,0.0,0.0,100.0,0.0,0,0.0,0.0,100.0,0.0,0,0.0,0.0,100.0,0.0,0,0.0,0.0,100.0,0.0,0
2026-06-19 12:33:36,402.4,0.0,0.0,100.0,0.0,0,0.0,0.0,100.0,0.0,0,0.0,0.0,100.0,0.0,0,0.0,0.0,100.0,0.0,0,0.0,0.0,100.0,0.0,0,0.0,0.0,100.0,0.0,0
2026-06-19 12:33:37,403.14,0.0,0.0,100.0,0.0,0,0.0,0.0,100.0,0.0,0,0.0,0.0,100.0,0.0,0,0.0,0.0,100.0,0.0,0,0.0,0.0,100.0,0.0,0,0.0,0.0,100.0,0.0,0
2026-06-19 12:33:38,403.88,0.0,0.0,100.0,0.0,0,0.0,0.0,100.0,0.0,0,0.0,0.0,100.0,0.0,0,0.0,0.0,100.0,0.0,0,0.0,0.0,100.0,0.0,0,0.0,0.0,100.0,0.0,0
2026-06-19 12:33:38,404.61,0.0,0.0,100.0,0.0,0,0.0,0.0,100.0,0.0,0,0.0,0.0,100.0,0.0,0,0.0,0.0,100.0,0.0,0,0.0,0.0,100.0,0.0,0,0.0,0.0,100.0,0.0,0
2026-06-19 12:33:39,405.42,0.0,0.0,100.0,0.0,0,0.0,0.0,100.0,0.0,0,0.0,0.0,100.0,0.0,0,0.0,0.0,100.0,0.0,0,0.0,0.0,100.0,0.0,0,0.0,0.0,100.0,0.0,0
2026-06-19 12:33:40,406.15,0.0,0.0,100.0,0.0,0,0.0,0.0,100.0,0.0,0,0.0,0.0,100.0,0.0,0,0.0,0.0,100.0,0.0,0,0.0,0.0,100.0,0.0,0,0.0,0.0,100.0,0.0,0
2026-06-19 12:33:41,406.9,0.0,0.0,100.0,0.0,0,0.0,0.0,100.0,0.0,0,0.0,0.0,100.0,0.0,0,0.0,0.0,100.0,0.0,0,0.0,0.0,100.0,0.0,0,0.0,0.0,100.0,0.0,0
2026-06-19 12:33:41,407.64,0.0,0.0,100.0,0.0,0,0.0,0.0,100.0,0.0,0,0.0,0.0,100.0,0.0,0,0.0,0.0,100.0,0.0,0,0.0,0.0,100.0,0.0,0,0.0,0.0,100.0,0.0,0
2026-06-19 12:33:42,408.37,0.0,0.0,100.0,0.0,0,0.0,0.0,100.0,0.0,0,0.0,0.0,100.0,0.0,0,0.0,0.0,100.0,0.0,0,0.0,0.0,100.0,0.0,0,0.0,0.0,100.0,0.0,0
2026-06-19 12:33:43,409.1,0.0,0.0,100.0,0.0,0,0.0,0.0,100.0,0.0,0,0.0,0.0,100.0,0.0,0,0.0,0.0,100.0,0.0,0,0.0,0.0,100.0,0.0,0,0.0,0.0,100.0,0.0,0
2026-06-19 12:33:44,409.87,0.0,0.0,100.0,0.0,0,0.0,0.0,100.0,0.0,0,0.0,0.0,100.0,0.0,0,0.0,0.0,100.0,0.0,0,0.0,0.0,100.0,0.0,0,0.0,0.0,100.0,0.0,0
2026-06-19 12:33:44,410.62,0.0,0.0,100.0,0.0,0,0.0,0.0,100.0,0.0,0,0.0,0.0,100.0,0.0,0,0.0,0.0,100.0,0.0,0,0.0,0.0,100.0,0.0,0,0.0,0.0,100.0,0.0,0
2026-06-19 12:33:45,411.38,0.0,0.0,100.0,0.0,0,0.0,0.0,100.0,0.0,0,0.0,0.0,100.0,0.0,0,0.0,0.0,100.0,0.0,0,0.0,0.0,100.0,0.0,0,0.0,0.0,100.0,0.0,0
2026-06-19 12:33:46,412.14,0.0,0.0,100.0,0.0,0,0.0,0.0,100.0,0.0,0,0.0,0.0,100.0,0.0,0,0.0,0.0,100.0,0.0,0,0.0,0.0,100.0,0.0,0,0.0,0.0,100.0,0.0,0
2026-06-19 12:33:47,412.9,0.0,0.0,100.0,0.0,0,0.0,0.0,100.0,0.0,0,0.0,0.0,100.0,0.0,0,0.0,0.0,100.0,0.0,0,0.0,0.0,100.0,0.0,0,0.0,0.0,100.0,0.0,0
2026-06-19 12:33:47,413.69,0.0,0.0,100.0,0.0,0,0.0,0.0,100.0,0.0,0,0.0,0.0,100.0,0.0,0,0.0,0.0,100.0,0.0,0,0.0,0.0,100.0,0.0,0,0.0,0.0,100.0,0.0,0
2026-06-19 12:33:48,414.45,0.0,0.0,100.0,0.0,0,0.0,0.0,100.0,0.0,0,0.0,0.0,100.0,0.0,0,0.0,0.0,100.0,0.0,0,0.0,0.0,100.0,0.0,0,0.0,0.0,100.0,0.0,0
2026-06-19 12:33:49,415.2,0.0,0.0,100.0,0.0,0,0.0,0.0,100.0,0.0,0,0.0,0.0,100.0,0.0,0,0.0,0.0,100.0,0.0,0,0.0,0.0,100.0,0.0,0,0.0,0.0,100.0,0.0,0
2026-06-19 12:33:50,415.96,0.0,0.0,100.0,0.0,0,0.0,0.0,100.0,0.0,0,0.0,0.0,100.0,0.0,0,0.0,0.0,100.0,0.0,0,0.0,0.0,100.0,0.0,0,0.0,0.0,100.0,0.0,0
2026-06-19 12:33:50,416.72,0.0,0.0,100.0,0.0,0,0.0,0.0,100.0,0.0,0,0.0,0.0,100.0,0.0,0,0.0,0.0,100.0,0.0,0,0.0,0.0,100.0,0.0,0,0.0,0.0,100.0,0.0,0
2026-06-19 12:33:51,417.51,0.0,0.0,100.0,0.0,0,0.0,0.0,100.0,0.0,0,0.0,0.0,100.0,0.0,0,0.0,0.0,100.0,0.0,0,0.0,0.0,100.0,0.0,0,0.0,0.0,100.0,0.0,0
2026-06-19 12:33:52,418.26,0.0,0.0,100.0,0.0,0,0.0,0.0,100.0,0.0,0,0.0,0.0,100.0,0.0,0,0.0,0.0,100.0,0.0,0,0.0,0.0,100.0,0.0,0,0.0,0.0,100.0,0.0,0
2026-06-19 12:33:53,419.04,0.0,0.0,100.0,0.0,0,0.0,0.0,100.0,0.0,0,0.0,0.0,100.0,0.0,0,0.0,0.0,100.0,0.0,0,0.0,0.0,100.0,0.0,0,0.0,0.0,100.0,0.0,0
2026-06-19 12:33:54,419.86,0.0,0.0,100.0,0.0,0,0.0,0.0,100.0,0.0,0,0.0,0.0,100.0,0.0,0,0.0,0.0,100.0,0.0,0,0.0,0.0,100.0,0.0,0,0.0,0.0,100.0,0.0,0
2026-06-19 12:33:54,420.63,0.0,0.0,100.0,0.0,0,0.0,0.0,100.0,0.0,0,0.0,0.0,100.0,0.0,0,0.0,0.0,100.0,0.0,0,0.0,0.0,100.0,0.0,0,0.0,0.0,100.0,0.0,0
2026-06-19 12:33:55,421.38,0.0,0.0,100.0,0.0,0,0.0,0.0,100.0,0.0,0,0.0,0.0,100.0,0.0,0,0.0,0.0,100.0,0.0,0,0.0,0.0,100.0,0.0,0,0.0,0.0,100.0,0.0,0
2026-06-19 12:33:56,422.16,0.0,0.0,100.0,0.0,0,0.0,0.0,100.0,0.0,0,0.0,0.0,100.0,0.0,0,0.0,0.0,100.0,0.0,0,0.0,0.0,100.0,0.0,0,0.0,0.0,100.0,0.0,0
2026-06-19 12:33:57,422.9,0.0,0.0,100.0,0.0,0,0.0,0.0,100.0,0.0,0,0.0,0.0,100.0,0.0,0,0.0,0.0,100.0,0.0,0,0.0,0.0,100.0,0.0,0,0.0,0.0,100.0,0.0,0
2026-06-19 12:33:57,423.67,0.0,0.0,100.0,0.0,0,0.0,0.0,100.0,0.0,0,0.0,0.0,100.0,0.0,0,0.0,0.0,100.0,0.0,0,0.0,0.0,100.0,0.0,0,0.0,0.0,100.0,0.0,0
2026-06-19 12:33:58,424.42,0.0,0.0,100.0,0.0,0,0.0,0.0,100.0,0.0,0,0.0,0.0,100.0,0.0,0,0.0,0.0,100.0,0.0,0,0.0,0.0,100.0,0.0,0,0.0,0.0,100.0,0.0,0
2026-06-19 12:33:59,425.24,0.0,0.0,100.0,0.0,0,0.0,0.0,100.0,0.0,0,0.0,0.0,100.0,0.0,0,0.0,0.0,100.0,0.0,0,0.0,0.0,100.0,0.0,0,0.0,0.0,100.0,0.0,0
2026-06-19 12:34:00,426.03,0.0,0.0,100.0,0.0,0,0.0,0.0,100.0,0.0,0,0.0,0.0,100.0,0.0,0,0.0,0.0,100.0,0.0,0,0.0,0.0,100.0,0.0,0,0.0,0.0,100.0,0.0,0
2026-06-19 12:34:00,426.78,0.0,0.0,100.0,0.0,0,0.0,0.0,100.0,0.0,0,0.0,0.0,100.0,0.0,0,0.0,0.0,100.0,0.0,0,0.0,0.0,100.0,0.0,0,0.0,0.0,100.0,0.0,0
2026-06-19 12:34:01,427.54,0.0,0.0,100.0,0.0,0,0.0,0.0,100.0,0.0,0,0.0,0.0,100.0,0.0,0,0.0,0.0,100.0,0.0,0,0.0,0.0,100.0,0.0,0,0.0,0.0,100.0,0.0,0
2026-06-19 12:34:02,428.33,0.0,0.0,100.0,0.0,0,0.0,0.0,100.0,0.0,0,0.0,0.0,100.0,0.0,0,0.0,0.0,100.0,0.0,0,0.0,0.0,100.0,0.0,0,0.0,0.0,100.0,0.0,0
2026-06-19 12:34:03,429.13,0.0,0.0,100.0,0.0,0,0.0,0.0,100.0,0.0,0,0.0,0.0,100.0,0.0,0,0.0,0.0,100.0,0.0,0,0.0,0.0,100.0,0.0,0,0.0,0.0,100.0,0.0,0
2026-06-19 12:34:04,429.85,0.0,0.0,100.0,0.0,0,0.0,0.0,100.0,0.0,0,0.0,0.0,100.0,0.0,0,0.0,0.0,100.0,0.0,0,0.0,0.0,100.0,0.0,0,0.0,0.0,100.0,0.0,0
2026-06-19 12:34:04,430.63,0.0,0.0,100.0,0.0,0,0.0,0.0,100.0,0.0,0,0.0,0.0,100.0,0.0,0,0.0,0.0,100.0,0.0,0,0.0,0.0,100.0,0.0,0,0.0,0.0,100.0,0.0,0
2026-06-19 12:34:05,431.43,0.0,0.0,100.0,0.0,0,0.0,0.0,100.0,0.0,0,0.0,0.0,100.0,0.0,0,0.0,0.0,100.0,0.0,0,0.0,0.0,100.0,0.0,0,0.0,0.0,100.0,0.0,0
2026-06-19 12:34:06,432.21,0.0,0.0,100.0,0.0,0,0.0,0.0,100.0,0.0,0,0.0,0.0,100.0,0.0,0,0.0,0.0,100.0,0.0,0,0.0,0.0,100.0,0.0,0,0.0,0.0,100.0,0.0,0
2026-06-19 12:34:07,432.99,0.0,0.0,100.0,0.0,0,0.0,0.0,100.0,0.0,0,0.0,0.0,100.0,0.0,0,0.0,0.0,100.0,0.0,0,0.0,0.0,100.0,0.0,0,0.0,0.0,100.0,0.0,0
2026-06-19 12:34:07,433.74,0.0,0.0,100.0,0.0,0,0.0,0.0,100.0,0.0,0,0.0,0.0,100.0,0.0,0,0.0,0.0,100.0,0.0,0,0.0,0.0,100.0,0.0,0,0.0,0.0,100.0,0.0,0
2026-06-19 12:34:08,434.5,0.0,0.0,100.0,0.0,0,0.0,0.0,100.0,0.0,0,0.0,0.0,100.0,0.0,0,0.0,0.0,100.0,0.0,0,0.0,0.0,100.0,0.0,0,0.0,0.0,100.0,0.0,0
2026-06-19 12:34:09,435.36,0.0,0.0,100.0,0.0,0,0.0,0.0,100.0,0.0,0,0.0,0.0,100.0,0.0,0,0.0,0.0,100.0,0.0,0,0.0,0.0,100.0,0.0,0,0.0,0.0,100.0,0.0,0
2026-06-19 12:34:10,436.11,0.0,0.0,100.0,0.0,0,0.0,0.0,100.0,0.0,0,0.0,0.0,100.0,0.0,0,0.0,0.0,100.0,0.0,0,0.0,0.0,100.0,0.0,0,0.0,0.0,100.0,0.0,0
2026-06-19 12:34:11,436.9,0.0,0.0,100.0,0.0,0,0.0,0.0,100.0,0.0,0,0.0,0.0,100.0,0.0,0,0.0,0.0,100.0,0.0,0,0.0,0.0,100.0,0.0,0,0.0,0.0,100.0,0.0,0
2026-06-19 12:34:11,437.65,0.0,0.0,100.0,0.0,0,0.0,0.0,100.0,0.0,0,0.0,0.0,100.0,0.0,0,0.0,0.0,100.0,0.0,0,0.0,0.0,100.0,0.0,0,0.0,0.0,100.0,0.0,0
2026-06-19 12:34:12,438.39,0.0,0.0,100.0,0.0,0,0.0,0.0,100.0,0.0,0,0.0,0.0,100.0,0.0,0,0.0,0.0,100.0,0.0,0,0.0,0.0,100.0,0.0,0,0.0,0.0,100.0,0.0,0
2026-06-19 12:34:13,439.13,0.0,0.0,100.0,0.0,0,0.0,0.0,100.0,0.0,0,0.0,0.0,100.0,0.0,0,0.0,0.0,100.0,0.0,0,0.0,0.0,100.0,0.0,0,0.0,0.0,100.0,0.0,0
2026-06-19 12:34:14,439.91,0.0,0.0,100.0,0.0,0,0.0,0.0,100.0,0.0,0,0.0,0.0,100.0,0.0,0,0.0,0.0,100.0,0.0,0,0.0,0.0,100.0,0.0,0,0.0,0.0,100.0,0.0,0
2026-06-19 12:34:14,440.67,0.0,0.0,100.0,0.0,0,0.0,0.0,100.0,0.0,0,0.0,0.0,100.0,0.0,0,0.0,0.0,100.0,0.0,0,0.0,0.0,100.0,0.0,0,0.0,0.0,100.0,0.0,0
2026-06-19 12:34:15,441.43,0.0,0.0,100.0,0.0,0,0.0,0.0,100.0,0.0,0,0.0,0.0,100.0,0.0,0,0.0,0.0,100.0,0.0,0,0.0,0.0,100.0,0.0,0,0.0,0.0,100.0,0.0,0
2026-06-19 12:34:16,442.19,0.0,0.0,100.0,0.0,0,0.0,0.0,100.0,0.0,0,0.0,0.0,100.0,0.0,0,0.0,0.0,100.0,0.0,0,0.0,0.0,100.0,0.0,0,0.0,0.0,100.0,0.0,0
2026-06-19 12:34:17,442.96,0.0,0.0,100.0,0.0,0,0.0,0.0,100.0,0.0,0,0.0,0.0,100.0,0.0,0,0.0,0.0,100.0,0.0,0,0.0,0.0,100.0,0.0,0,0.0,0.0,100.0,0.0,0
2026-06-19 12:34:17,443.46,0.0,0.0,100.0,0.0,0,0.0,0.0,100.0,0.0,0,0.0,0.0,100.0,0.0,0,0.0,0.0,100.0,0.0,0,0.0,0.0,100.0,0.0,0,0.0,0.0,100.0,0.0,0
2026-06-19 12:34:18,444.19,0.0,0.0,100.0,0.0,0,0.0,0.0,100.0,0.0,0,0.0,0.0,100.0,0.0,0,0.0,0.0,100.0,0.0,0,0.0,0.0,100.0,0.0,0,0.0,0.0,100.0,0.0,0
2026-06-19 12:34:19,444.92,0.0,0.0,100.0,0.0,0,0.0,0.0,100.0,0.0,0,0.0,0.0,100.0,0.0,0,0.0,0.0,100.0,0.0,0,0.0,0.0,100.0,0.0,0,0.0,0.0,100.0,0.0,0
2026-06-19 12:34:19,445.66,0.0,0.0,100.0,0.0,0,0.0,0.0,100.0,0.0,0,0.0,0.0,100.0,0.0,0,0.0,0.0,100.0,0.0,0,0.0,0.0,100.0,0.0,0,0.0,0.0,100.0,0.0,0
2026-06-19 12:34:20,446.42,0.0,0.0,100.0,0.0,0,0.0,0.0,100.0,0.0,0,0.0,0.0,100.0,0.0,0,0.0,0.0,100.0,0.0,0,0.0,0.0,100.0,0.0,0,0.0,0.0,100.0,0.0,0
2026-06-19 12:34:21,447.14,0.0,0.0,100.0,0.0,0,0.0,0.0,100.0,0.0,0,0.0,0.0,100.0,0.0,0,0.0,0.0,100.0,0.0,0,0.0,0.0,100.0,0.0,0,0.0,0.0,100.0,0.0,0
2026-06-19 12:34:22,447.89,0.0,0.0,100.0,0.0,0,0.0,0.0,100.0,0.0,0,0.0,0.0,100.0,0.0,0,0.0,0.0,100.0,0.0,0,0.0,0.0,100.0,0.0,0,0.0,0.0,100.0,0.0,0
2026-06-19 12:34:22,448.63,0.0,0.0,100.0,0.0,0,0.0,0.0,100.0,0.0,0,0.0,0.0,100.0,0.0,0,0.0,0.0,100.0,0.0,0,0.0,0.0,100.0,0.0,0,0.0,0.0,100.0,0.0,0
2026-06-19 12:34:23,449.37,0.0,0.0,100.0,0.0,0,0.0,0.0,100.0,0.0,0,0.0,0.0,100.0,0.0,0,0.0,0.0,100.0,0.0,0,0.0,0.0,100.0,0.0,0,0.0,0.0,100.0,0.0,0
2026-06-19 12:34:24,449.85,0.0,0.0,100.0,0.0,0,0.0,0.0,100.0,0.0,0,0.0,0.0,100.0,0.0,0,0.0,0.0,100.0,0.0,0,0.0,0.0,100.0,0.0,0,0.0,0.0,100.0,0.0,0
2026-06-19 12:34:24,450.61,0.0,0.0,100.0,0.0,0,0.0,0.0,100.0,0.0,0,0.0,0.0,100.0,0.0,0,0.0,0.0,100.0,0.0,0,0.0,0.0,100.0,0.0,0,0.0,0.0,100.0,0.0,0
2026-06-19 12:34:25,451.35,0.0,0.0,100.0,0.0,0,0.0,0.0,100.0,0.0,0,0.0,0.0,100.0,0.0,0,0.0,0.0,100.0,0.0,0,0.0,0.0,100.0,0.0,0,0.0,0.0,100.0,0.0,0
2026-06-19 12:34:26,452.09,0.0,0.0,100.0,0.0,0,0.0,0.0,100.0,0.0,0,0.0,0.0,100.0,0.0,0,0.0,0.0,100.0,0.0,0,0.0,0.0,100.0,0.0,0,0.0,0.0,100.0,0.0,0
2026-06-19 12:34:27,452.84,0.0,0.0,100.0,0.0,0,0.0,0.0,100.0,0.0,0,0.0,0.0,100.0,0.0,0,0.0,0.0,100.0,0.0,0,0.0,0.0,100.0,0.0,0,0.0,0.0,100.0,0.0,0
2026-06-19 12:34:27,453.59,0.0,0.0,100.0,0.0,0,0.0,0.0,100.0,0.0,0,0.0,0.0,100.0,0.0,0,0.0,0.0,100.0,0.0,0,0.0,0.0,100.0,0.0,0,0.0,0.0,100.0,0.0,0
2026-06-19 12:34:28,454.35,0.0,0.0,100.0,0.0,0,0.0,0.0,100.0,0.0,0,0.0,0.0,100.0,0.0,0,0.0,0.0,100.0,0.0,0,0.0,0.0,100.0,0.0,0,0.0,0.0,100.0,0.0,0
2026-06-19 12:34:29,455.09,0.0,0.0,100.0,0.0,0,0.0,0.0,100.0,0.0,0,0.0,0.0,100.0,0.0,0,0.0,0.0,100.0,0.0,0,0.0,0.0,100.0,0.0,0,0.0,0.0,100.0,0.0,0
2026-06-19 12:34:29,455.51,0.0,0.0,100.0,0.0,0,0.0,0.0,100.0,0.0,0,0.0,0.0,100.0,0.0,0,0.0,0.0,100.0,0.0,0,0.0,0.0,100.0,0.0,0,0.0,0.0,100.0,0.0,0
2026-06-19 12:34:30,456.26,0.0,0.0,100.0,0.0,0,0.0,0.0,100.0,0.0,0,0.0,0.0,100.0,0.0,0,0.0,0.0,100.0,0.0,0,0.0,0.0,100.0,0.0,0,0.0,0.0,100.0,0.0,0
2026-06-19 12:34:31,456.99,0.0,0.0,100.0,0.0,0,0.0,0.0,100.0,0.0,0,0.0,0.0,100.0,0.0,0,0.0,0.0,100.0,0.0,0,0.0,0.0,100.0,0.0,0,0.0,0.0,100.0,0.0,0
2026-06-19 12:34:31,457.73,0.0,0.0,100.0,0.0,0,0.0,0.0,100.0,0.0,0,0.0,0.0,100.0,0.0,0,0.0,0.0,100.0,0.0,0,0.0,0.0,100.0,0.0,0,0.0,0.0,100.0,0.0,0
2026-06-19 12:34:32,458.45,0.0,0.0,100.0,0.0,0,0.0,0.0,100.0,0.0,0,0.0,0.0,100.0,0.0,0,0.0,0.0,100.0,0.0,0,0.0,0.0,100.0,0.0,0,0.0,0.0,100.0,0.0,0
2026-06-19 12:34:32,458.61,0.0,0.0,100.0,0.0,0,0.0,0.0,100.0,0.0,0,0.0,0.0,100.0,0.0,0,0.0,0.0,100.0,0.0,0,0.0,0.0,100.0,0.0,0,0.0,0.0,100.0,0.0,0
2026-06-19 12:34:33,459.4,0.0,0.0,100.0,0.0,0,0.0,0.0,100.0,0.0,0,0.0,0.0,100.0,0.0,0,0.0,0.0,100.0,0.0,0,0.0,0.0,100.0,0.0,0,0.0,0.0,100.0,0.0,0
2026-06-19 12:34:34,460.14,0.0,0.0,100.0,0.0,0,0.0,0.0,100.0,0.0,0,0.0,0.0,100.0,0.0,0,0.0,0.0,100.0,0.0,0,0.0,0.0,100.0,0.0,0,0.0,0.0,100.0,0.0,0
2026-06-19 12:34:35,460.9,0.0,0.0,100.0,0.0,0,0.0,0.0,100.0,0.0,0,0.0,0.0,100.0,0.0,0,0.0,0.0,100.0,0.0,0,0.0,0.0,100.0,0.0,0,0.0,0.0,100.0,0.0,0
2026-06-19 12:34:35,461.13,0.0,0.0,100.0,0.0,0,0.0,0.0,100.0,0.0,0,0.0,0.0,100.0,0.0,0,0.0,0.0,100.0,0.0,0,0.0,0.0,100.0,0.0,0,0.0,0.0,100.0,0.0,0
2026-06-19 12:34:36,461.88,0.0,0.0,100.0,0.0,0,0.0,0.0,100.0,0.0,0,0.0,0.0,100.0,0.0,0,0.0,0.0,100.0,0.0,0,0.0,0.0,100.0,0.0,0,0.0,0.0,100.0,0.0,0
2026-06-19 12:34:36,462.65,0.0,0.0,100.0,0.0,0,0.0,0.0,100.0,0.0,0,0.0,0.0,100.0,0.0,0,0.0,0.0,100.0,0.0,0,0.0,0.0,100.0,0.0,0,0.0,0.0,100.0,0.0,0
2026-06-19 12:34:37,463.41,0.0,0.0,100.0,0.0,0,0.0,0.0,100.0,0.0,0,0.0,0.0,100.0,0.0,0,0.0,0.0,100.0,0.0,0,0.0,0.0,100.0,0.0,0,0.0,0.0,100.0,0.0,0
2026-06-19 12:34:38,464.16,0.0,0.0,100.0,0.0,0,0.0,0.0,100.0,0.0,0,0.0,0.0,100.0,0.0,0,0.0,0.0,100.0,0.0,0,0.0,0.0,100.0,0.0,0,0.0,0.0,100.0,0.0,0
2026-06-19 12:34:39,464.93,0.0,0.0,100.0,0.0,0,0.0,0.0,100.0,0.0,0,0.0,0.0,100.0,0.0,0,0.0,0.0,100.0,0.0,0,0.0,0.0,100.0,0.0,0,0.0,0.0,100.0,0.0,0
2026-06-19 12:34:39,465.66,0.0,0.0,100.0,0.0,0,0.0,0.0,100.0,0.0,0,0.0,0.0,100.0,0.0,0,0.0,0.0,100.0,0.0,0,0.0,0.0,100.0,0.0,0,0.0,0.0,100.0,0.0,0
2026-06-19 12:34:40,466.4,0.0,0.0,100.0,0.0,0,0.0,0.0,100.0,0.0,0,0.0,0.0,100.0,0.0,0,0.0,0.0,100.0,0.0,0,0.0,0.0,100.0,0.0,0,0.0,0.0,100.0,0.0,0
2026-06-19 12:34:41,467.13,0.0,0.0,100.0,0.0,0,0.0,0.0,100.0,0.0,0,0.0,0.0,100.0,0.0,0,0.0,0.0,100.0,0.0,0,0.0,0.0,100.0,0.0,0,0.0,0.0,100.0,0.0,0
2026-06-19 12:34:42,467.86,0.0,0.0,100.0,0.0,0,0.0,0.0,100.0,0.0,0,0.0,0.0,100.0,0.0,0,0.0,0.0,100.0,0.0,0,0.0,0.0,100.0,0.0,0,0.0,0.0,100.0,0.0,0
2026-06-19 12:34:42,468.62,0.0,0.0,100.0,0.0,0,0.0,0.0,100.0,0.0,0,0.0,0.0,100.0,0.0,0,0.0,0.0,100.0,0.0,0,0.0,0.0,100.0,0.0,0,0.0,0.0,100.0,0.0,0
2026-06-19 12:34:43,469.36,0.0,0.0,100.0,0.0,0,0.0,0.0,100.0,0.0,0,0.0,0.0,100.0,0.0,0,0.0,0.0,100.0,0.0,0,0.0,0.0,100.0,0.0,0,0.0,0.0,100.0,0.0,0
2026-06-19 12:34:44,470.09,0.0,0.0,100.0,0.0,0,0.0,0.0,100.0,0.0,0,0.0,0.0,100.0,0.0,0,0.0,0.0,100.0,0.0,0,0.0,0.0,100.0,0.0,0,0.0,0.0,100.0,0.0,0
2026-06-19 12:34:45,470.84,0.0,0.0,100.0,0.0,0,0.0,0.0,100.0,0.0,0,0.0,0.0,100.0,0.0,0,0.0,0.0,100.0,0.0,0,0.0,0.0,100.0,0.0,0,0.0,0.0,100.0,0.0,0
2026-06-19 12:34:45,471.59,0.0,0.0,100.0,0.0,0,0.0,0.0,100.0,0.0,0,0.0,0.0,100.0,0.0,0,0.0,0.0,100.0,0.0,0,0.0,0.0,100.0,0.0,0,0.0,0.0,100.0,0.0,0
2026-06-19 12:34:46,472.34,0.0,0.0,100.0,0.0,0,0.0,0.0,100.0,0.0,0,0.0,0.0,100.0,0.0,0,0.0,0.0,100.0,0.0,0,0.0,0.0,100.0,0.0,0,0.0,0.0,100.0,0.0,0
2026-06-19 12:34:47,473.12,0.0,0.0,100.0,0.0,0,0.0,0.0,100.0,0.0,0,0.0,0.0,100.0,0.0,0,0.0,0.0,100.0,0.0,0,0.0,0.0,100.0,0.0,0,0.0,0.0,100.0,0.0,0
2026-06-19 12:34:48,473.86,0.0,0.0,100.0,0.0,0,0.0,0.0,100.0,0.0,0,0.0,0.0,100.0,0.0,0,0.0,0.0,100.0,0.0,0,0.0,0.0,100.0,0.0,0,0.0,0.0,100.0,0.0,0
2026-06-19 12:34:48,474.6,0.0,0.0,100.0,0.0,0,0.0,0.0,100.0,0.0,0,0.0,0.0,100.0,0.0,0,0.0,0.0,100.0,0.0,0,0.0,0.0,100.0,0.0,0,0.0,0.0,100.0,0.0,0
2026-06-19 12:34:49,475.33,0.0,0.0,100.0,0.0,0,0.0,0.0,100.0,0.0,0,0.0,0.0,100.0,0.0,0,0.0,0.0,100.0,0.0,0,0.0,0.0,100.0,0.0,0,0.0,0.0,100.0,0.0,0
2026-06-19 12:34:49,475.77,0.0,0.0,100.0,0.0,0,0.0,0.0,100.0,0.0,0,0.0,0.0,100.0,0.0,0,0.0,0.0,100.0,0.0,0,0.0,0.0,100.0,0.0,0,0.0,0.0,100.0,0.0,0
2026-06-19 12:34:50,476.5,0.0,0.0,100.0,0.0,0,0.0,0.0,100.0,0.0,0,0.0,0.0,100.0,0.0,0,0.0,0.0,100.0,0.0,0,0.0,0.0,100.0,0.0,0,0.0,0.0,100.0,0.0,0
2026-06-19 12:34:51,477.29,0.0,0.0,100.0,0.0,0,0.0,0.0,100.0,0.0,0,0.0,0.0,100.0,0.0,0,0.0,0.0,100.0,0.0,0,0.0,0.0,100.0,0.0,0,0.0,0.0,100.0,0.0,0
2026-06-19 12:34:52,478.03,0.0,0.0,100.0,0.0,0,0.0,0.0,100.0,0.0,0,0.0,0.0,100.0,0.0,0,0.0,0.0,100.0,0.0,0,0.0,0.0,100.0,0.0,0,0.0,0.0,100.0,0.0,0
2026-06-19 12:34:52,478.76,0.0,0.0,100.0,0.0,0,0.0,0.0,100.0,0.0,0,0.0,0.0,100.0,0.0,0,0.0,0.0,100.0,0.0,0,0.0,0.0,100.0,0.0,0,0.0,0.0,100.0,0.0,0
2026-06-19 12:34:53,479.49,0.0,0.0,100.0,0.0,0,0.0,0.0,100.0,0.0,0,0.0,0.0,100.0,0.0,0,0.0,0.0,100.0,0.0,0,0.0,0.0,100.0,0.0,0,0.0,0.0,100.0,0.0,0
2026-06-19 12:34:54,480.25,0.0,0.0,100.0,0.0,0,0.0,0.0,100.0,0.0,0,0.0,0.0,100.0,0.0,0,0.0,0.0,100.0,0.0,0,0.0,0.0,100.0,0.0,0,0.0,0.0,100.0,0.0,0
2026-06-19 12:34:55,480.98,0.0,0.0,100.0,0.0,0,0.0,0.0,100.0,0.0,0,0.0,0.0,100.0,0.0,0,0.0,0.0,100.0,0.0,0,0.0,0.0,100.0,0.0,0,0.0,0.0,100.0,0.0,0
2026-06-19 12:34:55,481.7,0.0,0.0,100.0,0.0,0,0.0,0.0,100.0,0.0,0,0.0,0.0,100.0,0.0,0,0.0,0.0,100.0,0.0,0,0.0,0.0,100.0,0.0,0,0.0,0.0,100.0,0.0,0
2026-06-19 12:34:56,482.44,0.0,0.0,100.0,0.0,0,0.0,0.0,100.0,0.0,0,0.0,0.0,100.0,0.0,0,0.0,0.0,100.0,0.0,0,0.0,0.0,100.0,0.0,0,0.0,0.0,100.0,0.0,0
2026-06-19 12:34:57,483.17,0.0,0.0,100.0,0.0,0,0.0,0.0,100.0,0.0,0,0.0,0.0,100.0,0.0,0,0.0,0.0,100.0,0.0,0,0.0,0.0,100.0,0.0,0,0.0,0.0,100.0,0.0,0
2026-06-19 12:34:58,483.91,0.0,0.0,100.0,0.0,0,0.0,0.0,100.0,0.0,0,0.0,0.0,100.0,0.0,0,0.0,0.0,100.0,0.0,0,0.0,0.0,100.0,0.0,0,0.0,0.0,100.0,0.0,0
2026-06-19 12:34:58,484.66,0.0,0.0,100.0,0.0,0,0.0,0.0,100.0,0.0,0,0.0,0.0,100.0,0.0,0,0.0,0.0,100.0,0.0,0,0.0,0.0,100.0,0.0,0,0.0,0.0,100.0,0.0,0
2026-06-19 12:34:59,485.45,0.0,0.0,100.0,0.0,0,0.0,0.0,100.0,0.0,0,0.0,0.0,100.0,0.0,0,0.0,0.0,100.0,0.0,0,0.0,0.0,100.0,0.0,0,0.0,0.0,100.0,0.0,0
2026-06-19 12:35:00,486.2,0.0,0.0,100.0,0.0,0,0.0,0.0,100.0,0.0,0,0.0,0.0,100.0,0.0,0,0.0,0.0,100.0,0.0,0,0.0,0.0,100.0,0.0,0,0.0,0.0,100.0,0.0,0
2026-06-19 12:35:01,486.95,0.0,0.0,100.0,0.0,0,0.0,0.0,100.0,0.0,0,0.0,0.0,100.0,0.0,0,0.0,0.0,100.0,0.0,0,0.0,0.0,100.0,0.0,0,0.0,0.0,100.0,0.0,0
2026-06-19 12:35:01,487.71,0.0,0.0,100.0,0.0,0,0.0,0.0,100.0,0.0,0,0.0,0.0,100.0,0.0,0,0.0,0.0,100.0,0.0,0,0.0,0.0,100.0,0.0,0,0.0,0.0,100.0,0.0,0
2026-06-19 12:35:02,488.45,0.0,0.0,100.0,0.0,0,0.0,0.0,100.0,0.0,0,0.0,0.0,100.0,0.0,0,0.0,0.0,100.0,0.0,0,0.0,0.0,100.0,0.0,0,0.0,0.0,100.0,0.0,0
2026-06-19 12:35:03,489.19,0.0,0.0,100.0,0.0,0,0.0,0.0,100.0,0.0,0,0.0,0.0,100.0,0.0,0,0.0,0.0,100.0,0.0,0,0.0,0.0,100.0,0.0,0,0.0,0.0,100.0,0.0,0
2026-06-19 12:35:04,489.93,0.0,0.0,100.0,0.0,0,0.0,0.0,100.0,0.0,0,0.0,0.0,100.0,0.0,0,0.0,0.0,100.0,0.0,0,0.0,0.0,100.0,0.0,0,0.0,0.0,100.0,0.0,0
2026-06-19 12:35:04,490.67,0.0,0.0,100.0,0.0,0,0.0,0.0,100.0,0.0,0,0.0,0.0,100.0,0.0,0,0.0,0.0,100.0,0.0,0,0.0,0.0,100.0,0.0,0,0.0,0.0,100.0,0.0,0
2026-06-19 12:35:05,491.43,0.0,0.0,100.0,0.0,0,0.0,0.0,100.0,0.0,0,0.0,0.0,100.0,0.0,0,0.0,0.0,100.0,0.0,0,0.0,0.0,100.0,0.0,0,0.0,0.0,100.0,0.0,0
2026-06-19 12:35:06,492.17,0.0,0.0,100.0,0.0,0,0.0,0.0,100.0,0.0,0,0.0,0.0,100.0,0.0,0,0.0,0.0,100.0,0.0,0,0.0,0.0,100.0,0.0,0,0.0,0.0,100.0,0.0,0
2026-06-19 12:35:07,492.89,0.0,0.0,100.0,0.0,0,0.0,0.0,100.0,0.0,0,0.0,0.0,100.0,0.0,0,0.0,0.0,100.0,0.0,0,0.0,0.0,100.0,0.0,0,0.0,0.0,100.0,0.0,0
2026-06-19 12:35:07,493.66,0.0,0.0,100.0,0.0,0,0.0,0.0,100.0,0.0,0,0.0,0.0,100.0,0.0,0,0.0,0.0,100.0,0.0,0,0.0,0.0,100.0,0.0,0,0.0,0.0,100.0,0.0,0
2026-06-19 12:35:08,494.38,0.0,0.0,100.0,0.0,0,0.0,0.0,100.0,0.0,0,0.0,0.0,100.0,0.0,0,0.0,0.0,100.0,0.0,0,0.0,0.0,100.0,0.0,0,0.0,0.0,100.0,0.0,0
2026-06-19 12:35:09,495.12,0.0,0.0,100.0,0.0,0,0.0,0.0,100.0,0.0,0,0.0,0.0,100.0,0.0,0,0.0,0.0,100.0,0.0,0,0.0,0.0,100.0,0.0,0,0.0,0.0,100.0,0.0,0
2026-06-19 12:35:10,495.85,0.0,0.0,100.0,0.0,0,0.0,0.0,100.0,0.0,0,0.0,0.0,100.0,0.0,0,0.0,0.0,100.0,0.0,0,0.0,0.0,100.0,0.0,0,0.0,0.0,100.0,0.0,0
2026-06-19 12:35:10,496.59,0.0,0.0,100.0,0.0,0,0.0,0.0,100.0,0.0,0,0.0,0.0,100.0,0.0,0,0.0,0.0,100.0,0.0,0,0.0,0.0,100.0,0.0,0,0.0,0.0,100.0,0.0,0
2026-06-19 12:35:11,497.33,0.0,0.0,100.0,0.0,0,0.0,0.0,100.0,0.0,0,0.0,0.0,100.0,0.0,0,0.0,0.0,100.0,0.0,0,0.0,0.0,100.0,0.0,0,0.0,0.0,100.0,0.0,0
2026-06-19 12:35:12,498.16,0.0,0.0,100.0,0.0,0,0.0,0.0,100.0,0.0,0,0.0,0.0,100.0,0.0,0,0.0,0.0,100.0,0.0,0,0.0,0.0,100.0,0.0,0,0.0,0.0,100.0,0.0,0
2026-06-19 12:35:13,498.92,0.0,0.0,100.0,0.0,0,0.0,0.0,100.0,0.0,0,0.0,0.0,100.0,0.0,0,0.0,0.0,100.0,0.0,0,0.0,0.0,100.0,0.0,0,0.0,0.0,100.0,0.0,0
2026-06-19 12:35:13,499.69,0.0,0.0,100.0,0.0,0,0.0,0.0,100.0,0.0,0,0.0,0.0,100.0,0.0,0,0.0,0.0,100.0,0.0,0,0.0,0.0,100.0,0.0,0,0.0,0.0,100.0,0.0,0
2026-06-19 12:35:14,500.46,0.0,0.0,100.0,0.0,0,0.0,0.0,100.0,0.0,0,0.0,0.0,100.0,0.0,0,0.0,0.0,100.0,0.0,0,0.0,0.0,100.0,0.0,0,0.0,0.0,100.0,0.0,0
2026-06-19 12:35:15,501.21,0.0,0.0,100.0,0.0,0,0.0,0.0,100.0,0.0,0,0.0,0.0,100.0,0.0,0,0.0,0.0,100.0,0.0,0,0.0,0.0,100.0,0.0,0,0.0,0.0,100.0,0.0,0
2026-06-19 12:35:16,501.95,0.0,0.0,100.0,0.0,0,0.0,0.0,100.0,0.0,0,0.0,0.0,100.0,0.0,0,0.0,0.0,100.0,0.0,0,0.0,0.0,100.0,0.0,0,0.0,0.0,100.0,0.0,0
2026-06-19 12:35:16,502.73,0.0,0.0,100.0,0.0,0,0.0,0.0,100.0,0.0,0,0.0,0.0,100.0,0.0,0,0.0,0.0,100.0,0.0,0,0.0,0.0,100.0,0.0,0,0.0,0.0,100.0,0.0,0
2026-06-19 12:35:17,503.5,0.0,0.0,100.0,0.0,0,0.0,0.0,100.0,0.0,0,0.0,0.0,100.0,0.0,0,0.0,0.0,100.0,0.0,0,0.0,0.0,100.0,0.0,0,0.0,0.0,100.0,0.0,0
2026-06-19 12:35:18,504.24,0.0,0.0,100.0,0.0,0,0.0,0.0,100.0,0.0,0,0.0,0.0,100.0,0.0,0,0.0,0.0,100.0,0.0,0,0.0,0.0,100.0,0.0,0,0.0,0.0,100.0,0.0,0
2026-06-19 12:35:19,504.99,0.0,0.0,100.0,0.0,0,0.0,0.0,100.0,0.0,0,0.0,0.0,100.0,0.0,0,0.0,0.0,100.0,0.0,0,0.0,0.0,100.0,0.0,0,0.0,0.0,100.0,0.0,0
2026-06-19 12:35:19,505.72,0.0,0.0,100.0,0.0,0,0.0,0.0,100.0,0.0,0,0.0,0.0,100.0,0.0,0,0.0,0.0,100.0,0.0,0,0.0,0.0,100.0,0.0,0,0.0,0.0,100.0,0.0,0
2026-06-19 12:35:20,506.49,0.0,0.0,100.0,0.0,0,0.0,0.0,100.0,0.0,0,0.0,0.0,100.0,0.0,0,0.0,0.0,100.0,0.0,0,0.0,0.0,100.0,0.0,0,0.0,0.0,100.0,0.0,0
2026-06-19 12:35:21,507.25,0.0,0.0,100.0,0.0,0,0.0,0.0,100.0,0.0,0,0.0,0.0,100.0,0.0,0,0.0,0.0,100.0,0.0,0,0.0,0.0,100.0,0.0,0,0.0,0.0,100.0,0.0,0
2026-06-19 12:35:22,508.01,0.0,0.0,100.0,0.0,0,0.0,0.0,100.0,0.0,0,0.0,0.0,100.0,0.0,0,0.0,0.0,100.0,0.0,0,0.0,0.0,100.0,0.0,0,0.0,0.0,100.0,0.0,0
2026-06-19 12:35:22,508.77,0.0,0.0,100.0,0.0,0,0.0,0.0,100.0,0.0,0,0.0,0.0,100.0,0.0,0,0.0,0.0,100.0,0.0,0,0.0,0.0,100.0,0.0,0,0.0,0.0,100.0,0.0,0
2026-06-19 12:35:23,509.53,0.0,0.0,100.0,0.0,0,0.0,0.0,100.0,0.0,0,0.0,0.0,100.0,0.0,0,0.0,0.0,100.0,0.0,0,0.0,0.0,100.0,0.0,0,0.0,0.0,100.0,0.0,0
2026-06-19 12:35:24,510.31,0.0,0.0,100.0,0.0,0,0.0,0.0,100.0,0.0,0,0.0,0.0,100.0,0.0,0,0.0,0.0,100.0,0.0,0,0.0,0.0,100.0,0.0,0,0.0,0.0,100.0,0.0,0
2026-06-19 12:35:25,511.04,0.0,0.0,100.0,0.0,0,0.0,0.0,100.0,0.0,0,0.0,0.0,100.0,0.0,0,0.0,0.0,100.0,0.0,0,0.0,0.0,100.0,0.0,0,0.0,0.0,100.0,0.0,0
2026-06-19 12:35:25,511.77,0.0,0.0,100.0,0.0,0,0.0,0.0,100.0,0.0,0,0.0,0.0,100.0,0.0,0,0.0,0.0,100.0,0.0,0,0.0,0.0,100.0,0.0,0,0.0,0.0,100.0,0.0,0
2026-06-19 12:35:26,512.51,0.0,0.0,100.0,0.0,0,0.0,0.0,100.0,0.0,0,0.0,0.0,100.0,0.0,0,0.0,0.0,100.0,0.0,0,0.0,0.0,100.0,0.0,0,0.0,0.0,100.0,0.0,0
2026-06-19 12:35:27,513.28,0.0,0.0,100.0,0.0,0,0.0,0.0,100.0,0.0,0,0.0,0.0,100.0,0.0,0,0.0,0.0,100.0,0.0,0,0.0,0.0,100.0,0.0,0,0.0,0.0,100.0,0.0,0
2026-06-19 12:35:28,514.03,0.0,0.0,100.0,0.0,0,0.0,0.0,100.0,0.0,0,0.0,0.0,100.0,0.0,0,0.0,0.0,100.0,0.0,0,0.0,0.0,100.0,0.0,0,0.0,0.0,100.0,0.0,0
2026-06-19 12:35:28,514.79,0.0,0.0,100.0,0.0,0,0.0,0.0,100.0,0.0,0,0.0,0.0,100.0,0.0,0,0.0,0.0,100.0,0.0,0,0.0,0.0,100.0,0.0,0,0.0,0.0,100.0,0.0,0
2026-06-19 12:35:29,515.52,0.0,0.0,100.0,0.0,0,0.0,0.0,100.0,0.0,0,0.0,0.0,100.0,0.0,0,0.0,0.0,100.0,0.0,0,0.0,0.0,100.0,0.0,0,0.0,0.0,100.0,0.0,0
2026-06-19 12:35:30,516.28,0.0,0.0,100.0,0.0,0,0.0,0.0,100.0,0.0,0,0.0,0.0,100.0,0.0,0,0.0,0.0,100.0,0.0,0,0.0,0.0,100.0,0.0,0,0.0,0.0,100.0,0.0,0
2026-06-19 12:35:31,517.0,0.0,0.0,100.0,0.0,0,0.0,0.0,100.0,0.0,0,0.0,0.0,100.0,0.0,0,0.0,0.0,100.0,0.0,0,0.0,0.0,100.0,0.0,0,0.0,0.0,100.0,0.0,0
2026-06-19 12:35:31,517.74,0.0,0.0,100.0,0.0,0,0.0,0.0,100.0,0.0,0,0.0,0.0,100.0,0.0,0,0.0,0.0,100.0,0.0,0,0.0,0.0,100.0,0.0,0,0.0,0.0,100.0,0.0,0
2026-06-19 12:35:32,518.48,0.0,0.0,100.0,0.0,0,0.0,0.0,100.0,0.0,0,0.0,0.0,100.0,0.0,0,0.0,0.0,100.0,0.0,0,0.0,0.0,100.0,0.0,0,0.0,0.0,100.0,0.0,0
2026-06-19 12:35:33,519.24,0.0,0.0,100.0,0.0,0,0.0,0.0,100.0,0.0,0,0.0,0.0,100.0,0.0,0,0.0,0.0,100.0,0.0,0,0.0,0.0,100.0,0.0,0,0.0,0.0,100.0,0.0,0
2026-06-19 12:35:34,519.97,0.0,0.0,100.0,0.0,0,0.0,0.0,100.0,0.0,0,0.0,0.0,100.0,0.0,0,0.0,0.0,100.0,0.0,0,0.0,0.0,100.0,0.0,0,0.0,0.0,100.0,0.0,0
2026-06-19 12:35:34,520.7,0.0,0.0,100.0,0.0,0,0.0,0.0,100.0,0.0,0,0.0,0.0,100.0,0.0,0,0.0,0.0,100.0,0.0,0,0.0,0.0,100.0,0.0,0,0.0,0.0,100.0,0.0,0
2026-06-19 12:35:35,521.43,0.0,0.0,100.0,0.0,0,0.0,0.0,100.0,0.0,0,0.0,0.0,100.0,0.0,0,0.0,0.0,100.0,0.0,0,0.0,0.0,100.0,0.0,0,0.0,0.0,100.0,0.0,0
2026-06-19 12:35:36,522.19,0.0,0.0,100.0,0.0,0,0.0,0.0,100.0,0.0,0,0.0,0.0,100.0,0.0,0,0.0,0.0,100.0,0.0,0,0.0,0.0,100.0,0.0,0,0.0,0.0,100.0,0.0,0
2026-06-19 12:35:37,522.94,0.0,0.0,100.0,0.0,0,0.0,0.0,100.0,0.0,0,0.0,0.0,100.0,0.0,0,0.0,0.0,100.0,0.0,0,0.0,0.0,100.0,0.0,0,0.0,0.0,100.0,0.0,0
2026-06-19 12:35:37,523.67,0.0,0.0,100.0,0.0,0,0.0,0.0,100.0,0.0,0,0.0,0.0,100.0,0.0,0,0.0,0.0,100.0,0.0,0,0.0,0.0,100.0,0.0,0,0.0,0.0,100.0,0.0,0
2026-06-19 12:35:38,524.47,0.0,0.0,100.0,0.0,0,0.0,0.0,100.0,0.0,0,0.0,0.0,100.0,0.0,0,0.0,0.0,100.0,0.0,0,0.0,0.0,100.0,0.0,0,0.0,0.0,100.0,0.0,0
2026-06-19 12:35:39,525.19,0.0,0.0,100.0,0.0,0,0.0,0.0,100.0,0.0,0,0.0,0.0,100.0,0.0,0,0.0,0.0,100.0,0.0,0,0.0,0.0,100.0,0.0,0,0.0,0.0,100.0,0.0,0
2026-06-19 12:35:40,525.91,0.0,0.0,100.0,0.0,0,0.0,0.0,100.0,0.0,0,0.0,0.0,100.0,0.0,0,0.0,0.0,100.0,0.0,0,0.0,0.0,100.0,0.0,0,0.0,0.0,100.0,0.0,0
2026-06-19 12:35:40,526.66,0.0,0.0,100.0,0.0,0,0.0,0.0,100.0,0.0,0,0.0,0.0,100.0,0.0,0,0.0,0.0,100.0,0.0,0,0.0,0.0,100.0,0.0,0,0.0,0.0,100.0,0.0,0
2026-06-19 12:35:41,527.42,0.0,0.0,100.0,0.0,0,0.0,0.0,100.0,0.0,0,0.0,0.0,100.0,0.0,0,0.0,0.0,100.0,0.0,0,0.0,0.0,100.0,0.0,0,0.0,0.0,100.0,0.0,0
2026-06-19 12:35:42,528.18,0.0,0.0,100.0,0.0,0,0.0,0.0,100.0,0.0,0,0.0,0.0,100.0,0.0,0,0.0,0.0,100.0,0.0,0,0.0,0.0,100.0,0.0,0,0.0,0.0,100.0,0.0,0
2026-06-19 12:35:43,528.92,0.0,0.0,100.0,0.0,0,0.0,0.0,100.0,0.0,0,0.0,0.0,100.0,0.0,0,0.0,0.0,100.0,0.0,0,0.0,0.0,100.0,0.0,0,0.0,0.0,100.0,0.0,0
2026-06-19 12:35:43,529.69,0.0,0.0,100.0,0.0,0,0.0,0.0,100.0,0.0,0,0.0,0.0,100.0,0.0,0,0.0,0.0,100.0,0.0,0,0.0,0.0,100.0,0.0,0,0.0,0.0,100.0,0.0,0
2026-06-19 12:35:44,530.47,0.0,0.0,100.0,0.0,0,0.0,0.0,100.0,0.0,0,0.0,0.0,100.0,0.0,0,0.0,0.0,100.0,0.0,0,0.0,0.0,100.0,0.0,0,0.0,0.0,100.0,0.0,0
2026-06-19 12:35:45,531.21,0.0,0.0,100.0,0.0,0,0.0,0.0,100.0,0.0,0,0.0,0.0,100.0,0.0,0,0.0,0.0,100.0,0.0,0,0.0,0.0,100.0,0.0,0,0.0,0.0,100.0,0.0,0
2026-06-19 12:35:46,531.94,0.0,0.0,100.0,0.0,0,0.0,0.0,100.0,0.0,0,0.0,0.0,100.0,0.0,0,0.0,0.0,100.0,0.0,0,0.0,0.0,100.0,0.0,0,0.0,0.0,100.0,0.0,0
2026-06-19 12:35:46,532.69,0.0,0.0,100.0,0.0,0,0.0,0.0,100.0,0.0,0,0.0,0.0,100.0,0.0,0,0.0,0.0,100.0,0.0,0,0.0,0.0,100.0,0.0,0,0.0,0.0,100.0,0.0,0
2026-06-19 12:35:47,533.42,0.0,0.0,100.0,0.0,0,0.0,0.0,100.0,0.0,0,0.0,0.0,100.0,0.0,0,0.0,0.0,100.0,0.0,0,0.0,0.0,100.0,0.0,0,0.0,0.0,100.0,0.0,0
2026-06-19 12:35:48,534.15,0.0,0.0,100.0,0.0,0,0.0,0.0,100.0,0.0,0,0.0,0.0,100.0,0.0,0,0.0,0.0,100.0,0.0,0,0.0,0.0,100.0,0.0,0,0.0,0.0,100.0,0.0,0
2026-06-19 12:35:49,534.94,0.0,0.0,100.0,0.0,0,0.0,0.0,100.0,0.0,0,0.0,0.0,100.0,0.0,0,0.0,0.0,100.0,0.0,0,0.0,0.0,100.0,0.0,0,0.0,0.0,100.0,0.0,0
2026-06-19 12:35:49,535.68,0.0,0.0,100.0,0.0,0,0.0,0.0,100.0,0.0,0,0.0,0.0,100.0,0.0,0,0.0,0.0,100.0,0.0,0,0.0,0.0,100.0,0.0,0,0.0,0.0,100.0,0.0,0
2026-06-19 12:35:50,536.45,0.0,0.0,100.0,0.0,0,0.0,0.0,100.0,0.0,0,0.0,0.0,100.0,0.0,0,0.0,0.0,100.0,0.0,0,0.0,0.0,100.0,0.0,0,0.0,0.0,100.0,0.0,0
2026-06-19 12:35:51,537.18,0.0,0.0,100.0,0.0,0,0.0,0.0,100.0,0.0,0,0.0,0.0,100.0,0.0,0,0.0,0.0,100.0,0.0,0,0.0,0.0,100.0,0.0,0,0.0,0.0,100.0,0.0,0
2026-06-19 12:35:52,537.92,0.0,0.0,100.0,0.0,0,0.0,0.0,100.0,0.0,0,0.0,0.0,100.0,0.0,0,0.0,0.0,100.0,0.0,0,0.0,0.0,100.0,0.0,0,0.0,0.0,100.0,0.0,0
2026-06-19 12:35:52,538.66,0.0,0.0,100.0,0.0,0,0.0,0.0,100.0,0.0,0,0.0,0.0,100.0,0.0,0,0.0,0.0,100.0,0.0,0,0.0,0.0,100.0,0.0,0,0.0,0.0,100.0,0.0,0
2026-06-19 12:35:53,539.4,0.0,0.0,100.0,0.0,0,0.0,0.0,100.0,0.0,0,0.0,0.0,100.0,0.0,0,0.0,0.0,100.0,0.0,0,0.0,0.0,100.0,0.0,0,0.0,0.0,100.0,0.0,0
2026-06-19 12:35:54,540.13,0.0,0.0,100.0,0.0,0,0.0,0.0,100.0,0.0,0,0.0,0.0,100.0,0.0,0,0.0,0.0,100.0,0.0,0,0.0,0.0,100.0,0.0,0,0.0,0.0,100.0,0.0,0
2026-06-19 12:35:55,540.88,0.0,0.0,100.0,0.0,0,0.0,0.0,100.0,0.0,0,0.0,0.0,100.0,0.0,0,0.0,0.0,100.0,0.0,0,0.0,0.0,100.0,0.0,0,0.0,0.0,100.0,0.0,0
2026-06-19 12:35:55,541.61,0.0,0.0,100.0,0.0,0,0.0,0.0,100.0,0.0,0,0.0,0.0,100.0,0.0,0,0.0,0.0,100.0,0.0,0,0.0,0.0,100.0,0.0,0,0.0,0.0,100.0,0.0,0
2026-06-19 12:35:56,542.36,0.0,0.0,100.0,0.0,0,0.0,0.0,100.0,0.0,0,0.0,0.0,100.0,0.0,0,0.0,0.0,100.0,0.0,0,0.0,0.0,100.0,0.0,0,0.0,0.0,100.0,0.0,0
2026-06-19 12:35:57,543.1,0.0,0.0,100.0,0.0,0,0.0,0.0,100.0,0.0,0,0.0,0.0,100.0,0.0,0,0.0,0.0,100.0,0.0,0,0.0,0.0,100.0,0.0,0,0.0,0.0,100.0,0.0,0
2026-06-19 12:35:58,543.86,0.0,0.0,100.0,0.0,0,0.0,0.0,100.0,0.0,0,0.0,0.0,100.0,0.0,0,0.0,0.0,100.0,0.0,0,0.0,0.0,100.0,0.0,0,0.0,0.0,100.0,0.0,0
2026-06-19 12:35:58,544.6,0.0,0.0,100.0,0.0,0,0.0,0.0,100.0,0.0,0,0.0,0.0,100.0,0.0,0,0.0,0.0,100.0,0.0,0,0.0,0.0,100.0,0.0,0,0.0,0.0,100.0,0.0,0
2026-06-19 12:35:59,545.32,0.0,0.0,100.0,0.0,0,0.0,0.0,100.0,0.0,0,0.0,0.0,100.0,0.0,0,0.0,0.0,100.0,0.0,0,0.0,0.0,100.0,0.0,0,0.0,0.0,100.0,0.0,0
2026-06-19 12:36:00,546.05,0.0,0.0,100.0,0.0,0,0.0,0.0,100.0,0.0,0,0.0,0.0,100.0,0.0,0,0.0,0.0,100.0,0.0,0,0.0,0.0,100.0,0.0,0,0.0,0.0,100.0,0.0,0
2026-06-19 12:36:00,546.8,0.0,0.0,100.0,0.0,0,0.0,0.0,100.0,0.0,0,0.0,0.0,100.0,0.0,0,0.0,0.0,100.0,0.0,0,0.0,0.0,100.0,0.0,0,0.0,0.0,100.0,0.0,0
2026-06-19 12:36:01,547.53,0.0,0.0,100.0,0.0,0,0.0,0.0,100.0,0.0,0,0.0,0.0,100.0,0.0,0,0.0,0.0,100.0,0.0,0,0.0,0.0,100.0,0.0,0,0.0,0.0,100.0,0.0,0
2026-06-19 12:36:02,548.28,0.0,0.0,100.0,0.0,0,0.0,0.0,100.0,0.0,0,0.0,0.0,100.0,0.0,0,0.0,0.0,100.0,0.0,0,0.0,0.0,100.0,0.0,0,0.0,0.0,100.0,0.0,0
2026-06-19 12:36:03,549.06,0.0,0.0,100.0,0.0,0,0.0,0.0,100.0,0.0,0,0.0,0.0,100.0,0.0,0,0.0,0.0,100.0,0.0,0,0.0,0.0,100.0,0.0,0,0.0,0.0,100.0,0.0,0
2026-06-19 12:36:04,549.83,0.0,0.0,100.0,0.0,0,0.0,0.0,100.0,0.0,0,0.0,0.0,100.0,0.0,0,0.0,0.0,100.0,0.0,0,0.0,0.0,100.0,0.0,0,0.0,0.0,100.0,0.0,0
2026-06-19 12:36:04,550.61,0.0,0.0,100.0,0.0,0,0.0,0.0,100.0,0.0,0,0.0,0.0,100.0,0.0,0,0.0,0.0,100.0,0.0,0,0.0,0.0,100.0,0.0,0,0.0,0.0,100.0,0.0,0
2026-06-19 12:36:05,551.38,0.0,0.0,100.0,0.0,0,0.0,0.0,100.0,0.0,0,0.0,0.0,100.0,0.0,0,0.0,0.0,100.0,0.0,0,0.0,0.0,100.0,0.0,0,0.0,0.0,100.0,0.0,0
2026-06-19 12:36:06,552.12,0.0,0.0,100.0,0.0,0,0.0,0.0,100.0,0.0,0,0.0,0.0,100.0,0.0,0,0.0,0.0,100.0,0.0,0,0.0,0.0,100.0,0.0,0,0.0,0.0,100.0,0.0,0
2026-06-19 12:36:07,552.89,0.0,0.0,100.0,0.0,0,0.0,0.0,100.0,0.0,0,0.0,0.0,100.0,0.0,0,0.0,0.0,100.0,0.0,0,0.0,0.0,100.0,0.0,0,0.0,0.0,100.0,0.0,0
2026-06-19 12:36:07,553.65,0.0,0.0,100.0,0.0,0,0.0,0.0,100.0,0.0,0,0.0,0.0,100.0,0.0,0,0.0,0.0,100.0,0.0,0,0.0,0.0,100.0,0.0,0,0.0,0.0,100.0,0.0,0
2026-06-19 12:36:08,554.42,0.0,0.0,100.0,0.0,0,0.0,0.0,100.0,0.0,0,0.0,0.0,100.0,0.0,0,0.0,0.0,100.0,0.0,0,0.0,0.0,100.0,0.0,0,0.0,0.0,100.0,0.0,0
2026-06-19 12:36:09,555.23,0.0,0.0,100.0,0.0,0,0.0,0.0,100.0,0.0,0,0.0,0.0,100.0,0.0,0,0.0,0.0,100.0,0.0,0,0.0,0.0,100.0,0.0,0,0.0,0.0,100.0,0.0,0
2026-06-19 12:36:10,555.99,0.0,0.0,100.0,0.0,0,0.0,0.0,100.0,0.0,0,0.0,0.0,100.0,0.0,0,0.0,0.0,100.0,0.0,0,0.0,0.0,100.0,0.0,0,0.0,0.0,100.0,0.0,0
2026-06-19 12:36:10,556.73,0.0,0.0,100.0,0.0,0,0.0,0.0,100.0,0.0,0,0.0,0.0,100.0,0.0,0,0.0,0.0,100.0,0.0,0,0.0,0.0,100.0,0.0,0,0.0,0.0,100.0,0.0,0
2026-06-19 12:36:11,557.46,0.0,0.0,100.0,0.0,0,0.0,0.0,100.0,0.0,0,0.0,0.0,100.0,0.0,0,0.0,0.0,100.0,0.0,0,0.0,0.0,100.0,0.0,0,0.0,0.0,100.0,0.0,0
2026-06-19 12:36:12,558.2,0.0,0.0,100.0,0.0,0,0.0,0.0,100.0,0.0,0,0.0,0.0,100.0,0.0,0,0.0,0.0,100.0,0.0,0,0.0,0.0,100.0,0.0,0,0.0,0.0,100.0,0.0,0
2026-06-19 12:36:12,558.55,0.0,0.0,100.0,0.0,0,0.0,0.0,100.0,0.0,0,0.0,0.0,100.0,0.0,0,0.0,0.0,100.0,0.0,0,0.0,0.0,100.0,0.0,0,0.0,0.0,100.0,0.0,0
2026-06-19 12:36:13,559.33,0.0,0.0,100.0,0.0,0,0.0,0.0,100.0,0.0,0,0.0,0.0,100.0,0.0,0,0.0,0.0,100.0,0.0,0,0.0,0.0,100.0,0.0,0,0.0,0.0,100.0,0.0,0
2026-06-19 12:36:14,560.09,0.0,0.0,100.0,0.0,0,0.0,0.0,100.0,0.0,0,0.0,0.0,100.0,0.0,0,0.0,0.0,100.0,0.0,0,0.0,0.0,100.0,0.0,0,0.0,0.0,100.0,0.0,0
2026-06-19 12:36:15,560.84,0.0,0.0,100.0,0.0,0,0.0,0.0,100.0,0.0,0,0.0,0.0,100.0,0.0,0,0.0,0.0,100.0,0.0,0,0.0,0.0,100.0,0.0,0,0.0,0.0,100.0,0.0,0
2026-06-19 12:36:15,561.29,0.0,0.0,100.0,0.0,0,0.0,0.0,100.0,0.0,0,0.0,0.0,100.0,0.0,0,0.0,0.0,100.0,0.0,0,0.0,0.0,100.0,0.0,0,0.0,0.0,100.0,0.0,0
2026-06-19 12:36:16,562.04,0.0,0.0,100.0,0.0,0,0.0,0.0,100.0,0.0,0,0.0,0.0,100.0,0.0,0,0.0,0.0,100.0,0.0,0,0.0,0.0,100.0,0.0,0,0.0,0.0,100.0,0.0,0
2026-06-19 12:36:16,562.79,0.0,0.0,100.0,0.0,0,0.0,0.0,100.0,0.0,0,0.0,0.0,100.0,0.0,0,0.0,0.0,100.0,0.0,0,0.0,0.0,100.0,0.0,0,0.0,0.0,100.0,0.0,0
2026-06-19 12:36:17,563.57,0.0,0.0,100.0,0.0,0,0.0,0.0,100.0,0.0,0,0.0,0.0,100.0,0.0,0,0.0,0.0,100.0,0.0,0,0.0,0.0,100.0,0.0,0,0.0,0.0,100.0,0.0,0
2026-06-19 12:36:18,564.31,0.0,0.0,100.0,0.0,0,0.0,0.0,100.0,0.0,0,0.0,0.0,100.0,0.0,0,0.0,0.0,100.0,0.0,0,0.0,0.0,100.0,0.0,0,0.0,0.0,100.0,0.0,0
2026-06-19 12:36:19,565.04,0.0,0.0,100.0,0.0,0,0.0,0.0,100.0,0.0,0,0.0,0.0,100.0,0.0,0,0.0,0.0,100.0,0.0,0,0.0,0.0,100.0,0.0,0,0.0,0.0,100.0,0.0,0
2026-06-19 12:36:19,565.43,0.0,0.0,100.0,0.0,0,0.0,0.0,100.0,0.0,0,0.0,0.0,100.0,0.0,0,0.0,0.0,100.0,0.0,0,0.0,0.0,100.0,0.0,0,0.0,0.0,100.0,0.0,0
2026-06-19 12:36:20,566.16,0.0,0.0,100.0,0.0,0,0.0,0.0,100.0,0.0,0,0.0,0.0,100.0,0.0,0,0.0,0.0,100.0,0.0,0,0.0,0.0,100.0,0.0,0,0.0,0.0,100.0,0.0,0
2026-06-19 12:36:20,566.34,0.0,0.0,100.0,0.0,0,0.0,0.0,100.0,0.0,0,0.0,0.0,100.0,0.0,0,0.0,0.0,100.0,0.0,0,0.0,0.0,100.0,0.0,0,0.0,0.0,100.0,0.0,0
2026-06-19 12:36:21,567.17,0.0,0.0,100.0,0.0,0,0.0,0.0,100.0,0.0,0,0.0,0.0,100.0,0.0,0,0.0,0.0,100.0,0.0,0,0.0,0.0,100.0,0.0,0,0.0,0.0,100.0,0.0,0
2026-06-19 12:36:22,567.9,0.0,0.0,100.0,0.0,0,0.0,0.0,100.0,0.0,0,0.0,0.0,100.0,0.0,0,0.0,0.0,100.0,0.0,0,0.0,0.0,100.0,0.0,0,0.0,0.0,100.0,0.0,0
2026-06-19 12:36:22,568.65,0.0,0.0,100.0,0.0,0,0.0,0.0,100.0,0.0,0,0.0,0.0,100.0,0.0,0,0.0,0.0,100.0,0.0,0,0.0,0.0,100.0,0.0,0,0.0,0.0,100.0,0.0,0
2026-06-19 12:36:23,569.39,0.0,0.0,100.0,0.0,0,0.0,0.0,100.0,0.0,0,0.0,0.0,100.0,0.0,0,0.0,0.0,100.0,0.0,0,0.0,0.0,100.0,0.0,0,0.0,0.0,100.0,0.0,0
2026-06-19 12:36:24,570.12,0.0,0.0,100.0,0.0,0,0.0,0.0,100.0,0.0,0,0.0,0.0,100.0,0.0,0,0.0,0.0,100.0,0.0,0,0.0,0.0,100.0,0.0,0,0.0,0.0,100.0,0.0,0
2026-06-19 12:36:25,570.88,0.0,0.0,100.0,0.0,0,0.0,0.0,100.0,0.0,0,0.0,0.0,100.0,0.0,0,0.0,0.0,100.0,0.0,0,0.0,0.0,100.0,0.0,0,0.0,0.0,100.0,0.0,0
2026-06-19 12:36:25,571.7,0.0,0.0,100.0,0.0,0,0.0,0.0,100.0,0.0,0,0.0,0.0,100.0,0.0,0,0.0,0.0,100.0,0.0,0,0.0,0.0,100.0,0.0,0,0.0,0.0,100.0,0.0,0
2026-06-19 12:36:26,572.41,0.0,0.0,100.0,0.0,0,0.0,0.0,100.0,0.0,0,0.0,0.0,100.0,0.0,0,0.0,0.0,100.0,0.0,0,0.0,0.0,100.0,0.0,0,0.0,0.0,100.0,0.0,0
2026-06-19 12:36:27,573.15,0.0,0.0,100.0,0.0,0,0.0,0.0,100.0,0.0,0,0.0,0.0,100.0,0.0,0,0.0,0.0,100.0,0.0,0,0.0,0.0,100.0,0.0,0,0.0,0.0,100.0,0.0,0
2026-06-19 12:36:28,573.93,0.0,0.0,100.0,0.0,0,0.0,0.0,100.0,0.0,0,0.0,0.0,100.0,0.0,0,0.0,0.0,100.0,0.0,0,0.0,0.0,100.0,0.0,0,0.0,0.0,100.0,0.0,0
2026-06-19 12:36:28,574.72,0.0,0.0,100.0,0.0,0,0.0,0.0,100.0,0.0,0,0.0,0.0,100.0,0.0,0,0.0,0.0,100.0,0.0,0,0.0,0.0,100.0,0.0,0,0.0,0.0,100.0,0.0,0
2026-06-19 12:36:29,575.34,0.0,0.0,100.0,0.0,0,0.0,0.0,100.0,0.0,0,0.0,0.0,100.0,0.0,0,0.0,0.0,100.0,0.0,0,0.0,0.0,100.0,0.0,0,0.0,0.0,100.0,0.0,0
2026-06-19 12:36:30,576.15,0.0,0.0,100.0,0.0,0,0.0,0.0,100.0,0.0,0,0.0,0.0,100.0,0.0,0,0.0,0.0,100.0,0.0,0,0.0,0.0,100.0,0.0,0,0.0,0.0,100.0,0.0,0
2026-06-19 12:36:31,576.93,0.0,0.0,100.0,0.0,0,0.0,0.0,100.0,0.0,0,0.0,0.0,100.0,0.0,0,0.0,0.0,100.0,0.0,0,0.0,0.0,100.0,0.0,0,0.0,0.0,100.0,0.0,0
2026-06-19 12:36:31,577.67,0.0,0.0,100.0,0.0,0,0.0,0.0,100.0,0.0,0,0.0,0.0,100.0,0.0,0,0.0,0.0,100.0,0.0,0,0.0,0.0,100.0,0.0,0,0.0,0.0,100.0,0.0,0
2026-06-19 12:36:32,578.43,0.0,0.0,100.0,0.0,0,0.0,0.0,100.0,0.0,0,0.0,0.0,100.0,0.0,0,0.0,0.0,100.0,0.0,0,0.0,0.0,100.0,0.0,0,0.0,0.0,100.0,0.0,0
2026-06-19 12:36:33,579.08,0.0,0.0,100.0,0.0,0,0.0,0.0,100.0,0.0,0,0.0,0.0,100.0,0.0,0,0.0,0.0,100.0,0.0,0,0.0,0.0,100.0,0.0,0,0.0,0.0,100.0,0.0,0
2026-06-19 12:36:34,579.92,0.0,0.0,100.0,0.0,0,0.0,0.0,100.0,0.0,0,0.0,0.0,100.0,0.0,0,0.0,0.0,100.0,0.0,0,0.0,0.0,100.0,0.0,0,0.0,0.0,100.0,0.0,0
2026-06-19 12:36:34,580.69,0.0,0.0,100.0,0.0,0,0.0,0.0,100.0,0.0,0,0.0,0.0,100.0,0.0,0,0.0,0.0,100.0,0.0,0,0.0,0.0,100.0,0.0,0,0.0,0.0,100.0,0.0,0
2026-06-19 12:36:35,581.44,0.0,0.0,100.0,0.0,0,0.0,0.0,100.0,0.0,0,0.0,0.0,100.0,0.0,0,0.0,0.0,100.0,0.0,0,0.0,0.0,100.0,0.0,0,0.0,0.0,100.0,0.0,0
2026-06-19 12:36:36,582.19,0.0,0.0,100.0,0.0,0,0.0,0.0,100.0,0.0,0,0.0,0.0,100.0,0.0,0,0.0,0.0,100.0,0.0,0,0.0,0.0,100.0,0.0,0,0.0,0.0,100.0,0.0,0
2026-06-19 12:36:37,582.94,0.0,0.0,100.0,0.0,0,0.0,0.0,100.0,0.0,0,0.0,0.0,100.0,0.0,0,0.0,0.0,100.0,0.0,0,0.0,0.0,100.0,0.0,0,0.0,0.0,100.0,0.0,0
2026-06-19 12:36:37,583.71,0.0,0.0,100.0,0.0,0,0.0,0.0,100.0,0.0,0,0.0,0.0,100.0,0.0,0,0.0,0.0,100.0,0.0,0,0.0,0.0,100.0,0.0,0,0.0,0.0,100.0,0.0,0
2026-06-19 12:36:38,584.48,0.0,0.0,100.0,0.0,0,0.0,0.0,100.0,0.0,0,0.0,0.0,100.0,0.0,0,0.0,0.0,100.0,0.0,0,0.0,0.0,100.0,0.0,0,0.0,0.0,100.0,0.0,0
2026-06-19 12:36:39,585.26,0.0,0.0,100.0,0.0,0,0.0,0.0,100.0,0.0,0,0.0,0.0,100.0,0.0,0,0.0,0.0,100.0,0.0,0,0.0,0.0,100.0,0.0,0,0.0,0.0,100.0,0.0,0
2026-06-19 12:36:40,586.05,0.0,0.0,100.0,0.0,0,0.0,0.0,100.0,0.0,0,0.0,0.0,100.0,0.0,0,0.0,0.0,100.0,0.0,0,0.0,0.0,100.0,0.0,0,0.0,0.0,100.0,0.0,0
2026-06-19 12:36:41,586.81,0.0,0.0,100.0,0.0,0,0.0,0.0,100.0,0.0,0,0.0,0.0,100.0,0.0,0,0.0,0.0,100.0,0.0,0,0.0,0.0,100.0,0.0,0,0.0,0.0,100.0,0.0,0
2026-06-19 12:36:41,587.55,0.0,0.0,100.0,0.0,0,0.0,0.0,100.0,0.0,0,0.0,0.0,100.0,0.0,0,0.0,0.0,100.0,0.0,0,0.0,0.0,100.0,0.0,0,0.0,0.0,100.0,0.0,0
2026-06-19 12:36:42,588.31,0.0,0.0,100.0,0.0,0,0.0,0.0,100.0,0.0,0,0.0,0.0,100.0,0.0,0,0.0,0.0,100.0,0.0,0,0.0,0.0,100.0,0.0,0,0.0,0.0,100.0,0.0,0
2026-06-19 12:36:43,589.08,0.0,0.0,100.0,0.0,0,0.0,0.0,100.0,0.0,0,0.0,0.0,100.0,0.0,0,0.0,0.0,100.0,0.0,0,0.0,0.0,100.0,0.0,0,0.0,0.0,100.0,0.0,0
2026-06-19 12:36:44,589.85,0.0,0.0,100.0,0.0,0,0.0,0.0,100.0,0.0,0,0.0,0.0,100.0,0.0,0,0.0,0.0,100.0,0.0,0,0.0,0.0,100.0,0.0,0,0.0,0.0,100.0,0.0,0
2026-06-19 12:36:44,590.58,0.0,0.0,100.0,0.0,0,0.0,0.0,100.0,0.0,0,0.0,0.0,100.0,0.0,0,0.0,0.0,100.0,0.0,0,0.0,0.0,100.0,0.0,0,0.0,0.0,100.0,0.0,0
2026-06-19 12:36:45,591.36,0.0,0.0,100.0,0.0,0,0.0,0.0,100.0,0.0,0,0.0,0.0,100.0,0.0,0,0.0,0.0,100.0,0.0,0,0.0,0.0,100.0,0.0,0,0.0,0.0,100.0,0.0,0
2026-06-19 12:36:46,592.14,0.0,0.0,100.0,0.0,0,0.0,0.0,100.0,0.0,0,0.0,0.0,100.0,0.0,0,0.0,0.0,100.0,0.0,0,0.0,0.0,100.0,0.0,0,0.0,0.0,100.0,0.0,0
2026-06-19 12:36:47,592.93,0.0,0.0,100.0,0.0,0,0.0,0.0,100.0,0.0,0,0.0,0.0,100.0,0.0,0,0.0,0.0,100.0,0.0,0,0.0,0.0,100.0,0.0,0,0.0,0.0,100.0,0.0,0
2026-06-19 12:36:47,593.66,0.0,0.0,100.0,0.0,0,0.0,0.0,100.0,0.0,0,0.0,0.0,100.0,0.0,0,0.0,0.0,100.0,0.0,0,0.0,0.0,100.0,0.0,0,0.0,0.0,100.0,0.0,0
2026-06-19 12:36:48,594.45,0.0,0.0,100.0,0.0,0,0.0,0.0,100.0,0.0,0,0.0,0.0,100.0,0.0,0,0.0,0.0,100.0,0.0,0,0.0,0.0,100.0,0.0,0,0.0,0.0,100.0,0.0,0
2026-06-19 12:36:49,595.21,0.0,0.0,100.0,0.0,0,0.0,0.0,100.0,0.0,0,0.0,0.0,100.0,0.0,0,0.0,0.0,100.0,0.0,0,0.0,0.0,100.0,0.0,0,0.0,0.0,100.0,0.0,0
2026-06-19 12:36:50,595.95,0.0,0.0,100.0,0.0,0,0.0,0.0,100.0,0.0,0,0.0,0.0,100.0,0.0,0,0.0,0.0,100.0,0.0,0,0.0,0.0,100.0,0.0,0,0.0,0.0,100.0,0.0,0
2026-06-19 12:36:50,596.73,0.0,0.0,100.0,0.0,0,0.0,0.0,100.0,0.0,0,0.0,0.0,100.0,0.0,0,0.0,0.0,100.0,0.0,0,0.0,0.0,100.0,0.0,0,0.0,0.0,100.0,0.0,0
2026-06-19 12:36:51,597.49,0.0,0.0,100.0,0.0,0,0.0,0.0,100.0,0.0,0,0.0,0.0,100.0,0.0,0,0.0,0.0,100.0,0.0,0,0.0,0.0,100.0,0.0,0,0.0,0.0,100.0,0.0,0
2026-06-19 12:36:52,598.26,0.0,0.0,100.0,0.0,0,0.0,0.0,100.0,0.0,0,0.0,0.0,100.0,0.0,0,0.0,0.0,100.0,0.0,0,0.0,0.0,100.0,0.0,0,0.0,0.0,100.0,0.0,0
2026-06-19 12:36:53,599.03,0.0,0.0,100.0,0.0,0,0.0,0.0,100.0,0.0,0,0.0,0.0,100.0,0.0,0,0.0,0.0,100.0,0.0,0,0.0,0.0,100.0,0.0,0,0.0,0.0,100.0,0.0,0
2026-06-19 12:36:53,599.75,0.0,0.0,100.0,0.0,0,0.0,0.0,100.0,0.0,0,0.0,0.0,100.0,0.0,0,0.0,0.0,100.0,0.0,0,0.0,0.0,100.0,0.0,0,0.0,0.0,100.0,0.0,0
2026-06-19 12:36:54,600.52,0.0,0.0,100.0,0.0,0,0.0,0.0,100.0,0.0,0,0.0,0.0,100.0,0.0,0,0.0,0.0,100.0,0.0,0,0.0,0.0,100.0,0.0,0,0.0,0.0,100.0,0.0,0
2026-06-19 12:36:55,601.26,0.0,0.0,100.0,0.0,0,0.0,0.0,100.0,0.0,0,0.0,0.0,100.0,0.0,0,0.0,0.0,100.0,0.0,0,0.0,0.0,100.0,0.0,0,0.0,0.0,100.0,0.0,0
2026-06-19 12:36:56,602.0,0.0,0.0,100.0,0.0,0,0.0,0.0,100.0,0.0,0,0.0,0.0,100.0,0.0,0,0.0,0.0,100.0,0.0,0,0.0,0.0,100.0,0.0,0,0.0,0.0,100.0,0.0,0
2026-06-19 12:36:56,602.77,0.0,0.0,100.0,0.0,0,0.0,0.0,100.0,0.0,0,0.0,0.0,100.0,0.0,0,0.0,0.0,100.0,0.0,0,0.0,0.0,100.0,0.0,0,0.0,0.0,100.0,0.0,0
2026-06-19 12:36:57,603.5,0.0,0.0,100.0,0.0,0,0.0,0.0,100.0,0.0,0,0.0,0.0,100.0,0.0,0,0.0,0.0,100.0,0.0,0,0.0,0.0,100.0,0.0,0,0.0,0.0,100.0,0.0,0
2026-06-19 12:36:58,604.29,0.0,0.0,100.0,0.0,0,0.0,0.0,100.0,0.0,0,0.0,0.0,100.0,0.0,0,0.0,0.0,100.0,0.0,0,0.0,0.0,100.0,0.0,0,0.0,0.0,100.0,0.0,0
2026-06-19 12:36:59,605.04,0.0,0.0,100.0,0.0,0,0.0,0.0,100.0,0.0,0,0.0,0.0,100.0,0.0,0,0.0,0.0,100.0,0.0,0,0.0,0.0,100.0,0.0,0,0.0,0.0,100.0,0.0,0
2026-06-19 12:36:59,605.78,0.0,0.0,100.0,0.0,0,0.0,0.0,100.0,0.0,0,0.0,0.0,100.0,0.0,0,0.0,0.0,100.0,0.0,0,0.0,0.0,100.0,0.0,0,0.0,0.0,100.0,0.0,0
2026-06-19 12:37:00,606.54,0.0,0.0,100.0,0.0,0,0.0,0.0,100.0,0.0,0,0.0,0.0,100.0,0.0,0,0.0,0.0,100.0,0.0,0,0.0,0.0,100.0,0.0,0,0.0,0.0,100.0,0.0,0
2026-06-19 12:37:01,607.29,0.0,0.0,100.0,0.0,0,0.0,0.0,100.0,0.0,0,0.0,0.0,100.0,0.0,0,0.0,0.0,100.0,0.0,0,0.0,0.0,100.0,0.0,0,0.0,0.0,100.0,0.0,0
2026-06-19 12:37:02,608.02,0.0,0.0,100.0,0.0,0,0.0,0.0,100.0,0.0,0,0.0,0.0,100.0,0.0,0,0.0,0.0,100.0,0.0,0,0.0,0.0,100.0,0.0,0,0.0,0.0,100.0,0.0,0
2026-06-19 12:37:02,608.75,0.0,0.0,100.0,0.0,0,0.0,0.0,100.0,0.0,0,0.0,0.0,100.0,0.0,0,0.0,0.0,100.0,0.0,0,0.0,0.0,100.0,0.0,0,0.0,0.0,100.0,0.0,0
2026-06-19 12:37:03,609.49,0.0,0.0,100.0,0.0,0,0.0,0.0,100.0,0.0,0,0.0,0.0,100.0,0.0,0,0.0,0.0,100.0,0.0,0,0.0,0.0,100.0,0.0,0,0.0,0.0,100.0,0.0,0
2026-06-19 12:37:04,610.23,0.0,0.0,100.0,0.0,0,0.0,0.0,100.0,0.0,0,0.0,0.0,100.0,0.0,0,0.0,0.0,100.0,0.0,0,0.0,0.0,100.0,0.0,0,0.0,0.0,100.0,0.0,0
2026-06-19 12:37:05,610.99,0.0,0.0,100.0,0.0,0,0.0,0.0,100.0,0.0,0,0.0,0.0,100.0,0.0,0,0.0,0.0,100.0,0.0,0,0.0,0.0,100.0,0.0,0,0.0,0.0,100.0,0.0,0
2026-06-19 12:37:05,611.72,0.0,0.0,100.0,0.0,0,0.0,0.0,100.0,0.0,0,0.0,0.0,100.0,0.0,0,0.0,0.0,100.0,0.0,0,0.0,0.0,100.0,0.0,0,0.0,0.0,100.0,0.0,0
2026-06-19 12:37:06,612.47,0.0,0.0,100.0,0.0,0,0.0,0.0,100.0,0.0,0,0.0,0.0,100.0,0.0,0,0.0,0.0,100.0,0.0,0,0.0,0.0,100.0,0.0,0,0.0,0.0,100.0,0.0,0
2026-06-19 12:37:07,613.21,0.0,0.0,100.0,0.0,0,0.0,0.0,100.0,0.0,0,0.0,0.0,100.0,0.0,0,0.0,0.0,100.0,0.0,0,0.0,0.0,100.0,0.0,0,0.0,0.0,100.0,0.0,0
2026-06-19 12:37:08,613.95,0.0,0.0,100.0,0.0,0,0.0,0.0,100.0,0.0,0,0.0,0.0,100.0,0.0,0,0.0,0.0,100.0,0.0,0,0.0,0.0,100.0,0.0,0,0.0,0.0,100.0,0.0,0
2026-06-19 12:37:08,614.7,0.0,0.0,100.0,0.0,0,0.0,0.0,100.0,0.0,0,0.0,0.0,100.0,0.0,0,0.0,0.0,100.0,0.0,0,0.0,0.0,100.0,0.0,0,0.0,0.0,100.0,0.0,0
2026-06-19 12:37:09,615.45,0.0,0.0,100.0,0.0,0,0.0,0.0,100.0,0.0,0,0.0,0.0,100.0,0.0,0,0.0,0.0,100.0,0.0,0,0.0,0.0,100.0,0.0,0,0.0,0.0,100.0,0.0,0
2026-06-19 12:37:10,616.19,0.0,0.0,100.0,0.0,0,0.0,0.0,100.0,0.0,0,0.0,0.0,100.0,0.0,0,0.0,0.0,100.0,0.0,0,0.0,0.0,100.0,0.0,0,0.0,0.0,100.0,0.0,0
2026-06-19 12:37:11,616.93,0.0,0.0,100.0,0.0,0,0.0,0.0,100.0,0.0,0,0.0,0.0,100.0,0.0,0,0.0,0.0,100.0,0.0,0,0.0,0.0,100.0,0.0,0,0.0,0.0,100.0,0.0,0
2026-06-19 12:37:11,617.68,0.0,0.0,100.0,0.0,0,0.0,0.0,100.0,0.0,0,0.0,0.0,100.0,0.0,0,0.0,0.0,100.0,0.0,0,0.0,0.0,100.0,0.0,0,0.0,0.0,100.0,0.0,0
2026-06-19 12:37:12,618.45,0.0,0.0,100.0,0.0,0,0.0,0.0,100.0,0.0,0,0.0,0.0,100.0,0.0,0,0.0,0.0,100.0,0.0,0,0.0,0.0,100.0,0.0,0,0.0,0.0,100.0,0.0,0
2026-06-19 12:37:13,619.2,0.0,0.0,100.0,0.0,0,0.0,0.0,100.0,0.0,0,0.0,0.0,100.0,0.0,0,0.0,0.0,100.0,0.0,0,0.0,0.0,100.0,0.0,0,0.0,0.0,100.0,0.0,0
2026-06-19 12:37:14,619.96,0.0,0.0,100.0,0.0,0,0.0,0.0,100.0,0.0,0,0.0,0.0,100.0,0.0,0,0.0,0.0,100.0,0.0,0,0.0,0.0,100.0,0.0,0,0.0,0.0,100.0,0.0,0
2026-06-19 12:37:14,620.73,0.0,0.0,100.0,0.0,0,0.0,0.0,100.0,0.0,0,0.0,0.0,100.0,0.0,0,0.0,0.0,100.0,0.0,0,0.0,0.0,100.0,0.0,0,0.0,0.0,100.0,0.0,0
2026-06-19 12:37:15,621.5,0.0,0.0,100.0,0.0,0,0.0,0.0,100.0,0.0,0,0.0,0.0,100.0,0.0,0,0.0,0.0,100.0,0.0,0,0.0,0.0,100.0,0.0,0,0.0,0.0,100.0,0.0,0
2026-06-19 12:37:16,622.23,0.0,0.0,100.0,0.0,0,0.0,0.0,100.0,0.0,0,0.0,0.0,100.0,0.0,0,0.0,0.0,100.0,0.0,0,0.0,0.0,100.0,0.0,0,0.0,0.0,100.0,0.0,0
2026-06-19 12:37:17,622.97,0.0,0.0,100.0,0.0,0,0.0,0.0,100.0,0.0,0,0.0,0.0,100.0,0.0,0,0.0,0.0,100.0,0.0,0,0.0,0.0,100.0,0.0,0,0.0,0.0,100.0,0.0,0
2026-06-19 12:37:17,623.71,0.0,0.0,100.0,0.0,0,0.0,0.0,100.0,0.0,0,0.0,0.0,100.0,0.0,0,0.0,0.0,100.0,0.0,0,0.0,0.0,100.0,0.0,0,0.0,0.0,100.0,0.0,0
2026-06-19 12:37:18,624.47,0.0,0.0,100.0,0.0,0,0.0,0.0,100.0,0.0,0,0.0,0.0,100.0,0.0,0,0.0,0.0,100.0,0.0,0,0.0,0.0,100.0,0.0,0,0.0,0.0,100.0,0.0,0
2026-06-19 12:37:19,625.2,0.0,0.0,100.0,0.0,0,0.0,0.0,100.0,0.0,0,0.0,0.0,100.0,0.0,0,0.0,0.0,100.0,0.0,0,0.0,0.0,100.0,0.0,0,0.0,0.0,100.0,0.0,0
2026-06-19 12:37:20,625.94,0.0,0.0,100.0,0.0,0,0.0,0.0,100.0,0.0,0,0.0,0.0,100.0,0.0,0,0.0,0.0,100.0,0.0,0,0.0,0.0,100.0,0.0,0,0.0,0.0,100.0,0.0,0
2026-06-19 12:37:20,626.7,0.0,0.0,100.0,0.0,0,0.0,0.0,100.0,0.0,0,0.0,0.0,100.0,0.0,0,0.0,0.0,100.0,0.0,0,0.0,0.0,100.0,0.0,0,0.0,0.0,100.0,0.0,0
2026-06-19 12:37:21,627.46,0.0,0.0,100.0,0.0,0,0.0,0.0,100.0,0.0,0,0.0,0.0,100.0,0.0,0,0.0,0.0,100.0,0.0,0,0.0,0.0,100.0,0.0,0,0.0,0.0,100.0,0.0,0
2026-06-19 12:37:22,628.22,0.0,0.0,100.0,0.0,0,0.0,0.0,100.0,0.0,0,0.0,0.0,100.0,0.0,0,0.0,0.0,100.0,0.0,0,0.0,0.0,100.0,0.0,0,0.0,0.0,100.0,0.0,0
2026-06-19 12:37:23,628.96,0.0,0.0,100.0,0.0,0,0.0,0.0,100.0,0.0,0,0.0,0.0,100.0,0.0,0,0.0,0.0,100.0,0.0,0,0.0,0.0,100.0,0.0,0,0.0,0.0,100.0,0.0,0
2026-06-19 12:37:23,629.71,0.0,0.0,100.0,0.0,0,0.0,0.0,100.0,0.0,0,0.0,0.0,100.0,0.0,0,0.0,0.0,100.0,0.0,0,0.0,0.0,100.0,0.0,0,0.0,0.0,100.0,0.0,0
2026-06-19 12:37:24,630.46,0.0,0.0,100.0,0.0,0,0.0,0.0,100.0,0.0,0,0.0,0.0,100.0,0.0,0,0.0,0.0,100.0,0.0,0,0.0,0.0,100.0,0.0,0,0.0,0.0,100.0,0.0,0
2026-06-19 12:37:25,631.24,0.0,0.0,100.0,0.0,0,0.0,0.0,100.0,0.0,0,0.0,0.0,100.0,0.0,0,0.0,0.0,100.0,0.0,0,0.0,0.0,100.0,0.0,0,0.0,0.0,100.0,0.0,0
2026-06-19 12:37:26,632.0,0.0,0.0,100.0,0.0,0,0.0,0.0,100.0,0.0,0,0.0,0.0,100.0,0.0,0,0.0,0.0,100.0,0.0,0,0.0,0.0,100.0,0.0,0,0.0,0.0,100.0,0.0,0
2026-06-19 12:37:26,632.73,0.0,0.0,100.0,0.0,0,0.0,0.0,100.0,0.0,0,0.0,0.0,100.0,0.0,0,0.0,0.0,100.0,0.0,0,0.0,0.0,100.0,0.0,0,0.0,0.0,100.0,0.0,0
2026-06-19 12:37:27,633.49,0.0,0.0,100.0,0.0,0,0.0,0.0,100.0,0.0,0,0.0,0.0,100.0,0.0,0,0.0,0.0,100.0,0.0,0,0.0,0.0,100.0,0.0,0,0.0,0.0,100.0,0.0,0
2026-06-19 12:37:28,634.23,0.0,0.0,100.0,0.0,0,0.0,0.0,100.0,0.0,0,0.0,0.0,100.0,0.0,0,0.0,0.0,100.0,0.0,0,0.0,0.0,100.0,0.0,0,0.0,0.0,100.0,0.0,0
2026-06-19 12:37:29,634.96,0.0,0.0,100.0,0.0,0,0.0,0.0,100.0,0.0,0,0.0,0.0,100.0,0.0,0,0.0,0.0,100.0,0.0,0,0.0,0.0,100.0,0.0,0,0.0,0.0,100.0,0.0,0
2026-06-19 12:37:29,635.69,0.0,0.0,100.0,0.0,0,0.0,0.0,100.0,0.0,0,0.0,0.0,100.0,0.0,0,0.0,0.0,100.0,0.0,0,0.0,0.0,100.0,0.0,0,0.0,0.0,100.0,0.0,0
2026-06-19 12:37:30,636.45,0.0,0.0,100.0,0.0,0,0.0,0.0,100.0,0.0,0,0.0,0.0,100.0,0.0,0,0.0,0.0,100.0,0.0,0,0.0,0.0,100.0,0.0,0,0.0,0.0,100.0,0.0,0
2026-06-19 12:37:31,637.24,0.0,0.0,100.0,0.0,0,0.0,0.0,100.0,0.0,0,0.0,0.0,100.0,0.0,0,0.0,0.0,100.0,0.0,0,0.0,0.0,100.0,0.0,0,0.0,0.0,100.0,0.0,0
2026-06-19 12:37:32,637.96,0.0,0.0,100.0,0.0,0,0.0,0.0,100.0,0.0,0,0.0,0.0,100.0,0.0,0,0.0,0.0,100.0,0.0,0,0.0,0.0,100.0,0.0,0,0.0,0.0,100.0,0.0,0
2026-06-19 12:37:32,638.7,0.0,0.0,100.0,0.0,0,0.0,0.0,100.0,0.0,0,0.0,0.0,100.0,0.0,0,0.0,0.0,100.0,0.0,0,0.0,0.0,100.0,0.0,0,0.0,0.0,100.0,0.0,0
2026-06-19 12:37:33,639.48,0.0,0.0,100.0,0.0,0,0.0,0.0,100.0,0.0,0,0.0,0.0,100.0,0.0,0,0.0,0.0,100.0,0.0,0,0.0,0.0,100.0,0.0,0,0.0,0.0,100.0,0.0,0
2026-06-19 12:37:34,640.23,0.0,0.0,100.0,0.0,0,0.0,0.0,100.0,0.0,0,0.0,0.0,100.0,0.0,0,0.0,0.0,100.0,0.0,0,0.0,0.0,100.0,0.0,0,0.0,0.0,100.0,0.0,0
2026-06-19 12:37:35,640.98,0.0,0.0,100.0,0.0,0,0.0,0.0,100.0,0.0,0,0.0,0.0,100.0,0.0,0,0.0,0.0,100.0,0.0,0,0.0,0.0,100.0,0.0,0,0.0,0.0,100.0,0.0,0
2026-06-19 12:37:35,641.71,0.0,0.0,100.0,0.0,0,0.0,0.0,100.0,0.0,0,0.0,0.0,100.0,0.0,0,0.0,0.0,100.0,0.0,0,0.0,0.0,100.0,0.0,0,0.0,0.0,100.0,0.0,0
2026-06-19 12:37:36,642.48,0.0,0.0,100.0,0.0,0,0.0,0.0,100.0,0.0,0,0.0,0.0,100.0,0.0,0,0.0,0.0,100.0,0.0,0,0.0,0.0,100.0,0.0,0,0.0,0.0,100.0,0.0,0
2026-06-19 12:37:37,643.25,0.0,0.0,100.0,0.0,0,0.0,0.0,100.0,0.0,0,0.0,0.0,100.0,0.0,0,0.0,0.0,100.0,0.0,0,0.0,0.0,100.0,0.0,0,0.0,0.0,100.0,0.0,0
2026-06-19 12:37:38,644.0,0.0,0.0,100.0,0.0,0,0.0,0.0,100.0,0.0,0,0.0,0.0,100.0,0.0,0,0.0,0.0,100.0,0.0,0,0.0,0.0,100.0,0.0,0,0.0,0.0,100.0,0.0,0
2026-06-19 12:37:38,644.74,0.0,0.0,100.0,0.0,0,0.0,0.0,100.0,0.0,0,0.0,0.0,100.0,0.0,0,0.0,0.0,100.0,0.0,0,0.0,0.0,100.0,0.0,0,0.0,0.0,100.0,0.0,0
2026-06-19 12:37:39,645.52,0.0,0.0,100.0,0.0,0,0.0,0.0,100.0,0.0,0,0.0,0.0,100.0,0.0,0,0.0,0.0,100.0,0.0,0,0.0,0.0,100.0,0.0,0,0.0,0.0,100.0,0.0,0
2026-06-19 12:37:40,646.25,0.0,0.0,100.0,0.0,0,0.0,0.0,100.0,0.0,0,0.0,0.0,100.0,0.0,0,0.0,0.0,100.0,0.0,0,0.0,0.0,100.0,0.0,0,0.0,0.0,100.0,0.0,0
2026-06-19 12:37:41,646.98,0.0,0.0,100.0,0.0,0,0.0,0.0,100.0,0.0,0,0.0,0.0,100.0,0.0,0,0.0,0.0,100.0,0.0,0,0.0,0.0,100.0,0.0,0,0.0,0.0,100.0,0.0,0
2026-06-19 12:37:41,647.71,0.0,0.0,100.0,0.0,0,0.0,0.0,100.0,0.0,0,0.0,0.0,100.0,0.0,0,0.0,0.0,100.0,0.0,0,0.0,0.0,100.0,0.0,0,0.0,0.0,100.0,0.0,0
2026-06-19 12:37:42,648.46,0.0,0.0,100.0,0.0,0,0.0,0.0,100.0,0.0,0,0.0,0.0,100.0,0.0,0,0.0,0.0,100.0,0.0,0,0.0,0.0,100.0,0.0,0,0.0,0.0,100.0,0.0,0
2026-06-19 12:37:43,649.21,0.0,0.0,100.0,0.0,0,0.0,0.0,100.0,0.0,0,0.0,0.0,100.0,0.0,0,0.0,0.0,100.0,0.0,0,0.0,0.0,100.0,0.0,0,0.0,0.0,100.0,0.0,0
2026-06-19 12:37:44,649.97,0.0,0.0,100.0,0.0,0,0.0,0.0,100.0,0.0,0,0.0,0.0,100.0,0.0,0,0.0,0.0,100.0,0.0,0,0.0,0.0,100.0,0.0,0,0.0,0.0,100.0,0.0,0
2026-06-19 12:37:44,650.69,0.0,0.0,100.0,0.0,0,0.0,0.0,100.0,0.0,0,0.0,0.0,100.0,0.0,0,0.0,0.0,100.0,0.0,0,0.0,0.0,100.0,0.0,0,0.0,0.0,100.0,0.0,0
2026-06-19 12:37:45,651.48,0.0,0.0,100.0,0.0,0,0.0,0.0,100.0,0.0,0,0.0,0.0,100.0,0.0,0,0.0,0.0,100.0,0.0,0,0.0,0.0,100.0,0.0,0,0.0,0.0,100.0,0.0,0
2026-06-19 12:37:46,652.23,0.0,0.0,100.0,0.0,0,0.0,0.0,100.0,0.0,0,0.0,0.0,100.0,0.0,0,0.0,0.0,100.0,0.0,0,0.0,0.0,100.0,0.0,0,0.0,0.0,100.0,0.0,0
2026-06-19 12:37:47,652.96,0.0,0.0,100.0,0.0,0,0.0,0.0,100.0,0.0,0,0.0,0.0,100.0,0.0,0,0.0,0.0,100.0,0.0,0,0.0,0.0,100.0,0.0,0,0.0,0.0,100.0,0.0,0
2026-06-19 12:37:47,653.72,0.0,0.0,100.0,0.0,0,0.0,0.0,100.0,0.0,0,0.0,0.0,100.0,0.0,0,0.0,0.0,100.0,0.0,0,0.0,0.0,100.0,0.0,0,0.0,0.0,100.0,0.0,0
2026-06-19 12:37:48,654.45,0.0,0.0,100.0,0.0,0,0.0,0.0,100.0,0.0,0,0.0,0.0,100.0,0.0,0,0.0,0.0,100.0,0.0,0,0.0,0.0,100.0,0.0,0,0.0,0.0,100.0,0.0,0
2026-06-19 12:37:49,655.19,0.0,0.0,100.0,0.0,0,0.0,0.0,100.0,0.0,0,0.0,0.0,100.0,0.0,0,0.0,0.0,100.0,0.0,0,0.0,0.0,100.0,0.0,0,0.0,0.0,100.0,0.0,0
2026-06-19 12:37:50,655.93,0.0,0.0,100.0,0.0,0,0.0,0.0,100.0,0.0,0,0.0,0.0,100.0,0.0,0,0.0,0.0,100.0,0.0,0,0.0,0.0,100.0,0.0,0,0.0,0.0,100.0,0.0,0
2026-06-19 12:37:50,656.72,0.0,0.0,100.0,0.0,0,0.0,0.0,100.0,0.0,0,0.0,0.0,100.0,0.0,0,0.0,0.0,100.0,0.0,0,0.0,0.0,100.0,0.0,0,0.0,0.0,100.0,0.0,0
2026-06-19 12:37:51,657.51,0.0,0.0,100.0,0.0,0,0.0,0.0,100.0,0.0,0,0.0,0.0,100.0,0.0,0,0.0,0.0,100.0,0.0,0,0.0,0.0,100.0,0.0,0,0.0,0.0,100.0,0.0,0
2026-06-19 12:37:52,658.3,0.0,0.0,100.0,0.0,0,0.0,0.0,100.0,0.0,0,0.0,0.0,100.0,0.0,0,0.0,0.0,100.0,0.0,0,0.0,0.0,100.0,0.0,0,0.0,0.0,100.0,0.0,0
2026-06-19 12:37:53,659.07,0.0,0.0,100.0,0.0,0,0.0,0.0,100.0,0.0,0,0.0,0.0,100.0,0.0,0,0.0,0.0,100.0,0.0,0,0.0,0.0,100.0,0.0,0,0.0,0.0,100.0,0.0,0
2026-06-19 12:37:54,659.85,0.0,0.0,100.0,0.0,0,0.0,0.0,100.0,0.0,0,0.0,0.0,100.0,0.0,0,0.0,0.0,100.0,0.0,0,0.0,0.0,100.0,0.0,0,0.0,0.0,100.0,0.0,0
2026-06-19 12:37:54,660.61,0.0,0.0,100.0,0.0,0,0.0,0.0,100.0,0.0,0,0.0,0.0,100.0,0.0,0,0.0,0.0,100.0,0.0,0,0.0,0.0,100.0,0.0,0,0.0,0.0,100.0,0.0,0
2026-06-19 12:37:55,661.41,0.0,0.0,100.0,0.0,0,0.0,0.0,100.0,0.0,0,0.0,0.0,100.0,0.0,0,0.0,0.0,100.0,0.0,0,0.0,0.0,100.0,0.0,0,0.0,0.0,100.0,0.0,0
2026-06-19 12:37:56,662.15,0.0,0.0,100.0,0.0,0,0.0,0.0,100.0,0.0,0,0.0,0.0,100.0,0.0,0,0.0,0.0,100.0,0.0,0,0.0,0.0,100.0,0.0,0,0.0,0.0,100.0,0.0,0
2026-06-19 12:37:57,662.87,0.0,0.0,100.0,0.0,0,0.0,0.0,100.0,0.0,0,0.0,0.0,100.0,0.0,0,0.0,0.0,100.0,0.0,0,0.0,0.0,100.0,0.0,0,0.0,0.0,100.0,0.0,0
2026-06-19 12:37:57,663.63,0.0,0.0,100.0,0.0,0,0.0,0.0,100.0,0.0,0,0.0,0.0,100.0,0.0,0,0.0,0.0,100.0,0.0,0,0.0,0.0,100.0,0.0,0,0.0,0.0,100.0,0.0,0
2026-06-19 12:37:58,664.43,0.0,0.0,100.0,0.0,0,0.0,0.0,100.0,0.0,0,0.0,0.0,100.0,0.0,0,0.0,0.0,100.0,0.0,0,0.0,0.0,100.0,0.0,0,0.0,0.0,100.0,0.0,0
2026-06-19 12:37:59,665.19,0.0,0.0,100.0,0.0,0,0.0,0.0,100.0,0.0,0,0.0,0.0,100.0,0.0,0,0.0,0.0,100.0,0.0,0,0.0,0.0,100.0,0.0,0,0.0,0.0,100.0,0.0,0
2026-06-19 12:38:00,666.0,0.0,0.0,100.0,0.0,0,0.0,0.0,100.0,0.0,0,0.0,0.0,100.0,0.0,0,0.0,0.0,100.0,0.0,0,0.0,0.0,100.0,0.0,0,0.0,0.0,100.0,0.0,0
2026-06-19 12:38:00,666.77,0.0,0.0,100.0,0.0,0,0.0,0.0,100.0,0.0,0,0.0,0.0,100.0,0.0,0,0.0,0.0,100.0,0.0,0,0.0,0.0,100.0,0.0,0,0.0,0.0,100.0,0.0,0
2026-06-19 12:38:01,667.53,0.0,0.0,100.0,0.0,0,0.0,0.0,100.0,0.0,0,0.0,0.0,100.0,0.0,0,0.0,0.0,100.0,0.0,0,0.0,0.0,100.0,0.0,0,0.0,0.0,100.0,0.0,0
2026-06-19 12:38:02,668.3,0.0,0.0,100.0,0.0,0,0.0,0.0,100.0,0.0,0,0.0,0.0,100.0,0.0,0,0.0,0.0,100.0,0.0,0,0.0,0.0,100.0,0.0,0,0.0,0.0,100.0,0.0,0
2026-06-19 12:38:03,669.06,0.0,0.0,100.0,0.0,0,0.0,0.0,100.0,0.0,0,0.0,0.0,100.0,0.0,0,0.0,0.0,100.0,0.0,0,0.0,0.0,100.0,0.0,0,0.0,0.0,100.0,0.0,0
2026-06-19 12:38:03,669.79,0.0,0.0,100.0,0.0,0,0.0,0.0,100.0,0.0,0,0.0,0.0,100.0,0.0,0,0.0,0.0,100.0,0.0,0,0.0,0.0,100.0,0.0,0,0.0,0.0,100.0,0.0,0
2026-06-19 12:38:04,670.53,0.0,0.0,100.0,0.0,0,0.0,0.0,100.0,0.0,0,0.0,0.0,100.0,0.0,0,0.0,0.0,100.0,0.0,0,0.0,0.0,100.0,0.0,0,0.0,0.0,100.0,0.0,0
2026-06-19 12:38:05,671.27,0.0,0.0,100.0,0.0,0,0.0,0.0,100.0,0.0,0,0.0,0.0,100.0,0.0,0,0.0,0.0,100.0,0.0,0,0.0,0.0,100.0,0.0,0,0.0,0.0,100.0,0.0,0
2026-06-19 12:38:06,672.0,0.0,0.0,100.0,0.0,0,0.0,0.0,100.0,0.0,0,0.0,0.0,100.0,0.0,0,0.0,0.0,100.0,0.0,0,0.0,0.0,100.0,0.0,0,0.0,0.0,100.0,0.0,0
2026-06-19 12:38:06,672.75,0.0,0.0,100.0,0.0,0,0.0,0.0,100.0,0.0,0,0.0,0.0,100.0,0.0,0,0.0,0.0,100.0,0.0,0,0.0,0.0,100.0,0.0,0,0.0,0.0,100.0,0.0,0
2026-06-19 12:38:07,673.54,0.0,0.0,100.0,0.0,0,0.0,0.0,100.0,0.0,0,0.0,0.0,100.0,0.0,0,0.0,0.0,100.0,0.0,0,0.0,0.0,100.0,0.0,0,0.0,0.0,100.0,0.0,0
2026-06-19 12:38:08,674.28,0.0,0.0,100.0,0.0,0,0.0,0.0,100.0,0.0,0,0.0,0.0,100.0,0.0,0,0.0,0.0,100.0,0.0,0,0.0,0.0,100.0,0.0,0,0.0,0.0,100.0,0.0,0
2026-06-19 12:38:09,675.05,0.0,0.0,100.0,0.0,0,0.0,0.0,100.0,0.0,0,0.0,0.0,100.0,0.0,0,0.0,0.0,100.0,0.0,0,0.0,0.0,100.0,0.0,0,0.0,0.0,100.0,0.0,0
2026-06-19 12:38:10,675.85,0.0,0.0,100.0,0.0,0,0.0,0.0,100.0,0.0,0,0.0,0.0,100.0,0.0,0,0.0,0.0,100.0,0.0,0,0.0,0.0,100.0,0.0,0,0.0,0.0,100.0,0.0,0
2026-06-19 12:38:10,676.62,0.0,0.0,100.0,0.0,0,0.0,0.0,100.0,0.0,0,0.0,0.0,100.0,0.0,0,0.0,0.0,100.0,0.0,0,0.0,0.0,100.0,0.0,0,0.0,0.0,100.0,0.0,0
2026-06-19 12:38:11,677.37,0.0,0.0,100.0,0.0,0,0.0,0.0,100.0,0.0,0,0.0,0.0,100.0,0.0,0,0.0,0.0,100.0,0.0,0,0.0,0.0,100.0,0.0,0,0.0,0.0,100.0,0.0,0
2026-06-19 12:38:12,678.12,0.0,0.0,100.0,0.0,0,0.0,0.0,100.0,0.0,0,0.0,0.0,100.0,0.0,0,0.0,0.0,100.0,0.0,0,0.0,0.0,100.0,0.0,0,0.0,0.0,100.0,0.0,0
2026-06-19 12:38:13,678.89,0.0,0.0,100.0,0.0,0,0.0,0.0,100.0,0.0,0,0.0,0.0,100.0,0.0,0,0.0,0.0,100.0,0.0,0,0.0,0.0,100.0,0.0,0,0.0,0.0,100.0,0.0,0
2026-06-19 12:38:13,679.65,0.0,0.0,100.0,0.0,0,0.0,0.0,100.0,0.0,0,0.0,0.0,100.0,0.0,0,0.0,0.0,100.0,0.0,0,0.0,0.0,100.0,0.0,0,0.0,0.0,100.0,0.0,0
2026-06-19 12:38:14,680.39,0.0,0.0,100.0,0.0,0,0.0,0.0,100.0,0.0,0,0.0,0.0,100.0,0.0,0,0.0,0.0,100.0,0.0,0,0.0,0.0,100.0,0.0,0,0.0,0.0,100.0,0.0,0
2026-06-19 12:38:15,681.14,0.0,0.0,100.0,0.0,0,0.0,0.0,100.0,0.0,0,0.0,0.0,100.0,0.0,0,0.0,0.0,100.0,0.0,0,0.0,0.0,100.0,0.0,0,0.0,0.0,100.0,0.0,0
2026-06-19 12:38:16,681.92,0.0,0.0,100.0,0.0,0,0.0,0.0,100.0,0.0,0,0.0,0.0,100.0,0.0,0,0.0,0.0,100.0,0.0,0,0.0,0.0,100.0,0.0,0,0.0,0.0,100.0,0.0,0
2026-06-19 12:38:16,682.7,0.0,0.0,100.0,0.0,0,0.0,0.0,100.0,0.0,0,0.0,0.0,100.0,0.0,0,0.0,0.0,100.0,0.0,0,0.0,0.0,100.0,0.0,0,0.0,0.0,100.0,0.0,0
2026-06-19 12:38:17,683.51,0.0,0.0,100.0,0.0,0,0.0,0.0,100.0,0.0,0,0.0,0.0,100.0,0.0,0,0.0,0.0,100.0,0.0,0,0.0,0.0,100.0,0.0,0,0.0,0.0,100.0,0.0,0
2026-06-19 12:38:18,684.33,0.0,0.0,100.0,0.0,0,0.0,0.0,100.0,0.0,0,0.0,0.0,100.0,0.0,0,0.0,0.0,100.0,0.0,0,0.0,0.0,100.0,0.0,0,0.0,0.0,100.0,0.0,0
2026-06-19 12:38:19,685.14,0.0,0.0,100.0,0.0,0,0.0,0.0,100.0,0.0,0,0.0,0.0,100.0,0.0,0,0.0,0.0,100.0,0.0,0,0.0,0.0,100.0,0.0,0,0.0,0.0,100.0,0.0,0
2026-06-19 12:38:20,686.0,0.0,0.0,100.0,0.0,0,0.0,0.0,100.0,0.0,0,0.0,0.0,100.0,0.0,0,0.0,0.0,100.0,0.0,0,0.0,0.0,100.0,0.0,0,0.0,0.0,100.0,0.0,0
2026-06-19 12:38:21,686.81,0.0,0.0,100.0,0.0,0,0.0,0.0,100.0,0.0,0,0.0,0.0,100.0,0.0,0,0.0,0.0,100.0,0.0,0,0.0,0.0,100.0,0.0,0,0.0,0.0,100.0,0.0,0
2026-06-19 12:38:21,687.59,0.0,0.0,100.0,0.0,0,0.0,0.0,100.0,0.0,0,0.0,0.0,100.0,0.0,0,0.0,0.0,100.0,0.0,0,0.0,0.0,100.0,0.0,0,0.0,0.0,100.0,0.0,0
2026-06-19 12:38:22,688.34,0.0,0.0,100.0,0.0,0,0.0,0.0,100.0,0.0,0,0.0,0.0,100.0,0.0,0,0.0,0.0,100.0,0.0,0,0.0,0.0,100.0,0.0,0,0.0,0.0,100.0,0.0,0
2026-06-19 12:38:23,689.16,0.0,0.0,100.0,0.0,0,0.0,0.0,100.0,0.0,0,0.0,0.0,100.0,0.0,0,0.0,0.0,100.0,0.0,0,0.0,0.0,100.0,0.0,0,0.0,0.0,100.0,0.0,0
2026-06-19 12:38:24,689.92,0.0,0.0,100.0,0.0,0,0.0,0.0,100.0,0.0,0,0.0,0.0,100.0,0.0,0,0.0,0.0,100.0,0.0,0,0.0,0.0,100.0,0.0,0,0.0,0.0,100.0,0.0,0
2026-06-19 12:38:24,690.67,0.0,0.0,100.0,0.0,0,0.0,0.0,100.0,0.0,0,0.0,0.0,100.0,0.0,0,0.0,0.0,100.0,0.0,0,0.0,0.0,100.0,0.0,0,0.0,0.0,100.0,0.0,0
2026-06-19 12:38:25,691.45,0.0,0.0,100.0,0.0,0,0.0,0.0,100.0,0.0,0,0.0,0.0,100.0,0.0,0,0.0,0.0,100.0,0.0,0,0.0,0.0,100.0,0.0,0,0.0,0.0,100.0,0.0,0
2026-06-19 12:38:26,692.26,0.0,0.0,100.0,0.0,0,0.0,0.0,100.0,0.0,0,0.0,0.0,100.0,0.0,0,0.0,0.0,100.0,0.0,0,0.0,0.0,100.0,0.0,0,0.0,0.0,100.0,0.0,0
2026-06-19 12:38:27,693.07,0.0,0.0,100.0,0.0,0,0.0,0.0,100.0,0.0,0,0.0,0.0,100.0,0.0,0,0.0,0.0,100.0,0.0,0,0.0,0.0,100.0,0.0,0,0.0,0.0,100.0,0.0,0
2026-06-19 12:38:28,693.81,0.0,0.0,100.0,0.0,0,0.0,0.0,100.0,0.0,0,0.0,0.0,100.0,0.0,0,0.0,0.0,100.0,0.0,0,0.0,0.0,100.0,0.0,0,0.0,0.0,100.0,0.0,0
2026-06-19 12:38:28,694.59,0.0,0.0,100.0,0.0,0,0.0,0.0,100.0,0.0,0,0.0,0.0,100.0,0.0,0,0.0,0.0,100.0,0.0,0,0.0,0.0,100.0,0.0,0,0.0,0.0,100.0,0.0,0
2026-06-19 12:38:29,695.35,0.0,0.0,100.0,0.0,0,0.0,0.0,100.0,0.0,0,0.0,0.0,100.0,0.0,0,0.0,0.0,100.0,0.0,0,0.0,0.0,100.0,0.0,0,0.0,0.0,100.0,0.0,0
2026-06-19 12:38:30,696.16,0.0,0.0,100.0,0.0,0,0.0,0.0,100.0,0.0,0,0.0,0.0,100.0,0.0,0,0.0,0.0,100.0,0.0,0,0.0,0.0,100.0,0.0,0,0.0,0.0,100.0,0.0,0
2026-06-19 12:38:31,696.91,0.0,0.0,100.0,0.0,0,0.0,0.0,100.0,0.0,0,0.0,0.0,100.0,0.0,0,0.0,0.0,100.0,0.0,0,0.0,0.0,100.0,0.0,0,0.0,0.0,100.0,0.0,0
2026-06-19 12:38:31,697.67,0.0,0.0,100.0,0.0,0,0.0,0.0,100.0,0.0,0,0.0,0.0,100.0,0.0,0,0.0,0.0,100.0,0.0,0,0.0,0.0,100.0,0.0,0,0.0,0.0,100.0,0.0,0
2026-06-19 12:38:32,698.45,0.0,0.0,100.0,0.0,0,0.0,0.0,100.0,0.0,0,0.0,0.0,100.0,0.0,0,0.0,0.0,100.0,0.0,0,0.0,0.0,100.0,0.0,0,0.0,0.0,100.0,0.0,0
2026-06-19 12:38:33,699.2,0.0,0.0,100.0,0.0,0,0.0,0.0,100.0,0.0,0,0.0,0.0,100.0,0.0,0,0.0,0.0,100.0,0.0,0,0.0,0.0,100.0,0.0,0,0.0,0.0,100.0,0.0,0
2026-06-19 12:38:34,699.95,0.0,0.0,100.0,0.0,0,0.0,0.0,100.0,0.0,0,0.0,0.0,100.0,0.0,0,0.0,0.0,100.0,0.0,0,0.0,0.0,100.0,0.0,0,0.0,0.0,100.0,0.0,0
2026-06-19 12:38:34,700.71,0.0,0.0,100.0,0.0,0,0.0,0.0,100.0,0.0,0,0.0,0.0,100.0,0.0,0,0.0,0.0,100.0,0.0,0,0.0,0.0,100.0,0.0,0,0.0,0.0,100.0,0.0,0
2026-06-19 12:38:35,701.52,0.0,0.0,100.0,0.0,0,0.0,0.0,100.0,0.0,0,0.0,0.0,100.0,0.0,0,0.0,0.0,100.0,0.0,0,0.0,0.0,100.0,0.0,0,0.0,0.0,100.0,0.0,0
2026-06-19 12:38:36,702.26,0.0,0.0,100.0,0.0,0,0.0,0.0,100.0,0.0,0,0.0,0.0,100.0,0.0,0,0.0,0.0,100.0,0.0,0,0.0,0.0,100.0,0.0,0,0.0,0.0,100.0,0.0,0
2026-06-19 12:38:37,703.01,0.0,0.0,100.0,0.0,0,0.0,0.0,100.0,0.0,0,0.0,0.0,100.0,0.0,0,0.0,0.0,100.0,0.0,0,0.0,0.0,100.0,0.0,0,0.0,0.0,100.0,0.0,0
2026-06-19 12:38:38,703.82,0.0,0.0,100.0,0.0,0,0.0,0.0,100.0,0.0,0,0.0,0.0,100.0,0.0,0,0.0,0.0,100.0,0.0,0,0.0,0.0,100.0,0.0,0,0.0,0.0,100.0,0.0,0
2026-06-19 12:38:38,704.59,0.0,0.0,100.0,0.0,0,0.0,0.0,100.0,0.0,0,0.0,0.0,100.0,0.0,0,0.0,0.0,100.0,0.0,0,0.0,0.0,100.0,0.0,0,0.0,0.0,100.0,0.0,0
2026-06-19 12:38:39,705.34,0.0,0.0,100.0,0.0,0,0.0,0.0,100.0,0.0,0,0.0,0.0,100.0,0.0,0,0.0,0.0,100.0,0.0,0,0.0,0.0,100.0,0.0,0,0.0,0.0,100.0,0.0,0
2026-06-19 12:38:40,706.09,0.0,0.0,100.0,0.0,0,0.0,0.0,100.0,0.0,0,0.0,0.0,100.0,0.0,0,0.0,0.0,100.0,0.0,0,0.0,0.0,100.0,0.0,0,0.0,0.0,100.0,0.0,0
2026-06-19 12:38:41,706.84,0.0,0.0,100.0,0.0,0,0.0,0.0,100.0,0.0,0,0.0,0.0,100.0,0.0,0,0.0,0.0,100.0,0.0,0,0.0,0.0,100.0,0.0,0,0.0,0.0,100.0,0.0,0
2026-06-19 12:38:41,707.63,0.0,0.0,100.0,0.0,0,0.0,0.0,100.0,0.0,0,0.0,0.0,100.0,0.0,0,0.0,0.0,100.0,0.0,0,0.0,0.0,100.0,0.0,0,0.0,0.0,100.0,0.0,0
2026-06-19 12:38:42,708.39,0.0,0.0,100.0,0.0,0,0.0,0.0,100.0,0.0,0,0.0,0.0,100.0,0.0,0,0.0,0.0,100.0,0.0,0,0.0,0.0,100.0,0.0,0,0.0,0.0,100.0,0.0,0
2026-06-19 12:38:43,709.14,0.0,0.0,100.0,0.0,0,0.0,0.0,100.0,0.0,0,0.0,0.0,100.0,0.0,0,0.0,0.0,100.0,0.0,0,0.0,0.0,100.0,0.0,0,0.0,0.0,100.0,0.0,0
2026-06-19 12:38:44,709.87,0.0,0.0,100.0,0.0,0,0.0,0.0,100.0,0.0,0,0.0,0.0,100.0,0.0,0,0.0,0.0,100.0,0.0,0,0.0,0.0,100.0,0.0,0,0.0,0.0,100.0,0.0,0
2026-06-19 12:38:44,710.62,0.0,0.0,100.0,0.0,0,0.0,0.0,100.0,0.0,0,0.0,0.0,100.0,0.0,0,0.0,0.0,100.0,0.0,0,0.0,0.0,100.0,0.0,0,0.0,0.0,100.0,0.0,0
2026-06-19 12:38:45,711.39,0.0,0.0,100.0,0.0,0,0.0,0.0,100.0,0.0,0,0.0,0.0,100.0,0.0,0,0.0,0.0,100.0,0.0,0,0.0,0.0,100.0,0.0,0,0.0,0.0,100.0,0.0,0
2026-06-19 12:38:46,712.15,0.0,0.0,100.0,0.0,0,0.0,0.0,100.0,0.0,0,0.0,0.0,100.0,0.0,0,0.0,0.0,100.0,0.0,0,0.0,0.0,100.0,0.0,0,0.0,0.0,100.0,0.0,0
2026-06-19 12:38:46,712.4,0.0,0.0,100.0,0.0,0,0.0,0.0,100.0,0.0,0,0.0,0.0,100.0,0.0,0,0.0,0.0,100.0,0.0,0,0.0,0.0,100.0,0.0,0,0.0,0.0,100.0,0.0,0
2026-06-19 12:38:47,713.19,0.0,0.0,100.0,0.0,0,0.0,0.0,100.0,0.0,0,0.0,0.0,100.0,0.0,0,0.0,0.0,100.0,0.0,0,0.0,0.0,100.0,0.0,0,0.0,0.0,100.0,0.0,0
