Timestamp,Elapsed,ch0_setV,ch0_monV,ch0_setI,ch0_monI,ch0_status,ch1_setV,ch1_monV,ch1_setI,ch1_monI,ch1_status,ch2_setV,ch2_monV,ch2_setI,ch2_monI,ch2_status,ch3_setV,ch3_monV,ch3_setI,ch3_monI,ch3_status,ch4_setV,ch4_monV,ch4_setI,ch4_monI,ch4_status,ch5_setV,ch5_monV,ch5_setI,ch5_monI,ch5_status
2026-06-19 16:58:23,2.81,50.0,43.0,100.0,0.0,1,100.0,92.0,100.0,0.0,1,100.0,93.0,100.0,0.0,1,0.0,0.0,100.0,0.0,0,0.0,0.0,100.0,0.0,0,0.0,0.0,100.0,0.0,0
2026-06-19 16:58:23,3.68,50.0,43.0,100.0,0.0,1,100.0,92.0,100.0,0.0,1,100.0,93.0,100.0,0.0,1,0.0,0.0,100.0,0.0,0,0.0,0.0,100.0,0.0,0,0.0,0.0,100.0,0.0,0
2026-06-19 16:58:24,4.39,50.0,43.0,100.0,0.0,1,100.0,92.0,100.0,0.0,1,100.0,93.0,100.0,0.0,1,0.0,0.0,100.0,0.0,0,0.0,0.0,100.0,0.0,0,0.0,0.0,100.0,0.0,0
2026-06-19 16:58:25,5.12,50.0,43.0,100.0,0.0,1,100.0,92.0,100.0,0.0,1,100.0,93.0,100.0,0.0,1,0.0,0.0,100.0,0.0,0,0.0,0.0,100.0,0.0,0,0.0,0.0,100.0,0.0,0
2026-06-19 16:58:26,5.88,50.0,43.0,100.0,0.0,1,100.0,92.0,100.0,0.0,1,100.0,93.0,100.0,0.0,1,0.0,0.0,100.0,0.0,0,0.0,0.0,100.0,0.0,0,0.0,0.0,100.0,0.0,0
2026-06-19 16:58:26,6.61,50.0,43.0,100.0,0.0,1,100.0,92.0,100.0,0.0,1,100.0,93.0,100.0,0.0,1,0.0,0.0,100.0,0.0,0,0.0,0.0,100.0,0.0,0,0.0,0.0,100.0,0.0,0
2026-06-19 16:58:27,7.33,50.0,43.0,100.0,0.0,1,100.0,92.0,100.0,0.0,1,100.0,93.0,100.0,0.0,1,0.0,0.0,100.0,0.0,0,0.0,0.0,100.0,0.0,0,0.0,0.0,100.0,0.0,0
2026-06-19 16:58:28,8.07,50.0,43.0,100.0,0.0,1,100.0,92.0,100.0,0.0,1,100.0,93.0,100.0,0.0,1,0.0,0.0,100.0,0.0,0,0.0,0.0,100.0,0.0,0,0.0,0.0,100.0,0.0,0
2026-06-19 16:58:29,8.79,50.0,43.0,100.0,0.0,1,100.0,92.0,100.0,0.0,1,100.0,93.0,100.0,0.0,1,0.0,0.0,100.0,0.0,0,0.0,0.0,100.0,0.0,0,0.0,0.0,100.0,0.0,0
2026-06-19 16:58:29,9.5,50.0,43.0,100.0,0.0,1,100.0,92.0,100.0,0.0,1,100.0,93.0,100.0,0.0,1,0.0,0.0,100.0,0.0,0,0.0,0.0,100.0,0.0,0,0.0,0.0,100.0,0.0,0
2026-06-19 16:58:30,10.21,50.0,43.0,100.0,0.0,1,100.0,92.0,100.0,0.0,1,100.0,93.0,100.0,0.0,1,0.0,0.0,100.0,0.0,0,0.0,0.0,100.0,0.0,0,0.0,0.0,100.0,0.0,0
2026-06-19 16:58:31,11.14,50.0,43.0,100.0,0.0,1,100.0,92.0,100.0,0.0,1,100.0,93.0,100.0,0.0,1,0.0,0.0,100.0,0.0,0,0.0,0.0,100.0,0.0,0,0.0,0.0,100.0,0.0,0
2026-06-19 16:58:32,12.2,50.0,43.0,100.0,0.0,1,100.0,92.0,100.0,0.0,1,100.0,93.0,100.0,0.0,1,0.0,0.0,100.0,0.0,0,0.0,0.0,100.0,0.0,0,0.0,0.0,100.0,0.0,0
2026-06-19 16:58:33,12.92,50.0,43.0,100.0,0.0,1,100.0,92.0,100.0,0.0,1,100.0,93.0,100.0,0.0,1,0.0,0.0,100.0,0.0,0,0.0,0.0,100.0,0.0,0,0.0,0.0,100.0,0.0,0
2026-06-19 16:58:33,13.66,50.0,43.0,100.0,0.0,1,100.0,92.0,100.0,0.0,1,100.0,93.0,100.0,0.0,1,0.0,0.0,100.0,0.0,0,0.0,0.0,100.0,0.0,0,0.0,0.0,100.0,0.0,0
2026-06-19 16:58:34,14.52,50.0,43.0,100.0,0.0,1,100.0,92.0,100.0,0.0,1,100.0,93.0,100.0,0.0,1,0.0,0.0,100.0,0.0,0,0.0,0.0,100.0,0.0,0,0.0,0.0,100.0,0.0,0
2026-06-19 16:58:35,15.26,50.0,43.0,100.0,0.0,1,100.0,92.0,100.0,0.0,1,100.0,93.0,100.0,0.0,1,0.0,0.0,100.0,0.0,0,0.0,0.0,100.0,0.0,0,0.0,0.0,100.0,0.0,0
2026-06-19 16:58:36,16.01,50.0,43.0,100.0,0.0,1,100.0,92.0,100.0,0.0,1,100.0,93.0,100.0,0.0,1,0.0,0.0,100.0,0.0,0,0.0,0.0,100.0,0.0,0,0.0,0.0,100.0,0.0,0
2026-06-19 16:58:36,16.72,50.0,43.0,100.0,0.0,1,100.0,92.0,100.0,0.0,1,100.0,93.0,100.0,0.0,1,0.0,0.0,100.0,0.0,0,0.0,0.0,100.0,0.0,0,0.0,0.0,100.0,0.0,0
2026-06-19 16:58:37,17.43,50.0,43.0,100.0,0.0,1,100.0,92.0,100.0,0.0,1,100.0,93.0,100.0,0.0,1,0.0,0.0,100.0,0.0,0,0.0,0.0,100.0,0.0,0,0.0,0.0,100.0,0.0,0
2026-06-19 16:58:38,18.16,50.0,43.0,100.0,0.0,1,100.0,92.0,100.0,0.0,1,100.0,93.0,100.0,0.0,1,0.0,0.0,100.0,0.0,0,0.0,0.0,100.0,0.0,0,0.0,0.0,100.0,0.0,0
2026-06-19 16:58:39,18.88,50.0,43.0,100.0,0.0,1,100.0,92.0,100.0,0.0,1,100.0,93.0,100.0,0.0,1,0.0,0.0,100.0,0.0,0,0.0,0.0,100.0,0.0,0,0.0,0.0,100.0,0.0,0
2026-06-19 16:58:39,19.61,50.0,43.0,100.0,0.0,1,100.0,92.0,100.0,0.0,1,100.0,93.0,100.0,0.0,1,0.0,0.0,100.0,0.0,0,0.0,0.0,100.0,0.0,0,0.0,0.0,100.0,0.0,0
2026-06-19 16:58:40,20.33,50.0,43.0,100.0,0.0,1,100.0,92.0,100.0,0.0,1,100.0,93.0,100.0,0.0,1,0.0,0.0,100.0,0.0,0,0.0,0.0,100.0,0.0,0,0.0,0.0,100.0,0.0,0
2026-06-19 16:58:41,21.05,50.0,43.0,100.0,0.0,1,100.0,92.0,100.0,0.0,1,100.0,93.0,100.0,0.0,1,0.0,0.0,100.0,0.0,0,0.0,0.0,100.0,0.0,0,0.0,0.0,100.0,0.0,0
2026-06-19 16:58:42,21.76,50.0,43.0,100.0,0.0,1,100.0,92.0,100.0,0.0,1,100.0,93.0,100.0,0.0,1,0.0,0.0,100.0,0.0,0,0.0,0.0,100.0,0.0,0,0.0,0.0,100.0,0.0,0
2026-06-19 16:58:42,22.48,50.0,43.0,100.0,0.0,1,100.0,92.0,100.0,0.0,1,100.0,93.0,100.0,0.0,1,0.0,0.0,100.0,0.0,0,0.0,0.0,100.0,0.0,0,0.0,0.0,100.0,0.0,0
2026-06-19 16:58:43,23.18,50.0,43.0,100.0,0.0,1,100.0,92.0,100.0,0.0,1,100.0,93.0,100.0,0.0,1,0.0,0.0,100.0,0.0,0,0.0,0.0,100.0,0.0,0,0.0,0.0,100.0,0.0,0
2026-06-19 16:58:44,23.91,50.0,43.0,100.0,0.0,1,100.0,92.0,100.0,0.0,1,100.0,93.0,100.0,0.0,1,0.0,0.0,100.0,0.0,0,0.0,0.0,100.0,0.0,0,0.0,0.0,100.0,0.0,0
2026-06-19 16:58:44,24.62,50.0,43.0,100.0,0.0,1,100.0,92.0,100.0,0.0,1,100.0,93.0,100.0,0.0,1,0.0,0.0,100.0,0.0,0,0.0,0.0,100.0,0.0,0,0.0,0.0,100.0,0.0,0
2026-06-19 16:58:45,25.33,50.0,43.0,100.0,0.0,1,100.0,92.0,100.0,0.0,1,100.0,93.0,100.0,0.0,1,0.0,0.0,100.0,0.0,0,0.0,0.0,100.0,0.0,0,0.0,0.0,100.0,0.0,0
2026-06-19 16:58:46,26.28,50.0,43.0,100.0,0.0,1,100.0,92.0,100.0,0.0,1,100.0,93.0,100.0,0.0,1,0.0,0.0,100.0,0.0,0,0.0,0.0,100.0,0.0,0,0.0,0.0,100.0,0.0,0
2026-06-19 16:58:47,27.02,50.0,43.0,100.0,0.0,1,100.0,92.0,100.0,0.0,1,100.0,93.0,100.0,0.0,1,0.0,0.0,100.0,0.0,0,0.0,0.0,100.0,0.0,0,0.0,0.0,100.0,0.0,0
2026-06-19 16:58:48,27.76,50.0,43.0,100.0,0.0,1,100.0,92.0,100.0,0.0,1,100.0,93.0,100.0,0.0,1,0.0,0.0,100.0,0.0,0,0.0,0.0,100.0,0.0,0,0.0,0.0,100.0,0.0,0
2026-06-19 16:58:48,28.48,50.0,43.0,100.0,0.0,1,100.0,92.0,100.0,0.0,1,100.0,93.0,100.0,0.0,1,0.0,0.0,100.0,0.0,0,0.0,0.0,100.0,0.0,0,0.0,0.0,100.0,0.0,0
2026-06-19 16:58:49,29.21,50.0,43.0,100.0,0.0,1,100.0,92.0,100.0,0.0,1,100.0,93.0,100.0,0.0,1,0.0,0.0,100.0,0.0,0,0.0,0.0,100.0,0.0,0,0.0,0.0,100.0,0.0,0
2026-06-19 16:58:50,29.94,50.0,43.0,100.0,0.0,1,100.0,92.0,100.0,0.0,1,100.0,93.0,100.0,0.0,1,0.0,0.0,100.0,0.0,0,0.0,0.0,100.0,0.0,0,0.0,0.0,100.0,0.0,0
2026-06-19 16:58:50,30.66,50.0,43.0,100.0,0.0,1,100.0,92.0,100.0,0.0,1,100.0,93.0,100.0,0.0,1,0.0,0.0,100.0,0.0,0,0.0,0.0,100.0,0.0,0,0.0,0.0,100.0,0.0,0
2026-06-19 16:58:51,31.4,50.0,43.0,100.0,0.0,1,100.0,92.0,100.0,0.0,1,100.0,93.0,100.0,0.0,1,0.0,0.0,100.0,0.0,0,0.0,0.0,100.0,0.0,0,0.0,0.0,100.0,0.0,0
2026-06-19 16:58:52,32.14,50.0,43.0,100.0,0.0,1,100.0,92.0,100.0,0.0,1,100.0,93.0,100.0,0.0,1,0.0,0.0,100.0,0.0,0,0.0,0.0,100.0,0.0,0,0.0,0.0,100.0,0.0,0
2026-06-19 16:58:53,32.86,50.0,43.0,100.0,0.0,1,100.0,92.0,100.0,0.0,1,100.0,93.0,100.0,0.0,1,0.0,0.0,100.0,0.0,0,0.0,0.0,100.0,0.0,0,0.0,0.0,100.0,0.0,0
2026-06-19 16:58:53,33.6,50.0,43.0,100.0,0.0,1,100.0,92.0,100.0,0.0,1,100.0,93.0,100.0,0.0,1,0.0,0.0,100.0,0.0,0,0.0,0.0,100.0,0.0,0,0.0,0.0,100.0,0.0,0
2026-06-19 16:58:54,34.33,50.0,43.0,100.0,0.0,1,100.0,92.0,100.0,0.0,1,100.0,93.0,100.0,0.0,1,0.0,0.0,100.0,0.0,0,0.0,0.0,100.0,0.0,0,0.0,0.0,100.0,0.0,0
2026-06-19 16:58:55,35.05,50.0,43.0,100.0,0.0,1,100.0,92.0,100.0,0.0,1,100.0,93.0,100.0,0.0,1,0.0,0.0,100.0,0.0,0,0.0,0.0,100.0,0.0,0,0.0,0.0,100.0,0.0,0
2026-06-19 16:58:56,35.8,50.0,43.0,100.0,0.0,1,100.0,92.0,100.0,0.0,1,100.0,93.0,100.0,0.0,1,0.0,0.0,100.0,0.0,0,0.0,0.0,100.0,0.0,0,0.0,0.0,100.0,0.0,0
2026-06-19 16:58:56,36.52,50.0,43.0,100.0,0.0,1,100.0,92.0,100.0,0.0,1,100.0,93.0,100.0,0.0,1,0.0,0.0,100.0,0.0,0,0.0,0.0,100.0,0.0,0,0.0,0.0,100.0,0.0,0
2026-06-19 16:58:57,37.28,50.0,43.0,100.0,0.0,1,100.0,92.0,100.0,0.0,1,100.0,93.0,100.0,0.0,1,0.0,0.0,100.0,0.0,0,0.0,0.0,100.0,0.0,0,0.0,0.0,100.0,0.0,0
2026-06-19 16:58:58,38.02,50.0,43.0,100.0,0.0,1,100.0,92.0,100.0,0.0,1,100.0,93.0,100.0,0.0,1,0.0,0.0,100.0,0.0,0,0.0,0.0,100.0,0.0,0,0.0,0.0,100.0,0.0,0
2026-06-19 16:58:59,39.43,100.0,43.0,100.0,0.0,1,150.0,93.0,100.0,0.0,1,150.0,93.0,100.0,0.0,1,0.0,0.0,100.0,0.0,0,0.0,0.0,100.0,0.0,0,0.0,0.0,100.0,0.0,0
2026-06-19 16:59:00,40.44,100.0,48.0,100.0,0.0,1,150.0,97.0,100.0,0.0,1,150.0,98.0,100.0,0.0,1,0.0,0.0,100.0,0.0,0,0.0,0.0,100.0,0.0,0,0.0,0.0,100.0,0.0,0
2026-06-19 16:59:01,41.44,100.0,60.0,100.0,0.0,1,150.0,96.0,100.0,0.0,1,150.0,100.0,100.0,0.0,1,0.0,0.0,100.0,0.0,0,0.0,0.0,100.0,0.0,0,0.0,0.0,100.0,0.0,0
2026-06-19 16:59:02,42.45,100.0,67.0,100.0,0.0,1,150.0,116.0,100.0,0.0,1,150.0,116.0,100.0,0.0,1,0.0,0.0,100.0,0.0,0,0.0,0.0,100.0,0.0,0,0.0,0.0,100.0,0.0,0
2026-06-19 16:59:03,43.45,100.0,85.0,100.0,0.0,1,150.0,135.0,100.0,0.0,1,150.0,135.0,100.0,0.0,1,0.0,0.0,100.0,0.0,0,0.0,0.0,100.0,0.0,0,0.0,0.0,100.0,0.0,0
2026-06-19 16:59:04,44.45,100.0,90.0,100.0,0.0,1,150.0,141.0,100.0,0.0,1,150.0,142.0,100.0,0.0,1,0.0,0.0,100.0,0.0,0,0.0,0.0,100.0,0.0,0,0.0,0.0,100.0,0.0,0
2026-06-19 16:59:05,45.46,100.0,92.0,100.0,0.0,1,150.0,143.0,100.0,0.0,1,150.0,144.0,100.0,0.0,1,0.0,0.0,100.0,0.0,0,0.0,0.0,100.0,0.0,0,0.0,0.0,100.0,0.0,0
2026-06-19 16:59:06,46.46,100.0,92.0,100.0,0.0,1,150.0,143.0,100.0,0.0,1,150.0,144.0,100.0,0.0,1,0.0,0.0,100.0,0.0,0,0.0,0.0,100.0,0.0,0,0.0,0.0,100.0,0.0,0
2026-06-19 16:59:07,47.47,100.0,92.0,100.0,0.0,1,150.0,143.0,100.0,0.0,1,150.0,144.0,100.0,0.0,1,0.0,0.0,100.0,0.0,0,0.0,0.0,100.0,0.0,0,0.0,0.0,100.0,0.0,0
2026-06-19 16:59:08,48.47,100.0,92.0,100.0,0.0,1,150.0,143.0,100.0,0.0,1,150.0,144.0,100.0,0.0,1,0.0,0.0,100.0,0.0,0,0.0,0.0,100.0,0.0,0,0.0,0.0,100.0,0.0,0
2026-06-19 16:59:09,49.48,100.0,92.0,100.0,0.0,1,150.0,143.0,100.0,0.0,1,150.0,144.0,100.0,0.0,1,0.0,0.0,100.0,0.0,0,0.0,0.0,100.0,0.0,0,0.0,0.0,100.0,0.0,0
2026-06-19 16:59:10,50.48,100.0,92.0,100.0,0.0,1,150.0,143.0,100.0,0.0,1,150.0,144.0,100.0,0.0,1,0.0,0.0,100.0,0.0,0,0.0,0.0,100.0,0.0,0,0.0,0.0,100.0,0.0,0
2026-06-19 16:59:11,51.48,100.0,92.0,100.0,0.0,1,150.0,143.0,100.0,0.0,1,150.0,144.0,100.0,0.0,1,0.0,0.0,100.0,0.0,0,0.0,0.0,100.0,0.0,0,0.0,0.0,100.0,0.0,0
2026-06-19 16:59:12,52.49,100.0,92.0,100.0,0.0,1,150.0,143.0,100.0,0.0,1,150.0,144.0,100.0,0.0,1,0.0,0.0,100.0,0.0,0,0.0,0.0,100.0,0.0,0,0.0,0.0,100.0,0.0,0
2026-06-19 16:59:13,53.49,100.0,92.0,100.0,0.0,1,150.0,143.0,100.0,0.0,1,150.0,144.0,100.0,0.0,1,0.0,0.0,100.0,0.0,0,0.0,0.0,100.0,0.0,0,0.0,0.0,100.0,0.0,0
2026-06-19 16:59:15,55.23,100.0,92.0,100.0,0.0,1,150.0,143.0,100.0,0.0,1,150.0,144.0,100.0,0.0,1,0.0,0.0,100.0,0.0,0,0.0,0.0,100.0,0.0,0,0.0,0.0,100.0,0.0,0
2026-06-19 16:59:16,55.94,100.0,92.0,100.0,0.0,1,150.0,143.0,100.0,0.0,1,150.0,144.0,100.0,0.0,1,0.0,0.0,100.0,0.0,0,0.0,0.0,100.0,0.0,0,0.0,0.0,100.0,0.0,0
2026-06-19 16:59:16,56.65,100.0,92.0,100.0,0.0,1,150.0,143.0,100.0,0.0,1,150.0,144.0,100.0,0.0,1,0.0,0.0,100.0,0.0,0,0.0,0.0,100.0,0.0,0,0.0,0.0,100.0,0.0,0
2026-06-19 16:59:17,57.37,100.0,92.0,100.0,0.0,1,150.0,143.0,100.0,0.0,1,150.0,144.0,100.0,0.0,1,0.0,0.0,100.0,0.0,0,0.0,0.0,100.0,0.0,0,0.0,0.0,100.0,0.0,0
2026-06-19 16:59:18,58.09,100.0,92.0,100.0,0.0,1,150.0,143.0,100.0,0.0,1,150.0,144.0,100.0,0.0,1,0.0,0.0,100.0,0.0,0,0.0,0.0,100.0,0.0,0,0.0,0.0,100.0,0.0,0
2026-06-19 16:59:19,58.82,100.0,92.0,100.0,0.0,1,150.0,143.0,100.0,0.0,1,150.0,144.0,100.0,0.0,1,0.0,0.0,100.0,0.0,0,0.0,0.0,100.0,0.0,0,0.0,0.0,100.0,0.0,0
2026-06-19 16:59:19,59.53,100.0,92.0,100.0,0.0,1,150.0,143.0,100.0,0.0,1,150.0,144.0,100.0,0.0,1,0.0,0.0,100.0,0.0,0,0.0,0.0,100.0,0.0,0,0.0,0.0,100.0,0.0,0
2026-06-19 16:59:20,60.25,100.0,92.0,100.0,0.0,1,150.0,143.0,100.0,0.0,1,150.0,144.0,100.0,0.0,1,0.0,0.0,100.0,0.0,0,0.0,0.0,100.0,0.0,0,0.0,0.0,100.0,0.0,0
2026-06-19 16:59:21,60.98,100.0,92.0,100.0,0.0,1,150.0,143.0,100.0,0.0,1,150.0,144.0,100.0,0.0,1,0.0,0.0,100.0,0.0,0,0.0,0.0,100.0,0.0,0,0.0,0.0,100.0,0.0,0
2026-06-19 16:59:21,61.72,100.0,92.0,100.0,0.0,1,150.0,143.0,100.0,0.0,1,150.0,144.0,100.0,0.0,1,0.0,0.0,100.0,0.0,0,0.0,0.0,100.0,0.0,0,0.0,0.0,100.0,0.0,0
2026-06-19 16:59:22,62.48,100.0,92.0,100.0,0.0,1,150.0,143.0,100.0,0.0,1,150.0,144.0,100.0,0.0,1,0.0,0.0,100.0,0.0,0,0.0,0.0,100.0,0.0,0,0.0,0.0,100.0,0.0,0
2026-06-19 16:59:23,63.22,100.0,92.0,100.0,0.0,1,150.0,143.0,100.0,0.0,1,150.0,144.0,100.0,0.0,1,0.0,0.0,100.0,0.0,0,0.0,0.0,100.0,0.0,0,0.0,0.0,100.0,0.0,0
2026-06-19 16:59:29,68.76,100.0,92.0,100.0,0.0,1,150.0,143.0,100.0,0.0,1,150.0,144.0,100.0,0.0,1,0.0,0.0,100.0,0.0,0,0.0,0.0,100.0,0.0,0,0.0,0.0,100.0,0.0,0
2026-06-19 16:59:29,69.47,100.0,92.0,100.0,0.0,1,150.0,143.0,100.0,0.0,1,150.0,144.0,100.0,0.0,1,0.0,0.0,100.0,0.0,0,0.0,0.0,100.0,0.0,0,0.0,0.0,100.0,0.0,0
2026-06-19 16:59:30,70.24,100.0,92.0,100.0,0.0,1,150.0,143.0,100.0,0.0,1,150.0,144.0,100.0,0.0,1,0.0,0.0,100.0,0.0,0,0.0,0.0,100.0,0.0,0,0.0,0.0,100.0,0.0,0
2026-06-19 16:59:31,70.96,100.0,92.0,100.0,0.0,1,150.0,143.0,100.0,0.0,1,150.0,144.0,100.0,0.0,1,0.0,0.0,100.0,0.0,0,0.0,0.0,100.0,0.0,0,0.0,0.0,100.0,0.0,0
2026-06-19 16:59:31,71.68,100.0,92.0,100.0,0.0,1,150.0,143.0,100.0,0.0,1,150.0,144.0,100.0,0.0,1,0.0,0.0,100.0,0.0,0,0.0,0.0,100.0,0.0,0,0.0,0.0,100.0,0.0,0
2026-06-19 16:59:32,72.39,100.0,92.0,100.0,0.0,1,150.0,143.0,100.0,0.0,1,150.0,144.0,100.0,0.0,1,0.0,0.0,100.0,0.0,0,0.0,0.0,100.0,0.0,0,0.0,0.0,100.0,0.0,0
2026-06-19 16:59:33,73.13,100.0,92.0,100.0,0.0,1,150.0,143.0,100.0,0.0,1,150.0,144.0,100.0,0.0,1,0.0,0.0,100.0,0.0,0,0.0,0.0,100.0,0.0,0,0.0,0.0,100.0,0.0,0
2026-06-19 16:59:34,73.85,100.0,92.0,100.0,0.0,1,150.0,143.0,100.0,0.0,1,150.0,144.0,100.0,0.0,1,0.0,0.0,100.0,0.0,0,0.0,0.0,100.0,0.0,0,0.0,0.0,100.0,0.0,0
2026-06-19 16:59:34,74.58,100.0,92.0,100.0,0.0,1,150.0,143.0,100.0,0.0,1,150.0,144.0,100.0,0.0,1,0.0,0.0,100.0,0.0,0,0.0,0.0,100.0,0.0,0,0.0,0.0,100.0,0.0,0
2026-06-19 16:59:35,75.31,100.0,92.0,100.0,0.0,1,150.0,143.0,100.0,0.0,1,150.0,144.0,100.0,0.0,1,0.0,0.0,100.0,0.0,0,0.0,0.0,100.0,0.0,0,0.0,0.0,100.0,0.0,0
2026-06-19 16:59:36,76.05,100.0,92.0,100.0,0.0,1,150.0,143.0,100.0,0.0,1,150.0,144.0,100.0,0.0,1,0.0,0.0,100.0,0.0,0,0.0,0.0,100.0,0.0,0,0.0,0.0,100.0,0.0,0
2026-06-19 16:59:37,76.76,100.0,92.0,100.0,0.0,1,150.0,143.0,100.0,0.0,1,150.0,144.0,100.0,0.0,1,0.0,0.0,100.0,0.0,0,0.0,0.0,100.0,0.0,0,0.0,0.0,100.0,0.0,0
2026-06-19 16:59:37,77.46,100.0,92.0,100.0,0.0,1,150.0,143.0,100.0,0.0,1,150.0,144.0,100.0,0.0,1,0.0,0.0,100.0,0.0,0,0.0,0.0,100.0,0.0,0,0.0,0.0,100.0,0.0,0
2026-06-19 16:59:38,78.18,100.0,92.0,100.0,0.0,1,150.0,143.0,100.0,0.0,1,150.0,144.0,100.0,0.0,1,0.0,0.0,100.0,0.0,0,0.0,0.0,100.0,0.0,0,0.0,0.0,100.0,0.0,0
2026-06-19 16:59:39,78.91,100.0,92.0,100.0,0.0,1,150.0,143.0,100.0,0.0,1,150.0,144.0,100.0,0.0,1,0.0,0.0,100.0,0.0,0,0.0,0.0,100.0,0.0,0,0.0,0.0,100.0,0.0,0
2026-06-19 16:59:39,79.65,100.0,92.0,100.0,0.0,1,150.0,143.0,100.0,0.0,1,150.0,144.0,100.0,0.0,1,0.0,0.0,100.0,0.0,0,0.0,0.0,100.0,0.0,0,0.0,0.0,100.0,0.0,0
2026-06-19 16:59:40,80.37,100.0,92.0,100.0,0.0,1,150.0,143.0,100.0,0.0,1,150.0,144.0,100.0,0.0,1,0.0,0.0,100.0,0.0,0,0.0,0.0,100.0,0.0,0,0.0,0.0,100.0,0.0,0
2026-06-19 16:59:41,81.1,100.0,92.0,100.0,0.0,1,150.0,143.0,100.0,0.0,1,150.0,144.0,100.0,0.0,1,0.0,0.0,100.0,0.0,0,0.0,0.0,100.0,0.0,0,0.0,0.0,100.0,0.0,0
2026-06-19 16:59:42,81.82,100.0,92.0,100.0,0.0,1,150.0,143.0,100.0,0.0,1,150.0,144.0,100.0,0.0,1,0.0,0.0,100.0,0.0,0,0.0,0.0,100.0,0.0,0,0.0,0.0,100.0,0.0,0
2026-06-19 16:59:42,82.55,100.0,92.0,100.0,0.0,1,150.0,143.0,100.0,0.0,1,150.0,144.0,100.0,0.0,1,0.0,0.0,100.0,0.0,0,0.0,0.0,100.0,0.0,0,0.0,0.0,100.0,0.0,0
2026-06-19 16:59:43,83.28,100.0,92.0,100.0,0.0,1,150.0,143.0,100.0,0.0,1,150.0,144.0,100.0,0.0,1,0.0,0.0,100.0,0.0,0,0.0,0.0,100.0,0.0,0,0.0,0.0,100.0,0.0,0
2026-06-19 16:59:44,84.02,100.0,92.0,100.0,0.0,1,150.0,143.0,100.0,0.0,1,150.0,144.0,100.0,0.0,1,0.0,0.0,100.0,0.0,0,0.0,0.0,100.0,0.0,0,0.0,0.0,100.0,0.0,0
2026-06-19 16:59:45,84.77,100.0,92.0,100.0,0.0,1,150.0,143.0,100.0,0.0,1,150.0,144.0,100.0,0.0,1,0.0,0.0,100.0,0.0,0,0.0,0.0,100.0,0.0,0,0.0,0.0,100.0,0.0,0
2026-06-19 16:59:45,85.51,100.0,92.0,100.0,0.0,1,150.0,143.0,100.0,0.0,1,150.0,144.0,100.0,0.0,1,0.0,0.0,100.0,0.0,0,0.0,0.0,100.0,0.0,0,0.0,0.0,100.0,0.0,0
2026-06-19 16:59:46,86.24,100.0,92.0,100.0,0.0,1,150.0,143.0,100.0,0.0,1,150.0,144.0,100.0,0.0,1,0.0,0.0,100.0,0.0,0,0.0,0.0,100.0,0.0,0,0.0,0.0,100.0,0.0,0
2026-06-19 16:59:47,86.97,100.0,92.0,100.0,0.0,1,150.0,143.0,100.0,0.0,1,150.0,144.0,100.0,0.0,1,0.0,0.0,100.0,0.0,0,0.0,0.0,100.0,0.0,0,0.0,0.0,100.0,0.0,0
2026-06-19 16:59:47,87.72,100.0,92.0,100.0,0.0,1,150.0,143.0,100.0,0.0,1,150.0,144.0,100.0,0.0,1,0.0,0.0,100.0,0.0,0,0.0,0.0,100.0,0.0,0,0.0,0.0,100.0,0.0,0
2026-06-19 16:59:48,88.43,100.0,92.0,100.0,0.0,1,150.0,143.0,100.0,0.0,1,150.0,144.0,100.0,0.0,1,0.0,0.0,100.0,0.0,0,0.0,0.0,100.0,0.0,0,0.0,0.0,100.0,0.0,0
2026-06-19 16:59:49,89.16,100.0,92.0,100.0,0.0,1,150.0,143.0,100.0,0.0,1,150.0,144.0,100.0,0.0,1,0.0,0.0,100.0,0.0,0,0.0,0.0,100.0,0.0,0,0.0,0.0,100.0,0.0,0
2026-06-19 16:59:50,89.93,100.0,92.0,100.0,0.0,1,150.0,143.0,100.0,0.0,1,150.0,144.0,100.0,0.0,1,0.0,0.0,100.0,0.0,0,0.0,0.0,100.0,0.0,0,0.0,0.0,100.0,0.0,0
2026-06-19 16:59:50,90.68,100.0,92.0,100.0,0.0,1,150.0,143.0,100.0,0.0,1,150.0,144.0,100.0,0.0,1,0.0,0.0,100.0,0.0,0,0.0,0.0,100.0,0.0,0,0.0,0.0,100.0,0.0,0
2026-06-19 16:59:51,91.46,100.0,92.0,100.0,0.0,1,150.0,143.0,100.0,0.0,1,150.0,144.0,100.0,0.0,1,0.0,0.0,100.0,0.0,0,0.0,0.0,100.0,0.0,0,0.0,0.0,100.0,0.0,0
2026-06-19 16:59:52,92.19,100.0,92.0,100.0,0.0,1,150.0,143.0,100.0,0.0,1,150.0,144.0,100.0,0.0,1,0.0,0.0,100.0,0.0,0,0.0,0.0,100.0,0.0,0,0.0,0.0,100.0,0.0,0
2026-06-19 16:59:53,92.96,100.0,92.0,100.0,0.0,1,150.0,143.0,100.0,0.0,1,150.0,144.0,100.0,0.0,1,0.0,0.0,100.0,0.0,0,0.0,0.0,100.0,0.0,0,0.0,0.0,100.0,0.0,0
2026-06-19 16:59:53,93.7,100.0,92.0,100.0,0.0,1,150.0,143.0,100.0,0.0,1,150.0,144.0,100.0,0.0,1,0.0,0.0,100.0,0.0,0,0.0,0.0,100.0,0.0,0,0.0,0.0,100.0,0.0,0
2026-06-19 16:59:54,94.46,100.0,92.0,100.0,0.0,1,150.0,143.0,100.0,0.0,1,150.0,144.0,100.0,0.0,1,0.0,0.0,100.0,0.0,0,0.0,0.0,100.0,0.0,0,0.0,0.0,100.0,0.0,0
2026-06-19 16:59:55,95.19,100.0,92.0,100.0,0.0,1,150.0,143.0,100.0,0.0,1,150.0,144.0,100.0,0.0,1,0.0,0.0,100.0,0.0,0,0.0,0.0,100.0,0.0,0,0.0,0.0,100.0,0.0,0
2026-06-19 16:59:56,95.91,100.0,92.0,100.0,0.0,1,150.0,143.0,100.0,0.0,1,150.0,144.0,100.0,0.0,1,0.0,0.0,100.0,0.0,0,0.0,0.0,100.0,0.0,0,0.0,0.0,100.0,0.0,0
2026-06-19 16:59:56,96.66,100.0,92.0,100.0,0.0,1,150.0,143.0,100.0,0.0,1,150.0,144.0,100.0,0.0,1,0.0,0.0,100.0,0.0,0,0.0,0.0,100.0,0.0,0,0.0,0.0,100.0,0.0,0
2026-06-19 16:59:57,97.39,100.0,92.0,100.0,0.0,1,150.0,143.0,100.0,0.0,1,150.0,144.0,100.0,0.0,1,0.0,0.0,100.0,0.0,0,0.0,0.0,100.0,0.0,0,0.0,0.0,100.0,0.0,0
2026-06-19 16:59:58,98.13,100.0,92.0,100.0,0.0,1,150.0,143.0,100.0,0.0,1,150.0,144.0,100.0,0.0,1,0.0,0.0,100.0,0.0,0,0.0,0.0,100.0,0.0,0,0.0,0.0,100.0,0.0,0
2026-06-19 16:59:59,98.85,100.0,92.0,100.0,0.0,1,150.0,143.0,100.0,0.0,1,150.0,144.0,100.0,0.0,1,0.0,0.0,100.0,0.0,0,0.0,0.0,100.0,0.0,0,0.0,0.0,100.0,0.0,0
2026-06-19 16:59:59,99.58,100.0,92.0,100.0,0.0,1,150.0,143.0,100.0,0.0,1,150.0,144.0,100.0,0.0,1,0.0,0.0,100.0,0.0,0,0.0,0.0,100.0,0.0,0,0.0,0.0,100.0,0.0,0
2026-06-19 17:00:00,100.3,100.0,92.0,100.0,0.0,1,150.0,143.0,100.0,0.0,1,150.0,144.0,100.0,0.0,1,0.0,0.0,100.0,0.0,0,0.0,0.0,100.0,0.0,0,0.0,0.0,100.0,0.0,0
2026-06-19 17:00:01,101.05,100.0,92.0,100.0,0.0,1,150.0,143.0,100.0,0.0,1,150.0,144.0,100.0,0.0,1,0.0,0.0,100.0,0.0,0,0.0,0.0,100.0,0.0,0,0.0,0.0,100.0,0.0,0
2026-06-19 17:00:02,101.77,100.0,92.0,100.0,0.0,1,150.0,143.0,100.0,0.0,1,150.0,144.0,100.0,0.0,1,0.0,0.0,100.0,0.0,0,0.0,0.0,100.0,0.0,0,0.0,0.0,100.0,0.0,0
2026-06-19 17:00:02,102.5,100.0,92.0,100.0,0.0,1,150.0,143.0,100.0,0.0,1,150.0,144.0,100.0,0.0,1,0.0,0.0,100.0,0.0,0,0.0,0.0,100.0,0.0,0,0.0,0.0,100.0,0.0,0
2026-06-19 17:00:03,103.26,100.0,92.0,100.0,0.0,1,150.0,143.0,100.0,0.0,1,150.0,144.0,100.0,0.0,1,0.0,0.0,100.0,0.0,0,0.0,0.0,100.0,0.0,0,0.0,0.0,100.0,0.0,0
2026-06-19 17:00:04,103.98,100.0,92.0,100.0,0.0,1,150.0,143.0,100.0,0.0,1,150.0,144.0,100.0,0.0,1,0.0,0.0,100.0,0.0,0,0.0,0.0,100.0,0.0,0,0.0,0.0,100.0,0.0,0
2026-06-19 17:00:04,104.72,100.0,92.0,100.0,0.0,1,150.0,143.0,100.0,0.0,1,150.0,144.0,100.0,0.0,1,0.0,0.0,100.0,0.0,0,0.0,0.0,100.0,0.0,0,0.0,0.0,100.0,0.0,0
2026-06-19 17:00:05,105.48,100.0,92.0,100.0,0.0,1,150.0,143.0,100.0,0.0,1,150.0,144.0,100.0,0.0,1,0.0,0.0,100.0,0.0,0,0.0,0.0,100.0,0.0,0,0.0,0.0,100.0,0.0,0
2026-06-19 17:00:06,106.23,100.0,92.0,100.0,0.0,1,150.0,143.0,100.0,0.0,1,150.0,144.0,100.0,0.0,1,0.0,0.0,100.0,0.0,0,0.0,0.0,100.0,0.0,0,0.0,0.0,100.0,0.0,0
2026-06-19 17:00:07,107.1,100.0,92.0,100.0,0.0,1,150.0,143.0,100.0,0.0,1,150.0,144.0,100.0,0.0,1,0.0,0.0,100.0,0.0,0,0.0,0.0,100.0,0.0,0,0.0,0.0,100.0,0.0,0
2026-06-19 17:00:08,107.86,100.0,92.0,100.0,0.0,1,150.0,143.0,100.0,0.0,1,150.0,144.0,100.0,0.0,1,0.0,0.0,100.0,0.0,0,0.0,0.0,100.0,0.0,0,0.0,0.0,100.0,0.0,0
2026-06-19 17:00:08,108.59,100.0,92.0,100.0,0.0,1,150.0,143.0,100.0,0.0,1,150.0,144.0,100.0,0.0,1,0.0,0.0,100.0,0.0,0,0.0,0.0,100.0,0.0,0,0.0,0.0,100.0,0.0,0
2026-06-19 17:00:09,109.3,100.0,92.0,100.0,0.0,1,150.0,143.0,100.0,0.0,1,150.0,144.0,100.0,0.0,1,0.0,0.0,100.0,0.0,0,0.0,0.0,100.0,0.0,0,0.0,0.0,100.0,0.0,0
2026-06-19 17:00:10,110.01,100.0,92.0,100.0,0.0,1,150.0,143.0,100.0,0.0,1,150.0,144.0,100.0,0.0,1,0.0,0.0,100.0,0.0,0,0.0,0.0,100.0,0.0,0,0.0,0.0,100.0,0.0,0
2026-06-19 17:00:10,110.75,100.0,92.0,100.0,0.0,1,150.0,143.0,100.0,0.0,1,150.0,144.0,100.0,0.0,1,0.0,0.0,100.0,0.0,0,0.0,0.0,100.0,0.0,0,0.0,0.0,100.0,0.0,0
2026-06-19 17:00:11,111.51,100.0,92.0,100.0,0.0,1,150.0,143.0,100.0,0.0,1,150.0,144.0,100.0,0.0,1,0.0,0.0,100.0,0.0,0,0.0,0.0,100.0,0.0,0,0.0,0.0,100.0,0.0,0
2026-06-19 17:00:12,112.24,100.0,92.0,100.0,0.0,1,150.0,143.0,100.0,0.0,1,150.0,144.0,100.0,0.0,1,0.0,0.0,100.0,0.0,0,0.0,0.0,100.0,0.0,0,0.0,0.0,100.0,0.0,0
2026-06-19 17:00:13,112.98,100.0,92.0,100.0,0.0,1,150.0,143.0,100.0,0.0,1,150.0,144.0,100.0,0.0,1,0.0,0.0,100.0,0.0,0,0.0,0.0,100.0,0.0,0,0.0,0.0,100.0,0.0,0
2026-06-19 17:00:14,113.76,100.0,92.0,100.0,0.0,1,150.0,143.0,100.0,0.0,1,150.0,144.0,100.0,0.0,1,0.0,0.0,100.0,0.0,0,0.0,0.0,100.0,0.0,0,0.0,0.0,100.0,0.0,0
2026-06-19 17:00:14,114.51,100.0,92.0,100.0,0.0,1,150.0,143.0,100.0,0.0,1,150.0,144.0,100.0,0.0,1,0.0,0.0,100.0,0.0,0,0.0,0.0,100.0,0.0,0,0.0,0.0,100.0,0.0,0
2026-06-19 17:00:15,115.25,100.0,92.0,100.0,0.0,1,150.0,143.0,100.0,0.0,1,150.0,144.0,100.0,0.0,1,0.0,0.0,100.0,0.0,0,0.0,0.0,100.0,0.0,0,0.0,0.0,100.0,0.0,0
2026-06-19 17:00:16,115.99,100.0,92.0,100.0,0.0,1,150.0,143.0,100.0,0.0,1,150.0,144.0,100.0,0.0,1,0.0,0.0,100.0,0.0,0,0.0,0.0,100.0,0.0,0,0.0,0.0,100.0,0.0,0
2026-06-19 17:00:16,116.73,100.0,92.0,100.0,0.0,1,150.0,143.0,100.0,0.0,1,150.0,144.0,100.0,0.0,1,0.0,0.0,100.0,0.0,0,0.0,0.0,100.0,0.0,0,0.0,0.0,100.0,0.0,0
2026-06-19 17:00:17,117.45,100.0,92.0,100.0,0.0,1,150.0,143.0,100.0,0.0,1,150.0,144.0,100.0,0.0,1,0.0,0.0,100.0,0.0,0,0.0,0.0,100.0,0.0,0,0.0,0.0,100.0,0.0,0
2026-06-19 17:00:18,118.17,100.0,92.0,100.0,0.0,1,150.0,143.0,100.0,0.0,1,150.0,144.0,100.0,0.0,1,0.0,0.0,100.0,0.0,0,0.0,0.0,100.0,0.0,0,0.0,0.0,100.0,0.0,0
2026-06-19 17:00:19,118.91,100.0,92.0,100.0,0.0,1,150.0,143.0,100.0,0.0,1,150.0,144.0,100.0,0.0,1,0.0,0.0,100.0,0.0,0,0.0,0.0,100.0,0.0,0,0.0,0.0,100.0,0.0,0
2026-06-19 17:00:19,119.64,100.0,92.0,100.0,0.0,1,150.0,143.0,100.0,0.0,1,150.0,144.0,100.0,0.0,1,0.0,0.0,100.0,0.0,0,0.0,0.0,100.0,0.0,0,0.0,0.0,100.0,0.0,0
2026-06-19 17:00:20,120.37,100.0,92.0,100.0,0.0,1,150.0,143.0,100.0,0.0,1,150.0,144.0,100.0,0.0,1,0.0,0.0,100.0,0.0,0,0.0,0.0,100.0,0.0,0,0.0,0.0,100.0,0.0,0
2026-06-19 17:00:21,121.08,100.0,92.0,100.0,0.0,1,150.0,143.0,100.0,0.0,1,150.0,144.0,100.0,0.0,1,0.0,0.0,100.0,0.0,0,0.0,0.0,100.0,0.0,0,0.0,0.0,100.0,0.0,0
2026-06-19 17:00:22,121.83,100.0,92.0,100.0,0.0,1,150.0,143.0,100.0,0.0,1,150.0,144.0,100.0,0.0,1,0.0,0.0,100.0,0.0,0,0.0,0.0,100.0,0.0,0,0.0,0.0,100.0,0.0,0
2026-06-19 17:00:22,122.6,100.0,92.0,100.0,0.0,1,150.0,143.0,100.0,0.0,1,150.0,144.0,100.0,0.0,1,0.0,0.0,100.0,0.0,0,0.0,0.0,100.0,0.0,0,0.0,0.0,100.0,0.0,0
2026-06-19 17:00:23,123.35,100.0,92.0,100.0,0.0,1,150.0,143.0,100.0,0.0,1,150.0,144.0,100.0,0.0,1,0.0,0.0,100.0,0.0,0,0.0,0.0,100.0,0.0,0,0.0,0.0,100.0,0.0,0
2026-06-19 17:00:24,124.11,100.0,92.0,100.0,0.0,1,150.0,143.0,100.0,0.0,1,150.0,144.0,100.0,0.0,1,0.0,0.0,100.0,0.0,0,0.0,0.0,100.0,0.0,0,0.0,0.0,100.0,0.0,0
2026-06-19 17:00:25,124.86,100.0,92.0,100.0,0.0,1,150.0,143.0,100.0,0.0,1,150.0,144.0,100.0,0.0,1,0.0,0.0,100.0,0.0,0,0.0,0.0,100.0,0.0,0,0.0,0.0,100.0,0.0,0
2026-06-19 17:00:25,125.59,100.0,92.0,100.0,0.0,1,150.0,143.0,100.0,0.0,1,150.0,144.0,100.0,0.0,1,0.0,0.0,100.0,0.0,0,0.0,0.0,100.0,0.0,0,0.0,0.0,100.0,0.0,0
2026-06-19 17:00:26,126.33,100.0,92.0,100.0,0.0,1,150.0,143.0,100.0,0.0,1,150.0,144.0,100.0,0.0,1,0.0,0.0,100.0,0.0,0,0.0,0.0,100.0,0.0,0,0.0,0.0,100.0,0.0,0
2026-06-19 17:00:27,127.05,100.0,92.0,100.0,0.0,1,150.0,143.0,100.0,0.0,1,150.0,144.0,100.0,0.0,1,0.0,0.0,100.0,0.0,0,0.0,0.0,100.0,0.0,0,0.0,0.0,100.0,0.0,0
2026-06-19 17:00:28,127.78,100.0,92.0,100.0,0.0,1,150.0,143.0,100.0,0.0,1,150.0,144.0,100.0,0.0,1,0.0,0.0,100.0,0.0,0,0.0,0.0,100.0,0.0,0,0.0,0.0,100.0,0.0,0
2026-06-19 17:00:28,128.51,100.0,92.0,100.0,0.0,1,150.0,143.0,100.0,0.0,1,150.0,144.0,100.0,0.0,1,0.0,0.0,100.0,0.0,0,0.0,0.0,100.0,0.0,0,0.0,0.0,100.0,0.0,0
2026-06-19 17:00:29,129.24,100.0,92.0,100.0,0.0,1,150.0,143.0,100.0,0.0,1,150.0,144.0,100.0,0.0,1,0.0,0.0,100.0,0.0,0,0.0,0.0,100.0,0.0,0,0.0,0.0,100.0,0.0,0
2026-06-19 17:00:30,129.97,100.0,92.0,100.0,0.0,1,150.0,143.0,100.0,0.0,1,150.0,144.0,100.0,0.0,1,0.0,0.0,100.0,0.0,0,0.0,0.0,100.0,0.0,0,0.0,0.0,100.0,0.0,0
2026-06-19 17:00:30,130.71,100.0,92.0,100.0,0.0,1,150.0,143.0,100.0,0.0,1,150.0,144.0,100.0,0.0,1,0.0,0.0,100.0,0.0,0,0.0,0.0,100.0,0.0,0,0.0,0.0,100.0,0.0,0
2026-06-19 17:00:31,131.45,100.0,92.0,100.0,0.0,1,150.0,143.0,100.0,0.0,1,150.0,144.0,100.0,0.0,1,0.0,0.0,100.0,0.0,0,0.0,0.0,100.0,0.0,0,0.0,0.0,100.0,0.0,0
2026-06-19 17:00:32,132.2,100.0,92.0,100.0,0.0,1,150.0,143.0,100.0,0.0,1,150.0,144.0,100.0,0.0,1,0.0,0.0,100.0,0.0,0,0.0,0.0,100.0,0.0,0,0.0,0.0,100.0,0.0,0
2026-06-19 17:00:33,132.93,100.0,92.0,100.0,0.0,1,150.0,143.0,100.0,0.0,1,150.0,144.0,100.0,0.0,1,0.0,0.0,100.0,0.0,0,0.0,0.0,100.0,0.0,0,0.0,0.0,100.0,0.0,0
2026-06-19 17:00:33,133.68,100.0,92.0,100.0,0.0,1,150.0,143.0,100.0,0.0,1,150.0,144.0,100.0,0.0,1,0.0,0.0,100.0,0.0,0,0.0,0.0,100.0,0.0,0,0.0,0.0,100.0,0.0,0
2026-06-19 17:00:34,134.43,100.0,92.0,100.0,0.0,1,150.0,143.0,100.0,0.0,1,150.0,144.0,100.0,0.0,1,0.0,0.0,100.0,0.0,0,0.0,0.0,100.0,0.0,0,0.0,0.0,100.0,0.0,0
2026-06-19 17:00:35,135.17,100.0,92.0,100.0,0.0,1,150.0,143.0,100.0,0.0,1,150.0,144.0,100.0,0.0,1,0.0,0.0,100.0,0.0,0,0.0,0.0,100.0,0.0,0,0.0,0.0,100.0,0.0,0
2026-06-19 17:00:36,135.9,100.0,92.0,100.0,0.0,1,150.0,143.0,100.0,0.0,1,150.0,144.0,100.0,0.0,1,0.0,0.0,100.0,0.0,0,0.0,0.0,100.0,0.0,0,0.0,0.0,100.0,0.0,0
2026-06-19 17:00:36,136.63,100.0,92.0,100.0,0.0,1,150.0,143.0,100.0,0.0,1,150.0,144.0,100.0,0.0,1,0.0,0.0,100.0,0.0,0,0.0,0.0,100.0,0.0,0,0.0,0.0,100.0,0.0,0
2026-06-19 17:00:37,137.4,100.0,92.0,100.0,0.0,1,150.0,143.0,100.0,0.0,1,150.0,144.0,100.0,0.0,1,0.0,0.0,100.0,0.0,0,0.0,0.0,100.0,0.0,0,0.0,0.0,100.0,0.0,0
2026-06-19 17:00:38,138.15,100.0,92.0,100.0,0.0,1,150.0,143.0,100.0,0.0,1,150.0,144.0,100.0,0.0,1,0.0,0.0,100.0,0.0,0,0.0,0.0,100.0,0.0,0,0.0,0.0,100.0,0.0,0
2026-06-19 17:00:39,138.88,100.0,92.0,100.0,0.0,1,150.0,143.0,100.0,0.0,1,150.0,144.0,100.0,0.0,1,0.0,0.0,100.0,0.0,0,0.0,0.0,100.0,0.0,0,0.0,0.0,100.0,0.0,0
2026-06-19 17:00:39,139.62,100.0,92.0,100.0,0.0,1,150.0,143.0,100.0,0.0,1,150.0,144.0,100.0,0.0,1,0.0,0.0,100.0,0.0,0,0.0,0.0,100.0,0.0,0,0.0,0.0,100.0,0.0,0
2026-06-19 17:00:40,140.33,100.0,92.0,100.0,0.0,1,150.0,143.0,100.0,0.0,1,150.0,144.0,100.0,0.0,1,0.0,0.0,100.0,0.0,0,0.0,0.0,100.0,0.0,0,0.0,0.0,100.0,0.0,0
2026-06-19 17:00:41,141.06,100.0,92.0,100.0,0.0,1,150.0,143.0,100.0,0.0,1,150.0,144.0,100.0,0.0,1,0.0,0.0,100.0,0.0,0,0.0,0.0,100.0,0.0,0,0.0,0.0,100.0,0.0,0
2026-06-19 17:00:42,141.77,100.0,92.0,100.0,0.0,1,150.0,143.0,100.0,0.0,1,150.0,144.0,100.0,0.0,1,0.0,0.0,100.0,0.0,0,0.0,0.0,100.0,0.0,0,0.0,0.0,100.0,0.0,0
2026-06-19 17:00:42,142.49,100.0,92.0,100.0,0.0,1,150.0,143.0,100.0,0.0,1,150.0,144.0,100.0,0.0,1,0.0,0.0,100.0,0.0,0,0.0,0.0,100.0,0.0,0,0.0,0.0,100.0,0.0,0
2026-06-19 17:00:43,143.22,100.0,92.0,100.0,0.0,1,150.0,143.0,100.0,0.0,1,150.0,144.0,100.0,0.0,1,0.0,0.0,100.0,0.0,0,0.0,0.0,100.0,0.0,0,0.0,0.0,100.0,0.0,0
2026-06-19 17:00:44,143.96,100.0,92.0,100.0,0.0,1,150.0,143.0,100.0,0.0,1,150.0,144.0,100.0,0.0,1,0.0,0.0,100.0,0.0,0,0.0,0.0,100.0,0.0,0,0.0,0.0,100.0,0.0,0
2026-06-19 17:00:44,144.74,100.0,92.0,100.0,0.0,1,150.0,143.0,100.0,0.0,1,150.0,144.0,100.0,0.0,1,0.0,0.0,100.0,0.0,0,0.0,0.0,100.0,0.0,0,0.0,0.0,100.0,0.0,0
2026-06-19 17:00:45,145.47,100.0,92.0,100.0,0.0,1,150.0,143.0,100.0,0.0,1,150.0,144.0,100.0,0.0,1,0.0,0.0,100.0,0.0,0,0.0,0.0,100.0,0.0,0,0.0,0.0,100.0,0.0,0
2026-06-19 17:00:46,146.21,100.0,92.0,100.0,0.0,1,150.0,143.0,100.0,0.0,1,150.0,144.0,100.0,0.0,1,0.0,0.0,100.0,0.0,0,0.0,0.0,100.0,0.0,0,0.0,0.0,100.0,0.0,0
2026-06-19 17:00:47,146.96,100.0,92.0,100.0,0.0,1,150.0,143.0,100.0,0.0,1,150.0,144.0,100.0,0.0,1,0.0,0.0,100.0,0.0,0,0.0,0.0,100.0,0.0,0,0.0,0.0,100.0,0.0,0
2026-06-19 17:00:47,147.72,100.0,92.0,100.0,0.0,1,150.0,143.0,100.0,0.0,1,150.0,144.0,100.0,0.0,1,0.0,0.0,100.0,0.0,0,0.0,0.0,100.0,0.0,0,0.0,0.0,100.0,0.0,0
2026-06-19 17:00:48,148.44,100.0,92.0,100.0,0.0,1,150.0,143.0,100.0,0.0,1,150.0,144.0,100.0,0.0,1,0.0,0.0,100.0,0.0,0,0.0,0.0,100.0,0.0,0,0.0,0.0,100.0,0.0,0
2026-06-19 17:00:49,149.19,100.0,92.0,100.0,0.0,1,150.0,143.0,100.0,0.0,1,150.0,144.0,100.0,0.0,1,0.0,0.0,100.0,0.0,0,0.0,0.0,100.0,0.0,0,0.0,0.0,100.0,0.0,0
2026-06-19 17:00:50,149.94,100.0,92.0,100.0,0.0,1,150.0,143.0,100.0,0.0,1,150.0,144.0,100.0,0.0,1,0.0,0.0,100.0,0.0,0,0.0,0.0,100.0,0.0,0,0.0,0.0,100.0,0.0,0
2026-06-19 17:00:50,150.7,100.0,92.0,100.0,0.0,1,150.0,143.0,100.0,0.0,1,150.0,144.0,100.0,0.0,1,0.0,0.0,100.0,0.0,0,0.0,0.0,100.0,0.0,0,0.0,0.0,100.0,0.0,0
2026-06-19 17:00:51,151.42,100.0,92.0,100.0,0.0,1,150.0,143.0,100.0,0.0,1,150.0,144.0,100.0,0.0,1,0.0,0.0,100.0,0.0,0,0.0,0.0,100.0,0.0,0,0.0,0.0,100.0,0.0,0
2026-06-19 17:00:52,152.15,100.0,92.0,100.0,0.0,1,150.0,143.0,100.0,0.0,1,150.0,144.0,100.0,0.0,1,0.0,0.0,100.0,0.0,0,0.0,0.0,100.0,0.0,0,0.0,0.0,100.0,0.0,0
2026-06-19 17:00:53,152.88,100.0,92.0,100.0,0.0,1,150.0,143.0,100.0,0.0,1,150.0,144.0,100.0,0.0,1,0.0,0.0,100.0,0.0,0,0.0,0.0,100.0,0.0,0,0.0,0.0,100.0,0.0,0
2026-06-19 17:00:53,153.61,100.0,92.0,100.0,0.0,1,150.0,143.0,100.0,0.0,1,150.0,144.0,100.0,0.0,1,0.0,0.0,100.0,0.0,0,0.0,0.0,100.0,0.0,0,0.0,0.0,100.0,0.0,0
2026-06-19 17:00:54,154.34,100.0,92.0,100.0,0.0,1,150.0,143.0,100.0,0.0,1,150.0,144.0,100.0,0.0,1,0.0,0.0,100.0,0.0,0,0.0,0.0,100.0,0.0,0,0.0,0.0,100.0,0.0,0
2026-06-19 17:00:55,155.09,100.0,92.0,100.0,0.0,1,150.0,143.0,100.0,0.0,1,150.0,144.0,100.0,0.0,1,0.0,0.0,100.0,0.0,0,0.0,0.0,100.0,0.0,0,0.0,0.0,100.0,0.0,0
2026-06-19 17:00:56,155.85,100.0,92.0,100.0,0.0,1,150.0,143.0,100.0,0.0,1,150.0,144.0,100.0,0.0,1,0.0,0.0,100.0,0.0,0,0.0,0.0,100.0,0.0,0,0.0,0.0,100.0,0.0,0
2026-06-19 17:00:56,156.58,100.0,92.0,100.0,0.0,1,150.0,143.0,100.0,0.0,1,150.0,144.0,100.0,0.0,1,0.0,0.0,100.0,0.0,0,0.0,0.0,100.0,0.0,0,0.0,0.0,100.0,0.0,0
2026-06-19 17:00:57,157.35,100.0,92.0,100.0,0.0,1,150.0,143.0,100.0,0.0,1,150.0,144.0,100.0,0.0,1,0.0,0.0,100.0,0.0,0,0.0,0.0,100.0,0.0,0,0.0,0.0,100.0,0.0,0
2026-06-19 17:00:58,158.06,100.0,92.0,100.0,0.0,1,150.0,143.0,100.0,0.0,1,150.0,144.0,100.0,0.0,1,0.0,0.0,100.0,0.0,0,0.0,0.0,100.0,0.0,0,0.0,0.0,100.0,0.0,0
2026-06-19 17:00:59,158.78,100.0,92.0,100.0,0.0,1,150.0,143.0,100.0,0.0,1,150.0,144.0,100.0,0.0,1,0.0,0.0,100.0,0.0,0,0.0,0.0,100.0,0.0,0,0.0,0.0,100.0,0.0,0
2026-06-19 17:00:59,159.5,100.0,92.0,100.0,0.0,1,150.0,143.0,100.0,0.0,1,150.0,144.0,100.0,0.0,1,0.0,0.0,100.0,0.0,0,0.0,0.0,100.0,0.0,0,0.0,0.0,100.0,0.0,0
2026-06-19 17:01:00,160.28,100.0,92.0,100.0,0.0,1,150.0,143.0,100.0,0.0,1,150.0,144.0,100.0,0.0,1,0.0,0.0,100.0,0.0,0,0.0,0.0,100.0,0.0,0,0.0,0.0,100.0,0.0,0
2026-06-19 17:01:01,161.04,100.0,92.0,100.0,0.0,1,150.0,143.0,100.0,0.0,1,150.0,144.0,100.0,0.0,1,0.0,0.0,100.0,0.0,0,0.0,0.0,100.0,0.0,0,0.0,0.0,100.0,0.0,0
2026-06-19 17:01:02,161.85,100.0,92.0,100.0,0.0,1,150.0,143.0,100.0,0.0,1,150.0,144.0,100.0,0.0,1,0.0,0.0,100.0,0.0,0,0.0,0.0,100.0,0.0,0,0.0,0.0,100.0,0.0,0
2026-06-19 17:01:02,162.61,100.0,92.0,100.0,0.0,1,150.0,143.0,100.0,0.0,1,150.0,144.0,100.0,0.0,1,0.0,0.0,100.0,0.0,0,0.0,0.0,100.0,0.0,0,0.0,0.0,100.0,0.0,0
2026-06-19 17:01:03,163.35,100.0,92.0,100.0,0.0,1,150.0,143.0,100.0,0.0,1,150.0,144.0,100.0,0.0,1,0.0,0.0,100.0,0.0,0,0.0,0.0,100.0,0.0,0,0.0,0.0,100.0,0.0,0
2026-06-19 17:01:04,164.09,100.0,92.0,100.0,0.0,1,150.0,143.0,100.0,0.0,1,150.0,144.0,100.0,0.0,1,0.0,0.0,100.0,0.0,0,0.0,0.0,100.0,0.0,0,0.0,0.0,100.0,0.0,0
2026-06-19 17:01:05,164.85,100.0,92.0,100.0,0.0,1,150.0,143.0,100.0,0.0,1,150.0,144.0,100.0,0.0,1,0.0,0.0,100.0,0.0,0,0.0,0.0,100.0,0.0,0,0.0,0.0,100.0,0.0,0
2026-06-19 17:01:05,165.58,100.0,92.0,100.0,0.0,1,150.0,143.0,100.0,0.0,1,150.0,144.0,100.0,0.0,1,0.0,0.0,100.0,0.0,0,0.0,0.0,100.0,0.0,0,0.0,0.0,100.0,0.0,0
2026-06-19 17:01:06,166.34,100.0,92.0,100.0,0.0,1,150.0,143.0,100.0,0.0,1,150.0,144.0,100.0,0.0,1,0.0,0.0,100.0,0.0,0,0.0,0.0,100.0,0.0,0,0.0,0.0,100.0,0.0,0
2026-06-19 17:01:07,167.1,100.0,92.0,100.0,0.0,1,150.0,143.0,100.0,0.0,1,150.0,144.0,100.0,0.0,1,0.0,0.0,100.0,0.0,0,0.0,0.0,100.0,0.0,0,0.0,0.0,100.0,0.0,0
2026-06-19 17:01:08,167.85,100.0,92.0,100.0,0.0,1,150.0,143.0,100.0,0.0,1,150.0,144.0,100.0,0.0,1,0.0,0.0,100.0,0.0,0,0.0,0.0,100.0,0.0,0,0.0,0.0,100.0,0.0,0
2026-06-19 17:01:08,168.58,100.0,92.0,100.0,0.0,1,150.0,143.0,100.0,0.0,1,150.0,144.0,100.0,0.0,1,0.0,0.0,100.0,0.0,0,0.0,0.0,100.0,0.0,0,0.0,0.0,100.0,0.0,0
2026-06-19 17:01:09,169.31,100.0,92.0,100.0,0.0,1,150.0,143.0,100.0,0.0,1,150.0,144.0,100.0,0.0,1,0.0,0.0,100.0,0.0,0,0.0,0.0,100.0,0.0,0,0.0,0.0,100.0,0.0,0
2026-06-19 17:01:10,170.06,100.0,92.0,100.0,0.0,1,150.0,143.0,100.0,0.0,1,150.0,144.0,100.0,0.0,1,0.0,0.0,100.0,0.0,0,0.0,0.0,100.0,0.0,0,0.0,0.0,100.0,0.0,0
2026-06-19 17:01:11,170.82,100.0,92.0,100.0,0.0,1,150.0,143.0,100.0,0.0,1,150.0,144.0,100.0,0.0,1,0.0,0.0,100.0,0.0,0,0.0,0.0,100.0,0.0,0,0.0,0.0,100.0,0.0,0
2026-06-19 17:01:11,171.57,100.0,92.0,100.0,0.0,1,150.0,143.0,100.0,0.0,1,150.0,144.0,100.0,0.0,1,0.0,0.0,100.0,0.0,0,0.0,0.0,100.0,0.0,0,0.0,0.0,100.0,0.0,0
2026-06-19 17:01:12,172.32,100.0,92.0,100.0,0.0,1,150.0,143.0,100.0,0.0,1,150.0,144.0,100.0,0.0,1,0.0,0.0,100.0,0.0,0,0.0,0.0,100.0,0.0,0,0.0,0.0,100.0,0.0,0
2026-06-19 17:01:13,173.08,100.0,92.0,100.0,0.0,1,150.0,143.0,100.0,0.0,1,150.0,144.0,100.0,0.0,1,0.0,0.0,100.0,0.0,0,0.0,0.0,100.0,0.0,0,0.0,0.0,100.0,0.0,0
2026-06-19 17:01:14,173.84,100.0,92.0,100.0,0.0,1,150.0,143.0,100.0,0.0,1,150.0,144.0,100.0,0.0,1,0.0,0.0,100.0,0.0,0,0.0,0.0,100.0,0.0,0,0.0,0.0,100.0,0.0,0
2026-06-19 17:01:14,174.57,100.0,92.0,100.0,0.0,1,150.0,143.0,100.0,0.0,1,150.0,144.0,100.0,0.0,1,0.0,0.0,100.0,0.0,0,0.0,0.0,100.0,0.0,0,0.0,0.0,100.0,0.0,0
2026-06-19 17:01:15,175.3,100.0,92.0,100.0,0.0,1,150.0,143.0,100.0,0.0,1,150.0,144.0,100.0,0.0,1,0.0,0.0,100.0,0.0,0,0.0,0.0,100.0,0.0,0,0.0,0.0,100.0,0.0,0
2026-06-19 17:01:16,176.02,100.0,92.0,100.0,0.0,1,150.0,143.0,100.0,0.0,1,150.0,144.0,100.0,0.0,1,0.0,0.0,100.0,0.0,0,0.0,0.0,100.0,0.0,0,0.0,0.0,100.0,0.0,0
2026-06-19 17:01:17,176.76,100.0,92.0,100.0,0.0,1,150.0,143.0,100.0,0.0,1,150.0,144.0,100.0,0.0,1,0.0,0.0,100.0,0.0,0,0.0,0.0,100.0,0.0,0,0.0,0.0,100.0,0.0,0
2026-06-19 17:01:17,177.49,100.0,92.0,100.0,0.0,1,150.0,143.0,100.0,0.0,1,150.0,144.0,100.0,0.0,1,0.0,0.0,100.0,0.0,0,0.0,0.0,100.0,0.0,0,0.0,0.0,100.0,0.0,0
2026-06-19 17:01:18,178.24,100.0,92.0,100.0,0.0,1,150.0,143.0,100.0,0.0,1,150.0,144.0,100.0,0.0,1,0.0,0.0,100.0,0.0,0,0.0,0.0,100.0,0.0,0,0.0,0.0,100.0,0.0,0
2026-06-19 17:01:19,178.99,100.0,92.0,100.0,0.0,1,150.0,143.0,100.0,0.0,1,150.0,144.0,100.0,0.0,1,0.0,0.0,100.0,0.0,0,0.0,0.0,100.0,0.0,0,0.0,0.0,100.0,0.0,0
2026-06-19 17:01:20,179.75,100.0,92.0,100.0,0.0,1,150.0,143.0,100.0,0.0,1,150.0,144.0,100.0,0.0,1,0.0,0.0,100.0,0.0,0,0.0,0.0,100.0,0.0,0,0.0,0.0,100.0,0.0,0
2026-06-19 17:01:20,180.53,100.0,92.0,100.0,0.0,1,150.0,143.0,100.0,0.0,1,150.0,144.0,100.0,0.0,1,0.0,0.0,100.0,0.0,0,0.0,0.0,100.0,0.0,0,0.0,0.0,100.0,0.0,0
2026-06-19 17:01:21,181.28,100.0,92.0,100.0,0.0,1,150.0,143.0,100.0,0.0,1,150.0,144.0,100.0,0.0,1,0.0,0.0,100.0,0.0,0,0.0,0.0,100.0,0.0,0,0.0,0.0,100.0,0.0,0
2026-06-19 17:01:22,182.06,100.0,92.0,100.0,0.0,1,150.0,143.0,100.0,0.0,1,150.0,144.0,100.0,0.0,1,0.0,0.0,100.0,0.0,0,0.0,0.0,100.0,0.0,0,0.0,0.0,100.0,0.0,0
2026-06-19 17:01:23,182.81,100.0,92.0,100.0,0.0,1,150.0,143.0,100.0,0.0,1,150.0,144.0,100.0,0.0,1,0.0,0.0,100.0,0.0,0,0.0,0.0,100.0,0.0,0,0.0,0.0,100.0,0.0,0
2026-06-19 17:01:23,183.56,100.0,92.0,100.0,0.0,1,150.0,143.0,100.0,0.0,1,150.0,144.0,100.0,0.0,1,0.0,0.0,100.0,0.0,0,0.0,0.0,100.0,0.0,0,0.0,0.0,100.0,0.0,0
2026-06-19 17:01:24,184.31,100.0,92.0,100.0,0.0,1,150.0,143.0,100.0,0.0,1,150.0,144.0,100.0,0.0,1,0.0,0.0,100.0,0.0,0,0.0,0.0,100.0,0.0,0,0.0,0.0,100.0,0.0,0
2026-06-19 17:01:25,185.04,100.0,92.0,100.0,0.0,1,150.0,143.0,100.0,0.0,1,150.0,144.0,100.0,0.0,1,0.0,0.0,100.0,0.0,0,0.0,0.0,100.0,0.0,0,0.0,0.0,100.0,0.0,0
2026-06-19 17:01:26,185.77,100.0,92.0,100.0,0.0,1,150.0,143.0,100.0,0.0,1,150.0,144.0,100.0,0.0,1,0.0,0.0,100.0,0.0,0,0.0,0.0,100.0,0.0,0,0.0,0.0,100.0,0.0,0
2026-06-19 17:01:26,186.5,100.0,92.0,100.0,0.0,1,150.0,143.0,100.0,0.0,1,150.0,144.0,100.0,0.0,1,0.0,0.0,100.0,0.0,0,0.0,0.0,100.0,0.0,0,0.0,0.0,100.0,0.0,0
2026-06-19 17:01:27,187.22,100.0,92.0,100.0,0.0,1,150.0,143.0,100.0,0.0,1,150.0,144.0,100.0,0.0,1,0.0,0.0,100.0,0.0,0,0.0,0.0,100.0,0.0,0,0.0,0.0,100.0,0.0,0
2026-06-19 17:01:28,187.98,100.0,92.0,100.0,0.0,1,150.0,143.0,100.0,0.0,1,150.0,144.0,100.0,0.0,1,0.0,0.0,100.0,0.0,0,0.0,0.0,100.0,0.0,0,0.0,0.0,100.0,0.0,0
2026-06-19 17:01:29,188.76,100.0,92.0,100.0,0.0,1,150.0,143.0,100.0,0.0,1,150.0,144.0,100.0,0.0,1,0.0,0.0,100.0,0.0,0,0.0,0.0,100.0,0.0,0,0.0,0.0,100.0,0.0,0
2026-06-19 17:01:29,189.5,100.0,92.0,100.0,0.0,1,150.0,143.0,100.0,0.0,1,150.0,144.0,100.0,0.0,1,0.0,0.0,100.0,0.0,0,0.0,0.0,100.0,0.0,0,0.0,0.0,100.0,0.0,0
2026-06-19 17:01:30,190.26,100.0,92.0,100.0,0.0,1,150.0,143.0,100.0,0.0,1,150.0,144.0,100.0,0.0,1,0.0,0.0,100.0,0.0,0,0.0,0.0,100.0,0.0,0,0.0,0.0,100.0,0.0,0
2026-06-19 17:01:31,191.04,100.0,92.0,100.0,0.0,1,150.0,143.0,100.0,0.0,1,150.0,144.0,100.0,0.0,1,0.0,0.0,100.0,0.0,0,0.0,0.0,100.0,0.0,0,0.0,0.0,100.0,0.0,0
2026-06-19 17:01:32,191.83,100.0,92.0,100.0,0.0,1,150.0,143.0,100.0,0.0,1,150.0,144.0,100.0,0.0,1,0.0,0.0,100.0,0.0,0,0.0,0.0,100.0,0.0,0,0.0,0.0,100.0,0.0,0
2026-06-19 17:01:32,192.59,100.0,92.0,100.0,0.0,1,150.0,143.0,100.0,0.0,1,150.0,144.0,100.0,0.0,1,0.0,0.0,100.0,0.0,0,0.0,0.0,100.0,0.0,0,0.0,0.0,100.0,0.0,0
2026-06-19 17:01:33,193.38,100.0,92.0,100.0,0.0,1,150.0,143.0,100.0,0.0,1,150.0,144.0,100.0,0.0,1,0.0,0.0,100.0,0.0,0,0.0,0.0,100.0,0.0,0,0.0,0.0,100.0,0.0,0
2026-06-19 17:01:34,194.1,100.0,92.0,100.0,0.0,1,150.0,143.0,100.0,0.0,1,150.0,144.0,100.0,0.0,1,0.0,0.0,100.0,0.0,0,0.0,0.0,100.0,0.0,0,0.0,0.0,100.0,0.0,0
2026-06-19 17:01:35,194.86,100.0,92.0,100.0,0.0,1,150.0,143.0,100.0,0.0,1,150.0,144.0,100.0,0.0,1,0.0,0.0,100.0,0.0,0,0.0,0.0,100.0,0.0,0,0.0,0.0,100.0,0.0,0
2026-06-19 17:01:35,195.62,100.0,92.0,100.0,0.0,1,150.0,143.0,100.0,0.0,1,150.0,144.0,100.0,0.0,1,0.0,0.0,100.0,0.0,0,0.0,0.0,100.0,0.0,0,0.0,0.0,100.0,0.0,0
2026-06-19 17:01:36,196.35,100.0,92.0,100.0,0.0,1,150.0,143.0,100.0,0.0,1,150.0,144.0,100.0,0.0,1,0.0,0.0,100.0,0.0,0,0.0,0.0,100.0,0.0,0,0.0,0.0,100.0,0.0,0
2026-06-19 17:01:37,197.1,100.0,92.0,100.0,0.0,1,150.0,143.0,100.0,0.0,1,150.0,144.0,100.0,0.0,1,0.0,0.0,100.0,0.0,0,0.0,0.0,100.0,0.0,0,0.0,0.0,100.0,0.0,0
2026-06-19 17:01:38,197.85,100.0,92.0,100.0,0.0,1,150.0,143.0,100.0,0.0,1,150.0,144.0,100.0,0.0,1,0.0,0.0,100.0,0.0,0,0.0,0.0,100.0,0.0,0,0.0,0.0,100.0,0.0,0
2026-06-19 17:01:38,198.59,100.0,92.0,100.0,0.0,1,150.0,143.0,100.0,0.0,1,150.0,144.0,100.0,0.0,1,0.0,0.0,100.0,0.0,0,0.0,0.0,100.0,0.0,0,0.0,0.0,100.0,0.0,0
2026-06-19 17:01:39,199.37,100.0,92.0,100.0,0.0,1,150.0,143.0,100.0,0.0,1,150.0,144.0,100.0,0.0,1,0.0,0.0,100.0,0.0,0,0.0,0.0,100.0,0.0,0,0.0,0.0,100.0,0.0,0
2026-06-19 17:01:40,200.13,100.0,92.0,100.0,0.0,1,150.0,143.0,100.0,0.0,1,150.0,144.0,100.0,0.0,1,0.0,0.0,100.0,0.0,0,0.0,0.0,100.0,0.0,0,0.0,0.0,100.0,0.0,0
2026-06-19 17:01:41,200.87,100.0,92.0,100.0,0.0,1,150.0,143.0,100.0,0.0,1,150.0,144.0,100.0,0.0,1,0.0,0.0,100.0,0.0,0,0.0,0.0,100.0,0.0,0,0.0,0.0,100.0,0.0,0
2026-06-19 17:01:41,201.59,100.0,92.0,100.0,0.0,1,150.0,143.0,100.0,0.0,1,150.0,144.0,100.0,0.0,1,0.0,0.0,100.0,0.0,0,0.0,0.0,100.0,0.0,0,0.0,0.0,100.0,0.0,0
2026-06-19 17:01:42,202.36,100.0,92.0,100.0,0.0,1,150.0,143.0,100.0,0.0,1,150.0,144.0,100.0,0.0,1,0.0,0.0,100.0,0.0,0,0.0,0.0,100.0,0.0,0,0.0,0.0,100.0,0.0,0
2026-06-19 17:01:43,203.11,100.0,92.0,100.0,0.0,1,150.0,143.0,100.0,0.0,1,150.0,144.0,100.0,0.0,1,0.0,0.0,100.0,0.0,0,0.0,0.0,100.0,0.0,0,0.0,0.0,100.0,0.0,0
2026-06-19 17:01:44,203.88,100.0,92.0,100.0,0.0,1,150.0,143.0,100.0,0.0,1,150.0,144.0,100.0,0.0,1,0.0,0.0,100.0,0.0,0,0.0,0.0,100.0,0.0,0,0.0,0.0,100.0,0.0,0
2026-06-19 17:01:44,204.63,100.0,92.0,100.0,0.0,1,150.0,143.0,100.0,0.0,1,150.0,144.0,100.0,0.0,1,0.0,0.0,100.0,0.0,0,0.0,0.0,100.0,0.0,0,0.0,0.0,100.0,0.0,0
2026-06-19 17:01:45,205.43,100.0,92.0,100.0,0.0,1,150.0,143.0,100.0,0.0,1,150.0,144.0,100.0,0.0,1,0.0,0.0,100.0,0.0,0,0.0,0.0,100.0,0.0,0,0.0,0.0,100.0,0.0,0
2026-06-19 17:01:46,206.16,100.0,92.0,100.0,0.0,1,150.0,143.0,100.0,0.0,1,150.0,144.0,100.0,0.0,1,0.0,0.0,100.0,0.0,0,0.0,0.0,100.0,0.0,0,0.0,0.0,100.0,0.0,0
2026-06-19 17:01:47,206.92,100.0,92.0,100.0,0.0,1,150.0,143.0,100.0,0.0,1,150.0,144.0,100.0,0.0,1,0.0,0.0,100.0,0.0,0,0.0,0.0,100.0,0.0,0,0.0,0.0,100.0,0.0,0
2026-06-19 17:01:47,207.64,100.0,92.0,100.0,0.0,1,150.0,143.0,100.0,0.0,1,150.0,144.0,100.0,0.0,1,0.0,0.0,100.0,0.0,0,0.0,0.0,100.0,0.0,0,0.0,0.0,100.0,0.0,0
2026-06-19 17:01:48,208.37,100.0,92.0,100.0,0.0,1,150.0,143.0,100.0,0.0,1,150.0,144.0,100.0,0.0,1,0.0,0.0,100.0,0.0,0,0.0,0.0,100.0,0.0,0,0.0,0.0,100.0,0.0,0
2026-06-19 17:01:49,209.11,100.0,92.0,100.0,0.0,1,150.0,143.0,100.0,0.0,1,150.0,144.0,100.0,0.0,1,0.0,0.0,100.0,0.0,0,0.0,0.0,100.0,0.0,0,0.0,0.0,100.0,0.0,0
2026-06-19 17:01:50,209.85,100.0,92.0,100.0,0.0,1,150.0,143.0,100.0,0.0,1,150.0,144.0,100.0,0.0,1,0.0,0.0,100.0,0.0,0,0.0,0.0,100.0,0.0,0,0.0,0.0,100.0,0.0,0
2026-06-19 17:01:50,210.57,100.0,92.0,100.0,0.0,1,150.0,143.0,100.0,0.0,1,150.0,144.0,100.0,0.0,1,0.0,0.0,100.0,0.0,0,0.0,0.0,100.0,0.0,0,0.0,0.0,100.0,0.0,0
2026-06-19 17:01:51,211.3,100.0,92.0,100.0,0.0,1,150.0,143.0,100.0,0.0,1,150.0,144.0,100.0,0.0,1,0.0,0.0,100.0,0.0,0,0.0,0.0,100.0,0.0,0,0.0,0.0,100.0,0.0,0
2026-06-19 17:01:52,212.04,100.0,92.0,100.0,0.0,1,150.0,143.0,100.0,0.0,1,150.0,144.0,100.0,0.0,1,0.0,0.0,100.0,0.0,0,0.0,0.0,100.0,0.0,0,0.0,0.0,100.0,0.0,0
2026-06-19 17:01:53,212.82,100.0,92.0,100.0,0.0,1,150.0,143.0,100.0,0.0,1,150.0,144.0,100.0,0.0,1,0.0,0.0,100.0,0.0,0,0.0,0.0,100.0,0.0,0,0.0,0.0,100.0,0.0,0
2026-06-19 17:01:53,213.59,100.0,92.0,100.0,0.0,1,150.0,143.0,100.0,0.0,1,150.0,144.0,100.0,0.0,1,0.0,0.0,100.0,0.0,0,0.0,0.0,100.0,0.0,0,0.0,0.0,100.0,0.0,0
2026-06-19 17:01:54,214.33,100.0,92.0,100.0,0.0,1,150.0,143.0,100.0,0.0,1,150.0,144.0,100.0,0.0,1,0.0,0.0,100.0,0.0,0,0.0,0.0,100.0,0.0,0,0.0,0.0,100.0,0.0,0
2026-06-19 17:01:55,215.08,100.0,92.0,100.0,0.0,1,150.0,143.0,100.0,0.0,1,150.0,144.0,100.0,0.0,1,0.0,0.0,100.0,0.0,0,0.0,0.0,100.0,0.0,0,0.0,0.0,100.0,0.0,0
2026-06-19 17:01:56,215.82,100.0,92.0,100.0,0.0,1,150.0,143.0,100.0,0.0,1,150.0,144.0,100.0,0.0,1,0.0,0.0,100.0,0.0,0,0.0,0.0,100.0,0.0,0,0.0,0.0,100.0,0.0,0
2026-06-19 17:01:56,216.56,100.0,92.0,100.0,0.0,1,150.0,143.0,100.0,0.0,1,150.0,144.0,100.0,0.0,1,0.0,0.0,100.0,0.0,0,0.0,0.0,100.0,0.0,0,0.0,0.0,100.0,0.0,0
2026-06-19 17:01:57,217.29,100.0,92.0,100.0,0.0,1,150.0,143.0,100.0,0.0,1,150.0,144.0,100.0,0.0,1,0.0,0.0,100.0,0.0,0,0.0,0.0,100.0,0.0,0,0.0,0.0,100.0,0.0,0
2026-06-19 17:01:58,218.04,100.0,92.0,100.0,0.0,1,150.0,143.0,100.0,0.0,1,150.0,144.0,100.0,0.0,1,0.0,0.0,100.0,0.0,0,0.0,0.0,100.0,0.0,0,0.0,0.0,100.0,0.0,0
2026-06-19 17:01:59,218.79,100.0,92.0,100.0,0.0,1,150.0,143.0,100.0,0.0,1,150.0,144.0,100.0,0.0,1,0.0,0.0,100.0,0.0,0,0.0,0.0,100.0,0.0,0,0.0,0.0,100.0,0.0,0
2026-06-19 17:01:59,219.52,100.0,92.0,100.0,0.0,1,150.0,143.0,100.0,0.0,1,150.0,144.0,100.0,0.0,1,0.0,0.0,100.0,0.0,0,0.0,0.0,100.0,0.0,0,0.0,0.0,100.0,0.0,0
2026-06-19 17:02:00,220.31,100.0,92.0,100.0,0.0,1,150.0,143.0,100.0,0.0,1,150.0,144.0,100.0,0.0,1,0.0,0.0,100.0,0.0,0,0.0,0.0,100.0,0.0,0,0.0,0.0,100.0,0.0,0
2026-06-19 17:02:01,221.07,100.0,92.0,100.0,0.0,1,150.0,143.0,100.0,0.0,1,150.0,144.0,100.0,0.0,1,0.0,0.0,100.0,0.0,0,0.0,0.0,100.0,0.0,0,0.0,0.0,100.0,0.0,0
2026-06-19 17:02:02,221.84,100.0,92.0,100.0,0.0,1,150.0,143.0,100.0,0.0,1,150.0,144.0,100.0,0.0,1,0.0,0.0,100.0,0.0,0,0.0,0.0,100.0,0.0,0,0.0,0.0,100.0,0.0,0
2026-06-19 17:02:02,222.57,100.0,92.0,100.0,0.0,1,150.0,143.0,100.0,0.0,1,150.0,144.0,100.0,0.0,1,0.0,0.0,100.0,0.0,0,0.0,0.0,100.0,0.0,0,0.0,0.0,100.0,0.0,0
2026-06-19 17:02:03,223.33,100.0,92.0,100.0,0.0,1,150.0,143.0,100.0,0.0,1,150.0,144.0,100.0,0.0,1,0.0,0.0,100.0,0.0,0,0.0,0.0,100.0,0.0,0,0.0,0.0,100.0,0.0,0
2026-06-19 17:02:04,224.1,100.0,92.0,100.0,0.0,1,150.0,143.0,100.0,0.0,1,150.0,144.0,100.0,0.0,1,0.0,0.0,100.0,0.0,0,0.0,0.0,100.0,0.0,0,0.0,0.0,100.0,0.0,0
2026-06-19 17:02:05,224.85,100.0,92.0,100.0,0.0,1,150.0,143.0,100.0,0.0,1,150.0,144.0,100.0,0.0,1,0.0,0.0,100.0,0.0,0,0.0,0.0,100.0,0.0,0,0.0,0.0,100.0,0.0,0
2026-06-19 17:02:05,225.59,100.0,92.0,100.0,0.0,1,150.0,143.0,100.0,0.0,1,150.0,144.0,100.0,0.0,1,0.0,0.0,100.0,0.0,0,0.0,0.0,100.0,0.0,0,0.0,0.0,100.0,0.0,0
2026-06-19 17:02:06,226.33,100.0,92.0,100.0,0.0,1,150.0,143.0,100.0,0.0,1,150.0,144.0,100.0,0.0,1,0.0,0.0,100.0,0.0,0,0.0,0.0,100.0,0.0,0,0.0,0.0,100.0,0.0,0
2026-06-19 17:02:07,227.18,100.0,92.0,100.0,0.0,1,150.0,143.0,100.0,0.0,1,150.0,144.0,100.0,0.0,1,0.0,0.0,100.0,0.0,0,0.0,0.0,100.0,0.0,0,0.0,0.0,100.0,0.0,0
2026-06-19 17:02:08,227.93,100.0,92.0,100.0,0.0,1,150.0,143.0,100.0,0.0,1,150.0,144.0,100.0,0.0,1,0.0,0.0,100.0,0.0,0,0.0,0.0,100.0,0.0,0,0.0,0.0,100.0,0.0,0
2026-06-19 17:02:08,228.67,100.0,92.0,100.0,0.0,1,150.0,143.0,100.0,0.0,1,150.0,144.0,100.0,0.0,1,0.0,0.0,100.0,0.0,0,0.0,0.0,100.0,0.0,0,0.0,0.0,100.0,0.0,0
2026-06-19 17:02:09,229.42,100.0,92.0,100.0,0.0,1,150.0,143.0,100.0,0.0,1,150.0,144.0,100.0,0.0,1,0.0,0.0,100.0,0.0,0,0.0,0.0,100.0,0.0,0,0.0,0.0,100.0,0.0,0
2026-06-19 17:02:10,230.18,100.0,92.0,100.0,0.0,1,150.0,143.0,100.0,0.0,1,150.0,144.0,100.0,0.0,1,0.0,0.0,100.0,0.0,0,0.0,0.0,100.0,0.0,0,0.0,0.0,100.0,0.0,0
2026-06-19 17:02:11,230.91,100.0,92.0,100.0,0.0,1,150.0,143.0,100.0,0.0,1,150.0,144.0,100.0,0.0,1,0.0,0.0,100.0,0.0,0,0.0,0.0,100.0,0.0,0,0.0,0.0,100.0,0.0,0
2026-06-19 17:02:11,231.67,100.0,92.0,100.0,0.0,1,150.0,143.0,100.0,0.0,1,150.0,144.0,100.0,0.0,1,0.0,0.0,100.0,0.0,0,0.0,0.0,100.0,0.0,0,0.0,0.0,100.0,0.0,0
2026-06-19 17:02:12,232.4,100.0,92.0,100.0,0.0,1,150.0,143.0,100.0,0.0,1,150.0,144.0,100.0,0.0,1,0.0,0.0,100.0,0.0,0,0.0,0.0,100.0,0.0,0,0.0,0.0,100.0,0.0,0
2026-06-19 17:02:13,233.14,100.0,92.0,100.0,0.0,1,150.0,143.0,100.0,0.0,1,150.0,144.0,100.0,0.0,1,0.0,0.0,100.0,0.0,0,0.0,0.0,100.0,0.0,0,0.0,0.0,100.0,0.0,0
2026-06-19 17:02:14,233.88,100.0,92.0,100.0,0.0,1,150.0,143.0,100.0,0.0,1,150.0,144.0,100.0,0.0,1,0.0,0.0,100.0,0.0,0,0.0,0.0,100.0,0.0,0,0.0,0.0,100.0,0.0,0
2026-06-19 17:02:14,234.64,100.0,92.0,100.0,0.0,1,150.0,143.0,100.0,0.0,1,150.0,144.0,100.0,0.0,1,0.0,0.0,100.0,0.0,0,0.0,0.0,100.0,0.0,0,0.0,0.0,100.0,0.0,0
2026-06-19 17:02:15,235.37,100.0,92.0,100.0,0.0,1,150.0,143.0,100.0,0.0,1,150.0,144.0,100.0,0.0,1,0.0,0.0,100.0,0.0,0,0.0,0.0,100.0,0.0,0,0.0,0.0,100.0,0.0,0
2026-06-19 17:02:16,236.18,100.0,92.0,100.0,0.0,1,150.0,143.0,100.0,0.0,1,150.0,144.0,100.0,0.0,1,0.0,0.0,100.0,0.0,0,0.0,0.0,100.0,0.0,0,0.0,0.0,100.0,0.0,0
2026-06-19 17:02:17,236.91,100.0,92.0,100.0,0.0,1,150.0,143.0,100.0,0.0,1,150.0,144.0,100.0,0.0,1,0.0,0.0,100.0,0.0,0,0.0,0.0,100.0,0.0,0,0.0,0.0,100.0,0.0,0
2026-06-19 17:02:17,237.65,100.0,92.0,100.0,0.0,1,150.0,143.0,100.0,0.0,1,150.0,144.0,100.0,0.0,1,0.0,0.0,100.0,0.0,0,0.0,0.0,100.0,0.0,0,0.0,0.0,100.0,0.0,0
2026-06-19 17:02:18,238.39,100.0,92.0,100.0,0.0,1,150.0,143.0,100.0,0.0,1,150.0,144.0,100.0,0.0,1,0.0,0.0,100.0,0.0,0,0.0,0.0,100.0,0.0,0,0.0,0.0,100.0,0.0,0
2026-06-19 17:02:19,239.13,100.0,92.0,100.0,0.0,1,150.0,143.0,100.0,0.0,1,150.0,144.0,100.0,0.0,1,0.0,0.0,100.0,0.0,0,0.0,0.0,100.0,0.0,0,0.0,0.0,100.0,0.0,0
2026-06-19 17:02:20,239.86,100.0,92.0,100.0,0.0,1,150.0,143.0,100.0,0.0,1,150.0,144.0,100.0,0.0,1,0.0,0.0,100.0,0.0,0,0.0,0.0,100.0,0.0,0,0.0,0.0,100.0,0.0,0
2026-06-19 17:02:20,240.6,100.0,92.0,100.0,0.0,1,150.0,143.0,100.0,0.0,1,150.0,144.0,100.0,0.0,1,0.0,0.0,100.0,0.0,0,0.0,0.0,100.0,0.0,0,0.0,0.0,100.0,0.0,0
2026-06-19 17:02:21,241.35,100.0,92.0,100.0,0.0,1,150.0,143.0,100.0,0.0,1,150.0,144.0,100.0,0.0,1,0.0,0.0,100.0,0.0,0,0.0,0.0,100.0,0.0,0,0.0,0.0,100.0,0.0,0
2026-06-19 17:02:22,242.07,100.0,92.0,100.0,0.0,1,150.0,143.0,100.0,0.0,1,150.0,144.0,100.0,0.0,1,0.0,0.0,100.0,0.0,0,0.0,0.0,100.0,0.0,0,0.0,0.0,100.0,0.0,0
2026-06-19 17:02:23,242.85,100.0,92.0,100.0,0.0,1,150.0,143.0,100.0,0.0,1,150.0,144.0,100.0,0.0,1,0.0,0.0,100.0,0.0,0,0.0,0.0,100.0,0.0,0,0.0,0.0,100.0,0.0,0
2026-06-19 17:02:23,243.57,100.0,92.0,100.0,0.0,1,150.0,143.0,100.0,0.0,1,150.0,144.0,100.0,0.0,1,0.0,0.0,100.0,0.0,0,0.0,0.0,100.0,0.0,0,0.0,0.0,100.0,0.0,0
2026-06-19 17:02:24,244.31,100.0,92.0,100.0,0.0,1,150.0,143.0,100.0,0.0,1,150.0,144.0,100.0,0.0,1,0.0,0.0,100.0,0.0,0,0.0,0.0,100.0,0.0,0,0.0,0.0,100.0,0.0,0
2026-06-19 17:02:25,245.07,100.0,92.0,100.0,0.0,1,150.0,143.0,100.0,0.0,1,150.0,144.0,100.0,0.0,1,0.0,0.0,100.0,0.0,0,0.0,0.0,100.0,0.0,0,0.0,0.0,100.0,0.0,0
2026-06-19 17:02:26,245.79,100.0,92.0,100.0,0.0,1,150.0,143.0,100.0,0.0,1,150.0,144.0,100.0,0.0,1,0.0,0.0,100.0,0.0,0,0.0,0.0,100.0,0.0,0,0.0,0.0,100.0,0.0,0
2026-06-19 17:02:26,246.55,100.0,92.0,100.0,0.0,1,150.0,143.0,100.0,0.0,1,150.0,144.0,100.0,0.0,1,0.0,0.0,100.0,0.0,0,0.0,0.0,100.0,0.0,0,0.0,0.0,100.0,0.0,0
2026-06-19 17:02:27,247.28,100.0,92.0,100.0,0.0,1,150.0,143.0,100.0,0.0,1,150.0,144.0,100.0,0.0,1,0.0,0.0,100.0,0.0,0,0.0,0.0,100.0,0.0,0,0.0,0.0,100.0,0.0,0
2026-06-19 17:02:28,248.03,100.0,92.0,100.0,0.0,1,150.0,143.0,100.0,0.0,1,150.0,144.0,100.0,0.0,1,0.0,0.0,100.0,0.0,0,0.0,0.0,100.0,0.0,0,0.0,0.0,100.0,0.0,0
2026-06-19 17:02:29,248.79,100.0,92.0,100.0,0.0,1,150.0,143.0,100.0,0.0,1,150.0,144.0,100.0,0.0,1,0.0,0.0,100.0,0.0,0,0.0,0.0,100.0,0.0,0,0.0,0.0,100.0,0.0,0
2026-06-19 17:02:29,249.53,100.0,92.0,100.0,0.0,1,150.0,143.0,100.0,0.0,1,150.0,144.0,100.0,0.0,1,0.0,0.0,100.0,0.0,0,0.0,0.0,100.0,0.0,0,0.0,0.0,100.0,0.0,0
2026-06-19 17:02:30,250.27,100.0,92.0,100.0,0.0,1,150.0,143.0,100.0,0.0,1,150.0,144.0,100.0,0.0,1,0.0,0.0,100.0,0.0,0,0.0,0.0,100.0,0.0,0,0.0,0.0,100.0,0.0,0
2026-06-19 17:02:31,251.0,100.0,92.0,100.0,0.0,1,150.0,143.0,100.0,0.0,1,150.0,144.0,100.0,0.0,1,0.0,0.0,100.0,0.0,0,0.0,0.0,100.0,0.0,0,0.0,0.0,100.0,0.0,0
2026-06-19 17:02:31,251.75,100.0,92.0,100.0,0.0,1,150.0,143.0,100.0,0.0,1,150.0,144.0,100.0,0.0,1,0.0,0.0,100.0,0.0,0,0.0,0.0,100.0,0.0,0,0.0,0.0,100.0,0.0,0
2026-06-19 17:02:32,252.49,100.0,92.0,100.0,0.0,1,150.0,143.0,100.0,0.0,1,150.0,144.0,100.0,0.0,1,0.0,0.0,100.0,0.0,0,0.0,0.0,100.0,0.0,0,0.0,0.0,100.0,0.0,0
2026-06-19 17:02:33,253.29,100.0,92.0,100.0,0.0,1,150.0,143.0,100.0,0.0,1,150.0,144.0,100.0,0.0,1,0.0,0.0,100.0,0.0,0,0.0,0.0,100.0,0.0,0,0.0,0.0,100.0,0.0,0
2026-06-19 17:02:34,254.09,100.0,92.0,100.0,0.0,1,150.0,143.0,100.0,0.0,1,150.0,144.0,100.0,0.0,1,0.0,0.0,100.0,0.0,0,0.0,0.0,100.0,0.0,0,0.0,0.0,100.0,0.0,0
2026-06-19 17:02:35,254.85,100.0,92.0,100.0,0.0,1,150.0,143.0,100.0,0.0,1,150.0,144.0,100.0,0.0,1,0.0,0.0,100.0,0.0,0,0.0,0.0,100.0,0.0,0,0.0,0.0,100.0,0.0,0
2026-06-19 17:02:35,255.6,100.0,92.0,100.0,0.0,1,150.0,143.0,100.0,0.0,1,150.0,144.0,100.0,0.0,1,0.0,0.0,100.0,0.0,0,0.0,0.0,100.0,0.0,0,0.0,0.0,100.0,0.0,0
2026-06-19 17:02:36,256.35,100.0,92.0,100.0,0.0,1,150.0,143.0,100.0,0.0,1,150.0,144.0,100.0,0.0,1,0.0,0.0,100.0,0.0,0,0.0,0.0,100.0,0.0,0,0.0,0.0,100.0,0.0,0
2026-06-19 17:02:37,257.1,100.0,92.0,100.0,0.0,1,150.0,143.0,100.0,0.0,1,150.0,144.0,100.0,0.0,1,0.0,0.0,100.0,0.0,0,0.0,0.0,100.0,0.0,0,0.0,0.0,100.0,0.0,0
2026-06-19 17:02:38,257.85,100.0,92.0,100.0,0.0,1,150.0,143.0,100.0,0.0,1,150.0,144.0,100.0,0.0,1,0.0,0.0,100.0,0.0,0,0.0,0.0,100.0,0.0,0,0.0,0.0,100.0,0.0,0
2026-06-19 17:02:38,258.61,100.0,92.0,100.0,0.0,1,150.0,143.0,100.0,0.0,1,150.0,144.0,100.0,0.0,1,0.0,0.0,100.0,0.0,0,0.0,0.0,100.0,0.0,0,0.0,0.0,100.0,0.0,0
2026-06-19 17:02:39,259.36,100.0,92.0,100.0,0.0,1,150.0,143.0,100.0,0.0,1,150.0,144.0,100.0,0.0,1,0.0,0.0,100.0,0.0,0,0.0,0.0,100.0,0.0,0,0.0,0.0,100.0,0.0,0
2026-06-19 17:02:40,260.11,100.0,92.0,100.0,0.0,1,150.0,143.0,100.0,0.0,1,150.0,144.0,100.0,0.0,1,0.0,0.0,100.0,0.0,0,0.0,0.0,100.0,0.0,0,0.0,0.0,100.0,0.0,0
2026-06-19 17:02:41,260.86,100.0,92.0,100.0,0.0,1,150.0,143.0,100.0,0.0,1,150.0,144.0,100.0,0.0,1,0.0,0.0,100.0,0.0,0,0.0,0.0,100.0,0.0,0,0.0,0.0,100.0,0.0,0
2026-06-19 17:02:41,261.67,100.0,92.0,100.0,0.0,1,150.0,143.0,100.0,0.0,1,150.0,144.0,100.0,0.0,1,0.0,0.0,100.0,0.0,0,0.0,0.0,100.0,0.0,0,0.0,0.0,100.0,0.0,0
2026-06-19 17:02:42,262.42,100.0,92.0,100.0,0.0,1,150.0,143.0,100.0,0.0,1,150.0,144.0,100.0,0.0,1,0.0,0.0,100.0,0.0,0,0.0,0.0,100.0,0.0,0,0.0,0.0,100.0,0.0,0
2026-06-19 17:02:43,263.15,100.0,92.0,100.0,0.0,1,150.0,143.0,100.0,0.0,1,150.0,144.0,100.0,0.0,1,0.0,0.0,100.0,0.0,0,0.0,0.0,100.0,0.0,0,0.0,0.0,100.0,0.0,0
2026-06-19 17:02:44,263.93,100.0,92.0,100.0,0.0,1,150.0,143.0,100.0,0.0,1,150.0,144.0,100.0,0.0,1,0.0,0.0,100.0,0.0,0,0.0,0.0,100.0,0.0,0,0.0,0.0,100.0,0.0,0
2026-06-19 17:02:44,264.69,100.0,92.0,100.0,0.0,1,150.0,143.0,100.0,0.0,1,150.0,144.0,100.0,0.0,1,0.0,0.0,100.0,0.0,0,0.0,0.0,100.0,0.0,0,0.0,0.0,100.0,0.0,0
2026-06-19 17:02:45,265.45,100.0,92.0,100.0,0.0,1,150.0,143.0,100.0,0.0,1,150.0,144.0,100.0,0.0,1,0.0,0.0,100.0,0.0,0,0.0,0.0,100.0,0.0,0,0.0,0.0,100.0,0.0,0
2026-06-19 17:02:46,266.2,100.0,92.0,100.0,0.0,1,150.0,143.0,100.0,0.0,1,150.0,144.0,100.0,0.0,1,0.0,0.0,100.0,0.0,0,0.0,0.0,100.0,0.0,0,0.0,0.0,100.0,0.0,0
2026-06-19 17:02:47,266.97,100.0,92.0,100.0,0.0,1,150.0,143.0,100.0,0.0,1,150.0,144.0,100.0,0.0,1,0.0,0.0,100.0,0.0,0,0.0,0.0,100.0,0.0,0,0.0,0.0,100.0,0.0,0
2026-06-19 17:02:47,267.71,100.0,92.0,100.0,0.0,1,150.0,143.0,100.0,0.0,1,150.0,144.0,100.0,0.0,1,0.0,0.0,100.0,0.0,0,0.0,0.0,100.0,0.0,0,0.0,0.0,100.0,0.0,0
2026-06-19 17:02:48,268.46,100.0,92.0,100.0,0.0,1,150.0,143.0,100.0,0.0,1,150.0,144.0,100.0,0.0,1,0.0,0.0,100.0,0.0,0,0.0,0.0,100.0,0.0,0,0.0,0.0,100.0,0.0,0
2026-06-19 17:02:49,269.2,100.0,92.0,100.0,0.0,1,150.0,143.0,100.0,0.0,1,150.0,144.0,100.0,0.0,1,0.0,0.0,100.0,0.0,0,0.0,0.0,100.0,0.0,0,0.0,0.0,100.0,0.0,0
2026-06-19 17:02:50,269.96,100.0,92.0,100.0,0.0,1,150.0,143.0,100.0,0.0,1,150.0,144.0,100.0,0.0,1,0.0,0.0,100.0,0.0,0,0.0,0.0,100.0,0.0,0,0.0,0.0,100.0,0.0,0
2026-06-19 17:02:50,270.71,100.0,92.0,100.0,0.0,1,150.0,143.0,100.0,0.0,1,150.0,144.0,100.0,0.0,1,0.0,0.0,100.0,0.0,0,0.0,0.0,100.0,0.0,0,0.0,0.0,100.0,0.0,0
2026-06-19 17:02:51,271.46,100.0,92.0,100.0,0.0,1,150.0,143.0,100.0,0.0,1,150.0,144.0,100.0,0.0,1,0.0,0.0,100.0,0.0,0,0.0,0.0,100.0,0.0,0,0.0,0.0,100.0,0.0,0
2026-06-19 17:02:52,272.25,100.0,92.0,100.0,0.0,1,150.0,143.0,100.0,0.0,1,150.0,144.0,100.0,0.0,1,0.0,0.0,100.0,0.0,0,0.0,0.0,100.0,0.0,0,0.0,0.0,100.0,0.0,0
2026-06-19 17:02:53,272.99,100.0,92.0,100.0,0.0,1,150.0,143.0,100.0,0.0,1,150.0,144.0,100.0,0.0,1,0.0,0.0,100.0,0.0,0,0.0,0.0,100.0,0.0,0,0.0,0.0,100.0,0.0,0
2026-06-19 17:02:54,273.77,100.0,92.0,100.0,0.0,1,150.0,143.0,100.0,0.0,1,150.0,144.0,100.0,0.0,1,0.0,0.0,100.0,0.0,0,0.0,0.0,100.0,0.0,0,0.0,0.0,100.0,0.0,0
2026-06-19 17:02:54,274.53,100.0,92.0,100.0,0.0,1,150.0,143.0,100.0,0.0,1,150.0,144.0,100.0,0.0,1,0.0,0.0,100.0,0.0,0,0.0,0.0,100.0,0.0,0,0.0,0.0,100.0,0.0,0
2026-06-19 17:02:55,275.3,100.0,92.0,100.0,0.0,1,150.0,143.0,100.0,0.0,1,150.0,144.0,100.0,0.0,1,0.0,0.0,100.0,0.0,0,0.0,0.0,100.0,0.0,0,0.0,0.0,100.0,0.0,0
2026-06-19 17:02:56,276.06,100.0,92.0,100.0,0.0,1,150.0,143.0,100.0,0.0,1,150.0,144.0,100.0,0.0,1,0.0,0.0,100.0,0.0,0,0.0,0.0,100.0,0.0,0,0.0,0.0,100.0,0.0,0
2026-06-19 17:02:57,276.82,100.0,92.0,100.0,0.0,1,150.0,143.0,100.0,0.0,1,150.0,144.0,100.0,0.0,1,0.0,0.0,100.0,0.0,0,0.0,0.0,100.0,0.0,0,0.0,0.0,100.0,0.0,0
2026-06-19 17:02:57,277.62,100.0,92.0,100.0,0.0,1,150.0,143.0,100.0,0.0,1,150.0,144.0,100.0,0.0,1,0.0,0.0,100.0,0.0,0,0.0,0.0,100.0,0.0,0,0.0,0.0,100.0,0.0,0
2026-06-19 17:02:58,278.37,100.0,92.0,100.0,0.0,1,150.0,143.0,100.0,0.0,1,150.0,144.0,100.0,0.0,1,0.0,0.0,100.0,0.0,0,0.0,0.0,100.0,0.0,0,0.0,0.0,100.0,0.0,0
2026-06-19 17:02:59,279.12,100.0,92.0,100.0,0.0,1,150.0,143.0,100.0,0.0,1,150.0,144.0,100.0,0.0,1,0.0,0.0,100.0,0.0,0,0.0,0.0,100.0,0.0,0,0.0,0.0,100.0,0.0,0
2026-06-19 17:03:00,279.87,100.0,92.0,100.0,0.0,1,150.0,143.0,100.0,0.0,1,150.0,144.0,100.0,0.0,1,0.0,0.0,100.0,0.0,0,0.0,0.0,100.0,0.0,0,0.0,0.0,100.0,0.0,0
2026-06-19 17:03:00,280.61,100.0,92.0,100.0,0.0,1,150.0,143.0,100.0,0.0,1,150.0,144.0,100.0,0.0,1,0.0,0.0,100.0,0.0,0,0.0,0.0,100.0,0.0,0,0.0,0.0,100.0,0.0,0
2026-06-19 17:03:01,281.37,100.0,92.0,100.0,0.0,1,150.0,143.0,100.0,0.0,1,150.0,144.0,100.0,0.0,1,0.0,0.0,100.0,0.0,0,0.0,0.0,100.0,0.0,0,0.0,0.0,100.0,0.0,0
2026-06-19 17:03:02,282.15,100.0,92.0,100.0,0.0,1,150.0,143.0,100.0,0.0,1,150.0,144.0,100.0,0.0,1,0.0,0.0,100.0,0.0,0,0.0,0.0,100.0,0.0,0,0.0,0.0,100.0,0.0,0
2026-06-19 17:03:03,282.9,100.0,92.0,100.0,0.0,1,150.0,143.0,100.0,0.0,1,150.0,144.0,100.0,0.0,1,0.0,0.0,100.0,0.0,0,0.0,0.0,100.0,0.0,0,0.0,0.0,100.0,0.0,0
2026-06-19 17:03:03,283.63,100.0,92.0,100.0,0.0,1,150.0,143.0,100.0,0.0,1,150.0,144.0,100.0,0.0,1,0.0,0.0,100.0,0.0,0,0.0,0.0,100.0,0.0,0,0.0,0.0,100.0,0.0,0
2026-06-19 17:03:04,284.37,100.0,92.0,100.0,0.0,1,150.0,143.0,100.0,0.0,1,150.0,144.0,100.0,0.0,1,0.0,0.0,100.0,0.0,0,0.0,0.0,100.0,0.0,0,0.0,0.0,100.0,0.0,0
2026-06-19 17:03:05,285.1,100.0,92.0,100.0,0.0,1,150.0,143.0,100.0,0.0,1,150.0,144.0,100.0,0.0,1,0.0,0.0,100.0,0.0,0,0.0,0.0,100.0,0.0,0,0.0,0.0,100.0,0.0,0
2026-06-19 17:03:06,285.85,100.0,92.0,100.0,0.0,1,150.0,143.0,100.0,0.0,1,150.0,144.0,100.0,0.0,1,0.0,0.0,100.0,0.0,0,0.0,0.0,100.0,0.0,0,0.0,0.0,100.0,0.0,0
2026-06-19 17:03:06,286.6,100.0,92.0,100.0,0.0,1,150.0,143.0,100.0,0.0,1,150.0,144.0,100.0,0.0,1,0.0,0.0,100.0,0.0,0,0.0,0.0,100.0,0.0,0,0.0,0.0,100.0,0.0,0
2026-06-19 17:03:07,287.43,100.0,92.0,100.0,0.0,1,150.0,143.0,100.0,0.0,1,150.0,144.0,100.0,0.0,1,0.0,0.0,100.0,0.0,0,0.0,0.0,100.0,0.0,0,0.0,0.0,100.0,0.0,0
2026-06-19 17:03:08,288.16,100.0,92.0,100.0,0.0,1,150.0,143.0,100.0,0.0,1,150.0,144.0,100.0,0.0,1,0.0,0.0,100.0,0.0,0,0.0,0.0,100.0,0.0,0,0.0,0.0,100.0,0.0,0
2026-06-19 17:03:09,288.92,100.0,92.0,100.0,0.0,1,150.0,143.0,100.0,0.0,1,150.0,144.0,100.0,0.0,1,0.0,0.0,100.0,0.0,0,0.0,0.0,100.0,0.0,0,0.0,0.0,100.0,0.0,0
2026-06-19 17:03:09,289.71,100.0,92.0,100.0,0.0,1,150.0,143.0,100.0,0.0,1,150.0,144.0,100.0,0.0,1,0.0,0.0,100.0,0.0,0,0.0,0.0,100.0,0.0,0,0.0,0.0,100.0,0.0,0
2026-06-19 17:03:10,290.47,100.0,92.0,100.0,0.0,1,150.0,143.0,100.0,0.0,1,150.0,144.0,100.0,0.0,1,0.0,0.0,100.0,0.0,0,0.0,0.0,100.0,0.0,0,0.0,0.0,100.0,0.0,0
2026-06-19 17:03:11,291.21,100.0,92.0,100.0,0.0,1,150.0,143.0,100.0,0.0,1,150.0,144.0,100.0,0.0,1,0.0,0.0,100.0,0.0,0,0.0,0.0,100.0,0.0,0,0.0,0.0,100.0,0.0,0
2026-06-19 17:03:12,291.97,100.0,92.0,100.0,0.0,1,150.0,143.0,100.0,0.0,1,150.0,144.0,100.0,0.0,1,0.0,0.0,100.0,0.0,0,0.0,0.0,100.0,0.0,0,0.0,0.0,100.0,0.0,0
2026-06-19 17:03:12,292.72,100.0,92.0,100.0,0.0,1,150.0,143.0,100.0,0.0,1,150.0,144.0,100.0,0.0,1,0.0,0.0,100.0,0.0,0,0.0,0.0,100.0,0.0,0,0.0,0.0,100.0,0.0,0
2026-06-19 17:03:13,293.48,100.0,92.0,100.0,0.0,1,150.0,143.0,100.0,0.0,1,150.0,144.0,100.0,0.0,1,0.0,0.0,100.0,0.0,0,0.0,0.0,100.0,0.0,0,0.0,0.0,100.0,0.0,0
2026-06-19 17:03:14,294.21,100.0,92.0,100.0,0.0,1,150.0,143.0,100.0,0.0,1,150.0,144.0,100.0,0.0,1,0.0,0.0,100.0,0.0,0,0.0,0.0,100.0,0.0,0,0.0,0.0,100.0,0.0,0
2026-06-19 17:03:15,294.99,100.0,92.0,100.0,0.0,1,150.0,143.0,100.0,0.0,1,150.0,144.0,100.0,0.0,1,0.0,0.0,100.0,0.0,0,0.0,0.0,100.0,0.0,0,0.0,0.0,100.0,0.0,0
2026-06-19 17:03:16,295.78,100.0,92.0,100.0,0.0,1,150.0,143.0,100.0,0.0,1,150.0,144.0,100.0,0.0,1,0.0,0.0,100.0,0.0,0,0.0,0.0,100.0,0.0,0,0.0,0.0,100.0,0.0,0
2026-06-19 17:03:16,296.5,100.0,92.0,100.0,0.0,1,150.0,143.0,100.0,0.0,1,150.0,144.0,100.0,0.0,1,0.0,0.0,100.0,0.0,0,0.0,0.0,100.0,0.0,0,0.0,0.0,100.0,0.0,0
2026-06-19 17:03:17,297.24,100.0,92.0,100.0,0.0,1,150.0,143.0,100.0,0.0,1,150.0,144.0,100.0,0.0,1,0.0,0.0,100.0,0.0,0,0.0,0.0,100.0,0.0,0,0.0,0.0,100.0,0.0,0
2026-06-19 17:03:18,298.01,100.0,92.0,100.0,0.0,1,150.0,143.0,100.0,0.0,1,150.0,144.0,100.0,0.0,1,0.0,0.0,100.0,0.0,0,0.0,0.0,100.0,0.0,0,0.0,0.0,100.0,0.0,0
2026-06-19 17:03:18,298.75,100.0,92.0,100.0,0.0,1,150.0,143.0,100.0,0.0,1,150.0,144.0,100.0,0.0,1,0.0,0.0,100.0,0.0,0,0.0,0.0,100.0,0.0,0,0.0,0.0,100.0,0.0,0
2026-06-19 17:03:19,299.48,100.0,92.0,100.0,0.0,1,150.0,143.0,100.0,0.0,1,150.0,144.0,100.0,0.0,1,0.0,0.0,100.0,0.0,0,0.0,0.0,100.0,0.0,0,0.0,0.0,100.0,0.0,0
2026-06-19 17:03:20,300.24,100.0,92.0,100.0,0.0,1,150.0,143.0,100.0,0.0,1,150.0,144.0,100.0,0.0,1,0.0,0.0,100.0,0.0,0,0.0,0.0,100.0,0.0,0,0.0,0.0,100.0,0.0,0
2026-06-19 17:03:21,301.03,100.0,92.0,100.0,0.0,1,150.0,143.0,100.0,0.0,1,150.0,144.0,100.0,0.0,1,0.0,0.0,100.0,0.0,0,0.0,0.0,100.0,0.0,0,0.0,0.0,100.0,0.0,0
2026-06-19 17:03:22,301.78,100.0,92.0,100.0,0.0,1,150.0,143.0,100.0,0.0,1,150.0,144.0,100.0,0.0,1,0.0,0.0,100.0,0.0,0,0.0,0.0,100.0,0.0,0,0.0,0.0,100.0,0.0,0
2026-06-19 17:03:22,302.56,100.0,92.0,100.0,0.0,1,150.0,143.0,100.0,0.0,1,150.0,144.0,100.0,0.0,1,0.0,0.0,100.0,0.0,0,0.0,0.0,100.0,0.0,0,0.0,0.0,100.0,0.0,0
2026-06-19 17:03:23,303.29,100.0,92.0,100.0,0.0,1,150.0,143.0,100.0,0.0,1,150.0,144.0,100.0,0.0,1,0.0,0.0,100.0,0.0,0,0.0,0.0,100.0,0.0,0,0.0,0.0,100.0,0.0,0
2026-06-19 17:03:24,304.13,100.0,92.0,100.0,0.0,1,150.0,143.0,100.0,0.0,1,150.0,144.0,100.0,0.0,1,0.0,0.0,100.0,0.0,0,0.0,0.0,100.0,0.0,0,0.0,0.0,100.0,0.0,0
2026-06-19 17:03:25,304.9,100.0,92.0,100.0,0.0,1,150.0,143.0,100.0,0.0,1,150.0,144.0,100.0,0.0,1,0.0,0.0,100.0,0.0,0,0.0,0.0,100.0,0.0,0,0.0,0.0,100.0,0.0,0
2026-06-19 17:03:25,305.65,100.0,92.0,100.0,0.0,1,150.0,143.0,100.0,0.0,1,150.0,144.0,100.0,0.0,1,0.0,0.0,100.0,0.0,0,0.0,0.0,100.0,0.0,0,0.0,0.0,100.0,0.0,0
2026-06-19 17:03:26,306.42,100.0,92.0,100.0,0.0,1,150.0,143.0,100.0,0.0,1,150.0,144.0,100.0,0.0,1,0.0,0.0,100.0,0.0,0,0.0,0.0,100.0,0.0,0,0.0,0.0,100.0,0.0,0
2026-06-19 17:03:27,307.21,100.0,92.0,100.0,0.0,1,150.0,143.0,100.0,0.0,1,150.0,144.0,100.0,0.0,1,0.0,0.0,100.0,0.0,0,0.0,0.0,100.0,0.0,0,0.0,0.0,100.0,0.0,0
2026-06-19 17:03:28,307.97,100.0,92.0,100.0,0.0,1,150.0,143.0,100.0,0.0,1,150.0,144.0,100.0,0.0,1,0.0,0.0,100.0,0.0,0,0.0,0.0,100.0,0.0,0,0.0,0.0,100.0,0.0,0
2026-06-19 17:03:28,308.71,100.0,92.0,100.0,0.0,1,150.0,143.0,100.0,0.0,1,150.0,144.0,100.0,0.0,1,0.0,0.0,100.0,0.0,0,0.0,0.0,100.0,0.0,0,0.0,0.0,100.0,0.0,0
2026-06-19 17:03:29,309.47,100.0,92.0,100.0,0.0,1,150.0,143.0,100.0,0.0,1,150.0,144.0,100.0,0.0,1,0.0,0.0,100.0,0.0,0,0.0,0.0,100.0,0.0,0,0.0,0.0,100.0,0.0,0
2026-06-19 17:03:30,310.19,100.0,92.0,100.0,0.0,1,150.0,143.0,100.0,0.0,1,150.0,144.0,100.0,0.0,1,0.0,0.0,100.0,0.0,0,0.0,0.0,100.0,0.0,0,0.0,0.0,100.0,0.0,0
2026-06-19 17:03:31,310.98,100.0,92.0,100.0,0.0,1,150.0,143.0,100.0,0.0,1,150.0,144.0,100.0,0.0,1,0.0,0.0,100.0,0.0,0,0.0,0.0,100.0,0.0,0,0.0,0.0,100.0,0.0,0
2026-06-19 17:03:32,311.78,100.0,92.0,100.0,0.0,1,150.0,143.0,100.0,0.0,1,150.0,144.0,100.0,0.0,1,0.0,0.0,100.0,0.0,0,0.0,0.0,100.0,0.0,0,0.0,0.0,100.0,0.0,0
2026-06-19 17:03:32,312.51,100.0,92.0,100.0,0.0,1,150.0,143.0,100.0,0.0,1,150.0,144.0,100.0,0.0,1,0.0,0.0,100.0,0.0,0,0.0,0.0,100.0,0.0,0,0.0,0.0,100.0,0.0,0
2026-06-19 17:03:33,313.25,100.0,92.0,100.0,0.0,1,150.0,143.0,100.0,0.0,1,150.0,144.0,100.0,0.0,1,0.0,0.0,100.0,0.0,0,0.0,0.0,100.0,0.0,0,0.0,0.0,100.0,0.0,0
2026-06-19 17:03:34,314.0,100.0,92.0,100.0,0.0,1,150.0,143.0,100.0,0.0,1,150.0,144.0,100.0,0.0,1,0.0,0.0,100.0,0.0,0,0.0,0.0,100.0,0.0,0,0.0,0.0,100.0,0.0,0
2026-06-19 17:03:34,314.75,100.0,92.0,100.0,0.0,1,150.0,143.0,100.0,0.0,1,150.0,144.0,100.0,0.0,1,0.0,0.0,100.0,0.0,0,0.0,0.0,100.0,0.0,0,0.0,0.0,100.0,0.0,0
2026-06-19 17:03:35,315.47,100.0,92.0,100.0,0.0,1,150.0,143.0,100.0,0.0,1,150.0,144.0,100.0,0.0,1,0.0,0.0,100.0,0.0,0,0.0,0.0,100.0,0.0,0,0.0,0.0,100.0,0.0,0
2026-06-19 17:03:36,316.19,100.0,92.0,100.0,0.0,1,150.0,143.0,100.0,0.0,1,150.0,144.0,100.0,0.0,1,0.0,0.0,100.0,0.0,0,0.0,0.0,100.0,0.0,0,0.0,0.0,100.0,0.0,0
2026-06-19 17:03:37,316.94,100.0,92.0,100.0,0.0,1,150.0,143.0,100.0,0.0,1,150.0,144.0,100.0,0.0,1,0.0,0.0,100.0,0.0,0,0.0,0.0,100.0,0.0,0,0.0,0.0,100.0,0.0,0
2026-06-19 17:03:37,317.66,100.0,92.0,100.0,0.0,1,150.0,143.0,100.0,0.0,1,150.0,144.0,100.0,0.0,1,0.0,0.0,100.0,0.0,0,0.0,0.0,100.0,0.0,0,0.0,0.0,100.0,0.0,0
2026-06-19 17:03:38,318.4,100.0,92.0,100.0,0.0,1,150.0,143.0,100.0,0.0,1,150.0,144.0,100.0,0.0,1,0.0,0.0,100.0,0.0,0,0.0,0.0,100.0,0.0,0,0.0,0.0,100.0,0.0,0
2026-06-19 17:03:39,319.13,100.0,92.0,100.0,0.0,1,150.0,143.0,100.0,0.0,1,150.0,144.0,100.0,0.0,1,0.0,0.0,100.0,0.0,0,0.0,0.0,100.0,0.0,0,0.0,0.0,100.0,0.0,0
2026-06-19 17:03:40,319.89,100.0,92.0,100.0,0.0,1,150.0,143.0,100.0,0.0,1,150.0,144.0,100.0,0.0,1,0.0,0.0,100.0,0.0,0,0.0,0.0,100.0,0.0,0,0.0,0.0,100.0,0.0,0
2026-06-19 17:03:40,320.62,100.0,92.0,100.0,0.0,1,150.0,143.0,100.0,0.0,1,150.0,144.0,100.0,0.0,1,0.0,0.0,100.0,0.0,0,0.0,0.0,100.0,0.0,0,0.0,0.0,100.0,0.0,0
2026-06-19 17:03:41,321.34,100.0,92.0,100.0,0.0,1,150.0,143.0,100.0,0.0,1,150.0,144.0,100.0,0.0,1,0.0,0.0,100.0,0.0,0,0.0,0.0,100.0,0.0,0,0.0,0.0,100.0,0.0,0
2026-06-19 17:03:42,322.11,100.0,92.0,100.0,0.0,1,150.0,143.0,100.0,0.0,1,150.0,144.0,100.0,0.0,1,0.0,0.0,100.0,0.0,0,0.0,0.0,100.0,0.0,0,0.0,0.0,100.0,0.0,0
2026-06-19 17:03:43,322.87,100.0,92.0,100.0,0.0,1,150.0,143.0,100.0,0.0,1,150.0,144.0,100.0,0.0,1,0.0,0.0,100.0,0.0,0,0.0,0.0,100.0,0.0,0,0.0,0.0,100.0,0.0,0
2026-06-19 17:03:43,323.6,100.0,92.0,100.0,0.0,1,150.0,143.0,100.0,0.0,1,150.0,144.0,100.0,0.0,1,0.0,0.0,100.0,0.0,0,0.0,0.0,100.0,0.0,0,0.0,0.0,100.0,0.0,0
2026-06-19 17:03:44,324.35,100.0,92.0,100.0,0.0,1,150.0,143.0,100.0,0.0,1,150.0,144.0,100.0,0.0,1,0.0,0.0,100.0,0.0,0,0.0,0.0,100.0,0.0,0,0.0,0.0,100.0,0.0,0
2026-06-19 17:03:45,325.11,100.0,92.0,100.0,0.0,1,150.0,143.0,100.0,0.0,1,150.0,144.0,100.0,0.0,1,0.0,0.0,100.0,0.0,0,0.0,0.0,100.0,0.0,0,0.0,0.0,100.0,0.0,0
2026-06-19 17:03:46,325.88,100.0,92.0,100.0,0.0,1,150.0,143.0,100.0,0.0,1,150.0,144.0,100.0,0.0,1,0.0,0.0,100.0,0.0,0,0.0,0.0,100.0,0.0,0,0.0,0.0,100.0,0.0,0
2026-06-19 17:03:46,326.62,100.0,92.0,100.0,0.0,1,150.0,143.0,100.0,0.0,1,150.0,144.0,100.0,0.0,1,0.0,0.0,100.0,0.0,0,0.0,0.0,100.0,0.0,0,0.0,0.0,100.0,0.0,0
2026-06-19 17:03:47,327.39,100.0,92.0,100.0,0.0,1,150.0,143.0,100.0,0.0,1,150.0,144.0,100.0,0.0,1,0.0,0.0,100.0,0.0,0,0.0,0.0,100.0,0.0,0,0.0,0.0,100.0,0.0,0
2026-06-19 17:03:48,328.14,100.0,92.0,100.0,0.0,1,150.0,143.0,100.0,0.0,1,150.0,144.0,100.0,0.0,1,0.0,0.0,100.0,0.0,0,0.0,0.0,100.0,0.0,0,0.0,0.0,100.0,0.0,0
2026-06-19 17:03:49,328.91,100.0,92.0,100.0,0.0,1,150.0,143.0,100.0,0.0,1,150.0,144.0,100.0,0.0,1,0.0,0.0,100.0,0.0,0,0.0,0.0,100.0,0.0,0,0.0,0.0,100.0,0.0,0
2026-06-19 17:03:49,329.65,100.0,92.0,100.0,0.0,1,150.0,143.0,100.0,0.0,1,150.0,144.0,100.0,0.0,1,0.0,0.0,100.0,0.0,0,0.0,0.0,100.0,0.0,0,0.0,0.0,100.0,0.0,0
2026-06-19 17:03:50,330.38,100.0,92.0,100.0,0.0,1,150.0,143.0,100.0,0.0,1,150.0,144.0,100.0,0.0,1,0.0,0.0,100.0,0.0,0,0.0,0.0,100.0,0.0,0,0.0,0.0,100.0,0.0,0
2026-06-19 17:03:51,331.13,100.0,92.0,100.0,0.0,1,150.0,143.0,100.0,0.0,1,150.0,144.0,100.0,0.0,1,0.0,0.0,100.0,0.0,0,0.0,0.0,100.0,0.0,0,0.0,0.0,100.0,0.0,0
2026-06-19 17:03:52,331.88,100.0,92.0,100.0,0.0,1,150.0,143.0,100.0,0.0,1,150.0,144.0,100.0,0.0,1,0.0,0.0,100.0,0.0,0,0.0,0.0,100.0,0.0,0,0.0,0.0,100.0,0.0,0
2026-06-19 17:03:52,332.66,100.0,92.0,100.0,0.0,1,150.0,143.0,100.0,0.0,1,150.0,144.0,100.0,0.0,1,0.0,0.0,100.0,0.0,0,0.0,0.0,100.0,0.0,0,0.0,0.0,100.0,0.0,0
2026-06-19 17:03:53,333.41,100.0,92.0,100.0,0.0,1,150.0,143.0,100.0,0.0,1,150.0,144.0,100.0,0.0,1,0.0,0.0,100.0,0.0,0,0.0,0.0,100.0,0.0,0,0.0,0.0,100.0,0.0,0
2026-06-19 17:03:54,334.35,100.0,92.0,100.0,0.0,1,150.0,143.0,100.0,0.0,1,150.0,144.0,100.0,0.0,1,0.0,0.0,100.0,0.0,0,0.0,0.0,100.0,0.0,0,0.0,0.0,100.0,0.0,0
2026-06-19 17:03:55,335.1,100.0,92.0,100.0,0.0,1,150.0,143.0,100.0,0.0,1,150.0,144.0,100.0,0.0,1,0.0,0.0,100.0,0.0,0,0.0,0.0,100.0,0.0,0,0.0,0.0,100.0,0.0,0
2026-06-19 17:03:56,336.3,100.0,92.0,100.0,0.0,1,150.0,143.0,100.0,0.0,1,150.0,144.0,100.0,0.0,1,0.0,0.0,100.0,0.0,0,0.0,0.0,100.0,0.0,0,0.0,0.0,100.0,0.0,0
2026-06-19 17:03:57,337.03,100.0,92.0,100.0,0.0,1,150.0,143.0,100.0,0.0,1,150.0,144.0,100.0,0.0,1,0.0,0.0,100.0,0.0,0,0.0,0.0,100.0,0.0,0,0.0,0.0,100.0,0.0,0
2026-06-19 17:03:57,337.53,100.0,92.0,100.0,0.0,1,150.0,143.0,100.0,0.0,1,150.0,144.0,100.0,0.0,1,0.0,0.0,100.0,0.0,0,0.0,0.0,100.0,0.0,0,0.0,0.0,100.0,0.0,0
2026-06-19 17:03:58,338.28,100.0,92.0,100.0,0.0,1,150.0,143.0,100.0,0.0,1,150.0,144.0,100.0,0.0,1,0.0,0.0,100.0,0.0,0,0.0,0.0,100.0,0.0,0,0.0,0.0,100.0,0.0,0
2026-06-19 17:03:59,339.06,100.0,92.0,100.0,0.0,1,150.0,143.0,100.0,0.0,1,150.0,144.0,100.0,0.0,1,0.0,0.0,100.0,0.0,0,0.0,0.0,100.0,0.0,0,0.0,0.0,100.0,0.0,0
2026-06-19 17:04:00,339.8,100.0,92.0,100.0,0.0,1,150.0,143.0,100.0,0.0,1,150.0,144.0,100.0,0.0,1,0.0,0.0,100.0,0.0,0,0.0,0.0,100.0,0.0,0,0.0,0.0,100.0,0.0,0
2026-06-19 17:04:00,340.55,100.0,92.0,100.0,0.0,1,150.0,143.0,100.0,0.0,1,150.0,144.0,100.0,0.0,1,0.0,0.0,100.0,0.0,0,0.0,0.0,100.0,0.0,0,0.0,0.0,100.0,0.0,0
2026-06-19 17:04:01,341.34,100.0,92.0,100.0,0.0,1,150.0,143.0,100.0,0.0,1,150.0,144.0,100.0,0.0,1,0.0,0.0,100.0,0.0,0,0.0,0.0,100.0,0.0,0,0.0,0.0,100.0,0.0,0
2026-06-19 17:04:02,342.12,100.0,92.0,100.0,0.0,1,150.0,143.0,100.0,0.0,1,150.0,144.0,100.0,0.0,1,0.0,0.0,100.0,0.0,0,0.0,0.0,100.0,0.0,0,0.0,0.0,100.0,0.0,0
2026-06-19 17:04:03,342.95,100.0,92.0,100.0,0.0,1,150.0,143.0,100.0,0.0,1,150.0,144.0,100.0,0.0,1,0.0,0.0,100.0,0.0,0,0.0,0.0,100.0,0.0,0,0.0,0.0,100.0,0.0,0
2026-06-19 17:04:03,343.69,100.0,92.0,100.0,0.0,1,150.0,143.0,100.0,0.0,1,150.0,144.0,100.0,0.0,1,0.0,0.0,100.0,0.0,0,0.0,0.0,100.0,0.0,0,0.0,0.0,100.0,0.0,0
2026-06-19 17:04:04,344.43,100.0,92.0,100.0,0.0,1,150.0,143.0,100.0,0.0,1,150.0,144.0,100.0,0.0,1,0.0,0.0,100.0,0.0,0,0.0,0.0,100.0,0.0,0,0.0,0.0,100.0,0.0,0
2026-06-19 17:04:05,345.19,100.0,92.0,100.0,0.0,1,150.0,143.0,100.0,0.0,1,150.0,144.0,100.0,0.0,1,0.0,0.0,100.0,0.0,0,0.0,0.0,100.0,0.0,0,0.0,0.0,100.0,0.0,0
2026-06-19 17:04:06,345.95,100.0,92.0,100.0,0.0,1,150.0,143.0,100.0,0.0,1,150.0,144.0,100.0,0.0,1,0.0,0.0,100.0,0.0,0,0.0,0.0,100.0,0.0,0,0.0,0.0,100.0,0.0,0
2026-06-19 17:04:06,346.7,100.0,92.0,100.0,0.0,1,150.0,143.0,100.0,0.0,1,150.0,144.0,100.0,0.0,1,0.0,0.0,100.0,0.0,0,0.0,0.0,100.0,0.0,0,0.0,0.0,100.0,0.0,0
2026-06-19 17:04:07,347.48,100.0,92.0,100.0,0.0,1,150.0,143.0,100.0,0.0,1,150.0,144.0,100.0,0.0,1,0.0,0.0,100.0,0.0,0,0.0,0.0,100.0,0.0,0,0.0,0.0,100.0,0.0,0
2026-06-19 17:04:08,348.22,100.0,92.0,100.0,0.0,1,150.0,143.0,100.0,0.0,1,150.0,144.0,100.0,0.0,1,0.0,0.0,100.0,0.0,0,0.0,0.0,100.0,0.0,0,0.0,0.0,100.0,0.0,0
2026-06-19 17:04:09,349.02,100.0,92.0,100.0,0.0,1,150.0,143.0,100.0,0.0,1,150.0,144.0,100.0,0.0,1,0.0,0.0,100.0,0.0,0,0.0,0.0,100.0,0.0,0,0.0,0.0,100.0,0.0,0
2026-06-19 17:04:10,349.79,100.0,92.0,100.0,0.0,1,150.0,143.0,100.0,0.0,1,150.0,144.0,100.0,0.0,1,0.0,0.0,100.0,0.0,0,0.0,0.0,100.0,0.0,0,0.0,0.0,100.0,0.0,0
2026-06-19 17:04:10,350.54,100.0,92.0,100.0,0.0,1,150.0,143.0,100.0,0.0,1,150.0,144.0,100.0,0.0,1,0.0,0.0,100.0,0.0,0,0.0,0.0,100.0,0.0,0,0.0,0.0,100.0,0.0,0
2026-06-19 17:04:11,351.3,100.0,92.0,100.0,0.0,1,150.0,143.0,100.0,0.0,1,150.0,144.0,100.0,0.0,1,0.0,0.0,100.0,0.0,0,0.0,0.0,100.0,0.0,0,0.0,0.0,100.0,0.0,0
2026-06-19 17:04:12,352.09,100.0,92.0,100.0,0.0,1,150.0,143.0,100.0,0.0,1,150.0,144.0,100.0,0.0,1,0.0,0.0,100.0,0.0,0,0.0,0.0,100.0,0.0,0,0.0,0.0,100.0,0.0,0
2026-06-19 17:04:13,352.82,100.0,92.0,100.0,0.0,1,150.0,143.0,100.0,0.0,1,150.0,144.0,100.0,0.0,1,0.0,0.0,100.0,0.0,0,0.0,0.0,100.0,0.0,0,0.0,0.0,100.0,0.0,0
2026-06-19 17:04:13,353.57,100.0,92.0,100.0,0.0,1,150.0,143.0,100.0,0.0,1,150.0,144.0,100.0,0.0,1,0.0,0.0,100.0,0.0,0,0.0,0.0,100.0,0.0,0,0.0,0.0,100.0,0.0,0
2026-06-19 17:04:14,354.34,100.0,92.0,100.0,0.0,1,150.0,143.0,100.0,0.0,1,150.0,144.0,100.0,0.0,1,0.0,0.0,100.0,0.0,0,0.0,0.0,100.0,0.0,0,0.0,0.0,100.0,0.0,0
2026-06-19 17:04:15,355.09,100.0,92.0,100.0,0.0,1,150.0,143.0,100.0,0.0,1,150.0,144.0,100.0,0.0,1,0.0,0.0,100.0,0.0,0,0.0,0.0,100.0,0.0,0,0.0,0.0,100.0,0.0,0
2026-06-19 17:04:16,355.87,100.0,92.0,100.0,0.0,1,150.0,143.0,100.0,0.0,1,150.0,144.0,100.0,0.0,1,0.0,0.0,100.0,0.0,0,0.0,0.0,100.0,0.0,0,0.0,0.0,100.0,0.0,0
2026-06-19 17:04:17,356.84,100.0,92.0,100.0,0.0,1,150.0,143.0,100.0,0.0,1,150.0,144.0,100.0,0.0,1,0.0,0.0,100.0,0.0,0,0.0,0.0,100.0,0.0,0,0.0,0.0,100.0,0.0,0
2026-06-19 17:04:17,357.61,100.0,92.0,100.0,0.0,1,150.0,143.0,100.0,0.0,1,150.0,144.0,100.0,0.0,1,0.0,0.0,100.0,0.0,0,0.0,0.0,100.0,0.0,0,0.0,0.0,100.0,0.0,0
2026-06-19 17:04:18,358.37,100.0,92.0,100.0,0.0,1,150.0,143.0,100.0,0.0,1,150.0,144.0,100.0,0.0,1,0.0,0.0,100.0,0.0,0,0.0,0.0,100.0,0.0,0,0.0,0.0,100.0,0.0,0
2026-06-19 17:04:19,359.12,100.0,92.0,100.0,0.0,1,150.0,143.0,100.0,0.0,1,150.0,144.0,100.0,0.0,1,0.0,0.0,100.0,0.0,0,0.0,0.0,100.0,0.0,0,0.0,0.0,100.0,0.0,0
2026-06-19 17:04:20,359.85,100.0,92.0,100.0,0.0,1,150.0,143.0,100.0,0.0,1,150.0,144.0,100.0,0.0,1,0.0,0.0,100.0,0.0,0,0.0,0.0,100.0,0.0,0,0.0,0.0,100.0,0.0,0
2026-06-19 17:04:20,360.58,100.0,92.0,100.0,0.0,1,150.0,143.0,100.0,0.0,1,150.0,144.0,100.0,0.0,1,0.0,0.0,100.0,0.0,0,0.0,0.0,100.0,0.0,0,0.0,0.0,100.0,0.0,0
2026-06-19 17:04:21,361.41,100.0,92.0,100.0,0.0,1,150.0,143.0,100.0,0.0,1,150.0,144.0,100.0,0.0,1,0.0,0.0,100.0,0.0,0,0.0,0.0,100.0,0.0,0,0.0,0.0,100.0,0.0,0
2026-06-19 17:04:22,362.14,100.0,92.0,100.0,0.0,1,150.0,143.0,100.0,0.0,1,150.0,144.0,100.0,0.0,1,0.0,0.0,100.0,0.0,0,0.0,0.0,100.0,0.0,0,0.0,0.0,100.0,0.0,0
2026-06-19 17:04:23,362.88,100.0,92.0,100.0,0.0,1,150.0,143.0,100.0,0.0,1,150.0,144.0,100.0,0.0,1,0.0,0.0,100.0,0.0,0,0.0,0.0,100.0,0.0,0,0.0,0.0,100.0,0.0,0
2026-06-19 17:04:23,363.61,100.0,92.0,100.0,0.0,1,150.0,143.0,100.0,0.0,1,150.0,144.0,100.0,0.0,1,0.0,0.0,100.0,0.0,0,0.0,0.0,100.0,0.0,0,0.0,0.0,100.0,0.0,0
2026-06-19 17:04:24,364.35,100.0,92.0,100.0,0.0,1,150.0,143.0,100.0,0.0,1,150.0,144.0,100.0,0.0,1,0.0,0.0,100.0,0.0,0,0.0,0.0,100.0,0.0,0,0.0,0.0,100.0,0.0,0
2026-06-19 17:04:25,365.09,100.0,92.0,100.0,0.0,1,150.0,143.0,100.0,0.0,1,150.0,144.0,100.0,0.0,1,0.0,0.0,100.0,0.0,0,0.0,0.0,100.0,0.0,0,0.0,0.0,100.0,0.0,0
2026-06-19 17:04:26,366.04,100.0,92.0,100.0,0.0,1,150.0,143.0,100.0,0.0,1,150.0,144.0,100.0,0.0,1,0.0,0.0,100.0,0.0,0,0.0,0.0,100.0,0.0,0,0.0,0.0,100.0,0.0,0
2026-06-19 17:04:27,366.82,100.0,92.0,100.0,0.0,1,150.0,143.0,100.0,0.0,1,150.0,144.0,100.0,0.0,1,0.0,0.0,100.0,0.0,0,0.0,0.0,100.0,0.0,0,0.0,0.0,100.0,0.0,0
2026-06-19 17:04:27,367.6,100.0,92.0,100.0,0.0,1,150.0,143.0,100.0,0.0,1,150.0,144.0,100.0,0.0,1,0.0,0.0,100.0,0.0,0,0.0,0.0,100.0,0.0,0,0.0,0.0,100.0,0.0,0
2026-06-19 17:04:28,368.34,100.0,92.0,100.0,0.0,1,150.0,143.0,100.0,0.0,1,150.0,144.0,100.0,0.0,1,0.0,0.0,100.0,0.0,0,0.0,0.0,100.0,0.0,0,0.0,0.0,100.0,0.0,0
2026-06-19 17:04:29,369.1,100.0,92.0,100.0,0.0,1,150.0,143.0,100.0,0.0,1,150.0,144.0,100.0,0.0,1,0.0,0.0,100.0,0.0,0,0.0,0.0,100.0,0.0,0,0.0,0.0,100.0,0.0,0
2026-06-19 17:04:30,369.85,100.0,92.0,100.0,0.0,1,150.0,143.0,100.0,0.0,1,150.0,144.0,100.0,0.0,1,0.0,0.0,100.0,0.0,0,0.0,0.0,100.0,0.0,0,0.0,0.0,100.0,0.0,0
2026-06-19 17:04:30,370.62,100.0,92.0,100.0,0.0,1,150.0,143.0,100.0,0.0,1,150.0,144.0,100.0,0.0,1,0.0,0.0,100.0,0.0,0,0.0,0.0,100.0,0.0,0,0.0,0.0,100.0,0.0,0
2026-06-19 17:04:31,371.38,100.0,92.0,100.0,0.0,1,150.0,143.0,100.0,0.0,1,150.0,144.0,100.0,0.0,1,0.0,0.0,100.0,0.0,0,0.0,0.0,100.0,0.0,0,0.0,0.0,100.0,0.0,0
2026-06-19 17:04:32,372.15,100.0,92.0,100.0,0.0,1,150.0,143.0,100.0,0.0,1,150.0,144.0,100.0,0.0,1,0.0,0.0,100.0,0.0,0,0.0,0.0,100.0,0.0,0,0.0,0.0,100.0,0.0,0
2026-06-19 17:04:33,372.94,100.0,92.0,100.0,0.0,1,150.0,143.0,100.0,0.0,1,150.0,144.0,100.0,0.0,1,0.0,0.0,100.0,0.0,0,0.0,0.0,100.0,0.0,0,0.0,0.0,100.0,0.0,0
2026-06-19 17:04:33,373.74,100.0,92.0,100.0,0.0,1,150.0,143.0,100.0,0.0,1,150.0,144.0,100.0,0.0,1,0.0,0.0,100.0,0.0,0,0.0,0.0,100.0,0.0,0,0.0,0.0,100.0,0.0,0
2026-06-19 17:04:34,374.51,100.0,92.0,100.0,0.0,1,150.0,143.0,100.0,0.0,1,150.0,144.0,100.0,0.0,1,0.0,0.0,100.0,0.0,0,0.0,0.0,100.0,0.0,0,0.0,0.0,100.0,0.0,0
2026-06-19 17:04:35,375.27,100.0,92.0,100.0,0.0,1,150.0,143.0,100.0,0.0,1,150.0,144.0,100.0,0.0,1,0.0,0.0,100.0,0.0,0,0.0,0.0,100.0,0.0,0,0.0,0.0,100.0,0.0,0
2026-06-19 17:04:36,376.02,100.0,92.0,100.0,0.0,1,150.0,143.0,100.0,0.0,1,150.0,144.0,100.0,0.0,1,0.0,0.0,100.0,0.0,0,0.0,0.0,100.0,0.0,0,0.0,0.0,100.0,0.0,0
2026-06-19 17:04:37,376.77,100.0,92.0,100.0,0.0,1,150.0,143.0,100.0,0.0,1,150.0,144.0,100.0,0.0,1,0.0,0.0,100.0,0.0,0,0.0,0.0,100.0,0.0,0,0.0,0.0,100.0,0.0,0
2026-06-19 17:04:37,377.51,100.0,92.0,100.0,0.0,1,150.0,143.0,100.0,0.0,1,150.0,144.0,100.0,0.0,1,0.0,0.0,100.0,0.0,0,0.0,0.0,100.0,0.0,0,0.0,0.0,100.0,0.0,0
2026-06-19 17:04:38,378.25,100.0,92.0,100.0,0.0,1,150.0,143.0,100.0,0.0,1,150.0,144.0,100.0,0.0,1,0.0,0.0,100.0,0.0,0,0.0,0.0,100.0,0.0,0,0.0,0.0,100.0,0.0,0
2026-06-19 17:04:39,379.01,100.0,92.0,100.0,0.0,1,150.0,143.0,100.0,0.0,1,150.0,144.0,100.0,0.0,1,0.0,0.0,100.0,0.0,0,0.0,0.0,100.0,0.0,0,0.0,0.0,100.0,0.0,0
2026-06-19 17:04:40,379.76,100.0,92.0,100.0,0.0,1,150.0,143.0,100.0,0.0,1,150.0,144.0,100.0,0.0,1,0.0,0.0,100.0,0.0,0,0.0,0.0,100.0,0.0,0,0.0,0.0,100.0,0.0,0
2026-06-19 17:04:40,380.51,100.0,92.0,100.0,0.0,1,150.0,143.0,100.0,0.0,1,150.0,144.0,100.0,0.0,1,0.0,0.0,100.0,0.0,0,0.0,0.0,100.0,0.0,0,0.0,0.0,100.0,0.0,0
2026-06-19 17:04:41,381.26,100.0,92.0,100.0,0.0,1,150.0,143.0,100.0,0.0,1,150.0,144.0,100.0,0.0,1,0.0,0.0,100.0,0.0,0,0.0,0.0,100.0,0.0,0,0.0,0.0,100.0,0.0,0
2026-06-19 17:04:42,382.0,100.0,92.0,100.0,0.0,1,150.0,143.0,100.0,0.0,1,150.0,144.0,100.0,0.0,1,0.0,0.0,100.0,0.0,0,0.0,0.0,100.0,0.0,0,0.0,0.0,100.0,0.0,0
2026-06-19 17:04:43,382.76,100.0,92.0,100.0,0.0,1,150.0,143.0,100.0,0.0,1,150.0,144.0,100.0,0.0,1,0.0,0.0,100.0,0.0,0,0.0,0.0,100.0,0.0,0,0.0,0.0,100.0,0.0,0
2026-06-19 17:04:43,383.49,100.0,92.0,100.0,0.0,1,150.0,143.0,100.0,0.0,1,150.0,144.0,100.0,0.0,1,0.0,0.0,100.0,0.0,0,0.0,0.0,100.0,0.0,0,0.0,0.0,100.0,0.0,0
2026-06-19 17:04:44,384.24,100.0,92.0,100.0,0.0,1,150.0,143.0,100.0,0.0,1,150.0,144.0,100.0,0.0,1,0.0,0.0,100.0,0.0,0,0.0,0.0,100.0,0.0,0,0.0,0.0,100.0,0.0,0
2026-06-19 17:04:45,384.98,100.0,92.0,100.0,0.0,1,150.0,143.0,100.0,0.0,1,150.0,144.0,100.0,0.0,1,0.0,0.0,100.0,0.0,0,0.0,0.0,100.0,0.0,0,0.0,0.0,100.0,0.0,0
2026-06-19 17:04:45,385.74,100.0,92.0,100.0,0.0,1,150.0,143.0,100.0,0.0,1,150.0,144.0,100.0,0.0,1,0.0,0.0,100.0,0.0,0,0.0,0.0,100.0,0.0,0,0.0,0.0,100.0,0.0,0
2026-06-19 17:04:46,386.48,100.0,92.0,100.0,0.0,1,150.0,143.0,100.0,0.0,1,150.0,144.0,100.0,0.0,1,0.0,0.0,100.0,0.0,0,0.0,0.0,100.0,0.0,0,0.0,0.0,100.0,0.0,0
2026-06-19 17:04:47,387.21,100.0,92.0,100.0,0.0,1,150.0,143.0,100.0,0.0,1,150.0,144.0,100.0,0.0,1,0.0,0.0,100.0,0.0,0,0.0,0.0,100.0,0.0,0,0.0,0.0,100.0,0.0,0
2026-06-19 17:04:48,387.98,100.0,92.0,100.0,0.0,1,150.0,143.0,100.0,0.0,1,150.0,144.0,100.0,0.0,1,0.0,0.0,100.0,0.0,0,0.0,0.0,100.0,0.0,0,0.0,0.0,100.0,0.0,0
2026-06-19 17:04:48,388.74,100.0,92.0,100.0,0.0,1,150.0,143.0,100.0,0.0,1,150.0,144.0,100.0,0.0,1,0.0,0.0,100.0,0.0,0,0.0,0.0,100.0,0.0,0,0.0,0.0,100.0,0.0,0
2026-06-19 17:04:49,389.49,100.0,92.0,100.0,0.0,1,150.0,143.0,100.0,0.0,1,150.0,144.0,100.0,0.0,1,0.0,0.0,100.0,0.0,0,0.0,0.0,100.0,0.0,0,0.0,0.0,100.0,0.0,0
2026-06-19 17:04:50,390.24,100.0,92.0,100.0,0.0,1,150.0,143.0,100.0,0.0,1,150.0,144.0,100.0,0.0,1,0.0,0.0,100.0,0.0,0,0.0,0.0,100.0,0.0,0,0.0,0.0,100.0,0.0,0
2026-06-19 17:04:51,390.99,100.0,92.0,100.0,0.0,1,150.0,143.0,100.0,0.0,1,150.0,144.0,100.0,0.0,1,0.0,0.0,100.0,0.0,0,0.0,0.0,100.0,0.0,0,0.0,0.0,100.0,0.0,0
2026-06-19 17:04:52,391.76,100.0,92.0,100.0,0.0,1,150.0,143.0,100.0,0.0,1,150.0,144.0,100.0,0.0,1,0.0,0.0,100.0,0.0,0,0.0,0.0,100.0,0.0,0,0.0,0.0,100.0,0.0,0
2026-06-19 17:04:52,392.56,100.0,92.0,100.0,0.0,1,150.0,143.0,100.0,0.0,1,150.0,144.0,100.0,0.0,1,0.0,0.0,100.0,0.0,0,0.0,0.0,100.0,0.0,0,0.0,0.0,100.0,0.0,0
2026-06-19 17:04:53,393.32,100.0,92.0,100.0,0.0,1,150.0,143.0,100.0,0.0,1,150.0,144.0,100.0,0.0,1,0.0,0.0,100.0,0.0,0,0.0,0.0,100.0,0.0,0,0.0,0.0,100.0,0.0,0
2026-06-19 17:04:54,394.14,100.0,92.0,100.0,0.0,1,150.0,143.0,100.0,0.0,1,150.0,144.0,100.0,0.0,1,0.0,0.0,100.0,0.0,0,0.0,0.0,100.0,0.0,0,0.0,0.0,100.0,0.0,0
2026-06-19 17:04:55,394.93,100.0,92.0,100.0,0.0,1,150.0,143.0,100.0,0.0,1,150.0,144.0,100.0,0.0,1,0.0,0.0,100.0,0.0,0,0.0,0.0,100.0,0.0,0,0.0,0.0,100.0,0.0,0
2026-06-19 17:04:55,395.69,100.0,92.0,100.0,0.0,1,150.0,143.0,100.0,0.0,1,150.0,144.0,100.0,0.0,1,0.0,0.0,100.0,0.0,0,0.0,0.0,100.0,0.0,0,0.0,0.0,100.0,0.0,0
2026-06-19 17:04:56,396.44,100.0,92.0,100.0,0.0,1,150.0,143.0,100.0,0.0,1,150.0,144.0,100.0,0.0,1,0.0,0.0,100.0,0.0,0,0.0,0.0,100.0,0.0,0,0.0,0.0,100.0,0.0,0
2026-06-19 17:04:57,397.19,100.0,92.0,100.0,0.0,1,150.0,143.0,100.0,0.0,1,150.0,144.0,100.0,0.0,1,0.0,0.0,100.0,0.0,0,0.0,0.0,100.0,0.0,0,0.0,0.0,100.0,0.0,0
2026-06-19 17:04:58,397.94,100.0,92.0,100.0,0.0,1,150.0,143.0,100.0,0.0,1,150.0,144.0,100.0,0.0,1,0.0,0.0,100.0,0.0,0,0.0,0.0,100.0,0.0,0,0.0,0.0,100.0,0.0,0
2026-06-19 17:04:58,398.68,100.0,92.0,100.0,0.0,1,150.0,143.0,100.0,0.0,1,150.0,144.0,100.0,0.0,1,0.0,0.0,100.0,0.0,0,0.0,0.0,100.0,0.0,0,0.0,0.0,100.0,0.0,0
2026-06-19 17:04:59,399.43,100.0,92.0,100.0,0.0,1,150.0,143.0,100.0,0.0,1,150.0,144.0,100.0,0.0,1,0.0,0.0,100.0,0.0,0,0.0,0.0,100.0,0.0,0,0.0,0.0,100.0,0.0,0
2026-06-19 17:05:00,400.18,100.0,92.0,100.0,0.0,1,150.0,143.0,100.0,0.0,1,150.0,144.0,100.0,0.0,1,0.0,0.0,100.0,0.0,0,0.0,0.0,100.0,0.0,0,0.0,0.0,100.0,0.0,0
2026-06-19 17:05:01,400.94,100.0,92.0,100.0,0.0,1,150.0,143.0,100.0,0.0,1,150.0,144.0,100.0,0.0,1,0.0,0.0,100.0,0.0,0,0.0,0.0,100.0,0.0,0,0.0,0.0,100.0,0.0,0
2026-06-19 17:05:01,401.7,100.0,92.0,100.0,0.0,1,150.0,143.0,100.0,0.0,1,150.0,144.0,100.0,0.0,1,0.0,0.0,100.0,0.0,0,0.0,0.0,100.0,0.0,0,0.0,0.0,100.0,0.0,0
2026-06-19 17:05:02,402.47,100.0,92.0,100.0,0.0,1,150.0,143.0,100.0,0.0,1,150.0,144.0,100.0,0.0,1,0.0,0.0,100.0,0.0,0,0.0,0.0,100.0,0.0,0,0.0,0.0,100.0,0.0,0
2026-06-19 17:05:03,403.25,100.0,92.0,100.0,0.0,1,150.0,143.0,100.0,0.0,1,150.0,144.0,100.0,0.0,1,0.0,0.0,100.0,0.0,0,0.0,0.0,100.0,0.0,0,0.0,0.0,100.0,0.0,0
2026-06-19 17:05:04,404.04,100.0,92.0,100.0,0.0,1,150.0,143.0,100.0,0.0,1,150.0,144.0,100.0,0.0,1,0.0,0.0,100.0,0.0,0,0.0,0.0,100.0,0.0,0,0.0,0.0,100.0,0.0,0
2026-06-19 17:05:05,404.79,100.0,92.0,100.0,0.0,1,150.0,143.0,100.0,0.0,1,150.0,144.0,100.0,0.0,1,0.0,0.0,100.0,0.0,0,0.0,0.0,100.0,0.0,0,0.0,0.0,100.0,0.0,0
2026-06-19 17:05:05,405.53,100.0,92.0,100.0,0.0,1,150.0,143.0,100.0,0.0,1,150.0,144.0,100.0,0.0,1,0.0,0.0,100.0,0.0,0,0.0,0.0,100.0,0.0,0,0.0,0.0,100.0,0.0,0
2026-06-19 17:05:06,406.27,100.0,92.0,100.0,0.0,1,150.0,143.0,100.0,0.0,1,150.0,144.0,100.0,0.0,1,0.0,0.0,100.0,0.0,0,0.0,0.0,100.0,0.0,0,0.0,0.0,100.0,0.0,0
2026-06-19 17:05:07,407.01,100.0,92.0,100.0,0.0,1,150.0,143.0,100.0,0.0,1,150.0,144.0,100.0,0.0,1,0.0,0.0,100.0,0.0,0,0.0,0.0,100.0,0.0,0,0.0,0.0,100.0,0.0,0
2026-06-19 17:05:08,407.8,100.0,92.0,100.0,0.0,1,150.0,143.0,100.0,0.0,1,150.0,144.0,100.0,0.0,1,0.0,0.0,100.0,0.0,0,0.0,0.0,100.0,0.0,0,0.0,0.0,100.0,0.0,0
2026-06-19 17:05:08,408.59,100.0,92.0,100.0,0.0,1,150.0,143.0,100.0,0.0,1,150.0,144.0,100.0,0.0,1,0.0,0.0,100.0,0.0,0,0.0,0.0,100.0,0.0,0,0.0,0.0,100.0,0.0,0
2026-06-19 17:05:09,409.39,100.0,92.0,100.0,0.0,1,150.0,143.0,100.0,0.0,1,150.0,144.0,100.0,0.0,1,0.0,0.0,100.0,0.0,0,0.0,0.0,100.0,0.0,0,0.0,0.0,100.0,0.0,0
2026-06-19 17:05:10,410.17,100.0,92.0,100.0,0.0,1,150.0,143.0,100.0,0.0,1,150.0,144.0,100.0,0.0,1,0.0,0.0,100.0,0.0,0,0.0,0.0,100.0,0.0,0,0.0,0.0,100.0,0.0,0
2026-06-19 17:05:11,410.94,100.0,92.0,100.0,0.0,1,150.0,143.0,100.0,0.0,1,150.0,144.0,100.0,0.0,1,0.0,0.0,100.0,0.0,0,0.0,0.0,100.0,0.0,0,0.0,0.0,100.0,0.0,0
2026-06-19 17:05:11,411.69,100.0,92.0,100.0,0.0,1,150.0,143.0,100.0,0.0,1,150.0,144.0,100.0,0.0,1,0.0,0.0,100.0,0.0,0,0.0,0.0,100.0,0.0,0,0.0,0.0,100.0,0.0,0
2026-06-19 17:05:12,412.42,100.0,92.0,100.0,0.0,1,150.0,143.0,100.0,0.0,1,150.0,144.0,100.0,0.0,1,0.0,0.0,100.0,0.0,0,0.0,0.0,100.0,0.0,0,0.0,0.0,100.0,0.0,0
2026-06-19 17:05:13,413.18,100.0,92.0,100.0,0.0,1,150.0,143.0,100.0,0.0,1,150.0,144.0,100.0,0.0,1,0.0,0.0,100.0,0.0,0,0.0,0.0,100.0,0.0,0,0.0,0.0,100.0,0.0,0
2026-06-19 17:05:14,413.95,100.0,92.0,100.0,0.0,1,150.0,143.0,100.0,0.0,1,150.0,144.0,100.0,0.0,1,0.0,0.0,100.0,0.0,0,0.0,0.0,100.0,0.0,0,0.0,0.0,100.0,0.0,0
2026-06-19 17:05:15,414.76,100.0,92.0,100.0,0.0,1,150.0,143.0,100.0,0.0,1,150.0,144.0,100.0,0.0,1,0.0,0.0,100.0,0.0,0,0.0,0.0,100.0,0.0,0,0.0,0.0,100.0,0.0,0
2026-06-19 17:05:15,415.52,100.0,92.0,100.0,0.0,1,150.0,143.0,100.0,0.0,1,150.0,144.0,100.0,0.0,1,0.0,0.0,100.0,0.0,0,0.0,0.0,100.0,0.0,0,0.0,0.0,100.0,0.0,0
2026-06-19 17:05:16,416.3,100.0,92.0,100.0,0.0,1,150.0,143.0,100.0,0.0,1,150.0,144.0,100.0,0.0,1,0.0,0.0,100.0,0.0,0,0.0,0.0,100.0,0.0,0,0.0,0.0,100.0,0.0,0
2026-06-19 17:05:17,417.07,100.0,92.0,100.0,0.0,1,150.0,143.0,100.0,0.0,1,150.0,144.0,100.0,0.0,1,0.0,0.0,100.0,0.0,0,0.0,0.0,100.0,0.0,0,0.0,0.0,100.0,0.0,0
2026-06-19 17:05:18,417.83,100.0,92.0,100.0,0.0,1,150.0,143.0,100.0,0.0,1,150.0,144.0,100.0,0.0,1,0.0,0.0,100.0,0.0,0,0.0,0.0,100.0,0.0,0,0.0,0.0,100.0,0.0,0
2026-06-19 17:05:18,418.62,100.0,92.0,100.0,0.0,1,150.0,143.0,100.0,0.0,1,150.0,144.0,100.0,0.0,1,0.0,0.0,100.0,0.0,0,0.0,0.0,100.0,0.0,0,0.0,0.0,100.0,0.0,0
2026-06-19 17:05:19,419.37,100.0,92.0,100.0,0.0,1,150.0,143.0,100.0,0.0,1,150.0,144.0,100.0,0.0,1,0.0,0.0,100.0,0.0,0,0.0,0.0,100.0,0.0,0,0.0,0.0,100.0,0.0,0
2026-06-19 17:05:20,420.16,100.0,92.0,100.0,0.0,1,150.0,143.0,100.0,0.0,1,150.0,144.0,100.0,0.0,1,0.0,0.0,100.0,0.0,0,0.0,0.0,100.0,0.0,0,0.0,0.0,100.0,0.0,0
2026-06-19 17:05:21,420.95,100.0,92.0,100.0,0.0,1,150.0,143.0,100.0,0.0,1,150.0,144.0,100.0,0.0,1,0.0,0.0,100.0,0.0,0,0.0,0.0,100.0,0.0,0,0.0,0.0,100.0,0.0,0
2026-06-19 17:05:21,421.71,100.0,92.0,100.0,0.0,1,150.0,143.0,100.0,0.0,1,150.0,144.0,100.0,0.0,1,0.0,0.0,100.0,0.0,0,0.0,0.0,100.0,0.0,0,0.0,0.0,100.0,0.0,0
2026-06-19 17:05:22,422.47,100.0,92.0,100.0,0.0,1,150.0,143.0,100.0,0.0,1,150.0,144.0,100.0,0.0,1,0.0,0.0,100.0,0.0,0,0.0,0.0,100.0,0.0,0,0.0,0.0,100.0,0.0,0
2026-06-19 17:05:23,423.25,100.0,92.0,100.0,0.0,1,150.0,143.0,100.0,0.0,1,150.0,144.0,100.0,0.0,1,0.0,0.0,100.0,0.0,0,0.0,0.0,100.0,0.0,0,0.0,0.0,100.0,0.0,0
2026-06-19 17:05:24,424.04,100.0,92.0,100.0,0.0,1,150.0,143.0,100.0,0.0,1,150.0,144.0,100.0,0.0,1,0.0,0.0,100.0,0.0,0,0.0,0.0,100.0,0.0,0,0.0,0.0,100.0,0.0,0
2026-06-19 17:05:25,424.8,100.0,92.0,100.0,0.0,1,150.0,143.0,100.0,0.0,1,150.0,144.0,100.0,0.0,1,0.0,0.0,100.0,0.0,0,0.0,0.0,100.0,0.0,0,0.0,0.0,100.0,0.0,0
2026-06-19 17:05:25,425.55,100.0,92.0,100.0,0.0,1,150.0,143.0,100.0,0.0,1,150.0,144.0,100.0,0.0,1,0.0,0.0,100.0,0.0,0,0.0,0.0,100.0,0.0,0,0.0,0.0,100.0,0.0,0
2026-06-19 17:05:26,426.32,100.0,92.0,100.0,0.0,1,150.0,143.0,100.0,0.0,1,150.0,144.0,100.0,0.0,1,0.0,0.0,100.0,0.0,0,0.0,0.0,100.0,0.0,0,0.0,0.0,100.0,0.0,0
2026-06-19 17:05:27,427.12,100.0,92.0,100.0,0.0,1,150.0,143.0,100.0,0.0,1,150.0,144.0,100.0,0.0,1,0.0,0.0,100.0,0.0,0,0.0,0.0,100.0,0.0,0,0.0,0.0,100.0,0.0,0
2026-06-19 17:05:28,427.87,100.0,92.0,100.0,0.0,1,150.0,143.0,100.0,0.0,1,150.0,144.0,100.0,0.0,1,0.0,0.0,100.0,0.0,0,0.0,0.0,100.0,0.0,0,0.0,0.0,100.0,0.0,0
2026-06-19 17:05:28,428.61,100.0,92.0,100.0,0.0,1,150.0,143.0,100.0,0.0,1,150.0,144.0,100.0,0.0,1,0.0,0.0,100.0,0.0,0,0.0,0.0,100.0,0.0,0,0.0,0.0,100.0,0.0,0
2026-06-19 17:05:29,429.36,100.0,92.0,100.0,0.0,1,150.0,143.0,100.0,0.0,1,150.0,144.0,100.0,0.0,1,0.0,0.0,100.0,0.0,0,0.0,0.0,100.0,0.0,0,0.0,0.0,100.0,0.0,0
2026-06-19 17:05:30,430.1,100.0,92.0,100.0,0.0,1,150.0,143.0,100.0,0.0,1,150.0,144.0,100.0,0.0,1,0.0,0.0,100.0,0.0,0,0.0,0.0,100.0,0.0,0,0.0,0.0,100.0,0.0,0
2026-06-19 17:05:31,430.88,100.0,92.0,100.0,0.0,1,150.0,143.0,100.0,0.0,1,150.0,144.0,100.0,0.0,1,0.0,0.0,100.0,0.0,0,0.0,0.0,100.0,0.0,0,0.0,0.0,100.0,0.0,0
2026-06-19 17:05:31,431.63,100.0,92.0,100.0,0.0,1,150.0,143.0,100.0,0.0,1,150.0,144.0,100.0,0.0,1,0.0,0.0,100.0,0.0,0,0.0,0.0,100.0,0.0,0,0.0,0.0,100.0,0.0,0
2026-06-19 17:05:32,432.4,100.0,92.0,100.0,0.0,1,150.0,143.0,100.0,0.0,1,150.0,144.0,100.0,0.0,1,0.0,0.0,100.0,0.0,0,0.0,0.0,100.0,0.0,0,0.0,0.0,100.0,0.0,0
2026-06-19 17:05:33,433.18,100.0,92.0,100.0,0.0,1,150.0,143.0,100.0,0.0,1,150.0,144.0,100.0,0.0,1,0.0,0.0,100.0,0.0,0,0.0,0.0,100.0,0.0,0,0.0,0.0,100.0,0.0,0
2026-06-19 17:05:34,433.93,100.0,92.0,100.0,0.0,1,150.0,143.0,100.0,0.0,1,150.0,144.0,100.0,0.0,1,0.0,0.0,100.0,0.0,0,0.0,0.0,100.0,0.0,0,0.0,0.0,100.0,0.0,0
2026-06-19 17:05:34,434.67,100.0,92.0,100.0,0.0,1,150.0,143.0,100.0,0.0,1,150.0,144.0,100.0,0.0,1,0.0,0.0,100.0,0.0,0,0.0,0.0,100.0,0.0,0,0.0,0.0,100.0,0.0,0
2026-06-19 17:05:35,435.43,100.0,92.0,100.0,0.0,1,150.0,143.0,100.0,0.0,1,150.0,144.0,100.0,0.0,1,0.0,0.0,100.0,0.0,0,0.0,0.0,100.0,0.0,0,0.0,0.0,100.0,0.0,0
2026-06-19 17:05:36,436.23,100.0,92.0,100.0,0.0,1,150.0,143.0,100.0,0.0,1,150.0,144.0,100.0,0.0,1,0.0,0.0,100.0,0.0,0,0.0,0.0,100.0,0.0,0,0.0,0.0,100.0,0.0,0
2026-06-19 17:05:37,437.01,100.0,92.0,100.0,0.0,1,150.0,143.0,100.0,0.0,1,150.0,144.0,100.0,0.0,1,0.0,0.0,100.0,0.0,0,0.0,0.0,100.0,0.0,0,0.0,0.0,100.0,0.0,0
2026-06-19 17:05:38,437.78,100.0,92.0,100.0,0.0,1,150.0,143.0,100.0,0.0,1,150.0,144.0,100.0,0.0,1,0.0,0.0,100.0,0.0,0,0.0,0.0,100.0,0.0,0,0.0,0.0,100.0,0.0,0
2026-06-19 17:05:38,438.55,100.0,92.0,100.0,0.0,1,150.0,143.0,100.0,0.0,1,150.0,144.0,100.0,0.0,1,0.0,0.0,100.0,0.0,0,0.0,0.0,100.0,0.0,0,0.0,0.0,100.0,0.0,0
2026-06-19 17:05:39,439.3,100.0,92.0,100.0,0.0,1,150.0,143.0,100.0,0.0,1,150.0,144.0,100.0,0.0,1,0.0,0.0,100.0,0.0,0,0.0,0.0,100.0,0.0,0,0.0,0.0,100.0,0.0,0
2026-06-19 17:05:40,440.05,100.0,92.0,100.0,0.0,1,150.0,143.0,100.0,0.0,1,150.0,144.0,100.0,0.0,1,0.0,0.0,100.0,0.0,0,0.0,0.0,100.0,0.0,0,0.0,0.0,100.0,0.0,0
2026-06-19 17:05:41,440.85,100.0,92.0,100.0,0.0,1,150.0,143.0,100.0,0.0,1,150.0,144.0,100.0,0.0,1,0.0,0.0,100.0,0.0,0,0.0,0.0,100.0,0.0,0,0.0,0.0,100.0,0.0,0
2026-06-19 17:05:41,441.6,100.0,92.0,100.0,0.0,1,150.0,143.0,100.0,0.0,1,150.0,144.0,100.0,0.0,1,0.0,0.0,100.0,0.0,0,0.0,0.0,100.0,0.0,0,0.0,0.0,100.0,0.0,0
2026-06-19 17:05:42,442.38,100.0,92.0,100.0,0.0,1,150.0,143.0,100.0,0.0,1,150.0,144.0,100.0,0.0,1,0.0,0.0,100.0,0.0,0,0.0,0.0,100.0,0.0,0,0.0,0.0,100.0,0.0,0
2026-06-19 17:05:43,443.17,100.0,92.0,100.0,0.0,1,150.0,143.0,100.0,0.0,1,150.0,144.0,100.0,0.0,1,0.0,0.0,100.0,0.0,0,0.0,0.0,100.0,0.0,0,0.0,0.0,100.0,0.0,0
2026-06-19 17:05:44,443.97,100.0,92.0,100.0,0.0,1,150.0,143.0,100.0,0.0,1,150.0,144.0,100.0,0.0,1,0.0,0.0,100.0,0.0,0,0.0,0.0,100.0,0.0,0,0.0,0.0,100.0,0.0,0
2026-06-19 17:05:45,444.78,100.0,92.0,100.0,0.0,1,150.0,143.0,100.0,0.0,1,150.0,144.0,100.0,0.0,1,0.0,0.0,100.0,0.0,0,0.0,0.0,100.0,0.0,0,0.0,0.0,100.0,0.0,0
2026-06-19 17:05:45,445.58,100.0,92.0,100.0,0.0,1,150.0,143.0,100.0,0.0,1,150.0,144.0,100.0,0.0,1,0.0,0.0,100.0,0.0,0,0.0,0.0,100.0,0.0,0,0.0,0.0,100.0,0.0,0
2026-06-19 17:05:46,446.38,100.0,92.0,100.0,0.0,1,150.0,143.0,100.0,0.0,1,150.0,144.0,100.0,0.0,1,0.0,0.0,100.0,0.0,0,0.0,0.0,100.0,0.0,0,0.0,0.0,100.0,0.0,0
2026-06-19 17:05:47,447.13,100.0,92.0,100.0,0.0,1,150.0,143.0,100.0,0.0,1,150.0,144.0,100.0,0.0,1,0.0,0.0,100.0,0.0,0,0.0,0.0,100.0,0.0,0,0.0,0.0,100.0,0.0,0
2026-06-19 17:05:48,447.91,100.0,92.0,100.0,0.0,1,150.0,143.0,100.0,0.0,1,150.0,144.0,100.0,0.0,1,0.0,0.0,100.0,0.0,0,0.0,0.0,100.0,0.0,0,0.0,0.0,100.0,0.0,0
2026-06-19 17:05:48,448.69,100.0,92.0,100.0,0.0,1,150.0,143.0,100.0,0.0,1,150.0,144.0,100.0,0.0,1,0.0,0.0,100.0,0.0,0,0.0,0.0,100.0,0.0,0,0.0,0.0,100.0,0.0,0
2026-06-19 17:05:49,449.44,100.0,92.0,100.0,0.0,1,150.0,143.0,100.0,0.0,1,150.0,144.0,100.0,0.0,1,0.0,0.0,100.0,0.0,0,0.0,0.0,100.0,0.0,0,0.0,0.0,100.0,0.0,0
2026-06-19 17:05:50,450.24,100.0,92.0,100.0,0.0,1,150.0,143.0,100.0,0.0,1,150.0,144.0,100.0,0.0,1,0.0,0.0,100.0,0.0,0,0.0,0.0,100.0,0.0,0,0.0,0.0,100.0,0.0,0
2026-06-19 17:05:51,450.98,100.0,92.0,100.0,0.0,1,150.0,143.0,100.0,0.0,1,150.0,144.0,100.0,0.0,1,0.0,0.0,100.0,0.0,0,0.0,0.0,100.0,0.0,0,0.0,0.0,100.0,0.0,0
2026-06-19 17:05:51,451.73,100.0,92.0,100.0,0.0,1,150.0,143.0,100.0,0.0,1,150.0,144.0,100.0,0.0,1,0.0,0.0,100.0,0.0,0,0.0,0.0,100.0,0.0,0,0.0,0.0,100.0,0.0,0
2026-06-19 17:05:52,452.49,100.0,92.0,100.0,0.0,1,150.0,143.0,100.0,0.0,1,150.0,144.0,100.0,0.0,1,0.0,0.0,100.0,0.0,0,0.0,0.0,100.0,0.0,0,0.0,0.0,100.0,0.0,0
2026-06-19 17:05:53,453.25,100.0,92.0,100.0,0.0,1,150.0,143.0,100.0,0.0,1,150.0,144.0,100.0,0.0,1,0.0,0.0,100.0,0.0,0,0.0,0.0,100.0,0.0,0,0.0,0.0,100.0,0.0,0
2026-06-19 17:05:54,454.02,100.0,92.0,100.0,0.0,1,150.0,143.0,100.0,0.0,1,150.0,144.0,100.0,0.0,1,0.0,0.0,100.0,0.0,0,0.0,0.0,100.0,0.0,0,0.0,0.0,100.0,0.0,0
2026-06-19 17:05:55,454.78,100.0,92.0,100.0,0.0,1,150.0,143.0,100.0,0.0,1,150.0,144.0,100.0,0.0,1,0.0,0.0,100.0,0.0,0,0.0,0.0,100.0,0.0,0,0.0,0.0,100.0,0.0,0
2026-06-19 17:05:55,455.54,100.0,92.0,100.0,0.0,1,150.0,143.0,100.0,0.0,1,150.0,144.0,100.0,0.0,1,0.0,0.0,100.0,0.0,0,0.0,0.0,100.0,0.0,0,0.0,0.0,100.0,0.0,0
2026-06-19 17:05:56,456.28,100.0,92.0,100.0,0.0,1,150.0,143.0,100.0,0.0,1,150.0,144.0,100.0,0.0,1,0.0,0.0,100.0,0.0,0,0.0,0.0,100.0,0.0,0,0.0,0.0,100.0,0.0,0
2026-06-19 17:05:57,457.01,100.0,92.0,100.0,0.0,1,150.0,143.0,100.0,0.0,1,150.0,144.0,100.0,0.0,1,0.0,0.0,100.0,0.0,0,0.0,0.0,100.0,0.0,0,0.0,0.0,100.0,0.0,0
2026-06-19 17:05:58,457.79,100.0,92.0,100.0,0.0,1,150.0,143.0,100.0,0.0,1,150.0,144.0,100.0,0.0,1,0.0,0.0,100.0,0.0,0,0.0,0.0,100.0,0.0,0,0.0,0.0,100.0,0.0,0
2026-06-19 17:05:58,458.53,100.0,92.0,100.0,0.0,1,150.0,143.0,100.0,0.0,1,150.0,144.0,100.0,0.0,1,0.0,0.0,100.0,0.0,0,0.0,0.0,100.0,0.0,0,0.0,0.0,100.0,0.0,0
2026-06-19 17:05:59,459.27,100.0,92.0,100.0,0.0,1,150.0,143.0,100.0,0.0,1,150.0,144.0,100.0,0.0,1,0.0,0.0,100.0,0.0,0,0.0,0.0,100.0,0.0,0,0.0,0.0,100.0,0.0,0
2026-06-19 17:06:00,460.03,100.0,92.0,100.0,0.0,1,150.0,143.0,100.0,0.0,1,150.0,144.0,100.0,0.0,1,0.0,0.0,100.0,0.0,0,0.0,0.0,100.0,0.0,0,0.0,0.0,100.0,0.0,0
2026-06-19 17:06:01,460.78,100.0,92.0,100.0,0.0,1,150.0,143.0,100.0,0.0,1,150.0,144.0,100.0,0.0,1,0.0,0.0,100.0,0.0,0,0.0,0.0,100.0,0.0,0,0.0,0.0,100.0,0.0,0
2026-06-19 17:06:01,461.54,100.0,92.0,100.0,0.0,1,150.0,143.0,100.0,0.0,1,150.0,144.0,100.0,0.0,1,0.0,0.0,100.0,0.0,0,0.0,0.0,100.0,0.0,0,0.0,0.0,100.0,0.0,0
2026-06-19 17:06:02,462.31,100.0,92.0,100.0,0.0,1,150.0,143.0,100.0,0.0,1,150.0,144.0,100.0,0.0,1,0.0,0.0,100.0,0.0,0,0.0,0.0,100.0,0.0,0,0.0,0.0,100.0,0.0,0
2026-06-19 17:06:03,463.05,100.0,92.0,100.0,0.0,1,150.0,143.0,100.0,0.0,1,150.0,144.0,100.0,0.0,1,0.0,0.0,100.0,0.0,0,0.0,0.0,100.0,0.0,0,0.0,0.0,100.0,0.0,0
2026-06-19 17:06:04,463.82,100.0,92.0,100.0,0.0,1,150.0,143.0,100.0,0.0,1,150.0,144.0,100.0,0.0,1,0.0,0.0,100.0,0.0,0,0.0,0.0,100.0,0.0,0,0.0,0.0,100.0,0.0,0
2026-06-19 17:06:04,464.61,100.0,92.0,100.0,0.0,1,150.0,143.0,100.0,0.0,1,150.0,144.0,100.0,0.0,1,0.0,0.0,100.0,0.0,0,0.0,0.0,100.0,0.0,0,0.0,0.0,100.0,0.0,0
2026-06-19 17:06:05,465.37,100.0,92.0,100.0,0.0,1,150.0,143.0,100.0,0.0,1,150.0,144.0,100.0,0.0,1,0.0,0.0,100.0,0.0,0,0.0,0.0,100.0,0.0,0,0.0,0.0,100.0,0.0,0
2026-06-19 17:06:06,466.12,100.0,92.0,100.0,0.0,1,150.0,143.0,100.0,0.0,1,150.0,144.0,100.0,0.0,1,0.0,0.0,100.0,0.0,0,0.0,0.0,100.0,0.0,0,0.0,0.0,100.0,0.0,0
2026-06-19 17:06:07,466.87,100.0,92.0,100.0,0.0,1,150.0,143.0,100.0,0.0,1,150.0,144.0,100.0,0.0,1,0.0,0.0,100.0,0.0,0,0.0,0.0,100.0,0.0,0,0.0,0.0,100.0,0.0,0
2026-06-19 17:06:07,467.62,100.0,92.0,100.0,0.0,1,150.0,143.0,100.0,0.0,1,150.0,144.0,100.0,0.0,1,0.0,0.0,100.0,0.0,0,0.0,0.0,100.0,0.0,0,0.0,0.0,100.0,0.0,0
2026-06-19 17:06:08,468.39,100.0,92.0,100.0,0.0,1,150.0,143.0,100.0,0.0,1,150.0,144.0,100.0,0.0,1,0.0,0.0,100.0,0.0,0,0.0,0.0,100.0,0.0,0,0.0,0.0,100.0,0.0,0
2026-06-19 17:06:09,469.15,100.0,92.0,100.0,0.0,1,150.0,143.0,100.0,0.0,1,150.0,144.0,100.0,0.0,1,0.0,0.0,100.0,0.0,0,0.0,0.0,100.0,0.0,0,0.0,0.0,100.0,0.0,0
2026-06-19 17:06:10,469.89,100.0,92.0,100.0,0.0,1,150.0,143.0,100.0,0.0,1,150.0,144.0,100.0,0.0,1,0.0,0.0,100.0,0.0,0,0.0,0.0,100.0,0.0,0,0.0,0.0,100.0,0.0,0
2026-06-19 17:06:10,470.69,100.0,92.0,100.0,0.0,1,150.0,143.0,100.0,0.0,1,150.0,144.0,100.0,0.0,1,0.0,0.0,100.0,0.0,0,0.0,0.0,100.0,0.0,0,0.0,0.0,100.0,0.0,0
2026-06-19 17:06:11,471.47,100.0,92.0,100.0,0.0,1,150.0,143.0,100.0,0.0,1,150.0,144.0,100.0,0.0,1,0.0,0.0,100.0,0.0,0,0.0,0.0,100.0,0.0,0,0.0,0.0,100.0,0.0,0
2026-06-19 17:06:12,472.26,100.0,92.0,100.0,0.0,1,150.0,143.0,100.0,0.0,1,150.0,144.0,100.0,0.0,1,0.0,0.0,100.0,0.0,0,0.0,0.0,100.0,0.0,0,0.0,0.0,100.0,0.0,0
2026-06-19 17:06:13,473.02,100.0,92.0,100.0,0.0,1,150.0,143.0,100.0,0.0,1,150.0,144.0,100.0,0.0,1,0.0,0.0,100.0,0.0,0,0.0,0.0,100.0,0.0,0,0.0,0.0,100.0,0.0,0
2026-06-19 17:06:14,473.76,100.0,92.0,100.0,0.0,1,150.0,143.0,100.0,0.0,1,150.0,144.0,100.0,0.0,1,0.0,0.0,100.0,0.0,0,0.0,0.0,100.0,0.0,0,0.0,0.0,100.0,0.0,0
2026-06-19 17:06:14,474.49,100.0,92.0,100.0,0.0,1,150.0,143.0,100.0,0.0,1,150.0,144.0,100.0,0.0,1,0.0,0.0,100.0,0.0,0,0.0,0.0,100.0,0.0,0,0.0,0.0,100.0,0.0,0
2026-06-19 17:06:15,475.24,100.0,92.0,100.0,0.0,1,150.0,143.0,100.0,0.0,1,150.0,144.0,100.0,0.0,1,0.0,0.0,100.0,0.0,0,0.0,0.0,100.0,0.0,0,0.0,0.0,100.0,0.0,0
2026-06-19 17:06:16,475.98,100.0,92.0,100.0,0.0,1,150.0,143.0,100.0,0.0,1,150.0,144.0,100.0,0.0,1,0.0,0.0,100.0,0.0,0,0.0,0.0,100.0,0.0,0,0.0,0.0,100.0,0.0,0
2026-06-19 17:06:16,476.73,100.0,92.0,100.0,0.0,1,150.0,143.0,100.0,0.0,1,150.0,144.0,100.0,0.0,1,0.0,0.0,100.0,0.0,0,0.0,0.0,100.0,0.0,0,0.0,0.0,100.0,0.0,0
2026-06-19 17:06:17,477.45,100.0,92.0,100.0,0.0,1,150.0,143.0,100.0,0.0,1,150.0,144.0,100.0,0.0,1,0.0,0.0,100.0,0.0,0,0.0,0.0,100.0,0.0,0,0.0,0.0,100.0,0.0,0
2026-06-19 17:06:18,478.19,100.0,92.0,100.0,0.0,1,150.0,143.0,100.0,0.0,1,150.0,144.0,100.0,0.0,1,0.0,0.0,100.0,0.0,0,0.0,0.0,100.0,0.0,0,0.0,0.0,100.0,0.0,0
2026-06-19 17:06:19,478.95,100.0,92.0,100.0,0.0,1,150.0,143.0,100.0,0.0,1,150.0,144.0,100.0,0.0,1,0.0,0.0,100.0,0.0,0,0.0,0.0,100.0,0.0,0,0.0,0.0,100.0,0.0,0
2026-06-19 17:06:19,479.71,100.0,92.0,100.0,0.0,1,150.0,143.0,100.0,0.0,1,150.0,144.0,100.0,0.0,1,0.0,0.0,100.0,0.0,0,0.0,0.0,100.0,0.0,0,0.0,0.0,100.0,0.0,0
2026-06-19 17:06:20,480.44,100.0,92.0,100.0,0.0,1,150.0,143.0,100.0,0.0,1,150.0,144.0,100.0,0.0,1,0.0,0.0,100.0,0.0,0,0.0,0.0,100.0,0.0,0,0.0,0.0,100.0,0.0,0
2026-06-19 17:06:21,481.18,100.0,92.0,100.0,0.0,1,150.0,143.0,100.0,0.0,1,150.0,144.0,100.0,0.0,1,0.0,0.0,100.0,0.0,0,0.0,0.0,100.0,0.0,0,0.0,0.0,100.0,0.0,0
2026-06-19 17:06:22,481.93,100.0,92.0,100.0,0.0,1,150.0,143.0,100.0,0.0,1,150.0,144.0,100.0,0.0,1,0.0,0.0,100.0,0.0,0,0.0,0.0,100.0,0.0,0,0.0,0.0,100.0,0.0,0
2026-06-19 17:06:22,482.69,100.0,92.0,100.0,0.0,1,150.0,143.0,100.0,0.0,1,150.0,144.0,100.0,0.0,1,0.0,0.0,100.0,0.0,0,0.0,0.0,100.0,0.0,0,0.0,0.0,100.0,0.0,0
2026-06-19 17:06:23,483.44,100.0,92.0,100.0,0.0,1,150.0,143.0,100.0,0.0,1,150.0,144.0,100.0,0.0,1,0.0,0.0,100.0,0.0,0,0.0,0.0,100.0,0.0,0,0.0,0.0,100.0,0.0,0
2026-06-19 17:06:24,484.19,100.0,92.0,100.0,0.0,1,150.0,143.0,100.0,0.0,1,150.0,144.0,100.0,0.0,1,0.0,0.0,100.0,0.0,0,0.0,0.0,100.0,0.0,0,0.0,0.0,100.0,0.0,0
2026-06-19 17:06:25,484.96,100.0,92.0,100.0,0.0,1,150.0,143.0,100.0,0.0,1,150.0,144.0,100.0,0.0,1,0.0,0.0,100.0,0.0,0,0.0,0.0,100.0,0.0,0,0.0,0.0,100.0,0.0,0
2026-06-19 17:06:25,485.71,100.0,92.0,100.0,0.0,1,150.0,143.0,100.0,0.0,1,150.0,144.0,100.0,0.0,1,0.0,0.0,100.0,0.0,0,0.0,0.0,100.0,0.0,0,0.0,0.0,100.0,0.0,0
2026-06-19 17:06:26,486.5,100.0,92.0,100.0,0.0,1,150.0,143.0,100.0,0.0,1,150.0,144.0,100.0,0.0,1,0.0,0.0,100.0,0.0,0,0.0,0.0,100.0,0.0,0,0.0,0.0,100.0,0.0,0
2026-06-19 17:06:27,487.26,100.0,92.0,100.0,0.0,1,150.0,143.0,100.0,0.0,1,150.0,144.0,100.0,0.0,1,0.0,0.0,100.0,0.0,0,0.0,0.0,100.0,0.0,0,0.0,0.0,100.0,0.0,0
2026-06-19 17:06:28,487.99,100.0,92.0,100.0,0.0,1,150.0,143.0,100.0,0.0,1,150.0,144.0,100.0,0.0,1,0.0,0.0,100.0,0.0,0,0.0,0.0,100.0,0.0,0,0.0,0.0,100.0,0.0,0
2026-06-19 17:06:28,488.73,100.0,92.0,100.0,0.0,1,150.0,143.0,100.0,0.0,1,150.0,144.0,100.0,0.0,1,0.0,0.0,100.0,0.0,0,0.0,0.0,100.0,0.0,0,0.0,0.0,100.0,0.0,0
2026-06-19 17:06:29,489.47,100.0,92.0,100.0,0.0,1,150.0,143.0,100.0,0.0,1,150.0,144.0,100.0,0.0,1,0.0,0.0,100.0,0.0,0,0.0,0.0,100.0,0.0,0,0.0,0.0,100.0,0.0,0
2026-06-19 17:06:30,490.24,100.0,92.0,100.0,0.0,1,150.0,143.0,100.0,0.0,1,150.0,144.0,100.0,0.0,1,0.0,0.0,100.0,0.0,0,0.0,0.0,100.0,0.0,0,0.0,0.0,100.0,0.0,0
2026-06-19 17:06:31,491.05,100.0,92.0,100.0,0.0,1,150.0,143.0,100.0,0.0,1,150.0,144.0,100.0,0.0,1,0.0,0.0,100.0,0.0,0,0.0,0.0,100.0,0.0,0,0.0,0.0,100.0,0.0,0
2026-06-19 17:06:32,491.77,100.0,92.0,100.0,0.0,1,150.0,143.0,100.0,0.0,1,150.0,144.0,100.0,0.0,1,0.0,0.0,100.0,0.0,0,0.0,0.0,100.0,0.0,0,0.0,0.0,100.0,0.0,0
2026-06-19 17:06:32,492.51,100.0,92.0,100.0,0.0,1,150.0,143.0,100.0,0.0,1,150.0,144.0,100.0,0.0,1,0.0,0.0,100.0,0.0,0,0.0,0.0,100.0,0.0,0,0.0,0.0,100.0,0.0,0
2026-06-19 17:06:33,493.25,100.0,92.0,100.0,0.0,1,150.0,143.0,100.0,0.0,1,150.0,144.0,100.0,0.0,1,0.0,0.0,100.0,0.0,0,0.0,0.0,100.0,0.0,0,0.0,0.0,100.0,0.0,0
2026-06-19 17:06:34,494.01,100.0,92.0,100.0,0.0,1,150.0,143.0,100.0,0.0,1,150.0,144.0,100.0,0.0,1,0.0,0.0,100.0,0.0,0,0.0,0.0,100.0,0.0,0,0.0,0.0,100.0,0.0,0
2026-06-19 17:06:35,494.77,100.0,92.0,100.0,0.0,1,150.0,143.0,100.0,0.0,1,150.0,144.0,100.0,0.0,1,0.0,0.0,100.0,0.0,0,0.0,0.0,100.0,0.0,0,0.0,0.0,100.0,0.0,0
2026-06-19 17:06:35,495.49,100.0,92.0,100.0,0.0,1,150.0,143.0,100.0,0.0,1,150.0,144.0,100.0,0.0,1,0.0,0.0,100.0,0.0,0,0.0,0.0,100.0,0.0,0,0.0,0.0,100.0,0.0,0
2026-06-19 17:06:36,496.31,100.0,92.0,100.0,0.0,1,150.0,143.0,100.0,0.0,1,150.0,144.0,100.0,0.0,1,0.0,0.0,100.0,0.0,0,0.0,0.0,100.0,0.0,0,0.0,0.0,100.0,0.0,0
2026-06-19 17:06:37,497.18,100.0,92.0,100.0,0.0,1,150.0,143.0,100.0,0.0,1,150.0,144.0,100.0,0.0,1,0.0,0.0,100.0,0.0,0,0.0,0.0,100.0,0.0,0,0.0,0.0,100.0,0.0,0
2026-06-19 17:06:38,497.93,100.0,92.0,100.0,0.0,1,150.0,143.0,100.0,0.0,1,150.0,144.0,100.0,0.0,1,0.0,0.0,100.0,0.0,0,0.0,0.0,100.0,0.0,0,0.0,0.0,100.0,0.0,0
2026-06-19 17:06:38,498.69,100.0,92.0,100.0,0.0,1,150.0,143.0,100.0,0.0,1,150.0,144.0,100.0,0.0,1,0.0,0.0,100.0,0.0,0,0.0,0.0,100.0,0.0,0,0.0,0.0,100.0,0.0,0
2026-06-19 17:06:39,499.45,100.0,92.0,100.0,0.0,1,150.0,143.0,100.0,0.0,1,150.0,144.0,100.0,0.0,1,0.0,0.0,100.0,0.0,0,0.0,0.0,100.0,0.0,0,0.0,0.0,100.0,0.0,0
2026-06-19 17:06:40,500.21,100.0,92.0,100.0,0.0,1,150.0,143.0,100.0,0.0,1,150.0,144.0,100.0,0.0,1,0.0,0.0,100.0,0.0,0,0.0,0.0,100.0,0.0,0,0.0,0.0,100.0,0.0,0
2026-06-19 17:06:41,500.99,100.0,92.0,100.0,0.0,1,150.0,143.0,100.0,0.0,1,150.0,144.0,100.0,0.0,1,0.0,0.0,100.0,0.0,0,0.0,0.0,100.0,0.0,0,0.0,0.0,100.0,0.0,0
2026-06-19 17:06:41,501.74,100.0,92.0,100.0,0.0,1,150.0,143.0,100.0,0.0,1,150.0,144.0,100.0,0.0,1,0.0,0.0,100.0,0.0,0,0.0,0.0,100.0,0.0,0,0.0,0.0,100.0,0.0,0
2026-06-19 17:06:42,502.47,100.0,92.0,100.0,0.0,1,150.0,143.0,100.0,0.0,1,150.0,144.0,100.0,0.0,1,0.0,0.0,100.0,0.0,0,0.0,0.0,100.0,0.0,0,0.0,0.0,100.0,0.0,0
2026-06-19 17:06:43,503.24,100.0,92.0,100.0,0.0,1,150.0,143.0,100.0,0.0,1,150.0,144.0,100.0,0.0,1,0.0,0.0,100.0,0.0,0,0.0,0.0,100.0,0.0,0,0.0,0.0,100.0,0.0,0
2026-06-19 17:06:44,503.99,100.0,92.0,100.0,0.0,1,150.0,143.0,100.0,0.0,1,150.0,144.0,100.0,0.0,1,0.0,0.0,100.0,0.0,0,0.0,0.0,100.0,0.0,0,0.0,0.0,100.0,0.0,0
2026-06-19 17:06:44,504.74,100.0,92.0,100.0,0.0,1,150.0,143.0,100.0,0.0,1,150.0,144.0,100.0,0.0,1,0.0,0.0,100.0,0.0,0,0.0,0.0,100.0,0.0,0,0.0,0.0,100.0,0.0,0
2026-06-19 17:06:45,505.47,100.0,92.0,100.0,0.0,1,150.0,143.0,100.0,0.0,1,150.0,144.0,100.0,0.0,1,0.0,0.0,100.0,0.0,0,0.0,0.0,100.0,0.0,0,0.0,0.0,100.0,0.0,0
2026-06-19 17:06:46,506.21,100.0,92.0,100.0,0.0,1,150.0,143.0,100.0,0.0,1,150.0,144.0,100.0,0.0,1,0.0,0.0,100.0,0.0,0,0.0,0.0,100.0,0.0,0,0.0,0.0,100.0,0.0,0
2026-06-19 17:06:47,506.99,100.0,92.0,100.0,0.0,1,150.0,143.0,100.0,0.0,1,150.0,144.0,100.0,0.0,1,0.0,0.0,100.0,0.0,0,0.0,0.0,100.0,0.0,0,0.0,0.0,100.0,0.0,0
2026-06-19 17:06:47,507.73,100.0,92.0,100.0,0.0,1,150.0,143.0,100.0,0.0,1,150.0,144.0,100.0,0.0,1,0.0,0.0,100.0,0.0,0,0.0,0.0,100.0,0.0,0,0.0,0.0,100.0,0.0,0
2026-06-19 17:06:48,508.46,100.0,92.0,100.0,0.0,1,150.0,143.0,100.0,0.0,1,150.0,144.0,100.0,0.0,1,0.0,0.0,100.0,0.0,0,0.0,0.0,100.0,0.0,0,0.0,0.0,100.0,0.0,0
2026-06-19 17:06:49,508.98,100.0,92.0,100.0,0.0,1,150.0,143.0,100.0,0.0,1,150.0,144.0,100.0,0.0,1,0.0,0.0,100.0,0.0,0,0.0,0.0,100.0,0.0,0,0.0,0.0,100.0,0.0,0
2026-06-19 17:06:50,509.77,100.0,92.0,100.0,0.0,1,150.0,143.0,100.0,0.0,1,150.0,144.0,100.0,0.0,1,0.0,0.0,100.0,0.0,0,0.0,0.0,100.0,0.0,0,0.0,0.0,100.0,0.0,0
2026-06-19 17:06:50,510.49,100.0,92.0,100.0,0.0,1,150.0,143.0,100.0,0.0,1,150.0,144.0,100.0,0.0,1,0.0,0.0,100.0,0.0,0,0.0,0.0,100.0,0.0,0,0.0,0.0,100.0,0.0,0
2026-06-19 17:06:51,511.26,100.0,92.0,100.0,0.0,1,150.0,143.0,100.0,0.0,1,150.0,144.0,100.0,0.0,1,0.0,0.0,100.0,0.0,0,0.0,0.0,100.0,0.0,0,0.0,0.0,100.0,0.0,0
2026-06-19 17:06:52,512.02,100.0,92.0,100.0,0.0,1,150.0,143.0,100.0,0.0,1,150.0,144.0,100.0,0.0,1,0.0,0.0,100.0,0.0,0,0.0,0.0,100.0,0.0,0,0.0,0.0,100.0,0.0,0
2026-06-19 17:06:53,512.79,100.0,92.0,100.0,0.0,1,150.0,143.0,100.0,0.0,1,150.0,144.0,100.0,0.0,1,0.0,0.0,100.0,0.0,0,0.0,0.0,100.0,0.0,0,0.0,0.0,100.0,0.0,0
2026-06-19 17:06:53,513.52,100.0,92.0,100.0,0.0,1,150.0,143.0,100.0,0.0,1,150.0,144.0,100.0,0.0,1,0.0,0.0,100.0,0.0,0,0.0,0.0,100.0,0.0,0,0.0,0.0,100.0,0.0,0
2026-06-19 17:06:54,514.29,100.0,92.0,100.0,0.0,1,150.0,143.0,100.0,0.0,1,150.0,144.0,100.0,0.0,1,0.0,0.0,100.0,0.0,0,0.0,0.0,100.0,0.0,0,0.0,0.0,100.0,0.0,0
2026-06-19 17:06:55,515.06,100.0,92.0,100.0,0.0,1,150.0,143.0,100.0,0.0,1,150.0,144.0,100.0,0.0,1,0.0,0.0,100.0,0.0,0,0.0,0.0,100.0,0.0,0,0.0,0.0,100.0,0.0,0
2026-06-19 17:06:56,515.81,100.0,92.0,100.0,0.0,1,150.0,143.0,100.0,0.0,1,150.0,144.0,100.0,0.0,1,0.0,0.0,100.0,0.0,0,0.0,0.0,100.0,0.0,0,0.0,0.0,100.0,0.0,0
2026-06-19 17:06:56,516.56,100.0,92.0,100.0,0.0,1,150.0,143.0,100.0,0.0,1,150.0,144.0,100.0,0.0,1,0.0,0.0,100.0,0.0,0,0.0,0.0,100.0,0.0,0,0.0,0.0,100.0,0.0,0
2026-06-19 17:06:57,517.35,100.0,92.0,100.0,0.0,1,150.0,143.0,100.0,0.0,1,150.0,144.0,100.0,0.0,1,0.0,0.0,100.0,0.0,0,0.0,0.0,100.0,0.0,0,0.0,0.0,100.0,0.0,0
2026-06-19 17:06:58,518.08,100.0,92.0,100.0,0.0,1,150.0,143.0,100.0,0.0,1,150.0,144.0,100.0,0.0,1,0.0,0.0,100.0,0.0,0,0.0,0.0,100.0,0.0,0,0.0,0.0,100.0,0.0,0
2026-06-19 17:06:59,518.86,100.0,92.0,100.0,0.0,1,150.0,143.0,100.0,0.0,1,150.0,144.0,100.0,0.0,1,0.0,0.0,100.0,0.0,0,0.0,0.0,100.0,0.0,0,0.0,0.0,100.0,0.0,0
2026-06-19 17:06:59,519.6,100.0,92.0,100.0,0.0,1,150.0,143.0,100.0,0.0,1,150.0,144.0,100.0,0.0,1,0.0,0.0,100.0,0.0,0,0.0,0.0,100.0,0.0,0,0.0,0.0,100.0,0.0,0
2026-06-19 17:07:00,520.34,100.0,92.0,100.0,0.0,1,150.0,143.0,100.0,0.0,1,150.0,144.0,100.0,0.0,1,0.0,0.0,100.0,0.0,0,0.0,0.0,100.0,0.0,0,0.0,0.0,100.0,0.0,0
2026-06-19 17:07:01,521.07,100.0,92.0,100.0,0.0,1,150.0,143.0,100.0,0.0,1,150.0,144.0,100.0,0.0,1,0.0,0.0,100.0,0.0,0,0.0,0.0,100.0,0.0,0,0.0,0.0,100.0,0.0,0
2026-06-19 17:07:02,521.82,100.0,92.0,100.0,0.0,1,150.0,143.0,100.0,0.0,1,150.0,144.0,100.0,0.0,1,0.0,0.0,100.0,0.0,0,0.0,0.0,100.0,0.0,0,0.0,0.0,100.0,0.0,0
2026-06-19 17:07:03,522.98,100.0,92.0,100.0,0.0,1,150.0,143.0,100.0,0.0,1,150.0,144.0,100.0,0.0,1,0.0,0.0,100.0,0.0,0,0.0,0.0,100.0,0.0,0,0.0,0.0,100.0,0.0,0
2026-06-19 17:07:03,523.71,100.0,92.0,100.0,0.0,1,150.0,143.0,100.0,0.0,1,150.0,144.0,100.0,0.0,1,0.0,0.0,100.0,0.0,0,0.0,0.0,100.0,0.0,0,0.0,0.0,100.0,0.0,0
2026-06-19 17:07:04,524.48,100.0,92.0,100.0,0.0,1,150.0,143.0,100.0,0.0,1,150.0,144.0,100.0,0.0,1,0.0,0.0,100.0,0.0,0,0.0,0.0,100.0,0.0,0,0.0,0.0,100.0,0.0,0
2026-06-19 17:07:05,525.21,100.0,92.0,100.0,0.0,1,150.0,143.0,100.0,0.0,1,150.0,144.0,100.0,0.0,1,0.0,0.0,100.0,0.0,0,0.0,0.0,100.0,0.0,0,0.0,0.0,100.0,0.0,0
2026-06-19 17:07:06,525.99,100.0,92.0,100.0,0.0,1,150.0,143.0,100.0,0.0,1,150.0,144.0,100.0,0.0,1,0.0,0.0,100.0,0.0,0,0.0,0.0,100.0,0.0,0,0.0,0.0,100.0,0.0,0
2026-06-19 17:07:06,526.74,100.0,92.0,100.0,0.0,1,150.0,143.0,100.0,0.0,1,150.0,144.0,100.0,0.0,1,0.0,0.0,100.0,0.0,0,0.0,0.0,100.0,0.0,0,0.0,0.0,100.0,0.0,0
2026-06-19 17:07:07,527.58,100.0,92.0,100.0,0.0,1,150.0,143.0,100.0,0.0,1,150.0,144.0,100.0,0.0,1,0.0,0.0,100.0,0.0,0,0.0,0.0,100.0,0.0,0,0.0,0.0,100.0,0.0,0
2026-06-19 17:07:08,528.32,100.0,92.0,100.0,0.0,1,150.0,143.0,100.0,0.0,1,150.0,144.0,100.0,0.0,1,0.0,0.0,100.0,0.0,0,0.0,0.0,100.0,0.0,0,0.0,0.0,100.0,0.0,0
2026-06-19 17:07:09,529.06,100.0,92.0,100.0,0.0,1,150.0,143.0,100.0,0.0,1,150.0,144.0,100.0,0.0,1,0.0,0.0,100.0,0.0,0,0.0,0.0,100.0,0.0,0,0.0,0.0,100.0,0.0,0
2026-06-19 17:07:10,529.83,100.0,92.0,100.0,0.0,1,150.0,143.0,100.0,0.0,1,150.0,144.0,100.0,0.0,1,0.0,0.0,100.0,0.0,0,0.0,0.0,100.0,0.0,0,0.0,0.0,100.0,0.0,0
2026-06-19 17:07:10,530.57,100.0,92.0,100.0,0.0,1,150.0,143.0,100.0,0.0,1,150.0,144.0,100.0,0.0,1,0.0,0.0,100.0,0.0,0,0.0,0.0,100.0,0.0,0,0.0,0.0,100.0,0.0,0
2026-06-19 17:07:11,531.55,100.0,92.0,100.0,0.0,1,150.0,143.0,100.0,0.0,1,150.0,144.0,100.0,0.0,1,0.0,0.0,100.0,0.0,0,0.0,0.0,100.0,0.0,0,0.0,0.0,100.0,0.0,0
2026-06-19 17:07:12,532.3,100.0,92.0,100.0,0.0,1,150.0,143.0,100.0,0.0,1,150.0,144.0,100.0,0.0,1,0.0,0.0,100.0,0.0,0,0.0,0.0,100.0,0.0,0,0.0,0.0,100.0,0.0,0
2026-06-19 17:07:13,533.04,100.0,92.0,100.0,0.0,1,150.0,143.0,100.0,0.0,1,150.0,144.0,100.0,0.0,1,0.0,0.0,100.0,0.0,0,0.0,0.0,100.0,0.0,0,0.0,0.0,100.0,0.0,0
2026-06-19 17:07:14,533.82,100.0,92.0,100.0,0.0,1,150.0,143.0,100.0,0.0,1,150.0,144.0,100.0,0.0,1,0.0,0.0,100.0,0.0,0,0.0,0.0,100.0,0.0,0,0.0,0.0,100.0,0.0,0
2026-06-19 17:07:14,534.54,100.0,92.0,100.0,0.0,1,150.0,143.0,100.0,0.0,1,150.0,144.0,100.0,0.0,1,0.0,0.0,100.0,0.0,0,0.0,0.0,100.0,0.0,0,0.0,0.0,100.0,0.0,0
2026-06-19 17:07:15,535.28,100.0,92.0,100.0,0.0,1,150.0,143.0,100.0,0.0,1,150.0,144.0,100.0,0.0,1,0.0,0.0,100.0,0.0,0,0.0,0.0,100.0,0.0,0,0.0,0.0,100.0,0.0,0
2026-06-19 17:07:16,536.02,100.0,92.0,100.0,0.0,1,150.0,143.0,100.0,0.0,1,150.0,144.0,100.0,0.0,1,0.0,0.0,100.0,0.0,0,0.0,0.0,100.0,0.0,0,0.0,0.0,100.0,0.0,0
2026-06-19 17:07:17,536.78,100.0,92.0,100.0,0.0,1,150.0,143.0,100.0,0.0,1,150.0,144.0,100.0,0.0,1,0.0,0.0,100.0,0.0,0,0.0,0.0,100.0,0.0,0,0.0,0.0,100.0,0.0,0
2026-06-19 17:07:17,537.52,100.0,92.0,100.0,0.0,1,150.0,143.0,100.0,0.0,1,150.0,144.0,100.0,0.0,1,0.0,0.0,100.0,0.0,0,0.0,0.0,100.0,0.0,0,0.0,0.0,100.0,0.0,0
2026-06-19 17:07:18,538.25,100.0,92.0,100.0,0.0,1,150.0,143.0,100.0,0.0,1,150.0,144.0,100.0,0.0,1,0.0,0.0,100.0,0.0,0,0.0,0.0,100.0,0.0,0,0.0,0.0,100.0,0.0,0
2026-06-19 17:07:19,539.01,100.0,92.0,100.0,0.0,1,150.0,143.0,100.0,0.0,1,150.0,144.0,100.0,0.0,1,0.0,0.0,100.0,0.0,0,0.0,0.0,100.0,0.0,0,0.0,0.0,100.0,0.0,0
2026-06-19 17:07:19,539.75,100.0,92.0,100.0,0.0,1,150.0,143.0,100.0,0.0,1,150.0,144.0,100.0,0.0,1,0.0,0.0,100.0,0.0,0,0.0,0.0,100.0,0.0,0,0.0,0.0,100.0,0.0,0
2026-06-19 17:07:20,540.5,100.0,92.0,100.0,0.0,1,150.0,143.0,100.0,0.0,1,150.0,144.0,100.0,0.0,1,0.0,0.0,100.0,0.0,0,0.0,0.0,100.0,0.0,0,0.0,0.0,100.0,0.0,0
2026-06-19 17:07:21,541.27,100.0,92.0,100.0,0.0,1,150.0,143.0,100.0,0.0,1,150.0,144.0,100.0,0.0,1,0.0,0.0,100.0,0.0,0,0.0,0.0,100.0,0.0,0,0.0,0.0,100.0,0.0,0
2026-06-19 17:07:22,542.04,100.0,92.0,100.0,0.0,1,150.0,143.0,100.0,0.0,1,150.0,144.0,100.0,0.0,1,0.0,0.0,100.0,0.0,0,0.0,0.0,100.0,0.0,0,0.0,0.0,100.0,0.0,0
2026-06-19 17:07:23,542.79,100.0,92.0,100.0,0.0,1,150.0,143.0,100.0,0.0,1,150.0,144.0,100.0,0.0,1,0.0,0.0,100.0,0.0,0,0.0,0.0,100.0,0.0,0,0.0,0.0,100.0,0.0,0
2026-06-19 17:07:23,543.54,100.0,92.0,100.0,0.0,1,150.0,143.0,100.0,0.0,1,150.0,144.0,100.0,0.0,1,0.0,0.0,100.0,0.0,0,0.0,0.0,100.0,0.0,0,0.0,0.0,100.0,0.0,0
2026-06-19 17:07:24,544.25,100.0,92.0,100.0,0.0,1,150.0,143.0,100.0,0.0,1,150.0,144.0,100.0,0.0,1,0.0,0.0,100.0,0.0,0,0.0,0.0,100.0,0.0,0,0.0,0.0,100.0,0.0,0
2026-06-19 17:07:25,545.0,100.0,92.0,100.0,0.0,1,150.0,143.0,100.0,0.0,1,150.0,144.0,100.0,0.0,1,0.0,0.0,100.0,0.0,0,0.0,0.0,100.0,0.0,0,0.0,0.0,100.0,0.0,0
2026-06-19 17:07:26,545.78,100.0,92.0,100.0,0.0,1,150.0,143.0,100.0,0.0,1,150.0,144.0,100.0,0.0,1,0.0,0.0,100.0,0.0,0,0.0,0.0,100.0,0.0,0,0.0,0.0,100.0,0.0,0
2026-06-19 17:07:26,546.52,100.0,92.0,100.0,0.0,1,150.0,143.0,100.0,0.0,1,150.0,144.0,100.0,0.0,1,0.0,0.0,100.0,0.0,0,0.0,0.0,100.0,0.0,0,0.0,0.0,100.0,0.0,0
2026-06-19 17:07:27,547.69,250.0,94.0,100.0,0.0,1,260.0,144.0,100.0,0.0,1,260.0,145.0,100.0,0.0,1,0.0,0.0,100.0,0.0,0,0.0,0.0,100.0,0.0,0,0.0,0.0,100.0,0.0,0
2026-06-19 17:07:28,548.69,250.0,99.0,100.0,0.0,1,260.0,149.0,100.0,0.0,1,260.0,150.0,100.0,0.0,1,0.0,0.0,100.0,0.0,0,0.0,0.0,100.0,0.0,0,0.0,0.0,100.0,0.0,0
2026-06-19 17:07:29,549.7,250.0,111.0,100.0,0.0,1,260.0,162.0,100.0,0.0,1,260.0,162.0,100.0,0.0,1,0.0,0.0,100.0,0.0,0,0.0,0.0,100.0,0.0,0,0.0,0.0,100.0,0.0,0
2026-06-19 17:07:30,550.7,250.0,117.0,100.0,0.0,1,260.0,168.0,100.0,0.0,1,260.0,168.0,100.0,0.0,1,0.0,0.0,100.0,0.0,0,0.0,0.0,100.0,0.0,0,0.0,0.0,100.0,0.0,0
2026-06-19 17:07:31,551.71,250.0,135.0,100.0,0.0,1,260.0,187.0,100.0,0.0,1,260.0,187.0,100.0,0.0,1,0.0,0.0,100.0,0.0,0,0.0,0.0,100.0,0.0,0,0.0,0.0,100.0,0.0,0
2026-06-19 17:07:32,552.71,250.0,141.0,100.0,0.0,1,260.0,193.0,100.0,0.0,1,260.0,193.0,100.0,0.0,1,0.0,0.0,100.0,0.0,0,0.0,0.0,100.0,0.0,0,0.0,0.0,100.0,0.0,0
2026-06-19 17:07:33,553.72,250.0,147.0,100.0,0.0,1,260.0,199.0,100.0,0.0,1,260.0,200.0,100.0,0.0,1,0.0,0.0,100.0,0.0,0,0.0,0.0,100.0,0.0,0,0.0,0.0,100.0,0.0,0
2026-06-19 17:07:34,554.72,250.0,160.0,100.0,0.0,1,260.0,212.0,100.0,0.0,1,260.0,212.0,100.0,0.0,1,0.0,0.0,100.0,0.0,0,0.0,0.0,100.0,0.0,0,0.0,0.0,100.0,0.0,0
2026-06-19 17:07:35,555.72,250.0,166.0,100.0,0.0,1,260.0,218.0,100.0,0.0,1,260.0,218.0,100.0,0.0,1,0.0,0.0,100.0,0.0,0,0.0,0.0,100.0,0.0,0,0.0,0.0,100.0,0.0,0
2026-06-19 17:07:36,556.73,250.0,178.0,100.0,0.0,1,260.0,230.0,100.0,0.0,1,260.0,231.0,100.0,0.0,1,0.0,0.0,100.0,0.0,0,0.0,0.0,100.0,0.0,0,0.0,0.0,100.0,0.0,0
2026-06-19 17:07:37,557.73,250.0,184.0,100.0,0.0,1,260.0,237.0,100.0,0.0,1,260.0,237.0,100.0,0.0,1,0.0,0.0,100.0,0.0,0,0.0,0.0,100.0,0.0,0,0.0,0.0,100.0,0.0,0
2026-06-19 17:07:38,558.74,250.0,203.0,100.0,0.0,1,260.0,254.0,100.0,0.0,1,260.0,254.0,100.0,0.0,1,0.0,0.0,100.0,0.0,0,0.0,0.0,100.0,0.0,0,0.0,0.0,100.0,0.0,0
2026-06-19 17:07:39,559.74,250.0,209.0,100.0,0.0,1,260.0,254.0,100.0,0.0,1,260.0,255.0,100.0,0.0,1,0.0,0.0,100.0,0.0,0,0.0,0.0,100.0,0.0,0,0.0,0.0,100.0,0.0,0
2026-06-19 17:07:40,560.75,250.0,222.0,100.0,0.0,1,260.0,255.0,100.0,0.0,1,260.0,255.0,100.0,0.0,1,0.0,0.0,100.0,0.0,0,0.0,0.0,100.0,0.0,0,0.0,0.0,100.0,0.0,0
2026-06-19 17:07:41,561.75,250.0,228.0,100.0,0.0,1,260.0,255.0,100.0,0.0,1,260.0,255.0,100.0,0.0,1,0.0,0.0,100.0,0.0,0,0.0,0.0,100.0,0.0,0,0.0,0.0,100.0,0.0,0
2026-06-19 17:07:43,562.75,250.0,240.0,100.0,0.0,1,260.0,255.0,100.0,0.0,1,260.0,255.0,100.0,0.0,1,0.0,0.0,100.0,0.0,0,0.0,0.0,100.0,0.0,0,0.0,0.0,100.0,0.0,0
2026-06-19 17:07:44,563.76,250.0,244.0,100.0,0.0,1,260.0,255.0,100.0,0.0,1,260.0,255.0,100.0,0.0,1,0.0,0.0,100.0,0.0,0,0.0,0.0,100.0,0.0,0,0.0,0.0,100.0,0.0,0
2026-06-19 17:07:45,564.76,250.0,244.0,100.0,0.0,1,260.0,255.0,100.0,0.0,1,260.0,255.0,100.0,0.0,1,0.0,0.0,100.0,0.0,0,0.0,0.0,100.0,0.0,0,0.0,0.0,100.0,0.0,0
2026-06-19 17:07:46,565.77,250.0,244.0,100.0,0.0,1,260.0,255.0,100.0,0.0,1,260.0,255.0,100.0,0.0,1,0.0,0.0,100.0,0.0,0,0.0,0.0,100.0,0.0,0,0.0,0.0,100.0,0.0,0
2026-06-19 17:07:47,566.77,250.0,244.0,100.0,0.0,1,260.0,255.0,100.0,0.0,1,260.0,255.0,100.0,0.0,1,0.0,0.0,100.0,0.0,0,0.0,0.0,100.0,0.0,0,0.0,0.0,100.0,0.0,0
2026-06-19 17:07:48,567.78,250.0,244.0,100.0,0.0,1,260.0,255.0,100.0,0.0,1,260.0,255.0,100.0,0.0,1,0.0,0.0,100.0,0.0,0,0.0,0.0,100.0,0.0,0,0.0,0.0,100.0,0.0,0
2026-06-19 17:07:49,568.78,250.0,244.0,100.0,0.0,1,260.0,255.0,100.0,0.0,1,260.0,255.0,100.0,0.0,1,0.0,0.0,100.0,0.0,0,0.0,0.0,100.0,0.0,0,0.0,0.0,100.0,0.0,0
2026-06-19 17:07:50,569.79,250.0,244.0,100.0,0.0,1,260.0,255.0,100.0,0.0,1,260.0,255.0,100.0,0.0,1,0.0,0.0,100.0,0.0,0,0.0,0.0,100.0,0.0,0,0.0,0.0,100.0,0.0,0
2026-06-19 17:07:51,570.79,250.0,244.0,100.0,0.0,1,260.0,255.0,100.0,0.0,1,260.0,255.0,100.0,0.0,1,0.0,0.0,100.0,0.0,0,0.0,0.0,100.0,0.0,0,0.0,0.0,100.0,0.0,0
2026-06-19 17:07:52,571.79,250.0,244.0,100.0,0.0,1,260.0,255.0,100.0,0.0,1,260.0,255.0,100.0,0.0,1,0.0,0.0,100.0,0.0,0,0.0,0.0,100.0,0.0,0,0.0,0.0,100.0,0.0,0
2026-06-19 17:07:53,572.93,250.0,244.0,100.0,0.0,1,260.0,255.0,100.0,0.0,1,260.0,255.0,100.0,0.0,1,0.0,0.0,100.0,0.0,0,0.0,0.0,100.0,0.0,0,0.0,0.0,100.0,0.0,0
2026-06-19 17:07:53,573.67,250.0,244.0,100.0,0.0,1,260.0,255.0,100.0,0.0,1,260.0,255.0,100.0,0.0,1,0.0,0.0,100.0,0.0,0,0.0,0.0,100.0,0.0,0,0.0,0.0,100.0,0.0,0
2026-06-19 17:07:54,574.42,250.0,244.0,100.0,0.0,1,260.0,255.0,100.0,0.0,1,260.0,255.0,100.0,0.0,1,0.0,0.0,100.0,0.0,0,0.0,0.0,100.0,0.0,0,0.0,0.0,100.0,0.0,0
2026-06-19 17:07:55,575.15,250.0,244.0,100.0,0.0,1,260.0,255.0,100.0,0.0,1,260.0,255.0,100.0,0.0,1,0.0,0.0,100.0,0.0,0,0.0,0.0,100.0,0.0,0,0.0,0.0,100.0,0.0,0
2026-06-19 17:07:56,575.87,250.0,244.0,100.0,0.0,1,260.0,255.0,100.0,0.0,1,260.0,255.0,100.0,0.0,1,0.0,0.0,100.0,0.0,0,0.0,0.0,100.0,0.0,0,0.0,0.0,100.0,0.0,0
2026-06-19 17:07:56,576.59,250.0,244.0,100.0,0.0,1,260.0,255.0,100.0,0.0,1,260.0,255.0,100.0,0.0,1,0.0,0.0,100.0,0.0,0,0.0,0.0,100.0,0.0,0,0.0,0.0,100.0,0.0,0
2026-06-19 17:07:57,577.33,250.0,244.0,100.0,0.0,1,260.0,255.0,100.0,0.0,1,260.0,255.0,100.0,0.0,1,0.0,0.0,100.0,0.0,0,0.0,0.0,100.0,0.0,0,0.0,0.0,100.0,0.0,0
2026-06-19 17:07:58,578.08,250.0,244.0,100.0,0.0,1,260.0,255.0,100.0,0.0,1,260.0,255.0,100.0,0.0,1,0.0,0.0,100.0,0.0,0,0.0,0.0,100.0,0.0,0,0.0,0.0,100.0,0.0,0
2026-06-19 17:07:59,578.84,250.0,244.0,100.0,0.0,1,260.0,255.0,100.0,0.0,1,260.0,255.0,100.0,0.0,1,0.0,0.0,100.0,0.0,0,0.0,0.0,100.0,0.0,0,0.0,0.0,100.0,0.0,0
2026-06-19 17:07:59,579.57,250.0,244.0,100.0,0.0,1,260.0,255.0,100.0,0.0,1,260.0,255.0,100.0,0.0,1,0.0,0.0,100.0,0.0,0,0.0,0.0,100.0,0.0,0,0.0,0.0,100.0,0.0,0
2026-06-19 17:08:00,580.3,250.0,244.0,100.0,0.0,1,260.0,255.0,100.0,0.0,1,260.0,255.0,100.0,0.0,1,0.0,0.0,100.0,0.0,0,0.0,0.0,100.0,0.0,0,0.0,0.0,100.0,0.0,0
2026-06-19 17:08:01,581.03,250.0,244.0,100.0,0.0,1,260.0,255.0,100.0,0.0,1,260.0,255.0,100.0,0.0,1,0.0,0.0,100.0,0.0,0,0.0,0.0,100.0,0.0,0,0.0,0.0,100.0,0.0,0
2026-06-19 17:08:02,581.78,250.0,244.0,100.0,0.0,1,260.0,255.0,100.0,0.0,1,260.0,255.0,100.0,0.0,1,0.0,0.0,100.0,0.0,0,0.0,0.0,100.0,0.0,0,0.0,0.0,100.0,0.0,0
2026-06-19 17:08:02,582.52,250.0,244.0,100.0,0.0,1,260.0,255.0,100.0,0.0,1,260.0,255.0,100.0,0.0,1,0.0,0.0,100.0,0.0,0,0.0,0.0,100.0,0.0,0,0.0,0.0,100.0,0.0,0
2026-06-19 17:08:03,583.31,250.0,244.0,100.0,0.0,1,260.0,255.0,100.0,0.0,1,260.0,255.0,100.0,0.0,1,0.0,0.0,100.0,0.0,0,0.0,0.0,100.0,0.0,0,0.0,0.0,100.0,0.0,0
2026-06-19 17:08:04,584.02,250.0,244.0,100.0,0.0,1,260.0,255.0,100.0,0.0,1,260.0,255.0,100.0,0.0,1,0.0,0.0,100.0,0.0,0,0.0,0.0,100.0,0.0,0,0.0,0.0,100.0,0.0,0
2026-06-19 17:08:05,584.78,250.0,244.0,100.0,0.0,1,260.0,255.0,100.0,0.0,1,260.0,255.0,100.0,0.0,1,0.0,0.0,100.0,0.0,0,0.0,0.0,100.0,0.0,0,0.0,0.0,100.0,0.0,0
2026-06-19 17:08:05,585.5,250.0,244.0,100.0,0.0,1,260.0,255.0,100.0,0.0,1,260.0,255.0,100.0,0.0,1,0.0,0.0,100.0,0.0,0,0.0,0.0,100.0,0.0,0,0.0,0.0,100.0,0.0,0
2026-06-19 17:08:06,586.26,250.0,244.0,100.0,0.0,1,260.0,255.0,100.0,0.0,1,260.0,255.0,100.0,0.0,1,0.0,0.0,100.0,0.0,0,0.0,0.0,100.0,0.0,0,0.0,0.0,100.0,0.0,0
2026-06-19 17:08:07,587.07,250.0,244.0,100.0,0.0,1,260.0,255.0,100.0,0.0,1,260.0,255.0,100.0,0.0,1,0.0,0.0,100.0,0.0,0,0.0,0.0,100.0,0.0,0,0.0,0.0,100.0,0.0,0
2026-06-19 17:08:08,587.86,250.0,244.0,100.0,0.0,1,260.0,255.0,100.0,0.0,1,260.0,255.0,100.0,0.0,1,0.0,0.0,100.0,0.0,0,0.0,0.0,100.0,0.0,0,0.0,0.0,100.0,0.0,0
2026-06-19 17:08:08,588.61,250.0,244.0,100.0,0.0,1,260.0,255.0,100.0,0.0,1,260.0,255.0,100.0,0.0,1,0.0,0.0,100.0,0.0,0,0.0,0.0,100.0,0.0,0,0.0,0.0,100.0,0.0,0
2026-06-19 17:08:09,589.37,250.0,244.0,100.0,0.0,1,260.0,255.0,100.0,0.0,1,260.0,255.0,100.0,0.0,1,0.0,0.0,100.0,0.0,0,0.0,0.0,100.0,0.0,0,0.0,0.0,100.0,0.0,0
2026-06-19 17:08:10,590.11,250.0,244.0,100.0,0.0,1,260.0,255.0,100.0,0.0,1,260.0,255.0,100.0,0.0,1,0.0,0.0,100.0,0.0,0,0.0,0.0,100.0,0.0,0,0.0,0.0,100.0,0.0,0
2026-06-19 17:08:11,590.85,250.0,244.0,100.0,0.0,1,260.0,255.0,100.0,0.0,1,260.0,255.0,100.0,0.0,1,0.0,0.0,100.0,0.0,0,0.0,0.0,100.0,0.0,0,0.0,0.0,100.0,0.0,0
2026-06-19 17:08:11,591.58,250.0,244.0,100.0,0.0,1,260.0,255.0,100.0,0.0,1,260.0,255.0,100.0,0.0,1,0.0,0.0,100.0,0.0,0,0.0,0.0,100.0,0.0,0,0.0,0.0,100.0,0.0,0
2026-06-19 17:08:12,592.32,250.0,244.0,100.0,0.0,1,260.0,255.0,100.0,0.0,1,260.0,255.0,100.0,0.0,1,0.0,0.0,100.0,0.0,0,0.0,0.0,100.0,0.0,0,0.0,0.0,100.0,0.0,0
2026-06-19 17:08:13,593.07,250.0,244.0,100.0,0.0,1,260.0,255.0,100.0,0.0,1,260.0,255.0,100.0,0.0,1,0.0,0.0,100.0,0.0,0,0.0,0.0,100.0,0.0,0,0.0,0.0,100.0,0.0,0
2026-06-19 17:08:14,593.85,250.0,244.0,100.0,0.0,1,260.0,255.0,100.0,0.0,1,260.0,255.0,100.0,0.0,1,0.0,0.0,100.0,0.0,0,0.0,0.0,100.0,0.0,0,0.0,0.0,100.0,0.0,0
2026-06-19 17:08:14,594.58,250.0,244.0,100.0,0.0,1,260.0,255.0,100.0,0.0,1,260.0,255.0,100.0,0.0,1,0.0,0.0,100.0,0.0,0,0.0,0.0,100.0,0.0,0,0.0,0.0,100.0,0.0,0
2026-06-19 17:08:15,595.32,250.0,244.0,100.0,0.0,1,260.0,255.0,100.0,0.0,1,260.0,255.0,100.0,0.0,1,0.0,0.0,100.0,0.0,0,0.0,0.0,100.0,0.0,0,0.0,0.0,100.0,0.0,0
2026-06-19 17:08:16,596.05,250.0,244.0,100.0,0.0,1,260.0,255.0,100.0,0.0,1,260.0,255.0,100.0,0.0,1,0.0,0.0,100.0,0.0,0,0.0,0.0,100.0,0.0,0,0.0,0.0,100.0,0.0,0
2026-06-19 17:08:17,596.79,250.0,244.0,100.0,0.0,1,260.0,255.0,100.0,0.0,1,260.0,255.0,100.0,0.0,1,0.0,0.0,100.0,0.0,0,0.0,0.0,100.0,0.0,0,0.0,0.0,100.0,0.0,0
2026-06-19 17:08:17,597.51,250.0,244.0,100.0,0.0,1,260.0,255.0,100.0,0.0,1,260.0,255.0,100.0,0.0,1,0.0,0.0,100.0,0.0,0,0.0,0.0,100.0,0.0,0,0.0,0.0,100.0,0.0,0
2026-06-19 17:08:18,598.25,250.0,244.0,100.0,0.0,1,260.0,255.0,100.0,0.0,1,260.0,255.0,100.0,0.0,1,0.0,0.0,100.0,0.0,0,0.0,0.0,100.0,0.0,0,0.0,0.0,100.0,0.0,0
2026-06-19 17:08:19,598.99,250.0,244.0,100.0,0.0,1,260.0,255.0,100.0,0.0,1,260.0,255.0,100.0,0.0,1,0.0,0.0,100.0,0.0,0,0.0,0.0,100.0,0.0,0,0.0,0.0,100.0,0.0,0
2026-06-19 17:08:19,599.72,250.0,244.0,100.0,0.0,1,260.0,255.0,100.0,0.0,1,260.0,255.0,100.0,0.0,1,0.0,0.0,100.0,0.0,0,0.0,0.0,100.0,0.0,0,0.0,0.0,100.0,0.0,0
2026-06-19 17:08:20,600.48,250.0,244.0,100.0,0.0,1,260.0,255.0,100.0,0.0,1,260.0,255.0,100.0,0.0,1,0.0,0.0,100.0,0.0,0,0.0,0.0,100.0,0.0,0,0.0,0.0,100.0,0.0,0
2026-06-19 17:08:21,601.23,250.0,244.0,100.0,0.0,1,260.0,255.0,100.0,0.0,1,260.0,255.0,100.0,0.0,1,0.0,0.0,100.0,0.0,0,0.0,0.0,100.0,0.0,0,0.0,0.0,100.0,0.0,0
2026-06-19 17:08:22,602.02,250.0,244.0,100.0,0.0,1,260.0,255.0,100.0,0.0,1,260.0,255.0,100.0,0.0,1,0.0,0.0,100.0,0.0,0,0.0,0.0,100.0,0.0,0,0.0,0.0,100.0,0.0,0
2026-06-19 17:08:23,602.78,250.0,244.0,100.0,0.0,1,260.0,255.0,100.0,0.0,1,260.0,255.0,100.0,0.0,1,0.0,0.0,100.0,0.0,0,0.0,0.0,100.0,0.0,0,0.0,0.0,100.0,0.0,0
2026-06-19 17:08:23,603.57,250.0,244.0,100.0,0.0,1,260.0,255.0,100.0,0.0,1,260.0,255.0,100.0,0.0,1,0.0,0.0,100.0,0.0,0,0.0,0.0,100.0,0.0,0,0.0,0.0,100.0,0.0,0
2026-06-19 17:08:24,604.35,250.0,244.0,100.0,0.0,1,260.0,255.0,100.0,0.0,1,260.0,255.0,100.0,0.0,1,0.0,0.0,100.0,0.0,0,0.0,0.0,100.0,0.0,0,0.0,0.0,100.0,0.0,0
2026-06-19 17:08:25,605.13,250.0,244.0,100.0,0.0,1,260.0,255.0,100.0,0.0,1,260.0,255.0,100.0,0.0,1,0.0,0.0,100.0,0.0,0,0.0,0.0,100.0,0.0,0,0.0,0.0,100.0,0.0,0
2026-06-19 17:08:26,605.88,250.0,244.0,100.0,0.0,1,260.0,255.0,100.0,0.0,1,260.0,255.0,100.0,0.0,1,0.0,0.0,100.0,0.0,0,0.0,0.0,100.0,0.0,0,0.0,0.0,100.0,0.0,0
2026-06-19 17:08:26,606.61,250.0,244.0,100.0,0.0,1,260.0,255.0,100.0,0.0,1,260.0,255.0,100.0,0.0,1,0.0,0.0,100.0,0.0,0,0.0,0.0,100.0,0.0,0,0.0,0.0,100.0,0.0,0
2026-06-19 17:08:27,607.36,250.0,244.0,100.0,0.0,1,260.0,255.0,100.0,0.0,1,260.0,255.0,100.0,0.0,1,0.0,0.0,100.0,0.0,0,0.0,0.0,100.0,0.0,0,0.0,0.0,100.0,0.0,0
2026-06-19 17:08:28,608.16,250.0,244.0,100.0,0.0,1,260.0,255.0,100.0,0.0,1,260.0,255.0,100.0,0.0,1,0.0,0.0,100.0,0.0,0,0.0,0.0,100.0,0.0,0,0.0,0.0,100.0,0.0,0
2026-06-19 17:08:29,608.92,250.0,244.0,100.0,0.0,1,260.0,255.0,100.0,0.0,1,260.0,255.0,100.0,0.0,1,0.0,0.0,100.0,0.0,0,0.0,0.0,100.0,0.0,0,0.0,0.0,100.0,0.0,0
2026-06-19 17:08:29,609.72,250.0,244.0,100.0,0.0,1,260.0,255.0,100.0,0.0,1,260.0,255.0,100.0,0.0,1,0.0,0.0,100.0,0.0,0,0.0,0.0,100.0,0.0,0,0.0,0.0,100.0,0.0,0
2026-06-19 17:08:30,610.44,250.0,244.0,100.0,0.0,1,260.0,255.0,100.0,0.0,1,260.0,255.0,100.0,0.0,1,0.0,0.0,100.0,0.0,0,0.0,0.0,100.0,0.0,0,0.0,0.0,100.0,0.0,0
2026-06-19 17:08:31,611.2,250.0,244.0,100.0,0.0,1,260.0,255.0,100.0,0.0,1,260.0,255.0,100.0,0.0,1,0.0,0.0,100.0,0.0,0,0.0,0.0,100.0,0.0,0,0.0,0.0,100.0,0.0,0
2026-06-19 17:08:32,611.93,250.0,244.0,100.0,0.0,1,260.0,255.0,100.0,0.0,1,260.0,255.0,100.0,0.0,1,0.0,0.0,100.0,0.0,0,0.0,0.0,100.0,0.0,0,0.0,0.0,100.0,0.0,0
2026-06-19 17:08:32,612.67,250.0,244.0,100.0,0.0,1,260.0,255.0,100.0,0.0,1,260.0,255.0,100.0,0.0,1,0.0,0.0,100.0,0.0,0,0.0,0.0,100.0,0.0,0,0.0,0.0,100.0,0.0,0
2026-06-19 17:08:33,613.39,250.0,244.0,100.0,0.0,1,260.0,255.0,100.0,0.0,1,260.0,255.0,100.0,0.0,1,0.0,0.0,100.0,0.0,0,0.0,0.0,100.0,0.0,0,0.0,0.0,100.0,0.0,0
2026-06-19 17:08:34,614.12,250.0,244.0,100.0,0.0,1,260.0,255.0,100.0,0.0,1,260.0,255.0,100.0,0.0,1,0.0,0.0,100.0,0.0,0,0.0,0.0,100.0,0.0,0,0.0,0.0,100.0,0.0,0
2026-06-19 17:08:35,614.87,250.0,244.0,100.0,0.0,1,260.0,255.0,100.0,0.0,1,260.0,255.0,100.0,0.0,1,0.0,0.0,100.0,0.0,0,0.0,0.0,100.0,0.0,0,0.0,0.0,100.0,0.0,0
2026-06-19 17:08:35,615.61,250.0,244.0,100.0,0.0,1,260.0,255.0,100.0,0.0,1,260.0,255.0,100.0,0.0,1,0.0,0.0,100.0,0.0,0,0.0,0.0,100.0,0.0,0,0.0,0.0,100.0,0.0,0
2026-06-19 17:08:36,616.34,250.0,244.0,100.0,0.0,1,260.0,255.0,100.0,0.0,1,260.0,255.0,100.0,0.0,1,0.0,0.0,100.0,0.0,0,0.0,0.0,100.0,0.0,0,0.0,0.0,100.0,0.0,0
2026-06-19 17:08:37,617.07,250.0,244.0,100.0,0.0,1,260.0,255.0,100.0,0.0,1,260.0,255.0,100.0,0.0,1,0.0,0.0,100.0,0.0,0,0.0,0.0,100.0,0.0,0,0.0,0.0,100.0,0.0,0
2026-06-19 17:08:38,617.79,250.0,244.0,100.0,0.0,1,260.0,255.0,100.0,0.0,1,260.0,255.0,100.0,0.0,1,0.0,0.0,100.0,0.0,0,0.0,0.0,100.0,0.0,0,0.0,0.0,100.0,0.0,0
2026-06-19 17:08:38,618.53,250.0,244.0,100.0,0.0,1,260.0,255.0,100.0,0.0,1,260.0,255.0,100.0,0.0,1,0.0,0.0,100.0,0.0,0,0.0,0.0,100.0,0.0,0,0.0,0.0,100.0,0.0,0
2026-06-19 17:08:39,619.28,250.0,244.0,100.0,0.0,1,260.0,255.0,100.0,0.0,1,260.0,255.0,100.0,0.0,1,0.0,0.0,100.0,0.0,0,0.0,0.0,100.0,0.0,0,0.0,0.0,100.0,0.0,0
2026-06-19 17:08:40,620.08,250.0,244.0,100.0,0.0,1,260.0,255.0,100.0,0.0,1,260.0,255.0,100.0,0.0,1,0.0,0.0,100.0,0.0,0,0.0,0.0,100.0,0.0,0,0.0,0.0,100.0,0.0,0
2026-06-19 17:08:41,620.82,250.0,244.0,100.0,0.0,1,260.0,255.0,100.0,0.0,1,260.0,255.0,100.0,0.0,1,0.0,0.0,100.0,0.0,0,0.0,0.0,100.0,0.0,0,0.0,0.0,100.0,0.0,0
2026-06-19 17:08:41,621.57,250.0,244.0,100.0,0.0,1,260.0,255.0,100.0,0.0,1,260.0,255.0,100.0,0.0,1,0.0,0.0,100.0,0.0,0,0.0,0.0,100.0,0.0,0,0.0,0.0,100.0,0.0,0
2026-06-19 17:08:42,622.31,250.0,244.0,100.0,0.0,1,260.0,255.0,100.0,0.0,1,260.0,255.0,100.0,0.0,1,0.0,0.0,100.0,0.0,0,0.0,0.0,100.0,0.0,0,0.0,0.0,100.0,0.0,0
2026-06-19 17:08:43,623.04,250.0,244.0,100.0,0.0,1,260.0,255.0,100.0,0.0,1,260.0,255.0,100.0,0.0,1,0.0,0.0,100.0,0.0,0,0.0,0.0,100.0,0.0,0,0.0,0.0,100.0,0.0,0
2026-06-19 17:08:44,623.76,250.0,244.0,100.0,0.0,1,260.0,255.0,100.0,0.0,1,260.0,255.0,100.0,0.0,1,0.0,0.0,100.0,0.0,0,0.0,0.0,100.0,0.0,0,0.0,0.0,100.0,0.0,0
2026-06-19 17:08:44,624.5,250.0,244.0,100.0,0.0,1,260.0,255.0,100.0,0.0,1,260.0,255.0,100.0,0.0,1,0.0,0.0,100.0,0.0,0,0.0,0.0,100.0,0.0,0,0.0,0.0,100.0,0.0,0
2026-06-19 17:08:45,625.23,250.0,244.0,100.0,0.0,1,260.0,255.0,100.0,0.0,1,260.0,255.0,100.0,0.0,1,0.0,0.0,100.0,0.0,0,0.0,0.0,100.0,0.0,0,0.0,0.0,100.0,0.0,0
2026-06-19 17:08:46,625.96,250.0,244.0,100.0,0.0,1,260.0,255.0,100.0,0.0,1,260.0,255.0,100.0,0.0,1,0.0,0.0,100.0,0.0,0,0.0,0.0,100.0,0.0,0,0.0,0.0,100.0,0.0,0
2026-06-19 17:08:46,626.73,250.0,244.0,100.0,0.0,1,260.0,255.0,100.0,0.0,1,260.0,255.0,100.0,0.0,1,0.0,0.0,100.0,0.0,0,0.0,0.0,100.0,0.0,0,0.0,0.0,100.0,0.0,0
2026-06-19 17:08:47,627.46,250.0,244.0,100.0,0.0,1,260.0,255.0,100.0,0.0,1,260.0,255.0,100.0,0.0,1,0.0,0.0,100.0,0.0,0,0.0,0.0,100.0,0.0,0,0.0,0.0,100.0,0.0,0
2026-06-19 17:08:48,628.2,250.0,244.0,100.0,0.0,1,260.0,255.0,100.0,0.0,1,260.0,255.0,100.0,0.0,1,0.0,0.0,100.0,0.0,0,0.0,0.0,100.0,0.0,0,0.0,0.0,100.0,0.0,0
2026-06-19 17:08:49,628.94,250.0,244.0,100.0,0.0,1,260.0,255.0,100.0,0.0,1,260.0,255.0,100.0,0.0,1,0.0,0.0,100.0,0.0,0,0.0,0.0,100.0,0.0,0,0.0,0.0,100.0,0.0,0
2026-06-19 17:08:49,629.7,250.0,244.0,100.0,0.0,1,260.0,255.0,100.0,0.0,1,260.0,255.0,100.0,0.0,1,0.0,0.0,100.0,0.0,0,0.0,0.0,100.0,0.0,0,0.0,0.0,100.0,0.0,0
2026-06-19 17:08:50,630.47,250.0,244.0,100.0,0.0,1,260.0,255.0,100.0,0.0,1,260.0,255.0,100.0,0.0,1,0.0,0.0,100.0,0.0,0,0.0,0.0,100.0,0.0,0,0.0,0.0,100.0,0.0,0
2026-06-19 17:08:51,631.24,250.0,244.0,100.0,0.0,1,260.0,255.0,100.0,0.0,1,260.0,255.0,100.0,0.0,1,0.0,0.0,100.0,0.0,0,0.0,0.0,100.0,0.0,0,0.0,0.0,100.0,0.0,0
2026-06-19 17:08:52,632.01,250.0,244.0,100.0,0.0,1,260.0,255.0,100.0,0.0,1,260.0,255.0,100.0,0.0,1,0.0,0.0,100.0,0.0,0,0.0,0.0,100.0,0.0,0,0.0,0.0,100.0,0.0,0
2026-06-19 17:08:53,632.8,250.0,244.0,100.0,0.0,1,260.0,255.0,100.0,0.0,1,260.0,255.0,100.0,0.0,1,0.0,0.0,100.0,0.0,0,0.0,0.0,100.0,0.0,0,0.0,0.0,100.0,0.0,0
2026-06-19 17:08:53,633.57,250.0,244.0,100.0,0.0,1,260.0,255.0,100.0,0.0,1,260.0,255.0,100.0,0.0,1,0.0,0.0,100.0,0.0,0,0.0,0.0,100.0,0.0,0,0.0,0.0,100.0,0.0,0
2026-06-19 17:08:54,634.33,250.0,244.0,100.0,0.0,1,260.0,255.0,100.0,0.0,1,260.0,255.0,100.0,0.0,1,0.0,0.0,100.0,0.0,0,0.0,0.0,100.0,0.0,0,0.0,0.0,100.0,0.0,0
2026-06-19 17:08:55,635.1,250.0,244.0,100.0,0.0,1,260.0,255.0,100.0,0.0,1,260.0,255.0,100.0,0.0,1,0.0,0.0,100.0,0.0,0,0.0,0.0,100.0,0.0,0,0.0,0.0,100.0,0.0,0
2026-06-19 17:08:56,635.85,250.0,244.0,100.0,0.0,1,260.0,255.0,100.0,0.0,1,260.0,255.0,100.0,0.0,1,0.0,0.0,100.0,0.0,0,0.0,0.0,100.0,0.0,0,0.0,0.0,100.0,0.0,0
2026-06-19 17:08:56,636.58,250.0,244.0,100.0,0.0,1,260.0,255.0,100.0,0.0,1,260.0,255.0,100.0,0.0,1,0.0,0.0,100.0,0.0,0,0.0,0.0,100.0,0.0,0,0.0,0.0,100.0,0.0,0
2026-06-19 17:08:57,637.33,250.0,244.0,100.0,0.0,1,260.0,255.0,100.0,0.0,1,260.0,255.0,100.0,0.0,1,0.0,0.0,100.0,0.0,0,0.0,0.0,100.0,0.0,0,0.0,0.0,100.0,0.0,0
2026-06-19 17:08:58,638.08,250.0,244.0,100.0,0.0,1,260.0,255.0,100.0,0.0,1,260.0,255.0,100.0,0.0,1,0.0,0.0,100.0,0.0,0,0.0,0.0,100.0,0.0,0,0.0,0.0,100.0,0.0,0
2026-06-19 17:08:59,638.81,250.0,244.0,100.0,0.0,1,260.0,255.0,100.0,0.0,1,260.0,255.0,100.0,0.0,1,0.0,0.0,100.0,0.0,0,0.0,0.0,100.0,0.0,0,0.0,0.0,100.0,0.0,0
2026-06-19 17:08:59,639.56,250.0,244.0,100.0,0.0,1,260.0,255.0,100.0,0.0,1,260.0,255.0,100.0,0.0,1,0.0,0.0,100.0,0.0,0,0.0,0.0,100.0,0.0,0,0.0,0.0,100.0,0.0,0
2026-06-19 17:09:00,640.3,250.0,244.0,100.0,0.0,1,260.0,255.0,100.0,0.0,1,260.0,255.0,100.0,0.0,1,0.0,0.0,100.0,0.0,0,0.0,0.0,100.0,0.0,0,0.0,0.0,100.0,0.0,0
2026-06-19 17:09:01,641.04,250.0,244.0,100.0,0.0,1,260.0,255.0,100.0,0.0,1,260.0,255.0,100.0,0.0,1,0.0,0.0,100.0,0.0,0,0.0,0.0,100.0,0.0,0,0.0,0.0,100.0,0.0,0
2026-06-19 17:09:02,641.76,250.0,244.0,100.0,0.0,1,260.0,255.0,100.0,0.0,1,260.0,255.0,100.0,0.0,1,0.0,0.0,100.0,0.0,0,0.0,0.0,100.0,0.0,0,0.0,0.0,100.0,0.0,0
2026-06-19 17:09:02,642.54,250.0,244.0,100.0,0.0,1,260.0,255.0,100.0,0.0,1,260.0,255.0,100.0,0.0,1,0.0,0.0,100.0,0.0,0,0.0,0.0,100.0,0.0,0,0.0,0.0,100.0,0.0,0
2026-06-19 17:09:03,643.31,250.0,244.0,100.0,0.0,1,260.0,255.0,100.0,0.0,1,260.0,255.0,100.0,0.0,1,0.0,0.0,100.0,0.0,0,0.0,0.0,100.0,0.0,0,0.0,0.0,100.0,0.0,0
2026-06-19 17:09:04,644.06,250.0,244.0,100.0,0.0,1,260.0,255.0,100.0,0.0,1,260.0,255.0,100.0,0.0,1,0.0,0.0,100.0,0.0,0,0.0,0.0,100.0,0.0,0,0.0,0.0,100.0,0.0,0
2026-06-19 17:09:05,644.8,250.0,244.0,100.0,0.0,1,260.0,255.0,100.0,0.0,1,260.0,255.0,100.0,0.0,1,0.0,0.0,100.0,0.0,0,0.0,0.0,100.0,0.0,0,0.0,0.0,100.0,0.0,0
2026-06-19 17:09:05,645.62,250.0,244.0,100.0,0.0,1,260.0,255.0,100.0,0.0,1,260.0,255.0,100.0,0.0,1,0.0,0.0,100.0,0.0,0,0.0,0.0,100.0,0.0,0,0.0,0.0,100.0,0.0,0
2026-06-19 17:09:06,646.35,250.0,244.0,100.0,0.0,1,260.0,255.0,100.0,0.0,1,260.0,255.0,100.0,0.0,1,0.0,0.0,100.0,0.0,0,0.0,0.0,100.0,0.0,0,0.0,0.0,100.0,0.0,0
2026-06-19 17:09:07,647.09,250.0,244.0,100.0,0.0,1,260.0,255.0,100.0,0.0,1,260.0,255.0,100.0,0.0,1,0.0,0.0,100.0,0.0,0,0.0,0.0,100.0,0.0,0,0.0,0.0,100.0,0.0,0
2026-06-19 17:09:08,647.84,250.0,244.0,100.0,0.0,1,260.0,255.0,100.0,0.0,1,260.0,255.0,100.0,0.0,1,0.0,0.0,100.0,0.0,0,0.0,0.0,100.0,0.0,0,0.0,0.0,100.0,0.0,0
2026-06-19 17:09:08,648.58,250.0,244.0,100.0,0.0,1,260.0,255.0,100.0,0.0,1,260.0,255.0,100.0,0.0,1,0.0,0.0,100.0,0.0,0,0.0,0.0,100.0,0.0,0,0.0,0.0,100.0,0.0,0
2026-06-19 17:09:09,649.33,250.0,244.0,100.0,0.0,1,260.0,255.0,100.0,0.0,1,260.0,255.0,100.0,0.0,1,0.0,0.0,100.0,0.0,0,0.0,0.0,100.0,0.0,0,0.0,0.0,100.0,0.0,0
2026-06-19 17:09:10,650.09,250.0,244.0,100.0,0.0,1,260.0,255.0,100.0,0.0,1,260.0,255.0,100.0,0.0,1,0.0,0.0,100.0,0.0,0,0.0,0.0,100.0,0.0,0,0.0,0.0,100.0,0.0,0
2026-06-19 17:09:11,650.85,250.0,244.0,100.0,0.0,1,260.0,255.0,100.0,0.0,1,260.0,255.0,100.0,0.0,1,0.0,0.0,100.0,0.0,0,0.0,0.0,100.0,0.0,0,0.0,0.0,100.0,0.0,0
2026-06-19 17:09:11,651.6,250.0,244.0,100.0,0.0,1,260.0,255.0,100.0,0.0,1,260.0,255.0,100.0,0.0,1,0.0,0.0,100.0,0.0,0,0.0,0.0,100.0,0.0,0,0.0,0.0,100.0,0.0,0
2026-06-19 17:09:12,652.31,250.0,244.0,100.0,0.0,1,260.0,255.0,100.0,0.0,1,260.0,255.0,100.0,0.0,1,0.0,0.0,100.0,0.0,0,0.0,0.0,100.0,0.0,0,0.0,0.0,100.0,0.0,0
2026-06-19 17:09:13,653.08,250.0,244.0,100.0,0.0,1,260.0,255.0,100.0,0.0,1,260.0,255.0,100.0,0.0,1,0.0,0.0,100.0,0.0,0,0.0,0.0,100.0,0.0,0,0.0,0.0,100.0,0.0,0
2026-06-19 17:09:14,653.85,250.0,244.0,100.0,0.0,1,260.0,255.0,100.0,0.0,1,260.0,255.0,100.0,0.0,1,0.0,0.0,100.0,0.0,0,0.0,0.0,100.0,0.0,0,0.0,0.0,100.0,0.0,0
2026-06-19 17:09:14,654.6,250.0,244.0,100.0,0.0,1,260.0,255.0,100.0,0.0,1,260.0,255.0,100.0,0.0,1,0.0,0.0,100.0,0.0,0,0.0,0.0,100.0,0.0,0,0.0,0.0,100.0,0.0,0
2026-06-19 17:09:15,655.4,250.0,244.0,100.0,0.0,1,260.0,255.0,100.0,0.0,1,260.0,255.0,100.0,0.0,1,0.0,0.0,100.0,0.0,0,0.0,0.0,100.0,0.0,0,0.0,0.0,100.0,0.0,0
2026-06-19 17:09:16,656.17,250.0,244.0,100.0,0.0,1,260.0,255.0,100.0,0.0,1,260.0,255.0,100.0,0.0,1,0.0,0.0,100.0,0.0,0,0.0,0.0,100.0,0.0,0,0.0,0.0,100.0,0.0,0
2026-06-19 17:09:17,656.95,250.0,244.0,100.0,0.0,1,260.0,255.0,100.0,0.0,1,260.0,255.0,100.0,0.0,1,0.0,0.0,100.0,0.0,0,0.0,0.0,100.0,0.0,0,0.0,0.0,100.0,0.0,0
2026-06-19 17:09:17,657.72,250.0,244.0,100.0,0.0,1,260.0,255.0,100.0,0.0,1,260.0,255.0,100.0,0.0,1,0.0,0.0,100.0,0.0,0,0.0,0.0,100.0,0.0,0,0.0,0.0,100.0,0.0,0
2026-06-19 17:09:18,658.47,250.0,244.0,100.0,0.0,1,260.0,255.0,100.0,0.0,1,260.0,255.0,100.0,0.0,1,0.0,0.0,100.0,0.0,0,0.0,0.0,100.0,0.0,0,0.0,0.0,100.0,0.0,0
2026-06-19 17:09:19,659.24,250.0,244.0,100.0,0.0,1,260.0,255.0,100.0,0.0,1,260.0,255.0,100.0,0.0,1,0.0,0.0,100.0,0.0,0,0.0,0.0,100.0,0.0,0,0.0,0.0,100.0,0.0,0
2026-06-19 17:09:20,659.97,250.0,244.0,100.0,0.0,1,260.0,255.0,100.0,0.0,1,260.0,255.0,100.0,0.0,1,0.0,0.0,100.0,0.0,0,0.0,0.0,100.0,0.0,0,0.0,0.0,100.0,0.0,0
2026-06-19 17:09:20,660.71,250.0,244.0,100.0,0.0,1,260.0,255.0,100.0,0.0,1,260.0,255.0,100.0,0.0,1,0.0,0.0,100.0,0.0,0,0.0,0.0,100.0,0.0,0,0.0,0.0,100.0,0.0,0
2026-06-19 17:09:21,661.45,250.0,244.0,100.0,0.0,1,260.0,255.0,100.0,0.0,1,260.0,255.0,100.0,0.0,1,0.0,0.0,100.0,0.0,0,0.0,0.0,100.0,0.0,0,0.0,0.0,100.0,0.0,0
2026-06-19 17:09:22,662.21,250.0,244.0,100.0,0.0,1,260.0,255.0,100.0,0.0,1,260.0,255.0,100.0,0.0,1,0.0,0.0,100.0,0.0,0,0.0,0.0,100.0,0.0,0,0.0,0.0,100.0,0.0,0
2026-06-19 17:09:23,662.96,250.0,244.0,100.0,0.0,1,260.0,255.0,100.0,0.0,1,260.0,255.0,100.0,0.0,1,0.0,0.0,100.0,0.0,0,0.0,0.0,100.0,0.0,0,0.0,0.0,100.0,0.0,0
2026-06-19 17:09:23,663.68,250.0,244.0,100.0,0.0,1,260.0,255.0,100.0,0.0,1,260.0,255.0,100.0,0.0,1,0.0,0.0,100.0,0.0,0,0.0,0.0,100.0,0.0,0,0.0,0.0,100.0,0.0,0
2026-06-19 17:09:24,664.42,250.0,244.0,100.0,0.0,1,260.0,255.0,100.0,0.0,1,260.0,255.0,100.0,0.0,1,0.0,0.0,100.0,0.0,0,0.0,0.0,100.0,0.0,0,0.0,0.0,100.0,0.0,0
2026-06-19 17:09:25,665.17,250.0,244.0,100.0,0.0,1,260.0,255.0,100.0,0.0,1,260.0,255.0,100.0,0.0,1,0.0,0.0,100.0,0.0,0,0.0,0.0,100.0,0.0,0,0.0,0.0,100.0,0.0,0
2026-06-19 17:09:26,665.9,250.0,244.0,100.0,0.0,1,260.0,255.0,100.0,0.0,1,260.0,255.0,100.0,0.0,1,0.0,0.0,100.0,0.0,0,0.0,0.0,100.0,0.0,0,0.0,0.0,100.0,0.0,0
2026-06-19 17:09:26,666.64,250.0,244.0,100.0,0.0,1,260.0,255.0,100.0,0.0,1,260.0,255.0,100.0,0.0,1,0.0,0.0,100.0,0.0,0,0.0,0.0,100.0,0.0,0,0.0,0.0,100.0,0.0,0
2026-06-19 17:09:27,667.37,250.0,244.0,100.0,0.0,1,260.0,255.0,100.0,0.0,1,260.0,255.0,100.0,0.0,1,0.0,0.0,100.0,0.0,0,0.0,0.0,100.0,0.0,0,0.0,0.0,100.0,0.0,0
2026-06-19 17:09:28,668.12,250.0,244.0,100.0,0.0,1,260.0,255.0,100.0,0.0,1,260.0,255.0,100.0,0.0,1,0.0,0.0,100.0,0.0,0,0.0,0.0,100.0,0.0,0,0.0,0.0,100.0,0.0,0
2026-06-19 17:09:29,668.87,250.0,244.0,100.0,0.0,1,260.0,255.0,100.0,0.0,1,260.0,255.0,100.0,0.0,1,0.0,0.0,100.0,0.0,0,0.0,0.0,100.0,0.0,0,0.0,0.0,100.0,0.0,0
2026-06-19 17:09:29,669.6,250.0,244.0,100.0,0.0,1,260.0,255.0,100.0,0.0,1,260.0,255.0,100.0,0.0,1,0.0,0.0,100.0,0.0,0,0.0,0.0,100.0,0.0,0,0.0,0.0,100.0,0.0,0
2026-06-19 17:09:30,670.32,250.0,244.0,100.0,0.0,1,260.0,255.0,100.0,0.0,1,260.0,255.0,100.0,0.0,1,0.0,0.0,100.0,0.0,0,0.0,0.0,100.0,0.0,0,0.0,0.0,100.0,0.0,0
2026-06-19 17:09:31,671.06,250.0,244.0,100.0,0.0,1,260.0,255.0,100.0,0.0,1,260.0,255.0,100.0,0.0,1,0.0,0.0,100.0,0.0,0,0.0,0.0,100.0,0.0,0,0.0,0.0,100.0,0.0,0
2026-06-19 17:09:32,671.82,250.0,244.0,100.0,0.0,1,260.0,255.0,100.0,0.0,1,260.0,255.0,100.0,0.0,1,0.0,0.0,100.0,0.0,0,0.0,0.0,100.0,0.0,0,0.0,0.0,100.0,0.0,0
2026-06-19 17:09:32,672.6,250.0,244.0,100.0,0.0,1,260.0,255.0,100.0,0.0,1,260.0,255.0,100.0,0.0,1,0.0,0.0,100.0,0.0,0,0.0,0.0,100.0,0.0,0,0.0,0.0,100.0,0.0,0
2026-06-19 17:09:33,673.54,0.0,244.0,100.0,0.0,1,0.0,255.0,100.0,0.0,1,0.0,255.0,100.0,0.0,1,0.0,0.0,100.0,0.0,0,0.0,0.0,100.0,0.0,0,0.0,0.0,100.0,0.0,0
2026-06-19 17:09:34,674.3,0.0,241.0,100.0,0.0,1,0.0,251.0,100.0,0.0,1,0.0,252.0,100.0,0.0,1,0.0,0.0,100.0,0.0,0,0.0,0.0,100.0,0.0,0,0.0,0.0,100.0,0.0,0
2026-06-19 17:09:35,675.06,0.0,234.0,100.0,0.0,1,0.0,245.0,100.0,0.0,1,0.0,246.0,100.0,0.0,1,0.0,0.0,100.0,0.0,0,0.0,0.0,100.0,0.0,0,0.0,0.0,100.0,0.0,0
2026-06-19 17:09:36,675.8,0.0,228.0,100.0,0.0,1,0.0,239.0,100.0,0.0,1,0.0,240.0,100.0,0.0,1,0.0,0.0,100.0,0.0,0,0.0,0.0,100.0,0.0,0,0.0,0.0,100.0,0.0,0
2026-06-19 17:09:36,676.53,0.0,216.0,100.0,0.0,1,0.0,226.0,100.0,0.0,1,0.0,228.0,100.0,0.0,1,0.0,0.0,100.0,0.0,0,0.0,0.0,100.0,0.0,0,0.0,0.0,100.0,0.0,0
2026-06-19 17:09:37,677.26,0.0,209.0,100.0,0.0,1,0.0,220.0,100.0,0.0,1,0.0,222.0,100.0,0.0,1,0.0,0.0,100.0,0.0,0,0.0,0.0,100.0,0.0,0,0.0,0.0,100.0,0.0,0
2026-06-19 17:09:38,678.03,0.0,203.0,100.0,0.0,1,0.0,214.0,100.0,0.0,1,0.0,215.0,100.0,0.0,1,0.0,0.0,100.0,0.0,0,0.0,0.0,100.0,0.0,0,0.0,0.0,100.0,0.0,0
2026-06-19 17:09:39,678.76,0.0,197.0,100.0,0.0,1,0.0,208.0,100.0,0.0,1,0.0,209.0,100.0,0.0,1,0.0,0.0,100.0,0.0,0,0.0,0.0,100.0,0.0,0,0.0,0.0,100.0,0.0,0
2026-06-19 17:09:39,679.54,0.0,191.0,100.0,0.0,1,0.0,201.0,100.0,0.0,1,0.0,203.0,100.0,0.0,1,0.0,0.0,100.0,0.0,0,0.0,0.0,100.0,0.0,0,0.0,0.0,100.0,0.0,0
2026-06-19 17:09:40,680.27,0.0,184.0,100.0,0.0,1,0.0,195.0,100.0,0.0,1,0.0,197.0,100.0,0.0,1,0.0,0.0,100.0,0.0,0,0.0,0.0,100.0,0.0,0,0.0,0.0,100.0,0.0,0
2026-06-19 17:09:41,681.01,0.0,178.0,100.0,0.0,1,0.0,189.0,100.0,0.0,1,0.0,190.0,100.0,0.0,1,0.0,0.0,100.0,0.0,0,0.0,0.0,100.0,0.0,0,0.0,0.0,100.0,0.0,0
2026-06-19 17:09:42,681.77,0.0,166.0,100.0,0.0,1,0.0,176.0,100.0,0.0,1,0.0,178.0,100.0,0.0,1,0.0,0.0,100.0,0.0,0,0.0,0.0,100.0,0.0,0,0.0,0.0,100.0,0.0,0
2026-06-19 17:09:42,682.51,0.0,160.0,100.0,0.0,1,0.0,170.0,100.0,0.0,1,0.0,172.0,100.0,0.0,1,0.0,0.0,100.0,0.0,0,0.0,0.0,100.0,0.0,0,0.0,0.0,100.0,0.0,0
2026-06-19 17:09:43,683.25,0.0,154.0,100.0,0.0,1,0.0,164.0,100.0,0.0,1,0.0,166.0,100.0,0.0,1,0.0,0.0,100.0,0.0,0,0.0,0.0,100.0,0.0,0,0.0,0.0,100.0,0.0,0
2026-06-19 17:09:44,684.02,0.0,141.0,100.0,0.0,1,0.0,151.0,100.0,0.0,1,0.0,153.0,100.0,0.0,1,0.0,0.0,100.0,0.0,0,0.0,0.0,100.0,0.0,0,0.0,0.0,100.0,0.0,0
2026-06-19 17:09:45,684.78,0.0,135.0,100.0,0.0,1,0.0,145.0,100.0,0.0,1,0.0,147.0,100.0,0.0,1,0.0,0.0,100.0,0.0,0,0.0,0.0,100.0,0.0,0,0.0,0.0,100.0,0.0,0
2026-06-19 17:09:45,685.51,0.0,129.0,100.0,0.0,1,0.0,139.0,100.0,0.0,1,0.0,141.0,100.0,0.0,1,0.0,0.0,100.0,0.0,0,0.0,0.0,100.0,0.0,0,0.0,0.0,100.0,0.0,0
2026-06-19 17:09:46,686.27,0.0,123.0,100.0,0.0,1,0.0,132.0,100.0,0.0,1,0.0,135.0,100.0,0.0,1,0.0,0.0,100.0,0.0,0,0.0,0.0,100.0,0.0,0,0.0,0.0,100.0,0.0,0
2026-06-19 17:09:47,687.04,0.0,116.0,100.0,0.0,1,0.0,126.0,100.0,0.0,1,0.0,128.0,100.0,0.0,1,0.0,0.0,100.0,0.0,0,0.0,0.0,100.0,0.0,0,0.0,0.0,100.0,0.0,0
2026-06-19 17:09:48,687.79,0.0,110.0,100.0,0.0,1,0.0,120.0,100.0,0.0,1,0.0,122.0,100.0,0.0,1,0.0,0.0,100.0,0.0,0,0.0,0.0,100.0,0.0,0,0.0,0.0,100.0,0.0,0
2026-06-19 17:09:48,688.51,0.0,104.0,100.0,0.0,1,0.0,114.0,100.0,0.0,1,0.0,116.0,100.0,0.0,1,0.0,0.0,100.0,0.0,0,0.0,0.0,100.0,0.0,0,0.0,0.0,100.0,0.0,0
2026-06-19 17:09:49,689.25,0.0,99.0,100.0,0.0,1,0.0,107.0,100.0,0.0,1,0.0,110.0,100.0,0.0,1,0.0,0.0,100.0,0.0,0,0.0,0.0,100.0,0.0,0,0.0,0.0,100.0,0.0,0
2026-06-19 17:09:50,689.99,0.0,86.0,100.0,0.0,1,0.0,95.0,100.0,0.0,1,0.0,98.0,100.0,0.0,1,0.0,0.0,100.0,0.0,0,0.0,0.0,100.0,0.0,0,0.0,0.0,100.0,0.0,0
2026-06-19 17:09:50,690.73,0.0,73.0,100.0,0.0,1,0.0,84.0,100.0,0.0,1,0.0,87.0,100.0,0.0,1,0.0,0.0,100.0,0.0,0,0.0,0.0,100.0,0.0,0,0.0,0.0,100.0,0.0,0
2026-06-19 17:09:51,691.45,0.0,67.0,100.0,0.0,1,0.0,85.0,100.0,0.0,1,0.0,84.0,100.0,0.0,1,0.0,0.0,100.0,0.0,0,0.0,0.0,100.0,0.0,0,0.0,0.0,100.0,0.0,0
2026-06-19 17:09:52,692.19,0.0,61.0,100.0,0.0,1,0.0,69.0,100.0,0.0,1,0.0,71.0,100.0,0.0,1,0.0,0.0,100.0,0.0,0,0.0,0.0,100.0,0.0,0,0.0,0.0,100.0,0.0,0
2026-06-19 17:09:53,692.93,0.0,55.0,100.0,0.0,1,0.0,63.0,100.0,0.0,1,0.0,65.0,100.0,0.0,1,0.0,0.0,100.0,0.0,0,0.0,0.0,100.0,0.0,0,0.0,0.0,100.0,0.0,0
2026-06-19 17:09:53,693.67,0.0,48.0,100.0,0.0,1,0.0,57.0,100.0,0.0,1,0.0,59.0,100.0,0.0,1,0.0,0.0,100.0,0.0,0,0.0,0.0,100.0,0.0,0,0.0,0.0,100.0,0.0,0
2026-06-19 17:09:54,694.43,0.0,42.0,100.0,0.0,1,0.0,50.0,100.0,0.0,1,0.0,53.0,100.0,0.0,1,0.0,0.0,100.0,0.0,0,0.0,0.0,100.0,0.0,0,0.0,0.0,100.0,0.0,0
2026-06-19 17:09:55,695.17,0.0,39.0,100.0,0.0,1,0.0,44.0,100.0,0.0,1,0.0,47.0,100.0,0.0,1,0.0,0.0,100.0,0.0,0,0.0,0.0,100.0,0.0,0,0.0,0.0,100.0,0.0,0
2026-06-19 17:09:56,695.9,0.0,32.0,100.0,0.0,1,0.0,41.0,100.0,0.0,1,0.0,41.0,100.0,0.0,1,0.0,0.0,100.0,0.0,0,0.0,0.0,100.0,0.0,0,0.0,0.0,100.0,0.0,0
2026-06-19 17:09:56,696.62,0.0,27.0,100.0,0.0,1,0.0,33.0,100.0,0.0,1,0.0,38.0,100.0,0.0,1,0.0,0.0,100.0,0.0,0,0.0,0.0,100.0,0.0,0,0.0,0.0,100.0,0.0,0
2026-06-19 17:09:57,697.36,0.0,22.0,100.0,0.0,1,0.0,27.0,100.0,0.0,1,0.0,30.0,100.0,0.0,1,0.0,0.0,100.0,0.0,0,0.0,0.0,100.0,0.0,0,0.0,0.0,100.0,0.0,0
2026-06-19 17:09:58,698.09,0.0,18.0,100.0,0.0,1,0.0,22.0,100.0,0.0,1,0.0,25.0,100.0,0.0,1,0.0,0.0,100.0,0.0,0,0.0,0.0,100.0,0.0,0,0.0,0.0,100.0,0.0,0
2026-06-19 17:09:59,698.8,0.0,12.0,100.0,0.0,1,0.0,15.0,100.0,0.0,1,0.0,17.0,100.0,0.0,1,0.0,0.0,100.0,0.0,0,0.0,0.0,100.0,0.0,0,0.0,0.0,100.0,0.0,0
2026-06-19 17:09:59,699.57,0.0,10.0,100.0,0.0,1,0.0,12.0,100.0,0.0,1,0.0,14.0,100.0,0.0,1,0.0,0.0,100.0,0.0,0,0.0,0.0,100.0,0.0,0,0.0,0.0,100.0,0.0,0
2026-06-19 17:10:00,700.31,0.0,7.0,100.0,0.0,1,0.0,8.0,100.0,0.0,1,0.0,9.0,100.0,0.0,1,0.0,0.0,100.0,0.0,0,0.0,0.0,100.0,0.0,0,0.0,0.0,100.0,0.0,0
2026-06-19 17:10:01,701.07,0.0,5.0,100.0,0.0,1,0.0,6.0,100.0,0.0,1,0.0,8.0,100.0,0.0,1,0.0,0.0,100.0,0.0,0,0.0,0.0,100.0,0.0,0,0.0,0.0,100.0,0.0,0
2026-06-19 17:10:02,701.83,0.0,5.0,100.0,0.0,1,0.0,5.0,100.0,0.0,1,0.0,7.0,100.0,0.0,1,0.0,0.0,100.0,0.0,0,0.0,0.0,100.0,0.0,0,0.0,0.0,100.0,0.0,0
2026-06-19 17:10:02,702.56,0.0,4.0,100.0,0.0,1,0.0,4.0,100.0,0.0,1,0.0,6.0,100.0,0.0,1,0.0,0.0,100.0,0.0,0,0.0,0.0,100.0,0.0,0,0.0,0.0,100.0,0.0,0
2026-06-19 17:10:03,703.3,0.0,3.0,100.0,0.0,1,0.0,4.0,100.0,0.0,1,0.0,5.0,100.0,0.0,1,0.0,0.0,100.0,0.0,0,0.0,0.0,100.0,0.0,0,0.0,0.0,100.0,0.0,0
2026-06-19 17:10:04,704.08,0.0,3.0,100.0,0.0,1,0.0,3.0,100.0,0.0,1,0.0,4.0,100.0,0.0,1,0.0,0.0,100.0,0.0,0,0.0,0.0,100.0,0.0,0,0.0,0.0,100.0,0.0,0
2026-06-19 17:10:05,704.84,0.0,2.0,100.0,0.0,1,0.0,2.0,100.0,0.0,1,0.0,3.0,100.0,0.0,1,0.0,0.0,100.0,0.0,0,0.0,0.0,100.0,0.0,0,0.0,0.0,100.0,0.0,0
2026-06-19 17:10:05,705.6,0.0,2.0,100.0,0.0,1,0.0,2.0,100.0,0.0,1,0.0,3.0,100.0,0.0,1,0.0,0.0,100.0,0.0,0,0.0,0.0,100.0,0.0,0,0.0,0.0,100.0,0.0,0
2026-06-19 17:10:06,706.38,0.0,1.0,100.0,0.0,1,0.0,1.0,100.0,0.0,1,0.0,2.0,100.0,0.0,1,0.0,0.0,100.0,0.0,0,0.0,0.0,100.0,0.0,0,0.0,0.0,100.0,0.0,0
2026-06-19 17:10:07,707.12,0.0,1.0,100.0,0.0,1,0.0,1.0,100.0,0.0,1,0.0,2.0,100.0,0.0,1,0.0,0.0,100.0,0.0,0,0.0,0.0,100.0,0.0,0,0.0,0.0,100.0,0.0,0
2026-06-19 17:10:08,707.84,0.0,1.0,100.0,0.0,1,0.0,1.0,100.0,0.0,1,0.0,1.0,100.0,0.0,1,0.0,0.0,100.0,0.0,0,0.0,0.0,100.0,0.0,0,0.0,0.0,100.0,0.0,0
2026-06-19 17:10:08,708.58,0.0,0.0,100.0,0.0,1,0.0,1.0,100.0,0.0,1,0.0,1.0,100.0,0.0,1,0.0,0.0,100.0,0.0,0,0.0,0.0,100.0,0.0,0,0.0,0.0,100.0,0.0,0
2026-06-19 17:10:09,709.32,0.0,0.0,100.0,0.0,1,0.0,0.0,100.0,0.0,1,0.0,1.0,100.0,0.0,1,0.0,0.0,100.0,0.0,0,0.0,0.0,100.0,0.0,0,0.0,0.0,100.0,0.0,0
2026-06-19 17:10:10,710.05,0.0,0.0,100.0,0.0,1,0.0,0.0,100.0,0.0,1,0.0,1.0,100.0,0.0,1,0.0,0.0,100.0,0.0,0,0.0,0.0,100.0,0.0,0,0.0,0.0,100.0,0.0,0
2026-06-19 17:10:11,710.82,0.0,0.0,100.0,0.0,1,0.0,0.0,100.0,0.0,1,0.0,1.0,100.0,0.0,1,0.0,0.0,100.0,0.0,0,0.0,0.0,100.0,0.0,0,0.0,0.0,100.0,0.0,0
2026-06-19 17:10:11,711.56,0.0,0.0,100.0,0.0,1,0.0,0.0,100.0,0.0,1,0.0,1.0,100.0,0.0,1,0.0,0.0,100.0,0.0,0,0.0,0.0,100.0,0.0,0,0.0,0.0,100.0,0.0,0
2026-06-19 17:10:12,712.34,0.0,0.0,100.0,0.0,1,0.0,0.0,100.0,0.0,1,0.0,1.0,100.0,0.0,1,0.0,0.0,100.0,0.0,0,0.0,0.0,100.0,0.0,0,0.0,0.0,100.0,0.0,0
2026-06-19 17:10:13,713.08,0.0,0.0,100.0,0.0,1,0.0,0.0,100.0,0.0,1,0.0,1.0,100.0,0.0,1,0.0,0.0,100.0,0.0,0,0.0,0.0,100.0,0.0,0,0.0,0.0,100.0,0.0,0
2026-06-19 17:10:14,713.85,0.0,0.0,100.0,0.0,1,0.0,0.0,100.0,0.0,1,0.0,1.0,100.0,0.0,1,0.0,0.0,100.0,0.0,0,0.0,0.0,100.0,0.0,0,0.0,0.0,100.0,0.0,0
2026-06-19 17:10:14,714.57,0.0,0.0,100.0,0.0,1,0.0,0.0,100.0,0.0,1,0.0,1.0,100.0,0.0,1,0.0,0.0,100.0,0.0,0,0.0,0.0,100.0,0.0,0,0.0,0.0,100.0,0.0,0
2026-06-19 17:10:15,715.35,0.0,0.0,100.0,0.0,1,0.0,0.0,100.0,0.0,1,0.0,1.0,100.0,0.0,1,0.0,0.0,100.0,0.0,0,0.0,0.0,100.0,0.0,0,0.0,0.0,100.0,0.0,0
2026-06-19 17:10:16,716.11,0.0,0.0,100.0,0.0,1,0.0,0.0,100.0,0.0,1,0.0,1.0,100.0,0.0,1,0.0,0.0,100.0,0.0,0,0.0,0.0,100.0,0.0,0,0.0,0.0,100.0,0.0,0
2026-06-19 17:10:17,716.88,0.0,0.0,100.0,0.0,1,0.0,0.0,100.0,0.0,1,0.0,1.0,100.0,0.0,1,0.0,0.0,100.0,0.0,0,0.0,0.0,100.0,0.0,0,0.0,0.0,100.0,0.0,0
2026-06-19 17:10:17,717.66,0.0,0.0,100.0,0.0,1,0.0,0.0,100.0,0.0,1,0.0,1.0,100.0,0.0,1,0.0,0.0,100.0,0.0,0,0.0,0.0,100.0,0.0,0,0.0,0.0,100.0,0.0,0
2026-06-19 17:10:18,718.39,0.0,0.0,100.0,0.0,1,0.0,0.0,100.0,0.0,1,0.0,1.0,100.0,0.0,1,0.0,0.0,100.0,0.0,0,0.0,0.0,100.0,0.0,0,0.0,0.0,100.0,0.0,0
2026-06-19 17:10:19,719.19,0.0,0.0,100.0,0.0,1,0.0,0.0,100.0,0.0,1,0.0,0.0,100.0,0.0,1,0.0,0.0,100.0,0.0,0,0.0,0.0,100.0,0.0,0,0.0,0.0,100.0,0.0,0
2026-06-19 17:10:20,719.94,0.0,0.0,100.0,0.0,1,0.0,0.0,100.0,0.0,1,0.0,0.0,100.0,0.0,1,0.0,0.0,100.0,0.0,0,0.0,0.0,100.0,0.0,0,0.0,0.0,100.0,0.0,0
2026-06-19 17:10:20,720.71,0.0,0.0,100.0,0.0,1,0.0,0.0,100.0,0.0,1,0.0,0.0,100.0,0.0,1,0.0,0.0,100.0,0.0,0,0.0,0.0,100.0,0.0,0,0.0,0.0,100.0,0.0,0
2026-06-19 17:10:21,721.61,0.0,0.0,100.0,0.0,1,0.0,0.0,100.0,0.0,1,0.0,0.0,100.0,0.0,1,0.0,0.0,100.0,0.0,0,0.0,0.0,100.0,0.0,0,0.0,0.0,100.0,0.0,0
2026-06-19 17:10:22,722.35,0.0,0.0,100.0,0.0,1,0.0,0.0,100.0,0.0,1,0.0,0.0,100.0,0.0,1,0.0,0.0,100.0,0.0,0,0.0,0.0,100.0,0.0,0,0.0,0.0,100.0,0.0,0
2026-06-19 17:10:23,723.09,0.0,0.0,100.0,0.0,1,0.0,0.0,100.0,0.0,1,0.0,0.0,100.0,0.0,1,0.0,0.0,100.0,0.0,0,0.0,0.0,100.0,0.0,0,0.0,0.0,100.0,0.0,0
2026-06-19 17:10:24,723.83,0.0,0.0,100.0,0.0,1,0.0,0.0,100.0,0.0,1,0.0,0.0,100.0,0.0,1,0.0,0.0,100.0,0.0,0,0.0,0.0,100.0,0.0,0,0.0,0.0,100.0,0.0,0
2026-06-19 17:10:24,724.59,0.0,0.0,100.0,0.0,1,0.0,0.0,100.0,0.0,1,0.0,0.0,100.0,0.0,1,0.0,0.0,100.0,0.0,0,0.0,0.0,100.0,0.0,0,0.0,0.0,100.0,0.0,0
2026-06-19 17:10:25,725.37,0.0,0.0,100.0,0.0,1,0.0,0.0,100.0,0.0,1,0.0,0.0,100.0,0.0,1,0.0,0.0,100.0,0.0,0,0.0,0.0,100.0,0.0,0,0.0,0.0,100.0,0.0,0
2026-06-19 17:10:26,726.09,0.0,0.0,100.0,0.0,1,0.0,0.0,100.0,0.0,1,0.0,0.0,100.0,0.0,1,0.0,0.0,100.0,0.0,0,0.0,0.0,100.0,0.0,0,0.0,0.0,100.0,0.0,0
2026-06-19 17:10:27,726.82,0.0,0.0,100.0,0.0,1,0.0,0.0,100.0,0.0,1,0.0,0.0,100.0,0.0,1,0.0,0.0,100.0,0.0,0,0.0,0.0,100.0,0.0,0,0.0,0.0,100.0,0.0,0
2026-06-19 17:10:27,727.54,0.0,0.0,100.0,0.0,1,0.0,0.0,100.0,0.0,1,0.0,0.0,100.0,0.0,1,0.0,0.0,100.0,0.0,0,0.0,0.0,100.0,0.0,0,0.0,0.0,100.0,0.0,0
2026-06-19 17:10:28,728.28,0.0,0.0,100.0,0.0,1,0.0,0.0,100.0,0.0,1,0.0,0.0,100.0,0.0,1,0.0,0.0,100.0,0.0,0,0.0,0.0,100.0,0.0,0,0.0,0.0,100.0,0.0,0
2026-06-19 17:10:29,729.06,0.0,0.0,100.0,0.0,1,0.0,0.0,100.0,0.0,1,0.0,0.0,100.0,0.0,1,0.0,0.0,100.0,0.0,0,0.0,0.0,100.0,0.0,0,0.0,0.0,100.0,0.0,0
2026-06-19 17:10:30,729.84,0.0,0.0,100.0,0.0,1,0.0,0.0,100.0,0.0,1,0.0,0.0,100.0,0.0,1,0.0,0.0,100.0,0.0,0,0.0,0.0,100.0,0.0,0,0.0,0.0,100.0,0.0,0
2026-06-19 17:10:30,730.56,0.0,0.0,100.0,0.0,1,0.0,0.0,100.0,0.0,1,0.0,0.0,100.0,0.0,1,0.0,0.0,100.0,0.0,0,0.0,0.0,100.0,0.0,0,0.0,0.0,100.0,0.0,0
2026-06-19 17:10:31,731.33,0.0,0.0,100.0,0.0,1,0.0,0.0,100.0,0.0,1,0.0,0.0,100.0,0.0,1,0.0,0.0,100.0,0.0,0,0.0,0.0,100.0,0.0,0,0.0,0.0,100.0,0.0,0
2026-06-19 17:10:32,732.07,0.0,0.0,100.0,0.0,1,0.0,0.0,100.0,0.0,1,0.0,0.0,100.0,0.0,1,0.0,0.0,100.0,0.0,0,0.0,0.0,100.0,0.0,0,0.0,0.0,100.0,0.0,0
2026-06-19 17:10:33,732.84,0.0,0.0,100.0,0.0,0,0.0,0.0,100.0,0.0,1,0.0,0.0,100.0,0.0,1,0.0,0.0,100.0,0.0,0,0.0,0.0,100.0,0.0,0,0.0,0.0,100.0,0.0,0
2026-06-19 17:10:33,733.57,0.0,0.0,100.0,0.0,0,0.0,0.0,100.0,0.0,1,0.0,0.0,100.0,0.0,1,0.0,0.0,100.0,0.0,0,0.0,0.0,100.0,0.0,0,0.0,0.0,100.0,0.0,0
2026-06-19 17:10:34,734.3,0.0,0.0,100.0,0.0,0,0.0,0.0,100.0,0.0,1,0.0,0.0,100.0,0.0,1,0.0,0.0,100.0,0.0,0,0.0,0.0,100.0,0.0,0,0.0,0.0,100.0,0.0,0
2026-06-19 17:10:35,735.04,0.0,0.0,100.0,0.0,0,0.0,0.0,100.0,0.0,1,0.0,0.0,100.0,0.0,0,0.0,0.0,100.0,0.0,0,0.0,0.0,100.0,0.0,0,0.0,0.0,100.0,0.0,0
2026-06-19 17:10:36,735.79,0.0,0.0,100.0,0.0,0,0.0,0.0,100.0,0.0,1,0.0,0.0,100.0,0.0,0,0.0,0.0,100.0,0.0,0,0.0,0.0,100.0,0.0,0,0.0,0.0,100.0,0.0,0
2026-06-19 17:10:36,736.55,0.0,0.0,100.0,0.0,0,0.0,0.0,100.0,0.0,0,0.0,0.0,100.0,0.0,0,0.0,0.0,100.0,0.0,0,0.0,0.0,100.0,0.0,0,0.0,0.0,100.0,0.0,0
2026-06-19 17:10:37,737.31,0.0,0.0,100.0,0.0,0,0.0,0.0,100.0,0.0,0,0.0,0.0,100.0,0.0,0,0.0,0.0,100.0,0.0,0,0.0,0.0,100.0,0.0,0,0.0,0.0,100.0,0.0,0
2026-06-19 17:10:38,738.05,0.0,0.0,100.0,0.0,0,0.0,0.0,100.0,0.0,0,0.0,0.0,100.0,0.0,0,0.0,0.0,100.0,0.0,0,0.0,0.0,100.0,0.0,0,0.0,0.0,100.0,0.0,0
2026-06-19 17:10:39,738.78,0.0,0.0,100.0,0.0,0,0.0,0.0,100.0,0.0,0,0.0,0.0,100.0,0.0,0,0.0,0.0,100.0,0.0,0,0.0,0.0,100.0,0.0,0,0.0,0.0,100.0,0.0,0
2026-06-19 17:10:39,739.52,0.0,0.0,100.0,0.0,0,0.0,0.0,100.0,0.0,0,0.0,0.0,100.0,0.0,0,0.0,0.0,100.0,0.0,0,0.0,0.0,100.0,0.0,0,0.0,0.0,100.0,0.0,0
2026-06-19 17:10:40,740.27,0.0,0.0,100.0,0.0,0,0.0,0.0,100.0,0.0,0,0.0,0.0,100.0,0.0,0,0.0,0.0,100.0,0.0,0,0.0,0.0,100.0,0.0,0,0.0,0.0,100.0,0.0,0
2026-06-19 17:10:41,741.01,0.0,0.0,100.0,0.0,0,0.0,0.0,100.0,0.0,0,0.0,0.0,100.0,0.0,0,0.0,0.0,100.0,0.0,0,0.0,0.0,100.0,0.0,0,0.0,0.0,100.0,0.0,0
2026-06-19 17:10:42,741.75,0.0,0.0,100.0,0.0,0,0.0,0.0,100.0,0.0,0,0.0,0.0,100.0,0.0,0,0.0,0.0,100.0,0.0,0,0.0,0.0,100.0,0.0,0,0.0,0.0,100.0,0.0,0
2026-06-19 17:10:42,742.48,0.0,0.0,100.0,0.0,0,0.0,0.0,100.0,0.0,0,0.0,0.0,100.0,0.0,0,0.0,0.0,100.0,0.0,0,0.0,0.0,100.0,0.0,0,0.0,0.0,100.0,0.0,0
2026-06-19 17:10:43,743.23,0.0,0.0,100.0,0.0,0,0.0,0.0,100.0,0.0,0,0.0,0.0,100.0,0.0,0,0.0,0.0,100.0,0.0,0,0.0,0.0,100.0,0.0,0,0.0,0.0,100.0,0.0,0
