Timestamp,Elapsed,ch0_setV,ch0_monV,ch0_setI,ch0_monI,ch0_status,ch1_setV,ch1_monV,ch1_setI,ch1_monI,ch1_status,ch2_setV,ch2_monV,ch2_setI,ch2_monI,ch2_status,ch3_setV,ch3_monV,ch3_setI,ch3_monI,ch3_status,ch4_setV,ch4_monV,ch4_setI,ch4_monI,ch4_status,ch5_setV,ch5_monV,ch5_setI,ch5_monI,ch5_status
2026-03-23 15:40:43,10.03,0.0,1.0,20.0,0.0,0,0.0,0.0,20.0,0.0,0,0.0,0.0,10.0,0.0,0,0.0,0.0,10.0,0.0,0,0.0,0.0,10.0,0.0,0,0.0,1.0,10.0,0.0,0
2026-03-23 15:40:44,11.42,0.0,1.0,20.0,0.0,0,0.0,0.0,20.0,0.0,0,0.0,0.0,10.0,0.0,0,0.0,0.0,10.0,0.0,0,0.0,0.0,10.0,0.0,0,0.0,1.0,10.0,0.0,0
2026-03-23 15:40:46,12.98,0.0,1.0,20.0,0.0,0,0.0,0.0,20.0,0.0,0,0.0,0.0,10.0,0.0,0,0.0,0.0,10.0,0.0,0,0.0,0.0,10.0,0.0,0,0.0,1.0,10.0,0.0,0
2026-03-23 15:40:47,14.41,0.0,1.0,20.0,0.0,0,0.0,0.0,20.0,0.0,0,0.0,0.0,10.0,0.0,0,0.0,0.0,10.0,0.0,0,0.0,0.0,10.0,0.0,0,0.0,1.0,10.0,0.0,0
2026-03-23 15:40:48,15.63,0.0,1.0,20.0,0.0,0,0.0,0.0,20.0,0.0,0,0.0,0.0,10.0,0.0,0,0.0,0.0,10.0,0.0,0,0.0,0.0,10.0,0.0,0,0.0,1.0,10.0,0.0,0
2026-03-23 15:40:50,16.9,0.0,1.0,20.0,0.0,0,0.0,0.0,20.0,0.0,0,0.0,0.0,10.0,0.0,0,0.0,0.0,10.0,0.0,0,0.0,0.0,10.0,0.0,0,0.0,1.0,10.0,0.0,0
2026-03-23 15:40:51,18.19,0.0,1.0,20.0,0.0,0,0.0,0.0,20.0,0.0,0,0.0,0.0,10.0,0.0,0,0.0,0.0,10.0,0.0,0,0.0,0.0,10.0,0.0,0,0.0,1.0,10.0,0.0,0
2026-03-23 15:40:52,19.48,0.0,1.0,20.0,0.0,0,0.0,0.0,20.0,0.0,0,0.0,0.0,10.0,0.0,0,0.0,0.0,10.0,0.0,0,0.0,0.0,10.0,0.0,0,0.0,1.0,10.0,0.0,0
2026-03-23 15:40:54,20.67,0.0,1.0,20.0,0.0,0,0.0,0.0,20.0,0.0,0,0.0,0.0,10.0,0.0,0,0.0,0.0,10.0,0.0,0,0.0,0.0,10.0,0.0,0,0.0,1.0,10.0,0.0,0
2026-03-23 15:40:55,22.09,0.0,1.0,20.0,0.0,0,0.0,0.0,20.0,0.0,0,0.0,0.0,10.0,0.0,0,0.0,0.0,10.0,0.0,0,0.0,0.0,10.0,0.0,0,0.0,1.0,10.0,0.0,0
2026-03-23 15:40:56,23.62,0.0,1.0,20.0,0.0,0,0.0,0.0,20.0,0.0,0,0.0,0.0,10.0,0.0,0,0.0,0.0,10.0,0.0,0,0.0,0.0,10.0,0.0,0,0.0,1.0,10.0,0.0,0
2026-03-23 15:40:58,25.2,0.0,1.0,20.0,0.0,0,0.0,0.0,20.0,0.0,0,0.0,0.0,10.0,0.0,0,0.0,0.0,10.0,0.0,0,0.0,0.0,10.0,0.0,0,0.0,1.0,10.0,0.0,0
2026-03-23 15:40:59,26.47,0.0,1.0,20.0,0.0,0,0.0,0.0,20.0,0.0,0,0.0,0.0,10.0,0.0,0,0.0,0.0,10.0,0.0,0,0.0,0.0,10.0,0.0,0,0.0,1.0,10.0,0.0,0
2026-03-23 15:41:00,27.58,0.0,1.0,20.0,0.0,0,0.0,0.0,20.0,0.0,0,0.0,0.0,10.0,0.0,0,0.0,0.0,10.0,0.0,0,0.0,0.0,10.0,0.0,0,0.0,1.0,10.0,0.0,0
2026-03-23 15:41:02,28.72,0.0,1.0,20.0,0.0,0,0.0,0.0,20.0,0.0,0,0.0,0.0,10.0,0.0,0,0.0,0.0,10.0,0.0,0,0.0,0.0,10.0,0.0,0,0.0,1.0,10.0,0.0,0
2026-03-23 15:41:03,30.0,0.0,1.0,20.0,0.0,0,0.0,0.0,20.0,0.0,0,0.0,0.0,10.0,0.0,0,0.0,0.0,10.0,0.0,0,0.0,0.0,10.0,0.0,0,0.0,1.0,10.0,0.0,0
2026-03-23 15:41:04,31.19,0.0,1.0,20.0,0.0,0,0.0,0.0,20.0,0.0,0,0.0,0.0,10.0,0.0,0,0.0,0.0,10.0,0.0,0,0.0,0.0,10.0,0.0,0,0.0,1.0,10.0,0.0,0
2026-03-23 15:41:05,32.32,0.0,1.0,20.0,0.0,0,0.0,0.0,20.0,0.0,0,0.0,0.0,10.0,0.0,0,0.0,0.0,10.0,0.0,0,0.0,0.0,10.0,0.0,0,0.0,1.0,10.0,0.0,0
2026-03-23 15:41:07,33.92,0.0,1.0,20.0,0.0,0,0.0,0.0,20.0,0.0,0,0.0,0.0,10.0,0.0,0,0.0,0.0,10.0,0.0,0,0.0,0.0,10.0,0.0,0,0.0,1.0,10.0,0.0,0
2026-03-23 15:41:08,35.41,0.0,1.0,20.0,0.0,0,0.0,0.0,20.0,0.0,0,0.0,0.0,10.0,0.0,0,0.0,0.0,10.0,0.0,0,0.0,0.0,10.0,0.0,0,0.0,1.0,10.0,0.0,0
2026-03-23 15:41:10,36.99,0.0,1.0,20.0,0.0,0,0.0,0.0,20.0,0.0,0,0.0,0.0,10.0,0.0,0,0.0,0.0,10.0,0.0,0,0.0,0.0,10.0,0.0,0,0.0,1.0,10.0,0.0,0
2026-03-23 15:41:11,38.22,0.0,1.0,20.0,0.0,0,0.0,0.0,20.0,0.0,0,0.0,0.0,10.0,0.0,0,0.0,0.0,10.0,0.0,0,0.0,0.0,10.0,0.0,0,0.0,1.0,10.0,0.0,0
2026-03-23 15:41:12,39.54,0.0,1.0,20.0,0.0,0,0.0,0.0,20.0,0.0,0,0.0,0.0,10.0,0.0,0,0.0,0.0,10.0,0.0,0,0.0,0.0,10.0,0.0,0,0.0,1.0,10.0,0.0,0
2026-03-23 15:41:13,40.62,0.0,1.0,20.0,0.0,0,0.0,0.0,20.0,0.0,0,0.0,0.0,10.0,0.0,0,0.0,0.0,10.0,0.0,0,0.0,0.0,10.0,0.0,0,0.0,1.0,10.0,0.0,0
2026-03-23 15:41:15,41.72,0.0,1.0,20.0,0.0,0,0.0,0.0,20.0,0.0,0,0.0,0.0,10.0,0.0,0,0.0,0.0,10.0,0.0,0,0.0,0.0,10.0,0.0,0,0.0,1.0,10.0,0.0,0
2026-03-23 15:41:16,42.82,0.0,1.0,20.0,0.0,0,0.0,0.0,20.0,0.0,0,0.0,0.0,10.0,0.0,0,0.0,0.0,10.0,0.0,0,0.0,0.0,10.0,0.0,0,0.0,1.0,10.0,0.0,0
2026-03-23 15:41:17,43.88,0.0,1.0,20.0,0.0,0,0.0,0.0,20.0,0.0,0,0.0,0.0,10.0,0.0,0,0.0,0.0,10.0,0.0,0,0.0,0.0,10.0,0.0,0,0.0,1.0,10.0,0.0,0
2026-03-23 15:41:18,45.1,0.0,1.0,20.0,0.0,0,0.0,0.0,20.0,0.0,0,0.0,0.0,10.0,0.0,0,0.0,0.0,10.0,0.0,0,0.0,0.0,10.0,0.0,0,0.0,1.0,10.0,0.0,0
2026-03-23 15:41:19,46.4,0.0,1.0,20.0,0.0,0,0.0,0.0,20.0,0.0,0,0.0,0.0,10.0,0.0,0,0.0,0.0,10.0,0.0,0,0.0,0.0,10.0,0.0,0,0.0,1.0,10.0,0.0,0
2026-03-23 15:41:21,47.67,0.0,1.0,20.0,0.0,0,0.0,0.0,20.0,0.0,0,0.0,0.0,10.0,0.0,0,0.0,0.0,10.0,0.0,0,0.0,0.0,10.0,0.0,0,0.0,1.0,10.0,0.0,0
2026-03-23 15:41:22,48.8,0.0,1.0,20.0,0.0,0,0.0,0.0,20.0,0.0,0,0.0,0.0,10.0,0.0,0,0.0,0.0,10.0,0.0,0,0.0,0.0,10.0,0.0,0,0.0,1.0,10.0,0.0,0
2026-03-23 15:41:23,49.84,0.0,1.0,20.0,0.0,0,0.0,0.0,20.0,0.0,0,0.0,0.0,10.0,0.0,0,0.0,0.0,10.0,0.0,0,0.0,0.0,10.0,0.0,0,0.0,1.0,10.0,0.0,0
2026-03-23 15:41:24,51.06,0.0,1.0,20.0,0.0,0,0.0,0.0,20.0,0.0,0,0.0,0.0,10.0,0.0,0,0.0,0.0,10.0,0.0,0,0.0,0.0,10.0,0.0,0,0.0,1.0,10.0,0.0,0
2026-03-23 15:41:25,52.48,0.0,1.0,20.0,0.0,0,0.0,0.0,20.0,0.0,0,0.0,0.0,10.0,0.0,0,0.0,0.0,10.0,0.0,0,0.0,0.0,10.0,0.0,0,0.0,1.0,10.0,0.0,0
2026-03-23 15:41:26,53.54,0.0,1.0,20.0,0.0,0,0.0,0.0,20.0,0.0,0,0.0,0.0,10.0,0.0,0,0.0,0.0,10.0,0.0,0,0.0,0.0,10.0,0.0,0,0.0,1.0,10.0,0.0,0
2026-03-23 15:41:28,54.87,0.0,1.0,20.0,0.0,0,0.0,0.0,20.0,0.0,0,0.0,0.0,10.0,0.0,0,0.0,0.0,10.0,0.0,0,0.0,0.0,10.0,0.0,0,0.0,1.0,10.0,0.0,0
2026-03-23 15:41:29,56.12,0.0,1.0,20.0,0.0,0,0.0,0.0,20.0,0.0,0,0.0,0.0,10.0,0.0,0,0.0,0.0,10.0,0.0,0,0.0,0.0,10.0,0.0,0,0.0,1.0,10.0,0.0,0
2026-03-23 15:41:30,57.23,0.0,1.0,20.0,0.0,0,0.0,0.0,20.0,0.0,0,0.0,0.0,10.0,0.0,0,0.0,0.0,10.0,0.0,0,0.0,0.0,10.0,0.0,0,0.0,1.0,10.0,0.0,0
2026-03-23 15:41:31,58.33,0.0,1.0,20.0,0.0,0,0.0,0.0,20.0,0.0,0,0.0,0.0,10.0,0.0,0,0.0,0.0,10.0,0.0,0,0.0,0.0,10.0,0.0,0,0.0,1.0,10.0,0.0,0
2026-03-23 15:41:32,59.41,0.0,1.0,20.0,0.0,0,0.0,0.0,20.0,0.0,0,0.0,0.0,10.0,0.0,0,0.0,0.0,10.0,0.0,0,0.0,0.0,10.0,0.0,0,0.0,1.0,10.0,0.0,0
2026-03-23 15:41:33,60.57,0.0,1.0,20.0,0.0,0,0.0,0.0,20.0,0.0,0,0.0,0.0,10.0,0.0,0,0.0,0.0,10.0,0.0,0,0.0,0.0,10.0,0.0,0,0.0,1.0,10.0,0.0,0
2026-03-23 15:41:35,61.84,0.0,1.0,20.0,0.0,0,0.0,0.0,20.0,0.0,0,0.0,0.0,10.0,0.0,0,0.0,0.0,10.0,0.0,0,0.0,0.0,10.0,0.0,0,0.0,1.0,10.0,0.0,0
2026-03-23 15:41:36,62.94,0.0,1.0,20.0,0.0,0,0.0,0.0,20.0,0.0,0,0.0,0.0,10.0,0.0,0,0.0,0.0,10.0,0.0,0,0.0,0.0,10.0,0.0,0,0.0,1.0,10.0,0.0,0
2026-03-23 15:41:37,64.14,0.0,1.0,20.0,0.0,0,0.0,0.0,20.0,0.0,0,0.0,0.0,10.0,0.0,0,0.0,0.0,10.0,0.0,0,0.0,0.0,10.0,0.0,0,0.0,1.0,10.0,0.0,0
2026-03-23 15:41:38,65.4,0.0,1.0,20.0,0.0,0,0.0,0.0,20.0,0.0,0,0.0,0.0,10.0,0.0,0,0.0,0.0,10.0,0.0,0,0.0,0.0,10.0,0.0,0,0.0,1.0,10.0,0.0,0
2026-03-23 15:41:39,66.63,0.0,1.0,20.0,0.0,0,0.0,0.0,20.0,0.0,0,0.0,0.0,10.0,0.0,0,0.0,0.0,10.0,0.0,0,0.0,0.0,10.0,0.0,0,0.0,1.0,10.0,0.0,0
2026-03-23 15:41:41,68.03,0.0,1.0,20.0,0.0,0,0.0,0.0,20.0,0.0,0,0.0,0.0,10.0,0.0,0,0.0,0.0,10.0,0.0,0,0.0,0.0,10.0,0.0,0,0.0,1.0,10.0,0.0,0
2026-03-23 15:41:42,69.26,0.0,1.0,20.0,0.0,0,0.0,0.0,20.0,0.0,0,0.0,0.0,10.0,0.0,0,0.0,0.0,10.0,0.0,0,0.0,0.0,10.0,0.0,0,0.0,1.0,10.0,0.0,0
2026-03-23 15:41:43,70.5,0.0,1.0,20.0,0.0,0,0.0,0.0,20.0,0.0,0,0.0,0.0,10.0,0.0,0,0.0,0.0,10.0,0.0,0,0.0,0.0,10.0,0.0,0,0.0,1.0,10.0,0.0,0
2026-03-23 15:41:45,71.75,0.0,1.0,20.0,0.0,0,0.0,0.0,20.0,0.0,0,0.0,0.0,10.0,0.0,0,0.0,0.0,10.0,0.0,0,0.0,0.0,10.0,0.0,0,0.0,1.0,10.0,0.0,0
2026-03-23 15:41:46,72.93,0.0,1.0,20.0,0.0,0,0.0,0.0,20.0,0.0,0,0.0,0.0,10.0,0.0,0,0.0,0.0,10.0,0.0,0,0.0,0.0,10.0,0.0,0,0.0,1.0,10.0,0.0,0
2026-03-23 15:41:47,74.15,0.0,1.0,20.0,0.0,0,0.0,0.0,20.0,0.0,0,0.0,0.0,10.0,0.0,0,0.0,0.0,10.0,0.0,0,0.0,0.0,10.0,0.0,0,0.0,1.0,10.0,0.0,0
2026-03-23 15:41:48,75.39,0.0,1.0,20.0,0.0,0,0.0,0.0,20.0,0.0,0,0.0,0.0,10.0,0.0,0,0.0,0.0,10.0,0.0,0,0.0,0.0,10.0,0.0,0,0.0,1.0,10.0,0.0,0
2026-03-23 15:41:49,76.55,0.0,1.0,20.0,0.0,0,0.0,0.0,20.0,0.0,0,0.0,0.0,10.0,0.0,0,0.0,0.0,10.0,0.0,0,0.0,0.0,10.0,0.0,0,0.0,1.0,10.0,0.0,0
2026-03-23 15:41:51,77.75,0.0,1.0,20.0,0.0,0,0.0,0.0,20.0,0.0,0,0.0,0.0,10.0,0.0,0,0.0,0.0,10.0,0.0,0,0.0,0.0,10.0,0.0,0,0.0,1.0,10.0,0.0,0
2026-03-23 15:41:52,78.93,0.0,1.0,20.0,0.0,0,0.0,0.0,20.0,0.0,0,0.0,0.0,10.0,0.0,0,0.0,0.0,10.0,0.0,0,0.0,0.0,10.0,0.0,0,0.0,1.0,10.0,0.0,0
2026-03-23 15:41:53,80.08,0.0,1.0,20.0,0.0,0,0.0,0.0,20.0,0.0,0,0.0,0.0,10.0,0.0,0,0.0,0.0,10.0,0.0,0,0.0,0.0,10.0,0.0,0,0.0,1.0,10.0,0.0,0
2026-03-23 15:41:54,81.27,0.0,1.0,20.0,0.0,0,0.0,0.0,20.0,0.0,0,0.0,0.0,10.0,0.0,0,0.0,0.0,10.0,0.0,0,0.0,0.0,10.0,0.0,0,0.0,1.0,10.0,0.0,0
2026-03-23 15:41:55,82.4,0.0,1.0,20.0,0.0,0,0.0,0.0,20.0,0.0,0,0.0,0.0,10.0,0.0,0,0.0,0.0,10.0,0.0,0,0.0,0.0,10.0,0.0,0,0.0,1.0,10.0,0.0,0
2026-03-23 15:41:57,83.65,0.0,1.0,20.0,0.0,0,0.0,0.0,20.0,0.0,0,0.0,0.0,10.0,0.0,0,0.0,0.0,10.0,0.0,0,0.0,0.0,10.0,0.0,0,0.0,1.0,10.0,0.0,0
2026-03-23 15:41:58,84.88,0.0,1.0,20.0,0.0,0,0.0,0.0,20.0,0.0,0,0.0,0.0,10.0,0.0,0,0.0,0.0,10.0,0.0,0,0.0,0.0,10.0,0.0,0,0.0,1.0,10.0,0.0,0
2026-03-23 15:41:59,86.26,0.0,1.0,20.0,0.0,0,0.0,0.0,20.0,0.0,0,0.0,0.0,10.0,0.0,0,0.0,0.0,10.0,0.0,0,0.0,0.0,10.0,0.0,0,0.0,1.0,10.0,0.0,0
2026-03-23 15:42:00,87.39,0.0,1.0,20.0,0.0,0,0.0,0.0,20.0,0.0,0,0.0,0.0,10.0,0.0,0,0.0,0.0,10.0,0.0,0,0.0,0.0,10.0,0.0,0,0.0,1.0,10.0,0.0,0
2026-03-23 15:42:01,88.5,0.0,1.0,20.0,0.0,0,0.0,0.0,20.0,0.0,0,0.0,0.0,10.0,0.0,0,0.0,0.0,10.0,0.0,0,0.0,0.0,10.0,0.0,0,0.0,1.0,10.0,0.0,0
2026-03-23 15:42:03,89.73,0.0,1.0,20.0,0.0,0,0.0,0.0,20.0,0.0,0,0.0,0.0,10.0,0.0,0,0.0,0.0,10.0,0.0,0,0.0,0.0,10.0,0.0,0,0.0,1.0,10.0,0.0,0
2026-03-23 15:42:04,90.87,0.0,1.0,20.0,0.0,0,0.0,0.0,20.0,0.0,0,0.0,0.0,10.0,0.0,0,0.0,0.0,10.0,0.0,0,0.0,0.0,10.0,0.0,0,0.0,1.0,10.0,0.0,0
2026-03-23 15:42:05,92.13,0.0,1.0,20.0,0.0,0,0.0,0.0,20.0,0.0,0,0.0,0.0,10.0,0.0,0,0.0,0.0,10.0,0.0,0,0.0,0.0,10.0,0.0,0,0.0,1.0,10.0,0.0,0
2026-03-23 15:42:06,93.24,0.0,1.0,20.0,0.0,0,0.0,0.0,20.0,0.0,0,0.0,0.0,10.0,0.0,0,0.0,0.0,10.0,0.0,0,0.0,0.0,10.0,0.0,0,0.0,1.0,10.0,0.0,0
2026-03-23 15:42:07,94.41,0.0,1.0,20.0,0.0,0,0.0,0.0,20.0,0.0,0,0.0,0.0,10.0,0.0,0,0.0,0.0,10.0,0.0,0,0.0,0.0,10.0,0.0,0,0.0,1.0,10.0,0.0,0
2026-03-23 15:42:08,95.55,0.0,1.0,20.0,0.0,0,0.0,0.0,20.0,0.0,0,0.0,0.0,10.0,0.0,0,0.0,0.0,10.0,0.0,0,0.0,0.0,10.0,0.0,0,0.0,1.0,10.0,0.0,0
2026-03-23 15:42:10,97.02,0.0,1.0,20.0,0.0,0,0.0,0.0,20.0,0.0,0,0.0,0.0,10.0,0.0,0,0.0,0.0,10.0,0.0,0,0.0,0.0,10.0,0.0,0,0.0,1.0,10.0,0.0,0
2026-03-23 15:42:12,98.65,0.0,1.0,20.0,0.0,0,0.0,0.0,20.0,0.0,0,0.0,0.0,10.0,0.0,0,0.0,0.0,10.0,0.0,0,0.0,0.0,10.0,0.0,0,0.0,1.0,10.0,0.0,0
2026-03-23 15:42:13,100.58,0.0,1.0,20.0,0.0,0,0.0,0.0,20.0,0.0,0,0.0,0.0,10.0,0.0,0,0.0,0.0,10.0,0.0,0,0.0,0.0,10.0,0.0,0,0.0,1.0,10.0,0.0,0
2026-03-23 15:42:15,102.23,0.0,1.0,20.0,0.0,0,0.0,0.0,20.0,0.0,0,0.0,0.0,10.0,0.0,0,0.0,0.0,10.0,0.0,0,0.0,0.0,10.0,0.0,0,0.0,1.0,10.0,0.0,0
2026-03-23 15:42:16,103.57,0.0,1.0,20.0,0.0,0,0.0,0.0,20.0,0.0,0,0.0,0.0,10.0,0.0,0,0.0,0.0,10.0,0.0,0,0.0,0.0,10.0,0.0,0,0.0,1.0,10.0,0.0,0
2026-03-23 15:42:18,105.16,0.0,1.0,20.0,0.0,0,0.0,0.0,20.0,0.0,0,0.0,0.0,10.0,0.0,0,0.0,0.0,10.0,0.0,0,0.0,0.0,10.0,0.0,0,0.0,1.0,10.0,0.0,0
2026-03-23 15:42:20,106.72,0.0,1.0,20.0,0.0,0,0.0,0.0,20.0,0.0,0,0.0,0.0,10.0,0.0,0,0.0,0.0,10.0,0.0,0,0.0,0.0,10.0,0.0,0,0.0,1.0,10.0,0.0,0
2026-03-23 15:42:21,108.29,0.0,1.0,20.0,0.0,0,0.0,0.0,20.0,0.0,0,0.0,0.0,10.0,0.0,0,0.0,0.0,10.0,0.0,0,0.0,0.0,10.0,0.0,0,0.0,1.0,10.0,0.0,0
2026-03-23 15:42:23,110.06,0.0,1.0,20.0,0.0,0,0.0,0.0,20.0,0.0,0,0.0,0.0,10.0,0.0,0,0.0,0.0,10.0,0.0,0,0.0,0.0,10.0,0.0,0,0.0,1.0,10.0,0.0,0
2026-03-23 15:42:25,111.72,0.0,1.0,20.0,0.0,0,0.0,0.0,20.0,0.0,0,0.0,0.0,10.0,0.0,0,0.0,0.0,10.0,0.0,0,0.0,0.0,10.0,0.0,0,0.0,1.0,10.0,0.0,0
2026-03-23 15:42:26,113.29,0.0,1.0,20.0,0.0,0,0.0,0.0,20.0,0.0,0,0.0,0.0,10.0,0.0,0,0.0,0.0,10.0,0.0,0,0.0,0.0,10.0,0.0,0,0.0,1.0,10.0,0.0,0
2026-03-23 15:42:28,114.9,0.0,1.0,20.0,0.0,0,0.0,0.0,20.0,0.0,0,0.0,0.0,10.0,0.0,0,0.0,0.0,10.0,0.0,0,0.0,0.0,10.0,0.0,0,0.0,1.0,10.0,0.0,0
2026-03-23 15:42:29,116.51,0.0,1.0,20.0,0.0,0,0.0,0.0,20.0,0.0,0,0.0,0.0,10.0,0.0,0,0.0,0.0,10.0,0.0,0,0.0,0.0,10.0,0.0,0,0.0,1.0,10.0,0.0,0
2026-03-23 15:42:31,117.97,0.0,1.0,20.0,0.0,0,0.0,0.0,20.0,0.0,0,0.0,0.0,10.0,0.0,0,0.0,0.0,10.0,0.0,0,0.0,0.0,10.0,0.0,0,0.0,1.0,10.0,0.0,0
2026-03-23 15:42:32,118.78,0.0,1.0,20.0,0.0,0,0.0,0.0,20.0,0.0,0,0.0,0.0,10.0,0.0,0,0.0,0.0,10.0,0.0,0,0.0,0.0,10.0,0.0,0,0.0,1.0,10.0,0.0,0
2026-03-23 15:42:32,119.5,0.0,1.0,20.0,0.0,0,0.0,0.0,20.0,0.0,0,0.0,0.0,10.0,0.0,0,0.0,0.0,10.0,0.0,0,0.0,0.0,10.0,0.0,0,0.0,1.0,10.0,0.0,0
2026-03-23 15:42:33,120.27,0.0,1.0,20.0,0.0,0,0.0,0.0,20.0,0.0,0,0.0,0.0,10.0,0.0,0,0.0,0.0,10.0,0.0,0,0.0,0.0,10.0,0.0,0,0.0,1.0,10.0,0.0,0
2026-03-23 15:42:34,121.02,0.0,1.0,20.0,0.0,0,0.0,0.0,20.0,0.0,0,0.0,0.0,10.0,0.0,0,0.0,0.0,10.0,0.0,0,0.0,0.0,10.0,0.0,0,0.0,1.0,10.0,0.0,0
2026-03-23 15:42:35,121.77,0.0,1.0,20.0,0.0,0,0.0,0.0,20.0,0.0,0,0.0,0.0,10.0,0.0,0,0.0,0.0,10.0,0.0,0,0.0,0.0,10.0,0.0,0,0.0,1.0,10.0,0.0,0
2026-03-23 15:42:35,122.52,0.0,1.0,20.0,0.0,0,0.0,0.0,20.0,0.0,0,0.0,0.0,10.0,0.0,0,0.0,0.0,10.0,0.0,0,0.0,0.0,10.0,0.0,0,0.0,1.0,10.0,0.0,0
2026-03-23 15:42:36,123.29,0.0,1.0,20.0,0.0,0,0.0,0.0,20.0,0.0,0,0.0,0.0,10.0,0.0,0,0.0,0.0,10.0,0.0,0,0.0,0.0,10.0,0.0,0,0.0,1.0,10.0,0.0,0
2026-03-23 15:42:37,124.02,0.0,1.0,20.0,0.0,0,0.0,0.0,20.0,0.0,0,0.0,0.0,10.0,0.0,0,0.0,0.0,10.0,0.0,0,0.0,0.0,10.0,0.0,0,0.0,1.0,10.0,0.0,0
2026-03-23 15:42:38,124.8,0.0,1.0,20.0,0.0,0,0.0,0.0,20.0,0.0,0,0.0,0.0,10.0,0.0,0,0.0,0.0,10.0,0.0,0,0.0,0.0,10.0,0.0,0,0.0,1.0,10.0,0.0,0
2026-03-23 15:42:38,125.53,0.0,1.0,20.0,0.0,0,0.0,0.0,20.0,0.0,0,0.0,0.0,10.0,0.0,0,0.0,0.0,10.0,0.0,0,0.0,0.0,10.0,0.0,0,0.0,1.0,10.0,0.0,0
2026-03-23 15:42:39,126.28,0.0,1.0,20.0,0.0,0,0.0,0.0,20.0,0.0,0,0.0,0.0,10.0,0.0,0,0.0,0.0,10.0,0.0,0,0.0,0.0,10.0,0.0,0,0.0,1.0,10.0,0.0,0
2026-03-23 15:42:40,127.01,0.0,1.0,20.0,0.0,0,0.0,0.0,20.0,0.0,0,0.0,0.0,10.0,0.0,0,0.0,0.0,10.0,0.0,0,0.0,0.0,10.0,0.0,0,0.0,1.0,10.0,0.0,0
2026-03-23 15:42:41,127.8,0.0,1.0,20.0,0.0,0,0.0,0.0,20.0,0.0,0,0.0,0.0,10.0,0.0,0,0.0,0.0,10.0,0.0,0,0.0,0.0,10.0,0.0,0,0.0,1.0,10.0,0.0,0
2026-03-23 15:42:41,128.54,0.0,1.0,20.0,0.0,0,0.0,0.0,20.0,0.0,0,0.0,0.0,10.0,0.0,0,0.0,0.0,10.0,0.0,0,0.0,0.0,10.0,0.0,0,0.0,1.0,10.0,0.0,0
2026-03-23 15:42:42,129.32,0.0,1.0,20.0,0.0,0,0.0,0.0,20.0,0.0,0,0.0,0.0,10.0,0.0,0,0.0,0.0,10.0,0.0,0,0.0,0.0,10.0,0.0,0,0.0,1.0,10.0,0.0,0
2026-03-23 15:42:43,130.07,0.0,1.0,20.0,0.0,0,0.0,0.0,20.0,0.0,0,0.0,0.0,10.0,0.0,0,0.0,0.0,10.0,0.0,0,0.0,0.0,10.0,0.0,0,0.0,1.0,10.0,0.0,0
2026-03-23 15:42:44,130.83,0.0,1.0,20.0,0.0,0,0.0,0.0,20.0,0.0,0,0.0,0.0,10.0,0.0,0,0.0,0.0,10.0,0.0,0,0.0,0.0,10.0,0.0,0,0.0,1.0,10.0,0.0,0
2026-03-23 15:42:44,131.59,0.0,1.0,20.0,0.0,0,0.0,0.0,20.0,0.0,0,0.0,0.0,10.0,0.0,0,0.0,0.0,10.0,0.0,0,0.0,0.0,10.0,0.0,0,0.0,1.0,10.0,0.0,0
2026-03-23 15:42:45,132.33,0.0,1.0,20.0,0.0,0,0.0,0.0,20.0,0.0,0,0.0,0.0,10.0,0.0,0,0.0,0.0,10.0,0.0,0,0.0,0.0,10.0,0.0,0,0.0,1.0,10.0,0.0,0
2026-03-23 15:42:46,133.08,0.0,1.0,20.0,0.0,0,0.0,0.0,20.0,0.0,0,0.0,0.0,10.0,0.0,0,0.0,0.0,10.0,0.0,0,0.0,0.0,10.0,0.0,0,0.0,1.0,10.0,0.0,0
2026-03-23 15:42:47,133.83,0.0,1.0,20.0,0.0,0,0.0,0.0,20.0,0.0,0,0.0,0.0,10.0,0.0,0,0.0,0.0,10.0,0.0,0,0.0,0.0,10.0,0.0,0,0.0,1.0,10.0,0.0,0
2026-03-23 15:42:47,134.57,0.0,1.0,20.0,0.0,0,0.0,0.0,20.0,0.0,0,0.0,0.0,10.0,0.0,0,0.0,0.0,10.0,0.0,0,0.0,0.0,10.0,0.0,0,0.0,1.0,10.0,0.0,0
2026-03-23 15:42:48,135.32,0.0,1.0,20.0,0.0,0,0.0,0.0,20.0,0.0,0,0.0,0.0,10.0,0.0,0,0.0,0.0,10.0,0.0,0,0.0,0.0,10.0,0.0,0,0.0,1.0,10.0,0.0,0
2026-03-23 15:42:49,136.08,0.0,1.0,20.0,0.0,0,0.0,0.0,20.0,0.0,0,0.0,0.0,10.0,0.0,0,0.0,0.0,10.0,0.0,0,0.0,0.0,10.0,0.0,0,0.0,1.0,10.0,0.0,0
2026-03-23 15:42:50,136.84,0.0,1.0,20.0,0.0,0,0.0,0.0,20.0,0.0,0,0.0,0.0,10.0,0.0,0,0.0,0.0,10.0,0.0,0,0.0,0.0,10.0,0.0,0,0.0,1.0,10.0,0.0,0
2026-03-23 15:42:50,137.59,0.0,1.0,20.0,0.0,0,0.0,0.0,20.0,0.0,0,0.0,0.0,10.0,0.0,0,0.0,0.0,10.0,0.0,0,0.0,0.0,10.0,0.0,0,0.0,1.0,10.0,0.0,0
2026-03-23 15:42:51,138.35,0.0,1.0,20.0,0.0,0,0.0,0.0,20.0,0.0,0,0.0,0.0,10.0,0.0,0,0.0,0.0,10.0,0.0,0,0.0,0.0,10.0,0.0,0,0.0,1.0,10.0,0.0,0
2026-03-23 15:42:52,139.12,0.0,1.0,20.0,0.0,0,0.0,0.0,20.0,0.0,0,0.0,0.0,10.0,0.0,0,0.0,0.0,10.0,0.0,0,0.0,0.0,10.0,0.0,0,0.0,1.0,10.0,0.0,0
2026-03-23 15:42:53,139.89,0.0,1.0,20.0,0.0,0,0.0,0.0,20.0,0.0,0,0.0,0.0,10.0,0.0,0,0.0,0.0,10.0,0.0,0,0.0,0.0,10.0,0.0,0,0.0,1.0,10.0,0.0,0
2026-03-23 15:42:54,140.68,0.0,1.0,20.0,0.0,0,0.0,0.0,20.0,0.0,0,0.0,0.0,10.0,0.0,0,0.0,0.0,10.0,0.0,0,0.0,0.0,10.0,0.0,0,0.0,1.0,10.0,0.0,0
2026-03-23 15:42:54,141.53,0.0,1.0,20.0,0.0,0,0.0,0.0,20.0,0.0,0,0.0,0.0,10.0,0.0,0,0.0,0.0,10.0,0.0,0,0.0,0.0,10.0,0.0,0,0.0,1.0,10.0,0.0,0
2026-03-23 15:42:55,142.32,0.0,1.0,20.0,0.0,0,0.0,0.0,20.0,0.0,0,0.0,0.0,10.0,0.0,0,0.0,0.0,10.0,0.0,0,0.0,0.0,10.0,0.0,0,0.0,1.0,10.0,0.0,0
2026-03-23 15:42:56,143.08,0.0,1.0,20.0,0.0,0,0.0,0.0,20.0,0.0,0,0.0,0.0,10.0,0.0,0,0.0,0.0,10.0,0.0,0,0.0,0.0,10.0,0.0,0,0.0,1.0,10.0,0.0,0
2026-03-23 15:42:57,143.86,0.0,1.0,20.0,0.0,0,0.0,0.0,20.0,0.0,0,0.0,0.0,10.0,0.0,0,0.0,0.0,10.0,0.0,0,0.0,0.0,10.0,0.0,0,0.0,1.0,10.0,0.0,0
2026-03-23 15:42:57,144.65,0.0,1.0,20.0,0.0,0,0.0,0.0,20.0,0.0,0,0.0,0.0,10.0,0.0,0,0.0,0.0,10.0,0.0,0,0.0,0.0,10.0,0.0,0,0.0,1.0,10.0,0.0,0
2026-03-23 15:42:58,145.42,0.0,1.0,20.0,0.0,0,0.0,0.0,20.0,0.0,0,0.0,0.0,10.0,0.0,0,0.0,0.0,10.0,0.0,0,0.0,0.0,10.0,0.0,0,0.0,1.0,10.0,0.0,0
2026-03-23 15:42:59,146.15,0.0,1.0,20.0,0.0,0,0.0,0.0,20.0,0.0,0,0.0,0.0,10.0,0.0,0,0.0,0.0,10.0,0.0,0,0.0,0.0,10.0,0.0,0,0.0,1.0,10.0,0.0,0
2026-03-23 15:43:00,146.99,0.0,1.0,20.0,0.0,0,0.0,0.0,20.0,0.0,0,0.0,0.0,10.0,0.0,0,0.0,0.0,10.0,0.0,0,0.0,0.0,10.0,0.0,0,0.0,1.0,10.0,0.0,0
2026-03-23 15:43:01,147.81,0.0,1.0,20.0,0.0,0,0.0,0.0,20.0,0.0,0,0.0,0.0,10.0,0.0,0,0.0,0.0,10.0,0.0,0,0.0,0.0,10.0,0.0,0,0.0,1.0,10.0,0.0,0
2026-03-23 15:43:01,148.59,0.0,1.0,20.0,0.0,0,0.0,0.0,20.0,0.0,0,0.0,0.0,10.0,0.0,0,0.0,0.0,10.0,0.0,0,0.0,0.0,10.0,0.0,0,0.0,1.0,10.0,0.0,0
2026-03-23 15:43:02,149.36,0.0,1.0,20.0,0.0,0,0.0,0.0,20.0,0.0,0,0.0,0.0,10.0,0.0,0,0.0,0.0,10.0,0.0,0,0.0,0.0,10.0,0.0,0,0.0,1.0,10.0,0.0,0
2026-03-23 15:43:03,150.11,0.0,1.0,20.0,0.0,0,0.0,0.0,20.0,0.0,0,0.0,0.0,10.0,0.0,0,0.0,0.0,10.0,0.0,0,0.0,0.0,10.0,0.0,0,0.0,1.0,10.0,0.0,0
2026-03-23 15:43:04,150.85,0.0,1.0,20.0,0.0,0,0.0,0.0,20.0,0.0,0,0.0,0.0,10.0,0.0,0,0.0,0.0,10.0,0.0,0,0.0,0.0,10.0,0.0,0,0.0,1.0,10.0,0.0,0
2026-03-23 15:43:04,151.58,0.0,1.0,20.0,0.0,0,0.0,0.0,20.0,0.0,0,0.0,0.0,10.0,0.0,0,0.0,0.0,10.0,0.0,0,0.0,0.0,10.0,0.0,0,0.0,1.0,10.0,0.0,0
2026-03-23 15:43:05,152.36,0.0,1.0,20.0,0.0,0,0.0,0.0,20.0,0.0,0,0.0,0.0,10.0,0.0,0,0.0,0.0,10.0,0.0,0,0.0,0.0,10.0,0.0,0,0.0,1.0,10.0,0.0,0
2026-03-23 15:43:06,153.1,0.0,1.0,20.0,0.0,0,0.0,0.0,20.0,0.0,0,0.0,0.0,10.0,0.0,0,0.0,0.0,10.0,0.0,0,0.0,0.0,10.0,0.0,0,0.0,1.0,10.0,0.0,0
2026-03-23 15:43:07,153.85,0.0,1.0,20.0,0.0,0,0.0,0.0,20.0,0.0,0,0.0,0.0,10.0,0.0,0,0.0,0.0,10.0,0.0,0,0.0,0.0,10.0,0.0,0,0.0,1.0,10.0,0.0,0
2026-03-23 15:43:07,154.6,0.0,1.0,20.0,0.0,0,0.0,0.0,20.0,0.0,0,0.0,0.0,10.0,0.0,0,0.0,0.0,10.0,0.0,0,0.0,0.0,10.0,0.0,0,0.0,1.0,10.0,0.0,0
2026-03-23 15:43:08,155.39,0.0,1.0,20.0,0.0,0,0.0,0.0,20.0,0.0,0,0.0,0.0,10.0,0.0,0,0.0,0.0,10.0,0.0,0,0.0,0.0,10.0,0.0,0,0.0,1.0,10.0,0.0,0
2026-03-23 15:43:09,156.14,0.0,1.0,20.0,0.0,0,0.0,0.0,20.0,0.0,0,0.0,0.0,10.0,0.0,0,0.0,0.0,10.0,0.0,0,0.0,0.0,10.0,0.0,0,0.0,1.0,10.0,0.0,0
2026-03-23 15:43:10,156.93,0.0,1.0,20.0,0.0,0,0.0,0.0,20.0,0.0,0,0.0,0.0,10.0,0.0,0,0.0,0.0,10.0,0.0,0,0.0,0.0,10.0,0.0,0,0.0,1.0,10.0,0.0,0
2026-03-23 15:43:11,157.68,0.0,1.0,20.0,0.0,0,0.0,0.0,20.0,0.0,0,0.0,0.0,10.0,0.0,0,0.0,0.0,10.0,0.0,0,0.0,0.0,10.0,0.0,0,0.0,1.0,10.0,0.0,0
2026-03-23 15:43:11,158.42,0.0,1.0,20.0,0.0,0,0.0,0.0,20.0,0.0,0,0.0,0.0,10.0,0.0,0,0.0,0.0,10.0,0.0,0,0.0,0.0,10.0,0.0,0,0.0,1.0,10.0,0.0,0
2026-03-23 15:43:12,159.16,0.0,1.0,20.0,0.0,0,0.0,0.0,20.0,0.0,0,0.0,0.0,10.0,0.0,0,0.0,0.0,10.0,0.0,0,0.0,0.0,10.0,0.0,0,0.0,1.0,10.0,0.0,0
2026-03-23 15:43:13,159.93,0.0,1.0,20.0,0.0,0,0.0,0.0,20.0,0.0,0,0.0,0.0,10.0,0.0,0,0.0,0.0,10.0,0.0,0,0.0,0.0,10.0,0.0,0,0.0,1.0,10.0,0.0,0
2026-03-23 15:43:14,160.71,0.0,1.0,20.0,0.0,0,0.0,0.0,20.0,0.0,0,0.0,0.0,10.0,0.0,0,0.0,0.0,10.0,0.0,0,0.0,0.0,10.0,0.0,0,0.0,1.0,10.0,0.0,0
2026-03-23 15:43:14,161.47,0.0,1.0,20.0,0.0,0,0.0,0.0,20.0,0.0,0,0.0,0.0,10.0,0.0,0,0.0,0.0,10.0,0.0,0,0.0,0.0,10.0,0.0,0,0.0,1.0,10.0,0.0,0
2026-03-23 15:43:15,162.25,0.0,1.0,20.0,0.0,0,0.0,0.0,20.0,0.0,0,0.0,0.0,10.0,0.0,0,0.0,0.0,10.0,0.0,0,0.0,0.0,10.0,0.0,0,0.0,1.0,10.0,0.0,0
2026-03-23 15:43:16,162.98,0.0,1.0,20.0,0.0,0,0.0,0.0,20.0,0.0,0,0.0,0.0,10.0,0.0,0,0.0,0.0,10.0,0.0,0,0.0,0.0,10.0,0.0,0,0.0,1.0,10.0,0.0,0
2026-03-23 15:43:17,163.75,0.0,1.0,20.0,0.0,0,0.0,0.0,20.0,0.0,0,0.0,0.0,10.0,0.0,0,0.0,0.0,10.0,0.0,0,0.0,0.0,10.0,0.0,0,0.0,1.0,10.0,0.0,0
2026-03-23 15:43:17,164.51,0.0,1.0,20.0,0.0,0,0.0,0.0,20.0,0.0,0,0.0,0.0,10.0,0.0,0,0.0,0.0,10.0,0.0,0,0.0,0.0,10.0,0.0,0,0.0,1.0,10.0,0.0,0
2026-03-23 15:43:18,165.28,0.0,1.0,20.0,0.0,0,0.0,0.0,20.0,0.0,0,0.0,0.0,10.0,0.0,0,0.0,0.0,10.0,0.0,0,0.0,0.0,10.0,0.0,0,0.0,1.0,10.0,0.0,0
2026-03-23 15:43:19,166.06,0.0,1.0,20.0,0.0,0,0.0,0.0,20.0,0.0,0,0.0,0.0,10.0,0.0,0,0.0,0.0,10.0,0.0,0,0.0,0.0,10.0,0.0,0,0.0,1.0,10.0,0.0,0
2026-03-23 15:43:20,166.88,0.0,1.0,20.0,0.0,0,0.0,0.0,20.0,0.0,0,0.0,0.0,10.0,0.0,0,0.0,0.0,10.0,0.0,0,0.0,0.0,10.0,0.0,0,0.0,1.0,10.0,0.0,0
2026-03-23 15:43:20,167.65,0.0,1.0,20.0,0.0,0,0.0,0.0,20.0,0.0,0,0.0,0.0,10.0,0.0,0,0.0,0.0,10.0,0.0,0,0.0,0.0,10.0,0.0,0,0.0,1.0,10.0,0.0,0
2026-03-23 15:43:21,168.41,0.0,1.0,20.0,0.0,0,0.0,0.0,20.0,0.0,0,0.0,0.0,10.0,0.0,0,0.0,0.0,10.0,0.0,0,0.0,0.0,10.0,0.0,0,0.0,1.0,10.0,0.0,0
2026-03-23 15:43:22,169.17,0.0,1.0,20.0,0.0,0,0.0,0.0,20.0,0.0,0,0.0,0.0,10.0,0.0,0,0.0,0.0,10.0,0.0,0,0.0,0.0,10.0,0.0,0,0.0,1.0,10.0,0.0,0
2026-03-23 15:43:23,169.95,0.0,1.0,20.0,0.0,0,0.0,0.0,20.0,0.0,0,0.0,0.0,10.0,0.0,0,0.0,0.0,10.0,0.0,0,0.0,0.0,10.0,0.0,0,0.0,1.0,10.0,0.0,0
2026-03-23 15:43:24,170.69,0.0,1.0,20.0,0.0,0,0.0,0.0,20.0,0.0,0,0.0,0.0,10.0,0.0,0,0.0,0.0,10.0,0.0,0,0.0,0.0,10.0,0.0,0,0.0,1.0,10.0,0.0,0
2026-03-23 15:43:24,171.42,0.0,1.0,20.0,0.0,0,0.0,0.0,20.0,0.0,0,0.0,0.0,10.0,0.0,0,0.0,0.0,10.0,0.0,0,0.0,0.0,10.0,0.0,0,0.0,1.0,10.0,0.0,0
2026-03-23 15:43:25,172.17,0.0,1.0,20.0,0.0,0,0.0,0.0,20.0,0.0,0,0.0,0.0,10.0,0.0,0,0.0,0.0,10.0,0.0,0,0.0,0.0,10.0,0.0,0,0.0,1.0,10.0,0.0,0
2026-03-23 15:43:26,172.97,0.0,1.0,20.0,0.0,0,0.0,0.0,20.0,0.0,0,0.0,0.0,10.0,0.0,0,0.0,0.0,10.0,0.0,0,0.0,0.0,10.0,0.0,0,0.0,1.0,10.0,0.0,0
2026-03-23 15:43:27,173.75,0.0,1.0,20.0,0.0,0,0.0,0.0,20.0,0.0,0,0.0,0.0,10.0,0.0,0,0.0,0.0,10.0,0.0,0,0.0,0.0,10.0,0.0,0,0.0,1.0,10.0,0.0,0
2026-03-23 15:43:27,174.52,0.0,1.0,20.0,0.0,0,0.0,0.0,20.0,0.0,0,0.0,0.0,10.0,0.0,0,0.0,0.0,10.0,0.0,0,0.0,0.0,10.0,0.0,0,0.0,1.0,10.0,0.0,0
2026-03-23 15:43:28,175.26,0.0,1.0,20.0,0.0,0,0.0,0.0,20.0,0.0,0,0.0,0.0,10.0,0.0,0,0.0,0.0,10.0,0.0,0,0.0,0.0,10.0,0.0,0,0.0,1.0,10.0,0.0,0
2026-03-23 15:43:29,176.04,0.0,1.0,20.0,0.0,0,0.0,0.0,20.0,0.0,0,0.0,0.0,10.0,0.0,0,0.0,0.0,10.0,0.0,0,0.0,0.0,10.0,0.0,0,0.0,1.0,10.0,0.0,0
2026-03-23 15:43:30,176.8,0.0,1.0,20.0,0.0,0,0.0,0.0,20.0,0.0,0,0.0,0.0,10.0,0.0,0,0.0,0.0,10.0,0.0,0,0.0,0.0,10.0,0.0,0,0.0,1.0,10.0,0.0,0
2026-03-23 15:43:30,177.57,0.0,1.0,20.0,0.0,0,0.0,0.0,20.0,0.0,0,0.0,0.0,10.0,0.0,0,0.0,0.0,10.0,0.0,0,0.0,0.0,10.0,0.0,0,0.0,1.0,10.0,0.0,0
2026-03-23 15:43:31,178.33,0.0,1.0,20.0,0.0,0,0.0,0.0,20.0,0.0,0,0.0,0.0,10.0,0.0,0,0.0,0.0,10.0,0.0,0,0.0,0.0,10.0,0.0,0,0.0,1.0,10.0,0.0,0
2026-03-23 15:43:32,179.08,0.0,1.0,20.0,0.0,0,0.0,0.0,20.0,0.0,0,0.0,0.0,10.0,0.0,0,0.0,0.0,10.0,0.0,0,0.0,0.0,10.0,0.0,0,0.0,1.0,10.0,0.0,0
2026-03-23 15:43:33,179.84,0.0,1.0,20.0,0.0,0,0.0,0.0,20.0,0.0,0,0.0,0.0,10.0,0.0,0,0.0,0.0,10.0,0.0,0,0.0,0.0,10.0,0.0,0,0.0,1.0,10.0,0.0,0
2026-03-23 15:43:33,180.6,0.0,1.0,20.0,0.0,0,0.0,0.0,20.0,0.0,0,0.0,0.0,10.0,0.0,0,0.0,0.0,10.0,0.0,0,0.0,0.0,10.0,0.0,0,0.0,1.0,10.0,0.0,0
2026-03-23 15:43:34,181.38,0.0,1.0,20.0,0.0,0,0.0,0.0,20.0,0.0,0,0.0,0.0,10.0,0.0,0,0.0,0.0,10.0,0.0,0,0.0,0.0,10.0,0.0,0,0.0,1.0,10.0,0.0,0
2026-03-23 15:43:35,182.14,0.0,1.0,20.0,0.0,0,0.0,0.0,20.0,0.0,0,0.0,0.0,10.0,0.0,0,0.0,0.0,10.0,0.0,0,0.0,0.0,10.0,0.0,0,0.0,1.0,10.0,0.0,0
2026-03-23 15:43:36,182.9,0.0,1.0,20.0,0.0,0,0.0,0.0,20.0,0.0,0,0.0,0.0,10.0,0.0,0,0.0,0.0,10.0,0.0,0,0.0,0.0,10.0,0.0,0,0.0,1.0,10.0,0.0,0
2026-03-23 15:43:37,183.69,0.0,1.0,20.0,0.0,0,0.0,0.0,20.0,0.0,0,0.0,0.0,10.0,0.0,0,0.0,0.0,10.0,0.0,0,0.0,0.0,10.0,0.0,0,0.0,1.0,10.0,0.0,0
2026-03-23 15:43:37,184.44,0.0,1.0,20.0,0.0,0,0.0,0.0,20.0,0.0,0,0.0,0.0,10.0,0.0,0,0.0,0.0,10.0,0.0,0,0.0,0.0,10.0,0.0,0,0.0,1.0,10.0,0.0,0
2026-03-23 15:43:38,185.21,0.0,1.0,20.0,0.0,0,0.0,0.0,20.0,0.0,0,0.0,0.0,10.0,0.0,0,0.0,0.0,10.0,0.0,0,0.0,0.0,10.0,0.0,0,0.0,1.0,10.0,0.0,0
2026-03-23 15:43:39,185.96,0.0,1.0,20.0,0.0,0,0.0,0.0,20.0,0.0,0,0.0,0.0,10.0,0.0,0,0.0,0.0,10.0,0.0,0,0.0,0.0,10.0,0.0,0,0.0,1.0,10.0,0.0,0
2026-03-23 15:43:40,186.74,0.0,1.0,20.0,0.0,0,0.0,0.0,20.0,0.0,0,0.0,0.0,10.0,0.0,0,0.0,0.0,10.0,0.0,0,0.0,0.0,10.0,0.0,0,0.0,1.0,10.0,0.0,0
2026-03-23 15:43:40,187.49,0.0,1.0,20.0,0.0,0,0.0,0.0,20.0,0.0,0,0.0,0.0,10.0,0.0,0,0.0,0.0,10.0,0.0,0,0.0,0.0,10.0,0.0,0,0.0,1.0,10.0,0.0,0
2026-03-23 15:43:41,188.28,0.0,1.0,20.0,0.0,0,0.0,0.0,20.0,0.0,0,0.0,0.0,10.0,0.0,0,0.0,0.0,10.0,0.0,0,0.0,0.0,10.0,0.0,0,0.0,1.0,10.0,0.0,0
2026-03-23 15:43:42,189.03,0.0,1.0,20.0,0.0,0,0.0,0.0,20.0,0.0,0,0.0,0.0,10.0,0.0,0,0.0,0.0,10.0,0.0,0,0.0,0.0,10.0,0.0,0,0.0,1.0,10.0,0.0,0
2026-03-23 15:43:43,189.78,0.0,1.0,20.0,0.0,0,0.0,0.0,20.0,0.0,0,0.0,0.0,10.0,0.0,0,0.0,0.0,10.0,0.0,0,0.0,0.0,10.0,0.0,0,0.0,1.0,10.0,0.0,0
2026-03-23 15:43:46,193.26,0.0,1.0,20.0,0.0,0,0.0,0.0,20.0,0.0,0,0.0,0.0,10.0,0.0,0,0.0,0.0,10.0,0.0,0,0.0,0.0,10.0,0.0,0,0.0,1.0,10.0,0.0,0
2026-03-23 15:43:47,194.0,0.0,1.0,20.0,0.0,0,0.0,0.0,20.0,0.0,0,0.0,0.0,10.0,0.0,0,0.0,0.0,10.0,0.0,0,0.0,0.0,10.0,0.0,0,0.0,1.0,10.0,0.0,0
2026-03-23 15:43:48,194.74,0.0,1.0,20.0,0.0,0,0.0,0.0,20.0,0.0,0,0.0,0.0,10.0,0.0,0,0.0,0.0,10.0,0.0,0,0.0,0.0,10.0,0.0,0,0.0,1.0,10.0,0.0,0
2026-03-23 15:43:48,195.5,0.0,1.0,20.0,0.0,0,0.0,0.0,20.0,0.0,0,0.0,0.0,10.0,0.0,0,0.0,0.0,10.0,0.0,0,0.0,0.0,10.0,0.0,0,0.0,1.0,10.0,0.0,0
2026-03-23 15:43:49,196.24,0.0,1.0,20.0,0.0,0,0.0,0.0,20.0,0.0,0,0.0,0.0,10.0,0.0,0,0.0,0.0,10.0,0.0,0,0.0,0.0,10.0,0.0,0,0.0,1.0,10.0,0.0,0
2026-03-23 15:43:50,196.98,0.0,1.0,20.0,0.0,0,0.0,0.0,20.0,0.0,0,0.0,0.0,10.0,0.0,0,0.0,0.0,10.0,0.0,0,0.0,0.0,10.0,0.0,0,0.0,1.0,10.0,0.0,0
2026-03-23 15:43:51,197.74,0.0,1.0,20.0,0.0,0,0.0,0.0,20.0,0.0,0,0.0,0.0,10.0,0.0,0,0.0,0.0,10.0,0.0,0,0.0,0.0,10.0,0.0,0,0.0,1.0,10.0,0.0,0
2026-03-23 15:43:51,198.49,0.0,1.0,20.0,0.0,0,0.0,0.0,20.0,0.0,0,0.0,0.0,10.0,0.0,0,0.0,0.0,10.0,0.0,0,0.0,0.0,10.0,0.0,0,0.0,1.0,10.0,0.0,0
2026-03-23 15:43:52,199.23,0.0,1.0,20.0,0.0,0,0.0,0.0,20.0,0.0,0,0.0,0.0,10.0,0.0,0,0.0,0.0,10.0,0.0,0,0.0,0.0,10.0,0.0,0,0.0,1.0,10.0,0.0,0
2026-03-23 15:43:53,199.97,0.0,1.0,20.0,0.0,0,0.0,0.0,20.0,0.0,0,0.0,0.0,10.0,0.0,0,0.0,0.0,10.0,0.0,0,0.0,0.0,10.0,0.0,0,0.0,1.0,10.0,0.0,0
2026-03-23 15:43:54,200.71,0.0,1.0,20.0,0.0,0,0.0,0.0,20.0,0.0,0,0.0,0.0,10.0,0.0,0,0.0,0.0,10.0,0.0,0,0.0,0.0,10.0,0.0,0,0.0,1.0,10.0,0.0,0
2026-03-23 15:43:54,201.45,0.0,1.0,20.0,0.0,0,0.0,0.0,20.0,0.0,0,0.0,0.0,10.0,0.0,0,0.0,0.0,10.0,0.0,0,0.0,0.0,10.0,0.0,0,0.0,1.0,10.0,0.0,0
2026-03-23 15:43:55,202.19,0.0,1.0,20.0,0.0,0,0.0,0.0,20.0,0.0,0,0.0,0.0,10.0,0.0,0,0.0,0.0,10.0,0.0,0,0.0,0.0,10.0,0.0,0,0.0,1.0,10.0,0.0,0
2026-03-23 15:43:56,202.92,0.0,1.0,20.0,0.0,0,0.0,0.0,20.0,0.0,0,0.0,0.0,10.0,0.0,0,0.0,0.0,10.0,0.0,0,0.0,0.0,10.0,0.0,0,0.0,1.0,10.0,0.0,0
2026-03-23 15:43:57,203.66,0.0,1.0,20.0,0.0,0,0.0,0.0,20.0,0.0,0,0.0,0.0,10.0,0.0,0,0.0,0.0,10.0,0.0,0,0.0,0.0,10.0,0.0,0,0.0,1.0,10.0,0.0,0
2026-03-23 15:43:57,204.4,0.0,1.0,20.0,0.0,0,0.0,0.0,20.0,0.0,0,0.0,0.0,10.0,0.0,0,0.0,0.0,10.0,0.0,0,0.0,0.0,10.0,0.0,0,0.0,1.0,10.0,0.0,0
2026-03-23 15:43:58,205.13,0.0,1.0,20.0,0.0,0,0.0,0.0,20.0,0.0,0,0.0,0.0,10.0,0.0,0,0.0,0.0,10.0,0.0,0,0.0,0.0,10.0,0.0,0,0.0,1.0,10.0,0.0,0
2026-03-23 15:43:59,205.66,0.0,1.0,20.0,0.0,0,0.0,0.0,20.0,0.0,0,0.0,0.0,10.0,0.0,0,0.0,0.0,10.0,0.0,0,0.0,0.0,10.0,0.0,0,0.0,1.0,10.0,0.0,0
2026-03-23 15:43:59,206.05,0.0,1.0,20.0,0.0,1,0.0,0.0,20.0,0.0,1,0.0,0.0,10.0,0.0,1,0.0,0.0,10.0,0.0,1,0.0,0.0,10.0,0.0,1,0.0,1.0,10.0,0.0,0
2026-03-23 15:44:00,206.78,0.0,1.0,20.0,0.0,1,0.0,0.0,20.0,0.0,1,0.0,0.0,10.0,0.0,1,0.0,0.0,10.0,0.0,1,0.0,0.0,10.0,0.0,1,0.0,1.0,10.0,0.0,1
2026-03-23 15:44:00,207.53,0.0,1.0,20.0,0.0,1,0.0,0.0,20.0,0.0,1,0.0,0.0,10.0,0.0,1,0.0,0.0,10.0,0.0,1,0.0,0.0,10.0,0.0,1,0.0,1.0,10.0,0.0,1
2026-03-23 15:44:01,208.27,0.0,1.0,20.0,0.0,1,0.0,0.0,20.0,0.0,1,0.0,0.0,10.0,0.0,1,0.0,0.0,10.0,0.0,1,0.0,0.0,10.0,0.0,1,0.0,1.0,10.0,0.0,1
2026-03-23 15:44:02,209.0,0.0,1.0,20.0,0.0,1,0.0,0.0,20.0,0.0,1,0.0,0.0,10.0,0.0,1,0.0,0.0,10.0,0.0,1,0.0,0.0,10.0,0.0,1,0.0,1.0,10.0,0.0,1
2026-03-23 15:44:03,209.73,0.0,1.0,20.0,0.0,1,0.0,0.0,20.0,0.0,1,0.0,0.0,10.0,0.0,1,0.0,0.0,10.0,0.0,1,0.0,0.0,10.0,0.0,1,0.0,1.0,10.0,0.0,1
2026-03-23 15:44:03,210.47,0.0,1.0,20.0,0.0,1,0.0,0.0,20.0,0.0,1,0.0,0.0,10.0,0.0,1,0.0,0.0,10.0,0.0,1,0.0,0.0,10.0,0.0,1,0.0,1.0,10.0,0.0,1
2026-03-23 15:44:04,211.23,0.0,1.0,20.0,0.0,1,0.0,0.0,20.0,0.0,1,0.0,0.0,10.0,0.0,1,0.0,0.0,10.0,0.0,1,0.0,0.0,10.0,0.0,1,0.0,1.0,10.0,0.0,1
2026-03-23 15:44:05,211.97,0.0,1.0,20.0,0.0,1,0.0,0.0,20.0,0.0,1,0.0,0.0,10.0,0.0,1,0.0,0.0,10.0,0.0,1,0.0,0.0,10.0,0.0,1,0.0,1.0,10.0,0.0,1
2026-03-23 15:44:06,212.72,0.0,3.0,20.0,0.0,1,0.0,0.0,20.0,0.0,1,0.0,0.0,10.0,0.0,1,0.0,0.0,10.0,0.0,1,0.0,0.0,10.0,0.0,1,0.0,1.0,10.0,0.0,1
2026-03-23 15:44:06,213.45,0.0,4.0,20.0,0.0,1,0.0,0.0,20.0,0.0,1,0.0,0.0,10.0,0.0,1,0.0,0.0,10.0,0.0,1,0.0,0.0,10.0,0.0,1,0.0,1.0,10.0,0.0,1
2026-03-23 15:44:07,214.19,0.0,4.0,20.0,0.0,1,0.0,0.0,20.0,0.0,1,0.0,2.0,10.0,0.0,1,0.0,1.0,10.0,0.0,1,0.0,0.0,10.0,0.0,1,0.0,2.0,10.0,0.0,1
2026-03-23 15:44:08,214.92,0.0,4.0,20.0,0.0,1,0.0,0.0,20.0,0.0,1,0.0,2.0,10.0,0.0,1,0.0,1.0,10.0,0.0,1,0.0,0.0,10.0,0.0,1,0.0,2.0,10.0,0.0,1
2026-03-23 15:44:09,215.66,0.0,4.0,20.0,0.0,1,0.0,0.0,20.0,0.0,1,0.0,2.0,10.0,0.0,1,0.0,1.0,10.0,0.0,1,0.0,0.0,10.0,0.0,1,0.0,2.0,10.0,0.0,1
2026-03-23 15:44:09,216.39,0.0,4.0,20.0,0.0,1,0.0,0.0,20.0,0.0,1,0.0,2.0,10.0,0.0,1,0.0,1.0,10.0,0.0,1,0.0,0.0,10.0,0.0,1,0.0,2.0,10.0,0.0,1
2026-03-23 15:44:10,217.13,0.0,4.0,20.0,0.0,1,0.0,0.0,20.0,0.0,1,0.0,2.0,10.0,0.0,1,0.0,1.0,10.0,0.0,1,0.0,0.0,10.0,0.0,1,0.0,2.0,10.0,0.0,1
2026-03-23 15:44:11,217.89,0.0,4.0,20.0,0.0,1,0.0,0.0,20.0,0.0,1,0.0,2.0,10.0,0.0,1,0.0,1.0,10.0,0.0,1,0.0,0.0,10.0,0.0,1,0.0,2.0,10.0,0.0,1
2026-03-23 15:44:11,218.63,0.0,4.0,20.0,0.0,1,0.0,0.0,20.0,0.0,1,0.0,2.0,10.0,0.0,1,0.0,1.0,10.0,0.0,1,0.0,0.0,10.0,0.0,1,0.0,2.0,10.0,0.0,1
2026-03-23 15:44:12,219.36,0.0,4.0,20.0,0.0,1,0.0,0.0,20.0,0.0,1,0.0,2.0,10.0,0.0,1,0.0,1.0,10.0,0.0,1,0.0,1.0,10.0,0.0,1,0.0,2.0,10.0,0.0,1
2026-03-23 15:44:13,220.09,0.0,4.0,20.0,0.0,1,0.0,0.0,20.0,0.0,1,0.0,2.0,10.0,0.0,1,0.0,1.0,10.0,0.0,1,0.0,1.0,10.0,0.0,1,0.0,2.0,10.0,0.0,1
2026-03-23 15:44:14,220.83,0.0,4.0,20.0,0.0,1,0.0,0.0,20.0,0.0,1,0.0,2.0,10.0,0.0,1,0.0,1.0,10.0,0.0,1,0.0,1.0,10.0,0.0,1,0.0,2.0,10.0,0.0,1
2026-03-23 15:44:14,221.56,0.0,4.0,20.0,0.0,1,0.0,0.0,20.0,0.0,1,0.0,2.0,10.0,0.0,1,0.0,1.0,10.0,0.0,1,0.0,1.0,10.0,0.0,1,0.0,2.0,10.0,0.0,1
2026-03-23 15:44:15,222.3,0.0,4.0,20.0,0.0,1,0.0,0.0,20.0,0.0,1,0.0,2.0,10.0,0.0,1,0.0,1.0,10.0,0.0,1,0.0,1.0,10.0,0.0,1,0.0,2.0,10.0,0.0,1
2026-03-23 15:44:16,223.03,0.0,4.0,20.0,0.0,1,0.0,0.0,20.0,0.0,1,0.0,2.0,10.0,0.0,1,0.0,1.0,10.0,0.0,1,0.0,1.0,10.0,0.0,1,0.0,2.0,10.0,0.0,1
2026-03-23 15:44:17,223.76,0.0,4.0,20.0,0.0,1,0.0,0.0,20.0,0.0,1,0.0,2.0,10.0,0.0,1,0.0,1.0,10.0,0.0,1,0.0,1.0,10.0,0.0,1,0.0,2.0,10.0,0.0,1
2026-03-23 15:44:17,224.49,0.0,4.0,20.0,0.0,1,0.0,0.0,20.0,0.0,1,0.0,2.0,10.0,0.0,1,0.0,1.0,10.0,0.0,1,0.0,1.0,10.0,0.0,1,0.0,2.0,10.0,0.0,1
2026-03-23 15:44:18,225.21,0.0,4.0,20.0,0.0,1,0.0,0.0,20.0,0.0,1,0.0,2.0,10.0,0.0,1,0.0,1.0,10.0,0.0,1,0.0,1.0,10.0,0.0,1,0.0,2.0,10.0,0.0,1
2026-03-23 15:44:19,225.95,0.0,4.0,20.0,0.0,1,0.0,0.0,20.0,0.0,1,0.0,2.0,10.0,0.0,1,0.0,1.0,10.0,0.0,1,0.0,1.0,10.0,0.0,1,0.0,2.0,10.0,0.0,1
2026-03-23 15:44:20,226.68,0.0,4.0,20.0,0.0,1,0.0,0.0,20.0,0.0,1,0.0,2.0,10.0,0.0,1,0.0,1.0,10.0,0.0,1,0.0,1.0,10.0,0.0,1,0.0,2.0,10.0,0.0,1
2026-03-23 15:44:20,227.43,0.0,4.0,20.0,0.0,1,0.0,0.0,20.0,0.0,1,0.0,2.0,10.0,0.0,1,0.0,1.0,10.0,0.0,1,0.0,1.0,10.0,0.0,1,0.0,2.0,10.0,0.0,1
2026-03-23 15:44:21,228.16,0.0,4.0,20.0,0.0,1,0.0,0.0,20.0,0.0,1,0.0,2.0,10.0,0.0,1,0.0,1.0,10.0,0.0,1,0.0,1.0,10.0,0.0,1,0.0,2.0,10.0,0.0,1
2026-03-23 15:44:22,228.95,0.0,4.0,20.0,0.0,1,0.0,0.0,20.0,0.0,1,0.0,2.0,10.0,0.0,1,0.0,1.0,10.0,0.0,1,0.0,1.0,10.0,0.0,1,0.0,2.0,10.0,0.0,1
2026-03-23 15:44:22,0.15,400.0,4.0,20.0,0.0,1,400.0,0.0,20.0,0.0,1,0.0,2.0,10.0,0.0,1,0.0,1.0,10.0,0.0,1,0.0,1.0,10.0,0.0,1,0.0,2.0,10.0,0.0,1
2026-03-23 15:44:23,0.87,400.0,4.0,20.0,0.0,1,400.0,0.0,20.0,0.0,1,400.0,2.0,10.0,0.0,1,400.0,1.0,10.0,0.0,1,400.0,1.0,10.0,0.0,1,400.0,2.0,10.0,0.0,1
2026-03-23 15:44:23,1.6,400.0,5.0,20.0,0.0,1,400.0,2.0,20.0,0.0,1,400.0,3.0,10.0,0.0,1,400.0,2.0,10.0,0.0,1,400.0,1.0,10.0,0.0,1,400.0,3.0,10.0,0.0,1
2026-03-23 15:44:24,2.32,400.0,11.0,20.0,0.0,1,400.0,7.0,20.0,0.0,1,400.0,8.0,10.0,0.0,1,400.0,6.0,10.0,0.0,1,400.0,6.0,10.0,0.0,1,400.0,8.0,10.0,0.0,1
2026-03-23 15:44:25,3.05,400.0,17.0,20.0,0.0,1,400.0,13.0,20.0,0.0,1,400.0,14.0,10.0,0.0,1,400.0,13.0,10.0,0.0,1,400.0,12.0,10.0,0.0,1,400.0,14.0,10.0,0.0,1
2026-03-23 15:44:26,3.77,400.0,23.0,20.0,0.0,1,400.0,19.0,20.0,0.0,1,400.0,20.0,10.0,0.0,1,400.0,18.0,10.0,0.0,1,400.0,18.0,10.0,0.0,1,400.0,20.0,10.0,0.0,1
2026-03-23 15:44:26,4.49,400.0,35.0,20.0,0.0,1,400.0,32.0,20.0,0.0,1,400.0,32.0,10.0,0.0,1,400.0,31.0,10.0,0.0,1,400.0,31.0,10.0,0.0,1,400.0,33.0,10.0,0.0,1
2026-03-23 15:44:27,5.2,400.0,47.0,20.0,0.0,1,400.0,45.0,20.0,0.0,1,400.0,45.0,10.0,0.0,1,400.0,43.0,10.0,0.0,1,400.0,43.0,10.0,0.0,1,400.0,45.0,10.0,0.0,1
2026-03-23 15:44:28,5.92,400.0,54.0,20.0,0.0,1,400.0,50.0,20.0,0.0,1,400.0,50.0,10.0,0.0,1,400.0,49.0,10.0,0.0,1,400.0,50.0,10.0,0.0,1,400.0,51.0,10.0,0.0,1
2026-03-23 15:44:28,6.63,400.0,60.0,20.0,0.0,1,400.0,56.0,20.0,0.0,1,400.0,57.0,10.0,0.0,1,400.0,55.0,10.0,0.0,1,400.0,56.0,10.0,0.0,1,400.0,58.0,10.0,0.0,1
2026-03-23 15:44:29,7.34,400.0,66.0,20.0,0.0,1,400.0,63.0,20.0,0.0,1,400.0,63.0,10.0,0.0,1,400.0,62.0,10.0,0.0,1,400.0,62.0,10.0,0.0,1,400.0,64.0,10.0,0.0,1
2026-03-23 15:44:30,8.05,400.0,72.0,20.0,0.0,1,400.0,69.0,20.0,0.0,1,400.0,69.0,10.0,0.0,1,400.0,68.0,10.0,0.0,1,400.0,68.0,10.0,0.0,1,400.0,70.0,10.0,0.0,1
2026-03-23 15:44:31,8.75,400.0,79.0,20.0,0.0,1,400.0,76.0,20.0,0.0,1,400.0,75.0,10.0,0.0,1,400.0,74.0,10.0,0.0,1,400.0,74.0,10.0,0.0,1,400.0,76.0,10.0,0.0,1
2026-03-23 15:44:31,9.47,400.0,84.0,20.0,0.0,1,400.0,82.0,20.0,0.0,1,400.0,82.0,10.0,0.0,1,400.0,80.0,10.0,0.0,1,400.0,80.0,10.0,0.0,1,400.0,82.0,10.0,0.0,1
2026-03-23 15:44:32,10.18,400.0,91.0,20.0,0.0,1,400.0,87.0,20.0,0.0,1,400.0,87.0,10.0,0.0,1,400.0,87.0,10.0,0.0,1,400.0,86.0,10.0,0.0,1,400.0,88.0,10.0,0.0,1
2026-03-23 15:44:33,10.9,400.0,97.0,20.0,0.0,1,400.0,94.0,20.0,0.0,1,400.0,94.0,10.0,0.0,1,400.0,92.0,10.0,0.0,1,400.0,92.0,10.0,0.0,1,400.0,94.0,10.0,0.0,1
2026-03-23 15:44:33,11.62,400.0,102.0,20.0,0.0,1,400.0,100.0,20.0,0.0,1,400.0,100.0,10.0,0.0,1,400.0,99.0,10.0,0.0,1,400.0,99.0,10.0,0.0,1,400.0,101.0,10.0,0.0,1
2026-03-23 15:44:34,12.35,400.0,109.0,20.0,0.0,1,400.0,107.0,20.0,0.0,1,400.0,106.0,10.0,0.0,1,400.0,105.0,10.0,0.0,1,400.0,105.0,10.0,0.0,1,400.0,106.0,10.0,0.0,1
2026-03-23 15:44:35,13.07,400.0,115.0,20.0,0.0,1,400.0,113.0,20.0,0.0,1,400.0,113.0,10.0,0.0,1,400.0,111.0,10.0,0.0,1,400.0,110.0,10.0,0.0,1,400.0,113.0,10.0,0.0,1
2026-03-23 15:44:36,13.82,400.0,121.0,20.0,0.0,1,400.0,119.0,20.0,0.0,1,400.0,118.0,10.0,0.0,1,400.0,117.0,10.0,0.0,1,400.0,117.0,10.0,0.0,1,400.0,119.0,10.0,0.0,1
2026-03-23 15:44:36,14.53,400.0,127.0,20.0,0.0,1,400.0,125.0,20.0,0.0,1,400.0,124.0,10.0,0.0,1,400.0,124.0,10.0,0.0,1,400.0,123.0,10.0,0.0,1,400.0,125.0,10.0,0.0,1
2026-03-23 15:44:37,15.25,400.0,140.0,20.0,0.0,1,400.0,138.0,20.0,0.0,1,400.0,136.0,10.0,0.0,1,400.0,136.0,10.0,0.0,1,400.0,135.0,10.0,0.0,1,400.0,138.0,10.0,0.0,1
2026-03-23 15:44:38,15.96,400.0,145.0,20.0,0.0,1,400.0,144.0,20.0,0.0,1,400.0,143.0,10.0,0.0,1,400.0,142.0,10.0,0.0,1,400.0,142.0,10.0,0.0,1,400.0,144.0,10.0,0.0,1
2026-03-23 15:44:39,16.71,400.0,152.0,20.0,0.0,1,400.0,150.0,20.0,0.0,1,400.0,149.0,10.0,0.0,1,400.0,148.0,10.0,0.0,1,400.0,148.0,10.0,0.0,1,400.0,150.0,10.0,0.0,1
2026-03-23 15:44:39,17.43,400.0,158.0,20.0,0.0,1,400.0,156.0,20.0,0.0,1,400.0,155.0,10.0,0.0,1,400.0,155.0,10.0,0.0,1,400.0,154.0,10.0,0.0,1,400.0,156.0,10.0,0.0,1
2026-03-23 15:44:40,18.15,400.0,164.0,20.0,0.0,1,400.0,162.0,20.0,0.0,1,400.0,161.0,10.0,0.0,1,400.0,160.0,10.0,0.0,1,400.0,160.0,10.0,0.0,1,400.0,162.0,10.0,0.0,1
2026-03-23 15:44:41,18.87,400.0,170.0,20.0,0.0,1,400.0,169.0,20.0,0.0,1,400.0,168.0,10.0,0.0,1,400.0,166.0,10.0,0.0,1,400.0,166.0,10.0,0.0,1,400.0,168.0,10.0,0.0,1
2026-03-23 15:44:41,19.59,400.0,176.0,20.0,0.0,1,400.0,175.0,20.0,0.0,1,400.0,174.0,10.0,0.0,1,400.0,172.0,10.0,0.0,1,400.0,172.0,10.0,0.0,1,400.0,174.0,10.0,0.0,1
2026-03-23 15:44:42,20.39,400.0,189.0,20.0,0.0,1,400.0,187.0,20.0,0.0,1,400.0,186.0,10.0,0.0,1,400.0,185.0,10.0,0.0,1,400.0,185.0,10.0,0.0,1,400.0,187.0,10.0,0.0,1
2026-03-23 15:44:43,21.1,400.0,194.0,20.0,0.0,1,400.0,194.0,20.0,0.0,1,400.0,192.0,10.0,0.0,1,400.0,190.0,10.0,0.0,1,400.0,191.0,10.0,0.0,1,400.0,193.0,10.0,0.0,1
2026-03-23 15:44:44,21.81,400.0,200.0,20.0,0.0,1,400.0,199.0,20.0,0.0,1,400.0,198.0,10.0,0.0,1,400.0,197.0,10.0,0.0,1,400.0,196.0,10.0,0.0,1,400.0,199.0,10.0,0.0,1
2026-03-23 15:44:44,22.54,400.0,206.0,20.0,0.0,1,400.0,206.0,20.0,0.0,1,400.0,205.0,10.0,0.0,1,400.0,204.0,10.0,0.0,1,400.0,202.0,10.0,0.0,1,400.0,206.0,10.0,0.0,1
2026-03-23 15:44:45,23.26,400.0,214.0,20.0,0.0,1,400.0,211.0,20.0,0.0,1,400.0,210.0,10.0,0.0,1,400.0,209.0,10.0,0.0,1,400.0,209.0,10.0,0.0,1,400.0,212.0,10.0,0.0,1
2026-03-23 15:44:46,23.98,400.0,225.0,20.0,0.0,1,400.0,223.0,20.0,0.0,1,400.0,223.0,10.0,0.0,1,400.0,222.0,10.0,0.0,1,400.0,222.0,10.0,0.0,1,400.0,224.0,10.0,0.0,1
2026-03-23 15:44:46,24.7,400.0,232.0,20.0,0.0,1,400.0,231.0,20.0,0.0,1,400.0,229.0,10.0,0.0,1,400.0,228.0,10.0,0.0,1,400.0,227.0,10.0,0.0,1,400.0,231.0,10.0,0.0,1
2026-03-23 15:44:47,25.44,400.0,238.0,20.0,0.0,1,400.0,237.0,20.0,0.0,1,400.0,235.0,10.0,0.0,1,400.0,234.0,10.0,0.0,1,400.0,233.0,10.0,0.0,1,400.0,237.0,10.0,0.0,1
2026-03-23 15:44:48,26.17,400.0,244.0,20.0,0.0,1,400.0,243.0,20.0,0.0,1,400.0,241.0,10.0,0.0,1,400.0,241.0,10.0,0.0,1,400.0,240.0,10.0,0.0,1,400.0,242.0,10.0,0.0,1
2026-03-23 15:44:49,26.89,400.0,251.0,20.0,0.0,1,400.0,250.0,20.0,0.0,1,400.0,246.0,10.0,0.0,1,400.0,246.0,10.0,0.0,1,400.0,246.0,10.0,0.0,1,400.0,249.0,10.0,0.0,1
2026-03-23 15:44:49,27.61,400.0,256.0,20.0,0.0,1,400.0,255.0,20.0,0.0,1,400.0,254.0,10.0,0.0,1,400.0,253.0,10.0,0.0,1,400.0,253.0,10.0,0.0,1,400.0,255.0,10.0,0.0,1
2026-03-23 15:44:50,28.32,400.0,262.0,20.0,0.0,1,400.0,260.0,20.0,0.0,1,400.0,260.0,10.0,0.0,1,400.0,258.0,10.0,0.0,1,400.0,259.0,10.0,0.0,1,400.0,261.0,10.0,0.0,1
2026-03-23 15:44:51,29.05,400.0,268.0,20.0,0.0,1,400.0,268.0,20.0,0.0,1,400.0,266.0,10.0,0.0,1,400.0,265.0,10.0,0.0,1,400.0,265.0,10.0,0.0,1,400.0,269.0,10.0,0.0,1
2026-03-23 15:44:52,29.76,400.0,274.0,20.0,0.0,1,400.0,273.0,20.0,0.0,1,400.0,273.0,10.0,0.0,1,400.0,271.0,10.0,0.0,1,400.0,271.0,10.0,0.0,1,400.0,273.0,10.0,0.0,1
2026-03-23 15:44:52,30.47,400.0,281.0,20.0,0.0,1,400.0,280.0,20.0,0.0,1,400.0,278.0,10.0,0.0,1,400.0,277.0,10.0,0.0,1,400.0,278.0,10.0,0.0,1,400.0,280.0,10.0,0.0,1
2026-03-23 15:44:53,31.2,400.0,287.0,20.0,0.0,1,400.0,286.0,20.0,0.0,1,400.0,284.0,10.0,0.0,1,400.0,284.0,10.0,0.0,1,400.0,283.0,10.0,0.0,1,400.0,284.0,10.0,0.0,1
2026-03-23 15:44:54,31.92,400.0,293.0,20.0,0.0,1,400.0,293.0,20.0,0.0,1,400.0,290.0,10.0,0.0,1,400.0,290.0,10.0,0.0,1,400.0,290.0,10.0,0.0,1,400.0,291.0,10.0,0.0,1
2026-03-23 15:44:54,32.64,400.0,299.0,20.0,0.0,1,400.0,298.0,20.0,0.0,1,400.0,297.0,10.0,0.0,1,400.0,296.0,10.0,0.0,1,400.0,295.0,10.0,0.0,1,400.0,299.0,10.0,0.0,1
2026-03-23 15:44:55,33.37,400.0,311.0,20.0,0.0,1,400.0,311.0,20.0,0.0,1,400.0,309.0,10.0,0.0,1,400.0,308.0,10.0,0.0,1,400.0,308.0,10.0,0.0,1,400.0,310.0,10.0,0.0,1
2026-03-23 15:44:56,34.14,400.0,324.0,20.0,0.0,1,400.0,323.0,20.0,0.0,1,400.0,321.0,10.0,0.0,1,400.0,320.0,10.0,0.0,1,400.0,320.0,10.0,0.0,1,400.0,323.0,10.0,0.0,1
2026-03-23 15:44:57,34.88,400.0,331.0,20.0,0.0,1,400.0,330.0,20.0,0.0,1,400.0,328.0,10.0,0.0,1,400.0,325.0,10.0,0.0,1,400.0,325.0,10.0,0.0,1,400.0,330.0,10.0,0.0,1
2026-03-23 15:44:57,35.62,400.0,338.0,20.0,0.0,1,400.0,336.0,20.0,0.0,1,400.0,334.0,10.0,0.0,1,400.0,331.0,10.0,0.0,1,400.0,332.0,10.0,0.0,1,400.0,334.0,10.0,0.0,1
2026-03-23 15:44:58,36.35,400.0,342.0,20.0,0.0,1,400.0,342.0,20.0,0.0,1,400.0,339.0,10.0,0.0,1,400.0,338.0,10.0,0.0,1,400.0,338.0,10.0,0.0,1,400.0,341.0,10.0,0.0,1
2026-03-23 15:44:59,37.07,400.0,346.0,20.0,0.0,1,400.0,347.0,20.0,0.0,1,400.0,344.0,10.0,0.0,1,400.0,343.0,10.0,0.0,1,400.0,345.0,10.0,0.0,1,400.0,347.0,10.0,0.0,1
2026-03-23 15:45:00,37.79,400.0,353.0,20.0,0.0,1,400.0,354.0,20.0,0.0,1,400.0,352.0,10.0,0.0,1,400.0,350.0,10.0,0.0,1,400.0,351.0,10.0,0.0,1,400.0,352.0,10.0,0.0,1
2026-03-23 15:45:00,38.53,400.0,359.0,20.0,0.0,1,400.0,360.0,20.0,0.0,1,400.0,357.0,10.0,0.0,1,400.0,355.0,10.0,0.0,1,400.0,358.0,10.0,0.0,1,400.0,359.0,10.0,0.0,1
2026-03-23 15:45:01,39.28,400.0,366.0,20.0,0.0,1,400.0,367.0,20.0,0.0,1,400.0,365.0,10.0,0.0,1,400.0,363.0,10.0,0.0,1,400.0,363.0,10.0,0.0,1,400.0,364.0,10.0,0.0,1
2026-03-23 15:45:02,40.05,400.0,372.0,20.0,0.0,1,400.0,374.0,20.0,0.0,1,400.0,370.0,10.0,0.0,1,400.0,369.0,10.0,0.0,1,400.0,370.0,10.0,0.0,1,400.0,372.0,10.0,0.0,1
2026-03-23 15:45:03,40.8,400.0,377.0,20.0,0.0,1,400.0,379.0,20.0,0.0,1,400.0,376.0,10.0,0.0,1,400.0,376.0,10.0,0.0,1,400.0,374.0,10.0,0.0,1,400.0,378.0,10.0,0.0,1
2026-03-23 15:45:03,41.56,400.0,385.0,20.0,0.0,1,400.0,386.0,20.0,0.0,1,400.0,382.0,10.0,0.0,1,400.0,382.0,10.0,0.0,1,400.0,381.0,10.0,0.0,1,400.0,383.0,10.0,0.0,1
2026-03-23 15:45:04,42.29,400.0,393.0,20.0,0.0,1,400.0,391.0,20.0,0.0,1,400.0,387.0,10.0,0.0,1,400.0,388.0,10.0,0.0,1,400.0,387.0,10.0,0.0,1,400.0,390.0,10.0,0.0,1
2026-03-23 15:45:05,43.05,400.0,402.0,20.0,0.0,1,400.0,400.0,20.0,0.0,1,400.0,401.0,10.0,0.0,1,400.0,401.0,10.0,0.0,1,400.0,399.0,10.0,0.0,1,400.0,403.0,10.0,0.0,1
2026-03-23 15:45:06,43.77,400.0,403.0,20.0,0.0,1,400.0,401.0,20.0,0.0,1,400.0,401.0,10.0,0.0,1,400.0,401.0,10.0,0.0,1,400.0,401.0,10.0,0.0,1,400.0,403.0,10.0,0.0,1
2026-03-23 15:45:06,44.5,400.0,403.0,20.0,0.0,1,400.0,401.0,20.0,0.0,1,400.0,402.0,10.0,0.0,1,400.0,401.0,10.0,0.0,1,400.0,402.0,10.0,0.0,1,400.0,403.0,10.0,0.0,1
2026-03-23 15:45:07,45.22,400.0,403.0,20.0,0.0,1,400.0,400.0,20.0,0.0,1,400.0,402.0,10.0,0.0,1,400.0,401.0,10.0,0.0,1,400.0,400.0,10.0,0.0,1,400.0,403.0,10.0,0.0,1
2026-03-23 15:45:08,45.95,400.0,403.0,20.0,0.0,1,400.0,400.0,20.0,0.0,1,400.0,402.0,10.0,0.0,1,400.0,402.0,10.0,0.0,1,400.0,400.0,10.0,0.0,1,400.0,403.0,10.0,0.0,1
2026-03-23 15:45:09,46.7,400.0,403.0,20.0,0.0,1,400.0,400.0,20.0,0.0,1,400.0,402.0,10.0,0.0,1,400.0,401.0,10.0,0.0,1,400.0,400.0,10.0,0.0,1,400.0,403.0,10.0,0.0,1
2026-03-23 15:45:09,47.43,400.0,403.0,20.0,0.0,1,400.0,400.0,20.0,0.0,1,400.0,402.0,10.0,0.0,1,400.0,401.0,10.0,0.0,1,400.0,400.0,10.0,0.0,1,400.0,403.0,10.0,0.0,1
2026-03-23 15:45:10,48.15,400.0,403.0,20.0,0.0,1,400.0,400.0,20.0,0.0,1,400.0,402.0,10.0,0.0,1,400.0,401.0,10.0,0.0,1,400.0,400.0,10.0,0.0,1,400.0,403.0,10.0,0.0,1
2026-03-23 15:45:11,48.87,400.0,403.0,20.0,0.0,1,400.0,401.0,20.0,0.0,1,400.0,403.0,10.0,0.0,1,400.0,401.0,10.0,0.0,1,400.0,400.0,10.0,0.0,1,400.0,403.0,10.0,0.0,1
2026-03-23 15:45:11,49.58,400.0,403.0,20.0,0.0,1,400.0,401.0,20.0,0.0,1,400.0,402.0,10.0,0.0,1,400.0,401.0,10.0,0.0,1,400.0,400.0,10.0,0.0,1,400.0,403.0,10.0,0.0,1
2026-03-23 15:45:12,50.31,400.0,403.0,20.0,0.0,1,400.0,401.0,20.0,0.0,1,400.0,402.0,10.0,0.0,1,400.0,401.0,10.0,0.0,1,400.0,401.0,10.0,0.0,1,400.0,403.0,10.0,0.0,1
2026-03-23 15:45:13,51.04,400.0,403.0,20.0,0.0,1,400.0,401.0,20.0,0.0,1,400.0,402.0,10.0,0.0,1,400.0,401.0,10.0,0.0,1,400.0,401.0,10.0,0.0,1,400.0,404.0,10.0,0.0,1
2026-03-23 15:45:14,51.75,400.0,403.0,20.0,0.0,1,400.0,401.0,20.0,0.0,1,400.0,402.0,10.0,0.0,1,400.0,401.0,10.0,0.0,1,400.0,398.0,10.0,0.0,1,400.0,404.0,10.0,0.0,1
2026-03-23 15:45:14,52.47,400.0,403.0,20.0,0.0,1,400.0,401.0,20.0,0.0,1,400.0,404.0,10.0,0.0,1,400.0,402.0,10.0,0.0,1,400.0,401.0,10.0,0.0,1,400.0,404.0,10.0,0.0,1
2026-03-23 15:45:15,53.19,400.0,403.0,20.0,0.0,1,400.0,400.0,20.0,0.0,1,400.0,402.0,10.0,0.0,1,400.0,400.0,10.0,0.0,1,400.0,401.0,10.0,0.0,1,400.0,404.0,10.0,0.0,1
2026-03-23 15:45:16,53.93,400.0,403.0,20.0,0.0,1,400.0,401.0,20.0,0.0,1,400.0,402.0,10.0,0.0,1,400.0,400.0,10.0,0.0,1,400.0,401.0,10.0,0.0,1,400.0,404.0,10.0,0.0,1
2026-03-23 15:45:16,54.66,400.0,403.0,20.0,0.0,1,400.0,400.0,20.0,0.0,1,400.0,402.0,10.0,0.0,1,400.0,400.0,10.0,0.0,1,400.0,401.0,10.0,0.0,1,400.0,403.0,10.0,0.0,1
2026-03-23 15:45:17,55.4,400.0,404.0,20.0,0.0,1,400.0,401.0,20.0,0.0,1,400.0,402.0,10.0,0.0,1,400.0,401.0,10.0,0.0,1,400.0,401.0,10.0,0.0,1,400.0,404.0,10.0,0.0,1
2026-03-23 15:45:18,56.12,400.0,404.0,20.0,0.0,1,400.0,401.0,20.0,0.0,1,400.0,402.0,10.0,0.0,1,400.0,401.0,10.0,0.0,1,400.0,402.0,10.0,0.0,1,400.0,404.0,10.0,0.0,1
2026-03-23 15:45:19,56.86,400.0,404.0,20.0,0.0,1,400.0,401.0,20.0,0.0,1,400.0,402.0,10.0,0.0,1,400.0,400.0,10.0,0.0,1,400.0,399.0,10.0,0.0,1,400.0,404.0,10.0,0.0,1
2026-03-23 15:45:19,57.6,400.0,403.0,20.0,0.0,1,400.0,401.0,20.0,0.0,1,400.0,402.0,10.0,0.0,1,400.0,401.0,10.0,0.0,1,400.0,402.0,10.0,0.0,1,400.0,404.0,10.0,0.0,1
2026-03-23 15:45:20,58.36,400.0,402.0,20.0,0.0,1,400.0,401.0,20.0,0.0,1,400.0,402.0,10.0,0.0,1,400.0,401.0,10.0,0.0,1,400.0,401.0,10.0,0.0,1,400.0,404.0,10.0,0.0,1
2026-03-23 15:45:21,59.09,400.0,404.0,20.0,0.0,1,400.0,400.0,20.0,0.0,1,400.0,402.0,10.0,0.0,1,400.0,401.0,10.0,0.0,1,400.0,401.0,10.0,0.0,1,400.0,403.0,10.0,0.0,1
2026-03-23 15:45:22,59.86,400.0,404.0,20.0,0.0,1,400.0,401.0,20.0,0.0,1,400.0,402.0,10.0,0.0,1,400.0,401.0,10.0,0.0,1,400.0,400.0,10.0,0.0,1,400.0,403.0,10.0,0.0,1
2026-03-23 15:45:22,60.58,400.0,404.0,20.0,0.0,1,400.0,401.0,20.0,0.0,1,400.0,402.0,10.0,0.0,1,400.0,400.0,10.0,0.0,1,400.0,402.0,10.0,0.0,1,400.0,403.0,10.0,0.0,1
2026-03-23 15:45:23,61.31,400.0,404.0,20.0,0.0,1,400.0,401.0,20.0,0.0,1,400.0,402.0,10.0,0.0,1,400.0,400.0,10.0,0.0,1,400.0,401.0,10.0,0.0,1,400.0,404.0,10.0,0.0,1
2026-03-23 15:45:24,62.04,400.0,403.0,20.0,0.0,1,400.0,400.0,20.0,0.0,1,400.0,402.0,10.0,0.0,1,400.0,400.0,10.0,0.0,1,400.0,401.0,10.0,0.0,1,400.0,404.0,10.0,0.0,1
2026-03-23 15:45:25,62.79,400.0,403.0,20.0,0.0,1,400.0,400.0,20.0,0.0,1,400.0,402.0,10.0,0.0,1,400.0,400.0,10.0,0.0,1,400.0,399.0,10.0,0.0,1,400.0,403.0,10.0,0.0,1
2026-03-23 15:45:25,63.52,400.0,403.0,20.0,0.0,1,400.0,402.0,20.0,0.0,1,400.0,403.0,10.0,0.0,1,400.0,401.0,10.0,0.0,1,400.0,400.0,10.0,0.0,1,400.0,403.0,10.0,0.0,1
2026-03-23 15:45:26,64.27,400.0,403.0,20.0,0.0,1,400.0,400.0,20.0,0.0,1,400.0,403.0,10.0,0.0,1,400.0,401.0,10.0,0.0,1,400.0,401.0,10.0,0.0,1,400.0,403.0,10.0,0.0,1
2026-03-23 15:45:27,64.99,400.0,403.0,20.0,0.0,1,400.0,401.0,20.0,0.0,1,400.0,403.0,10.0,0.0,1,400.0,401.0,10.0,0.0,1,400.0,401.0,10.0,0.0,1,400.0,403.0,10.0,0.0,1
2026-03-23 15:45:28,65.73,400.0,403.0,20.0,0.0,1,400.0,401.0,20.0,0.0,1,400.0,402.0,10.0,0.0,1,400.0,401.0,10.0,0.0,1,400.0,401.0,10.0,0.0,1,400.0,403.0,10.0,0.0,1
2026-03-23 15:45:28,66.48,400.0,404.0,20.0,0.0,1,400.0,400.0,20.0,0.0,1,400.0,402.0,10.0,0.0,1,400.0,401.0,10.0,0.0,1,400.0,401.0,10.0,0.0,1,400.0,403.0,10.0,0.0,1
2026-03-23 15:45:29,67.21,400.0,402.0,20.0,0.0,1,400.0,400.0,20.0,0.0,1,400.0,402.0,10.0,0.0,1,400.0,401.0,10.0,0.0,1,400.0,401.0,10.0,0.0,1,400.0,403.0,10.0,0.0,1
2026-03-23 15:45:30,67.92,400.0,404.0,20.0,0.0,1,400.0,400.0,20.0,0.0,1,400.0,402.0,10.0,0.0,1,400.0,401.0,10.0,0.0,1,400.0,400.0,10.0,0.0,1,400.0,403.0,10.0,0.0,1
2026-03-23 15:45:30,68.63,400.0,404.0,20.0,0.0,1,400.0,400.0,20.0,0.0,1,400.0,401.0,10.0,0.0,1,400.0,401.0,10.0,0.0,1,400.0,400.0,10.0,0.0,1,400.0,404.0,10.0,0.0,1
2026-03-23 15:45:31,69.35,400.0,403.0,20.0,0.0,1,400.0,401.0,20.0,0.0,1,400.0,404.0,10.0,0.0,1,400.0,401.0,10.0,0.0,1,400.0,401.0,10.0,0.0,1,400.0,402.0,10.0,0.0,1
2026-03-23 15:45:32,70.08,400.0,403.0,20.0,0.0,1,400.0,401.0,20.0,0.0,1,400.0,402.0,10.0,0.0,1,400.0,402.0,10.0,0.0,1,400.0,400.0,10.0,0.0,1,400.0,402.0,10.0,0.0,1
2026-03-23 15:45:33,70.8,400.0,403.0,20.0,0.0,1,400.0,401.0,20.0,0.0,1,400.0,402.0,10.0,0.0,1,400.0,400.0,10.0,0.0,1,400.0,401.0,10.0,0.0,1,400.0,403.0,10.0,0.0,1
2026-03-23 15:45:33,71.55,400.0,403.0,20.0,0.0,1,400.0,401.0,20.0,0.0,1,400.0,402.0,10.0,0.0,1,400.0,401.0,10.0,0.0,1,400.0,401.0,10.0,0.0,1,400.0,404.0,10.0,0.0,1
2026-03-23 15:45:34,72.29,400.0,403.0,20.0,0.0,1,400.0,401.0,20.0,0.0,1,400.0,402.0,10.0,0.0,1,400.0,401.0,10.0,0.0,1,400.0,401.0,10.0,0.0,1,400.0,404.0,10.0,0.0,1
2026-03-23 15:45:35,73.03,400.0,403.0,20.0,0.0,1,400.0,401.0,20.0,0.0,1,400.0,402.0,10.0,0.0,1,400.0,401.0,10.0,0.0,1,400.0,402.0,10.0,0.0,1,400.0,402.0,10.0,0.0,1
2026-03-23 15:45:36,73.82,400.0,403.0,20.0,0.0,1,400.0,401.0,20.0,0.0,1,400.0,402.0,10.0,0.0,1,400.0,401.0,10.0,0.0,1,400.0,401.0,10.0,0.0,1,400.0,402.0,10.0,0.0,1
2026-03-23 15:45:36,74.55,400.0,403.0,20.0,0.0,1,400.0,401.0,20.0,0.0,1,400.0,402.0,10.0,0.0,1,400.0,400.0,10.0,0.0,1,400.0,400.0,10.0,0.0,1,400.0,402.0,10.0,0.0,1
2026-03-23 15:45:37,75.28,400.0,404.0,20.0,0.0,1,400.0,401.0,20.0,0.0,1,400.0,402.0,10.0,0.0,1,400.0,400.0,10.0,0.0,1,400.0,400.0,10.0,0.0,1,400.0,402.0,10.0,0.0,1
2026-03-23 15:45:38,76.01,400.0,404.0,20.0,0.0,1,400.0,401.0,20.0,0.0,1,400.0,402.0,10.0,0.0,1,400.0,400.0,10.0,0.0,1,400.0,400.0,10.0,0.0,1,400.0,403.0,10.0,0.0,1
2026-03-23 15:45:39,76.74,400.0,404.0,20.0,0.0,1,400.0,401.0,20.0,0.0,1,400.0,402.0,10.0,0.0,1,400.0,401.0,10.0,0.0,1,400.0,400.0,10.0,0.0,1,400.0,403.0,10.0,0.0,1
2026-03-23 15:45:39,77.48,400.0,404.0,20.0,0.0,1,400.0,401.0,20.0,0.0,1,400.0,402.0,10.0,0.0,1,400.0,401.0,10.0,0.0,1,400.0,402.0,10.0,0.0,1,400.0,403.0,10.0,0.0,1
2026-03-23 15:45:40,78.22,400.0,404.0,20.0,0.0,1,400.0,401.0,20.0,0.0,1,400.0,402.0,10.0,0.0,1,400.0,401.0,10.0,0.0,1,400.0,400.0,10.0,0.0,1,400.0,403.0,10.0,0.0,1
2026-03-23 15:45:41,78.96,400.0,403.0,20.0,0.0,1,400.0,402.0,20.0,0.0,1,400.0,402.0,10.0,0.0,1,400.0,401.0,10.0,0.0,1,400.0,401.0,10.0,0.0,1,400.0,404.0,10.0,0.0,1
2026-03-23 15:45:42,79.71,400.0,403.0,20.0,0.0,1,400.0,400.0,20.0,0.0,1,400.0,402.0,10.0,0.0,1,400.0,401.0,10.0,0.0,1,400.0,400.0,10.0,0.0,1,400.0,404.0,10.0,0.0,1
2026-03-23 15:45:42,80.48,400.0,403.0,20.0,0.0,1,400.0,400.0,20.0,0.0,1,400.0,402.0,10.0,0.0,1,400.0,401.0,10.0,0.0,1,400.0,400.0,10.0,0.0,1,400.0,403.0,10.0,0.0,1
2026-03-23 15:45:43,81.2,400.0,404.0,20.0,0.0,1,400.0,401.0,20.0,0.0,1,400.0,402.0,10.0,0.0,1,400.0,401.0,10.0,0.0,1,400.0,401.0,10.0,0.0,1,400.0,403.0,10.0,0.0,1
2026-03-23 15:45:44,81.97,400.0,404.0,20.0,0.0,1,400.0,400.0,20.0,0.0,1,400.0,402.0,10.0,0.0,1,400.0,400.0,10.0,0.0,1,400.0,401.0,10.0,0.0,1,400.0,403.0,10.0,0.0,1
2026-03-23 15:45:44,82.69,400.0,403.0,20.0,0.0,1,400.0,400.0,20.0,0.0,1,400.0,402.0,10.0,0.0,1,400.0,400.0,10.0,0.0,1,400.0,401.0,10.0,0.0,1,400.0,403.0,10.0,0.0,1
2026-03-23 15:45:45,83.45,400.0,402.0,20.0,0.0,1,400.0,401.0,20.0,0.0,1,400.0,402.0,10.0,0.0,1,400.0,400.0,10.0,0.0,1,400.0,401.0,10.0,0.0,1,400.0,403.0,10.0,0.0,1
2026-03-23 15:45:46,84.18,400.0,402.0,20.0,0.0,1,400.0,401.0,20.0,0.0,1,400.0,402.0,10.0,0.0,1,400.0,401.0,10.0,0.0,1,400.0,401.0,10.0,0.0,1,400.0,403.0,10.0,0.0,1
2026-03-23 15:45:47,84.91,400.0,404.0,20.0,0.0,1,400.0,401.0,20.0,0.0,1,400.0,402.0,10.0,0.0,1,400.0,401.0,10.0,0.0,1,400.0,401.0,10.0,0.0,1,400.0,403.0,10.0,0.0,1
2026-03-23 15:45:47,85.64,400.0,403.0,20.0,0.0,1,400.0,401.0,20.0,0.0,1,400.0,402.0,10.0,0.0,1,400.0,402.0,10.0,0.0,1,400.0,401.0,10.0,0.0,1,400.0,404.0,10.0,0.0,1
2026-03-23 15:45:48,86.41,400.0,404.0,20.0,0.0,1,400.0,401.0,20.0,0.0,1,400.0,402.0,10.0,0.0,1,400.0,402.0,10.0,0.0,1,400.0,401.0,10.0,0.0,1,400.0,402.0,10.0,0.0,1
2026-03-23 15:45:49,87.15,400.0,403.0,20.0,0.0,1,400.0,401.0,20.0,0.0,1,400.0,402.0,10.0,0.0,1,400.0,402.0,10.0,0.0,1,400.0,400.0,10.0,0.0,1,400.0,401.0,10.0,0.0,1
2026-03-23 15:45:50,87.89,400.0,405.0,20.0,0.0,1,400.0,401.0,20.0,0.0,1,400.0,402.0,10.0,0.0,1,400.0,401.0,10.0,0.0,1,400.0,402.0,10.0,0.0,1,400.0,402.0,10.0,0.0,1
2026-03-23 15:45:50,88.64,400.0,403.0,20.0,0.0,1,400.0,401.0,20.0,0.0,1,400.0,402.0,10.0,0.0,1,400.0,401.0,10.0,0.0,1,400.0,401.0,10.0,0.0,1,400.0,403.0,10.0,0.0,1
2026-03-23 15:45:51,89.38,400.0,403.0,20.0,0.0,1,400.0,401.0,20.0,0.0,1,400.0,404.0,10.0,0.0,1,400.0,401.0,10.0,0.0,1,400.0,401.0,10.0,0.0,1,400.0,403.0,10.0,0.0,1
2026-03-23 15:45:52,90.11,400.0,403.0,20.0,0.0,1,400.0,401.0,20.0,0.0,1,400.0,403.0,10.0,0.0,1,400.0,401.0,10.0,0.0,1,400.0,401.0,10.0,0.0,1,400.0,404.0,10.0,0.0,1
2026-03-23 15:45:53,90.85,400.0,403.0,20.0,0.0,1,400.0,401.0,20.0,0.0,1,400.0,402.0,10.0,0.0,1,400.0,401.0,10.0,0.0,1,400.0,401.0,10.0,0.0,1,400.0,404.0,10.0,0.0,1
2026-03-23 15:45:53,91.59,400.0,403.0,20.0,0.0,1,400.0,400.0,20.0,0.0,1,400.0,402.0,10.0,0.0,1,400.0,401.0,10.0,0.0,1,400.0,401.0,10.0,0.0,1,400.0,404.0,10.0,0.0,1
2026-03-23 15:45:54,92.32,400.0,403.0,20.0,0.0,1,400.0,400.0,20.0,0.0,1,400.0,402.0,10.0,0.0,1,400.0,402.0,10.0,0.0,1,400.0,400.0,10.0,0.0,1,400.0,402.0,10.0,0.0,1
2026-03-23 15:45:55,93.06,400.0,403.0,20.0,0.0,1,400.0,400.0,20.0,0.0,1,400.0,402.0,10.0,0.0,1,400.0,402.0,10.0,0.0,1,400.0,400.0,10.0,0.0,1,400.0,403.0,10.0,0.0,1
2026-03-23 15:45:56,93.8,400.0,403.0,20.0,0.0,1,400.0,400.0,20.0,0.0,1,400.0,402.0,10.0,0.0,1,400.0,402.0,10.0,0.0,1,400.0,400.0,10.0,0.0,1,400.0,402.0,10.0,0.0,1
2026-03-23 15:45:56,94.57,400.0,403.0,20.0,0.0,1,400.0,400.0,20.0,0.0,1,400.0,402.0,10.0,0.0,1,400.0,402.0,10.0,0.0,1,400.0,400.0,10.0,0.0,1,400.0,402.0,10.0,0.0,1
2026-03-23 15:45:57,95.32,400.0,404.0,20.0,0.0,1,400.0,400.0,20.0,0.0,1,400.0,402.0,10.0,0.0,1,400.0,400.0,10.0,0.0,1,400.0,402.0,10.0,0.0,1,400.0,403.0,10.0,0.0,1
2026-03-23 15:45:58,96.07,400.0,402.0,20.0,0.0,1,400.0,400.0,20.0,0.0,1,400.0,402.0,10.0,0.0,1,400.0,401.0,10.0,0.0,1,400.0,402.0,10.0,0.0,1,400.0,403.0,10.0,0.0,1
2026-03-23 15:45:59,96.81,400.0,403.0,20.0,0.0,1,400.0,400.0,20.0,0.0,1,400.0,402.0,10.0,0.0,1,400.0,400.0,10.0,0.0,1,400.0,400.0,10.0,0.0,1,400.0,404.0,10.0,0.0,1
2026-03-23 15:45:59,97.57,400.0,403.0,20.0,0.0,1,400.0,400.0,20.0,0.0,1,400.0,402.0,10.0,0.0,1,400.0,401.0,10.0,0.0,1,400.0,400.0,10.0,0.0,1,400.0,404.0,10.0,0.0,1
2026-03-23 15:46:00,98.31,400.0,403.0,20.0,0.0,1,400.0,400.0,20.0,0.0,1,400.0,402.0,10.0,0.0,1,400.0,401.0,10.0,0.0,1,400.0,400.0,10.0,0.0,1,400.0,403.0,10.0,0.0,1
2026-03-23 15:46:01,99.04,400.0,403.0,20.0,0.0,1,400.0,400.0,20.0,0.0,1,400.0,402.0,10.0,0.0,1,400.0,401.0,10.0,0.0,1,400.0,400.0,10.0,0.0,1,400.0,403.0,10.0,0.0,1
2026-03-23 15:46:02,99.79,400.0,403.0,20.0,0.0,1,400.0,400.0,20.0,0.0,1,400.0,402.0,10.0,0.0,1,400.0,401.0,10.0,0.0,1,400.0,400.0,10.0,0.0,1,400.0,403.0,10.0,0.0,1
2026-03-23 15:46:02,100.55,400.0,403.0,20.0,0.0,1,400.0,400.0,20.0,0.0,1,400.0,402.0,10.0,0.0,1,400.0,401.0,10.0,0.0,1,400.0,400.0,10.0,0.0,1,400.0,403.0,10.0,0.0,1
2026-03-23 15:46:03,101.29,400.0,403.0,20.0,0.0,1,400.0,401.0,20.0,0.0,1,400.0,402.0,10.0,0.0,1,400.0,401.0,10.0,0.0,1,400.0,400.0,10.0,0.0,1,400.0,403.0,10.0,0.0,1
2026-03-23 15:46:04,102.05,400.0,403.0,20.0,0.0,1,400.0,401.0,20.0,0.0,1,400.0,402.0,10.0,0.0,1,400.0,402.0,10.0,0.0,1,400.0,401.0,10.0,0.0,1,400.0,403.0,10.0,0.0,1
2026-03-23 15:46:05,102.78,400.0,411.0,20.0,0.0,1,400.0,399.0,20.0,0.0,1,400.0,402.0,10.0,0.0,1,400.0,401.0,10.0,0.0,1,400.0,401.0,10.0,0.0,1,400.0,402.0,10.0,0.0,1
2026-03-23 15:46:05,103.52,400.0,393.0,20.0,0.0,1,400.0,400.0,20.0,0.0,1,400.0,402.0,10.0,0.0,1,400.0,401.0,10.0,0.0,1,400.0,401.0,10.0,0.0,1,400.0,402.0,10.0,0.0,1
2026-03-23 15:46:06,104.26,400.0,403.0,20.0,0.0,1,400.0,400.0,20.0,0.0,1,400.0,402.0,10.0,0.0,1,400.0,402.0,10.0,0.0,1,400.0,401.0,10.0,0.0,1,400.0,404.0,10.0,0.0,1
2026-03-23 15:46:07,105.0,400.0,403.0,20.0,0.0,1,400.0,400.0,20.0,0.0,1,400.0,402.0,10.0,0.0,1,400.0,402.0,10.0,0.0,1,400.0,401.0,10.0,0.0,1,400.0,404.0,10.0,0.0,1
2026-03-23 15:46:08,105.74,400.0,403.0,20.0,0.0,1,400.0,400.0,20.0,0.0,1,400.0,402.0,10.0,0.0,1,400.0,402.0,10.0,0.0,1,400.0,402.0,10.0,0.0,1,400.0,402.0,10.0,0.0,1
2026-03-23 15:46:08,106.47,400.0,402.0,20.0,0.0,1,400.0,400.0,20.0,0.0,1,400.0,402.0,10.0,0.0,1,400.0,401.0,10.0,0.0,1,400.0,400.0,10.0,0.0,1,400.0,402.0,10.0,0.0,1
2026-03-23 15:46:09,107.19,400.0,403.0,20.0,0.0,1,400.0,400.0,20.0,0.0,1,400.0,402.0,10.0,0.0,1,400.0,401.0,10.0,0.0,1,400.0,400.0,10.0,0.0,1,400.0,404.0,10.0,0.0,1
2026-03-23 15:46:10,107.93,400.0,403.0,20.0,0.0,1,400.0,400.0,20.0,0.0,1,400.0,402.0,10.0,0.0,1,400.0,401.0,10.0,0.0,1,400.0,400.0,10.0,0.0,1,400.0,403.0,10.0,0.0,1
2026-03-23 15:46:10,108.67,400.0,403.0,20.0,0.0,1,400.0,400.0,20.0,0.0,1,400.0,402.0,10.0,0.0,1,400.0,401.0,10.0,0.0,1,400.0,400.0,10.0,0.0,1,400.0,403.0,10.0,0.0,1
2026-03-23 15:46:11,109.44,400.0,403.0,20.0,0.0,1,400.0,401.0,20.0,0.0,1,400.0,401.0,10.0,0.0,1,400.0,402.0,10.0,0.0,1,400.0,400.0,10.0,0.0,1,400.0,403.0,10.0,0.0,1
2026-03-23 15:46:12,110.2,400.0,405.0,20.0,0.0,1,400.0,400.0,20.0,0.0,1,400.0,402.0,10.0,0.0,1,400.0,401.0,10.0,0.0,1,400.0,400.0,10.0,0.0,1,400.0,404.0,10.0,0.0,1
2026-03-23 15:46:13,110.94,400.0,405.0,20.0,0.0,1,400.0,400.0,20.0,0.0,1,400.0,402.0,10.0,0.0,1,400.0,402.0,10.0,0.0,1,400.0,400.0,10.0,0.0,1,400.0,402.0,10.0,0.0,1
2026-03-23 15:46:14,111.7,400.0,403.0,20.0,0.0,1,400.0,400.0,20.0,0.0,1,400.0,402.0,10.0,0.0,1,400.0,402.0,10.0,0.0,1,400.0,401.0,10.0,0.0,1,400.0,403.0,10.0,0.0,1
2026-03-23 15:46:14,112.45,400.0,402.0,20.0,0.0,1,400.0,400.0,20.0,0.0,1,400.0,402.0,10.0,0.0,1,400.0,402.0,10.0,0.0,1,400.0,400.0,10.0,0.0,1,400.0,403.0,10.0,0.0,1
2026-03-23 15:46:15,113.18,400.0,402.0,20.0,0.0,1,400.0,400.0,20.0,0.0,1,400.0,402.0,10.0,0.0,1,400.0,402.0,10.0,0.0,1,400.0,401.0,10.0,0.0,1,400.0,403.0,10.0,0.0,1
2026-03-23 15:46:16,113.94,400.0,403.0,20.0,0.0,1,400.0,401.0,20.0,0.0,1,400.0,402.0,10.0,0.0,1,400.0,401.0,10.0,0.0,1,400.0,400.0,10.0,0.0,1,400.0,403.0,10.0,0.0,1
2026-03-23 15:46:17,114.7,400.0,402.0,20.0,0.0,1,400.0,400.0,20.0,0.0,1,400.0,402.0,10.0,0.0,1,400.0,401.0,10.0,0.0,1,400.0,401.0,10.0,0.0,1,400.0,403.0,10.0,0.0,1
2026-03-23 15:46:17,115.49,400.0,404.0,20.0,0.0,1,400.0,400.0,20.0,0.0,1,400.0,402.0,10.0,0.0,1,400.0,402.0,10.0,0.0,1,400.0,400.0,10.0,0.0,1,400.0,402.0,10.0,0.0,1
2026-03-23 15:46:18,116.23,400.0,403.0,20.0,0.0,1,400.0,401.0,20.0,0.0,1,400.0,402.0,10.0,0.0,1,400.0,401.0,10.0,0.0,1,400.0,400.0,10.0,0.0,1,400.0,402.0,10.0,0.0,1
2026-03-23 15:46:19,116.96,400.0,403.0,20.0,0.0,1,400.0,401.0,20.0,0.0,1,400.0,402.0,10.0,0.0,1,400.0,401.0,10.0,0.0,1,400.0,401.0,10.0,0.0,1,400.0,401.0,10.0,0.0,1
2026-03-23 15:46:20,117.71,400.0,403.0,20.0,0.0,1,400.0,401.0,20.0,0.0,1,400.0,402.0,10.0,0.0,1,400.0,401.0,10.0,0.0,1,400.0,401.0,10.0,0.0,1,400.0,402.0,10.0,0.0,1
2026-03-23 15:46:20,118.46,400.0,403.0,20.0,0.0,1,400.0,401.0,20.0,0.0,1,400.0,402.0,10.0,0.0,1,400.0,401.0,10.0,0.0,1,400.0,401.0,10.0,0.0,1,400.0,403.0,10.0,0.0,1
2026-03-23 15:46:21,119.2,400.0,404.0,20.0,0.0,1,400.0,401.0,20.0,0.0,1,400.0,402.0,10.0,0.0,1,400.0,401.0,10.0,0.0,1,400.0,401.0,10.0,0.0,1,400.0,403.0,10.0,0.0,1
2026-03-23 15:46:22,119.93,400.0,404.0,20.0,0.0,1,400.0,401.0,20.0,0.0,1,400.0,402.0,10.0,0.0,1,400.0,401.0,10.0,0.0,1,400.0,400.0,10.0,0.0,1,400.0,403.0,10.0,0.0,1
2026-03-23 15:46:22,120.67,400.0,403.0,20.0,0.0,1,400.0,400.0,20.0,0.0,1,400.0,401.0,10.0,0.0,1,400.0,401.0,10.0,0.0,1,400.0,400.0,10.0,0.0,1,400.0,404.0,10.0,0.0,1
2026-03-23 15:46:23,121.4,400.0,405.0,20.0,0.0,1,400.0,401.0,20.0,0.0,1,400.0,401.0,10.0,0.0,1,400.0,401.0,10.0,0.0,1,400.0,400.0,10.0,0.0,1,400.0,402.0,10.0,0.0,1
2026-03-23 15:46:24,122.16,400.0,425.0,20.0,0.0,1,400.0,401.0,20.0,0.0,1,400.0,402.0,10.0,0.0,1,400.0,401.0,10.0,0.0,1,400.0,400.0,10.0,0.0,1,400.0,403.0,10.0,0.0,1
2026-03-23 15:46:25,122.92,400.0,385.0,20.0,0.0,1,400.0,401.0,20.0,0.0,1,400.0,402.0,10.0,0.0,1,400.0,401.0,10.0,0.0,1,400.0,401.0,10.0,0.0,1,400.0,402.0,10.0,0.0,1
2026-03-23 15:46:25,123.65,400.0,403.0,20.0,0.0,1,400.0,401.0,20.0,0.0,1,400.0,402.0,10.0,0.0,1,400.0,401.0,10.0,0.0,1,400.0,402.0,10.0,0.0,1,400.0,402.0,10.0,0.0,1
2026-03-23 15:46:26,124.46,400.0,405.0,20.0,0.0,1,400.0,400.0,20.0,0.0,1,400.0,400.0,10.0,0.0,1,400.0,401.0,10.0,0.0,1,400.0,401.0,10.0,0.0,1,400.0,402.0,10.0,0.0,1
2026-03-23 15:46:27,125.19,400.0,405.0,20.0,0.0,1,400.0,400.0,20.0,0.0,1,400.0,402.0,10.0,0.0,1,400.0,401.0,10.0,0.0,1,400.0,401.0,10.0,0.0,1,400.0,402.0,10.0,0.0,1
2026-03-23 15:46:28,125.94,400.0,404.0,20.0,0.0,1,400.0,401.0,20.0,0.0,1,400.0,402.0,10.0,0.0,1,400.0,401.0,10.0,0.0,1,400.0,401.0,10.0,0.0,1,400.0,403.0,10.0,0.0,1
2026-03-23 15:46:29,126.7,400.0,404.0,20.0,0.0,1,400.0,401.0,20.0,0.0,1,400.0,402.0,10.0,0.0,1,400.0,401.0,10.0,0.0,1,400.0,401.0,10.0,0.0,1,400.0,403.0,10.0,0.0,1
2026-03-23 15:46:29,127.43,400.0,404.0,20.0,0.0,1,400.0,401.0,20.0,0.0,1,400.0,402.0,10.0,0.0,1,400.0,402.0,10.0,0.0,1,400.0,401.0,10.0,0.0,1,400.0,403.0,10.0,0.0,1
2026-03-23 15:46:30,128.17,400.0,402.0,20.0,0.0,1,400.0,401.0,20.0,0.0,1,400.0,402.0,10.0,0.0,1,400.0,402.0,10.0,0.0,1,400.0,400.0,10.0,0.0,1,400.0,402.0,10.0,0.0,1
2026-03-23 15:46:31,128.91,400.0,403.0,20.0,0.0,1,400.0,401.0,20.0,0.0,1,400.0,402.0,10.0,0.0,1,400.0,402.0,10.0,0.0,1,400.0,400.0,10.0,0.0,1,400.0,403.0,10.0,0.0,1
2026-03-23 15:46:31,129.64,400.0,402.0,20.0,0.0,1,400.0,401.0,20.0,0.0,1,400.0,402.0,10.0,0.0,1,400.0,401.0,10.0,0.0,1,400.0,400.0,10.0,0.0,1,400.0,403.0,10.0,0.0,1
2026-03-23 15:46:32,130.41,400.0,402.0,20.0,0.0,1,400.0,401.0,20.0,0.0,1,400.0,403.0,10.0,0.0,1,400.0,401.0,10.0,0.0,1,400.0,400.0,10.0,0.0,1,400.0,403.0,10.0,0.0,1
2026-03-23 15:46:33,131.13,400.0,402.0,20.0,0.0,1,400.0,401.0,20.0,0.0,1,400.0,402.0,10.0,0.0,1,400.0,400.0,10.0,0.0,1,400.0,402.0,10.0,0.0,1,400.0,403.0,10.0,0.0,1
2026-03-23 15:46:34,131.87,400.0,402.0,20.0,0.0,1,400.0,401.0,20.0,0.0,1,400.0,403.0,10.0,0.0,1,400.0,402.0,10.0,0.0,1,400.0,402.0,10.0,0.0,1,400.0,404.0,10.0,0.0,1
2026-03-23 15:46:34,132.61,400.0,404.0,20.0,0.0,1,400.0,401.0,20.0,0.0,1,400.0,403.0,10.0,0.0,1,400.0,401.0,10.0,0.0,1,400.0,400.0,10.0,0.0,1,400.0,404.0,10.0,0.0,1
2026-03-23 15:46:35,133.36,400.0,403.0,20.0,0.0,1,400.0,402.0,20.0,0.0,1,400.0,402.0,10.0,0.0,1,400.0,401.0,10.0,0.0,1,400.0,400.0,10.0,0.0,1,400.0,403.0,10.0,0.0,1
2026-03-23 15:46:36,134.08,400.0,403.0,20.0,0.0,1,400.0,401.0,20.0,0.0,1,400.0,402.0,10.0,0.0,1,400.0,402.0,10.0,0.0,1,400.0,401.0,10.0,0.0,1,400.0,403.0,10.0,0.0,1
2026-03-23 15:46:37,134.85,400.0,403.0,20.0,0.0,1,400.0,401.0,20.0,0.0,1,400.0,402.0,10.0,0.0,1,400.0,402.0,10.0,0.0,1,400.0,401.0,10.0,0.0,1,400.0,403.0,10.0,0.0,1
2026-03-23 15:46:37,135.58,400.0,403.0,20.0,0.0,1,400.0,401.0,20.0,0.0,1,400.0,402.0,10.0,0.0,1,400.0,401.0,10.0,0.0,1,400.0,401.0,10.0,0.0,1,400.0,403.0,10.0,0.0,1
2026-03-23 15:46:38,136.31,400.0,403.0,20.0,0.0,1,400.0,401.0,20.0,0.0,1,400.0,402.0,10.0,0.0,1,400.0,401.0,10.0,0.0,1,400.0,400.0,10.0,0.0,1,400.0,403.0,10.0,0.0,1
2026-03-23 15:46:39,137.03,400.0,403.0,20.0,0.0,1,400.0,401.0,20.0,0.0,1,400.0,402.0,10.0,0.0,1,400.0,401.0,10.0,0.0,1,400.0,401.0,10.0,0.0,1,400.0,403.0,10.0,0.0,1
2026-03-23 15:46:40,137.8,400.0,404.0,20.0,0.0,1,400.0,400.0,20.0,0.0,1,400.0,403.0,10.0,0.0,1,400.0,401.0,10.0,0.0,1,400.0,401.0,10.0,0.0,1,400.0,403.0,10.0,0.0,1
2026-03-23 15:46:40,138.56,400.0,403.0,20.0,0.0,1,400.0,400.0,20.0,0.0,1,400.0,402.0,10.0,0.0,1,400.0,400.0,10.0,0.0,1,400.0,401.0,10.0,0.0,1,400.0,403.0,10.0,0.0,1
2026-03-23 15:46:41,139.3,400.0,403.0,20.0,0.0,1,400.0,400.0,20.0,0.0,1,400.0,402.0,10.0,0.0,1,400.0,401.0,10.0,0.0,1,400.0,401.0,10.0,0.0,1,400.0,401.0,10.0,0.0,1
2026-03-23 15:46:42,140.03,400.0,403.0,20.0,0.0,1,400.0,400.0,20.0,0.0,1,400.0,402.0,10.0,0.0,1,400.0,401.0,10.0,0.0,1,400.0,401.0,10.0,0.0,1,400.0,403.0,10.0,0.0,1
2026-03-23 15:46:43,140.77,400.0,403.0,20.0,0.0,1,400.0,401.0,20.0,0.0,1,400.0,402.0,10.0,0.0,1,400.0,401.0,10.0,0.0,1,400.0,400.0,10.0,0.0,1,400.0,403.0,10.0,0.0,1
2026-03-23 15:46:43,141.52,400.0,403.0,20.0,0.0,1,400.0,401.0,20.0,0.0,1,400.0,402.0,10.0,0.0,1,400.0,402.0,10.0,0.0,1,400.0,401.0,10.0,0.0,1,400.0,403.0,10.0,0.0,1
2026-03-23 15:46:44,142.27,400.0,403.0,20.0,0.0,1,400.0,401.0,20.0,0.0,1,400.0,402.0,10.0,0.0,1,400.0,402.0,10.0,0.0,1,400.0,401.0,10.0,0.0,1,400.0,403.0,10.0,0.0,1
2026-03-23 15:46:45,143.04,400.0,404.0,20.0,0.0,1,400.0,401.0,20.0,0.0,1,400.0,402.0,10.0,0.0,1,400.0,402.0,10.0,0.0,1,400.0,401.0,10.0,0.0,1,400.0,403.0,10.0,0.0,1
2026-03-23 15:46:46,143.77,400.0,403.0,20.0,0.0,1,400.0,401.0,20.0,0.0,1,400.0,402.0,10.0,0.0,1,400.0,402.0,10.0,0.0,1,400.0,401.0,10.0,0.0,1,400.0,403.0,10.0,0.0,1
2026-03-23 15:46:46,144.5,400.0,403.0,20.0,0.0,1,400.0,400.0,20.0,0.0,1,400.0,402.0,10.0,0.0,1,400.0,401.0,10.0,0.0,1,400.0,400.0,10.0,0.0,1,400.0,403.0,10.0,0.0,1
2026-03-23 15:46:47,145.24,400.0,403.0,20.0,0.0,1,400.0,400.0,20.0,0.0,1,400.0,403.0,10.0,0.0,1,400.0,401.0,10.0,0.0,1,400.0,400.0,10.0,0.0,1,400.0,402.0,10.0,0.0,1
2026-03-23 15:46:48,145.97,400.0,403.0,20.0,0.0,1,400.0,400.0,20.0,0.0,1,400.0,402.0,10.0,0.0,1,400.0,402.0,10.0,0.0,1,400.0,400.0,10.0,0.0,1,400.0,402.0,10.0,0.0,1
2026-03-23 15:46:49,146.7,400.0,403.0,20.0,0.0,1,400.0,400.0,20.0,0.0,1,400.0,402.0,10.0,0.0,1,400.0,402.0,10.0,0.0,1,400.0,400.0,10.0,0.0,1,400.0,402.0,10.0,0.0,1
2026-03-23 15:46:49,147.44,400.0,403.0,20.0,0.0,1,400.0,401.0,20.0,0.0,1,400.0,402.0,10.0,0.0,1,400.0,401.0,10.0,0.0,1,400.0,400.0,10.0,0.0,1,400.0,402.0,10.0,0.0,1
2026-03-23 15:46:50,148.17,400.0,403.0,20.0,0.0,1,400.0,401.0,20.0,0.0,1,400.0,402.0,10.0,0.0,1,400.0,401.0,10.0,0.0,1,400.0,400.0,10.0,0.0,1,400.0,402.0,10.0,0.0,1
2026-03-23 15:46:51,148.9,400.0,404.0,20.0,0.0,1,400.0,401.0,20.0,0.0,1,400.0,402.0,10.0,0.0,1,400.0,400.0,10.0,0.0,1,400.0,401.0,10.0,0.0,1,400.0,404.0,10.0,0.0,1
2026-03-23 15:46:51,149.64,400.0,404.0,20.0,0.0,1,400.0,401.0,20.0,0.0,1,400.0,402.0,10.0,0.0,1,400.0,399.0,10.0,0.0,1,400.0,400.0,10.0,0.0,1,400.0,403.0,10.0,0.0,1
2026-03-23 15:46:52,150.41,400.0,402.0,20.0,0.0,1,400.0,399.0,20.0,0.0,1,400.0,402.0,10.0,0.0,1,400.0,401.0,10.0,0.0,1,400.0,401.0,10.0,0.0,1,400.0,403.0,10.0,0.0,1
2026-03-23 15:46:53,151.16,400.0,404.0,20.0,0.0,1,400.0,400.0,20.0,0.0,1,400.0,402.0,10.0,0.0,1,400.0,401.0,10.0,0.0,1,400.0,401.0,10.0,0.0,1,400.0,404.0,10.0,0.0,1
2026-03-23 15:46:54,151.91,400.0,403.0,20.0,0.0,1,400.0,400.0,20.0,0.0,1,400.0,402.0,10.0,0.0,1,400.0,402.0,10.0,0.0,1,400.0,399.0,10.0,0.0,1,400.0,403.0,10.0,0.0,1
2026-03-23 15:46:54,152.66,400.0,403.0,20.0,0.0,1,400.0,400.0,20.0,0.0,1,400.0,402.0,10.0,0.0,1,400.0,402.0,10.0,0.0,1,400.0,401.0,10.0,0.0,1,400.0,403.0,10.0,0.0,1
2026-03-23 15:46:55,153.42,400.0,403.0,20.0,0.0,1,400.0,400.0,20.0,0.0,1,400.0,401.0,10.0,0.0,1,400.0,400.0,10.0,0.0,1,400.0,402.0,10.0,0.0,1,400.0,403.0,10.0,0.0,1
2026-03-23 15:46:56,154.14,400.0,403.0,20.0,0.0,1,400.0,400.0,20.0,0.0,1,400.0,402.0,10.0,0.0,1,400.0,402.0,10.0,0.0,1,400.0,401.0,10.0,0.0,1,400.0,402.0,10.0,0.0,1
2026-03-23 15:46:57,154.88,400.0,403.0,20.0,0.0,1,400.0,400.0,20.0,0.0,1,400.0,402.0,10.0,0.0,1,400.0,401.0,10.0,0.0,1,400.0,401.0,10.0,0.0,1,400.0,403.0,10.0,0.0,1
2026-03-23 15:46:57,155.6,400.0,403.0,20.0,0.0,1,400.0,400.0,20.0,0.0,1,400.0,403.0,10.0,0.0,1,400.0,401.0,10.0,0.0,1,400.0,401.0,10.0,0.0,1,400.0,403.0,10.0,0.0,1
2026-03-23 15:46:58,156.34,400.0,403.0,20.0,0.0,1,400.0,401.0,20.0,0.0,1,400.0,402.0,10.0,0.0,1,400.0,401.0,10.0,0.0,1,400.0,401.0,10.0,0.0,1,400.0,403.0,10.0,0.0,1
2026-03-23 15:46:59,157.07,400.0,403.0,20.0,0.0,1,400.0,401.0,20.0,0.0,1,400.0,402.0,10.0,0.0,1,400.0,401.0,10.0,0.0,1,400.0,402.0,10.0,0.0,1,400.0,404.0,10.0,0.0,1
2026-03-23 15:47:00,157.81,400.0,403.0,20.0,0.0,1,400.0,400.0,20.0,0.0,1,400.0,402.0,10.0,0.0,1,400.0,401.0,10.0,0.0,1,400.0,402.0,10.0,0.0,1,400.0,403.0,10.0,0.0,1
2026-03-23 15:47:00,158.56,400.0,403.0,20.0,0.0,1,400.0,400.0,20.0,0.0,1,400.0,401.0,10.0,0.0,1,400.0,401.0,10.0,0.0,1,400.0,402.0,10.0,0.0,1,400.0,403.0,10.0,0.0,1
2026-03-23 15:47:01,159.35,400.0,403.0,20.0,0.0,1,400.0,400.0,20.0,0.0,1,400.0,402.0,10.0,0.0,1,400.0,401.0,10.0,0.0,1,400.0,401.0,10.0,0.0,1,400.0,403.0,10.0,0.0,1
2026-03-23 15:47:02,160.1,400.0,403.0,20.0,0.0,1,400.0,400.0,20.0,0.0,1,400.0,402.0,10.0,0.0,1,400.0,401.0,10.0,0.0,1,400.0,400.0,10.0,0.0,1,400.0,403.0,10.0,0.0,1
2026-03-23 15:47:03,160.83,400.0,404.0,20.0,0.0,1,400.0,400.0,20.0,0.0,1,400.0,402.0,10.0,0.0,1,400.0,401.0,10.0,0.0,1,400.0,400.0,10.0,0.0,1,400.0,403.0,10.0,0.0,1
2026-03-23 15:47:03,161.58,400.0,403.0,20.0,0.0,1,400.0,401.0,20.0,0.0,1,400.0,402.0,10.0,0.0,1,400.0,401.0,10.0,0.0,1,400.0,400.0,10.0,0.0,1,400.0,403.0,10.0,0.0,1
2026-03-23 15:47:04,162.31,400.0,403.0,20.0,0.0,1,400.0,401.0,20.0,0.0,1,400.0,402.0,10.0,0.0,1,400.0,401.0,10.0,0.0,1,400.0,401.0,10.0,0.0,1,400.0,403.0,10.0,0.0,1
2026-03-23 15:47:05,163.04,400.0,402.0,20.0,0.0,1,400.0,401.0,20.0,0.0,1,400.0,402.0,10.0,0.0,1,400.0,401.0,10.0,0.0,1,400.0,402.0,10.0,0.0,1,400.0,403.0,10.0,0.0,1
2026-03-23 15:47:06,163.78,400.0,403.0,20.0,0.0,1,400.0,401.0,20.0,0.0,1,400.0,402.0,10.0,0.0,1,400.0,401.0,10.0,0.0,1,400.0,401.0,10.0,0.0,1,400.0,404.0,10.0,0.0,1
2026-03-23 15:47:06,164.5,400.0,402.0,20.0,0.0,1,400.0,400.0,20.0,0.0,1,400.0,402.0,10.0,0.0,1,400.0,401.0,10.0,0.0,1,400.0,401.0,10.0,0.0,1,400.0,404.0,10.0,0.0,1
2026-03-23 15:47:07,165.24,400.0,404.0,20.0,0.0,1,400.0,400.0,20.0,0.0,1,400.0,402.0,10.0,0.0,1,400.0,402.0,10.0,0.0,1,400.0,401.0,10.0,0.0,1,400.0,404.0,10.0,0.0,1
2026-03-23 15:47:08,165.95,400.0,404.0,20.0,0.0,1,400.0,400.0,20.0,0.0,1,400.0,402.0,10.0,0.0,1,400.0,400.0,10.0,0.0,1,400.0,400.0,10.0,0.0,1,400.0,404.0,10.0,0.0,1
2026-03-23 15:47:08,166.68,400.0,404.0,20.0,0.0,1,400.0,400.0,20.0,0.0,1,400.0,402.0,10.0,0.0,1,400.0,401.0,10.0,0.0,1,400.0,400.0,10.0,0.0,1,400.0,404.0,10.0,0.0,1
2026-03-23 15:47:09,167.43,400.0,404.0,20.0,0.0,1,400.0,400.0,20.0,0.0,1,400.0,403.0,10.0,0.0,1,400.0,401.0,10.0,0.0,1,400.0,401.0,10.0,0.0,1,400.0,403.0,10.0,0.0,1
2026-03-23 15:47:10,168.15,400.0,404.0,20.0,0.0,1,400.0,400.0,20.0,0.0,1,400.0,402.0,10.0,0.0,1,400.0,401.0,10.0,0.0,1,400.0,400.0,10.0,0.0,1,400.0,403.0,10.0,0.0,1
2026-03-23 15:47:11,168.89,400.0,404.0,20.0,0.0,1,400.0,400.0,20.0,0.0,1,400.0,402.0,10.0,0.0,1,400.0,401.0,10.0,0.0,1,400.0,401.0,10.0,0.0,1,400.0,403.0,10.0,0.0,1
2026-03-23 15:47:11,169.64,400.0,404.0,20.0,0.0,1,400.0,400.0,20.0,0.0,1,400.0,402.0,10.0,0.0,1,400.0,401.0,10.0,0.0,1,400.0,401.0,10.0,0.0,1,400.0,403.0,10.0,0.0,1
2026-03-23 15:47:12,170.4,400.0,405.0,20.0,0.0,1,400.0,400.0,20.0,0.0,1,400.0,402.0,10.0,0.0,1,400.0,400.0,10.0,0.0,1,400.0,400.0,10.0,0.0,1,400.0,403.0,10.0,0.0,1
2026-03-23 15:47:13,171.14,400.0,403.0,20.0,0.0,1,400.0,400.0,20.0,0.0,1,400.0,402.0,10.0,0.0,1,400.0,400.0,10.0,0.0,1,400.0,401.0,10.0,0.0,1,400.0,403.0,10.0,0.0,1
2026-03-23 15:47:14,171.89,400.0,403.0,20.0,0.0,1,400.0,400.0,20.0,0.0,1,400.0,402.0,10.0,0.0,1,400.0,400.0,10.0,0.0,1,400.0,400.0,10.0,0.0,1,400.0,403.0,10.0,0.0,1
2026-03-23 15:47:14,172.63,400.0,403.0,20.0,0.0,1,400.0,401.0,20.0,0.0,1,400.0,402.0,10.0,0.0,1,400.0,402.0,10.0,0.0,1,400.0,401.0,10.0,0.0,1,400.0,402.0,10.0,0.0,1
2026-03-23 15:47:15,173.37,400.0,403.0,20.0,0.0,1,400.0,400.0,20.0,0.0,1,400.0,402.0,10.0,0.0,1,400.0,401.0,10.0,0.0,1,400.0,400.0,10.0,0.0,1,400.0,402.0,10.0,0.0,1
2026-03-23 15:47:16,174.1,400.0,403.0,20.0,0.0,1,400.0,400.0,20.0,0.0,1,400.0,402.0,10.0,0.0,1,400.0,401.0,10.0,0.0,1,400.0,400.0,10.0,0.0,1,400.0,402.0,10.0,0.0,1
2026-03-23 15:47:17,174.82,400.0,403.0,20.0,0.0,1,400.0,401.0,20.0,0.0,1,400.0,402.0,10.0,0.0,1,400.0,400.0,10.0,0.0,1,400.0,399.0,10.0,0.0,1,400.0,402.0,10.0,0.0,1
2026-03-23 15:47:17,175.6,400.0,403.0,20.0,0.0,1,400.0,401.0,20.0,0.0,1,400.0,402.0,10.0,0.0,1,400.0,401.0,10.0,0.0,1,400.0,399.0,10.0,0.0,1,400.0,402.0,10.0,0.0,1
2026-03-23 15:47:18,176.34,400.0,403.0,20.0,0.0,1,400.0,401.0,20.0,0.0,1,400.0,403.0,10.0,0.0,1,400.0,401.0,10.0,0.0,1,400.0,401.0,10.0,0.0,1,400.0,402.0,10.0,0.0,1
2026-03-23 15:47:19,177.08,400.0,403.0,20.0,0.0,1,400.0,401.0,20.0,0.0,1,400.0,403.0,10.0,0.0,1,400.0,401.0,10.0,0.0,1,400.0,401.0,10.0,0.0,1,400.0,403.0,10.0,0.0,1
2026-03-23 15:47:20,177.82,400.0,403.0,20.0,0.0,1,400.0,400.0,20.0,0.0,1,400.0,402.0,10.0,0.0,1,400.0,401.0,10.0,0.0,1,400.0,399.0,10.0,0.0,1,400.0,403.0,10.0,0.0,1
2026-03-23 15:47:20,178.57,400.0,403.0,20.0,0.0,1,400.0,400.0,20.0,0.0,1,400.0,402.0,10.0,0.0,1,400.0,401.0,10.0,0.0,1,400.0,399.0,10.0,0.0,1,400.0,403.0,10.0,0.0,1
2026-03-23 15:47:21,179.32,400.0,402.0,20.0,0.0,1,400.0,400.0,20.0,0.0,1,400.0,402.0,10.0,0.0,1,400.0,401.0,10.0,0.0,1,400.0,401.0,10.0,0.0,1,400.0,403.0,10.0,0.0,1
2026-03-23 15:47:22,180.06,400.0,404.0,20.0,0.0,1,400.0,400.0,20.0,0.0,1,400.0,403.0,10.0,0.0,1,400.0,402.0,10.0,0.0,1,400.0,400.0,10.0,0.0,1,400.0,403.0,10.0,0.0,1
2026-03-23 15:47:23,180.82,400.0,401.0,20.0,0.0,1,400.0,400.0,20.0,0.0,1,400.0,403.0,10.0,0.0,1,400.0,402.0,10.0,0.0,1,400.0,400.0,10.0,0.0,1,400.0,403.0,10.0,0.0,1
2026-03-23 15:47:23,181.56,400.0,403.0,20.0,0.0,1,400.0,400.0,20.0,0.0,1,400.0,402.0,10.0,0.0,1,400.0,402.0,10.0,0.0,1,400.0,402.0,10.0,0.0,1,400.0,403.0,10.0,0.0,1
2026-03-23 15:47:24,182.28,400.0,404.0,20.0,0.0,1,400.0,400.0,20.0,0.0,1,400.0,402.0,10.0,0.0,1,400.0,402.0,10.0,0.0,1,400.0,401.0,10.0,0.0,1,400.0,403.0,10.0,0.0,1
2026-03-23 15:47:25,183.02,400.0,403.0,20.0,0.0,1,400.0,400.0,20.0,0.0,1,400.0,402.0,10.0,0.0,1,400.0,401.0,10.0,0.0,1,400.0,401.0,10.0,0.0,1,400.0,403.0,10.0,0.0,1
2026-03-23 15:47:26,183.76,400.0,403.0,20.0,0.0,1,400.0,400.0,20.0,0.0,1,400.0,402.0,10.0,0.0,1,400.0,401.0,10.0,0.0,1,400.0,399.0,10.0,0.0,1,400.0,402.0,10.0,0.0,1
2026-03-23 15:47:26,184.51,400.0,403.0,20.0,0.0,1,400.0,400.0,20.0,0.0,1,400.0,403.0,10.0,0.0,1,400.0,401.0,10.0,0.0,1,400.0,403.0,10.0,0.0,1,400.0,404.0,10.0,0.0,1
2026-03-23 15:47:27,185.25,400.0,403.0,20.0,0.0,1,400.0,400.0,20.0,0.0,1,400.0,403.0,10.0,0.0,1,400.0,402.0,10.0,0.0,1,400.0,400.0,10.0,0.0,1,400.0,404.0,10.0,0.0,1
2026-03-23 15:47:28,185.98,400.0,403.0,20.0,0.0,1,400.0,400.0,20.0,0.0,1,400.0,403.0,10.0,0.0,1,400.0,402.0,10.0,0.0,1,400.0,401.0,10.0,0.0,1,400.0,404.0,10.0,0.0,1
2026-03-23 15:47:29,186.72,400.0,403.0,20.0,0.0,1,400.0,401.0,20.0,0.0,1,400.0,403.0,10.0,0.0,1,400.0,400.0,10.0,0.0,1,400.0,401.0,10.0,0.0,1,400.0,403.0,10.0,0.0,1
2026-03-23 15:47:29,187.45,400.0,402.0,20.0,0.0,1,400.0,401.0,20.0,0.0,1,400.0,402.0,10.0,0.0,1,400.0,400.0,10.0,0.0,1,400.0,400.0,10.0,0.0,1,400.0,403.0,10.0,0.0,1
2026-03-23 15:47:30,188.18,400.0,403.0,20.0,0.0,1,400.0,401.0,20.0,0.0,1,400.0,402.0,10.0,0.0,1,400.0,401.0,10.0,0.0,1,400.0,400.0,10.0,0.0,1,400.0,403.0,10.0,0.0,1
2026-03-23 15:47:31,188.91,400.0,403.0,20.0,0.0,1,400.0,401.0,20.0,0.0,1,400.0,402.0,10.0,0.0,1,400.0,401.0,10.0,0.0,1,400.0,400.0,10.0,0.0,1,400.0,403.0,10.0,0.0,1
2026-03-23 15:47:31,189.65,400.0,402.0,20.0,0.0,1,400.0,401.0,20.0,0.0,1,400.0,402.0,10.0,0.0,1,400.0,402.0,10.0,0.0,1,400.0,400.0,10.0,0.0,1,400.0,403.0,10.0,0.0,1
2026-03-23 15:47:32,190.39,400.0,404.0,20.0,0.0,1,400.0,401.0,20.0,0.0,1,400.0,402.0,10.0,0.0,1,400.0,401.0,10.0,0.0,1,400.0,400.0,10.0,0.0,1,400.0,403.0,10.0,0.0,1
2026-03-23 15:47:33,191.11,400.0,403.0,20.0,0.0,1,400.0,401.0,20.0,0.0,1,400.0,401.0,10.0,0.0,1,400.0,401.0,10.0,0.0,1,400.0,401.0,10.0,0.0,1,400.0,402.0,10.0,0.0,1
2026-03-23 15:47:34,191.86,400.0,403.0,20.0,0.0,1,400.0,401.0,20.0,0.0,1,400.0,401.0,10.0,0.0,1,400.0,402.0,10.0,0.0,1,400.0,401.0,10.0,0.0,1,400.0,403.0,10.0,0.0,1
2026-03-23 15:47:34,192.59,400.0,403.0,20.0,0.0,1,400.0,401.0,20.0,0.0,1,400.0,401.0,10.0,0.0,1,400.0,402.0,10.0,0.0,1,400.0,401.0,10.0,0.0,1,400.0,403.0,10.0,0.0,1
2026-03-23 15:47:35,193.33,400.0,404.0,20.0,0.0,1,400.0,401.0,20.0,0.0,1,400.0,402.0,10.0,0.0,1,400.0,401.0,10.0,0.0,1,400.0,400.0,10.0,0.0,1,400.0,404.0,10.0,0.0,1
2026-03-23 15:47:36,194.06,400.0,403.0,20.0,0.0,1,400.0,401.0,20.0,0.0,1,400.0,403.0,10.0,0.0,1,400.0,401.0,10.0,0.0,1,400.0,400.0,10.0,0.0,1,400.0,404.0,10.0,0.0,1
2026-03-23 15:47:37,194.8,400.0,403.0,20.0,0.0,1,400.0,401.0,20.0,0.0,1,400.0,402.0,10.0,0.0,1,400.0,401.0,10.0,0.0,1,400.0,399.0,10.0,0.0,1,400.0,403.0,10.0,0.0,1
2026-03-23 15:47:37,195.54,400.0,402.0,20.0,0.0,1,400.0,401.0,20.0,0.0,1,400.0,402.0,10.0,0.0,1,400.0,401.0,10.0,0.0,1,400.0,400.0,10.0,0.0,1,400.0,403.0,10.0,0.0,1
2026-03-23 15:47:38,196.27,400.0,403.0,20.0,0.0,1,400.0,401.0,20.0,0.0,1,400.0,402.0,10.0,0.0,1,400.0,400.0,10.0,0.0,1,400.0,399.0,10.0,0.0,1,400.0,403.0,10.0,0.0,1
2026-03-23 15:47:39,197.0,400.0,403.0,20.0,0.0,1,400.0,401.0,20.0,0.0,1,400.0,403.0,10.0,0.0,1,400.0,401.0,10.0,0.0,1,400.0,399.0,10.0,0.0,1,400.0,403.0,10.0,0.0,1
2026-03-23 15:47:40,197.74,400.0,403.0,20.0,0.0,1,400.0,401.0,20.0,0.0,1,400.0,403.0,10.0,0.0,1,400.0,402.0,10.0,0.0,1,400.0,401.0,10.0,0.0,1,400.0,404.0,10.0,0.0,1
2026-03-23 15:47:40,198.47,400.0,402.0,20.0,0.0,1,400.0,401.0,20.0,0.0,1,400.0,402.0,10.0,0.0,1,400.0,402.0,10.0,0.0,1,400.0,401.0,10.0,0.0,1,400.0,402.0,10.0,0.0,1
2026-03-23 15:47:41,199.21,400.0,402.0,20.0,0.0,1,400.0,401.0,20.0,0.0,1,400.0,403.0,10.0,0.0,1,400.0,402.0,10.0,0.0,1,400.0,401.0,10.0,0.0,1,400.0,403.0,10.0,0.0,1
2026-03-23 15:47:42,199.93,400.0,403.0,20.0,0.0,1,400.0,401.0,20.0,0.0,1,400.0,402.0,10.0,0.0,1,400.0,400.0,10.0,0.0,1,400.0,400.0,10.0,0.0,1,400.0,403.0,10.0,0.0,1
2026-03-23 15:47:42,200.66,400.0,404.0,20.0,0.0,1,400.0,401.0,20.0,0.0,1,400.0,402.0,10.0,0.0,1,400.0,401.0,10.0,0.0,1,400.0,401.0,10.0,0.0,1,400.0,403.0,10.0,0.0,1
2026-03-23 15:47:43,201.4,400.0,404.0,20.0,0.0,1,400.0,401.0,20.0,0.0,1,400.0,402.0,10.0,0.0,1,400.0,401.0,10.0,0.0,1,400.0,402.0,10.0,0.0,1,400.0,403.0,10.0,0.0,1
2026-03-23 15:47:44,202.14,400.0,404.0,20.0,0.0,1,400.0,401.0,20.0,0.0,1,400.0,403.0,10.0,0.0,1,400.0,401.0,10.0,0.0,1,400.0,401.0,10.0,0.0,1,400.0,403.0,10.0,0.0,1
2026-03-23 15:47:45,202.86,400.0,402.0,20.0,0.0,1,400.0,401.0,20.0,0.0,1,400.0,402.0,10.0,0.0,1,400.0,402.0,10.0,0.0,1,400.0,401.0,10.0,0.0,1,400.0,403.0,10.0,0.0,1
2026-03-23 15:47:45,203.6,400.0,402.0,20.0,0.0,1,400.0,401.0,20.0,0.0,1,400.0,402.0,10.0,0.0,1,400.0,402.0,10.0,0.0,1,400.0,401.0,10.0,0.0,1,400.0,402.0,10.0,0.0,1
2026-03-23 15:47:46,204.34,400.0,403.0,20.0,0.0,1,400.0,401.0,20.0,0.0,1,400.0,402.0,10.0,0.0,1,400.0,400.0,10.0,0.0,1,400.0,401.0,10.0,0.0,1,400.0,402.0,10.0,0.0,1
2026-03-23 15:47:47,205.06,400.0,403.0,20.0,0.0,1,400.0,401.0,20.0,0.0,1,400.0,402.0,10.0,0.0,1,400.0,400.0,10.0,0.0,1,400.0,401.0,10.0,0.0,1,400.0,404.0,10.0,0.0,1
2026-03-23 15:47:48,205.81,400.0,403.0,20.0,0.0,1,400.0,399.0,20.0,0.0,1,400.0,402.0,10.0,0.0,1,400.0,401.0,10.0,0.0,1,400.0,401.0,10.0,0.0,1,400.0,403.0,10.0,0.0,1
2026-03-23 15:47:48,206.54,400.0,403.0,20.0,0.0,1,400.0,400.0,20.0,0.0,1,400.0,402.0,10.0,0.0,1,400.0,401.0,10.0,0.0,1,400.0,400.0,10.0,0.0,1,400.0,403.0,10.0,0.0,1
2026-03-23 15:47:49,207.26,400.0,402.0,20.0,0.0,1,400.0,401.0,20.0,0.0,1,400.0,401.0,10.0,0.0,1,400.0,401.0,10.0,0.0,1,400.0,401.0,10.0,0.0,1,400.0,404.0,10.0,0.0,1
2026-03-23 15:47:50,207.98,400.0,404.0,20.0,0.0,1,400.0,401.0,20.0,0.0,1,400.0,402.0,10.0,0.0,1,400.0,401.0,10.0,0.0,1,400.0,401.0,10.0,0.0,1,400.0,403.0,10.0,0.0,1
2026-03-23 15:47:51,208.71,400.0,403.0,20.0,0.0,1,400.0,401.0,20.0,0.0,1,400.0,402.0,10.0,0.0,1,400.0,401.0,10.0,0.0,1,400.0,401.0,10.0,0.0,1,400.0,403.0,10.0,0.0,1
2026-03-23 15:47:51,209.45,400.0,403.0,20.0,0.0,1,400.0,400.0,20.0,0.0,1,400.0,402.0,10.0,0.0,1,400.0,401.0,10.0,0.0,1,400.0,401.0,10.0,0.0,1,400.0,403.0,10.0,0.0,1
2026-03-23 15:47:52,210.2,400.0,403.0,20.0,0.0,1,400.0,400.0,20.0,0.0,1,400.0,402.0,10.0,0.0,1,400.0,401.0,10.0,0.0,1,400.0,401.0,10.0,0.0,1,400.0,403.0,10.0,0.0,1
2026-03-23 15:47:53,210.93,400.0,402.0,20.0,0.0,1,400.0,400.0,20.0,0.0,1,400.0,402.0,10.0,0.0,1,400.0,401.0,10.0,0.0,1,400.0,399.0,10.0,0.0,1,400.0,403.0,10.0,0.0,1
2026-03-23 15:47:53,211.69,400.0,403.0,20.0,0.0,1,400.0,401.0,20.0,0.0,1,400.0,402.0,10.0,0.0,1,400.0,401.0,10.0,0.0,1,400.0,400.0,10.0,0.0,1,400.0,403.0,10.0,0.0,1
2026-03-23 15:47:54,212.42,400.0,403.0,20.0,0.0,1,400.0,401.0,20.0,0.0,1,400.0,402.0,10.0,0.0,1,400.0,402.0,10.0,0.0,1,400.0,399.0,10.0,0.0,1,400.0,403.0,10.0,0.0,1
2026-03-23 15:47:55,213.15,400.0,403.0,20.0,0.0,1,400.0,401.0,20.0,0.0,1,400.0,402.0,10.0,0.0,1,400.0,401.0,10.0,0.0,1,400.0,400.0,10.0,0.0,1,400.0,404.0,10.0,0.0,1
2026-03-23 15:47:56,213.88,400.0,403.0,20.0,0.0,1,400.0,402.0,20.0,0.0,1,400.0,402.0,10.0,0.0,1,400.0,400.0,10.0,0.0,1,400.0,400.0,10.0,0.0,1,400.0,404.0,10.0,0.0,1
2026-03-23 15:47:56,214.62,400.0,403.0,20.0,0.0,1,400.0,401.0,20.0,0.0,1,400.0,402.0,10.0,0.0,1,400.0,400.0,10.0,0.0,1,400.0,400.0,10.0,0.0,1,400.0,404.0,10.0,0.0,1
2026-03-23 15:47:57,215.36,400.0,404.0,20.0,0.0,1,400.0,400.0,20.0,0.0,1,400.0,402.0,10.0,0.0,1,400.0,401.0,10.0,0.0,1,400.0,400.0,10.0,0.0,1,400.0,404.0,10.0,0.0,1
2026-03-23 15:47:58,216.09,400.0,403.0,20.0,0.0,1,400.0,401.0,20.0,0.0,1,400.0,402.0,10.0,0.0,1,400.0,401.0,10.0,0.0,1,400.0,401.0,10.0,0.0,1,400.0,402.0,10.0,0.0,1
2026-03-23 15:47:59,216.82,400.0,403.0,20.0,0.0,1,400.0,401.0,20.0,0.0,1,400.0,402.0,10.0,0.0,1,400.0,400.0,10.0,0.0,1,400.0,401.0,10.0,0.0,1,400.0,402.0,10.0,0.0,1
2026-03-23 15:47:59,217.57,400.0,403.0,20.0,0.0,1,400.0,401.0,20.0,0.0,1,400.0,402.0,10.0,0.0,1,400.0,400.0,10.0,0.0,1,400.0,401.0,10.0,0.0,1,400.0,402.0,10.0,0.0,1
2026-03-23 15:48:00,218.3,400.0,403.0,20.0,0.0,1,400.0,401.0,20.0,0.0,1,400.0,402.0,10.0,0.0,1,400.0,402.0,10.0,0.0,1,400.0,402.0,10.0,0.0,1,400.0,403.0,10.0,0.0,1
2026-03-23 15:48:01,219.03,400.0,403.0,20.0,0.0,1,400.0,401.0,20.0,0.0,1,400.0,402.0,10.0,0.0,1,400.0,402.0,10.0,0.0,1,400.0,402.0,10.0,0.0,1,400.0,403.0,10.0,0.0,1
2026-03-23 15:48:02,219.77,400.0,402.0,20.0,0.0,1,400.0,401.0,20.0,0.0,1,400.0,402.0,10.0,0.0,1,400.0,402.0,10.0,0.0,1,400.0,399.0,10.0,0.0,1,400.0,403.0,10.0,0.0,1
2026-03-23 15:48:02,220.53,400.0,404.0,20.0,0.0,1,400.0,401.0,20.0,0.0,1,400.0,403.0,10.0,0.0,1,400.0,402.0,10.0,0.0,1,400.0,399.0,10.0,0.0,1,400.0,403.0,10.0,0.0,1
2026-03-23 15:48:03,221.26,400.0,403.0,20.0,0.0,1,400.0,401.0,20.0,0.0,1,400.0,403.0,10.0,0.0,1,400.0,401.0,10.0,0.0,1,400.0,401.0,10.0,0.0,1,400.0,403.0,10.0,0.0,1
2026-03-23 15:48:04,222.01,400.0,403.0,20.0,0.0,1,400.0,401.0,20.0,0.0,1,400.0,403.0,10.0,0.0,1,400.0,400.0,10.0,0.0,1,400.0,400.0,10.0,0.0,1,400.0,402.0,10.0,0.0,1
2026-03-23 15:48:05,222.76,400.0,403.0,20.0,0.0,1,400.0,401.0,20.0,0.0,1,400.0,402.0,10.0,0.0,1,400.0,402.0,10.0,0.0,1,400.0,400.0,10.0,0.0,1,400.0,404.0,10.0,0.0,1
2026-03-23 15:48:05,223.52,400.0,403.0,20.0,0.0,1,400.0,401.0,20.0,0.0,1,400.0,402.0,10.0,0.0,1,400.0,402.0,10.0,0.0,1,400.0,400.0,10.0,0.0,1,400.0,403.0,10.0,0.0,1
2026-03-23 15:48:06,224.28,400.0,402.0,20.0,0.0,1,400.0,401.0,20.0,0.0,1,400.0,402.0,10.0,0.0,1,400.0,402.0,10.0,0.0,1,400.0,400.0,10.0,0.0,1,400.0,403.0,10.0,0.0,1
2026-03-23 15:48:07,225.02,400.0,403.0,20.0,0.0,1,400.0,401.0,20.0,0.0,1,400.0,402.0,10.0,0.0,1,400.0,401.0,10.0,0.0,1,400.0,401.0,10.0,0.0,1,400.0,403.0,10.0,0.0,1
2026-03-23 15:48:08,225.78,400.0,403.0,20.0,0.0,1,400.0,401.0,20.0,0.0,1,400.0,402.0,10.0,0.0,1,400.0,402.0,10.0,0.0,1,400.0,401.0,10.0,0.0,1,400.0,403.0,10.0,0.0,1
2026-03-23 15:48:08,226.5,400.0,404.0,20.0,0.0,1,400.0,400.0,20.0,0.0,1,400.0,404.0,10.0,0.0,1,400.0,402.0,10.0,0.0,1,400.0,401.0,10.0,0.0,1,400.0,404.0,10.0,0.0,1
2026-03-23 15:48:09,227.25,400.0,403.0,20.0,0.0,1,400.0,400.0,20.0,0.0,1,400.0,402.0,10.0,0.0,1,400.0,402.0,10.0,0.0,1,400.0,401.0,10.0,0.0,1,400.0,402.0,10.0,0.0,1
2026-03-23 15:48:10,227.97,400.0,404.0,20.0,0.0,1,400.0,400.0,20.0,0.0,1,400.0,402.0,10.0,0.0,1,400.0,401.0,10.0,0.0,1,400.0,401.0,10.0,0.0,1,400.0,402.0,10.0,0.0,1
2026-03-23 15:48:11,228.72,400.0,404.0,20.0,0.0,1,400.0,401.0,20.0,0.0,1,400.0,402.0,10.0,0.0,1,400.0,401.0,10.0,0.0,1,400.0,401.0,10.0,0.0,1,400.0,402.0,10.0,0.0,1
2026-03-23 15:48:11,229.46,400.0,403.0,20.0,0.0,1,400.0,401.0,20.0,0.0,1,400.0,402.0,10.0,0.0,1,400.0,402.0,10.0,0.0,1,400.0,399.0,10.0,0.0,1,400.0,402.0,10.0,0.0,1
2026-03-23 15:48:12,230.18,400.0,403.0,20.0,0.0,1,400.0,401.0,20.0,0.0,1,400.0,402.0,10.0,0.0,1,400.0,402.0,10.0,0.0,1,400.0,402.0,10.0,0.0,1,400.0,403.0,10.0,0.0,1
2026-03-23 15:48:13,230.91,400.0,403.0,20.0,0.0,1,400.0,401.0,20.0,0.0,1,400.0,403.0,10.0,0.0,1,400.0,402.0,10.0,0.0,1,400.0,401.0,10.0,0.0,1,400.0,403.0,10.0,0.0,1
2026-03-23 15:48:13,231.65,400.0,403.0,20.0,0.0,1,400.0,401.0,20.0,0.0,1,400.0,403.0,10.0,0.0,1,400.0,402.0,10.0,0.0,1,400.0,401.0,10.0,0.0,1,400.0,404.0,10.0,0.0,1
2026-03-23 15:48:14,232.38,400.0,403.0,20.0,0.0,1,400.0,401.0,20.0,0.0,1,400.0,403.0,10.0,0.0,1,400.0,400.0,10.0,0.0,1,400.0,401.0,10.0,0.0,1,400.0,404.0,10.0,0.0,1
2026-03-23 15:48:15,233.14,400.0,403.0,20.0,0.0,1,400.0,401.0,20.0,0.0,1,400.0,402.0,10.0,0.0,1,400.0,403.0,10.0,0.0,1,400.0,402.0,10.0,0.0,1,400.0,404.0,10.0,0.0,1
2026-03-23 15:48:16,233.88,400.0,403.0,20.0,0.0,1,400.0,401.0,20.0,0.0,1,400.0,403.0,10.0,0.0,1,400.0,402.0,10.0,0.0,1,400.0,402.0,10.0,0.0,1,400.0,402.0,10.0,0.0,1
2026-03-23 15:48:16,234.64,400.0,403.0,20.0,0.0,1,400.0,400.0,20.0,0.0,1,400.0,402.0,10.0,0.0,1,400.0,401.0,10.0,0.0,1,400.0,400.0,10.0,0.0,1,400.0,403.0,10.0,0.0,1
2026-03-23 15:48:17,235.39,400.0,403.0,20.0,0.0,1,400.0,400.0,20.0,0.0,1,400.0,402.0,10.0,0.0,1,400.0,402.0,10.0,0.0,1,400.0,400.0,10.0,0.0,1,400.0,403.0,10.0,0.0,1
2026-03-23 15:48:18,236.11,400.0,403.0,20.0,0.0,1,400.0,400.0,20.0,0.0,1,400.0,402.0,10.0,0.0,1,400.0,401.0,10.0,0.0,1,400.0,399.0,10.0,0.0,1,400.0,403.0,10.0,0.0,1
2026-03-23 15:48:19,236.87,400.0,403.0,20.0,0.0,1,400.0,400.0,20.0,0.0,1,400.0,402.0,10.0,0.0,1,400.0,401.0,10.0,0.0,1,400.0,401.0,10.0,0.0,1,400.0,403.0,10.0,0.0,1
2026-03-23 15:48:19,237.64,400.0,404.0,20.0,0.0,1,400.0,401.0,20.0,0.0,1,400.0,402.0,10.0,0.0,1,400.0,401.0,10.0,0.0,1,400.0,401.0,10.0,0.0,1,400.0,402.0,10.0,0.0,1
2026-03-23 15:48:20,238.37,400.0,404.0,20.0,0.0,1,400.0,401.0,20.0,0.0,1,400.0,402.0,10.0,0.0,1,400.0,401.0,10.0,0.0,1,400.0,400.0,10.0,0.0,1,400.0,403.0,10.0,0.0,1
2026-03-23 15:48:21,239.1,400.0,405.0,20.0,0.0,1,400.0,401.0,20.0,0.0,1,400.0,402.0,10.0,0.0,1,400.0,401.0,10.0,0.0,1,400.0,402.0,10.0,0.0,1,400.0,403.0,10.0,0.0,1
2026-03-23 15:48:22,239.83,400.0,402.0,20.0,0.0,1,400.0,401.0,20.0,0.0,1,400.0,401.0,10.0,0.0,1,400.0,401.0,10.0,0.0,1,400.0,400.0,10.0,0.0,1,400.0,403.0,10.0,0.0,1
2026-03-23 15:48:22,240.6,400.0,404.0,20.0,0.0,1,400.0,400.0,20.0,0.0,1,400.0,402.0,10.0,0.0,1,400.0,401.0,10.0,0.0,1,400.0,400.0,10.0,0.0,1,400.0,403.0,10.0,0.0,1
2026-03-23 15:48:23,241.34,400.0,404.0,20.0,0.0,1,400.0,401.0,20.0,0.0,1,400.0,403.0,10.0,0.0,1,400.0,401.0,10.0,0.0,1,400.0,400.0,10.0,0.0,1,400.0,403.0,10.0,0.0,1
2026-03-23 15:48:24,242.07,400.0,404.0,20.0,0.0,1,400.0,400.0,20.0,0.0,1,400.0,402.0,10.0,0.0,1,400.0,401.0,10.0,0.0,1,400.0,401.0,10.0,0.0,1,400.0,403.0,10.0,0.0,1
2026-03-23 15:48:25,242.81,400.0,404.0,20.0,0.0,1,400.0,400.0,20.0,0.0,1,400.0,402.0,10.0,0.0,1,400.0,401.0,10.0,0.0,1,400.0,401.0,10.0,0.0,1,400.0,403.0,10.0,0.0,1
2026-03-23 15:48:25,243.55,400.0,404.0,20.0,0.0,1,400.0,402.0,20.0,0.0,1,400.0,402.0,10.0,0.0,1,400.0,401.0,10.0,0.0,1,400.0,401.0,10.0,0.0,1,400.0,403.0,10.0,0.0,1
2026-03-23 15:48:26,244.28,400.0,403.0,20.0,0.0,1,400.0,400.0,20.0,0.0,1,400.0,402.0,10.0,0.0,1,400.0,400.0,10.0,0.0,1,400.0,399.0,10.0,0.0,1,400.0,402.0,10.0,0.0,1
2026-03-23 15:48:27,245.01,400.0,403.0,20.0,0.0,1,400.0,401.0,20.0,0.0,1,400.0,402.0,10.0,0.0,1,400.0,400.0,10.0,0.0,1,400.0,400.0,10.0,0.0,1,400.0,403.0,10.0,0.0,1
2026-03-23 15:48:28,245.75,400.0,402.0,20.0,0.0,1,400.0,401.0,20.0,0.0,1,400.0,402.0,10.0,0.0,1,400.0,400.0,10.0,0.0,1,400.0,401.0,10.0,0.0,1,400.0,404.0,10.0,0.0,1
2026-03-23 15:48:28,246.49,400.0,403.0,20.0,0.0,1,400.0,401.0,20.0,0.0,1,400.0,402.0,10.0,0.0,1,400.0,400.0,10.0,0.0,1,400.0,400.0,10.0,0.0,1,400.0,402.0,10.0,0.0,1
2026-03-23 15:48:29,247.21,400.0,403.0,20.0,0.0,1,400.0,401.0,20.0,0.0,1,400.0,401.0,10.0,0.0,1,400.0,400.0,10.0,0.0,1,400.0,402.0,10.0,0.0,1,400.0,402.0,10.0,0.0,1
2026-03-23 15:48:30,247.94,400.0,404.0,20.0,0.0,1,400.0,401.0,20.0,0.0,1,400.0,402.0,10.0,0.0,1,400.0,400.0,10.0,0.0,1,400.0,402.0,10.0,0.0,1,400.0,404.0,10.0,0.0,1
2026-03-23 15:48:30,248.68,400.0,403.0,20.0,0.0,1,400.0,401.0,20.0,0.0,1,400.0,402.0,10.0,0.0,1,400.0,401.0,10.0,0.0,1,400.0,400.0,10.0,0.0,1,400.0,404.0,10.0,0.0,1
2026-03-23 15:48:31,249.41,400.0,403.0,20.0,0.0,1,400.0,399.0,20.0,0.0,1,400.0,402.0,10.0,0.0,1,400.0,401.0,10.0,0.0,1,400.0,399.0,10.0,0.0,1,400.0,403.0,10.0,0.0,1
2026-03-23 15:48:32,250.13,400.0,404.0,20.0,0.0,1,400.0,400.0,20.0,0.0,1,400.0,402.0,10.0,0.0,1,400.0,402.0,10.0,0.0,1,400.0,401.0,10.0,0.0,1,400.0,403.0,10.0,0.0,1
2026-03-23 15:48:33,250.9,400.0,404.0,20.0,0.0,1,400.0,401.0,20.0,0.0,1,400.0,402.0,10.0,0.0,1,400.0,402.0,10.0,0.0,1,400.0,401.0,10.0,0.0,1,400.0,403.0,10.0,0.0,1
2026-03-23 15:48:33,251.65,400.0,402.0,20.0,0.0,1,400.0,401.0,20.0,0.0,1,400.0,402.0,10.0,0.0,1,400.0,402.0,10.0,0.0,1,400.0,400.0,10.0,0.0,1,400.0,403.0,10.0,0.0,1
2026-03-23 15:48:34,252.4,400.0,401.0,20.0,0.0,1,400.0,400.0,20.0,0.0,1,400.0,402.0,10.0,0.0,1,400.0,401.0,10.0,0.0,1,400.0,401.0,10.0,0.0,1,400.0,403.0,10.0,0.0,1
2026-03-23 15:48:35,253.14,400.0,403.0,20.0,0.0,1,400.0,400.0,20.0,0.0,1,400.0,402.0,10.0,0.0,1,400.0,402.0,10.0,0.0,1,400.0,401.0,10.0,0.0,1,400.0,403.0,10.0,0.0,1
2026-03-23 15:48:36,253.87,400.0,402.0,20.0,0.0,1,400.0,401.0,20.0,0.0,1,400.0,402.0,10.0,0.0,1,400.0,402.0,10.0,0.0,1,400.0,400.0,10.0,0.0,1,400.0,403.0,10.0,0.0,1
2026-03-23 15:48:36,254.61,400.0,403.0,20.0,0.0,1,400.0,401.0,20.0,0.0,1,400.0,402.0,10.0,0.0,1,400.0,402.0,10.0,0.0,1,400.0,401.0,10.0,0.0,1,400.0,404.0,10.0,0.0,1
2026-03-23 15:48:37,255.35,400.0,403.0,20.0,0.0,1,400.0,400.0,20.0,0.0,1,400.0,402.0,10.0,0.0,1,400.0,401.0,10.0,0.0,1,400.0,400.0,10.0,0.0,1,400.0,403.0,10.0,0.0,1
2026-03-23 15:48:38,256.08,400.0,405.0,20.0,0.0,1,400.0,401.0,20.0,0.0,1,400.0,402.0,10.0,0.0,1,400.0,401.0,10.0,0.0,1,400.0,402.0,10.0,0.0,1,400.0,401.0,10.0,0.0,1
2026-03-23 15:48:39,256.91,400.0,403.0,20.0,0.0,1,400.0,400.0,20.0,0.0,1,400.0,402.0,10.0,0.0,1,400.0,400.0,10.0,0.0,1,400.0,400.0,10.0,0.0,1,400.0,403.0,10.0,0.0,1
2026-03-23 15:48:39,257.63,400.0,404.0,20.0,0.0,1,400.0,400.0,20.0,0.0,1,400.0,402.0,10.0,0.0,1,400.0,401.0,10.0,0.0,1,400.0,401.0,10.0,0.0,1,400.0,402.0,10.0,0.0,1
2026-03-23 15:48:40,258.4,400.0,404.0,20.0,0.0,1,400.0,401.0,20.0,0.0,1,400.0,403.0,10.0,0.0,1,400.0,402.0,10.0,0.0,1,400.0,401.0,10.0,0.0,1,400.0,402.0,10.0,0.0,1
2026-03-23 15:48:41,259.18,400.0,404.0,20.0,0.0,1,400.0,401.0,20.0,0.0,1,400.0,402.0,10.0,0.0,1,400.0,402.0,10.0,0.0,1,400.0,401.0,10.0,0.0,1,400.0,401.0,10.0,0.0,1
2026-03-23 15:48:42,260.01,400.0,403.0,20.0,0.0,1,400.0,401.0,20.0,0.0,1,400.0,402.0,10.0,0.0,1,400.0,402.0,10.0,0.0,1,400.0,401.0,10.0,0.0,1,400.0,403.0,10.0,0.0,1
2026-03-23 15:48:43,260.75,400.0,403.0,20.0,0.0,1,400.0,401.0,20.0,0.0,1,400.0,402.0,10.0,0.0,1,400.0,401.0,10.0,0.0,1,400.0,401.0,10.0,0.0,1,400.0,403.0,10.0,0.0,1
2026-03-23 15:48:43,261.51,400.0,404.0,20.0,0.0,1,400.0,401.0,20.0,0.0,1,400.0,402.0,10.0,0.0,1,400.0,401.0,10.0,0.0,1,400.0,400.0,10.0,0.0,1,400.0,404.0,10.0,0.0,1
2026-03-23 15:48:44,262.28,400.0,404.0,20.0,0.0,1,400.0,400.0,20.0,0.0,1,400.0,403.0,10.0,0.0,1,400.0,401.0,10.0,0.0,1,400.0,400.0,10.0,0.0,1,400.0,403.0,10.0,0.0,1
2026-03-23 15:48:45,263.05,400.0,403.0,20.0,0.0,1,400.0,401.0,20.0,0.0,1,400.0,402.0,10.0,0.0,1,400.0,401.0,10.0,0.0,1,400.0,401.0,10.0,0.0,1,400.0,403.0,10.0,0.0,1
2026-03-23 15:48:46,263.81,400.0,403.0,20.0,0.0,1,400.0,401.0,20.0,0.0,1,400.0,402.0,10.0,0.0,1,400.0,403.0,10.0,0.0,1,400.0,400.0,10.0,0.0,1,400.0,403.0,10.0,0.0,1
2026-03-23 15:48:46,264.57,400.0,403.0,20.0,0.0,1,400.0,401.0,20.0,0.0,1,400.0,402.0,10.0,0.0,1,400.0,401.0,10.0,0.0,1,400.0,400.0,10.0,0.0,1,400.0,403.0,10.0,0.0,1
2026-03-23 15:48:47,265.29,400.0,397.0,20.0,0.0,1,400.0,401.0,20.0,0.0,1,400.0,402.0,10.0,0.0,1,400.0,401.0,10.0,0.0,1,400.0,401.0,10.0,0.0,1,400.0,403.0,10.0,0.0,1
2026-03-23 15:48:48,266.06,400.0,404.0,20.0,0.0,1,400.0,401.0,20.0,0.0,1,400.0,402.0,10.0,0.0,1,400.0,401.0,10.0,0.0,1,400.0,400.0,10.0,0.0,1,400.0,403.0,10.0,0.0,1
2026-03-23 15:48:49,266.81,400.0,403.0,20.0,0.0,1,400.0,400.0,20.0,0.0,1,400.0,402.0,10.0,0.0,1,400.0,401.0,10.0,0.0,1,400.0,401.0,10.0,0.0,1,400.0,403.0,10.0,0.0,1
2026-03-23 15:48:49,267.62,400.0,403.0,20.0,0.0,1,400.0,400.0,20.0,0.0,1,400.0,402.0,10.0,0.0,1,400.0,401.0,10.0,0.0,1,400.0,401.0,10.0,0.0,1,400.0,403.0,10.0,0.0,1
2026-03-23 15:48:50,268.37,400.0,402.0,20.0,0.0,1,400.0,400.0,20.0,0.0,1,400.0,402.0,10.0,0.0,1,400.0,401.0,10.0,0.0,1,400.0,400.0,10.0,0.0,1,400.0,403.0,10.0,0.0,1
2026-03-23 15:48:51,269.12,400.0,403.0,20.0,0.0,1,400.0,400.0,20.0,0.0,1,400.0,402.0,10.0,0.0,1,400.0,401.0,10.0,0.0,1,400.0,401.0,10.0,0.0,1,400.0,403.0,10.0,0.0,1
2026-03-23 15:48:52,269.86,400.0,403.0,20.0,0.0,1,400.0,400.0,20.0,0.0,1,400.0,402.0,10.0,0.0,1,400.0,400.0,10.0,0.0,1,400.0,401.0,10.0,0.0,1,400.0,403.0,10.0,0.0,1
2026-03-23 15:48:52,270.6,400.0,403.0,20.0,0.0,1,400.0,401.0,20.0,0.0,1,400.0,402.0,10.0,0.0,1,400.0,400.0,10.0,0.0,1,400.0,401.0,10.0,0.0,1,400.0,404.0,10.0,0.0,1
2026-03-23 15:48:53,271.34,400.0,403.0,20.0,0.0,1,400.0,401.0,20.0,0.0,1,400.0,402.0,10.0,0.0,1,400.0,401.0,10.0,0.0,1,400.0,400.0,10.0,0.0,1,400.0,403.0,10.0,0.0,1
2026-03-23 15:48:54,272.08,400.0,402.0,20.0,0.0,1,400.0,401.0,20.0,0.0,1,400.0,402.0,10.0,0.0,1,400.0,401.0,10.0,0.0,1,400.0,401.0,10.0,0.0,1,400.0,402.0,10.0,0.0,1
2026-03-23 15:48:55,272.84,400.0,402.0,20.0,0.0,1,400.0,401.0,20.0,0.0,1,400.0,403.0,10.0,0.0,1,400.0,402.0,10.0,0.0,1,400.0,401.0,10.0,0.0,1,400.0,403.0,10.0,0.0,1
2026-03-23 15:48:55,273.66,400.0,402.0,20.0,0.0,1,400.0,401.0,20.0,0.0,1,400.0,402.0,10.0,0.0,1,400.0,401.0,10.0,0.0,1,400.0,402.0,10.0,0.0,1,400.0,403.0,10.0,0.0,1
2026-03-23 15:48:56,274.4,400.0,406.0,20.0,0.0,1,400.0,401.0,20.0,0.0,1,400.0,402.0,10.0,0.0,1,400.0,401.0,10.0,0.0,1,400.0,400.0,10.0,0.0,1,400.0,403.0,10.0,0.0,1
2026-03-23 15:48:57,275.13,400.0,402.0,20.0,0.0,1,400.0,401.0,20.0,0.0,1,400.0,403.0,10.0,0.0,1,400.0,402.0,10.0,0.0,1,400.0,400.0,10.0,0.0,1,400.0,402.0,10.0,0.0,1
2026-03-23 15:48:58,275.87,400.0,403.0,20.0,0.0,1,400.0,401.0,20.0,0.0,1,400.0,403.0,10.0,0.0,1,400.0,401.0,10.0,0.0,1,400.0,400.0,10.0,0.0,1,400.0,401.0,10.0,0.0,1
2026-03-23 15:48:58,276.61,400.0,403.0,20.0,0.0,1,400.0,401.0,20.0,0.0,1,400.0,403.0,10.0,0.0,1,400.0,401.0,10.0,0.0,1,400.0,401.0,10.0,0.0,1,400.0,403.0,10.0,0.0,1
2026-03-23 15:48:59,277.41,400.0,404.0,20.0,0.0,1,400.0,401.0,20.0,0.0,1,400.0,403.0,10.0,0.0,1,400.0,400.0,10.0,0.0,1,400.0,401.0,10.0,0.0,1,400.0,403.0,10.0,0.0,1
2026-03-23 15:49:00,278.15,400.0,404.0,20.0,0.0,1,400.0,401.0,20.0,0.0,1,400.0,402.0,10.0,0.0,1,400.0,401.0,10.0,0.0,1,400.0,401.0,10.0,0.0,1,400.0,403.0,10.0,0.0,1
2026-03-23 15:49:01,278.9,400.0,403.0,20.0,0.0,1,400.0,400.0,20.0,0.0,1,400.0,402.0,10.0,0.0,1,400.0,401.0,10.0,0.0,1,400.0,401.0,10.0,0.0,1,400.0,403.0,10.0,0.0,1
2026-03-23 15:49:01,279.66,400.0,404.0,20.0,0.0,1,400.0,400.0,20.0,0.0,1,400.0,402.0,10.0,0.0,1,400.0,402.0,10.0,0.0,1,400.0,401.0,10.0,0.0,1,400.0,403.0,10.0,0.0,1
2026-03-23 15:49:02,280.4,400.0,403.0,20.0,0.0,1,400.0,401.0,20.0,0.0,1,400.0,403.0,10.0,0.0,1,400.0,400.0,10.0,0.0,1,400.0,399.0,10.0,0.0,1,400.0,403.0,10.0,0.0,1
2026-03-23 15:49:03,281.14,400.0,403.0,20.0,0.0,1,400.0,401.0,20.0,0.0,1,400.0,403.0,10.0,0.0,1,400.0,401.0,10.0,0.0,1,400.0,401.0,10.0,0.0,1,400.0,403.0,10.0,0.0,1
2026-03-23 15:49:04,281.91,400.0,403.0,20.0,0.0,1,400.0,401.0,20.0,0.0,1,400.0,402.0,10.0,0.0,1,400.0,401.0,10.0,0.0,1,400.0,401.0,10.0,0.0,1,400.0,403.0,10.0,0.0,1
2026-03-23 15:49:04,282.67,400.0,403.0,20.0,0.0,1,400.0,401.0,20.0,0.0,1,400.0,402.0,10.0,0.0,1,400.0,401.0,10.0,0.0,1,400.0,401.0,10.0,0.0,1,400.0,403.0,10.0,0.0,1
2026-03-23 15:49:05,283.45,400.0,404.0,20.0,0.0,1,400.0,401.0,20.0,0.0,1,400.0,402.0,10.0,0.0,1,400.0,401.0,10.0,0.0,1,400.0,401.0,10.0,0.0,1,400.0,404.0,10.0,0.0,1
2026-03-23 15:49:06,284.21,400.0,403.0,20.0,0.0,1,400.0,401.0,20.0,0.0,1,400.0,402.0,10.0,0.0,1,400.0,401.0,10.0,0.0,1,400.0,400.0,10.0,0.0,1,400.0,403.0,10.0,0.0,1
2026-03-23 15:49:07,284.96,400.0,403.0,20.0,0.0,1,400.0,401.0,20.0,0.0,1,400.0,402.0,10.0,0.0,1,400.0,401.0,10.0,0.0,1,400.0,401.0,10.0,0.0,1,400.0,402.0,10.0,0.0,1
2026-03-23 15:49:08,285.74,400.0,403.0,20.0,0.0,1,400.0,401.0,20.0,0.0,1,400.0,402.0,10.0,0.0,1,400.0,401.0,10.0,0.0,1,400.0,398.0,10.0,0.0,1,400.0,403.0,10.0,0.0,1
2026-03-23 15:49:08,286.5,400.0,403.0,20.0,0.0,1,400.0,401.0,20.0,0.0,1,400.0,402.0,10.0,0.0,1,400.0,401.0,10.0,0.0,1,400.0,400.0,10.0,0.0,1,400.0,403.0,10.0,0.0,1
2026-03-23 15:49:09,287.26,400.0,404.0,20.0,0.0,1,400.0,401.0,20.0,0.0,1,400.0,402.0,10.0,0.0,1,400.0,401.0,10.0,0.0,1,400.0,400.0,10.0,0.0,1,400.0,403.0,10.0,0.0,1
2026-03-23 15:49:10,288.01,400.0,402.0,20.0,0.0,1,400.0,401.0,20.0,0.0,1,400.0,402.0,10.0,0.0,1,400.0,401.0,10.0,0.0,1,400.0,402.0,10.0,0.0,1,400.0,403.0,10.0,0.0,1
2026-03-23 15:49:11,288.77,400.0,403.0,20.0,0.0,1,400.0,401.0,20.0,0.0,1,400.0,402.0,10.0,0.0,1,400.0,401.0,10.0,0.0,1,400.0,401.0,10.0,0.0,1,400.0,403.0,10.0,0.0,1
2026-03-23 15:49:11,289.53,400.0,403.0,20.0,0.0,1,400.0,400.0,20.0,0.0,1,400.0,403.0,10.0,0.0,1,400.0,401.0,10.0,0.0,1,400.0,402.0,10.0,0.0,1,400.0,403.0,10.0,0.0,1
2026-03-23 15:49:12,290.3,400.0,402.0,20.0,0.0,1,400.0,400.0,20.0,0.0,1,400.0,403.0,10.0,0.0,1,400.0,401.0,10.0,0.0,1,400.0,401.0,10.0,0.0,1,400.0,403.0,10.0,0.0,1
2026-03-23 15:49:13,291.05,400.0,402.0,20.0,0.0,1,400.0,400.0,20.0,0.0,1,400.0,403.0,10.0,0.0,1,400.0,401.0,10.0,0.0,1,400.0,400.0,10.0,0.0,1,400.0,403.0,10.0,0.0,1
2026-03-23 15:49:14,291.83,400.0,403.0,20.0,0.0,1,400.0,400.0,20.0,0.0,1,400.0,403.0,10.0,0.0,1,400.0,401.0,10.0,0.0,1,400.0,401.0,10.0,0.0,1,400.0,402.0,10.0,0.0,1
2026-03-23 15:49:14,292.62,400.0,403.0,20.0,0.0,1,400.0,400.0,20.0,0.0,1,400.0,403.0,10.0,0.0,1,400.0,401.0,10.0,0.0,1,400.0,401.0,10.0,0.0,1,400.0,402.0,10.0,0.0,1
2026-03-23 15:49:15,293.39,400.0,404.0,20.0,0.0,1,400.0,401.0,20.0,0.0,1,400.0,403.0,10.0,0.0,1,400.0,402.0,10.0,0.0,1,400.0,401.0,10.0,0.0,1,400.0,403.0,10.0,0.0,1
2026-03-23 15:49:16,294.17,400.0,402.0,20.0,0.0,1,400.0,401.0,20.0,0.0,1,400.0,402.0,10.0,0.0,1,400.0,402.0,10.0,0.0,1,400.0,401.0,10.0,0.0,1,400.0,403.0,10.0,0.0,1
2026-03-23 15:49:17,294.94,400.0,402.0,20.0,0.0,1,400.0,401.0,20.0,0.0,1,400.0,402.0,10.0,0.0,1,400.0,401.0,10.0,0.0,1,400.0,401.0,10.0,0.0,1,400.0,403.0,10.0,0.0,1
2026-03-23 15:49:18,295.73,400.0,404.0,20.0,0.0,1,400.0,401.0,20.0,0.0,1,400.0,403.0,10.0,0.0,1,400.0,401.0,10.0,0.0,1,400.0,401.0,10.0,0.0,1,400.0,403.0,10.0,0.0,1
2026-03-23 15:49:18,296.51,400.0,404.0,20.0,0.0,1,400.0,400.0,20.0,0.0,1,400.0,403.0,10.0,0.0,1,400.0,401.0,10.0,0.0,1,400.0,400.0,10.0,0.0,1,400.0,402.0,10.0,0.0,1
2026-03-23 15:49:19,297.28,400.0,402.0,20.0,0.0,1,400.0,400.0,20.0,0.0,1,400.0,403.0,10.0,0.0,1,400.0,400.0,10.0,0.0,1,400.0,402.0,10.0,0.0,1,400.0,402.0,10.0,0.0,1
2026-03-23 15:49:20,298.12,400.0,402.0,20.0,0.0,1,400.0,400.0,20.0,0.0,1,400.0,402.0,10.0,0.0,1,400.0,400.0,10.0,0.0,1,400.0,401.0,10.0,0.0,1,400.0,404.0,10.0,0.0,1
2026-03-23 15:49:21,298.87,400.0,403.0,20.0,0.0,1,400.0,400.0,20.0,0.0,1,400.0,402.0,10.0,0.0,1,400.0,401.0,10.0,0.0,1,400.0,400.0,10.0,0.0,1,400.0,402.0,10.0,0.0,1
2026-03-23 15:49:21,299.64,400.0,403.0,20.0,0.0,1,400.0,401.0,20.0,0.0,1,400.0,402.0,10.0,0.0,1,400.0,402.0,10.0,0.0,1,400.0,401.0,10.0,0.0,1,400.0,402.0,10.0,0.0,1
2026-03-23 15:49:22,300.39,400.0,403.0,20.0,0.0,1,400.0,401.0,20.0,0.0,1,400.0,402.0,10.0,0.0,1,400.0,400.0,10.0,0.0,1,400.0,401.0,10.0,0.0,1,400.0,402.0,10.0,0.0,1
2026-03-23 15:49:23,301.13,400.0,402.0,20.0,0.0,1,400.0,401.0,20.0,0.0,1,400.0,402.0,10.0,0.0,1,400.0,401.0,10.0,0.0,1,400.0,402.0,10.0,0.0,1,400.0,402.0,10.0,0.0,1
2026-03-23 15:49:24,301.88,400.0,405.0,20.0,0.0,1,400.0,401.0,20.0,0.0,1,400.0,402.0,10.0,0.0,1,400.0,402.0,10.0,0.0,1,400.0,399.0,10.0,0.0,1,400.0,403.0,10.0,0.0,1
2026-03-23 15:49:24,302.61,400.0,403.0,20.0,0.0,1,400.0,400.0,20.0,0.0,1,400.0,402.0,10.0,0.0,1,400.0,401.0,10.0,0.0,1,400.0,400.0,10.0,0.0,1,400.0,404.0,10.0,0.0,1
2026-03-23 15:49:25,303.36,400.0,402.0,20.0,0.0,1,400.0,400.0,20.0,0.0,1,400.0,402.0,10.0,0.0,1,400.0,401.0,10.0,0.0,1,400.0,400.0,10.0,0.0,1,400.0,403.0,10.0,0.0,1
2026-03-23 15:49:26,304.1,400.0,404.0,20.0,0.0,1,400.0,400.0,20.0,0.0,1,400.0,402.0,10.0,0.0,1,400.0,401.0,10.0,0.0,1,400.0,400.0,10.0,0.0,1,400.0,403.0,10.0,0.0,1
2026-03-23 15:49:27,304.86,400.0,404.0,20.0,0.0,1,400.0,400.0,20.0,0.0,1,400.0,402.0,10.0,0.0,1,400.0,401.0,10.0,0.0,1,400.0,400.0,10.0,0.0,1,400.0,403.0,10.0,0.0,1
2026-03-23 15:49:27,305.6,400.0,403.0,20.0,0.0,1,400.0,400.0,20.0,0.0,1,400.0,402.0,10.0,0.0,1,400.0,401.0,10.0,0.0,1,400.0,400.0,10.0,0.0,1,400.0,403.0,10.0,0.0,1
2026-03-23 15:49:28,306.34,400.0,403.0,20.0,0.0,1,400.0,400.0,20.0,0.0,1,400.0,401.0,10.0,0.0,1,400.0,401.0,10.0,0.0,1,400.0,400.0,10.0,0.0,1,400.0,402.0,10.0,0.0,1
2026-03-23 15:49:29,307.08,400.0,403.0,20.0,0.0,1,400.0,400.0,20.0,0.0,1,400.0,402.0,10.0,0.0,1,400.0,401.0,10.0,0.0,1,400.0,400.0,10.0,0.0,1,400.0,402.0,10.0,0.0,1
2026-03-23 15:49:30,307.82,400.0,403.0,20.0,0.0,1,400.0,400.0,20.0,0.0,1,400.0,402.0,10.0,0.0,1,400.0,400.0,10.0,0.0,1,400.0,400.0,10.0,0.0,1,400.0,404.0,10.0,0.0,1
2026-03-23 15:49:30,308.55,400.0,403.0,20.0,0.0,1,400.0,400.0,20.0,0.0,1,400.0,404.0,10.0,0.0,1,400.0,402.0,10.0,0.0,1,400.0,401.0,10.0,0.0,1,400.0,403.0,10.0,0.0,1
2026-03-23 15:49:31,309.3,400.0,404.0,20.0,0.0,1,400.0,400.0,20.0,0.0,1,400.0,401.0,10.0,0.0,1,400.0,401.0,10.0,0.0,1,400.0,400.0,10.0,0.0,1,400.0,403.0,10.0,0.0,1
2026-03-23 15:49:32,310.04,400.0,404.0,20.0,0.0,1,400.0,400.0,20.0,0.0,1,400.0,401.0,10.0,0.0,1,400.0,401.0,10.0,0.0,1,400.0,398.0,10.0,0.0,1,400.0,403.0,10.0,0.0,1
2026-03-23 15:49:33,310.82,400.0,403.0,20.0,0.0,1,400.0,400.0,20.0,0.0,1,400.0,402.0,10.0,0.0,1,400.0,402.0,10.0,0.0,1,400.0,399.0,10.0,0.0,1,400.0,405.0,10.0,0.0,1
2026-03-23 15:49:33,311.54,400.0,403.0,20.0,0.0,1,400.0,400.0,20.0,0.0,1,400.0,402.0,10.0,0.0,1,400.0,402.0,10.0,0.0,1,400.0,399.0,10.0,0.0,1,400.0,402.0,10.0,0.0,1
2026-03-23 15:49:34,312.28,400.0,403.0,20.0,0.0,1,400.0,400.0,20.0,0.0,1,400.0,402.0,10.0,0.0,1,400.0,401.0,10.0,0.0,1,400.0,400.0,10.0,0.0,1,400.0,402.0,10.0,0.0,1
2026-03-23 15:49:35,313.03,400.0,404.0,20.0,0.0,1,400.0,400.0,20.0,0.0,1,400.0,402.0,10.0,0.0,1,400.0,401.0,10.0,0.0,1,400.0,401.0,10.0,0.0,1,400.0,402.0,10.0,0.0,1
2026-03-23 15:49:36,313.77,400.0,402.0,20.0,0.0,1,400.0,400.0,20.0,0.0,1,400.0,402.0,10.0,0.0,1,400.0,401.0,10.0,0.0,1,400.0,399.0,10.0,0.0,1,400.0,402.0,10.0,0.0,1
2026-03-23 15:49:36,314.52,400.0,404.0,20.0,0.0,1,400.0,401.0,20.0,0.0,1,400.0,403.0,10.0,0.0,1,400.0,401.0,10.0,0.0,1,400.0,399.0,10.0,0.0,1,400.0,402.0,10.0,0.0,1
2026-03-23 15:49:37,315.25,400.0,404.0,20.0,0.0,1,400.0,401.0,20.0,0.0,1,400.0,401.0,10.0,0.0,1,400.0,401.0,10.0,0.0,1,400.0,401.0,10.0,0.0,1,400.0,403.0,10.0,0.0,1
2026-03-23 15:49:38,316.01,400.0,404.0,20.0,0.0,1,400.0,401.0,20.0,0.0,1,400.0,403.0,10.0,0.0,1,400.0,401.0,10.0,0.0,1,400.0,399.0,10.0,0.0,1,400.0,403.0,10.0,0.0,1
2026-03-23 15:49:39,316.86,400.0,403.0,20.0,0.0,1,400.0,401.0,20.0,0.0,1,400.0,402.0,10.0,0.0,1,400.0,402.0,10.0,0.0,1,400.0,401.0,10.0,0.0,1,400.0,403.0,10.0,0.0,1
2026-03-23 15:49:39,317.59,400.0,404.0,20.0,0.0,1,400.0,401.0,20.0,0.0,1,400.0,402.0,10.0,0.0,1,400.0,401.0,10.0,0.0,1,400.0,400.0,10.0,0.0,1,400.0,403.0,10.0,0.0,1
2026-03-23 15:49:40,318.37,400.0,403.0,20.0,0.0,1,400.0,401.0,20.0,0.0,1,400.0,402.0,10.0,0.0,1,400.0,401.0,10.0,0.0,1,400.0,400.0,10.0,0.0,1,400.0,403.0,10.0,0.0,1
2026-03-23 15:49:41,319.13,400.0,403.0,20.0,0.0,1,400.0,401.0,20.0,0.0,1,400.0,402.0,10.0,0.0,1,400.0,401.0,10.0,0.0,1,400.0,400.0,10.0,0.0,1,400.0,403.0,10.0,0.0,1
2026-03-23 15:49:42,319.89,400.0,403.0,20.0,0.0,1,400.0,401.0,20.0,0.0,1,400.0,402.0,10.0,0.0,1,400.0,401.0,10.0,0.0,1,400.0,400.0,10.0,0.0,1,400.0,403.0,10.0,0.0,1
2026-03-23 15:49:42,320.65,400.0,403.0,20.0,0.0,1,400.0,400.0,20.0,0.0,1,400.0,402.0,10.0,0.0,1,400.0,401.0,10.0,0.0,1,400.0,402.0,10.0,0.0,1,400.0,403.0,10.0,0.0,1
2026-03-23 15:49:43,321.4,400.0,402.0,20.0,0.0,1,400.0,400.0,20.0,0.0,1,400.0,401.0,10.0,0.0,1,400.0,401.0,10.0,0.0,1,400.0,400.0,10.0,0.0,1,400.0,403.0,10.0,0.0,1
2026-03-23 15:49:44,322.13,400.0,402.0,20.0,0.0,1,400.0,401.0,20.0,0.0,1,400.0,402.0,10.0,0.0,1,400.0,401.0,10.0,0.0,1,400.0,401.0,10.0,0.0,1,400.0,403.0,10.0,0.0,1
2026-03-23 15:49:45,322.87,400.0,400.0,20.0,0.0,1,400.0,401.0,20.0,0.0,1,400.0,401.0,10.0,0.0,1,400.0,402.0,10.0,0.0,1,400.0,401.0,10.0,0.0,1,400.0,403.0,10.0,0.0,1
2026-03-23 15:49:45,323.66,400.0,403.0,20.0,0.0,1,400.0,400.0,20.0,0.0,1,400.0,401.0,10.0,0.0,1,400.0,401.0,10.0,0.0,1,400.0,400.0,10.0,0.0,1,400.0,403.0,10.0,0.0,1
2026-03-23 15:49:46,324.42,400.0,404.0,20.0,0.0,1,400.0,401.0,20.0,0.0,1,400.0,401.0,10.0,0.0,1,400.0,401.0,10.0,0.0,1,400.0,401.0,10.0,0.0,1,400.0,403.0,10.0,0.0,1
2026-03-23 15:49:47,325.19,400.0,403.0,20.0,0.0,1,400.0,400.0,20.0,0.0,1,400.0,403.0,10.0,0.0,1,400.0,401.0,10.0,0.0,1,400.0,401.0,10.0,0.0,1,400.0,403.0,10.0,0.0,1
2026-03-23 15:49:48,325.96,400.0,403.0,20.0,0.0,1,400.0,400.0,20.0,0.0,1,400.0,403.0,10.0,0.0,1,400.0,401.0,10.0,0.0,1,400.0,401.0,10.0,0.0,1,400.0,404.0,10.0,0.0,1
2026-03-23 15:49:49,326.74,400.0,404.0,20.0,0.0,1,400.0,400.0,20.0,0.0,1,400.0,402.0,10.0,0.0,1,400.0,401.0,10.0,0.0,1,400.0,401.0,10.0,0.0,1,400.0,404.0,10.0,0.0,1
2026-03-23 15:49:49,327.5,400.0,403.0,20.0,0.0,1,400.0,401.0,20.0,0.0,1,400.0,401.0,10.0,0.0,1,400.0,402.0,10.0,0.0,1,400.0,400.0,10.0,0.0,1,400.0,403.0,10.0,0.0,1
2026-03-23 15:49:50,328.26,400.0,403.0,20.0,0.0,1,400.0,401.0,20.0,0.0,1,400.0,401.0,10.0,0.0,1,400.0,400.0,10.0,0.0,1,400.0,399.0,10.0,0.0,1,400.0,402.0,10.0,0.0,1
2026-03-23 15:49:51,329.02,400.0,403.0,20.0,0.0,1,400.0,401.0,20.0,0.0,1,400.0,401.0,10.0,0.0,1,400.0,401.0,10.0,0.0,1,400.0,401.0,10.0,0.0,1,400.0,402.0,10.0,0.0,1
2026-03-23 15:49:52,329.77,400.0,402.0,20.0,0.0,1,400.0,401.0,20.0,0.0,1,400.0,401.0,10.0,0.0,1,400.0,401.0,10.0,0.0,1,400.0,401.0,10.0,0.0,1,400.0,402.0,10.0,0.0,1
2026-03-23 15:49:52,330.55,400.0,403.0,20.0,0.0,1,400.0,402.0,20.0,0.0,1,400.0,402.0,10.0,0.0,1,400.0,401.0,10.0,0.0,1,400.0,401.0,10.0,0.0,1,400.0,402.0,10.0,0.0,1
2026-03-23 15:49:53,331.31,400.0,403.0,20.0,0.0,1,400.0,401.0,20.0,0.0,1,400.0,402.0,10.0,0.0,1,400.0,401.0,10.0,0.0,1,400.0,401.0,10.0,0.0,1,400.0,403.0,10.0,0.0,1
2026-03-23 15:49:54,332.08,400.0,403.0,20.0,0.0,1,400.0,401.0,20.0,0.0,1,400.0,402.0,10.0,0.0,1,400.0,401.0,10.0,0.0,1,400.0,400.0,10.0,0.0,1,400.0,403.0,10.0,0.0,1
2026-03-23 15:49:55,332.86,400.0,403.0,20.0,0.0,1,400.0,401.0,20.0,0.0,1,400.0,402.0,10.0,0.0,1,400.0,401.0,10.0,0.0,1,400.0,400.0,10.0,0.0,1,400.0,403.0,10.0,0.0,1
2026-03-23 15:49:55,333.65,400.0,403.0,20.0,0.0,1,400.0,401.0,20.0,0.0,1,400.0,402.0,10.0,0.0,1,400.0,401.0,10.0,0.0,1,400.0,400.0,10.0,0.0,1,400.0,403.0,10.0,0.0,1
2026-03-23 15:49:56,334.45,400.0,403.0,20.0,0.0,1,400.0,401.0,20.0,0.0,1,400.0,401.0,10.0,0.0,1,400.0,401.0,10.0,0.0,1,400.0,400.0,10.0,0.0,1,400.0,404.0,10.0,0.0,1
2026-03-23 15:49:57,335.21,400.0,404.0,20.0,0.0,1,400.0,401.0,20.0,0.0,1,400.0,403.0,10.0,0.0,1,400.0,401.0,10.0,0.0,1,400.0,401.0,10.0,0.0,1,400.0,404.0,10.0,0.0,1
2026-03-23 15:49:58,335.96,400.0,403.0,20.0,0.0,1,400.0,400.0,20.0,0.0,1,400.0,402.0,10.0,0.0,1,400.0,400.0,10.0,0.0,1,400.0,401.0,10.0,0.0,1,400.0,403.0,10.0,0.0,1
2026-03-23 15:49:59,336.71,400.0,404.0,20.0,0.0,1,400.0,400.0,20.0,0.0,1,400.0,402.0,10.0,0.0,1,400.0,400.0,10.0,0.0,1,400.0,400.0,10.0,0.0,1,400.0,403.0,10.0,0.0,1
2026-03-23 15:49:59,337.48,400.0,403.0,20.0,0.0,1,400.0,400.0,20.0,0.0,1,400.0,402.0,10.0,0.0,1,400.0,402.0,10.0,0.0,1,400.0,400.0,10.0,0.0,1,400.0,403.0,10.0,0.0,1
2026-03-23 15:50:00,338.25,400.0,403.0,20.0,0.0,1,400.0,400.0,20.0,0.0,1,400.0,402.0,10.0,0.0,1,400.0,402.0,10.0,0.0,1,400.0,400.0,10.0,0.0,1,400.0,403.0,10.0,0.0,1
2026-03-23 15:50:01,339.02,400.0,402.0,20.0,0.0,1,400.0,400.0,20.0,0.0,1,400.0,402.0,10.0,0.0,1,400.0,402.0,10.0,0.0,1,400.0,401.0,10.0,0.0,1,400.0,404.0,10.0,0.0,1
2026-03-23 15:50:02,339.78,400.0,402.0,20.0,0.0,1,400.0,401.0,20.0,0.0,1,400.0,402.0,10.0,0.0,1,400.0,401.0,10.0,0.0,1,400.0,399.0,10.0,0.0,1,400.0,404.0,10.0,0.0,1
2026-03-23 15:50:02,340.56,400.0,402.0,20.0,0.0,1,400.0,401.0,20.0,0.0,1,400.0,402.0,10.0,0.0,1,400.0,400.0,10.0,0.0,1,400.0,401.0,10.0,0.0,1,400.0,404.0,10.0,0.0,1
2026-03-23 15:50:03,341.3,400.0,403.0,20.0,0.0,1,400.0,401.0,20.0,0.0,1,400.0,401.0,10.0,0.0,1,400.0,400.0,10.0,0.0,1,400.0,400.0,10.0,0.0,1,400.0,403.0,10.0,0.0,1
2026-03-23 15:50:04,342.07,400.0,403.0,20.0,0.0,1,400.0,401.0,20.0,0.0,1,400.0,401.0,10.0,0.0,1,400.0,403.0,10.0,0.0,1,400.0,400.0,10.0,0.0,1,400.0,403.0,10.0,0.0,1
2026-03-23 15:50:05,342.83,400.0,403.0,20.0,0.0,1,400.0,401.0,20.0,0.0,1,400.0,402.0,10.0,0.0,1,400.0,400.0,10.0,0.0,1,400.0,400.0,10.0,0.0,1,400.0,404.0,10.0,0.0,1
2026-03-23 15:50:05,343.61,400.0,404.0,20.0,0.0,1,400.0,401.0,20.0,0.0,1,400.0,401.0,10.0,0.0,1,400.0,400.0,10.0,0.0,1,400.0,401.0,10.0,0.0,1,400.0,404.0,10.0,0.0,1
2026-03-23 15:50:06,344.36,400.0,404.0,20.0,0.0,1,400.0,401.0,20.0,0.0,1,400.0,401.0,10.0,0.0,1,400.0,401.0,10.0,0.0,1,400.0,402.0,10.0,0.0,1,400.0,402.0,10.0,0.0,1
2026-03-23 15:50:07,345.12,400.0,403.0,20.0,0.0,1,400.0,401.0,20.0,0.0,1,400.0,403.0,10.0,0.0,1,400.0,401.0,10.0,0.0,1,400.0,400.0,10.0,0.0,1,400.0,403.0,10.0,0.0,1
2026-03-23 15:50:08,345.88,400.0,403.0,20.0,0.0,1,400.0,401.0,20.0,0.0,1,400.0,402.0,10.0,0.0,1,400.0,401.0,10.0,0.0,1,400.0,402.0,10.0,0.0,1,400.0,403.0,10.0,0.0,1
2026-03-23 15:50:08,346.66,400.0,403.0,20.0,0.0,1,400.0,401.0,20.0,0.0,1,400.0,402.0,10.0,0.0,1,400.0,401.0,10.0,0.0,1,400.0,400.0,10.0,0.0,1,400.0,404.0,10.0,0.0,1
2026-03-23 15:50:09,347.44,400.0,403.0,20.0,0.0,1,400.0,401.0,20.0,0.0,1,400.0,402.0,10.0,0.0,1,400.0,401.0,10.0,0.0,1,400.0,400.0,10.0,0.0,1,400.0,402.0,10.0,0.0,1
2026-03-23 15:50:10,348.19,400.0,399.0,20.0,0.0,1,400.0,401.0,20.0,0.0,1,400.0,402.0,10.0,0.0,1,400.0,401.0,10.0,0.0,1,400.0,400.0,10.0,0.0,1,400.0,402.0,10.0,0.0,1
2026-03-23 15:50:11,348.98,400.0,403.0,20.0,0.0,1,400.0,400.0,20.0,0.0,1,400.0,402.0,10.0,0.0,1,400.0,401.0,10.0,0.0,1,400.0,400.0,10.0,0.0,1,400.0,403.0,10.0,0.0,1
2026-03-23 15:50:12,349.74,400.0,403.0,20.0,0.0,1,400.0,400.0,20.0,0.0,1,400.0,401.0,10.0,0.0,1,400.0,401.0,10.0,0.0,1,400.0,401.0,10.0,0.0,1,400.0,404.0,10.0,0.0,1
2026-03-23 15:50:12,350.5,400.0,402.0,20.0,0.0,1,400.0,400.0,20.0,0.0,1,400.0,402.0,10.0,0.0,1,400.0,401.0,10.0,0.0,1,400.0,401.0,10.0,0.0,1,400.0,404.0,10.0,0.0,1
2026-03-23 15:50:13,351.26,400.0,402.0,20.0,0.0,1,400.0,400.0,20.0,0.0,1,400.0,402.0,10.0,0.0,1,400.0,401.0,10.0,0.0,1,400.0,401.0,10.0,0.0,1,400.0,404.0,10.0,0.0,1
2026-03-23 15:50:14,352.01,400.0,405.0,20.0,0.0,1,400.0,401.0,20.0,0.0,1,400.0,402.0,10.0,0.0,1,400.0,402.0,10.0,0.0,1,400.0,401.0,10.0,0.0,1,400.0,403.0,10.0,0.0,1
2026-03-23 15:50:15,352.78,400.0,404.0,20.0,0.0,1,400.0,400.0,20.0,0.0,1,400.0,402.0,10.0,0.0,1,400.0,401.0,10.0,0.0,1,400.0,400.0,10.0,0.0,1,400.0,403.0,10.0,0.0,1
2026-03-23 15:50:15,353.55,400.0,404.0,20.0,0.0,1,400.0,401.0,20.0,0.0,1,400.0,402.0,10.0,0.0,1,400.0,401.0,10.0,0.0,1,400.0,401.0,10.0,0.0,1,400.0,403.0,10.0,0.0,1
2026-03-23 15:50:16,354.29,400.0,403.0,20.0,0.0,1,400.0,401.0,20.0,0.0,1,400.0,402.0,10.0,0.0,1,400.0,401.0,10.0,0.0,1,400.0,401.0,10.0,0.0,1,400.0,403.0,10.0,0.0,1
2026-03-23 15:50:17,355.03,400.0,403.0,20.0,0.0,1,400.0,401.0,20.0,0.0,1,400.0,402.0,10.0,0.0,1,400.0,401.0,10.0,0.0,1,400.0,399.0,10.0,0.0,1,400.0,403.0,10.0,0.0,1
2026-03-23 15:50:18,355.78,400.0,403.0,20.0,0.0,1,400.0,401.0,20.0,0.0,1,400.0,402.0,10.0,0.0,1,400.0,402.0,10.0,0.0,1,400.0,400.0,10.0,0.0,1,400.0,403.0,10.0,0.0,1
2026-03-23 15:50:18,356.52,400.0,403.0,20.0,0.0,1,400.0,401.0,20.0,0.0,1,400.0,402.0,10.0,0.0,1,400.0,401.0,10.0,0.0,1,400.0,400.0,10.0,0.0,1,400.0,403.0,10.0,0.0,1
2026-03-23 15:50:19,357.32,400.0,417.0,20.0,0.0,1,400.0,401.0,20.0,0.0,1,400.0,402.0,10.0,0.0,1,400.0,402.0,10.0,0.0,1,400.0,400.0,10.0,0.0,1,400.0,403.0,10.0,0.0,1
2026-03-23 15:50:20,358.06,400.0,384.0,20.0,0.0,1,400.0,401.0,20.0,0.0,1,400.0,402.0,10.0,0.0,1,400.0,401.0,10.0,0.0,1,400.0,400.0,10.0,0.0,1,400.0,403.0,10.0,0.0,1
2026-03-23 15:50:21,358.8,400.0,401.0,20.0,0.0,1,400.0,401.0,20.0,0.0,1,400.0,402.0,10.0,0.0,1,400.0,401.0,10.0,0.0,1,400.0,403.0,10.0,0.0,1,400.0,403.0,10.0,0.0,1
2026-03-23 15:50:21,359.56,400.0,404.0,20.0,0.0,1,400.0,401.0,20.0,0.0,1,400.0,402.0,10.0,0.0,1,400.0,402.0,10.0,0.0,1,400.0,400.0,10.0,0.0,1,400.0,402.0,10.0,0.0,1
2026-03-23 15:50:22,360.33,400.0,403.0,20.0,0.0,1,400.0,400.0,20.0,0.0,1,400.0,402.0,10.0,0.0,1,400.0,401.0,10.0,0.0,1,400.0,401.0,10.0,0.0,1,400.0,403.0,10.0,0.0,1
2026-03-23 15:50:23,361.09,400.0,402.0,20.0,0.0,1,400.0,401.0,20.0,0.0,1,400.0,402.0,10.0,0.0,1,400.0,401.0,10.0,0.0,1,400.0,402.0,10.0,0.0,1,400.0,402.0,10.0,0.0,1
2026-03-23 15:50:24,361.86,400.0,402.0,20.0,0.0,1,400.0,400.0,20.0,0.0,1,400.0,403.0,10.0,0.0,1,400.0,401.0,10.0,0.0,1,400.0,401.0,10.0,0.0,1,400.0,402.0,10.0,0.0,1
2026-03-23 15:50:24,362.61,400.0,404.0,20.0,0.0,1,400.0,401.0,20.0,0.0,1,400.0,402.0,10.0,0.0,1,400.0,401.0,10.0,0.0,1,400.0,401.0,10.0,0.0,1,400.0,404.0,10.0,0.0,1
2026-03-23 15:50:25,363.39,400.0,404.0,20.0,0.0,1,400.0,401.0,20.0,0.0,1,400.0,402.0,10.0,0.0,1,400.0,401.0,10.0,0.0,1,400.0,401.0,10.0,0.0,1,400.0,404.0,10.0,0.0,1
2026-03-23 15:50:26,364.16,400.0,403.0,20.0,0.0,1,400.0,401.0,20.0,0.0,1,400.0,401.0,10.0,0.0,1,400.0,402.0,10.0,0.0,1,400.0,401.0,10.0,0.0,1,400.0,404.0,10.0,0.0,1
2026-03-23 15:50:27,364.92,400.0,404.0,20.0,0.0,1,400.0,401.0,20.0,0.0,1,400.0,402.0,10.0,0.0,1,400.0,401.0,10.0,0.0,1,400.0,400.0,10.0,0.0,1,400.0,402.0,10.0,0.0,1
2026-03-23 15:50:27,365.67,400.0,403.0,20.0,0.0,1,400.0,401.0,20.0,0.0,1,400.0,402.0,10.0,0.0,1,400.0,401.0,10.0,0.0,1,400.0,400.0,10.0,0.0,1,400.0,403.0,10.0,0.0,1
2026-03-23 15:50:28,366.43,400.0,402.0,20.0,0.0,1,400.0,401.0,20.0,0.0,1,400.0,402.0,10.0,0.0,1,400.0,402.0,10.0,0.0,1,400.0,399.0,10.0,0.0,1,400.0,403.0,10.0,0.0,1
2026-03-23 15:50:29,367.27,400.0,402.0,20.0,0.0,1,400.0,401.0,20.0,0.0,1,400.0,402.0,10.0,0.0,1,400.0,402.0,10.0,0.0,1,400.0,401.0,10.0,0.0,1,400.0,403.0,10.0,0.0,1
2026-03-23 15:50:30,368.02,400.0,404.0,20.0,0.0,1,400.0,401.0,20.0,0.0,1,400.0,402.0,10.0,0.0,1,400.0,402.0,10.0,0.0,1,400.0,401.0,10.0,0.0,1,400.0,403.0,10.0,0.0,1
2026-03-23 15:50:31,368.79,400.0,403.0,20.0,0.0,1,400.0,401.0,20.0,0.0,1,400.0,402.0,10.0,0.0,1,400.0,402.0,10.0,0.0,1,400.0,400.0,10.0,0.0,1,400.0,403.0,10.0,0.0,1
2026-03-23 15:50:31,369.59,400.0,403.0,20.0,0.0,1,400.0,401.0,20.0,0.0,1,400.0,402.0,10.0,0.0,1,400.0,402.0,10.0,0.0,1,400.0,400.0,10.0,0.0,1,400.0,402.0,10.0,0.0,1
2026-03-23 15:50:32,370.34,400.0,403.0,20.0,0.0,1,400.0,401.0,20.0,0.0,1,400.0,402.0,10.0,0.0,1,400.0,403.0,10.0,0.0,1,400.0,399.0,10.0,0.0,1,400.0,402.0,10.0,0.0,1
2026-03-23 15:50:33,371.09,400.0,403.0,20.0,0.0,1,400.0,401.0,20.0,0.0,1,400.0,403.0,10.0,0.0,1,400.0,401.0,10.0,0.0,1,400.0,403.0,10.0,0.0,1,400.0,403.0,10.0,0.0,1
2026-03-23 15:50:34,371.89,400.0,403.0,20.0,0.0,1,400.0,401.0,20.0,0.0,1,400.0,402.0,10.0,0.0,1,400.0,401.0,10.0,0.0,1,400.0,402.0,10.0,0.0,1,400.0,403.0,10.0,0.0,1
2026-03-23 15:50:34,372.68,400.0,403.0,20.0,0.0,1,400.0,400.0,20.0,0.0,1,400.0,402.0,10.0,0.0,1,400.0,401.0,10.0,0.0,1,400.0,400.0,10.0,0.0,1,400.0,402.0,10.0,0.0,1
2026-03-23 15:50:35,373.44,400.0,403.0,20.0,0.0,1,400.0,401.0,20.0,0.0,1,400.0,401.0,10.0,0.0,1,400.0,400.0,10.0,0.0,1,400.0,401.0,10.0,0.0,1,400.0,404.0,10.0,0.0,1
2026-03-23 15:50:36,374.2,400.0,403.0,20.0,0.0,1,400.0,401.0,20.0,0.0,1,400.0,401.0,10.0,0.0,1,400.0,400.0,10.0,0.0,1,400.0,401.0,10.0,0.0,1,400.0,404.0,10.0,0.0,1
2026-03-23 15:50:37,374.94,400.0,403.0,20.0,0.0,1,400.0,401.0,20.0,0.0,1,400.0,402.0,10.0,0.0,1,400.0,401.0,10.0,0.0,1,400.0,400.0,10.0,0.0,1,400.0,403.0,10.0,0.0,1
2026-03-23 15:50:38,375.71,400.0,403.0,20.0,0.0,1,400.0,401.0,20.0,0.0,1,400.0,402.0,10.0,0.0,1,400.0,401.0,10.0,0.0,1,400.0,400.0,10.0,0.0,1,400.0,403.0,10.0,0.0,1
2026-03-23 15:50:38,376.48,400.0,403.0,20.0,0.0,1,400.0,400.0,20.0,0.0,1,400.0,402.0,10.0,0.0,1,400.0,401.0,10.0,0.0,1,400.0,400.0,10.0,0.0,1,400.0,401.0,10.0,0.0,1
2026-03-23 15:50:39,377.31,400.0,405.0,20.0,0.0,1,400.0,400.0,20.0,0.0,1,400.0,401.0,10.0,0.0,1,400.0,401.0,10.0,0.0,1,400.0,400.0,10.0,0.0,1,400.0,404.0,10.0,0.0,1
2026-03-23 15:50:40,378.13,400.0,403.0,20.0,0.0,1,400.0,400.0,20.0,0.0,1,400.0,401.0,10.0,0.0,1,400.0,401.0,10.0,0.0,1,400.0,400.0,10.0,0.0,1,400.0,404.0,10.0,0.0,1
2026-03-23 15:50:41,378.89,400.0,403.0,20.0,0.0,1,400.0,400.0,20.0,0.0,1,400.0,403.0,10.0,0.0,1,400.0,401.0,10.0,0.0,1,400.0,400.0,10.0,0.0,1,400.0,403.0,10.0,0.0,1
2026-03-23 15:50:41,379.64,400.0,403.0,20.0,0.0,1,400.0,401.0,20.0,0.0,1,400.0,403.0,10.0,0.0,1,400.0,401.0,10.0,0.0,1,400.0,400.0,10.0,0.0,1,400.0,403.0,10.0,0.0,1
2026-03-23 15:50:42,380.45,400.0,403.0,20.0,0.0,1,400.0,400.0,20.0,0.0,1,400.0,403.0,10.0,0.0,1,400.0,401.0,10.0,0.0,1,400.0,402.0,10.0,0.0,1,400.0,403.0,10.0,0.0,1
2026-03-23 15:50:43,381.21,400.0,403.0,20.0,0.0,1,400.0,402.0,20.0,0.0,1,400.0,402.0,10.0,0.0,1,400.0,401.0,10.0,0.0,1,400.0,402.0,10.0,0.0,1,400.0,402.0,10.0,0.0,1
2026-03-23 15:50:44,381.95,400.0,403.0,20.0,0.0,1,400.0,402.0,20.0,0.0,1,400.0,402.0,10.0,0.0,1,400.0,401.0,10.0,0.0,1,400.0,400.0,10.0,0.0,1,400.0,402.0,10.0,0.0,1
2026-03-23 15:50:45,382.72,400.0,404.0,20.0,0.0,1,400.0,401.0,20.0,0.0,1,400.0,402.0,10.0,0.0,1,400.0,401.0,10.0,0.0,1,400.0,400.0,10.0,0.0,1,400.0,404.0,10.0,0.0,1
2026-03-23 15:50:45,383.48,400.0,403.0,20.0,0.0,1,400.0,400.0,20.0,0.0,1,400.0,402.0,10.0,0.0,1,400.0,401.0,10.0,0.0,1,400.0,399.0,10.0,0.0,1,400.0,402.0,10.0,0.0,1
2026-03-23 15:50:46,384.22,400.0,403.0,20.0,0.0,1,400.0,401.0,20.0,0.0,1,400.0,402.0,10.0,0.0,1,400.0,401.0,10.0,0.0,1,400.0,399.0,10.0,0.0,1,400.0,402.0,10.0,0.0,1
2026-03-23 15:50:47,385.0,400.0,403.0,20.0,0.0,1,400.0,401.0,20.0,0.0,1,400.0,401.0,10.0,0.0,1,400.0,401.0,10.0,0.0,1,400.0,401.0,10.0,0.0,1,400.0,404.0,10.0,0.0,1
2026-03-23 15:50:48,385.76,400.0,405.0,20.0,0.0,1,400.0,401.0,20.0,0.0,1,400.0,401.0,10.0,0.0,1,400.0,401.0,10.0,0.0,1,400.0,401.0,10.0,0.0,1,400.0,402.0,10.0,0.0,1
2026-03-23 15:50:48,386.53,400.0,403.0,20.0,0.0,1,400.0,401.0,20.0,0.0,1,400.0,401.0,10.0,0.0,1,400.0,401.0,10.0,0.0,1,400.0,400.0,10.0,0.0,1,400.0,401.0,10.0,0.0,1
2026-03-23 15:50:49,387.29,400.0,403.0,20.0,0.0,1,400.0,402.0,20.0,0.0,1,400.0,402.0,10.0,0.0,1,400.0,401.0,10.0,0.0,1,400.0,402.0,10.0,0.0,1,400.0,402.0,10.0,0.0,1
2026-03-23 15:50:50,388.04,400.0,403.0,20.0,0.0,1,400.0,400.0,20.0,0.0,1,400.0,402.0,10.0,0.0,1,400.0,401.0,10.0,0.0,1,400.0,401.0,10.0,0.0,1,400.0,402.0,10.0,0.0,1
2026-03-23 15:50:51,388.82,400.0,403.0,20.0,0.0,1,400.0,400.0,20.0,0.0,1,400.0,402.0,10.0,0.0,1,400.0,399.0,10.0,0.0,1,400.0,401.0,10.0,0.0,1,400.0,402.0,10.0,0.0,1
2026-03-23 15:50:51,389.59,400.0,403.0,20.0,0.0,1,400.0,400.0,20.0,0.0,1,400.0,402.0,10.0,0.0,1,400.0,403.0,10.0,0.0,1,400.0,401.0,10.0,0.0,1,400.0,403.0,10.0,0.0,1
2026-03-23 15:50:52,390.34,400.0,402.0,20.0,0.0,1,400.0,400.0,20.0,0.0,1,400.0,402.0,10.0,0.0,1,400.0,400.0,10.0,0.0,1,400.0,400.0,10.0,0.0,1,400.0,404.0,10.0,0.0,1
2026-03-23 15:50:53,391.09,400.0,402.0,20.0,0.0,1,400.0,400.0,20.0,0.0,1,400.0,402.0,10.0,0.0,1,400.0,401.0,10.0,0.0,1,400.0,400.0,10.0,0.0,1,400.0,402.0,10.0,0.0,1
2026-03-23 15:50:54,391.85,400.0,404.0,20.0,0.0,1,400.0,401.0,20.0,0.0,1,400.0,402.0,10.0,0.0,1,400.0,401.0,10.0,0.0,1,400.0,400.0,10.0,0.0,1,400.0,404.0,10.0,0.0,1
2026-03-23 15:50:54,392.62,400.0,404.0,20.0,0.0,1,400.0,401.0,20.0,0.0,1,400.0,402.0,10.0,0.0,1,400.0,402.0,10.0,0.0,1,400.0,400.0,10.0,0.0,1,400.0,404.0,10.0,0.0,1
2026-03-23 15:50:55,393.47,400.0,404.0,20.0,0.0,1,400.0,401.0,20.0,0.0,1,400.0,402.0,10.0,0.0,1,400.0,402.0,10.0,0.0,1,400.0,401.0,10.0,0.0,1,400.0,403.0,10.0,0.0,1
2026-03-23 15:50:56,394.21,400.0,404.0,20.0,0.0,1,400.0,400.0,20.0,0.0,1,400.0,402.0,10.0,0.0,1,400.0,401.0,10.0,0.0,1,400.0,401.0,10.0,0.0,1,400.0,402.0,10.0,0.0,1
2026-03-23 15:50:57,394.98,400.0,402.0,20.0,0.0,1,400.0,400.0,20.0,0.0,1,400.0,402.0,10.0,0.0,1,400.0,401.0,10.0,0.0,1,400.0,399.0,10.0,0.0,1,400.0,402.0,10.0,0.0,1
2026-03-23 15:50:58,395.8,400.0,403.0,20.0,0.0,1,400.0,400.0,20.0,0.0,1,400.0,402.0,10.0,0.0,1,400.0,401.0,10.0,0.0,1,400.0,403.0,10.0,0.0,1,400.0,402.0,10.0,0.0,1
2026-03-23 15:50:58,396.6,400.0,404.0,20.0,0.0,1,400.0,400.0,20.0,0.0,1,400.0,402.0,10.0,0.0,1,400.0,401.0,10.0,0.0,1,400.0,401.0,10.0,0.0,1,400.0,402.0,10.0,0.0,1
2026-03-23 15:50:59,397.38,400.0,402.0,20.0,0.0,1,400.0,401.0,20.0,0.0,1,400.0,402.0,10.0,0.0,1,400.0,401.0,10.0,0.0,1,400.0,402.0,10.0,0.0,1,400.0,402.0,10.0,0.0,1
2026-03-23 15:51:00,398.15,400.0,402.0,20.0,0.0,1,400.0,401.0,20.0,0.0,1,400.0,402.0,10.0,0.0,1,400.0,401.0,10.0,0.0,1,400.0,401.0,10.0,0.0,1,400.0,402.0,10.0,0.0,1
2026-03-23 15:51:01,398.93,400.0,402.0,20.0,0.0,1,400.0,401.0,20.0,0.0,1,400.0,402.0,10.0,0.0,1,400.0,401.0,10.0,0.0,1,400.0,401.0,10.0,0.0,1,400.0,402.0,10.0,0.0,1
2026-03-23 15:51:02,399.7,400.0,402.0,20.0,0.0,1,400.0,401.0,20.0,0.0,1,400.0,403.0,10.0,0.0,1,400.0,401.0,10.0,0.0,1,400.0,401.0,10.0,0.0,1,400.0,402.0,10.0,0.0,1
2026-03-23 15:51:02,400.47,400.0,403.0,20.0,0.0,1,400.0,401.0,20.0,0.0,1,400.0,402.0,10.0,0.0,1,400.0,401.0,10.0,0.0,1,400.0,401.0,10.0,0.0,1,400.0,402.0,10.0,0.0,1
2026-03-23 15:51:03,401.25,400.0,403.0,20.0,0.0,1,400.0,401.0,20.0,0.0,1,400.0,403.0,10.0,0.0,1,400.0,401.0,10.0,0.0,1,400.0,401.0,10.0,0.0,1,400.0,402.0,10.0,0.0,1
2026-03-23 15:51:04,402.01,400.0,401.0,20.0,0.0,1,400.0,401.0,20.0,0.0,1,400.0,403.0,10.0,0.0,1,400.0,401.0,10.0,0.0,1,400.0,400.0,10.0,0.0,1,400.0,403.0,10.0,0.0,1
2026-03-23 15:51:05,402.82,400.0,403.0,20.0,0.0,1,400.0,401.0,20.0,0.0,1,400.0,403.0,10.0,0.0,1,400.0,401.0,10.0,0.0,1,400.0,401.0,10.0,0.0,1,400.0,403.0,10.0,0.0,1
2026-03-23 15:51:05,403.6,400.0,403.0,20.0,0.0,1,400.0,400.0,20.0,0.0,1,400.0,403.0,10.0,0.0,1,400.0,402.0,10.0,0.0,1,400.0,400.0,10.0,0.0,1,400.0,404.0,10.0,0.0,1
2026-03-23 15:51:06,404.39,400.0,403.0,20.0,0.0,1,400.0,401.0,20.0,0.0,1,400.0,403.0,10.0,0.0,1,400.0,401.0,10.0,0.0,1,400.0,401.0,10.0,0.0,1,400.0,404.0,10.0,0.0,1
2026-03-23 15:51:07,405.13,400.0,403.0,20.0,0.0,1,400.0,401.0,20.0,0.0,1,400.0,403.0,10.0,0.0,1,400.0,401.0,10.0,0.0,1,400.0,400.0,10.0,0.0,1,400.0,403.0,10.0,0.0,1
2026-03-23 15:51:08,405.9,400.0,402.0,20.0,0.0,1,400.0,400.0,20.0,0.0,1,400.0,402.0,10.0,0.0,1,400.0,401.0,10.0,0.0,1,400.0,400.0,10.0,0.0,1,400.0,403.0,10.0,0.0,1
2026-03-23 15:51:08,406.69,400.0,403.0,20.0,0.0,1,400.0,399.0,20.0,0.0,1,400.0,402.0,10.0,0.0,1,400.0,401.0,10.0,0.0,1,400.0,400.0,10.0,0.0,1,400.0,404.0,10.0,0.0,1
2026-03-23 15:51:09,407.51,400.0,403.0,20.0,0.0,1,400.0,400.0,20.0,0.0,1,400.0,402.0,10.0,0.0,1,400.0,401.0,10.0,0.0,1,400.0,400.0,10.0,0.0,1,400.0,403.0,10.0,0.0,1
2026-03-23 15:51:10,408.3,400.0,403.0,20.0,0.0,1,400.0,401.0,20.0,0.0,1,400.0,402.0,10.0,0.0,1,400.0,400.0,10.0,0.0,1,400.0,400.0,10.0,0.0,1,400.0,404.0,10.0,0.0,1
2026-03-23 15:51:11,409.09,400.0,402.0,20.0,0.0,1,400.0,401.0,20.0,0.0,1,400.0,402.0,10.0,0.0,1,400.0,400.0,10.0,0.0,1,400.0,400.0,10.0,0.0,1,400.0,403.0,10.0,0.0,1
2026-03-23 15:51:12,409.89,400.0,401.0,20.0,0.0,1,400.0,400.0,20.0,0.0,1,400.0,402.0,10.0,0.0,1,400.0,400.0,10.0,0.0,1,400.0,399.0,10.0,0.0,1,400.0,403.0,10.0,0.0,1
2026-03-23 15:51:12,410.65,400.0,403.0,20.0,0.0,1,400.0,400.0,20.0,0.0,1,400.0,401.0,10.0,0.0,1,400.0,400.0,10.0,0.0,1,400.0,401.0,10.0,0.0,1,400.0,403.0,10.0,0.0,1
2026-03-23 15:51:13,411.45,400.0,402.0,20.0,0.0,1,400.0,400.0,20.0,0.0,1,400.0,401.0,10.0,0.0,1,400.0,400.0,10.0,0.0,1,400.0,401.0,10.0,0.0,1,400.0,403.0,10.0,0.0,1
2026-03-23 15:51:14,412.19,400.0,402.0,20.0,0.0,1,400.0,400.0,20.0,0.0,1,400.0,402.0,10.0,0.0,1,400.0,400.0,10.0,0.0,1,400.0,401.0,10.0,0.0,1,400.0,404.0,10.0,0.0,1
2026-03-23 15:51:15,412.95,400.0,402.0,20.0,0.0,1,400.0,400.0,20.0,0.0,1,400.0,402.0,10.0,0.0,1,400.0,400.0,10.0,0.0,1,400.0,400.0,10.0,0.0,1,400.0,403.0,10.0,0.0,1
2026-03-23 15:51:16,413.7,400.0,403.0,20.0,0.0,1,400.0,400.0,20.0,0.0,1,400.0,402.0,10.0,0.0,1,400.0,402.0,10.0,0.0,1,400.0,400.0,10.0,0.0,1,400.0,404.0,10.0,0.0,1
2026-03-23 15:51:16,414.48,400.0,402.0,20.0,0.0,1,400.0,401.0,20.0,0.0,1,400.0,402.0,10.0,0.0,1,400.0,401.0,10.0,0.0,1,400.0,401.0,10.0,0.0,1,400.0,403.0,10.0,0.0,1
2026-03-23 15:51:17,415.25,400.0,405.0,20.0,0.0,1,400.0,401.0,20.0,0.0,1,400.0,402.0,10.0,0.0,1,400.0,401.0,10.0,0.0,1,400.0,401.0,10.0,0.0,1,400.0,401.0,10.0,0.0,1
2026-03-23 15:51:18,416.01,400.0,404.0,20.0,0.0,1,400.0,401.0,20.0,0.0,1,400.0,402.0,10.0,0.0,1,400.0,401.0,10.0,0.0,1,400.0,401.0,10.0,0.0,1,400.0,402.0,10.0,0.0,1
2026-03-23 15:51:19,416.77,400.0,403.0,20.0,0.0,1,400.0,401.0,20.0,0.0,1,400.0,403.0,10.0,0.0,1,400.0,401.0,10.0,0.0,1,400.0,400.0,10.0,0.0,1,400.0,403.0,10.0,0.0,1
2026-03-23 15:51:19,417.54,400.0,403.0,20.0,0.0,1,400.0,399.0,20.0,0.0,1,400.0,403.0,10.0,0.0,1,400.0,402.0,10.0,0.0,1,400.0,399.0,10.0,0.0,1,400.0,403.0,10.0,0.0,1
2026-03-23 15:51:20,418.28,400.0,403.0,20.0,0.0,1,400.0,400.0,20.0,0.0,1,400.0,401.0,10.0,0.0,1,400.0,402.0,10.0,0.0,1,400.0,403.0,10.0,0.0,1,400.0,405.0,10.0,0.0,1
2026-03-23 15:51:21,419.03,400.0,403.0,20.0,0.0,1,400.0,400.0,20.0,0.0,1,400.0,401.0,10.0,0.0,1,400.0,402.0,10.0,0.0,1,400.0,400.0,10.0,0.0,1,400.0,404.0,10.0,0.0,1
2026-03-23 15:51:22,419.77,400.0,403.0,20.0,0.0,1,400.0,400.0,20.0,0.0,1,400.0,402.0,10.0,0.0,1,400.0,401.0,10.0,0.0,1,400.0,400.0,10.0,0.0,1,400.0,402.0,10.0,0.0,1
2026-03-23 15:51:22,420.51,400.0,405.0,20.0,0.0,1,400.0,400.0,20.0,0.0,1,400.0,402.0,10.0,0.0,1,400.0,401.0,10.0,0.0,1,400.0,401.0,10.0,0.0,1,400.0,403.0,10.0,0.0,1
2026-03-23 15:51:23,421.27,400.0,404.0,20.0,0.0,1,400.0,401.0,20.0,0.0,1,400.0,403.0,10.0,0.0,1,400.0,401.0,10.0,0.0,1,400.0,399.0,10.0,0.0,1,400.0,403.0,10.0,0.0,1
2026-03-23 15:51:24,422.05,400.0,403.0,20.0,0.0,1,400.0,400.0,20.0,0.0,1,400.0,402.0,10.0,0.0,1,400.0,401.0,10.0,0.0,1,400.0,401.0,10.0,0.0,1,400.0,403.0,10.0,0.0,1
2026-03-23 15:51:25,422.82,400.0,402.0,20.0,0.0,1,400.0,400.0,20.0,0.0,1,400.0,400.0,10.0,0.0,1,400.0,401.0,10.0,0.0,1,400.0,401.0,10.0,0.0,1,400.0,403.0,10.0,0.0,1
2026-03-23 15:51:25,423.65,400.0,402.0,20.0,0.0,1,400.0,400.0,20.0,0.0,1,400.0,401.0,10.0,0.0,1,400.0,401.0,10.0,0.0,1,400.0,401.0,10.0,0.0,1,400.0,403.0,10.0,0.0,1
2026-03-23 15:51:26,424.38,400.0,402.0,20.0,0.0,1,400.0,400.0,20.0,0.0,1,400.0,402.0,10.0,0.0,1,400.0,401.0,10.0,0.0,1,400.0,401.0,10.0,0.0,1,400.0,403.0,10.0,0.0,1
2026-03-23 15:51:27,425.13,400.0,403.0,20.0,0.0,1,400.0,400.0,20.0,0.0,1,400.0,402.0,10.0,0.0,1,400.0,401.0,10.0,0.0,1,400.0,401.0,10.0,0.0,1,400.0,403.0,10.0,0.0,1
2026-03-23 15:51:28,425.88,400.0,403.0,20.0,0.0,1,400.0,400.0,20.0,0.0,1,400.0,401.0,10.0,0.0,1,400.0,401.0,10.0,0.0,1,400.0,401.0,10.0,0.0,1,400.0,403.0,10.0,0.0,1
2026-03-23 15:51:28,426.7,400.0,403.0,20.0,0.0,1,400.0,401.0,20.0,0.0,1,400.0,402.0,10.0,0.0,1,400.0,401.0,10.0,0.0,1,400.0,400.0,10.0,0.0,1,400.0,403.0,10.0,0.0,1
2026-03-23 15:51:29,427.48,400.0,403.0,20.0,0.0,1,400.0,401.0,20.0,0.0,1,400.0,402.0,10.0,0.0,1,400.0,401.0,10.0,0.0,1,400.0,400.0,10.0,0.0,1,400.0,404.0,10.0,0.0,1
2026-03-23 15:51:30,428.29,400.0,402.0,20.0,0.0,1,400.0,401.0,20.0,0.0,1,400.0,402.0,10.0,0.0,1,400.0,402.0,10.0,0.0,1,400.0,400.0,10.0,0.0,1,400.0,402.0,10.0,0.0,1
2026-03-23 15:51:31,429.03,400.0,403.0,20.0,0.0,1,400.0,400.0,20.0,0.0,1,400.0,402.0,10.0,0.0,1,400.0,402.0,10.0,0.0,1,400.0,400.0,10.0,0.0,1,400.0,403.0,10.0,0.0,1
2026-03-23 15:51:32,429.8,400.0,402.0,20.0,0.0,1,400.0,400.0,20.0,0.0,1,400.0,402.0,10.0,0.0,1,400.0,402.0,10.0,0.0,1,400.0,402.0,10.0,0.0,1,400.0,403.0,10.0,0.0,1
2026-03-23 15:51:32,430.68,400.0,402.0,20.0,0.0,1,400.0,401.0,20.0,0.0,1,400.0,402.0,10.0,0.0,1,400.0,402.0,10.0,0.0,1,400.0,402.0,10.0,0.0,1,400.0,403.0,10.0,0.0,1
2026-03-23 15:51:33,431.49,400.0,403.0,20.0,0.0,1,400.0,401.0,20.0,0.0,1,400.0,402.0,10.0,0.0,1,400.0,401.0,10.0,0.0,1,400.0,400.0,10.0,0.0,1,400.0,403.0,10.0,0.0,1
2026-03-23 15:51:34,432.25,400.0,403.0,20.0,0.0,1,400.0,401.0,20.0,0.0,1,400.0,402.0,10.0,0.0,1,400.0,402.0,10.0,0.0,1,400.0,399.0,10.0,0.0,1,400.0,403.0,10.0,0.0,1
2026-03-23 15:51:35,433.02,400.0,403.0,20.0,0.0,1,400.0,401.0,20.0,0.0,1,400.0,402.0,10.0,0.0,1,400.0,401.0,10.0,0.0,1,400.0,401.0,10.0,0.0,1,400.0,403.0,10.0,0.0,1
2026-03-23 15:51:36,433.84,400.0,403.0,20.0,0.0,1,400.0,401.0,20.0,0.0,1,400.0,402.0,10.0,0.0,1,400.0,401.0,10.0,0.0,1,400.0,400.0,10.0,0.0,1,400.0,403.0,10.0,0.0,1
2026-03-23 15:51:36,434.58,400.0,402.0,20.0,0.0,1,400.0,401.0,20.0,0.0,1,400.0,402.0,10.0,0.0,1,400.0,401.0,10.0,0.0,1,400.0,400.0,10.0,0.0,1,400.0,403.0,10.0,0.0,1
2026-03-23 15:51:37,435.35,400.0,402.0,20.0,0.0,1,400.0,401.0,20.0,0.0,1,400.0,402.0,10.0,0.0,1,400.0,401.0,10.0,0.0,1,400.0,400.0,10.0,0.0,1,400.0,403.0,10.0,0.0,1
2026-03-23 15:51:38,436.1,400.0,403.0,20.0,0.0,1,400.0,401.0,20.0,0.0,1,400.0,402.0,10.0,0.0,1,400.0,401.0,10.0,0.0,1,400.0,400.0,10.0,0.0,1,400.0,403.0,10.0,0.0,1
2026-03-23 15:51:39,436.9,400.0,405.0,20.0,0.0,1,400.0,400.0,20.0,0.0,1,400.0,402.0,10.0,0.0,1,400.0,401.0,10.0,0.0,1,400.0,402.0,10.0,0.0,1,400.0,403.0,10.0,0.0,1
2026-03-23 15:51:39,437.65,400.0,403.0,20.0,0.0,1,400.0,401.0,20.0,0.0,1,400.0,402.0,10.0,0.0,1,400.0,401.0,10.0,0.0,1,400.0,402.0,10.0,0.0,1,400.0,403.0,10.0,0.0,1
2026-03-23 15:51:40,438.42,400.0,404.0,20.0,0.0,1,400.0,401.0,20.0,0.0,1,400.0,402.0,10.0,0.0,1,400.0,401.0,10.0,0.0,1,400.0,402.0,10.0,0.0,1,400.0,403.0,10.0,0.0,1
2026-03-23 15:51:41,439.2,400.0,404.0,20.0,0.0,1,400.0,400.0,20.0,0.0,1,400.0,402.0,10.0,0.0,1,400.0,401.0,10.0,0.0,1,400.0,402.0,10.0,0.0,1,400.0,402.0,10.0,0.0,1
2026-03-23 15:51:42,439.96,400.0,404.0,20.0,0.0,1,400.0,400.0,20.0,0.0,1,400.0,402.0,10.0,0.0,1,400.0,402.0,10.0,0.0,1,400.0,402.0,10.0,0.0,1,400.0,402.0,10.0,0.0,1
2026-03-23 15:51:43,440.71,400.0,402.0,20.0,0.0,1,400.0,400.0,20.0,0.0,1,400.0,402.0,10.0,0.0,1,400.0,401.0,10.0,0.0,1,400.0,402.0,10.0,0.0,1,400.0,403.0,10.0,0.0,1
2026-03-23 15:51:43,441.49,400.0,403.0,20.0,0.0,1,400.0,401.0,20.0,0.0,1,400.0,402.0,10.0,0.0,1,400.0,401.0,10.0,0.0,1,400.0,400.0,10.0,0.0,1,400.0,403.0,10.0,0.0,1
2026-03-23 15:51:44,442.27,400.0,403.0,20.0,0.0,1,400.0,401.0,20.0,0.0,1,400.0,402.0,10.0,0.0,1,400.0,401.0,10.0,0.0,1,400.0,403.0,10.0,0.0,1,400.0,403.0,10.0,0.0,1
2026-03-23 15:51:45,443.06,400.0,402.0,20.0,0.0,1,400.0,401.0,20.0,0.0,1,400.0,402.0,10.0,0.0,1,400.0,401.0,10.0,0.0,1,400.0,403.0,10.0,0.0,1,400.0,404.0,10.0,0.0,1
2026-03-23 15:51:46,443.8,400.0,403.0,20.0,0.0,1,400.0,401.0,20.0,0.0,1,400.0,403.0,10.0,0.0,1,400.0,401.0,10.0,0.0,1,400.0,401.0,10.0,0.0,1,400.0,403.0,10.0,0.0,1
2026-03-23 15:51:46,444.56,400.0,403.0,20.0,0.0,1,400.0,401.0,20.0,0.0,1,400.0,403.0,10.0,0.0,1,400.0,402.0,10.0,0.0,1,400.0,401.0,10.0,0.0,1,400.0,403.0,10.0,0.0,1
2026-03-23 15:51:47,445.41,400.0,403.0,20.0,0.0,1,400.0,401.0,20.0,0.0,1,400.0,402.0,10.0,0.0,1,400.0,402.0,10.0,0.0,1,400.0,401.0,10.0,0.0,1,400.0,403.0,10.0,0.0,1
2026-03-23 15:51:48,446.17,400.0,404.0,20.0,0.0,1,400.0,401.0,20.0,0.0,1,400.0,403.0,10.0,0.0,1,400.0,401.0,10.0,0.0,1,400.0,401.0,10.0,0.0,1,400.0,402.0,10.0,0.0,1
2026-03-23 15:51:49,446.93,400.0,404.0,20.0,0.0,1,400.0,401.0,20.0,0.0,1,400.0,401.0,10.0,0.0,1,400.0,401.0,10.0,0.0,1,400.0,401.0,10.0,0.0,1,400.0,403.0,10.0,0.0,1
2026-03-23 15:51:50,447.7,400.0,403.0,20.0,0.0,1,400.0,401.0,20.0,0.0,1,400.0,402.0,10.0,0.0,1,400.0,401.0,10.0,0.0,1,400.0,401.0,10.0,0.0,1,400.0,404.0,10.0,0.0,1
2026-03-23 15:51:50,448.54,400.0,404.0,20.0,0.0,1,400.0,401.0,20.0,0.0,1,400.0,402.0,10.0,0.0,1,400.0,401.0,10.0,0.0,1,400.0,401.0,10.0,0.0,1,400.0,404.0,10.0,0.0,1
2026-03-23 15:51:51,449.33,400.0,403.0,20.0,0.0,1,400.0,400.0,20.0,0.0,1,400.0,402.0,10.0,0.0,1,400.0,401.0,10.0,0.0,1,400.0,400.0,10.0,0.0,1,400.0,403.0,10.0,0.0,1
2026-03-23 15:51:52,450.16,400.0,403.0,20.0,0.0,1,400.0,400.0,20.0,0.0,1,400.0,403.0,10.0,0.0,1,400.0,401.0,10.0,0.0,1,400.0,399.0,10.0,0.0,1,400.0,403.0,10.0,0.0,1
2026-03-23 15:51:53,450.9,400.0,403.0,20.0,0.0,1,400.0,400.0,20.0,0.0,1,400.0,403.0,10.0,0.0,1,400.0,402.0,10.0,0.0,1,400.0,400.0,10.0,0.0,1,400.0,403.0,10.0,0.0,1
2026-03-23 15:51:53,451.65,400.0,405.0,20.0,0.0,1,400.0,400.0,20.0,0.0,1,400.0,402.0,10.0,0.0,1,400.0,402.0,10.0,0.0,1,400.0,401.0,10.0,0.0,1,400.0,403.0,10.0,0.0,1
2026-03-23 15:51:54,452.38,400.0,405.0,20.0,0.0,1,400.0,401.0,20.0,0.0,1,400.0,402.0,10.0,0.0,1,400.0,401.0,10.0,0.0,1,400.0,401.0,10.0,0.0,1,400.0,402.0,10.0,0.0,1
2026-03-23 15:51:55,453.11,400.0,404.0,20.0,0.0,1,400.0,401.0,20.0,0.0,1,400.0,402.0,10.0,0.0,1,400.0,401.0,10.0,0.0,1,400.0,402.0,10.0,0.0,1,400.0,402.0,10.0,0.0,1
2026-03-23 15:51:56,453.86,400.0,404.0,20.0,0.0,1,400.0,401.0,20.0,0.0,1,400.0,402.0,10.0,0.0,1,400.0,402.0,10.0,0.0,1,400.0,402.0,10.0,0.0,1,400.0,403.0,10.0,0.0,1
2026-03-23 15:51:56,454.61,400.0,404.0,20.0,0.0,1,400.0,402.0,20.0,0.0,1,400.0,402.0,10.0,0.0,1,400.0,400.0,10.0,0.0,1,400.0,401.0,10.0,0.0,1,400.0,403.0,10.0,0.0,1
2026-03-23 15:51:57,455.34,400.0,404.0,20.0,0.0,1,400.0,401.0,20.0,0.0,1,400.0,402.0,10.0,0.0,1,400.0,400.0,10.0,0.0,1,400.0,401.0,10.0,0.0,1,400.0,403.0,10.0,0.0,1
2026-03-23 15:51:58,456.07,400.0,404.0,20.0,0.0,1,400.0,401.0,20.0,0.0,1,400.0,402.0,10.0,0.0,1,400.0,402.0,10.0,0.0,1,400.0,401.0,10.0,0.0,1,400.0,403.0,10.0,0.0,1
2026-03-23 15:51:59,456.81,400.0,404.0,20.0,0.0,1,400.0,401.0,20.0,0.0,1,400.0,402.0,10.0,0.0,1,400.0,402.0,10.0,0.0,1,400.0,401.0,10.0,0.0,1,400.0,404.0,10.0,0.0,1
2026-03-23 15:51:59,457.56,400.0,404.0,20.0,0.0,1,400.0,401.0,20.0,0.0,1,400.0,402.0,10.0,0.0,1,400.0,402.0,10.0,0.0,1,400.0,399.0,10.0,0.0,1,400.0,403.0,10.0,0.0,1
2026-03-23 15:52:00,458.32,400.0,405.0,20.0,0.0,1,400.0,401.0,20.0,0.0,1,400.0,402.0,10.0,0.0,1,400.0,402.0,10.0,0.0,1,400.0,400.0,10.0,0.0,1,400.0,403.0,10.0,0.0,1
2026-03-23 15:52:01,459.09,400.0,401.0,20.0,0.0,1,400.0,400.0,20.0,0.0,1,400.0,402.0,10.0,0.0,1,400.0,402.0,10.0,0.0,1,400.0,400.0,10.0,0.0,1,400.0,404.0,10.0,0.0,1
2026-03-23 15:52:02,459.92,400.0,402.0,20.0,0.0,1,400.0,400.0,20.0,0.0,1,400.0,402.0,10.0,0.0,1,400.0,402.0,10.0,0.0,1,400.0,400.0,10.0,0.0,1,400.0,403.0,10.0,0.0,1
2026-03-23 15:52:02,460.68,400.0,405.0,20.0,0.0,1,400.0,401.0,20.0,0.0,1,400.0,402.0,10.0,0.0,1,400.0,401.0,10.0,0.0,1,400.0,403.0,10.0,0.0,1,400.0,403.0,10.0,0.0,1
2026-03-23 15:52:03,461.45,400.0,404.0,20.0,0.0,1,400.0,401.0,20.0,0.0,1,400.0,402.0,10.0,0.0,1,400.0,403.0,10.0,0.0,1,400.0,401.0,10.0,0.0,1,400.0,402.0,10.0,0.0,1
2026-03-23 15:52:04,462.24,400.0,397.0,20.0,0.0,1,400.0,400.0,20.0,0.0,1,400.0,402.0,10.0,0.0,1,400.0,402.0,10.0,0.0,1,400.0,401.0,10.0,0.0,1,400.0,403.0,10.0,0.0,1
2026-03-23 15:52:05,463.03,400.0,401.0,20.0,0.0,1,400.0,400.0,20.0,0.0,1,400.0,402.0,10.0,0.0,1,400.0,401.0,10.0,0.0,1,400.0,401.0,10.0,0.0,1,400.0,403.0,10.0,0.0,1
2026-03-23 15:52:06,463.79,400.0,402.0,20.0,0.0,1,400.0,400.0,20.0,0.0,1,400.0,402.0,10.0,0.0,1,400.0,401.0,10.0,0.0,1,400.0,401.0,10.0,0.0,1,400.0,402.0,10.0,0.0,1
2026-03-23 15:52:06,464.54,400.0,402.0,20.0,0.0,1,400.0,400.0,20.0,0.0,1,400.0,402.0,10.0,0.0,1,400.0,401.0,10.0,0.0,1,400.0,401.0,10.0,0.0,1,400.0,403.0,10.0,0.0,1
2026-03-23 15:52:07,465.31,400.0,403.0,20.0,0.0,1,400.0,400.0,20.0,0.0,1,400.0,402.0,10.0,0.0,1,400.0,402.0,10.0,0.0,1,400.0,401.0,10.0,0.0,1,400.0,402.0,10.0,0.0,1
2026-03-23 15:52:08,466.11,400.0,403.0,20.0,0.0,1,400.0,400.0,20.0,0.0,1,400.0,401.0,10.0,0.0,1,400.0,401.0,10.0,0.0,1,400.0,399.0,10.0,0.0,1,400.0,403.0,10.0,0.0,1
2026-03-23 15:52:09,466.87,400.0,403.0,20.0,0.0,1,400.0,401.0,20.0,0.0,1,400.0,402.0,10.0,0.0,1,400.0,401.0,10.0,0.0,1,400.0,403.0,10.0,0.0,1,400.0,403.0,10.0,0.0,1
2026-03-23 15:52:09,467.61,400.0,404.0,20.0,0.0,1,400.0,401.0,20.0,0.0,1,400.0,403.0,10.0,0.0,1,400.0,401.0,10.0,0.0,1,400.0,402.0,10.0,0.0,1,400.0,403.0,10.0,0.0,1
2026-03-23 15:52:10,468.42,400.0,403.0,20.0,0.0,1,400.0,401.0,20.0,0.0,1,400.0,402.0,10.0,0.0,1,400.0,401.0,10.0,0.0,1,400.0,402.0,10.0,0.0,1,400.0,403.0,10.0,0.0,1
2026-03-23 15:52:11,469.24,400.0,403.0,20.0,0.0,1,400.0,400.0,20.0,0.0,1,400.0,402.0,10.0,0.0,1,400.0,401.0,10.0,0.0,1,400.0,402.0,10.0,0.0,1,400.0,403.0,10.0,0.0,1
2026-03-23 15:52:12,469.99,400.0,403.0,20.0,0.0,1,400.0,400.0,20.0,0.0,1,400.0,402.0,10.0,0.0,1,400.0,401.0,10.0,0.0,1,400.0,401.0,10.0,0.0,1,400.0,402.0,10.0,0.0,1
2026-03-23 15:52:13,470.76,400.0,403.0,20.0,0.0,1,400.0,401.0,20.0,0.0,1,400.0,402.0,10.0,0.0,1,400.0,401.0,10.0,0.0,1,400.0,401.0,10.0,0.0,1,400.0,403.0,10.0,0.0,1
2026-03-23 15:52:13,471.54,400.0,403.0,20.0,0.0,1,400.0,401.0,20.0,0.0,1,400.0,401.0,10.0,0.0,1,400.0,403.0,10.0,0.0,1,400.0,401.0,10.0,0.0,1,400.0,404.0,10.0,0.0,1
2026-03-23 15:52:14,472.36,400.0,404.0,20.0,0.0,1,400.0,401.0,20.0,0.0,1,400.0,402.0,10.0,0.0,1,400.0,403.0,10.0,0.0,1,400.0,401.0,10.0,0.0,1,400.0,404.0,10.0,0.0,1
2026-03-23 15:52:15,473.13,400.0,404.0,20.0,0.0,1,400.0,401.0,20.0,0.0,1,400.0,402.0,10.0,0.0,1,400.0,400.0,10.0,0.0,1,400.0,402.0,10.0,0.0,1,400.0,402.0,10.0,0.0,1
2026-03-23 15:52:16,473.91,400.0,404.0,20.0,0.0,1,400.0,401.0,20.0,0.0,1,400.0,402.0,10.0,0.0,1,400.0,401.0,10.0,0.0,1,400.0,401.0,10.0,0.0,1,400.0,402.0,10.0,0.0,1
2026-03-23 15:52:16,474.68,400.0,403.0,20.0,0.0,1,400.0,400.0,20.0,0.0,1,400.0,402.0,10.0,0.0,1,400.0,402.0,10.0,0.0,1,400.0,401.0,10.0,0.0,1,400.0,403.0,10.0,0.0,1
2026-03-23 15:52:17,475.44,400.0,404.0,20.0,0.0,1,400.0,400.0,20.0,0.0,1,400.0,403.0,10.0,0.0,1,400.0,402.0,10.0,0.0,1,400.0,401.0,10.0,0.0,1,400.0,403.0,10.0,0.0,1
2026-03-23 15:52:18,476.2,400.0,403.0,20.0,0.0,1,400.0,400.0,20.0,0.0,1,400.0,402.0,10.0,0.0,1,400.0,402.0,10.0,0.0,1,400.0,401.0,10.0,0.0,1,400.0,403.0,10.0,0.0,1
2026-03-23 15:52:19,476.96,400.0,403.0,20.0,0.0,1,400.0,400.0,20.0,0.0,1,400.0,402.0,10.0,0.0,1,400.0,402.0,10.0,0.0,1,400.0,401.0,10.0,0.0,1,400.0,403.0,10.0,0.0,1
2026-03-23 15:52:20,477.73,400.0,403.0,20.0,0.0,1,400.0,401.0,20.0,0.0,1,400.0,402.0,10.0,0.0,1,400.0,402.0,10.0,0.0,1,400.0,401.0,10.0,0.0,1,400.0,403.0,10.0,0.0,1
2026-03-23 15:52:20,478.47,400.0,404.0,20.0,0.0,1,400.0,402.0,20.0,0.0,1,400.0,402.0,10.0,0.0,1,400.0,402.0,10.0,0.0,1,400.0,401.0,10.0,0.0,1,400.0,402.0,10.0,0.0,1
2026-03-23 15:52:21,479.22,400.0,404.0,20.0,0.0,1,400.0,401.0,20.0,0.0,1,400.0,402.0,10.0,0.0,1,400.0,402.0,10.0,0.0,1,400.0,401.0,10.0,0.0,1,400.0,402.0,10.0,0.0,1
2026-03-23 15:52:22,479.98,400.0,404.0,20.0,0.0,1,400.0,401.0,20.0,0.0,1,400.0,403.0,10.0,0.0,1,400.0,401.0,10.0,0.0,1,400.0,401.0,10.0,0.0,1,400.0,402.0,10.0,0.0,1
2026-03-23 15:52:23,480.73,400.0,404.0,20.0,0.0,1,400.0,401.0,20.0,0.0,1,400.0,402.0,10.0,0.0,1,400.0,401.0,10.0,0.0,1,400.0,401.0,10.0,0.0,1,400.0,402.0,10.0,0.0,1
2026-03-23 15:52:23,481.5,400.0,404.0,20.0,0.0,1,400.0,401.0,20.0,0.0,1,400.0,402.0,10.0,0.0,1,400.0,401.0,10.0,0.0,1,400.0,401.0,10.0,0.0,1,400.0,404.0,10.0,0.0,1
2026-03-23 15:52:24,482.28,400.0,404.0,20.0,0.0,1,400.0,401.0,20.0,0.0,1,400.0,402.0,10.0,0.0,1,400.0,401.0,10.0,0.0,1,400.0,401.0,10.0,0.0,1,400.0,402.0,10.0,0.0,1
2026-03-23 15:52:25,483.04,400.0,402.0,20.0,0.0,1,400.0,401.0,20.0,0.0,1,400.0,402.0,10.0,0.0,1,400.0,401.0,10.0,0.0,1,400.0,401.0,10.0,0.0,1,400.0,402.0,10.0,0.0,1
2026-03-23 15:52:26,483.82,400.0,403.0,20.0,0.0,1,400.0,401.0,20.0,0.0,1,400.0,402.0,10.0,0.0,1,400.0,401.0,10.0,0.0,1,400.0,401.0,10.0,0.0,1,400.0,403.0,10.0,0.0,1
2026-03-23 15:52:26,484.58,400.0,403.0,20.0,0.0,1,400.0,401.0,20.0,0.0,1,400.0,402.0,10.0,0.0,1,400.0,401.0,10.0,0.0,1,400.0,401.0,10.0,0.0,1,400.0,403.0,10.0,0.0,1
2026-03-23 15:52:27,485.39,400.0,404.0,20.0,0.0,1,400.0,401.0,20.0,0.0,1,400.0,403.0,10.0,0.0,1,400.0,401.0,10.0,0.0,1,400.0,401.0,10.0,0.0,1,400.0,404.0,10.0,0.0,1
2026-03-23 15:52:28,486.17,400.0,403.0,20.0,0.0,1,400.0,401.0,20.0,0.0,1,400.0,402.0,10.0,0.0,1,400.0,401.0,10.0,0.0,1,400.0,400.0,10.0,0.0,1,400.0,404.0,10.0,0.0,1
2026-03-23 15:52:29,486.95,400.0,403.0,20.0,0.0,1,400.0,401.0,20.0,0.0,1,400.0,404.0,10.0,0.0,1,400.0,401.0,10.0,0.0,1,400.0,401.0,10.0,0.0,1,400.0,403.0,10.0,0.0,1
2026-03-23 15:52:30,487.73,400.0,403.0,20.0,0.0,1,400.0,401.0,20.0,0.0,1,400.0,403.0,10.0,0.0,1,400.0,401.0,10.0,0.0,1,400.0,401.0,10.0,0.0,1,400.0,403.0,10.0,0.0,1
2026-03-23 15:52:30,488.51,400.0,404.0,20.0,0.0,1,400.0,401.0,20.0,0.0,1,400.0,401.0,10.0,0.0,1,400.0,401.0,10.0,0.0,1,400.0,401.0,10.0,0.0,1,400.0,403.0,10.0,0.0,1
2026-03-23 15:52:31,489.28,400.0,404.0,20.0,0.0,1,400.0,401.0,20.0,0.0,1,400.0,402.0,10.0,0.0,1,400.0,401.0,10.0,0.0,1,400.0,401.0,10.0,0.0,1,400.0,403.0,10.0,0.0,1
2026-03-23 15:52:32,490.01,400.0,403.0,20.0,0.0,1,400.0,401.0,20.0,0.0,1,400.0,403.0,10.0,0.0,1,400.0,401.0,10.0,0.0,1,400.0,399.0,10.0,0.0,1,400.0,403.0,10.0,0.0,1
2026-03-23 15:52:33,490.76,400.0,402.0,20.0,0.0,1,400.0,401.0,20.0,0.0,1,400.0,402.0,10.0,0.0,1,400.0,401.0,10.0,0.0,1,400.0,399.0,10.0,0.0,1,400.0,403.0,10.0,0.0,1
2026-03-23 15:52:33,491.55,400.0,402.0,20.0,0.0,1,400.0,400.0,20.0,0.0,1,400.0,402.0,10.0,0.0,1,400.0,401.0,10.0,0.0,1,400.0,402.0,10.0,0.0,1,400.0,403.0,10.0,0.0,1
2026-03-23 15:52:34,492.34,400.0,402.0,20.0,0.0,1,400.0,401.0,20.0,0.0,1,400.0,402.0,10.0,0.0,1,400.0,401.0,10.0,0.0,1,400.0,401.0,10.0,0.0,1,400.0,403.0,10.0,0.0,1
2026-03-23 15:52:35,493.1,400.0,403.0,20.0,0.0,1,400.0,400.0,20.0,0.0,1,400.0,402.0,10.0,0.0,1,400.0,400.0,10.0,0.0,1,400.0,402.0,10.0,0.0,1,400.0,404.0,10.0,0.0,1
2026-03-23 15:52:36,493.87,400.0,402.0,20.0,0.0,1,400.0,400.0,20.0,0.0,1,400.0,403.0,10.0,0.0,1,400.0,400.0,10.0,0.0,1,400.0,401.0,10.0,0.0,1,400.0,404.0,10.0,0.0,1
2026-03-23 15:52:36,494.66,400.0,402.0,20.0,0.0,1,400.0,400.0,20.0,0.0,1,400.0,402.0,10.0,0.0,1,400.0,400.0,10.0,0.0,1,400.0,401.0,10.0,0.0,1,400.0,404.0,10.0,0.0,1
2026-03-23 15:52:37,495.43,400.0,404.0,20.0,0.0,1,400.0,401.0,20.0,0.0,1,400.0,402.0,10.0,0.0,1,400.0,400.0,10.0,0.0,1,400.0,401.0,10.0,0.0,1,400.0,404.0,10.0,0.0,1
2026-03-23 15:52:38,496.21,400.0,402.0,20.0,0.0,1,400.0,400.0,20.0,0.0,1,400.0,402.0,10.0,0.0,1,400.0,400.0,10.0,0.0,1,400.0,402.0,10.0,0.0,1,400.0,401.0,10.0,0.0,1
2026-03-23 15:52:39,496.97,400.0,404.0,20.0,0.0,1,400.0,400.0,20.0,0.0,1,400.0,402.0,10.0,0.0,1,400.0,401.0,10.0,0.0,1,400.0,400.0,10.0,0.0,1,400.0,403.0,10.0,0.0,1
2026-03-23 15:52:40,497.73,400.0,405.0,20.0,0.0,1,400.0,400.0,20.0,0.0,1,400.0,402.0,10.0,0.0,1,400.0,401.0,10.0,0.0,1,400.0,400.0,10.0,0.0,1,400.0,402.0,10.0,0.0,1
2026-03-23 15:52:40,498.49,400.0,404.0,20.0,0.0,1,400.0,400.0,20.0,0.0,1,400.0,402.0,10.0,0.0,1,400.0,401.0,10.0,0.0,1,400.0,401.0,10.0,0.0,1,400.0,402.0,10.0,0.0,1
2026-03-23 15:52:41,499.27,400.0,404.0,20.0,0.0,1,400.0,400.0,20.0,0.0,1,400.0,403.0,10.0,0.0,1,400.0,401.0,10.0,0.0,1,400.0,399.0,10.0,0.0,1,400.0,403.0,10.0,0.0,1
2026-03-23 15:52:42,500.06,400.0,404.0,20.0,0.0,1,400.0,401.0,20.0,0.0,1,400.0,402.0,10.0,0.0,1,400.0,401.0,10.0,0.0,1,400.0,400.0,10.0,0.0,1,400.0,403.0,10.0,0.0,1
2026-03-23 15:52:43,500.82,400.0,402.0,20.0,0.0,1,400.0,401.0,20.0,0.0,1,400.0,402.0,10.0,0.0,1,400.0,401.0,10.0,0.0,1,400.0,400.0,10.0,0.0,1,400.0,403.0,10.0,0.0,1
2026-03-23 15:52:43,501.58,400.0,402.0,20.0,0.0,1,400.0,401.0,20.0,0.0,1,400.0,401.0,10.0,0.0,1,400.0,401.0,10.0,0.0,1,400.0,400.0,10.0,0.0,1,400.0,403.0,10.0,0.0,1
2026-03-23 15:52:44,502.35,400.0,403.0,20.0,0.0,1,400.0,401.0,20.0,0.0,1,400.0,402.0,10.0,0.0,1,400.0,401.0,10.0,0.0,1,400.0,400.0,10.0,0.0,1,400.0,403.0,10.0,0.0,1
2026-03-23 15:52:45,503.13,400.0,403.0,20.0,0.0,1,400.0,401.0,20.0,0.0,1,400.0,401.0,10.0,0.0,1,400.0,401.0,10.0,0.0,1,400.0,402.0,10.0,0.0,1,400.0,403.0,10.0,0.0,1
2026-03-23 15:52:46,503.91,400.0,403.0,20.0,0.0,1,400.0,401.0,20.0,0.0,1,400.0,402.0,10.0,0.0,1,400.0,401.0,10.0,0.0,1,400.0,401.0,10.0,0.0,1,400.0,402.0,10.0,0.0,1
2026-03-23 15:52:47,504.71,400.0,403.0,20.0,0.0,1,400.0,401.0,20.0,0.0,1,400.0,402.0,10.0,0.0,1,400.0,401.0,10.0,0.0,1,400.0,401.0,10.0,0.0,1,400.0,403.0,10.0,0.0,1
2026-03-23 15:52:47,505.47,400.0,403.0,20.0,0.0,1,400.0,400.0,20.0,0.0,1,400.0,402.0,10.0,0.0,1,400.0,402.0,10.0,0.0,1,400.0,402.0,10.0,0.0,1,400.0,403.0,10.0,0.0,1
2026-03-23 15:52:48,506.25,400.0,403.0,20.0,0.0,1,400.0,402.0,20.0,0.0,1,400.0,402.0,10.0,0.0,1,400.0,400.0,10.0,0.0,1,400.0,401.0,10.0,0.0,1,400.0,403.0,10.0,0.0,1
2026-03-23 15:52:49,507.0,400.0,403.0,20.0,0.0,1,400.0,401.0,20.0,0.0,1,400.0,402.0,10.0,0.0,1,400.0,401.0,10.0,0.0,1,400.0,401.0,10.0,0.0,1,400.0,404.0,10.0,0.0,1
2026-03-23 15:52:50,507.79,400.0,403.0,20.0,0.0,1,400.0,401.0,20.0,0.0,1,400.0,402.0,10.0,0.0,1,400.0,402.0,10.0,0.0,1,400.0,401.0,10.0,0.0,1,400.0,404.0,10.0,0.0,1
2026-03-23 15:52:50,508.56,400.0,402.0,20.0,0.0,1,400.0,401.0,20.0,0.0,1,400.0,402.0,10.0,0.0,1,400.0,401.0,10.0,0.0,1,400.0,401.0,10.0,0.0,1,400.0,403.0,10.0,0.0,1
2026-03-23 15:52:51,509.37,400.0,402.0,20.0,0.0,1,400.0,401.0,20.0,0.0,1,400.0,402.0,10.0,0.0,1,400.0,401.0,10.0,0.0,1,400.0,401.0,10.0,0.0,1,400.0,403.0,10.0,0.0,1
2026-03-23 15:52:52,510.18,400.0,404.0,20.0,0.0,1,400.0,401.0,20.0,0.0,1,400.0,402.0,10.0,0.0,1,400.0,401.0,10.0,0.0,1,400.0,401.0,10.0,0.0,1,400.0,403.0,10.0,0.0,1
2026-03-23 15:52:53,511.02,400.0,403.0,20.0,0.0,1,400.0,400.0,20.0,0.0,1,400.0,402.0,10.0,0.0,1,400.0,402.0,10.0,0.0,1,400.0,400.0,10.0,0.0,1,400.0,403.0,10.0,0.0,1
2026-03-23 15:52:54,511.78,400.0,402.0,20.0,0.0,1,400.0,400.0,20.0,0.0,1,400.0,402.0,10.0,0.0,1,400.0,400.0,10.0,0.0,1,400.0,400.0,10.0,0.0,1,400.0,402.0,10.0,0.0,1
2026-03-23 15:52:54,512.55,400.0,403.0,20.0,0.0,1,400.0,402.0,20.0,0.0,1,400.0,402.0,10.0,0.0,1,400.0,400.0,10.0,0.0,1,400.0,400.0,10.0,0.0,1,400.0,402.0,10.0,0.0,1
2026-03-23 15:52:55,513.38,400.0,405.0,20.0,0.0,1,400.0,401.0,20.0,0.0,1,400.0,402.0,10.0,0.0,1,400.0,400.0,10.0,0.0,1,400.0,400.0,10.0,0.0,1,400.0,402.0,10.0,0.0,1
2026-03-23 15:52:56,514.16,400.0,403.0,20.0,0.0,1,400.0,401.0,20.0,0.0,1,400.0,402.0,10.0,0.0,1,400.0,400.0,10.0,0.0,1,400.0,400.0,10.0,0.0,1,400.0,403.0,10.0,0.0,1
2026-03-23 15:52:57,514.93,400.0,405.0,20.0,0.0,1,400.0,402.0,20.0,0.0,1,400.0,402.0,10.0,0.0,1,400.0,401.0,10.0,0.0,1,400.0,400.0,10.0,0.0,1,400.0,403.0,10.0,0.0,1
2026-03-23 15:52:58,515.71,400.0,402.0,20.0,0.0,1,400.0,402.0,20.0,0.0,1,400.0,402.0,10.0,0.0,1,400.0,401.0,10.0,0.0,1,400.0,400.0,10.0,0.0,1,400.0,403.0,10.0,0.0,1
2026-03-23 15:52:58,516.58,400.0,402.0,20.0,0.0,1,400.0,402.0,20.0,0.0,1,400.0,402.0,10.0,0.0,1,400.0,401.0,10.0,0.0,1,400.0,401.0,10.0,0.0,1,400.0,403.0,10.0,0.0,1
2026-03-23 15:52:59,517.39,400.0,402.0,20.0,0.0,1,400.0,402.0,20.0,0.0,1,400.0,402.0,10.0,0.0,1,400.0,401.0,10.0,0.0,1,400.0,401.0,10.0,0.0,1,400.0,403.0,10.0,0.0,1
2026-03-23 15:53:00,518.17,400.0,402.0,20.0,0.0,1,400.0,402.0,20.0,0.0,1,400.0,402.0,10.0,0.0,1,400.0,401.0,10.0,0.0,1,400.0,401.0,10.0,0.0,1,400.0,403.0,10.0,0.0,1
2026-03-23 15:53:01,519.07,400.0,403.0,20.0,0.0,1,400.0,400.0,20.0,0.0,1,400.0,402.0,10.0,0.0,1,400.0,401.0,10.0,0.0,1,400.0,401.0,10.0,0.0,1,400.0,403.0,10.0,0.0,1
2026-03-23 15:53:02,519.87,400.0,401.0,20.0,0.0,1,400.0,400.0,20.0,0.0,1,400.0,402.0,10.0,0.0,1,400.0,401.0,10.0,0.0,1,400.0,401.0,10.0,0.0,1,400.0,403.0,10.0,0.0,1
2026-03-23 15:53:02,520.67,400.0,402.0,20.0,0.0,1,400.0,401.0,20.0,0.0,1,400.0,402.0,10.0,0.0,1,400.0,402.0,10.0,0.0,1,400.0,401.0,10.0,0.0,1,400.0,403.0,10.0,0.0,1
2026-03-23 15:53:03,521.45,400.0,403.0,20.0,0.0,1,400.0,401.0,20.0,0.0,1,400.0,403.0,10.0,0.0,1,400.0,402.0,10.0,0.0,1,400.0,401.0,10.0,0.0,1,400.0,403.0,10.0,0.0,1
2026-03-23 15:53:04,522.21,400.0,404.0,20.0,0.0,1,400.0,401.0,20.0,0.0,1,400.0,402.0,10.0,0.0,1,400.0,402.0,10.0,0.0,1,400.0,400.0,10.0,0.0,1,400.0,404.0,10.0,0.0,1
2026-03-23 15:53:05,522.97,400.0,403.0,20.0,0.0,1,400.0,400.0,20.0,0.0,1,400.0,402.0,10.0,0.0,1,400.0,402.0,10.0,0.0,1,400.0,400.0,10.0,0.0,1,400.0,404.0,10.0,0.0,1
2026-03-23 15:53:06,523.75,400.0,403.0,20.0,0.0,1,400.0,400.0,20.0,0.0,1,400.0,402.0,10.0,0.0,1,400.0,401.0,10.0,0.0,1,400.0,400.0,10.0,0.0,1,400.0,403.0,10.0,0.0,1
2026-03-23 15:53:06,524.5,400.0,403.0,20.0,0.0,1,400.0,400.0,20.0,0.0,1,400.0,402.0,10.0,0.0,1,400.0,400.0,10.0,0.0,1,400.0,400.0,10.0,0.0,1,400.0,404.0,10.0,0.0,1
2026-03-23 15:53:07,525.25,400.0,403.0,20.0,0.0,1,400.0,400.0,20.0,0.0,1,400.0,402.0,10.0,0.0,1,400.0,401.0,10.0,0.0,1,400.0,400.0,10.0,0.0,1,400.0,404.0,10.0,0.0,1
2026-03-23 15:53:08,526.03,400.0,401.0,20.0,0.0,1,400.0,400.0,20.0,0.0,1,400.0,402.0,10.0,0.0,1,400.0,401.0,10.0,0.0,1,400.0,400.0,10.0,0.0,1,400.0,403.0,10.0,0.0,1
2026-03-23 15:53:09,526.81,400.0,402.0,20.0,0.0,1,400.0,400.0,20.0,0.0,1,400.0,402.0,10.0,0.0,1,400.0,401.0,10.0,0.0,1,400.0,400.0,10.0,0.0,1,400.0,403.0,10.0,0.0,1
2026-03-23 15:53:09,527.59,400.0,403.0,20.0,0.0,1,400.0,400.0,20.0,0.0,1,400.0,403.0,10.0,0.0,1,400.0,401.0,10.0,0.0,1,400.0,400.0,10.0,0.0,1,400.0,402.0,10.0,0.0,1
2026-03-23 15:53:10,528.36,400.0,402.0,20.0,0.0,1,400.0,400.0,20.0,0.0,1,400.0,403.0,10.0,0.0,1,400.0,400.0,10.0,0.0,1,400.0,401.0,10.0,0.0,1,400.0,404.0,10.0,0.0,1
2026-03-23 15:53:11,529.12,400.0,402.0,20.0,0.0,1,400.0,401.0,20.0,0.0,1,400.0,402.0,10.0,0.0,1,400.0,401.0,10.0,0.0,1,400.0,401.0,10.0,0.0,1,400.0,404.0,10.0,0.0,1
2026-03-23 15:53:12,529.88,400.0,403.0,20.0,0.0,1,400.0,400.0,20.0,0.0,1,400.0,402.0,10.0,0.0,1,400.0,401.0,10.0,0.0,1,400.0,400.0,10.0,0.0,1,400.0,404.0,10.0,0.0,1
2026-03-23 15:53:12,530.65,400.0,404.0,20.0,0.0,1,400.0,400.0,20.0,0.0,1,400.0,402.0,10.0,0.0,1,400.0,401.0,10.0,0.0,1,400.0,401.0,10.0,0.0,1,400.0,403.0,10.0,0.0,1
2026-03-23 15:53:13,531.4,400.0,404.0,20.0,0.0,1,400.0,400.0,20.0,0.0,1,400.0,402.0,10.0,0.0,1,400.0,401.0,10.0,0.0,1,400.0,400.0,10.0,0.0,1,400.0,405.0,10.0,0.0,1
2026-03-23 15:53:14,532.22,400.0,404.0,20.0,0.0,1,400.0,401.0,20.0,0.0,1,400.0,403.0,10.0,0.0,1,400.0,402.0,10.0,0.0,1,400.0,400.0,10.0,0.0,1,400.0,403.0,10.0,0.0,1
2026-03-23 15:53:15,532.99,400.0,404.0,20.0,0.0,1,400.0,401.0,20.0,0.0,1,400.0,403.0,10.0,0.0,1,400.0,401.0,10.0,0.0,1,400.0,401.0,10.0,0.0,1,400.0,402.0,10.0,0.0,1
2026-03-23 15:53:16,533.74,400.0,404.0,20.0,0.0,1,400.0,401.0,20.0,0.0,1,400.0,403.0,10.0,0.0,1,400.0,401.0,10.0,0.0,1,400.0,401.0,10.0,0.0,1,400.0,404.0,10.0,0.0,1
2026-03-23 15:53:16,534.5,400.0,404.0,20.0,0.0,1,400.0,401.0,20.0,0.0,1,400.0,403.0,10.0,0.0,1,400.0,402.0,10.0,0.0,1,400.0,401.0,10.0,0.0,1,400.0,403.0,10.0,0.0,1
2026-03-23 15:53:17,535.27,400.0,403.0,20.0,0.0,1,400.0,401.0,20.0,0.0,1,400.0,403.0,10.0,0.0,1,400.0,402.0,10.0,0.0,1,400.0,400.0,10.0,0.0,1,400.0,403.0,10.0,0.0,1
2026-03-23 15:53:18,536.02,400.0,403.0,20.0,0.0,1,400.0,401.0,20.0,0.0,1,400.0,402.0,10.0,0.0,1,400.0,402.0,10.0,0.0,1,400.0,400.0,10.0,0.0,1,400.0,403.0,10.0,0.0,1
2026-03-23 15:53:19,536.77,400.0,402.0,20.0,0.0,1,400.0,401.0,20.0,0.0,1,400.0,402.0,10.0,0.0,1,400.0,401.0,10.0,0.0,1,400.0,401.0,10.0,0.0,1,400.0,403.0,10.0,0.0,1
2026-03-23 15:53:19,537.54,400.0,403.0,20.0,0.0,1,400.0,401.0,20.0,0.0,1,400.0,402.0,10.0,0.0,1,400.0,402.0,10.0,0.0,1,400.0,401.0,10.0,0.0,1,400.0,402.0,10.0,0.0,1
2026-03-23 15:53:20,538.29,400.0,404.0,20.0,0.0,1,400.0,400.0,20.0,0.0,1,400.0,402.0,10.0,0.0,1,400.0,402.0,10.0,0.0,1,400.0,401.0,10.0,0.0,1,400.0,403.0,10.0,0.0,1
2026-03-23 15:53:21,539.06,400.0,401.0,20.0,0.0,1,400.0,402.0,20.0,0.0,1,400.0,402.0,10.0,0.0,1,400.0,401.0,10.0,0.0,1,400.0,401.0,10.0,0.0,1,400.0,403.0,10.0,0.0,1
2026-03-23 15:53:22,539.83,400.0,403.0,20.0,0.0,1,400.0,402.0,20.0,0.0,1,400.0,402.0,10.0,0.0,1,400.0,400.0,10.0,0.0,1,400.0,401.0,10.0,0.0,1,400.0,403.0,10.0,0.0,1
2026-03-23 15:53:22,540.61,400.0,403.0,20.0,0.0,1,400.0,400.0,20.0,0.0,1,400.0,402.0,10.0,0.0,1,400.0,401.0,10.0,0.0,1,400.0,401.0,10.0,0.0,1,400.0,403.0,10.0,0.0,1
2026-03-23 15:53:23,541.39,400.0,402.0,20.0,0.0,1,400.0,400.0,20.0,0.0,1,400.0,402.0,10.0,0.0,1,400.0,401.0,10.0,0.0,1,400.0,400.0,10.0,0.0,1,400.0,403.0,10.0,0.0,1
2026-03-23 15:53:24,542.14,400.0,402.0,20.0,0.0,1,400.0,401.0,20.0,0.0,1,400.0,402.0,10.0,0.0,1,400.0,401.0,10.0,0.0,1,400.0,400.0,10.0,0.0,1,400.0,403.0,10.0,0.0,1
2026-03-23 15:53:25,542.96,400.0,403.0,20.0,0.0,1,400.0,401.0,20.0,0.0,1,400.0,402.0,10.0,0.0,1,400.0,401.0,10.0,0.0,1,400.0,400.0,10.0,0.0,1,400.0,403.0,10.0,0.0,1
2026-03-23 15:53:26,543.71,400.0,403.0,20.0,0.0,1,400.0,401.0,20.0,0.0,1,400.0,402.0,10.0,0.0,1,400.0,401.0,10.0,0.0,1,400.0,400.0,10.0,0.0,1,400.0,402.0,10.0,0.0,1
2026-03-23 15:53:26,544.47,400.0,403.0,20.0,0.0,1,400.0,401.0,20.0,0.0,1,400.0,402.0,10.0,0.0,1,400.0,401.0,10.0,0.0,1,400.0,401.0,10.0,0.0,1,400.0,402.0,10.0,0.0,1
2026-03-23 15:53:27,545.27,400.0,402.0,20.0,0.0,1,400.0,401.0,20.0,0.0,1,400.0,403.0,10.0,0.0,1,400.0,402.0,10.0,0.0,1,400.0,399.0,10.0,0.0,1,400.0,402.0,10.0,0.0,1
2026-03-23 15:53:28,546.11,400.0,402.0,20.0,0.0,1,400.0,400.0,20.0,0.0,1,400.0,402.0,10.0,0.0,1,400.0,401.0,10.0,0.0,1,400.0,400.0,10.0,0.0,1,400.0,404.0,10.0,0.0,1
2026-03-23 15:53:29,546.87,400.0,403.0,20.0,0.0,1,400.0,401.0,20.0,0.0,1,400.0,402.0,10.0,0.0,1,400.0,400.0,10.0,0.0,1,400.0,400.0,10.0,0.0,1,400.0,402.0,10.0,0.0,1
2026-03-23 15:53:29,547.66,400.0,404.0,20.0,0.0,1,400.0,401.0,20.0,0.0,1,400.0,402.0,10.0,0.0,1,400.0,400.0,10.0,0.0,1,400.0,400.0,10.0,0.0,1,400.0,403.0,10.0,0.0,1
2026-03-23 15:53:30,548.41,400.0,403.0,20.0,0.0,1,400.0,401.0,20.0,0.0,1,400.0,403.0,10.0,0.0,1,400.0,402.0,10.0,0.0,1,400.0,403.0,10.0,0.0,1,400.0,402.0,10.0,0.0,1
2026-03-23 15:53:31,549.19,400.0,403.0,20.0,0.0,1,400.0,401.0,20.0,0.0,1,400.0,403.0,10.0,0.0,1,400.0,401.0,10.0,0.0,1,400.0,401.0,10.0,0.0,1,400.0,402.0,10.0,0.0,1
2026-03-23 15:53:32,549.98,400.0,403.0,20.0,0.0,1,400.0,401.0,20.0,0.0,1,400.0,402.0,10.0,0.0,1,400.0,402.0,10.0,0.0,1,400.0,400.0,10.0,0.0,1,400.0,402.0,10.0,0.0,1
2026-03-23 15:53:33,550.77,400.0,403.0,20.0,0.0,1,400.0,401.0,20.0,0.0,1,400.0,402.0,10.0,0.0,1,400.0,401.0,10.0,0.0,1,400.0,401.0,10.0,0.0,1,400.0,404.0,10.0,0.0,1
2026-03-23 15:53:33,551.55,400.0,403.0,20.0,0.0,1,400.0,401.0,20.0,0.0,1,400.0,403.0,10.0,0.0,1,400.0,401.0,10.0,0.0,1,400.0,401.0,10.0,0.0,1,400.0,404.0,10.0,0.0,1
2026-03-23 15:53:34,552.34,400.0,403.0,20.0,0.0,1,400.0,401.0,20.0,0.0,1,400.0,402.0,10.0,0.0,1,400.0,401.0,10.0,0.0,1,400.0,401.0,10.0,0.0,1,400.0,404.0,10.0,0.0,1
2026-03-23 15:53:35,553.11,400.0,402.0,20.0,0.0,1,400.0,401.0,20.0,0.0,1,400.0,401.0,10.0,0.0,1,400.0,400.0,10.0,0.0,1,400.0,401.0,10.0,0.0,1,400.0,404.0,10.0,0.0,1
2026-03-23 15:53:36,553.86,400.0,403.0,20.0,0.0,1,400.0,401.0,20.0,0.0,1,400.0,402.0,10.0,0.0,1,400.0,401.0,10.0,0.0,1,400.0,401.0,10.0,0.0,1,400.0,403.0,10.0,0.0,1
2026-03-23 15:53:36,554.64,400.0,403.0,20.0,0.0,1,400.0,401.0,20.0,0.0,1,400.0,402.0,10.0,0.0,1,400.0,401.0,10.0,0.0,1,400.0,402.0,10.0,0.0,1,400.0,403.0,10.0,0.0,1
2026-03-23 15:53:37,555.42,400.0,402.0,20.0,0.0,1,400.0,401.0,20.0,0.0,1,400.0,402.0,10.0,0.0,1,400.0,401.0,10.0,0.0,1,400.0,402.0,10.0,0.0,1,400.0,403.0,10.0,0.0,1
2026-03-23 15:53:38,556.18,400.0,403.0,20.0,0.0,1,400.0,400.0,20.0,0.0,1,400.0,402.0,10.0,0.0,1,400.0,401.0,10.0,0.0,1,400.0,399.0,10.0,0.0,1,400.0,401.0,10.0,0.0,1
2026-03-23 15:53:39,556.97,400.0,403.0,20.0,0.0,1,400.0,400.0,20.0,0.0,1,400.0,402.0,10.0,0.0,1,400.0,401.0,10.0,0.0,1,400.0,400.0,10.0,0.0,1,400.0,403.0,10.0,0.0,1
2026-03-23 15:53:40,557.73,400.0,403.0,20.0,0.0,1,400.0,401.0,20.0,0.0,1,400.0,402.0,10.0,0.0,1,400.0,401.0,10.0,0.0,1,400.0,400.0,10.0,0.0,1,400.0,403.0,10.0,0.0,1
2026-03-23 15:53:40,558.5,400.0,403.0,20.0,0.0,1,400.0,400.0,20.0,0.0,1,400.0,402.0,10.0,0.0,1,400.0,401.0,10.0,0.0,1,400.0,402.0,10.0,0.0,1,400.0,403.0,10.0,0.0,1
2026-03-23 15:53:41,559.25,400.0,403.0,20.0,0.0,1,400.0,401.0,20.0,0.0,1,400.0,403.0,10.0,0.0,1,400.0,401.0,10.0,0.0,1,400.0,401.0,10.0,0.0,1,400.0,403.0,10.0,0.0,1
2026-03-23 15:53:42,560.01,400.0,402.0,20.0,0.0,1,400.0,401.0,20.0,0.0,1,400.0,402.0,10.0,0.0,1,400.0,401.0,10.0,0.0,1,400.0,401.0,10.0,0.0,1,400.0,403.0,10.0,0.0,1
2026-03-23 15:53:43,560.75,400.0,405.0,20.0,0.0,1,400.0,400.0,20.0,0.0,1,400.0,402.0,10.0,0.0,1,400.0,401.0,10.0,0.0,1,400.0,401.0,10.0,0.0,1,400.0,403.0,10.0,0.0,1
2026-03-23 15:53:43,561.51,400.0,403.0,20.0,0.0,1,400.0,400.0,20.0,0.0,1,400.0,401.0,10.0,0.0,1,400.0,401.0,10.0,0.0,1,400.0,402.0,10.0,0.0,1,400.0,402.0,10.0,0.0,1
2026-03-23 15:53:44,562.28,400.0,403.0,20.0,0.0,1,400.0,400.0,20.0,0.0,1,400.0,403.0,10.0,0.0,1,400.0,402.0,10.0,0.0,1,400.0,401.0,10.0,0.0,1,400.0,402.0,10.0,0.0,1
2026-03-23 15:53:45,563.05,400.0,404.0,20.0,0.0,1,400.0,401.0,20.0,0.0,1,400.0,403.0,10.0,0.0,1,400.0,402.0,10.0,0.0,1,400.0,400.0,10.0,0.0,1,400.0,402.0,10.0,0.0,1
2026-03-23 15:53:46,563.81,400.0,404.0,20.0,0.0,1,400.0,401.0,20.0,0.0,1,400.0,403.0,10.0,0.0,1,400.0,401.0,10.0,0.0,1,400.0,400.0,10.0,0.0,1,400.0,402.0,10.0,0.0,1
2026-03-23 15:53:46,564.57,400.0,404.0,20.0,0.0,1,400.0,401.0,20.0,0.0,1,400.0,403.0,10.0,0.0,1,400.0,401.0,10.0,0.0,1,400.0,400.0,10.0,0.0,1,400.0,403.0,10.0,0.0,1
2026-03-23 15:53:47,565.31,400.0,404.0,20.0,0.0,1,400.0,401.0,20.0,0.0,1,400.0,403.0,10.0,0.0,1,400.0,401.0,10.0,0.0,1,400.0,401.0,10.0,0.0,1,400.0,403.0,10.0,0.0,1
2026-03-23 15:53:48,566.07,400.0,403.0,20.0,0.0,1,400.0,401.0,20.0,0.0,1,400.0,402.0,10.0,0.0,1,400.0,401.0,10.0,0.0,1,400.0,401.0,10.0,0.0,1,400.0,404.0,10.0,0.0,1
2026-03-23 15:53:49,566.83,400.0,403.0,20.0,0.0,1,400.0,401.0,20.0,0.0,1,400.0,403.0,10.0,0.0,1,400.0,401.0,10.0,0.0,1,400.0,400.0,10.0,0.0,1,400.0,403.0,10.0,0.0,1
2026-03-23 15:53:49,567.6,400.0,403.0,20.0,0.0,1,400.0,401.0,20.0,0.0,1,400.0,402.0,10.0,0.0,1,400.0,401.0,10.0,0.0,1,400.0,400.0,10.0,0.0,1,400.0,403.0,10.0,0.0,1
2026-03-23 15:53:50,568.38,400.0,404.0,20.0,0.0,1,400.0,401.0,20.0,0.0,1,400.0,403.0,10.0,0.0,1,400.0,401.0,10.0,0.0,1,400.0,402.0,10.0,0.0,1,400.0,403.0,10.0,0.0,1
2026-03-23 15:53:51,569.14,400.0,404.0,20.0,0.0,1,400.0,401.0,20.0,0.0,1,400.0,401.0,10.0,0.0,1,400.0,401.0,10.0,0.0,1,400.0,402.0,10.0,0.0,1,400.0,403.0,10.0,0.0,1
2026-03-23 15:53:52,569.92,400.0,403.0,20.0,0.0,1,400.0,401.0,20.0,0.0,1,400.0,402.0,10.0,0.0,1,400.0,402.0,10.0,0.0,1,400.0,401.0,10.0,0.0,1,400.0,403.0,10.0,0.0,1
2026-03-23 15:53:53,570.75,400.0,403.0,20.0,0.0,1,400.0,401.0,20.0,0.0,1,400.0,402.0,10.0,0.0,1,400.0,400.0,10.0,0.0,1,400.0,400.0,10.0,0.0,1,400.0,403.0,10.0,0.0,1
2026-03-23 15:53:53,571.52,400.0,403.0,20.0,0.0,1,400.0,401.0,20.0,0.0,1,400.0,402.0,10.0,0.0,1,400.0,400.0,10.0,0.0,1,400.0,400.0,10.0,0.0,1,400.0,403.0,10.0,0.0,1
2026-03-23 15:53:54,572.29,400.0,403.0,20.0,0.0,1,400.0,401.0,20.0,0.0,1,400.0,402.0,10.0,0.0,1,400.0,402.0,10.0,0.0,1,400.0,400.0,10.0,0.0,1,400.0,403.0,10.0,0.0,1
2026-03-23 15:53:55,573.06,400.0,403.0,20.0,0.0,1,400.0,401.0,20.0,0.0,1,400.0,402.0,10.0,0.0,1,400.0,401.0,10.0,0.0,1,400.0,400.0,10.0,0.0,1,400.0,403.0,10.0,0.0,1
2026-03-23 15:53:56,573.83,400.0,403.0,20.0,0.0,1,400.0,401.0,20.0,0.0,1,400.0,402.0,10.0,0.0,1,400.0,401.0,10.0,0.0,1,400.0,401.0,10.0,0.0,1,400.0,403.0,10.0,0.0,1
2026-03-23 15:53:56,574.63,400.0,403.0,20.0,0.0,1,400.0,401.0,20.0,0.0,1,400.0,402.0,10.0,0.0,1,400.0,400.0,10.0,0.0,1,400.0,401.0,10.0,0.0,1,400.0,403.0,10.0,0.0,1
2026-03-23 15:53:57,575.38,400.0,403.0,20.0,0.0,1,400.0,401.0,20.0,0.0,1,400.0,402.0,10.0,0.0,1,400.0,402.0,10.0,0.0,1,400.0,401.0,10.0,0.0,1,400.0,404.0,10.0,0.0,1
2026-03-23 15:53:58,576.12,400.0,402.0,20.0,0.0,1,400.0,401.0,20.0,0.0,1,400.0,402.0,10.0,0.0,1,400.0,401.0,10.0,0.0,1,400.0,401.0,10.0,0.0,1,400.0,403.0,10.0,0.0,1
2026-03-23 15:53:59,576.86,400.0,404.0,20.0,0.0,1,400.0,401.0,20.0,0.0,1,400.0,402.0,10.0,0.0,1,400.0,401.0,10.0,0.0,1,400.0,401.0,10.0,0.0,1,400.0,403.0,10.0,0.0,1
2026-03-23 15:53:59,577.59,400.0,404.0,20.0,0.0,1,400.0,401.0,20.0,0.0,1,400.0,402.0,10.0,0.0,1,400.0,401.0,10.0,0.0,1,400.0,401.0,10.0,0.0,1,400.0,403.0,10.0,0.0,1
2026-03-23 15:54:00,578.35,400.0,402.0,20.0,0.0,1,400.0,400.0,20.0,0.0,1,400.0,402.0,10.0,0.0,1,400.0,401.0,10.0,0.0,1,400.0,401.0,10.0,0.0,1,400.0,402.0,10.0,0.0,1
2026-03-23 15:54:01,579.12,400.0,402.0,20.0,0.0,1,400.0,401.0,20.0,0.0,1,400.0,402.0,10.0,0.0,1,400.0,402.0,10.0,0.0,1,400.0,399.0,10.0,0.0,1,400.0,402.0,10.0,0.0,1
2026-03-23 15:54:02,579.88,400.0,402.0,20.0,0.0,1,400.0,401.0,20.0,0.0,1,400.0,402.0,10.0,0.0,1,400.0,402.0,10.0,0.0,1,400.0,400.0,10.0,0.0,1,400.0,404.0,10.0,0.0,1
2026-03-23 15:54:02,580.61,400.0,402.0,20.0,0.0,1,400.0,401.0,20.0,0.0,1,400.0,402.0,10.0,0.0,1,400.0,402.0,10.0,0.0,1,400.0,401.0,10.0,0.0,1,400.0,403.0,10.0,0.0,1
2026-03-23 15:54:03,581.37,400.0,403.0,20.0,0.0,1,400.0,400.0,20.0,0.0,1,400.0,401.0,10.0,0.0,1,400.0,402.0,10.0,0.0,1,400.0,400.0,10.0,0.0,1,400.0,403.0,10.0,0.0,1
2026-03-23 15:54:04,582.13,400.0,403.0,20.0,0.0,1,400.0,400.0,20.0,0.0,1,400.0,401.0,10.0,0.0,1,400.0,400.0,10.0,0.0,1,400.0,402.0,10.0,0.0,1,400.0,403.0,10.0,0.0,1
2026-03-23 15:54:05,582.89,400.0,403.0,20.0,0.0,1,400.0,400.0,20.0,0.0,1,400.0,402.0,10.0,0.0,1,400.0,400.0,10.0,0.0,1,400.0,401.0,10.0,0.0,1,400.0,403.0,10.0,0.0,1
2026-03-23 15:54:05,583.68,400.0,403.0,20.0,0.0,1,400.0,401.0,20.0,0.0,1,400.0,403.0,10.0,0.0,1,400.0,400.0,10.0,0.0,1,400.0,402.0,10.0,0.0,1,400.0,404.0,10.0,0.0,1
2026-03-23 15:54:06,584.43,400.0,403.0,20.0,0.0,1,400.0,401.0,20.0,0.0,1,400.0,402.0,10.0,0.0,1,400.0,400.0,10.0,0.0,1,400.0,398.0,10.0,0.0,1,400.0,403.0,10.0,0.0,1
2026-03-23 15:54:07,585.18,400.0,404.0,20.0,0.0,1,400.0,401.0,20.0,0.0,1,400.0,402.0,10.0,0.0,1,400.0,401.0,10.0,0.0,1,400.0,400.0,10.0,0.0,1,400.0,402.0,10.0,0.0,1
2026-03-23 15:54:08,585.92,400.0,403.0,20.0,0.0,1,400.0,401.0,20.0,0.0,1,400.0,402.0,10.0,0.0,1,400.0,402.0,10.0,0.0,1,400.0,401.0,10.0,0.0,1,400.0,402.0,10.0,0.0,1
2026-03-23 15:54:08,586.67,400.0,402.0,20.0,0.0,1,400.0,401.0,20.0,0.0,1,400.0,402.0,10.0,0.0,1,400.0,402.0,10.0,0.0,1,400.0,400.0,10.0,0.0,1,400.0,404.0,10.0,0.0,1
2026-03-23 15:54:09,587.42,400.0,402.0,20.0,0.0,1,400.0,401.0,20.0,0.0,1,400.0,402.0,10.0,0.0,1,400.0,401.0,10.0,0.0,1,400.0,400.0,10.0,0.0,1,400.0,404.0,10.0,0.0,1
2026-03-23 15:54:10,588.17,400.0,401.0,20.0,0.0,1,400.0,401.0,20.0,0.0,1,400.0,402.0,10.0,0.0,1,400.0,401.0,10.0,0.0,1,400.0,400.0,10.0,0.0,1,400.0,404.0,10.0,0.0,1
2026-03-23 15:54:11,588.94,400.0,403.0,20.0,0.0,1,400.0,401.0,20.0,0.0,1,400.0,401.0,10.0,0.0,1,400.0,401.0,10.0,0.0,1,400.0,401.0,10.0,0.0,1,400.0,402.0,10.0,0.0,1
2026-03-23 15:54:11,589.68,400.0,403.0,20.0,0.0,1,400.0,401.0,20.0,0.0,1,400.0,404.0,10.0,0.0,1,400.0,401.0,10.0,0.0,1,400.0,401.0,10.0,0.0,1,400.0,403.0,10.0,0.0,1
2026-03-23 15:54:12,590.44,400.0,403.0,20.0,0.0,1,400.0,401.0,20.0,0.0,1,400.0,402.0,10.0,0.0,1,400.0,401.0,10.0,0.0,1,400.0,400.0,10.0,0.0,1,400.0,403.0,10.0,0.0,1
2026-03-23 15:54:13,591.19,400.0,404.0,20.0,0.0,1,400.0,400.0,20.0,0.0,1,400.0,402.0,10.0,0.0,1,400.0,401.0,10.0,0.0,1,400.0,401.0,10.0,0.0,1,400.0,403.0,10.0,0.0,1
2026-03-23 15:54:14,591.98,400.0,405.0,20.0,0.0,1,400.0,402.0,20.0,0.0,1,400.0,402.0,10.0,0.0,1,400.0,401.0,10.0,0.0,1,400.0,401.0,10.0,0.0,1,400.0,403.0,10.0,0.0,1
2026-03-23 15:54:15,592.73,400.0,405.0,20.0,0.0,1,400.0,401.0,20.0,0.0,1,400.0,402.0,10.0,0.0,1,400.0,401.0,10.0,0.0,1,400.0,401.0,10.0,0.0,1,400.0,403.0,10.0,0.0,1
2026-03-23 15:54:15,593.53,400.0,404.0,20.0,0.0,1,400.0,401.0,20.0,0.0,1,400.0,402.0,10.0,0.0,1,400.0,401.0,10.0,0.0,1,400.0,400.0,10.0,0.0,1,400.0,402.0,10.0,0.0,1
2026-03-23 15:54:16,594.33,400.0,404.0,20.0,0.0,1,400.0,401.0,20.0,0.0,1,400.0,402.0,10.0,0.0,1,400.0,401.0,10.0,0.0,1,400.0,402.0,10.0,0.0,1,400.0,402.0,10.0,0.0,1
2026-03-23 15:54:17,595.13,400.0,403.0,20.0,0.0,1,400.0,401.0,20.0,0.0,1,400.0,402.0,10.0,0.0,1,400.0,402.0,10.0,0.0,1,400.0,400.0,10.0,0.0,1,400.0,404.0,10.0,0.0,1
2026-03-23 15:54:18,595.93,400.0,403.0,20.0,0.0,1,400.0,401.0,20.0,0.0,1,400.0,401.0,10.0,0.0,1,400.0,402.0,10.0,0.0,1,400.0,400.0,10.0,0.0,1,400.0,404.0,10.0,0.0,1
2026-03-23 15:54:18,596.7,400.0,402.0,20.0,0.0,1,400.0,401.0,20.0,0.0,1,400.0,402.0,10.0,0.0,1,400.0,402.0,10.0,0.0,1,400.0,400.0,10.0,0.0,1,400.0,403.0,10.0,0.0,1
2026-03-23 15:54:19,597.57,400.0,403.0,20.0,0.0,1,400.0,401.0,20.0,0.0,1,400.0,402.0,10.0,0.0,1,400.0,402.0,10.0,0.0,1,400.0,401.0,10.0,0.0,1,400.0,403.0,10.0,0.0,1
2026-03-23 15:54:20,598.43,400.0,403.0,20.0,0.0,1,400.0,401.0,20.0,0.0,1,400.0,402.0,10.0,0.0,1,400.0,400.0,10.0,0.0,1,400.0,401.0,10.0,0.0,1,400.0,403.0,10.0,0.0,1
2026-03-23 15:54:21,599.2,400.0,403.0,20.0,0.0,1,400.0,401.0,20.0,0.0,1,400.0,402.0,10.0,0.0,1,400.0,400.0,10.0,0.0,1,400.0,400.0,10.0,0.0,1,400.0,403.0,10.0,0.0,1
2026-03-23 15:54:22,600.0,400.0,404.0,20.0,0.0,1,400.0,400.0,20.0,0.0,1,400.0,402.0,10.0,0.0,1,400.0,400.0,10.0,0.0,1,400.0,400.0,10.0,0.0,1,400.0,403.0,10.0,0.0,1
2026-03-23 15:54:23,600.83,400.0,403.0,20.0,0.0,1,400.0,401.0,20.0,0.0,1,400.0,402.0,10.0,0.0,1,400.0,401.0,10.0,0.0,1,400.0,399.0,10.0,0.0,1,400.0,403.0,10.0,0.0,1
2026-03-23 15:54:23,601.59,400.0,404.0,20.0,0.0,1,400.0,401.0,20.0,0.0,1,400.0,402.0,10.0,0.0,1,400.0,401.0,10.0,0.0,1,400.0,402.0,10.0,0.0,1,400.0,403.0,10.0,0.0,1
2026-03-23 15:54:24,602.38,400.0,403.0,20.0,0.0,1,400.0,401.0,20.0,0.0,1,400.0,402.0,10.0,0.0,1,400.0,401.0,10.0,0.0,1,400.0,400.0,10.0,0.0,1,400.0,402.0,10.0,0.0,1
2026-03-23 15:54:25,603.21,400.0,402.0,20.0,0.0,1,400.0,401.0,20.0,0.0,1,400.0,401.0,10.0,0.0,1,400.0,401.0,10.0,0.0,1,400.0,402.0,10.0,0.0,1,400.0,402.0,10.0,0.0,1
2026-03-23 15:54:26,604.03,400.0,403.0,20.0,0.0,1,400.0,400.0,20.0,0.0,1,400.0,403.0,10.0,0.0,1,400.0,401.0,10.0,0.0,1,400.0,401.0,10.0,0.0,1,400.0,403.0,10.0,0.0,1
2026-03-23 15:54:27,604.83,400.0,404.0,20.0,0.0,1,400.0,401.0,20.0,0.0,1,400.0,402.0,10.0,0.0,1,400.0,401.0,10.0,0.0,1,400.0,399.0,10.0,0.0,1,400.0,403.0,10.0,0.0,1
2026-03-23 15:54:27,605.6,400.0,403.0,20.0,0.0,1,400.0,400.0,20.0,0.0,1,400.0,402.0,10.0,0.0,1,400.0,401.0,10.0,0.0,1,400.0,399.0,10.0,0.0,1,400.0,404.0,10.0,0.0,1
2026-03-23 15:54:28,606.39,400.0,403.0,20.0,0.0,1,400.0,401.0,20.0,0.0,1,400.0,402.0,10.0,0.0,1,400.0,401.0,10.0,0.0,1,400.0,399.0,10.0,0.0,1,400.0,404.0,10.0,0.0,1
2026-03-23 15:54:29,607.17,400.0,403.0,20.0,0.0,1,400.0,401.0,20.0,0.0,1,400.0,402.0,10.0,0.0,1,400.0,401.0,10.0,0.0,1,400.0,400.0,10.0,0.0,1,400.0,404.0,10.0,0.0,1
2026-03-23 15:54:30,608.0,400.0,403.0,20.0,0.0,1,400.0,401.0,20.0,0.0,1,400.0,402.0,10.0,0.0,1,400.0,401.0,10.0,0.0,1,400.0,400.0,10.0,0.0,1,400.0,403.0,10.0,0.0,1
2026-03-23 15:54:31,608.78,400.0,403.0,20.0,0.0,1,400.0,401.0,20.0,0.0,1,400.0,403.0,10.0,0.0,1,400.0,400.0,10.0,0.0,1,400.0,400.0,10.0,0.0,1,400.0,403.0,10.0,0.0,1
2026-03-23 15:54:31,609.55,400.0,404.0,20.0,0.0,1,400.0,401.0,20.0,0.0,1,400.0,403.0,10.0,0.0,1,400.0,400.0,10.0,0.0,1,400.0,401.0,10.0,0.0,1,400.0,402.0,10.0,0.0,1
2026-03-23 15:54:32,610.34,400.0,404.0,20.0,0.0,1,400.0,401.0,20.0,0.0,1,400.0,403.0,10.0,0.0,1,400.0,402.0,10.0,0.0,1,400.0,401.0,10.0,0.0,1,400.0,404.0,10.0,0.0,1
2026-03-23 15:54:33,611.13,400.0,403.0,20.0,0.0,1,400.0,401.0,20.0,0.0,1,400.0,402.0,10.0,0.0,1,400.0,401.0,10.0,0.0,1,400.0,400.0,10.0,0.0,1,400.0,403.0,10.0,0.0,1
2026-03-23 15:54:34,611.89,400.0,400.0,20.0,0.0,1,400.0,401.0,20.0,0.0,1,400.0,402.0,10.0,0.0,1,400.0,402.0,10.0,0.0,1,400.0,400.0,10.0,0.0,1,400.0,403.0,10.0,0.0,1
2026-03-23 15:54:35,612.74,400.0,403.0,20.0,0.0,1,400.0,401.0,20.0,0.0,1,400.0,402.0,10.0,0.0,1,400.0,402.0,10.0,0.0,1,400.0,403.0,10.0,0.0,1,400.0,403.0,10.0,0.0,1
2026-03-23 15:54:35,613.62,400.0,404.0,20.0,0.0,1,400.0,401.0,20.0,0.0,1,400.0,402.0,10.0,0.0,1,400.0,401.0,10.0,0.0,1,400.0,402.0,10.0,0.0,1,400.0,405.0,10.0,0.0,1
2026-03-23 15:54:36,614.41,400.0,404.0,20.0,0.0,1,400.0,401.0,20.0,0.0,1,400.0,402.0,10.0,0.0,1,400.0,401.0,10.0,0.0,1,400.0,402.0,10.0,0.0,1,400.0,403.0,10.0,0.0,1
2026-03-23 15:54:37,615.16,400.0,404.0,20.0,0.0,1,400.0,401.0,20.0,0.0,1,400.0,401.0,10.0,0.0,1,400.0,401.0,10.0,0.0,1,400.0,402.0,10.0,0.0,1,400.0,403.0,10.0,0.0,1
2026-03-23 15:54:38,615.93,400.0,404.0,20.0,0.0,1,400.0,400.0,20.0,0.0,1,400.0,402.0,10.0,0.0,1,400.0,400.0,10.0,0.0,1,400.0,401.0,10.0,0.0,1,400.0,403.0,10.0,0.0,1
2026-03-23 15:54:38,616.68,400.0,403.0,20.0,0.0,1,400.0,400.0,20.0,0.0,1,400.0,402.0,10.0,0.0,1,400.0,400.0,10.0,0.0,1,400.0,403.0,10.0,0.0,1,400.0,403.0,10.0,0.0,1
2026-03-23 15:54:39,617.44,400.0,403.0,20.0,0.0,1,400.0,400.0,20.0,0.0,1,400.0,403.0,10.0,0.0,1,400.0,400.0,10.0,0.0,1,400.0,401.0,10.0,0.0,1,400.0,403.0,10.0,0.0,1
2026-03-23 15:54:40,618.23,400.0,403.0,20.0,0.0,1,400.0,399.0,20.0,0.0,1,400.0,401.0,10.0,0.0,1,400.0,401.0,10.0,0.0,1,400.0,401.0,10.0,0.0,1,400.0,403.0,10.0,0.0,1
2026-03-23 15:54:41,619.0,400.0,403.0,20.0,0.0,1,400.0,401.0,20.0,0.0,1,400.0,401.0,10.0,0.0,1,400.0,401.0,10.0,0.0,1,400.0,401.0,10.0,0.0,1,400.0,403.0,10.0,0.0,1
2026-03-23 15:54:42,619.77,400.0,404.0,20.0,0.0,1,400.0,401.0,20.0,0.0,1,400.0,401.0,10.0,0.0,1,400.0,402.0,10.0,0.0,1,400.0,403.0,10.0,0.0,1,400.0,403.0,10.0,0.0,1
2026-03-23 15:54:42,620.58,400.0,403.0,20.0,0.0,1,400.0,401.0,20.0,0.0,1,400.0,401.0,10.0,0.0,1,400.0,400.0,10.0,0.0,1,400.0,399.0,10.0,0.0,1,400.0,403.0,10.0,0.0,1
2026-03-23 15:54:43,621.38,400.0,403.0,20.0,0.0,1,400.0,401.0,20.0,0.0,1,400.0,401.0,10.0,0.0,1,400.0,400.0,10.0,0.0,1,400.0,402.0,10.0,0.0,1,400.0,403.0,10.0,0.0,1
2026-03-23 15:54:44,622.18,400.0,403.0,20.0,0.0,1,400.0,401.0,20.0,0.0,1,400.0,402.0,10.0,0.0,1,400.0,401.0,10.0,0.0,1,400.0,400.0,10.0,0.0,1,400.0,403.0,10.0,0.0,1
2026-03-23 15:54:45,622.95,400.0,404.0,20.0,0.0,1,400.0,401.0,20.0,0.0,1,400.0,402.0,10.0,0.0,1,400.0,401.0,10.0,0.0,1,400.0,401.0,10.0,0.0,1,400.0,404.0,10.0,0.0,1
2026-03-23 15:54:45,623.7,400.0,404.0,20.0,0.0,1,400.0,400.0,20.0,0.0,1,400.0,403.0,10.0,0.0,1,400.0,401.0,10.0,0.0,1,400.0,401.0,10.0,0.0,1,400.0,404.0,10.0,0.0,1
2026-03-23 15:54:46,624.49,400.0,403.0,20.0,0.0,1,400.0,400.0,20.0,0.0,1,400.0,403.0,10.0,0.0,1,400.0,403.0,10.0,0.0,1,400.0,401.0,10.0,0.0,1,400.0,403.0,10.0,0.0,1
2026-03-23 15:54:47,625.27,400.0,403.0,20.0,0.0,1,400.0,400.0,20.0,0.0,1,400.0,402.0,10.0,0.0,1,400.0,403.0,10.0,0.0,1,400.0,401.0,10.0,0.0,1,400.0,403.0,10.0,0.0,1
2026-03-23 15:54:48,626.03,400.0,403.0,20.0,0.0,1,400.0,402.0,20.0,0.0,1,400.0,402.0,10.0,0.0,1,400.0,402.0,10.0,0.0,1,400.0,398.0,10.0,0.0,1,400.0,403.0,10.0,0.0,1
2026-03-23 15:54:49,626.83,400.0,404.0,20.0,0.0,1,400.0,401.0,20.0,0.0,1,400.0,402.0,10.0,0.0,1,400.0,400.0,10.0,0.0,1,400.0,399.0,10.0,0.0,1,400.0,403.0,10.0,0.0,1
2026-03-23 15:54:49,627.59,400.0,403.0,20.0,0.0,1,400.0,401.0,20.0,0.0,1,400.0,400.0,10.0,0.0,1,400.0,402.0,10.0,0.0,1,400.0,400.0,10.0,0.0,1,400.0,403.0,10.0,0.0,1
2026-03-23 15:54:50,628.36,400.0,403.0,20.0,0.0,1,400.0,401.0,20.0,0.0,1,400.0,401.0,10.0,0.0,1,400.0,401.0,10.0,0.0,1,400.0,401.0,10.0,0.0,1,400.0,402.0,10.0,0.0,1
2026-03-23 15:54:51,629.13,400.0,403.0,20.0,0.0,1,400.0,401.0,20.0,0.0,1,400.0,402.0,10.0,0.0,1,400.0,401.0,10.0,0.0,1,400.0,400.0,10.0,0.0,1,400.0,403.0,10.0,0.0,1
2026-03-23 15:54:52,629.89,400.0,404.0,20.0,0.0,1,400.0,401.0,20.0,0.0,1,400.0,403.0,10.0,0.0,1,400.0,401.0,10.0,0.0,1,400.0,400.0,10.0,0.0,1,400.0,403.0,10.0,0.0,1
2026-03-23 15:54:53,630.74,400.0,404.0,20.0,0.0,1,400.0,400.0,20.0,0.0,1,400.0,401.0,10.0,0.0,1,400.0,402.0,10.0,0.0,1,400.0,400.0,10.0,0.0,1,400.0,403.0,10.0,0.0,1
2026-03-23 15:54:53,631.49,400.0,404.0,20.0,0.0,1,400.0,400.0,20.0,0.0,1,400.0,402.0,10.0,0.0,1,400.0,401.0,10.0,0.0,1,400.0,401.0,10.0,0.0,1,400.0,403.0,10.0,0.0,1
2026-03-23 15:54:54,632.31,400.0,403.0,20.0,0.0,1,400.0,401.0,20.0,0.0,1,400.0,403.0,10.0,0.0,1,400.0,401.0,10.0,0.0,1,400.0,400.0,10.0,0.0,1,400.0,403.0,10.0,0.0,1
2026-03-23 15:54:55,633.1,400.0,403.0,20.0,0.0,1,400.0,401.0,20.0,0.0,1,400.0,403.0,10.0,0.0,1,400.0,401.0,10.0,0.0,1,400.0,401.0,10.0,0.0,1,400.0,403.0,10.0,0.0,1
2026-03-23 15:54:56,633.85,400.0,403.0,20.0,0.0,1,400.0,401.0,20.0,0.0,1,400.0,402.0,10.0,0.0,1,400.0,402.0,10.0,0.0,1,400.0,400.0,10.0,0.0,1,400.0,403.0,10.0,0.0,1
2026-03-23 15:54:57,634.74,400.0,403.0,20.0,0.0,1,400.0,401.0,20.0,0.0,1,400.0,402.0,10.0,0.0,1,400.0,402.0,10.0,0.0,1,400.0,402.0,10.0,0.0,1,400.0,403.0,10.0,0.0,1
2026-03-23 15:54:57,635.53,400.0,403.0,20.0,0.0,1,400.0,400.0,20.0,0.0,1,400.0,402.0,10.0,0.0,1,400.0,402.0,10.0,0.0,1,400.0,401.0,10.0,0.0,1,400.0,403.0,10.0,0.0,1
2026-03-23 15:54:58,636.39,400.0,403.0,20.0,0.0,1,400.0,400.0,20.0,0.0,1,400.0,402.0,10.0,0.0,1,400.0,401.0,10.0,0.0,1,400.0,401.0,10.0,0.0,1,400.0,403.0,10.0,0.0,1
2026-03-23 15:54:59,637.17,400.0,402.0,20.0,0.0,1,400.0,400.0,20.0,0.0,1,400.0,403.0,10.0,0.0,1,400.0,401.0,10.0,0.0,1,400.0,400.0,10.0,0.0,1,400.0,404.0,10.0,0.0,1
2026-03-23 15:55:00,637.96,400.0,402.0,20.0,0.0,1,400.0,400.0,20.0,0.0,1,400.0,403.0,10.0,0.0,1,400.0,401.0,10.0,0.0,1,400.0,401.0,10.0,0.0,1,400.0,402.0,10.0,0.0,1
2026-03-23 15:55:01,638.75,400.0,403.0,20.0,0.0,1,400.0,401.0,20.0,0.0,1,400.0,402.0,10.0,0.0,1,400.0,402.0,10.0,0.0,1,400.0,400.0,10.0,0.0,1,400.0,402.0,10.0,0.0,1
2026-03-23 15:55:01,639.55,400.0,403.0,20.0,0.0,1,400.0,401.0,20.0,0.0,1,400.0,402.0,10.0,0.0,1,400.0,402.0,10.0,0.0,1,400.0,400.0,10.0,0.0,1,400.0,402.0,10.0,0.0,1
2026-03-23 15:55:02,640.33,400.0,403.0,20.0,0.0,1,400.0,401.0,20.0,0.0,1,400.0,403.0,10.0,0.0,1,400.0,402.0,10.0,0.0,1,400.0,400.0,10.0,0.0,1,400.0,402.0,10.0,0.0,1
2026-03-23 15:55:03,641.12,400.0,403.0,20.0,0.0,1,400.0,400.0,20.0,0.0,1,400.0,402.0,10.0,0.0,1,400.0,402.0,10.0,0.0,1,400.0,401.0,10.0,0.0,1,400.0,403.0,10.0,0.0,1
2026-03-23 15:55:04,641.89,400.0,403.0,20.0,0.0,1,400.0,400.0,20.0,0.0,1,400.0,403.0,10.0,0.0,1,400.0,401.0,10.0,0.0,1,400.0,400.0,10.0,0.0,1,400.0,403.0,10.0,0.0,1
2026-03-23 15:55:04,642.68,400.0,403.0,20.0,0.0,1,400.0,400.0,20.0,0.0,1,400.0,403.0,10.0,0.0,1,400.0,401.0,10.0,0.0,1,400.0,400.0,10.0,0.0,1,400.0,403.0,10.0,0.0,1
2026-03-23 15:55:05,643.46,400.0,403.0,20.0,0.0,1,400.0,400.0,20.0,0.0,1,400.0,402.0,10.0,0.0,1,400.0,400.0,10.0,0.0,1,400.0,400.0,10.0,0.0,1,400.0,403.0,10.0,0.0,1
2026-03-23 15:55:06,644.24,400.0,403.0,20.0,0.0,1,400.0,400.0,20.0,0.0,1,400.0,402.0,10.0,0.0,1,400.0,403.0,10.0,0.0,1,400.0,402.0,10.0,0.0,1,400.0,403.0,10.0,0.0,1
2026-03-23 15:55:07,645.07,400.0,403.0,20.0,0.0,1,400.0,401.0,20.0,0.0,1,400.0,402.0,10.0,0.0,1,400.0,403.0,10.0,0.0,1,400.0,402.0,10.0,0.0,1,400.0,404.0,10.0,0.0,1
2026-03-23 15:55:08,645.91,400.0,403.0,20.0,0.0,1,400.0,401.0,20.0,0.0,1,400.0,402.0,10.0,0.0,1,400.0,403.0,10.0,0.0,1,400.0,401.0,10.0,0.0,1,400.0,403.0,10.0,0.0,1
2026-03-23 15:55:09,646.7,400.0,403.0,20.0,0.0,1,400.0,400.0,20.0,0.0,1,400.0,402.0,10.0,0.0,1,400.0,400.0,10.0,0.0,1,400.0,401.0,10.0,0.0,1,400.0,403.0,10.0,0.0,1
2026-03-23 15:55:09,647.47,400.0,403.0,20.0,0.0,1,400.0,400.0,20.0,0.0,1,400.0,402.0,10.0,0.0,1,400.0,400.0,10.0,0.0,1,400.0,401.0,10.0,0.0,1,400.0,403.0,10.0,0.0,1
2026-03-23 15:55:10,648.27,400.0,409.0,20.0,0.0,1,400.0,401.0,20.0,0.0,1,400.0,403.0,10.0,0.0,1,400.0,400.0,10.0,0.0,1,400.0,399.0,10.0,0.0,1,400.0,403.0,10.0,0.0,1
2026-03-23 15:55:11,649.0,400.0,403.0,20.0,0.0,1,400.0,401.0,20.0,0.0,1,400.0,403.0,10.0,0.0,1,400.0,400.0,10.0,0.0,1,400.0,401.0,10.0,0.0,1,400.0,403.0,10.0,0.0,1
2026-03-23 15:55:12,649.76,400.0,403.0,20.0,0.0,1,400.0,400.0,20.0,0.0,1,400.0,403.0,10.0,0.0,1,400.0,401.0,10.0,0.0,1,400.0,401.0,10.0,0.0,1,400.0,403.0,10.0,0.0,1
2026-03-23 15:55:12,650.52,400.0,403.0,20.0,0.0,1,400.0,400.0,20.0,0.0,1,400.0,403.0,10.0,0.0,1,400.0,401.0,10.0,0.0,1,400.0,401.0,10.0,0.0,1,400.0,403.0,10.0,0.0,1
2026-03-23 15:55:13,651.42,400.0,404.0,20.0,0.0,1,400.0,400.0,20.0,0.0,1,400.0,401.0,10.0,0.0,1,400.0,401.0,10.0,0.0,1,400.0,401.0,10.0,0.0,1,400.0,403.0,10.0,0.0,1
2026-03-23 15:55:14,652.29,400.0,402.0,20.0,0.0,1,400.0,400.0,20.0,0.0,1,400.0,402.0,10.0,0.0,1,400.0,401.0,10.0,0.0,1,400.0,401.0,10.0,0.0,1,400.0,403.0,10.0,0.0,1
2026-03-23 15:55:15,653.05,400.0,404.0,20.0,0.0,1,400.0,401.0,20.0,0.0,1,400.0,402.0,10.0,0.0,1,400.0,401.0,10.0,0.0,1,400.0,401.0,10.0,0.0,1,400.0,403.0,10.0,0.0,1
2026-03-23 15:55:16,653.96,400.0,402.0,20.0,0.0,1,400.0,401.0,20.0,0.0,1,400.0,402.0,10.0,0.0,1,400.0,401.0,10.0,0.0,1,400.0,401.0,10.0,0.0,1,400.0,403.0,10.0,0.0,1
2026-03-23 15:55:17,654.85,400.0,402.0,20.0,0.0,1,400.0,401.0,20.0,0.0,1,400.0,403.0,10.0,0.0,1,400.0,401.0,10.0,0.0,1,400.0,401.0,10.0,0.0,1,400.0,403.0,10.0,0.0,1
2026-03-23 15:55:18,655.73,400.0,404.0,20.0,0.0,1,400.0,401.0,20.0,0.0,1,400.0,403.0,10.0,0.0,1,400.0,401.0,10.0,0.0,1,400.0,401.0,10.0,0.0,1,400.0,403.0,10.0,0.0,1
2026-03-23 15:55:18,656.54,400.0,404.0,20.0,0.0,1,400.0,400.0,20.0,0.0,1,400.0,402.0,10.0,0.0,1,400.0,401.0,10.0,0.0,1,400.0,401.0,10.0,0.0,1,400.0,403.0,10.0,0.0,1
2026-03-23 15:55:19,657.33,400.0,404.0,20.0,0.0,1,400.0,400.0,20.0,0.0,1,400.0,403.0,10.0,0.0,1,400.0,401.0,10.0,0.0,1,400.0,401.0,10.0,0.0,1,400.0,403.0,10.0,0.0,1
2026-03-23 15:55:20,658.17,400.0,403.0,20.0,0.0,1,400.0,400.0,20.0,0.0,1,400.0,402.0,10.0,0.0,1,400.0,401.0,10.0,0.0,1,400.0,401.0,10.0,0.0,1,400.0,403.0,10.0,0.0,1
2026-03-23 15:55:21,659.0,400.0,403.0,20.0,0.0,1,400.0,400.0,20.0,0.0,1,400.0,402.0,10.0,0.0,1,400.0,401.0,10.0,0.0,1,400.0,401.0,10.0,0.0,1,400.0,403.0,10.0,0.0,1
2026-03-23 15:55:22,659.76,400.0,404.0,20.0,0.0,1,400.0,400.0,20.0,0.0,1,400.0,402.0,10.0,0.0,1,400.0,401.0,10.0,0.0,1,400.0,401.0,10.0,0.0,1,400.0,403.0,10.0,0.0,1
2026-03-23 15:55:22,660.56,400.0,403.0,20.0,0.0,1,400.0,401.0,20.0,0.0,1,400.0,402.0,10.0,0.0,1,400.0,401.0,10.0,0.0,1,400.0,401.0,10.0,0.0,1,400.0,404.0,10.0,0.0,1
2026-03-23 15:55:23,661.35,400.0,403.0,20.0,0.0,1,400.0,400.0,20.0,0.0,1,400.0,403.0,10.0,0.0,1,400.0,400.0,10.0,0.0,1,400.0,401.0,10.0,0.0,1,400.0,403.0,10.0,0.0,1
2026-03-23 15:55:24,662.16,400.0,402.0,20.0,0.0,1,400.0,400.0,20.0,0.0,1,400.0,403.0,10.0,0.0,1,400.0,400.0,10.0,0.0,1,400.0,401.0,10.0,0.0,1,400.0,403.0,10.0,0.0,1
2026-03-23 15:55:25,662.97,400.0,402.0,20.0,0.0,1,400.0,400.0,20.0,0.0,1,400.0,403.0,10.0,0.0,1,400.0,401.0,10.0,0.0,1,400.0,401.0,10.0,0.0,1,400.0,403.0,10.0,0.0,1
2026-03-23 15:55:26,663.75,400.0,402.0,20.0,0.0,1,400.0,400.0,20.0,0.0,1,400.0,401.0,10.0,0.0,1,400.0,401.0,10.0,0.0,1,400.0,400.0,10.0,0.0,1,400.0,404.0,10.0,0.0,1
2026-03-23 15:55:26,664.51,400.0,402.0,20.0,0.0,1,400.0,400.0,20.0,0.0,1,400.0,402.0,10.0,0.0,1,400.0,401.0,10.0,0.0,1,400.0,401.0,10.0,0.0,1,400.0,403.0,10.0,0.0,1
2026-03-23 15:55:27,665.35,400.0,403.0,20.0,0.0,1,400.0,400.0,20.0,0.0,1,400.0,402.0,10.0,0.0,1,400.0,401.0,10.0,0.0,1,400.0,401.0,10.0,0.0,1,400.0,403.0,10.0,0.0,1
2026-03-23 15:55:28,666.2,400.0,403.0,20.0,0.0,1,400.0,401.0,20.0,0.0,1,400.0,402.0,10.0,0.0,1,400.0,401.0,10.0,0.0,1,400.0,401.0,10.0,0.0,1,400.0,403.0,10.0,0.0,1
2026-03-23 15:55:29,667.1,400.0,402.0,20.0,0.0,1,400.0,401.0,20.0,0.0,1,400.0,402.0,10.0,0.0,1,400.0,401.0,10.0,0.0,1,400.0,400.0,10.0,0.0,1,400.0,403.0,10.0,0.0,1
2026-03-23 15:55:30,667.92,400.0,402.0,20.0,0.0,1,400.0,401.0,20.0,0.0,1,400.0,403.0,10.0,0.0,1,400.0,402.0,10.0,0.0,1,400.0,400.0,10.0,0.0,1,400.0,404.0,10.0,0.0,1
2026-03-23 15:55:31,668.76,400.0,403.0,20.0,0.0,1,400.0,401.0,20.0,0.0,1,400.0,402.0,10.0,0.0,1,400.0,401.0,10.0,0.0,1,400.0,401.0,10.0,0.0,1,400.0,403.0,10.0,0.0,1
2026-03-23 15:55:31,669.58,400.0,404.0,20.0,0.0,1,400.0,401.0,20.0,0.0,1,400.0,402.0,10.0,0.0,1,400.0,403.0,10.0,0.0,1,400.0,401.0,10.0,0.0,1,400.0,403.0,10.0,0.0,1
2026-03-23 15:55:32,670.37,400.0,404.0,20.0,0.0,1,400.0,401.0,20.0,0.0,1,400.0,401.0,10.0,0.0,1,400.0,402.0,10.0,0.0,1,400.0,399.0,10.0,0.0,1,400.0,403.0,10.0,0.0,1
2026-03-23 15:55:33,671.15,400.0,403.0,20.0,0.0,1,400.0,401.0,20.0,0.0,1,400.0,401.0,10.0,0.0,1,400.0,402.0,10.0,0.0,1,400.0,401.0,10.0,0.0,1,400.0,402.0,10.0,0.0,1
2026-03-23 15:55:34,671.92,400.0,402.0,20.0,0.0,1,400.0,401.0,20.0,0.0,1,400.0,401.0,10.0,0.0,1,400.0,402.0,10.0,0.0,1,400.0,400.0,10.0,0.0,1,400.0,404.0,10.0,0.0,1
2026-03-23 15:55:35,672.72,400.0,402.0,20.0,0.0,1,400.0,401.0,20.0,0.0,1,400.0,401.0,10.0,0.0,1,400.0,401.0,10.0,0.0,1,400.0,400.0,10.0,0.0,1,400.0,404.0,10.0,0.0,1
2026-03-23 15:55:35,673.49,400.0,403.0,20.0,0.0,1,400.0,401.0,20.0,0.0,1,400.0,402.0,10.0,0.0,1,400.0,400.0,10.0,0.0,1,400.0,400.0,10.0,0.0,1,400.0,404.0,10.0,0.0,1
2026-03-23 15:55:36,674.25,400.0,403.0,20.0,0.0,1,400.0,401.0,20.0,0.0,1,400.0,402.0,10.0,0.0,1,400.0,401.0,10.0,0.0,1,400.0,400.0,10.0,0.0,1,400.0,404.0,10.0,0.0,1
2026-03-23 15:55:37,675.06,400.0,404.0,20.0,0.0,1,400.0,401.0,20.0,0.0,1,400.0,401.0,10.0,0.0,1,400.0,401.0,10.0,0.0,1,400.0,399.0,10.0,0.0,1,400.0,403.0,10.0,0.0,1
2026-03-23 15:55:38,675.89,400.0,403.0,20.0,0.0,1,400.0,400.0,20.0,0.0,1,400.0,401.0,10.0,0.0,1,400.0,401.0,10.0,0.0,1,400.0,401.0,10.0,0.0,1,400.0,403.0,10.0,0.0,1
2026-03-23 15:55:39,676.79,400.0,403.0,20.0,0.0,1,400.0,400.0,20.0,0.0,1,400.0,401.0,10.0,0.0,1,400.0,401.0,10.0,0.0,1,400.0,401.0,10.0,0.0,1,400.0,403.0,10.0,0.0,1
2026-03-23 15:55:39,677.55,400.0,404.0,20.0,0.0,1,400.0,401.0,20.0,0.0,1,400.0,402.0,10.0,0.0,1,400.0,401.0,10.0,0.0,1,400.0,402.0,10.0,0.0,1,400.0,403.0,10.0,0.0,1
2026-03-23 15:55:40,678.33,400.0,403.0,20.0,0.0,1,400.0,401.0,20.0,0.0,1,400.0,402.0,10.0,0.0,1,400.0,401.0,10.0,0.0,1,400.0,400.0,10.0,0.0,1,400.0,404.0,10.0,0.0,1
2026-03-23 15:55:41,679.23,400.0,404.0,20.0,0.0,1,400.0,401.0,20.0,0.0,1,400.0,402.0,10.0,0.0,1,400.0,402.0,10.0,0.0,1,400.0,400.0,10.0,0.0,1,400.0,404.0,10.0,0.0,1
2026-03-23 15:55:42,680.09,400.0,404.0,20.0,0.0,1,400.0,400.0,20.0,0.0,1,400.0,402.0,10.0,0.0,1,400.0,402.0,10.0,0.0,1,400.0,402.0,10.0,0.0,1,400.0,403.0,10.0,0.0,1
2026-03-23 15:55:43,680.82,400.0,403.0,20.0,0.0,1,400.0,401.0,20.0,0.0,1,400.0,402.0,10.0,0.0,1,400.0,401.0,10.0,0.0,1,400.0,400.0,10.0,0.0,1,400.0,401.0,10.0,0.0,1
2026-03-23 15:55:43,681.55,400.0,403.0,20.0,0.0,1,400.0,401.0,20.0,0.0,1,400.0,402.0,10.0,0.0,1,400.0,401.0,10.0,0.0,1,400.0,400.0,10.0,0.0,1,400.0,402.0,10.0,0.0,1
2026-03-23 15:55:44,682.3,400.0,403.0,20.0,0.0,1,400.0,401.0,20.0,0.0,1,400.0,402.0,10.0,0.0,1,400.0,401.0,10.0,0.0,1,400.0,400.0,10.0,0.0,1,400.0,403.0,10.0,0.0,1
2026-03-23 15:55:45,683.07,400.0,403.0,20.0,0.0,1,400.0,401.0,20.0,0.0,1,400.0,403.0,10.0,0.0,1,400.0,402.0,10.0,0.0,1,400.0,400.0,10.0,0.0,1,400.0,403.0,10.0,0.0,1
2026-03-23 15:55:46,683.86,400.0,403.0,20.0,0.0,1,400.0,401.0,20.0,0.0,1,400.0,403.0,10.0,0.0,1,400.0,402.0,10.0,0.0,1,400.0,400.0,10.0,0.0,1,400.0,403.0,10.0,0.0,1
2026-03-23 15:55:46,684.64,400.0,403.0,20.0,0.0,1,400.0,401.0,20.0,0.0,1,400.0,403.0,10.0,0.0,1,400.0,402.0,10.0,0.0,1,400.0,400.0,10.0,0.0,1,400.0,403.0,10.0,0.0,1
2026-03-23 15:55:47,685.4,400.0,402.0,20.0,0.0,1,400.0,401.0,20.0,0.0,1,400.0,402.0,10.0,0.0,1,400.0,401.0,10.0,0.0,1,400.0,401.0,10.0,0.0,1,400.0,404.0,10.0,0.0,1
2026-03-23 15:55:48,686.16,400.0,404.0,20.0,0.0,1,400.0,401.0,20.0,0.0,1,400.0,401.0,10.0,0.0,1,400.0,401.0,10.0,0.0,1,400.0,401.0,10.0,0.0,1,400.0,404.0,10.0,0.0,1
2026-03-23 15:55:49,686.92,400.0,404.0,20.0,0.0,1,400.0,401.0,20.0,0.0,1,400.0,402.0,10.0,0.0,1,400.0,400.0,10.0,0.0,1,400.0,399.0,10.0,0.0,1,400.0,404.0,10.0,0.0,1
2026-03-23 15:55:49,687.68,400.0,402.0,20.0,0.0,1,400.0,399.0,20.0,0.0,1,400.0,402.0,10.0,0.0,1,400.0,400.0,10.0,0.0,1,400.0,401.0,10.0,0.0,1,400.0,404.0,10.0,0.0,1
2026-03-23 15:55:50,688.46,400.0,405.0,20.0,0.0,1,400.0,400.0,20.0,0.0,1,400.0,402.0,10.0,0.0,1,400.0,400.0,10.0,0.0,1,400.0,400.0,10.0,0.0,1,400.0,404.0,10.0,0.0,1
2026-03-23 15:55:51,689.21,400.0,404.0,20.0,0.0,1,400.0,400.0,20.0,0.0,1,400.0,402.0,10.0,0.0,1,400.0,401.0,10.0,0.0,1,400.0,400.0,10.0,0.0,1,400.0,403.0,10.0,0.0,1
2026-03-23 15:55:52,689.96,400.0,403.0,20.0,0.0,1,400.0,401.0,20.0,0.0,1,400.0,402.0,10.0,0.0,1,400.0,401.0,10.0,0.0,1,400.0,400.0,10.0,0.0,1,400.0,403.0,10.0,0.0,1
2026-03-23 15:55:53,690.74,400.0,403.0,20.0,0.0,1,400.0,401.0,20.0,0.0,1,400.0,402.0,10.0,0.0,1,400.0,401.0,10.0,0.0,1,400.0,401.0,10.0,0.0,1,400.0,403.0,10.0,0.0,1
2026-03-23 15:55:53,691.49,400.0,403.0,20.0,0.0,1,400.0,401.0,20.0,0.0,1,400.0,402.0,10.0,0.0,1,400.0,402.0,10.0,0.0,1,400.0,401.0,10.0,0.0,1,400.0,403.0,10.0,0.0,1
2026-03-23 15:55:54,692.27,400.0,403.0,20.0,0.0,1,400.0,401.0,20.0,0.0,1,400.0,404.0,10.0,0.0,1,400.0,402.0,10.0,0.0,1,400.0,401.0,10.0,0.0,1,400.0,403.0,10.0,0.0,1
2026-03-23 15:55:55,693.03,400.0,403.0,20.0,0.0,1,400.0,401.0,20.0,0.0,1,400.0,403.0,10.0,0.0,1,400.0,400.0,10.0,0.0,1,400.0,401.0,10.0,0.0,1,400.0,403.0,10.0,0.0,1
2026-03-23 15:55:56,693.8,400.0,403.0,20.0,0.0,1,400.0,402.0,20.0,0.0,1,400.0,402.0,10.0,0.0,1,400.0,401.0,10.0,0.0,1,400.0,401.0,10.0,0.0,1,400.0,403.0,10.0,0.0,1
2026-03-23 15:55:56,694.57,400.0,404.0,20.0,0.0,1,400.0,402.0,20.0,0.0,1,400.0,402.0,10.0,0.0,1,400.0,401.0,10.0,0.0,1,400.0,400.0,10.0,0.0,1,400.0,403.0,10.0,0.0,1
2026-03-23 15:55:57,695.39,400.0,403.0,20.0,0.0,1,400.0,401.0,20.0,0.0,1,400.0,402.0,10.0,0.0,1,400.0,402.0,10.0,0.0,1,400.0,401.0,10.0,0.0,1,400.0,402.0,10.0,0.0,1
2026-03-23 15:55:58,696.16,400.0,403.0,20.0,0.0,1,400.0,400.0,20.0,0.0,1,400.0,402.0,10.0,0.0,1,400.0,401.0,10.0,0.0,1,400.0,401.0,10.0,0.0,1,400.0,404.0,10.0,0.0,1
2026-03-23 15:55:59,696.92,400.0,403.0,20.0,0.0,1,400.0,400.0,20.0,0.0,1,400.0,402.0,10.0,0.0,1,400.0,401.0,10.0,0.0,1,400.0,401.0,10.0,0.0,1,400.0,403.0,10.0,0.0,1
2026-03-23 15:55:59,697.68,400.0,404.0,20.0,0.0,1,400.0,400.0,20.0,0.0,1,400.0,402.0,10.0,0.0,1,400.0,401.0,10.0,0.0,1,400.0,401.0,10.0,0.0,1,400.0,403.0,10.0,0.0,1
2026-03-23 15:56:00,698.43,400.0,404.0,20.0,0.0,1,400.0,400.0,20.0,0.0,1,400.0,402.0,10.0,0.0,1,400.0,401.0,10.0,0.0,1,400.0,401.0,10.0,0.0,1,400.0,403.0,10.0,0.0,1
2026-03-23 15:56:01,699.21,400.0,404.0,20.0,0.0,1,400.0,401.0,20.0,0.0,1,400.0,402.0,10.0,0.0,1,400.0,402.0,10.0,0.0,1,400.0,401.0,10.0,0.0,1,400.0,403.0,10.0,0.0,1
2026-03-23 15:56:02,699.96,400.0,403.0,20.0,0.0,1,400.0,401.0,20.0,0.0,1,400.0,402.0,10.0,0.0,1,400.0,402.0,10.0,0.0,1,400.0,402.0,10.0,0.0,1,400.0,403.0,10.0,0.0,1
2026-03-23 15:56:03,700.7,400.0,404.0,20.0,0.0,1,400.0,401.0,20.0,0.0,1,400.0,402.0,10.0,0.0,1,400.0,401.0,10.0,0.0,1,400.0,401.0,10.0,0.0,1,400.0,403.0,10.0,0.0,1
2026-03-23 15:56:03,701.46,400.0,404.0,20.0,0.0,1,400.0,401.0,20.0,0.0,1,400.0,402.0,10.0,0.0,1,400.0,401.0,10.0,0.0,1,400.0,401.0,10.0,0.0,1,400.0,402.0,10.0,0.0,1
2026-03-23 15:56:04,702.21,400.0,403.0,20.0,0.0,1,400.0,401.0,20.0,0.0,1,400.0,402.0,10.0,0.0,1,400.0,401.0,10.0,0.0,1,400.0,401.0,10.0,0.0,1,400.0,403.0,10.0,0.0,1
2026-03-23 15:56:05,702.94,400.0,403.0,20.0,0.0,1,400.0,401.0,20.0,0.0,1,400.0,401.0,10.0,0.0,1,400.0,401.0,10.0,0.0,1,400.0,400.0,10.0,0.0,1,400.0,404.0,10.0,0.0,1
2026-03-23 15:56:05,703.68,400.0,402.0,20.0,0.0,1,400.0,401.0,20.0,0.0,1,400.0,402.0,10.0,0.0,1,400.0,400.0,10.0,0.0,1,400.0,400.0,10.0,0.0,1,400.0,404.0,10.0,0.0,1
2026-03-23 15:56:06,704.41,400.0,404.0,20.0,0.0,1,400.0,401.0,20.0,0.0,1,400.0,402.0,10.0,0.0,1,400.0,400.0,10.0,0.0,1,400.0,401.0,10.0,0.0,1,400.0,403.0,10.0,0.0,1
2026-03-23 15:56:07,705.17,400.0,403.0,20.0,0.0,1,400.0,401.0,20.0,0.0,1,400.0,402.0,10.0,0.0,1,400.0,402.0,10.0,0.0,1,400.0,403.0,10.0,0.0,1,400.0,404.0,10.0,0.0,1
2026-03-23 15:56:08,705.93,400.0,403.0,20.0,0.0,1,400.0,401.0,20.0,0.0,1,400.0,402.0,10.0,0.0,1,400.0,402.0,10.0,0.0,1,400.0,401.0,10.0,0.0,1,400.0,402.0,10.0,0.0,1
2026-03-23 15:56:09,706.71,400.0,403.0,20.0,0.0,1,400.0,401.0,20.0,0.0,1,400.0,402.0,10.0,0.0,1,400.0,402.0,10.0,0.0,1,400.0,401.0,10.0,0.0,1,400.0,402.0,10.0,0.0,1
2026-03-23 15:56:09,707.47,400.0,418.0,20.0,0.0,1,400.0,401.0,20.0,0.0,1,400.0,402.0,10.0,0.0,1,400.0,402.0,10.0,0.0,1,400.0,401.0,10.0,0.0,1,400.0,403.0,10.0,0.0,1
2026-03-23 15:56:10,708.28,400.0,384.0,20.0,0.0,1,400.0,400.0,20.0,0.0,1,400.0,402.0,10.0,0.0,1,400.0,402.0,10.0,0.0,1,400.0,401.0,10.0,0.0,1,400.0,403.0,10.0,0.0,1
2026-03-23 15:56:11,709.07,400.0,401.0,20.0,0.0,1,400.0,399.0,20.0,0.0,1,400.0,402.0,10.0,0.0,1,400.0,402.0,10.0,0.0,1,400.0,401.0,10.0,0.0,1,400.0,403.0,10.0,0.0,1
2026-03-23 15:56:12,709.86,400.0,403.0,20.0,0.0,1,400.0,400.0,20.0,0.0,1,400.0,402.0,10.0,0.0,1,400.0,402.0,10.0,0.0,1,400.0,401.0,10.0,0.0,1,400.0,403.0,10.0,0.0,1
2026-03-23 15:56:12,710.6,400.0,403.0,20.0,0.0,1,400.0,400.0,20.0,0.0,1,400.0,402.0,10.0,0.0,1,400.0,402.0,10.0,0.0,1,400.0,401.0,10.0,0.0,1,400.0,403.0,10.0,0.0,1
2026-03-23 15:56:13,711.35,400.0,403.0,20.0,0.0,1,400.0,400.0,20.0,0.0,1,400.0,402.0,10.0,0.0,1,400.0,402.0,10.0,0.0,1,400.0,401.0,10.0,0.0,1,400.0,403.0,10.0,0.0,1
2026-03-23 15:56:14,712.1,400.0,403.0,20.0,0.0,1,400.0,401.0,20.0,0.0,1,400.0,402.0,10.0,0.0,1,400.0,401.0,10.0,0.0,1,400.0,402.0,10.0,0.0,1,400.0,402.0,10.0,0.0,1
2026-03-23 15:56:15,712.89,400.0,401.0,20.0,0.0,1,400.0,400.0,20.0,0.0,1,400.0,402.0,10.0,0.0,1,400.0,401.0,10.0,0.0,1,400.0,399.0,10.0,0.0,1,400.0,403.0,10.0,0.0,1
2026-03-23 15:56:15,713.66,400.0,403.0,20.0,0.0,1,400.0,400.0,20.0,0.0,1,400.0,402.0,10.0,0.0,1,400.0,400.0,10.0,0.0,1,400.0,399.0,10.0,0.0,1,400.0,403.0,10.0,0.0,1
2026-03-23 15:56:16,714.43,400.0,403.0,20.0,0.0,1,400.0,401.0,20.0,0.0,1,400.0,403.0,10.0,0.0,1,400.0,403.0,10.0,0.0,1,400.0,401.0,10.0,0.0,1,400.0,403.0,10.0,0.0,1
2026-03-23 15:56:17,715.17,400.0,403.0,20.0,0.0,1,400.0,400.0,20.0,0.0,1,400.0,402.0,10.0,0.0,1,400.0,402.0,10.0,0.0,1,400.0,401.0,10.0,0.0,1,400.0,403.0,10.0,0.0,1
2026-03-23 15:56:18,716.06,400.0,403.0,20.0,0.0,1,400.0,400.0,20.0,0.0,1,400.0,403.0,10.0,0.0,1,400.0,403.0,10.0,0.0,1,400.0,400.0,10.0,0.0,1,400.0,403.0,10.0,0.0,1
2026-03-23 15:56:19,716.79,400.0,403.0,20.0,0.0,1,400.0,401.0,20.0,0.0,1,400.0,402.0,10.0,0.0,1,400.0,402.0,10.0,0.0,1,400.0,400.0,10.0,0.0,1,400.0,403.0,10.0,0.0,1
2026-03-23 15:56:19,717.53,400.0,403.0,20.0,0.0,1,400.0,401.0,20.0,0.0,1,400.0,402.0,10.0,0.0,1,400.0,401.0,10.0,0.0,1,400.0,400.0,10.0,0.0,1,400.0,404.0,10.0,0.0,1
2026-03-23 15:56:20,718.32,400.0,403.0,20.0,0.0,1,400.0,401.0,20.0,0.0,1,400.0,402.0,10.0,0.0,1,400.0,401.0,10.0,0.0,1,400.0,400.0,10.0,0.0,1,400.0,404.0,10.0,0.0,1
2026-03-23 15:56:21,719.05,400.0,403.0,20.0,0.0,1,400.0,400.0,20.0,0.0,1,400.0,402.0,10.0,0.0,1,400.0,401.0,10.0,0.0,1,400.0,400.0,10.0,0.0,1,400.0,403.0,10.0,0.0,1
2026-03-23 15:56:22,719.8,400.0,402.0,20.0,0.0,1,400.0,400.0,20.0,0.0,1,400.0,402.0,10.0,0.0,1,400.0,400.0,10.0,0.0,1,400.0,401.0,10.0,0.0,1,400.0,403.0,10.0,0.0,1
2026-03-23 15:56:22,720.56,400.0,403.0,20.0,0.0,1,400.0,400.0,20.0,0.0,1,400.0,402.0,10.0,0.0,1,400.0,402.0,10.0,0.0,1,400.0,401.0,10.0,0.0,1,400.0,403.0,10.0,0.0,1
2026-03-23 15:56:23,721.32,400.0,403.0,20.0,0.0,1,400.0,400.0,20.0,0.0,1,400.0,402.0,10.0,0.0,1,400.0,402.0,10.0,0.0,1,400.0,401.0,10.0,0.0,1,400.0,403.0,10.0,0.0,1
2026-03-23 15:56:24,722.1,400.0,403.0,20.0,0.0,1,400.0,400.0,20.0,0.0,1,400.0,402.0,10.0,0.0,1,400.0,401.0,10.0,0.0,1,400.0,400.0,10.0,0.0,1,400.0,403.0,10.0,0.0,1
2026-03-23 15:56:25,722.94,400.0,404.0,20.0,0.0,1,400.0,400.0,20.0,0.0,1,400.0,402.0,10.0,0.0,1,400.0,400.0,10.0,0.0,1,400.0,400.0,10.0,0.0,1,400.0,403.0,10.0,0.0,1
2026-03-23 15:56:26,723.76,400.0,403.0,20.0,0.0,1,400.0,400.0,20.0,0.0,1,400.0,403.0,10.0,0.0,1,400.0,402.0,10.0,0.0,1,400.0,401.0,10.0,0.0,1,400.0,403.0,10.0,0.0,1
2026-03-23 15:56:26,724.49,400.0,403.0,20.0,0.0,1,400.0,401.0,20.0,0.0,1,400.0,402.0,10.0,0.0,1,400.0,402.0,10.0,0.0,1,400.0,401.0,10.0,0.0,1,400.0,402.0,10.0,0.0,1
2026-03-23 15:56:27,725.24,400.0,403.0,20.0,0.0,1,400.0,401.0,20.0,0.0,1,400.0,402.0,10.0,0.0,1,400.0,401.0,10.0,0.0,1,400.0,400.0,10.0,0.0,1,400.0,404.0,10.0,0.0,1
2026-03-23 15:56:28,725.98,400.0,403.0,20.0,0.0,1,400.0,401.0,20.0,0.0,1,400.0,402.0,10.0,0.0,1,400.0,400.0,10.0,0.0,1,400.0,400.0,10.0,0.0,1,400.0,403.0,10.0,0.0,1
2026-03-23 15:56:29,726.72,400.0,404.0,20.0,0.0,1,400.0,401.0,20.0,0.0,1,400.0,402.0,10.0,0.0,1,400.0,400.0,10.0,0.0,1,400.0,400.0,10.0,0.0,1,400.0,403.0,10.0,0.0,1
2026-03-23 15:56:29,727.48,400.0,404.0,20.0,0.0,1,400.0,401.0,20.0,0.0,1,400.0,402.0,10.0,0.0,1,400.0,400.0,10.0,0.0,1,400.0,400.0,10.0,0.0,1,400.0,403.0,10.0,0.0,1
2026-03-23 15:56:30,728.21,400.0,402.0,20.0,0.0,1,400.0,401.0,20.0,0.0,1,400.0,402.0,10.0,0.0,1,400.0,400.0,10.0,0.0,1,400.0,401.0,10.0,0.0,1,400.0,404.0,10.0,0.0,1
2026-03-23 15:56:31,728.99,400.0,403.0,20.0,0.0,1,400.0,401.0,20.0,0.0,1,400.0,402.0,10.0,0.0,1,400.0,400.0,10.0,0.0,1,400.0,401.0,10.0,0.0,1,400.0,404.0,10.0,0.0,1
2026-03-23 15:56:32,729.77,400.0,403.0,20.0,0.0,1,400.0,401.0,20.0,0.0,1,400.0,402.0,10.0,0.0,1,400.0,401.0,10.0,0.0,1,400.0,401.0,10.0,0.0,1,400.0,404.0,10.0,0.0,1
2026-03-23 15:56:32,730.55,400.0,403.0,20.0,0.0,1,400.0,401.0,20.0,0.0,1,400.0,402.0,10.0,0.0,1,400.0,400.0,10.0,0.0,1,400.0,401.0,10.0,0.0,1,400.0,404.0,10.0,0.0,1
2026-03-23 15:56:33,731.38,400.0,403.0,20.0,0.0,1,400.0,400.0,20.0,0.0,1,400.0,402.0,10.0,0.0,1,400.0,401.0,10.0,0.0,1,400.0,401.0,10.0,0.0,1,400.0,404.0,10.0,0.0,1
2026-03-23 15:56:34,732.27,400.0,403.0,20.0,0.0,1,400.0,400.0,20.0,0.0,1,400.0,402.0,10.0,0.0,1,400.0,401.0,10.0,0.0,1,400.0,401.0,10.0,0.0,1,400.0,403.0,10.0,0.0,1
2026-03-23 15:56:35,733.13,400.0,403.0,20.0,0.0,1,400.0,400.0,20.0,0.0,1,400.0,402.0,10.0,0.0,1,400.0,401.0,10.0,0.0,1,400.0,401.0,10.0,0.0,1,400.0,402.0,10.0,0.0,1
2026-03-23 15:56:36,733.91,400.0,402.0,20.0,0.0,1,400.0,400.0,20.0,0.0,1,400.0,402.0,10.0,0.0,1,400.0,401.0,10.0,0.0,1,400.0,401.0,10.0,0.0,1,400.0,402.0,10.0,0.0,1
2026-03-23 15:56:36,734.69,400.0,402.0,20.0,0.0,1,400.0,401.0,20.0,0.0,1,400.0,403.0,10.0,0.0,1,400.0,400.0,10.0,0.0,1,400.0,402.0,10.0,0.0,1,400.0,402.0,10.0,0.0,1
2026-03-23 15:56:37,735.48,400.0,402.0,20.0,0.0,1,400.0,401.0,20.0,0.0,1,400.0,403.0,10.0,0.0,1,400.0,401.0,10.0,0.0,1,400.0,401.0,10.0,0.0,1,400.0,403.0,10.0,0.0,1
2026-03-23 15:56:38,736.24,400.0,403.0,20.0,0.0,1,400.0,400.0,20.0,0.0,1,400.0,403.0,10.0,0.0,1,400.0,401.0,10.0,0.0,1,400.0,401.0,10.0,0.0,1,400.0,403.0,10.0,0.0,1
2026-03-23 15:56:39,737.0,400.0,403.0,20.0,0.0,1,400.0,400.0,20.0,0.0,1,400.0,402.0,10.0,0.0,1,400.0,401.0,10.0,0.0,1,400.0,400.0,10.0,0.0,1,400.0,404.0,10.0,0.0,1
2026-03-23 15:56:40,737.82,400.0,403.0,20.0,0.0,1,400.0,400.0,20.0,0.0,1,400.0,402.0,10.0,0.0,1,400.0,402.0,10.0,0.0,1,400.0,400.0,10.0,0.0,1,400.0,404.0,10.0,0.0,1
2026-03-23 15:56:40,738.59,400.0,403.0,20.0,0.0,1,400.0,400.0,20.0,0.0,1,400.0,402.0,10.0,0.0,1,400.0,401.0,10.0,0.0,1,400.0,403.0,10.0,0.0,1,400.0,404.0,10.0,0.0,1
2026-03-23 15:56:41,739.4,400.0,403.0,20.0,0.0,1,400.0,401.0,20.0,0.0,1,400.0,402.0,10.0,0.0,1,400.0,401.0,10.0,0.0,1,400.0,401.0,10.0,0.0,1,400.0,404.0,10.0,0.0,1
2026-03-23 15:56:42,740.25,400.0,403.0,20.0,0.0,1,400.0,401.0,20.0,0.0,1,400.0,402.0,10.0,0.0,1,400.0,401.0,10.0,0.0,1,400.0,401.0,10.0,0.0,1,400.0,404.0,10.0,0.0,1
2026-03-23 15:56:43,741.02,400.0,403.0,20.0,0.0,1,400.0,401.0,20.0,0.0,1,400.0,402.0,10.0,0.0,1,400.0,401.0,10.0,0.0,1,400.0,401.0,10.0,0.0,1,400.0,401.0,10.0,0.0,1
2026-03-23 15:56:44,741.85,400.0,403.0,20.0,0.0,1,400.0,401.0,20.0,0.0,1,400.0,402.0,10.0,0.0,1,400.0,401.0,10.0,0.0,1,400.0,401.0,10.0,0.0,1,400.0,403.0,10.0,0.0,1
2026-03-23 15:56:44,742.67,400.0,402.0,20.0,0.0,1,400.0,401.0,20.0,0.0,1,400.0,402.0,10.0,0.0,1,400.0,401.0,10.0,0.0,1,400.0,400.0,10.0,0.0,1,400.0,403.0,10.0,0.0,1
2026-03-23 15:56:45,743.46,400.0,402.0,20.0,0.0,1,400.0,401.0,20.0,0.0,1,400.0,402.0,10.0,0.0,1,400.0,401.0,10.0,0.0,1,400.0,402.0,10.0,0.0,1,400.0,403.0,10.0,0.0,1
2026-03-23 15:56:46,744.24,400.0,402.0,20.0,0.0,1,400.0,401.0,20.0,0.0,1,400.0,402.0,10.0,0.0,1,400.0,401.0,10.0,0.0,1,400.0,401.0,10.0,0.0,1,400.0,403.0,10.0,0.0,1
2026-03-23 15:56:47,745.01,400.0,402.0,20.0,0.0,1,400.0,401.0,20.0,0.0,1,400.0,402.0,10.0,0.0,1,400.0,401.0,10.0,0.0,1,400.0,401.0,10.0,0.0,1,400.0,403.0,10.0,0.0,1
2026-03-23 15:56:48,745.86,400.0,402.0,20.0,0.0,1,400.0,401.0,20.0,0.0,1,400.0,402.0,10.0,0.0,1,400.0,402.0,10.0,0.0,1,400.0,400.0,10.0,0.0,1,400.0,403.0,10.0,0.0,1
2026-03-23 15:56:48,746.64,400.0,401.0,20.0,0.0,1,400.0,400.0,20.0,0.0,1,400.0,402.0,10.0,0.0,1,400.0,401.0,10.0,0.0,1,400.0,400.0,10.0,0.0,1,400.0,403.0,10.0,0.0,1
2026-03-23 15:56:49,747.4,400.0,404.0,20.0,0.0,1,400.0,400.0,20.0,0.0,1,400.0,402.0,10.0,0.0,1,400.0,401.0,10.0,0.0,1,400.0,400.0,10.0,0.0,1,400.0,404.0,10.0,0.0,1
2026-03-23 15:56:50,748.16,400.0,404.0,20.0,0.0,1,400.0,401.0,20.0,0.0,1,400.0,402.0,10.0,0.0,1,400.0,401.0,10.0,0.0,1,400.0,401.0,10.0,0.0,1,400.0,403.0,10.0,0.0,1
2026-03-23 15:56:51,748.97,400.0,403.0,20.0,0.0,1,400.0,401.0,20.0,0.0,1,400.0,402.0,10.0,0.0,1,400.0,401.0,10.0,0.0,1,400.0,401.0,10.0,0.0,1,400.0,403.0,10.0,0.0,1
2026-03-23 15:56:52,749.71,400.0,404.0,20.0,0.0,1,400.0,401.0,20.0,0.0,1,400.0,402.0,10.0,0.0,1,400.0,403.0,10.0,0.0,1,400.0,402.0,10.0,0.0,1,400.0,404.0,10.0,0.0,1
2026-03-23 15:56:52,750.45,400.0,404.0,20.0,0.0,1,400.0,401.0,20.0,0.0,1,400.0,402.0,10.0,0.0,1,400.0,401.0,10.0,0.0,1,400.0,401.0,10.0,0.0,1,400.0,403.0,10.0,0.0,1
2026-03-23 15:56:53,751.23,400.0,404.0,20.0,0.0,1,400.0,401.0,20.0,0.0,1,400.0,402.0,10.0,0.0,1,400.0,401.0,10.0,0.0,1,400.0,401.0,10.0,0.0,1,400.0,403.0,10.0,0.0,1
2026-03-23 15:56:54,752.01,400.0,404.0,20.0,0.0,1,400.0,400.0,20.0,0.0,1,400.0,402.0,10.0,0.0,1,400.0,401.0,10.0,0.0,1,400.0,401.0,10.0,0.0,1,400.0,403.0,10.0,0.0,1
2026-03-23 15:56:55,752.77,400.0,404.0,20.0,0.0,1,400.0,400.0,20.0,0.0,1,400.0,402.0,10.0,0.0,1,400.0,402.0,10.0,0.0,1,400.0,402.0,10.0,0.0,1,400.0,402.0,10.0,0.0,1
2026-03-23 15:56:55,753.55,400.0,402.0,20.0,0.0,1,400.0,400.0,20.0,0.0,1,400.0,402.0,10.0,0.0,1,400.0,402.0,10.0,0.0,1,400.0,400.0,10.0,0.0,1,400.0,404.0,10.0,0.0,1
2026-03-23 15:56:56,754.3,400.0,403.0,20.0,0.0,1,400.0,400.0,20.0,0.0,1,400.0,402.0,10.0,0.0,1,400.0,401.0,10.0,0.0,1,400.0,400.0,10.0,0.0,1,400.0,404.0,10.0,0.0,1
2026-03-23 15:56:57,755.05,400.0,404.0,20.0,0.0,1,400.0,400.0,20.0,0.0,1,400.0,402.0,10.0,0.0,1,400.0,401.0,10.0,0.0,1,400.0,402.0,10.0,0.0,1,400.0,403.0,10.0,0.0,1
2026-03-23 15:56:58,755.82,400.0,403.0,20.0,0.0,1,400.0,401.0,20.0,0.0,1,400.0,403.0,10.0,0.0,1,400.0,401.0,10.0,0.0,1,400.0,401.0,10.0,0.0,1,400.0,403.0,10.0,0.0,1
2026-03-23 15:56:58,756.6,400.0,403.0,20.0,0.0,1,400.0,401.0,20.0,0.0,1,400.0,403.0,10.0,0.0,1,400.0,401.0,10.0,0.0,1,400.0,400.0,10.0,0.0,1,400.0,402.0,10.0,0.0,1
2026-03-23 15:56:59,757.41,400.0,403.0,20.0,0.0,1,400.0,401.0,20.0,0.0,1,400.0,403.0,10.0,0.0,1,400.0,401.0,10.0,0.0,1,400.0,400.0,10.0,0.0,1,400.0,402.0,10.0,0.0,1
2026-03-23 15:57:00,758.17,400.0,403.0,20.0,0.0,1,400.0,401.0,20.0,0.0,1,400.0,402.0,10.0,0.0,1,400.0,401.0,10.0,0.0,1,400.0,401.0,10.0,0.0,1,400.0,402.0,10.0,0.0,1
2026-03-23 15:57:01,758.94,400.0,404.0,20.0,0.0,1,400.0,401.0,20.0,0.0,1,400.0,402.0,10.0,0.0,1,400.0,402.0,10.0,0.0,1,400.0,400.0,10.0,0.0,1,400.0,403.0,10.0,0.0,1
2026-03-23 15:57:02,759.72,400.0,403.0,20.0,0.0,1,400.0,399.0,20.0,0.0,1,400.0,402.0,10.0,0.0,1,400.0,402.0,10.0,0.0,1,400.0,400.0,10.0,0.0,1,400.0,404.0,10.0,0.0,1
2026-03-23 15:57:02,760.51,400.0,403.0,20.0,0.0,1,400.0,401.0,20.0,0.0,1,400.0,401.0,10.0,0.0,1,400.0,402.0,10.0,0.0,1,400.0,400.0,10.0,0.0,1,400.0,403.0,10.0,0.0,1
2026-03-23 15:57:03,761.27,400.0,403.0,20.0,0.0,1,400.0,401.0,20.0,0.0,1,400.0,402.0,10.0,0.0,1,400.0,402.0,10.0,0.0,1,400.0,401.0,10.0,0.0,1,400.0,403.0,10.0,0.0,1
2026-03-23 15:57:04,762.03,400.0,403.0,20.0,0.0,1,400.0,401.0,20.0,0.0,1,400.0,402.0,10.0,0.0,1,400.0,401.0,10.0,0.0,1,400.0,400.0,10.0,0.0,1,400.0,402.0,10.0,0.0,1
2026-03-23 15:57:05,762.8,400.0,403.0,20.0,0.0,1,400.0,401.0,20.0,0.0,1,400.0,402.0,10.0,0.0,1,400.0,401.0,10.0,0.0,1,400.0,401.0,10.0,0.0,1,400.0,403.0,10.0,0.0,1
2026-03-23 15:57:05,763.58,400.0,403.0,20.0,0.0,1,400.0,401.0,20.0,0.0,1,400.0,402.0,10.0,0.0,1,400.0,401.0,10.0,0.0,1,400.0,401.0,10.0,0.0,1,400.0,403.0,10.0,0.0,1
2026-03-23 15:57:06,764.34,400.0,404.0,20.0,0.0,1,400.0,401.0,20.0,0.0,1,400.0,402.0,10.0,0.0,1,400.0,401.0,10.0,0.0,1,400.0,400.0,10.0,0.0,1,400.0,403.0,10.0,0.0,1
2026-03-23 15:57:07,765.09,400.0,404.0,20.0,0.0,1,400.0,401.0,20.0,0.0,1,400.0,402.0,10.0,0.0,1,400.0,401.0,10.0,0.0,1,400.0,401.0,10.0,0.0,1,400.0,403.0,10.0,0.0,1
2026-03-23 15:57:08,765.83,400.0,403.0,20.0,0.0,1,400.0,401.0,20.0,0.0,1,400.0,402.0,10.0,0.0,1,400.0,402.0,10.0,0.0,1,400.0,398.0,10.0,0.0,1,400.0,403.0,10.0,0.0,1
2026-03-23 15:57:08,766.59,400.0,404.0,20.0,0.0,1,400.0,401.0,20.0,0.0,1,400.0,403.0,10.0,0.0,1,400.0,402.0,10.0,0.0,1,400.0,402.0,10.0,0.0,1,400.0,403.0,10.0,0.0,1
2026-03-23 15:57:09,767.37,400.0,404.0,20.0,0.0,1,400.0,401.0,20.0,0.0,1,400.0,403.0,10.0,0.0,1,400.0,402.0,10.0,0.0,1,400.0,401.0,10.0,0.0,1,400.0,404.0,10.0,0.0,1
2026-03-23 15:57:10,768.14,400.0,404.0,20.0,0.0,1,400.0,401.0,20.0,0.0,1,400.0,403.0,10.0,0.0,1,400.0,401.0,10.0,0.0,1,400.0,402.0,10.0,0.0,1,400.0,403.0,10.0,0.0,1
2026-03-23 15:57:11,768.91,400.0,404.0,20.0,0.0,1,400.0,401.0,20.0,0.0,1,400.0,403.0,10.0,0.0,1,400.0,401.0,10.0,0.0,1,400.0,402.0,10.0,0.0,1,400.0,403.0,10.0,0.0,1
2026-03-23 15:57:11,769.67,400.0,402.0,20.0,0.0,1,400.0,401.0,20.0,0.0,1,400.0,402.0,10.0,0.0,1,400.0,402.0,10.0,0.0,1,400.0,400.0,10.0,0.0,1,400.0,403.0,10.0,0.0,1
2026-03-23 15:57:12,770.43,400.0,403.0,20.0,0.0,1,400.0,401.0,20.0,0.0,1,400.0,402.0,10.0,0.0,1,400.0,402.0,10.0,0.0,1,400.0,401.0,10.0,0.0,1,400.0,403.0,10.0,0.0,1
2026-03-23 15:57:13,771.2,400.0,404.0,20.0,0.0,1,400.0,401.0,20.0,0.0,1,400.0,402.0,10.0,0.0,1,400.0,402.0,10.0,0.0,1,400.0,401.0,10.0,0.0,1,400.0,403.0,10.0,0.0,1
2026-03-23 15:57:14,772.03,400.0,403.0,20.0,0.0,1,400.0,401.0,20.0,0.0,1,400.0,402.0,10.0,0.0,1,400.0,403.0,10.0,0.0,1,400.0,401.0,10.0,0.0,1,400.0,403.0,10.0,0.0,1
2026-03-23 15:57:15,772.8,400.0,404.0,20.0,0.0,1,400.0,401.0,20.0,0.0,1,400.0,402.0,10.0,0.0,1,400.0,401.0,10.0,0.0,1,400.0,401.0,10.0,0.0,1,400.0,403.0,10.0,0.0,1
2026-03-23 15:57:15,773.59,400.0,403.0,20.0,0.0,1,400.0,400.0,20.0,0.0,1,400.0,402.0,10.0,0.0,1,400.0,401.0,10.0,0.0,1,400.0,401.0,10.0,0.0,1,400.0,403.0,10.0,0.0,1
2026-03-23 15:57:16,774.33,400.0,403.0,20.0,0.0,1,400.0,400.0,20.0,0.0,1,400.0,403.0,10.0,0.0,1,400.0,401.0,10.0,0.0,1,400.0,400.0,10.0,0.0,1,400.0,402.0,10.0,0.0,1
2026-03-23 15:57:17,775.07,400.0,403.0,20.0,0.0,1,400.0,401.0,20.0,0.0,1,400.0,403.0,10.0,0.0,1,400.0,401.0,10.0,0.0,1,400.0,400.0,10.0,0.0,1,400.0,403.0,10.0,0.0,1
2026-03-23 15:57:18,775.83,400.0,403.0,20.0,0.0,1,400.0,401.0,20.0,0.0,1,400.0,402.0,10.0,0.0,1,400.0,401.0,10.0,0.0,1,400.0,400.0,10.0,0.0,1,400.0,402.0,10.0,0.0,1
2026-03-23 15:57:18,776.57,400.0,403.0,20.0,0.0,1,400.0,401.0,20.0,0.0,1,400.0,402.0,10.0,0.0,1,400.0,401.0,10.0,0.0,1,400.0,400.0,10.0,0.0,1,400.0,402.0,10.0,0.0,1
2026-03-23 15:57:19,777.32,400.0,402.0,20.0,0.0,1,400.0,401.0,20.0,0.0,1,400.0,403.0,10.0,0.0,1,400.0,401.0,10.0,0.0,1,400.0,400.0,10.0,0.0,1,400.0,403.0,10.0,0.0,1
2026-03-23 15:57:20,778.08,400.0,404.0,20.0,0.0,1,400.0,401.0,20.0,0.0,1,400.0,403.0,10.0,0.0,1,400.0,401.0,10.0,0.0,1,400.0,400.0,10.0,0.0,1,400.0,403.0,10.0,0.0,1
2026-03-23 15:57:21,778.88,400.0,402.0,20.0,0.0,1,400.0,402.0,20.0,0.0,1,400.0,402.0,10.0,0.0,1,400.0,401.0,10.0,0.0,1,400.0,401.0,10.0,0.0,1,400.0,403.0,10.0,0.0,1
2026-03-23 15:57:22,779.7,400.0,404.0,20.0,0.0,1,400.0,401.0,20.0,0.0,1,400.0,402.0,10.0,0.0,1,400.0,402.0,10.0,0.0,1,400.0,400.0,10.0,0.0,1,400.0,403.0,10.0,0.0,1
2026-03-23 15:57:22,780.56,400.0,404.0,20.0,0.0,1,400.0,401.0,20.0,0.0,1,400.0,402.0,10.0,0.0,1,400.0,402.0,10.0,0.0,1,400.0,402.0,10.0,0.0,1,400.0,403.0,10.0,0.0,1
2026-03-23 15:57:23,781.32,400.0,404.0,20.0,0.0,1,400.0,400.0,20.0,0.0,1,400.0,402.0,10.0,0.0,1,400.0,401.0,10.0,0.0,1,400.0,401.0,10.0,0.0,1,400.0,403.0,10.0,0.0,1
2026-03-23 15:57:24,782.08,400.0,403.0,20.0,0.0,1,400.0,401.0,20.0,0.0,1,400.0,402.0,10.0,0.0,1,400.0,403.0,10.0,0.0,1,400.0,401.0,10.0,0.0,1,400.0,403.0,10.0,0.0,1
2026-03-23 15:57:25,782.84,400.0,403.0,20.0,0.0,1,400.0,401.0,20.0,0.0,1,400.0,401.0,10.0,0.0,1,400.0,403.0,10.0,0.0,1,400.0,401.0,10.0,0.0,1,400.0,402.0,10.0,0.0,1
2026-03-23 15:57:26,783.71,400.0,403.0,20.0,0.0,1,400.0,400.0,20.0,0.0,1,400.0,402.0,10.0,0.0,1,400.0,401.0,10.0,0.0,1,400.0,401.0,10.0,0.0,1,400.0,402.0,10.0,0.0,1
2026-03-23 15:57:26,784.46,400.0,404.0,20.0,0.0,1,400.0,400.0,20.0,0.0,1,400.0,402.0,10.0,0.0,1,400.0,401.0,10.0,0.0,1,400.0,401.0,10.0,0.0,1,400.0,403.0,10.0,0.0,1
2026-03-23 15:57:27,785.25,400.0,402.0,20.0,0.0,1,400.0,400.0,20.0,0.0,1,400.0,402.0,10.0,0.0,1,400.0,403.0,10.0,0.0,1,400.0,401.0,10.0,0.0,1,400.0,402.0,10.0,0.0,1
2026-03-23 15:57:28,786.0,400.0,404.0,20.0,0.0,1,400.0,401.0,20.0,0.0,1,400.0,402.0,10.0,0.0,1,400.0,403.0,10.0,0.0,1,400.0,401.0,10.0,0.0,1,400.0,402.0,10.0,0.0,1
2026-03-23 15:57:29,786.76,400.0,403.0,20.0,0.0,1,400.0,401.0,20.0,0.0,1,400.0,402.0,10.0,0.0,1,400.0,403.0,10.0,0.0,1,400.0,401.0,10.0,0.0,1,400.0,403.0,10.0,0.0,1
2026-03-23 15:57:29,787.49,400.0,403.0,20.0,0.0,1,400.0,402.0,20.0,0.0,1,400.0,402.0,10.0,0.0,1,400.0,401.0,10.0,0.0,1,400.0,400.0,10.0,0.0,1,400.0,404.0,10.0,0.0,1
2026-03-23 15:57:30,788.27,400.0,402.0,20.0,0.0,1,400.0,401.0,20.0,0.0,1,400.0,402.0,10.0,0.0,1,400.0,401.0,10.0,0.0,1,400.0,402.0,10.0,0.0,1,400.0,403.0,10.0,0.0,1
2026-03-23 15:57:31,789.03,400.0,403.0,20.0,0.0,1,400.0,401.0,20.0,0.0,1,400.0,400.0,10.0,0.0,1,400.0,401.0,10.0,0.0,1,400.0,400.0,10.0,0.0,1,400.0,403.0,10.0,0.0,1
2026-03-23 15:57:32,789.79,400.0,403.0,20.0,0.0,1,400.0,401.0,20.0,0.0,1,400.0,401.0,10.0,0.0,1,400.0,401.0,10.0,0.0,1,400.0,400.0,10.0,0.0,1,400.0,403.0,10.0,0.0,1
2026-03-23 15:57:32,790.57,400.0,404.0,20.0,0.0,1,400.0,401.0,20.0,0.0,1,400.0,402.0,10.0,0.0,1,400.0,401.0,10.0,0.0,1,400.0,401.0,10.0,0.0,1,400.0,403.0,10.0,0.0,1
2026-03-23 15:57:33,791.33,400.0,401.0,20.0,0.0,1,400.0,400.0,20.0,0.0,1,400.0,402.0,10.0,0.0,1,400.0,400.0,10.0,0.0,1,400.0,401.0,10.0,0.0,1,400.0,404.0,10.0,0.0,1
2026-03-23 15:57:34,792.08,400.0,404.0,20.0,0.0,1,400.0,401.0,20.0,0.0,1,400.0,402.0,10.0,0.0,1,400.0,401.0,10.0,0.0,1,400.0,401.0,10.0,0.0,1,400.0,404.0,10.0,0.0,1
2026-03-23 15:57:35,792.82,400.0,404.0,20.0,0.0,1,400.0,401.0,20.0,0.0,1,400.0,402.0,10.0,0.0,1,400.0,400.0,10.0,0.0,1,400.0,401.0,10.0,0.0,1,400.0,403.0,10.0,0.0,1
2026-03-23 15:57:35,793.6,400.0,404.0,20.0,0.0,1,400.0,401.0,20.0,0.0,1,400.0,402.0,10.0,0.0,1,400.0,400.0,10.0,0.0,1,400.0,400.0,10.0,0.0,1,400.0,403.0,10.0,0.0,1
2026-03-23 15:57:36,794.36,400.0,404.0,20.0,0.0,1,400.0,401.0,20.0,0.0,1,400.0,402.0,10.0,0.0,1,400.0,402.0,10.0,0.0,1,400.0,402.0,10.0,0.0,1,400.0,404.0,10.0,0.0,1
2026-03-23 15:57:37,795.1,400.0,403.0,20.0,0.0,1,400.0,401.0,20.0,0.0,1,400.0,402.0,10.0,0.0,1,400.0,401.0,10.0,0.0,1,400.0,402.0,10.0,0.0,1,400.0,404.0,10.0,0.0,1
2026-03-23 15:57:38,795.87,400.0,402.0,20.0,0.0,1,400.0,400.0,20.0,0.0,1,400.0,403.0,10.0,0.0,1,400.0,401.0,10.0,0.0,1,400.0,400.0,10.0,0.0,1,400.0,402.0,10.0,0.0,1
2026-03-23 15:57:38,796.61,400.0,402.0,20.0,0.0,1,400.0,400.0,20.0,0.0,1,400.0,403.0,10.0,0.0,1,400.0,401.0,10.0,0.0,1,400.0,400.0,10.0,0.0,1,400.0,402.0,10.0,0.0,1
2026-03-23 15:57:39,797.33,400.0,403.0,20.0,0.0,1,400.0,401.0,20.0,0.0,1,400.0,402.0,10.0,0.0,1,400.0,403.0,10.0,0.0,1,400.0,400.0,10.0,0.0,1,400.0,402.0,10.0,0.0,1
2026-03-23 15:57:40,798.07,400.0,403.0,20.0,0.0,1,400.0,399.0,20.0,0.0,1,400.0,402.0,10.0,0.0,1,400.0,399.0,10.0,0.0,1,400.0,401.0,10.0,0.0,1,400.0,402.0,10.0,0.0,1
2026-03-23 15:57:41,798.83,400.0,402.0,20.0,0.0,1,400.0,400.0,20.0,0.0,1,400.0,403.0,10.0,0.0,1,400.0,401.0,10.0,0.0,1,400.0,402.0,10.0,0.0,1,400.0,403.0,10.0,0.0,1
2026-03-23 15:57:41,799.56,400.0,402.0,20.0,0.0,1,400.0,401.0,20.0,0.0,1,400.0,402.0,10.0,0.0,1,400.0,402.0,10.0,0.0,1,400.0,400.0,10.0,0.0,1,400.0,403.0,10.0,0.0,1
2026-03-23 15:57:42,800.31,400.0,403.0,20.0,0.0,1,400.0,401.0,20.0,0.0,1,400.0,401.0,10.0,0.0,1,400.0,401.0,10.0,0.0,1,400.0,400.0,10.0,0.0,1,400.0,403.0,10.0,0.0,1
2026-03-23 15:57:43,801.08,400.0,403.0,20.0,0.0,1,400.0,401.0,20.0,0.0,1,400.0,402.0,10.0,0.0,1,400.0,400.0,10.0,0.0,1,400.0,400.0,10.0,0.0,1,400.0,404.0,10.0,0.0,1
2026-03-23 15:57:44,801.85,400.0,402.0,20.0,0.0,1,400.0,401.0,20.0,0.0,1,400.0,402.0,10.0,0.0,1,400.0,402.0,10.0,0.0,1,400.0,400.0,10.0,0.0,1,400.0,404.0,10.0,0.0,1
2026-03-23 15:57:44,802.6,400.0,402.0,20.0,0.0,1,400.0,401.0,20.0,0.0,1,400.0,402.0,10.0,0.0,1,400.0,400.0,10.0,0.0,1,400.0,400.0,10.0,0.0,1,400.0,402.0,10.0,0.0,1
2026-03-23 15:57:45,803.36,400.0,403.0,20.0,0.0,1,400.0,400.0,20.0,0.0,1,400.0,402.0,10.0,0.0,1,400.0,402.0,10.0,0.0,1,400.0,400.0,10.0,0.0,1,400.0,403.0,10.0,0.0,1
2026-03-23 15:57:46,804.1,400.0,403.0,20.0,0.0,1,400.0,401.0,20.0,0.0,1,400.0,402.0,10.0,0.0,1,400.0,402.0,10.0,0.0,1,400.0,401.0,10.0,0.0,1,400.0,403.0,10.0,0.0,1
2026-03-23 15:57:47,804.84,400.0,401.0,20.0,0.0,1,400.0,401.0,20.0,0.0,1,400.0,402.0,10.0,0.0,1,400.0,402.0,10.0,0.0,1,400.0,401.0,10.0,0.0,1,400.0,403.0,10.0,0.0,1
2026-03-23 15:57:47,805.61,400.0,404.0,20.0,0.0,1,400.0,401.0,20.0,0.0,1,400.0,402.0,10.0,0.0,1,400.0,402.0,10.0,0.0,1,400.0,401.0,10.0,0.0,1,400.0,403.0,10.0,0.0,1
2026-03-23 15:57:48,806.37,400.0,403.0,20.0,0.0,1,400.0,401.0,20.0,0.0,1,400.0,402.0,10.0,0.0,1,400.0,402.0,10.0,0.0,1,400.0,400.0,10.0,0.0,1,400.0,403.0,10.0,0.0,1
2026-03-23 15:57:49,807.12,400.0,403.0,20.0,0.0,1,400.0,401.0,20.0,0.0,1,400.0,402.0,10.0,0.0,1,400.0,401.0,10.0,0.0,1,400.0,401.0,10.0,0.0,1,400.0,405.0,10.0,0.0,1
2026-03-23 15:57:50,807.91,400.0,403.0,20.0,0.0,1,400.0,401.0,20.0,0.0,1,400.0,402.0,10.0,0.0,1,400.0,401.0,10.0,0.0,1,400.0,401.0,10.0,0.0,1,400.0,405.0,10.0,0.0,1
2026-03-23 15:57:50,808.64,400.0,403.0,20.0,0.0,1,400.0,401.0,20.0,0.0,1,400.0,403.0,10.0,0.0,1,400.0,401.0,10.0,0.0,1,400.0,400.0,10.0,0.0,1,400.0,403.0,10.0,0.0,1
2026-03-23 15:57:51,809.38,400.0,403.0,20.0,0.0,1,400.0,401.0,20.0,0.0,1,400.0,402.0,10.0,0.0,1,400.0,402.0,10.0,0.0,1,400.0,400.0,10.0,0.0,1,400.0,403.0,10.0,0.0,1
2026-03-23 15:57:52,810.12,400.0,404.0,20.0,0.0,1,400.0,401.0,20.0,0.0,1,400.0,402.0,10.0,0.0,1,400.0,401.0,10.0,0.0,1,400.0,400.0,10.0,0.0,1,400.0,403.0,10.0,0.0,1
2026-03-23 15:57:53,810.87,400.0,404.0,20.0,0.0,1,400.0,401.0,20.0,0.0,1,400.0,402.0,10.0,0.0,1,400.0,401.0,10.0,0.0,1,400.0,399.0,10.0,0.0,1,400.0,402.0,10.0,0.0,1
2026-03-23 15:57:53,811.6,400.0,404.0,20.0,0.0,1,400.0,401.0,20.0,0.0,1,400.0,402.0,10.0,0.0,1,400.0,400.0,10.0,0.0,1,400.0,401.0,10.0,0.0,1,400.0,402.0,10.0,0.0,1
2026-03-23 15:57:54,812.35,400.0,403.0,20.0,0.0,1,400.0,401.0,20.0,0.0,1,400.0,402.0,10.0,0.0,1,400.0,399.0,10.0,0.0,1,400.0,401.0,10.0,0.0,1,400.0,403.0,10.0,0.0,1
2026-03-23 15:57:55,813.09,400.0,403.0,20.0,0.0,1,400.0,400.0,20.0,0.0,1,400.0,402.0,10.0,0.0,1,400.0,400.0,10.0,0.0,1,400.0,401.0,10.0,0.0,1,400.0,403.0,10.0,0.0,1
2026-03-23 15:57:56,813.82,400.0,401.0,20.0,0.0,1,400.0,400.0,20.0,0.0,1,400.0,402.0,10.0,0.0,1,400.0,400.0,10.0,0.0,1,400.0,401.0,10.0,0.0,1,400.0,403.0,10.0,0.0,1
2026-03-23 15:57:56,814.57,400.0,403.0,20.0,0.0,1,400.0,400.0,20.0,0.0,1,400.0,402.0,10.0,0.0,1,400.0,400.0,10.0,0.0,1,400.0,401.0,10.0,0.0,1,400.0,403.0,10.0,0.0,1
2026-03-23 15:57:57,815.31,400.0,403.0,20.0,0.0,1,400.0,401.0,20.0,0.0,1,400.0,402.0,10.0,0.0,1,400.0,401.0,10.0,0.0,1,400.0,401.0,10.0,0.0,1,400.0,403.0,10.0,0.0,1
2026-03-23 15:57:58,816.05,400.0,403.0,20.0,0.0,1,400.0,400.0,20.0,0.0,1,400.0,403.0,10.0,0.0,1,400.0,402.0,10.0,0.0,1,400.0,400.0,10.0,0.0,1,400.0,402.0,10.0,0.0,1
2026-03-23 15:57:59,816.81,400.0,403.0,20.0,0.0,1,400.0,401.0,20.0,0.0,1,400.0,403.0,10.0,0.0,1,400.0,400.0,10.0,0.0,1,400.0,400.0,10.0,0.0,1,400.0,403.0,10.0,0.0,1
2026-03-23 15:57:59,817.55,400.0,404.0,20.0,0.0,1,400.0,401.0,20.0,0.0,1,400.0,403.0,10.0,0.0,1,400.0,401.0,10.0,0.0,1,400.0,401.0,10.0,0.0,1,400.0,403.0,10.0,0.0,1
2026-03-23 15:58:00,818.32,400.0,404.0,20.0,0.0,1,400.0,400.0,20.0,0.0,1,400.0,403.0,10.0,0.0,1,400.0,401.0,10.0,0.0,1,400.0,402.0,10.0,0.0,1,400.0,403.0,10.0,0.0,1
2026-03-23 15:58:01,819.09,400.0,403.0,20.0,0.0,1,400.0,401.0,20.0,0.0,1,400.0,403.0,10.0,0.0,1,400.0,401.0,10.0,0.0,1,400.0,401.0,10.0,0.0,1,400.0,403.0,10.0,0.0,1
2026-03-23 15:58:02,819.85,400.0,403.0,20.0,0.0,1,400.0,401.0,20.0,0.0,1,400.0,403.0,10.0,0.0,1,400.0,400.0,10.0,0.0,1,400.0,401.0,10.0,0.0,1,400.0,403.0,10.0,0.0,1
2026-03-23 15:58:02,820.61,400.0,403.0,20.0,0.0,1,400.0,401.0,20.0,0.0,1,400.0,402.0,10.0,0.0,1,400.0,400.0,10.0,0.0,1,400.0,401.0,10.0,0.0,1,400.0,403.0,10.0,0.0,1
2026-03-23 15:58:03,821.37,400.0,403.0,20.0,0.0,1,400.0,401.0,20.0,0.0,1,400.0,402.0,10.0,0.0,1,400.0,402.0,10.0,0.0,1,400.0,400.0,10.0,0.0,1,400.0,403.0,10.0,0.0,1
2026-03-23 15:58:04,822.1,400.0,403.0,20.0,0.0,1,400.0,401.0,20.0,0.0,1,400.0,402.0,10.0,0.0,1,400.0,402.0,10.0,0.0,1,400.0,400.0,10.0,0.0,1,400.0,403.0,10.0,0.0,1
2026-03-23 15:58:05,822.84,400.0,403.0,20.0,0.0,1,400.0,401.0,20.0,0.0,1,400.0,402.0,10.0,0.0,1,400.0,401.0,10.0,0.0,1,400.0,401.0,10.0,0.0,1,400.0,403.0,10.0,0.0,1
2026-03-23 15:58:05,823.58,400.0,403.0,20.0,0.0,1,400.0,400.0,20.0,0.0,1,400.0,402.0,10.0,0.0,1,400.0,401.0,10.0,0.0,1,400.0,400.0,10.0,0.0,1,400.0,403.0,10.0,0.0,1
2026-03-23 15:58:06,824.34,400.0,403.0,20.0,0.0,1,400.0,400.0,20.0,0.0,1,400.0,402.0,10.0,0.0,1,400.0,401.0,10.0,0.0,1,400.0,400.0,10.0,0.0,1,400.0,403.0,10.0,0.0,1
2026-03-23 15:58:07,825.09,400.0,403.0,20.0,0.0,1,400.0,400.0,20.0,0.0,1,400.0,402.0,10.0,0.0,1,400.0,401.0,10.0,0.0,1,400.0,401.0,10.0,0.0,1,400.0,403.0,10.0,0.0,1
2026-03-23 15:58:08,825.88,400.0,405.0,20.0,0.0,1,400.0,400.0,20.0,0.0,1,400.0,402.0,10.0,0.0,1,400.0,401.0,10.0,0.0,1,400.0,400.0,10.0,0.0,1,400.0,403.0,10.0,0.0,1
2026-03-23 15:58:08,826.64,400.0,403.0,20.0,0.0,1,400.0,400.0,20.0,0.0,1,400.0,403.0,10.0,0.0,1,400.0,402.0,10.0,0.0,1,400.0,400.0,10.0,0.0,1,400.0,403.0,10.0,0.0,1
2026-03-23 15:58:09,827.43,400.0,403.0,20.0,0.0,1,400.0,400.0,20.0,0.0,1,400.0,402.0,10.0,0.0,1,400.0,402.0,10.0,0.0,1,400.0,401.0,10.0,0.0,1,400.0,403.0,10.0,0.0,1
2026-03-23 15:58:10,828.22,400.0,403.0,20.0,0.0,1,400.0,400.0,20.0,0.0,1,400.0,402.0,10.0,0.0,1,400.0,401.0,10.0,0.0,1,400.0,401.0,10.0,0.0,1,400.0,402.0,10.0,0.0,1
2026-03-23 15:58:11,829.0,400.0,403.0,20.0,0.0,1,400.0,400.0,20.0,0.0,1,400.0,402.0,10.0,0.0,1,400.0,401.0,10.0,0.0,1,400.0,400.0,10.0,0.0,1,400.0,402.0,10.0,0.0,1
2026-03-23 15:58:12,829.75,400.0,403.0,20.0,0.0,1,400.0,400.0,20.0,0.0,1,400.0,402.0,10.0,0.0,1,400.0,402.0,10.0,0.0,1,400.0,400.0,10.0,0.0,1,400.0,403.0,10.0,0.0,1
2026-03-23 15:58:12,830.54,400.0,403.0,20.0,0.0,1,400.0,401.0,20.0,0.0,1,400.0,403.0,10.0,0.0,1,400.0,401.0,10.0,0.0,1,400.0,401.0,10.0,0.0,1,400.0,403.0,10.0,0.0,1
2026-03-23 15:58:13,831.29,400.0,403.0,20.0,0.0,1,400.0,402.0,20.0,0.0,1,400.0,403.0,10.0,0.0,1,400.0,401.0,10.0,0.0,1,400.0,400.0,10.0,0.0,1,400.0,403.0,10.0,0.0,1
2026-03-23 15:58:14,832.06,400.0,403.0,20.0,0.0,1,400.0,400.0,20.0,0.0,1,400.0,403.0,10.0,0.0,1,400.0,401.0,10.0,0.0,1,400.0,401.0,10.0,0.0,1,400.0,403.0,10.0,0.0,1
2026-03-23 15:58:15,832.83,400.0,402.0,20.0,0.0,1,400.0,400.0,20.0,0.0,1,400.0,403.0,10.0,0.0,1,400.0,401.0,10.0,0.0,1,400.0,401.0,10.0,0.0,1,400.0,403.0,10.0,0.0,1
2026-03-23 15:58:15,833.59,400.0,404.0,20.0,0.0,1,400.0,402.0,20.0,0.0,1,400.0,401.0,10.0,0.0,1,400.0,402.0,10.0,0.0,1,400.0,401.0,10.0,0.0,1,400.0,403.0,10.0,0.0,1
2026-03-23 15:58:16,834.33,400.0,404.0,20.0,0.0,1,400.0,401.0,20.0,0.0,1,400.0,401.0,10.0,0.0,1,400.0,403.0,10.0,0.0,1,400.0,401.0,10.0,0.0,1,400.0,402.0,10.0,0.0,1
2026-03-23 15:58:17,835.11,400.0,402.0,20.0,0.0,1,400.0,401.0,20.0,0.0,1,400.0,401.0,10.0,0.0,1,400.0,402.0,10.0,0.0,1,400.0,401.0,10.0,0.0,1,400.0,403.0,10.0,0.0,1
2026-03-23 15:58:18,835.99,400.0,402.0,20.0,0.0,1,400.0,401.0,20.0,0.0,1,400.0,403.0,10.0,0.0,1,400.0,402.0,10.0,0.0,1,400.0,401.0,10.0,0.0,1,400.0,403.0,10.0,0.0,1
2026-03-23 15:58:19,836.85,400.0,403.0,20.0,0.0,1,400.0,400.0,20.0,0.0,1,400.0,403.0,10.0,0.0,1,400.0,402.0,10.0,0.0,1,400.0,401.0,10.0,0.0,1,400.0,403.0,10.0,0.0,1
2026-03-23 15:58:19,837.58,400.0,403.0,20.0,0.0,1,400.0,400.0,20.0,0.0,1,400.0,402.0,10.0,0.0,1,400.0,402.0,10.0,0.0,1,400.0,400.0,10.0,0.0,1,400.0,403.0,10.0,0.0,1
2026-03-23 15:58:20,838.35,400.0,403.0,20.0,0.0,1,400.0,400.0,20.0,0.0,1,400.0,402.0,10.0,0.0,1,400.0,402.0,10.0,0.0,1,400.0,400.0,10.0,0.0,1,400.0,403.0,10.0,0.0,1
2026-03-23 15:58:21,839.11,400.0,403.0,20.0,0.0,1,400.0,401.0,20.0,0.0,1,400.0,402.0,10.0,0.0,1,400.0,401.0,10.0,0.0,1,400.0,400.0,10.0,0.0,1,400.0,403.0,10.0,0.0,1
2026-03-23 15:58:22,839.86,400.0,403.0,20.0,0.0,1,400.0,401.0,20.0,0.0,1,400.0,402.0,10.0,0.0,1,400.0,402.0,10.0,0.0,1,400.0,400.0,10.0,0.0,1,400.0,403.0,10.0,0.0,1
2026-03-23 15:58:22,840.61,400.0,403.0,20.0,0.0,1,400.0,401.0,20.0,0.0,1,400.0,401.0,10.0,0.0,1,400.0,402.0,10.0,0.0,1,400.0,401.0,10.0,0.0,1,400.0,403.0,10.0,0.0,1
2026-03-23 15:58:23,841.36,400.0,403.0,20.0,0.0,1,400.0,401.0,20.0,0.0,1,400.0,402.0,10.0,0.0,1,400.0,401.0,10.0,0.0,1,400.0,401.0,10.0,0.0,1,400.0,403.0,10.0,0.0,1
2026-03-23 15:58:24,842.1,400.0,403.0,20.0,0.0,1,400.0,401.0,20.0,0.0,1,400.0,402.0,10.0,0.0,1,400.0,401.0,10.0,0.0,1,400.0,401.0,10.0,0.0,1,400.0,403.0,10.0,0.0,1
2026-03-23 15:58:25,842.84,400.0,404.0,20.0,0.0,1,400.0,401.0,20.0,0.0,1,400.0,402.0,10.0,0.0,1,400.0,401.0,10.0,0.0,1,400.0,401.0,10.0,0.0,1,400.0,403.0,10.0,0.0,1
2026-03-23 15:58:25,843.58,400.0,402.0,20.0,0.0,1,400.0,401.0,20.0,0.0,1,400.0,402.0,10.0,0.0,1,400.0,401.0,10.0,0.0,1,400.0,402.0,10.0,0.0,1,400.0,403.0,10.0,0.0,1
2026-03-23 15:58:26,844.33,400.0,402.0,20.0,0.0,1,400.0,401.0,20.0,0.0,1,400.0,402.0,10.0,0.0,1,400.0,401.0,10.0,0.0,1,400.0,400.0,10.0,0.0,1,400.0,403.0,10.0,0.0,1
2026-03-23 15:58:27,845.09,400.0,403.0,20.0,0.0,1,400.0,401.0,20.0,0.0,1,400.0,402.0,10.0,0.0,1,400.0,401.0,10.0,0.0,1,400.0,401.0,10.0,0.0,1,400.0,403.0,10.0,0.0,1
2026-03-23 15:58:28,845.82,400.0,403.0,20.0,0.0,1,400.0,401.0,20.0,0.0,1,400.0,402.0,10.0,0.0,1,400.0,400.0,10.0,0.0,1,400.0,402.0,10.0,0.0,1,400.0,403.0,10.0,0.0,1
2026-03-23 15:58:28,846.56,400.0,403.0,20.0,0.0,1,400.0,400.0,20.0,0.0,1,400.0,403.0,10.0,0.0,1,400.0,400.0,10.0,0.0,1,400.0,401.0,10.0,0.0,1,400.0,403.0,10.0,0.0,1
2026-03-23 15:58:29,847.31,400.0,403.0,20.0,0.0,1,400.0,402.0,20.0,0.0,1,400.0,402.0,10.0,0.0,1,400.0,401.0,10.0,0.0,1,400.0,401.0,10.0,0.0,1,400.0,403.0,10.0,0.0,1
2026-03-23 15:58:30,848.06,400.0,404.0,20.0,0.0,1,400.0,400.0,20.0,0.0,1,400.0,402.0,10.0,0.0,1,400.0,401.0,10.0,0.0,1,400.0,401.0,10.0,0.0,1,400.0,404.0,10.0,0.0,1
2026-03-23 15:58:31,848.81,400.0,402.0,20.0,0.0,1,400.0,400.0,20.0,0.0,1,400.0,402.0,10.0,0.0,1,400.0,400.0,10.0,0.0,1,400.0,400.0,10.0,0.0,1,400.0,403.0,10.0,0.0,1
2026-03-23 15:58:31,849.55,400.0,404.0,20.0,0.0,1,400.0,400.0,20.0,0.0,1,400.0,402.0,10.0,0.0,1,400.0,402.0,10.0,0.0,1,400.0,400.0,10.0,0.0,1,400.0,403.0,10.0,0.0,1
2026-03-23 15:58:32,850.3,400.0,404.0,20.0,0.0,1,400.0,402.0,20.0,0.0,1,400.0,402.0,10.0,0.0,1,400.0,402.0,10.0,0.0,1,400.0,400.0,10.0,0.0,1,400.0,403.0,10.0,0.0,1
2026-03-23 15:58:33,851.04,400.0,404.0,20.0,0.0,1,400.0,401.0,20.0,0.0,1,400.0,402.0,10.0,0.0,1,400.0,401.0,10.0,0.0,1,400.0,400.0,10.0,0.0,1,400.0,403.0,10.0,0.0,1
2026-03-23 15:58:34,851.81,400.0,403.0,20.0,0.0,1,400.0,400.0,20.0,0.0,1,400.0,402.0,10.0,0.0,1,400.0,401.0,10.0,0.0,1,400.0,400.0,10.0,0.0,1,400.0,403.0,10.0,0.0,1
2026-03-23 15:58:34,852.6,400.0,401.0,20.0,0.0,1,400.0,400.0,20.0,0.0,1,400.0,402.0,10.0,0.0,1,400.0,401.0,10.0,0.0,1,400.0,401.0,10.0,0.0,1,400.0,403.0,10.0,0.0,1
2026-03-23 15:58:35,853.35,400.0,401.0,20.0,0.0,1,400.0,400.0,20.0,0.0,1,400.0,403.0,10.0,0.0,1,400.0,401.0,10.0,0.0,1,400.0,401.0,10.0,0.0,1,400.0,403.0,10.0,0.0,1
2026-03-23 15:58:36,854.1,400.0,403.0,20.0,0.0,1,400.0,400.0,20.0,0.0,1,400.0,402.0,10.0,0.0,1,400.0,401.0,10.0,0.0,1,400.0,401.0,10.0,0.0,1,400.0,403.0,10.0,0.0,1
2026-03-23 15:58:37,854.85,400.0,402.0,20.0,0.0,1,400.0,400.0,20.0,0.0,1,400.0,402.0,10.0,0.0,1,400.0,399.0,10.0,0.0,1,400.0,401.0,10.0,0.0,1,400.0,403.0,10.0,0.0,1
2026-03-23 15:58:37,855.61,400.0,403.0,20.0,0.0,1,400.0,400.0,20.0,0.0,1,400.0,402.0,10.0,0.0,1,400.0,401.0,10.0,0.0,1,400.0,402.0,10.0,0.0,1,400.0,403.0,10.0,0.0,1
2026-03-23 15:58:38,856.36,400.0,405.0,20.0,0.0,1,400.0,400.0,20.0,0.0,1,400.0,402.0,10.0,0.0,1,400.0,401.0,10.0,0.0,1,400.0,402.0,10.0,0.0,1,400.0,403.0,10.0,0.0,1
2026-03-23 15:58:39,857.12,400.0,404.0,20.0,0.0,1,400.0,400.0,20.0,0.0,1,400.0,402.0,10.0,0.0,1,400.0,402.0,10.0,0.0,1,400.0,402.0,10.0,0.0,1,400.0,403.0,10.0,0.0,1
2026-03-23 15:58:40,857.95,400.0,405.0,20.0,0.0,1,400.0,400.0,20.0,0.0,1,400.0,402.0,10.0,0.0,1,400.0,402.0,10.0,0.0,1,400.0,401.0,10.0,0.0,1,400.0,403.0,10.0,0.0,1
2026-03-23 15:58:41,858.76,400.0,404.0,20.0,0.0,1,400.0,401.0,20.0,0.0,1,400.0,403.0,10.0,0.0,1,400.0,401.0,10.0,0.0,1,400.0,401.0,10.0,0.0,1,400.0,403.0,10.0,0.0,1
2026-03-23 15:58:41,859.54,400.0,404.0,20.0,0.0,1,400.0,400.0,20.0,0.0,1,400.0,402.0,10.0,0.0,1,400.0,401.0,10.0,0.0,1,400.0,400.0,10.0,0.0,1,400.0,403.0,10.0,0.0,1
2026-03-23 15:58:42,860.34,400.0,404.0,20.0,0.0,1,400.0,401.0,20.0,0.0,1,400.0,402.0,10.0,0.0,1,400.0,401.0,10.0,0.0,1,400.0,403.0,10.0,0.0,1,400.0,403.0,10.0,0.0,1
2026-03-23 15:58:43,861.16,400.0,401.0,20.0,0.0,1,400.0,401.0,20.0,0.0,1,400.0,402.0,10.0,0.0,1,400.0,401.0,10.0,0.0,1,400.0,402.0,10.0,0.0,1,400.0,403.0,10.0,0.0,1
2026-03-23 15:58:44,861.89,400.0,403.0,20.0,0.0,1,400.0,401.0,20.0,0.0,1,400.0,402.0,10.0,0.0,1,400.0,400.0,10.0,0.0,1,400.0,402.0,10.0,0.0,1,400.0,402.0,10.0,0.0,1
2026-03-23 15:58:44,862.64,400.0,402.0,20.0,0.0,1,400.0,401.0,20.0,0.0,1,400.0,402.0,10.0,0.0,1,400.0,401.0,10.0,0.0,1,400.0,402.0,10.0,0.0,1,400.0,403.0,10.0,0.0,1
2026-03-23 15:58:45,863.42,400.0,402.0,20.0,0.0,1,400.0,401.0,20.0,0.0,1,400.0,401.0,10.0,0.0,1,400.0,401.0,10.0,0.0,1,400.0,401.0,10.0,0.0,1,400.0,403.0,10.0,0.0,1
2026-03-23 15:58:46,864.18,400.0,402.0,20.0,0.0,1,400.0,401.0,20.0,0.0,1,400.0,402.0,10.0,0.0,1,400.0,401.0,10.0,0.0,1,400.0,400.0,10.0,0.0,1,400.0,403.0,10.0,0.0,1
2026-03-23 15:58:47,864.99,400.0,404.0,20.0,0.0,1,400.0,400.0,20.0,0.0,1,400.0,401.0,10.0,0.0,1,400.0,401.0,10.0,0.0,1,400.0,402.0,10.0,0.0,1,400.0,403.0,10.0,0.0,1
2026-03-23 15:58:48,865.81,400.0,404.0,20.0,0.0,1,400.0,401.0,20.0,0.0,1,400.0,403.0,10.0,0.0,1,400.0,402.0,10.0,0.0,1,400.0,402.0,10.0,0.0,1,400.0,401.0,10.0,0.0,1
2026-03-23 15:58:48,866.62,400.0,403.0,20.0,0.0,1,400.0,400.0,20.0,0.0,1,400.0,402.0,10.0,0.0,1,400.0,402.0,10.0,0.0,1,400.0,400.0,10.0,0.0,1,400.0,401.0,10.0,0.0,1
2026-03-23 15:58:49,867.43,400.0,402.0,20.0,0.0,1,400.0,402.0,20.0,0.0,1,400.0,402.0,10.0,0.0,1,400.0,402.0,10.0,0.0,1,400.0,400.0,10.0,0.0,1,400.0,403.0,10.0,0.0,1
2026-03-23 15:58:50,868.21,400.0,403.0,20.0,0.0,1,400.0,401.0,20.0,0.0,1,400.0,402.0,10.0,0.0,1,400.0,401.0,10.0,0.0,1,400.0,400.0,10.0,0.0,1,400.0,403.0,10.0,0.0,1
2026-03-23 15:58:51,869.04,400.0,403.0,20.0,0.0,1,400.0,401.0,20.0,0.0,1,400.0,402.0,10.0,0.0,1,400.0,400.0,10.0,0.0,1,400.0,401.0,10.0,0.0,1,400.0,403.0,10.0,0.0,1
2026-03-23 15:58:52,869.85,400.0,402.0,20.0,0.0,1,400.0,401.0,20.0,0.0,1,400.0,402.0,10.0,0.0,1,400.0,401.0,10.0,0.0,1,400.0,401.0,10.0,0.0,1,400.0,403.0,10.0,0.0,1
2026-03-23 15:58:52,870.62,400.0,403.0,20.0,0.0,1,400.0,401.0,20.0,0.0,1,400.0,402.0,10.0,0.0,1,400.0,402.0,10.0,0.0,1,400.0,400.0,10.0,0.0,1,400.0,403.0,10.0,0.0,1
2026-03-23 15:58:53,871.37,400.0,403.0,20.0,0.0,1,400.0,401.0,20.0,0.0,1,400.0,402.0,10.0,0.0,1,400.0,403.0,10.0,0.0,1,400.0,400.0,10.0,0.0,1,400.0,403.0,10.0,0.0,1
2026-03-23 15:58:54,872.15,400.0,403.0,20.0,0.0,1,400.0,401.0,20.0,0.0,1,400.0,402.0,10.0,0.0,1,400.0,400.0,10.0,0.0,1,400.0,401.0,10.0,0.0,1,400.0,403.0,10.0,0.0,1
2026-03-23 15:58:55,872.92,400.0,404.0,20.0,0.0,1,400.0,401.0,20.0,0.0,1,400.0,402.0,10.0,0.0,1,400.0,400.0,10.0,0.0,1,400.0,401.0,10.0,0.0,1,400.0,403.0,10.0,0.0,1
2026-03-23 15:58:56,873.72,400.0,403.0,20.0,0.0,1,400.0,401.0,20.0,0.0,1,400.0,402.0,10.0,0.0,1,400.0,401.0,10.0,0.0,1,400.0,401.0,10.0,0.0,1,400.0,403.0,10.0,0.0,1
2026-03-23 15:58:56,874.5,400.0,403.0,20.0,0.0,1,400.0,400.0,20.0,0.0,1,400.0,402.0,10.0,0.0,1,400.0,401.0,10.0,0.0,1,400.0,402.0,10.0,0.0,1,400.0,403.0,10.0,0.0,1
2026-03-23 15:58:57,875.29,400.0,402.0,20.0,0.0,1,400.0,400.0,20.0,0.0,1,400.0,403.0,10.0,0.0,1,400.0,401.0,10.0,0.0,1,400.0,401.0,10.0,0.0,1,400.0,403.0,10.0,0.0,1
2026-03-23 15:58:58,876.08,400.0,404.0,20.0,0.0,1,400.0,401.0,20.0,0.0,1,400.0,403.0,10.0,0.0,1,400.0,402.0,10.0,0.0,1,400.0,400.0,10.0,0.0,1,400.0,403.0,10.0,0.0,1
2026-03-23 15:58:59,876.9,400.0,403.0,20.0,0.0,1,400.0,401.0,20.0,0.0,1,400.0,403.0,10.0,0.0,1,400.0,402.0,10.0,0.0,1,400.0,402.0,10.0,0.0,1,400.0,404.0,10.0,0.0,1
2026-03-23 15:59:00,877.7,400.0,402.0,20.0,0.0,1,400.0,401.0,20.0,0.0,1,400.0,402.0,10.0,0.0,1,400.0,402.0,10.0,0.0,1,400.0,402.0,10.0,0.0,1,400.0,403.0,10.0,0.0,1
2026-03-23 15:59:00,878.47,400.0,403.0,20.0,0.0,1,400.0,401.0,20.0,0.0,1,400.0,403.0,10.0,0.0,1,400.0,401.0,10.0,0.0,1,400.0,401.0,10.0,0.0,1,400.0,403.0,10.0,0.0,1
2026-03-23 15:59:01,879.3,400.0,403.0,20.0,0.0,1,400.0,401.0,20.0,0.0,1,400.0,403.0,10.0,0.0,1,400.0,401.0,10.0,0.0,1,400.0,400.0,10.0,0.0,1,400.0,404.0,10.0,0.0,1
2026-03-23 15:59:02,880.08,400.0,404.0,20.0,0.0,1,400.0,401.0,20.0,0.0,1,400.0,402.0,10.0,0.0,1,400.0,401.0,10.0,0.0,1,400.0,400.0,10.0,0.0,1,400.0,404.0,10.0,0.0,1
2026-03-23 15:59:03,880.88,400.0,404.0,20.0,0.0,1,400.0,400.0,20.0,0.0,1,400.0,403.0,10.0,0.0,1,400.0,401.0,10.0,0.0,1,400.0,399.0,10.0,0.0,1,400.0,404.0,10.0,0.0,1
2026-03-23 15:59:03,881.64,400.0,404.0,20.0,0.0,1,400.0,400.0,20.0,0.0,1,400.0,403.0,10.0,0.0,1,400.0,401.0,10.0,0.0,1,400.0,400.0,10.0,0.0,1,400.0,403.0,10.0,0.0,1
2026-03-23 15:59:04,882.43,400.0,403.0,20.0,0.0,1,400.0,401.0,20.0,0.0,1,400.0,403.0,10.0,0.0,1,400.0,401.0,10.0,0.0,1,400.0,402.0,10.0,0.0,1,400.0,404.0,10.0,0.0,1
2026-03-23 15:59:05,883.21,400.0,403.0,20.0,0.0,1,400.0,401.0,20.0,0.0,1,400.0,403.0,10.0,0.0,1,400.0,401.0,10.0,0.0,1,400.0,402.0,10.0,0.0,1,400.0,403.0,10.0,0.0,1
2026-03-23 15:59:06,884.0,400.0,403.0,20.0,0.0,1,400.0,401.0,20.0,0.0,1,400.0,403.0,10.0,0.0,1,400.0,402.0,10.0,0.0,1,400.0,402.0,10.0,0.0,1,400.0,403.0,10.0,0.0,1
2026-03-23 15:59:07,884.77,400.0,404.0,20.0,0.0,1,400.0,401.0,20.0,0.0,1,400.0,402.0,10.0,0.0,1,400.0,402.0,10.0,0.0,1,400.0,401.0,10.0,0.0,1,400.0,402.0,10.0,0.0,1
2026-03-23 15:59:07,885.56,400.0,402.0,20.0,0.0,1,400.0,401.0,20.0,0.0,1,400.0,403.0,10.0,0.0,1,400.0,400.0,10.0,0.0,1,400.0,400.0,10.0,0.0,1,400.0,402.0,10.0,0.0,1
2026-03-23 15:59:08,886.36,400.0,402.0,20.0,0.0,1,400.0,401.0,20.0,0.0,1,400.0,401.0,10.0,0.0,1,400.0,401.0,10.0,0.0,1,400.0,400.0,10.0,0.0,1,400.0,401.0,10.0,0.0,1
2026-03-23 15:59:09,887.14,400.0,403.0,20.0,0.0,1,400.0,401.0,20.0,0.0,1,400.0,402.0,10.0,0.0,1,400.0,401.0,10.0,0.0,1,400.0,400.0,10.0,0.0,1,400.0,401.0,10.0,0.0,1
2026-03-23 15:59:10,887.94,400.0,403.0,20.0,0.0,1,400.0,401.0,20.0,0.0,1,400.0,402.0,10.0,0.0,1,400.0,401.0,10.0,0.0,1,400.0,400.0,10.0,0.0,1,400.0,403.0,10.0,0.0,1
2026-03-23 15:59:11,888.8,400.0,402.0,20.0,0.0,1,400.0,401.0,20.0,0.0,1,400.0,402.0,10.0,0.0,1,400.0,402.0,10.0,0.0,1,400.0,401.0,10.0,0.0,1,400.0,403.0,10.0,0.0,1
2026-03-23 15:59:11,889.56,400.0,403.0,20.0,0.0,1,400.0,401.0,20.0,0.0,1,400.0,402.0,10.0,0.0,1,400.0,402.0,10.0,0.0,1,400.0,400.0,10.0,0.0,1,400.0,403.0,10.0,0.0,1
2026-03-23 15:59:12,890.43,400.0,403.0,20.0,0.0,1,400.0,401.0,20.0,0.0,1,400.0,402.0,10.0,0.0,1,400.0,401.0,10.0,0.0,1,400.0,400.0,10.0,0.0,1,400.0,404.0,10.0,0.0,1
2026-03-23 15:59:13,891.24,400.0,427.0,20.0,0.0,1,400.0,401.0,20.0,0.0,1,400.0,402.0,10.0,0.0,1,400.0,401.0,10.0,0.0,1,400.0,401.0,10.0,0.0,1,400.0,404.0,10.0,0.0,1
2026-03-23 15:59:14,892.04,400.0,387.0,20.0,0.0,1,400.0,401.0,20.0,0.0,1,400.0,402.0,10.0,0.0,1,400.0,401.0,10.0,0.0,1,400.0,402.0,10.0,0.0,1,400.0,404.0,10.0,0.0,1
2026-03-23 15:59:15,892.81,400.0,403.0,20.0,0.0,1,400.0,401.0,20.0,0.0,1,400.0,402.0,10.0,0.0,1,400.0,401.0,10.0,0.0,1,400.0,400.0,10.0,0.0,1,400.0,402.0,10.0,0.0,1
2026-03-23 15:59:15,893.6,400.0,403.0,20.0,0.0,1,400.0,401.0,20.0,0.0,1,400.0,402.0,10.0,0.0,1,400.0,401.0,10.0,0.0,1,400.0,401.0,10.0,0.0,1,400.0,403.0,10.0,0.0,1
2026-03-23 15:59:16,894.38,400.0,402.0,20.0,0.0,1,400.0,402.0,20.0,0.0,1,400.0,402.0,10.0,0.0,1,400.0,401.0,10.0,0.0,1,400.0,401.0,10.0,0.0,1,400.0,403.0,10.0,0.0,1
2026-03-23 15:59:17,895.14,400.0,403.0,20.0,0.0,1,400.0,400.0,20.0,0.0,1,400.0,402.0,10.0,0.0,1,400.0,401.0,10.0,0.0,1,400.0,401.0,10.0,0.0,1,400.0,403.0,10.0,0.0,1
2026-03-23 15:59:18,896.02,400.0,403.0,20.0,0.0,1,400.0,401.0,20.0,0.0,1,400.0,403.0,10.0,0.0,1,400.0,401.0,10.0,0.0,1,400.0,401.0,10.0,0.0,1,400.0,402.0,10.0,0.0,1
2026-03-23 15:59:19,896.75,400.0,403.0,20.0,0.0,1,400.0,401.0,20.0,0.0,1,400.0,401.0,10.0,0.0,1,400.0,401.0,10.0,0.0,1,400.0,401.0,10.0,0.0,1,400.0,402.0,10.0,0.0,1
2026-03-23 15:59:19,897.53,400.0,403.0,20.0,0.0,1,400.0,401.0,20.0,0.0,1,400.0,402.0,10.0,0.0,1,400.0,402.0,10.0,0.0,1,400.0,400.0,10.0,0.0,1,400.0,404.0,10.0,0.0,1
2026-03-23 15:59:20,898.3,400.0,403.0,20.0,0.0,1,400.0,401.0,20.0,0.0,1,400.0,402.0,10.0,0.0,1,400.0,400.0,10.0,0.0,1,400.0,401.0,10.0,0.0,1,400.0,404.0,10.0,0.0,1
2026-03-23 15:59:21,899.06,400.0,403.0,20.0,0.0,1,400.0,401.0,20.0,0.0,1,400.0,402.0,10.0,0.0,1,400.0,400.0,10.0,0.0,1,400.0,402.0,10.0,0.0,1,400.0,404.0,10.0,0.0,1
2026-03-23 15:59:22,899.81,400.0,402.0,20.0,0.0,1,400.0,401.0,20.0,0.0,1,400.0,403.0,10.0,0.0,1,400.0,400.0,10.0,0.0,1,400.0,400.0,10.0,0.0,1,400.0,404.0,10.0,0.0,1
2026-03-23 15:59:22,900.56,400.0,403.0,20.0,0.0,1,400.0,401.0,20.0,0.0,1,400.0,403.0,10.0,0.0,1,400.0,402.0,10.0,0.0,1,400.0,400.0,10.0,0.0,1,400.0,404.0,10.0,0.0,1
2026-03-23 15:59:23,901.32,400.0,403.0,20.0,0.0,1,400.0,401.0,20.0,0.0,1,400.0,403.0,10.0,0.0,1,400.0,402.0,10.0,0.0,1,400.0,400.0,10.0,0.0,1,400.0,404.0,10.0,0.0,1
2026-03-23 15:59:24,902.1,400.0,403.0,20.0,0.0,1,400.0,401.0,20.0,0.0,1,400.0,403.0,10.0,0.0,1,400.0,401.0,10.0,0.0,1,400.0,400.0,10.0,0.0,1,400.0,404.0,10.0,0.0,1
2026-03-23 15:59:25,902.86,400.0,403.0,20.0,0.0,1,400.0,401.0,20.0,0.0,1,400.0,403.0,10.0,0.0,1,400.0,400.0,10.0,0.0,1,400.0,400.0,10.0,0.0,1,400.0,403.0,10.0,0.0,1
2026-03-23 15:59:25,903.62,400.0,403.0,20.0,0.0,1,400.0,400.0,20.0,0.0,1,400.0,402.0,10.0,0.0,1,400.0,400.0,10.0,0.0,1,400.0,399.0,10.0,0.0,1,400.0,403.0,10.0,0.0,1
2026-03-23 15:59:26,904.36,400.0,403.0,20.0,0.0,1,400.0,400.0,20.0,0.0,1,400.0,402.0,10.0,0.0,1,400.0,399.0,10.0,0.0,1,400.0,401.0,10.0,0.0,1,400.0,404.0,10.0,0.0,1
2026-03-23 15:59:27,905.11,400.0,403.0,20.0,0.0,1,400.0,400.0,20.0,0.0,1,400.0,402.0,10.0,0.0,1,400.0,400.0,10.0,0.0,1,400.0,401.0,10.0,0.0,1,400.0,404.0,10.0,0.0,1
2026-03-23 15:59:28,905.89,400.0,402.0,20.0,0.0,1,400.0,400.0,20.0,0.0,1,400.0,402.0,10.0,0.0,1,400.0,402.0,10.0,0.0,1,400.0,401.0,10.0,0.0,1,400.0,404.0,10.0,0.0,1
2026-03-23 15:59:28,906.64,400.0,402.0,20.0,0.0,1,400.0,400.0,20.0,0.0,1,400.0,402.0,10.0,0.0,1,400.0,401.0,10.0,0.0,1,400.0,400.0,10.0,0.0,1,400.0,403.0,10.0,0.0,1
2026-03-23 15:59:29,907.39,400.0,402.0,20.0,0.0,1,400.0,400.0,20.0,0.0,1,400.0,402.0,10.0,0.0,1,400.0,402.0,10.0,0.0,1,400.0,401.0,10.0,0.0,1,400.0,403.0,10.0,0.0,1
2026-03-23 15:59:30,908.13,400.0,404.0,20.0,0.0,1,400.0,401.0,20.0,0.0,1,400.0,402.0,10.0,0.0,1,400.0,402.0,10.0,0.0,1,400.0,401.0,10.0,0.0,1,400.0,403.0,10.0,0.0,1
2026-03-23 15:59:31,908.89,400.0,404.0,20.0,0.0,1,400.0,401.0,20.0,0.0,1,400.0,402.0,10.0,0.0,1,400.0,402.0,10.0,0.0,1,400.0,401.0,10.0,0.0,1,400.0,403.0,10.0,0.0,1
2026-03-23 15:59:31,909.65,400.0,403.0,20.0,0.0,1,400.0,400.0,20.0,0.0,1,400.0,401.0,10.0,0.0,1,400.0,403.0,10.0,0.0,1,400.0,400.0,10.0,0.0,1,400.0,402.0,10.0,0.0,1
2026-03-23 15:59:32,910.4,400.0,403.0,20.0,0.0,1,400.0,400.0,20.0,0.0,1,400.0,402.0,10.0,0.0,1,400.0,402.0,10.0,0.0,1,400.0,400.0,10.0,0.0,1,400.0,403.0,10.0,0.0,1
2026-03-23 15:59:33,911.14,400.0,403.0,20.0,0.0,1,400.0,400.0,20.0,0.0,1,400.0,402.0,10.0,0.0,1,400.0,402.0,10.0,0.0,1,400.0,400.0,10.0,0.0,1,400.0,403.0,10.0,0.0,1
2026-03-23 15:59:34,911.89,400.0,403.0,20.0,0.0,1,400.0,401.0,20.0,0.0,1,400.0,402.0,10.0,0.0,1,400.0,402.0,10.0,0.0,1,400.0,400.0,10.0,0.0,1,400.0,403.0,10.0,0.0,1
2026-03-23 15:59:34,912.65,400.0,402.0,20.0,0.0,1,400.0,401.0,20.0,0.0,1,400.0,402.0,10.0,0.0,1,400.0,402.0,10.0,0.0,1,400.0,400.0,10.0,0.0,1,400.0,403.0,10.0,0.0,1
2026-03-23 15:59:35,913.41,400.0,402.0,20.0,0.0,1,400.0,401.0,20.0,0.0,1,400.0,402.0,10.0,0.0,1,400.0,402.0,10.0,0.0,1,400.0,400.0,10.0,0.0,1,400.0,403.0,10.0,0.0,1
2026-03-23 15:59:36,914.14,400.0,401.0,20.0,0.0,1,400.0,401.0,20.0,0.0,1,400.0,402.0,10.0,0.0,1,400.0,401.0,10.0,0.0,1,400.0,400.0,10.0,0.0,1,400.0,403.0,10.0,0.0,1
2026-03-23 15:59:37,914.88,400.0,404.0,20.0,0.0,1,400.0,401.0,20.0,0.0,1,400.0,401.0,10.0,0.0,1,400.0,401.0,10.0,0.0,1,400.0,402.0,10.0,0.0,1,400.0,403.0,10.0,0.0,1
2026-03-23 15:59:37,915.63,400.0,402.0,20.0,0.0,1,400.0,401.0,20.0,0.0,1,400.0,402.0,10.0,0.0,1,400.0,401.0,10.0,0.0,1,400.0,401.0,10.0,0.0,1,400.0,403.0,10.0,0.0,1
2026-03-23 15:59:38,916.37,400.0,403.0,20.0,0.0,1,400.0,401.0,20.0,0.0,1,400.0,402.0,10.0,0.0,1,400.0,402.0,10.0,0.0,1,400.0,400.0,10.0,0.0,1,400.0,403.0,10.0,0.0,1
2026-03-23 15:59:39,917.1,400.0,403.0,20.0,0.0,1,400.0,401.0,20.0,0.0,1,400.0,402.0,10.0,0.0,1,400.0,402.0,10.0,0.0,1,400.0,400.0,10.0,0.0,1,400.0,402.0,10.0,0.0,1
2026-03-23 15:59:40,917.87,400.0,403.0,20.0,0.0,1,400.0,401.0,20.0,0.0,1,400.0,402.0,10.0,0.0,1,400.0,401.0,10.0,0.0,1,400.0,400.0,10.0,0.0,1,400.0,403.0,10.0,0.0,1
2026-03-23 15:59:40,918.6,400.0,404.0,20.0,0.0,1,400.0,401.0,20.0,0.0,1,400.0,402.0,10.0,0.0,1,400.0,402.0,10.0,0.0,1,400.0,400.0,10.0,0.0,1,400.0,403.0,10.0,0.0,1
2026-03-23 15:59:41,919.36,400.0,403.0,20.0,0.0,1,400.0,400.0,20.0,0.0,1,400.0,402.0,10.0,0.0,1,400.0,402.0,10.0,0.0,1,400.0,400.0,10.0,0.0,1,400.0,403.0,10.0,0.0,1
2026-03-23 15:59:42,920.11,400.0,403.0,20.0,0.0,1,400.0,400.0,20.0,0.0,1,400.0,403.0,10.0,0.0,1,400.0,401.0,10.0,0.0,1,400.0,401.0,10.0,0.0,1,400.0,403.0,10.0,0.0,1
2026-03-23 15:59:43,920.88,400.0,403.0,20.0,0.0,1,400.0,400.0,20.0,0.0,1,400.0,402.0,10.0,0.0,1,400.0,402.0,10.0,0.0,1,400.0,400.0,10.0,0.0,1,400.0,403.0,10.0,0.0,1
2026-03-23 15:59:43,921.62,400.0,402.0,20.0,0.0,1,400.0,401.0,20.0,0.0,1,400.0,402.0,10.0,0.0,1,400.0,401.0,10.0,0.0,1,400.0,400.0,10.0,0.0,1,400.0,402.0,10.0,0.0,1
2026-03-23 15:59:44,922.37,400.0,403.0,20.0,0.0,1,400.0,401.0,20.0,0.0,1,400.0,402.0,10.0,0.0,1,400.0,401.0,10.0,0.0,1,400.0,400.0,10.0,0.0,1,400.0,404.0,10.0,0.0,1
2026-03-23 15:59:45,923.14,400.0,403.0,20.0,0.0,1,400.0,401.0,20.0,0.0,1,400.0,402.0,10.0,0.0,1,400.0,400.0,10.0,0.0,1,400.0,400.0,10.0,0.0,1,400.0,402.0,10.0,0.0,1
2026-03-23 15:59:46,923.93,400.0,403.0,20.0,0.0,1,400.0,401.0,20.0,0.0,1,400.0,402.0,10.0,0.0,1,400.0,400.0,10.0,0.0,1,400.0,400.0,10.0,0.0,1,400.0,402.0,10.0,0.0,1
2026-03-23 15:59:47,924.72,400.0,402.0,20.0,0.0,1,400.0,401.0,20.0,0.0,1,400.0,402.0,10.0,0.0,1,400.0,401.0,10.0,0.0,1,400.0,401.0,10.0,0.0,1,400.0,402.0,10.0,0.0,1
2026-03-23 15:59:47,925.49,400.0,403.0,20.0,0.0,1,400.0,400.0,20.0,0.0,1,400.0,401.0,10.0,0.0,1,400.0,401.0,10.0,0.0,1,400.0,401.0,10.0,0.0,1,400.0,403.0,10.0,0.0,1
2026-03-23 15:59:48,926.25,400.0,403.0,20.0,0.0,1,400.0,400.0,20.0,0.0,1,400.0,401.0,10.0,0.0,1,400.0,401.0,10.0,0.0,1,400.0,400.0,10.0,0.0,1,400.0,402.0,10.0,0.0,1
2026-03-23 15:59:49,927.02,400.0,402.0,20.0,0.0,1,400.0,401.0,20.0,0.0,1,400.0,401.0,10.0,0.0,1,400.0,402.0,10.0,0.0,1,400.0,401.0,10.0,0.0,1,400.0,402.0,10.0,0.0,1
2026-03-23 15:59:50,927.81,400.0,402.0,20.0,0.0,1,400.0,401.0,20.0,0.0,1,400.0,403.0,10.0,0.0,1,400.0,401.0,10.0,0.0,1,400.0,401.0,10.0,0.0,1,400.0,403.0,10.0,0.0,1
2026-03-23 15:59:50,928.58,400.0,402.0,20.0,0.0,1,400.0,401.0,20.0,0.0,1,400.0,402.0,10.0,0.0,1,400.0,401.0,10.0,0.0,1,400.0,400.0,10.0,0.0,1,400.0,403.0,10.0,0.0,1
2026-03-23 15:59:51,929.35,400.0,402.0,20.0,0.0,1,400.0,401.0,20.0,0.0,1,400.0,402.0,10.0,0.0,1,400.0,401.0,10.0,0.0,1,400.0,401.0,10.0,0.0,1,400.0,403.0,10.0,0.0,1
2026-03-23 15:59:52,930.09,400.0,403.0,20.0,0.0,1,400.0,401.0,20.0,0.0,1,400.0,403.0,10.0,0.0,1,400.0,401.0,10.0,0.0,1,400.0,401.0,10.0,0.0,1,400.0,404.0,10.0,0.0,1
2026-03-23 15:59:53,930.94,400.0,403.0,20.0,0.0,1,400.0,401.0,20.0,0.0,1,400.0,402.0,10.0,0.0,1,400.0,401.0,10.0,0.0,1,400.0,400.0,10.0,0.0,1,400.0,404.0,10.0,0.0,1
2026-03-23 15:59:53,931.68,400.0,403.0,20.0,0.0,1,400.0,401.0,20.0,0.0,1,400.0,401.0,10.0,0.0,1,400.0,401.0,10.0,0.0,1,400.0,401.0,10.0,0.0,1,400.0,404.0,10.0,0.0,1
2026-03-23 15:59:54,932.49,400.0,404.0,20.0,0.0,1,400.0,401.0,20.0,0.0,1,400.0,401.0,10.0,0.0,1,400.0,401.0,10.0,0.0,1,400.0,400.0,10.0,0.0,1,400.0,404.0,10.0,0.0,1
2026-03-23 15:59:55,933.23,400.0,404.0,20.0,0.0,1,400.0,401.0,20.0,0.0,1,400.0,402.0,10.0,0.0,1,400.0,401.0,10.0,0.0,1,400.0,400.0,10.0,0.0,1,400.0,404.0,10.0,0.0,1
2026-03-23 15:59:56,933.96,400.0,404.0,20.0,0.0,1,400.0,401.0,20.0,0.0,1,400.0,402.0,10.0,0.0,1,400.0,399.0,10.0,0.0,1,400.0,401.0,10.0,0.0,1,400.0,403.0,10.0,0.0,1
2026-03-23 15:59:56,934.7,400.0,403.0,20.0,0.0,1,400.0,400.0,20.0,0.0,1,400.0,402.0,10.0,0.0,1,400.0,400.0,10.0,0.0,1,400.0,401.0,10.0,0.0,1,400.0,403.0,10.0,0.0,1
2026-03-23 15:59:57,935.44,400.0,403.0,20.0,0.0,1,400.0,400.0,20.0,0.0,1,400.0,402.0,10.0,0.0,1,400.0,402.0,10.0,0.0,1,400.0,401.0,10.0,0.0,1,400.0,402.0,10.0,0.0,1
2026-03-23 15:59:58,936.17,400.0,403.0,20.0,0.0,1,400.0,400.0,20.0,0.0,1,400.0,401.0,10.0,0.0,1,400.0,402.0,10.0,0.0,1,400.0,401.0,10.0,0.0,1,400.0,402.0,10.0,0.0,1
2026-03-23 15:59:59,936.95,400.0,404.0,20.0,0.0,1,400.0,400.0,20.0,0.0,1,400.0,402.0,10.0,0.0,1,400.0,401.0,10.0,0.0,1,400.0,401.0,10.0,0.0,1,400.0,402.0,10.0,0.0,1
2026-03-23 16:00:00,937.75,400.0,403.0,20.0,0.0,1,400.0,401.0,20.0,0.0,1,400.0,401.0,10.0,0.0,1,400.0,402.0,10.0,0.0,1,400.0,401.0,10.0,0.0,1,400.0,402.0,10.0,0.0,1
2026-03-23 16:00:00,938.48,400.0,403.0,20.0,0.0,1,400.0,400.0,20.0,0.0,1,400.0,401.0,10.0,0.0,1,400.0,400.0,10.0,0.0,1,400.0,399.0,10.0,0.0,1,400.0,403.0,10.0,0.0,1
2026-03-23 16:00:01,939.23,400.0,403.0,20.0,0.0,1,400.0,399.0,20.0,0.0,1,400.0,401.0,10.0,0.0,1,400.0,401.0,10.0,0.0,1,400.0,399.0,10.0,0.0,1,400.0,403.0,10.0,0.0,1
2026-03-23 16:00:02,939.97,400.0,403.0,20.0,0.0,1,400.0,401.0,20.0,0.0,1,400.0,402.0,10.0,0.0,1,400.0,401.0,10.0,0.0,1,400.0,401.0,10.0,0.0,1,400.0,403.0,10.0,0.0,1
2026-03-23 16:00:03,940.73,400.0,402.0,20.0,0.0,1,400.0,401.0,20.0,0.0,1,400.0,402.0,10.0,0.0,1,400.0,400.0,10.0,0.0,1,400.0,400.0,10.0,0.0,1,400.0,404.0,10.0,0.0,1
2026-03-23 16:00:03,941.49,400.0,403.0,20.0,0.0,1,400.0,401.0,20.0,0.0,1,400.0,401.0,10.0,0.0,1,400.0,400.0,10.0,0.0,1,400.0,400.0,10.0,0.0,1,400.0,402.0,10.0,0.0,1
2026-03-23 16:00:04,942.24,400.0,403.0,20.0,0.0,1,400.0,401.0,20.0,0.0,1,400.0,402.0,10.0,0.0,1,400.0,402.0,10.0,0.0,1,400.0,400.0,10.0,0.0,1,400.0,403.0,10.0,0.0,1
2026-03-23 16:00:05,942.98,400.0,403.0,20.0,0.0,1,400.0,400.0,20.0,0.0,1,400.0,402.0,10.0,0.0,1,400.0,401.0,10.0,0.0,1,400.0,401.0,10.0,0.0,1,400.0,403.0,10.0,0.0,1
2026-03-23 16:00:06,943.72,400.0,403.0,20.0,0.0,1,400.0,400.0,20.0,0.0,1,400.0,402.0,10.0,0.0,1,400.0,400.0,10.0,0.0,1,400.0,400.0,10.0,0.0,1,400.0,403.0,10.0,0.0,1
2026-03-23 16:00:06,944.47,400.0,402.0,20.0,0.0,1,400.0,400.0,20.0,0.0,1,400.0,402.0,10.0,0.0,1,400.0,402.0,10.0,0.0,1,400.0,400.0,10.0,0.0,1,400.0,403.0,10.0,0.0,1
2026-03-23 16:00:07,945.21,400.0,403.0,20.0,0.0,1,400.0,402.0,20.0,0.0,1,400.0,402.0,10.0,0.0,1,400.0,402.0,10.0,0.0,1,400.0,400.0,10.0,0.0,1,400.0,403.0,10.0,0.0,1
2026-03-23 16:00:08,945.95,400.0,403.0,20.0,0.0,1,400.0,401.0,20.0,0.0,1,400.0,402.0,10.0,0.0,1,400.0,402.0,10.0,0.0,1,400.0,401.0,10.0,0.0,1,400.0,403.0,10.0,0.0,1
2026-03-23 16:00:09,946.71,400.0,405.0,20.0,0.0,1,400.0,401.0,20.0,0.0,1,400.0,402.0,10.0,0.0,1,400.0,402.0,10.0,0.0,1,400.0,401.0,10.0,0.0,1,400.0,403.0,10.0,0.0,1
2026-03-23 16:00:09,947.44,400.0,404.0,20.0,0.0,1,400.0,401.0,20.0,0.0,1,400.0,402.0,10.0,0.0,1,400.0,402.0,10.0,0.0,1,400.0,402.0,10.0,0.0,1,400.0,403.0,10.0,0.0,1
2026-03-23 16:00:10,948.19,400.0,402.0,20.0,0.0,1,400.0,401.0,20.0,0.0,1,400.0,402.0,10.0,0.0,1,400.0,401.0,10.0,0.0,1,400.0,401.0,10.0,0.0,1,400.0,403.0,10.0,0.0,1
2026-03-23 16:00:11,948.94,400.0,402.0,20.0,0.0,1,400.0,401.0,20.0,0.0,1,400.0,402.0,10.0,0.0,1,400.0,401.0,10.0,0.0,1,400.0,401.0,10.0,0.0,1,400.0,403.0,10.0,0.0,1
2026-03-23 16:00:11,949.68,400.0,402.0,20.0,0.0,1,400.0,401.0,20.0,0.0,1,400.0,402.0,10.0,0.0,1,400.0,402.0,10.0,0.0,1,400.0,400.0,10.0,0.0,1,400.0,403.0,10.0,0.0,1
2026-03-23 16:00:12,950.44,400.0,403.0,20.0,0.0,1,400.0,401.0,20.0,0.0,1,400.0,402.0,10.0,0.0,1,400.0,402.0,10.0,0.0,1,400.0,401.0,10.0,0.0,1,400.0,403.0,10.0,0.0,1
2026-03-23 16:00:13,951.2,400.0,403.0,20.0,0.0,1,400.0,400.0,20.0,0.0,1,400.0,402.0,10.0,0.0,1,400.0,401.0,10.0,0.0,1,400.0,401.0,10.0,0.0,1,400.0,403.0,10.0,0.0,1
2026-03-23 16:00:14,951.93,400.0,401.0,20.0,0.0,1,400.0,400.0,20.0,0.0,1,400.0,401.0,10.0,0.0,1,400.0,401.0,10.0,0.0,1,400.0,401.0,10.0,0.0,1,400.0,403.0,10.0,0.0,1
2026-03-23 16:00:14,952.66,400.0,402.0,20.0,0.0,1,400.0,401.0,20.0,0.0,1,400.0,403.0,10.0,0.0,1,400.0,402.0,10.0,0.0,1,400.0,401.0,10.0,0.0,1,400.0,403.0,10.0,0.0,1
2026-03-23 16:00:15,953.4,400.0,404.0,20.0,0.0,1,400.0,401.0,20.0,0.0,1,400.0,402.0,10.0,0.0,1,400.0,401.0,10.0,0.0,1,400.0,401.0,10.0,0.0,1,400.0,403.0,10.0,0.0,1
2026-03-23 16:00:16,954.16,400.0,404.0,20.0,0.0,1,400.0,400.0,20.0,0.0,1,400.0,402.0,10.0,0.0,1,400.0,401.0,10.0,0.0,1,400.0,401.0,10.0,0.0,1,400.0,403.0,10.0,0.0,1
2026-03-23 16:00:17,954.89,400.0,404.0,20.0,0.0,1,400.0,401.0,20.0,0.0,1,400.0,402.0,10.0,0.0,1,400.0,400.0,10.0,0.0,1,400.0,401.0,10.0,0.0,1,400.0,403.0,10.0,0.0,1
2026-03-23 16:00:17,955.62,500.0,403.0,20.0,0.0,1,500.0,401.0,20.0,0.0,1,500.0,402.0,10.0,0.0,1,500.0,402.0,10.0,0.0,1,500.0,401.0,10.0,0.0,1,500.0,402.0,10.0,0.0,1
2026-03-23 16:00:18,956.37,500.0,407.0,20.0,0.0,1,500.0,404.0,20.0,0.0,1,500.0,405.0,10.0,0.0,1,500.0,403.0,10.0,0.0,1,500.0,404.0,10.0,0.0,1,500.0,405.0,10.0,0.0,1
2026-03-23 16:00:19,957.11,500.0,412.0,20.0,0.0,1,500.0,408.0,20.0,0.0,1,500.0,411.0,10.0,0.0,1,500.0,409.0,10.0,0.0,1,500.0,406.0,10.0,0.0,1,500.0,410.0,10.0,0.0,1
2026-03-23 16:00:20,957.85,500.0,417.0,20.0,0.0,1,500.0,416.0,20.0,0.0,1,500.0,416.0,10.0,0.0,1,500.0,415.0,10.0,0.0,1,500.0,414.0,10.0,0.0,1,500.0,415.0,10.0,0.0,1
2026-03-23 16:00:20,958.59,500.0,421.0,20.0,0.0,1,500.0,422.0,20.0,0.0,1,500.0,421.0,10.0,0.0,1,500.0,422.0,10.0,0.0,1,500.0,421.0,10.0,0.0,1,500.0,424.0,10.0,0.0,1
2026-03-23 16:00:21,959.33,500.0,429.0,20.0,0.0,1,500.0,429.0,20.0,0.0,1,500.0,428.0,10.0,0.0,1,500.0,427.0,10.0,0.0,1,500.0,428.0,10.0,0.0,1,500.0,429.0,10.0,0.0,1
2026-03-23 16:00:22,960.07,500.0,462.0,20.0,0.0,1,500.0,434.0,20.0,0.0,1,500.0,435.0,10.0,0.0,1,500.0,433.0,10.0,0.0,1,500.0,434.0,10.0,0.0,1,500.0,436.0,10.0,0.0,1
2026-03-23 16:00:23,960.82,500.0,448.0,20.0,0.0,1,500.0,440.0,20.0,0.0,1,500.0,440.0,10.0,0.0,1,500.0,441.0,10.0,0.0,1,500.0,440.0,10.0,0.0,1,500.0,441.0,10.0,0.0,1
2026-03-23 16:00:23,961.58,500.0,451.0,20.0,0.0,1,500.0,452.0,20.0,0.0,1,500.0,452.0,10.0,0.0,1,500.0,451.0,10.0,0.0,1,500.0,452.0,10.0,0.0,1,500.0,454.0,10.0,0.0,1
2026-03-23 16:00:24,962.31,500.0,464.0,20.0,0.0,1,500.0,459.0,20.0,0.0,1,500.0,460.0,10.0,0.0,1,500.0,456.0,10.0,0.0,1,500.0,459.0,10.0,0.0,1,500.0,461.0,10.0,0.0,1
2026-03-23 16:00:25,963.05,500.0,500.0,20.0,0.20000000298023224,1,500.0,465.0,20.0,0.0,1,500.0,465.0,10.0,0.0,1,500.0,464.0,10.0,0.0,1,500.0,464.0,10.0,0.0,1,500.0,466.0,10.0,0.0,1
2026-03-23 16:00:26,963.79,500.0,464.0,20.0,0.0,1,500.0,470.0,20.0,0.0,1,500.0,472.0,10.0,0.0,1,500.0,469.0,10.0,0.0,1,500.0,470.0,10.0,0.0,1,500.0,473.0,10.0,0.0,1
2026-03-23 16:00:26,964.52,500.0,471.0,20.0,0.0,1,500.0,477.0,20.0,0.0,1,500.0,477.0,10.0,0.0,1,500.0,476.0,10.0,0.0,1,500.0,476.0,10.0,0.0,1,500.0,479.0,10.0,0.0,1
2026-03-23 16:00:27,965.26,500.0,474.0,20.0,0.0,1,500.0,483.0,20.0,0.0,1,500.0,485.0,10.0,0.0,1,500.0,485.0,10.0,0.0,1,500.0,482.0,10.0,0.0,1,500.0,485.0,10.0,0.0,1
2026-03-23 16:00:28,965.98,500.0,514.0,20.0,0.0,1,500.0,490.0,20.0,0.0,1,500.0,490.0,10.0,0.0,1,500.0,488.0,10.0,0.0,1,500.0,490.0,10.0,0.0,1,500.0,489.0,10.0,0.0,1
2026-03-23 16:00:29,966.74,500.0,495.0,20.0,0.0,1,500.0,500.0,20.0,0.0,1,500.0,501.0,10.0,0.0,1,500.0,500.0,10.0,0.0,1,500.0,498.0,10.0,0.0,1,500.0,501.0,10.0,0.0,1
2026-03-23 16:00:29,967.51,500.0,542.0,20.0,0.20000000298023224,1,500.0,500.0,20.0,0.0,1,500.0,501.0,10.0,0.0,1,500.0,500.0,10.0,0.0,1,500.0,502.0,10.0,0.0,1,500.0,502.0,10.0,0.0,1
2026-03-23 16:00:30,968.25,500.0,485.0,20.0,0.0,1,500.0,500.0,20.0,0.0,1,500.0,501.0,10.0,0.0,1,500.0,500.0,10.0,0.0,1,500.0,502.0,10.0,0.0,1,500.0,503.0,10.0,0.0,1
2026-03-23 16:00:31,968.98,500.0,510.0,20.0,0.0,1,500.0,502.0,20.0,0.0,1,500.0,502.0,10.0,0.0,1,500.0,501.0,10.0,0.0,1,500.0,502.0,10.0,0.0,1,500.0,501.0,10.0,0.0,1
2026-03-23 16:00:32,969.71,500.0,505.0,20.0,0.0,1,500.0,502.0,20.0,0.0,1,500.0,502.0,10.0,0.0,1,500.0,501.0,10.0,0.0,1,500.0,501.0,10.0,0.0,1,500.0,503.0,10.0,0.0,1
2026-03-23 16:00:32,970.47,500.0,475.0,20.0,0.0,1,500.0,501.0,20.0,0.0,1,500.0,502.0,10.0,0.0,1,500.0,501.0,10.0,0.0,1,500.0,501.0,10.0,0.0,1,500.0,503.0,10.0,0.0,1
2026-03-23 16:00:33,971.23,500.0,513.0,20.0,0.20000000298023224,1,500.0,501.0,20.0,0.0,1,500.0,502.0,10.0,0.0,1,500.0,500.0,10.0,0.0,1,500.0,501.0,10.0,0.0,1,500.0,503.0,10.0,0.0,1
2026-03-23 16:00:34,971.96,500.0,531.0,20.0,0.0,1,500.0,501.0,20.0,0.0,1,500.0,502.0,10.0,0.0,1,500.0,501.0,10.0,0.0,1,500.0,502.0,10.0,0.0,1,500.0,503.0,10.0,0.0,1
2026-03-23 16:00:35,972.7,500.0,488.0,20.0,0.0,1,500.0,501.0,20.0,0.0,1,500.0,502.0,10.0,0.0,1,500.0,499.0,10.0,0.0,1,500.0,500.0,10.0,0.0,1,500.0,505.0,10.0,0.0,1
2026-03-23 16:00:35,973.45,500.0,511.0,20.0,0.0,1,500.0,501.0,20.0,0.0,1,500.0,502.0,10.0,0.0,1,500.0,502.0,10.0,0.0,1,500.0,500.0,10.0,0.0,1,500.0,504.0,10.0,0.0,1
2026-03-23 16:00:36,974.2,500.0,525.0,20.0,0.0,1,500.0,501.0,20.0,0.0,1,500.0,502.0,10.0,0.0,1,500.0,501.0,10.0,0.0,1,500.0,500.0,10.0,0.0,1,500.0,504.0,10.0,0.0,1
2026-03-23 16:00:37,974.95,500.0,491.0,20.0,0.0,1,500.0,501.0,20.0,0.0,1,500.0,502.0,10.0,0.0,1,500.0,500.0,10.0,0.0,1,500.0,501.0,10.0,0.0,1,500.0,503.0,10.0,0.0,1
2026-03-23 16:00:37,975.7,500.0,497.0,20.0,0.0,1,500.0,501.0,20.0,0.0,1,500.0,503.0,10.0,0.0,1,500.0,501.0,10.0,0.0,1,500.0,501.0,10.0,0.0,1,500.0,503.0,10.0,0.0,1
2026-03-23 16:00:38,976.43,500.0,514.0,20.0,0.0,1,500.0,501.0,20.0,0.0,1,500.0,503.0,10.0,0.0,1,500.0,502.0,10.0,0.0,1,500.0,500.0,10.0,0.0,1,500.0,503.0,10.0,0.0,1
2026-03-23 16:00:39,977.17,500.0,507.0,20.0,0.0,1,500.0,501.0,20.0,0.0,1,500.0,503.0,10.0,0.0,1,500.0,501.0,10.0,0.0,1,500.0,501.0,10.0,0.0,1,500.0,502.0,10.0,0.0,1
2026-03-23 16:00:40,977.92,500.0,528.0,20.0,0.0,1,500.0,501.0,20.0,0.0,1,500.0,501.0,10.0,0.0,1,500.0,501.0,10.0,0.0,1,500.0,499.0,10.0,0.0,1,500.0,503.0,10.0,0.0,1
2026-03-23 16:00:40,978.68,500.0,485.0,20.0,0.0,1,500.0,501.0,20.0,0.0,1,500.0,503.0,10.0,0.0,1,500.0,500.0,10.0,0.0,1,500.0,501.0,10.0,0.0,1,500.0,503.0,10.0,0.0,1
2026-03-23 16:00:41,979.41,500.0,504.0,20.0,0.0,1,500.0,500.0,20.0,0.0,1,500.0,502.0,10.0,0.0,1,500.0,502.0,10.0,0.0,1,500.0,501.0,10.0,0.0,1,500.0,503.0,10.0,0.0,1
2026-03-23 16:00:42,980.14,500.0,513.0,20.0,0.0,1,500.0,501.0,20.0,0.0,1,500.0,502.0,10.0,0.0,1,500.0,502.0,10.0,0.0,1,500.0,501.0,10.0,0.0,1,500.0,503.0,10.0,0.0,1
2026-03-23 16:00:43,980.87,500.0,504.0,20.0,0.0,1,500.0,501.0,20.0,0.0,1,500.0,502.0,10.0,0.0,1,500.0,501.0,10.0,0.0,1,500.0,501.0,10.0,0.0,1,500.0,504.0,10.0,0.0,1
2026-03-23 16:00:43,981.61,500.0,492.0,20.0,0.0,1,500.0,502.0,20.0,0.0,1,500.0,502.0,10.0,0.0,1,500.0,501.0,10.0,0.0,1,500.0,499.0,10.0,0.0,1,500.0,503.0,10.0,0.0,1
2026-03-23 16:00:44,982.35,500.0,521.0,20.0,0.0,1,500.0,501.0,20.0,0.0,1,500.0,502.0,10.0,0.0,1,500.0,501.0,10.0,0.0,1,500.0,500.0,10.0,0.0,1,500.0,503.0,10.0,0.0,1
2026-03-23 16:00:45,983.1,500.0,520.0,20.0,0.4000000059604645,1,500.0,501.0,20.0,0.0,1,500.0,503.0,10.0,0.0,1,500.0,501.0,10.0,0.0,1,500.0,502.0,10.0,0.0,1,500.0,504.0,10.0,0.0,1
2026-03-23 16:00:46,983.84,500.0,480.0,20.0,0.0,1,500.0,502.0,20.0,0.0,1,500.0,503.0,10.0,0.0,1,500.0,501.0,10.0,0.0,1,500.0,502.0,10.0,0.0,1,500.0,504.0,10.0,0.0,1
2026-03-23 16:00:46,984.59,500.0,507.0,20.0,0.0,1,500.0,500.0,20.0,0.0,1,500.0,501.0,10.0,0.0,1,500.0,502.0,10.0,0.0,1,500.0,502.0,10.0,0.0,1,500.0,503.0,10.0,0.0,1
2026-03-23 16:00:47,985.31,500.0,504.0,20.0,0.0,1,500.0,500.0,20.0,0.0,1,500.0,501.0,10.0,0.0,1,500.0,501.0,10.0,0.0,1,500.0,502.0,10.0,0.0,1,500.0,503.0,10.0,0.0,1
2026-03-23 16:00:48,986.04,500.0,520.0,20.0,0.20000000298023224,1,500.0,502.0,20.0,0.0,1,500.0,502.0,10.0,0.0,1,500.0,501.0,10.0,0.0,1,500.0,500.0,10.0,0.0,1,500.0,524.0,10.0,0.0,1
2026-03-23 16:00:49,986.77,500.0,499.0,20.0,0.0,1,500.0,501.0,20.0,0.0,1,500.0,501.0,10.0,0.0,1,500.0,500.0,10.0,0.0,1,500.0,500.0,10.0,0.0,1,500.0,487.0,10.0,0.0,1
2026-03-23 16:00:49,987.5,500.0,503.0,20.0,0.0,1,500.0,501.0,20.0,0.0,1,500.0,502.0,10.0,0.0,1,500.0,501.0,10.0,0.0,1,500.0,500.0,10.0,0.0,1,500.0,502.0,10.0,0.0,1
2026-03-23 16:00:50,988.25,500.0,493.0,20.0,0.0,1,500.0,501.0,20.0,0.0,1,500.0,502.0,10.0,0.0,1,500.0,501.0,10.0,0.0,1,500.0,500.0,10.0,0.0,1,500.0,503.0,10.0,0.0,1
2026-03-23 16:00:51,988.99,500.0,495.0,20.0,0.0,1,500.0,500.0,20.0,0.0,1,500.0,502.0,10.0,0.0,1,500.0,501.0,10.0,0.0,1,500.0,500.0,10.0,0.0,1,500.0,503.0,10.0,0.0,1
2026-03-23 16:00:52,989.74,500.0,505.0,20.0,0.0,1,500.0,500.0,20.0,0.0,1,500.0,502.0,10.0,0.0,1,500.0,501.0,10.0,0.0,1,500.0,500.0,10.0,0.0,1,500.0,503.0,10.0,0.0,1
2026-03-23 16:00:52,990.47,500.0,525.0,20.0,0.20000000298023224,1,500.0,500.0,20.0,0.0,1,500.0,504.0,10.0,0.0,1,500.0,502.0,10.0,0.0,1,500.0,500.0,10.0,0.0,1,500.0,501.0,10.0,0.0,1
2026-03-23 16:00:53,991.21,500.0,484.0,20.0,0.0,1,500.0,500.0,20.0,0.0,1,500.0,503.0,10.0,0.0,1,500.0,502.0,10.0,0.0,1,500.0,500.0,10.0,0.0,1,500.0,502.0,10.0,0.0,1
2026-03-23 16:00:54,991.96,500.0,517.0,20.0,0.0,1,500.0,501.0,20.0,0.0,1,500.0,501.0,10.0,0.0,1,500.0,502.0,10.0,0.0,1,500.0,500.0,10.0,0.0,1,500.0,504.0,10.0,0.0,1
2026-03-23 16:00:54,992.68,500.0,494.0,20.0,0.0,1,500.0,501.0,20.0,0.0,1,500.0,502.0,10.0,0.0,1,500.0,501.0,10.0,0.0,1,500.0,501.0,10.0,0.0,1,500.0,504.0,10.0,0.0,1
2026-03-23 16:00:55,993.43,500.0,493.0,20.0,0.0,1,500.0,501.0,20.0,0.0,1,500.0,502.0,10.0,0.0,1,500.0,501.0,10.0,0.0,1,500.0,501.0,10.0,0.0,1,500.0,504.0,10.0,0.0,1
2026-03-23 16:00:56,994.18,500.0,492.0,20.0,0.0,1,500.0,502.0,20.0,0.0,1,500.0,502.0,10.0,0.0,1,500.0,502.0,10.0,0.0,1,500.0,500.0,10.0,0.0,1,500.0,503.0,10.0,0.0,1
2026-03-23 16:00:57,994.92,500.0,493.0,20.0,0.0,1,500.0,502.0,20.0,0.0,1,500.0,502.0,10.0,0.0,1,500.0,499.0,10.0,0.0,1,500.0,501.0,10.0,0.0,1,500.0,503.0,10.0,0.0,1
2026-03-23 16:00:57,995.67,500.0,489.0,20.0,0.0,1,500.0,502.0,20.0,0.0,1,500.0,503.0,10.0,0.0,1,500.0,500.0,10.0,0.0,1,500.0,500.0,10.0,0.0,1,500.0,503.0,10.0,0.0,1
2026-03-23 16:00:58,996.43,500.0,499.0,20.0,0.0,1,500.0,502.0,20.0,0.0,1,500.0,502.0,10.0,0.0,1,500.0,501.0,10.0,0.0,1,500.0,500.0,10.0,0.0,1,500.0,503.0,10.0,0.0,1
2026-03-23 16:00:59,997.2,500.0,503.0,20.0,0.0,1,500.0,501.0,20.0,0.0,1,500.0,502.0,10.0,0.0,1,500.0,502.0,10.0,0.0,1,500.0,500.0,10.0,0.0,1,500.0,503.0,10.0,0.0,1
2026-03-23 16:01:00,998.0,500.0,511.0,20.0,0.0,1,500.0,502.0,20.0,0.0,1,500.0,502.0,10.0,0.0,1,500.0,500.0,10.0,0.0,1,500.0,500.0,10.0,0.0,1,500.0,504.0,10.0,0.0,1
2026-03-23 16:01:01,998.78,500.0,487.0,20.0,0.0,1,500.0,500.0,20.0,0.0,1,500.0,502.0,10.0,0.0,1,500.0,500.0,10.0,0.0,1,500.0,500.0,10.0,0.0,1,500.0,503.0,10.0,0.0,1
2026-03-23 16:01:01,999.53,500.0,510.0,20.0,0.0,1,500.0,500.0,20.0,0.0,1,500.0,501.0,10.0,0.0,1,500.0,501.0,10.0,0.0,1,500.0,498.0,10.0,0.0,1,500.0,503.0,10.0,0.0,1
2026-03-23 16:01:02,1000.27,500.0,486.0,20.0,0.0,1,500.0,500.0,20.0,0.0,1,500.0,501.0,10.0,0.0,1,500.0,501.0,10.0,0.0,1,500.0,500.0,10.0,0.0,1,500.0,503.0,10.0,0.0,1
2026-03-23 16:01:03,1001.01,500.0,531.0,20.0,0.0,1,500.0,500.0,20.0,0.0,1,500.0,501.0,10.0,0.0,1,500.0,502.0,10.0,0.0,1,500.0,502.0,10.0,0.0,1,500.0,504.0,10.0,0.0,1
2026-03-23 16:01:04,1001.75,500.0,511.0,20.0,0.0,1,500.0,500.0,20.0,0.0,1,500.0,502.0,10.0,0.0,1,500.0,502.0,10.0,0.0,1,500.0,500.0,10.0,0.0,1,500.0,502.0,10.0,0.0,1
2026-03-23 16:01:04,1002.49,500.0,492.0,20.0,0.0,1,500.0,500.0,20.0,0.0,1,500.0,502.0,10.0,0.0,1,500.0,502.0,10.0,0.0,1,500.0,501.0,10.0,0.0,1,500.0,503.0,10.0,0.0,1
2026-03-23 16:01:05,1003.22,500.0,517.0,20.0,0.0,1,500.0,500.0,20.0,0.0,1,500.0,501.0,10.0,0.0,1,500.0,501.0,10.0,0.0,1,500.0,500.0,10.0,0.0,1,500.0,503.0,10.0,0.0,1
2026-03-23 16:01:06,1003.95,500.0,496.0,20.0,0.0,1,500.0,502.0,20.0,0.0,1,500.0,502.0,10.0,0.0,1,500.0,502.0,10.0,0.0,1,500.0,501.0,10.0,0.0,1,500.0,503.0,10.0,0.0,1
2026-03-23 16:01:07,1004.71,500.0,497.0,20.0,0.0,1,500.0,501.0,20.0,0.0,1,500.0,502.0,10.0,0.0,1,500.0,502.0,10.0,0.0,1,500.0,501.0,10.0,0.0,1,500.0,503.0,10.0,0.0,1
2026-03-23 16:01:07,1005.46,500.0,516.0,20.0,0.0,1,500.0,501.0,20.0,0.0,1,500.0,502.0,10.0,0.0,1,500.0,502.0,10.0,0.0,1,500.0,501.0,10.0,0.0,1,500.0,501.0,10.0,0.0,1
2026-03-23 16:01:08,1006.19,500.0,500.0,20.0,0.20000000298023224,1,500.0,501.0,20.0,0.0,1,500.0,502.0,10.0,0.0,1,500.0,502.0,10.0,0.0,1,500.0,501.0,10.0,0.0,1,500.0,502.0,10.0,0.0,1
2026-03-23 16:01:09,1006.94,500.0,509.0,20.0,0.0,1,500.0,500.0,20.0,0.0,1,500.0,502.0,10.0,0.0,1,500.0,501.0,10.0,0.0,1,500.0,501.0,10.0,0.0,1,500.0,503.0,10.0,0.0,1
2026-03-23 16:01:09,1007.69,500.0,495.0,20.0,0.10000000149011612,1,500.0,500.0,20.0,0.0,1,500.0,502.0,10.0,0.0,1,500.0,503.0,10.0,0.0,1,500.0,500.0,10.0,0.0,1,500.0,503.0,10.0,0.0,1
2026-03-23 16:01:10,1008.42,500.0,519.0,20.0,0.0,1,500.0,501.0,20.0,0.0,1,500.0,501.0,10.0,0.0,1,500.0,501.0,10.0,0.0,1,500.0,501.0,10.0,0.0,1,500.0,503.0,10.0,0.0,1
2026-03-23 16:01:11,1009.15,500.0,494.0,20.0,0.0,1,500.0,501.0,20.0,0.0,1,500.0,503.0,10.0,0.0,1,500.0,501.0,10.0,0.0,1,500.0,501.0,10.0,0.0,1,500.0,503.0,10.0,0.0,1
2026-03-23 16:01:12,1009.89,500.0,502.0,20.0,0.0,1,500.0,501.0,20.0,0.0,1,500.0,503.0,10.0,0.0,1,500.0,502.0,10.0,0.0,1,500.0,501.0,10.0,0.0,1,500.0,503.0,10.0,0.0,1
2026-03-23 16:01:12,1010.63,500.0,502.0,20.0,0.10000000149011612,1,500.0,501.0,20.0,0.0,1,500.0,501.0,10.0,0.0,1,500.0,502.0,10.0,0.0,1,500.0,501.0,10.0,0.0,1,500.0,503.0,10.0,0.0,1
2026-03-23 16:01:13,1011.37,500.0,503.0,20.0,0.10000000149011612,1,500.0,501.0,20.0,0.0,1,500.0,501.0,10.0,0.0,1,500.0,502.0,10.0,0.0,1,500.0,500.0,10.0,0.0,1,500.0,503.0,10.0,0.0,1
2026-03-23 16:01:14,1012.1,500.0,512.0,20.0,0.0,1,500.0,501.0,20.0,0.0,1,500.0,501.0,10.0,0.0,1,500.0,501.0,10.0,0.0,1,500.0,501.0,10.0,0.0,1,500.0,503.0,10.0,0.0,1
2026-03-23 16:01:15,1012.83,500.0,488.0,20.0,0.0,1,500.0,501.0,20.0,0.0,1,500.0,503.0,10.0,0.0,1,500.0,501.0,10.0,0.0,1,500.0,501.0,10.0,0.0,1,500.0,503.0,10.0,0.0,1
2026-03-23 16:01:15,1013.59,500.0,506.0,20.0,0.0,1,500.0,501.0,20.0,0.0,1,500.0,502.0,10.0,0.0,1,500.0,501.0,10.0,0.0,1,500.0,502.0,10.0,0.0,1,500.0,503.0,10.0,0.0,1
2026-03-23 16:01:16,1014.42,500.0,524.0,20.0,0.0,1,500.0,501.0,20.0,0.0,1,500.0,502.0,10.0,0.0,1,500.0,501.0,10.0,0.0,1,500.0,502.0,10.0,0.0,1,500.0,503.0,10.0,0.0,1
2026-03-23 16:01:17,1015.19,500.0,486.0,20.0,0.0,1,500.0,501.0,20.0,0.0,1,500.0,502.0,10.0,0.0,1,500.0,501.0,10.0,0.0,1,500.0,502.0,10.0,0.0,1,500.0,503.0,10.0,0.0,1
2026-03-23 16:01:18,1015.92,500.0,503.0,20.0,0.0,1,500.0,501.0,20.0,0.0,1,500.0,503.0,10.0,0.0,1,500.0,501.0,10.0,0.0,1,500.0,500.0,10.0,0.0,1,500.0,503.0,10.0,0.0,1
2026-03-23 16:01:19,1016.78,500.0,501.0,20.0,0.0,1,500.0,501.0,20.0,0.0,1,500.0,502.0,10.0,0.0,1,500.0,502.0,10.0,0.0,1,500.0,500.0,10.0,0.0,1,500.0,503.0,10.0,0.0,1
2026-03-23 16:01:19,1017.52,500.0,512.0,20.0,0.0,1,500.0,501.0,20.0,0.0,1,500.0,502.0,10.0,0.0,1,500.0,501.0,10.0,0.0,1,500.0,500.0,10.0,0.0,1,500.0,503.0,10.0,0.0,1
2026-03-23 16:01:20,1018.26,500.0,500.0,20.0,0.0,1,500.0,501.0,20.0,0.0,1,500.0,502.0,10.0,0.0,1,500.0,499.0,10.0,0.0,1,500.0,501.0,10.0,0.0,1,500.0,503.0,10.0,0.0,1
2026-03-23 16:01:21,1018.99,500.0,484.0,20.0,0.0,1,500.0,501.0,20.0,0.0,1,500.0,502.0,10.0,0.0,1,500.0,500.0,10.0,0.0,1,500.0,500.0,10.0,0.0,1,500.0,503.0,10.0,0.0,1
2026-03-23 16:01:22,1019.73,500.0,516.0,20.0,0.30000001192092896,1,500.0,501.0,20.0,0.0,1,500.0,502.0,10.0,0.0,1,500.0,502.0,10.0,0.0,1,500.0,500.0,10.0,0.0,1,500.0,503.0,10.0,0.0,1
2026-03-23 16:01:22,1020.48,500.0,493.0,20.0,0.0,1,500.0,501.0,20.0,0.0,1,500.0,502.0,10.0,0.0,1,500.0,501.0,10.0,0.0,1,500.0,502.0,10.0,0.0,1,500.0,503.0,10.0,0.0,1
2026-03-23 16:01:23,1021.22,500.0,510.0,20.0,0.0,1,500.0,501.0,20.0,0.0,1,500.0,503.0,10.0,0.0,1,500.0,501.0,10.0,0.0,1,500.0,499.0,10.0,0.0,1,500.0,503.0,10.0,0.0,1
2026-03-23 16:01:24,1021.95,500.0,513.0,20.0,0.30000001192092896,1,500.0,501.0,20.0,0.0,1,500.0,503.0,10.0,0.0,1,500.0,502.0,10.0,0.0,1,500.0,500.0,10.0,0.0,1,500.0,502.0,10.0,0.0,1
2026-03-23 16:01:24,1022.69,500.0,490.0,20.0,0.0,1,500.0,500.0,20.0,0.0,1,500.0,503.0,10.0,0.0,1,500.0,502.0,10.0,0.0,1,500.0,500.0,10.0,0.0,1,500.0,503.0,10.0,0.0,1
2026-03-23 16:01:25,1023.44,500.0,520.0,20.0,0.0,1,500.0,500.0,20.0,0.0,1,500.0,501.0,10.0,0.0,1,500.0,500.0,10.0,0.0,1,500.0,500.0,10.0,0.0,1,500.0,505.0,10.0,0.0,1
2026-03-23 16:01:26,1024.17,500.0,482.0,20.0,0.0,1,500.0,500.0,20.0,0.0,1,500.0,502.0,10.0,0.0,1,500.0,501.0,10.0,0.0,1,500.0,500.0,10.0,0.0,1,500.0,503.0,10.0,0.0,1
2026-03-23 16:01:27,1024.91,500.0,500.0,20.0,0.0,1,500.0,502.0,20.0,0.0,1,500.0,502.0,10.0,0.0,1,500.0,502.0,10.0,0.0,1,500.0,498.0,10.0,0.0,1,500.0,502.0,10.0,0.0,1
2026-03-23 16:01:27,1025.65,500.0,529.0,20.0,0.30000001192092896,1,500.0,502.0,20.0,0.0,1,500.0,502.0,10.0,0.0,1,500.0,501.0,10.0,0.0,1,500.0,501.0,10.0,0.0,1,500.0,502.0,10.0,0.0,1
2026-03-23 16:01:28,1026.39,500.0,493.0,20.0,0.0,1,500.0,502.0,20.0,0.0,1,500.0,502.0,10.0,0.0,1,500.0,499.0,10.0,0.0,1,500.0,502.0,10.0,0.0,1,500.0,502.0,10.0,0.0,1
2026-03-23 16:01:29,1027.13,500.0,501.0,20.0,0.0,1,500.0,502.0,20.0,0.0,1,500.0,502.0,10.0,0.0,1,500.0,501.0,10.0,0.0,1,500.0,500.0,10.0,0.0,1,500.0,503.0,10.0,0.0,1
2026-03-23 16:01:30,1027.88,500.0,511.0,20.0,0.0,1,500.0,501.0,20.0,0.0,1,500.0,502.0,10.0,0.0,1,500.0,500.0,10.0,0.0,1,500.0,501.0,10.0,0.0,1,500.0,503.0,10.0,0.0,1
2026-03-23 16:01:30,1028.63,500.0,500.0,20.0,0.0,1,500.0,501.0,20.0,0.0,1,500.0,502.0,10.0,0.0,1,500.0,501.0,10.0,0.0,1,500.0,502.0,10.0,0.0,1,500.0,504.0,10.0,0.0,1
2026-03-23 16:01:31,1029.39,500.0,503.0,20.0,0.0,1,500.0,502.0,20.0,0.0,1,500.0,502.0,10.0,0.0,1,500.0,501.0,10.0,0.0,1,500.0,501.0,10.0,0.0,1,500.0,504.0,10.0,0.0,1
2026-03-23 16:01:32,1030.12,500.0,497.0,20.0,0.0,1,500.0,501.0,20.0,0.0,1,500.0,502.0,10.0,0.0,1,500.0,501.0,10.0,0.0,1,500.0,501.0,10.0,0.0,1,500.0,503.0,10.0,0.0,1
2026-03-23 16:01:33,1030.87,500.0,509.0,20.0,0.0,1,500.0,501.0,20.0,0.0,1,500.0,500.0,10.0,0.0,1,500.0,500.0,10.0,0.0,1,500.0,501.0,10.0,0.0,1,500.0,503.0,10.0,0.0,1
2026-03-23 16:01:33,1031.61,500.0,523.0,20.0,0.10000000149011612,1,500.0,501.0,20.0,0.0,1,500.0,503.0,10.0,0.0,1,500.0,501.0,10.0,0.0,1,500.0,500.0,10.0,0.0,1,500.0,503.0,10.0,0.0,1
2026-03-23 16:01:34,1032.37,500.0,481.0,20.0,0.0,1,500.0,501.0,20.0,0.0,1,500.0,503.0,10.0,0.0,1,500.0,501.0,10.0,0.0,1,500.0,502.0,10.0,0.0,1,500.0,503.0,10.0,0.0,1
2026-03-23 16:01:35,1033.11,500.0,537.0,20.0,0.20000000298023224,1,500.0,501.0,20.0,0.0,1,500.0,503.0,10.0,0.0,1,500.0,500.0,10.0,0.0,1,500.0,502.0,10.0,0.0,1,500.0,503.0,10.0,0.0,1
2026-03-23 16:01:36,1033.85,500.0,494.0,20.0,0.0,1,500.0,501.0,20.0,0.0,1,500.0,502.0,10.0,0.0,1,500.0,503.0,10.0,0.0,1,500.0,502.0,10.0,0.0,1,500.0,502.0,10.0,0.0,1
2026-03-23 16:01:36,1034.58,500.0,514.0,20.0,0.0,1,500.0,501.0,20.0,0.0,1,500.0,502.0,10.0,0.0,1,500.0,501.0,10.0,0.0,1,500.0,501.0,10.0,0.0,1,500.0,505.0,10.0,0.0,1
2026-03-23 16:01:37,1035.31,500.0,523.0,20.0,0.4000000059604645,1,500.0,501.0,20.0,0.0,1,500.0,502.0,10.0,0.0,1,500.0,501.0,10.0,0.0,1,500.0,501.0,10.0,0.0,1,500.0,503.0,10.0,0.0,1
2026-03-23 16:01:38,1036.04,500.0,489.0,20.0,0.0,1,500.0,501.0,20.0,0.0,1,500.0,502.0,10.0,0.0,1,500.0,501.0,10.0,0.0,1,500.0,501.0,10.0,0.0,1,500.0,504.0,10.0,0.0,1
2026-03-23 16:01:39,1036.77,500.0,500.0,20.0,0.0,1,500.0,501.0,20.0,0.0,1,500.0,502.0,10.0,0.0,1,500.0,501.0,10.0,0.0,1,500.0,503.0,10.0,0.0,1,500.0,503.0,10.0,0.0,1
2026-03-23 16:01:39,1037.5,500.0,501.0,20.0,0.0,1,500.0,501.0,20.0,0.0,1,500.0,502.0,10.0,0.0,1,500.0,501.0,10.0,0.0,1,500.0,499.0,10.0,0.0,1,500.0,503.0,10.0,0.0,1
2026-03-23 16:01:40,1038.22,500.0,501.0,20.0,0.0,1,500.0,501.0,20.0,0.0,1,500.0,502.0,10.0,0.0,1,500.0,501.0,10.0,0.0,1,500.0,499.0,10.0,0.0,1,500.0,504.0,10.0,0.0,1
2026-03-23 16:01:41,1038.97,500.0,499.0,20.0,0.0,1,500.0,501.0,20.0,0.0,1,500.0,502.0,10.0,0.0,1,500.0,501.0,10.0,0.0,1,500.0,499.0,10.0,0.0,1,500.0,502.0,10.0,0.0,1
2026-03-23 16:01:42,1039.7,500.0,497.0,20.0,0.0,1,500.0,501.0,20.0,0.0,1,500.0,502.0,10.0,0.0,1,500.0,501.0,10.0,0.0,1,500.0,499.0,10.0,0.0,1,500.0,503.0,10.0,0.0,1
2026-03-23 16:01:42,1040.44,500.0,506.0,20.0,0.0,1,500.0,501.0,20.0,0.0,1,500.0,502.0,10.0,0.0,1,500.0,501.0,10.0,0.0,1,500.0,501.0,10.0,0.0,1,500.0,504.0,10.0,0.0,1
2026-03-23 16:01:43,1041.18,500.0,505.0,20.0,0.0,1,500.0,501.0,20.0,0.0,1,500.0,502.0,10.0,0.0,1,500.0,501.0,10.0,0.0,1,500.0,501.0,10.0,0.0,1,500.0,504.0,10.0,0.0,1
2026-03-23 16:01:44,1041.91,500.0,504.0,20.0,0.10000000149011612,1,500.0,501.0,20.0,0.0,1,500.0,502.0,10.0,0.0,1,500.0,501.0,10.0,0.0,1,500.0,502.0,10.0,0.0,1,500.0,504.0,10.0,0.0,1
2026-03-23 16:01:44,1042.65,500.0,518.0,20.0,0.10000000149011612,1,500.0,501.0,20.0,0.0,1,500.0,502.0,10.0,0.0,1,500.0,502.0,10.0,0.0,1,500.0,499.0,10.0,0.0,1,500.0,504.0,10.0,0.0,1
2026-03-23 16:01:45,1043.39,500.0,516.0,20.0,0.30000001192092896,1,500.0,501.0,20.0,0.0,1,500.0,502.0,10.0,0.0,1,500.0,501.0,10.0,0.0,1,500.0,499.0,10.0,0.0,1,500.0,503.0,10.0,0.0,1
2026-03-23 16:01:46,1044.13,500.0,498.0,20.0,0.0,1,500.0,501.0,20.0,0.0,1,500.0,503.0,10.0,0.0,1,500.0,502.0,10.0,0.0,1,500.0,501.0,10.0,0.0,1,500.0,503.0,10.0,0.0,1
2026-03-23 16:01:47,1044.87,500.0,499.0,20.0,0.0,1,500.0,501.0,20.0,0.0,1,500.0,502.0,10.0,0.0,1,500.0,501.0,10.0,0.0,1,500.0,501.0,10.0,0.0,1,500.0,503.0,10.0,0.0,1
2026-03-23 16:01:47,1045.63,500.0,532.0,20.0,0.0,1,500.0,501.0,20.0,0.0,1,500.0,502.0,10.0,0.0,1,500.0,501.0,10.0,0.0,1,500.0,501.0,10.0,0.0,1,500.0,503.0,10.0,0.0,1
2026-03-23 16:01:48,1046.38,500.0,497.0,20.0,0.0,1,500.0,501.0,20.0,0.0,1,500.0,502.0,10.0,0.0,1,500.0,501.0,10.0,0.0,1,500.0,502.0,10.0,0.0,1,500.0,503.0,10.0,0.0,1
2026-03-23 16:01:49,1047.13,500.0,510.0,20.0,0.0,1,500.0,501.0,20.0,0.0,1,500.0,502.0,10.0,0.0,1,500.0,501.0,10.0,0.0,1,500.0,501.0,10.0,0.0,1,500.0,503.0,10.0,0.0,1
2026-03-23 16:01:50,1047.85,500.0,509.0,20.0,0.0,1,500.0,501.0,20.0,0.0,1,500.0,502.0,10.0,0.0,1,500.0,501.0,10.0,0.0,1,500.0,501.0,10.0,0.0,1,500.0,503.0,10.0,0.0,1
2026-03-23 16:01:50,1048.6,500.0,492.0,20.0,0.0,1,500.0,501.0,20.0,0.0,1,500.0,501.0,10.0,0.0,1,500.0,501.0,10.0,0.0,1,500.0,501.0,10.0,0.0,1,500.0,502.0,10.0,0.0,1
2026-03-23 16:01:51,1049.33,500.0,520.0,20.0,0.20000000298023224,1,500.0,500.0,20.0,0.0,1,500.0,501.0,10.0,0.0,1,500.0,501.0,10.0,0.0,1,500.0,501.0,10.0,0.0,1,500.0,504.0,10.0,0.0,1
2026-03-23 16:01:52,1050.06,500.0,489.0,20.0,0.0,1,500.0,501.0,20.0,0.0,1,500.0,502.0,10.0,0.0,1,500.0,503.0,10.0,0.0,1,500.0,501.0,10.0,0.0,1,500.0,502.0,10.0,0.0,1
2026-03-23 16:01:53,1050.8,500.0,504.0,20.0,0.0,1,500.0,500.0,20.0,0.0,1,500.0,502.0,10.0,0.0,1,500.0,501.0,10.0,0.0,1,500.0,502.0,10.0,0.0,1,500.0,502.0,10.0,0.0,1
2026-03-23 16:01:53,1051.55,500.0,501.0,20.0,0.0,1,500.0,501.0,20.0,0.0,1,500.0,502.0,10.0,0.0,1,500.0,499.0,10.0,0.0,1,500.0,501.0,10.0,0.0,1,500.0,503.0,10.0,0.0,1
2026-03-23 16:01:54,1052.31,500.0,485.0,20.0,0.0,1,500.0,501.0,20.0,0.0,1,500.0,502.0,10.0,0.0,1,500.0,501.0,10.0,0.0,1,500.0,501.0,10.0,0.0,1,500.0,502.0,10.0,0.0,1
2026-03-23 16:01:55,1053.06,500.0,521.0,20.0,0.0,1,500.0,501.0,20.0,0.0,1,500.0,501.0,10.0,0.0,1,500.0,501.0,10.0,0.0,1,500.0,501.0,10.0,0.0,1,500.0,503.0,10.0,0.0,1
2026-03-23 16:01:56,1053.81,500.0,474.0,20.0,0.0,1,500.0,502.0,20.0,0.0,1,500.0,501.0,10.0,0.0,1,500.0,501.0,10.0,0.0,1,500.0,501.0,10.0,0.0,1,500.0,503.0,10.0,0.0,1
2026-03-23 16:01:56,1054.53,500.0,504.0,20.0,0.10000000149011612,1,500.0,500.0,20.0,0.0,1,500.0,501.0,10.0,0.0,1,500.0,500.0,10.0,0.0,1,500.0,501.0,10.0,0.0,1,500.0,503.0,10.0,0.0,1
2026-03-23 16:01:57,1055.27,500.0,526.0,20.0,0.30000001192092896,1,500.0,501.0,20.0,0.0,1,500.0,501.0,10.0,0.0,1,500.0,500.0,10.0,0.0,1,500.0,501.0,10.0,0.0,1,500.0,503.0,10.0,0.0,1
2026-03-23 16:01:58,1056.0,500.0,492.0,20.0,0.0,1,500.0,501.0,20.0,0.0,1,500.0,501.0,10.0,0.0,1,500.0,501.0,10.0,0.0,1,500.0,501.0,10.0,0.0,1,500.0,504.0,10.0,0.0,1
2026-03-23 16:01:59,1056.74,500.0,510.0,20.0,0.0,1,500.0,501.0,20.0,0.0,1,500.0,501.0,10.0,0.0,1,500.0,503.0,10.0,0.0,1,500.0,502.0,10.0,0.0,1,500.0,504.0,10.0,0.0,1
2026-03-23 16:01:59,1057.49,500.0,500.0,20.0,0.0,1,500.0,501.0,20.0,0.0,1,500.0,501.0,10.0,0.0,1,500.0,501.0,10.0,0.0,1,500.0,502.0,10.0,0.0,1,500.0,504.0,10.0,0.0,1
2026-03-23 16:02:00,1058.23,500.0,519.0,20.0,0.0,1,500.0,501.0,20.0,0.0,1,500.0,501.0,10.0,0.0,1,500.0,501.0,10.0,0.0,1,500.0,502.0,10.0,0.0,1,500.0,504.0,10.0,0.0,1
2026-03-23 16:02:01,1058.97,500.0,496.0,20.0,0.0,1,500.0,501.0,20.0,0.0,1,500.0,501.0,10.0,0.0,1,500.0,501.0,10.0,0.0,1,500.0,502.0,10.0,0.0,1,500.0,504.0,10.0,0.0,1
2026-03-23 16:02:02,1059.72,500.0,505.0,20.0,0.10000000149011612,1,500.0,501.0,20.0,0.0,1,500.0,501.0,10.0,0.0,1,500.0,500.0,10.0,0.0,1,500.0,500.0,10.0,0.0,1,500.0,504.0,10.0,0.0,1
2026-03-23 16:02:02,1060.46,500.0,511.0,20.0,0.0,1,500.0,501.0,20.0,0.0,1,500.0,502.0,10.0,0.0,1,500.0,501.0,10.0,0.0,1,500.0,500.0,10.0,0.0,1,500.0,504.0,10.0,0.0,1
2026-03-23 16:02:03,1061.19,500.0,498.0,20.0,0.0,1,500.0,501.0,20.0,0.0,1,500.0,501.0,10.0,0.0,1,500.0,500.0,10.0,0.0,1,500.0,499.0,10.0,0.0,1,500.0,502.0,10.0,0.0,1
2026-03-23 16:02:04,1061.92,500.0,505.0,20.0,0.0,1,500.0,501.0,20.0,0.0,1,500.0,502.0,10.0,0.0,1,500.0,501.0,10.0,0.0,1,500.0,500.0,10.0,0.0,1,500.0,502.0,10.0,0.0,1
2026-03-23 16:02:04,1062.66,500.0,497.0,20.0,0.0,1,500.0,499.0,20.0,0.0,1,500.0,502.0,10.0,0.0,1,500.0,501.0,10.0,0.0,1,500.0,500.0,10.0,0.0,1,500.0,503.0,10.0,0.0,1
2026-03-23 16:02:05,1063.41,500.0,538.0,20.0,0.20000000298023224,1,500.0,501.0,20.0,0.0,1,500.0,502.0,10.0,0.0,1,500.0,501.0,10.0,0.0,1,500.0,500.0,10.0,0.0,1,500.0,503.0,10.0,0.0,1
2026-03-23 16:02:06,1064.15,500.0,491.0,20.0,0.0,1,500.0,501.0,20.0,0.0,1,500.0,502.0,10.0,0.0,1,500.0,501.0,10.0,0.0,1,500.0,501.0,10.0,0.0,1,500.0,501.0,10.0,0.0,1
2026-03-23 16:02:07,1064.87,500.0,500.0,20.0,0.20000000298023224,1,500.0,501.0,20.0,0.0,1,500.0,502.0,10.0,0.0,1,500.0,501.0,10.0,0.0,1,500.0,501.0,10.0,0.0,1,500.0,502.0,10.0,0.0,1
2026-03-23 16:02:07,1065.66,500.0,477.0,20.0,0.0,1,500.0,502.0,20.0,0.0,1,500.0,502.0,10.0,0.0,1,500.0,500.0,10.0,0.0,1,500.0,500.0,10.0,0.0,1,500.0,503.0,10.0,0.0,1
2026-03-23 16:02:08,1066.4,500.0,513.0,20.0,0.0,1,500.0,502.0,20.0,0.0,1,500.0,502.0,10.0,0.0,1,500.0,500.0,10.0,0.0,1,500.0,505.0,10.0,0.0,1,500.0,503.0,10.0,0.0,1
2026-03-23 16:02:09,1067.14,500.0,507.0,20.0,0.0,1,500.0,502.0,20.0,0.0,1,500.0,503.0,10.0,0.0,1,500.0,500.0,10.0,0.0,1,500.0,501.0,10.0,0.0,1,500.0,503.0,10.0,0.0,1
2026-03-23 16:02:10,1067.87,500.0,512.0,20.0,0.0,1,500.0,501.0,20.0,0.0,1,500.0,502.0,10.0,0.0,1,500.0,500.0,10.0,0.0,1,500.0,500.0,10.0,0.0,1,500.0,504.0,10.0,0.0,1
2026-03-23 16:02:10,1068.63,500.0,491.0,20.0,0.0,1,500.0,501.0,20.0,0.0,1,500.0,502.0,10.0,0.0,1,500.0,500.0,10.0,0.0,1,500.0,501.0,10.0,0.0,1,500.0,503.0,10.0,0.0,1
2026-03-23 16:02:11,1069.36,500.0,532.0,20.0,0.10000000149011612,1,500.0,501.0,20.0,0.0,1,500.0,502.0,10.0,0.0,1,500.0,501.0,10.0,0.0,1,500.0,499.0,10.0,0.0,1,500.0,503.0,10.0,0.0,1
2026-03-23 16:02:12,1070.09,500.0,507.0,20.0,0.10000000149011612,1,500.0,500.0,20.0,0.0,1,500.0,502.0,10.0,0.0,1,500.0,502.0,10.0,0.0,1,500.0,501.0,10.0,0.0,1,500.0,503.0,10.0,0.0,1
2026-03-23 16:02:13,1070.82,500.0,515.0,20.0,0.0,1,500.0,501.0,20.0,0.0,1,500.0,503.0,10.0,0.0,1,500.0,502.0,10.0,0.0,1,500.0,500.0,10.0,0.0,1,500.0,503.0,10.0,0.0,1
2026-03-23 16:02:13,1071.57,500.0,488.0,20.0,0.0,1,500.0,502.0,20.0,0.0,1,500.0,503.0,10.0,0.0,1,500.0,501.0,10.0,0.0,1,500.0,501.0,10.0,0.0,1,500.0,503.0,10.0,0.0,1
2026-03-23 16:02:14,1072.31,500.0,532.0,20.0,0.4000000059604645,1,500.0,501.0,20.0,0.0,1,500.0,503.0,10.0,0.0,1,500.0,501.0,10.0,0.0,1,500.0,502.0,10.0,0.0,1,500.0,503.0,10.0,0.0,1
2026-03-23 16:02:15,1073.06,500.0,486.0,20.0,0.0,1,500.0,501.0,20.0,0.0,1,500.0,503.0,10.0,0.0,1,500.0,501.0,10.0,0.0,1,500.0,500.0,10.0,0.0,1,500.0,503.0,10.0,0.0,1
2026-03-23 16:02:16,1073.8,500.0,518.0,20.0,0.0,1,500.0,500.0,20.0,0.0,1,500.0,502.0,10.0,0.0,1,500.0,501.0,10.0,0.0,1,500.0,501.0,10.0,0.0,1,500.0,505.0,10.0,0.0,1
2026-03-23 16:02:16,1074.53,500.0,503.0,20.0,0.0,1,500.0,502.0,20.0,0.0,1,500.0,502.0,10.0,0.0,1,500.0,502.0,10.0,0.0,1,500.0,501.0,10.0,0.0,1,500.0,504.0,10.0,0.0,1
2026-03-23 16:02:17,1075.25,500.0,505.0,20.0,0.0,1,500.0,501.0,20.0,0.0,1,500.0,502.0,10.0,0.0,1,500.0,502.0,10.0,0.0,1,500.0,501.0,10.0,0.0,1,500.0,503.0,10.0,0.0,1
2026-03-23 16:02:18,1075.98,500.0,508.0,20.0,0.10000000149011612,1,500.0,501.0,20.0,0.0,1,500.0,502.0,10.0,0.0,1,500.0,502.0,10.0,0.0,1,500.0,500.0,10.0,0.0,1,500.0,503.0,10.0,0.0,1
2026-03-23 16:02:19,1076.78,500.0,522.0,20.0,0.0,1,500.0,500.0,20.0,0.0,1,500.0,502.0,10.0,0.0,1,500.0,500.0,10.0,0.0,1,500.0,502.0,10.0,0.0,1,500.0,503.0,10.0,0.0,1
2026-03-23 16:02:19,1077.52,500.0,491.0,20.0,0.0,1,500.0,501.0,20.0,0.0,1,500.0,502.0,10.0,0.0,1,500.0,502.0,10.0,0.0,1,500.0,498.0,10.0,0.0,1,500.0,504.0,10.0,0.0,1
2026-03-23 16:02:20,1078.28,500.0,523.0,20.0,0.20000000298023224,1,500.0,501.0,20.0,0.0,1,500.0,502.0,10.0,0.0,1,500.0,503.0,10.0,0.0,1,500.0,500.0,10.0,0.0,1,500.0,504.0,10.0,0.0,1
2026-03-23 16:02:21,1079.01,500.0,509.0,20.0,0.10000000149011612,1,500.0,501.0,20.0,0.0,1,500.0,502.0,10.0,0.0,1,500.0,501.0,10.0,0.0,1,500.0,501.0,10.0,0.0,1,500.0,503.0,10.0,0.0,1
2026-03-23 16:02:22,1079.75,500.0,520.0,20.0,0.0,1,500.0,501.0,20.0,0.0,1,500.0,502.0,10.0,0.0,1,500.0,502.0,10.0,0.0,1,500.0,499.0,10.0,0.0,1,500.0,504.0,10.0,0.0,1
2026-03-23 16:02:22,1080.48,500.0,494.0,20.0,0.10000000149011612,1,500.0,501.0,20.0,0.0,1,500.0,502.0,10.0,0.0,1,500.0,502.0,10.0,0.0,1,500.0,501.0,10.0,0.0,1,500.0,504.0,10.0,0.0,1
2026-03-23 16:02:23,1081.22,500.0,513.0,20.0,0.0,1,500.0,500.0,20.0,0.0,1,500.0,502.0,10.0,0.0,1,500.0,500.0,10.0,0.0,1,500.0,501.0,10.0,0.0,1,500.0,504.0,10.0,0.0,1
2026-03-23 16:02:24,1081.95,500.0,487.0,20.0,0.0,1,500.0,501.0,20.0,0.0,1,500.0,502.0,10.0,0.0,1,500.0,501.0,10.0,0.0,1,500.0,501.0,10.0,0.0,1,500.0,503.0,10.0,0.0,1
2026-03-23 16:02:24,1082.68,500.0,527.0,20.0,0.0,1,500.0,502.0,20.0,0.0,1,500.0,502.0,10.0,0.0,1,500.0,502.0,10.0,0.0,1,500.0,501.0,10.0,0.0,1,500.0,503.0,10.0,0.0,1
2026-03-23 16:02:25,1083.43,500.0,485.0,20.0,0.0,1,500.0,502.0,20.0,0.0,1,500.0,502.0,10.0,0.0,1,500.0,501.0,10.0,0.0,1,500.0,501.0,10.0,0.0,1,500.0,502.0,10.0,0.0,1
2026-03-23 16:02:26,1084.16,500.0,500.0,20.0,0.20000000298023224,1,500.0,502.0,20.0,0.0,1,500.0,502.0,10.0,0.0,1,500.0,501.0,10.0,0.0,1,500.0,501.0,10.0,0.0,1,500.0,502.0,10.0,0.0,1
2026-03-23 16:02:27,1084.91,500.0,538.0,20.0,0.10000000149011612,1,500.0,501.0,20.0,0.0,1,500.0,502.0,10.0,0.0,1,500.0,502.0,10.0,0.0,1,500.0,502.0,10.0,0.0,1,500.0,503.0,10.0,0.0,1
2026-03-23 16:02:27,1085.65,500.0,488.0,20.0,0.0,1,500.0,501.0,20.0,0.0,1,500.0,501.0,10.0,0.0,1,500.0,501.0,10.0,0.0,1,500.0,502.0,10.0,0.0,1,500.0,503.0,10.0,0.0,1
2026-03-23 16:02:28,1086.36,500.0,510.0,20.0,0.10000000149011612,1,500.0,501.0,20.0,0.0,1,500.0,501.0,10.0,0.0,1,500.0,500.0,10.0,0.0,1,500.0,502.0,10.0,0.0,1,500.0,504.0,10.0,0.0,1
2026-03-23 16:02:29,1087.09,500.0,512.0,20.0,0.0,1,500.0,501.0,20.0,0.0,1,500.0,502.0,10.0,0.0,1,500.0,501.0,10.0,0.0,1,500.0,502.0,10.0,0.0,1,500.0,502.0,10.0,0.0,1
2026-03-23 16:02:30,1087.83,500.0,487.0,20.0,0.0,1,500.0,501.0,20.0,0.0,1,500.0,503.0,10.0,0.0,1,500.0,501.0,10.0,0.0,1,500.0,500.0,10.0,0.0,1,500.0,502.0,10.0,0.0,1
2026-03-23 16:02:30,1088.55,500.0,513.0,20.0,0.0,1,500.0,501.0,20.0,0.0,1,500.0,503.0,10.0,0.0,1,500.0,501.0,10.0,0.0,1,500.0,502.0,10.0,0.0,1,500.0,503.0,10.0,0.0,1
2026-03-23 16:02:31,1089.3,500.0,514.0,20.0,0.10000000149011612,1,500.0,501.0,20.0,0.0,1,500.0,502.0,10.0,0.0,1,500.0,502.0,10.0,0.0,1,500.0,500.0,10.0,0.0,1,500.0,503.0,10.0,0.0,1
2026-03-23 16:02:32,1090.05,500.0,492.0,20.0,0.0,1,500.0,501.0,20.0,0.0,1,500.0,502.0,10.0,0.0,1,500.0,501.0,10.0,0.0,1,500.0,501.0,10.0,0.0,1,500.0,503.0,10.0,0.0,1
2026-03-23 16:02:33,1090.78,500.0,497.0,20.0,0.0,1,500.0,501.0,20.0,0.0,1,500.0,502.0,10.0,0.0,1,500.0,501.0,10.0,0.0,1,500.0,499.0,10.0,0.0,1,500.0,504.0,10.0,0.0,1
2026-03-23 16:02:33,1091.53,500.0,506.0,20.0,0.0,1,500.0,501.0,20.0,0.0,1,500.0,502.0,10.0,0.0,1,500.0,500.0,10.0,0.0,1,500.0,502.0,10.0,0.0,1,500.0,504.0,10.0,0.0,1
2026-03-23 16:02:34,1092.26,500.0,497.0,20.0,0.0,1,500.0,503.0,20.0,0.0,1,500.0,501.0,10.0,0.0,1,500.0,501.0,10.0,0.0,1,500.0,502.0,10.0,0.0,1,500.0,503.0,10.0,0.0,1
2026-03-23 16:02:35,1093.0,500.0,508.0,20.0,0.0,1,500.0,502.0,20.0,0.0,1,500.0,502.0,10.0,0.0,1,500.0,501.0,10.0,0.0,1,500.0,502.0,10.0,0.0,1,500.0,503.0,10.0,0.0,1
2026-03-23 16:02:36,1093.72,500.0,525.0,20.0,0.20000000298023224,1,500.0,501.0,20.0,0.0,1,500.0,502.0,10.0,0.0,1,500.0,501.0,10.0,0.0,1,500.0,500.0,10.0,0.0,1,500.0,504.0,10.0,0.0,1
2026-03-23 16:02:36,1094.49,500.0,473.0,20.0,0.0,1,500.0,501.0,20.0,0.0,1,500.0,502.0,10.0,0.0,1,500.0,499.0,10.0,0.0,1,500.0,502.0,10.0,0.0,1,500.0,503.0,10.0,0.0,1
2026-03-23 16:02:37,1095.24,500.0,509.0,20.0,0.0,1,500.0,501.0,20.0,0.0,1,500.0,502.0,10.0,0.0,1,500.0,500.0,10.0,0.0,1,500.0,500.0,10.0,0.0,1,500.0,503.0,10.0,0.0,1
2026-03-23 16:02:38,1095.98,500.0,534.0,20.0,0.0,1,500.0,501.0,20.0,0.0,1,500.0,502.0,10.0,0.0,1,500.0,500.0,10.0,0.0,1,500.0,500.0,10.0,0.0,1,500.0,503.0,10.0,0.0,1
2026-03-23 16:02:39,1096.72,500.0,506.0,20.0,0.0,1,500.0,501.0,20.0,0.0,1,500.0,501.0,10.0,0.0,1,500.0,502.0,10.0,0.0,1,500.0,501.0,10.0,0.0,1,500.0,504.0,10.0,0.0,1
2026-03-23 16:02:39,1097.47,500.0,508.0,20.0,0.0,1,500.0,501.0,20.0,0.0,1,500.0,501.0,10.0,0.0,1,500.0,502.0,10.0,0.0,1,500.0,501.0,10.0,0.0,1,500.0,504.0,10.0,0.0,1
2026-03-23 16:02:40,1098.24,500.0,499.0,20.0,0.0,1,500.0,501.0,20.0,0.0,1,500.0,503.0,10.0,0.0,1,500.0,502.0,10.0,0.0,1,500.0,500.0,10.0,0.0,1,500.0,503.0,10.0,0.0,1
2026-03-23 16:02:41,1098.97,500.0,509.0,20.0,0.0,1,500.0,501.0,20.0,0.0,1,500.0,503.0,10.0,0.0,1,500.0,502.0,10.0,0.0,1,500.0,502.0,10.0,0.0,1,500.0,503.0,10.0,0.0,1
2026-03-23 16:02:42,1099.71,500.0,501.0,20.0,0.0,1,500.0,501.0,20.0,0.0,1,500.0,503.0,10.0,0.0,1,500.0,502.0,10.0,0.0,1,500.0,500.0,10.0,0.0,1,500.0,503.0,10.0,0.0,1
2026-03-23 16:02:42,1100.45,500.0,506.0,20.0,0.0,1,500.0,501.0,20.0,0.0,1,500.0,502.0,10.0,0.0,1,500.0,501.0,10.0,0.0,1,500.0,500.0,10.0,0.0,1,500.0,502.0,10.0,0.0,1
2026-03-23 16:02:43,1101.18,500.0,524.0,20.0,0.0,1,500.0,502.0,20.0,0.0,1,500.0,502.0,10.0,0.0,1,500.0,502.0,10.0,0.0,1,500.0,501.0,10.0,0.0,1,500.0,502.0,10.0,0.0,1
2026-03-23 16:02:44,1101.91,500.0,477.0,20.0,0.0,1,500.0,502.0,20.0,0.0,1,500.0,502.0,10.0,0.0,1,500.0,502.0,10.0,0.0,1,500.0,501.0,10.0,0.0,1,500.0,502.0,10.0,0.0,1
2026-03-23 16:02:44,1102.65,500.0,496.0,20.0,0.0,1,500.0,502.0,20.0,0.0,1,500.0,502.0,10.0,0.0,1,500.0,500.0,10.0,0.0,1,500.0,501.0,10.0,0.0,1,500.0,502.0,10.0,0.0,1
2026-03-23 16:02:45,1103.38,500.0,523.0,20.0,0.0,1,500.0,501.0,20.0,0.0,1,500.0,502.0,10.0,0.0,1,500.0,501.0,10.0,0.0,1,500.0,501.0,10.0,0.0,1,500.0,502.0,10.0,0.0,1
2026-03-23 16:02:46,1104.11,500.0,483.0,20.0,0.0,1,500.0,501.0,20.0,0.0,1,500.0,502.0,10.0,0.0,1,500.0,502.0,10.0,0.0,1,500.0,502.0,10.0,0.0,1,500.0,502.0,10.0,0.0,1
2026-03-23 16:02:47,1104.85,500.0,521.0,20.0,0.30000001192092896,1,500.0,501.0,20.0,0.0,1,500.0,502.0,10.0,0.0,1,500.0,501.0,10.0,0.0,1,500.0,502.0,10.0,0.0,1,500.0,502.0,10.0,0.0,1
2026-03-23 16:02:47,1105.6,500.0,510.0,20.0,0.0,1,500.0,501.0,20.0,0.0,1,500.0,502.0,10.0,0.0,1,500.0,502.0,10.0,0.0,1,500.0,499.0,10.0,0.0,1,500.0,504.0,10.0,0.0,1
2026-03-23 16:02:48,1106.41,500.0,515.0,20.0,0.10000000149011612,1,500.0,501.0,20.0,0.0,1,500.0,502.0,10.0,0.0,1,500.0,502.0,10.0,0.0,1,500.0,502.0,10.0,0.0,1,500.0,503.0,10.0,0.0,1
2026-03-23 16:02:49,1107.13,500.0,494.0,20.0,0.0,1,500.0,501.0,20.0,0.0,1,500.0,502.0,10.0,0.0,1,500.0,501.0,10.0,0.0,1,500.0,502.0,10.0,0.0,1,500.0,503.0,10.0,0.0,1
2026-03-23 16:02:50,1107.88,500.0,516.0,20.0,0.10000000149011612,1,500.0,501.0,20.0,0.0,1,500.0,502.0,10.0,0.0,1,500.0,501.0,10.0,0.0,1,500.0,501.0,10.0,0.0,1,500.0,503.0,10.0,0.0,1
2026-03-23 16:02:50,1108.62,500.0,513.0,20.0,0.20000000298023224,1,500.0,501.0,20.0,0.0,1,500.0,502.0,10.0,0.0,1,500.0,503.0,10.0,0.0,1,500.0,501.0,10.0,0.0,1,500.0,503.0,10.0,0.0,1
2026-03-23 16:02:51,1109.36,500.0,522.0,20.0,0.20000000298023224,1,500.0,500.0,20.0,0.0,1,500.0,502.0,10.0,0.0,1,500.0,503.0,10.0,0.0,1,500.0,501.0,10.0,0.0,1,500.0,502.0,10.0,0.0,1
2026-03-23 16:02:52,1110.09,500.0,480.0,20.0,0.0,1,500.0,500.0,20.0,0.0,1,500.0,502.0,10.0,0.0,1,500.0,502.0,10.0,0.0,1,500.0,498.0,10.0,0.0,1,500.0,503.0,10.0,0.0,1
2026-03-23 16:02:53,1110.83,500.0,512.0,20.0,0.0,1,500.0,500.0,20.0,0.0,1,500.0,502.0,10.0,0.0,1,500.0,502.0,10.0,0.0,1,500.0,502.0,10.0,0.0,1,500.0,503.0,10.0,0.0,1
2026-03-23 16:02:53,1111.56,500.0,499.0,20.0,0.0,1,500.0,500.0,20.0,0.0,1,500.0,501.0,10.0,0.0,1,500.0,501.0,10.0,0.0,1,500.0,502.0,10.0,0.0,1,500.0,503.0,10.0,0.0,1
2026-03-23 16:02:54,1112.3,500.0,506.0,20.0,0.0,1,500.0,502.0,20.0,0.0,1,500.0,502.0,10.0,0.0,1,500.0,501.0,10.0,0.0,1,500.0,502.0,10.0,0.0,1,500.0,503.0,10.0,0.0,1
2026-03-23 16:02:55,1113.04,500.0,520.0,20.0,0.20000000298023224,1,500.0,502.0,20.0,0.0,1,500.0,502.0,10.0,0.0,1,500.0,502.0,10.0,0.0,1,500.0,501.0,10.0,0.0,1,500.0,503.0,10.0,0.0,1
2026-03-23 16:02:56,1113.78,500.0,483.0,20.0,0.0,1,500.0,502.0,20.0,0.0,1,500.0,502.0,10.0,0.0,1,500.0,500.0,10.0,0.0,1,500.0,501.0,10.0,0.0,1,500.0,503.0,10.0,0.0,1
2026-03-23 16:02:56,1114.55,500.0,507.0,20.0,0.10000000149011612,1,500.0,501.0,20.0,0.0,1,500.0,502.0,10.0,0.0,1,500.0,500.0,10.0,0.0,1,500.0,501.0,10.0,0.0,1,500.0,504.0,10.0,0.0,1
2026-03-23 16:02:57,1115.28,500.0,500.0,20.0,0.0,1,500.0,501.0,20.0,0.0,1,500.0,502.0,10.0,0.0,1,500.0,501.0,10.0,0.0,1,500.0,501.0,10.0,0.0,1,500.0,502.0,10.0,0.0,1
2026-03-23 16:02:58,1116.0,500.0,473.0,20.0,0.0,1,500.0,501.0,20.0,0.0,1,500.0,502.0,10.0,0.0,1,500.0,501.0,10.0,0.0,1,500.0,501.0,10.0,0.0,1,500.0,504.0,10.0,0.0,1
2026-03-23 16:02:59,1116.74,500.0,517.0,20.0,0.0,1,500.0,501.0,20.0,0.0,1,500.0,502.0,10.0,0.0,1,500.0,501.0,10.0,0.0,1,500.0,501.0,10.0,0.0,1,500.0,503.0,10.0,0.0,1
2026-03-23 16:02:59,1117.48,500.0,485.0,20.0,0.0,1,500.0,501.0,20.0,0.0,1,500.0,502.0,10.0,0.0,1,500.0,500.0,10.0,0.0,1,500.0,501.0,10.0,0.0,1,500.0,503.0,10.0,0.0,1
2026-03-23 16:03:00,1118.21,500.0,507.0,20.0,0.0,1,500.0,502.0,20.0,0.0,1,500.0,502.0,10.0,0.0,1,500.0,500.0,10.0,0.0,1,500.0,501.0,10.0,0.0,1,500.0,503.0,10.0,0.0,1
2026-03-23 16:03:01,1118.94,500.0,496.0,20.0,0.0,1,500.0,501.0,20.0,0.0,1,500.0,502.0,10.0,0.0,1,500.0,500.0,10.0,0.0,1,500.0,501.0,10.0,0.0,1,500.0,504.0,10.0,0.0,1
2026-03-23 16:03:01,1119.68,500.0,524.0,20.0,0.0,1,500.0,501.0,20.0,0.0,1,500.0,502.0,10.0,0.0,1,500.0,501.0,10.0,0.0,1,500.0,501.0,10.0,0.0,1,500.0,503.0,10.0,0.0,1
2026-03-23 16:03:02,1120.41,500.0,487.0,20.0,0.0,1,500.0,501.0,20.0,0.0,1,500.0,502.0,10.0,0.0,1,500.0,501.0,10.0,0.0,1,500.0,502.0,10.0,0.0,1,500.0,502.0,10.0,0.0,1
2026-03-23 16:03:03,1121.15,500.0,483.0,20.0,0.0,1,500.0,501.0,20.0,0.0,1,500.0,502.0,10.0,0.0,1,500.0,501.0,10.0,0.0,1,500.0,501.0,10.0,0.0,1,500.0,503.0,10.0,0.0,1
2026-03-23 16:03:04,1121.9,500.0,500.0,20.0,0.0,1,500.0,501.0,20.0,0.0,1,500.0,502.0,10.0,0.0,1,500.0,502.0,10.0,0.0,1,500.0,502.0,10.0,0.0,1,500.0,503.0,10.0,0.0,1
2026-03-23 16:03:04,1122.64,500.0,500.0,20.0,0.10000000149011612,1,500.0,501.0,20.0,0.0,1,500.0,502.0,10.0,0.0,1,500.0,503.0,10.0,0.0,1,500.0,500.0,10.0,0.0,1,500.0,503.0,10.0,0.0,1
2026-03-23 16:03:05,1123.39,500.0,492.0,20.0,0.0,1,500.0,502.0,20.0,0.0,1,500.0,502.0,10.0,0.0,1,500.0,502.0,10.0,0.0,1,500.0,500.0,10.0,0.0,1,500.0,503.0,10.0,0.0,1
2026-03-23 16:03:06,1124.13,500.0,497.0,20.0,0.0,1,500.0,501.0,20.0,0.0,1,500.0,501.0,10.0,0.0,1,500.0,501.0,10.0,0.0,1,500.0,502.0,10.0,0.0,1,500.0,503.0,10.0,0.0,1
2026-03-23 16:03:07,1124.86,500.0,501.0,20.0,0.0,1,500.0,501.0,20.0,0.0,1,500.0,501.0,10.0,0.0,1,500.0,500.0,10.0,0.0,1,500.0,502.0,10.0,0.0,1,500.0,503.0,10.0,0.0,1
2026-03-23 16:03:07,1125.63,500.0,507.0,20.0,0.0,1,500.0,502.0,20.0,0.0,1,500.0,502.0,10.0,0.0,1,500.0,502.0,10.0,0.0,1,500.0,502.0,10.0,0.0,1,500.0,503.0,10.0,0.0,1
2026-03-23 16:03:08,1126.37,500.0,521.0,20.0,0.20000000298023224,1,500.0,501.0,20.0,0.0,1,500.0,501.0,10.0,0.0,1,500.0,502.0,10.0,0.0,1,500.0,500.0,10.0,0.0,1,500.0,504.0,10.0,0.0,1
2026-03-23 16:03:09,1127.1,500.0,488.0,20.0,0.10000000149011612,1,500.0,500.0,20.0,0.0,1,500.0,501.0,10.0,0.0,1,500.0,502.0,10.0,0.0,1,500.0,501.0,10.0,0.0,1,500.0,503.0,10.0,0.0,1
2026-03-23 16:03:10,1127.84,500.0,505.0,20.0,0.10000000149011612,1,500.0,500.0,20.0,0.0,1,500.0,502.0,10.0,0.0,1,500.0,502.0,10.0,0.0,1,500.0,500.0,10.0,0.0,1,500.0,504.0,10.0,0.0,1
2026-03-23 16:03:10,1128.58,500.0,512.0,20.0,0.20000000298023224,1,500.0,501.0,20.0,0.0,1,500.0,502.0,10.0,0.0,1,500.0,502.0,10.0,0.0,1,500.0,500.0,10.0,0.0,1,500.0,503.0,10.0,0.0,1
2026-03-23 16:03:11,1129.31,500.0,505.0,20.0,0.10000000149011612,1,500.0,501.0,20.0,0.0,1,500.0,502.0,10.0,0.0,1,500.0,501.0,10.0,0.0,1,500.0,500.0,10.0,0.0,1,500.0,503.0,10.0,0.0,1
2026-03-23 16:03:12,1130.06,500.0,508.0,20.0,0.0,1,500.0,500.0,20.0,0.0,1,500.0,502.0,10.0,0.0,1,500.0,502.0,10.0,0.0,1,500.0,500.0,10.0,0.0,1,500.0,503.0,10.0,0.0,1
2026-03-23 16:03:13,1130.78,500.0,492.0,20.0,0.10000000149011612,1,500.0,502.0,20.0,0.0,1,500.0,502.0,10.0,0.0,1,500.0,503.0,10.0,0.0,1,500.0,500.0,10.0,0.0,1,500.0,503.0,10.0,0.0,1
2026-03-23 16:03:13,1131.51,500.0,505.0,20.0,0.0,1,500.0,502.0,20.0,0.0,1,500.0,502.0,10.0,0.0,1,500.0,503.0,10.0,0.0,1,500.0,500.0,10.0,0.0,1,500.0,503.0,10.0,0.0,1
2026-03-23 16:03:14,1132.22,500.0,522.0,20.0,0.4000000059604645,1,500.0,502.0,20.0,0.0,1,500.0,502.0,10.0,0.0,1,500.0,502.0,10.0,0.0,1,500.0,499.0,10.0,0.0,1,500.0,503.0,10.0,0.0,1
2026-03-23 16:03:15,1132.96,500.0,523.0,20.0,0.0,1,500.0,502.0,20.0,0.0,1,500.0,502.0,10.0,0.0,1,500.0,501.0,10.0,0.0,1,500.0,500.0,10.0,0.0,1,500.0,502.0,10.0,0.0,1
2026-03-23 16:03:15,1133.68,500.0,489.0,20.0,0.0,1,500.0,502.0,20.0,0.0,1,500.0,502.0,10.0,0.0,1,500.0,501.0,10.0,0.0,1,500.0,501.0,10.0,0.0,1,500.0,502.0,10.0,0.0,1
2026-03-23 16:03:16,1134.41,500.0,500.0,20.0,0.0,1,500.0,502.0,20.0,0.0,1,500.0,502.0,10.0,0.0,1,500.0,501.0,10.0,0.0,1,500.0,502.0,10.0,0.0,1,500.0,503.0,10.0,0.0,1
2026-03-23 16:03:17,1135.14,500.0,524.0,20.0,0.0,1,500.0,501.0,20.0,0.0,1,500.0,502.0,10.0,0.0,1,500.0,501.0,10.0,0.0,1,500.0,502.0,10.0,0.0,1,500.0,502.0,10.0,0.0,1
2026-03-23 16:03:18,1135.89,500.0,474.0,20.0,0.0,1,500.0,501.0,20.0,0.0,1,500.0,502.0,10.0,0.0,1,500.0,501.0,10.0,0.0,1,500.0,502.0,10.0,0.0,1,500.0,504.0,10.0,0.0,1
2026-03-23 16:03:19,1136.72,500.0,527.0,20.0,0.0,1,500.0,501.0,20.0,0.0,1,500.0,502.0,10.0,0.0,1,500.0,501.0,10.0,0.0,1,500.0,500.0,10.0,0.0,1,500.0,504.0,10.0,0.0,1
2026-03-23 16:03:19,1137.51,500.0,478.0,20.0,0.0,1,500.0,501.0,20.0,0.0,1,500.0,502.0,10.0,0.0,1,500.0,501.0,10.0,0.0,1,500.0,501.0,10.0,0.0,1,500.0,504.0,10.0,0.0,1
2026-03-23 16:03:20,1138.26,500.0,500.0,20.0,0.20000000298023224,1,500.0,501.0,20.0,0.0,1,500.0,502.0,10.0,0.0,1,500.0,501.0,10.0,0.0,1,500.0,501.0,10.0,0.0,1,500.0,504.0,10.0,0.0,1
2026-03-23 16:03:21,1139.01,500.0,530.0,20.0,0.20000000298023224,1,500.0,501.0,20.0,0.0,1,500.0,503.0,10.0,0.0,1,500.0,500.0,10.0,0.0,1,500.0,501.0,10.0,0.0,1,500.0,502.0,10.0,0.0,1
2026-03-23 16:03:22,1139.74,500.0,487.0,20.0,0.0,1,500.0,501.0,20.0,0.0,1,500.0,502.0,10.0,0.0,1,500.0,500.0,10.0,0.0,1,500.0,501.0,10.0,0.0,1,500.0,504.0,10.0,0.0,1
2026-03-23 16:03:22,1140.45,500.0,508.0,20.0,0.0,1,500.0,499.0,20.0,0.0,1,500.0,502.0,10.0,0.0,1,500.0,500.0,10.0,0.0,1,500.0,501.0,10.0,0.0,1,500.0,503.0,10.0,0.0,1
2026-03-23 16:03:23,1141.18,500.0,498.0,20.0,0.0,1,500.0,500.0,20.0,0.0,1,500.0,502.0,10.0,0.0,1,500.0,500.0,10.0,0.0,1,500.0,501.0,10.0,0.0,1,500.0,502.0,10.0,0.0,1
2026-03-23 16:03:24,1141.91,500.0,530.0,20.0,0.0,1,500.0,501.0,20.0,0.0,1,500.0,502.0,10.0,0.0,1,500.0,501.0,10.0,0.0,1,500.0,501.0,10.0,0.0,1,500.0,502.0,10.0,0.0,1
2026-03-23 16:03:24,1142.65,500.0,494.0,20.0,0.0,1,500.0,501.0,20.0,0.0,1,500.0,502.0,10.0,0.0,1,500.0,502.0,10.0,0.0,1,500.0,501.0,10.0,0.0,1,500.0,503.0,10.0,0.0,1
2026-03-23 16:03:25,1143.4,500.0,498.0,20.0,0.0,1,500.0,501.0,20.0,0.0,1,500.0,502.0,10.0,0.0,1,500.0,502.0,10.0,0.0,1,500.0,501.0,10.0,0.0,1,500.0,505.0,10.0,0.0,1
2026-03-23 16:03:26,1144.14,500.0,516.0,20.0,0.10000000149011612,1,500.0,501.0,20.0,0.0,1,500.0,501.0,10.0,0.0,1,500.0,502.0,10.0,0.0,1,500.0,501.0,10.0,0.0,1,500.0,504.0,10.0,0.0,1
2026-03-23 16:03:27,1144.89,500.0,529.0,20.0,0.20000000298023224,1,500.0,501.0,20.0,0.0,1,500.0,501.0,10.0,0.0,1,500.0,501.0,10.0,0.0,1,500.0,501.0,10.0,0.0,1,500.0,504.0,10.0,0.0,1
2026-03-23 16:03:27,1145.64,500.0,486.0,20.0,0.0,1,500.0,500.0,20.0,0.0,1,500.0,502.0,10.0,0.0,1,500.0,501.0,10.0,0.0,1,500.0,501.0,10.0,0.0,1,500.0,503.0,10.0,0.0,1
2026-03-23 16:03:28,1146.43,500.0,510.0,20.0,0.0,1,500.0,500.0,20.0,0.0,1,500.0,501.0,10.0,0.0,1,500.0,501.0,10.0,0.0,1,500.0,500.0,10.0,0.0,1,500.0,503.0,10.0,0.0,1
2026-03-23 16:03:29,1147.23,500.0,483.0,20.0,0.0,1,500.0,501.0,20.0,0.0,1,500.0,501.0,10.0,0.0,1,500.0,501.0,10.0,0.0,1,500.0,501.0,10.0,0.0,1,500.0,501.0,10.0,0.0,1
2026-03-23 16:03:30,1147.97,500.0,495.0,20.0,0.0,1,500.0,501.0,20.0,0.0,1,500.0,501.0,10.0,0.0,1,500.0,501.0,10.0,0.0,1,500.0,499.0,10.0,0.0,1,500.0,501.0,10.0,0.0,1
2026-03-23 16:03:31,1148.73,500.0,496.0,20.0,0.0,1,500.0,501.0,20.0,0.0,1,500.0,502.0,10.0,0.0,1,500.0,500.0,10.0,0.0,1,500.0,500.0,10.0,0.0,1,500.0,504.0,10.0,0.0,1
2026-03-23 16:03:31,1149.51,500.0,507.0,20.0,0.20000000298023224,1,500.0,501.0,20.0,0.0,1,500.0,503.0,10.0,0.0,1,500.0,502.0,10.0,0.0,1,500.0,501.0,10.0,0.0,1,500.0,504.0,10.0,0.0,1
2026-03-23 16:03:32,1150.29,500.0,511.0,20.0,0.10000000149011612,1,500.0,501.0,20.0,0.0,1,500.0,502.0,10.0,0.0,1,500.0,501.0,10.0,0.0,1,500.0,501.0,10.0,0.0,1,500.0,504.0,10.0,0.0,1
2026-03-23 16:03:33,1151.04,500.0,525.0,20.0,0.0,1,500.0,501.0,20.0,0.0,1,500.0,503.0,10.0,0.0,1,500.0,500.0,10.0,0.0,1,500.0,501.0,10.0,0.0,1,500.0,504.0,10.0,0.0,1
2026-03-23 16:03:34,1151.77,500.0,519.0,20.0,0.10000000149011612,1,500.0,501.0,20.0,0.0,1,500.0,503.0,10.0,0.0,1,500.0,500.0,10.0,0.0,1,500.0,500.0,10.0,0.0,1,500.0,504.0,10.0,0.0,1
2026-03-23 16:03:34,1152.51,500.0,495.0,20.0,0.0,1,500.0,500.0,20.0,0.0,1,500.0,503.0,10.0,0.0,1,500.0,500.0,10.0,0.0,1,500.0,500.0,10.0,0.0,1,500.0,503.0,10.0,0.0,1
2026-03-23 16:03:35,1153.26,500.0,493.0,20.0,0.0,1,500.0,501.0,20.0,0.0,1,500.0,501.0,10.0,0.0,1,500.0,502.0,10.0,0.0,1,500.0,502.0,10.0,0.0,1,500.0,503.0,10.0,0.0,1
2026-03-23 16:03:36,1154.03,500.0,511.0,20.0,0.0,1,500.0,501.0,20.0,0.0,1,500.0,502.0,10.0,0.0,1,500.0,501.0,10.0,0.0,1,500.0,502.0,10.0,0.0,1,500.0,503.0,10.0,0.0,1
2026-03-23 16:03:37,1154.8,500.0,519.0,20.0,0.10000000149011612,1,500.0,501.0,20.0,0.0,1,500.0,502.0,10.0,0.0,1,500.0,500.0,10.0,0.0,1,500.0,500.0,10.0,0.0,1,500.0,503.0,10.0,0.0,1
2026-03-23 16:03:37,1155.53,500.0,489.0,20.0,0.0,1,500.0,501.0,20.0,0.0,1,500.0,502.0,10.0,0.0,1,500.0,501.0,10.0,0.0,1,500.0,504.0,10.0,0.0,1,500.0,503.0,10.0,0.0,1
2026-03-23 16:03:38,1156.26,500.0,492.0,20.0,0.0,1,500.0,501.0,20.0,0.0,1,500.0,502.0,10.0,0.0,1,500.0,499.0,10.0,0.0,1,500.0,501.0,10.0,0.0,1,500.0,503.0,10.0,0.0,1
2026-03-23 16:03:39,1157.0,500.0,508.0,20.0,0.0,1,500.0,501.0,20.0,0.0,1,500.0,502.0,10.0,0.0,1,500.0,501.0,10.0,0.0,1,500.0,501.0,10.0,0.0,1,500.0,503.0,10.0,0.0,1
2026-03-23 16:03:40,1157.75,500.0,511.0,20.0,0.10000000149011612,1,500.0,500.0,20.0,0.0,1,500.0,503.0,10.0,0.0,1,500.0,502.0,10.0,0.0,1,500.0,501.0,10.0,0.0,1,500.0,504.0,10.0,0.0,1
2026-03-23 16:03:40,1158.48,500.0,503.0,20.0,0.10000000149011612,1,500.0,500.0,20.0,0.0,1,500.0,503.0,10.0,0.0,1,500.0,499.0,10.0,0.0,1,500.0,501.0,10.0,0.0,1,500.0,503.0,10.0,0.0,1
2026-03-23 16:03:41,1159.23,500.0,510.0,20.0,0.0,1,500.0,502.0,20.0,0.0,1,500.0,502.0,10.0,0.0,1,500.0,500.0,10.0,0.0,1,500.0,501.0,10.0,0.0,1,500.0,502.0,10.0,0.0,1
2026-03-23 16:03:42,1159.95,500.0,509.0,20.0,0.0,1,500.0,501.0,20.0,0.0,1,500.0,502.0,10.0,0.0,1,500.0,501.0,10.0,0.0,1,500.0,500.0,10.0,0.0,1,500.0,503.0,10.0,0.0,1
2026-03-23 16:03:42,1160.69,500.0,504.0,20.0,0.0,1,500.0,501.0,20.0,0.0,1,500.0,502.0,10.0,0.0,1,500.0,502.0,10.0,0.0,1,500.0,500.0,10.0,0.0,1,500.0,503.0,10.0,0.0,1
2026-03-23 16:03:43,1161.43,500.0,526.0,20.0,0.0,1,500.0,501.0,20.0,0.0,1,500.0,502.0,10.0,0.0,1,500.0,501.0,10.0,0.0,1,500.0,501.0,10.0,0.0,1,500.0,503.0,10.0,0.0,1
2026-03-23 16:03:44,1162.16,500.0,507.0,20.0,0.0,1,500.0,501.0,20.0,0.0,1,500.0,503.0,10.0,0.0,1,500.0,501.0,10.0,0.0,1,500.0,501.0,10.0,0.0,1,500.0,503.0,10.0,0.0,1
2026-03-23 16:03:45,1162.9,500.0,507.0,20.0,0.0,1,500.0,501.0,20.0,0.0,1,500.0,503.0,10.0,0.0,1,500.0,501.0,10.0,0.0,1,500.0,502.0,10.0,0.0,1,500.0,503.0,10.0,0.0,1
2026-03-23 16:03:45,1163.65,500.0,485.0,20.0,0.0,1,500.0,501.0,20.0,0.0,1,500.0,502.0,10.0,0.0,1,500.0,501.0,10.0,0.0,1,500.0,500.0,10.0,0.0,1,500.0,503.0,10.0,0.0,1
2026-03-23 16:03:46,1164.4,500.0,508.0,20.0,0.10000000149011612,1,500.0,501.0,20.0,0.0,1,500.0,502.0,10.0,0.0,1,500.0,501.0,10.0,0.0,1,500.0,502.0,10.0,0.0,1,500.0,504.0,10.0,0.0,1
2026-03-23 16:03:47,1165.13,500.0,505.0,20.0,0.0,1,500.0,501.0,20.0,0.0,1,500.0,502.0,10.0,0.0,1,500.0,501.0,10.0,0.0,1,500.0,501.0,10.0,0.0,1,500.0,503.0,10.0,0.0,1
2026-03-23 16:03:48,1165.9,500.0,522.0,20.0,0.0,1,500.0,501.0,20.0,0.0,1,500.0,502.0,10.0,0.0,1,500.0,501.0,10.0,0.0,1,500.0,503.0,10.0,0.0,1,500.0,503.0,10.0,0.0,1
2026-03-23 16:03:48,1166.64,500.0,504.0,20.0,0.0,1,500.0,501.0,20.0,0.0,1,500.0,502.0,10.0,0.0,1,500.0,501.0,10.0,0.0,1,500.0,501.0,10.0,0.0,1,500.0,504.0,10.0,0.0,1
2026-03-23 16:03:49,1167.38,500.0,491.0,20.0,0.0,1,500.0,501.0,20.0,0.0,1,500.0,502.0,10.0,0.0,1,500.0,501.0,10.0,0.0,1,500.0,502.0,10.0,0.0,1,500.0,503.0,10.0,0.0,1
2026-03-23 16:03:50,1168.11,500.0,508.0,20.0,0.10000000149011612,1,500.0,501.0,20.0,0.0,1,500.0,502.0,10.0,0.0,1,500.0,503.0,10.0,0.0,1,500.0,500.0,10.0,0.0,1,500.0,503.0,10.0,0.0,1
2026-03-23 16:03:51,1168.85,500.0,505.0,20.0,0.0,1,500.0,501.0,20.0,0.0,1,500.0,502.0,10.0,0.0,1,500.0,501.0,10.0,0.0,1,500.0,504.0,10.0,0.0,1,500.0,502.0,10.0,0.0,1
2026-03-23 16:03:51,1169.6,500.0,488.0,20.0,0.0,1,500.0,501.0,20.0,0.0,1,500.0,502.0,10.0,0.0,1,500.0,503.0,10.0,0.0,1,500.0,500.0,10.0,0.0,1,500.0,501.0,10.0,0.0,1
2026-03-23 16:03:52,1170.35,500.0,525.0,20.0,0.10000000149011612,1,500.0,502.0,20.0,0.0,1,500.0,503.0,10.0,0.0,1,500.0,502.0,10.0,0.0,1,500.0,500.0,10.0,0.0,1,500.0,503.0,10.0,0.0,1
2026-03-23 16:03:53,1171.07,500.0,488.0,20.0,0.0,1,500.0,500.0,20.0,0.0,1,500.0,501.0,10.0,0.0,1,500.0,502.0,10.0,0.0,1,500.0,501.0,10.0,0.0,1,500.0,503.0,10.0,0.0,1
2026-03-23 16:03:54,1171.84,500.0,519.0,20.0,0.0,1,500.0,500.0,20.0,0.0,1,500.0,503.0,10.0,0.0,1,500.0,503.0,10.0,0.0,1,500.0,505.0,10.0,0.0,1,500.0,503.0,10.0,0.0,1
2026-03-23 16:03:54,1172.56,500.0,473.0,20.0,0.0,1,500.0,501.0,20.0,0.0,1,500.0,503.0,10.0,0.0,1,500.0,502.0,10.0,0.0,1,500.0,497.0,10.0,0.0,1,500.0,503.0,10.0,0.0,1
2026-03-23 16:03:55,1173.29,500.0,508.0,20.0,0.10000000149011612,1,500.0,501.0,20.0,0.0,1,500.0,503.0,10.0,0.0,1,500.0,500.0,10.0,0.0,1,500.0,499.0,10.0,0.0,1,500.0,504.0,10.0,0.0,1
2026-03-23 16:03:56,1174.02,500.0,524.0,20.0,0.0,1,500.0,501.0,20.0,0.0,1,500.0,503.0,10.0,0.0,1,500.0,502.0,10.0,0.0,1,500.0,501.0,10.0,0.0,1,500.0,503.0,10.0,0.0,1
2026-03-23 16:03:57,1174.76,500.0,489.0,20.0,0.0,1,500.0,501.0,20.0,0.0,1,500.0,500.0,10.0,0.0,1,500.0,502.0,10.0,0.0,1,500.0,501.0,10.0,0.0,1,500.0,503.0,10.0,0.0,1
2026-03-23 16:03:57,1175.51,500.0,530.0,20.0,0.10000000149011612,1,500.0,501.0,20.0,0.0,1,500.0,502.0,10.0,0.0,1,500.0,501.0,10.0,0.0,1,500.0,501.0,10.0,0.0,1,500.0,504.0,10.0,0.0,1
2026-03-23 16:03:58,1176.25,500.0,484.0,20.0,0.0,1,500.0,501.0,20.0,0.0,1,500.0,502.0,10.0,0.0,1,500.0,501.0,10.0,0.0,1,500.0,502.0,10.0,0.0,1,500.0,504.0,10.0,0.0,1
2026-03-23 16:03:59,1176.99,500.0,502.0,20.0,0.0,1,500.0,501.0,20.0,0.0,1,500.0,502.0,10.0,0.0,1,500.0,501.0,10.0,0.0,1,500.0,502.0,10.0,0.0,1,500.0,501.0,10.0,0.0,1
2026-03-23 16:04:00,1177.72,500.0,497.0,20.0,0.0,1,500.0,501.0,20.0,0.0,1,500.0,502.0,10.0,0.0,1,500.0,501.0,10.0,0.0,1,500.0,502.0,10.0,0.0,1,500.0,504.0,10.0,0.0,1
2026-03-23 16:04:00,1178.48,500.0,495.0,20.0,0.0,1,500.0,501.0,20.0,0.0,1,500.0,502.0,10.0,0.0,1,500.0,501.0,10.0,0.0,1,500.0,501.0,10.0,0.0,1,500.0,504.0,10.0,0.0,1
2026-03-23 16:04:01,1179.22,500.0,509.0,20.0,0.0,1,500.0,501.0,20.0,0.0,1,500.0,502.0,10.0,0.0,1,500.0,501.0,10.0,0.0,1,500.0,501.0,10.0,0.0,1,500.0,504.0,10.0,0.0,1
2026-03-23 16:04:02,1179.97,500.0,509.0,20.0,0.0,1,500.0,501.0,20.0,0.0,1,500.0,503.0,10.0,0.0,1,500.0,501.0,10.0,0.0,1,500.0,500.0,10.0,0.0,1,500.0,503.0,10.0,0.0,1
2026-03-23 16:04:02,1180.69,500.0,484.0,20.0,0.0,1,500.0,501.0,20.0,0.0,1,500.0,503.0,10.0,0.0,1,500.0,502.0,10.0,0.0,1,500.0,502.0,10.0,0.0,1,500.0,503.0,10.0,0.0,1
2026-03-23 16:04:03,1181.43,500.0,533.0,20.0,0.0,1,500.0,501.0,20.0,0.0,1,500.0,503.0,10.0,0.0,1,500.0,500.0,10.0,0.0,1,500.0,502.0,10.0,0.0,1,500.0,503.0,10.0,0.0,1
2026-03-23 16:04:04,1182.16,500.0,499.0,20.0,0.0,1,500.0,501.0,20.0,0.0,1,500.0,502.0,10.0,0.0,1,500.0,502.0,10.0,0.0,1,500.0,501.0,10.0,0.0,1,500.0,503.0,10.0,0.0,1
2026-03-23 16:04:05,1182.9,500.0,499.0,20.0,0.0,1,500.0,501.0,20.0,0.0,1,500.0,502.0,10.0,0.0,1,500.0,500.0,10.0,0.0,1,500.0,501.0,10.0,0.0,1,500.0,503.0,10.0,0.0,1
2026-03-23 16:04:05,1183.62,500.0,499.0,20.0,0.0,1,500.0,501.0,20.0,0.0,1,500.0,502.0,10.0,0.0,1,500.0,502.0,10.0,0.0,1,500.0,502.0,10.0,0.0,1,500.0,503.0,10.0,0.0,1
2026-03-23 16:04:06,1184.36,500.0,505.0,20.0,0.0,1,500.0,501.0,20.0,0.0,1,500.0,502.0,10.0,0.0,1,500.0,502.0,10.0,0.0,1,500.0,497.0,10.0,0.0,1,500.0,503.0,10.0,0.0,1
2026-03-23 16:04:07,1185.09,500.0,520.0,20.0,0.0,1,500.0,502.0,20.0,0.0,1,500.0,502.0,10.0,0.0,1,500.0,501.0,10.0,0.0,1,500.0,501.0,10.0,0.0,1,500.0,503.0,10.0,0.0,1
2026-03-23 16:04:08,1185.83,500.0,502.0,20.0,0.0,1,500.0,502.0,20.0,0.0,1,500.0,502.0,10.0,0.0,1,500.0,501.0,10.0,0.0,1,500.0,501.0,10.0,0.0,1,500.0,503.0,10.0,0.0,1
2026-03-23 16:04:08,1186.59,500.0,506.0,20.0,0.0,1,500.0,501.0,20.0,0.0,1,500.0,503.0,10.0,0.0,1,500.0,500.0,10.0,0.0,1,500.0,502.0,10.0,0.0,1,500.0,504.0,10.0,0.0,1
2026-03-23 16:04:09,1187.36,500.0,499.0,20.0,0.0,1,500.0,501.0,20.0,0.0,1,500.0,502.0,10.0,0.0,1,500.0,501.0,10.0,0.0,1,500.0,501.0,10.0,0.0,1,500.0,502.0,10.0,0.0,1
2026-03-23 16:04:10,1188.12,500.0,501.0,20.0,0.0,1,500.0,501.0,20.0,0.0,1,500.0,502.0,10.0,0.0,1,500.0,501.0,10.0,0.0,1,500.0,501.0,10.0,0.0,1,500.0,502.0,10.0,0.0,1
2026-03-23 16:04:11,1188.84,500.0,521.0,20.0,0.20000000298023224,1,500.0,501.0,20.0,0.0,1,500.0,502.0,10.0,0.0,1,500.0,500.0,10.0,0.0,1,500.0,501.0,10.0,0.0,1,500.0,503.0,10.0,0.0,1
2026-03-23 16:04:11,1189.58,500.0,518.0,20.0,0.4000000059604645,1,500.0,501.0,20.0,0.0,1,500.0,502.0,10.0,0.0,1,500.0,500.0,10.0,0.0,1,500.0,501.0,10.0,0.0,1,500.0,504.0,10.0,0.0,1
2026-03-23 16:04:12,1190.31,500.0,518.0,20.0,0.5,1,500.0,501.0,20.0,0.0,1,500.0,502.0,10.0,0.0,1,500.0,500.0,10.0,0.0,1,500.0,501.0,10.0,0.0,1,500.0,504.0,10.0,0.0,1
2026-03-23 16:04:13,1191.07,500.0,482.0,20.0,0.0,1,500.0,501.0,20.0,0.0,1,500.0,503.0,10.0,0.0,1,500.0,501.0,10.0,0.0,1,500.0,501.0,10.0,0.0,1,500.0,504.0,10.0,0.0,1
2026-03-23 16:04:14,1191.83,500.0,519.0,20.0,0.10000000149011612,1,500.0,501.0,20.0,0.0,1,500.0,501.0,10.0,0.0,1,500.0,502.0,10.0,0.0,1,500.0,502.0,10.0,0.0,1,500.0,502.0,10.0,0.0,1
2026-03-23 16:04:14,1192.56,500.0,500.0,20.0,0.0,1,500.0,501.0,20.0,0.0,1,500.0,501.0,10.0,0.0,1,500.0,500.0,10.0,0.0,1,500.0,500.0,10.0,0.0,1,500.0,505.0,10.0,0.0,1
2026-03-23 16:04:15,1193.32,500.0,517.0,20.0,0.20000000298023224,1,500.0,501.0,20.0,0.0,1,500.0,501.0,10.0,0.0,1,500.0,500.0,10.0,0.0,1,500.0,501.0,10.0,0.0,1,500.0,505.0,10.0,0.0,1
2026-03-23 16:04:16,1194.05,500.0,487.0,20.0,0.0,1,500.0,501.0,20.0,0.0,1,500.0,501.0,10.0,0.0,1,500.0,502.0,10.0,0.0,1,500.0,499.0,10.0,0.0,1,500.0,503.0,10.0,0.0,1
2026-03-23 16:04:17,1194.79,500.0,503.0,20.0,0.10000000149011612,1,500.0,501.0,20.0,0.0,1,500.0,502.0,10.0,0.0,1,500.0,502.0,10.0,0.0,1,500.0,500.0,10.0,0.0,1,500.0,504.0,10.0,0.0,1
2026-03-23 16:04:17,1195.52,500.0,497.0,20.0,0.10000000149011612,1,500.0,500.0,20.0,0.0,1,500.0,501.0,10.0,0.0,1,500.0,502.0,10.0,0.0,1,500.0,500.0,10.0,0.0,1,500.0,503.0,10.0,0.0,1
2026-03-23 16:04:18,1196.27,500.0,485.0,20.0,0.0,1,500.0,501.0,20.0,0.0,1,500.0,502.0,10.0,0.0,1,500.0,502.0,10.0,0.0,1,500.0,500.0,10.0,0.0,1,500.0,503.0,10.0,0.0,1
2026-03-23 16:04:19,1197.0,500.0,498.0,20.0,0.0,1,500.0,501.0,20.0,0.0,1,500.0,503.0,10.0,0.0,1,500.0,503.0,10.0,0.0,1,500.0,501.0,10.0,0.0,1,500.0,503.0,10.0,0.0,1
2026-03-23 16:04:20,1197.74,500.0,503.0,20.0,0.0,1,500.0,501.0,20.0,0.0,1,500.0,503.0,10.0,0.0,1,500.0,501.0,10.0,0.0,1,500.0,502.0,10.0,0.0,1,500.0,503.0,10.0,0.0,1
2026-03-23 16:04:20,1198.51,500.0,511.0,20.0,0.0,1,500.0,501.0,20.0,0.0,1,500.0,503.0,10.0,0.0,1,500.0,501.0,10.0,0.0,1,500.0,502.0,10.0,0.0,1,500.0,503.0,10.0,0.0,1
2026-03-23 16:04:21,1199.24,500.0,494.0,20.0,0.0,1,500.0,500.0,20.0,0.0,1,500.0,502.0,10.0,0.0,1,500.0,500.0,10.0,0.0,1,500.0,501.0,10.0,0.0,1,500.0,502.0,10.0,0.0,1
2026-03-23 16:04:22,1199.99,500.0,521.0,20.0,0.0,1,500.0,500.0,20.0,0.0,1,500.0,503.0,10.0,0.0,1,500.0,500.0,10.0,0.0,1,500.0,501.0,10.0,0.0,1,500.0,503.0,10.0,0.0,1
2026-03-23 16:04:23,1200.77,500.0,498.0,20.0,0.0,1,500.0,500.0,20.0,0.0,1,500.0,503.0,10.0,0.0,1,500.0,500.0,10.0,0.0,1,500.0,502.0,10.0,0.0,1,500.0,501.0,10.0,0.0,1
2026-03-23 16:04:23,1201.5,500.0,504.0,20.0,0.10000000149011612,1,500.0,502.0,20.0,0.0,1,500.0,502.0,10.0,0.0,1,500.0,500.0,10.0,0.0,1,500.0,498.0,10.0,0.0,1,500.0,503.0,10.0,0.0,1
2026-03-23 16:04:24,1202.24,500.0,510.0,20.0,0.0,1,500.0,501.0,20.0,0.0,1,500.0,502.0,10.0,0.0,1,500.0,501.0,10.0,0.0,1,500.0,501.0,10.0,0.0,1,500.0,503.0,10.0,0.0,1
2026-03-23 16:04:25,1202.98,500.0,500.0,20.0,0.0,1,500.0,501.0,20.0,0.0,1,500.0,503.0,10.0,0.0,1,500.0,501.0,10.0,0.0,1,500.0,501.0,10.0,0.0,1,500.0,503.0,10.0,0.0,1
2026-03-23 16:04:26,1203.71,500.0,505.0,20.0,0.0,1,500.0,501.0,20.0,0.0,1,500.0,503.0,10.0,0.0,1,500.0,501.0,10.0,0.0,1,500.0,501.0,10.0,0.0,1,500.0,503.0,10.0,0.0,1
2026-03-23 16:04:26,1204.48,500.0,519.0,20.0,0.0,1,500.0,501.0,20.0,0.0,1,500.0,503.0,10.0,0.0,1,500.0,499.0,10.0,0.0,1,500.0,501.0,10.0,0.0,1,500.0,502.0,10.0,0.0,1
2026-03-23 16:04:27,1205.21,500.0,491.0,20.0,0.0,1,500.0,502.0,20.0,0.0,1,500.0,503.0,10.0,0.0,1,500.0,500.0,10.0,0.0,1,500.0,501.0,10.0,0.0,1,500.0,502.0,10.0,0.0,1
2026-03-23 16:04:28,1205.95,500.0,511.0,20.0,0.0,1,500.0,502.0,20.0,0.0,1,500.0,501.0,10.0,0.0,1,500.0,501.0,10.0,0.0,1,500.0,502.0,10.0,0.0,1,500.0,502.0,10.0,0.0,1
2026-03-23 16:04:28,1206.68,500.0,494.0,20.0,0.0,1,500.0,502.0,20.0,0.0,1,500.0,502.0,10.0,0.0,1,500.0,500.0,10.0,0.0,1,500.0,500.0,10.0,0.0,1,500.0,502.0,10.0,0.0,1
2026-03-23 16:04:29,1207.44,500.0,508.0,20.0,0.30000001192092896,1,500.0,502.0,20.0,0.0,1,500.0,503.0,10.0,0.0,1,500.0,502.0,10.0,0.0,1,500.0,500.0,10.0,0.0,1,500.0,503.0,10.0,0.0,1
2026-03-23 16:04:30,1208.17,500.0,513.0,20.0,0.10000000149011612,1,500.0,501.0,20.0,0.0,1,500.0,503.0,10.0,0.0,1,500.0,501.0,10.0,0.0,1,500.0,501.0,10.0,0.0,1,500.0,503.0,10.0,0.0,1
2026-03-23 16:04:31,1208.92,500.0,490.0,20.0,0.0,1,500.0,500.0,20.0,0.0,1,500.0,502.0,10.0,0.0,1,500.0,500.0,10.0,0.0,1,500.0,501.0,10.0,0.0,1,500.0,503.0,10.0,0.0,1
2026-03-23 16:04:31,1209.67,500.0,521.0,20.0,0.10000000149011612,1,500.0,501.0,20.0,0.0,1,500.0,502.0,10.0,0.0,1,500.0,500.0,10.0,0.0,1,500.0,501.0,10.0,0.0,1,500.0,503.0,10.0,0.0,1
2026-03-23 16:04:32,1210.43,500.0,489.0,20.0,0.0,1,500.0,501.0,20.0,0.0,1,500.0,502.0,10.0,0.0,1,500.0,500.0,10.0,0.0,1,500.0,501.0,10.0,0.0,1,500.0,503.0,10.0,0.0,1
2026-03-23 16:04:33,1211.18,500.0,515.0,20.0,0.0,1,500.0,501.0,20.0,0.0,1,500.0,502.0,10.0,0.0,1,500.0,501.0,10.0,0.0,1,500.0,501.0,10.0,0.0,1,500.0,503.0,10.0,0.0,1
2026-03-23 16:04:34,1211.92,500.0,486.0,20.0,0.0,1,500.0,501.0,20.0,0.0,1,500.0,502.0,10.0,0.0,1,500.0,501.0,10.0,0.0,1,500.0,500.0,10.0,0.0,1,500.0,503.0,10.0,0.0,1
2026-03-23 16:04:34,1212.65,500.0,509.0,20.0,0.0,1,500.0,501.0,20.0,0.0,1,500.0,502.0,10.0,0.0,1,500.0,501.0,10.0,0.0,1,500.0,501.0,10.0,0.0,1,500.0,504.0,10.0,0.0,1
2026-03-23 16:04:35,1213.38,500.0,497.0,20.0,0.0,1,500.0,501.0,20.0,0.0,1,500.0,501.0,10.0,0.0,1,500.0,502.0,10.0,0.0,1,500.0,501.0,10.0,0.0,1,500.0,501.0,10.0,0.0,1
2026-03-23 16:04:36,1214.11,500.0,501.0,20.0,0.0,1,500.0,500.0,20.0,0.0,1,500.0,501.0,10.0,0.0,1,500.0,502.0,10.0,0.0,1,500.0,498.0,10.0,0.0,1,500.0,504.0,10.0,0.0,1
2026-03-23 16:04:37,1214.84,500.0,500.0,20.0,0.0,1,500.0,501.0,20.0,0.0,1,500.0,501.0,10.0,0.0,1,500.0,501.0,10.0,0.0,1,500.0,500.0,10.0,0.0,1,500.0,503.0,10.0,0.0,1
2026-03-23 16:04:37,1215.61,500.0,509.0,20.0,0.0,1,500.0,501.0,20.0,0.0,1,500.0,501.0,10.0,0.0,1,500.0,501.0,10.0,0.0,1,500.0,501.0,10.0,0.0,1,500.0,503.0,10.0,0.0,1
2026-03-23 16:04:38,1216.36,500.0,495.0,20.0,0.0,1,500.0,501.0,20.0,0.0,1,500.0,501.0,10.0,0.0,1,500.0,500.0,10.0,0.0,1,500.0,501.0,10.0,0.0,1,500.0,503.0,10.0,0.0,1
2026-03-23 16:04:39,1217.11,500.0,516.0,20.0,0.0,1,500.0,500.0,20.0,0.0,1,500.0,501.0,10.0,0.0,1,500.0,502.0,10.0,0.0,1,500.0,500.0,10.0,0.0,1,500.0,503.0,10.0,0.0,1
2026-03-23 16:04:40,1217.84,500.0,488.0,20.0,0.0,1,500.0,501.0,20.0,0.0,1,500.0,501.0,10.0,0.0,1,500.0,502.0,10.0,0.0,1,500.0,501.0,10.0,0.0,1,500.0,503.0,10.0,0.0,1
2026-03-23 16:04:40,1218.58,500.0,507.0,20.0,0.0,1,500.0,501.0,20.0,0.0,1,500.0,502.0,10.0,0.0,1,500.0,502.0,10.0,0.0,1,500.0,501.0,10.0,0.0,1,500.0,503.0,10.0,0.0,1
2026-03-23 16:04:41,1219.33,500.0,514.0,20.0,0.30000001192092896,1,500.0,501.0,20.0,0.0,1,500.0,502.0,10.0,0.0,1,500.0,501.0,10.0,0.0,1,500.0,501.0,10.0,0.0,1,500.0,503.0,10.0,0.0,1
2026-03-23 16:04:42,1220.07,500.0,505.0,20.0,0.0,1,500.0,501.0,20.0,0.0,1,500.0,502.0,10.0,0.0,1,500.0,502.0,10.0,0.0,1,500.0,499.0,10.0,0.0,1,500.0,504.0,10.0,0.0,1
2026-03-23 16:04:43,1220.83,500.0,479.0,20.0,0.0,1,500.0,501.0,20.0,0.0,1,500.0,502.0,10.0,0.0,1,500.0,501.0,10.0,0.0,1,500.0,500.0,10.0,0.0,1,500.0,504.0,10.0,0.0,1
2026-03-23 16:04:43,1221.57,500.0,523.0,20.0,0.0,1,500.0,501.0,20.0,0.0,1,500.0,502.0,10.0,0.0,1,500.0,500.0,10.0,0.0,1,500.0,500.0,10.0,0.0,1,500.0,502.0,10.0,0.0,1
2026-03-23 16:04:44,1222.31,500.0,477.0,20.0,0.0,1,500.0,501.0,20.0,0.0,1,500.0,502.0,10.0,0.0,1,500.0,502.0,10.0,0.0,1,500.0,501.0,10.0,0.0,1,500.0,502.0,10.0,0.0,1
2026-03-23 16:04:45,1223.04,500.0,481.0,20.0,0.0,1,500.0,501.0,20.0,0.0,1,500.0,502.0,10.0,0.0,1,500.0,501.0,10.0,0.0,1,500.0,501.0,10.0,0.0,1,500.0,502.0,10.0,0.0,1
2026-03-23 16:04:46,1223.8,500.0,506.0,20.0,0.0,1,500.0,502.0,20.0,0.0,1,500.0,502.0,10.0,0.0,1,500.0,502.0,10.0,0.0,1,500.0,501.0,10.0,0.0,1,500.0,504.0,10.0,0.0,1
2026-03-23 16:04:46,1224.55,500.0,526.0,20.0,0.10000000149011612,1,500.0,501.0,20.0,0.0,1,500.0,502.0,10.0,0.0,1,500.0,502.0,10.0,0.0,1,500.0,500.0,10.0,0.0,1,500.0,504.0,10.0,0.0,1
2026-03-23 16:04:47,1225.31,500.0,482.0,20.0,0.0,1,500.0,501.0,20.0,0.0,1,500.0,502.0,10.0,0.0,1,500.0,500.0,10.0,0.0,1,500.0,500.0,10.0,0.0,1,500.0,504.0,10.0,0.0,1
2026-03-23 16:04:48,1226.04,500.0,506.0,20.0,0.0,1,500.0,501.0,20.0,0.0,1,500.0,502.0,10.0,0.0,1,500.0,501.0,10.0,0.0,1,500.0,500.0,10.0,0.0,1,500.0,504.0,10.0,0.0,1
2026-03-23 16:04:49,1226.79,500.0,524.0,20.0,0.0,1,500.0,501.0,20.0,0.0,1,500.0,501.0,10.0,0.0,1,500.0,501.0,10.0,0.0,1,500.0,502.0,10.0,0.0,1,500.0,503.0,10.0,0.0,1
2026-03-23 16:04:49,1227.53,500.0,484.0,20.0,0.0,1,500.0,501.0,20.0,0.0,1,500.0,502.0,10.0,0.0,1,500.0,502.0,10.0,0.0,1,500.0,502.0,10.0,0.0,1,500.0,503.0,10.0,0.0,1
2026-03-23 16:04:50,1228.27,500.0,493.0,20.0,0.0,1,500.0,500.0,20.0,0.0,1,500.0,502.0,10.0,0.0,1,500.0,501.0,10.0,0.0,1,500.0,502.0,10.0,0.0,1,500.0,503.0,10.0,0.0,1
2026-03-23 16:04:51,1229.01,500.0,504.0,20.0,0.0,1,500.0,501.0,20.0,0.0,1,500.0,502.0,10.0,0.0,1,500.0,502.0,10.0,0.0,1,500.0,501.0,10.0,0.0,1,500.0,502.0,10.0,0.0,1
2026-03-23 16:04:52,1229.74,500.0,495.0,20.0,0.0,1,500.0,500.0,20.0,0.0,1,500.0,502.0,10.0,0.0,1,500.0,502.0,10.0,0.0,1,500.0,503.0,10.0,0.0,1,500.0,503.0,10.0,0.0,1
2026-03-23 16:04:52,1230.48,500.0,514.0,20.0,0.0,1,500.0,501.0,20.0,0.0,1,500.0,502.0,10.0,0.0,1,500.0,502.0,10.0,0.0,1,500.0,500.0,10.0,0.0,1,500.0,505.0,10.0,0.0,1
2026-03-23 16:04:53,1231.22,500.0,494.0,20.0,0.10000000149011612,1,500.0,501.0,20.0,0.0,1,500.0,502.0,10.0,0.0,1,500.0,502.0,10.0,0.0,1,500.0,500.0,10.0,0.0,1,500.0,502.0,10.0,0.0,1
2026-03-23 16:04:54,1231.95,500.0,507.0,20.0,0.0,1,500.0,500.0,20.0,0.0,1,500.0,502.0,10.0,0.0,1,500.0,502.0,10.0,0.0,1,500.0,500.0,10.0,0.0,1,500.0,503.0,10.0,0.0,1
2026-03-23 16:04:54,1232.69,500.0,486.0,20.0,0.0,1,500.0,500.0,20.0,0.0,1,500.0,502.0,10.0,0.0,1,500.0,502.0,10.0,0.0,1,500.0,501.0,10.0,0.0,1,500.0,503.0,10.0,0.0,1
2026-03-23 16:04:55,1233.43,500.0,519.0,20.0,0.0,1,500.0,501.0,20.0,0.0,1,500.0,501.0,10.0,0.0,1,500.0,500.0,10.0,0.0,1,500.0,501.0,10.0,0.0,1,500.0,503.0,10.0,0.0,1
2026-03-23 16:04:56,1234.17,500.0,492.0,20.0,0.0,1,500.0,502.0,20.0,0.0,1,500.0,501.0,10.0,0.0,1,500.0,502.0,10.0,0.0,1,500.0,498.0,10.0,0.0,1,500.0,503.0,10.0,0.0,1
2026-03-23 16:04:57,1234.91,500.0,522.0,20.0,0.0,1,500.0,502.0,20.0,0.0,1,500.0,501.0,10.0,0.0,1,500.0,502.0,10.0,0.0,1,500.0,501.0,10.0,0.0,1,500.0,502.0,10.0,0.0,1
2026-03-23 16:04:57,1235.66,500.0,503.0,20.0,0.0,1,500.0,502.0,20.0,0.0,1,500.0,501.0,10.0,0.0,1,500.0,503.0,10.0,0.0,1,500.0,500.0,10.0,0.0,1,500.0,502.0,10.0,0.0,1
2026-03-23 16:04:58,1236.43,500.0,508.0,20.0,0.20000000298023224,1,500.0,502.0,20.0,0.0,1,500.0,503.0,10.0,0.0,1,500.0,501.0,10.0,0.0,1,500.0,501.0,10.0,0.0,1,500.0,503.0,10.0,0.0,1
2026-03-23 16:04:59,1237.17,500.0,532.0,20.0,0.30000001192092896,1,500.0,502.0,20.0,0.0,1,500.0,503.0,10.0,0.0,1,500.0,501.0,10.0,0.0,1,500.0,501.0,10.0,0.0,1,500.0,503.0,10.0,0.0,1
2026-03-23 16:05:00,1237.9,500.0,481.0,20.0,0.0,1,500.0,501.0,20.0,0.0,1,500.0,503.0,10.0,0.0,1,500.0,501.0,10.0,0.0,1,500.0,500.0,10.0,0.0,1,500.0,503.0,10.0,0.0,1
2026-03-23 16:05:00,1238.64,500.0,510.0,20.0,0.0,1,500.0,502.0,20.0,0.0,1,500.0,503.0,10.0,0.0,1,500.0,501.0,10.0,0.0,1,500.0,500.0,10.0,0.0,1,500.0,503.0,10.0,0.0,1
2026-03-23 16:05:01,1239.39,500.0,497.0,20.0,0.0,1,500.0,502.0,20.0,0.0,1,500.0,502.0,10.0,0.0,1,500.0,500.0,10.0,0.0,1,500.0,500.0,10.0,0.0,1,500.0,503.0,10.0,0.0,1
2026-03-23 16:05:02,1240.12,500.0,500.0,20.0,0.0,1,500.0,501.0,20.0,0.0,1,500.0,502.0,10.0,0.0,1,500.0,501.0,10.0,0.0,1,500.0,500.0,10.0,0.0,1,500.0,503.0,10.0,0.0,1
2026-03-23 16:05:03,1240.88,500.0,491.0,20.0,0.0,1,500.0,501.0,20.0,0.0,1,500.0,502.0,10.0,0.0,1,500.0,501.0,10.0,0.0,1,500.0,501.0,10.0,0.0,1,500.0,503.0,10.0,0.0,1
2026-03-23 16:05:03,1241.61,500.0,515.0,20.0,0.0,1,500.0,501.0,20.0,0.0,1,500.0,501.0,10.0,0.0,1,500.0,501.0,10.0,0.0,1,500.0,501.0,10.0,0.0,1,500.0,503.0,10.0,0.0,1
2026-03-23 16:05:04,1242.36,500.0,510.0,20.0,0.20000000298023224,1,500.0,500.0,20.0,0.0,1,500.0,501.0,10.0,0.0,1,500.0,501.0,10.0,0.0,1,500.0,501.0,10.0,0.0,1,500.0,503.0,10.0,0.0,1
2026-03-23 16:05:05,1243.08,500.0,504.0,20.0,0.0,1,500.0,500.0,20.0,0.0,1,500.0,501.0,10.0,0.0,1,500.0,501.0,10.0,0.0,1,500.0,501.0,10.0,0.0,1,500.0,504.0,10.0,0.0,1
2026-03-23 16:05:06,1243.82,500.0,482.0,20.0,0.0,1,500.0,502.0,20.0,0.0,1,500.0,502.0,10.0,0.0,1,500.0,501.0,10.0,0.0,1,500.0,501.0,10.0,0.0,1,500.0,504.0,10.0,0.0,1
2026-03-23 16:05:06,1244.54,500.0,524.0,20.0,0.0,1,500.0,502.0,20.0,0.0,1,500.0,502.0,10.0,0.0,1,500.0,501.0,10.0,0.0,1,500.0,501.0,10.0,0.0,1,500.0,504.0,10.0,0.0,1
2026-03-23 16:05:07,1245.27,500.0,497.0,20.0,0.0,1,500.0,499.0,20.0,0.0,1,500.0,502.0,10.0,0.0,1,500.0,500.0,10.0,0.0,1,500.0,502.0,10.0,0.0,1,500.0,504.0,10.0,0.0,1
2026-03-23 16:05:08,1246.0,500.0,533.0,20.0,0.20000000298023224,1,500.0,500.0,20.0,0.0,1,500.0,502.0,10.0,0.0,1,500.0,500.0,10.0,0.0,1,500.0,500.0,10.0,0.0,1,500.0,501.0,10.0,0.0,1
2026-03-23 16:05:09,1246.77,500.0,491.0,20.0,0.0,1,500.0,500.0,20.0,0.0,1,500.0,503.0,10.0,0.0,1,500.0,501.0,10.0,0.0,1,500.0,500.0,10.0,0.0,1,500.0,503.0,10.0,0.0,1
2026-03-23 16:05:09,1247.52,500.0,507.0,20.0,0.30000001192092896,1,500.0,501.0,20.0,0.0,1,500.0,502.0,10.0,0.0,1,500.0,500.0,10.0,0.0,1,500.0,500.0,10.0,0.0,1,500.0,503.0,10.0,0.0,1
2026-03-23 16:05:10,1248.26,500.0,503.0,20.0,0.10000000149011612,1,500.0,501.0,20.0,0.0,1,500.0,502.0,10.0,0.0,1,500.0,503.0,10.0,0.0,1,500.0,501.0,10.0,0.0,1,500.0,504.0,10.0,0.0,1
2026-03-23 16:05:11,1249.01,500.0,508.0,20.0,0.10000000149011612,1,500.0,502.0,20.0,0.0,1,500.0,502.0,10.0,0.0,1,500.0,503.0,10.0,0.0,1,500.0,501.0,10.0,0.0,1,500.0,504.0,10.0,0.0,1
2026-03-23 16:05:12,1249.74,500.0,476.0,20.0,0.0,1,500.0,502.0,20.0,0.0,1,500.0,502.0,10.0,0.0,1,500.0,503.0,10.0,0.0,1,500.0,501.0,10.0,0.0,1,500.0,504.0,10.0,0.0,1
2026-03-23 16:05:12,1250.49,500.0,513.0,20.0,0.0,1,500.0,501.0,20.0,0.0,1,500.0,502.0,10.0,0.0,1,500.0,503.0,10.0,0.0,1,500.0,502.0,10.0,0.0,1,500.0,503.0,10.0,0.0,1
2026-03-23 16:05:13,1251.22,500.0,483.0,20.0,0.0,1,500.0,501.0,20.0,0.0,1,500.0,501.0,10.0,0.0,1,500.0,500.0,10.0,0.0,1,500.0,500.0,10.0,0.0,1,500.0,503.0,10.0,0.0,1
2026-03-23 16:05:14,1251.95,500.0,508.0,20.0,0.10000000149011612,1,500.0,501.0,20.0,0.0,1,500.0,502.0,10.0,0.0,1,500.0,502.0,10.0,0.0,1,500.0,500.0,10.0,0.0,1,500.0,503.0,10.0,0.0,1
2026-03-23 16:05:14,1252.69,500.0,508.0,20.0,0.0,1,500.0,501.0,20.0,0.0,1,500.0,503.0,10.0,0.0,1,500.0,502.0,10.0,0.0,1,500.0,500.0,10.0,0.0,1,500.0,503.0,10.0,0.0,1
2026-03-23 16:05:15,1253.44,500.0,519.0,20.0,0.0,1,500.0,501.0,20.0,0.0,1,500.0,503.0,10.0,0.0,1,500.0,501.0,10.0,0.0,1,500.0,501.0,10.0,0.0,1,500.0,503.0,10.0,0.0,1
2026-03-23 16:05:16,1254.19,500.0,486.0,20.0,0.0,1,500.0,501.0,20.0,0.0,1,500.0,503.0,10.0,0.0,1,500.0,503.0,10.0,0.0,1,500.0,500.0,10.0,0.0,1,500.0,504.0,10.0,0.0,1
2026-03-23 16:05:17,1254.92,500.0,488.0,20.0,0.0,1,500.0,500.0,20.0,0.0,1,500.0,502.0,10.0,0.0,1,500.0,501.0,10.0,0.0,1,500.0,500.0,10.0,0.0,1,500.0,502.0,10.0,0.0,1
2026-03-23 16:05:17,1255.68,500.0,527.0,20.0,0.20000000298023224,1,500.0,500.0,20.0,0.0,1,500.0,502.0,10.0,0.0,1,500.0,501.0,10.0,0.0,1,500.0,500.0,10.0,0.0,1,500.0,502.0,10.0,0.0,1
2026-03-23 16:05:18,1256.41,500.0,507.0,20.0,0.0,1,500.0,502.0,20.0,0.0,1,500.0,502.0,10.0,0.0,1,500.0,500.0,10.0,0.0,1,500.0,505.0,10.0,0.0,1,500.0,503.0,10.0,0.0,1
2026-03-23 16:05:19,1257.15,500.0,510.0,20.0,0.0,1,500.0,500.0,20.0,0.0,1,500.0,502.0,10.0,0.0,1,500.0,500.0,10.0,0.0,1,500.0,500.0,10.0,0.0,1,500.0,504.0,10.0,0.0,1
2026-03-23 16:05:20,1257.89,500.0,474.0,20.0,0.0,1,500.0,501.0,20.0,0.0,1,500.0,502.0,10.0,0.0,1,500.0,500.0,10.0,0.0,1,500.0,501.0,10.0,0.0,1,500.0,504.0,10.0,0.0,1
2026-03-23 16:05:20,1258.65,500.0,499.0,20.0,0.0,1,500.0,500.0,20.0,0.0,1,500.0,502.0,10.0,0.0,1,500.0,502.0,10.0,0.0,1,500.0,501.0,10.0,0.0,1,500.0,502.0,10.0,0.0,1
2026-03-23 16:05:21,1259.4,500.0,503.0,20.0,0.0,1,500.0,500.0,20.0,0.0,1,500.0,502.0,10.0,0.0,1,500.0,502.0,10.0,0.0,1,500.0,502.0,10.0,0.0,1,500.0,504.0,10.0,0.0,1
2026-03-23 16:05:22,1260.13,500.0,529.0,20.0,0.4000000059604645,1,500.0,500.0,20.0,0.0,1,500.0,502.0,10.0,0.0,1,500.0,502.0,10.0,0.0,1,500.0,502.0,10.0,0.0,1,500.0,503.0,10.0,0.0,1
2026-03-23 16:05:23,1260.86,500.0,481.0,20.0,0.0,1,500.0,500.0,20.0,0.0,1,500.0,502.0,10.0,0.0,1,500.0,501.0,10.0,0.0,1,500.0,501.0,10.0,0.0,1,500.0,504.0,10.0,0.0,1
2026-03-23 16:05:23,1261.63,500.0,519.0,20.0,0.0,1,500.0,500.0,20.0,0.0,1,500.0,503.0,10.0,0.0,1,500.0,501.0,10.0,0.0,1,500.0,500.0,10.0,0.0,1,500.0,502.0,10.0,0.0,1
2026-03-23 16:05:24,1262.36,500.0,514.0,20.0,0.0,1,500.0,501.0,20.0,0.0,1,500.0,502.0,10.0,0.0,1,500.0,501.0,10.0,0.0,1,500.0,500.0,10.0,0.0,1,500.0,502.0,10.0,0.0,1
2026-03-23 16:05:25,1263.09,500.0,492.0,20.0,0.0,1,500.0,501.0,20.0,0.0,1,500.0,502.0,10.0,0.0,1,500.0,501.0,10.0,0.0,1,500.0,500.0,10.0,0.0,1,500.0,503.0,10.0,0.0,1
2026-03-23 16:05:26,1263.84,500.0,498.0,20.0,0.0,1,500.0,500.0,20.0,0.0,1,500.0,502.0,10.0,0.0,1,500.0,501.0,10.0,0.0,1,500.0,503.0,10.0,0.0,1,500.0,503.0,10.0,0.0,1
2026-03-23 16:05:26,1264.59,500.0,485.0,20.0,0.0,1,500.0,500.0,20.0,0.0,1,500.0,502.0,10.0,0.0,1,500.0,500.0,10.0,0.0,1,500.0,501.0,10.0,0.0,1,500.0,503.0,10.0,0.0,1
2026-03-23 16:05:27,1265.32,500.0,524.0,20.0,0.30000001192092896,1,500.0,500.0,20.0,0.0,1,500.0,502.0,10.0,0.0,1,500.0,500.0,10.0,0.0,1,500.0,502.0,10.0,0.0,1,500.0,503.0,10.0,0.0,1
2026-03-23 16:05:28,1266.05,500.0,512.0,20.0,0.0,1,500.0,500.0,20.0,0.0,1,500.0,502.0,10.0,0.0,1,500.0,500.0,10.0,0.0,1,500.0,501.0,10.0,0.0,1,500.0,503.0,10.0,0.0,1
2026-03-23 16:05:29,1266.81,500.0,490.0,20.0,0.0,1,500.0,501.0,20.0,0.0,1,500.0,502.0,10.0,0.0,1,500.0,502.0,10.0,0.0,1,500.0,501.0,10.0,0.0,1,500.0,503.0,10.0,0.0,1
2026-03-23 16:05:29,1267.55,500.0,515.0,20.0,0.0,1,500.0,501.0,20.0,0.0,1,500.0,502.0,10.0,0.0,1,500.0,502.0,10.0,0.0,1,500.0,501.0,10.0,0.0,1,500.0,503.0,10.0,0.0,1
2026-03-23 16:05:30,1268.32,500.0,516.0,20.0,0.20000000298023224,1,500.0,501.0,20.0,0.0,1,500.0,501.0,10.0,0.0,1,500.0,501.0,10.0,0.0,1,500.0,503.0,10.0,0.0,1,500.0,503.0,10.0,0.0,1
2026-03-23 16:05:31,1269.05,500.0,495.0,20.0,0.0,1,500.0,502.0,20.0,0.0,1,500.0,501.0,10.0,0.0,1,500.0,501.0,10.0,0.0,1,500.0,500.0,10.0,0.0,1,500.0,504.0,10.0,0.0,1
2026-03-23 16:05:32,1269.81,500.0,508.0,20.0,0.0,1,500.0,501.0,20.0,0.0,1,500.0,503.0,10.0,0.0,1,500.0,500.0,10.0,0.0,1,500.0,501.0,10.0,0.0,1,500.0,503.0,10.0,0.0,1
2026-03-23 16:05:32,1270.54,500.0,511.0,20.0,0.20000000298023224,1,500.0,501.0,20.0,0.0,1,500.0,502.0,10.0,0.0,1,500.0,501.0,10.0,0.0,1,500.0,501.0,10.0,0.0,1,500.0,503.0,10.0,0.0,1
2026-03-23 16:05:33,1271.33,500.0,492.0,20.0,0.0,1,500.0,501.0,20.0,0.0,1,500.0,502.0,10.0,0.0,1,500.0,501.0,10.0,0.0,1,500.0,501.0,10.0,0.0,1,500.0,503.0,10.0,0.0,1
2026-03-23 16:05:34,1272.05,500.0,507.0,20.0,0.0,1,500.0,501.0,20.0,0.0,1,500.0,502.0,10.0,0.0,1,500.0,501.0,10.0,0.0,1,500.0,501.0,10.0,0.0,1,500.0,502.0,10.0,0.0,1
2026-03-23 16:05:35,1272.79,500.0,508.0,20.0,0.0,1,500.0,501.0,20.0,0.0,1,500.0,502.0,10.0,0.0,1,500.0,502.0,10.0,0.0,1,500.0,503.0,10.0,0.0,1,500.0,503.0,10.0,0.0,1
2026-03-23 16:05:35,1273.52,500.0,486.0,20.0,0.0,1,500.0,500.0,20.0,0.0,1,500.0,502.0,10.0,0.0,1,500.0,501.0,10.0,0.0,1,500.0,500.0,10.0,0.0,1,500.0,504.0,10.0,0.0,1
2026-03-23 16:05:36,1274.27,500.0,517.0,20.0,0.0,1,500.0,500.0,20.0,0.0,1,500.0,502.0,10.0,0.0,1,500.0,500.0,10.0,0.0,1,500.0,500.0,10.0,0.0,1,500.0,502.0,10.0,0.0,1
2026-03-23 16:05:37,1275.0,500.0,497.0,20.0,0.0,1,500.0,500.0,20.0,0.0,1,500.0,502.0,10.0,0.0,1,500.0,500.0,10.0,0.0,1,500.0,500.0,10.0,0.0,1,500.0,502.0,10.0,0.0,1
2026-03-23 16:05:38,1275.75,500.0,509.0,20.0,0.0,1,500.0,501.0,20.0,0.0,1,500.0,502.0,10.0,0.0,1,500.0,500.0,10.0,0.0,1,500.0,500.0,10.0,0.0,1,500.0,502.0,10.0,0.0,1
2026-03-23 16:05:38,1276.5,500.0,503.0,20.0,0.0,1,500.0,500.0,20.0,0.0,1,500.0,502.0,10.0,0.0,1,500.0,501.0,10.0,0.0,1,500.0,501.0,10.0,0.0,1,500.0,503.0,10.0,0.0,1
2026-03-23 16:05:39,1277.23,500.0,483.0,20.0,0.0,1,500.0,501.0,20.0,0.0,1,500.0,501.0,10.0,0.0,1,500.0,501.0,10.0,0.0,1,500.0,502.0,10.0,0.0,1,500.0,504.0,10.0,0.0,1
2026-03-23 16:05:40,1277.98,500.0,498.0,20.0,0.0,1,500.0,500.0,20.0,0.0,1,500.0,501.0,10.0,0.0,1,500.0,503.0,10.0,0.0,1,500.0,503.0,10.0,0.0,1,500.0,503.0,10.0,0.0,1
2026-03-23 16:05:41,1278.71,500.0,498.0,20.0,0.0,1,500.0,500.0,20.0,0.0,1,500.0,501.0,10.0,0.0,1,500.0,501.0,10.0,0.0,1,500.0,501.0,10.0,0.0,1,500.0,503.0,10.0,0.0,1
2026-03-23 16:05:41,1279.46,500.0,503.0,20.0,0.0,1,500.0,500.0,20.0,0.0,1,500.0,501.0,10.0,0.0,1,500.0,500.0,10.0,0.0,1,500.0,500.0,10.0,0.0,1,500.0,504.0,10.0,0.0,1
2026-03-23 16:05:42,1280.19,500.0,503.0,20.0,0.0,1,500.0,500.0,20.0,0.0,1,500.0,502.0,10.0,0.0,1,500.0,501.0,10.0,0.0,1,500.0,501.0,10.0,0.0,1,500.0,503.0,10.0,0.0,1
2026-03-23 16:05:43,1280.93,500.0,503.0,20.0,0.0,1,500.0,500.0,20.0,0.0,1,500.0,502.0,10.0,0.0,1,500.0,501.0,10.0,0.0,1,500.0,501.0,10.0,0.0,1,500.0,503.0,10.0,0.0,1
2026-03-23 16:05:43,1281.66,500.0,503.0,20.0,0.10000000149011612,1,500.0,501.0,20.0,0.0,1,500.0,502.0,10.0,0.0,1,500.0,501.0,10.0,0.0,1,500.0,501.0,10.0,0.0,1,500.0,503.0,10.0,0.0,1
2026-03-23 16:05:44,1282.4,500.0,499.0,20.0,0.0,1,500.0,501.0,20.0,0.0,1,500.0,502.0,10.0,0.0,1,500.0,501.0,10.0,0.0,1,500.0,501.0,10.0,0.0,1,500.0,502.0,10.0,0.0,1
2026-03-23 16:05:45,1283.13,500.0,522.0,20.0,0.20000000298023224,1,500.0,501.0,20.0,0.0,1,500.0,503.0,10.0,0.0,1,500.0,502.0,10.0,0.0,1,500.0,501.0,10.0,0.0,1,500.0,502.0,10.0,0.0,1
2026-03-23 16:05:46,1283.89,500.0,520.0,20.0,0.10000000149011612,1,500.0,502.0,20.0,0.0,1,500.0,502.0,10.0,0.0,1,500.0,502.0,10.0,0.0,1,500.0,500.0,10.0,0.0,1,500.0,504.0,10.0,0.0,1
2026-03-23 16:05:46,1284.64,500.0,484.0,20.0,0.0,1,500.0,502.0,20.0,0.0,1,500.0,502.0,10.0,0.0,1,500.0,502.0,10.0,0.0,1,500.0,500.0,10.0,0.0,1,500.0,505.0,10.0,0.0,1
2026-03-23 16:05:47,1285.41,500.0,518.0,20.0,0.0,1,500.0,502.0,20.0,0.0,1,500.0,502.0,10.0,0.0,1,500.0,502.0,10.0,0.0,1,500.0,500.0,10.0,0.0,1,500.0,502.0,10.0,0.0,1
2026-03-23 16:05:48,1286.18,500.0,498.0,20.0,0.0,1,500.0,501.0,20.0,0.0,1,500.0,502.0,10.0,0.0,1,500.0,501.0,10.0,0.0,1,500.0,500.0,10.0,0.0,1,500.0,502.0,10.0,0.0,1
2026-03-23 16:05:49,1286.92,500.0,533.0,20.0,0.0,1,500.0,500.0,20.0,0.0,1,500.0,502.0,10.0,0.0,1,500.0,499.0,10.0,0.0,1,500.0,500.0,10.0,0.0,1,500.0,503.0,10.0,0.0,1
2026-03-23 16:05:49,1287.64,500.0,477.0,20.0,0.0,1,500.0,501.0,20.0,0.0,1,500.0,502.0,10.0,0.0,1,500.0,500.0,10.0,0.0,1,500.0,500.0,10.0,0.0,1,500.0,502.0,10.0,0.0,1
2026-03-23 16:05:50,1288.39,500.0,510.0,20.0,0.10000000149011612,1,500.0,501.0,20.0,0.0,1,500.0,503.0,10.0,0.0,1,500.0,503.0,10.0,0.0,1,500.0,500.0,10.0,0.0,1,500.0,503.0,10.0,0.0,1
2026-03-23 16:05:51,1289.18,500.0,518.0,20.0,0.0,1,500.0,502.0,20.0,0.0,1,500.0,502.0,10.0,0.0,1,500.0,502.0,10.0,0.0,1,500.0,500.0,10.0,0.0,1,500.0,502.0,10.0,0.0,1
2026-03-23 16:05:52,1289.97,500.0,492.0,20.0,0.0,1,500.0,502.0,20.0,0.0,1,500.0,502.0,10.0,0.0,1,500.0,502.0,10.0,0.0,1,500.0,501.0,10.0,0.0,1,500.0,502.0,10.0,0.0,1
2026-03-23 16:05:53,1290.73,500.0,509.0,20.0,0.0,1,500.0,501.0,20.0,0.0,1,500.0,502.0,10.0,0.0,1,500.0,502.0,10.0,0.0,1,500.0,501.0,10.0,0.0,1,500.0,502.0,10.0,0.0,1
2026-03-23 16:05:53,1291.49,500.0,513.0,20.0,0.0,1,500.0,501.0,20.0,0.0,1,500.0,502.0,10.0,0.0,1,500.0,502.0,10.0,0.0,1,500.0,501.0,10.0,0.0,1,500.0,503.0,10.0,0.0,1
2026-03-23 16:05:54,1292.27,500.0,493.0,20.0,0.0,1,500.0,501.0,20.0,0.0,1,500.0,502.0,10.0,0.0,1,500.0,502.0,10.0,0.0,1,500.0,502.0,10.0,0.0,1,500.0,503.0,10.0,0.0,1
2026-03-23 16:05:55,1293.0,500.0,497.0,20.0,0.0,1,500.0,501.0,20.0,0.0,1,500.0,502.0,10.0,0.0,1,500.0,501.0,10.0,0.0,1,500.0,502.0,10.0,0.0,1,500.0,503.0,10.0,0.0,1
2026-03-23 16:05:56,1293.76,500.0,519.0,20.0,0.0,1,500.0,501.0,20.0,0.0,1,500.0,502.0,10.0,0.0,1,500.0,501.0,10.0,0.0,1,500.0,502.0,10.0,0.0,1,500.0,503.0,10.0,0.0,1
2026-03-23 16:05:56,1294.52,500.0,504.0,20.0,0.0,1,500.0,501.0,20.0,0.0,1,500.0,501.0,10.0,0.0,1,500.0,502.0,10.0,0.0,1,500.0,500.0,10.0,0.0,1,500.0,504.0,10.0,0.0,1
2026-03-23 16:05:57,1295.27,500.0,497.0,20.0,0.0,1,500.0,501.0,20.0,0.0,1,500.0,502.0,10.0,0.0,1,500.0,500.0,10.0,0.0,1,500.0,501.0,10.0,0.0,1,500.0,504.0,10.0,0.0,1
2026-03-23 16:05:58,1296.01,500.0,503.0,20.0,0.0,1,500.0,500.0,20.0,0.0,1,500.0,502.0,10.0,0.0,1,500.0,502.0,10.0,0.0,1,500.0,500.0,10.0,0.0,1,500.0,503.0,10.0,0.0,1
2026-03-23 16:05:59,1296.75,500.0,498.0,20.0,0.0,1,500.0,500.0,20.0,0.0,1,500.0,502.0,10.0,0.0,1,500.0,500.0,10.0,0.0,1,500.0,503.0,10.0,0.0,1,500.0,502.0,10.0,0.0,1
2026-03-23 16:05:59,1297.49,500.0,496.0,20.0,0.0,1,500.0,500.0,20.0,0.0,1,500.0,502.0,10.0,0.0,1,500.0,501.0,10.0,0.0,1,500.0,503.0,10.0,0.0,1,500.0,502.0,10.0,0.0,1
2026-03-23 16:06:00,1298.22,500.0,509.0,20.0,0.0,1,500.0,502.0,20.0,0.0,1,500.0,502.0,10.0,0.0,1,500.0,501.0,10.0,0.0,1,500.0,502.0,10.0,0.0,1,500.0,502.0,10.0,0.0,1
2026-03-23 16:06:01,1298.98,500.0,496.0,20.0,0.20000000298023224,1,500.0,502.0,20.0,0.0,1,500.0,502.0,10.0,0.0,1,500.0,501.0,10.0,0.0,1,500.0,501.0,10.0,0.0,1,500.0,503.0,10.0,0.0,1
2026-03-23 16:06:02,1299.74,500.0,500.0,20.0,0.0,1,500.0,501.0,20.0,0.0,1,500.0,502.0,10.0,0.0,1,500.0,502.0,10.0,0.0,1,500.0,501.0,10.0,0.0,1,500.0,503.0,10.0,0.0,1
2026-03-23 16:06:02,1300.48,500.0,505.0,20.0,0.0,1,500.0,501.0,20.0,0.0,1,500.0,501.0,10.0,0.0,1,500.0,502.0,10.0,0.0,1,500.0,500.0,10.0,0.0,1,500.0,503.0,10.0,0.0,1
2026-03-23 16:06:03,1301.27,500.0,506.0,20.0,0.0,1,500.0,501.0,20.0,0.0,1,500.0,503.0,10.0,0.0,1,500.0,502.0,10.0,0.0,1,500.0,501.0,10.0,0.0,1,500.0,503.0,10.0,0.0,1
2026-03-23 16:06:04,1302.07,500.0,506.0,20.0,0.0,1,500.0,501.0,20.0,0.0,1,500.0,502.0,10.0,0.0,1,500.0,501.0,10.0,0.0,1,500.0,501.0,10.0,0.0,1,500.0,503.0,10.0,0.0,1
2026-03-23 16:06:05,1302.91,500.0,500.0,20.0,0.0,1,500.0,501.0,20.0,0.0,1,500.0,502.0,10.0,0.0,1,500.0,501.0,10.0,0.0,1,500.0,502.0,10.0,0.0,1,500.0,503.0,10.0,0.0,1
2026-03-23 16:06:05,1303.65,500.0,510.0,20.0,0.0,1,500.0,501.0,20.0,0.0,1,500.0,502.0,10.0,0.0,1,500.0,501.0,10.0,0.0,1,500.0,502.0,10.0,0.0,1,500.0,503.0,10.0,0.0,1
2026-03-23 16:06:06,1304.4,500.0,498.0,20.0,0.10000000149011612,1,500.0,501.0,20.0,0.0,1,500.0,503.0,10.0,0.0,1,500.0,501.0,10.0,0.0,1,500.0,501.0,10.0,0.0,1,500.0,503.0,10.0,0.0,1
2026-03-23 16:06:07,1305.16,500.0,510.0,20.0,0.0,1,500.0,501.0,20.0,0.0,1,500.0,502.0,10.0,0.0,1,500.0,501.0,10.0,0.0,1,500.0,499.0,10.0,0.0,1,500.0,503.0,10.0,0.0,1
2026-03-23 16:06:08,1305.89,500.0,487.0,20.0,0.0,1,500.0,501.0,20.0,0.0,1,500.0,502.0,10.0,0.0,1,500.0,501.0,10.0,0.0,1,500.0,501.0,10.0,0.0,1,500.0,503.0,10.0,0.0,1
2026-03-23 16:06:08,1306.64,500.0,525.0,20.0,0.0,1,500.0,501.0,20.0,0.0,1,500.0,502.0,10.0,0.0,1,500.0,502.0,10.0,0.0,1,500.0,501.0,10.0,0.0,1,500.0,502.0,10.0,0.0,1
2026-03-23 16:06:09,1307.42,500.0,498.0,20.0,0.10000000149011612,1,500.0,501.0,20.0,0.0,1,500.0,502.0,10.0,0.0,1,500.0,501.0,10.0,0.0,1,500.0,502.0,10.0,0.0,1,500.0,502.0,10.0,0.0,1
2026-03-23 16:06:10,1308.2,500.0,495.0,20.0,0.10000000149011612,1,500.0,500.0,20.0,0.0,1,500.0,502.0,10.0,0.0,1,500.0,501.0,10.0,0.0,1,500.0,502.0,10.0,0.0,1,500.0,503.0,10.0,0.0,1
2026-03-23 16:06:11,1308.94,500.0,516.0,20.0,0.20000000298023224,1,500.0,502.0,20.0,0.0,1,500.0,502.0,10.0,0.0,1,500.0,501.0,10.0,0.0,1,500.0,502.0,10.0,0.0,1,500.0,502.0,10.0,0.0,1
2026-03-23 16:06:11,1309.68,500.0,488.0,20.0,0.0,1,500.0,502.0,20.0,0.0,1,500.0,501.0,10.0,0.0,1,500.0,501.0,10.0,0.0,1,500.0,499.0,10.0,0.0,1,500.0,502.0,10.0,0.0,1
2026-03-23 16:06:12,1310.44,500.0,530.0,20.0,0.10000000149011612,1,500.0,502.0,20.0,0.0,1,500.0,502.0,10.0,0.0,1,500.0,501.0,10.0,0.0,1,500.0,501.0,10.0,0.0,1,500.0,503.0,10.0,0.0,1
2026-03-23 16:06:13,1311.16,500.0,518.0,20.0,0.0,1,500.0,501.0,20.0,0.0,1,500.0,502.0,10.0,0.0,1,500.0,500.0,10.0,0.0,1,500.0,501.0,10.0,0.0,1,500.0,503.0,10.0,0.0,1
2026-03-23 16:06:14,1311.9,500.0,488.0,20.0,0.0,1,500.0,501.0,20.0,0.0,1,500.0,502.0,10.0,0.0,1,500.0,502.0,10.0,0.0,1,500.0,501.0,10.0,0.0,1,500.0,501.0,10.0,0.0,1
2026-03-23 16:06:14,1312.65,500.0,511.0,20.0,0.0,1,500.0,500.0,20.0,0.0,1,500.0,502.0,10.0,0.0,1,500.0,501.0,10.0,0.0,1,500.0,501.0,10.0,0.0,1,500.0,504.0,10.0,0.0,1
2026-03-23 16:06:15,1313.37,500.0,500.0,20.0,0.0,1,500.0,501.0,20.0,0.0,1,500.0,502.0,10.0,0.0,1,500.0,501.0,10.0,0.0,1,500.0,501.0,10.0,0.0,1,500.0,504.0,10.0,0.0,1
2026-03-23 16:06:16,1314.1,500.0,491.0,20.0,0.0,1,500.0,501.0,20.0,0.0,1,500.0,502.0,10.0,0.0,1,500.0,502.0,10.0,0.0,1,500.0,501.0,10.0,0.0,1,500.0,501.0,10.0,0.0,1
2026-03-23 16:06:17,1314.85,500.0,517.0,20.0,0.0,1,500.0,502.0,20.0,0.0,1,500.0,502.0,10.0,0.0,1,500.0,502.0,10.0,0.0,1,500.0,500.0,10.0,0.0,1,500.0,503.0,10.0,0.0,1
2026-03-23 16:06:17,1315.63,500.0,497.0,20.0,0.0,1,500.0,501.0,20.0,0.0,1,500.0,502.0,10.0,0.0,1,500.0,502.0,10.0,0.0,1,500.0,500.0,10.0,0.0,1,500.0,503.0,10.0,0.0,1
2026-03-23 16:06:18,1316.37,500.0,494.0,20.0,0.0,1,500.0,501.0,20.0,0.0,1,500.0,503.0,10.0,0.0,1,500.0,502.0,10.0,0.0,1,500.0,500.0,10.0,0.0,1,500.0,503.0,10.0,0.0,1
2026-03-23 16:06:19,1317.1,500.0,504.0,20.0,0.0,1,500.0,500.0,20.0,0.0,1,500.0,503.0,10.0,0.0,1,500.0,502.0,10.0,0.0,1,500.0,501.0,10.0,0.0,1,500.0,504.0,10.0,0.0,1
2026-03-23 16:06:20,1317.84,500.0,486.0,20.0,0.0,1,500.0,500.0,20.0,0.0,1,500.0,503.0,10.0,0.0,1,500.0,502.0,10.0,0.0,1,500.0,499.0,10.0,0.0,1,500.0,503.0,10.0,0.0,1
2026-03-23 16:06:20,1318.59,500.0,506.0,20.0,0.10000000149011612,1,500.0,500.0,20.0,0.0,1,500.0,503.0,10.0,0.0,1,500.0,501.0,10.0,0.0,1,500.0,502.0,10.0,0.0,1,500.0,503.0,10.0,0.0,1
2026-03-23 16:06:21,1319.32,500.0,495.0,20.0,0.0,1,500.0,500.0,20.0,0.0,1,500.0,503.0,10.0,0.0,1,500.0,501.0,10.0,0.0,1,500.0,500.0,10.0,0.0,1,500.0,502.0,10.0,0.0,1
2026-03-23 16:06:22,1320.05,500.0,501.0,20.0,0.0,1,500.0,500.0,20.0,0.0,1,500.0,503.0,10.0,0.0,1,500.0,498.0,10.0,0.0,1,500.0,498.0,10.0,0.0,1,500.0,502.0,10.0,0.0,1
2026-03-23 16:06:23,1320.81,500.0,518.0,20.0,0.0,1,500.0,500.0,20.0,0.0,1,500.0,501.0,10.0,0.0,1,500.0,503.0,10.0,0.0,1,500.0,501.0,10.0,0.0,1,500.0,503.0,10.0,0.0,1
2026-03-23 16:06:23,1321.54,500.0,477.0,20.0,0.0,1,500.0,500.0,20.0,0.0,1,500.0,501.0,10.0,0.0,1,500.0,499.0,10.0,0.0,1,500.0,499.0,10.0,0.0,1,500.0,503.0,10.0,0.0,1
2026-03-23 16:06:24,1322.28,500.0,499.0,20.0,0.0,1,500.0,501.0,20.0,0.0,1,500.0,501.0,10.0,0.0,1,500.0,501.0,10.0,0.0,1,500.0,501.0,10.0,0.0,1,500.0,503.0,10.0,0.0,1
2026-03-23 16:06:25,1323.04,500.0,493.0,20.0,0.10000000149011612,1,500.0,500.0,20.0,0.0,1,500.0,501.0,10.0,0.0,1,500.0,499.0,10.0,0.0,1,500.0,503.0,10.0,0.0,1,500.0,503.0,10.0,0.0,1
2026-03-23 16:06:26,1323.79,500.0,492.0,20.0,0.10000000149011612,1,500.0,499.0,20.0,0.0,1,500.0,502.0,10.0,0.0,1,500.0,502.0,10.0,0.0,1,500.0,501.0,10.0,0.0,1,500.0,503.0,10.0,0.0,1
2026-03-23 16:06:26,1324.55,500.0,497.0,20.0,0.0,1,500.0,500.0,20.0,0.0,1,500.0,502.0,10.0,0.0,1,500.0,502.0,10.0,0.0,1,500.0,501.0,10.0,0.0,1,500.0,503.0,10.0,0.0,1
2026-03-23 16:06:27,1325.29,500.0,507.0,20.0,0.0,1,500.0,500.0,20.0,0.0,1,500.0,501.0,10.0,0.0,1,500.0,502.0,10.0,0.0,1,500.0,502.0,10.0,0.0,1,500.0,503.0,10.0,0.0,1
2026-03-23 16:06:28,1326.03,500.0,518.0,20.0,0.10000000149011612,1,500.0,502.0,20.0,0.0,1,500.0,501.0,10.0,0.0,1,500.0,502.0,10.0,0.0,1,500.0,501.0,10.0,0.0,1,500.0,503.0,10.0,0.0,1
2026-03-23 16:06:29,1326.77,500.0,501.0,20.0,0.10000000149011612,1,500.0,502.0,20.0,0.0,1,500.0,503.0,10.0,0.0,1,500.0,501.0,10.0,0.0,1,500.0,501.0,10.0,0.0,1,500.0,503.0,10.0,0.0,1
2026-03-23 16:06:29,1327.56,500.0,501.0,20.0,0.0,1,500.0,501.0,20.0,0.0,1,500.0,503.0,10.0,0.0,1,500.0,502.0,10.0,0.0,1,500.0,500.0,10.0,0.0,1,500.0,503.0,10.0,0.0,1
2026-03-23 16:06:30,1328.29,500.0,501.0,20.0,0.0,1,500.0,500.0,20.0,0.0,1,500.0,502.0,10.0,0.0,1,500.0,502.0,10.0,0.0,1,500.0,500.0,10.0,0.0,1,500.0,503.0,10.0,0.0,1
2026-03-23 16:06:31,1329.03,500.0,513.0,20.0,0.0,1,500.0,500.0,20.0,0.0,1,500.0,502.0,10.0,0.0,1,500.0,502.0,10.0,0.0,1,500.0,502.0,10.0,0.0,1,500.0,504.0,10.0,0.0,1
2026-03-23 16:06:32,1329.77,500.0,491.0,20.0,0.0,1,500.0,501.0,20.0,0.0,1,500.0,503.0,10.0,0.0,1,500.0,502.0,10.0,0.0,1,500.0,502.0,10.0,0.0,1,500.0,501.0,10.0,0.0,1
2026-03-23 16:06:32,1330.51,500.0,489.0,20.0,0.0,1,500.0,501.0,20.0,0.0,1,500.0,503.0,10.0,0.0,1,500.0,502.0,10.0,0.0,1,500.0,501.0,10.0,0.0,1,500.0,503.0,10.0,0.0,1
2026-03-23 16:06:33,1331.25,500.0,515.0,20.0,0.30000001192092896,1,500.0,501.0,20.0,0.0,1,500.0,502.0,10.0,0.0,1,500.0,500.0,10.0,0.0,1,500.0,503.0,10.0,0.0,1,500.0,503.0,10.0,0.0,1
2026-03-23 16:06:34,1331.98,500.0,535.0,20.0,0.10000000149011612,1,500.0,499.0,20.0,0.0,1,500.0,502.0,10.0,0.0,1,500.0,501.0,10.0,0.0,1,500.0,501.0,10.0,0.0,1,500.0,503.0,10.0,0.0,1
2026-03-23 16:06:35,1332.72,500.0,487.0,20.0,0.0,1,500.0,501.0,20.0,0.0,1,500.0,502.0,10.0,0.0,1,500.0,501.0,10.0,0.0,1,500.0,502.0,10.0,0.0,1,500.0,503.0,10.0,0.0,1
2026-03-23 16:06:35,1333.45,500.0,491.0,20.0,0.10000000149011612,1,500.0,501.0,20.0,0.0,1,500.0,501.0,10.0,0.0,1,500.0,501.0,10.0,0.0,1,500.0,501.0,10.0,0.0,1,500.0,503.0,10.0,0.0,1
2026-03-23 16:06:36,1334.19,500.0,506.0,20.0,0.0,1,500.0,502.0,20.0,0.0,1,500.0,502.0,10.0,0.0,1,500.0,501.0,10.0,0.0,1,500.0,501.0,10.0,0.0,1,500.0,503.0,10.0,0.0,1
2026-03-23 16:06:37,1334.92,500.0,506.0,20.0,0.0,1,500.0,501.0,20.0,0.0,1,500.0,502.0,10.0,0.0,1,500.0,500.0,10.0,0.0,1,500.0,501.0,10.0,0.0,1,500.0,503.0,10.0,0.0,1
2026-03-23 16:06:37,1335.68,500.0,508.0,20.0,0.0,1,500.0,501.0,20.0,0.0,1,500.0,502.0,10.0,0.0,1,500.0,501.0,10.0,0.0,1,500.0,501.0,10.0,0.0,1,500.0,503.0,10.0,0.0,1
2026-03-23 16:06:38,1336.42,500.0,520.0,20.0,0.0,1,500.0,501.0,20.0,0.0,1,500.0,502.0,10.0,0.0,1,500.0,503.0,10.0,0.0,1,500.0,501.0,10.0,0.0,1,500.0,503.0,10.0,0.0,1
2026-03-23 16:06:39,1337.16,500.0,493.0,20.0,0.0,1,500.0,501.0,20.0,0.0,1,500.0,502.0,10.0,0.0,1,500.0,503.0,10.0,0.0,1,500.0,500.0,10.0,0.0,1,500.0,501.0,10.0,0.0,1
2026-03-23 16:06:40,1337.9,500.0,501.0,20.0,0.0,1,500.0,501.0,20.0,0.0,1,500.0,502.0,10.0,0.0,1,500.0,501.0,10.0,0.0,1,500.0,500.0,10.0,0.0,1,500.0,503.0,10.0,0.0,1
2026-03-23 16:06:40,1338.63,500.0,504.0,20.0,0.0,1,500.0,502.0,20.0,0.0,1,500.0,502.0,10.0,0.0,1,500.0,500.0,10.0,0.0,1,500.0,500.0,10.0,0.0,1,500.0,503.0,10.0,0.0,1
2026-03-23 16:06:41,1339.39,500.0,524.0,20.0,0.0,1,500.0,501.0,20.0,0.0,1,500.0,504.0,10.0,0.0,1,500.0,502.0,10.0,0.0,1,500.0,501.0,10.0,0.0,1,500.0,503.0,10.0,0.0,1
2026-03-23 16:06:42,1340.12,500.0,493.0,20.0,0.0,1,500.0,501.0,20.0,0.0,1,500.0,503.0,10.0,0.0,1,500.0,499.0,10.0,0.0,1,500.0,500.0,10.0,0.0,1,500.0,503.0,10.0,0.0,1
2026-03-23 16:06:43,1340.88,500.0,525.0,20.0,0.0,1,500.0,501.0,20.0,0.0,1,500.0,501.0,10.0,0.0,1,500.0,501.0,10.0,0.0,1,500.0,501.0,10.0,0.0,1,500.0,503.0,10.0,0.0,1
2026-03-23 16:06:43,1341.64,500.0,513.0,20.0,0.0,1,500.0,501.0,20.0,0.0,1,500.0,501.0,10.0,0.0,1,500.0,502.0,10.0,0.0,1,500.0,502.0,10.0,0.0,1,500.0,503.0,10.0,0.0,1
2026-03-23 16:06:44,1342.39,500.0,521.0,20.0,0.10000000149011612,1,500.0,501.0,20.0,0.0,1,500.0,501.0,10.0,0.0,1,500.0,500.0,10.0,0.0,1,500.0,500.0,10.0,0.0,1,500.0,503.0,10.0,0.0,1
2026-03-23 16:06:45,1343.13,500.0,491.0,20.0,0.0,1,500.0,501.0,20.0,0.0,1,500.0,501.0,10.0,0.0,1,500.0,502.0,10.0,0.0,1,500.0,501.0,10.0,0.0,1,500.0,503.0,10.0,0.0,1
2026-03-23 16:06:46,1343.87,500.0,513.0,20.0,0.0,1,500.0,501.0,20.0,0.0,1,500.0,502.0,10.0,0.0,1,500.0,501.0,10.0,0.0,1,500.0,500.0,10.0,0.0,1,500.0,503.0,10.0,0.0,1
2026-03-23 16:06:46,1344.6,500.0,486.0,20.0,0.0,1,500.0,500.0,20.0,0.0,1,500.0,502.0,10.0,0.0,1,500.0,500.0,10.0,0.0,1,500.0,500.0,10.0,0.0,1,500.0,503.0,10.0,0.0,1
2026-03-23 16:06:47,1345.36,500.0,519.0,20.0,0.0,1,500.0,501.0,20.0,0.0,1,500.0,502.0,10.0,0.0,1,500.0,500.0,10.0,0.0,1,500.0,499.0,10.0,0.0,1,500.0,503.0,10.0,0.0,1
2026-03-23 16:06:48,1346.08,500.0,477.0,20.0,0.0,1,500.0,501.0,20.0,0.0,1,500.0,501.0,10.0,0.0,1,500.0,500.0,10.0,0.0,1,500.0,500.0,10.0,0.0,1,500.0,503.0,10.0,0.0,1
2026-03-23 16:06:49,1346.84,500.0,524.0,20.0,0.0,1,500.0,501.0,20.0,0.0,1,500.0,501.0,10.0,0.0,1,500.0,500.0,10.0,0.0,1,500.0,500.0,10.0,0.0,1,500.0,504.0,10.0,0.0,1
2026-03-23 16:06:49,1347.6,500.0,499.0,20.0,0.0,1,500.0,501.0,20.0,0.0,1,500.0,502.0,10.0,0.0,1,500.0,501.0,10.0,0.0,1,500.0,501.0,10.0,0.0,1,500.0,503.0,10.0,0.0,1
2026-03-23 16:06:50,1348.34,500.0,506.0,20.0,0.0,1,500.0,501.0,20.0,0.0,1,500.0,503.0,10.0,0.0,1,500.0,501.0,10.0,0.0,1,500.0,501.0,10.0,0.0,1,500.0,503.0,10.0,0.0,1
2026-03-23 16:06:51,1349.09,500.0,528.0,20.0,0.20000000298023224,1,500.0,501.0,20.0,0.0,1,500.0,503.0,10.0,0.0,1,500.0,499.0,10.0,0.0,1,500.0,501.0,10.0,0.0,1,500.0,503.0,10.0,0.0,1
2026-03-23 16:06:52,1349.81,500.0,494.0,20.0,0.10000000149011612,1,500.0,501.0,20.0,0.0,1,500.0,502.0,10.0,0.0,1,500.0,502.0,10.0,0.0,1,500.0,501.0,10.0,0.0,1,500.0,502.0,10.0,0.0,1
2026-03-23 16:06:52,1350.54,500.0,491.0,20.0,0.0,1,500.0,502.0,20.0,0.0,1,500.0,502.0,10.0,0.0,1,500.0,503.0,10.0,0.0,1,500.0,503.0,10.0,0.0,1,500.0,505.0,10.0,0.0,1
2026-03-23 16:06:53,1351.27,500.0,511.0,20.0,0.0,1,500.0,501.0,20.0,0.0,1,500.0,503.0,10.0,0.0,1,500.0,502.0,10.0,0.0,1,500.0,503.0,10.0,0.0,1,500.0,505.0,10.0,0.0,1
2026-03-23 16:06:54,1352.02,500.0,507.0,20.0,0.0,1,500.0,501.0,20.0,0.0,1,500.0,502.0,10.0,0.0,1,500.0,502.0,10.0,0.0,1,500.0,498.0,10.0,0.0,1,500.0,504.0,10.0,0.0,1
2026-03-23 16:06:55,1352.75,500.0,526.0,20.0,0.0,1,500.0,500.0,20.0,0.0,1,500.0,503.0,10.0,0.0,1,500.0,502.0,10.0,0.0,1,500.0,498.0,10.0,0.0,1,500.0,503.0,10.0,0.0,1
2026-03-23 16:06:55,1353.5,500.0,492.0,20.0,0.0,1,500.0,501.0,20.0,0.0,1,500.0,503.0,10.0,0.0,1,500.0,500.0,10.0,0.0,1,500.0,502.0,10.0,0.0,1,500.0,503.0,10.0,0.0,1
2026-03-23 16:06:56,1354.24,500.0,501.0,20.0,0.0,1,500.0,500.0,20.0,0.0,1,500.0,503.0,10.0,0.0,1,500.0,502.0,10.0,0.0,1,500.0,502.0,10.0,0.0,1,500.0,503.0,10.0,0.0,1
2026-03-23 16:06:57,1354.98,500.0,523.0,20.0,0.0,1,500.0,500.0,20.0,0.0,1,500.0,503.0,10.0,0.0,1,500.0,502.0,10.0,0.0,1,500.0,501.0,10.0,0.0,1,500.0,503.0,10.0,0.0,1
2026-03-23 16:06:58,1355.7,500.0,489.0,20.0,0.0,1,500.0,500.0,20.0,0.0,1,500.0,502.0,10.0,0.0,1,500.0,501.0,10.0,0.0,1,500.0,500.0,10.0,0.0,1,500.0,503.0,10.0,0.0,1
2026-03-23 16:06:58,1356.43,500.0,509.0,20.0,0.0,1,500.0,501.0,20.0,0.0,1,500.0,502.0,10.0,0.0,1,500.0,500.0,10.0,0.0,1,500.0,501.0,10.0,0.0,1,500.0,501.0,10.0,0.0,1
2026-03-23 16:06:59,1357.15,500.0,487.0,20.0,0.0,1,500.0,501.0,20.0,0.0,1,500.0,502.0,10.0,0.0,1,500.0,499.0,10.0,0.0,1,500.0,503.0,10.0,0.0,1,500.0,503.0,10.0,0.0,1
2026-03-23 16:07:00,1357.88,500.0,529.0,20.0,0.0,1,500.0,501.0,20.0,0.0,1,500.0,503.0,10.0,0.0,1,500.0,503.0,10.0,0.0,1,500.0,499.0,10.0,0.0,1,500.0,503.0,10.0,0.0,1
2026-03-23 16:07:00,1358.62,500.0,506.0,20.0,0.0,1,500.0,501.0,20.0,0.0,1,500.0,503.0,10.0,0.0,1,500.0,502.0,10.0,0.0,1,500.0,500.0,10.0,0.0,1,500.0,504.0,10.0,0.0,1
2026-03-23 16:07:01,1359.37,500.0,520.0,20.0,0.20000000298023224,1,500.0,502.0,20.0,0.0,1,500.0,502.0,10.0,0.0,1,500.0,500.0,10.0,0.0,1,500.0,501.0,10.0,0.0,1,500.0,503.0,10.0,0.0,1
2026-03-23 16:07:02,1360.12,500.0,493.0,20.0,0.0,1,500.0,502.0,20.0,0.0,1,500.0,502.0,10.0,0.0,1,500.0,501.0,10.0,0.0,1,500.0,501.0,10.0,0.0,1,500.0,503.0,10.0,0.0,1
2026-03-23 16:07:03,1360.89,500.0,514.0,20.0,0.30000001192092896,1,500.0,502.0,20.0,0.0,1,500.0,501.0,10.0,0.0,1,500.0,501.0,10.0,0.0,1,500.0,502.0,10.0,0.0,1,500.0,503.0,10.0,0.0,1
2026-03-23 16:07:03,1361.64,500.0,509.0,20.0,0.10000000149011612,1,500.0,501.0,20.0,0.0,1,500.0,501.0,10.0,0.0,1,500.0,501.0,10.0,0.0,1,500.0,502.0,10.0,0.0,1,500.0,502.0,10.0,0.0,1
2026-03-23 16:07:04,1362.39,500.0,499.0,20.0,0.10000000149011612,1,500.0,501.0,20.0,0.0,1,500.0,502.0,10.0,0.0,1,500.0,501.0,10.0,0.0,1,500.0,501.0,10.0,0.0,1,500.0,502.0,10.0,0.0,1
2026-03-23 16:07:05,1363.12,500.0,527.0,20.0,0.0,1,500.0,501.0,20.0,0.0,1,500.0,501.0,10.0,0.0,1,500.0,501.0,10.0,0.0,1,500.0,501.0,10.0,0.0,1,500.0,502.0,10.0,0.0,1
2026-03-23 16:07:06,1363.86,500.0,483.0,20.0,0.0,1,500.0,501.0,20.0,0.0,1,500.0,502.0,10.0,0.0,1,500.0,501.0,10.0,0.0,1,500.0,500.0,10.0,0.0,1,500.0,503.0,10.0,0.0,1
2026-03-23 16:07:06,1364.61,500.0,510.0,20.0,0.0,1,500.0,501.0,20.0,0.0,1,500.0,502.0,10.0,0.0,1,500.0,501.0,10.0,0.0,1,500.0,500.0,10.0,0.0,1,500.0,503.0,10.0,0.0,1
2026-03-23 16:07:07,1365.35,500.0,496.0,20.0,0.0,1,500.0,501.0,20.0,0.0,1,500.0,502.0,10.0,0.0,1,500.0,501.0,10.0,0.0,1,500.0,500.0,10.0,0.0,1,500.0,503.0,10.0,0.0,1
2026-03-23 16:07:08,1366.08,500.0,516.0,20.0,0.10000000149011612,1,500.0,500.0,20.0,0.0,1,500.0,502.0,10.0,0.0,1,500.0,503.0,10.0,0.0,1,500.0,501.0,10.0,0.0,1,500.0,503.0,10.0,0.0,1
2026-03-23 16:07:09,1366.82,500.0,478.0,20.0,0.0,1,500.0,500.0,20.0,0.0,1,500.0,503.0,10.0,0.0,1,500.0,502.0,10.0,0.0,1,500.0,501.0,10.0,0.0,1,500.0,503.0,10.0,0.0,1
2026-03-23 16:07:09,1367.59,500.0,506.0,20.0,0.20000000298023224,1,500.0,501.0,20.0,0.0,1,500.0,500.0,10.0,0.0,1,500.0,501.0,10.0,0.0,1,500.0,501.0,10.0,0.0,1,500.0,503.0,10.0,0.0,1
2026-03-23 16:07:10,1368.33,500.0,500.0,20.0,0.10000000149011612,1,500.0,501.0,20.0,0.0,1,500.0,503.0,10.0,0.0,1,500.0,501.0,10.0,0.0,1,500.0,501.0,10.0,0.0,1,500.0,503.0,10.0,0.0,1
2026-03-23 16:07:11,1369.07,500.0,499.0,20.0,0.10000000149011612,1,500.0,501.0,20.0,0.0,1,500.0,503.0,10.0,0.0,1,500.0,501.0,10.0,0.0,1,500.0,501.0,10.0,0.0,1,500.0,502.0,10.0,0.0,1
2026-03-23 16:07:12,1369.8,500.0,504.0,20.0,0.0,1,500.0,500.0,20.0,0.0,1,500.0,503.0,10.0,0.0,1,500.0,501.0,10.0,0.0,1,500.0,501.0,10.0,0.0,1,500.0,503.0,10.0,0.0,1
2026-03-23 16:07:12,1370.59,500.0,503.0,20.0,0.0,1,500.0,501.0,20.0,0.0,1,500.0,503.0,10.0,0.0,1,500.0,501.0,10.0,0.0,1,500.0,501.0,10.0,0.0,1,500.0,505.0,10.0,0.0,1
2026-03-23 16:07:13,1371.33,500.0,522.0,20.0,0.0,1,500.0,501.0,20.0,0.0,1,500.0,502.0,10.0,0.0,1,500.0,501.0,10.0,0.0,1,500.0,501.0,10.0,0.0,1,500.0,503.0,10.0,0.0,1
2026-03-23 16:07:14,1372.07,500.0,489.0,20.0,0.0,1,500.0,501.0,20.0,0.0,1,500.0,503.0,10.0,0.0,1,500.0,501.0,10.0,0.0,1,500.0,501.0,10.0,0.0,1,500.0,503.0,10.0,0.0,1
2026-03-23 16:07:15,1372.79,500.0,533.0,20.0,0.20000000298023224,1,500.0,501.0,20.0,0.0,1,500.0,503.0,10.0,0.0,1,500.0,501.0,10.0,0.0,1,500.0,501.0,10.0,0.0,1,500.0,502.0,10.0,0.0,1
2026-03-23 16:07:15,1373.54,500.0,487.0,20.0,0.0,1,500.0,501.0,20.0,0.0,1,500.0,501.0,10.0,0.0,1,500.0,501.0,10.0,0.0,1,500.0,500.0,10.0,0.0,1,500.0,503.0,10.0,0.0,1
2026-03-23 16:07:16,1374.27,500.0,494.0,20.0,0.0,1,500.0,501.0,20.0,0.0,1,500.0,501.0,10.0,0.0,1,500.0,501.0,10.0,0.0,1,500.0,500.0,10.0,0.0,1,500.0,503.0,10.0,0.0,1
2026-03-23 16:07:17,1375.0,500.0,501.0,20.0,0.20000000298023224,1,500.0,500.0,20.0,0.0,1,500.0,501.0,10.0,0.0,1,500.0,501.0,10.0,0.0,1,500.0,500.0,10.0,0.0,1,500.0,503.0,10.0,0.0,1
2026-03-23 16:07:18,1375.75,500.0,498.0,20.0,0.0,1,500.0,501.0,20.0,0.0,1,500.0,502.0,10.0,0.0,1,500.0,501.0,10.0,0.0,1,500.0,500.0,10.0,0.0,1,500.0,504.0,10.0,0.0,1
2026-03-23 16:07:18,1376.49,500.0,496.0,20.0,0.0,1,500.0,501.0,20.0,0.0,1,500.0,502.0,10.0,0.0,1,500.0,500.0,10.0,0.0,1,500.0,500.0,10.0,0.0,1,500.0,503.0,10.0,0.0,1
2026-03-23 16:07:19,1377.23,500.0,513.0,20.0,0.0,1,500.0,501.0,20.0,0.0,1,500.0,502.0,10.0,0.0,1,500.0,502.0,10.0,0.0,1,500.0,501.0,10.0,0.0,1,500.0,502.0,10.0,0.0,1
2026-03-23 16:07:20,1378.02,500.0,486.0,20.0,0.0,1,500.0,501.0,20.0,0.0,1,500.0,502.0,10.0,0.0,1,500.0,501.0,10.0,0.0,1,500.0,501.0,10.0,0.0,1,500.0,503.0,10.0,0.0,1
2026-03-23 16:07:21,1378.75,500.0,520.0,20.0,0.10000000149011612,1,500.0,501.0,20.0,0.0,1,500.0,501.0,10.0,0.0,1,500.0,501.0,10.0,0.0,1,500.0,501.0,10.0,0.0,1,500.0,503.0,10.0,0.0,1
2026-03-23 16:07:21,1379.5,500.0,498.0,20.0,0.0,1,500.0,501.0,20.0,0.0,1,500.0,502.0,10.0,0.0,1,500.0,501.0,10.0,0.0,1,500.0,501.0,10.0,0.0,1,500.0,504.0,10.0,0.0,1
2026-03-23 16:07:22,1380.24,500.0,493.0,20.0,0.0,1,500.0,500.0,20.0,0.0,1,500.0,503.0,10.0,0.0,1,500.0,501.0,10.0,0.0,1,500.0,501.0,10.0,0.0,1,500.0,503.0,10.0,0.0,1
2026-03-23 16:07:23,1380.97,500.0,533.0,20.0,0.4000000059604645,1,500.0,500.0,20.0,0.0,1,500.0,502.0,10.0,0.0,1,500.0,500.0,10.0,0.0,1,500.0,501.0,10.0,0.0,1,500.0,504.0,10.0,0.0,1
2026-03-23 16:07:24,1381.71,500.0,492.0,20.0,0.10000000149011612,1,500.0,501.0,20.0,0.0,1,500.0,500.0,10.0,0.0,1,500.0,501.0,10.0,0.0,1,500.0,501.0,10.0,0.0,1,500.0,504.0,10.0,0.0,1
2026-03-23 16:07:24,1382.45,500.0,491.0,20.0,0.0,1,500.0,500.0,20.0,0.0,1,500.0,501.0,10.0,0.0,1,500.0,501.0,10.0,0.0,1,500.0,499.0,10.0,0.0,1,500.0,504.0,10.0,0.0,1
2026-03-23 16:07:25,1383.19,500.0,524.0,20.0,0.0,1,500.0,500.0,20.0,0.0,1,500.0,501.0,10.0,0.0,1,500.0,501.0,10.0,0.0,1,500.0,501.0,10.0,0.0,1,500.0,502.0,10.0,0.0,1
2026-03-23 16:07:26,1383.93,500.0,494.0,20.0,0.0,1,500.0,500.0,20.0,0.0,1,500.0,502.0,10.0,0.0,1,500.0,501.0,10.0,0.0,1,500.0,500.0,10.0,0.0,1,500.0,502.0,10.0,0.0,1
2026-03-23 16:07:26,1384.68,500.0,513.0,20.0,0.0,1,500.0,501.0,20.0,0.0,1,500.0,502.0,10.0,0.0,1,500.0,503.0,10.0,0.0,1,500.0,500.0,10.0,0.0,1,500.0,502.0,10.0,0.0,1
2026-03-23 16:07:27,1385.42,500.0,493.0,20.0,0.0,1,500.0,501.0,20.0,0.0,1,500.0,502.0,10.0,0.0,1,500.0,502.0,10.0,0.0,1,500.0,499.0,10.0,0.0,1,500.0,504.0,10.0,0.0,1
2026-03-23 16:07:28,1386.14,500.0,504.0,20.0,0.0,1,500.0,501.0,20.0,0.0,1,500.0,502.0,10.0,0.0,1,500.0,501.0,10.0,0.0,1,500.0,501.0,10.0,0.0,1,500.0,503.0,10.0,0.0,1
2026-03-23 16:07:29,1386.88,500.0,480.0,20.0,0.0,1,500.0,500.0,20.0,0.0,1,500.0,501.0,10.0,0.0,1,500.0,501.0,10.0,0.0,1,500.0,501.0,10.0,0.0,1,500.0,503.0,10.0,0.0,1
2026-03-23 16:07:29,1387.6,500.0,503.0,20.0,0.0,1,500.0,501.0,20.0,0.0,1,500.0,502.0,10.0,0.0,1,500.0,501.0,10.0,0.0,1,500.0,499.0,10.0,0.0,1,500.0,503.0,10.0,0.0,1
2026-03-23 16:07:30,1388.33,500.0,508.0,20.0,0.0,1,500.0,501.0,20.0,0.0,1,500.0,502.0,10.0,0.0,1,500.0,501.0,10.0,0.0,1,500.0,501.0,10.0,0.0,1,500.0,503.0,10.0,0.0,1
2026-03-23 16:07:31,1389.05,500.0,507.0,20.0,0.0,1,500.0,501.0,20.0,0.0,1,500.0,502.0,10.0,0.0,1,500.0,501.0,10.0,0.0,1,500.0,501.0,10.0,0.0,1,500.0,502.0,10.0,0.0,1
2026-03-23 16:07:32,1389.78,500.0,496.0,20.0,0.0,1,500.0,501.0,20.0,0.0,1,500.0,503.0,10.0,0.0,1,500.0,502.0,10.0,0.0,1,500.0,502.0,10.0,0.0,1,500.0,503.0,10.0,0.0,1
2026-03-23 16:07:32,1390.51,500.0,524.0,20.0,0.0,1,500.0,501.0,20.0,0.0,1,500.0,502.0,10.0,0.0,1,500.0,502.0,10.0,0.0,1,500.0,501.0,10.0,0.0,1,500.0,503.0,10.0,0.0,1
2026-03-23 16:07:33,1391.23,500.0,502.0,20.0,0.0,1,500.0,501.0,20.0,0.0,1,500.0,502.0,10.0,0.0,1,500.0,502.0,10.0,0.0,1,500.0,501.0,10.0,0.0,1,500.0,503.0,10.0,0.0,1
2026-03-23 16:07:34,1391.96,500.0,502.0,20.0,0.0,1,500.0,501.0,20.0,0.0,1,500.0,502.0,10.0,0.0,1,500.0,502.0,10.0,0.0,1,500.0,501.0,10.0,0.0,1,500.0,503.0,10.0,0.0,1
2026-03-23 16:07:34,1392.7,500.0,529.0,20.0,0.0,1,500.0,502.0,20.0,0.0,1,500.0,502.0,10.0,0.0,1,500.0,502.0,10.0,0.0,1,500.0,502.0,10.0,0.0,1,500.0,503.0,10.0,0.0,1
2026-03-23 16:07:35,1393.49,500.0,492.0,20.0,0.0,1,500.0,502.0,20.0,0.0,1,500.0,502.0,10.0,0.0,1,500.0,502.0,10.0,0.0,1,500.0,502.0,10.0,0.0,1,500.0,503.0,10.0,0.0,1
2026-03-23 16:07:36,1394.22,500.0,491.0,20.0,0.0,1,500.0,502.0,20.0,0.0,1,500.0,502.0,10.0,0.0,1,500.0,501.0,10.0,0.0,1,500.0,500.0,10.0,0.0,1,500.0,504.0,10.0,0.0,1
2026-03-23 16:07:37,1394.96,500.0,517.0,20.0,0.20000000298023224,1,500.0,502.0,20.0,0.0,1,500.0,501.0,10.0,0.0,1,500.0,501.0,10.0,0.0,1,500.0,500.0,10.0,0.0,1,500.0,504.0,10.0,0.0,1
2026-03-23 16:07:38,1395.72,500.0,501.0,20.0,0.0,1,500.0,502.0,20.0,0.0,1,500.0,502.0,10.0,0.0,1,500.0,500.0,10.0,0.0,1,500.0,502.0,10.0,0.0,1,500.0,504.0,10.0,0.0,1
2026-03-23 16:07:38,1396.45,500.0,510.0,20.0,0.0,1,500.0,502.0,20.0,0.0,1,500.0,502.0,10.0,0.0,1,500.0,499.0,10.0,0.0,1,500.0,502.0,10.0,0.0,1,500.0,503.0,10.0,0.0,1
2026-03-23 16:07:39,1397.19,500.0,499.0,20.0,0.0,1,500.0,500.0,20.0,0.0,1,500.0,502.0,10.0,0.0,1,500.0,502.0,10.0,0.0,1,500.0,502.0,10.0,0.0,1,500.0,503.0,10.0,0.0,1
2026-03-23 16:07:40,1397.92,500.0,520.0,20.0,0.30000001192092896,1,500.0,501.0,20.0,0.0,1,500.0,504.0,10.0,0.0,1,500.0,502.0,10.0,0.0,1,500.0,502.0,10.0,0.0,1,500.0,504.0,10.0,0.0,1
2026-03-23 16:07:40,1398.66,500.0,495.0,20.0,0.0,1,500.0,501.0,20.0,0.0,1,500.0,502.0,10.0,0.0,1,500.0,502.0,10.0,0.0,1,500.0,501.0,10.0,0.0,1,500.0,502.0,10.0,0.0,1
2026-03-23 16:07:41,1399.41,500.0,526.0,20.0,0.10000000149011612,1,500.0,501.0,20.0,0.0,1,500.0,502.0,10.0,0.0,1,500.0,501.0,10.0,0.0,1,500.0,501.0,10.0,0.0,1,500.0,504.0,10.0,0.0,1
2026-03-23 16:07:42,1400.13,500.0,512.0,20.0,0.10000000149011612,1,500.0,501.0,20.0,0.0,1,500.0,502.0,10.0,0.0,1,500.0,502.0,10.0,0.0,1,500.0,501.0,10.0,0.0,1,500.0,504.0,10.0,0.0,1
2026-03-23 16:07:43,1400.88,500.0,512.0,20.0,0.0,1,500.0,501.0,20.0,0.0,1,500.0,502.0,10.0,0.0,1,500.0,502.0,10.0,0.0,1,500.0,503.0,10.0,0.0,1,500.0,503.0,10.0,0.0,1
2026-03-23 16:07:43,1401.62,500.0,491.0,20.0,0.0,1,500.0,501.0,20.0,0.0,1,500.0,502.0,10.0,0.0,1,500.0,500.0,10.0,0.0,1,500.0,502.0,10.0,0.0,1,500.0,503.0,10.0,0.0,1
2026-03-23 16:07:44,1402.38,500.0,525.0,20.0,0.0,1,500.0,503.0,20.0,0.0,1,500.0,502.0,10.0,0.0,1,500.0,502.0,10.0,0.0,1,500.0,502.0,10.0,0.0,1,500.0,503.0,10.0,0.0,1
2026-03-23 16:07:45,1403.11,500.0,494.0,20.0,0.0,1,500.0,501.0,20.0,0.0,1,500.0,502.0,10.0,0.0,1,500.0,502.0,10.0,0.0,1,500.0,501.0,10.0,0.0,1,500.0,503.0,10.0,0.0,1
2026-03-23 16:07:46,1403.86,500.0,494.0,20.0,0.0,1,500.0,501.0,20.0,0.0,1,500.0,502.0,10.0,0.0,1,500.0,501.0,10.0,0.0,1,500.0,499.0,10.0,0.0,1,500.0,501.0,10.0,0.0,1
2026-03-23 16:07:46,1404.64,500.0,524.0,20.0,0.30000001192092896,1,500.0,501.0,20.0,0.0,1,500.0,501.0,10.0,0.0,1,500.0,503.0,10.0,0.0,1,500.0,501.0,10.0,0.0,1,500.0,503.0,10.0,0.0,1
2026-03-23 16:07:47,1405.38,500.0,499.0,20.0,0.0,1,500.0,500.0,20.0,0.0,1,500.0,502.0,10.0,0.0,1,500.0,501.0,10.0,0.0,1,500.0,501.0,10.0,0.0,1,500.0,503.0,10.0,0.0,1
2026-03-23 16:07:48,1406.12,500.0,513.0,20.0,0.20000000298023224,1,500.0,500.0,20.0,0.0,1,500.0,502.0,10.0,0.0,1,500.0,501.0,10.0,0.0,1,500.0,500.0,10.0,0.0,1,500.0,504.0,10.0,0.0,1
2026-03-23 16:07:49,1406.86,500.0,503.0,20.0,0.0,1,500.0,500.0,20.0,0.0,1,500.0,502.0,10.0,0.0,1,500.0,501.0,10.0,0.0,1,500.0,500.0,10.0,0.0,1,500.0,503.0,10.0,0.0,1
2026-03-23 16:07:49,1407.64,500.0,498.0,20.0,0.0,1,500.0,502.0,20.0,0.0,1,500.0,503.0,10.0,0.0,1,500.0,502.0,10.0,0.0,1,500.0,499.0,10.0,0.0,1,500.0,503.0,10.0,0.0,1
2026-03-23 16:07:50,1408.38,500.0,516.0,20.0,0.0,1,500.0,502.0,20.0,0.0,1,500.0,502.0,10.0,0.0,1,500.0,502.0,10.0,0.0,1,500.0,503.0,10.0,0.0,1,500.0,503.0,10.0,0.0,1
2026-03-23 16:07:51,1409.12,500.0,506.0,20.0,0.0,1,500.0,501.0,20.0,0.0,1,500.0,502.0,10.0,0.0,1,500.0,501.0,10.0,0.0,1,500.0,501.0,10.0,0.0,1,500.0,503.0,10.0,0.0,1
2026-03-23 16:07:52,1409.86,500.0,512.0,20.0,0.0,1,500.0,501.0,20.0,0.0,1,500.0,502.0,10.0,0.0,1,500.0,500.0,10.0,0.0,1,500.0,501.0,10.0,0.0,1,500.0,504.0,10.0,0.0,1
2026-03-23 16:07:52,1410.61,500.0,491.0,20.0,0.0,1,500.0,501.0,20.0,0.0,1,500.0,501.0,10.0,0.0,1,500.0,500.0,10.0,0.0,1,500.0,502.0,10.0,0.0,1,500.0,504.0,10.0,0.0,1
2026-03-23 16:07:53,1411.36,500.0,501.0,20.0,0.0,1,500.0,501.0,20.0,0.0,1,500.0,502.0,10.0,0.0,1,500.0,501.0,10.0,0.0,1,500.0,501.0,10.0,0.0,1,500.0,503.0,10.0,0.0,1
2026-03-23 16:07:54,1412.1,500.0,516.0,20.0,0.0,1,500.0,502.0,20.0,0.0,1,500.0,502.0,10.0,0.0,1,500.0,503.0,10.0,0.0,1,500.0,501.0,10.0,0.0,1,500.0,504.0,10.0,0.0,1
2026-03-23 16:07:55,1412.83,500.0,482.0,20.0,0.0,1,500.0,501.0,20.0,0.0,1,500.0,502.0,10.0,0.0,1,500.0,503.0,10.0,0.0,1,500.0,501.0,10.0,0.0,1,500.0,504.0,10.0,0.0,1
2026-03-23 16:07:55,1413.57,500.0,497.0,20.0,0.0,1,500.0,501.0,20.0,0.0,1,500.0,502.0,10.0,0.0,1,500.0,502.0,10.0,0.0,1,500.0,500.0,10.0,0.0,1,500.0,502.0,10.0,0.0,1
2026-03-23 16:07:56,1414.29,500.0,507.0,20.0,0.10000000149011612,1,500.0,502.0,20.0,0.0,1,500.0,502.0,10.0,0.0,1,500.0,501.0,10.0,0.0,1,500.0,502.0,10.0,0.0,1,500.0,504.0,10.0,0.0,1
2026-03-23 16:07:57,1415.03,500.0,521.0,20.0,0.10000000149011612,1,500.0,502.0,20.0,0.0,1,500.0,502.0,10.0,0.0,1,500.0,502.0,10.0,0.0,1,500.0,501.0,10.0,0.0,1,500.0,504.0,10.0,0.0,1
2026-03-23 16:07:58,1415.78,500.0,493.0,20.0,0.10000000149011612,1,500.0,501.0,20.0,0.0,1,500.0,501.0,10.0,0.0,1,500.0,501.0,10.0,0.0,1,500.0,502.0,10.0,0.0,1,500.0,504.0,10.0,0.0,1
2026-03-23 16:07:58,1416.52,500.0,512.0,20.0,0.0,1,500.0,501.0,20.0,0.0,1,500.0,501.0,10.0,0.0,1,500.0,501.0,10.0,0.0,1,500.0,502.0,10.0,0.0,1,500.0,503.0,10.0,0.0,1
2026-03-23 16:07:59,1417.27,500.0,519.0,20.0,0.0,1,500.0,501.0,20.0,0.0,1,500.0,501.0,10.0,0.0,1,500.0,502.0,10.0,0.0,1,500.0,502.0,10.0,0.0,1,500.0,502.0,10.0,0.0,1
2026-03-23 16:08:00,1418.0,500.0,489.0,20.0,0.0,1,500.0,502.0,20.0,0.0,1,500.0,503.0,10.0,0.0,1,500.0,501.0,10.0,0.0,1,500.0,501.0,10.0,0.0,1,500.0,504.0,10.0,0.0,1
2026-03-23 16:08:01,1418.73,500.0,504.0,20.0,0.0,1,500.0,501.0,20.0,0.0,1,500.0,503.0,10.0,0.0,1,500.0,501.0,10.0,0.0,1,500.0,501.0,10.0,0.0,1,500.0,503.0,10.0,0.0,1
2026-03-23 16:08:01,1419.49,500.0,507.0,20.0,0.0,1,500.0,500.0,20.0,0.0,1,500.0,501.0,10.0,0.0,1,500.0,501.0,10.0,0.0,1,500.0,501.0,10.0,0.0,1,500.0,503.0,10.0,0.0,1
2026-03-23 16:08:02,1420.22,500.0,519.0,20.0,0.0,1,500.0,500.0,20.0,0.0,1,500.0,502.0,10.0,0.0,1,500.0,501.0,10.0,0.0,1,500.0,501.0,10.0,0.0,1,500.0,503.0,10.0,0.0,1
2026-03-23 16:08:03,1420.98,500.0,493.0,20.0,0.0,1,500.0,500.0,20.0,0.0,1,500.0,502.0,10.0,0.0,1,500.0,501.0,10.0,0.0,1,500.0,501.0,10.0,0.0,1,500.0,503.0,10.0,0.0,1
2026-03-23 16:08:04,1421.72,500.0,505.0,20.0,0.0,1,500.0,501.0,20.0,0.0,1,500.0,502.0,10.0,0.0,1,500.0,502.0,10.0,0.0,1,500.0,500.0,10.0,0.0,1,500.0,503.0,10.0,0.0,1
2026-03-23 16:08:04,1422.45,500.0,526.0,20.0,0.10000000149011612,1,500.0,501.0,20.0,0.0,1,500.0,502.0,10.0,0.0,1,500.0,502.0,10.0,0.0,1,500.0,500.0,10.0,0.0,1,500.0,504.0,10.0,0.0,1
2026-03-23 16:08:05,1423.18,500.0,537.0,20.0,0.20000000298023224,1,500.0,501.0,20.0,0.0,1,500.0,503.0,10.0,0.0,1,500.0,501.0,10.0,0.0,1,500.0,501.0,10.0,0.0,1,500.0,503.0,10.0,0.0,1
2026-03-23 16:08:06,1423.91,500.0,500.0,20.0,0.0,1,500.0,500.0,20.0,0.0,1,500.0,502.0,10.0,0.0,1,500.0,501.0,10.0,0.0,1,500.0,501.0,10.0,0.0,1,500.0,503.0,10.0,0.0,1
2026-03-23 16:08:06,1424.64,500.0,487.0,20.0,0.0,1,500.0,501.0,20.0,0.0,1,500.0,503.0,10.0,0.0,1,500.0,503.0,10.0,0.0,1,500.0,503.0,10.0,0.0,1,500.0,502.0,10.0,0.0,1
2026-03-23 16:08:07,1425.38,500.0,505.0,20.0,0.0,1,500.0,501.0,20.0,0.0,1,500.0,503.0,10.0,0.0,1,500.0,502.0,10.0,0.0,1,500.0,499.0,10.0,0.0,1,500.0,502.0,10.0,0.0,1
2026-03-23 16:08:08,1426.12,500.0,520.0,20.0,0.10000000149011612,1,500.0,501.0,20.0,0.0,1,500.0,503.0,10.0,0.0,1,500.0,501.0,10.0,0.0,1,500.0,499.0,10.0,0.0,1,500.0,503.0,10.0,0.0,1
2026-03-23 16:08:09,1426.86,500.0,476.0,20.0,0.0,1,500.0,500.0,20.0,0.0,1,500.0,502.0,10.0,0.0,1,500.0,502.0,10.0,0.0,1,500.0,499.0,10.0,0.0,1,500.0,505.0,10.0,0.0,1
2026-03-23 16:08:09,1427.58,500.0,521.0,20.0,0.0,1,500.0,500.0,20.0,0.0,1,500.0,502.0,10.0,0.0,1,500.0,502.0,10.0,0.0,1,500.0,501.0,10.0,0.0,1,500.0,503.0,10.0,0.0,1
2026-03-23 16:08:10,1428.32,500.0,499.0,20.0,0.0,1,500.0,501.0,20.0,0.0,1,500.0,502.0,10.0,0.0,1,500.0,503.0,10.0,0.0,1,500.0,499.0,10.0,0.0,1,500.0,503.0,10.0,0.0,1
2026-03-23 16:08:11,1429.09,500.0,503.0,20.0,0.0,1,500.0,501.0,20.0,0.0,1,500.0,502.0,10.0,0.0,1,500.0,501.0,10.0,0.0,1,500.0,502.0,10.0,0.0,1,500.0,504.0,10.0,0.0,1
2026-03-23 16:08:12,1429.85,500.0,524.0,20.0,0.0,1,500.0,501.0,20.0,0.0,1,500.0,502.0,10.0,0.0,1,500.0,501.0,10.0,0.0,1,500.0,502.0,10.0,0.0,1,500.0,502.0,10.0,0.0,1
2026-03-23 16:08:12,1430.59,500.0,486.0,20.0,0.0,1,500.0,501.0,20.0,0.0,1,500.0,502.0,10.0,0.0,1,500.0,500.0,10.0,0.0,1,500.0,502.0,10.0,0.0,1,500.0,502.0,10.0,0.0,1
2026-03-23 16:08:13,1431.37,500.0,516.0,20.0,0.0,1,500.0,501.0,20.0,0.0,1,500.0,502.0,10.0,0.0,1,500.0,503.0,10.0,0.0,1,500.0,500.0,10.0,0.0,1,500.0,504.0,10.0,0.0,1
2026-03-23 16:08:14,1432.14,500.0,527.0,20.0,0.20000000298023224,1,500.0,501.0,20.0,0.0,1,500.0,501.0,10.0,0.0,1,500.0,501.0,10.0,0.0,1,500.0,501.0,10.0,0.0,1,500.0,504.0,10.0,0.0,1
2026-03-23 16:08:15,1432.93,500.0,485.0,20.0,0.0,1,500.0,501.0,20.0,0.0,1,500.0,501.0,10.0,0.0,1,500.0,501.0,10.0,0.0,1,500.0,501.0,10.0,0.0,1,500.0,504.0,10.0,0.0,1
2026-03-23 16:08:15,1433.65,500.0,504.0,20.0,0.0,1,500.0,501.0,20.0,0.0,1,500.0,501.0,10.0,0.0,1,500.0,502.0,10.0,0.0,1,500.0,501.0,10.0,0.0,1,500.0,504.0,10.0,0.0,1
2026-03-23 16:08:16,1434.4,500.0,503.0,20.0,0.0,1,500.0,501.0,20.0,0.0,1,500.0,503.0,10.0,0.0,1,500.0,502.0,10.0,0.0,1,500.0,501.0,10.0,0.0,1,500.0,504.0,10.0,0.0,1
2026-03-23 16:08:17,1435.15,500.0,521.0,20.0,0.20000000298023224,1,500.0,501.0,20.0,0.0,1,500.0,503.0,10.0,0.0,1,500.0,501.0,10.0,0.0,1,500.0,501.0,10.0,0.0,1,500.0,504.0,10.0,0.0,1
2026-03-23 16:08:18,1435.91,500.0,486.0,20.0,0.0,1,500.0,501.0,20.0,0.0,1,500.0,503.0,10.0,0.0,1,500.0,501.0,10.0,0.0,1,500.0,499.0,10.0,0.0,1,500.0,503.0,10.0,0.0,1
2026-03-23 16:08:19,1436.72,500.0,520.0,20.0,0.20000000298023224,1,500.0,501.0,20.0,0.0,1,500.0,503.0,10.0,0.0,1,500.0,501.0,10.0,0.0,1,500.0,502.0,10.0,0.0,1,500.0,503.0,10.0,0.0,1
2026-03-23 16:08:19,1437.48,500.0,493.0,20.0,0.0,1,500.0,500.0,20.0,0.0,1,500.0,503.0,10.0,0.0,1,500.0,501.0,10.0,0.0,1,500.0,502.0,10.0,0.0,1,500.0,503.0,10.0,0.0,1
2026-03-23 16:08:20,1438.24,500.0,499.0,20.0,0.0,1,500.0,500.0,20.0,0.0,1,500.0,503.0,10.0,0.0,1,500.0,501.0,10.0,0.0,1,500.0,502.0,10.0,0.0,1,500.0,504.0,10.0,0.0,1
2026-03-23 16:08:21,1438.97,500.0,522.0,20.0,0.0,1,500.0,500.0,20.0,0.0,1,500.0,502.0,10.0,0.0,1,500.0,501.0,10.0,0.0,1,500.0,501.0,10.0,0.0,1,500.0,500.0,10.0,0.0,1
2026-03-23 16:08:22,1439.72,500.0,505.0,20.0,0.0,1,500.0,500.0,20.0,0.0,1,500.0,502.0,10.0,0.0,1,500.0,502.0,10.0,0.0,1,500.0,502.0,10.0,0.0,1,500.0,501.0,10.0,0.0,1
2026-03-23 16:08:22,1440.47,500.0,496.0,20.0,0.0,1,500.0,500.0,20.0,0.0,1,500.0,502.0,10.0,0.0,1,500.0,502.0,10.0,0.0,1,500.0,502.0,10.0,0.0,1,500.0,503.0,10.0,0.0,1
2026-03-23 16:08:23,1441.19,500.0,504.0,20.0,0.0,1,500.0,500.0,20.0,0.0,1,500.0,502.0,10.0,0.0,1,500.0,501.0,10.0,0.0,1,500.0,501.0,10.0,0.0,1,500.0,503.0,10.0,0.0,1
2026-03-23 16:08:24,1441.95,500.0,514.0,20.0,0.0,1,500.0,501.0,20.0,0.0,1,500.0,500.0,10.0,0.0,1,500.0,500.0,10.0,0.0,1,500.0,501.0,10.0,0.0,1,500.0,502.0,10.0,0.0,1
2026-03-23 16:08:25,1442.71,500.0,503.0,20.0,0.10000000149011612,1,500.0,501.0,20.0,0.0,1,500.0,502.0,10.0,0.0,1,500.0,501.0,10.0,0.0,1,500.0,501.0,10.0,0.0,1,500.0,502.0,10.0,0.0,1
2026-03-23 16:08:25,1443.45,500.0,495.0,20.0,0.10000000149011612,1,500.0,501.0,20.0,0.0,1,500.0,499.0,10.0,0.0,1,500.0,500.0,10.0,0.0,1,500.0,501.0,10.0,0.0,1,500.0,503.0,10.0,0.0,1
2026-03-23 16:08:26,1444.2,500.0,500.0,20.0,0.0,1,500.0,501.0,20.0,0.0,1,500.0,501.0,10.0,0.0,1,500.0,500.0,10.0,0.0,1,500.0,500.0,10.0,0.0,1,500.0,503.0,10.0,0.0,1
2026-03-23 16:08:27,1444.95,500.0,508.0,20.0,0.0,1,500.0,501.0,20.0,0.0,1,500.0,501.0,10.0,0.0,1,500.0,501.0,10.0,0.0,1,500.0,501.0,10.0,0.0,1,500.0,501.0,10.0,0.0,1
2026-03-23 16:08:27,1445.7,500.0,507.0,20.0,0.0,1,500.0,501.0,20.0,0.0,1,500.0,501.0,10.0,0.0,1,500.0,501.0,10.0,0.0,1,500.0,502.0,10.0,0.0,1,500.0,503.0,10.0,0.0,1
2026-03-23 16:08:28,1446.44,500.0,511.0,20.0,0.10000000149011612,1,500.0,501.0,20.0,0.0,1,500.0,502.0,10.0,0.0,1,500.0,502.0,10.0,0.0,1,500.0,502.0,10.0,0.0,1,500.0,502.0,10.0,0.0,1
2026-03-23 16:08:29,1447.17,500.0,502.0,20.0,0.0,1,500.0,501.0,20.0,0.0,1,500.0,502.0,10.0,0.0,1,500.0,502.0,10.0,0.0,1,500.0,502.0,10.0,0.0,1,500.0,502.0,10.0,0.0,1
2026-03-23 16:08:30,1447.92,500.0,501.0,20.0,0.10000000149011612,1,500.0,500.0,20.0,0.0,1,500.0,502.0,10.0,0.0,1,500.0,501.0,10.0,0.0,1,500.0,501.0,10.0,0.0,1,500.0,503.0,10.0,0.0,1
2026-03-23 16:08:30,1448.65,500.0,525.0,20.0,0.0,1,500.0,500.0,20.0,0.0,1,500.0,502.0,10.0,0.0,1,500.0,501.0,10.0,0.0,1,500.0,502.0,10.0,0.0,1,500.0,503.0,10.0,0.0,1
2026-03-23 16:08:31,1449.4,500.0,502.0,20.0,0.0,1,500.0,502.0,20.0,0.0,1,500.0,502.0,10.0,0.0,1,500.0,501.0,10.0,0.0,1,500.0,502.0,10.0,0.0,1,500.0,503.0,10.0,0.0,1
2026-03-23 16:08:32,1450.15,500.0,492.0,20.0,0.0,1,500.0,502.0,20.0,0.0,1,500.0,502.0,10.0,0.0,1,500.0,501.0,10.0,0.0,1,500.0,501.0,10.0,0.0,1,500.0,503.0,10.0,0.0,1
2026-03-23 16:08:33,1450.89,500.0,502.0,20.0,0.10000000149011612,1,500.0,501.0,20.0,0.0,1,500.0,502.0,10.0,0.0,1,500.0,501.0,10.0,0.0,1,500.0,501.0,10.0,0.0,1,500.0,503.0,10.0,0.0,1
2026-03-23 16:08:33,1451.64,500.0,491.0,20.0,0.0,1,500.0,501.0,20.0,0.0,1,500.0,502.0,10.0,0.0,1,500.0,500.0,10.0,0.0,1,500.0,501.0,10.0,0.0,1,500.0,504.0,10.0,0.0,1
2026-03-23 16:08:34,1452.37,500.0,493.0,20.0,0.0,1,500.0,501.0,20.0,0.0,1,500.0,503.0,10.0,0.0,1,500.0,500.0,10.0,0.0,1,500.0,500.0,10.0,0.0,1,500.0,503.0,10.0,0.0,1
2026-03-23 16:08:35,1453.09,500.0,512.0,20.0,0.0,1,500.0,500.0,20.0,0.0,1,500.0,503.0,10.0,0.0,1,500.0,500.0,10.0,0.0,1,500.0,502.0,10.0,0.0,1,500.0,504.0,10.0,0.0,1
2026-03-23 16:08:36,1453.84,500.0,483.0,20.0,0.0,1,500.0,500.0,20.0,0.0,1,500.0,503.0,10.0,0.0,1,500.0,501.0,10.0,0.0,1,500.0,502.0,10.0,0.0,1,500.0,504.0,10.0,0.0,1
2026-03-23 16:08:36,1454.63,500.0,507.0,20.0,0.0,1,500.0,501.0,20.0,0.0,1,500.0,503.0,10.0,0.0,1,500.0,502.0,10.0,0.0,1,500.0,500.0,10.0,0.0,1,500.0,503.0,10.0,0.0,1
2026-03-23 16:08:37,1455.38,500.0,502.0,20.0,0.0,1,500.0,501.0,20.0,0.0,1,500.0,500.0,10.0,0.0,1,500.0,502.0,10.0,0.0,1,500.0,500.0,10.0,0.0,1,500.0,503.0,10.0,0.0,1
2026-03-23 16:08:38,1456.11,500.0,503.0,20.0,0.0,1,500.0,501.0,20.0,0.0,1,500.0,502.0,10.0,0.0,1,500.0,502.0,10.0,0.0,1,500.0,502.0,10.0,0.0,1,500.0,503.0,10.0,0.0,1
2026-03-23 16:08:39,1456.86,500.0,505.0,20.0,0.10000000149011612,1,500.0,501.0,20.0,0.0,1,500.0,501.0,10.0,0.0,1,500.0,502.0,10.0,0.0,1,500.0,499.0,10.0,0.0,1,500.0,501.0,10.0,0.0,1
2026-03-23 16:08:39,1457.63,500.0,510.0,20.0,0.0,1,500.0,501.0,20.0,0.0,1,500.0,501.0,10.0,0.0,1,500.0,501.0,10.0,0.0,1,500.0,499.0,10.0,0.0,1,500.0,502.0,10.0,0.0,1
2026-03-23 16:08:40,1458.36,500.0,504.0,20.0,0.10000000149011612,1,500.0,501.0,20.0,0.0,1,500.0,501.0,10.0,0.0,1,500.0,501.0,10.0,0.0,1,500.0,499.0,10.0,0.0,1,500.0,502.0,10.0,0.0,1
2026-03-23 16:08:41,1459.11,500.0,510.0,20.0,0.0,1,500.0,501.0,20.0,0.0,1,500.0,501.0,10.0,0.0,1,500.0,501.0,10.0,0.0,1,500.0,500.0,10.0,0.0,1,500.0,504.0,10.0,0.0,1
2026-03-23 16:08:42,1459.86,500.0,487.0,20.0,0.0,1,500.0,502.0,20.0,0.0,1,500.0,502.0,10.0,0.0,1,500.0,501.0,10.0,0.0,1,500.0,501.0,10.0,0.0,1,500.0,504.0,10.0,0.0,1
2026-03-23 16:08:42,1460.59,500.0,497.0,20.0,0.0,1,500.0,501.0,20.0,0.0,1,500.0,503.0,10.0,0.0,1,500.0,501.0,10.0,0.0,1,500.0,502.0,10.0,0.0,1,500.0,502.0,10.0,0.0,1
2026-03-23 16:08:43,1461.34,500.0,513.0,20.0,0.0,1,500.0,501.0,20.0,0.0,1,500.0,501.0,10.0,0.0,1,500.0,500.0,10.0,0.0,1,500.0,500.0,10.0,0.0,1,500.0,503.0,10.0,0.0,1
2026-03-23 16:08:44,1462.07,500.0,482.0,20.0,0.0,1,500.0,501.0,20.0,0.0,1,500.0,503.0,10.0,0.0,1,500.0,501.0,10.0,0.0,1,500.0,502.0,10.0,0.0,1,500.0,503.0,10.0,0.0,1
2026-03-23 16:08:45,1462.8,500.0,523.0,20.0,0.10000000149011612,1,500.0,501.0,20.0,0.0,1,500.0,502.0,10.0,0.0,1,500.0,501.0,10.0,0.0,1,500.0,503.0,10.0,0.0,1,500.0,504.0,10.0,0.0,1
2026-03-23 16:08:45,1463.54,500.0,492.0,20.0,0.0,1,500.0,501.0,20.0,0.0,1,500.0,502.0,10.0,0.0,1,500.0,501.0,10.0,0.0,1,500.0,501.0,10.0,0.0,1,500.0,504.0,10.0,0.0,1
2026-03-23 16:08:46,1464.29,500.0,504.0,20.0,0.0,1,500.0,500.0,20.0,0.0,1,500.0,502.0,10.0,0.0,1,500.0,501.0,10.0,0.0,1,500.0,502.0,10.0,0.0,1,500.0,503.0,10.0,0.0,1
2026-03-23 16:08:47,1465.03,500.0,496.0,20.0,0.0,1,500.0,501.0,20.0,0.0,1,500.0,502.0,10.0,0.0,1,500.0,501.0,10.0,0.0,1,500.0,502.0,10.0,0.0,1,500.0,503.0,10.0,0.0,1
2026-03-23 16:08:48,1465.77,500.0,501.0,20.0,0.10000000149011612,1,500.0,500.0,20.0,0.0,1,500.0,503.0,10.0,0.0,1,500.0,502.0,10.0,0.0,1,500.0,501.0,10.0,0.0,1,500.0,503.0,10.0,0.0,1
2026-03-23 16:08:48,1466.5,500.0,517.0,20.0,0.0,1,500.0,500.0,20.0,0.0,1,500.0,502.0,10.0,0.0,1,500.0,502.0,10.0,0.0,1,500.0,501.0,10.0,0.0,1,500.0,503.0,10.0,0.0,1
2026-03-23 16:08:49,1467.23,500.0,492.0,20.0,0.0,1,500.0,502.0,20.0,0.0,1,500.0,502.0,10.0,0.0,1,500.0,502.0,10.0,0.0,1,500.0,499.0,10.0,0.0,1,500.0,503.0,10.0,0.0,1
2026-03-23 16:08:50,1467.95,500.0,515.0,20.0,0.0,1,500.0,501.0,20.0,0.0,1,500.0,502.0,10.0,0.0,1,500.0,502.0,10.0,0.0,1,500.0,500.0,10.0,0.0,1,500.0,503.0,10.0,0.0,1
2026-03-23 16:08:50,1468.68,500.0,532.0,20.0,0.0,1,500.0,500.0,20.0,0.0,1,500.0,502.0,10.0,0.0,1,500.0,502.0,10.0,0.0,1,500.0,501.0,10.0,0.0,1,500.0,504.0,10.0,0.0,1
2026-03-23 16:08:51,1469.43,500.0,483.0,20.0,0.0,1,500.0,500.0,20.0,0.0,1,500.0,502.0,10.0,0.0,1,500.0,502.0,10.0,0.0,1,500.0,500.0,10.0,0.0,1,500.0,504.0,10.0,0.0,1
2026-03-23 16:08:52,1470.17,500.0,519.0,20.0,0.0,1,500.0,501.0,20.0,0.0,1,500.0,503.0,10.0,0.0,1,500.0,503.0,10.0,0.0,1,500.0,501.0,10.0,0.0,1,500.0,503.0,10.0,0.0,1
2026-03-23 16:08:53,1470.9,500.0,505.0,20.0,0.0,1,500.0,502.0,20.0,0.0,1,500.0,502.0,10.0,0.0,1,500.0,501.0,10.0,0.0,1,500.0,499.0,10.0,0.0,1,500.0,503.0,10.0,0.0,1
2026-03-23 16:08:53,1471.64,500.0,505.0,20.0,0.0,1,500.0,501.0,20.0,0.0,1,500.0,502.0,10.0,0.0,1,500.0,500.0,10.0,0.0,1,500.0,501.0,10.0,0.0,1,500.0,503.0,10.0,0.0,1
2026-03-23 16:08:54,1472.38,500.0,504.0,20.0,0.0,1,500.0,501.0,20.0,0.0,1,500.0,502.0,10.0,0.0,1,500.0,502.0,10.0,0.0,1,500.0,500.0,10.0,0.0,1,500.0,504.0,10.0,0.0,1
2026-03-23 16:08:55,1473.11,500.0,509.0,20.0,0.0,1,500.0,501.0,20.0,0.0,1,500.0,502.0,10.0,0.0,1,500.0,500.0,10.0,0.0,1,500.0,499.0,10.0,0.0,1,500.0,504.0,10.0,0.0,1
2026-03-23 16:08:56,1473.84,500.0,492.0,20.0,0.0,1,500.0,501.0,20.0,0.0,1,500.0,502.0,10.0,0.0,1,500.0,502.0,10.0,0.0,1,500.0,501.0,10.0,0.0,1,500.0,503.0,10.0,0.0,1
2026-03-23 16:08:56,1474.58,500.0,515.0,20.0,0.10000000149011612,1,500.0,501.0,20.0,0.0,1,500.0,502.0,10.0,0.0,1,500.0,502.0,10.0,0.0,1,500.0,500.0,10.0,0.0,1,500.0,503.0,10.0,0.0,1
2026-03-23 16:08:57,1475.32,500.0,506.0,20.0,0.10000000149011612,1,500.0,500.0,20.0,0.0,1,500.0,502.0,10.0,0.0,1,500.0,503.0,10.0,0.0,1,500.0,501.0,10.0,0.0,1,500.0,503.0,10.0,0.0,1
2026-03-23 16:08:58,1476.06,500.0,479.0,20.0,0.0,1,500.0,502.0,20.0,0.0,1,500.0,502.0,10.0,0.0,1,500.0,501.0,10.0,0.0,1,500.0,502.0,10.0,0.0,1,500.0,503.0,10.0,0.0,1
2026-03-23 16:08:59,1476.79,500.0,522.0,20.0,0.0,1,500.0,500.0,20.0,0.0,1,500.0,503.0,10.0,0.0,1,500.0,502.0,10.0,0.0,1,500.0,500.0,10.0,0.0,1,500.0,503.0,10.0,0.0,1
2026-03-23 16:08:59,1477.54,500.0,507.0,20.0,0.0,1,500.0,500.0,20.0,0.0,1,500.0,502.0,10.0,0.0,1,500.0,501.0,10.0,0.0,1,500.0,501.0,10.0,0.0,1,500.0,503.0,10.0,0.0,1
2026-03-23 16:09:00,1478.27,500.0,510.0,20.0,0.30000001192092896,1,500.0,501.0,20.0,0.0,1,500.0,502.0,10.0,0.0,1,500.0,501.0,10.0,0.0,1,500.0,501.0,10.0,0.0,1,500.0,504.0,10.0,0.0,1
2026-03-23 16:09:01,1479.0,500.0,492.0,20.0,0.0,1,500.0,502.0,20.0,0.0,1,500.0,502.0,10.0,0.0,1,500.0,501.0,10.0,0.0,1,500.0,501.0,10.0,0.0,1,500.0,503.0,10.0,0.0,1
2026-03-23 16:09:02,1479.75,500.0,508.0,20.0,0.0,1,500.0,502.0,20.0,0.0,1,500.0,502.0,10.0,0.0,1,500.0,501.0,10.0,0.0,1,500.0,500.0,10.0,0.0,1,500.0,504.0,10.0,0.0,1
2026-03-23 16:09:02,1480.47,500.0,510.0,20.0,0.0,1,500.0,502.0,20.0,0.0,1,500.0,502.0,10.0,0.0,1,500.0,501.0,10.0,0.0,1,500.0,500.0,10.0,0.0,1,500.0,502.0,10.0,0.0,1
2026-03-23 16:09:03,1481.2,500.0,496.0,20.0,0.0,1,500.0,500.0,20.0,0.0,1,500.0,501.0,10.0,0.0,1,500.0,502.0,10.0,0.0,1,500.0,501.0,10.0,0.0,1,500.0,503.0,10.0,0.0,1
2026-03-23 16:09:04,1481.94,500.0,504.0,20.0,0.0,1,500.0,500.0,20.0,0.0,1,500.0,502.0,10.0,0.0,1,500.0,501.0,10.0,0.0,1,500.0,501.0,10.0,0.0,1,500.0,503.0,10.0,0.0,1
2026-03-23 16:09:04,1482.67,500.0,517.0,20.0,0.0,1,500.0,502.0,20.0,0.0,1,500.0,502.0,10.0,0.0,1,500.0,501.0,10.0,0.0,1,500.0,501.0,10.0,0.0,1,500.0,503.0,10.0,0.0,1
2026-03-23 16:09:05,1483.41,500.0,482.0,20.0,0.0,1,500.0,502.0,20.0,0.0,1,500.0,502.0,10.0,0.0,1,500.0,501.0,10.0,0.0,1,500.0,501.0,10.0,0.0,1,500.0,503.0,10.0,0.0,1
2026-03-23 16:09:06,1484.15,500.0,523.0,20.0,0.0,1,500.0,502.0,20.0,0.0,1,500.0,501.0,10.0,0.0,1,500.0,501.0,10.0,0.0,1,500.0,501.0,10.0,0.0,1,500.0,502.0,10.0,0.0,1
2026-03-23 16:09:07,1484.9,500.0,514.0,20.0,0.0,1,500.0,500.0,20.0,0.0,1,500.0,502.0,10.0,0.0,1,500.0,501.0,10.0,0.0,1,500.0,503.0,10.0,0.0,1,500.0,503.0,10.0,0.0,1
2026-03-23 16:09:07,1485.63,500.0,488.0,20.0,0.0,1,500.0,500.0,20.0,0.0,1,500.0,502.0,10.0,0.0,1,500.0,501.0,10.0,0.0,1,500.0,502.0,10.0,0.0,1,500.0,503.0,10.0,0.0,1
2026-03-23 16:09:08,1486.37,500.0,503.0,20.0,0.0,1,500.0,501.0,20.0,0.0,1,500.0,502.0,10.0,0.0,1,500.0,499.0,10.0,0.0,1,500.0,502.0,10.0,0.0,1,500.0,503.0,10.0,0.0,1
2026-03-23 16:09:09,1487.11,500.0,479.0,20.0,0.0,1,500.0,501.0,20.0,0.0,1,500.0,502.0,10.0,0.0,1,500.0,502.0,10.0,0.0,1,500.0,501.0,10.0,0.0,1,500.0,503.0,10.0,0.0,1
2026-03-23 16:09:10,1487.85,500.0,508.0,20.0,0.0,1,500.0,501.0,20.0,0.0,1,500.0,502.0,10.0,0.0,1,500.0,502.0,10.0,0.0,1,500.0,500.0,10.0,0.0,1,500.0,503.0,10.0,0.0,1
2026-03-23 16:09:10,1488.59,500.0,508.0,20.0,0.10000000149011612,1,500.0,501.0,20.0,0.0,1,500.0,502.0,10.0,0.0,1,500.0,502.0,10.0,0.0,1,500.0,500.0,10.0,0.0,1,500.0,503.0,10.0,0.0,1
2026-03-23 16:09:11,1489.34,500.0,526.0,20.0,0.10000000149011612,1,500.0,501.0,20.0,0.0,1,500.0,501.0,10.0,0.0,1,500.0,502.0,10.0,0.0,1,500.0,500.0,10.0,0.0,1,500.0,503.0,10.0,0.0,1
2026-03-23 16:09:12,1490.07,500.0,500.0,20.0,0.0,1,500.0,501.0,20.0,0.0,1,500.0,502.0,10.0,0.0,1,500.0,501.0,10.0,0.0,1,500.0,501.0,10.0,0.0,1,500.0,503.0,10.0,0.0,1
2026-03-23 16:09:13,1490.85,500.0,503.0,20.0,0.0,1,500.0,501.0,20.0,0.0,1,500.0,503.0,10.0,0.0,1,500.0,501.0,10.0,0.0,1,500.0,501.0,10.0,0.0,1,500.0,503.0,10.0,0.0,1
2026-03-23 16:09:13,1491.58,500.0,509.0,20.0,0.0,1,500.0,501.0,20.0,0.0,1,500.0,502.0,10.0,0.0,1,500.0,502.0,10.0,0.0,1,500.0,502.0,10.0,0.0,1,500.0,504.0,10.0,0.0,1
2026-03-23 16:09:14,1492.33,500.0,489.0,20.0,0.0,1,500.0,502.0,20.0,0.0,1,500.0,502.0,10.0,0.0,1,500.0,501.0,10.0,0.0,1,500.0,500.0,10.0,0.0,1,500.0,501.0,10.0,0.0,1
2026-03-23 16:09:15,1493.07,500.0,518.0,20.0,0.4000000059604645,1,500.0,502.0,20.0,0.0,1,500.0,502.0,10.0,0.0,1,500.0,500.0,10.0,0.0,1,500.0,502.0,10.0,0.0,1,500.0,504.0,10.0,0.0,1
2026-03-23 16:09:16,1493.82,500.0,485.0,20.0,0.0,1,500.0,501.0,20.0,0.0,1,500.0,502.0,10.0,0.0,1,500.0,501.0,10.0,0.0,1,500.0,502.0,10.0,0.0,1,500.0,504.0,10.0,0.0,1
2026-03-23 16:09:16,1494.56,500.0,504.0,20.0,0.0,1,500.0,501.0,20.0,0.0,1,500.0,503.0,10.0,0.0,1,500.0,502.0,10.0,0.0,1,500.0,503.0,10.0,0.0,1,500.0,504.0,10.0,0.0,1
2026-03-23 16:09:17,1495.31,500.0,507.0,20.0,0.0,1,500.0,502.0,20.0,0.0,1,500.0,502.0,10.0,0.0,1,500.0,502.0,10.0,0.0,1,500.0,502.0,10.0,0.0,1,500.0,504.0,10.0,0.0,1
2026-03-23 16:09:18,1496.07,500.0,479.0,20.0,0.0,1,500.0,500.0,20.0,0.0,1,500.0,503.0,10.0,0.0,1,500.0,501.0,10.0,0.0,1,500.0,502.0,10.0,0.0,1,500.0,503.0,10.0,0.0,1
2026-03-23 16:09:19,1496.8,500.0,505.0,20.0,0.0,1,500.0,501.0,20.0,0.0,1,500.0,501.0,10.0,0.0,1,500.0,500.0,10.0,0.0,1,500.0,500.0,10.0,0.0,1,500.0,503.0,10.0,0.0,1
2026-03-23 16:09:19,1497.54,500.0,527.0,20.0,0.0,1,500.0,501.0,20.0,0.0,1,500.0,502.0,10.0,0.0,1,500.0,501.0,10.0,0.0,1,500.0,499.0,10.0,0.0,1,500.0,503.0,10.0,0.0,1
2026-03-23 16:09:20,1498.27,500.0,482.0,20.0,0.0,1,500.0,501.0,20.0,0.0,1,500.0,502.0,10.0,0.0,1,500.0,501.0,10.0,0.0,1,500.0,500.0,10.0,0.0,1,500.0,503.0,10.0,0.0,1
2026-03-23 16:09:21,1499.0,500.0,502.0,20.0,0.0,1,500.0,501.0,20.0,0.0,1,500.0,503.0,10.0,0.0,1,500.0,503.0,10.0,0.0,1,500.0,501.0,10.0,0.0,1,500.0,503.0,10.0,0.0,1
2026-03-23 16:09:22,1499.74,500.0,487.0,20.0,0.0,1,500.0,500.0,20.0,0.0,1,500.0,502.0,10.0,0.0,1,500.0,502.0,10.0,0.0,1,500.0,501.0,10.0,0.0,1,500.0,504.0,10.0,0.0,1
2026-03-23 16:09:22,1500.49,500.0,495.0,20.0,0.0,1,500.0,501.0,20.0,0.0,1,500.0,502.0,10.0,0.0,1,500.0,501.0,10.0,0.0,1,500.0,500.0,10.0,0.0,1,500.0,504.0,10.0,0.0,1
2026-03-23 16:09:23,1501.22,500.0,496.0,20.0,0.10000000149011612,1,500.0,500.0,20.0,0.0,1,500.0,502.0,10.0,0.0,1,500.0,500.0,10.0,0.0,1,500.0,501.0,10.0,0.0,1,500.0,503.0,10.0,0.0,1
2026-03-23 16:09:24,1501.95,500.0,498.0,20.0,0.10000000149011612,1,500.0,500.0,20.0,0.0,1,500.0,503.0,10.0,0.0,1,500.0,500.0,10.0,0.0,1,500.0,501.0,10.0,0.0,1,500.0,503.0,10.0,0.0,1
2026-03-23 16:09:25,1502.71,500.0,498.0,20.0,0.0,1,500.0,501.0,20.0,0.0,1,500.0,502.0,10.0,0.0,1,500.0,502.0,10.0,0.0,1,500.0,501.0,10.0,0.0,1,500.0,503.0,10.0,0.0,1
2026-03-23 16:09:25,1503.45,500.0,511.0,20.0,0.0,1,500.0,501.0,20.0,0.0,1,500.0,502.0,10.0,0.0,1,500.0,502.0,10.0,0.0,1,500.0,501.0,10.0,0.0,1,500.0,503.0,10.0,0.0,1
2026-03-23 16:09:26,1504.2,500.0,490.0,20.0,0.0,1,500.0,501.0,20.0,0.0,1,500.0,502.0,10.0,0.0,1,500.0,501.0,10.0,0.0,1,500.0,501.0,10.0,0.0,1,500.0,502.0,10.0,0.0,1
2026-03-23 16:09:27,1504.94,500.0,512.0,20.0,0.20000000298023224,1,500.0,501.0,20.0,0.0,1,500.0,502.0,10.0,0.0,1,500.0,502.0,10.0,0.0,1,500.0,501.0,10.0,0.0,1,500.0,502.0,10.0,0.0,1
2026-03-23 16:09:27,1505.69,500.0,486.0,20.0,0.0,1,500.0,501.0,20.0,0.0,1,500.0,502.0,10.0,0.0,1,500.0,502.0,10.0,0.0,1,500.0,499.0,10.0,0.0,1,500.0,503.0,10.0,0.0,1
2026-03-23 16:09:28,1506.43,500.0,504.0,20.0,0.0,1,500.0,501.0,20.0,0.0,1,500.0,502.0,10.0,0.0,1,500.0,501.0,10.0,0.0,1,500.0,501.0,10.0,0.0,1,500.0,503.0,10.0,0.0,1
2026-03-23 16:09:29,1507.15,500.0,517.0,20.0,0.10000000149011612,1,500.0,501.0,20.0,0.0,1,500.0,503.0,10.0,0.0,1,500.0,501.0,10.0,0.0,1,500.0,501.0,10.0,0.0,1,500.0,503.0,10.0,0.0,1
2026-03-23 16:09:30,1507.88,500.0,492.0,20.0,0.10000000149011612,1,500.0,501.0,20.0,0.0,1,500.0,502.0,10.0,0.0,1,500.0,500.0,10.0,0.0,1,500.0,501.0,10.0,0.0,1,500.0,501.0,10.0,0.0,1
2026-03-23 16:09:30,1508.61,500.0,525.0,20.0,0.10000000149011612,1,500.0,499.0,20.0,0.0,1,500.0,502.0,10.0,0.0,1,500.0,501.0,10.0,0.0,1,500.0,502.0,10.0,0.0,1,500.0,501.0,10.0,0.0,1
2026-03-23 16:09:31,1509.35,500.0,499.0,20.0,0.0,1,500.0,501.0,20.0,0.0,1,500.0,502.0,10.0,0.0,1,500.0,501.0,10.0,0.0,1,500.0,500.0,10.0,0.0,1,500.0,503.0,10.0,0.0,1
2026-03-23 16:09:32,1510.06,500.0,513.0,20.0,0.0,1,500.0,501.0,20.0,0.0,1,500.0,501.0,10.0,0.0,1,500.0,503.0,10.0,0.0,1,500.0,502.0,10.0,0.0,1,500.0,503.0,10.0,0.0,1
2026-03-23 16:09:33,1510.8,500.0,513.0,20.0,0.0,1,500.0,501.0,20.0,0.0,1,500.0,501.0,10.0,0.0,1,500.0,502.0,10.0,0.0,1,500.0,502.0,10.0,0.0,1,500.0,503.0,10.0,0.0,1
2026-03-23 16:09:33,1511.52,500.0,493.0,20.0,0.10000000149011612,1,500.0,502.0,20.0,0.0,1,500.0,502.0,10.0,0.0,1,500.0,501.0,10.0,0.0,1,500.0,500.0,10.0,0.0,1,500.0,504.0,10.0,0.0,1
2026-03-23 16:09:34,1512.24,500.0,520.0,20.0,0.0,1,500.0,501.0,20.0,0.0,1,500.0,501.0,10.0,0.0,1,500.0,501.0,10.0,0.0,1,500.0,500.0,10.0,0.0,1,500.0,504.0,10.0,0.0,1
2026-03-23 16:09:35,1512.97,500.0,475.0,20.0,0.0,1,500.0,501.0,20.0,0.0,1,500.0,501.0,10.0,0.0,1,500.0,501.0,10.0,0.0,1,500.0,501.0,10.0,0.0,1,500.0,504.0,10.0,0.0,1
2026-03-23 16:09:35,1513.7,500.0,519.0,20.0,0.10000000149011612,1,500.0,500.0,20.0,0.0,1,500.0,501.0,10.0,0.0,1,500.0,501.0,10.0,0.0,1,500.0,501.0,10.0,0.0,1,500.0,504.0,10.0,0.0,1
2026-03-23 16:09:36,1514.43,500.0,498.0,20.0,0.0,1,500.0,501.0,20.0,0.0,1,500.0,502.0,10.0,0.0,1,500.0,502.0,10.0,0.0,1,500.0,501.0,10.0,0.0,1,500.0,503.0,10.0,0.0,1
2026-03-23 16:09:37,1515.15,500.0,495.0,20.0,0.0,1,500.0,501.0,20.0,0.0,1,500.0,502.0,10.0,0.0,1,500.0,502.0,10.0,0.0,1,500.0,502.0,10.0,0.0,1,500.0,503.0,10.0,0.0,1
2026-03-23 16:09:38,1515.9,500.0,510.0,20.0,0.20000000298023224,1,500.0,501.0,20.0,0.0,1,500.0,501.0,10.0,0.0,1,500.0,501.0,10.0,0.0,1,500.0,500.0,10.0,0.0,1,500.0,503.0,10.0,0.0,1
2026-03-23 16:09:38,1516.63,500.0,502.0,20.0,0.0,1,500.0,502.0,20.0,0.0,1,500.0,501.0,10.0,0.0,1,500.0,502.0,10.0,0.0,1,500.0,500.0,10.0,0.0,1,500.0,503.0,10.0,0.0,1
2026-03-23 16:09:39,1517.36,500.0,505.0,20.0,0.10000000149011612,1,500.0,502.0,20.0,0.0,1,500.0,502.0,10.0,0.0,1,500.0,499.0,10.0,0.0,1,500.0,500.0,10.0,0.0,1,500.0,503.0,10.0,0.0,1
2026-03-23 16:09:40,1518.13,500.0,505.0,20.0,0.10000000149011612,1,500.0,502.0,20.0,0.0,1,500.0,502.0,10.0,0.0,1,500.0,499.0,10.0,0.0,1,500.0,502.0,10.0,0.0,1,500.0,503.0,10.0,0.0,1
2026-03-23 16:09:41,1518.87,500.0,505.0,20.0,0.10000000149011612,1,500.0,500.0,20.0,0.0,1,500.0,502.0,10.0,0.0,1,500.0,500.0,10.0,0.0,1,500.0,502.0,10.0,0.0,1,500.0,504.0,10.0,0.0,1
2026-03-23 16:09:41,1519.63,500.0,517.0,20.0,0.0,1,500.0,501.0,20.0,0.0,1,500.0,501.0,10.0,0.0,1,500.0,501.0,10.0,0.0,1,500.0,501.0,10.0,0.0,1,500.0,503.0,10.0,0.0,1
2026-03-23 16:09:42,1520.38,500.0,491.0,20.0,0.0,1,500.0,501.0,20.0,0.0,1,500.0,502.0,10.0,0.0,1,500.0,501.0,10.0,0.0,1,500.0,499.0,10.0,0.0,1,500.0,503.0,10.0,0.0,1
2026-03-23 16:09:43,1521.12,500.0,501.0,20.0,0.0,1,500.0,501.0,20.0,0.0,1,500.0,502.0,10.0,0.0,1,500.0,501.0,10.0,0.0,1,500.0,502.0,10.0,0.0,1,500.0,504.0,10.0,0.0,1
2026-03-23 16:09:44,1521.85,500.0,495.0,20.0,0.0,1,500.0,501.0,20.0,0.0,1,500.0,502.0,10.0,0.0,1,500.0,501.0,10.0,0.0,1,500.0,501.0,10.0,0.0,1,500.0,502.0,10.0,0.0,1
2026-03-23 16:09:44,1522.6,500.0,493.0,20.0,0.0,1,500.0,501.0,20.0,0.0,1,500.0,502.0,10.0,0.0,1,500.0,503.0,10.0,0.0,1,500.0,501.0,10.0,0.0,1,500.0,502.0,10.0,0.0,1
2026-03-23 16:09:45,1523.35,500.0,524.0,20.0,0.20000000298023224,1,500.0,501.0,20.0,0.0,1,500.0,502.0,10.0,0.0,1,500.0,500.0,10.0,0.0,1,500.0,501.0,10.0,0.0,1,500.0,503.0,10.0,0.0,1
2026-03-23 16:09:46,1524.08,500.0,494.0,20.0,0.0,1,500.0,502.0,20.0,0.0,1,500.0,502.0,10.0,0.0,1,500.0,502.0,10.0,0.0,1,500.0,502.0,10.0,0.0,1,500.0,503.0,10.0,0.0,1
2026-03-23 16:09:47,1524.83,500.0,526.0,20.0,0.20000000298023224,1,500.0,500.0,20.0,0.0,1,500.0,503.0,10.0,0.0,1,500.0,500.0,10.0,0.0,1,500.0,502.0,10.0,0.0,1,500.0,503.0,10.0,0.0,1
2026-03-23 16:09:47,1525.58,500.0,501.0,20.0,0.0,1,500.0,501.0,20.0,0.0,1,500.0,503.0,10.0,0.0,1,500.0,501.0,10.0,0.0,1,500.0,501.0,10.0,0.0,1,500.0,502.0,10.0,0.0,1
2026-03-23 16:09:48,1526.32,500.0,482.0,20.0,0.0,1,500.0,501.0,20.0,0.0,1,500.0,503.0,10.0,0.0,1,500.0,502.0,10.0,0.0,1,500.0,501.0,10.0,0.0,1,500.0,503.0,10.0,0.0,1
2026-03-23 16:09:49,1527.06,500.0,505.0,20.0,0.0,1,500.0,500.0,20.0,0.0,1,500.0,503.0,10.0,0.0,1,500.0,501.0,10.0,0.0,1,500.0,499.0,10.0,0.0,1,500.0,502.0,10.0,0.0,1
2026-03-23 16:09:50,1527.8,500.0,523.0,20.0,0.0,1,500.0,500.0,20.0,0.0,1,500.0,502.0,10.0,0.0,1,500.0,501.0,10.0,0.0,1,500.0,502.0,10.0,0.0,1,500.0,502.0,10.0,0.0,1
2026-03-23 16:09:50,1528.55,500.0,481.0,20.0,0.0,1,500.0,500.0,20.0,0.0,1,500.0,502.0,10.0,0.0,1,500.0,502.0,10.0,0.0,1,500.0,500.0,10.0,0.0,1,500.0,502.0,10.0,0.0,1
2026-03-23 16:09:51,1529.33,500.0,507.0,20.0,0.0,1,500.0,500.0,20.0,0.0,1,500.0,502.0,10.0,0.0,1,500.0,501.0,10.0,0.0,1,500.0,500.0,10.0,0.0,1,500.0,502.0,10.0,0.0,1
2026-03-23 16:09:52,1530.08,500.0,509.0,20.0,0.0,1,500.0,502.0,20.0,0.0,1,500.0,501.0,10.0,0.0,1,500.0,500.0,10.0,0.0,1,500.0,502.0,10.0,0.0,1,500.0,503.0,10.0,0.0,1
2026-03-23 16:09:53,1530.85,500.0,510.0,20.0,0.0,1,500.0,501.0,20.0,0.0,1,500.0,503.0,10.0,0.0,1,500.0,501.0,10.0,0.0,1,500.0,502.0,10.0,0.0,1,500.0,504.0,10.0,0.0,1
2026-03-23 16:09:53,1531.62,500.0,510.0,20.0,0.0,1,500.0,501.0,20.0,0.0,1,500.0,503.0,10.0,0.0,1,500.0,502.0,10.0,0.0,1,500.0,502.0,10.0,0.0,1,500.0,504.0,10.0,0.0,1
2026-03-23 16:09:54,1532.39,500.0,499.0,20.0,0.0,1,500.0,501.0,20.0,0.0,1,500.0,503.0,10.0,0.0,1,500.0,501.0,10.0,0.0,1,500.0,500.0,10.0,0.0,1,500.0,503.0,10.0,0.0,1
2026-03-23 16:09:55,1533.12,500.0,501.0,20.0,0.0,1,500.0,502.0,20.0,0.0,1,500.0,502.0,10.0,0.0,1,500.0,502.0,10.0,0.0,1,500.0,501.0,10.0,0.0,1,500.0,503.0,10.0,0.0,1
2026-03-23 16:09:56,1533.92,500.0,500.0,20.0,0.0,1,500.0,501.0,20.0,0.0,1,500.0,502.0,10.0,0.0,1,500.0,502.0,10.0,0.0,1,500.0,501.0,10.0,0.0,1,500.0,503.0,10.0,0.0,1
2026-03-23 16:09:56,1534.65,500.0,493.0,20.0,0.0,1,500.0,501.0,20.0,0.0,1,500.0,502.0,10.0,0.0,1,500.0,501.0,10.0,0.0,1,500.0,501.0,10.0,0.0,1,500.0,503.0,10.0,0.0,1
2026-03-23 16:09:57,1535.39,500.0,501.0,20.0,0.0,1,500.0,501.0,20.0,0.0,1,500.0,502.0,10.0,0.0,1,500.0,501.0,10.0,0.0,1,500.0,499.0,10.0,0.0,1,500.0,502.0,10.0,0.0,1
2026-03-23 16:09:58,1536.12,500.0,503.0,20.0,0.0,1,500.0,502.0,20.0,0.0,1,500.0,502.0,10.0,0.0,1,500.0,501.0,10.0,0.0,1,500.0,502.0,10.0,0.0,1,500.0,504.0,10.0,0.0,1
2026-03-23 16:09:59,1536.86,500.0,498.0,20.0,0.0,1,500.0,502.0,20.0,0.0,1,500.0,502.0,10.0,0.0,1,500.0,502.0,10.0,0.0,1,500.0,501.0,10.0,0.0,1,500.0,503.0,10.0,0.0,1
2026-03-23 16:09:59,1537.62,500.0,498.0,20.0,0.0,1,500.0,502.0,20.0,0.0,1,500.0,502.0,10.0,0.0,1,500.0,502.0,10.0,0.0,1,500.0,501.0,10.0,0.0,1,500.0,502.0,10.0,0.0,1
2026-03-23 16:10:00,1538.36,500.0,499.0,20.0,0.0,1,500.0,501.0,20.0,0.0,1,500.0,502.0,10.0,0.0,1,500.0,500.0,10.0,0.0,1,500.0,501.0,10.0,0.0,1,500.0,503.0,10.0,0.0,1
2026-03-23 16:10:01,1539.1,500.0,537.0,20.0,0.10000000149011612,1,500.0,501.0,20.0,0.0,1,500.0,502.0,10.0,0.0,1,500.0,500.0,10.0,0.0,1,500.0,501.0,10.0,0.0,1,500.0,503.0,10.0,0.0,1
2026-03-23 16:10:02,1539.85,500.0,497.0,20.0,0.0,1,500.0,501.0,20.0,0.0,1,500.0,502.0,10.0,0.0,1,500.0,500.0,10.0,0.0,1,500.0,502.0,10.0,0.0,1,500.0,503.0,10.0,0.0,1
2026-03-23 16:10:02,1540.6,500.0,488.0,20.0,0.0,1,500.0,501.0,20.0,0.0,1,500.0,502.0,10.0,0.0,1,500.0,500.0,10.0,0.0,1,500.0,501.0,10.0,0.0,1,500.0,503.0,10.0,0.0,1
2026-03-23 16:10:03,1541.34,500.0,533.0,20.0,0.30000001192092896,1,500.0,501.0,20.0,0.0,1,500.0,502.0,10.0,0.0,1,500.0,502.0,10.0,0.0,1,500.0,500.0,10.0,0.0,1,500.0,503.0,10.0,0.0,1
2026-03-23 16:10:04,1542.08,500.0,496.0,20.0,0.0,1,500.0,501.0,20.0,0.0,1,500.0,502.0,10.0,0.0,1,500.0,501.0,10.0,0.0,1,500.0,500.0,10.0,0.0,1,500.0,504.0,10.0,0.0,1
2026-03-23 16:10:05,1542.82,500.0,506.0,20.0,0.0,1,500.0,501.0,20.0,0.0,1,500.0,502.0,10.0,0.0,1,500.0,501.0,10.0,0.0,1,500.0,501.0,10.0,0.0,1,500.0,503.0,10.0,0.0,1
2026-03-23 16:10:05,1543.56,500.0,531.0,20.0,0.0,1,500.0,501.0,20.0,0.0,1,500.0,502.0,10.0,0.0,1,500.0,501.0,10.0,0.0,1,500.0,500.0,10.0,0.0,1,500.0,502.0,10.0,0.0,1
2026-03-23 16:10:06,1544.29,500.0,495.0,20.0,0.0,1,500.0,501.0,20.0,0.0,1,500.0,501.0,10.0,0.0,1,500.0,501.0,10.0,0.0,1,500.0,500.0,10.0,0.0,1,500.0,502.0,10.0,0.0,1
2026-03-23 16:10:07,1545.03,500.0,480.0,20.0,0.0,1,500.0,501.0,20.0,0.0,1,500.0,502.0,10.0,0.0,1,500.0,500.0,10.0,0.0,1,500.0,501.0,10.0,0.0,1,500.0,502.0,10.0,0.0,1
2026-03-23 16:10:08,1545.76,500.0,501.0,20.0,0.0,1,500.0,502.0,20.0,0.0,1,500.0,502.0,10.0,0.0,1,500.0,500.0,10.0,0.0,1,500.0,503.0,10.0,0.0,1,500.0,503.0,10.0,0.0,1
2026-03-23 16:10:08,1546.51,500.0,517.0,20.0,0.0,1,500.0,502.0,20.0,0.0,1,500.0,502.0,10.0,0.0,1,500.0,501.0,10.0,0.0,1,500.0,502.0,10.0,0.0,1,500.0,503.0,10.0,0.0,1
2026-03-23 16:10:09,1547.27,500.0,501.0,20.0,0.0,1,500.0,502.0,20.0,0.0,1,500.0,503.0,10.0,0.0,1,500.0,501.0,10.0,0.0,1,500.0,502.0,10.0,0.0,1,500.0,503.0,10.0,0.0,1
2026-03-23 16:10:10,1548.03,500.0,513.0,20.0,0.0,1,500.0,501.0,20.0,0.0,1,500.0,502.0,10.0,0.0,1,500.0,501.0,10.0,0.0,1,500.0,502.0,10.0,0.0,1,500.0,503.0,10.0,0.0,1
2026-03-23 16:10:11,1548.77,500.0,485.0,20.0,0.0,1,500.0,501.0,20.0,0.0,1,500.0,503.0,10.0,0.0,1,500.0,501.0,10.0,0.0,1,500.0,499.0,10.0,0.0,1,500.0,503.0,10.0,0.0,1
2026-03-23 16:10:11,1549.51,500.0,499.0,20.0,0.0,1,500.0,501.0,20.0,0.0,1,500.0,501.0,10.0,0.0,1,500.0,503.0,10.0,0.0,1,500.0,499.0,10.0,0.0,1,500.0,504.0,10.0,0.0,1
2026-03-23 16:10:12,1550.25,500.0,528.0,20.0,0.10000000149011612,1,500.0,500.0,20.0,0.0,1,500.0,502.0,10.0,0.0,1,500.0,502.0,10.0,0.0,1,500.0,501.0,10.0,0.0,1,500.0,504.0,10.0,0.0,1
2026-03-23 16:10:13,1551.0,500.0,501.0,20.0,0.10000000149011612,1,500.0,501.0,20.0,0.0,1,500.0,502.0,10.0,0.0,1,500.0,502.0,10.0,0.0,1,500.0,500.0,10.0,0.0,1,500.0,504.0,10.0,0.0,1
2026-03-23 16:10:14,1551.74,500.0,511.0,20.0,0.0,1,500.0,501.0,20.0,0.0,1,500.0,502.0,10.0,0.0,1,500.0,502.0,10.0,0.0,1,500.0,499.0,10.0,0.0,1,500.0,503.0,10.0,0.0,1
2026-03-23 16:10:14,1552.49,500.0,493.0,20.0,0.0,1,500.0,501.0,20.0,0.0,1,500.0,502.0,10.0,0.0,1,500.0,502.0,10.0,0.0,1,500.0,499.0,10.0,0.0,1,500.0,503.0,10.0,0.0,1
2026-03-23 16:10:15,1553.22,500.0,501.0,20.0,0.0,1,500.0,501.0,20.0,0.0,1,500.0,501.0,10.0,0.0,1,500.0,502.0,10.0,0.0,1,500.0,500.0,10.0,0.0,1,500.0,503.0,10.0,0.0,1
2026-03-23 16:10:16,1553.98,500.0,509.0,20.0,0.0,1,500.0,500.0,20.0,0.0,1,500.0,501.0,10.0,0.0,1,500.0,502.0,10.0,0.0,1,500.0,502.0,10.0,0.0,1,500.0,502.0,10.0,0.0,1
2026-03-23 16:10:17,1554.76,500.0,486.0,20.0,0.0,1,500.0,500.0,20.0,0.0,1,500.0,503.0,10.0,0.0,1,500.0,501.0,10.0,0.0,1,500.0,502.0,10.0,0.0,1,500.0,504.0,10.0,0.0,1
2026-03-23 16:10:17,1555.48,500.0,517.0,20.0,0.0,1,500.0,500.0,20.0,0.0,1,500.0,502.0,10.0,0.0,1,500.0,501.0,10.0,0.0,1,500.0,500.0,10.0,0.0,1,500.0,502.0,10.0,0.0,1
2026-03-23 16:10:18,1556.21,500.0,522.0,20.0,0.10000000149011612,1,500.0,501.0,20.0,0.0,1,500.0,502.0,10.0,0.0,1,500.0,502.0,10.0,0.0,1,500.0,501.0,10.0,0.0,1,500.0,502.0,10.0,0.0,1
2026-03-23 16:10:19,1556.99,500.0,490.0,20.0,0.0,1,500.0,501.0,20.0,0.0,1,500.0,502.0,10.0,0.0,1,500.0,501.0,10.0,0.0,1,500.0,501.0,10.0,0.0,1,500.0,504.0,10.0,0.0,1
2026-03-23 16:10:20,1557.81,500.0,504.0,20.0,0.0,1,500.0,501.0,20.0,0.0,1,500.0,502.0,10.0,0.0,1,500.0,501.0,10.0,0.0,1,500.0,500.0,10.0,0.0,1,500.0,504.0,10.0,0.0,1
2026-03-23 16:10:20,1558.63,500.0,520.0,20.0,0.0,1,500.0,501.0,20.0,0.0,1,500.0,502.0,10.0,0.0,1,500.0,502.0,10.0,0.0,1,500.0,502.0,10.0,0.0,1,500.0,504.0,10.0,0.0,1
2026-03-23 16:10:21,1559.37,500.0,488.0,20.0,0.0,1,500.0,501.0,20.0,0.0,1,500.0,502.0,10.0,0.0,1,500.0,501.0,10.0,0.0,1,500.0,500.0,10.0,0.0,1,500.0,503.0,10.0,0.0,1
2026-03-23 16:10:22,1560.12,500.0,507.0,20.0,0.0,1,500.0,501.0,20.0,0.0,1,500.0,501.0,10.0,0.0,1,500.0,501.0,10.0,0.0,1,500.0,502.0,10.0,0.0,1,500.0,503.0,10.0,0.0,1
2026-03-23 16:10:23,1560.85,500.0,478.0,20.0,0.0,1,500.0,501.0,20.0,0.0,1,500.0,502.0,10.0,0.0,1,500.0,501.0,10.0,0.0,1,500.0,502.0,10.0,0.0,1,500.0,502.0,10.0,0.0,1
2026-03-23 16:10:23,1561.63,500.0,524.0,20.0,0.0,1,500.0,500.0,20.0,0.0,1,500.0,501.0,10.0,0.0,1,500.0,501.0,10.0,0.0,1,500.0,501.0,10.0,0.0,1,500.0,503.0,10.0,0.0,1
2026-03-23 16:10:24,1562.37,500.0,486.0,20.0,0.0,1,500.0,501.0,20.0,0.0,1,500.0,503.0,10.0,0.0,1,500.0,501.0,10.0,0.0,1,500.0,501.0,10.0,0.0,1,500.0,503.0,10.0,0.0,1
2026-03-23 16:10:25,1563.15,500.0,514.0,20.0,0.30000001192092896,1,500.0,501.0,20.0,0.0,1,500.0,502.0,10.0,0.0,1,500.0,501.0,10.0,0.0,1,500.0,501.0,10.0,0.0,1,500.0,503.0,10.0,0.0,1
2026-03-23 16:10:26,1563.98,500.0,495.0,20.0,0.0,1,500.0,501.0,20.0,0.0,1,500.0,502.0,10.0,0.0,1,500.0,501.0,10.0,0.0,1,500.0,500.0,10.0,0.0,1,500.0,503.0,10.0,0.0,1
2026-03-23 16:10:27,1564.72,500.0,496.0,20.0,0.0,1,500.0,501.0,20.0,0.0,1,500.0,502.0,10.0,0.0,1,500.0,501.0,10.0,0.0,1,500.0,501.0,10.0,0.0,1,500.0,504.0,10.0,0.0,1
2026-03-23 16:10:27,1565.53,500.0,497.0,20.0,0.0,1,500.0,500.0,20.0,0.0,1,500.0,502.0,10.0,0.0,1,500.0,501.0,10.0,0.0,1,500.0,501.0,10.0,0.0,1,500.0,504.0,10.0,0.0,1
2026-03-23 16:10:28,1566.35,500.0,504.0,20.0,0.0,1,500.0,500.0,20.0,0.0,1,500.0,502.0,10.0,0.0,1,500.0,500.0,10.0,0.0,1,500.0,501.0,10.0,0.0,1,500.0,504.0,10.0,0.0,1
2026-03-23 16:10:29,1567.12,500.0,487.0,20.0,0.0,1,500.0,501.0,20.0,0.0,1,500.0,503.0,10.0,0.0,1,500.0,501.0,10.0,0.0,1,500.0,504.0,10.0,0.0,1,500.0,504.0,10.0,0.0,1
2026-03-23 16:10:30,1567.95,500.0,507.0,20.0,0.0,1,500.0,501.0,20.0,0.0,1,500.0,503.0,10.0,0.0,1,500.0,500.0,10.0,0.0,1,500.0,500.0,10.0,0.0,1,500.0,503.0,10.0,0.0,1
2026-03-23 16:10:31,1568.73,500.0,489.0,20.0,0.0,1,500.0,501.0,20.0,0.0,1,500.0,503.0,10.0,0.0,1,500.0,500.0,10.0,0.0,1,500.0,499.0,10.0,0.0,1,500.0,503.0,10.0,0.0,1
2026-03-23 16:10:31,1569.54,500.0,495.0,20.0,0.0,1,500.0,501.0,20.0,0.0,1,500.0,502.0,10.0,0.0,1,500.0,502.0,10.0,0.0,1,500.0,501.0,10.0,0.0,1,500.0,501.0,10.0,0.0,1
2026-03-23 16:10:32,1570.36,500.0,503.0,20.0,0.0,1,500.0,501.0,20.0,0.0,1,500.0,503.0,10.0,0.0,1,500.0,502.0,10.0,0.0,1,500.0,500.0,10.0,0.0,1,500.0,502.0,10.0,0.0,1
2026-03-23 16:10:33,1571.08,500.0,503.0,20.0,0.0,1,500.0,501.0,20.0,0.0,1,500.0,502.0,10.0,0.0,1,500.0,501.0,10.0,0.0,1,500.0,501.0,10.0,0.0,1,500.0,502.0,10.0,0.0,1
2026-03-23 16:10:34,1571.82,500.0,526.0,20.0,0.0,1,500.0,501.0,20.0,0.0,1,500.0,502.0,10.0,0.0,1,500.0,500.0,10.0,0.0,1,500.0,502.0,10.0,0.0,1,500.0,503.0,10.0,0.0,1
2026-03-23 16:10:34,1572.6,500.0,487.0,20.0,0.0,1,500.0,501.0,20.0,0.0,1,500.0,502.0,10.0,0.0,1,500.0,501.0,10.0,0.0,1,500.0,502.0,10.0,0.0,1,500.0,503.0,10.0,0.0,1
2026-03-23 16:10:35,1573.43,500.0,525.0,20.0,0.0,1,500.0,501.0,20.0,0.0,1,500.0,502.0,10.0,0.0,1,500.0,501.0,10.0,0.0,1,500.0,501.0,10.0,0.0,1,500.0,503.0,10.0,0.0,1
2026-03-23 16:10:36,1574.2,500.0,500.0,20.0,0.0,1,500.0,501.0,20.0,0.0,1,500.0,502.0,10.0,0.0,1,500.0,501.0,10.0,0.0,1,500.0,498.0,10.0,0.0,1,500.0,504.0,10.0,0.0,1
2026-03-23 16:10:37,1574.96,500.0,520.0,20.0,0.0,1,500.0,503.0,20.0,0.0,1,500.0,502.0,10.0,0.0,1,500.0,503.0,10.0,0.0,1,500.0,501.0,10.0,0.0,1,500.0,502.0,10.0,0.0,1
2026-03-23 16:10:38,1575.73,500.0,508.0,20.0,0.0,1,500.0,500.0,20.0,0.0,1,500.0,501.0,10.0,0.0,1,500.0,501.0,10.0,0.0,1,500.0,500.0,10.0,0.0,1,500.0,503.0,10.0,0.0,1
2026-03-23 16:10:38,1576.49,500.0,488.0,20.0,0.0,1,500.0,500.0,20.0,0.0,1,500.0,502.0,10.0,0.0,1,500.0,501.0,10.0,0.0,1,500.0,500.0,10.0,0.0,1,500.0,503.0,10.0,0.0,1
2026-03-23 16:10:39,1577.26,500.0,497.0,20.0,0.0,1,500.0,500.0,20.0,0.0,1,500.0,502.0,10.0,0.0,1,500.0,501.0,10.0,0.0,1,500.0,501.0,10.0,0.0,1,500.0,503.0,10.0,0.0,1
2026-03-23 16:10:40,1578.03,500.0,539.0,20.0,0.10000000149011612,1,500.0,501.0,20.0,0.0,1,500.0,502.0,10.0,0.0,1,500.0,501.0,10.0,0.0,1,500.0,500.0,10.0,0.0,1,500.0,503.0,10.0,0.0,1
2026-03-23 16:10:41,1578.79,500.0,504.0,20.0,0.0,1,500.0,501.0,20.0,0.0,1,500.0,502.0,10.0,0.0,1,500.0,502.0,10.0,0.0,1,500.0,499.0,10.0,0.0,1,500.0,503.0,10.0,0.0,1
2026-03-23 16:10:41,1579.57,500.0,509.0,20.0,0.10000000149011612,1,500.0,502.0,20.0,0.0,1,500.0,502.0,10.0,0.0,1,500.0,502.0,10.0,0.0,1,500.0,499.0,10.0,0.0,1,500.0,503.0,10.0,0.0,1
2026-03-23 16:10:42,1580.34,500.0,504.0,20.0,0.10000000149011612,1,500.0,502.0,20.0,0.0,1,500.0,502.0,10.0,0.0,1,500.0,501.0,10.0,0.0,1,500.0,501.0,10.0,0.0,1,500.0,503.0,10.0,0.0,1
2026-03-23 16:10:43,1581.16,500.0,518.0,20.0,0.0,1,500.0,502.0,20.0,0.0,1,500.0,502.0,10.0,0.0,1,500.0,501.0,10.0,0.0,1,500.0,501.0,10.0,0.0,1,500.0,503.0,10.0,0.0,1
2026-03-23 16:10:44,1581.91,500.0,495.0,20.0,0.0,1,500.0,502.0,20.0,0.0,1,500.0,502.0,10.0,0.0,1,500.0,502.0,10.0,0.0,1,500.0,501.0,10.0,0.0,1,500.0,504.0,10.0,0.0,1
2026-03-23 16:10:44,1582.67,500.0,493.0,20.0,0.0,1,500.0,501.0,20.0,0.0,1,500.0,503.0,10.0,0.0,1,500.0,501.0,10.0,0.0,1,500.0,501.0,10.0,0.0,1,500.0,503.0,10.0,0.0,1
2026-03-23 16:10:45,1583.43,500.0,499.0,20.0,0.10000000149011612,1,500.0,500.0,20.0,0.0,1,500.0,503.0,10.0,0.0,1,500.0,501.0,10.0,0.0,1,500.0,501.0,10.0,0.0,1,500.0,503.0,10.0,0.0,1
2026-03-23 16:10:46,1584.2,500.0,495.0,20.0,0.0,1,500.0,500.0,20.0,0.0,1,500.0,503.0,10.0,0.0,1,500.0,501.0,10.0,0.0,1,500.0,500.0,10.0,0.0,1,500.0,503.0,10.0,0.0,1
2026-03-23 16:10:47,1584.94,500.0,515.0,20.0,0.10000000149011612,1,500.0,500.0,20.0,0.0,1,500.0,502.0,10.0,0.0,1,500.0,503.0,10.0,0.0,1,500.0,501.0,10.0,0.0,1,500.0,503.0,10.0,0.0,1
2026-03-23 16:10:47,1585.69,500.0,486.0,20.0,0.0,1,500.0,501.0,20.0,0.0,1,500.0,502.0,10.0,0.0,1,500.0,501.0,10.0,0.0,1,500.0,501.0,10.0,0.0,1,500.0,503.0,10.0,0.0,1
2026-03-23 16:10:48,1586.55,500.0,525.0,20.0,0.0,1,500.0,501.0,20.0,0.0,1,500.0,501.0,10.0,0.0,1,500.0,502.0,10.0,0.0,1,500.0,502.0,10.0,0.0,1,500.0,503.0,10.0,0.0,1
2026-03-23 16:10:49,1587.3,500.0,502.0,20.0,0.0,1,500.0,501.0,20.0,0.0,1,500.0,501.0,10.0,0.0,1,500.0,502.0,10.0,0.0,1,500.0,502.0,10.0,0.0,1,500.0,503.0,10.0,0.0,1
2026-03-23 16:10:50,1588.06,500.0,492.0,20.0,0.0,1,500.0,501.0,20.0,0.0,1,500.0,501.0,10.0,0.0,1,500.0,501.0,10.0,0.0,1,500.0,500.0,10.0,0.0,1,500.0,504.0,10.0,0.0,1
2026-03-23 16:10:51,1588.82,500.0,508.0,20.0,0.0,1,500.0,501.0,20.0,0.0,1,500.0,501.0,10.0,0.0,1,500.0,502.0,10.0,0.0,1,500.0,502.0,10.0,0.0,1,500.0,504.0,10.0,0.0,1
2026-03-23 16:10:51,1589.57,500.0,526.0,20.0,0.0,1,500.0,501.0,20.0,0.0,1,500.0,502.0,10.0,0.0,1,500.0,501.0,10.0,0.0,1,500.0,499.0,10.0,0.0,1,500.0,504.0,10.0,0.0,1
2026-03-23 16:10:52,1590.33,500.0,507.0,20.0,0.20000000298023224,1,500.0,501.0,20.0,0.0,1,500.0,502.0,10.0,0.0,1,500.0,498.0,10.0,0.0,1,500.0,499.0,10.0,0.0,1,500.0,503.0,10.0,0.0,1
2026-03-23 16:10:53,1591.18,500.0,486.0,20.0,0.0,1,500.0,500.0,20.0,0.0,1,500.0,502.0,10.0,0.0,1,500.0,498.0,10.0,0.0,1,500.0,500.0,10.0,0.0,1,500.0,504.0,10.0,0.0,1
2026-03-23 16:10:54,1591.92,500.0,499.0,20.0,0.0,1,500.0,499.0,20.0,0.0,1,500.0,502.0,10.0,0.0,1,500.0,500.0,10.0,0.0,1,500.0,501.0,10.0,0.0,1,500.0,503.0,10.0,0.0,1
2026-03-23 16:10:55,1592.7,500.0,494.0,20.0,0.0,1,500.0,501.0,20.0,0.0,1,500.0,503.0,10.0,0.0,1,500.0,501.0,10.0,0.0,1,500.0,502.0,10.0,0.0,1,500.0,503.0,10.0,0.0,1
2026-03-23 16:10:55,1593.52,500.0,497.0,20.0,0.0,1,500.0,501.0,20.0,0.0,1,500.0,502.0,10.0,0.0,1,500.0,501.0,10.0,0.0,1,500.0,500.0,10.0,0.0,1,500.0,504.0,10.0,0.0,1
2026-03-23 16:10:56,1594.26,500.0,515.0,20.0,0.0,1,500.0,502.0,20.0,0.0,1,500.0,502.0,10.0,0.0,1,500.0,501.0,10.0,0.0,1,500.0,500.0,10.0,0.0,1,500.0,502.0,10.0,0.0,1
2026-03-23 16:10:57,1595.03,500.0,515.0,20.0,0.0,1,500.0,501.0,20.0,0.0,1,500.0,501.0,10.0,0.0,1,500.0,501.0,10.0,0.0,1,500.0,500.0,10.0,0.0,1,500.0,502.0,10.0,0.0,1
2026-03-23 16:10:58,1595.78,500.0,476.0,20.0,0.0,1,500.0,501.0,20.0,0.0,1,500.0,501.0,10.0,0.0,1,500.0,501.0,10.0,0.0,1,500.0,498.0,10.0,0.0,1,500.0,503.0,10.0,0.0,1
2026-03-23 16:10:58,1596.57,500.0,525.0,20.0,0.10000000149011612,1,500.0,501.0,20.0,0.0,1,500.0,502.0,10.0,0.0,1,500.0,499.0,10.0,0.0,1,500.0,502.0,10.0,0.0,1,500.0,502.0,10.0,0.0,1
2026-03-23 16:10:59,1597.32,500.0,522.0,20.0,0.0,1,500.0,501.0,20.0,0.0,1,500.0,502.0,10.0,0.0,1,500.0,501.0,10.0,0.0,1,500.0,500.0,10.0,0.0,1,500.0,503.0,10.0,0.0,1
2026-03-23 16:11:00,1598.09,500.0,492.0,20.0,0.0,1,500.0,501.0,20.0,0.0,1,500.0,502.0,10.0,0.0,1,500.0,502.0,10.0,0.0,1,500.0,502.0,10.0,0.0,1,500.0,503.0,10.0,0.0,1
2026-03-23 16:11:01,1598.84,500.0,525.0,20.0,0.0,1,500.0,501.0,20.0,0.0,1,500.0,502.0,10.0,0.0,1,500.0,502.0,10.0,0.0,1,500.0,501.0,10.0,0.0,1,500.0,503.0,10.0,0.0,1
2026-03-23 16:11:01,1599.62,500.0,521.0,20.0,0.0,1,500.0,500.0,20.0,0.0,1,500.0,502.0,10.0,0.0,1,500.0,502.0,10.0,0.0,1,500.0,501.0,10.0,0.0,1,500.0,504.0,10.0,0.0,1
2026-03-23 16:11:02,1600.42,500.0,508.0,20.0,0.0,1,500.0,500.0,20.0,0.0,1,500.0,502.0,10.0,0.0,1,500.0,501.0,10.0,0.0,1,500.0,502.0,10.0,0.0,1,500.0,503.0,10.0,0.0,1
2026-03-23 16:11:03,1601.18,500.0,484.0,20.0,0.0,1,500.0,500.0,20.0,0.0,1,500.0,502.0,10.0,0.0,1,500.0,503.0,10.0,0.0,1,500.0,501.0,10.0,0.0,1,500.0,503.0,10.0,0.0,1
2026-03-23 16:11:04,1601.94,500.0,508.0,20.0,0.0,1,500.0,501.0,20.0,0.0,1,500.0,502.0,10.0,0.0,1,500.0,502.0,10.0,0.0,1,500.0,501.0,10.0,0.0,1,500.0,503.0,10.0,0.0,1
2026-03-23 16:11:04,1602.7,500.0,500.0,20.0,0.0,1,500.0,501.0,20.0,0.0,1,500.0,502.0,10.0,0.0,1,500.0,503.0,10.0,0.0,1,500.0,501.0,10.0,0.0,1,500.0,503.0,10.0,0.0,1
2026-03-23 16:11:05,1603.47,500.0,496.0,20.0,0.0,1,500.0,501.0,20.0,0.0,1,500.0,503.0,10.0,0.0,1,500.0,503.0,10.0,0.0,1,500.0,501.0,10.0,0.0,1,500.0,503.0,10.0,0.0,1
2026-03-23 16:11:06,1604.22,500.0,508.0,20.0,0.0,1,500.0,501.0,20.0,0.0,1,500.0,502.0,10.0,0.0,1,500.0,500.0,10.0,0.0,1,500.0,502.0,10.0,0.0,1,500.0,503.0,10.0,0.0,1
2026-03-23 16:11:07,1604.96,500.0,505.0,20.0,0.0,1,500.0,501.0,20.0,0.0,1,500.0,501.0,10.0,0.0,1,500.0,503.0,10.0,0.0,1,500.0,500.0,10.0,0.0,1,500.0,504.0,10.0,0.0,1
2026-03-23 16:11:08,1605.72,500.0,490.0,20.0,0.0,1,500.0,501.0,20.0,0.0,1,500.0,502.0,10.0,0.0,1,500.0,503.0,10.0,0.0,1,500.0,502.0,10.0,0.0,1,500.0,503.0,10.0,0.0,1
2026-03-23 16:11:08,1606.49,500.0,490.0,20.0,0.0,1,500.0,500.0,20.0,0.0,1,500.0,501.0,10.0,0.0,1,500.0,502.0,10.0,0.0,1,500.0,499.0,10.0,0.0,1,500.0,503.0,10.0,0.0,1
2026-03-23 16:11:09,1607.28,500.0,498.0,20.0,0.0,1,500.0,500.0,20.0,0.0,1,500.0,501.0,10.0,0.0,1,500.0,501.0,10.0,0.0,1,500.0,500.0,10.0,0.0,1,500.0,504.0,10.0,0.0,1
2026-03-23 16:11:10,1608.03,500.0,505.0,20.0,0.0,1,500.0,502.0,20.0,0.0,1,500.0,503.0,10.0,0.0,1,500.0,502.0,10.0,0.0,1,500.0,501.0,10.0,0.0,1,500.0,504.0,10.0,0.0,1
2026-03-23 16:11:11,1608.8,500.0,525.0,20.0,0.0,1,500.0,502.0,20.0,0.0,1,500.0,503.0,10.0,0.0,1,500.0,499.0,10.0,0.0,1,500.0,501.0,10.0,0.0,1,500.0,504.0,10.0,0.0,1
2026-03-23 16:11:11,1609.56,500.0,496.0,20.0,0.0,1,500.0,501.0,20.0,0.0,1,500.0,502.0,10.0,0.0,1,500.0,500.0,10.0,0.0,1,500.0,501.0,10.0,0.0,1,500.0,504.0,10.0,0.0,1
2026-03-23 16:11:12,1610.31,500.0,520.0,20.0,0.0,1,500.0,500.0,20.0,0.0,1,500.0,501.0,10.0,0.0,1,500.0,501.0,10.0,0.0,1,500.0,501.0,10.0,0.0,1,500.0,504.0,10.0,0.0,1
2026-03-23 16:11:13,1611.05,500.0,490.0,20.0,0.0,1,500.0,501.0,20.0,0.0,1,500.0,501.0,10.0,0.0,1,500.0,501.0,10.0,0.0,1,500.0,502.0,10.0,0.0,1,500.0,502.0,10.0,0.0,1
2026-03-23 16:11:14,1611.81,500.0,516.0,20.0,0.0,1,500.0,501.0,20.0,0.0,1,500.0,501.0,10.0,0.0,1,500.0,501.0,10.0,0.0,1,500.0,502.0,10.0,0.0,1,500.0,503.0,10.0,0.0,1
2026-03-23 16:11:14,1612.55,500.0,494.0,20.0,0.0,1,500.0,501.0,20.0,0.0,1,500.0,502.0,10.0,0.0,1,500.0,503.0,10.0,0.0,1,500.0,499.0,10.0,0.0,1,500.0,505.0,10.0,0.0,1
2026-03-23 16:11:15,1613.31,500.0,488.0,20.0,0.0,1,500.0,501.0,20.0,0.0,1,500.0,502.0,10.0,0.0,1,500.0,502.0,10.0,0.0,1,500.0,500.0,10.0,0.0,1,500.0,503.0,10.0,0.0,1
2026-03-23 16:11:16,1614.06,500.0,528.0,20.0,0.0,1,500.0,501.0,20.0,0.0,1,500.0,502.0,10.0,0.0,1,500.0,501.0,10.0,0.0,1,500.0,501.0,10.0,0.0,1,500.0,503.0,10.0,0.0,1
2026-03-23 16:11:17,1614.84,500.0,509.0,20.0,0.0,1,500.0,501.0,20.0,0.0,1,500.0,502.0,10.0,0.0,1,500.0,501.0,10.0,0.0,1,500.0,500.0,10.0,0.0,1,500.0,503.0,10.0,0.0,1
2026-03-23 16:11:17,1615.58,500.0,496.0,20.0,0.0,1,500.0,501.0,20.0,0.0,1,500.0,502.0,10.0,0.0,1,500.0,501.0,10.0,0.0,1,500.0,500.0,10.0,0.0,1,500.0,503.0,10.0,0.0,1
2026-03-23 16:11:18,1616.34,500.0,503.0,20.0,0.0,1,500.0,501.0,20.0,0.0,1,500.0,502.0,10.0,0.0,1,500.0,502.0,10.0,0.0,1,500.0,501.0,10.0,0.0,1,500.0,502.0,10.0,0.0,1
2026-03-23 16:11:19,1617.08,500.0,492.0,20.0,0.0,1,500.0,500.0,20.0,0.0,1,500.0,502.0,10.0,0.0,1,500.0,501.0,10.0,0.0,1,500.0,501.0,10.0,0.0,1,500.0,503.0,10.0,0.0,1
2026-03-23 16:11:20,1617.94,500.0,506.0,20.0,0.10000000149011612,1,500.0,501.0,20.0,0.0,1,500.0,502.0,10.0,0.0,1,500.0,500.0,10.0,0.0,1,500.0,499.0,10.0,0.0,1,500.0,503.0,10.0,0.0,1
2026-03-23 16:11:21,1618.75,500.0,525.0,20.0,0.10000000149011612,1,500.0,501.0,20.0,0.0,1,500.0,502.0,10.0,0.0,1,500.0,501.0,10.0,0.0,1,500.0,500.0,10.0,0.0,1,500.0,503.0,10.0,0.0,1
2026-03-23 16:11:21,1619.53,500.0,498.0,20.0,0.0,1,500.0,501.0,20.0,0.0,1,500.0,501.0,10.0,0.0,1,500.0,501.0,10.0,0.0,1,500.0,501.0,10.0,0.0,1,500.0,503.0,10.0,0.0,1
2026-03-23 16:11:22,1620.3,500.0,518.0,20.0,0.10000000149011612,1,500.0,502.0,20.0,0.0,1,500.0,502.0,10.0,0.0,1,500.0,503.0,10.0,0.0,1,500.0,502.0,10.0,0.0,1,500.0,503.0,10.0,0.0,1
2026-03-23 16:11:23,1621.13,500.0,500.0,20.0,0.0,1,500.0,501.0,20.0,0.0,1,500.0,503.0,10.0,0.0,1,500.0,501.0,10.0,0.0,1,500.0,501.0,10.0,0.0,1,500.0,503.0,10.0,0.0,1
2026-03-23 16:11:24,1621.89,500.0,501.0,20.0,0.0,1,500.0,501.0,20.0,0.0,1,500.0,503.0,10.0,0.0,1,500.0,501.0,10.0,0.0,1,500.0,501.0,10.0,0.0,1,500.0,504.0,10.0,0.0,1
2026-03-23 16:11:24,1622.63,500.0,513.0,20.0,0.10000000149011612,1,500.0,501.0,20.0,0.0,1,500.0,502.0,10.0,0.0,1,500.0,500.0,10.0,0.0,1,500.0,501.0,10.0,0.0,1,500.0,503.0,10.0,0.0,1
2026-03-23 16:11:25,1623.4,500.0,499.0,20.0,0.0,1,500.0,501.0,20.0,0.0,1,500.0,502.0,10.0,0.0,1,500.0,501.0,10.0,0.0,1,500.0,501.0,10.0,0.0,1,500.0,503.0,10.0,0.0,1
2026-03-23 16:11:26,1624.15,500.0,515.0,20.0,0.0,1,500.0,501.0,20.0,0.0,1,500.0,502.0,10.0,0.0,1,500.0,501.0,10.0,0.0,1,500.0,500.0,10.0,0.0,1,500.0,503.0,10.0,0.0,1
2026-03-23 16:11:27,1624.9,500.0,515.0,20.0,0.20000000298023224,1,500.0,502.0,20.0,0.0,1,500.0,502.0,10.0,0.0,1,500.0,502.0,10.0,0.0,1,500.0,502.0,10.0,0.0,1,500.0,504.0,10.0,0.0,1
2026-03-23 16:11:27,1625.67,500.0,510.0,20.0,0.0,1,500.0,502.0,20.0,0.0,1,500.0,502.0,10.0,0.0,1,500.0,501.0,10.0,0.0,1,500.0,502.0,10.0,0.0,1,500.0,504.0,10.0,0.0,1
2026-03-23 16:11:28,1626.45,500.0,476.0,20.0,0.0,1,500.0,500.0,20.0,0.0,1,500.0,502.0,10.0,0.0,1,500.0,503.0,10.0,0.0,1,500.0,501.0,10.0,0.0,1,500.0,502.0,10.0,0.0,1
2026-03-23 16:11:29,1627.2,500.0,496.0,20.0,0.0,1,500.0,501.0,20.0,0.0,1,500.0,502.0,10.0,0.0,1,500.0,501.0,10.0,0.0,1,500.0,499.0,10.0,0.0,1,500.0,504.0,10.0,0.0,1
2026-03-23 16:11:30,1627.98,500.0,522.0,20.0,0.10000000149011612,1,500.0,501.0,20.0,0.0,1,500.0,502.0,10.0,0.0,1,500.0,501.0,10.0,0.0,1,500.0,501.0,10.0,0.0,1,500.0,503.0,10.0,0.0,1
2026-03-23 16:11:31,1628.74,500.0,482.0,20.0,0.0,1,500.0,501.0,20.0,0.0,1,500.0,502.0,10.0,0.0,1,500.0,500.0,10.0,0.0,1,500.0,500.0,10.0,0.0,1,500.0,504.0,10.0,0.0,1
2026-03-23 16:11:31,1629.49,500.0,502.0,20.0,0.0,1,500.0,501.0,20.0,0.0,1,500.0,502.0,10.0,0.0,1,500.0,501.0,10.0,0.0,1,500.0,502.0,10.0,0.0,1,500.0,503.0,10.0,0.0,1
2026-03-23 16:11:32,1630.26,500.0,497.0,20.0,0.0,1,500.0,501.0,20.0,0.0,1,500.0,502.0,10.0,0.0,1,500.0,501.0,10.0,0.0,1,500.0,502.0,10.0,0.0,1,500.0,503.0,10.0,0.0,1
2026-03-23 16:11:33,1631.03,500.0,525.0,20.0,0.0,1,500.0,501.0,20.0,0.0,1,500.0,502.0,10.0,0.0,1,500.0,501.0,10.0,0.0,1,500.0,500.0,10.0,0.0,1,500.0,503.0,10.0,0.0,1
2026-03-23 16:11:34,1631.78,500.0,507.0,20.0,0.0,1,500.0,501.0,20.0,0.0,1,500.0,502.0,10.0,0.0,1,500.0,502.0,10.0,0.0,1,500.0,500.0,10.0,0.0,1,500.0,503.0,10.0,0.0,1
2026-03-23 16:11:34,1632.53,500.0,487.0,20.0,0.0,1,500.0,501.0,20.0,0.0,1,500.0,502.0,10.0,0.0,1,500.0,503.0,10.0,0.0,1,500.0,501.0,10.0,0.0,1,500.0,505.0,10.0,0.0,1
2026-03-23 16:11:35,1633.33,500.0,519.0,20.0,0.0,1,500.0,501.0,20.0,0.0,1,500.0,502.0,10.0,0.0,1,500.0,502.0,10.0,0.0,1,500.0,501.0,10.0,0.0,1,500.0,503.0,10.0,0.0,1
2026-03-23 16:11:36,1634.07,500.0,484.0,20.0,0.0,1,500.0,500.0,20.0,0.0,1,500.0,503.0,10.0,0.0,1,500.0,502.0,10.0,0.0,1,500.0,501.0,10.0,0.0,1,500.0,504.0,10.0,0.0,1
2026-03-23 16:11:37,1634.83,500.0,498.0,20.0,0.0,1,500.0,501.0,20.0,0.0,1,500.0,502.0,10.0,0.0,1,500.0,501.0,10.0,0.0,1,500.0,501.0,10.0,0.0,1,500.0,504.0,10.0,0.0,1
2026-03-23 16:11:37,1635.6,500.0,514.0,20.0,0.0,1,500.0,500.0,20.0,0.0,1,500.0,502.0,10.0,0.0,1,500.0,502.0,10.0,0.0,1,500.0,502.0,10.0,0.0,1,500.0,504.0,10.0,0.0,1
2026-03-23 16:11:38,1636.38,500.0,492.0,20.0,0.0,1,500.0,500.0,20.0,0.0,1,500.0,502.0,10.0,0.0,1,500.0,501.0,10.0,0.0,1,500.0,501.0,10.0,0.0,1,500.0,504.0,10.0,0.0,1
2026-03-23 16:11:39,1637.13,500.0,499.0,20.0,0.0,1,500.0,500.0,20.0,0.0,1,500.0,502.0,10.0,0.0,1,500.0,501.0,10.0,0.0,1,500.0,501.0,10.0,0.0,1,500.0,504.0,10.0,0.0,1
2026-03-23 16:11:40,1637.92,500.0,499.0,20.0,0.10000000149011612,1,500.0,501.0,20.0,0.0,1,500.0,502.0,10.0,0.0,1,500.0,501.0,10.0,0.0,1,500.0,501.0,10.0,0.0,1,500.0,503.0,10.0,0.0,1
2026-03-23 16:11:40,1638.66,500.0,529.0,20.0,0.0,1,500.0,501.0,20.0,0.0,1,500.0,502.0,10.0,0.0,1,500.0,501.0,10.0,0.0,1,500.0,501.0,10.0,0.0,1,500.0,503.0,10.0,0.0,1
2026-03-23 16:11:41,1639.47,500.0,501.0,20.0,0.0,1,500.0,501.0,20.0,0.0,1,500.0,501.0,10.0,0.0,1,500.0,501.0,10.0,0.0,1,500.0,502.0,10.0,0.0,1,500.0,503.0,10.0,0.0,1
2026-03-23 16:11:42,1640.28,500.0,517.0,20.0,0.0,1,500.0,500.0,20.0,0.0,1,500.0,503.0,10.0,0.0,1,500.0,501.0,10.0,0.0,1,500.0,501.0,10.0,0.0,1,500.0,503.0,10.0,0.0,1
2026-03-23 16:11:43,1641.04,500.0,491.0,20.0,0.0,1,500.0,500.0,20.0,0.0,1,500.0,501.0,10.0,0.0,1,500.0,501.0,10.0,0.0,1,500.0,501.0,10.0,0.0,1,500.0,502.0,10.0,0.0,1
2026-03-23 16:11:44,1641.79,500.0,516.0,20.0,0.20000000298023224,1,500.0,500.0,20.0,0.0,1,500.0,501.0,10.0,0.0,1,500.0,501.0,10.0,0.0,1,500.0,502.0,10.0,0.0,1,500.0,502.0,10.0,0.0,1
2026-03-23 16:11:44,1642.54,500.0,502.0,20.0,0.0,1,500.0,501.0,20.0,0.0,1,500.0,501.0,10.0,0.0,1,500.0,501.0,10.0,0.0,1,500.0,499.0,10.0,0.0,1,500.0,503.0,10.0,0.0,1
2026-03-23 16:11:45,1643.32,500.0,526.0,20.0,0.5,1,500.0,501.0,20.0,0.0,1,500.0,502.0,10.0,0.0,1,500.0,501.0,10.0,0.0,1,500.0,500.0,10.0,0.0,1,500.0,503.0,10.0,0.0,1
2026-03-23 16:11:46,1644.05,500.0,490.0,20.0,0.0,1,500.0,501.0,20.0,0.0,1,500.0,501.0,10.0,0.0,1,500.0,501.0,10.0,0.0,1,500.0,500.0,10.0,0.0,1,500.0,503.0,10.0,0.0,1
2026-03-23 16:11:47,1644.83,500.0,491.0,20.0,0.0,1,500.0,501.0,20.0,0.0,1,500.0,502.0,10.0,0.0,1,500.0,501.0,10.0,0.0,1,500.0,500.0,10.0,0.0,1,500.0,503.0,10.0,0.0,1
2026-03-23 16:11:47,1645.59,500.0,506.0,20.0,0.0,1,500.0,501.0,20.0,0.0,1,500.0,502.0,10.0,0.0,1,500.0,503.0,10.0,0.0,1,500.0,503.0,10.0,0.0,1,500.0,503.0,10.0,0.0,1
2026-03-23 16:11:48,1646.33,500.0,506.0,20.0,0.0,1,500.0,500.0,20.0,0.0,1,500.0,502.0,10.0,0.0,1,500.0,502.0,10.0,0.0,1,500.0,501.0,10.0,0.0,1,500.0,503.0,10.0,0.0,1
2026-03-23 16:11:49,1647.09,500.0,499.0,20.0,0.0,1,500.0,501.0,20.0,0.0,1,500.0,501.0,10.0,0.0,1,500.0,501.0,10.0,0.0,1,500.0,498.0,10.0,0.0,1,500.0,502.0,10.0,0.0,1
2026-03-23 16:11:50,1647.84,500.0,507.0,20.0,0.0,1,500.0,501.0,20.0,0.0,1,500.0,502.0,10.0,0.0,1,500.0,501.0,10.0,0.0,1,500.0,500.0,10.0,0.0,1,500.0,502.0,10.0,0.0,1
2026-03-23 16:11:50,1648.65,500.0,508.0,20.0,0.0,1,500.0,501.0,20.0,0.0,1,500.0,502.0,10.0,0.0,1,500.0,501.0,10.0,0.0,1,500.0,500.0,10.0,0.0,1,500.0,502.0,10.0,0.0,1
2026-03-23 16:11:51,1649.42,500.0,506.0,20.0,0.0,1,500.0,500.0,20.0,0.0,1,500.0,502.0,10.0,0.0,1,500.0,502.0,10.0,0.0,1,500.0,500.0,10.0,0.0,1,500.0,503.0,10.0,0.0,1
2026-03-23 16:11:52,1650.18,500.0,506.0,20.0,0.0,1,500.0,500.0,20.0,0.0,1,500.0,502.0,10.0,0.0,1,500.0,502.0,10.0,0.0,1,500.0,501.0,10.0,0.0,1,500.0,503.0,10.0,0.0,1
2026-03-23 16:11:53,1650.92,500.0,507.0,20.0,0.0,1,500.0,500.0,20.0,0.0,1,500.0,502.0,10.0,0.0,1,500.0,501.0,10.0,0.0,1,500.0,500.0,10.0,0.0,1,500.0,503.0,10.0,0.0,1
2026-03-23 16:11:54,1651.71,500.0,513.0,20.0,0.30000001192092896,1,500.0,500.0,20.0,0.0,1,500.0,502.0,10.0,0.0,1,500.0,500.0,10.0,0.0,1,500.0,500.0,10.0,0.0,1,500.0,503.0,10.0,0.0,1
2026-03-23 16:11:54,1652.46,500.0,494.0,20.0,0.0,1,500.0,501.0,20.0,0.0,1,500.0,502.0,10.0,0.0,1,500.0,502.0,10.0,0.0,1,500.0,500.0,10.0,0.0,1,500.0,504.0,10.0,0.0,1
2026-03-23 16:11:55,1653.25,500.0,491.0,20.0,0.0,1,500.0,501.0,20.0,0.0,1,500.0,502.0,10.0,0.0,1,500.0,503.0,10.0,0.0,1,500.0,502.0,10.0,0.0,1,500.0,506.0,10.0,0.0,1
2026-03-23 16:11:56,1654.01,500.0,534.0,20.0,0.30000001192092896,1,500.0,500.0,20.0,0.0,1,500.0,503.0,10.0,0.0,1,500.0,501.0,10.0,0.0,1,500.0,499.0,10.0,0.0,1,500.0,503.0,10.0,0.0,1
2026-03-23 16:11:57,1654.76,500.0,483.0,20.0,0.0,1,500.0,500.0,20.0,0.0,1,500.0,503.0,10.0,0.0,1,500.0,501.0,10.0,0.0,1,500.0,499.0,10.0,0.0,1,500.0,504.0,10.0,0.0,1
2026-03-23 16:11:57,1655.58,500.0,508.0,20.0,0.0,1,500.0,500.0,20.0,0.0,1,500.0,502.0,10.0,0.0,1,500.0,501.0,10.0,0.0,1,500.0,502.0,10.0,0.0,1,500.0,503.0,10.0,0.0,1
2026-03-23 16:11:58,1656.4,500.0,526.0,20.0,0.0,1,500.0,500.0,20.0,0.0,1,500.0,501.0,10.0,0.0,1,500.0,502.0,10.0,0.0,1,500.0,502.0,10.0,0.0,1,500.0,503.0,10.0,0.0,1
2026-03-23 16:11:59,1657.16,500.0,492.0,20.0,0.0,1,500.0,500.0,20.0,0.0,1,500.0,502.0,10.0,0.0,1,500.0,502.0,10.0,0.0,1,500.0,501.0,10.0,0.0,1,500.0,503.0,10.0,0.0,1
2026-03-23 16:12:00,1658.07,500.0,487.0,20.0,0.0,1,500.0,501.0,20.0,0.0,1,500.0,501.0,10.0,0.0,1,500.0,502.0,10.0,0.0,1,500.0,501.0,10.0,0.0,1,500.0,503.0,10.0,0.0,1
2026-03-23 16:12:01,1658.84,500.0,500.0,20.0,0.0,1,500.0,501.0,20.0,0.0,1,500.0,502.0,10.0,0.0,1,500.0,502.0,10.0,0.0,1,500.0,501.0,10.0,0.0,1,500.0,503.0,10.0,0.0,1
2026-03-23 16:12:01,1659.61,500.0,502.0,20.0,0.0,1,500.0,501.0,20.0,0.0,1,500.0,502.0,10.0,0.0,1,500.0,501.0,10.0,0.0,1,500.0,501.0,10.0,0.0,1,500.0,503.0,10.0,0.0,1
2026-03-23 16:12:02,1660.43,500.0,506.0,20.0,0.0,1,500.0,502.0,20.0,0.0,1,500.0,502.0,10.0,0.0,1,500.0,501.0,10.0,0.0,1,500.0,499.0,10.0,0.0,1,500.0,503.0,10.0,0.0,1
2026-03-23 16:12:03,1661.18,500.0,507.0,20.0,0.0,1,500.0,500.0,20.0,0.0,1,500.0,502.0,10.0,0.0,1,500.0,501.0,10.0,0.0,1,500.0,501.0,10.0,0.0,1,500.0,503.0,10.0,0.0,1
2026-03-23 16:12:04,1661.98,500.0,484.0,20.0,0.0,1,500.0,501.0,20.0,0.0,1,500.0,502.0,10.0,0.0,1,500.0,501.0,10.0,0.0,1,500.0,502.0,10.0,0.0,1,500.0,503.0,10.0,0.0,1
2026-03-23 16:12:05,1662.76,500.0,521.0,20.0,0.0,1,500.0,502.0,20.0,0.0,1,500.0,502.0,10.0,0.0,1,500.0,501.0,10.0,0.0,1,500.0,499.0,10.0,0.0,1,500.0,504.0,10.0,0.0,1
2026-03-23 16:12:05,1663.51,500.0,481.0,20.0,0.0,1,500.0,502.0,20.0,0.0,1,500.0,501.0,10.0,0.0,1,500.0,501.0,10.0,0.0,1,500.0,500.0,10.0,0.0,1,500.0,505.0,10.0,0.0,1
2026-03-23 16:12:06,1664.34,500.0,529.0,20.0,0.30000001192092896,1,500.0,501.0,20.0,0.0,1,500.0,503.0,10.0,0.0,1,500.0,503.0,10.0,0.0,1,500.0,499.0,10.0,0.0,1,500.0,505.0,10.0,0.0,1
2026-03-23 16:12:07,1665.11,500.0,496.0,20.0,0.0,1,500.0,501.0,20.0,0.0,1,500.0,502.0,10.0,0.0,1,500.0,501.0,10.0,0.0,1,500.0,502.0,10.0,0.0,1,500.0,503.0,10.0,0.0,1
2026-03-23 16:12:08,1665.89,500.0,516.0,20.0,0.10000000149011612,1,500.0,501.0,20.0,0.0,1,500.0,502.0,10.0,0.0,1,500.0,501.0,10.0,0.0,1,500.0,502.0,10.0,0.0,1,500.0,503.0,10.0,0.0,1
2026-03-23 16:12:08,1666.65,500.0,517.0,20.0,0.0,1,500.0,501.0,20.0,0.0,1,500.0,502.0,10.0,0.0,1,500.0,501.0,10.0,0.0,1,500.0,500.0,10.0,0.0,1,500.0,503.0,10.0,0.0,1
2026-03-23 16:12:09,1667.43,500.0,496.0,20.0,0.0,1,500.0,501.0,20.0,0.0,1,500.0,502.0,10.0,0.0,1,500.0,501.0,10.0,0.0,1,500.0,501.0,10.0,0.0,1,500.0,503.0,10.0,0.0,1
2026-03-23 16:12:10,1668.19,500.0,485.0,20.0,0.0,1,500.0,502.0,20.0,0.0,1,500.0,502.0,10.0,0.0,1,500.0,501.0,10.0,0.0,1,500.0,501.0,10.0,0.0,1,500.0,503.0,10.0,0.0,1
2026-03-23 16:12:11,1668.96,500.0,496.0,20.0,0.0,1,500.0,502.0,20.0,0.0,1,500.0,502.0,10.0,0.0,1,500.0,501.0,10.0,0.0,1,500.0,501.0,10.0,0.0,1,500.0,503.0,10.0,0.0,1
2026-03-23 16:12:12,1669.72,500.0,502.0,20.0,0.0,1,500.0,501.0,20.0,0.0,1,500.0,503.0,10.0,0.0,1,500.0,501.0,10.0,0.0,1,500.0,502.0,10.0,0.0,1,500.0,503.0,10.0,0.0,1
2026-03-23 16:12:12,1670.48,500.0,518.0,20.0,0.0,1,500.0,501.0,20.0,0.0,1,500.0,502.0,10.0,0.0,1,500.0,501.0,10.0,0.0,1,500.0,499.0,10.0,0.0,1,500.0,503.0,10.0,0.0,1
2026-03-23 16:12:13,1671.22,500.0,492.0,20.0,0.0,1,500.0,501.0,20.0,0.0,1,500.0,502.0,10.0,0.0,1,500.0,501.0,10.0,0.0,1,500.0,501.0,10.0,0.0,1,500.0,502.0,10.0,0.0,1
2026-03-23 16:12:14,1671.97,500.0,528.0,20.0,0.10000000149011612,1,500.0,501.0,20.0,0.0,1,500.0,502.0,10.0,0.0,1,500.0,501.0,10.0,0.0,1,500.0,500.0,10.0,0.0,1,500.0,504.0,10.0,0.0,1
2026-03-23 16:12:15,1672.77,500.0,481.0,20.0,0.0,1,500.0,501.0,20.0,0.0,1,500.0,502.0,10.0,0.0,1,500.0,501.0,10.0,0.0,1,500.0,500.0,10.0,0.0,1,500.0,504.0,10.0,0.0,1
2026-03-23 16:12:15,1673.52,500.0,507.0,20.0,0.0,1,500.0,501.0,20.0,0.0,1,500.0,502.0,10.0,0.0,1,500.0,501.0,10.0,0.0,1,500.0,500.0,10.0,0.0,1,500.0,504.0,10.0,0.0,1
2026-03-23 16:12:16,1674.28,500.0,515.0,20.0,0.0,1,500.0,501.0,20.0,0.0,1,500.0,502.0,10.0,0.0,1,500.0,500.0,10.0,0.0,1,500.0,500.0,10.0,0.0,1,500.0,503.0,10.0,0.0,1
2026-03-23 16:12:17,1675.05,500.0,489.0,20.0,0.0,1,500.0,501.0,20.0,0.0,1,500.0,502.0,10.0,0.0,1,500.0,500.0,10.0,0.0,1,500.0,500.0,10.0,0.0,1,500.0,503.0,10.0,0.0,1
2026-03-23 16:12:18,1675.82,500.0,493.0,20.0,0.0,1,500.0,501.0,20.0,0.0,1,500.0,502.0,10.0,0.0,1,500.0,500.0,10.0,0.0,1,500.0,500.0,10.0,0.0,1,500.0,502.0,10.0,0.0,1
2026-03-23 16:12:18,1676.64,500.0,488.0,20.0,0.0,1,500.0,501.0,20.0,0.0,1,500.0,502.0,10.0,0.0,1,500.0,500.0,10.0,0.0,1,500.0,500.0,10.0,0.0,1,500.0,503.0,10.0,0.0,1
2026-03-23 16:12:19,1677.39,500.0,502.0,20.0,0.0,1,500.0,501.0,20.0,0.0,1,500.0,502.0,10.0,0.0,1,500.0,501.0,10.0,0.0,1,500.0,502.0,10.0,0.0,1,500.0,503.0,10.0,0.0,1
2026-03-23 16:12:20,1678.18,500.0,490.0,20.0,0.0,1,500.0,501.0,20.0,0.0,1,500.0,503.0,10.0,0.0,1,500.0,501.0,10.0,0.0,1,500.0,501.0,10.0,0.0,1,500.0,503.0,10.0,0.0,1
2026-03-23 16:12:21,1678.94,500.0,492.0,20.0,0.0,1,500.0,502.0,20.0,0.0,1,500.0,502.0,10.0,0.0,1,500.0,501.0,10.0,0.0,1,500.0,500.0,10.0,0.0,1,500.0,503.0,10.0,0.0,1
2026-03-23 16:12:22,1679.71,500.0,527.0,20.0,0.10000000149011612,1,500.0,502.0,20.0,0.0,1,500.0,501.0,10.0,0.0,1,500.0,502.0,10.0,0.0,1,500.0,503.0,10.0,0.0,1,500.0,502.0,10.0,0.0,1
2026-03-23 16:12:22,1680.49,500.0,492.0,20.0,0.0,1,500.0,502.0,20.0,0.0,1,500.0,502.0,10.0,0.0,1,500.0,501.0,10.0,0.0,1,500.0,502.0,10.0,0.0,1,500.0,502.0,10.0,0.0,1
2026-03-23 16:12:23,1681.25,500.0,492.0,20.0,0.0,1,500.0,501.0,20.0,0.0,1,500.0,502.0,10.0,0.0,1,500.0,502.0,10.0,0.0,1,500.0,502.0,10.0,0.0,1,500.0,504.0,10.0,0.0,1
2026-03-23 16:12:24,1682.08,500.0,509.0,20.0,0.0,1,500.0,501.0,20.0,0.0,1,500.0,502.0,10.0,0.0,1,500.0,502.0,10.0,0.0,1,500.0,502.0,10.0,0.0,1,500.0,504.0,10.0,0.0,1
2026-03-23 16:12:25,1682.83,500.0,497.0,20.0,0.0,1,500.0,501.0,20.0,0.0,1,500.0,502.0,10.0,0.0,1,500.0,501.0,10.0,0.0,1,500.0,502.0,10.0,0.0,1,500.0,503.0,10.0,0.0,1
2026-03-23 16:12:25,1683.58,500.0,498.0,20.0,0.0,1,500.0,500.0,20.0,0.0,1,500.0,502.0,10.0,0.0,1,500.0,501.0,10.0,0.0,1,500.0,500.0,10.0,0.0,1,500.0,503.0,10.0,0.0,1
2026-03-23 16:12:26,1684.36,500.0,534.0,20.0,0.0,1,500.0,500.0,20.0,0.0,1,500.0,502.0,10.0,0.0,1,500.0,501.0,10.0,0.0,1,500.0,501.0,10.0,0.0,1,500.0,502.0,10.0,0.0,1
2026-03-23 16:12:27,1685.17,500.0,498.0,20.0,0.0,1,500.0,500.0,20.0,0.0,1,500.0,502.0,10.0,0.0,1,500.0,501.0,10.0,0.0,1,500.0,502.0,10.0,0.0,1,500.0,503.0,10.0,0.0,1
2026-03-23 16:12:28,1685.91,500.0,502.0,20.0,0.5,1,500.0,500.0,20.0,0.0,1,500.0,503.0,10.0,0.0,1,500.0,501.0,10.0,0.0,1,500.0,501.0,10.0,0.0,1,500.0,503.0,10.0,0.0,1
2026-03-23 16:12:28,1686.69,500.0,515.0,20.0,0.0,1,500.0,500.0,20.0,0.0,1,500.0,502.0,10.0,0.0,1,500.0,502.0,10.0,0.0,1,500.0,501.0,10.0,0.0,1,500.0,503.0,10.0,0.0,1
2026-03-23 16:12:29,1687.43,500.0,481.0,20.0,0.0,1,500.0,500.0,20.0,0.0,1,500.0,502.0,10.0,0.0,1,500.0,502.0,10.0,0.0,1,500.0,500.0,10.0,0.0,1,500.0,504.0,10.0,0.0,1
2026-03-23 16:12:30,1688.16,500.0,504.0,20.0,0.0,1,500.0,500.0,20.0,0.0,1,500.0,503.0,10.0,0.0,1,500.0,502.0,10.0,0.0,1,500.0,499.0,10.0,0.0,1,500.0,504.0,10.0,0.0,1
2026-03-23 16:12:31,1688.94,500.0,497.0,20.0,0.0,1,500.0,501.0,20.0,0.0,1,500.0,502.0,10.0,0.0,1,500.0,502.0,10.0,0.0,1,500.0,501.0,10.0,0.0,1,500.0,503.0,10.0,0.0,1
2026-03-23 16:12:31,1689.69,500.0,481.0,20.0,0.0,1,500.0,501.0,20.0,0.0,1,500.0,502.0,10.0,0.0,1,500.0,501.0,10.0,0.0,1,500.0,500.0,10.0,0.0,1,500.0,503.0,10.0,0.0,1
2026-03-23 16:12:32,1690.43,500.0,497.0,20.0,0.0,1,500.0,501.0,20.0,0.0,1,500.0,502.0,10.0,0.0,1,500.0,501.0,10.0,0.0,1,500.0,500.0,10.0,0.0,1,500.0,503.0,10.0,0.0,1
2026-03-23 16:12:33,1691.16,500.0,527.0,20.0,0.0,1,500.0,501.0,20.0,0.0,1,500.0,502.0,10.0,0.0,1,500.0,501.0,10.0,0.0,1,500.0,500.0,10.0,0.0,1,500.0,503.0,10.0,0.0,1
2026-03-23 16:12:34,1691.9,500.0,494.0,20.0,0.0,1,500.0,501.0,20.0,0.0,1,500.0,502.0,10.0,0.0,1,500.0,503.0,10.0,0.0,1,500.0,500.0,10.0,0.0,1,500.0,503.0,10.0,0.0,1
2026-03-23 16:12:34,1692.64,500.0,507.0,20.0,0.0,1,500.0,501.0,20.0,0.0,1,500.0,502.0,10.0,0.0,1,500.0,501.0,10.0,0.0,1,500.0,500.0,10.0,0.0,1,500.0,502.0,10.0,0.0,1
2026-03-23 16:12:35,1693.39,500.0,490.0,20.0,0.0,1,500.0,501.0,20.0,0.0,1,500.0,502.0,10.0,0.0,1,500.0,501.0,10.0,0.0,1,500.0,501.0,10.0,0.0,1,500.0,502.0,10.0,0.0,1
2026-03-23 16:12:36,1694.13,500.0,521.0,20.0,0.10000000149011612,1,500.0,501.0,20.0,0.0,1,500.0,502.0,10.0,0.0,1,500.0,501.0,10.0,0.0,1,500.0,501.0,10.0,0.0,1,500.0,502.0,10.0,0.0,1
2026-03-23 16:12:37,1694.88,500.0,488.0,20.0,0.0,1,500.0,501.0,20.0,0.0,1,500.0,502.0,10.0,0.0,1,500.0,501.0,10.0,0.0,1,500.0,501.0,10.0,0.0,1,500.0,503.0,10.0,0.0,1
2026-03-23 16:12:37,1695.62,500.0,505.0,20.0,0.0,1,500.0,501.0,20.0,0.0,1,500.0,502.0,10.0,0.0,1,500.0,503.0,10.0,0.0,1,500.0,501.0,10.0,0.0,1,500.0,503.0,10.0,0.0,1
2026-03-23 16:12:38,1696.39,500.0,525.0,20.0,0.0,1,500.0,501.0,20.0,0.0,1,500.0,502.0,10.0,0.0,1,500.0,500.0,10.0,0.0,1,500.0,501.0,10.0,0.0,1,500.0,503.0,10.0,0.0,1
2026-03-23 16:12:39,1697.17,500.0,483.0,20.0,0.0,1,500.0,501.0,20.0,0.0,1,500.0,502.0,10.0,0.0,1,500.0,501.0,10.0,0.0,1,500.0,500.0,10.0,0.0,1,500.0,503.0,10.0,0.0,1
2026-03-23 16:12:40,1697.95,500.0,528.0,20.0,0.4000000059604645,1,500.0,501.0,20.0,0.0,1,500.0,502.0,10.0,0.0,1,500.0,500.0,10.0,0.0,1,500.0,500.0,10.0,0.0,1,500.0,503.0,10.0,0.0,1
2026-03-23 16:12:41,1698.72,500.0,483.0,20.0,0.0,1,500.0,501.0,20.0,0.0,1,500.0,502.0,10.0,0.0,1,500.0,501.0,10.0,0.0,1,500.0,500.0,10.0,0.0,1,500.0,503.0,10.0,0.0,1
2026-03-23 16:12:41,1699.48,500.0,503.0,20.0,0.10000000149011612,1,500.0,501.0,20.0,0.0,1,500.0,502.0,10.0,0.0,1,500.0,501.0,10.0,0.0,1,500.0,502.0,10.0,0.0,1,500.0,503.0,10.0,0.0,1
2026-03-23 16:12:42,1700.24,500.0,531.0,20.0,0.10000000149011612,1,500.0,500.0,20.0,0.0,1,500.0,502.0,10.0,0.0,1,500.0,500.0,10.0,0.0,1,500.0,501.0,10.0,0.0,1,500.0,503.0,10.0,0.0,1
2026-03-23 16:12:43,1700.98,500.0,506.0,20.0,0.0,1,500.0,500.0,20.0,0.0,1,500.0,502.0,10.0,0.0,1,500.0,501.0,10.0,0.0,1,500.0,501.0,10.0,0.0,1,500.0,503.0,10.0,0.0,1
2026-03-23 16:12:44,1701.73,500.0,497.0,20.0,0.0,1,500.0,500.0,20.0,0.0,1,500.0,501.0,10.0,0.0,1,500.0,502.0,10.0,0.0,1,500.0,501.0,10.0,0.0,1,500.0,503.0,10.0,0.0,1
2026-03-23 16:12:44,1702.48,500.0,486.0,20.0,0.0,1,500.0,500.0,20.0,0.0,1,500.0,502.0,10.0,0.0,1,500.0,502.0,10.0,0.0,1,500.0,502.0,10.0,0.0,1,500.0,502.0,10.0,0.0,1
2026-03-23 16:12:45,1703.22,500.0,514.0,20.0,0.0,1,500.0,499.0,20.0,0.0,1,500.0,502.0,10.0,0.0,1,500.0,502.0,10.0,0.0,1,500.0,502.0,10.0,0.0,1,500.0,503.0,10.0,0.0,1
2026-03-23 16:12:46,1703.97,500.0,485.0,20.0,0.0,1,500.0,501.0,20.0,0.0,1,500.0,503.0,10.0,0.0,1,500.0,501.0,10.0,0.0,1,500.0,502.0,10.0,0.0,1,500.0,503.0,10.0,0.0,1
2026-03-23 16:12:47,1704.74,500.0,512.0,20.0,0.0,1,500.0,501.0,20.0,0.0,1,500.0,502.0,10.0,0.0,1,500.0,500.0,10.0,0.0,1,500.0,500.0,10.0,0.0,1,500.0,503.0,10.0,0.0,1
2026-03-23 16:12:47,1705.48,500.0,507.0,20.0,0.0,1,500.0,501.0,20.0,0.0,1,500.0,501.0,10.0,0.0,1,500.0,500.0,10.0,0.0,1,500.0,502.0,10.0,0.0,1,500.0,503.0,10.0,0.0,1
2026-03-23 16:12:48,1706.24,500.0,499.0,20.0,0.0,1,500.0,500.0,20.0,0.0,1,500.0,502.0,10.0,0.0,1,500.0,503.0,10.0,0.0,1,500.0,499.0,10.0,0.0,1,500.0,503.0,10.0,0.0,1
2026-03-23 16:12:49,1706.99,500.0,504.0,20.0,0.10000000149011612,1,500.0,500.0,20.0,0.0,1,500.0,502.0,10.0,0.0,1,500.0,502.0,10.0,0.0,1,500.0,501.0,10.0,0.0,1,500.0,503.0,10.0,0.0,1
2026-03-23 16:12:50,1707.74,500.0,506.0,20.0,0.0,1,500.0,501.0,20.0,0.0,1,500.0,502.0,10.0,0.0,1,500.0,502.0,10.0,0.0,1,500.0,501.0,10.0,0.0,1,500.0,503.0,10.0,0.0,1
2026-03-23 16:12:50,1708.49,500.0,525.0,20.0,0.0,1,500.0,501.0,20.0,0.0,1,500.0,502.0,10.0,0.0,1,500.0,500.0,10.0,0.0,1,500.0,500.0,10.0,0.0,1,500.0,503.0,10.0,0.0,1
2026-03-23 16:12:51,1709.25,500.0,499.0,20.0,0.0,1,500.0,501.0,20.0,0.0,1,500.0,502.0,10.0,0.0,1,500.0,500.0,10.0,0.0,1,500.0,500.0,10.0,0.0,1,500.0,503.0,10.0,0.0,1
2026-03-23 16:12:52,1710.0,500.0,484.0,20.0,0.0,1,500.0,501.0,20.0,0.0,1,500.0,502.0,10.0,0.0,1,500.0,500.0,10.0,0.0,1,500.0,500.0,10.0,0.0,1,500.0,503.0,10.0,0.0,1
2026-03-23 16:12:53,1710.78,500.0,514.0,20.0,0.0,1,500.0,501.0,20.0,0.0,1,500.0,502.0,10.0,0.0,1,500.0,502.0,10.0,0.0,1,500.0,500.0,10.0,0.0,1,500.0,503.0,10.0,0.0,1
2026-03-23 16:12:53,1711.56,500.0,477.0,20.0,0.0,1,500.0,501.0,20.0,0.0,1,500.0,502.0,10.0,0.0,1,500.0,501.0,10.0,0.0,1,500.0,500.0,10.0,0.0,1,500.0,503.0,10.0,0.0,1
2026-03-23 16:12:54,1712.31,500.0,506.0,20.0,0.0,1,500.0,501.0,20.0,0.0,1,500.0,501.0,10.0,0.0,1,500.0,501.0,10.0,0.0,1,500.0,499.0,10.0,0.0,1,500.0,503.0,10.0,0.0,1
2026-03-23 16:12:55,1713.07,500.0,507.0,20.0,0.0,1,500.0,501.0,20.0,0.0,1,500.0,501.0,10.0,0.0,1,500.0,501.0,10.0,0.0,1,500.0,501.0,10.0,0.0,1,500.0,503.0,10.0,0.0,1
2026-03-23 16:12:56,1713.84,500.0,486.0,20.0,0.0,1,500.0,501.0,20.0,0.0,1,500.0,501.0,10.0,0.0,1,500.0,501.0,10.0,0.0,1,500.0,501.0,10.0,0.0,1,500.0,503.0,10.0,0.0,1
2026-03-23 16:12:56,1714.58,500.0,531.0,20.0,0.0,1,500.0,501.0,20.0,0.0,1,500.0,502.0,10.0,0.0,1,500.0,501.0,10.0,0.0,1,500.0,501.0,10.0,0.0,1,500.0,503.0,10.0,0.0,1
2026-03-23 16:12:57,1715.31,500.0,501.0,20.0,0.0,1,500.0,501.0,20.0,0.0,1,500.0,502.0,10.0,0.0,1,500.0,502.0,10.0,0.0,1,500.0,501.0,10.0,0.0,1,500.0,503.0,10.0,0.0,1
2026-03-23 16:12:58,1716.04,500.0,505.0,20.0,0.20000000298023224,1,500.0,501.0,20.0,0.0,1,500.0,502.0,10.0,0.0,1,500.0,502.0,10.0,0.0,1,500.0,500.0,10.0,0.0,1,500.0,504.0,10.0,0.0,1
2026-03-23 16:12:59,1716.76,500.0,504.0,20.0,0.10000000149011612,1,500.0,501.0,20.0,0.0,1,500.0,502.0,10.0,0.0,1,500.0,502.0,10.0,0.0,1,500.0,500.0,10.0,0.0,1,500.0,503.0,10.0,0.0,1
2026-03-23 16:12:59,1717.5,500.0,496.0,20.0,0.10000000149011612,1,500.0,501.0,20.0,0.0,1,500.0,502.0,10.0,0.0,1,500.0,503.0,10.0,0.0,1,500.0,500.0,10.0,0.0,1,500.0,503.0,10.0,0.0,1
2026-03-23 16:13:00,1718.23,500.0,528.0,20.0,0.10000000149011612,1,500.0,501.0,20.0,0.0,1,500.0,502.0,10.0,0.0,1,500.0,501.0,10.0,0.0,1,500.0,501.0,10.0,0.0,1,500.0,503.0,10.0,0.0,1
2026-03-23 16:13:01,1718.97,500.0,500.0,20.0,0.10000000149011612,1,500.0,501.0,20.0,0.0,1,500.0,502.0,10.0,0.0,1,500.0,501.0,10.0,0.0,1,500.0,501.0,10.0,0.0,1,500.0,503.0,10.0,0.0,1
2026-03-23 16:13:02,1719.72,500.0,499.0,20.0,0.0,1,500.0,501.0,20.0,0.0,1,500.0,502.0,10.0,0.0,1,500.0,500.0,10.0,0.0,1,500.0,501.0,10.0,0.0,1,500.0,504.0,10.0,0.0,1
2026-03-23 16:13:02,1720.45,500.0,526.0,20.0,0.0,1,500.0,501.0,20.0,0.0,1,500.0,502.0,10.0,0.0,1,500.0,500.0,10.0,0.0,1,500.0,501.0,10.0,0.0,1,500.0,502.0,10.0,0.0,1
2026-03-23 16:13:03,1721.17,500.0,482.0,20.0,0.0,1,500.0,501.0,20.0,0.0,1,500.0,502.0,10.0,0.0,1,500.0,501.0,10.0,0.0,1,500.0,502.0,10.0,0.0,1,500.0,503.0,10.0,0.0,1
2026-03-23 16:13:04,1721.9,500.0,501.0,20.0,0.0,1,500.0,501.0,20.0,0.0,1,500.0,501.0,10.0,0.0,1,500.0,501.0,10.0,0.0,1,500.0,499.0,10.0,0.0,1,500.0,503.0,10.0,0.0,1
2026-03-23 16:13:04,1722.64,500.0,504.0,20.0,0.10000000149011612,1,500.0,501.0,20.0,0.0,1,500.0,503.0,10.0,0.0,1,500.0,501.0,10.0,0.0,1,500.0,501.0,10.0,0.0,1,500.0,503.0,10.0,0.0,1
2026-03-23 16:13:05,1723.38,500.0,481.0,20.0,0.0,1,500.0,500.0,20.0,0.0,1,500.0,502.0,10.0,0.0,1,500.0,501.0,10.0,0.0,1,500.0,500.0,10.0,0.0,1,500.0,503.0,10.0,0.0,1
2026-03-23 16:13:06,1724.13,500.0,493.0,20.0,0.0,1,500.0,500.0,20.0,0.0,1,500.0,502.0,10.0,0.0,1,500.0,502.0,10.0,0.0,1,500.0,500.0,10.0,0.0,1,500.0,503.0,10.0,0.0,1
2026-03-23 16:13:07,1724.87,500.0,530.0,20.0,0.20000000298023224,1,500.0,501.0,20.0,0.0,1,500.0,502.0,10.0,0.0,1,500.0,501.0,10.0,0.0,1,500.0,502.0,10.0,0.0,1,500.0,503.0,10.0,0.0,1
2026-03-23 16:13:07,1725.63,500.0,510.0,20.0,0.0,1,500.0,501.0,20.0,0.0,1,500.0,502.0,10.0,0.0,1,500.0,502.0,10.0,0.0,1,500.0,500.0,10.0,0.0,1,500.0,501.0,10.0,0.0,1
2026-03-23 16:13:08,1726.38,500.0,509.0,20.0,0.0,1,500.0,501.0,20.0,0.0,1,500.0,502.0,10.0,0.0,1,500.0,502.0,10.0,0.0,1,500.0,500.0,10.0,0.0,1,500.0,502.0,10.0,0.0,1
2026-03-23 16:13:09,1727.11,500.0,490.0,20.0,0.0,1,500.0,501.0,20.0,0.0,1,500.0,502.0,10.0,0.0,1,500.0,501.0,10.0,0.0,1,500.0,501.0,10.0,0.0,1,500.0,502.0,10.0,0.0,1
2026-03-23 16:13:10,1727.84,500.0,506.0,20.0,0.0,1,500.0,501.0,20.0,0.0,1,500.0,502.0,10.0,0.0,1,500.0,501.0,10.0,0.0,1,500.0,501.0,10.0,0.0,1,500.0,502.0,10.0,0.0,1
2026-03-23 16:13:10,1728.58,500.0,495.0,20.0,0.0,1,500.0,500.0,20.0,0.0,1,500.0,502.0,10.0,0.0,1,500.0,501.0,10.0,0.0,1,500.0,504.0,10.0,0.0,1,500.0,502.0,10.0,0.0,1
2026-03-23 16:13:11,1729.32,500.0,496.0,20.0,0.0,1,500.0,500.0,20.0,0.0,1,500.0,502.0,10.0,0.0,1,500.0,500.0,10.0,0.0,1,500.0,500.0,10.0,0.0,1,500.0,503.0,10.0,0.0,1
2026-03-23 16:13:12,1730.05,500.0,509.0,20.0,0.0,1,500.0,500.0,20.0,0.0,1,500.0,502.0,10.0,0.0,1,500.0,501.0,10.0,0.0,1,500.0,501.0,10.0,0.0,1,500.0,503.0,10.0,0.0,1
2026-03-23 16:13:13,1730.79,500.0,493.0,20.0,0.0,1,500.0,501.0,20.0,0.0,1,500.0,503.0,10.0,0.0,1,500.0,501.0,10.0,0.0,1,500.0,501.0,10.0,0.0,1,500.0,504.0,10.0,0.0,1
2026-03-23 16:13:13,1731.51,500.0,505.0,20.0,0.0,1,500.0,500.0,20.0,0.0,1,500.0,503.0,10.0,0.0,1,500.0,501.0,10.0,0.0,1,500.0,501.0,10.0,0.0,1,500.0,503.0,10.0,0.0,1
2026-03-23 16:13:14,1732.26,500.0,505.0,20.0,0.0,1,500.0,500.0,20.0,0.0,1,500.0,502.0,10.0,0.0,1,500.0,502.0,10.0,0.0,1,500.0,501.0,10.0,0.0,1,500.0,504.0,10.0,0.0,1
2026-03-23 16:13:15,1732.99,500.0,496.0,20.0,0.0,1,500.0,501.0,20.0,0.0,1,500.0,502.0,10.0,0.0,1,500.0,501.0,10.0,0.0,1,500.0,501.0,10.0,0.0,1,500.0,503.0,10.0,0.0,1
2026-03-23 16:13:16,1733.72,500.0,507.0,20.0,0.0,1,500.0,501.0,20.0,0.0,1,500.0,502.0,10.0,0.0,1,500.0,501.0,10.0,0.0,1,500.0,501.0,10.0,0.0,1,500.0,503.0,10.0,0.0,1
2026-03-23 16:13:16,1734.46,500.0,516.0,20.0,0.0,1,500.0,501.0,20.0,0.0,1,500.0,502.0,10.0,0.0,1,500.0,501.0,10.0,0.0,1,500.0,501.0,10.0,0.0,1,500.0,503.0,10.0,0.0,1
2026-03-23 16:13:17,1735.19,500.0,504.0,20.0,0.0,1,500.0,501.0,20.0,0.0,1,500.0,501.0,10.0,0.0,1,500.0,501.0,10.0,0.0,1,500.0,501.0,10.0,0.0,1,500.0,503.0,10.0,0.0,1
2026-03-23 16:13:18,1735.91,500.0,490.0,20.0,0.0,1,500.0,501.0,20.0,0.0,1,500.0,502.0,10.0,0.0,1,500.0,501.0,10.0,0.0,1,500.0,501.0,10.0,0.0,1,500.0,503.0,10.0,0.0,1
2026-03-23 16:13:18,1736.63,500.0,510.0,20.0,0.0,1,500.0,501.0,20.0,0.0,1,500.0,502.0,10.0,0.0,1,500.0,501.0,10.0,0.0,1,500.0,501.0,10.0,0.0,1,500.0,504.0,10.0,0.0,1
2026-03-23 16:13:19,1737.38,500.0,530.0,20.0,0.4000000059604645,1,500.0,501.0,20.0,0.0,1,500.0,502.0,10.0,0.0,1,500.0,502.0,10.0,0.0,1,500.0,501.0,10.0,0.0,1,500.0,503.0,10.0,0.0,1
2026-03-23 16:13:20,1738.12,500.0,492.0,20.0,0.0,1,500.0,502.0,20.0,0.0,1,500.0,502.0,10.0,0.0,1,500.0,500.0,10.0,0.0,1,500.0,501.0,10.0,0.0,1,500.0,503.0,10.0,0.0,1
2026-03-23 16:13:21,1738.85,500.0,487.0,20.0,0.0,1,500.0,501.0,20.0,0.0,1,500.0,502.0,10.0,0.0,1,500.0,501.0,10.0,0.0,1,500.0,500.0,10.0,0.0,1,500.0,503.0,10.0,0.0,1
2026-03-23 16:13:21,1739.59,500.0,500.0,20.0,0.10000000149011612,1,500.0,501.0,20.0,0.0,1,500.0,502.0,10.0,0.0,1,500.0,502.0,10.0,0.0,1,500.0,502.0,10.0,0.0,1,500.0,502.0,10.0,0.0,1
2026-03-23 16:13:22,1740.34,500.0,510.0,20.0,0.10000000149011612,1,500.0,501.0,20.0,0.0,1,500.0,502.0,10.0,0.0,1,500.0,502.0,10.0,0.0,1,500.0,501.0,10.0,0.0,1,500.0,503.0,10.0,0.0,1
2026-03-23 16:13:23,1741.07,500.0,509.0,20.0,0.10000000149011612,1,500.0,500.0,20.0,0.0,1,500.0,503.0,10.0,0.0,1,500.0,502.0,10.0,0.0,1,500.0,502.0,10.0,0.0,1,500.0,503.0,10.0,0.0,1
2026-03-23 16:13:24,1741.82,500.0,512.0,20.0,0.10000000149011612,1,500.0,501.0,20.0,0.0,1,500.0,502.0,10.0,0.0,1,500.0,502.0,10.0,0.0,1,500.0,500.0,10.0,0.0,1,500.0,503.0,10.0,0.0,1
2026-03-23 16:13:24,1742.54,500.0,505.0,20.0,0.0,1,500.0,501.0,20.0,0.0,1,500.0,502.0,10.0,0.0,1,500.0,501.0,10.0,0.0,1,500.0,501.0,10.0,0.0,1,500.0,503.0,10.0,0.0,1
2026-03-23 16:13:25,1743.28,500.0,509.0,20.0,0.0,1,500.0,501.0,20.0,0.0,1,500.0,503.0,10.0,0.0,1,500.0,501.0,10.0,0.0,1,500.0,501.0,10.0,0.0,1,500.0,503.0,10.0,0.0,1
2026-03-23 16:13:26,1744.01,500.0,529.0,20.0,0.10000000149011612,1,500.0,501.0,20.0,0.0,1,500.0,502.0,10.0,0.0,1,500.0,502.0,10.0,0.0,1,500.0,501.0,10.0,0.0,1,500.0,503.0,10.0,0.0,1
2026-03-23 16:13:27,1744.76,500.0,498.0,20.0,0.0,1,500.0,501.0,20.0,0.0,1,500.0,502.0,10.0,0.0,1,500.0,502.0,10.0,0.0,1,500.0,499.0,10.0,0.0,1,500.0,502.0,10.0,0.0,1
2026-03-23 16:13:27,1745.5,500.0,507.0,20.0,0.10000000149011612,1,500.0,501.0,20.0,0.0,1,500.0,503.0,10.0,0.0,1,500.0,503.0,10.0,0.0,1,500.0,499.0,10.0,0.0,1,500.0,502.0,10.0,0.0,1
2026-03-23 16:13:28,1746.24,500.0,501.0,20.0,0.10000000149011612,1,500.0,502.0,20.0,0.0,1,500.0,503.0,10.0,0.0,1,500.0,502.0,10.0,0.0,1,500.0,500.0,10.0,0.0,1,500.0,504.0,10.0,0.0,1
2026-03-23 16:13:29,1746.96,500.0,517.0,20.0,0.0,1,500.0,500.0,20.0,0.0,1,500.0,503.0,10.0,0.0,1,500.0,501.0,10.0,0.0,1,500.0,500.0,10.0,0.0,1,500.0,504.0,10.0,0.0,1
2026-03-23 16:13:30,1747.7,500.0,488.0,20.0,0.0,1,500.0,500.0,20.0,0.0,1,500.0,502.0,10.0,0.0,1,500.0,501.0,10.0,0.0,1,500.0,500.0,10.0,0.0,1,500.0,504.0,10.0,0.0,1
2026-03-23 16:13:30,1748.46,500.0,491.0,20.0,0.0,1,500.0,500.0,20.0,0.0,1,500.0,502.0,10.0,0.0,1,500.0,501.0,10.0,0.0,1,500.0,501.0,10.0,0.0,1,500.0,504.0,10.0,0.0,1
2026-03-23 16:13:31,1749.21,500.0,523.0,20.0,0.0,1,500.0,500.0,20.0,0.0,1,500.0,502.0,10.0,0.0,1,500.0,500.0,10.0,0.0,1,500.0,501.0,10.0,0.0,1,500.0,504.0,10.0,0.0,1
2026-03-23 16:13:32,1749.93,500.0,498.0,20.0,0.0,1,500.0,501.0,20.0,0.0,1,500.0,502.0,10.0,0.0,1,500.0,500.0,10.0,0.0,1,500.0,501.0,10.0,0.0,1,500.0,502.0,10.0,0.0,1
2026-03-23 16:13:32,1750.66,500.0,521.0,20.0,0.10000000149011612,1,500.0,499.0,20.0,0.0,1,500.0,502.0,10.0,0.0,1,500.0,500.0,10.0,0.0,1,500.0,501.0,10.0,0.0,1,500.0,502.0,10.0,0.0,1
2026-03-23 16:13:33,1751.4,500.0,484.0,20.0,0.0,1,500.0,499.0,20.0,0.0,1,500.0,502.0,10.0,0.0,1,500.0,502.0,10.0,0.0,1,500.0,500.0,10.0,0.0,1,500.0,503.0,10.0,0.0,1
2026-03-23 16:13:34,1752.12,500.0,530.0,20.0,0.30000001192092896,1,500.0,500.0,20.0,0.0,1,500.0,502.0,10.0,0.0,1,500.0,502.0,10.0,0.0,1,500.0,501.0,10.0,0.0,1,500.0,503.0,10.0,0.0,1
2026-03-23 16:13:35,1752.86,500.0,516.0,20.0,0.20000000298023224,1,500.0,501.0,20.0,0.0,1,500.0,502.0,10.0,0.0,1,500.0,502.0,10.0,0.0,1,500.0,500.0,10.0,0.0,1,500.0,504.0,10.0,0.0,1
2026-03-23 16:13:35,1753.62,500.0,517.0,20.0,0.10000000149011612,1,500.0,501.0,20.0,0.0,1,500.0,503.0,10.0,0.0,1,500.0,502.0,10.0,0.0,1,500.0,500.0,10.0,0.0,1,500.0,504.0,10.0,0.0,1
2026-03-23 16:13:36,1754.34,500.0,500.0,20.0,0.10000000149011612,1,500.0,500.0,20.0,0.0,1,500.0,501.0,10.0,0.0,1,500.0,501.0,10.0,0.0,1,500.0,500.0,10.0,0.0,1,500.0,503.0,10.0,0.0,1
2026-03-23 16:13:37,1755.06,500.0,526.0,20.0,0.0,1,500.0,501.0,20.0,0.0,1,500.0,501.0,10.0,0.0,1,500.0,501.0,10.0,0.0,1,500.0,500.0,10.0,0.0,1,500.0,503.0,10.0,0.0,1
2026-03-23 16:13:38,1755.79,500.0,491.0,20.0,0.0,1,500.0,500.0,20.0,0.0,1,500.0,502.0,10.0,0.0,1,500.0,501.0,10.0,0.0,1,500.0,500.0,10.0,0.0,1,500.0,504.0,10.0,0.0,1
2026-03-23 16:13:38,1756.51,500.0,498.0,20.0,0.20000000298023224,1,500.0,500.0,20.0,0.0,1,500.0,502.0,10.0,0.0,1,500.0,502.0,10.0,0.0,1,500.0,501.0,10.0,0.0,1,500.0,503.0,10.0,0.0,1
2026-03-23 16:13:39,1757.25,500.0,505.0,20.0,0.10000000149011612,1,500.0,501.0,20.0,0.0,1,500.0,502.0,10.0,0.0,1,500.0,502.0,10.0,0.0,1,500.0,501.0,10.0,0.0,1,500.0,503.0,10.0,0.0,1
2026-03-23 16:13:40,1757.98,500.0,505.0,20.0,0.10000000149011612,1,500.0,501.0,20.0,0.0,1,500.0,502.0,10.0,0.0,1,500.0,502.0,10.0,0.0,1,500.0,500.0,10.0,0.0,1,500.0,504.0,10.0,0.0,1
2026-03-23 16:13:41,1758.71,500.0,525.0,20.0,0.0,1,500.0,501.0,20.0,0.0,1,500.0,502.0,10.0,0.0,1,500.0,502.0,10.0,0.0,1,500.0,501.0,10.0,0.0,1,500.0,504.0,10.0,0.0,1
2026-03-23 16:13:41,1759.44,500.0,478.0,20.0,0.0,1,500.0,501.0,20.0,0.0,1,500.0,502.0,10.0,0.0,1,500.0,501.0,10.0,0.0,1,500.0,503.0,10.0,0.0,1,500.0,504.0,10.0,0.0,1
2026-03-23 16:13:42,1760.18,500.0,499.0,20.0,0.0,1,500.0,501.0,20.0,0.0,1,500.0,502.0,10.0,0.0,1,500.0,502.0,10.0,0.0,1,500.0,502.0,10.0,0.0,1,500.0,504.0,10.0,0.0,1
2026-03-23 16:13:43,1760.91,500.0,499.0,20.0,0.0,1,500.0,501.0,20.0,0.0,1,500.0,502.0,10.0,0.0,1,500.0,501.0,10.0,0.0,1,500.0,501.0,10.0,0.0,1,500.0,504.0,10.0,0.0,1
2026-03-23 16:13:43,1761.62,500.0,491.0,20.0,0.0,1,500.0,502.0,20.0,0.0,1,500.0,502.0,10.0,0.0,1,500.0,501.0,10.0,0.0,1,500.0,499.0,10.0,0.0,1,500.0,503.0,10.0,0.0,1
2026-03-23 16:13:44,1762.35,500.0,513.0,20.0,0.0,1,500.0,502.0,20.0,0.0,1,500.0,503.0,10.0,0.0,1,500.0,497.0,10.0,0.0,1,500.0,501.0,10.0,0.0,1,500.0,503.0,10.0,0.0,1
2026-03-23 16:13:45,1763.07,500.0,484.0,20.0,0.0,1,500.0,502.0,20.0,0.0,1,500.0,502.0,10.0,0.0,1,500.0,499.0,10.0,0.0,1,500.0,501.0,10.0,0.0,1,500.0,503.0,10.0,0.0,1
2026-03-23 16:13:46,1763.8,500.0,520.0,20.0,0.20000000298023224,1,500.0,501.0,20.0,0.0,1,500.0,503.0,10.0,0.0,1,500.0,501.0,10.0,0.0,1,500.0,500.0,10.0,0.0,1,500.0,503.0,10.0,0.0,1
2026-03-23 16:13:46,1764.56,500.0,480.0,20.0,0.0,1,500.0,502.0,20.0,0.0,1,500.0,503.0,10.0,0.0,1,500.0,500.0,10.0,0.0,1,500.0,502.0,10.0,0.0,1,500.0,502.0,10.0,0.0,1
2026-03-23 16:13:47,1765.29,500.0,499.0,20.0,0.0,1,500.0,501.0,20.0,0.0,1,500.0,502.0,10.0,0.0,1,500.0,500.0,10.0,0.0,1,500.0,502.0,10.0,0.0,1,500.0,503.0,10.0,0.0,1
2026-03-23 16:13:48,1766.02,500.0,512.0,20.0,0.0,1,500.0,501.0,20.0,0.0,1,500.0,502.0,10.0,0.0,1,500.0,501.0,10.0,0.0,1,500.0,502.0,10.0,0.0,1,500.0,504.0,10.0,0.0,1
2026-03-23 16:13:49,1766.75,500.0,502.0,20.0,0.20000000298023224,1,500.0,501.0,20.0,0.0,1,500.0,502.0,10.0,0.0,1,500.0,501.0,10.0,0.0,1,500.0,501.0,10.0,0.0,1,500.0,503.0,10.0,0.0,1
2026-03-23 16:13:49,1767.47,500.0,503.0,20.0,0.0,1,500.0,501.0,20.0,0.0,1,500.0,502.0,10.0,0.0,1,500.0,501.0,10.0,0.0,1,500.0,500.0,10.0,0.0,1,500.0,504.0,10.0,0.0,1
2026-03-23 16:13:50,1768.19,500.0,493.0,20.0,0.0,1,500.0,501.0,20.0,0.0,1,500.0,502.0,10.0,0.0,1,500.0,503.0,10.0,0.0,1,500.0,501.0,10.0,0.0,1,500.0,504.0,10.0,0.0,1
2026-03-23 16:13:51,1768.91,500.0,498.0,20.0,0.0,1,500.0,501.0,20.0,0.0,1,500.0,503.0,10.0,0.0,1,500.0,503.0,10.0,0.0,1,500.0,501.0,10.0,0.0,1,500.0,504.0,10.0,0.0,1
2026-03-23 16:13:51,1769.64,500.0,509.0,20.0,0.0,1,500.0,500.0,20.0,0.0,1,500.0,503.0,10.0,0.0,1,500.0,501.0,10.0,0.0,1,500.0,501.0,10.0,0.0,1,500.0,504.0,10.0,0.0,1
2026-03-23 16:13:52,1770.35,500.0,525.0,20.0,0.0,1,500.0,500.0,20.0,0.0,1,500.0,502.0,10.0,0.0,1,500.0,500.0,10.0,0.0,1,500.0,501.0,10.0,0.0,1,500.0,504.0,10.0,0.0,1
2026-03-23 16:13:53,1771.09,500.0,481.0,20.0,0.0,1,500.0,501.0,20.0,0.0,1,500.0,502.0,10.0,0.0,1,500.0,500.0,10.0,0.0,1,500.0,502.0,10.0,0.0,1,500.0,503.0,10.0,0.0,1
2026-03-23 16:13:54,1771.82,500.0,502.0,20.0,0.0,1,500.0,501.0,20.0,0.0,1,500.0,502.0,10.0,0.0,1,500.0,500.0,10.0,0.0,1,500.0,496.0,10.0,0.0,1,500.0,503.0,10.0,0.0,1
2026-03-23 16:13:54,1772.56,500.0,524.0,20.0,0.10000000149011612,1,500.0,501.0,20.0,0.0,1,500.0,503.0,10.0,0.0,1,500.0,500.0,10.0,0.0,1,500.0,501.0,10.0,0.0,1,500.0,503.0,10.0,0.0,1
2026-03-23 16:13:55,1773.31,500.0,506.0,20.0,0.10000000149011612,1,500.0,502.0,20.0,0.0,1,500.0,503.0,10.0,0.0,1,500.0,500.0,10.0,0.0,1,500.0,501.0,10.0,0.0,1,500.0,503.0,10.0,0.0,1
2026-03-23 16:13:56,1774.07,500.0,483.0,20.0,0.0,1,500.0,501.0,20.0,0.0,1,500.0,501.0,10.0,0.0,1,500.0,500.0,10.0,0.0,1,500.0,499.0,10.0,0.0,1,500.0,503.0,10.0,0.0,1
2026-03-23 16:13:57,1774.78,500.0,508.0,20.0,0.0,1,500.0,500.0,20.0,0.0,1,500.0,501.0,10.0,0.0,1,500.0,502.0,10.0,0.0,1,500.0,499.0,10.0,0.0,1,500.0,504.0,10.0,0.0,1
2026-03-23 16:13:57,1775.51,500.0,499.0,20.0,0.0,1,500.0,501.0,20.0,0.0,1,500.0,502.0,10.0,0.0,1,500.0,501.0,10.0,0.0,1,500.0,503.0,10.0,0.0,1,500.0,504.0,10.0,0.0,1
2026-03-23 16:13:58,1776.26,500.0,521.0,20.0,0.0,1,500.0,501.0,20.0,0.0,1,500.0,502.0,10.0,0.0,1,500.0,501.0,10.0,0.0,1,500.0,500.0,10.0,0.0,1,500.0,504.0,10.0,0.0,1
2026-03-23 16:13:59,1776.98,500.0,525.0,20.0,0.20000000298023224,1,500.0,501.0,20.0,0.0,1,500.0,501.0,10.0,0.0,1,500.0,501.0,10.0,0.0,1,500.0,500.0,10.0,0.0,1,500.0,503.0,10.0,0.0,1
2026-03-23 16:14:00,1777.72,500.0,510.0,20.0,0.0,1,500.0,501.0,20.0,0.0,1,500.0,502.0,10.0,0.0,1,500.0,501.0,10.0,0.0,1,500.0,500.0,10.0,0.0,1,500.0,503.0,10.0,0.0,1
2026-03-23 16:14:00,1778.44,500.0,496.0,20.0,0.0,1,500.0,502.0,20.0,0.0,1,500.0,502.0,10.0,0.0,1,500.0,503.0,10.0,0.0,1,500.0,501.0,10.0,0.0,1,500.0,502.0,10.0,0.0,1
2026-03-23 16:14:01,1779.17,500.0,500.0,20.0,0.0,1,500.0,502.0,20.0,0.0,1,500.0,502.0,10.0,0.0,1,500.0,502.0,10.0,0.0,1,500.0,501.0,10.0,0.0,1,500.0,504.0,10.0,0.0,1
2026-03-23 16:14:02,1779.91,500.0,486.0,20.0,0.0,1,500.0,502.0,20.0,0.0,1,500.0,502.0,10.0,0.0,1,500.0,503.0,10.0,0.0,1,500.0,501.0,10.0,0.0,1,500.0,504.0,10.0,0.0,1
2026-03-23 16:14:02,1780.65,500.0,496.0,20.0,0.0,1,500.0,501.0,20.0,0.0,1,500.0,502.0,10.0,0.0,1,500.0,502.0,10.0,0.0,1,500.0,500.0,10.0,0.0,1,500.0,504.0,10.0,0.0,1
2026-03-23 16:14:03,1781.38,500.0,504.0,20.0,0.0,1,500.0,502.0,20.0,0.0,1,500.0,501.0,10.0,0.0,1,500.0,499.0,10.0,0.0,1,500.0,502.0,10.0,0.0,1,500.0,504.0,10.0,0.0,1
2026-03-23 16:14:04,1782.12,500.0,512.0,20.0,0.10000000149011612,1,500.0,501.0,20.0,0.0,1,500.0,501.0,10.0,0.0,1,500.0,499.0,10.0,0.0,1,500.0,502.0,10.0,0.0,1,500.0,504.0,10.0,0.0,1
2026-03-23 16:14:05,1782.85,500.0,496.0,20.0,0.0,1,500.0,501.0,20.0,0.0,1,500.0,502.0,10.0,0.0,1,500.0,500.0,10.0,0.0,1,500.0,500.0,10.0,0.0,1,500.0,504.0,10.0,0.0,1
2026-03-23 16:14:05,1783.6,500.0,526.0,20.0,0.10000000149011612,1,500.0,501.0,20.0,0.0,1,500.0,502.0,10.0,0.0,1,500.0,500.0,10.0,0.0,1,500.0,501.0,10.0,0.0,1,500.0,504.0,10.0,0.0,1
2026-03-23 16:14:06,1784.33,500.0,488.0,20.0,0.0,1,500.0,501.0,20.0,0.0,1,500.0,502.0,10.0,0.0,1,500.0,501.0,10.0,0.0,1,500.0,501.0,10.0,0.0,1,500.0,503.0,10.0,0.0,1
2026-03-23 16:14:07,1785.06,500.0,504.0,20.0,0.0,1,500.0,500.0,20.0,0.0,1,500.0,502.0,10.0,0.0,1,500.0,500.0,10.0,0.0,1,500.0,502.0,10.0,0.0,1,500.0,503.0,10.0,0.0,1
2026-03-23 16:14:08,1785.79,500.0,504.0,20.0,0.0,1,500.0,500.0,20.0,0.0,1,500.0,502.0,10.0,0.0,1,500.0,501.0,10.0,0.0,1,500.0,501.0,10.0,0.0,1,500.0,503.0,10.0,0.0,1
2026-03-23 16:14:08,1786.51,500.0,498.0,20.0,0.0,1,500.0,500.0,20.0,0.0,1,500.0,502.0,10.0,0.0,1,500.0,501.0,10.0,0.0,1,500.0,501.0,10.0,0.0,1,500.0,502.0,10.0,0.0,1
2026-03-23 16:14:09,1787.25,500.0,500.0,20.0,0.0,1,500.0,501.0,20.0,0.0,1,500.0,502.0,10.0,0.0,1,500.0,499.0,10.0,0.0,1,500.0,500.0,10.0,0.0,1,500.0,502.0,10.0,0.0,1
2026-03-23 16:14:10,1788.0,500.0,505.0,20.0,0.0,1,500.0,501.0,20.0,0.0,1,500.0,502.0,10.0,0.0,1,500.0,501.0,10.0,0.0,1,500.0,500.0,10.0,0.0,1,500.0,502.0,10.0,0.0,1
2026-03-23 16:14:11,1788.75,500.0,496.0,20.0,0.0,1,500.0,501.0,20.0,0.0,1,500.0,503.0,10.0,0.0,1,500.0,501.0,10.0,0.0,1,500.0,502.0,10.0,0.0,1,500.0,504.0,10.0,0.0,1
2026-03-23 16:14:11,1789.48,500.0,500.0,20.0,0.0,1,500.0,502.0,20.0,0.0,1,500.0,502.0,10.0,0.0,1,500.0,502.0,10.0,0.0,1,500.0,502.0,10.0,0.0,1,500.0,503.0,10.0,0.0,1
2026-03-23 16:14:12,1790.21,500.0,513.0,20.0,0.20000000298023224,1,500.0,501.0,20.0,0.0,1,500.0,502.0,10.0,0.0,1,500.0,502.0,10.0,0.0,1,500.0,502.0,10.0,0.0,1,500.0,503.0,10.0,0.0,1
2026-03-23 16:14:13,1790.94,500.0,486.0,20.0,0.0,1,500.0,501.0,20.0,0.0,1,500.0,501.0,10.0,0.0,1,500.0,502.0,10.0,0.0,1,500.0,502.0,10.0,0.0,1,500.0,504.0,10.0,0.0,1
2026-03-23 16:14:14,1791.7,500.0,503.0,20.0,0.0,1,500.0,500.0,20.0,0.0,1,500.0,501.0,10.0,0.0,1,500.0,502.0,10.0,0.0,1,500.0,500.0,10.0,0.0,1,500.0,504.0,10.0,0.0,1
2026-03-23 16:14:14,1792.43,500.0,529.0,20.0,0.30000001192092896,1,500.0,502.0,20.0,0.0,1,500.0,502.0,10.0,0.0,1,500.0,502.0,10.0,0.0,1,500.0,500.0,10.0,0.0,1,500.0,502.0,10.0,0.0,1
2026-03-23 16:14:15,1793.16,500.0,493.0,20.0,0.0,1,500.0,501.0,20.0,0.0,1,500.0,502.0,10.0,0.0,1,500.0,502.0,10.0,0.0,1,500.0,500.0,10.0,0.0,1,500.0,503.0,10.0,0.0,1
2026-03-23 16:14:16,1793.89,500.0,499.0,20.0,0.0,1,500.0,501.0,20.0,0.0,1,500.0,502.0,10.0,0.0,1,500.0,503.0,10.0,0.0,1,500.0,501.0,10.0,0.0,1,500.0,503.0,10.0,0.0,1
2026-03-23 16:14:16,1794.62,500.0,502.0,20.0,0.0,1,500.0,501.0,20.0,0.0,1,500.0,502.0,10.0,0.0,1,500.0,501.0,10.0,0.0,1,500.0,501.0,10.0,0.0,1,500.0,504.0,10.0,0.0,1
2026-03-23 16:14:17,1795.36,500.0,501.0,20.0,0.0,1,500.0,503.0,20.0,0.0,1,500.0,502.0,10.0,0.0,1,500.0,501.0,10.0,0.0,1,500.0,500.0,10.0,0.0,1,500.0,501.0,10.0,0.0,1
2026-03-23 16:14:18,1796.1,500.0,525.0,20.0,0.10000000149011612,1,500.0,501.0,20.0,0.0,1,500.0,502.0,10.0,0.0,1,500.0,502.0,10.0,0.0,1,500.0,501.0,10.0,0.0,1,500.0,501.0,10.0,0.0,1
2026-03-23 16:14:19,1796.85,500.0,482.0,20.0,0.0,1,500.0,501.0,20.0,0.0,1,500.0,502.0,10.0,0.0,1,500.0,501.0,10.0,0.0,1,500.0,501.0,10.0,0.0,1,500.0,503.0,10.0,0.0,1
2026-03-23 16:14:19,1797.58,500.0,510.0,20.0,0.0,1,500.0,501.0,20.0,0.0,1,500.0,503.0,10.0,0.0,1,500.0,501.0,10.0,0.0,1,500.0,501.0,10.0,0.0,1,500.0,503.0,10.0,0.0,1
2026-03-23 16:14:20,1798.3,500.0,501.0,20.0,0.0,1,500.0,500.0,20.0,0.0,1,500.0,502.0,10.0,0.0,1,500.0,501.0,10.0,0.0,1,500.0,501.0,10.0,0.0,1,500.0,503.0,10.0,0.0,1
2026-03-23 16:14:21,1799.02,500.0,503.0,20.0,0.0,1,500.0,501.0,20.0,0.0,1,500.0,503.0,10.0,0.0,1,500.0,501.0,10.0,0.0,1,500.0,502.0,10.0,0.0,1,500.0,504.0,10.0,0.0,1
2026-03-23 16:14:22,1799.74,500.0,518.0,20.0,0.0,1,500.0,501.0,20.0,0.0,1,500.0,501.0,10.0,0.0,1,500.0,502.0,10.0,0.0,1,500.0,501.0,10.0,0.0,1,500.0,504.0,10.0,0.0,1
2026-03-23 16:14:22,1800.47,500.0,492.0,20.0,0.0,1,500.0,501.0,20.0,0.0,1,500.0,503.0,10.0,0.0,1,500.0,501.0,10.0,0.0,1,500.0,501.0,10.0,0.0,1,500.0,502.0,10.0,0.0,1
2026-03-23 16:14:23,1801.18,500.0,503.0,20.0,0.0,1,500.0,500.0,20.0,0.0,1,500.0,504.0,10.0,0.0,1,500.0,501.0,10.0,0.0,1,500.0,501.0,10.0,0.0,1,500.0,503.0,10.0,0.0,1
2026-03-23 16:14:24,1801.92,500.0,509.0,20.0,0.10000000149011612,1,500.0,500.0,20.0,0.0,1,500.0,503.0,10.0,0.0,1,500.0,501.0,10.0,0.0,1,500.0,501.0,10.0,0.0,1,500.0,504.0,10.0,0.0,1
2026-03-23 16:14:24,1802.66,500.0,504.0,20.0,0.0,1,500.0,501.0,20.0,0.0,1,500.0,503.0,10.0,0.0,1,500.0,501.0,10.0,0.0,1,500.0,499.0,10.0,0.0,1,500.0,503.0,10.0,0.0,1
2026-03-23 16:14:25,1803.39,500.0,532.0,20.0,0.20000000298023224,1,500.0,501.0,20.0,0.0,1,500.0,503.0,10.0,0.0,1,500.0,501.0,10.0,0.0,1,500.0,502.0,10.0,0.0,1,500.0,503.0,10.0,0.0,1
2026-03-23 16:14:26,1804.11,500.0,496.0,20.0,0.20000000298023224,1,500.0,501.0,20.0,0.0,1,500.0,503.0,10.0,0.0,1,500.0,501.0,10.0,0.0,1,500.0,501.0,10.0,0.0,1,500.0,503.0,10.0,0.0,1
2026-03-23 16:14:27,1804.85,500.0,484.0,20.0,0.0,1,500.0,501.0,20.0,0.0,1,500.0,502.0,10.0,0.0,1,500.0,501.0,10.0,0.0,1,500.0,501.0,10.0,0.0,1,500.0,503.0,10.0,0.0,1
2026-03-23 16:14:27,1805.58,500.0,533.0,20.0,0.20000000298023224,1,500.0,501.0,20.0,0.0,1,500.0,502.0,10.0,0.0,1,500.0,502.0,10.0,0.0,1,500.0,501.0,10.0,0.0,1,500.0,503.0,10.0,0.0,1
2026-03-23 16:14:28,1806.32,500.0,497.0,20.0,0.0,1,500.0,501.0,20.0,0.0,1,500.0,502.0,10.0,0.0,1,500.0,500.0,10.0,0.0,1,500.0,504.0,10.0,0.0,1,500.0,503.0,10.0,0.0,1
2026-03-23 16:14:29,1807.05,500.0,503.0,20.0,0.20000000298023224,1,500.0,501.0,20.0,0.0,1,500.0,502.0,10.0,0.0,1,500.0,501.0,10.0,0.0,1,500.0,501.0,10.0,0.0,1,500.0,503.0,10.0,0.0,1
2026-03-23 16:14:30,1807.77,500.0,506.0,20.0,0.0,1,500.0,501.0,20.0,0.0,1,500.0,502.0,10.0,0.0,1,500.0,501.0,10.0,0.0,1,500.0,502.0,10.0,0.0,1,500.0,503.0,10.0,0.0,1
2026-03-23 16:14:30,1808.51,500.0,506.0,20.0,0.0,1,500.0,501.0,20.0,0.0,1,500.0,501.0,10.0,0.0,1,500.0,501.0,10.0,0.0,1,500.0,500.0,10.0,0.0,1,500.0,502.0,10.0,0.0,1
2026-03-23 16:14:31,1809.24,500.0,536.0,20.0,0.10000000149011612,1,500.0,501.0,20.0,0.0,1,500.0,502.0,10.0,0.0,1,500.0,502.0,10.0,0.0,1,500.0,501.0,10.0,0.0,1,500.0,502.0,10.0,0.0,1
2026-03-23 16:14:32,1809.97,500.0,506.0,20.0,0.0,1,500.0,501.0,20.0,0.0,1,500.0,502.0,10.0,0.0,1,500.0,502.0,10.0,0.0,1,500.0,501.0,10.0,0.0,1,500.0,502.0,10.0,0.0,1
2026-03-23 16:14:33,1810.71,500.0,485.0,20.0,0.0,1,500.0,501.0,20.0,0.0,1,500.0,502.0,10.0,0.0,1,500.0,502.0,10.0,0.0,1,500.0,501.0,10.0,0.0,1,500.0,504.0,10.0,0.0,1
2026-03-23 16:14:33,1811.45,500.0,529.0,20.0,0.0,1,500.0,501.0,20.0,0.0,1,500.0,502.0,10.0,0.0,1,500.0,501.0,10.0,0.0,1,500.0,503.0,10.0,0.0,1,500.0,504.0,10.0,0.0,1
2026-03-23 16:14:34,1812.17,500.0,496.0,20.0,0.0,1,500.0,501.0,20.0,0.0,1,500.0,503.0,10.0,0.0,1,500.0,502.0,10.0,0.0,1,500.0,502.0,10.0,0.0,1,500.0,503.0,10.0,0.0,1
2026-03-23 16:14:35,1812.92,500.0,508.0,20.0,0.0,1,500.0,501.0,20.0,0.0,1,500.0,503.0,10.0,0.0,1,500.0,499.0,10.0,0.0,1,500.0,501.0,10.0,0.0,1,500.0,504.0,10.0,0.0,1
2026-03-23 16:14:35,1813.65,500.0,488.0,20.0,0.0,1,500.0,500.0,20.0,0.0,1,500.0,501.0,10.0,0.0,1,500.0,499.0,10.0,0.0,1,500.0,499.0,10.0,0.0,1,500.0,504.0,10.0,0.0,1
2026-03-23 16:14:36,1814.38,500.0,511.0,20.0,0.0,1,500.0,500.0,20.0,0.0,1,500.0,501.0,10.0,0.0,1,500.0,501.0,10.0,0.0,1,500.0,500.0,10.0,0.0,1,500.0,503.0,10.0,0.0,1
2026-03-23 16:14:37,1815.1,500.0,485.0,20.0,0.0,1,500.0,500.0,20.0,0.0,1,500.0,501.0,10.0,0.0,1,500.0,500.0,10.0,0.0,1,500.0,500.0,10.0,0.0,1,500.0,503.0,10.0,0.0,1
2026-03-23 16:14:38,1815.82,500.0,528.0,20.0,0.0,1,500.0,500.0,20.0,0.0,1,500.0,502.0,10.0,0.0,1,500.0,502.0,10.0,0.0,1,500.0,499.0,10.0,0.0,1,500.0,503.0,10.0,0.0,1
2026-03-23 16:14:38,1816.56,500.0,488.0,20.0,0.0,1,500.0,501.0,20.0,0.0,1,500.0,503.0,10.0,0.0,1,500.0,502.0,10.0,0.0,1,500.0,500.0,10.0,0.0,1,500.0,502.0,10.0,0.0,1
2026-03-23 16:14:39,1817.3,500.0,495.0,20.0,0.0,1,500.0,501.0,20.0,0.0,1,500.0,502.0,10.0,0.0,1,500.0,501.0,10.0,0.0,1,500.0,500.0,10.0,0.0,1,500.0,502.0,10.0,0.0,1
2026-03-23 16:14:40,1818.02,500.0,507.0,20.0,0.10000000149011612,1,500.0,501.0,20.0,0.0,1,500.0,502.0,10.0,0.0,1,500.0,501.0,10.0,0.0,1,500.0,501.0,10.0,0.0,1,500.0,502.0,10.0,0.0,1
2026-03-23 16:14:41,1818.75,500.0,523.0,20.0,0.10000000149011612,1,500.0,501.0,20.0,0.0,1,500.0,502.0,10.0,0.0,1,500.0,501.0,10.0,0.0,1,500.0,500.0,10.0,0.0,1,500.0,502.0,10.0,0.0,1
2026-03-23 16:14:41,1819.49,500.0,497.0,20.0,0.0,1,500.0,501.0,20.0,0.0,1,500.0,502.0,10.0,0.0,1,500.0,502.0,10.0,0.0,1,500.0,500.0,10.0,0.0,1,500.0,502.0,10.0,0.0,1
2026-03-23 16:14:42,1820.22,500.0,512.0,20.0,0.0,1,500.0,500.0,20.0,0.0,1,500.0,502.0,10.0,0.0,1,500.0,503.0,10.0,0.0,1,500.0,499.0,10.0,0.0,1,500.0,504.0,10.0,0.0,1
2026-03-23 16:14:43,1820.95,500.0,493.0,20.0,0.0,1,500.0,502.0,20.0,0.0,1,500.0,502.0,10.0,0.0,1,500.0,502.0,10.0,0.0,1,500.0,500.0,10.0,0.0,1,500.0,504.0,10.0,0.0,1
2026-03-23 16:14:43,1821.69,500.0,522.0,20.0,0.0,1,500.0,502.0,20.0,0.0,1,500.0,502.0,10.0,0.0,1,500.0,501.0,10.0,0.0,1,500.0,500.0,10.0,0.0,1,500.0,503.0,10.0,0.0,1
2026-03-23 16:14:44,1822.42,500.0,488.0,20.0,0.0,1,500.0,501.0,20.0,0.0,1,500.0,502.0,10.0,0.0,1,500.0,501.0,10.0,0.0,1,500.0,500.0,10.0,0.0,1,500.0,503.0,10.0,0.0,1
2026-03-23 16:14:45,1823.15,500.0,497.0,20.0,0.0,1,500.0,500.0,20.0,0.0,1,500.0,503.0,10.0,0.0,1,500.0,502.0,10.0,0.0,1,500.0,501.0,10.0,0.0,1,500.0,503.0,10.0,0.0,1
2026-03-23 16:14:46,1823.88,500.0,503.0,20.0,0.0,1,500.0,501.0,20.0,0.0,1,500.0,503.0,10.0,0.0,1,500.0,502.0,10.0,0.0,1,500.0,503.0,10.0,0.0,1,500.0,503.0,10.0,0.0,1
2026-03-23 16:14:46,1824.63,500.0,511.0,20.0,0.0,1,500.0,501.0,20.0,0.0,1,500.0,503.0,10.0,0.0,1,500.0,500.0,10.0,0.0,1,500.0,501.0,10.0,0.0,1,500.0,503.0,10.0,0.0,1
2026-03-23 16:14:47,1825.36,500.0,530.0,20.0,0.10000000149011612,1,500.0,501.0,20.0,0.0,1,500.0,503.0,10.0,0.0,1,500.0,500.0,10.0,0.0,1,500.0,500.0,10.0,0.0,1,500.0,503.0,10.0,0.0,1
2026-03-23 16:14:48,1826.08,500.0,503.0,20.0,0.0,1,500.0,501.0,20.0,0.0,1,500.0,503.0,10.0,0.0,1,500.0,500.0,10.0,0.0,1,500.0,499.0,10.0,0.0,1,500.0,503.0,10.0,0.0,1
2026-03-23 16:14:49,1826.82,500.0,529.0,20.0,0.0,1,500.0,501.0,20.0,0.0,1,500.0,501.0,10.0,0.0,1,500.0,500.0,10.0,0.0,1,500.0,502.0,10.0,0.0,1,500.0,503.0,10.0,0.0,1
2026-03-23 16:14:49,1827.53,500.0,483.0,20.0,0.0,1,500.0,501.0,20.0,0.0,1,500.0,501.0,10.0,0.0,1,500.0,500.0,10.0,0.0,1,500.0,502.0,10.0,0.0,1,500.0,503.0,10.0,0.0,1
2026-03-23 16:14:50,1828.26,500.0,504.0,20.0,0.0,1,500.0,501.0,20.0,0.0,1,500.0,504.0,10.0,0.0,1,500.0,501.0,10.0,0.0,1,500.0,499.0,10.0,0.0,1,500.0,504.0,10.0,0.0,1
2026-03-23 16:14:51,1828.98,500.0,502.0,20.0,0.0,1,500.0,501.0,20.0,0.0,1,500.0,502.0,10.0,0.0,1,500.0,502.0,10.0,0.0,1,500.0,500.0,10.0,0.0,1,500.0,504.0,10.0,0.0,1
2026-03-23 16:14:52,1829.72,500.0,503.0,20.0,0.0,1,500.0,501.0,20.0,0.0,1,500.0,502.0,10.0,0.0,1,500.0,503.0,10.0,0.0,1,500.0,500.0,10.0,0.0,1,500.0,503.0,10.0,0.0,1
2026-03-23 16:14:52,1830.45,500.0,507.0,20.0,0.0,1,500.0,502.0,20.0,0.0,1,500.0,501.0,10.0,0.0,1,500.0,503.0,10.0,0.0,1,500.0,501.0,10.0,0.0,1,500.0,502.0,10.0,0.0,1
2026-03-23 16:14:53,1831.2,500.0,504.0,20.0,0.0,1,500.0,502.0,20.0,0.0,1,500.0,502.0,10.0,0.0,1,500.0,502.0,10.0,0.0,1,500.0,501.0,10.0,0.0,1,500.0,503.0,10.0,0.0,1
2026-03-23 16:14:54,1831.92,500.0,509.0,20.0,0.0,1,500.0,502.0,20.0,0.0,1,500.0,502.0,10.0,0.0,1,500.0,502.0,10.0,0.0,1,500.0,501.0,10.0,0.0,1,500.0,502.0,10.0,0.0,1
2026-03-23 16:14:54,1832.65,500.0,499.0,20.0,0.0,1,500.0,501.0,20.0,0.0,1,500.0,502.0,10.0,0.0,1,500.0,501.0,10.0,0.0,1,500.0,502.0,10.0,0.0,1,500.0,504.0,10.0,0.0,1
2026-03-23 16:14:55,1833.37,500.0,517.0,20.0,0.10000000149011612,1,500.0,501.0,20.0,0.0,1,500.0,502.0,10.0,0.0,1,500.0,502.0,10.0,0.0,1,500.0,501.0,10.0,0.0,1,500.0,504.0,10.0,0.0,1
2026-03-23 16:14:56,1834.09,500.0,506.0,20.0,0.10000000149011612,1,500.0,500.0,20.0,0.0,1,500.0,502.0,10.0,0.0,1,500.0,500.0,10.0,0.0,1,500.0,500.0,10.0,0.0,1,500.0,503.0,10.0,0.0,1
2026-03-23 16:14:57,1834.82,500.0,510.0,20.0,0.10000000149011612,1,500.0,501.0,20.0,0.0,1,500.0,501.0,10.0,0.0,1,500.0,503.0,10.0,0.0,1,500.0,502.0,10.0,0.0,1,500.0,503.0,10.0,0.0,1
2026-03-23 16:14:57,1835.57,500.0,509.0,20.0,0.0,1,500.0,501.0,20.0,0.0,1,500.0,501.0,10.0,0.0,1,500.0,502.0,10.0,0.0,1,500.0,499.0,10.0,0.0,1,500.0,504.0,10.0,0.0,1
2026-03-23 16:14:58,1836.31,500.0,498.0,20.0,0.10000000149011612,1,500.0,501.0,20.0,0.0,1,500.0,501.0,10.0,0.0,1,500.0,502.0,10.0,0.0,1,500.0,499.0,10.0,0.0,1,500.0,504.0,10.0,0.0,1
2026-03-23 16:14:59,1837.03,500.0,492.0,20.0,0.0,1,500.0,501.0,20.0,0.0,1,500.0,502.0,10.0,0.0,1,500.0,502.0,10.0,0.0,1,500.0,499.0,10.0,0.0,1,500.0,503.0,10.0,0.0,1
2026-03-23 16:15:00,1837.77,500.0,525.0,20.0,0.0,1,500.0,501.0,20.0,0.0,1,500.0,502.0,10.0,0.0,1,500.0,502.0,10.0,0.0,1,500.0,500.0,10.0,0.0,1,500.0,503.0,10.0,0.0,1
2026-03-23 16:15:00,1838.5,500.0,497.0,20.0,0.0,1,500.0,501.0,20.0,0.0,1,500.0,502.0,10.0,0.0,1,500.0,501.0,10.0,0.0,1,500.0,500.0,10.0,0.0,1,500.0,503.0,10.0,0.0,1
2026-03-23 16:15:01,1839.22,500.0,526.0,20.0,0.0,1,500.0,501.0,20.0,0.0,1,500.0,501.0,10.0,0.0,1,500.0,500.0,10.0,0.0,1,500.0,500.0,10.0,0.0,1,500.0,503.0,10.0,0.0,1
2026-03-23 16:15:02,1839.94,500.0,501.0,20.0,0.0,1,500.0,502.0,20.0,0.0,1,500.0,501.0,10.0,0.0,1,500.0,500.0,10.0,0.0,1,500.0,503.0,10.0,0.0,1,500.0,503.0,10.0,0.0,1
2026-03-23 16:15:02,1840.67,500.0,490.0,20.0,0.0,1,500.0,500.0,20.0,0.0,1,500.0,503.0,10.0,0.0,1,500.0,501.0,10.0,0.0,1,500.0,502.0,10.0,0.0,1,500.0,504.0,10.0,0.0,1
2026-03-23 16:15:03,1841.41,500.0,516.0,20.0,0.0,1,500.0,501.0,20.0,0.0,1,500.0,502.0,10.0,0.0,1,500.0,503.0,10.0,0.0,1,500.0,500.0,10.0,0.0,1,500.0,503.0,10.0,0.0,1
2026-03-23 16:15:04,1842.13,500.0,493.0,20.0,0.0,1,500.0,499.0,20.0,0.0,1,500.0,502.0,10.0,0.0,1,500.0,502.0,10.0,0.0,1,500.0,500.0,10.0,0.0,1,500.0,503.0,10.0,0.0,1
2026-03-23 16:15:05,1842.86,500.0,520.0,20.0,0.0,1,500.0,502.0,20.0,0.0,1,500.0,502.0,10.0,0.0,1,500.0,502.0,10.0,0.0,1,500.0,500.0,10.0,0.0,1,500.0,503.0,10.0,0.0,1
2026-03-23 16:15:05,1843.59,500.0,493.0,20.0,0.0,1,500.0,502.0,20.0,0.0,1,500.0,502.0,10.0,0.0,1,500.0,502.0,10.0,0.0,1,500.0,501.0,10.0,0.0,1,500.0,503.0,10.0,0.0,1
2026-03-23 16:15:06,1844.34,500.0,523.0,20.0,0.30000001192092896,1,500.0,501.0,20.0,0.0,1,500.0,503.0,10.0,0.0,1,500.0,501.0,10.0,0.0,1,500.0,501.0,10.0,0.0,1,500.0,502.0,10.0,0.0,1
2026-03-23 16:15:07,1845.06,500.0,505.0,20.0,0.0,1,500.0,501.0,20.0,0.0,1,500.0,502.0,10.0,0.0,1,500.0,501.0,10.0,0.0,1,500.0,501.0,10.0,0.0,1,500.0,503.0,10.0,0.0,1
2026-03-23 16:15:08,1845.79,500.0,500.0,20.0,0.0,1,500.0,500.0,20.0,0.0,1,500.0,502.0,10.0,0.0,1,500.0,501.0,10.0,0.0,1,500.0,500.0,10.0,0.0,1,500.0,503.0,10.0,0.0,1
2026-03-23 16:15:08,1846.52,500.0,515.0,20.0,0.0,1,500.0,500.0,20.0,0.0,1,500.0,502.0,10.0,0.0,1,500.0,503.0,10.0,0.0,1,500.0,500.0,10.0,0.0,1,500.0,504.0,10.0,0.0,1
2026-03-23 16:15:09,1847.25,500.0,488.0,20.0,0.0,1,500.0,500.0,20.0,0.0,1,500.0,502.0,10.0,0.0,1,500.0,502.0,10.0,0.0,1,500.0,501.0,10.0,0.0,1,500.0,502.0,10.0,0.0,1
2026-03-23 16:15:10,1847.98,500.0,528.0,20.0,0.30000001192092896,1,500.0,501.0,20.0,0.0,1,500.0,502.0,10.0,0.0,1,500.0,502.0,10.0,0.0,1,500.0,501.0,10.0,0.0,1,500.0,503.0,10.0,0.0,1
2026-03-23 16:15:11,1848.7,500.0,508.0,20.0,0.30000001192092896,1,500.0,501.0,20.0,0.0,1,500.0,502.0,10.0,0.0,1,500.0,501.0,10.0,0.0,1,500.0,502.0,10.0,0.0,1,500.0,503.0,10.0,0.0,1
2026-03-23 16:15:11,1849.46,500.0,499.0,20.0,0.10000000149011612,1,500.0,500.0,20.0,0.0,1,500.0,502.0,10.0,0.0,1,500.0,501.0,10.0,0.0,1,500.0,502.0,10.0,0.0,1,500.0,503.0,10.0,0.0,1
2026-03-23 16:15:12,1850.19,500.0,480.0,20.0,0.0,1,500.0,500.0,20.0,0.0,1,500.0,501.0,10.0,0.0,1,500.0,500.0,10.0,0.0,1,500.0,502.0,10.0,0.0,1,500.0,504.0,10.0,0.0,1
2026-03-23 16:15:13,1850.94,500.0,508.0,20.0,0.0,1,500.0,500.0,20.0,0.0,1,500.0,502.0,10.0,0.0,1,500.0,500.0,10.0,0.0,1,500.0,501.0,10.0,0.0,1,500.0,504.0,10.0,0.0,1
2026-03-23 16:15:13,1851.67,500.0,513.0,20.0,0.0,1,500.0,501.0,20.0,0.0,1,500.0,502.0,10.0,0.0,1,500.0,500.0,10.0,0.0,1,500.0,501.0,10.0,0.0,1,500.0,504.0,10.0,0.0,1
2026-03-23 16:15:14,1852.4,500.0,487.0,20.0,0.0,1,500.0,500.0,20.0,0.0,1,500.0,501.0,10.0,0.0,1,500.0,502.0,10.0,0.0,1,500.0,501.0,10.0,0.0,1,500.0,503.0,10.0,0.0,1
2026-03-23 16:15:15,1853.13,500.0,500.0,20.0,0.0,1,500.0,500.0,20.0,0.0,1,500.0,501.0,10.0,0.0,1,500.0,502.0,10.0,0.0,1,500.0,502.0,10.0,0.0,1,500.0,503.0,10.0,0.0,1
2026-03-23 16:15:16,1853.87,500.0,496.0,20.0,0.0,1,500.0,501.0,20.0,0.0,1,500.0,502.0,10.0,0.0,1,500.0,502.0,10.0,0.0,1,500.0,500.0,10.0,0.0,1,500.0,502.0,10.0,0.0,1
2026-03-23 16:15:16,1854.63,500.0,513.0,20.0,0.0,1,500.0,501.0,20.0,0.0,1,500.0,502.0,10.0,0.0,1,500.0,502.0,10.0,0.0,1,500.0,500.0,10.0,0.0,1,500.0,504.0,10.0,0.0,1
2026-03-23 16:15:17,1855.38,500.0,492.0,20.0,0.0,1,500.0,501.0,20.0,0.0,1,500.0,502.0,10.0,0.0,1,500.0,501.0,10.0,0.0,1,500.0,502.0,10.0,0.0,1,500.0,503.0,10.0,0.0,1
2026-03-23 16:15:18,1856.1,500.0,500.0,20.0,0.0,1,500.0,501.0,20.0,0.0,1,500.0,502.0,10.0,0.0,1,500.0,501.0,10.0,0.0,1,500.0,502.0,10.0,0.0,1,500.0,503.0,10.0,0.0,1
2026-03-23 16:15:19,1856.84,500.0,509.0,20.0,0.20000000298023224,1,500.0,502.0,20.0,0.0,1,500.0,501.0,10.0,0.0,1,500.0,501.0,10.0,0.0,1,500.0,502.0,10.0,0.0,1,500.0,504.0,10.0,0.0,1
2026-03-23 16:15:19,1857.58,500.0,506.0,20.0,0.0,1,500.0,502.0,20.0,0.0,1,500.0,501.0,10.0,0.0,1,500.0,501.0,10.0,0.0,1,500.0,502.0,10.0,0.0,1,500.0,503.0,10.0,0.0,1
2026-03-23 16:15:20,1858.32,500.0,503.0,20.0,0.0,1,500.0,500.0,20.0,0.0,1,500.0,502.0,10.0,0.0,1,500.0,501.0,10.0,0.0,1,500.0,501.0,10.0,0.0,1,500.0,503.0,10.0,0.0,1
2026-03-23 16:15:21,1859.05,500.0,503.0,20.0,0.0,1,500.0,500.0,20.0,0.0,1,500.0,502.0,10.0,0.0,1,500.0,503.0,10.0,0.0,1,500.0,501.0,10.0,0.0,1,500.0,503.0,10.0,0.0,1
2026-03-23 16:15:22,1859.79,500.0,510.0,20.0,0.0,1,500.0,500.0,20.0,0.0,1,500.0,502.0,10.0,0.0,1,500.0,501.0,10.0,0.0,1,500.0,502.0,10.0,0.0,1,500.0,502.0,10.0,0.0,1
2026-03-23 16:15:22,1860.52,500.0,491.0,20.0,0.0,1,500.0,500.0,20.0,0.0,1,500.0,503.0,10.0,0.0,1,500.0,501.0,10.0,0.0,1,500.0,502.0,10.0,0.0,1,500.0,502.0,10.0,0.0,1
2026-03-23 16:15:23,1861.26,500.0,519.0,20.0,0.20000000298023224,1,500.0,501.0,20.0,0.0,1,500.0,502.0,10.0,0.0,1,500.0,501.0,10.0,0.0,1,500.0,499.0,10.0,0.0,1,500.0,502.0,10.0,0.0,1
2026-03-23 16:15:24,1861.98,500.0,498.0,20.0,0.0,1,500.0,501.0,20.0,0.0,1,500.0,502.0,10.0,0.0,1,500.0,501.0,10.0,0.0,1,500.0,500.0,10.0,0.0,1,500.0,504.0,10.0,0.0,1
2026-03-23 16:15:24,1862.7,500.0,510.0,20.0,0.0,1,500.0,502.0,20.0,0.0,1,500.0,502.0,10.0,0.0,1,500.0,502.0,10.0,0.0,1,500.0,502.0,10.0,0.0,1,500.0,502.0,10.0,0.0,1
2026-03-23 16:15:25,1863.44,500.0,502.0,20.0,0.0,1,500.0,500.0,20.0,0.0,1,500.0,502.0,10.0,0.0,1,500.0,501.0,10.0,0.0,1,500.0,502.0,10.0,0.0,1,500.0,502.0,10.0,0.0,1
2026-03-23 16:15:26,1864.17,500.0,492.0,20.0,0.0,1,500.0,501.0,20.0,0.0,1,500.0,502.0,10.0,0.0,1,500.0,502.0,10.0,0.0,1,500.0,502.0,10.0,0.0,1,500.0,503.0,10.0,0.0,1
2026-03-23 16:15:27,1864.91,500.0,516.0,20.0,0.0,1,500.0,501.0,20.0,0.0,1,500.0,502.0,10.0,0.0,1,500.0,501.0,10.0,0.0,1,500.0,501.0,10.0,0.0,1,500.0,503.0,10.0,0.0,1
2026-03-23 16:15:27,1865.62,500.0,513.0,20.0,0.10000000149011612,1,500.0,501.0,20.0,0.0,1,500.0,502.0,10.0,0.0,1,500.0,502.0,10.0,0.0,1,500.0,502.0,10.0,0.0,1,500.0,503.0,10.0,0.0,1
2026-03-23 16:15:28,1866.37,500.0,498.0,20.0,0.0,1,500.0,501.0,20.0,0.0,1,500.0,502.0,10.0,0.0,1,500.0,502.0,10.0,0.0,1,500.0,501.0,10.0,0.0,1,500.0,503.0,10.0,0.0,1
2026-03-23 16:15:29,1867.08,500.0,528.0,20.0,0.30000001192092896,1,500.0,501.0,20.0,0.0,1,500.0,502.0,10.0,0.0,1,500.0,502.0,10.0,0.0,1,500.0,501.0,10.0,0.0,1,500.0,503.0,10.0,0.0,1
2026-03-23 16:15:30,1867.82,500.0,477.0,20.0,0.0,1,500.0,501.0,20.0,0.0,1,500.0,503.0,10.0,0.0,1,500.0,501.0,10.0,0.0,1,500.0,501.0,10.0,0.0,1,500.0,504.0,10.0,0.0,1
2026-03-23 16:15:30,1868.54,500.0,526.0,20.0,0.30000001192092896,1,500.0,500.0,20.0,0.0,1,500.0,502.0,10.0,0.0,1,500.0,501.0,10.0,0.0,1,500.0,500.0,10.0,0.0,1,500.0,503.0,10.0,0.0,1
2026-03-23 16:15:31,1869.27,500.0,516.0,20.0,0.0,1,500.0,501.0,20.0,0.0,1,500.0,502.0,10.0,0.0,1,500.0,501.0,10.0,0.0,1,500.0,501.0,10.0,0.0,1,500.0,504.0,10.0,0.0,1
2026-03-23 16:15:32,1870.0,500.0,487.0,20.0,0.0,1,500.0,501.0,20.0,0.0,1,500.0,502.0,10.0,0.0,1,500.0,501.0,10.0,0.0,1,500.0,501.0,10.0,0.0,1,500.0,504.0,10.0,0.0,1
2026-03-23 16:15:33,1870.73,500.0,525.0,20.0,0.0,1,500.0,502.0,20.0,0.0,1,500.0,502.0,10.0,0.0,1,500.0,501.0,10.0,0.0,1,500.0,501.0,10.0,0.0,1,500.0,504.0,10.0,0.0,1
2026-03-23 16:15:33,1871.47,500.0,523.0,20.0,0.0,1,500.0,501.0,20.0,0.0,1,500.0,502.0,10.0,0.0,1,500.0,501.0,10.0,0.0,1,500.0,501.0,10.0,0.0,1,500.0,502.0,10.0,0.0,1
2026-03-23 16:15:34,1872.2,500.0,484.0,20.0,0.0,1,500.0,501.0,20.0,0.0,1,500.0,502.0,10.0,0.0,1,500.0,501.0,10.0,0.0,1,500.0,500.0,10.0,0.0,1,500.0,504.0,10.0,0.0,1
2026-03-23 16:15:35,1872.92,500.0,505.0,20.0,0.0,1,500.0,501.0,20.0,0.0,1,500.0,502.0,10.0,0.0,1,500.0,501.0,10.0,0.0,1,500.0,501.0,10.0,0.0,1,500.0,504.0,10.0,0.0,1
2026-03-23 16:15:35,1873.65,500.0,502.0,20.0,0.0,1,500.0,501.0,20.0,0.0,1,500.0,502.0,10.0,0.0,1,500.0,501.0,10.0,0.0,1,500.0,501.0,10.0,0.0,1,500.0,503.0,10.0,0.0,1
2026-03-23 16:15:36,1874.4,500.0,502.0,20.0,0.0,1,500.0,500.0,20.0,0.0,1,500.0,502.0,10.0,0.0,1,500.0,501.0,10.0,0.0,1,500.0,501.0,10.0,0.0,1,500.0,504.0,10.0,0.0,1
2026-03-23 16:15:37,1875.13,500.0,505.0,20.0,0.0,1,500.0,501.0,20.0,0.0,1,500.0,502.0,10.0,0.0,1,500.0,501.0,10.0,0.0,1,500.0,501.0,10.0,0.0,1,500.0,504.0,10.0,0.0,1
2026-03-23 16:15:38,1875.86,500.0,523.0,20.0,0.0,1,500.0,501.0,20.0,0.0,1,500.0,502.0,10.0,0.0,1,500.0,501.0,10.0,0.0,1,500.0,501.0,10.0,0.0,1,500.0,504.0,10.0,0.0,1
2026-03-23 16:15:38,1876.6,500.0,504.0,20.0,0.10000000149011612,1,500.0,501.0,20.0,0.0,1,500.0,502.0,10.0,0.0,1,500.0,500.0,10.0,0.0,1,500.0,503.0,10.0,0.0,1,500.0,504.0,10.0,0.0,1
2026-03-23 16:15:39,1877.35,500.0,491.0,20.0,0.0,1,500.0,501.0,20.0,0.0,1,500.0,503.0,10.0,0.0,1,500.0,501.0,10.0,0.0,1,500.0,502.0,10.0,0.0,1,500.0,504.0,10.0,0.0,1
2026-03-23 16:15:40,1878.07,500.0,503.0,20.0,0.0,1,500.0,501.0,20.0,0.0,1,500.0,502.0,10.0,0.0,1,500.0,501.0,10.0,0.0,1,500.0,502.0,10.0,0.0,1,500.0,504.0,10.0,0.0,1
2026-03-23 16:15:41,1878.8,500.0,504.0,20.0,0.0,1,500.0,501.0,20.0,0.0,1,500.0,501.0,10.0,0.0,1,500.0,501.0,10.0,0.0,1,500.0,502.0,10.0,0.0,1,500.0,504.0,10.0,0.0,1
2026-03-23 16:15:41,1879.52,500.0,495.0,20.0,0.0,1,500.0,501.0,20.0,0.0,1,500.0,501.0,10.0,0.0,1,500.0,502.0,10.0,0.0,1,500.0,502.0,10.0,0.0,1,500.0,503.0,10.0,0.0,1
2026-03-23 16:15:42,1880.27,600.0,524.0,20.0,0.20000000298023224,1,600.0,501.0,20.0,0.0,1,600.0,501.0,10.0,0.0,1,500.0,502.0,10.0,0.0,1,500.0,502.0,10.0,0.0,1,500.0,504.0,10.0,0.0,1
2026-03-23 16:15:43,1881.0,600.0,511.0,20.0,0.0,1,600.0,503.0,20.0,0.0,1,600.0,504.0,10.0,0.0,1,600.0,502.0,10.0,0.0,1,600.0,502.0,10.0,0.0,1,600.0,502.0,10.0,0.0,1
2026-03-23 16:15:44,1881.73,600.0,520.0,20.0,0.0,1,600.0,508.0,20.0,0.0,1,600.0,508.0,10.0,0.0,1,600.0,507.0,10.0,0.0,1,600.0,506.0,10.0,0.0,1,600.0,508.0,10.0,0.0,1
2026-03-23 16:15:44,1882.48,600.0,520.0,20.0,0.0,1,600.0,514.0,20.0,0.0,1,600.0,513.0,10.0,0.0,1,600.0,514.0,10.0,0.0,1,600.0,514.0,10.0,0.0,1,600.0,537.0,10.0,0.20000000298023224,1
2026-03-23 16:15:45,1883.24,600.0,533.0,20.0,0.30000001192092896,1,600.0,521.0,20.0,0.0,1,600.0,521.0,10.0,0.0,1,600.0,517.0,10.0,0.0,1,600.0,521.0,10.0,0.10000000149011612,1,600.0,501.0,10.0,0.0,1
2026-03-23 16:15:46,1883.98,600.0,513.0,20.0,0.0,1,600.0,527.0,20.0,0.0,1,600.0,528.0,10.0,0.0,1,600.0,526.0,10.0,0.0,1,600.0,524.0,10.0,0.0,1,600.0,525.0,10.0,0.0,1
2026-03-23 16:15:47,1884.71,600.0,550.0,20.0,0.0,1,600.0,531.0,20.0,0.0,1,600.0,533.0,10.0,0.0,1,600.0,531.0,10.0,0.0,1,600.0,532.0,10.0,0.0,1,600.0,532.0,10.0,0.0,1
2026-03-23 16:15:47,1885.46,600.0,548.0,20.0,0.10000000149011612,1,600.0,539.0,20.0,0.0,1,600.0,540.0,10.0,0.0,1,600.0,538.0,10.0,0.0,1,600.0,534.0,10.0,0.0,1,600.0,539.0,10.0,0.0,1
2026-03-23 16:15:48,1886.23,600.0,537.0,20.0,0.0,1,600.0,545.0,20.0,0.0,1,600.0,545.0,10.0,0.0,1,600.0,545.0,10.0,0.0,1,600.0,545.0,10.0,0.0,1,600.0,544.0,10.0,0.0,1
2026-03-23 16:15:49,1886.95,600.0,561.0,20.0,0.0,1,600.0,552.0,20.0,0.0,1,600.0,552.0,10.0,0.0,1,600.0,548.0,10.0,0.0,1,600.0,553.0,10.0,0.0,1,600.0,556.0,10.0,0.0,1
2026-03-23 16:15:49,1887.7,600.0,556.0,20.0,0.0,1,600.0,556.0,20.0,0.0,1,600.0,558.0,10.0,0.0,1,600.0,556.0,10.0,0.0,1,600.0,558.0,10.0,0.0,1,600.0,556.0,10.0,0.0,1
2026-03-23 16:15:50,1888.44,600.0,562.0,20.0,0.0,1,600.0,563.0,20.0,0.0,1,600.0,564.0,10.0,0.0,1,600.0,562.0,10.0,0.0,1,600.0,561.0,10.0,0.0,1,600.0,560.0,10.0,0.0,1
2026-03-23 16:15:51,1889.16,600.0,577.0,20.0,0.0,1,600.0,571.0,20.0,0.0,1,600.0,570.0,10.0,0.0,1,600.0,568.0,10.0,0.0,1,600.0,567.0,10.0,0.0,1,600.0,570.0,10.0,0.0,1
2026-03-23 16:15:52,1889.91,600.0,579.0,20.0,0.0,1,600.0,587.0,20.0,0.0,1,600.0,588.0,10.0,0.0,1,600.0,584.0,10.0,0.0,1,600.0,587.0,10.0,0.0,1,600.0,585.0,10.0,0.20000000298023224,1
2026-03-23 16:15:52,1890.63,600.0,601.0,20.0,0.0,1,600.0,594.0,20.0,0.0,1,600.0,594.0,10.0,0.0,1,600.0,591.0,10.0,0.0,1,600.0,595.0,10.0,0.0,1,600.0,597.0,10.0,0.10000000149011612,1
2026-03-23 16:15:53,1891.38,600.0,603.0,20.0,0.0,1,600.0,599.0,20.0,0.0,1,600.0,602.0,10.0,0.0,1,600.0,598.0,10.0,0.0,1,600.0,598.0,10.0,0.0,1,600.0,600.0,10.0,0.10000000149011612,1
2026-03-23 16:15:54,1892.12,600.0,614.0,20.0,0.0,1,600.0,600.0,20.0,0.0,1,600.0,602.0,10.0,0.0,1,600.0,602.0,10.0,0.0,1,600.0,598.0,10.0,0.0,1,600.0,598.0,10.0,0.0,1
2026-03-23 16:15:55,1892.85,600.0,623.0,20.0,0.0,1,600.0,600.0,20.0,0.0,1,600.0,601.0,10.0,0.0,1,600.0,600.0,10.0,0.0,1,600.0,602.0,10.0,0.0,1,600.0,634.0,10.0,0.10000000149011612,1
2026-03-23 16:15:55,1893.61,600.0,597.0,20.0,0.0,1,600.0,600.0,20.0,0.0,1,600.0,601.0,10.0,0.0,1,600.0,600.0,10.0,0.0,1,600.0,599.0,10.0,0.0,1,600.0,589.0,10.0,0.0,1
2026-03-23 16:15:56,1894.4,600.0,590.0,20.0,0.0,1,600.0,599.0,20.0,0.0,1,600.0,603.0,10.0,0.0,1,600.0,602.0,10.0,0.0,1,600.0,600.0,10.0,0.0,1,600.0,601.0,10.0,0.0,1
2026-03-23 16:15:57,1895.13,600.0,590.0,20.0,0.0,1,600.0,601.0,20.0,0.0,1,600.0,602.0,10.0,0.0,1,600.0,602.0,10.0,0.0,1,600.0,599.0,10.0,0.0,1,600.0,602.0,10.0,0.0,1
2026-03-23 16:15:58,1895.87,600.0,619.0,20.0,0.0,1,600.0,601.0,20.0,0.0,1,600.0,602.0,10.0,0.0,1,600.0,601.0,10.0,0.0,1,600.0,603.0,10.0,0.0,1,600.0,604.0,10.0,0.0,1
2026-03-23 16:15:58,1896.59,600.0,584.0,20.0,0.0,1,600.0,601.0,20.0,0.0,1,600.0,602.0,10.0,0.0,1,600.0,601.0,10.0,0.0,1,600.0,603.0,10.0,0.0,1,600.0,605.0,10.0,0.0,1
2026-03-23 16:15:59,1897.33,600.0,613.0,20.0,0.0,1,600.0,601.0,20.0,0.0,1,600.0,602.0,10.0,0.0,1,600.0,603.0,10.0,0.0,1,600.0,601.0,10.0,0.0,1,600.0,602.0,10.0,0.0,1
2026-03-23 16:16:00,1898.1,600.0,593.0,20.0,0.0,1,600.0,600.0,20.0,0.0,1,600.0,602.0,10.0,0.0,1,600.0,601.0,10.0,0.0,1,600.0,601.0,10.0,0.0,1,600.0,609.0,10.0,0.0,1
2026-03-23 16:16:01,1898.86,600.0,599.0,20.0,0.0,1,600.0,600.0,20.0,0.0,1,600.0,602.0,10.0,0.0,1,600.0,601.0,10.0,0.0,1,600.0,600.0,10.0,0.0,1,600.0,586.0,10.0,0.0,1
2026-03-23 16:16:01,1899.6,600.0,584.0,20.0,0.0,1,600.0,600.0,20.0,0.0,1,600.0,603.0,10.0,0.0,1,600.0,601.0,10.0,0.0,1,600.0,599.0,10.0,0.0,1,600.0,605.0,10.0,0.0,1
2026-03-23 16:16:02,1900.35,600.0,605.0,20.0,0.0,1,600.0,601.0,20.0,0.0,1,600.0,603.0,10.0,0.0,1,600.0,601.0,10.0,0.0,1,600.0,604.0,10.0,0.0,1,600.0,605.0,10.0,0.0,1
2026-03-23 16:16:03,1901.07,600.0,596.0,20.0,0.0,1,600.0,602.0,20.0,0.0,1,600.0,603.0,10.0,0.0,1,600.0,604.0,10.0,0.0,1,600.0,599.0,10.0,0.0,1,600.0,605.0,10.0,0.0,1
2026-03-23 16:16:04,1901.86,600.0,585.0,20.0,0.0,1,600.0,602.0,20.0,0.0,1,600.0,603.0,10.0,0.0,1,600.0,603.0,10.0,0.0,1,600.0,601.0,10.0,0.0,1,600.0,612.0,10.0,0.0,1
2026-03-23 16:16:04,1902.66,600.0,612.0,20.0,0.0,1,600.0,602.0,20.0,0.0,1,600.0,602.0,10.0,0.0,1,600.0,603.0,10.0,0.0,1,600.0,599.0,10.0,0.0,1,600.0,597.0,10.0,0.0,1
2026-03-23 16:16:05,1903.41,600.0,625.0,20.0,0.0,1,600.0,601.0,20.0,0.0,1,600.0,603.0,10.0,0.0,1,600.0,602.0,10.0,0.0,1,600.0,603.0,10.0,0.0,1,600.0,602.0,10.0,0.0,1
2026-03-23 16:16:06,1904.18,600.0,607.0,20.0,0.30000001192092896,1,600.0,601.0,20.0,0.0,1,600.0,603.0,10.0,0.0,1,600.0,599.0,10.0,0.0,1,600.0,600.0,10.0,0.0,1,600.0,617.0,10.0,0.0,1
2026-03-23 16:16:07,1904.92,600.0,598.0,20.0,0.10000000149011612,1,600.0,602.0,20.0,0.0,1,600.0,602.0,10.0,0.0,1,600.0,600.0,10.0,0.0,1,600.0,595.0,10.0,0.0,1,600.0,591.0,10.0,0.0,1
2026-03-23 16:16:07,1905.7,600.0,618.0,20.0,0.4000000059604645,1,600.0,601.0,20.0,0.0,1,600.0,603.0,10.0,0.0,1,600.0,603.0,10.0,0.0,1,600.0,601.0,10.0,0.0,1,600.0,602.0,10.0,0.0,1
2026-03-23 16:16:08,1906.44,600.0,580.0,20.0,0.10000000149011612,1,600.0,600.0,20.0,0.0,1,600.0,602.0,10.0,0.0,1,600.0,602.0,10.0,0.0,1,600.0,601.0,10.0,0.0,1,600.0,597.0,10.0,0.10000000149011612,1
2026-03-23 16:16:09,1907.19,600.0,599.0,20.0,0.0,1,600.0,600.0,20.0,0.0,1,600.0,601.0,10.0,0.0,1,600.0,602.0,10.0,0.0,1,600.0,601.0,10.0,0.0,1,600.0,615.0,10.0,0.0,1
2026-03-23 16:16:10,1907.95,600.0,605.0,20.0,0.0,1,600.0,600.0,20.0,0.0,1,600.0,602.0,10.0,0.0,1,600.0,601.0,10.0,0.0,1,600.0,601.0,10.0,0.0,1,600.0,595.0,10.0,0.0,1
2026-03-23 16:16:11,1908.73,600.0,602.0,20.0,0.0,1,600.0,601.0,20.0,0.0,1,600.0,602.0,10.0,0.0,1,600.0,602.0,10.0,0.0,1,600.0,599.0,10.0,0.0,1,600.0,601.0,10.0,0.0,1
2026-03-23 16:16:11,1909.45,600.0,614.0,20.0,0.10000000149011612,1,600.0,600.0,20.0,0.0,1,600.0,602.0,10.0,0.0,1,600.0,602.0,10.0,0.0,1,600.0,606.0,10.0,0.0,1,600.0,602.0,10.0,0.0,1
2026-03-23 16:16:12,1910.17,600.0,614.0,20.0,0.0,1,600.0,600.0,20.0,0.0,1,600.0,602.0,10.0,0.0,1,600.0,599.0,10.0,0.0,1,600.0,599.0,10.0,0.0,1,600.0,610.0,10.0,0.0,1
2026-03-23 16:16:13,1910.89,600.0,594.0,20.0,0.0,1,600.0,601.0,20.0,0.0,1,600.0,602.0,10.0,0.0,1,600.0,600.0,10.0,0.0,1,600.0,601.0,10.0,0.0,1,600.0,600.0,10.0,0.0,1
2026-03-23 16:16:13,1911.62,600.0,600.0,20.0,0.0,1,600.0,601.0,20.0,0.0,1,600.0,602.0,10.0,0.0,1,600.0,602.0,10.0,0.0,1,600.0,600.0,10.0,0.0,1,600.0,604.0,10.0,0.0,1
2026-03-23 16:16:14,1912.36,600.0,622.0,20.0,0.0,1,600.0,601.0,20.0,0.0,1,600.0,602.0,10.0,0.0,1,600.0,600.0,10.0,0.0,1,600.0,603.0,10.0,0.0,1,600.0,600.0,10.0,0.0,1
2026-03-23 16:16:15,1913.07,600.0,580.0,20.0,0.0,1,600.0,601.0,20.0,0.0,1,600.0,603.0,10.0,0.0,1,600.0,600.0,10.0,0.0,1,600.0,601.0,10.0,0.0,1,600.0,603.0,10.0,0.0,1
2026-03-23 16:16:16,1913.78,600.0,628.0,20.0,0.30000001192092896,1,600.0,602.0,20.0,0.0,1,600.0,602.0,10.0,0.0,1,600.0,601.0,10.0,0.0,1,600.0,601.0,10.0,0.0,1,600.0,603.0,10.0,0.0,1
2026-03-23 16:16:16,1914.49,600.0,605.0,20.0,0.0,1,600.0,601.0,20.0,0.0,1,600.0,602.0,10.0,0.0,1,600.0,602.0,10.0,0.0,1,600.0,601.0,10.0,0.0,1,600.0,607.0,10.0,0.0,1
2026-03-23 16:16:17,1915.19,600.0,599.0,20.0,0.0,1,600.0,601.0,20.0,0.0,1,600.0,602.0,10.0,0.0,1,600.0,601.0,10.0,0.0,1,600.0,602.0,10.0,0.0,1,600.0,605.0,10.0,0.0,1
2026-03-23 16:16:18,1915.9,600.0,587.0,20.0,0.0,1,600.0,601.0,20.0,0.0,1,600.0,602.0,10.0,0.0,1,600.0,600.0,10.0,0.0,1,600.0,594.0,10.0,0.0,1,600.0,599.0,10.0,0.0,1
2026-03-23 16:16:18,1916.61,600.0,612.0,20.0,0.0,1,600.0,600.0,20.0,0.0,1,600.0,602.0,10.0,0.0,1,600.0,602.0,10.0,0.0,1,600.0,600.0,10.0,0.0,1,600.0,604.0,10.0,0.0,1
2026-03-23 16:16:19,1917.33,600.0,618.0,20.0,0.30000001192092896,1,600.0,604.0,20.0,0.0,1,600.0,603.0,10.0,0.0,1,600.0,601.0,10.0,0.0,1,600.0,600.0,10.0,0.0,1,600.0,604.0,10.0,0.0,1
2026-03-23 16:16:20,1918.05,600.0,602.0,20.0,0.10000000149011612,1,600.0,600.0,20.0,0.0,1,600.0,603.0,10.0,0.0,1,600.0,603.0,10.0,0.0,1,600.0,603.0,10.0,0.0,1,600.0,606.0,10.0,0.0,1
2026-03-23 16:16:21,1918.77,600.0,592.0,20.0,0.10000000149011612,1,600.0,600.0,20.0,0.0,1,600.0,603.0,10.0,0.0,1,600.0,601.0,10.0,0.0,1,600.0,604.0,10.0,0.0,1,600.0,605.0,10.0,0.0,1
2026-03-23 16:16:21,1919.47,600.0,602.0,20.0,0.10000000149011612,1,600.0,601.0,20.0,0.0,1,600.0,603.0,10.0,0.0,1,600.0,603.0,10.0,0.0,1,600.0,600.0,10.0,0.0,1,600.0,603.0,10.0,0.0,1
2026-03-23 16:16:22,1920.19,600.0,603.0,20.0,0.0,1,600.0,601.0,20.0,0.0,1,600.0,603.0,10.0,0.0,1,600.0,603.0,10.0,0.0,1,600.0,601.0,10.0,0.0,1,600.0,604.0,10.0,0.0,1
2026-03-23 16:16:23,1920.9,600.0,598.0,20.0,0.0,1,600.0,601.0,20.0,0.0,1,600.0,602.0,10.0,0.0,1,600.0,601.0,10.0,0.0,1,600.0,604.0,10.0,0.0,1,600.0,604.0,10.0,0.0,1
2026-03-23 16:16:23,1921.62,600.0,610.0,20.0,0.0,1,600.0,601.0,20.0,0.0,1,600.0,603.0,10.0,0.0,1,600.0,601.0,10.0,0.0,1,600.0,604.0,10.0,0.0,1,600.0,603.0,10.0,0.10000000149011612,1
2026-03-23 16:16:24,1922.34,600.0,597.0,20.0,0.0,1,600.0,601.0,20.0,0.0,1,600.0,603.0,10.0,0.0,1,600.0,601.0,10.0,0.0,1,600.0,600.0,10.0,0.0,1,600.0,609.0,10.0,0.10000000149011612,1
2026-03-23 16:16:25,1923.05,600.0,612.0,20.0,0.10000000149011612,1,600.0,601.0,20.0,0.0,1,600.0,601.0,10.0,0.0,1,600.0,600.0,10.0,0.0,1,600.0,604.0,10.0,0.0,1,600.0,602.0,10.0,0.0,1
2026-03-23 16:16:26,1923.78,600.0,585.0,20.0,0.0,1,600.0,601.0,20.0,0.0,1,600.0,601.0,10.0,0.0,1,600.0,600.0,10.0,0.0,1,600.0,605.0,10.0,0.0,1,600.0,603.0,10.0,0.0,1
2026-03-23 16:16:26,1924.51,600.0,591.0,20.0,0.0,1,600.0,600.0,20.0,0.0,1,600.0,601.0,10.0,0.0,1,600.0,601.0,10.0,0.0,1,600.0,599.0,10.0,0.0,1,600.0,603.0,10.0,0.0,1
2026-03-23 16:16:27,1925.24,600.0,626.0,20.0,0.20000000298023224,1,600.0,600.0,20.0,0.0,1,600.0,601.0,10.0,0.0,1,600.0,601.0,10.0,0.0,1,600.0,599.0,10.0,0.0,1,600.0,604.0,10.0,0.0,1
2026-03-23 16:16:28,1925.96,600.0,583.0,20.0,0.0,1,600.0,600.0,20.0,0.0,1,600.0,601.0,10.0,0.0,1,600.0,600.0,10.0,0.0,1,600.0,602.0,10.0,0.0,1,600.0,602.0,10.0,0.0,1
2026-03-23 16:16:28,1926.7,600.0,613.0,20.0,0.0,1,600.0,602.0,20.0,0.0,1,600.0,602.0,10.0,0.0,1,600.0,602.0,10.0,0.0,1,600.0,599.0,10.0,0.0,1,600.0,602.0,10.0,0.0,1
2026-03-23 16:16:29,1927.42,600.0,622.0,20.0,0.0,1,600.0,599.0,20.0,0.0,1,600.0,602.0,10.0,0.0,1,600.0,602.0,10.0,0.0,1,600.0,599.0,10.0,0.0,1,600.0,603.0,10.0,0.0,1
2026-03-23 16:16:30,1928.16,600.0,588.0,20.0,0.0,1,600.0,600.0,20.0,0.0,1,600.0,602.0,10.0,0.0,1,600.0,602.0,10.0,0.0,1,600.0,605.0,10.0,0.0,1,600.0,603.0,10.0,0.0,1
2026-03-23 16:16:31,1928.95,600.0,599.0,20.0,0.0,1,600.0,601.0,20.0,0.0,1,600.0,602.0,10.0,0.0,1,600.0,602.0,10.0,0.0,1,600.0,600.0,10.0,0.0,1,600.0,604.0,10.0,0.0,1
2026-03-23 16:16:31,1929.69,600.0,604.0,20.0,0.10000000149011612,1,600.0,601.0,20.0,0.0,1,600.0,602.0,10.0,0.0,1,600.0,602.0,10.0,0.0,1,600.0,602.0,10.0,0.0,1,600.0,603.0,10.0,0.0,1
2026-03-23 16:16:32,1930.42,600.0,592.0,20.0,0.0,1,600.0,602.0,20.0,0.0,1,600.0,603.0,10.0,0.0,1,600.0,601.0,10.0,0.0,1,600.0,604.0,10.0,0.0,1,600.0,603.0,10.0,0.0,1
2026-03-23 16:16:33,1931.16,600.0,584.0,20.0,0.0,1,600.0,602.0,20.0,0.0,1,600.0,602.0,10.0,0.0,1,600.0,601.0,10.0,0.0,1,600.0,600.0,10.0,0.0,1,600.0,602.0,10.0,0.0,1
2026-03-23 16:16:34,1931.88,600.0,618.0,20.0,0.20000000298023224,1,600.0,599.0,20.0,0.0,1,600.0,602.0,10.0,0.0,1,600.0,600.0,10.0,0.0,1,600.0,598.0,10.0,0.0,1,600.0,603.0,10.0,0.0,1
2026-03-23 16:16:34,1932.59,600.0,577.0,20.0,0.0,1,600.0,600.0,20.0,0.0,1,600.0,600.0,10.0,0.0,1,600.0,602.0,10.0,0.0,1,600.0,605.0,10.0,0.0,1,600.0,603.0,10.0,0.0,1
2026-03-23 16:16:35,1933.3,600.0,614.0,20.0,0.0,1,600.0,599.0,20.0,0.0,1,600.0,601.0,10.0,0.0,1,600.0,602.0,10.0,0.0,1,600.0,603.0,10.0,0.0,1,600.0,606.0,10.0,0.0,1
2026-03-23 16:16:36,1934.02,600.0,601.0,20.0,0.0,1,600.0,601.0,20.0,0.0,1,600.0,601.0,10.0,0.0,1,600.0,602.0,10.0,0.0,1,600.0,600.0,10.0,0.0,1,600.0,604.0,10.0,0.0,1
2026-03-23 16:16:37,1934.72,600.0,618.0,20.0,0.10000000149011612,1,600.0,601.0,20.0,0.0,1,600.0,603.0,10.0,0.0,1,600.0,600.0,10.0,0.0,1,600.0,600.0,10.0,0.0,1,600.0,602.0,10.0,0.0,1
2026-03-23 16:16:37,1935.43,600.0,610.0,20.0,0.0,1,600.0,600.0,20.0,0.0,1,600.0,602.0,10.0,0.0,1,600.0,601.0,10.0,0.0,1,600.0,603.0,10.0,0.0,1,600.0,627.0,10.0,0.10000000149011612,1
2026-03-23 16:16:38,1936.15,600.0,592.0,20.0,0.0,1,600.0,600.0,20.0,0.0,1,600.0,602.0,10.0,0.0,1,600.0,601.0,10.0,0.0,1,600.0,601.0,10.0,0.0,1,600.0,607.0,10.0,0.0,1
2026-03-23 16:16:39,1936.87,600.0,599.0,20.0,0.0,1,600.0,600.0,20.0,0.0,1,600.0,602.0,10.0,0.0,1,600.0,601.0,10.0,0.0,1,600.0,601.0,10.0,0.0,1,600.0,583.0,10.0,0.0,1
2026-03-23 16:16:39,1937.59,600.0,619.0,20.0,0.30000001192092896,1,600.0,601.0,20.0,0.0,1,600.0,603.0,10.0,0.0,1,600.0,601.0,10.0,0.0,1,600.0,601.0,10.0,0.0,1,600.0,604.0,10.0,0.0,1
2026-03-23 16:16:40,1938.31,600.0,605.0,20.0,0.0,1,600.0,600.0,20.0,0.0,1,600.0,603.0,10.0,0.0,1,600.0,602.0,10.0,0.0,1,600.0,601.0,10.0,0.0,1,600.0,606.0,10.0,0.0,1
2026-03-23 16:16:41,1939.02,600.0,582.0,20.0,0.0,1,600.0,601.0,20.0,0.0,1,600.0,603.0,10.0,0.0,1,600.0,602.0,10.0,0.0,1,600.0,600.0,10.0,0.0,1,600.0,604.0,10.0,0.0,1
2026-03-23 16:16:42,1939.74,600.0,615.0,20.0,0.0,1,600.0,601.0,20.0,0.0,1,600.0,602.0,10.0,0.0,1,600.0,602.0,10.0,0.0,1,600.0,596.0,10.0,0.0,1,600.0,610.0,10.0,0.10000000149011612,1
2026-03-23 16:16:42,1940.47,600.0,627.0,20.0,0.0,1,600.0,601.0,20.0,0.0,1,600.0,602.0,10.0,0.0,1,600.0,600.0,10.0,0.0,1,600.0,601.0,10.0,0.0,1,600.0,606.0,10.0,0.10000000149011612,1
2026-03-23 16:16:43,1941.17,600.0,611.0,20.0,0.0,1,600.0,601.0,20.0,0.0,1,600.0,602.0,10.0,0.0,1,600.0,600.0,10.0,0.0,1,600.0,601.0,10.0,0.0,1,600.0,598.0,10.0,0.0,1
2026-03-23 16:16:44,1941.89,600.0,584.0,20.0,0.0,1,600.0,601.0,20.0,0.0,1,600.0,602.0,10.0,0.0,1,600.0,602.0,10.0,0.0,1,600.0,606.0,10.0,0.0,1,600.0,603.0,10.0,0.0,1
2026-03-23 16:16:44,1942.62,600.0,600.0,20.0,0.0,1,600.0,601.0,20.0,0.0,1,600.0,603.0,10.0,0.0,1,600.0,602.0,10.0,0.0,1,600.0,599.0,10.0,0.0,1,600.0,622.0,10.0,0.30000001192092896,1
2026-03-23 16:16:45,1943.35,600.0,618.0,20.0,0.0,1,600.0,600.0,20.0,0.0,1,600.0,602.0,10.0,0.0,1,600.0,603.0,10.0,0.0,1,600.0,599.0,10.0,0.0,1,600.0,586.0,10.0,0.0,1
2026-03-23 16:16:46,1944.06,600.0,591.0,20.0,0.0,1,600.0,600.0,20.0,0.0,1,600.0,602.0,10.0,0.0,1,600.0,602.0,10.0,0.0,1,600.0,600.0,10.0,0.0,1,600.0,605.0,10.0,0.10000000149011612,1
2026-03-23 16:16:47,1944.76,600.0,622.0,20.0,0.5,1,600.0,601.0,20.0,0.0,1,600.0,602.0,10.0,0.0,1,600.0,602.0,10.0,0.0,1,600.0,603.0,10.0,0.0,1,600.0,592.0,10.0,0.0,1
2026-03-23 16:16:47,1945.49,600.0,610.0,20.0,0.0,1,600.0,601.0,20.0,0.0,1,600.0,602.0,10.0,0.0,1,600.0,602.0,10.0,0.0,1,600.0,600.0,10.0,0.0,1,600.0,603.0,10.0,0.0,1
2026-03-23 16:16:48,1946.21,600.0,604.0,20.0,0.20000000298023224,1,600.0,602.0,20.0,0.0,1,600.0,603.0,10.0,0.0,1,600.0,602.0,10.0,0.0,1,600.0,601.0,10.0,0.0,1,600.0,613.0,10.0,0.0,1
2026-03-23 16:16:49,1946.92,600.0,580.0,20.0,0.0,1,600.0,600.0,20.0,0.0,1,600.0,602.0,10.0,0.0,1,600.0,602.0,10.0,0.0,1,600.0,601.0,10.0,0.0,1,600.0,602.0,10.0,0.0,1
2026-03-23 16:16:49,1947.63,600.0,640.0,20.0,0.4000000059604645,1,600.0,601.0,20.0,0.0,1,600.0,602.0,10.0,0.0,1,600.0,602.0,10.0,0.0,1,600.0,601.0,10.0,0.0,1,600.0,602.0,10.0,0.0,1
2026-03-23 16:16:50,1948.33,600.0,587.0,20.0,0.0,1,600.0,601.0,20.0,0.0,1,600.0,602.0,10.0,0.0,1,600.0,600.0,10.0,0.0,1,600.0,597.0,10.0,0.0,1,600.0,604.0,10.0,0.0,1
2026-03-23 16:16:51,1949.04,600.0,595.0,20.0,0.0,1,600.0,600.0,20.0,0.0,1,600.0,602.0,10.0,0.0,1,600.0,601.0,10.0,0.0,1,600.0,600.0,10.0,0.0,1,600.0,602.0,10.0,0.0,1
2026-03-23 16:16:52,1949.76,600.0,579.0,20.0,0.0,1,600.0,601.0,20.0,0.0,1,600.0,601.0,10.0,0.0,1,600.0,602.0,10.0,0.0,1,600.0,599.0,10.0,0.0,1,600.0,602.0,10.0,0.0,1
2026-03-23 16:16:52,1950.49,600.0,620.0,20.0,0.0,1,600.0,599.0,20.0,0.0,1,600.0,601.0,10.0,0.0,1,600.0,600.0,10.0,0.0,1,600.0,599.0,10.0,0.0,1,600.0,602.0,10.0,0.0,1
2026-03-23 16:16:53,1951.2,600.0,605.0,20.0,0.0,1,600.0,601.0,20.0,0.0,1,600.0,602.0,10.0,0.0,1,600.0,601.0,10.0,0.0,1,600.0,600.0,10.0,0.0,1,600.0,602.0,10.0,0.0,1
2026-03-23 16:16:54,1951.92,600.0,600.0,20.0,0.0,1,600.0,601.0,20.0,0.0,1,600.0,602.0,10.0,0.0,1,600.0,601.0,10.0,0.0,1,600.0,599.0,10.0,0.0,1,600.0,602.0,10.0,0.0,1
2026-03-23 16:16:54,1952.63,600.0,609.0,20.0,0.0,1,600.0,601.0,20.0,0.0,1,600.0,602.0,10.0,0.0,1,600.0,601.0,10.0,0.0,1,600.0,601.0,10.0,0.0,1,600.0,602.0,10.0,0.0,1
2026-03-23 16:16:55,1953.36,600.0,610.0,20.0,0.0,1,600.0,601.0,20.0,0.0,1,600.0,602.0,10.0,0.0,1,600.0,602.0,10.0,0.0,1,600.0,601.0,10.0,0.0,1,600.0,603.0,10.0,0.0,1
2026-03-23 16:16:56,1954.1,600.0,606.0,20.0,0.0,1,600.0,601.0,20.0,0.0,1,600.0,603.0,10.0,0.0,1,600.0,602.0,10.0,0.0,1,600.0,601.0,10.0,0.0,1,600.0,610.0,10.0,0.10000000149011612,1
2026-03-23 16:16:57,1954.83,600.0,587.0,20.0,0.0,1,600.0,601.0,20.0,0.0,1,600.0,603.0,10.0,0.0,1,600.0,602.0,10.0,0.0,1,600.0,602.0,10.0,0.0,1,600.0,593.0,10.0,0.0,1
2026-03-23 16:16:57,1955.59,600.0,604.0,20.0,0.0,1,600.0,601.0,20.0,0.0,1,600.0,601.0,10.0,0.0,1,600.0,601.0,10.0,0.0,1,600.0,597.0,10.0,0.0,1,600.0,602.0,10.0,0.0,1
2026-03-23 16:16:58,1956.31,600.0,588.0,20.0,0.0,1,600.0,601.0,20.0,0.0,1,600.0,601.0,10.0,0.0,1,600.0,601.0,10.0,0.0,1,600.0,600.0,10.0,0.0,1,600.0,617.0,10.0,0.0,1
2026-03-23 16:16:59,1957.01,600.0,609.0,20.0,0.10000000149011612,1,600.0,601.0,20.0,0.0,1,600.0,602.0,10.0,0.0,1,600.0,601.0,10.0,0.0,1,600.0,603.0,10.0,0.0,1,600.0,605.0,10.0,0.0,1
2026-03-23 16:17:00,1957.72,600.0,583.0,20.0,0.0,1,600.0,601.0,20.0,0.0,1,600.0,602.0,10.0,0.0,1,600.0,601.0,10.0,0.0,1,600.0,600.0,10.0,0.0,1,600.0,588.0,10.0,0.0,1
2026-03-23 16:17:00,1958.42,600.0,593.0,20.0,0.0,1,600.0,601.0,20.0,0.0,1,600.0,604.0,10.0,0.0,1,600.0,603.0,10.0,0.0,1,600.0,598.0,10.0,0.0,1,600.0,602.0,10.0,0.0,1
2026-03-23 16:17:01,1959.13,600.0,605.0,20.0,0.0,1,600.0,601.0,20.0,0.0,1,600.0,601.0,10.0,0.0,1,600.0,599.0,10.0,0.0,1,600.0,601.0,10.0,0.0,1,600.0,603.0,10.0,0.0,1
2026-03-23 16:17:02,1959.83,600.0,601.0,20.0,0.0,1,600.0,605.0,20.0,0.0,1,600.0,603.0,10.0,0.0,1,600.0,601.0,10.0,0.0,1,600.0,601.0,10.0,0.0,1,600.0,603.0,10.0,0.0,1
2026-03-23 16:17:02,1960.54,600.0,605.0,20.0,0.10000000149011612,1,600.0,599.0,20.0,0.0,1,600.0,603.0,10.0,0.0,1,600.0,601.0,10.0,0.0,1,600.0,606.0,10.0,0.0,1,600.0,602.0,10.0,0.0,1
2026-03-23 16:17:03,1961.26,600.0,613.0,20.0,0.0,1,600.0,600.0,20.0,0.0,1,600.0,603.0,10.0,0.0,1,600.0,601.0,10.0,0.0,1,600.0,601.0,10.0,0.0,1,600.0,602.0,10.0,0.0,1
2026-03-23 16:17:04,1961.97,600.0,583.0,20.0,0.0,1,600.0,601.0,20.0,0.0,1,600.0,603.0,10.0,0.0,1,600.0,601.0,10.0,0.0,1,600.0,601.0,10.0,0.0,1,600.0,602.0,10.0,0.0,1
2026-03-23 16:17:04,1962.69,600.0,622.0,20.0,0.0,1,600.0,601.0,20.0,0.0,1,600.0,603.0,10.0,0.0,1,600.0,601.0,10.0,0.0,1,600.0,601.0,10.0,0.0,1,600.0,603.0,10.0,0.0,1
2026-03-23 16:17:05,1963.42,600.0,603.0,20.0,0.0,1,600.0,601.0,20.0,0.0,1,600.0,602.0,10.0,0.0,1,600.0,601.0,10.0,0.0,1,600.0,602.0,10.0,0.0,1,600.0,603.0,10.0,0.0,1
2026-03-23 16:17:06,1964.15,600.0,585.0,20.0,0.0,1,600.0,600.0,20.0,0.0,1,600.0,603.0,10.0,0.0,1,600.0,599.0,10.0,0.0,1,600.0,602.0,10.0,0.0,1,600.0,603.0,10.0,0.0,1
2026-03-23 16:17:07,1964.88,600.0,631.0,20.0,0.0,1,600.0,601.0,20.0,0.0,1,600.0,602.0,10.0,0.0,1,600.0,602.0,10.0,0.0,1,600.0,603.0,10.0,0.0,1,600.0,603.0,10.0,0.0,1
2026-03-23 16:17:07,1965.59,600.0,585.0,20.0,0.0,1,600.0,602.0,20.0,0.0,1,600.0,602.0,10.0,0.0,1,600.0,600.0,10.0,0.0,1,600.0,598.0,10.0,0.0,1,600.0,601.0,10.0,0.0,1
2026-03-23 16:17:08,1966.33,600.0,594.0,20.0,0.0,1,600.0,602.0,20.0,0.0,1,600.0,602.0,10.0,0.0,1,600.0,600.0,10.0,0.0,1,600.0,599.0,10.0,0.0,1,600.0,603.0,10.0,0.0,1
2026-03-23 16:17:09,1967.04,600.0,624.0,20.0,0.5,1,600.0,601.0,20.0,0.0,1,600.0,602.0,10.0,0.0,1,600.0,601.0,10.0,0.0,1,600.0,600.0,10.0,0.0,1,600.0,611.0,10.0,0.10000000149011612,1
2026-03-23 16:17:10,1967.76,600.0,619.0,20.0,0.0,1,600.0,601.0,20.0,0.0,1,600.0,603.0,10.0,0.0,1,600.0,601.0,10.0,0.0,1,600.0,598.0,10.0,0.0,1,600.0,592.0,10.0,0.0,1
2026-03-23 16:17:10,1968.47,600.0,592.0,20.0,0.0,1,600.0,601.0,20.0,0.0,1,600.0,603.0,10.0,0.0,1,600.0,601.0,10.0,0.0,1,600.0,599.0,10.0,0.0,1,600.0,601.0,10.0,0.0,1
2026-03-23 16:17:11,1969.19,600.0,606.0,20.0,0.10000000149011612,1,600.0,602.0,20.0,0.0,1,600.0,603.0,10.0,0.0,1,600.0,602.0,10.0,0.0,1,600.0,601.0,10.0,0.0,1,600.0,603.0,10.0,0.0,1
2026-03-23 16:17:12,1969.9,600.0,596.0,20.0,0.0,1,600.0,598.0,20.0,0.0,1,600.0,603.0,10.0,0.0,1,600.0,599.0,10.0,0.0,1,600.0,601.0,10.0,0.0,1,600.0,603.0,10.0,0.0,1
2026-03-23 16:17:12,1970.63,600.0,609.0,20.0,0.0,1,600.0,601.0,20.0,0.0,1,600.0,602.0,10.0,0.0,1,600.0,600.0,10.0,0.0,1,600.0,603.0,10.0,0.0,1,600.0,603.0,10.0,0.0,1
2026-03-23 16:17:13,1971.35,600.0,592.0,20.0,0.0,1,600.0,601.0,20.0,0.0,1,600.0,602.0,10.0,0.0,1,600.0,601.0,10.0,0.0,1,600.0,603.0,10.0,0.0,1,600.0,603.0,10.0,0.0,1
2026-03-23 16:17:14,1972.06,600.0,632.0,20.0,0.0,1,600.0,602.0,20.0,0.0,1,600.0,601.0,10.0,0.0,1,600.0,600.0,10.0,0.0,1,600.0,601.0,10.0,0.0,1,600.0,602.0,10.0,0.0,1
2026-03-23 16:17:15,1972.78,600.0,600.0,20.0,0.0,1,600.0,602.0,20.0,0.0,1,600.0,603.0,10.0,0.0,1,600.0,600.0,10.0,0.0,1,600.0,604.0,10.0,0.0,1,600.0,618.0,10.0,0.10000000149011612,1
2026-03-23 16:17:15,1973.5,600.0,608.0,20.0,0.0,1,600.0,600.0,20.0,0.0,1,600.0,603.0,10.0,0.0,1,600.0,600.0,10.0,0.0,1,600.0,598.0,10.0,0.0,1,600.0,594.0,10.0,0.0,1
2026-03-23 16:17:16,1974.22,600.0,593.0,20.0,0.0,1,600.0,602.0,20.0,0.0,1,600.0,603.0,10.0,0.0,1,600.0,600.0,10.0,0.0,1,600.0,597.0,10.0,0.0,1,600.0,607.0,10.0,0.0,1
2026-03-23 16:17:17,1974.93,600.0,602.0,20.0,0.0,1,600.0,600.0,20.0,0.0,1,600.0,602.0,10.0,0.0,1,600.0,599.0,10.0,0.0,1,600.0,602.0,10.0,0.0,1,600.0,611.0,10.0,0.20000000298023224,1
2026-03-23 16:17:17,1975.64,600.0,610.0,20.0,0.0,1,600.0,600.0,20.0,0.0,1,600.0,602.0,10.0,0.0,1,600.0,600.0,10.0,0.0,1,600.0,599.0,10.0,0.0,1,600.0,607.0,10.0,0.20000000298023224,1
2026-03-23 16:17:18,1976.35,600.0,600.0,20.0,0.0,1,600.0,600.0,20.0,0.0,1,600.0,603.0,10.0,0.0,1,600.0,598.0,10.0,0.0,1,600.0,599.0,10.0,0.0,1,600.0,604.0,10.0,0.0,1
2026-03-23 16:17:19,1977.06,600.0,614.0,20.0,0.0,1,600.0,601.0,20.0,0.0,1,600.0,602.0,10.0,0.0,1,600.0,600.0,10.0,0.0,1,600.0,604.0,10.0,0.0,1,600.0,604.0,10.0,0.0,1
2026-03-23 16:17:20,1977.78,600.0,602.0,20.0,0.0,1,600.0,600.0,20.0,0.0,1,600.0,602.0,10.0,0.0,1,600.0,599.0,10.0,0.0,1,600.0,601.0,10.0,0.0,1,600.0,611.0,10.0,0.10000000149011612,1
2026-03-23 16:17:20,1978.5,600.0,609.0,20.0,0.10000000149011612,1,600.0,600.0,20.0,0.0,1,600.0,600.0,10.0,0.0,1,600.0,601.0,10.0,0.0,1,600.0,600.0,10.0,0.0,1,600.0,597.0,10.0,0.10000000149011612,1
2026-03-23 16:17:21,1979.2,600.0,609.0,20.0,0.20000000298023224,1,600.0,603.0,20.0,0.0,1,600.0,602.0,10.0,0.0,1,600.0,604.0,10.0,0.0,1,600.0,600.0,10.0,0.0,1,600.0,603.0,10.0,0.0,1
2026-03-23 16:17:22,1979.93,600.0,583.0,20.0,0.0,1,600.0,602.0,20.0,0.0,1,600.0,602.0,10.0,0.0,1,600.0,602.0,10.0,0.0,1,600.0,600.0,10.0,0.0,1,600.0,605.0,10.0,0.0,1
2026-03-23 16:17:23,1980.7,600.0,617.0,20.0,0.0,1,600.0,600.0,20.0,0.0,1,600.0,602.0,10.0,0.0,1,600.0,601.0,10.0,0.0,1,600.0,602.0,10.0,0.0,1,600.0,604.0,10.0,0.0,1
2026-03-23 16:17:23,1981.44,600.0,600.0,20.0,0.0,1,600.0,600.0,20.0,0.0,1,600.0,602.0,10.0,0.0,1,600.0,602.0,10.0,0.0,1,600.0,603.0,10.0,0.0,1,600.0,604.0,10.0,0.0,1
2026-03-23 16:17:24,1982.17,600.0,611.0,20.0,0.0,1,600.0,600.0,20.0,0.0,1,600.0,603.0,10.0,0.0,1,600.0,602.0,10.0,0.0,1,600.0,601.0,10.0,0.0,1,600.0,602.0,10.0,0.0,1
2026-03-23 16:17:25,1982.91,600.0,604.0,20.0,0.10000000149011612,1,600.0,600.0,20.0,0.0,1,600.0,603.0,10.0,0.0,1,600.0,602.0,10.0,0.0,1,600.0,599.0,10.0,0.0,1,600.0,604.0,10.0,0.0,1
2026-03-23 16:17:25,1983.64,600.0,601.0,20.0,0.0,1,600.0,601.0,20.0,0.0,1,600.0,603.0,10.0,0.0,1,600.0,604.0,10.0,0.0,1,600.0,602.0,10.0,0.0,1,600.0,604.0,10.0,0.0,1
2026-03-23 16:17:26,1984.39,600.0,591.0,20.0,0.0,1,600.0,600.0,20.0,0.0,1,600.0,603.0,10.0,0.0,1,600.0,601.0,10.0,0.0,1,600.0,601.0,10.0,0.0,1,600.0,621.0,10.0,0.0,1
2026-03-23 16:17:27,1985.12,600.0,602.0,20.0,0.0,1,600.0,602.0,20.0,0.0,1,600.0,603.0,10.0,0.0,1,600.0,601.0,10.0,0.0,1,600.0,601.0,10.0,0.0,1,600.0,587.0,10.0,0.0,1
2026-03-23 16:17:28,1985.87,600.0,613.0,20.0,0.0,1,600.0,600.0,20.0,0.0,1,600.0,602.0,10.0,0.0,1,600.0,601.0,10.0,0.0,1,600.0,600.0,10.0,0.0,1,600.0,602.0,10.0,0.0,1
2026-03-23 16:17:28,1986.66,600.0,608.0,20.0,0.0,1,600.0,600.0,20.0,0.0,1,600.0,603.0,10.0,0.0,1,600.0,601.0,10.0,0.0,1,600.0,601.0,10.0,0.0,1,600.0,602.0,10.0,0.0,1
2026-03-23 16:17:29,1987.42,600.0,595.0,20.0,0.0,1,600.0,601.0,20.0,0.0,1,600.0,602.0,10.0,0.0,1,600.0,601.0,10.0,0.0,1,600.0,601.0,10.0,0.0,1,600.0,604.0,10.0,0.0,1
2026-03-23 16:17:30,1988.15,600.0,602.0,20.0,0.0,1,600.0,600.0,20.0,0.0,1,600.0,602.0,10.0,0.0,1,600.0,601.0,10.0,0.0,1,600.0,605.0,10.0,0.0,1,600.0,603.0,10.0,0.0,1
2026-03-23 16:17:31,1988.87,600.0,608.0,20.0,0.0,1,600.0,600.0,20.0,0.0,1,600.0,602.0,10.0,0.0,1,600.0,601.0,10.0,0.0,1,600.0,600.0,10.0,0.0,1,600.0,603.0,10.0,0.0,1
2026-03-23 16:17:31,1989.6,600.0,617.0,20.0,0.0,1,600.0,602.0,20.0,0.0,1,600.0,602.0,10.0,0.0,1,600.0,604.0,10.0,0.0,1,600.0,598.0,10.0,0.0,1,600.0,602.0,10.0,0.0,1
2026-03-23 16:17:32,1990.32,600.0,591.0,20.0,0.0,1,600.0,601.0,20.0,0.0,1,600.0,602.0,10.0,0.0,1,600.0,601.0,10.0,0.0,1,600.0,598.0,10.0,0.0,1,600.0,606.0,10.0,0.0,1
2026-03-23 16:17:33,1991.04,600.0,603.0,20.0,0.0,1,600.0,601.0,20.0,0.0,1,600.0,603.0,10.0,0.0,1,600.0,601.0,10.0,0.0,1,600.0,602.0,10.0,0.0,1,600.0,598.0,10.0,0.0,1
2026-03-23 16:17:34,1991.76,600.0,626.0,20.0,0.30000001192092896,1,600.0,601.0,20.0,0.0,1,600.0,601.0,10.0,0.0,1,600.0,601.0,10.0,0.0,1,600.0,605.0,10.0,0.0,1,600.0,600.0,10.0,0.0,1
2026-03-23 16:17:34,1992.48,600.0,598.0,20.0,0.0,1,600.0,602.0,20.0,0.0,1,600.0,603.0,10.0,0.0,1,600.0,601.0,10.0,0.0,1,600.0,600.0,10.0,0.0,1,600.0,600.0,10.0,0.0,1
2026-03-23 16:17:35,1993.19,600.0,594.0,20.0,0.0,1,600.0,601.0,20.0,0.0,1,600.0,601.0,10.0,0.0,1,600.0,602.0,10.0,0.0,1,600.0,602.0,10.0,0.0,1,600.0,607.0,10.0,0.0,1
2026-03-23 16:17:36,1993.91,600.0,594.0,20.0,0.0,1,600.0,600.0,20.0,0.0,1,600.0,601.0,10.0,0.0,1,600.0,602.0,10.0,0.0,1,600.0,602.0,10.0,0.0,1,600.0,614.0,10.0,0.0,1
2026-03-23 16:17:36,1994.63,600.0,622.0,20.0,0.0,1,600.0,600.0,20.0,0.0,1,600.0,601.0,10.0,0.0,1,600.0,602.0,10.0,0.0,1,600.0,601.0,10.0,0.0,1,600.0,588.0,10.0,0.0,1
2026-03-23 16:17:37,1995.35,600.0,612.0,20.0,0.0,1,600.0,600.0,20.0,0.0,1,600.0,602.0,10.0,0.0,1,600.0,602.0,10.0,0.0,1,600.0,602.0,10.0,0.0,1,600.0,600.0,10.0,0.0,1
2026-03-23 16:17:38,1996.06,600.0,579.0,20.0,0.0,1,600.0,600.0,20.0,0.0,1,600.0,601.0,10.0,0.0,1,600.0,602.0,10.0,0.0,1,600.0,602.0,10.0,0.0,1,600.0,602.0,10.0,0.10000000149011612,1
2026-03-23 16:17:39,1996.78,600.0,595.0,20.0,0.0,1,600.0,600.0,20.0,0.0,1,600.0,602.0,10.0,0.0,1,600.0,602.0,10.0,0.0,1,600.0,597.0,10.0,0.0,1,600.0,603.0,10.0,0.10000000149011612,1
2026-03-23 16:17:39,1997.5,600.0,585.0,20.0,0.0,1,600.0,600.0,20.0,0.0,1,600.0,602.0,10.0,0.0,1,600.0,602.0,10.0,0.0,1,600.0,603.0,10.0,0.0,1,600.0,603.0,10.0,0.0,1
2026-03-23 16:17:40,1998.21,600.0,627.0,20.0,0.30000001192092896,1,600.0,600.0,20.0,0.0,1,600.0,602.0,10.0,0.0,1,600.0,602.0,10.0,0.0,1,600.0,603.0,10.0,0.0,1,600.0,619.0,10.0,0.20000000298023224,1
2026-03-23 16:17:41,1998.93,600.0,605.0,20.0,0.10000000149011612,1,600.0,601.0,20.0,0.0,1,600.0,603.0,10.0,0.0,1,600.0,600.0,10.0,0.0,1,600.0,601.0,10.0,0.0,1,600.0,590.0,10.0,0.0,1
2026-03-23 16:17:41,1999.65,600.0,625.0,20.0,0.0,1,600.0,601.0,20.0,0.0,1,600.0,602.0,10.0,0.0,1,600.0,600.0,10.0,0.0,1,600.0,601.0,10.0,0.0,1,600.0,605.0,10.0,0.0,1
2026-03-23 16:17:42,2000.37,600.0,611.0,20.0,0.20000000298023224,1,600.0,600.0,20.0,0.0,1,600.0,602.0,10.0,0.0,1,600.0,600.0,10.0,0.0,1,600.0,600.0,10.0,0.0,1,600.0,603.0,10.0,0.0,1
2026-03-23 16:17:43,2001.1,600.0,604.0,20.0,0.10000000149011612,1,600.0,602.0,20.0,0.0,1,600.0,601.0,10.0,0.0,1,600.0,601.0,10.0,0.0,1,600.0,601.0,10.0,0.0,1,600.0,603.0,10.0,0.0,1
2026-03-23 16:17:44,2001.83,600.0,604.0,20.0,0.10000000149011612,1,600.0,601.0,20.0,0.0,1,600.0,601.0,10.0,0.0,1,600.0,599.0,10.0,0.0,1,600.0,601.0,10.0,0.0,1,600.0,604.0,10.0,0.0,1
2026-03-23 16:17:44,2002.6,600.0,591.0,20.0,0.0,1,600.0,600.0,20.0,0.0,1,600.0,601.0,10.0,0.0,1,600.0,601.0,10.0,0.0,1,600.0,601.0,10.0,0.0,1,600.0,603.0,10.0,0.0,1
2026-03-23 16:17:45,2003.32,600.0,609.0,20.0,0.0,1,600.0,601.0,20.0,0.0,1,600.0,602.0,10.0,0.0,1,600.0,601.0,10.0,0.0,1,600.0,601.0,10.0,0.0,1,600.0,601.0,10.0,0.0,1
2026-03-23 16:17:46,2004.03,600.0,612.0,20.0,0.0,1,600.0,601.0,20.0,0.0,1,600.0,602.0,10.0,0.0,1,600.0,601.0,10.0,0.0,1,600.0,604.0,10.0,0.0,1,600.0,601.0,10.0,0.0,1
2026-03-23 16:17:47,2004.75,600.0,587.0,20.0,0.0,1,600.0,600.0,20.0,0.0,1,600.0,602.0,10.0,0.0,1,600.0,600.0,10.0,0.0,1,600.0,598.0,10.0,0.0,1,600.0,603.0,10.0,0.0,1
2026-03-23 16:17:47,2005.5,600.0,606.0,20.0,0.20000000298023224,1,600.0,600.0,20.0,0.0,1,600.0,602.0,10.0,0.0,1,600.0,600.0,10.0,0.0,1,600.0,599.0,10.0,0.0,1,600.0,604.0,10.0,0.0,1
2026-03-23 16:17:48,2006.23,600.0,615.0,20.0,0.10000000149011612,1,600.0,601.0,20.0,0.0,1,600.0,602.0,10.0,0.0,1,600.0,601.0,10.0,0.0,1,600.0,602.0,10.0,0.0,1,600.0,604.0,10.0,0.0,1
2026-03-23 16:17:49,2006.95,600.0,610.0,20.0,0.20000000298023224,1,600.0,602.0,20.0,0.0,1,600.0,602.0,10.0,0.0,1,600.0,601.0,10.0,0.0,1,600.0,600.0,10.0,0.0,1,600.0,602.0,10.0,0.0,1
2026-03-23 16:17:49,2007.67,600.0,625.0,20.0,0.30000001192092896,1,600.0,602.0,20.0,0.0,1,600.0,602.0,10.0,0.0,1,600.0,601.0,10.0,0.0,1,600.0,600.0,10.0,0.0,1,600.0,605.0,10.0,0.0,1
2026-03-23 16:17:50,2008.39,600.0,594.0,20.0,0.0,1,600.0,598.0,20.0,0.0,1,600.0,602.0,10.0,0.0,1,600.0,601.0,10.0,0.0,1,600.0,601.0,10.0,0.0,1,600.0,607.0,10.0,0.10000000149011612,1
2026-03-23 16:17:51,2009.1,600.0,609.0,20.0,0.0,1,600.0,599.0,20.0,0.0,1,600.0,602.0,10.0,0.0,1,600.0,602.0,10.0,0.0,1,600.0,601.0,10.0,0.0,1,600.0,614.0,10.0,0.10000000149011612,1
2026-03-23 16:17:52,2009.82,600.0,614.0,20.0,0.0,1,600.0,600.0,20.0,0.0,1,600.0,602.0,10.0,0.0,1,600.0,602.0,10.0,0.0,1,600.0,601.0,10.0,0.0,1,600.0,606.0,10.0,0.10000000149011612,1
2026-03-23 16:17:52,2010.54,600.0,597.0,20.0,0.0,1,600.0,602.0,20.0,0.0,1,600.0,603.0,10.0,0.0,1,600.0,603.0,10.0,0.0,1,600.0,601.0,10.0,0.0,1,600.0,608.0,10.0,0.0,1
2026-03-23 16:17:53,2011.26,600.0,604.0,20.0,0.20000000298023224,1,600.0,601.0,20.0,0.0,1,600.0,602.0,10.0,0.0,1,600.0,602.0,10.0,0.0,1,600.0,602.0,10.0,0.0,1,600.0,601.0,10.0,0.0,1
2026-03-23 16:17:54,2011.99,600.0,595.0,20.0,0.0,1,600.0,600.0,20.0,0.0,1,600.0,602.0,10.0,0.0,1,600.0,602.0,10.0,0.0,1,600.0,598.0,10.0,0.0,1,600.0,603.0,10.0,0.0,1
2026-03-23 16:17:54,2012.7,600.0,611.0,20.0,0.0,1,600.0,600.0,20.0,0.0,1,600.0,604.0,10.0,0.0,1,600.0,602.0,10.0,0.0,1,600.0,608.0,10.0,0.0,1,600.0,603.0,10.0,0.0,1
2026-03-23 16:17:55,2013.42,600.0,581.0,20.0,0.0,1,600.0,601.0,20.0,0.0,1,600.0,602.0,10.0,0.0,1,600.0,600.0,10.0,0.0,1,600.0,597.0,10.0,0.0,1,600.0,604.0,10.0,0.0,1
2026-03-23 16:17:56,2014.18,600.0,612.0,20.0,0.0,1,600.0,601.0,20.0,0.0,1,600.0,602.0,10.0,0.0,1,600.0,601.0,10.0,0.0,1,600.0,602.0,10.0,0.0,1,600.0,604.0,10.0,0.0,1
2026-03-23 16:17:57,2014.9,600.0,584.0,20.0,0.0,1,600.0,602.0,20.0,0.0,1,600.0,602.0,10.0,0.0,1,600.0,601.0,10.0,0.0,1,600.0,601.0,10.0,0.0,1,600.0,604.0,10.0,0.0,1
2026-03-23 16:17:57,2015.63,600.0,612.0,20.0,0.0,1,600.0,600.0,20.0,0.0,1,600.0,603.0,10.0,0.0,1,600.0,601.0,10.0,0.0,1,600.0,603.0,10.0,0.0,1,600.0,603.0,10.0,0.0,1
2026-03-23 16:17:58,2016.35,600.0,614.0,20.0,0.30000001192092896,1,600.0,600.0,20.0,0.0,1,600.0,602.0,10.0,0.0,1,600.0,601.0,10.0,0.0,1,600.0,605.0,10.0,0.0,1,600.0,599.0,10.0,0.0,1
2026-03-23 16:17:59,2017.06,600.0,604.0,20.0,0.0,1,600.0,601.0,20.0,0.0,1,600.0,602.0,10.0,0.0,1,600.0,601.0,10.0,0.0,1,600.0,601.0,10.0,0.0,1,600.0,603.0,10.0,0.0,1
2026-03-23 16:18:00,2017.78,600.0,599.0,20.0,0.0,1,600.0,602.0,20.0,0.0,1,600.0,602.0,10.0,0.0,1,600.0,601.0,10.0,0.0,1,600.0,601.0,10.0,0.0,1,600.0,603.0,10.0,0.0,1
2026-03-23 16:18:00,2018.5,600.0,629.0,20.0,0.30000001192092896,1,600.0,600.0,20.0,0.0,1,600.0,602.0,10.0,0.0,1,600.0,601.0,10.0,0.0,1,600.0,602.0,10.0,0.0,1,600.0,604.0,10.0,0.0,1
2026-03-23 16:18:01,2019.22,600.0,610.0,20.0,0.0,1,600.0,600.0,20.0,0.0,1,600.0,602.0,10.0,0.0,1,600.0,602.0,10.0,0.0,1,600.0,600.0,10.0,0.0,1,600.0,603.0,10.0,0.0,1
2026-03-23 16:18:02,2019.93,600.0,592.0,20.0,0.0,1,600.0,601.0,20.0,0.0,1,600.0,601.0,10.0,0.0,1,600.0,601.0,10.0,0.0,1,600.0,604.0,10.0,0.0,1,600.0,603.0,10.0,0.0,1
2026-03-23 16:18:02,2020.66,600.0,613.0,20.0,0.20000000298023224,1,600.0,601.0,20.0,0.0,1,600.0,603.0,10.0,0.0,1,600.0,602.0,10.0,0.0,1,600.0,602.0,10.0,0.0,1,600.0,606.0,10.0,0.10000000149011612,1
2026-03-23 16:18:03,2021.4,600.0,587.0,20.0,0.0,1,600.0,600.0,20.0,0.0,1,600.0,602.0,10.0,0.0,1,600.0,602.0,10.0,0.0,1,600.0,600.0,10.0,0.0,1,600.0,604.0,10.0,0.0,1
2026-03-23 16:18:04,2022.1,600.0,623.0,20.0,0.0,1,600.0,601.0,20.0,0.0,1,600.0,602.0,10.0,0.0,1,600.0,600.0,10.0,0.0,1,600.0,601.0,10.0,0.0,1,600.0,604.0,10.0,0.0,1
2026-03-23 16:18:05,2022.81,600.0,607.0,20.0,0.0,1,600.0,601.0,20.0,0.0,1,600.0,602.0,10.0,0.0,1,600.0,601.0,10.0,0.0,1,600.0,604.0,10.0,0.0,1,600.0,604.0,10.0,0.0,1
2026-03-23 16:18:05,2023.53,600.0,603.0,20.0,0.0,1,600.0,601.0,20.0,0.0,1,600.0,602.0,10.0,0.0,1,600.0,601.0,10.0,0.0,1,600.0,600.0,10.0,0.0,1,600.0,604.0,10.0,0.0,1
2026-03-23 16:18:06,2024.25,600.0,586.0,20.0,0.0,1,600.0,601.0,20.0,0.0,1,600.0,601.0,10.0,0.0,1,600.0,601.0,10.0,0.0,1,600.0,600.0,10.0,0.0,1,600.0,609.0,10.0,0.0,1
2026-03-23 16:18:07,2024.97,600.0,627.0,20.0,0.6000000238418579,1,600.0,601.0,20.0,0.0,1,600.0,602.0,10.0,0.0,1,600.0,601.0,10.0,0.0,1,600.0,598.0,10.0,0.0,1,600.0,607.0,10.0,0.0,1
2026-03-23 16:18:07,2025.7,600.0,586.0,20.0,0.0,1,600.0,600.0,20.0,0.0,1,600.0,602.0,10.0,0.0,1,600.0,600.0,10.0,0.0,1,600.0,602.0,10.0,0.0,1,600.0,607.0,10.0,0.0,1
2026-03-23 16:18:08,2026.4,600.0,605.0,20.0,0.0,1,600.0,600.0,20.0,0.0,1,600.0,601.0,10.0,0.0,1,600.0,600.0,10.0,0.0,1,600.0,599.0,10.0,0.0,1,600.0,605.0,10.0,0.0,1
2026-03-23 16:18:09,2027.12,600.0,597.0,20.0,0.20000000298023224,1,600.0,601.0,20.0,0.0,1,600.0,601.0,10.0,0.0,1,600.0,601.0,10.0,0.0,1,600.0,597.0,10.0,0.0,1,600.0,595.0,10.0,0.0,1
2026-03-23 16:18:10,2027.83,600.0,595.0,20.0,0.0,1,600.0,600.0,20.0,0.0,1,600.0,602.0,10.0,0.0,1,600.0,601.0,10.0,0.0,1,600.0,600.0,10.0,0.0,1,600.0,601.0,10.0,0.0,1
2026-03-23 16:18:10,2028.55,600.0,621.0,20.0,0.0,1,600.0,601.0,20.0,0.0,1,600.0,602.0,10.0,0.0,1,600.0,604.0,10.0,0.0,1,600.0,601.0,10.0,0.0,1,600.0,607.0,10.0,0.0,1
2026-03-23 16:18:11,2029.27,600.0,576.0,20.0,0.0,1,600.0,601.0,20.0,0.0,1,600.0,603.0,10.0,0.0,1,600.0,600.0,10.0,0.0,1,600.0,603.0,10.0,0.0,1,600.0,604.0,10.0,0.0,1
2026-03-23 16:18:12,2029.97,600.0,600.0,20.0,0.0,1,600.0,601.0,20.0,0.0,1,600.0,602.0,10.0,0.0,1,600.0,602.0,10.0,0.0,1,600.0,603.0,10.0,0.0,1,600.0,604.0,10.0,0.0,1
2026-03-23 16:18:12,2030.68,600.0,598.0,20.0,0.0,1,600.0,601.0,20.0,0.0,1,600.0,602.0,10.0,0.0,1,600.0,598.0,10.0,0.0,1,600.0,600.0,10.0,0.0,1,600.0,605.0,10.0,0.0,1
2026-03-23 16:18:13,2031.4,600.0,623.0,20.0,0.0,1,600.0,602.0,20.0,0.0,1,600.0,602.0,10.0,0.0,1,600.0,603.0,10.0,0.0,1,600.0,599.0,10.0,0.0,1,600.0,625.0,10.0,0.30000001192092896,1
2026-03-23 16:18:14,2032.11,600.0,622.0,20.0,0.20000000298023224,1,600.0,600.0,20.0,0.0,1,600.0,602.0,10.0,0.0,1,600.0,601.0,10.0,0.0,1,600.0,599.0,10.0,0.0,1,600.0,589.0,10.0,0.0,1
2026-03-23 16:18:15,2032.81,600.0,582.0,20.0,0.0,1,600.0,600.0,20.0,0.0,1,600.0,603.0,10.0,0.0,1,600.0,603.0,10.0,0.0,1,600.0,601.0,10.0,0.0,1,600.0,618.0,10.0,0.0,1
2026-03-23 16:18:15,2033.52,600.0,611.0,20.0,0.20000000298023224,1,600.0,600.0,20.0,0.0,1,600.0,601.0,10.0,0.0,1,600.0,603.0,10.0,0.0,1,600.0,603.0,10.0,0.0,1,600.0,605.0,10.0,0.0,1
2026-03-23 16:18:16,2034.22,600.0,607.0,20.0,0.10000000149011612,1,600.0,600.0,20.0,0.0,1,600.0,602.0,10.0,0.0,1,600.0,600.0,10.0,0.0,1,600.0,599.0,10.0,0.0,1,600.0,599.0,10.0,0.0,1
2026-03-23 16:18:17,2034.93,600.0,620.0,20.0,0.10000000149011612,1,600.0,602.0,20.0,0.0,1,600.0,602.0,10.0,0.0,1,600.0,602.0,10.0,0.0,1,600.0,602.0,10.0,0.0,1,600.0,603.0,10.0,0.0,1
2026-03-23 16:18:17,2035.66,600.0,591.0,20.0,0.0,1,600.0,602.0,20.0,0.0,1,600.0,602.0,10.0,0.0,1,600.0,602.0,10.0,0.0,1,600.0,601.0,10.0,0.0,1,600.0,607.0,10.0,0.0,1
2026-03-23 16:18:18,2036.38,600.0,607.0,20.0,0.20000000298023224,1,600.0,601.0,20.0,0.0,1,600.0,602.0,10.0,0.0,1,600.0,602.0,10.0,0.0,1,600.0,602.0,10.0,0.0,1,600.0,603.0,10.0,0.0,1
2026-03-23 16:18:19,2037.09,600.0,600.0,20.0,0.0,1,600.0,601.0,20.0,0.0,1,600.0,602.0,10.0,0.0,1,600.0,601.0,10.0,0.0,1,600.0,599.0,10.0,0.0,1,600.0,608.0,10.0,0.0,1
2026-03-23 16:18:20,2037.81,600.0,623.0,20.0,0.10000000149011612,1,600.0,601.0,20.0,0.0,1,600.0,603.0,10.0,0.0,1,600.0,601.0,10.0,0.0,1,600.0,604.0,10.0,0.0,1,600.0,608.0,10.0,0.0,1
2026-03-23 16:18:20,2038.54,600.0,599.0,20.0,0.0,1,600.0,601.0,20.0,0.0,1,600.0,602.0,10.0,0.0,1,600.0,599.0,10.0,0.0,1,600.0,601.0,10.0,0.0,1,600.0,599.0,10.0,0.0,1
2026-03-23 16:18:21,2039.25,600.0,618.0,20.0,0.0,1,600.0,600.0,20.0,0.0,1,600.0,602.0,10.0,0.0,1,600.0,602.0,10.0,0.0,1,600.0,598.0,10.0,0.0,1,600.0,603.0,10.0,0.0,1
2026-03-23 16:18:22,2039.97,600.0,594.0,20.0,0.0,1,600.0,600.0,20.0,0.0,1,600.0,602.0,10.0,0.0,1,600.0,599.0,10.0,0.0,1,600.0,603.0,10.0,0.0,1,600.0,603.0,10.0,0.0,1
2026-03-23 16:18:22,2040.69,600.0,602.0,20.0,0.0,1,600.0,600.0,20.0,0.0,1,600.0,603.0,10.0,0.0,1,600.0,602.0,10.0,0.0,1,600.0,601.0,10.0,0.0,1,600.0,605.0,10.0,0.0,1
2026-03-23 16:18:23,2041.42,600.0,600.0,20.0,0.0,1,600.0,601.0,20.0,0.0,1,600.0,603.0,10.0,0.0,1,600.0,601.0,10.0,0.0,1,600.0,601.0,10.0,0.0,1,600.0,608.0,10.0,0.10000000149011612,1
2026-03-23 16:18:24,2042.14,600.0,593.0,20.0,0.0,1,600.0,601.0,20.0,0.0,1,600.0,603.0,10.0,0.0,1,600.0,602.0,10.0,0.0,1,600.0,602.0,10.0,0.0,1,600.0,604.0,10.0,0.10000000149011612,1
2026-03-23 16:18:25,2042.87,600.0,610.0,20.0,0.10000000149011612,1,600.0,601.0,20.0,0.0,1,600.0,602.0,10.0,0.0,1,600.0,601.0,10.0,0.0,1,600.0,602.0,10.0,0.0,1,600.0,604.0,10.0,0.0,1
2026-03-23 16:18:25,2043.59,600.0,600.0,20.0,0.10000000149011612,1,600.0,601.0,20.0,0.0,1,600.0,602.0,10.0,0.0,1,600.0,601.0,10.0,0.0,1,600.0,599.0,10.0,0.0,1,600.0,606.0,10.0,0.20000000298023224,1
2026-03-23 16:18:26,2044.31,600.0,604.0,20.0,0.0,1,600.0,601.0,20.0,0.0,1,600.0,602.0,10.0,0.0,1,600.0,601.0,10.0,0.0,1,600.0,600.0,10.0,0.0,1,600.0,604.0,10.0,0.0,1
2026-03-23 16:18:27,2045.02,600.0,615.0,20.0,0.10000000149011612,1,600.0,602.0,20.0,0.0,1,600.0,602.0,10.0,0.0,1,600.0,601.0,10.0,0.0,1,600.0,600.0,10.0,0.0,1,600.0,607.0,10.0,0.0,1
2026-03-23 16:18:28,2045.75,600.0,580.0,20.0,0.0,1,600.0,601.0,20.0,0.0,1,600.0,602.0,10.0,0.0,1,600.0,603.0,10.0,0.0,1,600.0,600.0,10.0,0.0,1,600.0,604.0,10.0,0.0,1
2026-03-23 16:18:28,2046.46,600.0,630.0,20.0,0.20000000298023224,1,600.0,601.0,20.0,0.0,1,600.0,603.0,10.0,0.0,1,600.0,602.0,10.0,0.0,1,600.0,605.0,10.0,0.0,1,600.0,603.0,10.0,0.0,1
2026-03-23 16:18:29,2047.17,600.0,599.0,20.0,0.0,1,600.0,601.0,20.0,0.0,1,600.0,603.0,10.0,0.0,1,600.0,601.0,10.0,0.0,1,600.0,600.0,10.0,0.0,1,600.0,604.0,10.0,0.0,1
2026-03-23 16:18:30,2047.89,600.0,599.0,20.0,0.0,1,600.0,602.0,20.0,0.0,1,600.0,602.0,10.0,0.0,1,600.0,601.0,10.0,0.0,1,600.0,602.0,10.0,0.0,1,600.0,605.0,10.0,0.0,1
2026-03-23 16:18:30,2048.6,600.0,602.0,20.0,0.0,1,600.0,600.0,20.0,0.0,1,600.0,602.0,10.0,0.0,1,600.0,600.0,10.0,0.0,1,600.0,602.0,10.0,0.0,1,600.0,604.0,10.0,0.0,1
2026-03-23 16:18:31,2049.31,600.0,598.0,20.0,0.0,1,600.0,601.0,20.0,0.0,1,600.0,602.0,10.0,0.0,1,600.0,601.0,10.0,0.0,1,600.0,601.0,10.0,0.0,1,600.0,604.0,10.0,0.0,1
2026-03-23 16:18:32,2050.02,600.0,612.0,20.0,0.0,1,600.0,601.0,20.0,0.0,1,600.0,603.0,10.0,0.0,1,600.0,599.0,10.0,0.0,1,600.0,605.0,10.0,0.0,1,600.0,600.0,10.0,0.0,1
2026-03-23 16:18:33,2050.74,600.0,601.0,20.0,0.0,1,600.0,601.0,20.0,0.0,1,600.0,603.0,10.0,0.0,1,600.0,600.0,10.0,0.0,1,600.0,602.0,10.0,0.0,1,600.0,603.0,10.0,0.0,1
2026-03-23 16:18:33,2051.48,600.0,611.0,20.0,0.20000000298023224,1,600.0,601.0,20.0,0.0,1,600.0,602.0,10.0,0.0,1,600.0,602.0,10.0,0.0,1,600.0,603.0,10.0,0.0,1,600.0,603.0,10.0,0.0,1
2026-03-23 16:18:34,2052.18,600.0,611.0,20.0,0.0,1,600.0,601.0,20.0,0.0,1,600.0,603.0,10.0,0.0,1,600.0,602.0,10.0,0.0,1,600.0,599.0,10.0,0.0,1,600.0,605.0,10.0,0.0,1
2026-03-23 16:18:35,2052.89,600.0,604.0,20.0,0.0,1,600.0,601.0,20.0,0.0,1,600.0,600.0,10.0,0.0,1,600.0,602.0,10.0,0.0,1,600.0,602.0,10.0,0.0,1,600.0,601.0,10.0,0.0,1
2026-03-23 16:18:35,2053.61,600.0,600.0,20.0,0.0,1,600.0,602.0,20.0,0.0,1,600.0,602.0,10.0,0.0,1,600.0,600.0,10.0,0.0,1,600.0,602.0,10.0,0.0,1,600.0,608.0,10.0,0.0,1
2026-03-23 16:18:36,2054.32,600.0,607.0,20.0,0.10000000149011612,1,600.0,602.0,20.0,0.0,1,600.0,601.0,10.0,0.0,1,600.0,602.0,10.0,0.0,1,600.0,602.0,10.0,0.0,1,600.0,600.0,10.0,0.0,1
2026-03-23 16:18:37,2055.02,600.0,601.0,20.0,0.0,1,600.0,601.0,20.0,0.0,1,600.0,602.0,10.0,0.0,1,600.0,601.0,10.0,0.0,1,600.0,598.0,10.0,0.0,1,600.0,605.0,10.0,0.0,1
2026-03-23 16:18:38,2055.73,600.0,603.0,20.0,0.0,1,600.0,601.0,20.0,0.0,1,600.0,603.0,10.0,0.0,1,600.0,601.0,10.0,0.0,1,600.0,600.0,10.0,0.0,1,600.0,619.0,10.0,0.4000000059604645,1
2026-03-23 16:18:38,2056.44,600.0,615.0,20.0,0.20000000298023224,1,600.0,601.0,20.0,0.0,1,600.0,602.0,10.0,0.0,1,600.0,603.0,10.0,0.0,1,600.0,601.0,10.0,0.0,1,600.0,590.0,10.0,0.0,1
2026-03-23 16:18:39,2057.15,600.0,600.0,20.0,0.0,1,600.0,601.0,20.0,0.0,1,600.0,602.0,10.0,0.0,1,600.0,601.0,10.0,0.0,1,600.0,602.0,10.0,0.0,1,600.0,602.0,10.0,0.0,1
2026-03-23 16:18:40,2057.86,600.0,589.0,20.0,0.0,1,600.0,600.0,20.0,0.0,1,600.0,603.0,10.0,0.0,1,600.0,601.0,10.0,0.0,1,600.0,599.0,10.0,0.0,1,600.0,599.0,10.0,0.0,1
2026-03-23 16:18:40,2058.58,600.0,594.0,20.0,0.0,1,600.0,600.0,20.0,0.0,1,600.0,603.0,10.0,0.0,1,600.0,602.0,10.0,0.0,1,600.0,599.0,10.0,0.0,1,600.0,605.0,10.0,0.0,1
2026-03-23 16:18:41,2059.3,600.0,605.0,20.0,0.0,1,600.0,600.0,20.0,0.0,1,600.0,603.0,10.0,0.0,1,600.0,599.0,10.0,0.0,1,600.0,599.0,10.0,0.0,1,600.0,603.0,10.0,0.0,1
2026-03-23 16:18:42,2060.02,600.0,612.0,20.0,0.0,1,600.0,601.0,20.0,0.0,1,600.0,603.0,10.0,0.0,1,600.0,599.0,10.0,0.0,1,600.0,600.0,10.0,0.0,1,600.0,605.0,10.0,0.0,1
2026-03-23 16:18:43,2060.78,600.0,584.0,20.0,0.0,1,600.0,601.0,20.0,0.0,1,600.0,602.0,10.0,0.0,1,600.0,601.0,10.0,0.0,1,600.0,599.0,10.0,0.0,1,600.0,603.0,10.0,0.0,1
2026-03-23 16:18:43,2061.51,600.0,612.0,20.0,0.0,1,600.0,602.0,20.0,0.0,1,600.0,602.0,10.0,0.0,1,600.0,601.0,10.0,0.0,1,600.0,602.0,10.0,0.0,1,600.0,603.0,10.0,0.0,1
2026-03-23 16:18:44,2062.26,600.0,597.0,20.0,0.0,1,600.0,600.0,20.0,0.0,1,600.0,603.0,10.0,0.0,1,600.0,600.0,10.0,0.0,1,600.0,602.0,10.0,0.0,1,600.0,604.0,10.0,0.0,1
2026-03-23 16:18:45,2062.99,600.0,606.0,20.0,0.0,1,600.0,601.0,20.0,0.0,1,600.0,603.0,10.0,0.0,1,600.0,601.0,10.0,0.0,1,600.0,603.0,10.0,0.0,1,600.0,603.0,10.0,0.0,1
2026-03-23 16:18:46,2063.72,600.0,608.0,20.0,0.0,1,600.0,601.0,20.0,0.0,1,600.0,602.0,10.0,0.0,1,600.0,600.0,10.0,0.0,1,600.0,603.0,10.0,0.0,1,600.0,603.0,10.0,0.0,1
2026-03-23 16:18:46,2064.43,600.0,621.0,20.0,0.10000000149011612,1,600.0,601.0,20.0,0.0,1,600.0,602.0,10.0,0.0,1,600.0,602.0,10.0,0.0,1,600.0,601.0,10.0,0.0,1,600.0,603.0,10.0,0.0,1
2026-03-23 16:18:47,2065.14,600.0,612.0,20.0,0.20000000298023224,1,600.0,601.0,20.0,0.0,1,600.0,602.0,10.0,0.0,1,600.0,601.0,10.0,0.0,1,600.0,602.0,10.0,0.0,1,600.0,603.0,10.0,0.0,1
2026-03-23 16:18:48,2065.86,600.0,602.0,20.0,0.20000000298023224,1,600.0,600.0,20.0,0.0,1,600.0,602.0,10.0,0.0,1,600.0,601.0,10.0,0.0,1,600.0,597.0,10.0,0.0,1,600.0,603.0,10.0,0.0,1
2026-03-23 16:18:48,2066.6,600.0,600.0,20.0,0.20000000298023224,1,600.0,602.0,20.0,0.0,1,600.0,601.0,10.0,0.0,1,600.0,603.0,10.0,0.0,1,600.0,601.0,10.0,0.0,1,600.0,603.0,10.0,0.0,1
2026-03-23 16:18:49,2067.38,600.0,589.0,20.0,0.0,1,600.0,601.0,20.0,0.0,1,600.0,602.0,10.0,0.0,1,600.0,601.0,10.0,0.0,1,600.0,600.0,10.0,0.0,1,600.0,607.0,10.0,0.0,1
2026-03-23 16:18:50,2068.09,600.0,608.0,20.0,0.10000000149011612,1,600.0,598.0,20.0,0.0,1,600.0,602.0,10.0,0.0,1,600.0,600.0,10.0,0.0,1,600.0,601.0,10.0,0.0,1,600.0,630.0,10.0,0.20000000298023224,1
2026-03-23 16:18:51,2068.83,600.0,608.0,20.0,0.10000000149011612,1,600.0,600.0,20.0,0.0,1,600.0,603.0,10.0,0.0,1,600.0,600.0,10.0,0.0,1,600.0,606.0,10.0,0.0,1,600.0,585.0,10.0,0.0,1
2026-03-23 16:18:51,2069.59,600.0,601.0,20.0,0.0,1,600.0,600.0,20.0,0.0,1,600.0,602.0,10.0,0.0,1,600.0,598.0,10.0,0.0,1,600.0,596.0,10.0,0.0,1,600.0,606.0,10.0,0.10000000149011612,1
2026-03-23 16:18:52,2070.34,600.0,613.0,20.0,0.20000000298023224,1,600.0,600.0,20.0,0.0,1,600.0,602.0,10.0,0.0,1,600.0,601.0,10.0,0.0,1,600.0,602.0,10.0,0.0,1,600.0,610.0,10.0,0.10000000149011612,1
2026-03-23 16:18:53,2071.06,600.0,604.0,20.0,0.0,1,600.0,600.0,20.0,0.0,1,600.0,602.0,10.0,0.0,1,600.0,602.0,10.0,0.0,1,600.0,602.0,10.0,0.0,1,600.0,597.0,10.0,0.0,1
2026-03-23 16:18:54,2071.87,600.0,609.0,20.0,0.0,1,600.0,600.0,20.0,0.0,1,600.0,603.0,10.0,0.0,1,600.0,601.0,10.0,0.0,1,600.0,602.0,10.0,0.0,1,600.0,599.0,10.0,0.0,1
2026-03-23 16:18:54,2072.59,600.0,603.0,20.0,0.0,1,600.0,601.0,20.0,0.0,1,600.0,602.0,10.0,0.0,1,600.0,601.0,10.0,0.0,1,600.0,602.0,10.0,0.0,1,600.0,601.0,10.0,0.0,1
2026-03-23 16:18:55,2073.31,600.0,608.0,20.0,0.0,1,600.0,600.0,20.0,0.0,1,600.0,603.0,10.0,0.0,1,600.0,603.0,10.0,0.0,1,600.0,601.0,10.0,0.0,1,600.0,606.0,10.0,0.10000000149011612,1
2026-03-23 16:18:56,2074.02,600.0,587.0,20.0,0.0,1,600.0,601.0,20.0,0.0,1,600.0,602.0,10.0,0.0,1,600.0,599.0,10.0,0.0,1,600.0,600.0,10.0,0.0,1,600.0,604.0,10.0,0.10000000149011612,1
2026-03-23 16:18:57,2074.75,600.0,615.0,20.0,0.10000000149011612,1,600.0,598.0,20.0,0.0,1,600.0,601.0,10.0,0.0,1,600.0,600.0,10.0,0.0,1,600.0,599.0,10.0,0.0,1,600.0,605.0,10.0,0.0,1
2026-03-23 16:18:57,2075.5,600.0,605.0,20.0,0.0,1,600.0,600.0,20.0,0.0,1,600.0,600.0,10.0,0.0,1,600.0,600.0,10.0,0.0,1,600.0,599.0,10.0,0.0,1,600.0,601.0,10.0,0.0,1
2026-03-23 16:18:58,2076.23,600.0,615.0,20.0,0.0,1,600.0,600.0,20.0,0.0,1,600.0,602.0,10.0,0.0,1,600.0,602.0,10.0,0.0,1,600.0,603.0,10.0,0.10000000149011612,1,600.0,603.0,10.0,0.0,1
2026-03-23 16:18:59,2076.97,600.0,594.0,20.0,0.0,1,600.0,600.0,20.0,0.0,1,600.0,603.0,10.0,0.0,1,600.0,598.0,10.0,0.0,1,600.0,601.0,10.0,0.0,1,600.0,603.0,10.0,0.0,1
2026-03-23 16:18:59,2077.69,600.0,600.0,20.0,0.0,1,600.0,602.0,20.0,0.0,1,600.0,603.0,10.0,0.0,1,600.0,601.0,10.0,0.0,1,600.0,601.0,10.0,0.0,1,600.0,605.0,10.0,0.0,1
2026-03-23 16:19:00,2078.43,600.0,606.0,20.0,0.0,1,600.0,601.0,20.0,0.0,1,600.0,603.0,10.0,0.0,1,600.0,602.0,10.0,0.0,1,600.0,603.0,10.0,0.0,1,600.0,604.0,10.0,0.0,1
2026-03-23 16:19:01,2079.14,600.0,637.0,20.0,0.4000000059604645,1,600.0,601.0,20.0,0.0,1,600.0,601.0,10.0,0.0,1,600.0,602.0,10.0,0.0,1,600.0,603.0,10.0,0.0,1,600.0,604.0,10.0,0.0,1
2026-03-23 16:19:02,2079.86,600.0,590.0,20.0,0.0,1,600.0,601.0,20.0,0.0,1,600.0,602.0,10.0,0.0,1,600.0,603.0,10.0,0.0,1,600.0,603.0,10.0,0.0,1,600.0,603.0,10.0,0.0,1
2026-03-23 16:19:02,2080.6,600.0,614.0,20.0,0.0,1,600.0,601.0,20.0,0.0,1,600.0,603.0,10.0,0.0,1,600.0,600.0,10.0,0.0,1,600.0,605.0,10.0,0.0,1,600.0,603.0,10.0,0.0,1
2026-03-23 16:19:03,2081.35,600.0,603.0,20.0,0.0,1,600.0,600.0,20.0,0.0,1,600.0,602.0,10.0,0.0,1,600.0,600.0,10.0,0.0,1,600.0,601.0,10.0,0.0,1,600.0,603.0,10.0,0.0,1
2026-03-23 16:19:04,2082.06,600.0,603.0,20.0,0.0,1,600.0,601.0,20.0,0.0,1,600.0,602.0,10.0,0.0,1,600.0,601.0,10.0,0.0,1,600.0,602.0,10.0,0.0,1,600.0,625.0,10.0,0.20000000298023224,1
2026-03-23 16:19:05,2082.79,600.0,608.0,20.0,0.0,1,600.0,601.0,20.0,0.0,1,600.0,602.0,10.0,0.0,1,600.0,601.0,10.0,0.0,1,600.0,599.0,10.0,0.0,1,600.0,586.0,10.0,0.0,1
2026-03-23 16:19:05,2083.5,600.0,607.0,20.0,0.0,1,600.0,602.0,20.0,0.0,1,600.0,602.0,10.0,0.0,1,600.0,602.0,10.0,0.0,1,600.0,605.0,10.0,0.0,1,600.0,604.0,10.0,0.0,1
2026-03-23 16:19:06,2084.22,600.0,610.0,20.0,0.0,1,600.0,601.0,20.0,0.0,1,600.0,602.0,10.0,0.0,1,600.0,601.0,10.0,0.0,1,600.0,596.0,10.0,0.0,1,600.0,603.0,10.0,0.0,1
2026-03-23 16:19:07,2084.92,600.0,586.0,20.0,0.0,1,600.0,602.0,20.0,0.0,1,600.0,602.0,10.0,0.0,1,600.0,601.0,10.0,0.0,1,600.0,601.0,10.0,0.0,1,600.0,602.0,10.0,0.10000000149011612,1
2026-03-23 16:19:07,2085.65,600.0,630.0,20.0,0.20000000298023224,1,600.0,600.0,20.0,0.0,1,600.0,603.0,10.0,0.0,1,600.0,601.0,10.0,0.0,1,600.0,600.0,10.0,0.0,1,600.0,600.0,10.0,0.0,1
2026-03-23 16:19:08,2086.4,600.0,603.0,20.0,0.0,1,600.0,601.0,20.0,0.0,1,600.0,603.0,10.0,0.0,1,600.0,602.0,10.0,0.0,1,600.0,600.0,10.0,0.0,1,600.0,603.0,10.0,0.20000000298023224,1
2026-03-23 16:19:09,2087.13,600.0,620.0,20.0,0.20000000298023224,1,600.0,601.0,20.0,0.0,1,600.0,602.0,10.0,0.0,1,600.0,602.0,10.0,0.0,1,600.0,603.0,10.0,0.0,1,600.0,619.0,10.0,0.10000000149011612,1
2026-03-23 16:19:10,2087.89,600.0,606.0,20.0,0.0,1,600.0,601.0,20.0,0.0,1,600.0,602.0,10.0,0.0,1,600.0,602.0,10.0,0.0,1,600.0,603.0,10.0,0.0,1,600.0,587.0,10.0,0.0,1
2026-03-23 16:19:10,2088.64,600.0,602.0,20.0,0.0,1,600.0,601.0,20.0,0.0,1,600.0,603.0,10.0,0.0,1,600.0,603.0,10.0,0.0,1,600.0,602.0,10.0,0.0,1,600.0,608.0,10.0,0.0,1
2026-03-23 16:19:11,2089.39,600.0,602.0,20.0,0.20000000298023224,1,600.0,601.0,20.0,0.0,1,600.0,602.0,10.0,0.0,1,600.0,602.0,10.0,0.0,1,600.0,601.0,10.0,0.0,1,600.0,603.0,10.0,0.0,1
2026-03-23 16:19:12,2090.1,600.0,596.0,20.0,0.0,1,600.0,601.0,20.0,0.0,1,600.0,602.0,10.0,0.0,1,600.0,602.0,10.0,0.0,1,600.0,601.0,10.0,0.0,1,600.0,634.0,10.0,0.20000000298023224,1
2026-03-23 16:19:13,2090.84,600.0,611.0,20.0,0.10000000149011612,1,600.0,601.0,20.0,0.0,1,600.0,603.0,10.0,0.0,1,600.0,601.0,10.0,0.0,1,600.0,600.0,10.0,0.0,1,600.0,585.0,10.0,0.0,1
2026-03-23 16:19:13,2091.62,600.0,604.0,20.0,0.0,1,600.0,600.0,20.0,0.0,1,600.0,602.0,10.0,0.0,1,600.0,601.0,10.0,0.0,1,600.0,598.0,10.0,0.0,1,600.0,605.0,10.0,0.0,1
2026-03-23 16:19:14,2092.38,600.0,632.0,20.0,0.10000000149011612,1,600.0,600.0,20.0,0.0,1,600.0,602.0,10.0,0.0,1,600.0,600.0,10.0,0.0,1,600.0,601.0,10.0,0.0,1,600.0,606.0,10.0,0.0,1
2026-03-23 16:19:15,2093.12,600.0,602.0,20.0,0.10000000149011612,1,600.0,600.0,20.0,0.0,1,600.0,601.0,10.0,0.0,1,600.0,601.0,10.0,0.0,1,600.0,600.0,10.0,0.0,1,600.0,605.0,10.0,0.0,1
2026-03-23 16:19:16,2093.88,600.0,593.0,20.0,0.0,1,600.0,601.0,20.0,0.0,1,600.0,602.0,10.0,0.0,1,600.0,601.0,10.0,0.0,1,600.0,601.0,10.0,0.0,1,600.0,600.0,10.0,0.0,1
2026-03-23 16:19:16,2094.61,600.0,615.0,20.0,0.5,1,600.0,600.0,20.0,0.0,1,600.0,602.0,10.0,0.0,1,600.0,601.0,10.0,0.0,1,600.0,600.0,10.0,0.0,1,600.0,613.0,10.0,0.0,1
2026-03-23 16:19:17,2095.36,600.0,593.0,20.0,0.0,1,600.0,600.0,20.0,0.0,1,600.0,603.0,10.0,0.0,1,600.0,602.0,10.0,0.0,1,600.0,602.0,10.0,0.0,1,600.0,598.0,10.0,0.0,1
2026-03-23 16:19:18,2096.08,600.0,593.0,20.0,0.0,1,600.0,600.0,20.0,0.0,1,600.0,603.0,10.0,0.0,1,600.0,600.0,10.0,0.0,1,600.0,603.0,10.0,0.0,1,600.0,603.0,10.0,0.0,1
2026-03-23 16:19:19,2096.83,600.0,636.0,20.0,0.0,1,600.0,600.0,20.0,0.0,1,600.0,603.0,10.0,0.0,1,600.0,600.0,10.0,0.0,1,600.0,603.0,10.0,0.0,1,600.0,619.0,10.0,0.0,1
2026-03-23 16:19:19,2097.55,600.0,582.0,20.0,0.0,1,600.0,601.0,20.0,0.0,1,600.0,603.0,10.0,0.0,1,600.0,601.0,10.0,0.0,1,600.0,601.0,10.0,0.0,1,600.0,594.0,10.0,0.0,1
2026-03-23 16:19:20,2098.29,600.0,626.0,20.0,0.10000000149011612,1,600.0,601.0,20.0,0.0,1,600.0,603.0,10.0,0.0,1,600.0,602.0,10.0,0.0,1,600.0,601.0,10.0,0.0,1,600.0,586.0,10.0,0.0,1
2026-03-23 16:19:21,2099.03,600.0,596.0,20.0,0.10000000149011612,1,600.0,600.0,20.0,0.0,1,600.0,603.0,10.0,0.0,1,600.0,602.0,10.0,0.0,1,600.0,602.0,10.0,0.0,1,600.0,616.0,10.0,0.20000000298023224,1
2026-03-23 16:19:22,2099.77,600.0,595.0,20.0,0.0,1,600.0,601.0,20.0,0.0,1,600.0,603.0,10.0,0.0,1,600.0,603.0,10.0,0.0,1,600.0,603.0,10.0,0.0,1,600.0,593.0,10.0,0.20000000298023224,1
2026-03-23 16:19:22,2100.53,600.0,623.0,20.0,0.10000000149011612,1,600.0,599.0,20.0,0.0,1,600.0,602.0,10.0,0.0,1,600.0,603.0,10.0,0.0,1,600.0,604.0,10.0,0.0,1,600.0,605.0,10.0,0.0,1
2026-03-23 16:19:23,2101.27,600.0,597.0,20.0,0.10000000149011612,1,600.0,600.0,20.0,0.0,1,600.0,602.0,10.0,0.0,1,600.0,601.0,10.0,0.0,1,600.0,604.0,10.0,0.0,1,600.0,591.0,10.0,0.0,1
2026-03-23 16:19:24,2101.99,600.0,602.0,20.0,0.10000000149011612,1,600.0,601.0,20.0,0.0,1,600.0,602.0,10.0,0.0,1,600.0,602.0,10.0,0.0,1,600.0,602.0,10.0,0.0,1,600.0,619.0,10.0,0.0,1
2026-03-23 16:19:25,2102.72,600.0,610.0,20.0,0.10000000149011612,1,600.0,604.0,20.0,0.0,1,600.0,602.0,10.0,0.0,1,600.0,602.0,10.0,0.0,1,600.0,600.0,10.0,0.0,1,600.0,619.0,10.0,0.20000000298023224,1
2026-03-23 16:19:25,2103.44,600.0,624.0,20.0,0.10000000149011612,1,600.0,598.0,20.0,0.0,1,600.0,602.0,10.0,0.0,1,600.0,602.0,10.0,0.0,1,600.0,603.0,10.0,0.0,1,600.0,591.0,10.0,0.10000000149011612,1
2026-03-23 16:19:26,2104.2,600.0,593.0,20.0,0.0,1,600.0,601.0,20.0,0.0,1,600.0,602.0,10.0,0.0,1,600.0,602.0,10.0,0.0,1,600.0,599.0,10.0,0.0,1,600.0,594.0,10.0,0.0,1
2026-03-23 16:19:27,2104.95,600.0,601.0,20.0,0.0,1,600.0,601.0,20.0,0.0,1,600.0,602.0,10.0,0.0,1,600.0,602.0,10.0,0.0,1,600.0,604.0,10.0,0.0,1,600.0,602.0,10.0,0.0,1
2026-03-23 16:19:27,2105.67,600.0,606.0,20.0,0.0,1,600.0,601.0,20.0,0.0,1,600.0,603.0,10.0,0.0,1,600.0,602.0,10.0,0.0,1,600.0,599.0,10.0,0.0,1,600.0,607.0,10.0,0.0,1
2026-03-23 16:19:28,2106.4,600.0,584.0,20.0,0.0,1,600.0,601.0,20.0,0.0,1,600.0,603.0,10.0,0.0,1,600.0,602.0,10.0,0.0,1,600.0,603.0,10.0,0.0,1,600.0,609.0,10.0,0.0,1
2026-03-23 16:19:29,2107.17,600.0,616.0,20.0,0.0,1,600.0,602.0,20.0,0.0,1,600.0,603.0,10.0,0.0,1,600.0,602.0,10.0,0.0,1,600.0,598.0,10.0,0.0,1,600.0,608.0,10.0,0.0,1
2026-03-23 16:19:30,2107.91,600.0,592.0,20.0,0.10000000149011612,1,600.0,602.0,20.0,0.0,1,600.0,602.0,10.0,0.0,1,600.0,602.0,10.0,0.0,1,600.0,601.0,10.0,0.0,1,600.0,600.0,10.0,0.0,1
2026-03-23 16:19:30,2108.67,600.0,599.0,20.0,0.0,1,600.0,601.0,20.0,0.0,1,600.0,601.0,10.0,0.0,1,600.0,601.0,10.0,0.0,1,600.0,602.0,10.0,0.0,1,600.0,608.0,10.0,0.0,1
2026-03-23 16:19:31,2109.43,600.0,604.0,20.0,0.0,1,600.0,601.0,20.0,0.0,1,600.0,602.0,10.0,0.0,1,600.0,602.0,10.0,0.0,1,600.0,603.0,10.0,0.0,1,600.0,604.0,10.0,0.0,1
2026-03-23 16:19:32,2110.17,600.0,592.0,20.0,0.0,1,600.0,601.0,20.0,0.0,1,600.0,602.0,10.0,0.0,1,600.0,602.0,10.0,0.0,1,600.0,603.0,10.0,0.0,1,600.0,605.0,10.0,0.0,1
2026-03-23 16:19:33,2110.91,600.0,612.0,20.0,0.4000000059604645,1,600.0,601.0,20.0,0.0,1,600.0,603.0,10.0,0.0,1,600.0,602.0,10.0,0.0,1,600.0,597.0,10.0,0.0,1,600.0,604.0,10.0,0.0,1
2026-03-23 16:19:33,2111.63,600.0,613.0,20.0,0.4000000059604645,1,600.0,601.0,20.0,0.0,1,600.0,603.0,10.0,0.0,1,600.0,601.0,10.0,0.0,1,600.0,600.0,10.0,0.0,1,600.0,604.0,10.0,0.0,1
2026-03-23 16:19:34,2112.38,600.0,581.0,20.0,0.10000000149011612,1,600.0,601.0,20.0,0.0,1,600.0,603.0,10.0,0.0,1,600.0,602.0,10.0,0.0,1,600.0,599.0,10.0,0.0,1,600.0,604.0,10.0,0.0,1
2026-03-23 16:19:35,2113.11,600.0,604.0,20.0,0.0,1,600.0,601.0,20.0,0.0,1,600.0,601.0,10.0,0.0,1,600.0,602.0,10.0,0.0,1,600.0,598.0,10.0,0.0,1,600.0,610.0,10.0,0.0,1
2026-03-23 16:19:36,2113.84,600.0,604.0,20.0,0.0,1,600.0,601.0,20.0,0.0,1,600.0,601.0,10.0,0.0,1,600.0,602.0,10.0,0.0,1,600.0,602.0,10.0,0.0,1,600.0,596.0,10.0,0.0,1
2026-03-23 16:19:36,2114.57,600.0,626.0,20.0,0.4000000059604645,1,600.0,601.0,20.0,0.0,1,600.0,602.0,10.0,0.0,1,600.0,602.0,10.0,0.0,1,600.0,601.0,10.0,0.0,1,600.0,607.0,10.0,0.0,1
2026-03-23 16:19:37,2115.29,600.0,615.0,20.0,0.5,1,600.0,601.0,20.0,0.0,1,600.0,602.0,10.0,0.0,1,600.0,602.0,10.0,0.0,1,600.0,599.0,10.0,0.0,1,600.0,593.0,10.0,0.0,1
2026-03-23 16:19:38,2116.01,600.0,584.0,20.0,0.0,1,600.0,600.0,20.0,0.0,1,600.0,601.0,10.0,0.0,1,600.0,602.0,10.0,0.0,1,600.0,599.0,10.0,0.0,1,600.0,616.0,10.0,0.0,1
2026-03-23 16:19:39,2116.72,600.0,594.0,20.0,0.0,1,600.0,601.0,20.0,0.0,1,600.0,603.0,10.0,0.0,1,600.0,601.0,10.0,0.0,1,600.0,599.0,10.0,0.0,1,600.0,591.0,10.0,0.0,1
2026-03-23 16:19:39,2117.44,600.0,594.0,20.0,0.0,1,600.0,601.0,20.0,0.0,1,600.0,603.0,10.0,0.0,1,600.0,600.0,10.0,0.0,1,600.0,599.0,10.0,0.0,1,600.0,599.0,10.0,0.0,1
2026-03-23 16:19:40,2118.15,600.0,608.0,20.0,0.0,1,600.0,602.0,20.0,0.0,1,600.0,601.0,10.0,0.0,1,600.0,600.0,10.0,0.0,1,600.0,601.0,10.0,0.0,1,600.0,605.0,10.0,0.0,1
2026-03-23 16:19:41,2118.9,600.0,609.0,20.0,0.0,1,600.0,602.0,20.0,0.0,1,600.0,602.0,10.0,0.0,1,600.0,600.0,10.0,0.0,1,600.0,597.0,10.0,0.0,1,600.0,610.0,10.0,0.20000000298023224,1
2026-03-23 16:19:41,2119.62,600.0,613.0,20.0,0.0,1,600.0,600.0,20.0,0.0,1,600.0,603.0,10.0,0.0,1,600.0,602.0,10.0,0.0,1,600.0,600.0,10.0,0.0,1,600.0,596.0,10.0,0.0,1
2026-03-23 16:19:42,2120.35,600.0,614.0,20.0,0.0,1,600.0,600.0,20.0,0.0,1,600.0,603.0,10.0,0.0,1,600.0,601.0,10.0,0.0,1,600.0,601.0,10.0,0.0,1,600.0,603.0,10.0,0.0,1
2026-03-23 16:19:43,2121.06,600.0,595.0,20.0,0.0,1,600.0,601.0,20.0,0.0,1,600.0,603.0,10.0,0.0,1,600.0,601.0,10.0,0.0,1,600.0,602.0,10.0,0.0,1,600.0,622.0,10.0,0.0,1
2026-03-23 16:19:44,2121.81,600.0,621.0,20.0,0.0,1,600.0,602.0,20.0,0.0,1,600.0,603.0,10.0,0.0,1,600.0,603.0,10.0,0.0,1,600.0,602.0,10.0,0.0,1,600.0,590.0,10.0,0.0,1
2026-03-23 16:19:44,2122.54,600.0,609.0,20.0,0.10000000149011612,1,600.0,601.0,20.0,0.0,1,600.0,602.0,10.0,0.0,1,600.0,602.0,10.0,0.0,1,600.0,600.0,10.0,0.0,1,600.0,603.0,10.0,0.0,1
2026-03-23 16:19:45,2123.27,600.0,584.0,20.0,0.0,1,600.0,600.0,20.0,0.0,1,600.0,602.0,10.0,0.0,1,600.0,602.0,10.0,0.0,1,600.0,599.0,10.0,0.0,1,600.0,605.0,10.0,0.0,1
2026-03-23 16:19:46,2124.01,600.0,611.0,20.0,0.20000000298023224,1,600.0,600.0,20.0,0.0,1,600.0,602.0,10.0,0.0,1,600.0,602.0,10.0,0.0,1,600.0,602.0,10.0,0.0,1,600.0,604.0,10.0,0.0,1
2026-03-23 16:19:47,2124.76,600.0,637.0,20.0,0.20000000298023224,1,600.0,601.0,20.0,0.0,1,600.0,602.0,10.0,0.0,1,600.0,602.0,10.0,0.0,1,600.0,602.0,10.0,0.0,1,600.0,604.0,10.0,0.0,1
2026-03-23 16:19:47,2125.52,600.0,592.0,20.0,0.20000000298023224,1,600.0,601.0,20.0,0.0,1,600.0,602.0,10.0,0.0,1,600.0,602.0,10.0,0.0,1,600.0,603.0,10.0,0.0,1,600.0,602.0,10.0,0.0,1
2026-03-23 16:19:48,2126.26,600.0,607.0,20.0,0.20000000298023224,1,600.0,602.0,20.0,0.0,1,600.0,602.0,10.0,0.0,1,600.0,604.0,10.0,0.0,1,600.0,603.0,10.0,0.0,1,600.0,603.0,10.0,0.0,1
2026-03-23 16:19:49,2126.98,600.0,612.0,20.0,0.20000000298023224,1,600.0,602.0,20.0,0.0,1,600.0,602.0,10.0,0.0,1,600.0,601.0,10.0,0.0,1,600.0,603.0,10.0,0.0,1,600.0,604.0,10.0,0.0,1
2026-03-23 16:19:50,2127.7,600.0,612.0,20.0,0.4000000059604645,1,600.0,601.0,20.0,0.0,1,600.0,602.0,10.0,0.0,1,600.0,601.0,10.0,0.0,1,600.0,600.0,10.0,0.0,1,600.0,597.0,10.0,0.0,1
2026-03-23 16:19:50,2128.44,600.0,597.0,20.0,0.0,1,600.0,602.0,20.0,0.0,1,600.0,602.0,10.0,0.0,1,600.0,601.0,10.0,0.0,1,600.0,601.0,10.0,0.10000000149011612,1,600.0,589.0,10.0,0.0,1
2026-03-23 16:19:51,2129.16,600.0,598.0,20.0,0.20000000298023224,1,600.0,602.0,20.0,0.0,1,600.0,602.0,10.0,0.0,1,600.0,601.0,10.0,0.0,1,600.0,601.0,10.0,0.0,1,600.0,600.0,10.0,0.0,1
2026-03-23 16:19:52,2129.9,600.0,602.0,20.0,0.0,1,600.0,602.0,20.0,0.0,1,600.0,603.0,10.0,0.0,1,600.0,601.0,10.0,0.0,1,600.0,600.0,10.0,0.0,1,600.0,611.0,10.0,0.0,1
2026-03-23 16:19:52,2130.64,600.0,597.0,20.0,0.0,1,600.0,602.0,20.0,0.0,1,600.0,601.0,10.0,0.0,1,600.0,601.0,10.0,0.0,1,600.0,604.0,10.0,0.0,1,600.0,593.0,10.0,0.10000000149011612,1
2026-03-23 16:19:53,2131.37,600.0,602.0,20.0,0.0,1,600.0,600.0,20.0,0.0,1,600.0,600.0,10.0,0.0,1,600.0,601.0,10.0,0.0,1,600.0,597.0,10.0,0.0,1,600.0,600.0,10.0,0.0,1
2026-03-23 16:19:54,2132.1,600.0,611.0,20.0,0.0,1,600.0,602.0,20.0,0.0,1,600.0,603.0,10.0,0.0,1,600.0,602.0,10.0,0.0,1,600.0,602.0,10.0,0.0,1,600.0,602.0,10.0,0.0,1
2026-03-23 16:19:55,2132.88,600.0,589.0,20.0,0.0,1,600.0,601.0,20.0,0.0,1,600.0,601.0,10.0,0.0,1,600.0,600.0,10.0,0.0,1,600.0,600.0,10.0,0.0,1,600.0,602.0,10.0,0.0,1
2026-03-23 16:19:55,2133.61,600.0,592.0,20.0,0.0,1,600.0,602.0,20.0,0.0,1,600.0,601.0,10.0,0.0,1,600.0,600.0,10.0,0.0,1,600.0,600.0,10.0,0.0,1,600.0,609.0,10.0,0.0,1
2026-03-23 16:19:56,2134.33,600.0,604.0,20.0,0.0,1,600.0,601.0,20.0,0.0,1,600.0,603.0,10.0,0.0,1,600.0,602.0,10.0,0.0,1,600.0,600.0,10.0,0.0,1,600.0,604.0,10.0,0.0,1
2026-03-23 16:19:57,2135.05,600.0,607.0,20.0,0.20000000298023224,1,600.0,602.0,20.0,0.0,1,600.0,603.0,10.0,0.0,1,600.0,602.0,10.0,0.0,1,600.0,594.0,10.0,0.0,1,600.0,616.0,10.0,0.0,1
2026-03-23 16:19:58,2135.79,600.0,605.0,20.0,0.0,1,600.0,601.0,20.0,0.0,1,600.0,603.0,10.0,0.0,1,600.0,601.0,10.0,0.0,1,600.0,598.0,10.0,0.0,1,600.0,589.0,10.0,0.0,1
2026-03-23 16:19:58,2136.51,600.0,606.0,20.0,0.0,1,600.0,602.0,20.0,0.0,1,600.0,602.0,10.0,0.0,1,600.0,601.0,10.0,0.0,1,600.0,598.0,10.0,0.0,1,600.0,599.0,10.0,0.10000000149011612,1
2026-03-23 16:19:59,2137.23,600.0,602.0,20.0,0.0,1,600.0,602.0,20.0,0.0,1,600.0,603.0,10.0,0.0,1,600.0,603.0,10.0,0.0,1,600.0,598.0,10.0,0.0,1,600.0,607.0,10.0,0.10000000149011612,1
2026-03-23 16:20:00,2137.94,600.0,611.0,20.0,0.0,1,600.0,601.0,20.0,0.0,1,600.0,603.0,10.0,0.0,1,600.0,601.0,10.0,0.0,1,600.0,601.0,10.0,0.0,1,600.0,603.0,10.0,0.0,1
2026-03-23 16:20:00,2138.66,600.0,607.0,20.0,0.10000000149011612,1,600.0,601.0,20.0,0.0,1,600.0,603.0,10.0,0.0,1,600.0,602.0,10.0,0.0,1,600.0,602.0,10.0,0.0,1,600.0,622.0,10.0,0.20000000298023224,1
2026-03-23 16:20:01,2139.37,600.0,611.0,20.0,0.10000000149011612,1,600.0,601.0,20.0,0.0,1,600.0,603.0,10.0,0.0,1,600.0,601.0,10.0,0.0,1,600.0,600.0,10.0,0.0,1,600.0,580.0,10.0,0.0,1
2026-03-23 16:20:02,2140.09,600.0,604.0,20.0,0.10000000149011612,1,600.0,601.0,20.0,0.0,1,600.0,603.0,10.0,0.0,1,600.0,601.0,10.0,0.0,1,600.0,603.0,10.0,0.0,1,600.0,603.0,10.0,0.0,1
2026-03-23 16:20:03,2140.8,600.0,631.0,20.0,0.4000000059604645,1,600.0,601.0,20.0,0.0,1,600.0,602.0,10.0,0.0,1,600.0,601.0,10.0,0.0,1,600.0,597.0,10.0,0.0,1,600.0,603.0,10.0,0.0,1
2026-03-23 16:20:03,2141.53,600.0,582.0,20.0,0.0,1,600.0,601.0,20.0,0.0,1,600.0,601.0,10.0,0.0,1,600.0,602.0,10.0,0.0,1,600.0,601.0,10.0,0.0,1,600.0,622.0,10.0,0.30000001192092896,1
2026-03-23 16:20:04,2142.26,600.0,588.0,20.0,0.0,1,600.0,601.0,20.0,0.0,1,600.0,601.0,10.0,0.0,1,600.0,602.0,10.0,0.0,1,600.0,597.0,10.0,0.0,1,600.0,588.0,10.0,0.0,1
2026-03-23 16:20:05,2142.98,600.0,601.0,20.0,0.0,1,600.0,601.0,20.0,0.0,1,600.0,602.0,10.0,0.0,1,600.0,600.0,10.0,0.0,1,600.0,602.0,10.0,0.0,1,600.0,602.0,10.0,0.0,1
2026-03-23 16:20:05,2143.69,600.0,607.0,20.0,0.0,1,600.0,601.0,20.0,0.0,1,600.0,601.0,10.0,0.0,1,600.0,600.0,10.0,0.0,1,600.0,606.0,10.0,0.0,1,600.0,604.0,10.0,0.0,1
2026-03-23 16:20:06,2144.42,600.0,601.0,20.0,0.0,1,600.0,601.0,20.0,0.0,1,600.0,602.0,10.0,0.0,1,600.0,603.0,10.0,0.0,1,600.0,603.0,10.0,0.0,1,600.0,603.0,10.0,0.0,1
2026-03-23 16:20:07,2145.18,600.0,588.0,20.0,0.0,1,600.0,600.0,20.0,0.0,1,600.0,602.0,10.0,0.0,1,600.0,603.0,10.0,0.0,1,600.0,599.0,10.0,0.0,1,600.0,604.0,10.0,0.0,1
2026-03-23 16:20:08,2145.9,600.0,610.0,20.0,0.0,1,600.0,600.0,20.0,0.0,1,600.0,604.0,10.0,0.0,1,600.0,601.0,10.0,0.0,1,600.0,601.0,10.0,0.0,1,600.0,604.0,10.0,0.0,1
2026-03-23 16:20:08,2146.62,600.0,603.0,20.0,0.0,1,600.0,601.0,20.0,0.0,1,600.0,602.0,10.0,0.0,1,600.0,602.0,10.0,0.0,1,600.0,601.0,10.0,0.0,1,600.0,608.0,10.0,0.0,1
2026-03-23 16:20:09,2147.36,600.0,611.0,20.0,0.10000000149011612,1,600.0,601.0,20.0,0.0,1,600.0,603.0,10.0,0.0,1,600.0,601.0,10.0,0.0,1,600.0,599.0,10.0,0.0,1,600.0,589.0,10.0,0.0,1
2026-03-23 16:20:10,2148.08,600.0,634.0,20.0,0.0,1,600.0,601.0,20.0,0.0,1,600.0,603.0,10.0,0.0,1,600.0,601.0,10.0,0.0,1,600.0,601.0,10.0,0.0,1,600.0,604.0,10.0,0.0,1
2026-03-23 16:20:11,2148.82,600.0,608.0,20.0,0.0,1,600.0,601.0,20.0,0.0,1,600.0,601.0,10.0,0.0,1,600.0,601.0,10.0,0.0,1,600.0,602.0,10.0,0.0,1,600.0,604.0,10.0,0.0,1
2026-03-23 16:20:11,2149.56,600.0,578.0,20.0,0.0,1,600.0,600.0,20.0,0.0,1,600.0,602.0,10.0,0.0,1,600.0,602.0,10.0,0.0,1,600.0,602.0,10.0,0.0,1,600.0,608.0,10.0,0.0,1
2026-03-23 16:20:12,2150.29,600.0,612.0,20.0,0.0,1,600.0,600.0,20.0,0.0,1,600.0,601.0,10.0,0.0,1,600.0,601.0,10.0,0.0,1,600.0,604.0,10.0,0.0,1,600.0,602.0,10.0,0.10000000149011612,1
2026-03-23 16:20:13,2150.99,600.0,602.0,20.0,0.0,1,600.0,601.0,20.0,0.0,1,600.0,603.0,10.0,0.0,1,600.0,601.0,10.0,0.0,1,600.0,602.0,10.0,0.0,1,600.0,602.0,10.0,0.0,1
2026-03-23 16:20:14,2151.75,600.0,611.0,20.0,0.0,1,600.0,601.0,20.0,0.0,1,600.0,603.0,10.0,0.0,1,600.0,601.0,10.0,0.0,1,600.0,602.0,10.0,0.0,1,600.0,616.0,10.0,0.0,1
2026-03-23 16:20:14,2152.47,600.0,597.0,20.0,0.10000000149011612,1,600.0,601.0,20.0,0.0,1,600.0,601.0,10.0,0.0,1,600.0,601.0,10.0,0.0,1,600.0,602.0,10.0,0.0,1,600.0,596.0,10.0,0.0,1
2026-03-23 16:20:15,2153.21,600.0,576.0,20.0,0.0,1,600.0,602.0,20.0,0.0,1,600.0,601.0,10.0,0.0,1,600.0,601.0,10.0,0.0,1,600.0,603.0,10.0,0.0,1,600.0,602.0,10.0,0.0,1
2026-03-23 16:20:16,2153.95,600.0,606.0,20.0,0.0,1,600.0,602.0,20.0,0.0,1,600.0,601.0,10.0,0.0,1,600.0,603.0,10.0,0.0,1,600.0,604.0,10.0,0.0,1,600.0,612.0,10.0,0.0,1
2026-03-23 16:20:16,2154.67,600.0,610.0,20.0,0.0,1,600.0,602.0,20.0,0.0,1,600.0,601.0,10.0,0.0,1,600.0,602.0,10.0,0.0,1,600.0,601.0,10.0,0.0,1,600.0,627.0,10.0,0.0,1
2026-03-23 16:20:17,2155.41,600.0,593.0,20.0,0.0,1,600.0,601.0,20.0,0.0,1,600.0,602.0,10.0,0.0,1,600.0,601.0,10.0,0.0,1,600.0,604.0,10.0,0.0,1,600.0,598.0,10.0,0.0,1
2026-03-23 16:20:18,2156.14,600.0,606.0,20.0,0.0,1,600.0,602.0,20.0,0.0,1,600.0,604.0,10.0,0.0,1,600.0,603.0,10.0,0.0,1,600.0,603.0,10.0,0.0,1,600.0,602.0,10.0,0.0,1
2026-03-23 16:20:19,2156.86,600.0,603.0,20.0,0.10000000149011612,1,600.0,601.0,20.0,0.0,1,600.0,602.0,10.0,0.0,1,600.0,600.0,10.0,0.0,1,600.0,603.0,10.0,0.0,1,600.0,604.0,10.0,0.0,1
2026-03-23 16:20:19,2157.6,600.0,617.0,20.0,0.0,1,600.0,600.0,20.0,0.0,1,600.0,603.0,10.0,0.0,1,600.0,600.0,10.0,0.0,1,600.0,601.0,10.0,0.0,1,600.0,619.0,10.0,0.0,1
2026-03-23 16:20:20,2158.36,600.0,610.0,20.0,0.0,1,600.0,600.0,20.0,0.0,1,600.0,601.0,10.0,0.0,1,600.0,600.0,10.0,0.0,1,600.0,600.0,10.0,0.0,1,600.0,590.0,10.0,0.0,1
2026-03-23 16:20:21,2159.08,600.0,598.0,20.0,0.0,1,600.0,600.0,20.0,0.0,1,600.0,603.0,10.0,0.0,1,600.0,600.0,10.0,0.0,1,600.0,603.0,10.0,0.0,1,600.0,602.0,10.0,0.0,1
2026-03-23 16:20:22,2159.81,600.0,621.0,20.0,0.20000000298023224,1,600.0,600.0,20.0,0.0,1,600.0,603.0,10.0,0.0,1,600.0,600.0,10.0,0.0,1,600.0,602.0,10.0,0.0,1,600.0,603.0,10.0,0.0,1
2026-03-23 16:20:22,2160.56,600.0,576.0,20.0,0.0,1,600.0,602.0,20.0,0.0,1,600.0,603.0,10.0,0.0,1,600.0,601.0,10.0,0.0,1,600.0,606.0,10.0,0.0,1,600.0,604.0,10.0,0.0,1
2026-03-23 16:20:23,2161.29,600.0,622.0,20.0,0.0,1,600.0,600.0,20.0,0.0,1,600.0,603.0,10.0,0.0,1,600.0,601.0,10.0,0.0,1,600.0,601.0,10.0,0.0,1,600.0,602.0,10.0,0.0,1
2026-03-23 16:20:24,2162.01,600.0,599.0,20.0,0.10000000149011612,1,600.0,600.0,20.0,0.0,1,600.0,602.0,10.0,0.0,1,600.0,601.0,10.0,0.0,1,600.0,601.0,10.0,0.0,1,600.0,619.0,10.0,0.10000000149011612,1
2026-03-23 16:20:25,2162.74,600.0,588.0,20.0,0.10000000149011612,1,600.0,600.0,20.0,0.0,1,600.0,603.0,10.0,0.0,1,600.0,601.0,10.0,0.0,1,600.0,601.0,10.0,0.0,1,600.0,594.0,10.0,0.0,1
2026-03-23 16:20:25,2163.45,600.0,622.0,20.0,0.10000000149011612,1,600.0,601.0,20.0,0.0,1,600.0,603.0,10.0,0.0,1,600.0,601.0,10.0,0.0,1,600.0,600.0,10.0,0.0,1,600.0,616.0,10.0,0.20000000298023224,1
2026-03-23 16:20:26,2164.19,600.0,590.0,20.0,0.0,1,600.0,601.0,20.0,0.0,1,600.0,602.0,10.0,0.0,1,600.0,599.0,10.0,0.0,1,600.0,600.0,10.0,0.0,1,600.0,611.0,10.0,0.10000000149011612,1
2026-03-23 16:20:27,2164.96,600.0,614.0,20.0,0.30000001192092896,1,600.0,601.0,20.0,0.0,1,600.0,602.0,10.0,0.0,1,600.0,601.0,10.0,0.0,1,600.0,601.0,10.0,0.0,1,600.0,595.0,10.0,0.0,1
2026-03-23 16:20:28,2165.79,600.0,599.0,20.0,0.0,1,600.0,600.0,20.0,0.0,1,600.0,602.0,10.0,0.0,1,600.0,603.0,10.0,0.0,1,600.0,600.0,10.0,0.0,1,600.0,609.0,10.0,0.0,1
2026-03-23 16:20:28,2166.56,600.0,608.0,20.0,0.0,1,600.0,600.0,20.0,0.0,1,600.0,601.0,10.0,0.0,1,600.0,602.0,10.0,0.0,1,600.0,600.0,10.0,0.0,1,600.0,604.0,10.0,0.0,1
2026-03-23 16:20:29,2167.38,600.0,605.0,20.0,0.20000000298023224,1,600.0,600.0,20.0,0.0,1,600.0,602.0,10.0,0.0,1,600.0,602.0,10.0,0.0,1,600.0,602.0,10.0,0.0,1,600.0,614.0,10.0,0.0,1
2026-03-23 16:20:30,2168.12,600.0,588.0,20.0,0.0,1,600.0,601.0,20.0,0.0,1,600.0,604.0,10.0,0.0,1,600.0,601.0,10.0,0.0,1,600.0,601.0,10.0,0.0,1,600.0,594.0,10.0,0.0,1
2026-03-23 16:20:31,2168.9,600.0,610.0,20.0,0.0,1,600.0,600.0,20.0,0.0,1,600.0,602.0,10.0,0.0,1,600.0,601.0,10.0,0.0,1,600.0,607.0,10.0,0.0,1,600.0,602.0,10.0,0.0,1
2026-03-23 16:20:31,2169.7,600.0,601.0,20.0,0.0,1,600.0,602.0,20.0,0.0,1,600.0,602.0,10.0,0.0,1,600.0,602.0,10.0,0.0,1,600.0,599.0,10.0,0.0,1,600.0,599.0,10.0,0.0,1
2026-03-23 16:20:32,2170.5,600.0,601.0,20.0,0.0,1,600.0,601.0,20.0,0.0,1,600.0,602.0,10.0,0.0,1,600.0,602.0,10.0,0.0,1,600.0,605.0,10.0,0.0,1,600.0,603.0,10.0,0.0,1
2026-03-23 16:20:33,2171.26,600.0,613.0,20.0,0.0,1,600.0,601.0,20.0,0.0,1,600.0,602.0,10.0,0.0,1,600.0,603.0,10.0,0.0,1,600.0,604.0,10.0,0.0,1,600.0,604.0,10.0,0.0,1
2026-03-23 16:20:34,2171.99,600.0,609.0,20.0,0.0,1,600.0,601.0,20.0,0.0,1,600.0,602.0,10.0,0.0,1,600.0,600.0,10.0,0.0,1,600.0,603.0,10.0,0.0,1,600.0,604.0,10.0,0.10000000149011612,1
2026-03-23 16:20:35,2172.78,600.0,590.0,20.0,0.0,1,600.0,601.0,20.0,0.0,1,600.0,602.0,10.0,0.0,1,600.0,600.0,10.0,0.0,1,600.0,600.0,10.0,0.0,1,600.0,603.0,10.0,0.0,1
2026-03-23 16:20:35,2173.51,600.0,626.0,20.0,0.4000000059604645,1,600.0,601.0,20.0,0.0,1,600.0,602.0,10.0,0.0,1,600.0,600.0,10.0,0.0,1,600.0,601.0,10.0,0.0,1,600.0,601.0,10.0,0.0,1
2026-03-23 16:20:36,2174.26,600.0,600.0,20.0,0.0,1,600.0,601.0,20.0,0.0,1,600.0,601.0,10.0,0.0,1,600.0,602.0,10.0,0.0,1,600.0,603.0,10.0,0.0,1,600.0,609.0,10.0,0.0,1
2026-03-23 16:20:37,2175.0,600.0,591.0,20.0,0.0,1,600.0,601.0,20.0,0.0,1,600.0,603.0,10.0,0.0,1,600.0,602.0,10.0,0.0,1,600.0,600.0,10.0,0.0,1,600.0,617.0,10.0,0.0,1
2026-03-23 16:20:38,2175.72,600.0,634.0,20.0,0.20000000298023224,1,600.0,601.0,20.0,0.0,1,600.0,602.0,10.0,0.0,1,600.0,601.0,10.0,0.0,1,600.0,601.0,10.0,0.0,1,600.0,587.0,10.0,0.0,1
2026-03-23 16:20:38,2176.43,600.0,598.0,20.0,0.0,1,600.0,601.0,20.0,0.0,1,600.0,603.0,10.0,0.0,1,600.0,601.0,10.0,0.0,1,600.0,601.0,10.0,0.0,1,600.0,604.0,10.0,0.0,1
2026-03-23 16:20:39,2177.15,600.0,595.0,20.0,0.0,1,600.0,601.0,20.0,0.0,1,600.0,602.0,10.0,0.0,1,600.0,601.0,10.0,0.0,1,600.0,601.0,10.0,0.0,1,600.0,607.0,10.0,0.0,1
2026-03-23 16:20:40,2177.86,600.0,610.0,20.0,0.0,1,600.0,601.0,20.0,0.0,1,600.0,602.0,10.0,0.0,1,600.0,602.0,10.0,0.0,1,600.0,604.0,10.0,0.0,1,600.0,616.0,10.0,0.0,1
2026-03-23 16:20:40,2178.58,600.0,601.0,20.0,0.0,1,600.0,600.0,20.0,0.0,1,600.0,602.0,10.0,0.0,1,600.0,601.0,10.0,0.0,1,600.0,601.0,10.0,0.0,1,600.0,591.0,10.0,0.0,1
2026-03-23 16:20:41,2179.33,600.0,627.0,20.0,0.0,1,600.0,600.0,20.0,0.0,1,600.0,601.0,10.0,0.0,1,600.0,603.0,10.0,0.0,1,600.0,600.0,10.0,0.0,1,600.0,608.0,10.0,0.0,1
2026-03-23 16:20:42,2180.07,600.0,588.0,20.0,0.0,1,600.0,601.0,20.0,0.0,1,600.0,602.0,10.0,0.0,1,600.0,603.0,10.0,0.0,1,600.0,600.0,10.0,0.0,1,600.0,598.0,10.0,0.0,1
2026-03-23 16:20:43,2180.8,600.0,621.0,20.0,0.0,1,600.0,601.0,20.0,0.0,1,600.0,602.0,10.0,0.0,1,600.0,597.0,10.0,0.0,1,600.0,600.0,10.0,0.0,1,600.0,607.0,10.0,0.0,1
2026-03-23 16:20:43,2181.54,600.0,612.0,20.0,0.0,1,600.0,601.0,20.0,0.0,1,600.0,601.0,10.0,0.0,1,600.0,603.0,10.0,0.0,1,600.0,601.0,10.0,0.0,1,600.0,604.0,10.0,0.0,1
2026-03-23 16:20:44,2182.26,600.0,610.0,20.0,0.20000000298023224,1,600.0,601.0,20.0,0.0,1,600.0,602.0,10.0,0.0,1,600.0,601.0,10.0,0.0,1,600.0,598.0,10.0,0.0,1,600.0,610.0,10.0,0.0,1
2026-03-23 16:20:45,2182.97,600.0,609.0,20.0,0.0,1,600.0,599.0,20.0,0.0,1,600.0,602.0,10.0,0.0,1,600.0,600.0,10.0,0.0,1,600.0,599.0,10.0,0.0,1,600.0,604.0,10.0,0.0,1
2026-03-23 16:20:45,2183.68,600.0,611.0,20.0,0.0,1,600.0,600.0,20.0,0.0,1,600.0,603.0,10.0,0.0,1,600.0,600.0,10.0,0.0,1,600.0,600.0,10.0,0.0,1,600.0,607.0,10.0,0.0,1
2026-03-23 16:20:46,2184.39,600.0,588.0,20.0,0.0,1,600.0,600.0,20.0,0.0,1,600.0,603.0,10.0,0.0,1,600.0,600.0,10.0,0.0,1,600.0,603.0,10.0,0.0,1,600.0,585.0,10.0,0.0,1
2026-03-23 16:20:47,2185.11,600.0,617.0,20.0,0.0,1,600.0,600.0,20.0,0.0,1,600.0,603.0,10.0,0.0,1,600.0,602.0,10.0,0.0,1,600.0,601.0,10.0,0.0,1,600.0,605.0,10.0,0.0,1
2026-03-23 16:20:48,2185.84,600.0,601.0,20.0,0.0,1,600.0,602.0,20.0,0.0,1,600.0,603.0,10.0,0.0,1,600.0,603.0,10.0,0.0,1,600.0,603.0,10.0,0.0,1,600.0,611.0,10.0,0.0,1
2026-03-23 16:20:48,2186.59,600.0,580.0,20.0,0.0,1,600.0,601.0,20.0,0.0,1,600.0,603.0,10.0,0.0,1,600.0,602.0,10.0,0.0,1,600.0,602.0,10.0,0.0,1,600.0,608.0,10.0,0.0,1
2026-03-23 16:20:49,2187.32,600.0,612.0,20.0,0.0,1,600.0,601.0,20.0,0.0,1,600.0,603.0,10.0,0.0,1,600.0,598.0,10.0,0.0,1,600.0,604.0,10.0,0.0,1,600.0,604.0,10.0,0.0,1
2026-03-23 16:20:50,2188.03,600.0,584.0,20.0,0.0,1,600.0,601.0,20.0,0.0,1,600.0,603.0,10.0,0.0,1,600.0,602.0,10.0,0.0,1,600.0,599.0,10.0,0.0,1,600.0,604.0,10.0,0.0,1
2026-03-23 16:20:51,2188.74,600.0,607.0,20.0,0.0,1,600.0,601.0,20.0,0.0,1,600.0,603.0,10.0,0.0,1,600.0,602.0,10.0,0.0,1,600.0,600.0,10.0,0.0,1,600.0,600.0,10.0,0.0,1
2026-03-23 16:20:51,2189.48,600.0,598.0,20.0,0.0,1,600.0,601.0,20.0,0.0,1,600.0,603.0,10.0,0.0,1,600.0,601.0,10.0,0.0,1,600.0,601.0,10.0,0.0,1,600.0,604.0,10.0,0.0,1
2026-03-23 16:20:52,2190.19,600.0,591.0,20.0,0.0,1,600.0,601.0,20.0,0.0,1,600.0,603.0,10.0,0.0,1,600.0,601.0,10.0,0.0,1,600.0,600.0,10.0,0.0,1,600.0,604.0,10.0,0.0,1
2026-03-23 16:20:53,2190.9,600.0,616.0,20.0,0.10000000149011612,1,600.0,601.0,20.0,0.0,1,600.0,601.0,10.0,0.0,1,600.0,601.0,10.0,0.0,1,600.0,600.0,10.0,0.0,1,600.0,607.0,10.0,0.10000000149011612,1
2026-03-23 16:20:53,2191.62,600.0,594.0,20.0,0.20000000298023224,1,600.0,601.0,20.0,0.0,1,600.0,603.0,10.0,0.0,1,600.0,602.0,10.0,0.0,1,600.0,603.0,10.0,0.0,1,600.0,603.0,10.0,0.10000000149011612,1
2026-03-23 16:20:54,2192.35,600.0,571.0,20.0,0.0,1,600.0,602.0,20.0,0.0,1,600.0,602.0,10.0,0.0,1,600.0,601.0,10.0,0.0,1,600.0,602.0,10.0,0.0,1,600.0,607.0,10.0,0.0,1
2026-03-23 16:20:55,2193.07,600.0,611.0,20.0,0.0,1,600.0,600.0,20.0,0.0,1,600.0,602.0,10.0,0.0,1,600.0,602.0,10.0,0.0,1,600.0,602.0,10.0,0.0,1,600.0,605.0,10.0,0.0,1
2026-03-23 16:20:56,2193.78,600.0,586.0,20.0,0.0,1,600.0,601.0,20.0,0.0,1,600.0,603.0,10.0,0.0,1,600.0,604.0,10.0,0.0,1,600.0,597.0,10.0,0.0,1,600.0,607.0,10.0,0.0,1
2026-03-23 16:20:56,2194.51,600.0,614.0,20.0,0.10000000149011612,1,600.0,601.0,20.0,0.0,1,600.0,602.0,10.0,0.0,1,600.0,602.0,10.0,0.0,1,600.0,598.0,10.0,0.0,1,600.0,602.0,10.0,0.0,1
2026-03-23 16:20:57,2195.22,600.0,604.0,20.0,0.10000000149011612,1,600.0,601.0,20.0,0.0,1,600.0,602.0,10.0,0.0,1,600.0,602.0,10.0,0.0,1,600.0,600.0,10.0,0.0,1,600.0,598.0,10.0,0.0,1
2026-03-23 16:20:58,2195.93,600.0,605.0,20.0,0.10000000149011612,1,600.0,601.0,20.0,0.0,1,600.0,602.0,10.0,0.0,1,600.0,603.0,10.0,0.0,1,600.0,599.0,10.0,0.0,1,600.0,606.0,10.0,0.0,1
2026-03-23 16:20:58,2196.65,600.0,625.0,20.0,0.10000000149011612,1,600.0,601.0,20.0,0.0,1,600.0,602.0,10.0,0.0,1,600.0,603.0,10.0,0.0,1,600.0,605.0,10.0,0.0,1,600.0,606.0,10.0,0.0,1
2026-03-23 16:20:59,2197.37,600.0,598.0,20.0,0.0,1,600.0,601.0,20.0,0.0,1,600.0,602.0,10.0,0.0,1,600.0,603.0,10.0,0.0,1,600.0,602.0,10.0,0.0,1,600.0,602.0,10.0,0.0,1
2026-03-23 16:21:00,2198.08,600.0,606.0,20.0,0.0,1,600.0,601.0,20.0,0.0,1,600.0,603.0,10.0,0.0,1,600.0,603.0,10.0,0.0,1,600.0,595.0,10.0,0.0,1,600.0,598.0,10.0,0.0,1
2026-03-23 16:21:01,2198.8,600.0,630.0,20.0,0.10000000149011612,1,600.0,601.0,20.0,0.0,1,600.0,602.0,10.0,0.0,1,600.0,600.0,10.0,0.0,1,600.0,603.0,10.0,0.0,1,600.0,600.0,10.0,0.0,1
2026-03-23 16:21:01,2199.51,600.0,605.0,20.0,0.0,1,600.0,600.0,20.0,0.0,1,600.0,602.0,10.0,0.0,1,600.0,600.0,10.0,0.0,1,600.0,599.0,10.0,0.0,1,600.0,604.0,10.0,0.0,1
2026-03-23 16:21:02,2200.23,600.0,593.0,20.0,0.0,1,600.0,600.0,20.0,0.0,1,600.0,602.0,10.0,0.0,1,600.0,600.0,10.0,0.0,1,600.0,602.0,10.0,0.0,1,600.0,604.0,10.0,0.0,1
2026-03-23 16:21:03,2200.94,600.0,628.0,20.0,0.20000000298023224,1,600.0,601.0,20.0,0.0,1,600.0,602.0,10.0,0.0,1,600.0,600.0,10.0,0.0,1,600.0,602.0,10.0,0.0,1,600.0,603.0,10.0,0.0,1
2026-03-23 16:21:03,2201.66,600.0,617.0,20.0,0.0,1,600.0,603.0,20.0,0.0,1,600.0,602.0,10.0,0.0,1,600.0,600.0,10.0,0.0,1,600.0,602.0,10.0,0.0,1,600.0,604.0,10.0,0.0,1
2026-03-23 16:21:04,2202.38,600.0,589.0,20.0,0.10000000149011612,1,600.0,599.0,20.0,0.0,1,600.0,602.0,10.0,0.0,1,600.0,602.0,10.0,0.0,1,600.0,603.0,10.0,0.0,1,600.0,604.0,10.0,0.0,1
2026-03-23 16:21:05,2203.1,600.0,610.0,20.0,0.0,1,600.0,601.0,20.0,0.0,1,600.0,602.0,10.0,0.0,1,600.0,601.0,10.0,0.0,1,600.0,603.0,10.0,0.0,1,600.0,604.0,10.0,0.0,1
2026-03-23 16:21:06,2203.81,600.0,604.0,20.0,0.0,1,600.0,601.0,20.0,0.0,1,600.0,602.0,10.0,0.0,1,600.0,601.0,10.0,0.0,1,600.0,603.0,10.0,0.0,1,600.0,603.0,10.0,0.0,1
2026-03-23 16:21:06,2204.54,600.0,603.0,20.0,0.0,1,600.0,600.0,20.0,0.0,1,600.0,602.0,10.0,0.0,1,600.0,600.0,10.0,0.0,1,600.0,605.0,10.0,0.0,1,600.0,603.0,10.0,0.0,1
2026-03-23 16:21:07,2205.27,600.0,612.0,20.0,0.0,1,600.0,600.0,20.0,0.0,1,600.0,602.0,10.0,0.0,1,600.0,600.0,10.0,0.0,1,600.0,604.0,10.0,0.0,1,600.0,602.0,10.0,0.0,1
2026-03-23 16:21:08,2205.98,600.0,614.0,20.0,0.10000000149011612,1,600.0,600.0,20.0,0.0,1,600.0,602.0,10.0,0.0,1,600.0,601.0,10.0,0.0,1,600.0,606.0,10.0,0.0,1,600.0,606.0,10.0,0.0,1
2026-03-23 16:21:08,2206.68,600.0,582.0,20.0,0.0,1,600.0,601.0,20.0,0.0,1,600.0,603.0,10.0,0.0,1,600.0,601.0,10.0,0.0,1,600.0,596.0,10.0,0.0,1,600.0,602.0,10.0,0.0,1
2026-03-23 16:21:09,2207.4,600.0,626.0,20.0,0.30000001192092896,1,600.0,601.0,20.0,0.0,1,600.0,602.0,10.0,0.0,1,600.0,600.0,10.0,0.0,1,600.0,602.0,10.0,0.0,1,600.0,607.0,10.0,0.0,1
2026-03-23 16:21:10,2208.1,600.0,605.0,20.0,0.10000000149011612,1,600.0,599.0,20.0,0.0,1,600.0,603.0,10.0,0.0,1,600.0,601.0,10.0,0.0,1,600.0,599.0,10.0,0.0,1,600.0,606.0,10.0,0.0,1
2026-03-23 16:21:11,2208.83,600.0,626.0,20.0,0.10000000149011612,1,600.0,600.0,20.0,0.0,1,600.0,603.0,10.0,0.0,1,600.0,601.0,10.0,0.0,1,600.0,601.0,10.0,0.0,1,600.0,624.0,10.0,0.10000000149011612,1
2026-03-23 16:21:11,2209.55,600.0,600.0,20.0,0.0,1,600.0,601.0,20.0,0.0,1,600.0,603.0,10.0,0.0,1,600.0,601.0,10.0,0.0,1,600.0,600.0,10.0,0.0,1,600.0,589.0,10.0,0.0,1
2026-03-23 16:21:12,2210.26,600.0,603.0,20.0,0.0,1,600.0,601.0,20.0,0.0,1,600.0,603.0,10.0,0.0,1,600.0,602.0,10.0,0.0,1,600.0,603.0,10.0,0.0,1,600.0,600.0,10.0,0.0,1
2026-03-23 16:21:13,2210.97,600.0,608.0,20.0,0.0,1,600.0,601.0,20.0,0.0,1,600.0,602.0,10.0,0.0,1,600.0,602.0,10.0,0.0,1,600.0,601.0,10.0,0.0,1,600.0,610.0,10.0,0.0,1
2026-03-23 16:21:13,2211.7,600.0,596.0,20.0,0.0,1,600.0,601.0,20.0,0.0,1,600.0,602.0,10.0,0.0,1,600.0,602.0,10.0,0.0,1,600.0,600.0,10.0,0.0,1,600.0,608.0,10.0,0.10000000149011612,1
2026-03-23 16:21:14,2212.41,600.0,597.0,20.0,0.0,1,600.0,600.0,20.0,0.0,1,600.0,603.0,10.0,0.0,1,600.0,602.0,10.0,0.0,1,600.0,601.0,10.0,0.0,1,600.0,603.0,10.0,0.0,1
2026-03-23 16:21:15,2213.12,600.0,606.0,20.0,0.0,1,600.0,600.0,20.0,0.0,1,600.0,602.0,10.0,0.0,1,600.0,601.0,10.0,0.0,1,600.0,602.0,10.0,0.0,1,600.0,604.0,10.0,0.0,1
2026-03-23 16:21:16,2213.84,600.0,591.0,20.0,0.0,1,600.0,601.0,20.0,0.0,1,600.0,602.0,10.0,0.0,1,600.0,601.0,10.0,0.0,1,600.0,597.0,10.0,0.0,1,600.0,607.0,10.0,0.0,1
2026-03-23 16:21:16,2214.56,600.0,602.0,20.0,0.0,1,600.0,600.0,20.0,0.0,1,600.0,602.0,10.0,0.0,1,600.0,600.0,10.0,0.0,1,600.0,600.0,10.0,0.0,1,600.0,605.0,10.0,0.0,1
2026-03-23 16:21:17,2215.3,600.0,582.0,20.0,0.0,1,600.0,600.0,20.0,0.0,1,600.0,602.0,10.0,0.0,1,600.0,601.0,10.0,0.0,1,600.0,600.0,10.0,0.0,1,600.0,626.0,10.0,0.10000000149011612,1
2026-03-23 16:21:18,2216.01,600.0,616.0,20.0,0.0,1,600.0,600.0,20.0,0.0,1,600.0,602.0,10.0,0.0,1,600.0,602.0,10.0,0.0,1,600.0,600.0,10.0,0.0,1,600.0,585.0,10.0,0.0,1
2026-03-23 16:21:19,2216.74,600.0,602.0,20.0,0.0,1,600.0,600.0,20.0,0.0,1,600.0,602.0,10.0,0.0,1,600.0,599.0,10.0,0.0,1,600.0,604.0,10.0,0.0,1,600.0,602.0,10.0,0.0,1
2026-03-23 16:21:19,2217.46,600.0,621.0,20.0,0.10000000149011612,1,600.0,600.0,20.0,0.0,1,600.0,603.0,10.0,0.0,1,600.0,602.0,10.0,0.0,1,600.0,600.0,10.0,0.0,1,600.0,603.0,10.0,0.0,1
2026-03-23 16:21:20,2218.19,600.0,604.0,20.0,0.20000000298023224,1,600.0,601.0,20.0,0.0,1,600.0,603.0,10.0,0.0,1,600.0,602.0,10.0,0.0,1,600.0,602.0,10.0,0.0,1,600.0,603.0,10.0,0.0,1
2026-03-23 16:21:21,2218.91,600.0,600.0,20.0,0.0,1,600.0,602.0,20.0,0.0,1,600.0,602.0,10.0,0.0,1,600.0,600.0,10.0,0.0,1,600.0,602.0,10.0,0.0,1,600.0,603.0,10.0,0.0,1
2026-03-23 16:21:21,2219.63,600.0,601.0,20.0,0.0,1,600.0,601.0,20.0,0.0,1,600.0,602.0,10.0,0.0,1,600.0,602.0,10.0,0.0,1,600.0,604.0,10.0,0.0,1,600.0,603.0,10.0,0.0,1
2026-03-23 16:21:22,2220.35,600.0,598.0,20.0,0.0,1,600.0,601.0,20.0,0.0,1,600.0,602.0,10.0,0.0,1,600.0,602.0,10.0,0.0,1,600.0,601.0,10.0,0.0,1,600.0,604.0,10.0,0.0,1
2026-03-23 16:21:23,2221.06,600.0,607.0,20.0,0.0,1,600.0,601.0,20.0,0.0,1,600.0,602.0,10.0,0.0,1,600.0,602.0,10.0,0.0,1,600.0,601.0,10.0,0.0,1,600.0,603.0,10.0,0.0,1
2026-03-23 16:21:24,2221.78,600.0,613.0,20.0,0.10000000149011612,1,600.0,601.0,20.0,0.0,1,600.0,602.0,10.0,0.0,1,600.0,600.0,10.0,0.0,1,600.0,602.0,10.0,0.0,1,600.0,605.0,10.0,0.0,1
2026-03-23 16:21:24,2222.49,600.0,590.0,20.0,0.0,1,600.0,600.0,20.0,0.0,1,600.0,602.0,10.0,0.0,1,600.0,603.0,10.0,0.0,1,600.0,601.0,10.0,0.0,1,600.0,604.0,10.0,0.0,1
2026-03-23 16:21:25,2223.21,600.0,609.0,20.0,0.0,1,600.0,601.0,20.0,0.0,1,600.0,602.0,10.0,0.0,1,600.0,602.0,10.0,0.0,1,600.0,599.0,10.0,0.0,1,600.0,599.0,10.0,0.0,1
2026-03-23 16:21:26,2223.92,600.0,589.0,20.0,0.0,1,600.0,600.0,20.0,0.0,1,600.0,603.0,10.0,0.0,1,600.0,600.0,10.0,0.0,1,600.0,602.0,10.0,0.0,1,600.0,602.0,10.0,0.20000000298023224,1
2026-03-23 16:21:26,2224.62,600.0,607.0,20.0,0.0,1,600.0,600.0,20.0,0.0,1,600.0,603.0,10.0,0.0,1,600.0,603.0,10.0,0.0,1,600.0,603.0,10.0,0.0,1,600.0,602.0,10.0,0.10000000149011612,1
2026-03-23 16:21:27,2225.34,600.0,616.0,20.0,0.0,1,600.0,600.0,20.0,0.0,1,600.0,603.0,10.0,0.0,1,600.0,601.0,10.0,0.0,1,600.0,601.0,10.0,0.0,1,600.0,604.0,10.0,0.0,1
2026-03-23 16:21:28,2226.05,600.0,598.0,20.0,0.0,1,600.0,601.0,20.0,0.0,1,600.0,603.0,10.0,0.0,1,600.0,599.0,10.0,0.0,1,600.0,601.0,10.0,0.0,1,600.0,606.0,10.0,0.0,1
2026-03-23 16:21:29,2226.76,600.0,608.0,20.0,0.0,1,600.0,601.0,20.0,0.0,1,600.0,602.0,10.0,0.0,1,600.0,601.0,10.0,0.0,1,600.0,599.0,10.0,0.0,1,600.0,609.0,10.0,0.0,1
2026-03-23 16:21:29,2227.47,600.0,585.0,20.0,0.0,1,600.0,602.0,20.0,0.0,1,600.0,601.0,10.0,0.0,1,600.0,601.0,10.0,0.0,1,600.0,599.0,10.0,0.0,1,600.0,601.0,10.0,0.0,1
2026-03-23 16:21:30,2228.19,600.0,596.0,20.0,0.0,1,600.0,602.0,20.0,0.0,1,600.0,601.0,10.0,0.0,1,600.0,603.0,10.0,0.0,1,600.0,602.0,10.0,0.0,1,600.0,604.0,10.0,0.0,1
2026-03-23 16:21:31,2228.9,600.0,605.0,20.0,0.10000000149011612,1,600.0,600.0,20.0,0.0,1,600.0,601.0,10.0,0.0,1,600.0,602.0,10.0,0.0,1,600.0,602.0,10.0,0.0,1,600.0,604.0,10.0,0.0,1
2026-03-23 16:21:31,2229.61,600.0,615.0,20.0,0.10000000149011612,1,600.0,601.0,20.0,0.0,1,600.0,601.0,10.0,0.0,1,600.0,602.0,10.0,0.0,1,600.0,601.0,10.0,0.0,1,600.0,603.0,10.0,0.0,1
2026-03-23 16:21:32,2230.33,600.0,608.0,20.0,0.10000000149011612,1,600.0,601.0,20.0,0.0,1,600.0,602.0,10.0,0.0,1,600.0,601.0,10.0,0.0,1,600.0,604.0,10.0,0.0,1,600.0,603.0,10.0,0.0,1
2026-03-23 16:21:33,2231.04,600.0,610.0,20.0,0.10000000149011612,1,600.0,601.0,20.0,0.0,1,600.0,602.0,10.0,0.0,1,600.0,600.0,10.0,0.0,1,600.0,604.0,10.0,0.0,1,600.0,602.0,10.0,0.0,1
2026-03-23 16:21:34,2231.76,600.0,601.0,20.0,0.0,1,600.0,601.0,20.0,0.0,1,600.0,602.0,10.0,0.0,1,600.0,602.0,10.0,0.0,1,600.0,601.0,10.0,0.0,1,600.0,604.0,10.0,0.0,1
2026-03-23 16:21:34,2232.48,600.0,620.0,20.0,0.0,1,600.0,601.0,20.0,0.0,1,600.0,602.0,10.0,0.0,1,600.0,605.0,10.0,0.0,1,600.0,602.0,10.0,0.0,1,600.0,602.0,10.0,0.0,1
2026-03-23 16:21:35,2233.21,600.0,582.0,20.0,0.0,1,600.0,601.0,20.0,0.0,1,600.0,601.0,10.0,0.0,1,600.0,603.0,10.0,0.0,1,600.0,606.0,10.0,0.0,1,600.0,603.0,10.0,0.0,1
2026-03-23 16:21:36,2233.93,600.0,628.0,20.0,0.0,1,600.0,601.0,20.0,0.0,1,600.0,602.0,10.0,0.0,1,600.0,601.0,10.0,0.0,1,600.0,601.0,10.0,0.0,1,600.0,603.0,10.0,0.0,1
2026-03-23 16:21:36,2234.66,600.0,611.0,20.0,0.0,1,600.0,601.0,20.0,0.0,1,600.0,602.0,10.0,0.0,1,600.0,601.0,10.0,0.0,1,600.0,595.0,10.0,0.0,1,600.0,603.0,10.0,0.0,1
2026-03-23 16:21:37,2235.4,600.0,590.0,20.0,0.0,1,600.0,600.0,20.0,0.0,1,600.0,603.0,10.0,0.0,1,600.0,602.0,10.0,0.0,1,600.0,602.0,10.0,0.0,1,600.0,603.0,10.0,0.0,1
2026-03-23 16:21:38,2236.1,600.0,599.0,20.0,0.0,1,600.0,601.0,20.0,0.0,1,600.0,603.0,10.0,0.0,1,600.0,601.0,10.0,0.0,1,600.0,600.0,10.0,0.0,1,600.0,608.0,10.0,0.0,1
2026-03-23 16:21:39,2236.83,600.0,623.0,20.0,0.0,1,600.0,601.0,20.0,0.0,1,600.0,603.0,10.0,0.0,1,600.0,601.0,10.0,0.0,1,600.0,601.0,10.0,0.0,1,600.0,603.0,10.0,0.0,1
2026-03-23 16:21:39,2237.54,600.0,581.0,20.0,0.0,1,600.0,601.0,20.0,0.0,1,600.0,603.0,10.0,0.0,1,600.0,601.0,10.0,0.0,1,600.0,601.0,10.0,0.0,1,600.0,603.0,10.0,0.0,1
2026-03-23 16:21:40,2238.26,600.0,579.0,20.0,0.0,1,600.0,601.0,20.0,0.0,1,600.0,603.0,10.0,0.0,1,600.0,600.0,10.0,0.0,1,600.0,602.0,10.0,0.0,1,600.0,598.0,10.0,0.0,1
2026-03-23 16:21:41,2238.97,600.0,600.0,20.0,0.0,1,600.0,601.0,20.0,0.0,1,600.0,602.0,10.0,0.0,1,600.0,600.0,10.0,0.0,1,600.0,601.0,10.0,0.0,1,600.0,603.0,10.0,0.0,1
2026-03-23 16:21:41,2239.69,600.0,605.0,20.0,0.10000000149011612,1,600.0,601.0,20.0,0.0,1,600.0,602.0,10.0,0.0,1,600.0,600.0,10.0,0.0,1,600.0,601.0,10.0,0.0,1,600.0,608.0,10.0,0.0,1
2026-03-23 16:21:42,2240.4,600.0,592.0,20.0,0.0,1,600.0,600.0,20.0,0.0,1,600.0,602.0,10.0,0.0,1,600.0,600.0,10.0,0.0,1,600.0,601.0,10.0,0.0,1,600.0,599.0,10.0,0.0,1
2026-03-23 16:21:43,2241.13,600.0,595.0,20.0,0.0,1,600.0,600.0,20.0,0.0,1,600.0,602.0,10.0,0.0,1,600.0,601.0,10.0,0.0,1,600.0,603.0,10.0,0.0,1,600.0,608.0,10.0,0.10000000149011612,1
2026-03-23 16:21:44,2241.83,600.0,587.0,20.0,0.0,1,600.0,601.0,20.0,0.0,1,600.0,603.0,10.0,0.0,1,600.0,601.0,10.0,0.0,1,600.0,600.0,10.0,0.0,1,600.0,602.0,10.0,0.0,1
2026-03-23 16:21:44,2242.54,600.0,613.0,20.0,0.20000000298023224,1,600.0,601.0,20.0,0.0,1,600.0,601.0,10.0,0.0,1,600.0,601.0,10.0,0.0,1,600.0,604.0,10.0,0.0,1,600.0,625.0,10.0,0.0,1
2026-03-23 16:21:45,2243.26,600.0,606.0,20.0,0.0,1,600.0,601.0,20.0,0.0,1,600.0,602.0,10.0,0.0,1,600.0,601.0,10.0,0.0,1,600.0,604.0,10.0,0.0,1,600.0,584.0,10.0,0.0,1
2026-03-23 16:21:46,2243.97,600.0,607.0,20.0,0.0,1,600.0,601.0,20.0,0.0,1,600.0,602.0,10.0,0.0,1,600.0,604.0,10.0,0.0,1,600.0,600.0,10.0,0.0,1,600.0,598.0,10.0,0.0,1
2026-03-23 16:21:47,2244.7,600.0,591.0,20.0,0.0,1,600.0,601.0,20.0,0.0,1,600.0,602.0,10.0,0.0,1,600.0,601.0,10.0,0.0,1,600.0,604.0,10.0,0.0,1,600.0,609.0,10.0,0.0,1
2026-03-23 16:21:47,2245.42,600.0,618.0,20.0,0.0,1,600.0,601.0,20.0,0.0,1,600.0,603.0,10.0,0.0,1,600.0,601.0,10.0,0.0,1,600.0,602.0,10.0,0.0,1,600.0,602.0,10.0,0.20000000298023224,1
2026-03-23 16:21:48,2246.15,600.0,591.0,20.0,0.0,1,600.0,601.0,20.0,0.0,1,600.0,601.0,10.0,0.0,1,600.0,600.0,10.0,0.0,1,600.0,601.0,10.0,0.0,1,600.0,604.0,10.0,0.0,1
2026-03-23 16:21:49,2246.87,600.0,585.0,20.0,0.0,1,600.0,601.0,20.0,0.0,1,600.0,602.0,10.0,0.0,1,600.0,600.0,10.0,0.0,1,600.0,601.0,10.0,0.0,1,600.0,603.0,10.0,0.0,1
2026-03-23 16:21:49,2247.59,600.0,602.0,20.0,0.0,1,600.0,601.0,20.0,0.0,1,600.0,602.0,10.0,0.0,1,600.0,602.0,10.0,0.0,1,600.0,602.0,10.0,0.0,1,600.0,604.0,10.0,0.0,1
2026-03-23 16:21:50,2248.31,600.0,615.0,20.0,0.20000000298023224,1,600.0,601.0,20.0,0.0,1,600.0,602.0,10.0,0.0,1,600.0,601.0,10.0,0.0,1,600.0,600.0,10.0,0.0,1,600.0,604.0,10.0,0.0,1
2026-03-23 16:21:51,2249.03,600.0,598.0,20.0,0.10000000149011612,1,600.0,601.0,20.0,0.0,1,600.0,602.0,10.0,0.0,1,600.0,601.0,10.0,0.0,1,600.0,602.0,10.0,0.0,1,600.0,599.0,10.0,0.0,1
2026-03-23 16:21:52,2249.74,600.0,591.0,20.0,0.0,1,600.0,601.0,20.0,0.0,1,600.0,602.0,10.0,0.0,1,600.0,601.0,10.0,0.0,1,600.0,599.0,10.0,0.0,1,600.0,604.0,10.0,0.0,1
2026-03-23 16:21:52,2250.46,600.0,622.0,20.0,0.10000000149011612,1,600.0,601.0,20.0,0.0,1,600.0,602.0,10.0,0.0,1,600.0,603.0,10.0,0.0,1,600.0,601.0,10.0,0.0,1,600.0,604.0,10.0,0.0,1
2026-03-23 16:21:53,2251.17,600.0,606.0,20.0,0.0,1,600.0,600.0,20.0,0.0,1,600.0,602.0,10.0,0.0,1,600.0,602.0,10.0,0.0,1,600.0,603.0,10.0,0.0,1,600.0,604.0,10.0,0.0,1
2026-03-23 16:21:54,2251.9,600.0,612.0,20.0,0.0,1,600.0,600.0,20.0,0.0,1,600.0,603.0,10.0,0.0,1,600.0,601.0,10.0,0.0,1,600.0,604.0,10.0,0.0,1,600.0,604.0,10.0,0.20000000298023224,1
2026-03-23 16:21:54,2252.61,600.0,584.0,20.0,0.0,1,600.0,601.0,20.0,0.0,1,600.0,603.0,10.0,0.0,1,600.0,601.0,10.0,0.0,1,600.0,602.0,10.0,0.0,1,600.0,606.0,10.0,0.20000000298023224,1
2026-03-23 16:21:55,2253.33,600.0,598.0,20.0,0.0,1,600.0,600.0,20.0,0.0,1,600.0,603.0,10.0,0.0,1,600.0,601.0,10.0,0.0,1,600.0,602.0,10.0,0.0,1,600.0,611.0,10.0,0.10000000149011612,1
2026-03-23 16:21:56,2254.04,600.0,617.0,20.0,0.10000000149011612,1,600.0,600.0,20.0,0.0,1,600.0,601.0,10.0,0.0,1,600.0,604.0,10.0,0.0,1,600.0,602.0,10.0,0.0,1,600.0,597.0,10.0,0.0,1
2026-03-23 16:21:57,2254.76,600.0,592.0,20.0,0.10000000149011612,1,600.0,603.0,20.0,0.0,1,600.0,602.0,10.0,0.0,1,600.0,598.0,10.0,0.0,1,600.0,601.0,10.0,0.0,1,600.0,585.0,10.0,0.0,1
2026-03-23 16:21:57,2255.49,600.0,620.0,20.0,0.0,1,600.0,597.0,20.0,0.0,1,600.0,602.0,10.0,0.0,1,600.0,602.0,10.0,0.0,1,600.0,605.0,10.0,0.0,1,600.0,603.0,10.0,0.0,1
2026-03-23 16:21:58,2256.21,600.0,597.0,20.0,0.0,1,600.0,600.0,20.0,0.0,1,600.0,602.0,10.0,0.0,1,600.0,599.0,10.0,0.0,1,600.0,602.0,10.0,0.0,1,600.0,618.0,10.0,0.0,1
2026-03-23 16:21:59,2256.92,600.0,627.0,20.0,0.20000000298023224,1,600.0,601.0,20.0,0.0,1,600.0,602.0,10.0,0.0,1,600.0,599.0,10.0,0.0,1,600.0,602.0,10.0,0.0,1,600.0,580.0,10.0,0.0,1
2026-03-23 16:21:59,2257.63,600.0,611.0,20.0,0.0,1,600.0,603.0,20.0,0.0,1,600.0,602.0,10.0,0.0,1,600.0,602.0,10.0,0.0,1,600.0,600.0,10.0,0.0,1,600.0,604.0,10.0,0.0,1
2026-03-23 16:22:00,2258.35,600.0,623.0,20.0,0.20000000298023224,1,600.0,603.0,20.0,0.0,1,600.0,602.0,10.0,0.0,1,600.0,600.0,10.0,0.0,1,600.0,599.0,10.0,0.0,1,600.0,598.0,10.0,0.0,1
2026-03-23 16:22:01,2259.05,600.0,582.0,20.0,0.0,1,600.0,601.0,20.0,0.0,1,600.0,602.0,10.0,0.0,1,600.0,601.0,10.0,0.0,1,600.0,600.0,10.0,0.0,1,600.0,603.0,10.0,0.0,1
2026-03-23 16:22:02,2259.75,600.0,607.0,20.0,0.0,1,600.0,601.0,20.0,0.0,1,600.0,602.0,10.0,0.0,1,600.0,600.0,10.0,0.0,1,600.0,602.0,10.0,0.0,1,600.0,603.0,10.0,0.0,1
2026-03-23 16:22:02,2260.47,600.0,611.0,20.0,0.0,1,600.0,601.0,20.0,0.0,1,600.0,602.0,10.0,0.0,1,600.0,602.0,10.0,0.0,1,600.0,602.0,10.0,0.0,1,600.0,612.0,10.0,0.0,1
2026-03-23 16:22:03,2261.18,600.0,593.0,20.0,0.0,1,600.0,601.0,20.0,0.0,1,600.0,602.0,10.0,0.0,1,600.0,603.0,10.0,0.0,1,600.0,603.0,10.0,0.0,1,600.0,594.0,10.0,0.0,1
2026-03-23 16:22:04,2261.9,600.0,629.0,20.0,0.0,1,600.0,601.0,20.0,0.0,1,600.0,602.0,10.0,0.0,1,600.0,599.0,10.0,0.0,1,600.0,601.0,10.0,0.0,1,600.0,597.0,10.0,0.0,1
2026-03-23 16:22:04,2262.62,600.0,605.0,20.0,0.10000000149011612,1,600.0,601.0,20.0,0.0,1,600.0,602.0,10.0,0.0,1,600.0,601.0,10.0,0.0,1,600.0,603.0,10.0,0.0,1,600.0,601.0,10.0,0.0,1
2026-03-23 16:22:05,2263.32,600.0,595.0,20.0,0.0,1,600.0,601.0,20.0,0.0,1,600.0,603.0,10.0,0.0,1,600.0,601.0,10.0,0.0,1,600.0,603.0,10.0,0.0,1,600.0,607.0,10.0,0.0,1
2026-03-23 16:22:06,2264.03,600.0,604.0,20.0,0.0,1,600.0,599.0,20.0,0.0,1,600.0,601.0,10.0,0.0,1,600.0,601.0,10.0,0.0,1,600.0,600.0,10.0,0.0,1,600.0,612.0,10.0,0.0,1
2026-03-23 16:22:07,2264.74,600.0,626.0,20.0,0.0,1,600.0,601.0,20.0,0.0,1,600.0,602.0,10.0,0.0,1,600.0,602.0,10.0,0.0,1,600.0,600.0,10.0,0.0,1,600.0,593.0,10.0,0.0,1
2026-03-23 16:22:07,2265.47,600.0,595.0,20.0,0.0,1,600.0,601.0,20.0,0.0,1,600.0,602.0,10.0,0.0,1,600.0,602.0,10.0,0.0,1,600.0,600.0,10.0,0.0,1,600.0,601.0,10.0,0.0,1
2026-03-23 16:22:08,2266.17,600.0,587.0,20.0,0.0,1,600.0,602.0,20.0,0.0,1,600.0,601.0,10.0,0.0,1,600.0,600.0,10.0,0.0,1,600.0,603.0,10.0,0.0,1,600.0,602.0,10.0,0.0,1
2026-03-23 16:22:09,2266.89,600.0,586.0,20.0,0.0,1,600.0,602.0,20.0,0.0,1,600.0,602.0,10.0,0.0,1,600.0,603.0,10.0,0.0,1,600.0,602.0,10.0,0.0,1,600.0,603.0,10.0,0.0,1
2026-03-23 16:22:09,2267.59,600.0,606.0,20.0,0.10000000149011612,1,600.0,600.0,20.0,0.0,1,600.0,602.0,10.0,0.0,1,600.0,601.0,10.0,0.0,1,600.0,602.0,10.0,0.0,1,600.0,604.0,10.0,0.0,1
2026-03-23 16:22:10,2268.34,600.0,603.0,20.0,0.0,1,600.0,602.0,20.0,0.0,1,600.0,601.0,10.0,0.0,1,600.0,602.0,10.0,0.0,1,600.0,602.0,10.0,0.0,1,600.0,602.0,10.0,0.0,1
2026-03-23 16:22:11,2269.05,600.0,599.0,20.0,0.0,1,600.0,601.0,20.0,0.0,1,600.0,602.0,10.0,0.0,1,600.0,600.0,10.0,0.0,1,600.0,599.0,10.0,0.0,1,600.0,603.0,10.0,0.0,1
2026-03-23 16:22:12,2269.77,600.0,622.0,20.0,0.0,1,600.0,601.0,20.0,0.0,1,600.0,602.0,10.0,0.0,1,600.0,599.0,10.0,0.0,1,600.0,602.0,10.0,0.0,1,600.0,603.0,10.0,0.0,1
2026-03-23 16:22:12,2270.48,600.0,592.0,20.0,0.0,1,600.0,600.0,20.0,0.0,1,600.0,601.0,10.0,0.0,1,600.0,599.0,10.0,0.0,1,600.0,600.0,10.0,0.0,1,600.0,611.0,10.0,0.0,1
2026-03-23 16:22:13,2271.2,600.0,600.0,20.0,0.0,1,600.0,600.0,20.0,0.0,1,600.0,601.0,10.0,0.0,1,600.0,599.0,10.0,0.0,1,600.0,600.0,10.0,0.0,1,600.0,593.0,10.0,0.0,1
2026-03-23 16:22:14,2271.9,600.0,629.0,20.0,0.0,1,600.0,600.0,20.0,0.0,1,600.0,601.0,10.0,0.0,1,600.0,600.0,10.0,0.0,1,600.0,607.0,10.0,0.0,1,600.0,607.0,10.0,0.0,1
2026-03-23 16:22:14,2272.62,600.0,589.0,20.0,0.0,1,600.0,600.0,20.0,0.0,1,600.0,601.0,10.0,0.0,1,600.0,600.0,10.0,0.0,1,600.0,596.0,10.0,0.0,1,600.0,615.0,10.0,0.0,1
2026-03-23 16:22:15,2273.34,600.0,606.0,20.0,0.0,1,600.0,600.0,20.0,0.0,1,600.0,601.0,10.0,0.0,1,600.0,600.0,10.0,0.0,1,600.0,602.0,10.0,0.0,1,600.0,595.0,10.0,0.0,1
2026-03-23 16:22:16,2274.05,600.0,596.0,20.0,0.0,1,600.0,600.0,20.0,0.0,1,600.0,601.0,10.0,0.0,1,600.0,598.0,10.0,0.0,1,600.0,602.0,10.0,0.0,1,600.0,604.0,10.0,0.0,1
2026-03-23 16:22:17,2274.77,600.0,593.0,20.0,0.0,1,600.0,600.0,20.0,0.0,1,600.0,600.0,10.0,0.0,1,600.0,602.0,10.0,0.0,1,600.0,599.0,10.0,0.0,1,600.0,604.0,10.0,0.0,1
2026-03-23 16:22:17,2275.49,600.0,609.0,20.0,0.30000001192092896,1,600.0,599.0,20.0,0.0,1,600.0,602.0,10.0,0.0,1,600.0,602.0,10.0,0.0,1,600.0,600.0,10.0,0.0,1,600.0,602.0,10.0,0.0,1
2026-03-23 16:22:18,2276.2,600.0,587.0,20.0,0.10000000149011612,1,600.0,599.0,20.0,0.0,1,600.0,602.0,10.0,0.0,1,600.0,602.0,10.0,0.0,1,600.0,607.0,10.0,0.0,1,600.0,603.0,10.0,0.0,1
2026-03-23 16:22:19,2276.92,600.0,612.0,20.0,0.0,1,600.0,600.0,20.0,0.0,1,600.0,603.0,10.0,0.0,1,600.0,603.0,10.0,0.0,1,600.0,599.0,10.0,0.0,1,600.0,605.0,10.0,0.0,1
2026-03-23 16:22:19,2277.63,600.0,603.0,20.0,0.0,1,600.0,605.0,20.0,0.0,1,600.0,603.0,10.0,0.0,1,600.0,601.0,10.0,0.0,1,600.0,606.0,10.0,0.0,1,600.0,603.0,10.0,0.0,1
2026-03-23 16:22:20,2278.35,600.0,622.0,20.0,0.0,1,600.0,601.0,20.0,0.0,1,600.0,603.0,10.0,0.0,1,600.0,601.0,10.0,0.0,1,600.0,600.0,10.0,0.0,1,600.0,604.0,10.0,0.0,1
2026-03-23 16:22:21,2279.07,600.0,617.0,20.0,0.0,1,600.0,600.0,20.0,0.0,1,600.0,602.0,10.0,0.0,1,600.0,601.0,10.0,0.0,1,600.0,603.0,10.0,0.0,1,600.0,600.0,10.0,0.0,1
2026-03-23 16:22:22,2279.8,600.0,601.0,20.0,0.0,1,600.0,600.0,20.0,0.0,1,600.0,601.0,10.0,0.0,1,600.0,600.0,10.0,0.0,1,600.0,601.0,10.0,0.0,1,600.0,608.0,10.0,0.0,1
2026-03-23 16:22:22,2280.5,600.0,604.0,20.0,0.30000001192092896,1,600.0,600.0,20.0,0.0,1,600.0,602.0,10.0,0.0,1,600.0,601.0,10.0,0.0,1,600.0,600.0,10.0,0.0,1,600.0,602.0,10.0,0.0,1
2026-03-23 16:22:23,2281.22,600.0,617.0,20.0,0.0,1,600.0,600.0,20.0,0.0,1,600.0,602.0,10.0,0.0,1,600.0,600.0,10.0,0.0,1,600.0,599.0,10.0,0.0,1,600.0,598.0,10.0,0.0,1
2026-03-23 16:22:24,2281.92,600.0,608.0,20.0,0.10000000149011612,1,600.0,600.0,20.0,0.0,1,600.0,602.0,10.0,0.0,1,600.0,600.0,10.0,0.0,1,600.0,601.0,10.0,0.0,1,600.0,601.0,10.0,0.0,1
2026-03-23 16:22:24,2282.63,600.0,601.0,20.0,0.0,1,600.0,600.0,20.0,0.0,1,600.0,602.0,10.0,0.0,1,600.0,601.0,10.0,0.0,1,600.0,605.0,10.0,0.0,1,600.0,607.0,10.0,0.0,1
2026-03-23 16:22:25,2283.34,600.0,602.0,20.0,0.5,1,600.0,600.0,20.0,0.0,1,600.0,602.0,10.0,0.0,1,600.0,603.0,10.0,0.0,1,600.0,600.0,10.0,0.0,1,600.0,607.0,10.0,0.20000000298023224,1
2026-03-23 16:22:26,2284.06,600.0,587.0,20.0,0.0,1,600.0,600.0,20.0,0.0,1,600.0,602.0,10.0,0.0,1,600.0,601.0,10.0,0.0,1,600.0,597.0,10.0,0.0,1,600.0,602.0,10.0,0.0,1
2026-03-23 16:22:27,2284.76,600.0,600.0,20.0,0.4000000059604645,1,600.0,600.0,20.0,0.0,1,600.0,603.0,10.0,0.0,1,600.0,602.0,10.0,0.0,1,600.0,599.0,10.0,0.0,1,600.0,611.0,10.0,0.0,1
2026-03-23 16:22:27,2285.48,600.0,602.0,20.0,0.0,1,600.0,601.0,20.0,0.0,1,600.0,603.0,10.0,0.0,1,600.0,601.0,10.0,0.0,1,600.0,599.0,10.0,0.0,1,600.0,602.0,10.0,0.0,1
2026-03-23 16:22:28,2286.2,600.0,598.0,20.0,0.0,1,600.0,602.0,20.0,0.0,1,600.0,603.0,10.0,0.0,1,600.0,601.0,10.0,0.0,1,600.0,599.0,10.0,0.0,1,600.0,603.0,10.0,0.0,1
2026-03-23 16:22:29,2286.92,600.0,617.0,20.0,0.0,1,600.0,602.0,20.0,0.0,1,600.0,602.0,10.0,0.0,1,600.0,602.0,10.0,0.0,1,600.0,600.0,10.0,0.0,1,600.0,603.0,10.0,0.0,1
2026-03-23 16:22:29,2287.62,600.0,593.0,20.0,0.0,1,600.0,601.0,20.0,0.0,1,600.0,602.0,10.0,0.0,1,600.0,604.0,10.0,0.0,1,600.0,602.0,10.0,0.0,1,600.0,603.0,10.0,0.0,1
2026-03-23 16:22:30,2288.34,600.0,593.0,20.0,0.0,1,600.0,601.0,20.0,0.0,1,600.0,601.0,10.0,0.0,1,600.0,601.0,10.0,0.0,1,600.0,601.0,10.0,0.0,1,600.0,606.0,10.0,0.10000000149011612,1
2026-03-23 16:22:31,2289.05,600.0,622.0,20.0,0.4000000059604645,1,600.0,601.0,20.0,0.0,1,600.0,601.0,10.0,0.0,1,600.0,604.0,10.0,0.0,1,600.0,601.0,10.0,0.0,1,600.0,604.0,10.0,0.10000000149011612,1
2026-03-23 16:22:32,2289.77,600.0,604.0,20.0,0.0,1,600.0,601.0,20.0,0.0,1,600.0,602.0,10.0,0.0,1,600.0,600.0,10.0,0.0,1,600.0,601.0,10.0,0.0,1,600.0,603.0,10.0,0.0,1
2026-03-23 16:22:32,2290.49,600.0,610.0,20.0,0.0,1,600.0,601.0,20.0,0.0,1,600.0,602.0,10.0,0.0,1,600.0,601.0,10.0,0.0,1,600.0,604.0,10.0,0.0,1,600.0,606.0,10.0,0.0,1
2026-03-23 16:22:33,2291.2,600.0,614.0,20.0,0.10000000149011612,1,600.0,601.0,20.0,0.0,1,600.0,602.0,10.0,0.0,1,600.0,598.0,10.0,0.0,1,600.0,602.0,10.0,0.0,1,600.0,600.0,10.0,0.0,1
2026-03-23 16:22:34,2291.91,600.0,610.0,20.0,0.0,1,600.0,601.0,20.0,0.0,1,600.0,602.0,10.0,0.0,1,600.0,601.0,10.0,0.0,1,600.0,600.0,10.0,0.0,1,600.0,605.0,10.0,0.0,1
2026-03-23 16:22:34,2292.63,600.0,588.0,20.0,0.10000000149011612,1,600.0,601.0,20.0,0.0,1,600.0,602.0,10.0,0.0,1,600.0,601.0,10.0,0.0,1,600.0,603.0,10.0,0.0,1,600.0,603.0,10.0,0.0,1
2026-03-23 16:22:35,2293.36,600.0,596.0,20.0,0.0,1,600.0,601.0,20.0,0.0,1,600.0,602.0,10.0,0.0,1,600.0,601.0,10.0,0.0,1,600.0,604.0,10.0,0.0,1,600.0,604.0,10.0,0.10000000149011612,1
2026-03-23 16:22:36,2294.07,600.0,612.0,20.0,0.0,1,600.0,601.0,20.0,0.0,1,600.0,602.0,10.0,0.0,1,600.0,601.0,10.0,0.0,1,600.0,598.0,10.0,0.0,1,600.0,607.0,10.0,0.0,1
2026-03-23 16:22:37,2294.79,600.0,605.0,20.0,0.0,1,600.0,601.0,20.0,0.0,1,600.0,602.0,10.0,0.0,1,600.0,601.0,10.0,0.0,1,600.0,597.0,10.0,0.0,1,600.0,603.0,10.0,0.0,1
2026-03-23 16:22:37,2295.49,600.0,619.0,20.0,0.10000000149011612,1,600.0,601.0,20.0,0.0,1,600.0,601.0,10.0,0.0,1,600.0,601.0,10.0,0.0,1,600.0,605.0,10.0,0.0,1,600.0,602.0,10.0,0.0,1
2026-03-23 16:22:38,2296.19,600.0,592.0,20.0,0.0,1,600.0,600.0,20.0,0.0,1,600.0,602.0,10.0,0.0,1,600.0,600.0,10.0,0.0,1,600.0,600.0,10.0,0.0,1,600.0,604.0,10.0,0.0,1
2026-03-23 16:22:39,2296.9,600.0,599.0,20.0,0.0,1,600.0,600.0,20.0,0.0,1,600.0,602.0,10.0,0.0,1,600.0,601.0,10.0,0.0,1,600.0,604.0,10.0,0.0,1,600.0,603.0,10.0,0.0,1
2026-03-23 16:22:39,2297.61,600.0,617.0,20.0,0.30000001192092896,1,600.0,603.0,20.0,0.0,1,600.0,602.0,10.0,0.0,1,600.0,601.0,10.0,0.0,1,600.0,599.0,10.0,0.0,1,600.0,604.0,10.0,0.0,1
2026-03-23 16:22:40,2298.34,600.0,600.0,20.0,0.30000001192092896,1,600.0,601.0,20.0,0.0,1,600.0,603.0,10.0,0.0,1,600.0,602.0,10.0,0.0,1,600.0,599.0,10.0,0.0,1,600.0,626.0,10.0,0.0,1
2026-03-23 16:22:41,2299.06,600.0,614.0,20.0,0.10000000149011612,1,600.0,601.0,20.0,0.0,1,600.0,602.0,10.0,0.0,1,600.0,603.0,10.0,0.0,1,600.0,600.0,10.0,0.0,1,600.0,587.0,10.0,0.0,1
2026-03-23 16:22:42,2299.78,600.0,597.0,20.0,0.0,1,600.0,601.0,20.0,0.0,1,600.0,602.0,10.0,0.0,1,600.0,601.0,10.0,0.0,1,600.0,602.0,10.0,0.0,1,600.0,608.0,10.0,0.0,1
2026-03-23 16:22:42,2300.51,600.0,608.0,20.0,0.0,1,600.0,601.0,20.0,0.0,1,600.0,602.0,10.0,0.0,1,600.0,601.0,10.0,0.0,1,600.0,603.0,10.0,0.0,1,600.0,600.0,10.0,0.0,1
2026-03-23 16:22:43,2301.25,600.0,610.0,20.0,0.20000000298023224,1,600.0,601.0,20.0,0.0,1,600.0,602.0,10.0,0.0,1,600.0,601.0,10.0,0.0,1,600.0,601.0,10.0,0.0,1,600.0,603.0,10.0,0.0,1
2026-03-23 16:22:44,2301.97,600.0,605.0,20.0,0.10000000149011612,1,600.0,601.0,20.0,0.0,1,600.0,602.0,10.0,0.0,1,600.0,601.0,10.0,0.0,1,600.0,600.0,10.0,0.0,1,600.0,604.0,10.0,0.0,1
2026-03-23 16:22:44,2302.69,600.0,611.0,20.0,0.10000000149011612,1,600.0,601.0,20.0,0.0,1,600.0,603.0,10.0,0.0,1,600.0,601.0,10.0,0.0,1,600.0,603.0,10.0,0.0,1,600.0,613.0,10.0,0.0,1
2026-03-23 16:22:45,2303.42,600.0,624.0,20.0,0.0,1,600.0,601.0,20.0,0.0,1,600.0,600.0,10.0,0.0,1,600.0,601.0,10.0,0.0,1,600.0,602.0,10.0,0.0,1,600.0,599.0,10.0,0.0,1
2026-03-23 16:22:46,2304.13,600.0,588.0,20.0,0.0,1,600.0,600.0,20.0,0.0,1,600.0,601.0,10.0,0.0,1,600.0,603.0,10.0,0.0,1,600.0,602.0,10.0,0.0,1,600.0,599.0,10.0,0.0,1
2026-03-23 16:22:47,2304.84,600.0,620.0,20.0,0.10000000149011612,1,600.0,600.0,20.0,0.0,1,600.0,602.0,10.0,0.0,1,600.0,601.0,10.0,0.0,1,600.0,602.0,10.0,0.0,1,600.0,604.0,10.0,0.0,1
2026-03-23 16:22:47,2305.56,600.0,602.0,20.0,0.20000000298023224,1,600.0,602.0,20.0,0.0,1,600.0,602.0,10.0,0.0,1,600.0,603.0,10.0,0.0,1,600.0,600.0,10.0,0.0,1,600.0,604.0,10.0,0.0,1
2026-03-23 16:22:48,2306.29,600.0,617.0,20.0,0.30000001192092896,1,600.0,602.0,20.0,0.0,1,600.0,602.0,10.0,0.0,1,600.0,603.0,10.0,0.0,1,600.0,600.0,10.0,0.0,1,600.0,603.0,10.0,0.0,1
2026-03-23 16:22:49,2307.0,600.0,592.0,20.0,0.0,1,600.0,600.0,20.0,0.0,1,600.0,602.0,10.0,0.0,1,600.0,601.0,10.0,0.0,1,600.0,600.0,10.0,0.0,1,600.0,603.0,10.0,0.0,1
2026-03-23 16:22:50,2307.73,600.0,592.0,20.0,0.0,1,600.0,600.0,20.0,0.0,1,600.0,602.0,10.0,0.0,1,600.0,601.0,10.0,0.0,1,600.0,599.0,10.0,0.0,1,600.0,604.0,10.0,0.0,1
2026-03-23 16:22:50,2308.45,600.0,593.0,20.0,0.0,1,600.0,600.0,20.0,0.0,1,600.0,602.0,10.0,0.0,1,600.0,600.0,10.0,0.0,1,600.0,600.0,10.0,0.0,1,600.0,604.0,10.0,0.0,1
2026-03-23 16:22:51,2309.16,600.0,625.0,20.0,0.0,1,600.0,601.0,20.0,0.0,1,600.0,602.0,10.0,0.0,1,600.0,600.0,10.0,0.0,1,600.0,601.0,10.0,0.0,1,600.0,604.0,10.0,0.0,1
2026-03-23 16:22:52,2309.87,600.0,585.0,20.0,0.0,1,600.0,601.0,20.0,0.0,1,600.0,602.0,10.0,0.0,1,600.0,600.0,10.0,0.0,1,600.0,601.0,10.0,0.0,1,600.0,602.0,10.0,0.0,1
2026-03-23 16:22:52,2310.61,600.0,617.0,20.0,0.0,1,600.0,599.0,20.0,0.0,1,600.0,602.0,10.0,0.0,1,600.0,600.0,10.0,0.0,1,600.0,601.0,10.0,0.0,1,600.0,602.0,10.0,0.0,1
2026-03-23 16:22:53,2311.32,600.0,582.0,20.0,0.0,1,600.0,601.0,20.0,0.0,1,600.0,603.0,10.0,0.0,1,600.0,601.0,10.0,0.0,1,600.0,599.0,10.0,0.0,1,600.0,607.0,10.0,0.0,1
2026-03-23 16:22:54,2312.02,600.0,599.0,20.0,0.0,1,600.0,601.0,20.0,0.0,1,600.0,602.0,10.0,0.0,1,600.0,600.0,10.0,0.0,1,600.0,602.0,10.0,0.0,1,600.0,628.0,10.0,0.4000000059604645,1
2026-03-23 16:22:55,2312.74,600.0,619.0,20.0,0.0,1,600.0,601.0,20.0,0.0,1,600.0,602.0,10.0,0.0,1,600.0,600.0,10.0,0.0,1,600.0,604.0,10.0,0.0,1,600.0,604.0,10.0,0.30000001192092896,1
2026-03-23 16:22:55,2313.45,600.0,610.0,20.0,0.20000000298023224,1,600.0,601.0,20.0,0.0,1,600.0,602.0,10.0,0.0,1,600.0,600.0,10.0,0.0,1,600.0,600.0,10.0,0.0,1,600.0,602.0,10.0,0.0,1
2026-03-23 16:22:56,2314.18,600.0,623.0,20.0,0.20000000298023224,1,600.0,600.0,20.0,0.0,1,600.0,601.0,10.0,0.0,1,600.0,603.0,10.0,0.0,1,600.0,606.0,10.0,0.0,1,600.0,604.0,10.0,0.0,1
2026-03-23 16:22:57,2314.93,600.0,611.0,20.0,0.20000000298023224,1,600.0,600.0,20.0,0.0,1,600.0,602.0,10.0,0.0,1,600.0,600.0,10.0,0.0,1,600.0,602.0,10.0,0.0,1,600.0,604.0,10.0,0.0,1
2026-03-23 16:22:57,2315.63,600.0,611.0,20.0,0.20000000298023224,1,600.0,601.0,20.0,0.0,1,600.0,604.0,10.0,0.0,1,600.0,603.0,10.0,0.0,1,600.0,601.0,10.0,0.0,1,600.0,605.0,10.0,0.0,1
2026-03-23 16:22:58,2316.35,600.0,592.0,20.0,0.10000000149011612,1,600.0,601.0,20.0,0.0,1,600.0,603.0,10.0,0.0,1,600.0,601.0,10.0,0.0,1,600.0,604.0,10.0,0.0,1,600.0,605.0,10.0,0.0,1
2026-03-23 16:22:59,2317.06,600.0,597.0,20.0,0.10000000149011612,1,600.0,601.0,20.0,0.0,1,600.0,603.0,10.0,0.0,1,600.0,601.0,10.0,0.0,1,600.0,601.0,10.0,0.0,1,600.0,603.0,10.0,0.0,1
2026-03-23 16:23:00,2317.77,600.0,596.0,20.0,0.0,1,600.0,601.0,20.0,0.0,1,600.0,603.0,10.0,0.0,1,600.0,601.0,10.0,0.0,1,600.0,601.0,10.0,0.0,1,600.0,619.0,10.0,0.30000001192092896,1
2026-03-23 16:23:00,2318.49,600.0,598.0,20.0,0.10000000149011612,1,600.0,601.0,20.0,0.0,1,600.0,604.0,10.0,0.0,1,600.0,602.0,10.0,0.0,1,600.0,600.0,10.0,0.0,1,600.0,592.0,10.0,0.0,1
2026-03-23 16:23:01,2319.21,600.0,604.0,20.0,0.0,1,600.0,601.0,20.0,0.0,1,600.0,602.0,10.0,0.0,1,600.0,600.0,10.0,0.0,1,600.0,600.0,10.0,0.0,1,600.0,605.0,10.0,0.0,1
2026-03-23 16:23:02,2319.93,600.0,621.0,20.0,0.0,1,600.0,600.0,20.0,0.0,1,600.0,602.0,10.0,0.0,1,600.0,600.0,10.0,0.0,1,600.0,602.0,10.0,0.0,1,600.0,605.0,10.0,0.0,1
2026-03-23 16:23:02,2320.65,600.0,584.0,20.0,0.0,1,600.0,600.0,20.0,0.0,1,600.0,602.0,10.0,0.0,1,600.0,601.0,10.0,0.0,1,600.0,602.0,10.0,0.0,1,600.0,605.0,10.0,0.0,1
2026-03-23 16:23:03,2321.4,600.0,597.0,20.0,0.0,1,600.0,601.0,20.0,0.0,1,600.0,602.0,10.0,0.0,1,600.0,598.0,10.0,0.0,1,600.0,602.0,10.0,0.0,1,600.0,605.0,10.0,0.0,1
2026-03-23 16:23:04,2322.13,600.0,579.0,20.0,0.0,1,600.0,601.0,20.0,0.0,1,600.0,601.0,10.0,0.0,1,600.0,600.0,10.0,0.0,1,600.0,598.0,10.0,0.0,1,600.0,603.0,10.0,0.0,1
2026-03-23 16:23:05,2322.85,600.0,607.0,20.0,0.0,1,600.0,600.0,20.0,0.0,1,600.0,602.0,10.0,0.0,1,600.0,600.0,10.0,0.0,1,600.0,600.0,10.0,0.0,1,600.0,604.0,10.0,0.0,1
2026-03-23 16:23:05,2323.57,600.0,599.0,20.0,0.30000001192092896,1,600.0,601.0,20.0,0.0,1,600.0,602.0,10.0,0.0,1,600.0,600.0,10.0,0.0,1,600.0,601.0,10.0,0.0,1,600.0,619.0,10.0,0.10000000149011612,1
2026-03-23 16:23:06,2324.32,600.0,603.0,20.0,0.0,1,600.0,601.0,20.0,0.0,1,600.0,601.0,10.0,0.0,1,600.0,601.0,10.0,0.0,1,600.0,601.0,10.0,0.0,1,600.0,602.0,10.0,0.20000000298023224,1
2026-03-23 16:23:07,2325.03,600.0,610.0,20.0,0.0,1,600.0,602.0,20.0,0.0,1,600.0,601.0,10.0,0.0,1,600.0,601.0,10.0,0.0,1,600.0,601.0,10.0,0.0,1,600.0,597.0,10.0,0.0,1
2026-03-23 16:23:08,2325.75,600.0,598.0,20.0,0.0,1,600.0,601.0,20.0,0.0,1,600.0,601.0,10.0,0.0,1,600.0,601.0,10.0,0.0,1,600.0,600.0,10.0,0.0,1,600.0,603.0,10.0,0.0,1
2026-03-23 16:23:08,2326.47,600.0,619.0,20.0,0.0,1,600.0,601.0,20.0,0.0,1,600.0,601.0,10.0,0.0,1,600.0,602.0,10.0,0.0,1,600.0,600.0,10.0,0.0,1,600.0,602.0,10.0,0.0,1
2026-03-23 16:23:09,2327.18,600.0,615.0,20.0,0.0,1,600.0,601.0,20.0,0.0,1,600.0,601.0,10.0,0.0,1,600.0,600.0,10.0,0.0,1,600.0,601.0,10.0,0.0,1,600.0,603.0,10.0,0.0,1
2026-03-23 16:23:10,2327.93,600.0,595.0,20.0,0.0,1,600.0,601.0,20.0,0.0,1,600.0,601.0,10.0,0.0,1,600.0,602.0,10.0,0.0,1,600.0,600.0,10.0,0.0,1,600.0,604.0,10.0,0.0,1
2026-03-23 16:23:10,2328.64,600.0,589.0,20.0,0.0,1,600.0,600.0,20.0,0.0,1,600.0,602.0,10.0,0.0,1,600.0,601.0,10.0,0.0,1,600.0,603.0,10.0,0.0,1,600.0,605.0,10.0,0.0,1
2026-03-23 16:23:11,2329.35,600.0,639.0,20.0,0.20000000298023224,1,600.0,599.0,20.0,0.0,1,600.0,603.0,10.0,0.0,1,600.0,601.0,10.0,0.0,1,600.0,600.0,10.0,0.0,1,600.0,604.0,10.0,0.0,1
2026-03-23 16:23:12,2330.07,600.0,603.0,20.0,0.0,1,600.0,599.0,20.0,0.0,1,600.0,603.0,10.0,0.0,1,600.0,601.0,10.0,0.0,1,600.0,602.0,10.0,0.0,1,600.0,618.0,10.0,0.0,1
2026-03-23 16:23:13,2330.81,600.0,593.0,20.0,0.0,1,600.0,602.0,20.0,0.0,1,600.0,601.0,10.0,0.0,1,600.0,602.0,10.0,0.0,1,600.0,601.0,10.0,0.0,1,600.0,590.0,10.0,0.0,1
2026-03-23 16:23:13,2331.52,600.0,585.0,20.0,0.0,1,600.0,601.0,20.0,0.0,1,600.0,602.0,10.0,0.0,1,600.0,602.0,10.0,0.0,1,600.0,601.0,10.0,0.0,1,600.0,603.0,10.0,0.0,1
2026-03-23 16:23:14,2332.23,600.0,601.0,20.0,0.20000000298023224,1,600.0,601.0,20.0,0.0,1,600.0,602.0,10.0,0.0,1,600.0,602.0,10.0,0.0,1,600.0,600.0,10.0,0.0,1,600.0,607.0,10.0,0.0,1
2026-03-23 16:23:15,2332.94,600.0,604.0,20.0,0.0,1,600.0,601.0,20.0,0.0,1,600.0,601.0,10.0,0.0,1,600.0,602.0,10.0,0.0,1,600.0,604.0,10.0,0.0,1,600.0,605.0,10.0,0.0,1
2026-03-23 16:23:15,2333.65,600.0,602.0,20.0,0.0,1,600.0,602.0,20.0,0.0,1,600.0,603.0,10.0,0.0,1,600.0,598.0,10.0,0.0,1,600.0,600.0,10.0,0.0,1,600.0,610.0,10.0,0.10000000149011612,1
2026-03-23 16:23:16,2334.37,600.0,629.0,20.0,0.0,1,600.0,600.0,20.0,0.0,1,600.0,603.0,10.0,0.0,1,600.0,600.0,10.0,0.0,1,600.0,606.0,10.0,0.0,1,600.0,603.0,10.0,0.0,1
2026-03-23 16:23:17,2335.08,600.0,609.0,20.0,0.0,1,600.0,600.0,20.0,0.0,1,600.0,603.0,10.0,0.0,1,600.0,601.0,10.0,0.0,1,600.0,601.0,10.0,0.0,1,600.0,608.0,10.0,0.0,1
2026-03-23 16:23:18,2335.79,600.0,607.0,20.0,0.0,1,600.0,601.0,20.0,0.0,1,600.0,601.0,10.0,0.0,1,600.0,603.0,10.0,0.0,1,600.0,600.0,10.0,0.0,1,600.0,603.0,10.0,0.0,1
2026-03-23 16:23:18,2336.52,600.0,600.0,20.0,0.0,1,600.0,601.0,20.0,0.0,1,600.0,601.0,10.0,0.0,1,600.0,600.0,10.0,0.0,1,600.0,601.0,10.0,0.0,1,600.0,603.0,10.0,0.0,1
2026-03-23 16:23:19,2337.23,600.0,587.0,20.0,0.0,1,600.0,599.0,20.0,0.0,1,600.0,601.0,10.0,0.0,1,600.0,601.0,10.0,0.0,1,600.0,601.0,10.0,0.0,1,600.0,603.0,10.0,0.0,1
2026-03-23 16:23:20,2337.95,600.0,613.0,20.0,0.0,1,600.0,599.0,20.0,0.0,1,600.0,602.0,10.0,0.0,1,600.0,600.0,10.0,0.0,1,600.0,602.0,10.0,0.0,1,600.0,613.0,10.0,0.0,1
2026-03-23 16:23:20,2338.66,600.0,613.0,20.0,0.0,1,600.0,599.0,20.0,0.0,1,600.0,602.0,10.0,0.0,1,600.0,601.0,10.0,0.0,1,600.0,600.0,10.0,0.0,1,600.0,591.0,10.0,0.0,1
2026-03-23 16:23:21,2339.37,600.0,602.0,20.0,0.0,1,600.0,600.0,20.0,0.0,1,600.0,603.0,10.0,0.0,1,600.0,601.0,10.0,0.0,1,600.0,598.0,10.0,0.0,1,600.0,602.0,10.0,0.0,1
2026-03-23 16:23:22,2340.09,600.0,624.0,20.0,0.20000000298023224,1,600.0,601.0,20.0,0.0,1,600.0,603.0,10.0,0.0,1,600.0,601.0,10.0,0.0,1,600.0,599.0,10.0,0.0,1,600.0,613.0,10.0,0.10000000149011612,1
2026-03-23 16:23:23,2340.81,600.0,587.0,20.0,0.0,1,600.0,601.0,20.0,0.0,1,600.0,603.0,10.0,0.0,1,600.0,600.0,10.0,0.0,1,600.0,602.0,10.0,0.0,1,600.0,604.0,10.0,0.0,1
2026-03-23 16:23:23,2341.51,600.0,615.0,20.0,0.0,1,600.0,601.0,20.0,0.0,1,600.0,602.0,10.0,0.0,1,600.0,601.0,10.0,0.0,1,600.0,598.0,10.0,0.0,1,600.0,607.0,10.0,0.0,1
2026-03-23 16:23:24,2342.23,600.0,577.0,20.0,0.0,1,600.0,601.0,20.0,0.0,1,600.0,602.0,10.0,0.0,1,600.0,600.0,10.0,0.0,1,600.0,600.0,10.0,0.0,1,600.0,603.0,10.0,0.0,1
2026-03-23 16:23:25,2342.95,600.0,602.0,20.0,0.0,1,600.0,602.0,20.0,0.0,1,600.0,602.0,10.0,0.0,1,600.0,601.0,10.0,0.0,1,600.0,598.0,10.0,0.0,1,600.0,605.0,10.0,0.0,1
2026-03-23 16:23:25,2343.67,600.0,597.0,20.0,0.10000000149011612,1,600.0,602.0,20.0,0.0,1,600.0,602.0,10.0,0.0,1,600.0,601.0,10.0,0.0,1,600.0,602.0,10.0,0.0,1,600.0,607.0,10.0,0.0,1
2026-03-23 16:23:26,2344.4,600.0,606.0,20.0,0.0,1,600.0,602.0,20.0,0.0,1,600.0,601.0,10.0,0.0,1,600.0,601.0,10.0,0.0,1,600.0,597.0,10.0,0.0,1,600.0,602.0,10.0,0.0,1
2026-03-23 16:23:27,2345.11,600.0,592.0,20.0,0.0,1,600.0,602.0,20.0,0.0,1,600.0,601.0,10.0,0.0,1,600.0,604.0,10.0,0.0,1,600.0,601.0,10.0,0.0,1,600.0,603.0,10.0,0.0,1
2026-03-23 16:23:28,2345.81,600.0,616.0,20.0,0.0,1,600.0,601.0,20.0,0.0,1,600.0,603.0,10.0,0.0,1,600.0,602.0,10.0,0.0,1,600.0,600.0,10.0,0.0,1,600.0,603.0,10.0,0.0,1
2026-03-23 16:23:28,2346.53,600.0,609.0,20.0,0.0,1,600.0,601.0,20.0,0.0,1,600.0,602.0,10.0,0.0,1,600.0,602.0,10.0,0.0,1,600.0,602.0,10.0,0.0,1,600.0,603.0,10.0,0.0,1
2026-03-23 16:23:29,2347.24,600.0,586.0,20.0,0.0,1,600.0,601.0,20.0,0.0,1,600.0,601.0,10.0,0.0,1,600.0,601.0,10.0,0.0,1,600.0,602.0,10.0,0.0,1,600.0,604.0,10.0,0.0,1
2026-03-23 16:23:30,2347.94,600.0,603.0,20.0,0.10000000149011612,1,600.0,601.0,20.0,0.0,1,600.0,601.0,10.0,0.0,1,600.0,601.0,10.0,0.0,1,600.0,601.0,10.0,0.0,1,600.0,617.0,10.0,0.0,1
2026-03-23 16:23:30,2348.65,600.0,634.0,20.0,0.10000000149011612,1,600.0,601.0,20.0,0.0,1,600.0,603.0,10.0,0.0,1,600.0,600.0,10.0,0.0,1,600.0,602.0,10.0,0.0,1,600.0,600.0,10.0,0.0,1
2026-03-23 16:23:31,2349.38,600.0,584.0,20.0,0.0,1,600.0,601.0,20.0,0.0,1,600.0,602.0,10.0,0.0,1,600.0,603.0,10.0,0.0,1,600.0,601.0,10.0,0.0,1,600.0,600.0,10.0,0.0,1
2026-03-23 16:23:32,2350.1,600.0,620.0,20.0,0.0,1,600.0,600.0,20.0,0.0,1,600.0,601.0,10.0,0.0,1,600.0,602.0,10.0,0.0,1,600.0,599.0,10.0,0.0,1,600.0,604.0,10.0,0.0,1
2026-03-23 16:23:33,2350.81,600.0,582.0,20.0,0.0,1,600.0,601.0,20.0,0.0,1,600.0,602.0,10.0,0.0,1,600.0,602.0,10.0,0.0,1,600.0,601.0,10.0,0.0,1,600.0,603.0,10.0,0.0,1
2026-03-23 16:23:33,2351.55,600.0,612.0,20.0,0.0,1,600.0,601.0,20.0,0.0,1,600.0,602.0,10.0,0.0,1,600.0,602.0,10.0,0.0,1,600.0,601.0,10.0,0.0,1,600.0,605.0,10.0,0.0,1
2026-03-23 16:23:34,2352.27,600.0,601.0,20.0,0.20000000298023224,1,600.0,602.0,20.0,0.0,1,600.0,602.0,10.0,0.0,1,600.0,602.0,10.0,0.0,1,600.0,601.0,10.0,0.0,1,600.0,604.0,10.0,0.0,1
2026-03-23 16:23:35,2352.98,600.0,610.0,20.0,0.0,1,600.0,601.0,20.0,0.0,1,600.0,602.0,10.0,0.0,1,600.0,603.0,10.0,0.0,1,600.0,601.0,10.0,0.0,1,600.0,607.0,10.0,0.0,1
2026-03-23 16:23:36,2353.7,600.0,604.0,20.0,0.0,1,600.0,598.0,20.0,0.0,1,600.0,601.0,10.0,0.0,1,600.0,602.0,10.0,0.0,1,600.0,601.0,10.0,0.0,1,600.0,603.0,10.0,0.0,1
2026-03-23 16:23:36,2354.43,600.0,610.0,20.0,0.20000000298023224,1,600.0,601.0,20.0,0.0,1,600.0,602.0,10.0,0.0,1,600.0,602.0,10.0,0.0,1,600.0,597.0,10.0,0.0,1,600.0,611.0,10.0,0.30000001192092896,1
2026-03-23 16:23:37,2355.14,600.0,606.0,20.0,0.30000001192092896,1,600.0,601.0,20.0,0.0,1,600.0,602.0,10.0,0.0,1,600.0,602.0,10.0,0.0,1,600.0,600.0,10.0,0.0,1,600.0,606.0,10.0,0.10000000149011612,1
2026-03-23 16:23:38,2355.87,600.0,621.0,20.0,0.4000000059604645,1,600.0,599.0,20.0,0.0,1,600.0,602.0,10.0,0.0,1,600.0,602.0,10.0,0.0,1,600.0,599.0,10.0,0.0,1,600.0,604.0,10.0,0.0,1
2026-03-23 16:23:38,2356.58,600.0,599.0,20.0,0.20000000298023224,1,600.0,600.0,20.0,0.0,1,600.0,602.0,10.0,0.0,1,600.0,601.0,10.0,0.0,1,600.0,599.0,10.0,0.0,1,600.0,603.0,10.0,0.0,1
2026-03-23 16:23:39,2357.3,600.0,627.0,20.0,0.0,1,600.0,601.0,20.0,0.0,1,600.0,601.0,10.0,0.0,1,600.0,601.0,10.0,0.0,1,600.0,606.0,10.0,0.0,1,600.0,603.0,10.0,0.0,1
2026-03-23 16:23:40,2358.01,600.0,575.0,20.0,0.0,1,600.0,601.0,20.0,0.0,1,600.0,602.0,10.0,0.0,1,600.0,601.0,10.0,0.0,1,600.0,603.0,10.0,0.0,1,600.0,603.0,10.0,0.0,1
2026-03-23 16:23:41,2358.72,600.0,591.0,20.0,0.0,1,600.0,600.0,20.0,0.0,1,600.0,602.0,10.0,0.0,1,600.0,602.0,10.0,0.0,1,600.0,601.0,10.0,0.0,1,600.0,603.0,10.0,0.0,1
2026-03-23 16:23:41,2359.46,600.0,614.0,20.0,0.10000000149011612,1,600.0,600.0,20.0,0.0,1,600.0,602.0,10.0,0.0,1,600.0,600.0,10.0,0.0,1,600.0,602.0,10.0,0.0,1,600.0,602.0,10.0,0.0,1
2026-03-23 16:23:42,2360.18,600.0,603.0,20.0,0.10000000149011612,1,600.0,599.0,20.0,0.0,1,600.0,602.0,10.0,0.0,1,600.0,604.0,10.0,0.0,1,600.0,601.0,10.0,0.0,1,600.0,602.0,10.0,0.0,1
2026-03-23 16:23:43,2360.88,600.0,616.0,20.0,0.0,1,600.0,601.0,20.0,0.0,1,600.0,602.0,10.0,0.0,1,600.0,603.0,10.0,0.0,1,600.0,602.0,10.0,0.0,1,600.0,602.0,10.0,0.0,1
2026-03-23 16:23:43,2361.61,600.0,587.0,20.0,0.0,1,600.0,602.0,20.0,0.0,1,600.0,603.0,10.0,0.0,1,600.0,601.0,10.0,0.0,1,600.0,601.0,10.0,0.0,1,600.0,602.0,10.0,0.0,1
2026-03-23 16:23:44,2362.33,600.0,609.0,20.0,0.0,1,600.0,598.0,20.0,0.0,1,600.0,603.0,10.0,0.0,1,600.0,601.0,10.0,0.0,1,600.0,601.0,10.0,0.0,1,600.0,602.0,10.0,0.0,1
2026-03-23 16:23:45,2363.05,600.0,598.0,20.0,0.0,1,600.0,599.0,20.0,0.0,1,600.0,603.0,10.0,0.0,1,600.0,602.0,10.0,0.0,1,600.0,601.0,10.0,0.0,1,600.0,606.0,10.0,0.0,1
2026-03-23 16:23:46,2363.76,600.0,603.0,20.0,0.0,1,600.0,599.0,20.0,0.0,1,600.0,603.0,10.0,0.0,1,600.0,602.0,10.0,0.0,1,600.0,602.0,10.0,0.0,1,600.0,599.0,10.0,0.0,1
2026-03-23 16:23:46,2364.47,600.0,590.0,20.0,0.0,1,600.0,600.0,20.0,0.0,1,600.0,602.0,10.0,0.0,1,600.0,602.0,10.0,0.0,1,600.0,602.0,10.0,0.0,1,600.0,604.0,10.0,0.0,1
2026-03-23 16:23:47,2365.18,600.0,630.0,20.0,0.30000001192092896,1,600.0,600.0,20.0,0.0,1,600.0,602.0,10.0,0.0,1,600.0,602.0,10.0,0.0,1,600.0,601.0,10.0,0.0,1,600.0,615.0,10.0,0.0,1
2026-03-23 16:23:48,2365.89,600.0,576.0,20.0,0.0,1,600.0,600.0,20.0,0.0,1,600.0,602.0,10.0,0.0,1,600.0,601.0,10.0,0.0,1,600.0,601.0,10.0,0.0,1,600.0,586.0,10.0,0.0,1
2026-03-23 16:23:48,2366.6,600.0,608.0,20.0,0.10000000149011612,1,600.0,600.0,20.0,0.0,1,600.0,603.0,10.0,0.0,1,600.0,601.0,10.0,0.0,1,600.0,601.0,10.0,0.0,1,600.0,606.0,10.0,0.0,1
2026-03-23 16:23:49,2367.33,600.0,619.0,20.0,0.0,1,600.0,602.0,20.0,0.0,1,600.0,602.0,10.0,0.0,1,600.0,601.0,10.0,0.0,1,600.0,603.0,10.0,0.0,1,600.0,607.0,10.0,0.0,1
2026-03-23 16:23:50,2368.05,600.0,620.0,20.0,0.30000001192092896,1,600.0,602.0,20.0,0.0,1,600.0,602.0,10.0,0.0,1,600.0,601.0,10.0,0.0,1,600.0,602.0,10.0,0.0,1,600.0,605.0,10.0,0.0,1
2026-03-23 16:23:51,2368.76,600.0,603.0,20.0,0.0,1,600.0,601.0,20.0,0.0,1,600.0,602.0,10.0,0.0,1,600.0,601.0,10.0,0.0,1,600.0,604.0,10.0,0.10000000149011612,1,600.0,603.0,10.0,0.0,1
2026-03-23 16:23:51,2369.5,600.0,605.0,20.0,0.0,1,600.0,601.0,20.0,0.0,1,600.0,602.0,10.0,0.0,1,600.0,599.0,10.0,0.0,1,600.0,600.0,10.0,0.0,1,600.0,604.0,10.0,0.0,1
2026-03-23 16:23:52,2370.21,600.0,599.0,20.0,0.0,1,600.0,599.0,20.0,0.0,1,600.0,604.0,10.0,0.0,1,600.0,601.0,10.0,0.0,1,600.0,599.0,10.0,0.0,1,600.0,604.0,10.0,0.0,1
2026-03-23 16:23:53,2370.93,600.0,592.0,20.0,0.0,1,600.0,601.0,20.0,0.0,1,600.0,602.0,10.0,0.0,1,600.0,601.0,10.0,0.0,1,600.0,599.0,10.0,0.0,1,600.0,602.0,10.0,0.0,1
2026-03-23 16:23:53,2371.64,600.0,599.0,20.0,0.0,1,600.0,600.0,20.0,0.0,1,600.0,602.0,10.0,0.0,1,600.0,601.0,10.0,0.0,1,600.0,601.0,10.0,0.0,1,600.0,597.0,10.0,0.0,1
2026-03-23 16:23:54,2372.38,600.0,587.0,20.0,0.0,1,600.0,600.0,20.0,0.0,1,600.0,602.0,10.0,0.0,1,600.0,601.0,10.0,0.0,1,600.0,601.0,10.0,0.0,1,600.0,609.0,10.0,0.0,1
2026-03-23 16:23:55,2373.09,600.0,616.0,20.0,0.20000000298023224,1,600.0,600.0,20.0,0.0,1,600.0,602.0,10.0,0.0,1,600.0,602.0,10.0,0.0,1,600.0,600.0,10.0,0.0,1,600.0,598.0,10.0,0.0,1
2026-03-23 16:23:56,2373.79,600.0,592.0,20.0,0.0,1,600.0,601.0,20.0,0.0,1,600.0,602.0,10.0,0.0,1,600.0,599.0,10.0,0.0,1,600.0,603.0,10.0,0.0,1,600.0,602.0,10.0,0.0,1
2026-03-23 16:23:56,2374.51,600.0,623.0,20.0,0.0,1,600.0,601.0,20.0,0.0,1,600.0,602.0,10.0,0.0,1,600.0,602.0,10.0,0.0,1,600.0,600.0,10.0,0.0,1,600.0,604.0,10.0,0.0,1
2026-03-23 16:23:57,2375.23,600.0,603.0,20.0,0.0,1,600.0,601.0,20.0,0.0,1,600.0,602.0,10.0,0.0,1,600.0,600.0,10.0,0.0,1,600.0,600.0,10.0,0.0,1,600.0,604.0,10.0,0.0,1
2026-03-23 16:23:58,2375.95,600.0,603.0,20.0,0.0,1,600.0,601.0,20.0,0.0,1,600.0,603.0,10.0,0.0,1,600.0,601.0,10.0,0.0,1,600.0,600.0,10.0,0.0,1,600.0,600.0,10.0,0.0,1
2026-03-23 16:23:58,2376.67,600.0,595.0,20.0,0.0,1,600.0,601.0,20.0,0.0,1,600.0,603.0,10.0,0.0,1,600.0,601.0,10.0,0.0,1,600.0,602.0,10.0,0.0,1,600.0,604.0,10.0,0.0,1
2026-03-23 16:23:59,2377.39,600.0,596.0,20.0,0.0,1,600.0,601.0,20.0,0.0,1,600.0,603.0,10.0,0.0,1,600.0,601.0,10.0,0.0,1,600.0,599.0,10.0,0.0,1,600.0,606.0,10.0,0.0,1
2026-03-23 16:24:00,2378.09,600.0,590.0,20.0,0.0,1,600.0,601.0,20.0,0.0,1,600.0,603.0,10.0,0.0,1,600.0,603.0,10.0,0.0,1,600.0,605.0,10.0,0.0,1,600.0,603.0,10.0,0.0,1
2026-03-23 16:24:01,2378.81,600.0,590.0,20.0,0.0,1,600.0,601.0,20.0,0.0,1,600.0,602.0,10.0,0.0,1,600.0,603.0,10.0,0.0,1,600.0,602.0,10.0,0.0,1,600.0,617.0,10.0,0.10000000149011612,1
2026-03-23 16:24:01,2379.52,600.0,601.0,20.0,0.10000000149011612,1,600.0,601.0,20.0,0.0,1,600.0,602.0,10.0,0.0,1,600.0,603.0,10.0,0.0,1,600.0,599.0,10.0,0.0,1,600.0,600.0,10.0,0.0,1
2026-03-23 16:24:02,2380.26,600.0,626.0,20.0,0.10000000149011612,1,600.0,601.0,20.0,0.0,1,600.0,602.0,10.0,0.0,1,600.0,602.0,10.0,0.0,1,600.0,599.0,10.0,0.0,1,600.0,585.0,10.0,0.0,1
2026-03-23 16:24:03,2380.96,600.0,604.0,20.0,0.10000000149011612,1,600.0,600.0,20.0,0.0,1,600.0,603.0,10.0,0.0,1,600.0,599.0,10.0,0.0,1,600.0,600.0,10.0,0.0,1,600.0,617.0,10.0,0.10000000149011612,1
2026-03-23 16:24:03,2381.69,600.0,607.0,20.0,0.10000000149011612,1,600.0,600.0,20.0,0.0,1,600.0,603.0,10.0,0.0,1,600.0,602.0,10.0,0.0,1,600.0,601.0,10.0,0.0,1,600.0,595.0,10.0,0.0,1
2026-03-23 16:24:04,2382.4,600.0,605.0,20.0,0.10000000149011612,1,600.0,600.0,20.0,0.0,1,600.0,601.0,10.0,0.0,1,600.0,597.0,10.0,0.0,1,600.0,602.0,10.0,0.0,1,600.0,603.0,10.0,0.0,1
2026-03-23 16:24:05,2383.11,600.0,603.0,20.0,0.0,1,600.0,600.0,20.0,0.0,1,600.0,602.0,10.0,0.0,1,600.0,604.0,10.0,0.0,1,600.0,599.0,10.0,0.0,1,600.0,617.0,10.0,0.0,1
2026-03-23 16:24:06,2383.82,600.0,593.0,20.0,0.0,1,600.0,602.0,20.0,0.0,1,600.0,603.0,10.0,0.0,1,600.0,601.0,10.0,0.0,1,600.0,600.0,10.0,0.0,1,600.0,603.0,10.0,0.0,1
2026-03-23 16:24:06,2384.53,600.0,611.0,20.0,0.20000000298023224,1,600.0,601.0,20.0,0.0,1,600.0,602.0,10.0,0.0,1,600.0,601.0,10.0,0.0,1,600.0,602.0,10.0,0.0,1,600.0,603.0,10.0,0.0,1
2026-03-23 16:24:07,2385.26,600.0,603.0,20.0,0.0,1,600.0,601.0,20.0,0.0,1,600.0,602.0,10.0,0.0,1,600.0,601.0,10.0,0.0,1,600.0,597.0,10.0,0.0,1,600.0,605.0,10.0,0.0,1
2026-03-23 16:24:08,2385.97,600.0,603.0,20.0,0.10000000149011612,1,600.0,601.0,20.0,0.0,1,600.0,603.0,10.0,0.0,1,600.0,601.0,10.0,0.0,1,600.0,601.0,10.0,0.0,1,600.0,604.0,10.0,0.0,1
2026-03-23 16:24:08,2386.69,600.0,604.0,20.0,0.0,1,600.0,602.0,20.0,0.0,1,600.0,602.0,10.0,0.0,1,600.0,603.0,10.0,0.0,1,600.0,602.0,10.0,0.0,1,600.0,604.0,10.0,0.0,1
2026-03-23 16:24:09,2387.4,600.0,601.0,20.0,0.10000000149011612,1,600.0,602.0,20.0,0.0,1,600.0,602.0,10.0,0.0,1,600.0,601.0,10.0,0.0,1,600.0,602.0,10.0,0.0,1,600.0,603.0,10.0,0.0,1
2026-03-23 16:24:10,2388.11,600.0,619.0,20.0,0.0,1,600.0,600.0,20.0,0.0,1,600.0,602.0,10.0,0.0,1,600.0,601.0,10.0,0.0,1,600.0,601.0,10.0,0.0,1,600.0,603.0,10.0,0.0,1
2026-03-23 16:24:11,2388.83,600.0,604.0,20.0,0.0,1,600.0,600.0,20.0,0.0,1,600.0,602.0,10.0,0.0,1,600.0,601.0,10.0,0.0,1,600.0,600.0,10.0,0.0,1,600.0,604.0,10.0,0.0,1
2026-03-23 16:24:11,2389.54,600.0,607.0,20.0,0.10000000149011612,1,600.0,600.0,20.0,0.0,1,600.0,602.0,10.0,0.0,1,600.0,601.0,10.0,0.0,1,600.0,602.0,10.0,0.0,1,600.0,604.0,10.0,0.0,1
2026-03-23 16:24:12,2390.26,600.0,609.0,20.0,0.30000001192092896,1,600.0,600.0,20.0,0.0,1,600.0,602.0,10.0,0.0,1,600.0,601.0,10.0,0.0,1,600.0,604.0,10.0,0.0,1,600.0,616.0,10.0,0.0,1
2026-03-23 16:24:13,2390.97,600.0,623.0,20.0,0.10000000149011612,1,600.0,600.0,20.0,0.0,1,600.0,602.0,10.0,0.0,1,600.0,601.0,10.0,0.0,1,600.0,602.0,10.0,0.0,1,600.0,594.0,10.0,0.0,1
2026-03-23 16:24:13,2391.68,600.0,608.0,20.0,0.10000000149011612,1,600.0,601.0,20.0,0.0,1,600.0,600.0,10.0,0.0,1,600.0,602.0,10.0,0.0,1,600.0,597.0,10.0,0.0,1,600.0,604.0,10.0,0.0,1
2026-03-23 16:24:14,2392.39,600.0,596.0,20.0,0.10000000149011612,1,600.0,601.0,20.0,0.0,1,600.0,601.0,10.0,0.0,1,600.0,602.0,10.0,0.0,1,600.0,605.0,10.0,0.0,1,600.0,604.0,10.0,0.0,1
2026-03-23 16:24:15,2393.11,600.0,604.0,20.0,0.10000000149011612,1,600.0,601.0,20.0,0.0,1,600.0,602.0,10.0,0.0,1,600.0,600.0,10.0,0.0,1,600.0,600.0,10.0,0.0,1,600.0,603.0,10.0,0.0,1
2026-03-23 16:24:16,2393.83,600.0,618.0,20.0,0.0,1,600.0,601.0,20.0,0.0,1,600.0,602.0,10.0,0.0,1,600.0,601.0,10.0,0.0,1,600.0,600.0,10.0,0.0,1,600.0,603.0,10.0,0.0,1
2026-03-23 16:24:16,2394.54,600.0,606.0,20.0,0.10000000149011612,1,600.0,600.0,20.0,0.0,1,600.0,602.0,10.0,0.0,1,600.0,599.0,10.0,0.0,1,600.0,600.0,10.0,0.0,1,600.0,608.0,10.0,0.0,1
2026-03-23 16:24:17,2395.25,600.0,603.0,20.0,0.0,1,600.0,601.0,20.0,0.0,1,600.0,603.0,10.0,0.0,1,600.0,603.0,10.0,0.0,1,600.0,601.0,10.0,0.0,1,600.0,601.0,10.0,0.0,1
2026-03-23 16:24:18,2395.96,600.0,617.0,20.0,0.0,1,600.0,600.0,20.0,0.0,1,600.0,602.0,10.0,0.0,1,600.0,601.0,10.0,0.0,1,600.0,601.0,10.0,0.0,1,600.0,606.0,10.0,0.0,1
2026-03-23 16:24:18,2396.66,600.0,601.0,20.0,0.10000000149011612,1,600.0,601.0,20.0,0.0,1,600.0,602.0,10.0,0.0,1,600.0,600.0,10.0,0.0,1,600.0,599.0,10.0,0.0,1,600.0,604.0,10.0,0.0,1
2026-03-23 16:24:19,2397.4,600.0,612.0,20.0,0.0,1,600.0,601.0,20.0,0.0,1,600.0,602.0,10.0,0.0,1,600.0,599.0,10.0,0.0,1,600.0,599.0,10.0,0.0,1,600.0,628.0,10.0,0.10000000149011612,1
2026-03-23 16:24:20,2398.11,600.0,600.0,20.0,0.0,1,600.0,601.0,20.0,0.0,1,600.0,602.0,10.0,0.0,1,600.0,601.0,10.0,0.0,1,600.0,602.0,10.0,0.0,1,600.0,587.0,10.0,0.0,1
2026-03-23 16:24:21,2398.83,600.0,591.0,20.0,0.0,1,600.0,601.0,20.0,0.0,1,600.0,602.0,10.0,0.0,1,600.0,601.0,10.0,0.0,1,600.0,602.0,10.0,0.0,1,600.0,605.0,10.0,0.0,1
2026-03-23 16:24:21,2399.55,600.0,624.0,20.0,0.10000000149011612,1,600.0,601.0,20.0,0.0,1,600.0,602.0,10.0,0.0,1,600.0,603.0,10.0,0.0,1,600.0,602.0,10.0,0.0,1,600.0,596.0,10.0,0.0,1
2026-03-23 16:24:22,2400.26,600.0,601.0,20.0,0.0,1,600.0,600.0,20.0,0.0,1,600.0,602.0,10.0,0.0,1,600.0,600.0,10.0,0.0,1,600.0,596.0,10.0,0.0,1,600.0,602.0,10.0,0.0,1
2026-03-23 16:24:23,2400.97,600.0,591.0,20.0,0.0,1,600.0,600.0,20.0,0.0,1,600.0,602.0,10.0,0.0,1,600.0,600.0,10.0,0.0,1,600.0,600.0,10.0,0.0,1,600.0,603.0,10.0,0.0,1
2026-03-23 16:24:23,2401.67,600.0,614.0,20.0,0.10000000149011612,1,600.0,601.0,20.0,0.0,1,600.0,602.0,10.0,0.0,1,600.0,601.0,10.0,0.0,1,600.0,600.0,10.0,0.0,1,600.0,623.0,10.0,0.0,1
2026-03-23 16:24:24,2402.39,600.0,594.0,20.0,0.0,1,600.0,601.0,20.0,0.0,1,600.0,602.0,10.0,0.0,1,600.0,601.0,10.0,0.0,1,600.0,604.0,10.0,0.0,1,600.0,601.0,10.0,0.0,1
2026-03-23 16:24:25,2403.1,600.0,606.0,20.0,0.0,1,600.0,601.0,20.0,0.0,1,600.0,602.0,10.0,0.0,1,600.0,602.0,10.0,0.0,1,600.0,602.0,10.0,0.0,1,600.0,604.0,10.0,0.0,1
2026-03-23 16:24:26,2403.83,600.0,592.0,20.0,0.0,1,600.0,601.0,20.0,0.0,1,600.0,602.0,10.0,0.0,1,600.0,602.0,10.0,0.0,1,600.0,602.0,10.0,0.0,1,600.0,612.0,10.0,0.0,1
2026-03-23 16:24:26,2404.55,600.0,615.0,20.0,0.20000000298023224,1,600.0,600.0,20.0,0.0,1,600.0,602.0,10.0,0.0,1,600.0,602.0,10.0,0.0,1,600.0,602.0,10.0,0.0,1,600.0,600.0,10.0,0.0,1
2026-03-23 16:24:27,2405.26,600.0,595.0,20.0,0.0,1,600.0,600.0,20.0,0.0,1,600.0,602.0,10.0,0.0,1,600.0,602.0,10.0,0.0,1,600.0,602.0,10.0,0.0,1,600.0,604.0,10.0,0.0,1
2026-03-23 16:24:28,2405.97,600.0,592.0,20.0,0.0,1,600.0,601.0,20.0,0.0,1,600.0,602.0,10.0,0.0,1,600.0,601.0,10.0,0.0,1,600.0,603.0,10.0,0.0,1,600.0,605.0,10.0,0.0,1
2026-03-23 16:24:28,2406.68,600.0,631.0,20.0,0.0,1,600.0,600.0,20.0,0.0,1,600.0,602.0,10.0,0.0,1,600.0,602.0,10.0,0.0,1,600.0,599.0,10.0,0.0,1,600.0,605.0,10.0,0.10000000149011612,1
2026-03-23 16:24:29,2407.41,600.0,608.0,20.0,0.0,1,600.0,601.0,20.0,0.0,1,600.0,601.0,10.0,0.0,1,600.0,601.0,10.0,0.0,1,600.0,599.0,10.0,0.0,1,600.0,600.0,10.0,0.0,1
2026-03-23 16:24:30,2408.13,600.0,602.0,20.0,0.0,1,600.0,601.0,20.0,0.0,1,600.0,602.0,10.0,0.0,1,600.0,601.0,10.0,0.0,1,600.0,600.0,10.0,0.0,1,600.0,616.0,10.0,0.10000000149011612,1
2026-03-23 16:24:31,2408.84,600.0,601.0,20.0,0.0,1,600.0,601.0,20.0,0.0,1,600.0,602.0,10.0,0.0,1,600.0,601.0,10.0,0.0,1,600.0,600.0,10.0,0.0,1,600.0,602.0,10.0,0.0,1
2026-03-23 16:24:31,2409.56,600.0,601.0,20.0,0.0,1,600.0,601.0,20.0,0.0,1,600.0,602.0,10.0,0.0,1,600.0,603.0,10.0,0.0,1,600.0,598.0,10.0,0.0,1,600.0,598.0,10.0,0.0,1
2026-03-23 16:24:32,2410.27,600.0,621.0,20.0,0.30000001192092896,1,600.0,601.0,20.0,0.0,1,600.0,603.0,10.0,0.0,1,600.0,602.0,10.0,0.0,1,600.0,601.0,10.0,0.0,1,600.0,602.0,10.0,0.0,1
2026-03-23 16:24:33,2410.98,600.0,609.0,20.0,0.10000000149011612,1,600.0,601.0,20.0,0.0,1,600.0,602.0,10.0,0.0,1,600.0,602.0,10.0,0.0,1,600.0,598.0,10.0,0.0,1,600.0,602.0,10.0,0.0,1
2026-03-23 16:24:33,2411.68,600.0,626.0,20.0,0.0,1,600.0,601.0,20.0,0.0,1,600.0,603.0,10.0,0.0,1,600.0,601.0,10.0,0.0,1,600.0,602.0,10.0,0.0,1,600.0,622.0,10.0,0.10000000149011612,1
2026-03-23 16:24:34,2412.39,600.0,608.0,20.0,0.0,1,600.0,601.0,20.0,0.0,1,600.0,601.0,10.0,0.0,1,600.0,600.0,10.0,0.0,1,600.0,603.0,10.0,0.0,1,600.0,586.0,10.0,0.0,1
2026-03-23 16:24:35,2413.09,600.0,600.0,20.0,0.0,1,600.0,600.0,20.0,0.0,1,600.0,604.0,10.0,0.0,1,600.0,600.0,10.0,0.0,1,600.0,602.0,10.0,0.0,1,600.0,618.0,10.0,0.0,1
2026-03-23 16:24:36,2413.82,600.0,597.0,20.0,0.0,1,600.0,600.0,20.0,0.0,1,600.0,601.0,10.0,0.0,1,600.0,600.0,10.0,0.0,1,600.0,598.0,10.0,0.0,1,600.0,588.0,10.0,0.0,1
2026-03-23 16:24:36,2414.53,600.0,584.0,20.0,0.0,1,600.0,600.0,20.0,0.0,1,600.0,603.0,10.0,0.0,1,600.0,600.0,10.0,0.0,1,600.0,599.0,10.0,0.0,1,600.0,619.0,10.0,0.0,1
2026-03-23 16:24:37,2415.25,600.0,587.0,20.0,0.0,1,600.0,601.0,20.0,0.0,1,600.0,602.0,10.0,0.0,1,600.0,601.0,10.0,0.0,1,600.0,598.0,10.0,0.0,1,600.0,586.0,10.0,0.10000000149011612,1
2026-03-23 16:24:38,2415.96,600.0,609.0,20.0,0.0,1,600.0,601.0,20.0,0.0,1,600.0,603.0,10.0,0.0,1,600.0,601.0,10.0,0.0,1,600.0,602.0,10.0,0.0,1,600.0,601.0,10.0,0.0,1
2026-03-23 16:24:38,2416.68,600.0,613.0,20.0,0.0,1,600.0,601.0,20.0,0.0,1,600.0,602.0,10.0,0.0,1,600.0,603.0,10.0,0.0,1,600.0,598.0,10.0,0.0,1,600.0,620.0,10.0,0.20000000298023224,1
2026-03-23 16:24:39,2417.42,600.0,622.0,20.0,0.0,1,600.0,600.0,20.0,0.0,1,600.0,603.0,10.0,0.0,1,600.0,603.0,10.0,0.0,1,600.0,600.0,10.0,0.0,1,600.0,591.0,10.0,0.20000000298023224,1
2026-03-23 16:24:40,2418.13,600.0,590.0,20.0,0.0,1,600.0,603.0,20.0,0.0,1,600.0,603.0,10.0,0.0,1,600.0,602.0,10.0,0.0,1,600.0,600.0,10.0,0.0,1,600.0,605.0,10.0,0.0,1
2026-03-23 16:24:41,2418.84,600.0,605.0,20.0,0.0,1,600.0,602.0,20.0,0.0,1,600.0,602.0,10.0,0.0,1,600.0,602.0,10.0,0.0,1,600.0,600.0,10.0,0.0,1,600.0,616.0,10.0,0.0,1
2026-03-23 16:24:41,2419.57,600.0,600.0,20.0,0.20000000298023224,1,600.0,599.0,20.0,0.0,1,600.0,601.0,10.0,0.0,1,600.0,600.0,10.0,0.0,1,600.0,600.0,10.0,0.0,1,600.0,585.0,10.0,0.0,1
2026-03-23 16:24:42,2420.29,600.0,590.0,20.0,0.0,1,600.0,600.0,20.0,0.0,1,600.0,601.0,10.0,0.0,1,600.0,602.0,10.0,0.0,1,600.0,600.0,10.0,0.0,1,600.0,605.0,10.0,0.0,1
2026-03-23 16:24:43,2421.0,600.0,597.0,20.0,0.0,1,600.0,600.0,20.0,0.0,1,600.0,603.0,10.0,0.0,1,600.0,603.0,10.0,0.0,1,600.0,606.0,10.0,0.0,1,600.0,590.0,10.0,0.0,1
2026-03-23 16:24:44,2421.74,600.0,607.0,20.0,0.0,1,600.0,602.0,20.0,0.0,1,600.0,603.0,10.0,0.0,1,600.0,603.0,10.0,0.0,1,600.0,604.0,10.0,0.0,1,600.0,598.0,10.0,0.0,1
2026-03-23 16:24:44,2422.45,600.0,638.0,20.0,0.20000000298023224,1,600.0,599.0,20.0,0.0,1,600.0,603.0,10.0,0.0,1,600.0,601.0,10.0,0.0,1,600.0,601.0,10.0,0.0,1,600.0,601.0,10.0,0.0,1
2026-03-23 16:24:45,2423.16,600.0,597.0,20.0,0.0,1,600.0,599.0,20.0,0.0,1,600.0,603.0,10.0,0.0,1,600.0,602.0,10.0,0.0,1,600.0,601.0,10.0,0.0,1,600.0,602.0,10.0,0.0,1
2026-03-23 16:24:46,2423.88,600.0,612.0,20.0,0.20000000298023224,1,600.0,601.0,20.0,0.0,1,600.0,602.0,10.0,0.0,1,600.0,602.0,10.0,0.0,1,600.0,600.0,10.0,0.0,1,600.0,605.0,10.0,0.0,1
2026-03-23 16:24:46,2424.6,600.0,626.0,20.0,0.20000000298023224,1,600.0,601.0,20.0,0.0,1,600.0,602.0,10.0,0.0,1,600.0,603.0,10.0,0.0,1,600.0,600.0,10.0,0.0,1,600.0,606.0,10.0,0.0,1
2026-03-23 16:24:47,2425.32,600.0,614.0,20.0,0.0,1,600.0,601.0,20.0,0.0,1,600.0,602.0,10.0,0.0,1,600.0,606.0,10.0,0.0,1,600.0,600.0,10.0,0.0,1,600.0,604.0,10.0,0.0,1
2026-03-23 16:24:48,2426.03,600.0,590.0,20.0,0.0,1,600.0,601.0,20.0,0.0,1,600.0,602.0,10.0,0.0,1,600.0,600.0,10.0,0.0,1,600.0,599.0,10.0,0.0,1,600.0,607.0,10.0,0.0,1
2026-03-23 16:24:49,2426.76,600.0,613.0,20.0,0.10000000149011612,1,600.0,602.0,20.0,0.0,1,600.0,602.0,10.0,0.0,1,600.0,601.0,10.0,0.0,1,600.0,603.0,10.0,0.0,1,600.0,603.0,10.0,0.0,1
2026-03-23 16:24:49,2427.47,600.0,623.0,20.0,0.0,1,600.0,601.0,20.0,0.0,1,600.0,601.0,10.0,0.0,1,600.0,601.0,10.0,0.0,1,600.0,601.0,10.0,0.0,1,600.0,615.0,10.0,0.0,1
2026-03-23 16:24:50,2428.18,600.0,609.0,20.0,0.20000000298023224,1,600.0,598.0,20.0,0.0,1,600.0,602.0,10.0,0.0,1,600.0,601.0,10.0,0.0,1,600.0,600.0,10.0,0.0,1,600.0,587.0,10.0,0.0,1
2026-03-23 16:24:51,2428.9,600.0,584.0,20.0,0.0,1,600.0,603.0,20.0,0.0,1,600.0,602.0,10.0,0.0,1,600.0,602.0,10.0,0.0,1,600.0,603.0,10.0,0.0,1,600.0,602.0,10.0,0.0,1
2026-03-23 16:24:51,2429.61,600.0,611.0,20.0,0.0,1,600.0,602.0,20.0,0.0,1,600.0,602.0,10.0,0.0,1,600.0,601.0,10.0,0.0,1,600.0,600.0,10.0,0.0,1,600.0,602.0,10.0,0.0,1
2026-03-23 16:24:52,2430.33,600.0,608.0,20.0,0.0,1,600.0,601.0,20.0,0.0,1,600.0,602.0,10.0,0.0,1,600.0,600.0,10.0,0.0,1,600.0,597.0,10.0,0.0,1,600.0,603.0,10.0,0.0,1
2026-03-23 16:24:53,2431.04,600.0,592.0,20.0,0.10000000149011612,1,600.0,601.0,20.0,0.0,1,600.0,602.0,10.0,0.0,1,600.0,600.0,10.0,0.0,1,600.0,598.0,10.0,0.0,1,600.0,613.0,10.0,0.0,1
2026-03-23 16:24:54,2431.76,600.0,597.0,20.0,0.0,1,600.0,600.0,20.0,0.0,1,600.0,603.0,10.0,0.0,1,600.0,601.0,10.0,0.0,1,600.0,601.0,10.0,0.0,1,600.0,595.0,10.0,0.0,1
2026-03-23 16:24:54,2432.48,600.0,634.0,20.0,0.0,1,600.0,600.0,20.0,0.0,1,600.0,603.0,10.0,0.0,1,600.0,601.0,10.0,0.0,1,600.0,600.0,10.0,0.0,1,600.0,597.0,10.0,0.0,1
2026-03-23 16:24:55,2433.19,600.0,585.0,20.0,0.0,1,600.0,601.0,20.0,0.0,1,600.0,601.0,10.0,0.0,1,600.0,602.0,10.0,0.0,1,600.0,600.0,10.0,0.0,1,600.0,603.0,10.0,0.0,1
2026-03-23 16:24:56,2433.9,600.0,629.0,20.0,0.0,1,600.0,601.0,20.0,0.0,1,600.0,602.0,10.0,0.0,1,600.0,599.0,10.0,0.0,1,600.0,602.0,10.0,0.0,1,600.0,593.0,10.0,0.0,1
2026-03-23 16:24:56,2434.62,600.0,580.0,20.0,0.0,1,600.0,601.0,20.0,0.0,1,600.0,602.0,10.0,0.0,1,600.0,602.0,10.0,0.0,1,600.0,599.0,10.0,0.0,1,600.0,602.0,10.0,0.0,1
2026-03-23 16:24:57,2435.33,600.0,611.0,20.0,0.0,1,600.0,601.0,20.0,0.0,1,600.0,602.0,10.0,0.0,1,600.0,600.0,10.0,0.0,1,600.0,603.0,10.0,0.0,1,600.0,598.0,10.0,0.0,1
2026-03-23 16:24:58,2436.04,600.0,593.0,20.0,0.0,1,600.0,600.0,20.0,0.0,1,600.0,602.0,10.0,0.0,1,600.0,601.0,10.0,0.0,1,600.0,604.0,10.0,0.0,1,600.0,610.0,10.0,0.0,1
2026-03-23 16:24:59,2436.75,600.0,599.0,20.0,0.0,1,600.0,600.0,20.0,0.0,1,600.0,602.0,10.0,0.0,1,600.0,603.0,10.0,0.0,1,600.0,604.0,10.0,0.0,1,600.0,595.0,10.0,0.20000000298023224,1
2026-03-23 16:24:59,2437.47,600.0,625.0,20.0,0.20000000298023224,1,600.0,600.0,20.0,0.0,1,600.0,602.0,10.0,0.0,1,600.0,602.0,10.0,0.0,1,600.0,602.0,10.0,0.0,1,600.0,603.0,10.0,0.0,1
2026-03-23 16:25:00,2438.18,600.0,585.0,20.0,0.0,1,600.0,600.0,20.0,0.0,1,600.0,603.0,10.0,0.0,1,600.0,599.0,10.0,0.0,1,600.0,597.0,10.0,0.0,1,600.0,603.0,10.0,0.20000000298023224,1
2026-03-23 16:25:01,2438.89,600.0,603.0,20.0,0.0,1,600.0,600.0,20.0,0.0,1,600.0,602.0,10.0,0.0,1,600.0,600.0,10.0,0.0,1,600.0,605.0,10.0,0.0,1,600.0,625.0,10.0,0.30000001192092896,1
2026-03-23 16:25:01,2439.59,600.0,606.0,20.0,0.0,1,600.0,600.0,20.0,0.0,1,600.0,602.0,10.0,0.0,1,600.0,601.0,10.0,0.0,1,600.0,599.0,10.0,0.0,1,600.0,598.0,10.0,0.0,1
2026-03-23 16:25:02,2440.31,600.0,629.0,20.0,0.10000000149011612,1,600.0,602.0,20.0,0.0,1,600.0,602.0,10.0,0.0,1,600.0,602.0,10.0,0.0,1,600.0,600.0,10.0,0.0,1,600.0,589.0,10.0,0.0,1
2026-03-23 16:25:03,2441.02,600.0,584.0,20.0,0.0,1,600.0,601.0,20.0,0.0,1,600.0,602.0,10.0,0.0,1,600.0,600.0,10.0,0.0,1,600.0,602.0,10.0,0.0,1,600.0,603.0,10.0,0.0,1
2026-03-23 16:25:04,2441.73,600.0,627.0,20.0,0.0,1,600.0,600.0,20.0,0.0,1,600.0,602.0,10.0,0.0,1,600.0,601.0,10.0,0.0,1,600.0,600.0,10.0,0.0,1,600.0,603.0,10.0,0.0,1
2026-03-23 16:25:04,2442.45,600.0,613.0,20.0,0.5,1,600.0,601.0,20.0,0.0,1,600.0,602.0,10.0,0.0,1,600.0,601.0,10.0,0.0,1,600.0,601.0,10.0,0.0,1,600.0,597.0,10.0,0.0,1
2026-03-23 16:25:05,2443.16,600.0,596.0,20.0,0.0,1,600.0,600.0,20.0,0.0,1,600.0,600.0,10.0,0.0,1,600.0,601.0,10.0,0.0,1,600.0,600.0,10.0,0.0,1,600.0,596.0,10.0,0.0,1
2026-03-23 16:25:06,2443.88,600.0,606.0,20.0,0.10000000149011612,1,600.0,599.0,20.0,0.0,1,600.0,602.0,10.0,0.0,1,600.0,601.0,10.0,0.0,1,600.0,603.0,10.0,0.0,1,600.0,622.0,10.0,0.10000000149011612,1
2026-03-23 16:25:06,2444.59,600.0,610.0,20.0,0.0,1,600.0,599.0,20.0,0.0,1,600.0,602.0,10.0,0.0,1,600.0,601.0,10.0,0.0,1,600.0,602.0,10.0,0.0,1,600.0,585.0,10.0,0.0,1
2026-03-23 16:25:07,2445.3,600.0,613.0,20.0,0.0,1,600.0,601.0,20.0,0.0,1,600.0,602.0,10.0,0.0,1,600.0,602.0,10.0,0.0,1,600.0,600.0,10.0,0.0,1,600.0,628.0,10.0,0.30000001192092896,1
2026-03-23 16:25:08,2446.03,600.0,614.0,20.0,0.0,1,600.0,600.0,20.0,0.0,1,600.0,602.0,10.0,0.0,1,600.0,602.0,10.0,0.0,1,600.0,600.0,10.0,0.0,1,600.0,583.0,10.0,0.0,1
2026-03-23 16:25:09,2446.74,600.0,600.0,20.0,0.0,1,600.0,600.0,20.0,0.0,1,600.0,602.0,10.0,0.0,1,600.0,601.0,10.0,0.0,1,600.0,600.0,10.0,0.0,1,600.0,604.0,10.0,0.0,1
2026-03-23 16:25:09,2447.46,600.0,607.0,20.0,0.0,1,600.0,601.0,20.0,0.0,1,600.0,602.0,10.0,0.0,1,600.0,601.0,10.0,0.0,1,600.0,600.0,10.0,0.0,1,600.0,603.0,10.0,0.0,1
2026-03-23 16:25:10,2448.17,600.0,588.0,20.0,0.0,1,600.0,600.0,20.0,0.0,1,600.0,601.0,10.0,0.0,1,600.0,601.0,10.0,0.0,1,600.0,600.0,10.0,0.0,1,600.0,604.0,10.0,0.0,1
2026-03-23 16:25:11,2448.87,600.0,599.0,20.0,0.0,1,600.0,600.0,20.0,0.0,1,600.0,601.0,10.0,0.0,1,600.0,601.0,10.0,0.0,1,600.0,601.0,10.0,0.0,1,600.0,604.0,10.0,0.0,1
2026-03-23 16:25:11,2449.59,600.0,610.0,20.0,0.0,1,600.0,599.0,20.0,0.0,1,600.0,602.0,10.0,0.0,1,600.0,601.0,10.0,0.0,1,600.0,598.0,10.0,0.0,1,600.0,604.0,10.0,0.0,1
2026-03-23 16:25:12,2450.3,600.0,604.0,20.0,0.0,1,600.0,599.0,20.0,0.0,1,600.0,602.0,10.0,0.0,1,600.0,601.0,10.0,0.0,1,600.0,600.0,10.0,0.0,1,600.0,604.0,10.0,0.0,1
2026-03-23 16:25:13,2451.01,600.0,575.0,20.0,0.0,1,600.0,602.0,20.0,0.0,1,600.0,601.0,10.0,0.0,1,600.0,601.0,10.0,0.0,1,600.0,603.0,10.0,0.0,1,600.0,604.0,10.0,0.0,1
2026-03-23 16:25:14,2451.73,600.0,606.0,20.0,0.0,1,600.0,600.0,20.0,0.0,1,600.0,602.0,10.0,0.0,1,600.0,599.0,10.0,0.0,1,600.0,603.0,10.0,0.0,1,600.0,602.0,10.0,0.0,1
2026-03-23 16:25:14,2452.45,600.0,607.0,20.0,0.0,1,600.0,601.0,20.0,0.0,1,600.0,603.0,10.0,0.0,1,600.0,603.0,10.0,0.0,1,600.0,597.0,10.0,0.0,1,600.0,602.0,10.0,0.0,1
2026-03-23 16:25:15,2453.16,600.0,576.0,20.0,0.0,1,600.0,601.0,20.0,0.0,1,600.0,602.0,10.0,0.0,1,600.0,601.0,10.0,0.0,1,600.0,598.0,10.0,0.0,1,600.0,603.0,10.0,0.0,1
2026-03-23 16:25:16,2453.88,600.0,616.0,20.0,0.20000000298023224,1,600.0,601.0,20.0,0.0,1,600.0,602.0,10.0,0.0,1,600.0,603.0,10.0,0.0,1,600.0,603.0,10.0,0.0,1,600.0,606.0,10.0,0.0,1
2026-03-23 16:25:16,2454.58,600.0,611.0,20.0,0.30000001192092896,1,600.0,601.0,20.0,0.0,1,600.0,602.0,10.0,0.0,1,600.0,602.0,10.0,0.0,1,600.0,599.0,10.0,0.0,1,600.0,594.0,10.0,0.0,1
2026-03-23 16:25:17,2455.3,600.0,612.0,20.0,0.0,1,600.0,601.0,20.0,0.0,1,600.0,602.0,10.0,0.0,1,600.0,601.0,10.0,0.0,1,600.0,600.0,10.0,0.0,1,600.0,601.0,10.0,0.0,1
2026-03-23 16:25:18,2456.01,600.0,587.0,20.0,0.0,1,600.0,600.0,20.0,0.0,1,600.0,604.0,10.0,0.0,1,600.0,602.0,10.0,0.0,1,600.0,601.0,10.0,0.0,1,600.0,607.0,10.0,0.0,1
2026-03-23 16:25:19,2456.73,600.0,605.0,20.0,0.10000000149011612,1,600.0,601.0,20.0,0.0,1,600.0,602.0,10.0,0.0,1,600.0,600.0,10.0,0.0,1,600.0,599.0,10.0,0.0,1,600.0,617.0,10.0,0.0,1
2026-03-23 16:25:19,2457.43,600.0,591.0,20.0,0.0,1,600.0,599.0,20.0,0.0,1,600.0,601.0,10.0,0.0,1,600.0,601.0,10.0,0.0,1,600.0,600.0,10.0,0.0,1,600.0,593.0,10.0,0.0,1
2026-03-23 16:25:20,2458.15,600.0,618.0,20.0,0.10000000149011612,1,600.0,603.0,20.0,0.0,1,600.0,601.0,10.0,0.0,1,600.0,600.0,10.0,0.0,1,600.0,597.0,10.0,0.0,1,600.0,604.0,10.0,0.0,1
2026-03-23 16:25:21,2458.86,600.0,605.0,20.0,0.0,1,600.0,601.0,20.0,0.0,1,600.0,603.0,10.0,0.0,1,600.0,600.0,10.0,0.0,1,600.0,604.0,10.0,0.0,1,600.0,618.0,10.0,0.0,1
2026-03-23 16:25:21,2459.59,600.0,590.0,20.0,0.0,1,600.0,600.0,20.0,0.0,1,600.0,603.0,10.0,0.0,1,600.0,601.0,10.0,0.0,1,600.0,598.0,10.0,0.0,1,600.0,589.0,10.0,0.0,1
2026-03-23 16:25:22,2460.29,600.0,612.0,20.0,0.0,1,600.0,601.0,20.0,0.0,1,600.0,602.0,10.0,0.0,1,600.0,603.0,10.0,0.0,1,600.0,602.0,10.0,0.0,1,600.0,593.0,10.0,0.0,1
2026-03-23 16:25:23,2461.0,600.0,596.0,20.0,0.0,1,600.0,601.0,20.0,0.0,1,600.0,602.0,10.0,0.0,1,600.0,602.0,10.0,0.0,1,600.0,600.0,10.0,0.0,1,600.0,608.0,10.0,0.0,1
2026-03-23 16:25:24,2461.72,600.0,608.0,20.0,0.30000001192092896,1,600.0,601.0,20.0,0.0,1,600.0,602.0,10.0,0.0,1,600.0,602.0,10.0,0.0,1,600.0,601.0,10.0,0.0,1,600.0,603.0,10.0,0.30000001192092896,1
2026-03-23 16:25:24,2462.44,600.0,627.0,20.0,0.20000000298023224,1,600.0,601.0,20.0,0.0,1,600.0,602.0,10.0,0.0,1,600.0,601.0,10.0,0.0,1,600.0,601.0,10.0,0.0,1,600.0,604.0,10.0,0.10000000149011612,1
2026-03-23 16:25:25,2463.15,600.0,589.0,20.0,0.0,1,600.0,602.0,20.0,0.0,1,600.0,602.0,10.0,0.0,1,600.0,601.0,10.0,0.0,1,600.0,600.0,10.0,0.0,1,600.0,604.0,10.0,0.0,1
2026-03-23 16:25:26,2463.87,600.0,615.0,20.0,0.20000000298023224,1,600.0,602.0,20.0,0.0,1,600.0,602.0,10.0,0.0,1,600.0,600.0,10.0,0.0,1,600.0,599.0,10.0,0.0,1,600.0,604.0,10.0,0.0,1
2026-03-23 16:25:26,2464.57,600.0,611.0,20.0,0.0,1,600.0,601.0,20.0,0.0,1,600.0,602.0,10.0,0.0,1,600.0,600.0,10.0,0.0,1,600.0,603.0,10.0,0.0,1,600.0,606.0,10.0,0.0,1
2026-03-23 16:25:27,2465.29,600.0,614.0,20.0,0.0,1,600.0,601.0,20.0,0.0,1,600.0,603.0,10.0,0.0,1,600.0,600.0,10.0,0.0,1,600.0,604.0,10.0,0.0,1,600.0,605.0,10.0,0.0,1
2026-03-23 16:25:28,2466.0,600.0,602.0,20.0,0.0,1,600.0,600.0,20.0,0.0,1,600.0,603.0,10.0,0.0,1,600.0,602.0,10.0,0.0,1,600.0,602.0,10.0,0.0,1,600.0,605.0,10.0,0.0,1
2026-03-23 16:25:29,2466.72,600.0,606.0,20.0,0.0,1,600.0,601.0,20.0,0.0,1,600.0,603.0,10.0,0.0,1,600.0,602.0,10.0,0.0,1,600.0,602.0,10.0,0.0,1,600.0,603.0,10.0,0.0,1
2026-03-23 16:25:29,2467.43,600.0,595.0,20.0,0.0,1,600.0,602.0,20.0,0.0,1,600.0,602.0,10.0,0.0,1,600.0,602.0,10.0,0.0,1,600.0,600.0,10.0,0.0,1,600.0,616.0,10.0,0.20000000298023224,1
2026-03-23 16:25:30,2468.14,600.0,595.0,20.0,0.0,1,600.0,602.0,20.0,0.0,1,600.0,602.0,10.0,0.0,1,600.0,602.0,10.0,0.0,1,600.0,600.0,10.0,0.0,1,600.0,593.0,10.0,0.0,1
2026-03-23 16:25:31,2468.85,600.0,617.0,20.0,0.0,1,600.0,602.0,20.0,0.0,1,600.0,602.0,10.0,0.0,1,600.0,602.0,10.0,0.0,1,600.0,600.0,10.0,0.0,1,600.0,603.0,10.0,0.0,1
2026-03-23 16:25:31,2469.58,600.0,603.0,20.0,0.0,1,600.0,601.0,20.0,0.0,1,600.0,603.0,10.0,0.0,1,600.0,600.0,10.0,0.0,1,600.0,600.0,10.0,0.0,1,600.0,603.0,10.0,0.0,1
2026-03-23 16:25:32,2470.29,600.0,580.0,20.0,0.0,1,600.0,601.0,20.0,0.0,1,600.0,603.0,10.0,0.0,1,600.0,602.0,10.0,0.0,1,600.0,595.0,10.0,0.0,1,600.0,603.0,10.0,0.0,1
2026-03-23 16:25:33,2471.01,600.0,595.0,20.0,0.0,1,600.0,598.0,20.0,0.0,1,600.0,602.0,10.0,0.0,1,600.0,601.0,10.0,0.0,1,600.0,601.0,10.0,0.0,1,600.0,603.0,10.0,0.0,1
2026-03-23 16:25:34,2471.72,600.0,608.0,20.0,0.0,1,600.0,604.0,20.0,0.0,1,600.0,602.0,10.0,0.0,1,600.0,601.0,10.0,0.0,1,600.0,605.0,10.0,0.0,1,600.0,604.0,10.0,0.0,1
2026-03-23 16:25:34,2472.44,600.0,610.0,20.0,0.0,1,600.0,599.0,20.0,0.0,1,600.0,602.0,10.0,0.0,1,600.0,601.0,10.0,0.0,1,600.0,601.0,10.0,0.0,1,600.0,604.0,10.0,0.0,1
2026-03-23 16:25:35,2473.15,600.0,599.0,20.0,0.0,1,600.0,600.0,20.0,0.0,1,600.0,602.0,10.0,0.0,1,600.0,601.0,10.0,0.0,1,600.0,603.0,10.0,0.0,1,600.0,606.0,10.0,0.0,1
2026-03-23 16:25:36,2473.86,600.0,612.0,20.0,0.10000000149011612,1,600.0,600.0,20.0,0.0,1,600.0,601.0,10.0,0.0,1,600.0,602.0,10.0,0.0,1,600.0,605.0,10.0,0.0,1,600.0,615.0,10.0,0.0,1
2026-03-23 16:25:36,2474.59,600.0,600.0,20.0,0.0,1,600.0,600.0,20.0,0.0,1,600.0,602.0,10.0,0.0,1,600.0,605.0,10.0,0.0,1,600.0,602.0,10.0,0.0,1,600.0,598.0,10.0,0.0,1
2026-03-23 16:25:37,2475.3,600.0,597.0,20.0,0.0,1,600.0,603.0,20.0,0.0,1,600.0,603.0,10.0,0.0,1,600.0,604.0,10.0,0.0,1,600.0,602.0,10.0,0.0,1,600.0,604.0,10.0,0.0,1
2026-03-23 16:25:38,2476.02,600.0,595.0,20.0,0.0,1,600.0,600.0,20.0,0.0,1,600.0,603.0,10.0,0.0,1,600.0,602.0,10.0,0.0,1,600.0,601.0,10.0,0.0,1,600.0,600.0,10.0,0.0,1
2026-03-23 16:25:39,2476.75,600.0,594.0,20.0,0.0,1,600.0,601.0,20.0,0.0,1,600.0,603.0,10.0,0.0,1,600.0,602.0,10.0,0.0,1,600.0,598.0,10.0,0.0,1,600.0,607.0,10.0,0.0,1
2026-03-23 16:25:39,2477.46,600.0,602.0,20.0,0.0,1,600.0,601.0,20.0,0.0,1,600.0,603.0,10.0,0.0,1,600.0,601.0,10.0,0.0,1,600.0,601.0,10.0,0.0,1,600.0,602.0,10.0,0.0,1
2026-03-23 16:25:40,2478.18,600.0,606.0,20.0,0.30000001192092896,1,600.0,601.0,20.0,0.0,1,600.0,602.0,10.0,0.0,1,600.0,599.0,10.0,0.0,1,600.0,598.0,10.0,0.0,1,600.0,603.0,10.0,0.0,1
2026-03-23 16:25:41,2478.89,600.0,611.0,20.0,0.0,1,600.0,601.0,20.0,0.0,1,600.0,602.0,10.0,0.0,1,600.0,599.0,10.0,0.0,1,600.0,597.0,10.0,0.0,1,600.0,603.0,10.0,0.0,1
2026-03-23 16:25:41,2479.62,600.0,626.0,20.0,0.0,1,600.0,601.0,20.0,0.0,1,600.0,604.0,10.0,0.0,1,600.0,602.0,10.0,0.0,1,600.0,604.0,10.0,0.0,1,600.0,619.0,10.0,0.0,1
2026-03-23 16:25:42,2480.33,600.0,607.0,20.0,0.0,1,600.0,600.0,20.0,0.0,1,600.0,604.0,10.0,0.0,1,600.0,601.0,10.0,0.0,1,600.0,596.0,10.0,0.0,1,600.0,593.0,10.0,0.0,1
2026-03-23 16:25:43,2481.04,600.0,600.0,20.0,0.0,1,600.0,601.0,20.0,0.0,1,600.0,603.0,10.0,0.0,1,600.0,601.0,10.0,0.0,1,600.0,600.0,10.0,0.0,1,600.0,605.0,10.0,0.0,1
2026-03-23 16:25:44,2481.76,600.0,604.0,20.0,0.0,1,600.0,600.0,20.0,0.0,1,600.0,602.0,10.0,0.0,1,600.0,599.0,10.0,0.0,1,600.0,601.0,10.0,0.0,1,600.0,604.0,10.0,0.0,1
2026-03-23 16:25:44,2482.49,600.0,604.0,20.0,0.0,1,600.0,601.0,20.0,0.0,1,600.0,602.0,10.0,0.0,1,600.0,600.0,10.0,0.0,1,600.0,600.0,10.0,0.0,1,600.0,604.0,10.0,0.0,1
2026-03-23 16:25:45,2483.2,600.0,599.0,20.0,0.0,1,600.0,601.0,20.0,0.0,1,600.0,602.0,10.0,0.0,1,600.0,603.0,10.0,0.0,1,600.0,603.0,10.0,0.0,1,600.0,604.0,10.0,0.0,1
2026-03-23 16:25:46,2483.9,600.0,610.0,20.0,0.20000000298023224,1,600.0,601.0,20.0,0.0,1,600.0,602.0,10.0,0.0,1,600.0,597.0,10.0,0.0,1,600.0,602.0,10.0,0.0,1,600.0,602.0,10.0,0.0,1
2026-03-23 16:25:46,2484.61,600.0,603.0,20.0,0.0,1,600.0,601.0,20.0,0.0,1,600.0,602.0,10.0,0.0,1,600.0,600.0,10.0,0.0,1,600.0,599.0,10.0,0.0,1,600.0,611.0,10.0,0.0,1
2026-03-23 16:25:47,2485.33,600.0,596.0,20.0,0.0,1,600.0,601.0,20.0,0.0,1,600.0,602.0,10.0,0.0,1,600.0,603.0,10.0,0.0,1,600.0,599.0,10.0,0.0,1,600.0,617.0,10.0,0.0,1
2026-03-23 16:25:48,2486.04,600.0,623.0,20.0,0.0,1,600.0,601.0,20.0,0.0,1,600.0,602.0,10.0,0.0,1,600.0,603.0,10.0,0.0,1,600.0,602.0,10.0,0.0,1,600.0,586.0,10.0,0.0,1
2026-03-23 16:25:49,2486.74,600.0,614.0,20.0,0.0,1,600.0,601.0,20.0,0.0,1,600.0,602.0,10.0,0.0,1,600.0,602.0,10.0,0.0,1,600.0,598.0,10.0,0.0,1,600.0,605.0,10.0,0.10000000149011612,1
2026-03-23 16:25:49,2487.45,600.0,584.0,20.0,0.0,1,600.0,600.0,20.0,0.0,1,600.0,602.0,10.0,0.0,1,600.0,602.0,10.0,0.0,1,600.0,600.0,10.0,0.0,1,600.0,607.0,10.0,0.10000000149011612,1
2026-03-23 16:25:50,2488.17,600.0,603.0,20.0,0.0,1,600.0,600.0,20.0,0.0,1,600.0,603.0,10.0,0.0,1,600.0,601.0,10.0,0.0,1,600.0,603.0,10.0,0.0,1,600.0,596.0,10.0,0.0,1
2026-03-23 16:25:51,2488.88,600.0,612.0,20.0,0.0,1,600.0,600.0,20.0,0.0,1,600.0,602.0,10.0,0.0,1,600.0,600.0,10.0,0.0,1,600.0,602.0,10.0,0.0,1,600.0,607.0,10.0,0.0,1
2026-03-23 16:25:51,2489.59,600.0,625.0,20.0,0.10000000149011612,1,600.0,600.0,20.0,0.0,1,600.0,602.0,10.0,0.0,1,600.0,603.0,10.0,0.0,1,600.0,604.0,10.0,0.0,1,600.0,604.0,10.0,0.0,1
2026-03-23 16:25:52,2490.31,600.0,605.0,20.0,0.0,1,600.0,600.0,20.0,0.0,1,600.0,602.0,10.0,0.0,1,600.0,603.0,10.0,0.0,1,600.0,602.0,10.0,0.0,1,600.0,604.0,10.0,0.0,1
2026-03-23 16:25:53,2491.03,600.0,590.0,20.0,0.0,1,600.0,600.0,20.0,0.0,1,600.0,602.0,10.0,0.0,1,600.0,602.0,10.0,0.0,1,600.0,600.0,10.0,0.0,1,600.0,602.0,10.0,0.0,1
2026-03-23 16:25:54,2491.73,600.0,608.0,20.0,0.0,1,600.0,603.0,20.0,0.0,1,600.0,603.0,10.0,0.0,1,600.0,602.0,10.0,0.0,1,600.0,603.0,10.0,0.0,1,600.0,603.0,10.0,0.0,1
2026-03-23 16:25:54,2492.46,600.0,600.0,20.0,0.0,1,600.0,602.0,20.0,0.0,1,600.0,603.0,10.0,0.0,1,600.0,598.0,10.0,0.0,1,600.0,602.0,10.0,0.0,1,600.0,603.0,10.0,0.0,1
2026-03-23 16:25:55,2493.18,600.0,587.0,20.0,0.0,1,600.0,600.0,20.0,0.0,1,600.0,602.0,10.0,0.0,1,600.0,600.0,10.0,0.0,1,600.0,600.0,10.0,0.0,1,600.0,603.0,10.0,0.0,1
2026-03-23 16:25:56,2493.9,600.0,594.0,20.0,0.0,1,600.0,602.0,20.0,0.0,1,600.0,602.0,10.0,0.0,1,600.0,601.0,10.0,0.0,1,600.0,598.0,10.0,0.0,1,600.0,603.0,10.0,0.0,1
2026-03-23 16:25:56,2494.68,600.0,606.0,20.0,0.10000000149011612,1,600.0,601.0,20.0,0.0,1,600.0,602.0,10.0,0.0,1,600.0,601.0,10.0,0.0,1,600.0,602.0,10.0,0.0,1,600.0,599.0,10.0,0.0,1
2026-03-23 16:25:57,2495.43,600.0,614.0,20.0,0.10000000149011612,1,600.0,601.0,20.0,0.0,1,600.0,602.0,10.0,0.0,1,600.0,603.0,10.0,0.0,1,600.0,600.0,10.0,0.0,1,600.0,622.0,10.0,0.0,1
2026-03-23 16:25:58,2496.18,600.0,623.0,20.0,0.0,1,600.0,601.0,20.0,0.0,1,600.0,602.0,10.0,0.0,1,600.0,599.0,10.0,0.0,1,600.0,600.0,10.0,0.0,1,600.0,587.0,10.0,0.0,1
2026-03-23 16:25:59,2496.94,600.0,598.0,20.0,0.0,1,600.0,601.0,20.0,0.0,1,600.0,602.0,10.0,0.0,1,600.0,601.0,10.0,0.0,1,600.0,600.0,10.0,0.0,1,600.0,602.0,10.0,0.0,1
2026-03-23 16:25:59,2497.69,600.0,614.0,20.0,0.20000000298023224,1,600.0,602.0,20.0,0.0,1,600.0,602.0,10.0,0.0,1,600.0,601.0,10.0,0.0,1,600.0,601.0,10.0,0.0,1,600.0,603.0,10.0,0.0,1
2026-03-23 16:26:00,2498.46,600.0,626.0,20.0,0.20000000298023224,1,600.0,602.0,20.0,0.0,1,600.0,602.0,10.0,0.0,1,600.0,601.0,10.0,0.0,1,600.0,600.0,10.0,0.0,1,600.0,612.0,10.0,0.0,1
2026-03-23 16:26:01,2499.19,600.0,601.0,20.0,0.0,1,600.0,601.0,20.0,0.0,1,600.0,602.0,10.0,0.0,1,600.0,599.0,10.0,0.0,1,600.0,601.0,10.0,0.0,1,600.0,595.0,10.0,0.0,1
2026-03-23 16:26:02,2499.9,600.0,604.0,20.0,0.20000000298023224,1,600.0,601.0,20.0,0.0,1,600.0,602.0,10.0,0.0,1,600.0,602.0,10.0,0.0,1,600.0,600.0,10.0,0.0,1,600.0,605.0,10.0,0.0,1
2026-03-23 16:26:02,2500.64,600.0,600.0,20.0,0.10000000149011612,1,600.0,601.0,20.0,0.0,1,600.0,602.0,10.0,0.0,1,600.0,602.0,10.0,0.0,1,600.0,601.0,10.0,0.0,1,600.0,601.0,10.0,0.0,1
2026-03-23 16:26:03,2501.4,600.0,599.0,20.0,0.0,1,600.0,601.0,20.0,0.0,1,600.0,602.0,10.0,0.0,1,600.0,600.0,10.0,0.0,1,600.0,601.0,10.0,0.0,1,600.0,602.0,10.0,0.0,1
2026-03-23 16:26:04,2502.13,600.0,593.0,20.0,0.0,1,600.0,601.0,20.0,0.0,1,600.0,602.0,10.0,0.0,1,600.0,598.0,10.0,0.0,1,600.0,605.0,10.0,0.0,1,600.0,602.0,10.0,0.0,1
2026-03-23 16:26:05,2502.89,600.0,591.0,20.0,0.0,1,600.0,601.0,20.0,0.0,1,600.0,603.0,10.0,0.0,1,600.0,600.0,10.0,0.0,1,600.0,600.0,10.0,0.0,1,600.0,605.0,10.0,0.0,1
2026-03-23 16:26:05,2503.63,600.0,596.0,20.0,0.0,1,600.0,599.0,20.0,0.0,1,600.0,603.0,10.0,0.0,1,600.0,599.0,10.0,0.0,1,600.0,599.0,10.0,0.0,1,600.0,612.0,10.0,0.0,1
2026-03-23 16:26:06,2504.36,600.0,598.0,20.0,0.0,1,600.0,600.0,20.0,0.0,1,600.0,603.0,10.0,0.0,1,600.0,599.0,10.0,0.0,1,600.0,600.0,10.0,0.0,1,600.0,604.0,10.0,0.0,1
2026-03-23 16:26:07,2505.08,600.0,597.0,20.0,0.0,1,600.0,601.0,20.0,0.0,1,600.0,603.0,10.0,0.0,1,600.0,600.0,10.0,0.0,1,600.0,605.0,10.0,0.0,1,600.0,606.0,10.0,0.0,1
2026-03-23 16:26:08,2505.8,600.0,614.0,20.0,0.10000000149011612,1,600.0,601.0,20.0,0.0,1,600.0,603.0,10.0,0.0,1,600.0,600.0,10.0,0.0,1,600.0,602.0,10.0,0.0,1,600.0,606.0,10.0,0.10000000149011612,1
2026-03-23 16:26:08,2506.54,600.0,596.0,20.0,0.20000000298023224,1,600.0,601.0,20.0,0.0,1,600.0,603.0,10.0,0.0,1,600.0,601.0,10.0,0.0,1,600.0,600.0,10.0,0.0,1,600.0,625.0,10.0,0.30000001192092896,1
2026-03-23 16:26:09,2507.26,600.0,606.0,20.0,0.0,1,600.0,601.0,20.0,0.0,1,600.0,603.0,10.0,0.0,1,600.0,601.0,10.0,0.0,1,600.0,605.0,10.0,0.0,1,600.0,587.0,10.0,0.0,1
2026-03-23 16:26:10,2507.98,600.0,608.0,20.0,0.0,1,600.0,601.0,20.0,0.0,1,600.0,603.0,10.0,0.0,1,600.0,602.0,10.0,0.0,1,600.0,605.0,10.0,0.0,1,600.0,608.0,10.0,0.0,1
2026-03-23 16:26:11,2508.71,600.0,616.0,20.0,0.5,1,600.0,601.0,20.0,0.0,1,600.0,603.0,10.0,0.0,1,600.0,601.0,10.0,0.0,1,600.0,601.0,10.0,0.0,1,600.0,603.0,10.0,0.0,1
2026-03-23 16:26:11,2509.45,600.0,598.0,20.0,0.0,1,600.0,601.0,20.0,0.0,1,600.0,603.0,10.0,0.0,1,600.0,601.0,10.0,0.0,1,600.0,599.0,10.0,0.0,1,600.0,603.0,10.0,0.0,1
2026-03-23 16:26:12,2510.16,600.0,614.0,20.0,0.20000000298023224,1,600.0,601.0,20.0,0.0,1,600.0,603.0,10.0,0.0,1,600.0,600.0,10.0,0.0,1,600.0,603.0,10.0,0.0,1,600.0,604.0,10.0,0.0,1
2026-03-23 16:26:13,2510.87,600.0,614.0,20.0,0.20000000298023224,1,600.0,601.0,20.0,0.0,1,600.0,602.0,10.0,0.0,1,600.0,601.0,10.0,0.0,1,600.0,598.0,10.0,0.0,1,600.0,603.0,10.0,0.0,1
2026-03-23 16:26:13,2511.61,600.0,627.0,20.0,0.20000000298023224,1,600.0,601.0,20.0,0.0,1,600.0,602.0,10.0,0.0,1,600.0,601.0,10.0,0.0,1,600.0,604.0,10.0,0.0,1,600.0,615.0,10.0,0.0,1
2026-03-23 16:26:14,2512.34,600.0,580.0,20.0,0.0,1,600.0,601.0,20.0,0.0,1,600.0,602.0,10.0,0.0,1,600.0,603.0,10.0,0.0,1,600.0,596.0,10.0,0.0,1,600.0,584.0,10.0,0.0,1
2026-03-23 16:26:15,2513.06,600.0,632.0,20.0,0.10000000149011612,1,600.0,601.0,20.0,0.0,1,600.0,602.0,10.0,0.0,1,600.0,601.0,10.0,0.0,1,600.0,601.0,10.0,0.0,1,600.0,603.0,10.0,0.0,1
2026-03-23 16:26:16,2513.81,600.0,587.0,20.0,0.0,1,600.0,602.0,20.0,0.0,1,600.0,601.0,10.0,0.0,1,600.0,601.0,10.0,0.0,1,600.0,602.0,10.0,0.0,1,600.0,603.0,10.0,0.0,1
2026-03-23 16:26:16,2514.61,600.0,594.0,20.0,0.0,1,600.0,602.0,20.0,0.0,1,600.0,602.0,10.0,0.0,1,600.0,601.0,10.0,0.0,1,600.0,601.0,10.0,0.10000000149011612,1,600.0,607.0,10.0,0.0,1
2026-03-23 16:26:17,2515.35,600.0,606.0,20.0,0.10000000149011612,1,600.0,602.0,20.0,0.0,1,600.0,602.0,10.0,0.0,1,600.0,599.0,10.0,0.0,1,600.0,595.0,10.0,0.0,1,600.0,613.0,10.0,0.30000001192092896,1
2026-03-23 16:26:18,2516.07,600.0,611.0,20.0,0.0,1,600.0,601.0,20.0,0.0,1,600.0,602.0,10.0,0.0,1,600.0,599.0,10.0,0.0,1,600.0,602.0,10.0,0.0,1,600.0,597.0,10.0,0.0,1
2026-03-23 16:26:19,2516.84,600.0,624.0,20.0,0.0,1,600.0,600.0,20.0,0.0,1,600.0,601.0,10.0,0.0,1,600.0,601.0,10.0,0.0,1,600.0,603.0,10.0,0.0,1,600.0,603.0,10.0,0.0,1
2026-03-23 16:26:19,2517.59,600.0,591.0,20.0,0.0,1,600.0,601.0,20.0,0.0,1,600.0,602.0,10.0,0.0,1,600.0,602.0,10.0,0.0,1,600.0,604.0,10.0,0.0,1,600.0,604.0,10.0,0.0,1
2026-03-23 16:26:20,2518.34,600.0,617.0,20.0,0.0,1,600.0,601.0,20.0,0.0,1,600.0,602.0,10.0,0.0,1,600.0,603.0,10.0,0.0,1,600.0,600.0,10.0,0.0,1,600.0,604.0,10.0,0.0,1
2026-03-23 16:26:21,2519.18,600.0,581.0,20.0,0.0,1,600.0,601.0,20.0,0.0,1,600.0,602.0,10.0,0.0,1,600.0,602.0,10.0,0.0,1,600.0,606.0,10.0,0.0,1,600.0,604.0,10.0,0.0,1
2026-03-23 16:26:22,2519.9,600.0,619.0,20.0,0.0,1,600.0,601.0,20.0,0.0,1,600.0,602.0,10.0,0.0,1,600.0,601.0,10.0,0.0,1,600.0,598.0,10.0,0.0,1,600.0,605.0,10.0,0.0,1
2026-03-23 16:26:22,2520.63,600.0,585.0,20.0,0.0,1,600.0,601.0,20.0,0.0,1,600.0,602.0,10.0,0.0,1,600.0,602.0,10.0,0.0,1,600.0,603.0,10.0,0.0,1,600.0,602.0,10.0,0.0,1
2026-03-23 16:26:23,2521.34,600.0,623.0,20.0,0.0,1,600.0,601.0,20.0,0.0,1,600.0,602.0,10.0,0.0,1,600.0,602.0,10.0,0.0,1,600.0,601.0,10.0,0.0,1,600.0,598.0,10.0,0.0,1
2026-03-23 16:26:24,2522.04,600.0,618.0,20.0,0.0,1,600.0,601.0,20.0,0.0,1,600.0,602.0,10.0,0.0,1,600.0,598.0,10.0,0.0,1,600.0,601.0,10.0,0.0,1,600.0,614.0,10.0,0.0,1
2026-03-23 16:26:25,2522.77,600.0,599.0,20.0,0.0,1,600.0,601.0,20.0,0.0,1,600.0,602.0,10.0,0.0,1,600.0,601.0,10.0,0.0,1,600.0,603.0,10.0,0.0,1,600.0,602.0,10.0,0.0,1
2026-03-23 16:26:25,2523.53,600.0,603.0,20.0,0.0,1,600.0,601.0,20.0,0.0,1,600.0,603.0,10.0,0.0,1,600.0,601.0,10.0,0.0,1,600.0,605.0,10.0,0.0,1,600.0,600.0,10.0,0.0,1
2026-03-23 16:26:26,2524.28,600.0,602.0,20.0,0.0,1,600.0,601.0,20.0,0.0,1,600.0,602.0,10.0,0.0,1,600.0,601.0,10.0,0.0,1,600.0,604.0,10.0,0.0,1,600.0,604.0,10.0,0.0,1
2026-03-23 16:26:27,2525.07,600.0,602.0,20.0,0.0,1,600.0,601.0,20.0,0.0,1,600.0,602.0,10.0,0.0,1,600.0,601.0,10.0,0.0,1,600.0,601.0,10.0,0.0,1,600.0,604.0,10.0,0.0,1
2026-03-23 16:26:28,2525.81,600.0,590.0,20.0,0.0,1,600.0,601.0,20.0,0.0,1,600.0,602.0,10.0,0.0,1,600.0,601.0,10.0,0.0,1,600.0,602.0,10.0,0.0,1,600.0,603.0,10.0,0.0,1
2026-03-23 16:26:28,2526.55,600.0,621.0,20.0,0.0,1,600.0,601.0,20.0,0.0,1,600.0,602.0,10.0,0.0,1,600.0,602.0,10.0,0.0,1,600.0,604.0,10.0,0.0,1,600.0,624.0,10.0,0.10000000149011612,1
2026-03-23 16:26:29,2527.27,600.0,616.0,20.0,0.20000000298023224,1,600.0,600.0,20.0,0.0,1,600.0,602.0,10.0,0.0,1,600.0,602.0,10.0,0.0,1,600.0,601.0,10.0,0.0,1,600.0,586.0,10.0,0.0,1
2026-03-23 16:26:30,2527.99,600.0,601.0,20.0,0.10000000149011612,1,600.0,603.0,20.0,0.0,1,600.0,602.0,10.0,0.0,1,600.0,604.0,10.0,0.0,1,600.0,603.0,10.0,0.0,1,600.0,608.0,10.0,0.0,1
2026-03-23 16:26:31,2528.71,600.0,589.0,20.0,0.0,1,600.0,597.0,20.0,0.0,1,600.0,602.0,10.0,0.0,1,600.0,602.0,10.0,0.0,1,600.0,597.0,10.0,0.0,1,600.0,605.0,10.0,0.0,1
2026-03-23 16:26:31,2529.44,600.0,605.0,20.0,0.0,1,600.0,600.0,20.0,0.0,1,600.0,600.0,10.0,0.0,1,600.0,599.0,10.0,0.0,1,600.0,598.0,10.0,0.0,1,600.0,610.0,10.0,0.30000001192092896,1
2026-03-23 16:26:32,2530.16,600.0,594.0,20.0,0.0,1,600.0,601.0,20.0,0.0,1,600.0,602.0,10.0,0.0,1,600.0,603.0,10.0,0.0,1,600.0,600.0,10.0,0.0,1,600.0,606.0,10.0,0.10000000149011612,1
2026-03-23 16:26:33,2530.9,600.0,609.0,20.0,0.0,1,600.0,602.0,20.0,0.0,1,600.0,602.0,10.0,0.0,1,600.0,603.0,10.0,0.0,1,600.0,602.0,10.0,0.0,1,600.0,611.0,10.0,0.0,1
2026-03-23 16:26:33,2531.66,600.0,601.0,20.0,0.0,1,600.0,600.0,20.0,0.0,1,600.0,602.0,10.0,0.0,1,600.0,602.0,10.0,0.0,1,600.0,599.0,10.0,0.0,1,600.0,607.0,10.0,0.0,1
2026-03-23 16:26:34,2532.42,600.0,619.0,20.0,0.0,1,600.0,599.0,20.0,0.0,1,600.0,600.0,10.0,0.0,1,600.0,604.0,10.0,0.0,1,600.0,600.0,10.0,0.0,1,600.0,607.0,10.0,0.0,1
2026-03-23 16:26:35,2533.16,600.0,596.0,20.0,0.0,1,600.0,599.0,20.0,0.0,1,600.0,602.0,10.0,0.0,1,600.0,603.0,10.0,0.0,1,600.0,599.0,10.0,0.0,1,600.0,603.0,10.0,0.0,1
2026-03-23 16:26:36,2533.88,600.0,600.0,20.0,0.0,1,600.0,599.0,20.0,0.0,1,600.0,603.0,10.0,0.0,1,600.0,602.0,10.0,0.0,1,600.0,600.0,10.0,0.0,1,600.0,604.0,10.0,0.0,1
2026-03-23 16:26:36,2534.63,600.0,603.0,20.0,0.0,1,600.0,600.0,20.0,0.0,1,600.0,603.0,10.0,0.0,1,600.0,603.0,10.0,0.0,1,600.0,602.0,10.0,0.0,1,600.0,619.0,10.0,0.0,1
2026-03-23 16:26:37,2535.38,600.0,605.0,20.0,0.4000000059604645,1,600.0,601.0,20.0,0.0,1,600.0,603.0,10.0,0.0,1,600.0,597.0,10.0,0.0,1,600.0,600.0,10.0,0.0,1,600.0,604.0,10.0,0.0,1
2026-03-23 16:26:38,2536.12,600.0,614.0,20.0,0.20000000298023224,1,600.0,601.0,20.0,0.0,1,600.0,602.0,10.0,0.0,1,600.0,600.0,10.0,0.0,1,600.0,600.0,10.0,0.0,1,600.0,608.0,10.0,0.0,1
2026-03-23 16:26:39,2536.87,600.0,596.0,20.0,0.0,1,600.0,601.0,20.0,0.0,1,600.0,601.0,10.0,0.0,1,600.0,599.0,10.0,0.0,1,600.0,598.0,10.0,0.0,1,600.0,589.0,10.0,0.0,1
2026-03-23 16:26:39,2537.58,600.0,622.0,20.0,0.0,1,600.0,599.0,20.0,0.0,1,600.0,600.0,10.0,0.0,1,600.0,603.0,10.0,0.0,1,600.0,600.0,10.0,0.0,1,600.0,602.0,10.0,0.0,1
2026-03-23 16:26:40,2538.31,600.0,611.0,20.0,0.0,1,600.0,601.0,20.0,0.0,1,600.0,602.0,10.0,0.0,1,600.0,601.0,10.0,0.0,1,600.0,605.0,10.0,0.0,1,600.0,604.0,10.0,0.0,1
2026-03-23 16:26:41,2539.04,600.0,597.0,20.0,0.0,1,600.0,601.0,20.0,0.0,1,600.0,602.0,10.0,0.0,1,600.0,602.0,10.0,0.0,1,600.0,601.0,10.0,0.0,1,600.0,605.0,10.0,0.0,1
2026-03-23 16:26:42,2539.78,600.0,620.0,20.0,0.0,1,600.0,601.0,20.0,0.0,1,600.0,602.0,10.0,0.0,1,600.0,603.0,10.0,0.0,1,600.0,599.0,10.0,0.0,1,600.0,605.0,10.0,0.0,1
2026-03-23 16:26:42,2540.5,600.0,596.0,20.0,0.0,1,600.0,601.0,20.0,0.0,1,600.0,601.0,10.0,0.0,1,600.0,603.0,10.0,0.0,1,600.0,601.0,10.0,0.0,1,600.0,605.0,10.0,0.0,1
2026-03-23 16:26:43,2541.21,600.0,620.0,20.0,0.0,1,600.0,601.0,20.0,0.0,1,600.0,602.0,10.0,0.0,1,600.0,603.0,10.0,0.0,1,600.0,602.0,10.0,0.0,1,600.0,599.0,10.0,0.0,1
2026-03-23 16:26:44,2541.94,600.0,594.0,20.0,0.0,1,600.0,601.0,20.0,0.0,1,600.0,602.0,10.0,0.0,1,600.0,603.0,10.0,0.0,1,600.0,600.0,10.0,0.0,1,600.0,621.0,10.0,0.20000000298023224,1
2026-03-23 16:26:44,2542.67,600.0,609.0,20.0,0.0,1,600.0,602.0,20.0,0.0,1,600.0,602.0,10.0,0.0,1,600.0,599.0,10.0,0.0,1,600.0,600.0,10.0,0.0,1,600.0,590.0,10.0,0.0,1
2026-03-23 16:26:45,2543.39,600.0,585.0,20.0,0.0,1,600.0,601.0,20.0,0.0,1,600.0,602.0,10.0,0.0,1,600.0,604.0,10.0,0.0,1,600.0,599.0,10.0,0.0,1,600.0,621.0,10.0,0.0,1
2026-03-23 16:26:46,2544.12,600.0,603.0,20.0,0.0,1,600.0,600.0,20.0,0.0,1,600.0,601.0,10.0,0.0,1,600.0,602.0,10.0,0.0,1,600.0,600.0,10.0,0.0,1,600.0,615.0,10.0,0.0,1
2026-03-23 16:26:47,2544.83,600.0,606.0,20.0,0.0,1,600.0,599.0,20.0,0.0,1,600.0,602.0,10.0,0.0,1,600.0,601.0,10.0,0.0,1,600.0,601.0,10.0,0.0,1,600.0,622.0,10.0,0.0,1
2026-03-23 16:26:47,2545.56,600.0,627.0,20.0,0.0,1,600.0,601.0,20.0,0.0,1,600.0,602.0,10.0,0.0,1,600.0,601.0,10.0,0.0,1,600.0,603.0,10.0,0.0,1,600.0,585.0,10.0,0.0,1
2026-03-23 16:26:48,2546.34,600.0,602.0,20.0,0.0,1,600.0,601.0,20.0,0.0,1,600.0,602.0,10.0,0.0,1,600.0,602.0,10.0,0.0,1,600.0,600.0,10.0,0.0,1,600.0,604.0,10.0,0.0,1
2026-03-23 16:26:49,2547.1,600.0,596.0,20.0,0.0,1,600.0,600.0,20.0,0.0,1,600.0,602.0,10.0,0.0,1,600.0,601.0,10.0,0.0,1,600.0,598.0,10.0,0.0,1,600.0,604.0,10.0,0.0,1
2026-03-23 16:26:50,2547.85,600.0,618.0,20.0,0.0,1,600.0,601.0,20.0,0.0,1,600.0,602.0,10.0,0.0,1,600.0,601.0,10.0,0.0,1,600.0,600.0,10.0,0.0,1,600.0,604.0,10.0,0.0,1
2026-03-23 16:26:50,2548.57,600.0,608.0,20.0,0.0,1,600.0,602.0,20.0,0.0,1,600.0,602.0,10.0,0.0,1,600.0,601.0,10.0,0.0,1,600.0,600.0,10.0,0.0,1,600.0,603.0,10.0,0.0,1
2026-03-23 16:26:51,2549.33,600.0,610.0,20.0,0.0,1,600.0,599.0,20.0,0.0,1,600.0,602.0,10.0,0.0,1,600.0,602.0,10.0,0.0,1,600.0,603.0,10.0,0.0,1,600.0,604.0,10.0,0.0,1
2026-03-23 16:26:52,2550.07,600.0,605.0,20.0,0.0,1,600.0,600.0,20.0,0.0,1,600.0,602.0,10.0,0.0,1,600.0,598.0,10.0,0.0,1,600.0,600.0,10.0,0.0,1,600.0,605.0,10.0,0.0,1
2026-03-23 16:26:53,2550.79,600.0,634.0,20.0,0.0,1,600.0,601.0,20.0,0.0,1,600.0,602.0,10.0,0.0,1,600.0,598.0,10.0,0.0,1,600.0,596.0,10.0,0.0,1,600.0,604.0,10.0,0.0,1
2026-03-23 16:26:53,2551.51,600.0,608.0,20.0,0.0,1,600.0,600.0,20.0,0.0,1,600.0,602.0,10.0,0.0,1,600.0,600.0,10.0,0.0,1,600.0,600.0,10.0,0.0,1,600.0,604.0,10.0,0.0,1
2026-03-23 16:26:54,2552.22,600.0,595.0,20.0,0.0,1,600.0,600.0,20.0,0.0,1,600.0,602.0,10.0,0.0,1,600.0,602.0,10.0,0.0,1,600.0,599.0,10.0,0.0,1,600.0,604.0,10.0,0.0,1
2026-03-23 16:26:55,2552.95,600.0,632.0,20.0,0.10000000149011612,1,600.0,601.0,20.0,0.0,1,600.0,602.0,10.0,0.0,1,600.0,602.0,10.0,0.0,1,600.0,598.0,10.0,0.0,1,600.0,617.0,10.0,0.10000000149011612,1
2026-03-23 16:26:55,2553.7,600.0,609.0,20.0,0.0,1,600.0,601.0,20.0,0.0,1,600.0,602.0,10.0,0.0,1,600.0,602.0,10.0,0.0,1,600.0,602.0,10.0,0.0,1,600.0,590.0,10.0,0.0,1
2026-03-23 16:26:56,2554.44,600.0,619.0,20.0,0.30000001192092896,1,600.0,600.0,20.0,0.0,1,600.0,602.0,10.0,0.0,1,600.0,601.0,10.0,0.0,1,600.0,599.0,10.0,0.0,1,600.0,606.0,10.0,0.0,1
2026-03-23 16:26:57,2555.17,600.0,607.0,20.0,0.0,1,600.0,600.0,20.0,0.0,1,600.0,603.0,10.0,0.0,1,600.0,601.0,10.0,0.0,1,600.0,604.0,10.0,0.0,1,600.0,591.0,10.0,0.0,1
2026-03-23 16:26:58,2555.89,600.0,590.0,20.0,0.0,1,600.0,600.0,20.0,0.0,1,600.0,603.0,10.0,0.0,1,600.0,601.0,10.0,0.0,1,600.0,601.0,10.0,0.0,1,600.0,619.0,10.0,0.10000000149011612,1
2026-03-23 16:26:58,2556.62,600.0,588.0,20.0,0.0,1,600.0,601.0,20.0,0.0,1,600.0,602.0,10.0,0.0,1,600.0,602.0,10.0,0.0,1,600.0,599.0,10.0,0.0,1,600.0,594.0,10.0,0.0,1
2026-03-23 16:26:59,2557.35,600.0,602.0,20.0,0.0,1,600.0,601.0,20.0,0.0,1,600.0,602.0,10.0,0.0,1,600.0,601.0,10.0,0.0,1,600.0,601.0,10.0,0.0,1,600.0,613.0,10.0,0.0,1
2026-03-23 16:27:00,2558.07,600.0,626.0,20.0,0.20000000298023224,1,600.0,602.0,20.0,0.0,1,600.0,602.0,10.0,0.0,1,600.0,602.0,10.0,0.0,1,600.0,601.0,10.0,0.0,1,600.0,600.0,10.0,0.0,1
2026-03-23 16:27:01,2558.81,600.0,606.0,20.0,0.4000000059604645,1,600.0,600.0,20.0,0.0,1,600.0,602.0,10.0,0.0,1,600.0,602.0,10.0,0.0,1,600.0,601.0,10.0,0.0,1,600.0,596.0,10.0,0.0,1
2026-03-23 16:27:01,2559.54,600.0,595.0,20.0,0.4000000059604645,1,600.0,600.0,20.0,0.0,1,600.0,602.0,10.0,0.0,1,600.0,602.0,10.0,0.0,1,600.0,601.0,10.0,0.0,1,600.0,604.0,10.0,0.0,1
2026-03-23 16:27:02,2560.26,600.0,611.0,20.0,0.0,1,600.0,600.0,20.0,0.0,1,600.0,601.0,10.0,0.0,1,600.0,602.0,10.0,0.0,1,600.0,604.0,10.0,0.0,1,600.0,603.0,10.0,0.0,1
2026-03-23 16:27:03,2561.0,600.0,599.0,20.0,0.0,1,600.0,600.0,20.0,0.0,1,600.0,601.0,10.0,0.0,1,600.0,600.0,10.0,0.0,1,600.0,598.0,10.0,0.0,1,600.0,603.0,10.0,0.0,1
2026-03-23 16:27:04,2561.74,600.0,601.0,20.0,0.0,1,600.0,600.0,20.0,0.0,1,600.0,601.0,10.0,0.0,1,600.0,602.0,10.0,0.0,1,600.0,603.0,10.0,0.0,1,600.0,605.0,10.0,0.0,1
2026-03-23 16:27:04,2562.51,600.0,603.0,20.0,0.0,1,600.0,600.0,20.0,0.0,1,600.0,601.0,10.0,0.0,1,600.0,602.0,10.0,0.0,1,600.0,602.0,10.0,0.0,1,600.0,603.0,10.0,0.0,1
2026-03-23 16:27:05,2563.23,600.0,604.0,20.0,0.0,1,600.0,602.0,20.0,0.0,1,600.0,602.0,10.0,0.0,1,600.0,602.0,10.0,0.0,1,600.0,602.0,10.0,0.0,1,600.0,603.0,10.0,0.0,1
2026-03-23 16:27:06,2563.98,600.0,595.0,20.0,0.0,1,600.0,601.0,20.0,0.0,1,600.0,601.0,10.0,0.0,1,600.0,603.0,10.0,0.0,1,600.0,602.0,10.0,0.0,1,600.0,599.0,10.0,0.10000000149011612,1
2026-03-23 16:27:06,2564.69,600.0,611.0,20.0,0.0,1,600.0,601.0,20.0,0.0,1,600.0,601.0,10.0,0.0,1,600.0,601.0,10.0,0.0,1,600.0,604.0,10.0,0.0,1,600.0,599.0,10.0,0.0,1
2026-03-23 16:27:07,2565.41,600.0,585.0,20.0,0.0,1,600.0,600.0,20.0,0.0,1,600.0,601.0,10.0,0.0,1,600.0,601.0,10.0,0.0,1,600.0,601.0,10.0,0.0,1,600.0,621.0,10.0,0.20000000298023224,1
2026-03-23 16:27:08,2566.14,600.0,590.0,20.0,0.0,1,600.0,600.0,20.0,0.0,1,600.0,602.0,10.0,0.0,1,600.0,602.0,10.0,0.0,1,600.0,601.0,10.0,0.0,1,600.0,594.0,10.0,0.0,1
2026-03-23 16:27:09,2566.88,600.0,601.0,20.0,0.0,1,600.0,600.0,20.0,0.0,1,600.0,600.0,10.0,0.0,1,600.0,601.0,10.0,0.0,1,600.0,600.0,10.0,0.0,1,600.0,611.0,10.0,0.0,1
2026-03-23 16:27:09,2567.6,600.0,601.0,20.0,0.0,1,600.0,601.0,20.0,0.0,1,600.0,600.0,10.0,0.0,1,600.0,601.0,10.0,0.0,1,600.0,600.0,10.0,0.0,1,600.0,600.0,10.0,0.0,1
2026-03-23 16:27:10,2568.34,600.0,597.0,20.0,0.20000000298023224,1,600.0,601.0,20.0,0.0,1,600.0,601.0,10.0,0.0,1,600.0,604.0,10.0,0.0,1,600.0,602.0,10.0,0.0,1,600.0,607.0,10.0,0.10000000149011612,1
2026-03-23 16:27:11,2569.06,600.0,608.0,20.0,0.0,1,600.0,601.0,20.0,0.0,1,600.0,602.0,10.0,0.0,1,600.0,601.0,10.0,0.0,1,600.0,600.0,10.0,0.0,1,600.0,599.0,10.0,0.10000000149011612,1
2026-03-23 16:27:12,2569.8,600.0,605.0,20.0,0.0,1,600.0,601.0,20.0,0.0,1,600.0,602.0,10.0,0.0,1,600.0,600.0,10.0,0.0,1,600.0,600.0,10.0,0.0,1,600.0,602.0,10.0,0.0,1
2026-03-23 16:27:12,2570.54,600.0,602.0,20.0,0.0,1,600.0,601.0,20.0,0.0,1,600.0,602.0,10.0,0.0,1,600.0,601.0,10.0,0.0,1,600.0,600.0,10.0,0.0,1,600.0,606.0,10.0,0.0,1
2026-03-23 16:27:13,2571.3,600.0,613.0,20.0,0.0,1,600.0,601.0,20.0,0.0,1,600.0,602.0,10.0,0.0,1,600.0,601.0,10.0,0.0,1,600.0,600.0,10.0,0.0,1,600.0,606.0,10.0,0.10000000149011612,1
2026-03-23 16:27:14,2572.07,600.0,585.0,20.0,0.10000000149011612,1,600.0,601.0,20.0,0.0,1,600.0,602.0,10.0,0.0,1,600.0,601.0,10.0,0.0,1,600.0,604.0,10.0,0.0,1,600.0,604.0,10.0,0.0,1
2026-03-23 16:27:15,2572.83,600.0,580.0,20.0,0.0,1,600.0,602.0,20.0,0.0,1,600.0,602.0,10.0,0.0,1,600.0,602.0,10.0,0.0,1,600.0,601.0,10.0,0.0,1,600.0,603.0,10.0,0.10000000149011612,1
2026-03-23 16:27:15,2573.54,600.0,611.0,20.0,0.20000000298023224,1,600.0,602.0,20.0,0.0,1,600.0,602.0,10.0,0.0,1,600.0,603.0,10.0,0.0,1,600.0,599.0,10.0,0.0,1,600.0,605.0,10.0,0.0,1
2026-03-23 16:27:16,2574.28,600.0,580.0,20.0,0.0,1,600.0,601.0,20.0,0.0,1,600.0,601.0,10.0,0.0,1,600.0,602.0,10.0,0.0,1,600.0,603.0,10.0,0.0,1,600.0,602.0,10.0,0.0,1
2026-03-23 16:27:17,2575.0,600.0,611.0,20.0,0.0,1,600.0,602.0,20.0,0.0,1,600.0,601.0,10.0,0.0,1,600.0,602.0,10.0,0.0,1,600.0,601.0,10.0,0.0,1,600.0,603.0,10.0,0.0,1
2026-03-23 16:27:18,2575.73,600.0,590.0,20.0,0.0,1,600.0,602.0,20.0,0.0,1,600.0,601.0,10.0,0.0,1,600.0,601.0,10.0,0.0,1,600.0,601.0,10.0,0.0,1,600.0,599.0,10.0,0.0,1
2026-03-23 16:27:18,2576.46,600.0,595.0,20.0,0.20000000298023224,1,600.0,602.0,20.0,0.0,1,600.0,603.0,10.0,0.0,1,600.0,599.0,10.0,0.0,1,600.0,600.0,10.0,0.0,1,600.0,594.0,10.0,0.0,1
2026-03-23 16:27:19,2577.18,600.0,609.0,20.0,0.30000001192092896,1,600.0,602.0,20.0,0.0,1,600.0,602.0,10.0,0.0,1,600.0,601.0,10.0,0.0,1,600.0,604.0,10.0,0.0,1,600.0,603.0,10.0,0.0,1
2026-03-23 16:27:20,2577.92,600.0,602.0,20.0,0.0,1,600.0,602.0,20.0,0.0,1,600.0,602.0,10.0,0.0,1,600.0,600.0,10.0,0.0,1,600.0,602.0,10.0,0.0,1,600.0,598.0,10.0,0.0,1
2026-03-23 16:27:21,2578.71,600.0,597.0,20.0,0.0,1,600.0,602.0,20.0,0.0,1,600.0,602.0,10.0,0.0,1,600.0,600.0,10.0,0.0,1,600.0,601.0,10.0,0.0,1,600.0,603.0,10.0,0.0,1
2026-03-23 16:27:21,2579.46,600.0,595.0,20.0,0.0,1,600.0,601.0,20.0,0.0,1,600.0,602.0,10.0,0.0,1,600.0,603.0,10.0,0.0,1,600.0,601.0,10.0,0.0,1,600.0,603.0,10.0,0.0,1
2026-03-23 16:27:22,2580.19,600.0,609.0,20.0,0.30000001192092896,1,600.0,601.0,20.0,0.0,1,600.0,601.0,10.0,0.0,1,600.0,601.0,10.0,0.0,1,600.0,601.0,10.0,0.0,1,600.0,609.0,10.0,0.0,1
2026-03-23 16:27:23,2580.91,600.0,624.0,20.0,0.30000001192092896,1,600.0,601.0,20.0,0.0,1,600.0,601.0,10.0,0.0,1,600.0,600.0,10.0,0.0,1,600.0,602.0,10.0,0.0,1,600.0,596.0,10.0,0.0,1
2026-03-23 16:27:23,2581.64,600.0,610.0,20.0,0.10000000149011612,1,600.0,595.0,20.0,0.0,1,600.0,601.0,10.0,0.0,1,600.0,601.0,10.0,0.0,1,600.0,600.0,10.0,0.0,1,600.0,603.0,10.0,0.0,1
2026-03-23 16:27:24,2582.36,600.0,608.0,20.0,0.0,1,600.0,599.0,20.0,0.0,1,600.0,602.0,10.0,0.0,1,600.0,601.0,10.0,0.0,1,600.0,600.0,10.0,0.0,1,600.0,603.0,10.0,0.0,1
2026-03-23 16:27:25,2583.09,600.0,596.0,20.0,0.10000000149011612,1,600.0,601.0,20.0,0.0,1,600.0,602.0,10.0,0.0,1,600.0,601.0,10.0,0.0,1,600.0,600.0,10.0,0.0,1,600.0,620.0,10.0,0.0,1
2026-03-23 16:27:26,2583.83,600.0,625.0,20.0,0.0,1,600.0,600.0,20.0,0.0,1,600.0,604.0,10.0,0.0,1,600.0,601.0,10.0,0.0,1,600.0,600.0,10.0,0.0,1,600.0,587.0,10.0,0.0,1
2026-03-23 16:27:26,2584.54,600.0,604.0,20.0,0.0,1,600.0,601.0,20.0,0.0,1,600.0,602.0,10.0,0.0,1,600.0,601.0,10.0,0.0,1,600.0,600.0,10.0,0.0,1,600.0,615.0,10.0,0.0,1
2026-03-23 16:27:27,2585.3,600.0,605.0,20.0,0.0,1,600.0,602.0,20.0,0.0,1,600.0,602.0,10.0,0.0,1,600.0,603.0,10.0,0.0,1,600.0,600.0,10.0,0.0,1,600.0,591.0,10.0,0.0,1
2026-03-23 16:27:28,2586.02,600.0,596.0,20.0,0.0,1,600.0,602.0,20.0,0.0,1,600.0,602.0,10.0,0.0,1,600.0,602.0,10.0,0.0,1,600.0,601.0,10.0,0.0,1,600.0,604.0,10.0,0.0,1
2026-03-23 16:27:29,2586.73,600.0,591.0,20.0,0.0,1,600.0,600.0,20.0,0.0,1,600.0,601.0,10.0,0.0,1,600.0,599.0,10.0,0.0,1,600.0,604.0,10.0,0.0,1,600.0,604.0,10.0,0.0,1
2026-03-23 16:27:29,2587.46,600.0,616.0,20.0,0.0,1,600.0,601.0,20.0,0.0,1,600.0,602.0,10.0,0.0,1,600.0,601.0,10.0,0.0,1,600.0,600.0,10.0,0.0,1,600.0,608.0,10.0,0.20000000298023224,1
2026-03-23 16:27:30,2588.18,600.0,609.0,20.0,0.0,1,600.0,600.0,20.0,0.0,1,600.0,602.0,10.0,0.0,1,600.0,602.0,10.0,0.0,1,600.0,601.0,10.0,0.0,1,600.0,609.0,10.0,0.10000000149011612,1
2026-03-23 16:27:31,2588.91,600.0,580.0,20.0,0.0,1,600.0,600.0,20.0,0.0,1,600.0,602.0,10.0,0.0,1,600.0,602.0,10.0,0.0,1,600.0,602.0,10.0,0.0,1,600.0,608.0,10.0,0.10000000149011612,1
2026-03-23 16:27:31,2589.64,600.0,626.0,20.0,0.0,1,600.0,601.0,20.0,0.0,1,600.0,602.0,10.0,0.0,1,600.0,601.0,10.0,0.0,1,600.0,605.0,10.0,0.0,1,600.0,603.0,10.0,0.0,1
2026-03-23 16:27:32,2590.36,600.0,581.0,20.0,0.0,1,600.0,601.0,20.0,0.0,1,600.0,602.0,10.0,0.0,1,600.0,601.0,10.0,0.0,1,600.0,603.0,10.0,0.0,1,600.0,603.0,10.0,0.0,1
2026-03-23 16:27:33,2591.08,600.0,620.0,20.0,0.10000000149011612,1,600.0,601.0,20.0,0.0,1,600.0,603.0,10.0,0.0,1,600.0,601.0,10.0,0.0,1,600.0,601.0,10.0,0.0,1,600.0,627.0,10.0,0.10000000149011612,1
2026-03-23 16:27:34,2591.79,600.0,598.0,20.0,0.0,1,600.0,607.0,20.0,0.0,1,600.0,601.0,10.0,0.0,1,600.0,601.0,10.0,0.0,1,600.0,602.0,10.0,0.0,1,600.0,602.0,10.0,0.0,1
2026-03-23 16:27:34,2592.5,600.0,626.0,20.0,0.0,1,600.0,598.0,20.0,0.0,1,600.0,602.0,10.0,0.0,1,600.0,600.0,10.0,0.0,1,600.0,600.0,10.0,0.0,1,600.0,592.0,10.0,0.0,1
2026-03-23 16:27:35,2593.22,600.0,595.0,20.0,0.0,1,600.0,601.0,20.0,0.0,1,600.0,603.0,10.0,0.0,1,600.0,602.0,10.0,0.0,1,600.0,602.0,10.0,0.0,1,600.0,624.0,10.0,0.10000000149011612,1
2026-03-23 16:27:36,2593.94,600.0,597.0,20.0,0.0,1,600.0,601.0,20.0,0.0,1,600.0,603.0,10.0,0.0,1,600.0,600.0,10.0,0.0,1,600.0,602.0,10.0,0.0,1,600.0,588.0,10.0,0.0,1
2026-03-23 16:27:36,2594.66,600.0,613.0,20.0,0.0,1,600.0,601.0,20.0,0.0,1,600.0,603.0,10.0,0.0,1,600.0,602.0,10.0,0.0,1,600.0,602.0,10.0,0.0,1,600.0,597.0,10.0,0.0,1
2026-03-23 16:27:37,2595.38,600.0,601.0,20.0,0.0,1,600.0,600.0,20.0,0.0,1,600.0,602.0,10.0,0.0,1,600.0,603.0,10.0,0.0,1,600.0,602.0,10.0,0.0,1,600.0,604.0,10.0,0.0,1
2026-03-23 16:27:38,2596.09,600.0,614.0,20.0,0.0,1,600.0,601.0,20.0,0.0,1,600.0,602.0,10.0,0.0,1,600.0,600.0,10.0,0.0,1,600.0,601.0,10.0,0.0,1,600.0,604.0,10.0,0.0,1
2026-03-23 16:27:39,2596.81,600.0,601.0,20.0,0.0,1,600.0,601.0,20.0,0.0,1,600.0,602.0,10.0,0.0,1,600.0,602.0,10.0,0.0,1,600.0,599.0,10.0,0.0,1,600.0,604.0,10.0,0.0,1
2026-03-23 16:27:39,2597.53,600.0,603.0,20.0,0.0,1,600.0,601.0,20.0,0.0,1,600.0,602.0,10.0,0.0,1,600.0,602.0,10.0,0.0,1,600.0,599.0,10.0,0.0,1,600.0,604.0,10.0,0.0,1
2026-03-23 16:27:40,2598.25,600.0,615.0,20.0,0.10000000149011612,1,600.0,601.0,20.0,0.0,1,600.0,602.0,10.0,0.0,1,600.0,600.0,10.0,0.0,1,600.0,599.0,10.0,0.0,1,600.0,603.0,10.0,0.0,1
2026-03-23 16:27:41,2598.96,600.0,592.0,20.0,0.0,1,600.0,601.0,20.0,0.0,1,600.0,601.0,10.0,0.0,1,600.0,602.0,10.0,0.0,1,600.0,600.0,10.0,0.0,1,600.0,603.0,10.0,0.0,1
2026-03-23 16:27:41,2599.67,600.0,603.0,20.0,0.0,1,600.0,601.0,20.0,0.0,1,600.0,601.0,10.0,0.0,1,600.0,602.0,10.0,0.0,1,600.0,599.0,10.0,0.0,1,600.0,603.0,10.0,0.0,1
2026-03-23 16:27:42,2600.39,600.0,585.0,20.0,0.0,1,600.0,600.0,20.0,0.0,1,600.0,603.0,10.0,0.0,1,600.0,601.0,10.0,0.0,1,600.0,603.0,10.0,0.0,1,600.0,603.0,10.0,0.0,1
2026-03-23 16:27:43,2601.11,600.0,599.0,20.0,0.0,1,600.0,601.0,20.0,0.0,1,600.0,603.0,10.0,0.0,1,600.0,599.0,10.0,0.0,1,600.0,601.0,10.0,0.0,1,600.0,603.0,10.0,0.0,1
2026-03-23 16:27:44,2601.82,600.0,603.0,20.0,0.0,1,600.0,601.0,20.0,0.0,1,600.0,603.0,10.0,0.0,1,600.0,602.0,10.0,0.0,1,600.0,600.0,10.0,0.0,1,600.0,603.0,10.0,0.0,1
2026-03-23 16:27:44,2602.56,600.0,596.0,20.0,0.0,1,600.0,601.0,20.0,0.0,1,600.0,603.0,10.0,0.0,1,600.0,601.0,10.0,0.0,1,600.0,604.0,10.0,0.0,1,600.0,626.0,10.0,0.30000001192092896,1
2026-03-23 16:27:45,2603.28,600.0,601.0,20.0,0.0,1,600.0,601.0,20.0,0.0,1,600.0,601.0,10.0,0.0,1,600.0,599.0,10.0,0.0,1,600.0,603.0,10.0,0.0,1,600.0,618.0,10.0,0.0,1
2026-03-23 16:27:46,2603.99,600.0,609.0,20.0,0.0,1,600.0,601.0,20.0,0.0,1,600.0,601.0,10.0,0.0,1,600.0,600.0,10.0,0.0,1,600.0,600.0,10.0,0.0,1,600.0,590.0,10.0,0.0,1
2026-03-23 16:27:47,2604.72,600.0,598.0,20.0,0.0,1,600.0,601.0,20.0,0.0,1,600.0,601.0,10.0,0.0,1,600.0,602.0,10.0,0.0,1,600.0,600.0,10.0,0.0,1,600.0,603.0,10.0,0.0,1
2026-03-23 16:27:47,2605.45,600.0,596.0,20.0,0.0,1,600.0,599.0,20.0,0.0,1,600.0,603.0,10.0,0.0,1,600.0,602.0,10.0,0.0,1,600.0,601.0,10.0,0.0,1,600.0,603.0,10.0,0.0,1
2026-03-23 16:27:48,2606.16,600.0,608.0,20.0,0.0,1,600.0,601.0,20.0,0.0,1,600.0,602.0,10.0,0.0,1,600.0,602.0,10.0,0.0,1,600.0,598.0,10.0,0.0,1,600.0,603.0,10.0,0.0,1
2026-03-23 16:27:49,2606.88,600.0,606.0,20.0,0.5,1,600.0,601.0,20.0,0.0,1,600.0,601.0,10.0,0.0,1,600.0,602.0,10.0,0.0,1,600.0,601.0,10.0,0.0,1,600.0,603.0,10.0,0.0,1
2026-03-23 16:27:49,2607.6,600.0,602.0,20.0,0.10000000149011612,1,600.0,601.0,20.0,0.0,1,600.0,601.0,10.0,0.0,1,600.0,601.0,10.0,0.0,1,600.0,601.0,10.0,0.0,1,600.0,604.0,10.0,0.0,1
2026-03-23 16:27:50,2608.32,600.0,601.0,20.0,0.0,1,600.0,601.0,20.0,0.0,1,600.0,603.0,10.0,0.0,1,600.0,598.0,10.0,0.0,1,600.0,598.0,10.0,0.0,1,600.0,599.0,10.0,0.0,1
2026-03-23 16:27:51,2609.03,600.0,583.0,20.0,0.0,1,600.0,600.0,20.0,0.0,1,600.0,602.0,10.0,0.0,1,600.0,602.0,10.0,0.0,1,600.0,602.0,10.0,0.0,1,600.0,603.0,10.0,0.0,1
2026-03-23 16:27:52,2609.76,600.0,613.0,20.0,0.0,1,600.0,601.0,20.0,0.0,1,600.0,602.0,10.0,0.0,1,600.0,602.0,10.0,0.0,1,600.0,598.0,10.0,0.0,1,600.0,604.0,10.0,0.0,1
2026-03-23 16:27:52,2610.5,600.0,588.0,20.0,0.0,1,600.0,601.0,20.0,0.0,1,600.0,602.0,10.0,0.0,1,600.0,601.0,10.0,0.0,1,600.0,599.0,10.0,0.0,1,600.0,604.0,10.0,0.0,1
2026-03-23 16:27:53,2611.25,600.0,599.0,20.0,0.0,1,600.0,600.0,20.0,0.0,1,600.0,602.0,10.0,0.0,1,600.0,601.0,10.0,0.0,1,600.0,602.0,10.0,0.0,1,600.0,608.0,10.0,0.0,1
2026-03-23 16:27:54,2611.97,600.0,617.0,20.0,0.0,1,600.0,602.0,20.0,0.0,1,600.0,602.0,10.0,0.0,1,600.0,600.0,10.0,0.0,1,600.0,597.0,10.0,0.0,1,600.0,606.0,10.0,0.10000000149011612,1
2026-03-23 16:27:55,2612.73,600.0,588.0,20.0,0.0,1,600.0,602.0,20.0,0.0,1,600.0,602.0,10.0,0.0,1,600.0,600.0,10.0,0.0,1,600.0,604.0,10.0,0.0,1,600.0,601.0,10.0,0.10000000149011612,1
2026-03-23 16:27:55,2613.47,600.0,596.0,20.0,0.0,1,600.0,600.0,20.0,0.0,1,600.0,602.0,10.0,0.0,1,600.0,602.0,10.0,0.0,1,600.0,598.0,10.0,0.0,1,600.0,603.0,10.0,0.10000000149011612,1
2026-03-23 16:27:56,2614.19,600.0,596.0,20.0,0.0,1,600.0,600.0,20.0,0.0,1,600.0,602.0,10.0,0.0,1,600.0,600.0,10.0,0.0,1,600.0,601.0,10.0,0.0,1,600.0,603.0,10.0,0.0,1
2026-03-23 16:27:57,2614.91,600.0,609.0,20.0,0.4000000059604645,1,600.0,601.0,20.0,0.0,1,600.0,602.0,10.0,0.0,1,600.0,603.0,10.0,0.0,1,600.0,603.0,10.0,0.0,1,600.0,597.0,10.0,0.0,1
2026-03-23 16:27:57,2615.67,600.0,615.0,20.0,0.20000000298023224,1,600.0,601.0,20.0,0.0,1,600.0,603.0,10.0,0.0,1,600.0,598.0,10.0,0.0,1,600.0,600.0,10.0,0.0,1,600.0,608.0,10.0,0.0,1
2026-03-23 16:27:58,2616.43,600.0,626.0,20.0,0.20000000298023224,1,600.0,601.0,20.0,0.0,1,600.0,603.0,10.0,0.0,1,600.0,601.0,10.0,0.0,1,600.0,599.0,10.0,0.0,1,600.0,604.0,10.0,0.0,1
2026-03-23 16:27:59,2617.16,600.0,577.0,20.0,0.0,1,600.0,601.0,20.0,0.0,1,600.0,601.0,10.0,0.0,1,600.0,602.0,10.0,0.0,1,600.0,605.0,10.0,0.0,1,600.0,604.0,10.0,0.0,1
2026-03-23 16:28:00,2617.88,600.0,628.0,20.0,0.20000000298023224,1,600.0,601.0,20.0,0.0,1,600.0,603.0,10.0,0.0,1,600.0,601.0,10.0,0.0,1,600.0,602.0,10.0,0.0,1,600.0,604.0,10.0,0.0,1
2026-03-23 16:28:00,2618.61,600.0,602.0,20.0,0.10000000149011612,1,600.0,598.0,20.0,0.0,1,600.0,602.0,10.0,0.0,1,600.0,603.0,10.0,0.0,1,600.0,603.0,10.0,0.0,1,600.0,603.0,10.0,0.0,1
2026-03-23 16:28:01,2619.34,600.0,582.0,20.0,0.0,1,600.0,599.0,20.0,0.0,1,600.0,602.0,10.0,0.0,1,600.0,601.0,10.0,0.0,1,600.0,600.0,10.0,0.0,1,600.0,603.0,10.0,0.0,1
2026-03-23 16:28:02,2620.07,600.0,603.0,20.0,0.0,1,600.0,601.0,20.0,0.0,1,600.0,602.0,10.0,0.0,1,600.0,602.0,10.0,0.0,1,600.0,604.0,10.0,0.0,1,600.0,602.0,10.0,0.0,1
2026-03-23 16:28:03,2620.8,600.0,615.0,20.0,0.0,1,600.0,601.0,20.0,0.0,1,600.0,602.0,10.0,0.0,1,600.0,602.0,10.0,0.0,1,600.0,605.0,10.0,0.0,1,600.0,607.0,10.0,0.0,1
2026-03-23 16:28:03,2621.58,600.0,590.0,20.0,0.0,1,600.0,601.0,20.0,0.0,1,600.0,602.0,10.0,0.0,1,600.0,602.0,10.0,0.0,1,600.0,599.0,10.0,0.0,1,600.0,624.0,10.0,0.20000000298023224,1
2026-03-23 16:28:04,2622.3,600.0,593.0,20.0,0.0,1,600.0,601.0,20.0,0.0,1,600.0,602.0,10.0,0.0,1,600.0,602.0,10.0,0.0,1,600.0,599.0,10.0,0.0,1,600.0,583.0,10.0,0.0,1
2026-03-23 16:28:05,2623.02,600.0,619.0,20.0,0.20000000298023224,1,600.0,601.0,20.0,0.0,1,600.0,603.0,10.0,0.0,1,600.0,600.0,10.0,0.0,1,600.0,603.0,10.0,0.0,1,600.0,602.0,10.0,0.0,1
2026-03-23 16:28:06,2623.74,600.0,620.0,20.0,0.0,1,600.0,599.0,20.0,0.0,1,600.0,603.0,10.0,0.0,1,600.0,600.0,10.0,0.0,1,600.0,602.0,10.0,0.0,1,600.0,595.0,10.0,0.0,1
2026-03-23 16:28:06,2624.48,600.0,592.0,20.0,0.0,1,600.0,599.0,20.0,0.0,1,600.0,600.0,10.0,0.0,1,600.0,600.0,10.0,0.0,1,600.0,595.0,10.0,0.0,1,600.0,600.0,10.0,0.0,1
2026-03-23 16:28:07,2625.24,600.0,619.0,20.0,0.10000000149011612,1,600.0,600.0,20.0,0.0,1,600.0,600.0,10.0,0.0,1,600.0,602.0,10.0,0.0,1,600.0,604.0,10.0,0.0,1,600.0,601.0,10.0,0.0,1
2026-03-23 16:28:08,2625.96,600.0,599.0,20.0,0.0,1,600.0,600.0,20.0,0.0,1,600.0,604.0,10.0,0.0,1,600.0,602.0,10.0,0.0,1,600.0,600.0,10.0,0.0,1,600.0,605.0,10.0,0.0,1
2026-03-23 16:28:09,2626.7,600.0,595.0,20.0,0.0,1,600.0,601.0,20.0,0.0,1,600.0,602.0,10.0,0.0,1,600.0,600.0,10.0,0.0,1,600.0,600.0,10.0,0.0,1,600.0,604.0,10.0,0.0,1
2026-03-23 16:28:09,2627.43,600.0,604.0,20.0,0.0,1,600.0,600.0,20.0,0.0,1,600.0,601.0,10.0,0.0,1,600.0,602.0,10.0,0.0,1,600.0,601.0,10.0,0.0,1,600.0,604.0,10.0,0.0,1
2026-03-23 16:28:10,2628.15,600.0,612.0,20.0,0.10000000149011612,1,600.0,602.0,20.0,0.0,1,600.0,602.0,10.0,0.0,1,600.0,602.0,10.0,0.0,1,600.0,602.0,10.0,0.0,1,600.0,618.0,10.0,0.0,1
2026-03-23 16:28:11,2628.9,600.0,615.0,20.0,0.0,1,600.0,602.0,20.0,0.0,1,600.0,602.0,10.0,0.0,1,600.0,602.0,10.0,0.0,1,600.0,602.0,10.0,0.0,1,600.0,596.0,10.0,0.0,1
2026-03-23 16:28:11,2629.64,600.0,615.0,20.0,0.30000001192092896,1,600.0,602.0,20.0,0.0,1,600.0,602.0,10.0,0.0,1,600.0,603.0,10.0,0.0,1,600.0,599.0,10.0,0.0,1,600.0,607.0,10.0,0.0,1
2026-03-23 16:28:12,2630.39,600.0,601.0,20.0,0.0,1,600.0,601.0,20.0,0.0,1,600.0,601.0,10.0,0.0,1,600.0,601.0,10.0,0.0,1,600.0,604.0,10.0,0.0,1,600.0,601.0,10.0,0.0,1
2026-03-23 16:28:13,2631.12,600.0,578.0,20.0,0.0,1,600.0,601.0,20.0,0.0,1,600.0,602.0,10.0,0.0,1,600.0,603.0,10.0,0.0,1,600.0,602.0,10.0,0.0,1,600.0,604.0,10.0,0.0,1
2026-03-23 16:28:14,2631.86,600.0,600.0,20.0,0.0,1,600.0,602.0,20.0,0.0,1,600.0,602.0,10.0,0.0,1,600.0,601.0,10.0,0.0,1,600.0,601.0,10.0,0.0,1,600.0,604.0,10.0,0.0,1
2026-03-23 16:28:14,2632.59,600.0,608.0,20.0,0.0,1,600.0,601.0,20.0,0.0,1,600.0,602.0,10.0,0.0,1,600.0,600.0,10.0,0.0,1,600.0,602.0,10.0,0.0,1,600.0,602.0,10.0,0.0,1
2026-03-23 16:28:15,2633.37,600.0,619.0,20.0,0.0,1,600.0,601.0,20.0,0.0,1,600.0,602.0,10.0,0.0,1,600.0,600.0,10.0,0.0,1,600.0,601.0,10.0,0.0,1,600.0,603.0,10.0,0.0,1
2026-03-23 16:28:16,2634.13,600.0,593.0,20.0,0.0,1,600.0,599.0,20.0,0.0,1,600.0,602.0,10.0,0.0,1,600.0,600.0,10.0,0.0,1,600.0,599.0,10.0,0.0,1,600.0,603.0,10.0,0.0,1
2026-03-23 16:28:17,2634.91,600.0,621.0,20.0,0.0,1,600.0,600.0,20.0,0.0,1,600.0,602.0,10.0,0.0,1,600.0,603.0,10.0,0.0,1,600.0,606.0,10.0,0.0,1,600.0,591.0,10.0,0.0,1
2026-03-23 16:28:17,2635.68,600.0,602.0,20.0,0.0,1,600.0,600.0,20.0,0.0,1,600.0,602.0,10.0,0.0,1,600.0,602.0,10.0,0.0,1,600.0,602.0,10.0,0.0,1,600.0,604.0,10.0,0.0,1
2026-03-23 16:28:18,2636.46,600.0,593.0,20.0,0.0,1,600.0,600.0,20.0,0.0,1,600.0,602.0,10.0,0.0,1,600.0,603.0,10.0,0.0,1,600.0,599.0,10.0,0.0,1,600.0,615.0,10.0,0.0,1
2026-03-23 16:28:19,2637.2,600.0,589.0,20.0,0.0,1,600.0,600.0,20.0,0.0,1,600.0,602.0,10.0,0.0,1,600.0,602.0,10.0,0.0,1,600.0,601.0,10.0,0.0,1,600.0,603.0,10.0,0.0,1
2026-03-23 16:28:20,2637.96,600.0,617.0,20.0,0.0,1,600.0,600.0,20.0,0.0,1,600.0,602.0,10.0,0.0,1,600.0,602.0,10.0,0.0,1,600.0,600.0,10.0,0.0,1,600.0,603.0,10.0,0.0,1
2026-03-23 16:28:20,2638.69,600.0,609.0,20.0,0.0,1,600.0,600.0,20.0,0.0,1,600.0,602.0,10.0,0.0,1,600.0,602.0,10.0,0.0,1,600.0,601.0,10.0,0.0,1,600.0,603.0,10.0,0.0,1
2026-03-23 16:28:21,2639.48,600.0,608.0,20.0,0.10000000149011612,1,600.0,600.0,20.0,0.0,1,600.0,601.0,10.0,0.0,1,600.0,601.0,10.0,0.0,1,600.0,601.0,10.0,0.0,1,600.0,603.0,10.0,0.0,1
2026-03-23 16:28:22,2640.23,600.0,621.0,20.0,0.0,1,600.0,600.0,20.0,0.0,1,600.0,602.0,10.0,0.0,1,600.0,603.0,10.0,0.0,1,600.0,601.0,10.0,0.0,1,600.0,604.0,10.0,0.0,1
2026-03-23 16:28:23,2640.97,600.0,598.0,20.0,0.0,1,600.0,600.0,20.0,0.0,1,600.0,602.0,10.0,0.0,1,600.0,602.0,10.0,0.0,1,600.0,601.0,10.0,0.0,1,600.0,606.0,10.0,0.0,1
2026-03-23 16:28:24,2641.72,600.0,609.0,20.0,0.0,1,600.0,600.0,20.0,0.0,1,600.0,603.0,10.0,0.0,1,600.0,600.0,10.0,0.0,1,600.0,604.0,10.0,0.0,1,600.0,615.0,10.0,0.0,1
2026-03-23 16:28:24,2642.49,600.0,606.0,20.0,0.0,1,600.0,600.0,20.0,0.0,1,600.0,603.0,10.0,0.0,1,600.0,600.0,10.0,0.0,1,600.0,596.0,10.0,0.0,1,600.0,602.0,10.0,0.0,1
2026-03-23 16:28:25,2643.24,600.0,596.0,20.0,0.20000000298023224,1,600.0,600.0,20.0,0.0,1,600.0,603.0,10.0,0.0,1,600.0,600.0,10.0,0.0,1,600.0,599.0,10.0,0.0,1,600.0,608.0,10.0,0.0,1
2026-03-23 16:28:26,2644.0,600.0,627.0,20.0,0.20000000298023224,1,600.0,601.0,20.0,0.0,1,600.0,602.0,10.0,0.0,1,600.0,600.0,10.0,0.0,1,600.0,599.0,10.0,0.0,1,600.0,621.0,10.0,0.0,1
2026-03-23 16:28:27,2644.72,600.0,587.0,20.0,0.0,1,600.0,602.0,20.0,0.0,1,600.0,601.0,10.0,0.0,1,600.0,602.0,10.0,0.0,1,600.0,600.0,10.0,0.0,1,600.0,593.0,10.0,0.10000000149011612,1
2026-03-23 16:28:27,2645.46,600.0,603.0,20.0,0.0,1,600.0,602.0,20.0,0.0,1,600.0,603.0,10.0,0.0,1,600.0,600.0,10.0,0.0,1,600.0,603.0,10.0,0.0,1,600.0,596.0,10.0,0.0,1
2026-03-23 16:28:28,2646.19,600.0,594.0,20.0,0.0,1,600.0,601.0,20.0,0.0,1,600.0,602.0,10.0,0.0,1,600.0,600.0,10.0,0.0,1,600.0,599.0,10.0,0.0,1,600.0,602.0,10.0,0.0,1
2026-03-23 16:28:29,2646.91,600.0,597.0,20.0,0.0,1,600.0,601.0,20.0,0.0,1,600.0,602.0,10.0,0.0,1,600.0,602.0,10.0,0.0,1,600.0,600.0,10.0,0.0,1,600.0,603.0,10.0,0.0,1
2026-03-23 16:28:29,2647.64,600.0,607.0,20.0,0.10000000149011612,1,600.0,601.0,20.0,0.0,1,600.0,602.0,10.0,0.0,1,600.0,600.0,10.0,0.0,1,600.0,601.0,10.0,0.0,1,600.0,603.0,10.0,0.0,1
2026-03-23 16:28:30,2648.38,600.0,599.0,20.0,0.0,1,600.0,601.0,20.0,0.0,1,600.0,602.0,10.0,0.0,1,600.0,602.0,10.0,0.0,1,600.0,598.0,10.0,0.0,1,600.0,606.0,10.0,0.0,1
2026-03-23 16:28:31,2649.09,600.0,593.0,20.0,0.0,1,600.0,601.0,20.0,0.0,1,600.0,602.0,10.0,0.0,1,600.0,602.0,10.0,0.0,1,600.0,603.0,10.0,0.0,1,600.0,606.0,10.0,0.0,1
2026-03-23 16:28:32,2649.83,600.0,620.0,20.0,0.0,1,600.0,601.0,20.0,0.0,1,600.0,602.0,10.0,0.0,1,600.0,602.0,10.0,0.0,1,600.0,603.0,10.0,0.0,1,600.0,603.0,10.0,0.0,1
2026-03-23 16:28:32,2650.57,600.0,611.0,20.0,0.0,1,600.0,600.0,20.0,0.0,1,600.0,601.0,10.0,0.0,1,600.0,604.0,10.0,0.0,1,600.0,604.0,10.0,0.0,1,600.0,603.0,10.0,0.0,1
2026-03-23 16:28:33,2651.3,600.0,576.0,20.0,0.0,1,600.0,600.0,20.0,0.0,1,600.0,601.0,10.0,0.0,1,600.0,601.0,10.0,0.0,1,600.0,604.0,10.0,0.0,1,600.0,604.0,10.0,0.0,1
2026-03-23 16:28:34,2652.02,600.0,620.0,20.0,0.0,1,600.0,601.0,20.0,0.0,1,600.0,602.0,10.0,0.0,1,600.0,602.0,10.0,0.0,1,600.0,601.0,10.0,0.0,1,600.0,622.0,10.0,0.0,1
2026-03-23 16:28:35,2652.73,600.0,601.0,20.0,0.0,1,600.0,599.0,20.0,0.0,1,600.0,602.0,10.0,0.0,1,600.0,602.0,10.0,0.0,1,600.0,602.0,10.0,0.0,1,600.0,604.0,10.0,0.10000000149011612,1
2026-03-23 16:28:35,2653.45,600.0,580.0,20.0,0.0,1,600.0,599.0,20.0,0.0,1,600.0,601.0,10.0,0.0,1,600.0,602.0,10.0,0.0,1,600.0,602.0,10.0,0.0,1,600.0,601.0,10.0,0.0,1
2026-03-23 16:28:36,2654.17,600.0,625.0,20.0,0.10000000149011612,1,600.0,599.0,20.0,0.0,1,600.0,601.0,10.0,0.0,1,600.0,602.0,10.0,0.0,1,600.0,600.0,10.0,0.0,1,600.0,597.0,10.0,0.0,1
2026-03-23 16:28:37,2654.89,600.0,596.0,20.0,0.10000000149011612,1,600.0,600.0,20.0,0.0,1,600.0,603.0,10.0,0.0,1,600.0,602.0,10.0,0.0,1,600.0,600.0,10.0,0.0,1,600.0,597.0,10.0,0.0,1
2026-03-23 16:28:37,2655.63,600.0,602.0,20.0,0.0,1,600.0,600.0,20.0,0.0,1,600.0,603.0,10.0,0.0,1,600.0,602.0,10.0,0.0,1,600.0,602.0,10.0,0.0,1,600.0,603.0,10.0,0.0,1
2026-03-23 16:28:38,2656.35,600.0,613.0,20.0,0.0,1,600.0,600.0,20.0,0.0,1,600.0,602.0,10.0,0.0,1,600.0,601.0,10.0,0.0,1,600.0,603.0,10.0,0.0,1,600.0,604.0,10.0,0.0,1
2026-03-23 16:28:39,2657.07,600.0,605.0,20.0,0.0,1,600.0,600.0,20.0,0.0,1,600.0,602.0,10.0,0.0,1,600.0,601.0,10.0,0.0,1,600.0,600.0,10.0,0.0,1,600.0,604.0,10.0,0.0,1
2026-03-23 16:28:40,2657.8,600.0,612.0,20.0,0.0,1,600.0,602.0,20.0,0.0,1,600.0,602.0,10.0,0.0,1,600.0,600.0,10.0,0.0,1,600.0,601.0,10.0,0.0,1,600.0,603.0,10.0,0.0,1
2026-03-23 16:28:40,2658.52,600.0,621.0,20.0,0.0,1,600.0,601.0,20.0,0.0,1,600.0,601.0,10.0,0.0,1,600.0,602.0,10.0,0.0,1,600.0,598.0,10.0,0.0,1,600.0,618.0,10.0,0.10000000149011612,1
2026-03-23 16:28:41,2659.25,600.0,583.0,20.0,0.0,1,600.0,601.0,20.0,0.0,1,600.0,603.0,10.0,0.0,1,600.0,602.0,10.0,0.0,1,600.0,599.0,10.0,0.0,1,600.0,596.0,10.0,0.0,1
2026-03-23 16:28:42,2659.97,600.0,621.0,20.0,0.0,1,600.0,601.0,20.0,0.0,1,600.0,603.0,10.0,0.0,1,600.0,602.0,10.0,0.0,1,600.0,600.0,10.0,0.0,1,600.0,604.0,10.0,0.0,1
2026-03-23 16:28:42,2660.7,600.0,591.0,20.0,0.0,1,600.0,601.0,20.0,0.0,1,600.0,603.0,10.0,0.0,1,600.0,600.0,10.0,0.0,1,600.0,601.0,10.0,0.0,1,600.0,602.0,10.0,0.0,1
2026-03-23 16:28:43,2661.41,600.0,624.0,20.0,0.20000000298023224,1,600.0,601.0,20.0,0.0,1,600.0,603.0,10.0,0.0,1,600.0,601.0,10.0,0.0,1,600.0,601.0,10.0,0.0,1,600.0,595.0,10.0,0.0,1
2026-03-23 16:28:44,2662.13,600.0,605.0,20.0,0.20000000298023224,1,600.0,601.0,20.0,0.0,1,600.0,603.0,10.0,0.0,1,600.0,601.0,10.0,0.0,1,600.0,604.0,10.0,0.0,1,600.0,623.0,10.0,0.20000000298023224,1
2026-03-23 16:28:45,2662.89,600.0,595.0,20.0,0.0,1,600.0,601.0,20.0,0.0,1,600.0,603.0,10.0,0.0,1,600.0,602.0,10.0,0.0,1,600.0,602.0,10.0,0.0,1,600.0,592.0,10.0,0.0,1
2026-03-23 16:28:45,2663.61,600.0,618.0,20.0,0.0,1,600.0,600.0,20.0,0.0,1,600.0,602.0,10.0,0.0,1,600.0,602.0,10.0,0.0,1,600.0,599.0,10.0,0.0,1,600.0,602.0,10.0,0.0,1
2026-03-23 16:28:46,2664.34,600.0,585.0,20.0,0.0,1,600.0,601.0,20.0,0.0,1,600.0,602.0,10.0,0.0,1,600.0,602.0,10.0,0.0,1,600.0,602.0,10.0,0.0,1,600.0,604.0,10.0,0.0,1
2026-03-23 16:28:47,2665.05,600.0,582.0,20.0,0.0,1,600.0,601.0,20.0,0.0,1,600.0,602.0,10.0,0.0,1,600.0,603.0,10.0,0.0,1,600.0,602.0,10.0,0.0,1,600.0,603.0,10.0,0.0,1
2026-03-23 16:28:48,2665.78,600.0,598.0,20.0,0.0,1,600.0,601.0,20.0,0.0,1,600.0,602.0,10.0,0.0,1,600.0,602.0,10.0,0.0,1,600.0,602.0,10.0,0.0,1,600.0,605.0,10.0,0.0,1
2026-03-23 16:28:48,2666.51,600.0,580.0,20.0,0.0,1,600.0,601.0,20.0,0.0,1,600.0,602.0,10.0,0.0,1,600.0,602.0,10.0,0.0,1,600.0,602.0,10.0,0.0,1,600.0,606.0,10.0,0.0,1
2026-03-23 16:28:49,2667.24,600.0,613.0,20.0,0.0,1,600.0,601.0,20.0,0.0,1,600.0,602.0,10.0,0.0,1,600.0,601.0,10.0,0.0,1,600.0,598.0,10.0,0.0,1,600.0,602.0,10.0,0.0,1
2026-03-23 16:28:50,2667.97,600.0,609.0,20.0,0.0,1,600.0,601.0,20.0,0.0,1,600.0,602.0,10.0,0.0,1,600.0,601.0,10.0,0.0,1,600.0,604.0,10.0,0.0,1,600.0,617.0,10.0,0.4000000059604645,1
2026-03-23 16:28:50,2668.69,600.0,602.0,20.0,0.10000000149011612,1,600.0,601.0,20.0,0.0,1,600.0,601.0,10.0,0.0,1,600.0,601.0,10.0,0.0,1,600.0,599.0,10.0,0.0,1,600.0,584.0,10.0,0.0,1
2026-03-23 16:28:51,2669.41,600.0,621.0,20.0,0.10000000149011612,1,600.0,601.0,20.0,0.0,1,600.0,602.0,10.0,0.0,1,600.0,602.0,10.0,0.0,1,600.0,594.0,10.0,0.0,1,600.0,602.0,10.0,0.0,1
2026-03-23 16:28:52,2670.15,600.0,592.0,20.0,0.0,1,600.0,601.0,20.0,0.0,1,600.0,601.0,10.0,0.0,1,600.0,601.0,10.0,0.0,1,600.0,601.0,10.0,0.0,1,600.0,601.0,10.0,0.0,1
2026-03-23 16:28:53,2670.87,600.0,601.0,20.0,0.10000000149011612,1,600.0,599.0,20.0,0.0,1,600.0,602.0,10.0,0.0,1,600.0,600.0,10.0,0.0,1,600.0,603.0,10.0,0.0,1,600.0,602.0,10.0,0.0,1
2026-03-23 16:28:53,2671.62,600.0,609.0,20.0,0.0,1,600.0,601.0,20.0,0.0,1,600.0,602.0,10.0,0.0,1,600.0,600.0,10.0,0.0,1,600.0,603.0,10.0,0.0,1,600.0,604.0,10.0,0.0,1
2026-03-23 16:28:54,2672.37,600.0,600.0,20.0,0.4000000059604645,1,600.0,602.0,20.0,0.0,1,600.0,601.0,10.0,0.0,1,600.0,601.0,10.0,0.0,1,600.0,605.0,10.0,0.0,1,600.0,599.0,10.0,0.0,1
2026-03-23 16:28:55,2673.1,600.0,598.0,20.0,0.0,1,600.0,602.0,20.0,0.0,1,600.0,602.0,10.0,0.0,1,600.0,601.0,10.0,0.0,1,600.0,602.0,10.0,0.0,1,600.0,602.0,10.0,0.0,1
2026-03-23 16:28:56,2673.83,600.0,628.0,20.0,0.0,1,600.0,599.0,20.0,0.0,1,600.0,603.0,10.0,0.0,1,600.0,601.0,10.0,0.0,1,600.0,601.0,10.0,0.0,1,600.0,611.0,10.0,0.20000000298023224,1
2026-03-23 16:28:56,2674.53,600.0,589.0,20.0,0.0,1,600.0,600.0,20.0,0.0,1,600.0,602.0,10.0,0.0,1,600.0,601.0,10.0,0.0,1,600.0,602.0,10.0,0.0,1,600.0,586.0,10.0,0.0,1
2026-03-23 16:28:57,2675.25,600.0,599.0,20.0,0.0,1,600.0,600.0,20.0,0.0,1,600.0,602.0,10.0,0.0,1,600.0,603.0,10.0,0.0,1,600.0,603.0,10.0,0.0,1,600.0,603.0,10.0,0.0,1
2026-03-23 16:28:58,2675.97,600.0,588.0,20.0,0.30000001192092896,1,600.0,600.0,20.0,0.0,1,600.0,602.0,10.0,0.0,1,600.0,603.0,10.0,0.0,1,600.0,604.0,10.0,0.0,1,600.0,605.0,10.0,0.0,1
2026-03-23 16:28:58,2676.7,600.0,607.0,20.0,0.30000001192092896,1,600.0,600.0,20.0,0.0,1,600.0,602.0,10.0,0.0,1,600.0,602.0,10.0,0.0,1,600.0,599.0,10.0,0.0,1,600.0,603.0,10.0,0.0,1
2026-03-23 16:28:59,2677.42,600.0,603.0,20.0,0.10000000149011612,1,600.0,600.0,20.0,0.0,1,600.0,602.0,10.0,0.0,1,600.0,601.0,10.0,0.0,1,600.0,601.0,10.0,0.0,1,600.0,603.0,10.0,0.0,1
2026-03-23 16:29:00,2678.15,600.0,592.0,20.0,0.0,1,600.0,601.0,20.0,0.0,1,600.0,602.0,10.0,0.0,1,600.0,601.0,10.0,0.0,1,600.0,601.0,10.0,0.0,1,600.0,608.0,10.0,0.0,1
2026-03-23 16:29:01,2678.9,600.0,619.0,20.0,0.0,1,600.0,600.0,20.0,0.0,1,600.0,602.0,10.0,0.0,1,600.0,601.0,10.0,0.0,1,600.0,599.0,10.0,0.0,1,600.0,604.0,10.0,0.0,1
2026-03-23 16:29:01,2679.64,600.0,593.0,20.0,0.10000000149011612,1,600.0,600.0,20.0,0.0,1,600.0,602.0,10.0,0.0,1,600.0,601.0,10.0,0.0,1,600.0,599.0,10.0,0.0,1,600.0,603.0,10.0,0.10000000149011612,1
2026-03-23 16:29:02,2680.4,600.0,611.0,20.0,0.20000000298023224,1,600.0,601.0,20.0,0.0,1,600.0,601.0,10.0,0.0,1,600.0,600.0,10.0,0.0,1,600.0,599.0,10.0,0.0,1,600.0,603.0,10.0,0.0,1
2026-03-23 16:29:03,2681.14,600.0,604.0,20.0,0.0,1,600.0,601.0,20.0,0.0,1,600.0,601.0,10.0,0.0,1,600.0,601.0,10.0,0.0,1,600.0,599.0,10.0,0.0,1,600.0,607.0,10.0,0.0,1
2026-03-23 16:29:04,2681.9,600.0,592.0,20.0,0.0,1,600.0,601.0,20.0,0.0,1,600.0,602.0,10.0,0.0,1,600.0,601.0,10.0,0.0,1,600.0,601.0,10.0,0.0,1,600.0,607.0,10.0,0.0,1
2026-03-23 16:29:04,2682.63,600.0,609.0,20.0,0.0,1,600.0,599.0,20.0,0.0,1,600.0,602.0,10.0,0.0,1,600.0,603.0,10.0,0.0,1,600.0,600.0,10.0,0.0,1,600.0,605.0,10.0,0.0,1
2026-03-23 16:29:05,2683.37,600.0,577.0,20.0,0.0,1,600.0,600.0,20.0,0.0,1,600.0,601.0,10.0,0.0,1,600.0,602.0,10.0,0.0,1,600.0,603.0,10.0,0.0,1,600.0,602.0,10.0,0.10000000149011612,1
2026-03-23 16:29:06,2684.1,600.0,606.0,20.0,0.0,1,600.0,600.0,20.0,0.0,1,600.0,601.0,10.0,0.0,1,600.0,602.0,10.0,0.0,1,600.0,601.0,10.0,0.0,1,600.0,604.0,10.0,0.10000000149011612,1
2026-03-23 16:29:07,2684.85,600.0,585.0,20.0,0.0,1,600.0,601.0,20.0,0.0,1,600.0,601.0,10.0,0.0,1,600.0,602.0,10.0,0.0,1,600.0,604.0,10.0,0.0,1,600.0,603.0,10.0,0.10000000149011612,1
2026-03-23 16:29:07,2685.59,600.0,607.0,20.0,0.30000001192092896,1,600.0,600.0,20.0,0.0,1,600.0,601.0,10.0,0.0,1,600.0,601.0,10.0,0.0,1,600.0,602.0,10.0,0.0,1,600.0,603.0,10.0,0.10000000149011612,1
2026-03-23 16:29:08,2686.33,600.0,608.0,20.0,0.20000000298023224,1,600.0,600.0,20.0,0.0,1,600.0,603.0,10.0,0.0,1,600.0,601.0,10.0,0.0,1,600.0,601.0,10.0,0.0,1,600.0,607.0,10.0,0.20000000298023224,1
2026-03-23 16:29:09,2687.06,600.0,621.0,20.0,0.0,1,600.0,601.0,20.0,0.0,1,600.0,603.0,10.0,0.0,1,600.0,601.0,10.0,0.0,1,600.0,601.0,10.0,0.0,1,600.0,602.0,10.0,0.0,1
2026-03-23 16:29:10,2687.77,600.0,609.0,20.0,0.0,1,600.0,602.0,20.0,0.0,1,600.0,602.0,10.0,0.0,1,600.0,604.0,10.0,0.0,1,600.0,601.0,10.0,0.0,1,600.0,620.0,10.0,0.0,1
2026-03-23 16:29:10,2688.53,600.0,598.0,20.0,0.10000000149011612,1,600.0,601.0,20.0,0.0,1,600.0,601.0,10.0,0.0,1,600.0,599.0,10.0,0.0,1,600.0,602.0,10.0,0.0,1,600.0,595.0,10.0,0.0,1
2026-03-23 16:29:11,2689.26,600.0,610.0,20.0,0.10000000149011612,1,600.0,601.0,20.0,0.0,1,600.0,601.0,10.0,0.0,1,600.0,599.0,10.0,0.0,1,600.0,602.0,10.0,0.0,1,600.0,595.0,10.0,0.0,1
2026-03-23 16:29:12,2689.97,600.0,605.0,20.0,0.0,1,600.0,602.0,20.0,0.0,1,600.0,601.0,10.0,0.0,1,600.0,602.0,10.0,0.0,1,600.0,598.0,10.0,0.0,1,600.0,604.0,10.0,0.0,1
2026-03-23 16:29:12,2690.69,600.0,611.0,20.0,0.0,1,600.0,600.0,20.0,0.0,1,600.0,603.0,10.0,0.0,1,600.0,600.0,10.0,0.0,1,600.0,604.0,10.0,0.0,1,600.0,603.0,10.0,0.0,1
2026-03-23 16:29:13,2691.45,600.0,600.0,20.0,0.20000000298023224,1,600.0,600.0,20.0,0.0,1,600.0,604.0,10.0,0.0,1,600.0,604.0,10.0,0.0,1,600.0,601.0,10.0,0.0,1,600.0,603.0,10.0,0.0,1
2026-03-23 16:29:14,2692.22,600.0,600.0,20.0,0.0,1,600.0,602.0,20.0,0.0,1,600.0,601.0,10.0,0.0,1,600.0,602.0,10.0,0.0,1,600.0,599.0,10.0,0.0,1,600.0,603.0,10.0,0.0,1
2026-03-23 16:29:15,2692.96,600.0,609.0,20.0,0.0,1,600.0,602.0,20.0,0.0,1,600.0,601.0,10.0,0.0,1,600.0,600.0,10.0,0.0,1,600.0,598.0,10.0,0.0,1,600.0,604.0,10.0,0.0,1
2026-03-23 16:29:16,2693.72,600.0,579.0,20.0,0.0,1,600.0,600.0,20.0,0.0,1,600.0,603.0,10.0,0.0,1,600.0,602.0,10.0,0.0,1,600.0,598.0,10.0,0.0,1,600.0,604.0,10.0,0.0,1
2026-03-23 16:29:16,2694.51,600.0,625.0,20.0,0.0,1,600.0,601.0,20.0,0.0,1,600.0,603.0,10.0,0.0,1,600.0,600.0,10.0,0.0,1,600.0,600.0,10.0,0.0,1,600.0,604.0,10.0,0.0,1
2026-03-23 16:29:17,2695.24,600.0,595.0,20.0,0.0,1,600.0,600.0,20.0,0.0,1,600.0,601.0,10.0,0.0,1,600.0,601.0,10.0,0.0,1,600.0,603.0,10.0,0.0,1,600.0,604.0,10.0,0.0,1
2026-03-23 16:29:18,2695.96,600.0,615.0,20.0,0.20000000298023224,1,600.0,602.0,20.0,0.0,1,600.0,601.0,10.0,0.0,1,600.0,601.0,10.0,0.0,1,600.0,602.0,10.0,0.0,1,600.0,602.0,10.0,0.0,1
2026-03-23 16:29:18,2696.68,600.0,590.0,20.0,0.0,1,600.0,601.0,20.0,0.0,1,600.0,603.0,10.0,0.0,1,600.0,603.0,10.0,0.0,1,600.0,601.0,10.0,0.0,1,600.0,604.0,10.0,0.0,1
2026-03-23 16:29:19,2697.4,600.0,626.0,20.0,0.4000000059604645,1,600.0,601.0,20.0,0.0,1,600.0,602.0,10.0,0.0,1,600.0,603.0,10.0,0.0,1,600.0,604.0,10.0,0.0,1,600.0,604.0,10.0,0.0,1
2026-03-23 16:29:20,2698.13,600.0,597.0,20.0,0.0,1,600.0,599.0,20.0,0.0,1,600.0,602.0,10.0,0.0,1,600.0,603.0,10.0,0.0,1,600.0,601.0,10.0,0.0,1,600.0,602.0,10.0,0.0,1
2026-03-23 16:29:21,2698.85,600.0,612.0,20.0,0.0,1,600.0,600.0,20.0,0.0,1,600.0,602.0,10.0,0.0,1,600.0,603.0,10.0,0.0,1,600.0,601.0,10.0,0.0,1,600.0,609.0,10.0,0.30000001192092896,1
2026-03-23 16:29:21,2699.58,600.0,610.0,20.0,0.0,1,600.0,600.0,20.0,0.0,1,600.0,601.0,10.0,0.0,1,600.0,599.0,10.0,0.0,1,600.0,600.0,10.0,0.0,1,600.0,602.0,10.0,0.0,1
2026-03-23 16:29:22,2700.34,600.0,598.0,20.0,0.0,1,600.0,618.0,20.0,0.10000000149011612,1,600.0,601.0,10.0,0.0,1,600.0,601.0,10.0,0.0,1,600.0,602.0,10.0,0.0,1,600.0,610.0,10.0,0.0,1
2026-03-23 16:29:23,2701.08,600.0,604.0,20.0,0.0,1,600.0,599.0,20.0,0.0,1,600.0,602.0,10.0,0.0,1,600.0,601.0,10.0,0.0,1,600.0,600.0,10.0,0.0,1,600.0,598.0,10.0,0.0,1
2026-03-23 16:29:24,2701.82,600.0,610.0,20.0,0.10000000149011612,1,600.0,601.0,20.0,0.0,1,600.0,601.0,10.0,0.0,1,600.0,601.0,10.0,0.0,1,600.0,603.0,10.0,0.0,1,600.0,598.0,10.0,0.0,1
2026-03-23 16:29:24,2702.58,600.0,583.0,20.0,0.0,1,600.0,601.0,20.0,0.0,1,600.0,602.0,10.0,0.0,1,600.0,601.0,10.0,0.0,1,600.0,604.0,10.0,0.0,1,600.0,596.0,10.0,0.0,1
2026-03-23 16:29:25,2703.34,600.0,612.0,20.0,0.0,1,600.0,601.0,20.0,0.0,1,600.0,602.0,10.0,0.0,1,600.0,601.0,10.0,0.0,1,600.0,602.0,10.0,0.0,1,600.0,596.0,10.0,0.0,1
2026-03-23 16:29:26,2704.08,600.0,603.0,20.0,0.0,1,600.0,602.0,20.0,0.0,1,600.0,602.0,10.0,0.0,1,600.0,601.0,10.0,0.0,1,600.0,600.0,10.0,0.0,1,600.0,603.0,10.0,0.0,1
2026-03-23 16:29:27,2704.81,600.0,608.0,20.0,0.0,1,600.0,600.0,20.0,0.0,1,600.0,603.0,10.0,0.0,1,600.0,601.0,10.0,0.0,1,600.0,604.0,10.0,0.0,1,600.0,602.0,10.0,0.0,1
2026-03-23 16:29:27,2705.54,600.0,582.0,20.0,0.0,1,600.0,601.0,20.0,0.0,1,600.0,603.0,10.0,0.0,1,600.0,603.0,10.0,0.0,1,600.0,601.0,10.0,0.0,1,600.0,602.0,10.0,0.0,1
2026-03-23 16:29:28,2706.26,600.0,607.0,20.0,0.0,1,600.0,601.0,20.0,0.0,1,600.0,602.0,10.0,0.0,1,600.0,602.0,10.0,0.0,1,600.0,598.0,10.0,0.0,1,600.0,602.0,10.0,0.0,1
2026-03-23 16:29:29,2707.01,600.0,600.0,20.0,0.0,1,600.0,599.0,20.0,0.0,1,600.0,602.0,10.0,0.0,1,600.0,602.0,10.0,0.0,1,600.0,598.0,10.0,0.0,1,600.0,603.0,10.0,0.0,1
2026-03-23 16:29:30,2707.72,600.0,606.0,20.0,0.0,1,600.0,601.0,20.0,0.0,1,600.0,602.0,10.0,0.0,1,600.0,601.0,10.0,0.0,1,600.0,601.0,10.0,0.0,1,600.0,607.0,10.0,0.0,1
2026-03-23 16:29:30,2708.45,600.0,606.0,20.0,0.0,1,600.0,600.0,20.0,0.0,1,600.0,602.0,10.0,0.0,1,600.0,601.0,10.0,0.0,1,600.0,601.0,10.0,0.0,1,600.0,608.0,10.0,0.0,1
2026-03-23 16:29:31,2709.2,600.0,596.0,20.0,0.10000000149011612,1,600.0,600.0,20.0,0.0,1,600.0,602.0,10.0,0.0,1,600.0,600.0,10.0,0.0,1,600.0,599.0,10.0,0.0,1,600.0,601.0,10.0,0.0,1
2026-03-23 16:29:32,2709.92,600.0,583.0,20.0,0.0,1,600.0,600.0,20.0,0.0,1,600.0,602.0,10.0,0.0,1,600.0,601.0,10.0,0.0,1,600.0,601.0,10.0,0.0,1,600.0,604.0,10.0,0.0,1
2026-03-23 16:29:32,2710.63,600.0,596.0,20.0,0.0,1,600.0,602.0,20.0,0.0,1,600.0,602.0,10.0,0.0,1,600.0,601.0,10.0,0.0,1,600.0,601.0,10.0,0.0,1,600.0,611.0,10.0,0.0,1
2026-03-23 16:29:33,2711.36,600.0,597.0,20.0,0.0,1,600.0,601.0,20.0,0.0,1,600.0,602.0,10.0,0.0,1,600.0,601.0,10.0,0.0,1,600.0,602.0,10.0,0.0,1,600.0,601.0,10.0,0.0,1
2026-03-23 16:29:34,2712.1,600.0,623.0,20.0,0.0,1,600.0,601.0,20.0,0.0,1,600.0,602.0,10.0,0.0,1,600.0,601.0,10.0,0.0,1,600.0,599.0,10.0,0.0,1,600.0,617.0,10.0,0.10000000149011612,1
2026-03-23 16:29:35,2712.84,600.0,616.0,20.0,0.10000000149011612,1,600.0,598.0,20.0,0.0,1,600.0,602.0,10.0,0.0,1,600.0,600.0,10.0,0.0,1,600.0,602.0,10.0,0.0,1,600.0,597.0,10.0,0.10000000149011612,1
2026-03-23 16:29:35,2713.58,600.0,611.0,20.0,0.10000000149011612,1,600.0,601.0,20.0,0.0,1,600.0,602.0,10.0,0.0,1,600.0,602.0,10.0,0.0,1,600.0,602.0,10.0,0.0,1,600.0,590.0,10.0,0.0,1
2026-03-23 16:29:36,2714.33,600.0,602.0,20.0,0.0,1,600.0,599.0,20.0,0.0,1,600.0,602.0,10.0,0.0,1,600.0,601.0,10.0,0.0,1,600.0,597.0,10.0,0.0,1,600.0,596.0,10.0,0.0,1
2026-03-23 16:29:37,2715.1,600.0,597.0,20.0,0.0,1,600.0,601.0,20.0,0.0,1,600.0,602.0,10.0,0.0,1,600.0,600.0,10.0,0.0,1,600.0,598.0,10.0,0.0,1,600.0,602.0,10.0,0.0,1
2026-03-23 16:29:38,2715.85,600.0,597.0,20.0,0.20000000298023224,1,600.0,601.0,20.0,0.0,1,600.0,602.0,10.0,0.0,1,600.0,599.0,10.0,0.0,1,600.0,597.0,10.0,0.0,1,600.0,605.0,10.0,0.0,1
2026-03-23 16:29:38,2716.59,600.0,613.0,20.0,0.5,1,600.0,601.0,20.0,0.0,1,600.0,602.0,10.0,0.0,1,600.0,599.0,10.0,0.0,1,600.0,604.0,10.0,0.0,1,600.0,599.0,10.0,0.0,1
2026-03-23 16:29:39,2717.37,600.0,627.0,20.0,0.20000000298023224,1,600.0,601.0,20.0,0.0,1,600.0,602.0,10.0,0.0,1,600.0,600.0,10.0,0.0,1,600.0,604.0,10.0,0.0,1,600.0,605.0,10.0,0.0,1
2026-03-23 16:29:40,2718.1,600.0,591.0,20.0,0.10000000149011612,1,600.0,601.0,20.0,0.0,1,600.0,602.0,10.0,0.0,1,600.0,600.0,10.0,0.0,1,600.0,599.0,10.0,0.0,1,600.0,608.0,10.0,0.0,1
2026-03-23 16:29:41,2718.83,600.0,625.0,20.0,0.0,1,600.0,602.0,20.0,0.0,1,600.0,603.0,10.0,0.0,1,600.0,598.0,10.0,0.0,1,600.0,601.0,10.0,0.0,1,600.0,607.0,10.0,0.0,1
2026-03-23 16:29:41,2719.54,600.0,585.0,20.0,0.0,1,600.0,601.0,20.0,0.0,1,600.0,602.0,10.0,0.0,1,600.0,601.0,10.0,0.0,1,600.0,599.0,10.0,0.0,1,600.0,603.0,10.0,0.0,1
2026-03-23 16:29:42,2720.3,600.0,597.0,20.0,0.0,1,600.0,601.0,20.0,0.0,1,600.0,602.0,10.0,0.0,1,600.0,601.0,10.0,0.0,1,600.0,603.0,10.0,0.0,1,600.0,599.0,10.0,0.0,1
2026-03-23 16:29:43,2721.03,600.0,629.0,20.0,0.0,1,600.0,601.0,20.0,0.0,1,600.0,602.0,10.0,0.0,1,600.0,601.0,10.0,0.0,1,600.0,598.0,10.0,0.0,1,600.0,603.0,10.0,0.0,1
2026-03-23 16:29:44,2721.76,600.0,584.0,20.0,0.0,1,600.0,601.0,20.0,0.0,1,600.0,602.0,10.0,0.0,1,600.0,601.0,10.0,0.0,1,600.0,600.0,10.0,0.0,1,600.0,603.0,10.0,0.0,1
2026-03-23 16:29:44,2722.48,600.0,586.0,20.0,0.0,1,600.0,601.0,20.0,0.0,1,600.0,602.0,10.0,0.0,1,600.0,601.0,10.0,0.0,1,600.0,601.0,10.0,0.0,1,600.0,603.0,10.0,0.0,1
2026-03-23 16:29:45,2723.23,600.0,612.0,20.0,0.0,1,600.0,601.0,20.0,0.0,1,600.0,602.0,10.0,0.0,1,600.0,601.0,10.0,0.0,1,600.0,601.0,10.0,0.0,1,600.0,604.0,10.0,0.0,1
2026-03-23 16:29:46,2723.94,600.0,609.0,20.0,0.10000000149011612,1,600.0,600.0,20.0,0.0,1,600.0,602.0,10.0,0.0,1,600.0,601.0,10.0,0.0,1,600.0,601.0,10.0,0.0,1,600.0,603.0,10.0,0.0,1
2026-03-23 16:29:46,2724.66,600.0,593.0,20.0,0.0,1,600.0,603.0,20.0,0.0,1,600.0,602.0,10.0,0.0,1,600.0,601.0,10.0,0.0,1,600.0,603.0,10.0,0.0,1,600.0,614.0,10.0,0.0,1
2026-03-23 16:29:47,2725.4,600.0,605.0,20.0,0.30000001192092896,1,600.0,602.0,20.0,0.0,1,600.0,603.0,10.0,0.0,1,600.0,601.0,10.0,0.0,1,600.0,602.0,10.0,0.0,1,600.0,606.0,10.0,0.0,1
2026-03-23 16:29:48,2726.11,600.0,598.0,20.0,0.10000000149011612,1,600.0,601.0,20.0,0.0,1,600.0,603.0,10.0,0.0,1,600.0,601.0,10.0,0.0,1,600.0,606.0,10.0,0.0,1,600.0,609.0,10.0,0.0,1
2026-03-23 16:29:49,2726.83,600.0,590.0,20.0,0.0,1,600.0,599.0,20.0,0.0,1,600.0,603.0,10.0,0.0,1,600.0,602.0,10.0,0.0,1,600.0,603.0,10.0,0.0,1,600.0,598.0,10.0,0.0,1
2026-03-23 16:29:49,2727.57,600.0,620.0,20.0,0.20000000298023224,1,600.0,603.0,20.0,0.0,1,600.0,603.0,10.0,0.0,1,600.0,601.0,10.0,0.0,1,600.0,597.0,10.0,0.0,1,600.0,594.0,10.0,0.0,1
2026-03-23 16:29:50,2728.29,600.0,611.0,20.0,0.20000000298023224,1,600.0,601.0,20.0,0.0,1,600.0,603.0,10.0,0.0,1,600.0,602.0,10.0,0.0,1,600.0,602.0,10.0,0.0,1,600.0,602.0,10.0,0.0,1
2026-03-23 16:29:51,2729.0,600.0,593.0,20.0,0.0,1,600.0,601.0,20.0,0.0,1,600.0,601.0,10.0,0.0,1,600.0,600.0,10.0,0.0,1,600.0,602.0,10.0,0.0,1,600.0,599.0,10.0,0.0,1
2026-03-23 16:29:52,2729.73,600.0,622.0,20.0,0.10000000149011612,1,600.0,601.0,20.0,0.0,1,600.0,601.0,10.0,0.0,1,600.0,600.0,10.0,0.0,1,600.0,599.0,10.0,0.0,1,600.0,596.0,10.0,0.0,1
2026-03-23 16:29:52,2730.48,600.0,611.0,20.0,0.20000000298023224,1,600.0,601.0,20.0,0.0,1,600.0,602.0,10.0,0.0,1,600.0,603.0,10.0,0.0,1,600.0,599.0,10.0,0.0,1,600.0,604.0,10.0,0.0,1
2026-03-23 16:29:53,2731.19,600.0,587.0,20.0,0.20000000298023224,1,600.0,601.0,20.0,0.0,1,600.0,601.0,10.0,0.0,1,600.0,601.0,10.0,0.0,1,600.0,603.0,10.0,0.0,1,600.0,602.0,10.0,0.0,1
2026-03-23 16:29:54,2731.94,600.0,581.0,20.0,0.0,1,600.0,601.0,20.0,0.0,1,600.0,601.0,10.0,0.0,1,600.0,601.0,10.0,0.0,1,600.0,601.0,10.0,0.0,1,600.0,603.0,10.0,0.0,1
2026-03-23 16:29:54,2732.65,600.0,630.0,20.0,0.30000001192092896,1,600.0,600.0,20.0,0.0,1,600.0,602.0,10.0,0.0,1,600.0,601.0,10.0,0.0,1,600.0,601.0,10.0,0.0,1,600.0,603.0,10.0,0.0,1
2026-03-23 16:29:55,2733.38,600.0,607.0,20.0,0.20000000298023224,1,600.0,601.0,20.0,0.0,1,600.0,602.0,10.0,0.0,1,600.0,602.0,10.0,0.0,1,600.0,602.0,10.0,0.0,1,600.0,608.0,10.0,0.10000000149011612,1
2026-03-23 16:29:56,2734.11,600.0,583.0,20.0,0.0,1,600.0,601.0,20.0,0.0,1,600.0,602.0,10.0,0.0,1,600.0,601.0,10.0,0.0,1,600.0,602.0,10.0,0.0,1,600.0,603.0,10.0,0.0,1
2026-03-23 16:29:57,2734.85,600.0,615.0,20.0,0.30000001192092896,1,600.0,600.0,20.0,0.0,1,600.0,602.0,10.0,0.0,1,600.0,601.0,10.0,0.0,1,600.0,600.0,10.0,0.0,1,600.0,604.0,10.0,0.0,1
2026-03-23 16:29:57,2735.55,600.0,630.0,20.0,0.30000001192092896,1,600.0,601.0,20.0,0.0,1,600.0,603.0,10.0,0.0,1,600.0,602.0,10.0,0.0,1,600.0,600.0,10.0,0.0,1,600.0,599.0,10.0,0.0,1
2026-03-23 16:29:58,2736.29,600.0,609.0,20.0,0.0,1,600.0,600.0,20.0,0.0,1,600.0,603.0,10.0,0.0,1,600.0,601.0,10.0,0.0,1,600.0,601.0,10.0,0.0,1,600.0,603.0,10.0,0.0,1
2026-03-23 16:29:59,2737.0,600.0,603.0,20.0,0.0,1,600.0,601.0,20.0,0.0,1,600.0,603.0,10.0,0.0,1,600.0,603.0,10.0,0.0,1,600.0,601.0,10.0,0.0,1,600.0,603.0,10.0,0.0,1
2026-03-23 16:30:00,2737.76,600.0,596.0,20.0,0.0,1,600.0,601.0,20.0,0.0,1,600.0,602.0,10.0,0.0,1,600.0,601.0,10.0,0.0,1,600.0,601.0,10.0,0.0,1,600.0,603.0,10.0,0.0,1
2026-03-23 16:30:00,2738.49,600.0,595.0,20.0,0.0,1,600.0,601.0,20.0,0.0,1,600.0,602.0,10.0,0.0,1,600.0,601.0,10.0,0.0,1,600.0,597.0,10.0,0.0,1,600.0,604.0,10.0,0.0,1
2026-03-23 16:30:01,2739.21,600.0,604.0,20.0,0.0,1,600.0,601.0,20.0,0.0,1,600.0,602.0,10.0,0.0,1,600.0,601.0,10.0,0.0,1,600.0,600.0,10.0,0.0,1,600.0,603.0,10.0,0.0,1
2026-03-23 16:30:02,2739.92,600.0,614.0,20.0,0.20000000298023224,1,600.0,601.0,20.0,0.0,1,600.0,602.0,10.0,0.0,1,600.0,601.0,10.0,0.0,1,600.0,604.0,10.0,0.0,1,600.0,603.0,10.0,0.0,1
2026-03-23 16:30:02,2740.64,600.0,591.0,20.0,0.10000000149011612,1,600.0,601.0,20.0,0.0,1,600.0,602.0,10.0,0.0,1,600.0,601.0,10.0,0.0,1,600.0,597.0,10.0,0.0,1,600.0,605.0,10.0,0.0,1
2026-03-23 16:30:03,2741.35,600.0,614.0,20.0,0.0,1,600.0,601.0,20.0,0.0,1,600.0,602.0,10.0,0.0,1,600.0,601.0,10.0,0.0,1,600.0,604.0,10.0,0.0,1,600.0,609.0,10.0,0.0,1
2026-03-23 16:30:04,2742.07,600.0,597.0,20.0,0.0,1,600.0,601.0,20.0,0.0,1,600.0,602.0,10.0,0.0,1,600.0,601.0,10.0,0.0,1,600.0,606.0,10.0,0.0,1,600.0,602.0,10.0,0.0,1
2026-03-23 16:30:05,2742.77,600.0,595.0,20.0,0.0,1,600.0,601.0,20.0,0.0,1,600.0,602.0,10.0,0.0,1,600.0,603.0,10.0,0.0,1,600.0,603.0,10.0,0.0,1,600.0,603.0,10.0,0.0,1
2026-03-23 16:30:05,2743.51,600.0,596.0,20.0,0.0,1,600.0,599.0,20.0,0.0,1,600.0,602.0,10.0,0.0,1,600.0,602.0,10.0,0.0,1,600.0,603.0,10.0,0.0,1,600.0,613.0,10.0,0.10000000149011612,1
2026-03-23 16:30:06,2744.24,600.0,628.0,20.0,0.10000000149011612,1,600.0,600.0,20.0,0.0,1,600.0,602.0,10.0,0.0,1,600.0,602.0,10.0,0.0,1,600.0,601.0,10.0,0.0,1,600.0,599.0,10.0,0.0,1
2026-03-23 16:30:07,2744.97,600.0,573.0,20.0,0.0,1,600.0,600.0,20.0,0.0,1,600.0,602.0,10.0,0.0,1,600.0,599.0,10.0,0.0,1,600.0,602.0,10.0,0.0,1,600.0,592.0,10.0,0.0,1
2026-03-23 16:30:07,2745.67,600.0,597.0,20.0,0.0,1,600.0,599.0,20.0,0.0,1,600.0,602.0,10.0,0.0,1,600.0,601.0,10.0,0.0,1,600.0,600.0,10.0,0.0,1,600.0,603.0,10.0,0.0,1
2026-03-23 16:30:08,2746.39,600.0,615.0,20.0,0.0,1,600.0,601.0,20.0,0.0,1,600.0,602.0,10.0,0.0,1,600.0,603.0,10.0,0.0,1,600.0,600.0,10.0,0.0,1,600.0,597.0,10.0,0.10000000149011612,1
2026-03-23 16:30:09,2747.11,600.0,610.0,20.0,0.10000000149011612,1,600.0,600.0,20.0,0.0,1,600.0,603.0,10.0,0.0,1,600.0,601.0,10.0,0.0,1,600.0,601.0,10.0,0.0,1,600.0,603.0,10.0,0.0,1
2026-03-23 16:30:10,2747.82,600.0,601.0,20.0,0.0,1,600.0,601.0,20.0,0.0,1,600.0,602.0,10.0,0.0,1,600.0,600.0,10.0,0.0,1,600.0,601.0,10.0,0.0,1,600.0,605.0,10.0,0.10000000149011612,1
2026-03-23 16:30:10,2748.57,600.0,606.0,20.0,0.10000000149011612,1,600.0,601.0,20.0,0.0,1,600.0,602.0,10.0,0.0,1,600.0,600.0,10.0,0.0,1,600.0,601.0,10.0,0.0,1,600.0,595.0,10.0,0.0,1
2026-03-23 16:30:11,2749.31,600.0,598.0,20.0,0.0,1,600.0,600.0,20.0,0.0,1,600.0,602.0,10.0,0.0,1,600.0,602.0,10.0,0.0,1,600.0,600.0,10.0,0.0,1,600.0,598.0,10.0,0.0,1
2026-03-23 16:30:12,2750.03,600.0,610.0,20.0,0.0,1,600.0,600.0,20.0,0.0,1,600.0,602.0,10.0,0.0,1,600.0,600.0,10.0,0.0,1,600.0,597.0,10.0,0.0,1,600.0,614.0,10.0,0.10000000149011612,1
2026-03-23 16:30:13,2750.76,600.0,616.0,20.0,0.30000001192092896,1,600.0,601.0,20.0,0.0,1,600.0,602.0,10.0,0.0,1,600.0,600.0,10.0,0.0,1,600.0,601.0,10.0,0.0,1,600.0,608.0,10.0,0.20000000298023224,1
2026-03-23 16:30:13,2751.48,600.0,621.0,20.0,0.0,1,600.0,602.0,20.0,0.0,1,600.0,602.0,10.0,0.0,1,600.0,604.0,10.0,0.0,1,600.0,603.0,10.0,0.0,1,600.0,592.0,10.0,0.0,1
2026-03-23 16:30:14,2752.2,600.0,590.0,20.0,0.0,1,600.0,601.0,20.0,0.0,1,600.0,602.0,10.0,0.0,1,600.0,604.0,10.0,0.0,1,600.0,601.0,10.0,0.0,1,600.0,603.0,10.0,0.0,1
2026-03-23 16:30:15,2752.9,600.0,586.0,20.0,0.0,1,600.0,601.0,20.0,0.0,1,600.0,602.0,10.0,0.0,1,600.0,602.0,10.0,0.0,1,600.0,606.0,10.0,0.0,1,600.0,603.0,10.0,0.0,1
2026-03-23 16:30:15,2753.64,600.0,611.0,20.0,0.20000000298023224,1,600.0,600.0,20.0,0.0,1,600.0,602.0,10.0,0.0,1,600.0,599.0,10.0,0.0,1,600.0,603.0,10.0,0.0,1,600.0,604.0,10.0,0.0,1
2026-03-23 16:30:16,2754.37,600.0,585.0,20.0,0.20000000298023224,1,600.0,600.0,20.0,0.0,1,600.0,602.0,10.0,0.0,1,600.0,600.0,10.0,0.0,1,600.0,602.0,10.0,0.0,1,600.0,616.0,10.0,0.0,1
2026-03-23 16:30:17,2755.08,600.0,599.0,20.0,0.10000000149011612,1,600.0,602.0,20.0,0.0,1,600.0,602.0,10.0,0.0,1,600.0,602.0,10.0,0.0,1,600.0,601.0,10.0,0.0,1,600.0,583.0,10.0,0.0,1
2026-03-23 16:30:18,2755.8,600.0,600.0,20.0,0.30000001192092896,1,600.0,602.0,20.0,0.0,1,600.0,602.0,10.0,0.0,1,600.0,602.0,10.0,0.0,1,600.0,605.0,10.0,0.0,1,600.0,604.0,10.0,0.10000000149011612,1
2026-03-23 16:30:18,2756.53,600.0,609.0,20.0,0.0,1,600.0,601.0,20.0,0.0,1,600.0,602.0,10.0,0.0,1,600.0,602.0,10.0,0.0,1,600.0,600.0,10.0,0.0,1,600.0,584.0,10.0,0.0,1
2026-03-23 16:30:19,2757.25,600.0,602.0,20.0,0.0,1,600.0,601.0,20.0,0.0,1,600.0,603.0,10.0,0.0,1,600.0,602.0,10.0,0.0,1,600.0,603.0,10.0,0.0,1,600.0,602.0,10.0,0.0,1
2026-03-23 16:30:20,2757.96,600.0,630.0,20.0,0.0,1,600.0,601.0,20.0,0.0,1,600.0,603.0,10.0,0.0,1,600.0,602.0,10.0,0.0,1,600.0,598.0,10.0,0.0,1,600.0,603.0,10.0,0.0,1
2026-03-23 16:30:20,2758.7,600.0,593.0,20.0,0.0,1,600.0,601.0,20.0,0.0,1,600.0,602.0,10.0,0.0,1,600.0,602.0,10.0,0.0,1,600.0,601.0,10.0,0.0,1,600.0,604.0,10.0,0.0,1
2026-03-23 16:30:21,2759.45,600.0,615.0,20.0,0.0,1,600.0,601.0,20.0,0.0,1,600.0,602.0,10.0,0.0,1,600.0,600.0,10.0,0.0,1,600.0,601.0,10.0,0.0,1,600.0,602.0,10.0,0.0,1
2026-03-23 16:30:22,2760.17,600.0,604.0,20.0,0.0,1,600.0,601.0,20.0,0.0,1,600.0,602.0,10.0,0.0,1,600.0,601.0,10.0,0.0,1,600.0,602.0,10.0,0.0,1,600.0,602.0,10.0,0.0,1
2026-03-23 16:30:23,2760.9,600.0,606.0,20.0,0.0,1,600.0,601.0,20.0,0.0,1,600.0,602.0,10.0,0.0,1,600.0,603.0,10.0,0.0,1,600.0,602.0,10.0,0.0,1,600.0,602.0,10.0,0.0,1
2026-03-23 16:30:23,2761.65,600.0,585.0,20.0,0.0,1,600.0,601.0,20.0,0.0,1,600.0,603.0,10.0,0.0,1,600.0,601.0,10.0,0.0,1,600.0,602.0,10.0,0.0,1,600.0,601.0,10.0,0.0,1
2026-03-23 16:30:24,2762.38,600.0,617.0,20.0,0.0,1,600.0,601.0,20.0,0.0,1,600.0,603.0,10.0,0.0,1,600.0,601.0,10.0,0.0,1,600.0,602.0,10.0,0.0,1,600.0,608.0,10.0,0.0,1
2026-03-23 16:30:25,2763.11,600.0,603.0,20.0,0.20000000298023224,1,600.0,603.0,20.0,0.0,1,600.0,602.0,10.0,0.0,1,600.0,602.0,10.0,0.0,1,600.0,602.0,10.0,0.0,1,600.0,603.0,10.0,0.0,1
2026-03-23 16:30:26,2763.87,600.0,603.0,20.0,0.20000000298023224,1,600.0,603.0,20.0,0.0,1,600.0,602.0,10.0,0.0,1,600.0,600.0,10.0,0.0,1,600.0,601.0,10.0,0.0,1,600.0,603.0,10.0,0.0,1
2026-03-23 16:30:26,2764.6,600.0,617.0,20.0,0.0,1,600.0,600.0,20.0,0.0,1,600.0,602.0,10.0,0.0,1,600.0,601.0,10.0,0.0,1,600.0,601.0,10.0,0.0,1,600.0,603.0,10.0,0.0,1
2026-03-23 16:30:27,2765.33,600.0,599.0,20.0,0.0,1,600.0,602.0,20.0,0.0,1,600.0,603.0,10.0,0.0,1,600.0,603.0,10.0,0.0,1,600.0,604.0,10.0,0.0,1,600.0,594.0,10.0,0.10000000149011612,1
2026-03-23 16:30:28,2766.04,600.0,635.0,20.0,0.0,1,600.0,601.0,20.0,0.0,1,600.0,602.0,10.0,0.0,1,600.0,602.0,10.0,0.0,1,600.0,598.0,10.0,0.0,1,600.0,604.0,10.0,0.10000000149011612,1
2026-03-23 16:30:29,2766.77,600.0,598.0,20.0,0.0,1,600.0,602.0,20.0,0.0,1,600.0,602.0,10.0,0.0,1,600.0,598.0,10.0,0.0,1,600.0,598.0,10.0,0.0,1,600.0,603.0,10.0,0.10000000149011612,1
2026-03-23 16:30:29,2767.51,600.0,592.0,20.0,0.0,1,600.0,600.0,20.0,0.0,1,600.0,602.0,10.0,0.0,1,600.0,599.0,10.0,0.0,1,600.0,601.0,10.0,0.0,1,600.0,604.0,10.0,0.10000000149011612,1
2026-03-23 16:30:30,2768.23,600.0,611.0,20.0,0.20000000298023224,1,600.0,601.0,20.0,0.0,1,600.0,602.0,10.0,0.0,1,600.0,600.0,10.0,0.0,1,600.0,597.0,10.0,0.0,1,600.0,604.0,10.0,0.0,1
2026-03-23 16:30:31,2768.94,600.0,595.0,20.0,0.0,1,600.0,599.0,20.0,0.0,1,600.0,603.0,10.0,0.0,1,600.0,600.0,10.0,0.0,1,600.0,601.0,10.0,0.0,1,600.0,613.0,10.0,0.0,1
2026-03-23 16:30:31,2769.65,600.0,595.0,20.0,0.0,1,600.0,600.0,20.0,0.0,1,600.0,603.0,10.0,0.0,1,600.0,602.0,10.0,0.0,1,600.0,596.0,10.0,0.0,1,600.0,614.0,10.0,0.0,1
2026-03-23 16:30:32,2770.38,600.0,595.0,20.0,0.0,1,600.0,602.0,20.0,0.0,1,600.0,603.0,10.0,0.0,1,600.0,600.0,10.0,0.0,1,600.0,599.0,10.0,0.0,1,600.0,595.0,10.0,0.0,1
2026-03-23 16:30:33,2771.09,600.0,605.0,20.0,0.0,1,600.0,600.0,20.0,0.0,1,600.0,603.0,10.0,0.0,1,600.0,601.0,10.0,0.0,1,600.0,599.0,10.0,0.0,1,600.0,606.0,10.0,0.10000000149011612,1
2026-03-23 16:30:34,2771.8,600.0,619.0,20.0,0.20000000298023224,1,600.0,601.0,20.0,0.0,1,600.0,602.0,10.0,0.0,1,600.0,605.0,10.0,0.0,1,600.0,606.0,10.0,0.0,1,600.0,605.0,10.0,0.0,1
2026-03-23 16:30:34,2772.51,600.0,605.0,20.0,0.20000000298023224,1,600.0,601.0,20.0,0.0,1,600.0,600.0,10.0,0.0,1,600.0,600.0,10.0,0.0,1,600.0,601.0,10.0,0.0,1,600.0,604.0,10.0,0.0,1
2026-03-23 16:30:35,2773.24,600.0,608.0,20.0,0.0,1,600.0,600.0,20.0,0.0,1,600.0,602.0,10.0,0.0,1,600.0,601.0,10.0,0.0,1,600.0,600.0,10.0,0.0,1,600.0,609.0,10.0,0.0,1
2026-03-23 16:30:36,2773.96,600.0,615.0,20.0,0.10000000149011612,1,600.0,601.0,20.0,0.0,1,600.0,602.0,10.0,0.0,1,600.0,602.0,10.0,0.0,1,600.0,603.0,10.0,0.0,1,600.0,604.0,10.0,0.0,1
2026-03-23 16:30:36,2774.7,600.0,602.0,20.0,0.30000001192092896,1,600.0,601.0,20.0,0.0,1,600.0,602.0,10.0,0.0,1,600.0,600.0,10.0,0.0,1,600.0,600.0,10.0,0.0,1,600.0,606.0,10.0,0.0,1
2026-03-23 16:30:37,2775.41,600.0,617.0,20.0,0.0,1,600.0,601.0,20.0,0.0,1,600.0,602.0,10.0,0.0,1,600.0,601.0,10.0,0.0,1,600.0,603.0,10.0,0.0,1,600.0,601.0,10.0,0.0,1
2026-03-23 16:30:38,2776.14,600.0,609.0,20.0,0.0,1,600.0,601.0,20.0,0.0,1,600.0,602.0,10.0,0.0,1,600.0,601.0,10.0,0.0,1,600.0,602.0,10.0,0.0,1,600.0,610.0,10.0,0.0,1
2026-03-23 16:30:39,2776.85,600.0,595.0,20.0,0.0,1,600.0,601.0,20.0,0.0,1,600.0,602.0,10.0,0.0,1,600.0,601.0,10.0,0.0,1,600.0,601.0,10.0,0.0,1,600.0,598.0,10.0,0.0,1
2026-03-23 16:30:39,2777.57,600.0,611.0,20.0,0.10000000149011612,1,600.0,601.0,20.0,0.0,1,600.0,602.0,10.0,0.0,1,600.0,601.0,10.0,0.0,1,600.0,603.0,10.0,0.0,1,600.0,603.0,10.0,0.0,1
2026-03-23 16:30:40,2778.33,600.0,621.0,20.0,0.0,1,600.0,601.0,20.0,0.0,1,600.0,602.0,10.0,0.0,1,600.0,602.0,10.0,0.0,1,600.0,602.0,10.0,0.0,1,600.0,603.0,10.0,0.0,1
2026-03-23 16:30:41,2779.04,600.0,615.0,20.0,0.0,1,600.0,602.0,20.0,0.0,1,600.0,603.0,10.0,0.0,1,600.0,602.0,10.0,0.0,1,600.0,599.0,10.0,0.0,1,600.0,602.0,10.0,0.0,1
2026-03-23 16:30:42,2779.76,600.0,604.0,20.0,0.0,1,600.0,601.0,20.0,0.0,1,600.0,603.0,10.0,0.0,1,600.0,599.0,10.0,0.0,1,600.0,602.0,10.0,0.0,1,600.0,603.0,10.0,0.0,1
2026-03-23 16:30:42,2780.49,600.0,602.0,20.0,0.0,1,600.0,603.0,20.0,0.0,1,600.0,603.0,10.0,0.0,1,600.0,604.0,10.0,0.0,1,600.0,601.0,10.0,0.0,1,600.0,603.0,10.0,0.0,1
2026-03-23 16:30:43,2781.2,600.0,602.0,20.0,0.0,1,600.0,601.0,20.0,0.0,1,600.0,603.0,10.0,0.0,1,600.0,602.0,10.0,0.0,1,600.0,599.0,10.0,0.0,1,600.0,604.0,10.0,0.0,1
2026-03-23 16:30:44,2781.92,600.0,577.0,20.0,0.0,1,600.0,601.0,20.0,0.0,1,600.0,602.0,10.0,0.0,1,600.0,602.0,10.0,0.0,1,600.0,600.0,10.0,0.0,1,600.0,598.0,10.0,0.0,1
2026-03-23 16:30:44,2782.66,600.0,619.0,20.0,0.0,1,600.0,601.0,20.0,0.0,1,600.0,602.0,10.0,0.0,1,600.0,601.0,10.0,0.0,1,600.0,599.0,10.0,0.0,1,600.0,596.0,10.0,0.0,1
2026-03-23 16:30:45,2783.39,600.0,583.0,20.0,0.0,1,600.0,601.0,20.0,0.0,1,600.0,603.0,10.0,0.0,1,600.0,602.0,10.0,0.0,1,600.0,601.0,10.0,0.0,1,600.0,603.0,10.0,0.0,1
2026-03-23 16:30:46,2784.16,600.0,585.0,20.0,0.0,1,600.0,601.0,20.0,0.0,1,600.0,603.0,10.0,0.0,1,600.0,602.0,10.0,0.0,1,600.0,601.0,10.0,0.0,1,600.0,617.0,10.0,0.0,1
2026-03-23 16:30:47,2784.93,600.0,615.0,20.0,0.10000000149011612,1,600.0,601.0,20.0,0.0,1,600.0,602.0,10.0,0.0,1,600.0,602.0,10.0,0.0,1,600.0,604.0,10.0,0.0,1,600.0,603.0,10.0,0.0,1
2026-03-23 16:30:47,2785.68,600.0,605.0,20.0,0.10000000149011612,1,600.0,600.0,20.0,0.0,1,600.0,602.0,10.0,0.0,1,600.0,602.0,10.0,0.0,1,600.0,604.0,10.0,0.0,1,600.0,603.0,10.0,0.0,1
2026-03-23 16:30:48,2786.41,600.0,614.0,20.0,0.0,1,600.0,600.0,20.0,0.0,1,600.0,602.0,10.0,0.0,1,600.0,601.0,10.0,0.0,1,600.0,599.0,10.0,0.0,1,600.0,604.0,10.0,0.0,1
2026-03-23 16:30:49,2787.14,600.0,600.0,20.0,0.0,1,600.0,599.0,20.0,0.0,1,600.0,602.0,10.0,0.0,1,600.0,601.0,10.0,0.0,1,600.0,603.0,10.0,0.0,1,600.0,600.0,10.0,0.0,1
2026-03-23 16:30:50,2787.87,600.0,585.0,20.0,0.0,1,600.0,600.0,20.0,0.0,1,600.0,603.0,10.0,0.0,1,600.0,600.0,10.0,0.0,1,600.0,597.0,10.0,0.0,1,600.0,604.0,10.0,0.0,1
2026-03-23 16:30:50,2788.6,600.0,625.0,20.0,0.0,1,600.0,601.0,20.0,0.0,1,600.0,603.0,10.0,0.0,1,600.0,602.0,10.0,0.0,1,600.0,603.0,10.0,0.0,1,600.0,605.0,10.0,0.0,1
2026-03-23 16:30:51,2789.34,600.0,609.0,20.0,0.0,1,600.0,601.0,20.0,0.0,1,600.0,602.0,10.0,0.0,1,600.0,601.0,10.0,0.0,1,600.0,601.0,10.0,0.0,1,600.0,602.0,10.0,0.0,1
2026-03-23 16:30:52,2790.07,600.0,589.0,20.0,0.0,1,600.0,601.0,20.0,0.0,1,600.0,602.0,10.0,0.0,1,600.0,603.0,10.0,0.0,1,600.0,602.0,10.0,0.0,1,600.0,603.0,10.0,0.0,1
2026-03-23 16:30:53,2790.8,600.0,593.0,20.0,0.0,1,600.0,601.0,20.0,0.0,1,600.0,603.0,10.0,0.0,1,600.0,603.0,10.0,0.0,1,600.0,601.0,10.0,0.0,1,600.0,603.0,10.0,0.0,1
2026-03-23 16:30:53,2791.54,600.0,617.0,20.0,0.0,1,600.0,601.0,20.0,0.0,1,600.0,602.0,10.0,0.0,1,600.0,602.0,10.0,0.0,1,600.0,600.0,10.0,0.0,1,600.0,604.0,10.0,0.0,1
2026-03-23 16:30:54,2792.3,600.0,603.0,20.0,0.0,1,600.0,600.0,20.0,0.0,1,600.0,602.0,10.0,0.0,1,600.0,602.0,10.0,0.0,1,600.0,600.0,10.0,0.0,1,600.0,603.0,10.0,0.0,1
2026-03-23 16:30:55,2793.05,600.0,587.0,20.0,0.0,1,600.0,601.0,20.0,0.0,1,600.0,602.0,10.0,0.0,1,600.0,602.0,10.0,0.0,1,600.0,608.0,10.0,0.0,1,600.0,603.0,10.0,0.0,1
2026-03-23 16:30:56,2793.8,600.0,608.0,20.0,0.10000000149011612,1,600.0,601.0,20.0,0.0,1,600.0,602.0,10.0,0.0,1,600.0,602.0,10.0,0.0,1,600.0,605.0,10.0,0.0,1,600.0,603.0,10.0,0.0,1
2026-03-23 16:30:56,2794.56,600.0,598.0,20.0,0.30000001192092896,1,600.0,601.0,20.0,0.0,1,600.0,602.0,10.0,0.0,1,600.0,602.0,10.0,0.0,1,600.0,601.0,10.0,0.0,1,600.0,603.0,10.0,0.0,1
2026-03-23 16:30:57,2795.35,600.0,629.0,20.0,0.5,1,600.0,611.0,20.0,0.0,1,600.0,601.0,10.0,0.0,1,600.0,601.0,10.0,0.0,1,600.0,600.0,10.0,0.0,1,600.0,603.0,10.0,0.0,1
2026-03-23 16:30:58,2796.13,600.0,603.0,20.0,0.0,1,600.0,593.0,20.0,0.0,1,600.0,602.0,10.0,0.0,1,600.0,601.0,10.0,0.0,1,600.0,600.0,10.0,0.0,1,600.0,608.0,10.0,0.10000000149011612,1
2026-03-23 16:30:59,2796.92,600.0,611.0,20.0,0.0,1,600.0,601.0,20.0,0.0,1,600.0,603.0,10.0,0.0,1,600.0,600.0,10.0,0.0,1,600.0,603.0,10.0,0.0,1,600.0,605.0,10.0,0.10000000149011612,1
2026-03-23 16:30:59,2797.69,600.0,608.0,20.0,0.20000000298023224,1,600.0,601.0,20.0,0.0,1,600.0,602.0,10.0,0.0,1,600.0,602.0,10.0,0.0,1,600.0,606.0,10.0,0.0,1,600.0,605.0,10.0,0.10000000149011612,1
2026-03-23 16:31:00,2798.44,600.0,598.0,20.0,0.0,1,600.0,602.0,20.0,0.0,1,600.0,601.0,10.0,0.0,1,600.0,602.0,10.0,0.0,1,600.0,604.0,10.0,0.0,1,600.0,603.0,10.0,0.0,1
2026-03-23 16:31:01,2799.18,600.0,618.0,20.0,0.20000000298023224,1,600.0,601.0,20.0,0.0,1,600.0,603.0,10.0,0.0,1,600.0,601.0,10.0,0.0,1,600.0,600.0,10.0,0.0,1,600.0,602.0,10.0,0.0,1
2026-03-23 16:31:02,2799.94,600.0,598.0,20.0,0.0,1,600.0,600.0,20.0,0.0,1,600.0,602.0,10.0,0.0,1,600.0,601.0,10.0,0.0,1,600.0,597.0,10.0,0.0,1,600.0,618.0,10.0,0.10000000149011612,1
2026-03-23 16:31:02,2800.66,600.0,607.0,20.0,0.0,1,600.0,600.0,20.0,0.0,1,600.0,602.0,10.0,0.0,1,600.0,602.0,10.0,0.0,1,600.0,602.0,10.0,0.0,1,600.0,594.0,10.0,0.0,1
2026-03-23 16:31:03,2801.42,600.0,593.0,20.0,0.0,1,600.0,600.0,20.0,0.0,1,600.0,603.0,10.0,0.0,1,600.0,602.0,10.0,0.0,1,600.0,599.0,10.0,0.0,1,600.0,603.0,10.0,0.0,1
2026-03-23 16:31:04,2802.16,600.0,583.0,20.0,0.0,1,600.0,601.0,20.0,0.0,1,600.0,602.0,10.0,0.0,1,600.0,601.0,10.0,0.0,1,600.0,601.0,10.0,0.0,1,600.0,602.0,10.0,0.0,1
2026-03-23 16:31:05,2802.9,600.0,627.0,20.0,0.0,1,600.0,601.0,20.0,0.0,1,600.0,601.0,10.0,0.0,1,600.0,602.0,10.0,0.0,1,600.0,601.0,10.0,0.0,1,600.0,604.0,10.0,0.0,1
2026-03-23 16:31:05,2803.64,600.0,611.0,20.0,0.0,1,600.0,601.0,20.0,0.0,1,600.0,602.0,10.0,0.0,1,600.0,602.0,10.0,0.0,1,600.0,601.0,10.0,0.0,1,600.0,598.0,10.0,0.0,1
2026-03-23 16:31:06,2804.39,600.0,587.0,20.0,0.0,1,600.0,601.0,20.0,0.0,1,600.0,602.0,10.0,0.0,1,600.0,602.0,10.0,0.0,1,600.0,601.0,10.0,0.0,1,600.0,603.0,10.0,0.0,1
2026-03-23 16:31:07,2805.13,600.0,596.0,20.0,0.0,1,600.0,600.0,20.0,0.0,1,600.0,602.0,10.0,0.0,1,600.0,603.0,10.0,0.0,1,600.0,602.0,10.0,0.0,1,600.0,621.0,10.0,0.0,1
2026-03-23 16:31:08,2805.86,0.0,610.0,20.0,0.4000000059604645,1,0.0,601.0,20.0,0.0,1,0.0,603.0,10.0,0.0,1,0.0,603.0,10.0,0.0,1,0.0,599.0,10.0,0.0,1,0.0,586.0,10.0,0.0,1
2026-03-23 16:31:08,2806.65,0.0,619.0,20.0,0.699999988079071,1,0.0,600.0,20.0,0.0,1,0.0,600.0,10.0,0.0,1,0.0,601.0,10.0,0.0,1,0.0,603.0,10.0,0.0,1,0.0,603.0,10.0,0.0,1
2026-03-23 16:31:09,2807.4,0.0,587.0,20.0,0.0,1,0.0,593.0,20.0,0.0,1,0.0,597.0,10.0,0.0,1,0.0,597.0,10.0,0.0,1,0.0,597.0,10.0,0.0,1,0.0,599.0,10.0,0.0,1
2026-03-23 16:31:10,2808.13,0.0,603.0,20.0,0.0,1,0.0,590.0,20.0,0.0,1,0.0,590.0,10.0,0.0,1,0.0,590.0,10.0,0.0,1,0.0,590.0,10.0,0.0,1,0.0,593.0,10.0,0.0,1
2026-03-23 16:31:11,2808.86,0.0,589.0,20.0,0.30000001192092896,1,0.0,582.0,20.0,0.0,1,0.0,584.0,10.0,0.0,1,0.0,584.0,10.0,0.0,1,0.0,585.0,10.0,0.0,1,0.0,586.0,10.0,0.0,1
2026-03-23 16:31:11,2809.6,0.0,558.0,20.0,0.0,1,0.0,576.0,20.0,0.0,1,0.0,580.0,10.0,0.0,1,0.0,579.0,10.0,0.0,1,0.0,578.0,10.0,0.0,1,0.0,582.0,10.0,0.0,1
2026-03-23 16:31:12,2810.35,0.0,579.0,20.0,0.0,1,0.0,558.0,20.0,0.0,1,0.0,559.0,10.0,0.0,1,0.0,559.0,10.0,0.0,1,0.0,560.0,10.0,0.0,1,0.0,562.0,10.0,0.0,1
2026-03-23 16:31:13,2811.12,0.0,560.0,20.0,0.0,1,0.0,552.0,20.0,0.0,1,0.0,554.0,10.0,0.0,1,0.0,552.0,10.0,0.0,1,0.0,555.0,10.0,0.0,1,0.0,557.0,10.0,0.0,1
2026-03-23 16:31:14,2811.88,0.0,543.0,20.0,0.0,1,0.0,546.0,20.0,0.0,1,0.0,548.0,10.0,0.0,1,0.0,548.0,10.0,0.0,1,0.0,546.0,10.0,0.0,1,0.0,548.0,10.0,0.0,1
2026-03-23 16:31:14,2812.66,0.0,550.0,20.0,0.0,1,0.0,541.0,20.0,0.0,1,0.0,542.0,10.0,0.0,1,0.0,541.0,10.0,0.0,1,0.0,541.0,10.0,0.0,1,0.0,544.0,10.0,0.0,1
2026-03-23 16:31:15,2813.39,0.0,531.0,20.0,0.0,1,0.0,532.0,20.0,0.0,1,0.0,534.0,10.0,0.0,1,0.0,534.0,10.0,0.0,1,0.0,533.0,10.0,0.0,1,0.0,536.0,10.0,0.0,1
2026-03-23 16:31:16,2814.12,0.0,543.0,20.0,0.0,1,0.0,526.0,20.0,0.0,1,0.0,529.0,10.0,0.0,1,0.0,530.0,10.0,0.0,1,0.0,528.0,10.0,0.0,1,0.0,530.0,10.0,0.0,1
2026-03-23 16:31:17,2814.89,0.0,512.0,20.0,0.0,1,0.0,520.0,20.0,0.0,1,0.0,523.0,10.0,0.0,1,0.0,523.0,10.0,0.0,1,0.0,522.0,10.0,0.0,1,0.0,525.0,10.0,0.0,1
2026-03-23 16:31:17,2815.62,0.0,513.0,20.0,0.0,1,0.0,515.0,20.0,0.0,1,0.0,516.0,10.0,0.0,1,0.0,519.0,10.0,0.0,1,0.0,516.0,10.0,0.0,1,0.0,518.0,10.0,0.0,1
2026-03-23 16:31:18,2816.39,0.0,509.0,20.0,0.0,1,0.0,509.0,20.0,0.0,1,0.0,511.0,10.0,0.0,1,0.0,510.0,10.0,0.0,1,0.0,510.0,10.0,0.0,1,0.0,513.0,10.0,0.0,1
2026-03-23 16:31:19,2817.14,0.0,509.0,20.0,0.10000000149011612,1,0.0,503.0,20.0,0.0,1,0.0,504.0,10.0,0.0,1,0.0,503.0,10.0,0.0,1,0.0,505.0,10.0,0.0,1,0.0,507.0,10.0,0.0,1
2026-03-23 16:31:20,2817.9,0.0,524.0,20.0,0.10000000149011612,1,0.0,496.0,20.0,0.0,1,0.0,498.0,10.0,0.0,1,0.0,498.0,10.0,0.0,1,0.0,496.0,10.0,0.0,1,0.0,499.0,10.0,0.0,1
2026-03-23 16:31:21,2818.72,0.0,491.0,20.0,0.0,1,0.0,483.0,20.0,0.0,1,0.0,485.0,10.0,0.0,1,0.0,486.0,10.0,0.0,1,0.0,485.0,10.0,0.0,1,0.0,488.0,10.0,0.0,1
2026-03-23 16:31:21,2819.48,0.0,474.0,20.0,0.0,1,0.0,471.0,20.0,0.0,1,0.0,474.0,10.0,0.0,1,0.0,474.0,10.0,0.0,1,0.0,473.0,10.0,0.0,1,0.0,476.0,10.0,0.0,1
2026-03-23 16:31:22,2820.23,0.0,467.0,20.0,0.0,1,0.0,465.0,20.0,0.0,1,0.0,468.0,10.0,0.0,1,0.0,469.0,10.0,0.0,1,0.0,465.0,10.0,0.0,1,0.0,468.0,10.0,0.0,1
2026-03-23 16:31:23,2820.96,0.0,460.0,20.0,0.0,1,0.0,458.0,20.0,0.0,1,0.0,461.0,10.0,0.0,1,0.0,462.0,10.0,0.0,1,0.0,460.0,10.0,0.0,1,0.0,464.0,10.0,0.0,1
2026-03-23 16:31:23,2821.69,0.0,457.0,20.0,0.0,1,0.0,453.0,20.0,0.0,1,0.0,456.0,10.0,0.0,1,0.0,455.0,10.0,0.0,1,0.0,456.0,10.0,0.0,1,0.0,456.0,10.0,0.0,1
2026-03-23 16:31:24,2822.43,0.0,450.0,20.0,0.0,1,0.0,446.0,20.0,0.0,1,0.0,449.0,10.0,0.0,1,0.0,449.0,10.0,0.0,1,0.0,448.0,10.0,0.0,1,0.0,451.0,10.0,0.0,1
2026-03-23 16:31:25,2823.18,0.0,444.0,20.0,0.0,1,0.0,440.0,20.0,0.0,1,0.0,443.0,10.0,0.0,1,0.0,444.0,10.0,0.0,1,0.0,441.0,10.0,0.0,1,0.0,442.0,10.0,0.0,1
2026-03-23 16:31:26,2823.94,0.0,438.0,20.0,0.0,1,0.0,434.0,20.0,0.0,1,0.0,438.0,10.0,0.0,1,0.0,435.0,10.0,0.0,1,0.0,435.0,10.0,0.0,1,0.0,436.0,10.0,0.0,1
2026-03-23 16:31:27,2824.73,0.0,434.0,20.0,0.0,1,0.0,427.0,20.0,0.0,1,0.0,430.0,10.0,0.0,1,0.0,430.0,10.0,0.0,1,0.0,430.0,10.0,0.0,1,0.0,433.0,10.0,0.0,1
2026-03-23 16:31:27,2825.48,0.0,420.0,20.0,0.0,1,0.0,416.0,20.0,0.0,1,0.0,418.0,10.0,0.0,1,0.0,418.0,10.0,0.0,1,0.0,418.0,10.0,0.0,1,0.0,419.0,10.0,0.0,1
2026-03-23 16:31:28,2826.23,0.0,414.0,20.0,0.0,1,0.0,410.0,20.0,0.0,1,0.0,412.0,10.0,0.0,1,0.0,411.0,10.0,0.0,1,0.0,410.0,10.0,0.0,1,0.0,412.0,10.0,0.0,1
2026-03-23 16:31:29,2826.99,0.0,407.0,20.0,0.0,1,0.0,403.0,20.0,0.0,1,0.0,407.0,10.0,0.0,1,0.0,406.0,10.0,0.0,1,0.0,406.0,10.0,0.0,1,0.0,408.0,10.0,0.0,1
2026-03-23 16:31:30,2827.73,0.0,402.0,20.0,0.0,1,0.0,397.0,20.0,0.0,1,0.0,400.0,10.0,0.0,1,0.0,399.0,10.0,0.0,1,0.0,399.0,10.0,0.0,1,0.0,400.0,10.0,0.0,1
2026-03-23 16:31:30,2828.47,0.0,389.0,20.0,0.0,1,0.0,384.0,20.0,0.0,1,0.0,388.0,10.0,0.0,1,0.0,388.0,10.0,0.0,1,0.0,386.0,10.0,0.0,1,0.0,390.0,10.0,0.0,1
2026-03-23 16:31:31,2829.21,0.0,382.0,20.0,0.0,1,0.0,378.0,20.0,0.0,1,0.0,383.0,10.0,0.0,1,0.0,380.0,10.0,0.0,1,0.0,381.0,10.0,0.0,1,0.0,383.0,10.0,0.0,1
2026-03-23 16:31:32,2829.96,0.0,376.0,20.0,0.0,1,0.0,372.0,20.0,0.0,1,0.0,376.0,10.0,0.0,1,0.0,375.0,10.0,0.0,1,0.0,375.0,10.0,0.0,1,0.0,377.0,10.0,0.0,1
2026-03-23 16:31:33,2830.71,0.0,370.0,20.0,0.0,1,0.0,366.0,20.0,0.0,1,0.0,369.0,10.0,0.0,1,0.0,369.0,10.0,0.0,1,0.0,368.0,10.0,0.0,1,0.0,369.0,10.0,0.0,1
2026-03-23 16:31:33,2831.45,0.0,365.0,20.0,0.0,1,0.0,360.0,20.0,0.0,1,0.0,364.0,10.0,0.0,1,0.0,362.0,10.0,0.0,1,0.0,362.0,10.0,0.0,1,0.0,363.0,10.0,0.0,1
2026-03-23 16:31:34,2832.19,0.0,358.0,20.0,0.0,1,0.0,353.0,20.0,0.0,1,0.0,357.0,10.0,0.0,1,0.0,356.0,10.0,0.0,1,0.0,356.0,10.0,0.0,1,0.0,357.0,10.0,0.0,1
2026-03-23 16:31:35,2832.9,0.0,352.0,20.0,0.0,1,0.0,348.0,20.0,0.0,1,0.0,352.0,10.0,0.0,1,0.0,350.0,10.0,0.0,1,0.0,349.0,10.0,0.0,1,0.0,352.0,10.0,0.0,1
2026-03-23 16:31:35,2833.62,0.0,345.0,20.0,0.0,1,0.0,341.0,20.0,0.0,1,0.0,346.0,10.0,0.0,1,0.0,344.0,10.0,0.0,1,0.0,344.0,10.0,0.0,1,0.0,345.0,10.0,0.0,1
2026-03-23 16:31:36,2834.35,0.0,340.0,20.0,0.0,1,0.0,335.0,20.0,0.0,1,0.0,339.0,10.0,0.0,1,0.0,337.0,10.0,0.0,1,0.0,338.0,10.0,0.0,1,0.0,340.0,10.0,0.0,1
2026-03-23 16:31:37,2835.06,0.0,335.0,20.0,0.0,1,0.0,329.0,20.0,0.0,1,0.0,333.0,10.0,0.0,1,0.0,332.0,10.0,0.0,1,0.0,332.0,10.0,0.0,1,0.0,333.0,10.0,0.0,1
2026-03-23 16:31:38,2835.78,0.0,328.0,20.0,0.0,1,0.0,322.0,20.0,0.0,1,0.0,327.0,10.0,0.0,1,0.0,325.0,10.0,0.0,1,0.0,325.0,10.0,0.0,1,0.0,327.0,10.0,0.0,1
2026-03-23 16:31:38,2836.51,0.0,315.0,20.0,0.0,1,0.0,311.0,20.0,0.0,1,0.0,315.0,10.0,0.0,1,0.0,313.0,10.0,0.0,1,0.0,313.0,10.0,0.0,1,0.0,315.0,10.0,0.0,1
2026-03-23 16:31:39,2837.22,0.0,303.0,20.0,0.0,1,0.0,297.0,20.0,0.0,1,0.0,303.0,10.0,0.0,1,0.0,301.0,10.0,0.0,1,0.0,301.0,10.0,0.0,1,0.0,302.0,10.0,0.0,1
2026-03-23 16:31:40,2837.98,0.0,297.0,20.0,0.0,1,0.0,293.0,20.0,0.0,1,0.0,296.0,10.0,0.0,1,0.0,296.0,10.0,0.0,1,0.0,295.0,10.0,0.0,1,0.0,296.0,10.0,0.0,1
2026-03-23 16:31:41,2838.71,0.0,291.0,20.0,0.0,1,0.0,287.0,20.0,0.0,1,0.0,290.0,10.0,0.0,1,0.0,290.0,10.0,0.0,1,0.0,289.0,10.0,0.0,1,0.0,291.0,10.0,0.0,1
2026-03-23 16:31:41,2839.45,0.0,284.0,20.0,0.0,1,0.0,279.0,20.0,0.0,1,0.0,284.0,10.0,0.0,1,0.0,283.0,10.0,0.0,1,0.0,282.0,10.0,0.0,1,0.0,284.0,10.0,0.0,1
2026-03-23 16:31:42,2840.16,0.0,278.0,20.0,0.0,1,0.0,273.0,20.0,0.0,1,0.0,278.0,10.0,0.0,1,0.0,277.0,10.0,0.0,1,0.0,276.0,10.0,0.0,1,0.0,277.0,10.0,0.0,1
2026-03-23 16:31:43,2840.88,0.0,272.0,20.0,0.0,1,0.0,267.0,20.0,0.0,1,0.0,271.0,10.0,0.0,1,0.0,270.0,10.0,0.0,1,0.0,270.0,10.0,0.0,1,0.0,272.0,10.0,0.0,1
2026-03-23 16:31:43,2841.62,0.0,266.0,20.0,0.0,1,0.0,260.0,20.0,0.0,1,0.0,266.0,10.0,0.0,1,0.0,264.0,10.0,0.0,1,0.0,263.0,10.0,0.0,1,0.0,265.0,10.0,0.0,1
2026-03-23 16:31:44,2842.37,0.0,261.0,20.0,0.0,1,0.0,255.0,20.0,0.0,1,0.0,259.0,10.0,0.0,1,0.0,259.0,10.0,0.0,1,0.0,258.0,10.0,0.0,1,0.0,260.0,10.0,0.0,1
2026-03-23 16:31:45,2843.13,0.0,255.0,20.0,0.0,1,0.0,250.0,20.0,0.0,1,0.0,253.0,10.0,0.0,1,0.0,252.0,10.0,0.0,1,0.0,251.0,10.0,0.0,1,0.0,252.0,10.0,0.0,1
2026-03-23 16:31:46,2843.87,0.0,248.0,20.0,0.0,1,0.0,242.0,20.0,0.0,1,0.0,247.0,10.0,0.0,1,0.0,246.0,10.0,0.0,1,0.0,245.0,10.0,0.0,1,0.0,247.0,10.0,0.0,1
2026-03-23 16:31:46,2844.62,0.0,242.0,20.0,0.0,1,0.0,236.0,20.0,0.0,1,0.0,241.0,10.0,0.0,1,0.0,240.0,10.0,0.0,1,0.0,239.0,10.0,0.0,1,0.0,242.0,10.0,0.0,1
2026-03-23 16:31:47,2845.36,0.0,236.0,20.0,0.0,1,0.0,230.0,20.0,0.0,1,0.0,235.0,10.0,0.0,1,0.0,234.0,10.0,0.0,1,0.0,233.0,10.0,0.0,1,0.0,234.0,10.0,0.0,1
2026-03-23 16:31:48,2846.07,0.0,230.0,20.0,0.0,1,0.0,224.0,20.0,0.0,1,0.0,230.0,10.0,0.0,1,0.0,228.0,10.0,0.0,1,0.0,227.0,10.0,0.0,1,0.0,228.0,10.0,0.0,1
2026-03-23 16:31:49,2846.78,0.0,217.0,20.0,0.0,1,0.0,211.0,20.0,0.0,1,0.0,216.0,10.0,0.0,1,0.0,216.0,10.0,0.0,1,0.0,215.0,10.0,0.0,1,0.0,216.0,10.0,0.0,1
2026-03-23 16:31:49,2847.5,0.0,205.0,20.0,0.0,1,0.0,199.0,20.0,0.0,1,0.0,204.0,10.0,0.0,1,0.0,203.0,10.0,0.0,1,0.0,203.0,10.0,0.0,1,0.0,204.0,10.0,0.0,1
2026-03-23 16:31:50,2848.2,0.0,199.0,20.0,0.0,1,0.0,192.0,20.0,0.0,1,0.0,198.0,10.0,0.0,1,0.0,196.0,10.0,0.0,1,0.0,196.0,10.0,0.0,1,0.0,198.0,10.0,0.0,1
2026-03-23 16:31:51,2848.92,0.0,193.0,20.0,0.0,1,0.0,186.0,20.0,0.0,1,0.0,192.0,10.0,0.0,1,0.0,191.0,10.0,0.0,1,0.0,190.0,10.0,0.0,1,0.0,192.0,10.0,0.0,1
2026-03-23 16:31:51,2849.65,0.0,186.0,20.0,0.0,1,0.0,179.0,20.0,0.0,1,0.0,185.0,10.0,0.0,1,0.0,185.0,10.0,0.0,1,0.0,184.0,10.0,0.0,1,0.0,186.0,10.0,0.0,1
2026-03-23 16:31:52,2850.39,0.0,181.0,20.0,0.0,1,0.0,174.0,20.0,0.0,1,0.0,179.0,10.0,0.0,1,0.0,179.0,10.0,0.0,1,0.0,178.0,10.0,0.0,1,0.0,179.0,10.0,0.0,1
2026-03-23 16:31:53,2851.12,0.0,174.0,20.0,0.0,1,0.0,168.0,20.0,0.0,1,0.0,173.0,10.0,0.0,1,0.0,172.0,10.0,0.0,1,0.0,171.0,10.0,0.0,1,0.0,173.0,10.0,0.0,1
2026-03-23 16:31:54,2851.85,0.0,168.0,20.0,0.0,1,0.0,161.0,20.0,0.0,1,0.0,167.0,10.0,0.0,1,0.0,167.0,10.0,0.0,1,0.0,166.0,10.0,0.0,1,0.0,167.0,10.0,0.0,1
2026-03-23 16:31:54,2852.58,0.0,162.0,20.0,0.0,1,0.0,155.0,20.0,0.0,1,0.0,161.0,10.0,0.0,1,0.0,160.0,10.0,0.0,1,0.0,159.0,10.0,0.0,1,0.0,160.0,10.0,0.0,1
2026-03-23 16:31:55,2853.31,0.0,156.0,20.0,0.0,1,0.0,149.0,20.0,0.0,1,0.0,155.0,10.0,0.0,1,0.0,154.0,10.0,0.0,1,0.0,153.0,10.0,0.0,1,0.0,155.0,10.0,0.0,1
2026-03-23 16:31:56,2854.03,0.0,149.0,20.0,0.0,1,0.0,142.0,20.0,0.0,1,0.0,148.0,10.0,0.0,1,0.0,147.0,10.0,0.0,1,0.0,147.0,10.0,0.0,1,0.0,148.0,10.0,0.0,1
2026-03-23 16:31:57,2854.73,0.0,144.0,20.0,0.0,1,0.0,137.0,20.0,0.0,1,0.0,143.0,10.0,0.0,1,0.0,142.0,10.0,0.0,1,0.0,140.0,10.0,0.0,1,0.0,142.0,10.0,0.0,1
2026-03-23 16:31:57,2855.45,0.0,131.0,20.0,0.0,1,0.0,124.0,20.0,0.0,1,0.0,130.0,10.0,0.0,1,0.0,129.0,10.0,0.0,1,0.0,128.0,10.0,0.0,1,0.0,130.0,10.0,0.0,1
2026-03-23 16:31:58,2856.15,0.0,125.0,20.0,0.0,1,0.0,118.0,20.0,0.0,1,0.0,124.0,10.0,0.0,1,0.0,123.0,10.0,0.0,1,0.0,122.0,10.0,0.0,1,0.0,123.0,10.0,0.0,1
2026-03-23 16:31:59,2856.95,0.0,119.0,20.0,0.0,1,0.0,112.0,20.0,0.0,1,0.0,118.0,10.0,0.0,1,0.0,117.0,10.0,0.0,1,0.0,116.0,10.0,0.0,1,0.0,117.0,10.0,0.0,1
2026-03-23 16:32:00,2857.7,0.0,113.0,20.0,0.0,1,0.0,106.0,20.0,0.0,1,0.0,112.0,10.0,0.0,1,0.0,111.0,10.0,0.0,1,0.0,110.0,10.0,0.0,1,0.0,111.0,10.0,0.0,1
2026-03-23 16:32:00,2858.46,0.0,107.0,20.0,0.0,1,0.0,99.0,20.0,0.0,1,0.0,106.0,10.0,0.0,1,0.0,105.0,10.0,0.0,1,0.0,104.0,10.0,0.0,1,0.0,105.0,10.0,0.0,1
2026-03-23 16:32:01,2859.18,0.0,101.0,20.0,0.0,1,0.0,93.0,20.0,0.0,1,0.0,99.0,10.0,0.0,1,0.0,98.0,10.0,0.0,1,0.0,98.0,10.0,0.0,1,0.0,99.0,10.0,0.0,1
2026-03-23 16:32:02,2859.91,0.0,89.0,20.0,0.0,1,0.0,81.0,20.0,0.0,1,0.0,87.0,10.0,0.0,1,0.0,86.0,10.0,0.0,1,0.0,85.0,10.0,0.0,1,0.0,87.0,10.0,0.0,1
2026-03-23 16:32:02,2860.62,0.0,82.0,20.0,0.0,1,0.0,75.0,20.0,0.0,1,0.0,81.0,10.0,0.0,1,0.0,80.0,10.0,0.0,1,0.0,79.0,10.0,0.0,1,0.0,81.0,10.0,0.0,1
2026-03-23 16:32:03,2861.37,0.0,76.0,20.0,0.0,1,0.0,68.0,20.0,0.0,1,0.0,75.0,10.0,0.0,1,0.0,74.0,10.0,0.0,1,0.0,72.0,10.0,0.0,1,0.0,74.0,10.0,0.0,1
2026-03-23 16:32:04,2862.12,0.0,70.0,20.0,0.0,1,0.0,62.0,20.0,0.0,1,0.0,69.0,10.0,0.0,1,0.0,68.0,10.0,0.0,1,0.0,67.0,10.0,0.0,1,0.0,68.0,10.0,0.0,1
2026-03-23 16:32:05,2862.87,0.0,64.0,20.0,0.0,1,0.0,56.0,20.0,0.0,1,0.0,63.0,10.0,0.0,1,0.0,61.0,10.0,0.0,1,0.0,61.0,10.0,0.0,1,0.0,62.0,10.0,0.0,1
2026-03-23 16:32:05,2863.65,0.0,58.0,20.0,0.0,1,0.0,49.0,20.0,0.0,1,0.0,57.0,10.0,0.0,1,0.0,55.0,10.0,0.0,1,0.0,54.0,10.0,0.0,1,0.0,56.0,10.0,0.0,1
2026-03-23 16:32:06,2864.42,0.0,45.0,20.0,0.0,1,0.0,37.0,20.0,0.0,1,0.0,44.0,10.0,0.0,1,0.0,43.0,10.0,0.0,1,0.0,42.0,10.0,0.0,1,0.0,44.0,10.0,0.0,1
2026-03-23 16:32:07,2865.19,0.0,39.0,20.0,0.0,1,0.0,31.0,20.0,0.0,1,0.0,38.0,10.0,0.0,1,0.0,37.0,10.0,0.0,1,0.0,36.0,10.0,0.0,1,0.0,37.0,10.0,0.0,1
2026-03-23 16:32:08,2866.01,0.0,33.0,20.0,0.0,1,0.0,25.0,20.0,0.0,1,0.0,32.0,10.0,0.0,1,0.0,31.0,10.0,0.0,1,0.0,30.0,10.0,0.0,1,0.0,31.0,10.0,0.0,1
2026-03-23 16:32:09,2866.79,0.0,23.0,20.0,0.0,1,0.0,16.0,20.0,0.0,1,0.0,22.0,10.0,0.0,1,0.0,20.0,10.0,0.0,1,0.0,21.0,10.0,0.0,1,0.0,22.0,10.0,0.0,1
2026-03-23 16:32:09,2867.65,0.0,19.0,20.0,0.0,1,0.0,13.0,20.0,0.0,1,0.0,18.0,10.0,0.0,1,0.0,17.0,10.0,0.0,1,0.0,17.0,10.0,0.0,1,0.0,18.0,10.0,0.0,1
2026-03-23 16:32:10,2868.43,0.0,16.0,20.0,0.0,1,0.0,10.0,20.0,0.0,1,0.0,15.0,10.0,0.0,1,0.0,14.0,10.0,0.0,1,0.0,14.0,10.0,0.0,1,0.0,15.0,10.0,0.0,1
2026-03-23 16:32:11,2869.22,0.0,14.0,20.0,0.0,1,0.0,8.0,20.0,0.0,1,0.0,12.0,10.0,0.0,1,0.0,11.0,10.0,0.0,1,0.0,12.0,10.0,0.0,1,0.0,13.0,10.0,0.0,1
2026-03-23 16:32:12,2870.08,0.0,12.0,20.0,0.0,1,0.0,6.0,20.0,0.0,1,0.0,10.0,10.0,0.0,1,0.0,9.0,10.0,0.0,1,0.0,10.0,10.0,0.0,1,0.0,11.0,10.0,0.0,1
2026-03-23 16:32:13,2870.86,0.0,10.0,20.0,0.0,1,0.0,4.0,20.0,0.0,1,0.0,8.0,10.0,0.0,1,0.0,8.0,10.0,0.0,1,0.0,8.0,10.0,0.0,1,0.0,9.0,10.0,0.0,1
2026-03-23 16:32:13,2871.61,0.0,7.0,20.0,0.0,1,0.0,2.0,20.0,0.0,1,0.0,6.0,10.0,0.0,1,0.0,5.0,10.0,0.0,1,0.0,6.0,10.0,0.0,1,0.0,7.0,10.0,0.0,1
2026-03-23 16:32:14,2872.38,0.0,6.0,20.0,0.0,1,0.0,1.0,20.0,0.0,1,0.0,5.0,10.0,0.0,1,0.0,4.0,10.0,0.0,1,0.0,5.0,10.0,0.0,1,0.0,6.0,10.0,0.0,1
2026-03-23 16:32:15,2873.1,0.0,6.0,20.0,0.0,1,0.0,1.0,20.0,0.0,1,0.0,4.0,10.0,0.0,1,0.0,3.0,10.0,0.0,1,0.0,4.0,10.0,0.0,1,0.0,5.0,10.0,0.0,1
2026-03-23 16:32:16,2873.88,0.0,4.0,20.0,0.0,1,0.0,0.0,20.0,0.0,1,0.0,3.0,10.0,0.0,1,0.0,2.0,10.0,0.0,1,0.0,3.0,10.0,0.0,1,0.0,4.0,10.0,0.0,1
2026-03-23 16:32:16,2874.63,0.0,4.0,20.0,0.0,1,0.0,0.0,20.0,0.0,1,0.0,2.0,10.0,0.0,1,0.0,1.0,10.0,0.0,1,0.0,2.0,10.0,0.0,1,0.0,3.0,10.0,0.0,1
2026-03-23 16:32:17,2875.36,0.0,4.0,20.0,0.0,1,0.0,0.0,20.0,0.0,1,0.0,2.0,10.0,0.0,1,0.0,1.0,10.0,0.0,1,0.0,2.0,10.0,0.0,1,0.0,3.0,10.0,0.0,1
2026-03-23 16:32:18,2876.09,0.0,3.0,20.0,0.0,1,0.0,0.0,20.0,0.0,1,0.0,2.0,10.0,0.0,1,0.0,0.0,10.0,0.0,1,0.0,2.0,10.0,0.0,1,0.0,3.0,10.0,0.0,1
2026-03-23 16:32:19,2876.83,0.0,3.0,20.0,0.0,1,0.0,0.0,20.0,0.0,1,0.0,1.0,10.0,0.0,1,0.0,0.0,10.0,0.0,1,0.0,1.0,10.0,0.0,1,0.0,3.0,10.0,0.0,1
2026-03-23 16:32:19,2877.54,0.0,3.0,20.0,0.0,1,0.0,0.0,20.0,0.0,1,0.0,1.0,10.0,0.0,1,0.0,0.0,10.0,0.0,1,0.0,1.0,10.0,0.0,1,0.0,2.0,10.0,0.0,1
2026-03-23 16:32:20,2878.26,0.0,3.0,20.0,0.0,1,0.0,0.0,20.0,0.0,1,0.0,1.0,10.0,0.0,1,0.0,0.0,10.0,0.0,1,0.0,1.0,10.0,0.0,1,0.0,2.0,10.0,0.0,1
2026-03-23 16:32:21,2878.98,0.0,2.0,20.0,0.0,1,0.0,0.0,20.0,0.0,1,0.0,1.0,10.0,0.0,1,0.0,0.0,10.0,0.0,1,0.0,1.0,10.0,0.0,1,0.0,2.0,10.0,0.0,1
2026-03-23 16:32:22,2879.77,0.0,2.0,20.0,0.0,1,0.0,0.0,20.0,0.0,1,0.0,1.0,10.0,0.0,1,0.0,0.0,10.0,0.0,1,0.0,1.0,10.0,0.0,1,0.0,2.0,10.0,0.0,1
2026-03-23 16:32:22,2880.55,0.0,4.0,20.0,0.0,1,0.0,0.0,20.0,0.0,1,0.0,1.0,10.0,0.0,1,0.0,0.0,10.0,0.0,1,0.0,1.0,10.0,0.0,1,0.0,2.0,10.0,0.0,1
2026-03-23 16:32:23,2881.3,0.0,4.0,20.0,0.0,1,0.0,0.0,20.0,0.0,1,0.0,2.0,10.0,0.0,1,0.0,0.0,10.0,0.0,1,0.0,0.0,10.0,0.0,1,0.0,2.0,10.0,0.0,1
2026-03-23 16:32:24,2882.07,0.0,4.0,20.0,0.0,1,0.0,0.0,20.0,0.0,1,0.0,2.0,10.0,0.0,1,0.0,1.0,10.0,0.0,1,0.0,0.0,10.0,0.0,1,0.0,2.0,10.0,0.0,1
2026-03-23 16:32:25,2882.84,0.0,4.0,20.0,0.0,1,0.0,0.0,20.0,0.0,1,0.0,2.0,10.0,0.0,1,0.0,1.0,10.0,0.0,1,0.0,0.0,10.0,0.0,1,0.0,2.0,10.0,0.0,1
2026-03-23 16:32:25,2883.6,0.0,4.0,20.0,0.0,1,0.0,0.0,20.0,0.0,1,0.0,2.0,10.0,0.0,1,0.0,1.0,10.0,0.0,1,0.0,0.0,10.0,0.0,1,0.0,2.0,10.0,0.0,1
2026-03-23 16:32:26,2884.41,0.0,4.0,20.0,0.0,1,0.0,0.0,20.0,0.0,1,0.0,2.0,10.0,0.0,1,0.0,1.0,10.0,0.0,1,0.0,0.0,10.0,0.0,1,0.0,2.0,10.0,0.0,1
2026-03-23 16:32:27,2885.16,0.0,4.0,20.0,0.0,1,0.0,0.0,20.0,0.0,1,0.0,2.0,10.0,0.0,1,0.0,1.0,10.0,0.0,1,0.0,0.0,10.0,0.0,1,0.0,2.0,10.0,0.0,1
2026-03-23 16:32:28,2885.88,0.0,4.0,20.0,0.0,1,0.0,0.0,20.0,0.0,1,0.0,2.0,10.0,0.0,1,0.0,1.0,10.0,0.0,1,0.0,0.0,10.0,0.0,1,0.0,2.0,10.0,0.0,1
2026-03-23 16:32:28,2886.59,0.0,4.0,20.0,0.0,1,0.0,0.0,20.0,0.0,1,0.0,2.0,10.0,0.0,1,0.0,1.0,10.0,0.0,1,0.0,0.0,10.0,0.0,1,0.0,2.0,10.0,0.0,1
2026-03-23 16:32:29,2887.33,0.0,4.0,20.0,0.0,1,0.0,0.0,20.0,0.0,1,0.0,2.0,10.0,0.0,1,0.0,1.0,10.0,0.0,1,0.0,1.0,10.0,0.0,1,0.0,2.0,10.0,0.0,1
2026-03-23 16:32:30,2888.05,0.0,4.0,20.0,0.0,1,0.0,0.0,20.0,0.0,1,0.0,2.0,10.0,0.0,1,0.0,1.0,10.0,0.0,1,0.0,1.0,10.0,0.0,1,0.0,2.0,10.0,0.0,1
2026-03-23 16:32:31,2888.78,0.0,4.0,20.0,0.0,1,0.0,0.0,20.0,0.0,1,0.0,2.0,10.0,0.0,1,0.0,1.0,10.0,0.0,1,0.0,1.0,10.0,0.0,1,0.0,2.0,10.0,0.0,1
2026-03-23 16:32:31,2889.5,0.0,4.0,20.0,0.0,1,0.0,0.0,20.0,0.0,1,0.0,2.0,10.0,0.0,1,0.0,1.0,10.0,0.0,1,0.0,1.0,10.0,0.0,1,0.0,2.0,10.0,0.0,1
2026-03-23 16:32:32,2890.25,0.0,4.0,20.0,0.0,1,0.0,0.0,20.0,0.0,1,0.0,2.0,10.0,0.0,1,0.0,1.0,10.0,0.0,1,0.0,1.0,10.0,0.0,1,0.0,2.0,10.0,0.0,1
2026-03-23 16:32:33,2890.96,0.0,4.0,20.0,0.0,1,0.0,0.0,20.0,0.0,1,0.0,2.0,10.0,0.0,1,0.0,1.0,10.0,0.0,1,0.0,1.0,10.0,0.0,1,0.0,2.0,10.0,0.0,1
2026-03-23 16:32:33,2891.68,0.0,4.0,20.0,0.0,1,0.0,0.0,20.0,0.0,1,0.0,2.0,10.0,0.0,1,0.0,1.0,10.0,0.0,1,0.0,1.0,10.0,0.0,1,0.0,2.0,10.0,0.0,1
2026-03-23 16:32:34,2892.39,0.0,4.0,20.0,0.0,1,0.0,0.0,20.0,0.0,1,0.0,2.0,10.0,0.0,1,0.0,1.0,10.0,0.0,1,0.0,1.0,10.0,0.0,1,0.0,2.0,10.0,0.0,1
2026-03-23 16:32:35,2893.12,0.0,4.0,20.0,0.0,1,0.0,0.0,20.0,0.0,1,0.0,2.0,10.0,0.0,1,0.0,1.0,10.0,0.0,1,0.0,1.0,10.0,0.0,1,0.0,2.0,10.0,0.0,1
2026-03-23 16:32:36,2893.87,0.0,4.0,20.0,0.0,1,0.0,0.0,20.0,0.0,1,0.0,2.0,10.0,0.0,1,0.0,1.0,10.0,0.0,1,0.0,1.0,10.0,0.0,1,0.0,3.0,10.0,0.0,1
2026-03-23 16:32:36,2894.59,0.0,4.0,20.0,0.0,1,0.0,0.0,20.0,0.0,1,0.0,2.0,10.0,0.0,1,0.0,1.0,10.0,0.0,1,0.0,1.0,10.0,0.0,1,0.0,3.0,10.0,0.0,1
2026-03-23 16:32:37,2895.37,0.0,4.0,20.0,0.0,1,0.0,0.0,20.0,0.0,1,0.0,2.0,10.0,0.0,1,0.0,1.0,10.0,0.0,1,0.0,1.0,10.0,0.0,1,0.0,3.0,10.0,0.0,1
2026-03-23 16:32:38,2896.11,0.0,4.0,20.0,0.0,1,0.0,0.0,20.0,0.0,1,0.0,2.0,10.0,0.0,1,0.0,1.0,10.0,0.0,1,0.0,1.0,10.0,0.0,1,0.0,3.0,10.0,0.0,1
2026-03-23 16:32:39,2896.87,0.0,4.0,20.0,0.0,1,0.0,0.0,20.0,0.0,1,0.0,2.0,10.0,0.0,1,0.0,1.0,10.0,0.0,1,0.0,1.0,10.0,0.0,1,0.0,3.0,10.0,0.0,1
2026-03-23 16:32:39,2897.61,0.0,4.0,20.0,0.0,1,0.0,0.0,20.0,0.0,1,0.0,2.0,10.0,0.0,1,0.0,1.0,10.0,0.0,1,0.0,1.0,10.0,0.0,1,0.0,3.0,10.0,0.0,1
2026-03-23 16:32:40,2898.35,0.0,4.0,20.0,0.0,1,0.0,0.0,20.0,0.0,1,0.0,2.0,10.0,0.0,1,0.0,1.0,10.0,0.0,1,0.0,1.0,10.0,0.0,1,0.0,3.0,10.0,0.0,1
2026-03-23 16:32:41,2899.06,0.0,4.0,20.0,0.0,1,0.0,0.0,20.0,0.0,1,0.0,2.0,10.0,0.0,1,0.0,1.0,10.0,0.0,1,0.0,1.0,10.0,0.0,1,0.0,3.0,10.0,0.0,1
2026-03-23 16:32:42,2899.79,0.0,4.0,20.0,0.0,1,0.0,0.0,20.0,0.0,1,0.0,2.0,10.0,0.0,1,0.0,1.0,10.0,0.0,1,0.0,1.0,10.0,0.0,1,0.0,3.0,10.0,0.0,1
2026-03-23 16:32:42,2900.5,0.0,4.0,20.0,0.0,1,0.0,0.0,20.0,0.0,1,0.0,2.0,10.0,0.0,1,0.0,1.0,10.0,0.0,1,0.0,1.0,10.0,0.0,1,0.0,3.0,10.0,0.0,1
2026-03-23 16:32:43,2901.23,0.0,4.0,20.0,0.0,1,0.0,0.0,20.0,0.0,1,0.0,2.0,10.0,0.0,1,0.0,1.0,10.0,0.0,1,0.0,1.0,10.0,0.0,1,0.0,3.0,10.0,0.0,1
2026-03-23 16:32:44,2901.96,0.0,4.0,20.0,0.0,1,0.0,0.0,20.0,0.0,1,0.0,2.0,10.0,0.0,1,0.0,1.0,10.0,0.0,1,0.0,1.0,10.0,0.0,1,0.0,3.0,10.0,0.0,1
2026-03-23 16:32:45,2902.72,0.0,4.0,20.0,0.0,1,0.0,0.0,20.0,0.0,1,0.0,2.0,10.0,0.0,1,0.0,1.0,10.0,0.0,1,0.0,1.0,10.0,0.0,1,0.0,3.0,10.0,0.0,1
2026-03-23 16:32:45,2903.45,0.0,4.0,20.0,0.0,1,0.0,0.0,20.0,0.0,1,0.0,2.0,10.0,0.0,1,0.0,1.0,10.0,0.0,1,0.0,1.0,10.0,0.0,1,0.0,3.0,10.0,0.0,1
2026-03-23 16:32:46,2904.18,0.0,4.0,20.0,0.0,1,0.0,0.0,20.0,0.0,1,0.0,2.0,10.0,0.0,1,0.0,1.0,10.0,0.0,1,0.0,1.0,10.0,0.0,1,0.0,3.0,10.0,0.0,1
2026-03-23 16:32:47,2904.91,0.0,4.0,20.0,0.0,1,0.0,0.0,20.0,0.0,1,0.0,2.0,10.0,0.0,1,0.0,1.0,10.0,0.0,1,0.0,1.0,10.0,0.0,1,0.0,3.0,10.0,0.0,1
2026-03-23 16:32:47,2905.63,0.0,4.0,20.0,0.0,1,0.0,0.0,20.0,0.0,1,0.0,2.0,10.0,0.0,1,0.0,1.0,10.0,0.0,1,0.0,1.0,10.0,0.0,1,0.0,3.0,10.0,0.0,1
2026-03-23 16:32:48,2906.34,0.0,4.0,20.0,0.0,1,0.0,0.0,20.0,0.0,1,0.0,2.0,10.0,0.0,1,0.0,1.0,10.0,0.0,1,0.0,1.0,10.0,0.0,1,0.0,3.0,10.0,0.0,1
2026-03-23 16:32:49,2907.07,0.0,4.0,20.0,0.0,1,0.0,0.0,20.0,0.0,1,0.0,2.0,10.0,0.0,1,0.0,1.0,10.0,0.0,1,0.0,1.0,10.0,0.0,1,0.0,3.0,10.0,0.0,1
2026-03-23 16:32:50,2907.8,0.0,4.0,20.0,0.0,1,0.0,0.0,20.0,0.0,1,0.0,2.0,10.0,0.0,1,0.0,1.0,10.0,0.0,1,0.0,1.0,10.0,0.0,1,0.0,3.0,10.0,0.0,1
2026-03-23 16:32:50,2908.54,0.0,4.0,20.0,0.0,1,0.0,0.0,20.0,0.0,1,0.0,2.0,10.0,0.0,1,0.0,1.0,10.0,0.0,1,0.0,1.0,10.0,0.0,1,0.0,3.0,10.0,0.0,1
2026-03-23 16:32:51,2909.26,0.0,4.0,20.0,0.0,1,0.0,0.0,20.0,0.0,1,0.0,2.0,10.0,0.0,1,0.0,1.0,10.0,0.0,1,0.0,1.0,10.0,0.0,1,0.0,3.0,10.0,0.0,1
2026-03-23 16:32:52,2909.96,0.0,4.0,20.0,0.0,1,0.0,0.0,20.0,0.0,1,0.0,2.0,10.0,0.0,1,0.0,1.0,10.0,0.0,1,0.0,1.0,10.0,0.0,1,0.0,3.0,10.0,0.0,1
2026-03-23 16:32:52,2910.68,0.0,4.0,20.0,0.0,1,0.0,0.0,20.0,0.0,1,0.0,2.0,10.0,0.0,1,0.0,1.0,10.0,0.0,1,0.0,1.0,10.0,0.0,1,0.0,3.0,10.0,0.0,1
2026-03-23 16:32:53,2911.41,0.0,4.0,20.0,0.0,1,0.0,0.0,20.0,0.0,1,0.0,2.0,10.0,0.0,1,0.0,1.0,10.0,0.0,1,0.0,1.0,10.0,0.0,1,0.0,3.0,10.0,0.0,1
2026-03-23 16:32:54,2912.12,0.0,4.0,20.0,0.0,1,0.0,0.0,20.0,0.0,1,0.0,2.0,10.0,0.0,1,0.0,1.0,10.0,0.0,1,0.0,1.0,10.0,0.0,1,0.0,3.0,10.0,0.0,1
2026-03-23 16:32:55,2912.83,0.0,4.0,20.0,0.0,1,0.0,0.0,20.0,0.0,1,0.0,2.0,10.0,0.0,1,0.0,1.0,10.0,0.0,1,0.0,1.0,10.0,0.0,1,0.0,3.0,10.0,0.0,1
2026-03-23 16:32:55,2913.57,0.0,4.0,20.0,0.0,1,0.0,0.0,20.0,0.0,1,0.0,2.0,10.0,0.0,1,0.0,1.0,10.0,0.0,1,0.0,1.0,10.0,0.0,1,0.0,3.0,10.0,0.0,1
2026-03-23 16:32:56,2914.28,0.0,4.0,20.0,0.0,1,0.0,0.0,20.0,0.0,1,0.0,2.0,10.0,0.0,1,0.0,1.0,10.0,0.0,1,0.0,1.0,10.0,0.0,1,0.0,3.0,10.0,0.0,1
2026-03-23 16:32:57,2915.04,0.0,4.0,20.0,0.0,1,0.0,0.0,20.0,0.0,1,0.0,2.0,10.0,0.0,1,0.0,1.0,10.0,0.0,1,0.0,1.0,10.0,0.0,1,0.0,3.0,10.0,0.0,1
2026-03-23 16:32:58,2915.76,0.0,4.0,20.0,0.0,1,0.0,0.0,20.0,0.0,1,0.0,2.0,10.0,0.0,1,0.0,1.0,10.0,0.0,1,0.0,1.0,10.0,0.0,1,0.0,3.0,10.0,0.0,1
2026-03-23 16:32:58,2916.51,0.0,4.0,20.0,0.0,1,0.0,0.0,20.0,0.0,1,0.0,2.0,10.0,0.0,1,0.0,1.0,10.0,0.0,1,0.0,1.0,10.0,0.0,1,0.0,3.0,10.0,0.0,1
2026-03-23 16:32:59,2917.22,0.0,4.0,20.0,0.0,1,0.0,0.0,20.0,0.0,1,0.0,2.0,10.0,0.0,1,0.0,1.0,10.0,0.0,1,0.0,1.0,10.0,0.0,1,0.0,3.0,10.0,0.0,1
2026-03-23 16:33:00,2917.94,0.0,4.0,20.0,0.0,1,0.0,0.0,20.0,0.0,1,0.0,2.0,10.0,0.0,1,0.0,1.0,10.0,0.0,1,0.0,1.0,10.0,0.0,1,0.0,3.0,10.0,0.0,1
2026-03-23 16:33:00,2918.65,0.0,4.0,20.0,0.0,1,0.0,0.0,20.0,0.0,1,0.0,2.0,10.0,0.0,1,0.0,1.0,10.0,0.0,1,0.0,1.0,10.0,0.0,1,0.0,3.0,10.0,0.0,1
2026-03-23 16:33:01,2919.37,0.0,4.0,20.0,0.0,1,0.0,0.0,20.0,0.0,1,0.0,2.0,10.0,0.0,1,0.0,1.0,10.0,0.0,1,0.0,1.0,10.0,0.0,1,0.0,3.0,10.0,0.0,1
2026-03-23 16:33:02,2920.1,0.0,4.0,20.0,0.0,1,0.0,0.0,20.0,0.0,1,0.0,2.0,10.0,0.0,1,0.0,1.0,10.0,0.0,1,0.0,1.0,10.0,0.0,1,0.0,3.0,10.0,0.0,1
2026-03-23 16:33:03,2920.83,0.0,4.0,20.0,0.0,1,0.0,0.0,20.0,0.0,1,0.0,2.0,10.0,0.0,1,0.0,1.0,10.0,0.0,1,0.0,1.0,10.0,0.0,1,0.0,3.0,10.0,0.0,1
2026-03-23 16:33:03,2921.57,0.0,4.0,20.0,0.0,1,0.0,0.0,20.0,0.0,1,0.0,2.0,10.0,0.0,1,0.0,1.0,10.0,0.0,1,0.0,1.0,10.0,0.0,1,0.0,3.0,10.0,0.0,1
2026-03-23 16:33:04,2922.3,0.0,4.0,20.0,0.0,1,0.0,0.0,20.0,0.0,1,0.0,2.0,10.0,0.0,1,0.0,1.0,10.0,0.0,1,0.0,1.0,10.0,0.0,1,0.0,3.0,10.0,0.0,1
2026-03-23 16:33:05,2923.01,0.0,4.0,20.0,0.0,1,0.0,0.0,20.0,0.0,1,0.0,2.0,10.0,0.0,1,0.0,1.0,10.0,0.0,1,0.0,1.0,10.0,0.0,1,0.0,3.0,10.0,0.0,1
2026-03-23 16:33:06,2923.77,0.0,4.0,20.0,0.0,1,0.0,0.0,20.0,0.0,1,0.0,2.0,10.0,0.0,1,0.0,1.0,10.0,0.0,1,0.0,1.0,10.0,0.0,1,0.0,3.0,10.0,0.0,1
2026-03-23 16:33:06,2924.49,0.0,4.0,20.0,0.0,1,0.0,0.0,20.0,0.0,1,0.0,2.0,10.0,0.0,1,0.0,1.0,10.0,0.0,1,0.0,1.0,10.0,0.0,1,0.0,3.0,10.0,0.0,1
2026-03-23 16:33:07,2925.23,0.0,4.0,20.0,0.0,1,0.0,0.0,20.0,0.0,1,0.0,2.0,10.0,0.0,1,0.0,1.0,10.0,0.0,1,0.0,1.0,10.0,0.0,1,0.0,3.0,10.0,0.0,1
2026-03-23 16:33:08,2926.03,0.0,4.0,20.0,0.0,1,0.0,0.0,20.0,0.0,1,0.0,2.0,10.0,0.0,1,0.0,1.0,10.0,0.0,1,0.0,1.0,10.0,0.0,1,0.0,3.0,10.0,0.0,1
2026-03-23 16:33:09,2926.75,0.0,4.0,20.0,0.0,1,0.0,0.0,20.0,0.0,1,0.0,2.0,10.0,0.0,1,0.0,1.0,10.0,0.0,1,0.0,1.0,10.0,0.0,1,0.0,3.0,10.0,0.0,1
2026-03-23 16:33:09,2927.48,0.0,4.0,20.0,0.0,1,0.0,0.0,20.0,0.0,1,0.0,2.0,10.0,0.0,1,0.0,1.0,10.0,0.0,1,0.0,1.0,10.0,0.0,1,0.0,3.0,10.0,0.0,1
2026-03-23 16:33:10,2928.25,0.0,4.0,20.0,0.0,1,0.0,0.0,20.0,0.0,1,0.0,2.0,10.0,0.0,1,0.0,1.0,10.0,0.0,1,0.0,1.0,10.0,0.0,1,0.0,3.0,10.0,0.0,1
2026-03-23 16:33:11,2929.02,0.0,4.0,20.0,0.0,1,0.0,0.0,20.0,0.0,1,0.0,2.0,10.0,0.0,1,0.0,1.0,10.0,0.0,1,0.0,1.0,10.0,0.0,1,0.0,3.0,10.0,0.0,1
2026-03-23 16:33:12,2929.78,0.0,4.0,20.0,0.0,1,0.0,0.0,20.0,0.0,1,0.0,2.0,10.0,0.0,1,0.0,1.0,10.0,0.0,1,0.0,1.0,10.0,0.0,1,0.0,3.0,10.0,0.0,1
2026-03-23 16:33:12,2930.54,0.0,4.0,20.0,0.0,1,0.0,0.0,20.0,0.0,1,0.0,2.0,10.0,0.0,1,0.0,1.0,10.0,0.0,1,0.0,1.0,10.0,0.0,1,0.0,3.0,10.0,0.0,1
2026-03-23 16:33:13,2931.26,0.0,4.0,20.0,0.0,1,0.0,0.0,20.0,0.0,1,0.0,2.0,10.0,0.0,1,0.0,1.0,10.0,0.0,1,0.0,1.0,10.0,0.0,1,0.0,3.0,10.0,0.0,1
2026-03-23 16:33:14,2931.99,0.0,4.0,20.0,0.0,1,0.0,0.0,20.0,0.0,1,0.0,2.0,10.0,0.0,1,0.0,1.0,10.0,0.0,1,0.0,1.0,10.0,0.0,1,0.0,3.0,10.0,0.0,1
2026-03-23 16:33:15,2932.72,0.0,4.0,20.0,0.0,1,0.0,0.0,20.0,0.0,1,0.0,2.0,10.0,0.0,1,0.0,1.0,10.0,0.0,1,0.0,1.0,10.0,0.0,1,0.0,3.0,10.0,0.0,1
2026-03-23 16:33:15,2933.46,0.0,4.0,20.0,0.0,1,0.0,0.0,20.0,0.0,1,0.0,2.0,10.0,0.0,1,0.0,1.0,10.0,0.0,1,0.0,1.0,10.0,0.0,1,0.0,3.0,10.0,0.0,1
2026-03-23 16:33:16,2934.19,0.0,4.0,20.0,0.0,1,0.0,0.0,20.0,0.0,1,0.0,2.0,10.0,0.0,1,0.0,1.0,10.0,0.0,1,0.0,1.0,10.0,0.0,1,0.0,3.0,10.0,0.0,1
2026-03-23 16:33:17,2934.96,0.0,4.0,20.0,0.0,1,0.0,0.0,20.0,0.0,1,0.0,2.0,10.0,0.0,1,0.0,1.0,10.0,0.0,1,0.0,1.0,10.0,0.0,1,0.0,3.0,10.0,0.0,1
2026-03-23 16:33:18,2935.72,0.0,4.0,20.0,0.0,1,0.0,0.0,20.0,0.0,1,0.0,2.0,10.0,0.0,1,0.0,1.0,10.0,0.0,1,0.0,1.0,10.0,0.0,1,0.0,3.0,10.0,0.0,1
2026-03-23 16:33:18,2936.44,0.0,4.0,20.0,0.0,1,0.0,0.0,20.0,0.0,1,0.0,2.0,10.0,0.0,1,0.0,1.0,10.0,0.0,1,0.0,1.0,10.0,0.0,1,0.0,3.0,10.0,0.0,1
2026-03-23 16:33:19,2937.19,0.0,4.0,20.0,0.0,1,0.0,0.0,20.0,0.0,1,0.0,2.0,10.0,0.0,1,0.0,1.0,10.0,0.0,1,0.0,1.0,10.0,0.0,1,0.0,3.0,10.0,0.0,1
2026-03-23 16:33:20,2937.91,0.0,4.0,20.0,0.0,1,0.0,0.0,20.0,0.0,1,0.0,2.0,10.0,0.0,1,0.0,1.0,10.0,0.0,1,0.0,1.0,10.0,0.0,1,0.0,3.0,10.0,0.0,1
2026-03-23 16:33:20,2938.62,0.0,4.0,20.0,0.0,1,0.0,0.0,20.0,0.0,1,0.0,2.0,10.0,0.0,1,0.0,1.0,10.0,0.0,1,0.0,1.0,10.0,0.0,1,0.0,3.0,10.0,0.0,1
2026-03-23 16:33:21,2939.35,0.0,4.0,20.0,0.0,1,0.0,0.0,20.0,0.0,1,0.0,2.0,10.0,0.0,1,0.0,1.0,10.0,0.0,1,0.0,1.0,10.0,0.0,1,0.0,3.0,10.0,0.0,1
2026-03-23 16:33:22,2940.07,0.0,4.0,20.0,0.0,1,0.0,0.0,20.0,0.0,1,0.0,2.0,10.0,0.0,1,0.0,1.0,10.0,0.0,1,0.0,1.0,10.0,0.0,1,0.0,3.0,10.0,0.0,1
2026-03-23 16:33:23,2940.78,0.0,4.0,20.0,0.0,1,0.0,0.0,20.0,0.0,1,0.0,2.0,10.0,0.0,1,0.0,1.0,10.0,0.0,1,0.0,1.0,10.0,0.0,1,0.0,3.0,10.0,0.0,1
2026-03-23 16:33:23,2941.49,0.0,4.0,20.0,0.0,1,0.0,0.0,20.0,0.0,1,0.0,2.0,10.0,0.0,1,0.0,1.0,10.0,0.0,1,0.0,1.0,10.0,0.0,1,0.0,3.0,10.0,0.0,1
2026-03-23 16:33:24,2942.2,0.0,4.0,20.0,0.0,1,0.0,0.0,20.0,0.0,1,0.0,2.0,10.0,0.0,1,0.0,1.0,10.0,0.0,1,0.0,1.0,10.0,0.0,1,0.0,3.0,10.0,0.0,1
2026-03-23 16:33:25,2942.93,0.0,4.0,20.0,0.0,1,0.0,0.0,20.0,0.0,1,0.0,2.0,10.0,0.0,1,0.0,1.0,10.0,0.0,1,0.0,1.0,10.0,0.0,1,0.0,3.0,10.0,0.0,1
2026-03-23 16:33:25,2943.64,0.0,4.0,20.0,0.0,1,0.0,0.0,20.0,0.0,1,0.0,2.0,10.0,0.0,1,0.0,1.0,10.0,0.0,1,0.0,1.0,10.0,0.0,1,0.0,3.0,10.0,0.0,1
2026-03-23 16:33:26,2944.37,0.0,4.0,20.0,0.0,1,0.0,0.0,20.0,0.0,1,0.0,2.0,10.0,0.0,1,0.0,1.0,10.0,0.0,1,0.0,1.0,10.0,0.0,1,0.0,3.0,10.0,0.0,1
2026-03-23 16:33:27,2945.09,0.0,4.0,20.0,0.0,1,0.0,0.0,20.0,0.0,1,0.0,2.0,10.0,0.0,1,0.0,1.0,10.0,0.0,1,0.0,1.0,10.0,0.0,1,0.0,3.0,10.0,0.0,1
2026-03-23 16:33:28,2945.81,0.0,4.0,20.0,0.0,1,0.0,0.0,20.0,0.0,1,0.0,2.0,10.0,0.0,1,0.0,1.0,10.0,0.0,1,0.0,1.0,10.0,0.0,1,0.0,3.0,10.0,0.0,1
2026-03-23 16:33:28,2946.54,0.0,4.0,20.0,0.0,1,0.0,0.0,20.0,0.0,1,0.0,2.0,10.0,0.0,1,0.0,1.0,10.0,0.0,1,0.0,1.0,10.0,0.0,1,0.0,3.0,10.0,0.0,1
2026-03-23 16:33:29,2947.27,0.0,4.0,20.0,0.0,1,0.0,0.0,20.0,0.0,1,0.0,2.0,10.0,0.0,1,0.0,1.0,10.0,0.0,1,0.0,1.0,10.0,0.0,1,0.0,3.0,10.0,0.0,1
2026-03-23 16:33:30,2947.98,0.0,4.0,20.0,0.0,1,0.0,0.0,20.0,0.0,1,0.0,2.0,10.0,0.0,1,0.0,1.0,10.0,0.0,1,0.0,1.0,10.0,0.0,1,0.0,3.0,10.0,0.0,1
2026-03-23 16:33:31,2948.72,0.0,4.0,20.0,0.0,1,0.0,0.0,20.0,0.0,1,0.0,2.0,10.0,0.0,1,0.0,1.0,10.0,0.0,1,0.0,1.0,10.0,0.0,1,0.0,3.0,10.0,0.0,1
2026-03-23 16:33:31,2949.45,0.0,4.0,20.0,0.0,1,0.0,0.0,20.0,0.0,1,0.0,2.0,10.0,0.0,1,0.0,1.0,10.0,0.0,1,0.0,1.0,10.0,0.0,1,0.0,3.0,10.0,0.0,1
2026-03-23 16:33:32,2950.16,0.0,4.0,20.0,0.0,1,0.0,0.0,20.0,0.0,1,0.0,2.0,10.0,0.0,1,0.0,1.0,10.0,0.0,1,0.0,1.0,10.0,0.0,1,0.0,3.0,10.0,0.0,1
2026-03-23 16:33:33,2950.87,0.0,4.0,20.0,0.0,1,0.0,0.0,20.0,0.0,1,0.0,2.0,10.0,0.0,1,0.0,1.0,10.0,0.0,1,0.0,1.0,10.0,0.0,1,0.0,3.0,10.0,0.0,1
2026-03-23 16:33:33,2951.6,0.0,4.0,20.0,0.0,1,0.0,0.0,20.0,0.0,1,0.0,2.0,10.0,0.0,1,0.0,1.0,10.0,0.0,1,0.0,1.0,10.0,0.0,1,0.0,3.0,10.0,0.0,1
2026-03-23 16:33:34,2952.33,0.0,4.0,20.0,0.0,1,0.0,0.0,20.0,0.0,1,0.0,2.0,10.0,0.0,1,0.0,1.0,10.0,0.0,1,0.0,1.0,10.0,0.0,1,0.0,3.0,10.0,0.0,1
2026-03-23 16:33:35,2953.04,0.0,4.0,20.0,0.0,1,0.0,0.0,20.0,0.0,1,0.0,2.0,10.0,0.0,1,0.0,1.0,10.0,0.0,1,0.0,1.0,10.0,0.0,1,0.0,3.0,10.0,0.0,1
2026-03-23 16:33:36,2953.79,0.0,4.0,20.0,0.0,1,0.0,0.0,20.0,0.0,1,0.0,2.0,10.0,0.0,1,0.0,1.0,10.0,0.0,1,0.0,1.0,10.0,0.0,1,0.0,3.0,10.0,0.0,1
2026-03-23 16:33:36,2954.53,0.0,4.0,20.0,0.0,1,0.0,0.0,20.0,0.0,1,0.0,2.0,10.0,0.0,1,0.0,1.0,10.0,0.0,1,0.0,1.0,10.0,0.0,1,0.0,3.0,10.0,0.0,1
2026-03-23 16:33:37,2955.24,0.0,4.0,20.0,0.0,1,0.0,0.0,20.0,0.0,1,0.0,2.0,10.0,0.0,1,0.0,1.0,10.0,0.0,1,0.0,1.0,10.0,0.0,1,0.0,3.0,10.0,0.0,1
2026-03-23 16:33:38,2955.96,0.0,4.0,20.0,0.0,1,0.0,0.0,20.0,0.0,1,0.0,2.0,10.0,0.0,1,0.0,1.0,10.0,0.0,1,0.0,1.0,10.0,0.0,1,0.0,3.0,10.0,0.0,1
2026-03-23 16:33:38,2956.67,0.0,4.0,20.0,0.0,1,0.0,0.0,20.0,0.0,1,0.0,2.0,10.0,0.0,1,0.0,1.0,10.0,0.0,1,0.0,1.0,10.0,0.0,1,0.0,3.0,10.0,0.0,1
2026-03-23 16:33:39,2957.4,0.0,4.0,20.0,0.0,1,0.0,0.0,20.0,0.0,1,0.0,2.0,10.0,0.0,1,0.0,1.0,10.0,0.0,1,0.0,1.0,10.0,0.0,1,0.0,3.0,10.0,0.0,1
2026-03-23 16:33:40,2958.11,0.0,4.0,20.0,0.0,1,0.0,0.0,20.0,0.0,1,0.0,2.0,10.0,0.0,1,0.0,1.0,10.0,0.0,1,0.0,1.0,10.0,0.0,1,0.0,3.0,10.0,0.0,1
2026-03-23 16:33:41,2958.86,0.0,4.0,20.0,0.0,1,0.0,0.0,20.0,0.0,1,0.0,2.0,10.0,0.0,1,0.0,1.0,10.0,0.0,1,0.0,1.0,10.0,0.0,1,0.0,3.0,10.0,0.0,1
2026-03-23 16:33:41,2959.61,0.0,4.0,20.0,0.0,1,0.0,0.0,20.0,0.0,1,0.0,2.0,10.0,0.0,1,0.0,1.0,10.0,0.0,1,0.0,1.0,10.0,0.0,1,0.0,3.0,10.0,0.0,1
2026-03-23 16:33:42,2960.35,0.0,4.0,20.0,0.0,1,0.0,0.0,20.0,0.0,1,0.0,2.0,10.0,0.0,1,0.0,1.0,10.0,0.0,1,0.0,1.0,10.0,0.0,1,0.0,3.0,10.0,0.0,1
2026-03-23 16:33:43,2961.08,0.0,4.0,20.0,0.0,1,0.0,0.0,20.0,0.0,1,0.0,2.0,10.0,0.0,1,0.0,1.0,10.0,0.0,1,0.0,1.0,10.0,0.0,1,0.0,3.0,10.0,0.0,1
2026-03-23 16:33:44,2961.81,0.0,4.0,20.0,0.0,1,0.0,0.0,20.0,0.0,1,0.0,2.0,10.0,0.0,1,0.0,1.0,10.0,0.0,1,0.0,1.0,10.0,0.0,1,0.0,3.0,10.0,0.0,1
2026-03-23 16:33:44,2962.52,0.0,4.0,20.0,0.0,1,0.0,0.0,20.0,0.0,1,0.0,2.0,10.0,0.0,1,0.0,1.0,10.0,0.0,1,0.0,1.0,10.0,0.0,1,0.0,3.0,10.0,0.0,1
2026-03-23 16:33:45,2963.25,0.0,4.0,20.0,0.0,1,0.0,0.0,20.0,0.0,1,0.0,2.0,10.0,0.0,1,0.0,1.0,10.0,0.0,1,0.0,1.0,10.0,0.0,1,0.0,3.0,10.0,0.0,1
2026-03-23 16:33:46,2963.96,0.0,4.0,20.0,0.0,1,0.0,0.0,20.0,0.0,1,0.0,2.0,10.0,0.0,1,0.0,1.0,10.0,0.0,1,0.0,1.0,10.0,0.0,1,0.0,3.0,10.0,0.0,1
2026-03-23 16:33:47,2964.7,0.0,4.0,20.0,0.0,1,0.0,0.0,20.0,0.0,1,0.0,2.0,10.0,0.0,1,0.0,1.0,10.0,0.0,1,0.0,1.0,10.0,0.0,1,0.0,3.0,10.0,0.0,1
2026-03-23 16:33:47,2965.43,0.0,4.0,20.0,0.0,1,0.0,0.0,20.0,0.0,1,0.0,2.0,10.0,0.0,1,0.0,1.0,10.0,0.0,1,0.0,1.0,10.0,0.0,1,0.0,3.0,10.0,0.0,1
2026-03-23 16:33:48,2966.14,0.0,4.0,20.0,0.0,1,0.0,0.0,20.0,0.0,1,0.0,2.0,10.0,0.0,1,0.0,1.0,10.0,0.0,1,0.0,1.0,10.0,0.0,1,0.0,3.0,10.0,0.0,1
2026-03-23 16:33:49,2966.86,0.0,4.0,20.0,0.0,1,0.0,0.0,20.0,0.0,1,0.0,2.0,10.0,0.0,1,0.0,1.0,10.0,0.0,1,0.0,1.0,10.0,0.0,1,0.0,3.0,10.0,0.0,1
2026-03-23 16:33:49,2967.6,0.0,4.0,20.0,0.0,1,0.0,0.0,20.0,0.0,1,0.0,2.0,10.0,0.0,1,0.0,1.0,10.0,0.0,1,0.0,1.0,10.0,0.0,1,0.0,3.0,10.0,0.0,1
2026-03-23 16:33:50,2968.33,0.0,4.0,20.0,0.0,1,0.0,0.0,20.0,0.0,1,0.0,2.0,10.0,0.0,1,0.0,1.0,10.0,0.0,1,0.0,1.0,10.0,0.0,1,0.0,3.0,10.0,0.0,1
2026-03-23 16:33:51,2969.04,0.0,4.0,20.0,0.0,1,0.0,0.0,20.0,0.0,1,0.0,2.0,10.0,0.0,1,0.0,1.0,10.0,0.0,1,0.0,1.0,10.0,0.0,1,0.0,3.0,10.0,0.0,1
2026-03-23 16:33:52,2969.77,0.0,4.0,20.0,0.0,1,0.0,0.0,20.0,0.0,1,0.0,2.0,10.0,0.0,1,0.0,1.0,10.0,0.0,1,0.0,1.0,10.0,0.0,1,0.0,3.0,10.0,0.0,1
2026-03-23 16:33:52,2970.5,0.0,4.0,20.0,0.0,1,0.0,0.0,20.0,0.0,1,0.0,2.0,10.0,0.0,1,0.0,1.0,10.0,0.0,1,0.0,1.0,10.0,0.0,1,0.0,3.0,10.0,0.0,1
2026-03-23 16:33:53,2971.24,0.0,4.0,20.0,0.0,1,0.0,0.0,20.0,0.0,1,0.0,2.0,10.0,0.0,1,0.0,1.0,10.0,0.0,1,0.0,1.0,10.0,0.0,1,0.0,3.0,10.0,0.0,1
2026-03-23 16:33:54,2972.0,0.0,4.0,20.0,0.0,1,0.0,0.0,20.0,0.0,1,0.0,2.0,10.0,0.0,1,0.0,1.0,10.0,0.0,1,0.0,1.0,10.0,0.0,1,0.0,3.0,10.0,0.0,1
2026-03-23 16:33:55,2972.74,0.0,4.0,20.0,0.0,1,0.0,0.0,20.0,0.0,1,0.0,2.0,10.0,0.0,1,0.0,1.0,10.0,0.0,1,0.0,1.0,10.0,0.0,1,0.0,3.0,10.0,0.0,1
2026-03-23 16:33:55,2973.48,0.0,4.0,20.0,0.0,1,0.0,0.0,20.0,0.0,1,0.0,2.0,10.0,0.0,1,0.0,1.0,10.0,0.0,1,0.0,1.0,10.0,0.0,1,0.0,3.0,10.0,0.0,1
2026-03-23 16:33:56,2974.21,0.0,4.0,20.0,0.0,1,0.0,0.0,20.0,0.0,1,0.0,2.0,10.0,0.0,1,0.0,1.0,10.0,0.0,1,0.0,1.0,10.0,0.0,1,0.0,3.0,10.0,0.0,1
2026-03-23 16:33:57,2974.94,0.0,4.0,20.0,0.0,1,0.0,0.0,20.0,0.0,1,0.0,2.0,10.0,0.0,1,0.0,1.0,10.0,0.0,1,0.0,1.0,10.0,0.0,1,0.0,3.0,10.0,0.0,1
2026-03-23 16:33:57,2975.69,0.0,4.0,20.0,0.0,1,0.0,0.0,20.0,0.0,1,0.0,2.0,10.0,0.0,1,0.0,1.0,10.0,0.0,1,0.0,1.0,10.0,0.0,1,0.0,3.0,10.0,0.0,1
2026-03-23 16:33:58,2976.42,0.0,4.0,20.0,0.0,1,0.0,0.0,20.0,0.0,1,0.0,2.0,10.0,0.0,1,0.0,1.0,10.0,0.0,1,0.0,1.0,10.0,0.0,1,0.0,3.0,10.0,0.0,1
2026-03-23 16:33:59,2977.15,0.0,4.0,20.0,0.0,1,0.0,0.0,20.0,0.0,1,0.0,2.0,10.0,0.0,1,0.0,1.0,10.0,0.0,1,0.0,1.0,10.0,0.0,1,0.0,3.0,10.0,0.0,1
2026-03-23 16:34:00,2977.89,0.0,4.0,20.0,0.0,1,0.0,0.0,20.0,0.0,1,0.0,2.0,10.0,0.0,1,0.0,1.0,10.0,0.0,1,0.0,1.0,10.0,0.0,1,0.0,3.0,10.0,0.0,1
2026-03-23 16:34:00,2978.67,0.0,4.0,20.0,0.0,1,0.0,0.0,20.0,0.0,1,0.0,2.0,10.0,0.0,1,0.0,1.0,10.0,0.0,1,0.0,1.0,10.0,0.0,1,0.0,3.0,10.0,0.0,1
2026-03-23 16:34:01,2979.46,0.0,4.0,20.0,0.0,1,0.0,0.0,20.0,0.0,1,0.0,2.0,10.0,0.0,1,0.0,1.0,10.0,0.0,1,0.0,1.0,10.0,0.0,1,0.0,3.0,10.0,0.0,1
2026-03-23 16:34:02,2980.2,0.0,4.0,20.0,0.0,1,0.0,0.0,20.0,0.0,1,0.0,2.0,10.0,0.0,1,0.0,1.0,10.0,0.0,1,0.0,1.0,10.0,0.0,1,0.0,3.0,10.0,0.0,1
2026-03-23 16:34:03,2980.95,0.0,4.0,20.0,0.0,1,0.0,0.0,20.0,0.0,1,0.0,2.0,10.0,0.0,1,0.0,1.0,10.0,0.0,1,0.0,1.0,10.0,0.0,1,0.0,3.0,10.0,0.0,1
2026-03-23 16:34:04,2981.73,0.0,4.0,20.0,0.0,1,0.0,0.0,20.0,0.0,1,0.0,2.0,10.0,0.0,1,0.0,1.0,10.0,0.0,1,0.0,1.0,10.0,0.0,1,0.0,3.0,10.0,0.0,1
2026-03-23 16:34:04,2982.49,0.0,4.0,20.0,0.0,1,0.0,0.0,20.0,0.0,1,0.0,2.0,10.0,0.0,1,0.0,1.0,10.0,0.0,1,0.0,1.0,10.0,0.0,1,0.0,3.0,10.0,0.0,1
2026-03-23 16:34:05,2983.24,0.0,4.0,20.0,0.0,1,0.0,0.0,20.0,0.0,1,0.0,2.0,10.0,0.0,1,0.0,1.0,10.0,0.0,1,0.0,1.0,10.0,0.0,1,0.0,3.0,10.0,0.0,1
2026-03-23 16:34:06,2984.0,0.0,4.0,20.0,0.0,1,0.0,0.0,20.0,0.0,1,0.0,2.0,10.0,0.0,1,0.0,1.0,10.0,0.0,1,0.0,1.0,10.0,0.0,1,0.0,3.0,10.0,0.0,1
2026-03-23 16:34:07,2984.75,0.0,4.0,20.0,0.0,1,0.0,0.0,20.0,0.0,1,0.0,2.0,10.0,0.0,1,0.0,1.0,10.0,0.0,1,0.0,1.0,10.0,0.0,1,0.0,3.0,10.0,0.0,1
2026-03-23 16:34:07,2985.54,0.0,4.0,20.0,0.0,1,0.0,0.0,20.0,0.0,1,0.0,2.0,10.0,0.0,1,0.0,1.0,10.0,0.0,1,0.0,1.0,10.0,0.0,1,0.0,3.0,10.0,0.0,1
2026-03-23 16:34:08,2986.28,0.0,4.0,20.0,0.0,1,0.0,0.0,20.0,0.0,1,0.0,2.0,10.0,0.0,1,0.0,1.0,10.0,0.0,1,0.0,1.0,10.0,0.0,1,0.0,3.0,10.0,0.0,1
2026-03-23 16:34:09,2987.0,0.0,4.0,20.0,0.0,1,0.0,0.0,20.0,0.0,1,0.0,2.0,10.0,0.0,1,0.0,1.0,10.0,0.0,1,0.0,1.0,10.0,0.0,1,0.0,3.0,10.0,0.0,1
2026-03-23 16:34:10,2987.75,0.0,4.0,20.0,0.0,1,0.0,0.0,20.0,0.0,1,0.0,2.0,10.0,0.0,1,0.0,1.0,10.0,0.0,1,0.0,1.0,10.0,0.0,1,0.0,3.0,10.0,0.0,1
2026-03-23 16:34:10,2988.48,0.0,4.0,20.0,0.0,1,0.0,0.0,20.0,0.0,1,0.0,2.0,10.0,0.0,1,0.0,1.0,10.0,0.0,1,0.0,1.0,10.0,0.0,1,0.0,3.0,10.0,0.0,1
2026-03-23 16:34:11,2989.23,0.0,4.0,20.0,0.0,1,0.0,0.0,20.0,0.0,1,0.0,2.0,10.0,0.0,1,0.0,1.0,10.0,0.0,1,0.0,1.0,10.0,0.0,1,0.0,3.0,10.0,0.0,1
2026-03-23 16:34:12,2989.98,0.0,4.0,20.0,0.0,1,0.0,0.0,20.0,0.0,1,0.0,2.0,10.0,0.0,1,0.0,1.0,10.0,0.0,1,0.0,1.0,10.0,0.0,1,0.0,3.0,10.0,0.0,1
2026-03-23 16:34:13,2990.72,0.0,4.0,20.0,0.0,1,0.0,0.0,20.0,0.0,1,0.0,2.0,10.0,0.0,1,0.0,1.0,10.0,0.0,1,0.0,1.0,10.0,0.0,1,0.0,3.0,10.0,0.0,1
2026-03-23 16:34:13,2991.48,0.0,4.0,20.0,0.0,1,0.0,0.0,20.0,0.0,1,0.0,2.0,10.0,0.0,1,0.0,1.0,10.0,0.0,1,0.0,1.0,10.0,0.0,1,0.0,3.0,10.0,0.0,1
2026-03-23 16:34:14,2992.2,0.0,4.0,20.0,0.0,1,0.0,0.0,20.0,0.0,1,0.0,2.0,10.0,0.0,1,0.0,1.0,10.0,0.0,1,0.0,1.0,10.0,0.0,1,0.0,3.0,10.0,0.0,1
2026-03-23 16:34:15,2992.96,0.0,4.0,20.0,0.0,1,0.0,0.0,20.0,0.0,1,0.0,2.0,10.0,0.0,1,0.0,1.0,10.0,0.0,1,0.0,1.0,10.0,0.0,1,0.0,3.0,10.0,0.0,1
2026-03-23 16:34:15,2993.69,0.0,4.0,20.0,0.0,1,0.0,0.0,20.0,0.0,1,0.0,2.0,10.0,0.0,1,0.0,1.0,10.0,0.0,1,0.0,1.0,10.0,0.0,1,0.0,3.0,10.0,0.0,1
2026-03-23 16:34:16,2994.43,0.0,4.0,20.0,0.0,1,0.0,0.0,20.0,0.0,1,0.0,2.0,10.0,0.0,1,0.0,1.0,10.0,0.0,1,0.0,1.0,10.0,0.0,1,0.0,3.0,10.0,0.0,1
2026-03-23 16:34:17,2995.17,0.0,4.0,20.0,0.0,1,0.0,0.0,20.0,0.0,1,0.0,2.0,10.0,0.0,1,0.0,1.0,10.0,0.0,1,0.0,1.0,10.0,0.0,1,0.0,3.0,10.0,0.0,1
2026-03-23 16:34:18,2995.88,0.0,4.0,20.0,0.0,1,0.0,0.0,20.0,0.0,1,0.0,2.0,10.0,0.0,1,0.0,1.0,10.0,0.0,1,0.0,1.0,10.0,0.0,1,0.0,3.0,10.0,0.0,1
2026-03-23 16:34:18,2996.63,0.0,4.0,20.0,0.0,1,0.0,0.0,20.0,0.0,1,0.0,2.0,10.0,0.0,1,0.0,1.0,10.0,0.0,1,0.0,1.0,10.0,0.0,1,0.0,3.0,10.0,0.0,1
2026-03-23 16:34:19,2997.41,0.0,4.0,20.0,0.0,1,0.0,0.0,20.0,0.0,1,0.0,2.0,10.0,0.0,1,0.0,1.0,10.0,0.0,1,0.0,1.0,10.0,0.0,1,0.0,3.0,10.0,0.0,1
2026-03-23 16:34:20,2997.92,0.0,4.0,20.0,0.0,1,0.0,0.0,20.0,0.0,1,0.0,2.0,10.0,0.0,1,0.0,1.0,10.0,0.0,1,0.0,1.0,10.0,0.0,1,0.0,3.0,10.0,0.0,1
2026-03-23 16:34:20,2998.15,0.0,4.0,20.0,0.0,0,0.0,0.0,20.0,0.0,0,0.0,2.0,10.0,0.0,0,0.0,1.0,10.0,0.0,0,0.0,1.0,10.0,0.0,0,0.0,3.0,10.0,0.0,0
2026-03-23 16:34:21,2998.89,0.0,4.0,20.0,0.0,0,0.0,0.0,20.0,0.0,0,0.0,2.0,10.0,0.0,0,0.0,1.0,10.0,0.0,0,0.0,1.0,10.0,0.0,0,0.0,3.0,10.0,0.0,0
2026-03-23 16:34:21,2999.65,0.0,4.0,20.0,0.0,0,0.0,0.0,20.0,0.0,0,0.0,2.0,10.0,0.0,0,0.0,1.0,10.0,0.0,0,0.0,1.0,10.0,0.0,0,0.0,3.0,10.0,0.0,0
2026-03-23 16:34:22,3000.38,0.0,4.0,20.0,0.0,0,0.0,0.0,20.0,0.0,0,0.0,2.0,10.0,0.0,0,0.0,1.0,10.0,0.0,0,0.0,1.0,10.0,0.0,0,0.0,3.0,10.0,0.0,0
2026-03-23 16:34:23,3001.1,0.0,41.0,20.0,0.0,0,0.0,61.0,20.0,0.0,0,0.0,33.0,10.0,0.0,0,0.0,31.0,10.0,0.0,0,0.0,29.0,10.0,0.0,0,0.0,48.0,10.0,0.10000000149011612,0
2026-03-23 16:34:24,3001.85,0.0,34.0,20.0,0.0,0,0.0,58.0,20.0,0.0,0,0.0,32.0,10.0,0.0,0,0.0,31.0,10.0,0.0,0,0.0,33.0,10.0,0.0,0,0.0,62.0,10.0,0.0,0
2026-03-23 16:34:24,3002.58,0.0,31.0,20.0,0.0,0,0.0,53.0,20.0,0.0,0,0.0,29.0,10.0,0.0,0,0.0,28.0,10.0,0.0,0,0.0,30.0,10.0,0.0,0,0.0,58.0,10.0,0.0,0
2026-03-23 16:34:25,3003.3,0.0,28.0,20.0,0.0,0,0.0,48.0,20.0,0.0,0,0.0,26.0,10.0,0.0,0,0.0,25.0,10.0,0.0,0,0.0,28.0,10.0,0.0,0,0.0,54.0,10.0,0.0,0
2026-03-23 16:34:26,3004.04,0.0,24.0,20.0,0.0,0,0.0,41.0,20.0,0.0,0,0.0,22.0,10.0,0.0,0,0.0,21.0,10.0,0.0,0,0.0,23.0,10.0,0.0,0,0.0,46.0,10.0,0.0,0
2026-03-23 16:34:27,3004.77,0.0,22.0,20.0,0.0,0,0.0,37.0,20.0,0.0,0,0.0,21.0,10.0,0.0,0,0.0,20.0,10.0,0.0,0,0.0,21.0,10.0,0.0,0,0.0,42.0,10.0,0.0,0
2026-03-23 16:34:27,3005.59,0.0,19.0,20.0,0.0,0,0.0,31.0,20.0,0.0,0,0.0,18.0,10.0,0.0,0,0.0,17.0,10.0,0.0,0,0.0,18.0,10.0,0.0,0,0.0,36.0,10.0,0.0,0
2026-03-23 16:34:28,3006.33,0.0,18.0,20.0,0.0,0,0.0,29.0,20.0,0.0,0,0.0,16.0,10.0,0.0,0,0.0,15.0,10.0,0.0,0,0.0,17.0,10.0,0.0,0,0.0,34.0,10.0,0.0,0
2026-03-23 16:34:29,3007.07,0.0,17.0,20.0,0.0,0,0.0,26.0,20.0,0.0,0,0.0,15.0,10.0,0.0,0,0.0,14.0,10.0,0.0,0,0.0,16.0,10.0,0.0,0,0.0,31.0,10.0,0.0,0
2026-03-23 16:34:30,3007.82,0.0,15.0,20.0,0.0,0,0.0,24.0,20.0,0.0,0,0.0,14.0,10.0,0.0,0,0.0,13.0,10.0,0.0,0,0.0,14.0,10.0,0.0,0,0.0,29.0,10.0,0.0,0
2026-03-23 16:34:30,3008.54,0.0,14.0,20.0,0.0,0,0.0,22.0,20.0,0.0,0,0.0,13.0,10.0,0.0,0,0.0,12.0,10.0,0.0,0,0.0,13.0,10.0,0.0,0,0.0,27.0,10.0,0.0,0
2026-03-23 16:34:31,3009.29,0.0,14.0,20.0,0.0,0,0.0,20.0,20.0,0.0,0,0.0,12.0,10.0,0.0,0,0.0,11.0,10.0,0.0,0,0.0,12.0,10.0,0.0,0,0.0,25.0,10.0,0.0,0
2026-03-23 16:34:32,3010.08,0.0,13.0,20.0,0.0,0,0.0,18.0,20.0,0.0,0,0.0,11.0,10.0,0.0,0,0.0,10.0,10.0,0.0,0,0.0,11.0,10.0,0.0,0,0.0,24.0,10.0,0.0,0
2026-03-23 16:34:33,3010.81,0.0,12.0,20.0,0.0,0,0.0,16.0,20.0,0.0,0,0.0,10.0,10.0,0.0,0,0.0,9.0,10.0,0.0,0,0.0,11.0,10.0,0.0,0,0.0,22.0,10.0,0.0,0
2026-03-23 16:34:33,3011.53,0.0,11.0,20.0,0.0,0,0.0,15.0,20.0,0.0,0,0.0,9.0,10.0,0.0,0,0.0,8.0,10.0,0.0,0,0.0,10.0,10.0,0.0,0,0.0,20.0,10.0,0.0,0
2026-03-23 16:34:34,3012.25,0.0,10.0,20.0,0.0,0,0.0,14.0,20.0,0.0,0,0.0,8.0,10.0,0.0,0,0.0,8.0,10.0,0.0,0,0.0,9.0,10.0,0.0,0,0.0,19.0,10.0,0.0,0
2026-03-23 16:34:35,3012.98,0.0,10.0,20.0,0.0,0,0.0,13.0,20.0,0.0,0,0.0,8.0,10.0,0.0,0,0.0,7.0,10.0,0.0,0,0.0,8.0,10.0,0.0,0,0.0,18.0,10.0,0.0,0
2026-03-23 16:34:36,3013.72,0.0,8.0,20.0,0.0,0,0.0,10.0,20.0,0.0,0,0.0,7.0,10.0,0.0,0,0.0,6.0,10.0,0.0,0,0.0,7.0,10.0,0.0,0,0.0,15.0,10.0,0.0,0
2026-03-23 16:34:36,3014.45,0.0,8.0,20.0,0.0,0,0.0,9.0,20.0,0.0,0,0.0,6.0,10.0,0.0,0,0.0,5.0,10.0,0.0,0,0.0,7.0,10.0,0.0,0,0.0,14.0,10.0,0.0,0
2026-03-23 16:34:37,3015.17,0.0,8.0,20.0,0.0,0,0.0,9.0,20.0,0.0,0,0.0,6.0,10.0,0.0,0,0.0,5.0,10.0,0.0,0,0.0,6.0,10.0,0.0,0,0.0,13.0,10.0,0.0,0
2026-03-23 16:34:38,3015.92,0.0,7.0,20.0,0.0,0,0.0,7.0,20.0,0.0,0,0.0,5.0,10.0,0.0,0,0.0,4.0,10.0,0.0,0,0.0,5.0,10.0,0.0,0,0.0,12.0,10.0,0.0,0
2026-03-23 16:34:39,3016.71,0.0,6.0,20.0,0.0,0,0.0,6.0,20.0,0.0,0,0.0,5.0,10.0,0.0,0,0.0,4.0,10.0,0.0,0,0.0,5.0,10.0,0.0,0,0.0,11.0,10.0,0.0,0
2026-03-23 16:34:39,3017.43,0.0,6.0,20.0,0.0,0,0.0,6.0,20.0,0.0,0,0.0,4.0,10.0,0.0,0,0.0,4.0,10.0,0.0,0,0.0,5.0,10.0,0.0,0,0.0,10.0,10.0,0.0,0
2026-03-23 16:34:40,3018.18,0.0,6.0,20.0,0.0,0,0.0,5.0,20.0,0.0,0,0.0,4.0,10.0,0.0,0,0.0,3.0,10.0,0.0,0,0.0,5.0,10.0,0.0,0,0.0,9.0,10.0,0.0,0
2026-03-23 16:34:41,3018.9,0.0,6.0,20.0,0.0,0,0.0,4.0,20.0,0.0,0,0.0,4.0,10.0,0.0,0,0.0,3.0,10.0,0.0,0,0.0,4.0,10.0,0.0,0,0.0,9.0,10.0,0.0,0
2026-03-23 16:34:41,3019.69,0.0,5.0,20.0,0.0,0,0.0,4.0,20.0,0.0,0,0.0,3.0,10.0,0.0,0,0.0,3.0,10.0,0.0,0,0.0,4.0,10.0,0.0,0,0.0,9.0,10.0,0.0,0
2026-03-23 16:34:42,3020.49,0.0,5.0,20.0,0.0,0,0.0,4.0,20.0,0.0,0,0.0,3.0,10.0,0.0,0,0.0,3.0,10.0,0.0,0,0.0,4.0,10.0,0.0,0,0.0,8.0,10.0,0.0,0
2026-03-23 16:34:43,3021.22,0.0,5.0,20.0,0.0,0,0.0,3.0,20.0,0.0,0,0.0,3.0,10.0,0.0,0,0.0,2.0,10.0,0.0,0,0.0,4.0,10.0,0.0,0,0.0,8.0,10.0,0.0,0
2026-03-23 16:34:44,3021.99,0.0,5.0,20.0,0.0,0,0.0,3.0,20.0,0.0,0,0.0,3.0,10.0,0.0,0,0.0,2.0,10.0,0.0,0,0.0,3.0,10.0,0.0,0,0.0,7.0,10.0,0.0,0
2026-03-23 16:34:45,3022.75,0.0,4.0,20.0,0.0,0,0.0,2.0,20.0,0.0,0,0.0,2.0,10.0,0.0,0,0.0,1.0,10.0,0.0,0,0.0,3.0,10.0,0.0,0,0.0,6.0,10.0,0.0,0
2026-03-23 16:34:45,3023.47,0.0,4.0,20.0,0.0,0,0.0,1.0,20.0,0.0,0,0.0,2.0,10.0,0.0,0,0.0,1.0,10.0,0.0,0,0.0,2.0,10.0,0.0,0,0.0,6.0,10.0,0.0,0
2026-03-23 16:34:46,3024.2,0.0,4.0,20.0,0.0,0,0.0,1.0,20.0,0.0,0,0.0,2.0,10.0,0.0,0,0.0,1.0,10.0,0.0,0,0.0,2.0,10.0,0.0,0,0.0,5.0,10.0,0.0,0
2026-03-23 16:34:47,3024.91,0.0,4.0,20.0,0.0,0,0.0,1.0,20.0,0.0,0,0.0,2.0,10.0,0.0,0,0.0,1.0,10.0,0.0,0,0.0,2.0,10.0,0.0,0,0.0,5.0,10.0,0.0,0
2026-03-23 16:34:47,3025.62,0.0,4.0,20.0,0.0,0,0.0,1.0,20.0,0.0,0,0.0,2.0,10.0,0.0,0,0.0,1.0,10.0,0.0,0,0.0,2.0,10.0,0.0,0,0.0,5.0,10.0,0.0,0
2026-03-23 16:34:48,3026.35,0.0,3.0,20.0,0.0,0,0.0,1.0,20.0,0.0,0,0.0,2.0,10.0,0.0,0,0.0,1.0,10.0,0.0,0,0.0,2.0,10.0,0.0,0,0.0,5.0,10.0,0.0,0
2026-03-23 16:34:49,3027.07,0.0,3.0,20.0,0.0,0,0.0,0.0,20.0,0.0,0,0.0,2.0,10.0,0.0,0,0.0,0.0,10.0,0.0,0,0.0,2.0,10.0,0.0,0,0.0,4.0,10.0,0.0,0
2026-03-23 16:34:50,3027.81,0.0,3.0,20.0,0.0,0,0.0,0.0,20.0,0.0,0,0.0,1.0,10.0,0.0,0,0.0,0.0,10.0,0.0,0,0.0,2.0,10.0,0.0,0,0.0,4.0,10.0,0.0,0
2026-03-23 16:34:50,3028.55,0.0,3.0,20.0,0.0,0,0.0,0.0,20.0,0.0,0,0.0,1.0,10.0,0.0,0,0.0,0.0,10.0,0.0,0,0.0,2.0,10.0,0.0,0,0.0,4.0,10.0,0.0,0
2026-03-23 16:34:51,3029.27,0.0,3.0,20.0,0.0,0,0.0,0.0,20.0,0.0,0,0.0,1.0,10.0,0.0,0,0.0,0.0,10.0,0.0,0,0.0,1.0,10.0,0.0,0,0.0,4.0,10.0,0.0,0
2026-03-23 16:34:52,3029.99,0.0,3.0,20.0,0.0,0,0.0,0.0,20.0,0.0,0,0.0,1.0,10.0,0.0,0,0.0,0.0,10.0,0.0,0,0.0,1.0,10.0,0.0,0,0.0,4.0,10.0,0.0,0
2026-03-23 16:34:53,3030.71,0.0,3.0,20.0,0.0,0,0.0,0.0,20.0,0.0,0,0.0,1.0,10.0,0.0,0,0.0,0.0,10.0,0.0,0,0.0,1.0,10.0,0.0,0,0.0,4.0,10.0,0.0,0
2026-03-23 16:34:53,3031.43,0.0,3.0,20.0,0.0,0,0.0,0.0,20.0,0.0,0,0.0,1.0,10.0,0.0,0,0.0,0.0,10.0,0.0,0,0.0,1.0,10.0,0.0,0,0.0,3.0,10.0,0.0,0
2026-03-23 16:34:54,3032.14,0.0,3.0,20.0,0.0,0,0.0,0.0,20.0,0.0,0,0.0,1.0,10.0,0.0,0,0.0,0.0,10.0,0.0,0,0.0,1.0,10.0,0.0,0,0.0,3.0,10.0,0.0,0
2026-03-23 16:34:55,3032.85,0.0,3.0,20.0,0.0,0,0.0,0.0,20.0,0.0,0,0.0,1.0,10.0,0.0,0,0.0,0.0,10.0,0.0,0,0.0,1.0,10.0,0.0,0,0.0,3.0,10.0,0.0,0
2026-03-23 16:34:55,3033.57,0.0,3.0,20.0,0.0,0,0.0,0.0,20.0,0.0,0,0.0,1.0,10.0,0.0,0,0.0,0.0,10.0,0.0,0,0.0,1.0,10.0,0.0,0,0.0,3.0,10.0,0.0,0
2026-03-23 16:34:56,3034.29,0.0,3.0,20.0,0.0,0,0.0,0.0,20.0,0.0,0,0.0,1.0,10.0,0.0,0,0.0,0.0,10.0,0.0,0,0.0,1.0,10.0,0.0,0,0.0,3.0,10.0,0.0,0
2026-03-23 16:34:57,3035.0,0.0,2.0,20.0,0.0,0,0.0,0.0,20.0,0.0,0,0.0,1.0,10.0,0.0,0,0.0,0.0,10.0,0.0,0,0.0,1.0,10.0,0.0,0,0.0,3.0,10.0,0.0,0
2026-03-23 16:34:58,3035.72,0.0,2.0,20.0,0.0,0,0.0,0.0,20.0,0.0,0,0.0,1.0,10.0,0.0,0,0.0,0.0,10.0,0.0,0,0.0,1.0,10.0,0.0,0,0.0,3.0,10.0,0.0,0
2026-03-23 16:34:58,3036.44,0.0,2.0,20.0,0.0,0,0.0,0.0,20.0,0.0,0,0.0,1.0,10.0,0.0,0,0.0,0.0,10.0,0.0,0,0.0,1.0,10.0,0.0,0,0.0,3.0,10.0,0.0,0
2026-03-23 16:34:59,3037.2,0.0,2.0,20.0,0.0,0,0.0,0.0,20.0,0.0,0,0.0,1.0,10.0,0.0,0,0.0,0.0,10.0,0.0,0,0.0,1.0,10.0,0.0,0,0.0,2.0,10.0,0.0,0
2026-03-23 16:35:00,3037.91,0.0,2.0,20.0,0.0,0,0.0,0.0,20.0,0.0,0,0.0,1.0,10.0,0.0,0,0.0,0.0,10.0,0.0,0,0.0,1.0,10.0,0.0,0,0.0,2.0,10.0,0.0,0
2026-03-23 16:35:00,3038.66,0.0,2.0,20.0,0.0,0,0.0,0.0,20.0,0.0,0,0.0,1.0,10.0,0.0,0,0.0,0.0,10.0,0.0,0,0.0,1.0,10.0,0.0,0,0.0,2.0,10.0,0.0,0
2026-03-23 16:35:01,3039.39,0.0,2.0,20.0,0.0,0,0.0,0.0,20.0,0.0,0,0.0,1.0,10.0,0.0,0,0.0,0.0,10.0,0.0,0,0.0,1.0,10.0,0.0,0,0.0,2.0,10.0,0.0,0
2026-03-23 16:35:02,3040.13,0.0,2.0,20.0,0.0,0,0.0,0.0,20.0,0.0,0,0.0,1.0,10.0,0.0,0,0.0,0.0,10.0,0.0,0,0.0,1.0,10.0,0.0,0,0.0,2.0,10.0,0.0,0
2026-03-23 16:35:03,3040.87,0.0,2.0,20.0,0.0,0,0.0,0.0,20.0,0.0,0,0.0,1.0,10.0,0.0,0,0.0,0.0,10.0,0.0,0,0.0,1.0,10.0,0.0,0,0.0,2.0,10.0,0.0,0
2026-03-23 16:35:03,3041.59,0.0,2.0,20.0,0.0,0,0.0,0.0,20.0,0.0,0,0.0,1.0,10.0,0.0,0,0.0,0.0,10.0,0.0,0,0.0,1.0,10.0,0.0,0,0.0,2.0,10.0,0.0,0
2026-03-23 16:35:04,3042.32,0.0,2.0,20.0,0.0,0,0.0,0.0,20.0,0.0,0,0.0,1.0,10.0,0.0,0,0.0,0.0,10.0,0.0,0,0.0,1.0,10.0,0.0,0,0.0,2.0,10.0,0.0,0
2026-03-23 16:35:05,3043.06,0.0,2.0,20.0,0.0,0,0.0,0.0,20.0,0.0,0,0.0,1.0,10.0,0.0,0,0.0,0.0,10.0,0.0,0,0.0,1.0,10.0,0.0,0,0.0,2.0,10.0,0.0,0
2026-03-23 16:35:06,3043.81,0.0,2.0,20.0,0.0,0,0.0,0.0,20.0,0.0,0,0.0,1.0,10.0,0.0,0,0.0,0.0,10.0,0.0,0,0.0,0.0,10.0,0.0,0,0.0,2.0,10.0,0.0,0
2026-03-23 16:35:06,3044.54,0.0,2.0,20.0,0.0,0,0.0,0.0,20.0,0.0,0,0.0,1.0,10.0,0.0,0,0.0,0.0,10.0,0.0,0,0.0,0.0,10.0,0.0,0,0.0,2.0,10.0,0.0,0
2026-03-23 16:35:07,3045.32,0.0,2.0,20.0,0.0,0,0.0,0.0,20.0,0.0,0,0.0,0.0,10.0,0.0,0,0.0,0.0,10.0,0.0,0,0.0,0.0,10.0,0.0,0,0.0,2.0,10.0,0.0,0
2026-03-23 16:35:08,3046.03,0.0,2.0,20.0,0.0,0,0.0,0.0,20.0,0.0,0,0.0,0.0,10.0,0.0,0,0.0,0.0,10.0,0.0,0,0.0,0.0,10.0,0.0,0,0.0,2.0,10.0,0.0,0
2026-03-23 16:35:09,3046.77,0.0,2.0,20.0,0.0,0,0.0,0.0,20.0,0.0,0,0.0,0.0,10.0,0.0,0,0.0,0.0,10.0,0.0,0,0.0,0.0,10.0,0.0,0,0.0,2.0,10.0,0.0,0
2026-03-23 16:35:09,3047.5,0.0,2.0,20.0,0.0,0,0.0,0.0,20.0,0.0,0,0.0,0.0,10.0,0.0,0,0.0,0.0,10.0,0.0,0,0.0,0.0,10.0,0.0,0,0.0,2.0,10.0,0.0,0
2026-03-23 16:35:10,3048.22,0.0,2.0,20.0,0.0,0,0.0,0.0,20.0,0.0,0,0.0,0.0,10.0,0.0,0,0.0,0.0,10.0,0.0,0,0.0,0.0,10.0,0.0,0,0.0,2.0,10.0,0.0,0
2026-03-23 16:35:11,3048.94,0.0,2.0,20.0,0.0,0,0.0,0.0,20.0,0.0,0,0.0,0.0,10.0,0.0,0,0.0,0.0,10.0,0.0,0,0.0,0.0,10.0,0.0,0,0.0,2.0,10.0,0.0,0
2026-03-23 16:35:11,3049.68,0.0,2.0,20.0,0.0,0,0.0,0.0,20.0,0.0,0,0.0,0.0,10.0,0.0,0,0.0,0.0,10.0,0.0,0,0.0,0.0,10.0,0.0,0,0.0,2.0,10.0,0.0,0
2026-03-23 16:35:12,3050.43,0.0,2.0,20.0,0.0,0,0.0,0.0,20.0,0.0,0,0.0,0.0,10.0,0.0,0,0.0,0.0,10.0,0.0,0,0.0,0.0,10.0,0.0,0,0.0,2.0,10.0,0.0,0
2026-03-23 16:35:13,3051.15,0.0,2.0,20.0,0.0,0,0.0,0.0,20.0,0.0,0,0.0,0.0,10.0,0.0,0,0.0,0.0,10.0,0.0,0,0.0,0.0,10.0,0.0,0,0.0,2.0,10.0,0.0,0
2026-03-23 16:35:14,3051.87,0.0,2.0,20.0,0.0,0,0.0,0.0,20.0,0.0,0,0.0,0.0,10.0,0.0,0,0.0,0.0,10.0,0.0,0,0.0,0.0,10.0,0.0,0,0.0,2.0,10.0,0.0,0
2026-03-23 16:35:14,3052.6,0.0,2.0,20.0,0.0,0,0.0,0.0,20.0,0.0,0,0.0,0.0,10.0,0.0,0,0.0,0.0,10.0,0.0,0,0.0,0.0,10.0,0.0,0,0.0,1.0,10.0,0.0,0
2026-03-23 16:35:15,3053.32,0.0,2.0,20.0,0.0,0,0.0,0.0,20.0,0.0,0,0.0,0.0,10.0,0.0,0,0.0,0.0,10.0,0.0,0,0.0,0.0,10.0,0.0,0,0.0,1.0,10.0,0.0,0
2026-03-23 16:35:16,3054.04,0.0,2.0,20.0,0.0,0,0.0,0.0,20.0,0.0,0,0.0,0.0,10.0,0.0,0,0.0,0.0,10.0,0.0,0,0.0,0.0,10.0,0.0,0,0.0,1.0,10.0,0.0,0
2026-03-23 16:35:17,3054.77,0.0,2.0,20.0,0.0,0,0.0,0.0,20.0,0.0,0,0.0,0.0,10.0,0.0,0,0.0,0.0,10.0,0.0,0,0.0,0.0,10.0,0.0,0,0.0,1.0,10.0,0.0,0
2026-03-23 16:35:17,3055.48,0.0,2.0,20.0,0.0,0,0.0,0.0,20.0,0.0,0,0.0,0.0,10.0,0.0,0,0.0,0.0,10.0,0.0,0,0.0,0.0,10.0,0.0,0,0.0,1.0,10.0,0.0,0
2026-03-23 16:35:18,3056.2,0.0,2.0,20.0,0.0,0,0.0,0.0,20.0,0.0,0,0.0,0.0,10.0,0.0,0,0.0,0.0,10.0,0.0,0,0.0,0.0,10.0,0.0,0,0.0,1.0,10.0,0.0,0
2026-03-23 16:35:19,3056.92,0.0,2.0,20.0,0.0,0,0.0,0.0,20.0,0.0,0,0.0,0.0,10.0,0.0,0,0.0,0.0,10.0,0.0,0,0.0,0.0,10.0,0.0,0,0.0,1.0,10.0,0.0,0
2026-03-23 16:35:19,3057.65,0.0,2.0,20.0,0.0,0,0.0,0.0,20.0,0.0,0,0.0,0.0,10.0,0.0,0,0.0,0.0,10.0,0.0,0,0.0,0.0,10.0,0.0,0,0.0,1.0,10.0,0.0,0
2026-03-23 16:35:20,3058.37,0.0,2.0,20.0,0.0,0,0.0,0.0,20.0,0.0,0,0.0,0.0,10.0,0.0,0,0.0,0.0,10.0,0.0,0,0.0,0.0,10.0,0.0,0,0.0,1.0,10.0,0.0,0
2026-03-23 16:35:21,3059.09,0.0,2.0,20.0,0.0,0,0.0,0.0,20.0,0.0,0,0.0,0.0,10.0,0.0,0,0.0,0.0,10.0,0.0,0,0.0,0.0,10.0,0.0,0,0.0,1.0,10.0,0.0,0
2026-03-23 16:35:22,3059.82,0.0,2.0,20.0,0.0,0,0.0,0.0,20.0,0.0,0,0.0,0.0,10.0,0.0,0,0.0,0.0,10.0,0.0,0,0.0,0.0,10.0,0.0,0,0.0,1.0,10.0,0.0,0
2026-03-23 16:35:22,3060.6,0.0,2.0,20.0,0.0,0,0.0,0.0,20.0,0.0,0,0.0,0.0,10.0,0.0,0,0.0,0.0,10.0,0.0,0,0.0,0.0,10.0,0.0,0,0.0,1.0,10.0,0.0,0
2026-03-23 16:35:23,3061.32,0.0,2.0,20.0,0.0,0,0.0,0.0,20.0,0.0,0,0.0,0.0,10.0,0.0,0,0.0,0.0,10.0,0.0,0,0.0,0.0,10.0,0.0,0,0.0,1.0,10.0,0.0,0
2026-03-23 16:35:24,3062.03,0.0,2.0,20.0,0.0,0,0.0,0.0,20.0,0.0,0,0.0,0.0,10.0,0.0,0,0.0,0.0,10.0,0.0,0,0.0,0.0,10.0,0.0,0,0.0,1.0,10.0,0.0,0
2026-03-23 16:35:25,3062.74,0.0,2.0,20.0,0.0,0,0.0,0.0,20.0,0.0,0,0.0,0.0,10.0,0.0,0,0.0,0.0,10.0,0.0,0,0.0,0.0,10.0,0.0,0,0.0,1.0,10.0,0.0,0
2026-03-23 16:35:25,3063.47,0.0,2.0,20.0,0.0,0,0.0,0.0,20.0,0.0,0,0.0,0.0,10.0,0.0,0,0.0,0.0,10.0,0.0,0,0.0,0.0,10.0,0.0,0,0.0,1.0,10.0,0.0,0
2026-03-23 16:35:26,3064.19,0.0,2.0,20.0,0.0,0,0.0,0.0,20.0,0.0,0,0.0,0.0,10.0,0.0,0,0.0,0.0,10.0,0.0,0,0.0,0.0,10.0,0.0,0,0.0,1.0,10.0,0.0,0
2026-03-23 16:35:27,3064.91,0.0,2.0,20.0,0.0,0,0.0,0.0,20.0,0.0,0,0.0,0.0,10.0,0.0,0,0.0,0.0,10.0,0.0,0,0.0,0.0,10.0,0.0,0,0.0,1.0,10.0,0.0,0
2026-03-23 16:35:27,3065.64,0.0,1.0,20.0,0.0,0,0.0,0.0,20.0,0.0,0,0.0,0.0,10.0,0.0,0,0.0,0.0,10.0,0.0,0,0.0,0.0,10.0,0.0,0,0.0,1.0,10.0,0.0,0
2026-03-23 16:35:28,3066.36,0.0,1.0,20.0,0.0,0,0.0,0.0,20.0,0.0,0,0.0,0.0,10.0,0.0,0,0.0,0.0,10.0,0.0,0,0.0,0.0,10.0,0.0,0,0.0,1.0,10.0,0.0,0
2026-03-23 16:35:29,3067.08,0.0,1.0,20.0,0.0,0,0.0,0.0,20.0,0.0,0,0.0,0.0,10.0,0.0,0,0.0,0.0,10.0,0.0,0,0.0,0.0,10.0,0.0,0,0.0,1.0,10.0,0.0,0
2026-03-23 16:35:30,3067.81,0.0,1.0,20.0,0.0,0,0.0,0.0,20.0,0.0,0,0.0,0.0,10.0,0.0,0,0.0,0.0,10.0,0.0,0,0.0,0.0,10.0,0.0,0,0.0,1.0,10.0,0.0,0
2026-03-23 16:35:30,3068.55,0.0,1.0,20.0,0.0,0,0.0,0.0,20.0,0.0,0,0.0,0.0,10.0,0.0,0,0.0,0.0,10.0,0.0,0,0.0,0.0,10.0,0.0,0,0.0,1.0,10.0,0.0,0
2026-03-23 16:35:31,3069.3,0.0,1.0,20.0,0.0,0,0.0,0.0,20.0,0.0,0,0.0,0.0,10.0,0.0,0,0.0,0.0,10.0,0.0,0,0.0,0.0,10.0,0.0,0,0.0,1.0,10.0,0.0,0
2026-03-23 16:35:32,3070.03,0.0,1.0,20.0,0.0,0,0.0,0.0,20.0,0.0,0,0.0,0.0,10.0,0.0,0,0.0,0.0,10.0,0.0,0,0.0,0.0,10.0,0.0,0,0.0,1.0,10.0,0.0,0
2026-03-23 16:35:33,3070.75,0.0,1.0,20.0,0.0,0,0.0,0.0,20.0,0.0,0,0.0,0.0,10.0,0.0,0,0.0,0.0,10.0,0.0,0,0.0,0.0,10.0,0.0,0,0.0,1.0,10.0,0.0,0
2026-03-23 16:35:33,3071.48,0.0,1.0,20.0,0.0,0,0.0,0.0,20.0,0.0,0,0.0,0.0,10.0,0.0,0,0.0,0.0,10.0,0.0,0,0.0,0.0,10.0,0.0,0,0.0,1.0,10.0,0.0,0
2026-03-23 16:35:34,3072.19,0.0,1.0,20.0,0.0,0,0.0,0.0,20.0,0.0,0,0.0,0.0,10.0,0.0,0,0.0,0.0,10.0,0.0,0,0.0,0.0,10.0,0.0,0,0.0,1.0,10.0,0.0,0
2026-03-23 16:35:35,3072.91,0.0,1.0,20.0,0.0,0,0.0,0.0,20.0,0.0,0,0.0,0.0,10.0,0.0,0,0.0,0.0,10.0,0.0,0,0.0,0.0,10.0,0.0,0,0.0,1.0,10.0,0.0,0
2026-03-23 16:35:35,3073.64,0.0,1.0,20.0,0.0,0,0.0,0.0,20.0,0.0,0,0.0,0.0,10.0,0.0,0,0.0,0.0,10.0,0.0,0,0.0,0.0,10.0,0.0,0,0.0,1.0,10.0,0.0,0
2026-03-23 16:35:36,3074.36,0.0,1.0,20.0,0.0,0,0.0,0.0,20.0,0.0,0,0.0,0.0,10.0,0.0,0,0.0,0.0,10.0,0.0,0,0.0,0.0,10.0,0.0,0,0.0,1.0,10.0,0.0,0
2026-03-23 16:35:37,3075.08,0.0,1.0,20.0,0.0,0,0.0,0.0,20.0,0.0,0,0.0,0.0,10.0,0.0,0,0.0,0.0,10.0,0.0,0,0.0,0.0,10.0,0.0,0,0.0,1.0,10.0,0.0,0
2026-03-23 16:35:38,3075.8,0.0,1.0,20.0,0.0,0,0.0,0.0,20.0,0.0,0,0.0,0.0,10.0,0.0,0,0.0,0.0,10.0,0.0,0,0.0,0.0,10.0,0.0,0,0.0,1.0,10.0,0.0,0
2026-03-23 16:35:38,3076.53,0.0,1.0,20.0,0.0,0,0.0,0.0,20.0,0.0,0,0.0,0.0,10.0,0.0,0,0.0,0.0,10.0,0.0,0,0.0,0.0,10.0,0.0,0,0.0,1.0,10.0,0.0,0
2026-03-23 16:35:39,3077.24,0.0,1.0,20.0,0.0,0,0.0,0.0,20.0,0.0,0,0.0,0.0,10.0,0.0,0,0.0,0.0,10.0,0.0,0,0.0,0.0,10.0,0.0,0,0.0,1.0,10.0,0.0,0
2026-03-23 16:35:40,3077.97,0.0,1.0,20.0,0.0,0,0.0,0.0,20.0,0.0,0,0.0,0.0,10.0,0.0,0,0.0,0.0,10.0,0.0,0,0.0,0.0,10.0,0.0,0,0.0,1.0,10.0,0.0,0
2026-03-23 16:35:40,3078.69,0.0,1.0,20.0,0.0,0,0.0,0.0,20.0,0.0,0,0.0,0.0,10.0,0.0,0,0.0,0.0,10.0,0.0,0,0.0,0.0,10.0,0.0,0,0.0,1.0,10.0,0.0,0
2026-03-23 16:35:41,3079.42,0.0,1.0,20.0,0.0,0,0.0,0.0,20.0,0.0,0,0.0,0.0,10.0,0.0,0,0.0,0.0,10.0,0.0,0,0.0,0.0,10.0,0.0,0,0.0,1.0,10.0,0.0,0
2026-03-23 16:35:42,3080.14,0.0,1.0,20.0,0.0,0,0.0,0.0,20.0,0.0,0,0.0,0.0,10.0,0.0,0,0.0,0.0,10.0,0.0,0,0.0,0.0,10.0,0.0,0,0.0,1.0,10.0,0.0,0
2026-03-23 16:35:43,3080.86,0.0,1.0,20.0,0.0,0,0.0,0.0,20.0,0.0,0,0.0,0.0,10.0,0.0,0,0.0,0.0,10.0,0.0,0,0.0,0.0,10.0,0.0,0,0.0,1.0,10.0,0.0,0
2026-03-23 16:35:43,3081.6,0.0,1.0,20.0,0.0,0,0.0,0.0,20.0,0.0,0,0.0,0.0,10.0,0.0,0,0.0,0.0,10.0,0.0,0,0.0,0.0,10.0,0.0,0,0.0,1.0,10.0,0.0,0
2026-03-23 16:35:44,3082.35,0.0,1.0,20.0,0.0,0,0.0,0.0,20.0,0.0,0,0.0,0.0,10.0,0.0,0,0.0,0.0,10.0,0.0,0,0.0,0.0,10.0,0.0,0,0.0,1.0,10.0,0.0,0
2026-03-23 16:35:45,3083.07,0.0,1.0,20.0,0.0,0,0.0,0.0,20.0,0.0,0,0.0,0.0,10.0,0.0,0,0.0,0.0,10.0,0.0,0,0.0,0.0,10.0,0.0,0,0.0,1.0,10.0,0.0,0
2026-03-23 16:35:46,3083.8,0.0,1.0,20.0,0.0,0,0.0,0.0,20.0,0.0,0,0.0,0.0,10.0,0.0,0,0.0,0.0,10.0,0.0,0,0.0,0.0,10.0,0.0,0,0.0,1.0,10.0,0.0,0
2026-03-23 16:35:46,3084.5,0.0,1.0,20.0,0.0,0,0.0,0.0,20.0,0.0,0,0.0,0.0,10.0,0.0,0,0.0,0.0,10.0,0.0,0,0.0,0.0,10.0,0.0,0,0.0,1.0,10.0,0.0,0
2026-03-23 16:35:47,3085.22,0.0,1.0,20.0,0.0,0,0.0,0.0,20.0,0.0,0,0.0,0.0,10.0,0.0,0,0.0,0.0,10.0,0.0,0,0.0,0.0,10.0,0.0,0,0.0,1.0,10.0,0.0,0
2026-03-23 16:35:48,3085.94,0.0,1.0,20.0,0.0,0,0.0,0.0,20.0,0.0,0,0.0,0.0,10.0,0.0,0,0.0,0.0,10.0,0.0,0,0.0,0.0,10.0,0.0,0,0.0,1.0,10.0,0.0,0
2026-03-23 16:35:48,3086.65,0.0,1.0,20.0,0.0,0,0.0,0.0,20.0,0.0,0,0.0,0.0,10.0,0.0,0,0.0,0.0,10.0,0.0,0,0.0,0.0,10.0,0.0,0,0.0,1.0,10.0,0.0,0
2026-03-23 16:35:49,3087.37,0.0,1.0,20.0,0.0,0,0.0,0.0,20.0,0.0,0,0.0,0.0,10.0,0.0,0,0.0,0.0,10.0,0.0,0,0.0,0.0,10.0,0.0,0,0.0,1.0,10.0,0.0,0
2026-03-23 16:35:50,3088.08,0.0,1.0,20.0,0.0,0,0.0,0.0,20.0,0.0,0,0.0,0.0,10.0,0.0,0,0.0,0.0,10.0,0.0,0,0.0,0.0,10.0,0.0,0,0.0,1.0,10.0,0.0,0
2026-03-23 16:35:51,3088.8,0.0,1.0,20.0,0.0,0,0.0,0.0,20.0,0.0,0,0.0,0.0,10.0,0.0,0,0.0,0.0,10.0,0.0,0,0.0,0.0,10.0,0.0,0,0.0,1.0,10.0,0.0,0
2026-03-23 16:35:51,3089.54,0.0,1.0,20.0,0.0,0,0.0,0.0,20.0,0.0,0,0.0,0.0,10.0,0.0,0,0.0,0.0,10.0,0.0,0,0.0,0.0,10.0,0.0,0,0.0,1.0,10.0,0.0,0
2026-03-23 16:35:52,3090.28,0.0,1.0,20.0,0.0,0,0.0,0.0,20.0,0.0,0,0.0,0.0,10.0,0.0,0,0.0,0.0,10.0,0.0,0,0.0,0.0,10.0,0.0,0,0.0,1.0,10.0,0.0,0
2026-03-23 16:35:53,3091.0,0.0,1.0,20.0,0.0,0,0.0,0.0,20.0,0.0,0,0.0,0.0,10.0,0.0,0,0.0,0.0,10.0,0.0,0,0.0,0.0,10.0,0.0,0,0.0,1.0,10.0,0.0,0
2026-03-23 16:35:54,3091.72,0.0,1.0,20.0,0.0,0,0.0,0.0,20.0,0.0,0,0.0,0.0,10.0,0.0,0,0.0,0.0,10.0,0.0,0,0.0,0.0,10.0,0.0,0,0.0,1.0,10.0,0.0,0
2026-03-23 16:35:54,3092.43,0.0,1.0,20.0,0.0,0,0.0,0.0,20.0,0.0,0,0.0,0.0,10.0,0.0,0,0.0,0.0,10.0,0.0,0,0.0,0.0,10.0,0.0,0,0.0,1.0,10.0,0.0,0
2026-03-23 16:35:55,3093.17,0.0,1.0,20.0,0.0,0,0.0,0.0,20.0,0.0,0,0.0,0.0,10.0,0.0,0,0.0,0.0,10.0,0.0,0,0.0,0.0,10.0,0.0,0,0.0,1.0,10.0,0.0,0
2026-03-23 16:35:56,3093.88,0.0,1.0,20.0,0.0,0,0.0,0.0,20.0,0.0,0,0.0,0.0,10.0,0.0,0,0.0,0.0,10.0,0.0,0,0.0,0.0,10.0,0.0,0,0.0,1.0,10.0,0.0,0
2026-03-23 16:35:56,3094.64,0.0,1.0,20.0,0.0,0,0.0,0.0,20.0,0.0,0,0.0,0.0,10.0,0.0,0,0.0,0.0,10.0,0.0,0,0.0,0.0,10.0,0.0,0,0.0,1.0,10.0,0.0,0
2026-03-23 16:35:57,3095.37,0.0,1.0,20.0,0.0,0,0.0,0.0,20.0,0.0,0,0.0,0.0,10.0,0.0,0,0.0,0.0,10.0,0.0,0,0.0,0.0,10.0,0.0,0,0.0,1.0,10.0,0.0,0
2026-03-23 16:35:58,3096.13,0.0,1.0,20.0,0.0,0,0.0,0.0,20.0,0.0,0,0.0,0.0,10.0,0.0,0,0.0,0.0,10.0,0.0,0,0.0,0.0,10.0,0.0,0,0.0,1.0,10.0,0.0,0
2026-03-23 16:35:59,3096.86,0.0,1.0,20.0,0.0,0,0.0,0.0,20.0,0.0,0,0.0,0.0,10.0,0.0,0,0.0,0.0,10.0,0.0,0,0.0,0.0,10.0,0.0,0,0.0,1.0,10.0,0.0,0
2026-03-23 16:35:59,3097.61,0.0,1.0,20.0,0.0,0,0.0,0.0,20.0,0.0,0,0.0,0.0,10.0,0.0,0,0.0,0.0,10.0,0.0,0,0.0,0.0,10.0,0.0,0,0.0,1.0,10.0,0.0,0
2026-03-23 16:36:00,3098.38,0.0,1.0,20.0,0.0,0,0.0,0.0,20.0,0.0,0,0.0,0.0,10.0,0.0,0,0.0,0.0,10.0,0.0,0,0.0,0.0,10.0,0.0,0,0.0,1.0,10.0,0.0,0
2026-03-23 16:36:01,3099.1,0.0,1.0,20.0,0.0,0,0.0,0.0,20.0,0.0,0,0.0,0.0,10.0,0.0,0,0.0,0.0,10.0,0.0,0,0.0,0.0,10.0,0.0,0,0.0,1.0,10.0,0.0,0
2026-03-23 16:36:02,3099.86,0.0,1.0,20.0,0.0,0,0.0,0.0,20.0,0.0,0,0.0,0.0,10.0,0.0,0,0.0,0.0,10.0,0.0,0,0.0,0.0,10.0,0.0,0,0.0,1.0,10.0,0.0,0
2026-03-23 16:36:02,3100.6,0.0,1.0,20.0,0.0,0,0.0,0.0,20.0,0.0,0,0.0,0.0,10.0,0.0,0,0.0,0.0,10.0,0.0,0,0.0,0.0,10.0,0.0,0,0.0,1.0,10.0,0.0,0
2026-03-23 16:36:03,3101.37,0.0,1.0,20.0,0.0,0,0.0,0.0,20.0,0.0,0,0.0,0.0,10.0,0.0,0,0.0,0.0,10.0,0.0,0,0.0,0.0,10.0,0.0,0,0.0,1.0,10.0,0.0,0
2026-03-23 16:36:04,3102.13,0.0,1.0,20.0,0.0,0,0.0,0.0,20.0,0.0,0,0.0,0.0,10.0,0.0,0,0.0,0.0,10.0,0.0,0,0.0,0.0,10.0,0.0,0,0.0,1.0,10.0,0.0,0
2026-03-23 16:36:05,3102.92,0.0,1.0,20.0,0.0,0,0.0,0.0,20.0,0.0,0,0.0,0.0,10.0,0.0,0,0.0,0.0,10.0,0.0,0,0.0,0.0,10.0,0.0,0,0.0,1.0,10.0,0.0,0
2026-03-23 16:36:05,3103.64,0.0,1.0,20.0,0.0,0,0.0,0.0,20.0,0.0,0,0.0,0.0,10.0,0.0,0,0.0,0.0,10.0,0.0,0,0.0,0.0,10.0,0.0,0,0.0,1.0,10.0,0.0,0
2026-03-23 16:36:06,3104.43,0.0,1.0,20.0,0.0,0,0.0,0.0,20.0,0.0,0,0.0,0.0,10.0,0.0,0,0.0,0.0,10.0,0.0,0,0.0,0.0,10.0,0.0,0,0.0,1.0,10.0,0.0,0
2026-03-23 16:36:07,3105.18,0.0,1.0,20.0,0.0,0,0.0,0.0,20.0,0.0,0,0.0,0.0,10.0,0.0,0,0.0,0.0,10.0,0.0,0,0.0,0.0,10.0,0.0,0,0.0,1.0,10.0,0.0,0
2026-03-23 16:36:08,3105.93,0.0,1.0,20.0,0.0,0,0.0,0.0,20.0,0.0,0,0.0,0.0,10.0,0.0,0,0.0,0.0,10.0,0.0,0,0.0,0.0,10.0,0.0,0,0.0,1.0,10.0,0.0,0
2026-03-23 16:36:08,3106.66,0.0,1.0,20.0,0.0,0,0.0,0.0,20.0,0.0,0,0.0,0.0,10.0,0.0,0,0.0,0.0,10.0,0.0,0,0.0,0.0,10.0,0.0,0,0.0,1.0,10.0,0.0,0
2026-03-23 16:36:09,3107.4,0.0,1.0,20.0,0.0,0,0.0,0.0,20.0,0.0,0,0.0,0.0,10.0,0.0,0,0.0,0.0,10.0,0.0,0,0.0,0.0,10.0,0.0,0,0.0,1.0,10.0,0.0,0
2026-03-23 16:36:10,3108.14,0.0,1.0,20.0,0.0,0,0.0,0.0,20.0,0.0,0,0.0,0.0,10.0,0.0,0,0.0,0.0,10.0,0.0,0,0.0,0.0,10.0,0.0,0,0.0,1.0,10.0,0.0,0
2026-03-23 16:36:11,3108.89,0.0,1.0,20.0,0.0,0,0.0,0.0,20.0,0.0,0,0.0,0.0,10.0,0.0,0,0.0,0.0,10.0,0.0,0,0.0,0.0,10.0,0.0,0,0.0,1.0,10.0,0.0,0
2026-03-23 16:36:11,3109.62,0.0,1.0,20.0,0.0,0,0.0,0.0,20.0,0.0,0,0.0,0.0,10.0,0.0,0,0.0,0.0,10.0,0.0,0,0.0,0.0,10.0,0.0,0,0.0,1.0,10.0,0.0,0
2026-03-23 16:36:12,3110.37,0.0,1.0,20.0,0.0,0,0.0,0.0,20.0,0.0,0,0.0,0.0,10.0,0.0,0,0.0,0.0,10.0,0.0,0,0.0,0.0,10.0,0.0,0,0.0,1.0,10.0,0.0,0
2026-03-23 16:36:13,3111.13,0.0,1.0,20.0,0.0,0,0.0,0.0,20.0,0.0,0,0.0,0.0,10.0,0.0,0,0.0,0.0,10.0,0.0,0,0.0,0.0,10.0,0.0,0,0.0,1.0,10.0,0.0,0
2026-03-23 16:36:14,3111.88,0.0,1.0,20.0,0.0,0,0.0,0.0,20.0,0.0,0,0.0,0.0,10.0,0.0,0,0.0,0.0,10.0,0.0,0,0.0,0.0,10.0,0.0,0,0.0,1.0,10.0,0.0,0
2026-03-23 16:36:14,3112.65,0.0,1.0,20.0,0.0,0,0.0,0.0,20.0,0.0,0,0.0,0.0,10.0,0.0,0,0.0,0.0,10.0,0.0,0,0.0,0.0,10.0,0.0,0,0.0,1.0,10.0,0.0,0
2026-03-23 16:36:15,3113.38,0.0,1.0,20.0,0.0,0,0.0,0.0,20.0,0.0,0,0.0,0.0,10.0,0.0,0,0.0,0.0,10.0,0.0,0,0.0,0.0,10.0,0.0,0,0.0,1.0,10.0,0.0,0
2026-03-23 16:36:16,3114.11,0.0,1.0,20.0,0.0,0,0.0,0.0,20.0,0.0,0,0.0,0.0,10.0,0.0,0,0.0,0.0,10.0,0.0,0,0.0,0.0,10.0,0.0,0,0.0,1.0,10.0,0.0,0
2026-03-23 16:36:17,3114.85,0.0,1.0,20.0,0.0,0,0.0,0.0,20.0,0.0,0,0.0,0.0,10.0,0.0,0,0.0,0.0,10.0,0.0,0,0.0,0.0,10.0,0.0,0,0.0,1.0,10.0,0.0,0
2026-03-23 16:36:17,3115.58,0.0,1.0,20.0,0.0,0,0.0,0.0,20.0,0.0,0,0.0,0.0,10.0,0.0,0,0.0,0.0,10.0,0.0,0,0.0,0.0,10.0,0.0,0,0.0,1.0,10.0,0.0,0
2026-03-23 16:36:18,3116.32,0.0,1.0,20.0,0.0,0,0.0,0.0,20.0,0.0,0,0.0,0.0,10.0,0.0,0,0.0,0.0,10.0,0.0,0,0.0,0.0,10.0,0.0,0,0.0,1.0,10.0,0.0,0
2026-03-23 16:36:19,3117.08,0.0,1.0,20.0,0.0,0,0.0,0.0,20.0,0.0,0,0.0,0.0,10.0,0.0,0,0.0,0.0,10.0,0.0,0,0.0,0.0,10.0,0.0,0,0.0,1.0,10.0,0.0,0
2026-03-23 16:36:20,3117.82,0.0,1.0,20.0,0.0,0,0.0,0.0,20.0,0.0,0,0.0,0.0,10.0,0.0,0,0.0,0.0,10.0,0.0,0,0.0,0.0,10.0,0.0,0,0.0,1.0,10.0,0.0,0
2026-03-23 16:36:20,3118.54,0.0,1.0,20.0,0.0,0,0.0,0.0,20.0,0.0,0,0.0,0.0,10.0,0.0,0,0.0,0.0,10.0,0.0,0,0.0,0.0,10.0,0.0,0,0.0,1.0,10.0,0.0,0
2026-03-23 16:36:21,3119.28,0.0,1.0,20.0,0.0,0,0.0,0.0,20.0,0.0,0,0.0,0.0,10.0,0.0,0,0.0,0.0,10.0,0.0,0,0.0,0.0,10.0,0.0,0,0.0,1.0,10.0,0.0,0
2026-03-23 16:36:22,3120.0,0.0,1.0,20.0,0.0,0,0.0,0.0,20.0,0.0,0,0.0,0.0,10.0,0.0,0,0.0,0.0,10.0,0.0,0,0.0,0.0,10.0,0.0,0,0.0,1.0,10.0,0.0,0
2026-03-23 16:36:23,3120.72,0.0,1.0,20.0,0.0,0,0.0,0.0,20.0,0.0,0,0.0,0.0,10.0,0.0,0,0.0,0.0,10.0,0.0,0,0.0,0.0,10.0,0.0,0,0.0,1.0,10.0,0.0,0
2026-03-23 16:36:23,3121.49,0.0,1.0,20.0,0.0,0,0.0,0.0,20.0,0.0,0,0.0,0.0,10.0,0.0,0,0.0,0.0,10.0,0.0,0,0.0,0.0,10.0,0.0,0,0.0,1.0,10.0,0.0,0
2026-03-23 16:36:24,3122.22,0.0,1.0,20.0,0.0,0,0.0,0.0,20.0,0.0,0,0.0,0.0,10.0,0.0,0,0.0,0.0,10.0,0.0,0,0.0,0.0,10.0,0.0,0,0.0,1.0,10.0,0.0,0
2026-03-23 16:36:25,3122.96,0.0,1.0,20.0,0.0,0,0.0,0.0,20.0,0.0,0,0.0,0.0,10.0,0.0,0,0.0,0.0,10.0,0.0,0,0.0,0.0,10.0,0.0,0,0.0,1.0,10.0,0.0,0
2026-03-23 16:36:25,3123.68,0.0,1.0,20.0,0.0,0,0.0,0.0,20.0,0.0,0,0.0,0.0,10.0,0.0,0,0.0,0.0,10.0,0.0,0,0.0,0.0,10.0,0.0,0,0.0,1.0,10.0,0.0,0
2026-03-23 16:36:26,3124.4,0.0,1.0,20.0,0.0,0,0.0,0.0,20.0,0.0,0,0.0,0.0,10.0,0.0,0,0.0,0.0,10.0,0.0,0,0.0,0.0,10.0,0.0,0,0.0,1.0,10.0,0.0,0
2026-03-23 16:36:27,3125.14,0.0,1.0,20.0,0.0,0,0.0,0.0,20.0,0.0,0,0.0,0.0,10.0,0.0,0,0.0,0.0,10.0,0.0,0,0.0,0.0,10.0,0.0,0,0.0,1.0,10.0,0.0,0
2026-03-23 16:36:28,3125.89,0.0,1.0,20.0,0.0,0,0.0,0.0,20.0,0.0,0,0.0,0.0,10.0,0.0,0,0.0,0.0,10.0,0.0,0,0.0,0.0,10.0,0.0,0,0.0,1.0,10.0,0.0,0
2026-03-23 16:36:28,3126.63,0.0,1.0,20.0,0.0,0,0.0,0.0,20.0,0.0,0,0.0,0.0,10.0,0.0,0,0.0,0.0,10.0,0.0,0,0.0,0.0,10.0,0.0,0,0.0,1.0,10.0,0.0,0
2026-03-23 16:36:29,3127.38,0.0,1.0,20.0,0.0,0,0.0,0.0,20.0,0.0,0,0.0,0.0,10.0,0.0,0,0.0,0.0,10.0,0.0,0,0.0,0.0,10.0,0.0,0,0.0,1.0,10.0,0.0,0
2026-03-23 16:36:30,3128.09,0.0,1.0,20.0,0.0,0,0.0,0.0,20.0,0.0,0,0.0,0.0,10.0,0.0,0,0.0,0.0,10.0,0.0,0,0.0,0.0,10.0,0.0,0,0.0,1.0,10.0,0.0,0
2026-03-23 16:36:31,3128.83,0.0,1.0,20.0,0.0,0,0.0,0.0,20.0,0.0,0,0.0,0.0,10.0,0.0,0,0.0,0.0,10.0,0.0,0,0.0,0.0,10.0,0.0,0,0.0,1.0,10.0,0.0,0
2026-03-23 16:36:31,3129.58,0.0,1.0,20.0,0.0,0,0.0,0.0,20.0,0.0,0,0.0,0.0,10.0,0.0,0,0.0,0.0,10.0,0.0,0,0.0,0.0,10.0,0.0,0,0.0,1.0,10.0,0.0,0
2026-03-23 16:36:32,3130.33,0.0,1.0,20.0,0.0,0,0.0,0.0,20.0,0.0,0,0.0,0.0,10.0,0.0,0,0.0,0.0,10.0,0.0,0,0.0,0.0,10.0,0.0,0,0.0,1.0,10.0,0.0,0
2026-03-23 16:36:33,3131.09,0.0,1.0,20.0,0.0,0,0.0,0.0,20.0,0.0,0,0.0,0.0,10.0,0.0,0,0.0,0.0,10.0,0.0,0,0.0,0.0,10.0,0.0,0,0.0,1.0,10.0,0.0,0
2026-03-23 16:36:34,3131.86,0.0,1.0,20.0,0.0,0,0.0,0.0,20.0,0.0,0,0.0,0.0,10.0,0.0,0,0.0,0.0,10.0,0.0,0,0.0,0.0,10.0,0.0,0,0.0,1.0,10.0,0.0,0
2026-03-23 16:36:34,3132.61,0.0,1.0,20.0,0.0,0,0.0,0.0,20.0,0.0,0,0.0,0.0,10.0,0.0,0,0.0,0.0,10.0,0.0,0,0.0,0.0,10.0,0.0,0,0.0,1.0,10.0,0.0,0
2026-03-23 16:36:35,3133.35,0.0,1.0,20.0,0.0,0,0.0,0.0,20.0,0.0,0,0.0,0.0,10.0,0.0,0,0.0,0.0,10.0,0.0,0,0.0,0.0,10.0,0.0,0,0.0,1.0,10.0,0.0,0
2026-03-23 16:36:36,3134.09,0.0,1.0,20.0,0.0,0,0.0,0.0,20.0,0.0,0,0.0,0.0,10.0,0.0,0,0.0,0.0,10.0,0.0,0,0.0,0.0,10.0,0.0,0,0.0,1.0,10.0,0.0,0
2026-03-23 16:36:37,3134.8,0.0,1.0,20.0,0.0,0,0.0,0.0,20.0,0.0,0,0.0,0.0,10.0,0.0,0,0.0,0.0,10.0,0.0,0,0.0,0.0,10.0,0.0,0,0.0,1.0,10.0,0.0,0
2026-03-23 16:36:37,3135.54,0.0,1.0,20.0,0.0,0,0.0,0.0,20.0,0.0,0,0.0,0.0,10.0,0.0,0,0.0,0.0,10.0,0.0,0,0.0,0.0,10.0,0.0,0,0.0,1.0,10.0,0.0,0
2026-03-23 16:36:38,3136.29,0.0,1.0,20.0,0.0,0,0.0,0.0,20.0,0.0,0,0.0,0.0,10.0,0.0,0,0.0,0.0,10.0,0.0,0,0.0,0.0,10.0,0.0,0,0.0,1.0,10.0,0.0,0
2026-03-23 16:36:39,3137.04,0.0,1.0,20.0,0.0,0,0.0,0.0,20.0,0.0,0,0.0,0.0,10.0,0.0,0,0.0,0.0,10.0,0.0,0,0.0,0.0,10.0,0.0,0,0.0,1.0,10.0,0.0,0
2026-03-23 16:36:40,3137.8,0.0,1.0,20.0,0.0,0,0.0,0.0,20.0,0.0,0,0.0,0.0,10.0,0.0,0,0.0,0.0,10.0,0.0,0,0.0,0.0,10.0,0.0,0,0.0,1.0,10.0,0.0,0
2026-03-23 16:36:40,3138.57,0.0,1.0,20.0,0.0,0,0.0,0.0,20.0,0.0,0,0.0,0.0,10.0,0.0,0,0.0,0.0,10.0,0.0,0,0.0,0.0,10.0,0.0,0,0.0,1.0,10.0,0.0,0
2026-03-23 16:36:41,3139.3,0.0,1.0,20.0,0.0,0,0.0,0.0,20.0,0.0,0,0.0,0.0,10.0,0.0,0,0.0,0.0,10.0,0.0,0,0.0,0.0,10.0,0.0,0,0.0,1.0,10.0,0.0,0
2026-03-23 16:36:42,3140.02,0.0,1.0,20.0,0.0,0,0.0,0.0,20.0,0.0,0,0.0,0.0,10.0,0.0,0,0.0,0.0,10.0,0.0,0,0.0,0.0,10.0,0.0,0,0.0,1.0,10.0,0.0,0
2026-03-23 16:36:43,3140.75,0.0,1.0,20.0,0.0,0,0.0,0.0,20.0,0.0,0,0.0,0.0,10.0,0.0,0,0.0,0.0,10.0,0.0,0,0.0,0.0,10.0,0.0,0,0.0,1.0,10.0,0.0,0
2026-03-23 16:36:43,3141.47,0.0,1.0,20.0,0.0,0,0.0,0.0,20.0,0.0,0,0.0,0.0,10.0,0.0,0,0.0,0.0,10.0,0.0,0,0.0,0.0,10.0,0.0,0,0.0,1.0,10.0,0.0,0
2026-03-23 16:36:44,3142.18,0.0,1.0,20.0,0.0,0,0.0,0.0,20.0,0.0,0,0.0,0.0,10.0,0.0,0,0.0,0.0,10.0,0.0,0,0.0,0.0,10.0,0.0,0,0.0,1.0,10.0,0.0,0
2026-03-23 16:36:45,3142.89,0.0,1.0,20.0,0.0,0,0.0,0.0,20.0,0.0,0,0.0,0.0,10.0,0.0,0,0.0,0.0,10.0,0.0,0,0.0,0.0,10.0,0.0,0,0.0,1.0,10.0,0.0,0
2026-03-23 16:36:45,3143.63,0.0,1.0,20.0,0.0,0,0.0,0.0,20.0,0.0,0,0.0,0.0,10.0,0.0,0,0.0,0.0,10.0,0.0,0,0.0,0.0,10.0,0.0,0,0.0,1.0,10.0,0.0,0
2026-03-23 16:36:46,3144.39,0.0,1.0,20.0,0.0,0,0.0,0.0,20.0,0.0,0,0.0,0.0,10.0,0.0,0,0.0,0.0,10.0,0.0,0,0.0,0.0,10.0,0.0,0,0.0,1.0,10.0,0.0,0
2026-03-23 16:36:47,3145.11,0.0,1.0,20.0,0.0,0,0.0,0.0,20.0,0.0,0,0.0,0.0,10.0,0.0,0,0.0,0.0,10.0,0.0,0,0.0,0.0,10.0,0.0,0,0.0,1.0,10.0,0.0,0
2026-03-23 16:36:48,3145.87,0.0,1.0,20.0,0.0,0,0.0,0.0,20.0,0.0,0,0.0,0.0,10.0,0.0,0,0.0,0.0,10.0,0.0,0,0.0,0.0,10.0,0.0,0,0.0,1.0,10.0,0.0,0
2026-03-23 16:36:48,3146.61,0.0,1.0,20.0,0.0,0,0.0,0.0,20.0,0.0,0,0.0,0.0,10.0,0.0,0,0.0,0.0,10.0,0.0,0,0.0,0.0,10.0,0.0,0,0.0,1.0,10.0,0.0,0
2026-03-23 16:36:49,3147.37,0.0,1.0,20.0,0.0,0,0.0,0.0,20.0,0.0,0,0.0,0.0,10.0,0.0,0,0.0,0.0,10.0,0.0,0,0.0,0.0,10.0,0.0,0,0.0,1.0,10.0,0.0,0
2026-03-23 16:36:50,3148.09,0.0,1.0,20.0,0.0,0,0.0,0.0,20.0,0.0,0,0.0,0.0,10.0,0.0,0,0.0,0.0,10.0,0.0,0,0.0,0.0,10.0,0.0,0,0.0,1.0,10.0,0.0,0
2026-03-23 16:36:51,3148.87,0.0,1.0,20.0,0.0,0,0.0,0.0,20.0,0.0,0,0.0,0.0,10.0,0.0,0,0.0,0.0,10.0,0.0,0,0.0,0.0,10.0,0.0,0,0.0,1.0,10.0,0.0,0
2026-03-23 16:36:51,3149.62,0.0,1.0,20.0,0.0,0,0.0,0.0,20.0,0.0,0,0.0,0.0,10.0,0.0,0,0.0,0.0,10.0,0.0,0,0.0,0.0,10.0,0.0,0,0.0,1.0,10.0,0.0,0
2026-03-23 16:36:52,3150.37,0.0,1.0,20.0,0.0,0,0.0,0.0,20.0,0.0,0,0.0,0.0,10.0,0.0,0,0.0,0.0,10.0,0.0,0,0.0,0.0,10.0,0.0,0,0.0,1.0,10.0,0.0,0
2026-03-23 16:36:53,3151.16,0.0,1.0,20.0,0.0,0,0.0,0.0,20.0,0.0,0,0.0,0.0,10.0,0.0,0,0.0,0.0,10.0,0.0,0,0.0,0.0,10.0,0.0,0,0.0,1.0,10.0,0.0,0
2026-03-23 16:36:54,3151.9,0.0,1.0,20.0,0.0,0,0.0,0.0,20.0,0.0,0,0.0,0.0,10.0,0.0,0,0.0,0.0,10.0,0.0,0,0.0,0.0,10.0,0.0,0,0.0,1.0,10.0,0.0,0
2026-03-23 16:36:54,3152.64,0.0,1.0,20.0,0.0,0,0.0,0.0,20.0,0.0,0,0.0,0.0,10.0,0.0,0,0.0,0.0,10.0,0.0,0,0.0,0.0,10.0,0.0,0,0.0,1.0,10.0,0.0,0
2026-03-23 16:36:55,3153.38,0.0,1.0,20.0,0.0,0,0.0,0.0,20.0,0.0,0,0.0,0.0,10.0,0.0,0,0.0,0.0,10.0,0.0,0,0.0,0.0,10.0,0.0,0,0.0,1.0,10.0,0.0,0
2026-03-23 16:36:56,3154.11,0.0,1.0,20.0,0.0,0,0.0,0.0,20.0,0.0,0,0.0,0.0,10.0,0.0,0,0.0,0.0,10.0,0.0,0,0.0,0.0,10.0,0.0,0,0.0,1.0,10.0,0.0,0
2026-03-23 16:36:57,3154.83,0.0,1.0,20.0,0.0,0,0.0,0.0,20.0,0.0,0,0.0,0.0,10.0,0.0,0,0.0,0.0,10.0,0.0,0,0.0,0.0,10.0,0.0,0,0.0,1.0,10.0,0.0,0
2026-03-23 16:36:57,3155.56,0.0,1.0,20.0,0.0,0,0.0,0.0,20.0,0.0,0,0.0,0.0,10.0,0.0,0,0.0,0.0,10.0,0.0,0,0.0,0.0,10.0,0.0,0,0.0,1.0,10.0,0.0,0
2026-03-23 16:36:58,3156.28,0.0,1.0,20.0,0.0,0,0.0,0.0,20.0,0.0,0,0.0,0.0,10.0,0.0,0,0.0,0.0,10.0,0.0,0,0.0,0.0,10.0,0.0,0,0.0,1.0,10.0,0.0,0
2026-03-23 16:36:59,3156.99,0.0,1.0,20.0,0.0,0,0.0,0.0,20.0,0.0,0,0.0,0.0,10.0,0.0,0,0.0,0.0,10.0,0.0,0,0.0,0.0,10.0,0.0,0,0.0,1.0,10.0,0.0,0
2026-03-23 16:37:00,3157.71,0.0,1.0,20.0,0.0,0,0.0,0.0,20.0,0.0,0,0.0,0.0,10.0,0.0,0,0.0,0.0,10.0,0.0,0,0.0,0.0,10.0,0.0,0,0.0,1.0,10.0,0.0,0
2026-03-23 16:37:00,3158.45,0.0,1.0,20.0,0.0,0,0.0,0.0,20.0,0.0,0,0.0,0.0,10.0,0.0,0,0.0,0.0,10.0,0.0,0,0.0,0.0,10.0,0.0,0,0.0,1.0,10.0,0.0,0
2026-03-23 16:37:01,3159.17,0.0,1.0,20.0,0.0,0,0.0,0.0,20.0,0.0,0,0.0,0.0,10.0,0.0,0,0.0,0.0,10.0,0.0,0,0.0,0.0,10.0,0.0,0,0.0,1.0,10.0,0.0,0
2026-03-23 16:37:02,3159.9,0.0,1.0,20.0,0.0,0,0.0,0.0,20.0,0.0,0,0.0,0.0,10.0,0.0,0,0.0,0.0,10.0,0.0,0,0.0,0.0,10.0,0.0,0,0.0,1.0,10.0,0.0,0
2026-03-23 16:37:02,3160.64,0.0,1.0,20.0,0.0,0,0.0,0.0,20.0,0.0,0,0.0,0.0,10.0,0.0,0,0.0,0.0,10.0,0.0,0,0.0,0.0,10.0,0.0,0,0.0,1.0,10.0,0.0,0
2026-03-23 16:37:03,3161.35,0.0,1.0,20.0,0.0,0,0.0,0.0,20.0,0.0,0,0.0,0.0,10.0,0.0,0,0.0,0.0,10.0,0.0,0,0.0,0.0,10.0,0.0,0,0.0,1.0,10.0,0.0,0
2026-03-23 16:37:04,3162.06,0.0,1.0,20.0,0.0,0,0.0,0.0,20.0,0.0,0,0.0,0.0,10.0,0.0,0,0.0,0.0,10.0,0.0,0,0.0,0.0,10.0,0.0,0,0.0,1.0,10.0,0.0,0
2026-03-23 16:37:05,3162.79,0.0,1.0,20.0,0.0,0,0.0,0.0,20.0,0.0,0,0.0,0.0,10.0,0.0,0,0.0,0.0,10.0,0.0,0,0.0,0.0,10.0,0.0,0,0.0,1.0,10.0,0.0,0
2026-03-23 16:37:05,3163.51,0.0,1.0,20.0,0.0,0,0.0,0.0,20.0,0.0,0,0.0,0.0,10.0,0.0,0,0.0,0.0,10.0,0.0,0,0.0,0.0,10.0,0.0,0,0.0,1.0,10.0,0.0,0
2026-03-23 16:37:06,3164.23,0.0,1.0,20.0,0.0,0,0.0,0.0,20.0,0.0,0,0.0,0.0,10.0,0.0,0,0.0,0.0,10.0,0.0,0,0.0,0.0,10.0,0.0,0,0.0,1.0,10.0,0.0,0
2026-03-23 16:37:07,3164.97,0.0,1.0,20.0,0.0,0,0.0,0.0,20.0,0.0,0,0.0,0.0,10.0,0.0,0,0.0,0.0,10.0,0.0,0,0.0,0.0,10.0,0.0,0,0.0,1.0,10.0,0.0,0
2026-03-23 16:37:07,3165.69,0.0,1.0,20.0,0.0,0,0.0,0.0,20.0,0.0,0,0.0,0.0,10.0,0.0,0,0.0,0.0,10.0,0.0,0,0.0,0.0,10.0,0.0,0,0.0,1.0,10.0,0.0,0
2026-03-23 16:37:08,3166.45,0.0,1.0,20.0,0.0,0,0.0,0.0,20.0,0.0,0,0.0,0.0,10.0,0.0,0,0.0,0.0,10.0,0.0,0,0.0,0.0,10.0,0.0,0,0.0,1.0,10.0,0.0,0
2026-03-23 16:37:09,3167.22,0.0,1.0,20.0,0.0,0,0.0,0.0,20.0,0.0,0,0.0,0.0,10.0,0.0,0,0.0,0.0,10.0,0.0,0,0.0,0.0,10.0,0.0,0,0.0,1.0,10.0,0.0,0
2026-03-23 16:37:10,3167.96,0.0,1.0,20.0,0.0,0,0.0,0.0,20.0,0.0,0,0.0,0.0,10.0,0.0,0,0.0,0.0,10.0,0.0,0,0.0,0.0,10.0,0.0,0,0.0,1.0,10.0,0.0,0
2026-03-23 16:37:10,3168.68,0.0,1.0,20.0,0.0,0,0.0,0.0,20.0,0.0,0,0.0,0.0,10.0,0.0,0,0.0,0.0,10.0,0.0,0,0.0,0.0,10.0,0.0,0,0.0,1.0,10.0,0.0,0
2026-03-23 16:37:11,3169.43,0.0,1.0,20.0,0.0,0,0.0,0.0,20.0,0.0,0,0.0,0.0,10.0,0.0,0,0.0,0.0,10.0,0.0,0,0.0,0.0,10.0,0.0,0,0.0,1.0,10.0,0.0,0
2026-03-23 16:37:12,3170.15,0.0,1.0,20.0,0.0,0,0.0,0.0,20.0,0.0,0,0.0,0.0,10.0,0.0,0,0.0,0.0,10.0,0.0,0,0.0,0.0,10.0,0.0,0,0.0,1.0,10.0,0.0,0
2026-03-23 16:37:13,3170.93,0.0,1.0,20.0,0.0,0,0.0,0.0,20.0,0.0,0,0.0,0.0,10.0,0.0,0,0.0,0.0,10.0,0.0,0,0.0,0.0,10.0,0.0,0,0.0,1.0,10.0,0.0,0
2026-03-23 16:37:13,3171.67,0.0,1.0,20.0,0.0,0,0.0,0.0,20.0,0.0,0,0.0,0.0,10.0,0.0,0,0.0,0.0,10.0,0.0,0,0.0,0.0,10.0,0.0,0,0.0,1.0,10.0,0.0,0
2026-03-23 16:37:14,3172.44,0.0,1.0,20.0,0.0,0,0.0,0.0,20.0,0.0,0,0.0,0.0,10.0,0.0,0,0.0,0.0,10.0,0.0,0,0.0,0.0,10.0,0.0,0,0.0,1.0,10.0,0.0,0
2026-03-23 16:37:15,3173.18,0.0,1.0,20.0,0.0,0,0.0,0.0,20.0,0.0,0,0.0,0.0,10.0,0.0,0,0.0,0.0,10.0,0.0,0,0.0,0.0,10.0,0.0,0,0.0,1.0,10.0,0.0,0
2026-03-23 16:37:16,3173.91,0.0,1.0,20.0,0.0,0,0.0,0.0,20.0,0.0,0,0.0,0.0,10.0,0.0,0,0.0,0.0,10.0,0.0,0,0.0,0.0,10.0,0.0,0,0.0,1.0,10.0,0.0,0
2026-03-23 16:37:16,3174.65,0.0,1.0,20.0,0.0,0,0.0,0.0,20.0,0.0,0,0.0,0.0,10.0,0.0,0,0.0,0.0,10.0,0.0,0,0.0,0.0,10.0,0.0,0,0.0,1.0,10.0,0.0,0
2026-03-23 16:37:17,3175.38,0.0,1.0,20.0,0.0,0,0.0,0.0,20.0,0.0,0,0.0,0.0,10.0,0.0,0,0.0,0.0,10.0,0.0,0,0.0,0.0,10.0,0.0,0,0.0,1.0,10.0,0.0,0
2026-03-23 16:37:18,3176.09,0.0,1.0,20.0,0.0,0,0.0,0.0,20.0,0.0,0,0.0,0.0,10.0,0.0,0,0.0,0.0,10.0,0.0,0,0.0,0.0,10.0,0.0,0,0.0,1.0,10.0,0.0,0
2026-03-23 16:37:19,3176.84,0.0,1.0,20.0,0.0,0,0.0,0.0,20.0,0.0,0,0.0,0.0,10.0,0.0,0,0.0,0.0,10.0,0.0,0,0.0,0.0,10.0,0.0,0,0.0,1.0,10.0,0.0,0
2026-03-23 16:37:19,3177.56,0.0,1.0,20.0,0.0,0,0.0,0.0,20.0,0.0,0,0.0,0.0,10.0,0.0,0,0.0,0.0,10.0,0.0,0,0.0,0.0,10.0,0.0,0,0.0,1.0,10.0,0.0,0
2026-03-23 16:37:20,3178.29,0.0,1.0,20.0,0.0,0,0.0,0.0,20.0,0.0,0,0.0,0.0,10.0,0.0,0,0.0,0.0,10.0,0.0,0,0.0,0.0,10.0,0.0,0,0.0,1.0,10.0,0.0,0
2026-03-23 16:37:21,3179.04,0.0,1.0,20.0,0.0,0,0.0,0.0,20.0,0.0,0,0.0,0.0,10.0,0.0,0,0.0,0.0,10.0,0.0,0,0.0,0.0,10.0,0.0,0,0.0,1.0,10.0,0.0,0
2026-03-23 16:37:22,3179.78,0.0,1.0,20.0,0.0,0,0.0,0.0,20.0,0.0,0,0.0,0.0,10.0,0.0,0,0.0,0.0,10.0,0.0,0,0.0,0.0,10.0,0.0,0,0.0,1.0,10.0,0.0,0
2026-03-23 16:37:22,3180.53,0.0,1.0,20.0,0.0,0,0.0,0.0,20.0,0.0,0,0.0,0.0,10.0,0.0,0,0.0,0.0,10.0,0.0,0,0.0,0.0,10.0,0.0,0,0.0,1.0,10.0,0.0,0
2026-03-23 16:37:23,3181.24,0.0,1.0,20.0,0.0,0,0.0,0.0,20.0,0.0,0,0.0,0.0,10.0,0.0,0,0.0,0.0,10.0,0.0,0,0.0,0.0,10.0,0.0,0,0.0,1.0,10.0,0.0,0
2026-03-23 16:37:24,3182.01,0.0,1.0,20.0,0.0,0,0.0,0.0,20.0,0.0,0,0.0,0.0,10.0,0.0,0,0.0,0.0,10.0,0.0,0,0.0,0.0,10.0,0.0,0,0.0,1.0,10.0,0.0,0
2026-03-23 16:37:25,3182.74,0.0,1.0,20.0,0.0,0,0.0,0.0,20.0,0.0,0,0.0,0.0,10.0,0.0,0,0.0,0.0,10.0,0.0,0,0.0,0.0,10.0,0.0,0,0.0,1.0,10.0,0.0,0
2026-03-23 16:37:25,3183.48,0.0,1.0,20.0,0.0,0,0.0,0.0,20.0,0.0,0,0.0,0.0,10.0,0.0,0,0.0,0.0,10.0,0.0,0,0.0,0.0,10.0,0.0,0,0.0,1.0,10.0,0.0,0
2026-03-23 16:37:26,3184.19,0.0,1.0,20.0,0.0,0,0.0,0.0,20.0,0.0,0,0.0,0.0,10.0,0.0,0,0.0,0.0,10.0,0.0,0,0.0,0.0,10.0,0.0,0,0.0,1.0,10.0,0.0,0
2026-03-23 16:37:27,3184.9,0.0,1.0,20.0,0.0,0,0.0,0.0,20.0,0.0,0,0.0,0.0,10.0,0.0,0,0.0,0.0,10.0,0.0,0,0.0,0.0,10.0,0.0,0,0.0,1.0,10.0,0.0,0
2026-03-23 16:37:27,3185.61,0.0,1.0,20.0,0.0,0,0.0,0.0,20.0,0.0,0,0.0,0.0,10.0,0.0,0,0.0,0.0,10.0,0.0,0,0.0,0.0,10.0,0.0,0,0.0,1.0,10.0,0.0,0
2026-03-23 16:37:28,3186.34,0.0,1.0,20.0,0.0,0,0.0,0.0,20.0,0.0,0,0.0,0.0,10.0,0.0,0,0.0,0.0,10.0,0.0,0,0.0,0.0,10.0,0.0,0,0.0,1.0,10.0,0.0,0
2026-03-23 16:37:29,3187.06,0.0,1.0,20.0,0.0,0,0.0,0.0,20.0,0.0,0,0.0,0.0,10.0,0.0,0,0.0,0.0,10.0,0.0,0,0.0,0.0,10.0,0.0,0,0.0,1.0,10.0,0.0,0
2026-03-23 16:37:30,3187.77,0.0,1.0,20.0,0.0,0,0.0,0.0,20.0,0.0,0,0.0,0.0,10.0,0.0,0,0.0,0.0,10.0,0.0,0,0.0,0.0,10.0,0.0,0,0.0,1.0,10.0,0.0,0
2026-03-23 16:37:30,3188.49,0.0,1.0,20.0,0.0,0,0.0,0.0,20.0,0.0,0,0.0,0.0,10.0,0.0,0,0.0,0.0,10.0,0.0,0,0.0,0.0,10.0,0.0,0,0.0,1.0,10.0,0.0,0
2026-03-23 16:37:31,3189.2,0.0,1.0,20.0,0.0,0,0.0,0.0,20.0,0.0,0,0.0,0.0,10.0,0.0,0,0.0,0.0,10.0,0.0,0,0.0,0.0,10.0,0.0,0,0.0,1.0,10.0,0.0,0
2026-03-23 16:37:32,3189.91,0.0,1.0,20.0,0.0,0,0.0,0.0,20.0,0.0,0,0.0,0.0,10.0,0.0,0,0.0,0.0,10.0,0.0,0,0.0,0.0,10.0,0.0,0,0.0,1.0,10.0,0.0,0
2026-03-23 16:37:32,3190.66,0.0,1.0,20.0,0.0,0,0.0,0.0,20.0,0.0,0,0.0,0.0,10.0,0.0,0,0.0,0.0,10.0,0.0,0,0.0,0.0,10.0,0.0,0,0.0,1.0,10.0,0.0,0
2026-03-23 16:37:33,3191.39,0.0,1.0,20.0,0.0,0,0.0,0.0,20.0,0.0,0,0.0,0.0,10.0,0.0,0,0.0,0.0,10.0,0.0,0,0.0,0.0,10.0,0.0,0,0.0,1.0,10.0,0.0,0
2026-03-23 16:37:34,3192.11,0.0,1.0,20.0,0.0,0,0.0,0.0,20.0,0.0,0,0.0,0.0,10.0,0.0,0,0.0,0.0,10.0,0.0,0,0.0,0.0,10.0,0.0,0,0.0,1.0,10.0,0.0,0
2026-03-23 16:37:35,3192.82,0.0,1.0,20.0,0.0,0,0.0,0.0,20.0,0.0,0,0.0,0.0,10.0,0.0,0,0.0,0.0,10.0,0.0,0,0.0,0.0,10.0,0.0,0,0.0,1.0,10.0,0.0,0
2026-03-23 16:37:35,3193.54,0.0,1.0,20.0,0.0,0,0.0,0.0,20.0,0.0,0,0.0,0.0,10.0,0.0,0,0.0,0.0,10.0,0.0,0,0.0,0.0,10.0,0.0,0,0.0,1.0,10.0,0.0,0
2026-03-23 16:37:36,3194.3,0.0,1.0,20.0,0.0,0,0.0,0.0,20.0,0.0,0,0.0,0.0,10.0,0.0,0,0.0,0.0,10.0,0.0,0,0.0,0.0,10.0,0.0,0,0.0,1.0,10.0,0.0,0
2026-03-23 16:37:37,3195.02,0.0,1.0,20.0,0.0,0,0.0,0.0,20.0,0.0,0,0.0,0.0,10.0,0.0,0,0.0,0.0,10.0,0.0,0,0.0,0.0,10.0,0.0,0,0.0,1.0,10.0,0.0,0
2026-03-23 16:37:38,3195.73,0.0,1.0,20.0,0.0,0,0.0,0.0,20.0,0.0,0,0.0,0.0,10.0,0.0,0,0.0,0.0,10.0,0.0,0,0.0,0.0,10.0,0.0,0,0.0,1.0,10.0,0.0,0
2026-03-23 16:37:38,3196.45,0.0,1.0,20.0,0.0,0,0.0,0.0,20.0,0.0,0,0.0,0.0,10.0,0.0,0,0.0,0.0,10.0,0.0,0,0.0,0.0,10.0,0.0,0,0.0,1.0,10.0,0.0,0
2026-03-23 16:37:39,3197.16,0.0,1.0,20.0,0.0,0,0.0,0.0,20.0,0.0,0,0.0,0.0,10.0,0.0,0,0.0,0.0,10.0,0.0,0,0.0,0.0,10.0,0.0,0,0.0,1.0,10.0,0.0,0
2026-03-23 16:37:40,3197.89,0.0,1.0,20.0,0.0,0,0.0,0.0,20.0,0.0,0,0.0,0.0,10.0,0.0,0,0.0,0.0,10.0,0.0,0,0.0,0.0,10.0,0.0,0,0.0,1.0,10.0,0.0,0
2026-03-23 16:37:40,3198.63,0.0,1.0,20.0,0.0,0,0.0,0.0,20.0,0.0,0,0.0,0.0,10.0,0.0,0,0.0,0.0,10.0,0.0,0,0.0,0.0,10.0,0.0,0,0.0,1.0,10.0,0.0,0
2026-03-23 16:37:41,3199.36,0.0,1.0,20.0,0.0,0,0.0,0.0,20.0,0.0,0,0.0,0.0,10.0,0.0,0,0.0,0.0,10.0,0.0,0,0.0,0.0,10.0,0.0,0,0.0,1.0,10.0,0.0,0
2026-03-23 16:37:42,3200.08,0.0,1.0,20.0,0.0,0,0.0,0.0,20.0,0.0,0,0.0,0.0,10.0,0.0,0,0.0,0.0,10.0,0.0,0,0.0,0.0,10.0,0.0,0,0.0,1.0,10.0,0.0,0
2026-03-23 16:37:43,3200.8,0.0,1.0,20.0,0.0,0,0.0,0.0,20.0,0.0,0,0.0,0.0,10.0,0.0,0,0.0,0.0,10.0,0.0,0,0.0,0.0,10.0,0.0,0,0.0,1.0,10.0,0.0,0
2026-03-23 16:37:43,3201.54,0.0,1.0,20.0,0.0,0,0.0,0.0,20.0,0.0,0,0.0,0.0,10.0,0.0,0,0.0,0.0,10.0,0.0,0,0.0,0.0,10.0,0.0,0,0.0,1.0,10.0,0.0,0
2026-03-23 16:37:44,3202.26,0.0,1.0,20.0,0.0,0,0.0,0.0,20.0,0.0,0,0.0,0.0,10.0,0.0,0,0.0,0.0,10.0,0.0,0,0.0,0.0,10.0,0.0,0,0.0,1.0,10.0,0.0,0
2026-03-23 16:37:45,3203.01,0.0,1.0,20.0,0.0,0,0.0,0.0,20.0,0.0,0,0.0,0.0,10.0,0.0,0,0.0,0.0,10.0,0.0,0,0.0,0.0,10.0,0.0,0,0.0,1.0,10.0,0.0,0
2026-03-23 16:37:46,3203.75,0.0,1.0,20.0,0.0,0,0.0,0.0,20.0,0.0,0,0.0,0.0,10.0,0.0,0,0.0,0.0,10.0,0.0,0,0.0,0.0,10.0,0.0,0,0.0,1.0,10.0,0.0,0
2026-03-23 16:37:46,3204.51,0.0,1.0,20.0,0.0,0,0.0,0.0,20.0,0.0,0,0.0,0.0,10.0,0.0,0,0.0,0.0,10.0,0.0,0,0.0,0.0,10.0,0.0,0,0.0,1.0,10.0,0.0,0
2026-03-23 16:37:47,3205.26,0.0,1.0,20.0,0.0,0,0.0,0.0,20.0,0.0,0,0.0,0.0,10.0,0.0,0,0.0,0.0,10.0,0.0,0,0.0,0.0,10.0,0.0,0,0.0,1.0,10.0,0.0,0
2026-03-23 16:37:48,3205.97,0.0,1.0,20.0,0.0,0,0.0,0.0,20.0,0.0,0,0.0,0.0,10.0,0.0,0,0.0,0.0,10.0,0.0,0,0.0,0.0,10.0,0.0,0,0.0,1.0,10.0,0.0,0
2026-03-23 16:37:49,3206.7,0.0,1.0,20.0,0.0,0,0.0,0.0,20.0,0.0,0,0.0,0.0,10.0,0.0,0,0.0,0.0,10.0,0.0,0,0.0,0.0,10.0,0.0,0,0.0,1.0,10.0,0.0,0
2026-03-23 16:37:49,3207.43,0.0,1.0,20.0,0.0,0,0.0,0.0,20.0,0.0,0,0.0,0.0,10.0,0.0,0,0.0,0.0,10.0,0.0,0,0.0,0.0,10.0,0.0,0,0.0,1.0,10.0,0.0,0
2026-03-23 16:37:50,3208.18,0.0,1.0,20.0,0.0,0,0.0,0.0,20.0,0.0,0,0.0,0.0,10.0,0.0,0,0.0,0.0,10.0,0.0,0,0.0,0.0,10.0,0.0,0,0.0,1.0,10.0,0.0,0
2026-03-23 16:37:51,3208.95,0.0,1.0,20.0,0.0,0,0.0,0.0,20.0,0.0,0,0.0,0.0,10.0,0.0,0,0.0,0.0,10.0,0.0,0,0.0,0.0,10.0,0.0,0,0.0,1.0,10.0,0.0,0
2026-03-23 16:37:51,3209.7,0.0,1.0,20.0,0.0,0,0.0,0.0,20.0,0.0,0,0.0,0.0,10.0,0.0,0,0.0,0.0,10.0,0.0,0,0.0,0.0,10.0,0.0,0,0.0,1.0,10.0,0.0,0
2026-03-23 16:37:52,3210.44,0.0,1.0,20.0,0.0,0,0.0,0.0,20.0,0.0,0,0.0,0.0,10.0,0.0,0,0.0,0.0,10.0,0.0,0,0.0,0.0,10.0,0.0,0,0.0,1.0,10.0,0.0,0
2026-03-23 16:37:53,3211.19,0.0,1.0,20.0,0.0,0,0.0,0.0,20.0,0.0,0,0.0,0.0,10.0,0.0,0,0.0,0.0,10.0,0.0,0,0.0,0.0,10.0,0.0,0,0.0,1.0,10.0,0.0,0
2026-03-23 16:37:54,3211.93,0.0,1.0,20.0,0.0,0,0.0,0.0,20.0,0.0,0,0.0,0.0,10.0,0.0,0,0.0,0.0,10.0,0.0,0,0.0,0.0,10.0,0.0,0,0.0,1.0,10.0,0.0,0
2026-03-23 16:37:54,3212.67,0.0,1.0,20.0,0.0,0,0.0,0.0,20.0,0.0,0,0.0,0.0,10.0,0.0,0,0.0,0.0,10.0,0.0,0,0.0,0.0,10.0,0.0,0,0.0,1.0,10.0,0.0,0
2026-03-23 16:37:55,3213.4,0.0,1.0,20.0,0.0,0,0.0,0.0,20.0,0.0,0,0.0,0.0,10.0,0.0,0,0.0,0.0,10.0,0.0,0,0.0,0.0,10.0,0.0,0,0.0,1.0,10.0,0.0,0
2026-03-23 16:37:56,3214.12,0.0,1.0,20.0,0.0,0,0.0,0.0,20.0,0.0,0,0.0,0.0,10.0,0.0,0,0.0,0.0,10.0,0.0,0,0.0,0.0,10.0,0.0,0,0.0,1.0,10.0,0.0,0
2026-03-23 16:37:57,3214.83,0.0,1.0,20.0,0.0,0,0.0,0.0,20.0,0.0,0,0.0,0.0,10.0,0.0,0,0.0,0.0,10.0,0.0,0,0.0,0.0,10.0,0.0,0,0.0,1.0,10.0,0.0,0
2026-03-23 16:37:57,3215.56,0.0,1.0,20.0,0.0,0,0.0,0.0,20.0,0.0,0,0.0,0.0,10.0,0.0,0,0.0,0.0,10.0,0.0,0,0.0,0.0,10.0,0.0,0,0.0,1.0,10.0,0.0,0
2026-03-23 16:37:58,3216.28,0.0,1.0,20.0,0.0,0,0.0,0.0,20.0,0.0,0,0.0,0.0,10.0,0.0,0,0.0,0.0,10.0,0.0,0,0.0,0.0,10.0,0.0,0,0.0,1.0,10.0,0.0,0
2026-03-23 16:37:59,3216.99,0.0,1.0,20.0,0.0,0,0.0,0.0,20.0,0.0,0,0.0,0.0,10.0,0.0,0,0.0,0.0,10.0,0.0,0,0.0,0.0,10.0,0.0,0,0.0,1.0,10.0,0.0,0
2026-03-23 16:38:00,3217.75,0.0,1.0,20.0,0.0,0,0.0,0.0,20.0,0.0,0,0.0,0.0,10.0,0.0,0,0.0,0.0,10.0,0.0,0,0.0,0.0,10.0,0.0,0,0.0,1.0,10.0,0.0,0
2026-03-23 16:38:00,3218.49,0.0,1.0,20.0,0.0,0,0.0,0.0,20.0,0.0,0,0.0,0.0,10.0,0.0,0,0.0,0.0,10.0,0.0,0,0.0,0.0,10.0,0.0,0,0.0,1.0,10.0,0.0,0
2026-03-23 16:38:01,3219.21,0.0,1.0,20.0,0.0,0,0.0,0.0,20.0,0.0,0,0.0,0.0,10.0,0.0,0,0.0,0.0,10.0,0.0,0,0.0,0.0,10.0,0.0,0,0.0,1.0,10.0,0.0,0
2026-03-23 16:38:02,3219.91,0.0,1.0,20.0,0.0,0,0.0,0.0,20.0,0.0,0,0.0,0.0,10.0,0.0,0,0.0,0.0,10.0,0.0,0,0.0,0.0,10.0,0.0,0,0.0,1.0,10.0,0.0,0
2026-03-23 16:38:02,3220.63,0.0,1.0,20.0,0.0,0,0.0,0.0,20.0,0.0,0,0.0,0.0,10.0,0.0,0,0.0,0.0,10.0,0.0,0,0.0,0.0,10.0,0.0,0,0.0,1.0,10.0,0.0,0
2026-03-23 16:38:03,3221.36,0.0,1.0,20.0,0.0,0,0.0,0.0,20.0,0.0,0,0.0,0.0,10.0,0.0,0,0.0,0.0,10.0,0.0,0,0.0,0.0,10.0,0.0,0,0.0,1.0,10.0,0.0,0
2026-03-23 16:38:04,3222.07,0.0,1.0,20.0,0.0,0,0.0,0.0,20.0,0.0,0,0.0,0.0,10.0,0.0,0,0.0,0.0,10.0,0.0,0,0.0,0.0,10.0,0.0,0,0.0,1.0,10.0,0.0,0
2026-03-23 16:38:05,3222.8,0.0,1.0,20.0,0.0,0,0.0,0.0,20.0,0.0,0,0.0,0.0,10.0,0.0,0,0.0,0.0,10.0,0.0,0,0.0,0.0,10.0,0.0,0,0.0,1.0,10.0,0.0,0
2026-03-23 16:38:05,3223.55,0.0,1.0,20.0,0.0,0,0.0,0.0,20.0,0.0,0,0.0,0.0,10.0,0.0,0,0.0,0.0,10.0,0.0,0,0.0,0.0,10.0,0.0,0,0.0,1.0,10.0,0.0,0
2026-03-23 16:38:06,3224.27,0.0,1.0,20.0,0.0,0,0.0,0.0,20.0,0.0,0,0.0,0.0,10.0,0.0,0,0.0,0.0,10.0,0.0,0,0.0,0.0,10.0,0.0,0,0.0,1.0,10.0,0.0,0
2026-03-23 16:38:07,3225.0,0.0,1.0,20.0,0.0,0,0.0,0.0,20.0,0.0,0,0.0,0.0,10.0,0.0,0,0.0,0.0,10.0,0.0,0,0.0,0.0,10.0,0.0,0,0.0,1.0,10.0,0.0,0
2026-03-23 16:38:08,3225.71,0.0,1.0,20.0,0.0,0,0.0,0.0,20.0,0.0,0,0.0,0.0,10.0,0.0,0,0.0,0.0,10.0,0.0,0,0.0,0.0,10.0,0.0,0,0.0,1.0,10.0,0.0,0
2026-03-23 16:38:08,3226.44,0.0,1.0,20.0,0.0,0,0.0,0.0,20.0,0.0,0,0.0,0.0,10.0,0.0,0,0.0,0.0,10.0,0.0,0,0.0,0.0,10.0,0.0,0,0.0,1.0,10.0,0.0,0
2026-03-23 16:38:09,3227.15,0.0,1.0,20.0,0.0,0,0.0,0.0,20.0,0.0,0,0.0,0.0,10.0,0.0,0,0.0,0.0,10.0,0.0,0,0.0,0.0,10.0,0.0,0,0.0,1.0,10.0,0.0,0
2026-03-23 16:38:10,3227.88,0.0,1.0,20.0,0.0,0,0.0,0.0,20.0,0.0,0,0.0,0.0,10.0,0.0,0,0.0,0.0,10.0,0.0,0,0.0,0.0,10.0,0.0,0,0.0,1.0,10.0,0.0,0
2026-03-23 16:38:10,3228.6,0.0,1.0,20.0,0.0,0,0.0,0.0,20.0,0.0,0,0.0,0.0,10.0,0.0,0,0.0,0.0,10.0,0.0,0,0.0,0.0,10.0,0.0,0,0.0,1.0,10.0,0.0,0
2026-03-23 16:38:11,3229.33,0.0,1.0,20.0,0.0,0,0.0,0.0,20.0,0.0,0,0.0,0.0,10.0,0.0,0,0.0,0.0,10.0,0.0,0,0.0,0.0,10.0,0.0,0,0.0,1.0,10.0,0.0,0
2026-03-23 16:38:12,3230.05,0.0,1.0,20.0,0.0,0,0.0,0.0,20.0,0.0,0,0.0,0.0,10.0,0.0,0,0.0,0.0,10.0,0.0,0,0.0,0.0,10.0,0.0,0,0.0,1.0,10.0,0.0,0
2026-03-23 16:38:13,3230.81,0.0,1.0,20.0,0.0,0,0.0,0.0,20.0,0.0,0,0.0,0.0,10.0,0.0,0,0.0,0.0,10.0,0.0,0,0.0,0.0,10.0,0.0,0,0.0,1.0,10.0,0.0,0
2026-03-23 16:38:13,3231.52,0.0,1.0,20.0,0.0,0,0.0,0.0,20.0,0.0,0,0.0,0.0,10.0,0.0,0,0.0,0.0,10.0,0.0,0,0.0,0.0,10.0,0.0,0,0.0,1.0,10.0,0.0,0
2026-03-23 16:38:14,3232.25,0.0,1.0,20.0,0.0,0,0.0,0.0,20.0,0.0,0,0.0,0.0,10.0,0.0,0,0.0,0.0,10.0,0.0,0,0.0,0.0,10.0,0.0,0,0.0,1.0,10.0,0.0,0
2026-03-23 16:38:15,3232.97,0.0,1.0,20.0,0.0,0,0.0,0.0,20.0,0.0,0,0.0,0.0,10.0,0.0,0,0.0,0.0,10.0,0.0,0,0.0,0.0,10.0,0.0,0,0.0,1.0,10.0,0.0,0
2026-03-23 16:38:16,3233.7,0.0,1.0,20.0,0.0,0,0.0,0.0,20.0,0.0,0,0.0,0.0,10.0,0.0,0,0.0,0.0,10.0,0.0,0,0.0,0.0,10.0,0.0,0,0.0,1.0,10.0,0.0,0
2026-03-23 16:38:16,3234.44,0.0,1.0,20.0,0.0,0,0.0,0.0,20.0,0.0,0,0.0,0.0,10.0,0.0,0,0.0,0.0,10.0,0.0,0,0.0,0.0,10.0,0.0,0,0.0,1.0,10.0,0.0,0
2026-03-23 16:38:17,3235.16,0.0,1.0,20.0,0.0,0,0.0,0.0,20.0,0.0,0,0.0,0.0,10.0,0.0,0,0.0,0.0,10.0,0.0,0,0.0,0.0,10.0,0.0,0,0.0,1.0,10.0,0.0,0
2026-03-23 16:38:18,3235.86,0.0,1.0,20.0,0.0,0,0.0,0.0,20.0,0.0,0,0.0,0.0,10.0,0.0,0,0.0,0.0,10.0,0.0,0,0.0,0.0,10.0,0.0,0,0.0,1.0,10.0,0.0,0
2026-03-23 16:38:18,3236.61,0.0,1.0,20.0,0.0,0,0.0,0.0,20.0,0.0,0,0.0,0.0,10.0,0.0,0,0.0,0.0,10.0,0.0,0,0.0,0.0,10.0,0.0,0,0.0,1.0,10.0,0.0,0
2026-03-23 16:38:19,3237.33,0.0,1.0,20.0,0.0,0,0.0,0.0,20.0,0.0,0,0.0,0.0,10.0,0.0,0,0.0,0.0,10.0,0.0,0,0.0,0.0,10.0,0.0,0,0.0,1.0,10.0,0.0,0
2026-03-23 16:38:20,3238.04,0.0,1.0,20.0,0.0,0,0.0,0.0,20.0,0.0,0,0.0,0.0,10.0,0.0,0,0.0,0.0,10.0,0.0,0,0.0,0.0,10.0,0.0,0,0.0,1.0,10.0,0.0,0
2026-03-23 16:38:21,3238.79,0.0,1.0,20.0,0.0,0,0.0,0.0,20.0,0.0,0,0.0,0.0,10.0,0.0,0,0.0,0.0,10.0,0.0,0,0.0,0.0,10.0,0.0,0,0.0,1.0,10.0,0.0,0
2026-03-23 16:38:21,3239.54,0.0,1.0,20.0,0.0,0,0.0,0.0,20.0,0.0,0,0.0,0.0,10.0,0.0,0,0.0,0.0,10.0,0.0,0,0.0,0.0,10.0,0.0,0,0.0,1.0,10.0,0.0,0
2026-03-23 16:38:22,3240.28,0.0,1.0,20.0,0.0,0,0.0,0.0,20.0,0.0,0,0.0,0.0,10.0,0.0,0,0.0,0.0,10.0,0.0,0,0.0,0.0,10.0,0.0,0,0.0,1.0,10.0,0.0,0
2026-03-23 16:38:23,3241.01,0.0,1.0,20.0,0.0,0,0.0,0.0,20.0,0.0,0,0.0,0.0,10.0,0.0,0,0.0,0.0,10.0,0.0,0,0.0,0.0,10.0,0.0,0,0.0,1.0,10.0,0.0,0
2026-03-23 16:38:24,3241.79,0.0,1.0,20.0,0.0,0,0.0,0.0,20.0,0.0,0,0.0,0.0,10.0,0.0,0,0.0,0.0,10.0,0.0,0,0.0,0.0,10.0,0.0,0,0.0,1.0,10.0,0.0,0
2026-03-23 16:38:24,3242.52,0.0,1.0,20.0,0.0,0,0.0,0.0,20.0,0.0,0,0.0,0.0,10.0,0.0,0,0.0,0.0,10.0,0.0,0,0.0,0.0,10.0,0.0,0,0.0,1.0,10.0,0.0,0
2026-03-23 16:38:25,3243.29,0.0,1.0,20.0,0.0,0,0.0,0.0,20.0,0.0,0,0.0,0.0,10.0,0.0,0,0.0,0.0,10.0,0.0,0,0.0,0.0,10.0,0.0,0,0.0,1.0,10.0,0.0,0
2026-03-23 16:38:26,3244.05,0.0,1.0,20.0,0.0,0,0.0,0.0,20.0,0.0,0,0.0,0.0,10.0,0.0,0,0.0,0.0,10.0,0.0,0,0.0,0.0,10.0,0.0,0,0.0,1.0,10.0,0.0,0
2026-03-23 16:38:27,3244.82,0.0,1.0,20.0,0.0,0,0.0,0.0,20.0,0.0,0,0.0,0.0,10.0,0.0,0,0.0,0.0,10.0,0.0,0,0.0,0.0,10.0,0.0,0,0.0,1.0,10.0,0.0,0
2026-03-23 16:38:27,3245.55,0.0,1.0,20.0,0.0,0,0.0,0.0,20.0,0.0,0,0.0,0.0,10.0,0.0,0,0.0,0.0,10.0,0.0,0,0.0,0.0,10.0,0.0,0,0.0,1.0,10.0,0.0,0
2026-03-23 16:38:28,3246.29,0.0,1.0,20.0,0.0,0,0.0,0.0,20.0,0.0,0,0.0,0.0,10.0,0.0,0,0.0,0.0,10.0,0.0,0,0.0,0.0,10.0,0.0,0,0.0,1.0,10.0,0.0,0
2026-03-23 16:38:29,3247.04,0.0,1.0,20.0,0.0,0,0.0,0.0,20.0,0.0,0,0.0,0.0,10.0,0.0,0,0.0,0.0,10.0,0.0,0,0.0,0.0,10.0,0.0,0,0.0,1.0,10.0,0.0,0
2026-03-23 16:38:30,3247.81,0.0,1.0,20.0,0.0,0,0.0,0.0,20.0,0.0,0,0.0,0.0,10.0,0.0,0,0.0,0.0,10.0,0.0,0,0.0,0.0,10.0,0.0,0,0.0,1.0,10.0,0.0,0
2026-03-23 16:38:30,3248.54,0.0,1.0,20.0,0.0,0,0.0,0.0,20.0,0.0,0,0.0,0.0,10.0,0.0,0,0.0,0.0,10.0,0.0,0,0.0,0.0,10.0,0.0,0,0.0,1.0,10.0,0.0,0
2026-03-23 16:38:31,3248.84,0.0,1.0,20.0,0.0,0,0.0,0.0,20.0,0.0,0,0.0,0.0,10.0,0.0,0,0.0,0.0,10.0,0.0,0,0.0,0.0,10.0,0.0,0,0.0,1.0,10.0,0.0,0
2026-03-23 16:38:31,3249.55,0.0,1.0,20.0,0.0,0,0.0,0.0,20.0,0.0,0,0.0,0.0,10.0,0.0,0,0.0,0.0,10.0,0.0,0,0.0,0.0,10.0,0.0,0,0.0,1.0,10.0,0.0,0
2026-03-23 16:38:32,3250.29,0.0,1.0,20.0,0.0,0,0.0,0.0,20.0,0.0,0,0.0,0.0,10.0,0.0,0,0.0,0.0,10.0,0.0,0,0.0,0.0,10.0,0.0,0,0.0,1.0,10.0,0.0,0
2026-03-23 16:38:33,3251.05,0.0,1.0,20.0,0.0,0,0.0,0.0,20.0,0.0,0,0.0,0.0,10.0,0.0,0,0.0,0.0,10.0,0.0,0,0.0,0.0,10.0,0.0,0,0.0,1.0,10.0,0.0,0
2026-03-23 16:38:34,3251.81,0.0,1.0,20.0,0.0,0,0.0,0.0,20.0,0.0,0,0.0,0.0,10.0,0.0,0,0.0,0.0,10.0,0.0,0,0.0,0.0,10.0,0.0,0,0.0,1.0,10.0,0.0,0
2026-03-23 16:38:34,3252.55,0.0,1.0,20.0,0.0,0,0.0,0.0,20.0,0.0,0,0.0,0.0,10.0,0.0,0,0.0,0.0,10.0,0.0,0,0.0,0.0,10.0,0.0,0,0.0,1.0,10.0,0.0,0
2026-03-23 16:38:35,3253.33,0.0,1.0,20.0,0.0,0,0.0,0.0,20.0,0.0,0,0.0,0.0,10.0,0.0,0,0.0,0.0,10.0,0.0,0,0.0,0.0,10.0,0.0,0,0.0,1.0,10.0,0.0,0
2026-03-23 16:38:36,3254.05,0.0,1.0,20.0,0.0,0,0.0,0.0,20.0,0.0,0,0.0,0.0,10.0,0.0,0,0.0,0.0,10.0,0.0,0,0.0,0.0,10.0,0.0,0,0.0,1.0,10.0,0.0,0
2026-03-23 16:38:37,3254.76,0.0,1.0,20.0,0.0,0,0.0,0.0,20.0,0.0,0,0.0,0.0,10.0,0.0,0,0.0,0.0,10.0,0.0,0,0.0,0.0,10.0,0.0,0,0.0,1.0,10.0,0.0,0
2026-03-23 16:38:37,3255.5,0.0,1.0,20.0,0.0,0,0.0,0.0,20.0,0.0,0,0.0,0.0,10.0,0.0,0,0.0,0.0,10.0,0.0,0,0.0,0.0,10.0,0.0,0,0.0,1.0,10.0,0.0,0
2026-03-23 16:38:38,3256.22,0.0,1.0,20.0,0.0,0,0.0,0.0,20.0,0.0,0,0.0,0.0,10.0,0.0,0,0.0,0.0,10.0,0.0,0,0.0,0.0,10.0,0.0,0,0.0,1.0,10.0,0.0,0
2026-03-23 16:38:39,3256.95,0.0,1.0,20.0,0.0,0,0.0,0.0,20.0,0.0,0,0.0,0.0,10.0,0.0,0,0.0,0.0,10.0,0.0,0,0.0,0.0,10.0,0.0,0,0.0,1.0,10.0,0.0,0
2026-03-23 16:38:39,3257.7,0.0,1.0,20.0,0.0,0,0.0,0.0,20.0,0.0,0,0.0,0.0,10.0,0.0,0,0.0,0.0,10.0,0.0,0,0.0,0.0,10.0,0.0,0,0.0,1.0,10.0,0.0,0
2026-03-23 16:38:40,3258.42,0.0,1.0,20.0,0.0,0,0.0,0.0,20.0,0.0,0,0.0,0.0,10.0,0.0,0,0.0,0.0,10.0,0.0,0,0.0,0.0,10.0,0.0,0,0.0,1.0,10.0,0.0,0
2026-03-23 16:38:41,3259.13,0.0,1.0,20.0,0.0,0,0.0,0.0,20.0,0.0,0,0.0,0.0,10.0,0.0,0,0.0,0.0,10.0,0.0,0,0.0,0.0,10.0,0.0,0,0.0,1.0,10.0,0.0,0
2026-03-23 16:38:42,3259.87,0.0,1.0,20.0,0.0,0,0.0,0.0,20.0,0.0,0,0.0,0.0,10.0,0.0,0,0.0,0.0,10.0,0.0,0,0.0,0.0,10.0,0.0,0,0.0,1.0,10.0,0.0,0
2026-03-23 16:38:42,3260.6,0.0,1.0,20.0,0.0,0,0.0,0.0,20.0,0.0,0,0.0,0.0,10.0,0.0,0,0.0,0.0,10.0,0.0,0,0.0,0.0,10.0,0.0,0,0.0,1.0,10.0,0.0,0
2026-03-23 16:38:43,3261.35,0.0,1.0,20.0,0.0,0,0.0,0.0,20.0,0.0,0,0.0,0.0,10.0,0.0,0,0.0,0.0,10.0,0.0,0,0.0,0.0,10.0,0.0,0,0.0,1.0,10.0,0.0,0
2026-03-23 16:38:44,3262.06,0.0,1.0,20.0,0.0,0,0.0,0.0,20.0,0.0,0,0.0,0.0,10.0,0.0,0,0.0,0.0,10.0,0.0,0,0.0,0.0,10.0,0.0,0,0.0,1.0,10.0,0.0,0
2026-03-23 16:38:44,3262.48,0.0,1.0,20.0,0.0,0,0.0,0.0,20.0,0.0,0,0.0,0.0,10.0,0.0,0,0.0,0.0,10.0,0.0,0,0.0,0.0,10.0,0.0,0,0.0,1.0,10.0,0.0,0
2026-03-23 16:38:45,3263.23,0.0,1.0,20.0,0.0,0,0.0,0.0,20.0,0.0,0,0.0,0.0,10.0,0.0,0,0.0,0.0,10.0,0.0,0,0.0,0.0,10.0,0.0,0,0.0,1.0,10.0,0.0,0
2026-03-23 16:38:46,3263.98,0.0,1.0,20.0,0.0,0,0.0,0.0,20.0,0.0,0,0.0,0.0,10.0,0.0,0,0.0,0.0,10.0,0.0,0,0.0,0.0,10.0,0.0,0,0.0,1.0,10.0,0.0,0
2026-03-23 16:38:47,3264.73,0.0,1.0,20.0,0.0,0,0.0,0.0,20.0,0.0,0,0.0,0.0,10.0,0.0,0,0.0,0.0,10.0,0.0,0,0.0,0.0,10.0,0.0,0,0.0,1.0,10.0,0.0,0
2026-03-23 16:38:47,3265.48,0.0,1.0,20.0,0.0,0,0.0,0.0,20.0,0.0,0,0.0,0.0,10.0,0.0,0,0.0,0.0,10.0,0.0,0,0.0,0.0,10.0,0.0,0,0.0,1.0,10.0,0.0,0
2026-03-23 16:38:48,3266.23,0.0,1.0,20.0,0.0,0,0.0,0.0,20.0,0.0,0,0.0,0.0,10.0,0.0,0,0.0,0.0,10.0,0.0,0,0.0,0.0,10.0,0.0,0,0.0,1.0,10.0,0.0,0
2026-03-23 16:38:49,3267.0,0.0,1.0,20.0,0.0,0,0.0,0.0,20.0,0.0,0,0.0,0.0,10.0,0.0,0,0.0,0.0,10.0,0.0,0,0.0,0.0,10.0,0.0,0,0.0,1.0,10.0,0.0,0
2026-03-23 16:38:50,3267.75,0.0,1.0,20.0,0.0,0,0.0,0.0,20.0,0.0,0,0.0,0.0,10.0,0.0,0,0.0,0.0,10.0,0.0,0,0.0,0.0,10.0,0.0,0,0.0,1.0,10.0,0.0,0
2026-03-23 16:38:50,3268.47,0.0,1.0,20.0,0.0,0,0.0,0.0,20.0,0.0,0,0.0,0.0,10.0,0.0,0,0.0,0.0,10.0,0.0,0,0.0,0.0,10.0,0.0,0,0.0,1.0,10.0,0.0,0
2026-03-23 16:38:51,3269.2,0.0,1.0,20.0,0.0,0,0.0,0.0,20.0,0.0,0,0.0,0.0,10.0,0.0,0,0.0,0.0,10.0,0.0,0,0.0,0.0,10.0,0.0,0,0.0,1.0,10.0,0.0,0
2026-03-23 16:38:52,3269.92,0.0,1.0,20.0,0.0,0,0.0,0.0,20.0,0.0,0,0.0,0.0,10.0,0.0,0,0.0,0.0,10.0,0.0,0,0.0,0.0,10.0,0.0,0,0.0,1.0,10.0,0.0,0
2026-03-23 16:38:52,3270.65,0.0,1.0,20.0,0.0,0,0.0,0.0,20.0,0.0,0,0.0,0.0,10.0,0.0,0,0.0,0.0,10.0,0.0,0,0.0,0.0,10.0,0.0,0,0.0,1.0,10.0,0.0,0
2026-03-23 16:38:53,3271.38,0.0,1.0,20.0,0.0,0,0.0,0.0,20.0,0.0,0,0.0,0.0,10.0,0.0,0,0.0,0.0,10.0,0.0,0,0.0,0.0,10.0,0.0,0,0.0,1.0,10.0,0.0,0
2026-03-23 16:38:54,3272.1,0.0,1.0,20.0,0.0,0,0.0,0.0,20.0,0.0,0,0.0,0.0,10.0,0.0,0,0.0,0.0,10.0,0.0,0,0.0,0.0,10.0,0.0,0,0.0,1.0,10.0,0.0,0
2026-03-23 16:38:55,3272.84,0.0,1.0,20.0,0.0,0,0.0,0.0,20.0,0.0,0,0.0,0.0,10.0,0.0,0,0.0,0.0,10.0,0.0,0,0.0,0.0,10.0,0.0,0,0.0,1.0,10.0,0.0,0
2026-03-23 16:38:55,3273.57,0.0,1.0,20.0,0.0,0,0.0,0.0,20.0,0.0,0,0.0,0.0,10.0,0.0,0,0.0,0.0,10.0,0.0,0,0.0,0.0,10.0,0.0,0,0.0,1.0,10.0,0.0,0
2026-03-23 16:38:56,3274.3,0.0,1.0,20.0,0.0,0,0.0,0.0,20.0,0.0,0,0.0,0.0,10.0,0.0,0,0.0,0.0,10.0,0.0,0,0.0,0.0,10.0,0.0,0,0.0,1.0,10.0,0.0,0
2026-03-23 16:38:57,3275.03,0.0,1.0,20.0,0.0,0,0.0,0.0,20.0,0.0,0,0.0,0.0,10.0,0.0,0,0.0,0.0,10.0,0.0,0,0.0,0.0,10.0,0.0,0,0.0,1.0,10.0,0.0,0
2026-03-23 16:38:58,3275.79,0.0,1.0,20.0,0.0,0,0.0,0.0,20.0,0.0,0,0.0,0.0,10.0,0.0,0,0.0,0.0,10.0,0.0,0,0.0,0.0,10.0,0.0,0,0.0,1.0,10.0,0.0,0
2026-03-23 16:38:58,3276.52,0.0,1.0,20.0,0.0,0,0.0,0.0,20.0,0.0,0,0.0,0.0,10.0,0.0,0,0.0,0.0,10.0,0.0,0,0.0,0.0,10.0,0.0,0,0.0,1.0,10.0,0.0,0
2026-03-23 16:38:59,3277.23,0.0,1.0,20.0,0.0,0,0.0,0.0,20.0,0.0,0,0.0,0.0,10.0,0.0,0,0.0,0.0,10.0,0.0,0,0.0,0.0,10.0,0.0,0,0.0,1.0,10.0,0.0,0
2026-03-23 16:39:00,3277.97,0.0,1.0,20.0,0.0,0,0.0,0.0,20.0,0.0,0,0.0,0.0,10.0,0.0,0,0.0,0.0,10.0,0.0,0,0.0,0.0,10.0,0.0,0,0.0,1.0,10.0,0.0,0
2026-03-23 16:39:01,3278.7,0.0,1.0,20.0,0.0,0,0.0,0.0,20.0,0.0,0,0.0,0.0,10.0,0.0,0,0.0,0.0,10.0,0.0,0,0.0,0.0,10.0,0.0,0,0.0,1.0,10.0,0.0,0
2026-03-23 16:39:01,3279.43,0.0,1.0,20.0,0.0,0,0.0,0.0,20.0,0.0,0,0.0,0.0,10.0,0.0,0,0.0,0.0,10.0,0.0,0,0.0,0.0,10.0,0.0,0,0.0,1.0,10.0,0.0,0
2026-03-23 16:39:02,3280.15,0.0,1.0,20.0,0.0,0,0.0,0.0,20.0,0.0,0,0.0,0.0,10.0,0.0,0,0.0,0.0,10.0,0.0,0,0.0,0.0,10.0,0.0,0,0.0,1.0,10.0,0.0,0
2026-03-23 16:39:03,3280.87,0.0,1.0,20.0,0.0,0,0.0,0.0,20.0,0.0,0,0.0,0.0,10.0,0.0,0,0.0,0.0,10.0,0.0,0,0.0,0.0,10.0,0.0,0,0.0,1.0,10.0,0.0,0
2026-03-23 16:39:03,3281.59,0.0,1.0,20.0,0.0,0,0.0,0.0,20.0,0.0,0,0.0,0.0,10.0,0.0,0,0.0,0.0,10.0,0.0,0,0.0,0.0,10.0,0.0,0,0.0,1.0,10.0,0.0,0
2026-03-23 16:39:04,3282.34,0.0,1.0,20.0,0.0,0,0.0,0.0,20.0,0.0,0,0.0,0.0,10.0,0.0,0,0.0,0.0,10.0,0.0,0,0.0,0.0,10.0,0.0,0,0.0,1.0,10.0,0.0,0
2026-03-23 16:39:05,3283.05,0.0,1.0,20.0,0.0,0,0.0,0.0,20.0,0.0,0,0.0,0.0,10.0,0.0,0,0.0,0.0,10.0,0.0,0,0.0,0.0,10.0,0.0,0,0.0,1.0,10.0,0.0,0
2026-03-23 16:39:06,3283.8,0.0,1.0,20.0,0.0,0,0.0,0.0,20.0,0.0,0,0.0,0.0,10.0,0.0,0,0.0,0.0,10.0,0.0,0,0.0,0.0,10.0,0.0,0,0.0,1.0,10.0,0.0,0
2026-03-23 16:39:06,3284.53,0.0,1.0,20.0,0.0,0,0.0,0.0,20.0,0.0,0,0.0,0.0,10.0,0.0,0,0.0,0.0,10.0,0.0,0,0.0,0.0,10.0,0.0,0,0.0,1.0,10.0,0.0,0
2026-03-23 16:39:07,3285.26,0.0,1.0,20.0,0.0,0,0.0,0.0,20.0,0.0,0,0.0,0.0,10.0,0.0,0,0.0,0.0,10.0,0.0,0,0.0,0.0,10.0,0.0,0,0.0,1.0,10.0,0.0,0
2026-03-23 16:39:08,3285.98,0.0,1.0,20.0,0.0,0,0.0,0.0,20.0,0.0,0,0.0,0.0,10.0,0.0,0,0.0,0.0,10.0,0.0,0,0.0,0.0,10.0,0.0,0,0.0,1.0,10.0,0.0,0
2026-03-23 16:39:09,3286.74,0.0,1.0,20.0,0.0,0,0.0,0.0,20.0,0.0,0,0.0,0.0,10.0,0.0,0,0.0,0.0,10.0,0.0,0,0.0,0.0,10.0,0.0,0,0.0,1.0,10.0,0.0,0
2026-03-23 16:39:09,3287.48,0.0,1.0,20.0,0.0,0,0.0,0.0,20.0,0.0,0,0.0,0.0,10.0,0.0,0,0.0,0.0,10.0,0.0,0,0.0,0.0,10.0,0.0,0,0.0,1.0,10.0,0.0,0
2026-03-23 16:39:10,3288.26,0.0,1.0,20.0,0.0,0,0.0,0.0,20.0,0.0,0,0.0,0.0,10.0,0.0,0,0.0,0.0,10.0,0.0,0,0.0,0.0,10.0,0.0,0,0.0,1.0,10.0,0.0,0
2026-03-23 16:39:11,3289.03,0.0,1.0,20.0,0.0,0,0.0,0.0,20.0,0.0,0,0.0,0.0,10.0,0.0,0,0.0,0.0,10.0,0.0,0,0.0,0.0,10.0,0.0,0,0.0,1.0,10.0,0.0,0
2026-03-23 16:39:12,3289.75,0.0,1.0,20.0,0.0,0,0.0,0.0,20.0,0.0,0,0.0,0.0,10.0,0.0,0,0.0,0.0,10.0,0.0,0,0.0,0.0,10.0,0.0,0,0.0,1.0,10.0,0.0,0
2026-03-23 16:39:12,3290.49,0.0,1.0,20.0,0.0,0,0.0,0.0,20.0,0.0,0,0.0,0.0,10.0,0.0,0,0.0,0.0,10.0,0.0,0,0.0,0.0,10.0,0.0,0,0.0,1.0,10.0,0.0,0
2026-03-23 16:39:13,3291.22,0.0,1.0,20.0,0.0,0,0.0,0.0,20.0,0.0,0,0.0,0.0,10.0,0.0,0,0.0,0.0,10.0,0.0,0,0.0,0.0,10.0,0.0,0,0.0,1.0,10.0,0.0,0
2026-03-23 16:39:14,3291.99,0.0,1.0,20.0,0.0,0,0.0,0.0,20.0,0.0,0,0.0,0.0,10.0,0.0,0,0.0,0.0,10.0,0.0,0,0.0,0.0,10.0,0.0,0,0.0,1.0,10.0,0.0,0
2026-03-23 16:39:15,3292.75,0.0,1.0,20.0,0.0,0,0.0,0.0,20.0,0.0,0,0.0,0.0,10.0,0.0,0,0.0,0.0,10.0,0.0,0,0.0,0.0,10.0,0.0,0,0.0,1.0,10.0,0.0,0
2026-03-23 16:39:15,3293.47,0.0,1.0,20.0,0.0,0,0.0,0.0,20.0,0.0,0,0.0,0.0,10.0,0.0,0,0.0,0.0,10.0,0.0,0,0.0,0.0,10.0,0.0,0,0.0,1.0,10.0,0.0,0
2026-03-23 16:39:16,3294.21,0.0,1.0,20.0,0.0,0,0.0,0.0,20.0,0.0,0,0.0,0.0,10.0,0.0,0,0.0,0.0,10.0,0.0,0,0.0,0.0,10.0,0.0,0,0.0,1.0,10.0,0.0,0
2026-03-23 16:39:17,3294.96,0.0,1.0,20.0,0.0,0,0.0,0.0,20.0,0.0,0,0.0,0.0,10.0,0.0,0,0.0,0.0,10.0,0.0,0,0.0,0.0,10.0,0.0,0,0.0,1.0,10.0,0.0,0
2026-03-23 16:39:18,3295.73,0.0,1.0,20.0,0.0,0,0.0,0.0,20.0,0.0,0,0.0,0.0,10.0,0.0,0,0.0,0.0,10.0,0.0,0,0.0,0.0,10.0,0.0,0,0.0,1.0,10.0,0.0,0
2026-03-23 16:39:18,3296.49,0.0,1.0,20.0,0.0,0,0.0,0.0,20.0,0.0,0,0.0,0.0,10.0,0.0,0,0.0,0.0,10.0,0.0,0,0.0,0.0,10.0,0.0,0,0.0,1.0,10.0,0.0,0
2026-03-23 16:39:19,3297.32,0.0,1.0,20.0,0.0,0,0.0,0.0,20.0,0.0,0,0.0,0.0,10.0,0.0,0,0.0,0.0,10.0,0.0,0,0.0,0.0,10.0,0.0,0,0.0,1.0,10.0,0.0,0
2026-03-23 16:39:20,3298.09,0.0,1.0,20.0,0.0,0,0.0,0.0,20.0,0.0,0,0.0,0.0,10.0,0.0,0,0.0,0.0,10.0,0.0,0,0.0,0.0,10.0,0.0,0,0.0,1.0,10.0,0.0,0
2026-03-23 16:39:21,3298.85,0.0,1.0,20.0,0.0,0,0.0,0.0,20.0,0.0,0,0.0,0.0,10.0,0.0,0,0.0,0.0,10.0,0.0,0,0.0,0.0,10.0,0.0,0,0.0,1.0,10.0,0.0,0
2026-03-23 16:39:21,3299.61,0.0,1.0,20.0,0.0,0,0.0,0.0,20.0,0.0,0,0.0,0.0,10.0,0.0,0,0.0,0.0,10.0,0.0,0,0.0,0.0,10.0,0.0,0,0.0,1.0,10.0,0.0,0
2026-03-23 16:39:22,3300.37,0.0,1.0,20.0,0.0,0,0.0,0.0,20.0,0.0,0,0.0,0.0,10.0,0.0,0,0.0,0.0,10.0,0.0,0,0.0,0.0,10.0,0.0,0,0.0,1.0,10.0,0.0,0
2026-03-23 16:39:23,3301.12,0.0,1.0,20.0,0.0,0,0.0,0.0,20.0,0.0,0,0.0,0.0,10.0,0.0,0,0.0,0.0,10.0,0.0,0,0.0,0.0,10.0,0.0,0,0.0,1.0,10.0,0.0,0
2026-03-23 16:39:24,3301.88,0.0,1.0,20.0,0.0,0,0.0,0.0,20.0,0.0,0,0.0,0.0,10.0,0.0,0,0.0,0.0,10.0,0.0,0,0.0,0.0,10.0,0.0,0,0.0,1.0,10.0,0.0,0
2026-03-23 16:39:24,3302.64,0.0,1.0,20.0,0.0,0,0.0,0.0,20.0,0.0,0,0.0,0.0,10.0,0.0,0,0.0,0.0,10.0,0.0,0,0.0,0.0,10.0,0.0,0,0.0,1.0,10.0,0.0,0
